time_utc,0.0250,0.0300,0.0350,0.0400,0.0450,0.0500,0.0550,0.0600,0.0650,0.0700,0.0750,0.0800,0.0850,0.0900,0.0950,0.1010,0.1100,0.1200,0.1300,0.1400,0.1500,0.1600,0.1700,0.1800,0.1900,0.2000,0.2100,0.2200,0.2300,0.2400,0.2500,0.2600,0.2700,0.2800,0.2900,0.3000,0.3100,0.3200,0.3300,0.3400,0.3500,0.3600,0.3700,0.3800,0.3900,0.4000,0.4100,0.4200,0.4300,0.4400,0.4500,0.4600,0.4700,0.4800,0.4900,0.5000,0.5100,0.5200,0.5300,0.5400,0.5500,0.5600,0.5700,0.5800
2026-08-04T00:00:00Z,0,0,0,0,0,0.011,0.067,0.322,0.189,0.333,0.622,1.11,0.322,0.366,0.511,0.555,0.4,0.377,0.244,0.222,0.211,0.266,0.2,0.2,0.189,0.211,0.144,0.111,0.133,0.1,0.1,0.1,0.089,0.089,0.044,0.044,0.033,0.011,0.033,0.044,0.033,0.033,0.033,0.011,0.022,0.022,0.022,0.022,0.022,0.011,0.011,0.011,0.011,0.011,0.011,0.011,0,0.011,0,0.011,0.011,0,0,0.011
2026-08-04T01:00:00Z,0,0,0,0,0,0.008,0.07,0.41,0.17,0.317,0.657,0.487,0.394,0.193,0.773,0.502,0.402,0.41,0.317,0.209,0.155,0.178,0.186,0.193,0.186,0.139,0.085,0.077,0.077,0.077,0.108,0.054,0.062,0.046,0.054,0.046,0.023,0.031,0.023,0.031,0.031,0.031,0.015,0.008,0.015,0.015,0.015,0.015,0.008,0.015,0.008,0.015,0.008,0.015,0.008,0.008,0.008,0.008,0.008,0.008,0.008,0.008,0.008,0
2026-08-04T02:00:00Z,0,0,0,0,0,0.01,0.143,0.133,0.448,0.181,0.772,0.953,0.362,0.543,0.295,0.486,0.572,0.391,0.267,0.324,0.257,0.152,0.191,0.181,0.105,0.114,0.086,0.086,0.105,0.124,0.057,0.048,0.029,0.038,0.029,0.048,0.029,0.029,0.029,0.029,0.048,0.019,0.029,0.019,0.019,0.01,0.019,0.01,0.01,0,0,0.01,0.01,0.01,0.01,0.01,0,0.01,0,0,0,0,0.01,0
2026-08-04T03:00:00Z,0,0,0,0,0,0.01,0.059,0.255,0.314,0.314,0.766,0.982,0.52,0.442,0.344,0.216,0.354,0.255,0.383,0.187,0.275,0.236,0.147,0.167,0.157,0.196,0.157,0.088,0.079,0.098,0.088,0.069,0.059,0.049,0.02,0.029,0.02,0.02,0.029,0.029,0.02,0.02,0.02,0.02,0.02,0.02,0.02,0.01,0.01,0.01,0.01,0.01,0.01,0.01,0.01,0.01,0.01,0.01,0.01,0.01,0,0,0,0.01
2026-08-04T04:00:00Z,0,0,0,0,0,0.01,0.063,0.178,0.447,0.342,0.467,0.481,0.322,0.346,0.24,0.38,0.202,0.212,0.327,0.197,0.231,0.231,0.207,0.149,0.159,0.139,0.13,0.087,0.125,0.072,0.063,0.048,0.043,0.053,0.034,0.048,0.043,0.029,0.029,0.024,0.024,0.014,0.014,0.01,0.019,0.014,0.01,0.01,0.005,0.01,0.005,0.01,0.01,0.005,0.005,0.005,0.005,0.005,0.005,0.005,0.005,0.005,0,0
2026-08-04T05:00:00Z,0,0,0,0,0,0.008,0.063,0.392,0.251,0.204,0.51,0.784,0.188,0.321,0.133,0.298,0.235,0.227,0.235,0.235,0.368,0.196,0.141,0.204,0.149,0.118,0.094,0.094,0.102,0.071,0.063,0.063,0.055,0.063,0.031,0.031,0.039,0.016,0.016,0.024,0.031,0.024,0.008,0.016,0.008,0.008,0.016,0.008,0,0.008,0.008,0.008,0.008,0,0,0.008,0,0.008,0,0.008,0,0,0,0
2026-08-04T06:00:00Z,0,0,0,0,0,0,0.068,0.205,0.285,0.353,0.661,1.14,0.422,0.422,0.137,0.331,0.114,0.137,0.114,0.171,0.205,0.194,0.125,0.194,0.205,0.16,0.125,0.114,0.08,0.057,0.046,0.034,0.068,0.034,0.034,0.034,0.034,0.023,0.023,0.011,0.011,0.011,0.011,0.011,0,0.011,0.011,0,0,0,0,0,0,0,0,0,0,0,0,0,0,0,0,0
2026-08-04T07:00:00Z,0,0,0,0,0,0.011,0.053,0.218,0.419,0.531,0.366,0.483,0.313,0.43,0.393,0.276,0.191,0.159,0.191,0.117,0.149,0.196,0.149,0.223,0.159,0.127,0.117,0.112,0.127,0.09,0.085,0.069,0.048,0.048,0.037,0.048,0.021,0.027,0.016,0.016,0.016,0.016,0.011,0.016,0.005,0.005,0.005,0.005,0,0.005,0.005,0,0,0,0,0,0,0,0,0,0,0,0,0
2026-08-04T08:00:00Z,0,0,0,0,0.007,0.007,0.086,0.214,0.542,0.656,0.713,0.699,0.499,0.699,0.442,0.321,0.271,0.314,0.278,0.128,0.128,0.15,0.178,0.157,0.15,0.193,0.114,0.107,0.114,0.1,0.071,0.078,0.057,0.043,0.043,0.021,0.029,0.021,0.007,0.014,0.014,0.014,0.007,0.007,0.007,0.007,0.007,0,0,0,0,0,0,0,0,0,0,0,0,0,0,0,0,0
2026-08-04T09:00:00Z,0,0,0,0,0,0.007,0.083,0.386,0.634,0.386,0.241,0.689,0.262,0.282,0.262,0.103,0.165,0.234,0.2,0.179,0.193,0.234,0.145,0.131,0.158,0.158,0.172,0.172,0.11,0.11,0.076,0.048,0.062,0.048,0.041,0.021,0.034,0.028,0.014,0.014,0.014,0.007,0.014,0.007,0.007,0.007,0.007,0,0,0.007,0,0,0,0,0,0,0,0,0,0,0,0,0,0
2026-08-04T10:00:00Z,0,0,0,0,0.007,0.015,0.059,0.349,0.408,0.275,0.534,0.742,0.453,0.326,0.638,0.275,0.163,0.178,0.215,0.2,0.193,0.185,0.148,0.223,0.193,0.163,0.237,0.193,0.148,0.126,0.111,0.074,0.045,0.03,0.03,0.037,0.037,0.015,0.007,0.007,0.007,0.007,0.007,0.015,0.007,0.007,0,0,0,0,0,0,0,0,0,0,0,0,0,0,0,0,0,0
2026-08-04T11:00:00Z,0,0,0,0,0.006,0.006,0.047,0.14,0.409,0.584,0.438,0.461,0.543,0.508,0.496,0.315,0.204,0.181,0.292,0.199,0.175,0.234,0.257,0.321,0.204,0.216,0.146,0.14,0.128,0.128,0.088,0.088,0.07,0.058,0.053,0.047,0.041,0.023,0.029,0.012,0.012,0.012,0.012,0.006,0.006,0.006,0.006,0.006,0,0,0,0,0,0,0,0,0,0,0,0,0,0,0,0
2026-08-04T12:00:00Z,0,0,0,0,0,0.006,0.037,0.214,0.312,0.403,0.324,0.611,0.269,0.538,0.55,0.318,0.165,0.122,0.122,0.238,0.269,0.208,0.116,0.214,0.208,0.196,0.159,0.226,0.134,0.079,0.086,0.116,0.11,0.067,0.024,0.024,0.037,0.037,0.018,0.018,0.012,0.012,0.012,0.006,0.012,0.006,0.012,0.006,0.006,0,0,0,0,0,0,0,0,0,0,0,0,0,0,0
2026-08-04T13:00:00Z,0,0,0,0,0,0.012,0.042,0.089,0.572,0.596,0.548,0.536,0.399,0.292,0.131,0.191,0.173,0.149,0.143,0.161,0.167,0.262,0.256,0.304,0.274,0.244,0.167,0.191,0.226,0.173,0.113,0.072,0.06,0.042,0.054,0.036,0.042,0.036,0.042,0.012,0.012,0.012,0.012,0.012,0.012,0.006,0.006,0.006,0.006,0.006,0.006,0,0,0,0,0,0,0,0,0,0,0,0,0
2026-08-04T14:00:00Z,0,0,0,0,0,0.008,0.04,0.166,0.562,0.792,0.729,0.737,0.467,0.341,0.38,0.135,0.19,0.23,0.253,0.293,0.253,0.341,0.285,0.214,0.19,0.182,0.127,0.166,0.135,0.119,0.206,0.111,0.071,0.063,0.071,0.055,0.055,0.024,0.016,0.024,0.016,0.024,0.008,0.016,0.008,0.008,0.008,0.008,0.008,0,0,0,0,0,0,0,0,0,0,0,0,0,0,0
2026-08-04T15:00:00Z,0,0,0,0,0,0.009,0.036,0.227,0.653,0.354,0.417,0.907,0.58,0.19,0.163,0.263,0.209,0.236,0.2,0.19,0.29,0.218,0.299,0.245,0.444,0.209,0.218,0.218,0.172,0.109,0.118,0.082,0.073,0.063,0.054,0.027,0.018,0.027,0.018,0.009,0.018,0.009,0.009,0.018,0.018,0.009,0.009,0.009,0,0.009,0.009,0,0,0,0,0,0,0,0,0,0,0,0,0
2026-08-04T16:00:00Z,0,0,0,0,0,0.008,0.042,0.3,0.333,0.758,0.833,0.342,0.35,0.242,0.192,0.275,0.15,0.217,0.183,0.15,0.283,0.25,0.283,0.3,0.275,0.225,0.133,0.133,0.117,0.108,0.075,0.075,0.05,0.042,0.058,0.042,0.042,0.025,0.025,0.025,0.017,0.017,0.008,0.008,0.008,0.008,0.008,0.008,0.008,0.008,0,0,0,0,0,0,0,0,0,0,0,0,0,0
2026-08-04T17:00:00Z,0,0,0,0,0,0.01,0.03,0.151,0.232,0.687,0.545,1.01,0.394,0.364,0.182,0.283,0.253,0.141,0.162,0.182,0.151,0.141,0.343,0.222,0.323,0.303,0.182,0.131,0.151,0.111,0.101,0.081,0.061,0.061,0.071,0.051,0.03,0.02,0.02,0.02,0.02,0.01,0.01,0.01,0.01,0.01,0,0,0,0,0,0.01,0,0.01,0,0,0,0,0,0,0,0,0,0
2026-08-04T18:00:00Z,0,0,0,0,0,0.01,0.059,0.235,0.704,0.978,0.704,0.587,0.518,0.391,0.264,0.166,0.244,0.244,0.235,0.196,0.215,0.235,0.342,0.303,0.215,0.235,0.225,0.156,0.147,0.108,0.098,0.088,0.068,0.068,0.029,0.039,0.039,0.02,0.01,0.02,0.02,0.02,0.02,0.01,0.01,0.01,0,0.01,0,0,0,0,0,0,0,0,0,0,0,0,0,0,0,0
2026-08-04T19:00:00Z,0,0,0,0,0,0,0.022,0.269,0.589,0.746,0.291,0.44,0.604,0.216,0.082,0.269,0.157,0.224,0.179,0.179,0.164,0.194,0.336,0.276,0.231,0.201,0.127,0.142,0.194,0.09,0.09,0.082,0.06,0.052,0.037,0.052,0.022,0.03,0.03,0.022,0.022,0.015,0.007,0.007,0.007,0.007,0.007,0.007,0.007,0,0.007,0.007,0.007,0.007,0.007,0.007,0,0,0,0,0,0,0,0
2026-08-04T20:00:00Z,0,0,0,0,0,0.008,0.008,0.132,0.511,0.487,0.487,0.825,0.8,0.388,0.157,0.231,0.297,0.256,0.198,0.157,0.239,0.239,0.281,0.346,0.181,0.173,0.116,0.157,0.091,0.083,0.091,0.074,0.058,0.041,0.058,0.049,0.033,0.025,0.017,0.025,0.033,0.017,0.017,0.017,0.017,0.008,0.008,0.008,0.008,0.008,0.008,0.008,0.008,0.008,0.017,0.008,0.017,0.017,0.017,0.008,0.008,0.008,0.008,0
2026-08-04T21:00:00Z,0,0,0,0,0,0.008,0.033,0.067,0.276,0.745,0.686,0.837,0.569,0.427,0.285,0.285,0.285,0.268,0.318,0.276,0.452,0.251,0.234,0.326,0.36,0.176,0.176,0.151,0.126,0.1,0.092,0.059,0.075,0.059,0.05,0.075,0.05,0.017,0.042,0.017,0.017,0.025,0.025,0.017,0.008,0.008,0.017,0.008,0.008,0.008,0.008,0.017,0.008,0.017,0.017,0.017,0.008,0.017,0.008,0.008,0.008,0.008,0.008,0.008
2026-08-04T22:00:00Z,0,0,0,0,0,0.007,0.015,0.102,0.424,0.731,0.424,0.38,0.504,0.526,0.322,0.358,0.205,0.249,0.219,0.212,0.285,0.322,0.314,0.307,0.322,0.285,0.168,0.139,0.132,0.102,0.088,0.073,0.058,0.037,0.051,0.051,0.044,0.029,0.022,0.022,0.022,0.022,0.022,0.015,0.007,0.015,0.015,0.015,0.015,0.007,0.015,0.007,0.022,0.015,0.015,0.015,0.007,0.007,0.007,0.015,0.007,0.007,0.007,0.007
2026-08-04T23:00:00Z,0,0,0,0,0,0,0.016,0.201,0.426,0.45,0.563,0.804,0.249,0.587,0.474,0.531,0.177,0.169,0.185,0.233,0.169,0.201,0.273,0.289,0.209,0.201,0.161,0.169,0.129,0.096,0.105,0.072,0.064,0.056,0.04,0.048,0.04,0.032,0.024,0.032,0.024,0.024,0.016,0.008,0.032,0.024,0.024,0.016,0.016,0.016,0.016,0.008,0.008,0.008,0.008,0.016,0.016,0.008,0.008,0.008,0.008,0.008,0.008,0.008
2026-08-05T00:00:00Z,0,0,0,0,0,0,0.021,0.175,0.227,0.67,1.03,0.453,0.371,0.237,0.196,0.144,0.227,0.165,0.227,0.33,0.185,0.268,0.185,0.227,0.216,0.196,0.154,0.175,0.113,0.124,0.103,0.093,0.082,0.052,0.041,0.031,0.052,0.031,0.021,0.021,0.021,0.01,0.021,0.021,0.01,0.01,0.01,0.01,0.01,0.01,0.01,0.01,0,0,0.01,0,0,0,0,0,0,0,0,0
2026-08-05T01:00:00Z,0,0,0,0,0,0.007,0.035,0.139,0.216,0.599,0.696,0.578,0.362,0.32,0.376,0.195,0.202,0.278,0.223,0.167,0.146,0.174,0.195,0.209,0.223,0.146,0.132,0.111,0.104,0.084,0.084,0.056,0.049,0.035,0.042,0.049,0.028,0.028,0.021,0.028,0.021,0.028,0.014,0.021,0.021,0.014,0.014,0.007,0.007,0.014,0.014,0.007,0.014,0.007,0.007,0.007,0.007,0.007,0.007,0.007,0.007,0,0,0
2026-08-05T02:00:00Z,0,0,0,0,0,0.008,0.03,0.121,0.189,0.611,0.754,0.52,0.505,0.151,0.219,0.309,0.113,0.106,0.121,0.189,0.143,0.113,0.151,0.113,0.113,0.158,0.143,0.143,0.098,0.106,0.053,0.045,0.045,0.045,0.03,0.03,0.015,0.03,0.023,0.023,0.023,0.023,0.015,0.015,0.015,0.015,0.008,0.015,0.008,0.008,0.008,0.008,0.008,0.008,0.008,0.008,0.015,0.008,0,0,0.008,0.008,0.008,0.008
2026-08-05T03:00:00Z,0,0,0,0,0,0,0.011,0.222,0.366,1.11,0.677,0.799,0.255,0.278,0.155,0.111,0.1,0.111,0.111,0.1,0.122,0.122,0.144,0.122,0.1,0.111,0.1,0.078,0.044,0.056,0.078,0.056,0.033,0.033,0.067,0.022,0.033,0.044,0.033,0.022,0.022,0.022,0.011,0.011,0.011,0.011,0,0,0.011,0.011,0,0,0.011,0,0.011,0,0.011,0,0,0,0,0,0,0
2026-08-05T04:00:00Z,0,0,0,0,0,0.006,0.019,0.193,0.486,0.561,0.573,0.623,0.561,0.212,0.125,0.181,0.125,0.069,0.081,0.087,0.125,0.062,0.137,0.112,0.069,0.075,0.106,0.081,0.087,0.056,0.056,0.069,0.044,0.044,0.031,0.037,0.05,0.025,0.037,0.025,0.025,0.012,0.019,0.019,0.019,0.019,0.012,0.012,0.012,0.012,0.012,0.012,0.006,0.012,0.006,0.006,0.012,0.006,0.006,0.006,0.006,0.006,0.012,0.006
2026-08-05T05:00:00Z,0,0,0,0,0,0,0,0.128,0.385,0.395,0.592,0.987,0.523,0.128,0.296,0.109,0.178,0.109,0.118,0.118,0.118,0.079,0.039,0.059,0.089,0.059,0.049,0.059,0.059,0.079,0.049,0.03,0.039,0.03,0.03,0.02,0.02,0.02,0.02,0.02,0.01,0.01,0.02,0.01,0,0.01,0,0.01,0,0.01,0.01,0,0,0,0,0.01,0,0,0,0.01,0,0,0.01,0.01
2026-08-05T06:00:00Z,0,0,0,0,0,0,0.011,0.102,0.214,0.536,0.477,0.397,0.247,0.316,0.177,0.177,0.096,0.118,0.059,0.086,0.091,0.086,0.102,0.08,0.08,0.107,0.091,0.086,0.048,0.048,0.027,0.038,0.032,0.043,0.048,0.016,0.016,0.011,0.021,0.016,0.016,0.016,0.011,0.005,0.011,0.011,0.011,0.011,0.005,0.005,0.005,0.005,0.005,0.011,0.005,0.005,0,0.011,0.005,0.005,0.005,0,0.005,0.005
2026-08-05T07:00:00Z,0,0,0,0,0,0.006,0.012,0.062,0.372,0.484,0.62,0.298,0.198,0.248,0.477,0.112,0.118,0.112,0.143,0.155,0.124,0.068,0.062,0.056,0.074,0.056,0.068,0.081,0.074,0.068,0.056,0.05,0.043,0.031,0.037,0.019,0.019,0.012,0.019,0.012,0.012,0.006,0.012,0.006,0.006,0.006,0.012,0.012,0.006,0.006,0.006,0.006,0.006,0.006,0.006,0.006,0.006,0.006,0.006,0.006,0.006,0.006,0.006,0.006
2026-08-05T08:00:00Z,0,0,0,0,0.007,0.007,0.014,0.076,0.276,0.689,0.572,0.524,0.544,0.427,0.248,0.145,0.214,0.152,0.138,0.165,0.158,0.172,0.165,0.11,0.11,0.131,0.138,0.076,0.083,0.069,0.034,0.028,0.021,0.021,0.021,0.021,0.021,0.021,0.021,0.014,0.014,0.007,0.007,0.007,0.007,0.007,0.007,0.007,0.007,0.014,0.007,0.007,0.007,0.007,0,0,0.007,0.007,0.007,0.007,0.007,0.007,0,0.007
2026-08-05T09:00:00Z,0,0,0,0,0,0.01,0.01,0.144,0.431,0.958,0.239,0.441,0.757,0.211,0.163,0.192,0.144,0.163,0.182,0.153,0.115,0.115,0.153,0.134,0.144,0.125,0.153,0.105,0.105,0.067,0.086,0.048,0.048,0.038,0.01,0.019,0.019,0.01,0.01,0.019,0.019,0.01,0.01,0,0.01,0,0,0,0.01,0.01,0.01,0,0,0,0,0,0,0,0,0,0,0,0,0
2026-08-05T10:00:00Z,0,0,0,0,0.006,0,0.012,0.074,0.276,0.387,0.614,0.497,0.301,0.295,0.381,0.123,0.153,0.215,0.172,0.147,0.111,0.117,0.184,0.153,0.16,0.16,0.172,0.129,0.233,0.16,0.123,0.08,0.049,0.049,0.031,0.037,0.025,0.018,0.018,0.012,0.018,0.012,0.012,0.006,0.012,0.012,0.006,0.006,0.006,0.006,0,0.006,0,0,0,0,0,0,0,0,0,0,0,0
2026-08-05T11:00:00Z,0,0,0,0,0,0.007,0.014,0.074,0.358,0.675,0.439,0.385,0.628,0.493,0.182,0.128,0.135,0.135,0.182,0.162,0.115,0.176,0.149,0.108,0.115,0.176,0.203,0.176,0.162,0.162,0.108,0.088,0.054,0.047,0.041,0.041,0.034,0.014,0.014,0.014,0.007,0.014,0.007,0.007,0.007,0.007,0.007,0.007,0.007,0,0,0,0,0,0,0,0,0,0,0,0,0,0,0
2026-08-05T12:00:00Z,0,0,0,0,0,0,0.025,0.076,0.368,0.584,1.27,0.457,0.483,0.102,0.305,0.191,0.127,0.165,0.216,0.178,0.178,0.152,0.127,0.191,0.102,0.102,0.165,0.102,0.152,0.102,0.127,0.064,0.076,0.064,0.025,0.025,0.038,0.025,0.025,0.013,0.013,0.013,0,0,0,0,0,0,0,0,0,0,0,0,0,0,0,0,0,0,0,0,0,0
2026-08-05T13:00:00Z,0,0,0,0,0,0,0.011,0.132,0.253,0.847,1.1,0.561,0.363,0.418,0.198,0.143,0.165,0.154,0.165,0.154,0.121,0.132,0.121,0.143,0.176,0.176,0.154,0.165,0.22,0.154,0.11,0.066,0.033,0.033,0.033,0.033,0.022,0.011,0.011,0.022,0.011,0,0.011,0,0,0,0,0,0,0,0,0,0,0,0,0,0,0,0,0,0,0,0,0
2026-08-05T14:00:00Z,0,0,0,0,0.014,0,0.014,0.069,0.152,1.38,0.538,1.104,0.483,0.469,0.193,0.152,0.207,0.138,0.166,0.152,0.221,0.166,0.193,0.069,0.124,0.193,0.166,0.11,0.11,0.124,0.11,0.097,0.069,0.041,0.028,0.028,0.028,0.014,0.028,0.014,0.014,0,0,0,0,0,0,0,0,0,0,0,0,0,0,0,0,0,0,0,0,0,0,0
2026-08-05T15:00:00Z,0,0,0,0,0,0,0.021,0.073,0.281,1.04,0.686,0.53,0.53,0.354,0.156,0.135,0.146,0.146,0.156,0.146,0.156,0.229,0.291,0.229,0.166,0.114,0.083,0.156,0.094,0.062,0.094,0.073,0.062,0.042,0.021,0.031,0.01,0.021,0.031,0.021,0.01,0.01,0.01,0.01,0,0.01,0.01,0.01,0,0,0,0,0,0,0,0,0,0,0,0,0,0,0,0
2026-08-05T16:00:00Z,0,0,0,0,0.007,0.007,0.021,0.119,0.273,0.322,0.699,0.377,0.482,0.489,0.133,0.091,0.238,0.196,0.175,0.147,0.119,0.098,0.119,0.126,0.133,0.189,0.175,0.14,0.098,0.084,0.084,0.112,0.07,0.042,0.035,0.028,0.028,0.028,0.028,0.028,0.021,0.014,0.014,0.021,0.007,0.007,0.014,0.014,0.014,0.007,0.007,0.007,0.007,0,0.007,0,0.007,0,0,0,0,0,0,0
2026-08-05T17:00:00Z,0,0,0,0,0.01,0.01,0.02,0.069,0.503,0.434,0.878,0.987,0.632,0.247,0.089,0.089,0.128,0.168,0.138,0.128,0.109,0.188,0.168,0.138,0.158,0.178,0.168,0.128,0.138,0.128,0.109,0.128,0.049,0.049,0.03,0.03,0.03,0.03,0.03,0.02,0.01,0.02,0.01,0.01,0.01,0.01,0.01,0.01,0.01,0.01,0.01,0.01,0.01,0,0,0,0.01,0,0,0,0,0,0,0
2026-08-05T18:00:00Z,0,0,0,0,0,0.009,0.009,0.065,0.214,0.53,0.93,0.53,0.66,0.474,0.251,0.288,0.177,0.065,0.093,0.149,0.084,0.112,0.13,0.149,0.158,0.195,0.093,0.167,0.167,0.093,0.065,0.065,0.074,0.056,0.056,0.047,0.028,0.028,0.028,0.019,0.019,0.009,0.019,0.009,0.009,0.009,0.009,0.009,0.009,0.009,0.009,0.009,0,0.009,0,0,0,0,0,0,0,0,0,0
2026-08-05T19:00:00Z,0,0,0,0,0.012,0,0.012,0.035,0.302,0.406,1.16,0.615,0.731,0.151,0.093,0.232,0.209,0.197,0.162,0.116,0.128,0.186,0.139,0.116,0.116,0.104,0.128,0.244,0.174,0.128,0.07,0.058,0.046,0.058,0.07,0.035,0.035,0.035,0.012,0.023,0.012,0.012,0.012,0.012,0.012,0.012,0.012,0.012,0,0,0.012,0.012,0.012,0,0,0,0,0,0,0,0,0,0,0
2026-08-05T20:00:00Z,0,0,0,0,0.013,0.006,0.013,0.071,0.233,0.258,0.646,0.588,0.317,0.317,0.207,0.174,0.142,0.136,0.136,0.187,0.136,0.103,0.136,0.123,0.136,0.103,0.142,0.174,0.123,0.097,0.065,0.071,0.058,0.052,0.052,0.039,0.026,0.026,0.026,0.026,0.019,0.019,0.013,0.013,0.013,0.013,0.006,0.013,0.006,0.006,0,0.013,0.006,0.006,0.006,0,0,0.006,0.006,0,0,0.006,0,0
2026-08-05T21:00:00Z,0,0,0,0,0,0,0.012,0.081,0.302,0.255,1.009,1.16,0.418,0.36,0.336,0.093,0.116,0.162,0.139,0.093,0.116,0.093,0.174,0.116,0.093,0.104,0.174,0.186,0.116,0.07,0.058,0.093,0.058,0.046,0.023,0.035,0.023,0.023,0.023,0.023,0.035,0.012,0,0,0.012,0,0,0.012,0.012,0.012,0.012,0.012,0.012,0.012,0.012,0.012,0.012,0.012,0.012,0.012,0.012,0.012,0.012,0.012
2026-08-05T22:00:00Z,0,0,0,0,0.008,0.016,0.016,0.041,0.155,0.22,0.734,0.816,0.612,0.245,0.139,0.302,0.114,0.147,0.131,0.131,0.106,0.155,0.114,0.098,0.122,0.122,0.106,0.106,0.122,0.106,0.065,0.073,0.057,0.049,0.041,0.033,0.033,0.016,0.016,0.016,0.016,0.016,0.016,0.033,0.016,0.016,0.033,0.024,0.024,0.033,0.033,0.024,0.016,0.033,0.024,0.016,0.016,0.008,0.016,0.008,0.008,0.008,0.008,0.008
2026-08-05T23:00:00Z,0,0,0,0,0,0.021,0.021,0.042,0.239,0.447,1.04,0.343,0.364,0.166,0.218,0.104,0.166,0.094,0.135,0.114,0.146,0.125,0.125,0.125,0.146,0.104,0.083,0.135,0.104,0.083,0.104,0.094,0.062,0.073,0.042,0.042,0.042,0.042,0.031,0.042,0.052,0.052,0.052,0.042,0.042,0.052,0.042,0.031,0.042,0.031,0.031,0.031,0.021,0.01,0.021,0.021,0.021,0.01,0.01,0.01,0.01,0.01,0.01,0
2026-08-06T00:00:00Z,0,0,0,0,0.005,0.015,0.02,0.029,0.229,0.337,0.205,0.488,0.21,0.195,0.161,0.215,0.142,0.22,0.185,0.132,0.142,0.107,0.137,0.117,0.137,0.117,0.112,0.137,0.122,0.205,0.137,0.102,0.063,0.059,0.059,0.059,0.054,0.068,0.063,0.068,0.073,0.073,0.059,0.073,0.034,0.024,0.044,0.029,0.029,0.024,0.015,0.024,0.034,0.02,0.01,0.015,0.015,0.01,0.01,0.015,0.015,0.015,0.02,0.015
2026-08-06T01:00:00Z,0,0,0,0,0.017,0.017,0.006,0.068,0.147,0.564,0.214,0.429,0.214,0.254,0.152,0.118,0.118,0.102,0.152,0.102,0.113,0.13,0.135,0.124,0.135,0.175,0.231,0.203,0.169,0.118,0.096,0.141,0.085,0.107,0.107,0.124,0.073,0.102,0.039,0.051,0.079,0.056,0.045,0.045,0.039,0.028,0.028,0.017,0.023,0.017,0.017,0.017,0.017,0.011,0.011,0.017,0.011,0.011,0.006,0.006,0.011,0.011,0.011,0.011
2026-08-06T02:00:00Z,0,0,0,0,0,0,0,0.109,0.218,0.387,0.992,0.615,0.526,0.268,0.308,0.099,0.179,0.099,0.099,0.169,0.169,0.119,0.079,0.099,0.099,0.089,0.099,0.099,0.109,0.099,0.099,0.129,0.05,0.06,0.079,0.079,0.05,0.069,0.069,0.06,0.06,0.06,0.04,0.02,0.03,0.04,0.03,0.02,0.01,0.01,0.01,0.01,0.01,0.01,0.01,0.01,0,0,0.01,0.01,0.01,0,0,0
2026-08-06T03:00:00Z,0,0,0,0,0.01,0.01,0.014,0.067,0.153,0.306,0.454,0.478,0.468,0.296,0.315,0.139,0.119,0.115,0.091,0.115,0.158,0.091,0.081,0.11,0.072,0.1,0.076,0.134,0.115,0.091,0.1,0.1,0.115,0.1,0.091,0.1,0.062,0.062,0.091,0.057,0.038,0.053,0.029,0.024,0.029,0.029,0.024,0.024,0.019,0.014,0.01,0.01,0.014,0.014,0.014,0.014,0.01,0.01,0.005,0.005,0.01,0.014,0.005,0.005
2026-08-06T04:00:00Z,0,0,0,0,0.006,0.018,0.012,0.047,0.277,0.147,0.59,0.531,0.549,0.325,0.177,0.083,0.118,0.088,0.094,0.094,0.1,0.094,0.112,0.071,0.112,0.094,0.136,0.106,0.142,0.083,0.1,0.083,0.094,0.088,0.136,0.077,0.083,0.071,0.077,0.035,0.059,0.041,0.035,0.024,0.012,0.018,0.024,0.024,0.018,0.018,0.012,0.012,0.012,0.012,0.012,0.006,0.006,0.006,0.012,0.006,0.006,0.006,0.006,0.006
2026-08-06T05:00:00Z,0,0,0,0,0.006,0.026,0.013,0.045,0.253,0.552,0.649,0.513,0.136,0.266,0.084,0.13,0.11,0.084,0.11,0.052,0.097,0.065,0.104,0.097,0.058,0.104,0.097,0.104,0.071,0.071,0.084,0.11,0.084,0.078,0.084,0.091,0.084,0.078,0.071,0.058,0.058,0.032,0.019,0.019,0.013,0.019,0.013,0.013,0.013,0.013,0.006,0.006,0.006,0.006,0,0.006,0.006,0.006,0.006,0.006,0.006,0.006,0.006,0.006
2026-08-06T06:00:00Z,0,0,0,0,0.009,0.023,0.009,0.014,0.371,0.169,0.403,0.277,0.469,0.3,0.23,0.141,0.122,0.113,0.075,0.066,0.07,0.042,0.047,0.038,0.061,0.08,0.089,0.127,0.08,0.127,0.084,0.056,0.07,0.08,0.08,0.08,0.075,0.075,0.066,0.075,0.052,0.033,0.023,0.023,0.023,0.019,0.019,0.014,0.009,0.005,0.009,0.009,0.005,0.005,0.005,0.005,0.005,0.005,0.005,0.005,0.005,0.005,0.005,0.005
2026-08-06T07:00:00Z,0,0,0,0,0.008,0.016,0.023,0.156,0.133,0.554,0.71,0.78,0.39,0.257,0.25,0.125,0.086,0.07,0.078,0.062,0.055,0.047,0.07,0.07,0.07,0.047,0.062,0.047,0.07,0.101,0.086,0.047,0.094,0.055,0.062,0.039,0.039,0.039,0.039,0.023,0.023,0.039,0.031,0.031,0.031,0.023,0.016,0.016,0.008,0.008,0.008,0.008,0.008,0.008,0.008,0.008,0,0,0,0,0,0,0,0
2026-08-06T08:00:00Z,0,0,0,0,0.009,0,0.019,0.038,0.16,0.263,0.469,0.939,0.432,0.225,0.216,0.207,0.122,0.103,0.075,0.047,0.056,0.056,0.047,0.066,0.075,0.113,0.085,0.103,0.113,0.103,0.103,0.056,0.038,0.038,0.047,0.047,0.038,0.028,0.038,0.028,0.028,0.028,0.028,0.019,0.009,0.009,0.009,0.009,0.009,0.009,0.009,0,0,0,0,0,0,0,0,0,0,0,0,0
2026-08-06T09:00:00Z,0,0,0,0,0.005,0.016,0.01,0.021,0.204,0.157,0.167,0.523,0.324,0.152,0.126,0.063,0.162,0.146,0.089,0.068,0.063,0.037,0.047,0.052,0.078,0.115,0.099,0.162,0.115,0.126,0.089,0.068,0.052,0.037,0.031,0.047,0.052,0.021,0.026,0.021,0.016,0.01,0.01,0.01,0.01,0.01,0.005,0.005,0.005,0.01,0.005,0.005,0.005,0.005,0.005,0.005,0.01,0.005,0,0,0.005,0.005,0.005,0.005
2026-08-06T10:00:00Z,0,0,0,0,0.005,0.033,0.014,0.014,0.231,0.325,0.471,0.391,0.419,0.193,0.118,0.104,0.094,0.104,0.057,0.052,0.047,0.057,0.047,0.047,0.085,0.122,0.132,0.118,0.141,0.094,0.089,0.061,0.047,0.057,0.042,0.038,0.028,0.019,0.024,0.019,0.014,0.009,0.014,0.009,0.005,0.005,0.005,0.009,0.009,0.009,0.009,0.005,0.005,0.005,0.005,0.005,0.009,0.005,0.009,0.009,0.005,0.005,0.009,0.009
2026-08-06T11:00:00Z,0,0,0,0,0.007,0.067,0.022,0.045,0.186,0.582,0.746,0.582,0.395,0.313,0.119,0.149,0.09,0.112,0.075,0.06,0.06,0.075,0.06,0.052,0.112,0.157,0.254,0.157,0.157,0.112,0.119,0.075,0.06,0.045,0.022,0.022,0.022,0.015,0.015,0.007,0.007,0.015,0.007,0.007,0.007,0.007,0.007,0.007,0.007,0.007,0,0,0,0.007,0.007,0.007,0,0.007,0,0,0,0,0,0
2026-08-06T12:00:00Z,0,0,0,0,0.01,0.05,0.015,0.045,0.255,0.28,0.275,0.41,0.5,0.285,0.125,0.11,0.175,0.15,0.135,0.11,0.09,0.075,0.055,0.06,0.075,0.12,0.215,0.135,0.115,0.115,0.11,0.075,0.05,0.035,0.03,0.025,0.025,0.02,0.02,0.03,0.01,0.01,0.005,0.005,0.005,0.005,0.01,0.01,0.005,0.01,0.005,0.005,0.005,0.005,0,0.005,0.005,0.005,0.005,0.005,0.005,0.005,0,0.005
2026-08-06T13:00:00Z,0,0,0,0,0.01,0.041,0.02,0.03,0.122,0.29,0.305,0.452,0.508,0.452,0.152,0.127,0.097,0.132,0.071,0.081,0.112,0.091,0.076,0.081,0.117,0.147,0.218,0.295,0.234,0.163,0.086,0.086,0.061,0.041,0.041,0.041,0.046,0.02,0.025,0.02,0.015,0.005,0.01,0.015,0.01,0.01,0.01,0.01,0.01,0.005,0.005,0.005,0.005,0.005,0.005,0.005,0.005,0.005,0,0.005,0.005,0.005,0,0
2026-08-06T14:00:00Z,0,0,0,0,0.008,0.055,0.016,0.063,0.094,0.447,0.267,0.784,0.627,0.29,0.282,0.102,0.125,0.071,0.078,0.086,0.047,0.086,0.11,0.078,0.102,0.133,0.18,0.227,0.227,0.118,0.102,0.094,0.047,0.039,0.031,0.039,0.031,0.016,0.016,0.016,0.016,0.008,0.008,0.016,0.008,0.008,0.008,0,0.008,0.008,0,0.008,0,0,0,0,0,0,0,0,0,0,0,0
2026-08-06T15:00:00Z,0,0,0,0,0.018,0.018,0.006,0.042,0.132,0.096,0.355,0.211,0.602,0.518,0.235,0.126,0.12,0.078,0.084,0.09,0.078,0.066,0.06,0.09,0.084,0.12,0.331,0.265,0.163,0.187,0.078,0.096,0.06,0.036,0.036,0.048,0.03,0.03,0.018,0.018,0.012,0.006,0.012,0.012,0.012,0.012,0.006,0.006,0.006,0.006,0.006,0,0,0,0.006,0,0,0,0,0,0,0,0,0
2026-08-06T16:00:00Z,0,0,0,0,0.014,0.052,0.038,0.023,0.263,0.22,0.469,0.389,0.403,0.403,0.281,0.108,0.061,0.103,0.108,0.113,0.103,0.103,0.127,0.084,0.098,0.122,0.117,0.145,0.174,0.117,0.08,0.07,0.066,0.075,0.033,0.033,0.052,0.033,0.019,0.019,0.019,0.028,0.019,0.009,0.014,0.014,0.014,0.009,0.005,0.005,0.005,0.005,0.005,0.009,0.005,0.005,0.005,0.005,0.009,0.005,0.005,0.005,0.005,0
2026-08-06T17:00:00Z,0,0,0,0,0.016,0.052,0.026,0.036,0.197,0.259,0.321,0.373,0.518,0.28,0.135,0.207,0.083,0.155,0.067,0.088,0.093,0.109,0.161,0.093,0.104,0.088,0.124,0.093,0.14,0.088,0.073,0.052,0.036,0.036,0.052,0.036,0.021,0.021,0.01,0.021,0.021,0.01,0.01,0.01,0.005,0.01,0.005,0.005,0.005,0.005,0,0.005,0.005,0.005,0.005,0,0,0,0.005,0.005,0,0,0,0
2026-08-06T18:00:00Z,0,0,0,0,0.008,0.032,0.02,0.043,0.158,0.32,0.284,0.273,0.395,0.166,0.288,0.115,0.118,0.099,0.103,0.095,0.111,0.107,0.13,0.115,0.178,0.126,0.174,0.13,0.209,0.118,0.111,0.087,0.067,0.051,0.059,0.04,0.028,0.028,0.024,0.016,0.016,0.012,0.012,0.016,0.008,0.008,0.012,0.008,0.008,0.004,0.004,0.008,0.004,0.004,0.004,0.004,0,0.004,0,0.004,0.004,0,0,0
2026-08-06T19:00:00Z,0,0,0,0,0.012,0.042,0.03,0.042,0.235,0.337,0.301,0.602,0.253,0.313,0.199,0.144,0.078,0.06,0.072,0.09,0.096,0.114,0.126,0.102,0.09,0.181,0.241,0.126,0.126,0.102,0.066,0.06,0.078,0.048,0.042,0.024,0.012,0.024,0.03,0.012,0.012,0.018,0.012,0.012,0.018,0.018,0.012,0.012,0.006,0,0.006,0.006,0.006,0.006,0,0.006,0.006,0.006,0.006,0.006,0.006,0.006,0,0.006
2026-08-06T20:00:00Z,0,0,0,0,0.006,0.033,0.033,0.033,0.188,0.332,0.321,0.509,0.553,0.277,0.171,0.182,0.111,0.122,0.105,0.105,0.061,0.061,0.088,0.138,0.149,0.21,0.227,0.216,0.1,0.122,0.105,0.083,0.072,0.039,0.039,0.028,0.033,0.028,0.028,0.039,0.022,0.022,0.017,0.011,0.011,0.011,0.017,0.011,0.017,0.022,0.028,0.017,0.011,0.022,0.022,0.022,0.011,0.017,0.017,0.011,0.011,0.011,0.011,0.006
2026-08-06T21:00:00Z,0,0,0,0,0.022,0.039,0.056,0.022,0.353,0.323,0.383,0.288,0.43,0.271,0.206,0.142,0.142,0.095,0.095,0.082,0.103,0.086,0.09,0.146,0.189,0.129,0.271,0.271,0.155,0.107,0.155,0.077,0.056,0.047,0.043,0.039,0.026,0.022,0.017,0.026,0.017,0.017,0.026,0.017,0.009,0.017,0.017,0.022,0.026,0.026,0.026,0.022,0.017,0.013,0.013,0.013,0.017,0.017,0.013,0.017,0.009,0.017,0.013,0.013
2026-08-06T22:00:00Z,0,0,0,0,0.02,0.081,0.051,0.036,0.264,0.188,0.396,0.508,0.406,0.32,0.259,0.112,0.086,0.097,0.091,0.071,0.066,0.046,0.091,0.142,0.269,0.254,0.203,0.361,0.117,0.137,0.091,0.081,0.041,0.046,0.046,0.051,0.02,0.02,0.03,0.025,0.02,0.02,0.041,0.025,0.03,0.025,0.025,0.02,0.02,0.025,0.02,0.01,0.02,0.015,0.015,0.015,0.01,0.015,0.015,0.01,0.01,0.015,0.01,0.01
2026-08-06T23:00:00Z,0,0,0,0,0.015,0.039,0.025,0.02,0.127,0.309,0.387,0.49,0.367,0.338,0.186,0.108,0.118,0.083,0.059,0.073,0.073,0.083,0.122,0.103,0.167,0.206,0.382,0.363,0.118,0.137,0.118,0.073,0.054,0.064,0.034,0.054,0.044,0.044,0.039,0.025,0.044,0.029,0.029,0.034,0.034,0.025,0.025,0.029,0.025,0.034,0.015,0.02,0.02,0.015,0.02,0.015,0.01,0.01,0.005,0.01,0.01,0.015,0.01,0.01
2026-08-07T00:00:00Z,0,0,0,0,0.017,0.022,0.044,0.055,0.11,0.314,0.352,0.55,0.369,0.292,0.231,0.11,0.121,0.11,0.105,0.105,0.088,0.066,0.094,0.149,0.143,0.308,0.198,0.209,0.204,0.182,0.121,0.088,0.061,0.083,0.105,0.077,0.044,0.039,0.022,0.044,0.05,0.044,0.05,0.039,0.044,0.022,0.028,0.017,0.011,0.022,0.017,0.017,0.022,0.017,0.017,0.017,0.017,0.017,0.011,0.006,0.011,0.011,0.006,0.011
2026-08-07T01:00:00Z,0,0,0,0,0.011,0.061,0.061,0.043,0.162,0.361,0.339,0.278,0.318,0.357,0.202,0.123,0.105,0.079,0.094,0.144,0.101,0.09,0.097,0.097,0.148,0.123,0.224,0.231,0.199,0.148,0.105,0.101,0.094,0.072,0.087,0.069,0.079,0.076,0.047,0.043,0.043,0.054,0.025,0.04,0.025,0.022,0.014,0.011,0.025,0.025,0.025,0.011,0.011,0.011,0.011,0.011,0.007,0.004,0.007,0.011,0.004,0.007,0.007,0.007
2026-08-07T02:00:00Z,0,0,0,0,0.019,0.082,0.043,0.034,0.275,0.464,0.449,0.483,0.391,0.473,0.101,0.13,0.101,0.145,0.106,0.068,0.058,0.058,0.072,0.053,0.116,0.135,0.164,0.203,0.116,0.15,0.092,0.111,0.058,0.121,0.068,0.068,0.058,0.063,0.048,0.043,0.063,0.029,0.029,0.034,0.034,0.024,0.024,0.014,0.019,0.019,0.014,0.01,0.019,0.019,0.019,0.014,0.019,0.014,0.01,0.005,0.005,0.005,0.01,0.005
2026-08-07T03:00:00Z,0,0,0,0.004,0.045,0.049,0.167,0.024,0.122,0.171,0.249,0.408,0.302,0.159,0.273,0.18,0.098,0.061,0.033,0.053,0.086,0.053,0.053,0.082,0.147,0.171,0.155,0.082,0.09,0.09,0.094,0.078,0.102,0.135,0.086,0.069,0.053,0.033,0.041,0.053,0.037,0.029,0.024,0.02,0.029,0.02,0.029,0.02,0.024,0.016,0.02,0.024,0.012,0.012,0.008,0.008,0.012,0.016,0.008,0.008,0.008,0.004,0.004,0.008
2026-08-07T04:00:00Z,0,0,0,0,0.038,0.038,0.064,0.027,0.247,0.445,0.381,0.236,0.536,0.22,0.086,0.096,0.096,0.091,0.054,0.043,0.038,0.038,0.027,0.059,0.08,0.102,0.113,0.166,0.161,0.15,0.086,0.113,0.064,0.075,0.091,0.038,0.043,0.032,0.038,0.048,0.048,0.032,0.032,0.027,0.027,0.016,0.016,0.016,0.011,0.011,0.016,0.011,0.016,0.011,0.011,0.005,0.011,0.011,0.011,0.005,0.005,0.005,0.005,0.011
2026-08-07T05:00:00Z,0,0,0,0.005,0.033,0.055,0.164,0.022,0.077,0.383,0.547,0.438,0.405,0.213,0.104,0.049,0.066,0.104,0.06,0.022,0.027,0.022,0.049,0.082,0.077,0.131,0.137,0.098,0.109,0.17,0.131,0.088,0.098,0.038,0.049,0.044,0.038,0.033,0.033,0.044,0.033,0.022,0.022,0.027,0.016,0.016,0.016,0.011,0.022,0.016,0.016,0.011,0.011,0.005,0.016,0.005,0.005,0.005,0.011,0.005,0.005,0.005,0.005,0.005
2026-08-07T06:00:00Z,0,0,0,0,0.021,0.064,0.053,0.027,0.16,0.454,0.454,0.534,0.278,0.176,0.139,0.053,0.091,0.08,0.059,0.027,0.037,0.032,0.043,0.064,0.096,0.16,0.117,0.134,0.112,0.128,0.085,0.064,0.069,0.053,0.064,0.027,0.032,0.032,0.027,0.037,0.016,0.021,0.016,0.016,0.011,0.011,0.011,0.011,0.005,0.005,0.011,0.011,0.011,0.005,0.005,0.011,0.005,0.005,0,0,0.005,0.005,0.005,0
2026-08-07T07:00:00Z,0,0,0,0,0.035,0.066,0.157,0.035,0.111,0.197,0.505,0.47,0.202,0.293,0.111,0.182,0.066,0.066,0.051,0.035,0.025,0.045,0.03,0.04,0.091,0.136,0.141,0.131,0.116,0.136,0.146,0.096,0.086,0.071,0.066,0.045,0.025,0.025,0.025,0.025,0.025,0.02,0.02,0.015,0.02,0.015,0.01,0.005,0.01,0.005,0.01,0.005,0.005,0.005,0.005,0.005,0.005,0,0,0,0.005,0,0,0
2026-08-07T08:00:00Z,0,0,0,0.004,0.023,0.099,0.18,0.042,0.145,0.199,0.302,0.382,0.168,0.237,0.073,0.176,0.073,0.08,0.069,0.038,0.023,0.019,0.05,0.046,0.092,0.13,0.16,0.138,0.126,0.099,0.084,0.103,0.096,0.057,0.034,0.019,0.027,0.031,0.023,0.019,0.023,0.015,0.008,0.011,0.011,0.011,0.008,0.004,0.008,0.011,0.008,0.004,0.004,0.004,0.004,0.004,0.004,0,0,0.004,0,0.004,0.004,0.004
2026-08-07T09:00:00Z,0,0,0,0,0.008,0.067,0.262,0.029,0.079,0.225,0.416,0.229,0.3,0.191,0.121,0.075,0.075,0.096,0.067,0.042,0.046,0.037,0.046,0.054,0.071,0.096,0.079,0.15,0.096,0.092,0.108,0.054,0.029,0.033,0.033,0.029,0.017,0.029,0.012,0.012,0.017,0.008,0.004,0.008,0.008,0.004,0.004,0.004,0.004,0.004,0.004,0.004,0.004,0,0,0,0,0,0.004,0,0,0,0,0
2026-08-07T10:00:00Z,0,0,0,0,0.011,0.064,0.098,0.026,0.132,0.323,0.297,0.376,0.278,0.32,0.124,0.045,0.105,0.09,0.098,0.083,0.034,0.038,0.041,0.053,0.105,0.086,0.128,0.139,0.132,0.086,0.071,0.064,0.056,0.038,0.023,0.026,0.015,0.011,0.019,0.019,0.015,0.015,0.008,0.008,0.008,0.008,0.004,0.004,0.004,0.004,0.004,0.004,0.004,0.004,0.004,0.004,0,0.004,0,0.004,0.004,0,0,0
2026-08-07T11:00:00Z,0,0,0,0,0.012,0.049,0.101,0.101,0.081,0.328,0.369,0.275,0.405,0.13,0.061,0.085,0.073,0.057,0.069,0.049,0.041,0.045,0.053,0.061,0.085,0.101,0.138,0.158,0.113,0.085,0.057,0.061,0.045,0.024,0.024,0.02,0.016,0.016,0.012,0.004,0.008,0.004,0,0.004,0.004,0.004,0.004,0.004,0.004,0.004,0.004,0.004,0,0,0,0.004,0.004,0,0.004,0,0.004,0,0,0.004
2026-08-07T12:00:00Z,0,0,0,0,0.015,0.122,0.173,0.112,0.051,0.31,0.508,0.361,0.269,0.213,0.086,0.066,0.091,0.086,0.086,0.066,0.051,0.036,0.051,0.061,0.076,0.107,0.112,0.102,0.081,0.097,0.056,0.056,0.041,0.036,0.025,0.025,0.015,0.015,0.015,0.015,0.005,0.01,0.005,0.005,0.005,0.005,0.005,0,0,0,0.005,0,0,0,0,0,0,0,0,0,0,0,0,0
2026-08-07T13:00:00Z,0,0,0,0.004,0.02,0.069,0.32,0.081,0.077,0.142,0.348,0.405,0.316,0.283,0.126,0.117,0.085,0.077,0.061,0.041,0.041,0.049,0.053,0.061,0.081,0.097,0.121,0.101,0.109,0.073,0.069,0.045,0.041,0.028,0.028,0.016,0.016,0.016,0.012,0.008,0.008,0.008,0.004,0.008,0.008,0.008,0.004,0.004,0.004,0.004,0.004,0.004,0,0,0,0,0.004,0,0,0,0,0.004,0,0
2026-08-07T14:00:00Z,0,0,0,0,0.012,0.093,0.192,0.122,0.081,0.227,0.581,0.558,0.482,0.337,0.18,0.198,0.064,0.064,0.064,0.041,0.035,0.035,0.052,0.076,0.093,0.087,0.145,0.134,0.11,0.122,0.064,0.041,0.041,0.023,0.017,0.023,0.012,0.012,0.017,0.017,0.012,0.006,0.006,0.006,0.006,0.006,0.006,0.006,0.006,0,0.006,0.006,0.006,0.006,0.006,0.006,0,0.006,0.006,0.006,0.006,0,0.006,0.006
2026-08-07T15:00:00Z,0,0,0,0.005,0.019,0.145,0.15,0.233,0.058,0.432,0.393,0.286,0.485,0.121,0.092,0.063,0.078,0.078,0.068,0.049,0.049,0.058,0.063,0.044,0.092,0.116,0.116,0.092,0.097,0.044,0.078,0.053,0.053,0.034,0.024,0.019,0.015,0.015,0.019,0.015,0.015,0.01,0.015,0.01,0.01,0.005,0.01,0.01,0.01,0.01,0.01,0.01,0.005,0.005,0.005,0,0.005,0.005,0.005,0.005,0.01,0.005,0,0.005
2026-08-07T16:00:00Z,0,0,0.004,0.004,0.021,0.145,0.354,0.17,0.074,0.276,0.23,0.283,0.234,0.251,0.113,0.11,0.064,0.057,0.078,0.067,0.046,0.081,0.078,0.096,0.085,0.117,0.163,0.113,0.064,0.06,0.05,0.042,0.042,0.039,0.025,0.018,0.021,0.018,0.025,0.014,0.011,0.011,0.011,0.007,0.007,0.007,0.007,0.007,0.007,0.007,0.007,0.007,0.011,0.004,0.004,0.004,0.004,0.004,0.004,0.004,0.004,0,0.004,0.004
2026-08-07T17:00:00Z,0,0,0,0,0.029,0.194,0.216,0.302,0.108,0.166,0.432,0.482,0.72,0.266,0.122,0.043,0.058,0.079,0.065,0.05,0.043,0.05,0.05,0.058,0.072,0.137,0.122,0.158,0.079,0.05,0.036,0.036,0.036,0.036,0.029,0.022,0.022,0.022,0.022,0.014,0.014,0.007,0.007,0.007,0.007,0.007,0,0.007,0.007,0.007,0,0,0,0,0,0.007,0,0,0,0,0,0,0,0
2026-08-07T18:00:00Z,0,0,0,0,0.016,0.167,0.269,0.216,0.024,0.277,0.314,0.408,0.286,0.147,0.135,0.057,0.094,0.131,0.086,0.049,0.037,0.029,0.057,0.082,0.086,0.135,0.118,0.098,0.135,0.061,0.049,0.029,0.049,0.053,0.033,0.033,0.024,0.029,0.02,0.016,0.016,0.012,0.012,0.012,0.008,0.012,0.016,0.008,0.008,0.008,0.008,0.012,0.012,0.008,0.008,0.008,0.016,0.016,0.008,0.008,0.012,0.012,0.012,0.008
2026-08-07T19:00:00Z,0,0,0,0,0.018,0.268,0.226,0.322,0.042,0.292,0.334,0.596,0.477,0.328,0.161,0.077,0.089,0.072,0.048,0.036,0.03,0.06,0.048,0.077,0.083,0.083,0.143,0.089,0.089,0.042,0.054,0.03,0.036,0.036,0.018,0.018,0.024,0.012,0.024,0.018,0.018,0.024,0.012,0.012,0.012,0.012,0.006,0.012,0.012,0.012,0.012,0.012,0.006,0.012,0.012,0.006,0.012,0.012,0.012,0.006,0.006,0.006,0.006,0.006
2026-08-07T20:00:00Z,0,0,0,0,0.006,0.127,0.358,0.44,0.077,0.132,0.55,0.297,0.446,0.242,0.099,0.083,0.138,0.077,0.11,0.072,0.039,0.044,0.072,0.072,0.088,0.088,0.11,0.149,0.105,0.072,0.083,0.066,0.022,0.033,0.033,0.022,0.022,0.028,0.033,0.022,0.022,0.028,0.017,0.017,0.011,0.017,0.017,0.011,0.017,0.011,0.022,0.011,0.006,0.006,0.011,0.011,0.011,0.011,0.011,0.006,0.011,0.011,0.011,0.006
2026-08-07T21:00:00Z,0,0,0,0,0.007,0.138,0.158,0.296,0.053,0.263,0.658,0.296,0.257,0.138,0.092,0.099,0.118,0.079,0.053,0.053,0.026,0.039,0.053,0.066,0.105,0.092,0.145,0.138,0.132,0.092,0.059,0.053,0.039,0.026,0.026,0.026,0.026,0.033,0.02,0.02,0.02,0.033,0.026,0.033,0.033,0.026,0.013,0.033,0.026,0.039,0.033,0.013,0.013,0.02,0.02,0.013,0.013,0.02,0.02,0.013,0.007,0.013,0.013,0.013
2026-08-07T22:00:00Z,0,0,0,0.006,0.028,0.238,0.34,0.335,0.074,0.448,0.567,0.488,0.159,0.187,0.108,0.091,0.085,0.113,0.119,0.068,0.045,0.034,0.034,0.079,0.074,0.091,0.108,0.096,0.119,0.113,0.074,0.068,0.057,0.034,0.023,0.034,0.028,0.034,0.045,0.04,0.051,0.051,0.045,0.051,0.04,0.045,0.045,0.034,0.034,0.023,0.034,0.04,0.023,0.034,0.028,0.011,0.023,0.017,0.023,0.011,0.011,0.011,0.011,0.006
2026-08-07T23:00:00Z,0,0,0,0,0.013,0.214,0.253,0.24,0.117,0.11,0.376,0.552,0.649,0.415,0.11,0.123,0.097,0.11,0.052,0.032,0.045,0.032,0.039,0.052,0.078,0.065,0.091,0.097,0.091,0.071,0.071,0.045,0.058,0.065,0.045,0.058,0.045,0.052,0.039,0.052,0.045,0.045,0.052,0.039,0.026,0.032,0.019,0.052,0.026,0.026,0.019,0.019,0.013,0.013,0.026,0.026,0.013,0.013,0.013,0.006,0.013,0.006,0.006,0.006
2026-08-08T00:00:00Z,0,0,0,0.006,0.017,0.212,0.315,0.223,0.109,0.074,0.572,0.412,0.32,0.275,0.12,0.08,0.114,0.074,0.063,0.074,0.057,0.034,0.051,0.057,0.069,0.092,0.063,0.086,0.12,0.092,0.092,0.103,0.057,0.04,0.034,0.051,0.051,0.051,0.051,0.051,0.051,0.034,0.034,0.029,0.034,0.023,0.023,0.017,0.017,0.017,0.017,0.011,0.011,0.011,0.011,0.011,0.006,0.011,0.011,0.011,0.017,0.017,0.017,0.017
2026-08-08T01:00:00Z,0,0,0,0,0.007,0.125,0.448,0.441,0.14,0.257,0.735,0.544,0.265,0.287,0.169,0.147,0.081,0.14,0.096,0.073,0.066,0.037,0.051,0.037,0.044,0.081,0.11,0.118,0.066,0.059,0.066,0.081,0.096,0.081,0.051,0.051,0.066,0.051,0.073,0.044,0.051,0.044,0.044,0.029,0.022,0.015,0.022,0.022,0.022,0.022,0.015,0.015,0.015,0.015,0.022,0.015,0.007,0.015,0.007,0.007,0.007,0.007,0.007,0.007
2026-08-08T02:00:00Z,0,0,0,0.007,0.029,0.129,0.516,0.33,0.086,0.244,0.717,0.33,0.409,0.108,0.1,0.086,0.086,0.079,0.043,0.043,0.036,0.05,0.036,0.065,0.086,0.1,0.115,0.093,0.122,0.086,0.072,0.108,0.1,0.086,0.108,0.079,0.079,0.05,0.05,0.057,0.043,0.043,0.065,0.05,0.043,0.022,0.036,0.029,0.029,0.014,0.014,0.014,0.029,0.014,0.014,0.014,0.007,0.007,0.014,0.014,0.007,0.007,0.007,0.007
2026-08-08T03:00:00Z,0,0,0,0.005,0.042,0.216,0.526,0.505,0.116,0.268,0.5,0.431,0.352,0.221,0.163,0.053,0.132,0.074,0.058,0.042,0.037,0.032,0.026,0.026,0.053,0.068,0.063,0.079,0.079,0.105,0.126,0.116,0.084,0.11,0.105,0.1,0.084,0.058,0.053,0.047,0.042,0.047,0.053,0.042,0.032,0.037,0.016,0.016,0.021,0.021,0.032,0.021,0.016,0.011,0.016,0.016,0.016,0.011,0.016,0.016,0.011,0.011,0.011,0.011
2026-08-08T04:00:00Z,0,0,0,0.007,0.027,0.286,0.605,0.572,0.093,0.14,0.399,0.665,0.492,0.286,0.18,0.1,0.12,0.106,0.047,0.053,0.047,0.033,0.033,0.033,0.053,0.067,0.08,0.093,0.1,0.113,0.133,0.126,0.06,0.106,0.08,0.08,0.08,0.053,0.053,0.04,0.04,0.033,0.02,0.027,0.013,0.02,0.027,0.013,0.02,0.013,0.007,0.007,0.013,0.013,0.013,0.007,0.007,0.007,0.007,0.007,0,0.007,0,0.007
2026-08-08T05:00:00Z,0,0,0,0,0.013,0.114,0.672,0.43,0.141,0.39,0.625,0.45,0.39,0.141,0.114,0.094,0.114,0.114,0.074,0.027,0.027,0.027,0.027,0.034,0.06,0.087,0.148,0.181,0.134,0.181,0.121,0.181,0.114,0.06,0.087,0.067,0.06,0.054,0.047,0.04,0.034,0.034,0.027,0.013,0.02,0.02,0.013,0.02,0.013,0.013,0.007,0.007,0.007,0.013,0.007,0.013,0.007,0.007,0,0.007,0.013,0.007,0.007,0.007
2026-08-08T06:00:00Z,0,0,0,0,0.029,0.145,0.281,0.62,0.077,0.136,0.968,0.523,0.658,0.213,0.126,0.058,0.126,0.077,0.058,0.039,0.019,0.029,0.029,0.039,0.058,0.058,0.116,0.106,0.126,0.097,0.106,0.048,0.077,0.087,0.039,0.039,0.029,0.029,0.029,0.019,0.029,0.019,0.019,0.01,0.01,0.01,0.01,0.01,0.01,0,0,0.01,0.01,0.01,0,0,0,0.01,0,0,0,0,0,0
2026-08-08T07:00:00Z,0,0,0,0,0.009,0.075,0.458,0.934,0.177,0.205,0.411,0.467,0.271,0.336,0.149,0.056,0.103,0.093,0.047,0.037,0.019,0.019,0.047,0.056,0.121,0.243,0.271,0.243,0.159,0.168,0.084,0.075,0.056,0.075,0.056,0.028,0.037,0.028,0.019,0.037,0.028,0.009,0.009,0.019,0.019,0.009,0.009,0,0.009,0.009,0.009,0.009,0.009,0.009,0,0,0,0,0,0,0,0,0,0
2026-08-08T08:00:00Z,0,0,0,0,0.007,0.065,0.423,0.574,0.179,0.151,0.717,0.466,0.595,0.358,0.208,0.086,0.079,0.072,0.043,0.022,0.022,0.022,0.05,0.079,0.1,0.222,0.208,0.222,0.136,0.151,0.108,0.065,0.1,0.05,0.043,0.043,0.036,0.014,0.022,0.022,0.014,0.014,0.022,0.014,0.007,0.007,0.007,0.007,0.007,0,0.007,0.007,0.007,0.007,0.007,0,0.007,0,0,0,0.007,0,0,0
2026-08-08T09:00:00Z,0,0,0,0.007,0.013,0.059,0.443,0.489,0.098,0.228,0.319,0.652,0.502,0.3,0.111,0.072,0.098,0.072,0.065,0.033,0.026,0.02,0.026,0.046,0.117,0.202,0.333,0.196,0.15,0.104,0.065,0.033,0.046,0.059,0.026,0.026,0.033,0.013,0.013,0.013,0.013,0.02,0.013,0.007,0.007,0.007,0.013,0.007,0.007,0.007,0.007,0.007,0.007,0.007,0.007,0.007,0,0.007,0.007,0,0.007,0,0.007,0.007
2026-08-08T10:00:00Z,0,0,0,0,0.017,0.1,1.66,0.631,0.216,0.116,0.946,0.73,0.199,0.199,0.116,0.083,0.066,0.1,0.033,0.017,0.033,0.017,0.033,0.066,0.116,0.1,0.216,0.216,0.1,0.066,0.066,0.083,0.05,0.033,0.033,0.017,0.017,0.017,0.017,0,0.017,0.017,0.017,0,0,0,0,0,0,0,0,0,0,0,0,0,0,0,0,0,0,0,0,0
2026-08-08T11:00:00Z,0,0,0,0,0.018,0.089,0.391,0.578,0.142,0.124,0.845,0.889,0.284,0.187,0.116,0.018,0.098,0.089,0.053,0.036,0.027,0.018,0.027,0.044,0.107,0.249,0.293,0.276,0.116,0.08,0.071,0.062,0.036,0.027,0.027,0.018,0.018,0.027,0.018,0.018,0.018,0.018,0.009,0.009,0.009,0.009,0,0,0.009,0,0,0,0,0,0,0,0,0,0,0,0,0,0,0
2026-08-08T12:00:00Z,0,0,0,0,0.02,0.059,0.978,0.792,0.597,0.117,0.421,0.734,0.43,0.333,0.166,0.108,0.137,0.127,0.059,0.02,0.02,0.029,0.02,0.059,0.156,0.186,0.235,0.205,0.098,0.088,0.068,0.068,0.039,0.039,0.029,0.02,0.029,0.02,0.01,0.01,0.01,0.01,0.01,0.01,0.01,0.01,0,0,0,0,0,0,0,0,0,0,0,0,0,0,0,0,0,0
2026-08-08T13:00:00Z,0,0,0,0,0,0.046,0.483,1.15,0.092,0.092,0.483,0.368,0.391,0.161,0.15,0.046,0.081,0.069,0.058,0.023,0.023,0.035,0.046,0.081,0.184,0.23,0.104,0.242,0.173,0.115,0.115,0.046,0.046,0.035,0.023,0.023,0.012,0.012,0.012,0.012,0.012,0.012,0.012,0.012,0,0,0,0,0,0,0,0,0,0,0,0,0,0,0,0,0,0,0,0
2026-08-08T14:00:00Z,0,0,0,0.013,0.013,0.052,0.962,1.3,0.624,0.182,0.52,0.507,0.403,0.182,0.143,0.091,0.104,0.104,0.078,0.052,0.026,0.013,0.039,0.078,0.169,0.182,0.13,0.156,0.182,0.156,0.052,0.026,0.052,0.039,0.013,0.013,0.013,0.013,0.013,0.013,0.013,0.013,0.013,0.013,0.013,0.013,0,0,0,0,0,0,0,0,0,0,0,0,0,0,0,0,0,0
2026-08-08T15:00:00Z,0,0,0,0,0.006,0.019,0.419,0.626,0.257,0.131,0.238,0.557,0.25,0.188,0.175,0.056,0.088,0.131,0.094,0.038,0.019,0.038,0.069,0.088,0.131,0.182,0.163,0.2,0.081,0.075,0.056,0.063,0.044,0.025,0.031,0.031,0.031,0.013,0.025,0.013,0.013,0.013,0.013,0.006,0.006,0.006,0.006,0.006,0.006,0.006,0.006,0.006,0.006,0,0.006,0.006,0.006,0.006,0.006,0.006,0.006,0,0,0
2026-08-08T16:00:00Z,0,0,0,0,0.012,0.074,0.91,1.23,0.689,0.135,0.381,0.59,0.369,0.172,0.074,0.061,0.074,0.074,0.037,0.025,0.025,0.037,0.049,0.098,0.098,0.184,0.234,0.148,0.123,0.098,0.074,0.061,0.049,0.025,0.025,0.049,0.025,0.012,0.012,0.012,0.012,0.012,0.012,0.012,0.012,0,0,0,0,0,0,0,0,0,0,0,0,0,0,0,0,0,0,0
2026-08-08T17:00:00Z,0,0,0,0,0.014,0.097,1.39,1.029,0.473,0.167,0.389,0.806,0.32,0.097,0.181,0.167,0.07,0.097,0.042,0.042,0.042,0.056,0.097,0.083,0.167,0.195,0.25,0.153,0.097,0.056,0.07,0.07,0.056,0.056,0.042,0.042,0.014,0.014,0.028,0.014,0.028,0,0.014,0.014,0,0.014,0.014,0,0,0,0,0,0,0,0,0,0,0,0,0,0,0,0,0
2026-08-08T18:00:00Z,0,0,0,0,0,0.036,1.502,1.81,0.543,0.163,0.344,0.579,0.199,0.181,0.091,0.054,0.072,0.072,0.054,0.018,0,0.018,0.036,0.109,0.163,0.181,0.181,0.145,0.072,0.054,0.072,0.054,0.072,0.072,0.036,0.018,0.018,0.036,0.018,0.018,0.018,0.018,0.018,0.018,0,0,0,0,0,0,0.018,0,0,0,0,0,0,0,0,0,0,0,0,0.018
2026-08-08T19:00:00Z,0,0,0,0,0.025,0.074,1.304,2.46,0.418,0.123,0.221,0.713,0.32,0.221,0.074,0.074,0.049,0.049,0.049,0.025,0.025,0.025,0.025,0.098,0.148,0.221,0.148,0.098,0.049,0.074,0.049,0.049,0.049,0.049,0.049,0.049,0.025,0.025,0.025,0.025,0,0,0,0.025,0.025,0.025,0.025,0.025,0.025,0.025,0.025,0.025,0.025,0.025,0.025,0.025,0.025,0,0.025,0,0,0,0,0
2026-08-08T20:00:00Z,0,0,0,0.008,0.015,0.062,0.346,0.754,0.769,0.208,0.215,0.592,0.461,0.285,0.092,0.077,0.046,0.046,0.023,0.015,0.031,0.038,0.054,0.092,0.138,0.192,0.2,0.108,0.154,0.069,0.069,0.062,0.054,0.069,0.092,0.038,0.085,0.046,0.054,0.054,0.077,0.077,0.046,0.038,0.038,0.062,0.046,0.038,0.046,0.031,0.023,0.031,0.015,0.015,0.023,0.023,0.008,0.008,0.015,0.015,0.015,0.015,0.015,0.015
2026-08-08T21:00:00Z,0,0,0,0,0.021,0.063,0.882,2.1,0.672,0.21,0.21,0.525,0.714,0.168,0.084,0.063,0.063,0.042,0.042,0.021,0.021,0.021,0.084,0.105,0.231,0.189,0.21,0.21,0.105,0.147,0.084,0.105,0.105,0.042,0.084,0.126,0.084,0.063,0.063,0.084,0.042,0.063,0.084,0.042,0.042,0.042,0.021,0.042,0.021,0.021,0.021,0.021,0.021,0.021,0.021,0.021,0.021,0,0.021,0,0.021,0.021,0,0.021
2026-08-08T22:00:00Z,0,0,0,0,0.012,0.048,0.504,1.2,0.528,0.336,0.336,0.492,0.372,0.12,0.156,0.048,0.048,0.108,0.048,0.024,0.012,0.036,0.036,0.06,0.108,0.12,0.132,0.096,0.084,0.096,0.132,0.12,0.096,0.096,0.084,0.084,0.072,0.06,0.084,0.084,0.072,0.084,0.06,0.084,0.036,0.048,0.048,0.036,0.048,0.024,0.012,0.024,0.024,0.024,0.012,0.012,0.024,0.012,0.024,0.024,0.012,0.012,0.012,0.012
2026-08-08T23:00:00Z,0,0,0,0,0.029,0.118,0.649,2.95,1.239,0.236,0.236,0.649,0.383,0.206,0.147,0.088,0.059,0.029,0.029,0,0,0.029,0.029,0.059,0.147,0.118,0.236,0.177,0.118,0.118,0.147,0.059,0.088,0.118,0.088,0.118,0.059,0.029,0.059,0.059,0.029,0.029,0.029,0.029,0.029,0.029,0,0,0.029,0.029,0.029,0,0,0,0.029,0,0.029,0,0,0,0,0.029,0,0
2026-08-09T00:00:00Z,0,0,0,0,0,0.033,0.495,1.65,0.512,0.247,0.297,1.106,0.545,0.165,0.116,0.066,0.033,0.033,0.033,0.017,0.017,0.017,0.05,0.066,0.165,0.215,0.247,0.182,0.116,0.165,0.099,0.083,0.116,0.083,0.066,0.066,0.066,0.05,0.05,0.033,0.033,0.033,0.017,0.033,0.017,0.033,0.033,0.017,0.017,0.017,0.017,0.033,0.017,0.017,0.017,0.017,0.017,0.017,0.017,0.017,0.017,0.017,0,0.017
2026-08-09T01:00:00Z,0,0,0,0,0.04,0.121,0.683,4.02,1.286,0.241,0.241,0.603,0.482,0.241,0.121,0.08,0.04,0.04,0,0,0,0,0.04,0.121,0.161,0.241,0.241,0.201,0.201,0.161,0.121,0.121,0.08,0.08,0.08,0.04,0.08,0.04,0.04,0.04,0.04,0.04,0,0.04,0,0,0,0,0,0,0,0,0,0,0,0,0,0,0,0,0,0,0,0
2026-08-09T02:00:00Z,0,0,0,0,0.046,0.093,0.741,4.63,0.972,0.278,0.232,0.695,0.232,0.185,0.139,0.093,0.046,0.046,0.046,0.046,0.046,0.046,0.046,0.139,0.278,0.278,0.324,0.139,0.278,0.278,0.139,0.093,0.139,0.093,0.046,0.046,0.046,0.046,0.046,0,0,0,0,0,0,0,0,0,0,0,0,0,0,0,0,0,0,0,0,0,0,0,0,0
2026-08-09T03:00:00Z,0,0,0,0,0.013,0.065,0.142,1.29,0.632,0.181,0.103,0.348,0.4,0.142,0.077,0.155,0.052,0.026,0.039,0.052,0.026,0.052,0.155,0.232,0.284,0.323,0.413,0.219,0.271,0.258,0.245,0.194,0.181,0.103,0.09,0.065,0.052,0.065,0.052,0.052,0.039,0.026,0.039,0.026,0.013,0.026,0.026,0.026,0.013,0.013,0.013,0.013,0,0,0,0,0,0.013,0,0,0,0,0,0
2026-08-09T04:00:00Z,0,0,0,0.012,0.012,0.061,0.197,1.23,0.738,0.775,0.209,0.455,0.738,0.172,0.172,0.098,0.049,0.061,0.037,0.025,0.037,0.049,0.221,0.258,0.307,0.504,0.529,0.332,0.184,0.307,0.246,0.135,0.086,0.074,0.049,0.061,0.049,0.049,0.049,0.049,0.037,0.025,0.025,0.025,0.025,0.012,0.012,0.012,0.012,0.012,0.012,0.012,0.012,0.012,0,0.012,0.012,0,0,0,0,0,0,0
2026-08-09T05:00:00Z,0,0,0,0,0,0,0.214,3.06,1.071,0.398,0.184,0.52,0.704,0.214,0.061,0.122,0.031,0.031,0.031,0.031,0.061,0.122,0.184,0.551,0.551,0.704,0.551,0.367,0.337,0.245,0.122,0.092,0.092,0.092,0.031,0.061,0.092,0.031,0.061,0.061,0.031,0.031,0.031,0.031,0.031,0.031,0,0,0,0,0,0,0,0,0,0,0,0,0,0,0,0,0,0
2026-08-09T06:00:00Z,0,0,0,0,0.01,0.079,0.247,0.799,0.987,0.148,0.197,0.415,0.375,0.266,0.217,0.128,0.079,0.049,0.02,0.039,0.059,0.109,0.197,0.454,0.405,0.671,0.415,0.237,0.227,0.168,0.109,0.099,0.079,0.059,0.079,0.049,0.039,0.03,0.049,0.049,0.03,0.02,0.02,0.03,0.03,0.02,0.02,0.01,0.01,0.02,0.02,0.01,0.01,0.01,0,0.01,0.01,0,0.01,0,0,0,0,0
2026-08-09T07:00:00Z,0,0,0,0,0.025,0.073,0.294,2.45,1.47,0.392,0.147,0.466,0.613,0.319,0.196,0.049,0.025,0.025,0.025,0.025,0.049,0.073,0.221,0.392,0.613,0.588,0.441,0.221,0.221,0.073,0.073,0.073,0.049,0.073,0.049,0.049,0.025,0.025,0.025,0.025,0.025,0.025,0.025,0.025,0,0,0,0,0,0,0,0,0,0,0,0,0,0,0,0,0,0,0,0
2026-08-09T08:00:00Z,0,0,0,0,0.027,0,0.214,2.68,1.179,0.348,0.322,0.482,0.67,0.161,0.054,0.08,0.054,0.027,0.027,0.027,0.054,0.107,0.214,0.482,0.59,0.509,0.375,0.188,0.134,0.08,0.08,0.054,0.054,0.08,0.08,0.027,0.027,0.027,0.027,0.027,0.027,0.027,0.027,0,0,0,0,0,0,0,0,0,0,0,0,0,0,0,0,0,0,0,0,0
2026-08-09T09:00:00Z,0,0,0,0,0.014,0.029,0.187,1.44,1.426,0.187,0.202,0.317,0.605,0.187,0.202,0.058,0.029,0.043,0.029,0.029,0.058,0.202,0.346,0.432,0.432,0.518,0.317,0.245,0.173,0.115,0.115,0.101,0.058,0.029,0.043,0.043,0.043,0.043,0.029,0.014,0.029,0.014,0.014,0.014,0.014,0.014,0.014,0.014,0,0,0,0,0,0,0,0,0,0,0,0,0,0,0,0
2026-08-09T10:00:00Z,0,0,0,0,0,0.057,0.256,2.84,1.534,0.312,0.199,0.17,0.426,0.312,0.114,0.057,0.057,0.028,0.028,0.028,0.057,0.142,0.312,0.256,0.256,0.369,0.312,0.199,0.199,0.142,0.057,0.057,0.028,0.028,0.028,0.028,0.028,0.028,0.028,0.028,0.028,0,0,0,0,0,0,0,0,0,0,0,0,0,0,0,0,0,0,0,0,0,0,0
2026-08-09T11:00:00Z,0,0,0,0,0,0.027,0.133,2.66,1.197,0.399,0.319,0.372,0.08,0.186,0.08,0.053,0.027,0.027,0,0.053,0.08,0.16,0.372,0.426,0.239,0.213,0.346,0.133,0.16,0.106,0.106,0.08,0.053,0.053,0.053,0,0.027,0.027,0.027,0,0,0.027,0,0,0,0,0,0,0,0,0,0,0,0,0,0,0,0,0,0,0,0,0,0
2026-08-09T12:00:00Z,0,0,0,0.018,0.036,0.091,0.218,0.892,1.82,0.273,0.291,0.309,0.455,0.4,0.146,0.073,0.036,0.036,0.018,0.036,0.109,0.273,0.328,0.382,0.346,0.273,0.127,0.146,0.164,0.091,0.091,0.055,0.036,0.036,0.036,0.018,0.018,0.018,0.018,0.018,0.018,0.018,0.018,0.018,0,0,0,0,0,0,0,0,0,0,0,0,0,0,0,0,0,0,0,0
2026-08-09T13:00:00Z,0,0,0,0,0.014,0.021,0.064,0.671,0.706,0.424,0.445,0.318,0.275,0.417,0.169,0.064,0.049,0.078,0.071,0.064,0.127,0.311,0.438,0.409,0.24,0.219,0.191,0.141,0.141,0.042,0.049,0.042,0.071,0.042,0.042,0.035,0.035,0.028,0.028,0.014,0.021,0.014,0.014,0.014,0.007,0.014,0.007,0.007,0,0.007,0.007,0.007,0.007,0,0,0.007,0.007,0.007,0.007,0,0,0.007,0,0.007
2026-08-09T14:00:00Z,0,0,0,0,0,0.014,0.095,0.702,1.35,0.499,0.243,0.189,0.499,0.324,0.149,0.121,0.054,0.054,0.027,0.068,0.149,0.257,0.216,0.284,0.311,0.203,0.135,0.108,0.135,0.095,0.068,0.041,0.054,0.041,0.027,0.054,0.027,0.014,0.027,0.027,0.014,0.014,0.014,0.014,0,0,0.014,0,0,0,0,0,0,0,0,0,0,0,0,0,0,0,0,0
2026-08-09T15:00:00Z,0,0,0,0,0,0.039,0.077,0.984,1.93,0.695,0.347,0.502,0.367,0.328,0.116,0.077,0.019,0.058,0.039,0.058,0.116,0.251,0.347,0.328,0.29,0.193,0.154,0.193,0.116,0.097,0.097,0.039,0.077,0.039,0.039,0.039,0.019,0.019,0.019,0.019,0.019,0.019,0.019,0.019,0.019,0,0,0,0,0,0,0,0,0,0,0,0,0,0,0,0,0,0,0
2026-08-09T16:00:00Z,0,0,0,0,0.023,0.023,0.116,0.739,2.31,0.508,0.231,0.162,0.67,0.254,0.116,0.046,0.023,0.069,0.023,0.069,0.162,0.37,0.3,0.323,0.231,0.254,0.162,0.185,0.092,0.092,0.069,0.046,0.069,0.046,0.069,0.023,0.023,0.023,0.023,0.023,0.023,0.023,0.023,0.023,0.023,0.023,0,0,0,0,0,0,0,0,0,0,0,0,0,0,0,0,0,0
2026-08-09T17:00:00Z,0,0,0,0,0.028,0.028,0.17,0.71,2.84,0.625,0.114,0.199,0.426,0.256,0.17,0.057,0.028,0.057,0.057,0.057,0.142,0.284,0.284,0.256,0.199,0.17,0.114,0.085,0.057,0.085,0.057,0.085,0.028,0.028,0.028,0.028,0.028,0.028,0.028,0,0.028,0,0,0,0,0,0,0,0,0,0,0,0,0,0,0,0,0,0,0,0,0,0,0
2026-08-09T18:00:00Z,0,0,0,0,0.027,0.055,0.11,0.301,2.74,1.343,0.164,0.219,0.493,0.329,0.082,0.082,0.055,0.055,0.027,0.055,0.11,0.192,0.274,0.192,0.219,0.164,0.11,0.082,0.11,0.082,0.082,0.082,0.082,0.055,0.055,0.055,0.055,0.027,0,0,0.027,0,0,0,0,0,0,0,0,0,0,0,0,0,0,0,0,0,0,0,0,0,0,0
2026-08-09T19:00:00Z,0,0,0,0,0,0.054,0.163,0.84,2.71,0.84,0.163,0.081,0.623,0.434,0.136,0.027,0.027,0.054,0.054,0.054,0.108,0.19,0.271,0.19,0.136,0.19,0.108,0.136,0.108,0.081,0.054,0.081,0.108,0.054,0.027,0.027,0.027,0.027,0.027,0,0,0.027,0,0,0,0,0.027,0,0,0,0,0,0,0,0,0,0,0,0,0,0,0,0,0
2026-08-09T20:00:00Z,0,0,0,0,0,0.045,0.135,0.878,2.25,0.81,0.383,0.135,0.36,0.225,0.113,0.068,0.045,0.022,0.022,0.068,0.158,0.225,0.18,0.135,0.135,0.113,0.135,0.09,0.113,0.113,0.09,0.068,0.045,0.045,0.022,0.045,0.045,0.045,0.045,0.022,0.022,0.022,0.022,0,0.022,0.022,0.022,0,0,0,0,0.022,0,0,0,0,0,0,0,0,0,0,0,0
2026-08-09T21:00:00Z,0,0,0,0,0.018,0.018,0.091,0.344,1.81,0.597,0.453,0.308,0.453,0.29,0.109,0.054,0.036,0.054,0.036,0.091,0.127,0.163,0.272,0.163,0.163,0.145,0.145,0.127,0.091,0.072,0.109,0.072,0.072,0.091,0.054,0.072,0.054,0.018,0.036,0.018,0.036,0.036,0.018,0.018,0.018,0.018,0.018,0.018,0,0.018,0,0,0,0,0,0,0,0,0,0,0,0,0,0
2026-08-09T22:00:00Z,0,0,0,0,0.033,0.033,0.066,0.465,1.66,0.498,0.315,0.498,0.349,0.415,0.116,0.116,0.033,0.05,0.066,0.083,0.149,0.232,0.232,0.249,0.166,0.199,0.133,0.1,0.116,0.133,0.1,0.066,0.05,0.066,0.033,0.05,0.033,0.033,0.017,0.017,0.033,0.017,0.017,0.017,0.017,0.017,0.017,0.017,0,0,0,0,0,0,0,0,0,0,0,0,0,0,0,0
2026-08-09T23:00:00Z,0,0,0,0,0.024,0.048,0.048,0.478,2.39,0.574,0.311,0.215,0.191,0.215,0.072,0.048,0.048,0.048,0.048,0.048,0.096,0.119,0.239,0.311,0.167,0.215,0.167,0.096,0.143,0.096,0.096,0.048,0.048,0.048,0.048,0.048,0.024,0.024,0,0.024,0.024,0,0,0.024,0.024,0,0,0,0,0,0,0,0,0,0,0,0,0,0,0,0,0,0,0
2026-08-10T00:00:00Z,0,0,0,0,0.064,0.032,0.064,0.161,3.21,1.284,0.257,0.225,0.193,0.257,0.064,0.064,0.064,0.032,0.064,0.064,0.064,0.161,0.193,0.161,0.096,0.096,0.128,0.096,0.128,0.064,0.096,0.064,0.064,0.032,0.032,0.032,0.032,0,0.032,0.032,0,0,0,0,0,0,0,0,0,0,0,0,0,0,0,0,0,0,0,0,0,0,0,0
2026-08-10T01:00:00Z,0,0,0,0,0.028,0,0,0.256,2.84,1.022,0.426,0.511,0.398,0.284,0.085,0.085,0.028,0.057,0.028,0.057,0.057,0.142,0.142,0.142,0.199,0.142,0.142,0.085,0.085,0.114,0.057,0.028,0.085,0.057,0.028,0.028,0,0,0.028,0,0,0,0,0,0,0,0,0,0,0,0,0,0,0,0,0,0,0,0,0,0,0,0,0
2026-08-10T02:00:00Z,0,0,0,0,0.022,0.015,0.03,0.119,0.742,0.445,0.378,0.467,0.185,0.141,0.245,0.185,0.067,0.059,0.059,0.096,0.074,0.089,0.089,0.134,0.134,0.156,0.156,0.126,0.134,0.104,0.111,0.074,0.067,0.059,0.03,0.037,0.03,0.022,0.03,0.03,0.022,0.022,0.03,0.015,0.007,0.022,0.007,0.015,0.007,0.007,0.015,0.007,0.007,0.007,0.007,0.007,0.007,0.007,0.007,0,0,0,0,0.007
2026-08-10T03:00:00Z,0,0,0,0,0.018,0.018,0.073,0.366,1.83,0.586,0.458,0.897,0.531,0.183,0.128,0.055,0.073,0.055,0.055,0.055,0.128,0.11,0.11,0.11,0.165,0.128,0.146,0.092,0.11,0.128,0.073,0.073,0.055,0.037,0.037,0.018,0.018,0.018,0.018,0.018,0.018,0,0,0,0.018,0,0,0,0,0,0,0,0,0,0,0,0,0,0,0,0,0,0,0
2026-08-10T04:00:00Z,0,0,0,0,0.045,0.03,0.12,0.255,0.99,1.5,0.525,0.105,0.27,0.375,0.105,0.09,0.03,0.045,0.045,0.045,0.03,0.105,0.12,0.105,0.09,0.15,0.135,0.105,0.105,0.09,0.075,0.045,0.06,0.06,0.03,0.03,0.03,0.03,0.015,0.015,0.015,0.015,0.015,0.015,0,0.015,0,0,0,0,0,0,0,0,0,0,0,0,0,0,0,0,0,0
2026-08-10T05:00:00Z,0,0,0,0,0.035,0.035,0.07,0.28,1.75,1.032,0.175,0.438,0.193,0.385,0.123,0.14,0.035,0.035,0.052,0.035,0.035,0.088,0.105,0.105,0.105,0.158,0.175,0.088,0.07,0.088,0.088,0.07,0.07,0.035,0.018,0.035,0.018,0.018,0,0.018,0.018,0.018,0,0.018,0.018,0.018,0,0,0,0,0,0,0,0,0,0,0,0,0,0,0,0,0,0
2026-08-10T06:00:00Z,0,0,0,0,0.038,0.019,0.057,0.095,1.786,1.9,0.399,0.456,0.228,0.285,0.19,0.095,0.076,0.057,0.057,0.038,0.038,0.095,0.076,0.133,0.114,0.133,0.152,0.095,0.057,0.076,0.076,0.057,0.057,0.038,0.038,0.038,0.019,0.019,0.019,0.019,0.019,0.019,0,0,0,0,0,0,0,0,0,0,0,0,0,0,0,0,0,0,0,0,0,0
2026-08-10T07:00:00Z,0,0,0,0,0.047,0.038,0.056,0.188,0.939,0.545,0.31,0.244,0.413,0.338,0.263,0.085,0.047,0.075,0.075,0.047,0.066,0.075,0.103,0.103,0.085,0.113,0.113,0.113,0.094,0.075,0.094,0.056,0.047,0.038,0.028,0.047,0.038,0.038,0.028,0.028,0.028,0.019,0.019,0.019,0.009,0.019,0.019,0.009,0.009,0.009,0.009,0.009,0,0.009,0,0.009,0,0,0,0.009,0,0,0,0
2026-08-10T08:00:00Z,0,0,0,0,0.018,0.018,0.196,0.231,0.356,1.78,0.837,0.214,0.303,0.231,0.16,0.125,0.089,0.071,0.071,0.053,0.018,0.071,0.053,0.053,0.107,0.16,0.142,0.125,0.089,0.071,0.071,0.053,0.053,0.036,0.036,0.036,0.036,0.018,0.018,0.018,0.018,0.018,0.018,0,0,0,0,0,0.018,0.018,0,0,0,0,0,0,0,0,0,0,0,0,0,0
2026-08-10T09:00:00Z,0,0,0,0,0.064,0.016,0.064,0.064,0.512,1.6,0.336,0.432,0.464,0.256,0.08,0.096,0.032,0.048,0.032,0.048,0.048,0.048,0.096,0.064,0.112,0.144,0.144,0.16,0.112,0.08,0.064,0.08,0.08,0.048,0.032,0.016,0.032,0.032,0.016,0.016,0.016,0.016,0.016,0.016,0,0,0,0,0,0,0,0,0,0,0,0,0,0,0,0,0,0,0,0
2026-08-10T10:00:00Z,0,0,0,0,0.027,0.013,0.04,0.174,0.884,1.34,0.456,0.549,0.161,0.134,0.201,0.121,0.054,0.054,0.027,0.027,0.04,0.054,0.067,0.08,0.107,0.161,0.121,0.134,0.107,0.107,0.094,0.054,0.04,0.027,0.04,0.027,0.027,0.027,0.027,0.013,0.013,0.013,0.013,0.013,0.013,0,0,0,0,0,0,0,0,0,0,0,0,0,0,0,0,0,0,0
2026-08-10T11:00:00Z,0,0,0,0.009,0.056,0.028,0.075,0.113,0.394,0.939,0.573,0.178,0.376,0.282,0.103,0.094,0.056,0.047,0.056,0.038,0.047,0.085,0.103,0.085,0.047,0.094,0.103,0.113,0.15,0.131,0.094,0.066,0.066,0.047,0.028,0.028,0.019,0.019,0.028,0.019,0.009,0.028,0.019,0.009,0.009,0.009,0.009,0.009,0,0.009,0.009,0,0,0,0,0,0,0,0,0,0,0,0,0
2026-08-10T12:00:00Z,0,0,0,0,0.058,0.023,0.046,0.081,0.812,1.16,0.522,0.789,0.51,0.186,0.151,0.093,0.058,0.035,0.046,0.023,0.035,0.058,0.058,0.07,0.093,0.093,0.093,0.139,0.151,0.07,0.07,0.046,0.035,0.023,0.035,0.023,0.012,0.023,0.023,0.012,0.023,0.012,0.012,0.012,0,0,0,0,0,0,0,0,0,0,0,0,0,0,0,0,0,0,0,0
2026-08-10T13:00:00Z,0,0,0,0,0.037,0.025,0.088,0.075,0.812,1.25,0.737,0.388,0.413,0.163,0.213,0.062,0.062,0.037,0.025,0.025,0.025,0.037,0.062,0.037,0.037,0.062,0.1,0.062,0.062,0.075,0.05,0.037,0.062,0.037,0.025,0.025,0.025,0.025,0.025,0.013,0.025,0.013,0,0,0,0.013,0,0,0,0,0,0,0,0,0,0,0,0,0,0,0,0,0,0
2026-08-10T14:00:00Z,0,0,0,0,0.016,0.032,0.016,0.129,0.886,1.61,1.497,0.354,0.193,0.322,0.113,0.161,0.048,0.048,0.048,0.032,0.032,0.048,0.032,0.081,0.081,0.048,0.081,0.097,0.081,0.129,0.064,0.048,0.048,0.032,0.016,0.016,0.016,0.016,0,0.016,0.016,0,0,0,0,0,0,0,0,0,0,0,0,0,0,0,0,0,0,0,0,0,0,0
2026-08-10T15:00:00Z,0,0,0,0,0.084,0.168,0.084,0.231,0.672,2.1,0.567,0.756,0.483,0.21,0.252,0.126,0.063,0.042,0.042,0.063,0.042,0.042,0.042,0.063,0.042,0.042,0.042,0.063,0.063,0.063,0.063,0.042,0.042,0.042,0.021,0.021,0.021,0.021,0,0,0,0,0,0,0,0,0,0,0,0,0,0,0,0,0,0,0,0,0,0,0,0,0,0
2026-08-10T16:00:00Z,0,0,0,0,0.027,0.106,0.027,0.173,0.532,1.33,1.264,0.532,0.519,0.306,0.133,0.16,0.053,0.067,0.053,0.053,0.08,0.04,0.027,0.053,0.053,0.067,0.067,0.04,0.067,0.053,0.053,0.067,0.053,0.04,0.027,0.013,0.013,0.04,0.027,0.013,0,0,0.013,0.013,0.013,0.013,0,0,0,0,0,0,0,0,0,0,0,0,0,0,0,0,0,0
2026-08-10T17:00:00Z,0,0,0,0,0.015,0.046,0.031,0.231,0.678,1.386,1.54,0.724,0.37,0.293,0.169,0.092,0.062,0.046,0.062,0.046,0.062,0.046,0.062,0.062,0.062,0.046,0.046,0.062,0.062,0.046,0.046,0.031,0.046,0.031,0.046,0.031,0.015,0.015,0.015,0.015,0.015,0,0,0,0,0,0,0,0,0,0,0,0,0,0,0,0,0,0,0,0,0,0,0
2026-08-10T18:00:00Z,0,0,0,0,0.097,0.081,0.048,0.258,0.499,1.61,1.449,0.612,0.258,0.241,0.145,0.097,0.081,0.064,0.048,0.032,0.048,0.081,0.081,0.064,0.097,0.048,0.032,0.064,0.032,0.048,0.032,0.032,0.032,0.016,0.032,0.032,0.016,0.032,0.016,0.016,0.016,0,0,0,0,0,0,0,0,0,0,0,0,0,0,0,0,0,0,0,0,0,0,0
2026-08-10T19:00:00Z,0,0,0,0,0.054,0.09,0.054,0.27,0.504,1.782,1.8,0.738,0.324,0.324,0.126,0.18,0.072,0.054,0.036,0.054,0.054,0.054,0.09,0.072,0.054,0.054,0.036,0.036,0.054,0.036,0.054,0.018,0.018,0.036,0.018,0.018,0.018,0.018,0.018,0.018,0.018,0.018,0.018,0,0,0,0,0,0,0,0,0,0,0,0,0,0,0,0,0,0,0,0,0
2026-08-10T20:00:00Z,0,0,0,0,0.036,0.097,0.085,0.242,0.75,1.198,1.21,0.544,0.351,0.387,0.145,0.073,0.06,0.073,0.048,0.036,0.036,0.048,0.06,0.085,0.073,0.085,0.073,0.06,0.085,0.048,0.036,0.036,0.024,0.036,0.024,0.036,0.036,0.012,0.024,0.012,0.012,0.012,0.012,0.012,0.012,0.012,0.012,0.012,0.012,0,0.012,0.012,0.012,0,0,0,0,0,0,0,0,0,0,0
2026-08-10T21:00:00Z,0,0,0,0,0.016,0.081,0.097,0.389,0.778,1.134,1.62,0.437,0.956,0.194,0.162,0.097,0.081,0.049,0.065,0.016,0.032,0.016,0.049,0.032,0.049,0.065,0.049,0.049,0.049,0.016,0.016,0.032,0.016,0.016,0.016,0,0.016,0.016,0.016,0.016,0,0,0,0.016,0,0,0,0,0,0,0,0,0,0,0,0,0,0,0,0,0,0,0,0
2026-08-10T22:00:00Z,0,0,0,0,0.035,0.139,0.081,0.186,0.255,1.067,1.16,0.87,0.371,0.51,0.232,0.128,0.093,0.046,0.046,0.046,0.035,0.081,0.058,0.07,0.046,0.035,0.058,0.046,0.046,0.058,0.058,0.023,0.012,0.012,0.012,0.012,0.012,0.012,0,0.012,0.012,0.012,0,0,0,0,0,0,0,0,0,0,0,0,0,0,0,0,0,0,0,0,0,0
2026-08-10T23:00:00Z,0,0,0,0,0.101,0.423,0.017,0.085,0.423,1.589,1.251,1.69,0.439,0.423,0.203,0.068,0.068,0.068,0.051,0.051,0.034,0.034,0.034,0.051,0.034,0.085,0.068,0.051,0.034,0.034,0.034,0.017,0.017,0.017,0.017,0.017,0,0,0,0,0,0,0,0,0,0,0,0,0,0,0,0,0,0,0,0,0,0,0,0,0,0,0,0
2026-08-11T00:00:00Z,0,0,0,0,0.027,0.297,0.095,0.081,0.527,0.621,1.323,1.35,0.189,0.351,0.162,0.068,0.081,0.095,0.121,0.054,0.027,0.041,0.027,0.041,0.041,0.054,0.081,0.068,0.068,0.041,0.054,0.041,0.027,0.014,0.014,0,0.014,0,0,0,0,0,0,0,0,0,0,0,0,0,0,0,0.014,0.014,0,0.014,0.014,0.014,0.014,0,0.014,0.014,0,0
2026-08-11T01:00:00Z,0,0,0,0,0.031,0.298,0.079,0.345,0.628,1.57,1.539,0.581,0.393,0.518,0.283,0.141,0.11,0.079,0.11,0.031,0.016,0.031,0.016,0.031,0.031,0.047,0.047,0.047,0.047,0.047,0.063,0.047,0.016,0.016,0.016,0,0,0,0,0,0,0,0,0,0,0,0,0,0,0.016,0.016,0,0.016,0.016,0,0,0,0,0,0,0,0,0,0
2026-08-11T02:00:00Z,0,0,0,0,0.041,0.459,0.081,0.203,0.351,0.931,1.35,1.134,0.527,0.378,0.311,0.149,0.108,0.095,0.095,0.054,0.054,0.027,0.027,0.041,0.027,0.041,0.027,0.027,0.041,0.041,0.027,0.027,0.027,0.014,0.014,0.014,0,0.014,0.014,0.014,0.014,0.014,0.027,0.014,0.014,0.027,0.027,0.027,0.014,0.014,0.027,0.014,0.027,0.014,0.014,0.014,0.014,0,0,0,0.014,0.014,0,0.014
2026-08-11T03:00:00Z,0,0,0,0,0.044,0.153,0.066,0.088,0.416,2.19,1.423,1.183,0.328,0.372,0.153,0.11,0.11,0.066,0.044,0.022,0.022,0.044,0.044,0.022,0.022,0.022,0.044,0.022,0.044,0.022,0.044,0.044,0.044,0.044,0.044,0.022,0.022,0.022,0.022,0.022,0.022,0.022,0.022,0.022,0.044,0.022,0.044,0.044,0,0.022,0,0.022,0,0,0.022,0.022,0,0,0,0,0,0,0,0
2026-08-11T04:00:00Z,0,0,0,0,0.016,0.188,0.126,0.204,0.455,1.57,1.115,0.801,0.565,0.502,0.188,0.094,0.094,0.079,0.047,0.047,0.047,0.063,0.031,0.031,0.031,0.016,0.016,0.031,0.031,0.031,0.047,0.047,0.063,0.016,0.031,0.031,0.047,0.031,0.047,0.047,0.016,0.047,0.031,0.031,0.031,0.016,0.016,0.016,0.016,0.016,0.016,0,0.016,0,0,0.016,0.016,0.016,0,0,0,0,0,0
2026-08-11T05:00:00Z,0,0,0,0,0.05,0.25,0.075,0.2,0.75,1.625,2.5,1.05,0.375,0.2,0.25,0.2,0.1,0.1,0.05,0.05,0.075,0.05,0.05,0,0.025,0.025,0.025,0.025,0.025,0.025,0.025,0.05,0.025,0.025,0.05,0.025,0.05,0.05,0.05,0.025,0.05,0.025,0.025,0,0.025,0.025,0.025,0,0,0.025,0,0,0,0,0,0,0,0,0,0,0,0,0,0
2026-08-11T06:00:00Z,0,0,0,0,0.011,0.18,0.074,0.17,0.413,0.954,0.806,1.06,0.859,0.35,0.413,0.329,0.085,0.074,0.064,0.053,0.042,0.011,0.021,0.042,0.032,0.032,0.032,0.021,0.032,0.032,0.042,0.064,0.064,0.053,0.074,0.064,0.053,0.042,0.064,0.053,0.042,0.021,0.021,0.021,0.011,0.011,0.021,0.011,0.011,0.011,0.011,0.011,0.011,0.011,0.011,0.011,0,0,0,0.011,0,0,0,0
2026-08-11T07:00:00Z,0,0,0,0,0.034,0.425,0.119,0.136,0.527,1.071,1.7,1.19,1.054,0.306,0.34,0.289,0.238,0.085,0.085,0.068,0.034,0.034,0.017,0.017,0.034,0.017,0.017,0.034,0.017,0.034,0.017,0.051,0.068,0.051,0.051,0.051,0.034,0.034,0.034,0.034,0.034,0.017,0.017,0,0,0.017,0,0,0,0,0,0,0,0,0,0,0,0,0,0,0,0,0,0
2026-08-11T08:00:00Z,0,0,0,0,0.02,0.479,0.13,0.07,0.399,0.449,0.857,0.997,0.708,0.479,0.319,0.309,0.219,0.11,0.08,0.06,0.04,0.03,0.03,0.03,0.02,0.04,0.02,0.03,0.04,0.05,0.04,0.05,0.07,0.06,0.06,0.09,0.05,0.03,0.03,0.03,0.02,0.02,0.01,0.01,0.02,0.01,0.01,0.01,0.01,0.01,0.01,0.01,0,0,0,0.01,0,0,0.01,0,0,0,0,0
2026-08-11T09:00:00Z,0,0,0,0,0.019,0.91,0.252,0.145,0.348,0.774,0.968,0.803,0.29,0.319,0.329,0.29,0.145,0.136,0.087,0.077,0.058,0.039,0.029,0.019,0.019,0.019,0.019,0.029,0.039,0.058,0.058,0.058,0.068,0.068,0.048,0.039,0.039,0.048,0.029,0.019,0.01,0.019,0.019,0.019,0.01,0.01,0.01,0.01,0.01,0,0,0,0,0,0,0,0,0,0,0,0,0,0,0
2026-08-11T10:00:00Z,0,0,0,0,0.013,0.297,0.155,0.129,0.503,1.264,1.29,0.722,0.813,0.387,0.206,0.181,0.142,0.155,0.103,0.129,0.09,0.065,0.039,0.026,0.026,0.013,0.026,0.026,0.013,0.026,0.052,0.065,0.077,0.039,0.065,0.039,0.026,0.026,0.013,0.013,0.013,0.013,0.013,0.013,0,0,0.013,0.013,0,0,0,0,0,0,0,0,0,0,0,0,0,0,0,0
2026-08-11T11:00:00Z,0,0,0,0,0.026,0.464,0.181,0.103,0.606,1.29,0.722,0.774,0.671,0.426,0.335,0.168,0.181,0.103,0.129,0.181,0.09,0.077,0.077,0.052,0.026,0.026,0.026,0.026,0.013,0.052,0.065,0.065,0.052,0.039,0.052,0.052,0.026,0.026,0.026,0.013,0.013,0.013,0,0.013,0,0,0.013,0.013,0.013,0,0,0,0,0,0,0,0,0,0,0,0,0,0,0
2026-08-11T12:00:00Z,0,0,0,0,0.02,0.369,0.164,0.082,0.205,0.492,0.902,2.05,0.881,0.328,0.266,0.123,0.225,0.184,0.205,0.123,0.123,0.061,0.061,0.041,0.041,0.02,0.02,0.02,0.041,0.061,0.061,0.061,0.061,0.061,0.061,0.041,0.02,0.02,0.02,0.02,0,0,0,0.02,0,0,0,0,0,0,0,0,0,0,0,0,0,0,0,0,0,0,0,0
2026-08-11T13:00:00Z,0,0,0,0,0.014,0.419,0.338,0.081,0.311,0.878,0.864,1.35,0.486,0.324,0.365,0.121,0.135,0.095,0.135,0.176,0.135,0.108,0.081,0.068,0.027,0.027,0.027,0.027,0.027,0.041,0.108,0.121,0.081,0.081,0.041,0.054,0.027,0.027,0.014,0.014,0.014,0,0,0,0,0,0,0.014,0,0,0,0,0,0,0,0,0,0,0,0,0,0,0,0
2026-08-11T14:00:00Z,0,0,0,0,0.026,0.387,0.439,0.297,0.49,0.619,0.735,1.29,0.426,0.361,0.361,0.206,0.206,0.142,0.116,0.077,0.09,0.077,0.065,0.065,0.039,0.026,0.026,0.013,0.013,0.052,0.052,0.065,0.077,0.052,0.039,0.026,0.026,0.026,0.013,0.013,0,0,0.013,0.013,0.013,0.013,0,0,0,0,0,0,0,0,0,0,0,0,0,0,0,0,0,0
2026-08-11T15:00:00Z,0,0,0,0,0.028,0.321,0.481,0.076,0.566,0.5,0.944,0.632,0.746,0.378,0.33,0.255,0.16,0.094,0.066,0.104,0.066,0.066,0.047,0.028,0.057,0.028,0.019,0.019,0.019,0.028,0.047,0.076,0.094,0.076,0.047,0.028,0.028,0.009,0.009,0.019,0.009,0.019,0.009,0.009,0.019,0.009,0.009,0.019,0.009,0.009,0,0,0,0.009,0.009,0,0,0,0,0,0,0,0,0
2026-08-11T16:00:00Z,0,0,0,0,0.026,0.468,0.533,0.117,0.364,0.767,0.585,1.3,0.65,0.39,0.338,0.364,0.182,0.13,0.143,0.143,0.078,0.078,0.091,0.078,0.039,0.026,0.026,0.026,0.026,0.026,0.039,0.039,0.078,0.078,0.039,0.026,0.013,0.013,0.026,0.013,0.013,0.013,0.013,0.013,0.013,0.013,0.013,0.013,0.013,0.013,0.013,0,0,0,0,0,0,0,0,0,0,0,0,0
2026-08-11T17:00:00Z,0,0,0,0.013,0.052,0.464,1.084,0.142,0.8,1.032,0.735,1.29,0.361,0.284,0.245,0.155,0.194,0.142,0.077,0.116,0.09,0.09,0.052,0.065,0.039,0.039,0.013,0.013,0.039,0.026,0.039,0.039,0.065,0.077,0.039,0.026,0.039,0.026,0.026,0,0.013,0.013,0,0,0.013,0.013,0.013,0.013,0,0,0,0,0,0.013,0.013,0,0,0,0,0,0,0,0,0
2026-08-11T18:00:00Z,0,0,0,0.036,0.108,0.414,1.8,0.18,0.396,0.738,0.792,1.386,0.774,0.144,0.432,0.468,0.126,0.09,0.108,0.126,0.126,0.09,0.09,0.072,0.072,0.036,0.018,0.018,0.036,0.018,0.018,0.018,0.018,0.054,0.054,0.036,0.018,0.018,0.018,0.018,0.018,0.018,0,0,0,0,0,0,0,0,0,0,0,0,0,0,0,0,0,0,0,0,0,0
2026-08-11T19:00:00Z,0,0,0,0.01,0.039,0.422,0.795,0.128,0.491,0.678,0.687,0.982,0.187,0.334,0.354,0.255,0.177,0.079,0.088,0.079,0.079,0.118,0.108,0.069,0.039,0.029,0.029,0.02,0.02,0.02,0.02,0.01,0.02,0.039,0.039,0.049,0.029,0.029,0.029,0.029,0.01,0.01,0.01,0.01,0.01,0.01,0.01,0.01,0.01,0,0.01,0.01,0.01,0,0,0.01,0.01,0,0,0,0.01,0,0,0
2026-08-11T20:00:00Z,0,0,0,0.015,0.03,0.313,1.49,0.224,0.492,0.492,0.864,1.341,0.372,0.551,0.238,0.313,0.164,0.104,0.089,0.074,0.089,0.074,0.045,0.074,0.045,0.045,0.03,0.03,0.015,0,0.015,0.015,0.03,0.03,0.03,0.03,0.03,0.03,0.03,0.015,0.015,0.015,0.03,0.03,0.015,0.015,0.015,0.015,0.03,0.03,0.03,0.03,0.015,0.015,0.015,0.015,0,0,0,0,0,0,0,0
2026-08-11T21:00:00Z,0,0,0.006,0.011,0.034,0.18,0.558,0.135,0.271,0.491,0.384,0.547,0.564,0.541,0.35,0.147,0.214,0.192,0.124,0.13,0.085,0.056,0.045,0.039,0.056,0.039,0.045,0.028,0.023,0.023,0.017,0.023,0.028,0.023,0.039,0.039,0.051,0.045,0.028,0.023,0.039,0.034,0.039,0.034,0.039,0.039,0.045,0.034,0.034,0.017,0.023,0.017,0.017,0.017,0.023,0.011,0.011,0.017,0.011,0.006,0.011,0.006,0.006,0.006
2026-08-11T22:00:00Z,0,0,0,0.015,0.015,0.122,0.796,0.184,0.245,1.086,1.316,0.75,1.53,0.184,0.245,0.306,0.214,0.199,0.107,0.077,0.077,0.046,0.061,0.061,0.061,0.031,0.046,0.031,0.015,0.031,0.015,0.015,0.015,0.031,0.031,0.031,0.031,0.031,0.046,0.046,0.046,0.031,0.031,0.031,0.015,0.015,0.015,0.015,0.015,0.015,0.015,0,0,0.015,0.015,0.015,0,0.015,0.015,0,0,0,0,0
2026-08-11T23:00:00Z,0,0,0,0,0.055,0.166,1.84,0.294,0.294,0.718,0.773,0.957,0.791,0.46,0.258,0.644,0.221,0.166,0.074,0.074,0.11,0.055,0.074,0.055,0.074,0.055,0.037,0.037,0.055,0.018,0.018,0.018,0.018,0.037,0.037,0.037,0.037,0.055,0.074,0.037,0.055,0.037,0.018,0.018,0.018,0.018,0.018,0.018,0.018,0.018,0,0.018,0,0,0,0,0,0,0,0,0,0,0,0
2026-08-12T00:00:00Z,0,0,0,0.006,0.019,0.105,0.614,0.118,0.211,0.62,0.558,0.601,0.353,0.428,0.285,0.242,0.13,0.081,0.087,0.074,0.074,0.068,0.056,0.062,0.081,0.05,0.043,0.037,0.043,0.031,0.025,0.05,0.037,0.043,0.037,0.031,0.043,0.043,0.043,0.043,0.043,0.037,0.043,0.019,0.025,0.019,0.019,0.019,0.019,0.019,0.019,0.019,0.012,0.012,0.019,0.012,0.012,0.006,0.012,0.012,0.012,0.006,0.006,0.012
2026-08-12T01:00:00Z,0,0,0,0,0.018,0.189,0.476,0.153,0.216,0.763,0.521,0.898,0.566,0.665,0.207,0.242,0.198,0.162,0.108,0.054,0.081,0.054,0.036,0.054,0.072,0.045,0.036,0.045,0.036,0.045,0.027,0.036,0.045,0.036,0.036,0.027,0.063,0.063,0.081,0.045,0.054,0.036,0.027,0.036,0.036,0.018,0.018,0.018,0.018,0.018,0.018,0.009,0.018,0.018,0.009,0.009,0.009,0.018,0.018,0.009,0.009,0.009,0.018,0.009
2026-08-12T02:00:00Z,0,0,0,0,0.01,0.072,1.03,0.319,0.288,0.68,0.649,0.978,0.886,0.288,0.113,0.268,0.196,0.124,0.062,0.041,0.072,0.103,0.093,0.062,0.052,0.031,0.031,0.021,0.031,0.041,0.072,0.052,0.062,0.062,0.124,0.103,0.062,0.082,0.052,0.031,0.041,0.041,0.041,0.031,0.052,0.031,0.021,0.021,0.021,0.021,0.021,0.021,0.01,0.021,0.01,0.01,0.021,0.01,0.01,0,0.01,0.01,0.01,0.01
2026-08-12T03:00:00Z,0,0,0,0,0.013,0.142,1.29,0.335,0.206,0.697,0.542,1.032,0.813,0.722,0.323,0.31,0.219,0.129,0.052,0.052,0.039,0.065,0.116,0.077,0.065,0.065,0.052,0.026,0.039,0.052,0.077,0.103,0.09,0.077,0.09,0.129,0.052,0.077,0.039,0.039,0.052,0.039,0.039,0.013,0.013,0.013,0.013,0.013,0,0.013,0.026,0.013,0.013,0.013,0.013,0.013,0.013,0,0,0,0,0,0,0
2026-08-12T04:00:00Z,0,0,0,0,0.016,0.047,1.58,0.49,0.395,0.727,0.711,0.521,0.79,0.3,0.205,0.284,0.269,0.126,0.111,0.126,0.111,0.047,0.079,0.063,0.079,0.063,0.032,0.079,0.032,0.095,0.079,0.126,0.111,0.126,0.079,0.079,0.079,0.047,0.032,0.047,0.016,0.016,0.016,0.032,0.016,0,0,0.016,0,0.016,0.016,0,0,0,0,0,0,0,0,0,0,0,0,0
2026-08-12T05:00:00Z,0,0,0,0.013,0.013,0.152,1.054,0.254,0.241,0.597,1.27,0.61,0.508,0.356,0.191,0.305,0.14,0.152,0.089,0.089,0.114,0.051,0.076,0.051,0.051,0.064,0.076,0.076,0.102,0.127,0.14,0.102,0.102,0.076,0.064,0.051,0.038,0.051,0.038,0.025,0.013,0.013,0.025,0.013,0,0.013,0.013,0.013,0.013,0.013,0,0,0,0,0,0,0,0,0,0,0,0,0,0
2026-08-12T06:00:00Z,0,0,0,0,0,0.047,1.406,0.363,0.49,0.553,1.58,0.727,0.363,0.553,0.19,0.205,0.221,0.174,0.111,0.111,0.095,0.111,0.079,0.063,0.063,0.079,0.095,0.079,0.095,0.158,0.158,0.095,0.111,0.063,0.079,0.063,0.047,0.032,0.032,0.032,0.016,0.016,0.032,0.016,0.016,0.016,0.016,0.016,0.016,0,0.016,0.016,0.016,0,0,0,0.016,0.016,0,0,0,0,0,0.016
2026-08-12T07:00:00Z,0,0,0,0.009,0.009,0.044,0.581,0.334,0.308,0.634,0.361,0.642,0.88,0.334,0.343,0.361,0.185,0.141,0.106,0.097,0.079,0.079,0.106,0.106,0.106,0.132,0.132,0.167,0.255,0.211,0.158,0.185,0.097,0.088,0.07,0.079,0.053,0.044,0.062,0.026,0.044,0.044,0.044,0.026,0.026,0.026,0.018,0.018,0.018,0.026,0.018,0.009,0.018,0.018,0.009,0.009,0.009,0.009,0.009,0.009,0,0,0.009,0
2026-08-12T08:00:00Z,0,0,0,0,0.013,0.092,1.31,0.354,0.183,0.969,0.812,0.799,0.59,0.445,0.197,0.511,0.17,0.17,0.092,0.092,0.092,0.079,0.092,0.092,0.079,0.079,0.144,0.17,0.249,0.157,0.131,0.131,0.092,0.079,0.066,0.066,0.079,0.052,0.026,0.026,0.026,0.026,0.026,0.013,0.026,0.013,0.013,0.013,0,0,0.013,0.013,0.013,0.013,0,0.013,0,0,0,0,0,0,0,0
2026-08-12T09:00:00Z,0,0,0,0,0,0.089,1.27,0.686,0.343,0.533,0.457,1.156,0.724,0.864,0.216,0.318,0.267,0.229,0.203,0.152,0.102,0.051,0.064,0.102,0.089,0.102,0.152,0.203,0.254,0.14,0.127,0.14,0.102,0.102,0.076,0.051,0.038,0.038,0.025,0.051,0.038,0.013,0.025,0.013,0.025,0.013,0.013,0.013,0,0,0.013,0,0,0,0.013,0,0,0,0,0,0,0,0,0
2026-08-12T10:00:00Z,0,0,0,0,0.016,0.097,0.723,0.625,0.471,0.292,0.804,0.812,0.658,0.406,0.211,0.292,0.26,0.211,0.162,0.097,0.073,0.073,0.065,0.089,0.057,0.081,0.138,0.276,0.284,0.195,0.122,0.114,0.097,0.073,0.049,0.057,0.049,0.032,0.041,0.024,0.024,0.016,0.016,0.016,0.016,0.024,0.016,0.008,0.008,0.008,0.008,0.008,0.008,0.008,0.008,0.008,0,0,0,0,0,0,0,0
2026-08-12T11:00:00Z,0,0,0,0.01,0.021,0.094,0.78,0.728,0.322,0.624,0.614,0.78,1.04,0.499,0.208,0.416,0.198,0.146,0.146,0.146,0.094,0.052,0.073,0.062,0.042,0.114,0.135,0.114,0.208,0.177,0.104,0.114,0.104,0.062,0.052,0.031,0.021,0.031,0.031,0.021,0.021,0.021,0.01,0.01,0.01,0.01,0.01,0.01,0.01,0,0.01,0,0,0,0,0,0,0,0,0,0,0,0,0
2026-08-12T12:00:00Z,0,0,0,0.009,0.027,0.091,0.547,0.264,0.328,0.574,0.756,0.911,0.656,0.565,0.237,0.319,0.182,0.137,0.128,0.064,0.091,0.064,0.046,0.055,0.064,0.091,0.164,0.191,0.164,0.164,0.164,0.082,0.064,0.055,0.046,0.036,0.036,0.046,0.036,0.018,0.009,0.009,0.018,0.018,0.009,0.009,0.009,0,0,0,0,0,0,0,0,0,0,0,0,0,0,0,0,0
2026-08-12T13:00:00Z,0,0,0,0,0.015,0.069,0.65,0.474,0.283,0.497,0.497,0.337,0.765,0.635,0.283,0.199,0.184,0.13,0.122,0.069,0.092,0.092,0.092,0.038,0.061,0.069,0.145,0.222,0.13,0.191,0.107,0.061,0.054,0.046,0.046,0.031,0.015,0.046,0.023,0.015,0.023,0.023,0.015,0.015,0.015,0.008,0.008,0.008,0.008,0.008,0.008,0.008,0.008,0,0,0,0,0,0,0,0,0,0,0
2026-08-12T14:00:00Z,0,0,0,0,0.027,0.116,0.839,0.857,0.455,0.688,0.705,0.402,0.893,0.732,0.5,0.277,0.196,0.161,0.08,0.107,0.089,0.08,0.054,0.054,0.071,0.08,0.134,0.134,0.116,0.125,0.089,0.071,0.08,0.054,0.045,0.036,0.027,0.027,0.018,0.018,0.009,0.009,0.009,0.009,0.018,0.018,0.009,0.009,0,0,0,0,0,0,0,0,0,0,0,0,0,0,0,0
2026-08-12T15:00:00Z,0,0,0,0.009,0.018,0.088,0.473,0.78,0.342,0.736,0.552,0.263,0.876,0.657,0.526,0.307,0.21,0.114,0.079,0.07,0.105,0.088,0.079,0.114,0.096,0.105,0.14,0.166,0.14,0.114,0.079,0.079,0.053,0.053,0.035,0.026,0.018,0.018,0.018,0.018,0.018,0.009,0.018,0.018,0.018,0.009,0.009,0.009,0.009,0.009,0.009,0,0.009,0,0,0,0,0,0,0,0,0,0,0
2026-08-12T16:00:00Z,0,0,0,0.009,0.009,0.073,0.916,0.788,0.284,0.641,0.256,0.779,0.669,0.366,0.394,0.119,0.284,0.165,0.174,0.11,0.128,0.101,0.046,0.064,0.055,0.064,0.101,0.092,0.101,0.101,0.092,0.092,0.055,0.055,0.055,0.027,0.037,0.018,0.018,0.009,0.018,0.018,0.009,0.009,0.009,0.009,0.009,0,0.009,0,0.009,0.009,0.009,0.009,0.009,0.009,0,0.009,0,0.009,0.009,0.009,0.009,0.009
2026-08-12T17:00:00Z,0,0,0,0,0.023,0.011,0.718,0.901,0.308,0.695,0.866,1.14,0.41,0.331,0.524,0.331,0.285,0.137,0.08,0.114,0.114,0.068,0.103,0.046,0.057,0.103,0.08,0.137,0.137,0.114,0.08,0.103,0.046,0.046,0.023,0.023,0.011,0.011,0.011,0.011,0,0.011,0,0.011,0.011,0.011,0.011,0,0.011,0,0,0,0,0,0,0,0,0,0,0,0,0,0,0
2026-08-12T18:00:00Z,0,0,0,0,0.016,0.094,0.675,1.57,0.424,0.597,0.675,0.597,0.471,0.487,0.408,0.471,0.188,0.126,0.079,0.063,0.094,0.079,0.031,0.047,0.031,0.047,0.079,0.063,0.094,0.141,0.094,0.031,0.031,0.047,0.031,0.016,0.016,0.016,0.016,0.016,0,0,0,0,0,0,0,0,0,0,0,0,0,0,0,0,0,0,0,0,0,0,0,0
2026-08-12T19:00:00Z,0,0,0,0,0.019,0.075,0.336,0.476,0.299,0.271,0.934,0.28,0.486,0.729,0.542,0.607,0.252,0.168,0.093,0.075,0.065,0.065,0.065,0.047,0.056,0.065,0.084,0.093,0.103,0.084,0.065,0.075,0.056,0.047,0.037,0.028,0.028,0.028,0.037,0.019,0.009,0.009,0.009,0.009,0.009,0.009,0.009,0.009,0.009,0.009,0.009,0.009,0,0.009,0.009,0,0,0,0,0,0,0,0,0
2026-08-12T20:00:00Z,0,0,0,0,0.007,0.064,0.478,0.713,0.378,0.299,0.706,0.613,0.193,0.356,0.257,0.2,0.328,0.178,0.128,0.15,0.107,0.107,0.071,0.057,0.078,0.078,0.064,0.114,0.093,0.064,0.064,0.057,0.036,0.05,0.043,0.043,0.036,0.029,0.029,0.021,0.014,0.014,0.014,0.014,0.014,0.014,0.014,0.014,0.007,0.014,0.014,0.007,0.007,0.007,0.007,0.007,0,0.007,0,0.007,0,0,0.007,0
2026-08-12T21:00:00Z,0,0,0,0.006,0.018,0.091,0.411,0.399,0.296,0.466,0.599,0.387,0.605,0.563,0.417,0.206,0.248,0.121,0.103,0.121,0.109,0.079,0.054,0.079,0.054,0.073,0.097,0.127,0.079,0.091,0.042,0.048,0.03,0.03,0.054,0.036,0.024,0.03,0.024,0.024,0.018,0.018,0.012,0.012,0.012,0.018,0.012,0.012,0.018,0.018,0.012,0.006,0.012,0.012,0.012,0.006,0.012,0.012,0.012,0.006,0.012,0.006,0.006,0.006
2026-08-12T22:00:00Z,0,0,0,0.011,0.022,0.055,0.473,0.627,0.429,0.33,1.1,0.55,0.583,0.506,0.451,0.33,0.286,0.121,0.099,0.077,0.077,0.077,0.077,0.055,0.055,0.055,0.066,0.066,0.077,0.033,0.044,0.044,0.022,0.033,0.022,0.011,0.011,0.011,0.022,0.022,0.011,0.011,0.011,0.022,0.022,0.011,0.011,0.011,0.022,0.011,0.011,0.022,0.011,0.011,0.011,0,0.011,0.011,0.011,0.011,0.011,0,0,0
2026-08-12T23:00:00Z,0,0,0,0.009,0.027,0.046,0.614,0.916,0.202,0.614,0.879,0.458,0.458,0.366,0.339,0.202,0.229,0.183,0.073,0.101,0.064,0.082,0.064,0.064,0.082,0.092,0.073,0.092,0.082,0.092,0.046,0.027,0.027,0.037,0.027,0.018,0.027,0.018,0.027,0.018,0.018,0.018,0.009,0.009,0.018,0.018,0.027,0.018,0.009,0.018,0.009,0.018,0.018,0.018,0.009,0.009,0.009,0.009,0.009,0.009,0,0.009,0.009,0.009
2026-08-13T00:00:00Z,0,0,0,0.009,0.009,0.085,0.389,0.949,0.474,0.427,0.446,0.731,0.674,0.247,0.626,0.493,0.209,0.133,0.085,0.114,0.066,0.047,0.057,0.076,0.076,0.104,0.057,0.076,0.076,0.076,0.047,0.019,0.019,0.019,0.009,0.019,0.019,0.009,0.009,0.019,0.009,0.019,0.019,0.028,0.019,0.019,0.019,0.028,0.019,0.009,0.019,0.009,0.009,0.009,0.009,0.019,0.009,0.009,0.009,0.009,0.009,0,0.009,0
2026-08-13T01:00:00Z,0,0,0,0,0,0.031,0.601,1.54,0.585,0.708,0.524,0.431,0.385,0.739,0.431,0.231,0.262,0.123,0.077,0.108,0.092,0.123,0.062,0.046,0.046,0.062,0.062,0.077,0.092,0.046,0.062,0.046,0.015,0.015,0.015,0.015,0.015,0.015,0.015,0.015,0.031,0.031,0.031,0.031,0.015,0.015,0.015,0.015,0.015,0.015,0,0.015,0.015,0,0,0,0,0,0,0,0,0,0,0
2026-08-13T02:00:00Z,0,0,0,0.009,0.018,0.063,0.33,0.759,0.339,0.491,0.893,0.786,0.411,0.866,0.241,0.286,0.179,0.152,0.063,0.071,0.054,0.054,0.063,0.054,0.054,0.054,0.08,0.089,0.071,0.071,0.089,0.063,0.027,0.027,0.027,0.018,0.009,0.027,0.036,0.045,0.045,0.036,0.045,0.027,0.018,0.018,0.009,0.018,0.018,0.018,0.009,0.018,0.009,0.009,0,0.009,0.009,0,0.009,0,0.009,0,0,0
2026-08-13T03:00:00Z,0,0,0,0,0.016,0.066,0.262,1,0.689,0.131,1.64,0.902,0.607,0.394,0.771,0.262,0.328,0.23,0.115,0.082,0.066,0.066,0.066,0.049,0.049,0.049,0.049,0.049,0.049,0.066,0.049,0.033,0.016,0.033,0.033,0.033,0.082,0.033,0.049,0.033,0.033,0.033,0.016,0.016,0.016,0.016,0.016,0.016,0.016,0.016,0,0,0,0,0,0.016,0,0.016,0,0,0,0,0,0
2026-08-13T04:00:00Z,0,0,0,0,0.022,0.067,0.426,0.918,0.459,0.739,1.12,0.448,0.325,0.504,0.885,0.258,0.291,0.314,0.168,0.09,0.034,0.045,0.034,0.034,0.067,0.056,0.056,0.056,0.045,0.067,0.045,0.045,0.056,0.067,0.067,0.045,0.034,0.056,0.022,0.034,0.011,0.022,0.011,0.022,0.011,0.022,0.011,0.011,0.011,0.011,0.011,0.011,0.011,0.011,0,0.011,0.011,0,0,0,0,0,0,0
2026-08-13T05:00:00Z,0,0,0,0,0.034,0.085,0.338,1.69,0.321,0.541,0.828,1.132,0.71,0.592,0.744,0.321,0.237,0.169,0.118,0.068,0.068,0.051,0.034,0.034,0.034,0.034,0.051,0.085,0.068,0.051,0.051,0.051,0.068,0.068,0.034,0.034,0.017,0.034,0.034,0.017,0.017,0.017,0,0.017,0,0.017,0,0,0.017,0.017,0,0,0,0,0,0,0,0,0,0,0,0,0,0
2026-08-13T06:00:00Z,0,0,0,0,0,0.03,0.39,3,0.87,0.72,0.69,0.84,0.3,0.57,0.24,0.42,0.27,0.15,0.09,0.06,0.06,0.03,0.03,0.03,0.03,0.03,0.06,0.06,0.06,0.06,0.06,0.06,0.06,0.06,0.06,0.03,0.03,0,0,0.03,0,0,0,0,0,0,0,0,0,0,0,0,0,0,0,0,0,0,0,0,0,0,0,0
2026-08-13T07:00:00Z,0,0,0,0.012,0.023,0.069,0.506,1.047,1.15,0.529,1.058,0.932,0.564,0.414,0.322,0.587,0.403,0.219,0.127,0.092,0.092,0.046,0.035,0.023,0.058,0.069,0.035,0.081,0.058,0.069,0.069,0.058,0.058,0.046,0.046,0.023,0.023,0.035,0.023,0.023,0.012,0.012,0.012,0.012,0.012,0.012,0,0,0,0,0,0,0,0,0,0,0,0,0,0,0,0,0,0
2026-08-13T08:00:00Z,0,0,0,0,0.041,0.041,0.338,1.35,0.702,0.486,0.716,0.351,0.392,0.499,0.594,0.405,0.216,0.189,0.135,0.081,0.068,0.041,0.027,0.041,0.041,0.041,0.054,0.081,0.081,0.095,0.108,0.081,0.081,0.068,0.041,0.027,0.041,0.041,0.027,0.014,0.014,0.014,0.014,0,0,0,0,0,0,0,0,0,0,0,0,0,0,0,0,0,0,0,0,0
2026-08-13T09:00:00Z,0,0,0,0,0.028,0.042,0.098,1.4,1.176,0.322,0.714,0.91,0.574,0.35,0.266,0.434,0.364,0.196,0.098,0.084,0.098,0.056,0.07,0.042,0.042,0.056,0.042,0.07,0.154,0.112,0.126,0.112,0.056,0.07,0.028,0.028,0.028,0.028,0.014,0.014,0.014,0.014,0.014,0.014,0,0,0,0,0,0,0,0,0,0,0,0,0,0,0,0,0,0,0,0
2026-08-13T10:00:00Z,0,0,0,0,0.036,0.018,0.234,0.936,0.954,0.936,1.386,1.8,0.756,0.522,0.396,0.216,0.288,0.198,0.198,0.144,0.126,0.072,0.054,0.036,0.036,0.054,0.072,0.108,0.072,0.126,0.09,0.108,0.054,0.054,0.036,0.036,0.036,0.036,0.018,0,0,0,0,0,0,0,0,0,0,0,0,0,0,0,0,0,0,0,0,0,0,0,0,0
2026-08-13T11:00:00Z,0,0,0,0,0.026,0.066,0.537,1.31,0.825,0.393,1.035,0.485,0.328,0.891,0.249,0.498,0.249,0.21,0.157,0.144,0.131,0.066,0.039,0.039,0.052,0.039,0.052,0.066,0.105,0.092,0.118,0.079,0.066,0.052,0.052,0.039,0.026,0.013,0.013,0.013,0,0,0,0,0,0,0,0.013,0,0,0,0,0,0,0,0,0,0,0,0,0,0,0,0
2026-08-13T12:00:00Z,0,0,0,0,0.025,0.049,0.344,0.234,1.23,0.763,0.689,0.898,0.455,0.787,0.406,0.406,0.221,0.209,0.258,0.098,0.086,0.061,0.049,0.049,0.049,0.037,0.049,0.086,0.098,0.086,0.074,0.086,0.037,0.025,0.012,0.012,0.012,0.012,0.012,0.012,0,0,0.012,0,0,0,0,0,0,0,0,0,0,0,0,0,0,0,0,0,0,0,0,0
2026-08-13T13:00:00Z,0,0,0,0,0.014,0.027,0.365,1.35,0.594,0.634,1.215,0.891,0.716,0.567,0.284,0.675,0.284,0.257,0.216,0.135,0.135,0.041,0.068,0.041,0.041,0.027,0.014,0.054,0.041,0.041,0.081,0.081,0.041,0.041,0.027,0.027,0.014,0.014,0.014,0,0,0,0,0,0,0,0,0,0,0,0,0,0,0,0,0,0,0,0,0,0,0,0,0
2026-08-13T14:00:00Z,0,0,0,0,0.047,0.031,0.29,0.502,0.564,0.494,0.635,0.784,0.361,0.337,0.431,0.564,0.306,0.251,0.321,0.141,0.102,0.071,0.063,0.071,0.031,0.039,0.031,0.031,0.039,0.063,0.047,0.039,0.055,0.047,0.031,0.024,0.016,0.008,0.008,0.008,0.008,0.008,0,0.008,0.008,0.008,0,0,0,0,0,0,0,0,0,0,0,0,0,0,0,0,0,0
2026-08-13T15:00:00Z,0,0,0,0,0.018,0.037,0.421,0.732,0.567,0.695,1.354,1.83,0.64,0.842,0.201,0.403,0.238,0.311,0.183,0.11,0.092,0.055,0.073,0.055,0.055,0.037,0.037,0.037,0.037,0.037,0.073,0.037,0.037,0.037,0.037,0.037,0.018,0,0,0,0,0,0,0,0,0,0,0,0,0,0,0,0,0,0,0,0,0,0,0,0,0,0,0
2026-08-13T16:00:00Z,0,0,0,0.011,0.044,0.033,0.222,0.466,1.11,0.255,0.855,0.833,0.599,0.455,0.366,0.366,0.322,0.178,0.155,0.111,0.1,0.044,0.044,0.067,0.033,0.044,0.044,0.022,0.044,0.056,0.044,0.056,0.044,0.056,0.044,0.022,0.022,0.011,0.011,0,0,0,0,0,0,0,0,0,0,0,0,0,0,0,0,0,0,0,0,0,0,0,0,0
2026-08-13T17:00:00Z,0,0,0,0,0.033,0.076,0.24,0.403,1.09,0.763,0.578,0.818,0.687,0.392,0.305,0.294,0.283,0.283,0.207,0.153,0.087,0.098,0.065,0.022,0.022,0.033,0.022,0.022,0.022,0.044,0.044,0.055,0.033,0.033,0.033,0.033,0.022,0.022,0.011,0.011,0.011,0.011,0.011,0.011,0,0,0,0,0,0,0,0,0,0,0,0,0,0,0,0,0,0,0,0
2026-08-13T18:00:00Z,0,0,0,0,0.065,0.052,0.297,0.955,1.135,0.787,0.374,0.761,1.29,0.374,0.426,0.297,0.31,0.271,0.168,0.168,0.116,0.065,0.039,0.039,0.039,0.026,0.026,0.026,0.026,0.052,0.065,0.065,0.039,0.026,0.026,0.013,0.013,0.013,0.013,0.013,0,0,0,0,0,0,0,0,0,0,0,0,0,0,0,0,0,0,0,0,0,0,0,0
2026-08-13T19:00:00Z,0,0,0,0.015,0.046,0.046,0.26,1.53,1.469,0.643,0.903,0.612,0.291,0.673,0.398,0.367,0.581,0.306,0.184,0.122,0.061,0.077,0.046,0.031,0.015,0.031,0.015,0.015,0.015,0.031,0.031,0.077,0.061,0.031,0.031,0.031,0.015,0.015,0.015,0.015,0,0,0,0,0,0,0,0,0,0,0,0,0,0,0,0,0,0,0,0,0,0,0,0
2026-08-13T20:00:00Z,0,0,0,0,0.042,0.032,0.168,0.745,0.567,0.609,1.05,0.871,0.903,0.662,0.221,0.41,0.504,0.284,0.336,0.147,0.137,0.095,0.063,0.032,0.042,0.042,0.032,0.032,0.032,0.021,0.063,0.053,0.032,0.053,0.032,0.042,0.021,0.011,0.011,0.011,0.011,0.011,0.011,0,0,0,0,0,0,0,0,0,0,0,0,0,0,0,0,0,0,0,0,0
2026-08-13T21:00:00Z,0,0,0,0,0.014,0.056,0.141,1.1,1.41,0.634,1.297,0.705,0.846,0.874,0.536,0.324,0.395,0.367,0.282,0.183,0.141,0.127,0.085,0.085,0.056,0.042,0.028,0.014,0.014,0.014,0.028,0.028,0.042,0.042,0.028,0.028,0.014,0.014,0.014,0.014,0,0,0,0,0,0,0,0,0,0,0,0,0,0,0,0,0,0,0,0,0,0,0,0
2026-08-13T22:00:00Z,0,0,0,0,0.059,0.079,0.326,0.336,0.987,0.957,0.77,0.681,0.74,0.355,0.454,0.464,0.77,0.444,0.168,0.118,0.118,0.089,0.109,0.079,0.069,0.059,0.039,0.03,0.03,0.02,0.03,0.03,0.02,0.02,0.02,0.02,0.02,0.03,0.02,0.01,0.02,0.01,0.01,0.01,0,0.01,0.01,0.01,0,0.01,0.01,0.01,0.01,0.01,0.01,0.01,0.01,0,0,0,0.01,0,0,0
2026-08-13T23:00:00Z,0,0,0,0,0.025,0.101,0.127,0.708,2.53,1.164,0.759,1.088,0.911,0.177,0.784,0.127,0.506,0.329,0.228,0.101,0.051,0.101,0.076,0.051,0.051,0.025,0.025,0.025,0.025,0.025,0,0,0,0,0,0,0.025,0.025,0,0,0,0,0,0,0,0,0,0,0,0,0,0,0,0,0,0,0,0,0,0,0,0,0,0
2026-08-14T00:00:00Z,0,0,0,0,0.035,0.177,0.142,0.885,1.18,1.145,1.109,0.802,0.614,0.413,0.401,0.354,0.543,0.389,0.271,0.083,0.071,0.071,0.035,0.071,0.059,0.035,0.024,0.035,0.024,0.024,0.024,0.024,0.012,0.012,0.012,0.012,0.012,0,0.012,0,0.012,0.012,0,0,0.012,0.012,0.012,0.012,0.012,0.012,0.012,0.012,0.012,0,0,0.012,0,0,0,0,0,0,0,0
2026-08-14T01:00:00Z,0,0,0,0.008,0.05,0.134,0.209,0.728,0.829,0.762,0.444,0.837,0.368,0.435,0.561,0.377,0.352,0.184,0.126,0.126,0.092,0.033,0.067,0.067,0.042,0.033,0.033,0.033,0.033,0.033,0.025,0.017,0.025,0.017,0.017,0.008,0.008,0,0,0,0,0,0,0,0,0,0.008,0,0,0,0.008,0.008,0.008,0.008,0.008,0,0,0,0,0,0,0,0,0
2026-08-14T02:00:00Z,0,0,0,0.008,0.033,0.259,0.109,0.343,0.837,0.418,0.46,0.762,0.485,0.251,0.251,0.352,0.402,0.201,0.268,0.117,0.075,0.067,0.092,0.05,0.059,0.033,0.033,0.025,0.025,0.033,0.017,0.025,0.017,0.008,0.008,0.008,0.008,0,0,0,0,0,0,0,0,0,0,0,0,0,0.008,0,0,0,0,0,0,0,0,0,0,0,0,0
2026-08-14T03:00:00Z,0,0,0,0,0.035,0.302,0.128,0.824,0.824,1.16,0.8,1.021,0.244,0.522,0.487,0.615,0.209,0.232,0.139,0.151,0.104,0.081,0.07,0.07,0.046,0.023,0.023,0.012,0.012,0.023,0.023,0.012,0.023,0.012,0.012,0.012,0,0,0,0,0,0,0,0,0,0,0,0,0,0,0,0,0,0,0,0,0,0,0,0,0,0,0,0
2026-08-14T04:00:00Z,0,0,0,0,0.037,0.252,0.131,0.859,0.794,0.729,0.495,0.869,0.934,0.514,0.439,0.318,0.224,0.28,0.205,0.121,0.075,0.103,0.075,0.037,0.047,0.019,0.028,0.009,0.019,0.019,0.019,0.019,0.019,0.019,0.009,0.009,0,0,0,0,0,0,0,0,0,0,0.009,0,0,0,0,0.009,0,0,0,0,0,0,0,0,0,0,0,0
2026-08-14T05:00:00Z,0,0,0,0,0.014,0.348,0.222,0.431,1.181,0.945,0.723,0.945,1.39,0.264,0.626,0.278,0.486,0.167,0.125,0.083,0.07,0.042,0.083,0.028,0.028,0.028,0.014,0.014,0,0.014,0.014,0.028,0.014,0,0.014,0.014,0,0,0,0,0,0,0,0,0,0,0,0,0,0,0,0,0,0,0,0,0,0,0,0,0,0,0,0
2026-08-14T06:00:00Z,0,0,0,0,0.054,0.125,0.161,1.146,1.11,1.271,1.79,1.271,0.519,0.913,0.376,0.448,0.573,0.251,0.197,0.09,0.072,0.054,0.036,0.018,0.018,0.036,0.018,0.018,0.018,0.018,0.018,0.018,0.018,0.018,0.018,0,0.018,0,0,0,0,0,0,0,0,0,0,0,0,0,0,0,0,0,0,0,0,0,0,0,0,0,0,0
2026-08-14T07:00:00Z,0,0,0,0.012,0.049,0.403,0.134,0.622,0.415,1.22,0.622,1.208,0.744,0.586,1.049,0.232,0.512,0.305,0.134,0.11,0.098,0.061,0.049,0.037,0.024,0.037,0.012,0.012,0.012,0.012,0.012,0.024,0.012,0.012,0.012,0.012,0.012,0,0,0,0,0,0,0,0,0,0,0,0,0,0,0,0,0,0,0,0,0,0,0,0,0,0,0
2026-08-14T08:00:00Z,0,0,0,0.016,0.049,0.421,0.275,0.664,0.794,1.361,0.923,1.62,0.891,0.778,0.923,0.761,0.454,0.324,0.227,0.178,0.146,0.081,0.065,0.049,0.016,0.016,0.016,0.016,0.016,0.016,0.016,0.016,0.016,0.016,0.016,0.016,0,0,0,0,0,0,0,0,0,0,0,0,0,0,0,0,0,0,0,0,0,0,0,0,0,0,0,0
2026-08-14T09:00:00Z,0,0,0,0.015,0.046,0.245,0.26,0.658,0.887,0.796,1.163,1.53,0.444,0.75,0.75,0.26,0.214,0.153,0.168,0.138,0.092,0.061,0.046,0.061,0.031,0.031,0.031,0.031,0.015,0.015,0.015,0.015,0.015,0.015,0.015,0.015,0,0,0,0,0,0,0,0,0,0,0,0,0,0,0,0,0,0,0,0,0,0,0,0,0,0,0,0
2026-08-14T10:00:00Z,0,0,0,0,0.033,0.267,0.217,0.501,1.369,1.67,0.802,0.685,0.835,0.752,0.418,0.484,0.351,0.267,0.2,0.184,0.134,0.15,0.117,0.05,0.033,0.033,0.033,0.017,0.017,0.017,0.017,0.017,0.017,0.017,0.017,0.017,0.017,0,0,0,0,0,0,0,0,0,0,0,0,0,0,0,0,0,0,0,0,0,0,0,0,0,0,0
2026-08-14T11:00:00Z,0,0,0,0,0.072,0.936,0.504,0.522,1.098,1.314,1.8,1.494,0.936,0.252,0.486,0.684,0.342,0.234,0.18,0.198,0.108,0.108,0.072,0.126,0.108,0.072,0.036,0.018,0.036,0.018,0.018,0,0,0,0.018,0.018,0.018,0.018,0,0,0,0,0,0,0,0,0,0,0,0,0,0,0,0,0,0,0,0,0,0,0,0,0,0
2026-08-14T12:00:00Z,0,0,0,0,0.058,0.259,0.432,0.36,0.95,1.123,0.518,1.44,0.922,0.605,0.734,0.446,0.518,0.374,0.288,0.36,0.245,0.187,0.115,0.101,0.058,0.029,0.014,0.029,0.029,0.029,0.014,0.014,0.014,0.014,0.014,0.014,0,0.014,0,0,0,0.014,0,0,0,0,0,0,0,0,0,0,0,0,0,0,0,0,0,0,0,0,0,0
2026-08-14T13:00:00Z,0,0,0,0.022,0.09,0.292,0.315,0.743,1.597,2.25,0.383,0.585,1.08,0.652,0.472,0.225,0.472,0.427,0.315,0.337,0.18,0.18,0.18,0.09,0.09,0.045,0.022,0.022,0.022,0.022,0.022,0.022,0.022,0.022,0,0,0,0,0,0,0,0,0,0,0,0,0,0,0,0,0,0,0,0,0,0,0,0,0,0,0,0,0,0
2026-08-14T14:00:00Z,0,0,0,0,0.035,0.23,0.46,0.478,1.77,1.009,0.974,1.08,0.814,0.372,0.407,0.549,0.531,0.283,0.283,0.407,0.212,0.124,0.177,0.089,0.071,0.053,0.035,0.035,0.018,0.018,0.018,0.018,0,0.018,0,0,0,0,0,0.018,0,0,0,0.018,0.018,0,0,0,0,0,0,0,0,0,0,0,0,0,0,0,0,0,0,0
2026-08-14T15:00:00Z,0,0,0,0,0.054,0.941,0.507,0.217,1.81,0.869,1.177,0.543,0.977,0.362,0.543,0.416,0.416,0.398,0.272,0.272,0.217,0.127,0.072,0.072,0.091,0.054,0.036,0.036,0.018,0.018,0.018,0.018,0.018,0,0.018,0,0,0,0,0,0.018,0.018,0.018,0.018,0.018,0,0,0,0,0,0,0,0,0,0,0,0,0,0,0,0,0,0,0
2026-08-14T16:00:00Z,0,0,0,0.015,0.092,0.643,1.53,0.505,1.193,1.239,0.474,0.551,0.413,0.857,0.49,0.398,0.367,0.551,0.275,0.138,0.199,0.138,0.092,0.092,0.046,0.046,0.015,0.015,0.015,0.015,0.015,0.015,0,0.015,0,0,0.015,0,0,0,0,0.015,0,0,0.015,0,0,0,0,0,0,0,0,0,0,0,0,0,0,0,0,0,0,0
2026-08-14T17:00:00Z,0,0,0,0.016,0.016,0.363,0.648,0.395,1.264,1.58,1.438,0.3,0.79,0.664,0.442,0.284,0.6,0.569,0.348,0.3,0.174,0.126,0.095,0.079,0.047,0.047,0.047,0.047,0.016,0.016,0.016,0,0,0.016,0.016,0.016,0.016,0,0,0.016,0,0,0,0,0.016,0.016,0,0,0,0,0,0,0,0,0,0,0,0,0,0,0,0,0,0
2026-08-14T18:00:00Z,0,0,0,0.014,0.082,0.521,1.206,0.438,1.37,0.658,0.863,1.356,0.63,0.219,0.37,0.521,0.589,0.781,0.384,0.178,0.137,0.151,0.082,0.055,0.055,0.055,0.041,0.027,0.027,0.014,0.014,0.014,0.014,0.014,0.014,0,0.014,0,0.014,0,0,0,0.014,0.014,0.014,0,0.014,0,0.014,0,0,0,0,0,0,0,0,0,0,0,0,0,0,0
2026-08-14T19:00:00Z,0,0,0,0,0.063,0.359,1.182,0.823,2.11,1.076,1.751,1.139,0.654,0.675,0.443,0.443,0.401,0.316,0.274,0.169,0.169,0.105,0.084,0.063,0.042,0.021,0.021,0.021,0,0,0,0.021,0,0,0,0,0,0,0,0,0,0,0,0,0,0,0,0.021,0,0,0,0.021,0,0,0,0.021,0,0,0,0,0,0,0,0
2026-08-14T20:00:00Z,0,0,0,0.017,0.034,0.359,1.71,0.359,0.855,1.334,0.821,1.283,0.787,0.496,0.547,0.154,0.479,0.325,0.188,0.154,0.12,0.086,0.086,0.051,0.051,0.051,0.034,0.017,0.017,0,0,0.017,0,0,0,0,0,0,0,0,0,0,0.017,0,0,0,0,0.017,0.017,0.017,0.017,0.017,0.017,0,0.017,0,0,0,0,0,0,0,0,0
2026-08-14T21:00:00Z,0,0,0,0,0.061,0.51,1.346,0.979,2.04,1.142,1.652,0.551,0.469,0.53,0.449,0.163,0.347,0.306,0.245,0.224,0.163,0.082,0.061,0.061,0.041,0.041,0.02,0,0,0,0,0,0,0,0,0,0,0,0,0,0,0,0,0,0,0,0,0,0,0,0.02,0,0,0,0,0,0,0,0,0,0,0,0,0
2026-08-14T22:00:00Z,0,0,0,0,0.032,0.37,0.853,0.564,1.61,0.435,1.24,0.966,0.531,0.515,0.564,0.354,0.354,0.306,0.258,0.161,0.129,0.145,0.081,0.097,0.048,0.016,0.016,0.016,0.016,0,0,0,0,0,0,0,0,0,0,0,0,0.016,0.016,0,0,0,0.016,0,0.016,0,0,0,0,0.016,0,0,0,0,0,0,0,0,0,0
2026-08-14T23:00:00Z,0,0,0,0.021,0.064,0.428,2.14,0.428,1.541,0.942,0.877,1.348,0.813,0.535,0.3,0.257,0.385,0.428,0.342,0.15,0.15,0.193,0.128,0.107,0.064,0.043,0.021,0.021,0,0,0,0,0,0,0,0,0,0,0,0,0,0,0,0,0,0,0,0,0,0,0,0,0,0.021,0.021,0,0,0,0,0,0,0,0,0
2026-08-15T00:00:00Z,0,0,0,0,0.051,0.354,2.53,0.455,1.189,1.619,0.658,0.607,1.088,0.38,0.481,0.481,0.506,0.278,0.202,0.101,0.101,0.101,0.101,0.076,0.051,0.025,0.025,0.025,0.025,0,0,0,0,0,0,0,0,0,0,0,0,0,0,0,0,0,0,0,0,0,0,0.025,0,0,0,0,0,0,0,0,0,0,0,0
2026-08-15T01:00:00Z,0,0,0,0,0.036,0.249,1.673,0.73,1.086,1.78,0.979,0.926,0.481,0.409,0.374,0.249,0.392,0.285,0.196,0.125,0.089,0.089,0.071,0.036,0.053,0.036,0.036,0.036,0.018,0,0,0,0,0,0,0,0,0,0.018,0.018,0.018,0.018,0.036,0.018,0.036,0.053,0.036,0.018,0.018,0.018,0.018,0,0,0,0,0,0,0,0,0,0,0,0,0
2026-08-15T02:00:00Z,0,0,0,0,0.045,0.313,4.47,0.492,1.073,1.252,1.117,1.207,0.67,0.536,0.313,0.313,0.313,0.313,0.224,0.134,0.089,0.045,0.045,0.045,0.045,0.045,0,0,0,0,0,0,0,0,0,0,0.045,0.045,0,0.045,0,0,0,0,0,0,0,0,0,0,0,0,0,0,0,0,0,0,0,0,0,0,0,0
2026-08-15T03:00:00Z,0,0,0,0,0.113,0.705,2.82,1.043,0.874,1.833,1.833,0.846,0.818,0.226,0.395,0.282,0.254,0.254,0.282,0.113,0.141,0.056,0.056,0.056,0.028,0.028,0.028,0,0,0,0,0,0,0,0.028,0.028,0.028,0.028,0.028,0.028,0.028,0,0,0.028,0,0,0,0,0,0,0,0,0,0,0,0,0,0,0,0,0,0,0,0
2026-08-15T04:00:00Z,0,0,0,0,0.083,0.413,4.13,0.991,1.115,1.528,0.661,1.156,0.413,0.289,0.248,0.372,0.248,0.248,0.248,0.083,0.041,0.083,0.083,0.041,0.041,0,0.041,0,0,0,0,0,0,0,0,0,0,0,0,0,0,0,0,0,0,0,0,0,0,0,0,0,0,0,0,0,0,0,0,0,0,0,0,0
2026-08-15T05:00:00Z,0,0,0,0,0.06,0.482,6.03,1.628,1.025,1.99,0.844,1.085,0.362,0.482,0.301,0.301,0.241,0.181,0.241,0.181,0.06,0,0.06,0,0,0,0,0,0,0,0,0,0,0,0,0,0,0,0,0,0,0,0,0,0,0,0,0,0,0,0,0,0,0,0,0,0,0,0,0,0,0,0,0
2026-08-15T06:00:00Z,0,0,0,0,0.042,0.423,4.23,2.707,1.692,1.819,0.761,0.888,0.634,0.677,0.169,0.338,0.211,0.211,0.127,0.085,0.085,0.042,0.042,0.042,0.042,0,0,0,0,0,0,0,0,0,0,0,0,0,0,0,0,0,0,0,0,0,0,0,0,0,0,0,0,0,0,0,0,0,0,0,0,0,0,0
2026-08-15T07:00:00Z,0,0,0,0,0.062,0.312,3.12,2.09,1.934,1.092,1.466,1.685,0.967,0.686,0.156,0.125,0.25,0.281,0.25,0.125,0.062,0.062,0.031,0.031,0.031,0,0.031,0,0,0,0,0.031,0.031,0.031,0.031,0.031,0.031,0,0,0,0,0,0,0,0,0,0,0,0,0,0,0,0,0,0,0,0,0,0,0,0,0,0,0
2026-08-15T08:00:00Z,0,0,0,0,0.047,0.326,1.748,2.004,1.817,2.33,1.887,0.652,0.699,0.28,0.256,0.349,0.256,0.186,0.256,0.117,0.093,0.093,0.047,0.023,0.023,0.023,0.023,0.023,0.023,0.023,0.023,0,0.047,0.023,0.047,0.023,0.023,0.023,0,0,0,0,0,0,0,0,0,0,0,0,0,0,0,0,0,0,0,0,0,0,0,0,0,0
2026-08-15T09:00:00Z,0,0,0,0,0.039,0.196,3.214,3.92,1.803,0.47,0.823,0.431,0.47,0.353,0.157,0.314,0.314,0.235,0.196,0.196,0.078,0.078,0.078,0.039,0,0,0,0,0,0,0,0,0.039,0.039,0,0,0,0,0,0,0,0,0,0,0,0,0,0,0,0,0,0,0,0,0,0,0,0,0,0,0,0,0,0
2026-08-15T10:00:00Z,0,0,0,0,0.056,0.45,5.62,3.597,1.686,1.517,0.618,0.506,0.562,0.562,0.225,0.225,0.225,0.225,0.169,0.112,0.112,0.056,0.056,0.056,0.056,0,0,0,0,0,0.056,0,0,0,0,0,0,0,0,0,0,0,0,0,0,0,0,0,0,0,0,0,0,0,0,0,0,0,0,0,0,0,0,0
2026-08-15T11:00:00Z,0,0,0,0,0.033,0.26,3.25,3.217,1.463,1.852,1.365,0.618,0.357,0.455,0.228,0.098,0.26,0.228,0.163,0.098,0.163,0.098,0.065,0.065,0.065,0.065,0.033,0,0.033,0,0.033,0.033,0.033,0.065,0.033,0.065,0.033,0.033,0,0,0,0,0,0,0,0,0,0,0,0,0,0,0,0,0,0,0,0,0,0,0,0,0,0
2026-08-15T12:00:00Z,0,0,0,0,0.029,0.115,2.88,2.592,0.922,2.16,0.518,0.835,0.288,0.576,0.432,0.23,0.202,0.173,0.173,0.144,0.144,0.115,0.086,0.115,0.086,0.115,0.029,0.029,0.029,0.029,0.029,0.029,0.029,0.058,0.058,0.029,0,0,0,0,0,0,0,0,0,0,0,0,0,0,0,0,0,0,0,0,0,0,0,0,0,0,0,0
2026-08-15T13:00:00Z,0,0,0,0,0,0.202,2.268,5.04,1.058,1.714,0.958,0.202,0.504,0.302,0.252,0.151,0.202,0.202,0.05,0.101,0.151,0.202,0.101,0.05,0.05,0.101,0.05,0,0,0,0.05,0.05,0.05,0.05,0.05,0,0,0,0,0,0,0,0,0,0,0,0,0,0,0,0,0,0,0,0,0,0,0,0,0,0,0,0,0
2026-08-15T14:00:00Z,0,0,0,0.034,0.069,0.172,2.23,3.43,1.166,0.686,1.132,0.858,0.549,0.377,0.274,0.274,0.24,0.206,0.137,0.103,0.137,0.103,0.034,0.069,0.069,0.034,0.034,0.034,0.034,0.034,0,0.034,0.034,0.034,0.034,0.034,0,0,0,0,0,0,0,0,0,0,0,0,0,0,0,0,0,0,0,0,0,0,0,0,0,0,0,0
2026-08-15T15:00:00Z,0,0,0,0,0.048,0.194,1.694,4.84,0.436,2.226,1.404,0.823,0.968,0.581,0.242,0.194,0.242,0.194,0.097,0.048,0.097,0.097,0.097,0.097,0.048,0.048,0,0.048,0.048,0.048,0.048,0.048,0,0,0,0,0.048,0,0,0,0,0,0,0,0,0,0,0,0,0,0,0,0,0,0,0,0,0,0,0,0,0,0,0
2026-08-15T16:00:00Z,0,0,0,0,0.057,0.115,1.779,5.74,1.492,1.665,0.689,0.631,0.804,0.517,0.172,0.115,0.172,0.172,0.115,0.057,0.057,0.057,0.057,0.057,0,0,0.057,0.057,0,0,0,0,0,0,0,0,0,0,0,0,0,0,0,0,0,0,0,0,0,0,0,0,0,0,0,0,0,0,0,0,0,0,0,0
2026-08-15T17:00:00Z,0,0,0,0,0.069,0.414,2.553,6.9,2.208,2.07,0.621,0.483,1.311,0.483,0.414,0.276,0.138,0.138,0.138,0.069,0.069,0.069,0.069,0.069,0.138,0.069,0.069,0.069,0,0,0,0.069,0.069,0,0,0,0,0,0,0,0.069,0,0,0,0,0,0,0,0,0,0,0,0,0,0,0,0,0,0,0,0,0,0,0
2026-08-15T18:00:00Z,0,0,0,0,0.062,0.216,1.885,2.41,3.09,1.978,1.02,0.587,0.742,0.371,0.247,0.062,0.154,0.247,0.185,0.093,0.093,0.062,0.062,0.031,0.062,0.062,0.093,0.062,0.062,0.062,0.031,0.031,0.062,0.062,0.093,0.031,0.031,0.031,0.031,0.031,0.031,0.062,0.031,0.031,0.031,0.031,0,0,0,0,0,0,0,0,0,0,0,0,0,0,0,0,0,0
2026-08-15T19:00:00Z,0,0,0,0,0,0.126,1.633,6.28,2.763,1.633,1.13,1.005,0.565,0.314,0.377,0.314,0.188,0.188,0.126,0.063,0,0,0.063,0.063,0.063,0.063,0,0.063,0.063,0,0,0,0,0,0,0.063,0.063,0.063,0,0,0.063,0,0,0,0,0,0,0,0,0,0,0,0,0,0,0,0,0,0,0,0,0,0,0
2026-08-15T20:00:00Z,0,0,0,0,0.055,0.165,2.361,5.49,2.086,0.933,0.824,0.769,0.549,0.22,0.22,0.22,0.165,0.22,0.165,0.055,0.11,0.055,0.055,0.055,0,0.055,0.055,0.055,0.055,0.055,0.055,0.11,0,0.055,0.055,0.055,0.055,0.055,0,0.055,0.055,0.055,0,0,0,0,0.055,0,0,0,0,0,0,0,0,0,0,0,0,0,0,0,0,0
2026-08-15T21:00:00Z,0,0,0,0,0,0.169,1.638,5.65,3.333,0.961,1.299,0.734,0.565,0.565,0.113,0.169,0.056,0.056,0.056,0.056,0.056,0.056,0,0.056,0.056,0.056,0,0.056,0.113,0.056,0.169,0.169,0.113,0.056,0.113,0.113,0.056,0.056,0,0,0,0.056,0,0,0,0,0,0,0,0,0,0,0,0,0,0,0,0,0,0,0,0,0,0
2026-08-15T22:00:00Z,0,0,0,0,0,0.086,1.073,4.29,2.274,2.445,1.201,0.815,0.729,0.3,0.215,0.172,0.129,0.129,0.129,0.086,0.086,0.043,0.043,0.086,0.043,0.043,0.086,0.086,0.043,0.086,0.043,0.129,0.086,0.129,0.043,0.086,0.086,0.086,0.043,0.043,0,0.043,0.043,0,0.043,0.043,0,0,0,0,0,0,0,0,0,0,0,0,0,0,0,0,0,0
2026-08-15T23:00:00Z,0,0,0,0,0.055,0.222,1.551,5.54,5.374,1.33,2.105,0.72,0.665,0.222,0.166,0.166,0.055,0.111,0.111,0.055,0.055,0.055,0.111,0.055,0.055,0.055,0.055,0.055,0,0.055,0.055,0.055,0.055,0.111,0.111,0.111,0.055,0.055,0,0,0.055,0.055,0,0,0,0,0,0,0,0,0,0,0,0,0,0,0,0,0,0,0,0,0,0
2026-08-16T00:00:00Z,0,0,0,0,0.046,0.139,1.204,4.63,1.574,2.361,1.111,0.741,0.463,0.324,0.185,0.278,0.093,0.139,0.139,0.046,0.046,0.046,0.093,0.093,0.093,0.046,0.093,0.046,0.093,0.046,0.046,0.046,0.093,0.093,0.139,0.093,0.093,0.046,0.046,0.046,0,0,0,0,0,0,0,0,0,0,0,0,0,0,0,0,0,0,0,0,0,0,0,0
2026-08-16T01:00:00Z,0,0,0,0,0,0.087,0.998,4.123,4.34,2.127,1.823,0.738,0.477,0.217,0.217,0.13,0.13,0.217,0.13,0.043,0.043,0.043,0.043,0.13,0.13,0.13,0.087,0.043,0.043,0.087,0.087,0.043,0.13,0.087,0.174,0.13,0.087,0.087,0.043,0.043,0,0,0.043,0,0,0,0,0,0,0,0,0,0,0,0,0,0,0,0,0,0,0,0,0
2026-08-16T02:00:00Z,0,0,0,0,0.033,0.098,0.918,1.771,3.28,1.082,1.279,0.886,0.197,0.295,0.131,0.131,0.066,0.098,0.131,0.098,0.066,0.066,0.098,0.098,0.164,0.197,0.197,0.131,0.098,0.098,0.131,0.098,0.066,0.098,0.066,0.098,0.066,0.066,0.066,0.033,0,0,0,0,0,0,0,0,0,0,0,0,0,0,0,0,0,0,0,0,0,0,0,0
2026-08-16T03:00:00Z,0,0,0,0,0,0.053,0.53,5.3,2.862,2.438,1.219,0.636,0.371,0.053,0.106,0.053,0.106,0.106,0.106,0.053,0.053,0.053,0.106,0.212,0.212,0.265,0.318,0.265,0.212,0.159,0.106,0.053,0.053,0.053,0.053,0.053,0,0.053,0,0,0,0,0,0,0,0,0,0,0,0,0,0,0,0,0,0,0,0,0,0,0,0,0,0
2026-08-16T04:00:00Z,0,0,0,0,0.048,0.142,1.235,4.75,2.47,1.662,0.902,0.808,0.38,0.238,0.142,0.19,0.095,0.095,0.095,0.048,0.048,0.048,0.048,0.142,0.238,0.285,0.285,0.238,0.19,0.142,0.095,0.048,0.048,0.048,0.048,0.048,0,0.048,0,0,0,0,0,0,0,0,0,0,0,0,0,0,0,0,0,0,0,0,0,0,0,0,0,0
2026-08-16T05:00:00Z,0,0,0,0,0.039,0.117,0.78,3.432,3.9,1.755,2.106,1.209,0.507,0.429,0.117,0.234,0.117,0.156,0.117,0.039,0.039,0.078,0.117,0.156,0.312,0.429,0.234,0.234,0.078,0.117,0.078,0.039,0.039,0.039,0.039,0.039,0.039,0.039,0,0,0,0,0,0,0,0,0,0,0,0.039,0,0,0,0,0,0,0,0,0,0,0,0,0,0
2026-08-16T06:00:00Z,0,0,0,0,0,0.069,0.253,1.242,2.3,2.093,1.173,1.058,0.391,0.345,0.23,0.115,0.092,0.069,0.115,0.046,0.046,0.069,0.092,0.184,0.46,0.345,0.391,0.161,0.115,0.115,0.046,0.069,0.092,0.069,0.046,0.046,0.023,0.023,0.023,0.023,0.023,0.023,0,0.023,0.023,0,0,0,0.023,0.023,0,0,0,0,0,0,0,0,0,0,0,0,0,0
2026-08-16T07:00:00Z,0,0,0,0,0,0.04,0.438,3.98,2.786,2.826,0.756,1.035,0.398,0.478,0.08,0.04,0.08,0.08,0.04,0.04,0.04,0.04,0.119,0.199,0.478,0.637,0.318,0.159,0.119,0.119,0.119,0.08,0.04,0.04,0.04,0.04,0.04,0,0.04,0,0,0,0,0,0,0,0,0,0,0,0,0,0,0,0,0,0,0,0,0,0,0,0,0
2026-08-16T08:00:00Z,0,0,0,0,0,0.074,0.184,3.68,2.392,3.054,1.03,0.626,0.258,0.147,0.147,0.037,0.074,0.11,0.11,0.074,0.037,0.074,0.11,0.147,0.442,0.331,0.221,0.184,0.147,0.11,0.11,0.11,0.074,0.037,0.074,0.037,0.037,0.037,0,0.037,0,0.037,0,0,0,0,0,0,0,0,0,0,0,0,0,0,0,0,0,0,0,0,0,0
2026-08-16T09:00:00Z,0,0,0,0,0,0.04,0.402,4.02,2.452,2.09,1.166,0.322,0.362,0.322,0.121,0.161,0.08,0.08,0.121,0.08,0.04,0.04,0.121,0.201,0.322,0.402,0.322,0.241,0.08,0.121,0.121,0.08,0.08,0.08,0.04,0.04,0.08,0.04,0,0,0,0,0,0,0,0,0,0,0,0,0,0,0,0,0,0,0,0,0,0,0,0,0,0
2026-08-16T10:00:00Z,0,0,0,0,0.028,0.057,0.511,2.414,2.84,1.761,1.392,0.966,0.511,0.17,0.17,0.085,0.057,0.085,0.057,0.057,0.057,0.085,0.114,0.227,0.312,0.454,0.483,0.312,0.199,0.114,0.057,0.085,0.085,0.085,0.028,0.057,0.028,0.028,0.028,0.028,0.028,0.028,0.028,0.028,0,0,0,0,0,0,0,0,0,0,0,0,0,0,0,0,0,0,0,0
2026-08-16T11:00:00Z,0,0,0,0,0,0.055,0.276,3.637,5.51,1.598,1.157,0.882,0.716,0.276,0.11,0.055,0.055,0.055,0.055,0.055,0.055,0.11,0.11,0.11,0.441,0.22,0.22,0.165,0.11,0.11,0.055,0.055,0.055,0.055,0,0.055,0,0,0,0,0,0,0,0,0,0,0,0,0,0,0,0,0,0,0,0,0,0,0,0,0,0,0,0
2026-08-16T12:00:00Z,0,0,0,0,0,0.048,0.289,3.326,3.615,4.82,2.41,0.916,0.53,0.289,0.241,0.048,0.048,0.048,0.048,0,0.048,0.096,0.096,0.241,0.241,0.145,0.193,0.145,0.193,0.193,0.096,0.048,0.096,0.048,0.048,0.048,0.048,0,0,0,0,0,0,0,0,0,0,0,0,0,0,0,0,0,0,0,0,0,0,0,0,0,0,0
2026-08-16T13:00:00Z,0,0,0,0,0,0.052,0.311,2.387,5.19,2.803,1.972,0.467,0.311,0.156,0.052,0.104,0.052,0.104,0.052,0.052,0.052,0.052,0.104,0.156,0.104,0.156,0.208,0.208,0.208,0.156,0.104,0.104,0.052,0.052,0.052,0.052,0,0,0,0,0,0,0,0,0,0,0,0,0,0,0,0,0,0,0,0,0,0,0,0,0,0,0,0
2026-08-16T14:00:00Z,0,0,0,0,0,0.046,0.091,1.961,2.371,4.56,1.915,0.638,0.502,0.228,0.228,0.091,0.091,0.091,0.046,0.046,0,0.046,0.091,0.182,0.274,0.274,0.228,0.182,0.137,0.182,0.137,0.091,0.046,0.046,0.046,0,0.046,0.046,0,0.046,0,0,0,0,0,0,0,0,0,0,0,0,0,0,0,0,0,0,0,0,0,0,0,0
2026-08-16T15:00:00Z,0,0,0,0,0,0.09,0.359,1.571,4.49,1.302,1.571,1.167,0.135,0.314,0.135,0.09,0.045,0.045,0.09,0.09,0.045,0.09,0.09,0.18,0.225,0.269,0.225,0.135,0.135,0.09,0.09,0.09,0.09,0.09,0.045,0.045,0,0,0,0,0,0,0,0,0,0,0,0,0,0,0,0,0,0,0,0,0,0,0,0,0,0,0,0
2026-08-16T16:00:00Z,0,0,0,0,0,0.048,0.242,3.291,4.84,1.162,1.404,0.871,0.726,0.242,0.048,0.048,0.048,0.048,0.097,0.048,0.048,0.097,0.145,0.29,0.339,0.194,0.242,0.242,0.194,0.097,0.048,0.048,0.048,0.048,0.048,0.048,0,0,0,0,0,0,0,0,0,0,0,0,0,0,0,0,0,0,0,0,0,0,0,0,0,0,0,0
2026-08-16T17:00:00Z,0,0,0,0,0,0.044,0.219,3.285,4.38,2.409,0.701,0.526,0.832,0.263,0.131,0.044,0.088,0.044,0.044,0.088,0.088,0.131,0.263,0.35,0.35,0.263,0.219,0.219,0.175,0.131,0.088,0.088,0.088,0.044,0.044,0.044,0.044,0,0,0,0,0,0,0,0,0,0,0,0,0,0,0,0,0,0,0,0,0,0,0,0,0,0,0
2026-08-16T18:00:00Z,0,0,0,0,0,0.089,0.224,3.174,4.47,2.235,1.028,0.894,0.402,0.358,0.313,0.045,0.045,0.089,0.134,0.134,0.134,0.134,0.179,0.313,0.313,0.268,0.224,0.224,0.134,0.179,0.045,0.045,0.045,0.045,0.045,0,0.045,0.045,0,0,0,0,0,0,0,0,0,0,0,0,0,0,0,0,0,0,0,0,0,0,0,0,0,0
2026-08-16T19:00:00Z,0,0,0,0,0.023,0.046,0.205,2.006,2.28,0.844,1.14,1.619,0.479,0.502,0.228,0.114,0.068,0.046,0.091,0.068,0.091,0.114,0.114,0.16,0.182,0.16,0.182,0.137,0.182,0.068,0.091,0.046,0.023,0.068,0.023,0.046,0.046,0.046,0.023,0.023,0.046,0.046,0.046,0.046,0.046,0.023,0.023,0.023,0.046,0.023,0.023,0.023,0,0.023,0.023,0,0,0,0,0,0,0,0,0
2026-08-16T20:00:00Z,0,0,0,0,0,0.03,0.119,1.158,1.752,2.97,1.099,0.772,0.683,0.475,0.297,0.178,0.059,0.059,0.059,0.089,0.148,0.178,0.178,0.148,0.148,0.148,0.148,0.119,0.089,0.119,0.089,0.059,0.059,0.089,0.03,0.03,0.059,0.089,0.089,0.059,0.059,0.059,0.03,0.089,0.059,0.059,0.03,0.059,0.03,0.03,0.03,0,0.03,0,0,0,0,0,0,0,0,0,0,0
2026-08-16T21:00:00Z,0,0,0,0,0.017,0.068,0.238,1.7,1.547,1.496,1.088,1.292,0.34,0.34,0.136,0.102,0.051,0.034,0.068,0.119,0.068,0.068,0.221,0.153,0.187,0.085,0.119,0.119,0.102,0.119,0.085,0.102,0.085,0.085,0.068,0.068,0.085,0.068,0.051,0.051,0.051,0.051,0.034,0.017,0.034,0.051,0.051,0.034,0.017,0.034,0.017,0.017,0,0.017,0.017,0.017,0.017,0.017,0,0,0.017,0.017,0.017,0.017
2026-08-16T22:00:00Z,0,0,0,0,0.031,0.031,0.306,3.06,2.54,0.949,1.346,0.918,0.367,0.398,0.214,0.061,0.061,0.031,0.061,0.061,0.061,0.122,0.214,0.214,0.184,0.092,0.122,0.061,0.092,0.092,0.061,0.092,0.061,0.092,0.061,0.031,0.092,0.122,0.031,0.031,0.061,0.061,0.061,0.031,0.031,0.031,0,0,0,0,0.031,0,0.031,0.031,0,0,0,0,0.031,0,0,0,0,0
2026-08-16T23:00:00Z,0,0,0,0,0,0.076,0.305,1.448,3.81,2.4,1.867,0.876,0.381,0.229,0.267,0.114,0.038,0.038,0.076,0.076,0.076,0.152,0.152,0.191,0.191,0.114,0.114,0.152,0.076,0.076,0.038,0.076,0.076,0.114,0.114,0.076,0.114,0.114,0.076,0.038,0.076,0.038,0.038,0.038,0.038,0.038,0.038,0.038,0.038,0,0,0,0,0,0,0,0,0,0,0,0,0,0,0
2026-08-17T00:00:00Z,0,0,0,0,0,0.034,0.102,1.017,3.39,2.204,1.322,0.881,0.576,0.542,0.17,0.068,0.034,0.034,0.034,0.102,0.136,0.203,0.271,0.237,0.136,0.102,0.136,0.17,0.136,0.136,0.136,0.136,0.102,0.034,0.068,0.102,0.068,0.068,0.068,0.034,0.068,0.034,0.034,0.034,0.034,0,0.034,0,0,0,0,0,0,0,0,0,0,0,0,0,0,0,0,0
2026-08-17T01:00:00Z,0,0,0,0,0,0.032,0.254,1.141,3.17,1.807,0.792,1.331,0.349,0.095,0.159,0.127,0.032,0.032,0.032,0.095,0.127,0.159,0.254,0.349,0.159,0.19,0.285,0.254,0.254,0.222,0.127,0.127,0.127,0.127,0.127,0.063,0.032,0.063,0.032,0.032,0.032,0.032,0,0,0,0.032,0,0,0,0,0,0,0,0,0,0,0,0,0,0,0,0,0,0
2026-08-17T02:00:00Z,0,0,0,0,0,0.058,0.116,1.45,5.8,1.16,1.102,0.406,0.174,0.29,0.116,0.116,0,0,0,0.058,0.116,0.174,0.174,0.29,0.29,0.174,0.174,0.174,0.174,0.174,0.116,0.058,0.058,0.058,0.058,0,0.058,0,0,0,0,0,0,0,0,0,0,0,0,0,0,0,0,0,0,0,0,0,0,0,0,0,0,0
2026-08-17T03:00:00Z,0,0,0,0,0,0.055,0.109,0.382,5.46,2.239,0.874,0.928,0.328,0.546,0.055,0.109,0.055,0,0.055,0.109,0.164,0.218,0.218,0.273,0.273,0.218,0.328,0.273,0.164,0.164,0.109,0.109,0.109,0.055,0.055,0.055,0.055,0.055,0,0,0,0,0,0,0,0,0,0,0,0,0,0,0,0,0,0,0,0,0,0,0,0,0,0
2026-08-17T04:00:00Z,0,0,0,0,0,0.043,0.213,0.807,4.25,3.485,0.892,0.255,0.213,0.128,0.085,0.043,0,0,0,0.085,0.128,0.255,0.34,0.298,0.255,0.298,0.255,0.17,0.17,0.128,0.085,0.085,0.043,0.043,0.043,0.043,0.043,0.043,0,0.043,0,0.043,0,0,0,0,0.043,0,0,0,0,0,0,0,0,0,0,0,0,0,0,0,0,0
2026-08-17T05:00:00Z,0,0,0,0,0.028,0.028,0.195,0.723,2.78,1.89,1.056,0.445,0.222,0.278,0.25,0.083,0.028,0.028,0.028,0.056,0.139,0.306,0.417,0.5,0.306,0.195,0.139,0.167,0.139,0.083,0.056,0.111,0.083,0.056,0.056,0.056,0.056,0.056,0.056,0.056,0.056,0.028,0.056,0.056,0.028,0.028,0.028,0,0.028,0.028,0,0,0,0,0,0,0,0,0,0,0,0,0,0
2026-08-17T06:00:00Z,0,0,0,0,0,0.03,0.182,0.851,3.04,1.824,1.55,1.034,0.365,0.395,0.122,0.061,0.061,0.03,0.03,0.061,0.091,0.334,0.395,0.426,0.334,0.304,0.274,0.243,0.213,0.152,0.061,0.061,0.061,0.061,0.03,0.061,0.061,0.061,0.03,0.03,0.03,0.03,0.03,0,0,0.03,0.03,0,0.03,0,0,0,0,0,0,0,0,0,0,0,0,0,0,0
2026-08-17T07:00:00Z,0,0,0,0,0,0.042,0.125,0.334,3.211,4.17,0.584,0.625,0.5,0.125,0.083,0.042,0.042,0.042,0.042,0.125,0.292,0.459,0.792,0.709,0.625,0.542,0.334,0.209,0.167,0.125,0.125,0.083,0.083,0.042,0.083,0.083,0.083,0.042,0.042,0.083,0.042,0.042,0.042,0.042,0.042,0,0,0,0,0,0,0,0,0,0,0,0,0,0,0,0,0,0,0
2026-08-17T08:00:00Z,0,0,0,0,0,0,0.09,0.542,2.95,3.01,1.204,0.421,0.211,0.12,0.15,0.09,0.03,0.03,0.09,0.12,0.301,0.572,0.542,0.512,0.482,0.542,0.301,0.241,0.211,0.12,0.15,0.12,0.15,0.15,0.06,0.09,0.06,0.06,0.06,0.06,0.03,0.03,0.03,0.03,0.03,0.03,0,0,0,0,0,0,0,0,0,0,0,0,0,0,0,0,0,0
2026-08-17T09:00:00Z,0,0,0,0,0.018,0.036,0.107,0.32,1.78,1.602,0.765,0.445,0.445,0.267,0.089,0.142,0.036,0.053,0.053,0.071,0.196,0.409,0.534,0.783,0.641,0.623,0.427,0.392,0.16,0.303,0.125,0.107,0.178,0.107,0.071,0.071,0.071,0.053,0.036,0.053,0.036,0.036,0.036,0.018,0.036,0.018,0.036,0.018,0.018,0.018,0,0.018,0,0.018,0.018,0,0,0,0,0,0,0,0,0
2026-08-17T10:00:00Z,0,0,0,0,0,0,0.037,0.742,3.71,2.449,1.669,0.445,0.408,0.297,0.185,0.074,0,0,0.037,0.148,0.371,0.445,0.556,0.482,0.519,0.482,0.445,0.26,0.26,0.148,0.111,0.111,0.111,0.148,0.111,0.074,0.074,0.037,0.037,0.037,0.037,0.037,0,0,0,0,0,0,0,0,0,0,0,0,0,0,0,0,0,0,0,0,0,0
2026-08-17T11:00:00Z,0,0,0,0,0,0.028,0.083,0.389,1.446,2.78,1.362,1.168,0.5,0.222,0.139,0.083,0.056,0.028,0.083,0.195,0.445,0.834,0.89,0.778,0.556,0.5,0.306,0.361,0.334,0.25,0.222,0.111,0.083,0.056,0.056,0.056,0.056,0.056,0.028,0,0.028,0.028,0.028,0.028,0,0,0.028,0.028,0,0,0,0,0,0,0,0,0,0,0,0,0,0,0,0
2026-08-17T12:00:00Z,0,0,0,0,0,0.072,0.108,0.323,2.764,3.59,1.221,1.077,0.287,0.251,0.144,0.072,0.036,0.036,0.108,0.395,0.718,0.682,0.862,0.933,0.503,0.323,0.287,0.179,0.215,0.215,0.144,0.108,0.072,0.108,0.072,0.072,0.036,0.036,0,0,0,0,0,0.036,0,0,0,0,0,0,0,0,0,0,0,0,0,0,0,0,0,0,0,0
2026-08-17T13:00:00Z,0,0,0,0,0,0.023,0.091,0.479,2.28,1.573,0.593,0.57,0.73,0.114,0.091,0.068,0.023,0.046,0.114,0.41,0.57,0.593,0.752,0.524,0.388,0.616,0.274,0.16,0.114,0.137,0.114,0.091,0.091,0.068,0.068,0.068,0.068,0.068,0.046,0.046,0.023,0.023,0,0.023,0.023,0,0.023,0,0,0,0,0,0,0,0,0,0,0,0,0,0,0,0,0
2026-08-17T14:00:00Z,0,0,0,0,0,0,0.051,0.178,2.55,1.912,1.785,1.759,0.408,0.178,0.128,0.076,0.051,0.051,0.153,0.433,0.739,1.147,0.433,0.535,0.484,0.306,0.28,0.153,0.204,0.153,0.153,0.076,0.128,0.102,0.102,0.076,0.025,0.051,0.025,0.051,0.051,0.025,0,0,0.025,0,0,0,0,0,0,0,0,0,0,0,0,0,0,0,0,0,0,0
2026-08-17T15:00:00Z,0,0,0,0,0,0,0.089,0.224,2.458,4.47,0.805,0.939,0.447,0.268,0.089,0.089,0.045,0.045,0.089,0.268,0.492,0.67,0.536,0.536,0.313,0.179,0.179,0.179,0.179,0.089,0.134,0.089,0.089,0.089,0.045,0.045,0.045,0.045,0.045,0,0,0,0,0,0,0,0,0,0,0,0,0,0,0,0,0,0,0,0,0,0,0,0,0
2026-08-17T16:00:00Z,0,0,0,0,0,0.027,0.053,0.267,1.148,1.629,2.67,1.175,0.347,0.347,0.294,0.134,0.053,0.053,0.16,0.347,0.694,0.748,0.481,0.4,0.507,0.32,0.24,0.294,0.214,0.107,0.08,0.08,0.053,0.027,0.053,0.053,0.027,0.027,0.027,0.027,0.027,0.027,0,0,0,0,0,0,0,0,0,0,0,0,0,0,0,0,0,0,0,0,0,0
2026-08-17T17:00:00Z,0,0,0,0,0,0,0.127,0.465,1.607,4.23,0.761,0.508,0.423,0.381,0.127,0.042,0.042,0.042,0.127,0.338,0.677,0.931,0.634,0.423,0.254,0.296,0.296,0.211,0.127,0.127,0.127,0.085,0.042,0.042,0.042,0.042,0,0.042,0.042,0,0,0,0,0,0,0,0,0,0,0,0,0,0,0,0,0,0,0,0,0,0,0,0,0
2026-08-17T18:00:00Z,0,0,0,0,0,0.053,0.134,0.801,1.041,2.67,0.881,1.121,0.587,0.267,0.187,0.107,0.053,0.08,0.187,0.374,0.721,0.561,0.454,0.454,0.32,0.214,0.32,0.187,0.187,0.134,0.187,0.134,0.134,0.134,0.107,0.053,0.053,0.027,0.027,0.027,0.027,0.053,0.027,0.027,0.027,0.027,0,0.027,0,0.027,0,0,0,0,0,0,0,0,0,0,0,0,0,0
2026-08-17T19:00:00Z,0,0,0,0,0,0.051,0.102,0.255,0.587,2.55,1.122,0.561,0.561,0.28,0.255,0.128,0.076,0.076,0.178,0.331,0.612,0.637,0.255,0.28,0.331,0.331,0.28,0.204,0.255,0.204,0.153,0.102,0.102,0.102,0.076,0.051,0.051,0.051,0.076,0.051,0.051,0.025,0.025,0.025,0.025,0.025,0.025,0.025,0.025,0.025,0,0,0,0,0,0,0,0,0,0,0,0,0,0
2026-08-17T20:00:00Z,0,0,0,0,0,0.071,0.047,0.496,1.156,2.36,1.086,0.968,0.401,0.236,0.047,0.142,0.047,0.071,0.142,0.448,0.354,0.496,0.236,0.165,0.212,0.26,0.26,0.212,0.26,0.094,0.118,0.118,0.094,0.071,0.071,0.094,0.047,0.047,0.047,0.047,0.047,0.047,0.024,0.024,0.024,0.024,0,0,0.047,0,0.024,0,0,0,0,0,0,0,0,0,0,0,0,0
2026-08-17T21:00:00Z,0,0,0,0,0,0.032,0.128,0.4,1.376,1.6,1.072,0.688,0.432,0.192,0.08,0.032,0.064,0.048,0.192,0.448,0.352,0.336,0.256,0.256,0.24,0.176,0.144,0.112,0.112,0.224,0.16,0.112,0.128,0.112,0.096,0.064,0.048,0.032,0.032,0.064,0.048,0.032,0.048,0.032,0.016,0.032,0.016,0.016,0.032,0.016,0.016,0.016,0.016,0.016,0,0,0,0,0,0,0,0,0,0
2026-08-17T22:00:00Z,0,0,0,0,0,0.024,0.095,0.403,1.28,2.37,1.351,0.545,0.261,0.19,0.213,0.047,0.047,0.047,0.166,0.403,0.521,0.427,0.284,0.261,0.166,0.119,0.119,0.119,0.142,0.142,0.095,0.119,0.095,0.071,0.024,0.047,0.071,0.071,0.047,0.047,0.047,0.024,0.047,0.024,0.024,0.024,0,0.024,0.024,0,0,0,0,0,0,0,0,0,0,0,0,0,0,0
2026-08-17T23:00:00Z,0,0,0,0,0,0.024,0.048,0.333,1.499,1.856,2.38,0.785,0.357,0.333,0.095,0.071,0.071,0.048,0.214,0.405,0.595,0.357,0.405,0.214,0.167,0.214,0.19,0.143,0.143,0.119,0.119,0.095,0.119,0.048,0.071,0.048,0.071,0.048,0.048,0.048,0.071,0.048,0.024,0.024,0.024,0.024,0.024,0.024,0.024,0,0.024,0.024,0.024,0.024,0.024,0,0,0,0,0,0,0,0,0
2026-08-18T00:00:00Z,0,0,0,0,0.019,0.095,0.114,0.304,1.691,1.9,1.007,1.121,0.494,0.247,0.209,0.114,0.076,0.076,0.152,0.304,0.513,0.38,0.285,0.304,0.209,0.133,0.19,0.152,0.171,0.133,0.152,0.076,0.114,0.152,0.171,0.133,0.095,0.095,0.095,0.057,0.076,0.057,0.038,0.038,0.038,0.038,0.019,0.019,0.019,0.019,0.019,0.019,0.019,0.019,0.019,0,0,0,0.019,0,0,0.019,0,0
2026-08-18T01:00:00Z,0,0,0,0,0.015,0.06,0.15,0.21,0.87,0.72,1.5,0.765,0.36,0.195,0.195,0.06,0.06,0.045,0.075,0.255,0.27,0.48,0.33,0.315,0.27,0.3,0.315,0.195,0.21,0.195,0.21,0.135,0.15,0.12,0.105,0.075,0.12,0.09,0.09,0.09,0.12,0.045,0.075,0.06,0.045,0.045,0.075,0.045,0.045,0.03,0.045,0.045,0.03,0.015,0.015,0.015,0.015,0.015,0.015,0.015,0,0.015,0.015,0
2026-08-18T02:00:00Z,0,0,0,0,0.02,0.02,0.142,0.386,1.441,2.03,1.604,0.731,0.244,0.244,0.061,0.142,0.02,0.041,0.081,0.203,0.325,0.487,0.548,0.467,0.365,0.406,0.305,0.345,0.284,0.162,0.183,0.122,0.122,0.081,0.081,0.081,0.061,0.102,0.081,0.102,0.081,0.041,0.061,0.041,0.041,0.02,0.02,0.02,0.02,0.02,0.02,0.02,0.02,0.02,0.02,0.02,0.02,0.02,0,0,0,0,0,0
2026-08-18T03:00:00Z,0,0,0,0,0,0.036,0.217,0.579,1.701,3.62,1.376,0.652,0.434,0.217,0.072,0.072,0.036,0.036,0.109,0.145,0.326,0.471,0.362,0.326,0.543,0.471,0.326,0.326,0.145,0.181,0.217,0.145,0.109,0.072,0.072,0.109,0.109,0.109,0.072,0.036,0.036,0.036,0.036,0.072,0.036,0.036,0.036,0,0,0,0,0,0,0,0,0,0,0,0,0,0,0,0,0
2026-08-18T04:00:00Z,0,0,0,0,0.029,0.044,0.146,0.219,0.92,1.037,1.46,1.037,0.248,0.219,0.102,0.088,0.029,0.044,0.102,0.234,0.511,1.168,1.08,0.759,0.453,0.599,0.35,0.263,0.175,0.161,0.102,0.117,0.146,0.102,0.131,0.058,0.058,0.088,0.058,0.044,0.044,0.044,0.044,0.058,0.044,0.015,0.029,0.029,0.029,0.029,0.015,0.015,0.015,0.015,0.015,0,0.015,0.015,0.015,0,0.015,0,0,0
2026-08-18T05:00:00Z,0,0,0,0,0.017,0.033,0.148,0.429,1.403,1.65,0.578,0.478,0.462,0.347,0.116,0.05,0.033,0.066,0.083,0.264,0.858,0.644,0.71,0.726,0.594,0.33,0.33,0.215,0.148,0.165,0.132,0.132,0.182,0.132,0.066,0.083,0.066,0.066,0.066,0.05,0.033,0.017,0.05,0.066,0.033,0.033,0.017,0.017,0.017,0.017,0.017,0.017,0.017,0.017,0.017,0,0.017,0.017,0,0,0,0,0,0
2026-08-18T06:00:00Z,0,0,0,0,0,0.02,0.177,0.276,1.911,1.97,1.281,0.355,0.414,0.315,0.079,0.059,0.039,0.059,0.177,0.433,0.67,0.808,0.965,0.512,0.63,0.414,0.394,0.177,0.158,0.197,0.118,0.079,0.059,0.099,0.079,0.079,0.059,0.039,0.059,0.02,0.039,0.02,0.02,0.02,0.02,0.02,0.02,0.02,0,0.02,0,0,0,0,0,0,0,0,0,0,0,0,0,0
2026-08-18T07:00:00Z,0,0,0,0,0.018,0.055,0.384,0.384,1.83,1.409,1.025,0.549,0.311,0.201,0.11,0.073,0.073,0.073,0.128,0.421,0.714,0.933,1.19,0.933,0.476,0.348,0.275,0.165,0.11,0.146,0.11,0.11,0.055,0.073,0.073,0.055,0.055,0.055,0.037,0.037,0.037,0.018,0.037,0.018,0.018,0.018,0,0.018,0,0,0,0,0,0,0,0,0,0,0,0,0,0,0,0
2026-08-18T08:00:00Z,0,0,0,0,0,0.043,0.217,0.377,1.102,1.45,0.725,0.493,0.246,0.217,0.189,0.116,0.058,0.102,0.145,0.275,0.725,1.044,1.131,1,0.522,0.29,0.304,0.319,0.189,0.145,0.102,0.145,0.072,0.072,0.072,0.058,0.043,0.043,0.043,0.043,0.014,0.029,0.014,0.014,0.014,0.014,0.014,0.014,0.014,0.014,0,0,0,0,0,0,0,0,0,0,0,0,0,0
2026-08-18T09:00:00Z,0,0,0,0,0,0.08,0.213,0.239,1.569,2.66,1.942,0.452,0.452,0.293,0.106,0.08,0.053,0.133,0.213,0.904,1.117,1.277,1.011,0.532,0.638,0.399,0.293,0.213,0.186,0.16,0.08,0.16,0.08,0.08,0.053,0.053,0.053,0.027,0.053,0.027,0.027,0.027,0.027,0.027,0.027,0,0,0,0,0,0,0,0,0,0,0,0,0,0,0,0,0,0,0
2026-08-18T10:00:00Z,0,0,0,0.014,0.028,0.042,0.127,0.592,1.339,1.41,1.057,0.691,0.733,0.226,0.127,0.085,0.07,0.113,0.296,0.649,1.128,0.959,0.649,0.874,0.677,0.409,0.381,0.282,0.127,0.183,0.141,0.099,0.099,0.085,0.07,0.085,0.056,0.028,0.042,0.028,0.014,0.014,0.028,0.014,0.014,0.028,0.014,0.014,0.014,0.014,0,0,0,0,0,0,0,0,0,0,0,0,0,0
2026-08-18T11:00:00Z,0,0,0,0,0.022,0.044,0.266,0.422,1.354,2.22,1.443,0.555,0.4,0.333,0.2,0.089,0.067,0.133,0.377,0.622,0.977,0.733,0.733,0.733,0.488,0.311,0.2,0.2,0.155,0.178,0.155,0.178,0.089,0.044,0.067,0.067,0.044,0.044,0.044,0.022,0.022,0.022,0.022,0.022,0,0,0,0,0,0,0,0,0,0,0,0,0,0,0,0,0,0,0,0
2026-08-18T12:00:00Z,0,0,0,0,0.012,0.046,0.242,0.311,0.644,0.886,1.15,0.851,0.449,0.253,0.138,0.15,0.069,0.173,0.357,0.725,0.955,0.817,0.61,0.449,0.414,0.242,0.253,0.368,0.23,0.23,0.138,0.173,0.15,0.104,0.092,0.069,0.046,0.069,0.058,0.023,0.035,0.035,0.012,0.023,0.023,0.012,0.012,0.012,0.012,0.012,0.012,0.012,0.012,0.012,0,0,0,0,0.012,0,0,0,0,0
2026-08-18T13:00:00Z,0,0,0,0,0,0.029,0.144,0.346,1.123,2.88,1.642,0.49,0.346,0.317,0.115,0.115,0.086,0.144,0.605,0.662,1.094,0.864,0.778,0.576,0.317,0.49,0.374,0.317,0.173,0.144,0.086,0.115,0.115,0.029,0.029,0.029,0.058,0.029,0.029,0.029,0.058,0.029,0.029,0.029,0,0,0,0,0,0,0,0,0,0,0,0,0,0,0,0,0,0,0,0
2026-08-18T14:00:00Z,0,0,0,0,0.022,0.022,0.109,0.196,0.785,2.18,0.981,1.003,0.61,0.218,0.131,0.087,0.087,0.262,0.981,0.872,0.828,0.807,0.654,0.414,0.392,0.327,0.414,0.283,0.196,0.174,0.262,0.174,0.153,0.087,0.044,0.065,0.044,0.044,0.044,0.044,0.065,0.044,0,0.022,0,0,0.022,0,0,0,0,0,0,0,0,0,0,0,0,0,0,0,0,0
2026-08-18T15:00:00Z,0,0,0,0,0,0.077,0.277,0.169,0.832,1.525,1.278,0.57,0.4,0.339,0.077,0.524,0.154,0.231,0.493,0.724,0.955,1.54,0.755,0.431,0.493,0.416,0.339,0.246,0.154,0.139,0.123,0.169,0.077,0.108,0.062,0.046,0.077,0.077,0.046,0.031,0.031,0.031,0.015,0.015,0.015,0.015,0.015,0,0.015,0,0.015,0,0,0,0,0,0,0,0,0,0,0,0,0
2026-08-18T16:00:00Z,0,0,0,0,0,0.025,0.229,0.406,1.372,2.54,1.118,0.965,0.61,0.254,0.127,0.203,0.127,0.178,0.559,1.016,1.27,0.838,0.584,0.66,0.356,0.66,0.508,0.483,0.203,0.229,0.127,0.152,0.127,0.102,0.076,0.051,0.025,0.025,0.025,0.025,0,0,0.025,0,0.025,0.025,0,0,0,0,0,0,0,0,0,0,0,0,0,0,0,0,0,0
2026-08-18T17:00:00Z,0,0,0,0,0.015,0.031,0.122,0.245,0.918,1.408,1.53,0.444,0.49,0.229,0.199,0.122,0.214,0.383,0.918,1.04,1.086,0.719,0.689,0.903,0.627,0.383,0.291,0.321,0.138,0.184,0.153,0.168,0.138,0.138,0.077,0.061,0.061,0.046,0.061,0.046,0.031,0.046,0.031,0.031,0.015,0.015,0.031,0.031,0.015,0.015,0.015,0,0,0,0,0.015,0,0,0,0,0,0,0,0
2026-08-18T18:00:00Z,0,0,0,0,0.027,0.053,0.08,0.266,0.958,2.66,0.612,0.612,0.505,0.213,0.346,0.106,0.16,0.372,0.532,1.091,0.984,0.638,0.745,0.426,0.612,0.452,0.426,0.293,0.266,0.239,0.106,0.106,0.08,0.053,0.08,0.053,0.08,0.027,0.027,0.053,0.027,0.027,0.027,0.027,0.027,0.027,0,0.027,0.027,0,0,0,0,0,0,0,0,0,0,0,0,0,0,0
2026-08-18T19:00:00Z,0,0,0,0,0.025,0.05,0.1,0.452,0.627,2.51,0.778,0.828,0.276,0.151,0.1,0.1,0.276,0.653,0.904,1.004,0.602,0.502,0.376,0.452,0.351,0.301,0.376,0.351,0.201,0.276,0.176,0.201,0.151,0.1,0.075,0.05,0.075,0.075,0.05,0.05,0.025,0.025,0.05,0.025,0.025,0.05,0.025,0.025,0.025,0.025,0.025,0.025,0.025,0.025,0.025,0,0,0,0,0,0,0,0,0
2026-08-18T20:00:00Z,0,0,0,0,0.022,0.022,0.266,0.622,0.977,2.22,1.487,0.577,0.133,0.377,0.044,0.067,0.133,0.488,0.866,1.288,0.755,0.377,0.422,0.422,0.422,0.311,0.377,0.222,0.2,0.266,0.133,0.155,0.133,0.067,0.089,0.089,0.089,0.044,0.067,0.022,0.044,0.044,0.044,0.044,0.044,0.044,0.022,0.044,0.022,0.022,0.022,0.022,0,0,0,0,0,0,0,0,0,0,0,0
2026-08-18T21:00:00Z,0,0,0,0,0.017,0.1,0.149,0.631,0.598,1.66,0.896,0.564,0.598,0.299,0.199,0.133,0.199,0.598,1.013,0.647,0.515,0.365,0.415,0.282,0.199,0.166,0.199,0.199,0.232,0.232,0.149,0.116,0.116,0.1,0.1,0.083,0.066,0.066,0.05,0.066,0.066,0.05,0.05,0.05,0.05,0.05,0.033,0.033,0.033,0.033,0.017,0.017,0.017,0.017,0.017,0.017,0.017,0.017,0.017,0,0,0.017,0.017,0
2026-08-18T22:00:00Z,0,0,0,0,0,0.034,0.339,0.983,1.865,1.763,3.39,1.254,0.373,0.17,0.102,0.237,0.17,0.441,0.983,1.085,0.644,0.576,0.441,0.305,0.305,0.17,0.237,0.203,0.237,0.136,0.136,0.068,0.068,0.102,0.136,0.068,0.102,0.068,0.102,0.034,0,0.034,0.034,0.034,0,0.034,0.034,0.034,0.034,0.034,0,0.034,0.034,0,0,0,0,0,0,0,0,0,0,0
2026-08-18T23:00:00Z,0,0,0,0,0.032,0.064,0.429,0.541,1.447,1.59,1.51,1.574,0.493,0.35,0.223,0.127,0.159,0.35,0.827,0.954,1.193,0.779,0.668,0.366,0.191,0.302,0.254,0.302,0.207,0.191,0.254,0.159,0.143,0.143,0.175,0.127,0.111,0.08,0.08,0.08,0.064,0.095,0.08,0.048,0.048,0.032,0.048,0.048,0.032,0.032,0.016,0.032,0.032,0.016,0.016,0.032,0.016,0.016,0.016,0.016,0.016,0.016,0.016,0.016
2026-08-19T00:00:00Z,0,0,0,0,0.018,0.035,0.496,0.584,1.044,1.77,1.274,0.708,0.319,0.389,0.106,0.142,0.177,0.336,0.549,0.708,0.85,0.814,0.726,0.46,0.46,0.336,0.354,0.319,0.283,0.23,0.195,0.177,0.159,0.071,0.124,0.106,0.106,0.089,0.053,0.071,0.053,0.053,0.035,0.035,0.018,0.035,0.035,0.035,0.035,0.018,0.018,0,0.018,0.018,0.018,0.018,0.018,0.018,0,0.018,0.018,0.018,0.018,0.018
2026-08-19T01:00:00Z,0,0,0,0,0.016,0.049,0.377,0.59,0.853,1.64,1.41,0.59,0.426,0.279,0.18,0.115,0.131,0.246,0.754,0.918,0.771,0.787,0.804,0.623,0.443,0.394,0.377,0.361,0.262,0.148,0.213,0.18,0.115,0.131,0.131,0.115,0.098,0.066,0.049,0.066,0.033,0.033,0.049,0.033,0.033,0.049,0.016,0.033,0.033,0.016,0.016,0.033,0.016,0.016,0.016,0.016,0.016,0.016,0.016,0.016,0.016,0.016,0,0.016
2026-08-19T02:00:00Z,0,0,0,0,0,0.057,0.312,0.54,0.994,2.84,1.392,0.369,0.369,0.17,0.199,0.17,0.114,0.312,0.568,0.398,0.54,0.369,0.454,0.426,0.454,0.312,0.227,0.199,0.142,0.114,0.17,0.142,0.085,0.057,0.057,0.085,0.114,0.057,0.028,0.028,0.028,0,0.028,0.028,0.028,0.028,0.028,0,0,0,0,0,0,0,0,0,0,0,0,0,0,0,0,0
2026-08-19T03:00:00Z,0,0,0,0,0.021,0.041,0.228,0.704,1.283,1.863,2.07,0.538,0.269,0.269,0.062,0.062,0.145,0.248,0.497,0.517,0.435,0.559,0.476,0.435,0.31,0.29,0.207,0.145,0.103,0.166,0.145,0.186,0.166,0.083,0.083,0.062,0.041,0.041,0.041,0.041,0.021,0.041,0.041,0.021,0.041,0.041,0.021,0.021,0.021,0.021,0,0,0,0.021,0,0,0,0,0,0,0,0,0,0
2026-08-19T04:00:00Z,0,0,0,0,0.017,0.034,0.342,0.513,0.992,1.71,1.094,0.599,0.462,0.188,0.171,0.154,0.188,0.342,0.462,0.479,0.65,0.906,0.633,0.616,0.513,0.188,0.239,0.257,0.205,0.12,0.137,0.103,0.12,0.068,0.068,0.068,0.086,0.051,0.034,0.034,0.034,0.034,0.051,0.051,0.034,0.017,0.017,0,0.017,0.017,0.017,0,0,0,0,0,0,0,0,0,0,0,0,0
2026-08-19T05:00:00Z,0,0,0,0,0.022,0.043,0.238,1.123,0.907,1.188,2.16,0.54,0.454,0.389,0.194,0.043,0.13,0.367,0.734,0.821,0.475,0.518,0.454,0.41,0.367,0.324,0.259,0.194,0.238,0.173,0.086,0.108,0.108,0.086,0.065,0.065,0.065,0.065,0.043,0.022,0.022,0.022,0.022,0.022,0.022,0.022,0.022,0.022,0.022,0,0,0,0,0,0,0,0,0,0,0,0,0,0,0
2026-08-19T06:00:00Z,0,0,0,0,0,0.048,0.406,0.98,0.956,2.39,1.769,0.55,0.621,0.191,0.072,0.167,0.191,0.454,0.574,0.597,0.836,0.765,0.765,0.597,0.358,0.311,0.335,0.263,0.167,0.167,0.119,0.096,0.072,0.072,0.072,0.048,0.048,0.048,0.024,0.024,0.024,0.024,0.024,0,0,0,0,0,0,0.024,0,0,0,0,0,0,0,0,0,0,0,0,0,0
2026-08-19T07:00:00Z,0,0,0,0,0.017,0.035,0.381,1.609,1.73,1.003,1.297,0.865,0.45,0.19,0.208,0.173,0.19,0.294,0.484,0.554,0.882,0.917,0.744,0.623,0.502,0.329,0.277,0.242,0.26,0.156,0.156,0.104,0.121,0.087,0.087,0.104,0.052,0.017,0.035,0.035,0.035,0.017,0.017,0.017,0.035,0.017,0,0,0,0,0,0,0,0,0,0,0,0,0,0,0,0,0,0
2026-08-19T08:00:00Z,0,0,0,0,0,0.088,0.353,0.676,1.764,2.94,0.941,0.617,0.647,0.235,0.147,0.147,0.176,0.323,0.47,0.382,0.441,0.617,0.47,0.617,0.412,0.323,0.235,0.265,0.206,0.088,0.088,0.059,0.088,0.059,0.029,0.059,0.029,0.029,0.029,0.029,0.029,0.029,0,0,0,0,0,0,0,0,0,0,0,0,0,0,0,0,0,0,0,0,0,0
2026-08-19T09:00:00Z,0,0,0,0,0.013,0.051,0.203,0.444,1.27,1.118,0.699,0.762,0.356,0.203,0.102,0.076,0.203,0.368,0.622,0.864,0.864,0.673,0.432,0.432,0.432,0.33,0.241,0.114,0.089,0.127,0.127,0.064,0.064,0.051,0.038,0.038,0.076,0.038,0.038,0.025,0.025,0.013,0.013,0.013,0,0.013,0.013,0.013,0.013,0,0,0,0,0,0,0,0,0,0,0,0,0,0,0
2026-08-19T10:00:00Z,0,0,0,0,0.024,0.049,0.342,1.513,1.049,2.44,1.147,1.415,0.61,0.244,0.195,0.098,0.244,0.464,0.903,1.122,0.83,0.708,0.512,0.415,0.342,0.293,0.122,0.146,0.122,0.171,0.098,0.098,0.073,0.049,0.049,0.049,0.049,0.049,0.049,0.024,0.024,0.024,0,0,0,0,0,0,0,0,0,0,0,0,0,0,0,0,0,0,0,0,0,0
2026-08-19T11:00:00Z,0,0,0,0,0,0.042,0.126,0.399,2.1,1.89,1.449,0.714,0.294,0.189,0.231,0.084,0.168,0.357,0.819,1.092,0.735,0.651,0.63,0.504,0.42,0.252,0.231,0.231,0.126,0.168,0.105,0.147,0.084,0.063,0.105,0.042,0.042,0.042,0.021,0.021,0.021,0.021,0.021,0.021,0.021,0,0.021,0,0,0,0,0,0,0,0,0,0,0,0,0,0,0,0,0
2026-08-19T12:00:00Z,0,0,0,0.016,0.032,0.048,0.272,1.072,0.656,1.6,1.568,0.512,0.704,0.4,0.256,0.256,0.336,0.608,0.752,1.184,0.88,0.56,0.768,0.624,0.576,0.352,0.336,0.192,0.208,0.16,0.16,0.144,0.08,0.064,0.08,0.048,0.064,0.064,0.048,0.032,0.032,0.032,0.032,0.016,0.016,0.016,0,0.016,0,0,0.016,0,0,0,0,0,0,0,0,0,0,0,0,0
2026-08-19T13:00:00Z,0,0,0,0,0.038,0.038,0.19,0.684,1.52,1.767,1.9,1.292,0.494,0.266,0.152,0.361,0.228,0.684,1.216,1.805,1.539,0.779,0.38,0.494,0.38,0.323,0.323,0.209,0.247,0.19,0.19,0.114,0.095,0.057,0.076,0.057,0.057,0.038,0.038,0.038,0.038,0.019,0.019,0.019,0.019,0.019,0.019,0,0,0,0,0,0,0,0,0,0,0,0,0,0,0,0,0
2026-08-19T14:00:00Z,0,0,0,0,0.016,0.065,0.13,0.766,0.685,1.63,0.978,0.375,0.408,0.277,0.114,0.147,0.293,0.603,0.734,1.223,1.369,1.043,0.587,0.619,0.571,0.277,0.31,0.261,0.261,0.228,0.212,0.082,0.082,0.082,0.065,0.049,0.033,0.049,0.033,0.033,0.033,0.016,0.033,0.033,0.016,0.016,0.033,0.016,0,0,0,0,0,0,0,0,0,0,0,0,0,0,0,0
2026-08-19T15:00:00Z,0,0,0,0,0.017,0.035,0.104,1.297,1.73,0.9,1.453,0.813,0.536,0.242,0.173,0.242,0.19,0.381,0.9,1.246,0.934,0.848,0.64,0.536,0.242,0.363,0.467,0.242,0.242,0.19,0.208,0.121,0.087,0.104,0.104,0.087,0.052,0.069,0.052,0.052,0.035,0.017,0.017,0.017,0.017,0.017,0.017,0,0,0.017,0,0,0,0,0,0,0,0,0,0,0,0,0,0
2026-08-19T16:00:00Z,0,0,0,0,0.014,0.042,0.141,0.761,0.874,1.41,1.057,0.465,0.282,0.211,0.127,0.183,0.169,0.437,1.072,0.987,1.241,0.818,0.423,0.691,0.522,0.338,0.338,0.352,0.197,0.254,0.197,0.099,0.099,0.099,0.056,0.085,0.07,0.042,0.028,0.028,0.028,0.028,0.014,0.028,0.014,0.014,0.014,0.014,0.014,0.014,0.014,0.014,0.014,0.014,0,0,0.014,0,0,0,0,0,0,0
2026-08-19T17:00:00Z,0,0,0,0,0,0,0.162,0.646,1.098,3.23,0.775,0.743,0.355,0.291,0.129,0.194,0.258,0.646,1.195,0.969,0.937,0.549,0.517,0.484,0.323,0.388,0.484,0.291,0.291,0.162,0.162,0.097,0.162,0.129,0.097,0.097,0.065,0.032,0.032,0.032,0.032,0.032,0.032,0.032,0.032,0,0,0,0,0,0,0,0,0,0,0,0,0,0,0,0,0,0,0
2026-08-19T18:00:00Z,0,0,0,0,0.014,0.043,0.156,0.667,1.42,1.122,0.724,0.469,0.312,0.142,0.341,0.241,0.355,0.724,0.98,0.554,0.824,0.511,0.554,0.426,0.412,0.256,0.312,0.369,0.27,0.256,0.17,0.085,0.142,0.156,0.071,0.057,0.057,0.071,0.057,0.057,0.043,0.014,0.028,0.014,0.028,0.014,0.014,0.014,0.014,0.014,0.014,0.014,0.014,0.014,0.014,0.014,0,0,0,0,0,0,0,0
2026-08-19T19:00:00Z,0,0,0,0,0,0.06,0.045,1.5,1.17,1.335,1.275,0.57,0.18,0.315,0.18,0.15,0.39,0.675,1.215,1.02,0.93,0.72,0.435,0.465,0.255,0.27,0.315,0.21,0.225,0.21,0.135,0.09,0.105,0.105,0.06,0.045,0.075,0.06,0.03,0.03,0.015,0.045,0.03,0.03,0.015,0.015,0.015,0.015,0.015,0.015,0.015,0.015,0.015,0.015,0.015,0.015,0,0,0.015,0,0,0,0,0
2026-08-19T20:00:00Z,0,0,0,0,0.017,0.051,0.119,1.037,1.7,0.884,1.173,0.306,0.153,0.391,0.187,0.102,0.289,0.578,0.646,0.527,0.425,0.391,0.544,0.425,0.238,0.238,0.221,0.238,0.17,0.119,0.085,0.085,0.068,0.051,0.051,0.051,0.034,0.034,0.051,0.034,0.051,0.017,0.017,0.017,0.017,0.017,0,0.017,0.017,0.017,0.017,0.017,0.034,0.017,0.017,0.017,0.017,0.017,0.017,0,0,0,0,0.017
2026-08-19T21:00:00Z,0,0,0,0,0,0.063,0.167,0.564,0.752,2.09,0.899,0.752,0.46,0.188,0.313,0.146,0.334,0.69,1.149,0.982,0.606,0.418,0.313,0.313,0.209,0.188,0.209,0.209,0.125,0.146,0.125,0.063,0.063,0.042,0.042,0.042,0.042,0.042,0.021,0.021,0.021,0.021,0.021,0.021,0.021,0.021,0.021,0.021,0.021,0.021,0.021,0.021,0.021,0.021,0.021,0,0.021,0.021,0,0,0,0,0,0
2026-08-19T22:00:00Z,0,0,0,0,0,0.048,0.194,0.992,1.307,2.42,1.258,0.678,0.169,0.339,0.097,0.145,0.242,0.46,0.75,0.653,0.484,0.411,0.436,0.315,0.169,0.145,0.242,0.194,0.145,0.097,0.097,0.048,0.048,0.073,0.048,0.024,0.048,0.048,0.048,0.024,0.024,0.024,0.024,0.024,0.024,0.024,0.024,0,0.024,0.024,0.024,0.024,0.024,0,0,0,0,0,0,0,0,0,0,0
2026-08-19T23:00:00Z,0,0,0,0,0.021,0.021,0.124,0.58,1.097,2.07,0.994,0.331,0.31,0.352,0.166,0.166,0.269,0.393,0.787,0.828,0.683,0.435,0.248,0.29,0.228,0.207,0.228,0.124,0.083,0.083,0.062,0.124,0.083,0.062,0.062,0.062,0.041,0.041,0.021,0.041,0.041,0.021,0.021,0.021,0.041,0.021,0.021,0.021,0.021,0,0,0,0,0,0,0,0.021,0.021,0,0,0,0,0,0
2026-08-20T00:00:00Z,0,0,0,0,0.02,0.02,0.081,0.525,0.869,2.02,1.03,0.949,0.545,0.222,0.162,0.141,0.242,0.465,0.566,0.788,0.848,0.485,0.404,0.202,0.121,0.182,0.202,0.141,0.101,0.121,0.101,0.101,0.081,0.121,0.101,0.061,0.04,0.061,0.081,0.061,0.061,0.061,0.04,0.02,0.02,0.02,0.02,0.02,0.02,0.02,0.02,0.02,0.02,0,0.02,0,0,0,0,0,0,0,0,0
2026-08-20T01:00:00Z,0,0,0,0,0.014,0.055,0.096,0.562,1.37,1.178,0.986,0.356,0.329,0.233,0.26,0.137,0.11,0.233,0.479,0.521,0.479,0.356,0.617,0.288,0.233,0.274,0.137,0.233,0.082,0.123,0.137,0.123,0.151,0.123,0.137,0.069,0.082,0.055,0.027,0.041,0.041,0.027,0.041,0.027,0.027,0.014,0.014,0.014,0.014,0.014,0.014,0,0.014,0.014,0,0,0,0,0,0,0,0,0,0
2026-08-20T02:00:00Z,0,0,0,0,0.021,0.042,0.127,0.657,0.912,2.12,0.848,0.382,0.276,0.17,0.106,0.17,0.191,0.233,0.636,0.382,0.445,0.382,0.445,0.276,0.191,0.191,0.17,0.191,0.17,0.17,0.17,0.17,0.106,0.085,0.064,0.064,0.042,0.042,0.042,0.042,0.021,0.021,0.021,0.021,0.021,0.021,0,0,0,0,0,0,0,0,0,0,0,0,0,0,0,0,0,0
2026-08-20T03:00:00Z,0,0,0,0,0.012,0.023,0.117,0.842,0.878,1.17,0.901,0.971,0.304,0.152,0.105,0.164,0.187,0.339,0.41,0.328,0.41,0.468,0.398,0.269,0.374,0.234,0.257,0.187,0.234,0.199,0.199,0.234,0.129,0.105,0.117,0.059,0.047,0.082,0.07,0.035,0.047,0.047,0.023,0.035,0.012,0.012,0.012,0.023,0.023,0.012,0.012,0.012,0,0.012,0.012,0.012,0,0,0,0,0,0,0,0
2026-08-20T04:00:00Z,0,0,0,0,0.017,0.033,0.099,0.924,0.561,1.65,0.792,0.495,0.347,0.132,0.099,0.182,0.148,0.33,0.528,0.495,0.495,0.512,0.231,0.512,0.66,0.363,0.281,0.33,0.247,0.165,0.182,0.132,0.116,0.116,0.099,0.066,0.083,0.05,0.05,0.033,0.05,0.033,0.017,0.017,0.017,0.017,0,0,0.017,0,0,0,0,0,0,0,0,0,0,0,0,0,0,0
2026-08-20T05:00:00Z,0,0,0,0,0,0.061,0.143,0.755,0.612,2.04,1.265,0.306,0.061,0.204,0.204,0.143,0.163,0.347,0.632,0.653,0.449,0.714,0.653,0.612,0.49,0.367,0.286,0.306,0.224,0.204,0.184,0.122,0.102,0.082,0.082,0.082,0.061,0.061,0.041,0.02,0.041,0.02,0.02,0.02,0.02,0.02,0,0,0,0,0,0,0,0,0,0,0,0,0,0,0,0,0,0
2026-08-20T06:00:00Z,0,0,0,0,0.021,0,0.105,1.076,2.11,1.561,0.971,0.422,0.295,0.401,0.19,0.105,0.105,0.19,0.464,0.802,0.738,0.95,0.696,0.401,0.38,0.338,0.38,0.19,0.169,0.19,0.127,0.105,0.084,0.105,0.063,0.063,0.063,0.042,0.042,0.042,0.042,0.042,0.021,0.021,0.021,0,0,0,0,0,0,0,0,0,0,0,0,0,0,0,0,0,0,0
2026-08-20T07:00:00Z,0,0,0,0,0.02,0.04,0.04,0.56,1.54,2,1.26,0.78,0.48,0.18,0.16,0.06,0.12,0.34,0.36,0.54,0.74,0.62,0.56,0.54,0.36,0.34,0.32,0.28,0.2,0.2,0.08,0.08,0.06,0.06,0.04,0.04,0.02,0.02,0.02,0.02,0.02,0.02,0.02,0.02,0.02,0,0,0.02,0,0,0,0,0,0,0,0,0,0,0,0,0,0,0,0
2026-08-20T08:00:00Z,0,0,0,0,0,0.071,0.071,0.428,1.357,3.57,1.035,0.607,0.464,0.143,0.107,0.071,0.071,0.178,0.357,0.678,0.785,0.785,1.035,0.892,0.571,0.464,0.321,0.25,0.143,0.143,0.107,0.107,0.071,0.036,0.071,0.036,0.036,0,0.036,0,0,0,0,0,0,0,0,0,0,0,0,0,0,0,0,0,0,0,0,0,0,0,0,0
2026-08-20T09:00:00Z,0,0,0,0,0,0.062,0.083,0.52,2.08,1.768,2.038,0.582,0.499,0.104,0.125,0.104,0.104,0.229,0.374,0.458,0.666,0.77,0.749,0.624,0.333,0.312,0.291,0.208,0.291,0.125,0.104,0.062,0.062,0.062,0.062,0.042,0.042,0.042,0.042,0.042,0.021,0.021,0.021,0.021,0,0,0,0,0,0,0,0,0,0,0,0,0,0,0,0,0,0,0,0
2026-08-20T10:00:00Z,0,0,0,0,0.033,0.066,0.23,0.623,0.656,1.64,1.542,0.525,0.213,0.295,0.197,0.098,0.115,0.164,0.705,0.722,0.836,0.722,0.804,0.492,0.459,0.623,0.344,0.246,0.164,0.115,0.115,0.131,0.066,0.066,0.082,0.049,0.049,0.033,0.033,0.033,0.016,0.016,0.016,0,0,0.016,0.016,0,0,0,0,0,0,0,0,0,0,0,0,0,0,0,0,0
2026-08-20T11:00:00Z,0,0,0,0,0.025,0.076,0.176,0.416,0.995,1.21,0.68,0.97,0.441,0.302,0.113,0.189,0.202,0.34,0.869,1.084,1.26,0.895,0.605,0.617,0.315,0.34,0.29,0.227,0.126,0.126,0.151,0.113,0.088,0.076,0.05,0.05,0.038,0.038,0.038,0.025,0.013,0.025,0.025,0.013,0.013,0.013,0.013,0.013,0.013,0.013,0.013,0.013,0,0,0,0,0,0,0,0,0,0,0,0
2026-08-20T12:00:00Z,0,0,0,0,0.014,0.057,0.085,0.341,1.42,1.335,1.406,0.483,0.951,0.241,0.199,0.156,0.156,0.454,0.824,1.392,0.824,0.767,0.994,0.469,0.653,0.298,0.227,0.241,0.199,0.142,0.099,0.085,0.099,0.085,0.071,0.043,0.057,0.071,0.057,0.028,0.014,0.014,0.028,0.028,0.014,0.014,0.014,0,0,0,0,0,0,0,0,0,0,0,0,0,0,0,0,0
2026-08-20T13:00:00Z,0,0,0,0,0.027,0.069,0.069,0.548,0.617,1.096,0.808,0.63,0.452,0.164,0.137,0.164,0.137,0.425,1.014,1.37,0.836,0.671,0.575,0.699,0.644,0.343,0.329,0.26,0.233,0.137,0.137,0.082,0.096,0.096,0.041,0.041,0.041,0.027,0.027,0.027,0.027,0.027,0.027,0.014,0.014,0.014,0,0,0,0,0,0,0,0,0,0,0,0,0,0,0,0,0,0
2026-08-20T14:00:00Z,0,0,0,0,0.02,0.061,0.04,0.505,0.828,2.02,1.555,0.646,0.303,0.444,0.222,0.061,0.121,0.444,0.848,0.949,1.071,0.97,0.869,0.404,0.404,0.384,0.283,0.162,0.141,0.121,0.101,0.101,0.101,0.081,0.061,0.081,0.061,0.04,0.04,0.02,0.02,0.02,0.02,0.02,0,0.02,0,0,0,0,0,0,0,0,0,0,0,0,0,0,0,0,0,0
2026-08-20T15:00:00Z,0,0,0,0,0.015,0.044,0.118,0.651,1.199,1.199,1.48,0.77,0.814,0.252,0.178,0.089,0.148,0.266,0.799,1.066,0.533,0.666,0.459,0.355,0.222,0.34,0.311,0.281,0.133,0.192,0.118,0.104,0.059,0.059,0.044,0.074,0.044,0.044,0.044,0.044,0.044,0.03,0.03,0.015,0.015,0.015,0,0,0,0,0,0,0,0,0,0,0,0,0,0,0,0,0,0
2026-08-20T16:00:00Z,0,0,0,0,0.014,0.071,0.086,0.272,0.586,1.43,1.344,0.615,0.2,0.558,0.357,0.129,0.1,0.243,0.4,0.715,0.929,0.629,0.844,0.801,0.329,0.343,0.4,0.214,0.129,0.186,0.143,0.071,0.071,0.086,0.057,0.043,0.029,0.029,0.029,0.043,0.014,0.029,0.014,0.029,0.014,0.014,0,0,0.014,0,0,0,0,0,0,0,0,0,0,0,0,0,0,0
2026-08-20T17:00:00Z,0,0,0,0,0.01,0.04,0.119,0.377,0.417,0.764,0.992,0.476,0.188,0.218,0.208,0.089,0.149,0.228,0.357,0.675,0.526,0.526,0.526,0.496,0.347,0.308,0.248,0.238,0.169,0.159,0.159,0.089,0.109,0.079,0.06,0.04,0.03,0.04,0.03,0.02,0.02,0.02,0.02,0.01,0.01,0.02,0.02,0.01,0.01,0.01,0.01,0,0.01,0.01,0,0,0,0,0,0,0,0,0,0
2026-08-20T18:00:00Z,0,0,0,0,0.04,0.059,0.119,0.653,0.792,1.366,1.98,0.792,0.277,0.257,0.257,0.139,0.297,0.337,0.495,0.752,0.455,0.337,0.337,0.317,0.317,0.356,0.198,0.198,0.158,0.119,0.059,0.079,0.059,0.059,0.059,0.059,0.04,0.04,0.04,0.02,0.02,0.02,0,0,0,0,0,0,0,0,0,0,0,0,0,0,0,0,0,0,0,0,0,0
2026-08-20T19:00:00Z,0,0,0,0,0,0.042,0.125,0.291,0.894,1.04,2.08,0.957,0.582,0.229,0.166,0.166,0.25,0.312,0.416,0.582,0.354,0.333,0.229,0.291,0.333,0.312,0.229,0.125,0.125,0.166,0.083,0.083,0.062,0.062,0.021,0.042,0.042,0.042,0.021,0.021,0.021,0.021,0,0.021,0.021,0.021,0,0,0,0.021,0,0,0,0,0,0,0,0,0,0,0,0,0,0
2026-08-20T20:00:00Z,0,0,0,0,0.017,0.035,0.104,0.346,1.73,0.83,0.709,0.727,0.294,0.225,0.121,0.156,0.104,0.225,0.398,0.45,0.415,0.398,0.571,0.398,0.19,0.173,0.173,0.104,0.138,0.19,0.087,0.052,0.052,0.052,0.052,0.052,0.017,0.017,0.017,0.017,0,0.017,0.017,0.017,0,0,0,0,0,0,0,0,0,0,0,0,0,0,0,0,0,0,0,0
2026-08-20T21:00:00Z,0,0,0,0,0.019,0.038,0.189,0.265,0.945,1.89,0.869,0.888,0.416,0.34,0.454,0.17,0.095,0.246,0.473,0.416,0.227,0.321,0.246,0.284,0.208,0.189,0.113,0.095,0.113,0.113,0.095,0.095,0.038,0.038,0.057,0.038,0.019,0.019,0.019,0.019,0,0.019,0,0,0,0,0,0,0,0,0,0,0,0,0,0,0,0,0,0,0,0,0,0
2026-08-20T22:00:00Z,0,0,0,0,0.015,0.092,0.138,0.168,1.53,1.316,0.872,1.056,0.26,0.337,0.107,0.122,0.168,0.214,0.367,0.444,0.49,0.413,0.398,0.383,0.138,0.168,0.122,0.107,0.138,0.092,0.046,0.061,0.046,0.061,0.046,0.015,0.015,0.015,0.015,0.015,0.015,0.015,0.015,0,0,0,0,0,0,0,0,0,0,0,0,0,0,0,0,0,0,0,0,0
2026-08-20T23:00:00Z,0,0,0,0,0,0.055,0.109,0.146,1.82,1.037,0.983,0.983,0.382,0.146,0.2,0.109,0.109,0.182,0.255,0.491,0.291,0.437,0.364,0.182,0.2,0.255,0.164,0.091,0.091,0.091,0.036,0.073,0.055,0.036,0.036,0.018,0.036,0.018,0.018,0.018,0.018,0.018,0.018,0,0,0,0,0,0,0,0,0,0,0,0,0,0,0,0,0,0,0,0,0
2026-08-21T00:00:00Z,0,0,0,0,0.027,0.04,0.12,0.213,0.732,0.638,1.33,1.024,0.359,0.412,0.16,0.213,0.106,0.16,0.412,0.479,0.532,0.545,0.279,0.333,0.253,0.16,0.12,0.146,0.106,0.106,0.053,0.053,0.04,0.04,0.027,0.027,0.013,0.013,0.013,0.013,0.013,0.013,0.013,0,0,0,0,0,0,0,0,0,0,0,0,0,0,0,0,0,0,0,0,0
2026-08-21T01:00:00Z,0,0,0,0,0.024,0.098,0.159,0.256,1.22,1.122,1.086,0.512,0.525,0.244,0.22,0.207,0.11,0.122,0.22,0.293,0.525,0.451,0.451,0.22,0.232,0.146,0.122,0.085,0.098,0.085,0.049,0.049,0.024,0.012,0.024,0.024,0.024,0.024,0.024,0.012,0.012,0.012,0,0.012,0.012,0,0,0,0,0,0,0,0,0,0,0,0,0,0,0,0,0,0,0
2026-08-21T02:00:00Z,0,0,0,0,0,0.09,0.134,0.134,1.098,1.546,2.24,0.65,0.717,0.112,0.045,0.202,0.09,0.157,0.269,0.358,0.493,0.381,0.314,0.224,0.202,0.134,0.09,0.09,0.067,0.045,0.022,0.045,0.045,0.022,0.022,0.022,0.022,0.022,0.022,0,0,0,0,0,0,0,0,0,0,0,0,0,0,0,0,0,0,0,0,0,0,0,0,0
2026-08-21T03:00:00Z,0,0,0,0,0.018,0.036,0.161,0.233,1.79,0.967,1.432,0.537,0.322,0.215,0.09,0.251,0.125,0.107,0.143,0.304,0.448,0.501,0.358,0.286,0.233,0.251,0.161,0.072,0.054,0.054,0.036,0.036,0.054,0.018,0.018,0.018,0.018,0.018,0,0.018,0.018,0,0,0,0,0,0,0,0,0,0,0,0,0,0,0,0,0,0,0,0,0,0,0
2026-08-21T04:00:00Z,0,0,0,0,0.015,0.092,0.153,0.214,0.704,0.765,1.53,0.597,0.398,0.184,0.138,0.077,0.107,0.092,0.184,0.306,0.337,0.245,0.214,0.321,0.245,0.245,0.138,0.138,0.107,0.046,0.046,0.061,0.031,0.015,0.015,0.031,0.015,0,0.015,0,0.015,0,0,0,0,0,0,0,0,0,0,0,0,0,0,0,0,0,0,0,0,0,0,0
2026-08-21T05:00:00Z,0,0,0,0,0.021,0.062,0.247,0.206,0.618,1.545,2.06,0.948,0.35,0.474,0.206,0.144,0.103,0.103,0.144,0.35,0.371,0.597,0.33,0.206,0.185,0.268,0.185,0.124,0.062,0.041,0.021,0.021,0.041,0.021,0.021,0,0,0,0,0,0,0,0,0,0,0,0,0,0,0,0,0,0,0,0,0,0,0,0,0,0,0,0,0
2026-08-21T06:00:00Z,0,0,0,0,0,0.08,0.181,0.221,1.327,2.01,0.623,0.663,0.322,0.221,0.221,0.161,0.141,0.08,0.101,0.181,0.201,0.322,0.221,0.302,0.201,0.221,0.121,0.141,0.06,0.06,0.04,0.04,0.02,0.02,0.02,0,0,0,0.02,0,0,0,0,0,0,0,0,0,0,0,0,0,0,0,0,0,0,0,0,0,0,0,0,0
2026-08-21T07:00:00Z,0,0,0,0,0,0.04,0.199,0.259,0.537,1.99,0.517,0.438,0.279,0.239,0.139,0.1,0.08,0.1,0.1,0.1,0.199,0.199,0.199,0.199,0.179,0.139,0.1,0.08,0.04,0.06,0.04,0.02,0.02,0.02,0.02,0,0,0,0,0,0,0,0,0,0,0,0,0,0,0,0,0,0,0,0,0,0,0,0,0,0,0,0,0
2026-08-21T08:00:00Z,0,0,0,0,0.014,0.11,0.317,0.248,0.593,1.38,1.159,0.662,0.635,0.29,0.221,0.124,0.152,0.083,0.083,0.138,0.248,0.221,0.152,0.179,0.179,0.124,0.124,0.124,0.069,0.083,0.041,0.055,0.041,0.028,0.028,0.014,0.014,0.014,0,0.014,0,0,0,0,0,0,0,0,0,0,0,0,0,0,0,0,0,0,0,0,0,0,0,0
2026-08-21T09:00:00Z,0,0,0,0,0.014,0.081,0.27,0.189,0.783,0.769,1.35,0.756,0.405,0.311,0.284,0.392,0.162,0.081,0.068,0.135,0.216,0.243,0.121,0.189,0.176,0.149,0.108,0.095,0.068,0.054,0.054,0.041,0.014,0.027,0.014,0.014,0.014,0.014,0.014,0.014,0,0,0,0,0,0,0,0,0,0,0,0,0,0,0,0,0,0,0,0,0,0,0,0
2026-08-21T10:00:00Z,0,0,0,0,0,0.076,0.397,0.189,0.624,1.89,0.718,0.794,0.435,0.227,0.359,0.113,0.17,0.113,0.17,0.132,0.246,0.208,0.132,0.17,0.151,0.132,0.095,0.057,0.057,0.076,0.057,0.038,0.038,0.019,0.019,0,0.019,0,0,0,0,0,0,0,0,0,0,0,0,0,0,0,0,0,0,0,0,0,0,0,0,0,0,0
2026-08-21T11:00:00Z,0,0,0,0,0,0.025,0.419,0.305,0.47,1.27,0.8,0.61,0.356,0.419,0.203,0.102,0.114,0.127,0.076,0.076,0.165,0.229,0.14,0.114,0.216,0.203,0.102,0.051,0.051,0.038,0.038,0.038,0.025,0.025,0.025,0.025,0.013,0.013,0.013,0.013,0,0.013,0.013,0,0,0,0,0,0,0,0,0,0,0,0,0,0,0,0,0,0,0,0,0
2026-08-21T12:00:00Z,0,0,0,0,0,0.064,0.193,0.177,0.596,1.61,0.869,0.757,0.419,0.225,0.29,0.386,0.177,0.113,0.097,0.209,0.209,0.29,0.209,0.241,0.161,0.145,0.097,0.064,0.081,0.081,0.064,0.048,0.032,0.032,0.016,0.032,0,0.016,0.016,0,0.016,0,0,0,0,0,0,0,0,0,0,0,0,0,0,0,0,0,0,0,0,0,0,0
2026-08-21T13:00:00Z,0,0,0,0,0,0.092,0.267,0.101,0.515,0.92,0.699,0.34,0.221,0.138,0.359,0.147,0.166,0.092,0.074,0.202,0.221,0.212,0.248,0.23,0.156,0.129,0.11,0.11,0.046,0.055,0.046,0.028,0.028,0.046,0.037,0.018,0.018,0.009,0.009,0.009,0.009,0.009,0,0.009,0.009,0,0,0.009,0,0,0,0,0,0,0,0,0,0,0,0,0,0,0,0
2026-08-21T14:00:00Z,0,0,0,0,0,0.075,0.151,0.075,0.276,0.753,2.51,1.33,0.477,0.176,0.126,0.226,0.251,0.1,0.075,0.126,0.176,0.251,0.226,0.176,0.201,0.176,0.126,0.075,0.05,0.025,0.05,0.05,0.025,0.025,0,0,0.025,0,0,0,0,0,0,0,0,0,0,0,0,0,0,0,0,0,0,0,0,0,0,0,0,0,0,0
2026-08-21T15:00:00Z,0,0,0,0,0.01,0.079,0.149,0.238,0.308,0.734,0.992,0.625,0.556,0.327,0.169,0.228,0.218,0.099,0.069,0.119,0.179,0.298,0.367,0.208,0.159,0.139,0.129,0.079,0.06,0.06,0.05,0.02,0.04,0.03,0.02,0.01,0.02,0.02,0.02,0.01,0.01,0,0,0,0.01,0,0,0,0,0,0,0,0,0,0,0,0,0,0,0,0,0,0,0
2026-08-21T16:00:00Z,0,0,0,0,0.009,0.085,0.291,0.225,0.319,0.263,0.939,0.779,0.338,0.197,0.141,0.169,0.15,0.131,0.056,0.103,0.178,0.254,0.272,0.225,0.188,0.094,0.094,0.056,0.085,0.085,0.075,0.047,0.028,0.019,0.028,0.019,0.019,0.019,0.009,0.009,0.019,0.009,0.009,0.009,0.009,0.009,0.009,0.009,0,0,0,0,0,0,0,0,0,0,0,0,0,0,0,0
2026-08-21T17:00:00Z,0,0,0,0,0.012,0.11,0.256,0.305,0.403,1.22,0.415,0.622,0.293,0.171,0.159,0.098,0.146,0.134,0.098,0.098,0.122,0.146,0.183,0.183,0.207,0.207,0.098,0.073,0.073,0.061,0.049,0.061,0.024,0.024,0.037,0.024,0.024,0.012,0.012,0.012,0.012,0.012,0.012,0,0,0,0,0,0,0,0,0,0,0,0,0,0,0,0,0,0,0,0,0
2026-08-21T18:00:00Z,0,0,0,0,0.016,0.047,0.314,0.455,0.235,1.209,1.57,0.895,0.675,0.173,0.188,0.22,0.141,0.157,0.126,0.11,0.157,0.157,0.204,0.141,0.22,0.141,0.188,0.079,0.094,0.063,0.031,0.016,0.016,0.031,0.031,0.016,0.016,0.016,0.016,0.016,0.016,0,0,0,0,0,0,0,0,0,0,0,0,0,0,0,0,0,0,0,0,0,0,0
2026-08-21T19:00:00Z,0,0,0,0,0,0.078,0.224,0.37,0.157,0.56,0.605,1.12,0.862,0.571,0.291,0.146,0.213,0.157,0.179,0.179,0.235,0.19,0.235,0.302,0.19,0.168,0.123,0.134,0.056,0.067,0.045,0.034,0.034,0.034,0.022,0.022,0.011,0.011,0.011,0.011,0.011,0.011,0.011,0.011,0.011,0,0.011,0.011,0,0,0,0,0,0,0,0,0,0,0,0,0,0,0,0
2026-08-21T20:00:00Z,0,0,0,0,0.012,0.071,0.535,0.797,0.167,1.19,0.94,1.142,0.595,0.452,0.309,0.107,0.19,0.178,0.155,0.214,0.19,0.19,0.143,0.178,0.143,0.107,0.095,0.071,0.095,0.059,0.048,0.036,0.036,0.036,0.012,0.012,0,0,0,0,0.012,0.012,0,0,0,0,0,0,0,0,0,0,0,0,0,0,0,0,0,0,0,0,0,0
2026-08-21T21:00:00Z,0,0,0,0,0,0.045,0.224,0.314,0.224,1.12,1.075,0.896,0.381,0.493,0.213,0.246,0.168,0.157,0.202,0.235,0.325,0.179,0.19,0.157,0.168,0.123,0.101,0.067,0.056,0.045,0.034,0.045,0.022,0.022,0.022,0.011,0.011,0.011,0.011,0.011,0,0,0,0,0,0,0,0,0,0,0,0,0,0,0,0,0,0,0,0,0,0,0,0
2026-08-21T22:00:00Z,0,0,0,0,0,0.045,0.106,0.574,0.211,1.042,1.465,1.51,0.574,0.513,0.136,0.166,0.226,0.136,0.136,0.196,0.287,0.226,0.196,0.136,0.106,0.076,0.076,0.06,0.045,0.06,0.06,0.045,0.03,0.015,0.015,0.015,0.015,0,0,0,0,0,0,0,0,0,0,0,0,0,0,0,0,0,0,0,0,0,0,0,0,0,0,0
2026-08-21T23:00:00Z,0,0,0,0,0.011,0.075,0.118,0.77,0.107,0.728,0.589,1.07,0.535,0.471,0.203,0.086,0.193,0.15,0.182,0.257,0.203,0.321,0.171,0.128,0.096,0.075,0.086,0.054,0.043,0.043,0.032,0.021,0.021,0.021,0.021,0.021,0.021,0.011,0.011,0.011,0,0.011,0,0,0,0,0,0,0,0,0,0,0,0,0,0,0,0,0,0,0,0,0,0
2026-08-22T00:00:00Z,0,0,0,0,0.019,0.131,0.159,0.626,0.196,0.346,0.934,0.738,0.654,0.327,0.458,0.205,0.187,0.177,0.084,0.234,0.327,0.262,0.159,0.159,0.084,0.131,0.093,0.084,0.056,0.056,0.037,0.028,0.028,0.019,0.009,0.019,0.009,0.009,0.009,0.009,0.009,0.009,0.009,0.009,0.009,0.009,0,0.009,0,0,0,0,0.009,0,0,0,0,0,0,0,0,0,0,0
2026-08-22T01:00:00Z,0,0,0,0,0.012,0.099,0.124,0.36,0.161,0.384,1.24,1.029,0.756,0.285,0.161,0.161,0.161,0.211,0.161,0.236,0.248,0.26,0.285,0.248,0.099,0.112,0.099,0.099,0.087,0.05,0.037,0.025,0.025,0.025,0.012,0.012,0.012,0.012,0.012,0,0.012,0.012,0,0,0,0,0,0,0,0.012,0,0,0.012,0,0,0,0,0,0,0,0,0,0,0
2026-08-22T02:00:00Z,0,0,0,0,0.011,0.056,0.211,1.11,0.3,0.255,0.666,0.533,0.278,0.333,0.311,0.178,0.289,0.133,0.144,0.111,0.311,0.322,0.278,0.122,0.078,0.078,0.078,0.078,0.067,0.044,0.033,0.033,0.022,0.033,0.022,0.011,0.011,0.011,0.011,0.011,0.011,0,0.011,0.011,0.011,0.011,0.011,0.011,0.011,0.011,0,0.011,0,0,0,0,0,0,0,0,0,0,0,0
2026-08-22T03:00:00Z,0,0,0,0.008,0.016,0.101,0.265,0.515,0.172,0.445,0.78,0.452,0.46,0.226,0.242,0.187,0.203,0.172,0.156,0.164,0.148,0.25,0.203,0.172,0.187,0.125,0.125,0.078,0.07,0.062,0.047,0.039,0.039,0.031,0.031,0.016,0.016,0.016,0.016,0.016,0.008,0.016,0.008,0.008,0.016,0.016,0.008,0.008,0,0.008,0.008,0.008,0.008,0.008,0,0,0.008,0.008,0,0,0,0,0,0
2026-08-22T04:00:00Z,0,0,0,0,0,0.07,0.195,0.917,0.195,0.542,1.39,0.431,0.403,0.181,0.32,0.153,0.236,0.167,0.097,0.167,0.139,0.111,0.195,0.139,0.097,0.097,0.07,0.07,0.07,0.042,0.056,0.056,0.028,0.028,0.014,0.014,0.014,0.014,0.014,0,0.014,0.014,0.014,0.014,0,0,0.014,0,0,0,0,0,0,0,0,0,0,0,0,0,0,0,0,0
2026-08-22T05:00:00Z,0,0,0,0,0.013,0.053,0.12,1.33,0.572,0.319,0.585,0.718,0.545,0.532,0.346,0.16,0.133,0.12,0.106,0.106,0.213,0.106,0.186,0.266,0.213,0.133,0.106,0.08,0.053,0.053,0.04,0.027,0.027,0.013,0.013,0.027,0.027,0.027,0.027,0.027,0,0,0.013,0.013,0,0.013,0,0,0,0,0,0,0,0,0,0,0,0,0,0,0,0,0,0
2026-08-22T06:00:00Z,0,0,0,0,0.008,0.048,0.248,0.8,0.344,0.76,0.624,0.472,0.448,0.352,0.192,0.208,0.16,0.152,0.088,0.144,0.144,0.184,0.152,0.128,0.152,0.112,0.112,0.096,0.104,0.048,0.064,0.04,0.04,0.032,0.024,0.016,0.016,0.024,0.024,0.016,0.016,0.008,0.016,0.016,0.016,0.008,0.008,0.008,0.008,0.008,0.008,0,0,0,0,0,0,0,0,0,0,0,0,0
2026-08-22T07:00:00Z,0,0,0,0,0.018,0.091,0.137,0.756,0.465,0.547,0.911,0.301,0.428,0.401,0.146,0.237,0.109,0.109,0.137,0.164,0.137,0.246,0.21,0.164,0.118,0.128,0.1,0.091,0.046,0.036,0.055,0.055,0.027,0.027,0.018,0.027,0.027,0.027,0.009,0.009,0.009,0.009,0.009,0.009,0.009,0,0,0,0,0,0,0,0,0,0,0,0,0,0,0,0,0,0,0
2026-08-22T08:00:00Z,0,0,0,0,0.01,0.04,0.121,1.01,0.404,0.232,0.374,0.232,0.455,0.444,0.121,0.202,0.242,0.212,0.172,0.162,0.293,0.212,0.182,0.182,0.151,0.131,0.091,0.091,0.061,0.04,0.061,0.04,0.03,0.02,0.02,0.02,0.02,0.02,0.01,0.01,0.01,0.01,0.01,0.01,0,0.01,0,0,0,0,0,0,0,0,0,0,0,0,0,0,0,0,0,0
2026-08-22T09:00:00Z,0,0,0,0,0.01,0.061,0.204,0.602,0.5,0.367,1.02,0.745,0.51,0.53,0.214,0.194,0.143,0.153,0.153,0.204,0.306,0.235,0.143,0.122,0.071,0.102,0.082,0.082,0.051,0.071,0.102,0.041,0.02,0.02,0.02,0.01,0.02,0.01,0.01,0.01,0.01,0.01,0.01,0,0,0,0,0,0,0,0,0,0,0,0,0,0,0,0,0,0,0,0,0
2026-08-22T10:00:00Z,0,0,0,0,0.013,0.075,0.312,0.525,1.25,0.263,0.225,0.438,0.512,0.225,0.263,0.225,0.163,0.15,0.175,0.125,0.188,0.263,0.2,0.125,0.2,0.138,0.075,0.1,0.062,0.075,0.062,0.062,0.062,0.025,0.013,0.013,0.025,0.013,0.013,0.013,0.013,0.013,0,0,0,0,0,0,0,0,0,0,0,0,0,0,0,0,0,0,0,0,0,0
2026-08-22T11:00:00Z,0,0,0,0,0.008,0.042,0.228,0.389,0.423,0.288,0.584,0.846,0.321,0.381,0.195,0.161,0.195,0.11,0.152,0.169,0.245,0.186,0.127,0.093,0.11,0.068,0.068,0.076,0.085,0.076,0.059,0.051,0.034,0.059,0.034,0.017,0.017,0.017,0.017,0.008,0.008,0.008,0.008,0.008,0,0,0.008,0,0,0,0,0,0,0,0,0,0,0,0,0,0,0,0,0
2026-08-22T12:00:00Z,0,0,0,0,0,0.055,0.239,1.122,1.84,0.478,0.607,0.442,0.129,0.129,0.166,0.368,0.147,0.129,0.129,0.221,0.166,0.202,0.11,0.092,0.092,0.074,0.037,0.037,0.037,0.074,0.055,0.055,0.037,0.018,0.018,0.018,0,0.018,0,0,0,0,0,0,0,0,0,0,0,0,0,0,0,0,0,0,0,0,0,0,0,0,0,0
2026-08-22T13:00:00Z,0,0,0,0,0.016,0.065,0.384,0.465,0.816,0.269,0.473,0.563,0.384,0.204,0.31,0.302,0.204,0.171,0.106,0.155,0.18,0.114,0.163,0.139,0.09,0.131,0.065,0.049,0.049,0.041,0.041,0.049,0.049,0.033,0.024,0.024,0.016,0.016,0.016,0.008,0.008,0.008,0.008,0,0,0,0,0,0,0,0,0,0,0,0,0,0,0,0,0,0,0,0,0
2026-08-22T14:00:00Z,0,0,0,0,0.019,0.074,0.149,0.595,0.93,0.233,0.307,0.577,0.372,0.381,0.428,0.214,0.26,0.223,0.121,0.195,0.158,0.186,0.158,0.195,0.13,0.074,0.047,0.056,0.056,0.037,0.028,0.037,0.028,0.028,0.019,0.019,0.019,0.009,0.009,0.009,0.009,0,0,0,0,0,0,0,0,0,0,0,0,0,0,0,0,0,0,0,0,0,0,0
2026-08-22T15:00:00Z,0,0,0,0,0.02,0.06,0.298,0.367,0.992,0.407,0.397,0.665,0.684,0.317,0.268,0.258,0.188,0.149,0.159,0.188,0.228,0.288,0.179,0.149,0.139,0.109,0.05,0.06,0.05,0.04,0.03,0.04,0.04,0.02,0.02,0.03,0.02,0.01,0.01,0.02,0.01,0,0,0,0,0,0,0,0,0,0,0,0,0,0,0,0,0,0,0,0,0,0,0
2026-08-22T16:00:00Z,0,0,0,0,0.009,0.028,0.095,0.161,0.949,0.304,0.389,0.484,0.342,0.807,0.399,0.256,0.285,0.199,0.199,0.228,0.266,0.323,0.418,0.152,0.152,0.152,0.085,0.085,0.066,0.038,0.047,0.038,0.038,0.028,0.019,0.019,0.019,0.009,0.009,0.009,0.009,0,0,0,0,0,0,0,0,0,0,0,0,0,0,0,0,0,0,0,0,0,0,0
2026-08-22T17:00:00Z,0,0,0,0,0.011,0.059,0.198,0.155,0.536,0.161,0.327,0.44,0.461,0.488,0.23,0.225,0.236,0.177,0.182,0.263,0.284,0.204,0.327,0.182,0.177,0.166,0.091,0.091,0.054,0.032,0.038,0.038,0.027,0.027,0.027,0.027,0.011,0.021,0.011,0.011,0.016,0.011,0.011,0.011,0.005,0.005,0.005,0.005,0.005,0.005,0.005,0.005,0,0,0,0,0,0,0,0,0,0,0,0
2026-08-22T18:00:00Z,0,0,0,0,0,0.052,0.413,0.348,1.29,0.8,0.361,0.374,0.413,0.374,0.232,0.258,0.206,0.142,0.323,0.361,0.258,0.219,0.271,0.206,0.219,0.103,0.09,0.065,0.039,0.039,0.039,0.039,0.026,0.013,0.013,0.013,0.013,0.013,0.013,0.013,0.013,0,0,0,0,0,0,0,0,0,0,0,0,0,0,0,0,0,0,0,0,0,0,0
2026-08-22T19:00:00Z,0,0,0,0,0.009,0.027,0.26,0.449,0.898,0.467,0.296,0.458,0.198,0.449,0.278,0.225,0.242,0.144,0.198,0.189,0.386,0.278,0.198,0.153,0.126,0.189,0.108,0.099,0.054,0.036,0.027,0.027,0.027,0.018,0.009,0.009,0.009,0.009,0.009,0,0.009,0.009,0.009,0.009,0,0,0.009,0,0,0,0,0,0,0,0,0,0,0,0,0,0,0,0,0
2026-08-22T20:00:00Z,0,0,0,0,0.017,0.033,0.384,0.518,1.67,0.518,0.501,0.401,0.351,0.301,0.317,0.167,0.167,0.2,0.334,0.267,0.301,0.351,0.217,0.184,0.084,0.1,0.1,0.05,0.067,0.033,0.05,0.017,0.033,0.017,0.017,0.017,0,0,0,0,0,0,0,0,0,0,0,0,0,0,0,0,0,0,0,0,0,0,0,0,0,0,0,0
2026-08-22T21:00:00Z,0,0,0,0,0.015,0.075,0.57,0.15,1.5,0.39,0.195,0.495,0.465,0.525,0.705,0.21,0.27,0.27,0.33,0.315,0.285,0.225,0.21,0.165,0.135,0.165,0.165,0.105,0.075,0.075,0.03,0.06,0.045,0.03,0.015,0,0,0,0.015,0,0.015,0.015,0,0,0,0,0,0,0,0,0,0,0,0,0,0,0,0,0,0,0,0,0,0
2026-08-22T22:00:00Z,0,0,0,0,0.015,0.075,0.54,0.6,1.5,0.285,0.45,0.27,0.39,0.285,0.525,0.195,0.18,0.18,0.27,0.315,0.285,0.225,0.225,0.18,0.165,0.09,0.105,0.105,0.06,0.075,0.045,0.045,0.03,0.03,0.015,0.015,0,0,0,0,0,0,0,0,0,0,0,0,0,0,0,0,0,0,0,0,0,0,0,0,0,0,0,0
2026-08-22T23:00:00Z,0,0,0,0,0.019,0.057,0.364,0.239,0.958,0.268,0.335,0.469,0.718,0.268,0.383,0.287,0.22,0.192,0.22,0.297,0.287,0.307,0.297,0.163,0.163,0.144,0.086,0.077,0.067,0.057,0.038,0.029,0.029,0.029,0.019,0.019,0.01,0.01,0.01,0.01,0,0.01,0,0,0,0,0,0,0,0,0,0,0,0,0,0,0,0.01,0.01,0.01,0.01,0.01,0.019,0.019
2026-08-23T00:00:00Z,0,0,0,0,0.015,0.061,0.274,0.426,1.52,0.73,0.137,0.228,0.502,0.304,0.182,0.304,0.319,0.213,0.228,0.274,0.213,0.213,0.274,0.274,0.213,0.167,0.091,0.106,0.076,0.046,0.061,0.03,0.03,0.03,0.03,0.015,0.015,0.015,0.015,0,0,0,0,0,0,0,0,0,0,0,0,0,0,0,0,0,0,0.015,0,0.015,0,0,0,0
2026-08-23T01:00:00Z,0,0,0,0,0,0.035,0.35,0.595,1.75,0.682,0.455,0.28,0.403,0.473,0.088,0.263,0.333,0.245,0.263,0.367,0.42,0.28,0.245,0.245,0.105,0.088,0.123,0.088,0.052,0.052,0.07,0.035,0.035,0.018,0.018,0.018,0,0.018,0,0,0,0,0,0,0,0,0,0,0,0,0,0,0,0,0,0,0,0,0,0,0,0,0,0
2026-08-23T02:00:00Z,0,0,0,0,0.035,0.071,0.33,0.307,1.18,0.46,0.425,0.425,0.531,0.319,0.295,0.212,0.201,0.248,0.236,0.413,0.425,0.248,0.307,0.248,0.177,0.177,0.106,0.071,0.071,0.094,0.059,0.071,0.035,0.024,0.012,0.012,0.012,0.012,0.012,0.012,0.012,0.012,0,0,0.012,0.012,0.012,0.012,0.012,0.012,0,0,0,0.012,0,0,0,0,0,0,0,0,0,0
2026-08-23T03:00:00Z,0,0,0,0,0.024,0.048,0.589,0.748,0.78,0.796,0.334,0.454,0.271,0.263,0.199,0.239,0.247,0.231,0.342,0.374,0.318,0.151,0.175,0.239,0.191,0.167,0.096,0.072,0.056,0.064,0.04,0.048,0.032,0.032,0.024,0.016,0.016,0.008,0.016,0.008,0.016,0.008,0.008,0.024,0.024,0.008,0.008,0.008,0.008,0.008,0.008,0,0.008,0.008,0.008,0.008,0.008,0,0,0,0,0,0,0
2026-08-23T04:00:00Z,0,0,0,0,0,0.046,0.26,0.306,1.53,0.474,0.551,0.291,0.275,0.291,0.367,0.291,0.199,0.199,0.306,0.306,0.245,0.26,0.367,0.153,0.199,0.168,0.122,0.092,0.046,0.046,0.015,0.031,0.031,0.031,0.015,0.015,0.015,0.015,0.015,0.015,0.015,0.015,0,0,0,0,0,0,0,0,0,0,0,0,0,0,0,0,0,0,0,0,0,0
2026-08-23T05:00:00Z,0,0,0,0,0.009,0.061,0.47,0.871,0.47,0.557,0.235,0.261,0.287,0.557,0.296,0.322,0.322,0.165,0.131,0.218,0.157,0.165,0.235,0.174,0.096,0.139,0.113,0.087,0.087,0.078,0.044,0.052,0.035,0.017,0.026,0.017,0.009,0.009,0.009,0.017,0.009,0.017,0.009,0.009,0.009,0.009,0.009,0,0,0,0,0,0,0,0,0,0,0,0,0,0,0,0,0
2026-08-23T06:00:00Z,0,0,0,0.01,0.01,0.04,0.288,0.873,0.992,0.694,0.248,0.169,0.605,0.218,0.317,0.188,0.238,0.169,0.159,0.238,0.208,0.238,0.248,0.317,0.198,0.208,0.169,0.069,0.05,0.04,0.05,0.04,0.03,0.02,0.03,0.02,0.01,0.02,0.01,0.01,0.02,0.01,0.01,0.01,0,0,0,0,0.01,0,0,0,0,0,0,0,0,0,0,0,0,0,0,0
2026-08-23T07:00:00Z,0,0,0,0,0.008,0.073,0.404,0.808,0.566,0.485,0.541,0.436,0.283,0.517,0.186,0.154,0.21,0.154,0.259,0.315,0.315,0.25,0.42,0.186,0.21,0.186,0.145,0.113,0.089,0.073,0.057,0.081,0.048,0.048,0.057,0.016,0.016,0.016,0.016,0.016,0.016,0.008,0.008,0.008,0.008,0.008,0.008,0.008,0.008,0,0,0,0,0,0,0,0,0,0,0,0,0,0,0
2026-08-23T08:00:00Z,0,0,0,0,0.015,0.046,0.398,0.627,1.53,1.454,0.306,0.474,0.229,0.306,0.413,0.229,0.184,0.122,0.26,0.352,0.337,0.214,0.26,0.245,0.229,0.214,0.184,0.168,0.092,0.092,0.092,0.061,0.061,0.061,0.031,0.031,0.015,0.031,0.015,0.015,0.015,0.015,0.015,0,0,0,0,0,0,0,0,0,0,0,0,0,0,0,0,0,0,0,0,0
2026-08-23T09:00:00Z,0,0,0,0,0.021,0.103,0.278,0.649,0.875,1.03,0.474,0.34,0.196,0.391,0.381,0.288,0.227,0.144,0.175,0.247,0.216,0.33,0.288,0.237,0.433,0.288,0.206,0.185,0.196,0.175,0.144,0.072,0.082,0.052,0.041,0.041,0.041,0.031,0.031,0.021,0.01,0.01,0.01,0.01,0.01,0.01,0.01,0,0,0.01,0,0,0,0,0,0,0,0,0,0,0,0,0,0
2026-08-23T10:00:00Z,0,0,0,0,0.014,0.072,0.174,1.276,1.45,1.305,0.435,0.348,0.334,0.16,0.232,0.189,0.174,0.16,0.131,0.189,0.217,0.261,0.304,0.275,0.261,0.217,0.189,0.203,0.189,0.116,0.102,0.072,0.087,0.043,0.043,0.043,0.029,0.029,0.014,0.014,0.014,0.014,0.014,0.014,0,0,0,0,0,0,0,0,0,0,0,0,0,0,0,0,0,0,0,0
2026-08-23T11:00:00Z,0,0,0,0,0.02,0.059,0.197,1.97,0.926,0.709,0.473,0.355,0.217,0.197,0.236,0.118,0.118,0.118,0.158,0.197,0.177,0.138,0.236,0.217,0.217,0.158,0.158,0.099,0.158,0.099,0.099,0.039,0.059,0.039,0.02,0.02,0.02,0.02,0,0.02,0.02,0,0,0,0,0,0,0,0,0,0,0,0,0,0,0,0,0,0,0,0,0,0,0
2026-08-23T12:00:00Z,0,0,0,0,0.012,0.074,0.211,1.24,0.794,0.967,0.595,0.236,0.422,0.124,0.26,0.322,0.248,0.186,0.236,0.136,0.26,0.198,0.211,0.248,0.161,0.223,0.161,0.149,0.099,0.074,0.074,0.074,0.062,0.025,0.025,0.025,0.037,0.037,0.012,0.012,0.012,0,0,0,0,0,0,0,0,0,0,0,0,0,0,0,0,0,0,0,0,0,0,0
2026-08-23T13:00:00Z,0,0,0,0.015,0.015,0.06,0.15,1.5,0.42,1.29,0.315,0.255,0.105,0.15,0.33,0.405,0.285,0.15,0.18,0.255,0.24,0.285,0.39,0.24,0.21,0.21,0.165,0.135,0.105,0.075,0.045,0.06,0.03,0.03,0.045,0.03,0.015,0,0.015,0.015,0,0,0,0,0,0,0,0,0,0,0,0,0,0,0,0,0,0,0,0,0,0,0,0
2026-08-23T14:00:00Z,0,0,0,0,0.029,0.029,0.118,1.47,0.985,1,0.309,0.176,0.206,0.118,0.221,0.221,0.25,0.147,0.162,0.456,0.382,0.382,0.485,0.191,0.221,0.176,0.103,0.132,0.088,0.118,0.103,0.073,0.059,0.044,0.044,0.029,0.015,0.015,0.015,0.015,0.015,0.015,0,0,0,0,0,0,0,0,0,0,0,0,0,0,0,0,0,0,0,0,0,0
2026-08-23T15:00:00Z,0,0,0,0,0.015,0.045,0.135,0.63,1.5,0.915,0.57,0.42,0.15,0.3,0.405,0.405,0.165,0.285,0.27,0.285,0.33,0.24,0.165,0.165,0.24,0.21,0.15,0.15,0.135,0.09,0.045,0.06,0.06,0.03,0.03,0.03,0.015,0.015,0.015,0.015,0.015,0.015,0.015,0,0,0,0,0,0,0,0,0,0,0,0,0,0,0,0,0,0,0,0,0
2026-08-23T16:00:00Z,0,0,0,0,0.012,0.047,0.106,1.18,0.743,0.932,0.472,0.437,0.106,0.118,0.248,0.153,0.189,0.236,0.201,0.425,0.425,0.33,0.248,0.248,0.342,0.295,0.13,0.142,0.083,0.106,0.059,0.059,0.071,0.059,0.059,0.047,0.024,0.012,0.012,0.012,0.012,0.012,0,0,0,0,0,0,0,0,0,0,0,0,0,0,0,0,0,0,0,0,0,0
2026-08-23T17:00:00Z,0,0,0,0,0.01,0.077,0.077,0.532,0.436,0.968,0.465,0.116,0.203,0.126,0.223,0.174,0.194,0.223,0.242,0.339,0.387,0.281,0.31,0.223,0.223,0.155,0.136,0.097,0.077,0.097,0.068,0.126,0.058,0.039,0.029,0.029,0.029,0.01,0.019,0.01,0.01,0.01,0.01,0.01,0.01,0,0.01,0,0,0,0,0,0,0,0,0,0,0,0,0,0,0,0,0
2026-08-23T18:00:00Z,0,0,0,0,0.011,0.046,0.194,1.129,1.14,0.581,0.638,0.353,0.217,0.137,0.148,0.125,0.251,0.251,0.262,0.433,0.376,0.456,0.445,0.319,0.194,0.16,0.114,0.091,0.114,0.08,0.114,0.057,0.046,0.023,0.034,0.023,0.034,0.034,0.023,0.011,0.023,0.023,0.011,0.011,0.011,0.011,0.011,0.011,0.011,0.011,0.011,0.011,0.011,0.011,0.011,0.011,0,0,0,0,0,0,0,0
2026-08-23T19:00:00Z,0,0,0,0,0.019,0.028,0.12,0.574,0.583,0.925,0.398,0.389,0.12,0.12,0.231,0.268,0.315,0.194,0.287,0.601,0.379,0.361,0.25,0.213,0.167,0.157,0.185,0.148,0.102,0.083,0.083,0.046,0.046,0.046,0.037,0.046,0.037,0.046,0.028,0.019,0.019,0.028,0.019,0.028,0.019,0.019,0.019,0.019,0.019,0.009,0.009,0.019,0.019,0.009,0.009,0.009,0.009,0.009,0.009,0,0.009,0,0.009,0
2026-08-23T20:00:00Z,0,0,0,0,0.026,0.092,0.262,1.297,1.258,1.31,0.275,0.197,0.066,0.249,0.144,0.249,0.17,0.157,0.341,0.642,0.642,0.432,0.419,0.223,0.157,0.131,0.118,0.079,0.066,0.066,0.052,0.092,0.052,0.052,0.026,0.039,0.026,0.026,0.026,0.026,0.026,0.026,0.026,0.013,0.013,0.013,0.013,0.013,0.013,0,0,0,0.013,0.013,0,0.013,0,0,0,0,0,0,0,0
2026-08-23T21:00:00Z,0,0,0,0,0,0.092,0.16,0.71,2.29,1.878,0.733,0.366,0.115,0.115,0.229,0.527,0.229,0.389,0.481,0.641,0.435,0.343,0.412,0.343,0.298,0.183,0.183,0.137,0.092,0.092,0.069,0.046,0.046,0.069,0.046,0.023,0.023,0.023,0.046,0.023,0.023,0.023,0.023,0.023,0,0.023,0,0,0,0,0,0,0,0,0,0,0,0,0,0,0,0,0,0
2026-08-23T22:00:00Z,0,0,0,0,0.019,0.112,0.13,0.632,1.86,0.688,0.818,0.242,0.13,0.149,0.093,0.446,0.205,0.26,0.26,0.298,0.484,0.409,0.409,0.26,0.242,0.167,0.112,0.112,0.112,0.074,0.074,0.093,0.074,0.056,0.037,0.037,0.019,0.019,0.019,0.037,0.019,0.019,0.019,0.019,0,0,0.019,0,0,0,0,0,0,0,0,0,0,0,0,0,0,0,0,0
2026-08-23T23:00:00Z,0,0,0,0,0.032,0.095,0.237,0.474,1.58,0.916,0.49,0.3,0.158,0.142,0.521,0.363,0.221,0.237,0.458,0.458,0.348,0.363,0.363,0.284,0.126,0.095,0.126,0.126,0.126,0.095,0.063,0.063,0.063,0.063,0.032,0.047,0.032,0.032,0.047,0.047,0.032,0.016,0.016,0.016,0.016,0.016,0.016,0.016,0,0,0,0,0,0,0,0,0,0,0,0,0,0,0,0
2026-08-24T00:00:00Z,0,0,0,0,0.021,0.126,0.189,0.945,2.1,1.512,0.861,0.357,0.21,0.105,0.273,0.273,0.168,0.168,0.315,0.357,0.357,0.42,0.273,0.231,0.21,0.336,0.21,0.189,0.126,0.084,0.084,0.063,0.084,0.063,0.042,0.042,0.042,0.021,0.021,0.042,0.021,0.021,0.021,0.021,0.021,0,0,0,0,0,0,0,0,0.021,0.021,0,0,0,0,0,0,0,0,0
2026-08-24T01:00:00Z,0,0,0,0,0.02,0.078,0.059,0.644,1.95,1.053,1.073,0.215,0.273,0.234,0.371,0.215,0.195,0.195,0.176,0.254,0.312,0.429,0.39,0.234,0.176,0.176,0.156,0.098,0.098,0.078,0.078,0.098,0.098,0.098,0.078,0.059,0.039,0.039,0.059,0.039,0.039,0.039,0.039,0.059,0.039,0.02,0.02,0.02,0.02,0.02,0,0,0,0,0,0,0,0,0,0,0,0,0,0
2026-08-24T02:00:00Z,0,0,0,0,0,0.058,0.202,0.52,2.89,2.167,0.491,0.491,0.231,0.116,0.26,0.318,0.231,0.289,0.289,0.231,0.289,0.347,0.289,0.231,0.202,0.116,0.144,0.116,0.087,0.087,0.087,0.116,0.087,0.058,0.087,0.058,0.058,0.058,0.058,0.029,0.058,0.058,0.029,0.029,0.029,0,0.029,0,0,0,0,0,0,0,0,0,0,0,0,0,0,0,0,0
2026-08-24T03:00:00Z,0,0,0,0,0,0.094,0.219,0.469,3.13,0.97,0.97,0.219,0.25,0.188,0.125,0.344,0.219,0.313,0.313,0.313,0.313,0.313,0.219,0.188,0.25,0.188,0.125,0.188,0.094,0.094,0.094,0.094,0.063,0.063,0.063,0.031,0.063,0.031,0.031,0.031,0.031,0.031,0.031,0,0,0,0,0,0,0,0,0,0,0,0,0,0,0,0,0,0,0,0,0
2026-08-24T04:00:00Z,0,0,0,0,0.016,0.066,0.23,0.344,0.836,1.64,0.656,0.443,0.115,0.213,0.295,0.361,0.18,0.148,0.23,0.344,0.279,0.213,0.213,0.164,0.148,0.197,0.213,0.164,0.164,0.098,0.131,0.098,0.115,0.066,0.066,0.066,0.033,0.033,0.033,0.033,0.016,0.033,0.016,0.016,0,0.016,0,0.016,0,0.016,0,0,0,0,0,0,0,0,0,0,0,0,0,0
2026-08-24T05:00:00Z,0,0,0,0,0.014,0.099,0.213,0.483,1.42,1.278,0.355,0.639,0.298,0.256,0.27,0.298,0.185,0.284,0.298,0.355,0.298,0.312,0.27,0.213,0.256,0.213,0.199,0.17,0.142,0.156,0.099,0.099,0.114,0.085,0.071,0.057,0.043,0.057,0.043,0.014,0.028,0.028,0.014,0.014,0,0,0.014,0.014,0,0,0,0,0,0,0,0,0,0,0,0,0,0,0,0
2026-08-24T06:00:00Z,0,0,0,0,0.018,0.052,0.298,0.77,1.75,1.505,0.28,0.315,0.245,0.175,0.123,0.263,0.175,0.175,0.263,0.158,0.298,0.263,0.263,0.228,0.14,0.175,0.228,0.123,0.175,0.14,0.175,0.105,0.105,0.035,0.052,0.052,0.052,0.052,0.018,0.035,0.018,0.018,0.018,0,0.018,0.018,0,0,0,0,0,0,0,0,0,0,0,0,0,0,0,0,0,0
2026-08-24T07:00:00Z,0,0,0,0,0,0.067,0.223,0.357,1.494,2.23,0.446,0.401,0.112,0.223,0.156,0.334,0.223,0.312,0.268,0.201,0.357,0.245,0.245,0.268,0.201,0.156,0.178,0.223,0.112,0.156,0.156,0.134,0.067,0.112,0.067,0.045,0.022,0.022,0.022,0.022,0.022,0.022,0,0.022,0,0,0,0,0,0,0,0,0,0,0,0,0,0,0,0,0,0,0,0
2026-08-24T08:00:00Z,0,0,0,0,0,0.077,0.116,0.426,3.87,2.902,1.122,0.929,0.31,0.31,0.232,0.271,0.232,0.232,0.232,0.271,0.271,0.271,0.155,0.232,0.232,0.271,0.194,0.232,0.155,0.116,0.077,0.077,0.077,0.077,0.039,0,0.039,0.039,0,0,0,0,0,0,0,0,0,0,0,0,0,0,0,0,0,0,0,0,0,0,0,0,0,0
2026-08-24T09:00:00Z,0,0,0,0,0,0.053,0.186,0.452,1.889,2.66,0.505,0.372,0.372,0.213,0.213,0.266,0.239,0.293,0.266,0.213,0.213,0.452,0.293,0.346,0.266,0.319,0.239,0.239,0.16,0.16,0.133,0.08,0.053,0.08,0.053,0.053,0.027,0.027,0.027,0.027,0.027,0,0,0,0,0,0,0,0,0,0,0,0,0,0,0,0,0,0,0,0,0,0,0
2026-08-24T10:00:00Z,0,0,0,0,0,0.09,0.136,0.294,2.26,2.124,0.881,0.565,0.181,0.226,0.249,0.339,0.158,0.271,0.136,0.158,0.181,0.271,0.429,0.316,0.203,0.181,0.226,0.181,0.203,0.113,0.113,0.068,0.068,0.068,0.068,0.023,0.023,0.023,0.023,0,0.023,0,0,0,0,0,0,0,0,0,0,0,0,0,0,0,0,0,0,0,0,0,0,0
2026-08-24T11:00:00Z,0,0,0,0,0.023,0.046,0.139,0.554,1.917,2.31,0.762,0.624,0.162,0.116,0.162,0.3,0.346,0.231,0.185,0.254,0.323,0.416,0.416,0.231,0.3,0.231,0.208,0.162,0.162,0.139,0.092,0.069,0.023,0.046,0.023,0.069,0.023,0.023,0.023,0.023,0.023,0,0,0,0,0,0,0,0,0,0,0,0,0,0,0,0,0,0,0,0,0,0,0
2026-08-24T12:00:00Z,0,0,0,0,0,0.085,0.152,0.49,1.69,0.845,1.183,0.541,0.22,0.169,0.237,0.203,0.254,0.118,0.152,0.169,0.254,0.27,0.321,0.254,0.186,0.203,0.169,0.27,0.135,0.101,0.085,0.068,0.051,0.034,0.034,0.051,0.017,0.017,0.017,0.017,0.017,0,0.017,0.017,0,0,0,0,0,0,0,0,0,0,0,0,0,0,0,0,0,0,0,0
2026-08-24T13:00:00Z,0,0,0,0,0,0.023,0.231,0.716,0.693,2.31,0.97,0.508,0.185,0.208,0.254,0.277,0.208,0.185,0.139,0.162,0.162,0.254,0.3,0.185,0.231,0.231,0.139,0.092,0.139,0.139,0.092,0.069,0.069,0.046,0.046,0.023,0.023,0.023,0,0,0.023,0,0,0,0,0,0,0,0,0,0,0,0,0,0,0,0,0,0,0,0,0,0,0
2026-08-24T14:00:00Z,0,0,0,0,0,0.024,0.316,0.778,2.43,2.187,1.191,0.923,0.267,0.194,0.267,0.364,0.243,0.243,0.194,0.194,0.243,0.316,0.219,0.243,0.267,0.243,0.17,0.146,0.121,0.097,0.073,0.049,0.049,0.049,0.049,0.024,0.024,0.024,0.024,0,0,0,0,0,0,0,0,0,0,0,0,0,0,0,0,0,0,0,0,0,0,0,0,0
2026-08-24T15:00:00Z,0,0,0,0,0,0.072,0.394,0.573,1.289,1.79,0.877,0.626,0.358,0.286,0.233,0.233,0.251,0.143,0.179,0.448,0.376,0.376,0.376,0.34,0.269,0.197,0.107,0.09,0.09,0.161,0.072,0.036,0.072,0.054,0.018,0.036,0.036,0.036,0.018,0.018,0,0,0,0,0,0,0,0,0,0,0,0,0,0,0,0,0,0,0,0,0,0,0,0
2026-08-24T16:00:00Z,0,0,0,0,0,0.079,0.106,0.818,1.742,2.64,1.584,0.66,0.29,0.158,0.343,0.158,0.185,0.132,0.238,0.185,0.211,0.317,0.158,0.264,0.211,0.238,0.211,0.106,0.079,0.079,0.106,0.079,0.026,0.053,0.026,0.026,0.026,0,0,0,0,0,0,0,0,0,0,0,0,0,0,0,0,0,0,0,0,0,0,0,0,0,0,0
2026-08-24T17:00:00Z,0,0,0,0,0,0.06,0.238,0.447,1.728,2.98,1.252,0.924,0.358,0.119,0.209,0.328,0.238,0.209,0.268,0.298,0.328,0.358,0.209,0.238,0.179,0.179,0.119,0.089,0.06,0.119,0.089,0.06,0.089,0.06,0.03,0.03,0,0.03,0,0,0,0,0,0,0,0,0,0,0,0,0,0,0,0,0,0,0,0,0,0,0,0,0,0
2026-08-24T18:00:00Z,0,0,0,0,0,0.058,0.289,0.433,0.751,2.89,1.214,0.838,0.376,0.144,0.173,0.231,0.26,0.173,0.289,0.318,0.347,0.376,0.289,0.231,0.202,0.173,0.173,0.087,0.116,0.087,0.087,0.058,0.029,0.029,0.029,0.029,0,0,0.029,0,0,0,0,0,0,0,0,0,0,0,0,0,0,0,0,0,0,0,0,0,0,0,0,0
2026-08-24T19:00:00Z,0,0,0,0,0,0.034,0.187,0.646,1.7,1.513,1.632,0.408,0.323,0.102,0.153,0.374,0.272,0.136,0.238,0.255,0.204,0.391,0.34,0.221,0.238,0.204,0.136,0.068,0.085,0.068,0.068,0.051,0.051,0.051,0.051,0.034,0.034,0.017,0.017,0.017,0.017,0.017,0.017,0,0.017,0,0,0,0,0,0,0,0,0,0,0,0,0,0,0,0,0,0,0
2026-08-24T20:00:00Z,0,0,0,0,0,0.095,0.127,0.412,1.585,3.17,1.997,1.3,0.317,0.38,0.159,0.317,0.222,0.127,0.254,0.412,0.317,0.285,0.19,0.222,0.159,0.159,0.127,0.095,0.127,0.063,0.095,0.032,0.063,0.032,0.032,0.032,0,0.032,0,0,0,0,0,0,0,0,0,0,0,0,0,0,0,0,0,0,0,0,0,0,0,0,0,0
2026-08-24T21:00:00Z,0,0,0,0,0,0.131,0.131,0.197,1.164,1.64,0.984,0.607,0.476,0.131,0.246,0.18,0.213,0.164,0.197,0.344,0.344,0.361,0.279,0.23,0.262,0.23,0.23,0.18,0.082,0.082,0.082,0.066,0.049,0.049,0.033,0.033,0.033,0.016,0.016,0.016,0.016,0.016,0.033,0.033,0.033,0.016,0.016,0.016,0.016,0.016,0,0.016,0,0,0,0,0,0,0,0,0,0,0,0
2026-08-24T22:00:00Z,0,0,0,0,0,0.076,0.279,0.559,1.219,2.54,0.914,0.508,0.279,0.279,0.229,0.279,0.229,0.279,0.229,0.356,0.33,0.33,0.305,0.178,0.229,0.127,0.152,0.127,0.102,0.152,0.076,0.076,0.076,0.025,0.051,0.025,0.025,0.051,0.025,0,0.025,0.025,0.025,0,0,0,0,0,0,0,0,0,0,0,0,0,0,0,0,0,0,0,0,0
2026-08-24T23:00:00Z,0,0,0,0,0,0.115,0.366,0.504,1.099,2.29,1.992,1.145,0.321,0.16,0.275,0.343,0.298,0.206,0.16,0.298,0.458,0.366,0.298,0.206,0.16,0.252,0.115,0.092,0.137,0.092,0.115,0.046,0.069,0.069,0.023,0.023,0.023,0.046,0.023,0.023,0,0,0,0.023,0.023,0.023,0,0.023,0,0,0,0,0,0,0,0,0,0,0,0,0,0,0,0
2026-08-25T00:00:00Z,0,0,0,0,0.024,0.143,0.452,0.571,0.547,1.095,2.38,1.023,0.524,0.405,0.238,0.238,0.262,0.19,0.238,0.262,0.262,0.309,0.19,0.167,0.214,0.095,0.119,0.143,0.071,0.095,0.071,0.048,0.048,0.071,0.048,0.048,0.024,0.024,0.024,0,0.024,0.024,0.024,0.024,0,0,0,0,0,0,0,0,0,0,0,0,0,0,0,0,0,0,0,0
2026-08-25T01:00:00Z,0,0,0,0,0,0.081,0.406,0.352,0.813,1.491,2.71,0.623,0.352,0.271,0.108,0.19,0.163,0.136,0.136,0.19,0.163,0.244,0.19,0.19,0.217,0.163,0.081,0.081,0.081,0.081,0.054,0.081,0.027,0.027,0.027,0.027,0.027,0.027,0,0.027,0.027,0,0,0,0,0,0,0,0,0,0,0,0,0,0,0,0,0,0,0,0,0,0,0
2026-08-25T02:00:00Z,0,0,0,0,0.022,0.088,0.285,0.328,1.818,2.19,1.248,1.007,0.766,0.35,0.175,0.263,0.197,0.241,0.241,0.285,0.285,0.241,0.153,0.241,0.131,0.131,0.197,0.11,0.088,0.088,0.088,0.044,0.044,0.044,0.066,0.022,0.022,0.022,0.022,0.022,0.022,0,0,0.022,0,0,0,0,0,0,0,0,0,0,0,0,0,0,0,0,0,0,0,0
2026-08-25T03:00:00Z,0,0,0,0,0,0.078,0.234,0.39,1.404,0.608,1.56,1.326,0.468,0.328,0.25,0.234,0.234,0.203,0.25,0.234,0.218,0.265,0.328,0.25,0.156,0.172,0.156,0.109,0.062,0.078,0.062,0.016,0.016,0.047,0.031,0.031,0.016,0.016,0.016,0.016,0.016,0.016,0,0,0,0.016,0,0,0,0,0,0,0,0,0,0,0,0,0,0,0,0,0,0
2026-08-25T04:00:00Z,0,0,0,0,0.016,0.078,0.406,1.045,0.749,1.451,1.56,0.718,0.515,0.203,0.234,0.452,0.156,0.14,0.234,0.156,0.218,0.156,0.187,0.14,0.156,0.14,0.078,0.125,0.094,0.078,0.016,0.047,0.031,0.031,0.031,0.031,0.016,0.031,0.031,0.016,0.016,0,0,0,0,0,0,0,0,0,0,0,0,0,0,0,0,0,0,0,0,0,0,0
2026-08-25T05:00:00Z,0,0,0,0,0.012,0.058,0.334,0.863,0.817,0.851,1.15,0.966,0.449,0.495,0.311,0.495,0.23,0.196,0.23,0.184,0.265,0.299,0.207,0.15,0.184,0.127,0.138,0.092,0.069,0.058,0.069,0.035,0.023,0.035,0.023,0.012,0.023,0.023,0.023,0.023,0.012,0.012,0.012,0.012,0.012,0,0,0,0,0,0,0,0,0,0,0,0,0,0,0,0,0,0,0
2026-08-25T06:00:00Z,0,0,0,0,0,0.069,0.414,0.655,0.989,0.84,0.702,1.15,0.219,0.311,0.529,0.242,0.115,0.104,0.15,0.173,0.127,0.253,0.161,0.15,0.104,0.15,0.115,0.104,0.081,0.058,0.058,0.035,0.023,0.023,0.023,0.023,0.023,0.023,0.023,0.012,0.012,0.012,0.012,0.012,0,0,0,0,0,0,0,0,0,0,0,0,0,0,0,0,0,0,0,0
2026-08-25T07:00:00Z,0,0,0,0,0,0.066,0.504,0.35,0.898,2.19,1.051,1.051,0.679,0.591,0.307,0.328,0.175,0.11,0.11,0.11,0.11,0.131,0.153,0.131,0.197,0.153,0.088,0.11,0.088,0.066,0.066,0.044,0.044,0.044,0.022,0,0.022,0,0.022,0,0,0,0,0,0,0,0,0,0,0,0,0,0,0,0,0,0,0,0,0,0,0,0,0
2026-08-25T08:00:00Z,0,0,0,0,0,0.068,0.593,0.593,1.436,2.212,2.28,0.524,0.479,0.524,0.114,0.274,0.182,0.16,0.091,0.114,0.137,0.137,0.16,0.205,0.137,0.182,0.114,0.114,0.068,0.068,0.091,0.068,0.046,0.046,0.023,0.023,0.023,0,0.023,0,0,0,0,0,0,0,0,0,0,0,0,0,0,0,0,0,0,0,0,0,0,0,0,0
2026-08-25T09:00:00Z,0,0,0,0,0,0.055,0.658,0.493,0.795,2.74,1.973,0.63,0.603,0.247,0.63,0.137,0.164,0.137,0.11,0.082,0.137,0.137,0.164,0.192,0.137,0.11,0.082,0.055,0.055,0.082,0.082,0.027,0.027,0.027,0.027,0.027,0.027,0,0,0,0,0,0,0,0,0,0,0,0,0,0,0,0,0,0,0,0,0,0,0,0,0,0,0
2026-08-25T10:00:00Z,0,0,0,0,0,0.05,0.3,0.525,0.975,1.7,2.5,0.975,0.425,0.525,0.3,0.2,0.15,0.125,0.075,0.075,0.125,0.1,0.075,0.125,0.2,0.125,0.125,0.125,0.175,0.125,0.075,0.075,0.05,0.025,0.025,0.025,0,0,0.025,0,0,0,0,0,0,0,0,0,0,0,0,0,0,0,0,0,0,0,0,0,0,0,0,0
2026-08-25T11:00:00Z,0,0,0,0,0,0.066,0.396,0.374,1.144,2.2,0.968,0.704,0.77,0.528,0.264,0.286,0.154,0.11,0.088,0.11,0.088,0.11,0.066,0.132,0.154,0.11,0.11,0.132,0.11,0.11,0.088,0.044,0.044,0.022,0.022,0.022,0,0,0,0,0,0,0,0,0,0,0,0,0,0,0,0,0,0,0,0,0,0,0,0,0,0,0,0
2026-08-25T12:00:00Z,0,0,0,0,0,0.057,0.573,0.401,1.394,0.898,1.91,0.554,0.363,0.745,0.267,0.344,0.191,0.096,0.076,0.096,0.172,0.115,0.267,0.191,0.248,0.134,0.096,0.096,0.096,0.115,0.076,0.038,0.019,0.038,0.038,0.038,0.019,0,0,0,0,0,0,0,0,0,0,0,0,0,0,0,0,0,0,0,0,0,0,0,0,0,0,0
2026-08-25T13:00:00Z,0,0,0,0,0,0.086,0.346,0.518,0.547,2.88,1.872,0.72,0.95,0.547,0.461,0.346,0.202,0.144,0.086,0.086,0.086,0.202,0.173,0.173,0.173,0.144,0.086,0.115,0.115,0.058,0.058,0.058,0.029,0.029,0.029,0.029,0.029,0,0,0,0,0,0,0,0,0,0,0,0,0,0,0,0,0,0,0,0,0,0,0,0,0,0,0
2026-08-25T14:00:00Z,0,0,0,0,0,0.042,0.357,0.483,0.987,1.974,2.1,0.546,0.945,0.273,0.189,0.273,0.168,0.084,0.063,0.084,0.105,0.252,0.189,0.21,0.147,0.126,0.168,0.126,0.084,0.084,0.063,0.063,0.042,0.042,0.042,0.042,0.021,0.021,0,0,0,0,0,0,0,0,0,0,0,0,0,0,0,0,0,0,0,0,0,0,0,0,0,0
2026-08-25T15:00:00Z,0,0,0,0,0,0.02,0.418,0.617,0.378,1.174,1.99,1.313,0.498,1.015,0.597,0.219,0.179,0.08,0.06,0.08,0.119,0.179,0.179,0.259,0.159,0.179,0.119,0.1,0.1,0.08,0.06,0.04,0.02,0.04,0.02,0.02,0.02,0.02,0,0.02,0,0,0,0,0,0,0,0,0,0,0,0,0,0,0,0,0,0,0,0,0,0,0,0
2026-08-25T16:00:00Z,0,0,0,0,0.023,0.047,0.489,0.769,0.676,1.282,2.33,0.839,0.559,0.326,0.256,0.326,0.186,0.14,0.047,0.07,0.093,0.186,0.186,0.21,0.186,0.233,0.14,0.093,0.117,0.07,0.047,0.047,0.047,0.023,0.023,0.023,0.023,0.023,0,0,0,0,0,0,0,0,0,0,0,0,0,0,0,0,0,0,0,0,0,0,0,0,0,0
2026-08-25T17:00:00Z,0,0,0,0,0,0.037,0.366,0.549,0.805,1.537,3.66,1.208,0.952,0.622,0.22,0.476,0.22,0.146,0.073,0.183,0.22,0.22,0.146,0.146,0.11,0.11,0.11,0.11,0.11,0.073,0.073,0.037,0.037,0.037,0,0,0,0.037,0,0,0,0,0,0,0,0,0,0,0,0,0,0,0,0,0,0,0,0,0,0,0,0,0,0
2026-08-25T18:00:00Z,0,0,0,0,0,0.037,0.375,0.45,0.412,1.5,3.75,1.5,0.675,0.825,0.675,0.337,0.112,0.112,0.075,0.075,0.15,0.263,0.225,0.15,0.188,0.075,0.15,0.112,0.075,0.037,0.075,0.037,0.037,0.037,0,0,0,0,0,0,0,0,0,0,0,0,0,0,0,0,0,0,0,0,0,0,0,0,0,0,0,0,0,0
2026-08-25T19:00:00Z,0,0,0,0,0,0.049,0.244,0.925,0.292,2.045,4.87,4.432,1.461,0.584,0.682,0.292,0.195,0.146,0.097,0.146,0.146,0.146,0.195,0.195,0.146,0.195,0.097,0.049,0.049,0.049,0.049,0.049,0,0,0,0,0,0,0,0,0,0,0,0,0,0,0,0,0,0,0,0,0,0,0,0,0,0,0,0,0,0,0,0
2026-08-25T20:00:00Z,0,0,0,0,0,0.042,0.417,0.834,1.376,2.419,3.836,4.17,1.585,0.959,0.375,0.25,0.167,0.125,0.083,0.125,0.25,0.209,0.125,0.25,0.125,0.083,0.083,0.042,0.042,0.042,0.042,0.042,0.042,0.042,0,0,0,0,0,0,0,0,0,0,0,0,0,0,0,0,0,0,0,0,0,0,0,0,0,0,0,0,0,0
2026-08-25T21:00:00Z,0,0,0,0,0,0,0.258,0.451,0.902,1.159,2.19,6.44,3.091,1.417,1.095,0.58,0.193,0.129,0.193,0.129,0.129,0.064,0.129,0.129,0.129,0.129,0.064,0.064,0.064,0.064,0,0,0,0,0,0,0,0,0,0,0,0,0,0,0,0,0,0,0,0,0,0,0,0,0,0,0,0,0,0,0,0,0,0
2026-08-25T22:00:00Z,0,0,0,0,0,0,0.553,0.984,0.922,2.399,5.104,4.859,6.15,0.922,1.907,0.738,0.308,0.123,0.062,0.123,0.246,0.123,0.123,0.123,0.123,0.062,0.123,0.062,0.062,0.062,0.062,0.062,0.062,0,0,0,0,0,0,0,0,0,0,0,0,0,0,0,0,0,0,0,0,0,0,0,0,0,0,0,0,0,0,0
2026-08-25T23:00:00Z,0,0,0,0,0,0,0.433,1.083,1.083,0.722,2.238,6.065,7.22,3.538,2.599,0.505,0.217,0.144,0.072,0.144,0.144,0.072,0.144,0.144,0.072,0.072,0.072,0,0,0,0,0.072,0,0,0,0,0,0,0,0,0,0,0,0,0,0,0,0,0,0,0,0,0,0,0,0,0,0,0,0,0,0,0,0
2026-08-26T00:00:00Z,0,0,0,0,0,0,0.187,0.656,0.843,1.874,3.935,7.683,9.37,2.061,1.124,0.843,0.281,0.094,0.187,0.187,0.187,0.094,0.094,0.094,0.094,0.094,0,0,0,0,0,0,0,0,0,0,0,0,0,0,0,0,0,0,0,0,0,0,0,0,0,0,0,0,0,0,0,0,0,0,0,0,0,0
2026-08-26T01:00:00Z,0,0,0,0,0,0,0.198,0.726,1.122,1.848,2.97,5.214,6.6,4.092,3.3,0.66,0.594,0.264,0.132,0.066,0.198,0.132,0.198,0.132,0.132,0.132,0.066,0.066,0.066,0,0.066,0,0,0,0,0,0,0,0,0,0,0,0,0,0,0,0,0,0,0,0,0,0,0,0,0,0,0,0,0,0,0,0,0
2026-08-26T02:00:00Z,0,0,0,0,0,0,0.234,0.936,1.287,1.872,5.148,7.02,11.7,5.967,1.755,0.702,0.351,0.117,0.117,0.117,0.117,0.117,0.117,0.117,0.117,0.117,0,0,0.117,0,0,0,0,0,0,0,0,0,0,0,0,0,0,0,0,0,0,0,0,0,0,0,0,0,0,0,0,0,0,0,0,0,0,0
2026-08-26T03:00:00Z,0,0,0,0,0,0.074,0.222,0.963,0.445,1.63,3.779,7.039,7.41,3.483,5.039,0.815,0.593,0.148,0.148,0.148,0.222,0.148,0.148,0.148,0.148,0.148,0.074,0.074,0,0,0,0,0,0,0,0,0,0,0,0,0,0,0,0,0,0,0,0,0,0,0,0,0,0,0,0,0,0,0,0,0,0,0,0
2026-08-26T04:00:00Z,0,0,0,0,0,0,0.262,0.698,1.222,1.048,4.278,7.159,8.73,4.452,1.397,1.484,0.786,0.262,0.175,0.175,0.175,0.175,0.087,0.175,0.175,0.087,0.087,0.087,0.087,0,0,0,0,0,0,0,0,0,0,0,0,0,0,0,0,0,0,0,0,0,0,0,0,0,0,0,0,0,0,0,0,0,0,0
2026-08-26T05:00:00Z,0,0,0,0,0,0.068,0.408,0.952,1.36,2.516,2.788,5.644,6.8,5.508,2.244,1.632,0.612,0.272,0.068,0.068,0.204,0.136,0.136,0.068,0.068,0.068,0.068,0.068,0,0,0.068,0,0,0,0,0,0,0,0,0,0,0,0,0,0,0,0,0,0,0,0,0,0,0,0,0,0,0,0,0,0,0,0,0
2026-08-26T06:00:00Z,0,0,0,0,0,0,0.194,1.812,0.906,2.264,2.976,6.082,5.111,6.47,3.753,3.17,0.841,0.388,0.194,0.194,0.194,0.259,0.194,0.194,0.129,0.065,0.065,0.065,0.065,0,0,0,0,0,0,0,0,0,0,0,0,0,0,0,0,0,0,0,0,0,0,0,0,0,0,0,0,0,0,0,0,0,0,0
2026-08-26T07:00:00Z,0,0,0,0,0,0,0.13,0.91,1.17,3.12,4.68,13,6.89,3.64,2.47,3.64,0.65,0.39,0.13,0.26,0.39,0.26,0.13,0.13,0,0.13,0,0,0,0,0,0,0,0,0,0,0,0,0,0,0,0,0,0,0,0,0,0,0,0,0,0,0,0,0,0,0,0,0,0,0,0,0,0
2026-08-26T08:00:00Z,0,0,0,0,0,0,0.265,1.499,1.323,4.939,7.938,8.82,7.409,5.468,2.734,2.293,0.794,0.353,0.441,0.265,0.353,0.176,0.176,0.088,0.088,0.088,0,0,0.088,0,0,0,0,0,0,0,0,0,0,0,0,0,0,0,0,0,0,0,0,0,0,0,0,0,0,0,0,0,0,0,0,0,0,0
2026-08-26T09:00:00Z,0,0,0,0,0,0,0.125,0.375,0.875,3.375,5.125,12.5,4.5,7.75,1.875,1.5,1,0.375,0.5,0.25,0.375,0.25,0.125,0.125,0.125,0,0,0,0,0,0,0,0,0,0,0,0,0,0,0,0,0,0,0,0,0,0,0,0,0,0,0,0,0,0,0,0,0,0,0,0,0,0,0
2026-08-26T10:00:00Z,0,0,0,0,0,0,0.159,1.032,0.953,3.652,5.717,5.082,7.94,5.479,4.685,2.064,1.191,0.397,0.238,0.159,0.238,0.159,0.159,0.079,0.079,0.159,0,0.079,0.079,0,0,0,0,0,0,0,0,0,0,0,0,0,0,0,0,0,0,0,0,0,0,0,0,0,0,0,0,0,0,0,0,0,0,0
2026-08-26T11:00:00Z,0,0,0,0,0,0,0,1.988,1.846,1.562,4.402,14.2,9.656,4.828,3.55,1.988,1.42,0.426,0.142,0.142,0.142,0.142,0.142,0.142,0.142,0,0,0,0,0,0,0,0,0,0,0,0,0,0,0,0,0,0,0,0,0,0,0,0,0,0,0,0,0,0,0,0,0,0,0,0,0,0,0
2026-08-26T12:00:00Z,0,0,0,0,0,0,0.204,0.612,0.408,1.496,2.992,6.8,5.916,2.992,3.604,1.7,0.68,0.408,0.272,0.204,0.408,0.34,0.272,0.272,0.068,0.136,0.068,0.068,0.068,0,0,0,0,0,0,0,0,0,0,0,0,0,0,0,0,0,0,0,0,0,0,0,0,0,0,0,0,0,0,0,0,0,0,0
2026-08-26T13:00:00Z,0,0,0,0,0,0,0,1.28,1.152,0.64,4.224,12.8,11.392,8.192,4.864,2.432,0.768,0.512,0.256,0.256,0.128,0.128,0.128,0.128,0.256,0.128,0.128,0,0,0,0,0,0,0,0,0,0,0,0,0,0,0,0,0,0,0,0,0,0,0,0,0,0,0,0,0,0,0,0,0,0,0,0,0
2026-08-26T14:00:00Z,0,0,0,0,0,0,0,1.113,1.113,1.272,2.226,11.13,15.9,4.134,3.657,3.021,0.795,0.477,0.159,0.159,0.318,0.159,0,0,0.159,0,0,0,0,0,0,0,0,0,0,0,0,0,0,0,0,0,0,0,0,0,0,0,0,0,0,0,0,0,0,0,0,0,0,0,0,0,0,0
2026-08-26T15:00:00Z,0,0,0,0,0,0,0.079,1.817,1.185,0.79,2.765,5.451,7.9,3.476,3.239,5.056,1.185,0.553,0.316,0.237,0.237,0.316,0.237,0.158,0.158,0.158,0.079,0.079,0.079,0,0,0,0,0,0,0,0,0,0,0,0,0,0,0,0,0,0,0,0,0,0,0,0,0,0,0,0,0,0,0,0,0,0,0
2026-08-26T16:00:00Z,0,0,0,0,0,0,0.116,0.58,1.276,2.436,3.828,11.6,10.556,3.596,4.524,1.972,1.624,0.696,0.348,0.232,0.116,0.116,0.232,0.116,0.116,0.116,0.116,0,0,0,0,0,0,0,0,0,0,0,0,0,0,0,0,0,0,0,0,0,0,0,0,0,0,0,0,0,0,0,0,0,0,0,0,0
2026-08-26T17:00:00Z,0,0,0,0,0,0,0.073,0.511,1.387,2.336,5.256,7.3,7.081,5.84,7.008,3.358,1.387,0.511,0.292,0.438,0.219,0.146,0.292,0.146,0.219,0.219,0.146,0.073,0.073,0.073,0.073,0.073,0,0,0,0,0,0,0,0,0,0,0,0,0,0,0,0,0,0,0,0,0,0,0,0,0,0,0,0,0,0,0,0
2026-08-26T18:00:00Z,0,0,0,0,0,0,0,0.626,1.251,1.408,3.05,7.82,6.178,6.96,4.379,6.334,1.486,0.547,0.391,0.313,0.391,0.313,0.235,0.235,0.156,0.156,0.078,0.078,0.078,0.078,0,0,0,0,0,0,0,0,0,0,0,0,0,0,0,0,0,0,0,0,0,0,0,0,0,0,0,0,0,0,0,0,0,0
2026-08-26T19:00:00Z,0,0,0,0,0,0,0.092,1.569,1.661,1.661,3.784,7.661,5.723,9.23,3.6,3.969,1.385,0.646,0.369,0.277,0.369,0.277,0.277,0.185,0.092,0.185,0.092,0.092,0.092,0,0.092,0,0,0,0,0,0,0,0,0,0,0,0,0,0,0,0,0,0,0,0,0,0,0,0,0,0,0,0,0,0,0,0,0
2026-08-26T20:00:00Z,0,0,0,0,0,0,0,0.488,1.14,1.302,3.337,4.965,7.326,8.14,6.512,1.547,1.791,0.814,0.488,0.407,0.326,0.163,0.163,0.163,0.163,0.081,0.081,0.081,0.081,0,0,0,0,0,0,0,0,0,0,0,0,0,0,0,0,0,0,0,0,0,0,0,0,0,0,0,0,0,0,0,0,0,0,0
2026-08-26T21:00:00Z,0,0,0,0,0,0,0,0.618,1.133,2.472,2.06,10.3,7.107,4.223,3.193,4.223,1.854,0.618,0.618,0.618,0.412,0.309,0.103,0.103,0.206,0.103,0.103,0,0,0,0,0,0,0,0,0,0,0,0,0,0,0,0,0,0,0,0,0,0,0,0,0,0,0,0,0,0,0,0,0,0,0,0,0
2026-08-26T22:00:00Z,0,0,0,0,0,0,0,1.18,1.534,1.18,5.782,11.8,9.322,9.912,4.366,3.186,1.062,0.708,0.826,0.236,0.472,0.236,0.236,0.118,0.118,0.118,0.118,0,0,0,0,0,0,0,0,0,0,0,0,0,0,0,0,0,0,0,0,0,0,0,0,0,0,0,0,0,0,0,0,0,0,0,0,0
2026-08-26T23:00:00Z,0,0,0,0,0,0,0.154,0.463,1.002,0.771,2.776,6.939,7.71,6.785,5.011,6.091,1.311,0.771,0.54,0.386,0.308,0.154,0.154,0.154,0.154,0.077,0.077,0.077,0,0,0.077,0,0,0,0,0,0,0,0,0,0,0,0,0,0,0,0,0,0,0,0,0,0,0,0,0,0,0,0,0,0,0,0,0
2026-08-27T00:00:00Z,0,0,0,0,0,0,0,0.448,0.896,0.784,1.456,6.944,8.96,11.2,4.704,2.24,1.792,0.784,0.448,0.672,0.56,0.448,0.224,0.224,0.112,0.112,0.112,0,0,0,0,0,0,0,0,0,0,0,0,0,0,0,0,0,0,0,0,0,0,0,0,0,0,0,0,0,0,0,0,0,0,0,0,0
2026-08-27T01:00:00Z,0,0,0,0,0,0,0,0.905,1.811,0.329,1.07,3.621,8.23,5.267,5.843,3.457,1.728,0.741,0.576,0.412,0.494,0.576,0.329,0.247,0.165,0.082,0.082,0.082,0.082,0,0,0,0,0,0,0,0,0,0,0,0,0,0,0,0,0,0,0,0,0,0,0,0,0,0,0,0,0,0,0,0,0,0,0
2026-08-27T02:00:00Z,0,0,0,0,0,0,0,0.396,1.056,0.66,0.924,1.914,6.6,6.006,4.95,3.366,2.442,0.99,0.528,0.594,0.66,0.264,0.264,0.132,0.198,0.132,0.132,0.066,0,0,0,0,0,0,0,0,0,0,0,0,0,0,0,0,0,0,0,0,0,0,0,0,0,0,0,0,0,0,0,0,0,0,0,0
2026-08-27T03:00:00Z,0,0,0,0,0,0,0,0.206,1.339,1.03,1.751,2.987,4.841,5.253,10.3,7.931,2.266,0.824,0.206,0.412,0.206,0.206,0.206,0.103,0.206,0.206,0.103,0,0,0,0,0,0,0,0,0,0,0,0,0,0,0,0,0,0,0,0,0,0,0,0,0,0,0,0,0,0,0,0,0,0,0,0,0
2026-08-27T04:00:00Z,0,0,0,0,0,0,0,0.707,1.111,1.111,1.919,2.626,4.949,10.1,8.08,4.444,2.222,1.313,0.808,0.505,0.303,0.101,0.202,0.101,0.101,0.101,0,0,0,0,0,0,0,0,0,0,0,0,0,0,0,0,0,0,0,0,0,0,0,0,0,0,0,0,0,0,0,0,0,0,0,0,0,0
2026-08-27T05:00:00Z,0,0,0,0,0,0,0.07,0.491,0.981,0.701,1.192,3.645,5.888,4.556,7.01,3.014,2.243,1.332,0.631,0.491,0.28,0.21,0.07,0.14,0.07,0.07,0.07,0.07,0.07,0,0,0,0,0,0,0,0,0,0,0,0,0,0,0,0,0,0,0,0,0,0,0,0,0,0,0,0,0,0,0,0,0,0,0
2026-08-27T06:00:00Z,0,0,0,0,0,0,0,0.344,0.687,0.687,1.649,1.649,1.168,6.87,6.183,2.748,1.511,1.374,0.893,0.55,0.412,0.275,0.275,0.137,0.137,0.069,0.069,0.069,0,0.069,0,0,0,0,0,0,0,0,0,0,0,0,0,0,0,0,0,0,0,0,0,0,0,0,0,0,0,0,0,0,0,0,0,0
2026-08-27T07:00:00Z,0,0,0,0,0,0,0,0.324,1.229,0.712,0.647,0.841,2.329,6.47,5.5,1.294,2.07,1.359,0.841,0.776,0.324,0.259,0.129,0.065,0.129,0.065,0.065,0.065,0.065,0,0,0,0,0,0,0,0,0,0,0,0,0,0,0,0,0,0,0,0,0,0,0,0,0,0,0,0,0,0,0,0,0,0,0
2026-08-27T08:00:00Z,0,0,0,0,0,0.051,0.051,0.152,1.214,0.607,1.214,0.911,5.06,4.908,3.795,2.53,2.176,1.619,0.86,0.557,0.455,0.253,0.253,0.152,0.101,0.101,0.051,0.051,0,0.051,0,0,0,0,0,0,0,0,0,0,0,0,0,0,0,0,0,0,0,0,0,0,0,0,0,0,0,0,0,0,0,0,0,0
2026-08-27T09:00:00Z,0,0,0,0,0,0.033,0.033,0.262,1.738,1.017,0.525,1.181,2.099,3.28,2.362,2.886,1.902,1.673,0.886,0.558,0.459,0.492,0.164,0.098,0.066,0.098,0.066,0.033,0.033,0.033,0.033,0.033,0.033,0.033,0.033,0.033,0,0,0.033,0,0,0.033,0.033,0.033,0,0.033,0.033,0.033,0,0,0.033,0,0.033,0,0,0,0,0,0,0,0,0,0,0
2026-08-27T10:00:00Z,0,0,0,0,0,0,0,0.208,1.388,0.972,0.833,1.735,2.013,6.94,3.678,3.054,1.874,1.319,1.041,0.694,0.416,0.347,0.208,0.208,0.139,0.139,0.069,0,0.069,0,0,0,0,0,0,0,0,0,0,0,0,0,0,0,0,0,0,0,0,0,0,0,0,0,0,0,0,0,0,0,0,0,0,0
2026-08-27T11:00:00Z,0,0,0,0,0,0,0.062,0.431,0.922,1.661,1.784,0.738,2.46,6.15,2.583,3.26,2.276,1.845,1.046,0.738,0.553,0.246,0.369,0.184,0.123,0.062,0.062,0.062,0,0.062,0,0,0,0,0,0,0,0,0,0,0,0,0,0,0,0,0,0,0,0,0,0,0,0,0,0,0,0,0,0,0,0,0,0
2026-08-27T12:00:00Z,0,0,0,0,0,0.097,0,0.244,0.925,0.682,2.532,2.143,2.435,2.727,3.263,4.87,2.435,1.753,1.315,0.731,0.682,0.39,0.292,0.195,0.195,0.146,0.097,0.049,0.049,0.049,0.049,0,0,0,0,0,0,0,0,0,0,0,0,0,0,0,0,0,0,0,0,0,0,0,0,0,0,0,0,0,0,0,0,0
2026-08-27T13:00:00Z,0,0,0,0,0,0.043,0.043,0.172,0.772,0.558,1.459,4.29,3.218,3.904,4.075,1.931,2.36,1.287,0.944,0.515,0.386,0.429,0.386,0.257,0.129,0.086,0.086,0.043,0.043,0.043,0.043,0.043,0.043,0,0,0,0,0,0,0,0,0,0,0,0,0,0,0,0,0,0,0,0,0,0,0,0,0,0,0,0,0,0,0
2026-08-27T14:00:00Z,0,0,0,0,0,0,0.049,0.098,0.589,0.589,1.326,4.321,3.093,3.29,4.91,2.553,1.375,0.982,0.884,0.884,0.491,0.295,0.246,0.196,0.147,0.147,0.098,0.049,0.098,0.049,0.049,0.049,0,0,0,0,0,0,0,0,0,0,0,0,0,0,0,0,0,0,0,0,0,0,0,0,0,0,0,0,0,0,0,0
2026-08-27T15:00:00Z,0,0,0,0,0,0,0,0.34,0.612,0.612,1.156,6.8,3.468,2.108,4.556,2.312,1.224,1.496,0.952,0.612,0.408,0.408,0.408,0.136,0.136,0.136,0.068,0.068,0.068,0.068,0.068,0,0,0,0,0,0,0,0,0,0,0,0,0,0,0,0,0,0,0,0,0,0,0,0,0,0,0,0,0,0,0,0,0
2026-08-27T16:00:00Z,0,0,0,0,0,0.066,0.066,0.198,0.33,0.396,0.66,3.696,6.6,3.564,2.64,3.696,1.716,1.056,0.726,0.528,0.264,0.198,0.264,0.33,0.198,0.132,0.066,0.066,0.066,0.066,0,0,0,0,0,0,0,0,0,0,0,0,0,0,0,0,0,0,0,0,0,0,0,0,0,0,0,0,0,0,0,0,0,0
2026-08-27T17:00:00Z,0,0,0,0,0,0,0,0.093,0.649,0.742,0.556,2.132,9.27,6.118,2.132,2.039,0.834,0.927,0.834,0.742,0.371,0.371,0.278,0.185,0.185,0.093,0.093,0.093,0,0,0,0,0,0,0,0,0,0,0,0,0,0,0,0,0,0,0,0,0,0,0,0,0,0,0,0,0,0,0,0,0,0,0,0
2026-08-27T18:00:00Z,0,0,0,0,0,0.062,0.124,0.124,0.373,0.622,0.684,1.928,6.22,5.722,3.421,3.545,1.182,0.746,0.622,0.435,0.249,0.311,0.124,0.124,0.187,0.187,0.062,0.062,0.062,0.062,0.062,0,0,0,0,0,0,0,0,0,0,0,0,0,0,0,0,0,0,0,0,0,0,0,0,0,0,0,0,0,0,0,0,0
2026-08-27T19:00:00Z,0,0,0,0,0,0.065,0.065,0.196,0.654,0.523,0.458,2.158,3.335,6.54,4.316,2.943,0.916,0.589,0.785,0.785,0.523,0.262,0.327,0.327,0.196,0.131,0.065,0.065,0.065,0,0,0,0,0,0,0,0,0,0,0,0,0,0,0,0,0,0,0,0,0,0,0,0,0,0,0,0,0,0,0,0,0,0,0
2026-08-27T20:00:00Z,0,0,0,0,0,0.124,0,0.124,0.433,0.433,0.309,1.671,4.147,6.19,3.405,3.095,1.362,1.052,0.681,0.619,0.495,0.433,0.371,0.371,0.248,0.124,0.062,0.062,0,0,0,0,0,0,0,0,0,0,0,0,0,0,0,0,0,0,0,0,0,0,0,0,0,0,0,0,0,0,0,0,0,0,0,0
2026-08-27T21:00:00Z,0,0,0,0,0,0.125,0.062,0.062,0.875,0.938,0.375,0.562,2.188,6.25,4.25,2.312,2.188,0.625,0.938,0.688,0.438,0.5,0.375,0.125,0.188,0.125,0.062,0.062,0,0,0,0,0,0,0,0,0,0,0,0,0,0,0,0,0,0,0,0,0,0,0,0,0,0,0,0,0,0,0,0,0,0,0,0
2026-08-27T22:00:00Z,0,0,0,0,0,0,0.087,0.174,0.26,0.651,0.608,1.259,1.953,2.3,4.34,4.036,1.345,0.955,0.781,0.651,0.564,0.651,0.26,0.26,0.174,0.087,0.087,0.087,0.043,0.043,0.043,0,0,0,0,0,0,0,0,0,0,0,0,0,0,0,0,0,0,0,0,0,0,0,0,0,0,0,0,0,0,0,0,0
2026-08-27T23:00:00Z,0,0,0,0,0,0.054,0.054,0.054,0.214,0.696,0.375,0.963,1.017,5.35,4.494,2.354,1.605,0.856,0.749,0.482,0.428,0.375,0.482,0.268,0.214,0.161,0.107,0.054,0.054,0,0,0,0,0,0,0,0,0,0,0,0,0,0,0,0,0,0,0,0,0,0,0,0,0,0,0,0,0,0,0,0,0,0,0
2026-08-28T00:00:00Z,0,0,0,0,0,0.07,0.14,0.07,0.28,0.28,0.351,0.841,1.542,3.084,7.01,2.103,1.402,0.911,0.981,0.421,0.421,0.561,0.351,0.351,0.21,0.14,0.07,0.07,0.07,0,0,0,0,0,0,0,0,0,0,0,0,0,0,0,0,0,0,0,0,0,0,0,0,0,0,0,0,0,0,0,0,0,0,0
2026-08-28T01:00:00Z,0,0,0,0,0,0.094,0.094,0.141,0.47,0.564,0.611,0.282,0.799,2.867,2.303,4.7,2.209,0.846,0.658,0.376,0.47,0.376,0.329,0.282,0.141,0.094,0.047,0.047,0.047,0.047,0,0,0,0,0,0,0,0,0,0,0,0,0,0,0,0,0,0,0,0,0,0,0,0,0,0,0,0,0,0,0,0,0,0
2026-08-28T02:00:00Z,0,0,0,0,0,0.041,0.041,0.122,0.734,0.53,0.653,0.53,0.653,2.57,4.08,4.039,1.836,0.857,0.694,0.53,0.367,0.286,0.204,0.286,0.204,0.204,0.122,0.082,0.082,0.041,0.041,0.041,0,0,0,0,0,0,0,0,0,0,0,0,0,0,0,0,0,0,0,0,0,0,0,0,0,0,0,0,0,0,0,0
2026-08-28T03:00:00Z,0,0,0,0,0,0.068,0.204,0.136,0.612,0.476,0.272,0.68,0.952,1.224,3.196,6.8,2.108,1.496,0.816,0.544,0.34,0.272,0.272,0.136,0.136,0.068,0.068,0,0.068,0,0,0,0,0,0,0,0,0,0,0,0,0,0,0,0,0,0,0,0,0,0,0,0,0,0,0,0,0,0,0,0,0,0,0
2026-08-28T04:00:00Z,0,0,0,0,0,0.095,0.095,0.095,0.473,0.851,0.662,0.284,0.473,0.946,4.919,9.46,1.892,1.797,0.757,0.568,0.662,0.378,0.189,0.095,0.189,0.095,0.095,0,0,0,0,0,0,0,0,0,0,0,0,0,0,0,0,0,0,0,0,0,0,0,0,0,0,0,0,0,0,0,0,0,0,0,0,0
2026-08-28T05:00:00Z,0,0,0,0,0,0.052,0.156,0.104,0.467,1.298,0.519,0.415,0.779,1.142,3.944,5.19,2.336,2.076,1.038,0.415,0.415,0.26,0.208,0.156,0.156,0.156,0.052,0.052,0.052,0,0,0,0,0,0,0,0,0,0,0,0,0,0,0,0,0,0,0,0,0,0,0,0,0,0,0,0,0,0,0,0,0,0,0
2026-08-28T06:00:00Z,0,0,0,0,0.038,0.038,0.226,0.151,0.151,0.98,0.792,0.716,0.49,0.679,2.903,3.77,2.149,1.018,1.056,0.566,0.339,0.377,0.189,0.151,0.113,0.075,0.038,0.038,0.038,0.038,0.038,0.038,0,0,0,0,0,0,0,0,0,0,0,0,0,0,0,0,0,0,0,0,0,0,0,0,0,0,0,0,0,0,0,0
2026-08-28T07:00:00Z,0,0,0,0,0.056,0.028,0.195,0.167,0.363,0.558,0.502,0.391,0.474,0.976,1.925,1.507,2.79,1.702,1.06,0.642,0.391,0.279,0.167,0.195,0.14,0.112,0.112,0.056,0.028,0.028,0.028,0,0,0,0,0,0,0,0,0,0,0,0,0,0,0,0,0,0,0,0,0,0,0,0,0,0,0,0,0,0,0,0,0
2026-08-28T08:00:00Z,0,0,0,0,0,0.098,0.26,0.13,0.325,0.455,0.455,0.357,0.618,0.552,1.95,2.08,3.25,1.268,0.91,0.552,0.455,0.52,0.26,0.195,0.13,0.098,0.065,0.065,0.065,0,0,0,0,0,0,0,0,0,0,0,0,0,0,0,0,0,0,0,0,0,0,0,0,0,0,0,0,0,0,0,0,0,0,0
2026-08-28T09:00:00Z,0,0,0,0,0.117,0.058,0.292,0.117,0.351,0.175,0.41,0.995,0.526,0.936,1.696,5.85,1.696,1.404,1.345,0.76,0.351,0.292,0.234,0.175,0.175,0.058,0.117,0.058,0.058,0,0,0,0,0,0,0,0,0,0,0,0,0,0,0,0,0,0,0,0,0,0,0,0,0,0,0,0,0,0,0,0,0,0,0
2026-08-28T10:00:00Z,0,0,0,0,0.091,0.068,0.296,0.16,0.456,0.502,0.593,0.433,0.866,0.73,1.436,1.482,2.28,1.208,1.391,0.935,0.228,0.41,0.319,0.137,0.16,0.068,0.068,0.046,0.068,0.046,0.023,0.023,0.023,0,0,0,0,0,0,0,0,0,0,0,0,0,0,0,0,0,0,0,0,0,0,0,0,0,0,0,0,0,0,0
2026-08-28T11:00:00Z,0,0,0,0,0.062,0.186,0.29,0.103,0.228,0.828,0.724,0.414,0.497,0.745,0.911,0.911,2.07,0.683,0.745,0.455,0.6,0.414,0.269,0.207,0.145,0.103,0.103,0.103,0.083,0.041,0.041,0.021,0.021,0.021,0,0.021,0,0,0,0,0,0,0,0,0,0,0,0,0,0,0,0,0,0,0,0,0,0,0,0,0,0,0,0
2026-08-28T12:00:00Z,0,0,0,0,0.055,0.184,0.147,0.147,0.202,0.552,0.166,0.184,0.331,0.662,1.049,0.902,1.84,1.638,0.902,0.662,0.294,0.386,0.276,0.221,0.129,0.129,0.074,0.055,0.037,0.037,0.018,0.018,0.018,0.018,0,0.018,0,0,0,0,0,0,0,0,0,0,0,0,0,0,0,0,0,0,0,0,0,0,0,0,0,0,0,0
2026-08-28T13:00:00Z,0,0,0,0,0.034,0.154,0.359,0.462,0.205,0.239,0.359,0.393,0.41,0.41,0.906,1.146,1.71,1.317,0.684,0.462,0.547,0.496,0.205,0.12,0.137,0.154,0.154,0.068,0.051,0.034,0.017,0.017,0.017,0.017,0.017,0,0,0,0,0,0,0,0,0,0,0,0,0,0,0,0,0,0,0,0,0,0,0,0,0,0,0,0,0
2026-08-28T14:00:00Z,0,0,0,0.014,0.129,0.4,0.315,0.157,0.458,0.472,0.543,0.744,0.243,0.558,0.458,0.901,1.43,0.858,0.472,0.315,0.3,0.186,0.229,0.243,0.143,0.129,0.057,0.086,0.043,0.057,0.043,0.014,0.014,0.014,0.014,0.014,0,0,0,0,0,0,0,0,0,0,0,0,0,0,0,0,0,0,0,0,0,0,0,0,0,0,0,0
2026-08-28T15:00:00Z,0,0,0,0,0.07,0.128,0.336,0.278,0.104,1.09,0.348,0.534,0.476,0.661,0.638,0.592,1.16,1.009,1.009,0.754,0.441,0.348,0.22,0.244,0.116,0.128,0.104,0.07,0.058,0.046,0.023,0.012,0.023,0.023,0.012,0.012,0.012,0,0,0,0,0,0,0,0,0,0,0,0,0,0,0,0,0,0,0,0,0,0,0,0,0,0,0
2026-08-28T16:00:00Z,0,0,0,0,0.025,0.136,0.198,0.285,0.322,0.248,0.533,0.285,0.608,0.769,0.372,0.409,1.24,1.128,0.955,0.397,0.31,0.236,0.236,0.174,0.124,0.136,0.099,0.074,0.05,0.062,0.037,0.025,0.037,0.012,0.025,0.025,0.012,0.012,0.012,0,0,0,0,0,0,0,0,0,0,0,0,0,0,0,0,0,0,0,0,0,0,0,0,0
2026-08-28T17:00:00Z,0,0,0,0.019,0.048,0.642,0.192,0.182,0.383,0.786,0.68,0.46,0.335,0.814,0.517,0.651,0.958,0.862,0.824,0.575,0.383,0.259,0.22,0.192,0.211,0.201,0.115,0.105,0.105,0.038,0.038,0.048,0.038,0.029,0.01,0.01,0.01,0.01,0.01,0.01,0.01,0.01,0.01,0,0,0,0,0,0,0,0,0,0,0,0,0,0,0,0,0,0,0,0,0
2026-08-28T18:00:00Z,0,0,0,0,0.025,0.48,0.64,0.234,0.258,0.873,0.541,0.295,0.32,0.676,0.75,1.23,0.812,0.689,0.836,0.492,0.32,0.307,0.234,0.184,0.098,0.111,0.086,0.074,0.049,0.037,0.037,0.049,0.025,0.025,0.025,0.012,0.012,0.012,0.012,0.012,0,0.012,0,0,0,0,0,0,0,0,0,0,0,0,0,0,0,0,0,0,0,0,0,0
2026-08-28T19:00:00Z,0,0,0,0.009,0.026,0.662,0.322,0.749,0.261,0.322,0.427,0.375,0.444,0.409,0.357,0.54,0.749,0.871,0.758,0.523,0.296,0.366,0.253,0.157,0.131,0.113,0.078,0.122,0.061,0.044,0.044,0.035,0.026,0.017,0.017,0.017,0.009,0.017,0.017,0.017,0.009,0.009,0.009,0.009,0,0.009,0.009,0,0,0,0,0,0,0,0,0,0,0,0,0,0,0,0,0
2026-08-28T20:00:00Z,0,0,0,0.019,0.065,0.74,0.833,0.463,0.231,0.925,0.86,0.37,0.601,0.361,0.647,0.444,0.574,0.749,0.768,0.833,0.472,0.361,0.25,0.25,0.176,0.111,0.139,0.074,0.065,0.046,0.046,0.028,0.019,0.019,0.009,0.009,0.019,0.009,0.009,0.009,0.009,0.009,0.009,0.009,0,0,0,0,0,0,0,0,0,0,0,0,0,0,0,0,0,0,0,0
2026-08-28T21:00:00Z,0,0,0,0.01,0.05,0.78,0.92,0.27,0.47,0.24,0.6,0.53,0.43,0.53,0.75,0.63,1,0.93,0.79,0.42,0.28,0.28,0.33,0.23,0.13,0.12,0.12,0.06,0.05,0.02,0.02,0.02,0.02,0.01,0.01,0.01,0.01,0.01,0.01,0.01,0,0,0,0,0,0,0,0,0,0,0,0,0,0,0,0,0,0,0,0,0,0,0.01,0
2026-08-28T22:00:00Z,0,0,0,0,0.034,0.65,0.399,0.616,0.456,0.456,0.855,0.308,0.331,0.536,0.49,0.855,0.741,1.14,0.787,0.627,0.456,0.388,0.239,0.228,0.08,0.114,0.068,0.046,0.046,0.046,0.023,0.023,0.011,0.011,0.011,0.011,0.011,0.011,0,0,0,0,0,0,0,0,0,0,0,0,0,0,0,0,0,0,0,0,0,0,0,0.011,0,0.011
2026-08-28T23:00:00Z,0,0,0,0,0.023,0.858,0.464,0.568,0.661,0.603,0.418,0.534,0.174,0.777,1.16,0.615,0.638,1.09,0.696,0.777,0.626,0.302,0.22,0.232,0.174,0.116,0.104,0.046,0.023,0.035,0.023,0.023,0.023,0.012,0.012,0.012,0,0.012,0,0,0.012,0,0,0,0,0,0,0,0,0,0,0,0,0,0,0,0,0.012,0.012,0,0,0,0,0
2026-08-29T00:00:00Z,0,0,0,0,0.034,0.437,0.437,0.549,0.325,0.627,0.638,0.504,0.448,0.336,0.538,0.605,0.47,0.84,1.12,0.515,0.47,0.482,0.314,0.269,0.146,0.112,0.078,0.045,0.034,0.022,0.045,0.034,0.011,0.011,0.011,0.011,0.011,0,0,0,0,0,0,0,0,0,0,0,0,0,0,0,0,0,0,0,0,0,0,0,0,0,0,0
2026-08-29T01:00:00Z,0,0,0,0.007,0.029,0.394,0.674,0.588,0.574,0.452,0.609,0.301,0.43,0.43,0.459,0.208,0.717,0.652,0.703,0.409,0.387,0.28,0.315,0.194,0.151,0.136,0.093,0.065,0.057,0.029,0.036,0.029,0.014,0.014,0.014,0.014,0.007,0.007,0.007,0.007,0.007,0.007,0.007,0.007,0,0.007,0.007,0.007,0.007,0,0,0.007,0.007,0.007,0.007,0,0,0,0,0,0,0,0,0
2026-08-29T02:00:00Z,0,0,0,0.016,0.125,1.56,1.466,0.515,0.328,0.515,0.25,0.296,0.343,0.296,0.546,0.25,0.733,0.905,0.827,0.686,0.64,0.406,0.312,0.25,0.109,0.109,0.078,0.047,0.047,0.031,0.031,0.031,0.031,0.031,0.016,0.016,0.016,0,0,0,0,0,0,0,0,0,0,0,0,0,0,0,0,0,0,0,0,0,0,0,0,0,0,0
2026-08-29T03:00:00Z,0,0,0,0,0.017,0.478,0.594,0.66,0.676,0.215,0.116,0.66,0.314,0.396,0.578,0.644,0.627,1.122,1.65,1.006,0.611,0.363,0.396,0.247,0.231,0.198,0.116,0.083,0.05,0.033,0.033,0.033,0.017,0.017,0.017,0,0,0.017,0.017,0.017,0,0,0,0,0,0,0,0,0,0,0,0,0,0,0,0,0,0,0,0,0,0,0,0
2026-08-29T04:00:00Z,0,0,0,0.024,0.035,0.366,0.555,0.566,0.448,0.519,0.649,0.661,0.307,0.425,0.283,0.389,0.708,1.18,0.944,0.602,0.578,0.319,0.366,0.342,0.212,0.189,0.118,0.142,0.059,0.059,0.047,0.024,0.024,0.024,0.024,0.012,0.012,0.012,0,0,0.012,0,0,0,0,0,0,0,0,0,0,0,0,0,0,0,0,0,0,0,0,0,0,0
2026-08-29T05:00:00Z,0,0,0,0.016,0.064,0.448,1.36,0.576,0.416,0.192,0.576,0.72,0.304,0.528,0.464,0.272,0.736,1.328,1.6,1.104,0.672,0.48,0.304,0.224,0.16,0.176,0.112,0.064,0.08,0.064,0.048,0.016,0.032,0.016,0.016,0.016,0.016,0.016,0,0,0,0,0,0,0,0,0,0,0,0,0,0,0,0,0,0,0,0,0,0,0,0,0,0
2026-08-29T06:00:00Z,0,0,0,0.033,0.098,0.492,3.28,0.426,0.492,0.754,0.59,0.886,0.656,0.328,0.361,0.328,0.82,0.722,0.787,0.656,0.394,0.394,0.197,0.197,0.197,0.131,0.098,0.098,0.066,0.098,0.033,0.033,0.033,0.033,0,0,0,0,0,0,0,0,0,0,0,0,0,0,0,0,0,0,0,0,0,0,0,0,0,0,0,0,0,0
2026-08-29T07:00:00Z,0,0,0,0.03,0.12,0.93,3,0.81,0.39,0.63,0.48,0.45,0.27,0.3,0.45,0.45,0.75,1.02,0.96,0.72,0.54,0.39,0.24,0.18,0.12,0.06,0.09,0.09,0.06,0.09,0.03,0.03,0.03,0,0.03,0,0,0,0,0,0,0,0,0,0,0,0,0,0,0,0,0,0,0,0,0,0,0,0,0,0,0,0,0
2026-08-29T08:00:00Z,0,0,0,0.03,0.061,0.365,3.04,1.52,0.608,0.547,0.669,0.73,0.243,0.304,0.213,0.456,0.638,0.76,1.003,0.456,0.547,0.365,0.243,0.213,0.213,0.061,0.122,0.122,0.091,0.03,0.03,0.03,0.03,0.03,0.03,0.03,0.03,0.03,0,0,0,0,0,0,0,0,0,0,0,0,0,0,0,0,0,0,0,0,0,0,0,0,0,0
2026-08-29T09:00:00Z,0,0,0,0.047,0.14,0.816,2.33,2.004,0.629,0.885,0.326,0.419,0.792,0.489,0.373,0.373,0.349,0.349,0.373,0.536,0.443,0.396,0.373,0.21,0.14,0.163,0.07,0.093,0.047,0.07,0.023,0.023,0.047,0.023,0.023,0.047,0.023,0,0,0,0,0,0,0,0,0,0,0,0,0,0,0,0,0,0,0,0,0,0,0,0,0,0,0
2026-08-29T10:00:00Z,0,0,0,0,0.022,0.135,2.25,0.968,0.9,0.652,0.45,0.225,0.518,0.315,0.315,0.405,0.45,0.585,0.63,0.608,0.518,0.383,0.292,0.158,0.202,0.202,0.158,0.068,0.045,0.045,0.045,0.045,0.045,0.045,0.022,0.022,0.022,0.022,0,0,0,0,0,0,0,0,0,0,0,0,0,0,0,0,0,0,0,0,0,0,0,0,0,0
2026-08-29T11:00:00Z,0,0,0,0,0.04,0.202,4.04,1.333,0.364,0.646,0.727,0.606,0.323,0.364,0.566,0.283,0.525,0.727,0.606,0.364,0.283,0.323,0.323,0.242,0.202,0.121,0.04,0.081,0.081,0.04,0.081,0.081,0.04,0.04,0,0.04,0.04,0,0,0,0,0,0,0,0,0,0,0,0,0,0,0,0,0,0,0,0,0,0,0,0,0,0,0
2026-08-29T12:00:00Z,0,0,0,0,0.027,0.123,1.192,1.37,1.069,0.699,0.685,0.466,0.288,0.343,0.233,0.37,0.507,0.712,0.808,0.849,0.589,0.466,0.438,0.507,0.178,0.206,0.178,0.151,0.069,0.041,0.069,0.069,0.055,0.041,0.055,0.027,0.027,0.014,0.027,0.014,0.014,0.014,0,0,0,0,0,0,0,0,0,0,0,0,0,0,0,0,0,0,0,0,0,0
2026-08-29T13:00:00Z,0,0,0,0,0.014,0.164,1.123,1.37,0.973,0.425,0.329,0.288,0.356,0.301,0.178,0.548,0.699,0.603,0.781,0.918,0.644,0.479,0.288,0.315,0.343,0.192,0.233,0.164,0.055,0.096,0.082,0.055,0.041,0.041,0.055,0.041,0.027,0.027,0.014,0.014,0.014,0.014,0.014,0,0.014,0,0,0,0,0,0,0,0,0,0,0,0,0,0,0,0,0,0,0
2026-08-29T14:00:00Z,0,0,0,0,0.042,0.166,1.019,2.08,1.269,0.79,0.603,0.562,0.312,0.499,0.354,0.166,0.686,1.061,0.749,0.645,0.645,0.582,0.395,0.312,0.458,0.291,0.166,0.104,0.062,0.083,0.083,0.083,0.062,0.021,0.021,0.021,0.021,0.021,0,0,0,0,0,0,0,0,0,0,0,0,0,0,0,0,0,0,0,0,0,0,0,0,0,0
2026-08-29T15:00:00Z,0,0,0,0.032,0.032,0.127,3.17,2.504,1.236,1.49,0.38,0.792,0.19,0.285,0.349,0.412,0.571,0.824,0.697,0.475,0.412,0.285,0.475,0.475,0.254,0.19,0.159,0.095,0.095,0.095,0.095,0.032,0.063,0.063,0.063,0.032,0.032,0,0,0,0,0,0,0,0,0,0,0,0,0,0,0,0,0,0,0,0,0,0,0,0,0,0,0
2026-08-29T16:00:00Z,0,0,0,0,0.031,0.217,1.581,3.1,1.24,0.527,0.341,0.806,0.496,0.31,0.372,0.465,0.806,0.837,0.682,0.682,0.558,0.403,0.434,0.341,0.248,0.186,0.093,0.062,0.062,0.062,0.062,0.031,0.031,0.031,0.031,0,0,0.031,0,0,0,0,0,0,0,0,0,0,0,0,0,0,0,0,0,0,0,0,0,0,0,0,0,0
2026-08-29T17:00:00Z,0,0,0,0,0.033,0.197,1.842,3.29,0.757,0.724,0.428,0.362,0.493,0.296,0.395,0.362,0.428,0.493,0.625,0.888,0.625,0.658,0.461,0.263,0.23,0.197,0.197,0.099,0.099,0.066,0.066,0.066,0.033,0.033,0.033,0.033,0.033,0,0.033,0,0,0,0,0,0,0,0,0,0,0,0,0,0,0,0,0,0,0,0,0,0,0,0,0
2026-08-29T18:00:00Z,0,0,0,0,0,0.21,0.894,2.63,0.92,0.394,0.342,0.421,0.21,0.368,0.473,0.263,0.5,1.157,1.21,1.052,0.999,0.657,0.605,0.394,0.21,0.237,0.158,0.105,0.105,0.079,0.053,0.079,0.079,0.053,0.053,0,0.026,0.026,0,0,0,0,0,0,0,0,0,0,0,0,0,0,0,0,0,0,0,0,0,0,0,0,0,0
2026-08-29T19:00:00Z,0,0,0,0.028,0.028,0.141,1.349,2.81,0.984,0.674,0.478,0.309,0.169,0.253,0.393,0.337,0.478,0.506,0.562,0.674,0.787,0.674,0.337,0.309,0.422,0.169,0.169,0.141,0.141,0.141,0.084,0.084,0.084,0.028,0.056,0.028,0.028,0,0.028,0,0,0,0,0,0,0,0,0,0,0,0,0,0,0,0,0,0,0,0,0,0,0,0,0
2026-08-29T20:00:00Z,0,0,0,0,0.045,0.223,1.246,4.45,0.89,0.846,0.312,0.712,0.178,0.089,0.312,0.401,0.267,0.534,1.29,0.934,0.934,0.401,0.312,0.267,0.223,0.134,0.178,0.089,0.134,0.089,0.089,0.089,0.089,0.045,0,0.045,0,0,0,0,0,0,0,0,0,0,0,0,0,0,0,0,0,0,0,0,0,0,0,0,0,0,0,0
2026-08-29T21:00:00Z,0,0,0,0,0.058,0.117,0.936,5.85,2.34,0.995,0.585,0.643,0.234,0.175,0.175,0.41,0.41,0.585,0.702,0.526,0.702,0.526,0.351,0.234,0.234,0.117,0.117,0.175,0.117,0.058,0.058,0.058,0,0,0,0,0,0,0,0,0,0,0,0,0,0,0,0,0,0,0,0,0,0,0,0,0,0,0,0,0,0,0,0
2026-08-29T22:00:00Z,0,0,0,0,0,0.104,0.623,3.46,2.526,1.142,0.484,0.311,0.727,0.173,0.138,0.277,0.381,0.83,0.83,0.83,0.588,0.346,0.242,0.208,0.173,0.208,0.104,0.069,0.104,0.104,0.069,0.069,0.069,0.069,0.069,0.069,0.069,0.069,0.035,0.035,0.035,0.069,0.069,0.035,0.035,0.035,0.035,0.035,0.035,0.035,0,0.035,0.035,0,0,0,0,0,0,0,0,0,0,0
2026-08-29T23:00:00Z,0,0,0,0,0.036,0.108,0.72,3.6,0.828,0.648,0.396,0.252,0.216,0.288,0.288,0.396,0.396,0.468,0.612,0.504,0.612,0.504,0.288,0.216,0.216,0.108,0.108,0.108,0.108,0.108,0.108,0.18,0.144,0.072,0.108,0.144,0.108,0.036,0.036,0.072,0.072,0.072,0.036,0.036,0,0,0,0,0,0,0,0,0,0,0,0,0,0,0,0,0,0,0,0
2026-08-30T00:00:00Z,0,0,0,0,0.035,0.07,0.528,3.52,1.338,1.197,0.634,0.493,0.422,0.141,0.141,0.176,0.246,0.634,0.95,0.669,0.634,0.422,0.282,0.352,0.211,0.246,0.141,0.141,0.106,0.07,0.106,0.176,0.106,0.106,0.106,0.07,0.035,0.035,0.035,0,0.035,0.035,0.035,0,0,0,0,0,0,0,0,0,0,0,0,0,0,0,0,0,0,0,0,0
2026-08-30T01:00:00Z,0,0,0,0,0,0,0.482,4.82,1.494,0.771,0.868,0.771,0.241,0.193,0.241,0.289,0.241,0.675,0.868,0.627,0.819,0.482,0.386,0.241,0.289,0.241,0.145,0.145,0.193,0.145,0.145,0.096,0.048,0.096,0.048,0.048,0.048,0.048,0.048,0.048,0,0,0,0,0,0,0,0,0,0,0,0,0,0,0,0,0,0,0,0,0,0,0,0
2026-08-30T02:00:00Z,0,0,0,0,0.032,0.128,0.449,3.21,1.733,1.284,1.091,0.385,0.161,0.128,0.257,0.193,0.225,0.514,0.417,0.674,0.578,0.514,0.674,0.353,0.193,0.385,0.193,0.161,0.128,0.096,0.128,0.096,0.096,0.032,0.064,0.064,0.032,0.064,0.032,0.032,0,0.032,0.032,0.032,0.032,0,0,0,0,0,0,0,0,0,0,0,0,0,0,0,0,0,0,0
2026-08-30T03:00:00Z,0,0,0,0,0.054,0.107,0.268,5.35,3.531,0.963,0.482,0.642,0.428,0.214,0.268,0.321,0.535,0.856,0.642,0.482,0.696,0.642,0.428,0.375,0.214,0.268,0.214,0.161,0.161,0.161,0.161,0.107,0.054,0.054,0.054,0.054,0,0,0,0,0,0,0,0,0,0,0,0,0,0,0,0,0,0,0,0,0,0,0,0,0,0,0,0
2026-08-30T04:00:00Z,0,0,0,0,0,0.051,0.509,5.09,2.749,1.069,0.509,0.204,0.305,0.255,0.458,0.153,0.356,0.662,1.018,0.763,0.916,0.458,0.458,0.305,0.56,0.356,0.407,0.204,0.255,0.204,0.204,0.102,0.051,0.051,0.051,0,0,0.051,0,0,0,0,0,0,0,0,0,0,0,0,0,0,0,0,0,0,0,0,0,0,0,0,0,0
2026-08-30T05:00:00Z,0,0,0,0,0.024,0.097,0.484,0.944,2.42,1.379,1.065,0.242,0.266,0.387,0.29,0.29,0.484,0.581,0.726,0.75,0.653,0.702,0.871,0.774,0.557,0.266,0.363,0.266,0.194,0.194,0.121,0.169,0.097,0.097,0.048,0.048,0.024,0.048,0.073,0.048,0.024,0,0.024,0.024,0.024,0.024,0,0,0,0,0.024,0,0,0,0,0,0,0,0,0,0,0,0,0
2026-08-30T06:00:00Z,0,0,0,0,0.028,0.114,0.284,1.931,2.84,1.022,0.596,0.454,0.341,0.227,0.227,0.312,0.511,0.738,0.767,0.54,0.312,0.596,0.625,0.54,0.596,0.625,0.341,0.256,0.17,0.256,0.142,0.17,0.085,0.085,0.085,0.057,0.028,0.028,0.057,0.057,0.028,0.028,0,0,0,0,0,0,0,0,0,0,0,0,0,0,0,0,0,0,0,0,0,0
2026-08-30T07:00:00Z,0,0,0,0,0,0.03,0.327,2.346,2.97,0.772,0.861,0.297,0.238,0.178,0.297,0.564,0.386,0.683,0.713,0.921,0.683,0.564,0.653,0.742,0.505,0.297,0.238,0.208,0.178,0.148,0.148,0.089,0.089,0.089,0.059,0.059,0.059,0.03,0.03,0.03,0.03,0,0,0,0,0,0,0,0,0,0,0,0,0,0,0,0,0,0,0,0,0,0,0
2026-08-30T08:00:00Z,0,0,0,0,0,0.034,0.307,2.012,3.41,2.421,0.784,0.443,0.75,0.171,0.239,0.307,0.409,0.955,0.818,0.887,0.682,0.716,0.887,0.511,0.75,0.614,0.341,0.205,0.136,0.171,0.205,0.136,0.034,0.068,0.034,0.034,0.034,0.034,0.034,0.034,0,0,0,0,0,0,0,0,0,0,0,0,0,0,0,0,0,0,0,0,0,0,0,0
2026-08-30T09:00:00Z,0,0,0,0,0.052,0.155,0.439,1.883,2.58,1.909,0.774,0.258,0.542,0.387,0.232,0.129,0.903,0.748,1.135,0.98,1.264,0.877,0.542,0.619,0.697,0.31,0.335,0.284,0.284,0.181,0.206,0.103,0.103,0.077,0.077,0.052,0.052,0.026,0.052,0.026,0.026,0.026,0.026,0.026,0,0.026,0,0,0,0,0,0,0,0,0,0,0,0,0,0,0,0,0,0
2026-08-30T10:00:00Z,0,0,0,0,0,0.069,0.276,1.725,6.9,1.518,1.035,0.897,0.483,0.207,0.207,0.276,0.69,1.173,0.69,1.173,0.897,0.621,0.69,0.621,0.414,0.552,0.414,0.276,0.276,0.207,0.207,0.207,0.069,0.069,0.069,0,0.069,0.069,0,0,0,0,0,0,0,0,0,0,0,0,0,0,0,0,0,0,0,0,0,0,0,0,0,0
2026-08-30T11:00:00Z,0,0,0,0,0,0.039,0.235,1.49,3.92,1.019,0.745,0.431,0.392,0.274,0.235,0.431,0.745,1.372,1.411,1.215,0.941,0.706,0.549,0.706,0.666,0.823,0.392,0.235,0.274,0.118,0.196,0.118,0.118,0.118,0.078,0.078,0.039,0.039,0.039,0.039,0.039,0,0,0,0,0,0,0,0,0,0,0,0,0,0,0,0,0,0,0,0,0,0,0
2026-08-30T12:00:00Z,0,0,0,0,0.029,0.058,0.263,1.431,2.92,0.876,1.168,0.613,0.672,0.263,0.263,0.35,0.642,1.285,1.956,1.548,1.11,0.759,0.672,0.496,0.38,0.467,0.438,0.263,0.321,0.234,0.146,0.175,0.088,0.088,0.058,0.058,0.029,0.058,0.058,0.029,0.029,0.029,0,0,0,0,0,0,0,0,0,0,0,0,0,0,0,0,0,0,0,0,0,0
2026-08-30T13:00:00Z,0,0,0,0,0,0.04,0.24,3.04,4,1.92,1.44,0.6,0.92,0.16,0.32,0.28,1.04,1.04,1.32,1,1.16,1.2,0.72,0.44,0.36,0.56,0.32,0.36,0.2,0.2,0.16,0.12,0.12,0.08,0.04,0.08,0.04,0.04,0.04,0.04,0.04,0.04,0,0,0,0,0,0,0,0,0,0,0,0,0,0,0,0,0,0,0,0,0,0
2026-08-30T14:00:00Z,0,0,0,0,0.035,0.07,0.246,1.69,3.52,1.091,0.493,0.915,0.422,0.317,0.317,0.211,1.514,1.514,1.408,2.147,1.866,1.654,0.739,0.634,0.528,0.458,0.387,0.211,0.282,0.176,0.141,0.106,0.07,0.035,0.035,0.035,0.035,0.035,0.035,0.035,0,0,0,0,0,0,0,0,0,0,0,0,0,0,0,0,0,0,0,0,0,0,0,0
2026-08-30T15:00:00Z,0,0,0,0,0,0.035,0.278,3.132,3.48,2.123,0.731,0.8,0.592,0.174,0.313,0.278,0.8,1.218,1.81,1.114,1.601,0.8,0.94,0.592,0.557,0.278,0.418,0.209,0.174,0.139,0.104,0.104,0.07,0.07,0.035,0.035,0.035,0.035,0,0.035,0,0,0,0,0,0,0,0,0,0,0,0,0,0,0,0,0,0,0,0,0,0,0,0
2026-08-30T16:00:00Z,0,0,0,0,0.043,0.085,0.213,2.805,1.573,4.25,1.19,0.595,0.552,0.637,0.255,0.51,0.85,1.403,1.317,1.955,0.892,0.85,0.85,0.51,0.468,0.298,0.255,0.213,0.085,0.128,0.128,0.128,0.085,0.085,0.043,0.043,0.043,0.043,0.043,0,0,0,0,0,0,0,0,0,0,0,0,0,0,0,0,0,0,0,0,0,0,0,0,0
2026-08-30T17:00:00Z,0,0,0,0,0,0.092,0.275,2.54,3.06,2.264,1.346,0.52,1.224,0.581,0.337,0.428,1.071,1.346,1.071,0.734,0.857,0.734,0.643,0.643,0.52,0.52,0.214,0.214,0.153,0.122,0.092,0.122,0.092,0.122,0.061,0.031,0.061,0.061,0.031,0.031,0.031,0,0,0,0,0,0,0,0,0,0,0,0,0,0,0,0,0,0,0,0,0,0,0
2026-08-30T18:00:00Z,0,0,0,0,0,0.023,0.07,0.913,2.34,1.381,0.538,0.515,1.193,0.608,0.562,0.562,1.287,1.147,1.123,1.076,0.679,0.725,0.491,0.445,0.538,0.445,0.445,0.211,0.211,0.117,0.117,0.094,0.117,0.094,0.094,0.047,0.023,0.023,0.023,0,0.023,0.023,0,0.023,0,0,0,0,0,0,0,0,0,0,0,0,0,0,0,0,0,0,0,0
2026-08-30T19:00:00Z,0,0,0,0,0.039,0.194,0.387,2.709,3.87,2.67,1.2,0.929,0.658,0.774,0.658,0.387,0.968,1.471,1.393,0.851,0.89,0.929,0.619,0.581,0.31,0.31,0.31,0.232,0.155,0.155,0.155,0.116,0.077,0.039,0.077,0.039,0.039,0,0.039,0,0,0,0,0,0,0,0,0,0,0,0,0,0,0,0,0,0,0,0,0,0,0,0,0
2026-08-30T20:00:00Z,0,0,0,0,0,0.055,0.275,2.031,5.49,1.757,0.933,1.098,0.824,1.482,0.988,0.384,1.153,1.482,1.263,1.318,0.604,0.494,0.439,0.329,0.384,0.329,0.275,0.22,0.165,0.11,0.055,0.165,0.055,0.055,0.055,0.055,0.055,0.055,0,0,0,0,0,0,0,0,0,0,0,0,0,0,0,0,0,0,0,0,0,0,0,0,0,0
2026-08-30T21:00:00Z,0,0,0,0,0,0.063,0.126,1.821,6.28,3.077,1.633,0.44,1.507,1.068,0.691,0.126,1.068,1.633,1.696,1.005,0.502,0.377,0.251,0.314,0.126,0.126,0.126,0.063,0.063,0.126,0.063,0.126,0.126,0.063,0.063,0,0,0.063,0,0,0,0,0,0,0,0,0,0,0,0,0,0,0,0,0,0,0,0,0,0,0,0,0,0
2026-08-30T22:00:00Z,0,0,0,0,0.026,0.079,0.264,1.531,2.64,0.818,1.267,0.554,0.898,1.663,0.871,0.554,0.66,0.713,1.399,1.03,0.792,0.634,0.317,0.422,0.211,0.264,0.264,0.185,0.106,0.106,0.132,0.132,0.106,0.026,0.053,0.026,0.026,0.026,0.026,0.053,0.026,0.026,0.026,0,0.026,0,0,0.026,0.026,0,0,0,0,0,0,0,0,0,0,0,0,0,0,0
2026-08-30T23:00:00Z,0,0,0,0,0,0.07,0.07,1.067,1.67,2.32,0.487,0.51,0.51,0.58,0.719,0.487,1.021,1.369,0.858,0.626,0.487,0.487,0.464,0.464,0.302,0.278,0.209,0.232,0.162,0.139,0.139,0.116,0.093,0.07,0.046,0.046,0.046,0.046,0.023,0.023,0.023,0.023,0.023,0.023,0,0,0.023,0.023,0,0,0,0,0,0,0,0,0,0,0,0,0,0,0,0
2026-08-31T00:00:00Z,0,0,0,0,0,0.052,0.105,0.838,5.24,1.939,1.048,0.838,1.205,0.943,1.362,0.681,1.205,1.153,1.258,0.786,0.629,0.681,0.524,0.472,0.367,0.262,0.105,0.157,0.105,0.105,0.105,0.052,0.052,0.052,0.052,0.052,0,0,0,0,0,0,0,0,0,0,0,0,0,0,0,0,0,0,0,0,0,0,0,0,0,0,0,0
2026-08-31T01:00:00Z,0,0,0,0,0,0.031,0.186,0.589,3.1,3.038,1.519,0.434,0.651,1.519,1.271,1.519,0.961,1.116,0.961,0.93,0.496,0.589,0.682,0.713,0.31,0.31,0.279,0.124,0.093,0.093,0.062,0.062,0.062,0.062,0.093,0.062,0.031,0.031,0.031,0.031,0.031,0.031,0,0,0.031,0,0,0,0,0,0,0,0,0,0,0,0,0,0,0,0,0,0,0
2026-08-31T02:00:00Z,0,0,0,0,0,0.048,0.095,0.954,4.77,4.579,2.099,1.24,0.525,1.956,2.528,0.715,1.097,1.383,1.574,1.097,0.572,0.62,0.382,0.382,0.286,0.238,0.191,0.143,0.095,0.143,0.095,0.048,0.048,0.048,0.048,0,0,0,0,0,0,0,0,0,0,0,0,0,0,0,0,0,0,0,0,0,0,0,0,0,0,0,0,0
2026-08-31T03:00:00Z,0,0,0,0,0,0,0.158,1.024,3.94,2.285,1.694,1.734,1.261,1.734,2.443,1.143,0.985,1.655,1.497,1.143,0.63,0.433,0.512,0.394,0.394,0.236,0.197,0.197,0.158,0.079,0.118,0.079,0.079,0.079,0.039,0.039,0.039,0,0,0,0,0,0,0,0,0,0,0,0,0,0,0,0,0,0,0,0,0,0,0,0,0,0,0
2026-08-31T04:00:00Z,0,0,0,0,0,0.027,0.133,0.532,2.66,1.649,0.718,0.559,1.303,1.277,1.915,1.197,1.25,1.303,1.224,1.436,0.771,0.532,0.638,0.559,0.479,0.239,0.293,0.293,0.213,0.133,0.106,0.08,0.08,0.08,0.053,0.027,0.027,0.027,0.027,0.027,0.027,0.027,0.027,0.027,0,0,0,0,0,0,0,0,0,0,0,0,0,0,0,0,0,0,0,0
2026-08-31T05:00:00Z,0,0,0,0,0,0.069,0.172,0.517,2.208,3.45,1.518,1.104,0.276,1.311,0.931,1.483,0.897,1.38,1,0.587,0.552,0.414,0.517,0.448,0.414,0.31,0.241,0.241,0.207,0.207,0.103,0.069,0.069,0.069,0.034,0.034,0.034,0.034,0.034,0.034,0,0,0,0,0,0,0,0,0,0,0,0,0,0,0,0,0,0,0,0,0,0,0,0
2026-08-31T06:00:00Z,0,0,0,0,0,0.035,0.142,0.319,2.733,3.55,1.101,0.781,0.887,1.846,0.923,0.604,1.242,1.81,0.959,0.781,0.781,0.532,0.497,0.568,0.674,0.461,0.39,0.213,0.142,0.106,0.106,0.106,0.071,0.035,0.035,0.035,0.035,0.035,0.035,0,0,0,0,0,0,0,0,0,0,0,0,0,0,0,0,0,0,0,0,0,0,0,0,0
2026-08-31T07:00:00Z,0,0,0,0,0,0,0.093,0.37,3.241,4.63,1.389,0.787,0.972,0.926,0.741,0.926,0.741,0.787,0.926,0.88,0.926,0.556,0.695,0.509,0.37,0.324,0.278,0.139,0.185,0.093,0.139,0.046,0.046,0.046,0.046,0.046,0.046,0,0,0,0,0,0,0,0,0,0,0,0,0,0,0,0,0,0,0,0,0,0,0,0,0,0,0
2026-08-31T08:00:00Z,0,0,0,0,0,0,0.091,0.365,2.599,4.56,2.417,1.642,1.642,1.14,1.505,1.642,0.866,1.003,0.821,0.684,0.684,0.502,0.547,0.593,0.319,0.274,0.228,0.182,0.137,0.137,0.091,0.046,0.046,0.046,0.046,0.046,0,0.046,0,0,0,0,0,0,0,0,0,0,0,0,0,0,0,0,0,0,0,0,0,0,0,0,0,0
2026-08-31T09:00:00Z,0,0,0,0,0,0.032,0.096,0.257,2.536,1.669,2.311,1.22,3.21,1.22,1.091,0.899,1.091,1.22,1.284,0.674,0.738,0.738,0.449,0.353,0.385,0.353,0.257,0.193,0.193,0.128,0.096,0.128,0.064,0.064,0.064,0.032,0.032,0,0,0.032,0,0,0,0,0,0,0,0,0,0,0,0,0,0,0,0,0,0,0,0,0,0,0,0
2026-08-31T10:00:00Z,0,0,0,0,0,0,0.117,0.583,1.724,0.652,2.33,0.909,2.307,1.491,1.584,0.396,0.979,1.421,1.025,0.932,1.258,0.536,0.559,0.443,0.396,0.233,0.186,0.21,0.14,0.117,0.093,0.093,0.07,0.047,0.07,0.023,0.047,0.047,0.023,0.023,0.023,0.023,0.023,0,0,0,0,0,0,0,0,0,0,0,0,0,0,0,0,0,0,0,0,0
2026-08-31T11:00:00Z,0,0,0,0,0,0,0.048,0.145,2.71,4.84,1.984,1.113,1.597,2.662,1.21,1.936,0.968,1.21,0.871,1.016,0.581,0.581,0.532,0.387,0.29,0.242,0.242,0.194,0.194,0.145,0.097,0.097,0.097,0.048,0.048,0.048,0.048,0,0,0,0,0,0,0,0,0,0,0,0,0,0,0,0,0,0,0,0,0,0,0,0,0,0,0
2026-08-31T12:00:00Z,0,0,0,0,0,0,0.048,0.434,2.94,4.82,3.181,1.012,1.88,1.783,0.434,2.265,1.253,1.109,0.916,0.916,1.35,0.916,0.386,0.627,0.337,0.482,0.289,0.337,0.241,0.193,0.096,0.096,0.096,0.048,0.048,0.048,0.048,0,0,0,0,0,0,0,0,0,0,0,0,0,0,0,0,0,0,0,0,0,0,0,0,0,0,0
2026-08-31T13:00:00Z,0,0,0,0,0,0,0.048,0.431,0.575,3.161,3.88,3.018,1.676,1.868,4.79,2.012,1.15,1.485,2.635,1.533,1.054,1.102,0.527,0.575,0.479,0.335,0.383,0.287,0.24,0.144,0.096,0.096,0.048,0.048,0.048,0.048,0,0,0,0,0,0,0,0,0,0,0,0,0,0,0,0,0,0,0,0,0,0,0,0,0,0,0,0
2026-08-31T14:00:00Z,0,0,0,0,0,0,0.053,0.475,1.373,2.64,1.954,2.218,1.531,2.35,2.297,1.109,0.739,1.32,1.109,1.294,1.32,0.607,0.66,0.449,0.396,0.449,0.343,0.185,0.238,0.079,0.106,0.053,0.053,0.053,0.053,0.053,0.026,0.026,0.026,0.026,0,0,0.026,0,0,0,0,0,0,0,0,0,0,0,0,0,0,0,0,0,0,0,0,0
2026-08-31T15:00:00Z,0,0,0,0,0,0,0.031,0.217,1.457,1.705,3.1,2.542,1.333,1.953,2.108,1.829,0.992,0.899,1.023,1.023,1.023,0.806,0.62,0.682,0.434,0.248,0.31,0.155,0.155,0.062,0.062,0.062,0.093,0.093,0.062,0.062,0.031,0.031,0.031,0,0,0,0,0,0,0,0,0,0,0,0,0,0,0,0,0,0,0,0,0,0,0,0,0
2026-08-31T16:00:00Z,0,0,0,0,0,0,0.105,0.262,1.467,2.777,2.463,2.83,5.24,4.14,2.358,0.681,1.677,1.31,1.1,0.838,0.891,0.996,0.786,0.524,0.472,0.314,0.21,0.157,0.157,0.105,0.052,0.052,0.052,0.052,0.052,0.052,0,0,0,0,0,0,0,0,0,0,0,0,0,0,0,0,0,0,0,0,0,0,0,0,0,0,0,0
2026-08-31T17:00:00Z,0,0,0,0,0,0.066,0.099,0.331,0.563,1.39,2.913,2.052,2.979,2.35,3.31,3.012,1.192,0.96,1.258,1.059,0.861,1.125,0.596,0.596,0.463,0.496,0.298,0.199,0.166,0.166,0.099,0.099,0.066,0.066,0.033,0.033,0.033,0.033,0.033,0.033,0,0,0,0,0,0,0,0,0,0,0,0,0,0,0,0,0,0,0,0,0,0,0,0
2026-08-31T18:00:00Z,0,0,0,0,0,0,0.131,0.196,1.439,2.681,2.747,3.859,6.54,5.297,3.074,1.635,1.046,0.85,0.785,0.85,0.523,0.785,0.785,0.523,0.262,0.327,0.262,0.196,0.196,0.131,0.065,0.065,0.065,0.065,0.065,0,0.065,0,0,0,0,0,0,0,0,0,0,0,0,0,0,0,0,0,0,0,0,0,0,0,0,0,0,0
2026-08-31T19:00:00Z,0,0,0,0,0,0,0.11,0.331,1.873,3.526,2.204,4.133,5.51,4.463,4.298,2.204,1.322,1.047,0.771,0.551,0.606,0.661,0.331,0.386,0.276,0.331,0.331,0.276,0.165,0.165,0.165,0.11,0.055,0.055,0.055,0,0,0,0,0,0,0,0,0,0,0,0,0,0,0,0,0,0,0,0,0,0,0,0,0,0,0,0,0
2026-08-31T20:00:00Z,0,0,0,0,0,0,0.173,0.389,1.382,3.456,2.29,3.067,3.413,4.32,3.974,1.166,1.166,0.994,0.734,1.037,0.821,0.691,0.475,0.389,0.389,0.302,0.216,0.216,0.086,0.086,0.13,0.13,0.043,0.086,0.043,0.043,0,0.043,0,0.043,0.043,0,0,0,0,0,0,0,0,0,0,0,0,0,0,0,0,0,0,0,0,0,0,0
2026-08-31T21:00:00Z,0,0,0,0,0,0.045,0.134,0.089,1.833,2.101,2.503,4.425,3.844,4.47,1.609,2.011,1.207,0.805,0.849,0.581,0.536,0.67,0.402,0.358,0.358,0.313,0.179,0.179,0.134,0.089,0.134,0.134,0.089,0.089,0.089,0.089,0.045,0.045,0.045,0.045,0,0,0,0,0,0,0,0,0,0,0,0,0,0,0,0,0,0,0,0,0,0,0,0
2026-08-31T22:00:00Z,0,0,0,0,0,0,0.059,0.176,0.764,1.588,1.764,2.058,4.234,3.94,5.88,5.292,1.176,0.764,0.941,0.764,0.706,0.412,0.412,0.412,0.235,0.176,0.294,0.176,0.176,0.176,0.176,0.176,0.118,0.059,0.059,0.059,0.059,0.118,0,0.059,0.059,0.059,0,0,0,0,0,0,0,0,0,0,0,0,0,0,0,0,0,0,0,0,0,0
2026-08-31T23:00:00Z,0,0,0,0,0,0,0.066,0.199,1.459,1.326,1.193,1.326,2.188,6.63,2.718,0.995,0.663,0.729,1.061,1.127,0.597,0.729,0.332,0.332,0.265,0.332,0.265,0.133,0.199,0.133,0.066,0.133,0.133,0.066,0.066,0.066,0.066,0.066,0,0,0,0,0,0,0,0,0,0,0,0,0,0,0,0,0,0,0,0,0,0,0,0,0,0
2026-09-01T00:00:00Z,0,0,0,0,0,0,0.089,0.134,0.534,1.29,0.579,1.602,2.225,3.071,4.45,0.89,0.757,0.445,0.445,0.801,0.623,0.356,0.356,0.312,0.356,0.267,0.223,0.223,0.089,0.134,0.134,0.089,0.178,0.134,0.045,0.089,0.089,0.045,0.045,0.045,0.045,0.045,0,0,0,0,0,0,0,0,0,0,0,0,0,0,0,0,0,0,0,0,0,0
2026-09-01T01:00:00Z,0,0,0,0,0,0,0,0.124,0.995,1.368,0.56,1.99,1.555,6.22,2.923,1.804,0.435,0.56,0.684,0.684,0.56,0.498,0.249,0.311,0.249,0.124,0.124,0.249,0.187,0.124,0.124,0.062,0.124,0.062,0.062,0.062,0,0.062,0.062,0.062,0,0,0,0,0,0,0,0,0,0,0,0,0,0,0,0,0,0,0,0,0,0,0,0
2026-09-01T02:00:00Z,0,0,0,0,0,0,0.076,0.114,0.644,0.985,0.91,1.175,1.895,3.79,3.752,1.137,0.606,0.493,0.417,0.417,0.644,0.455,0.265,0.417,0.265,0.227,0.152,0.19,0.076,0.114,0.114,0.152,0.114,0.076,0.038,0.038,0.038,0.038,0.038,0.038,0.038,0.038,0.038,0,0,0,0,0,0,0,0,0,0,0,0,0,0,0,0,0,0,0,0,0
2026-09-01T03:00:00Z,0,0,0,0,0,0.041,0.083,0.249,0.747,1.079,1.328,1.162,1.743,4.15,2.946,1.494,0.788,0.415,0.622,0.705,0.581,0.373,0.415,0.415,0.373,0.415,0.249,0.124,0.166,0.166,0.166,0.124,0.041,0.041,0.083,0.041,0.041,0.041,0.041,0,0,0,0,0,0,0,0,0,0,0,0,0,0,0,0,0,0,0,0,0,0,0,0,0
2026-09-01T04:00:00Z,0,0,0,0,0,0,0.06,0.06,0.6,1.14,1.02,1.44,1.14,6,1.56,1.8,0.78,0.54,0.3,0.48,0.6,0.6,0.48,0.42,0.36,0.3,0.18,0.12,0.12,0.18,0.06,0.06,0.06,0.06,0.06,0,0.06,0.06,0,0,0,0,0,0,0,0,0,0,0,0,0,0,0,0,0,0,0,0,0,0,0,0,0,0
2026-09-01T05:00:00Z,0,0,0,0,0,0,0.057,0.115,0.344,1.091,2.296,0.861,1.952,4.535,5.74,3.1,1.033,0.459,0.344,0.287,0.402,0.459,0.344,0.402,0.402,0.344,0.287,0.172,0.23,0.172,0.115,0.115,0.057,0.057,0.057,0.057,0.057,0,0,0,0,0,0,0,0,0,0,0,0,0,0,0,0,0,0,0,0,0,0,0,0,0,0,0
2026-09-01T06:00:00Z,0,0,0,0,0,0,0.032,0.127,0.666,1.109,1.078,1.141,1.109,3.17,0.602,1.395,0.697,0.38,0.349,0.317,0.539,0.507,0.412,0.761,0.539,0.444,0.539,0.317,0.222,0.159,0.19,0.127,0.063,0.063,0.063,0.063,0.063,0.032,0.032,0,0,0.032,0.032,0,0,0,0,0,0,0,0,0,0,0,0,0,0,0,0,0,0,0,0,0
2026-09-01T07:00:00Z,0,0,0,0,0,0,0.03,0.061,0.394,1.727,1.091,0.818,1.576,3.03,1.576,2.545,0.909,0.424,0.333,0.212,0.303,0.394,0.545,0.454,0.727,0.545,0.273,0.303,0.182,0.151,0.121,0.091,0.061,0.061,0.03,0.03,0.061,0.03,0.03,0.03,0.03,0.03,0.03,0.03,0.03,0,0,0,0,0,0,0,0,0,0,0,0,0,0,0,0,0,0,0
2026-09-01T08:00:00Z,0,0,0,0,0,0,0.116,0.093,0.742,1.531,1.16,1.462,0.719,2.297,2.32,1.67,0.974,0.441,0.186,0.232,0.278,0.418,0.418,0.394,0.464,0.302,0.278,0.186,0.186,0.116,0.116,0.093,0.093,0.046,0.07,0.07,0.07,0.046,0.046,0.023,0.023,0.023,0.023,0.023,0.023,0.023,0.023,0,0.023,0.023,0,0,0,0,0,0,0,0,0,0,0,0,0,0
2026-09-01T09:00:00Z,0,0,0,0,0,0,0.052,0.104,0.364,1.222,0.754,0.702,1.274,1.118,2.054,2.6,1.56,0.442,0.234,0.26,0.26,0.494,0.312,0.494,0.494,0.338,0.234,0.208,0.156,0.13,0.104,0.078,0.104,0.078,0.078,0.052,0.078,0.052,0.052,0.026,0.052,0.026,0.026,0.026,0.026,0,0,0,0,0,0,0,0,0,0,0,0,0,0,0,0,0,0,0
2026-09-01T10:00:00Z,0,0,0,0,0,0,0.074,0.124,0.322,1.166,1.017,1.364,1.19,1.091,2.48,2.158,0.57,0.322,0.223,0.273,0.273,0.372,0.372,0.62,0.446,0.273,0.248,0.248,0.149,0.149,0.174,0.074,0.124,0.124,0.074,0.074,0.05,0.025,0.025,0.025,0.025,0.025,0.025,0,0.025,0,0,0.025,0,0,0,0,0,0,0,0,0,0,0,0,0,0,0,0
2026-09-01T11:00:00Z,0,0,0,0,0,0,0.067,0.15,0.418,0.685,0.651,0.601,1.019,0.835,1.236,1.67,0.852,0.251,0.384,0.284,0.534,0.434,0.501,0.518,0.434,0.484,0.301,0.267,0.234,0.15,0.1,0.15,0.084,0.05,0.067,0.05,0.05,0.033,0.05,0.05,0.033,0.017,0.017,0.017,0.017,0.017,0,0.017,0.017,0,0,0,0,0,0,0,0,0,0,0,0,0,0,0
2026-09-01T12:00:00Z,0,0,0,0,0,0.022,0.044,0.175,0.263,1.905,0.613,0.898,0.591,0.701,1.117,2.19,1.226,0.591,0.219,0.263,0.285,0.569,0.569,0.569,0.547,0.416,0.307,0.263,0.219,0.197,0.088,0.11,0.088,0.088,0.088,0.11,0.066,0.044,0.044,0.022,0.022,0.044,0.022,0.022,0.022,0.022,0.022,0.022,0,0,0,0,0,0,0,0,0,0,0,0,0,0,0,0
2026-09-01T13:00:00Z,0,0,0,0,0,0,0.077,0.134,0.442,1.747,1.92,0.326,0.902,1.056,1.728,1.555,0.902,0.442,0.288,0.23,0.288,0.403,0.576,0.384,0.346,0.269,0.346,0.384,0.173,0.192,0.154,0.096,0.134,0.134,0.096,0.058,0.058,0.058,0.038,0.038,0.038,0.038,0.038,0.038,0.038,0.019,0.019,0,0.019,0.019,0,0,0,0,0,0,0,0,0,0,0,0,0,0
2026-09-17T18:00:00Z,0,0,0,0,0.184,0.046,0.184,2.3,1.564,0.345,0.23,0.23,0.598,0.23,0.069,0.069,0.253,0.506,0.299,0.207,0.253,0.161,0.069,0.092,0.115,0.115,0.092,0.138,0.138,0.115,0.115,0.138,0.069,0.069,0.069,0.046,0.046,0.023,0.023,0.023,0.023,0.023,0.023,0.023,0,0,0.023,0.023,0,0,0,0,0,0,0,0,0,0,0,0,0,0,0,0
2026-09-17T19:00:00Z,0,0,0,0,0.168,0.084,0.147,1.68,2.1,0.42,0.231,0.441,0.483,0.252,0.168,0.105,0.357,0.504,0.294,0.126,0.189,0.147,0.147,0.189,0.084,0.063,0.063,0.105,0.147,0.147,0.105,0.084,0.084,0.042,0.042,0.063,0.021,0.042,0.042,0.021,0.021,0.021,0.021,0.021,0,0,0.021,0.021,0,0,0,0,0,0,0,0,0,0,0,0,0,0,0,0
2026-09-17T20:00:00Z,0,0,0,0.014,0.183,0.155,0.085,0.409,1.41,0.493,0.24,0.338,0.761,0.169,0.085,0.127,0.254,0.437,0.352,0.155,0.113,0.127,0.127,0.099,0.07,0.085,0.085,0.07,0.07,0.085,0.07,0.07,0.042,0.07,0.042,0.056,0.042,0.028,0.028,0.014,0.028,0.014,0.028,0.014,0.014,0.028,0.028,0.014,0.014,0.014,0.014,0.014,0.014,0,0,0,0.014,0,0,0,0,0,0,0
2026-09-17T21:00:00Z,0,0,0.007,0.042,0.183,0.33,0.098,0.689,0.703,0.359,0.148,0.302,0.323,0.211,0.098,0.141,0.302,0.373,0.373,0.225,0.169,0.105,0.134,0.063,0.07,0.12,0.098,0.12,0.063,0.098,0.063,0.091,0.063,0.049,0.063,0.07,0.049,0.035,0.035,0.042,0.042,0.042,0.042,0.049,0.028,0.042,0.035,0.028,0.014,0.014,0.014,0.021,0.021,0.014,0.014,0.007,0.014,0.007,0.007,0.007,0.007,0.007,0.007,0.007
2026-09-17T22:00:00Z,0,0,0,0,0.044,0.133,0.155,0.844,2.22,0.289,0.377,0.311,0.289,0.266,0.089,0.133,0.333,0.4,0.422,0.222,0.089,0.111,0.111,0.111,0.089,0.089,0.089,0.089,0.089,0.089,0.089,0.089,0.155,0.089,0.044,0.044,0.067,0.067,0.044,0.044,0.067,0.044,0.044,0.022,0.022,0.022,0.022,0,0,0,0,0.022,0,0.022,0,0,0,0,0,0,0,0,0,0
2026-09-17T23:00:00Z,0,0,0,0,0.166,0.261,0.095,1.422,2.37,0.664,0.213,0.308,0.261,0.261,0.142,0.213,0.237,0.284,0.237,0.237,0.19,0.095,0.095,0.071,0.071,0.024,0.071,0.071,0.095,0.071,0.047,0.095,0.142,0.166,0.095,0.071,0.071,0.047,0.047,0.071,0.071,0.047,0.024,0.047,0.024,0.024,0,0,0,0,0,0.024,0,0,0,0,0,0,0,0,0,0,0,0
2026-09-18T00:00:00Z,0,0,0,0,0.202,0.47,0.09,1.68,2.24,0.358,0.269,0.157,0.515,0.381,0.224,0.202,0.246,0.358,0.381,0.157,0.134,0.134,0.134,0.067,0.09,0.09,0.067,0.112,0.09,0.112,0.112,0.157,0.112,0.09,0.134,0.067,0.112,0.112,0.045,0.022,0.022,0.022,0.022,0.022,0.022,0.022,0.022,0.022,0,0,0,0,0,0,0,0,0,0,0,0,0,0,0,0
2026-09-18T01:00:00Z,0,0,0,0,0.158,0.252,0.126,0.599,3.15,0.535,0.252,0.63,0.441,0.315,0.126,0.063,0.252,0.441,0.221,0.221,0.252,0.158,0.063,0.095,0.126,0.095,0.063,0.095,0.095,0.126,0.158,0.126,0.126,0.095,0.095,0.063,0.063,0.063,0.032,0,0.032,0.032,0.032,0.032,0.032,0,0,0,0,0,0,0,0,0,0,0,0,0,0,0,0,0,0,0
2026-09-18T02:00:00Z,0,0,0,0,0.102,0.367,0.122,0.796,2.04,0.428,0.286,0.367,0.367,0.224,0.184,0.143,0.204,0.245,0.286,0.224,0.265,0.143,0.143,0.061,0.061,0.082,0.082,0.102,0.102,0.122,0.102,0.061,0.122,0.102,0.102,0.082,0.041,0.082,0.061,0.02,0.02,0.02,0,0.02,0.02,0,0,0.02,0.02,0,0,0,0,0,0,0,0,0,0,0,0,0,0,0
2026-09-18T03:00:00Z,0,0,0,0,0.195,0.156,0.039,0.428,3.89,0.661,0.311,0.35,0.584,0.233,0.117,0.156,0.272,0.311,0.272,0.311,0.233,0.156,0.117,0.117,0.078,0.078,0.039,0.078,0.078,0.117,0.078,0.117,0.078,0.078,0.117,0.039,0.039,0.039,0.039,0.039,0,0,0,0,0,0,0,0,0,0,0,0,0,0,0,0,0,0,0,0,0,0,0,0
2026-09-18T04:00:00Z,0,0,0,0.016,0.192,0.368,0.048,0.304,1.6,0.784,0.272,0.272,0.384,0.192,0.096,0.192,0.208,0.384,0.304,0.224,0.16,0.16,0.144,0.096,0.048,0.096,0.096,0.112,0.096,0.112,0.176,0.192,0.16,0.08,0.064,0.08,0.08,0.032,0.048,0.032,0.032,0.016,0.016,0.016,0.016,0.016,0.016,0.016,0,0,0,0,0,0,0,0,0,0,0,0,0,0,0,0
2026-09-18T05:00:00Z,0,0,0,0.021,0.228,0.373,0.103,0.849,2.07,0.58,0.373,0.269,0.331,0.31,0.352,0.103,0.331,0.331,0.186,0.186,0.207,0.207,0.145,0.103,0.062,0.083,0.083,0.083,0.124,0.145,0.124,0.145,0.083,0.083,0.062,0.041,0.083,0.041,0.041,0.021,0.021,0,0.021,0,0,0,0,0,0.021,0,0,0,0,0,0,0,0,0,0,0,0,0,0,0
2026-09-18T06:00:00Z,0,0,0,0.014,0.206,0.301,0.082,0.493,1.37,0.493,0.329,0.425,0.479,0.26,0.137,0.055,0.219,0.384,0.26,0.192,0.164,0.164,0.192,0.164,0.082,0.069,0.096,0.096,0.123,0.137,0.151,0.137,0.069,0.069,0.069,0.041,0.041,0.041,0.041,0.027,0.027,0.014,0.014,0.014,0.014,0.014,0.014,0,0,0,0,0,0,0,0,0,0,0,0,0,0,0,0,0
2026-09-18T07:00:00Z,0,0,0,0.02,0.256,0.493,0.079,0.611,1.97,0.906,0.315,0.335,0.236,0.217,0.158,0.099,0.138,0.276,0.197,0.276,0.236,0.177,0.138,0.099,0.079,0.059,0.059,0.099,0.138,0.138,0.118,0.118,0.099,0.079,0.079,0.039,0.039,0.02,0.02,0.02,0.02,0.02,0,0,0,0,0,0,0,0,0,0,0,0,0,0,0,0,0,0,0,0,0,0
2026-09-18T08:00:00Z,0,0,0,0.017,0.156,0.381,0.104,0.346,1.73,0.917,0.432,0.294,0.415,0.156,0.121,0.121,0.156,0.294,0.346,0.26,0.26,0.225,0.156,0.069,0.104,0.104,0.104,0.069,0.069,0.069,0.19,0.104,0.104,0.104,0.069,0.035,0.035,0.017,0.017,0.017,0,0,0.017,0,0,0,0,0,0,0,0,0,0,0,0,0,0,0,0,0,0,0,0,0
2026-09-18T09:00:00Z,0,0,0,0.021,0.103,0.597,0.062,0.185,2.06,1.38,0.515,0.433,0.309,0.268,0.144,0.103,0.144,0.247,0.268,0.185,0.185,0.144,0.103,0.082,0.041,0.062,0.062,0.082,0.062,0.124,0.144,0.144,0.144,0.062,0.021,0.021,0.041,0.021,0.021,0,0.021,0,0,0,0,0,0,0,0,0,0,0,0,0,0,0,0,0,0,0,0,0,0,0
2026-09-18T10:00:00Z,0,0,0,0,0.084,0.711,0.125,0.146,2.09,0.857,0.334,0.334,0.355,0.146,0.104,0.063,0.104,0.167,0.167,0.167,0.125,0.146,0.167,0.125,0.146,0.125,0.084,0.146,0.209,0.167,0.146,0.084,0.084,0.063,0.042,0.021,0.021,0.021,0,0,0,0,0,0,0,0,0,0,0,0,0,0,0,0,0,0,0,0,0,0,0,0,0,0
2026-09-18T11:00:00Z,0,0,0,0.021,0.086,0.535,0.043,0.257,2.14,1.348,0.257,0.3,0.342,0.342,0.193,0.15,0.171,0.214,0.257,0.235,0.214,0.193,0.235,0.235,0.171,0.171,0.214,0.171,0.107,0.107,0.107,0.107,0.107,0.064,0.043,0.021,0.021,0.021,0.021,0.021,0,0,0,0,0,0,0,0,0,0,0,0,0,0,0,0,0,0,0,0,0,0,0,0
2026-09-18T12:00:00Z,0,0,0,0.023,0.163,0.769,0.163,0.14,1.328,2.33,0.419,0.443,0.419,0.396,0.349,0.14,0.186,0.233,0.256,0.186,0.186,0.28,0.28,0.233,0.256,0.186,0.186,0.233,0.21,0.14,0.093,0.093,0.093,0.117,0.07,0.047,0.023,0.023,0.023,0,0,0,0,0,0.023,0,0,0,0,0,0,0,0,0,0,0,0,0,0,0,0,0,0,0
2026-09-18T13:00:00Z,0,0,0,0.013,0.09,0.916,0.09,0.219,1.29,1.097,0.658,0.31,0.426,0.439,0.09,0.194,0.142,0.155,0.116,0.168,0.181,0.168,0.323,0.258,0.439,0.245,0.245,0.206,0.168,0.116,0.155,0.116,0.077,0.077,0.039,0.039,0.026,0.039,0.026,0.013,0.026,0.013,0.013,0.013,0.013,0.013,0,0.013,0.013,0.013,0,0,0,0,0,0,0,0,0,0,0,0,0,0
2026-09-18T14:00:00Z,0,0,0,0.01,0.081,0.758,0.081,0.121,0.949,1.01,0.202,0.273,0.374,0.222,0.394,0.121,0.091,0.091,0.111,0.131,0.151,0.212,0.283,0.424,0.485,0.323,0.313,0.273,0.212,0.253,0.141,0.111,0.101,0.081,0.051,0.061,0.03,0.04,0.02,0.01,0.02,0.01,0.02,0.01,0.01,0.01,0.01,0,0.01,0.01,0.01,0,0,0,0.01,0,0,0,0.01,0.01,0,0,0,0
2026-09-18T15:00:00Z,0,0,0,0.018,0.158,1.003,0.035,0.141,1.109,1.76,0.264,0.246,0.334,0.528,0.211,0.194,0.176,0.211,0.176,0.264,0.141,0.44,0.774,0.686,0.352,0.422,0.246,0.176,0.123,0.141,0.106,0.141,0.088,0.07,0.07,0.035,0.035,0.035,0.035,0.018,0.035,0.018,0.018,0,0,0,0,0,0,0,0,0,0,0,0,0,0,0,0,0,0,0,0,0
2026-09-18T16:00:00Z,0,0,0,0.019,0.114,0.741,0.095,0.095,0.836,1.9,0.779,0.304,0.247,0.057,0.152,0.152,0.114,0.247,0.228,0.171,0.247,0.285,0.589,0.779,0.418,0.304,0.323,0.209,0.114,0.133,0.114,0.076,0.057,0.095,0.076,0.038,0.038,0.038,0.038,0.038,0.019,0.019,0.019,0.019,0.019,0,0,0,0.019,0,0,0,0,0,0,0,0,0,0,0,0,0,0,0
2026-09-18T17:00:00Z,0,0,0,0.029,0.175,1.124,0.175,0.102,1.402,1.46,0.642,0.219,0.117,0.38,0.219,0.161,0.219,0.204,0.161,0.175,0.307,0.394,0.467,0.73,0.307,0.19,0.19,0.146,0.131,0.146,0.102,0.088,0.088,0.058,0.073,0.044,0.044,0.044,0.029,0.015,0.015,0.015,0.015,0.015,0.015,0.015,0,0,0,0.015,0.015,0.015,0,0,0,0,0,0,0,0,0,0,0,0
2026-09-18T18:00:00Z,0,0,0,0.01,0.052,0.7,0.206,0.113,0.443,1.03,0.494,0.134,0.299,0.391,0.196,0.144,0.247,0.258,0.216,0.185,0.258,0.268,0.35,0.453,0.268,0.185,0.258,0.175,0.124,0.144,0.134,0.165,0.062,0.072,0.052,0.052,0.041,0.041,0.052,0.031,0.021,0.021,0.021,0.021,0.021,0.021,0.021,0.01,0.01,0.01,0.01,0.01,0.01,0,0.01,0.01,0.01,0.01,0.01,0,0,0,0,0
2026-09-18T19:00:00Z,0,0,0,0.014,0.098,0.602,0.098,0.098,1.33,1.4,0.518,0.21,0.196,0.448,0.07,0.14,0.168,0.252,0.21,0.168,0.224,0.392,0.658,0.504,0.28,0.238,0.196,0.14,0.126,0.112,0.084,0.098,0.07,0.084,0.056,0.042,0.028,0.028,0.028,0.028,0.028,0.014,0.014,0.014,0.014,0.014,0.014,0.014,0.014,0,0.014,0.014,0,0,0,0,0,0.014,0,0,0,0,0,0
2026-09-18T20:00:00Z,0,0,0,0.011,0.074,0.392,0.265,0.053,0.986,1.06,0.466,0.265,0.36,0.318,0.329,0.085,0.095,0.17,0.201,0.244,0.488,0.572,0.636,0.466,0.488,0.318,0.201,0.201,0.201,0.106,0.117,0.106,0.064,0.074,0.042,0.021,0.042,0.042,0.042,0.032,0.032,0.032,0.021,0.021,0.021,0.021,0.021,0.021,0.021,0.011,0.011,0.011,0.011,0.011,0.011,0.011,0.011,0,0,0,0.011,0,0,0
2026-09-18T21:00:00Z,0,0,0,0.01,0.052,0.453,0.185,0.093,0.288,1.03,0.505,0.309,0.381,0.35,0.258,0.103,0.258,0.288,0.319,0.33,0.319,0.494,0.618,0.536,0.567,0.34,0.216,0.196,0.093,0.082,0.082,0.093,0.093,0.093,0.062,0.041,0.062,0.052,0.052,0.041,0.041,0.041,0.041,0.041,0.021,0.021,0.021,0.031,0.031,0.021,0.021,0.01,0.031,0.01,0.021,0.01,0.01,0,0.01,0.01,0.01,0,0.01,0.01
2026-09-18T22:00:00Z,0,0,0,0.018,0.052,1.26,0.542,0.14,0.438,1.75,0.752,0.158,0.298,0.298,0.088,0.088,0.193,0.298,0.42,0.367,0.578,0.823,0.612,0.367,0.473,0.298,0.263,0.263,0.158,0.21,0.14,0.21,0.14,0.07,0.07,0.07,0.088,0.07,0.088,0.07,0.052,0.035,0.035,0.035,0.018,0.035,0.018,0.035,0.018,0.035,0.018,0,0.018,0.018,0.018,0.018,0.018,0.018,0,0,0,0,0,0
2026-09-18T23:00:00Z,0,0,0,0.019,0.094,0.505,0.206,0.262,0.598,1.87,0.58,0.486,0.206,0.15,0.243,0.168,0.187,0.449,0.449,0.393,0.58,0.823,0.823,0.935,0.729,0.542,0.598,0.318,0.355,0.262,0.262,0.187,0.168,0.168,0.187,0.15,0.075,0.131,0.075,0.056,0.094,0.056,0.056,0.019,0.037,0.037,0.037,0.019,0.019,0.037,0.019,0.019,0,0,0.019,0.019,0,0,0,0,0,0,0,0
2026-09-19T00:00:00Z,0,0,0,0.008,0.069,0.727,0.191,0.107,0.405,0.704,0.643,0.314,0.199,0.084,0.199,0.054,0.199,0.298,0.39,0.306,0.459,0.581,0.765,0.581,0.581,0.566,0.49,0.436,0.26,0.184,0.199,0.153,0.13,0.13,0.107,0.145,0.107,0.054,0.069,0.115,0.099,0.077,0.054,0.061,0.061,0.054,0.031,0.023,0.015,0.023,0.023,0.015,0.008,0.015,0.015,0.015,0.008,0.015,0.008,0.008,0.008,0.008,0.015,0.008
2026-09-19T01:00:00Z,0,0,0,0,0.077,0.461,0.371,0.128,0.435,1.28,0.819,0.282,0.32,0.269,0.077,0.077,0.141,0.333,0.422,0.525,0.627,0.883,0.704,0.691,0.461,0.422,0.474,0.448,0.32,0.141,0.205,0.192,0.115,0.077,0.102,0.115,0.128,0.064,0.051,0.038,0.051,0.038,0.026,0.026,0.026,0.026,0.038,0.026,0.026,0.026,0.026,0.013,0.026,0.013,0.013,0.013,0.013,0,0.013,0.013,0,0,0,0
2026-09-19T02:00:00Z,0,0,0,0,0.043,0.924,0.666,0.086,0.344,2.15,0.602,0.344,0.15,0.15,0.129,0.15,0.107,0.15,0.236,0.451,0.71,0.688,0.516,0.559,0.516,0.473,0.344,0.236,0.344,0.172,0.129,0.107,0.065,0.107,0.065,0.129,0.086,0.065,0.043,0.043,0.021,0.043,0.065,0.043,0.021,0.021,0.021,0.021,0,0,0,0,0.021,0.021,0,0,0,0,0,0,0,0,0,0
2026-09-19T03:00:00Z,0,0,0,0,0.066,0.865,0.341,0.092,0.236,1.31,0.799,0.432,0.314,0.301,0.17,0.026,0.105,0.223,0.275,0.367,0.616,0.655,0.721,0.76,0.511,0.524,0.419,0.262,0.288,0.197,0.118,0.105,0.157,0.092,0.039,0.079,0.066,0.066,0.079,0.039,0.039,0.052,0.052,0.026,0.039,0.013,0.013,0.013,0.013,0.026,0.013,0.013,0,0,0.013,0,0.013,0.013,0,0,0,0.013,0,0
2026-09-19T04:00:00Z,0,0,0,0.014,0.069,0.781,0.521,0.178,0.178,1.37,0.808,0.329,0.151,0.233,0.11,0.11,0.137,0.233,0.274,0.754,0.767,0.836,0.877,0.521,0.726,0.575,0.384,0.219,0.247,0.247,0.151,0.082,0.096,0.096,0.041,0.055,0.069,0.069,0.055,0.041,0.041,0.041,0.027,0.041,0.027,0.027,0.014,0.014,0.027,0.014,0.014,0.014,0,0,0.014,0.014,0,0,0,0,0,0,0,0
2026-09-19T05:00:00Z,0,0,0,0.013,0.065,0.819,0.611,0.117,0.143,0.754,1.3,0.39,0.091,0.208,0.208,0.143,0.104,0.169,0.221,0.481,0.676,0.572,0.572,0.702,0.507,0.364,0.351,0.195,0.156,0.13,0.195,0.117,0.117,0.091,0.078,0.091,0.039,0.052,0.039,0.039,0.039,0.026,0.026,0.026,0.013,0.013,0.026,0.026,0.026,0.013,0.013,0.013,0.013,0.013,0,0,0,0,0,0,0.013,0,0,0
2026-09-19T06:00:00Z,0,0,0,0,0.032,0.483,0.514,0.095,0.304,1.05,0.588,0.399,0.2,0.294,0.074,0.053,0.252,0.242,0.2,0.557,0.483,0.63,0.683,0.966,0.64,0.514,0.294,0.326,0.294,0.284,0.189,0.168,0.095,0.084,0.042,0.053,0.063,0.053,0.032,0.032,0.032,0.021,0.021,0.032,0.011,0.011,0.011,0.011,0.011,0.011,0.011,0.011,0.011,0.011,0.011,0,0.011,0,0,0,0,0,0,0.011
2026-09-19T07:00:00Z,0,0,0.008,0.023,0.069,0.39,0.727,0.115,0.207,0.635,0.765,0.505,0.314,0.138,0.168,0.13,0.268,0.321,0.237,0.405,0.467,0.643,0.757,0.459,0.551,0.535,0.413,0.283,0.214,0.138,0.122,0.077,0.084,0.061,0.092,0.092,0.069,0.038,0.046,0.023,0.015,0.031,0.023,0.023,0.015,0.015,0.023,0.023,0.015,0.015,0.015,0.008,0.008,0.008,0.008,0.008,0,0,0.008,0,0,0,0,0
2026-09-19T08:00:00Z,0,0,0,0.017,0.042,0.728,0.491,0.093,0.085,0.651,0.846,0.305,0.262,0.195,0.144,0.118,0.11,0.203,0.169,0.347,0.592,0.592,0.457,0.423,0.347,0.364,0.313,0.228,0.211,0.118,0.102,0.085,0.059,0.076,0.051,0.042,0.042,0.042,0.042,0.034,0.034,0.034,0.025,0.025,0.017,0.017,0.008,0.008,0.017,0.017,0.008,0.008,0,0.008,0.008,0.008,0.008,0,0,0,0,0,0,0
2026-09-19T09:00:00Z,0,0,0,0.01,0.02,0.162,0.242,0.071,0.131,0.495,1.01,0.495,0.192,0.374,0.071,0.151,0.162,0.222,0.202,0.273,0.364,0.616,0.717,0.505,0.455,0.404,0.364,0.293,0.232,0.121,0.192,0.141,0.111,0.051,0.051,0.051,0.04,0.03,0.03,0.02,0.02,0.02,0.02,0.02,0.02,0.01,0.01,0.01,0.01,0,0,0,0,0,0,0,0,0,0,0,0,0,0,0
2026-09-19T10:00:00Z,0,0,0,0.009,0.026,0.702,0.486,0.026,0.139,0.841,0.225,0.538,0.312,0.277,0.13,0.191,0.173,0.156,0.312,0.251,0.59,0.867,0.65,0.468,0.486,0.399,0.295,0.312,0.286,0.139,0.095,0.069,0.069,0.061,0.069,0.052,0.043,0.035,0.026,0.017,0.017,0.017,0.017,0.009,0.017,0.009,0.009,0.009,0.009,0,0,0,0.009,0.009,0,0,0.009,0,0,0,0,0,0,0
2026-09-19T11:00:00Z,0,0,0,0.01,0.042,0.738,0.229,0.114,0.135,0.707,0.572,0.551,0.26,0.187,0.156,0.177,0.156,0.208,0.27,0.499,0.697,0.686,1.04,0.666,0.541,0.468,0.416,0.25,0.125,0.114,0.104,0.052,0.062,0.073,0.062,0.042,0.031,0.031,0.021,0.021,0.021,0.01,0.01,0.01,0.01,0.01,0,0,0,0,0,0,0,0,0,0,0,0,0,0,0,0,0,0
2026-09-19T12:00:00Z,0,0,0,0.02,0.101,0.727,2.02,0.061,0.101,0.949,1.293,0.485,0.202,0.162,0.162,0.061,0.121,0.182,0.424,0.444,0.404,0.808,0.808,0.566,0.465,0.586,0.303,0.242,0.182,0.121,0.121,0.061,0.061,0.04,0.04,0.04,0.02,0.02,0,0.02,0,0,0,0,0,0,0,0,0,0,0,0,0,0,0,0,0,0,0,0,0,0,0,0
2026-09-19T13:00:00Z,0,0,0,0.011,0.032,0.385,0.364,0.096,0.193,1.07,0.888,0.492,0.268,0.246,0.161,0.161,0.118,0.278,0.268,0.407,0.653,0.642,0.567,0.578,0.61,0.278,0.193,0.171,0.214,0.107,0.075,0.054,0.064,0.043,0.043,0.043,0.021,0.011,0.021,0.021,0.021,0.021,0.011,0.011,0.011,0.011,0,0.011,0,0,0,0,0,0,0,0,0,0,0,0,0,0,0,0
2026-09-19T14:00:00Z,0,0,0,0.027,0.095,1.053,1.35,0.121,0.189,0.392,0.918,0.176,0.257,0.203,0.054,0.121,0.149,0.257,0.324,0.446,0.486,0.553,0.446,0.594,0.351,0.23,0.203,0.257,0.189,0.162,0.081,0.041,0.054,0.054,0.041,0.041,0.014,0.014,0.027,0.027,0.014,0.014,0.014,0.014,0,0,0.014,0,0,0,0,0,0,0,0,0,0,0,0,0,0,0,0,0
2026-09-19T15:00:00Z,0,0,0,0.013,0.051,0.47,1.27,0.178,0.102,0.292,0.406,0.368,0.254,0.165,0.152,0.14,0.14,0.165,0.343,0.724,0.914,0.94,0.559,0.318,0.343,0.381,0.216,0.152,0.165,0.102,0.102,0.076,0.064,0.051,0.038,0.025,0.051,0.038,0.025,0.025,0.013,0.013,0.013,0,0,0.013,0.013,0,0,0,0,0,0,0,0,0,0,0,0,0,0,0,0,0
2026-09-19T16:00:00Z,0,0,0,0.016,0.064,0.656,1.6,0.144,0.064,0.56,0.4,0.128,0.16,0.272,0.192,0.112,0.096,0.272,0.448,0.768,0.864,0.816,0.688,0.624,0.464,0.352,0.256,0.144,0.144,0.08,0.08,0.08,0.064,0.048,0.048,0.032,0.016,0.016,0.032,0.032,0.016,0.016,0.016,0,0,0.016,0,0,0,0,0,0,0,0,0,0,0,0,0,0,0,0,0,0
2026-09-19T17:00:00Z,0,0,0,0.013,0.09,0.422,1.011,0.128,0.077,0.397,0.448,0.397,0.397,0.333,0.077,0.192,0.243,0.602,0.896,0.96,1.28,0.883,0.678,0.384,0.512,0.256,0.23,0.141,0.128,0.218,0.141,0.09,0.077,0.064,0.051,0.038,0.026,0.026,0.038,0.026,0.026,0.013,0.013,0.013,0.013,0,0,0.013,0,0,0,0,0.013,0,0,0,0,0,0,0,0,0,0,0
2026-09-19T18:00:00Z,0,0,0,0.015,0.092,0.673,1.53,0.138,0.168,0.52,0.704,0.352,0.306,0.275,0.184,0.168,0.291,0.52,0.719,1.362,1.423,1.071,0.597,0.49,0.413,0.428,0.321,0.26,0.184,0.153,0.153,0.138,0.061,0.092,0.061,0.046,0.031,0.015,0.015,0.015,0.015,0.031,0.031,0.015,0.015,0.015,0.015,0.015,0,0,0,0,0,0,0,0,0,0,0,0,0,0,0,0
2026-09-19T19:00:00Z,0,0,0,0,0.031,0.515,0.764,0.172,0.094,0.312,0.203,0.421,0.39,0.125,0.281,0.078,0.234,0.546,0.608,1.201,1.56,0.796,0.562,0.499,0.374,0.359,0.281,0.156,0.234,0.172,0.062,0.062,0.078,0.047,0.062,0.062,0.031,0.031,0.016,0.031,0.016,0.016,0.016,0.016,0.016,0.016,0.016,0.016,0,0,0,0.016,0,0.016,0,0,0,0,0,0,0,0,0,0
2026-09-19T20:00:00Z,0,0,0,0.017,0.101,0.355,1.69,0.152,0.085,0.49,0.456,0.321,0.22,0.101,0.152,0.135,0.22,0.439,0.659,0.608,0.879,0.744,0.71,0.575,0.406,0.321,0.186,0.169,0.152,0.118,0.135,0.118,0.085,0.051,0.068,0.051,0.051,0.034,0.034,0.034,0.017,0.017,0.017,0.017,0.017,0,0,0,0,0,0.017,0.017,0,0,0,0,0,0,0,0,0,0,0,0
2026-09-19T21:00:00Z,0,0,0,0.009,0.019,0.198,0.887,0.255,0.17,0.274,0.831,0.481,0.217,0.123,0.189,0.151,0.33,0.557,0.859,0.944,0.642,0.784,0.519,0.434,0.425,0.274,0.17,0.16,0.151,0.113,0.16,0.16,0.085,0.066,0.047,0.038,0.019,0.028,0.019,0.028,0.028,0.019,0.019,0.019,0.009,0.009,0.009,0.019,0.019,0.019,0.009,0.019,0.009,0.009,0.009,0.009,0.009,0.009,0,0.009,0,0.009,0,0.009
2026-09-19T22:00:00Z,0,0,0,0.019,0.019,0.194,1.94,0.31,0.136,0.621,0.582,0.349,0.078,0.194,0.136,0.136,0.252,0.504,0.718,0.698,0.97,0.64,0.504,0.504,0.407,0.291,0.175,0.155,0.194,0.136,0.116,0.175,0.078,0.078,0.058,0.078,0.058,0.039,0.019,0.019,0.039,0.019,0.019,0.019,0.019,0.019,0.019,0.019,0.019,0.019,0.019,0,0,0.019,0,0.019,0,0,0,0,0,0,0,0
2026-09-19T23:00:00Z,0,0,0,0,0.059,0.177,1.038,0.153,0.083,0.566,0.319,0.389,0.236,0.142,0.094,0.142,0.248,0.602,0.767,1.18,1.062,0.696,0.637,0.342,0.271,0.295,0.212,0.224,0.118,0.071,0.071,0.13,0.071,0.071,0.047,0.059,0.059,0.047,0.047,0.024,0.035,0.024,0.035,0.035,0.012,0.024,0.024,0.035,0.024,0.024,0.024,0.024,0.012,0.012,0.012,0.012,0.012,0.012,0.012,0.012,0.012,0.012,0,0
2026-09-20T00:00:00Z,0,0,0,0.011,0.042,0.159,0.922,0.159,0.053,0.594,0.721,0.445,0.17,0.074,0.159,0.17,0.276,0.689,1.06,0.795,1.028,0.519,0.424,0.307,0.297,0.233,0.148,0.17,0.17,0.127,0.095,0.053,0.074,0.085,0.053,0.042,0.085,0.074,0.042,0.064,0.042,0.053,0.042,0.032,0.032,0.021,0.021,0.011,0.021,0.021,0.032,0.021,0.032,0.021,0.021,0.011,0.011,0.011,0.011,0.011,0.011,0.011,0.011,0
2026-09-20T01:00:00Z,0,0,0,0.012,0.05,0.124,1.24,0.521,0.149,0.446,0.632,0.36,0.074,0.161,0.136,0.174,0.285,0.434,0.645,0.707,0.707,0.769,0.422,0.347,0.335,0.149,0.161,0.112,0.136,0.099,0.124,0.136,0.099,0.087,0.074,0.074,0.087,0.062,0.037,0.062,0.05,0.05,0.025,0.05,0.037,0.037,0.012,0.025,0.025,0.012,0.012,0.012,0.012,0.012,0.012,0.012,0.012,0.012,0,0,0,0.012,0,0
2026-09-20T02:00:00Z,0,0,0,0.021,0.042,0.232,2.11,0.38,0.084,0.316,0.443,0.253,0.105,0.084,0.148,0.127,0.232,0.443,0.549,0.57,0.316,0.422,0.338,0.359,0.38,0.232,0.169,0.19,0.19,0.127,0.084,0.063,0.084,0.042,0.063,0.063,0.042,0.042,0.021,0.042,0,0.021,0.021,0,0.021,0.021,0.021,0,0,0,0,0,0,0,0,0,0,0,0,0,0,0,0,0
2026-09-20T03:00:00Z,0,0,0,0,0.029,0.309,1.47,0.5,0.088,0.353,0.514,0.309,0.176,0.118,0.073,0.073,0.191,0.794,1.235,0.691,0.764,0.529,0.426,0.294,0.265,0.221,0.191,0.118,0.162,0.162,0.147,0.132,0.147,0.073,0.059,0.044,0.044,0.044,0.029,0.029,0.029,0.029,0.015,0.015,0.029,0.015,0.015,0,0.015,0.015,0,0,0,0,0,0,0,0,0,0,0,0,0,0
2026-09-20T04:00:00Z,0,0,0,0.01,0.071,0.131,1.01,0.323,0.051,0.151,0.374,0.283,0.141,0.071,0.192,0.101,0.232,0.838,0.697,0.727,0.687,0.657,0.364,0.303,0.263,0.232,0.232,0.192,0.121,0.101,0.081,0.081,0.071,0.061,0.04,0.051,0.03,0.04,0.04,0.03,0.03,0.02,0.02,0.02,0.01,0.01,0.01,0.01,0.01,0.01,0.01,0.01,0,0,0,0,0,0,0,0,0,0,0,0
2026-09-20T05:00:00Z,0,0,0,0.014,0.029,0.131,1.45,0.45,0.058,0.145,0.478,0.261,0.116,0.116,0.246,0.058,0.493,0.855,0.768,0.667,0.681,0.478,0.304,0.464,0.217,0.16,0.102,0.16,0.145,0.116,0.102,0.116,0.087,0.058,0.058,0.058,0.029,0.014,0.043,0.043,0.014,0.014,0.014,0.014,0.014,0.014,0.014,0.014,0,0,0,0,0,0,0,0,0,0,0,0,0,0,0,0
2026-09-20T06:00:00Z,0,0,0,0.02,0.078,0.216,1.96,0.451,0.098,0.294,0.255,0.216,0.176,0.039,0.078,0.118,0.353,0.627,1.117,0.862,0.706,0.627,0.666,0.412,0.392,0.176,0.216,0.196,0.176,0.098,0.098,0.078,0.078,0.059,0.059,0.078,0.039,0.039,0.02,0.02,0.02,0.02,0.02,0,0,0,0,0,0,0,0,0,0,0,0,0,0,0,0,0,0,0,0,0
2026-09-20T07:00:00Z,0,0,0,0,0.04,0.232,0.959,0.758,0.071,0.182,0.616,0.303,0.182,0.172,0.141,0.101,0.444,0.959,0.97,1.01,0.687,0.636,0.333,0.263,0.353,0.353,0.333,0.202,0.172,0.121,0.071,0.091,0.091,0.051,0.051,0.061,0.03,0.03,0.04,0.03,0.02,0.02,0.02,0.01,0.01,0.01,0.01,0.01,0.01,0,0,0,0,0,0,0,0,0,0,0,0,0,0,0
2026-09-20T08:00:00Z,0,0,0,0,0.041,0.152,0.856,0.414,0.041,0.179,0.483,0.207,0.055,0.11,0.055,0.069,0.193,0.373,1.38,0.952,0.621,0.497,0.483,0.29,0.414,0.221,0.207,0.138,0.083,0.097,0.124,0.138,0.069,0.055,0.041,0.055,0.041,0.028,0.055,0.028,0.014,0.014,0.014,0.014,0.014,0,0.014,0,0.014,0,0,0,0,0,0,0,0,0,0,0,0,0,0,0
2026-09-20T09:00:00Z,0,0,0,0,0.052,0.116,1.148,0.632,0.065,0.284,0.542,0.232,0.374,0.206,0.09,0.09,0.323,0.374,1.071,1.29,0.606,0.542,0.516,0.194,0.284,0.194,0.232,0.245,0.142,0.194,0.103,0.077,0.077,0.103,0.039,0.039,0.026,0.026,0.026,0.026,0.013,0.026,0.013,0.013,0.013,0.013,0.013,0.013,0,0,0,0,0,0,0,0,0,0,0,0,0,0,0,0
2026-09-20T10:00:00Z,0,0,0,0,0.032,0.143,1.59,0.7,0.08,0.191,0.429,0.286,0.095,0.111,0.08,0.08,0.286,0.477,0.779,0.7,0.62,0.779,0.445,0.461,0.413,0.334,0.286,0.223,0.127,0.095,0.111,0.08,0.08,0.032,0.048,0.032,0.032,0.032,0.016,0.032,0.016,0.016,0.016,0.032,0.016,0.016,0,0,0,0,0,0,0,0,0,0,0,0,0,0,0,0,0,0
2026-09-20T11:00:00Z,0,0,0,0.015,0.044,0.207,1.48,0.533,0.074,0.326,0.4,0.651,0.163,0.118,0.104,0.059,0.148,0.474,0.592,0.636,0.518,0.607,0.636,0.592,0.474,0.281,0.252,0.222,0.148,0.163,0.118,0.074,0.074,0.074,0.059,0.03,0.044,0.044,0.03,0.03,0.03,0.015,0.015,0.015,0.015,0.015,0,0,0,0,0,0,0,0,0,0,0,0,0,0,0,0,0,0
2026-09-20T12:00:00Z,0,0,0,0,0.021,0.15,2.15,1.075,0.172,0.15,0.408,0.344,0.15,0.107,0.086,0.043,0.172,0.365,0.645,0.623,0.559,0.581,0.451,0.473,0.301,0.236,0.322,0.193,0.15,0.107,0.065,0.086,0.065,0.086,0.043,0.043,0.021,0.021,0.021,0.021,0.021,0.021,0,0,0,0,0,0,0,0,0,0,0,0,0,0,0,0,0,0,0,0,0,0
2026-09-20T13:00:00Z,0,0,0,0.011,0.034,0.342,1.14,0.593,0.103,0.148,0.433,0.376,0.08,0.148,0.137,0.068,0.103,0.319,0.49,0.456,0.57,0.456,0.41,0.388,0.296,0.353,0.296,0.228,0.182,0.137,0.091,0.068,0.08,0.057,0.046,0.034,0.023,0.023,0.034,0.023,0.011,0.011,0.011,0.011,0.011,0,0,0.011,0,0.011,0.011,0,0,0,0,0,0,0,0,0,0,0,0,0
2026-09-20T14:00:00Z,0,0,0,0.008,0.056,0.167,0.557,0.43,0.103,0.103,0.43,0.796,0.295,0.096,0.151,0.103,0.143,0.247,0.501,0.629,0.486,0.589,0.43,0.406,0.366,0.271,0.295,0.151,0.175,0.096,0.111,0.064,0.056,0.04,0.056,0.032,0.04,0.032,0.016,0.024,0.008,0.008,0.008,0.008,0.008,0.008,0.008,0.008,0,0,0,0.008,0,0,0,0,0,0,0,0,0,0,0,0
2026-09-20T15:00:00Z,0,0,0,0.01,0.04,0.15,1,0.82,0.14,0.12,0.41,0.29,0.23,0.22,0.06,0.12,0.14,0.42,0.54,0.78,0.55,0.65,0.49,0.37,0.3,0.35,0.2,0.15,0.14,0.1,0.11,0.08,0.13,0.07,0.04,0.05,0.05,0.02,0.03,0.02,0.01,0.01,0.01,0.02,0.01,0.01,0.01,0.01,0.01,0,0,0,0,0,0.01,0,0,0,0,0,0,0,0,0
2026-09-20T16:00:00Z,0,0,0,0.009,0.018,0.145,0.426,0.907,0.181,0.154,0.299,0.399,0.181,0.127,0.118,0.145,0.236,0.517,0.463,0.544,0.599,0.508,0.626,0.39,0.363,0.272,0.209,0.136,0.109,0.082,0.118,0.091,0.054,0.063,0.082,0.054,0.027,0.027,0.036,0.027,0.027,0.027,0.018,0.009,0.009,0.018,0.009,0,0,0.009,0,0,0,0,0,0,0,0,0,0,0,0,0,0
2026-09-20T17:00:00Z,0,0,0,0,0.029,0.132,1.47,0.573,0.147,0.132,0.279,0.294,0.323,0.191,0.088,0.191,0.191,0.353,0.632,0.588,0.514,0.603,0.485,0.353,0.353,0.265,0.191,0.206,0.147,0.103,0.132,0.088,0.073,0.029,0.059,0.044,0.044,0.029,0.015,0.029,0.029,0,0.015,0.015,0.015,0,0,0,0,0,0,0,0,0,0,0,0,0,0,0,0,0,0,0
2026-09-20T18:00:00Z,0,0,0,0.006,0.012,0.331,0.261,0.395,0.052,0.18,0.349,0.505,0.168,0.18,0.11,0.122,0.18,0.25,0.343,0.43,0.517,0.581,0.5,0.395,0.308,0.285,0.192,0.203,0.151,0.081,0.07,0.099,0.052,0.087,0.058,0.046,0.035,0.029,0.023,0.023,0.035,0.012,0.012,0.006,0.006,0.012,0.012,0.006,0.006,0.006,0.006,0.006,0.006,0,0,0,0,0,0,0,0,0,0,0
2026-09-20T19:00:00Z,0,0,0,0,0.008,0.284,0.646,0.788,0.26,0.158,0.229,0.244,0.165,0.087,0.118,0.118,0.197,0.559,0.544,0.623,0.512,0.615,0.678,0.292,0.268,0.299,0.268,0.142,0.189,0.15,0.102,0.079,0.079,0.047,0.063,0.047,0.039,0.032,0.032,0.024,0.024,0.024,0.016,0.016,0.008,0.008,0.008,0.008,0.008,0.008,0,0,0,0,0,0,0,0,0,0,0,0,0,0
2026-09-20T20:00:00Z,0,0,0,0.007,0.014,0.075,0.488,0.502,0.197,0.21,0.197,0.325,0.197,0.224,0.142,0.122,0.447,0.414,0.678,0.522,0.59,0.502,0.515,0.312,0.203,0.163,0.122,0.136,0.19,0.156,0.102,0.068,0.061,0.054,0.061,0.054,0.047,0.027,0.027,0.027,0.027,0.027,0.014,0.014,0.02,0.007,0.007,0.007,0.007,0.007,0.014,0.007,0.007,0.007,0.007,0,0.007,0,0,0,0,0,0,0
2026-09-20T21:00:00Z,0,0,0,0.011,0.032,0.27,0.356,1.08,0.486,0.194,0.464,0.205,0.14,0.173,0.108,0.119,0.324,0.551,0.551,0.583,0.421,0.389,0.389,0.27,0.205,0.173,0.184,0.097,0.14,0.14,0.065,0.054,0.065,0.054,0.065,0.054,0.054,0.032,0.032,0.043,0.022,0.022,0.022,0.022,0.011,0.011,0.011,0.011,0.011,0.011,0,0,0,0,0,0,0,0,0,0,0,0,0,0
2026-09-20T22:00:00Z,0,0,0,0.011,0.033,0.12,0.283,1.014,0.262,0.251,0.12,0.436,0.382,0.229,0.055,0.076,0.36,0.545,1.09,0.534,0.436,0.458,0.36,0.436,0.316,0.283,0.196,0.153,0.109,0.087,0.055,0.076,0.065,0.065,0.076,0.033,0.033,0.044,0.033,0.033,0.033,0.022,0,0.011,0.011,0.011,0.011,0,0.011,0.011,0.011,0.011,0.011,0.011,0.011,0.011,0.011,0,0,0.011,0,0,0,0
2026-09-20T23:00:00Z,0,0,0,0.012,0.025,0.298,0.831,1.24,0.186,0.198,0.285,0.223,0.36,0.074,0.136,0.124,0.285,0.533,0.967,0.67,0.434,0.496,0.26,0.273,0.26,0.149,0.211,0.124,0.112,0.087,0.099,0.074,0.074,0.037,0.05,0.025,0.037,0.037,0.037,0.025,0.025,0.025,0.025,0.025,0.012,0.012,0.012,0.012,0.012,0.012,0.012,0.012,0.012,0.012,0.012,0.012,0,0,0,0,0.012,0,0,0
2026-09-21T00:00:00Z,0,0,0,0.011,0.022,0.344,0.544,1.11,0.278,0.189,0.466,0.455,0.155,0.089,0.056,0.266,0.244,0.422,0.577,0.666,0.511,0.233,0.289,0.278,0.278,0.2,0.111,0.089,0.078,0.111,0.1,0.044,0.056,0.044,0.056,0.067,0.056,0.033,0.033,0.022,0.022,0.044,0.022,0.022,0.022,0.022,0.022,0.033,0.033,0.033,0.033,0.022,0.022,0.022,0.022,0.011,0.022,0.011,0.011,0.011,0,0,0,0
2026-09-21T01:00:00Z,0,0,0,0.007,0.02,0.147,0.661,0.668,0.307,0.114,0.154,0.307,0.314,0.287,0.22,0.16,0.1,0.554,0.661,0.554,0.394,0.381,0.347,0.441,0.227,0.174,0.12,0.127,0.114,0.1,0.107,0.18,0.16,0.107,0.094,0.107,0.073,0.067,0.087,0.053,0.053,0.04,0.027,0.033,0.027,0.04,0.04,0.027,0.027,0.027,0.013,0.027,0.02,0.02,0.013,0.013,0.013,0.013,0.007,0.013,0.013,0.013,0.013,0.007
2026-09-21T02:00:00Z,0,0,0,0.009,0.018,0.129,0.662,0.92,0.221,0.092,0.561,0.23,0.377,0.11,0.175,0.166,0.239,0.304,0.846,0.791,0.423,0.34,0.267,0.212,0.166,0.147,0.156,0.11,0.101,0.11,0.12,0.147,0.129,0.101,0.129,0.083,0.074,0.046,0.064,0.037,0.055,0.046,0.046,0.018,0.018,0.028,0.009,0.018,0.009,0.028,0.028,0.009,0.009,0.009,0.009,0.009,0.009,0.009,0.009,0.009,0.009,0.009,0.009,0
2026-09-21T03:00:00Z,0,0,0,0,0.011,0.091,1.14,0.832,0.308,0.296,0.308,0.604,0.239,0.034,0.103,0.125,0.285,0.353,0.593,0.627,0.559,0.399,0.365,0.274,0.251,0.148,0.217,0.16,0.148,0.137,0.091,0.125,0.103,0.114,0.068,0.08,0.08,0.057,0.034,0.034,0.046,0.023,0.034,0.034,0.023,0.023,0.011,0.011,0.011,0.011,0.011,0,0,0.011,0,0,0,0.011,0,0,0,0,0,0
2026-09-21T04:00:00Z,0,0,0,0.011,0.033,0.078,0.688,1.11,0.4,0.167,0.344,0.488,0.366,0.178,0.133,0.155,0.133,0.222,0.366,0.699,0.411,0.322,0.477,0.244,0.2,0.178,0.266,0.266,0.122,0.167,0.1,0.111,0.111,0.1,0.1,0.067,0.056,0.044,0.056,0.033,0.033,0.033,0.022,0.022,0.011,0.011,0.011,0.011,0.011,0.011,0.011,0.011,0.011,0.011,0.011,0,0,0,0,0,0,0,0,0
2026-09-21T05:00:00Z,0,0,0,0.009,0.019,0.243,0.859,0.934,0.168,0.103,0.112,0.383,0.131,0.159,0.149,0.131,0.187,0.383,0.56,0.392,0.719,0.42,0.243,0.29,0.308,0.234,0.205,0.187,0.177,0.14,0.112,0.103,0.112,0.093,0.065,0.056,0.037,0.037,0.037,0.028,0.019,0.019,0.019,0.019,0.009,0.019,0.009,0.009,0.009,0.009,0.009,0.009,0,0,0,0,0.009,0,0,0,0,0,0,0
2026-09-21T06:00:00Z,0,0,0,0,0.009,0.036,0.902,0.686,0.235,0.09,0.235,0.37,0.207,0.108,0.135,0.189,0.28,0.451,0.442,0.55,0.559,0.424,0.307,0.37,0.334,0.298,0.289,0.153,0.207,0.126,0.18,0.09,0.09,0.099,0.09,0.09,0.045,0.036,0.027,0.027,0.027,0.027,0.018,0.018,0.009,0.009,0.009,0.009,0.009,0.009,0.009,0.009,0.009,0.009,0,0,0.009,0,0,0,0,0,0,0
2026-09-21T07:00:00Z,0,0,0,0.011,0.022,0.223,0.552,0.558,0.396,0.162,0.48,0.184,0.273,0.14,0.05,0.201,0.229,0.435,0.513,0.48,0.424,0.346,0.452,0.324,0.246,0.246,0.273,0.156,0.162,0.151,0.151,0.112,0.089,0.084,0.089,0.061,0.039,0.039,0.039,0.022,0.022,0.022,0.022,0.017,0.011,0.011,0.011,0.011,0.011,0.011,0.006,0.006,0.011,0.006,0.006,0,0.006,0,0,0,0,0.006,0.006,0
2026-09-21T08:00:00Z,0,0,0,0,0.025,0.126,0.617,1.26,0.403,0.101,0.227,0.252,0.239,0.063,0.076,0.113,0.265,0.34,0.328,0.542,0.378,0.265,0.365,0.302,0.214,0.239,0.227,0.252,0.126,0.139,0.088,0.076,0.088,0.076,0.076,0.025,0.038,0.013,0.025,0.013,0.025,0.025,0.013,0.013,0.013,0.013,0,0,0,0,0,0,0,0,0,0,0,0,0,0,0,0,0,0
2026-09-21T09:00:00Z,0,0,0,0.012,0.035,0.281,1.17,1.03,0.363,0.234,0.398,0.211,0.293,0.117,0.07,0.152,0.129,0.304,0.339,0.257,0.281,0.257,0.374,0.246,0.211,0.164,0.129,0.14,0.14,0.105,0.199,0.129,0.059,0.059,0.082,0.035,0.023,0.035,0.035,0.023,0.023,0.023,0.012,0.012,0.012,0.012,0,0,0,0,0,0,0,0,0,0,0,0,0,0,0,0,0,0
2026-09-21T10:00:00Z,0,0,0,0,0.016,0.211,0.812,0.739,0.252,0.138,0.333,0.171,0.26,0.106,0.146,0.138,0.195,0.357,0.43,0.455,0.585,0.479,0.455,0.341,0.284,0.235,0.26,0.154,0.171,0.227,0.146,0.097,0.065,0.097,0.041,0.057,0.049,0.032,0.024,0.016,0.016,0.016,0.008,0.024,0.024,0.008,0.008,0.016,0.016,0,0.008,0.008,0.008,0,0.008,0,0,0.008,0.008,0.008,0.008,0,0,0
2026-09-21T11:00:00Z,0,0,0,0,0.012,0.165,0.437,1.18,0.531,0.142,0.472,0.401,0.177,0.165,0.083,0.106,0.236,0.33,0.413,0.307,0.33,0.401,0.319,0.212,0.153,0.201,0.212,0.165,0.118,0.142,0.106,0.094,0.094,0.071,0.047,0.047,0.024,0.035,0.024,0.024,0.024,0.012,0.024,0.012,0.012,0.012,0.024,0.024,0.024,0.012,0.012,0.012,0.012,0.012,0.012,0.012,0,0,0,0,0,0,0,0
2026-09-21T12:00:00Z,0,0,0,0,0.015,0.092,1.54,1.032,0.139,0.108,0.462,0.323,0.139,0.2,0.062,0.062,0.216,0.323,0.385,0.277,0.246,0.262,0.246,0.185,0.169,0.154,0.154,0.154,0.154,0.123,0.108,0.092,0.062,0.092,0.062,0.062,0.046,0.031,0.031,0.031,0.031,0.015,0.015,0.031,0.015,0.015,0,0.015,0.015,0.015,0.015,0,0,0.015,0.015,0,0.015,0,0,0,0,0,0,0
2026-09-21T13:00:00Z,0,0,0,0,0.031,0.173,0.428,1.02,0.245,0.214,0.286,0.49,0.337,0.071,0.102,0.112,0.082,0.245,0.265,0.163,0.102,0.214,0.194,0.143,0.143,0.133,0.122,0.102,0.102,0.092,0.061,0.071,0.051,0.061,0.061,0.041,0.051,0.031,0.041,0.051,0.041,0.031,0.02,0.02,0.031,0.01,0.01,0.01,0.02,0.02,0.01,0.01,0.01,0,0.01,0.01,0,0,0,0.01,0,0,0,0
2026-09-21T14:00:00Z,0,0,0,0,0.013,0.221,0.767,1.3,0.637,0.143,0.169,0.442,0.507,0.104,0.195,0.091,0.208,0.247,0.182,0.169,0.13,0.221,0.195,0.143,0.104,0.091,0.091,0.143,0.13,0.078,0.078,0.091,0.065,0.052,0.039,0.065,0.039,0.026,0.039,0.039,0.026,0.026,0.026,0.013,0.013,0.013,0.013,0.013,0,0,0.013,0.013,0,0,0,0,0.013,0,0,0,0,0,0,0
2026-09-21T15:00:00Z,0,0,0,0.007,0.036,0.193,0.649,0.613,0.399,0.228,0.513,0.713,0.207,0.114,0.128,0.107,0.15,0.193,0.235,0.307,0.228,0.157,0.228,0.157,0.178,0.157,0.093,0.107,0.071,0.107,0.086,0.071,0.057,0.036,0.043,0.043,0.05,0.05,0.036,0.014,0.021,0.036,0.029,0.021,0.021,0.021,0.014,0.014,0.014,0.014,0.007,0.007,0.007,0.007,0.007,0.007,0.007,0,0,0,0.007,0.007,0,0.007
2026-09-21T16:00:00Z,0,0,0,0,0.025,0.221,0.689,1.07,0.517,0.172,0.504,1.23,0.16,0.258,0.061,0.184,0.123,0.148,0.16,0.197,0.123,0.123,0.148,0.135,0.098,0.111,0.111,0.123,0.098,0.086,0.061,0.037,0.049,0.025,0.025,0.037,0.025,0.025,0.025,0.037,0.025,0.025,0.025,0.012,0.012,0,0.012,0,0.012,0.012,0,0.012,0,0,0,0,0,0,0,0,0,0,0,0
2026-09-21T17:00:00Z,0,0,0,0,0.012,0.181,0.52,1.21,0.169,0.085,0.484,0.315,0.496,0.169,0.097,0.109,0.133,0.157,0.194,0.266,0.181,0.181,0.097,0.097,0.109,0.085,0.157,0.109,0.073,0.06,0.097,0.097,0.036,0.036,0.036,0.012,0.024,0.024,0.024,0.012,0.024,0.012,0.012,0,0.012,0.012,0.012,0.012,0.012,0,0,0,0,0,0,0,0,0,0,0,0,0,0,0
2026-09-21T18:00:00Z,0,0,0,0,0.011,0.119,0.842,1.08,0.518,0.108,0.508,0.691,0.421,0.184,0.162,0.097,0.194,0.292,0.227,0.227,0.205,0.13,0.14,0.119,0.14,0.086,0.13,0.086,0.086,0.076,0.065,0.032,0.054,0.032,0.065,0.043,0.032,0.011,0.011,0.022,0.022,0.011,0.011,0.011,0.011,0.011,0.011,0.011,0.011,0,0,0.011,0,0,0,0,0,0,0,0,0,0,0,0
2026-09-21T19:00:00Z,0,0,0,0,0.028,0.142,1.168,2.85,0.541,0.199,0.228,0.456,0.655,0.228,0.057,0.085,0.142,0.171,0.199,0.228,0.114,0.142,0.142,0.142,0.085,0.085,0.142,0.142,0.114,0.057,0.057,0.057,0.057,0.028,0.028,0.028,0.028,0.028,0,0,0,0,0,0,0,0,0,0,0,0,0,0,0,0,0,0,0,0,0,0,0,0,0,0
2026-09-21T20:00:00Z,0,0,0,0,0.021,0.148,0.53,2.12,0.657,0.127,0.318,0.636,0.17,0.233,0.127,0.148,0.17,0.233,0.276,0.297,0.254,0.233,0.106,0.127,0.127,0.085,0.064,0.127,0.064,0.064,0.042,0.064,0.042,0.064,0.042,0.021,0.021,0.021,0.021,0,0.021,0,0,0,0,0,0,0,0,0,0,0,0,0,0,0,0,0,0,0,0,0,0,0
2026-09-21T21:00:00Z,0,0,0,0,0.018,0.182,0.71,1.82,0.619,0.2,0.182,0.291,0.164,0.182,0.109,0.164,0.164,0.182,0.2,0.237,0.182,0.273,0.146,0.146,0.164,0.146,0.109,0.109,0.073,0.055,0.055,0.018,0.036,0.055,0.055,0.036,0.036,0.018,0.018,0.018,0.018,0.018,0,0.018,0.018,0.018,0.018,0,0,0,0,0.018,0,0,0,0,0,0,0,0,0,0,0,0
2026-09-21T22:00:00Z,0,0,0,0,0.027,0.162,0.918,1.35,0.405,0.432,0.351,0.446,0.149,0.189,0.162,0.068,0.149,0.351,0.27,0.23,0.189,0.162,0.162,0.135,0.135,0.121,0.121,0.108,0.095,0.054,0.041,0.041,0.041,0.027,0.041,0.014,0.027,0.027,0.027,0.014,0.027,0.014,0.014,0.014,0.014,0.014,0.014,0.014,0.014,0.014,0.014,0.014,0.014,0.014,0.014,0,0,0,0,0,0,0,0,0
2026-09-22T00:00:00Z,0,0,0,0.017,0.033,0.182,1.221,1.65,0.495,0.148,0.198,0.247,0.413,0.231,0.116,0.116,0.247,0.413,0.347,0.148,0.247,0.215,0.231,0.165,0.165,0.148,0.165,0.116,0.116,0.099,0.099,0.116,0.116,0.083,0.083,0.083,0.099,0.066,0.083,0.066,0.083,0.033,0.05,0.05,0.05,0.033,0.017,0.033,0.033,0,0.017,0.017,0.017,0.017,0.017,0.017,0.017,0,0.017,0.017,0,0,0,0
2026-09-22T01:00:00Z,0,0,0,0,0.019,0.097,0.931,1.94,0.815,0.272,0.272,0.369,0.213,0.097,0.078,0.097,0.175,0.349,0.388,0.369,0.485,0.427,0.543,0.349,0.233,0.272,0.155,0.116,0.213,0.213,0.213,0.136,0.097,0.078,0.116,0.097,0.058,0.116,0.058,0.078,0.039,0.039,0.058,0.039,0.039,0.039,0.039,0.039,0.058,0.019,0,0,0.019,0.019,0,0,0,0,0,0,0,0,0,0
2026-09-22T02:00:00Z,0,0,0,0,0.028,0.227,0.88,2.84,0.625,0.312,0.199,0.312,0.256,0.199,0.114,0.114,0.17,0.227,0.256,0.312,0.398,0.341,0.426,0.625,0.483,0.312,0.256,0.341,0.227,0.114,0.114,0.085,0.085,0.142,0.114,0.057,0.057,0.057,0.028,0.028,0.028,0.028,0.028,0.028,0.028,0.028,0,0.028,0,0,0,0,0,0,0,0,0,0,0,0,0,0,0,0
2026-09-22T03:00:00Z,0,0,0,0,0,0.097,0.911,1.38,0.662,0.207,0.152,0.386,0.58,0.166,0.138,0.069,0.11,0.193,0.276,0.276,0.317,0.428,0.759,0.745,0.373,0.386,0.345,0.331,0.373,0.207,0.193,0.069,0.097,0.097,0.083,0.055,0.055,0.069,0.041,0.028,0.028,0.028,0.014,0.028,0.014,0.014,0.014,0.014,0.014,0.014,0.014,0,0.014,0,0,0,0,0,0,0,0,0,0,0
2026-09-22T04:00:00Z,0,0,0,0.009,0.028,0.16,0.779,0.789,0.939,0.207,0.188,0.535,0.235,0.075,0.131,0.113,0.197,0.235,0.319,0.423,0.573,0.423,0.423,0.329,0.329,0.338,0.357,0.385,0.272,0.225,0.103,0.113,0.066,0.075,0.075,0.066,0.047,0.047,0.047,0.028,0.028,0.028,0.019,0.019,0.019,0.019,0.009,0.019,0.019,0.009,0.009,0.019,0.009,0.009,0,0,0.009,0.009,0,0.009,0.009,0.009,0.009,0
2026-09-22T05:00:00Z,0,0,0,0,0.011,0.067,0.599,1.11,0.433,0.377,0.2,0.833,0.178,0.155,0.1,0.155,0.155,0.244,0.3,0.4,0.266,0.422,0.522,0.688,0.466,0.311,0.344,0.333,0.266,0.222,0.133,0.122,0.089,0.033,0.056,0.056,0.022,0.022,0.022,0.033,0.033,0.022,0.022,0.022,0.022,0.011,0.011,0.011,0.011,0.011,0.011,0.011,0.011,0.011,0.011,0.011,0,0.011,0,0,0,0,0,0
2026-09-22T06:00:00Z,0,0,0,0,0,0.077,0.877,1.29,1.2,0.258,0.129,0.645,0.245,0.103,0.155,0.103,0.181,0.335,0.49,0.593,0.426,0.361,0.258,0.335,0.426,0.413,0.335,0.258,0.155,0.168,0.129,0.142,0.09,0.065,0.052,0.065,0.052,0.039,0.039,0.039,0.039,0.026,0.013,0.026,0.013,0.026,0.013,0.013,0.013,0.013,0.013,0,0.013,0.013,0.013,0.013,0.013,0.013,0,0.013,0.013,0,0.013,0.013
2026-09-22T07:00:00Z,0,0,0,0,0.01,0.071,0.551,1.02,0.857,0.194,0.194,0.316,0.214,0.224,0.143,0.122,0.133,0.235,0.286,0.337,0.469,0.469,0.459,0.561,0.479,0.418,0.306,0.296,0.194,0.184,0.102,0.122,0.071,0.082,0.061,0.051,0.051,0.041,0.031,0.031,0.031,0.031,0.02,0.01,0.02,0.02,0.01,0.02,0.01,0.02,0.01,0.01,0.01,0.01,0.01,0,0,0.01,0.01,0,0,0,0,0
2026-09-22T08:00:00Z,0,0,0,0.014,0.014,0.07,0.765,1.251,1.39,0.153,0.153,0.111,0.361,0.125,0.083,0.097,0.222,0.403,0.403,0.403,0.459,0.389,0.486,0.57,0.598,0.431,0.292,0.236,0.167,0.153,0.167,0.153,0.07,0.097,0.056,0.042,0.028,0.042,0.042,0.028,0.028,0.028,0.014,0.014,0.014,0.014,0.014,0.014,0.028,0.014,0.014,0,0.014,0.014,0.014,0.014,0.014,0,0,0,0,0,0,0
2026-09-22T09:00:00Z,0,0,0,0,0.022,0.044,0.632,2.18,0.545,0.327,0.218,0.174,0.349,0.131,0.131,0.044,0.087,0.218,0.371,0.371,0.392,0.305,0.567,0.567,0.567,0.349,0.24,0.196,0.109,0.131,0.109,0.087,0.087,0.087,0.065,0.065,0.022,0.044,0.022,0.022,0.022,0.044,0.022,0.022,0.022,0.022,0.022,0,0,0,0,0.022,0,0,0,0,0,0,0,0,0,0,0,0
2026-09-22T10:00:00Z,0,0,0,0,0.02,0.059,0.768,1.97,1.399,0.138,0.099,0.512,0.315,0.158,0.079,0.099,0.079,0.099,0.236,0.276,0.374,0.453,0.788,0.571,0.512,0.394,0.296,0.217,0.197,0.118,0.118,0.118,0.079,0.039,0.039,0.059,0.039,0.059,0.039,0.039,0.059,0.039,0.02,0.02,0.02,0.02,0.02,0.02,0.02,0.02,0.02,0,0.02,0,0,0,0,0,0,0,0,0,0,0
2026-09-22T11:00:00Z,0,0,0,0,0.018,0.105,1.085,1.75,0.823,0.193,0.088,0.263,0.473,0.298,0.052,0.07,0.14,0.263,0.228,0.385,0.403,0.56,0.507,0.507,0.473,0.49,0.298,0.245,0.175,0.21,0.158,0.123,0.105,0.052,0.052,0.07,0.052,0.052,0.052,0.052,0.018,0.018,0.018,0.018,0.018,0.018,0.018,0.018,0,0.018,0,0,0,0,0,0,0,0,0,0,0,0,0,0
2026-09-22T12:00:00Z,0,0,0,0,0.017,0.068,1.149,1.69,0.98,0.389,0.152,0.389,0.169,0.152,0.101,0.152,0.101,0.152,0.135,0.27,0.49,0.642,0.49,0.49,0.304,0.287,0.372,0.22,0.101,0.118,0.118,0.085,0.118,0.085,0.068,0.051,0.034,0.034,0.034,0.034,0.017,0.034,0.017,0.017,0,0.017,0.017,0.017,0,0.017,0,0,0,0,0,0,0,0,0,0,0,0,0,0
2026-09-22T13:00:00Z,0,0,0,0,0.03,0.089,0.596,1.49,1.177,0.626,0.074,0.253,0.656,0.283,0.074,0.045,0.089,0.149,0.238,0.343,0.402,0.596,0.492,0.283,0.343,0.238,0.238,0.134,0.134,0.104,0.089,0.089,0.119,0.074,0.045,0.06,0.045,0.045,0.045,0.03,0.03,0.015,0.03,0.03,0.015,0.015,0.015,0.015,0.015,0.015,0,0,0.015,0.015,0.015,0,0,0,0,0,0,0,0,0
2026-09-22T14:00:00Z,0,0,0,0,0,0.042,0.669,2.09,1.296,0.355,0.104,0.313,0.543,0.146,0.125,0.084,0.063,0.125,0.209,0.334,0.731,0.752,0.731,0.418,0.355,0.293,0.23,0.209,0.167,0.167,0.146,0.125,0.084,0.084,0.042,0.042,0.021,0.042,0.021,0.021,0.021,0,0.021,0,0.021,0.021,0.021,0,0,0,0,0,0,0,0,0,0,0,0,0,0,0,0,0
2026-09-22T15:00:00Z,0,0,0,0,0.015,0.076,0.654,1.52,1.277,0.243,0.289,0.167,0.35,0.167,0.106,0.061,0.076,0.122,0.152,0.243,0.471,0.471,0.608,0.517,0.395,0.304,0.304,0.198,0.091,0.106,0.091,0.106,0.03,0.046,0.046,0.061,0.061,0.046,0.03,0.03,0.03,0.015,0.015,0.015,0.015,0.015,0.015,0.015,0.015,0.015,0.015,0.015,0,0,0,0,0,0,0,0,0,0,0,0
2026-09-22T16:00:00Z,0,0,0,0.018,0.018,0.07,0.528,1.76,1.549,0.246,0.211,0.264,0.334,0.264,0.141,0.106,0.106,0.158,0.211,0.246,0.458,0.651,0.88,0.546,0.299,0.264,0.194,0.194,0.141,0.141,0.123,0.106,0.088,0.07,0.07,0.035,0.07,0.035,0.053,0.018,0.035,0.018,0.018,0.018,0.018,0.018,0.018,0.018,0.018,0.018,0.018,0,0.018,0.018,0.018,0,0,0,0,0,0,0,0,0
2026-09-22T17:00:00Z,0,0,0,0,0.026,0.077,0.461,0.845,1.28,0.627,0.115,0.192,0.192,0.218,0.115,0.154,0.115,0.128,0.243,0.461,0.653,0.666,0.768,0.858,0.461,0.346,0.218,0.243,0.179,0.128,0.09,0.102,0.051,0.038,0.051,0.051,0.051,0.064,0.026,0.051,0.026,0.038,0.026,0.026,0.013,0.038,0.013,0.026,0.013,0.026,0.013,0.026,0.013,0.013,0,0,0,0.013,0,0,0,0,0,0
2026-09-22T18:00:00Z,0,0,0,0,0.048,0.072,0.43,2.39,0.813,0.454,0.167,0.191,0.526,0.335,0.096,0.072,0.072,0.143,0.263,0.382,0.43,0.645,0.836,0.454,0.406,0.382,0.167,0.143,0.143,0.143,0.119,0.143,0.072,0.096,0.096,0.096,0.119,0.072,0.048,0.048,0.048,0.024,0.048,0.024,0.048,0.024,0.024,0.024,0.024,0,0,0.024,0,0,0,0,0,0,0,0,0,0,0,0
2026-09-22T19:00:00Z,0,0,0,0,0.017,0.035,0.156,1.73,1.055,0.709,0.138,0.277,0.329,0.156,0.052,0.069,0.052,0.087,0.242,0.381,0.796,0.9,0.623,0.588,0.588,0.311,0.329,0.225,0.26,0.156,0.104,0.138,0.138,0.121,0.087,0.069,0.138,0.052,0.104,0.069,0.087,0.052,0.035,0.035,0.035,0.035,0.017,0.035,0.017,0.017,0.017,0.017,0.017,0.017,0,0,0.017,0,0,0,0,0,0,0
2026-09-22T20:00:00Z,0,0,0,0,0.016,0.048,0.448,1.392,1.6,0.592,0.144,0.112,0.192,0.16,0.192,0.048,0.08,0.112,0.144,0.336,0.576,0.48,0.704,0.736,0.368,0.368,0.336,0.256,0.224,0.24,0.208,0.192,0.112,0.08,0.08,0.112,0.08,0.064,0.08,0.064,0.08,0.048,0.032,0.048,0.048,0.032,0.048,0.016,0.032,0.016,0.016,0.016,0,0,0.016,0.016,0,0,0.016,0,0,0.016,0,0
2026-09-22T21:00:00Z,0,0,0,0,0.029,0.072,0.49,1.109,1.44,0.533,0.216,0.144,0.187,0.173,0.086,0.115,0.144,0.173,0.23,0.432,0.504,0.461,0.533,0.562,0.418,0.317,0.202,0.158,0.216,0.202,0.158,0.13,0.144,0.115,0.13,0.101,0.101,0.086,0.058,0.043,0.058,0.058,0.043,0.043,0.043,0.058,0.029,0.014,0.029,0.029,0.014,0.029,0.014,0.014,0.014,0.014,0.014,0.014,0.014,0.014,0.014,0.014,0,0.014
2026-09-22T22:00:00Z,0,0,0,0,0,0.031,0.4,1.34,1.54,0.508,0.323,0.154,0.216,0.154,0.077,0.077,0.092,0.2,0.293,0.246,0.385,0.524,0.647,0.447,0.447,0.262,0.4,0.231,0.185,0.231,0.246,0.2,0.169,0.169,0.123,0.108,0.139,0.108,0.092,0.092,0.077,0.108,0.046,0.046,0.046,0.046,0.062,0.031,0.031,0.031,0.031,0.031,0.015,0.015,0.015,0.015,0.015,0,0,0,0,0,0,0
2026-09-22T23:00:00Z,0,0,0,0,0.01,0.071,0.293,1.01,0.606,0.424,0.222,0.141,0.192,0.131,0.071,0.121,0.081,0.131,0.202,0.263,0.576,0.606,0.545,0.525,0.343,0.353,0.293,0.242,0.273,0.182,0.131,0.172,0.263,0.273,0.162,0.121,0.091,0.111,0.111,0.081,0.071,0.091,0.04,0.051,0.051,0.03,0.03,0.02,0.02,0.02,0.03,0.02,0.03,0.02,0.01,0.02,0.02,0.01,0.01,0.01,0.01,0.01,0.01,0.01
2026-09-23T00:00:00Z,0,0,0,0,0.029,0.086,0.245,1.44,1.253,0.691,0.259,0.101,0.403,0.23,0.086,0.101,0.101,0.144,0.374,0.346,0.346,0.475,0.461,0.562,0.49,0.533,0.36,0.302,0.374,0.259,0.331,0.158,0.202,0.23,0.101,0.13,0.13,0.101,0.101,0.086,0.072,0.072,0.058,0.058,0.043,0.043,0.043,0.029,0.014,0.029,0.029,0.014,0.014,0.014,0.014,0.014,0.014,0.014,0,0.014,0.014,0.014,0,0
2026-09-23T01:00:00Z,0,0,0,0,0,0.044,0.241,2.19,1.905,0.372,0.285,0.219,0.263,0.11,0.044,0,0.088,0.131,0.285,0.285,0.35,0.438,0.635,0.591,0.482,0.35,0.482,0.285,0.35,0.219,0.175,0.219,0.197,0.153,0.131,0.11,0.066,0.088,0.066,0.066,0.066,0.044,0.066,0.044,0.022,0.044,0.044,0.022,0.022,0.022,0,0.022,0.022,0,0.022,0.022,0.022,0,0,0,0,0,0,0
2026-09-23T02:00:00Z,0,0,0,0,0,0.043,0.324,2.16,0.821,0.799,0.13,0.281,0.324,0.151,0.108,0.086,0.043,0.173,0.238,0.216,0.346,0.346,0.454,0.432,0.41,0.432,0.562,0.238,0.302,0.194,0.216,0.216,0.194,0.151,0.108,0.065,0.065,0.065,0.086,0.043,0.043,0.022,0.043,0.022,0.022,0.043,0.022,0.022,0.022,0.043,0.022,0.022,0.022,0,0,0,0.022,0,0,0,0,0,0,0
2026-09-23T03:00:00Z,0,0,0,0,0,0.052,0.327,1.531,1.72,0.31,0.224,0.155,0.12,0.103,0.206,0.086,0.086,0.155,0.155,0.361,0.361,0.31,0.344,0.378,0.258,0.447,0.533,0.482,0.327,0.189,0.241,0.138,0.138,0.12,0.12,0.069,0.086,0.069,0.052,0.052,0.052,0.034,0.034,0.034,0.034,0.034,0.034,0.017,0.017,0.034,0.017,0,0.017,0.017,0,0,0,0.017,0,0,0,0,0,0
2026-09-23T04:00:00Z,0,0,0,0,0,0.062,0.433,3.09,1.051,0.494,0.371,0.154,0.278,0.185,0.062,0.154,0.062,0.062,0.247,0.402,0.433,0.742,0.556,0.803,0.433,0.371,0.463,0.371,0.247,0.185,0.124,0.185,0.124,0.124,0.093,0.062,0.031,0.062,0.062,0.031,0.031,0.031,0.031,0.031,0.031,0.031,0,0,0,0,0,0,0,0,0,0,0,0,0,0,0,0,0,0
2026-09-23T05:00:00Z,0,0,0,0,0.019,0.019,0.167,1.525,1.86,0.893,0.316,0.205,0.093,0.149,0.13,0.093,0.074,0.112,0.167,0.186,0.409,0.484,0.521,0.502,0.502,0.744,0.502,0.465,0.205,0.223,0.149,0.074,0.112,0.112,0.112,0.074,0.093,0.093,0.056,0.037,0.037,0.037,0.037,0.019,0.019,0.019,0.019,0.019,0.019,0.019,0,0.019,0,0,0,0,0,0,0,0,0,0,0,0
2026-09-23T06:00:00Z,0,0,0,0,0.012,0.037,0.198,1.24,1.128,0.831,0.223,0.186,0.409,0.161,0.087,0.074,0.062,0.112,0.161,0.384,0.397,0.645,0.893,0.62,0.608,0.67,0.471,0.335,0.26,0.186,0.186,0.124,0.099,0.099,0.074,0.062,0.05,0.05,0.025,0.037,0.037,0.025,0.025,0.012,0.025,0.012,0.012,0.012,0.012,0.012,0,0.012,0,0,0.012,0,0.012,0.012,0,0,0,0,0,0
2026-09-23T07:00:00Z,0,0,0,0,0,0.042,0.17,1.844,2.12,0.827,0.148,0.212,0.148,0.212,0.106,0.042,0.085,0.106,0.233,0.233,0.339,0.403,0.466,0.7,0.678,0.551,0.466,0.297,0.148,0.17,0.085,0.106,0.085,0.021,0.042,0.064,0.064,0.042,0.042,0.021,0.021,0.042,0.042,0.021,0.021,0.021,0.021,0.021,0.021,0,0,0.021,0,0,0,0,0,0,0,0,0,0,0,0
2026-09-23T08:00:00Z,0,0,0,0,0,0.027,0.107,1.34,1.152,0.241,0.255,0.067,0.201,0.121,0.08,0.08,0.08,0.094,0.188,0.134,0.362,0.509,0.884,0.777,0.482,0.442,0.456,0.375,0.255,0.147,0.188,0.134,0.094,0.08,0.08,0.054,0.054,0.054,0.04,0.04,0.04,0.04,0.027,0.027,0.027,0.027,0.013,0.013,0.013,0,0.013,0.013,0,0,0,0,0,0,0,0,0,0,0,0
2026-09-23T09:00:00Z,0,0,0,0,0.031,0.093,0.279,2.046,3.1,0.713,0.279,0.093,0.186,0.093,0.093,0.124,0.124,0.217,0.155,0.279,0.372,0.341,0.527,0.589,0.341,0.527,0.558,0.155,0.248,0.279,0.186,0.155,0.155,0.093,0.031,0.031,0.031,0.031,0.031,0.031,0.031,0,0,0,0,0,0,0,0,0,0,0,0,0,0,0,0,0,0,0,0,0,0,0
2026-09-23T10:00:00Z,0,0,0,0,0.021,0.021,0.166,1.78,2.07,0.869,0.166,0.331,0.186,0.145,0.103,0.062,0.083,0.186,0.228,0.186,0.269,0.352,0.621,0.497,0.352,0.642,0.393,0.269,0.145,0.124,0.166,0.124,0.083,0.062,0.062,0.062,0.062,0.041,0.021,0.021,0.021,0.021,0.021,0,0.021,0.021,0.021,0,0,0,0,0,0,0,0,0,0,0,0,0,0,0,0,0
2026-09-23T11:00:00Z,0,0,0,0,0,0.013,0.156,0.598,1.3,0.325,0.416,0.208,0.117,0.286,0.104,0.052,0.13,0.143,0.182,0.195,0.247,0.624,0.494,0.572,0.364,0.299,0.455,0.195,0.182,0.13,0.104,0.104,0.065,0.065,0.052,0.065,0.052,0.039,0.039,0.039,0.026,0.013,0.026,0.026,0.026,0.013,0.026,0.013,0.013,0.013,0.013,0.013,0,0,0.013,0,0,0,0,0,0,0,0,0
2026-09-23T12:00:00Z,0,0,0,0,0,0.029,0.145,1.397,2.91,0.698,0.407,0.145,0.204,0.116,0.087,0.058,0.087,0.175,0.145,0.145,0.291,0.32,0.466,0.466,0.349,0.262,0.32,0.204,0.175,0.204,0.087,0.116,0.087,0.029,0.029,0.058,0.029,0.058,0.029,0.029,0.029,0,0,0,0.029,0,0,0,0,0,0,0,0,0,0,0,0,0,0,0,0,0,0,0
2026-09-23T13:00:00Z,0,0,0,0,0,0.04,0.201,1.688,2.01,1.427,0.503,0.141,0.121,0.08,0.141,0.121,0.161,0.181,0.181,0.201,0.201,0.382,0.543,0.643,0.422,0.382,0.362,0.201,0.201,0.181,0.141,0.101,0.08,0.08,0.06,0.04,0.04,0.04,0.04,0.02,0.02,0.02,0.02,0,0,0,0,0,0,0,0,0,0,0,0,0,0,0,0,0,0,0,0,0
2026-09-23T14:00:00Z,0,0,0,0,0,0.017,0.12,0.774,1.72,1.049,0.568,0.378,0.12,0.292,0.052,0.103,0.103,0.172,0.206,0.224,0.275,0.585,0.654,0.43,0.327,0.378,0.292,0.361,0.206,0.189,0.12,0.069,0.086,0.069,0.034,0.052,0.052,0.052,0.034,0.034,0.034,0.017,0.017,0.017,0.017,0.017,0,0,0,0,0,0,0,0,0,0,0,0,0,0,0,0,0,0
2026-09-23T15:00:00Z,0,0,0,0,0,0.022,0.157,1.232,2.24,1.053,0.896,0.291,0.179,0.134,0.179,0.134,0.134,0.112,0.179,0.202,0.493,0.493,0.694,0.426,0.314,0.291,0.179,0.112,0.157,0.202,0.112,0.09,0.067,0.045,0.067,0.045,0.045,0.022,0,0,0.022,0.022,0,0,0.022,0,0,0.022,0,0,0,0,0,0,0,0,0,0,0,0,0,0,0,0
2026-09-23T16:00:00Z,0,0,0,0,0.015,0.015,0.108,1.155,1.54,1.509,0.585,0.216,0.108,0.108,0.092,0.108,0.092,0.108,0.123,0.308,0.755,0.431,0.339,0.493,0.308,0.216,0.246,0.231,0.154,0.139,0.123,0.092,0.108,0.062,0.031,0.031,0.046,0.031,0.031,0.015,0.015,0.015,0.015,0.015,0.015,0.015,0.015,0,0,0,0,0,0,0,0,0,0,0,0,0,0,0,0,0
2026-09-23T17:00:00Z,0,0,0,0,0.012,0.012,0.134,0.805,0.842,0.903,1.22,0.573,0.11,0.232,0.098,0.122,0.183,0.293,0.366,0.525,0.732,0.769,0.586,0.683,0.305,0.342,0.22,0.232,0.146,0.122,0.098,0.085,0.073,0.037,0.037,0.037,0.037,0.037,0.024,0.037,0.024,0.012,0.012,0.012,0.012,0.012,0.012,0.012,0,0,0,0,0.012,0,0,0,0,0,0,0,0,0,0,0
2026-09-23T18:00:00Z,0,0,0,0,0,0.024,0.094,0.637,2.36,1.699,1.77,0.708,0.26,0.307,0.142,0.118,0.283,0.566,0.661,0.85,0.779,0.732,0.802,0.472,0.283,0.165,0.212,0.118,0.094,0.071,0.071,0.071,0.047,0.047,0.047,0.047,0.047,0.024,0.024,0.024,0.024,0.024,0.024,0,0,0,0,0,0,0,0,0,0,0,0,0,0,0,0,0,0,0,0,0
2026-09-23T19:00:00Z,0,0,0,0,0,0.016,0.081,0.886,1.175,1.61,1.53,0.789,0.274,0.29,0.161,0.177,0.483,0.725,0.805,1.159,1.127,1.014,0.741,0.467,0.354,0.241,0.225,0.129,0.129,0.081,0.097,0.048,0.048,0.032,0.032,0.048,0.032,0.016,0.032,0.016,0.016,0.016,0.016,0,0,0,0,0,0,0,0,0,0,0,0,0,0,0,0,0,0,0,0,0
2026-09-23T20:00:00Z,0,0,0,0,0,0.027,0.081,0.894,2.168,1.491,2.71,1.274,0.352,0.217,0.271,0.379,0.705,0.894,1.382,0.84,0.65,0.542,0.515,0.515,0.271,0.19,0.163,0.136,0.081,0.136,0.108,0.054,0.054,0.054,0.027,0.054,0.027,0,0,0.027,0,0,0,0,0,0,0,0,0,0,0,0,0,0,0,0,0,0,0,0,0,0,0,0
2026-09-23T21:00:00Z,0,0,0,0,0,0.034,0.168,0.941,2.251,1.579,3.36,0.605,0.773,0.235,0.47,0.37,0.773,1.478,1.21,0.974,0.806,0.403,0.336,0.336,0.605,0.269,0.168,0.168,0.067,0.067,0.034,0.034,0.034,0.034,0.034,0.034,0.034,0,0,0,0,0,0,0,0,0,0,0,0,0,0,0,0,0,0,0,0,0,0,0,0,0,0,0
2026-09-23T22:00:00Z,0,0,0,0,0,0,0.068,0.562,1.912,2.25,1.26,1.417,1.17,0.36,0.315,0.18,1.17,2.025,1.463,0.968,0.878,0.562,0.427,0.292,0.315,0.202,0.158,0.113,0.113,0.09,0.045,0.045,0.045,0.045,0.022,0.022,0.022,0.022,0.022,0,0,0,0,0,0,0.022,0.022,0.022,0.022,0,0,0,0,0,0,0,0,0,0,0,0,0,0,0
2026-09-23T23:00:00Z,0,0,0,0,0,0,0.095,0.668,0.62,1.383,3.673,4.77,1.002,0.191,0.334,0.238,0.715,1.956,1.049,0.763,0.859,0.382,0.334,0.286,0.334,0.286,0.191,0.143,0.095,0.048,0.048,0.095,0,0.048,0.048,0,0,0,0,0,0,0,0,0,0,0,0,0,0,0,0,0,0,0,0,0,0,0,0,0,0,0,0,0
2026-09-24T00:00:00Z,0,0,0,0,0.021,0.041,0.186,0.849,1.18,1.304,2.07,0.869,0.828,0.248,0.393,0.269,1.159,2.008,1.139,0.828,0.58,0.497,0.414,0.228,0.29,0.29,0.145,0.166,0.166,0.083,0.062,0.041,0.041,0.062,0.062,0.041,0.041,0.021,0.021,0.041,0.041,0.021,0.021,0.021,0,0,0,0,0,0,0,0,0,0,0,0,0,0,0,0,0,0,0,0
2026-09-24T01:00:00Z,0,0,0,0,0.019,0.019,0.114,0.893,1.064,1.083,1.501,1.9,0.494,0.38,0.361,0.437,1.254,1.406,1.064,1.121,0.741,0.513,0.209,0.247,0.266,0.171,0.19,0.095,0.114,0.114,0.057,0.095,0.076,0.076,0.057,0.038,0.057,0.038,0.019,0.038,0.038,0.019,0.019,0.019,0.019,0.019,0,0,0,0,0,0,0,0,0,0,0,0,0,0,0,0,0,0
2026-09-24T02:00:00Z,0,0,0,0,0,0.054,0.134,0.616,1.742,2.09,2.68,2.305,0.831,0.643,0.536,0.348,1.233,1.313,1.447,1.42,0.777,0.509,0.322,0.268,0.188,0.161,0.161,0.134,0.107,0.107,0.054,0.054,0.054,0.054,0.054,0.027,0.027,0.027,0.027,0.027,0.027,0.027,0.027,0,0,0,0,0,0,0,0,0,0,0,0,0,0,0,0,0,0,0,0,0
2026-09-24T03:00:00Z,0,0,0,0,0,0.024,0.071,0.83,1.304,1.422,2.37,1.683,1.92,0.284,0.545,0.616,1.778,1.588,0.901,0.569,0.545,0.521,0.545,0.45,0.284,0.237,0.19,0.142,0.119,0.047,0.071,0.047,0.047,0.047,0.047,0.047,0.024,0,0.024,0.024,0.024,0.024,0,0,0,0,0,0,0,0,0,0,0,0,0,0,0,0,0,0,0,0,0,0
2026-09-24T04:00:00Z,0,0,0,0,0.024,0.049,0.194,0.778,1.385,2.43,2.406,1.312,0.68,0.68,0.632,0.34,0.875,0.85,0.948,0.607,0.437,0.462,0.51,0.219,0.219,0.121,0.194,0.121,0.146,0.121,0.097,0.073,0.049,0.024,0.024,0.024,0.024,0.024,0.024,0.024,0.024,0.024,0,0,0,0,0,0,0,0,0,0,0,0,0,0,0,0,0,0,0,0,0,0
2026-09-24T05:00:00Z,0,0,0,0,0.02,0.02,0.102,0.673,2.04,1.204,1.367,1.836,1.081,1.02,0.816,0.347,0.755,0.673,0.755,0.979,0.734,0.592,0.469,0.265,0.204,0.163,0.102,0.082,0.122,0.143,0.143,0.102,0.041,0.041,0.02,0.041,0.02,0.02,0.02,0.02,0,0.02,0.02,0,0,0,0,0,0,0,0,0,0,0,0,0,0,0,0,0,0,0,0,0
2026-09-24T06:00:00Z,0,0,0,0,0,0.021,0.064,0.767,1.512,1.534,0.575,2.13,1.427,0.66,1.044,0.703,0.618,0.682,0.66,0.852,0.703,0.618,0.405,0.362,0.298,0.213,0.192,0.17,0.149,0.149,0.106,0.064,0.043,0.064,0.064,0.043,0.021,0.021,0.021,0.021,0,0.021,0,0,0,0,0,0,0,0,0,0,0,0,0,0,0,0,0,0,0,0,0,0
2026-09-24T07:00:00Z,0,0,0,0,0,0.02,0.079,0.396,1.98,1.505,0.673,1.94,1.544,1.525,1.208,0.574,0.713,0.792,0.634,0.416,0.337,0.356,0.356,0.436,0.376,0.238,0.139,0.139,0.099,0.099,0.079,0.079,0.04,0.02,0.02,0.02,0.02,0.02,0.02,0,0.02,0,0,0,0,0,0,0,0,0,0,0,0,0,0,0,0,0,0,0,0,0,0,0
2026-09-24T08:00:00Z,0,0,0,0,0,0,0.061,0.51,2.04,1.591,1.387,0.918,2.02,1.775,1.795,0.898,0.734,1.142,1.367,0.653,0.51,0.265,0.388,0.184,0.184,0.184,0.184,0.184,0.082,0.082,0.041,0.041,0.061,0.041,0.02,0.02,0.02,0,0,0,0.02,0,0,0,0,0,0,0,0,0,0,0,0,0,0,0,0,0,0,0,0,0,0,0
2026-09-24T09:00:00Z,0,0,0,0,0,0,0.078,0.416,2.158,1.092,1.066,1.456,0.91,0.936,2.6,1.378,1.664,1.248,0.884,0.52,0.286,0.338,0.234,0.234,0.234,0.234,0.13,0.104,0.104,0.104,0.052,0.052,0.052,0.026,0.026,0.026,0.026,0,0,0,0,0,0,0,0,0,0,0,0,0,0,0,0,0,0,0,0,0,0,0,0,0,0,0
2026-09-24T10:00:00Z,0,0,0,0,0,0.024,0.073,0.122,2.44,1.269,1.318,1.391,0.903,0.903,1.269,1.806,1.025,0.976,0.659,0.586,0.439,0.366,0.512,0.22,0.22,0.122,0.122,0.073,0.098,0.049,0.049,0.049,0.049,0.049,0.024,0.049,0,0.024,0,0,0,0,0,0,0,0,0,0,0,0,0,0,0,0,0,0,0,0,0,0,0,0,0,0
2026-09-24T11:00:00Z,0,0,0,0,0,0,0.022,0.302,1.793,1.015,0.994,1.577,1.642,1.49,0.734,2.16,1.08,1.274,0.972,0.67,0.41,0.346,0.216,0.194,0.238,0.173,0.065,0.086,0.108,0.086,0.086,0.043,0.043,0.022,0.022,0.022,0.022,0.022,0,0.022,0,0,0,0,0,0,0,0,0,0,0,0,0,0,0,0,0,0,0,0,0,0,0,0
2026-09-24T12:00:00Z,0,0,0,0,0,0,0.038,0.365,0.998,1.632,0.48,1.325,1.536,1.92,1.382,0.864,1.325,1.517,1.402,0.384,0.365,0.384,0.211,0.23,0.23,0.115,0.096,0.077,0.058,0.077,0.038,0.038,0.019,0.019,0.019,0.019,0,0,0,0,0,0,0,0,0,0,0,0,0,0,0,0,0,0,0,0,0,0,0,0,0,0,0,0
2026-09-24T13:00:00Z,0,0,0,0,0,0,0.06,0.617,1.493,0.975,1.612,1.612,1.453,0.915,1.035,1.99,1.194,0.537,0.517,0.657,0.358,0.299,0.279,0.199,0.199,0.159,0.1,0.06,0.08,0.04,0.04,0.04,0.04,0.04,0.02,0,0,0,0,0,0,0,0,0,0,0,0,0,0,0,0,0,0,0,0,0,0,0,0,0,0,0,0,0
2026-09-24T14:00:00Z,0,0,0,0,0,0,0.02,0.2,1.18,2,0.42,1.22,1.72,0.74,1,0.9,0.86,0.78,0.6,0.42,0.36,0.38,0.16,0.2,0.14,0.14,0.08,0.06,0.06,0.06,0.04,0.02,0.02,0.02,0.02,0.02,0.02,0,0,0,0,0,0,0,0,0,0,0,0,0,0,0,0,0,0,0,0,0,0,0,0,0,0,0
2026-09-24T15:00:00Z,0,0,0,0,0,0.015,0.045,0.257,1.419,1.51,0.921,0.997,0.891,0.891,0.559,0.362,1.012,0.619,0.649,0.498,0.332,0.317,0.242,0.287,0.211,0.181,0.091,0.06,0.045,0.03,0.045,0.045,0.015,0.03,0.03,0.015,0.03,0.015,0,0,0,0,0,0,0,0,0,0,0,0,0,0,0,0,0,0,0,0,0,0,0,0,0,0
2026-09-24T16:00:00Z,0,0,0,0,0.013,0.013,0.013,0.281,1.34,1.085,0.791,0.965,0.657,0.911,0.63,0.697,1.112,1.099,0.616,0.348,0.295,0.322,0.375,0.228,0.214,0.147,0.08,0.094,0.08,0.067,0.04,0.04,0.027,0.04,0.027,0.027,0.013,0.013,0.013,0.013,0.013,0,0,0,0,0,0,0,0,0,0,0,0,0,0,0,0,0,0,0,0,0,0,0
2026-09-24T17:00:00Z,0,0,0,0,0,0,0.028,0.17,1.022,2.84,1.136,1.306,1.676,0.653,0.568,0.682,0.682,0.767,0.738,0.454,0.312,0.312,0.17,0.199,0.17,0.085,0.17,0.057,0.057,0.028,0.028,0.028,0.028,0.028,0.028,0,0,0,0,0,0,0,0,0,0,0,0,0,0,0,0,0,0,0,0,0,0,0,0,0,0,0,0,0
2026-09-24T18:00:00Z,0,0,0,0,0,0,0.041,0.145,1.449,0.745,0.497,0.828,2.07,1.118,0.6,0.724,0.6,0.642,0.352,0.642,0.497,0.352,0.352,0.207,0.166,0.166,0.124,0.083,0.103,0.062,0.041,0.021,0.021,0.021,0.021,0,0,0.021,0,0,0,0,0,0,0,0,0,0,0,0,0,0,0,0,0,0,0,0,0,0,0,0,0,0
2026-09-24T19:00:00Z,0,0,0,0,0,0,0.031,0.291,0.979,1.53,1.132,1.392,1.392,1.025,0.75,0.734,0.857,0.398,0.459,0.49,0.474,0.428,0.306,0.229,0.26,0.138,0.168,0.122,0.107,0.061,0.046,0.061,0.046,0.031,0.015,0.015,0.015,0.015,0,0,0,0,0,0,0,0,0,0,0,0,0,0,0,0,0,0,0,0,0,0,0,0,0,0
2026-09-24T20:00:00Z,0,0,0,0,0,0,0.045,0.201,1.583,0.959,1.316,2.23,1.048,1.583,0.647,1.271,1.093,0.535,0.647,0.401,0.29,0.201,0.201,0.178,0.112,0.156,0.067,0.067,0.045,0.045,0.045,0.022,0.022,0,0.022,0,0,0,0,0,0,0,0,0,0,0,0,0,0,0,0,0,0,0,0,0,0,0,0,0,0,0,0,0
2026-09-24T21:00:00Z,0,0,0,0,0,0,0.021,0.126,0.483,0.462,1.722,1.344,2.1,1.617,0.987,0.672,0.903,0.903,0.567,0.399,0.399,0.357,0.168,0.168,0.21,0.126,0.063,0.063,0.063,0.021,0.021,0.021,0.042,0.021,0,0,0,0,0,0,0,0,0,0,0,0,0,0,0,0,0,0,0,0,0,0,0,0,0,0,0,0,0,0
2026-09-24T22:00:00Z,0,0,0,0,0,0,0,0.116,0.549,1.04,1.156,0.983,2.89,1.127,1.329,1.185,1.445,0.722,0.433,0.347,0.318,0.318,0.173,0.116,0.116,0.144,0.058,0.087,0.058,0.058,0.029,0.029,0,0,0,0,0,0,0,0,0,0,0,0,0,0,0,0,0,0,0,0,0,0,0,0,0,0,0,0,0,0,0,0
2026-09-24T23:00:00Z,0,0,0,0,0,0,0.02,0.122,0.326,1.306,1.428,2.04,1.591,1.081,1.979,1.999,1.367,0.53,0.49,0.551,0.408,0.224,0.306,0.184,0.102,0.082,0.061,0.102,0.082,0.041,0.02,0.02,0.02,0.02,0,0,0.02,0,0,0,0,0,0,0,0,0,0,0,0,0,0,0,0,0,0,0,0,0,0,0,0,0,0,0
2026-09-25T00:00:00Z,0,0,0,0,0,0,0.024,0.215,0.645,1.792,1.171,1.936,1.984,2.39,0.693,0.621,0.765,0.789,0.406,0.239,0.239,0.239,0.215,0.096,0.072,0.096,0.048,0.072,0.048,0.024,0.024,0.024,0.024,0.024,0,0,0,0,0,0,0,0,0,0,0,0,0,0,0,0,0,0,0,0,0,0,0,0,0,0,0,0,0,0
2026-09-25T01:00:00Z,0,0,0,0,0,0,0,0.206,0.779,0.962,2.29,2.221,1.26,0.893,0.618,1.901,0.893,0.985,0.458,0.343,0.298,0.298,0.229,0.137,0.069,0.092,0.069,0.092,0.046,0.069,0.023,0.023,0,0.023,0,0,0,0,0,0,0,0,0,0,0,0,0,0,0,0,0,0,0,0,0,0,0,0,0,0,0,0,0,0
2026-09-25T02:00:00Z,0,0,0,0,0,0,0.019,0.171,1.9,1.064,1.444,1.045,1.292,1.558,1.539,0.893,0.722,0.779,0.456,0.361,0.285,0.266,0.171,0.133,0.095,0.057,0.057,0.057,0.076,0.038,0.019,0.019,0.019,0.019,0,0.019,0,0,0,0,0,0,0,0,0,0,0,0,0,0,0,0,0,0,0,0,0,0,0,0,0,0,0,0
2026-09-25T03:00:00Z,0,0,0,0,0,0,0.036,0.127,0.434,1.484,0.724,1.068,1.231,1.81,0.815,0.996,0.887,0.615,0.561,0.471,0.217,0.29,0.181,0.217,0.091,0.091,0.072,0.054,0.036,0.054,0.054,0.018,0.018,0.018,0,0,0,0,0,0,0,0,0,0,0,0,0,0,0,0,0,0,0,0,0,0,0,0,0,0,0,0,0,0
2026-09-25T04:00:00Z,0,0,0,0,0,0,0.022,0.134,0.691,1.227,1.494,0.58,2.23,0.914,0.937,1.07,0.87,0.803,0.58,0.401,0.379,0.29,0.29,0.156,0.134,0.089,0.089,0.067,0.045,0.045,0.022,0.022,0.022,0,0,0,0,0,0,0,0,0,0,0,0,0,0,0,0,0,0,0,0,0,0,0,0,0,0,0,0,0,0,0
2026-09-25T05:00:00Z,0,0,0,0,0,0,0.033,0.184,0.618,1.503,1.303,1.253,0.785,1.453,1.67,0.885,1.303,0.601,0.551,0.601,0.401,0.317,0.217,0.2,0.134,0.067,0.1,0.067,0.067,0.033,0.017,0.017,0.017,0.017,0,0.017,0,0,0,0,0,0,0,0,0.017,0.017,0.033,0.017,0.017,0.017,0.017,0,0,0,0,0,0,0,0,0,0,0,0,0
2026-09-25T06:00:00Z,0,0,0,0,0,0,0.036,0.109,0.655,0.764,1.092,1.893,3.64,2.694,1.092,0.692,0.764,0.51,0.437,0.4,0.328,0.255,0.146,0.109,0.146,0.109,0.073,0.073,0.073,0.036,0,0,0,0,0,0,0,0,0,0,0,0,0,0,0,0.036,0,0,0,0,0,0,0,0,0,0,0,0,0,0,0,0,0,0
