time_utc,0.0250,0.0300,0.0350,0.0400,0.0450,0.0500,0.0550,0.0600,0.0650,0.0700,0.0750,0.0800,0.0850,0.0900,0.0950,0.1010,0.1100,0.1200,0.1300,0.1400,0.1500,0.1600,0.1700,0.1800,0.1900,0.2000,0.2100,0.2200,0.2300,0.2400,0.2500,0.2600,0.2700,0.2800,0.2900,0.3000,0.3100,0.3200,0.3300,0.3400,0.3500,0.3600,0.3700,0.3800,0.3900,0.4000,0.4100,0.4200,0.4300,0.4400,0.4500,0.4600,0.4700,0.4800,0.4900,0.5000,0.5100,0.5200,0.5300,0.5400,0.5500,0.5600,0.5700,0.5800
2026-08-13T00:00:00Z,188,196,264,228,292,200,200,204,208,196,176,176,188,172,172,140,228,172,316,296,296,288,296,300,288,296,292,284,292,284,260,288,264,268,256,256,252,256,248,252,240,212,248,240,252,244,224,248,260,236,248,240,220,248,244,256,276,220,304,352,344,232,336,336
2026-08-13T01:00:00Z,264,144,148,256,236,196,196,204,196,184,176,180,180,176,216,184,176,140,284,288,300,296,288,292,292,284,288,284,288,284,276,280,284,284,276,268,240,252,260,264,264,244,256,248,268,252,264,252,256,252,240,244,252,236,236,240,260,228,240,256,260,260,328,264
2026-08-13T02:00:00Z,224,240,272,132,236,116,204,216,196,176,212,188,188,184,184,184,144,176,324,276,296,296,284,292,300,288,276,272,284,280,272,276,264,252,276,256,268,276,276,260,220,252,280,248,260,256,248,252,260,264,204,212,224,264,244,256,256,252,260,220,268,216,236,244
2026-08-13T03:00:00Z,212,212,164,260,288,192,220,212,204,188,196,176,180,192,188,164,188,188,324,292,288,304,296,292,288,284,284,280,276,272,280,256,264,240,252,260,264,240,280,272,252,276,256,272,284,316,220,244,228,240,248,260,260,256,264,272,268,224,268,228,252,320,276,256
2026-08-13T04:00:00Z,260,256,304,240,192,228,200,200,204,212,180,180,180,176,192,208,156,172,184,264,292,288,292,300,284,280,284,280,272,276,260,260,260,256,256,264,248,252,248,264,284,332,264,260,264,288,268,264,248,224,240,240,232,224,248,244,200,256,356,236,228,208,224,184
2026-08-13T05:00:00Z,116,124,264,200,160,200,200,208,208,180,180,180,188,180,188,192,188,252,148,312,276,284,288,288,272,276,288,272,272,276,264,248,256,268,268,284,244,256,272,268,288,300,272,300,300,260,304,280,304,244,224,296,172,268,292,296,316,316,332,252,196,340,8,0
2026-08-13T06:00:00Z,244,236,164,96,172,164,216,196,196,204,196,180,192,188,176,172,180,180,284,280,256,292,280,292,292,276,284,280,276,280,268,280,264,268,264,252,272,284,272,280,268,312,192,216,256,224,232,224,240,240,204,224,248,240,344,212,184,324,192,216,236,216,268,328
2026-08-13T07:00:00Z,300,308,300,124,208,296,188,196,196,172,184,180,184,196,200,204,168,180,316,300,288,288,292,276,268,264,272,272,268,272,276,260,260,272,260,308,244,248,264,256,268,268,264,252,244,260,296,264,232,248,248,228,228,288,228,216,228,216,220,208,232,8,332,356
2026-08-13T08:00:00Z,152,168,148,132,148,140,204,192,196,184,192,176,196,184,216,200,320,308,268,296,292,280,276,268,264,276,268,276,280,284,272,264,260,260,252,244,260,240,240,252,256,240,264,252,248,252,244,248,264,228,232,280,216,296,204,208,232,296,292,224,256,280,208,220
2026-08-13T09:00:00Z,132,188,280,276,228,184,196,204,192,192,176,176,168,188,200,176,184,328,300,288,284,276,280,284,264,252,268,260,268,264,260,272,268,244,244,224,236,264,240,244,224,232,212,220,296,256,232,232,228,232,272,188,248,276,344,280,204,216,304,192,188,324,336,340
2026-08-13T10:00:00Z,164,148,136,296,248,256,188,212,192,192,176,172,180,184,160,200,292,296,312,280,284,284,284,280,280,256,248,256,264,264,268,260,248,264,244,228,212,244,244,240,244,228,248,228,224,236,224,224,236,224,236,244,244,208,224,208,212,240,356,352,324,348,328,252
2026-08-13T11:00:00Z,308,148,320,124,284,164,204,196,204,176,184,180,188,192,184,184,152,320,304,296,296,272,272,268,240,256,260,252,256,256,272,272,272,272,240,260,252,244,236,236,236,240,236,232,308,196,208,204,216,224,228,224,232,204,212,192,224,192,180,188,192,216,256,256
2026-08-13T12:00:00Z,100,112,288,284,260,200,216,220,200,192,184,184,180,192,184,172,308,316,320,284,284,296,272,248,252,260,256,260,260,280,272,264,264,252,224,224,240,232,228,256,224,240,244,236,188,248,220,228,228,216,220,200,236,216,236,228,212,196,216,184,188,204,204,228
2026-08-13T13:00:00Z,264,284,288,296,212,120,192,192,196,196,192,168,180,192,208,204,164,280,288,280,272,272,264,272,268,264,244,244,244,252,264,272,268,272,288,272,264,216,232,240,240,296,272,224,256,252,228,216,232,236,240,216,232,236,220,216,208,216,204,228,212,244,296,220
2026-08-13T14:00:00Z,140,160,308,124,232,224,212,232,208,192,192,180,188,164,176,180,208,268,300,296,284,272,284,252,252,252,248,252,260,260,268,252,268,272,268,284,260,256,264,256,264,232,216,224,228,228,244,216,264,228,220,236,232,236,240,216,204,236,248,224,160,220,220,216
2026-08-13T15:00:00Z,204,216,144,196,204,200,192,200,204,196,184,188,180,176,184,180,184,196,236,292,272,260,268,264,252,268,264,252,256,248,252,252,268,276,276,200,236,280,244,256,256,248,212,204,220,240,260,232,240,244,240,236,224,240,240,224,224,208,220,212,212,232,216,212
2026-08-13T16:00:00Z,276,292,208,212,212,212,212,208,204,200,156,176,180,184,204,200,148,200,268,252,268,272,276,276,264,272,276,272,256,252,248,244,232,248,264,264,248,232,236,248,228,244,244,232,252,268,264,240,252,308,240,216,236,240,228,232,240,252,244,236,240,212,228,224
2026-08-13T17:00:00Z,196,160,160,184,196,192,204,208,212,192,196,184,184,172,204,204,320,208,248,260,276,268,260,264,260,236,260,260,268,272,256,236,244,236,244,248,232,216,240,188,224,224,212,216,212,220,216,216,216,240,224,208,224,228,224,220,208,216,212,216,212,200,200,200
2026-08-13T18:00:00Z,164,156,284,204,192,188,200,196,200,196,180,188,180,184,196,176,284,152,252,268,256,252,260,272,244,276,260,264,260,260,248,236,252,248,240,244,244,228,236,240,236,244,244,228,216,220,224,224,216,216,220,224,212,220,208,216,220,208,204,200,196,204,212,188
2026-08-13T19:00:00Z,220,216,184,164,200,232,196,192,208,196,196,184,180,192,168,172,324,328,308,284,276,256,264,268,264,260,260,280,272,256,252,244,240,248,236,236,228,244,240,240,236,252,224,224,212,212,228,220,220,224,224,188,208,212,216,208,212,200,208,204,208,208,184,204
2026-08-13T20:00:00Z,196,224,244,188,200,192,216,212,200,188,180,188,184,188,208,176,292,312,292,260,288,272,272,268,264,260,256,260,280,252,252,252,252,256,240,244,244,232,236,252,232,236,236,236,232,232,228,200,228,220,216,212,216,216,228,208,216,208,204,212,204,208,208,212
2026-08-13T21:00:00Z,320,344,12,228,208,216,216,196,208,196,172,184,180,176,184,228,300,288,308,296,284,280,268,276,268,252,248,272,260,252,264,256,264,272,244,256,232,236,236,180,252,224,216,220,216,224,244,232,228,228,220,228,216,228,228,220,208,204,212,208,208,212,228,212
2026-08-13T22:00:00Z,268,216,220,256,220,216,204,216,192,180,188,192,184,188,176,168,276,316,300,300,288,276,276,276,272,260,260,272,272,268,268,280,236,236,236,228,236,228,240,240,236,240,224,220,224,228,240,232,224,236,236,228,228,216,232,228,220,208,248,232,220,208,220,216
2026-08-13T23:00:00Z,220,240,236,268,224,204,224,196,192,204,188,184,168,196,156,172,176,276,296,292,284,288,280,272,276,260,256,252,248,260,280,276,256,272,260,232,260,248,244,228,232,228,232,232,228,228,232,220,224,216,216,228,220,240,220,220,220,212,208,204,208,224,224,208
2026-08-14T00:00:00Z,208,200,236,248,216,192,184,200,188,196,180,184,184,172,196,184,320,312,304,284,288,288,288,272,268,260,252,244,252,252,244,256,276,256,240,268,208,232,276,280,244,220,240,236,228,224,228,224,224,216,236,236,216,208,220,228,236,264,252,240,240,224,232,240
2026-08-14T01:00:00Z,168,160,296,124,180,212,200,216,192,180,200,184,184,192,200,204,156,308,292,292,292,288,280,280,260,260,252,252,244,252,240,244,232,268,268,272,264,272,240,260,260,260,236,232,236,256,236,228,220,224,236,224,236,236,228,228,216,232,224,224,224,224,232,228
2026-08-14T02:00:00Z,148,148,156,152,204,208,196,208,200,212,184,184,164,176,192,200,168,308,304,280,284,280,280,280,276,268,252,248,252,228,244,256,256,256,264,280,280,256,252,264,260,244,244,228,244,268,232,248,224,248,248,252,276,244,248,240,236,228,208,256,236,248,164,192
2026-08-14T03:00:00Z,160,152,156,336,184,196,204,208,208,200,188,176,180,192,204,192,176,316,304,296,284,280,276,276,288,276,256,252,244,244,260,248,252,268,260,268,268,268,288,288,252,256,264,268,256,276,272,256,256,240,240,212,292,272,228,264,284,296,260,280,268,272,240,184
2026-08-14T04:00:00Z,172,172,168,168,184,216,176,212,200,212,192,180,184,184,224,200,236,156,156,264,300,276,268,284,284,280,284,256,240,244,256,260,260,256,248,280,280,272,264,272,260,256,256,260,252,256,236,268,256,248,256,248,236,224,232,248,272,252,228,268,288,264,224,228
2026-08-14T05:00:00Z,184,188,188,176,196,204,188,208,200,208,200,184,176,184,184,192,200,272,280,272,264,264,268,272,264,268,276,276,256,256,252,252,240,252,268,256,264,280,272,272,256,268,260,256,264,256,244,260,272,256,240,228,228,248,236,232,212,276,204,224,228,208,196,180
2026-08-14T06:00:00Z,196,20,204,208,208,216,212,208,204,208,196,180,176,184,196,200,220,196,184,272,272,284,280,284,272,280,288,280,264,260,256,248,264,260,268,280,260,268,272,280,272,276,276,280,292,284,284,292,300,260,264,296,276,280,308,292,292,296,296,300,280,288,260,288
2026-08-14T07:00:00Z,216,224,232,228,220,216,212,208,204,204,204,188,180,180,192,180,208,220,172,232,280,284,272,276,272,268,260,272,280,272,256,244,256,268,264,276,268,276,276,276,276,256,252,268,272,288,296,312,280,264,268,316,296,304,288,272,276,300,296,300,336,264,292,300
2026-08-14T08:00:00Z,196,212,92,240,196,208,216,196,192,192,184,176,188,192,188,164,152,176,236,264,280,268,276,264,264,276,276,280,284,276,284,288,288,304,272,280,276,288,276,272,280,260,260,248,308,280,228,228,340,204,296,312,300,300,300,316,212,288,312,316,316,292,304,316
2026-08-14T09:00:00Z,216,200,260,148,192,212,196,212,212,200,192,176,180,184,204,208,160,304,308,300,260,264,260,268,260,264,256,256,244,280,296,284,296,300,300,300,308,320,320,308,304,280,284,296,244,256,276,244,300,8,216,276,208,276,272,200,228,224,232,204,220,248,208,252
2026-08-14T10:00:00Z,204,212,184,256,220,212,212,192,212,192,180,184,188,184,180,304,196,328,260,288,272,268,260,260,264,260,260,260,260,264,252,256,288,296,288,280,280,292,288,276,268,276,268,276,308,292,312,260,292,244,256,252,260,244,240,236,252,240,240,236,244,236,240,244
2026-08-14T11:00:00Z,184,176,196,220,204,200,204,192,196,200,180,188,180,176,176,308,160,160,316,320,288,256,264,264,264,256,244,264,292,276,288,268,292,292,284,304,296,244,264,280,276,272,296,268,300,292,264,240,256,248,256,240,252,252,232,244,252,252,244,236,236,244,248,232
2026-08-14T12:00:00Z,216,192,208,216,216,208,208,204,212,204,200,180,184,192,180,172,204,284,264,276,276,276,256,256,256,260,248,236,256,256,280,308,264,280,268,284,280,268,228,220,248,268,248,248,224,252,260,256,248,228,252,216,232,224,228,240,212,220,236,228,236,228,224,232
2026-08-14T13:00:00Z,216,208,212,216,212,208,216,208,204,196,188,196,180,184,180,188,312,300,276,276,276,280,264,256,256,252,256,244,256,248,252,244,240,232,252,256,260,228,248,236,236,224,232,224,212,220,224,228,244,240,224,228,220,220,232,236,220,228,212,216,220,220,200,216
2026-08-14T14:00:00Z,200,212,224,188,212,204,204,216,204,196,188,188,196,188,188,148,172,300,264,292,276,276,276,268,256,248,244,240,244,240,252,256,260,248,268,256,264,264,272,260,244,244,244,236,256,232,236,236,236,212,236,240,252,220,232,232,244,228,216,208,220,200,196,208
2026-08-14T15:00:00Z,216,220,228,216,220,208,212,192,200,216,200,192,180,164,200,196,200,248,300,284,296,284,268,272,264,264,252,240,256,240,248,252,236,252,248,272,272,276,280,248,252,268,252,244,248,220,220,224,212,252,48,236,216,232,236,248,216,264,224,220,148,236,224,204
2026-08-14T16:00:00Z,216,216,248,232,212,204,212,204,212,200,192,208,180,184,168,204,208,196,208,284,276,272,284,260,260,264,256,268,260,248,256,252,224,236,252,256,252,292,288,280,256,264,260,264,244,236,228,228,52,224,224,228,240,220,208,160,224,232,216,228,220,220,224,220
2026-08-14T17:00:00Z,212,200,184,200,216,212,212,208,200,200,184,192,188,184,212,196,192,192,200,280,280,280,276,272,264,252,252,248,244,244,252,248,236,244,236,260,256,276,272,256,292,300,280,260,264,232,256,248,236,276,256,248,236,240,244,232,240,224,252,248,268,244,240,228
2026-08-14T18:00:00Z,204,224,296,188,212,208,204,176,192,204,204,180,184,188,196,212,196,172,324,292,280,280,276,268,268,256,272,260,256,228,260,252,260,276,248,276,260,272,264,252,296,268,268,260,256,228,328,252,236,52,240,248,228,300,260,216,232,252,240,244,252,208,228,232
2026-08-14T19:00:00Z,252,232,80,220,220,200,204,196,204,200,184,192,192,188,196,184,204,192,208,288,272,264,276,272,276,280,260,272,288,260,256,272,240,248,264,268,268,284,272,260,260,236,296,252,248,236,248,248,192,292,232,228,212,144,228,236,224,228,220,228,240,244,256,248
2026-08-14T20:00:00Z,180,136,256,236,260,200,216,208,192,204,200,184,192,180,176,232,332,200,292,288,276,284,276,276,276,276,272,276,292,280,280,116,112,256,236,244,240,248,264,264,272,276,336,352,292,280,240,232,244,244,252,240,240,248,252,244,248,240,256,252,244,252,256,260
2026-08-14T21:00:00Z,212,200,188,200,224,200,204,212,200,200,188,192,188,172,176,224,180,160,304,296,296,284,288,276,280,276,272,280,288,276,264,272,256,260,264,308,260,168,268,268,268,256,228,268,268,228,224,240,228,228,240,244,252,252,244,248,240,244,256,260,256,256,256,260
2026-08-14T22:00:00Z,204,196,208,208,224,200,200,208,196,192,188,188,180,192,184,160,160,316,312,304,288,300,280,284,288,280,276,272,280,252,260,268,272,316,264,260,256,260,244,260,256,268,280,240,252,244,248,244,228,232,232,236,236,248,248,244,252,252,232,240,244,256,252,260
2026-08-14T23:00:00Z,244,248,236,68,216,196,196,224,204,204,188,188,176,172,204,228,272,252,276,280,288,288,284,276,276,268,280,272,276,276,276,268,240,252,256,228,256,244,272,288,284,296,284,292,276,268,264,256,232,248,252,248,240,244,252,244,260,256,240,248,248,252,252,260
2026-08-15T00:00:00Z,272,292,240,220,232,204,204,200,200,196,184,184,196,180,176,184,144,272,296,296,300,288,276,280,284,280,248,280,124,288,308,304,304,160,156,212,208,156,324,184,228,288,296,332,324,212,204,220,224,252,240,216,240,236,240,240,240,236,244,244,236,256,256,240
2026-08-15T01:00:00Z,224,224,224,196,208,204,200,204,208,200,184,188,184,184,184,224,196,204,320,296,284,292,284,284,272,268,268,268,264,288,268,284,264,284,316,288,276,276,344,224,300,288,280,284,316,220,232,224,260,240,252,248,248,236,248,236,236,248,248,248,256,240,272,228
2026-08-15T02:00:00Z,220,232,208,216,216,204,200,200,200,196,192,176,184,180,180,200,224,200,248,256,296,288,284,268,268,276,272,272,264,272,268,268,252,260,276,264,288,264,256,296,296,312,296,288,244,220,260,240,248,220,232,240,236,228,240,228,236,240,228,228,260,260,232,252
2026-08-15T03:00:00Z,212,224,232,236,220,208,216,200,212,200,196,184,192,188,200,168,184,208,268,276,272,280,284,272,280,288,276,264,256,264,256,256,276,276,260,232,236,236,256,260,264,260,268,260,260,284,264,272,232,264,248,272,256,220,232,236,268,284,268,236,244,248,232,240
2026-08-15T04:00:00Z,208,212,200,212,212,208,212,204,196,208,196,184,180,188,204,204,208,200,320,284,268,280,292,280,280,280,284,264,268,264,256,252,256,252,244,244,260,248,256,256,256,248,264,264,268,224,284,292,280,292,292,204,280,276,272,280,292,328,228,216,236,0,224,284
2026-08-15T05:00:00Z,208,204,240,208,212,216,216,208,208,208,208,204,188,192,176,176,200,188,208,300,280,288,284,288,276,276,272,272,256,260,252,248,260,252,256,252,260,264,292,280,276,284,288,284,280,308,220,316,228,264,276,304,276,272,244,304,224,276,348,320,260,216,244,24
2026-08-15T06:00:00Z,212,212,188,220,212,224,208,212,216,208,196,188,192,184,200,188,188,196,212,304,252,276,272,272,280,272,276,268,256,260,260,256,260,260,260,268,268,256,264,304,268,272,312,300,288,296,292,292,316,264,264,280,280,280,296,268,288,288,296,284,296,292,296,300
2026-08-15T07:00:00Z,212,216,232,216,220,208,216,208,220,204,200,200,196,192,196,204,216,180,192,236,280,268,276,272,272,272,272,276,276,280,260,260,276,288,276,276,292,284,288,292,284,292,308,304,312,288,320,308,292,320,340,292,320,292,304,296,300,256,212,280,284,312,312,292
2026-08-15T08:00:00Z,208,164,128,272,228,212,208,208,204,204,192,188,188,184,188,196,180,180,204,220,300,304,264,264,268,268,260,260,264,264,268,272,268,288,280,280,280,272,280,300,312,308,300,268,284,316,340,260,304,272,16,312,284,304,332,288,280,340,300,288,296,300,304,316
2026-08-15T09:00:00Z,204,204,236,168,208,212,216,216,212,212,196,200,204,188,176,200,196,196,220,196,264,272,272,268,276,284,272,268,264,260,256,292,276,284,288,296,284,308,284,272,284,284,280,304,320,316,328,288,324,332,352,320,336,344,308,312,336,340,332,304,336,328,340,324
2026-08-15T10:00:00Z,204,192,308,140,208,204,204,208,204,212,204,188,196,184,192,188,264,180,172,164,288,272,284,272,268,272,280,276,276,268,280,300,288,268,272,284,292,280,272,268,280,260,268,256,268,268,288,312,272,256,320,324,340,288,296,320,336,336,332,340,316,344,336,336
2026-08-15T11:00:00Z,172,168,304,156,188,180,200,200,208,212,200,212,188,164,172,184,156,176,184,184,300,288,260,272,272,268,272,284,288,292,292,296,296,296,288,276,296,276,260,252,256,264,272,292,268,280,268,248,248,248,308,272,252,220,232,208,264,276,308,280,256,296,316,16
2026-08-15T12:00:00Z,176,172,164,324,200,188,208,212,196,208,188,208,192,180,184,172,160,316,180,324,268,280,272,272,284,264,260,280,272,284,292,288,320,304,276,280,280,260,288,292,280,244,224,240,272,280,260,252,276,260,304,252,256,272,280,248,252,272,8,308,312,320,332,320
2026-08-15T13:00:00Z,208,160,208,180,204,196,204,208,212,204,200,200,188,192,196,188,196,216,316,312,160,268,276,276,260,264,260,256,272,276,316,324,332,328,300,284,296,312,268,304,32,356,324,292,212,356,244,4,300,344,344,352,336,348,332,340,8,348,340,336,356,4,344,332
2026-08-15T14:00:00Z,204,232,180,224,192,204,200,208,204,200,196,180,188,192,180,188,196,216,180,268,284,296,284,280,256,252,264,272,260,272,260,328,336,332,332,328,320,296,304,320,340,328,328,312,328,324,348,288,296,284,284,20,308,284,332,320,4,304,300,12,256,268,308,320
2026-08-15T15:00:00Z,140,136,240,164,252,204,200,204,200,204,192,192,196,196,184,192,188,184,212,208,296,288,280,276,264,260,264,248,248,264,244,212,280,312,320,272,284,336,252,4,252,336,8,276,240,296,268,340,224,308,268,252,328,316,344,48,356,284,44,340,0,32,352,308
2026-08-15T16:00:00Z,220,216,172,196,192,204,204,212,208,204,188,204,200,212,184,208,184,164,316,292,284,272,264,272,268,260,268,268,256,260,244,264,256,284,0,296,308,296,276,320,300,292,284,284,300,348,348,232,228,296,4,252,224,296,284,244,252,328,316,340,8,252,272,280
2026-08-15T17:00:00Z,156,292,268,300,264,180,204,200,200,208,192,196,192,184,188,180,196,212,216,288,264,288,268,276,264,264,260,256,268,256,268,260,236,244,272,264,280,280,272,324,296,284,288,292,292,308,268,264,312,300,320,304,276,272,304,288,284,296,280,272,312,300,276,300
2026-08-15T18:00:00Z,256,284,112,288,196,144,216,212,204,204,184,204,192,192,176,180,180,200,292,272,284,288,276,276,280,264,256,256,252,256,268,256,256,260,260,256,280,292,280,284,256,292,312,312,284,304,300,296,284,296,300,300,284,296,316,292,280,288,280,284,300,316,272,288
2026-08-15T19:00:00Z,148,296,280,128,264,256,204,204,204,212,196,188,188,184,192,176,192,192,228,256,276,264,280,272,276,272,272,264,260,256,264,252,252,244,260,256,256,268,264,272,276,272,292,308,292,296,324,304,296,296,312,308,280,280,304,316,292,292,300,296,288,288,296,304
2026-08-15T20:00:00Z,264,284,308,116,308,168,192,204,200,212,200,180,192,184,180,180,196,192,200,244,256,272,284,268,276,280,284,280,268,268,260,256,264,272,256,256,260,272,272,264,276,288,296,260,292,292,284,280,268,284,292,284,292,272,284,292,296,324,292,280,292,296,268,276
2026-08-15T21:00:00Z,200,144,284,276,268,164,216,204,208,216,208,204,208,204,188,192,208,188,156,252,276,256,284,276,280,276,276,284,264,268,272,264,256,256,260,268,276,272,268,256,276,288,284,272,280,284,272,280,280,256,280,300,276,288,272,292,304,296,288,292,292,288,284,296
2026-08-15T22:00:00Z,268,116,112,276,220,136,184,196,196,196,184,192,192,192,192,192,200,176,268,280,316,276,276,280,284,280,288,288,280,288,268,276,272,284,276,272,272,268,284,276,264,284,284,264,288,252,264,280,268,272,272,296,340,344,272,272,292,260,20,16,292,252,300,272
2026-08-15T23:00:00Z,280,280,120,240,256,200,200,200,208,200,208,188,200,204,188,188,176,316,296,304,304,284,292,284,288,288,288,288,280,276,288,284,304,300,280,292,292,284,276,276,280,272,260,300,280,300,284,268,272,292,268,284,272,264,264,256,264,248,264,244,304,296,268,288
2026-08-16T00:00:00Z,288,108,292,276,156,180,196,208,200,212,196,192,188,184,200,200,172,300,288,296,292,276,280,272,284,284,288,300,292,296,276,296,284,292,284,300,288,288,288,288,280,292,276,268,276,276,248,284,336,324,296,276,280,292,280,280,292,256,12,292,320,312,340,324
2026-08-16T01:00:00Z,260,268,264,152,132,272,216,204,208,204,196,200,196,184,188,164,196,196,284,304,296,280,288,280,280,284,272,276,284,284,288,284,292,276,320,280,288,284,276,300,288,248,248,300,280,300,288,252,260,284,280,280,272,240,300,272,288,216,304,212,344,304,340,16
2026-08-16T02:00:00Z,284,268,264,108,256,272,200,204,204,184,200,192,188,184,192,196,192,256,272,288,276,268,280,264,276,280,280,276,276,284,292,292,272,288,276,272,272,268,248,316,260,288,248,244,244,280,256,268,228,248,220,348,288,248,332,236,240,208,208,8,24,16,16,28
2026-08-16T03:00:00Z,236,188,308,264,256,208,200,204,204,208,204,204,196,188,160,208,188,260,248,284,288,284,280,276,268,268,280,284,280,288,280,288,288,272,280,276,272,280,260,268,292,220,252,256,272,248,292,304,216,240,228,336,300,252,284,264,348,300,244,316,4,344,252,336
2026-08-16T04:00:00Z,124,300,296,272,140,272,208,204,204,204,208,196,184,196,168,196,224,144,300,276,268,268,276,288,280,288,284,284,284,284,288,292,296,296,296,300,284,308,308,284,304,304,280,304,292,300,308,308,324,0,336,308,220,336,336,344,296,304,308,304,348,0,332,336
2026-08-16T05:00:00Z,144,128,276,284,128,192,212,196,204,192,212,204,192,184,240,204,184,248,300,312,284,284,280,284,284,288,284,292,292,292,284,284,296,288,300,292,312,304,300,312,316,324,296,308,316,316,320,316,300,316,340,324,328,20,332,312,300,324,320,336,328,336,12,40
2026-08-16T06:00:00Z,296,292,288,312,300,148,228,192,208,192,204,196,196,196,196,184,188,196,272,284,296,276,284,280,288,292,280,296,292,296,300,284,300,296,288,272,272,288,296,320,304,320,300,316,316,300,300,304,300,320,312,332,348,340,336,336,324,356,332,332,340,348,336,336
2026-08-16T07:00:00Z,260,280,124,284,176,204,196,196,200,196,208,192,192,180,188,184,200,180,188,216,272,284,272,272,272,288,288,288,292,284,280,284,292,280,292,280,300,268,272,272,252,288,264,304,272,240,320,300,284,284,336,12,296,340,288,248,304,312,300,312,324,288,356,20
2026-08-16T08:00:00Z,300,288,276,112,120,188,180,208,200,200,200,212,192,196,192,184,196,164,188,252,280,292,288,280,272,276,284,284,280,292,244,304,296,264,284,304,300,324,304,308,316,304,280,276,288,8,320,312,4,328,280,300,280,304,324,352,320,312,292,260,4,312,300,324
2026-08-16T09:00:00Z,228,164,236,148,172,216,204,196,212,204,212,224,204,192,180,200,204,208,188,304,280,268,268,256,268,268,280,284,288,280,300,280,256,296,296,288,284,304,300,280,292,292,300,296,308,288,300,324,340,332,300,316,308,344,320,312,300,340,328,320,348,348,344,0
2026-08-16T10:00:00Z,140,276,128,120,252,156,236,216,212,200,212,192,200,180,188,188,188,196,316,248,292,284,268,256,256,264,264,280,284,296,280,292,264,280,280,280,296,300,276,212,240,8,312,248,280,316,296,308,292,320,288,320,328,316,344,228,20,0,352,12,4,336,340,344
2026-08-16T11:00:00Z,200,148,292,276,184,220,196,208,204,200,196,196,188,192,232,188,196,260,304,288,276,276,268,268,268,264,264,272,284,284,300,284,284,296,272,268,324,268,260,284,292,272,312,264,308,340,324,292,348,252,344,24,244,228,348,0,344,352,340,344,324,340,324,324
2026-08-16T12:00:00Z,228,232,316,140,196,228,204,204,200,204,208,192,200,184,196,188,184,232,296,296,276,276,276,272,268,268,272,280,272,276,292,288,284,276,296,276,272,252,252,252,268,260,248,236,208,336,208,264,288,336,320,260,240,248,248,284,24,348,336,312,328,316,328,328
2026-08-16T13:00:00Z,252,268,228,80,252,212,172,208,200,196,208,208,196,200,200,208,192,188,152,224,284,272,268,264,268,268,264,256,260,276,256,260,288,260,276,252,232,248,244,240,236,236,232,268,220,248,232,216,332,284,200,200,248,212,260,336,224,208,204,16,4,228,264,324
2026-08-16T14:00:00Z,136,96,100,252,236,224,184,204,204,196,208,196,196,180,188,200,204,168,272,272,276,276,276,268,272,264,268,272,272,272,272,284,264,260,284,256,272,252,252,248,256,260,256,264,256,244,232,216,236,212,232,216,224,172,292,220,212,224,8,20,304,224,256,204
2026-08-16T15:00:00Z,208,212,268,112,240,220,192,208,200,208,200,208,204,212,200,188,196,192,276,264,280,280,276,284,272,272,268,268,264,260,280,268,272,260,280,268,232,248,240,272,264,256,224,356,236,228,16,244,204,208,208,220,32,216,248,20,216,252,228,32,228,332,0,16
2026-08-16T16:00:00Z,224,212,276,272,240,220,212,200,204,208,208,212,204,180,188,200,204,224,308,304,308,284,288,284,280,272,272,268,264,272,268,296,280,280,272,284,276,280,272,264,232,256,236,260,232,252,280,244,228,220,240,208,228,208,20,16,296,216,260,32,20,352,0,4
2026-08-16T17:00:00Z,236,264,100,260,300,260,196,196,212,192,192,208,204,208,216,196,204,164,252,296,272,284,292,288,280,268,272,272,272,272,272,272,272,268,284,280,272,300,288,276,260,244,280,280,224,312,260,256,252,276,244,248,16,356,36,352,12,4,16,12,340,340,32,24
2026-08-16T18:00:00Z,248,288,244,100,104,120,200,200,208,216,208,208,212,204,208,208,200,208,248,268,292,288,284,284,284,284,268,272,268,280,284,276,264,284,276,296,268,256,252,260,296,320,272,240,324,8,256,340,20,220,248,296,16,332,28,268,276,272,344,296,324,300,316,312
2026-08-16T19:00:00Z,284,280,108,296,264,128,172,200,208,208,200,204,188,200,220,200,196,196,228,272,272,288,292,288,280,272,288,284,280,280,268,288,268,280,276,276,276,276,268,276,280,284,272,272,272,284,296,284,296,304,288,296,292,268,296,264,296,296,280,284,304,292,308,296
2026-08-16T20:00:00Z,140,124,96,296,240,212,192,196,208,196,204,200,204,196,200,200,196,208,228,260,280,280,276,280,284,272,264,268,264,264,260,268,272,272,264,268,276,276,276,284,268,268,284,292,288,272,244,280,12,300,292,292,300,316,288,268,288,308,308,296,296,292,304,288
2026-08-16T21:00:00Z,272,76,120,84,272,256,180,204,204,196,192,204,208,208,204,188,180,236,272,288,280,280,280,284,280,276,280,268,260,288,280,272,272,272,276,288,276,268,284,264,264,288,272,312,260,276,280,284,284,312,324,304,304,324,308,300,332,296,332,312,288,284,292,296
2026-08-16T22:00:00Z,264,256,276,112,112,304,200,196,204,196,204,196,216,204,176,216,184,148,308,288,292,288,296,284,284,284,280,284,284,280,280,284,280,280,280,284,288,276,284,296,276,296,296,288,268,288,300,296,288,304,316,16,288,308,356,328,312,288,256,256,328,304,316,312
2026-08-16T23:00:00Z,128,116,120,288,156,132,232,196,192,196,200,204,204,188,208,184,164,244,276,296,288,304,296,288,284,280,272,276,280,276,276,276,284,280,272,288,288,284,264,288,292,288,300,312,312,256,296,312,292,296,296,336,348,328,324,300,328,332,328,320,308,344,312,320
2026-08-17T00:00:00Z,112,108,288,320,292,304,248,196,196,208,200,200,208,220,212,192,188,216,272,288,292,288,296,292,292,280,284,272,268,272,272,272,264,276,288,280,276,288,284,304,288,292,280,264,288,224,264,300,300,312,316,288,316,328,320,288,336,340,316,300,324,340,344,312
2026-08-17T01:00:00Z,272,288,128,292,284,184,132,200,208,208,208,212,216,188,204,252,216,288,280,284,292,296,284,284,284,284,292,284,284,272,280,276,268,288,284,284,272,292,268,280,296,276,276,268,264,272,268,280,280,284,300,292,292,304,280,348,328,324,340,236,296,292,316,324
2026-08-17T02:00:00Z,120,308,284,316,136,304,192,192,200,192,208,196,200,176,220,220,160,304,284,280,296,296,276,276,284,288,280,280,276,276,296,292,268,280,284,260,280,272,292,280,332,284,288,296,284,284,292,328,300,304,304,316,328,324,316,352,312,324,320,336,328,332,332,328
2026-08-17T03:00:00Z,132,124,136,140,300,156,300,188,208,204,216,200,196,212,176,168,204,236,304,268,280,280,276,268,272,276,280,280,284,284,284,280,280,276,260,264,284,276,256,264,276,280,308,284,272,280,316,296,284,260,268,316,296,296,312,308,324,340,264,328,328,332,332,332
2026-08-17T04:00:00Z,156,320,124,144,152,152,156,208,204,200,208,204,200,224,156,196,164,296,276,272,280,276,272,276,284,280,272,280,284,284,276,280,296,292,284,288,284,288,280,292,284,280,316,332,288,288,296,16,224,336,284,284,288,336,320,356,332,0,356,336,320,352,340,20
2026-08-17T05:00:00Z,288,108,304,304,300,276,168,208,212,192,212,208,212,220,160,208,220,200,248,280,268,284,280,272,276,280,288,288,288,280,276,280,272,276,284,288,292,292,276,288,288,280,268,292,304,292,340,288,288,312,316,340,296,328,312,328,348,324,8,276,344,348,352,340
2026-08-17T06:00:00Z,144,340,292,312,296,272,160,208,200,204,212,196,196,216,184,172,228,252,252,252,260,272,280,276,288,280,292,288,288,304,300,304,284,296,296,292,316,276,276,284,288,284,280,284,312,292,284,316,284,312,316,344,276,332,324,304,280,312,340,304,288,296,324,344
2026-08-17T07:00:00Z,136,320,124,112,268,148,272,160,204,204,192,196,208,208,200,176,232,208,296,248,256,268,268,272,272,292,284,296,308,292,284,296,304,304,340,312,276,296,280,312,304,296,264,304,308,308,324,292,292,320,292,300,348,300,304,12,312,312,316,336,296,308,304,264
2026-08-17T08:00:00Z,300,308,296,304,288,144,188,192,212,212,200,208,212,212,200,192,148,268,260,252,264,256,268,280,268,276,300,304,304,280,284,272,280,312,300,276,312,284,288,296,308,296,292,328,304,344,348,20,328,300,308,316,320,332,316,356,336,296,316,328,316,328,324,236
2026-08-17T09:00:00Z,300,304,320,164,160,176,208,220,204,204,196,208,240,204,196,212,216,248,244,252,264,264,268,264,276,280,272,296,292,308,284,292,280,288,284,300,288,276,308,308,296,232,308,8,284,324,308,292,308,324,324,344,312,252,284,288,308,336,340,332,4,304,324,332
2026-08-17T10:00:00Z,312,308,144,320,324,144,152,196,208,216,208,204,220,228,200,196,228,252,248,260,260,272,272,280,276,280,284,292,284,296,300,292,280,272,288,284,296,288,292,264,316,296,284,276,304,320,320,344,320,328,344,328,336,336,336,308,320,332,4,344,336,0,332,352
2026-08-17T11:00:00Z,296,304,104,292,284,156,160,200,200,216,208,216,192,208,232,220,204,244,256,264,268,272,276,268,280,280,280,284,288,276,284,280,264,268,324,320,256,300,296,320,304,228,356,352,212,324,268,332,300,324,324,268,12,324,352,16,12,208,348,8,4,340,324,0
2026-08-17T12:00:00Z,124,300,276,296,264,276,236,200,204,208,204,200,204,200,192,212,200,276,256,260,268,272,272,280,276,272,276,288,288,280,280,260,252,284,284,292,276,260,284,252,200,4,224,216,244,12,348,244,204,356,4,352,352,12,240,356,356,0,4,12,28,20,4,356
2026-08-17T13:00:00Z,188,228,124,264,264,204,176,200,216,204,204,192,216,204,184,152,232,248,268,268,268,276,276,276,264,272,280,280,284,280,264,276,276,264,276,280,240,240,276,296,236,288,212,208,208,256,248,204,224,200,0,196,212,16,12,340,336,352,356,356,4,348,0,4
2026-08-17T14:00:00Z,276,112,280,276,288,284,216,212,208,216,208,204,200,212,228,212,216,236,272,280,272,280,280,280,272,276,280,284,276,268,260,276,276,276,256,264,252,256,252,264,256,248,236,240,0,272,216,208,228,248,244,300,212,252,212,208,248,216,16,352,212,4,228,244
2026-08-17T15:00:00Z,292,292,124,288,296,272,240,200,204,200,200,196,220,188,216,212,196,268,276,284,284,288,280,284,284,288,300,264,272,264,272,272,240,244,252,276,272,256,284,260,260,276,248,248,264,200,224,256,280,236,224,236,232,236,268,220,316,220,240,200,20,20,20,4
2026-08-17T16:00:00Z,292,260,276,92,264,252,276,212,204,200,196,212,212,204,220,200,232,272,284,276,280,288,272,288,272,268,280,280,272,260,268,268,256,252,244,276,284,260,256,276,244,236,212,0,240,256,280,224,224,256,196,240,240,224,12,352,352,16,216,0,332,276,312,320
2026-08-17T17:00:00Z,108,284,272,296,288,296,220,216,200,188,208,200,196,204,200,204,176,284,288,292,284,292,284,280,280,288,288,296,304,288,276,296,276,292,280,288,320,296,220,0,204,240,228,300,276,252,220,200,216,284,268,208,256,328,296,248,312,280,300,284,312,204,268,264
2026-08-17T18:00:00Z,296,312,128,304,128,184,232,204,208,208,208,212,204,212,188,220,212,284,276,288,292,280,268,276,288,300,304,284,296,288,296,272,312,224,296,268,316,320,356,336,284,12,284,328,280,268,212,312,320,4,352,320,4,268,260,260,284,300,320,292,296,308,320,344
2026-08-17T19:00:00Z,136,168,264,296,132,92,272,188,192,204,200,212,212,200,200,224,216,260,288,288,288,288,264,272,280,272,276,276,288,272,284,268,292,284,272,292,260,248,268,220,240,292,232,212,244,232,224,284,284,328,296,300,288,356,216,300,268,336,12,8,304,324,312,312
2026-08-17T20:00:00Z,272,260,264,104,108,244,196,188,192,196,196,224,200,208,204,176,212,272,280,292,292,276,264,264,268,260,280,264,268,272,260,264,272,256,268,248,236,244,0,232,236,264,288,292,288,236,228,324,324,284,316,296,312,224,248,252,28,312,292,264,344,280,304,296
2026-08-17T21:00:00Z,304,132,64,268,280,248,124,200,200,204,200,208,196,196,196,212,224,260,268,284,284,276,276,276,268,260,268,272,280,248,248,264,260,272,264,252,252,284,256,236,236,252,252,264,268,276,256,268,308,316,328,336,312,304,308,304,300,308,324,312,296,0,304,0
2026-08-17T22:00:00Z,284,308,92,272,316,156,260,204,192,216,224,200,204,212,264,208,252,260,276,280,288,288,280,276,268,268,272,272,272,268,280,284,280,268,256,260,268,256,268,260,256,284,260,264,272,264,228,292,212,264,252,272,288,300,288,300,232,328,280,292,320,300,284,304
2026-08-17T23:00:00Z,288,276,272,96,116,264,288,208,212,200,200,216,204,220,232,240,236,260,276,284,288,288,276,276,268,276,268,272,272,276,280,284,276,284,288,264,292,300,288,280,284,272,272,292,288,308,300,296,264,292,292,272,296,316,328,340,328,308,312,316,304,312,320,312
2026-08-18T00:00:00Z,128,296,300,288,276,280,140,200,196,212,216,200,224,212,172,164,312,284,276,280,284,288,288,288,288,280,272,280,284,284,292,284,280,284,276,276,288,280,312,272,308,296,292,280,292,304,268,300,324,300,328,336,304,288,324,296,320,328,320,24,324,348,320,316
2026-08-18T01:00:00Z,288,284,284,276,108,260,132,212,184,220,204,208,192,140,216,172,176,280,284,292,292,288,288,288,284,284,272,276,280,284,276,284,280,284,276,284,300,284,304,296,264,272,292,284,276,292,324,304,300,292,8,304,324,312,320,296,300,344,308,340,332,340,308,320
2026-08-18T02:00:00Z,260,284,268,284,288,276,264,264,228,204,216,188,196,216,272,120,272,296,284,276,276,284,272,276,268,284,284,276,280,280,276,264,284,276,280,268,268,288,304,316,272,288,284,284,292,276,272,280,296,300,304,316,304,304,328,308,296,332,336,332,280,320,328,328
2026-08-18T03:00:00Z,116,116,124,296,280,108,184,280,188,200,204,188,204,212,192,144,292,264,272,264,284,276,268,280,280,284,280,276,276,276,284,280,268,280,276,296,280,288,280,268,296,284,324,296,240,288,308,312,312,304,308,300,284,320,312,304,336,320,336,328,340,0,344,320
2026-08-18T04:00:00Z,296,112,108,272,280,296,280,268,208,204,212,200,156,180,216,244,292,272,268,268,268,280,272,276,284,284,280,276,288,280,276,284,268,272,268,244,272,292,304,284,268,244,288,288,284,288,236,264,340,312,328,8,328,344,332,336,328,324,332,328,328,340,332,336
2026-08-18T05:00:00Z,132,300,120,304,128,192,148,212,200,200,208,200,192,240,212,220,300,256,268,284,276,280,272,288,292,284,280,288,292,292,284,288,292,288,308,248,232,300,280,260,300,228,312,284,300,324,312,252,344,336,328,324,12,320,312,356,352,340,356,348,344,4,356,336
2026-08-18T06:00:00Z,328,136,320,156,268,280,200,200,216,208,208,216,212,180,192,216,260,236,268,264,252,272,272,292,284,292,288,292,276,284,280,296,284,272,240,288,228,352,316,288,292,320,308,356,328,352,4,4,348,328,344,8,24,348,0,352,344,340,4,0,340,4,0,348
2026-08-18T07:00:00Z,184,184,276,312,180,188,184,200,192,212,208,212,200,184,196,204,272,268,256,256,264,272,284,288,292,300,284,300,296,292,296,312,312,332,324,320,312,312,304,236,268,324,324,332,344,0,352,0,316,348,340,356,348,20,4,356,344,332,352,0,348,340,336,340
2026-08-18T08:00:00Z,276,192,336,348,212,308,196,184,204,208,196,188,196,208,248,196,268,256,260,256,272,280,276,280,296,252,300,296,316,320,300,308,292,300,324,324,328,304,308,292,268,336,336,332,316,328,340,340,356,352,348,348,328,320,336,0,0,28,324,324,344,340,12,356
2026-08-18T09:00:00Z,164,300,164,296,316,216,180,224,216,212,208,208,200,196,204,172,152,256,264,264,268,268,272,276,284,304,304,316,292,288,316,328,304,296,308,212,212,264,244,344,20,0,336,328,344,224,224,288,208,12,8,12,356,16,20,12,208,196,0,356,8,332,352,356
2026-08-18T10:00:00Z,260,268,280,32,244,208,212,200,204,204,200,196,212,200,208,216,288,260,256,272,280,272,268,272,288,288,292,296,284,272,292,328,200,264,292,4,296,308,300,300,240,292,320,204,4,0,208,340,204,280,272,252,344,340,348,356,328,16,312,328,324,312,312,332
2026-08-18T11:00:00Z,148,152,132,292,240,156,204,212,188,200,196,208,200,208,212,168,268,268,264,272,280,284,284,272,276,280,288,300,296,328,292,308,296,328,316,316,240,272,316,312,312,0,216,328,288,260,308,312,344,320,4,336,4,16,12,4,340,328,340,356,8,348,20,272
2026-08-18T12:00:00Z,288,296,136,176,300,180,188,216,200,208,208,212,200,184,212,152,280,276,272,276,280,280,280,276,276,288,284,276,292,304,268,288,280,260,336,216,312,292,316,312,4,300,300,332,336,320,316,340,336,344,352,348,208,0,304,324,352,340,0,352,344,324,356,0
2026-08-18T13:00:00Z,184,96,288,296,292,248,220,216,212,200,188,192,212,232,212,212,244,272,276,284,292,288,292,288,284,288,284,304,288,276,280,284,292,292,276,300,272,352,208,276,332,308,204,4,336,304,348,0,320,0,332,304,316,344,216,0,4,340,340,336,4,232,220,212
2026-08-18T14:00:00Z,264,100,284,200,288,244,216,216,204,192,196,192,200,196,196,212,260,268,276,288,288,288,292,296,280,284,300,288,284,292,272,276,304,272,268,268,272,352,236,268,256,200,8,352,0,328,352,332,12,0,236,300,268,208,236,256,232,316,4,348,328,340,240,20
2026-08-18T15:00:00Z,252,264,260,248,236,220,208,216,204,200,208,204,208,200,204,216,272,284,288,280,288,288,288,288,284,280,272,280,292,272,260,252,276,284,260,276,324,220,264,264,232,268,272,356,260,256,228,228,200,216,356,308,232,332,196,204,212,216,224,204,220,200,200,4
2026-08-18T16:00:00Z,252,276,248,268,236,264,212,212,200,200,212,204,192,204,328,184,220,260,284,276,284,284,288,284,284,280,280,268,256,284,272,268,264,268,260,272,236,248,236,228,256,236,236,284,204,336,264,232,208,204,232,200,212,212,224,280,264,220,220,248,352,224,236,204
2026-08-18T17:00:00Z,256,276,276,256,268,244,204,208,200,216,196,212,228,196,232,200,264,276,288,288,292,288,296,288,288,272,272,284,272,276,276,280,268,272,280,276,276,280,216,268,260,216,252,232,220,208,216,20,228,216,244,232,272,232,236,236,232,200,248,256,216,212,344,260
2026-08-18T18:00:00Z,136,304,280,272,304,264,208,216,196,204,204,196,200,196,196,200,260,272,280,284,292,276,288,292,284,292,284,272,296,280,280,292,284,296,252,276,268,256,196,248,260,232,260,272,260,264,220,192,212,256,312,296,240,288,276,304,4,312,284,252,316,316,304,292
2026-08-18T19:00:00Z,264,260,268,284,140,136,200,208,188,196,204,188,220,200,232,252,280,288,280,288,288,292,284,284,280,280,292,284,268,276,272,252,280,288,276,272,244,248,276,272,284,356,236,248,316,288,264,200,356,256,280,280,292,344,0,308,324,308,304,296,320,296,280,320
2026-08-18T20:00:00Z,260,272,280,280,292,132,176,216,184,196,200,200,208,200,212,216,268,288,288,288,292,288,284,276,272,268,280,276,272,276,272,288,256,272,272,272,224,320,256,300,288,4,284,264,288,272,280,316,316,272,304,212,344,296,296,328,320,304,328,312,324,300,304,324
2026-08-18T21:00:00Z,108,112,92,296,280,124,200,216,192,212,236,208,208,180,200,192,276,276,288,292,284,280,288,272,268,264,272,280,284,280,272,256,288,288,12,260,268,292,268,316,280,248,260,284,304,252,236,284,300,284,320,328,312,320,304,352,328,312,312,332,328,340,328,340
2026-08-18T22:00:00Z,148,296,324,264,132,272,200,212,212,212,184,204,192,176,196,300,272,288,288,288,288,284,276,264,268,276,272,276,260,264,272,264,268,276,288,292,280,276,272,288,268,276,244,256,208,340,292,356,312,288,320,260,284,320,324,308,312,316,328,280,276,340,272,320
2026-08-18T23:00:00Z,276,284,320,120,280,104,256,216,200,196,196,164,220,176,252,200,288,292,300,296,296,288,280,272,280,276,292,280,252,264,272,260,248,276,300,292,288,268,276,292,312,264,264,280,328,284,292,300,308,320,320,0,260,300,292,240,340,356,312,296,332,336,316,340
2026-08-19T00:00:00Z,264,272,280,100,284,284,228,192,220,212,196,244,184,184,212,164,280,280,292,284,288,284,288,272,268,264,268,272,280,288,264,268,256,280,268,308,296,300,272,268,268,228,280,288,336,288,260,292,316,312,292,0,332,296,320,324,296,316,324,336,0,344,336,332
2026-08-19T01:00:00Z,288,288,280,276,280,104,232,212,216,196,204,144,184,200,224,264,276,284,288,292,284,284,276,284,280,276,284,276,280,272,268,260,264,272,268,296,288,280,272,264,248,272,264,280,220,252,284,276,304,284,300,308,356,332,340,356,344,328,316,256,296,328,296,328
2026-08-19T02:00:00Z,120,108,300,112,124,296,188,216,216,208,184,196,184,192,132,264,276,280,280,296,296,280,280,276,268,260,276,272,260,276,288,280,284,284,268,276,268,264,256,268,284,296,292,296,276,312,304,292,292,296,316,304,316,300,324,300,292,324,328,344,300,312,300,308
2026-08-19T03:00:00Z,280,272,288,284,284,136,208,136,224,196,204,228,208,228,236,248,272,280,288,280,280,276,276,276,272,272,276,276,280,284,284,272,284,280,276,288,284,284,268,284,300,272,288,308,300,300,304,276,292,336,340,292,300,296,292,284,308,332,332,284,328,316,320,332
2026-08-19T04:00:00Z,124,128,288,300,296,116,164,220,196,208,216,172,184,220,208,188,284,276,288,288,284,268,272,280,272,272,284,284,280,276,272,268,276,276,280,308,296,292,248,280,4,328,292,272,284,316,296,248,340,16,312,320,308,324,312,328,332,340,324,312,332,344,348,348
2026-08-19T05:00:00Z,296,304,324,300,300,284,144,212,192,180,212,196,176,196,200,224,308,292,292,284,292,272,280,260,276,288,280,280,308,292,264,256,280,276,276,268,260,280,268,332,264,280,268,272,228,356,12,316,324,308,256,332,340,344,332,328,328,320,340,344,332,336,348,336
2026-08-19T06:00:00Z,300,300,292,308,312,140,160,200,204,196,208,216,192,212,204,244,292,276,284,292,292,268,256,276,272,264,284,292,276,288,292,288,252,260,292,260,252,280,324,344,28,324,216,248,288,8,308,340,212,324,316,332,0,348,356,340,16,308,328,0,356,340,340,316
2026-08-19T07:00:00Z,152,152,152,152,152,324,164,216,208,184,208,212,212,196,220,224,292,288,284,292,292,288,280,284,280,268,280,284,284,252,308,304,288,284,268,264,284,288,260,252,256,12,240,312,296,208,228,8,348,8,332,8,20,348,304,348,356,340,340,348,336,344,352,340
2026-08-19T08:00:00Z,304,312,328,324,312,132,200,188,204,196,200,204,204,192,224,220,260,264,272,280,276,280,288,284,276,256,276,260,284,296,236,276,276,280,256,268,296,296,244,200,220,212,224,236,8,204,20,356,320,0,0,348,236,220,8,208,0,352,332,348,8,344,0,340
2026-08-19T09:00:00Z,324,336,320,156,156,312,212,216,208,212,196,208,212,204,204,224,252,272,284,280,272,272,280,280,260,268,272,284,264,280,272,288,264,212,240,256,224,212,236,216,200,220,240,204,216,212,204,204,356,12,20,356,180,236,352,344,344,4,356,356,356,0,340,336
2026-08-19T10:00:00Z,152,152,152,172,292,172,220,208,200,196,220,200,212,184,184,268,280,276,280,276,268,272,260,264,268,288,232,268,232,232,224,224,240,248,236,236,196,192,264,4,196,240,216,0,224,220,228,216,220,204,0,4,356,204,196,8,356,4,348,0,356,0,344,352
2026-08-19T11:00:00Z,124,132,356,228,336,308,200,204,216,192,216,204,208,180,240,212,280,284,292,292,280,276,272,272,276,284,224,256,268,236,260,256,316,228,228,340,276,260,248,232,200,196,204,320,348,352,200,204,332,200,184,216,180,204,184,212,200,180,356,356,180,4,184,344
2026-08-19T12:00:00Z,96,260,72,164,212,184,208,208,212,196,196,172,212,200,184,208,280,276,292,292,288,276,272,272,268,260,272,260,268,260,240,236,236,244,244,252,260,204,232,236,200,188,208,200,216,224,216,0,192,204,220,192,192,216,196,12,200,332,356,16,4,344,340,352
2026-08-19T13:00:00Z,84,272,204,304,220,216,188,208,196,196,200,200,200,212,208,212,276,284,296,292,288,284,280,276,288,276,276,272,268,260,268,272,196,256,232,236,232,340,248,236,204,256,224,232,224,344,0,208,232,8,184,196,200,208,0,0,16,228,352,8,12,8,316,316
2026-08-19T14:00:00Z,120,144,304,284,296,204,152,196,212,204,200,204,200,224,208,236,268,284,292,296,284,288,284,272,284,276,284,276,256,332,272,256,252,252,272,268,216,200,200,292,244,216,216,216,216,236,352,340,348,356,212,344,208,344,336,336,340,324,352,4,4,352,16,348
2026-08-19T15:00:00Z,284,296,280,120,104,264,200,204,208,204,192,216,212,192,184,212,280,288,296,296,296,300,284,276,276,276,276,272,272,296,248,268,272,260,252,220,240,240,256,236,220,240,240,208,228,204,244,220,204,212,216,232,220,232,232,0,316,212,344,340,8,352,352,0
2026-08-19T16:00:00Z,276,104,288,356,252,228,236,220,192,212,192,196,208,200,220,216,276,288,300,300,296,288,292,280,276,284,276,280,268,256,276,252,276,264,260,260,240,228,256,272,228,244,220,228,212,232,236,256,216,204,224,240,336,260,12,232,220,0,220,232,216,4,204,216
2026-08-19T17:00:00Z,112,284,268,280,152,128,204,212,204,216,200,172,184,208,204,208,280,292,292,288,288,292,284,288,280,288,264,264,284,272,276,272,268,260,240,240,284,236,256,276,244,228,244,240,224,200,248,224,216,232,240,224,232,12,8,324,348,296,264,304,0,4,308,316
2026-08-19T18:00:00Z,96,268,264,280,268,264,244,200,208,188,220,208,184,212,204,228,196,288,292,288,284,288,292,292,284,280,272,264,260,272,276,280,272,256,240,244,196,256,284,236,244,248,236,240,244,224,232,224,236,260,260,232,224,212,228,284,208,256,236,260,264,288,12,4
2026-08-19T19:00:00Z,256,276,280,284,276,184,188,204,216,212,204,200,188,208,224,200,300,280,292,288,292,280,296,296,284,272,272,284,288,292,276,280,296,276,268,284,268,264,264,276,272,236,260,248,268,312,332,340,8,188,352,188,200,236,8,224,216,272,324,328,236,220,288,292
2026-08-19T20:00:00Z,120,132,292,116,272,256,168,192,196,208,200,204,192,204,216,232,260,276,272,292,288,284,292,284,280,280,288,284,280,288,280,288,268,272,272,264,264,232,260,276,228,232,216,240,228,232,220,0,200,196,224,344,232,244,244,280,244,280,256,284,252,260,260,268
2026-08-19T21:00:00Z,260,96,244,280,116,272,152,212,204,188,188,192,196,220,200,172,220,280,288,288,284,288,284,284,272,260,280,276,284,296,268,272,280,280,268,284,264,244,236,224,232,264,260,268,276,312,256,268,288,280,256,276,232,252,260,276,292,336,300,300,316,320,324,324
2026-08-19T22:00:00Z,264,292,272,272,288,120,228,200,192,188,180,196,204,212,184,200,284,284,288,288,276,284,280,280,284,272,264,284,268,296,280,272,268,280,272,260,272,280,236,288,252,244,244,260,284,264,248,280,300,284,276,272,272,268,276,348,320,284,316,300,280,320,316,300
2026-08-19T23:00:00Z,240,72,288,244,252,260,264,200,200,196,204,200,208,216,192,220,272,284,300,300,288,284,288,272,272,284,256,260,268,268,264,260,256,276,268,272,276,276,264,288,280,280,244,268,276,280,276,276,300,320,292,284,320,280,284,276,312,296,280,288,284,300,296,304
2026-08-20T00:00:00Z,220,216,292,144,236,272,208,196,196,200,196,200,216,192,144,228,292,284,284,292,288,284,300,288,276,276,272,268,272,264,268,244,264,272,284,280,280,280,276,308,308,300,312,284,268,292,312,296,316,24,336,336,320,344,340,308,304,296,292,296,308,344,320,312
2026-08-20T01:00:00Z,104,264,252,248,80,244,180,188,200,196,180,204,184,172,188,212,284,280,296,296,292,296,276,276,280,292,276,284,268,284,288,260,268,276,284,260,284,296,312,332,292,284,260,284,308,316,292,248,308,12,348,312,316,328,324,328,324,356,324,312,316,300,320,344
2026-08-20T02:00:00Z,260,268,272,260,80,260,100,180,228,192,192,200,180,176,200,252,296,284,292,288,288,284,288,280,260,260,268,276,268,280,264,272,248,272,256,264,264,288,296,288,232,292,8,272,268,328,288,260,248,4,292,312,312,288,300,324,252,280,304,344,324,304,288,296
2026-08-20T03:00:00Z,228,264,264,80,244,280,92,232,212,212,192,216,224,172,220,244,304,292,300,288,292,276,292,280,284,268,288,292,288,268,276,272,264,276,240,264,280,288,312,296,244,264,288,268,276,252,220,224,268,312,348,336,316,308,312,292,320,312,324,328,348,340,336,332
2026-08-20T04:00:00Z,260,272,280,108,268,280,280,228,200,196,180,192,180,196,160,172,304,296,300,296,300,284,284,280,280,276,272,288,296,292,280,272,272,268,248,260,248,272,276,252,264,272,256,268,348,260,356,344,224,8,232,228,316,348,336,324,352,308,0,352,356,324,320,336
2026-08-20T05:00:00Z,128,104,268,280,100,100,268,192,208,192,204,204,196,200,244,216,312,296,296,292,288,276,272,264,268,276,272,272,272,264,276,272,260,260,260,268,260,252,276,240,328,336,260,260,236,16,252,248,248,280,300,228,240,248,268,40,300,312,4,248,356,20,348,320
2026-08-20T06:00:00Z,100,96,288,252,280,136,156,228,188,200,188,192,188,212,224,184,284,296,284,288,280,268,280,280,284,284,296,280,280,280,276,292,280,288,272,276,272,244,264,260,280,264,244,240,216,280,300,312,12,36,316,300,312,308,268,324,308,304,328,308,284,284,348,336
2026-08-20T07:00:00Z,280,280,284,292,284,280,224,184,216,200,188,184,192,156,180,224,256,296,288,288,272,272,280,280,288,284,284,284,300,300,304,272,272,300,276,196,268,288,272,264,264,268,344,212,320,324,280,324,316,264,280,308,316,296,356,340,4,336,344,320,316,328,332,312
2026-08-20T08:00:00Z,284,288,300,120,108,256,124,176,208,204,196,180,176,164,184,216,184,288,276,284,272,284,280,280,280,276,260,284,300,276,252,288,288,268,236,240,288,288,292,228,216,244,192,188,244,308,216,336,228,336,12,324,316,208,264,340,352,340,340,332,344,340,324,324
2026-08-20T09:00:00Z,288,276,120,112,292,276,288,184,192,204,188,196,196,184,224,200,272,268,268,260,264,272,268,264,276,276,268,280,312,280,232,248,228,236,260,216,272,240,236,212,192,188,212,4,356,184,184,256,264,8,16,0,340,340,356,8,340,352,8,344,20,328,332,348
2026-08-20T10:00:00Z,284,284,288,288,296,224,232,192,204,192,196,244,200,192,212,192,276,268,268,272,272,268,260,276,276,284,276,276,272,252,272,264,228,248,248,224,232,196,316,256,240,248,348,176,356,352,184,204,208,180,336,4,336,192,176,348,312,328,324,344,352,172,356,348
2026-08-20T11:00:00Z,304,308,236,268,152,156,160,180,188,196,192,180,200,188,184,228,256,268,280,288,268,272,276,276,276,284,276,248,276,268,240,288,240,252,272,196,340,348,208,196,204,196,244,176,184,192,200,204,196,180,204,184,344,336,320,0,356,336,348,336,320,332,332,356
2026-08-20T12:00:00Z,240,272,272,276,132,252,176,188,188,200,192,196,180,200,196,204,200,280,288,288,272,276,264,268,260,260,272,240,292,244,220,260,236,232,224,232,224,236,216,308,184,204,196,204,208,192,196,200,176,192,188,168,184,168,180,184,172,336,324,340,348,348,328,332
2026-08-20T13:00:00Z,236,288,248,276,96,212,244,188,200,204,196,196,208,264,204,224,260,284,292,296,292,280,288,276,260,256,268,260,252,244,252,236,240,260,224,240,232,228,216,228,228,216,208,208,196,208,212,188,196,200,200,212,220,196,184,196,192,188,204,176,172,204,172,352
2026-08-20T14:00:00Z,252,252,264,236,244,244,236,172,188,188,188,196,200,176,188,208,260,296,296,308,292,280,272,272,276,268,264,284,256,276,264,252,236,224,252,232,232,236,224,212,216,204,216,208,212,216,212,208,216,200,192,348,204,208,200,200,208,184,212,184,188,340,0,356
2026-08-20T15:00:00Z,248,88,252,252,252,244,188,188,196,200,208,188,200,184,192,272,312,280,288,292,292,280,284,280,276,264,244,252,244,248,260,236,236,236,244,240,224,236,240,204,204,188,216,284,204,224,228,196,176,204,204,200,184,180,188,208,208,200,200,204,204,188,188,344
2026-08-20T16:00:00Z,236,240,244,244,232,204,216,192,196,200,192,200,180,192,180,176,300,292,284,292,296,280,280,280,264,284,272,292,220,228,252,264,268,244,212,240,236,248,252,248,220,224,212,232,224,220,224,244,200,212,228,180,224,200,216,220,204,348,216,184,212,232,216,244
2026-08-20T17:00:00Z,224,236,244,264,264,240,200,188,188,204,184,204,180,180,176,208,168,280,296,296,292,296,308,304,276,284,280,260,252,248,248,256,248,224,236,204,236,228,228,244,232,224,228,236,216,216,216,200,200,220,224,204,200,220,196,192,216,204,236,216,340,288,264,244
2026-08-20T18:00:00Z,220,236,248,44,188,216,228,168,176,188,192,180,188,176,184,148,168,296,288,300,284,288,292,280,268,280,292,256,256,220,248,252,236,240,252,244,248,260,248,228,228,240,236,224,208,172,168,228,208,240,216,220,216,208,212,196,204,220,208,240,184,212,348,332
2026-08-20T19:00:00Z,196,228,276,140,284,204,208,196,188,204,184,176,160,212,192,172,284,292,300,292,296,280,280,308,300,288,284,276,268,264,296,276,272,252,224,232,244,232,220,232,216,244,252,220,240,236,192,224,248,216,192,224,200,192,212,220,212,232,220,200,236,248,216,216
2026-08-20T20:00:00Z,204,100,84,256,264,244,252,172,184,196,192,180,176,216,168,144,172,288,284,276,284,292,296,292,280,268,268,268,264,292,264,260,260,256,252,256,252,276,248,268,240,224,232,256,232,232,248,220,236,208,196,216,244,232,252,276,208,228,204,252,236,192,256,224
2026-08-20T21:00:00Z,120,140,100,52,224,204,212,188,188,192,184,176,196,180,164,168,156,320,284,280,300,280,280,292,308,300,264,276,272,288,288,276,268,264,284,264,244,300,224,236,252,264,240,252,232,264,204,192,220,220,228,248,256,272,184,204,216,252,216,228,240,252,244,280
2026-08-20T22:00:00Z,264,84,260,248,192,204,196,176,188,192,192,204,312,188,180,160,140,292,284,288,284,288,280,280,292,268,292,264,268,260,272,272,264,256,264,268,276,256,240,288,292,236,252,244,252,228,264,252,272,248,268,212,260,272,252,276,248,252,264,324,296,232,228,256
2026-08-20T23:00:00Z,48,52,224,244,224,204,188,192,176,192,196,200,164,192,168,144,148,300,292,284,288,288,280,284,284,272,276,272,272,260,260,264,272,268,280,260,252,256,256,260,284,300,292,268,248,240,256,332,288,204,300,256,248,256,8,16,320,320,208,4,328,348,248,324
2026-08-21T00:00:00Z,232,232,248,72,232,208,200,196,184,196,192,168,176,184,160,172,192,180,292,292,276,284,280,256,276,268,272,272,264,268,268,252,256,264,236,236,248,248,252,256,276,328,356,296,304,188,208,196,244,276,272,240,228,292,256,276,312,352,16,308,300,292,252,280
2026-08-21T01:00:00Z,248,244,200,248,84,92,168,196,188,196,192,204,192,172,220,176,160,152,308,276,276,284,272,260,280,284,276,280,280,260,252,248,248,236,236,240,248,244,240,228,276,340,212,272,324,336,216,320,332,204,208,180,340,304,208,320,340,288,240,304,284,304,312,324
2026-08-21T02:00:00Z,280,108,112,272,120,216,192,200,196,188,192,196,196,176,180,180,168,164,276,280,284,276,264,264,264,268,272,268,268,276,244,256,256,244,240,236,228,236,236,240,248,232,244,248,228,204,236,200,356,256,316,340,328,340,300,304,276,276,336,284,328,332,296,328
2026-08-21T03:00:00Z,112,284,276,280,108,256,248,168,172,180,180,184,156,168,180,168,156,324,256,280,284,288,268,268,264,272,264,272,252,256,248,252,256,236,232,236,248,232,232,220,232,232,236,220,220,240,196,200,184,208,204,184,188,192,172,188,188,184,184,328,308,340,248,324
2026-08-21T04:00:00Z,116,292,288,108,284,136,236,180,180,196,196,204,192,192,188,160,152,300,288,304,296,296,276,268,260,268,272,256,264,256,268,268,268,256,256,236,228,236,244,260,244,232,236,224,228,272,216,264,200,208,324,336,180,348,292,284,320,348,272,320,312,336,328,312
2026-08-21T05:00:00Z,112,120,120,292,300,124,212,176,184,176,192,316,192,192,188,180,176,148,296,296,288,276,276,268,264,256,288,276,256,240,244,248,240,240,236,244,252,248,232,212,236,228,212,204,232,228,196,248,208,260,220,336,248,332,340,328,352,264,284,324,312,332,0,344
2026-08-21T06:00:00Z,308,316,128,136,136,188,196,176,184,184,192,196,188,288,180,184,164,308,312,288,288,284,288,280,272,272,268,248,268,280,236,240,220,232,224,240,228,240,220,232,240,240,224,212,224,272,208,200,240,228,204,176,304,328,292,328,224,276,304,312,312,348,328,320
2026-08-21T07:00:00Z,136,132,132,132,136,164,200,176,180,188,188,192,312,168,176,172,172,296,288,292,292,292,280,272,280,268,256,256,248,256,220,232,232,236,224,232,224,212,244,204,208,216,216,236,236,224,280,244,180,224,0,312,304,276,328,344,336,332,316,332,292,300,292,332
2026-08-21T08:00:00Z,148,144,136,128,304,168,188,176,188,184,196,196,192,164,196,172,168,156,304,276,284,292,272,280,256,260,264,228,240,240,228,240,248,240,224,240,224,204,228,200,336,220,168,208,264,296,184,204,196,252,224,180,328,220,332,332,324,168,288,4,260,300,156,328
2026-08-21T09:00:00Z,244,284,128,296,232,212,200,196,184,192,200,180,164,204,192,172,192,156,296,288,280,280,256,244,244,248,244,256,248,244,244,236,228,240,220,228,228,216,176,196,180,304,172,256,272,264,296,228,292,212,228,168,220,208,352,352,164,208,296,284,296,324,312,324
2026-08-21T10:00:00Z,276,252,120,296,200,224,192,204,188,192,188,204,204,184,168,188,168,192,280,284,280,276,276,260,260,244,252,240,244,240,240,244,240,244,232,256,236,252,240,264,244,240,176,172,196,180,188,184,196,224,204,160,196,200,164,264,248,276,176,312,168,332,160,308
2026-08-21T11:00:00Z,224,272,144,260,172,220,204,192,188,200,200,200,196,156,176,168,188,164,296,296,296,272,248,248,240,256,244,244,244,240,240,244,240,244,252,248,240,196,196,196,244,240,216,224,220,180,196,172,148,156,160,296,168,148,128,148,188,72,152,60,336,76,56,320
2026-08-21T12:00:00Z,188,208,264,244,244,204,208,200,188,188,176,204,232,208,160,180,176,296,292,284,276,272,256,268,248,248,248,248,248,248,248,252,240,240,212,208,208,224,216,224,236,216,200,192,180,204,188,184,216,192,184,204,236,236,160,148,172,224,180,164,152,160,164,160
2026-08-21T13:00:00Z,200,204,212,212,228,220,212,196,180,192,200,200,292,184,220,184,160,316,280,292,288,288,288,260,256,244,236,236,244,240,228,240,240,248,240,224,228,228,216,224,236,216,212,216,208,212,220,184,180,168,204,180,184,176,200,184,176,200,180,176,164,136,252,184
2026-08-21T14:00:00Z,208,220,204,204,252,228,220,200,196,192,196,196,184,180,196,176,172,312,288,284,288,280,288,272,264,264,240,252,240,232,252,240,240,228,232,224,184,216,212,200,220,236,244,280,260,288,184,248,244,300,288,212,264,220,288,168,168,172,160,152,160,176,180,172
2026-08-21T15:00:00Z,224,236,168,204,220,200,208,212,172,192,192,204,192,200,148,176,176,304,296,292,284,284,284,284,276,244,240,252,244,248,244,248,220,240,240,252,228,240,252,240,248,288,128,156,188,176,284,316,152,212,164,216,12,180,220,188,164,184,152,160,168,160,172,176
2026-08-21T16:00:00Z,224,264,288,248,280,196,196,200,184,192,200,216,200,172,220,180,176,152,300,288,292,292,292,276,272,272,276,272,268,244,248,248,244,260,252,240,224,248,244,228,232,224,248,256,244,248,264,304,252,200,188,224,188,280,260,172,268,164,184,240,208,156,188,180
2026-08-21T17:00:00Z,136,88,280,252,252,224,200,200,172,200,188,180,196,176,140,144,172,176,296,300,296,292,288,284,288,280,272,260,264,236,248,248,240,232,240,248,236,232,220,244,216,216,236,172,256,260,152,276,176,208,228,236,248,176,12,356,208,212,228,248,252,256,292,324
2026-08-21T18:00:00Z,248,248,272,116,248,212,200,200,184,192,184,192,188,204,200,184,168,164,308,276,292,292,292,292,280,280,280,280,272,268,256,268,252,256,244,244,256,244,220,256,244,244,268,284,252,268,240,212,228,252,228,192,212,232,208,212,208,292,320,252,228,200,236,240
2026-08-21T19:00:00Z,204,280,272,288,284,192,200,192,180,184,184,200,200,176,184,164,176,176,284,292,292,288,296,288,288,280,288,280,276,272,268,276,220,256,284,252,248,276,260,236,232,256,232,252,228,224,224,220,204,220,244,204,248,220,232,232,208,236,228,24,220,192,300,296
2026-08-21T20:00:00Z,276,124,276,104,244,216,200,204,192,176,188,192,200,188,180,148,168,176,236,280,292,292,292,292,288,280,288,284,284,276,276,256,272,268,264,272,260,220,344,240,260,208,236,216,232,264,244,244,236,240,256,256,280,248,272,196,252,276,284,200,332,212,232,264
2026-08-21T21:00:00Z,236,256,80,280,160,208,188,184,192,168,184,180,184,176,160,184,172,176,308,300,296,300,292,288,280,272,276,284,284,280,284,284,264,272,240,260,256,244,260,260,256,288,276,284,280,252,252,276,260,316,200,220,244,320,252,228,236,244,232,248,248,248,256,248
2026-08-21T22:00:00Z,228,240,240,232,224,200,192,184,184,188,180,200,208,184,196,232,172,172,152,296,300,300,280,284,280,276,288,296,288,276,276,288,272,260,272,260,260,280,296,268,264,248,284,248,300,352,204,236,228,244,224,236,236,224,236,236,232,240,248,248,240,232,260,240
2026-08-21T23:00:00Z,196,236,236,268,208,204,200,188,188,176,184,172,196,232,312,168,172,168,288,288,304,284,280,284,276,280,288,288,280,272,288,284,284,284,272,264,272,264,328,292,256,316,220,212,212,212,212,328,204,192,192,244,188,228,216,228,236,240,232,236,244,276,212,264
2026-08-22T00:00:00Z,256,248,252,252,168,204,200,184,172,184,200,192,176,168,204,160,168,172,152,296,288,288,292,284,276,280,284,244,268,272,260,248,256,260,268,228,248,256,260,284,244,252,256,260,256,200,220,260,244,232,240,236,204,288,304,252,256,260,204,224,212,252,204,228
2026-08-22T01:00:00Z,272,268,268,272,280,188,200,192,196,196,180,184,212,168,160,164,176,180,312,304,296,296,288,280,264,284,288,284,284,284,260,256,276,268,276,260,248,240,232,220,232,260,252,252,252,244,236,244,248,296,244,160,212,248,196,240,272,356,212,220,184,316,296,284
2026-08-22T02:00:00Z,104,276,252,84,256,200,196,196,192,200,200,200,204,168,172,212,188,164,156,300,292,300,284,288,272,276,272,284,264,276,292,264,260,244,272,272,276,264,244,260,264,236,256,296,240,244,304,200,348,332,352,312,292,312,332,340,268,348,184,336,328,320,196,336
2026-08-22T03:00:00Z,180,196,92,284,284,200,196,196,188,192,184,192,228,168,152,200,164,156,308,288,300,300,296,280,288,264,284,268,300,276,264,264,268,264,240,264,244,256,252,244,256,240,256,292,244,276,176,248,312,276,308,316,336,340,336,240,288,180,332,340,316,280,296,324
2026-08-22T04:00:00Z,308,308,120,160,272,276,212,204,204,188,188,188,196,216,200,164,168,168,312,308,304,288,296,292,276,272,264,264,272,268,276,260,260,264,256,256,248,260,256,256,232,224,256,284,248,256,244,216,232,292,316,324,276,300,276,208,224,276,164,216,232,200,352,336
2026-08-22T05:00:00Z,176,160,260,224,224,196,216,196,192,184,196,188,188,204,200,164,168,180,312,312,292,284,288,288,280,256,268,224,252,256,280,256,256,256,260,232,248,252,244,232,212,236,224,276,276,260,240,228,228,240,252,224,244,272,228,288,304,332,172,200,188,200,212,188
2026-08-22T06:00:00Z,212,244,248,260,168,192,216,196,192,204,196,184,188,160,188,176,172,176,316,308,308,284,280,280,268,264,268,272,272,252,252,244,260,260,260,244,240,252,240,260,236,220,228,228,204,228,280,232,180,216,172,228,228,248,188,224,308,296,172,188,192,220,192,204
2026-08-22T07:00:00Z,220,224,248,148,196,204,196,196,196,188,184,192,180,200,200,156,176,180,192,308,288,284,268,276,276,252,264,252,244,256,260,268,248,244,236,244,228,256,252,232,228,252,228,252,284,204,236,248,224,212,212,216,220,232,236,212,228,232,228,152,200,296,136,160
2026-08-22T08:00:00Z,184,172,196,264,192,196,204,200,188,200,192,200,188,220,216,288,168,160,300,292,292,284,264,256,260,272,236,248,248,244,248,256,236,244,228,232,240,236,244,236,236,236,240,228,236,224,248,220,228,208,216,252,212,228,248,228,232,200,212,176,140,212,192,204
2026-08-22T09:00:00Z,212,264,184,208,204,200,204,200,200,200,196,196,260,204,188,176,180,152,312,308,296,284,288,268,260,244,236,240,244,232,240,248,248,244,256,252,244,260,212,220,252,264,232,216,232,224,204,240,208,212,216,196,204,196,196,188,200,204,196,208,176,184,180,168
2026-08-22T10:00:00Z,208,172,216,212,232,208,208,200,188,196,188,188,204,176,168,172,172,180,292,296,284,276,268,264,264,260,256,240,252,244,240,232,264,264,276,248,260,260,176,244,264,260,216,260,268,228,272,204,180,252,188,188,176,244,280,160,188,200,196,216,168,164,196,176
2026-08-22T11:00:00Z,200,208,156,180,224,200,204,200,204,200,188,192,180,324,224,320,184,156,296,300,288,276,272,272,268,252,256,268,252,276,256,264,280,308,284,260,296,300,292,256,256,260,280,248,292,268,308,304,332,268,316,296,312,292,156,168,172,164,156,152,316,180,200,188
2026-08-22T12:00:00Z,192,164,220,192,208,208,204,188,188,196,188,188,220,184,152,144,164,180,312,320,276,272,260,280,280,256,264,256,244,244,276,264,304,260,288,296,276,312,308,324,308,308,324,324,292,284,304,272,300,328,312,216,312,268,200,168,176,204,188,212,200,192,192,188
2026-08-22T13:00:00Z,180,156,256,164,224,236,192,184,188,216,188,204,180,164,188,168,308,140,312,296,280,288,276,276,280,260,276,260,244,252,244,268,280,268,288,296,284,268,268,252,312,304,292,304,184,340,200,264,332,336,344,324,344,224,220,348,208,160,172,208,228,196,216,288
2026-08-22T14:00:00Z,252,304,120,144,172,188,188,192,192,188,184,188,168,204,156,136,204,188,308,304,292,284,268,300,284,264,272,272,272,268,232,296,264,264,268,276,284,276,288,244,328,300,272,272,340,164,220,328,292,300,180,200,172,152,188,144,152,152,184,160,156,168,172,176
2026-08-22T15:00:00Z,288,272,264,224,184,184,208,204,200,188,164,192,176,248,296,144,188,164,304,284,288,284,284,276,276,280,264,272,268,268,276,260,272,268,232,268,280,280,268,276,260,244,300,340,212,284,256,208,284,252,164,144,200,312,164,208,148,76,168,200,192,172,172,164
2026-08-22T16:00:00Z,244,268,108,232,224,188,228,196,196,184,180,200,176,300,284,180,316,152,292,300,296,288,292,284,272,268,288,280,264,264,272,268,264,288,272,272,268,300,256,240,236,248,272,320,248,272,280,228,264,252,264,280,324,280,280,268,196,296,328,116,116,124,124,128
2026-08-22T17:00:00Z,200,180,80,124,188,180,200,188,200,192,184,188,188,164,168,152,192,312,300,292,296,296,292,288,280,276,276,280,284,268,272,276,264,276,288,300,284,276,276,304,308,264,236,240,284,264,276,300,316,156,168,172,224,164,116,264,164,188,32,56,228,136,128,344
2026-08-22T18:00:00Z,136,124,280,280,236,144,180,200,204,196,196,180,192,180,236,200,176,288,296,292,296,304,300,296,288,280,272,280,292,280,292,288,272,300,244,264,256,256,276,276,256,284,272,248,320,296,244,248,232,232,256,252,212,252,92,268,112,280,124,228,88,144,288,92
2026-08-22T19:00:00Z,200,288,292,208,296,208,200,200,196,200,196,204,224,212,160,164,180,156,296,292,292,300,292,296,292,292,288,284,292,284,300,272,276,268,292,324,276,284,248,244,272,260,296,280,232,236,232,284,276,264,236,208,224,252,240,212,240,36,60,96,96,272,252,264
2026-08-22T20:00:00Z,148,144,276,296,180,176,192,196,196,196,196,180,168,192,164,188,160,160,288,288,280,296,292,292,284,288,280,276,288,288,292,284,272,280,284,280,296,284,300,320,264,340,296,284,248,252,248,240,260,316,292,276,292,288,264,280,260,328,328,320,340,196,192,308
2026-08-22T21:00:00Z,220,220,280,208,280,208,200,192,192,220,208,184,196,180,180,228,172,320,292,288,288,300,296,292,296,288,284,284,256,304,296,296,292,288,320,284,292,272,272,296,284,252,280,272,352,4,328,264,256,344,200,216,192,340,304,308,308,276,280,268,292,300,304,316
2026-08-22T22:00:00Z,248,108,296,224,136,220,188,184,188,172,200,188,196,140,176,144,160,204,272,292,304,284,296,296,296,288,296,280,308,312,300,284,232,296,288,308,300,304,284,300,300,292,292,296,316,272,272,280,276,292,260,304,292,300,300,296,300,340,280,304,288,308,284,296
2026-08-22T23:00:00Z,136,284,192,284,204,120,184,188,200,200,208,184,184,216,232,308,176,156,312,312,304,296,296,300,280,288,272,284,272,272,300,304,276,276,292,284,288,300,288,284,244,308,328,296,296,292,296,292,288,316,292,284,240,268,272,288,280,272,292,268,0,284,272,272
2026-08-23T00:00:00Z,208,236,192,180,200,180,200,192,192,196,196,188,200,164,172,188,176,168,296,304,292,300,296,272,288,288,276,280,288,288,276,276,280,292,284,280,280,264,268,276,300,276,304,284,296,316,304,296,308,332,292,280,288,292,292,296,308,280,284,208,220,296,300,304
2026-08-23T01:00:00Z,236,228,220,120,216,180,196,196,196,192,188,196,200,180,212,200,168,156,296,296,300,300,300,296,312,288,288,280,280,284,288,284,276,288,280,284,280,288,292,288,288,308,300,292,292,280,264,284,280,292,292,212,336,316,284,284,244,240,340,188,316,300,324,284
2026-08-23T02:00:00Z,192,212,212,260,232,184,188,176,196,204,184,220,192,180,212,160,160,276,296,296,304,292,288,288,264,296,292,296,288,264,268,264,292,284,280,268,272,300,292,276,268,316,292,280,288,296,304,300,280,308,320,352,296,292,320,324,344,336,348,348,336,340,276,232
2026-08-23T03:00:00Z,196,220,240,204,204,260,192,208,204,208,188,180,180,184,176,208,168,284,300,284,296,300,300,284,284,288,300,288,292,280,288,268,272,272,272,264,264,276,272,280,276,268,284,292,288,264,280,292,280,312,220,272,312,308,300,296,292,316,316,320,332,312,308,276
2026-08-23T04:00:00Z,196,192,208,204,200,208,188,196,196,212,208,192,196,208,192,188,160,304,292,300,296,296,300,304,272,276,292,284,288,292,284,288,280,280,272,280,284,304,288,284,276,304,296,300,308,0,312,4,4,304,304,324,320,304,300,20,304,300,196,316,320,336,312,16
2026-08-23T05:00:00Z,196,208,164,200,172,204,180,196,200,200,208,192,184,196,164,144,160,152,296,296,296,304,304,304,288,288,292,284,288,300,272,276,288,288,308,300,312,300,296,316,300,316,316,316,316,312,308,324,312,296,300,304,340,352,304,308,308,284,300,328,336,348,324,304
2026-08-23T06:00:00Z,212,184,324,260,220,192,176,192,196,188,196,200,196,192,180,188,164,312,296,296,300,304,300,288,304,304,296,292,284,296,300,296,296,304,300,308,300,300,308,308,300,304,316,316,300,288,316,304,300,312,308,324,316,312,312,292,312,316,316,324,324,336,312,308
2026-08-23T07:00:00Z,240,252,256,280,276,200,184,188,196,200,200,188,188,176,188,180,156,324,300,300,292,304,300,304,304,292,288,288,300,292,292,300,288,300,296,300,308,308,308,300,296,296,320,308,304,324,308,320,328,304,296,324,304,324,324,324,300,328,0,332,312,324,316,336
2026-08-23T08:00:00Z,112,256,264,124,284,224,152,196,188,192,192,196,216,200,184,152,200,312,296,292,296,296,288,280,296,300,292,300,284,288,284,288,288,292,288,288,304,296,296,304,308,304,308,316,304,316,308,304,316,340,304,336,308,304,288,332,328,324,304,300,308,324,328,312
2026-08-23T09:00:00Z,176,152,120,276,148,164,188,184,196,204,176,196,204,196,308,152,304,292,288,296,288,288,292,304,288,284,284,288,276,280,276,284,288,280,292,292,304,288,264,264,292,284,296,296,272,328,296,284,304,300,280,284,272,312,268,276,192,284,276,236,352,308,280,296
2026-08-23T10:00:00Z,176,168,148,168,192,188,172,184,196,200,196,212,184,204,212,184,168,296,296,288,284,288,292,292,292,280,276,284,284,284,280,288,280,276,268,284,264,276,264,272,276,292,268,280,280,288,288,288,304,280,268,272,276,300,316,276,260,332,240,264,292,256,312,288
2026-08-23T11:00:00Z,152,148,236,136,192,172,172,184,196,200,200,188,188,204,168,232,156,304,300,300,300,288,284,276,292,292,292,292,284,284,288,300,284,300,296,292,284,280,284,264,288,300,300,268,276,276,284,244,252,248,260,228,240,300,268,276,300,216,296,304,256,208,196,292
2026-08-23T12:00:00Z,172,148,128,188,184,188,200,184,196,192,196,204,192,200,180,168,176,296,292,292,292,292,284,284,280,280,276,272,284,288,284,292,288,288,300,276,292,296,288,280,296,316,280,276,308,284,264,312,304,284,304,320,320,244,304,284,176,316,336,200,352,304,308,296
2026-08-23T13:00:00Z,192,212,196,132,200,200,192,184,188,192,196,196,192,196,168,188,160,312,292,296,296,288,288,288,280,292,292,292,292,296,304,288,304,280,292,296,284,300,304,280,296,300,316,300,300,332,324,312,332,260,308,284,308,320,284,304,316,324,308,332,276,340,280,348
2026-08-23T14:00:00Z,176,152,308,280,164,208,212,180,188,204,188,204,188,180,180,136,180,308,300,300,304,292,292,292,300,300,292,292,292,296,296,292,296,296,300,296,304,312,312,316,308,328,328,344,180,324,348,272,328,332,308,300,288,312,320,316,316,316,292,344,308,296,164,144
2026-08-23T15:00:00Z,160,140,164,112,140,212,188,184,180,204,172,176,204,176,168,172,180,304,296,296,300,296,296,288,288,280,288,292,292,284,292,296,300,292,308,320,328,336,300,300,308,244,308,280,288,328,312,304,300,324,240,332,320,316,316,328,320,312,304,320,320,316,0,348
2026-08-23T16:00:00Z,124,288,240,292,168,216,200,196,192,192,196,208,208,192,188,196,156,284,292,292,288,292,288,296,300,292,284,296,292,296,292,292,288,292,292,296,288,296,308,288,304,300,280,328,324,228,256,292,288,292,296,296,320,340,316,344,348,340,336,344,8,328,196,324
2026-08-23T17:00:00Z,232,240,244,248,216,192,212,192,192,192,196,188,204,196,180,172,180,304,296,288,296,292,292,300,296,300,296,292,288,288,288,300,292,284,296,292,300,308,316,280,268,264,308,300,336,252,320,260,320,12,12,240,288,272,232,16,216,312,28,356,16,196,20,344
2026-08-23T18:00:00Z,136,140,304,304,132,164,172,188,184,196,196,208,212,196,268,200,168,312,280,292,292,292,304,300,292,296,292,288,292,300,296,296,284,292,284,296,276,280,260,248,252,260,280,316,184,268,276,276,320,272,256,204,28,264,8,236,348,356,352,340,340,332,344,332
2026-08-23T19:00:00Z,296,136,272,120,288,192,180,184,188,200,204,196,200,180,172,176,164,296,288,292,296,296,296,296,296,296,296,292,300,300,304,300,284,284,276,288,268,264,300,280,276,264,296,260,284,224,240,288,252,284,280,300,328,324,336,344,340,332,304,320,328,332,320,320
2026-08-23T20:00:00Z,292,284,288,284,256,108,192,188,204,204,196,180,176,188,200,208,212,292,296,300,296,300,300,300,296,296,292,296,284,292,284,300,284,276,288,296,288,304,304,308,284,284,284,292,232,244,268,196,288,304,312,316,300,328,312,292,316,320,300,304,320,304,320,296
2026-08-23T21:00:00Z,160,312,300,284,112,288,188,184,184,192,192,192,188,192,180,180,176,284,296,296,296,296,296,296,296,288,284,292,276,288,288,292,300,284,300,288,284,300,288,280,272,280,284,276,284,300,284,280,284,280,284,304,332,340,332,296,280,304,288,292,272,288,288,312
2026-08-23T22:00:00Z,200,228,124,200,164,208,192,192,192,192,176,196,192,172,184,320,184,308,284,288,296,296,296,300,300,300,296,296,292,276,292,288,308,288,292,292,292,288,280,264,300,296,264,292,284,276,272,284,276,284,276,296,280,288,304,288,280,288,308,292,316,332,300,300
2026-08-23T23:00:00Z,176,164,128,296,240,152,180,192,184,192,192,188,180,156,164,184,276,296,296,288,280,288,292,296,296,296,292,304,292,288,296,276,292,288,292,276,276,272,276,272,264,228,284,300,284,312,296,292,296,304,324,220,264,276,280,296,288,280,304,280,276,284,292,264
2026-08-24T00:00:00Z,208,272,256,156,124,188,172,200,200,196,200,188,192,172,164,164,292,284,284,288,288,288,288,296,296,300,296,300,296,296,292,300,288,284,292,300,288,324,296,308,276,296,284,292,284,276,300,288,284,292,268,328,292,272,280,240,244,252,264,260,244,256,260,252
2026-08-24T01:00:00Z,272,268,268,116,264,224,192,188,184,184,200,200,196,176,184,184,164,300,292,288,292,292,292,296,300,300,300,304,296,296,292,292,288,292,320,292,284,292,300,292,284,300,292,280,272,272,260,276,280,268,252,260,236,236,256,264,256,252,260,272,256,276,272,264
2026-08-24T02:00:00Z,240,132,256,204,216,168,192,188,192,192,208,184,188,188,184,152,176,312,296,292,288,296,292,304,292,300,296,300,288,300,280,284,284,288,304,284,284,312,292,288,304,268,292,300,248,248,264,264,240,260,256,252,268,280,272,248,280,244,248,260,288,272,252,248
2026-08-24T03:00:00Z,152,256,288,100,216,168,180,184,196,196,208,208,204,168,164,184,164,312,288,264,284,288,292,296,304,288,284,292,292,296,304,292,288,280,300,272,284,284,288,276,268,300,272,316,328,304,296,308,280,252,244,288,276,280,268,272,196,344,212,276,224,276,244,288
2026-08-24T04:00:00Z,116,272,284,280,280,248,176,196,188,208,196,212,184,176,156,180,156,296,288,276,284,288,284,284,288,292,292,300,304,288,296,292,292,288,300,300,292,276,300,308,288,296,268,300,300,308,336,324,312,304,268,268,300,0,304,320,248,292,352,344,284,220,188,244
2026-08-24T05:00:00Z,280,280,288,192,132,136,196,200,204,196,188,204,196,172,192,192,168,320,300,304,288,288,288,284,292,284,292,296,296,284,296,296,292,276,292,296,308,308,272,300,292,300,292,304,288,276,300,276,320,280,320,316,304,316,284,288,272,344,324,244,172,304,180,356
2026-08-24T06:00:00Z,280,260,96,272,296,204,204,184,188,188,192,212,212,184,188,160,172,304,292,284,272,288,276,276,284,288,292,288,288,292,284,292,280,288,296,300,288,288,296,280,300,260,292,272,276,300,288,292,292,308,296,292,236,288,264,288,308,284,216,276,220,188,200,300
2026-08-24T07:00:00Z,160,188,216,136,284,216,208,192,196,192,208,192,176,188,168,188,196,284,300,288,284,280,284,292,292,280,284,284,292,296,292,276,272,276,268,292,292,292,280,280,288,316,308,196,284,296,332,312,300,280,8,0,284,296,288,356,328,292,304,352,244,300,276,300
2026-08-24T08:00:00Z,256,268,284,284,180,220,180,192,188,200,200,212,192,172,180,164,152,300,296,288,280,280,272,276,280,284,288,288,292,288,288,296,300,288,280,292,292,308,276,280,272,292,284,288,304,268,288,288,304,264,304,240,276,272,200,332,356,316,296,308,320,200,260,240
2026-08-24T09:00:00Z,256,92,116,276,260,216,188,184,196,188,192,196,212,184,180,168,304,304,288,296,288,276,276,272,276,284,292,288,296,300,296,296,288,280,308,308,320,300,312,352,268,268,284,280,316,280,284,284,292,316,320,308,0,336,200,316,284,248,208,220,252,244,220,300
2026-08-24T10:00:00Z,204,284,248,96,176,204,220,200,192,200,200,192,188,192,184,156,268,292,288,292,284,280,280,280,272,272,284,288,284,272,284,288,300,272,280,268,336,292,252,324,276,288,272,268,324,260,272,288,200,356,248,240,212,208,204,268,240,216,236,332,356,320,324,324
2026-08-24T11:00:00Z,156,288,268,136,172,224,208,196,196,188,196,196,208,192,184,180,308,296,296,292,288,284,276,272,272,272,280,284,276,280,284,292,300,296,288,288,284,284,272,268,292,296,316,300,264,208,292,220,4,284,248,356,344,312,328,220,296,292,284,316,324,224,208,188
2026-08-24T12:00:00Z,160,148,276,116,268,212,196,180,164,192,200,208,204,172,180,172,316,296,292,292,288,276,280,276,284,280,288,296,284,292,284,280,280,280,288,288,304,276,284,280,272,344,324,292,344,316,324,312,296,320,356,340,248,340,324,12,304,240,284,208,204,280,264,312
2026-08-24T13:00:00Z,272,264,100,280,280,220,192,196,204,196,208,200,188,200,176,172,312,292,292,296,288,284,288,288,280,284,280,280,288,280,292,300,288,284,284,272,296,296,304,316,300,288,292,340,284,316,208,316,320,184,188,344,244,348,332,280,324,340,212,204,292,324,304,8
2026-08-24T14:00:00Z,100,96,104,288,276,264,204,184,200,192,180,196,216,184,172,176,300,292,292,292,292,292,288,288,292,276,292,284,276,284,276,280,288,288,276,296,288,288,276,284,352,304,284,288,264,4,308,268,280,288,240,292,304,348,324,196,320,280,304,196,340,300,292,300
2026-08-24T15:00:00Z,224,264,280,104,256,204,208,184,192,196,208,192,192,188,200,176,300,288,288,288,288,288,284,284,296,280,280,280,284,284,284,284,272,276,284,272,276,284,280,264,260,280,288,184,272,320,304,288,288,292,316,276,284,300,304,308,312,304,352,276,288,192,280,300
2026-08-24T16:00:00Z,248,264,244,248,120,240,176,192,196,188,188,188,192,188,152,184,288,284,292,296,292,296,292,288,292,284,284,272,280,280,276,284,272,264,268,276,260,280,272,272,260,268,264,252,260,260,264,244,248,248,256,268,276,296,272,260,304,324,296,288,268,272,280,272
2026-08-24T17:00:00Z,204,220,140,292,280,192,208,184,204,196,180,196,204,188,172,176,320,304,292,300,292,288,292,292,288,280,288,284,280,284,288,272,272,288,300,284,284,272,268,276,268,284,200,228,256,236,296,252,236,240,272,264,276,288,292,320,256,224,196,312,244,308,192,272
2026-08-24T18:00:00Z,112,96,280,280,268,240,220,204,204,196,184,200,208,180,184,172,168,296,300,300,300,296,296,288,292,288,292,284,292,280,284,280,288,288,284,308,284,292,236,296,312,312,272,260,264,296,296,304,324,312,4,296,268,260,240,236,252,260,272,284,312,280,320,312
2026-08-24T19:00:00Z,156,132,260,252,116,216,212,196,192,196,196,188,200,160,192,184,280,292,296,296,300,296,300,296,296,292,288,288,288,288,296,288,288,288,288,276,292,276,304,280,272,292,308,216,264,196,344,244,240,236,280,272,252,256,260,280,316,296,216,336,260,244,328,212
2026-08-24T20:00:00Z,256,268,252,100,280,256,220,204,192,184,192,192,184,176,188,196,312,292,292,300,304,296,308,304,296,304,296,300,296,300,292,284,296,280,328,152,332,272,320,300,292,304,180,312,260,272,292,304,336,240,288,284,268,220,356,336,272,288,280,324,296,288,260,292
2026-08-24T21:00:00Z,268,276,276,240,272,144,152,168,200,180,188,188,188,160,188,168,164,288,284,292,292,292,300,300,308,300,300,308,292,288,292,292,284,280,284,296,300,292,292,284,284,256,272,276,296,296,260,252,300,304,304,304,268,292,280,284,292,276,284,292,284,280,272,264
2026-08-24T22:00:00Z,256,280,124,276,100,160,212,208,192,192,180,192,200,204,172,176,152,296,292,284,284,296,288,284,296,296,292,300,284,280,288,292,284,292,272,284,288,292,296,288,284,268,276,276,264,296,272,268,292,304,296,300,284,324,260,284,272,280,280,300,276,264,260,280
2026-08-24T23:00:00Z,132,132,268,296,180,228,204,196,196,192,196,192,192,172,172,176,168,292,288,276,268,276,276,272,288,292,300,308,304,288,292,276,272,296,296,268,308,272,268,268,308,276,272,284,248,256,260,264,280,288,276,284,280,204,300,300,268,276,288,248,244,240,260,272
2026-08-25T00:00:00Z,188,220,268,280,268,280,192,196,192,188,192,184,196,184,172,184,324,300,288,276,276,276,288,292,288,280,292,296,300,280,288,276,280,280,304,180,140,296,148,320,312,308,184,324,284,276,284,292,280,284,284,284,284,284,300,308,260,272,268,264,272,192,320,276
2026-08-25T01:00:00Z,240,216,272,104,208,216,212,204,184,200,192,192,204,192,172,184,148,272,284,280,280,272,272,284,284,280,284,284,288,284,300,300,292,276,296,276,324,292,260,280,284,308,292,300,276,268,280,288,284,284,260,248,216,248,280,236,232,284,276,248,328,272,240,244
2026-08-25T02:00:00Z,260,240,76,268,208,124,196,220,184,176,184,196,168,176,176,172,304,296,292,288,292,284,276,284,284,288,292,280,280,284,276,272,276,292,284,236,272,284,276,276,276,264,304,316,304,188,288,252,268,256,292,284,248,264,276,264,252,264,200,192,212,228,216,236
2026-08-25T03:00:00Z,236,248,272,268,180,220,216,208,188,184,184,188,192,180,168,172,316,304,288,284,280,284,288,288,284,288,284,276,280,284,284,280,276,260,260,268,256,260,272,292,300,276,296,296,280,316,296,292,308,292,276,232,212,264,296,292,228,216,256,192,236,212,156,212
2026-08-25T04:00:00Z,232,256,248,224,268,200,200,204,188,192,200,192,220,184,164,180,172,316,292,288,280,280,280,288,288,272,284,288,284,292,284,248,276,276,284,288,296,308,288,292,288,272,272,284,312,300,280,300,312,312,300,324,236,340,332,260,308,308,332,300,224,212,196,228
2026-08-25T05:00:00Z,248,252,244,240,252,196,196,200,192,192,196,200,192,192,180,168,320,312,296,300,288,300,300,300,296,288,284,280,272,292,296,292,292,292,296,312,312,308,304,316,292,292,308,316,280,304,304,296,316,296,304,300,280,324,300,304,324,292,292,288,300,312,276,272
2026-08-25T06:00:00Z,212,228,252,220,232,208,220,204,192,192,196,192,212,188,180,176,152,312,296,292,296,288,288,288,272,284,284,280,288,272,280,288,288,284,288,308,292,284,292,288,276,280,296,320,288,284,284,288,288,288,272,280,284,304,288,304,344,216,340,268,340,244,296,312
2026-08-25T07:00:00Z,104,104,292,112,260,192,200,204,192,196,188,192,196,180,164,156,284,300,296,296,296,292,288,288,280,280,284,288,296,292,288,284,296,296,304,292,292,292,288,292,268,292,300,280,308,304,288,272,280,276,252,276,308,300,276,288,296,268,232,260,228,220,240,260
2026-08-25T08:00:00Z,252,272,264,108,200,204,204,196,188,204,192,188,200,188,176,188,156,296,292,292,296,292,288,280,284,276,276,288,296,284,300,288,292,284,292,296,280,284,288,284,296,300,292,292,296,296,288,288,288,296,276,272,284,244,280,272,244,240,224,288,276,248,244,256
2026-08-25T09:00:00Z,204,156,268,284,204,224,200,200,184,192,196,184,188,184,184,176,152,300,296,288,296,288,288,280,284,276,272,280,292,292,296,296,288,296,288,288,288,300,288,256,316,292,280,288,280,296,276,276,284,228,272,276,268,268,200,300,296,260,268,272,284,280,220,220
2026-08-25T10:00:00Z,184,180,284,296,192,192,208,180,184,184,188,196,204,184,176,168,160,292,296,292,292,296,284,272,280,272,280,280,288,288,292,296,296,296,296,292,304,284,304,304,280,288,288,288,276,272,288,272,276,268,276,264,276,276,284,312,276,260,252,248,256,220,264,268
2026-08-25T11:00:00Z,108,76,264,240,252,240,200,208,188,184,188,188,192,196,172,172,168,300,296,288,284,284,284,280,280,276,276,276,284,296,300,296,300,300,284,276,288,308,304,304,304,296,256,292,288,272,276,264,292,300,280,276,272,272,276,304,300,272,304,272,284,308,236,232
2026-08-25T12:00:00Z,176,240,244,276,224,240,192,200,192,192,184,188,184,180,176,184,164,292,292,284,288,280,280,280,280,276,280,276,280,288,296,296,304,292,296,292,296,280,284,276,276,276,264,276,296,340,284,256,268,264,296,268,244,240,244,320,280,248,164,320,260,236,316,240
2026-08-25T13:00:00Z,240,248,116,204,196,240,228,216,200,188,184,188,184,200,188,172,172,308,296,284,284,288,276,288,280,272,280,276,272,280,288,284,276,288,280,280,296,284,284,296,292,284,288,296,336,248,272,284,256,220,316,276,268,248,260,244,272,288,208,352,192,248,232,252
2026-08-25T14:00:00Z,248,244,256,96,236,232,228,220,192,192,184,192,192,196,184,172,156,320,292,292,280,280,284,284,276,288,284,268,272,276,280,276,288,284,288,284,260,252,284,276,280,272,296,256,264,268,228,200,296,252,268,288,296,336,200,228,320,308,148,320,284,172,148,304
2026-08-25T15:00:00Z,200,220,256,100,232,216,208,200,188,180,180,184,180,192,184,188,180,296,288,284,280,284,280,280,284,288,288,284,296,276,280,288,276,280,280,276,276,284,288,280,192,196,344,312,296,304,252,276,216,168,276,344,256,160,132,128,216,344,328,320,144,140,160,156
2026-08-25T16:00:00Z,212,220,92,148,108,124,204,196,192,184,180,192,200,180,176,164,184,148,308,288,296,284,288,268,272,276,296,292,288,280,276,280,280,284,296,264,268,280,264,264,272,280,284,268,284,260,288,260,268,240,224,240,228,220,0,328,192,144,164,156,200,164,152,312
2026-08-25T17:00:00Z,216,76,244,244,232,216,208,204,180,180,184,192,184,140,184,172,172,300,284,300,300,296,300,288,296,292,288,276,272,288,296,304,288,288,280,272,292,268,288,284,288,240,248,256,268,248,264,280,244,264,264,248,240,232,244,244,252,280,252,292,240,232,256,248
2026-08-25T18:00:00Z,248,72,64,248,236,252,204,208,200,184,176,180,180,188,180,192,172,316,292,296,304,296,292,288,292,288,296,292,292,300,292,280,292,296,292,296,288,288,292,288,280,272,248,292,272,280,276,276,256,284,284,280,280,260,268,260,300,256,252,240,256,244,264,256
2026-08-25T19:00:00Z,236,232,248,236,276,280,200,204,188,188,172,180,180,188,180,180,176,164,304,304,304,300,296,300,296,300,296,300,300,308,304,312,296,300,316,308,292,292,280,276,268,276,284,272,276,272,280,280,280,264,272,276,248,248,260,256,304,276,276,248,248,268,260,256
2026-08-25T20:00:00Z,188,256,264,272,124,232,204,220,200,188,176,176,172,180,180,176,176,156,300,300,304,308,304,304,300,296,292,296,304,300,296,296,300,304,308,312,308,304,296,296,292,300,296,284,280,288,280,288,288,304,276,268,276,272,248,256,276,272,268,268,264,272,268,260
2026-08-25T21:00:00Z,236,244,272,128,168,188,212,220,204,176,176,180,172,180,176,176,168,180,304,292,300,300,300,304,304,296,308,296,308,308,292,288,288,292,292,288,300,288,280,316,316,272,288,304,308,308,312,288,352,296,224,268,280,296,276,260,272,256,252,276,260,268,268,244
2026-08-25T22:00:00Z,136,128,112,292,200,168,204,208,188,176,172,176,176,172,180,180,172,152,308,304,292,296,296,296,296,296,296,300,304,304,300,308,292,304,304,312,324,300,308,296,280,316,312,300,288,276,288,300,304,292,284,280,300,280,280,272,264,276,296,284,244,252,244,272
2026-08-25T23:00:00Z,204,280,268,176,132,252,196,204,192,180,180,176,176,176,172,172,172,168,308,296,288,292,288,296,292,292,296,300,292,296,292,288,300,304,288,280,300,304,304,224,304,308,308,300,300,292,296,332,232,288,288,280,272,296,300,292,256,260,300,256,288,216,180,216
2026-08-26T00:00:00Z,192,168,116,292,196,148,176,204,180,172,168,172,180,172,176,172,180,172,312,300,288,292,292,292,288,288,308,292,280,288,280,288,288,272,276,316,300,288,292,292,280,312,312,288,276,276,300,308,284,296,320,288,284,288,280,292,280,268,320,312,280,228,308,288
2026-08-26T01:00:00Z,184,184,180,136,184,172,200,200,204,180,172,168,172,176,176,168,176,164,304,296,292,292,284,292,296,284,280,264,260,288,284,300,296,276,284,300,264,284,312,284,288,280,308,272,272,296,292,284,292,300,308,288,308,288,248,232,296,304,272,264,192,172,340,216
2026-08-26T02:00:00Z,280,296,152,196,220,204,208,208,180,180,176,176,172,176,176,176,176,164,328,292,284,280,280,272,272,272,284,284,292,296,276,272,268,268,260,252,244,284,280,268,252,260,332,180,324,308,304,284,300,288,220,320,336,144,328,296,308,180,204,172,200,8,216,188
2026-08-26T03:00:00Z,208,212,68,224,240,240,204,192,196,196,176,172,180,172,172,176,180,168,276,292,288,280,276,276,280,284,280,284,284,264,256,280,276,268,260,280,272,252,260,232,264,260,256,248,292,220,248,284,252,252,224,272,248,260,276,236,140,236,320,244,232,224,268,236
2026-08-26T04:00:00Z,212,216,252,284,236,212,204,204,172,176,176,176,172,176,176,176,176,152,296,292,284,284,276,284,280,276,280,276,276,260,252,248,260,252,264,304,240,260,240,256,244,244,260,260,264,260,264,244,260,244,260,248,244,236,224,240,224,232,244,244,236,212,232,228
2026-08-26T05:00:00Z,216,224,160,240,196,208,208,192,180,176,172,172,176,168,176,176,180,200,312,288,284,280,272,276,280,276,280,280,276,284,268,272,272,268,256,264,256,260,252,248,236,232,252,244,248,244,244,256,268,244,256,248,240,248,252,252,252,232,244,252,252,264,252,248
2026-08-26T06:00:00Z,152,120,220,196,212,184,196,196,192,172,176,176,168,172,180,172,172,324,296,292,292,292,272,280,276,272,280,272,272,272,260,264,248,248,256,272,268,260,272,272,268,248,252,256,260,252,248,240,252,260,248,236,240,232,228,276,260,272,264,256,248,264,260,264
2026-08-26T07:00:00Z,100,256,332,276,160,184,192,196,196,180,188,172,176,172,172,168,172,164,316,304,288,284,280,272,280,280,276,284,284,280,272,284,284,272,280,284,284,276,272,272,268,276,280,272,264,248,272,276,316,244,284,304,284,264,252,272,264,272,188,272,264,304,284,284
2026-08-26T08:00:00Z,216,160,264,108,172,144,192,204,200,176,180,176,168,172,172,172,176,168,312,300,296,292,276,272,272,276,280,280,280,280,264,276,276,276,272,272,272,272,268,280,280,288,268,268,268,272,252,264,300,288,292,272,268,280,268,308,300,284,288,252,300,284,252,264
2026-08-26T09:00:00Z,252,268,316,164,192,200,200,212,200,184,180,172,180,172,172,176,176,160,320,296,288,292,284,280,272,276,268,268,276,280,272,284,284,284,276,276,268,248,276,272,276,272,268,252,260,264,292,256,256,268,296,260,268,288,276,264,300,288,272,284,272,280,264,236
2026-08-26T10:00:00Z,252,136,272,260,224,204,196,188,216,180,180,172,168,172,172,180,168,160,316,304,292,288,284,276,276,276,288,268,268,272,272,276,280,276,272,264,276,272,252,256,260,272,280,272,264,268,288,300,260,236,264,264,240,288,296,240,256,276,272,276,280,268,264,252
2026-08-26T11:00:00Z,168,172,288,140,196,192,204,208,232,172,184,172,180,176,176,172,176,160,324,300,296,280,284,272,268,264,268,280,264,272,276,272,280,284,268,276,280,284,268,280,272,280,276,264,252,268,268,268,260,284,276,256,248,272,264,272,280,264,260,280,272,268,280,296
2026-08-26T12:00:00Z,116,112,260,224,184,192,180,200,208,184,180,180,180,176,180,164,176,180,148,300,296,296,292,276,260,264,268,256,264,264,276,280,276,280,280,280,272,288,288,212,244,268,264,264,252,256,260,224,240,252,268,260,276,260,260,260,296,276,288,292,296,284,312,308
2026-08-26T13:00:00Z,252,272,216,180,172,196,204,196,196,184,180,176,180,180,176,176,172,160,144,296,296,292,284,280,276,268,268,276,272,268,268,272,268,256,272,276,256,260,272,240,260,280,272,268,252,272,248,228,216,228,256,232,252,268,260,268,252,264,336,316,292,300,324,356
2026-08-26T14:00:00Z,180,192,264,208,228,192,188,204,204,176,180,184,184,176,176,164,176,180,148,312,300,296,296,292,288,280,268,276,268,272,272,272,256,272,276,272,272,280,256,264,240,272,244,236,268,260,244,68,76,260,240,256,252,184,212,316,204,344,316,280,352,324,352,332
2026-08-26T15:00:00Z,196,212,208,196,200,172,208,200,196,196,188,184,180,176,172,176,180,172,148,280,300,296,296,292,288,272,280,276,272,256,272,268,272,268,280,284,268,272,256,260,212,232,296,252,268,212,216,276,280,308,260,232,316,216,216,180,256,156,160,340,208,176,212,288
2026-08-26T16:00:00Z,212,204,236,216,220,200,200,200,204,180,188,188,180,180,180,180,176,172,156,308,300,304,296,296,292,288,284,284,268,272,276,276,264,268,264,284,272,268,272,272,272,260,252,260,244,232,224,244,256,272,248,220,260,268,268,204,192,204,316,312,176,228,248,236
2026-08-26T17:00:00Z,208,192,220,200,212,216,212,196,208,192,180,184,180,172,180,180,172,176,328,312,292,300,292,292,288,296,272,296,288,304,284,272,272,276,276,284,276,284,284,276,272,272,268,252,256,264,276,244,240,292,268,264,276,260,268,252,260,256,228,244,248,116,188,228
2026-08-26T18:00:00Z,196,196,28,200,216,204,208,204,192,184,184,184,180,180,176,172,176,164,324,324,308,304,300,304,300,288,284,296,288,296,296,292,280,288,284,272,272,280,292,244,264,276,268,264,272,268,240,264,240,248,252,284,244,232,240,264,184,232,252,284,236,236,236,232
2026-08-26T19:00:00Z,244,144,204,212,240,196,200,224,208,180,188,188,176,176,172,176,176,168,332,308,300,308,304,296,300,292,300,300,296,296,296,292,284,276,288,284,284,276,268,280,280,276,272,272,260,280,252,244,260,248,240,264,260,260,256,236,252,260,220,264,216,260,212,208
2026-08-26T20:00:00Z,252,40,204,264,236,236,172,200,216,192,180,180,176,180,172,172,176,164,320,312,308,304,296,304,296,292,292,292,296,284,296,288,292,284,280,288,272,272,276,280,276,280,264,272,272,276,268,284,252,248,248,244,264,260,256,264,268,256,236,248,240,228,232,236
2026-08-26T21:00:00Z,192,192,184,224,176,248,192,208,228,192,184,176,180,180,172,172,168,172,328,308,300,296,300,300,296,296,292,292,296,292,280,292,300,312,292,276,268,284,268,276,272,260,256,264,268,260,264,268,264,264,268,260,264,244,252,216,248,256,244,220,216,196,212,208
2026-08-26T22:00:00Z,128,228,264,256,256,232,196,196,212,192,184,184,180,176,176,176,168,168,316,316,312,300,304,292,292,300,296,296,292,284,280,284,288,296,296,272,296,288,284,280,280,280,296,300,264,248,264,276,288,272,260,272,240,188,232,220,188,264,212,144,236,228,216,196
2026-08-26T23:00:00Z,216,256,264,172,160,200,192,204,196,176,188,180,184,180,172,172,172,168,312,304,300,304,304,304,296,284,292,288,284,288,284,292,288,292,280,264,260,284,276,268,264,296,320,296,280,272,248,268,288,288,280,144,312,224,228,204,252,256,260,256,208,228,220,200
2026-08-27T00:00:00Z,156,132,152,228,232,292,212,204,180,184,188,180,172,176,172,180,172,164,324,300,296,300,296,304,288,276,288,296,288,288,276,296,292,300,292,280,280,292,284,276,244,256,252,284,252,192,168,236,260,264,160,208,264,268,272,268,252,196,192,224,236,216,204,264
2026-08-27T01:00:00Z,228,236,124,156,212,192,188,196,216,216,192,176,172,172,172,168,172,160,144,288,300,300,304,292,284,280,280,284,284,284,304,300,284,276,268,264,276,268,268,280,284,280,172,284,272,264,260,272,268,292,252,256,260,272,232,240,256,252,248,248,256,244,248,220
2026-08-27T02:00:00Z,244,80,264,220,232,208,200,200,224,212,180,176,176,176,172,180,168,168,148,308,300,296,292,296,296,296,296,276,288,292,296,296,284,284,256,284,316,304,284,340,284,284,236,212,200,244,260,248,272,252,264,272,256,240,248,256,252,236,256,268,260,252,252,248
2026-08-27T03:00:00Z,236,224,204,232,68,188,184,184,204,192,196,176,176,176,172,172,176,168,152,308,296,280,288,284,280,280,292,276,272,280,276,284,268,256,276,268,260,276,252,216,244,244,240,220,256,264,252,252,268,252,252,272,272,244,240,256,268,232,252,252,256,244,252,236
2026-08-27T04:00:00Z,88,120,124,120,236,196,216,224,204,184,156,176,168,168,172,176,172,172,156,312,284,288,284,280,284,284,280,284,268,264,268,276,288,272,256,268,256,248,260,272,256,260,252,268,256,264,276,264,280,292,268,284,244,244,256,248,264,276,272,272,264,256,312,292
2026-08-27T05:00:00Z,164,88,356,156,188,224,168,208,200,192,200,184,176,176,172,172,172,176,168,168,292,280,284,284,300,276,280,276,280,272,276,284,288,280,264,260,256,252,260,272,264,260,260,252,252,244,264,276,128,288,244,300,268,268,268,276,264,304,272,268,280,328,312,288
2026-08-27T06:00:00Z,184,180,32,156,136,208,224,180,204,200,176,180,184,172,172,168,172,172,172,152,316,292,276,268,268,264,276,268,268,268,272,264,264,272,256,268,268,264,276,252,264,272,296,284,272,248,268,284,272,252,264,320,224,244,292,260,256,272,232,264,268,264,276,288
2026-08-27T07:00:00Z,176,152,168,180,316,184,208,200,212,232,192,180,180,180,184,176,168,160,168,160,164,308,272,272,268,280,268,284,284,276,272,260,272,260,276,280,260,272,248,256,276,252,256,264,248,272,276,252,280,288,296,272,280,284,272,272,228,236,240,232,240,240,300,228
2026-08-27T08:00:00Z,148,160,160,164,332,176,304,172,208,188,196,176,184,180,176,172,172,164,156,164,160,148,292,296,272,280,284,288,276,280,264,276,276,256,256,268,256,252,252,260,272,252,244,248,264,248,240,256,264,228,176,244,232,168,200,172,168,192,176,176,172,180,144,152
2026-08-27T09:00:00Z,168,184,156,168,180,192,188,212,188,200,172,184,180,180,176,176,176,168,172,164,324,316,144,276,264,272,268,264,272,260,272,264,252,260,272,260,252,252,252,236,240,248,236,224,188,160,176,188,160,172,180,168,168,172,164,168,168,152,168,168,164,172,156,160
2026-08-27T10:00:00Z,312,136,156,132,168,176,304,204,192,200,284,176,180,184,168,168,172,152,148,316,168,152,288,268,264,268,272,268,268,256,264,276,268,264,268,260,124,252,120,132,116,140,160,144,152,172,152,152,164,188,156,164,160,168,172,172,172,172,196,164,152,156,268,160
2026-08-27T11:00:00Z,164,152,160,156,164,200,152,232,188,176,200,180,176,176,176,176,172,160,144,152,156,296,260,248,256,260,260,260,256,256,260,260,260,268,276,276,96,104,112,128,256,272,164,264,180,192,200,144,192,196,216,220,212,216,180,192,172,196,192,180,172,192,160,160
2026-08-27T12:00:00Z,176,184,180,156,196,200,192,196,224,212,164,144,180,180,176,176,176,156,152,156,144,280,248,240,248,252,244,256,252,260,260,264,256,256,264,144,120,260,88,104,168,196,208,228,224,220,224,224,204,196,236,180,204,248,180,188,200,208,200,168,224,212,196,200
2026-08-27T13:00:00Z,188,156,160,176,200,196,208,204,224,208,172,172,184,180,184,176,172,156,156,144,180,224,256,244,260,248,252,248,252,248,248,252,256,276,272,260,268,100,140,112,136,108,112,172,96,244,232,204,132,224,168,204,212,188,216,188,200,184,180,188,184,184,184,164
2026-08-27T14:00:00Z,180,348,196,168,208,212,168,192,192,204,176,184,176,176,176,176,172,160,148,160,164,156,244,276,276,244,240,252,248,256,252,244,248,252,248,252,88,100,108,116,112,104,152,124,152,192,156,156,168,128,132,164,176,192,196,164,164,144,164,176,188,192,176,172
2026-08-27T15:00:00Z,196,164,244,172,232,200,176,212,208,204,176,172,188,180,176,176,172,164,152,156,140,148,168,248,256,260,256,252,256,252,244,248,240,248,244,240,252,264,260,96,168,92,88,84,100,132,124,100,76,160,244,208,240,108,96,184,184,200,200,180,208,152,200,184
2026-08-27T16:00:00Z,196,188,72,180,208,196,184,208,196,208,188,176,180,180,180,180,176,164,152,160,140,180,168,280,284,276,252,244,252,252,252,244,248,248,236,240,244,248,240,260,260,260,140,116,116,248,140,96,176,188,204,232,180,176,172,180,192,176,136,180,184,168,184,188
2026-08-27T17:00:00Z,192,184,232,272,156,164,208,164,228,220,188,176,180,176,180,172,176,176,152,144,192,208,224,256,272,256,256,256,248,256,244,256,248,248,248,248,240,260,252,236,224,240,228,244,112,116,140,156,144,148,156,184,160,144,156,168,172,176,164,136,184,196,192,172
2026-08-27T18:00:00Z,168,344,176,192,180,192,192,200,192,212,180,176,180,172,176,176,176,172,156,148,200,224,268,268,272,260,256,256,264,260,260,252,252,244,256,256,252,240,240,252,256,244,252,268,236,232,256,188,112,156,164,156,188,116,180,156,216,184,168,168,148,160,164,180
2026-08-27T19:00:00Z,184,160,184,216,196,180,196,208,228,200,208,188,176,176,180,180,176,168,320,156,156,260,260,256,272,268,272,264,264,268,260,260,256,268,248,252,260,256,256,256,248,252,252,272,240,240,252,112,116,232,124,156,148,140,184,172,192,156,176,188,176,168,172,176
2026-08-27T20:00:00Z,172,160,216,192,188,200,176,200,200,192,208,168,176,176,184,180,168,164,160,144,312,148,296,300,276,252,264,260,256,268,252,264,272,280,280,276,272,256,248,260,172,272,264,276,104,272,256,268,104,116,104,264,268,128,156,140,156,180,160,152,172,168,164,164
2026-08-27T21:00:00Z,120,128,336,196,164,188,200,212,216,204,188,256,172,176,176,180,176,168,148,288,312,292,288,292,284,284,272,276,308,280,276,272,264,252,268,268,248,264,260,268,244,260,248,252,88,100,96,104,100,112,104,112,120,152,152,108,144,204,184,172,160,148,180,180
2026-08-27T22:00:00Z,184,188,160,196,200,212,212,192,224,200,196,180,176,172,180,184,172,184,152,312,316,288,276,288,272,260,272,272,280,288,288,264,260,252,264,272,256,260,256,284,264,280,268,280,104,100,88,96,100,104,96,124,128,152,160,144,140,172,192,168,184,176,188,188
2026-08-27T23:00:00Z,228,204,204,196,180,196,204,200,208,208,200,156,168,176,184,172,172,164,152,160,312,280,272,276,264,288,260,272,268,272,256,280,284,272,268,268,252,280,252,248,264,96,256,124,116,92,100,92,96,128,88,228,244,152,160,180,136,156,184,176,156,176,208,196
2026-08-28T00:00:00Z,200,352,208,180,180,204,208,208,212,216,204,196,184,184,176,176,172,164,160,164,148,272,296,272,284,284,272,260,268,276,276,256,264,264,264,276,128,268,268,96,264,264,272,92,84,252,84,84,232,220,156,92,148,132,172,168,168,176,164,176,196,196,204,188
2026-08-28T01:00:00Z,180,172,136,76,224,216,204,216,204,200,200,204,180,172,180,164,176,168,160,292,272,288,280,288,292,280,276,260,268,268,252,264,252,260,292,264,280,272,256,124,104,264,268,144,112,92,260,104,124,260,88,96,108,128,196,200,180,180,172,192,212,184,188,192
2026-08-28T02:00:00Z,192,180,304,200,184,204,196,192,216,212,204,212,168,172,172,176,176,176,164,156,268,276,268,268,280,268,268,268,260,248,240,256,260,240,236,252,236,212,224,244,268,212,256,80,84,84,64,100,64,128,128,152,140,152,188,160,188,156,176,180,180,200,208,188
2026-08-28T03:00:00Z,204,212,172,240,204,208,200,196,208,208,196,180,280,176,176,172,172,172,152,156,172,300,296,280,300,292,276,260,252,248,268,260,272,232,248,300,232,252,176,152,224,236,136,232,196,176,100,136,176,120,148,168,164,184,184,196,204,196,204,204,232,228,208,244
2026-08-28T04:00:00Z,220,264,152,60,212,212,208,212,212,204,212,180,196,180,180,184,172,164,172,176,172,212,328,260,280,276,272,268,256,252,260,260,272,256,240,228,228,232,252,256,264,220,232,236,228,212,216,240,236,244,212,256,248,220,204,232,208,208,236,236,248,240,252,256
2026-08-28T05:00:00Z,224,216,208,192,204,192,204,208,200,216,204,192,220,176,176,176,172,168,160,152,156,272,260,236,256,288,288,280,260,268,260,256,256,264,252,268,264,260,232,256,256,240,204,256,232,252,248,248,280,236,244,248,244,260,264,264,232,236,224,228,224,244,272,288
2026-08-28T06:00:00Z,212,220,196,212,216,208,204,196,220,220,216,200,152,180,176,172,180,168,164,156,160,284,256,260,260,284,236,260,264,276,264,268,256,264,248,264,252,244,244,244,224,248,236,232,236,260,240,256,268,228,252,256,252,260,252,240,220,220,236,228,228,224,224,212
2026-08-28T07:00:00Z,176,196,172,212,236,204,212,224,204,208,224,188,188,168,180,180,180,172,164,180,168,160,276,244,276,260,272,256,272,260,256,240,260,260,276,236,248,260,244,216,276,248,240,228,244,232,244,248,240,252,252,264,260,256,256,244,236,248,248,276,140,260,288,256
2026-08-28T08:00:00Z,196,192,168,184,204,204,208,212,200,200,204,200,312,172,168,168,176,180,172,188,160,140,264,244,240,248,264,252,252,244,264,260,248,260,256,248,252,256,244,240,244,204,220,244,236,224,244,248,244,72,224,216,260,112,224,84,236,96,88,224,256,72,100,108
2026-08-28T09:00:00Z,208,204,172,216,200,208,208,204,224,220,216,168,176,200,180,172,176,176,168,156,176,144,260,220,256,248,256,256,276,268,252,284,272,276,248,252,252,248,248,244,240,236,228,256,236,256,244,248,248,212,252,236,252,240,260,232,216,76,244,236,96,104,96,256
2026-08-28T10:00:00Z,192,204,188,188,204,204,200,236,224,212,236,176,192,180,180,172,176,176,168,188,172,180,244,288,264,264,264,244,248,244,252,260,224,228,256,264,228,228,252,264,228,148,196,196,224,212,224,244,276,276,248,224,216,240,244,120,100,268,192,236,176,216,224,140
2026-08-28T11:00:00Z,212,204,192,180,212,208,208,212,208,216,212,204,224,168,172,176,176,168,168,176,180,180,292,212,248,244,244,252,252,264,256,272,252,232,252,240,256,224,264,252,212,220,240,252,228,244,252,236,256,260,232,248,212,212,220,208,216,208,252,260,192,208,160,180
2026-08-28T12:00:00Z,220,236,196,196,216,208,212,208,216,204,208,192,196,180,180,176,176,180,184,212,296,172,244,260,256,252,240,260,240,240,260,244,252,240,252,260,240,272,236,236,264,232,228,220,256,244,260,252,224,268,244,228,236,248,252,228,224,224,188,212,212,208,200,196
2026-08-28T13:00:00Z,220,208,192,228,220,208,208,208,212,212,224,212,188,188,180,176,172,164,148,324,204,240,248,232,236,244,244,252,244,244,248,244,244,252,244,244,260,268,256,260,232,224,224,236,240,280,252,240,244,244,216,224,236,244,248,276,144,228,216,260,232,236,204,244
2026-08-28T14:00:00Z,200,200,216,212,204,204,212,216,208,212,204,252,216,280,172,180,176,172,160,156,296,308,276,256,252,240,248,236,248,236,260,240,248,248,244,240,260,260,284,248,236,236,236,220,220,216,224,232,232,252,224,224,220,148,176,156,164,236,236,240,240,180,276,252
2026-08-28T15:00:00Z,228,248,232,244,208,212,200,212,216,220,216,236,204,164,160,184,180,172,328,316,276,164,320,220,252,300,260,240,264,260,248,244,256,256,252,252,244,252,244,220,220,256,288,292,288,268,264,168,180,140,260,128,240,244,232,224,248,240,216,208,196,108,272,188
2026-08-28T16:00:00Z,220,276,84,252,248,216,212,204,224,212,212,268,260,256,180,188,180,152,316,320,304,288,280,284,260,276,280,292,264,260,256,256,252,272,260,264,264,272,256,244,256,244,264,272,248,256,120,104,148,208,188,212,64,168,88,232,164,208,104,228,76,76,228,244
2026-08-28T17:00:00Z,240,276,260,84,236,200,208,208,232,220,224,244,244,288,252,196,176,156,300,284,324,288,276,276,272,260,272,276,256,252,272,264,260,256,256,260,240,248,276,268,256,252,264,240,292,276,276,272,248,232,264,224,220,228,204,200,196,240,216,220,204,204,208,148
2026-08-28T18:00:00Z,244,252,260,88,240,216,208,208,220,220,224,136,192,224,228,176,192,168,320,296,300,296,284,268,292,276,272,284,280,284,268,260,264,272,276,260,252,256,252,264,248,268,264,260,256,244,248,240,244,240,280,276,268,260,260,156,148,252,276,244,124,108,168,164
2026-08-28T19:00:00Z,184,284,140,268,124,204,188,204,216,220,212,236,232,176,164,192,184,164,316,304,312,312,276,284,284,288,280,288,280,276,288,272,268,256,264,248,244,264,268,260,264,268,256,272,272,240,272,292,268,276,292,144,300,264,252,232,220,168,260,216,248,216,304,212
2026-08-28T20:00:00Z,212,244,272,256,264,208,220,220,216,224,216,216,200,260,180,196,176,176,160,300,300,296,288,292,272,276,276,288,284,288,296,304,280,292,284,284,280,268,276,264,260,276,232,280,280,248,268,288,272,264,248,256,256,252,260,280,268,252,260,244,252,264,248,288
2026-08-28T21:00:00Z,232,252,272,288,100,200,208,192,208,208,224,200,200,184,212,316,176,168,148,316,320,312,308,296,300,288,280,272,280,292,292,320,320,320,284,292,304,256,268,276,236,276,260,192,320,276,296,264,268,256,276,268,268,244,268,272,280,264,260,252,248,256,252,248
2026-08-28T22:00:00Z,208,220,144,140,252,204,192,200,196,196,212,220,244,180,188,172,172,180,176,324,296,284,300,284,308,280,288,288,292,304,292,300,324,324,304,316,308,280,284,304,300,284,340,300,264,36,276,268,280,264,12,216,276,280,216,276,264,272,256,268,252,264,260,244
2026-08-28T23:00:00Z,196,204,136,180,196,204,200,204,200,200,208,220,204,236,172,176,180,176,156,308,296,300,300,292,292,292,276,292,292,284,296,296,288,312,308,300,304,324,296,352,292,304,316,300,296,280,300,280,252,288,276,236,276,228,236,248,236,228,228,252,180,248,240,248
2026-08-29T00:00:00Z,180,188,212,188,188,200,192,200,200,216,212,204,308,212,188,188,188,172,152,316,320,296,224,268,304,288,288,272,288,288,292,304,268,280,288,316,320,312,284,316,328,296,304,300,304,316,268,244,220,204,244,228,236,232,272,264,236,236,244,236,244,268,240,248
2026-08-29T01:00:00Z,204,212,236,192,212,208,204,200,212,212,212,208,240,204,200,164,168,168,324,304,312,288,284,296,288,280,284,276,284,284,260,316,280,252,316,308,308,304,300,304,140,140,168,180,168,192,172,180,216,256,144,252,236,232,240,240,240,252,208,288,260,240,124,232
2026-08-29T02:00:00Z,204,212,236,180,208,208,208,204,208,204,208,212,256,184,184,300,176,156,288,288,296,284,288,296,288,272,272,264,268,276,280,280,244,252,268,276,288,260,236,244,264,272,252,220,228,248,256,240,236,240,248,256,264,260,164,176,228,248,244,132,216,224,180,264
2026-08-29T03:00:00Z,208,204,224,216,204,208,204,208,208,208,212,212,288,196,168,148,168,156,308,296,280,296,280,248,284,276,256,276,256,248,236,284,304,260,240,256,264,256,244,260,300,280,284,272,280,252,264,252,264,244,264,252,240,248,268,136,272,260,188,176,224,224,124,256
2026-08-29T04:00:00Z,192,204,192,220,204,208,208,212,208,208,208,220,256,204,220,172,160,312,280,296,164,276,260,292,280,268,264,268,276,272,272,264,264,264,264,272,308,280,280,244,256,292,276,256,244,244,268,276,212,256,248,124,184,124,244,140,244,140,144,128,292,272,152,172
2026-08-29T05:00:00Z,208,200,196,204,212,212,208,200,208,192,220,208,216,228,208,236,172,324,312,268,212,272,252,284,276,260,236,264,268,248,264,260,256,264,272,256,248,268,284,256,252,296,324,276,284,288,228,280,300,280,260,304,252,244,224,236,240,200,248,260,280,124,284,216
2026-08-29T06:00:00Z,204,200,196,204,208,204,208,200,216,216,216,212,228,240,160,200,172,144,304,312,272,272,260,260,268,276,252,268,260,268,252,260,260,260,264,260,264,280,264,276,268,268,268,268,280,248,260,180,296,268,256,244,280,116,128,128,160,204,180,188,256,180,184,208
2026-08-29T07:00:00Z,208,212,200,208,208,208,212,204,208,212,204,208,220,220,332,184,144,312,300,148,260,272,168,260,264,272,276,252,252,264,268,268,268,268,268,264,264,280,248,248,256,244,248,264,232,240,284,300,324,264,272,260,260,256,256,264,240,200,220,244,244,244,228,228
2026-08-29T08:00:00Z,204,208,212,212,208,208,208,204,216,224,212,216,220,204,148,156,160,316,276,220,276,252,260,256,256,268,268,276,272,272,276,272,272,272,292,284,268,276,276,284,276,268,280,252,232,248,236,264,264,272,252,248,264,280,256,252,220,256,252,240,204,236,112,236
2026-08-29T09:00:00Z,220,212,208,200,208,200,208,208,216,228,212,220,212,200,236,148,172,168,324,296,300,260,288,280,264,268,272,280,280,276,280,272,280,292,276,264,264,260,280,276,264,280,316,260,252,252,268,260,252,252,248,260,264,248,272,232,252,260,108,264,236,232,236,244
2026-08-29T10:00:00Z,192,192,192,208,220,208,200,208,220,220,220,228,212,172,316,164,304,316,292,272,292,296,284,288,284,268,276,260,276,272,264,288,288,296,292,280,288,284,272,268,268,268,280,264,276,280,284,268,264,260,228,260,260,260,256,248,260,252,248,256,236,244,236,236
2026-08-29T11:00:00Z,216,220,208,224,212,208,212,192,216,216,220,224,220,204,204,164,160,272,256,288,280,280,280,272,256,272,268,268,276,276,272,260,264,276,276,276,268,268,264,276,280,260,264,268,272,264,252,264,268,272,260,248,248,264,240,232,240,256,256,240,260,252,216,192
2026-08-29T12:00:00Z,204,204,196,216,204,200,204,212,204,208,216,216,220,280,220,192,144,300,292,284,284,292,276,272,272,280,272,276,284,280,276,268,272,280,268,272,256,260,272,264,260,264,264,264,260,268,264,276,272,268,272,260,264,268,268,260,256,252,244,252,284,236,236,228
2026-08-29T13:00:00Z,212,208,208,212,212,216,212,208,212,212,216,212,224,188,208,288,320,300,276,292,288,296,276,284,284,280,284,268,284,276,284,276,280,276,280,256,276,292,296,280,268,276,276,296,280,268,284,264,268,264,244,260,260,240,252,256,248,240,244,252,248,232,232,236
2026-08-29T14:00:00Z,212,212,204,212,224,220,216,212,216,204,216,216,212,304,216,192,288,304,288,288,292,280,284,272,276,284,288,292,272,264,276,300,276,288,276,272,280,268,272,272,272,268,280,272,260,260,296,280,272,260,252,264,308,264,260,260,252,240,264,124,244,252,224,244
2026-08-29T15:00:00Z,212,208,224,228,220,200,216,212,212,220,212,208,208,236,192,268,280,268,268,288,280,276,276,284,284,276,276,276,276,268,268,276,280,276,272,276,284,272,268,276,268,268,268,272,284,300,264,264,256,260,264,256,236,264,248,236,244,252,260,220,248,200,148,184
2026-08-29T16:00:00Z,240,64,228,232,228,220,208,208,212,220,224,216,212,228,236,156,236,244,264,284,272,284,276,280,288,284,292,276,288,268,284,276,264,268,272,280,264,272,284,272,284,260,264,264,268,280,268,268,264,276,288,300,264,264,284,280,264,256,252,244,224,260,244,236
2026-08-29T17:00:00Z,228,232,232,232,228,216,208,212,204,216,228,216,228,208,196,280,300,276,260,268,272,292,288,276,276,272,276,276,284,276,288,280,284,280,284,268,264,280,276,268,252,264,268,296,276,272,280,248,240,280,304,240,288,296,292,260,276,300,228,284,272,272,276,240
2026-08-29T18:00:00Z,224,232,252,248,232,220,208,204,204,216,220,216,220,224,212,228,284,288,284,248,268,264,284,284,280,280,288,280,276,260,272,276,288,284,276,280,284,288,300,284,280,268,284,284,272,272,264,260,272,312,248,252,260,308,256,252,272,256,284,292,304,280,288,276
2026-08-29T19:00:00Z,200,216,264,224,224,212,204,208,208,216,212,220,240,228,220,160,288,304,264,280,268,284,284,284,292,288,292,288,288,280,276,264,280,284,292,288,288,284,296,268,272,272,260,284,252,304,280,304,280,244,272,320,316,268,304,284,288,312,292,288,252,304,304,260
2026-08-29T20:00:00Z,208,244,260,220,220,216,220,216,212,208,216,220,216,212,220,180,296,304,284,280,272,268,292,308,296,284,284,284,288,304,288,280,284,284,288,284,264,308,296,280,264,280,296,284,288,296,280,304,292,288,284,272,264,300,272,276,280,276,284,288,288,268,268,276
2026-08-29T21:00:00Z,212,216,232,228,192,168,200,204,204,204,208,224,208,192,268,316,288,288,292,280,268,288,276,288,276,268,288,288,292,296,308,296,304,268,292,304,288,284,316,296,280,288,296,276,276,284,300,284,280,288,304,288,272,288,280,272,300,292,292,268,280,280,300,284
2026-08-29T22:00:00Z,240,216,252,272,284,184,192,216,212,220,216,224,204,212,164,244,304,292,292,296,288,284,296,296,288,276,296,296,280,284,304,292,284,300,292,272,272,304,280,304,304,296,284,272,280,296,284,292,300,284,292,292,284,280,296,316,284,292,296,292,304,304,272,280
2026-08-29T23:00:00Z,152,212,120,284,280,236,200,200,208,216,208,208,232,200,272,308,292,284,292,292,300,296,284,284,292,284,300,288,280,276,292,272,300,292,284,300,300,280,296,284,280,268,284,276,292,296,296,288,304,328,248,280,264,296,272,320,296,296,284,300,288,284,308,280
2026-08-30T00:00:00Z,244,252,256,224,236,200,216,208,204,196,200,220,212,228,260,312,300,296,292,296,284,288,284,288,280,284,284,280,288,280,292,292,288,300,292,308,296,300,284,288,288,300,288,320,304,264,280,284,308,268,24,248,248,276,264,304,276,336,296,248,312,300,304,328
2026-08-30T01:00:00Z,232,252,236,244,264,224,212,208,216,204,240,228,204,216,172,276,292,300,304,292,292,284,284,272,280,272,272,288,276,284,276,296,304,292,280,284,296,300,304,292,320,300,284,296,328,304,320,288,268,300,320,320,332,328,328,300,316,316,304,308,308,316,288,300
2026-08-30T02:00:00Z,208,184,260,220,164,180,196,208,212,208,196,216,208,172,308,312,308,304,308,288,292,284,280,272,292,280,284,276,288,284,284,292,264,292,300,300,296,296,296,296,308,316,284,300,316,308,276,16,316,320,304,300,328,336,320,344,300,304,320,328,344,320,328,308
2026-08-30T03:00:00Z,268,268,276,280,256,144,208,208,208,200,200,208,204,208,212,292,288,304,292,296,288,296,288,288,276,292,284,284,288,284,292,288,284,340,252,280,280,292,308,296,304,308,304,320,312,300,300,260,316,308,328,324,296,296,260,276,304,324,336,308,328,340,304,296
2026-08-30T04:00:00Z,244,264,244,288,236,236,204,208,212,212,220,208,236,180,200,264,284,280,280,268,276,288,288,284,284,276,272,292,308,264,280,276,272,276,320,288,280,304,304,308,308,320,320,288,276,292,268,276,0,356,324,320,264,348,332,340,16,352,308,316,260,328,344,260
2026-08-30T05:00:00Z,188,112,288,304,148,224,232,208,204,212,204,212,212,216,228,288,284,288,288,284,288,296,276,272,284,280,288,292,292,288,300,308,296,244,308,276,292,276,264,296,284,268,16,268,272,280,288,8,228,248,260,312,328,12,8,236,264,324,324,220,356,0,340,320
2026-08-30T06:00:00Z,212,236,124,160,188,160,196,204,200,192,196,208,216,220,296,284,296,296,284,280,284,280,276,284,284,280,288,284,284,284,284,292,280,288,284,276,288,268,288,284,268,260,4,8,340,308,308,312,344,308,304,292,312,312,340,312,316,216,308,324,304,332,352,12
2026-08-30T07:00:00Z,208,232,204,216,196,200,204,208,208,196,212,216,212,192,264,288,288,300,300,288,284,272,268,288,284,276,288,288,288,284,288,292,280,276,280,276,304,284,284,272,260,256,268,280,304,256,260,288,284,280,324,316,300,248,316,300,296,344,224,348,344,336,16,12
2026-08-30T08:00:00Z,216,224,24,208,212,204,192,212,208,208,212,204,212,200,308,268,296,296,276,280,288,272,280,288,276,292,288,284,288,280,280,280,284,284,284,272,276,264,296,276,288,244,316,244,224,288,308,288,296,292,324,244,296,248,352,328,204,336,208,280,348,16,332,224
2026-08-30T09:00:00Z,200,216,208,268,264,228,232,208,208,212,204,200,220,200,252,300,292,292,288,292,280,276,288,284,272,284,276,284,288,280,284,288,288,276,288,268,280,284,280,284,276,240,260,272,8,252,292,352,296,348,352,268,300,320,212,212,212,264,328,4,320,8,344,328
2026-08-30T10:00:00Z,216,236,44,288,308,212,204,208,208,208,220,212,212,232,236,288,288,288,288,280,280,272,284,276,280,272,292,284,280,268,272,284,288,280,276,292,316,248,224,252,232,256,256,256,252,268,272,248,308,260,256,272,256,320,256,240,12,200,196,356,4,4,12,224
2026-08-30T11:00:00Z,208,208,280,204,204,244,192,220,216,204,212,204,212,220,216,284,288,284,288,284,276,280,272,272,276,276,292,272,276,284,276,268,268,284,268,280,284,280,300,300,256,248,248,252,236,232,192,220,236,204,228,236,324,204,232,324,172,244,212,220,200,200,204,208
2026-08-30T12:00:00Z,216,220,228,100,256,228,216,208,208,204,208,208,208,208,220,332,292,296,296,288,288,284,280,276,284,284,280,276,272,276,312,276,272,260,244,260,252,248,276,276,268,244,252,248,232,272,268,256,208,252,240,216,220,292,272,244,252,228,228,220,324,196,196,216
2026-08-30T13:00:00Z,208,220,228,256,284,232,192,208,216,208,200,208,208,232,236,240,292,292,288,288,284,280,288,292,280,272,272,276,284,260,276,268,264,268,256,252,268,280,256,256,256,228,240,260,268,252,236,244,260,220,212,192,224,228,232,244,232,200,208,204,216,208,196,220
2026-08-30T14:00:00Z,216,248,220,228,280,216,192,212,208,208,220,212,208,212,224,284,284,288,288,292,288,284,284,284,288,280,264,268,272,280,252,256,260,264,256,268,292,268,272,244,228,244,252,232,248,228,232,248,240,232,224,212,220,224,224,236,252,220,236,240,228,200,216,216
2026-08-30T15:00:00Z,244,68,256,224,236,224,208,212,212,216,208,196,196,228,240,268,288,292,288,292,288,288,288,284,284,276,272,292,292,272,280,280,272,276,320,272,232,224,240,288,264,244,244,232,340,268,220,232,244,216,224,248,296,188,224,228,196,204,172,196,228,236,224,324
2026-08-30T16:00:00Z,240,60,224,244,240,232,220,208,212,212,220,200,184,192,232,268,292,288,288,288,292,296,284,288,276,284,280,288,292,292,272,288,280,280,316,260,252,252,256,196,284,260,312,328,236,232,244,208,196,248,256,220,232,236,240,236,232,240,196,228,204,224,228,224
2026-08-30T17:00:00Z,236,240,236,68,240,244,232,220,220,208,208,192,200,192,228,288,284,292,296,292,288,292,296,284,296,292,296,288,288,296,292,276,308,280,288,272,280,268,256,280,280,264,244,304,308,268,300,244,264,208,276,252,236,236,216,180,252,240,236,244,232,232,244,244
2026-08-30T18:00:00Z,240,76,244,80,212,256,216,220,220,212,196,176,184,180,216,256,272,284,288,276,296,284,292,288,288,296,280,292,280,280,284,276,284,284,288,276,264,268,280,272,284,276,256,220,264,292,336,244,280,248,256,260,264,248,252,244,232,192,232,228,236,228,236,232
2026-08-30T19:00:00Z,252,60,252,88,248,252,224,200,220,212,212,184,200,196,236,272,288,288,284,280,284,284,288,288,284,292,280,292,280,264,284,292,292,292,280,272,280,268,256,260,288,292,300,272,292,296,264,272,264,268,292,244,284,264,260,276,216,236,252,180,252,224,248,236
2026-08-30T20:00:00Z,236,236,248,264,268,272,220,220,212,212,216,180,184,184,188,156,284,288,280,280,280,292,280,280,284,292,296,284,304,280,292,268,284,296,296,292,280,300,316,320,296,292,312,8,316,268,240,256,264,256,276,284,280,284,208,264,328,304,292,212,192,228,252,248
2026-08-30T21:00:00Z,256,272,292,268,284,112,164,208,212,208,208,192,184,184,184,276,296,292,280,280,284,280,284,280,296,284,276,292,292,288,296,288,280,292,288,304,340,304,308,260,276,280,296,296,296,308,288,280,224,236,208,204,336,256,248,204,212,212,300,304,220,204,244,196
2026-08-30T22:00:00Z,144,108,248,292,112,152,184,188,200,200,200,196,196,184,176,280,296,296,292,288,280,280,288,284,288,304,284,300,288,280,276,252,288,292,292,276,280,300,312,308,324,284,292,304,248,264,348,0,320,192,264,280,292,344,220,240,256,224,248,224,276,212,324,228
2026-08-30T23:00:00Z,176,200,288,116,236,176,212,204,204,200,216,172,172,192,168,156,296,296,292,292,288,284,292,288,276,284,272,284,284,284,288,288,284,316,332,276,288,256,256,244,284,288,276,316,260,288,300,340,356,208,240,244,276,240,268,264,240,256,268,268,216,192,292,260
2026-08-31T00:00:00Z,292,276,120,180,192,200,204,200,204,208,208,224,196,176,184,160,284,292,292,292,288,280,280,300,276,276,280,272,268,264,272,292,280,308,280,264,224,244,260,292,220,220,284,268,232,272,300,328,212,4,240,192,216,212,240,224,208,256,236,184,236,204,252,256
2026-08-31T01:00:00Z,224,232,172,148,212,176,196,200,204,208,212,204,180,172,168,156,300,300,292,292,284,288,280,276,280,276,264,268,280,284,284,280,280,288,268,244,256,280,228,228,256,200,216,340,180,208,212,228,248,204,332,212,208,356,4,208,236,232,308,332,340,348,336,332
2026-08-31T02:00:00Z,160,264,284,236,244,184,216,196,208,200,204,196,192,176,160,160,304,296,292,292,296,296,284,280,284,292,280,268,280,272,276,256,272,272,284,236,268,256,256,252,224,272,304,240,248,244,212,272,264,260,12,320,224,252,244,296,260,0,8,228,312,336,308,284
2026-08-31T03:00:00Z,268,88,212,260,132,176,208,196,204,208,204,192,196,164,168,160,284,296,292,288,292,292,284,280,276,272,276,272,268,264,256,260,268,264,236,228,236,260,236,244,236,236,276,188,0,232,268,304,276,260,256,308,300,264,204,336,304,280,320,332,356,336,312,284
2026-08-31T04:00:00Z,292,272,84,112,268,200,224,184,204,196,212,184,172,180,180,176,300,292,288,288,284,284,264,288,284,284,280,272,256,268,284,288,280,288,260,288,256,236,216,288,320,268,268,288,288,268,256,316,308,284,328,328,316,284,348,344,320,292,240,316,296,296,24,296
2026-08-31T05:00:00Z,128,124,68,260,144,136,220,204,204,200,196,188,184,172,180,156,300,300,292,288,284,280,276,268,272,280,264,280,272,268,272,272,264,276,252,292,260,260,240,268,344,296,324,296,308,284,296,320,340,308,260,280,340,208,316,304,340,332,296,312,328,300,332,316
2026-08-31T06:00:00Z,232,216,276,244,236,240,244,200,200,204,204,196,184,184,164,184,292,284,284,280,280,272,268,264,268,272,276,280,276,280,288,284,284,288,296,288,300,288,280,308,292,280,224,328,220,268,344,316,308,332,348,328,320,324,24,192,4,356,316,336,272,304,324,296
2026-08-31T07:00:00Z,144,288,104,260,248,140,152,192,196,200,196,168,204,184,172,152,320,296,292,280,280,280,280,276,276,276,284,292,272,272,272,276,252,260,264,272,264,284,272,288,240,216,268,260,228,296,236,268,224,228,244,268,308,4,280,232,256,228,204,244,352,200,204,292
2026-08-31T08:00:00Z,72,84,256,88,252,260,200,160,204,212,204,192,176,172,168,168,288,288,296,276,280,276,276,276,272,268,284,272,272,296,280,272,264,280,260,264,256,272,268,264,260,248,244,308,276,236,268,280,276,284,244,244,348,320,204,200,208,220,216,208,260,0,196,228
2026-08-31T09:00:00Z,260,276,100,248,104,160,192,188,192,196,196,192,180,176,176,160,292,292,284,280,280,284,280,276,272,256,268,276,264,276,268,268,268,264,252,268,248,252,272,244,252,272,232,240,224,248,220,212,228,228,236,224,232,192,344,344,272,260,232,200,248,176,208,248
2026-08-31T10:00:00Z,208,116,172,316,300,264,296,180,200,188,196,204,180,172,180,172,320,284,292,276,276,280,280,284,272,272,272,272,280,272,268,264,272,276,276,276,264,280,272,232,224,264,228,308,240,232,288,268,240,256,304,212,212,244,288,208,336,220,196,232,224,0,196,200
2026-08-31T11:00:00Z,236,280,280,264,272,180,216,160,196,200,204,212,180,168,184,172,308,300,288,284,280,280,272,268,280,276,260,276,264,260,272,264,260,260,260,280,268,272,252,252,240,260,196,320,236,260,268,228,188,200,232,240,308,332,264,276,256,168,204,328,336,300,300,340
2026-08-31T12:00:00Z,268,252,344,244,204,108,156,212,196,208,192,188,172,176,168,176,300,296,292,288,296,280,276,276,276,276,272,280,276,268,268,272,256,268,264,272,260,260,268,284,284,280,244,224,352,232,276,260,356,208,280,308,184,180,252,224,208,304,260,260,224,344,316,248
2026-08-31T13:00:00Z,172,164,152,296,264,148,176,224,200,188,188,184,188,180,176,188,304,292,292,288,296,284,284,284,284,268,276,288,272,260,272,264,260,272,280,280,280,264,264,264,268,284,264,280,268,252,288,240,276,268,248,244,244,204,320,244,236,244,224,260,196,292,248,180
2026-08-31T14:00:00Z,232,244,224,244,260,256,196,184,200,216,208,192,180,176,168,168,148,300,292,292,296,288,280,280,292,292,272,284,260,268,272,276,264,288,280,288,272,268,256,256,244,240,276,268,264,272,292,224,252,268,240,240,212,248,216,200,188,244,228,200,204,220,232,276
2026-08-31T15:00:00Z,208,224,220,220,228,220,216,192,208,196,208,188,192,172,180,176,164,304,300,288,292,288,292,280,280,280,288,280,284,280,276,272,284,276,264,268,264,272,272,244,232,256,256,268,244,260,256,248,248,220,220,192,236,264,264,252,220,184,248,224,232,188,216,232
2026-08-31T16:00:00Z,228,220,228,244,240,260,244,212,212,196,192,184,172,172,176,184,164,308,300,292,292,296,288,288,292,276,280,276,280,272,284,272,292,264,284,264,264,300,276,300,280,256,240,232,240,244,256,244,264,224,220,228,236,236,228,260,248,240,228,216,240,232,228,236
2026-08-31T17:00:00Z,68,68,236,72,236,216,212,180,192,196,196,172,172,168,168,180,160,312,296,284,288,284,284,284,280,280,296,260,284,280,280,272,272,280,296,272,272,260,272,268,264,236,264,264,244,252,248,236,248,264,224,228,248,228,236,252,228,252,252,232,256,244,244,256
2026-08-31T18:00:00Z,240,216,60,256,252,236,204,140,220,196,196,196,168,168,172,172,164,288,292,284,284,284,280,288,288,280,276,276,288,284,288,288,284,264,268,276,268,260,260,272,264,268,268,260,272,248,248,232,244,232,244,240,236,244,256,252,228,228,252,244,256,236,256,244
2026-08-31T19:00:00Z,68,68,264,252,264,140,212,192,200,200,184,192,164,168,172,176,168,288,280,276,264,280,284,284,276,280,292,284,272,284,280,264,288,272,272,272,260,288,276,268,272,276,260,260,288,276,264,288,268,264,272,264,272,232,272,260,248,244,252,256,276,252,280,292
2026-08-31T20:00:00Z,88,72,120,268,272,260,236,268,184,204,200,180,176,172,172,168,180,292,276,280,272,284,284,280,280,288,284,284,284,284,276,280,292,296,288,288,296,280,276,300,292,292,280,296,284,276,272,280,284,288,272,268,276,288,276,276,280,264,272,276,268,268,260,264
2026-08-31T21:00:00Z,280,192,284,128,248,208,124,196,184,204,200,188,172,168,172,172,180,176,284,280,288,284,276,280,288,276,280,280,280,272,264,276,284,288,296,292,284,284,280,284,284,296,288,280,268,288,284,272,268,292,264,272,280,268,268,272,268,276,288,240,300,280,268,276
2026-08-31T22:00:00Z,300,292,312,280,244,200,240,180,192,204,200,184,184,172,176,172,176,324,272,280,272,272,268,260,272,276,268,276,272,268,280,264,272,276,296,280,276,264,256,292,272,276,260,292,280,296,276,268,284,288,276,320,288,272,288,304,284,284,276,268,280,276,276,284
2026-08-31T23:00:00Z,276,304,268,228,72,224,196,184,196,192,188,176,180,172,172,164,172,168,272,288,280,280,268,268,280,280,276,280,272,288,276,272,284,284,260,280,292,284,296,284,284,284,284,280,280,288,284,284,288,296,312,280,272,292,304,292,284,304,288,284,300,296,296,304
2026-09-01T00:00:00Z,240,260,72,60,252,240,248,220,200,200,192,176,180,168,168,168,172,324,296,288,280,272,272,280,268,264,272,276,280,272,272,264,268,264,256,284,280,268,268,276,264,276,268,260,272,288,280,268,264,284,272,248,256,284,272,264,272,300,316,292,292,288,296,300
2026-09-01T01:00:00Z,248,244,272,256,116,252,300,224,212,192,192,184,168,164,160,176,172,316,296,296,288,280,284,268,276,276,272,284,260,252,256,264,260,268,276,284,288,284,248,260,272,280,300,292,288,292,296,280,296,300,288,300,288,288,284,300,300,284,304,304,304,296,324,312
2026-09-01T02:00:00Z,296,300,268,284,288,304,124,112,184,212,188,180,168,168,172,156,168,160,304,296,288,280,276,284,272,272,268,264,272,260,264,284,276,280,296,284,292,284,296,292,300,292,304,284,312,300,284,272,284,288,300,308,288,280,304,308,304,292,316,308,296,308,304,332
2026-09-01T03:00:00Z,312,312,280,280,124,280,284,192,192,200,184,196,168,176,176,168,164,144,308,292,296,288,276,268,280,276,280,268,276,272,264,276,284,276,280,296,252,300,288,284,296,292,300,304,288,268,280,288,300,324,320,280,288,308,300,304,308,296,296,308,292,296,312,316
2026-09-01T04:00:00Z,276,284,132,280,312,304,172,164,204,208,200,172,180,168,180,160,172,168,312,292,296,276,292,292,280,288,280,300,296,296,288,284,292,304,276,280,256,268,276,288,280,328,304,300,308,316,304,316,304,276,280,304,324,328,296,300,288,320,308,288,248,0,288,356
2026-09-01T05:00:00Z,268,260,304,276,272,228,256,156,172,220,200,188,176,168,172,176,168,164,308,292,276,284,292,272,280,276,280,288,276,268,284,288,292,272,292,288,280,272,272,292,296,280,292,284,296,304,280,304,328,332,268,304,244,0,304,316,248,344,336,300,312,320,308,316
2026-09-01T06:00:00Z,160,136,308,264,72,268,160,180,180,204,196,188,176,164,168,164,168,156,304,296,292,300,292,280,284,284,276,288,296,280,276,284,288,280,276,312,268,264,272,268,284,276,272,272,276,292,264,268,292,328,288,316,308,356,328,320,332,312,300,292,296,304,308,336
2026-09-01T07:00:00Z,208,264,292,116,236,108,220,248,180,216,196,200,188,176,168,172,164,160,308,292,272,272,284,276,280,280,284,280,276,272,280,280,268,276,268,276,272,276,280,284,292,272,284,288,300,300,332,320,296,304,288,284,312,288,300,304,340,344,300,352,288,300,308,300
2026-09-01T08:00:00Z,128,128,136,172,272,276,212,148,176,208,192,188,176,168,164,176,164,152,292,284,280,280,280,284,272,284,280,276,276,280,280,284,280,272,284,268,280,288,284,288,300,280,296,312,280,296,300,300,276,288,312,272,280,312,300,324,332,320,188,312,344,328,320,284
2026-09-01T09:00:00Z,252,312,88,296,148,292,152,156,188,200,184,168,184,172,172,176,164,168,284,280,280,280,280,268,272,280,280,276,276,272,272,280,284,288,276,280,276,304,284,280,296,304,288,312,300,296,300,296,316,308,308,300,304,320,296,280,324,332,320,328,308,312,332,324
2026-09-01T10:00:00Z,284,128,296,304,324,252,272,196,188,196,204,172,180,172,172,176,164,160,300,276,288,284,272,276,284,276,284,280,280,272,268,272,288,288,288,296,300,304,308,272,276,264,268,272,332,320,284,308,336,344,316,268,284,320,316,340,308,344,332,308,324,320,340,20
2026-09-01T11:00:00Z,196,184,176,140,168,280,188,168,192,204,204,192,192,176,180,172,176,156,296,292,288,288,276,288,284,288,284,280,280,284,272,276,268,284,292,300,276,284,288,292,284,292,292,348,328,276,280,296,320,264,272,280,328,344,312,320,308,304,324,332,336,332,344,320
2026-09-01T12:00:00Z,284,208,304,276,116,288,256,264,196,192,212,200,184,172,172,172,172,156,292,296,288,284,288,284,268,276,296,272,284,272,276,276,276,288,296,260,276,272,268,260,296,288,304,204,340,348,332,292,332,344,272,300,320,312,316,308,292,320,336,324,296,320,324,324
2026-09-01T13:00:00Z,288,300,260,296,112,272,140,252,168,180,192,196,184,180,168,168,168,164,320,288,288,288,284,280,284,276,276,284,284,280,276,284,272,288,296,276,292,280,276,264,268,304,304,268,304,304,304,336,288,252,320,336,328,4,320,344,336,0,308,320,336,332,344,324
2026-09-01T14:00:00Z,128,312,264,328,104,264,204,200,176,184,192,192,192,184,176,176,164,164,320,288,288,280,280,280,280,272,272,272,280,272,264,260,276,268,288,256,272,288,276,260,256,256,268,264,264,244,236,240,244,240,264,232,240,240,248,228,216,216,244,244,268,288,260,228
2026-09-01T15:00:00Z,304,304,216,296,276,228,212,220,188,172,196,192,184,184,164,164,180,168,332,292,292,280,280,280,284,284,276,284,280,276,272,276,272,268,268,284,272,264,284,284,284,284,268,276,276,248,276,284,296,284,276,256,256,288,288,272,276,280,280,284,272,276,280,288
2026-09-01T16:00:00Z,216,184,236,264,284,272,136,228,176,172,188,188,204,192,176,188,180,168,312,284,284,284,280,284,292,284,272,276,272,272,264,268,260,256,272,276,260,264,264,256,240,256,252,288,312,284,256,256,304,276,288,200,304,276,284,280,0,260,316,288,256,252,264,304
2026-09-01T17:00:00Z,292,292,8,96,276,236,272,184,168,180,176,184,188,180,180,164,168,168,316,276,284,288,284,276,280,276,280,276,276,272,276,276,272,268,272,272,268,268,268,268,272,248,252,252,272,272,260,296,296,276,304,288,260,200,296,304,312,288,268,244,212,220,224,244
2026-09-01T18:00:00Z,236,248,256,92,260,236,256,272,188,184,188,188,200,176,188,172,176,176,228,272,292,292,292,280,284,284,284,276,272,284,280,284,268,268,268,284,280,272,260,256,260,288,272,280,288,264,292,272,268,268,276,260,288,336,268,264,264,268,312,256,276,284,288,284
2026-09-01T19:00:00Z,296,280,280,284,264,276,256,164,168,184,180,172,184,184,176,176,172,160,296,284,284,280,280,284,272,276,272,288,284,280,280,268,276,276,280,292,288,284,284,288,280,280,280,280,292,284,272,284,304,308,300,296,300,296,288,276,284,288,292,248,292,292,292,312
2026-09-01T20:00:00Z,160,164,248,308,92,104,176,284,192,180,176,188,184,188,168,172,168,164,164,292,272,280,284,272,280,280,280,284,284,292,276,280,284,280,276,280,292,280,276,276,288,280,280,280,288,280,276,296,284,280,272,296,268,256,264,276,276,284,288,288,276,316,312,284
2026-09-01T21:00:00Z,284,272,280,272,272,312,140,132,180,184,192,188,176,172,176,172,164,164,308,308,284,280,276,284,288,288,280,280,280,288,284,284,288,292,292,292,284,292,280,288,292,280,280,276,292,284,288,300,292,284,280,272,292,284,316,312,308,296,300,264,292,292,292,292
2026-09-01T22:00:00Z,124,128,144,284,296,292,276,164,176,176,184,176,176,172,168,168,176,176,304,280,292,284,280,280,284,280,276,280,284,288,284,292,288,292,284,276,284,284,280,288,280,280,296,284,280,296,292,296,272,272,292,316,288,284,276,276,272,288,300,300,284,288,300,288
2026-09-01T23:00:00Z,244,116,276,220,20,296,264,176,144,200,192,172,176,164,196,172,168,156,316,288,292,288,292,280,272,276,276,276,272,284,276,284,292,288,288,292,296,304,304,296,300,280,300,292,292,288,288,292,304,300,292,280,292,292,292,300,288,292,316,300,288,300,296,312
2026-09-02T00:00:00Z,100,36,260,244,140,112,260,124,156,180,176,192,176,172,164,160,168,156,152,300,288,280,280,276,288,280,272,272,280,276,272,272,280,280,288,292,292,296,300,296,292,300,284,300,296,292,284,300,280,288,320,312,292,280,292,292,304,292,276,300,296,292,292,296
2026-09-02T01:00:00Z,256,256,236,276,260,284,168,280,172,188,172,188,176,180,184,180,168,160,300,288,276,284,272,276,268,272,268,264,260,276,288,288,280,280,276,284,284,276,300,296,280,284,284,288,256,288,300,292,288,272,292,296,292,312,300,296,308,308,312,296,284,304,280,300
2026-09-02T02:00:00Z,264,268,280,280,296,288,232,140,192,176,176,184,184,184,188,172,172,168,168,276,276,272,264,264,260,276,268,272,276,276,284,276,280,264,288,276,284,280,288,284,284,288,300,296,292,276,292,292,284,288,292,276,296,292,316,320,284,296,320,300,296,320,304,312
2026-09-02T03:00:00Z,292,288,308,292,272,280,300,132,180,184,172,184,172,176,172,172,164,308,300,288,268,272,272,272,276,276,284,272,268,280,276,292,284,292,288,284,296,300,300,300,292,280,312,312,308,308,304,296,284,268,308,332,312,312,328,328,328,312,308,320,320,328,296,308
2026-09-02T04:00:00Z,344,284,320,324,280,144,156,204,132,196,192,176,192,172,168,168,176,320,292,288,264,272,276,276,276,280,280,280,276,288,284,284,276,296,288,280,292,324,292,284,296,292,304,316,304,300,336,300,316,304,312,308,292,284,336,0,300,320,300,312,316,284,304,336
2026-09-02T05:00:00Z,256,296,304,308,284,136,284,180,168,152,176,172,172,160,176,176,168,160,152,280,280,260,264,276,280,276,284,284,292,284,288,276,284,288,288,284,304,284,312,296,292,284,276,304,280,236,296,304,288,296,276,316,308,308,312,320,328,316,312,332,344,340,344,312
2026-09-02T06:00:00Z,296,112,276,296,304,116,296,300,172,128,168,172,160,192,176,168,164,148,272,260,264,284,284,272,272,284,280,292,280,280,284,280,272,288,268,296,284,284,272,288,296,332,296,288,312,292,288,300,284,304,308,348,316,320,336,312,296,304,324,316,316,332,348,340
2026-09-02T07:00:00Z,264,264,300,304,312,260,244,160,248,176,192,180,172,184,176,176,176,312,304,268,268,276,276,272,276,276,272,264,276,280,280,280,304,292,276,304,284,280,292,276,292,284,308,280,308,312,332,312,332,308,320,320,304,284,344,336,344,340,304,308,312,4,332,332
2026-09-02T08:00:00Z,336,348,256,304,192,296,232,192,180,176,204,176,164,184,164,176,168,172,152,264,268,280,276,276,276,288,288,284,288,300,296,276,292,288,300,272,260,296,312,320,312,284,308,292,236,12,324,8,320,304,288,292,316,340,324,296,328,344,312,328,324,336,328,316
2026-09-02T09:00:00Z,296,284,252,324,224,284,252,180,184,176,176,176,168,184,176,172,176,172,320,272,268,268,272,276,280,284,272,280,292,292,276,268,280,292,276,292,276,272,264,236,300,276,284,252,232,256,352,308,332,280,212,8,328,308,348,344,324,312,320,300,248,320,324,308
2026-09-02T10:00:00Z,96,276,280,268,280,284,228,212,180,184,192,176,184,180,180,180,180,160,156,264,280,280,276,280,280,276,276,280,276,280,292,276,292,284,280,284,272,264,248,268,280,268,244,268,312,280,280,264,276,248,260,284,332,304,296,300,356,308,328,300,344,312,340,308
2026-09-02T11:00:00Z,272,280,264,284,212,140,132,164,164,180,184,188,176,176,184,164,180,160,280,276,280,280,280,276,288,276,280,272,280,276,280,268,264,280,288,264,292,272,292,268,288,284,284,272,280,304,320,264,264,324,252,240,216,276,328,356,208,232,8,356,244,264,336,272
2026-09-02T12:00:00Z,256,216,316,156,256,216,200,236,164,192,192,184,184,180,200,156,172,156,296,268,284,280,280,280,272,276,280,276,280,280,276,276,276,280,280,272,280,268,272,288,288,280,260,272,244,272,248,244,256,252,244,224,272,196,340,288,0,240,200,208,228,212,220,208
2026-09-02T13:00:00Z,112,104,240,52,284,268,224,176,192,176,188,188,176,188,188,196,176,148,292,288,288,284,288,280,276,284,284,272,272,284,280,276,276,284,272,280,244,268,264,264,284,260,252,268,312,252,256,312,312,244,276,268,292,264,260,228,244,336,228,304,256,184,216,292
2026-09-02T14:00:00Z,268,280,260,260,260,264,192,212,184,176,184,180,196,200,196,184,176,304,276,280,288,288,288,280,284,284,276,276,272,276,276,272,260,276,268,268,280,276,276,276,284,268,276,256,208,284,260,272,252,220,244,236,224,212,304,260,268,252,244,236,252,276,204,244
2026-09-02T15:00:00Z,260,260,256,260,88,284,244,216,180,176,200,192,180,200,172,208,168,300,292,284,284,288,276,280,280,280,280,284,284,292,284,272,280,272,280,276,280,268,268,260,280,264,292,276,268,268,284,272,200,212,240,264,264,268,264,260,228,216,240,260,240,252,240,244
2026-09-02T16:00:00Z,104,88,264,268,264,260,204,216,212,188,188,180,192,192,192,192,192,228,280,284,284,288,284,280,284,280,276,284,288,280,276,284,276,268,264,288,280,268,260,268,292,284,260,292,276,264,240,248,264,332,244,244,264,256,248,248,256,228,232,228,224,240,248,244
2026-09-02T17:00:00Z,272,272,292,276,264,100,256,212,192,188,184,192,188,188,192,204,184,264,280,284,280,288,292,288,284,280,288,284,276,288,292,272,272,276,280,280,268,260,272,280,284,276,260,296,292,268,312,256,260,272,272,284,256,244,232,260,220,220,280,240,264,244,236,240
2026-09-02T18:00:00Z,128,144,272,260,272,268,228,192,180,180,180,200,220,196,180,212,188,260,292,292,292,292,288,288,284,280,292,288,288,284,284,284,268,280,288,292,296,272,288,284,280,288,292,300,304,280,284,288,292,304,256,288,280,276,248,288,280,276,248,228,312,336,272,260
2026-09-02T19:00:00Z,88,104,272,272,288,208,244,196,168,192,180,204,204,200,188,200,204,272,280,288,288,288,292,292,296,288,280,288,292,288,288,300,284,296,280,284,284,296,308,284,272,260,276,268,268,300,280,264,264,260,280,256,264,256,248,284,252,252,264,272,272,248,240,216
2026-09-02T20:00:00Z,328,176,312,132,160,248,204,180,196,192,192,188,172,220,200,192,196,176,284,284,292,296,288,300,300,288,284,280,288,300,280,288,288,288,276,296,260,256,280,288,284,300,276,264,264,296,268,264,252,244,248,256,272,236,236,196,236,224,252,224,244,240,272,252
2026-09-02T21:00:00Z,252,260,272,120,248,276,224,204,200,180,204,200,200,212,200,216,200,160,284,280,280,288,292,288,288,296,296,300,300,292,304,296,288,280,264,284,276,260,272,280,284,312,280,288,260,268,252,260,256,264,232,248,272,268,264,236,264,220,244,232,252,240,228,236
2026-09-02T22:00:00Z,280,276,112,252,292,104,260,212,196,184,184,196,184,196,188,192,216,156,288,280,288,280,288,308,288,292,296,292,280,280,292,276,288,292,272,280,304,268,268,264,276,280,284,284,280,248,228,260,224,240,220,260,264,316,288,268,276,224,260,252,284,292,296,300
2026-09-02T23:00:00Z,324,168,152,156,156,168,216,200,148,188,200,208,200,196,196,204,192,152,288,288,284,276,284,272,300,300,292,280,272,296,296,300,296,288,300,292,272,276,296,296,292,280,228,220,228,256,256,272,284,284,308,300,276,324,312,312,252,292,296,300,304,288,296,312
2026-09-03T00:00:00Z,180,168,60,192,184,148,208,216,200,196,184,212,200,204,212,216,196,184,296,284,292,288,288,280,272,292,280,288,152,248,288,260,264,264,264,292,276,276,284,284,256,264,284,340,316,284,284,304,288,352,12,296,304,320,304,272,296,236,300,288,292,320,308,308
2026-09-03T01:00:00Z,244,332,224,264,168,236,228,208,200,188,188,216,184,204,204,220,200,188,300,296,292,292,284,284,284,276,272,260,272,276,284,276,264,256,264,256,248,272,288,284,280,296,288,292,288,284,288,316,308,304,272,328,296,332,332,296,292,304,300,300,304,284,308,320
2026-09-03T02:00:00Z,260,252,280,236,280,276,244,192,196,208,192,216,208,224,204,212,204,192,288,288,288,288,288,272,268,264,264,284,276,280,264,272,272,280,276,280,288,276,280,280,280,280,268,296,284,256,300,276,292,300,308,312,320,296,284,316,308,308,300,312,308,316,292,316
2026-09-03T03:00:00Z,260,64,132,252,288,308,152,208,192,208,192,196,212,232,208,212,204,168,292,280,292,292,276,272,256,260,268,264,260,280,264,264,276,272,268,280,272,292,300,284,284,304,292,292,300,300,316,284,316,296,308,312,312,308,296,304,316,316,296,308,312,324,304,312
2026-09-03T04:00:00Z,264,272,88,200,292,248,204,216,228,196,204,200,216,204,232,212,196,200,260,264,276,280,280,264,276,276,268,284,276,276,276,272,280,264,288,272,272,280,276,284,280,304,288,300,284,276,280,304,296,276,288,324,292,320,312,312,264,288,316,316,328,312,340,332
2026-09-03T05:00:00Z,288,296,312,284,264,268,224,140,208,188,200,200,208,216,212,212,212,224,252,268,268,272,272,264,272,276,276,276,264,280,280,288,268,264,276,284,280,264,280,296,304,300,296,308,300,268,288,308,276,240,308,272,320,336,316,320,316,316,324,224,296,28,316,296
2026-09-03T06:00:00Z,116,304,288,120,280,236,216,200,204,232,212,204,208,220,216,200,208,224,244,256,264,272,264,268,268,280,280,272,272,284,276,272,272,280,276,268,272,272,280,276,272,296,272,292,276,252,268,308,284,296,284,296,276,300,240,328,264,288,244,324,304,308,332,284
2026-09-03T07:00:00Z,152,140,284,284,272,164,204,192,192,184,204,196,204,220,224,216,216,220,252,256,256,268,276,280,272,276,280,280,276,276,268,272,280,268,284,276,284,288,268,264,272,264,272,280,280,280,292,280,264,268,256,232,188,264,300,212,228,272,304,8,260,312,336,320
2026-09-03T08:00:00Z,164,172,332,204,196,268,220,180,232,200,196,200,212,208,216,216,212,228,248,260,264,268,276,276,280,284,288,272,284,272,268,280,252,272,272,260,268,272,272,264,256,296,256,264,276,280,260,264,240,248,264,256,228,304,300,256,184,232,296,236,224,324,220,344
2026-09-03T09:00:00Z,196,196,236,204,240,232,196,208,208,172,200,216,204,212,212,220,224,232,244,264,268,268,276,276,280,284,288,284,296,264,280,276,272,268,268,280,268,292,296,276,264,260,292,276,4,264,260,228,204,248,212,292,248,236,232,260,224,228,232,216,224,212,236,248
2026-09-03T10:00:00Z,216,224,204,200,200,252,224,172,224,204,180,208,212,216,224,224,224,232,268,288,276,272,276,280,272,272,280,280,276,288,280,280,268,284,272,288,276,268,288,252,268,268,260,256,264,284,256,252,260,252,232,232,236,256,252,260,232,252,248,212,224,220,212,0
2026-09-03T11:00:00Z,204,184,244,304,180,204,208,216,204,208,196,204,204,220,224,224,236,240,288,292,292,288,284,272,288,284,272,288,280,268,272,280,276,264,264,268,272,264,280,264,276,264,248,236,236,344,256,264,256,264,248,240,232,256,220,252,256,260,296,236,192,288,284,188
2026-09-03T12:00:00Z,252,252,228,240,220,232,240,220,208,192,172,204,212,212,212,224,224,212,272,292,284,288,288,280,280,272,284,280,288,288,292,288,292,272,276,292,284,272,268,264,300,280,256,252,296,272,244,208,284,264,312,244,248,236,236,248,252,248,200,244,256,216,304,4
2026-09-03T13:00:00Z,264,268,256,276,268,240,232,228,208,204,180,224,208,216,224,220,224,212,284,292,292,284,284,276,280,284,280,276,280,288,276,272,292,292,300,276,284,276,252,312,268,260,260,276,260,276,272,284,312,276,276,216,232,248,208,216,228,284,256,256,248,252,272,272
2026-09-03T14:00:00Z,272,256,280,268,264,228,232,204,204,192,192,188,204,208,216,220,224,224,300,292,292,288,280,288,276,280,280,284,276,276,292,280,272,284,272,280,268,272,264,276,264,276,284,264,268,268,260,320,272,268,268,260,224,216,292,240,232,224,224,256,196,220,228,240
2026-09-03T15:00:00Z,268,272,248,272,272,204,208,216,192,200,188,188,200,208,212,220,212,240,296,296,300,296,292,284,292,280,280,284,280,288,288,292,284,288,276,292,308,276,272,276,308,296,268,244,248,268,260,260,240,232,268,268,260,268,244,216,236,208,224,224,204,196,240,208
2026-09-03T16:00:00Z,260,252,264,256,256,108,168,288,220,244,188,204,200,216,212,216,224,212,300,296,292,292,288,288,288,292,280,284,292,288,288,304,288,292,276,284,280,292,292,284,272,284,272,264,284,288,292,256,248,236,240,240,260,264,48,260,80,44,256,264,264,96,264,252
2026-09-03T17:00:00Z,280,256,276,284,268,236,284,212,208,192,176,216,192,220,212,208,212,228,284,296,300,300,296,292,288,288,292,296,288,288,284,288,284,276,272,264,280,288,288,292,272,280,264,268,288,280,252,272,272,256,312,292,276,268,260,276,272,264,108,100,104,116,256,240
2026-09-03T18:00:00Z,272,272,268,272,272,256,248,220,208,108,216,212,196,212,212,216,224,244,296,292,296,304,296,292,300,292,288,292,296,296,296,288,292,284,292,288,300,296,288,284,296,284,284,312,300,304,320,304,304,248,304,340,280,288,276,264,284,296,268,272,296,328,268,252
2026-09-03T19:00:00Z,260,316,264,252,100,256,208,228,212,220,208,192,200,208,204,224,220,232,288,296,296,296,300,292,292,296,288,296,296,292,288,300,296,288,292,296,284,280,280,288,292,276,288,284,284,288,280,296,288,236,268,284,292,280,272,252,264,256,268,316,324,200,260,248
2026-09-03T20:00:00Z,120,124,280,280,128,256,240,204,212,200,200,212,204,204,200,212,216,228,272,292,292,300,300,292,296,288,296,292,292,292,296,292,296,284,292,288,280,288,296,288,280,292,292,280,268,256,292,280,268,276,280,336,256,292,272,272,272,252,256,264,260,264,272,272
2026-09-03T21:00:00Z,124,280,248,148,112,232,232,248,216,156,184,196,180,208,228,204,212,212,280,288,288,292,288,284,288,296,288,292,288,284,296,288,284,284,276,288,276,276,284,272,284,280,272,264,260,248,264,264,272,248,260,264,268,272,260,268,252,264,260,264,260,268,272,256
2026-09-03T22:00:00Z,236,256,276,236,240,260,232,240,196,192,172,192,204,200,184,216,220,224,272,288,292,292,296,288,296,292,284,292,308,288,288,288,284,284,280,272,276,268,276,268,284,264,268,256,260,268,268,268,268,276,272,284,252,272,256,268,264,256,276,276,272,280,276,264
2026-09-03T23:00:00Z,264,268,304,200,180,228,228,136,192,204,208,212,196,200,220,216,220,228,292,288,284,292,292,300,292,300,292,288,284,296,296,292,284,276,280,264,276,272,276,272,264,276,272,276,264,272,260,252,268,268,276,264,276,272,272,280,268,276,268,272,288,268,256,264
2026-09-04T00:00:00Z,196,272,256,260,240,224,212,228,212,208,188,192,204,196,204,200,212,192,296,284,284,288,292,280,296,292,284,280,268,268,268,272,272,268,272,272,280,276,280,268,276,272,268,256,268,272,276,284,268,264,276,280,292,272,268,276,292,272,276,296,292,300,288,268
2026-09-04T01:00:00Z,260,260,252,188,252,224,208,220,212,204,200,200,208,196,208,212,208,212,248,280,280,288,292,288,292,284,276,264,264,260,268,260,268,272,264,268,256,256,264,260,280,268,260,276,272,264,256,252,268,264,260,252,248,264,232,300,280,280,328,288,284,324,308,304
2026-09-04T02:00:00Z,276,284,276,260,236,232,208,228,216,232,196,204,204,208,208,208,212,216,296,296,292,296,280,276,260,268,276,272,268,276,276,256,276,264,272,252,248,264,276,264,252,256,280,280,284,248,264,252,268,224,236,268,276,292,276,356,8,200,272,264,292,316,192,4
2026-09-04T03:00:00Z,272,272,292,80,224,220,212,208,204,212,204,200,192,208,208,208,204,220,228,280,284,284,284,284,280,276,280,264,280,272,268,272,280,268,292,264,280,276,276,268,256,260,260,252,352,232,320,296,252,232,248,276,204,356,352,224,252,236,352,352,312,308,264,304
2026-09-04T04:00:00Z,264,280,92,276,260,180,208,216,200,192,200,200,188,208,232,196,216,220,272,284,296,284,288,284,288,288,280,284,276,284,284,272,284,292,284,264,260,256,320,280,260,264,268,276,264,280,244,228,224,236,276,220,240,236,248,220,252,216,228,4,208,328,328,340
2026-09-04T05:00:00Z,264,264,276,264,184,208,196,220,200,204,180,192,208,212,212,196,204,216,244,280,288,284,288,288,268,276,272,276,284,280,280,276,280,280,272,280,276,268,248,272,280,252,288,280,292,344,288,276,288,248,292,260,268,244,244,332,268,340,344,280,16,304,344,4
2026-09-04T06:00:00Z,136,124,116,172,280,172,232,220,228,204,204,204,212,212,200,216,212,208,248,272,280,288,292,280,280,284,288,272,272,280,276,272,276,276,264,264,276,284,288,288,268,268,300,288,268,308,304,256,268,272,260,304,260,264,232,200,332,272,332,304,268,12,204,316
2026-09-04T07:00:00Z,192,164,260,340,216,212,208,220,208,208,168,200,196,192,196,200,224,220,244,276,280,284,276,280,272,280,280,272,268,272,280,276,280,276,276,268,276,280,276,268,256,284,288,280,224,252,268,300,264,324,320,4,252,248,220,208,196,300,4,4,208,12,296,356
2026-09-04T08:00:00Z,212,216,240,224,196,204,200,232,208,168,196,188,216,208,220,224,220,220,244,268,280,288,276,280,280,276,280,264,276,284,272,272,272,284,256,272,276,280,288,280,300,276,276,276,288,240,336,236,248,276,284,204,332,236,216,356,332,192,232,268,8,0,324,320
2026-09-04T09:00:00Z,200,200,188,288,216,220,208,220,216,204,204,204,212,212,204,216,188,216,228,284,284,292,296,280,280,284,280,280,264,272,276,280,280,284,296,272,268,276,296,280,236,272,268,276,272,296,252,212,280,264,268,252,292,324,264,308,260,252,264,220,240,216,212,340
2026-09-04T10:00:00Z,224,208,40,228,212,216,216,216,212,204,188,204,200,216,204,204,232,204,244,276,292,284,288,280,276,284,284,288,276,284,284,284,280,288,280,284,296,284,292,272,292,272,296,232,260,264,272,264,260,240,252,308,288,244,344,260,268,296,284,248,216,352,176,244
2026-09-04T11:00:00Z,196,188,232,112,220,208,212,204,216,204,208,204,204,188,204,204,172,252,252,288,292,292,288,288,284,284,276,284,280,276,272,284,284,272,284,264,264,264,276,272,284,272,268,252,260,260,276,244,284,240,236,244,264,324,268,332,332,196,224,244,260,308,288,236
2026-09-04T12:00:00Z,220,224,212,212,216,204,216,208,220,212,200,212,220,204,212,220,272,276,284,292,296,292,296,292,284,288,288,280,280,264,280,280,296,280,276,256,268,276,276,284,288,292,280,256,256,252,228,216,244,256,260,268,260,252,252,248,248,280,264,200,292,240,236,236
2026-09-04T13:00:00Z,216,232,236,244,200,208,208,212,204,224,172,172,216,220,248,240,268,264,280,300,300,296,296,292,292,292,296,284,292,296,280,296,280,280,276,276,284,280,272,268,288,252,272,272,264,288,288,280,264,268,256,264,232,224,224,232,256,256,212,232,256,252,244,232
2026-09-04T14:00:00Z,156,260,236,268,204,220,212,208,220,196,196,192,208,220,228,200,216,252,256,300,300,300,292,292,292,296,288,300,288,288,284,284,280,280,280,276,280,288,284,280,268,272,260,272,268,280,280,280,280,268,244,264,292,248,252,220,236,348,256,248,236,216,224,204
2026-09-04T15:00:00Z,220,256,260,260,224,208,212,208,204,216,192,164,200,212,196,208,256,256,232,296,296,292,292,296,296,292,292,288,288,292,292,296,292,288,292,280,288,284,276,284,296,288,268,276,276,288,276,232,264,240,264,268,288,252,252,256,268,268,244,244,236,260,252,256
2026-09-04T16:00:00Z,248,240,260,296,264,204,204,208,196,192,184,188,188,212,208,212,236,260,296,304,300,296,296,296,296,296,296,288,288,292,288,296,304,292,292,324,280,268,292,284,296,284,284,276,256,272,276,284,296,260,300,284,276,252,252,216,240,244,244,264,292,256,236,232
2026-09-04T17:00:00Z,196,260,132,296,280,184,208,216,200,200,196,168,212,196,208,196,216,224,284,292,304,300,296,296,300,296,292,296,288,284,276,288,276,284,280,288,264,264,284,276,252,276,280,292,268,256,240,324,252,248,288,260,248,272,252,304,156,320,244,196,240,252,236,216
2026-09-04T18:00:00Z,240,260,292,144,144,200,208,196,196,184,204,168,164,224,204,204,212,164,280,304,300,304,304,304,296,300,304,300,288,288,284,280,284,284,284,280,284,288,300,280,260,284,284,304,280,272,292,272,264,276,228,264,276,264,288,248,280,300,288,212,236,188,300,232
2026-09-04T19:00:00Z,288,120,120,272,252,204,208,196,212,196,196,176,176,204,216,192,200,176,196,296,304,304,296,300,296,304,292,288,300,284,296,284,296,292,308,288,284,288,284,248,256,272,300,288,280,280,276,232,224,288,296,268,268,252,236,232,228,260,260,276,316,264,248,248
2026-09-04T20:00:00Z,204,184,288,156,244,216,196,200,208,196,184,184,176,180,188,180,188,200,220,292,300,300,304,304,304,292,296,288,308,300,284,296,284,288,272,284,280,276,276,284,296,292,272,260,304,284,284,280,260,272,284,272,264,264,256,252,248,260,260,240,264,252,280,264
2026-09-04T21:00:00Z,200,252,164,248,172,196,216,208,196,188,196,188,176,180,196,192,216,240,256,264,292,300,300,296,296,296,292,296,288,288,304,260,292,284,284,284,292,292,284,280,276,288,268,288,280,284,272,284,268,228,252,220,272,280,244,260,248,256,264,232,244,252,264,276
2026-09-04T22:00:00Z,224,224,220,224,204,208,212,208,200,184,188,180,164,188,176,152,212,256,228,264,292,300,300,300,296,296,288,292,296,300,296,316,296,276,280,284,300,272,288,292,236,260,264,288,276,272,280,316,288,268,248,260,244,252,268,268,236,260,248,268,272,260,256,256
2026-09-04T23:00:00Z,228,244,248,244,188,212,204,208,200,192,184,188,176,164,184,200,172,180,248,284,296,292,296,296,296,296,296,300,308,304,296,304,288,292,292,292,292,316,276,268,268,288,292,264,264,256,260,220,232,236,224,256,256,244,244,244,240,252,272,264,260,260,256,264
2026-09-05T00:00:00Z,212,228,100,248,240,208,204,208,200,184,172,176,184,180,192,244,164,144,304,276,256,276,292,300,296,300,288,284,300,296,296,304,300,300,284,276,276,276,308,292,268,296,288,220,272,288,252,264,248,252,276,264,256,272,264,260,244,244,264,260,256,268,272,268
2026-09-05T01:00:00Z,212,264,208,128,228,212,196,212,204,188,180,188,172,144,164,180,232,280,172,276,268,292,292,296,296,296,292,296,296,296,304,288,284,280,284,284,268,316,288,288,280,324,256,252,264,272,272,264,264,272,260,252,272,288,276,264,264,260,276,260,284,276,260,264
2026-09-05T02:00:00Z,200,220,192,252,220,200,204,200,192,172,176,168,172,164,156,208,168,292,316,296,288,300,292,296,288,280,296,300,316,292,276,276,280,292,276,292,264,288,268,268,252,264,272,256,280,268,240,252,252,244,268,272,268,268,272,284,272,236,288,296,272,288,276,272
2026-09-05T03:00:00Z,204,204,184,208,196,184,212,212,208,172,228,148,176,192,188,212,308,280,296,292,276,284,288,300,288,288,288,300,284,284,288,284,264,268,248,268,284,240,248,256,244,268,260,244,256,260,268,264,272,260,264,268,264,276,276,284,288,272,304,288,284,272,280,280
2026-09-05T04:00:00Z,208,212,208,232,220,196,208,212,196,184,168,164,152,164,160,184,268,288,288,272,276,280,292,296,292,288,288,288,276,276,280,276,260,256,260,260,272,268,256,240,264,260,252,260,252,244,260,248,244,248,260,264,256,288,272,280,272,320,252,288,272,272,268,268
2026-09-05T05:00:00Z,200,212,220,204,220,204,208,212,200,184,164,152,144,192,148,160,292,320,300,296,288,280,284,268,284,288,280,292,276,276,268,268,272,280,252,264,252,252,248,248,256,256,252,252,260,256,256,248,260,252,256,256,260,260,264,272,264,260,280,284,260,284,264,272
2026-09-05T06:00:00Z,200,200,228,188,192,200,204,212,188,188,152,172,148,172,164,160,160,304,292,292,280,264,276,280,276,276,288,264,284,276,276,276,276,272,268,248,252,252,256,248,256,268,260,260,272,268,268,264,268,252,252,264,272,272,276,272,264,272,276,104,272,264,280,268
2026-09-05T07:00:00Z,208,204,208,192,224,196,212,212,204,184,184,200,156,140,156,328,312,300,292,312,284,268,276,280,284,280,288,288,276,276,272,272,260,256,252,264,264,268,264,260,272,268,272,280,268,264,252,252,268,268,268,276,244,264,272,292,288,300,296,272,264,268,164,280
2026-09-05T08:00:00Z,200,204,204,220,180,188,212,212,204,200,180,204,172,176,184,164,160,320,292,284,284,284,276,284,284,284,280,276,272,276,276,272,264,260,268,272,260,260,260,268,272,260,252,280,268,244,248,252,276,268,256,284,256,288,280,272,264,272,252,252,260,236,256,248
2026-09-05T09:00:00Z,200,204,224,208,212,192,192,216,204,196,160,164,288,300,148,328,148,308,304,292,300,288,284,280,272,276,276,280,280,264,280,276,272,272,284,276,268,268,272,264,276,272,272,284,252,284,256,244,276,268,260,268,252,244,264,264,276,264,236,208,316,232,260,272
2026-09-05T10:00:00Z,216,212,200,212,216,200,216,220,212,180,172,176,172,308,148,324,324,316,312,296,288,292,288,276,280,284,276,276,280,276,284,276,276,272,284,288,280,276,276,272,268,260,280,260,276,268,284,252,244,260,240,256,248,248,256,332,236,252,284,240,232,208,224,236
2026-09-05T11:00:00Z,204,204,204,220,212,200,204,212,216,184,180,180,148,160,160,164,156,316,312,312,296,280,276,272,288,284,280,276,268,272,288,280,272,272,276,276,284,284,288,272,264,288,276,276,264,268,236,252,248,252,276,308,280,248,252,228,260,232,240,220,236,236,204,220
2026-09-05T12:00:00Z,192,196,220,208,200,196,196,216,216,196,172,164,160,192,264,324,164,172,312,308,296,300,304,276,284,292,288,280,276,280,276,284,272,284,296,280,272,268,292,256,284,284,272,284,256,284,272,268,268,268,236,256,276,264,252,276,300,240,200,324,196,212,204,204
2026-09-05T13:00:00Z,176,180,232,228,216,192,204,200,200,180,168,172,168,160,204,284,152,320,184,296,280,292,284,280,284,284,280,284,296,288,276,288,280,296,292,288,276,288,272,264,260,276,276,284,276,292,296,284,292,324,320,324,332,328,336,336,352,344,332,348,352,324,348,36
2026-09-05T14:00:00Z,184,196,112,128,276,176,184,204,200,184,172,172,172,160,168,172,180,192,300,288,300,296,284,280,272,284,284,288,288,296,284,292,288,284,304,284,288,292,284,272,284,288,276,288,292,276,304,300,308,340,332,320,296,340,340,348,348,344,348,352,356,16,320,4
2026-09-05T15:00:00Z,140,100,264,132,184,188,188,196,196,184,168,172,168,172,160,312,164,172,320,312,304,300,296,276,276,280,280,284,276,284,304,296,292,280,284,288,292,292,288,280,288,276,280,284,288,288,292,272,332,256,332,328,8,352,0,8,332,352,316,352,0,12,0,20
2026-09-05T16:00:00Z,192,160,196,196,188,204,188,204,180,184,160,172,172,168,168,168,184,152,316,300,292,292,284,284,280,288,284,284,284,292,292,300,304,300,304,312,296,312,296,300,284,292,280,284,284,284,284,292,316,340,52,0,320,332,356,8,348,8,352,340,336,356,352,328
2026-09-05T17:00:00Z,192,200,148,164,176,204,192,200,200,176,168,176,180,168,176,184,172,176,164,268,292,288,292,292,296,292,292,292,292,292,284,284,288,292,296,292,288,284,304,300,304,288,272,268,264,264,292,304,292,320,252,272,8,8,356,12,0,0,28,344,348,340,356,356
2026-09-05T18:00:00Z,176,180,140,164,176,184,188,192,192,184,168,164,172,176,172,192,172,156,308,292,292,308,320,304,300,304,296,296,296,296,304,304,300,296,304,304,296,296,312,308,292,272,292,328,308,284,296,284,20,332,324,340,4,52,48,64,8,12,48,316,348,336,328,328
2026-09-05T19:00:00Z,200,200,156,168,168,200,188,196,192,172,172,168,168,172,168,180,180,168,160,320,268,284,288,288,292,296,300,304,304,304,304,308,300,292,284,296,300,324,312,300,316,280,288,296,280,296,308,336,340,344,336,336,332,316,348,344,344,332,324,344,344,340,336,328
2026-09-05T20:00:00Z,184,152,160,148,188,192,192,204,192,192,168,168,164,164,160,176,172,176,172,196,312,292,288,288,292,300,296,300,300,300,296,300,296,296,308,308,308,312,292,280,296,292,316,348,308,296,300,344,324,320,324,344,344,344,340,352,340,332,324,328,328,332,340,348
2026-09-05T21:00:00Z,176,164,160,308,176,200,192,200,196,188,176,176,164,168,172,172,180,184,176,160,296,268,296,304,300,300,300,296,312,312,308,300,312,316,312,304,312,300,304,312,312,332,320,316,312,320,312,320,320,328,332,332,348,352,344,332,328,328,332,336,320,320,320,320
2026-09-05T22:00:00Z,192,188,340,164,184,180,196,208,188,184,176,172,164,164,168,176,172,180,172,152,232,300,280,284,300,296,292,304,304,300,296,300,308,304,292,296,312,304,308,304,324,304,320,304,324,324,312,312,340,332,344,336,348,328,328,328,328,340,320,316,340,320,332,340
2026-09-05T23:00:00Z,128,160,140,144,184,192,196,204,192,184,176,172,164,168,152,168,172,180,176,260,304,292,280,284,300,300,292,292,300,296,292,272,300,300,304,292,304,296,304,292,320,328,304,308,324,328,332,328,340,324,324,316,320,312,320,320,308,296,308,312,320,324,328,316
2026-09-06T00:00:00Z,160,148,268,288,184,204,200,208,200,188,180,164,164,168,168,164,168,176,176,172,160,260,288,280,292,296,300,296,292,300,300,304,288,284,296,300,300,296,280,308,300,312,316,304,312,304,312,316,332,308,320,320,312,328,300,320,304,312,324,308,312,324,332,320
2026-09-06T01:00:00Z,160,316,180,156,216,180,184,204,204,180,168,168,164,168,172,168,168,168,168,156,320,276,272,280,284,292,296,292,296,308,308,300,312,312,296,304,304,308,308,308,308,296,320,320,316,304,316,308,304,308,300,308,312,304,300,316,312,320,324,348,328,332,312,308
2026-09-06T02:00:00Z,172,152,288,280,160,176,188,188,196,192,168,172,176,172,164,172,164,164,184,184,184,292,288,272,280,280,284,300,300,288,288,292,304,288,280,296,300,312,300,312,308,316,304,304,320,308,308,304,316,324,308,316,316,324,300,304,316,316,320,316,312,328,320,332
2026-09-06T03:00:00Z,208,204,164,160,176,224,224,196,216,164,164,172,164,172,160,164,168,168,156,160,312,160,296,276,272,280,284,288,308,304,304,304,292,304,304,292,300,300,304,316,312,308,316,308,332,328,328,316,324,336,320,324,324,316,328,336,352,336,328,344,312,344,332,340
2026-09-06T04:00:00Z,168,176,172,180,180,196,188,208,196,188,176,168,168,172,160,172,168,168,176,272,280,300,276,280,276,280,288,276,288,292,300,300,308,308,312,312,296,304,312,316,316,320,328,324,320,308,312,316,332,324,336,328,328,332,328,320,344,332,340,344,328,348,348,340
2026-09-06T05:00:00Z,192,188,180,176,176,180,192,212,216,196,184,168,164,164,176,164,172,168,176,160,292,296,284,280,288,292,288,280,276,276,288,288,288,304,312,316,316,316,304,320,312,308,308,312,320,316,316,312,320,324,316,312,320,324,336,324,304,320,336,308,328,348,348,348
2026-09-06T06:00:00Z,180,176,184,176,188,184,188,204,208,200,172,172,168,172,164,172,160,168,164,156,292,288,288,304,300,292,284,280,284,296,284,288,296,296,292,308,300,312,312,312,312,316,320,308,320,308,328,316,300,304,328,336,316,312,308,328,328,316,320,320,348,324,320,328
2026-09-06T07:00:00Z,188,196,168,172,204,204,176,196,192,192,176,180,172,176,160,176,172,168,172,184,284,308,300,292,292,288,292,288,288,280,272,288,296,296,304,312,304,312,312,308,316,316,312,316,304,300,312,312,316,320,320,312,316,304,304,316,332,336,320,328,340,332,336,344
2026-09-06T08:00:00Z,184,176,180,184,216,192,184,196,200,200,176,176,168,168,168,168,160,168,156,312,316,280,336,296,304,280,288,292,296,292,296,288,312,304,304,308,308,300,324,312,312,308,308,312,316,320,312,304,320,316,304,312,324,320,316,316,312,316,316,320,320,324,340,332
2026-09-06T09:00:00Z,188,192,216,204,216,180,184,188,196,192,184,172,172,180,168,176,172,172,160,320,316,300,320,300,300,304,300,284,300,288,292,288,300,304,308,304,308,304,300,292,304,300,308,308,324,308,312,312,308,296,304,312,312,308,312,308,324,328,332,332,308,324,332,328
2026-09-06T10:00:00Z,232,240,212,176,192,196,196,200,204,180,180,176,172,176,172,176,172,168,168,144,308,300,296,304,300,312,296,284,292,292,288,288,292,292,300,304,300,300,316,296,308,308,304,320,316,316,312,316,316,304,328,316,332,324,320,328,336,328,332,316,332,324,324,324
2026-09-06T11:00:00Z,188,196,212,216,212,184,196,200,228,196,188,168,176,172,172,172,168,172,156,188,164,308,304,312,304,304,308,304,308,300,296,304,304,296,300,296,296,300,300,312,296,312,308,300,312,324,328,324,324,328,336,328,328,332,340,340,328,328,320,340,336,348,344,348
2026-09-06T12:00:00Z,212,208,72,220,184,212,184,200,196,192,188,180,180,180,172,176,172,176,172,176,160,308,284,280,284,308,300,300,300,296,304,296,296,296,300,300,308,300,300,304,308,300,320,320,292,320,324,308,304,304,328,324,340,328,308,332,328,332,332,348,340,336,340,36
2026-09-06T13:00:00Z,284,160,156,148,272,228,180,188,204,184,184,184,172,172,172,172,168,180,180,152,144,304,304,296,296,304,308,312,300,296,296,308,296,288,312,304,312,320,320,324,324,328,324,316,324,328,332,336,324,320,308,316,336,344,316,336,356,352,340,0,348,344,352,336
2026-09-06T14:00:00Z,288,252,276,240,160,196,196,172,192,188,176,180,176,184,176,176,180,176,172,180,296,272,288,292,300,292,288,312,304,320,312,304,316,308,312,300,304,304,320,312,320,316,324,328,328,340,332,328,320,324,340,344,332,336,344,336,332,320,332,324,336,336,336,324
2026-09-06T15:00:00Z,136,132,316,148,304,172,172,196,188,184,188,176,168,172,168,176,176,172,156,144,304,312,276,308,308,284,288,292,288,296,300,308,312,308,296,312,312,316,312,328,324,324,324,316,328,320,336,332,336,332,348,328,332,336,336,336,340,344,344,336,340,340,344,336
2026-09-06T16:00:00Z,124,120,304,308,176,312,176,176,204,180,180,176,180,176,184,176,172,180,176,180,172,264,284,280,276,268,272,264,280,288,304,304,308,308,312,312,316,328,328,332,340,336,324,328,336,328,344,324,336,328,328,340,352,344,340,336,336,332,324,328,340,340,328,344
2026-09-06T17:00:00Z,152,144,340,324,164,196,172,176,200,192,180,176,176,176,168,176,180,172,168,160,156,300,280,288,280,284,296,296,304,312,312,320,320,328,332,328,320,324,328,324,340,332,332,332,340,336,324,320,320,336,332,336,348,316,316,336,352,344,344,332,312,340,340,340
2026-09-06T18:00:00Z,168,176,172,328,148,192,168,180,180,184,176,184,176,176,172,180,172,168,188,180,164,300,280,304,288,284,296,304,304,308,320,320,308,308,316,324,320,324,332,328,340,344,332,336,344,340,4,344,332,348,332,328,356,4,4,348,348,348,332,8,344,328,316,0
2026-09-06T19:00:00Z,180,152,156,324,328,176,168,184,188,188,180,180,180,176,172,172,176,172,172,156,264,276,272,268,300,296,316,308,308,312,308,312,320,324,332,324,336,320,332,336,324,320,344,332,332,328,332,340,344,356,356,336,316,4,328,28,4,344,352,4,348,348,352,40
2026-09-06T20:00:00Z,148,156,312,316,148,156,176,168,188,176,176,176,180,176,164,168,172,176,180,168,284,284,288,288,300,308,308,308,312,316,316,320,332,332,324,316,316,316,320,316,324,328,328,320,328,328,320,328,336,332,336,332,0,356,344,348,352,264,332,8,344,292,300,344
2026-09-06T21:00:00Z,164,132,320,164,336,152,180,176,188,184,180,184,176,180,192,176,172,180,168,152,156,308,296,292,296,304,304,312,316,312,316,332,328,332,324,332,328,328,332,336,340,344,344,340,340,352,356,352,4,12,352,0,8,4,356,344,348,4,4,352,4,16,8,16
2026-09-06T22:00:00Z,172,160,348,168,4,172,172,172,176,176,176,184,180,176,184,176,168,180,180,176,276,312,300,296,296,304,304,308,316,308,328,312,312,320,316,328,332,328,328,352,348,352,344,344,340,344,348,356,352,0,20,8,356,4,356,20,320,356,356,0,0,352,296,8
2026-09-06T23:00:00Z,228,244,0,348,172,180,168,176,184,184,180,180,176,184,180,168,168,168,168,304,248,276,280,288,296,296,304,308,312,316,316,320,320,320,312,316,320,328,328,344,332,340,348,8,340,348,344,340,356,344,348,324,320,336,12,340,348,4,8,352,356,348,352,0
2026-09-07T00:00:00Z,156,156,344,156,332,168,160,172,180,188,184,184,176,168,176,188,168,176,160,180,180,272,284,276,280,288,296,296,296,308,316,304,312,328,312,316,320,316,320,308,320,308,324,316,316,296,356,340,328,304,316,328,308,328,332,320,316,308,336,340,32,0,0,344
2026-09-07T01:00:00Z,336,156,152,336,332,156,200,180,180,192,184,176,176,176,180,172,180,180,176,168,304,280,260,276,292,300,304,304,304,312,312,312,316,316,316,316,308,324,324,316,328,324,308,312,332,332,324,308,324,316,316,324,328,288,32,324,332,344,36,268,12,332,344,340
2026-09-07T02:00:00Z,324,316,156,332,144,160,168,180,184,188,176,176,180,188,180,180,168,176,172,308,308,304,280,272,292,296,308,308,312,320,316,316,320,320,320,316,324,324,312,316,332,320,312,324,316,320,324,336,328,324,324,320,320,344,344,328,276,340,332,332,336,0,324,4
2026-09-07T03:00:00Z,164,172,160,316,328,144,164,192,176,180,180,180,176,176,172,176,172,180,168,160,196,292,276,288,288,304,312,312,316,316,312,316,316,316,324,320,332,316,332,340,324,316,320,300,328,316,332,336,332,344,328,340,344,312,332,340,332,332,24,244,16,0,352,28
2026-09-07T04:00:00Z,196,176,132,160,336,336,184,188,200,196,188,180,184,180,176,176,172,172,172,308,280,296,300,300,288,296,308,312,312,324,316,312,320,320,320,316,328,324,316,328,324,320,316,320,336,324,332,336,332,328,332,344,344,320,340,16,340,336,348,332,352,8,352,348
2026-09-07T05:00:00Z,176,196,332,184,176,176,192,184,192,188,192,176,180,176,168,180,172,176,168,156,300,304,292,284,288,292,300,316,324,320,316,320,316,316,312,320,300,308,324,316,324,316,308,320,324,348,332,320,336,340,324,316,316,320,328,320,328,336,328,344,348,340,336,344
2026-09-07T06:00:00Z,184,180,192,328,168,180,176,192,188,192,180,180,176,176,180,172,172,184,168,172,296,300,288,296,300,292,308,308,308,312,308,304,316,316,316,324,328,328,328,312,320,312,328,332,336,328,336,328,324,344,344,332,340,308,304,316,328,340,336,344,336,332,344,348
2026-09-07T07:00:00Z,164,168,176,352,156,156,184,180,188,180,188,180,184,184,176,168,176,176,172,164,292,296,292,292,288,292,288,308,308,312,320,316,308,312,316,316,328,320,332,336,340,332,340,320,328,328,336,332,336,312,332,344,340,312,328,332,320,336,344,356,356,4,328,8
2026-09-07T08:00:00Z,228,272,180,344,168,12,176,172,188,184,188,176,176,176,176,180,176,172,168,308,288,284,292,284,288,300,304,312,316,316,316,324,316,320,320,324,328,316,332,340,336,332,332,332,340,340,344,344,340,340,332,316,328,340,344,344,348,320,344,4,348,344,24,336
2026-09-07T09:00:00Z,160,188,336,336,332,308,180,184,180,192,196,188,180,180,180,172,176,164,164,156,320,296,288,280,292,288,296,292,300,304,320,320,328,312,324,320,312,332,332,320,336,332,340,332,332,336,332,312,332,348,340,332,336,340,356,324,344,356,340,4,4,324,4,352
2026-09-07T10:00:00Z,196,192,192,200,156,192,188,196,184,188,196,184,184,180,188,184,168,176,172,172,320,312,296,292,292,284,292,296,304,312,312,320,316,308,320,336,336,328,324,320,312,332,332,348,320,348,348,340,328,328,344,352,12,0,340,344,352,352,8,0,12,20,8,36
2026-09-07T11:00:00Z,208,12,148,248,280,216,184,168,184,192,192,192,188,184,184,168,176,176,172,320,312,292,292,300,296,280,296,296,312,304,312,324,320,320,320,324,324,316,304,316,328,312,344,340,332,336,328,328,316,332,336,344,332,348,16,336,0,348,8,312,20,4,12,352
2026-09-07T12:00:00Z,228,60,136,212,204,184,180,184,188,196,184,184,188,184,184,184,180,168,168,316,308,312,300,304,300,300,300,312,312,320,320,308,320,320,316,320,320,328,336,316,328,332,324,328,324,324,336,332,336,320,332,336,344,352,320,348,336,336,324,352,272,36,268,28
2026-09-07T13:00:00Z,256,264,72,284,96,288,148,208,208,216,192,188,188,180,184,180,176,172,160,328,328,300,300,296,300,300,304,304,312,308,324,312,316,324,324,332,328,328,324,316,324,336,340,340,340,356,336,8,344,340,312,356,352,340,344,348,324,336,16,24,308,356,28,348
2026-09-07T14:00:00Z,260,288,132,116,120,256,192,188,188,188,180,188,188,176,184,188,172,164,152,300,296,308,288,284,292,288,296,320,312,312,304,304,316,324,324,324,316,324,328,320,324,332,324,336,328,340,332,332,0,328,340,336,324,336,312,328,296,332,332,348,336,300,352,356
2026-09-07T15:00:00Z,304,308,96,300,88,280,180,176,180,188,176,180,188,180,184,160,172,168,164,152,308,300,288,292,292,292,304,312,312,320,320,328,324,328,324,312,340,324,336,324,336,332,340,332,328,352,316,344,20,356,328,324,0,4,344,336,328,312,336,348,352,348,348,328
2026-09-07T16:00:00Z,300,300,132,112,304,160,168,184,180,200,188,180,176,180,184,172,172,168,164,164,160,304,296,280,284,288,304,304,300,304,304,304,312,312,316,320,324,316,312,320,312,336,312,324,328,340,344,324,308,336,348,348,340,352,340,324,336,352,348,356,0,324,268,352
2026-09-07T17:00:00Z,272,296,240,280,280,160,156,176,176,208,184,184,176,188,180,168,176,176,164,292,312,304,288,288,284,288,292,308,292,308,312,304,312,320,308,308,296,312,300,320,328,324,328,344,328,332,336,340,328,332,352,344,328,344,324,332,344,336,348,340,332,348,336,356
2026-09-07T18:00:00Z,92,108,288,140,220,296,160,192,188,188,196,176,188,176,168,176,180,176,156,168,316,308,284,288,280,280,280,284,304,308,300,304,304,312,312,296,308,304,312,320,328,324,312,316,312,328,324,332,348,328,316,320,324,352,288,340,0,16,344,344,336,0,356,344
2026-09-07T19:00:00Z,288,288,264,128,280,204,164,180,176,188,188,180,180,188,180,176,180,176,164,148,296,332,288,280,276,284,292,292,292,296,300,300,304,292,312,308,316,312,296,320,320,340,328,340,316,324,344,324,352,344,320,320,320,328,336,340,352,320,332,356,340,344,348,332
2026-09-07T20:00:00Z,148,312,280,292,324,180,156,180,188,184,192,188,188,180,180,172,172,176,172,160,164,300,296,280,284,280,280,288,296,292,296,296,304,316,308,328,300,304,316,308,332,300,308,312,308,320,304,328,336,344,340,320,332,308,308,332,300,288,344,340,344,332,336,348
2026-09-07T21:00:00Z,108,124,124,292,156,148,172,176,180,188,200,184,192,192,188,180,172,180,176,172,156,308,292,288,268,268,292,288,288,300,300,308,300,300,296,312,292,308,304,300,312,304,300,304,284,300,300,324,292,332,312,316,300,312,324,312,328,312,328,332,344,316,316,296
2026-09-07T22:00:00Z,148,148,148,168,152,320,176,180,188,192,192,196,188,184,180,188,176,180,172,176,168,300,288,260,260,276,280,284,296,292,296,312,308,300,304,316,320,304,300,328,304,312,308,312,316,316,300,292,300,312,332,320,312,336,308,324,316,300,324,316,320,324,332,332
2026-09-07T23:00:00Z,316,300,312,324,148,140,180,172,184,184,184,188,188,192,192,184,184,184,180,176,280,312,288,280,276,280,292,288,296,296,296,300,296,304,320,320,300,316,308,316,328,324,320,320,312,324,324,304,312,332,320,324,320,312,0,324,316,308,312,24,284,332,328,328
2026-09-08T00:00:00Z,148,156,336,264,156,164,180,184,184,192,180,180,188,188,188,196,192,188,184,196,148,296,320,312,276,280,280,276,296,296,308,316,312,312,316,328,320,308,316,308,304,316,316,316,324,316,312,312,332,324,320,328,324,332,340,336,316,324,328,332,348,312,332,324
2026-09-08T01:00:00Z,156,160,132,188,320,192,316,156,180,188,184,184,184,192,188,180,188,192,188,192,156,312,308,296,292,288,280,292,300,296,312,308,308,316,304,300,300,312,316,308,316,316,320,320,312,304,324,316,324,324,336,320,300,276,312,308,304,316,276,332,324,336,332,324
2026-09-08T02:00:00Z,176,184,208,160,12,188,180,180,180,176,168,196,204,200,188,180,188,192,176,208,272,288,292,280,272,284,284,288,296,312,320,316,316,312,308,304,300,308,304,300,316,288,328,324,332,324,312,332,324,320,332,0,20,300,320,356,280,344,340,352,348,12,8,16
2026-09-08T03:00:00Z,180,20,176,188,180,160,164,168,180,168,176,184,192,196,188,184,196,196,192,196,188,240,260,292,284,284,288,288,300,312,312,324,312,304,324,320,328,316,328,316,316,316,320,312,324,320,332,344,336,336,324,324,332,328,340,316,328,336,296,268,8,0,228,268
2026-09-08T04:00:00Z,236,220,72,180,208,200,184,188,180,184,184,188,196,196,196,200,184,196,200,200,184,268,248,276,264,264,272,284,300,304,316,316,308,312,308,316,340,320,316,304,332,336,316,328,340,348,316,344,356,324,336,0,340,320,336,344,356,356,352,308,292,356,236,324
2026-09-08T05:00:00Z,144,352,64,0,256,180,196,136,184,192,188,188,192,196,196,196,184,196,188,184,160,256,264,268,268,272,280,276,292,292,308,300,312,308,308,316,312,324,316,312,324,324,280,328,328,332,320,324,328,304,8,332,328,324,312,336,336,316,312,28,284,248,280,268
2026-09-08T06:00:00Z,280,244,88,256,264,152,244,208,188,192,192,192,192,196,192,176,176,200,192,184,168,156,276,292,272,280,284,296,300,308,316,308,328,340,344,324,332,332,340,308,316,336,336,336,332,332,352,336,348,336,356,324,240,28,344,20,16,332,316,300,268,268,272,344
2026-09-08T07:00:00Z,292,276,112,284,136,300,216,172,188,180,200,196,196,196,196,196,180,188,188,188,292,316,284,284,312,292,300,296,284,296,308,316,316,320,332,348,328,312,320,328,324,336,340,340,332,332,320,340,336,348,336,4,320,308,16,320,320,328,328,332,328,356,324,12
2026-09-08T08:00:00Z,120,112,248,100,256,204,216,192,192,180,192,184,204,196,196,204,184,200,160,152,300,288,288,272,292,292,288,284,304,300,300,308,336,312,316,328,328,336,336,332,344,352,344,340,336,320,328,352,356,344,348,352,24,352,352,332,4,348,328,288,44,4,12,336
2026-09-08T09:00:00Z,216,224,292,112,252,296,208,196,180,176,172,188,188,200,204,196,200,192,196,216,312,316,296,288,276,292,292,300,300,300,312,300,308,328,316,328,332,336,336,316,316,312,332,328,344,352,324,0,344,356,352,336,292,340,320,348,328,32,32,8,36,256,232,8
2026-09-08T10:00:00Z,68,236,244,244,260,252,232,192,176,176,184,200,204,196,200,204,196,184,212,272,272,280,272,280,280,288,292,300,292,304,300,320,308,320,328,320,308,324,328,320,296,320,328,320,332,332,304,324,336,316,332,320,220,344,328,232,268,312,224,308,312,260,260,264
2026-09-08T11:00:00Z,268,280,256,96,268,108,132,152,172,196,204,192,208,212,204,204,200,192,196,168,324,296,304,300,288,284,300,300,304,312,308,308,304,312,316,316,316,332,312,328,336,328,328,304,312,308,328,328,332,336,336,328,288,324,332,328,328,320,304,320,316,352,228,244
2026-09-08T12:00:00Z,196,240,248,76,100,100,236,200,184,176,192,204,208,200,200,196,196,208,192,188,320,312,280,292,300,304,292,288,296,308,304,304,308,328,308,312,316,316,324,324,332,324,328,320,324,316,328,332,332,344,324,344,336,340,320,316,340,344,348,336,352,356,332,348
2026-09-08T13:00:00Z,252,232,268,260,92,104,216,220,188,172,192,196,220,216,208,208,204,196,188,204,164,304,304,296,296,296,292,292,288,292,304,308,300,296,296,312,312,312,308,316,324,316,312,320,332,336,332,332,300,340,324,324,352,336,344,344,340,332,256,344,316,304,216,284
2026-09-08T14:00:00Z,264,76,88,92,248,256,216,180,176,172,188,212,212,216,216,208,200,192,196,196,160,312,312,288,288,292,300,300,304,304,304,300,296,312,300,308,288,316,312,304,300,324,316,312,300,308,316,348,316,320,304,328,336,300,324,336,304,320,324,280,220,308,296,272
2026-09-08T15:00:00Z,236,236,252,260,260,252,216,188,164,164,180,188,208,204,208,212,208,204,200,200,196,316,300,296,292,296,300,300,304,304,304,300,304,308,312,304,304,304,296,316,308,304,304,312,308,328,328,280,288,232,288,328,328,340,304,344,320,328,28,324,352,304,316,288
2026-09-08T16:00:00Z,240,272,268,264,252,212,232,168,168,172,196,196,212,208,212,224,212,212,196,204,280,296,284,280,284,292,292,296,296,308,308,304,300,300,300,300,308,308,308,308,308,328,316,316,316,304,304,316,328,296,304,308,308,292,328,292,312,320,332,4,236,320,324,348
2026-09-08T17:00:00Z,204,80,108,268,216,204,244,188,176,172,188,196,208,208,208,208,208,204,200,236,240,300,300,300,280,292,288,308,296,296,300,284,308,308,304,308,304,308,312,312,312,308,316,312,320,312,328,324,312,304,316,332,296,324,324,332,324,344,320,292,316,312,332,324
2026-09-08T18:00:00Z,188,168,164,120,112,204,216,204,184,172,204,208,204,212,204,208,212,212,220,260,248,292,288,272,276,288,296,300,292,284,300,300,304,304,308,304,296,304,316,316,316,300,324,328,328,304,328,316,320,332,328,344,320,312,340,332,336,324,320,316,340,316,332,324
2026-09-08T19:00:00Z,188,200,116,144,144,240,208,192,200,192,200,188,196,204,204,208,204,216,196,188,156,296,300,288,288,284,280,288,292,292,296,292,296,300,308,300,304,308,320,320,324,312,296,312,324,328,344,340,324,336,340,336,320,328,336,336,332,328,328,324,316,328,336,316
2026-09-08T20:00:00Z,284,128,264,296,284,260,228,196,172,180,184,188,208,220,212,216,220,220,200,172,228,292,288,292,292,296,284,292,300,296,308,308,300,308,304,300,300,300,304,312,312,316,316,308,320,316,324,300,340,304,304,312,316,300,316,336,308,304,320,308,308,304,304,324
2026-09-08T21:00:00Z,156,220,272,280,256,96,204,208,180,180,192,204,208,212,216,208,212,220,232,256,216,296,284,296,284,284,292,300,284,304,312,296,300,316,308,308,304,308,312,312,292,304,304,336,320,316,300,324,308,308,316,320,312,312,316,320,296,300,304,300,300,308,300,324
2026-09-08T22:00:00Z,296,292,296,280,300,132,176,192,188,192,184,204,204,216,216,208,216,212,208,216,152,272,300,300,292,304,304,304,292,308,300,296,304,304,288,300,304,308,300,300,304,308,320,312,316,304,304,304,308,304,308,324,308,328,280,288,304,300,284,312,304,320,260,292
2026-09-08T23:00:00Z,300,280,304,308,292,124,220,192,188,184,184,192,208,220,216,228,216,204,208,212,296,292,284,312,280,292,288,292,292,300,292,304,300,304,304,308,312,292,308,296,300,312,316,312,312,304,304,300,308,316,304,340,316,324,316,308,304,292,308,296,288,292,328,308
2026-09-09T00:00:00Z,272,280,140,292,144,152,144,212,188,172,192,188,188,220,212,208,220,224,220,208,168,312,284,292,300,296,300,304,308,308,300,308,300,304,308,308,304,320,312,320,320,316,320,308,328,328,316,308,340,312,324,344,284,324,292,328,296,316,224,32,288,292,320,320
2026-09-09T01:00:00Z,308,312,308,308,304,296,184,212,188,172,180,184,188,208,208,212,216,220,216,196,236,264,304,296,308,308,296,308,304,308,304,308,312,320,328,316,324,316,320,312,312,320,328,312,316,316,328,320,324,332,332,312,324,0,336,24,344,340,344,352,32,344,44,0
2026-09-09T02:00:00Z,156,172,332,232,288,284,180,216,180,188,176,208,196,228,212,220,220,212,200,220,232,240,292,308,308,316,316,320,304,304,312,316,316,320,328,332,316,316,336,316,324,336,340,336,316,328,324,304,328,252,296,24,356,292,324,268,300,356,28,32,308,28,276,24
2026-09-09T03:00:00Z,164,176,8,188,12,236,200,212,184,184,192,196,200,204,212,220,212,216,212,232,228,288,312,308,316,312,328,320,320,316,300,320,320,316,316,328,316,308,336,308,328,332,312,336,308,336,324,316,348,348,44,336,12,0,292,248,28,52,36,52,220,224,252,28
2026-09-09T04:00:00Z,168,184,316,120,300,180,200,208,184,184,184,188,200,212,212,216,216,216,216,208,168,308,308,316,312,308,308,308,308,312,312,320,320,332,332,320,320,340,324,336,320,240,260,304,20,312,304,304,260,28,8,28,48,0,336,0,52,36,8,40,320,4,36,44
2026-09-09T05:00:00Z,16,200,20,188,176,148,196,212,200,192,192,184,180,200,220,208,216,216,208,208,204,320,320,304,308,312,308,320,308,300,316,320,316,312,316,316,312,300,316,344,356,332,304,20,336,8,256,328,348,236,16,280,320,60,4,44,24,332,352,4,12,328,20,32
2026-09-09T06:00:00Z,216,52,212,212,196,208,220,208,192,196,196,192,204,208,208,212,220,224,216,208,216,268,312,296,312,316,304,296,316,304,308,296,308,308,300,320,320,324,292,304,312,292,336,348,312,296,236,316,280,320,276,252,240,0,352,356,236,280,312,12,8,20,32,4
2026-09-09T07:00:00Z,172,208,224,228,212,236,204,228,188,204,196,192,212,212,216,220,216,212,208,196,208,220,320,300,300,308,292,304,308,316,304,324,300,308,304,340,320,300,308,296,308,276,356,356,272,320,24,304,264,280,272,272,300,336,344,8,28,348,240,40,28,232,232,268
2026-09-09T08:00:00Z,192,184,240,216,204,204,208,212,188,196,204,184,196,204,212,220,212,216,212,220,228,224,272,288,292,304,304,308,300,304,308,300,300,296,320,320,308,320,320,320,344,356,328,284,340,344,340,316,0,344,336,320,4,4,356,24,216,240,228,36,212,12,4,32
2026-09-09T09:00:00Z,220,220,196,212,216,208,196,188,192,184,192,196,212,196,212,212,212,220,220,208,220,224,268,284,296,304,300,304,312,308,308,300,296,308,312,312,300,312,316,336,320,288,296,336,336,340,328,324,328,356,316,304,12,248,308,304,280,324,40,336,328,224,340,336
2026-09-09T10:00:00Z,212,36,212,220,216,244,208,216,192,188,196,184,188,204,204,212,212,208,212,220,208,212,268,324,288,296,296,304,296,300,292,300,308,308,308,316,316,288,308,276,284,316,316,356,4,312,276,300,276,296,280,292,264,304,224,228,352,8,220,248,228,232,208,224
2026-09-09T11:00:00Z,220,212,208,212,208,224,212,208,208,200,192,204,192,208,220,212,220,224,224,220,220,224,180,304,308,292,304,296,292,292,296,308,304,308,300,304,300,304,312,312,304,284,208,284,320,324,304,272,288,288,240,236,232,312,336,280,284,312,300,32,16,220,32,232
2026-09-09T12:00:00Z,220,224,220,228,52,224,208,220,192,188,200,200,224,200,212,216,220,216,208,212,208,196,288,300,304,304,296,292,292,288,304,296,292,296,308,296,292,304,300,300,296,328,312,324,312,264,348,268,296,292,8,352,320,284,208,292,232,220,20,252,240,244,272,252
2026-09-09T13:00:00Z,232,232,56,48,236,220,228,212,188,180,180,196,200,200,212,212,220,216,212,216,208,216,264,288,308,320,320,300,292,288,292,288,292,300,312,292,292,308,304,284,328,292,292,300,300,296,296,296,264,280,336,320,236,280,264,240,268,288,0,256,256,216,28,48
2026-09-09T14:00:00Z,236,232,240,244,248,232,212,224,236,196,184,196,196,192,196,208,212,208,216,204,220,224,248,288,296,296,304,296,300,300,304,304,308,300,292,292,304,328,316,304,308,308,320,300,296,280,288,292,296,292,288,272,280,280,264,280,276,220,232,268,260,236,288,32
2026-09-09T15:00:00Z,252,248,60,72,76,228,232,220,216,172,188,184,208,188,196,212,212,220,220,212,216,220,216,256,316,300,304,296,304,312,304,308,292,296,300,300,308,344,316,308,312,320,308,272,276,312,288,332,308,288,316,336,316,276,296,284,296,332,304,352,212,248,228,212
2026-09-09T16:00:00Z,240,244,244,248,72,244,208,220,216,188,188,196,192,212,216,188,212,212,212,212,228,220,224,256,268,288,300,300,308,300,300,296,296,304,296,296,308,304,300,292,300,308,296,316,328,312,308,292,268,312,296,280,252,240,304,260,260,340,296,308,8,276,16,256
2026-09-09T17:00:00Z,228,220,232,220,236,208,232,216,212,180,200,196,192,188,208,200,212,216,220,208,220,224,220,312,292,296,292,292,304,304,300,304,308,296,304,316,296,296,312,292,288,296,312,300,304,340,296,312,292,292,256,284,192,184,292,340,312,0,208,240,328,224,236,36
2026-09-09T18:00:00Z,204,236,236,224,236,216,208,216,216,188,176,200,192,196,200,208,212,216,216,200,208,208,264,300,316,288,300,300,296,296,300,304,296,308,308,304,300,312,320,296,292,312,308,288,316,320,296,272,264,4,312,308,284,284,272,316,292,280,232,272,244,256,352,340
2026-09-09T19:00:00Z,184,188,224,220,204,232,220,216,208,172,184,192,192,196,184,204,212,208,208,228,184,316,212,196,304,300,304,292,292,292,296,304,296,300,288,296,304,300,296,284,296,320,316,296,312,296,328,328,332,308,304,336,304,292,4,8,288,260,228,256,0,332,320,268
2026-09-09T20:00:00Z,228,228,236,224,224,212,204,212,220,192,188,188,208,188,236,208,212,212,220,236,200,184,192,284,288,300,316,308,316,300,316,300,304,308,288,296,288,288,292,316,320,304,320,300,308,336,316,296,296,280,304,296,280,304,292,320,340,292,340,320,268,260,248,256
2026-09-09T21:00:00Z,228,232,92,204,248,236,216,220,220,188,188,180,180,188,196,208,208,212,208,216,204,220,296,304,296,308,312,312,304,300,304,296,288,300,316,312,308,304,296,296,280,288,296,292,312,312,304,228,268,304,292,280,332,348,8,324,308,308,284,308,324,300,296,320
2026-09-09T22:00:00Z,212,216,232,144,240,212,220,216,224,180,184,184,196,200,208,200,208,208,204,216,220,188,316,144,304,316,296,296,292,312,320,292,312,300,304,296,296,300,308,300,312,284,288,296,316,292,304,316,292,320,284,316,300,324,324,292,348,336,296,268,300,300,300,296
2026-09-09T23:00:00Z,308,280,220,248,240,228,212,200,212,180,188,192,184,188,164,196,204,208,200,200,200,200,180,252,268,256,272,284,300,284,292,312,292,308,300,296,296,300,304,308,304,312,268,292,320,284,288,288,308,296,304,304,300,264,284,320,284,264,248,312,328,288,280,248
2026-09-10T00:00:00Z,208,232,248,236,256,224,204,212,204,184,188,176,200,192,204,208,212,212,220,220,212,212,224,244,220,252,260,296,288,288,300,300,284,288,292,284,284,292,316,316,308,312,312,308,304,288,300,284,296,300,300,304,280,288,272,316,280,284,288,328,300,296,256,280
2026-09-10T01:00:00Z,228,220,188,212,224,208,228,216,208,168,176,180,196,188,196,204,216,216,220,212,208,244,208,268,292,236,276,276,276,284,292,292,288,284,288,292,296,292,284,292,284,288,296,292,304,312,272,284,292,204,272,300,284,324,156,256,164,260,256,196,244,232,252,200
2026-09-10T02:00:00Z,228,224,212,208,228,216,224,212,220,192,212,188,196,176,208,196,220,212,216,204,208,200,200,184,268,280,280,296,300,288,296,296,280,284,280,276,276,280,304,304,276,296,288,308,292,272,284,288,292,296,292,280,252,288,284,308,164,212,328,124,104,180,52,172
2026-09-10T03:00:00Z,200,200,228,208,212,220,220,208,220,188,192,192,188,196,196,200,212,208,224,216,208,208,204,256,292,288,296,280,284,296,288,276,284,280,276,276,288,288,276,280,288,296,148,296,308,300,264,280,288,284,248,124,264,180,132,272,260,244,300,236,212,144,156,100
2026-09-10T04:00:00Z,212,208,208,220,216,216,212,208,220,204,188,192,188,200,204,220,212,216,216,212,216,232,212,200,320,280,288,276,288,292,308,280,284,288,292,292,292,292,292,284,280,300,296,296,292,168,276,284,288,296,120,152,288,288,272,276,244,252,244,264,236,204,232,204
2026-09-10T05:00:00Z,200,208,204,220,220,220,216,208,212,208,208,220,196,200,200,224,208,212,208,220,204,216,236,180,284,272,284,292,300,284,288,284,288,296,296,296,304,284,296,292,276,276,280,276,276,272,272,272,120,268,264,268,272,268,252,240,232,260,252,260,240,232,228,224
2026-09-10T06:00:00Z,216,204,208,212,224,220,208,200,216,204,204,192,216,208,212,188,196,220,220,216,224,208,212,192,296,292,288,288,300,284,284,284,300,296,300,292,304,308,296,300,288,284,288,276,268,280,272,300,276,264,268,272,260,284,268,256,252,256,268,256,244,240,248,244
2026-09-10T07:00:00Z,240,32,212,232,208,224,220,212,224,212,204,196,192,208,204,196,216,220,204,212,220,220,232,244,300,280,296,292,292,292,280,276,280,284,276,288,280,304,280,288,284,292,292,296,260,304,280,268,284,268,120,296,276,100,276,272,268,276,88,264,236,268,276,240
2026-09-10T08:00:00Z,224,236,240,44,256,228,212,216,220,200,180,192,176,204,188,192,204,220,216,216,204,192,176,196,276,272,304,304,296,284,292,288,284,292,292,292,284,300,288,288,280,284,284,276,308,296,300,284,276,284,264,268,280,276,260,276,252,256,264,264,268,252,260,240
2026-09-10T09:00:00Z,212,200,220,228,264,236,228,216,208,224,188,200,200,184,204,212,200,216,212,212,216,196,228,252,240,304,308,324,316,296,296,284,284,292,284,288,292,280,300,308,312,296,296,288,276,308,304,296,284,280,260,268,264,268,288,304,292,288,304,272,244,244,256,256
2026-09-10T10:00:00Z,220,220,216,220,204,228,212,220,208,200,200,180,180,196,184,204,204,216,216,216,212,212,224,220,200,280,316,328,324,316,312,304,312,296,288,300,292,300,312,288,308,304,304,280,292,268,284,272,280,288,284,276,280,272,268,272,280,244,256,252,260,256,260,252
2026-09-10T11:00:00Z,224,248,104,260,208,212,220,200,212,188,196,196,192,204,200,204,208,216,224,220,208,208,216,204,232,296,308,308,316,312,324,296,296,300,296,308,292,312,296,312,300,312,292,292,300,324,296,292,276,244,332,248,288,244,276,260,256,244,248,216,232,260,224,236
2026-09-10T12:00:00Z,220,256,244,208,264,232,216,232,212,200,180,200,192,192,192,184,204,212,212,212,220,216,244,252,268,280,260,284,288,356,312,308,296,280,304,296,276,280,296,284,284,280,280,300,328,304,236,192,312,248,248,228,252,248,256,196,244,232,208,244,248,248,248,236
2026-09-10T13:00:00Z,228,208,196,288,216,224,212,208,208,192,172,204,196,196,208,204,208,216,208,212,212,220,216,244,260,236,180,316,284,308,300,292,296,300,292,332,248,276,304,324,292,288,308,264,280,276,272,256,232,232,236,252,232,236,220,248,244,260,248,240,208,208,208,232
2026-09-10T14:00:00Z,204,212,212,212,220,192,212,200,208,192,192,192,200,204,208,188,216,208,212,204,212,212,224,220,212,272,268,248,272,260,264,292,276,276,284,292,292,352,248,260,272,276,276,252,244,228,268,288,240,228,216,240,260,244,240,232,236,232,228,232,212,216,200,216
2026-09-10T15:00:00Z,212,208,212,212,188,204,220,204,208,200,200,180,208,196,196,196,204,216,216,216,224,220,228,224,252,280,276,256,268,268,248,264,268,264,288,280,272,280,256,228,244,244,268,216,252,256,244,240,236,252,240,228,228,220,232,224,236,224,220,232,232,208,220,204
2026-09-10T16:00:00Z,224,228,232,200,212,220,224,220,216,200,212,204,196,196,176,196,212,212,220,224,220,228,228,224,216,264,280,268,272,264,268,256,264,272,268,272,268,268,252,260,252,256,264,276,276,268,248,236,240,256,248,240,228,240,256,224,220,228,256,232,220,228,240,232
2026-09-10T17:00:00Z,208,216,212,216,240,208,208,208,216,220,192,184,176,216,184,212,212,212,224,216,212,220,208,228,248,252,244,268,260,272,268,272,268,264,264,264,276,268,272,260,264,268,252,256,272,256,240,252,228,252,264,272,104,272,268,256,248,172,244,148,236,212,240,228
2026-09-10T18:00:00Z,220,252,184,208,212,204,220,224,212,208,228,172,188,204,200,196,212,212,216,220,212,216,224,216,236,252,260,264,260,260,272,280,260,264,280,252,268,264,264,252,260,264,264,240,264,272,232,248,252,260,244,252,252,264,204,228,232,232,244,232,260,252,276,252
2026-09-10T19:00:00Z,212,220,248,220,200,212,204,196,216,228,208,192,200,200,216,196,196,212,212,220,212,212,212,232,248,260,256,284,268,268,272,280,280,296,284,276,288,248,268,268,272,260,256,280,264,252,256,256,260,252,256,252,252,268,264,248,232,216,260,264,264,88,260,232
2026-09-10T20:00:00Z,228,224,168,212,224,212,212,216,228,232,184,192,192,204,200,192,212,228,224,212,216,208,224,232,260,256,268,280,284,284,284,296,296,288,300,288,264,276,296,256,256,260,252,284,260,264,224,220,268,256,260,248,256,268,256,256,268,264,252,248,240,228,232,216
2026-09-10T21:00:00Z,188,168,220,248,208,208,204,216,212,232,200,200,196,212,216,208,196,212,200,208,212,220,216,224,248,256,260,272,276,276,276,280,292,300,308,308,264,264,272,256,276,280,272,248,256,260,232,256,256,248,264,256,256,232,272,156,228,236,220,244,236,224,220,228
2026-09-10T22:00:00Z,208,200,268,104,184,212,212,212,220,176,212,208,184,204,196,188,212,216,208,212,212,208,236,252,276,260,272,268,268,272,280,284,280,284,276,272,268,276,268,276,272,288,264,264,276,260,132,232,224,248,260,256,260,252,260,284,292,272,248,252,204,216,212,224
2026-09-10T23:00:00Z,196,188,140,272,200,204,208,228,216,232,284,228,208,196,208,216,216,216,208,208,212,220,208,280,268,272,280,276,292,292,284,264,280,280,284,264,264,268,256,260,272,264,244,264,276,256,248,224,252,264,272,268,228,236,224,208,224,220,212,220,208,208,200,220
2026-09-11T00:00:00Z,196,204,168,184,156,200,204,204,220,208,200,188,188,204,200,204,208,224,212,208,220,204,228,328,300,296,288,288,276,288,272,280,268,284,268,248,280,256,260,256,264,280,268,236,236,264,276,260,252,240,228,220,280,316,264,256,232,232,228,208,228,224,228,236
2026-09-11T01:00:00Z,196,180,204,220,212,212,216,224,208,212,236,208,200,208,200,208,208,216,216,208,212,224,252,276,280,288,284,284,284,288,284,288,276,284,280,276,252,256,252,252,272,264,260,272,240,268,224,256,184,260,280,216,228,216,216,236,220,208,220,228,212,216,232,228
2026-09-11T02:00:00Z,216,212,236,204,216,216,188,220,216,216,244,192,216,192,208,200,200,216,220,212,212,168,288,300,292,300,288,276,276,296,304,280,272,276,272,276,264,280,256,248,268,276,268,276,276,268,272,260,240,244,248,292,244,260,200,116,212,220,208,200,208,212,212,196
2026-09-11T03:00:00Z,208,204,208,220,192,208,192,212,212,216,220,224,196,208,204,204,208,212,220,216,220,256,304,296,288,300,288,296,276,284,284,280,264,272,256,268,264,260,256,244,260,260,280,252,236,244,252,264,256,248,232,116,236,236,204,168,192,196,216,220,216,224,196,196
2026-09-11T04:00:00Z,208,212,208,188,216,212,212,220,196,216,236,184,204,204,192,200,224,212,204,224,224,228,304,296,296,304,296,284,280,276,272,280,272,288,280,248,256,268,260,252,256,264,248,252,252,268,268,264,240,244,248,252,232,244,224,244,256,196,224,200,228,212,192,216
2026-09-11T05:00:00Z,212,208,204,220,200,204,212,208,216,212,216,240,200,204,212,252,200,208,220,224,232,248,260,280,288,280,272,280,276,276,276,276,292,264,276,268,264,256,252,260,256,272,260,264,256,260,264,248,260,260,240,244,252,244,228,240,244,232,228,220,220,232,232,224
2026-09-11T06:00:00Z,212,204,204,216,200,180,196,212,208,212,232,244,188,184,196,224,212,220,212,228,228,224,244,288,284,276,264,260,260,276,264,260,260,276,264,264,264,280,276,268,256,268,252,248,252,252,248,260,248,248,244,228,252,272,240,228,240,228,212,224,232,228,216,252
2026-09-11T07:00:00Z,212,212,228,236,192,192,220,208,196,200,204,240,184,212,208,228,200,224,212,216,228,216,264,284,268,280,280,280,272,272,260,268,268,260,272,280,272,260,268,280,280,260,260,260,260,268,268,272,272,288,224,108,256,268,276,260,252,220,232,248,248,232,220,204
2026-09-11T08:00:00Z,208,204,184,196,204,212,208,204,212,200,220,216,196,212,204,208,208,224,232,244,248,248,276,288,264,272,272,276,280,268,284,260,264,264,248,264,268,272,252,260,272,272,276,276,272,292,296,288,288,264,272,240,220,256,280,244,208,188,132,192,232,204,184,216
2026-09-11T09:00:00Z,220,208,220,236,228,212,216,204,216,228,224,232,220,188,196,216,220,224,220,248,232,236,244,264,264,272,280,264,268,276,288,276,272,268,268,256,264,264,268,284,292,280,252,240,276,120,256,252,228,236,260,264,272,268,276,284,184,88,268,280,232,240,208,208
2026-09-11T10:00:00Z,224,236,260,236,224,268,188,208,220,224,208,212,216,200,192,212,188,220,204,224,236,248,252,252,260,268,268,264,260,264,276,256,268,268,256,252,256,244,240,256,244,248,256,252,256,264,260,276,228,260,244,260,268,244,240,264,156,180,232,168,180,244,224,216
2026-09-11T11:00:00Z,240,236,196,256,236,228,212,216,212,224,228,232,192,208,220,200,188,264,208,212,248,268,268,276,280,280,276,272,272,276,284,280,276,268,272,260,260,264,252,248,256,264,268,268,264,268,244,232,280,276,272,252,256,240,184,204,100,228,188,232,204,180,192,196
2026-09-11T12:00:00Z,200,180,268,172,192,196,180,200,208,208,204,220,216,224,284,200,212,220,208,204,220,244,260,260,268,264,260,264,276,272,264,256,272,260,268,272,248,264,228,256,272,244,252,276,268,284,156,176,152,264,272,276,260,88,216,164,144,152,148,148,160,168,120,164
2026-09-11T13:00:00Z,140,320,176,156,208,172,180,200,216,200,244,236,312,220,200,224,216,252,212,208,232,264,260,268,264,276,276,272,256,268,272,284,252,256,248,236,260,256,264,272,252,228,236,264,168,156,124,144,152,148,136,128,144,132,148,148,176,160,152,152,164,172,172,180
2026-09-11T14:00:00Z,176,156,168,152,164,208,208,212,216,204,244,304,200,172,188,180,196,192,208,204,248,264,264,272,260,292,248,268,252,264,260,268,256,256,252,252,248,244,268,248,252,260,112,104,120,128,140,124,124,140,140,148,152,156,164,168,176,156,160,160,168,176,172,176
2026-09-11T15:00:00Z,200,156,320,140,148,164,172,200,216,208,236,276,300,216,204,192,192,208,264,240,256,276,280,288,280,264,256,256,256,252,244,248,264,244,276,280,284,104,112,128,140,128,140,132,140,144,148,156,140,156,160,152,156,152,156,156,140,160,160,148,172,156,160,168
2026-09-11T16:00:00Z,180,156,352,184,168,352,176,200,204,212,228,300,304,232,296,204,280,264,224,232,260,272,280,272,276,272,272,272,272,272,272,264,268,272,252,268,260,120,128,152,144,152,144,160,144,156,164,168,168,160,160,156,168,168,188,176,172,164,160,164,176,168,168,164
2026-09-11T17:00:00Z,184,172,320,168,136,192,180,204,212,212,216,256,288,300,184,184,324,156,244,256,280,284,280,276,268,276,272,264,272,264,256,260,264,256,272,104,112,128,128,136,152,148,156,156,160,160,152,160,168,176,160,156,160,168,168,172,176,176,176,168,164,152,164,176
2026-09-11T18:00:00Z,312,112,164,340,188,288,204,212,228,208,240,228,312,240,252,204,248,228,264,276,276,268,264,272,264,272,276,276,264,268,260,268,268,272,260,172,144,132,144,144,168,164,156,168,168,172,164,168,156,172,176,168,172,168,176,160,184,172,168,180,168,160,168,168
2026-09-11T19:00:00Z,220,224,240,176,172,192,216,212,208,216,224,216,308,264,236,228,216,300,256,264,272,288,276,276,276,264,260,272,260,264,260,264,268,264,280,120,116,136,140,160,160,160,164,164,172,164,172,172,156,160,176,176,164,172,184,160,160,176,176,164,164,192,184,184
2026-09-11T20:00:00Z,172,188,240,216,284,168,224,200,208,224,260,256,260,300,324,292,296,288,276,284,292,264,272,272,264,280,268,268,268,260,272,260,256,260,264,288,124,124,132,140,144,160,160,184,168,168,176,172,160,184,180,208,196,164,176,184,184,176,176,176,184,184,220,188
2026-09-11T21:00:00Z,104,264,124,256,264,208,192,212,208,212,244,240,188,160,304,192,184,276,276,272,284,288,288,284,276,280,276,268,272,280,268,264,264,276,268,252,272,140,136,176,136,156,144,180,168,288,188,164,192,184,156,180,180,204,192,180,156,144,164,168,184,176,188,168
2026-09-11T22:00:00Z,264,268,300,144,116,124,184,212,216,224,220,240,284,248,312,204,252,312,300,276,280,280,276,280,284,288,280,284,280,280,280,284,280,272,276,284,128,284,140,148,176,152,160,164,180,136,164,168,164,248,160,156,144,180,180,192,172,192,184,200,196,188,180,176
2026-09-11T23:00:00Z,288,284,116,116,292,284,208,200,224,200,220,224,280,220,168,208,152,164,272,288,284,288,284,284,292,284,280,272,280,280,276,268,280,276,292,284,276,304,152,156,288,128,244,192,248,148,172,164,148,220,192,204,152,172,196,200,204,148,288,196,188,184,188,168
2026-09-12T00:00:00Z,292,288,124,288,296,244,192,204,232,212,212,188,268,316,208,272,144,240,288,296,296,292,276,296,272,276,272,280,272,272,272,272,284,284,300,288,268,284,292,312,268,284,208,152,144,248,148,220,156,168,196,208,244,132,212,196,300,216,196,184,196,212,192,196
2026-09-12T01:00:00Z,156,140,124,124,132,136,192,200,204,208,212,260,272,300,312,200,188,168,280,284,296,296,284,284,296,268,288,288,276,284,284,276,276,288,292,284,260,300,296,124,144,152,296,276,176,148,184,148,300,132,220,256,200,176,148,184,220,212,172,192,188,184,200,192
2026-09-12T02:00:00Z,128,124,288,128,120,176,156,200,208,212,200,264,276,236,312,200,204,192,268,280,288,292,288,284,292,300,284,280,276,276,268,280,284,288,280,284,288,288,136,128,132,304,284,160,156,128,156,156,256,160,144,152,124,108,184,164,172,156,172,176,188,156,136,160
2026-09-12T03:00:00Z,188,252,116,252,260,164,184,196,212,216,200,300,316,292,148,240,164,316,300,304,300,292,296,284,284,296,296,284,284,272,292,292,280,268,276,260,280,236,280,260,276,284,152,152,276,144,288,168,196,192,188,196,144,224,212,184,156,184,232,208,188,188,200,200
2026-09-12T04:00:00Z,232,232,264,96,272,208,220,196,200,216,200,192,328,172,172,168,188,324,308,296,300,300,312,308,304,308,300,292,292,272,268,272,276,276,272,260,252,280,268,288,268,276,228,276,228,292,148,128,168,256,184,228,108,220,220,232,204,204,236,252,212,232,200,204
2026-09-12T05:00:00Z,200,204,252,204,264,224,208,204,204,216,212,268,208,156,220,200,160,308,304,292,292,284,316,296,288,288,284,284,264,276,272,272,272,272,256,264,272,276,256,264,280,260,236,256,240,268,140,252,224,224,240,232,244,236,236,256,236,200,212,220,224,224,216,204
2026-09-12T06:00:00Z,196,200,212,184,188,196,204,196,204,216,200,332,268,296,236,172,212,160,304,280,288,260,280,280,284,288,276,276,272,280,260,268,272,260,268,252,264,256,268,268,268,264,260,248,224,216,232,240,236,244,248,256,232,228,232,232,248,236,264,224,216,220,228,212
2026-09-12T07:00:00Z,180,144,212,192,172,192,208,200,212,212,212,236,296,304,280,308,296,308,312,300,284,288,292,284,276,280,284,284,284,280,268,264,268,272,260,256,260,256,252,252,248,252,268,256,236,256,260,248,244,244,240,244,248,216,216,228,236,204,224,192,236,232,212,188
2026-09-12T08:00:00Z,204,188,228,208,204,228,188,212,220,224,216,200,320,328,256,160,180,276,300,300,288,288,288,284,284,288,284,276,280,268,280,272,268,268,260,268,272,264,256,256,272,260,248,252,264,256,232,252,248,236,248,252,272,248,260,228,232,228,236,240,176,260,220,220
2026-09-12T09:00:00Z,204,208,184,244,232,224,200,184,208,188,204,212,240,152,180,284,272,296,288,292,292,296,292,292,276,280,276,280,276,268,276,284,280,276,268,264,268,260,268,264,248,248,252,252,256,248,264,260,248,268,264,252,236,236,248,252,268,248,236,228,244,240,236,196
2026-09-12T10:00:00Z,188,196,196,216,220,196,192,184,208,208,216,224,156,276,288,228,308,296,292,300,292,280,276,292,284,284,284,284,268,272,280,284,276,268,272,276,272,272,268,272,284,276,288,276,272,276,272,260,272,268,264,296,244,256,252,240,244,276,288,280,264,260,256,240
2026-09-12T11:00:00Z,220,240,224,184,256,196,212,196,208,208,204,216,244,248,204,264,264,280,288,292,288,284,280,284,276,276,280,276,272,288,284,280,296,304,296,268,280,296,324,264,296,304,276,300,308,256,280,264,268,260,280,264,260,284,280,252,268,264,264,284,296,124,140,232
2026-09-12T12:00:00Z,224,232,232,216,244,260,200,204,200,208,212,216,232,232,200,172,244,304,280,284,288,280,276,280,284,280,280,280,272,284,268,272,312,288,288,284,280,292,284,284,288,300,304,296,268,276,312,312,300,292,276,324,300,276,296,296,288,280,272,272,272,272,276,284
2026-09-12T13:00:00Z,252,260,56,236,272,244,220,184,200,208,228,228,216,152,184,152,144,304,292,284,288,284,280,276,276,280,280,284,276,280,280,284,276,244,276,280,296,308,312,296,312,304,292,328,312,320,336,292,316,332,308,308,304,320,312,304,312,320,284,212,308,292,284,280
2026-09-12T14:00:00Z,232,236,248,232,236,220,212,184,212,204,216,224,232,232,196,180,312,280,292,288,288,288,284,268,276,272,272,272,272,264,268,276,268,248,252,280,276,276,240,280,276,284,272,276,312,292,280,320,336,252,152,200,184,200,212,176,196,228,280,312,184,320,196,236
2026-09-12T15:00:00Z,264,304,84,80,240,224,208,184,180,212,180,184,260,292,216,256,144,300,280,284,276,288,288,280,276,284,284,284,280,276,276,260,264,284,264,268,248,272,236,248,248,268,248,176,204,276,256,236,152,164,228,132,276,280,276,204,220,188,148,112,136,136,140,164
2026-09-12T16:00:00Z,272,256,256,92,208,224,240,212,196,208,208,212,236,236,260,212,172,304,300,284,284,276,284,288,284,284,280,276,284,272,272,260,264,268,272,260,256,260,256,248,240,244,256,260,248,216,264,236,244,228,228,196,260,252,212,216,240,168,184,236,208,196,192,172
2026-09-12T17:00:00Z,228,276,96,252,248,188,196,196,192,204,216,220,232,248,292,156,160,296,296,292,296,288,284,284,288,288,280,288,296,296,288,268,264,260,268,268,264,272,260,256,260,272,272,268,264,276,256,248,252,240,264,260,104,260,244,248,236,84,268,116,232,224,200,264
2026-09-12T18:00:00Z,212,224,252,72,232,188,204,168,204,216,212,216,204,248,256,212,164,308,292,288,272,284,284,292,280,272,276,272,284,276,280,268,276,284,268,268,264,276,264,280,264,268,252,248,244,240,232,224,256,244,276,152,228,268,264,252,264,248,228,156,268,192,200,260
2026-09-12T19:00:00Z,236,248,200,220,220,216,200,188,188,196,208,204,224,248,228,184,164,308,292,276,276,276,276,292,280,276,268,272,276,272,272,272,264,264,264,268,280,260,260,268,264,256,248,248,288,256,264,268,264,200,272,228,252,244,240,236,232,224,212,236,228,208,224,232
2026-09-12T20:00:00Z,216,220,220,48,232,256,228,208,204,212,204,212,212,220,184,308,144,292,296,288,284,288,280,288,284,272,272,272,268,272,276,276,264,272,264,268,268,280,272,268,264,260,260,268,260,260,268,252,248,244,248,240,244,232,244,236,232,208,232,236,236,228,224,224
2026-09-12T21:00:00Z,224,228,224,240,236,220,224,196,212,196,180,188,188,264,292,196,176,312,296,296,288,288,288,288,284,280,292,284,284,276,272,272,264,272,272,276,264,276,276,268,256,268,264,260,260,264,260,248,260,244,244,252,248,244,248,252,224,228,252,240,228,224,216,232
2026-09-12T22:00:00Z,68,244,256,72,264,136,228,188,212,212,228,224,244,252,184,184,160,316,284,288,288,284,292,292,284,280,280,280,284,276,284,284,276,280,280,268,292,292,272,280,268,264,260,260,264,256,252,256,256,252,260,248,248,264,252,240,236,248,256,248,240,252,256,256
2026-09-12T23:00:00Z,268,268,256,264,260,164,220,252,204,196,220,208,212,244,176,168,168,316,296,300,288,276,280,276,280,284,292,288,296,292,280,268,292,284,268,264,280,264,276,288,276,284,288,288,276,272,276,276,276,268,264,256,276,260,252,240,268,276,248,264,252,248,272,272
2026-09-13T00:00:00Z,300,308,280,280,128,196,264,188,200,212,216,216,204,164,228,172,172,320,296,296,296,292,288,284,276,268,272,276,284,280,284,272,256,272,292,284,280,304,236,256,272,256,280,256,264,268,256,268,260,264,276,264,236,244,256,260,256,260,264,236,244,256,268,264
2026-09-13T01:00:00Z,196,224,264,112,272,168,236,176,192,192,200,200,220,252,244,200,172,312,300,296,300,292,292,292,284,284,276,272,276,272,268,284,264,268,280,256,252,280,268,272,280,272,256,272,260,280,264,292,280,276,272,276,280,288,276,272,248,248,248,276,260,268,252,260
2026-09-13T02:00:00Z,268,280,144,288,268,216,204,204,196,216,236,192,224,244,224,212,172,160,308,304,304,296,296,288,284,284,280,280,280,284,272,280,244,248,260,252,252,256,268,284,284,284,236,248,256,248,252,264,252,232,248,204,224,232,280,296,284,236,268,344,268,256,264,268
2026-09-13T03:00:00Z,224,148,164,176,260,264,220,196,196,204,240,236,212,244,208,172,176,164,304,300,300,300,296,288,292,280,276,268,268,260,248,260,280,256,280,244,252,248,252,264,264,252,228,228,244,220,212,244,236,252,228,244,248,232,192,196,276,288,356,288,156,256,296,232
2026-09-13T04:00:00Z,240,276,212,300,248,272,188,192,184,188,200,224,216,252,224,184,176,168,316,308,296,292,284,292,296,272,268,272,276,272,280,280,276,252,256,256,264,280,256,256,248,240,236,232,216,172,224,220,200,192,172,184,304,216,212,224,244,228,236,204,324,264,232,324
2026-09-13T05:00:00Z,292,88,40,256,300,256,188,196,184,188,224,188,228,260,144,188,180,160,312,296,288,292,288,280,272,272,272,276,276,272,272,268,264,264,264,260,232,240,244,268,256,220,224,236,224,232,236,228,232,240,224,224,212,212,348,344,324,244,256,276,208,196,152,196
2026-09-13T06:00:00Z,196,228,216,276,248,268,220,164,200,196,252,228,220,280,236,160,168,176,320,280,288,284,276,276,268,272,272,276,272,268,260,260,284,276,268,256,236,240,252,256,240,248,244,252,276,244,240,240,180,224,244,212,204,212,200,212,220,228,200,216,228,228,188,180
2026-09-13T07:00:00Z,196,96,140,248,308,192,220,220,204,216,200,224,244,244,244,316,164,316,304,296,288,280,280,272,272,256,260,264,268,264,260,268,260,248,252,260,256,260,272,264,248,252,252,268,248,236,252,252,272,256,232,252,236,232,256,232,220,208,220,216,224,236,196,216
2026-09-13T08:00:00Z,168,176,164,192,224,252,220,220,184,196,200,200,268,200,248,204,180,152,148,288,276,276,268,268,268,268,260,260,264,264,264,272,272,264,264,268,260,280,260,236,268,264,236,256,236,224,232,248,196,220,216,228,224,220,224,220,228,224,224,216,228,268,344,204
2026-09-13T09:00:00Z,224,132,152,324,288,176,224,196,200,208,216,228,232,204,316,320,328,144,296,272,284,280,272,272,280,284,280,276,264,276,272,272,272,260,268,272,292,272,296,252,272,324,268,272,260,252,260,256,248,248,232,240,256,260,260,268,228,240,220,316,292,208,244,288
2026-09-13T10:00:00Z,96,128,216,220,212,248,252,224,188,200,196,240,212,284,276,320,320,160,300,296,272,284,284,284,284,284,268,280,280,280,276,284,276,280,280,260,268,260,272,296,300,248,268,256,276,268,264,236,260,256,268,260,252,252,232,224,248,244,240,236,260,248,276,304
2026-09-13T11:00:00Z,176,192,192,244,220,196,220,196,184,180,220,248,232,260,164,208,208,164,304,296,292,292,288,280,292,288,288,288,308,308,320,288,284,284,284,280,268,268,284,280,276,260,256,240,272,252,264,224,256,260,240,268,272,272,264,240,196,236,284,284,276,248,260,308
2026-09-13T12:00:00Z,296,216,124,80,164,224,220,232,196,188,200,224,212,216,204,204,328,320,308,304,296,304,296,288,292,292,288,292,284,296,292,296,296,304,292,284,276,272,268,260,268,284,272,280,268,272,252,256,268,264,240,280,252,272,260,240,252,236,252,248,232,244,224,196
2026-09-13T13:00:00Z,248,248,232,260,252,224,216,232,188,192,200,252,220,244,252,148,180,292,288,288,288,292,288,284,288,292,284,280,288,300,284,292,300,276,272,284,312,292,288,292,308,308,284,296,280,308,268,268,300,280,296,248,272,272,260,264,272,276,248,252,248,236,252,220
2026-09-13T14:00:00Z,248,240,44,272,252,252,232,232,156,212,232,248,228,228,248,228,212,292,292,300,296,292,292,284,280,284,288,284,284,288,284,268,292,284,272,280,288,292,284,260,264,276,284,256,260,288,264,260,276,272,308,292,276,268,248,248,284,280,280,272,256,276,256,268
2026-09-13T15:00:00Z,68,60,236,236,232,232,216,228,176,192,192,244,236,208,212,228,228,248,292,288,296,292,284,284,280,284,272,272,272,288,300,276,260,276,292,288,284,264,268,272,272,284,272,272,260,272,260,272,276,268,244,272,260,192,272,272,260,260,272,260,248,252,252,244
2026-09-13T16:00:00Z,236,228,232,236,260,248,260,276,184,208,188,232,240,216,232,228,236,312,280,288,288,292,292,288,284,276,296,288,288,284,280,272,260,276,272,272,256,276,268,284,252,288,292,260,268,256,304,280,260,264,256,260,276,256,256,260,236,280,272,276,268,260,228,248
2026-09-13T17:00:00Z,232,232,252,224,244,244,224,228,200,208,212,244,256,272,256,236,240,300,300,288,288,288,284,292,280,284,272,292,280,280,280,284,280,268,264,292,292,296,280,292,240,260,256,296,340,268,272,284,256,264,268,284,224,256,256,256,252,276,252,244,268,232,252,252
2026-09-13T18:00:00Z,232,216,220,68,256,252,172,204,208,200,228,220,284,236,248,188,252,268,264,276,276,280,272,284,292,296,280,288,280,284,284,284,276,276,288,260,280,296,264,264,252,272,240,256,252,256,288,248,244,268,276,268,252,252,252,248,240,248,248,252,256,260,204,228
2026-09-13T19:00:00Z,240,224,248,60,72,240,200,228,216,204,196,256,180,252,260,164,288,284,284,276,276,280,276,276,280,284,280,276,280,276,276,280,276,268,272,308,260,268,244,260,268,248,256,232,236,276,260,260,256,260,264,252,252,244,228,256,236,240,236,244,240,244,228,236
2026-09-13T20:00:00Z,228,228,252,56,228,224,220,224,200,204,204,220,244,260,252,288,244,280,280,276,280,280,280,280,276,276,272,268,268,276,268,276,276,276,292,264,276,264,268,256,264,268,244,248,284,252,264,248,268,252,244,240,268,252,248,244,240,244,220,228,228,236,244,232
2026-09-13T21:00:00Z,108,72,76,256,252,236,268,224,208,212,204,244,256,244,248,300,264,292,292,284,284,292,280,284,284,284,284,280,272,272,272,284,280,292,288,284,292,280,260,272,264,272,268,276,316,264,276,268,260,256,228,216,284,244,268,248,220,248,332,232,232,228,240,240
2026-09-13T22:00:00Z,268,268,256,256,80,224,164,224,228,184,204,224,248,240,236,160,280,288,292,288,284,292,284,272,280,284,280,284,284,276,272,284,272,272,272,280,284,284,268,288,272,288,284,272,244,260,276,300,304,276,268,236,356,248,296,228,260,272,244,212,204,204,232,244
2026-09-13T23:00:00Z,244,268,260,256,244,268,116,200,188,192,200,172,264,288,232,292,280,288,288,284,284,280,284,284,280,288,284,280,288,292,292,280,260,276,288,8,268,292,260,228,272,268,284,264,252,244,248,248,252,256,276,256,224,240,248,252,260,256,272,260,256,236,240,256
2026-09-14T00:00:00Z,224,244,272,252,276,212,268,212,192,200,192,212,220,252,268,300,288,288,288,288,284,292,284,284,276,276,272,284,276,292,288,272,280,276,284,312,240,292,276,288,276,296,296,272,268,196,228,264,276,284,268,252,252,260,256,252,252,264,252,248,256,264,264,232
2026-09-14T01:00:00Z,120,276,308,272,144,276,264,220,188,208,196,220,216,260,280,236,296,300,296,296,296,300,292,292,280,284,280,288,280,268,280,276,260,268,276,280,304,288,280,268,284,256,224,220,280,252,256,284,268,296,296,232,244,268,276,268,260,256,244,304,280,252,260,236
2026-09-14T02:00:00Z,276,288,144,128,272,160,252,216,188,188,180,188,208,240,260,180,292,300,292,292,296,296,288,292,284,284,284,276,272,288,272,284,272,284,244,280,264,264,260,252,240,268,280,272,236,216,232,308,324,332,220,248,280,320,248,256,236,280,260,280,284,316,300,292
2026-09-14T03:00:00Z,256,256,300,72,300,260,196,196,208,204,208,200,240,236,248,152,288,300,296,296,292,296,296,284,288,276,288,264,284,272,264,288,268,240,236,296,260,224,192,236,236,244,236,252,232,252,264,232,228,236,196,0,236,252,288,304,256,228,220,280,284,292,268,308
2026-09-14T04:00:00Z,244,216,260,268,212,220,208,200,208,188,188,224,248,268,252,276,296,296,300,296,292,292,292,280,288,276,288,280,272,264,276,264,268,256,272,244,268,252,252,260,260,204,232,236,248,212,212,236,252,252,268,292,236,280,260,308,224,276,304,320,312,316,292,292
2026-09-14T05:00:00Z,276,296,276,288,284,220,188,200,200,188,204,188,224,268,280,268,284,288,292,284,284,284,292,280,276,276,276,272,252,264,260,256,256,272,256,244,252,240,216,248,244,260,240,260,228,224,292,212,236,252,252,248,304,300,312,332,308,288,308,332,320,276,292,284
2026-09-14T06:00:00Z,120,240,272,272,132,232,208,220,200,192,208,192,240,260,276,284,288,288,292,284,284,284,292,272,272,272,260,272,272,264,260,264,256,260,268,252,220,244,248,252,248,240,228,252,280,312,332,348,256,4,244,328,344,312,300,304,192,320,356,336,316,312,292,8
2026-09-14T07:00:00Z,260,264,284,256,268,260,256,216,212,180,196,208,312,260,260,308,292,288,284,280,272,280,272,276,268,260,268,260,268,264,264,264,272,260,256,256,236,240,224,240,252,260,228,208,212,232,212,220,224,240,224,204,212,232,236,12,212,16,200,176,332,300,204,336
2026-09-14T08:00:00Z,264,96,264,272,256,244,268,220,212,168,204,208,232,236,268,276,296,292,280,280,280,272,268,268,272,268,272,268,272,276,272,268,272,268,260,256,260,224,244,248,212,240,224,220,224,228,232,244,236,248,184,232,228,212,216,196,196,208,204,188,168,324,208,260
2026-09-14T09:00:00Z,148,140,268,296,260,248,240,204,184,180,188,196,288,248,288,272,292,296,296,288,284,272,276,272,276,268,268,268,260,264,252,268,260,252,244,256,264,244,252,220,232,216,256,240,236,256,208,228,236,220,224,232,236,220,236,216,220,224,208,220,208,208,232,228
2026-09-14T10:00:00Z,308,308,312,276,128,268,244,200,216,204,200,200,200,264,288,288,292,300,296,300,292,284,284,280,272,276,268,272,264,272,264,268,260,260,264,252,240,260,248,244,248,236,244,244,236,260,244,200,204,248,224,216,216,212,216,212,180,212,224,216,216,208,196,196
2026-09-14T11:00:00Z,264,212,292,284,268,252,276,232,228,212,176,212,276,272,288,280,292,296,292,288,288,292,284,276,272,276,264,264,272,272,272,264,252,256,260,260,264,264,232,248,260,256,236,244,256,236,224,220,228,252,228,224,220,212,208,220,216,220,240,216,208,196,216,232
2026-09-14T12:00:00Z,248,44,292,300,228,284,240,256,248,164,204,240,236,256,284,284,288,292,284,292,292,292,292,284,288,272,276,268,256,260,268,264,272,264,264,256,252,252,248,244,276,252,248,236,232,224,240,232,228,236,232,220,212,220,240,244,256,228,216,224,224,220,220,212
2026-09-14T13:00:00Z,260,268,276,296,276,244,196,192,212,200,196,200,224,280,280,276,296,292,292,292,284,280,284,284,288,276,280,264,268,280,268,284,268,248,248,252,268,252,248,256,252,240,244,248,236,240,236,244,240,252,236,244,240,244,260,232,224,208,232,208,204,236,200,188
2026-09-14T14:00:00Z,116,248,128,268,220,268,232,252,236,204,196,204,212,272,276,280,292,288,296,296,288,288,280,284,272,280,264,276,276,268,264,280,272,264,256,252,264,264,260,256,248,244,248,240,232,236,236,232,252,228,236,248,220,224,224,212,216,192,212,216,216,216,212,208
2026-09-14T15:00:00Z,216,20,244,228,224,228,276,228,236,172,196,200,200,280,284,288,284,280,284,284,288,288,288,280,276,280,264,272,280,260,264,276,256,260,248,248,228,252,244,264,252,244,240,252,208,300,252,224,228,220,212,228,204,216,208,216,196,200,204,196,208,204,216,196
2026-09-14T16:00:00Z,228,212,288,244,272,264,228,220,200,204,208,204,192,292,276,296,284,276,284,288,296,292,284,276,284,276,280,276,268,268,268,260,268,260,264,268,252,236,248,228,240,240,248,236,236,240,204,224,228,224,220,208,188,212,220,200,172,188,220,176,212,200,208,200
2026-09-14T17:00:00Z,156,168,172,100,160,232,196,200,212,184,296,208,236,316,280,296,280,288,284,284,280,284,280,280,276,272,272,260,272,260,256,268,260,268,224,236,232,256,252,232,248,232,228,232,240,220,232,216,220,208,200,168,204,196,204,188,204,192,156,152,184,192,196,184
2026-09-14T18:00:00Z,148,160,232,352,20,184,236,208,208,212,196,228,192,304,284,280,284,296,288,284,288,276,280,284,280,272,268,280,280,276,272,252,248,252,252,260,252,256,248,244,240,236,236,232,228,228,212,224,212,220,216,216,212,204,204,204,208,204,212,200,208,204,188,204
2026-09-14T19:00:00Z,164,284,228,232,236,248,216,208,184,196,208,204,240,272,300,292,284,292,288,284,284,272,280,280,272,276,268,276,276,264,276,264,284,244,236,248,236,248,256,240,248,252,224,228,240,244,232,232,236,208,204,204,208,216,212,228,216,212,204,208,200,216,208,216
2026-09-14T20:00:00Z,256,248,308,304,272,272,240,240,204,204,188,196,288,228,304,292,292,288,288,292,288,284,276,280,276,288,300,280,288,284,272,288,276,268,256,264,264,272,264,252,224,260,232,260,224,260,240,236,236,248,228,236,220,216,224,220,220,224,200,200,196,196,224,208
2026-09-14T21:00:00Z,292,264,308,224,228,160,220,220,232,180,180,176,176,280,296,292,292,292,288,288,284,284,288,284,288,288,280,276,268,276,272,272,256,284,260,256,268,240,256,248,252,268,244,232,228,236,236,220,220,216,220,216,216,224,228,220,204,220,204,216,212,212,208,200
2026-09-14T22:00:00Z,280,224,228,88,172,200,220,204,208,216,196,208,216,308,288,292,292,288,292,288,292,280,276,288,276,284,280,280,288,276,280,268,272,268,268,264,268,268,236,260,244,276,264,212,252,252,260,224,236,240,248,248,232,220,232,232,224,216,232,236,224,224,220,216
2026-09-14T23:00:00Z,188,192,264,272,192,244,196,224,240,192,200,212,224,308,292,296,292,292,280,288,280,280,288,284,276,280,284,284,276,272,272,272,272,268,264,276,256,264,248,260,268,228,252,272,256,240,244,220,224,236,232,228,216,224,228,236,220,212,292,252,212,236,204,224
2026-09-15T00:00:00Z,100,264,164,248,212,228,244,216,212,220,192,184,220,152,300,288,292,280,280,280,284,280,276,276,276,272,276,268,256,264,260,268,268,272,276,244,256,248,316,284,260,232,236,232,232,212,232,232,232,232,236,232,220,240,244,252,232,188,224,228,252,208,232,236
2026-09-15T01:00:00Z,228,216,68,224,196,192,228,220,216,196,188,196,216,272,296,292,288,284,284,284,280,280,280,280,284,280,284,280,280,272,280,276,272,256,264,264,260,276,260,240,256,248,248,244,260,248,236,256,216,236,236,220,204,224,212,216,216,216,196,212,232,200,212,300
2026-09-15T02:00:00Z,224,200,60,232,200,196,220,208,212,224,212,168,172,236,268,288,292,288,284,280,276,276,272,272,272,276,256,260,264,268,248,248,272,240,252,264,256,220,272,236,264,240,256,244,224,232,236,228,228,224,200,220,244,232,216,216,200,200,192,220,208,200,204,208
2026-09-15T03:00:00Z,240,144,40,220,168,196,224,208,228,172,192,176,176,276,272,280,292,288,288,284,280,272,280,280,272,272,268,268,264,236,240,248,260,212,236,236,228,228,208,224,228,228,228,204,220,220,228,232,232,244,228,204,244,160,172,208,200,172,172,180,172,176,180,160
2026-09-15T04:00:00Z,8,12,232,208,216,196,204,204,216,188,192,208,192,196,276,284,296,292,288,284,280,268,280,264,272,264,256,248,244,248,248,244,240,260,252,256,240,260,236,236,200,224,228,284,220,240,176,180,160,200,192,208,148,172,180,164,188,204,140,144,140,136,156,176
2026-09-15T05:00:00Z,216,216,204,260,204,216,176,216,180,232,196,188,196,216,288,280,296,292,284,284,276,276,264,272,260,260,268,260,236,252,264,260,248,244,248,244,232,220,212,216,216,212,196,204,180,184,184,192,196,184,192,176,172,172,172,180,168,184,200,180,208,220,188,184
2026-09-15T06:00:00Z,212,232,176,236,180,216,216,184,220,176,188,184,216,200,300,280,296,292,296,292,288,280,276,272,276,260,264,252,248,256,232,244,224,236,236,240,236,228,224,208,196,196,224,216,200,200,220,204,188,188,240,172,156,200,164,196,204,196,208,224,220,208,200,180
2026-09-15T07:00:00Z,192,188,236,120,200,236,224,220,216,212,200,176,200,304,172,292,292,296,284,292,280,280,276,276,268,260,256,256,252,240,248,252,240,252,252,236,228,232,224,232,232,224,236,220,236,200,196,184,160,188,188,184,172,184,172,188,228,216,188,200,196,200,196,200
2026-09-15T08:00:00Z,168,208,316,264,196,204,196,220,208,216,196,188,184,272,284,276,300,296,292,284,288,284,276,276,268,264,264,260,256,248,244,248,252,240,244,240,236,244,232,220,224,216,208,244,216,208,172,172,164,108,172,160,184,140,188,196,184,144,200,220,228,212,176,200
2026-09-15T09:00:00Z,192,184,168,344,196,188,220,208,180,232,208,200,196,252,284,288,292,292,292,280,276,268,268,264,276,264,272,256,260,264,256,256,256,248,244,244,244,232,236,248,244,236,272,244,240,212,188,156,232,100,172,148,156,120,144,196,160,192,192,148,188,172,176,188
2026-09-15T10:00:00Z,156,308,164,144,208,228,220,188,200,204,180,196,196,212,280,296,300,296,292,288,272,272,272,272,260,264,264,256,260,256,268,264,256,256,252,240,244,252,256,256,228,248,268,136,132,148,152,148,216,128,248,140,232,132,164,124,152,176,196,176,144,184,176,140
2026-09-15T11:00:00Z,152,116,228,72,176,208,192,184,208,200,192,192,168,328,164,288,296,292,288,288,280,272,268,264,276,260,268,268,264,256,264,260,260,264,264,260,244,244,248,248,248,208,196,140,144,140,168,152,148,136,156,160,180,232,152,112,132,260,148,176,220,172,184,212
2026-09-15T12:00:00Z,176,156,132,192,176,180,204,228,200,204,196,220,220,312,288,292,296,296,284,296,288,280,280,268,268,264,260,276,260,256,252,260,260,248,248,252,244,248,248,252,216,244,108,136,124,148,152,128,136,140,152,140,108,264,144,140,188,180,200,108,156,136,160,160
2026-09-15T13:00:00Z,140,136,172,328,188,204,196,224,224,204,180,192,196,288,296,292,296,296,288,284,284,272,272,268,276,276,276,276,260,256,252,260,264,256,252,248,252,236,248,268,252,248,228,224,244,180,140,152,140,116,136,144,152,148,136,164,160,164,176,148,120,152,148,156
2026-09-15T14:00:00Z,280,152,136,100,200,184,212,212,172,196,180,204,212,272,296,288,296,296,292,288,284,276,272,268,272,272,264,272,264,268,256,260,256,256,232,236,244,244,236,232,240,240,244,224,256,240,176,144,148,136,128,136,160,164,156,160,160,156,156,192,176,164,160,176
2026-09-15T15:00:00Z,184,104,280,204,212,176,196,240,220,220,192,196,204,320,252,272,296,296,284,284,280,280,276,276,280,272,268,276,272,272,268,264,256,264,252,248,244,256,252,248,252,256,240,248,268,104,104,260,152,92,176,160,160,152,152,160,172,160,168,160,176,164,172,176
2026-09-15T16:00:00Z,240,272,264,236,160,192,220,208,208,236,192,212,180,272,296,268,288,292,284,284,276,276,284,280,268,276,272,272,268,260,264,264,256,232,256,268,224,244,240,240,240,232,248,232,224,260,160,204,180,148,184,180,140,176,176,180,184,184,160,156,176,192,160,168
2026-09-15T17:00:00Z,220,184,108,168,160,176,208,236,224,204,180,216,148,248,276,296,292,300,292,292,288,284,284,276,284,276,272,268,272,268,272,272,248,264,256,252,244,224,252,244,244,232,252,264,228,252,136,132,232,152,172,160,136,160,152,160,164,152,160,172,156,144,164,172
2026-09-15T18:00:00Z,264,264,144,136,272,208,208,216,204,188,188,216,240,244,308,296,288,296,292,296,292,292,280,272,276,264,268,264,260,268,264,268,268,276,268,248,260,252,260,240,264,264,260,188,232,228,224,236,172,164,164,176,172,144,156,200,200,200,180,200,204,188,172,172
2026-09-15T19:00:00Z,72,80,176,236,204,200,216,212,216,204,192,172,156,288,300,296,288,288,296,296,288,284,288,284,296,288,272,272,276,264,260,252,268,264,264,244,248,240,248,252,252,260,228,216,228,192,232,232,204,204,220,176,220,168,200,212,184,212,228,184,220,228,200,204
2026-09-15T20:00:00Z,228,232,192,240,56,212,204,228,212,196,136,196,184,308,260,288,288,292,284,280,268,280,272,276,280,268,276,272,276,260,260,276,260,268,272,252,248,236,248,248,228,236,236,220,228,216,200,220,216,216,200,196,212,216,220,208,216,204,216,212,220,212,212,212
2026-09-15T21:00:00Z,200,244,140,148,284,204,204,220,200,196,256,208,204,284,272,288,284,284,288,280,284,284,284,272,276,272,268,264,272,268,264,276,276,272,268,264,260,264,252,252,228,212,228,216,220,196,184,212,208,232,232,212,208,220,216,212,212,192,192,200,212,216,216,224
2026-09-15T22:00:00Z,228,232,148,64,188,192,200,220,216,196,200,172,252,264,296,284,292,292,280,288,272,276,280,276,288,284,280,276,276,272,260,256,264,264,268,264,260,260,248,264,264,288,248,228,216,244,220,200,204,236,228,208,200,220,196,212,220,200,188,200,200,216,208,212
2026-09-15T23:00:00Z,96,228,236,208,208,188,216,208,200,184,196,196,192,288,308,288,296,292,292,292,280,276,272,280,276,276,268,276,272,272,272,260,256,256,264,260,252,260,252,264,252,256,256,244,272,96,256,240,204,168,196,212,200,196,176,204,216,200,204,216,200,204,208,212
2026-09-16T00:00:00Z,184,144,228,92,196,180,192,216,192,196,188,192,192,160,304,296,300,300,288,272,284,276,272,268,264,268,268,276,272,260,268,268,248,140,244,252,236,256,272,256,268,264,260,220,284,240,160,228,208,196,220,216,216,240,228,204,192,196,196,204,196,208,216,216
2026-09-16T01:00:00Z,212,176,160,160,352,184,200,204,212,196,204,184,320,312,280,304,296,296,300,288,288,284,284,280,280,284,284,272,284,272,272,276,288,280,268,272,260,260,268,272,268,252,232,248,248,272,252,248,268,268,252,224,240,220,268,236,244,232,248,232,236,220,232,232
2026-09-16T02:00:00Z,304,244,300,304,188,184,192,208,208,200,192,160,204,156,204,300,296,304,296,296,284,288,292,284,288,284,288,288,280,284,276,264,260,272,248,252,248,268,268,264,268,276,276,264,212,288,256,292,260,252,268,256,288,224,252,224,256,272,256,256,236,256,220,292
2026-09-16T03:00:00Z,196,192,168,208,196,188,188,208,188,208,196,192,176,328,304,292,312,304,308,300,288,280,280,272,284,288,268,272,272,272,276,256,264,268,240,252,244,240,280,268,284,268,272,276,268,264,288,244,304,248,248,244,244,204,196,268,204,232,256,232,252,268,236,256
2026-09-16T04:00:00Z,180,152,236,260,156,188,188,200,204,196,192,192,176,284,316,308,296,316,304,288,288,292,284,276,272,276,268,276,272,272,268,276,280,272,264,252,268,276,244,264,244,268,272,312,264,268,252,252,252,264,236,284,260,276,228,224,268,272,236,256,232,204,232,216
2026-09-16T05:00:00Z,164,232,248,212,168,184,196,216,192,200,184,180,184,328,308,300,296,300,296,288,288,284,280,280,276,268,272,276,256,264,272,268,268,252,288,296,152,168,320,216,252,268,264,240,244,256,276,280,248,252,256,244,204,228,252,248,252,232,224,224,216,220,252,224
2026-09-16T06:00:00Z,248,244,236,216,200,180,180,212,196,196,172,164,200,152,292,316,308,312,300,284,288,284,288,280,280,260,268,264,264,260,260,264,256,272,264,248,268,252,244,256,248,252,252,240,256,248,212,240,224,216,244,156,252,232,240,180,136,276,232,272,188,240,220,216
2026-09-16T07:00:00Z,180,176,228,252,196,184,208,220,208,188,184,172,200,308,308,312,296,296,248,260,272,272,276,268,272,276,268,268,256,248,264,264,260,264,256,244,248,224,228,248,248,240,216,244,240,220,212,220,216,212,244,232,224,208,200,184,192,204,188,208,204,204,200,200
2026-09-16T08:00:00Z,176,180,244,240,240,184,192,208,204,204,160,184,180,156,312,300,304,292,304,284,280,272,272,276,264,260,256,252,260,260,264,260,264,264,248,244,248,236,244,240,220,252,236,224,224,236,224,224,204,220,220,212,228,212,204,208,216,208,208,220,220,220,216,192
2026-09-16T09:00:00Z,196,192,296,216,212,192,192,200,204,204,196,196,192,324,328,296,296,320,308,276,288,264,268,260,256,256,260,260,268,260,248,256,256,256,244,248,240,232,232,244,232,236,232,232,220,216,228,216,224,220,220,216,228,224,224,216,212,208,204,200,212,208,216,224
2026-09-16T10:00:00Z,216,208,264,200,188,188,192,224,208,204,196,184,208,316,176,328,304,300,304,292,280,276,276,268,268,260,260,272,256,256,268,260,260,264,256,244,248,248,248,248,240,240,232,236,240,236,224,228,228,224,224,224,228,220,224,228,224,220,216,220,232,236,236,228
2026-09-16T11:00:00Z,200,212,204,232,220,188,184,184,204,200,192,192,156,256,312,308,304,304,300,296,288,284,276,272,272,272,268,268,268,268,256,256,256,268,260,264,256,232,248,264,248,248,252,236,236,256,248,252,232,228,232,232,228,228,228,236,232,220,224,228,212,220,224,240
2026-09-16T12:00:00Z,60,48,236,236,232,172,192,208,224,184,200,200,236,308,308,292,304,316,300,296,300,280,272,268,272,272,276,280,276,276,264,268,256,268,264,256,252,248,256,244,252,256,256,260,252,252,244,248,240,264,244,240,236,228,216,216,220,228,232,232,228,240,240,224
2026-09-16T13:00:00Z,248,256,264,216,232,172,184,204,224,200,192,184,200,332,308,304,312,300,300,304,280,296,288,284,280,276,252,276,260,272,268,260,272,268,256,224,268,296,264,252,264,248,264,244,240,232,232,248,228,240,268,236,228,232,224,232,240,224,228,224,220,220,236,216
2026-09-16T14:00:00Z,184,204,80,124,240,188,172,200,200,208,192,192,180,180,160,296,304,304,300,304,300,308,288,288,288,284,292,272,268,264,256,276,260,260,264,276,256,272,248,260,244,256,252,244,240,240,248,232,252,236,220,228,224,232,236,240,232,236,240,236,232,228,228,236
2026-09-16T15:00:00Z,184,220,244,76,216,204,188,200,192,192,176,184,180,212,200,156,324,320,320,304,292,276,280,276,272,272,284,276,268,268,272,272,264,272,268,292,260,268,272,252,248,236,252,256,244,240,220,248,244,212,232,244,232,240,232,224,240,232,228,228,228,228,232,224
2026-09-16T16:00:00Z,136,152,260,304,164,168,176,172,192,188,192,200,204,188,156,188,176,332,320,304,296,284,292,276,288,276,280,268,276,260,252,264,256,256,264,248,256,260,264,272,216,232,248,260,284,260,264,172,236,228,236,232,240,248,228,208,216,216,216,228,220,220,228,208
2026-09-16T17:00:00Z,172,168,168,216,212,180,176,196,204,200,192,192,180,176,252,152,148,164,340,304,288,276,276,276,280,272,280,276,272,264,272,280,280,252,264,252,244,272,260,148,224,260,132,148,260,220,192,176,232,192,212,216,204,212,236,220,224,208,220,212,204,208,208,216
2026-09-16T18:00:00Z,192,208,112,224,200,172,168,196,200,204,188,180,224,200,172,200,160,180,216,288,280,276,288,276,272,276,272,276,260,268,260,272,276,276,264,256,256,256,256,256,264,240,240,264,212,224,204,180,208,172,216,204,204,188,196,204,200,208,192,204,216,208,216,208
2026-09-16T19:00:00Z,200,184,192,180,196,192,180,196,200,196,188,180,188,176,168,160,172,168,292,284,284,272,268,280,284,276,272,268,268,276,272,260,272,272,268,252,252,256,256,260,228,248,260,228,272,216,216,220,224,212,212,188,216,204,196,200,204,208,212,208,204,216,212,204
2026-09-16T20:00:00Z,164,188,240,176,204,184,172,208,228,192,188,180,176,176,184,180,156,228,328,280,276,284,288,288,284,284,276,276,272,264,256,268,276,264,252,256,252,260,252,252,264,256,228,252,256,236,220,224,224,212,216,216,220,192,212,220,216,212,208,216,220,216,208,208
2026-09-16T21:00:00Z,212,220,196,196,208,232,180,188,192,224,172,184,192,180,316,172,168,156,320,300,280,276,292,284,272,268,280,272,264,264,268,264,264,260,256,252,248,268,268,252,260,264,252,248,244,240,248,228,232,244,228,228,220,212,216,228,216,220,224,216,212,216,216,216
2026-09-16T22:00:00Z,172,244,228,140,196,216,180,180,196,192,192,184,168,188,152,184,152,148,304,296,296,284,296,284,276,280,280,272,272,264,276,272,260,276,252,268,260,264,264,256,252,240,252,248,236,236,252,236,240,248,240,240,236,236,240,240,236,240,240,240,244,236,244,248
2026-09-16T23:00:00Z,168,196,124,156,204,236,168,196,220,204,188,200,172,164,176,176,324,160,320,288,284,280,280,280,268,272,276,296,268,268,268,272,268,264,260,256,268,264,264,256,244,248,256,248,252,256,256,252,252,256,248,244,248,248,240,260,252,256,260,248,244,252,248,264
2026-09-17T00:00:00Z,196,224,252,136,248,152,180,188,208,180,184,180,176,200,180,168,152,156,184,216,304,292,296,292,296,288,288,272,272,284,284,268,272,260,268,260,256,256,256,276,272,268,268,256,264,256,268,264,264,252,236,252,284,248,256,244,252,232,268,284,248,256,252,272
2026-09-17T01:00:00Z,184,100,220,236,280,164,176,176,196,220,188,192,184,200,168,168,160,160,328,312,312,300,288,304,304,292,296,288,264,284,284,264,268,276,272,272,272,276,280,280,252,264,264,288,264,256,272,284,268,276,260,280,272,264,264,288,268,276,284,288,292,280,292,280
2026-09-17T02:00:00Z,260,108,292,316,232,144,176,192,232,208,188,192,176,176,184,208,176,324,312,300,308,296,308,308,296,288,316,300,292,292,280,280,268,276,268,272,276,272,268,284,288,272,280,264,240,268,272,264,276,280,276,256,276,252,268,272,276,276,284,268,0,276,288,276
2026-09-17T03:00:00Z,272,108,192,268,248,220,180,180,180,228,180,172,196,180,192,152,320,172,312,312,296,304,316,308,304,296,280,272,296,284,288,288,264,272,280,280,288,284,264,264,272,288,280,276,288,292,284,272,264,264,256,288,244,248,256,248,264,248,252,260,244,244,264,272
2026-09-17T04:00:00Z,108,260,336,168,208,156,180,188,192,196,172,176,176,188,180,160,180,312,320,304,308,304,296,304,292,300,300,288,276,284,284,288,288,300,304,304,292,276,280,284,288,272,272,268,304,312,280,276,272,332,284,256,16,268,272,256,316,316,264,280,284,260,248,260
2026-09-17T05:00:00Z,216,236,76,264,288,184,184,188,192,196,184,184,184,184,164,180,172,320,168,288,272,284,292,304,300,288,288,296,292,288,288,292,296,296,300,284,296,292,296,288,280,280,292,260,280,288,324,292,304,272,304,316,296,284,272,276,288,248,304,280,280,292,288,256
2026-09-17T06:00:00Z,144,128,116,128,176,152,180,180,184,196,196,188,188,180,188,180,180,168,320,308,300,296,284,288,296,292,304,300,296,292,300,292,316,316,308,296,280,280,308,308,296,336,320,296,328,276,268,292,284,300,304,336,240,292,296,296,320,320,224,292,288,288,308,260
2026-09-17T07:00:00Z,160,96,124,252,212,180,188,184,184,176,184,192,184,192,180,172,180,176,152,316,296,296,280,284,284,280,280,292,304,292,292,296,292,292,288,316,280,264,284,276,284,324,0,204,308,272,284,268,284,312,288,280,300,316,280,300,308,284,284,288,284,292,276,284
2026-09-17T08:00:00Z,200,248,128,120,220,184,184,180,192,200,184,176,180,164,184,176,160,176,308,312,296,276,280,280,284,280,292,288,284,284,292,284,288,292,300,292,252,276,264,280,288,280,292,304,304,192,268,264,260,296,320,288,288,288,276,292,284,288,300,292,308,280,300,272
2026-09-17T09:00:00Z,228,240,124,272,136,208,176,192,192,196,188,188,180,164,164,172,316,172,160,308,308,276,280,284,280,276,288,288,296,284,280,284,280,268,272,256,260,280,256,268,284,268,284,300,292,336,284,240,340,256,264,312,288,276,300,320,280,268,284,304,232,260,264,308
2026-09-17T10:00:00Z,172,100,288,120,204,184,168,188,180,192,192,184,184,168,176,272,164,164,152,328,264,276,276,280,288,288,284,276,292,296,288,296,272,272,260,280,280,264,268,272,268,256,260,272,264,288,264,256,268,268,252,256,280,252,244,248,272,328,324,276,320,284,316,260
2026-09-17T11:00:00Z,240,244,296,84,216,204,184,180,184,192,188,188,180,196,192,180,160,332,156,312,276,264,272,280,300,292,288,280,284,272,264,284,264,260,268,252,252,244,244,256,240,260,244,248,248,256,248,244,252,240,236,252,232,236,256,240,240,252,228,240,240,240,236,264
2026-09-17T12:00:00Z,240,260,108,248,260,256,184,184,184,192,188,184,184,204,324,184,160,324,320,308,280,280,276,276,280,268,280,280,288,288,276,292,272,276,268,256,264,260,248,256,260,256,256,264,260,244,240,244,244,252,244,232,256,244,260,252,256,240,264,244,264,204,244,260
2026-09-17T13:00:00Z,156,168,260,284,220,220,200,188,204,192,208,188,180,172,172,164,168,164,152,300,284,292,280,280,280,276,280,284,292,284,296,280,280,272,240,256,264,272,252,264,264,256,256,248,264,252,280,256,260,252,260,252,240,260,268,248,244,240,272,264,252,260,268,260
2026-09-17T14:00:00Z,276,272,276,264,232,288,188,184,188,192,184,184,184,164,184,188,164,156,312,284,296,288,276,280,280,288,292,280,296,276,304,292,284,268,268,260,272,268,272,272,252,260,276,300,264,264,264,292,268,244,264,248,264,260,256,260,284,288,292,280,280,280,280,288
2026-09-17T15:00:00Z,148,144,112,300,196,296,192,184,188,192,196,172,184,204,172,208,172,160,152,312,288,300,280,288,284,276,280,280,280,272,276,264,272,296,268,268,272,276,268,260,260,252,264,280,260,272,260,248,268,252,272,272,280,296,260,256,312,272,300,280,312,296,288,296
2026-09-17T16:00:00Z,148,296,144,120,236,188,188,188,188,184,180,180,176,180,180,172,184,180,156,320,304,304,292,288,284,288,296,300,288,292,280,288,264,288,292,272,276,248,236,252,260,260,244,272,288,320,280,324,300,292,288,280,320,300,288,296,292,320,320,336,324,312,324,340
2026-09-17T17:00:00Z,156,140,132,124,188,188,164,180,188,196,204,188,188,176,188,164,172,172,172,172,280,288,284,276,276,276,284,280,280,288,292,276,288,288,292,284,276,284,248,276,284,276,260,292,312,344,280,300,284,304,312,336,316,328,316,312,324,328,312,316,308,328,328,320
2026-09-17T18:00:00Z,168,308,144,172,208,172,172,180,188,200,192,172,180,184,176,176,164,168,176,168,284,292,296,288,280,288,280,276,292,288,284,288,288,280,312,308,288,304,292,284,312,288,292,304,320,304,280,280,320,308,308,304,324,312,316,312,316,316,316,308,316,328,312,312
2026-09-17T19:00:00Z,180,156,128,140,200,200,180,176,192,196,196,196,180,180,168,168,168,172,192,272,280,292,296,300,280,280,284,276,288,280,272,304,292,284,284,300,284,304,288,292,292,324,308,292,292,320,316,300,300,296,320,328,324,316,316,316,280,304,292,300,296,308,300,308
2026-09-17T20:00:00Z,224,252,156,152,212,196,188,180,184,180,212,176,184,188,176,176,164,332,164,156,288,288,280,288,288,280,268,276,292,300,284,276,292,320,296,320,296,300,308,348,252,344,308,316,320,308,336,324,324,332,336,308,320,320,312,308,312,300,296,300,324,300,296,296
2026-09-17T21:00:00Z,220,264,188,0,228,180,180,172,184,184,200,164,184,192,188,176,168,164,172,164,324,320,292,272,288,288,296,292,292,292,284,284,296,280,308,268,352,332,320,316,212,304,316,248,16,320,348,304,300,284,304,308,292,296,324,300,288,284,300,300,268,288,272,276
2026-09-17T22:00:00Z,232,224,240,228,200,192,156,176,188,200,180,196,176,192,188,172,180,176,172,336,304,312,308,296,276,284,288,292,300,284,272,288,280,300,300,308,312,332,280,304,308,284,4,312,300,292,300,300,300,288,296,268,280,276,304,304,304,292,292,292,272,272,300,292
2026-09-17T23:00:00Z,128,104,124,252,236,180,120,176,192,196,192,180,172,184,172,188,160,164,332,324,280,280,292,292,292,296,292,296,264,280,284,300,284,284,288,320,316,312,308,300,324,300,276,284,284,272,272,264,304,292,284,284,276,276,304,296,264,272,284,296,292,316,300,296
2026-09-18T00:00:00Z,176,188,252,100,164,204,180,176,180,188,188,168,188,188,172,172,160,160,164,324,300,280,292,272,288,260,284,296,292,288,320,304,292,340,312,292,316,320,324,316,280,288,284,312,296,260,272,296,284,260,300,288,284,288,288,308,320,296,292,296,280,260,288,284
2026-09-18T01:00:00Z,200,176,260,248,224,208,236,180,188,196,200,192,192,184,176,160,152,320,328,316,260,312,304,288,276,288,296,292,284,292,304,280,292,308,300,304,292,320,308,280,300,228,292,336,268,288,308,300,316,264,284,304,284,264,284,280,276,272,280,296,304,304,292,276
2026-09-18T02:00:00Z,240,236,268,96,248,212,212,184,188,184,180,188,192,184,188,220,328,260,172,304,320,288,284,268,280,276,296,300,296,304,300,296,288,320,312,288,316,276,272,324,316,272,268,288,280,268,280,280,312,288,304,272,296,316,344,264,276,276,248,316,280,296,316,296
2026-09-18T03:00:00Z,236,260,256,236,204,244,164,184,188,196,192,184,188,184,208,208,320,312,292,320,300,292,296,272,264,280,288,284,272,280,284,280,296,304,284,284,304,312,320,328,296,296,260,296,304,232,268,268,320,236,280,228,268,292,280,304,304,308,324,244,336,316,276,308
2026-09-18T04:00:00Z,284,160,220,244,148,200,184,172,188,192,192,196,192,192,204,176,316,288,320,324,308,288,300,284,292,268,256,276,276,276,284,300,272,268,288,292,292,312,340,284,268,300,320,332,292,300,324,280,284,264,236,256,332,340,256,320,300,264,288,304,332,348,16,240
2026-09-18T05:00:00Z,136,304,280,144,216,216,184,184,184,184,192,180,176,184,196,164,164,324,320,304,284,292,284,284,276,280,280,288,288,280,284,280,296,308,308,324,308,312,312,320,320,328,312,220,356,336,336,340,300,344,344,324,328,316,8,292,316,308,260,4,296,324,320,300
2026-09-18T06:00:00Z,272,248,124,108,200,216,200,184,176,192,184,188,188,188,180,188,316,312,320,288,296,296,288,284,276,288,280,284,276,252,276,280,292,288,312,316,296,316,268,320,324,320,308,288,268,328,284,272,284,324,328,304,328,12,348,348,352,4,340,320,268,276,312,316
2026-09-18T07:00:00Z,164,180,296,300,184,160,228,172,184,192,180,208,192,200,180,172,320,300,320,316,296,288,292,288,292,280,284,288,280,304,300,288,288,316,320,312,324,280,268,320,304,264,224,328,340,352,356,296,308,316,312,292,344,196,192,324,296,340,324,348,240,316,300,308
2026-09-18T08:00:00Z,180,176,280,220,212,220,188,180,188,188,180,192,176,180,176,184,328,312,304,292,304,296,288,284,276,280,280,276,288,292,288,308,308,284,320,304,288,280,312,320,320,336,316,312,304,296,340,324,308,348,312,352,320,320,324,296,340,340,352,352,332,328,324,308
2026-09-18T09:00:00Z,216,204,144,164,236,208,212,192,176,188,192,204,184,188,188,168,160,332,312,296,304,296,288,292,284,288,288,272,292,288,296,284,260,284,280,288,312,292,236,292,320,232,284,320,324,332,332,304,268,244,308,232,332,324,200,324,312,328,320,340,336,296,332,332
2026-09-18T10:00:00Z,292,296,196,252,204,236,184,180,192,196,204,160,188,216,184,172,328,312,320,316,320,296,280,284,284,288,288,272,276,272,300,296,296,268,268,296,292,276,276,264,292,292,244,180,196,228,276,316,288,352,208,356,220,224,256,308,308,296,300,276,268,296,288,288
2026-09-18T11:00:00Z,236,248,280,120,204,216,220,164,188,188,192,192,188,176,196,160,308,300,296,312,300,300,288,284,280,276,268,272,276,276,276,280,276,272,292,284,264,268,276,276,272,256,272,304,288,264,224,200,244,256,304,220,212,244,284,308,288,276,276,292,308,320,336,300
2026-09-18T12:00:00Z,204,216,248,264,224,208,204,180,188,192,196,192,180,180,212,180,156,304,308,304,288,296,284,276,272,276,276,268,272,276,276,272,288,272,280,244,240,268,280,276,272,292,260,268,252,244,244,244,256,248,232,244,228,248,288,268,276,256,272,272,284,348,308,304
2026-09-18T13:00:00Z,152,300,160,252,184,216,204,188,180,188,184,184,172,188,192,196,168,300,304,304,288,280,284,272,268,272,272,272,268,264,276,284,272,272,280,256,272,260,276,288,280,240,264,256,244,260,232,240,236,272,268,252,232,236,260,248,240,272,304,276,296,332,348,344
2026-09-18T14:00:00Z,208,212,248,240,244,204,200,188,188,196,192,204,184,196,196,192,164,320,304,304,296,284,284,292,268,260,272,268,268,268,280,288,284,276,276,272,264,268,268,272,260,176,252,252,252,252,276,244,244,236,208,232,268,256,228,264,240,280,264,236,268,232,232,316
2026-09-18T15:00:00Z,216,232,256,224,224,220,228,188,188,196,192,192,208,172,176,188,304,316,304,284,296,284,284,284,276,276,272,264,260,268,272,276,252,276,268,252,264,260,260,260,264,248,256,248,256,248,268,256,256,292,260,272,280,264,244,252,204,208,192,248,260,216,208,200
2026-09-18T16:00:00Z,192,196,232,204,216,204,216,200,188,196,200,184,192,184,180,196,148,288,268,272,300,288,284,280,272,268,268,268,280,276,276,268,284,284,256,260,260,256,252,228,188,276,276,244,284,284,280,300,200,268,268,272,288,304,268,240,252,296,260,280,260,208,212,4
2026-09-18T17:00:00Z,224,216,244,256,236,224,228,180,196,184,188,188,192,180,192,188,312,300,300,296,304,280,284,272,276,280,272,276,276,260,260,264,264,252,256,244,280,260,252,264,276,264,244,264,268,260,296,168,232,244,248,216,240,212,320,260,256,256,192,240,256,260,204,264
2026-09-18T18:00:00Z,240,228,244,236,236,220,236,192,184,192,192,188,196,184,204,192,312,312,308,300,280,292,296,288,296,288,276,280,276,264,264,260,256,244,264,260,244,252,232,216,288,252,236,240,240,240,232,240,196,236,244,244,256,256,216,312,236,256,272,296,280,284,268,312
2026-09-18T19:00:00Z,220,204,156,208,200,212,216,192,184,192,200,204,196,188,180,188,328,300,316,276,284,292,272,280,276,284,280,268,288,284,268,284,276,264,224,228,216,248,252,244,256,256,248,256,232,224,200,224,176,212,224,240,240,232,240,228,228,200,220,212,220,256,260,260
2026-09-18T20:00:00Z,236,256,256,268,180,220,236,180,184,196,184,184,184,180,156,160,180,328,292,288,280,276,284,280,280,276,276,276,288,276,272,272,268,264,244,252,268,288,272,276,252,240,244,228,240,232,256,264,240,224,200,288,284,256,260,0,224,260,252,272,296,32,232,296
2026-09-18T21:00:00Z,228,224,280,144,104,208,220,184,192,204,184,192,208,200,196,236,320,292,268,276,272,288,276,284,280,280,272,296,288,276,280,284,256,268,276,276,272,252,256,256,260,244,240,260,256,252,264,276,252,240,256,264,284,272,284,272,276,276,256,276,256,284,288,276
2026-09-18T22:00:00Z,240,236,300,276,236,212,140,176,176,192,188,184,192,156,196,184,312,312,280,284,292,292,280,292,288,272,276,272,280,268,276,288,260,260,272,268,264,248,268,240,252,232,244,236,244,240,248,248,236,264,252,264,248,236,268,280,260,324,296,312,288,276,280,296
2026-09-18T23:00:00Z,244,240,264,132,228,200,256,168,172,196,188,188,176,220,168,156,308,304,304,280,280,292,284,284,284,284,280,272,268,276,272,260,272,268,268,260,256,256,260,264,256,252,232,272,256,248,252,232,240,248,228,344,208,232,232,260,260,264,264,240,256,284,304,332
2026-09-19T00:00:00Z,204,224,272,256,204,212,236,200,188,188,200,196,200,168,168,316,296,308,304,288,284,292,292,284,280,276,272,276,272,264,256,264,280,296,264,272,260,272,252,264,280,252,240,248,248,240,248,264,260,272,280,272,272,276,272,284,296,276,272,292,288,272,292,308
2026-09-19T01:00:00Z,240,252,84,260,284,232,264,124,204,192,188,196,164,188,156,284,296,304,292,284,296,292,284,284,276,264,268,272,280,272,276,272,272,272,264,276,284,264,272,268,260,260,252,264,280,284,276,268,276,276,244,292,288,272,284,288,296,296,300,280,248,320,296,292
2026-09-19T02:00:00Z,352,296,272,276,232,228,216,216,172,172,188,192,176,200,192,228,300,296,292,288,292,292,296,292,280,288,272,280,292,280,264,264,264,276,272,280,272,276,268,276,276,276,284,284,280,272,268,264,264,288,292,264,276,300,272,264,280,252,284,292,284,308,292,268
2026-09-19T03:00:00Z,228,248,244,284,76,208,228,148,176,184,192,208,184,188,216,180,300,300,300,300,296,288,292,292,284,276,280,276,276,276,276,272,284,288,272,268,268,256,300,296,284,288,268,288,264,268,284,268,292,292,308,292,296,324,292,292,320,308,296,284,304,304,292,300
2026-09-19T04:00:00Z,192,176,236,216,192,192,208,260,168,188,184,188,196,192,196,312,304,300,296,296,296,284,284,284,288,292,280,284,280,288,288,284,300,280,284,280,288,264,268,288,276,252,248,312,292,264,268,284,292,300,292,272,304,304,316,312,0,292,280,340,284,304,320,296
2026-09-19T05:00:00Z,192,284,132,248,188,196,204,196,188,192,188,196,192,192,196,228,300,296,284,284,288,288,288,292,284,280,284,288,288,300,292,292,280,292,272,276,296,288,304,276,268,276,264,284,316,292,320,308,240,264,284,328,312,304,304,272,300,300,336,316,320,328,348,324
2026-09-19T06:00:00Z,212,208,256,240,220,232,212,224,180,188,184,204,192,188,180,176,312,296,292,296,284,284,284,284,284,280,284,296,280,280,280,284,288,284,280,292,284,300,312,276,276,276,296,272,268,268,296,272,288,284,308,272,276,336,324,272,332,284,296,288,328,244,296,316
2026-09-19T07:00:00Z,244,260,136,220,228,196,220,212,160,188,188,180,200,192,168,184,300,300,300,296,288,284,280,284,292,284,280,284,284,280,276,284,280,276,268,272,280,280,288,272,280,284,268,308,260,280,296,272,340,276,292,276,308,252,280,348,336,320,4,328,280,336,324,300
2026-09-19T08:00:00Z,256,268,108,272,208,208,220,204,172,180,192,180,200,180,164,228,300,296,288,288,292,288,292,284,280,288,292,276,272,264,272,292,276,292,264,272,280,292,288,288,284,272,272,328,348,264,204,308,272,260,288,280,296,316,296,300,320,328,332,328,308,300,308,316
2026-09-19T09:00:00Z,284,276,280,288,268,216,200,208,188,184,184,188,184,204,196,300,296,296,280,284,284,284,288,288,284,276,280,280,272,268,284,288,280,264,284,276,268,264,264,292,268,248,272,272,200,280,332,320,312,292,304,192,192,300,300,272,312,308,316,304,320,308,308,320
2026-09-19T10:00:00Z,144,292,260,272,116,212,220,224,188,188,192,160,196,196,220,316,300,300,300,292,288,284,284,284,276,272,280,280,280,272,280,284,272,280,260,292,256,340,280,276,288,288,276,304,284,288,284,244,320,332,328,300,324,328,316,260,320,296,308,324,356,316,320,320
2026-09-19T11:00:00Z,264,136,260,264,216,212,216,200,192,188,192,196,200,196,188,276,296,300,292,292,288,284,280,280,284,276,276,264,268,280,280,280,272,264,268,276,240,268,268,272,260,336,244,236,188,212,272,348,216,224,316,340,344,216,280,212,308,264,292,272,300,308,308,284
2026-09-19T12:00:00Z,208,240,276,280,244,216,212,204,196,192,184,184,188,196,312,280,296,296,288,292,292,284,280,284,276,272,280,272,264,272,276,280,272,292,284,272,268,276,280,280,256,336,308,236,248,260,304,304,332,344,292,264,356,356,320,260,268,288,288,304,304,312,340,308
2026-09-19T13:00:00Z,192,276,288,284,224,204,216,200,200,188,200,184,208,200,208,304,292,292,288,292,288,288,284,280,280,276,276,276,280,276,280,284,284,272,272,276,280,284,292,284,284,288,276,272,284,304,304,300,268,284,320,292,304,276,284,292,164,336,336,188,356,328,140,172
2026-09-19T14:00:00Z,240,236,220,288,236,188,216,232,188,180,188,192,188,188,188,256,300,288,288,284,288,284,280,284,276,280,280,276,276,276,292,284,276,268,280,280,276,276,296,300,280,304,288,288,296,300,288,260,284,308,316,288,304,336,336,144,308,320,284,316,144,316,316,172
2026-09-19T15:00:00Z,164,156,276,272,288,200,220,216,184,188,188,184,192,200,164,176,292,284,288,288,284,284,288,288,280,280,280,284,292,284,288,272,284,288,268,296,300,268,256,300,308,288,308,272,208,320,300,280,248,104,196,272,216,144,280,272,304,164,276,256,232,288,124,144
2026-09-19T16:00:00Z,192,216,144,148,232,208,204,188,180,184,188,184,176,188,192,276,280,284,284,284,288,288,288,288,280,288,288,276,288,288,284,276,288,296,292,272,260,292,272,280,272,284,284,284,140,272,304,164,268,160,280,260,176,128,268,224,208,168,160,320,348,192,188,188
2026-09-19T17:00:00Z,168,152,336,340,172,200,176,216,184,192,180,188,180,168,188,212,296,284,280,280,280,280,292,284,284,284,292,292,280,288,284,284,148,312,296,284,292,280,296,288,288,108,156,284,288,296,252,248,316,224,264,244,68,120,276,184,160,236,272,192,240,316,300,244
2026-09-19T18:00:00Z,196,172,164,192,204,208,208,204,176,192,192,180,180,196,192,196,288,288,280,272,276,280,284,288,280,276,280,272,276,288,288,272,284,284,272,244,284,296,260,268,292,76,68,252,216,216,220,224,196,76,244,264,268,236,240,188,216,236,276,176,192,156,192,232
2026-09-19T19:00:00Z,204,232,216,172,164,192,192,240,176,184,188,204,196,184,196,192,292,284,280,280,280,272,280,276,280,284,276,268,292,264,276,284,264,264,264,228,204,264,264,260,236,256,252,260,264,180,180,212,180,140,168,148,188,220,232,224,220,288,180,204,208,208,204,276
2026-09-19T20:00:00Z,80,128,240,268,224,212,220,228,176,184,192,200,196,192,188,196,288,284,284,280,288,280,284,280,276,284,276,288,272,276,276,272,280,268,272,284,252,248,248,240,244,272,288,204,224,220,216,200,192,232,200,168,196,240,220,200,204,216,208,232,208,240,300,276
2026-09-19T21:00:00Z,152,148,196,36,216,128,220,236,140,176,184,192,192,188,196,192,288,288,288,284,276,284,288,276,272,280,268,272,280,264,264,280,260,248,260,260,256,264,248,260,256,260,248,240,276,228,244,232,236,240,232,228,240,240,248,244,212,248,248,268,256,256,252,264
2026-09-19T22:00:00Z,228,228,292,56,212,236,224,220,196,168,176,192,188,188,200,180,284,292,292,288,284,288,292,288,292,288,280,284,280,272,272,264,268,244,248,240,248,256,268,256,260,244,252,252,232,252,260,248,248,244,256,248,268,244,244,256,264,244,284,260,268,264,256,260
2026-09-19T23:00:00Z,236,224,208,212,252,188,204,216,208,188,192,188,192,192,168,292,284,284,292,296,288,288,284,284,292,292,284,280,268,276,272,264,252,268,260,288,284,244,276,260,260,256,260,252,248,260,260,256,264,260,252,252,256,256,264,256,256,252,264,276,256,256,252,260
2026-09-20T00:00:00Z,244,256,248,220,228,212,212,232,200,180,204,188,196,204,192,188,292,296,292,288,284,284,280,276,272,268,272,284,284,276,260,268,288,268,256,268,248,272,252,264,256,252,280,256,200,272,280,252,264,276,248,284,268,240,260,252,276,280,284,284,272,276,280,268
2026-09-20T01:00:00Z,220,240,224,232,72,200,176,252,160,184,176,208,192,184,192,180,292,288,292,284,280,280,280,280,272,268,276,276,276,276,288,272,276,268,256,284,268,260,252,260,260,264,280,264,264,264,268,268,248,244,260,260,276,260,264,264,260,260,264,264,260,284,276,248
2026-09-20T02:00:00Z,148,264,28,292,248,196,208,224,164,188,184,196,196,188,192,304,292,292,292,288,284,280,280,280,276,284,288,280,268,284,272,268,268,288,276,268,276,260,276,280,288,264,256,260,268,292,288,284,296,300,280,300,300,272,292,280,260,276,268,276,276,316,288,268
2026-09-20T03:00:00Z,248,244,184,260,220,220,212,212,228,196,192,188,180,196,200,248,296,292,288,288,280,280,280,280,280,280,272,284,268,292,272,264,256,268,264,268,280,260,272,272,276,252,236,264,248,264,244,248,276,268,308,284,340,224,208,276,256,256,260,244,292,248,232,220
2026-09-20T04:00:00Z,168,160,188,188,224,216,208,208,188,188,188,188,192,196,180,324,292,288,292,292,284,276,292,288,292,280,284,284,288,284,276,272,276,272,280,288,292,276,268,280,316,272,292,224,268,260,280,300,340,292,272,280,196,268,292,288,216,280,256,268,356,288,328,284
2026-09-20T05:00:00Z,172,196,272,236,288,216,204,212,184,180,180,192,192,188,200,160,292,288,296,292,288,284,292,284,284,284,276,264,252,288,260,276,252,252,248,260,272,284,260,260,264,272,296,312,268,236,292,272,272,256,280,228,208,252,272,312,244,264,312,292,276,276,280,288
2026-09-20T06:00:00Z,224,252,248,236,240,204,232,216,220,188,192,192,184,188,220,156,288,292,288,296,288,292,288,292,276,280,288,292,272,276,284,280,272,276,252,268,276,304,272,260,220,188,272,268,312,300,228,256,276,252,268,276,252,324,180,292,280,300,296,220,352,316,296,304
2026-09-20T07:00:00Z,248,256,272,244,284,188,224,212,212,172,188,188,200,196,188,160,296,300,292,288,288,288,288,284,284,284,264,264,272,268,272,276,268,244,240,244,280,220,236,260,268,240,304,272,304,312,276,284,244,248,256,356,324,268,320,308,256,336,264,300,308,288,296,284
2026-09-20T08:00:00Z,292,292,288,280,244,216,216,224,204,200,196,192,204,192,184,164,296,296,296,296,292,296,280,280,280,284,284,280,272,272,272,276,256,292,272,260,240,252,308,280,292,248,264,256,284,304,268,180,300,292,216,296,276,316,320,288,276,276,284,288,284,300,300,300
2026-09-20T09:00:00Z,268,276,284,296,176,208,216,216,208,176,188,192,196,200,180,152,292,296,300,300,292,292,276,276,276,276,272,276,268,276,280,272,272,284,280,300,228,184,308,260,276,272,292,316,292,280,256,304,180,288,176,344,316,292,328,324,288,268,312,288,284,328,320,268
2026-09-20T10:00:00Z,256,276,288,260,272,232,168,208,188,180,192,188,200,192,184,228,292,296,300,296,288,284,280,284,288,284,272,280,276,276,272,280,288,304,292,276,292,264,272,276,296,292,272,324,316,292,284,300,332,316,244,336,184,180,240,236,204,208,356,344,304,296,288,204
2026-09-20T11:00:00Z,232,240,116,248,224,208,204,212,208,172,192,192,184,196,196,264,296,292,296,292,292,288,288,276,272,284,276,284,296,276,288,296,292,284,288,280,276,304,296,300,220,232,172,336,292,288,324,292,312,328,312,348,168,284,252,172,256,324,320,288,228,332,304,152
2026-09-20T12:00:00Z,268,260,276,296,192,220,216,220,200,192,184,196,184,192,184,300,296,296,300,292,288,292,284,272,268,276,272,276,276,272,272,276,276,292,296,284,276,272,252,236,268,260,252,256,268,168,304,224,268,304,164,244,340,248,176,340,164,168,196,196,304,160,160,284
2026-09-20T13:00:00Z,204,136,284,212,248,212,204,216,188,180,180,192,188,196,168,156,292,292,292,288,288,288,288,284,276,280,276,276,272,272,276,280,300,296,308,244,256,280,316,236,256,276,244,232,328,216,208,208,272,252,208,216,196,204,204,220,212,200,196,180,184,188,216,188
2026-09-20T14:00:00Z,192,156,264,284,256,208,196,196,192,176,184,188,180,184,188,180,288,292,292,284,292,296,284,280,272,272,280,288,300,284,268,264,280,292,280,292,252,228,260,252,212,296,248,268,260,224,240,240,220,176,228,156,208,180,192,232,200,188,204,212,176,232,196,196
2026-09-20T15:00:00Z,232,240,284,124,300,200,224,220,204,176,184,180,188,188,176,324,284,288,288,292,288,292,284,284,292,284,272,268,276,268,268,264,268,280,276,264,268,252,272,272,228,216,228,168,196,236,204,176,248,260,220,208,272,240,160,196,204,208,184,204,264,208,208,224
2026-09-20T16:00:00Z,172,176,124,220,216,192,220,216,184,184,188,184,196,188,188,176,272,296,288,284,276,284,288,288,288,284,268,268,276,284,256,260,272,264,256,200,248,244,236,268,216,168,184,236,232,252,212,236,288,164,204,160,176,156,136,188,180,132,180,184,200,192,188,164
2026-09-20T17:00:00Z,264,284,276,144,292,216,204,200,224,156,192,196,180,188,200,208,296,288,288,280,276,288,288,288,288,268,268,280,272,248,256,252,252,268,288,284,240,252,248,240,232,240,236,264,172,152,216,48,80,248,264,260,256,268,240,116,140,148,164,176,148,216,164,188
2026-09-20T18:00:00Z,256,272,256,292,264,220,208,220,208,188,184,188,184,196,180,248,280,284,288,292,288,284,288,288,288,272,272,276,284,272,260,260,256,268,280,252,228,248,268,260,264,320,164,144,260,288,292,132,316,244,256,268,280,264,156,172,260,248,164,220,92,152,140,180
2026-09-20T19:00:00Z,268,276,284,104,280,220,188,220,212,188,188,192,208,192,200,160,296,284,284,284,284,284,288,284,284,280,276,280,288,288,276,260,280,276,272,268,264,236,244,256,268,256,224,240,256,252,264,248,232,244,232,200,288,188,216,204,200,160,352,172,200,216,180,208
2026-09-20T20:00:00Z,272,280,276,296,240,228,188,208,204,192,184,192,196,192,180,244,292,300,288,284,288,288,292,284,292,288,276,280,280,280,280,276,272,268,288,284,284,276,292,284,292,264,268,232,264,260,260,264,280,280,216,204,232,328,0,188,324,204,208,304,204,180,204,228
2026-09-20T21:00:00Z,216,228,164,132,252,224,200,232,228,180,184,184,192,188,320,260,296,288,288,280,280,280,288,292,284,264,276,292,284,284,304,276,284,280,304,272,276,288,268,284,256,248,260,276,288,328,340,352,352,328,232,212,284,264,248,212,324,208,336,316,304,236,244,316
2026-09-20T22:00:00Z,276,316,140,296,288,172,224,212,216,184,180,188,184,188,184,172,300,296,288,280,280,280,284,280,280,276,292,280,276,280,280,312,304,284,292,272,288,296,276,288,292,300,128,320,132,320,148,320,272,292,312,296,284,236,304,336,332,332,304,208,332,256,192,176
2026-09-20T23:00:00Z,316,140,296,116,320,184,204,216,212,160,176,196,188,200,204,160,296,292,292,288,288,280,284,284,292,288,284,280,280,284,288,288,284,292,296,288,264,284,292,288,292,280,284,276,256,280,324,236,292,328,280,292,308,296,288,288,288,288,288,284,284,272,276,280
2026-09-21T00:00:00Z,120,120,288,284,124,228,200,200,204,176,188,184,192,184,212,212,296,288,292,292,296,296,288,288,280,284,284,272,280,288,284,276,264,276,276,256,296,280,280,296,284,260,232,272,276,276,268,292,284,276,280,288,272,264,272,276,280,288,280,272,272,268,280,264
2026-09-21T01:00:00Z,228,224,276,132,204,212,224,220,220,180,188,200,176,184,176,320,292,304,304,288,284,280,280,268,280,284,280,280,272,276,280,308,280,288,244,264,280,260,256,272,280,280,272,268,264,268,268,264,256,268,280,260,256,272,268,272,260,280,284,256,252,276,264,264
2026-09-21T02:00:00Z,164,176,224,240,204,204,212,212,212,184,192,184,188,184,184,152,296,292,296,288,284,284,284,268,276,280,284,276,272,276,276,288,292,284,268,268,244,268,276,284,264,260,260,244,252,264,264,248,244,268,252,260,284,268,264,228,256,260,268,264,268,256,252,256
2026-09-21T03:00:00Z,220,220,228,212,208,224,212,208,212,200,188,196,196,188,188,188,292,292,300,284,284,276,280,272,268,268,268,268,268,276,236,244,252,264,280,288,256,264,228,272,248,260,240,240,240,248,240,248,232,244,268,244,224,212,248,232,256,232,248,324,292,340,256,272
2026-09-21T04:00:00Z,220,188,248,232,240,212,216,216,216,196,192,188,184,212,192,160,296,296,292,288,284,280,272,272,272,272,272,256,264,268,260,260,264,244,260,252,216,260,276,268,264,260,232,244,244,252,304,256,256,256,240,264,256,252,228,248,288,252,244,172,320,236,260,272
2026-09-21T05:00:00Z,228,236,256,264,256,192,204,208,188,188,176,184,192,176,192,188,300,296,288,288,284,276,268,268,268,272,268,264,260,272,248,252,252,252,248,264,272,292,260,248,272,4,220,176,240,252,256,236,244,260,320,220,336,240,208,176,240,216,244,264,228,264,264,248
2026-09-21T06:00:00Z,244,252,272,244,244,216,228,208,228,172,176,184,196,188,168,164,288,296,288,284,284,280,276,276,272,264,268,264,256,268,252,264,260,264,248,252,256,272,268,280,244,244,196,264,232,272,248,260,236,236,264,256,208,228,232,248,256,184,240,272,268,248,220,252
2026-09-21T07:00:00Z,256,252,272,256,256,124,220,192,212,184,184,200,184,188,184,312,296,292,296,292,292,284,276,272,268,272,268,272,284,276,272,268,268,276,292,280,284,260,292,264,268,276,284,236,276,272,252,256,236,256,304,300,308,216,268,308,256,248,320,356,192,336,236,260
2026-09-21T08:00:00Z,228,220,272,284,228,184,212,208,204,176,176,192,196,184,196,188,300,296,296,288,288,284,272,284,276,284,280,272,264,280,284,276,284,292,284,280,280,272,268,300,312,308,248,200,256,224,308,340,292,260,292,304,188,192,348,256,240,280,260,248,200,280,212,312
2026-09-21T09:00:00Z,228,256,288,248,124,224,268,212,212,180,184,196,188,180,200,180,292,296,296,288,288,280,296,288,284,280,272,272,272,268,280,292,276,284,292,284,272,252,268,264,280,284,288,284,284,300,304,280,272,304,344,312,188,284,292,284,260,276,304,312,248,184,252,232
2026-09-21T10:00:00Z,260,252,252,252,232,228,224,200,236,188,188,188,180,188,172,304,296,292,292,292,284,284,292,284,280,284,288,276,288,280,280,284,292,280,284,284,292,276,288,296,264,324,284,308,296,284,312,264,256,268,284,288,308,288,248,320,272,256,252,268,256,256,252,256
2026-09-21T11:00:00Z,236,232,248,228,232,216,228,220,224,184,184,184,180,196,180,192,304,296,296,292,292,288,292,284,284,284,284,284,288,276,288,288,296,284,272,288,296,284,276,284,292,296,280,280,268,256,284,288,300,284,284,308,276,300,300,312,320,272,280,284,264,228,252,256
2026-09-21T12:00:00Z,244,256,232,260,228,224,216,208,232,224,192,188,196,196,188,192,300,296,296,292,292,292,284,280,284,284,284,276,272,272,272,284,300,300,288,272,288,292,268,240,248,268,272,296,272,216,280,248,256,248,248,256,232,284,260,264,284,240,248,248,268,256,256,236
2026-09-21T13:00:00Z,228,232,244,248,236,228,216,216,216,224,164,172,188,188,200,184,292,296,284,288,288,276,280,280,280,280,268,268,264,268,272,276,276,264,280,280,272,236,256,256,236,272,260,240,248,248,252,236,264,256,260,252,256,248,240,272,248,248,272,264,252,252,256,256
2026-09-21T14:00:00Z,244,260,76,256,248,220,224,220,224,224,180,180,184,192,188,148,160,296,292,288,284,284,276,268,280,280,280,276,280,292,280,276,284,276,272,280,256,272,264,268,240,248,264,272,248,252,248,248,240,264,264,256,228,240,244,240,272,252,260,252,248,236,240,256
2026-09-21T15:00:00Z,280,104,268,268,252,256,212,208,228,232,180,176,188,188,188,196,148,292,288,288,280,288,288,276,280,284,276,268,264,264,272,264,264,272,276,280,292,272,268,288,272,244,252,276,236,240,240,240,236,244,244,240,260,252,256,252,256,264,252,244,236,232,252,256
2026-09-21T16:00:00Z,320,140,208,108,308,176,212,220,228,204,180,180,204,192,196,212,156,292,280,292,276,280,272,272,260,264,268,260,264,276,272,268,256,260,272,272,276,256,240,264,272,260,288,252,260,200,256,220,240,264,236,252,260,232,248,260,248,260,252,252,236,244,232,240
2026-09-21T17:00:00Z,248,268,196,276,160,200,212,224,212,200,192,176,192,196,180,148,148,296,288,284,284,276,272,264,268,268,272,276,264,268,276,256,296,268,288,276,268,276,256,248,228,260,268,252,248,240,252,232,244,236,248,236,248,244,244,244,256,256,252,252,244,240,244,252
2026-09-21T18:00:00Z,208,272,280,288,188,204,216,208,224,188,172,176,188,188,208,188,316,292,292,288,284,280,268,260,272,260,256,268,272,268,260,280,260,268,340,272,284,272,264,248,252,252,256,240,236,216,236,244,244,232,240,244,224,252,240,248,216,240,236,244,252,244,248,256
2026-09-21T19:00:00Z,132,104,308,300,172,152,212,204,208,200,180,180,184,184,180,160,276,292,288,292,288,280,280,276,276,264,260,256,260,260,260,280,268,248,264,264,256,248,232,180,292,248,252,252,248,232,236,244,248,264,292,272,268,256,256,260,244,228,236,240,256,268,244,252
2026-09-21T20:00:00Z,196,220,240,204,204,212,196,216,204,212,180,176,188,192,188,184,144,288,284,272,276,280,260,256,256,260,260,256,256,256,256,264,264,272,300,292,236,236,252,272,272,260,244,232,208,244,220,236,184,196,184,172,176,296,160,252,240,232,240,232,248,240,224,244
2026-09-21T21:00:00Z,224,204,236,204,244,196,192,212,208,196,176,180,188,180,184,176,308,292,284,292,280,272,264,268,260,256,256,256,256,264,260,252,276,232,248,244,244,264,252,248,216,220,216,332,332,204,208,280,240,192,240,204,224,240,216,200,216,228,240,244,252,276,260,240
2026-09-21T22:00:00Z,244,272,124,164,296,212,220,212,204,184,184,184,184,188,196,184,164,304,288,284,276,284,264,268,268,272,264,256,256,256,248,244,244,288,248,232,220,216,220,356,200,220,204,216,44,36,208,232,172,212,192,164,176,224,184,268,260,304,276,232,216,236,260,248
2026-09-21T23:00:00Z,228,268,260,152,188,204,208,204,216,216,192,188,192,196,188,164,304,296,292,292,268,260,268,268,268,264,260,256,256,252,248,260,256,236,260,260,212,216,216,284,280,256,220,224,224,320,336,256,296,260,252,256,264,276,252,256,268,264,260,256,264,248,268,264
2026-09-22T00:00:00Z,252,272,228,268,252,252,196,204,220,200,192,188,176,216,204,188,144,296,292,288,276,276,272,268,272,268,272,276,280,260,260,252,248,248,244,252,240,240,240,232,244,252,244,248,252,252,248,252,252,260,268,260,260,256,248,248,276,288,272,276,272,268,252,248
2026-09-22T01:00:00Z,268,264,260,300,248,232,208,216,224,216,184,184,180,200,180,188,320,292,296,288,280,280,272,280,276,280,276,272,264,252,256,252,248,252,256,248,256,252,256,256,264,272,268,264,248,260,260,252,260,264,268,248,264,268,276,276,272,292,284,276,284,288,276,272
2026-09-22T02:00:00Z,260,168,252,264,228,224,200,212,220,236,172,184,196,180,196,168,312,296,292,292,288,272,272,268,276,276,276,268,264,260,260,252,256,256,252,244,256,232,236,248,252,248,248,256,256,268,252,268,260,264,252,248,264,260,284,236,252,256,256,272,284,300,256,260
2026-09-22T03:00:00Z,208,204,244,200,268,268,208,220,212,228,188,180,172,188,192,168,160,304,300,296,292,280,288,288,280,264,276,272,260,268,268,260,268,272,256,252,260,264,280,252,256,188,236,232,248,256,280,244,272,308,232,344,256,316,296,272,276,276,284,268,272,280,280,308
2026-09-22T04:00:00Z,240,272,332,92,328,260,224,216,212,220,188,184,184,196,188,164,328,288,288,284,284,284,288,284,280,288,292,288,296,288,276,292,276,276,280,276,288,272,276,256,280,268,268,268,252,268,284,256,260,264,244,280,336,272,248,312,204,292,320,320,316,308,292,320
2026-09-22T05:00:00Z,280,304,264,292,112,188,216,208,224,216,188,172,184,184,184,180,328,296,296,288,284,296,284,288,284,292,280,280,284,280,292,288,280,288,272,292,288,300,308,300,300,300,324,292,280,304,308,312,292,276,328,320,324,312,296,272,296,308,324,296,308,312,320,304
2026-09-22T06:00:00Z,248,256,268,216,264,236,204,232,208,240,164,180,180,180,188,180,148,296,292,288,288,284,280,284,280,280,288,284,292,284,276,276,280,296,284,288,276,276,252,276,264,300,272,284,340,292,264,288,292,296,312,312,280,328,8,324,296,312,324,324,340,300,324,292
2026-09-22T07:00:00Z,268,352,292,248,280,256,208,200,208,232,192,180,184,188,176,180,284,280,288,292,288,284,288,288,280,280,284,280,284,288,292,292,280,268,260,276,284,284,284,280,276,284,284,284,268,264,276,300,292,292,352,240,308,348,316,320,356,312,292,304,328,316,312,320
2026-09-22T08:00:00Z,232,316,300,248,248,176,220,220,224,208,156,180,188,184,192,176,292,288,284,284,280,272,272,280,272,276,296,288,280,288,284,276,280,300,292,268,276,288,276,236,304,292,280,312,292,260,296,276,300,300,288,264,328,292,304,296,288,300,320,300,316,280,300,300
2026-09-22T09:00:00Z,296,128,276,284,260,216,220,216,216,188,180,176,188,184,188,168,316,304,288,284,284,280,268,268,280,288,280,276,292,284,284,292,280,284,288,292,292,300,292,288,296,292,308,308,292,300,304,304,272,288,296,292,296,288,308,304,316,312,316,316,316,296,304,296
2026-09-22T10:00:00Z,252,268,256,260,264,296,216,220,252,224,196,180,176,184,200,300,312,292,288,292,280,292,288,284,280,280,276,284,284,288,288,288,288,288,284,284,276,276,276,284,296,284,312,292,304,292,280,284,304,300,292,268,292,296,288,280,288,284,312,288,280,268,308,292
2026-09-22T11:00:00Z,128,124,260,280,272,204,208,232,220,216,212,192,168,188,196,168,312,300,288,280,280,288,284,276,284,276,280,276,288,292,284,296,280,284,272,272,276,284,284,292,296,272,292,288,312,276,288,300,296,296,288,284,292,304,304,300,308,312,312,292,288,292,276,308
2026-09-22T12:00:00Z,136,120,248,272,272,256,208,216,220,228,208,180,180,184,172,164,308,296,292,284,280,288,292,276,276,288,280,284,284,284,284,288,288,284,244,276,292,280,276,260,248,292,304,300,304,276,312,280,328,320,244,276,288,288,280,300,292,284,280,276,204,300,288,296
2026-09-22T13:00:00Z,252,264,240,268,240,224,216,216,216,212,212,172,184,184,184,312,300,296,292,284,284,288,284,280,296,284,292,284,284,284,288,280,284,268,280,272,300,320,296,304,292,272,192,300,200,224,252,312,308,292,316,312,292,312,256,300,296,8,308,232,268,272,280,292
2026-09-22T14:00:00Z,280,272,244,272,264,276,216,200,212,228,172,184,184,196,192,160,304,296,292,284,284,288,284,284,288,272,264,272,280,284,284,272,280,284,296,280,264,304,324,308,320,300,288,260,300,288,268,304,312,288,300,304,308,296,300,316,288,280,304,276,304,300,296,300
2026-09-22T15:00:00Z,272,272,304,116,292,232,228,228,228,220,184,180,184,188,196,184,300,284,284,284,288,288,288,284,288,284,276,272,284,280,268,288,284,284,280,288,292,312,288,300,316,312,312,328,332,332,316,304,316,304,304,324,320,300,312,316,312,312,300,308,320,320,296,332
2026-09-22T16:00:00Z,136,128,124,296,120,288,208,220,224,208,212,196,192,184,192,184,184,288,280,276,276,284,284,276,276,292,288,284,280,288,284,292,296,280,288,304,356,300,300,316,308,316,308,304,324,308,316,316,312,316,316,304,316,308,312,320,304,312,324,304,328,324,296,292
2026-09-22T17:00:00Z,132,180,280,300,296,304,228,220,212,220,208,172,176,188,160,176,276,284,280,280,284,284,280,280,280,276,276,280,288,272,284,288,288,288,276,296,292,304,288,292,308,312,312,320,288,308,316,304,308,308,312,312,308,308,312,312,296,316,296,300,312,312,300,304
2026-09-22T18:00:00Z,304,124,280,304,284,220,216,216,212,208,228,180,180,180,180,180,188,296,288,280,288,284,280,284,276,276,276,284,288,280,272,292,284,284,296,280,260,288,284,284,288,308,284,288,292,300,316,324,304,288,308,316,336,316,316,308,312,320,340,312,312,296,268,292
2026-09-22T19:00:00Z,284,272,264,276,272,252,212,228,216,204,220,196,172,180,184,204,312,284,280,276,272,280,280,284,280,272,280,276,276,272,280,272,268,276,280,260,276,276,264,268,280,284,288,276,272,284,268,288,280,276,288,300,292,316,272,296,324,264,252,296,300,288,304,208
2026-09-22T20:00:00Z,280,300,276,268,300,284,224,208,212,220,228,200,184,188,184,304,280,280,284,276,272,272,272,276,272,280,272,272,272,268,276,276,272,272,260,272,276,280,288,284,284,280,276,272,280,280,292,284,280,280,280,288,288,300,292,280,296,284,292,300,296,288,284,284
2026-09-22T21:00:00Z,256,152,88,260,160,204,184,200,220,212,292,228,176,180,164,152,296,276,288,272,272,272,276,276,280,280,276,280,272,280,276,300,292,292,292,280,304,292,276,292,284,300,292,276,280,280,284,300,288,300,304,296,316,300,304,300,304,288,296,284,308,292,272,288
2026-09-22T22:00:00Z,280,128,104,172,264,272,212,212,204,204,164,200,172,188,112,304,296,292,292,280,276,284,280,284,284,284,280,284,288,288,280,288,288,292,284,292,288,296,292,304,300,300,272,300,288,300,300,288,292,296,284,288,304,300,264,312,300,296,308,300,312,316,300,292
2026-09-22T23:00:00Z,312,148,292,228,156,300,200,200,216,232,200,184,140,136,188,196,300,284,292,284,288,284,280,284,288,280,272,288,284,288,292,296,292,312,316,288,304,288,288,304,308,284,296,296,292,308,308,316,308,296,296,280,304,312,288,288,284,304,304,308,296,332,304,264
2026-09-23T00:00:00Z,104,108,240,8,244,224,156,200,216,180,204,232,148,196,248,316,296,288,284,288,288,288,280,288,284,276,304,292,300,300,296,292,288,292,296,292,284,308,280,296,300,312,288,292,288,288,260,264,256,308,308,308,316,276,292,300,292,300,308,300,272,264,252,304
2026-09-23T01:00:00Z,144,300,160,276,292,296,152,216,196,220,200,192,188,192,176,296,288,288,288,284,280,276,288,284,284,280,284,280,288,300,292,292,292,292,292,308,296,264,284,280,292,296,284,304,308,324,304,244,240,280,260,264,264,268,300,300,316,300,228,252,20,296,312,288
2026-09-23T02:00:00Z,164,284,284,304,120,288,228,228,212,212,240,160,168,192,184,168,292,292,292,292,284,280,292,280,280,292,296,296,288,292,304,296,308,312,312,300,312,308,304,300,304,268,304,304,296,304,316,292,320,320,316,340,308,320,308,336,312,308,324,304,320,324,300,324
2026-09-23T03:00:00Z,316,304,140,156,312,280,192,204,184,208,180,164,168,188,188,172,296,300,292,288,276,268,280,288,284,288,288,296,304,296,296,300,292,328,304,312,308,304,312,304,292,312,300,344,344,20,344,340,304,312,328,320,324,328,324,312,324,304,320,328,352,344,304,316
2026-09-23T04:00:00Z,312,132,164,300,288,312,208,220,220,192,228,208,200,200,328,304,148,304,296,288,288,288,276,280,288,292,296,300,296,300,296,300,312,304,284,292,304,308,308,308,320,300,304,320,336,276,324,332,340,340,320,328,332,332,224,8,332,312,292,328,352,344,304,12
2026-09-23T05:00:00Z,268,264,280,172,328,116,232,200,204,212,188,164,180,188,164,220,296,288,288,284,280,280,284,280,284,280,288,288,292,284,288,320,300,304,296,328,320,300,304,304,312,292,304,316,316,308,324,344,332,320,308,276,276,16,324,336,308,312,320,312,348,348,344,316
2026-09-23T06:00:00Z,280,284,144,292,324,240,216,224,216,224,168,212,184,184,204,316,300,300,292,288,284,280,280,296,296,288,288,296,304,296,300,304,292,296,308,264,312,340,332,324,324,352,288,324,328,308,304,304,4,320,328,352,348,340,324,356,0,20,324,352,28,336,312,324
2026-09-23T07:00:00Z,268,264,288,300,276,176,196,216,208,212,204,204,192,184,184,148,304,304,288,288,276,284,276,280,288,288,288,292,304,308,312,300,300,312,284,284,304,312,296,288,276,316,288,336,300,304,344,336,324,340,336,320,348,336,336,320,336,296,348,336,340,324,324,12
2026-09-23T08:00:00Z,296,288,280,280,288,292,180,208,208,228,236,288,188,184,320,312,304,300,292,292,276,272,276,280,280,284,296,304,300,308,308,308,276,284,308,308,320,284,296,308,308,312,208,320,328,352,316,300,308,348,332,328,328,4,4,8,352,4,348,340,332,344,236,0
2026-09-23T09:00:00Z,184,228,264,264,144,252,172,224,220,220,160,216,180,188,164,276,292,296,284,284,276,284,276,272,276,272,292,292,296,312,292,296,296,304,296,300,312,316,320,304,344,324,312,320,328,336,324,332,348,0,344,352,0,344,8,336,324,336,36,336,344,12,336,276
2026-09-23T10:00:00Z,216,228,276,288,172,248,220,224,228,216,244,204,196,176,200,304,292,292,288,284,272,264,276,276,280,280,284,288,292,308,288,268,300,292,308,296,300,312,292,324,316,312,356,324,320,320,324,0,288,220,332,344,352,352,328,328,0,332,336,0,336,16,312,340
2026-09-23T11:00:00Z,236,236,252,260,184,188,216,208,220,248,280,208,204,172,216,304,288,300,292,284,280,276,276,268,272,272,280,284,276,300,292,308,304,316,300,304,316,308,316,300,312,328,352,340,332,332,320,308,356,208,300,352,328,348,324,340,348,28,316,356,340,28,348,352
2026-09-23T12:00:00Z,308,308,292,244,152,248,200,208,220,272,296,180,188,184,192,304,300,296,288,280,280,272,276,272,272,272,280,288,288,292,292,300,280,288,300,292,300,312,328,300,268,268,316,328,296,328,348,336,340,332,336,344,336,332,308,340,348,332,308,328,248,328,348,352
2026-09-23T13:00:00Z,252,244,264,256,272,252,216,220,208,280,284,292,176,176,216,296,292,292,296,296,288,284,280,280,276,276,280,284,292,284,280,296,304,292,296,288,292,300,300,320,312,332,4,336,332,308,284,316,328,344,348,320,328,312,344,332,324,316,340,24,4,324,312,352
2026-09-23T14:00:00Z,272,72,240,264,232,276,212,236,216,208,288,292,180,212,180,256,292,296,296,284,288,284,288,284,284,284,280,292,276,272,284,292,296,280,284,300,316,0,292,304,276,308,312,292,316,332,332,300,200,340,196,348,8,288,332,232,340,212,216,352,20,216,16,4
2026-09-23T15:00:00Z,240,236,264,260,244,268,204,204,200,312,292,292,192,232,204,292,292,292,292,288,288,288,288,284,284,292,276,272,284,292,276,260,292,300,284,288,264,300,316,336,312,304,316,328,264,292,300,340,340,336,328,324,320,320,356,4,200,348,344,208,320,324,304,340
2026-09-23T16:00:00Z,272,260,252,260,112,236,212,208,228,316,260,304,180,200,176,256,288,288,284,284,280,284,292,288,284,284,276,284,292,288,284,268,296,292,300,316,284,288,244,300,284,276,320,236,320,284,264,292,304,304,300,316,4,260,200,200,340,356,340,196,316,348,200,232
2026-09-23T17:00:00Z,272,280,268,272,276,124,172,208,232,260,288,300,204,180,180,288,296,288,288,288,288,288,292,296,284,292,284,268,288,284,284,300,272,280,276,296,292,276,304,292,312,320,284,284,288,280,252,224,256,220,196,0,316,296,344,312,332,344,320,308,348,336,308,0
2026-09-23T18:00:00Z,152,156,284,296,272,240,248,204,220,268,276,284,320,200,164,288,284,288,292,288,284,284,292,292,288,280,288,280,284,292,264,288,276,288,256,256,284,264,276,280,308,292,284,340,300,308,248,276,232,240,260,292,252,308,328,320,192,212,220,256,260,244,324,4
2026-09-23T19:00:00Z,152,284,116,128,272,244,168,212,216,332,308,316,176,196,160,316,288,288,288,284,288,292,284,284,284,284,292,292,288,284,304,284,292,292,276,256,264,256,280,272,264,256,256,268,256,300,240,248,272,244,244,4,260,212,220,280,240,220,220,20,16,232,224,244
2026-09-23T20:00:00Z,136,288,272,316,272,188,200,208,204,236,280,284,304,176,184,204,288,288,284,284,288,288,280,288,288,280,292,296,280,292,292,296,272,256,264,268,268,268,276,268,236,272,256,256,296,296,184,232,240,256,204,236,224,224,244,228,296,284,320,336,188,240,208,212
2026-09-23T21:00:00Z,204,172,128,128,248,276,292,168,216,204,300,272,280,180,284,164,292,296,292,284,292,292,284,288,284,300,296,284,272,292,292,272,308,304,272,264,300,252,296,292,292,276,296,292,4,256,252,208,220,280,180,196,232,272,212,256,288,292,300,276,264,312,272,284
2026-09-23T22:00:00Z,172,112,120,300,292,292,176,200,208,240,300,240,324,160,160,304,300,296,292,292,288,292,284,276,280,280,308,296,288,292,300,272,260,288,296,4,304,284,264,280,260,264,276,320,292,280,268,224,212,264,232,244,236,264,260,284,256,252,268,268,264,276,256,268
2026-09-23T23:00:00Z,268,112,276,60,288,288,200,208,208,200,292,312,300,192,248,244,300,296,296,292,296,296,288,284,276,296,284,280,296,280,300,284,304,296,244,276,292,292,300,320,304,256,232,256,280,252,248,260,228,244,228,232,240,252,244,252,248,264,248,248,256,260,248,236
2026-09-24T00:00:00Z,148,212,216,208,144,232,216,224,212,180,300,292,292,264,328,300,296,296,296,300,300,280,284,284,284,280,280,296,296,272,284,280,272,252,284,256,288,280,272,264,244,260,248,260,252,236,244,252,260,268,248,248,244,248,228,220,228,240,252,228,244,240,244,236
2026-09-24T01:00:00Z,228,244,284,232,116,292,212,196,216,208,288,328,304,296,324,320,296,300,300,292,304,292,288,296,272,288,288,280,288,280,280,296,284,276,268,252,252,284,268,244,244,244,268,260,264,248,196,252,236,224,236,244,240,256,220,232,248,256,264,224,252,244,228,232
2026-09-24T02:00:00Z,168,200,292,148,300,232,192,192,212,228,296,300,280,312,276,300,296,300,296,296,292,292,292,280,272,284,300,288,288,288,300,284,292,276,276,260,288,276,272,308,292,264,276,248,212,224,248,240,252,236,232,272,260,244,240,240,224,216,192,184,208,220,224,252
2026-09-24T03:00:00Z,168,148,272,280,236,196,212,192,216,212,276,284,288,232,300,280,292,296,296,296,292,292,292,284,292,276,292,296,288,276,276,272,284,300,288,288,260,264,276,272,268,324,280,252,280,276,276,248,288,268,256,252,272,268,280,236,268,252,260,244,232,248,252,180
2026-09-24T04:00:00Z,200,236,264,288,248,280,200,204,228,212,164,284,288,200,168,244,296,292,296,296,292,292,292,292,292,272,284,284,288,280,288,272,276,276,272,272,276,276,284,240,224,236,244,220,280,268,260,260,252,232,224,248,272,272,232,196,216,260,252,260,312,308,244,256
2026-09-24T05:00:00Z,136,124,240,256,280,232,184,232,216,220,164,300,256,300,312,320,292,292,292,296,292,288,284,280,284,284,284,280,276,280,276,268,280,280,280,268,276,248,288,308,280,248,296,280,260,300,292,236,252,272,176,256,284,284,288,284,316,316,260,284,252,288,316,204
2026-09-24T06:00:00Z,120,132,100,288,288,136,196,200,208,204,216,288,292,324,340,284,300,300,292,280,280,280,280,288,292,292,284,288,272,284,276,280,280,276,280,284,280,272,260,332,256,280,264,284,256,252,188,248,200,284,300,276,256,228,240,264,256,240,208,328,288,324,316,272
2026-09-24T07:00:00Z,136,328,248,308,284,272,208,212,208,208,196,288,296,284,308,288,296,300,292,284,276,272,276,276,272,268,284,276,264,272,284,272,276,280,280,272,280,292,192,296,284,264,224,216,336,288,236,244,236,252,272,244,240,276,348,252,224,184,212,196,196,284,292,340
2026-09-24T08:00:00Z,196,148,132,220,260,252,248,216,220,216,192,288,292,320,244,340,300,296,288,284,272,264,268,264,276,276,276,284,280,284,284,264,272,284,280,284,284,288,312,316,240,248,264,288,328,324,288,308,260,280,224,0,328,240,324,320,328,268,132,220,216,164,288,344
2026-09-24T09:00:00Z,308,296,132,244,220,236,204,200,220,212,224,284,308,296,248,192,300,296,288,288,280,268,264,268,276,264,280,264,268,260,280,308,232,276,284,272,264,292,284,280,272,288,256,276,252,252,268,288,280,208,180,208,220,268,244,192,160,260,192,228,240,236,228,220
2026-09-24T10:00:00Z,204,204,188,200,232,224,232,212,220,212,232,284,292,176,192,236,296,300,296,296,284,284,276,280,272,264,268,268,276,256,264,268,264,276,320,264,244,312,256,260,276,264,236,240,276,260,256,332,284,272,268,268,256,188,196,272,248,224,244,232,212,180,200,208
2026-09-24T11:00:00Z,228,224,240,196,196,236,228,196,216,220,272,304,300,312,216,192,296,300,292,292,280,280,280,276,280,276,272,268,260,260,260,264,276,276,280,272,268,296,276,252,300,264,276,284,312,212,236,208,332,244,244,268,348,228,272,252,244,204,236,216,220,220,208,248
2026-09-24T12:00:00Z,244,228,236,236,72,224,220,220,216,208,224,308,280,312,280,208,300,304,296,288,288,284,280,280,284,280,272,268,252,264,260,260,264,260,256,264,280,280,256,268,340,264,272,280,240,228,256,248,256,268,272,320,204,236,236,200,328,280,172,248,264,284,220,204
2026-09-24T13:00:00Z,224,208,48,224,216,216,224,228,208,220,216,312,316,288,164,188,300,300,292,296,288,276,276,268,284,280,268,260,260,272,264,264,260,264,260,256,236,244,284,244,260,252,260,264,268,220,296,168,168,288,156,132,140,228,288,216,196,308,216,216,216,212,244,204
2026-09-24T14:00:00Z,220,220,228,48,232,208,232,220,212,204,200,340,288,304,308,196,276,292,300,296,296,284,276,280,276,276,268,264,268,276,272,264,268,264,256,256,256,272,284,288,252,248,236,216,216,240,240,236,248,252,276,232,232,260,148,172,316,312,160,304,220,200,212,180
2026-09-24T15:00:00Z,232,228,52,224,220,220,192,200,208,216,280,304,284,292,276,192,260,288,284,288,288,284,280,276,276,276,276,268,264,276,268,264,256,252,256,248,248,268,248,264,256,264,252,256,268,268,248,256,264,252,164,232,260,256,228,288,136,252,136,172,132,196,196,192
2026-09-24T16:00:00Z,232,236,204,220,220,224,216,208,208,208,204,244,324,256,208,204,320,300,296,292,284,288,280,272,284,276,280,268,268,272,260,268,256,264,280,264,276,260,260,256,268,272,264,244,272,284,272,232,276,204,268,256,220,216,244,260,220,224,204,192,176,212,204,216
2026-09-24T17:00:00Z,236,240,268,64,248,228,196,200,212,192,164,184,260,276,248,244,204,296,288,288,288,288,276,276,280,268,264,272,276,276,272,248,260,264,256,256,252,248,260,240,252,244,268,244,244,268,220,240,248,264,76,88,60,56,36,172,196,232,236,192,204,212,232,212
2026-09-24T18:00:00Z,232,236,248,248,216,260,264,216,200,216,220,180,272,276,292,156,200,288,300,280,280,276,280,276,264,268,272,272,280,272,264,244,264,256,252,268,264,260,252,256,264,280,280,268,268,252,264,104,264,184,244,276,84,104,148,160,152,84,124,120,192,144,156,144
2026-09-24T19:00:00Z,228,160,252,260,220,200,228,220,196,188,256,284,280,288,324,216,188,276,296,284,268,280,272,276,272,268,272,280,268,264,264,264,264,268,276,264,256,248,240,256,248,276,264,260,260,260,252,276,224,128,288,264,264,252,88,112,104,136,120,112,128,128,136,108
2026-09-24T20:00:00Z,212,192,128,76,236,232,212,196,216,216,224,156,276,260,184,156,188,204,292,280,276,276,276,272,272,268,272,276,268,276,268,272,272,272,272,264,260,260,268,264,244,248,256,288,256,260,248,276,272,100,276,256,288,120,120,284,92,256,120,112,260,268,108,104
2026-09-24T21:00:00Z,212,144,308,184,232,124,220,196,200,208,220,316,248,284,308,328,176,204,268,280,280,272,272,272,272,276,268,268,276,268,264,268,268,272,252,260,248,264,256,244,256,248,236,260,248,264,260,248,232,264,244,168,256,256,256,248,284,132,172,148,288,112,276,268
2026-09-24T22:00:00Z,132,140,216,252,244,292,208,208,200,224,188,264,260,328,324,276,244,280,272,284,272,280,284,272,268,268,260,264,276,268,272,276,248,256,264,252,240,224,228,248,340,240,224,232,252,240,248,240,236,216,244,220,356,220,224,224,228,224,248,232,212,212,232,208
2026-09-24T23:00:00Z,256,88,272,104,256,244,208,192,236,208,228,264,316,296,300,264,204,172,292,284,280,284,276,264,272,268,272,268,276,272,272,264,268,256,284,248,256,260,244,232,244,232,208,304,4,208,24,12,0,28,204,252,100,200,272,224,172,272,224,280,156,296,296,268
2026-09-25T00:00:00Z,272,268,288,120,104,280,268,196,192,216,208,308,284,272,324,248,264,284,284,288,292,284,268,288,280,276,288,272,252,276,260,280,268,272,252,292,228,208,260,240,244,236,228,208,248,220,244,216,180,176,328,240,336,328,348,192,228,324,272,280,276,260,288,280
2026-09-25T01:00:00Z,140,152,316,272,264,140,232,196,212,204,200,184,288,292,332,320,228,248,296,292,292,288,284,288,280,268,264,260,268,272,264,276,268,252,268,260,276,276,268,260,276,276,268,256,252,244,240,8,332,204,224,212,356,232,16,324,208,216,232,216,292,268,256,272
2026-09-25T02:00:00Z,280,284,332,300,332,268,204,212,208,208,212,164,324,196,228,244,248,276,284,284,280,284,288,284,276,272,276,276,268,260,256,268,260,256,268,244,272,264,200,268,232,220,204,204,228,264,260,248,212,292,216,272,224,284,256,260,280,272,292,268,264,264,284,284
2026-09-25T03:00:00Z,128,132,104,124,128,224,160,192,188,212,212,220,244,304,196,204,204,268,280,284,280,276,288,288,284,276,288,264,260,272,276,268,292,252,252,272,260,264,256,264,172,176,308,196,228,228,152,264,232,192,240,264,268,288,252,232,272,288,292,292,292,300,300,308
2026-09-25T04:00:00Z,324,240,304,304,176,160,192,228,192,224,228,220,292,244,208,256,268,280,292,272,276,272,284,288,284,284,276,276,276,268,272,256,264,260,272,256,252,268,252,252,276,284,288,236,208,264,200,180,272,276,240,248,288,308,280,268,272,284,304,316,308,308,316,308
2026-09-25T05:00:00Z,140,148,332,324,180,204,200,200,192,204,224,204,288,240,232,252,176,288,272,288,284,280,288,288,284,284,288,276,268,252,260,260,260,268,260,260,260,248,248,236,256,276,232,240,248,268,240,260,264,252,236,252,268,292,288,296,296,296,308,308,312,312,312,304
2026-09-25T06:00:00Z,168,168,340,132,168,184,176,208,208,200,216,212,216,220,220,220,216,264,276,276,272,272,272,272,280,284,276,276,276,268,264,264,252,240,236,252,252,260,252,244,248,260,268,244,220,248,268,256,248,244,276,276,292,304,336,308,296,304,324,332,332,324,332,332
2026-09-25T07:00:00Z,136,304,140,140,332,300,180,216,204,196,204,212,168,240,228,180,204,232,288,280,276,272,268,268,268,276,272,280,276,276,272,264,276,256,264,256,268,264,268,268,256,264,264,268,244,264,268,272,276,292,276,288,304,304,308,292,316,264,308,328,328,328,324,344
2026-09-25T08:00:00Z,260,188,176,276,192,208,176,200,184,216,196,208,268,212,324,240,216,184,284,276,276,268,272,264,268,272,268,272,276,288,288,252,248,256,248,248,248,252,252,268,252,256,248,272,276,264,264,284,344,276,272,248,280,320,300,308,312,324,328,324,324,336,344,336
2026-09-25T09:00:00Z,208,224,164,168,264,196,172,208,216,200,200,216,256,288,176,228,216,276,280,276,276,276,284,272,260,272,276,272,264,264,256,260,272,268,272,264,248,244,252,248,264,260,268,268,272,268,260,284,276,268,292,284,296,308,296,232,312,336,36,320,328,316,328,292
2026-09-25T10:00:00Z,204,216,216,188,188,196,188,204,200,208,212,228,192,216,204,232,204,280,272,264,276,268,272,272,264,268,272,264,272,280,276,260,256,264,272,252,264,260,256,268,276,272,304,272,248,268,268,276,292,332,260,332,320,204,236,300,308,336,260,336,332,324,348,324
2026-09-25T11:00:00Z,24,208,212,196,200,200,196,192,216,212,212,256,236,240,244,236,216,260,284,284,276,272,276,268,272,268,276,268,268,272,252,256,264,260,264,260,260,280,292,276,280,308,292,272,240,300,296,276,272,260,288,304,344,276,316,284,332,316,296,324,316,260,336,320
2026-09-25T12:00:00Z,204,176,188,340,192,212,224,212,200,200,216,196,204,216,240,200,176,244,240,280,292,276,276,276,268,272,260,264,272,268,248,264,264,260,268,276,272,292,276,292,280,288,280,268,256,276,272,272,300,280,288,296,284,312,348,336,300,316,312,312,324,320,324,328
2026-09-25T13:00:00Z,192,172,184,196,184,208,196,208,212,200,232,220,228,248,240,200,244,288,288,280,276,284,268,276,264,264,264,264,268,264,260,276,264,280,268,284,284,268,280,280,288,300,276,268,296,300,272,236,308,336,324,316,316,292,308,304,312,320,324,340,340,332,340,340
2026-09-25T14:00:00Z,168,164,172,196,192,200,200,208,204,200,196,208,188,224,220,248,236,276,280,288,292,292,288,268,276,268,276,272,272,272,268,264,280,276,284,284,284,268,304,272,284,284,320,284,256,276,276,264,296,312,320,316,324,332,344,344,352,0,348,344,16,4,4,32
2026-09-25T15:00:00Z,356,0,192,204,196,184,180,200,196,196,196,208,208,200,208,224,248,244,296,280,272,284,280,276,276,272,272,268,280,268,268,264,264,268,260,288,304,296,292,288,280,296,296,296,304,308,316,320,320,344,324,320,324,328,328,340,0,0,8,352,8,0,4,352
2026-09-25T16:00:00Z,200,180,204,192,208,200,204,212,220,192,212,196,200,224,160,220,212,288,284,284,280,280,272,280,284,276,276,268,260,264,264,272,268,272,268,296,292,296,308,296,284,308,304,304,296,332,332,336,328,328,352,0,32,8,348,16,0,4,16,0,332,336,348,24
2026-09-25T17:00:00Z,340,32,200,200,224,228,272,208,208,212,212,220,184,212,200,224,224,264,284,288,276,276,272,272,280,288,272,272,264,264,268,260,264,264,268,272,280,272,288,272,268,276,296,300,324,324,328,316,332,356,344,356,4,16,4,320,340,332,332,332,324,332,352,356
2026-09-25T18:00:00Z,228,220,228,68,44,196,224,196,196,192,204,204,176,200,252,232,256,308,276,280,288,272,268,276,276,280,272,280,272,280,268,272,284,268,272,272,284,284,292,268,316,296,304,316,316,316,324,328,320,332,348,356,336,356,336,320,340,324,304,324,320,324,312,320
2026-09-25T19:00:00Z,212,200,8,224,168,140,248,192,192,208,216,212,232,232,196,224,196,248,264,288,276,280,272,272,272,272,280,284,276,268,272,272,276,272,272,276,280,268,268,268,268,272,280,292,296,284,312,320,328,332,312,312,324,320,316,320,308,300,316,320,328,308,308,304
2026-09-25T20:00:00Z,240,128,184,152,224,152,220,204,192,212,208,208,216,216,216,236,184,300,284,264,288,288,280,280,284,280,284,268,276,276,268,280,268,260,276,260,288,296,292,284,276,296,296,284,292,312,312,304,324,320,320,328,320,312,316,300,324,316,316,336,340,328,300,308
2026-09-25T21:00:00Z,204,200,208,236,332,180,136,148,192,184,216,208,208,220,232,228,192,312,292,276,272,280,276,280,272,272,272,272,272,276,272,276,276,288,292,280,300,320,296,292,284,308,320,304,312,304,308,304,300,300,308,316,320,308,296,312,304,308,296,300,300,288,304,296
2026-09-25T22:00:00Z,320,296,80,232,132,248,252,220,232,204,208,212,224,212,216,216,264,248,304,296,276,272,272,276,276,280,268,280,264,264,264,280,268,284,292,292,288,300,304,300,300,308,308,300,316,308,312,304,288,308,308,308,300,300,308,304,304,288,332,296,300,308,324,356
2026-09-25T23:00:00Z,236,248,128,248,268,260,140,180,196,204,216,288,224,232,216,220,212,288,300,292,284,288,288,280,268,268,268,268,268,264,260,276,276,296,308,308,300,308,312,296,300,308,308,324,296,300,312,316,316,304,300,324,312,280,308,308,300,312,4,304,316,280,292,320
2026-09-26T00:00:00Z,308,308,244,212,272,136,148,196,216,196,220,216,208,240,228,236,172,288,292,280,288,272,272,276,264,280,280,264,260,256,268,280,280,280,308,308,312,308,296,292,308,324,308,308,288,288,316,320,316,300,320,304,316,316,304,304,300,308,308,300,260,300,304,324
2026-09-26T01:00:00Z,128,120,296,292,296,256,300,180,208,208,216,212,216,224,212,208,240,288,280,276,276,292,268,276,268,260,260,256,256,260,260,272,280,296,276,296,304,308,304,312,304,308,308,308,284,304,292,288,292,304,324,296,296,300,304,300,304,316,304,336,356,296,292,316
2026-09-26T02:00:00Z,224,292,332,100,0,224,232,172,272,200,216,212,212,228,216,220,208,268,280,284,276,276,272,264,256,260,264,248,256,260,284,252,288,292,288,296,304,296,284,292,304,296,284,284,304,320,312,308,308,316,312,316,312,308,312,312,312,320,320,324,288,316,308,316
2026-09-26T03:00:00Z,236,268,184,220,168,220,316,196,212,200,200,208,212,220,200,216,256,252,280,264,264,280,276,268,268,264,260,272,276,276,284,280,292,296,308,300,300,312,288,296,312,304,284,308,304,324,308,308,324,308,308,320,340,328,340,316,284,292,292,300,320,308,336,332
2026-09-26T04:00:00Z,272,256,44,224,228,232,296,200,180,200,204,216,216,208,208,264,272,252,264,272,280,268,272,276,268,264,292,280,280,284,288,280,280,296,284,280,296,284,268,308,308,324,320,308,332,312,332,328,316,300,0,344,340,340,320,328,208,332,356,20,16,0,336,8
2026-09-26T05:00:00Z,216,236,252,228,236,224,260,264,200,216,208,216,208,208,216,304,240,268,276,280,280,268,264,264,280,280,280,272,292,272,276,272,288,288,292,260,292,308,308,332,296,356,296,308,316,292,316,316,0,312,264,220,312,300,348,204,348,352,340,352,4,264,48,32
2026-09-26T06:00:00Z,192,196,348,232,220,208,216,196,208,204,188,208,216,212,196,300,252,240,264,276,276,268,272,272,268,272,280,280,284,272,264,292,252,292,296,292,304,300,296,316,272,264,272,312,308,316,236,272,340,8,328,312,344,356,204,16,20,4,20,324,308,344,340,0
2026-09-26T07:00:00Z,192,196,8,164,60,224,168,204,220,204,196,212,204,232,248,236,256,300,268,268,272,272,276,276,288,280,284,288,284,292,300,308,280,288,272,284,328,316,296,304,292,280,272,268,252,288,276,208,16,324,340,284,312,292,212,0,240,208,208,0,4,196,16,12
2026-09-26T08:00:00Z,208,240,72,244,236,300,260,216,220,208,200,208,204,224,252,252,256,252,268,264,276,268,276,272,288,304,316,312,324,312,312,324,316,320,308,336,256,292,308,340,276,356,356,340,320,312,344,340,336,344,348,304,304,16,0,12,0,212,228,200,204,0,20,36
2026-09-26T09:00:00Z,172,188,352,56,232,200,200,212,196,196,200,196,232,248,252,228,228,212,248,256,268,276,272,264,268,280,320,320,308,316,316,268,316,308,276,336,344,336,272,248,316,288,348,348,208,348,272,316,312,316,248,20,212,292,24,24,204,8,220,316,20,20,4,200
2026-09-26T10:00:00Z,192,196,28,188,192,212,200,200,200,216,208,208,212,220,232,204,216,196,256,268,280,268,268,272,272,304,288,304,320,288,312,316,304,300,332,264,300,300,300,300,336,200,20,4,272,292,236,340,252,300,288,256,204,264,276,208,272,192,208,260,236,228,220,256
2026-09-26T11:00:00Z,176,180,24,200,196,204,212,204,200,216,208,212,212,208,212,208,236,248,256,260,268,264,260,260,276,284,304,304,296,308,296,300,312,296,300,304,304,268,280,304,296,284,288,336,208,332,200,348,284,292,0,292,308,240,252,252,228,240,296,300,216,240,244,236
2026-09-26T12:00:00Z,40,204,228,220,228,224,220,212,208,196,208,204,220,220,220,224,224,224,268,272,268,268,260,260,272,276,280,288,288,296,296,268,288,300,292,316,308,304,312,296,316,324,240,328,324,348,328,276,344,252,308,280,208,188,332,12,332,300,288,208,228,264,24,220
2026-09-26T13:00:00Z,216,216,224,228,224,216,212,212,196,208,204,208,212,220,236,264,236,232,272,268,276,268,268,264,264,268,260,260,284,292,280,288,296,308,312,316,312,328,320,204,292,296,316,344,316,320,344,16,344,328,236,220,260,308,328,200,300,336,348,24,352,216,232,208
2026-09-26T14:00:00Z,208,32,204,44,248,216,220,192,172,204,204,196,212,216,244,252,244,228,252,276,268,276,268,268,264,264,272,268,272,284,280,288,296,300,320,348,308,296,332,328,328,324,316,332,312,316,336,316,340,148,312,224,184,352,328,336,304,336,328,180,320,140,28,8
2026-09-26T15:00:00Z,240,228,208,252,252,232,208,208,192,200,208,208,208,228,272,220,256,264,268,276,280,280,280,260,268,268,268,276,276,272,288,284,288,312,328,280,308,296,308,316,324,304,304,324,328,320,340,316,332,164,340,332,336,340,0,340,348,348,12,356,344,336,336,24
2026-09-26T16:00:00Z,236,228,240,256,252,224,236,216,208,204,204,212,224,200,228,256,248,268,256,260,264,264,268,260,260,260,260,268,268,268,264,260,268,276,248,284,276,308,320,296,308,324,344,324,336,332,336,340,352,348,340,340,4,352,336,340,320,0,356,348,24,136,0,12
2026-09-26T17:00:00Z,264,240,236,84,240,200,236,204,196,216,200,212,204,220,260,224,260,276,280,280,264,268,268,276,268,272,268,272,272,280,276,288,268,284,292,300,280,232,324,300,316,340,316,324,296,324,324,340,324,332,312,328,356,0,120,324,328,308,336,328,340,352,160,348
2026-09-26T18:00:00Z,268,260,264,256,252,216,212,208,200,192,204,212,232,260,244,252,256,268,272,276,264,276,272,264,264,260,276,264,268,268,264,280,280,280,284,288,272,272,320,304,308,324,12,316,308,300,4,60,332,312,328,348,0,328,348,264,28,332,348,4,8,348,352,8
2026-09-26T19:00:00Z,252,84,228,252,216,220,184,216,208,260,212,216,228,216,280,272,264,276,280,276,264,272,272,268,272,264,264,264,264,272,272,276,296,284,284,280,264,268,268,276,288,264,312,312,320,316,320,332,324,336,344,36,332,320,352,20,268,316,344,328,332,344,328,308
2026-09-26T20:00:00Z,220,272,244,96,252,256,240,200,188,224,204,212,228,224,260,264,264,276,288,280,268,276,272,268,264,268,276,272,272,272,272,264,268,276,268,256,252,268,272,264,292,276,180,340,296,260,284,336,324,288,304,308,332,324,316,328,320,312,308,312,320,308,312,308
2026-09-26T21:00:00Z,240,76,248,248,260,232,236,220,196,184,204,200,240,200,268,232,272,304,280,268,268,272,272,272,280,280,276,276,280,268,276,276,284,272,260,272,260,252,228,252,268,296,304,276,292,284,280,300,320,276,308,304,324,308,304,304,308,296,288,288,272,272,292,304
2026-09-26T22:00:00Z,196,192,64,256,232,228,244,240,184,196,216,204,204,244,236,256,276,272,280,276,268,272,272,272,284,284,268,276,276,272,276,272,280,276,280,288,284,288,268,204,292,300,296,296,292,308,300,296,296,304,300,312,296,304,292,296,284,292,284,288,300,284,300,288
2026-09-26T23:00:00Z,208,212,256,248,248,248,208,140,216,212,212,200,220,216,216,248,280,276,272,292,280,268,272,276,276,272,272,276,276,276,276,260,276,288,288,284,288,288,284,272,284,292,304,284,292,280,280,288,308,300,300,284,324,296,292,300,304,280,300,308,328,312,328,288
2026-09-27T00:00:00Z,332,268,248,224,232,236,204,200,208,200,208,200,216,216,228,276,288,292,292,292,284,280,292,276,272,268,272,280,276,280,276,272,292,240,284,284,284,304,288,292,296,296,288,280,288,300,336,304,300,304,304,252,292,236,292,240,284,216,296,308,316,280,236,264
2026-09-27T01:00:00Z,264,264,292,80,280,244,228,224,176,200,204,200,208,296,212,296,292,292,300,292,292,284,284,284,272,272,264,264,280,292,276,272,304,292,284,288,292,296,292,272,340,300,4,4,324,312,320,320,284,336,208,240,356,280,292,312,288,196,228,252,276,348,324,224
2026-09-27T02:00:00Z,268,276,84,248,112,256,216,224,192,172,208,212,228,324,280,288,300,300,288,288,288,288,284,284,292,280,280,268,264,284,280,292,264,320,236,296,300,292,256,244,296,280,328,332,356,348,348,348,352,352,264,12,20,316,296,356,8,220,204,340,344,356,12,24
2026-09-27T03:00:00Z,228,212,232,68,236,236,232,196,228,208,196,208,204,252,228,268,288,300,300,292,284,288,288,284,272,272,276,272,292,284,288,276,272,276,276,292,256,292,336,336,320,296,296,200,196,200,348,348,304,352,188,196,212,200,220,184,192,300,180,0,28,224,220,204
2026-09-27T04:00:00Z,224,228,212,204,228,224,216,208,204,188,204,196,152,236,292,268,300,296,292,284,296,288,296,296,292,288,276,276,284,272,276,284,272,264,284,304,296,288,4,200,268,200,12,200,232,352,188,4,212,212,196,284,196,352,184,224,12,232,220,328,248,244,252,240
2026-09-27T05:00:00Z,252,208,228,56,252,236,232,240,192,216,216,204,176,296,220,248,292,292,292,288,288,284,284,288,276,284,280,288,296,280,284,276,280,292,300,296,288,328,236,296,204,320,260,260,188,188,228,224,232,228,196,356,280,284,256,248,224,196,240,248,328,300,232,256
2026-09-27T06:00:00Z,240,252,232,232,240,216,220,216,280,220,212,208,192,272,244,312,296,296,292,292,296,292,296,300,288,292,280,276,276,284,284,292,292,280,296,296,284,296,292,280,264,272,288,308,280,304,268,268,268,252,252,244,268,260,260,256,268,248,276,268,260,236,248,240
2026-09-27T07:00:00Z,244,228,236,56,248,236,272,228,192,180,192,200,232,296,296,304,288,284,284,292,292,288,288,292,288,292,288,288,288,268,288,288,280,288,288,292,300,288,280,276,280,276,280,260,280,288,272,248,272,268,256,260,280,272,296,320,288,264,240,196,232,192,224,224
2026-09-27T08:00:00Z,60,56,220,224,232,208,212,208,236,212,204,204,200,156,320,308,288,296,292,292,292,292,292,292,292,296,296,296,296,300,280,292,300,292,288,284,276,292,284,284,300,276,272,304,272,252,284,228,268,264,288,320,260,256,340,224,240,220,236,244,216,232,252,228
2026-09-27T09:00:00Z,228,232,232,240,240,264,248,232,212,176,196,200,208,308,308,284,292,292,288,288,284,280,280,276,292,296,288,300,292,296,300,280,320,308,300,308,320,276,276,264,280,336,280,276,340,336,304,280,304,344,260,224,272,252,248,252,260,216,264,244,248,220,240,220
2026-09-27T10:00:00Z,232,224,240,248,244,232,236,216,180,204,192,192,200,320,272,308,292,288,284,284,284,288,276,276,280,284,288,288,292,296,308,312,320,316,316,316,316,308,312,320,320,316,288,288,348,272,280,308,280,256,304,264,284,276,276,276,228,232,276,272,284,268,228,252
2026-09-27T11:00:00Z,240,232,216,304,224,232,228,200,196,204,180,204,200,204,284,296,288,296,292,288,288,284,284,292,280,284,284,284,292,296,308,316,316,316,324,328,320,312,316,304,332,324,328,328,300,300,300,332,300,316,332,292,268,260,208,300,264,268,244,228,228,284,248,252
2026-09-27T12:00:00Z,212,196,40,236,216,184,224,244,196,200,208,208,212,212,284,280,296,292,292,288,292,296,292,280,276,280,288,292,292,304,304,308,312,296,300,316,312,336,336,324,304,292,312,328,296,224,224,328,296,252,180,228,236,208,240,252,284,240,220,208,0,276,256,240
2026-09-27T13:00:00Z,228,232,220,228,224,220,232,236,224,200,208,208,192,228,272,284,284,296,292,292,292,284,284,284,284,280,272,280,276,264,268,288,320,300,320,316,312,308,304,308,336,324,0,352,228,340,12,256,256,272,244,200,228,280,180,216,244,240,348,244,252,248,276,232
2026-09-27T14:00:00Z,236,44,32,228,232,248,220,204,204,180,196,212,224,208,320,296,304,284,284,284,284,296,292,284,276,272,272,276,272,276,284,320,320,304,316,336,328,300,328,244,332,312,216,284,208,288,232,228,268,260,192,232,268,264,256,176,220,240,268,256,248,244,212,232
2026-09-27T15:00:00Z,224,220,220,220,216,220,224,212,184,196,208,216,204,204,192,272,288,288,288,292,296,292,284,284,284,276,272,276,272,276,260,272,272,300,320,320,308,308,296,252,204,344,232,204,228,200,188,12,224,252,236,228,188,224,268,240,224,240,224,244,236,224,224,220
2026-09-27T16:00:00Z,232,220,228,60,232,240,224,224,188,184,184,208,188,232,228,316,300,284,288,284,284,280,288,272,276,284,284,260,272,272,268,248,300,276,272,312,292,292,304,304,300,200,252,336,184,356,236,224,212,244,192,232,220,220,216,212,248,344,224,240,200,172,232,328
2026-09-27T17:00:00Z,216,232,212,228,232,224,224,232,192,200,200,208,208,176,232,268,280,284,284,280,272,280,280,284,284,280,280,280,284,280,268,276,276,288,280,236,204,296,304,300,252,292,296,328,312,292,220,236,236,196,236,264,240,244,340,344,300,320,304,172,292,344,56,272
2026-09-27T18:00:00Z,216,200,36,220,244,232,212,216,188,164,188,204,200,208,208,256,292,292,284,280,280,276,284,276,288,272,280,276,276,276,272,252,276,288,292,312,324,312,264,316,280,344,340,36,248,212,232,260,236,240,216,196,184,264,248,292,320,300,180,252,272,276,112,44
2026-09-27T19:00:00Z,216,216,216,44,44,220,204,216,216,192,200,200,204,216,172,292,276,280,280,280,276,276,280,280,272,268,268,264,276,284,288,304,304,312,312,276,196,12,240,256,252,332,244,284,272,296,8,288,232,204,216,244,224,212,228,228,328,228,192,320,232,272,200,220
2026-09-27T20:00:00Z,232,232,224,232,244,220,208,196,188,196,168,184,204,212,216,320,280,288,284,284,276,276,276,280,276,268,276,284,276,280,280,300,276,284,292,308,312,348,200,316,308,316,284,176,180,332,260,296,288,252,324,152,80,240,240,212,216,168,180,128,248,284,260,236
2026-09-27T21:00:00Z,204,200,252,232,228,228,208,200,192,204,176,196,196,196,204,276,276,284,284,272,268,264,272,272,276,280,288,284,288,284,296,300,292,296,288,288,328,324,316,332,308,292,272,260,312,308,268,60,344,280,280,296,336,324,312,312,316,336,300,316,320,284,316,304
2026-09-27T22:00:00Z,224,220,228,268,228,180,216,200,208,176,200,204,196,204,228,324,280,292,288,280,272,272,276,276,272,268,276,276,260,316,324,312,308,300,328,328,256,312,308,336,272,300,292,336,304,296,296,336,344,324,328,324,324,316,288,304,328,348,340,288,268,272,276,232
2026-09-27T23:00:00Z,216,212,216,236,240,192,208,224,200,188,180,200,208,208,196,280,288,288,288,280,276,280,276,272,276,272,284,280,276,296,252,312,316,296,300,292,340,348,336,320,308,280,308,292,300,284,312,284,344,320,300,328,316,292,324,328,296,344,356,224,300,320,256,4
2026-09-28T00:00:00Z,248,68,224,228,236,232,176,196,200,204,200,204,200,212,196,244,304,288,284,276,280,276,272,280,276,276,272,272,276,276,300,280,268,288,264,280,320,268,296,300,324,308,328,296,304,320,356,320,284,320,316,16,272,296,304,328,256,340,304,332,244,56,228,356
2026-09-28T01:00:00Z,236,220,40,224,236,236,212,220,204,200,204,204,200,216,216,248,276,280,284,284,276,280,280,276,280,280,276,264,272,272,288,288,316,328,316,312,324,332,316,328,220,332,340,12,328,328,0,340,348,356,0,356,348,348,348,332,336,0,212,332,356,0,344,336
2026-09-28T02:00:00Z,208,208,36,220,232,224,216,204,200,192,204,196,196,224,228,256,256,276,292,288,288,288,284,268,280,268,252,272,280,276,268,268,276,272,272,276,308,212,312,328,356,296,312,308,4,320,4,220,196,0,324,324,312,324,232,292,192,224,288,84,4,84,332,292
2026-09-28T03:00:00Z,192,200,36,228,236,232,196,220,228,208,192,192,204,216,224,280,268,288,292,292,284,284,276,276,276,276,280,288,300,292,276,268,284,300,260,216,268,236,244,248,340,300,332,236,356,340,348,204,12,20,32,16,4,340,204,192,4,4,12,24,128,276,64,268
2026-09-28T04:00:00Z,212,200,24,220,216,216,204,208,196,216,220,212,200,196,232,232,280,280,292,284,292,292,292,284,292,280,292,272,276,280,272,280,272,256,260,268,260,244,252,244,264,348,228,208,224,272,304,292,352,32,28,352,180,188,216,196,200,8,324,192,292,20,320,284
2026-09-28T05:00:00Z,188,8,200,192,212,216,220,212,220,204,200,192,200,200,216,272,276,276,276,284,284,292,292,292,276,272,276,272,264,264,280,272,264,268,280,268,236,256,248,260,324,248,256,264,276,264,212,272,332,228,224,348,0,352,4,16,180,340,228,16,216,268,228,196
2026-09-28T06:00:00Z,8,8,180,196,208,220,200,212,208,200,200,216,196,208,220,236,280,280,280,272,284,284,280,276,288,284,288,288,280,288,280,260,268,272,280,276,264,268,272,288,252,272,224,240,256,244,248,244,248,224,236,232,228,224,240,244,240,220,232,232,244,244,44,240
2026-09-28T07:00:00Z,200,188,192,196,216,220,208,216,212,188,196,204,204,204,216,300,272,284,288,280,280,284,284,292,300,292,288,280,280,272,264,272,280,296,312,300,284,296,252,256,232,292,248,272,268,276,256,252,244,248,244,256,240,232,232,244,232,240,240,244,248,240,244,240
2026-09-28T08:00:00Z,208,196,208,204,220,216,220,228,248,200,184,200,208,204,212,236,276,284,284,284,276,280,292,284,284,284,276,288,284,252,268,292,264,264,260,268,276,276,260,256,260,260,264,256,244,248,240,256,256,248,248,260,252,256,248,244,248,232,248,260,252,264,236,44
2026-09-28T09:00:00Z,224,220,220,40,56,220,212,204,208,232,196,200,204,196,216,232,272,276,284,284,284,288,292,288,288,288,284,288,292,292,284,308,280,284,296,292,288,280,272,260,264,256,276,244,272,280,244,252,268,260,236,256,256,240,260,256,256,260,224,244,240,252,240,252
2026-09-28T10:00:00Z,208,212,36,220,228,224,224,200,208,196,192,204,204,208,208,220,272,276,276,276,276,284,284,276,284,288,288,292,300,300,304,288,276,300,300,300,296,284,284,276,304,300,284,264,280,264,264,256,284,284,252,252,280,240,240,256,236,240,244,244,240,244,248,232
2026-09-28T11:00:00Z,20,28,200,216,212,248,216,208,208,196,208,212,196,200,200,216,276,276,280,272,280,276,280,280,280,280,268,276,284,288,284,276,288,264,268,288,268,228,272,268,276,280,224,336,288,276,272,260,264,264,260,280,288,260,252,248,260,248,248,236,244,252,248,236
2026-09-28T12:00:00Z,212,216,24,204,216,236,216,216,212,200,204,200,208,204,208,208,308,276,280,280,280,292,288,284,276,280,280,272,276,276,280,292,276,276,296,280,308,292,296,292,276,332,292,284,300,280,304,320,276,248,224,272,236,236,252,252,252,244,264,244,248,264,228,220
2026-09-28T13:00:00Z,188,188,192,20,196,232,228,208,216,200,196,200,220,204,204,212,224,276,284,276,276,280,280,272,272,284,268,272,280,268,264,276,280,288,296,296,296,292,304,304,316,288,296,308,296,280,288,356,288,188,296,268,308,268,264,260,280,280,208,180,196,268,244,248
2026-09-28T14:00:00Z,192,192,192,20,204,224,200,212,204,196,196,200,196,204,204,200,248,260,276,272,276,272,272,268,276,272,264,264,268,264,268,272,256,260,264,264,292,296,308,296,320,312,296,304,292,268,260,292,280,284,276,284,304,288,272,256,292,180,292,268,236,224,36,208
2026-09-28T15:00:00Z,220,192,200,204,212,216,216,208,220,188,192,196,200,200,192,216,292,268,272,272,276,268,268,264,272,264,260,256,252,252,268,272,260,272,284,276,276,264,324,200,296,320,280,248,236,328,212,188,300,320,296,284,244,316,344,328,324,308,324,300,316,324,324,320
2026-09-28T16:00:00Z,196,180,12,200,200,200,212,204,216,204,196,192,200,204,208,200,208,244,264,272,272,272,276,264,264,268,260,256,244,248,248,256,272,260,300,272,272,288,268,272,280,276,276,264,200,296,300,292,260,284,288,296,304,272,276,268,248,248,208,272,220,256,252,0
2026-09-28T17:00:00Z,184,184,184,196,208,216,200,196,200,200,188,196,200,200,204,200,232,252,264,256,272,288,280,284,280,272,268,272,256,252,244,256,248,252,260,268,300,248,272,252,232,300,216,228,348,200,312,320,280,316,304,276,272,260,272,304,268,0,20,272,296,344,260,264
2026-09-28T18:00:00Z,220,212,220,220,220,224,216,208,208,192,184,184,208,208,196,192,236,252,260,264,264,264,260,264,260,268,272,260,240,260,240,248,264,260,248,252,268,256,272,276,264,276,256,236,240,252,240,192,316,252,252,244,276,348,236,228,244,252,236,280,248,208,268,236
2026-09-28T19:00:00Z,204,212,32,236,216,228,236,220,204,184,192,200,204,200,196,236,232,260,276,268,272,272,272,272,268,276,264,252,260,256,276,264,272,256,256,252,252,268,260,284,256,284,292,236,256,256,264,248,232,260,292,196,248,264,228,264,268,248,268,268,340,208,300,52
2026-09-28T20:00:00Z,224,260,256,236,188,236,292,200,208,196,192,192,192,188,180,204,264,272,276,280,276,280,272,272,268,268,276,272,272,264,244,264,264,264,264,260,264,268,284,284,292,260,272,272,260,280,248,244,288,276,304,284,284,300,280,288,280,276,268,280,292,296,300,272
2026-09-28T21:00:00Z,244,252,268,240,252,236,276,224,212,188,180,192,196,200,204,212,228,264,276,276,276,264,272,268,276,280,268,284,272,272,276,276,276,276,284,272,276,272,272,248,264,276,264,280,260,272,272,280,288,284,272,268,272,272,268,280,268,276,284,280,284,244,288,256
2026-09-28T22:00:00Z,184,280,84,264,268,212,264,208,196,200,180,192,188,196,196,188,216,272,280,280,280,268,268,268,280,272,272,268,280,276,284,280,268,264,284,268,272,272,272,272,272,272,260,288,284,280,276,288,268,276,272,280,276,272,280,296,288,264,260,228,280,296,276,264
2026-09-28T23:00:00Z,228,248,260,228,312,224,268,204,204,192,184,188,208,196,196,184,268,288,288,284,276,276,280,276,272,264,272,272,264,268,276,264,280,280,292,308,312,284,292,276,284,296,288,284,276,280,288,280,280,292,272,240,272,280,292,284,288,304,268,276,272,280,284,196
2026-09-29T00:00:00Z,184,208,240,256,232,220,264,168,192,188,192,184,192,196,176,212,256,288,292,292,288,280,276,272,272,272,288,268,264,264,264,284,280,280,304,276,276,288,280,280,284,280,280,308,292,288,296,300,268,288,288,292,292,280,276,280,300,308,280,276,272,320,276,252
2026-09-29T01:00:00Z,268,264,200,252,264,228,300,320,228,284,180,188,192,208,192,296,280,284,292,292,296,280,280,276,276,272,276,264,272,272,276,272,276,276,280,276,280,288,288,300,292,284,304,296,300,296,284,312,284,284,300,292,296,312,320,300,292,308,300,296,304,284,332,264
2026-09-29T02:00:00Z,248,232,116,260,272,216,260,232,208,168,200,168,180,204,192,164,284,288,292,292,280,284,272,280,276,272,272,280,280,268,276,272,284,288,292,276,276,296,288,288,300,284,268,320,312,324,308,312,304,292,296,312,300,328,304,312,336,296,260,232,340,212,332,344
2026-09-29T03:00:00Z,256,276,256,252,244,248,276,308,208,208,168,184,184,220,216,172,280,284,292,284,288,284,280,276,276,284,276,272,264,280,284,288,248,300,272,264,272,276,316,324,304,308,264,256,0,284,236,272,304,304,320,328,344,320,300,288,348,320,308,308,204,236,256,8
2026-09-29T04:00:00Z,240,240,236,260,276,236,228,252,224,172,216,184,132,204,196,228,288,296,296,288,292,280,284,280,276,276,280,272,284,284,280,280,296,304,304,208,252,8,280,260,224,352,304,260,300,288,352,316,0,208,328,304,232,256,200,328,184,0,344,352,192,184,200,200
2026-09-29T05:00:00Z,240,248,212,280,212,220,224,264,216,192,204,192,184,200,236,216,276,296,292,296,292,288,276,280,276,272,280,276,264,268,300,300,288,252,280,312,340,236,212,264,228,220,252,212,356,344,4,204,316,12,352,212,0,208,184,200,204,184,344,192,188,208,196,12
2026-09-29T06:00:00Z,112,120,276,116,272,276,240,148,220,224,204,180,192,192,172,180,276,292,288,284,288,288,292,292,284,284,284,280,276,272,268,288,280,264,288,284,288,288,308,236,232,268,4,240,204,244,188,308,224,184,216,216,240,196,240,356,200,204,200,216,204,188,204,204
2026-09-29T07:00:00Z,248,64,52,244,232,252,224,212,224,220,192,180,204,164,152,300,288,288,280,288,284,280,276,280,284,296,284,288,272,268,280,264,280,292,268,304,332,200,288,312,276,20,188,220,212,260,204,224,236,244,200,196,4,224,228,200,340,220,232,224,216,4,196,220
2026-09-29T08:00:00Z,268,256,64,80,260,224,216,184,224,304,176,180,200,176,188,228,288,280,284,292,292,288,284,288,288,284,284,296,308,296,272,292,308,292,316,264,256,324,304,356,328,8,4,196,308,192,192,260,208,248,208,192,196,216,196,192,232,188,212,212,224,224,224,216
2026-09-29T09:00:00Z,252,252,80,72,252,268,232,248,244,240,208,184,160,264,228,280,284,288,288,284,288,284,288,296,284,284,280,276,272,284,284,316,312,332,276,312,292,292,264,308,288,348,348,232,232,352,20,184,308,208,296,280,352,212,212,200,16,192,220,216,216,216,232,28
2026-09-29T10:00:00Z,252,68,236,264,260,256,244,292,272,216,184,188,196,192,280,260,284,288,288,276,288,296,292,288,296,292,276,300,280,308,300,312,296,296,308,292,300,312,352,344,4,224,308,228,12,4,0,356,216,356,200,4,200,356,256,272,256,236,0,8,264,220,232,232
2026-09-29T11:00:00Z,72,244,64,244,68,252,264,304,276,232,160,180,172,212,288,276,288,280,288,284,276,296,292,300,296,292,296,288,288,292,292,292,288,308,328,304,312,260,296,336,8,276,356,320,340,328,196,252,208,336,212,220,204,24,356,20,0,204,4,248,8,216,324,348
2026-09-29T12:00:00Z,240,224,252,56,248,252,232,288,288,216,220,188,208,232,268,264,276,284,284,284,284,284,280,280,288,296,300,288,288,288,300,288,288,288,280,276,316,320,332,328,320,296,0,324,276,324,308,232,352,12,228,224,188,200,244,260,228,224,64,236,236,48,204,208
2026-09-29T13:00:00Z,236,48,228,232,264,252,172,276,240,240,212,200,160,232,260,268,276,288,284,280,284,284,284,296,292,280,284,300,276,280,312,292,308,304,288,300,272,300,296,264,272,324,320,272,292,344,284,256,240,272,276,268,260,256,64,72,80,88,264,100,72,68,84,92
2026-09-29T14:00:00Z,236,220,232,60,248,240,244,276,204,244,204,176,200,240,248,264,276,280,288,288,292,284,280,284,284,264,284,280,288,292,280,284,320,300,292,284,284,296,276,260,260,204,308,248,328,268,256,248,268,260,232,256,228,256,256,76,68,76,68,60,256,256,260,92
2026-09-29T15:00:00Z,220,212,256,252,248,236,220,300,304,224,196,200,212,192,260,264,276,280,288,288,284,280,284,280,280,288,280,280,276,300,288,296,284,276,268,324,252,252,328,268,248,248,280,268,268,232,16,208,324,232,224,236,248,252,240,68,68,72,72,80,64,56,236,92
2026-09-29T16:00:00Z,228,224,68,248,260,208,228,252,264,228,220,184,168,196,264,272,280,284,280,296,284,292,300,296,284,280,288,264,252,272,316,272,288,288,276,272,324,268,276,264,284,252,224,216,240,228,232,240,224,260,244,228,240,248,252,244,236,252,256,244,56,240,200,180
2026-09-29T17:00:00Z,228,224,212,248,240,196,248,280,240,212,200,200,200,256,268,280,276,288,288,284,280,276,292,288,296,292,296,304,276,280,288,284,264,260,212,280,240,256,248,312,212,192,232,260,240,232,208,228,232,220,260,256,244,184,216,264,200,240,228,220,260,256,252,228
2026-09-29T18:00:00Z,256,340,228,240,240,256,220,280,228,244,200,196,212,188,252,280,272,276,288,284,284,288,296,288,280,288,288,288,280,292,296,248,276,264,268,264,268,244,256,284,264,236,240,236,240,340,240,304,120,264,196,212,208,236,272,196,212,228,240,236,240,248,152,224
2026-09-29T19:00:00Z,212,20,56,244,240,76,236,248,260,244,200,184,160,244,264,272,280,292,284,288,284,280,296,296,292,292,296,284,288,272,280,284,284,284,272,296,260,272,284,284,212,248,260,264,244,276,280,268,228,324,228,236,196,228,228,224,240,216,220,216,228,220,220,224
2026-09-29T20:00:00Z,256,264,256,268,296,260,248,288,276,276,192,196,180,320,256,276,284,280,288,284,288,284,288,288,284,312,292,304,308,284,288,280,280,276,280,272,260,256,276,264,280,280,356,264,244,292,248,248,236,264,252,268,268,248,236,244,244,240,244,248,256,248,232,224
2026-09-29T21:00:00Z,248,260,268,96,256,108,232,288,284,160,236,192,196,176,296,260,276,284,276,280,284,292,288,288,284,280,288,296,308,284,276,296,304,296,288,288,272,280,316,356,284,300,244,200,260,248,268,296,288,268,264,288,268,288,276,276,280,272,284,272,260,264,260,256
2026-09-29T22:00:00Z,276,264,272,304,144,248,204,252,236,304,208,204,176,168,248,272,276,284,280,272,284,292,280,288,288,284,296,292,308,296,300,292,336,276,304,300,288,300,296,308,280,276,300,304,272,280,292,296,268,284,288,284,284,280,276,276,276,280,288,288,292,284,260,276
2026-09-29T23:00:00Z,200,252,268,276,288,160,220,264,292,284,220,168,196,196,332,284,272,276,276,276,272,280,284,276,296,276,280,276,288,304,276,300,288,292,276,292,272,280,284,276,296,292,284,288,276,300,276,304,276,316,284,256,284,312,288,260,292,320,248,280,316,256,264,260
2026-09-30T00:00:00Z,268,256,260,244,120,224,224,268,276,208,208,204,244,316,300,276,288,280,276,280,276,272,276,280,292,292,284,276,272,284,272,292,276,272,280,276,292,280,272,256,304,288,296,292,232,288,288,252,288,312,292,248,272,328,328,312,296,272,240,220,272,244,356,352
2026-09-30T01:00:00Z,260,252,268,288,320,240,204,292,164,296,324,192,248,156,312,300,284,280,280,276,276,284,280,276,280,284,284,272,268,268,248,256,260,288,288,248,288,268,272,288,272,292,280,252,288,308,220,252,252,240,212,232,236,208,244,260,352,236,224,228,220,204,232,232
2026-09-30T02:00:00Z,188,160,244,224,256,208,196,232,264,312,260,220,232,280,308,292,296,288,288,272,276,280,284,280,272,276,260,264,280,264,268,260,268,276,268,268,252,272,264,248,252,264,264,252,280,276,268,244,244,228,340,256,212,220,212,244,252,252,248,260,252,228,216,212
2026-09-30T03:00:00Z,212,216,208,216,204,188,208,260,328,268,304,312,180,256,300,300,292,288,288,280,284,280,276,260,260,276,252,256,252,284,280,264,256,284,264,284,280,308,252,264,296,300,224,228,224,256,276,232,272,264,240,256,0,216,220,200,192,228,240,232,248,208,200,212
2026-09-30T04:00:00Z,164,160,200,64,228,192,216,236,236,220,204,220,220,208,276,284,288,288,288,284,288,288,300,276,296,296,296,280,272,272,264,256,272,260,264,228,224,240,260,248,252,280,248,252,244,244,212,348,240,236,212,220,220,236,232,236,236,236,216,196,208,196,212,200
2026-09-30T05:00:00Z,220,232,244,244,240,256,216,224,252,320,272,216,140,188,268,280,284,284,276,280,280,288,288,288,288,284,300,276,292,272,308,276,280,252,272,276,304,292,228,304,344,276,336,236,248,228,204,244,348,292,268,240,232,224,220,244,0,204,224,212,228,216,220,224
2026-09-30T06:00:00Z,240,244,220,240,232,260,212,224,196,188,296,264,204,176,268,276,276,268,280,284,284,288,284,292,292,280,276,280,280,308,272,272,264,288,288,288,256,232,252,272,264,252,276,228,244,228,244,224,212,224,256,232,240,224,232,224,208,236,224,224,204,208,208,212
2026-09-30T07:00:00Z,228,204,56,60,256,232,220,212,264,252,256,164,184,220,288,284,280,272,280,284,284,284,284,280,280,280,284,284,292,268,276,284,272,264,256,276,272,276,280,272,264,240,252,260,236,236,240,244,228,216,216,228,228,232,232,236,212,224,228,220,216,220,220,204
2026-09-30T08:00:00Z,252,236,64,248,244,244,212,220,220,236,276,220,248,224,212,284,288,280,276,276,280,276,284,288,284,284,292,284,284,284,264,284,284,308,284,256,276,280,268,240,232,240,264,228,220,268,224,232,244,240,232,220,236,228,224,220,216,224,224,228,212,212,220,212
2026-09-30T09:00:00Z,268,256,80,252,76,248,212,208,224,288,224,224,296,304,252,296,288,280,276,284,280,276,280,284,292,296,280,292,292,284,292,276,308,296,296,272,276,284,276,280,264,252,236,264,240,236,248,240,240,208,216,220,220,224,220,208,220,228,208,224,228,236,224,216
2026-09-30T10:00:00Z,224,232,240,244,248,252,220,244,228,284,276,252,204,228,328,268,284,280,284,284,284,288,288,288,296,296,288,280,288,284,288,304,328,336,312,340,260,292,288,276,252,288,276,324,272,312,220,188,280,216,240,240,232,228,240,212,212,220,280,248,248,208,204,196
2026-09-30T11:00:00Z,236,236,244,236,248,80,204,228,180,160,284,196,296,304,312,292,296,284,280,284,284,280,288,280,280,276,292,280,284,288,288,284,288,280,260,232,252,276,252,340,204,212,340,312,348,328,332,172,248,208,160,252,248,224,236,204,180,224,180,192,224,204,220,220
2026-09-30T12:00:00Z,240,244,236,244,112,232,208,216,220,284,264,148,284,308,300,288,284,280,284,284,284,280,280,272,280,288,280,276,276,284,288,280,300,280,256,228,248,264,264,252,224,252,252,260,244,236,224,256,204,196,240,228,196,236,220,208,216,212,200,196,228,212,184,200
2026-09-30T13:00:00Z,260,44,20,252,240,232,268,244,316,280,296,324,300,296,288,288,292,284,284,284,280,276,280,272,276,268,280,288,272,292,276,280,260,280,260,264,244,268,244,256,216,212,256,240,220,244,228,248,228,228,260,240,228,120,132,116,204,200,164,168,184,204,164,184
2026-09-30T14:00:00Z,236,236,228,256,240,260,180,232,240,296,284,288,224,280,284,280,284,284,272,292,280,280,264,276,268,284,268,280,268,260,260,252,252,284,276,256,244,240,260,256,252,240,228,244,236,240,252,252,272,212,248,228,176,176,156,220,188,180,156,196,184,176,160,168
2026-09-30T15:00:00Z,248,232,228,268,232,284,176,240,284,276,288,304,160,292,300,292,284,288,284,284,288,284,280,276,268,268,268,272,268,264,272,280,260,260,248,240,240,260,252,252,260,252,252,236,240,240,228,232,188,252,240,216,228,220,176,148,180,224,116,176,188,176,200,196
2026-09-30T16:00:00Z,216,256,232,236,248,304,212,220,196,164,284,288,172,320,300,308,288,292,292,284,284,288,280,276,272,264,268,264,260,268,252,256,272,260,256,252,252,260,252,252,268,236,244,276,260,252,96,224,248,252,252,244,244,160,132,164,180,232,192,160,164,208,188,172
2026-09-30T17:00:00Z,212,228,264,172,264,228,236,204,296,320,276,292,284,304,300,284,284,280,284,296,284,280,284,284,272,280,268,264,264,268,268,252,252,272,260,252,256,244,240,236,252,256,252,256,244,256,260,248,96,280,232,252,236,236,224,228,256,208,256,212,216,216,212,140
2026-09-30T18:00:00Z,248,240,284,100,256,244,184,216,236,184,300,288,256,296,272,280,284,284,280,284,284,272,280,268,264,284,272,268,252,260,260,252,252,248,248,248,248,244,248,256,256,252,252,248,272,260,268,112,120,128,124,240,232,112,284,268,268,184,200,168,220,224,128,148
2026-09-30T19:00:00Z,244,240,236,232,208,212,204,224,208,312,292,312,300,308,284,296,288,280,284,284,280,284,284,292,268,268,264,256,260,264,276,244,260,264,256,240,256,256,248,244,236,248,248,252,276,260,252,260,232,232,204,240,120,224,264,236,240,252,208,212,212,172,212,200
2026-09-30T20:00:00Z,212,224,92,236,268,240,216,152,240,280,276,288,312,296,304,284,288,276,276,280,276,280,280,272,272,284,268,256,260,272,240,264,268,268,260,252,256,268,256,264,256,264,252,252,252,248,260,252,240,212,204,240,244,248,252,256,168,244,224,248,276,252,196,184
2026-09-30T21:00:00Z,216,244,192,244,244,332,216,200,220,176,268,296,304,284,268,288,276,272,272,280,276,280,276,288,280,272,280,276,272,268,260,260,240,244,256,260,236,236,244,240,248,248,240,292,296,268,256,244,256,252,244,232,240,236,236,232,240,244,232,240,216,224,240,228
2026-09-30T22:00:00Z,252,252,232,220,244,260,220,216,196,180,272,288,148,292,280,272,280,280,276,272,276,284,284,272,276,272,264,272,268,264,264,284,268,268,268,264,252,252,248,236,248,224,236,244,248,232,228,236,248,236,232,240,236,236,236,236,248,236,240,240,236,236,232,224
2026-09-30T23:00:00Z,208,200,232,60,232,216,204,216,156,244,212,256,300,260,312,280,296,280,280,284,276,280,284,280,284,272,288,272,304,296,268,272,276,264,256,256,228,256,252,236,236,240,248,232,228,228,228,248,240,240,232,240,240,236,224,244,232,220,236,236,236,248,228,240
2026-10-01T00:00:00Z,172,80,220,232,244,216,220,224,240,276,228,304,156,312,308,280,288,284,276,272,272,280,284,280,268,276,272,264,248,252,240,264,260,264,268,256,240,244,252,252,236,260,240,232,240,240,240,228,232,232,232,252,240,224,232,232,244,236,232,248,252,244,252,244
2026-10-01T01:00:00Z,240,244,236,236,244,216,204,212,224,304,300,284,300,308,308,296,280,280,272,288,276,284,280,268,268,272,260,276,268,256,256,260,252,256,248,240,256,260,264,256,248,244,244,248,260,248,244,244,236,248,256,244,240,244,256,244,252,240,228,256,240,176,228,236
2026-10-01T02:00:00Z,192,20,188,212,252,236,196,232,180,188,332,324,316,296,288,252,292,288,288,284,284,284,280,280,276,268,284,272,272,268,264,260,260,256,244,256,256,252,252,252,252,244,248,240,248,244,252,252,264,248,256,236,256,244,256,248,240,212,260,268,256,244,252,248
2026-10-01T03:00:00Z,216,216,220,232,244,232,224,200,244,204,304,292,300,288,304,296,300,292,288,300,292,284,280,272,280,268,268,268,260,264,272,248,252,256,256,256,252,244,240,244,248,248,240,248,248,240,248,244,236,248,240,236,224,232,236,236,248,228,240,244,232,232,244,228
2026-10-01T04:00:00Z,212,196,212,232,228,252,224,220,204,200,176,284,288,308,296,304,300,292,292,296,288,288,280,288,272,268,268,272,268,272,264,264,256,252,252,256,252,240,256,248,244,244,256,240,236,260,248,252,256,240,244,260,256,244,252,252,252,240,232,232,276,272,228,232
2026-10-01T05:00:00Z,232,228,224,224,240,208,212,220,216,212,280,312,292,292,304,288,296,292,288,288,288,280,284,276,268,272,276,268,252,260,264,260,256,256,256,256,256,256,252,248,260,252,248,252,252,252,248,244,248,256,248,244,240,268,252,232,228,260,252,248,224,232,256,248
2026-10-01T06:00:00Z,228,216,228,52,248,224,220,208,224,224,268,312,308,292,272,284,296,292,296,296,288,280,288,284,272,272,268,272,264,260,268,264,264,252,248,256,252,248,264,256,256,256,268,260,232,232,252,240,228,252,244,236,236,248,256,248,248,240,176,232,220,220,228,252
2026-10-01T07:00:00Z,216,208,228,232,232,220,212,204,220,224,268,304,288,228,300,312,288,288,292,288,276,280,296,288,280,284,284,272,268,276,268,272,256,260,256,252,260,256,252,256,256,252,248,236,240,256,248,244,232,240,248,252,244,240,236,276,228,244,248,240,240,224,208,220
2026-10-01T08:00:00Z,228,228,20,224,236,244,200,216,208,192,296,264,292,292,292,292,296,296,288,284,284,280,280,280,280,284,280,276,272,276,276,272,268,252,260,260,248,260,260,256,256,240,248,240,244,244,256,252,256,252,256,252,260,252,248,252,256,252,248,252,248,240,260,236
2026-10-01T09:00:00Z,236,240,36,232,240,236,232,204,220,200,172,288,268,296,288,296,296,292,284,284,288,276,288,288,288,284,284,288,280,272,280,272,272,268,260,268,256,252,252,256,248,256,256,264,256,240,276,252,252,252,224,240,256,244,260,236,248,252,236,236,232,264,252,212
2026-10-01T10:00:00Z,244,60,64,60,236,216,196,216,232,236,300,268,292,292,284,304,292,284,280,284,280,292,280,280,280,292,276,280,272,276,284,284,272,280,280,268,264,280,260,248,240,244,252,264,260,236,252,260,256,228,240,256,272,264,272,220,256,256,272,252,236,252,240,244
2026-10-01T11:00:00Z,260,260,260,248,80,256,224,200,212,168,288,160,276,216,284,304,288,288,288,284,280,284,284,292,280,280,276,268,284,288,280,272,284,284,284,280,284,244,276,280,268,268,264,280,256,272,280,272,272,280,260,288,264,268,276,244,276,260,260,252,256,284,248,140
2026-10-01T12:00:00Z,244,76,72,236,252,236,208,192,232,204,164,288,280,296,300,300,300,288,296,288,288,288,292,284,288,284,268,268,272,260,260,252,260,272,280,276,288,268,276,272,280,284,272,272,260,268,276,284,272,280,296,264,260,260,252,264,260,260,240,204,264,264,276,260
2026-10-01T13:00:00Z,228,228,40,240,224,272,228,204,220,224,212,280,292,288,296,304,284,296,292,280,280,280,272,284,280,276,268,272,276,276,264,268,264,268,260,260,260,268,268,288,288,296,260,308,268,256,268,256,256,284,256,264,296,268,232,280,276,288,284,264,256,248,288,288
2026-10-01T14:00:00Z,252,236,236,272,260,240,208,220,212,156,296,248,276,316,296,288,284,292,288,272,288,288,288,280,288,276,276,264,260,260,252,256,272,276,256,216,268,264,260,260,268,280,292,236,280,276,272,268,244,240,272,244,232,248,340,268,276,264,296,296,244,264,260,228
2026-10-01T15:00:00Z,220,212,256,248,272,220,232,192,228,228,216,300,296,280,300,288,296,292,280,276,280,272,276,276,276,272,280,276,276,268,276,272,264,256,256,244,252,244,268,264,264,256,96,276,264,244,56,260,232,236,236,260,260,284,288,264,252,252,264,232,256,264,260,236
2026-10-01T16:00:00Z,240,224,220,224,208,236,216,184,208,224,192,252,300,304,288,280,296,296,280,284,276,268,264,288,276,268,276,272,280,284,272,268,264,268,268,260,256,276,272,264,264,268,260,268,252,248,260,264,252,252,256,272,256,244,268,284,264,252,248,260,268,292,272,108
2026-10-01T17:00:00Z,244,212,192,224,232,228,216,208,216,208,244,268,272,228,280,280,292,288,292,284,272,280,288,284,284,276,284,276,272,268,260,272,268,260,260,276,284,256,260,280,264,268,260,252,260,256,264,264,272,268,260,268,268,272,256,268,272,100,268,92,292,52,56,276
2026-10-01T18:00:00Z,228,216,236,236,248,236,236,240,184,240,264,300,276,300,288,284,296,272,280,276,276,280,272,272,264,276,272,268,272,272,252,276,260,276,268,264,252,264,252,280,272,252,252,252,284,100,260,276,268,256,260,260,260,244,276,284,260,104,36,4,72,264,32,24
2026-10-01T19:00:00Z,204,208,244,252,272,216,208,196,200,192,296,252,232,300,312,304,288,288,292,276,272,272,276,272,276,276,272,272,264,276,272,272,272,276,264,268,260,252,268,260,264,260,256,248,248,260,280,268,264,256,264,252,240,264,64,312,264,352,8,304,352,356,336,316
2026-10-01T20:00:00Z,232,276,296,104,280,244,192,216,208,212,244,284,276,280,292,280,288,284,284,272,276,272,272,284,272,276,256,268,268,260,284,272,280,276,276,252,272,260,252,232,224,236,288,292,316,320,320,316,308,312,308,324,316,324,316,328,312,288,296,312,300,308,320,308
2026-10-01T21:00:00Z,164,128,312,276,152,236,200,192,208,160,196,292,300,276,292,292,288,280,288,292,288,276,260,280,276,280,288,276,272,280,284,264,272,280,260,268,276,268,284,300,312,312,312,324,324,324,316,316,308,312,320,320,308,312,308,312,312,300,316,324,328,316,316,328
2026-10-01T22:00:00Z,252,132,248,128,144,256,240,176,228,220,224,292,272,268,308,292,296,296,304,292,296,308,288,292,284,272,264,280,280,280,268,276,260,316,300,280,312,308,316,316,316,316,328,328,320,328,320,320,328,320,328,324,308,316,316,328,316,324,336,340,316,308,312,324
2026-10-01T23:00:00Z,88,100,260,148,132,260,232,192,224,208,284,284,284,276,292,304,296,300,292,292,288,288,288,292,280,288,288,292,296,284,280,260,284,312,316,324,324,324,324,320,316,324,320,336,328,316,300,320,324,332,340,328,328,320,320,308,292,316,316,304,316,312,304,288
2026-10-02T00:00:00Z,288,92,124,144,284,216,216,224,208,228,228,316,288,300,296,284,284,288,292,288,292,284,288,280,280,280,280,280,268,268,280,272,320,292,320,312,328,300,312,312,304,308,304,312,328,324,320,296,324,312,312,324,316,312,312,320,312,320,316,324,296,296,300,276
2026-10-02T01:00:00Z,276,228,212,116,276,108,216,220,216,220,252,304,292,296,292,288,288,296,284,292,292,280,276,276,280,288,276,280,284,288,288,284,316,324,316,312,312,316,320,324,328,308,348,328,328,308,308,328,312,340,320,300,316,308,324,332,296,284,292,320,332,324,304,308
2026-10-02T02:00:00Z,200,244,280,272,188,212,256,192,208,200,252,244,320,284,292,312,288,292,292,276,280,280,284,288,288,276,284,288,288,288,316,332,320,300,300,304,312,300,308,328,312,332,316,312,304,320,340,312,320,328,332,328,312,304,352,344,320,316,336,344,328,320,312,308
2026-10-02T03:00:00Z,248,248,100,244,272,236,192,200,200,192,204,308,276,292,276,296,296,296,288,288,272,284,276,276,276,268,272,284,304,288,308,308,320,304,300,308,316,312,304,304,316,284,308,300,324,308,308,316,304,316,344,296,296,344,324,0,344,340,268,244,44,260,336,20
2026-10-02T04:00:00Z,112,68,240,248,88,220,212,212,216,208,208,252,292,296,300,256,288,296,288,280,268,268,268,268,268,272,272,288,296,288,292,312,292,304,324,296,260,296,308,332,340,316,308,320,308,304,332,336,324,324,292,292,332,40,264,284,340,308,260,244,288,356,256,60
2026-10-02T05:00:00Z,232,40,240,80,232,236,220,220,212,204,204,268,292,328,308,280,300,288,284,288,280,280,280,280,292,280,272,288,280,276,296,312,308,320,248,320,296,296,288,312,304,324,320,292,288,332,328,260,324,336,316,312,316,316,296,344,296,300,340,340,244,28,328,304
2026-10-02T06:00:00Z,56,52,228,228,240,224,220,224,224,232,212,248,304,248,332,272,288,304,280,276,280,284,292,288,288,284,292,296,280,264,264,260,4,344,328,336,316,232,280,300,300,340,208,348,304,276,312,344,344,352,328,28,324,320,284,256,232,320,40,32,268,8,244,248
2026-10-02T07:00:00Z,208,216,72,52,252,224,224,224,236,216,216,272,316,320,272,296,288,292,280,292,284,284,284,288,296,296,300,288,292,316,304,324,320,300,300,16,324,340,324,352,328,260,244,256,292,8,0,220,292,4,8,328,260,20,8,208,280,340,244,324,268,36,240,32
2026-10-02T08:00:00Z,216,228,208,36,216,228,212,220,216,216,216,256,260,260,300,276,276,292,292,272,284,280,284,292,304,308,304,308,292,304,312,296,316,300,272,300,312,340,320,320,332,352,324,320,328,264,332,352,348,12,304,312,276,320,352,264,236,228,244,356,268,300,308,240
2026-10-02T09:00:00Z,216,208,44,216,40,228,220,220,216,216,208,284,280,304,272,284,276,288,268,284,284,288,292,288,296,304,308,316,284,288,304,296,304,312,320,324,292,328,16,332,12,20,0,324,16,4,352,340,0,8,352,4,16,20,12,20,204,220,228,288,36,340,276,252
2026-10-02T10:00:00Z,228,44,32,224,52,232,232,232,232,204,216,236,276,264,272,292,284,284,292,288,280,280,284,300,308,312,320,316,300,296,296,312,312,312,316,300,328,316,336,352,352,352,332,352,352,344,4,252,312,304,32,16,0,276,220,32,48,44,12,236,36,328,12,256
2026-10-02T11:00:00Z,224,208,48,52,60,244,240,236,232,220,236,176,280,284,268,268,288,288,284,284,284,288,284,288,296,308,312,308,308,312,304,308,324,312,312,320,336,336,336,340,332,332,316,308,328,336,288,336,16,336,336,264,260,28,240,348,228,324,308,256,40,28,60,16
2026-10-02T12:00:00Z,220,220,232,44,48,236,232,224,228,208,200,208,268,272,288,280,288,284,288,292,284,284,288,284,284,292,292,312,304,300,300,304,304,320,328,336,324,344,336,312,332,324,352,336,328,352,240,336,336,324,344,328,280,320,20,16,32,36,16,24,32,32,44,48
2026-10-02T13:00:00Z,224,232,56,236,240,244,240,220,228,224,244,236,280,284,268,284,276,268,288,288,276,280,272,280,280,288,292,292,304,304,300,296,308,312,320,320,328,328,344,344,332,356,352,352,340,332,332,324,24,16,4,344,272,332,340,16,16,312,32,52,252,292,64,52
2026-10-02T14:00:00Z,232,244,228,64,248,256,232,224,240,228,216,244,268,244,284,324,268,264,276,276,284,280,284,284,280,284,280,280,284,292,300,300,296,296,320,320,340,344,348,328,324,324,336,296,0,348,348,352,332,28,348,336,344,276,4,284,256,256,40,248,236,60,28,36
2026-10-02T15:00:00Z,72,76,72,244,256,80,256,224,204,228,240,152,284,280,240,256,280,280,280,288,284,280,284,276,288,280,280,296,288,288,288,292,288,292,300,324,316,324,320,356,348,320,292,8,356,336,332,44,4,0,24,248,236,40,268,332,244,332,316,4,340,284,52,296
2026-10-02T16:00:00Z,60,64,64,252,244,248,264,224,212,220,240,168,260,316,272,276,276,292,288,280,276,272,272,276,276,288,292,284,292,292,300,304,300,296,332,324,324,272,320,0,264,320,328,252,256,336,328,320,76,228,280,40,12,344,344,20,36,48,32,16,352,356,0,48
2026-10-02T17:00:00Z,240,244,240,244,248,252,220,228,228,224,232,228,284,256,304,304,288,276,288,284,280,284,280,288,284,280,284,288,292,292,288,288,292,300,296,320,300,332,316,292,308,312,356,340,292,288,308,308,328,328,340,324,300,336,320,336,336,4,288,308,316,312,296,340
2026-10-02T18:00:00Z,236,48,40,76,248,252,240,232,224,220,200,168,312,308,296,300,308,308,280,288,280,284,276,272,284,288,292,300,304,284,284,292,304,300,300,312,304,304,320,316,312,284,328,328,316,324,328,332,320,316,308,356,316,320,56,316,316,332,300,304,316,296,300,288
2026-10-02T19:00:00Z,256,232,60,260,260,256,260,220,212,196,256,256,304,268,276,276,300,304,280,296,280,284,272,272,284,276,292,296,280,276,296,304,304,300,320,300,316,312,320,316,308,320,320,348,348,340,324,336,328,320,312,316,340,324,316,320,324,336,316,292,328,336,324,332
2026-10-02T20:00:00Z,240,232,244,72,260,228,252,224,228,228,212,188,308,308,284,288,296,292,300,296,280,280,280,284,276,284,288,284,288,288,288,304,300,296,292,288,304,300,316,304,312,296,296,324,304,300,304,308,308,312,320,296,316,316,276,320,312,312,316,308,292,20,344,320
2026-10-02T21:00:00Z,88,268,48,260,216,240,220,220,212,232,212,232,204,320,296,340,292,304,296,296,272,276,284,284,288,284,280,300,292,292,308,288,292,296,304,300,316,300,304,316,304,312,324,324,316,328,328,328,320,304,316,324,268,316,336,332,332,300,328,344,324,328,316,244
2026-10-02T22:00:00Z,212,208,48,80,240,240,228,216,228,240,228,236,260,320,316,296,292,292,296,276,276,272,280,284,284,288,300,280,292,284,308,312,304,304,296,300,304,304,308,312,328,320,308,332,328,328,328,304,316,328,344,324,316,340,344,344,344,20,348,332,328,312,264,328
2026-10-02T23:00:00Z,232,240,228,236,52,244,236,220,228,228,212,236,236,288,300,292,296,292,296,284,284,284,292,296,280,288,284,284,284,296,300,296,304,312,308,304,304,304,304,328,320,348,320,320,304,304,312,300,296,320,304,300,328,292,40,336,344,348,24,0,312,300,312,268
2026-10-03T00:00:00Z,220,216,228,216,236,216,224,220,224,224,224,208,180,300,316,312,300,296,292,300,288,288,280,280,292,292,292,292,300,296,300,292,308,304,308,312,288,292,296,312,320,320,316,312,308,316,320,292,308,324,320,320,324,264,272,244,316,16,328,316,356,260,352,36
2026-10-03T01:00:00Z,224,40,48,224,220,224,228,220,212,212,212,228,220,304,268,304,296,292,284,280,292,284,280,292,288,296,292,296,284,292,300,304,312,300,300,324,308,288,288,296,304,312,284,284,272,340,0,320,320,16,8,316,344,344,276,284,268,252,212,340,24,352,256,268
2026-10-03T02:00:00Z,228,52,228,236,52,232,224,220,216,208,220,216,272,276,292,268,272,280,280,284,288,288,284,284,284,288,288,292,284,284,292,288,296,292,308,300,308,300,288,316,296,284,312,276,312,352,276,268,268,8,244,260,280,328,324,332,244,24,240,196,8,28,32,32
2026-10-03T03:00:00Z,44,20,216,224,60,248,244,212,204,192,196,216,236,272,244,304,280,272,280,280,288,276,284,284,284,280,284,280,280,292,296,288,288,312,288,296,300,312,296,316,304,304,304,264,280,296,304,284,284,320,288,32,348,340,336,260,264,264,252,28,232,308,12,40
2026-10-03T04:00:00Z,224,228,36,44,228,228,232,252,220,224,224,212,228,264,276,264,284,280,284,292,284,280,276,280,276,280,284,284,280,284,284,280,280,296,276,300,296,300,304,304,312,328,328,304,304,296,4,256,244,248,260,292,336,244,256,272,264,232,288,232,36,236,252,256
2026-10-03T05:00:00Z,228,52,40,52,228,236,232,232,192,244,204,212,216,272,288,280,284,280,284,288,284,276,280,276,276,276,280,276,288,280,280,284,296,292,264,272,304,288,288,288,308,304,240,256,308,300,272,248,280,328,352,284,332,276,252,252,208,292,272,236,228,32,20,240
2026-10-03T06:00:00Z,236,236,232,60,240,240,220,240,216,228,208,220,228,256,232,264,284,284,288,296,288,296,292,288,300,292,280,292,292,284,296,296,312,292,296,296,276,304,284,304,312,332,308,224,228,240,224,264,8,352,280,252,256,256,228,236,232,252,224,32,40,236,44,12
2026-10-03T07:00:00Z,220,220,224,56,236,232,236,224,224,224,224,196,200,172,280,148,296,280,288,296,288,284,312,300,296,296,300,304,292,308,308,292,288,312,280,320,272,324,308,324,332,316,16,4,24,228,332,260,260,272,288,240,236,224,228,236,216,224,224,228,228,228,248,32
2026-10-03T08:00:00Z,232,236,60,60,236,240,228,240,220,220,228,236,208,272,244,280,284,280,288,284,284,284,280,296,296,304,300,300,288,304,300,288,280,308,300,324,272,312,296,276,272,0,24,8,248,292,308,356,224,252,252,236,244,220,348,208,212,220,208,24,232,236,296,28
2026-10-03T09:00:00Z,236,52,64,236,64,240,232,240,220,220,228,224,232,268,312,284,288,292,292,284,292,292,300,292,296,300,300,296,292,296,300,292,312,296,292,300,300,304,312,304,300,348,356,244,328,332,20,272,236,240,276,256,292,264,248,244,212,352,28,224,220,236,48,216
2026-10-03T10:00:00Z,56,52,232,236,68,244,228,236,204,220,224,232,224,272,280,280,288,280,284,280,288,284,284,288,304,308,292,296,296,300,288,304,296,312,316,268,288,280,316,316,328,8,12,280,228,244,240,220,248,252,256,236,252,248,256,264,276,280,260,256,232,228,52,224
2026-10-03T11:00:00Z,216,236,48,232,60,244,244,232,224,232,204,236,248,224,272,284,284,288,284,280,280,276,280,284,288,292,296,300,292,288,296,296,292,304,284,308,332,312,308,328,16,336,344,8,324,220,236,260,260,224,236,240,248,220,228,4,220,248,268,328,28,48,232,40
2026-10-03T12:00:00Z,232,236,236,236,56,232,244,236,228,228,232,208,208,184,260,256,276,292,288,276,276,280,280,276,280,284,296,296,296,300,296,292,304,304,300,252,292,304,304,312,336,332,284,308,304,324,328,284,276,316,284,304,300,192,232,248,232,220,356,236,36,340,44,24
2026-10-03T13:00:00Z,232,228,36,228,240,236,252,240,248,224,224,224,208,216,212,280,268,284,288,280,276,276,264,276,276,288,292,288,308,300,288,296,312,308,312,288,308,336,328,308,328,300,248,312,348,220,324,356,336,300,336,292,12,228,12,20,308,40,44,28,244,40,48,48
2026-10-03T14:00:00Z,56,224,244,52,244,220,220,208,208,216,212,224,268,256,284,320,272,288,284,280,284,280,276,276,280,284,284,284,304,300,296,284,300,324,296,308,264,308,288,348,316,312,336,348,320,304,320,316,240,332,316,4,4,328,172,168,8,292,32,88,108,304,280,284
2026-10-03T15:00:00Z,244,240,244,248,68,244,248,228,236,260,212,224,188,252,256,300,284,292,296,280,280,280,280,284,280,288,288,288,296,300,300,296,296,312,296,304,312,312,308,348,324,344,332,344,316,320,276,316,4,324,8,340,244,264,52,16,16,48,48,60,44,68,60,64
2026-10-03T16:00:00Z,240,236,228,76,260,236,220,228,224,224,276,176,220,168,164,256,280,284,296,288,280,280,280,284,280,276,276,284,292,284,272,276,288,304,308,296,292,280,284,324,332,296,312,316,288,328,324,296,332,324,324,356,324,340,344,20,4,16,20,16,28,12,60,4
2026-10-03T17:00:00Z,228,48,56,232,244,72,224,216,220,228,212,204,216,264,180,296,280,288,272,276,284,288,284,288,284,288,296,280,292,300,300,284,300,312,272,296,292,288,276,320,312,324,312,304,316,332,328,332,4,328,336,328,348,340,356,4,24,352,20,332,324,340,44,68
2026-10-03T18:00:00Z,228,228,44,240,224,224,212,224,232,228,208,196,252,188,280,300,296,292,288,284,288,288,284,280,284,292,292,292,284,280,292,284,288,288,300,296,304,316,304,308,312,308,340,328,312,344,320,312,320,328,332,332,340,336,356,80,304,316,332,344,332,44,84,296
2026-10-03T19:00:00Z,204,212,236,216,224,232,224,216,224,224,216,232,204,240,200,260,276,296,296,284,284,280,284,288,276,284,284,284,284,288,288,284,284,304,308,324,316,320,336,312,296,320,324,328,324,344,320,332,324,312,308,348,316,332,144,328,344,312,340,164,316,96,64,332
2026-10-03T20:00:00Z,188,200,216,220,240,228,216,228,224,232,212,216,160,220,256,304,276,288,296,288,280,288,280,292,284,284,288,288,280,296,284,280,300,280,304,312,316,308,324,316,132,128,128,328,340,336,144,132,132,132,132,320,140,148,348,156,152,156,136,300,324,316,328,292
2026-10-03T21:00:00Z,220,220,204,212,232,224,208,232,216,204,236,216,180,252,220,292,288,288,288,288,296,288,284,284,288,292,288,292,280,288,288,292,320,272,316,240,292,304,296,124,308,136,156,140,144,144,156,132,156,340,144,160,148,132,136,120,136,140,88,152,140,160,348,328
2026-10-03T22:00:00Z,196,12,200,44,232,236,228,220,220,224,204,196,180,204,292,272,296,292,300,284,288,288,280,280,288,288,272,288,284,280,284,296,284,292,312,268,308,292,308,140,140,132,140,148,124,124,152,144,132,152,136,140,112,96,132,160,140,120,172,196,212,136,152,0
2026-10-03T23:00:00Z,220,68,220,52,232,224,204,220,224,224,244,228,200,236,272,292,284,288,292,288,284,288,284,288,284,280,292,288,288,284,284,284,284,288,288,304,320,312,324,316,132,152,136,148,148,156,116,148,160,136,180,184,172,80,136,192,152,80,128,164,152,152,148,172
2026-10-04T00:00:00Z,228,212,220,40,232,236,212,228,228,212,208,216,208,208,260,276,288,292,292,284,280,284,280,280,288,284,280,284,288,292,276,284,296,296,320,320,328,300,324,148,328,316,132,132,152,148,148,140,172,160,148,144,148,164,132,132,108,124,180,140,168,156,320,348
2026-10-04T01:00:00Z,208,212,212,220,224,224,220,216,224,212,220,212,200,232,212,276,284,288,284,288,280,280,280,280,288,288,292,296,296,288,296,304,300,304,308,316,312,308,316,320,344,328,328,352,200,340,316,304,120,316,160,4,0,348,140,192,156,16,0,12,8,8,16,356
2026-10-04T02:00:00Z,48,44,212,228,240,248,208,236,220,196,224,204,208,172,292,236,300,300,292,292,296,288,284,284,292,280,280,272,276,288,292,308,328,312,288,312,316,328,316,308,332,336,348,308,308,328,300,124,156,8,124,56,16,20,52,36,340,40,68,60,72,40,64,76
2026-10-04T03:00:00Z,248,240,228,228,224,76,236,220,216,208,192,200,200,196,316,276,300,296,292,284,288,280,292,292,284,284,292,284,292,280,284,256,280,316,304,316,308,296,16,288,332,336,356,308,340,4,324,320,32,8,4,36,20,124,60,48,56,60,32,68,56,68,56,64
2026-10-04T04:00:00Z,244,244,56,248,232,208,220,216,216,208,232,216,216,244,296,268,292,284,288,288,288,292,284,280,276,284,292,292,284,268,280,300,316,324,300,284,264,308,332,348,340,336,308,308,328,108,340,12,352,144,336,48,60,60,60,300,48,32,40,24,16,76,36,72
2026-10-04T05:00:00Z,240,236,236,244,256,240,212,212,216,200,212,216,192,256,276,288,292,296,288,292,292,292,284,288,288,284,300,268,284,288,288,288,296,300,284,336,308,336,328,28,336,356,352,328,352,328,12,340,332,332,336,0,20,44,16,36,36,0,20,28,44,252,0,0
2026-10-04T06:00:00Z,252,252,60,260,256,220,216,220,200,224,208,236,184,288,252,332,276,296,288,288,288,288,288,292,296,292,292,292,292,292,296,296,292,284,304,304,28,316,4,352,352,8,340,336,344,336,332,300,264,256,4,348,28,256,12,32,24,8,8,12,20,32,44,28
2026-10-04T07:00:00Z,228,208,68,64,252,252,216,196,200,204,204,236,216,208,276,300,308,300,292,284,292,288,296,296,292,288,296,284,292,296,300,300,304,304,276,288,324,352,324,344,340,324,296,344,0,4,332,352,336,328,16,4,352,340,340,0,328,316,344,356,312,12,348,284
2026-10-04T08:00:00Z,220,232,216,220,252,244,212,220,232,212,196,188,208,188,184,192,296,296,288,288,284,288,288,288,292,292,292,280,276,288,288,300,292,312,288,276,20,212,224,284,312,312,324,320,336,336,0,356,0,344,332,320,40,0,344,264,316,16,344,4,0,352,344,16
2026-10-04T09:00:00Z,216,208,180,228,244,224,216,216,192,220,212,216,228,196,196,300,280,284,288,288,288,284,288,280,288,292,300,300,296,288,284,296,316,316,300,296,288,276,316,312,308,320,332,328,316,344,348,336,356,308,12,340,356,0,12,24,336,336,292,312,296,312,12,24
2026-10-04T10:00:00Z,212,180,220,216,224,212,216,212,224,216,228,192,224,212,216,232,276,280,288,288,280,280,284,280,280,280,276,284,280,284,276,280,300,292,292,292,288,276,292,296,284,284,288,292,308,324,328,216,344,8,344,344,340,296,232,344,340,236,8,212,56,344,308,16
2026-10-04T11:00:00Z,216,216,200,204,204,204,208,224,220,208,208,224,220,164,288,264,272,276,284,288,288,284,280,280,284,288,288,284,276,292,308,296,300,300,300,280,288,288,280,304,284,288,300,300,300,300,320,304,276,304,320,24,316,328,312,308,16,4,228,4,344,348,316,356
2026-10-04T12:00:00Z,196,204,40,224,224,232,216,212,216,212,208,212,204,280,236,168,292,288,276,280,276,272,268,268,268,284,284,296,292,304,300,304,300,296,284,288,288,288,280,280,304,280,312,312,324,312,308,312,300,304,288,304,304,316,336,304,336,340,0,356,340,4,12,352
2026-10-04T13:00:00Z,204,204,208,216,216,224,200,208,224,212,220,216,208,236,252,256,288,280,280,276,284,280,280,280,272,268,292,304,284,280,288,292,308,300,296,300,300,308,296,304,296,304,296,300,308,288,312,316,312,332,324,332,300,324,324,304,348,292,308,304,356,24,332,296
2026-10-04T14:00:00Z,200,196,204,196,216,228,216,208,220,228,216,196,212,160,192,212,292,300,284,272,280,272,272,276,268,276,276,276,272,288,292,296,296,300,300,300,292,292,308,300,312,304,304,288,308,308,320,312,304,296,316,320,316,288,316,316,308,320,316,328,356,348,44,356
2026-10-04T15:00:00Z,28,32,44,224,224,212,196,204,224,216,220,220,212,208,220,152,244,292,288,276,288,268,272,276,280,272,264,280,296,284,292,296,288,296,296,312,296,312,296,296,308,288,300,320,312,300,308,300,296,300,336,328,320,324,240,156,140,312,344,32,204,24,344,208
2026-10-04T16:00:00Z,228,224,220,48,236,224,188,208,212,204,228,168,196,176,204,236,220,280,276,276,276,292,276,276,276,276,284,280,272,280,284,288,276,288,288,308,276,268,284,300,316,296,288,304,304,288,304,268,292,288,268,288,312,332,276,36,36,232,0,36,76,240,72,72
2026-10-04T17:00:00Z,220,220,216,236,228,244,196,204,208,216,220,212,184,204,276,288,308,284,292,280,284,284,280,280,288,284,280,280,272,272,272,284,268,284,292,308,296,292,300,308,308,300,312,272,304,324,336,332,296,292,120,108,116,304,96,160,116,80,0,108,112,160,144,124
2026-10-04T18:00:00Z,224,220,48,232,236,232,208,204,208,212,224,212,244,180,260,272,268,264,280,284,300,280,292,288,280,288,292,276,284,292,292,272,292,288,284,308,300,284,304,296,328,308,328,320,308,0,320,320,0,288,348,88,176,76,64,16,312,264,64,96,264,268,284,80
2026-10-04T19:00:00Z,240,216,236,240,68,228,224,204,212,208,212,208,184,188,316,188,284,300,288,280,284,284,280,288,280,276,288,292,284,276,268,248,264,268,264,8,48,276,236,36,0,32,8,8,352,12,28,308,332,340,36,32,280,300,60,92,68,72,64,84,76,84,272,88
2026-10-04T20:00:00Z,208,216,48,240,236,236,204,204,196,228,232,224,196,200,320,324,296,288,288,276,288,280,280,284,284,280,280,280,292,292,284,288,272,292,268,260,276,292,348,0,328,312,336,352,340,32,224,204,296,312,224,260,236,220,264,248,272,288,260,260,280,180,276,272
2026-10-04T21:00:00Z,216,216,236,60,236,232,196,204,224,220,204,216,228,260,272,280,288,272,272,284,276,272,276,284,280,280,272,280,288,292,272,260,296,292,288,268,304,0,284,280,324,332,228,36,220,316,340,316,288,276,296,312,284,204,280,280,272,268,260,276,284,260,260,276
2026-10-04T22:00:00Z,252,244,60,76,264,96,280,204,200,224,220,224,208,208,168,284,284,288,288,292,288,284,276,284,288,284,276,280,284,280,280,280,292,264,252,276,304,280,8,320,296,348,208,356,280,336,328,268,320,12,308,320,304,312,288,292,304,288,296,288,284,284,296,288
2026-10-04T23:00:00Z,260,252,256,92,264,248,224,176,196,232,216,220,212,204,140,276,300,288,288,284,292,284,284,284,272,284,280,276,292,280,268,280,304,292,296,316,16,300,296,296,288,288,300,300,300,328,28,344,352,324,304,308,312,304,312,288,300,304,292,300,296,280,268,292
2026-10-05T00:00:00Z,220,252,184,268,136,128,196,184,212,208,232,200,220,208,188,236,296,292,288,284,288,280,272,260,272,276,296,276,272,288,272,264,288,284,280,288,300,308,308,344,356,352,4,8,352,32,32,268,356,348,24,340,24,224,348,328,156,292,288,276,248,284,324,272
2026-10-05T01:00:00Z,168,132,252,248,284,276,188,192,224,204,216,240,228,212,216,240,276,292,288,292,292,280,280,280,284,272,284,284,280,268,280,288,296,284,292,316,268,284,284,284,280,288,324,320,304,312,312,352,344,316,32,48,28,292,324,296,296,280,260,284,268,288,284,284
2026-10-05T02:00:00Z,228,228,264,248,228,220,204,208,216,212,228,204,228,200,308,304,300,296,284,284,284,288,288,284,276,284,284,284,280,288,276,300,272,260,280,288,240,244,280,344,296,288,312,196,8,4,0,8,16,4,268,312,328,356,36,16,348,288,288,296,288,276,268,268
2026-10-05T03:00:00Z,204,212,216,192,208,192,196,200,200,196,208,184,200,188,184,300,288,276,288,288,296,292,284,276,276,276,276,276,280,280,296,272,280,300,284,276,308,296,320,316,300,340,8,356,332,24,44,44,28,292,112,88,336,328,40,316,296,284,88,72,96,84,96,88
2026-10-05T04:00:00Z,200,208,188,128,228,208,208,196,196,192,216,208,180,172,188,300,284,296,288,284,288,292,288,276,280,292,276,284,296,284,264,272,276,284,296,296,296,256,308,356,324,348,236,32,44,0,12,80,300,332,304,328,348,272,268,132,120,316,164,180,104,292,284,280
2026-10-05T05:00:00Z,208,188,192,212,208,196,200,196,200,204,204,176,212,192,176,300,300,296,280,284,284,280,284,280,292,284,288,280,276,288,296,272,252,240,276,288,272,276,280,280,268,276,308,332,28,284,300,292,308,256,208,348,352,332,296,288,28,300,288,288,100,80,100,280
2026-10-05T06:00:00Z,192,180,176,192,192,224,208,204,204,204,208,228,208,148,204,196,292,284,292,284,284,284,288,288,284,284,288,276,276,288,280,272,288,280,284,276,260,260,288,252,260,260,280,228,244,212,260,264,256,264,232,264,264,252,284,260,264,248,276,248,276,276,88,72
2026-10-05T07:00:00Z,204,192,184,212,212,200,196,200,212,200,220,196,152,240,276,272,296,292,296,276,280,288,288,292,288,284,280,280,292,292,272,284,308,312,276,292,296,304,284,280,280,288,280,280,280,264,236,280,280,272,244,272,244,268,272,256,276,244,284,256,244,252,320,104
2026-10-05T08:00:00Z,204,192,192,20,200,224,188,196,204,204,212,212,204,216,156,168,268,292,300,296,292,292,292,296,292,288,280,280,284,280,288,300,304,308,292,292,280,272,288,284,276,280,260,260,264,272,276,268,284,232,272,260,272,260,256,240,252,236,248,244,260,256,252,236
2026-10-05T09:00:00Z,208,200,208,200,212,220,196,196,212,204,212,204,204,228,140,208,288,288,296,284,276,276,280,280,292,284,284,280,276,304,272,288,280,292,284,280,268,276,280,272,260,256,264,260,272,264,268,264,272,268,260,256,264,268,256,260,252,244,244,228,224,240,248,240
2026-10-05T10:00:00Z,192,192,192,208,216,228,216,184,204,216,208,220,204,208,172,172,288,284,284,280,276,276,280,276,284,288,284,284,268,288,292,300,304,304,304,292,280,276,272,276,264,252,248,248,256,256,260,260,244,256,264,276,276,280,252,244,232,236,248,188,352,348,356,344
2026-10-05T11:00:00Z,196,200,204,224,220,232,212,212,208,216,216,220,208,228,220,192,292,296,284,288,284,272,284,284,284,296,280,284,288,280,304,292,296,312,324,284,264,272,264,260,264,260,276,300,268,260,264,284,272,272,276,288,288,248,264,248,244,248,220,328,248,8,272,256
2026-10-05T12:00:00Z,220,228,216,208,44,220,216,204,200,200,212,208,208,240,288,240,308,288,296,292,288,288,292,296,292,276,284,292,308,292,292,308,304,304,300,296,296,312,292,292,284,288,284,288,304,272,280,276,272,268,292,268,276,312,224,248,296,260,316,284,316,352,356,28
2026-10-05T13:00:00Z,208,212,220,216,220,216,220,196,200,208,228,200,124,236,228,240,284,268,284,280,276,280,272,276,280,288,284,284,300,300,296,308,308,296,292,284,292,292,308,300,308,292,288,288,288,272,292,288,288,284,292,284,296,288,284,328,236,308,304,304,248,248,12,260
2026-10-05T14:00:00Z,204,200,220,224,52,224,212,188,216,212,216,224,200,204,216,208,284,292,292,284,272,280,276,264,276,268,276,284,288,300,308,312,316,320,324,308,296,296,292,296,280,304,304,280,292,288,272,280,292,296,296,300,284,312,336,304,296,12,320,308,12,20,332,20
2026-10-05T15:00:00Z,220,212,208,212,236,208,216,184,216,204,224,216,208,216,204,180,276,276,284,288,260,272,276,288,280,276,276,276,276,272,284,300,304,312,312,296,304,304,304,304,296,300,308,304,312,284,308,292,304,304,312,316,320,292,300,296,348,352,344,340,0,352,320,336
2026-10-05T16:00:00Z,232,228,56,236,232,236,224,216,196,204,208,220,204,216,204,324,272,272,284,280,272,272,268,264,240,268,276,272,280,280,260,276,284,312,312,304,300,300,284,300,276,300,276,88,280,296,312,340,296,276,332,308,288,300,260,284,308,344,328,348,16,344,60,40
2026-10-05T17:00:00Z,228,212,40,216,236,228,192,196,212,208,200,224,200,216,192,180,300,288,308,304,284,288,284,288,272,268,276,276,264,272,276,276,284,8,336,324,320,312,308,300,304,296,308,296,296,288,300,300,300,12,308,324,304,324,296,316,316,340,332,44,304,304,284,76
2026-10-05T18:00:00Z,208,224,220,236,236,208,216,200,200,200,212,204,200,208,244,220,280,296,280,280,288,276,284,260,272,260,264,272,268,272,284,268,272,272,272,308,304,344,352,296,88,80,268,284,304,216,328,332,320,312,272,264,276,284,280,268,32,76,72,112,64,68,4,64
2026-10-05T19:00:00Z,224,240,252,76,248,104,192,192,208,212,196,216,220,200,264,296,284,288,280,284,280,284,300,276,272,276,268,264,252,260,264,272,256,252,272,284,28,348,344,328,316,324,8,300,304,0,292,300,296,268,284,280,292,352,240,316,4,268,284,272,240,272,260,284
2026-10-05T20:00:00Z,252,252,68,92,264,252,116,196,200,216,204,164,200,216,280,212,272,300,280,272,276,284,268,272,272,272,256,268,264,264,268,256,260,252,236,244,284,204,8,212,340,324,260,280,264,280,336,340,320,336,344,328,324,328,352,344,340,304,304,300,308,300,304,316
2026-10-05T21:00:00Z,268,276,248,256,224,112,228,164,196,212,208,184,168,168,192,224,304,272,288,272,272,284,280,284,276,284,272,268,260,268,264,272,280,288,268,276,228,164,304,332,332,288,272,312,300,284,280,288,296,296,300,296,308,308,304,296,300,296,308,292,292,296,288,280
2026-10-05T22:00:00Z,272,280,276,100,252,248,280,196,172,204,192,188,188,192,212,256,272,288,284,280,276,280,284,280,284,284,276,276,264,256,260,272,260,252,252,272,268,284,284,312,316,344,288,328,304,288,284,288,292,288,292,288,284,288,284,292,280,296,296,284,296,284,284,292
2026-10-05T23:00:00Z,276,292,128,292,100,240,288,184,192,188,196,208,168,180,176,164,140,296,288,284,260,272,264,272,276,284,280,280,272,280,304,280,296,292,300,292,296,300,296,292,288,292,292,288,288,292,296,292,296,288,276,296,288,292,292,300,288,288,312,308,300,288,300,300
2026-10-06T00:00:00Z,248,256,280,260,44,288,268,204,200,188,200,200,180,172,172,180,280,284,276,276,280,276,272,264,272,268,276,280,284,312,308,308,304,316,308,296,308,304,296,296,292,288,284,280,280,296,300,292,300,292,284,292,300,300,296,296,292,272,296,284,284,260,300,296
