time_utc,0.0250,0.0300,0.0350,0.0400,0.0450,0.0500,0.0550,0.0600,0.0650,0.0700,0.0750,0.0800,0.0850,0.0900,0.0950,0.1010,0.1100,0.1200,0.1300,0.1400,0.1500,0.1600,0.1700,0.1800,0.1900,0.2000,0.2100,0.2200,0.2300,0.2400,0.2500,0.2600,0.2700,0.2800,0.2900,0.3000,0.3100,0.3200,0.3300,0.3400,0.3500,0.3600,0.3700,0.3800,0.3900,0.4000,0.4100,0.4200,0.4300,0.4400,0.4500,0.4600,0.4700,0.4800,0.4900,0.5000,0.5100,0.5200,0.5300,0.5400,0.5500,0.5600,0.5700,0.5800
2026-08-13T00:00:00Z,0.45,0.37,0.32,0.48,0.33,0.6,0.9,0.88,0.72,0.87,0.79,0.88,0.79,0.76,0.7,0.56,0.72,0.6,0.47,0.66,0.76,0.83,0.9,0.88,0.86,0.85,0.85,0.79,0.82,0.86,0.84,0.72,0.8,0.79,0.82,0.8,0.72,0.78,0.77,0.75,0.81,0.64,0.84,0.81,0.77,0.68,0.66,0.77,0.72,0.77,0.68,0.71,0.72,0.64,0.66,0.67,0.8,0.58,0.61,0.58,0.58,0.64,0.5,0.52
2026-08-13T01:00:00Z,0.44,0.38,0.11,0.16,0.35,0.6,0.86,0.91,0.83,0.9,0.79,0.83,0.86,0.86,0.8,0.68,0.66,0.53,0.64,0.75,0.76,0.86,0.89,0.89,0.82,0.82,0.88,0.82,0.87,0.87,0.8,0.8,0.77,0.84,0.75,0.74,0.7,0.83,0.76,0.79,0.81,0.79,0.79,0.72,0.81,0.79,0.81,0.77,0.76,0.73,0.71,0.62,0.64,0.69,0.65,0.57,0.78,0.53,0.55,0.6,0.67,0.51,0.54,0.65
2026-08-13T02:00:00Z,0.2,0.24,0.49,0.19,0.5,0.18,0.82,0.93,0.88,0.7,0.87,0.84,0.79,0.86,0.74,0.71,0.59,0.6,0.47,0.8,0.79,0.87,0.92,0.88,0.91,0.88,0.88,0.86,0.83,0.87,0.86,0.82,0.78,0.7,0.78,0.73,0.76,0.77,0.69,0.67,0.57,0.74,0.67,0.72,0.78,0.74,0.74,0.74,0.77,0.79,0.62,0.6,0.62,0.73,0.7,0.71,0.61,0.67,0.65,0.58,0.63,0.56,0.67,0.64
2026-08-13T03:00:00Z,0.65,0.5,0.34,0.11,0.42,0.73,0.85,0.93,0.95,0.83,0.91,0.85,0.84,0.81,0.8,0.57,0.67,0.6,0.54,0.75,0.81,0.82,0.85,0.87,0.82,0.86,0.83,0.87,0.83,0.78,0.77,0.73,0.8,0.78,0.76,0.83,0.84,0.78,0.86,0.79,0.73,0.74,0.78,0.81,0.74,0.62,0.66,0.73,0.59,0.66,0.68,0.7,0.72,0.66,0.71,0.71,0.59,0.57,0.74,0.52,0.61,0.53,0.64,0.66
2026-08-13T04:00:00Z,0.43,0.22,0.31,0.52,0.57,0.66,0.88,0.89,0.84,0.75,0.82,0.81,0.78,0.78,0.79,0.77,0.45,0.56,0.55,0.63,0.79,0.86,0.83,0.76,0.78,0.85,0.89,0.88,0.87,0.83,0.82,0.86,0.82,0.83,0.78,0.81,0.83,0.82,0.75,0.78,0.66,0.58,0.71,0.66,0.67,0.61,0.66,0.68,0.77,0.61,0.64,0.72,0.68,0.59,0.69,0.67,0.49,0.65,0.54,0.59,0.58,0.52,0.57,0.51
2026-08-13T05:00:00Z,0.44,0.54,0.18,0.28,0.66,0.62,0.83,0.93,0.86,0.74,0.8,0.89,0.88,0.88,0.83,0.81,0.69,0.56,0.58,0.59,0.7,0.76,0.83,0.86,0.8,0.73,0.84,0.85,0.85,0.91,0.93,0.9,0.87,0.9,0.85,0.78,0.66,0.69,0.85,0.75,0.75,0.7,0.7,0.63,0.66,0.68,0.59,0.64,0.61,0.58,0.63,0.49,0.53,0.6,0.53,0.54,0.58,0.44,0.46,0.51,0.5,0.4,0.29,0.49
2026-08-13T06:00:00Z,0.38,0.48,0.12,0.25,0.55,0.67,0.75,0.9,0.92,0.86,0.89,0.83,0.83,0.85,0.76,0.62,0.58,0.55,0.63,0.84,0.79,0.74,0.64,0.75,0.79,0.84,0.85,0.82,0.87,0.9,0.87,0.83,0.77,0.78,0.84,0.82,0.82,0.7,0.68,0.75,0.76,0.61,0.56,0.62,0.71,0.6,0.64,0.6,0.67,0.63,0.54,0.59,0.7,0.63,0.54,0.57,0.54,0.54,0.46,0.56,0.52,0.43,0.58,0.48
2026-08-13T07:00:00Z,0.45,0.46,0.33,0.08,0.38,0.27,0.8,0.81,0.85,0.82,0.83,0.91,0.83,0.87,0.79,0.7,0.61,0.59,0.53,0.69,0.78,0.74,0.74,0.86,0.81,0.71,0.84,0.8,0.92,0.92,0.77,0.82,0.84,0.89,0.79,0.71,0.71,0.73,0.76,0.82,0.74,0.83,0.76,0.56,0.76,0.73,0.67,0.62,0.63,0.75,0.71,0.62,0.48,0.64,0.6,0.54,0.6,0.6,0.57,0.51,0.6,0.47,0.38,0.48
2026-08-13T08:00:00Z,0.57,0.53,0.23,0.23,0.45,0.47,0.81,0.87,0.91,0.86,0.89,0.89,0.89,0.82,0.78,0.72,0.52,0.62,0.63,0.74,0.77,0.82,0.84,0.75,0.8,0.82,0.8,0.87,0.91,0.87,0.81,0.84,0.88,0.82,0.81,0.73,0.72,0.7,0.64,0.77,0.69,0.64,0.74,0.71,0.67,0.71,0.65,0.63,0.61,0.65,0.61,0.61,0.49,0.57,0.57,0.64,0.59,0.54,0.56,0.58,0.57,0.61,0.53,0.55
2026-08-13T09:00:00Z,0.58,0.59,0.16,0.22,0.65,0.76,0.87,0.81,0.87,0.81,0.92,0.79,0.79,0.84,0.85,0.58,0.65,0.54,0.65,0.68,0.76,0.77,0.85,0.82,0.84,0.78,0.85,0.89,0.89,0.86,0.82,0.72,0.75,0.77,0.84,0.72,0.69,0.8,0.72,0.76,0.66,0.76,0.62,0.6,0.57,0.63,0.7,0.71,0.53,0.63,0.58,0.52,0.55,0.6,0.52,0.61,0.52,0.58,0.55,0.43,0.39,0.49,0.42,0.42
2026-08-13T10:00:00Z,0.59,0.64,0.27,0.32,0.68,0.67,0.75,0.92,0.86,0.86,0.87,0.88,0.87,0.77,0.53,0.69,0.64,0.64,0.59,0.74,0.73,0.79,0.79,0.77,0.82,0.84,0.86,0.83,0.85,0.89,0.86,0.84,0.78,0.85,0.8,0.69,0.61,0.77,0.78,0.7,0.73,0.65,0.74,0.76,0.63,0.7,0.65,0.63,0.78,0.66,0.59,0.57,0.54,0.31,0.58,0.45,0.54,0.52,0.44,0.35,0.46,0.39,0.31,0.35
2026-08-13T11:00:00Z,0.4,0.43,0.19,0.2,0.64,0.75,0.85,0.92,0.93,0.86,0.93,0.81,0.82,0.89,0.83,0.81,0.6,0.5,0.59,0.73,0.8,0.83,0.79,0.81,0.76,0.81,0.85,0.82,0.84,0.79,0.88,0.85,0.84,0.83,0.72,0.76,0.79,0.72,0.68,0.74,0.75,0.79,0.72,0.69,0.51,0.5,0.67,0.69,0.54,0.67,0.67,0.56,0.6,0.44,0.46,0.5,0.52,0.45,0.4,0.49,0.23,0.3,0.51,0.52
2026-08-13T12:00:00Z,0.31,0.47,0.36,0.27,0.66,0.75,0.84,0.84,0.94,0.91,0.87,0.84,0.83,0.8,0.79,0.6,0.56,0.64,0.61,0.77,0.83,0.76,0.81,0.75,0.82,0.82,0.86,0.84,0.77,0.82,0.88,0.88,0.83,0.79,0.71,0.64,0.69,0.69,0.7,0.71,0.69,0.72,0.78,0.68,0.52,0.67,0.73,0.64,0.66,0.62,0.67,0.47,0.68,0.67,0.63,0.69,0.65,0.44,0.59,0.48,0.44,0.39,0.47,0.54
2026-08-13T13:00:00Z,0.6,0.45,0.08,0.26,0.82,0.53,0.92,0.88,0.94,0.84,0.85,0.78,0.86,0.78,0.69,0.72,0.61,0.7,0.77,0.77,0.74,0.81,0.8,0.86,0.86,0.77,0.81,0.88,0.83,0.8,0.86,0.81,0.81,0.8,0.79,0.75,0.72,0.6,0.73,0.72,0.74,0.65,0.68,0.71,0.68,0.75,0.67,0.65,0.64,0.71,0.71,0.76,0.72,0.55,0.57,0.62,0.61,0.61,0.63,0.55,0.6,0.56,0.49,0.55
2026-08-13T14:00:00Z,0.56,0.33,0.21,0.53,0.72,0.72,0.86,0.88,0.94,0.91,0.89,0.91,0.88,0.62,0.79,0.77,0.66,0.75,0.63,0.76,0.72,0.83,0.83,0.85,0.83,0.78,0.72,0.85,0.83,0.87,0.84,0.67,0.71,0.79,0.77,0.76,0.69,0.77,0.76,0.78,0.73,0.74,0.58,0.64,0.64,0.69,0.66,0.58,0.65,0.72,0.66,0.58,0.63,0.6,0.6,0.54,0.38,0.67,0.51,0.56,0.43,0.18,0.14,0.36
2026-08-13T15:00:00Z,0.76,0.65,0.46,0.2,0.67,0.82,0.9,0.95,0.95,0.89,0.84,0.95,0.81,0.7,0.82,0.62,0.63,0.63,0.72,0.65,0.8,0.82,0.8,0.73,0.84,0.84,0.88,0.87,0.86,0.86,0.82,0.84,0.76,0.73,0.74,0.65,0.66,0.66,0.71,0.73,0.76,0.68,0.61,0.56,0.68,0.69,0.63,0.64,0.72,0.7,0.63,0.74,0.65,0.65,0.58,0.7,0.78,0.7,0.71,0.66,0.73,0.73,0.72,0.6
2026-08-13T16:00:00Z,0.44,0.27,0.65,0.47,0.66,0.77,0.78,0.86,0.92,0.88,0.68,0.82,0.86,0.78,0.78,0.71,0.59,0.63,0.7,0.8,0.81,0.88,0.78,0.86,0.84,0.88,0.85,0.91,0.84,0.82,0.77,0.78,0.72,0.72,0.7,0.61,0.68,0.66,0.67,0.65,0.52,0.61,0.55,0.58,0.56,0.65,0.53,0.57,0.53,0.27,0.45,0.37,0.55,0.64,0.53,0.66,0.67,0.56,0.56,0.76,0.7,0.68,0.52,0.63
2026-08-13T17:00:00Z,0.7,0.53,0.38,0.37,0.63,0.88,0.91,0.92,0.92,0.92,0.95,0.93,0.9,0.7,0.79,0.8,0.62,0.63,0.67,0.71,0.74,0.88,0.81,0.84,0.78,0.77,0.87,0.81,0.81,0.85,0.79,0.73,0.75,0.78,0.78,0.78,0.69,0.65,0.63,0.61,0.76,0.68,0.51,0.56,0.63,0.66,0.61,0.64,0.58,0.61,0.58,0.57,0.57,0.66,0.62,0.66,0.73,0.62,0.63,0.54,0.53,0.52,0.76,0.64
2026-08-13T18:00:00Z,0.37,0.27,0.26,0.37,0.63,0.75,0.87,0.93,0.95,0.84,0.9,0.89,0.79,0.9,0.73,0.67,0.71,0.59,0.69,0.77,0.84,0.86,0.81,0.83,0.8,0.84,0.84,0.76,0.78,0.78,0.8,0.86,0.89,0.89,0.85,0.81,0.81,0.75,0.72,0.69,0.77,0.71,0.73,0.69,0.58,0.65,0.66,0.56,0.73,0.67,0.52,0.72,0.76,0.76,0.7,0.71,0.79,0.81,0.73,0.8,0.63,0.73,0.75,0.85
2026-08-13T19:00:00Z,0.25,0.26,0.36,0.15,0.78,0.81,0.74,0.77,0.9,0.84,0.79,0.93,0.94,0.87,0.55,0.64,0.53,0.45,0.61,0.74,0.81,0.86,0.89,0.84,0.88,0.77,0.79,0.74,0.77,0.84,0.83,0.88,0.8,0.82,0.84,0.82,0.73,0.76,0.85,0.87,0.72,0.83,0.68,0.78,0.67,0.72,0.77,0.81,0.73,0.67,0.75,0.65,0.67,0.74,0.7,0.63,0.83,0.73,0.68,0.74,0.74,0.75,0.62,0.71
2026-08-13T20:00:00Z,0.59,0.53,0.34,0.17,0.57,0.65,0.78,0.9,0.95,0.91,0.82,0.93,0.85,0.85,0.81,0.63,0.7,0.55,0.69,0.79,0.75,0.78,0.84,0.82,0.78,0.79,0.82,0.67,0.67,0.79,0.71,0.75,0.79,0.82,0.79,0.89,0.9,0.83,0.83,0.59,0.72,0.78,0.77,0.76,0.73,0.77,0.79,0.67,0.64,0.77,0.77,0.83,0.81,0.79,0.76,0.77,0.76,0.83,0.74,0.79,0.74,0.56,0.78,0.68
2026-08-13T21:00:00Z,0.44,0.21,0.17,0.38,0.72,0.7,0.67,0.72,0.84,0.95,0.73,0.87,0.95,0.8,0.67,0.74,0.64,0.65,0.6,0.74,0.82,0.82,0.77,0.69,0.73,0.76,0.79,0.83,0.83,0.71,0.8,0.83,0.75,0.69,0.77,0.78,0.69,0.66,0.73,0.63,0.71,0.72,0.7,0.76,0.74,0.8,0.85,0.82,0.84,0.89,0.88,0.83,0.81,0.76,0.84,0.79,0.72,0.75,0.71,0.75,0.74,0.76,0.82,0.71
2026-08-13T22:00:00Z,0.37,0.33,0.16,0.37,0.22,0.64,0.82,0.8,0.84,0.81,0.84,0.9,0.87,0.84,0.75,0.57,0.71,0.49,0.62,0.66,0.82,0.83,0.85,0.86,0.8,0.74,0.8,0.81,0.86,0.84,0.79,0.82,0.67,0.69,0.79,0.75,0.8,0.74,0.81,0.79,0.74,0.86,0.76,0.85,0.82,0.86,0.87,0.76,0.77,0.78,0.76,0.78,0.88,0.81,0.75,0.77,0.83,0.81,0.76,0.7,0.78,0.7,0.75,0.77
2026-08-13T23:00:00Z,0.58,0.38,0.24,0.17,0.53,0.71,0.76,0.84,0.92,0.92,0.89,0.89,0.85,0.92,0.64,0.61,0.63,0.68,0.67,0.77,0.86,0.87,0.85,0.8,0.89,0.88,0.86,0.86,0.82,0.8,0.82,0.8,0.72,0.78,0.83,0.62,0.67,0.71,0.62,0.78,0.73,0.79,0.77,0.83,0.85,0.84,0.85,0.91,0.84,0.75,0.84,0.75,0.8,0.79,0.85,0.79,0.7,0.74,0.74,0.69,0.67,0.8,0.72,0.67
2026-08-14T00:00:00Z,0.68,0.58,0.34,0.51,0.74,0.88,0.85,0.94,0.94,0.96,0.89,0.95,0.91,0.85,0.85,0.74,0.6,0.58,0.72,0.82,0.87,0.87,0.86,0.84,0.83,0.8,0.82,0.81,0.81,0.82,0.73,0.82,0.77,0.84,0.72,0.76,0.6,0.75,0.66,0.67,0.81,0.74,0.82,0.83,0.83,0.85,0.87,0.75,0.73,0.69,0.74,0.8,0.76,0.69,0.68,0.68,0.81,0.69,0.7,0.76,0.78,0.75,0.7,0.65
2026-08-14T01:00:00Z,0.66,0.59,0.45,0.18,0.61,0.73,0.84,0.89,0.93,0.9,0.9,0.91,0.92,0.85,0.72,0.73,0.56,0.63,0.68,0.81,0.8,0.91,0.87,0.87,0.87,0.83,0.81,0.79,0.72,0.83,0.83,0.78,0.63,0.78,0.78,0.73,0.67,0.73,0.72,0.69,0.67,0.77,0.72,0.79,0.76,0.8,0.79,0.83,0.79,0.69,0.69,0.78,0.76,0.82,0.72,0.75,0.6,0.65,0.63,0.62,0.67,0.67,0.72,0.67
2026-08-14T02:00:00Z,0.54,0.63,0.41,0.29,0.59,0.92,0.79,0.91,0.91,0.92,0.93,0.82,0.7,0.76,0.87,0.82,0.62,0.58,0.64,0.83,0.87,0.83,0.89,0.91,0.84,0.86,0.82,0.85,0.87,0.79,0.81,0.84,0.73,0.83,0.82,0.71,0.75,0.89,0.77,0.64,0.8,0.8,0.81,0.65,0.75,0.68,0.81,0.83,0.62,0.65,0.67,0.78,0.68,0.79,0.68,0.61,0.58,0.58,0.53,0.68,0.64,0.45,0.44,0.32
2026-08-14T03:00:00Z,0.38,0.21,0.24,0.27,0.72,0.89,0.83,0.91,0.89,0.88,0.95,0.85,0.89,0.9,0.86,0.77,0.62,0.6,0.65,0.68,0.79,0.77,0.85,0.83,0.82,0.65,0.72,0.82,0.77,0.81,0.79,0.83,0.85,0.86,0.78,0.69,0.78,0.72,0.75,0.75,0.73,0.69,0.79,0.76,0.67,0.75,0.71,0.82,0.71,0.76,0.78,0.53,0.58,0.71,0.65,0.64,0.57,0.62,0.61,0.51,0.64,0.57,0.53,0.4
2026-08-14T04:00:00Z,0.16,0.3,0.36,0.28,0.6,0.89,0.5,0.91,0.85,0.93,0.96,0.86,0.87,0.95,0.79,0.86,0.73,0.61,0.55,0.7,0.64,0.82,0.85,0.76,0.85,0.85,0.76,0.82,0.8,0.85,0.84,0.84,0.82,0.81,0.8,0.73,0.79,0.82,0.84,0.78,0.79,0.74,0.63,0.73,0.77,0.83,0.67,0.75,0.75,0.72,0.75,0.74,0.58,0.58,0.66,0.69,0.49,0.48,0.5,0.66,0.56,0.53,0.54,0.49
2026-08-14T05:00:00Z,0.56,0.41,0.13,0.31,0.56,0.8,0.86,0.9,0.94,0.94,0.92,0.89,0.91,0.9,0.86,0.8,0.7,0.65,0.62,0.67,0.8,0.88,0.91,0.79,0.75,0.84,0.8,0.76,0.88,0.91,0.84,0.78,0.81,0.84,0.81,0.82,0.75,0.72,0.78,0.69,0.7,0.71,0.79,0.69,0.69,0.72,0.64,0.65,0.76,0.72,0.66,0.69,0.63,0.64,0.68,0.67,0.62,0.49,0.48,0.65,0.62,0.57,0.55,0.47
2026-08-14T06:00:00Z,0.36,0.16,0.12,0.44,0.53,0.94,0.9,0.93,0.87,0.83,0.89,0.88,0.93,0.89,0.84,0.71,0.71,0.67,0.59,0.69,0.72,0.74,0.72,0.79,0.81,0.79,0.78,0.71,0.76,0.87,0.83,0.82,0.72,0.82,0.75,0.8,0.68,0.67,0.67,0.74,0.77,0.73,0.71,0.71,0.81,0.76,0.73,0.68,0.64,0.63,0.65,0.65,0.74,0.73,0.6,0.56,0.64,0.6,0.54,0.64,0.71,0.53,0.74,0.6
2026-08-14T07:00:00Z,0.79,0.59,0.49,0.54,0.77,0.91,0.86,0.89,0.85,0.86,0.92,0.92,0.87,0.79,0.82,0.69,0.77,0.73,0.53,0.67,0.73,0.75,0.82,0.82,0.74,0.78,0.62,0.78,0.79,0.75,0.62,0.7,0.73,0.71,0.65,0.5,0.64,0.67,0.78,0.76,0.73,0.73,0.6,0.65,0.66,0.58,0.68,0.61,0.66,0.7,0.52,0.51,0.7,0.62,0.66,0.6,0.72,0.65,0.7,0.64,0.59,0.68,0.78,0.68
2026-08-14T08:00:00Z,0.84,0.69,0.36,0.48,0.85,0.96,0.89,0.89,0.84,0.88,0.86,0.68,0.92,0.8,0.82,0.48,0.54,0.62,0.66,0.77,0.66,0.81,0.73,0.73,0.7,0.72,0.69,0.65,0.61,0.63,0.66,0.73,0.66,0.62,0.62,0.69,0.74,0.71,0.59,0.61,0.55,0.58,0.59,0.49,0.41,0.56,0.37,0.31,0.25,0.44,0.44,0.49,0.54,0.56,0.6,0.54,0.45,0.63,0.65,0.54,0.6,0.65,0.65,0.57
2026-08-14T09:00:00Z,0.73,0.65,0.51,0.29,0.79,0.91,0.92,0.88,0.87,0.93,0.9,0.91,0.93,0.86,0.63,0.78,0.59,0.64,0.61,0.65,0.74,0.81,0.77,0.82,0.76,0.68,0.75,0.71,0.63,0.62,0.71,0.82,0.73,0.8,0.8,0.79,0.65,0.69,0.59,0.58,0.65,0.57,0.57,0.33,0.36,0.57,0.24,0.38,0.41,0.22,0.28,0.5,0.49,0.52,0.41,0.34,0.52,0.56,0.62,0.53,0.67,0.7,0.6,0.78
2026-08-14T10:00:00Z,0.8,0.73,0.05,0.59,0.82,0.93,0.95,0.88,0.91,0.88,0.94,0.84,0.93,0.91,0.73,0.57,0.69,0.61,0.71,0.7,0.79,0.77,0.82,0.79,0.85,0.86,0.79,0.74,0.76,0.73,0.74,0.67,0.67,0.72,0.79,0.74,0.73,0.7,0.65,0.69,0.64,0.67,0.68,0.54,0.42,0.42,0.38,0.36,0.25,0.49,0.55,0.48,0.34,0.53,0.46,0.44,0.6,0.66,0.66,0.66,0.69,0.78,0.8,0.78
2026-08-14T11:00:00Z,0.83,0.77,0.55,0.64,0.86,0.91,0.96,0.84,0.93,0.92,0.89,0.84,0.95,0.79,0.73,0.58,0.65,0.59,0.62,0.6,0.66,0.76,0.84,0.73,0.74,0.77,0.67,0.8,0.64,0.68,0.55,0.61,0.65,0.72,0.77,0.7,0.7,0.65,0.79,0.66,0.67,0.65,0.36,0.42,0.26,0.5,0.58,0.45,0.56,0.45,0.58,0.48,0.23,0.2,0.25,0.44,0.5,0.64,0.59,0.56,0.65,0.72,0.69,0.63
2026-08-14T12:00:00Z,0.82,0.63,0.53,0.56,0.82,0.96,0.97,0.9,0.87,0.94,0.93,0.83,0.84,0.89,0.81,0.66,0.75,0.66,0.71,0.8,0.72,0.79,0.81,0.82,0.8,0.82,0.8,0.68,0.78,0.71,0.68,0.64,0.69,0.7,0.78,0.82,0.63,0.63,0.63,0.64,0.73,0.66,0.56,0.6,0.75,0.47,0.49,0.4,0.35,0.55,0.42,0.54,0.53,0.41,0.45,0.6,0.54,0.38,0.6,0.56,0.57,0.59,0.6,0.72
2026-08-14T13:00:00Z,0.85,0.58,0.14,0.8,0.87,0.94,0.97,0.9,0.9,0.85,0.94,0.9,0.93,0.9,0.77,0.83,0.59,0.62,0.73,0.81,0.8,0.84,0.86,0.88,0.82,0.84,0.85,0.88,0.79,0.86,0.84,0.72,0.77,0.75,0.7,0.79,0.7,0.7,0.85,0.8,0.78,0.76,0.81,0.76,0.74,0.74,0.68,0.66,0.57,0.67,0.72,0.73,0.7,0.62,0.58,0.62,0.71,0.6,0.67,0.74,0.73,0.78,0.68,0.67
2026-08-14T14:00:00Z,0.87,0.8,0.63,0.62,0.87,0.96,0.96,0.88,0.95,0.91,0.95,0.89,0.88,0.86,0.91,0.53,0.64,0.63,0.72,0.7,0.85,0.88,0.89,0.92,0.88,0.71,0.82,0.88,0.86,0.86,0.82,0.71,0.69,0.73,0.71,0.72,0.69,0.82,0.82,0.81,0.75,0.74,0.77,0.67,0.72,0.64,0.63,0.65,0.61,0.53,0.61,0.61,0.44,0.42,0.57,0.62,0.62,0.71,0.54,0.61,0.62,0.41,0.48,0.52
2026-08-14T15:00:00Z,0.81,0.83,0.7,0.71,0.92,0.95,0.95,0.88,0.95,0.89,0.95,0.79,0.94,0.76,0.84,0.79,0.71,0.68,0.63,0.74,0.74,0.83,0.72,0.75,0.74,0.65,0.6,0.67,0.7,0.65,0.58,0.67,0.57,0.54,0.59,0.58,0.61,0.78,0.59,0.58,0.48,0.37,0.51,0.53,0.54,0.48,0.33,0.29,0.2,0.44,0.06,0.16,0.38,0.3,0.11,0.1,0.16,0.28,0.33,0.26,0.28,0.45,0.41,0.27
2026-08-14T16:00:00Z,0.81,0.37,0.29,0.49,0.83,0.94,0.96,0.87,0.94,0.84,0.92,0.84,0.82,0.89,0.75,0.77,0.72,0.68,0.69,0.77,0.88,0.85,0.81,0.73,0.8,0.84,0.88,0.79,0.76,0.53,0.64,0.6,0.53,0.55,0.53,0.46,0.42,0.55,0.5,0.45,0.45,0.44,0.55,0.25,0.24,0.09,0.07,0.32,0.13,0.27,0.36,0.38,0.37,0.28,0.3,0.18,0.43,0.37,0.48,0.43,0.1,0.34,0.37,0.27
2026-08-14T17:00:00Z,0.74,0.69,0.66,0.68,0.8,0.89,0.93,0.94,0.94,0.95,0.86,0.93,0.87,0.85,0.76,0.79,0.73,0.72,0.68,0.78,0.83,0.87,0.83,0.84,0.84,0.84,0.82,0.7,0.62,0.61,0.72,0.41,0.53,0.75,0.7,0.51,0.5,0.45,0.51,0.44,0.63,0.54,0.6,0.59,0.36,0.37,0.45,0.43,0.38,0.41,0.38,0.34,0.35,0.19,0.24,0.33,0.24,0.3,0.35,0.33,0.23,0.15,0.19,0.24
2026-08-14T18:00:00Z,0.81,0.72,0.26,0.49,0.78,0.9,0.93,0.74,0.9,0.91,0.88,0.84,0.85,0.91,0.69,0.8,0.7,0.64,0.61,0.75,0.84,0.86,0.85,0.8,0.87,0.8,0.78,0.74,0.66,0.45,0.6,0.64,0.64,0.54,0.42,0.41,0.56,0.56,0.54,0.44,0.33,0.07,0.15,0.17,0.23,0.26,0.36,0.48,0.35,0.05,0.25,0.48,0.4,0.46,0.49,0.53,0.51,0.42,0.47,0.56,0.52,0.47,0.49,0.39
2026-08-14T19:00:00Z,0.06,0.09,0.14,0.4,0.68,0.83,0.94,0.88,0.94,0.87,0.9,0.87,0.86,0.88,0.69,0.64,0.67,0.62,0.67,0.69,0.69,0.78,0.82,0.79,0.8,0.67,0.49,0.62,0.52,0.54,0.41,0.44,0.59,0.56,0.65,0.68,0.64,0.53,0.63,0.59,0.55,0.6,0.57,0.42,0.44,0.53,0.38,0.28,0.41,0.39,0.42,0.31,0.57,0.34,0.43,0.41,0.53,0.41,0.58,0.61,0.57,0.76,0.63,0.77
2026-08-14T20:00:00Z,0.54,0.34,0.21,0.13,0.5,0.89,0.88,0.8,0.95,0.91,0.86,0.79,0.86,0.75,0.65,0.79,0.57,0.71,0.7,0.78,0.74,0.7,0.77,0.88,0.84,0.78,0.6,0.57,0.5,0.4,0.38,0.33,0.15,0.39,0.23,0.37,0.63,0.33,0.47,0.53,0.55,0.49,0.5,0.47,0.52,0.49,0.58,0.63,0.56,0.81,0.78,0.7,0.82,0.78,0.84,0.86,0.86,0.88,0.89,0.91,0.83,0.93,0.88,0.83
2026-08-14T21:00:00Z,0.27,0.1,0.56,0.39,0.75,0.7,0.91,0.73,0.94,0.93,0.94,0.95,0.85,0.82,0.62,0.72,0.64,0.62,0.65,0.74,0.83,0.79,0.69,0.75,0.67,0.8,0.74,0.74,0.48,0.47,0.56,0.58,0.56,0.19,0.24,0.24,0.39,0.26,0.41,0.16,0.21,0.4,0.52,0.53,0.41,0.53,0.56,0.62,0.56,0.64,0.78,0.72,0.71,0.72,0.78,0.73,0.79,0.84,0.79,0.72,0.83,0.83,0.86,0.82
2026-08-14T22:00:00Z,0.73,0.62,0.17,0.37,0.59,0.9,0.97,0.94,0.91,0.91,0.88,0.93,0.85,0.88,0.8,0.52,0.45,0.65,0.59,0.66,0.81,0.74,0.71,0.72,0.76,0.8,0.79,0.77,0.64,0.38,0.5,0.65,0.59,0.4,0.37,0.3,0.28,0.25,0.29,0.27,0.28,0.63,0.61,0.38,0.35,0.4,0.53,0.53,0.56,0.64,0.65,0.7,0.77,0.78,0.8,0.74,0.79,0.78,0.69,0.78,0.78,0.82,0.84,0.81
2026-08-14T23:00:00Z,0.43,0.26,0.4,0.24,0.66,0.94,0.97,0.85,0.94,0.92,0.84,0.87,0.82,0.81,0.75,0.63,0.76,0.78,0.72,0.84,0.82,0.89,0.87,0.84,0.79,0.75,0.81,0.8,0.77,0.73,0.65,0.45,0.55,0.37,0.32,0.47,0.43,0.45,0.56,0.69,0.69,0.65,0.71,0.69,0.84,0.78,0.76,0.75,0.62,0.78,0.79,0.73,0.69,0.72,0.76,0.8,0.8,0.84,0.75,0.82,0.82,0.84,0.83,0.85
2026-08-15T00:00:00Z,0.41,0.36,0.59,0.42,0.7,0.89,0.98,0.88,0.92,0.84,0.88,0.87,0.92,0.8,0.77,0.66,0.61,0.71,0.66,0.75,0.78,0.78,0.8,0.85,0.85,0.69,0.53,0.34,0.41,0.43,0.31,0.44,0.37,0.28,0.34,0.56,0.46,0.29,0.35,0.42,0.51,0.47,0.48,0.39,0.49,0.62,0.5,0.55,0.57,0.62,0.57,0.48,0.62,0.66,0.7,0.72,0.64,0.75,0.86,0.82,0.71,0.8,0.8,0.79
2026-08-15T01:00:00Z,0.7,0.62,0.31,0.59,0.82,0.92,0.94,0.94,0.9,0.92,0.88,0.92,0.93,0.9,0.91,0.87,0.75,0.69,0.6,0.78,0.85,0.81,0.88,0.91,0.86,0.85,0.85,0.74,0.73,0.61,0.51,0.53,0.58,0.51,0.32,0.46,0.46,0.54,0.09,0.24,0.53,0.58,0.39,0.61,0.54,0.32,0.5,0.52,0.63,0.65,0.77,0.72,0.63,0.66,0.73,0.69,0.68,0.82,0.77,0.8,0.76,0.74,0.74,0.67
2026-08-15T02:00:00Z,0.56,0.43,0.55,0.59,0.82,0.93,0.95,0.92,0.88,0.92,0.91,0.94,0.88,0.94,0.81,0.77,0.72,0.68,0.71,0.72,0.67,0.74,0.73,0.86,0.88,0.83,0.8,0.77,0.72,0.72,0.66,0.75,0.71,0.47,0.61,0.6,0.51,0.67,0.65,0.6,0.65,0.59,0.67,0.71,0.55,0.56,0.59,0.62,0.53,0.6,0.54,0.59,0.6,0.71,0.6,0.55,0.6,0.64,0.7,0.66,0.66,0.6,0.57,0.69
2026-08-15T03:00:00Z,0.8,0.7,0.68,0.47,0.73,0.93,0.91,0.91,0.95,0.89,0.89,0.76,0.89,0.85,0.88,0.53,0.71,0.73,0.8,0.75,0.82,0.82,0.87,0.85,0.82,0.78,0.78,0.78,0.8,0.79,0.75,0.62,0.62,0.64,0.65,0.63,0.7,0.75,0.8,0.78,0.72,0.77,0.77,0.79,0.77,0.73,0.64,0.65,0.53,0.67,0.74,0.76,0.63,0.54,0.64,0.49,0.68,0.65,0.73,0.61,0.65,0.7,0.59,0.66
2026-08-15T04:00:00Z,0.89,0.8,0.55,0.83,0.9,0.95,0.97,0.94,0.88,0.96,0.93,0.85,0.85,0.89,0.77,0.82,0.78,0.7,0.56,0.72,0.81,0.79,0.81,0.86,0.8,0.8,0.75,0.7,0.73,0.75,0.77,0.85,0.78,0.84,0.79,0.67,0.73,0.81,0.78,0.8,0.71,0.73,0.77,0.68,0.68,0.62,0.75,0.76,0.76,0.76,0.68,0.53,0.61,0.64,0.55,0.66,0.6,0.57,0.54,0.52,0.57,0.48,0.51,0.64
2026-08-15T05:00:00Z,0.83,0.78,0.83,0.7,0.76,0.95,0.97,0.96,0.92,0.93,0.91,0.82,0.94,0.88,0.81,0.7,0.74,0.71,0.68,0.63,0.82,0.81,0.86,0.82,0.78,0.87,0.83,0.75,0.74,0.79,0.85,0.75,0.82,0.87,0.83,0.71,0.82,0.77,0.72,0.68,0.66,0.58,0.72,0.73,0.7,0.56,0.51,0.48,0.37,0.63,0.7,0.56,0.68,0.67,0.31,0.59,0.56,0.56,0.53,0.56,0.55,0.42,0.54,0.51
2026-08-15T06:00:00Z,0.92,0.83,0.47,0.62,0.78,0.9,0.96,0.98,0.93,0.89,0.96,0.83,0.93,0.93,0.85,0.67,0.67,0.65,0.67,0.58,0.71,0.74,0.77,0.77,0.83,0.88,0.78,0.87,0.71,0.85,0.82,0.82,0.83,0.8,0.84,0.8,0.82,0.75,0.81,0.59,0.69,0.7,0.64,0.64,0.69,0.65,0.64,0.74,0.62,0.66,0.62,0.67,0.63,0.64,0.73,0.65,0.57,0.58,0.68,0.77,0.77,0.72,0.64,0.72
2026-08-15T07:00:00Z,0.96,0.92,0.72,0.79,0.81,0.93,0.96,0.94,0.82,0.92,0.93,0.94,0.86,0.89,0.79,0.73,0.73,0.67,0.63,0.64,0.62,0.75,0.74,0.83,0.85,0.76,0.69,0.61,0.71,0.68,0.66,0.79,0.74,0.74,0.83,0.84,0.81,0.9,0.82,0.78,0.75,0.71,0.73,0.73,0.69,0.72,0.61,0.68,0.72,0.66,0.43,0.7,0.44,0.65,0.67,0.65,0.58,0.63,0.51,0.68,0.73,0.71,0.58,0.68
2026-08-15T08:00:00Z,0.83,0.73,0.43,0.39,0.74,0.84,0.94,0.97,0.93,0.93,0.91,0.88,0.91,0.93,0.91,0.84,0.6,0.66,0.72,0.71,0.58,0.48,0.77,0.77,0.82,0.82,0.79,0.73,0.68,0.72,0.6,0.7,0.78,0.81,0.85,0.76,0.85,0.78,0.78,0.75,0.61,0.75,0.74,0.66,0.69,0.65,0.41,0.64,0.75,0.57,0.48,0.66,0.66,0.69,0.63,0.72,0.61,0.58,0.77,0.73,0.77,0.73,0.74,0.75
2026-08-15T09:00:00Z,0.85,0.83,0.81,0.69,0.84,0.92,0.97,0.95,0.94,0.95,0.89,0.9,0.9,0.88,0.77,0.81,0.67,0.6,0.69,0.65,0.64,0.72,0.77,0.71,0.74,0.78,0.79,0.71,0.68,0.65,0.62,0.58,0.78,0.84,0.79,0.84,0.77,0.74,0.77,0.76,0.67,0.74,0.69,0.58,0.63,0.68,0.59,0.54,0.58,0.73,0.7,0.64,0.67,0.58,0.8,0.76,0.65,0.69,0.7,0.72,0.67,0.71,0.71,0.72
2026-08-15T10:00:00Z,0.87,0.69,0.58,0.34,0.7,0.92,0.97,0.97,0.9,0.94,0.95,0.89,0.82,0.92,0.84,0.75,0.73,0.58,0.55,0.58,0.68,0.75,0.52,0.65,0.62,0.77,0.82,0.81,0.7,0.7,0.67,0.68,0.81,0.84,0.76,0.85,0.79,0.83,0.76,0.76,0.69,0.62,0.61,0.56,0.61,0.58,0.55,0.64,0.67,0.45,0.63,0.4,0.49,0.6,0.63,0.49,0.67,0.72,0.68,0.68,0.69,0.75,0.74,0.76
2026-08-15T11:00:00Z,0.65,0.53,0.39,0.51,0.7,0.77,0.93,0.94,0.91,0.95,0.94,0.86,0.93,0.7,0.81,0.7,0.59,0.61,0.61,0.61,0.63,0.66,0.83,0.82,0.74,0.81,0.73,0.81,0.7,0.66,0.7,0.8,0.77,0.73,0.72,0.73,0.71,0.79,0.69,0.56,0.69,0.72,0.64,0.63,0.61,0.65,0.65,0.57,0.66,0.59,0.48,0.64,0.6,0.49,0.55,0.53,0.55,0.6,0.66,0.65,0.57,0.64,0.74,0.63
2026-08-15T12:00:00Z,0.61,0.67,0.41,0.18,0.61,0.66,0.89,0.97,0.95,0.95,0.9,0.87,0.94,0.85,0.91,0.66,0.56,0.53,0.57,0.61,0.74,0.83,0.76,0.74,0.72,0.77,0.83,0.77,0.77,0.82,0.73,0.72,0.74,0.81,0.67,0.82,0.84,0.75,0.65,0.65,0.63,0.57,0.51,0.57,0.63,0.62,0.65,0.74,0.61,0.64,0.47,0.6,0.69,0.72,0.65,0.56,0.57,0.64,0.58,0.66,0.75,0.85,0.75,0.81
2026-08-15T13:00:00Z,0.73,0.41,0.6,0.51,0.58,0.89,0.93,0.94,0.87,0.96,0.86,0.93,0.84,0.86,0.89,0.85,0.71,0.71,0.63,0.61,0.62,0.78,0.79,0.82,0.85,0.85,0.89,0.81,0.8,0.77,0.72,0.82,0.83,0.83,0.86,0.81,0.69,0.73,0.67,0.63,0.54,0.56,0.72,0.64,0.52,0.6,0.64,0.56,0.67,0.54,0.67,0.65,0.8,0.78,0.76,0.71,0.59,0.67,0.75,0.73,0.68,0.6,0.75,0.72
2026-08-15T14:00:00Z,0.71,0.56,0.26,0.53,0.53,0.82,0.93,0.98,0.94,0.95,0.9,0.87,0.9,0.91,0.87,0.9,0.79,0.81,0.64,0.74,0.72,0.71,0.75,0.82,0.81,0.85,0.88,0.79,0.78,0.8,0.67,0.66,0.69,0.72,0.67,0.69,0.69,0.64,0.7,0.71,0.66,0.69,0.63,0.67,0.64,0.59,0.6,0.64,0.7,0.64,0.65,0.5,0.61,0.59,0.61,0.67,0.63,0.64,0.64,0.59,0.58,0.61,0.68,0.73
2026-08-15T15:00:00Z,0.47,0.28,0.57,0.44,0.54,0.85,0.91,0.93,0.95,0.88,0.86,0.9,0.92,0.9,0.91,0.86,0.76,0.69,0.77,0.68,0.69,0.82,0.89,0.93,0.88,0.92,0.85,0.82,0.91,0.82,0.79,0.59,0.73,0.67,0.7,0.67,0.61,0.52,0.55,0.46,0.59,0.63,0.47,0.63,0.58,0.61,0.49,0.54,0.49,0.66,0.62,0.52,0.59,0.7,0.6,0.52,0.61,0.67,0.53,0.67,0.61,0.57,0.61,0.69
2026-08-15T16:00:00Z,0.71,0.41,0.49,0.59,0.68,0.89,0.95,0.97,0.93,0.92,0.93,0.86,0.88,0.88,0.83,0.78,0.7,0.57,0.56,0.66,0.7,0.83,0.84,0.84,0.87,0.88,0.9,0.86,0.85,0.81,0.83,0.67,0.66,0.57,0.54,0.59,0.69,0.77,0.73,0.72,0.68,0.66,0.58,0.61,0.59,0.57,0.55,0.37,0.46,0.59,0.4,0.3,0.42,0.61,0.67,0.46,0.49,0.58,0.64,0.59,0.51,0.53,0.6,0.59
2026-08-15T17:00:00Z,0.63,0.5,0.33,0.24,0.29,0.67,0.95,0.96,0.95,0.95,0.92,0.94,0.88,0.85,0.75,0.81,0.71,0.77,0.64,0.67,0.76,0.54,0.74,0.72,0.82,0.82,0.88,0.76,0.77,0.78,0.68,0.67,0.66,0.6,0.56,0.67,0.7,0.74,0.69,0.59,0.69,0.72,0.66,0.77,0.75,0.78,0.67,0.7,0.61,0.65,0.7,0.74,0.66,0.65,0.82,0.81,0.73,0.77,0.69,0.68,0.72,0.72,0.7,0.79
2026-08-15T18:00:00Z,0.5,0.34,0.3,0.35,0.53,0.56,0.92,0.92,0.92,0.9,0.84,0.9,0.91,0.92,0.79,0.85,0.67,0.69,0.64,0.69,0.7,0.75,0.84,0.81,0.88,0.86,0.88,0.88,0.83,0.82,0.75,0.77,0.85,0.85,0.8,0.78,0.66,0.73,0.78,0.72,0.62,0.75,0.77,0.78,0.77,0.84,0.83,0.74,0.82,0.76,0.79,0.78,0.73,0.71,0.71,0.72,0.7,0.79,0.74,0.7,0.73,0.71,0.65,0.68
2026-08-15T19:00:00Z,0.61,0.58,0.53,0.39,0.26,0.61,0.93,0.97,0.95,0.94,0.95,0.9,0.92,0.88,0.86,0.87,0.82,0.7,0.63,0.7,0.64,0.81,0.83,0.81,0.89,0.88,0.89,0.92,0.89,0.88,0.8,0.7,0.8,0.68,0.73,0.78,0.72,0.81,0.71,0.73,0.73,0.75,0.77,0.85,0.8,0.8,0.72,0.75,0.8,0.82,0.77,0.78,0.8,0.79,0.78,0.74,0.77,0.76,0.88,0.83,0.82,0.72,0.81,0.78
2026-08-15T20:00:00Z,0.52,0.3,0.23,0.12,0.38,0.53,0.9,0.95,0.93,0.91,0.92,0.84,0.88,0.86,0.75,0.87,0.75,0.56,0.61,0.69,0.66,0.77,0.77,0.78,0.86,0.82,0.85,0.76,0.75,0.8,0.8,0.75,0.7,0.78,0.76,0.82,0.79,0.85,0.8,0.73,0.78,0.69,0.69,0.62,0.77,0.81,0.74,0.71,0.69,0.73,0.84,0.76,0.85,0.78,0.82,0.75,0.82,0.71,0.76,0.77,0.75,0.79,0.69,0.77
2026-08-15T21:00:00Z,0.7,0.59,0.23,0.32,0.58,0.57,0.79,0.96,0.89,0.95,0.85,0.87,0.85,0.87,0.87,0.77,0.79,0.65,0.57,0.66,0.6,0.69,0.53,0.71,0.85,0.8,0.86,0.9,0.87,0.83,0.82,0.79,0.74,0.76,0.85,0.87,0.88,0.88,0.87,0.81,0.86,0.84,0.85,0.77,0.77,0.79,0.77,0.8,0.85,0.72,0.8,0.78,0.72,0.76,0.7,0.76,0.73,0.85,0.82,0.8,0.72,0.8,0.74,0.78
2026-08-15T22:00:00Z,0.46,0.38,0.28,0.52,0.54,0.51,0.69,0.94,0.93,0.95,0.87,0.9,0.95,0.84,0.83,0.76,0.75,0.6,0.67,0.68,0.55,0.82,0.72,0.78,0.77,0.85,0.86,0.85,0.78,0.8,0.77,0.72,0.82,0.83,0.85,0.91,0.88,0.81,0.82,0.84,0.77,0.83,0.68,0.7,0.79,0.68,0.73,0.77,0.73,0.73,0.76,0.78,0.62,0.63,0.68,0.77,0.68,0.67,0.53,0.63,0.69,0.66,0.69,0.72
2026-08-15T23:00:00Z,0.49,0.5,0.15,0.38,0.61,0.73,0.94,0.97,0.95,0.94,0.9,0.92,0.9,0.92,0.88,0.78,0.59,0.52,0.63,0.66,0.67,0.81,0.78,0.85,0.85,0.88,0.83,0.85,0.87,0.77,0.89,0.88,0.81,0.77,0.87,0.83,0.86,0.83,0.82,0.82,0.73,0.71,0.71,0.77,0.83,0.71,0.85,0.79,0.74,0.77,0.76,0.72,0.72,0.75,0.78,0.77,0.72,0.71,0.75,0.66,0.69,0.7,0.7,0.71
2026-08-16T00:00:00Z,0.1,0.3,0.42,0.37,0.42,0.61,0.73,0.94,0.96,0.89,0.88,0.9,0.88,0.91,0.77,0.89,0.57,0.62,0.73,0.71,0.77,0.83,0.84,0.81,0.87,0.88,0.91,0.89,0.91,0.89,0.82,0.84,0.85,0.86,0.89,0.77,0.83,0.82,0.82,0.8,0.76,0.82,0.79,0.79,0.8,0.8,0.63,0.73,0.67,0.69,0.78,0.81,0.73,0.78,0.75,0.73,0.79,0.69,0.62,0.66,0.73,0.69,0.67,0.74
2026-08-16T01:00:00Z,0.38,0.34,0.28,0.32,0.47,0.45,0.93,0.96,0.89,0.91,0.93,0.93,0.85,0.8,0.91,0.74,0.67,0.66,0.75,0.65,0.71,0.79,0.86,0.85,0.9,0.89,0.92,0.88,0.88,0.86,0.85,0.8,0.79,0.75,0.72,0.85,0.86,0.69,0.82,0.66,0.79,0.7,0.69,0.75,0.73,0.79,0.83,0.67,0.73,0.7,0.81,0.74,0.74,0.66,0.65,0.68,0.74,0.45,0.71,0.5,0.61,0.72,0.64,0.63
2026-08-16T02:00:00Z,0.31,0.38,0.19,0.24,0.48,0.61,0.9,0.96,0.95,0.89,0.93,0.83,0.92,0.89,0.8,0.88,0.76,0.69,0.78,0.68,0.81,0.83,0.84,0.85,0.79,0.82,0.89,0.89,0.86,0.84,0.86,0.82,0.82,0.82,0.78,0.77,0.78,0.75,0.66,0.66,0.66,0.66,0.73,0.67,0.67,0.74,0.67,0.74,0.59,0.67,0.64,0.6,0.73,0.63,0.65,0.62,0.6,0.53,0.51,0.6,0.53,0.61,0.6,0.51
2026-08-16T03:00:00Z,0.59,0.34,0.41,0.4,0.4,0.79,0.86,0.92,0.98,0.96,0.9,0.9,0.86,0.9,0.79,0.83,0.64,0.64,0.71,0.67,0.75,0.84,0.88,0.86,0.84,0.86,0.9,0.93,0.84,0.82,0.85,0.82,0.74,0.7,0.79,0.8,0.81,0.74,0.78,0.77,0.67,0.56,0.61,0.69,0.59,0.57,0.76,0.68,0.62,0.56,0.63,0.68,0.68,0.59,0.65,0.67,0.65,0.67,0.59,0.74,0.56,0.65,0.64,0.68
2026-08-16T04:00:00Z,0.33,0.32,0.18,0.6,0.31,0.56,0.86,0.95,0.96,0.93,0.96,0.9,0.93,0.85,0.62,0.76,0.68,0.59,0.6,0.71,0.78,0.78,0.9,0.91,0.86,0.93,0.92,0.93,0.91,0.87,0.92,0.88,0.88,0.85,0.78,0.79,0.74,0.73,0.74,0.72,0.79,0.71,0.65,0.72,0.77,0.7,0.72,0.71,0.67,0.61,0.68,0.69,0.62,0.7,0.77,0.69,0.66,0.64,0.62,0.67,0.66,0.62,0.75,0.69
2026-08-16T05:00:00Z,0.48,0.41,0.29,0.38,0.35,0.72,0.75,0.96,0.95,0.87,0.88,0.93,0.93,0.79,0.69,0.73,0.64,0.67,0.64,0.54,0.73,0.89,0.89,0.94,0.93,0.96,0.94,0.93,0.95,0.92,0.9,0.85,0.77,0.81,0.82,0.89,0.8,0.87,0.77,0.78,0.74,0.69,0.78,0.74,0.73,0.78,0.81,0.74,0.75,0.73,0.7,0.78,0.75,0.59,0.7,0.77,0.7,0.79,0.65,0.69,0.78,0.73,0.67,0.59
2026-08-16T06:00:00Z,0.26,0.54,0.56,0.05,0.38,0.52,0.82,0.78,0.9,0.94,0.88,0.88,0.8,0.82,0.85,0.82,0.81,0.71,0.57,0.64,0.64,0.73,0.89,0.88,0.92,0.94,0.87,0.87,0.91,0.86,0.82,0.78,0.84,0.83,0.86,0.8,0.75,0.82,0.75,0.73,0.71,0.66,0.76,0.77,0.63,0.78,0.73,0.71,0.69,0.7,0.76,0.75,0.7,0.75,0.75,0.77,0.73,0.62,0.72,0.74,0.78,0.81,0.79,0.69
2026-08-16T07:00:00Z,0.5,0.31,0.14,0.37,0.64,0.67,0.82,0.91,0.94,0.92,0.91,0.86,0.82,0.86,0.85,0.86,0.79,0.69,0.62,0.66,0.65,0.73,0.81,0.86,0.84,0.89,0.87,0.91,0.88,0.84,0.71,0.7,0.76,0.72,0.72,0.8,0.82,0.78,0.84,0.77,0.68,0.78,0.71,0.74,0.66,0.56,0.75,0.76,0.73,0.68,0.63,0.6,0.65,0.63,0.74,0.56,0.72,0.73,0.68,0.71,0.63,0.7,0.61,0.59
2026-08-16T08:00:00Z,0.46,0.42,0.47,0.4,0.24,0.52,0.69,0.9,0.93,0.96,0.92,0.91,0.93,0.9,0.81,0.87,0.76,0.49,0.59,0.66,0.68,0.65,0.84,0.81,0.92,0.88,0.91,0.92,0.88,0.89,0.64,0.75,0.8,0.8,0.83,0.77,0.76,0.72,0.79,0.77,0.68,0.65,0.69,0.69,0.67,0.6,0.7,0.76,0.63,0.72,0.74,0.7,0.74,0.77,0.7,0.69,0.82,0.74,0.7,0.62,0.62,0.63,0.67,0.73
2026-08-16T09:00:00Z,0.38,0.53,0.22,0.33,0.46,0.56,0.72,0.95,0.95,0.93,0.92,0.9,0.88,0.92,0.8,0.8,0.78,0.72,0.53,0.52,0.71,0.85,0.85,0.85,0.8,0.85,0.86,0.91,0.86,0.74,0.76,0.71,0.7,0.71,0.82,0.84,0.81,0.77,0.71,0.75,0.77,0.75,0.75,0.76,0.77,0.65,0.68,0.66,0.59,0.56,0.74,0.68,0.7,0.72,0.7,0.72,0.67,0.69,0.77,0.73,0.62,0.71,0.71,0.69
2026-08-16T10:00:00Z,0.51,0.5,0.34,0.35,0.64,0.56,0.69,0.89,0.96,0.96,0.95,0.89,0.93,0.88,0.71,0.85,0.65,0.61,0.5,0.67,0.68,0.77,0.79,0.82,0.9,0.9,0.88,0.89,0.87,0.79,0.72,0.84,0.77,0.8,0.86,0.75,0.68,0.76,0.69,0.55,0.65,0.56,0.71,0.69,0.74,0.69,0.67,0.68,0.79,0.64,0.64,0.63,0.72,0.63,0.59,0.57,0.54,0.58,0.59,0.59,0.59,0.74,0.66,0.69
2026-08-16T11:00:00Z,0.79,0.45,0.21,0.32,0.54,0.78,0.87,0.94,0.97,0.95,0.96,0.92,0.89,0.85,0.85,0.72,0.8,0.64,0.54,0.64,0.74,0.77,0.87,0.89,0.92,0.88,0.85,0.87,0.79,0.73,0.75,0.82,0.78,0.78,0.74,0.67,0.63,0.65,0.74,0.78,0.69,0.68,0.69,0.57,0.64,0.58,0.61,0.7,0.56,0.59,0.59,0.42,0.53,0.51,0.49,0.48,0.68,0.64,0.64,0.62,0.65,0.61,0.72,0.61
2026-08-16T12:00:00Z,0.76,0.73,0.22,0.35,0.35,0.72,0.91,0.94,0.95,0.93,0.93,0.87,0.92,0.86,0.89,0.85,0.72,0.71,0.6,0.64,0.67,0.74,0.75,0.88,0.85,0.91,0.91,0.87,0.78,0.83,0.78,0.81,0.78,0.74,0.68,0.69,0.65,0.71,0.6,0.63,0.69,0.64,0.62,0.58,0.49,0.52,0.52,0.65,0.68,0.54,0.63,0.69,0.56,0.59,0.56,0.57,0.47,0.64,0.74,0.68,0.64,0.72,0.75,0.71
2026-08-16T13:00:00Z,0.48,0.39,0.41,0.19,0.5,0.62,0.7,0.95,0.98,0.89,0.94,0.93,0.92,0.82,0.82,0.68,0.79,0.63,0.57,0.7,0.67,0.87,0.9,0.87,0.83,0.86,0.88,0.86,0.8,0.82,0.74,0.71,0.75,0.72,0.79,0.72,0.65,0.77,0.77,0.66,0.67,0.65,0.68,0.61,0.6,0.62,0.58,0.53,0.57,0.64,0.54,0.45,0.62,0.54,0.61,0.57,0.53,0.44,0.31,0.51,0.5,0.46,0.71,0.55
2026-08-16T14:00:00Z,0.47,0.35,0.3,0.24,0.63,0.68,0.76,0.9,0.97,0.97,0.92,0.9,0.89,0.94,0.89,0.79,0.78,0.53,0.69,0.81,0.84,0.92,0.88,0.89,0.89,0.81,0.88,0.87,0.9,0.86,0.74,0.7,0.81,0.71,0.71,0.79,0.71,0.64,0.67,0.74,0.73,0.69,0.65,0.68,0.66,0.58,0.65,0.5,0.62,0.53,0.45,0.5,0.49,0.49,0.53,0.35,0.39,0.45,0.5,0.49,0.7,0.57,0.61,0.33
2026-08-16T15:00:00Z,0.72,0.58,0.28,0.35,0.46,0.8,0.91,0.93,0.95,0.97,0.94,0.96,0.86,0.91,0.92,0.79,0.81,0.62,0.7,0.71,0.81,0.87,0.87,0.93,0.92,0.85,0.93,0.88,0.8,0.87,0.81,0.85,0.77,0.66,0.72,0.65,0.61,0.7,0.59,0.62,0.71,0.62,0.57,0.51,0.58,0.56,0.46,0.57,0.45,0.44,0.42,0.49,0.39,0.4,0.58,0.46,0.4,0.43,0.45,0.5,0.43,0.65,0.54,0.49
2026-08-16T16:00:00Z,0.6,0.46,0.23,0.47,0.51,0.82,0.81,0.93,0.94,0.94,0.9,0.9,0.94,0.84,0.88,0.85,0.76,0.69,0.52,0.61,0.68,0.88,0.93,0.88,0.9,0.91,0.8,0.85,0.88,0.88,0.84,0.76,0.73,0.83,0.71,0.71,0.74,0.67,0.74,0.61,0.55,0.61,0.56,0.59,0.33,0.55,0.42,0.5,0.45,0.48,0.4,0.3,0.42,0.36,0.33,0.35,0.5,0.32,0.58,0.49,0.43,0.53,0.54,0.45
2026-08-16T17:00:00Z,0.54,0.32,0.27,0.47,0.54,0.63,0.77,0.93,0.87,0.93,0.89,0.94,0.92,0.91,0.73,0.82,0.82,0.57,0.58,0.57,0.78,0.92,0.95,0.92,0.87,0.92,0.92,0.92,0.91,0.86,0.86,0.85,0.81,0.77,0.67,0.8,0.73,0.71,0.78,0.63,0.71,0.58,0.66,0.66,0.51,0.59,0.65,0.59,0.62,0.6,0.57,0.62,0.52,0.54,0.49,0.52,0.45,0.41,0.51,0.49,0.64,0.53,0.53,0.49
2026-08-16T18:00:00Z,0.55,0.36,0.29,0.05,0.28,0.27,0.63,0.88,0.93,0.87,0.98,0.94,0.92,0.87,0.87,0.84,0.79,0.55,0.68,0.76,0.84,0.92,0.91,0.9,0.91,0.89,0.91,0.86,0.92,0.87,0.85,0.88,0.84,0.76,0.83,0.8,0.66,0.72,0.66,0.69,0.69,0.66,0.63,0.59,0.59,0.49,0.6,0.7,0.54,0.45,0.52,0.62,0.58,0.61,0.53,0.6,0.65,0.62,0.61,0.67,0.82,0.77,0.72,0.74
2026-08-16T19:00:00Z,0.61,0.45,0.23,0.3,0.34,0.63,0.8,0.92,0.97,0.92,0.94,0.94,0.9,0.84,0.83,0.77,0.78,0.68,0.62,0.72,0.82,0.84,0.91,0.92,0.88,0.86,0.87,0.86,0.9,0.92,0.83,0.85,0.8,0.79,0.77,0.84,0.83,0.81,0.79,0.76,0.74,0.67,0.74,0.75,0.79,0.82,0.73,0.75,0.79,0.78,0.78,0.77,0.79,0.74,0.67,0.7,0.81,0.83,0.75,0.77,0.76,0.8,0.83,0.84
2026-08-16T20:00:00Z,0.58,0.3,0.3,0.17,0.34,0.65,0.71,0.89,0.92,0.93,0.9,0.95,0.92,0.84,0.76,0.8,0.73,0.72,0.6,0.67,0.8,0.91,0.94,0.92,0.88,0.89,0.9,0.88,0.86,0.81,0.84,0.8,0.84,0.86,0.77,0.89,0.7,0.86,0.86,0.78,0.78,0.79,0.77,0.76,0.79,0.78,0.61,0.72,0.63,0.81,0.74,0.69,0.72,0.75,0.76,0.62,0.79,0.78,0.82,0.77,0.73,0.72,0.71,0.71
2026-08-16T21:00:00Z,0.31,0,0.08,0.18,0.6,0.58,0.68,0.89,0.92,0.93,0.92,0.97,0.9,0.84,0.9,0.74,0.57,0.57,0.69,0.71,0.85,0.89,0.94,0.93,0.9,0.92,0.86,0.88,0.82,0.86,0.84,0.83,0.9,0.86,0.83,0.85,0.85,0.76,0.84,0.79,0.77,0.79,0.76,0.73,0.69,0.78,0.78,0.74,0.74,0.78,0.73,0.76,0.74,0.71,0.8,0.79,0.75,0.72,0.65,0.75,0.76,0.68,0.81,0.82
2026-08-16T22:00:00Z,0.43,0.26,0.37,0.15,0.4,0.46,0.78,0.86,0.95,0.94,0.87,0.86,0.89,0.88,0.76,0.84,0.7,0.58,0.48,0.86,0.92,0.93,0.94,0.94,0.9,0.87,0.91,0.88,0.89,0.9,0.88,0.89,0.89,0.9,0.9,0.86,0.88,0.87,0.83,0.82,0.87,0.88,0.83,0.84,0.82,0.76,0.78,0.83,0.83,0.74,0.82,0.63,0.79,0.74,0.59,0.73,0.79,0.68,0.67,0.66,0.69,0.83,0.79,0.77
2026-08-16T23:00:00Z,0.35,0.26,0.13,0.29,0.44,0.38,0.65,0.76,0.91,0.91,0.9,0.89,0.91,0.83,0.78,0.73,0.61,0.62,0.65,0.74,0.87,0.88,0.94,0.89,0.93,0.9,0.89,0.93,0.94,0.94,0.91,0.93,0.94,0.88,0.88,0.84,0.84,0.8,0.73,0.79,0.76,0.8,0.85,0.75,0.76,0.68,0.8,0.74,0.85,0.85,0.78,0.71,0.66,0.71,0.67,0.74,0.75,0.72,0.76,0.64,0.66,0.68,0.67,0.77
2026-08-17T00:00:00Z,0.21,0.14,0.39,0.41,0.22,0.3,0.7,0.84,0.84,0.89,0.92,0.87,0.9,0.89,0.78,0.77,0.6,0.64,0.65,0.7,0.9,0.94,0.88,0.9,0.9,0.85,0.86,0.87,0.89,0.93,0.91,0.9,0.85,0.87,0.89,0.83,0.82,0.77,0.83,0.85,0.82,0.81,0.84,0.81,0.77,0.59,0.73,0.72,0.78,0.81,0.64,0.63,0.7,0.69,0.75,0.67,0.68,0.62,0.76,0.73,0.78,0.73,0.74,0.62
2026-08-17T01:00:00Z,0.29,0.25,0.14,0.26,0.25,0.63,0.36,0.85,0.92,0.92,0.89,0.93,0.86,0.87,0.89,0.7,0.74,0.6,0.62,0.76,0.82,0.86,0.91,0.91,0.89,0.9,0.86,0.88,0.91,0.86,0.9,0.93,0.77,0.78,0.82,0.9,0.88,0.78,0.78,0.75,0.76,0.76,0.82,0.74,0.76,0.75,0.81,0.77,0.79,0.82,0.8,0.77,0.69,0.79,0.67,0.63,0.74,0.77,0.64,0.47,0.67,0.71,0.69,0.79
2026-08-17T02:00:00Z,0.27,0.17,0.15,0.35,0.56,0.36,0.72,0.74,0.85,0.92,0.92,0.91,0.91,0.79,0.62,0.85,0.54,0.56,0.63,0.79,0.86,0.88,0.79,0.88,0.89,0.86,0.84,0.9,0.89,0.78,0.85,0.77,0.84,0.84,0.87,0.75,0.8,0.76,0.74,0.74,0.67,0.74,0.75,0.76,0.79,0.77,0.72,0.69,0.79,0.78,0.69,0.76,0.73,0.76,0.74,0.58,0.72,0.72,0.75,0.73,0.81,0.84,0.69,0.76
2026-08-17T03:00:00Z,0.21,0.3,0.08,0.05,0.17,0.57,0.52,0.84,0.9,0.93,0.89,0.89,0.89,0.71,0.79,0.68,0.68,0.6,0.6,0.79,0.88,0.9,0.9,0.9,0.91,0.91,0.93,0.92,0.9,0.9,0.9,0.87,0.86,0.82,0.78,0.79,0.87,0.77,0.68,0.67,0.72,0.75,0.76,0.75,0.77,0.66,0.66,0.7,0.73,0.62,0.67,0.66,0.68,0.72,0.76,0.73,0.73,0.63,0.52,0.68,0.74,0.79,0.77,0.73
2026-08-17T04:00:00Z,0.23,0.34,0.12,0.4,0.28,0.19,0.55,0.88,0.95,0.93,0.9,0.9,0.85,0.79,0.63,0.73,0.57,0.54,0.67,0.73,0.85,0.88,0.91,0.93,0.92,0.92,0.9,0.92,0.86,0.91,0.83,0.82,0.84,0.84,0.85,0.84,0.8,0.81,0.84,0.8,0.74,0.75,0.77,0.66,0.74,0.78,0.67,0.6,0.57,0.68,0.74,0.68,0.62,0.68,0.67,0.61,0.67,0.69,0.66,0.71,0.76,0.67,0.73,0.6
2026-08-17T05:00:00Z,0.19,0.15,0.29,0.34,0.2,0.45,0.6,0.76,0.96,0.92,0.88,0.95,0.87,0.81,0.67,0.88,0.73,0.64,0.62,0.68,0.88,0.84,0.84,0.91,0.91,0.89,0.89,0.93,0.91,0.84,0.9,0.89,0.87,0.83,0.78,0.81,0.83,0.82,0.8,0.78,0.76,0.83,0.71,0.81,0.74,0.75,0.65,0.69,0.8,0.75,0.6,0.71,0.68,0.73,0.75,0.76,0.6,0.69,0.57,0.59,0.59,0.73,0.71,0.7
2026-08-17T06:00:00Z,0.16,0.16,0.51,0.33,0.34,0.49,0.57,0.87,0.94,0.77,0.86,0.87,0.79,0.69,0.75,0.71,0.62,0.71,0.8,0.8,0.78,0.91,0.93,0.93,0.89,0.89,0.86,0.91,0.85,0.82,0.85,0.83,0.83,0.86,0.81,0.82,0.81,0.84,0.8,0.82,0.78,0.79,0.78,0.66,0.72,0.79,0.71,0.72,0.66,0.67,0.76,0.71,0.69,0.63,0.73,0.76,0.69,0.74,0.7,0.74,0.68,0.66,0.82,0.78
2026-08-17T07:00:00Z,0.07,0.31,0.1,0.19,0.43,0.47,0.55,0.7,0.9,0.91,0.91,0.82,0.89,0.88,0.78,0.78,0.69,0.59,0.53,0.78,0.85,0.9,0.89,0.91,0.86,0.9,0.91,0.87,0.87,0.79,0.71,0.75,0.79,0.74,0.67,0.73,0.69,0.74,0.71,0.73,0.76,0.76,0.7,0.8,0.75,0.69,0.65,0.77,0.75,0.69,0.71,0.77,0.68,0.76,0.75,0.6,0.72,0.69,0.75,0.68,0.66,0.73,0.77,0.61
2026-08-17T08:00:00Z,0.29,0.23,0.23,0.35,0.41,0.31,0.74,0.8,0.96,0.94,0.95,0.92,0.9,0.88,0.78,0.77,0.57,0.64,0.72,0.74,0.88,0.87,0.92,0.89,0.91,0.89,0.9,0.87,0.83,0.8,0.73,0.77,0.72,0.75,0.71,0.7,0.69,0.79,0.8,0.74,0.79,0.69,0.71,0.68,0.7,0.64,0.65,0.56,0.69,0.68,0.7,0.69,0.75,0.79,0.77,0.65,0.72,0.72,0.84,0.77,0.7,0.79,0.72,0.57
2026-08-17T09:00:00Z,0.3,0.38,0.26,0.31,0.13,0.26,0.65,0.8,0.96,0.87,0.88,0.91,0.69,0.9,0.7,0.77,0.66,0.69,0.72,0.83,0.9,0.91,0.9,0.88,0.92,0.88,0.88,0.76,0.84,0.8,0.8,0.77,0.83,0.78,0.8,0.79,0.82,0.75,0.8,0.8,0.74,0.63,0.67,0.63,0.76,0.69,0.74,0.77,0.74,0.65,0.69,0.63,0.73,0.61,0.66,0.67,0.73,0.73,0.63,0.67,0.55,0.7,0.68,0.67
2026-08-17T10:00:00Z,0.34,0.62,0.18,0.18,0.09,0.44,0.54,0.84,0.95,0.92,0.96,0.95,0.86,0.8,0.77,0.68,0.67,0.61,0.67,0.81,0.89,0.95,0.84,0.92,0.94,0.89,0.92,0.89,0.87,0.82,0.87,0.83,0.86,0.8,0.77,0.75,0.77,0.83,0.79,0.69,0.72,0.76,0.77,0.7,0.65,0.73,0.73,0.65,0.71,0.67,0.67,0.66,0.71,0.72,0.67,0.66,0.74,0.68,0.6,0.65,0.67,0.57,0.68,0.66
2026-08-17T11:00:00Z,0.41,0.35,0.4,0.32,0.32,0.58,0.64,0.89,0.94,0.86,0.93,0.88,0.85,0.73,0.84,0.67,0.58,0.75,0.85,0.85,0.84,0.92,0.91,0.92,0.91,0.85,0.9,0.87,0.81,0.8,0.77,0.75,0.74,0.71,0.74,0.69,0.75,0.75,0.75,0.64,0.69,0.6,0.62,0.58,0.5,0.67,0.63,0.61,0.66,0.65,0.59,0.62,0.53,0.62,0.56,0.49,0.47,0.55,0.65,0.56,0.58,0.66,0.64,0.56
2026-08-17T12:00:00Z,0.35,0.16,0.35,0.26,0.44,0.32,0.62,0.9,0.88,0.97,0.97,0.89,0.92,0.93,0.69,0.82,0.61,0.68,0.79,0.86,0.88,0.92,0.92,0.91,0.93,0.92,0.92,0.87,0.82,0.87,0.84,0.75,0.75,0.78,0.79,0.82,0.75,0.72,0.78,0.71,0.54,0.52,0.61,0.52,0.66,0.49,0.55,0.64,0.56,0.57,0.59,0.51,0.51,0.43,0.62,0.56,0.57,0.56,0.53,0.53,0.4,0.38,0.5,0.62
2026-08-17T13:00:00Z,0.41,0.35,0.03,0.47,0.4,0.59,0.6,0.89,0.91,0.94,0.92,0.88,0.82,0.89,0.78,0.55,0.7,0.69,0.8,0.89,0.91,0.86,0.9,0.94,0.95,0.88,0.9,0.82,0.84,0.82,0.78,0.84,0.77,0.81,0.85,0.82,0.67,0.68,0.65,0.61,0.65,0.69,0.55,0.51,0.51,0.63,0.66,0.55,0.55,0.6,0.55,0.54,0.54,0.5,0.49,0.57,0.6,0.5,0.51,0.5,0.37,0.53,0.43,0.37
2026-08-17T14:00:00Z,0.34,0.24,0.13,0.44,0.47,0.27,0.78,0.91,0.91,0.92,0.85,0.92,0.92,0.87,0.77,0.84,0.68,0.65,0.83,0.88,0.9,0.93,0.93,0.93,0.9,0.88,0.89,0.85,0.86,0.81,0.78,0.82,0.88,0.84,0.78,0.77,0.72,0.82,0.72,0.71,0.69,0.68,0.7,0.72,0.51,0.67,0.57,0.55,0.6,0.65,0.67,0.62,0.58,0.5,0.54,0.53,0.59,0.53,0.31,0.45,0.49,0.5,0.48,0.44
2026-08-17T15:00:00Z,0.48,0.16,0.29,0.53,0.3,0.5,0.73,0.86,0.94,0.95,0.93,0.9,0.82,0.74,0.79,0.77,0.65,0.8,0.81,0.85,0.92,0.91,0.86,0.87,0.88,0.85,0.79,0.76,0.87,0.84,0.81,0.78,0.69,0.7,0.74,0.78,0.7,0.75,0.77,0.68,0.66,0.69,0.73,0.71,0.73,0.48,0.54,0.72,0.67,0.66,0.59,0.59,0.52,0.53,0.6,0.48,0.59,0.53,0.56,0.51,0.4,0.46,0.51,0.55
2026-08-17T16:00:00Z,0.24,0.19,0.27,0.11,0.48,0.66,0.5,0.85,0.88,0.87,0.97,0.93,0.9,0.81,0.91,0.7,0.71,0.71,0.83,0.88,0.93,0.95,0.91,0.86,0.86,0.85,0.87,0.89,0.82,0.85,0.86,0.7,0.7,0.69,0.67,0.8,0.75,0.73,0.77,0.76,0.66,0.67,0.57,0.54,0.64,0.69,0.71,0.62,0.6,0.59,0.51,0.7,0.64,0.53,0.47,0.37,0.48,0.47,0.4,0.49,0.6,0.58,0.51,0.55
2026-08-17T17:00:00Z,0.42,0.28,0.13,0.28,0.19,0.38,0.77,0.82,0.88,0.89,0.94,0.95,0.87,0.9,0.79,0.87,0.61,0.72,0.89,0.95,0.93,0.9,0.91,0.88,0.89,0.89,0.84,0.77,0.78,0.85,0.85,0.81,0.74,0.77,0.69,0.74,0.67,0.67,0.57,0.57,0.61,0.6,0.61,0.67,0.6,0.69,0.62,0.54,0.58,0.7,0.65,0.48,0.55,0.61,0.62,0.62,0.61,0.6,0.72,0.63,0.6,0.56,0.68,0.6
2026-08-17T18:00:00Z,0.4,0.24,0.25,0.26,0.42,0.53,0.72,0.74,0.84,0.86,0.92,0.9,0.94,0.8,0.88,0.82,0.67,0.64,0.83,0.91,0.92,0.89,0.84,0.86,0.87,0.78,0.72,0.74,0.81,0.85,0.77,0.73,0.59,0.59,0.68,0.72,0.71,0.65,0.57,0.63,0.62,0.64,0.79,0.67,0.72,0.68,0.53,0.71,0.67,0.6,0.61,0.71,0.57,0.78,0.71,0.67,0.63,0.74,0.75,0.8,0.78,0.78,0.73,0.62
2026-08-17T19:00:00Z,0.35,0.25,0.14,0.13,0.19,0.12,0.49,0.82,0.85,0.94,0.91,0.93,0.87,0.85,0.89,0.77,0.78,0.77,0.83,0.9,0.93,0.89,0.85,0.86,0.87,0.77,0.77,0.73,0.85,0.77,0.76,0.83,0.83,0.73,0.67,0.76,0.72,0.68,0.73,0.46,0.64,0.7,0.58,0.51,0.57,0.57,0.43,0.59,0.63,0.57,0.67,0.63,0.68,0.6,0.56,0.69,0.61,0.65,0.52,0.59,0.73,0.64,0.69,0.71
2026-08-17T20:00:00Z,0.17,0.08,0.13,0.25,0.17,0.66,0.68,0.89,0.94,0.96,0.9,0.76,0.9,0.93,0.86,0.72,0.65,0.65,0.78,0.93,0.85,0.85,0.82,0.85,0.83,0.86,0.81,0.78,0.78,0.71,0.74,0.8,0.74,0.63,0.73,0.61,0.53,0.56,0.47,0.58,0.52,0.64,0.64,0.54,0.68,0.56,0.49,0.44,0.55,0.64,0.63,0.51,0.56,0.55,0.56,0.58,0.45,0.63,0.7,0.59,0.45,0.72,0.75,0.69
2026-08-17T21:00:00Z,0.09,0.22,0.26,0.08,0.35,0.43,0.39,0.93,0.92,0.9,0.93,0.89,0.89,0.82,0.79,0.81,0.79,0.77,0.75,0.89,0.88,0.89,0.91,0.9,0.84,0.87,0.89,0.9,0.83,0.69,0.8,0.83,0.79,0.68,0.81,0.82,0.78,0.74,0.72,0.65,0.67,0.75,0.77,0.77,0.76,0.82,0.64,0.69,0.7,0.65,0.64,0.64,0.76,0.78,0.68,0.7,0.66,0.66,0.74,0.73,0.69,0.56,0.75,0.56
2026-08-17T22:00:00Z,0.38,0.33,0.23,0.49,0.31,0.5,0.55,0.72,0.89,0.89,0.89,0.93,0.87,0.85,0.67,0.85,0.58,0.71,0.76,0.88,0.91,0.92,0.91,0.87,0.88,0.92,0.82,0.88,0.91,0.89,0.91,0.82,0.83,0.78,0.79,0.74,0.84,0.77,0.79,0.83,0.78,0.78,0.74,0.74,0.81,0.81,0.64,0.77,0.56,0.75,0.69,0.78,0.66,0.72,0.7,0.68,0.56,0.66,0.77,0.75,0.72,0.68,0.76,0.71
2026-08-17T23:00:00Z,0.09,0.09,0.3,0.22,0.29,0.65,0.51,0.67,0.78,0.93,0.87,0.91,0.73,0.76,0.68,0.65,0.68,0.69,0.79,0.89,0.93,0.92,0.92,0.9,0.88,0.9,0.87,0.91,0.89,0.89,0.89,0.89,0.85,0.78,0.81,0.74,0.75,0.71,0.77,0.81,0.71,0.79,0.71,0.78,0.79,0.76,0.72,0.74,0.69,0.75,0.76,0.69,0.67,0.75,0.75,0.67,0.75,0.79,0.84,0.73,0.76,0.7,0.75,0.84
2026-08-18T00:00:00Z,0.32,0.3,0.19,0.36,0.37,0.57,0.33,0.84,0.84,0.89,0.93,0.86,0.69,0.88,0.75,0.69,0.49,0.57,0.69,0.85,0.84,0.92,0.92,0.91,0.88,0.88,0.91,0.9,0.9,0.92,0.93,0.91,0.87,0.86,0.86,0.79,0.84,0.9,0.73,0.79,0.76,0.75,0.76,0.79,0.83,0.73,0.71,0.75,0.7,0.79,0.77,0.71,0.77,0.72,0.79,0.77,0.77,0.79,0.77,0.6,0.68,0.73,0.75,0.71
2026-08-18T01:00:00Z,0.32,0.5,0.24,0.35,0.12,0.54,0.53,0.65,0.89,0.88,0.9,0.87,0.82,0.64,0.74,0.79,0.53,0.62,0.7,0.83,0.9,0.86,0.91,0.92,0.91,0.9,0.84,0.82,0.8,0.85,0.83,0.8,0.85,0.81,0.85,0.84,0.83,0.84,0.73,0.77,0.71,0.78,0.78,0.79,0.75,0.85,0.74,0.72,0.83,0.75,0.58,0.76,0.77,0.84,0.72,0.76,0.79,0.75,0.77,0.67,0.74,0.73,0.79,0.8
2026-08-18T02:00:00Z,0.33,0.3,0.25,0.27,0.51,0.35,0.52,0.59,0.74,0.87,0.89,0.8,0.85,0.85,0.62,0.47,0.48,0.59,0.73,0.77,0.87,0.89,0.9,0.88,0.91,0.9,0.94,0.92,0.88,0.88,0.82,0.83,0.88,0.81,0.85,0.82,0.78,0.73,0.79,0.67,0.78,0.78,0.77,0.78,0.79,0.74,0.73,0.74,0.73,0.73,0.75,0.76,0.8,0.82,0.69,0.7,0.66,0.69,0.72,0.79,0.63,0.74,0.73,0.75
2026-08-18T03:00:00Z,0.2,0.34,0.41,0.34,0.2,0.27,0.61,0.58,0.81,0.83,0.82,0.82,0.86,0.67,0.61,0.34,0.53,0.68,0.76,0.82,0.88,0.93,0.89,0.81,0.9,0.86,0.89,0.91,0.9,0.84,0.83,0.87,0.77,0.77,0.81,0.78,0.83,0.78,0.84,0.74,0.78,0.77,0.66,0.72,0.64,0.75,0.71,0.78,0.77,0.65,0.73,0.75,0.64,0.72,0.77,0.74,0.73,0.78,0.74,0.74,0.62,0.74,0.76,0.8
2026-08-18T04:00:00Z,0.2,0.01,0.27,0.24,0.3,0.46,0.49,0.63,0.84,0.87,0.91,0.89,0.68,0.62,0.67,0.57,0.54,0.67,0.71,0.82,0.89,0.91,0.93,0.95,0.93,0.89,0.88,0.92,0.82,0.88,0.81,0.84,0.76,0.81,0.83,0.7,0.67,0.77,0.7,0.67,0.71,0.63,0.73,0.68,0.7,0.76,0.58,0.68,0.64,0.64,0.66,0.61,0.72,0.69,0.78,0.78,0.82,0.67,0.67,0.57,0.65,0.74,0.79,0.74
2026-08-18T05:00:00Z,0.24,0.11,0.26,0.38,0.3,0.44,0.58,0.83,0.8,0.92,0.94,0.84,0.77,0.81,0.75,0.59,0.45,0.79,0.81,0.82,0.87,0.9,0.92,0.95,0.9,0.82,0.87,0.85,0.84,0.84,0.87,0.88,0.87,0.82,0.74,0.64,0.63,0.76,0.68,0.66,0.7,0.62,0.7,0.76,0.67,0.67,0.72,0.63,0.65,0.56,0.61,0.7,0.57,0.62,0.67,0.59,0.57,0.57,0.53,0.67,0.58,0.57,0.67,0.66
2026-08-18T06:00:00Z,0.14,0.12,0.06,0.29,0.2,0.52,0.68,0.83,0.89,0.92,0.96,0.85,0.88,0.73,0.69,0.63,0.71,0.76,0.88,0.88,0.89,0.89,0.87,0.92,0.85,0.89,0.84,0.84,0.85,0.76,0.77,0.8,0.84,0.72,0.64,0.75,0.64,0.61,0.66,0.75,0.68,0.69,0.71,0.63,0.67,0.56,0.56,0.6,0.61,0.59,0.57,0.58,0.51,0.59,0.53,0.46,0.68,0.67,0.56,0.57,0.56,0.57,0.59,0.67
2026-08-18T07:00:00Z,0.46,0.32,0.28,0.31,0.57,0.5,0.72,0.82,0.87,0.88,0.94,0.92,0.78,0.73,0.75,0.81,0.61,0.77,0.82,0.89,0.9,0.89,0.91,0.9,0.84,0.88,0.78,0.83,0.84,0.83,0.78,0.81,0.81,0.75,0.68,0.69,0.69,0.74,0.73,0.56,0.67,0.67,0.75,0.74,0.65,0.55,0.55,0.59,0.65,0.77,0.72,0.55,0.68,0.49,0.56,0.62,0.62,0.73,0.66,0.6,0.69,0.71,0.72,0.64
2026-08-18T08:00:00Z,0.37,0.31,0.45,0.15,0.41,0.3,0.77,0.69,0.88,0.91,0.91,0.87,0.91,0.84,0.79,0.77,0.62,0.76,0.78,0.87,0.94,0.93,0.91,0.89,0.78,0.77,0.8,0.8,0.71,0.72,0.78,0.83,0.72,0.69,0.68,0.73,0.66,0.72,0.7,0.61,0.68,0.66,0.59,0.6,0.66,0.72,0.66,0.63,0.55,0.54,0.54,0.6,0.6,0.7,0.48,0.52,0.48,0.41,0.59,0.64,0.69,0.67,0.44,0.61
2026-08-18T09:00:00Z,0.43,0.27,0.14,0.11,0.31,0.47,0.66,0.68,0.89,0.86,0.86,0.92,0.85,0.91,0.75,0.74,0.61,0.83,0.92,0.9,0.91,0.93,0.9,0.9,0.88,0.81,0.85,0.77,0.84,0.78,0.66,0.67,0.77,0.71,0.74,0.57,0.54,0.71,0.67,0.64,0.54,0.61,0.57,0.6,0.59,0.56,0.49,0.64,0.48,0.43,0.45,0.52,0.51,0.41,0.47,0.4,0.42,0.42,0.46,0.48,0.46,0.61,0.58,0.47
2026-08-18T10:00:00Z,0.29,0.31,0.27,0.18,0.19,0.7,0.76,0.85,0.89,0.96,0.86,0.91,0.89,0.8,0.76,0.74,0.61,0.77,0.84,0.84,0.88,0.91,0.95,0.88,0.86,0.86,0.82,0.82,0.73,0.77,0.8,0.67,0.49,0.65,0.73,0.62,0.79,0.65,0.71,0.68,0.64,0.67,0.62,0.42,0.54,0.47,0.54,0.52,0.49,0.65,0.62,0.62,0.58,0.49,0.48,0.55,0.64,0.42,0.67,0.59,0.68,0.56,0.66,0.64
2026-08-18T11:00:00Z,0.35,0.29,0.38,0.35,0.46,0.55,0.71,0.87,0.85,0.89,0.95,0.84,0.91,0.83,0.84,0.68,0.73,0.85,0.83,0.89,0.91,0.89,0.91,0.93,0.88,0.89,0.83,0.77,0.81,0.66,0.76,0.71,0.75,0.7,0.76,0.66,0.65,0.71,0.69,0.66,0.62,0.61,0.58,0.64,0.69,0.66,0.69,0.67,0.59,0.65,0.58,0.64,0.56,0.6,0.46,0.44,0.64,0.56,0.59,0.53,0.41,0.68,0.48,0.65
2026-08-18T12:00:00Z,0.12,0.19,0.14,0.39,0.41,0.43,0.81,0.88,0.88,0.95,0.86,0.82,0.93,0.85,0.81,0.62,0.67,0.78,0.91,0.91,0.87,0.88,0.92,0.91,0.91,0.85,0.82,0.82,0.81,0.81,0.81,0.74,0.75,0.69,0.64,0.62,0.64,0.72,0.7,0.67,0.55,0.69,0.72,0.66,0.62,0.65,0.72,0.63,0.66,0.59,0.58,0.54,0.55,0.51,0.68,0.68,0.52,0.66,0.5,0.58,0.57,0.52,0.46,0.47
2026-08-18T13:00:00Z,0.44,0.26,0.1,0.33,0.44,0.75,0.78,0.84,0.96,0.93,0.73,0.86,0.9,0.8,0.77,0.76,0.73,0.9,0.91,0.89,0.9,0.95,0.94,0.93,0.94,0.92,0.86,0.81,0.82,0.84,0.81,0.83,0.87,0.8,0.72,0.73,0.72,0.62,0.54,0.69,0.65,0.72,0.58,0.5,0.63,0.66,0.6,0.58,0.67,0.48,0.53,0.62,0.68,0.6,0.59,0.52,0.5,0.61,0.59,0.62,0.53,0.58,0.51,0.52
2026-08-18T14:00:00Z,0.4,0.15,0.56,0.44,0.5,0.57,0.87,0.92,0.93,0.9,0.83,0.93,0.92,0.74,0.71,0.86,0.71,0.79,0.78,0.86,0.93,0.94,0.91,0.92,0.9,0.88,0.91,0.85,0.81,0.76,0.77,0.79,0.74,0.82,0.78,0.74,0.71,0.59,0.59,0.71,0.71,0.6,0.55,0.59,0.55,0.64,0.57,0.6,0.6,0.6,0.61,0.63,0.51,0.49,0.57,0.56,0.62,0.57,0.48,0.62,0.62,0.61,0.61,0.47
2026-08-18T15:00:00Z,0.41,0.28,0.59,0.24,0.3,0.64,0.78,0.71,0.87,0.97,0.95,0.87,0.94,0.84,0.89,0.76,0.75,0.77,0.91,0.9,0.92,0.95,0.92,0.91,0.93,0.9,0.83,0.81,0.78,0.69,0.75,0.82,0.75,0.81,0.74,0.59,0.48,0.56,0.59,0.63,0.62,0.69,0.65,0.31,0.56,0.67,0.58,0.59,0.53,0.58,0.49,0.63,0.59,0.59,0.53,0.52,0.44,0.54,0.61,0.43,0.54,0.47,0.47,0.44
2026-08-18T16:00:00Z,0.39,0.17,0.1,0.44,0.34,0.51,0.87,0.9,0.93,0.93,0.93,0.91,0.81,0.91,0.52,0.73,0.83,0.77,0.9,0.93,0.94,0.95,0.91,0.88,0.9,0.91,0.9,0.89,0.77,0.78,0.75,0.74,0.73,0.77,0.81,0.77,0.62,0.75,0.56,0.58,0.65,0.62,0.61,0.64,0.51,0.58,0.63,0.64,0.51,0.52,0.58,0.43,0.5,0.42,0.45,0.62,0.6,0.53,0.54,0.61,0.49,0.53,0.59,0.52
2026-08-18T17:00:00Z,0.53,0.44,0.36,0.29,0.08,0.43,0.86,0.92,0.91,0.86,0.88,0.88,0.88,0.79,0.84,0.84,0.72,0.79,0.88,0.94,0.95,0.91,0.93,0.92,0.94,0.86,0.84,0.9,0.84,0.84,0.8,0.75,0.76,0.76,0.69,0.7,0.63,0.72,0.56,0.66,0.61,0.56,0.52,0.37,0.53,0.4,0.36,0.37,0.5,0.46,0.55,0.52,0.56,0.57,0.68,0.47,0.54,0.43,0.6,0.6,0.58,0.61,0.61,0.64
2026-08-18T18:00:00Z,0.31,0.13,0.24,0.13,0.39,0.47,0.77,0.88,0.83,0.92,0.89,0.92,0.86,0.8,0.72,0.68,0.77,0.85,0.91,0.94,0.96,0.94,0.93,0.89,0.86,0.87,0.89,0.88,0.81,0.77,0.73,0.71,0.76,0.77,0.69,0.81,0.72,0.68,0.5,0.65,0.73,0.63,0.67,0.69,0.68,0.65,0.47,0.55,0.53,0.57,0.59,0.69,0.55,0.68,0.61,0.54,0.5,0.66,0.68,0.69,0.67,0.65,0.7,0.76
2026-08-18T19:00:00Z,0.19,0.4,0.25,0.35,0.15,0.44,0.75,0.81,0.71,0.95,0.88,0.91,0.83,0.86,0.83,0.66,0.73,0.84,0.92,0.94,0.94,0.91,0.94,0.88,0.87,0.82,0.8,0.81,0.82,0.86,0.73,0.7,0.77,0.76,0.72,0.69,0.69,0.73,0.73,0.67,0.72,0.61,0.66,0.65,0.63,0.68,0.68,0.58,0.59,0.65,0.68,0.72,0.69,0.61,0.57,0.7,0.65,0.68,0.71,0.78,0.74,0.74,0.73,0.77
2026-08-18T20:00:00Z,0.49,0.33,0.51,0.09,0.27,0.39,0.72,0.86,0.87,0.9,0.95,0.82,0.95,0.68,0.91,0.62,0.67,0.8,0.89,0.92,0.93,0.91,0.93,0.88,0.88,0.83,0.83,0.82,0.86,0.84,0.78,0.78,0.65,0.74,0.77,0.7,0.62,0.67,0.79,0.8,0.81,0.59,0.76,0.69,0.73,0.74,0.7,0.71,0.67,0.65,0.67,0.5,0.51,0.73,0.67,0.7,0.82,0.72,0.68,0.72,0.67,0.76,0.75,0.74
2026-08-18T21:00:00Z,0.18,0.03,0.06,0.53,0.28,0.28,0.55,0.82,0.84,0.91,0.74,0.93,0.93,0.56,0.71,0.66,0.71,0.84,0.92,0.92,0.9,0.86,0.89,0.89,0.88,0.89,0.82,0.84,0.86,0.83,0.85,0.78,0.82,0.74,0.62,0.71,0.71,0.74,0.78,0.74,0.75,0.69,0.72,0.75,0.73,0.66,0.65,0.68,0.71,0.69,0.7,0.66,0.78,0.74,0.72,0.64,0.7,0.7,0.72,0.67,0.76,0.71,0.8,0.74
2026-08-18T22:00:00Z,0.32,0.26,0.31,0.23,0.2,0.3,0.71,0.82,0.84,0.81,0.83,0.82,0.8,0.76,0.75,0.32,0.69,0.86,0.93,0.94,0.93,0.88,0.88,0.86,0.85,0.91,0.87,0.81,0.82,0.86,0.82,0.82,0.74,0.78,0.8,0.73,0.85,0.79,0.77,0.74,0.73,0.81,0.68,0.66,0.56,0.65,0.7,0.61,0.73,0.7,0.75,0.66,0.69,0.7,0.69,0.74,0.73,0.75,0.73,0.7,0.66,0.7,0.69,0.7
2026-08-18T23:00:00Z,0.22,0.19,0.07,0.24,0.17,0.14,0.59,0.74,0.84,0.83,0.79,0.72,0.75,0.75,0.73,0.78,0.65,0.85,0.88,0.89,0.91,0.9,0.84,0.85,0.92,0.88,0.8,0.86,0.76,0.81,0.85,0.83,0.77,0.79,0.78,0.79,0.8,0.7,0.75,0.77,0.75,0.77,0.73,0.76,0.65,0.77,0.7,0.68,0.73,0.67,0.72,0.6,0.62,0.71,0.77,0.6,0.66,0.63,0.69,0.64,0.69,0.71,0.84,0.73
2026-08-19T00:00:00Z,0.3,0.33,0.29,0.17,0.22,0.4,0.72,0.78,0.77,0.87,0.81,0.75,0.78,0.59,0.75,0.48,0.66,0.81,0.92,0.92,0.89,0.88,0.85,0.93,0.9,0.85,0.87,0.88,0.87,0.86,0.82,0.85,0.77,0.81,0.75,0.74,0.77,0.71,0.73,0.73,0.73,0.63,0.78,0.78,0.63,0.74,0.7,0.72,0.7,0.73,0.74,0.62,0.65,0.69,0.77,0.69,0.69,0.81,0.71,0.72,0.57,0.66,0.78,0.72
2026-08-19T01:00:00Z,0.33,0.34,0.18,0.29,0.16,0.18,0.65,0.79,0.83,0.91,0.86,0.69,0.84,0.81,0.86,0.68,0.7,0.9,0.9,0.92,0.9,0.9,0.92,0.91,0.93,0.92,0.91,0.92,0.83,0.87,0.83,0.83,0.76,0.84,0.75,0.77,0.82,0.78,0.74,0.69,0.74,0.74,0.67,0.72,0.59,0.64,0.79,0.73,0.69,0.76,0.67,0.73,0.56,0.75,0.69,0.55,0.61,0.67,0.54,0.57,0.59,0.65,0.66,0.77
2026-08-19T02:00:00Z,0.29,0.13,0.16,0.23,0.43,0.25,0.66,0.78,0.72,0.79,0.83,0.83,0.75,0.77,0.54,0.7,0.66,0.83,0.88,0.91,0.89,0.89,0.91,0.89,0.87,0.88,0.92,0.87,0.84,0.82,0.81,0.86,0.83,0.87,0.8,0.77,0.74,0.84,0.72,0.76,0.72,0.77,0.79,0.72,0.73,0.65,0.72,0.73,0.71,0.78,0.8,0.72,0.78,0.67,0.64,0.67,0.69,0.68,0.66,0.7,0.75,0.69,0.71,0.7
2026-08-19T03:00:00Z,0.45,0.35,0.09,0.12,0.23,0.37,0.79,0.62,0.8,0.88,0.9,0.79,0.71,0.81,0.78,0.74,0.7,0.79,0.9,0.89,0.88,0.92,0.9,0.86,0.79,0.87,0.9,0.88,0.87,0.84,0.82,0.9,0.83,0.89,0.82,0.82,0.79,0.8,0.67,0.74,0.78,0.6,0.75,0.72,0.81,0.78,0.69,0.67,0.68,0.61,0.66,0.75,0.7,0.77,0.7,0.61,0.8,0.81,0.68,0.7,0.75,0.81,0.76,0.76
2026-08-19T04:00:00Z,0.41,0.36,0.35,0.24,0.12,0.22,0.66,0.87,0.83,0.9,0.86,0.78,0.82,0.76,0.79,0.66,0.77,0.87,0.91,0.9,0.87,0.85,0.87,0.86,0.82,0.88,0.87,0.84,0.83,0.81,0.76,0.79,0.86,0.84,0.71,0.71,0.76,0.86,0.65,0.71,0.5,0.6,0.82,0.71,0.68,0.7,0.69,0.62,0.75,0.6,0.74,0.75,0.65,0.71,0.67,0.67,0.72,0.65,0.66,0.82,0.8,0.78,0.66,0.67
2026-08-19T05:00:00Z,0.17,0.12,0.18,0.14,0.24,0.48,0.62,0.81,0.79,0.71,0.89,0.81,0.86,0.9,0.82,0.8,0.56,0.87,0.89,0.9,0.86,0.92,0.85,0.83,0.82,0.9,0.88,0.85,0.75,0.81,0.84,0.82,0.78,0.76,0.8,0.69,0.74,0.8,0.71,0.6,0.67,0.65,0.69,0.72,0.61,0.57,0.49,0.66,0.65,0.68,0.57,0.65,0.7,0.63,0.74,0.72,0.82,0.71,0.74,0.76,0.64,0.65,0.74,0.64
2026-08-19T06:00:00Z,0.24,0.32,0.23,0.43,0.29,0.31,0.61,0.89,0.9,0.86,0.86,0.89,0.85,0.85,0.72,0.84,0.7,0.88,0.85,0.89,0.85,0.79,0.83,0.9,0.85,0.86,0.84,0.87,0.87,0.78,0.79,0.78,0.77,0.74,0.77,0.8,0.66,0.66,0.68,0.66,0.55,0.58,0.55,0.61,0.68,0.55,0.58,0.61,0.5,0.54,0.54,0.62,0.5,0.65,0.53,0.67,0.59,0.56,0.67,0.62,0.67,0.65,0.71,0.51
2026-08-19T07:00:00Z,0.44,0.39,0.17,0.22,0.45,0.3,0.63,0.83,0.88,0.83,0.94,0.8,0.83,0.77,0.78,0.75,0.61,0.82,0.88,0.84,0.84,0.88,0.88,0.88,0.85,0.89,0.78,0.81,0.83,0.73,0.67,0.73,0.78,0.78,0.77,0.81,0.71,0.66,0.65,0.58,0.66,0.41,0.56,0.67,0.67,0.51,0.43,0.4,0.58,0.48,0.52,0.4,0.36,0.46,0.58,0.62,0.59,0.53,0.5,0.56,0.56,0.47,0.52,0.53
2026-08-19T08:00:00Z,0.24,0.15,0.4,0.16,0.49,0.3,0.83,0.9,0.89,0.94,0.93,0.93,0.81,0.74,0.84,0.82,0.72,0.85,0.9,0.9,0.85,0.92,0.88,0.86,0.79,0.79,0.8,0.79,0.76,0.75,0.64,0.71,0.82,0.77,0.74,0.71,0.65,0.63,0.6,0.47,0.54,0.47,0.58,0.62,0.55,0.52,0.51,0.49,0.63,0.51,0.57,0.56,0.53,0.37,0.44,0.37,0.35,0.49,0.57,0.48,0.54,0.61,0.44,0.48
2026-08-19T09:00:00Z,0.2,0.21,0.21,0.15,0.46,0.52,0.81,0.9,0.85,0.92,0.9,0.9,0.94,0.79,0.78,0.78,0.75,0.84,0.87,0.9,0.87,0.89,0.87,0.86,0.84,0.84,0.78,0.8,0.75,0.78,0.76,0.78,0.76,0.59,0.67,0.67,0.6,0.58,0.64,0.57,0.51,0.61,0.69,0.52,0.53,0.57,0.55,0.44,0.45,0.32,0.31,0.31,0.37,0.5,0.4,0.52,0.49,0.34,0.31,0.41,0.53,0.41,0.25,0.49
2026-08-19T10:00:00Z,0.23,0.12,0.28,0.19,0.32,0.5,0.69,0.92,0.92,0.9,0.89,0.89,0.9,0.79,0.84,0.64,0.75,0.82,0.85,0.88,0.88,0.83,0.92,0.88,0.83,0.75,0.67,0.74,0.66,0.67,0.64,0.63,0.68,0.69,0.72,0.72,0.57,0.57,0.66,0.53,0.53,0.69,0.62,0.5,0.59,0.51,0.61,0.5,0.52,0.5,0.42,0.44,0.42,0.42,0.41,0.4,0.32,0.28,0.37,0.4,0.35,0.28,0.25,0.36
2026-08-19T11:00:00Z,0.04,0.18,0.23,0.08,0.36,0.31,0.85,0.91,0.91,0.9,0.88,0.85,0.84,0.83,0.84,0.72,0.68,0.86,0.91,0.94,0.92,0.93,0.89,0.87,0.85,0.87,0.66,0.75,0.8,0.69,0.72,0.68,0.69,0.69,0.64,0.62,0.69,0.71,0.7,0.71,0.55,0.43,0.5,0.54,0.55,0.33,0.5,0.56,0.47,0.46,0.37,0.51,0.48,0.55,0.37,0.46,0.4,0.3,0.2,0.24,0.3,0.35,0.31,0.37
2026-08-19T12:00:00Z,0.27,0.44,0.2,0.41,0.39,0.57,0.76,0.9,0.91,0.85,0.91,0.78,0.86,0.79,0.74,0.84,0.69,0.8,0.84,0.89,0.87,0.89,0.92,0.86,0.92,0.9,0.86,0.85,0.79,0.78,0.76,0.77,0.73,0.77,0.81,0.68,0.69,0.5,0.65,0.68,0.54,0.49,0.6,0.5,0.54,0.65,0.57,0.56,0.48,0.47,0.47,0.49,0.46,0.54,0.35,0.36,0.48,0.57,0.27,0.4,0.38,0.41,0.38,0.47
2026-08-19T13:00:00Z,0.08,0.16,0.45,0.15,0.38,0.55,0.66,0.92,0.92,0.89,0.89,0.93,0.96,0.89,0.82,0.86,0.81,0.84,0.88,0.91,0.89,0.9,0.9,0.9,0.85,0.92,0.89,0.87,0.82,0.75,0.82,0.79,0.61,0.74,0.7,0.69,0.69,0.64,0.69,0.64,0.56,0.71,0.62,0.62,0.63,0.53,0.42,0.49,0.56,0.53,0.4,0.37,0.45,0.48,0.53,0.46,0.44,0.56,0.51,0.39,0.44,0.5,0.61,0.55
2026-08-19T14:00:00Z,0.3,0.12,0.21,0.09,0.19,0.67,0.58,0.91,0.9,0.92,0.94,0.92,0.87,0.9,0.85,0.72,0.72,0.9,0.93,0.92,0.85,0.9,0.9,0.84,0.87,0.85,0.83,0.79,0.7,0.67,0.78,0.8,0.72,0.72,0.77,0.78,0.62,0.5,0.54,0.68,0.66,0.57,0.52,0.48,0.51,0.6,0.52,0.51,0.44,0.48,0.47,0.52,0.46,0.55,0.55,0.63,0.52,0.57,0.42,0.44,0.54,0.49,0.4,0.43
2026-08-19T15:00:00Z,0.31,0.35,0.37,0.25,0.04,0.47,0.64,0.9,0.95,0.94,0.9,0.85,0.88,0.89,0.76,0.77,0.76,0.87,0.94,0.91,0.9,0.93,0.89,0.87,0.9,0.87,0.84,0.81,0.8,0.66,0.7,0.82,0.78,0.85,0.68,0.59,0.72,0.69,0.69,0.64,0.59,0.67,0.68,0.52,0.57,0.48,0.7,0.59,0.45,0.58,0.56,0.64,0.58,0.6,0.5,0.52,0.61,0.49,0.62,0.6,0.41,0.53,0.62,0.5
2026-08-19T16:00:00Z,0.25,0.21,0.09,0.17,0.05,0.67,0.58,0.85,0.88,0.9,0.92,0.83,0.84,0.88,0.81,0.78,0.66,0.89,0.92,0.95,0.93,0.94,0.93,0.89,0.84,0.87,0.8,0.84,0.84,0.76,0.84,0.77,0.78,0.78,0.72,0.79,0.74,0.69,0.75,0.71,0.59,0.75,0.62,0.69,0.56,0.61,0.69,0.69,0.55,0.53,0.59,0.6,0.59,0.62,0.56,0.65,0.56,0.45,0.51,0.58,0.58,0.42,0.45,0.51
2026-08-19T17:00:00Z,0.07,0.11,0.18,0.38,0.31,0.4,0.77,0.92,0.75,0.89,0.79,0.68,0.76,0.89,0.82,0.81,0.75,0.84,0.91,0.94,0.91,0.9,0.91,0.88,0.89,0.84,0.84,0.85,0.76,0.78,0.8,0.86,0.81,0.73,0.68,0.7,0.67,0.63,0.66,0.73,0.68,0.62,0.7,0.62,0.61,0.48,0.71,0.6,0.57,0.65,0.66,0.53,0.56,0.51,0.44,0.61,0.52,0.66,0.72,0.76,0.61,0.45,0.65,0.69
2026-08-19T18:00:00Z,0.29,0.35,0.38,0.25,0.23,0.47,0.69,0.9,0.9,0.81,0.89,0.84,0.93,0.89,0.8,0.82,0.65,0.7,0.89,0.92,0.93,0.93,0.88,0.83,0.91,0.87,0.9,0.73,0.82,0.78,0.87,0.84,0.77,0.74,0.64,0.67,0.56,0.6,0.58,0.53,0.58,0.62,0.7,0.64,0.67,0.63,0.66,0.62,0.6,0.7,0.65,0.59,0.59,0.55,0.61,0.59,0.55,0.63,0.62,0.71,0.68,0.74,0.59,0.52
2026-08-19T19:00:00Z,0.67,0.59,0.31,0.46,0.43,0.59,0.56,0.82,0.85,0.91,0.83,0.89,0.84,0.88,0.76,0.8,0.58,0.87,0.88,0.92,0.93,0.92,0.89,0.9,0.91,0.89,0.92,0.87,0.9,0.83,0.85,0.78,0.81,0.8,0.74,0.7,0.68,0.72,0.69,0.64,0.68,0.61,0.6,0.61,0.64,0.58,0.58,0.57,0.56,0.52,0.54,0.48,0.47,0.58,0.51,0.51,0.49,0.58,0.64,0.58,0.61,0.49,0.67,0.73
2026-08-19T20:00:00Z,0.17,0.17,0.32,0.14,0.38,0.47,0.71,0.87,0.92,0.9,0.94,0.87,0.89,0.78,0.66,0.89,0.79,0.81,0.87,0.89,0.92,0.88,0.87,0.87,0.87,0.87,0.87,0.89,0.85,0.87,0.82,0.79,0.8,0.82,0.69,0.73,0.75,0.54,0.65,0.72,0.43,0.47,0.49,0.58,0.51,0.69,0.55,0.53,0.53,0.44,0.55,0.58,0.59,0.68,0.65,0.67,0.55,0.65,0.63,0.67,0.64,0.69,0.71,0.79
2026-08-19T21:00:00Z,0.27,0.14,0.09,0.36,0.24,0.36,0.65,0.85,0.91,0.93,0.87,0.85,0.84,0.88,0.81,0.67,0.65,0.79,0.87,0.87,0.86,0.85,0.86,0.88,0.87,0.82,0.84,0.83,0.83,0.88,0.87,0.82,0.82,0.78,0.78,0.76,0.74,0.65,0.54,0.53,0.63,0.73,0.69,0.72,0.75,0.59,0.69,0.63,0.7,0.73,0.71,0.73,0.62,0.67,0.66,0.72,0.68,0.61,0.7,0.69,0.61,0.74,0.71,0.69
2026-08-19T22:00:00Z,0.36,0.31,0.39,0.42,0.32,0.35,0.82,0.9,0.92,0.83,0.86,0.8,0.94,0.75,0.77,0.82,0.67,0.87,0.88,0.88,0.86,0.92,0.92,0.93,0.92,0.9,0.87,0.89,0.86,0.78,0.84,0.83,0.75,0.79,0.77,0.67,0.76,0.77,0.62,0.72,0.76,0.66,0.7,0.69,0.77,0.76,0.63,0.78,0.78,0.8,0.78,0.77,0.79,0.74,0.68,0.63,0.72,0.77,0.75,0.75,0.81,0.76,0.79,0.75
2026-08-19T23:00:00Z,0.18,0.06,0.14,0.69,0.61,0.29,0.51,0.88,0.93,0.91,0.88,0.85,0.7,0.86,0.69,0.68,0.74,0.84,0.88,0.89,0.9,0.85,0.84,0.8,0.85,0.77,0.79,0.79,0.79,0.69,0.75,0.85,0.78,0.77,0.82,0.76,0.8,0.8,0.7,0.85,0.8,0.65,0.64,0.74,0.7,0.68,0.72,0.74,0.62,0.68,0.73,0.8,0.66,0.77,0.77,0.79,0.76,0.73,0.73,0.8,0.74,0.74,0.73,0.77
2026-08-20T00:00:00Z,0.22,0.36,0.12,0.19,0.53,0.16,0.65,0.91,0.95,0.9,0.93,0.91,0.72,0.79,0.62,0.86,0.66,0.84,0.87,0.88,0.86,0.92,0.84,0.82,0.83,0.87,0.76,0.83,0.72,0.81,0.83,0.71,0.76,0.71,0.8,0.71,0.83,0.79,0.72,0.7,0.78,0.62,0.63,0.67,0.7,0.65,0.63,0.69,0.7,0.54,0.69,0.61,0.66,0.64,0.6,0.67,0.65,0.69,0.66,0.81,0.7,0.68,0.7,0.67
2026-08-20T01:00:00Z,0.27,0.2,0.25,0.09,0.06,0.49,0.64,0.86,0.81,0.87,0.79,0.86,0.73,0.67,0.72,0.73,0.62,0.83,0.91,0.92,0.84,0.84,0.86,0.86,0.86,0.83,0.82,0.84,0.73,0.74,0.8,0.8,0.81,0.76,0.77,0.8,0.73,0.78,0.72,0.66,0.77,0.8,0.72,0.71,0.81,0.74,0.69,0.61,0.64,0.58,0.63,0.75,0.76,0.63,0.71,0.71,0.68,0.64,0.81,0.76,0.83,0.74,0.74,0.68
2026-08-20T02:00:00Z,0.26,0.28,0.19,0.21,0.4,0.17,0.44,0.79,0.84,0.86,0.83,0.84,0.78,0.85,0.78,0.63,0.6,0.89,0.93,0.94,0.89,0.86,0.88,0.89,0.82,0.83,0.73,0.8,0.8,0.81,0.77,0.81,0.7,0.74,0.75,0.75,0.76,0.69,0.71,0.71,0.6,0.65,0.49,0.69,0.65,0.64,0.72,0.77,0.61,0.56,0.7,0.69,0.78,0.65,0.74,0.74,0.61,0.72,0.74,0.65,0.75,0.65,0.68,0.69
2026-08-20T03:00:00Z,0.33,0.25,0.24,0.3,0.38,0.28,0.46,0.69,0.89,0.79,0.89,0.78,0.74,0.71,0.79,0.82,0.57,0.86,0.89,0.87,0.93,0.86,0.82,0.85,0.91,0.85,0.83,0.91,0.81,0.74,0.77,0.83,0.82,0.73,0.66,0.78,0.76,0.76,0.69,0.7,0.64,0.64,0.77,0.74,0.73,0.62,0.57,0.53,0.6,0.62,0.62,0.64,0.71,0.75,0.78,0.69,0.75,0.73,0.73,0.69,0.63,0.76,0.73,0.7
2026-08-20T04:00:00Z,0.42,0.25,0.26,0.32,0.3,0.37,0.4,0.67,0.91,0.89,0.84,0.91,0.89,0.83,0.7,0.61,0.51,0.78,0.89,0.9,0.91,0.85,0.77,0.92,0.82,0.86,0.79,0.84,0.83,0.87,0.84,0.81,0.72,0.84,0.78,0.73,0.64,0.71,0.69,0.7,0.69,0.69,0.64,0.69,0.59,0.66,0.63,0.58,0.48,0.51,0.54,0.49,0.6,0.61,0.75,0.67,0.67,0.61,0.56,0.65,0.53,0.62,0.62,0.55
2026-08-20T05:00:00Z,0.43,0.17,0.31,0.21,0.32,0.22,0.5,0.79,0.93,0.81,0.86,0.73,0.75,0.88,0.71,0.61,0.54,0.79,0.89,0.95,0.89,0.83,0.85,0.86,0.83,0.83,0.84,0.85,0.82,0.82,0.81,0.83,0.78,0.75,0.81,0.76,0.69,0.7,0.67,0.63,0.54,0.62,0.66,0.59,0.59,0.38,0.64,0.56,0.56,0.58,0.62,0.42,0.52,0.39,0.54,0.56,0.59,0.53,0.53,0.42,0.59,0.52,0.61,0.64
2026-08-20T06:00:00Z,0.45,0.28,0.01,0.17,0.16,0.59,0.72,0.77,0.87,0.9,0.89,0.88,0.81,0.86,0.76,0.7,0.63,0.73,0.87,0.91,0.85,0.9,0.9,0.9,0.92,0.89,0.83,0.85,0.88,0.81,0.83,0.73,0.77,0.72,0.74,0.74,0.74,0.62,0.69,0.7,0.75,0.67,0.61,0.63,0.57,0.8,0.59,0.64,0.56,0.4,0.67,0.67,0.71,0.65,0.68,0.61,0.63,0.69,0.64,0.71,0.59,0.64,0.6,0.64
2026-08-20T07:00:00Z,0.45,0.16,0.17,0.12,0.18,0.45,0.74,0.8,0.81,0.92,0.88,0.86,0.83,0.67,0.68,0.76,0.73,0.73,0.8,0.84,0.87,0.87,0.89,0.89,0.88,0.87,0.86,0.8,0.77,0.75,0.68,0.82,0.79,0.73,0.83,0.65,0.76,0.8,0.8,0.73,0.77,0.67,0.6,0.52,0.59,0.65,0.61,0.61,0.68,0.59,0.61,0.58,0.65,0.66,0.54,0.65,0.57,0.6,0.59,0.66,0.68,0.69,0.73,0.65
2026-08-20T08:00:00Z,0.32,0.3,0.12,0.14,0.37,0.68,0.58,0.85,0.93,0.84,0.9,0.87,0.79,0.65,0.64,0.73,0.62,0.74,0.88,0.88,0.86,0.86,0.84,0.89,0.89,0.82,0.77,0.79,0.81,0.76,0.79,0.79,0.79,0.8,0.68,0.66,0.72,0.69,0.76,0.64,0.52,0.63,0.55,0.54,0.68,0.55,0.52,0.51,0.53,0.51,0.37,0.54,0.56,0.37,0.55,0.58,0.49,0.47,0.49,0.56,0.44,0.68,0.55,0.6
2026-08-20T09:00:00Z,0.23,0.25,0.15,0.15,0.26,0.64,0.54,0.88,0.87,0.93,0.87,0.91,0.88,0.81,0.78,0.72,0.66,0.83,0.89,0.85,0.9,0.91,0.93,0.81,0.83,0.82,0.78,0.78,0.73,0.82,0.63,0.68,0.66,0.66,0.64,0.6,0.72,0.69,0.62,0.51,0.51,0.35,0.54,0.5,0.43,0.44,0.3,0.54,0.58,0.48,0.41,0.39,0.4,0.51,0.42,0.32,0.41,0.42,0.4,0.57,0.44,0.47,0.28,0.49
2026-08-20T10:00:00Z,0.32,0.31,0.12,0.13,0.39,0.65,0.83,0.82,0.93,0.83,0.91,0.69,0.89,0.87,0.69,0.79,0.67,0.82,0.88,0.87,0.91,0.9,0.9,0.89,0.84,0.85,0.81,0.89,0.83,0.69,0.71,0.77,0.68,0.71,0.68,0.65,0.69,0.56,0.64,0.67,0.67,0.65,0.5,0.5,0.47,0.51,0.45,0.58,0.45,0.36,0.46,0.24,0.33,0.45,0.31,0.41,0.54,0.43,0.32,0.42,0.19,0.37,0.38,0.32
2026-08-20T11:00:00Z,0.21,0.34,0.48,0.2,0.69,0.54,0.7,0.84,0.87,0.92,0.88,0.82,0.92,0.86,0.81,0.75,0.76,0.84,0.86,0.92,0.91,0.88,0.9,0.92,0.89,0.78,0.81,0.76,0.8,0.82,0.69,0.73,0.66,0.71,0.69,0.57,0.59,0.62,0.58,0.49,0.57,0.6,0.62,0.52,0.44,0.47,0.53,0.59,0.39,0.34,0.5,0.45,0.44,0.37,0.46,0.45,0.28,0.24,0.36,0.37,0.41,0.31,0.43,0.25
2026-08-20T12:00:00Z,0.57,0.47,0.17,0.32,0.49,0.55,0.76,0.85,0.79,0.91,0.87,0.86,0.96,0.86,0.84,0.85,0.65,0.74,0.91,0.92,0.87,0.93,0.85,0.89,0.91,0.89,0.82,0.69,0.72,0.74,0.68,0.73,0.65,0.7,0.62,0.72,0.75,0.76,0.62,0.56,0.51,0.55,0.61,0.58,0.6,0.58,0.52,0.55,0.4,0.53,0.48,0.35,0.4,0.43,0.47,0.52,0.35,0.32,0.47,0.36,0.3,0.45,0.38,0.37
2026-08-20T13:00:00Z,0.45,0.36,0.12,0.36,0.37,0.44,0.6,0.83,0.84,0.95,0.89,0.86,0.87,0.56,0.82,0.84,0.72,0.86,0.84,0.93,0.92,0.91,0.87,0.87,0.81,0.84,0.85,0.84,0.85,0.76,0.76,0.74,0.66,0.72,0.64,0.7,0.73,0.61,0.61,0.65,0.78,0.66,0.61,0.69,0.57,0.65,0.66,0.47,0.53,0.57,0.64,0.55,0.58,0.46,0.31,0.45,0.36,0.41,0.45,0.31,0.38,0.43,0.36,0.31
2026-08-20T14:00:00Z,0.34,0.39,0.4,0.43,0.38,0.47,0.64,0.88,0.92,0.94,0.91,0.85,0.93,0.73,0.76,0.75,0.69,0.75,0.85,0.87,0.87,0.89,0.9,0.9,0.85,0.76,0.77,0.82,0.79,0.74,0.75,0.75,0.78,0.72,0.77,0.74,0.8,0.78,0.7,0.64,0.77,0.68,0.71,0.7,0.66,0.64,0.64,0.59,0.59,0.57,0.45,0.41,0.56,0.6,0.55,0.52,0.5,0.51,0.57,0.47,0.5,0.45,0.37,0.45
2026-08-20T15:00:00Z,0.41,0.28,0.13,0.25,0.59,0.49,0.77,0.86,0.84,0.89,0.97,0.91,0.9,0.88,0.82,0.59,0.62,0.78,0.85,0.89,0.88,0.82,0.83,0.88,0.87,0.88,0.79,0.76,0.74,0.73,0.75,0.71,0.7,0.71,0.79,0.74,0.63,0.65,0.76,0.57,0.59,0.47,0.65,0.49,0.6,0.48,0.58,0.51,0.37,0.54,0.51,0.49,0.47,0.49,0.48,0.45,0.53,0.56,0.51,0.49,0.45,0.42,0.4,0.3
2026-08-20T16:00:00Z,0.39,0.25,0.55,0.54,0.53,0.65,0.81,0.9,0.9,0.86,0.9,0.9,0.87,0.82,0.84,0.66,0.58,0.74,0.88,0.91,0.88,0.88,0.89,0.83,0.85,0.85,0.81,0.75,0.63,0.7,0.79,0.79,0.73,0.66,0.57,0.77,0.72,0.7,0.7,0.7,0.57,0.62,0.58,0.63,0.63,0.63,0.63,0.64,0.47,0.56,0.62,0.46,0.56,0.55,0.59,0.43,0.49,0.34,0.38,0.32,0.51,0.55,0.53,0.53
2026-08-20T17:00:00Z,0.32,0.16,0.18,0.22,0.5,0.62,0.67,0.82,0.86,0.86,0.9,0.76,0.78,0.8,0.82,0.77,0.62,0.6,0.85,0.92,0.92,0.89,0.86,0.87,0.85,0.84,0.89,0.72,0.76,0.69,0.74,0.73,0.71,0.72,0.77,0.56,0.7,0.68,0.7,0.77,0.69,0.71,0.69,0.68,0.49,0.42,0.6,0.44,0.55,0.68,0.65,0.48,0.55,0.56,0.55,0.45,0.5,0.4,0.43,0.36,0.38,0.53,0.51,0.56
2026-08-20T18:00:00Z,0.53,0.48,0.29,0.01,0.61,0.78,0.77,0.87,0.82,0.77,0.78,0.67,0.83,0.86,0.87,0.52,0.61,0.67,0.82,0.85,0.92,0.85,0.84,0.81,0.77,0.79,0.84,0.74,0.78,0.64,0.71,0.73,0.67,0.71,0.81,0.76,0.72,0.73,0.74,0.62,0.7,0.82,0.57,0.65,0.63,0.57,0.53,0.66,0.55,0.54,0.54,0.59,0.57,0.54,0.4,0.44,0.42,0.46,0.39,0.43,0.36,0.31,0.26,0.38
2026-08-20T19:00:00Z,0.25,0.54,0.41,0.21,0.43,0.61,0.78,0.79,0.91,0.89,0.77,0.81,0.53,0.83,0.82,0.79,0.63,0.7,0.74,0.88,0.9,0.91,0.84,0.85,0.82,0.86,0.78,0.8,0.82,0.77,0.76,0.67,0.79,0.71,0.62,0.71,0.69,0.72,0.65,0.63,0.63,0.59,0.63,0.62,0.62,0.59,0.37,0.58,0.5,0.52,0.35,0.39,0.45,0.39,0.47,0.5,0.46,0.51,0.34,0.37,0.53,0.35,0.47,0.36
2026-08-20T20:00:00Z,0.28,0.16,0.09,0.53,0.18,0.45,0.66,0.75,0.93,0.93,0.88,0.79,0.68,0.77,0.77,0.49,0.63,0.67,0.82,0.8,0.88,0.89,0.89,0.87,0.89,0.87,0.74,0.83,0.8,0.81,0.82,0.75,0.75,0.72,0.62,0.69,0.67,0.65,0.65,0.62,0.7,0.65,0.46,0.56,0.47,0.52,0.46,0.61,0.52,0.61,0.23,0.45,0.47,0.52,0.45,0.47,0.41,0.39,0.41,0.35,0.59,0.29,0.46,0.39
2026-08-20T21:00:00Z,0.46,0.29,0.23,0.18,0.58,0.76,0.7,0.91,0.93,0.85,0.83,0.81,0.77,0.81,0.73,0.67,0.38,0.47,0.73,0.88,0.76,0.78,0.81,0.82,0.78,0.76,0.78,0.82,0.83,0.75,0.82,0.79,0.76,0.83,0.77,0.77,0.78,0.65,0.55,0.64,0.69,0.65,0.67,0.78,0.53,0.68,0.48,0.32,0.49,0.55,0.52,0.49,0.45,0.45,0.3,0.45,0.37,0.5,0.45,0.52,0.6,0.58,0.53,0.51
2026-08-20T22:00:00Z,0.19,0.17,0.26,0.24,0.6,0.8,0.83,0.9,0.83,0.85,0.92,0.92,0.58,0.84,0.74,0.57,0.44,0.63,0.73,0.88,0.84,0.87,0.85,0.82,0.79,0.8,0.72,0.76,0.75,0.81,0.79,0.78,0.7,0.66,0.75,0.82,0.76,0.66,0.57,0.54,0.47,0.53,0.62,0.47,0.58,0.42,0.52,0.58,0.46,0.5,0.49,0.4,0.54,0.59,0.54,0.59,0.45,0.57,0.52,0.48,0.49,0.51,0.41,0.54
2026-08-20T23:00:00Z,0.21,0.47,0.36,0.22,0.57,0.7,0.9,0.85,0.86,0.93,0.87,0.85,0.64,0.69,0.86,0.56,0.5,0.58,0.75,0.82,0.87,0.87,0.81,0.88,0.86,0.8,0.82,0.83,0.78,0.85,0.78,0.77,0.68,0.72,0.69,0.61,0.58,0.49,0.68,0.66,0.6,0.5,0.37,0.3,0.56,0.43,0.57,0.45,0.44,0.38,0.4,0.57,0.53,0.53,0.17,0.35,0.44,0.46,0.38,0.38,0.49,0.5,0.6,0.65
2026-08-21T00:00:00Z,0.21,0.28,0.39,0.3,0.41,0.68,0.78,0.74,0.82,0.88,0.86,0.59,0.76,0.86,0.7,0.77,0.72,0.62,0.7,0.75,0.85,0.91,0.87,0.81,0.78,0.86,0.85,0.83,0.85,0.84,0.79,0.72,0.79,0.76,0.6,0.66,0.71,0.78,0.73,0.7,0.69,0.53,0.43,0.68,0.65,0.5,0.53,0.52,0.46,0.53,0.46,0.56,0.54,0.44,0.38,0.41,0.51,0.4,0.37,0.54,0.6,0.49,0.41,0.5
2026-08-21T01:00:00Z,0.3,0.14,0.48,0.23,0.2,0.36,0.68,0.88,0.91,0.85,0.94,0.83,0.78,0.75,0.69,0.82,0.59,0.44,0.61,0.73,0.8,0.9,0.87,0.85,0.86,0.87,0.89,0.82,0.77,0.8,0.82,0.84,0.72,0.73,0.71,0.75,0.8,0.68,0.59,0.62,0.62,0.5,0.39,0.62,0.6,0.5,0.5,0.46,0.39,0.35,0.36,0.35,0.34,0.46,0.32,0.6,0.32,0.52,0.42,0.44,0.43,0.55,0.48,0.56
2026-08-21T02:00:00Z,0.38,0.24,0.73,0.61,0.34,0.83,0.75,0.76,0.94,0.91,0.84,0.78,0.82,0.77,0.74,0.79,0.61,0.6,0.66,0.71,0.89,0.86,0.86,0.86,0.84,0.78,0.81,0.84,0.79,0.67,0.77,0.7,0.77,0.76,0.78,0.71,0.62,0.74,0.61,0.71,0.84,0.68,0.63,0.47,0.49,0.45,0.63,0.52,0.42,0.51,0.56,0.52,0.44,0.44,0.56,0.57,0.54,0.48,0.55,0.51,0.53,0.46,0.39,0.47
2026-08-21T03:00:00Z,0.35,0.28,0.04,0.12,0.35,0.55,0.8,0.76,0.88,0.91,0.78,0.85,0.45,0.7,0.79,0.76,0.53,0.46,0.71,0.85,0.85,0.83,0.85,0.83,0.83,0.78,0.78,0.85,0.73,0.79,0.65,0.81,0.78,0.66,0.76,0.83,0.78,0.71,0.68,0.62,0.62,0.67,0.78,0.69,0.59,0.63,0.4,0.43,0.35,0.38,0.36,0.43,0.35,0.25,0.27,0.42,0.19,0.38,0.31,0.32,0.44,0.39,0.37,0.43
2026-08-21T04:00:00Z,0.24,0.26,0.08,0.14,0.42,0.63,0.7,0.72,0.75,0.9,0.91,0.89,0.77,0.81,0.83,0.7,0.47,0.62,0.76,0.71,0.8,0.82,0.73,0.87,0.81,0.86,0.82,0.78,0.75,0.79,0.76,0.83,0.76,0.67,0.74,0.74,0.61,0.58,0.74,0.53,0.65,0.71,0.61,0.67,0.47,0.53,0.58,0.49,0.43,0.53,0.4,0.42,0.43,0.35,0.45,0.33,0.25,0.31,0.38,0.45,0.46,0.45,0.34,0.49
2026-08-21T05:00:00Z,0.22,0.19,0.52,0.06,0.44,0.48,0.8,0.73,0.91,0.8,0.92,0.54,0.78,0.8,0.85,0.84,0.66,0.52,0.59,0.78,0.84,0.86,0.87,0.89,0.86,0.76,0.81,0.84,0.77,0.74,0.75,0.73,0.79,0.7,0.63,0.66,0.77,0.67,0.66,0.59,0.64,0.74,0.66,0.53,0.67,0.68,0.52,0.55,0.52,0.45,0.44,0.38,0.54,0.43,0.35,0.38,0.43,0.45,0.34,0.42,0.52,0.38,0.27,0.34
2026-08-21T06:00:00Z,0.32,0.27,0.25,0.14,0.4,0.88,0.89,0.83,0.94,0.9,0.87,0.9,0.81,0.64,0.78,0.88,0.56,0.53,0.58,0.72,0.83,0.81,0.78,0.86,0.84,0.84,0.81,0.77,0.73,0.78,0.83,0.77,0.66,0.7,0.7,0.59,0.68,0.74,0.61,0.69,0.6,0.65,0.66,0.59,0.56,0.69,0.43,0.5,0.62,0.63,0.55,0.48,0.55,0.61,0.46,0.48,0.44,0.52,0.57,0.56,0.53,0.27,0.42,0.42
2026-08-21T07:00:00Z,0.37,0.63,0.17,0.37,0.3,0.56,0.89,0.84,0.81,0.89,0.91,0.82,0.54,0.63,0.75,0.79,0.64,0.58,0.67,0.79,0.89,0.83,0.89,0.86,0.81,0.8,0.84,0.81,0.86,0.82,0.67,0.76,0.82,0.75,0.73,0.69,0.7,0.62,0.75,0.62,0.63,0.6,0.61,0.69,0.68,0.65,0.62,0.69,0.5,0.54,0.5,0.45,0.54,0.45,0.43,0.24,0.38,0.46,0.37,0.26,0.42,0.07,0.31,0.36
2026-08-21T08:00:00Z,0.36,0.26,0.17,0.08,0.57,0.69,0.72,0.78,0.83,0.94,0.91,0.88,0.77,0.61,0.81,0.74,0.67,0.55,0.55,0.71,0.83,0.85,0.81,0.8,0.84,0.86,0.78,0.75,0.8,0.82,0.76,0.81,0.72,0.7,0.74,0.76,0.71,0.6,0.72,0.62,0.51,0.66,0.48,0.63,0.59,0.53,0.55,0.53,0.49,0.6,0.59,0.45,0.42,0.47,0.42,0.4,0.34,0.26,0.24,0.33,0.25,0.23,0.28,0.32
2026-08-21T09:00:00Z,0.69,0.51,0.41,0.38,0.54,0.89,0.95,0.81,0.94,0.86,0.92,0.79,0.64,0.86,0.85,0.9,0.82,0.51,0.63,0.71,0.87,0.89,0.82,0.85,0.85,0.79,0.82,0.86,0.83,0.85,0.84,0.8,0.76,0.72,0.67,0.72,0.7,0.7,0.48,0.57,0.56,0.56,0.5,0.65,0.58,0.6,0.56,0.62,0.57,0.59,0.46,0.47,0.44,0.25,0.31,0.38,0.31,0.36,0.47,0.31,0.19,0.22,0.23,0.27
2026-08-21T10:00:00Z,0.3,0.46,0.45,0.39,0.59,0.8,0.85,0.91,0.93,0.89,0.89,0.87,0.79,0.81,0.71,0.88,0.73,0.7,0.72,0.79,0.85,0.76,0.76,0.88,0.86,0.8,0.82,0.83,0.85,0.82,0.83,0.84,0.85,0.78,0.79,0.73,0.7,0.77,0.69,0.64,0.68,0.71,0.54,0.48,0.62,0.55,0.49,0.58,0.52,0.63,0.46,0.45,0.51,0.56,0.33,0.36,0.48,0.36,0.26,0.45,0.21,0.18,0.28,0.16
2026-08-21T11:00:00Z,0.59,0.43,0.45,0.54,0.6,0.75,0.9,0.91,0.94,0.94,0.93,0.88,0.73,0.52,0.68,0.69,0.77,0.6,0.62,0.65,0.73,0.72,0.83,0.83,0.84,0.86,0.87,0.84,0.86,0.79,0.85,0.83,0.87,0.78,0.79,0.81,0.78,0.62,0.66,0.59,0.7,0.74,0.68,0.66,0.62,0.44,0.47,0.49,0.45,0.15,0.27,0.4,0.31,0.26,0.24,0.32,0.43,0.44,0.26,0.16,0.17,0.28,0.47,0.17
2026-08-21T12:00:00Z,0.57,0.47,0.17,0.38,0.5,0.85,0.94,0.9,0.89,0.9,0.87,0.85,0.66,0.74,0.66,0.89,0.69,0.63,0.75,0.82,0.92,0.86,0.82,0.88,0.86,0.8,0.87,0.89,0.83,0.9,0.88,0.86,0.77,0.79,0.68,0.61,0.66,0.79,0.74,0.69,0.64,0.67,0.71,0.64,0.55,0.66,0.53,0.51,0.49,0.49,0.6,0.52,0.53,0.52,0.34,0.27,0.4,0.4,0.56,0.32,0.44,0.31,0.36,0.32
2026-08-21T13:00:00Z,0.5,0.38,0.44,0.37,0.48,0.79,0.92,0.85,0.83,0.93,0.95,0.9,0.68,0.8,0.74,0.74,0.68,0.44,0.8,0.76,0.82,0.84,0.83,0.85,0.87,0.91,0.83,0.85,0.83,0.89,0.88,0.86,0.82,0.8,0.87,0.73,0.73,0.67,0.7,0.69,0.78,0.7,0.63,0.66,0.63,0.59,0.62,0.65,0.48,0.48,0.63,0.59,0.62,0.53,0.5,0.48,0.5,0.6,0.51,0.39,0.48,0.39,0.41,0.4
2026-08-21T14:00:00Z,0.77,0.69,0.3,0.48,0.45,0.71,0.81,0.81,0.86,0.91,0.87,0.78,0.8,0.7,0.79,0.84,0.72,0.52,0.72,0.86,0.87,0.87,0.9,0.84,0.88,0.88,0.84,0.88,0.84,0.85,0.82,0.84,0.85,0.76,0.79,0.69,0.56,0.63,0.6,0.61,0.63,0.71,0.63,0.69,0.68,0.59,0.44,0.5,0.57,0.45,0.44,0.51,0.44,0.33,0.43,0.4,0.46,0.51,0.3,0.26,0.42,0.39,0.3,0.53
2026-08-21T15:00:00Z,0.51,0.38,0.31,0.09,0.6,0.76,0.91,0.88,0.93,0.89,0.91,0.92,0.73,0.66,0.58,0.8,0.77,0.6,0.8,0.79,0.84,0.88,0.89,0.9,0.85,0.8,0.73,0.8,0.76,0.85,0.87,0.79,0.7,0.69,0.74,0.68,0.65,0.47,0.69,0.69,0.44,0.23,0.39,0.39,0.34,0.4,0.47,0.32,0.37,0.49,0.22,0.49,0.29,0.18,0.3,0.35,0.18,0.24,0.13,0.14,0.07,0.06,0.36,0.14
2026-08-21T16:00:00Z,0.42,0.43,0.29,0.4,0.26,0.66,0.9,0.93,0.84,0.88,0.9,0.84,0.82,0.71,0.84,0.78,0.75,0.47,0.66,0.88,0.9,0.94,0.91,0.92,0.84,0.85,0.87,0.83,0.8,0.81,0.89,0.81,0.83,0.78,0.82,0.68,0.64,0.67,0.73,0.67,0.65,0.59,0.58,0.56,0.46,0.48,0.4,0.38,0.44,0.53,0.56,0.58,0.53,0.53,0.49,0.43,0.36,0.22,0.34,0.48,0.3,0.25,0.19,0.26
2026-08-21T17:00:00Z,0.5,0.48,0.42,0.25,0.48,0.75,0.95,0.95,0.86,0.92,0.93,0.82,0.86,0.67,0.43,0.4,0.79,0.64,0.63,0.83,0.88,0.93,0.89,0.87,0.85,0.89,0.9,0.92,0.84,0.72,0.79,0.81,0.68,0.73,0.71,0.72,0.8,0.7,0.67,0.7,0.53,0.62,0.32,0.45,0.33,0.36,0.42,0.41,0.55,0.39,0.5,0.54,0.37,0.31,0.29,0.17,0.17,0.23,0.38,0.44,0.44,0.39,0.21,0.21
2026-08-21T18:00:00Z,0.46,0.37,0.41,0.12,0.48,0.84,0.91,0.94,0.85,0.96,0.9,0.93,0.84,0.8,0.62,0.79,0.79,0.59,0.58,0.89,0.92,0.89,0.93,0.88,0.82,0.81,0.84,0.89,0.79,0.81,0.77,0.82,0.76,0.68,0.66,0.81,0.8,0.76,0.62,0.77,0.64,0.68,0.61,0.48,0.53,0.5,0.54,0.47,0.56,0.47,0.5,0.48,0.39,0.4,0.36,0.44,0.22,0.21,0.11,0.2,0.1,0.15,0.34,0.18
2026-08-21T19:00:00Z,0.58,0.34,0.24,0.1,0.28,0.84,0.9,0.93,0.94,0.88,0.95,0.84,0.76,0.75,0.79,0.75,0.86,0.66,0.8,0.87,0.93,0.92,0.87,0.93,0.93,0.87,0.86,0.84,0.82,0.71,0.77,0.73,0.66,0.6,0.65,0.78,0.71,0.7,0.66,0.68,0.62,0.64,0.57,0.62,0.6,0.5,0.58,0.59,0.38,0.39,0.35,0.34,0.38,0.34,0.45,0.42,0.39,0.47,0.36,0.43,0.35,0.4,0.45,0.34
2026-08-21T20:00:00Z,0.39,0.12,0.18,0.05,0.61,0.83,0.92,0.96,0.87,0.9,0.93,0.84,0.89,0.69,0.67,0.53,0.81,0.69,0.74,0.85,0.91,0.93,0.91,0.89,0.89,0.88,0.9,0.88,0.86,0.83,0.75,0.81,0.79,0.72,0.74,0.72,0.75,0.63,0.57,0.57,0.61,0.62,0.58,0.57,0.6,0.66,0.43,0.59,0.56,0.67,0.58,0.58,0.45,0.51,0.41,0.38,0.51,0.48,0.54,0.32,0.35,0.57,0.44,0.49
2026-08-21T21:00:00Z,0.55,0.14,0.07,0.4,0.41,0.88,0.88,0.93,0.9,0.89,0.9,0.88,0.77,0.68,0.63,0.68,0.81,0.72,0.55,0.8,0.86,0.88,0.86,0.88,0.9,0.85,0.9,0.9,0.86,0.89,0.88,0.78,0.73,0.81,0.77,0.83,0.79,0.7,0.76,0.75,0.68,0.57,0.44,0.39,0.32,0.51,0.55,0.53,0.59,0.5,0.49,0.54,0.66,0.54,0.67,0.7,0.72,0.76,0.7,0.77,0.7,0.8,0.74,0.77
2026-08-21T22:00:00Z,0.42,0.25,0.36,0.32,0.73,0.79,0.91,0.96,0.86,0.89,0.91,0.89,0.8,0.7,0.79,0.74,0.8,0.66,0.44,0.81,0.88,0.85,0.86,0.87,0.81,0.86,0.87,0.8,0.8,0.78,0.78,0.78,0.78,0.83,0.77,0.75,0.76,0.75,0.7,0.75,0.73,0.67,0.68,0.64,0.63,0.54,0.5,0.62,0.58,0.69,0.6,0.73,0.65,0.63,0.77,0.71,0.7,0.71,0.72,0.79,0.77,0.61,0.69,0.67
2026-08-21T23:00:00Z,0.43,0.35,0.14,0.44,0.35,0.74,0.87,0.92,0.85,0.85,0.89,0.71,0.91,0.67,0.49,0.64,0.81,0.73,0.63,0.84,0.69,0.86,0.87,0.89,0.84,0.86,0.87,0.89,0.9,0.81,0.77,0.73,0.79,0.74,0.79,0.8,0.67,0.73,0.61,0.66,0.69,0.6,0.6,0.55,0.52,0.6,0.64,0.57,0.53,0.59,0.56,0.78,0.55,0.73,0.72,0.69,0.73,0.62,0.61,0.71,0.64,0.61,0.57,0.75
2026-08-22T00:00:00Z,0.38,0.22,0.31,0.48,0.39,0.72,0.8,0.88,0.65,0.89,0.86,0.86,0.81,0.59,0.72,0.56,0.76,0.72,0.57,0.83,0.89,0.8,0.88,0.87,0.87,0.84,0.77,0.75,0.87,0.82,0.8,0.77,0.76,0.85,0.78,0.7,0.73,0.73,0.72,0.65,0.67,0.68,0.73,0.67,0.65,0.5,0.66,0.74,0.61,0.63,0.73,0.77,0.59,0.68,0.59,0.69,0.58,0.65,0.56,0.61,0.53,0.61,0.58,0.61
2026-08-22T01:00:00Z,0.35,0.19,0.33,0.24,0.46,0.66,0.91,0.88,0.9,0.93,0.77,0.89,0.71,0.65,0.55,0.6,0.79,0.65,0.53,0.69,0.86,0.9,0.87,0.89,0.82,0.84,0.81,0.85,0.79,0.81,0.78,0.74,0.74,0.69,0.77,0.82,0.8,0.77,0.61,0.63,0.69,0.78,0.8,0.78,0.71,0.67,0.69,0.72,0.75,0.64,0.63,0.44,0.53,0.57,0.55,0.61,0.69,0.48,0.58,0.62,0.49,0.59,0.64,0.54
2026-08-22T02:00:00Z,0.06,0.18,0.12,0.3,0.58,0.76,0.83,0.9,0.82,0.88,0.93,0.92,0.76,0.65,0.58,0.67,0.84,0.67,0.45,0.81,0.8,0.78,0.85,0.87,0.82,0.9,0.82,0.78,0.85,0.8,0.69,0.72,0.75,0.73,0.74,0.74,0.76,0.79,0.72,0.77,0.82,0.75,0.66,0.65,0.65,0.64,0.56,0.61,0.44,0.43,0.41,0.53,0.55,0.62,0.46,0.56,0.64,0.52,0.45,0.3,0.46,0.53,0.47,0.39
2026-08-22T03:00:00Z,0.5,0.42,0.08,0.31,0.23,0.74,0.88,0.82,0.91,0.87,0.87,0.87,0.68,0.59,0.5,0.79,0.73,0.56,0.56,0.78,0.85,0.77,0.85,0.79,0.81,0.87,0.88,0.73,0.75,0.77,0.76,0.73,0.79,0.79,0.66,0.76,0.77,0.78,0.83,0.71,0.68,0.65,0.66,0.56,0.72,0.65,0.54,0.69,0.59,0.61,0.51,0.5,0.46,0.47,0.48,0.56,0.55,0.38,0.35,0.41,0.52,0.5,0.52,0.55
2026-08-22T04:00:00Z,0.31,0.3,0.05,0.53,0.3,0.52,0.84,0.96,0.93,0.93,0.93,0.91,0.71,0.61,0.73,0.54,0.7,0.66,0.58,0.74,0.9,0.86,0.8,0.79,0.86,0.84,0.82,0.77,0.71,0.76,0.84,0.78,0.75,0.81,0.77,0.82,0.8,0.75,0.79,0.68,0.47,0.5,0.63,0.69,0.63,0.62,0.57,0.53,0.6,0.52,0.47,0.43,0.57,0.54,0.58,0.39,0.41,0.48,0.35,0.26,0.37,0.36,0.39,0.37
2026-08-22T05:00:00Z,0.71,0.59,0.44,0.53,0.51,0.89,0.95,0.95,0.96,0.8,0.94,0.93,0.78,0.77,0.67,0.6,0.72,0.73,0.53,0.64,0.86,0.83,0.84,0.84,0.85,0.75,0.8,0.68,0.74,0.82,0.74,0.82,0.85,0.83,0.75,0.69,0.76,0.81,0.77,0.68,0.58,0.68,0.69,0.64,0.69,0.72,0.6,0.5,0.54,0.53,0.46,0.51,0.53,0.37,0.47,0.38,0.35,0.17,0.19,0.34,0.38,0.37,0.19,0.29
2026-08-22T06:00:00Z,0.54,0.38,0.32,0.25,0.44,0.82,0.88,0.96,0.88,0.89,0.96,0.85,0.87,0.54,0.78,0.66,0.76,0.66,0.59,0.62,0.7,0.8,0.79,0.79,0.86,0.77,0.83,0.84,0.86,0.82,0.77,0.77,0.77,0.78,0.86,0.83,0.79,0.8,0.76,0.81,0.66,0.59,0.65,0.54,0.48,0.6,0.58,0.66,0.57,0.59,0.46,0.48,0.5,0.44,0.48,0.44,0.35,0.44,0.41,0.29,0.34,0.43,0.26,0.26
2026-08-22T07:00:00Z,0.6,0.48,0.48,0.56,0.77,0.79,0.9,0.92,0.92,0.87,0.92,0.93,0.77,0.78,0.79,0.59,0.77,0.7,0.63,0.59,0.86,0.79,0.77,0.82,0.79,0.79,0.76,0.78,0.84,0.86,0.81,0.77,0.8,0.78,0.81,0.81,0.7,0.75,0.75,0.68,0.72,0.72,0.6,0.79,0.54,0.5,0.43,0.62,0.39,0.56,0.54,0.59,0.57,0.43,0.51,0.46,0.39,0.54,0.44,0.33,0.4,0.11,0.27,0.36
2026-08-22T08:00:00Z,0.71,0.54,0.4,0.38,0.7,0.9,0.89,0.98,0.92,0.88,0.85,0.82,0.83,0.82,0.64,0.65,0.78,0.61,0.61,0.74,0.81,0.78,0.74,0.85,0.8,0.78,0.78,0.83,0.77,0.75,0.81,0.76,0.79,0.74,0.73,0.75,0.76,0.79,0.75,0.83,0.75,0.71,0.69,0.77,0.72,0.73,0.72,0.64,0.59,0.56,0.61,0.57,0.61,0.64,0.46,0.42,0.62,0.52,0.52,0.35,0.4,0.43,0.51,0.57
2026-08-22T09:00:00Z,0.61,0.46,0.44,0.52,0.69,0.91,0.92,0.88,0.91,0.9,0.94,0.88,0.67,0.7,0.78,0.68,0.77,0.56,0.52,0.56,0.72,0.82,0.72,0.82,0.88,0.82,0.82,0.78,0.85,0.74,0.8,0.84,0.83,0.86,0.81,0.8,0.81,0.73,0.64,0.68,0.73,0.64,0.64,0.64,0.76,0.79,0.62,0.63,0.62,0.71,0.66,0.59,0.75,0.66,0.67,0.61,0.53,0.62,0.68,0.58,0.48,0.58,0.5,0.41
2026-08-22T10:00:00Z,0.54,0.42,0.2,0.42,0.63,0.77,0.91,0.9,0.83,0.82,0.91,0.86,0.71,0.73,0.59,0.63,0.71,0.71,0.63,0.83,0.81,0.88,0.78,0.83,0.84,0.89,0.86,0.83,0.87,0.83,0.75,0.74,0.8,0.81,0.83,0.78,0.85,0.75,0.61,0.71,0.72,0.71,0.66,0.7,0.66,0.67,0.62,0.57,0.55,0.71,0.57,0.59,0.54,0.57,0.59,0.5,0.57,0.62,0.69,0.59,0.53,0.45,0.62,0.53
2026-08-22T11:00:00Z,0.66,0.55,0.04,0.12,0.88,0.83,0.9,0.96,0.95,0.82,0.74,0.82,0.69,0.56,0.71,0.46,0.65,0.56,0.68,0.83,0.79,0.85,0.89,0.88,0.87,0.86,0.8,0.87,0.8,0.83,0.82,0.86,0.82,0.7,0.82,0.84,0.75,0.7,0.7,0.75,0.79,0.77,0.71,0.72,0.71,0.69,0.61,0.63,0.56,0.64,0.54,0.61,0.56,0.55,0.44,0.42,0.44,0.48,0.46,0.41,0.44,0.5,0.29,0.45
2026-08-22T12:00:00Z,0.7,0.48,0.67,0.64,0.67,0.86,0.91,0.9,0.87,0.8,0.9,0.85,0.8,0.67,0.55,0.62,0.62,0.67,0.57,0.56,0.84,0.84,0.83,0.84,0.84,0.83,0.9,0.86,0.75,0.77,0.73,0.7,0.78,0.74,0.77,0.75,0.74,0.67,0.65,0.6,0.67,0.62,0.6,0.58,0.55,0.59,0.59,0.6,0.59,0.35,0.56,0.6,0.57,0.63,0.5,0.46,0.35,0.52,0.54,0.54,0.62,0.62,0.6,0.35
2026-08-22T13:00:00Z,0.63,0.54,0.57,0.55,0.67,0.67,0.94,0.94,0.88,0.88,0.89,0.88,0.73,0.52,0.69,0.58,0.51,0.52,0.57,0.8,0.88,0.89,0.91,0.86,0.85,0.83,0.83,0.83,0.86,0.84,0.87,0.84,0.71,0.8,0.79,0.75,0.71,0.74,0.75,0.73,0.61,0.61,0.59,0.57,0.53,0.59,0.56,0.6,0.51,0.49,0.48,0.56,0.46,0.55,0.55,0.34,0.47,0.28,0.35,0.47,0.42,0.47,0.43,0.45
2026-08-22T14:00:00Z,0.68,0.51,0.23,0.44,0.51,0.83,0.81,0.84,0.93,0.94,0.88,0.93,0.73,0.88,0.62,0.61,0.67,0.71,0.6,0.76,0.79,0.86,0.89,0.8,0.81,0.84,0.78,0.81,0.73,0.8,0.7,0.71,0.77,0.81,0.78,0.72,0.78,0.66,0.67,0.61,0.56,0.6,0.61,0.67,0.49,0.31,0.54,0.53,0.55,0.47,0.43,0.47,0.28,0.44,0.53,0.42,0.29,0.35,0.5,0.47,0.48,0.3,0.39,0.34
2026-08-22T15:00:00Z,0.55,0.43,0.43,0.49,0.67,0.66,0.83,0.93,0.93,0.89,0.66,0.92,0.82,0.69,0.6,0.54,0.73,0.61,0.59,0.8,0.9,0.89,0.88,0.89,0.87,0.83,0.79,0.83,0.88,0.8,0.77,0.82,0.62,0.74,0.72,0.76,0.72,0.6,0.75,0.72,0.6,0.58,0.49,0.33,0.38,0.36,0.46,0.34,0.34,0.47,0.27,0.37,0.17,0.25,0.35,0.45,0.15,0.24,0.24,0.31,0.12,0.19,0.21,0.39
2026-08-22T16:00:00Z,0.6,0.48,0.39,0.34,0.5,0.47,0.74,0.86,0.88,0.82,0.83,0.84,0.88,0.61,0.66,0.67,0.6,0.55,0.68,0.81,0.89,0.88,0.92,0.86,0.89,0.85,0.85,0.85,0.82,0.8,0.83,0.83,0.79,0.83,0.75,0.68,0.6,0.48,0.53,0.64,0.59,0.56,0.68,0.51,0.57,0.5,0.26,0.41,0.35,0.57,0.35,0.24,0.26,0.03,0.23,0.12,0.04,0.09,0.04,0.19,0.12,0.3,0.21,0.23
2026-08-22T17:00:00Z,0.7,0.45,0.14,0.2,0.62,0.67,0.93,0.89,0.95,0.84,0.91,0.81,0.71,0.66,0.67,0.53,0.67,0.56,0.71,0.81,0.88,0.87,0.89,0.89,0.85,0.83,0.85,0.86,0.87,0.86,0.88,0.86,0.77,0.77,0.68,0.63,0.5,0.57,0.57,0.42,0.52,0.43,0.48,0.56,0.38,0.5,0.46,0.38,0.34,0.25,0.5,0.33,0.25,0.27,0.19,0.24,0.23,0.2,0.13,0.05,0.31,0.29,0.11,0.21
2026-08-22T18:00:00Z,0.39,0.37,0.33,0.43,0.49,0.55,0.87,0.93,0.95,0.8,0.89,0.91,0.85,0.8,0.82,0.71,0.73,0.66,0.87,0.92,0.94,0.78,0.85,0.85,0.88,0.87,0.82,0.86,0.8,0.79,0.64,0.61,0.63,0.61,0.65,0.65,0.74,0.71,0.74,0.65,0.59,0.53,0.57,0.47,0.46,0.5,0.42,0.4,0.37,0.34,0.25,0.12,0.19,0.15,0.17,0.23,0.12,0.23,0.16,0.17,0.15,0.33,0.19,0.05
2026-08-22T19:00:00Z,0.62,0.38,0.24,0.46,0.21,0.85,0.87,0.91,0.96,0.94,0.9,0.92,0.81,0.77,0.64,0.67,0.73,0.51,0.69,0.89,0.91,0.89,0.91,0.93,0.91,0.89,0.83,0.85,0.81,0.75,0.49,0.58,0.71,0.58,0.57,0.47,0.53,0.66,0.36,0.46,0.57,0.33,0.25,0.41,0.34,0.42,0.14,0.52,0.47,0.37,0.3,0.38,0.34,0.21,0.17,0.1,0.25,0.28,0.26,0.32,0.18,0.08,0.05,0.21
2026-08-22T20:00:00Z,0.67,0.65,0.48,0.2,0.63,0.73,0.87,0.78,0.9,0.93,0.87,0.8,0.67,0.7,0.64,0.73,0.62,0.61,0.72,0.87,0.88,0.92,0.89,0.85,0.86,0.83,0.87,0.88,0.87,0.82,0.77,0.83,0.79,0.82,0.83,0.78,0.77,0.73,0.61,0.58,0.62,0.52,0.58,0.49,0.52,0.53,0.6,0.39,0.3,0.24,0.22,0.41,0.25,0.26,0.31,0.37,0.32,0.39,0.4,0.45,0.38,0.38,0.29,0.61
2026-08-22T21:00:00Z,0.52,0.37,0.42,0.46,0.34,0.68,0.71,0.93,0.93,0.86,0.83,0.82,0.84,0.78,0.71,0.78,0.65,0.54,0.73,0.77,0.79,0.87,0.86,0.81,0.77,0.83,0.77,0.81,0.73,0.76,0.83,0.79,0.83,0.75,0.67,0.75,0.66,0.75,0.72,0.61,0.71,0.6,0.71,0.55,0.51,0.46,0.57,0.6,0.44,0.41,0.39,0.44,0.43,0.35,0.61,0.47,0.38,0.62,0.7,0.69,0.73,0.67,0.73,0.62
2026-08-22T22:00:00Z,0.48,0.3,0.29,0.24,0.37,0.68,0.83,0.86,0.97,0.81,0.88,0.87,0.81,0.53,0.69,0.47,0.64,0.63,0.72,0.76,0.77,0.85,0.9,0.89,0.84,0.78,0.83,0.84,0.77,0.72,0.78,0.74,0.65,0.68,0.77,0.72,0.74,0.82,0.76,0.78,0.71,0.78,0.69,0.79,0.65,0.68,0.65,0.58,0.55,0.55,0.54,0.71,0.75,0.58,0.56,0.67,0.68,0.56,0.64,0.61,0.67,0.61,0.71,0.76
2026-08-22T23:00:00Z,0.17,0.21,0.19,0.08,0.42,0.57,0.81,0.88,0.91,0.93,0.84,0.86,0.79,0.81,0.82,0.42,0.73,0.48,0.59,0.73,0.87,0.81,0.78,0.81,0.76,0.78,0.8,0.8,0.85,0.78,0.75,0.76,0.71,0.74,0.7,0.81,0.73,0.68,0.66,0.74,0.61,0.67,0.59,0.63,0.5,0.7,0.72,0.62,0.57,0.55,0.65,0.72,0.62,0.66,0.7,0.7,0.77,0.8,0.76,0.67,0.57,0.7,0.79,0.75
2026-08-23T00:00:00Z,0.38,0.34,0.17,0.05,0.61,0.62,0.89,0.66,0.94,0.91,0.77,0.91,0.85,0.65,0.66,0.74,0.71,0.62,0.66,0.79,0.85,0.84,0.85,0.83,0.88,0.82,0.77,0.84,0.81,0.82,0.76,0.79,0.83,0.75,0.75,0.79,0.81,0.74,0.67,0.71,0.72,0.72,0.67,0.68,0.73,0.69,0.66,0.68,0.72,0.51,0.65,0.78,0.7,0.72,0.75,0.75,0.69,0.66,0.61,0.49,0.56,0.68,0.71,0.63
2026-08-23T01:00:00Z,0.53,0.44,0.52,0.45,0.42,0.66,0.87,0.9,0.91,0.76,0.9,0.82,0.87,0.8,0.7,0.76,0.68,0.51,0.71,0.8,0.88,0.87,0.87,0.77,0.75,0.85,0.84,0.83,0.85,0.83,0.81,0.75,0.84,0.77,0.75,0.79,0.83,0.79,0.73,0.74,0.74,0.79,0.73,0.74,0.71,0.74,0.63,0.74,0.69,0.71,0.62,0.56,0.54,0.53,0.63,0.63,0.5,0.48,0.41,0.48,0.55,0.61,0.56,0.63
2026-08-23T02:00:00Z,0.67,0.54,0.6,0.37,0.55,0.6,0.93,0.86,0.84,0.8,0.79,0.82,0.74,0.86,0.75,0.49,0.53,0.7,0.71,0.74,0.85,0.83,0.85,0.81,0.79,0.82,0.84,0.84,0.78,0.78,0.77,0.73,0.74,0.62,0.66,0.66,0.79,0.75,0.61,0.58,0.64,0.53,0.72,0.64,0.72,0.72,0.65,0.69,0.67,0.63,0.62,0.46,0.68,0.66,0.52,0.51,0.44,0.38,0.46,0.44,0.43,0.51,0.49,0.49
2026-08-23T03:00:00Z,0.42,0.48,0.28,0.35,0.52,0.42,0.85,0.87,0.87,0.9,0.84,0.81,0.79,0.82,0.65,0.72,0.59,0.64,0.66,0.79,0.87,0.95,0.85,0.85,0.84,0.82,0.82,0.89,0.84,0.8,0.76,0.8,0.76,0.72,0.8,0.8,0.7,0.71,0.83,0.69,0.68,0.78,0.73,0.71,0.63,0.6,0.78,0.76,0.64,0.63,0.44,0.63,0.64,0.55,0.54,0.62,0.51,0.45,0.38,0.42,0.56,0.57,0.6,0.58
2026-08-23T04:00:00Z,0.64,0.51,0.49,0.4,0.76,0.83,0.88,0.95,0.89,0.87,0.81,0.8,0.7,0.79,0.69,0.73,0.59,0.56,0.74,0.85,0.92,0.91,0.91,0.9,0.85,0.82,0.77,0.87,0.86,0.81,0.79,0.72,0.62,0.73,0.83,0.83,0.67,0.69,0.73,0.79,0.73,0.64,0.81,0.68,0.65,0.51,0.54,0.54,0.49,0.6,0.73,0.68,0.53,0.53,0.54,0.44,0.62,0.61,0.47,0.56,0.44,0.52,0.5,0.36
2026-08-23T05:00:00Z,0.71,0.7,0.42,0.57,0.45,0.71,0.87,0.92,0.84,0.8,0.9,0.88,0.68,0.8,0.63,0.43,0.56,0.52,0.8,0.84,0.86,0.9,0.88,0.84,0.77,0.83,0.82,0.84,0.89,0.8,0.84,0.81,0.82,0.78,0.71,0.79,0.74,0.84,0.79,0.7,0.76,0.8,0.76,0.82,0.71,0.83,0.76,0.58,0.66,0.77,0.66,0.53,0.46,0.54,0.68,0.68,0.58,0.57,0.57,0.69,0.61,0.53,0.54,0.56
2026-08-23T06:00:00Z,0.38,0.45,0.3,0.13,0.49,0.79,0.88,0.89,0.81,0.88,0.87,0.8,0.89,0.74,0.75,0.69,0.59,0.52,0.73,0.88,0.89,0.86,0.86,0.87,0.82,0.81,0.83,0.88,0.87,0.87,0.83,0.88,0.9,0.83,0.85,0.82,0.8,0.77,0.85,0.83,0.8,0.76,0.72,0.7,0.71,0.7,0.73,0.62,0.66,0.74,0.73,0.62,0.66,0.61,0.54,0.64,0.61,0.63,0.49,0.53,0.59,0.42,0.62,0.58
2026-08-23T07:00:00Z,0.59,0.52,0.44,0.11,0.58,0.71,0.82,0.95,0.87,0.93,0.84,0.81,0.86,0.78,0.77,0.67,0.55,0.44,0.72,0.83,0.89,0.9,0.92,0.82,0.88,0.84,0.79,0.87,0.88,0.9,0.92,0.91,0.87,0.81,0.8,0.89,0.83,0.81,0.8,0.84,0.76,0.78,0.64,0.82,0.85,0.64,0.72,0.72,0.78,0.78,0.69,0.58,0.62,0.63,0.63,0.66,0.65,0.62,0.58,0.67,0.63,0.59,0.64,0.5
2026-08-23T08:00:00Z,0.47,0.59,0.37,0.48,0.62,0.78,0.74,0.88,0.92,0.91,0.84,0.83,0.78,0.83,0.72,0.58,0.67,0.53,0.86,0.9,0.89,0.9,0.85,0.86,0.83,0.85,0.83,0.85,0.87,0.91,0.89,0.88,0.87,0.91,0.91,0.82,0.81,0.86,0.76,0.79,0.74,0.73,0.8,0.63,0.77,0.71,0.68,0.75,0.68,0.47,0.69,0.59,0.67,0.66,0.53,0.56,0.63,0.68,0.63,0.56,0.62,0.65,0.62,0.68
2026-08-23T09:00:00Z,0.71,0.63,0.4,0.36,0.63,0.65,0.81,0.96,0.96,0.95,0.72,0.86,0.86,0.75,0.58,0.52,0.55,0.73,0.85,0.91,0.87,0.9,0.83,0.87,0.86,0.8,0.85,0.87,0.88,0.85,0.85,0.76,0.83,0.86,0.84,0.81,0.76,0.73,0.74,0.78,0.79,0.7,0.62,0.64,0.76,0.6,0.71,0.73,0.59,0.67,0.62,0.66,0.74,0.59,0.75,0.65,0.52,0.51,0.59,0.62,0.44,0.6,0.59,0.58
2026-08-23T10:00:00Z,0.59,0.56,0.45,0.51,0.62,0.89,0.75,0.86,0.89,0.94,0.88,0.91,0.82,0.77,0.87,0.61,0.66,0.66,0.8,0.9,0.89,0.91,0.91,0.86,0.85,0.82,0.85,0.91,0.86,0.88,0.86,0.79,0.87,0.83,0.82,0.7,0.83,0.78,0.75,0.76,0.73,0.72,0.78,0.76,0.69,0.76,0.67,0.64,0.63,0.67,0.63,0.71,0.69,0.64,0.56,0.58,0.57,0.48,0.55,0.56,0.58,0.61,0.57,0.63
2026-08-23T11:00:00Z,0.67,0.63,0.33,0.49,0.67,0.76,0.82,0.94,0.92,0.94,0.89,0.87,0.89,0.84,0.76,0.79,0.58,0.67,0.82,0.86,0.88,0.89,0.94,0.9,0.89,0.87,0.89,0.92,0.89,0.88,0.85,0.78,0.83,0.79,0.82,0.79,0.68,0.69,0.75,0.8,0.69,0.65,0.64,0.71,0.72,0.69,0.63,0.64,0.74,0.64,0.6,0.54,0.47,0.63,0.58,0.62,0.52,0.56,0.62,0.6,0.59,0.51,0.53,0.69
2026-08-23T12:00:00Z,0.58,0.39,0.16,0.54,0.71,0.75,0.77,0.84,0.92,0.93,0.87,0.9,0.89,0.71,0.74,0.64,0.67,0.66,0.79,0.89,0.91,0.85,0.92,0.85,0.9,0.86,0.83,0.88,0.87,0.93,0.83,0.81,0.85,0.87,0.79,0.86,0.85,0.77,0.77,0.78,0.58,0.57,0.69,0.62,0.52,0.59,0.58,0.56,0.63,0.69,0.67,0.6,0.59,0.64,0.64,0.66,0.51,0.6,0.49,0.53,0.58,0.63,0.57,0.67
2026-08-23T13:00:00Z,0.72,0.63,0.57,0.41,0.67,0.84,0.84,0.87,0.89,0.9,0.85,0.81,0.7,0.8,0.64,0.78,0.56,0.6,0.83,0.89,0.91,0.94,0.89,0.88,0.89,0.84,0.86,0.85,0.84,0.83,0.77,0.82,0.77,0.77,0.84,0.68,0.73,0.76,0.8,0.73,0.81,0.7,0.56,0.68,0.68,0.6,0.61,0.68,0.49,0.61,0.55,0.59,0.56,0.55,0.46,0.41,0.61,0.59,0.56,0.49,0.57,0.4,0.63,0.45
2026-08-23T14:00:00Z,0.65,0.54,0.37,0.39,0.62,0.75,0.73,0.81,0.9,0.86,0.88,0.88,0.82,0.75,0.66,0.58,0.63,0.54,0.83,0.87,0.86,0.89,0.9,0.87,0.91,0.86,0.91,0.89,0.81,0.84,0.82,0.86,0.8,0.85,0.75,0.77,0.57,0.54,0.6,0.5,0.45,0.47,0.45,0.28,0.39,0.44,0.46,0.56,0.55,0.42,0.67,0.67,0.49,0.62,0.66,0.7,0.57,0.59,0.53,0.43,0.5,0.37,0.35,0.22
2026-08-23T15:00:00Z,0.51,0.34,0.3,0.42,0.32,0.76,0.82,0.96,0.96,0.92,0.76,0.76,0.85,0.87,0.66,0.71,0.71,0.63,0.89,0.84,0.9,0.94,0.95,0.93,0.88,0.9,0.89,0.87,0.8,0.85,0.84,0.85,0.82,0.74,0.59,0.6,0.59,0.58,0.71,0.71,0.56,0.51,0.68,0.59,0.66,0.52,0.57,0.68,0.4,0.45,0.26,0.48,0.49,0.7,0.49,0.58,0.52,0.41,0.35,0.43,0.51,0.5,0.38,0.36
2026-08-23T16:00:00Z,0.33,0.15,0.45,0.32,0.35,0.79,0.69,0.93,0.92,0.82,0.87,0.79,0.83,0.79,0.77,0.71,0.51,0.73,0.91,0.9,0.85,0.89,0.94,0.92,0.81,0.83,0.81,0.84,0.78,0.75,0.66,0.57,0.71,0.74,0.73,0.64,0.73,0.65,0.69,0.58,0.73,0.67,0.64,0.57,0.56,0.55,0.66,0.62,0.62,0.48,0.63,0.49,0.44,0.32,0.47,0.41,0.4,0.44,0.53,0.41,0.47,0.5,0.39,0.57
2026-08-23T17:00:00Z,0.5,0.48,0.45,0.46,0.62,0.81,0.79,0.9,0.94,0.9,0.88,0.7,0.87,0.83,0.82,0.67,0.66,0.6,0.83,0.93,0.93,0.89,0.89,0.92,0.87,0.89,0.89,0.85,0.73,0.82,0.81,0.76,0.8,0.8,0.78,0.79,0.74,0.74,0.6,0.61,0.65,0.63,0.65,0.53,0.57,0.54,0.45,0.58,0.55,0.38,0.42,0.46,0.6,0.55,0.19,0.2,0.49,0.61,0.3,0.46,0.29,0.16,0.2,0.41
2026-08-23T18:00:00Z,0.45,0.51,0.28,0.33,0.41,0.6,0.78,0.93,0.94,0.91,0.92,0.9,0.74,0.78,0.62,0.75,0.62,0.6,0.84,0.88,0.93,0.94,0.93,0.9,0.92,0.9,0.87,0.9,0.89,0.9,0.88,0.83,0.81,0.73,0.82,0.72,0.63,0.57,0.66,0.54,0.51,0.57,0.57,0.48,0.4,0.62,0.54,0.49,0.4,0.63,0.55,0.39,0.3,0.37,0.25,0.26,0.55,0.51,0.51,0.57,0.59,0.64,0.6,0.57
2026-08-23T19:00:00Z,0.49,0.53,0.3,0.3,0.38,0.78,0.73,0.92,0.93,0.86,0.88,0.73,0.78,0.77,0.55,0.84,0.62,0.7,0.89,0.89,0.9,0.88,0.89,0.88,0.87,0.87,0.89,0.83,0.85,0.74,0.72,0.84,0.82,0.84,0.82,0.81,0.74,0.66,0.6,0.73,0.76,0.68,0.66,0.68,0.68,0.53,0.49,0.54,0.64,0.56,0.55,0.5,0.47,0.59,0.61,0.53,0.65,0.67,0.64,0.73,0.73,0.69,0.83,0.74
2026-08-23T20:00:00Z,0.51,0.31,0.14,0.18,0.48,0.36,0.67,0.86,0.83,0.89,0.85,0.74,0.82,0.82,0.77,0.78,0.73,0.68,0.89,0.9,0.9,0.94,0.94,0.91,0.92,0.86,0.86,0.87,0.87,0.88,0.89,0.86,0.9,0.82,0.86,0.86,0.8,0.77,0.65,0.74,0.7,0.69,0.79,0.69,0.58,0.61,0.65,0.46,0.64,0.64,0.56,0.61,0.68,0.71,0.75,0.68,0.8,0.72,0.69,0.76,0.82,0.76,0.66,0.77
2026-08-23T21:00:00Z,0.56,0.43,0.21,0.39,0.24,0.52,0.87,0.89,0.94,0.95,0.92,0.81,0.78,0.87,0.69,0.69,0.64,0.73,0.82,0.92,0.92,0.93,0.93,0.94,0.94,0.87,0.89,0.89,0.87,0.88,0.89,0.83,0.84,0.79,0.81,0.77,0.62,0.72,0.73,0.71,0.78,0.67,0.72,0.66,0.71,0.74,0.75,0.76,0.79,0.66,0.67,0.73,0.62,0.62,0.71,0.74,0.71,0.7,0.69,0.74,0.69,0.74,0.75,0.72
2026-08-23T22:00:00Z,0.69,0.59,0.31,0.15,0.57,0.73,0.84,0.91,0.92,0.94,0.89,0.76,0.84,0.68,0.73,0.42,0.67,0.61,0.9,0.89,0.92,0.92,0.94,0.93,0.91,0.88,0.9,0.88,0.85,0.75,0.74,0.82,0.83,0.82,0.82,0.8,0.78,0.77,0.74,0.66,0.74,0.68,0.59,0.64,0.69,0.68,0.65,0.74,0.73,0.65,0.68,0.65,0.69,0.7,0.61,0.69,0.69,0.72,0.71,0.69,0.74,0.64,0.62,0.61
2026-08-23T23:00:00Z,0.72,0.53,0.55,0.32,0.51,0.57,0.76,0.79,0.86,0.92,0.81,0.93,0.75,0.64,0.53,0.77,0.65,0.69,0.77,0.84,0.88,0.95,0.93,0.85,0.92,0.88,0.87,0.77,0.87,0.87,0.74,0.75,0.81,0.8,0.76,0.79,0.85,0.73,0.76,0.72,0.68,0.57,0.71,0.67,0.62,0.71,0.53,0.61,0.64,0.68,0.67,0.49,0.69,0.71,0.69,0.66,0.6,0.71,0.71,0.59,0.62,0.59,0.7,0.62
2026-08-24T00:00:00Z,0.55,0.43,0.12,0.36,0.32,0.71,0.79,0.88,0.78,0.9,0.89,0.76,0.84,0.72,0.6,0.68,0.65,0.81,0.82,0.86,0.9,0.9,0.91,0.88,0.88,0.91,0.91,0.87,0.9,0.87,0.89,0.78,0.79,0.76,0.82,0.76,0.76,0.56,0.67,0.69,0.73,0.83,0.79,0.75,0.85,0.78,0.72,0.76,0.79,0.71,0.68,0.61,0.63,0.73,0.66,0.72,0.75,0.74,0.81,0.79,0.75,0.8,0.76,0.76
2026-08-24T01:00:00Z,0.41,0.4,0.51,0.19,0.48,0.61,0.88,0.86,0.87,0.89,0.89,0.85,0.81,0.69,0.68,0.79,0.61,0.62,0.7,0.84,0.84,0.88,0.91,0.89,0.89,0.88,0.87,0.81,0.88,0.87,0.85,0.84,0.8,0.78,0.63,0.75,0.77,0.73,0.72,0.67,0.77,0.67,0.66,0.77,0.74,0.76,0.7,0.75,0.81,0.73,0.74,0.74,0.69,0.75,0.76,0.79,0.66,0.74,0.76,0.72,0.79,0.7,0.68,0.71
2026-08-24T02:00:00Z,0.45,0.42,0.43,0.45,0.57,0.58,0.78,0.84,0.76,0.88,0.86,0.9,0.87,0.9,0.77,0.53,0.71,0.57,0.7,0.82,0.77,0.82,0.88,0.83,0.86,0.88,0.84,0.82,0.75,0.64,0.69,0.78,0.8,0.74,0.73,0.73,0.73,0.65,0.73,0.65,0.69,0.75,0.68,0.67,0.63,0.64,0.76,0.79,0.68,0.64,0.68,0.81,0.76,0.71,0.74,0.71,0.67,0.69,0.65,0.65,0.65,0.71,0.66,0.61
2026-08-24T03:00:00Z,0.54,0.25,0.41,0.42,0.51,0.67,0.84,0.9,0.88,0.85,0.93,0.86,0.86,0.82,0.71,0.83,0.6,0.59,0.62,0.62,0.79,0.86,0.92,0.86,0.8,0.83,0.84,0.8,0.81,0.81,0.78,0.75,0.76,0.7,0.66,0.72,0.74,0.78,0.82,0.79,0.72,0.62,0.68,0.61,0.58,0.6,0.66,0.59,0.69,0.66,0.53,0.63,0.73,0.63,0.74,0.69,0.57,0.57,0.55,0.6,0.49,0.68,0.53,0.58
2026-08-24T04:00:00Z,0.45,0.29,0.03,0.48,0.55,0.6,0.66,0.82,0.8,0.72,0.81,0.89,0.77,0.78,0.73,0.71,0.56,0.62,0.71,0.74,0.82,0.88,0.89,0.86,0.82,0.84,0.91,0.88,0.85,0.87,0.83,0.88,0.83,0.84,0.84,0.75,0.8,0.74,0.72,0.72,0.73,0.73,0.69,0.55,0.58,0.55,0.55,0.54,0.54,0.62,0.64,0.68,0.64,0.42,0.53,0.58,0.55,0.61,0.45,0.53,0.6,0.56,0.54,0.63
2026-08-24T05:00:00Z,0.43,0.27,0.38,0.32,0.42,0.59,0.75,0.87,0.91,0.85,0.92,0.85,0.79,0.77,0.76,0.79,0.57,0.45,0.74,0.83,0.81,0.89,0.85,0.86,0.84,0.79,0.88,0.9,0.9,0.9,0.84,0.85,0.86,0.81,0.86,0.79,0.75,0.76,0.77,0.82,0.7,0.75,0.69,0.58,0.67,0.67,0.64,0.53,0.51,0.54,0.55,0.61,0.53,0.54,0.64,0.51,0.69,0.35,0.48,0.55,0.35,0.55,0.42,0.46
2026-08-24T06:00:00Z,0.44,0.43,0.4,0.48,0.4,0.75,0.71,0.91,0.92,0.9,0.93,0.82,0.82,0.84,0.88,0.74,0.67,0.67,0.87,0.84,0.85,0.81,0.85,0.86,0.89,0.87,0.88,0.9,0.9,0.89,0.92,0.89,0.85,0.86,0.83,0.76,0.72,0.87,0.7,0.61,0.65,0.64,0.66,0.66,0.67,0.68,0.64,0.64,0.6,0.64,0.7,0.61,0.58,0.58,0.58,0.68,0.53,0.56,0.49,0.58,0.55,0.47,0.46,0.51
2026-08-24T07:00:00Z,0.53,0.63,0.46,0.35,0.48,0.77,0.86,0.91,0.97,0.96,0.92,0.92,0.92,0.83,0.58,0.76,0.73,0.84,0.82,0.83,0.88,0.8,0.83,0.88,0.88,0.86,0.87,0.87,0.89,0.93,0.86,0.77,0.83,0.78,0.72,0.72,0.67,0.74,0.72,0.71,0.7,0.6,0.64,0.52,0.66,0.74,0.59,0.56,0.66,0.61,0.5,0.45,0.65,0.53,0.63,0.5,0.5,0.59,0.53,0.5,0.54,0.61,0.47,0.48
2026-08-24T08:00:00Z,0.53,0.33,0.44,0.26,0.7,0.74,0.74,0.86,0.93,0.9,0.93,0.92,0.83,0.8,0.84,0.62,0.54,0.65,0.79,0.87,0.91,0.88,0.89,0.9,0.89,0.91,0.91,0.92,0.89,0.89,0.81,0.74,0.77,0.78,0.8,0.79,0.77,0.65,0.67,0.74,0.62,0.63,0.69,0.66,0.57,0.69,0.61,0.74,0.56,0.69,0.65,0.51,0.58,0.54,0.42,0.53,0.42,0.59,0.61,0.51,0.61,0.53,0.61,0.51
2026-08-24T09:00:00Z,0.41,0.04,0.17,0.44,0.45,0.74,0.83,0.76,0.9,0.88,0.94,0.82,0.75,0.85,0.75,0.72,0.61,0.71,0.92,0.84,0.91,0.91,0.9,0.91,0.89,0.91,0.91,0.92,0.9,0.73,0.79,0.83,0.79,0.82,0.73,0.72,0.64,0.67,0.6,0.56,0.62,0.71,0.68,0.7,0.71,0.74,0.71,0.72,0.67,0.62,0.62,0.61,0.46,0.48,0.54,0.62,0.68,0.5,0.46,0.49,0.48,0.51,0.42,0.49
2026-08-24T10:00:00Z,0.64,0.52,0.55,0.16,0.77,0.72,0.86,0.93,0.9,0.91,0.94,0.9,0.83,0.9,0.65,0.57,0.68,0.78,0.85,0.9,0.92,0.89,0.91,0.9,0.87,0.86,0.9,0.92,0.85,0.9,0.88,0.85,0.75,0.77,0.79,0.68,0.59,0.78,0.67,0.64,0.74,0.63,0.71,0.61,0.56,0.52,0.62,0.61,0.53,0.5,0.56,0.54,0.44,0.39,0.52,0.58,0.59,0.56,0.57,0.57,0.48,0.57,0.52,0.53
2026-08-24T11:00:00Z,0.53,0.42,0.38,0.46,0.68,0.75,0.88,0.86,0.84,0.92,0.95,0.9,0.9,0.79,0.8,0.72,0.62,0.83,0.88,0.94,0.92,0.89,0.94,0.9,0.91,0.87,0.89,0.91,0.88,0.88,0.84,0.92,0.84,0.84,0.72,0.76,0.81,0.74,0.69,0.64,0.78,0.79,0.59,0.66,0.51,0.54,0.71,0.57,0.51,0.61,0.64,0.53,0.46,0.6,0.55,0.42,0.62,0.67,0.66,0.62,0.54,0.56,0.45,0.49
2026-08-24T12:00:00Z,0.59,0.62,0.25,0.32,0.46,0.63,0.82,0.83,0.83,0.93,0.96,0.82,0.82,0.85,0.78,0.87,0.54,0.83,0.9,0.93,0.94,0.92,0.91,0.89,0.88,0.87,0.91,0.89,0.82,0.77,0.81,0.9,0.84,0.82,0.76,0.78,0.73,0.8,0.75,0.69,0.66,0.56,0.63,0.67,0.49,0.62,0.5,0.5,0.64,0.58,0.42,0.4,0.5,0.43,0.46,0.4,0.45,0.53,0.55,0.5,0.5,0.62,0.5,0.51
2026-08-24T13:00:00Z,0.46,0.55,0.12,0.14,0.41,0.79,0.8,0.9,0.94,0.87,0.89,0.92,0.67,0.9,0.77,0.63,0.58,0.82,0.92,0.89,0.88,0.91,0.92,0.94,0.92,0.91,0.9,0.84,0.83,0.89,0.88,0.76,0.8,0.87,0.86,0.76,0.76,0.8,0.7,0.67,0.72,0.7,0.63,0.56,0.72,0.54,0.53,0.65,0.62,0.59,0.49,0.59,0.61,0.47,0.54,0.67,0.58,0.58,0.57,0.51,0.68,0.55,0.6,0.57
2026-08-24T14:00:00Z,0.42,0.45,0.35,0.55,0.38,0.6,0.83,0.94,0.83,0.96,0.92,0.76,0.87,0.75,0.74,0.71,0.65,0.85,0.93,0.94,0.93,0.9,0.91,0.9,0.88,0.87,0.88,0.91,0.89,0.9,0.9,0.9,0.88,0.75,0.78,0.78,0.84,0.78,0.8,0.73,0.63,0.66,0.77,0.72,0.68,0.55,0.63,0.63,0.62,0.69,0.58,0.7,0.65,0.53,0.57,0.61,0.59,0.62,0.6,0.48,0.56,0.66,0.63,0.65
2026-08-24T15:00:00Z,0.63,0.48,0.3,0.14,0.59,0.79,0.85,0.84,0.87,0.88,0.84,0.92,0.87,0.85,0.85,0.68,0.63,0.85,0.95,0.95,0.95,0.94,0.94,0.94,0.94,0.88,0.87,0.91,0.91,0.88,0.81,0.79,0.7,0.84,0.81,0.84,0.83,0.77,0.77,0.79,0.76,0.71,0.69,0.55,0.7,0.64,0.68,0.73,0.72,0.64,0.61,0.65,0.71,0.58,0.62,0.65,0.67,0.66,0.46,0.6,0.59,0.55,0.66,0.58
2026-08-24T16:00:00Z,0.53,0.55,0.29,0.27,0.41,0.54,0.64,0.87,0.89,0.88,0.92,0.89,0.82,0.78,0.5,0.69,0.74,0.82,0.93,0.94,0.95,0.94,0.96,0.91,0.9,0.93,0.87,0.85,0.86,0.86,0.72,0.83,0.8,0.77,0.8,0.77,0.76,0.81,0.77,0.7,0.55,0.47,0.6,0.43,0.51,0.62,0.53,0.4,0.46,0.38,0.53,0.27,0.65,0.57,0.67,0.6,0.48,0.52,0.62,0.67,0.62,0.62,0.61,0.64
2026-08-24T17:00:00Z,0.59,0.42,0.44,0.39,0.27,0.72,0.76,0.77,0.88,0.89,0.87,0.89,0.81,0.76,0.82,0.69,0.54,0.82,0.94,0.92,0.94,0.96,0.93,0.94,0.94,0.76,0.89,0.87,0.84,0.9,0.9,0.83,0.78,0.81,0.74,0.81,0.73,0.82,0.79,0.77,0.75,0.56,0.38,0.45,0.7,0.56,0.54,0.5,0.39,0.51,0.36,0.56,0.66,0.62,0.59,0.54,0.61,0.56,0.51,0.51,0.62,0.61,0.5,0.57
2026-08-24T18:00:00Z,0.29,0.33,0.15,0.4,0.44,0.69,0.83,0.85,0.91,0.94,0.88,0.92,0.84,0.71,0.88,0.79,0.58,0.82,0.91,0.9,0.94,0.93,0.91,0.89,0.93,0.88,0.86,0.84,0.88,0.82,0.86,0.79,0.81,0.79,0.69,0.61,0.72,0.71,0.7,0.7,0.61,0.41,0.56,0.61,0.56,0.57,0.58,0.57,0.57,0.51,0.46,0.47,0.53,0.43,0.48,0.45,0.53,0.57,0.51,0.45,0.48,0.45,0.5,0.58
2026-08-24T19:00:00Z,0.51,0.39,0.53,0.31,0.28,0.7,0.86,0.85,0.92,0.92,0.84,0.93,0.9,0.81,0.76,0.78,0.69,0.77,0.89,0.94,0.87,0.91,0.92,0.88,0.89,0.85,0.89,0.88,0.88,0.9,0.87,0.84,0.82,0.77,0.76,0.78,0.71,0.68,0.76,0.63,0.72,0.52,0.58,0.47,0.57,0.46,0.52,0.52,0.51,0.55,0.51,0.59,0.5,0.6,0.55,0.46,0.32,0.56,0.54,0.49,0.5,0.54,0.53,0.48
2026-08-24T20:00:00Z,0.49,0.43,0.57,0.18,0.28,0.56,0.83,0.84,0.86,0.89,0.87,0.83,0.84,0.77,0.78,0.74,0.53,0.77,0.81,0.67,0.83,0.86,0.86,0.87,0.92,0.88,0.88,0.88,0.85,0.83,0.83,0.84,0.84,0.7,0.46,0.38,0.53,0.69,0.54,0.53,0.59,0.55,0.51,0.49,0.57,0.69,0.48,0.59,0.5,0.56,0.56,0.63,0.55,0.55,0.42,0.42,0.6,0.69,0.66,0.61,0.57,0.66,0.63,0.69
2026-08-24T21:00:00Z,0.39,0.42,0.47,0.21,0.39,0.6,0.5,0.72,0.88,0.91,0.95,0.93,0.82,0.57,0.88,0.77,0.58,0.79,0.88,0.89,0.88,0.86,0.92,0.89,0.85,0.79,0.82,0.78,0.81,0.86,0.81,0.81,0.79,0.89,0.82,0.75,0.73,0.77,0.75,0.75,0.77,0.65,0.75,0.73,0.7,0.63,0.59,0.62,0.65,0.54,0.62,0.58,0.72,0.8,0.78,0.83,0.72,0.8,0.73,0.75,0.8,0.78,0.78,0.8
2026-08-24T22:00:00Z,0.54,0.46,0.11,0.49,0.42,0.65,0.81,0.77,0.86,0.93,0.91,0.92,0.93,0.85,0.76,0.7,0.51,0.66,0.75,0.82,0.86,0.86,0.85,0.87,0.87,0.82,0.83,0.8,0.76,0.68,0.84,0.84,0.76,0.75,0.81,0.75,0.75,0.72,0.73,0.73,0.75,0.68,0.74,0.65,0.67,0.67,0.74,0.76,0.7,0.67,0.73,0.77,0.69,0.63,0.69,0.8,0.74,0.74,0.72,0.65,0.71,0.67,0.72,0.75
2026-08-24T23:00:00Z,0.57,0.59,0.26,0.23,0.59,0.66,0.75,0.86,0.81,0.91,0.92,0.86,0.87,0.71,0.87,0.79,0.59,0.76,0.79,0.84,0.87,0.91,0.89,0.82,0.85,0.85,0.8,0.71,0.8,0.71,0.73,0.79,0.72,0.69,0.71,0.81,0.68,0.71,0.71,0.76,0.68,0.68,0.73,0.69,0.66,0.66,0.74,0.69,0.76,0.78,0.72,0.76,0.71,0.62,0.68,0.66,0.63,0.7,0.67,0.65,0.64,0.65,0.67,0.73
2026-08-25T00:00:00Z,0.54,0.47,0.28,0.35,0.44,0.48,0.76,0.85,0.92,0.85,0.86,0.92,0.9,0.87,0.91,0.79,0.52,0.67,0.72,0.87,0.92,0.88,0.88,0.87,0.81,0.85,0.83,0.79,0.83,0.8,0.71,0.62,0.66,0.65,0.52,0.55,0.56,0.54,0.51,0.58,0.52,0.5,0.54,0.53,0.64,0.75,0.7,0.76,0.68,0.78,0.82,0.75,0.72,0.78,0.66,0.64,0.77,0.73,0.76,0.73,0.59,0.55,0.59,0.64
2026-08-25T01:00:00Z,0.53,0.34,0.36,0.37,0.4,0.65,0.76,0.84,0.82,0.9,0.94,0.93,0.88,0.89,0.79,0.82,0.52,0.76,0.79,0.79,0.86,0.86,0.88,0.9,0.86,0.82,0.88,0.86,0.77,0.83,0.71,0.7,0.78,0.82,0.79,0.75,0.63,0.58,0.75,0.79,0.71,0.55,0.65,0.58,0.66,0.72,0.62,0.73,0.75,0.71,0.64,0.65,0.64,0.66,0.71,0.64,0.57,0.56,0.73,0.6,0.58,0.72,0.68,0.6
2026-08-25T02:00:00Z,0.51,0.4,0.15,0.53,0.32,0.6,0.83,0.79,0.88,0.83,0.89,0.91,0.72,0.8,0.85,0.87,0.62,0.71,0.79,0.83,0.88,0.84,0.81,0.87,0.93,0.89,0.88,0.88,0.88,0.87,0.77,0.81,0.8,0.81,0.7,0.66,0.68,0.75,0.78,0.78,0.72,0.72,0.63,0.6,0.64,0.54,0.64,0.62,0.71,0.66,0.66,0.63,0.7,0.64,0.67,0.78,0.84,0.69,0.59,0.53,0.61,0.64,0.7,0.76
2026-08-25T03:00:00Z,0.32,0.35,0.02,0.22,0.18,0.81,0.82,0.84,0.87,0.95,0.96,0.96,0.85,0.77,0.83,0.76,0.54,0.59,0.73,0.86,0.88,0.86,0.89,0.89,0.86,0.81,0.82,0.84,0.82,0.84,0.78,0.78,0.77,0.77,0.77,0.83,0.74,0.7,0.73,0.71,0.66,0.68,0.67,0.7,0.62,0.65,0.59,0.57,0.51,0.59,0.67,0.57,0.53,0.71,0.63,0.66,0.68,0.52,0.57,0.58,0.68,0.53,0.41,0.55
2026-08-25T04:00:00Z,0.64,0.34,0.38,0.63,0.31,0.75,0.72,0.85,0.86,0.93,0.93,0.94,0.81,0.78,0.83,0.86,0.73,0.51,0.72,0.86,0.83,0.86,0.88,0.86,0.85,0.87,0.89,0.84,0.83,0.82,0.74,0.68,0.8,0.78,0.83,0.81,0.7,0.73,0.66,0.67,0.71,0.69,0.79,0.73,0.65,0.74,0.71,0.55,0.59,0.52,0.56,0.48,0.47,0.48,0.58,0.66,0.6,0.62,0.55,0.64,0.65,0.59,0.54,0.66
2026-08-25T05:00:00Z,0.65,0.37,0.21,0.25,0.61,0.68,0.71,0.79,0.89,0.73,0.94,0.94,0.91,0.84,0.83,0.74,0.51,0.62,0.77,0.8,0.85,0.84,0.81,0.7,0.82,0.82,0.88,0.83,0.84,0.82,0.86,0.86,0.86,0.79,0.78,0.76,0.72,0.71,0.7,0.7,0.81,0.8,0.51,0.65,0.73,0.68,0.73,0.75,0.59,0.7,0.57,0.6,0.52,0.36,0.51,0.4,0.47,0.6,0.63,0.54,0.55,0.53,0.65,0.6
2026-08-25T06:00:00Z,0.58,0.65,0.57,0.53,0.53,0.84,0.85,0.93,0.87,0.95,0.95,0.91,0.85,0.79,0.87,0.78,0.52,0.53,0.79,0.85,0.9,0.9,0.89,0.86,0.89,0.86,0.85,0.9,0.88,0.85,0.8,0.86,0.83,0.81,0.88,0.82,0.77,0.82,0.85,0.87,0.79,0.75,0.65,0.64,0.76,0.79,0.74,0.64,0.75,0.6,0.59,0.62,0.59,0.64,0.45,0.74,0.41,0.5,0.5,0.6,0.47,0.53,0.63,0.46
2026-08-25T07:00:00Z,0.47,0.44,0.48,0.26,0.61,0.78,0.92,0.9,0.95,0.84,0.92,0.88,0.91,0.85,0.76,0.62,0.66,0.75,0.83,0.73,0.89,0.92,0.91,0.87,0.83,0.82,0.82,0.87,0.87,0.87,0.79,0.81,0.84,0.85,0.9,0.88,0.81,0.77,0.81,0.74,0.79,0.81,0.7,0.7,0.63,0.63,0.61,0.65,0.67,0.54,0.5,0.63,0.51,0.51,0.58,0.59,0.61,0.64,0.66,0.62,0.62,0.38,0.64,0.65
2026-08-25T08:00:00Z,0.58,0.41,0.53,0.42,0.69,0.89,0.89,0.86,0.86,0.85,0.93,0.92,0.92,0.77,0.75,0.88,0.55,0.67,0.86,0.91,0.91,0.93,0.88,0.89,0.87,0.82,0.88,0.88,0.86,0.86,0.8,0.9,0.82,0.86,0.85,0.78,0.78,0.85,0.85,0.82,0.76,0.73,0.73,0.73,0.76,0.68,0.74,0.66,0.66,0.57,0.54,0.55,0.56,0.55,0.6,0.61,0.63,0.64,0.55,0.57,0.67,0.58,0.58,0.63
2026-08-25T09:00:00Z,0.67,0.56,0.41,0.25,0.69,0.72,0.86,0.9,0.86,0.95,0.91,0.84,0.88,0.87,0.91,0.81,0.52,0.71,0.76,0.73,0.88,0.89,0.91,0.84,0.78,0.83,0.88,0.88,0.88,0.87,0.88,0.88,0.85,0.78,0.85,0.84,0.81,0.81,0.8,0.65,0.63,0.7,0.71,0.74,0.71,0.57,0.7,0.7,0.61,0.55,0.59,0.74,0.61,0.47,0.48,0.43,0.42,0.58,0.61,0.65,0.57,0.55,0.47,0.48
2026-08-25T10:00:00Z,0.73,0.63,0.11,0.43,0.58,0.82,0.81,0.78,0.9,0.91,0.96,0.94,0.95,0.84,0.91,0.78,0.56,0.73,0.86,0.82,0.82,0.89,0.9,0.86,0.85,0.89,0.84,0.87,0.79,0.89,0.9,0.9,0.89,0.88,0.83,0.84,0.77,0.8,0.75,0.7,0.7,0.78,0.78,0.72,0.68,0.68,0.75,0.69,0.66,0.55,0.67,0.63,0.58,0.52,0.6,0.48,0.51,0.54,0.66,0.55,0.48,0.48,0.5,0.67
2026-08-25T11:00:00Z,0.4,0.31,0.28,0.4,0.61,0.69,0.86,0.9,0.92,0.94,0.96,0.95,0.95,0.85,0.9,0.87,0.64,0.67,0.77,0.8,0.85,0.94,0.92,0.91,0.88,0.84,0.89,0.87,0.86,0.8,0.86,0.79,0.78,0.84,0.83,0.84,0.8,0.73,0.76,0.68,0.69,0.77,0.69,0.73,0.69,0.71,0.73,0.62,0.73,0.63,0.64,0.61,0.62,0.66,0.64,0.5,0.51,0.61,0.44,0.5,0.56,0.3,0.44,0.38
2026-08-25T12:00:00Z,0.6,0.37,0.34,0.34,0.68,0.81,0.87,0.83,0.89,0.9,0.87,0.89,0.85,0.83,0.9,0.88,0.61,0.66,0.7,0.86,0.84,0.89,0.93,0.9,0.85,0.82,0.87,0.88,0.89,0.91,0.87,0.88,0.85,0.83,0.8,0.78,0.75,0.74,0.8,0.76,0.74,0.67,0.73,0.74,0.7,0.58,0.72,0.59,0.65,0.61,0.56,0.48,0.52,0.42,0.34,0.44,0.63,0.49,0.42,0.47,0.63,0.61,0.53,0.55
2026-08-25T13:00:00Z,0.59,0.59,0.37,0.44,0.46,0.68,0.73,0.83,0.89,0.95,0.89,0.9,0.89,0.88,0.85,0.94,0.77,0.53,0.71,0.86,0.91,0.91,0.94,0.91,0.88,0.85,0.81,0.88,0.88,0.85,0.87,0.87,0.85,0.84,0.84,0.85,0.8,0.82,0.74,0.71,0.76,0.76,0.76,0.65,0.58,0.62,0.66,0.72,0.65,0.63,0.54,0.61,0.63,0.46,0.3,0.29,0.55,0.59,0.52,0.35,0.42,0.57,0.47,0.54
2026-08-25T14:00:00Z,0.6,0.62,0.47,0.23,0.67,0.82,0.88,0.82,0.95,0.94,0.89,0.95,0.88,0.91,0.93,0.75,0.53,0.52,0.72,0.85,0.9,0.89,0.88,0.9,0.84,0.81,0.85,0.88,0.82,0.85,0.81,0.8,0.81,0.8,0.67,0.61,0.78,0.72,0.73,0.77,0.82,0.77,0.71,0.71,0.7,0.64,0.58,0.46,0.63,0.66,0.71,0.54,0.49,0.43,0.44,0.41,0.44,0.46,0.35,0.32,0.36,0.39,0.2,0.49
2026-08-25T15:00:00Z,0.77,0.62,0.38,0.39,0.32,0.86,0.89,0.78,0.86,0.93,0.92,0.8,0.84,0.9,0.9,0.84,0.66,0.62,0.71,0.8,0.83,0.87,0.89,0.9,0.87,0.82,0.82,0.85,0.77,0.84,0.81,0.85,0.81,0.78,0.83,0.74,0.71,0.64,0.61,0.68,0.54,0.55,0.46,0.62,0.52,0.65,0.62,0.45,0.49,0.3,0.22,0.35,0.47,0.3,0.2,0.17,0.24,0.1,0.15,0.28,0.27,0.42,0.73,0.58
2026-08-25T16:00:00Z,0.61,0.58,0.33,0.31,0.35,0.59,0.86,0.86,0.83,0.95,0.85,0.89,0.94,0.91,0.78,0.7,0.81,0.55,0.58,0.78,0.77,0.92,0.92,0.88,0.85,0.92,0.83,0.85,0.83,0.86,0.88,0.8,0.86,0.85,0.71,0.79,0.8,0.79,0.68,0.73,0.76,0.73,0.77,0.68,0.66,0.61,0.64,0.7,0.67,0.57,0.51,0.49,0.54,0.41,0.36,0.41,0.34,0.37,0.18,0.39,0.45,0.3,0.35,0.25
2026-08-25T17:00:00Z,0.63,0.3,0.43,0.63,0.66,0.75,0.92,0.88,0.78,0.96,0.91,0.95,0.93,0.63,0.9,0.94,0.77,0.63,0.73,0.77,0.87,0.91,0.86,0.91,0.89,0.81,0.81,0.84,0.82,0.89,0.86,0.77,0.76,0.85,0.84,0.81,0.78,0.61,0.67,0.73,0.61,0.51,0.51,0.5,0.48,0.4,0.39,0.4,0.4,0.37,0.26,0.29,0.47,0.43,0.57,0.19,0.53,0.1,0.25,0.08,0.31,0.33,0.15,0.32
2026-08-25T18:00:00Z,0.21,0.26,0.1,0.13,0.45,0.39,0.83,0.84,0.83,0.94,0.97,0.96,0.95,0.87,0.9,0.85,0.69,0.54,0.68,0.78,0.9,0.93,0.92,0.9,0.93,0.86,0.85,0.84,0.87,0.81,0.78,0.82,0.75,0.8,0.85,0.85,0.85,0.85,0.78,0.78,0.83,0.74,0.62,0.62,0.72,0.66,0.68,0.67,0.63,0.68,0.57,0.52,0.47,0.5,0.47,0.66,0.45,0.55,0.46,0.47,0.56,0.5,0.54,0.59
2026-08-25T19:00:00Z,0.57,0.55,0.29,0.39,0.18,0.37,0.88,0.77,0.86,0.9,0.93,0.96,0.93,0.91,0.94,0.9,0.7,0.57,0.74,0.76,0.9,0.94,0.94,0.88,0.88,0.91,0.93,0.91,0.91,0.9,0.8,0.84,0.75,0.74,0.67,0.71,0.71,0.74,0.85,0.73,0.75,0.81,0.74,0.78,0.78,0.79,0.82,0.81,0.8,0.79,0.81,0.72,0.72,0.66,0.68,0.6,0.51,0.6,0.64,0.61,0.71,0.63,0.69,0.74
2026-08-25T20:00:00Z,0.54,0.4,0.3,0.31,0.32,0.54,0.82,0.78,0.94,0.9,0.97,0.96,0.95,0.94,0.86,0.9,0.84,0.54,0.78,0.9,0.9,0.9,0.92,0.91,0.92,0.89,0.87,0.87,0.85,0.83,0.86,0.86,0.87,0.83,0.82,0.78,0.84,0.74,0.8,0.78,0.72,0.69,0.52,0.58,0.57,0.56,0.67,0.73,0.6,0.53,0.75,0.62,0.53,0.69,0.58,0.7,0.68,0.65,0.66,0.54,0.72,0.54,0.58,0.68
2026-08-25T21:00:00Z,0.63,0.53,0.39,0.52,0.56,0.79,0.82,0.78,0.93,0.91,0.97,0.96,0.97,0.93,0.96,0.91,0.76,0.65,0.64,0.89,0.9,0.91,0.93,0.9,0.85,0.82,0.88,0.92,0.86,0.81,0.79,0.84,0.86,0.79,0.77,0.72,0.72,0.84,0.66,0.67,0.6,0.66,0.7,0.62,0.54,0.52,0.54,0.41,0.4,0.53,0.46,0.59,0.47,0.54,0.57,0.65,0.61,0.59,0.58,0.54,0.63,0.68,0.71,0.61
2026-08-25T22:00:00Z,0.48,0.49,0.26,0.3,0.66,0.6,0.84,0.84,0.87,0.93,0.95,0.98,0.97,0.96,0.97,0.94,0.82,0.54,0.56,0.78,0.87,0.89,0.89,0.92,0.89,0.9,0.91,0.91,0.84,0.82,0.89,0.86,0.76,0.71,0.71,0.73,0.64,0.75,0.78,0.69,0.77,0.68,0.7,0.68,0.69,0.68,0.71,0.61,0.67,0.65,0.62,0.66,0.6,0.64,0.61,0.65,0.57,0.7,0.58,0.57,0.6,0.61,0.54,0.53
2026-08-25T23:00:00Z,0.52,0.51,0.57,0.4,0.43,0.55,0.87,0.88,0.8,0.86,0.92,0.98,0.95,0.97,0.89,0.92,0.91,0.61,0.56,0.8,0.85,0.9,0.92,0.9,0.9,0.82,0.83,0.84,0.84,0.8,0.79,0.83,0.73,0.79,0.84,0.78,0.75,0.71,0.64,0.6,0.58,0.62,0.52,0.53,0.59,0.73,0.61,0.46,0.51,0.59,0.62,0.66,0.6,0.57,0.59,0.51,0.49,0.53,0.62,0.64,0.63,0.56,0.46,0.48
2026-08-26T00:00:00Z,0.74,0.65,0.37,0.42,0.44,0.57,0.77,0.92,0.72,0.85,0.92,0.92,0.97,0.97,0.98,0.95,0.85,0.63,0.56,0.8,0.9,0.92,0.84,0.86,0.83,0.86,0.78,0.83,0.85,0.88,0.8,0.85,0.82,0.72,0.74,0.66,0.72,0.66,0.71,0.63,0.74,0.66,0.67,0.7,0.62,0.58,0.52,0.49,0.64,0.45,0.48,0.53,0.55,0.64,0.51,0.42,0.27,0.55,0.38,0.43,0.4,0.48,0.4,0.47
2026-08-26T01:00:00Z,0.51,0.54,0.56,0.27,0.62,0.74,0.84,0.87,0.83,0.95,0.93,0.93,0.98,0.95,0.97,0.95,0.85,0.58,0.5,0.75,0.92,0.89,0.9,0.85,0.82,0.79,0.78,0.77,0.74,0.82,0.83,0.81,0.82,0.84,0.85,0.78,0.69,0.73,0.72,0.77,0.72,0.71,0.51,0.41,0.52,0.5,0.41,0.5,0.51,0.39,0.44,0.51,0.49,0.57,0.65,0.54,0.44,0.37,0.5,0.55,0.42,0.4,0.38,0.54
2026-08-26T02:00:00Z,0.51,0.33,0.38,0.35,0.52,0.57,0.8,0.87,0.9,0.93,0.91,0.94,0.97,0.97,0.95,0.96,0.85,0.58,0.48,0.8,0.87,0.89,0.88,0.86,0.83,0.86,0.82,0.83,0.75,0.77,0.79,0.77,0.63,0.74,0.77,0.75,0.75,0.63,0.66,0.64,0.53,0.62,0.49,0.4,0.43,0.47,0.48,0.65,0.45,0.35,0.49,0.23,0.13,0.24,0.21,0.3,0.35,0.38,0.28,0.15,0.48,0.36,0.3,0.42
2026-08-26T03:00:00Z,0.64,0.73,0.17,0.52,0.55,0.53,0.76,0.85,0.93,0.89,0.95,0.93,0.97,0.96,0.96,0.97,0.88,0.59,0.65,0.72,0.83,0.79,0.8,0.81,0.8,0.86,0.83,0.82,0.76,0.82,0.8,0.8,0.74,0.77,0.8,0.73,0.71,0.81,0.74,0.72,0.67,0.68,0.69,0.66,0.67,0.45,0.42,0.42,0.49,0.56,0.52,0.46,0.64,0.57,0.58,0.65,0.44,0.28,0.48,0.69,0.56,0.46,0.52,0.59
2026-08-26T04:00:00Z,0.66,0.57,0.43,0.16,0.47,0.66,0.8,0.79,0.79,0.91,0.96,0.94,0.98,0.98,0.96,0.97,0.85,0.49,0.6,0.73,0.82,0.87,0.88,0.86,0.86,0.79,0.85,0.86,0.85,0.82,0.77,0.69,0.76,0.78,0.8,0.67,0.68,0.72,0.75,0.72,0.72,0.74,0.55,0.58,0.45,0.54,0.57,0.71,0.65,0.69,0.63,0.62,0.64,0.73,0.65,0.76,0.75,0.78,0.79,0.71,0.7,0.8,0.79,0.76
2026-08-26T05:00:00Z,0.62,0.38,0.35,0.46,0.69,0.74,0.78,0.77,0.84,0.96,0.94,0.97,0.96,0.97,0.98,0.97,0.84,0.67,0.63,0.67,0.82,0.81,0.83,0.85,0.8,0.82,0.76,0.77,0.82,0.82,0.81,0.84,0.82,0.86,0.77,0.71,0.74,0.78,0.82,0.78,0.8,0.76,0.71,0.7,0.65,0.63,0.62,0.64,0.52,0.74,0.59,0.68,0.52,0.62,0.57,0.63,0.66,0.64,0.62,0.83,0.75,0.82,0.75,0.69
2026-08-26T06:00:00Z,0.57,0.16,0.19,0.66,0.74,0.79,0.9,0.9,0.94,0.91,0.95,0.97,0.98,0.98,0.96,0.98,0.83,0.44,0.65,0.75,0.91,0.84,0.9,0.84,0.89,0.87,0.85,0.88,0.87,0.86,0.8,0.78,0.75,0.79,0.74,0.63,0.8,0.69,0.7,0.78,0.74,0.68,0.71,0.6,0.62,0.66,0.63,0.63,0.63,0.67,0.58,0.56,0.66,0.58,0.64,0.72,0.76,0.67,0.65,0.68,0.56,0.67,0.73,0.78
2026-08-26T07:00:00Z,0.39,0.29,0.09,0.22,0.73,0.79,0.8,0.94,0.92,0.96,0.96,0.98,0.98,0.96,0.97,0.93,0.88,0.59,0.43,0.71,0.89,0.85,0.88,0.86,0.87,0.86,0.88,0.9,0.88,0.89,0.85,0.83,0.74,0.77,0.77,0.8,0.79,0.78,0.63,0.61,0.67,0.61,0.4,0.35,0.67,0.55,0.64,0.55,0.53,0.53,0.58,0.55,0.49,0.48,0.41,0.48,0.63,0.53,0.34,0.45,0.54,0.43,0.57,0.46
2026-08-26T08:00:00Z,0.71,0.59,0.41,0.39,0.64,0.57,0.9,0.89,0.96,0.96,0.95,0.95,0.98,0.98,0.97,0.98,0.91,0.66,0.59,0.74,0.89,0.84,0.9,0.93,0.89,0.87,0.85,0.88,0.88,0.8,0.85,0.77,0.84,0.77,0.75,0.76,0.85,0.82,0.8,0.78,0.78,0.73,0.72,0.79,0.78,0.64,0.62,0.58,0.56,0.58,0.61,0.49,0.31,0.48,0.45,0.48,0.39,0.38,0.46,0.3,0.55,0.37,0.5,0.47
2026-08-26T09:00:00Z,0.53,0.25,0.18,0.57,0.68,0.9,0.91,0.8,0.94,0.95,0.96,0.94,0.96,0.96,0.98,0.97,0.9,0.52,0.52,0.66,0.81,0.85,0.89,0.86,0.9,0.89,0.84,0.91,0.92,0.85,0.88,0.9,0.72,0.79,0.75,0.84,0.75,0.61,0.76,0.84,0.76,0.77,0.69,0.65,0.64,0.63,0.7,0.56,0.53,0.55,0.54,0.64,0.4,0.51,0.47,0.49,0.46,0.51,0.53,0.67,0.7,0.47,0.34,0.34
2026-08-26T10:00:00Z,0.64,0.53,0.4,0.2,0.69,0.83,0.9,0.79,0.79,0.95,0.97,0.95,0.97,0.98,0.95,0.96,0.82,0.58,0.44,0.77,0.87,0.89,0.83,0.86,0.86,0.89,0.88,0.89,0.87,0.86,0.84,0.83,0.83,0.86,0.82,0.88,0.81,0.74,0.73,0.74,0.68,0.76,0.8,0.68,0.79,0.74,0.65,0.57,0.62,0.52,0.6,0.59,0.52,0.49,0.26,0.29,0.29,0.4,0.36,0.46,0.56,0.54,0.37,0.46
2026-08-26T11:00:00Z,0.72,0.66,0.46,0.51,0.63,0.87,0.91,0.89,0.77,0.89,0.98,0.95,0.98,0.97,0.97,0.95,0.91,0.58,0.51,0.68,0.82,0.87,0.88,0.9,0.89,0.9,0.88,0.85,0.87,0.85,0.84,0.89,0.83,0.84,0.84,0.83,0.69,0.75,0.71,0.69,0.77,0.74,0.81,0.76,0.67,0.63,0.76,0.65,0.59,0.65,0.71,0.58,0.68,0.57,0.55,0.62,0.56,0.56,0.54,0.63,0.59,0.49,0.46,0.69
2026-08-26T12:00:00Z,0.43,0.32,0.36,0.49,0.71,0.77,0.71,0.86,0.9,0.91,0.97,0.98,0.97,0.96,0.95,0.96,0.93,0.81,0.48,0.59,0.87,0.9,0.84,0.89,0.89,0.89,0.91,0.86,0.86,0.85,0.85,0.89,0.87,0.82,0.76,0.78,0.78,0.74,0.67,0.56,0.64,0.81,0.73,0.75,0.52,0.7,0.64,0.57,0.57,0.58,0.64,0.67,0.46,0.56,0.63,0.64,0.58,0.55,0.66,0.63,0.57,0.58,0.56,0.57
2026-08-26T13:00:00Z,0.46,0.21,0.45,0.51,0.54,0.57,0.86,0.94,0.89,0.9,0.96,0.97,0.93,0.95,0.94,0.97,0.9,0.66,0.43,0.76,0.79,0.92,0.87,0.92,0.88,0.92,0.89,0.88,0.91,0.89,0.87,0.83,0.83,0.73,0.83,0.8,0.74,0.73,0.76,0.74,0.71,0.71,0.75,0.71,0.67,0.74,0.65,0.5,0.42,0.53,0.66,0.58,0.68,0.67,0.64,0.62,0.55,0.56,0.58,0.72,0.73,0.65,0.61,0.47
2026-08-26T14:00:00Z,0.37,0.38,0.42,0.39,0.44,0.69,0.78,0.82,0.87,0.87,0.91,0.97,0.97,0.97,0.94,0.88,0.93,0.76,0.48,0.67,0.82,0.87,0.92,0.86,0.79,0.86,0.89,0.87,0.8,0.84,0.87,0.85,0.8,0.83,0.75,0.72,0.76,0.71,0.69,0.62,0.59,0.57,0.52,0.36,0.45,0.41,0.39,0.26,0.25,0.04,0.27,0.49,0.55,0.47,0.49,0.46,0.46,0.46,0.66,0.58,0.42,0.63,0.55,0.56
2026-08-26T15:00:00Z,0.65,0.74,0.55,0.32,0.68,0.64,0.88,0.86,0.93,0.89,0.95,0.97,0.98,0.96,0.97,0.97,0.91,0.69,0.45,0.69,0.79,0.88,0.87,0.94,0.9,0.89,0.89,0.93,0.86,0.8,0.78,0.87,0.79,0.8,0.82,0.79,0.77,0.67,0.72,0.71,0.54,0.68,0.59,0.66,0.59,0.5,0.48,0.53,0.47,0.4,0.37,0.56,0.51,0.43,0.41,0.37,0.49,0.29,0.45,0.38,0.5,0.23,0.52,0.55
2026-08-26T16:00:00Z,0.65,0.68,0.35,0.4,0.54,0.61,0.85,0.92,0.85,0.96,0.94,0.96,0.97,0.96,0.94,0.94,0.9,0.72,0.51,0.64,0.77,0.73,0.87,0.88,0.91,0.91,0.88,0.85,0.83,0.91,0.88,0.89,0.84,0.86,0.79,0.8,0.76,0.85,0.8,0.77,0.72,0.69,0.7,0.73,0.72,0.65,0.59,0.59,0.71,0.59,0.61,0.62,0.53,0.61,0.56,0.51,0.48,0.45,0.46,0.51,0.43,0.54,0.56,0.66
2026-08-26T17:00:00Z,0.58,0.37,0.33,0.63,0.74,0.63,0.83,0.89,0.88,0.92,0.93,0.96,0.97,0.96,0.96,0.96,0.9,0.76,0.47,0.67,0.75,0.88,0.81,0.84,0.82,0.86,0.87,0.85,0.86,0.79,0.84,0.91,0.83,0.85,0.81,0.84,0.82,0.77,0.79,0.81,0.65,0.69,0.66,0.32,0.22,0.29,0.36,0.29,0.32,0.44,0.51,0.56,0.46,0.63,0.46,0.5,0.58,0.65,0.59,0.5,0.38,0.3,0.45,0.46
2026-08-26T18:00:00Z,0.66,0.58,0.12,0.53,0.54,0.47,0.8,0.82,0.83,0.95,0.95,0.95,0.97,0.97,0.94,0.96,0.94,0.67,0.41,0.47,0.78,0.79,0.84,0.78,0.82,0.85,0.91,0.84,0.81,0.73,0.79,0.75,0.81,0.73,0.8,0.81,0.85,0.7,0.61,0.65,0.67,0.65,0.76,0.65,0.64,0.52,0.73,0.72,0.62,0.55,0.64,0.53,0.55,0.64,0.62,0.45,0.46,0.54,0.43,0.41,0.56,0.51,0.54,0.5
2026-08-26T19:00:00Z,0.43,0.29,0.4,0.62,0.16,0.62,0.85,0.81,0.88,0.87,0.94,0.96,0.97,0.98,0.93,0.96,0.93,0.67,0.46,0.66,0.81,0.82,0.87,0.88,0.9,0.88,0.9,0.9,0.83,0.81,0.87,0.83,0.87,0.74,0.7,0.7,0.69,0.79,0.77,0.69,0.69,0.73,0.61,0.6,0.54,0.6,0.48,0.55,0.64,0.59,0.42,0.38,0.4,0.44,0.53,0.43,0.52,0.55,0.63,0.53,0.53,0.42,0.36,0.55
2026-08-26T20:00:00Z,0.2,0.29,0.51,0.22,0.64,0.48,0.67,0.78,0.87,0.9,0.96,0.96,0.92,0.98,0.98,0.94,0.94,0.7,0.51,0.65,0.82,0.74,0.85,0.82,0.82,0.92,0.87,0.85,0.76,0.79,0.86,0.85,0.81,0.82,0.77,0.76,0.62,0.71,0.66,0.64,0.75,0.65,0.68,0.62,0.6,0.67,0.55,0.23,0.48,0.4,0.47,0.54,0.65,0.64,0.56,0.49,0.66,0.61,0.59,0.6,0.72,0.71,0.65,0.64
2026-08-26T21:00:00Z,0.37,0.18,0.19,0.33,0.42,0.15,0.73,0.85,0.71,0.85,0.95,0.94,0.97,0.97,0.96,0.91,0.89,0.72,0.43,0.77,0.89,0.91,0.88,0.82,0.87,0.92,0.86,0.83,0.73,0.73,0.71,0.84,0.49,0.26,0.49,0.62,0.55,0.26,0.51,0.78,0.75,0.63,0.43,0.35,0.69,0.71,0.57,0.74,0.68,0.62,0.55,0.56,0.61,0.65,0.66,0.65,0.69,0.65,0.63,0.67,0.66,0.71,0.78,0.74
2026-08-26T22:00:00Z,0.31,0.34,0.29,0.34,0.44,0.67,0.71,0.92,0.78,0.87,0.92,0.91,0.95,0.95,0.97,0.83,0.87,0.73,0.51,0.56,0.66,0.9,0.89,0.89,0.87,0.87,0.84,0.83,0.85,0.82,0.82,0.84,0.84,0.73,0.76,0.8,0.71,0.75,0.78,0.74,0.67,0.61,0.7,0.62,0.51,0.58,0.56,0.46,0.49,0.54,0.51,0.41,0.52,0.52,0.61,0.55,0.62,0.61,0.65,0.59,0.6,0.59,0.75,0.72
2026-08-26T23:00:00Z,0.48,0.33,0.56,0.15,0.38,0.61,0.61,0.88,0.84,0.76,0.92,0.97,0.94,0.96,0.95,0.95,0.95,0.7,0.47,0.7,0.82,0.81,0.8,0.84,0.84,0.84,0.86,0.82,0.81,0.82,0.76,0.72,0.69,0.68,0.69,0.61,0.73,0.62,0.66,0.63,0.56,0.72,0.53,0.57,0.56,0.59,0.51,0.56,0.63,0.51,0.56,0.44,0.42,0.63,0.67,0.61,0.61,0.65,0.63,0.62,0.7,0.67,0.65,0.64
2026-08-27T00:00:00Z,0.5,0.2,0.03,0.35,0.61,0.37,0.79,0.85,0.67,0.7,0.88,0.97,0.95,0.96,0.97,0.97,0.92,0.73,0.46,0.72,0.74,0.82,0.88,0.85,0.86,0.88,0.87,0.85,0.78,0.68,0.65,0.64,0.71,0.63,0.5,0.67,0.7,0.59,0.68,0.6,0.44,0.56,0.44,0.43,0.56,0.38,0.4,0.48,0.43,0.43,0.38,0.58,0.55,0.55,0.57,0.59,0.63,0.72,0.61,0.71,0.71,0.65,0.56,0.65
2026-08-27T01:00:00Z,0.52,0.33,0.11,0.28,0.38,0.56,0.63,0.82,0.89,0.82,0.91,0.96,0.94,0.96,0.96,0.91,0.91,0.62,0.47,0.67,0.77,0.79,0.8,0.82,0.85,0.89,0.85,0.87,0.71,0.74,0.56,0.6,0.67,0.73,0.77,0.73,0.58,0.66,0.56,0.63,0.65,0.5,0.37,0.53,0.57,0.67,0.71,0.65,0.59,0.52,0.56,0.65,0.65,0.67,0.62,0.69,0.75,0.58,0.63,0.81,0.75,0.71,0.75,0.68
2026-08-27T02:00:00Z,0.27,0.17,0.32,0.12,0.35,0.59,0.61,0.85,0.77,0.83,0.85,0.91,0.98,0.95,0.96,0.92,0.92,0.76,0.53,0.58,0.71,0.84,0.82,0.79,0.81,0.72,0.78,0.77,0.81,0.76,0.66,0.72,0.77,0.72,0.59,0.62,0.45,0.46,0.6,0.52,0.57,0.62,0.49,0.45,0.5,0.52,0.54,0.56,0.74,0.65,0.79,0.69,0.72,0.66,0.71,0.77,0.65,0.54,0.72,0.75,0.71,0.61,0.66,0.67
2026-08-27T03:00:00Z,0.38,0.43,0.44,0.35,0.42,0.63,0.66,0.71,0.9,0.79,0.9,0.95,0.95,0.97,0.96,0.93,0.93,0.73,0.48,0.56,0.6,0.69,0.79,0.82,0.89,0.84,0.78,0.85,0.74,0.75,0.8,0.61,0.64,0.7,0.65,0.64,0.66,0.62,0.67,0.4,0.65,0.61,0.56,0.46,0.62,0.45,0.48,0.68,0.59,0.46,0.54,0.59,0.54,0.39,0.49,0.55,0.54,0.45,0.51,0.62,0.47,0.38,0.51,0.42
2026-08-27T04:00:00Z,0.35,0.33,0.43,0.23,0.63,0.74,0.67,0.81,0.82,0.71,0.59,0.95,0.92,0.93,0.97,0.96,0.91,0.82,0.61,0.55,0.69,0.81,0.84,0.78,0.86,0.82,0.8,0.84,0.8,0.79,0.78,0.72,0.6,0.78,0.69,0.62,0.63,0.77,0.72,0.57,0.71,0.46,0.57,0.67,0.64,0.59,0.47,0.64,0.49,0.35,0.43,0.46,0.55,0.63,0.7,0.6,0.63,0.52,0.53,0.59,0.64,0.61,0.43,0.52
2026-08-27T05:00:00Z,0.27,0.34,0.15,0.56,0.59,0.47,0.44,0.76,0.89,0.73,0.71,0.92,0.95,0.94,0.97,0.95,0.96,0.88,0.77,0.64,0.62,0.74,0.78,0.79,0.74,0.79,0.85,0.87,0.82,0.83,0.81,0.77,0.62,0.55,0.65,0.73,0.69,0.73,0.7,0.58,0.61,0.62,0.66,0.63,0.58,0.58,0.52,0.49,0.26,0.28,0.41,0.52,0.71,0.71,0.69,0.69,0.62,0.52,0.61,0.61,0.51,0.49,0.57,0.71
2026-08-27T06:00:00Z,0.55,0.39,0.12,0.26,0.25,0.73,0.62,0.64,0.83,0.88,0.77,0.92,0.94,0.83,0.97,0.97,0.91,0.76,0.67,0.49,0.55,0.6,0.68,0.77,0.83,0.84,0.75,0.81,0.8,0.75,0.75,0.63,0.68,0.81,0.76,0.72,0.66,0.68,0.6,0.69,0.51,0.47,0.36,0.43,0.4,0.52,0.5,0.44,0.45,0.41,0.27,0.36,0.49,0.5,0.34,0.32,0.44,0.48,0.41,0.55,0.65,0.72,0.62,0.58
2026-08-27T07:00:00Z,0.56,0.45,0.51,0.31,0.44,0.63,0.71,0.88,0.8,0.75,0.85,0.86,0.95,0.95,0.88,0.96,0.89,0.7,0.67,0.6,0.58,0.53,0.7,0.78,0.77,0.77,0.76,0.71,0.69,0.81,0.76,0.7,0.73,0.72,0.68,0.7,0.69,0.75,0.77,0.75,0.61,0.61,0.54,0.68,0.56,0.51,0.5,0.52,0.5,0.44,0.39,0.5,0.35,0.32,0.4,0.46,0.55,0.54,0.6,0.54,0.44,0.46,0.5,0.49
2026-08-27T08:00:00Z,0.28,0.11,0.6,0.23,0.31,0.39,0.44,0.68,0.75,0.82,0.84,0.9,0.95,0.93,0.95,0.96,0.92,0.78,0.63,0.61,0.53,0.53,0.61,0.65,0.77,0.84,0.67,0.65,0.68,0.77,0.81,0.72,0.74,0.77,0.77,0.7,0.8,0.77,0.73,0.7,0.65,0.71,0.65,0.52,0.62,0.68,0.6,0.47,0.39,0.6,0.52,0.43,0.55,0.57,0.61,0.63,0.67,0.67,0.73,0.65,0.75,0.65,0.73,0.76
2026-08-27T09:00:00Z,0.15,0.26,0.35,0.35,0.67,0.55,0.62,0.83,0.77,0.91,0.7,0.91,0.95,0.96,0.91,0.96,0.86,0.71,0.62,0.59,0.52,0.41,0.47,0.61,0.86,0.8,0.77,0.87,0.9,0.82,0.72,0.74,0.72,0.77,0.77,0.69,0.77,0.75,0.74,0.7,0.84,0.77,0.72,0.73,0.67,0.67,0.75,0.75,0.7,0.77,0.76,0.87,0.85,0.88,0.85,0.84,0.76,0.77,0.77,0.81,0.81,0.8,0.76,0.74
2026-08-27T10:00:00Z,0.38,0.33,0.17,0.43,0.48,0.63,0.51,0.76,0.87,0.84,0.63,0.81,0.92,0.93,0.91,0.96,0.89,0.48,0.4,0.53,0.62,0.61,0.65,0.7,0.72,0.81,0.88,0.88,0.93,0.82,0.87,0.83,0.8,0.79,0.64,0.62,0.53,0.63,0.59,0.61,0.56,0.74,0.74,0.76,0.82,0.75,0.71,0.79,0.79,0.76,0.75,0.75,0.77,0.67,0.76,0.74,0.77,0.71,0.73,0.7,0.69,0.72,0.53,0.66
2026-08-27T11:00:00Z,0.42,0.22,0.38,0.2,0.56,0.61,0.21,0.72,0.76,0.76,0.82,0.79,0.93,0.96,0.96,0.93,0.87,0.61,0.39,0.51,0.59,0.62,0.72,0.8,0.78,0.86,0.86,0.89,0.84,0.9,0.87,0.77,0.71,0.67,0.57,0.37,0.42,0.35,0.5,0.54,0.56,0.62,0.68,0.56,0.71,0.77,0.71,0.61,0.82,0.75,0.69,0.67,0.77,0.63,0.78,0.69,0.68,0.77,0.65,0.76,0.76,0.71,0.73,0.61
2026-08-27T12:00:00Z,0.27,0.4,0.5,0.29,0.35,0.87,0.54,0.79,0.85,0.88,0.58,0.53,0.92,0.96,0.94,0.95,0.89,0.53,0.51,0.55,0.48,0.64,0.7,0.76,0.77,0.81,0.8,0.84,0.9,0.87,0.86,0.86,0.75,0.67,0.43,0.6,0.59,0.51,0.41,0.54,0.67,0.7,0.69,0.63,0.62,0.72,0.71,0.69,0.78,0.7,0.58,0.65,0.6,0.55,0.72,0.69,0.68,0.6,0.67,0.68,0.63,0.66,0.65,0.54
2026-08-27T13:00:00Z,0.52,0.22,0.19,0.32,0.24,0.59,0.75,0.85,0.87,0.89,0.79,0.77,0.94,0.91,0.94,0.97,0.83,0.63,0.54,0.46,0.67,0.73,0.74,0.85,0.77,0.83,0.91,0.89,0.86,0.89,0.84,0.81,0.77,0.57,0.46,0.36,0.54,0.55,0.74,0.64,0.69,0.63,0.61,0.69,0.53,0.55,0.6,0.67,0.62,0.66,0.68,0.67,0.6,0.75,0.64,0.72,0.67,0.76,0.74,0.7,0.73,0.71,0.61,0.62
2026-08-27T14:00:00Z,0.27,0.16,0.34,0.32,0.59,0.74,0.47,0.73,0.76,0.88,0.93,0.91,0.95,0.92,0.97,0.95,0.81,0.53,0.43,0.52,0.58,0.59,0.67,0.7,0.7,0.86,0.78,0.91,0.78,0.84,0.76,0.87,0.67,0.63,0.65,0.48,0.34,0.51,0.6,0.65,0.69,0.59,0.7,0.67,0.68,0.64,0.72,0.7,0.81,0.62,0.62,0.78,0.69,0.63,0.67,0.74,0.74,0.77,0.74,0.71,0.73,0.65,0.63,0.68
2026-08-27T15:00:00Z,0.39,0.32,0.18,0.15,0.12,0.71,0.49,0.79,0.88,0.9,0.89,0.91,0.94,0.97,0.97,0.93,0.87,0.7,0.62,0.57,0.57,0.55,0.62,0.72,0.86,0.86,0.9,0.9,0.85,0.87,0.86,0.83,0.84,0.79,0.76,0.65,0.58,0.43,0.42,0.49,0.59,0.53,0.46,0.6,0.57,0.58,0.7,0.5,0.46,0.65,0.5,0.58,0.52,0.59,0.54,0.53,0.54,0.53,0.64,0.58,0.5,0.58,0.58,0.53
2026-08-27T16:00:00Z,0.64,0.67,0.17,0.53,0.14,0.75,0.62,0.79,0.84,0.93,0.82,0.91,0.95,0.9,0.95,0.93,0.84,0.64,0.47,0.62,0.57,0.65,0.61,0.74,0.72,0.65,0.7,0.84,0.87,0.87,0.86,0.79,0.8,0.79,0.8,0.71,0.74,0.59,0.53,0.55,0.53,0.55,0.64,0.64,0.64,0.54,0.64,0.59,0.68,0.71,0.61,0.52,0.74,0.82,0.85,0.82,0.74,0.66,0.76,0.72,0.65,0.65,0.71,0.69
2026-08-27T17:00:00Z,0.34,0.3,0.26,0.37,0.48,0.56,0.72,0.57,0.69,0.88,0.85,0.87,0.92,0.97,0.95,0.92,0.93,0.77,0.53,0.47,0.7,0.72,0.75,0.72,0.8,0.86,0.81,0.87,0.87,0.79,0.8,0.8,0.84,0.66,0.69,0.54,0.49,0.38,0.61,0.61,0.67,0.55,0.59,0.54,0.58,0.58,0.65,0.75,0.67,0.77,0.77,0.71,0.72,0.69,0.79,0.74,0.79,0.73,0.73,0.67,0.75,0.63,0.64,0.63
2026-08-27T18:00:00Z,0.35,0.11,0.5,0.37,0.31,0.67,0.65,0.85,0.9,0.86,0.77,0.87,0.98,0.94,0.93,0.98,0.92,0.76,0.58,0.51,0.73,0.67,0.7,0.69,0.69,0.74,0.78,0.87,0.83,0.88,0.87,0.79,0.82,0.76,0.54,0.53,0.74,0.79,0.73,0.73,0.48,0.53,0.53,0.41,0.63,0.6,0.51,0.54,0.4,0.66,0.69,0.75,0.71,0.53,0.61,0.77,0.6,0.67,0.74,0.75,0.74,0.8,0.73,0.72
2026-08-27T19:00:00Z,0.38,0.16,0.33,0.26,0.47,0.72,0.73,0.81,0.92,0.82,0.87,0.81,0.97,0.98,0.96,0.96,0.94,0.77,0.56,0.53,0.6,0.73,0.75,0.72,0.75,0.78,0.86,0.89,0.81,0.83,0.84,0.66,0.72,0.46,0.73,0.69,0.7,0.74,0.68,0.67,0.66,0.61,0.63,0.38,0.53,0.57,0.55,0.55,0.56,0.53,0.6,0.66,0.65,0.59,0.71,0.64,0.57,0.67,0.67,0.82,0.71,0.8,0.74,0.68
2026-08-27T20:00:00Z,0.37,0.25,0.18,0.38,0.63,0.74,0.65,0.77,0.91,0.84,0.77,0.8,0.94,0.98,0.95,0.96,0.92,0.7,0.55,0.53,0.55,0.56,0.64,0.6,0.71,0.77,0.83,0.8,0.83,0.79,0.77,0.65,0.62,0.52,0.58,0.52,0.45,0.53,0.57,0.51,0.55,0.39,0.47,0.34,0.43,0.36,0.47,0.58,0.57,0.59,0.46,0.47,0.45,0.55,0.67,0.65,0.72,0.62,0.73,0.61,0.69,0.71,0.74,0.74
2026-08-27T21:00:00Z,0.42,0.39,0.17,0.57,0.64,0.75,0.85,0.73,0.85,0.88,0.8,0.67,0.88,0.97,0.97,0.86,0.92,0.65,0.48,0.69,0.52,0.68,0.64,0.65,0.79,0.79,0.81,0.79,0.53,0.67,0.76,0.66,0.75,0.66,0.62,0.6,0.68,0.57,0.62,0.47,0.27,0.3,0.51,0.17,0.17,0.37,0.37,0.49,0.52,0.49,0.54,0.41,0.49,0.6,0.57,0.39,0.57,0.55,0.53,0.6,0.5,0.51,0.71,0.72
2026-08-27T22:00:00Z,0.6,0.51,0.22,0.41,0.54,0.79,0.78,0.87,0.84,0.94,0.85,0.75,0.86,0.97,0.95,0.94,0.92,0.8,0.56,0.58,0.63,0.68,0.71,0.7,0.72,0.76,0.74,0.76,0.77,0.69,0.67,0.67,0.58,0.61,0.63,0.63,0.56,0.51,0.43,0.35,0.34,0.27,0.17,0.16,0.4,0.45,0.38,0.26,0.44,0.39,0.46,0.45,0.53,0.61,0.67,0.66,0.64,0.74,0.67,0.68,0.7,0.72,0.66,0.78
2026-08-27T23:00:00Z,0.34,0.45,0.18,0.27,0.65,0.79,0.69,0.89,0.91,0.86,0.89,0.6,0.79,0.98,0.97,0.97,0.92,0.67,0.53,0.54,0.55,0.69,0.72,0.74,0.8,0.63,0.75,0.73,0.78,0.71,0.7,0.64,0.56,0.58,0.58,0.46,0.57,0.33,0.48,0.48,0.42,0.27,0.23,0.43,0.1,0.29,0.3,0.36,0.51,0.49,0.5,0.39,0.46,0.6,0.59,0.71,0.55,0.53,0.7,0.78,0.65,0.76,0.61,0.66
2026-08-28T00:00:00Z,0.51,0.18,0.13,0.2,0.71,0.87,0.91,0.89,0.89,0.86,0.84,0.82,0.8,0.89,0.93,0.98,0.94,0.6,0.58,0.64,0.56,0.72,0.71,0.74,0.72,0.72,0.8,0.84,0.8,0.78,0.77,0.78,0.8,0.66,0.61,0.56,0.4,0.46,0.38,0.27,0.34,0.42,0.47,0.45,0.34,0.45,0.4,0.48,0.44,0.44,0.56,0.47,0.5,0.52,0.56,0.69,0.69,0.74,0.72,0.69,0.59,0.64,0.56,0.62
2026-08-28T01:00:00Z,0.54,0.51,0.32,0.14,0.8,0.79,0.92,0.82,0.88,0.91,0.8,0.7,0.81,0.94,0.94,0.89,0.9,0.62,0.63,0.63,0.66,0.64,0.72,0.72,0.67,0.72,0.75,0.7,0.76,0.8,0.77,0.81,0.73,0.71,0.57,0.6,0.47,0.45,0.46,0.4,0.28,0.24,0.38,0.44,0.55,0.42,0.38,0.41,0.57,0.46,0.34,0.57,0.53,0.66,0.65,0.5,0.61,0.67,0.63,0.7,0.62,0.59,0.65,0.71
2026-08-28T02:00:00Z,0.52,0.33,0.31,0.75,0.79,0.71,0.81,0.71,0.84,0.83,0.93,0.87,0.69,0.94,0.97,0.94,0.92,0.8,0.6,0.52,0.64,0.72,0.71,0.78,0.81,0.72,0.68,0.73,0.78,0.74,0.75,0.7,0.6,0.65,0.71,0.73,0.55,0.6,0.52,0.42,0.52,0.44,0.28,0.24,0.39,0.21,0.16,0.26,0.36,0.52,0.6,0.61,0.56,0.53,0.56,0.54,0.45,0.56,0.71,0.71,0.66,0.57,0.62,0.7
2026-08-28T03:00:00Z,0.72,0.62,0.26,0.36,0.73,0.7,0.91,0.68,0.91,0.88,0.88,0.65,0.65,0.88,0.97,0.94,0.93,0.79,0.53,0.52,0.67,0.59,0.52,0.63,0.53,0.56,0.48,0.58,0.68,0.76,0.62,0.74,0.52,0.63,0.71,0.43,0.53,0.49,0.53,0.5,0.48,0.51,0.45,0.24,0.33,0.35,0.35,0.47,0.4,0.37,0.48,0.54,0.67,0.62,0.57,0.63,0.64,0.61,0.67,0.62,0.36,0.53,0.67,0.73
2026-08-28T04:00:00Z,0.43,0.4,0.18,0.11,0.72,0.7,0.88,0.8,0.91,0.84,0.77,0.84,0.76,0.88,0.94,0.97,0.9,0.72,0.68,0.63,0.6,0.74,0.52,0.71,0.71,0.72,0.76,0.68,0.75,0.82,0.82,0.71,0.65,0.78,0.73,0.54,0.56,0.55,0.64,0.56,0.47,0.7,0.58,0.47,0.65,0.55,0.55,0.38,0.42,0.51,0.52,0.44,0.41,0.49,0.44,0.42,0.64,0.73,0.71,0.81,0.59,0.77,0.78,0.81
2026-08-28T05:00:00Z,0.76,0.59,0.31,0.52,0.83,0.79,0.81,0.84,0.85,0.93,0.9,0.8,0.72,0.77,0.96,0.95,0.87,0.63,0.58,0.53,0.58,0.63,0.6,0.58,0.68,0.67,0.59,0.66,0.74,0.67,0.75,0.76,0.72,0.65,0.61,0.73,0.66,0.71,0.65,0.54,0.54,0.59,0.49,0.44,0.54,0.38,0.33,0.45,0.41,0.58,0.62,0.43,0.59,0.54,0.52,0.58,0.71,0.68,0.59,0.67,0.66,0.7,0.62,0.53
2026-08-28T06:00:00Z,0.79,0.77,0.49,0.71,0.87,0.87,0.89,0.8,0.86,0.95,0.92,0.67,0.47,0.9,0.92,0.98,0.87,0.68,0.65,0.53,0.52,0.61,0.7,0.7,0.65,0.63,0.51,0.54,0.66,0.52,0.59,0.6,0.51,0.68,0.64,0.65,0.65,0.54,0.52,0.44,0.51,0.54,0.55,0.49,0.53,0.48,0.54,0.47,0.48,0.62,0.59,0.44,0.5,0.43,0.51,0.5,0.63,0.62,0.64,0.59,0.47,0.51,0.6,0.58
2026-08-28T07:00:00Z,0.35,0.16,0.58,0.58,0.67,0.86,0.91,0.83,0.85,0.87,0.72,0.79,0.63,0.67,0.96,0.98,0.92,0.68,0.64,0.71,0.63,0.6,0.6,0.61,0.68,0.73,0.69,0.76,0.62,0.54,0.71,0.5,0.58,0.59,0.54,0.49,0.51,0.67,0.62,0.42,0.38,0.54,0.61,0.49,0.42,0.56,0.5,0.64,0.59,0.5,0.47,0.37,0.42,0.45,0.55,0.55,0.42,0.38,0.41,0.24,0.32,0.45,0.21,0.38
2026-08-28T08:00:00Z,0.74,0.6,0.5,0.51,0.91,0.86,0.94,0.85,0.89,0.85,0.83,0.87,0.55,0.84,0.94,0.85,0.91,0.77,0.69,0.74,0.6,0.55,0.69,0.74,0.64,0.67,0.71,0.72,0.67,0.58,0.5,0.54,0.66,0.69,0.69,0.6,0.56,0.51,0.42,0.49,0.29,0.42,0.41,0.47,0.54,0.51,0.46,0.5,0.45,0.34,0.34,0.41,0.3,0.08,0.32,0.26,0.3,0.33,0.23,0.32,0.38,0.31,0.37,0.47
2026-08-28T09:00:00Z,0.71,0.43,0.31,0.8,0.9,0.9,0.96,0.94,0.85,0.92,0.94,0.7,0.68,0.84,0.84,0.9,0.94,0.71,0.63,0.54,0.68,0.59,0.65,0.67,0.65,0.82,0.74,0.77,0.71,0.66,0.71,0.59,0.65,0.58,0.71,0.6,0.7,0.53,0.62,0.59,0.57,0.59,0.54,0.5,0.62,0.51,0.46,0.51,0.56,0.6,0.47,0.47,0.46,0.42,0.37,0.28,0.21,0.35,0.29,0.34,0.27,0.36,0.22,0.12
2026-08-28T10:00:00Z,0.7,0.62,0.56,0.76,0.82,0.89,0.92,0.89,0.91,0.9,0.76,0.71,0.81,0.75,0.9,0.96,0.93,0.83,0.61,0.68,0.65,0.69,0.69,0.6,0.74,0.77,0.72,0.71,0.68,0.74,0.73,0.75,0.74,0.78,0.69,0.61,0.72,0.77,0.64,0.48,0.55,0.47,0.7,0.67,0.68,0.68,0.6,0.63,0.46,0.49,0.5,0.56,0.53,0.49,0.41,0.23,0.27,0.27,0.38,0.35,0.38,0.34,0.32,0.44
2026-08-28T11:00:00Z,0.82,0.63,0.5,0.41,0.83,0.85,0.93,0.89,0.92,0.94,0.91,0.82,0.72,0.7,0.91,0.97,0.9,0.72,0.67,0.65,0.63,0.67,0.62,0.7,0.74,0.79,0.83,0.87,0.76,0.69,0.79,0.7,0.74,0.74,0.8,0.75,0.76,0.73,0.56,0.58,0.56,0.56,0.73,0.69,0.61,0.67,0.56,0.5,0.46,0.5,0.6,0.48,0.63,0.46,0.61,0.59,0.54,0.48,0.42,0.44,0.56,0.56,0.47,0.56
2026-08-28T12:00:00Z,0.74,0.67,0.47,0.7,0.85,0.93,0.89,0.94,0.87,0.9,0.91,0.84,0.83,0.73,0.84,0.95,0.89,0.78,0.7,0.74,0.59,0.65,0.67,0.7,0.77,0.84,0.84,0.78,0.73,0.78,0.78,0.78,0.81,0.71,0.83,0.66,0.6,0.63,0.74,0.66,0.63,0.63,0.57,0.53,0.71,0.63,0.52,0.52,0.62,0.47,0.59,0.66,0.67,0.62,0.6,0.49,0.59,0.59,0.46,0.55,0.61,0.45,0.63,0.6
2026-08-28T13:00:00Z,0.51,0.58,0.71,0.41,0.85,0.92,0.89,0.9,0.91,0.92,0.9,0.8,0.77,0.72,0.76,0.88,0.85,0.61,0.49,0.57,0.68,0.73,0.79,0.83,0.83,0.77,0.84,0.75,0.79,0.85,0.79,0.8,0.79,0.79,0.79,0.78,0.56,0.67,0.74,0.64,0.58,0.64,0.65,0.7,0.69,0.53,0.64,0.71,0.61,0.7,0.6,0.7,0.65,0.59,0.58,0.49,0.44,0.56,0.61,0.43,0.54,0.44,0.41,0.44
2026-08-28T14:00:00Z,0.81,0.76,0.65,0.67,0.86,0.92,0.83,0.85,0.9,0.9,0.86,0.72,0.82,0.68,0.73,0.79,0.78,0.65,0.51,0.49,0.63,0.55,0.71,0.81,0.82,0.74,0.78,0.86,0.85,0.82,0.85,0.73,0.68,0.78,0.81,0.8,0.79,0.73,0.58,0.78,0.74,0.69,0.77,0.69,0.53,0.74,0.76,0.7,0.68,0.53,0.68,0.7,0.58,0.57,0.59,0.58,0.67,0.59,0.57,0.6,0.59,0.6,0.47,0.45
2026-08-28T15:00:00Z,0.61,0.48,0.49,0.23,0.72,0.91,0.94,0.91,0.86,0.84,0.88,0.85,0.79,0.61,0.61,0.91,0.88,0.63,0.45,0.52,0.69,0.61,0.57,0.7,0.74,0.59,0.86,0.83,0.81,0.78,0.85,0.8,0.85,0.74,0.79,0.79,0.73,0.7,0.63,0.62,0.66,0.56,0.49,0.48,0.47,0.53,0.56,0.53,0.55,0.44,0.42,0.48,0.65,0.53,0.54,0.66,0.47,0.4,0.54,0.51,0.45,0.42,0.5,0.5
2026-08-28T16:00:00Z,0.79,0.55,0.34,0.59,0.52,0.91,0.9,0.88,0.79,0.88,0.78,0.67,0.71,0.76,0.76,0.87,0.87,0.46,0.5,0.56,0.6,0.72,0.77,0.73,0.81,0.76,0.78,0.75,0.83,0.89,0.88,0.77,0.8,0.69,0.78,0.72,0.73,0.77,0.63,0.63,0.7,0.37,0.44,0.45,0.59,0.43,0.4,0.47,0.44,0.51,0.43,0.3,0.13,0.31,0.27,0.37,0.54,0.37,0.12,0.21,0.38,0.37,0.25,0.26
2026-08-28T17:00:00Z,0.63,0.48,0.41,0.41,0.61,0.88,0.85,0.87,0.85,0.91,0.9,0.8,0.73,0.58,0.66,0.84,0.85,0.51,0.67,0.72,0.59,0.72,0.79,0.77,0.73,0.74,0.8,0.81,0.78,0.81,0.83,0.79,0.68,0.76,0.86,0.75,0.73,0.69,0.67,0.64,0.68,0.59,0.56,0.63,0.48,0.47,0.49,0.51,0.5,0.53,0.4,0.33,0.37,0.53,0.57,0.39,0.48,0.52,0.52,0.56,0.61,0.57,0.55,0.36
2026-08-28T18:00:00Z,0.54,0.34,0.2,0.25,0.65,0.81,0.9,0.95,0.89,0.83,0.88,0.54,0.78,0.8,0.82,0.81,0.84,0.6,0.51,0.69,0.63,0.72,0.77,0.81,0.67,0.78,0.81,0.74,0.74,0.79,0.78,0.74,0.77,0.79,0.77,0.72,0.66,0.61,0.66,0.58,0.56,0.56,0.63,0.67,0.57,0.56,0.47,0.49,0.38,0.45,0.31,0.35,0.59,0.58,0.49,0.57,0.54,0.51,0.56,0.55,0.4,0.44,0.52,0.52
2026-08-28T19:00:00Z,0.64,0.44,0.48,0.44,0.61,0.89,0.9,0.91,0.78,0.9,0.89,0.88,0.74,0.71,0.65,0.69,0.82,0.58,0.52,0.57,0.58,0.58,0.8,0.79,0.78,0.72,0.75,0.77,0.76,0.8,0.7,0.81,0.72,0.77,0.74,0.69,0.69,0.79,0.77,0.65,0.71,0.62,0.63,0.62,0.64,0.38,0.51,0.47,0.46,0.46,0.4,0.34,0.35,0.27,0.47,0.51,0.54,0.5,0.6,0.58,0.59,0.52,0.31,0.45
2026-08-28T20:00:00Z,0.75,0.58,0.21,0.45,0.5,0.9,0.82,0.78,0.7,0.79,0.89,0.79,0.58,0.66,0.64,0.73,0.85,0.67,0.58,0.62,0.7,0.71,0.71,0.77,0.83,0.82,0.79,0.8,0.79,0.8,0.78,0.7,0.73,0.73,0.78,0.67,0.7,0.62,0.64,0.73,0.7,0.59,0.48,0.54,0.51,0.54,0.62,0.63,0.52,0.55,0.6,0.63,0.8,0.73,0.66,0.54,0.6,0.66,0.66,0.65,0.68,0.6,0.45,0.35
2026-08-28T21:00:00Z,0.78,0.58,0.35,0.22,0.45,0.89,0.92,0.92,0.83,0.8,0.91,0.88,0.78,0.71,0.79,0.55,0.87,0.72,0.45,0.52,0.47,0.58,0.69,0.76,0.72,0.75,0.83,0.82,0.74,0.72,0.72,0.64,0.68,0.57,0.44,0.18,0.21,0.4,0.19,0.1,0.44,0.5,0.46,0.5,0.53,0.56,0.53,0.57,0.53,0.63,0.6,0.65,0.59,0.48,0.7,0.64,0.6,0.72,0.68,0.73,0.75,0.72,0.75,0.7
2026-08-28T22:00:00Z,0.88,0.74,0.47,0.66,0.76,0.93,0.89,0.89,0.81,0.85,0.91,0.72,0.77,0.72,0.62,0.84,0.88,0.76,0.66,0.46,0.64,0.69,0.66,0.68,0.68,0.79,0.81,0.78,0.73,0.68,0.76,0.74,0.65,0.67,0.65,0.66,0.6,0.73,0.59,0.42,0.48,0.52,0.44,0.44,0.42,0.32,0.41,0.42,0.48,0.36,0.26,0.53,0.6,0.56,0.57,0.58,0.75,0.66,0.66,0.7,0.74,0.68,0.69,0.69
2026-08-28T23:00:00Z,0.82,0.69,0.53,0.63,0.77,0.92,0.84,0.89,0.91,0.92,0.89,0.72,0.69,0.79,0.64,0.69,0.82,0.77,0.54,0.58,0.72,0.71,0.7,0.66,0.64,0.81,0.84,0.82,0.77,0.73,0.75,0.67,0.69,0.58,0.69,0.32,0.69,0.46,0.47,0.46,0.41,0.4,0.44,0.45,0.57,0.31,0.31,0.48,0.47,0.56,0.53,0.53,0.5,0.62,0.69,0.6,0.62,0.72,0.68,0.71,0.57,0.69,0.59,0.63
2026-08-29T00:00:00Z,0.84,0.8,0.44,0.49,0.76,0.92,0.95,0.91,0.85,0.92,0.91,0.79,0.58,0.66,0.78,0.72,0.82,0.71,0.51,0.51,0.52,0.66,0.66,0.77,0.66,0.74,0.71,0.75,0.71,0.75,0.74,0.57,0.71,0.62,0.64,0.63,0.52,0.5,0.53,0.58,0.38,0.41,0.46,0.11,0.13,0.37,0.3,0.07,0.23,0.24,0.43,0.47,0.61,0.53,0.42,0.53,0.64,0.74,0.67,0.75,0.73,0.64,0.54,0.58
2026-08-29T01:00:00Z,0.92,0.83,0.53,0.83,0.84,0.94,0.94,0.93,0.84,0.91,0.94,0.9,0.8,0.76,0.74,0.68,0.68,0.71,0.42,0.58,0.55,0.77,0.75,0.7,0.74,0.72,0.7,0.73,0.7,0.79,0.64,0.44,0.6,0.67,0.41,0.4,0.43,0.44,0.28,0.4,0.24,0.31,0.47,0.56,0.38,0.5,0.46,0.55,0.56,0.42,0.51,0.61,0.55,0.56,0.58,0.64,0.77,0.55,0.64,0.55,0.54,0.59,0.44,0.62
2026-08-29T02:00:00Z,0.93,0.87,0.63,0.87,0.86,0.95,0.94,0.95,0.85,0.9,0.94,0.91,0.78,0.67,0.76,0.53,0.78,0.53,0.65,0.75,0.7,0.7,0.72,0.75,0.69,0.83,0.8,0.82,0.77,0.82,0.78,0.69,0.73,0.68,0.65,0.55,0.59,0.5,0.54,0.57,0.59,0.47,0.53,0.55,0.55,0.67,0.63,0.66,0.66,0.58,0.66,0.44,0.46,0.61,0.51,0.44,0.53,0.59,0.62,0.46,0.5,0.46,0.51,0.26
2026-08-29T03:00:00Z,0.81,0.71,0.64,0.5,0.75,0.91,0.92,0.91,0.89,0.88,0.9,0.89,0.67,0.75,0.76,0.52,0.65,0.45,0.53,0.61,0.66,0.65,0.77,0.72,0.73,0.77,0.8,0.8,0.74,0.74,0.64,0.71,0.68,0.75,0.74,0.7,0.67,0.72,0.61,0.5,0.44,0.55,0.65,0.56,0.63,0.78,0.62,0.56,0.53,0.64,0.58,0.55,0.43,0.56,0.35,0.39,0.51,0.47,0.34,0.37,0.45,0.47,0.28,0.36
2026-08-29T04:00:00Z,0.6,0.59,0.66,0.76,0.89,0.91,0.95,0.9,0.92,0.89,0.93,0.88,0.85,0.75,0.7,0.65,0.6,0.59,0.65,0.64,0.56,0.73,0.81,0.72,0.7,0.81,0.82,0.71,0.6,0.69,0.67,0.77,0.75,0.77,0.82,0.69,0.54,0.63,0.59,0.5,0.47,0.49,0.4,0.54,0.46,0.39,0.36,0.46,0.56,0.48,0.58,0.37,0.46,0.41,0.48,0.46,0.35,0.55,0.52,0.35,0.46,0.36,0.49,0.5
2026-08-29T05:00:00Z,0.77,0.9,0.8,0.84,0.91,0.94,0.95,0.89,0.8,0.88,0.91,0.92,0.76,0.83,0.79,0.76,0.69,0.56,0.58,0.67,0.66,0.66,0.78,0.72,0.79,0.85,0.73,0.77,0.78,0.72,0.72,0.77,0.77,0.72,0.69,0.77,0.68,0.57,0.49,0.56,0.63,0.56,0.42,0.46,0.49,0.33,0.44,0.22,0.27,0.35,0.47,0.43,0.49,0.59,0.6,0.54,0.48,0.44,0.45,0.49,0.44,0.44,0.42,0.44
2026-08-29T06:00:00Z,0.75,0.72,0.74,0.8,0.87,0.86,0.88,0.94,0.89,0.91,0.9,0.9,0.85,0.76,0.61,0.79,0.62,0.39,0.58,0.47,0.65,0.7,0.69,0.77,0.76,0.78,0.71,0.78,0.77,0.73,0.76,0.71,0.71,0.74,0.75,0.73,0.71,0.71,0.7,0.64,0.67,0.66,0.45,0.5,0.6,0.55,0.51,0.48,0.33,0.51,0.51,0.49,0.4,0.39,0.4,0.54,0.51,0.66,0.54,0.58,0.48,0.54,0.59,0.52
2026-08-29T07:00:00Z,0.86,0.83,0.79,0.72,0.9,0.89,0.91,0.92,0.92,0.91,0.88,0.91,0.88,0.71,0.57,0.69,0.52,0.56,0.63,0.53,0.71,0.66,0.59,0.74,0.69,0.69,0.69,0.74,0.78,0.75,0.74,0.81,0.8,0.71,0.77,0.71,0.64,0.67,0.61,0.63,0.59,0.58,0.71,0.72,0.66,0.38,0.31,0.43,0.37,0.44,0.43,0.46,0.5,0.4,0.54,0.45,0.51,0.49,0.54,0.53,0.51,0.46,0.47,0.51
2026-08-29T08:00:00Z,0.87,0.86,0.76,0.9,0.89,0.92,0.96,0.89,0.94,0.89,0.94,0.92,0.81,0.73,0.55,0.54,0.56,0.59,0.73,0.72,0.7,0.78,0.72,0.79,0.66,0.75,0.81,0.83,0.73,0.71,0.74,0.81,0.82,0.81,0.85,0.79,0.81,0.7,0.73,0.77,0.59,0.57,0.52,0.56,0.45,0.59,0.57,0.57,0.52,0.47,0.51,0.52,0.49,0.3,0.36,0.38,0.53,0.43,0.37,0.46,0.45,0.58,0.38,0.5
2026-08-29T09:00:00Z,0.92,0.95,0.87,0.93,0.91,0.95,0.96,0.88,0.95,0.9,0.76,0.87,0.7,0.65,0.75,0.54,0.6,0.59,0.64,0.63,0.61,0.72,0.63,0.75,0.8,0.69,0.83,0.78,0.82,0.75,0.79,0.78,0.75,0.71,0.82,0.82,0.8,0.78,0.77,0.76,0.73,0.69,0.44,0.75,0.79,0.63,0.67,0.61,0.73,0.56,0.66,0.47,0.51,0.48,0.38,0.52,0.35,0.39,0.35,0.37,0.44,0.44,0.35,0.43
2026-08-29T10:00:00Z,0.85,0.76,0.6,0.57,0.73,0.8,0.82,0.95,0.9,0.87,0.92,0.91,0.89,0.65,0.34,0.74,0.55,0.52,0.66,0.74,0.68,0.62,0.78,0.77,0.74,0.77,0.73,0.74,0.8,0.81,0.77,0.81,0.8,0.73,0.75,0.8,0.77,0.84,0.78,0.79,0.77,0.7,0.79,0.67,0.68,0.67,0.62,0.72,0.62,0.68,0.53,0.55,0.65,0.68,0.7,0.65,0.66,0.53,0.46,0.47,0.41,0.58,0.58,0.6
2026-08-29T11:00:00Z,0.77,0.72,0.31,0.79,0.8,0.94,0.94,0.91,0.92,0.84,0.9,0.94,0.86,0.73,0.81,0.64,0.58,0.67,0.67,0.67,0.72,0.67,0.72,0.81,0.82,0.87,0.81,0.84,0.88,0.83,0.75,0.83,0.85,0.83,0.86,0.85,0.8,0.87,0.85,0.86,0.72,0.73,0.7,0.84,0.71,0.76,0.73,0.66,0.71,0.61,0.72,0.62,0.68,0.66,0.64,0.43,0.58,0.66,0.68,0.74,0.5,0.54,0.62,0.48
2026-08-29T12:00:00Z,0.85,0.71,0.76,0.74,0.75,0.83,0.95,0.92,0.97,0.93,0.9,0.92,0.93,0.68,0.81,0.69,0.56,0.61,0.66,0.69,0.69,0.67,0.74,0.85,0.76,0.82,0.88,0.79,0.81,0.84,0.84,0.83,0.78,0.79,0.77,0.79,0.78,0.81,0.85,0.81,0.82,0.88,0.82,0.84,0.81,0.81,0.79,0.73,0.69,0.82,0.67,0.73,0.81,0.69,0.69,0.6,0.75,0.74,0.72,0.71,0.42,0.71,0.66,0.55
2026-08-29T13:00:00Z,0.77,0.74,0.71,0.7,0.8,0.79,0.95,0.92,0.91,0.92,0.9,0.92,0.89,0.63,0.72,0.64,0.48,0.62,0.72,0.73,0.77,0.73,0.78,0.8,0.82,0.82,0.87,0.87,0.81,0.79,0.78,0.83,0.84,0.87,0.77,0.77,0.76,0.8,0.71,0.69,0.83,0.79,0.71,0.71,0.64,0.73,0.73,0.74,0.79,0.75,0.67,0.73,0.76,0.75,0.63,0.71,0.72,0.71,0.72,0.74,0.71,0.73,0.61,0.69
2026-08-29T14:00:00Z,0.89,0.79,0.42,0.31,0.65,0.87,0.92,0.93,0.93,0.9,0.93,0.85,0.93,0.65,0.71,0.69,0.66,0.6,0.76,0.81,0.85,0.8,0.87,0.92,0.87,0.82,0.77,0.83,0.85,0.83,0.83,0.81,0.8,0.85,0.82,0.88,0.86,0.81,0.82,0.83,0.84,0.68,0.71,0.73,0.69,0.74,0.58,0.65,0.72,0.75,0.69,0.77,0.51,0.61,0.78,0.6,0.61,0.7,0.59,0.41,0.57,0.47,0.37,0.48
2026-08-29T15:00:00Z,0.74,0.5,0.18,0.52,0.52,0.8,0.93,0.95,0.93,0.85,0.93,0.92,0.85,0.78,0.69,0.51,0.7,0.8,0.7,0.81,0.88,0.89,0.89,0.89,0.86,0.9,0.88,0.89,0.87,0.84,0.83,0.78,0.74,0.81,0.77,0.8,0.84,0.75,0.66,0.76,0.86,0.84,0.84,0.81,0.71,0.62,0.72,0.66,0.68,0.67,0.64,0.62,0.6,0.6,0.66,0.67,0.66,0.51,0.47,0.48,0.56,0.51,0.35,0.27
2026-08-29T16:00:00Z,0.23,0.12,0.26,0.44,0.45,0.72,0.88,0.94,0.84,0.91,0.81,0.87,0.92,0.83,0.79,0.56,0.75,0.71,0.78,0.73,0.83,0.8,0.85,0.82,0.85,0.83,0.83,0.84,0.84,0.84,0.86,0.8,0.81,0.8,0.75,0.82,0.82,0.79,0.75,0.66,0.66,0.79,0.78,0.7,0.75,0.66,0.52,0.64,0.73,0.69,0.51,0.42,0.44,0.62,0.55,0.52,0.58,0.56,0.54,0.64,0.69,0.43,0.61,0.43
2026-08-29T17:00:00Z,0.63,0.46,0.14,0.47,0.78,0.88,0.95,0.95,0.76,0.87,0.91,0.88,0.82,0.84,0.63,0.67,0.61,0.69,0.72,0.77,0.82,0.78,0.85,0.8,0.81,0.86,0.85,0.88,0.88,0.88,0.79,0.77,0.79,0.81,0.79,0.78,0.67,0.71,0.75,0.73,0.68,0.68,0.66,0.47,0.68,0.71,0.59,0.72,0.54,0.55,0.5,0.5,0.39,0.4,0.36,0.6,0.47,0.38,0.63,0.45,0.57,0.46,0.44,0.3
2026-08-29T18:00:00Z,0.8,0.5,0.16,0.42,0.53,0.82,0.93,0.94,0.95,0.93,0.86,0.91,0.91,0.75,0.82,0.69,0.64,0.64,0.68,0.78,0.73,0.77,0.81,0.86,0.86,0.82,0.84,0.82,0.78,0.67,0.84,0.83,0.83,0.78,0.81,0.76,0.65,0.81,0.69,0.7,0.58,0.46,0.44,0.61,0.54,0.38,0.52,0.54,0.58,0.33,0.32,0.45,0.28,0.08,0.29,0.46,0.47,0.46,0.42,0.36,0.43,0.53,0.3,0.37
2026-08-29T19:00:00Z,0.81,0.76,0.24,0.6,0.79,0.81,0.89,0.92,0.92,0.89,0.87,0.88,0.82,0.81,0.58,0.58,0.64,0.59,0.79,0.72,0.86,0.82,0.82,0.84,0.83,0.89,0.81,0.8,0.72,0.81,0.75,0.8,0.72,0.81,0.7,0.8,0.77,0.85,0.73,0.74,0.7,0.58,0.67,0.63,0.59,0.52,0.66,0.49,0.49,0.52,0.54,0.47,0.41,0.43,0.4,0.52,0.46,0.38,0.43,0.47,0.53,0.34,0.25,0.46
2026-08-29T20:00:00Z,0.62,0.41,0.42,0.58,0.68,0.8,0.85,0.91,0.91,0.93,0.85,0.92,0.89,0.8,0.63,0.68,0.63,0.64,0.74,0.85,0.84,0.82,0.68,0.73,0.8,0.83,0.84,0.79,0.81,0.75,0.74,0.74,0.78,0.75,0.78,0.76,0.74,0.64,0.73,0.73,0.56,0.65,0.71,0.7,0.73,0.68,0.67,0.57,0.78,0.76,0.73,0.66,0.64,0.7,0.76,0.76,0.79,0.84,0.76,0.79,0.68,0.68,0.75,0.72
2026-08-29T21:00:00Z,0.75,0.67,0.61,0.61,0.78,0.7,0.89,0.93,0.92,0.93,0.88,0.93,0.77,0.74,0.65,0.5,0.71,0.83,0.84,0.86,0.79,0.79,0.82,0.82,0.81,0.79,0.73,0.82,0.87,0.78,0.73,0.82,0.7,0.68,0.73,0.62,0.81,0.79,0.66,0.71,0.67,0.77,0.65,0.75,0.77,0.67,0.73,0.75,0.78,0.73,0.72,0.79,0.73,0.85,0.83,0.72,0.81,0.81,0.75,0.76,0.77,0.73,0.65,0.65
2026-08-29T22:00:00Z,0.53,0.6,0.58,0.24,0.43,0.67,0.7,0.89,0.91,0.82,0.9,0.88,0.82,0.72,0.59,0.75,0.6,0.77,0.73,0.79,0.77,0.79,0.87,0.82,0.82,0.77,0.82,0.86,0.84,0.73,0.72,0.81,0.83,0.68,0.79,0.77,0.78,0.75,0.77,0.8,0.82,0.75,0.8,0.76,0.8,0.81,0.76,0.78,0.76,0.82,0.81,0.78,0.71,0.76,0.81,0.81,0.74,0.69,0.77,0.68,0.66,0.7,0.71,0.7
2026-08-29T23:00:00Z,0.48,0.46,0.09,0.3,0.35,0.61,0.84,0.92,0.87,0.92,0.9,0.86,0.88,0.69,0.69,0.58,0.71,0.83,0.86,0.85,0.77,0.84,0.88,0.91,0.83,0.85,0.78,0.76,0.82,0.78,0.8,0.83,0.71,0.68,0.68,0.76,0.82,0.76,0.78,0.73,0.78,0.68,0.8,0.79,0.84,0.75,0.7,0.73,0.69,0.63,0.69,0.67,0.73,0.74,0.64,0.66,0.7,0.78,0.73,0.68,0.72,0.65,0.63,0.58
2026-08-30T00:00:00Z,0.62,0.56,0.21,0.56,0.57,0.74,0.91,0.93,0.91,0.86,0.81,0.93,0.85,0.76,0.66,0.51,0.7,0.84,0.83,0.85,0.88,0.84,0.87,0.89,0.86,0.88,0.84,0.81,0.81,0.78,0.7,0.74,0.85,0.78,0.85,0.68,0.75,0.75,0.74,0.75,0.77,0.72,0.68,0.69,0.75,0.77,0.71,0.63,0.76,0.71,0.46,0.65,0.65,0.65,0.66,0.65,0.65,0.58,0.69,0.58,0.67,0.67,0.53,0.52
2026-08-30T01:00:00Z,0.49,0.32,0.57,0.41,0.44,0.7,0.81,0.92,0.88,0.89,0.89,0.82,0.87,0.74,0.53,0.74,0.67,0.63,0.66,0.75,0.83,0.81,0.85,0.83,0.81,0.89,0.8,0.79,0.86,0.83,0.81,0.79,0.8,0.8,0.82,0.76,0.81,0.79,0.7,0.69,0.63,0.75,0.77,0.67,0.66,0.66,0.65,0.74,0.63,0.78,0.71,0.66,0.64,0.66,0.69,0.66,0.65,0.63,0.58,0.65,0.63,0.64,0.52,0.54
2026-08-30T02:00:00Z,0.65,0.58,0.64,0.24,0.47,0.66,0.83,0.94,0.93,0.93,0.79,0.86,0.89,0.68,0.58,0.61,0.59,0.62,0.72,0.82,0.82,0.87,0.86,0.87,0.82,0.84,0.89,0.87,0.86,0.85,0.75,0.82,0.79,0.76,0.85,0.79,0.79,0.72,0.74,0.8,0.7,0.66,0.73,0.71,0.74,0.69,0.72,0.54,0.73,0.7,0.65,0.65,0.68,0.65,0.61,0.63,0.69,0.71,0.67,0.63,0.59,0.55,0.48,0.54
2026-08-30T03:00:00Z,0.45,0.46,0.23,0.29,0.57,0.7,0.71,0.89,0.94,0.83,0.91,0.91,0.88,0.72,0.71,0.66,0.78,0.72,0.73,0.72,0.78,0.77,0.82,0.82,0.81,0.85,0.89,0.89,0.78,0.83,0.78,0.83,0.81,0.68,0.7,0.78,0.78,0.78,0.75,0.72,0.71,0.74,0.68,0.66,0.71,0.66,0.7,0.6,0.6,0.79,0.65,0.62,0.66,0.7,0.6,0.67,0.73,0.65,0.65,0.69,0.65,0.61,0.56,0.54
2026-08-30T04:00:00Z,0.72,0.68,0.37,0.38,0.52,0.79,0.88,0.86,0.92,0.91,0.73,0.89,0.81,0.75,0.71,0.76,0.87,0.78,0.81,0.76,0.84,0.77,0.82,0.85,0.91,0.86,0.89,0.86,0.79,0.74,0.78,0.78,0.79,0.76,0.74,0.76,0.79,0.82,0.71,0.78,0.7,0.73,0.69,0.74,0.62,0.68,0.61,0.72,0.56,0.6,0.68,0.66,0.62,0.6,0.71,0.63,0.53,0.55,0.66,0.53,0.48,0.59,0.49,0.53
2026-08-30T05:00:00Z,0.62,0.35,0.43,0.34,0.34,0.68,0.69,0.88,0.89,0.8,0.85,0.88,0.78,0.79,0.75,0.67,0.87,0.8,0.75,0.82,0.89,0.87,0.84,0.83,0.89,0.89,0.81,0.9,0.83,0.87,0.77,0.77,0.82,0.67,0.74,0.69,0.77,0.74,0.74,0.69,0.79,0.74,0.61,0.68,0.74,0.7,0.72,0.52,0.66,0.68,0.63,0.7,0.62,0.54,0.48,0.58,0.57,0.65,0.63,0.53,0.49,0.55,0.46,0.49
2026-08-30T06:00:00Z,0.67,0.61,0.15,0.13,0.54,0.63,0.75,0.9,0.89,0.79,0.86,0.89,0.76,0.64,0.59,0.62,0.81,0.84,0.77,0.78,0.79,0.86,0.89,0.91,0.88,0.89,0.89,0.83,0.83,0.78,0.85,0.82,0.8,0.85,0.86,0.77,0.79,0.75,0.76,0.72,0.75,0.71,0.53,0.59,0.58,0.68,0.64,0.6,0.58,0.66,0.71,0.69,0.71,0.67,0.61,0.73,0.66,0.5,0.63,0.59,0.64,0.56,0.48,0.44
2026-08-30T07:00:00Z,0.54,0.66,0.27,0.4,0.23,0.63,0.79,0.85,0.93,0.86,0.91,0.82,0.87,0.73,0.7,0.7,0.84,0.79,0.81,0.8,0.89,0.89,0.89,0.82,0.87,0.88,0.88,0.87,0.88,0.85,0.8,0.81,0.82,0.86,0.8,0.71,0.73,0.76,0.79,0.76,0.75,0.67,0.66,0.73,0.76,0.66,0.65,0.67,0.68,0.73,0.68,0.66,0.66,0.57,0.61,0.58,0.67,0.54,0.53,0.59,0.58,0.56,0.51,0.42
2026-08-30T08:00:00Z,0.53,0.4,0.13,0.46,0.6,0.49,0.8,0.93,0.96,0.93,0.89,0.88,0.89,0.79,0.6,0.77,0.86,0.82,0.81,0.84,0.87,0.87,0.89,0.86,0.85,0.79,0.85,0.81,0.83,0.8,0.76,0.85,0.81,0.84,0.75,0.78,0.75,0.73,0.65,0.71,0.72,0.71,0.65,0.6,0.61,0.69,0.66,0.67,0.67,0.73,0.65,0.54,0.67,0.59,0.58,0.59,0.5,0.5,0.5,0.55,0.52,0.42,0.56,0.5
2026-08-30T09:00:00Z,0.69,0.45,0.12,0.26,0.35,0.62,0.76,0.89,0.91,0.88,0.9,0.88,0.9,0.68,0.7,0.64,0.89,0.87,0.86,0.8,0.83,0.84,0.92,0.91,0.89,0.88,0.89,0.88,0.85,0.85,0.87,0.86,0.8,0.83,0.8,0.82,0.81,0.78,0.83,0.8,0.76,0.63,0.68,0.72,0.55,0.64,0.64,0.59,0.56,0.45,0.58,0.58,0.56,0.63,0.54,0.58,0.46,0.52,0.51,0.51,0.53,0.43,0.49,0.54
2026-08-30T10:00:00Z,0.69,0.53,0.3,0.46,0.44,0.69,0.85,0.94,0.93,0.79,0.77,0.82,0.88,0.75,0.71,0.78,0.9,0.91,0.92,0.9,0.89,0.85,0.85,0.87,0.93,0.88,0.85,0.86,0.88,0.84,0.79,0.88,0.83,0.85,0.82,0.7,0.62,0.67,0.62,0.74,0.67,0.77,0.7,0.59,0.7,0.66,0.72,0.68,0.54,0.69,0.66,0.69,0.68,0.59,0.69,0.61,0.49,0.43,0.45,0.47,0.39,0.47,0.48,0.59
2026-08-30T11:00:00Z,0.63,0.7,0.09,0.23,0.4,0.41,0.65,0.89,0.86,0.92,0.89,0.91,0.89,0.77,0.74,0.73,0.86,0.9,0.9,0.93,0.92,0.92,0.92,0.89,0.88,0.86,0.87,0.84,0.87,0.88,0.83,0.89,0.88,0.82,0.76,0.78,0.75,0.78,0.74,0.63,0.77,0.69,0.63,0.76,0.66,0.64,0.52,0.55,0.6,0.53,0.52,0.63,0.59,0.51,0.64,0.55,0.54,0.51,0.62,0.54,0.48,0.51,0.54,0.51
2026-08-30T12:00:00Z,0.73,0.66,0.53,0.27,0.33,0.55,0.84,0.96,0.93,0.92,0.88,0.9,0.82,0.84,0.79,0.54,0.82,0.92,0.91,0.91,0.9,0.94,0.91,0.9,0.9,0.85,0.87,0.89,0.87,0.83,0.67,0.87,0.84,0.73,0.66,0.8,0.83,0.77,0.77,0.75,0.7,0.69,0.72,0.72,0.61,0.72,0.67,0.82,0.52,0.64,0.68,0.64,0.59,0.58,0.69,0.66,0.74,0.5,0.57,0.51,0.41,0.32,0.37,0.44
2026-08-30T13:00:00Z,0.76,0.71,0.43,0.4,0.41,0.66,0.82,0.92,0.85,0.86,0.93,0.89,0.81,0.87,0.82,0.7,0.85,0.89,0.89,0.94,0.89,0.92,0.88,0.86,0.88,0.88,0.77,0.92,0.82,0.8,0.85,0.85,0.8,0.76,0.78,0.69,0.72,0.75,0.82,0.74,0.71,0.63,0.69,0.62,0.62,0.66,0.66,0.62,0.7,0.58,0.62,0.51,0.67,0.62,0.58,0.6,0.62,0.61,0.67,0.59,0.47,0.52,0.48,0.58
2026-08-30T14:00:00Z,0.6,0.44,0.61,0.52,0.45,0.72,0.75,0.92,0.95,0.91,0.86,0.87,0.9,0.89,0.75,0.7,0.85,0.89,0.91,0.91,0.9,0.91,0.93,0.93,0.82,0.9,0.84,0.89,0.83,0.81,0.78,0.81,0.74,0.83,0.76,0.78,0.69,0.74,0.8,0.7,0.74,0.72,0.79,0.73,0.71,0.62,0.62,0.7,0.67,0.71,0.72,0.57,0.62,0.68,0.66,0.78,0.64,0.61,0.6,0.67,0.54,0.52,0.59,0.51
2026-08-30T15:00:00Z,0.41,0.24,0.4,0.47,0.6,0.68,0.89,0.88,0.92,0.86,0.85,0.83,0.85,0.88,0.83,0.71,0.89,0.89,0.94,0.88,0.88,0.91,0.85,0.9,0.88,0.87,0.87,0.89,0.83,0.84,0.81,0.79,0.75,0.78,0.62,0.77,0.7,0.59,0.64,0.75,0.66,0.75,0.69,0.65,0.54,0.57,0.56,0.69,0.64,0.53,0.58,0.63,0.45,0.57,0.55,0.68,0.57,0.57,0.49,0.52,0.62,0.65,0.56,0.32
2026-08-30T16:00:00Z,0.36,0.15,0.29,0.25,0.31,0.67,0.85,0.9,0.93,0.94,0.77,0.86,0.91,0.86,0.83,0.78,0.81,0.83,0.92,0.86,0.87,0.86,0.88,0.89,0.86,0.87,0.89,0.82,0.86,0.79,0.8,0.77,0.83,0.83,0.65,0.78,0.77,0.69,0.69,0.57,0.64,0.71,0.59,0.47,0.54,0.5,0.55,0.52,0.57,0.59,0.67,0.51,0.6,0.64,0.65,0.58,0.39,0.51,0.46,0.66,0.53,0.62,0.5,0.46
2026-08-30T17:00:00Z,0.5,0.37,0.43,0.08,0.65,0.5,0.73,0.86,0.88,0.9,0.81,0.85,0.86,0.7,0.68,0.64,0.85,0.85,0.85,0.91,0.92,0.87,0.86,0.87,0.84,0.89,0.87,0.8,0.82,0.85,0.78,0.77,0.77,0.85,0.78,0.8,0.82,0.69,0.7,0.71,0.71,0.66,0.68,0.61,0.61,0.63,0.62,0.59,0.65,0.56,0.7,0.62,0.64,0.54,0.57,0.57,0.71,0.55,0.58,0.63,0.52,0.53,0.51,0.5
2026-08-30T18:00:00Z,0.39,0.41,0.46,0.11,0.57,0.45,0.68,0.85,0.8,0.82,0.84,0.81,0.86,0.84,0.71,0.78,0.82,0.88,0.9,0.85,0.87,0.92,0.87,0.89,0.86,0.81,0.79,0.85,0.82,0.86,0.83,0.83,0.81,0.77,0.73,0.81,0.73,0.64,0.73,0.65,0.74,0.73,0.71,0.6,0.57,0.65,0.59,0.58,0.62,0.64,0.68,0.75,0.65,0.69,0.61,0.65,0.51,0.51,0.6,0.65,0.65,0.59,0.56,0.43
2026-08-30T19:00:00Z,0.29,0.33,0.35,0.13,0.29,0.53,0.71,0.92,0.88,0.92,0.81,0.75,0.84,0.85,0.74,0.86,0.88,0.89,0.84,0.89,0.9,0.92,0.87,0.87,0.86,0.81,0.89,0.85,0.89,0.74,0.82,0.8,0.79,0.76,0.65,0.81,0.73,0.68,0.62,0.69,0.63,0.67,0.66,0.69,0.72,0.66,0.64,0.62,0.65,0.66,0.65,0.61,0.49,0.6,0.61,0.61,0.51,0.56,0.61,0.53,0.63,0.5,0.58,0.52
2026-08-30T20:00:00Z,0.49,0.36,0.29,0.16,0.52,0.49,0.78,0.75,0.89,0.92,0.8,0.86,0.85,0.9,0.76,0.51,0.83,0.9,0.92,0.91,0.9,0.85,0.88,0.9,0.92,0.89,0.85,0.83,0.85,0.77,0.81,0.74,0.78,0.8,0.78,0.77,0.67,0.71,0.68,0.65,0.66,0.7,0.6,0.52,0.59,0.63,0.7,0.71,0.67,0.66,0.69,0.74,0.71,0.6,0.49,0.66,0.56,0.54,0.59,0.57,0.51,0.56,0.52,0.57
2026-08-30T21:00:00Z,0.59,0.59,0.36,0.37,0.23,0.38,0.54,0.87,0.89,0.9,0.92,0.85,0.83,0.9,0.88,0.7,0.81,0.87,0.92,0.89,0.91,0.83,0.87,0.88,0.85,0.85,0.85,0.81,0.87,0.74,0.77,0.77,0.75,0.81,0.65,0.65,0.61,0.75,0.74,0.66,0.63,0.61,0.7,0.62,0.62,0.53,0.69,0.65,0.53,0.6,0.52,0.51,0.53,0.6,0.61,0.5,0.54,0.55,0.6,0.52,0.49,0.44,0.55,0.42
2026-08-30T22:00:00Z,0.54,0.36,0.54,0.42,0.21,0.29,0.69,0.92,0.92,0.91,0.9,0.9,0.91,0.92,0.74,0.66,0.84,0.89,0.92,0.91,0.9,0.92,0.86,0.82,0.85,0.82,0.9,0.84,0.8,0.78,0.73,0.67,0.7,0.75,0.73,0.7,0.63,0.76,0.62,0.75,0.5,0.47,0.78,0.68,0.69,0.67,0.48,0.52,0.54,0.48,0.64,0.69,0.69,0.49,0.65,0.67,0.74,0.64,0.6,0.58,0.65,0.59,0.52,0.49
2026-08-30T23:00:00Z,0.72,0.67,0.37,0.18,0.59,0.62,0.82,0.89,0.95,0.94,0.96,0.77,0.82,0.9,0.83,0.56,0.77,0.87,0.89,0.9,0.89,0.92,0.86,0.92,0.9,0.84,0.88,0.87,0.84,0.83,0.79,0.82,0.72,0.7,0.67,0.73,0.72,0.68,0.58,0.6,0.75,0.72,0.69,0.59,0.67,0.71,0.62,0.54,0.48,0.48,0.59,0.75,0.69,0.66,0.58,0.63,0.64,0.74,0.67,0.61,0.54,0.59,0.73,0.66
2026-08-31T00:00:00Z,0.5,0.45,0.08,0.46,0.57,0.78,0.85,0.93,0.95,0.88,0.84,0.81,0.86,0.89,0.85,0.58,0.78,0.91,0.86,0.89,0.89,0.9,0.84,0.79,0.87,0.83,0.88,0.9,0.84,0.86,0.81,0.76,0.78,0.69,0.72,0.71,0.54,0.68,0.63,0.53,0.54,0.49,0.6,0.58,0.54,0.64,0.57,0.47,0.54,0.53,0.61,0.45,0.59,0.46,0.59,0.59,0.61,0.59,0.6,0.43,0.66,0.57,0.59,0.68
2026-08-31T01:00:00Z,0.57,0.53,0.51,0.17,0.64,0.57,0.82,0.8,0.96,0.95,0.91,0.85,0.9,0.84,0.82,0.61,0.8,0.8,0.81,0.75,0.85,0.89,0.89,0.88,0.82,0.87,0.84,0.87,0.73,0.72,0.72,0.78,0.68,0.73,0.75,0.72,0.7,0.77,0.62,0.66,0.69,0.47,0.57,0.55,0.44,0.48,0.61,0.63,0.62,0.45,0.52,0.52,0.44,0.43,0.53,0.48,0.54,0.6,0.59,0.54,0.53,0.49,0.57,0.51
2026-08-31T02:00:00Z,0.55,0.42,0.16,0.7,0.56,0.67,0.83,0.91,0.95,0.97,0.9,0.9,0.9,0.94,0.67,0.66,0.74,0.9,0.9,0.91,0.91,0.9,0.87,0.85,0.83,0.87,0.86,0.82,0.78,0.77,0.77,0.76,0.68,0.76,0.71,0.62,0.7,0.55,0.73,0.61,0.57,0.59,0.61,0.56,0.57,0.64,0.45,0.44,0.55,0.63,0.34,0.53,0.39,0.47,0.55,0.66,0.6,0.39,0.51,0.5,0.56,0.52,0.63,0.58
2026-08-31T03:00:00Z,0.33,0.13,0.5,0.22,0.47,0.76,0.87,0.92,0.95,0.94,0.9,0.85,0.86,0.69,0.73,0.68,0.77,0.9,0.9,0.9,0.87,0.92,0.9,0.84,0.85,0.83,0.83,0.84,0.83,0.79,0.78,0.81,0.81,0.75,0.69,0.64,0.65,0.72,0.63,0.68,0.68,0.63,0.56,0.49,0.42,0.46,0.48,0.58,0.51,0.55,0.61,0.65,0.57,0.45,0.45,0.58,0.71,0.6,0.58,0.57,0.42,0.49,0.58,0.57
2026-08-31T04:00:00Z,0.32,0.25,0.18,0.37,0.24,0.5,0.76,0.83,0.95,0.87,0.91,0.95,0.73,0.94,0.87,0.78,0.73,0.87,0.88,0.89,0.89,0.9,0.85,0.81,0.89,0.88,0.89,0.84,0.79,0.81,0.79,0.75,0.84,0.74,0.72,0.68,0.72,0.67,0.58,0.76,0.64,0.6,0.67,0.5,0.66,0.57,0.43,0.63,0.69,0.64,0.57,0.53,0.62,0.64,0.53,0.53,0.58,0.55,0.54,0.66,0.64,0.57,0.34,0.51
2026-08-31T05:00:00Z,0.23,0.31,0.13,0.04,0.29,0.34,0.58,0.76,0.84,0.91,0.89,0.87,0.86,0.9,0.8,0.6,0.67,0.87,0.92,0.89,0.89,0.88,0.88,0.9,0.87,0.92,0.9,0.85,0.85,0.78,0.83,0.87,0.83,0.83,0.64,0.76,0.75,0.74,0.64,0.69,0.59,0.71,0.64,0.67,0.65,0.72,0.74,0.59,0.58,0.68,0.66,0.68,0.53,0.6,0.56,0.66,0.53,0.62,0.69,0.72,0.59,0.58,0.47,0.55
2026-08-31T06:00:00Z,0.47,0.46,0.16,0.28,0.07,0.42,0.49,0.75,0.84,0.91,0.78,0.78,0.84,0.89,0.91,0.81,0.65,0.87,0.91,0.95,0.92,0.9,0.91,0.89,0.89,0.92,0.91,0.84,0.86,0.87,0.87,0.85,0.82,0.84,0.76,0.65,0.75,0.74,0.72,0.68,0.69,0.7,0.63,0.58,0.58,0.66,0.48,0.56,0.64,0.58,0.46,0.52,0.57,0.51,0.5,0.42,0.36,0.56,0.44,0.54,0.6,0.47,0.41,0.41
2026-08-31T07:00:00Z,0.44,0.17,0.07,0.33,0.27,0.36,0.61,0.79,0.8,0.91,0.87,0.7,0.81,0.91,0.88,0.61,0.44,0.78,0.8,0.83,0.91,0.92,0.93,0.9,0.91,0.88,0.9,0.84,0.81,0.81,0.88,0.84,0.71,0.67,0.74,0.76,0.7,0.7,0.77,0.73,0.75,0.57,0.72,0.68,0.59,0.67,0.65,0.77,0.59,0.6,0.66,0.64,0.62,0.53,0.64,0.64,0.69,0.59,0.54,0.56,0.52,0.46,0.46,0.52
2026-08-31T08:00:00Z,0.24,0.13,0.07,0.22,0.31,0.47,0.57,0.51,0.89,0.91,0.8,0.84,0.92,0.85,0.83,0.69,0.65,0.88,0.82,0.82,0.84,0.89,0.91,0.9,0.91,0.85,0.88,0.82,0.85,0.73,0.77,0.73,0.82,0.77,0.73,0.75,0.73,0.77,0.66,0.68,0.74,0.71,0.71,0.64,0.73,0.67,0.66,0.69,0.7,0.71,0.65,0.61,0.55,0.62,0.52,0.5,0.53,0.52,0.5,0.46,0.53,0.39,0.39,0.44
2026-08-31T09:00:00Z,0.43,0.4,0.21,0.13,0.36,0.53,0.75,0.91,0.87,0.87,0.92,0.85,0.91,0.91,0.9,0.62,0.66,0.84,0.92,0.9,0.88,0.87,0.9,0.87,0.9,0.9,0.86,0.85,0.85,0.85,0.9,0.88,0.87,0.81,0.82,0.72,0.68,0.67,0.78,0.68,0.74,0.66,0.59,0.7,0.62,0.66,0.63,0.57,0.57,0.64,0.6,0.54,0.59,0.45,0.52,0.5,0.6,0.67,0.58,0.43,0.56,0.46,0.43,0.62
2026-08-31T10:00:00Z,0.38,0.29,0.52,0.24,0.14,0.3,0.47,0.73,0.92,0.91,0.92,0.88,0.8,0.89,0.93,0.71,0.54,0.85,0.85,0.92,0.91,0.92,0.93,0.87,0.85,0.87,0.9,0.79,0.82,0.84,0.83,0.84,0.79,0.78,0.7,0.73,0.72,0.7,0.77,0.69,0.66,0.65,0.61,0.62,0.71,0.58,0.61,0.59,0.7,0.58,0.57,0.53,0.52,0.56,0.54,0.5,0.51,0.48,0.38,0.53,0.53,0.48,0.33,0.39
2026-08-31T11:00:00Z,0.45,0.27,0.12,0.35,0.27,0.43,0.52,0.67,0.85,0.91,0.89,0.83,0.92,0.92,0.87,0.69,0.47,0.69,0.9,0.92,0.9,0.89,0.93,0.92,0.92,0.92,0.9,0.85,0.84,0.78,0.9,0.83,0.86,0.82,0.86,0.75,0.83,0.78,0.77,0.63,0.67,0.77,0.55,0.49,0.59,0.74,0.69,0.66,0.57,0.53,0.61,0.59,0.61,0.37,0.63,0.59,0.59,0.51,0.57,0.47,0.4,0.49,0.49,0.41
2026-08-31T12:00:00Z,0.45,0.52,0.13,0.11,0.5,0.21,0.58,0.76,0.91,0.93,0.91,0.81,0.94,0.92,0.82,0.71,0.64,0.72,0.89,0.93,0.88,0.88,0.92,0.91,0.92,0.9,0.84,0.89,0.85,0.86,0.87,0.89,0.83,0.78,0.76,0.82,0.78,0.81,0.78,0.74,0.7,0.69,0.67,0.63,0.51,0.64,0.75,0.75,0.4,0.51,0.6,0.66,0.54,0.47,0.5,0.55,0.5,0.64,0.59,0.63,0.61,0.46,0.56,0.56
2026-08-31T13:00:00Z,0.44,0.56,0.33,0.13,0.59,0.53,0.6,0.77,0.88,0.91,0.94,0.92,0.89,0.93,0.93,0.87,0.61,0.81,0.91,0.92,0.84,0.92,0.92,0.92,0.88,0.91,0.88,0.83,0.87,0.85,0.8,0.84,0.83,0.83,0.86,0.81,0.74,0.74,0.73,0.78,0.72,0.67,0.65,0.67,0.73,0.74,0.6,0.57,0.56,0.49,0.45,0.74,0.63,0.56,0.43,0.6,0.56,0.58,0.42,0.57,0.53,0.59,0.56,0.5
2026-08-31T14:00:00Z,0.27,0.08,0.15,0.51,0.01,0.63,0.73,0.76,0.91,0.89,0.92,0.86,0.85,0.9,0.85,0.84,0.54,0.83,0.9,0.9,0.85,0.91,0.89,0.84,0.79,0.81,0.86,0.8,0.82,0.86,0.83,0.84,0.9,0.79,0.79,0.82,0.79,0.69,0.77,0.67,0.69,0.67,0.67,0.76,0.79,0.73,0.64,0.66,0.75,0.68,0.7,0.63,0.57,0.61,0.49,0.49,0.55,0.76,0.59,0.48,0.53,0.6,0.59,0.52
2026-08-31T15:00:00Z,0.58,0.56,0.18,0.21,0.53,0.59,0.87,0.84,0.9,0.93,0.9,0.87,0.93,0.9,0.92,0.93,0.57,0.69,0.87,0.91,0.91,0.93,0.89,0.88,0.9,0.9,0.92,0.9,0.82,0.81,0.81,0.83,0.79,0.76,0.8,0.72,0.8,0.77,0.76,0.74,0.6,0.76,0.74,0.71,0.72,0.82,0.72,0.63,0.7,0.65,0.63,0.56,0.63,0.74,0.7,0.7,0.61,0.4,0.68,0.66,0.65,0.54,0.62,0.62
2026-08-31T16:00:00Z,0.22,0.01,0.23,0.07,0.13,0.29,0.72,0.84,0.86,0.87,0.88,0.88,0.92,0.95,0.93,0.9,0.6,0.61,0.77,0.89,0.88,0.9,0.9,0.88,0.91,0.9,0.91,0.86,0.89,0.77,0.88,0.77,0.84,0.84,0.77,0.79,0.82,0.66,0.71,0.68,0.73,0.7,0.72,0.65,0.68,0.61,0.65,0.68,0.65,0.63,0.66,0.67,0.7,0.72,0.72,0.64,0.68,0.72,0.68,0.69,0.69,0.7,0.66,0.61
2026-08-31T17:00:00Z,0.37,0.23,0.32,0.33,0.58,0.54,0.74,0.83,0.85,0.92,0.88,0.88,0.95,0.93,0.93,0.93,0.58,0.56,0.79,0.91,0.94,0.9,0.92,0.89,0.92,0.88,0.87,0.7,0.84,0.82,0.85,0.82,0.82,0.78,0.8,0.83,0.76,0.67,0.75,0.78,0.71,0.63,0.67,0.72,0.69,0.69,0.49,0.67,0.72,0.64,0.71,0.61,0.7,0.66,0.76,0.78,0.75,0.71,0.66,0.62,0.65,0.59,0.65,0.62
2026-08-31T18:00:00Z,0.37,0.24,0.23,0.09,0.22,0.49,0.7,0.54,0.71,0.87,0.92,0.89,0.95,0.92,0.93,0.95,0.66,0.62,0.78,0.84,0.82,0.85,0.92,0.9,0.9,0.85,0.91,0.87,0.89,0.8,0.77,0.82,0.78,0.79,0.8,0.8,0.77,0.8,0.83,0.79,0.73,0.74,0.79,0.68,0.75,0.68,0.69,0.63,0.73,0.69,0.7,0.75,0.74,0.73,0.79,0.77,0.65,0.68,0.77,0.78,0.78,0.68,0.73,0.69
2026-08-31T19:00:00Z,0.12,0.18,0.41,0.31,0.47,0.21,0.72,0.75,0.92,0.9,0.91,0.89,0.93,0.94,0.95,0.96,0.74,0.66,0.85,0.83,0.85,0.91,0.87,0.82,0.81,0.86,0.88,0.87,0.85,0.76,0.87,0.83,0.78,0.78,0.83,0.8,0.76,0.76,0.82,0.84,0.8,0.79,0.79,0.66,0.76,0.78,0.7,0.71,0.7,0.72,0.82,0.85,0.77,0.7,0.8,0.8,0.79,0.78,0.81,0.75,0.73,0.79,0.73,0.69
2026-08-31T20:00:00Z,0.14,0.22,0.12,0.33,0.43,0.2,0.51,0.58,0.92,0.86,0.87,0.93,0.94,0.96,0.9,0.93,0.74,0.62,0.81,0.86,0.82,0.89,0.88,0.78,0.91,0.84,0.87,0.86,0.79,0.85,0.87,0.89,0.8,0.75,0.84,0.74,0.71,0.8,0.8,0.68,0.79,0.79,0.79,0.78,0.69,0.75,0.78,0.77,0.7,0.8,0.74,0.82,0.81,0.78,0.8,0.81,0.77,0.76,0.76,0.71,0.71,0.77,0.81,0.68
2026-08-31T21:00:00Z,0.33,0.29,0.39,0.17,0.42,0.53,0.5,0.66,0.75,0.94,0.9,0.94,0.96,0.93,0.97,0.92,0.87,0.65,0.75,0.85,0.85,0.88,0.88,0.83,0.86,0.87,0.84,0.87,0.8,0.84,0.73,0.67,0.77,0.74,0.73,0.81,0.81,0.8,0.78,0.74,0.77,0.84,0.85,0.84,0.8,0.82,0.77,0.74,0.78,0.75,0.75,0.79,0.72,0.78,0.75,0.82,0.75,0.81,0.78,0.63,0.8,0.81,0.74,0.78
2026-08-31T22:00:00Z,0.14,0.13,0.2,0.15,0.32,0.35,0.33,0.72,0.9,0.85,0.85,0.92,0.96,0.96,0.95,0.89,0.84,0.62,0.72,0.69,0.86,0.89,0.82,0.87,0.87,0.86,0.84,0.72,0.86,0.84,0.78,0.82,0.83,0.83,0.75,0.71,0.78,0.78,0.72,0.75,0.84,0.82,0.71,0.84,0.84,0.82,0.83,0.76,0.83,0.75,0.76,0.72,0.78,0.78,0.83,0.82,0.78,0.79,0.8,0.81,0.84,0.76,0.8,0.76
2026-08-31T23:00:00Z,0.37,0.33,0.23,0.47,0.15,0.72,0.62,0.75,0.91,0.93,0.92,0.8,0.91,0.95,0.96,0.94,0.81,0.65,0.73,0.83,0.89,0.89,0.89,0.84,0.8,0.87,0.84,0.81,0.85,0.81,0.88,0.83,0.89,0.87,0.79,0.72,0.76,0.82,0.83,0.8,0.76,0.81,0.76,0.78,0.81,0.77,0.8,0.75,0.86,0.76,0.73,0.77,0.69,0.71,0.77,0.8,0.79,0.76,0.8,0.77,0.77,0.8,0.71,0.73
2026-09-01T00:00:00Z,0.24,0.13,0.24,0.09,0.44,0.38,0.49,0.67,0.9,0.9,0.9,0.86,0.91,0.96,0.93,0.87,0.67,0.47,0.72,0.75,0.85,0.86,0.89,0.85,0.88,0.84,0.88,0.86,0.85,0.84,0.84,0.83,0.81,0.73,0.67,0.78,0.76,0.78,0.8,0.85,0.81,0.81,0.76,0.76,0.8,0.8,0.82,0.76,0.76,0.82,0.75,0.62,0.67,0.81,0.79,0.78,0.69,0.71,0.76,0.79,0.8,0.76,0.74,0.79
2026-09-01T01:00:00Z,0.35,0.56,0.21,0.32,0.28,0.56,0.34,0.54,0.78,0.77,0.91,0.93,0.94,0.93,0.87,0.93,0.75,0.54,0.66,0.88,0.79,0.89,0.84,0.93,0.91,0.84,0.74,0.82,0.85,0.72,0.74,0.78,0.75,0.81,0.82,0.74,0.78,0.74,0.66,0.75,0.77,0.77,0.83,0.8,0.79,0.75,0.74,0.77,0.8,0.8,0.81,0.73,0.77,0.76,0.77,0.81,0.75,0.66,0.77,0.81,0.82,0.85,0.8,0.74
2026-09-01T02:00:00Z,0.22,0.07,0.38,0.33,0.55,0.4,0.43,0.5,0.8,0.82,0.89,0.92,0.89,0.96,0.94,0.83,0.84,0.56,0.64,0.72,0.86,0.9,0.9,0.88,0.9,0.9,0.79,0.86,0.84,0.72,0.77,0.78,0.82,0.8,0.85,0.8,0.8,0.81,0.79,0.73,0.72,0.8,0.81,0.83,0.82,0.79,0.75,0.69,0.8,0.74,0.78,0.81,0.71,0.7,0.74,0.76,0.76,0.77,0.7,0.7,0.79,0.77,0.78,0.73
2026-09-01T03:00:00Z,0.18,0.36,0.51,0.6,0.36,0.45,0.38,0.66,0.9,0.85,0.87,0.85,0.91,0.95,0.93,0.9,0.71,0.55,0.58,0.81,0.85,0.87,0.9,0.89,0.87,0.89,0.87,0.75,0.87,0.87,0.88,0.77,0.84,0.81,0.76,0.81,0.71,0.75,0.74,0.77,0.8,0.73,0.7,0.68,0.71,0.64,0.69,0.82,0.8,0.77,0.77,0.71,0.73,0.84,0.77,0.8,0.76,0.8,0.8,0.86,0.79,0.66,0.71,0.7
2026-09-01T04:00:00Z,0.1,0.12,0.3,0.21,0.09,0.4,0.62,0.72,0.89,0.87,0.87,0.75,0.97,0.96,0.97,0.73,0.78,0.61,0.57,0.84,0.81,0.88,0.87,0.9,0.88,0.89,0.87,0.83,0.86,0.8,0.78,0.84,0.81,0.8,0.73,0.77,0.75,0.79,0.78,0.71,0.67,0.66,0.79,0.74,0.7,0.78,0.77,0.67,0.77,0.76,0.74,0.7,0.72,0.66,0.72,0.75,0.7,0.7,0.67,0.67,0.5,0.58,0.63,0.61
2026-09-01T05:00:00Z,0.39,0.33,0.18,0.4,0.3,0.31,0.6,0.62,0.8,0.81,0.88,0.92,0.88,0.97,0.96,0.93,0.79,0.68,0.54,0.82,0.88,0.87,0.88,0.86,0.87,0.87,0.88,0.89,0.89,0.9,0.86,0.85,0.83,0.76,0.9,0.84,0.86,0.77,0.74,0.7,0.79,0.78,0.86,0.72,0.77,0.66,0.64,0.59,0.65,0.7,0.68,0.72,0.57,0.59,0.78,0.6,0.57,0.59,0.6,0.75,0.75,0.68,0.65,0.69
2026-09-01T06:00:00Z,0.19,0.16,0.37,0.16,0.17,0.45,0.57,0.69,0.92,0.85,0.92,0.91,0.95,0.96,0.92,0.92,0.77,0.45,0.63,0.84,0.88,0.81,0.88,0.92,0.89,0.89,0.89,0.91,0.8,0.84,0.89,0.81,0.82,0.82,0.83,0.71,0.76,0.8,0.79,0.81,0.85,0.8,0.71,0.75,0.78,0.72,0.66,0.73,0.64,0.64,0.75,0.75,0.71,0.51,0.67,0.65,0.6,0.63,0.7,0.71,0.68,0.65,0.55,0.64
2026-09-01T07:00:00Z,0.27,0.29,0.41,0.28,0.18,0.29,0.81,0.65,0.85,0.82,0.92,0.85,0.86,0.91,0.94,0.93,0.73,0.56,0.57,0.81,0.8,0.78,0.88,0.94,0.89,0.89,0.85,0.91,0.94,0.91,0.89,0.8,0.83,0.85,0.8,0.73,0.85,0.81,0.75,0.74,0.74,0.75,0.82,0.84,0.71,0.7,0.61,0.66,0.69,0.6,0.71,0.78,0.67,0.67,0.73,0.72,0.56,0.48,0.66,0.46,0.71,0.68,0.63,0.68
2026-09-01T08:00:00Z,0.06,0.01,0.18,0.27,0.32,0.35,0.6,0.53,0.59,0.93,0.87,0.89,0.84,0.77,0.94,0.87,0.59,0.53,0.64,0.84,0.89,0.89,0.84,0.86,0.94,0.91,0.89,0.92,0.86,0.86,0.87,0.79,0.74,0.84,0.76,0.74,0.78,0.82,0.83,0.78,0.71,0.78,0.77,0.65,0.69,0.82,0.78,0.69,0.65,0.65,0.73,0.66,0.67,0.64,0.68,0.69,0.69,0.6,0.53,0.66,0.54,0.62,0.57,0.69
2026-09-01T09:00:00Z,0.53,0.26,0.2,0.18,0.45,0.38,0.47,0.53,0.73,0.88,0.83,0.82,0.81,0.96,0.94,0.95,0.7,0.59,0.68,0.81,0.87,0.86,0.89,0.88,0.85,0.86,0.84,0.9,0.86,0.86,0.88,0.82,0.79,0.86,0.8,0.81,0.83,0.77,0.79,0.77,0.76,0.76,0.77,0.8,0.74,0.75,0.82,0.66,0.73,0.78,0.8,0.73,0.79,0.67,0.77,0.76,0.69,0.67,0.8,0.67,0.73,0.75,0.74,0.75
2026-09-01T10:00:00Z,0.11,0.11,0.29,0.37,0.24,0.5,0.47,0.74,0.78,0.9,0.86,0.82,0.92,0.91,0.95,0.89,0.77,0.59,0.64,0.79,0.87,0.92,0.88,0.92,0.92,0.88,0.83,0.93,0.92,0.84,0.79,0.86,0.76,0.86,0.82,0.81,0.75,0.78,0.74,0.74,0.81,0.72,0.76,0.7,0.69,0.74,0.7,0.66,0.65,0.64,0.72,0.73,0.73,0.73,0.77,0.68,0.71,0.63,0.74,0.69,0.74,0.75,0.67,0.55
2026-09-01T11:00:00Z,0.3,0.17,0.2,0.22,0.34,0.35,0.51,0.66,0.75,0.84,0.9,0.89,0.87,0.82,0.86,0.94,0.78,0.55,0.64,0.76,0.87,0.88,0.92,0.91,0.93,0.9,0.9,0.87,0.81,0.84,0.87,0.79,0.85,0.78,0.8,0.79,0.78,0.8,0.73,0.81,0.81,0.82,0.7,0.59,0.7,0.64,0.76,0.77,0.7,0.7,0.72,0.71,0.7,0.61,0.76,0.71,0.81,0.7,0.72,0.71,0.71,0.71,0.67,0.67
2026-09-01T12:00:00Z,0.45,0.36,0.18,0.15,0.23,0.21,0.5,0.57,0.87,0.84,0.83,0.9,0.88,0.73,0.93,0.92,0.8,0.58,0.71,0.75,0.88,0.9,0.88,0.9,0.89,0.89,0.79,0.87,0.89,0.89,0.9,0.88,0.88,0.8,0.82,0.7,0.8,0.79,0.86,0.8,0.78,0.77,0.76,0.63,0.64,0.61,0.7,0.74,0.66,0.63,0.71,0.66,0.66,0.76,0.73,0.75,0.71,0.77,0.64,0.6,0.64,0.7,0.81,0.72
2026-09-01T13:00:00Z,0.27,0.43,0.44,0.41,0.33,0.25,0.61,0.58,0.82,0.85,0.91,0.9,0.88,0.82,0.94,0.93,0.66,0.62,0.55,0.7,0.92,0.88,0.9,0.92,0.88,0.86,0.82,0.91,0.89,0.84,0.87,0.8,0.81,0.78,0.75,0.72,0.74,0.77,0.74,0.78,0.74,0.73,0.73,0.76,0.69,0.77,0.67,0.62,0.69,0.69,0.67,0.56,0.71,0.53,0.66,0.62,0.62,0.55,0.75,0.55,0.63,0.65,0.67,0.74
2026-09-01T14:00:00Z,0.2,0.29,0.12,0.37,0.25,0.58,0.64,0.91,0.83,0.92,0.87,0.86,0.93,0.85,0.88,0.89,0.79,0.64,0.51,0.75,0.85,0.94,0.91,0.92,0.9,0.89,0.89,0.85,0.89,0.86,0.81,0.76,0.81,0.81,0.76,0.76,0.8,0.82,0.83,0.84,0.76,0.76,0.76,0.68,0.8,0.73,0.65,0.61,0.67,0.68,0.71,0.62,0.57,0.72,0.75,0.58,0.5,0.57,0.63,0.59,0.68,0.71,0.68,0.57
2026-09-01T15:00:00Z,0.28,0.3,0.31,0.29,0.33,0.73,0.65,0.76,0.74,0.85,0.88,0.92,0.94,0.86,0.78,0.83,0.89,0.66,0.45,0.7,0.9,0.92,0.94,0.93,0.96,0.89,0.93,0.88,0.91,0.87,0.91,0.87,0.84,0.86,0.83,0.81,0.81,0.79,0.75,0.76,0.78,0.76,0.76,0.82,0.75,0.65,0.84,0.79,0.79,0.79,0.71,0.67,0.67,0.62,0.77,0.78,0.8,0.82,0.78,0.76,0.7,0.73,0.75,0.78
2026-09-01T16:00:00Z,0.59,0.4,0.21,0.1,0.32,0.59,0.54,0.69,0.77,0.89,0.91,0.9,0.85,0.82,0.91,0.8,0.82,0.66,0.55,0.83,0.89,0.92,0.92,0.9,0.93,0.9,0.85,0.87,0.89,0.88,0.88,0.85,0.84,0.89,0.84,0.84,0.81,0.8,0.84,0.82,0.74,0.79,0.74,0.71,0.71,0.68,0.74,0.68,0.67,0.74,0.71,0.6,0.72,0.69,0.67,0.68,0.62,0.72,0.71,0.78,0.62,0.64,0.75,0.76
2026-09-01T17:00:00Z,0.23,0.41,0.06,0.12,0.14,0.33,0.42,0.72,0.81,0.9,0.88,0.95,0.93,0.9,0.77,0.82,0.75,0.72,0.5,0.76,0.86,0.94,0.91,0.9,0.91,0.94,0.89,0.94,0.9,0.92,0.93,0.91,0.9,0.82,0.82,0.85,0.88,0.92,0.88,0.85,0.83,0.71,0.77,0.64,0.75,0.74,0.66,0.71,0.73,0.74,0.76,0.69,0.71,0.62,0.64,0.63,0.62,0.71,0.69,0.63,0.59,0.6,0.58,0.62
2026-09-01T18:00:00Z,0.33,0.2,0.45,0.22,0.13,0.47,0.4,0.52,0.68,0.87,0.86,0.68,0.77,0.88,0.81,0.79,0.83,0.7,0.68,0.76,0.87,0.9,0.94,0.94,0.94,0.96,0.96,0.91,0.9,0.82,0.87,0.91,0.84,0.85,0.82,0.84,0.83,0.79,0.77,0.75,0.78,0.84,0.84,0.81,0.81,0.72,0.85,0.74,0.79,0.76,0.72,0.68,0.84,0.61,0.72,0.71,0.75,0.77,0.64,0.69,0.75,0.69,0.68,0.78
2026-09-01T19:00:00Z,0.02,0.08,0.4,0.47,0.24,0.39,0.52,0.66,0.67,0.87,0.87,0.87,0.83,0.87,0.74,0.87,0.79,0.55,0.63,0.72,0.89,0.92,0.94,0.9,0.89,0.9,0.9,0.9,0.91,0.9,0.88,0.85,0.88,0.88,0.89,0.82,0.75,0.84,0.84,0.79,0.84,0.82,0.74,0.75,0.75,0.77,0.79,0.73,0.71,0.69,0.71,0.82,0.79,0.73,0.72,0.71,0.81,0.72,0.65,0.71,0.74,0.75,0.78,0.71
2026-09-01T20:00:00Z,0.56,0.42,0.5,0.27,0.29,0.31,0.73,0.45,0.85,0.88,0.86,0.93,0.8,0.87,0.84,0.92,0.71,0.61,0.63,0.69,0.86,0.94,0.9,0.91,0.92,0.92,0.87,0.88,0.9,0.88,0.88,0.88,0.9,0.88,0.86,0.89,0.82,0.81,0.83,0.83,0.85,0.75,0.79,0.76,0.81,0.82,0.8,0.75,0.83,0.75,0.76,0.73,0.71,0.69,0.84,0.72,0.76,0.74,0.84,0.88,0.75,0.78,0.76,0.73
2026-09-01T21:00:00Z,0.12,0.05,0.38,0.41,0.21,0.39,0.63,0.6,0.84,0.89,0.9,0.9,0.83,0.94,0.8,0.9,0.68,0.64,0.53,0.56,0.82,0.91,0.91,0.92,0.94,0.91,0.91,0.87,0.86,0.87,0.85,0.87,0.86,0.82,0.83,0.84,0.83,0.88,0.84,0.75,0.82,0.84,0.8,0.82,0.86,0.85,0.72,0.83,0.8,0.85,0.81,0.77,0.86,0.81,0.73,0.76,0.72,0.8,0.77,0.7,0.72,0.8,0.76,0.71
2026-09-01T22:00:00Z,0.24,0.19,0.25,0.37,0.5,0.07,0.51,0.87,0.82,0.85,0.91,0.9,0.84,0.87,0.91,0.87,0.78,0.75,0.61,0.72,0.87,0.94,0.96,0.93,0.92,0.92,0.87,0.89,0.93,0.88,0.86,0.88,0.89,0.85,0.86,0.76,0.83,0.9,0.9,0.89,0.86,0.77,0.83,0.89,0.84,0.82,0.85,0.89,0.83,0.81,0.81,0.79,0.81,0.83,0.88,0.82,0.85,0.76,0.87,0.87,0.76,0.84,0.83,0.87
2026-09-01T23:00:00Z,0.09,0.07,0.14,0.32,0.23,0.07,0.46,0.6,0.63,0.85,0.79,0.87,0.9,0.87,0.87,0.89,0.67,0.5,0.48,0.79,0.89,0.88,0.88,0.9,0.92,0.93,0.87,0.9,0.85,0.86,0.87,0.79,0.81,0.78,0.87,0.79,0.81,0.87,0.82,0.85,0.79,0.77,0.88,0.83,0.82,0.84,0.81,0.88,0.84,0.88,0.81,0.8,0.84,0.87,0.83,0.81,0.8,0.82,0.78,0.83,0.81,0.84,0.84,0.87
2026-09-02T00:00:00Z,0.19,0.26,0.59,0.26,0.19,0.36,0.51,0.43,0.57,0.87,0.79,0.87,0.86,0.77,0.81,0.81,0.65,0.42,0.46,0.61,0.84,0.86,0.91,0.88,0.85,0.87,0.87,0.9,0.87,0.88,0.81,0.85,0.9,0.93,0.91,0.86,0.89,0.88,0.85,0.85,0.81,0.85,0.84,0.82,0.77,0.81,0.82,0.86,0.86,0.76,0.74,0.8,0.83,0.81,0.77,0.83,0.8,0.83,0.74,0.8,0.8,0.78,0.78,0.84
2026-09-02T01:00:00Z,0.21,0.22,0.46,0.13,0.1,0.09,0.79,0.45,0.68,0.87,0.83,0.91,0.91,0.88,0.84,0.86,0.61,0.53,0.62,0.64,0.78,0.81,0.85,0.79,0.86,0.9,0.92,0.9,0.86,0.88,0.8,0.85,0.89,0.87,0.91,0.9,0.87,0.85,0.8,0.77,0.7,0.89,0.86,0.85,0.67,0.73,0.8,0.88,0.79,0.77,0.9,0.8,0.75,0.79,0.81,0.84,0.8,0.83,0.85,0.78,0.72,0.73,0.76,0.78
2026-09-02T02:00:00Z,0.28,0.31,0.4,0.25,0.21,0.16,0.55,0.45,0.66,0.92,0.91,0.69,0.8,0.79,0.87,0.87,0.72,0.64,0.6,0.73,0.81,0.86,0.91,0.88,0.92,0.89,0.94,0.94,0.91,0.91,0.91,0.91,0.86,0.86,0.85,0.79,0.92,0.83,0.76,0.85,0.87,0.82,0.81,0.81,0.82,0.81,0.74,0.76,0.78,0.84,0.74,0.68,0.77,0.82,0.78,0.75,0.78,0.8,0.7,0.77,0.76,0.83,0.77,0.74
2026-09-02T03:00:00Z,0.38,0.45,0.28,0.45,0.35,0.37,0.43,0.49,0.8,0.81,0.86,0.87,0.65,0.78,0.81,0.88,0.62,0.59,0.63,0.67,0.85,0.9,0.94,0.9,0.93,0.91,0.91,0.92,0.88,0.88,0.87,0.86,0.86,0.84,0.84,0.87,0.81,0.82,0.84,0.87,0.77,0.75,0.71,0.78,0.85,0.83,0.73,0.79,0.73,0.7,0.77,0.71,0.73,0.78,0.84,0.77,0.69,0.77,0.78,0.79,0.76,0.73,0.77,0.79
2026-09-02T04:00:00Z,0.2,0.34,0.17,0.41,0.48,0.23,0.46,0.68,0.46,0.89,0.85,0.89,0.82,0.89,0.82,0.91,0.7,0.43,0.64,0.7,0.75,0.86,0.93,0.91,0.94,0.91,0.88,0.94,0.91,0.85,0.84,0.85,0.86,0.83,0.81,0.86,0.87,0.73,0.8,0.8,0.82,0.84,0.74,0.73,0.83,0.72,0.66,0.73,0.7,0.77,0.74,0.73,0.73,0.82,0.68,0.61,0.72,0.7,0.72,0.79,0.68,0.62,0.64,0.66
2026-09-02T05:00:00Z,0.41,0.36,0.13,0.41,0.28,0.28,0.62,0.67,0.53,0.66,0.85,0.76,0.79,0.79,0.93,0.79,0.78,0.54,0.58,0.71,0.78,0.9,0.93,0.91,0.95,0.93,0.93,0.9,0.82,0.87,0.89,0.86,0.84,0.88,0.84,0.83,0.8,0.85,0.8,0.8,0.82,0.87,0.78,0.85,0.79,0.64,0.78,0.78,0.69,0.75,0.69,0.68,0.77,0.72,0.65,0.71,0.76,0.7,0.61,0.72,0.66,0.64,0.63,0.71
2026-09-02T06:00:00Z,0.21,0.27,0.13,0.38,0.37,0.29,0.39,0.44,0.65,0.46,0.77,0.87,0.8,0.87,0.69,0.88,0.66,0.51,0.66,0.77,0.84,0.82,0.89,0.91,0.89,0.93,0.92,0.83,0.88,0.86,0.85,0.88,0.85,0.84,0.82,0.72,0.84,0.84,0.83,0.84,0.78,0.61,0.85,0.74,0.75,0.77,0.77,0.75,0.74,0.76,0.7,0.65,0.75,0.69,0.69,0.75,0.7,0.69,0.66,0.75,0.74,0.7,0.57,0.66
2026-09-02T07:00:00Z,0.33,0.28,0.05,0.33,0.3,0.51,0.65,0.53,0.57,0.85,0.81,0.87,0.83,0.86,0.73,0.88,0.76,0.59,0.61,0.83,0.84,0.9,0.93,0.92,0.91,0.89,0.91,0.83,0.85,0.86,0.8,0.88,0.81,0.86,0.76,0.78,0.8,0.87,0.83,0.84,0.77,0.79,0.68,0.69,0.75,0.78,0.66,0.72,0.68,0.76,0.67,0.67,0.75,0.77,0.6,0.66,0.62,0.68,0.72,0.77,0.67,0.6,0.57,0.74
2026-09-02T08:00:00Z,0.26,0.18,0.24,0.42,0.26,0.41,0.65,0.67,0.72,0.67,0.78,0.86,0.75,0.9,0.86,0.91,0.78,0.64,0.55,0.83,0.89,0.89,0.88,0.94,0.9,0.91,0.88,0.86,0.85,0.86,0.76,0.75,0.74,0.75,0.76,0.84,0.72,0.73,0.76,0.76,0.74,0.69,0.75,0.71,0.66,0.58,0.67,0.58,0.68,0.74,0.69,0.73,0.69,0.64,0.7,0.75,0.64,0.59,0.71,0.76,0.68,0.7,0.68,0.67
2026-09-02T09:00:00Z,0.24,0.43,0.33,0.3,0.29,0.31,0.42,0.7,0.78,0.86,0.82,0.85,0.9,0.79,0.9,0.83,0.86,0.69,0.53,0.73,0.85,0.89,0.91,0.93,0.89,0.87,0.89,0.87,0.84,0.83,0.87,0.84,0.79,0.78,0.84,0.79,0.79,0.81,0.72,0.64,0.72,0.78,0.77,0.65,0.64,0.66,0.53,0.7,0.64,0.67,0.64,0.6,0.62,0.71,0.59,0.6,0.55,0.58,0.66,0.67,0.59,0.73,0.67,0.67
2026-09-02T10:00:00Z,0.05,0.11,0.2,0.43,0.57,0.4,0.77,0.74,0.8,0.88,0.81,0.91,0.94,0.89,0.86,0.86,0.79,0.64,0.56,0.77,0.78,0.92,0.89,0.94,0.93,0.92,0.92,0.89,0.9,0.81,0.86,0.85,0.84,0.79,0.79,0.79,0.78,0.74,0.75,0.75,0.77,0.78,0.7,0.77,0.65,0.68,0.7,0.75,0.73,0.69,0.62,0.73,0.67,0.69,0.68,0.7,0.57,0.7,0.61,0.58,0.59,0.68,0.59,0.61
2026-09-02T11:00:00Z,0.35,0.38,0.41,0.17,0.1,0.37,0.59,0.61,0.85,0.9,0.88,0.92,0.81,0.87,0.92,0.79,0.84,0.59,0.77,0.79,0.91,0.91,0.93,0.91,0.88,0.91,0.88,0.86,0.88,0.85,0.91,0.87,0.81,0.83,0.81,0.78,0.87,0.84,0.81,0.81,0.75,0.76,0.75,0.68,0.83,0.69,0.66,0.65,0.7,0.64,0.7,0.68,0.58,0.7,0.56,0.53,0.52,0.54,0.49,0.53,0.56,0.66,0.63,0.53
2026-09-02T12:00:00Z,0.3,0.34,0.43,0.23,0.33,0.59,0.52,0.62,0.73,0.8,0.89,0.84,0.87,0.84,0.8,0.81,0.74,0.56,0.64,0.87,0.88,0.95,0.96,0.92,0.89,0.88,0.91,0.9,0.89,0.9,0.91,0.84,0.89,0.81,0.86,0.72,0.79,0.81,0.79,0.78,0.72,0.78,0.79,0.77,0.69,0.76,0.74,0.73,0.7,0.71,0.64,0.6,0.72,0.55,0.6,0.68,0.6,0.62,0.5,0.5,0.56,0.5,0.45,0.52
2026-09-02T13:00:00Z,0.31,0.28,0.11,0.16,0.47,0.48,0.63,0.73,0.77,0.82,0.91,0.87,0.88,0.86,0.82,0.77,0.8,0.6,0.74,0.91,0.93,0.94,0.92,0.91,0.91,0.93,0.88,0.83,0.86,0.83,0.89,0.88,0.83,0.86,0.84,0.79,0.69,0.75,0.87,0.85,0.82,0.76,0.7,0.77,0.63,0.66,0.66,0.66,0.64,0.66,0.67,0.74,0.76,0.7,0.71,0.64,0.71,0.57,0.58,0.62,0.71,0.54,0.54,0.58
2026-09-02T14:00:00Z,0.58,0.59,0.48,0.21,0.44,0.37,0.69,0.75,0.83,0.85,0.88,0.88,0.88,0.91,0.87,0.89,0.85,0.56,0.79,0.92,0.94,0.94,0.92,0.96,0.93,0.9,0.92,0.93,0.92,0.93,0.87,0.85,0.77,0.8,0.8,0.79,0.8,0.8,0.82,0.77,0.73,0.8,0.79,0.73,0.6,0.73,0.55,0.76,0.63,0.6,0.62,0.61,0.6,0.5,0.62,0.67,0.72,0.71,0.65,0.63,0.69,0.68,0.55,0.62
2026-09-02T15:00:00Z,0.12,0.24,0.44,0.3,0.33,0.28,0.68,0.76,0.78,0.89,0.87,0.87,0.88,0.9,0.85,0.75,0.68,0.6,0.85,0.94,0.94,0.94,0.93,0.87,0.93,0.91,0.93,0.89,0.86,0.89,0.88,0.89,0.88,0.79,0.87,0.84,0.79,0.75,0.85,0.77,0.8,0.74,0.71,0.79,0.82,0.74,0.74,0.76,0.54,0.57,0.65,0.76,0.77,0.75,0.79,0.68,0.6,0.56,0.64,0.77,0.75,0.71,0.66,0.71
2026-09-02T16:00:00Z,0.26,0.12,0.2,0.33,0.24,0.44,0.68,0.79,0.69,0.87,0.83,0.9,0.94,0.89,0.91,0.85,0.79,0.68,0.83,0.94,0.95,0.91,0.92,0.96,0.9,0.86,0.89,0.89,0.89,0.85,0.87,0.81,0.86,0.9,0.81,0.81,0.86,0.77,0.78,0.78,0.73,0.74,0.76,0.77,0.76,0.68,0.64,0.61,0.66,0.55,0.67,0.72,0.71,0.65,0.65,0.7,0.71,0.59,0.64,0.59,0.62,0.61,0.73,0.71
2026-09-02T17:00:00Z,0.28,0.3,0.05,0.45,0.43,0.41,0.6,0.79,0.82,0.79,0.82,0.91,0.92,0.84,0.89,0.8,0.74,0.71,0.91,0.93,0.93,0.92,0.9,0.88,0.89,0.9,0.91,0.87,0.88,0.87,0.91,0.89,0.87,0.81,0.85,0.81,0.78,0.75,0.82,0.81,0.81,0.76,0.67,0.72,0.57,0.71,0.67,0.66,0.77,0.73,0.71,0.66,0.71,0.7,0.62,0.76,0.6,0.53,0.68,0.64,0.6,0.63,0.6,0.63
2026-09-02T18:00:00Z,0.29,0.35,0.29,0.4,0.43,0.53,0.63,0.67,0.65,0.67,0.9,0.78,0.81,0.92,0.76,0.92,0.78,0.67,0.87,0.94,0.93,0.87,0.9,0.93,0.91,0.89,0.89,0.89,0.92,0.92,0.85,0.8,0.83,0.8,0.74,0.79,0.78,0.76,0.88,0.81,0.73,0.78,0.78,0.68,0.63,0.71,0.7,0.73,0.65,0.65,0.61,0.59,0.66,0.8,0.63,0.62,0.65,0.68,0.65,0.62,0.58,0.52,0.64,0.61
2026-09-02T19:00:00Z,0.21,0.26,0.34,0.3,0.27,0.56,0.67,0.8,0.71,0.8,0.88,0.75,0.89,0.85,0.91,0.88,0.78,0.67,0.8,0.91,0.94,0.93,0.93,0.9,0.92,0.89,0.87,0.88,0.85,0.89,0.89,0.87,0.88,0.82,0.82,0.8,0.79,0.77,0.75,0.71,0.84,0.75,0.78,0.72,0.72,0.69,0.69,0.61,0.73,0.81,0.7,0.72,0.73,0.68,0.69,0.65,0.74,0.68,0.62,0.61,0.63,0.57,0.55,0.5
2026-09-02T20:00:00Z,0.33,0.21,0.3,0.16,0.32,0.58,0.72,0.65,0.79,0.79,0.84,0.87,0.84,0.83,0.87,0.89,0.82,0.65,0.81,0.88,0.81,0.89,0.9,0.9,0.85,0.85,0.88,0.87,0.83,0.76,0.82,0.86,0.85,0.89,0.74,0.75,0.67,0.66,0.74,0.8,0.77,0.73,0.78,0.78,0.77,0.66,0.67,0.76,0.74,0.67,0.77,0.78,0.75,0.72,0.69,0.61,0.66,0.6,0.71,0.59,0.7,0.56,0.57,0.64
2026-09-02T21:00:00Z,0.3,0.22,0.22,0.25,0.52,0.21,0.69,0.78,0.77,0.83,0.86,0.78,0.94,0.89,0.91,0.89,0.86,0.62,0.8,0.83,0.89,0.92,0.91,0.9,0.91,0.84,0.83,0.82,0.8,0.8,0.8,0.8,0.77,0.78,0.72,0.83,0.8,0.75,0.73,0.69,0.8,0.65,0.65,0.76,0.72,0.78,0.68,0.66,0.65,0.69,0.62,0.7,0.77,0.75,0.72,0.68,0.71,0.57,0.62,0.64,0.71,0.64,0.58,0.63
2026-09-02T22:00:00Z,0.29,0.36,0.25,0.45,0.31,0.48,0.61,0.82,0.75,0.91,0.79,0.95,0.8,0.76,0.89,0.87,0.81,0.6,0.66,0.86,0.9,0.88,0.88,0.79,0.81,0.85,0.9,0.89,0.9,0.89,0.84,0.8,0.77,0.79,0.73,0.67,0.66,0.74,0.75,0.72,0.74,0.67,0.73,0.74,0.75,0.67,0.53,0.67,0.58,0.53,0.61,0.72,0.67,0.69,0.72,0.73,0.73,0.59,0.63,0.67,0.67,0.7,0.69,0.64
2026-09-02T23:00:00Z,0.25,0.3,0.3,0.4,0.45,0.56,0.69,0.7,0.62,0.84,0.85,0.87,0.84,0.77,0.81,0.91,0.83,0.58,0.67,0.93,0.91,0.91,0.9,0.87,0.81,0.8,0.82,0.8,0.74,0.71,0.69,0.66,0.82,0.8,0.77,0.7,0.77,0.74,0.72,0.8,0.79,0.72,0.59,0.51,0.6,0.64,0.65,0.69,0.73,0.78,0.77,0.77,0.68,0.66,0.76,0.71,0.66,0.75,0.71,0.75,0.79,0.63,0.72,0.65
2026-09-03T00:00:00Z,0.4,0.16,0.2,0.41,0.32,0.4,0.77,0.73,0.86,0.89,0.88,0.72,0.89,0.8,0.79,0.91,0.81,0.7,0.64,0.8,0.9,0.88,0.89,0.8,0.8,0.69,0.71,0.68,0.48,0.68,0.7,0.77,0.75,0.74,0.83,0.71,0.74,0.71,0.76,0.81,0.84,0.75,0.74,0.66,0.7,0.74,0.76,0.76,0.74,0.59,0.57,0.75,0.84,0.77,0.78,0.76,0.74,0.64,0.75,0.77,0.7,0.66,0.78,0.77
2026-09-03T01:00:00Z,0.23,0.2,0.47,0.4,0.34,0.37,0.76,0.69,0.76,0.88,0.79,0.86,0.71,0.77,0.84,0.86,0.83,0.72,0.65,0.82,0.92,0.91,0.92,0.88,0.88,0.86,0.85,0.76,0.83,0.83,0.85,0.76,0.78,0.75,0.77,0.75,0.74,0.7,0.75,0.72,0.76,0.79,0.8,0.76,0.78,0.73,0.71,0.65,0.69,0.77,0.73,0.66,0.74,0.68,0.67,0.78,0.83,0.77,0.83,0.77,0.79,0.79,0.76,0.77
2026-09-03T02:00:00Z,0.13,0.23,0.32,0.13,0.33,0.21,0.69,0.83,0.69,0.81,0.91,0.93,0.96,0.8,0.89,0.9,0.87,0.71,0.68,0.82,0.92,0.92,0.89,0.91,0.88,0.88,0.85,0.87,0.86,0.84,0.84,0.87,0.83,0.8,0.82,0.81,0.79,0.86,0.82,0.75,0.83,0.76,0.72,0.69,0.74,0.68,0.78,0.76,0.75,0.79,0.82,0.77,0.76,0.74,0.74,0.79,0.8,0.84,0.86,0.85,0.82,0.7,0.77,0.73
2026-09-03T03:00:00Z,0.2,0.09,0.1,0.36,0.26,0.32,0.59,0.8,0.8,0.79,0.84,0.85,0.88,0.9,0.83,0.87,0.86,0.66,0.62,0.8,0.86,0.9,0.87,0.89,0.89,0.89,0.84,0.89,0.89,0.88,0.87,0.82,0.8,0.87,0.74,0.81,0.81,0.69,0.85,0.83,0.79,0.77,0.75,0.8,0.69,0.73,0.73,0.75,0.74,0.81,0.77,0.77,0.84,0.79,0.8,0.81,0.77,0.79,0.79,0.83,0.79,0.81,0.75,0.8
2026-09-03T04:00:00Z,0.16,0.54,0.17,0.29,0.41,0.59,0.78,0.83,0.78,0.79,0.87,0.9,0.92,0.92,0.9,0.92,0.81,0.72,0.73,0.81,0.81,0.87,0.91,0.91,0.85,0.88,0.85,0.92,0.89,0.85,0.87,0.89,0.84,0.75,0.78,0.83,0.78,0.82,0.79,0.85,0.77,0.78,0.82,0.75,0.73,0.83,0.69,0.79,0.8,0.8,0.74,0.69,0.74,0.73,0.8,0.76,0.65,0.71,0.77,0.75,0.73,0.72,0.76,0.71
2026-09-03T05:00:00Z,0.2,0.15,0.2,0.16,0.32,0.5,0.68,0.53,0.82,0.85,0.93,0.81,0.89,0.82,0.91,0.87,0.85,0.74,0.82,0.86,0.85,0.91,0.94,0.93,0.95,0.9,0.91,0.92,0.81,0.85,0.86,0.84,0.85,0.82,0.87,0.86,0.79,0.76,0.81,0.79,0.8,0.76,0.79,0.77,0.79,0.74,0.69,0.69,0.68,0.69,0.72,0.68,0.72,0.65,0.75,0.77,0.7,0.62,0.59,0.5,0.65,0.54,0.6,0.69
2026-09-03T06:00:00Z,0.26,0.2,0.13,0.41,0.53,0.49,0.69,0.78,0.76,0.72,0.85,0.87,0.91,0.9,0.89,0.68,0.83,0.83,0.82,0.9,0.91,0.93,0.9,0.95,0.89,0.92,0.93,0.89,0.89,0.91,0.91,0.85,0.88,0.88,0.9,0.81,0.86,0.72,0.73,0.77,0.82,0.71,0.69,0.72,0.74,0.66,0.7,0.68,0.67,0.71,0.75,0.76,0.65,0.63,0.62,0.62,0.66,0.62,0.59,0.62,0.66,0.62,0.64,0.69
2026-09-03T07:00:00Z,0.48,0.29,0.15,0.4,0.48,0.61,0.72,0.9,0.88,0.87,0.83,0.89,0.89,0.95,0.92,0.91,0.9,0.81,0.87,0.91,0.92,0.9,0.87,0.88,0.92,0.91,0.92,0.88,0.89,0.89,0.87,0.84,0.9,0.84,0.81,0.8,0.84,0.83,0.76,0.77,0.81,0.71,0.82,0.72,0.82,0.85,0.8,0.76,0.73,0.8,0.72,0.67,0.45,0.76,0.63,0.54,0.64,0.66,0.63,0.44,0.6,0.67,0.48,0.53
2026-09-03T08:00:00Z,0.32,0.29,0.4,0.06,0.73,0.41,0.74,0.55,0.55,0.84,0.89,0.91,0.93,0.94,0.91,0.9,0.83,0.87,0.86,0.93,0.93,0.9,0.88,0.91,0.92,0.89,0.92,0.88,0.89,0.87,0.89,0.87,0.79,0.82,0.85,0.78,0.78,0.86,0.84,0.78,0.75,0.71,0.83,0.82,0.84,0.76,0.77,0.75,0.73,0.75,0.74,0.69,0.6,0.64,0.63,0.64,0.54,0.62,0.58,0.63,0.59,0.58,0.64,0.54
2026-09-03T09:00:00Z,0.63,0.43,0.25,0.33,0.49,0.64,0.68,0.82,0.88,0.66,0.87,0.88,0.9,0.93,0.92,0.92,0.88,0.87,0.84,0.91,0.91,0.91,0.92,0.9,0.84,0.8,0.91,0.87,0.84,0.88,0.88,0.9,0.87,0.81,0.81,0.81,0.85,0.73,0.69,0.76,0.81,0.74,0.73,0.7,0.62,0.79,0.78,0.67,0.55,0.75,0.63,0.68,0.65,0.65,0.59,0.72,0.65,0.61,0.62,0.57,0.65,0.57,0.67,0.63
2026-09-03T10:00:00Z,0.55,0.3,0.21,0.2,0.47,0.45,0.63,0.66,0.77,0.74,0.76,0.92,0.89,0.89,0.89,0.84,0.82,0.82,0.84,0.87,0.94,0.95,0.91,0.91,0.93,0.9,0.89,0.87,0.89,0.88,0.86,0.85,0.87,0.86,0.86,0.81,0.83,0.76,0.65,0.76,0.77,0.71,0.82,0.74,0.75,0.71,0.73,0.68,0.75,0.68,0.67,0.66,0.7,0.69,0.75,0.71,0.6,0.65,0.62,0.56,0.56,0.6,0.64,0.47
2026-09-03T11:00:00Z,0.38,0.3,0.16,0.34,0.61,0.78,0.77,0.91,0.82,0.75,0.88,0.83,0.87,0.9,0.91,0.89,0.82,0.73,0.71,0.87,0.91,0.9,0.88,0.87,0.86,0.88,0.86,0.9,0.85,0.84,0.9,0.83,0.81,0.8,0.73,0.82,0.8,0.78,0.75,0.76,0.78,0.76,0.69,0.67,0.68,0.57,0.65,0.81,0.75,0.75,0.63,0.68,0.7,0.71,0.58,0.73,0.78,0.67,0.65,0.65,0.54,0.57,0.62,0.52
2026-09-03T12:00:00Z,0.29,0.27,0.56,0.39,0.59,0.67,0.74,0.79,0.92,0.76,0.71,0.89,0.92,0.88,0.91,0.92,0.8,0.67,0.71,0.88,0.95,0.9,0.91,0.9,0.87,0.88,0.86,0.88,0.87,0.82,0.84,0.92,0.84,0.82,0.85,0.76,0.85,0.71,0.72,0.74,0.78,0.76,0.76,0.66,0.65,0.74,0.68,0.58,0.71,0.65,0.62,0.74,0.68,0.55,0.66,0.68,0.7,0.69,0.53,0.62,0.66,0.57,0.59,0.56
2026-09-03T13:00:00Z,0.47,0.46,0.23,0.38,0.43,0.7,0.67,0.85,0.87,0.83,0.81,0.79,0.94,0.92,0.97,0.96,0.86,0.84,0.73,0.94,0.95,0.96,0.94,0.92,0.93,0.93,0.89,0.9,0.88,0.86,0.84,0.77,0.85,0.88,0.82,0.83,0.79,0.76,0.72,0.71,0.75,0.73,0.83,0.72,0.69,0.73,0.73,0.73,0.66,0.76,0.78,0.54,0.64,0.69,0.54,0.52,0.55,0.67,0.66,0.58,0.65,0.63,0.74,0.6
2026-09-03T14:00:00Z,0.23,0.32,0.27,0.19,0.5,0.71,0.81,0.81,0.87,0.82,0.85,0.78,0.93,0.94,0.95,0.93,0.8,0.7,0.79,0.95,0.97,0.95,0.94,0.9,0.9,0.91,0.92,0.94,0.89,0.93,0.87,0.87,0.86,0.84,0.79,0.79,0.77,0.77,0.72,0.78,0.71,0.83,0.8,0.72,0.69,0.67,0.62,0.52,0.64,0.74,0.68,0.66,0.53,0.47,0.42,0.53,0.55,0.6,0.53,0.52,0.48,0.54,0.53,0.5
2026-09-03T15:00:00Z,0.29,0.14,0.62,0.47,0.44,0.6,0.86,0.81,0.85,0.87,0.8,0.9,0.92,0.9,0.88,0.96,0.89,0.69,0.85,0.95,0.94,0.94,0.94,0.9,0.89,0.92,0.94,0.92,0.91,0.89,0.89,0.86,0.9,0.86,0.75,0.77,0.68,0.78,0.82,0.81,0.67,0.69,0.71,0.62,0.62,0.73,0.72,0.67,0.63,0.65,0.7,0.62,0.6,0.61,0.56,0.52,0.52,0.33,0.59,0.54,0.37,0.44,0.57,0.48
2026-09-03T16:00:00Z,0.35,0.19,0.17,0.25,0.4,0.54,0.59,0.6,0.86,0.6,0.75,0.92,0.9,0.92,0.95,0.96,0.89,0.78,0.74,0.94,0.94,0.92,0.95,0.91,0.94,0.9,0.87,0.88,0.92,0.88,0.91,0.81,0.89,0.85,0.76,0.86,0.83,0.77,0.85,0.82,0.78,0.77,0.71,0.65,0.68,0.74,0.76,0.64,0.58,0.47,0.36,0.27,0.41,0.27,0.11,0.03,0.05,0.14,0.13,0.13,0.11,0.2,0.25,0.38
2026-09-03T17:00:00Z,0.44,0.47,0.17,0.27,0.13,0.52,0.44,0.68,0.88,0.72,0.71,0.75,0.88,0.9,0.95,0.9,0.87,0.81,0.86,0.93,0.94,0.93,0.91,0.88,0.89,0.9,0.9,0.92,0.91,0.9,0.9,0.87,0.84,0.9,0.86,0.69,0.85,0.82,0.78,0.66,0.63,0.65,0.45,0.42,0.52,0.51,0.34,0.5,0.57,0.35,0.36,0.38,0.35,0.26,0.42,0.27,0.26,0.31,0.16,0.22,0.13,0.26,0.48,0.4
2026-09-03T18:00:00Z,0.42,0.4,0.5,0.17,0.38,0.68,0.68,0.79,0.77,0.44,0.77,0.86,0.87,0.88,0.94,0.91,0.88,0.75,0.77,0.95,0.95,0.92,0.89,0.9,0.88,0.91,0.92,0.94,0.88,0.92,0.92,0.91,0.84,0.85,0.85,0.87,0.83,0.83,0.74,0.82,0.76,0.78,0.72,0.71,0.66,0.6,0.66,0.61,0.62,0.54,0.48,0.3,0.31,0.3,0.51,0.52,0.43,0.43,0.46,0.36,0.23,0.2,0.37,0.32
2026-09-03T19:00:00Z,0.55,0.32,0.11,0.64,0.3,0.6,0.79,0.73,0.79,0.89,0.84,0.87,0.85,0.87,0.93,0.93,0.92,0.85,0.86,0.96,0.95,0.93,0.9,0.94,0.91,0.93,0.9,0.93,0.88,0.9,0.84,0.83,0.88,0.88,0.79,0.74,0.84,0.81,0.8,0.74,0.85,0.79,0.79,0.84,0.8,0.7,0.65,0.62,0.72,0.6,0.76,0.7,0.66,0.62,0.68,0.6,0.5,0.6,0.43,0.42,0.52,0.54,0.71,0.52
2026-09-03T20:00:00Z,0.16,0.38,0.29,0.59,0.35,0.6,0.58,0.7,0.88,0.83,0.82,0.88,0.87,0.89,0.86,0.95,0.9,0.8,0.84,0.94,0.92,0.94,0.9,0.92,0.88,0.89,0.89,0.89,0.85,0.9,0.9,0.8,0.81,0.81,0.8,0.84,0.83,0.87,0.85,0.8,0.81,0.74,0.83,0.81,0.78,0.73,0.8,0.78,0.83,0.8,0.74,0.63,0.78,0.8,0.82,0.82,0.8,0.74,0.8,0.83,0.83,0.75,0.73,0.76
2026-09-03T21:00:00Z,0.44,0.25,0.28,0.25,0.4,0.53,0.76,0.64,0.79,0.61,0.75,0.68,0.8,0.83,0.87,0.9,0.87,0.77,0.84,0.91,0.91,0.94,0.93,0.94,0.92,0.91,0.92,0.89,0.91,0.87,0.83,0.86,0.86,0.86,0.78,0.82,0.73,0.78,0.77,0.83,0.75,0.74,0.82,0.83,0.81,0.76,0.83,0.82,0.81,0.78,0.81,0.81,0.8,0.8,0.8,0.77,0.75,0.72,0.82,0.8,0.78,0.79,0.74,0.77
2026-09-03T22:00:00Z,0.48,0.39,0.2,0.62,0.56,0.5,0.64,0.68,0.76,0.77,0.71,0.8,0.85,0.91,0.72,0.93,0.89,0.67,0.73,0.9,0.94,0.95,0.92,0.87,0.85,0.89,0.9,0.87,0.82,0.79,0.85,0.9,0.85,0.86,0.86,0.86,0.78,0.81,0.87,0.84,0.86,0.87,0.85,0.8,0.82,0.92,0.85,0.85,0.85,0.87,0.72,0.8,0.8,0.8,0.79,0.79,0.77,0.77,0.77,0.77,0.73,0.8,0.79,0.75
2026-09-03T23:00:00Z,0.21,0.44,0.37,0.36,0.39,0.62,0.68,0.64,0.75,0.78,0.77,0.76,0.87,0.7,0.8,0.86,0.82,0.78,0.71,0.87,0.91,0.93,0.92,0.91,0.86,0.88,0.86,0.85,0.89,0.9,0.77,0.88,0.8,0.84,0.84,0.87,0.91,0.9,0.86,0.84,0.87,0.82,0.83,0.87,0.85,0.86,0.9,0.79,0.83,0.84,0.79,0.76,0.84,0.83,0.84,0.85,0.84,0.85,0.85,0.82,0.79,0.74,0.82,0.76
2026-09-04T00:00:00Z,0.31,0.28,0.21,0.03,0.74,0.84,0.79,0.68,0.84,0.72,0.88,0.75,0.89,0.85,0.89,0.77,0.84,0.66,0.64,0.87,0.95,0.91,0.92,0.9,0.88,0.86,0.85,0.86,0.85,0.77,0.85,0.82,0.73,0.81,0.86,0.83,0.89,0.89,0.8,0.84,0.79,0.87,0.87,0.74,0.82,0.83,0.84,0.82,0.84,0.75,0.85,0.78,0.77,0.76,0.84,0.84,0.74,0.76,0.85,0.77,0.8,0.78,0.76,0.8
2026-09-04T01:00:00Z,0.44,0.42,0.5,0.18,0.4,0.85,0.85,0.72,0.9,0.79,0.8,0.81,0.83,0.82,0.79,0.92,0.86,0.79,0.76,0.88,0.93,0.94,0.87,0.9,0.84,0.9,0.85,0.87,0.8,0.84,0.87,0.91,0.84,0.9,0.84,0.81,0.85,0.87,0.87,0.74,0.82,0.78,0.75,0.8,0.8,0.76,0.76,0.77,0.85,0.74,0.77,0.66,0.74,0.69,0.63,0.77,0.71,0.73,0.63,0.73,0.76,0.7,0.75,0.74
2026-09-04T02:00:00Z,0.27,0.12,0.37,0.49,0.5,0.78,0.85,0.77,0.85,0.77,0.88,0.89,0.89,0.88,0.73,0.89,0.94,0.85,0.62,0.9,0.91,0.89,0.88,0.85,0.85,0.89,0.88,0.9,0.89,0.89,0.85,0.8,0.88,0.81,0.83,0.79,0.8,0.69,0.8,0.86,0.77,0.71,0.81,0.77,0.71,0.71,0.75,0.74,0.7,0.64,0.64,0.64,0.7,0.78,0.73,0.58,0.62,0.56,0.69,0.72,0.71,0.72,0.61,0.55
2026-09-04T03:00:00Z,0.39,0.51,0.2,0.34,0.67,0.82,0.9,0.84,0.83,0.88,0.76,0.61,0.91,0.93,0.91,0.85,0.85,0.88,0.79,0.86,0.93,0.94,0.93,0.87,0.92,0.89,0.89,0.84,0.85,0.82,0.77,0.77,0.75,0.83,0.7,0.84,0.8,0.8,0.81,0.81,0.71,0.8,0.77,0.72,0.61,0.61,0.64,0.69,0.76,0.63,0.61,0.67,0.5,0.55,0.53,0.64,0.67,0.54,0.56,0.52,0.71,0.69,0.67,0.72
2026-09-04T04:00:00Z,0.55,0.28,0.22,0.4,0.61,0.63,0.89,0.85,0.88,0.85,0.8,0.82,0.91,0.93,0.83,0.8,0.87,0.86,0.72,0.91,0.8,0.9,0.91,0.95,0.92,0.92,0.85,0.85,0.9,0.91,0.92,0.85,0.82,0.85,0.77,0.83,0.83,0.77,0.67,0.82,0.8,0.74,0.65,0.78,0.71,0.73,0.63,0.55,0.6,0.66,0.74,0.59,0.62,0.61,0.65,0.5,0.65,0.52,0.63,0.52,0.5,0.51,0.58,0.56
2026-09-04T05:00:00Z,0.46,0.39,0.08,0.58,0.52,0.65,0.78,0.77,0.87,0.91,0.83,0.86,0.81,0.93,0.91,0.87,0.86,0.86,0.77,0.84,0.93,0.91,0.91,0.89,0.9,0.85,0.9,0.91,0.93,0.9,0.88,0.88,0.84,0.81,0.8,0.82,0.8,0.8,0.73,0.78,0.85,0.71,0.78,0.75,0.7,0.59,0.71,0.67,0.75,0.62,0.68,0.74,0.66,0.55,0.57,0.62,0.64,0.61,0.54,0.58,0.43,0.67,0.49,0.44
2026-09-04T06:00:00Z,0.3,0.14,0.19,0.47,0.39,0.71,0.82,0.9,0.81,0.87,0.82,0.88,0.75,0.88,0.9,0.8,0.89,0.85,0.71,0.85,0.89,0.93,0.91,0.93,0.93,0.95,0.87,0.89,0.93,0.84,0.89,0.88,0.86,0.77,0.85,0.76,0.84,0.81,0.83,0.85,0.8,0.85,0.69,0.7,0.66,0.66,0.68,0.67,0.65,0.77,0.67,0.75,0.66,0.69,0.64,0.51,0.61,0.67,0.58,0.58,0.63,0.52,0.53,0.56
2026-09-04T07:00:00Z,0.66,0.53,0.31,0.28,0.7,0.91,0.9,0.78,0.89,0.9,0.75,0.8,0.9,0.89,0.91,0.95,0.87,0.92,0.79,0.87,0.92,0.92,0.94,0.9,0.9,0.88,0.91,0.86,0.87,0.92,0.86,0.82,0.89,0.82,0.86,0.85,0.88,0.82,0.72,0.77,0.75,0.78,0.77,0.71,0.59,0.76,0.75,0.75,0.65,0.67,0.68,0.45,0.67,0.66,0.59,0.5,0.49,0.59,0.42,0.45,0.46,0.42,0.59,0.32
2026-09-04T08:00:00Z,0.79,0.63,0.62,0.33,0.67,0.87,0.95,0.84,0.89,0.59,0.76,0.88,0.93,0.96,0.87,0.9,0.83,0.85,0.79,0.82,0.91,0.91,0.92,0.92,0.9,0.88,0.93,0.9,0.9,0.88,0.85,0.87,0.85,0.84,0.79,0.82,0.83,0.74,0.84,0.82,0.74,0.72,0.73,0.74,0.75,0.66,0.65,0.68,0.72,0.78,0.69,0.6,0.52,0.62,0.54,0.47,0.6,0.53,0.64,0.65,0.55,0.42,0.53,0.56
2026-09-04T09:00:00Z,0.54,0.42,0.11,0.26,0.76,0.87,0.93,0.88,0.88,0.86,0.92,0.83,0.89,0.9,0.84,0.89,0.65,0.79,0.78,0.85,0.91,0.95,0.93,0.92,0.93,0.91,0.92,0.92,0.88,0.91,0.85,0.85,0.85,0.83,0.81,0.82,0.77,0.85,0.78,0.71,0.67,0.71,0.78,0.8,0.73,0.7,0.61,0.52,0.69,0.69,0.66,0.7,0.63,0.56,0.7,0.63,0.69,0.71,0.67,0.5,0.66,0.59,0.59,0.44
2026-09-04T10:00:00Z,0.53,0.24,0.05,0.59,0.64,0.75,0.9,0.94,0.93,0.93,0.8,0.89,0.83,0.86,0.84,0.78,0.72,0.73,0.75,0.83,0.84,0.94,0.94,0.93,0.91,0.94,0.88,0.89,0.92,0.89,0.9,0.83,0.87,0.8,0.82,0.8,0.82,0.81,0.77,0.86,0.79,0.76,0.68,0.63,0.76,0.83,0.7,0.78,0.71,0.66,0.72,0.67,0.73,0.71,0.54,0.69,0.59,0.64,0.56,0.7,0.63,0.59,0.54,0.63
2026-09-04T11:00:00Z,0.64,0.68,0.53,0.24,0.63,0.91,0.93,0.92,0.88,0.8,0.84,0.8,0.86,0.79,0.91,0.85,0.62,0.72,0.7,0.91,0.92,0.96,0.94,0.96,0.92,0.89,0.91,0.92,0.9,0.92,0.89,0.84,0.86,0.83,0.82,0.81,0.83,0.85,0.85,0.72,0.81,0.77,0.78,0.81,0.84,0.8,0.75,0.72,0.73,0.68,0.67,0.74,0.67,0.6,0.7,0.62,0.62,0.52,0.6,0.82,0.72,0.56,0.68,0.63
2026-09-04T12:00:00Z,0.51,0.55,0.46,0.61,0.58,0.9,0.93,0.9,0.9,0.94,0.86,0.87,0.82,0.81,0.9,0.78,0.77,0.77,0.81,0.93,0.95,0.95,0.94,0.91,0.91,0.93,0.89,0.89,0.85,0.9,0.85,0.87,0.8,0.81,0.78,0.78,0.76,0.86,0.79,0.78,0.67,0.67,0.81,0.73,0.71,0.73,0.65,0.64,0.76,0.71,0.71,0.67,0.7,0.71,0.63,0.79,0.73,0.7,0.7,0.58,0.6,0.67,0.64,0.63
2026-09-04T13:00:00Z,0.8,0.53,0.48,0.25,0.7,0.92,0.91,0.92,0.88,0.9,0.67,0.75,0.88,0.91,0.81,0.81,0.76,0.8,0.78,0.91,0.97,0.95,0.95,0.93,0.91,0.91,0.86,0.89,0.82,0.84,0.87,0.84,0.87,0.88,0.82,0.77,0.81,0.8,0.79,0.84,0.8,0.72,0.85,0.82,0.74,0.75,0.72,0.7,0.73,0.75,0.71,0.74,0.68,0.61,0.63,0.58,0.66,0.68,0.59,0.64,0.58,0.6,0.62,0.56
2026-09-04T14:00:00Z,0.59,0.43,0.49,0.39,0.72,0.91,0.95,0.93,0.83,0.85,0.9,0.83,0.86,0.95,0.87,0.71,0.72,0.71,0.74,0.83,0.95,0.94,0.91,0.88,0.89,0.89,0.88,0.81,0.87,0.9,0.9,0.84,0.86,0.86,0.84,0.86,0.84,0.89,0.8,0.77,0.85,0.8,0.74,0.77,0.72,0.72,0.59,0.67,0.68,0.71,0.66,0.78,0.66,0.68,0.69,0.59,0.59,0.58,0.72,0.74,0.69,0.6,0.56,0.64
2026-09-04T15:00:00Z,0.68,0.57,0.28,0.48,0.57,0.84,0.92,0.93,0.91,0.94,0.82,0.82,0.89,0.85,0.84,0.84,0.79,0.77,0.75,0.85,0.93,0.96,0.96,0.94,0.92,0.9,0.9,0.85,0.9,0.87,0.85,0.85,0.85,0.84,0.78,0.74,0.81,0.85,0.83,0.81,0.77,0.72,0.64,0.71,0.71,0.75,0.62,0.71,0.58,0.71,0.64,0.65,0.68,0.76,0.72,0.65,0.73,0.67,0.64,0.71,0.7,0.68,0.61,0.66
2026-09-04T16:00:00Z,0.61,0.61,0.44,0.43,0.6,0.88,0.92,0.92,0.85,0.82,0.86,0.85,0.82,0.83,0.75,0.8,0.68,0.7,0.66,0.81,0.94,0.96,0.92,0.93,0.95,0.96,0.9,0.87,0.93,0.88,0.89,0.81,0.73,0.84,0.76,0.62,0.67,0.77,0.62,0.76,0.73,0.75,0.71,0.64,0.53,0.61,0.57,0.67,0.54,0.61,0.62,0.64,0.62,0.67,0.64,0.57,0.55,0.53,0.59,0.58,0.52,0.57,0.63,0.62
2026-09-04T17:00:00Z,0.78,0.58,0.35,0.41,0.56,0.81,0.87,0.92,0.89,0.91,0.9,0.89,0.85,0.9,0.86,0.68,0.66,0.75,0.74,0.85,0.96,0.97,0.94,0.92,0.94,0.92,0.92,0.92,0.85,0.85,0.78,0.76,0.83,0.65,0.67,0.73,0.59,0.61,0.67,0.64,0.58,0.57,0.51,0.62,0.47,0.44,0.43,0.31,0.44,0.53,0.54,0.59,0.44,0.4,0.38,0.35,0.29,0.37,0.51,0.51,0.5,0.53,0.47,0.63
2026-09-04T18:00:00Z,0.74,0.56,0.34,0.55,0.45,0.88,0.92,0.91,0.91,0.87,0.82,0.78,0.72,0.8,0.87,0.84,0.71,0.61,0.77,0.77,0.95,0.94,0.94,0.93,0.93,0.89,0.86,0.83,0.87,0.82,0.71,0.73,0.78,0.75,0.68,0.76,0.75,0.73,0.7,0.7,0.63,0.67,0.73,0.61,0.65,0.67,0.54,0.45,0.49,0.38,0.28,0.19,0.18,0.32,0.41,0.21,0.41,0.43,0.42,0.35,0.48,0.42,0.34,0.58
2026-09-04T19:00:00Z,0.5,0.46,0.31,0.35,0.6,0.88,0.95,0.91,0.89,0.79,0.88,0.9,0.8,0.9,0.87,0.87,0.76,0.6,0.64,0.77,0.94,0.96,0.96,0.94,0.94,0.9,0.9,0.88,0.82,0.87,0.76,0.71,0.83,0.84,0.7,0.86,0.89,0.74,0.74,0.67,0.64,0.71,0.57,0.64,0.48,0.52,0.34,0.4,0.46,0.52,0.57,0.5,0.5,0.57,0.45,0.43,0.48,0.41,0.56,0.53,0.39,0.51,0.63,0.47
2026-09-04T20:00:00Z,0.8,0.67,0.45,0.64,0.71,0.88,0.92,0.93,0.91,0.87,0.86,0.91,0.66,0.83,0.83,0.8,0.73,0.66,0.66,0.61,0.9,0.95,0.94,0.93,0.89,0.86,0.9,0.87,0.85,0.84,0.79,0.82,0.78,0.72,0.76,0.86,0.76,0.76,0.52,0.73,0.67,0.63,0.62,0.61,0.61,0.54,0.38,0.46,0.57,0.65,0.53,0.49,0.35,0.47,0.43,0.57,0.38,0.43,0.43,0.34,0.44,0.56,0.61,0.56
2026-09-04T21:00:00Z,0.77,0.61,0.53,0.45,0.63,0.89,0.94,0.91,0.88,0.85,0.9,0.78,0.87,0.85,0.79,0.76,0.69,0.76,0.7,0.75,0.87,0.92,0.95,0.92,0.93,0.89,0.89,0.85,0.9,0.84,0.78,0.72,0.73,0.83,0.8,0.73,0.71,0.8,0.78,0.73,0.74,0.55,0.59,0.56,0.76,0.75,0.66,0.67,0.67,0.46,0.62,0.53,0.67,0.6,0.62,0.72,0.61,0.62,0.61,0.58,0.67,0.67,0.71,0.61
2026-09-04T22:00:00Z,0.78,0.63,0.66,0.57,0.7,0.89,0.94,0.91,0.87,0.86,0.84,0.82,0.66,0.78,0.74,0.58,0.67,0.64,0.79,0.79,0.84,0.9,0.93,0.93,0.91,0.92,0.92,0.91,0.88,0.81,0.79,0.67,0.7,0.75,0.77,0.69,0.61,0.75,0.78,0.7,0.64,0.67,0.64,0.65,0.7,0.67,0.68,0.63,0.65,0.67,0.73,0.58,0.63,0.6,0.78,0.69,0.63,0.82,0.81,0.79,0.72,0.74,0.79,0.82
2026-09-04T23:00:00Z,0.65,0.3,0.5,0.42,0.63,0.87,0.92,0.9,0.95,0.86,0.88,0.76,0.83,0.75,0.9,0.8,0.59,0.58,0.69,0.74,0.77,0.84,0.9,0.88,0.9,0.91,0.89,0.85,0.81,0.71,0.76,0.73,0.62,0.8,0.72,0.74,0.76,0.73,0.75,0.74,0.64,0.75,0.65,0.72,0.72,0.77,0.75,0.56,0.63,0.59,0.61,0.8,0.76,0.78,0.76,0.83,0.81,0.77,0.79,0.82,0.87,0.83,0.81,0.82
2026-09-05T00:00:00Z,0.77,0.55,0.3,0.62,0.58,0.83,0.95,0.93,0.9,0.86,0.81,0.85,0.81,0.66,0.84,0.75,0.56,0.48,0.56,0.78,0.73,0.79,0.83,0.91,0.89,0.9,0.85,0.79,0.79,0.83,0.73,0.53,0.47,0.54,0.64,0.67,0.64,0.63,0.55,0.6,0.65,0.7,0.67,0.56,0.65,0.68,0.57,0.69,0.71,0.78,0.71,0.8,0.79,0.85,0.81,0.78,0.76,0.75,0.81,0.8,0.79,0.76,0.82,0.77
2026-09-05T01:00:00Z,0.7,0.64,0.62,0.51,0.64,0.83,0.93,0.91,0.95,0.85,0.79,0.93,0.74,0.61,0.61,0.71,0.77,0.63,0.56,0.67,0.76,0.8,0.85,0.89,0.83,0.84,0.85,0.84,0.8,0.75,0.68,0.76,0.59,0.67,0.62,0.49,0.65,0.53,0.6,0.68,0.69,0.51,0.57,0.67,0.77,0.68,0.62,0.7,0.77,0.8,0.71,0.7,0.84,0.79,0.77,0.8,0.85,0.77,0.74,0.72,0.78,0.85,0.79,0.83
2026-09-05T02:00:00Z,0.68,0.63,0.59,0.43,0.71,0.84,0.92,0.95,0.89,0.79,0.73,0.69,0.78,0.71,0.52,0.72,0.58,0.57,0.53,0.59,0.71,0.76,0.77,0.8,0.81,0.73,0.74,0.82,0.63,0.71,0.65,0.67,0.63,0.39,0.41,0.61,0.65,0.56,0.61,0.53,0.54,0.61,0.69,0.58,0.56,0.53,0.6,0.72,0.72,0.67,0.73,0.76,0.71,0.63,0.75,0.73,0.7,0.57,0.78,0.8,0.74,0.73,0.86,0.78
2026-09-05T03:00:00Z,0.84,0.74,0.68,0.78,0.85,0.88,0.96,0.94,0.94,0.81,0.75,0.58,0.77,0.82,0.83,0.81,0.58,0.71,0.63,0.69,0.79,0.77,0.9,0.88,0.92,0.85,0.82,0.75,0.85,0.82,0.83,0.82,0.62,0.78,0.53,0.57,0.47,0.27,0.3,0.48,0.52,0.2,0.67,0.57,0.66,0.62,0.49,0.7,0.76,0.71,0.63,0.79,0.71,0.76,0.76,0.66,0.73,0.64,0.56,0.68,0.75,0.63,0.72,0.7
2026-09-05T04:00:00Z,0.8,0.61,0.71,0.78,0.73,0.93,0.96,0.95,0.9,0.82,0.73,0.65,0.61,0.59,0.62,0.78,0.7,0.68,0.69,0.76,0.83,0.88,0.89,0.92,0.92,0.87,0.82,0.84,0.88,0.81,0.76,0.72,0.7,0.65,0.69,0.63,0.68,0.73,0.64,0.73,0.59,0.72,0.72,0.71,0.82,0.74,0.69,0.76,0.72,0.53,0.62,0.7,0.68,0.61,0.56,0.61,0.57,0.5,0.44,0.73,0.68,0.7,0.53,0.6
2026-09-05T05:00:00Z,0.9,0.89,0.65,0.78,0.86,0.92,0.9,0.95,0.92,0.88,0.66,0.62,0.58,0.73,0.52,0.62,0.69,0.56,0.63,0.74,0.83,0.85,0.9,0.83,0.85,0.89,0.88,0.86,0.87,0.88,0.83,0.82,0.76,0.77,0.77,0.68,0.76,0.81,0.66,0.77,0.82,0.8,0.74,0.79,0.76,0.78,0.72,0.7,0.75,0.66,0.57,0.64,0.53,0.4,0.33,0.43,0.37,0.44,0.22,0.16,0.11,0.29,0.4,0.32
2026-09-05T06:00:00Z,0.85,0.79,0.66,0.65,0.76,0.85,0.93,0.93,0.91,0.85,0.53,0.72,0.49,0.74,0.6,0.65,0.49,0.64,0.7,0.77,0.81,0.85,0.9,0.83,0.91,0.89,0.89,0.81,0.89,0.91,0.83,0.83,0.85,0.83,0.82,0.8,0.67,0.76,0.78,0.67,0.82,0.82,0.7,0.74,0.75,0.75,0.64,0.64,0.69,0.58,0.59,0.54,0.44,0.48,0.48,0.5,0.52,0.46,0.54,0.18,0.37,0.46,0.31,0.41
2026-09-05T07:00:00Z,0.83,0.77,0.67,0.79,0.73,0.8,0.92,0.91,0.91,0.75,0.69,0.82,0.55,0.64,0.48,0.22,0.6,0.66,0.72,0.6,0.74,0.82,0.86,0.94,0.93,0.93,0.85,0.91,0.86,0.82,0.83,0.87,0.85,0.87,0.86,0.85,0.81,0.81,0.83,0.82,0.75,0.73,0.69,0.65,0.64,0.73,0.72,0.7,0.69,0.71,0.67,0.47,0.46,0.55,0.51,0.38,0.51,0.43,0.38,0.56,0.58,0.4,0.3,0.48
2026-09-05T08:00:00Z,0.75,0.78,0.6,0.59,0.82,0.69,0.93,0.95,0.92,0.89,0.79,0.75,0.63,0.65,0.72,0.56,0.49,0.49,0.77,0.75,0.73,0.8,0.83,0.92,0.93,0.92,0.91,0.91,0.87,0.87,0.9,0.88,0.92,0.9,0.88,0.89,0.83,0.81,0.83,0.88,0.84,0.75,0.69,0.78,0.69,0.69,0.75,0.61,0.64,0.57,0.52,0.49,0.64,0.56,0.51,0.46,0.45,0.41,0.53,0.4,0.44,0.44,0.34,0.41
2026-09-05T09:00:00Z,0.93,0.85,0.74,0.86,0.82,0.93,0.92,0.91,0.93,0.89,0.81,0.61,0.62,0.66,0.35,0.43,0.47,0.59,0.71,0.79,0.75,0.83,0.8,0.88,0.9,0.91,0.89,0.94,0.94,0.88,0.93,0.9,0.91,0.91,0.85,0.87,0.79,0.86,0.83,0.77,0.8,0.8,0.79,0.69,0.67,0.68,0.64,0.58,0.69,0.5,0.65,0.53,0.48,0.44,0.62,0.52,0.47,0.31,0.41,0.31,0.14,0.29,0.35,0.43
2026-09-05T10:00:00Z,0.89,0.82,0.68,0.54,0.83,0.91,0.97,0.93,0.9,0.91,0.85,0.78,0.7,0.53,0.59,0.49,0.4,0.53,0.58,0.75,0.79,0.79,0.83,0.91,0.86,0.9,0.91,0.89,0.92,0.94,0.91,0.89,0.84,0.88,0.9,0.78,0.8,0.87,0.82,0.74,0.8,0.71,0.66,0.69,0.77,0.71,0.65,0.65,0.54,0.68,0.49,0.59,0.72,0.7,0.51,0.48,0.54,0.54,0.36,0.51,0.56,0.3,0.29,0.43
2026-09-05T11:00:00Z,0.92,0.88,0.64,0.82,0.84,0.92,0.93,0.95,0.91,0.88,0.94,0.79,0.4,0.44,0.42,0.59,0.5,0.52,0.58,0.73,0.82,0.81,0.84,0.89,0.89,0.9,0.86,0.91,0.91,0.89,0.89,0.9,0.85,0.89,0.86,0.86,0.83,0.72,0.7,0.77,0.74,0.78,0.77,0.75,0.84,0.74,0.62,0.76,0.79,0.63,0.55,0.61,0.6,0.64,0.63,0.58,0.6,0.63,0.61,0.53,0.61,0.56,0.43,0.45
2026-09-05T12:00:00Z,0.81,0.62,0.22,0.79,0.77,0.73,0.81,0.89,0.76,0.9,0.9,0.83,0.6,0.7,0.73,0.49,0.58,0.63,0.59,0.65,0.79,0.79,0.71,0.86,0.89,0.88,0.88,0.9,0.91,0.86,0.88,0.85,0.91,0.83,0.78,0.89,0.81,0.79,0.78,0.78,0.72,0.77,0.78,0.78,0.79,0.74,0.71,0.7,0.78,0.72,0.58,0.68,0.74,0.68,0.58,0.51,0.61,0.68,0.42,0.44,0.38,0.48,0.43,0.44
2026-09-05T13:00:00Z,0.78,0.62,0.38,0.37,0.82,0.74,0.88,0.92,0.92,0.93,0.95,0.78,0.66,0.59,0.73,0.62,0.58,0.56,0.63,0.51,0.67,0.73,0.77,0.78,0.79,0.85,0.9,0.85,0.86,0.8,0.71,0.88,0.87,0.84,0.77,0.82,0.73,0.75,0.74,0.7,0.68,0.57,0.78,0.66,0.8,0.7,0.65,0.79,0.72,0.69,0.67,0.63,0.67,0.76,0.65,0.76,0.65,0.67,0.71,0.67,0.65,0.64,0.61,0.44
2026-09-05T14:00:00Z,0.81,0.76,0.55,0.43,0.52,0.84,0.94,0.94,0.87,0.91,0.9,0.9,0.88,0.65,0.69,0.64,0.66,0.67,0.61,0.66,0.66,0.79,0.85,0.8,0.86,0.86,0.88,0.87,0.88,0.84,0.87,0.83,0.76,0.83,0.85,0.82,0.79,0.74,0.72,0.77,0.73,0.67,0.61,0.76,0.66,0.73,0.68,0.67,0.64,0.59,0.69,0.77,0.61,0.7,0.65,0.79,0.71,0.65,0.7,0.77,0.73,0.56,0.62,0.59
2026-09-05T15:00:00Z,0.66,0.44,0.43,0.65,0.81,0.82,0.88,0.84,0.94,0.88,0.96,0.92,0.84,0.77,0.61,0.61,0.62,0.67,0.53,0.58,0.64,0.8,0.75,0.84,0.86,0.86,0.91,0.89,0.87,0.86,0.88,0.87,0.83,0.8,0.67,0.77,0.8,0.71,0.6,0.55,0.67,0.75,0.67,0.67,0.65,0.67,0.63,0.56,0.4,0.41,0.55,0.63,0.64,0.69,0.76,0.68,0.61,0.71,0.64,0.64,0.69,0.53,0.66,0.52
2026-09-05T16:00:00Z,0.79,0.68,0.65,0.59,0.82,0.84,0.89,0.85,0.86,0.9,0.94,0.96,0.91,0.85,0.77,0.62,0.7,0.55,0.41,0.59,0.71,0.71,0.77,0.77,0.85,0.89,0.91,0.88,0.84,0.81,0.8,0.83,0.69,0.66,0.6,0.72,0.77,0.71,0.58,0.65,0.6,0.67,0.55,0.57,0.75,0.48,0.64,0.53,0.63,0.52,0.45,0.5,0.57,0.59,0.57,0.64,0.72,0.7,0.65,0.64,0.54,0.38,0.47,0.41
2026-09-05T17:00:00Z,0.74,0.78,0.65,0.55,0.74,0.85,0.89,0.93,0.95,0.89,0.87,0.97,0.96,0.81,0.74,0.84,0.71,0.64,0.58,0.64,0.7,0.79,0.85,0.79,0.91,0.93,0.93,0.9,0.9,0.91,0.89,0.82,0.82,0.82,0.8,0.74,0.68,0.74,0.68,0.67,0.79,0.72,0.5,0.57,0.52,0.5,0.58,0.73,0.67,0.69,0.43,0.53,0.59,0.72,0.75,0.68,0.68,0.65,0.57,0.72,0.67,0.74,0.67,0.66
2026-09-05T18:00:00Z,0.83,0.74,0.47,0.65,0.65,0.85,0.87,0.91,0.78,0.94,0.91,0.96,0.94,0.92,0.91,0.92,0.86,0.58,0.57,0.54,0.5,0.49,0.32,0.51,0.67,0.77,0.86,0.87,0.84,0.78,0.61,0.7,0.72,0.73,0.77,0.64,0.8,0.79,0.74,0.74,0.67,0.59,0.57,0.5,0.58,0.56,0.64,0.54,0.57,0.61,0.59,0.65,0.63,0.55,0.52,0.49,0.67,0.66,0.52,0.67,0.65,0.74,0.84,0.74
2026-09-05T19:00:00Z,0.76,0.67,0.35,0.64,0.66,0.81,0.91,0.94,0.92,0.88,0.96,0.89,0.91,0.89,0.93,0.96,0.85,0.55,0.53,0.58,0.64,0.64,0.67,0.8,0.83,0.89,0.9,0.85,0.89,0.87,0.9,0.81,0.63,0.79,0.8,0.74,0.69,0.78,0.78,0.71,0.61,0.7,0.58,0.64,0.55,0.59,0.66,0.65,0.66,0.76,0.78,0.8,0.79,0.73,0.79,0.72,0.69,0.71,0.74,0.75,0.78,0.72,0.82,0.73
2026-09-05T20:00:00Z,0.69,0.51,0.51,0.26,0.8,0.91,0.92,0.93,0.96,0.92,0.95,0.93,0.87,0.76,0.87,0.89,0.79,0.69,0.65,0.63,0.48,0.59,0.7,0.76,0.87,0.89,0.84,0.89,0.9,0.91,0.85,0.77,0.84,0.74,0.8,0.78,0.69,0.73,0.56,0.66,0.65,0.52,0.76,0.58,0.69,0.67,0.69,0.67,0.75,0.82,0.83,0.86,0.82,0.84,0.78,0.79,0.83,0.77,0.82,0.82,0.83,0.88,0.74,0.66
2026-09-05T21:00:00Z,0.71,0.68,0.41,0.19,0.67,0.73,0.93,0.93,0.93,0.94,0.91,0.97,0.76,0.93,0.9,0.94,0.8,0.88,0.81,0.56,0.6,0.66,0.37,0.68,0.86,0.87,0.89,0.87,0.83,0.9,0.84,0.87,0.79,0.76,0.75,0.79,0.76,0.72,0.79,0.71,0.71,0.7,0.79,0.79,0.79,0.79,0.69,0.82,0.72,0.81,0.81,0.83,0.78,0.85,0.81,0.79,0.85,0.81,0.75,0.72,0.76,0.81,0.76,0.75
2026-09-05T22:00:00Z,0.69,0.47,0.1,0.44,0.5,0.73,0.88,0.94,0.84,0.93,0.92,0.93,0.9,0.75,0.8,0.85,0.86,0.79,0.64,0.53,0.63,0.57,0.68,0.6,0.65,0.9,0.92,0.88,0.83,0.88,0.88,0.85,0.87,0.84,0.68,0.72,0.75,0.77,0.76,0.7,0.8,0.75,0.68,0.68,0.69,0.74,0.77,0.81,0.79,0.82,0.73,0.81,0.78,0.77,0.79,0.82,0.87,0.72,0.79,0.78,0.82,0.78,0.78,0.72
2026-09-05T23:00:00Z,0.33,0.37,0.44,0.56,0.41,0.68,0.83,0.92,0.86,0.89,0.78,0.92,0.92,0.89,0.73,0.76,0.81,0.82,0.71,0.58,0.56,0.5,0.7,0.76,0.81,0.8,0.87,0.87,0.84,0.84,0.84,0.61,0.78,0.71,0.58,0.55,0.72,0.79,0.61,0.69,0.78,0.71,0.84,0.81,0.85,0.83,0.78,0.8,0.73,0.79,0.84,0.85,0.86,0.77,0.72,0.7,0.79,0.73,0.75,0.77,0.79,0.82,0.8,0.63
2026-09-06T00:00:00Z,0.43,0.35,0.37,0.19,0.73,0.79,0.88,0.91,0.87,0.94,0.91,0.84,0.83,0.83,0.82,0.59,0.82,0.71,0.69,0.72,0.44,0.62,0.6,0.7,0.68,0.77,0.79,0.74,0.88,0.74,0.71,0.72,0.71,0.76,0.81,0.71,0.81,0.75,0.69,0.78,0.84,0.84,0.78,0.77,0.79,0.86,0.87,0.82,0.68,0.71,0.79,0.71,0.77,0.73,0.74,0.72,0.69,0.77,0.81,0.79,0.79,0.87,0.78,0.78
2026-09-06T01:00:00Z,0.53,0.4,0.48,0.52,0.73,0.62,0.8,0.93,0.94,0.87,0.85,0.94,0.84,0.94,0.82,0.91,0.78,0.68,0.65,0.56,0.51,0.62,0.75,0.81,0.66,0.61,0.71,0.76,0.58,0.35,0.42,0.67,0.63,0.5,0.78,0.7,0.75,0.78,0.89,0.84,0.84,0.87,0.82,0.81,0.81,0.84,0.87,0.76,0.8,0.83,0.85,0.79,0.75,0.75,0.72,0.81,0.85,0.76,0.78,0.68,0.77,0.74,0.79,0.74
2026-09-06T02:00:00Z,0.77,0.7,0.45,0.46,0.51,0.89,0.91,0.95,0.86,0.9,0.93,0.91,0.93,0.92,0.81,0.67,0.7,0.67,0.71,0.64,0.57,0.57,0.57,0.73,0.83,0.79,0.71,0.75,0.66,0.74,0.59,0.83,0.67,0.62,0.46,0.71,0.82,0.77,0.78,0.84,0.81,0.7,0.67,0.72,0.74,0.85,0.73,0.79,0.71,0.77,0.74,0.79,0.82,0.86,0.81,0.79,0.78,0.8,0.86,0.79,0.87,0.87,0.8,0.81
2026-09-06T03:00:00Z,0.66,0.66,0.41,0.63,0.69,0.84,0.85,0.97,0.89,0.77,0.82,0.92,0.8,0.86,0.64,0.61,0.72,0.73,0.52,0.58,0.49,0.4,0.59,0.8,0.83,0.8,0.82,0.72,0.74,0.65,0.78,0.7,0.62,0.69,0.77,0.8,0.69,0.79,0.75,0.8,0.79,0.78,0.81,0.82,0.72,0.7,0.77,0.72,0.76,0.77,0.8,0.79,0.84,0.8,0.83,0.79,0.77,0.82,0.82,0.75,0.76,0.77,0.78,0.82
2026-09-06T04:00:00Z,0.56,0.59,0.58,0.37,0.63,0.65,0.87,0.97,0.9,0.9,0.92,0.92,0.91,0.85,0.87,0.83,0.76,0.69,0.65,0.64,0.68,0.62,0.68,0.84,0.78,0.81,0.82,0.85,0.84,0.83,0.86,0.66,0.67,0.62,0.72,0.78,0.75,0.84,0.83,0.78,0.79,0.75,0.73,0.77,0.72,0.79,0.78,0.77,0.75,0.7,0.84,0.68,0.66,0.76,0.83,0.71,0.79,0.81,0.86,0.82,0.8,0.7,0.79,0.78
2026-09-06T05:00:00Z,0.72,0.78,0.54,0.12,0.5,0.75,0.86,0.94,0.87,0.93,0.86,0.93,0.88,0.77,0.89,0.85,0.8,0.64,0.69,0.59,0.65,0.64,0.77,0.82,0.81,0.87,0.85,0.86,0.79,0.79,0.66,0.74,0.78,0.75,0.76,0.65,0.7,0.85,0.74,0.86,0.86,0.84,0.81,0.73,0.8,0.82,0.78,0.86,0.87,0.81,0.8,0.75,0.8,0.79,0.76,0.8,0.7,0.78,0.81,0.72,0.75,0.77,0.7,0.77
2026-09-06T06:00:00Z,0.61,0.45,0.43,0.4,0.66,0.78,0.87,0.87,0.9,0.96,0.95,0.94,0.96,0.86,0.89,0.81,0.7,0.65,0.58,0.51,0.64,0.75,0.81,0.7,0.82,0.86,0.81,0.73,0.82,0.82,0.69,0.82,0.83,0.88,0.82,0.81,0.9,0.87,0.88,0.87,0.9,0.85,0.82,0.77,0.78,0.77,0.67,0.76,0.83,0.83,0.79,0.79,0.77,0.85,0.82,0.8,0.73,0.73,0.75,0.73,0.82,0.84,0.8,0.74
2026-09-06T07:00:00Z,0.72,0.69,0.22,0.26,0.6,0.67,0.82,0.94,0.87,0.94,0.95,0.96,0.97,0.89,0.75,0.87,0.82,0.65,0.62,0.67,0.64,0.62,0.71,0.73,0.8,0.87,0.89,0.89,0.8,0.86,0.86,0.83,0.83,0.83,0.83,0.85,0.84,0.82,0.85,0.86,0.84,0.79,0.74,0.77,0.81,0.67,0.78,0.77,0.84,0.81,0.77,0.7,0.71,0.77,0.76,0.76,0.72,0.78,0.7,0.78,0.74,0.65,0.67,0.63
2026-09-06T08:00:00Z,0.64,0.58,0.68,0.46,0.65,0.81,0.87,0.92,0.92,0.94,0.92,0.96,0.93,0.93,0.88,0.92,0.71,0.63,0.5,0.58,0.5,0.63,0.52,0.77,0.83,0.84,0.88,0.83,0.82,0.83,0.81,0.84,0.76,0.78,0.88,0.93,0.82,0.74,0.77,0.78,0.84,0.84,0.8,0.84,0.75,0.74,0.73,0.79,0.81,0.74,0.77,0.85,0.82,0.75,0.81,0.72,0.71,0.62,0.8,0.7,0.66,0.67,0.67,0.67
2026-09-06T09:00:00Z,0.72,0.58,0.41,0.26,0.62,0.75,0.89,0.95,0.93,0.94,0.9,0.88,0.92,0.93,0.96,0.96,0.87,0.76,0.53,0.44,0.5,0.68,0.53,0.72,0.83,0.82,0.79,0.83,0.82,0.85,0.87,0.89,0.92,0.92,0.9,0.84,0.88,0.85,0.83,0.83,0.82,0.83,0.8,0.85,0.77,0.71,0.8,0.79,0.76,0.79,0.74,0.71,0.78,0.85,0.84,0.78,0.86,0.9,0.81,0.82,0.8,0.78,0.76,0.76
2026-09-06T10:00:00Z,0.59,0.47,0.44,0.57,0.61,0.65,0.82,0.86,0.89,0.9,0.96,0.94,0.91,0.95,0.94,0.85,0.86,0.75,0.71,0.44,0.58,0.65,0.74,0.72,0.73,0.8,0.83,0.82,0.79,0.87,0.91,0.89,0.88,0.83,0.88,0.9,0.85,0.85,0.83,0.87,0.84,0.81,0.81,0.74,0.76,0.81,0.87,0.82,0.84,0.87,0.87,0.87,0.79,0.84,0.82,0.87,0.81,0.84,0.78,0.75,0.79,0.75,0.72,0.75
2026-09-06T11:00:00Z,0.82,0.76,0.38,0.34,0.58,0.73,0.79,0.85,0.84,0.88,0.9,0.9,0.95,0.97,0.88,0.9,0.86,0.73,0.56,0.66,0.58,0.51,0.61,0.65,0.84,0.91,0.91,0.81,0.84,0.85,0.88,0.85,0.93,0.88,0.83,0.8,0.75,0.84,0.88,0.83,0.82,0.83,0.8,0.82,0.78,0.82,0.81,0.83,0.81,0.67,0.73,0.78,0.78,0.76,0.79,0.72,0.73,0.69,0.64,0.68,0.67,0.72,0.76,0.66
2026-09-06T12:00:00Z,0.69,0.51,0.17,0.42,0.52,0.82,0.85,0.93,0.94,0.95,0.95,0.94,0.89,0.88,0.77,0.84,0.84,0.8,0.76,0.67,0.5,0.67,0.7,0.7,0.72,0.78,0.84,0.78,0.83,0.87,0.88,0.88,0.82,0.9,0.9,0.86,0.73,0.77,0.84,0.8,0.8,0.85,0.83,0.85,0.73,0.79,0.8,0.72,0.73,0.77,0.8,0.76,0.71,0.74,0.72,0.68,0.79,0.74,0.81,0.68,0.76,0.71,0.58,0.48
2026-09-06T13:00:00Z,0.42,0.35,0.56,0.25,0.43,0.62,0.86,0.81,0.83,0.86,0.95,0.97,0.92,0.9,0.86,0.95,0.88,0.81,0.79,0.6,0.44,0.55,0.63,0.74,0.68,0.82,0.79,0.85,0.83,0.9,0.81,0.81,0.8,0.81,0.89,0.89,0.83,0.78,0.81,0.79,0.8,0.77,0.79,0.77,0.76,0.81,0.82,0.74,0.76,0.79,0.7,0.75,0.76,0.65,0.76,0.73,0.6,0.62,0.65,0.66,0.75,0.65,0.66,0.76
2026-09-06T14:00:00Z,0.42,0.47,0.33,0.48,0.64,0.76,0.78,0.82,0.91,0.93,0.92,0.9,0.92,0.82,0.94,0.92,0.81,0.77,0.73,0.66,0.6,0.68,0.62,0.77,0.6,0.7,0.8,0.63,0.85,0.85,0.83,0.85,0.83,0.8,0.77,0.82,0.8,0.83,0.72,0.81,0.89,0.88,0.83,0.84,0.84,0.8,0.8,0.8,0.84,0.83,0.71,0.77,0.77,0.78,0.73,0.79,0.8,0.78,0.8,0.72,0.79,0.64,0.72,0.7
2026-09-06T15:00:00Z,0.4,0.16,0.2,0.49,0.36,0.57,0.7,0.7,0.89,0.89,0.94,0.93,0.93,0.96,0.84,0.91,0.88,0.77,0.59,0.42,0.59,0.58,0.64,0.66,0.67,0.71,0.79,0.76,0.84,0.85,0.87,0.86,0.88,0.86,0.86,0.83,0.86,0.83,0.87,0.81,0.87,0.85,0.82,0.81,0.8,0.81,0.81,0.84,0.85,0.85,0.81,0.84,0.82,0.82,0.82,0.82,0.86,0.81,0.8,0.71,0.84,0.83,0.75,0.75
2026-09-06T16:00:00Z,0.26,0.25,0.4,0.28,0.37,0.29,0.8,0.82,0.78,0.87,0.9,0.98,0.96,0.92,0.86,0.85,0.78,0.83,0.75,0.78,0.57,0.53,0.68,0.69,0.68,0.68,0.69,0.69,0.85,0.82,0.89,0.88,0.92,0.9,0.9,0.89,0.89,0.83,0.83,0.89,0.78,0.84,0.85,0.81,0.82,0.81,0.72,0.79,0.83,0.84,0.77,0.76,0.82,0.79,0.78,0.72,0.79,0.79,0.75,0.79,0.76,0.74,0.74,0.72
2026-09-06T17:00:00Z,0.33,0.13,0.36,0.43,0.35,0.59,0.44,0.75,0.84,0.84,0.96,0.93,0.96,0.96,0.94,0.89,0.88,0.86,0.78,0.59,0.49,0.58,0.62,0.69,0.68,0.8,0.79,0.9,0.85,0.85,0.88,0.87,0.88,0.88,0.9,0.91,0.88,0.85,0.75,0.83,0.84,0.81,0.85,0.86,0.82,0.87,0.83,0.81,0.83,0.79,0.84,0.85,0.81,0.73,0.79,0.78,0.73,0.76,0.74,0.77,0.7,0.76,0.73,0.79
2026-09-06T18:00:00Z,0.41,0.27,0.16,0.18,0.04,0.65,0.66,0.93,0.79,0.9,0.81,0.97,0.96,0.97,0.87,0.89,0.89,0.82,0.83,0.76,0.56,0.46,0.63,0.68,0.78,0.8,0.86,0.86,0.91,0.9,0.93,0.86,0.86,0.83,0.83,0.84,0.86,0.85,0.84,0.79,0.88,0.86,0.88,0.82,0.79,0.83,0.74,0.79,0.77,0.74,0.74,0.68,0.78,0.7,0.72,0.79,0.86,0.78,0.76,0.73,0.76,0.69,0.73,0.75
2026-09-06T19:00:00Z,0.34,0.25,0.17,0.27,0.22,0.64,0.53,0.84,0.85,0.85,0.97,0.95,0.95,0.97,0.93,0.93,0.88,0.83,0.78,0.58,0.66,0.7,0.7,0.65,0.77,0.82,0.9,0.91,0.93,0.92,0.93,0.84,0.85,0.87,0.85,0.89,0.84,0.87,0.83,0.85,0.86,0.83,0.78,0.81,0.82,0.83,0.82,0.86,0.75,0.8,0.69,0.81,0.74,0.66,0.73,0.64,0.71,0.73,0.71,0.67,0.69,0.74,0.77,0.54
2026-09-06T20:00:00Z,0.2,0.13,0.29,0.25,0.27,0.34,0.68,0.76,0.8,0.79,0.95,0.93,0.96,0.93,0.87,0.81,0.78,0.75,0.75,0.6,0.63,0.79,0.76,0.89,0.93,0.96,0.96,0.96,0.95,0.95,0.93,0.9,0.89,0.85,0.86,0.88,0.89,0.83,0.81,0.85,0.88,0.85,0.82,0.86,0.78,0.76,0.78,0.76,0.8,0.79,0.76,0.79,0.76,0.73,0.76,0.85,0.76,0.63,0.71,0.71,0.77,0.65,0.65,0.69
2026-09-06T21:00:00Z,0.67,0.43,0.22,0.19,0.22,0.43,0.65,0.86,0.88,0.89,0.95,0.96,0.95,0.92,0.8,0.89,0.88,0.8,0.62,0.51,0.58,0.43,0.67,0.79,0.88,0.91,0.89,0.93,0.92,0.91,0.91,0.83,0.92,0.9,0.9,0.86,0.82,0.86,0.87,0.87,0.88,0.77,0.76,0.85,0.83,0.83,0.83,0.82,0.75,0.69,0.78,0.8,0.74,0.81,0.82,0.72,0.81,0.84,0.83,0.77,0.71,0.67,0.67,0.69
2026-09-06T22:00:00Z,0.47,0.27,0.22,0.51,0.47,0.29,0.66,0.74,0.78,0.83,0.92,0.93,0.91,0.88,0.84,0.87,0.76,0.8,0.78,0.63,0.57,0.53,0.69,0.8,0.9,0.91,0.87,0.91,0.84,0.87,0.89,0.86,0.88,0.86,0.86,0.87,0.91,0.85,0.86,0.83,0.87,0.84,0.81,0.86,0.89,0.79,0.82,0.82,0.74,0.69,0.67,0.77,0.81,0.77,0.7,0.63,0.71,0.67,0.77,0.76,0.74,0.68,0.58,0.72
2026-09-06T23:00:00Z,0.37,0.5,0.58,0.07,0.36,0.25,0.6,0.87,0.86,0.92,0.93,0.97,0.93,0.92,0.93,0.82,0.82,0.73,0.73,0.64,0.68,0.65,0.66,0.84,0.75,0.85,0.92,0.86,0.89,0.91,0.9,0.86,0.89,0.91,0.8,0.81,0.81,0.86,0.88,0.84,0.77,0.8,0.8,0.69,0.81,0.73,0.8,0.72,0.84,0.85,0.74,0.76,0.74,0.71,0.68,0.68,0.76,0.72,0.63,0.7,0.68,0.74,0.67,0.66
2026-09-07T00:00:00Z,0.43,0.54,0.14,0.22,0.04,0.38,0.68,0.8,0.88,0.89,0.9,0.92,0.93,0.9,0.85,0.89,0.75,0.77,0.6,0.69,0.6,0.67,0.68,0.84,0.85,0.9,0.9,0.93,0.92,0.87,0.86,0.86,0.87,0.86,0.85,0.86,0.82,0.81,0.81,0.82,0.81,0.81,0.83,0.82,0.83,0.71,0.69,0.7,0.82,0.73,0.77,0.78,0.71,0.79,0.73,0.81,0.79,0.7,0.77,0.75,0.63,0.66,0.7,0.71
2026-09-07T01:00:00Z,0.25,0.18,0.13,0.26,0.25,0.41,0.59,0.66,0.87,0.86,0.93,0.91,0.95,0.87,0.86,0.73,0.84,0.72,0.66,0.6,0.54,0.66,0.73,0.82,0.88,0.92,0.92,0.92,0.92,0.96,0.96,0.94,0.94,0.92,0.9,0.92,0.85,0.92,0.92,0.86,0.88,0.9,0.88,0.84,0.82,0.8,0.82,0.83,0.84,0.83,0.83,0.85,0.77,0.71,0.61,0.73,0.74,0.79,0.62,0.62,0.63,0.61,0.68,0.59
2026-09-07T02:00:00Z,0.23,0.09,0.34,0.27,0.11,0.26,0.69,0.79,0.88,0.92,0.87,0.87,0.94,0.92,0.85,0.89,0.72,0.77,0.65,0.43,0.53,0.57,0.67,0.82,0.84,0.9,0.92,0.9,0.92,0.95,0.94,0.95,0.95,0.93,0.93,0.91,0.88,0.93,0.9,0.88,0.84,0.84,0.84,0.84,0.86,0.85,0.8,0.84,0.81,0.8,0.77,0.76,0.76,0.77,0.77,0.72,0.63,0.7,0.8,0.69,0.76,0.72,0.7,0.69
2026-09-07T03:00:00Z,0.15,0.3,0.25,0.28,0.41,0.2,0.53,0.89,0.84,0.88,0.91,0.95,0.95,0.85,0.94,0.95,0.89,0.78,0.62,0.58,0.63,0.74,0.76,0.87,0.86,0.89,0.88,0.92,0.89,0.91,0.89,0.92,0.92,0.91,0.95,0.92,0.88,0.82,0.79,0.8,0.91,0.83,0.83,0.84,0.86,0.84,0.86,0.85,0.82,0.75,0.73,0.78,0.82,0.72,0.78,0.73,0.75,0.78,0.65,0.59,0.67,0.66,0.7,0.61
2026-09-07T04:00:00Z,0.48,0.51,0.19,0.42,0.19,0.16,0.74,0.91,0.93,0.85,0.87,0.96,0.94,0.91,0.9,0.89,0.8,0.75,0.71,0.57,0.61,0.73,0.81,0.8,0.89,0.91,0.9,0.91,0.92,0.9,0.88,0.88,0.88,0.91,0.92,0.9,0.86,0.88,0.87,0.86,0.82,0.81,0.9,0.81,0.73,0.76,0.79,0.75,0.79,0.85,0.83,0.71,0.75,0.74,0.75,0.69,0.76,0.78,0.74,0.73,0.75,0.76,0.72,0.7
2026-09-07T05:00:00Z,0.35,0.3,0.02,0.19,0.42,0.55,0.8,0.91,0.93,0.98,0.95,0.92,0.91,0.86,0.76,0.87,0.81,0.79,0.75,0.56,0.64,0.69,0.84,0.87,0.79,0.93,0.86,0.87,0.9,0.88,0.88,0.83,0.84,0.84,0.87,0.81,0.82,0.87,0.88,0.89,0.9,0.84,0.82,0.78,0.8,0.72,0.8,0.8,0.77,0.73,0.8,0.82,0.81,0.78,0.77,0.81,0.79,0.73,0.72,0.81,0.79,0.79,0.71,0.69
2026-09-07T06:00:00Z,0.54,0.58,0.59,0.21,0.18,0.56,0.47,0.9,0.94,0.94,0.92,0.94,0.95,0.89,0.88,0.63,0.87,0.88,0.63,0.59,0.64,0.64,0.89,0.89,0.86,0.89,0.84,0.9,0.9,0.9,0.91,0.87,0.86,0.82,0.86,0.93,0.87,0.91,0.87,0.93,0.87,0.87,0.83,0.88,0.8,0.86,0.79,0.86,0.88,0.76,0.78,0.8,0.76,0.76,0.77,0.71,0.82,0.84,0.72,0.8,0.78,0.75,0.69,0.72
2026-09-07T07:00:00Z,0.41,0.26,0.32,0.26,0.08,0.21,0.69,0.85,0.93,0.93,0.93,0.95,0.89,0.93,0.81,0.67,0.8,0.82,0.74,0.55,0.61,0.62,0.84,0.85,0.89,0.88,0.87,0.87,0.89,0.83,0.79,0.84,0.85,0.83,0.84,0.85,0.87,0.86,0.91,0.91,0.82,0.86,0.87,0.83,0.78,0.89,0.81,0.84,0.79,0.72,0.8,0.77,0.8,0.77,0.71,0.77,0.74,0.77,0.79,0.75,0.72,0.74,0.71,0.67
2026-09-07T08:00:00Z,0.48,0.35,0.16,0.11,0.25,0.28,0.7,0.65,0.92,0.88,0.92,0.92,0.94,0.91,0.92,0.76,0.76,0.69,0.62,0.53,0.62,0.76,0.86,0.8,0.87,0.8,0.83,0.81,0.85,0.88,0.83,0.84,0.9,0.93,0.86,0.87,0.89,0.81,0.83,0.86,0.81,0.89,0.84,0.85,0.92,0.86,0.85,0.77,0.78,0.82,0.83,0.72,0.77,0.79,0.81,0.86,0.7,0.75,0.73,0.74,0.8,0.76,0.66,0.68
2026-09-07T09:00:00Z,0.48,0.59,0.11,0.28,0.24,0.38,0.66,0.85,0.91,0.92,0.93,0.94,0.94,0.93,0.92,0.88,0.83,0.69,0.67,0.5,0.42,0.65,0.85,0.75,0.81,0.87,0.89,0.91,0.86,0.87,0.84,0.85,0.88,0.82,0.89,0.88,0.77,0.9,0.83,0.82,0.8,0.83,0.87,0.8,0.81,0.84,0.78,0.78,0.78,0.72,0.76,0.78,0.7,0.71,0.74,0.67,0.73,0.69,0.75,0.61,0.69,0.64,0.67,0.66
2026-09-07T10:00:00Z,0.47,0.4,0.45,0.21,0.38,0.42,0.83,0.81,0.91,0.96,0.94,0.96,0.95,0.93,0.92,0.85,0.77,0.8,0.62,0.57,0.46,0.65,0.8,0.82,0.87,0.9,0.92,0.94,0.92,0.84,0.88,0.88,0.89,0.84,0.88,0.83,0.78,0.81,0.87,0.8,0.78,0.76,0.75,0.76,0.79,0.77,0.72,0.85,0.79,0.78,0.73,0.73,0.68,0.77,0.81,0.72,0.69,0.67,0.73,0.66,0.6,0.56,0.59,0.48
2026-09-07T11:00:00Z,0.37,0.17,0.2,0.31,0.44,0.5,0.71,0.76,0.9,0.9,0.89,0.9,0.93,0.93,0.89,0.84,0.79,0.72,0.64,0.44,0.59,0.8,0.84,0.81,0.85,0.91,0.92,0.91,0.92,0.94,0.89,0.86,0.84,0.87,0.82,0.8,0.85,0.85,0.83,0.8,0.79,0.83,0.7,0.81,0.8,0.73,0.75,0.75,0.84,0.78,0.85,0.83,0.75,0.71,0.6,0.71,0.74,0.64,0.66,0.67,0.6,0.59,0.5,0.59
2026-09-07T12:00:00Z,0.25,0.37,0.35,0.25,0.42,0.43,0.66,0.75,0.91,0.88,0.79,0.95,0.93,0.92,0.94,0.94,0.82,0.64,0.69,0.55,0.51,0.63,0.75,0.82,0.85,0.86,0.87,0.93,0.93,0.91,0.88,0.9,0.89,0.91,0.88,0.84,0.85,0.67,0.72,0.78,0.86,0.85,0.83,0.81,0.84,0.8,0.82,0.72,0.68,0.72,0.74,0.71,0.65,0.66,0.75,0.7,0.64,0.71,0.71,0.67,0.62,0.52,0.54,0.5
2026-09-07T13:00:00Z,0.43,0.27,0.04,0.45,0.34,0.23,0.45,0.76,0.83,0.82,0.93,0.84,0.92,0.93,0.97,0.93,0.77,0.72,0.56,0.45,0.5,0.71,0.87,0.87,0.86,0.83,0.94,0.92,0.88,0.86,0.85,0.9,0.83,0.85,0.85,0.81,0.84,0.88,0.85,0.76,0.85,0.87,0.76,0.73,0.85,0.74,0.67,0.63,0.72,0.8,0.73,0.67,0.66,0.65,0.6,0.63,0.56,0.6,0.6,0.51,0.51,0.58,0.39,0.53
2026-09-07T14:00:00Z,0.29,0.2,0.12,0.26,0.36,0.44,0.53,0.83,0.92,0.91,0.88,0.87,0.89,0.91,0.92,0.87,0.78,0.72,0.48,0.59,0.61,0.64,0.71,0.79,0.73,0.79,0.84,0.82,0.88,0.9,0.93,0.82,0.84,0.87,0.88,0.86,0.82,0.82,0.83,0.87,0.81,0.82,0.82,0.69,0.78,0.72,0.8,0.8,0.66,0.74,0.71,0.72,0.8,0.8,0.74,0.69,0.67,0.65,0.68,0.73,0.65,0.62,0.54,0.55
2026-09-07T15:00:00Z,0.33,0.37,0.15,0.29,0.11,0.45,0.55,0.87,0.93,0.94,0.79,0.87,0.87,0.94,0.87,0.61,0.73,0.85,0.62,0.55,0.53,0.65,0.8,0.82,0.82,0.87,0.88,0.86,0.87,0.85,0.89,0.78,0.88,0.81,0.71,0.8,0.82,0.84,0.77,0.76,0.74,0.87,0.85,0.85,0.81,0.7,0.78,0.71,0.62,0.68,0.75,0.69,0.67,0.61,0.71,0.7,0.7,0.7,0.72,0.67,0.59,0.69,0.6,0.64
2026-09-07T16:00:00Z,0.4,0.29,0.31,0.1,0.22,0.33,0.72,0.7,0.86,0.91,0.87,0.93,0.94,0.92,0.91,0.88,0.82,0.74,0.67,0.64,0.58,0.58,0.78,0.79,0.85,0.87,0.8,0.91,0.88,0.9,0.85,0.79,0.85,0.83,0.86,0.81,0.77,0.83,0.81,0.81,0.77,0.79,0.68,0.77,0.75,0.78,0.72,0.69,0.73,0.73,0.71,0.64,0.71,0.67,0.65,0.67,0.71,0.63,0.73,0.72,0.59,0.62,0.49,0.42
2026-09-07T17:00:00Z,0.44,0.43,0.03,0.2,0.27,0.68,0.53,0.82,0.86,0.89,0.9,0.91,0.86,0.9,0.91,0.75,0.81,0.75,0.56,0.63,0.55,0.61,0.74,0.86,0.92,0.84,0.84,0.9,0.87,0.87,0.9,0.83,0.83,0.78,0.76,0.87,0.87,0.77,0.75,0.7,0.74,0.79,0.79,0.72,0.72,0.72,0.69,0.69,0.71,0.73,0.62,0.69,0.72,0.57,0.7,0.69,0.65,0.66,0.63,0.66,0.68,0.65,0.61,0.56
2026-09-07T18:00:00Z,0.12,0.27,0.17,0.41,0.59,0.42,0.71,0.83,0.92,0.91,0.88,0.89,0.9,0.9,0.82,0.83,0.82,0.79,0.6,0.58,0.55,0.51,0.74,0.73,0.88,0.88,0.88,0.83,0.9,0.81,0.87,0.85,0.83,0.84,0.87,0.82,0.85,0.84,0.77,0.81,0.7,0.82,0.75,0.77,0.82,0.77,0.81,0.75,0.75,0.75,0.78,0.7,0.78,0.55,0.69,0.65,0.53,0.32,0.55,0.67,0.67,0.63,0.61,0.51
2026-09-07T19:00:00Z,0.35,0.37,0.26,0.07,0.35,0.61,0.67,0.84,0.9,0.86,0.92,0.93,0.94,0.88,0.82,0.88,0.77,0.82,0.64,0.6,0.59,0.5,0.69,0.8,0.8,0.92,0.9,0.89,0.89,0.84,0.79,0.78,0.87,0.79,0.83,0.83,0.86,0.81,0.78,0.72,0.77,0.63,0.76,0.78,0.83,0.85,0.71,0.79,0.72,0.74,0.77,0.76,0.71,0.72,0.68,0.69,0.66,0.71,0.75,0.64,0.77,0.72,0.71,0.62
2026-09-07T20:00:00Z,0.33,0.23,0.13,0.3,0.31,0.55,0.73,0.86,0.91,0.89,0.85,0.91,0.95,0.95,0.94,0.69,0.79,0.79,0.69,0.53,0.57,0.54,0.59,0.79,0.8,0.81,0.86,0.9,0.91,0.92,0.92,0.85,0.82,0.76,0.8,0.7,0.76,0.77,0.84,0.77,0.66,0.79,0.7,0.75,0.75,0.69,0.58,0.77,0.66,0.69,0.7,0.7,0.77,0.66,0.65,0.7,0.56,0.55,0.67,0.75,0.73,0.65,0.62,0.45
2026-09-07T21:00:00Z,0.09,0.15,0.14,0.32,0.22,0.52,0.69,0.84,0.88,0.88,0.92,0.9,0.92,0.85,0.89,0.86,0.81,0.82,0.82,0.64,0.53,0.59,0.68,0.68,0.76,0.85,0.86,0.87,0.86,0.88,0.84,0.87,0.83,0.83,0.8,0.75,0.8,0.81,0.78,0.68,0.75,0.74,0.78,0.76,0.69,0.77,0.72,0.76,0.76,0.7,0.77,0.71,0.68,0.82,0.73,0.75,0.79,0.69,0.72,0.7,0.68,0.71,0.61,0.54
2026-09-07T22:00:00Z,0.4,0.48,0.52,0.45,0.21,0.4,0.48,0.84,0.93,0.88,0.89,0.93,0.92,0.91,0.95,0.81,0.82,0.83,0.65,0.68,0.61,0.6,0.67,0.74,0.82,0.8,0.83,0.85,0.85,0.92,0.89,0.88,0.87,0.86,0.8,0.76,0.79,0.87,0.83,0.77,0.83,0.83,0.78,0.8,0.77,0.78,0.8,0.83,0.82,0.85,0.72,0.76,0.72,0.73,0.83,0.79,0.85,0.74,0.7,0.75,0.7,0.7,0.68,0.65
2026-09-07T23:00:00Z,0.38,0.21,0.22,0.23,0.48,0.26,0.68,0.67,0.92,0.87,0.88,0.91,0.96,0.94,0.9,0.89,0.87,0.79,0.77,0.68,0.68,0.56,0.65,0.75,0.82,0.87,0.9,0.93,0.91,0.9,0.89,0.9,0.88,0.91,0.83,0.9,0.88,0.87,0.83,0.82,0.86,0.84,0.85,0.89,0.86,0.79,0.79,0.82,0.78,0.83,0.87,0.84,0.76,0.79,0.65,0.78,0.77,0.69,0.79,0.53,0.64,0.62,0.61,0.62
2026-09-08T00:00:00Z,0.54,0.43,0.29,0.29,0.19,0.24,0.62,0.78,0.88,0.88,0.88,0.86,0.93,0.96,0.91,0.92,0.89,0.86,0.78,0.75,0.54,0.65,0.51,0.57,0.8,0.82,0.85,0.87,0.88,0.88,0.88,0.88,0.89,0.88,0.89,0.83,0.91,0.84,0.86,0.82,0.85,0.81,0.82,0.83,0.79,0.79,0.82,0.83,0.8,0.83,0.82,0.78,0.86,0.75,0.76,0.72,0.73,0.73,0.79,0.77,0.63,0.67,0.61,0.59
2026-09-08T01:00:00Z,0.48,0.29,0.37,0.31,0.22,0.31,0.24,0.61,0.7,0.85,0.87,0.9,0.95,0.91,0.95,0.82,0.88,0.85,0.79,0.77,0.55,0.58,0.64,0.7,0.79,0.78,0.8,0.85,0.87,0.88,0.92,0.94,0.93,0.88,0.86,0.83,0.86,0.85,0.83,0.84,0.83,0.89,0.83,0.85,0.82,0.79,0.89,0.81,0.77,0.82,0.8,0.8,0.81,0.66,0.77,0.63,0.75,0.69,0.67,0.74,0.67,0.72,0.73,0.61
2026-09-08T02:00:00Z,0.34,0.56,0.09,0.15,0.15,0.53,0.64,0.73,0.88,0.85,0.83,0.93,0.86,0.95,0.96,0.87,0.88,0.84,0.77,0.79,0.65,0.65,0.69,0.77,0.75,0.83,0.76,0.88,0.89,0.89,0.87,0.9,0.86,0.82,0.88,0.85,0.86,0.83,0.86,0.79,0.81,0.78,0.78,0.85,0.81,0.86,0.87,0.66,0.72,0.81,0.74,0.63,0.57,0.69,0.71,0.62,0.63,0.66,0.71,0.65,0.62,0.59,0.5,0.44
2026-09-08T03:00:00Z,0.23,0.23,0.21,0.58,0.23,0.35,0.45,0.63,0.91,0.88,0.93,0.86,0.93,0.91,0.92,0.9,0.9,0.88,0.84,0.8,0.66,0.69,0.63,0.68,0.81,0.86,0.77,0.85,0.85,0.88,0.87,0.89,0.86,0.83,0.79,0.84,0.81,0.79,0.79,0.82,0.8,0.8,0.8,0.8,0.81,0.75,0.76,0.81,0.78,0.7,0.7,0.74,0.74,0.74,0.66,0.74,0.68,0.74,0.68,0.53,0.54,0.56,0.35,0.4
2026-09-08T04:00:00Z,0.14,0.11,0.2,0.33,0.55,0.57,0.38,0.73,0.92,0.87,0.92,0.91,0.94,0.91,0.93,0.91,0.9,0.85,0.84,0.84,0.64,0.66,0.73,0.74,0.76,0.66,0.81,0.86,0.84,0.84,0.76,0.77,0.84,0.81,0.76,0.78,0.71,0.73,0.81,0.82,0.78,0.64,0.65,0.81,0.69,0.63,0.72,0.72,0.64,0.68,0.59,0.63,0.64,0.6,0.65,0.67,0.53,0.62,0.67,0.61,0.54,0.58,0.47,0.5
2026-09-08T05:00:00Z,0.32,0.07,0.1,0.15,0.43,0.38,0.72,0.6,0.87,0.89,0.89,0.88,0.96,0.97,0.93,0.89,0.79,0.72,0.83,0.62,0.55,0.69,0.73,0.74,0.81,0.78,0.9,0.87,0.87,0.9,0.87,0.79,0.83,0.83,0.83,0.82,0.83,0.77,0.79,0.82,0.79,0.77,0.66,0.75,0.7,0.76,0.76,0.75,0.69,0.64,0.56,0.7,0.67,0.72,0.64,0.62,0.68,0.59,0.59,0.55,0.51,0.41,0.46,0.5
2026-09-08T06:00:00Z,0.39,0.46,0.13,0.19,0.4,0.56,0.64,0.57,0.9,0.89,0.88,0.9,0.94,0.95,0.93,0.89,0.74,0.82,0.71,0.65,0.59,0.5,0.68,0.64,0.78,0.84,0.88,0.88,0.78,0.83,0.8,0.82,0.82,0.81,0.73,0.83,0.89,0.79,0.74,0.76,0.82,0.82,0.76,0.83,0.72,0.7,0.68,0.76,0.79,0.7,0.57,0.64,0.58,0.6,0.67,0.57,0.59,0.71,0.71,0.61,0.55,0.56,0.52,0.49
2026-09-08T07:00:00Z,0.06,0.17,0.34,0.15,0.35,0.29,0.74,0.81,0.84,0.92,0.94,0.94,0.84,0.95,0.97,0.89,0.89,0.79,0.75,0.65,0.64,0.52,0.7,0.68,0.6,0.79,0.77,0.77,0.81,0.86,0.79,0.84,0.86,0.76,0.81,0.76,0.83,0.7,0.83,0.7,0.74,0.68,0.78,0.73,0.81,0.81,0.72,0.79,0.79,0.71,0.69,0.57,0.66,0.65,0.52,0.72,0.7,0.78,0.72,0.67,0.72,0.61,0.58,0.58
2026-09-08T08:00:00Z,0.41,0.36,0.35,0.14,0.51,0.57,0.71,0.83,0.9,0.9,0.88,0.8,0.93,0.96,0.92,0.88,0.88,0.85,0.65,0.59,0.64,0.69,0.68,0.68,0.76,0.8,0.76,0.85,0.84,0.75,0.79,0.76,0.78,0.8,0.8,0.7,0.76,0.81,0.82,0.81,0.7,0.69,0.79,0.77,0.74,0.74,0.76,0.64,0.59,0.67,0.73,0.65,0.46,0.68,0.69,0.65,0.64,0.7,0.6,0.61,0.53,0.6,0.49,0.48
2026-09-08T09:00:00Z,0.19,0.19,0.16,0.17,0.52,0.61,0.6,0.78,0.89,0.83,0.74,0.81,0.87,0.91,0.96,0.91,0.88,0.8,0.74,0.74,0.59,0.6,0.73,0.7,0.77,0.78,0.82,0.89,0.76,0.88,0.8,0.82,0.79,0.78,0.87,0.76,0.78,0.8,0.67,0.71,0.82,0.78,0.65,0.64,0.74,0.69,0.69,0.61,0.59,0.63,0.6,0.71,0.65,0.55,0.64,0.58,0.52,0.52,0.54,0.56,0.44,0.53,0.4,0.37
2026-09-08T10:00:00Z,0.18,0.2,0.4,0.26,0.25,0.5,0.71,0.68,0.77,0.85,0.86,0.87,0.86,0.92,0.94,0.91,0.83,0.79,0.75,0.7,0.75,0.73,0.8,0.71,0.88,0.84,0.87,0.85,0.81,0.9,0.9,0.81,0.84,0.8,0.81,0.77,0.76,0.8,0.74,0.77,0.77,0.78,0.64,0.72,0.67,0.68,0.74,0.68,0.73,0.71,0.68,0.71,0.44,0.58,0.65,0.5,0.58,0.62,0.45,0.55,0.54,0.38,0.5,0.55
2026-09-08T11:00:00Z,0.16,0.28,0.37,0.32,0.5,0.47,0.51,0.61,0.85,0.85,0.8,0.9,0.9,0.91,0.9,0.93,0.82,0.84,0.77,0.57,0.54,0.65,0.72,0.74,0.83,0.88,0.84,0.88,0.89,0.89,0.84,0.87,0.86,0.77,0.78,0.71,0.85,0.77,0.76,0.82,0.73,0.77,0.7,0.71,0.79,0.81,0.77,0.7,0.75,0.71,0.59,0.68,0.7,0.57,0.6,0.62,0.61,0.49,0.66,0.52,0.52,0.51,0.35,0.27
2026-09-08T12:00:00Z,0.25,0.26,0.19,0.25,0.25,0.35,0.69,0.78,0.92,0.89,0.87,0.89,0.91,0.9,0.91,0.82,0.86,0.81,0.78,0.7,0.63,0.59,0.84,0.81,0.79,0.79,0.85,0.77,0.89,0.92,0.92,0.83,0.89,0.77,0.8,0.82,0.8,0.73,0.8,0.81,0.7,0.77,0.8,0.81,0.87,0.82,0.78,0.69,0.63,0.67,0.66,0.62,0.66,0.67,0.72,0.77,0.61,0.65,0.66,0.62,0.49,0.5,0.54,0.49
2026-09-08T13:00:00Z,0.41,0.45,0.24,0.36,0.26,0.45,0.73,0.83,0.8,0.89,0.86,0.84,0.89,0.9,0.94,0.92,0.86,0.79,0.79,0.71,0.65,0.61,0.73,0.86,0.88,0.85,0.92,0.89,0.89,0.9,0.9,0.88,0.89,0.82,0.83,0.87,0.83,0.81,0.8,0.76,0.7,0.77,0.81,0.83,0.71,0.67,0.74,0.81,0.67,0.63,0.76,0.74,0.62,0.67,0.58,0.58,0.56,0.55,0.47,0.42,0.55,0.65,0.43,0.4
2026-09-08T14:00:00Z,0.3,0.22,0.34,0.27,0.5,0.34,0.82,0.83,0.92,0.8,0.86,0.88,0.92,0.93,0.9,0.92,0.9,0.83,0.79,0.75,0.54,0.57,0.6,0.91,0.85,0.79,0.89,0.88,0.84,0.88,0.84,0.86,0.82,0.82,0.87,0.81,0.76,0.82,0.8,0.81,0.73,0.65,0.76,0.82,0.79,0.8,0.76,0.62,0.75,0.69,0.72,0.64,0.68,0.66,0.63,0.59,0.6,0.59,0.56,0.51,0.41,0.33,0.32,0.33
2026-09-08T15:00:00Z,0.42,0.32,0.21,0.37,0.43,0.52,0.81,0.82,0.84,0.9,0.81,0.83,0.88,0.92,0.89,0.93,0.9,0.89,0.83,0.7,0.71,0.51,0.63,0.75,0.79,0.9,0.9,0.87,0.82,0.79,0.92,0.87,0.87,0.83,0.85,0.77,0.81,0.82,0.78,0.82,0.83,0.78,0.78,0.7,0.73,0.73,0.65,0.7,0.72,0.51,0.57,0.59,0.63,0.59,0.67,0.48,0.69,0.67,0.44,0.59,0.5,0.49,0.35,0.35
2026-09-08T16:00:00Z,0.52,0.32,0.17,0.44,0.59,0.63,0.82,0.58,0.8,0.85,0.79,0.9,0.85,0.91,0.92,0.91,0.91,0.87,0.79,0.75,0.61,0.61,0.61,0.75,0.83,0.8,0.89,0.77,0.86,0.85,0.85,0.92,0.86,0.9,0.88,0.82,0.85,0.88,0.76,0.82,0.76,0.8,0.7,0.66,0.68,0.74,0.72,0.7,0.63,0.69,0.71,0.69,0.65,0.63,0.65,0.59,0.55,0.63,0.57,0.38,0.42,0.43,0.36,0.33
2026-09-08T17:00:00Z,0.58,0.34,0.37,0.52,0.55,0.64,0.6,0.84,0.86,0.9,0.84,0.84,0.92,0.9,0.94,0.93,0.85,0.83,0.74,0.74,0.74,0.62,0.62,0.71,0.8,0.79,0.84,0.88,0.89,0.92,0.91,0.81,0.88,0.91,0.76,0.85,0.76,0.71,0.78,0.79,0.75,0.75,0.76,0.72,0.75,0.77,0.73,0.69,0.67,0.72,0.74,0.61,0.57,0.62,0.69,0.65,0.67,0.63,0.54,0.55,0.53,0.53,0.47,0.42
2026-09-08T18:00:00Z,0.67,0.43,0.26,0.09,0.48,0.59,0.76,0.78,0.89,0.88,0.84,0.93,0.84,0.93,0.94,0.95,0.86,0.88,0.85,0.64,0.65,0.66,0.67,0.79,0.8,0.77,0.86,0.81,0.8,0.77,0.81,0.86,0.82,0.84,0.84,0.8,0.82,0.78,0.79,0.79,0.65,0.79,0.8,0.77,0.7,0.75,0.77,0.71,0.74,0.79,0.72,0.74,0.7,0.76,0.72,0.71,0.69,0.79,0.74,0.66,0.6,0.67,0.55,0.55
2026-09-08T19:00:00Z,0.44,0.54,0.38,0.19,0.43,0.72,0.84,0.79,0.86,0.89,0.93,0.85,0.89,0.92,0.96,0.91,0.89,0.81,0.71,0.68,0.54,0.63,0.68,0.71,0.8,0.86,0.85,0.8,0.82,0.83,0.88,0.88,0.86,0.88,0.83,0.82,0.8,0.73,0.84,0.82,0.82,0.72,0.62,0.69,0.81,0.78,0.69,0.73,0.84,0.74,0.7,0.79,0.79,0.81,0.78,0.74,0.73,0.75,0.66,0.72,0.76,0.69,0.58,0.46
2026-09-08T20:00:00Z,0.39,0.36,0.3,0.21,0.43,0.42,0.77,0.76,0.81,0.92,0.91,0.84,0.93,0.96,0.89,0.91,0.87,0.86,0.77,0.64,0.72,0.64,0.81,0.8,0.82,0.84,0.78,0.85,0.83,0.76,0.85,0.8,0.85,0.84,0.83,0.85,0.78,0.83,0.79,0.8,0.8,0.8,0.77,0.81,0.82,0.81,0.82,0.67,0.72,0.77,0.73,0.72,0.78,0.8,0.75,0.7,0.66,0.69,0.77,0.71,0.69,0.67,0.49,0.5
2026-09-08T21:00:00Z,0.56,0.46,0.32,0.41,0.49,0.45,0.83,0.8,0.81,0.84,0.83,0.84,0.93,0.92,0.96,0.89,0.93,0.89,0.85,0.79,0.76,0.69,0.8,0.76,0.87,0.76,0.75,0.74,0.87,0.87,0.85,0.9,0.84,0.87,0.88,0.84,0.88,0.87,0.82,0.81,0.78,0.84,0.75,0.73,0.87,0.78,0.81,0.74,0.85,0.79,0.8,0.78,0.77,0.81,0.7,0.76,0.65,0.77,0.71,0.68,0.67,0.62,0.46,0.37
2026-09-08T22:00:00Z,0.47,0.3,0.44,0.43,0.22,0.4,0.74,0.78,0.85,0.92,0.89,0.89,0.85,0.92,0.92,0.93,0.93,0.87,0.72,0.72,0.55,0.64,0.65,0.71,0.74,0.8,0.77,0.78,0.85,0.8,0.83,0.86,0.86,0.89,0.88,0.92,0.93,0.89,0.92,0.93,0.9,0.89,0.86,0.86,0.9,0.85,0.9,0.86,0.86,0.89,0.85,0.8,0.78,0.74,0.7,0.77,0.78,0.66,0.67,0.69,0.65,0.53,0.54,0.54
2026-09-08T23:00:00Z,0.54,0.32,0.04,0.47,0.27,0.44,0.69,0.67,0.75,0.92,0.82,0.87,0.89,0.84,0.86,0.95,0.91,0.9,0.87,0.74,0.66,0.67,0.75,0.59,0.78,0.78,0.89,0.88,0.85,0.79,0.86,0.89,0.92,0.94,0.93,0.91,0.88,0.79,0.85,0.86,0.89,0.84,0.83,0.86,0.88,0.85,0.88,0.85,0.86,0.84,0.82,0.67,0.86,0.74,0.73,0.75,0.78,0.67,0.78,0.72,0.66,0.59,0.61,0.46
2026-09-09T00:00:00Z,0.25,0.26,0.17,0.4,0.38,0.51,0.57,0.57,0.66,0.8,0.93,0.74,0.84,0.89,0.89,0.91,0.91,0.84,0.82,0.72,0.56,0.62,0.69,0.77,0.73,0.83,0.88,0.88,0.91,0.92,0.92,0.89,0.91,0.92,0.91,0.91,0.81,0.79,0.86,0.82,0.78,0.88,0.84,0.83,0.76,0.7,0.73,0.82,0.68,0.77,0.77,0.7,0.72,0.79,0.77,0.66,0.69,0.7,0.53,0.47,0.57,0.44,0.46,0.46
2026-09-09T01:00:00Z,0.42,0.4,0.17,0.04,0.33,0.47,0.59,0.65,0.78,0.84,0.87,0.89,0.84,0.91,0.94,0.89,0.93,0.88,0.79,0.69,0.75,0.78,0.7,0.84,0.81,0.87,0.8,0.84,0.85,0.91,0.91,0.84,0.87,0.84,0.85,0.88,0.89,0.89,0.88,0.77,0.81,0.83,0.82,0.82,0.83,0.79,0.75,0.8,0.74,0.66,0.72,0.71,0.8,0.64,0.78,0.6,0.73,0.7,0.62,0.51,0.47,0.43,0.38,0.31
2026-09-09T02:00:00Z,0.33,0.26,0.22,0.28,0.59,0.39,0.67,0.8,0.72,0.9,0.78,0.81,0.9,0.85,0.92,0.95,0.92,0.9,0.84,0.71,0.66,0.7,0.69,0.8,0.84,0.87,0.85,0.82,0.85,0.85,0.9,0.87,0.84,0.78,0.69,0.79,0.84,0.77,0.79,0.7,0.79,0.76,0.68,0.77,0.78,0.72,0.74,0.71,0.74,0.55,0.55,0.61,0.61,0.57,0.56,0.61,0.56,0.52,0.5,0.44,0.4,0.35,0.31,0.25
2026-09-09T03:00:00Z,0.32,0.27,0.38,0.35,0.11,0.16,0.63,0.73,0.71,0.9,0.88,0.84,0.81,0.92,0.92,0.91,0.89,0.91,0.87,0.72,0.68,0.78,0.78,0.86,0.81,0.83,0.77,0.82,0.82,0.83,0.82,0.84,0.79,0.73,0.74,0.73,0.75,0.76,0.71,0.71,0.7,0.7,0.75,0.77,0.7,0.63,0.7,0.77,0.73,0.53,0.55,0.54,0.5,0.52,0.56,0.56,0.57,0.35,0.38,0.35,0.27,0.26,0.37,0.3
2026-09-09T04:00:00Z,0.38,0.2,0.25,0.09,0.37,0.59,0.53,0.77,0.76,0.78,0.73,0.88,0.89,0.9,0.92,0.95,0.94,0.85,0.87,0.83,0.57,0.64,0.84,0.83,0.84,0.91,0.86,0.85,0.82,0.86,0.83,0.82,0.7,0.76,0.74,0.75,0.8,0.57,0.53,0.58,0.65,0.47,0.6,0.57,0.56,0.64,0.63,0.63,0.59,0.43,0.49,0.54,0.52,0.58,0.56,0.57,0.52,0.4,0.51,0.43,0.41,0.45,0.37,0.27
2026-09-09T05:00:00Z,0.15,0.27,0.11,0.35,0.06,0.07,0.83,0.78,0.58,0.83,0.92,0.81,0.81,0.86,0.88,0.94,0.93,0.94,0.91,0.82,0.75,0.6,0.73,0.85,0.87,0.84,0.88,0.82,0.78,0.78,0.76,0.82,0.78,0.84,0.75,0.77,0.66,0.7,0.7,0.67,0.56,0.56,0.55,0.52,0.7,0.55,0.47,0.56,0.6,0.49,0.5,0.49,0.37,0.42,0.35,0.4,0.55,0.62,0.63,0.51,0.39,0.38,0.41,0.19
2026-09-09T06:00:00Z,0.26,0.23,0.23,0.04,0.4,0.68,0.75,0.82,0.86,0.86,0.9,0.9,0.87,0.91,0.89,0.88,0.94,0.88,0.84,0.76,0.72,0.69,0.69,0.87,0.88,0.85,0.85,0.8,0.83,0.85,0.83,0.84,0.86,0.82,0.73,0.76,0.71,0.71,0.71,0.79,0.66,0.65,0.62,0.6,0.61,0.58,0.41,0.59,0.58,0.51,0.51,0.46,0.46,0.43,0.49,0.45,0.34,0.49,0.29,0.15,0.15,0.21,0.17,0.31
2026-09-09T07:00:00Z,0.27,0.37,0.48,0.27,0.25,0.67,0.78,0.72,0.69,0.87,0.8,0.81,0.87,0.93,0.96,0.95,0.92,0.9,0.87,0.79,0.7,0.79,0.6,0.77,0.85,0.86,0.85,0.79,0.76,0.85,0.82,0.78,0.86,0.87,0.75,0.67,0.72,0.8,0.73,0.75,0.75,0.69,0.59,0.58,0.56,0.58,0.45,0.58,0.28,0.49,0.35,0.47,0.4,0.47,0.53,0.43,0.18,0.51,0.31,0.28,0.4,0.23,0.35,0.4
2026-09-09T08:00:00Z,0.65,0.67,0.53,0.42,0.37,0.6,0.84,0.92,0.88,0.85,0.84,0.85,0.91,0.92,0.93,0.97,0.94,0.92,0.9,0.9,0.78,0.74,0.76,0.83,0.83,0.88,0.83,0.81,0.85,0.86,0.84,0.77,0.79,0.78,0.77,0.76,0.77,0.8,0.76,0.68,0.58,0.54,0.64,0.67,0.6,0.64,0.67,0.65,0.45,0.66,0.58,0.57,0.39,0.23,0.32,0.26,0.32,0.35,0.1,0.27,0.24,0.27,0.05,0.25
2026-09-09T09:00:00Z,0.53,0.2,0.43,0.44,0.73,0.63,0.79,0.81,0.89,0.74,0.92,0.9,0.85,0.79,0.87,0.95,0.92,0.94,0.9,0.88,0.87,0.77,0.74,0.77,0.82,0.82,0.83,0.82,0.81,0.86,0.85,0.83,0.85,0.88,0.86,0.82,0.75,0.71,0.71,0.65,0.64,0.71,0.68,0.66,0.63,0.62,0.58,0.42,0.6,0.58,0.55,0.54,0.49,0.36,0.56,0.52,0.4,0.51,0.29,0.41,0.42,0.27,0.54,0.23
2026-09-09T10:00:00Z,0.15,0.17,0.55,0.21,0.53,0.61,0.84,0.91,0.89,0.92,0.91,0.85,0.82,0.77,0.91,0.92,0.93,0.91,0.88,0.85,0.79,0.76,0.68,0.57,0.72,0.84,0.82,0.82,0.83,0.88,0.9,0.77,0.76,0.73,0.76,0.77,0.76,0.75,0.71,0.67,0.68,0.61,0.54,0.5,0.56,0.71,0.62,0.66,0.67,0.63,0.57,0.65,0.52,0.54,0.31,0.45,0.47,0.35,0.32,0.35,0.07,0.28,0.11,0.17
2026-09-09T11:00:00Z,0.56,0.38,0.28,0.42,0.21,0.69,0.76,0.88,0.77,0.82,0.85,0.87,0.89,0.84,0.95,0.96,0.94,0.87,0.88,0.82,0.85,0.8,0.58,0.69,0.66,0.79,0.76,0.86,0.87,0.87,0.84,0.78,0.84,0.74,0.72,0.77,0.78,0.82,0.76,0.8,0.74,0.72,0.59,0.62,0.63,0.59,0.67,0.65,0.66,0.56,0.58,0.54,0.51,0.62,0.58,0.54,0.53,0.43,0.38,0.42,0.35,0.27,0.07,0.15
2026-09-09T12:00:00Z,0.19,0.27,0.4,0.47,0.14,0.74,0.54,0.87,0.74,0.91,0.84,0.82,0.71,0.81,0.92,0.95,0.93,0.88,0.8,0.84,0.81,0.64,0.74,0.73,0.79,0.82,0.83,0.88,0.87,0.79,0.88,0.84,0.84,0.88,0.86,0.82,0.79,0.75,0.82,0.84,0.67,0.63,0.61,0.64,0.69,0.65,0.52,0.6,0.58,0.45,0.39,0.43,0.5,0.46,0.43,0.37,0.4,0.36,0.28,0.45,0.3,0.34,0.16,0.23
2026-09-09T13:00:00Z,0.47,0.5,0.18,0.16,0.52,0.4,0.61,0.85,0.76,0.8,0.88,0.83,0.85,0.86,0.88,0.91,0.94,0.91,0.87,0.82,0.78,0.77,0.7,0.69,0.7,0.72,0.76,0.85,0.88,0.85,0.9,0.79,0.8,0.81,0.78,0.74,0.79,0.82,0.75,0.72,0.6,0.72,0.76,0.71,0.61,0.71,0.63,0.65,0.67,0.61,0.46,0.56,0.51,0.52,0.58,0.48,0.5,0.54,0.37,0.45,0.36,0.15,0.19,0.23
2026-09-09T14:00:00Z,0.33,0.42,0.28,0.46,0.41,0.73,0.76,0.87,0.82,0.75,0.88,0.84,0.89,0.85,0.84,0.93,0.95,0.89,0.88,0.81,0.82,0.69,0.73,0.67,0.76,0.76,0.83,0.91,0.86,0.88,0.84,0.86,0.81,0.82,0.82,0.85,0.79,0.7,0.8,0.82,0.75,0.7,0.61,0.76,0.72,0.73,0.78,0.73,0.61,0.62,0.69,0.63,0.64,0.68,0.62,0.64,0.55,0.37,0.55,0.56,0.35,0.24,0.39,0.19
2026-09-09T15:00:00Z,0.29,0.37,0.01,0.12,0.23,0.79,0.69,0.89,0.89,0.8,0.85,0.78,0.83,0.84,0.84,0.89,0.93,0.93,0.87,0.8,0.85,0.82,0.72,0.76,0.64,0.69,0.78,0.87,0.87,0.84,0.85,0.82,0.83,0.88,0.9,0.82,0.81,0.62,0.7,0.71,0.78,0.7,0.76,0.75,0.72,0.63,0.64,0.61,0.7,0.77,0.69,0.55,0.41,0.53,0.56,0.73,0.62,0.52,0.54,0.33,0.37,0.19,0.15,0.18
2026-09-09T16:00:00Z,0.53,0.55,0.25,0.28,0.21,0.63,0.79,0.92,0.88,0.69,0.82,0.88,0.85,0.83,0.8,0.91,0.94,0.93,0.91,0.83,0.83,0.72,0.75,0.72,0.76,0.78,0.81,0.79,0.78,0.86,0.84,0.84,0.77,0.78,0.79,0.77,0.7,0.73,0.64,0.56,0.66,0.67,0.71,0.69,0.62,0.56,0.6,0.66,0.51,0.48,0.63,0.62,0.56,0.56,0.57,0.53,0.62,0.41,0.5,0.46,0.38,0.32,0.34,0.38
2026-09-09T17:00:00Z,0.25,0.02,0.37,0.21,0.55,0.71,0.65,0.89,0.72,0.75,0.87,0.86,0.9,0.72,0.84,0.92,0.94,0.92,0.88,0.76,0.75,0.75,0.68,0.64,0.7,0.72,0.79,0.83,0.8,0.76,0.75,0.79,0.74,0.78,0.68,0.59,0.39,0.63,0.74,0.66,0.44,0.59,0.7,0.54,0.63,0.51,0.64,0.56,0.59,0.66,0.4,0.53,0.32,0.3,0.5,0.32,0.28,0.29,0.37,0.46,0.32,0.18,0.18,0.14
2026-09-09T18:00:00Z,0.68,0.53,0.19,0.24,0.33,0.74,0.87,0.93,0.89,0.74,0.83,0.89,0.88,0.83,0.82,0.84,0.9,0.92,0.87,0.76,0.77,0.78,0.65,0.65,0.6,0.82,0.82,0.84,0.9,0.82,0.77,0.76,0.79,0.75,0.71,0.76,0.77,0.66,0.7,0.84,0.79,0.63,0.73,0.67,0.69,0.64,0.67,0.63,0.53,0.4,0.55,0.62,0.55,0.62,0.68,0.55,0.45,0.34,0.38,0.33,0.34,0.3,0.46,0.13
2026-09-09T19:00:00Z,0.45,0.31,0.41,0.53,0.39,0.53,0.83,0.9,0.88,0.84,0.8,0.86,0.88,0.86,0.76,0.86,0.92,0.91,0.85,0.72,0.64,0.56,0.71,0.57,0.67,0.77,0.86,0.79,0.84,0.83,0.78,0.68,0.75,0.79,0.76,0.71,0.73,0.69,0.72,0.65,0.69,0.66,0.57,0.73,0.7,0.77,0.54,0.62,0.6,0.49,0.56,0.47,0.57,0.48,0.38,0.46,0.57,0.59,0.33,0.58,0.45,0.45,0.43,0.44
2026-09-09T20:00:00Z,0.81,0.63,0.25,0.3,0.44,0.87,0.77,0.91,0.88,0.83,0.95,0.91,0.88,0.83,0.77,0.92,0.91,0.88,0.83,0.78,0.69,0.58,0.55,0.38,0.53,0.61,0.6,0.67,0.68,0.75,0.52,0.67,0.71,0.69,0.77,0.78,0.81,0.75,0.71,0.7,0.67,0.66,0.74,0.61,0.7,0.57,0.61,0.7,0.62,0.58,0.61,0.68,0.67,0.75,0.5,0.63,0.55,0.65,0.57,0.61,0.5,0.37,0.28,0.4
2026-09-09T21:00:00Z,0.76,0.62,0.35,0.56,0.61,0.78,0.85,0.89,0.88,0.9,0.91,0.92,0.81,0.89,0.85,0.87,0.91,0.94,0.79,0.84,0.79,0.74,0.67,0.67,0.63,0.64,0.65,0.77,0.79,0.85,0.86,0.87,0.78,0.8,0.71,0.74,0.84,0.62,0.73,0.64,0.62,0.59,0.69,0.65,0.69,0.59,0.57,0.39,0.55,0.63,0.61,0.59,0.52,0.45,0.43,0.49,0.57,0.55,0.35,0.42,0.48,0.49,0.54,0.41
2026-09-09T22:00:00Z,0.59,0.52,0.11,0.45,0.47,0.75,0.77,0.84,0.87,0.89,0.9,0.88,0.88,0.84,0.93,0.88,0.94,0.93,0.87,0.82,0.78,0.63,0.53,0.51,0.6,0.61,0.69,0.76,0.8,0.81,0.75,0.81,0.74,0.84,0.77,0.86,0.79,0.83,0.73,0.76,0.72,0.55,0.65,0.64,0.68,0.47,0.54,0.56,0.56,0.47,0.6,0.46,0.52,0.56,0.47,0.55,0.49,0.51,0.6,0.43,0.59,0.6,0.53,0.4
2026-09-09T23:00:00Z,0.46,0.34,0.56,0.14,0.5,0.85,0.92,0.84,0.9,0.9,0.94,0.87,0.87,0.81,0.68,0.91,0.91,0.88,0.83,0.81,0.78,0.69,0.62,0.67,0.74,0.73,0.7,0.69,0.64,0.75,0.84,0.73,0.72,0.75,0.83,0.83,0.8,0.81,0.83,0.82,0.75,0.67,0.64,0.73,0.67,0.76,0.64,0.62,0.65,0.72,0.67,0.67,0.66,0.49,0.61,0.48,0.54,0.61,0.42,0.47,0.5,0.43,0.27,0.46
2026-09-10T00:00:00Z,0.72,0.4,0.24,0.56,0.62,0.76,0.87,0.86,0.88,0.77,0.92,0.83,0.87,0.87,0.92,0.89,0.94,0.95,0.88,0.87,0.74,0.77,0.76,0.67,0.68,0.7,0.75,0.62,0.69,0.73,0.77,0.76,0.66,0.77,0.76,0.81,0.73,0.77,0.68,0.62,0.71,0.69,0.61,0.6,0.67,0.79,0.66,0.6,0.5,0.7,0.67,0.5,0.46,0.63,0.4,0.43,0.4,0.42,0.61,0.29,0.43,0.37,0.39,0.4
2026-09-10T01:00:00Z,0.7,0.5,0.39,0.44,0.39,0.73,0.75,0.83,0.87,0.71,0.84,0.81,0.83,0.78,0.85,0.88,0.89,0.9,0.92,0.86,0.85,0.71,0.78,0.69,0.64,0.71,0.68,0.76,0.71,0.8,0.82,0.78,0.82,0.8,0.76,0.8,0.76,0.75,0.79,0.67,0.67,0.71,0.65,0.66,0.59,0.5,0.57,0.52,0.42,0.4,0.33,0.4,0.37,0.24,0.24,0.33,0.17,0.58,0.41,0.43,0.32,0.41,0.41,0.25
2026-09-10T02:00:00Z,0.47,0.51,0.54,0.52,0.16,0.78,0.82,0.83,0.84,0.81,0.84,0.89,0.89,0.74,0.82,0.93,0.88,0.89,0.87,0.84,0.84,0.73,0.63,0.63,0.72,0.71,0.7,0.65,0.63,0.75,0.67,0.66,0.79,0.67,0.73,0.82,0.66,0.63,0.39,0.38,0.47,0.49,0.48,0.32,0.41,0.56,0.33,0.47,0.42,0.36,0.32,0.32,0.29,0.39,0.38,0.21,0.41,0.3,0.28,0.3,0.22,0.23,0.12,0.1
2026-09-10T03:00:00Z,0.63,0.5,0.13,0.04,0.69,0.87,0.82,0.91,0.91,0.76,0.92,0.92,0.91,0.81,0.78,0.88,0.9,0.9,0.85,0.89,0.86,0.74,0.63,0.68,0.67,0.81,0.67,0.84,0.68,0.63,0.76,0.77,0.77,0.76,0.8,0.85,0.8,0.8,0.74,0.65,0.52,0.44,0.33,0.32,0.19,0.41,0.44,0.52,0.43,0.36,0.38,0.33,0.42,0.26,0.42,0.28,0.29,0.38,0.43,0.42,0.36,0.32,0.32,0.13
2026-09-10T04:00:00Z,0.58,0.39,0.12,0.29,0.44,0.81,0.88,0.78,0.89,0.79,0.78,0.81,0.9,0.84,0.91,0.87,0.83,0.91,0.93,0.87,0.87,0.87,0.72,0.64,0.62,0.66,0.65,0.77,0.73,0.76,0.63,0.76,0.67,0.76,0.75,0.65,0.73,0.73,0.72,0.68,0.54,0.43,0.41,0.33,0.37,0.42,0.28,0.32,0.32,0.22,0.32,0.32,0.3,0.32,0.29,0.28,0.26,0.22,0.24,0.4,0.5,0.45,0.35,0.35
2026-09-10T05:00:00Z,0.53,0.49,0.61,0.18,0.43,0.82,0.87,0.83,0.85,0.89,0.8,0.81,0.89,0.87,0.83,0.81,0.82,0.87,0.88,0.88,0.85,0.78,0.76,0.62,0.68,0.83,0.66,0.64,0.58,0.71,0.7,0.62,0.61,0.76,0.76,0.72,0.72,0.68,0.69,0.67,0.73,0.59,0.49,0.52,0.59,0.48,0.44,0.45,0.34,0.33,0.37,0.47,0.48,0.44,0.37,0.53,0.53,0.39,0.34,0.45,0.59,0.53,0.42,0.33
2026-09-10T06:00:00Z,0.57,0.14,0.16,0.52,0.78,0.83,0.86,0.89,0.87,0.74,0.87,0.86,0.89,0.78,0.87,0.76,0.81,0.88,0.85,0.86,0.84,0.82,0.71,0.61,0.7,0.79,0.84,0.85,0.79,0.8,0.81,0.72,0.69,0.65,0.67,0.61,0.66,0.65,0.74,0.7,0.67,0.7,0.58,0.33,0.48,0.44,0.21,0.12,0.24,0.19,0.27,0.34,0.38,0.23,0.17,0.23,0.27,0.3,0.35,0.4,0.41,0.49,0.33,0.37
2026-09-10T07:00:00Z,0.39,0.14,0.27,0.5,0.46,0.8,0.93,0.82,0.88,0.82,0.77,0.9,0.83,0.8,0.89,0.85,0.9,0.85,0.88,0.91,0.9,0.87,0.77,0.7,0.58,0.71,0.81,0.8,0.86,0.86,0.89,0.91,0.9,0.9,0.78,0.8,0.83,0.71,0.68,0.72,0.64,0.69,0.52,0.42,0.56,0.35,0.42,0.48,0.34,0.62,0.21,0.28,0.35,0.19,0.35,0.36,0.43,0.24,0.26,0.4,0.38,0.27,0.19,0.23
2026-09-10T08:00:00Z,0.67,0.56,0.66,0.14,0.57,0.78,0.93,0.86,0.79,0.69,0.88,0.75,0.77,0.87,0.87,0.93,0.86,0.89,0.89,0.88,0.8,0.78,0.61,0.63,0.68,0.79,0.74,0.8,0.82,0.86,0.82,0.81,0.81,0.69,0.83,0.63,0.69,0.62,0.63,0.78,0.66,0.63,0.67,0.58,0.27,0.5,0.45,0.47,0.46,0.56,0.44,0.31,0.21,0.23,0.36,0.32,0.5,0.4,0.5,0.34,0.46,0.43,0.35,0.42
2026-09-10T09:00:00Z,0.53,0.52,0.53,0.32,0.37,0.75,0.85,0.81,0.89,0.82,0.78,0.91,0.81,0.85,0.84,0.77,0.85,0.91,0.86,0.84,0.81,0.71,0.8,0.81,0.72,0.69,0.73,0.77,0.83,0.81,0.87,0.81,0.74,0.71,0.78,0.81,0.84,0.8,0.68,0.51,0.59,0.53,0.52,0.69,0.49,0.6,0.54,0.37,0.48,0.38,0.42,0.64,0.44,0.31,0.24,0.3,0.4,0.26,0.31,0.32,0.57,0.46,0.43,0.36
2026-09-10T10:00:00Z,0.8,0.69,0.59,0.31,0.47,0.73,0.93,0.83,0.87,0.8,0.93,0.89,0.77,0.87,0.69,0.8,0.83,0.88,0.89,0.86,0.82,0.81,0.73,0.82,0.67,0.73,0.7,0.74,0.76,0.82,0.76,0.72,0.68,0.75,0.78,0.78,0.74,0.74,0.59,0.68,0.69,0.74,0.68,0.59,0.58,0.43,0.53,0.66,0.52,0.42,0.54,0.55,0.45,0.53,0.53,0.52,0.5,0.55,0.46,0.52,0.57,0.43,0.55,0.51
2026-09-10T11:00:00Z,0.62,0.53,0.39,0.51,0.59,0.69,0.86,0.83,0.88,0.7,0.85,0.9,0.82,0.92,0.78,0.85,0.86,0.89,0.83,0.77,0.81,0.76,0.75,0.68,0.72,0.63,0.6,0.62,0.62,0.75,0.76,0.73,0.75,0.78,0.79,0.72,0.73,0.77,0.72,0.74,0.62,0.43,0.61,0.69,0.57,0.61,0.61,0.61,0.62,0.48,0.49,0.58,0.47,0.56,0.48,0.59,0.77,0.63,0.56,0.47,0.57,0.47,0.34,0.43
2026-09-10T12:00:00Z,0.69,0.51,0.44,0.3,0.59,0.66,0.87,0.84,0.88,0.75,0.79,0.83,0.71,0.87,0.81,0.8,0.82,0.91,0.83,0.81,0.84,0.79,0.86,0.77,0.76,0.68,0.66,0.72,0.62,0.5,0.59,0.76,0.73,0.72,0.78,0.59,0.65,0.69,0.72,0.67,0.75,0.8,0.53,0.56,0.23,0.55,0.5,0.45,0.47,0.48,0.48,0.48,0.66,0.65,0.61,0.51,0.68,0.62,0.64,0.44,0.49,0.44,0.47,0.35
2026-09-10T13:00:00Z,0.71,0.69,0.48,0.48,0.68,0.87,0.91,0.79,0.87,0.64,0.77,0.82,0.88,0.93,0.83,0.79,0.87,0.89,0.91,0.9,0.87,0.74,0.78,0.71,0.69,0.73,0.62,0.63,0.74,0.6,0.7,0.69,0.72,0.7,0.63,0.57,0.56,0.72,0.68,0.6,0.51,0.46,0.5,0.57,0.46,0.51,0.63,0.62,0.64,0.67,0.67,0.46,0.63,0.64,0.37,0.5,0.53,0.55,0.33,0.48,0.45,0.33,0.31,0.3
2026-09-10T14:00:00Z,0.71,0.78,0.56,0.41,0.75,0.8,0.85,0.77,0.87,0.69,0.85,0.82,0.85,0.9,0.82,0.82,0.87,0.87,0.9,0.88,0.9,0.83,0.85,0.76,0.71,0.72,0.72,0.71,0.64,0.69,0.7,0.58,0.73,0.78,0.67,0.69,0.62,0.57,0.59,0.55,0.69,0.71,0.68,0.63,0.56,0.77,0.71,0.53,0.64,0.69,0.61,0.59,0.51,0.71,0.69,0.59,0.61,0.63,0.6,0.63,0.53,0.46,0.38,0.32
2026-09-10T15:00:00Z,0.88,0.75,0.56,0.65,0.41,0.77,0.9,0.84,0.86,0.8,0.82,0.79,0.82,0.91,0.77,0.88,0.82,0.87,0.86,0.94,0.83,0.88,0.87,0.79,0.74,0.74,0.69,0.76,0.56,0.7,0.54,0.38,0.46,0.45,0.4,0.51,0.43,0.41,0.43,0.72,0.51,0.52,0.38,0.42,0.32,0.19,0.11,0.43,0.6,0.46,0.36,0.65,0.59,0.45,0.57,0.49,0.57,0.5,0.53,0.48,0.42,0.39,0.29,0.34
2026-09-10T16:00:00Z,0.7,0.64,0.67,0.37,0.68,0.83,0.86,0.9,0.92,0.83,0.83,0.9,0.87,0.88,0.78,0.86,0.85,0.86,0.87,0.92,0.84,0.87,0.87,0.81,0.77,0.77,0.75,0.86,0.85,0.86,0.85,0.77,0.71,0.72,0.66,0.69,0.71,0.61,0.66,0.71,0.69,0.63,0.6,0.33,0.49,0.62,0.65,0.58,0.55,0.42,0.62,0.64,0.52,0.59,0.41,0.49,0.38,0.25,0.35,0.5,0.57,0.48,0.38,0.41
2026-09-10T17:00:00Z,0.63,0.59,0.29,0.45,0.58,0.67,0.87,0.8,0.84,0.82,0.8,0.72,0.67,0.83,0.67,0.82,0.85,0.88,0.81,0.9,0.87,0.87,0.82,0.84,0.73,0.76,0.67,0.82,0.73,0.75,0.88,0.74,0.76,0.76,0.77,0.72,0.72,0.64,0.75,0.65,0.78,0.77,0.61,0.65,0.65,0.66,0.66,0.72,0.57,0.6,0.5,0.33,0.41,0.45,0.4,0.37,0.52,0.34,0.45,0.41,0.47,0.47,0.41,0.45
2026-09-10T18:00:00Z,0.71,0.61,0.25,0.62,0.44,0.74,0.81,0.77,0.92,0.67,0.76,0.66,0.88,0.85,0.87,0.76,0.84,0.93,0.91,0.88,0.69,0.81,0.75,0.72,0.72,0.74,0.68,0.72,0.74,0.71,0.77,0.79,0.72,0.64,0.74,0.7,0.51,0.64,0.74,0.63,0.68,0.62,0.58,0.56,0.58,0.54,0.43,0.42,0.51,0.35,0.46,0.47,0.47,0.33,0.37,0.4,0.42,0.41,0.37,0.47,0.43,0.34,0.33,0.37
2026-09-10T19:00:00Z,0.75,0.58,0.38,0.55,0.59,0.8,0.84,0.87,0.87,0.71,0.87,0.9,0.84,0.94,0.81,0.91,0.84,0.88,0.9,0.88,0.82,0.79,0.74,0.86,0.7,0.68,0.79,0.73,0.76,0.71,0.76,0.68,0.67,0.61,0.63,0.64,0.63,0.56,0.59,0.52,0.46,0.47,0.62,0.57,0.58,0.74,0.71,0.49,0.62,0.62,0.55,0.53,0.52,0.44,0.46,0.56,0.56,0.52,0.4,0.46,0.41,0.32,0.31,0.49
2026-09-10T20:00:00Z,0.7,0.61,0.48,0.37,0.51,0.76,0.93,0.9,0.85,0.83,0.67,0.79,0.84,0.94,0.84,0.73,0.86,0.87,0.88,0.89,0.82,0.74,0.72,0.73,0.75,0.72,0.73,0.75,0.76,0.78,0.61,0.5,0.56,0.6,0.44,0.49,0.5,0.62,0.54,0.38,0.49,0.45,0.67,0.54,0.58,0.61,0.65,0.45,0.38,0.47,0.48,0.33,0.49,0.27,0.28,0.55,0.55,0.41,0.64,0.49,0.61,0.71,0.75,0.67
2026-09-10T21:00:00Z,0.78,0.53,0.43,0.34,0.68,0.77,0.83,0.91,0.88,0.86,0.84,0.77,0.88,0.92,0.91,0.77,0.76,0.85,0.79,0.85,0.79,0.85,0.74,0.78,0.81,0.83,0.82,0.74,0.76,0.77,0.79,0.84,0.78,0.69,0.46,0.43,0.51,0.54,0.58,0.56,0.47,0.5,0.52,0.47,0.52,0.48,0.5,0.54,0.4,0.48,0.35,0.45,0.53,0.58,0.45,0.51,0.59,0.6,0.71,0.7,0.79,0.71,0.74,0.7
2026-09-10T22:00:00Z,0.62,0.41,0.58,0.47,0.69,0.81,0.89,0.9,0.84,0.67,0.8,0.9,0.82,0.86,0.88,0.82,0.82,0.86,0.91,0.86,0.83,0.82,0.75,0.74,0.66,0.86,0.78,0.81,0.73,0.79,0.86,0.64,0.65,0.59,0.73,0.7,0.65,0.47,0.48,0.51,0.53,0.43,0.52,0.43,0.34,0.41,0.37,0.51,0.47,0.47,0.47,0.43,0.44,0.58,0.52,0.46,0.49,0.53,0.74,0.65,0.77,0.72,0.73,0.72
2026-09-10T23:00:00Z,0.65,0.51,0.5,0.48,0.55,0.75,0.84,0.9,0.81,0.9,0.67,0.82,0.83,0.78,0.81,0.87,0.85,0.81,0.91,0.9,0.87,0.81,0.66,0.74,0.71,0.68,0.76,0.74,0.68,0.67,0.78,0.73,0.64,0.73,0.63,0.75,0.72,0.64,0.6,0.66,0.54,0.48,0.51,0.43,0.3,0.35,0.53,0.62,0.46,0.43,0.49,0.45,0.66,0.71,0.72,0.67,0.52,0.7,0.8,0.74,0.72,0.75,0.68,0.72
2026-09-11T00:00:00Z,0.75,0.61,0.45,0.59,0.46,0.71,0.92,0.9,0.78,0.89,0.81,0.77,0.92,0.86,0.78,0.94,0.88,0.82,0.89,0.88,0.82,0.67,0.72,0.65,0.67,0.71,0.79,0.74,0.81,0.68,0.77,0.77,0.77,0.73,0.6,0.57,0.56,0.67,0.65,0.64,0.61,0.64,0.59,0.62,0.71,0.42,0.44,0.56,0.44,0.34,0.67,0.64,0.46,0.49,0.65,0.62,0.56,0.59,0.67,0.69,0.63,0.73,0.7,0.66
2026-09-11T01:00:00Z,0.77,0.62,0.49,0.74,0.67,0.86,0.91,0.95,0.88,0.89,0.71,0.83,0.82,0.88,0.87,0.85,0.86,0.86,0.85,0.88,0.84,0.72,0.72,0.81,0.74,0.82,0.83,0.79,0.91,0.88,0.79,0.79,0.7,0.68,0.74,0.75,0.67,0.7,0.71,0.68,0.56,0.59,0.59,0.55,0.54,0.46,0.57,0.49,0.58,0.44,0.45,0.52,0.69,0.72,0.64,0.71,0.66,0.65,0.77,0.72,0.67,0.61,0.55,0.64
2026-09-11T02:00:00Z,0.71,0.68,0.53,0.52,0.63,0.75,0.84,0.91,0.91,0.84,0.67,0.83,0.81,0.88,0.87,0.81,0.85,0.77,0.91,0.88,0.79,0.6,0.76,0.81,0.81,0.7,0.84,0.89,0.75,0.68,0.74,0.68,0.71,0.75,0.79,0.66,0.76,0.68,0.71,0.75,0.72,0.61,0.59,0.51,0.55,0.58,0.56,0.58,0.76,0.73,0.65,0.55,0.64,0.42,0.61,0.5,0.67,0.72,0.76,0.64,0.63,0.67,0.62,0.62
2026-09-11T03:00:00Z,0.7,0.63,0.35,0.56,0.67,0.81,0.89,0.92,0.78,0.86,0.8,0.83,0.87,0.85,0.84,0.88,0.73,0.84,0.89,0.88,0.86,0.79,0.66,0.75,0.82,0.82,0.7,0.74,0.78,0.82,0.83,0.87,0.78,0.71,0.79,0.75,0.71,0.71,0.72,0.79,0.8,0.7,0.58,0.64,0.74,0.74,0.64,0.69,0.57,0.6,0.56,0.47,0.68,0.66,0.7,0.6,0.72,0.71,0.68,0.77,0.66,0.68,0.61,0.63
2026-09-11T04:00:00Z,0.7,0.66,0.44,0.53,0.78,0.75,0.86,0.85,0.77,0.92,0.81,0.7,0.7,0.85,0.9,0.84,0.75,0.79,0.84,0.87,0.8,0.73,0.66,0.77,0.71,0.68,0.67,0.83,0.77,0.64,0.71,0.7,0.77,0.69,0.69,0.76,0.8,0.77,0.79,0.73,0.67,0.69,0.75,0.65,0.78,0.7,0.63,0.52,0.64,0.59,0.66,0.72,0.66,0.72,0.7,0.68,0.64,0.66,0.64,0.76,0.68,0.54,0.67,0.59
2026-09-11T05:00:00Z,0.75,0.63,0.38,0.2,0.73,0.9,0.92,0.87,0.89,0.9,0.71,0.81,0.84,0.84,0.89,0.66,0.69,0.71,0.84,0.91,0.82,0.78,0.74,0.76,0.7,0.76,0.78,0.82,0.73,0.74,0.63,0.67,0.62,0.7,0.75,0.78,0.79,0.76,0.7,0.79,0.72,0.73,0.74,0.6,0.77,0.76,0.58,0.65,0.68,0.63,0.57,0.67,0.7,0.65,0.65,0.55,0.54,0.67,0.67,0.65,0.62,0.6,0.67,0.71
2026-09-11T06:00:00Z,0.58,0.55,0.54,0.67,0.53,0.73,0.89,0.89,0.87,0.9,0.8,0.79,0.76,0.77,0.79,0.79,0.75,0.71,0.82,0.9,0.91,0.84,0.67,0.74,0.73,0.78,0.82,0.77,0.77,0.71,0.59,0.7,0.78,0.75,0.74,0.75,0.61,0.6,0.7,0.75,0.6,0.61,0.67,0.69,0.55,0.62,0.67,0.38,0.6,0.61,0.63,0.69,0.58,0.49,0.61,0.52,0.59,0.66,0.57,0.58,0.57,0.71,0.64,0.53
2026-09-11T07:00:00Z,0.45,0.46,0.24,0.31,0.44,0.44,0.67,0.73,0.86,0.86,0.72,0.76,0.76,0.84,0.89,0.78,0.76,0.66,0.78,0.88,0.89,0.77,0.68,0.75,0.71,0.72,0.71,0.72,0.73,0.68,0.79,0.59,0.8,0.63,0.75,0.69,0.64,0.6,0.62,0.57,0.41,0.58,0.54,0.4,0.43,0.52,0.46,0.41,0.46,0.4,0.46,0.46,0.48,0.58,0.47,0.53,0.51,0.67,0.49,0.52,0.53,0.53,0.62,0.59
2026-09-11T08:00:00Z,0.88,0.8,0.59,0.46,0.75,0.77,0.89,0.84,0.93,0.92,0.86,0.81,0.89,0.86,0.9,0.9,0.73,0.72,0.77,0.75,0.81,0.76,0.72,0.63,0.59,0.8,0.82,0.75,0.74,0.66,0.58,0.7,0.75,0.62,0.47,0.72,0.61,0.47,0.51,0.51,0.55,0.32,0.36,0.29,0.37,0.21,0.23,0.23,0.2,0.36,0.19,0.46,0.45,0.43,0.34,0.5,0.41,0.56,0.43,0.57,0.54,0.55,0.56,0.6
2026-09-11T09:00:00Z,0.72,0.65,0.41,0.35,0.73,0.73,0.73,0.89,0.89,0.91,0.86,0.84,0.77,0.83,0.84,0.76,0.79,0.82,0.84,0.81,0.84,0.89,0.82,0.72,0.73,0.85,0.85,0.75,0.78,0.76,0.72,0.74,0.66,0.77,0.72,0.66,0.63,0.65,0.64,0.57,0.39,0.52,0.58,0.54,0.35,0.3,0.49,0.44,0.49,0.41,0.45,0.45,0.43,0.42,0.41,0.54,0.5,0.48,0.3,0.48,0.62,0.54,0.63,0.68
2026-09-11T10:00:00Z,0.76,0.64,0.26,0.37,0.64,0.6,0.83,0.89,0.91,0.87,0.83,0.76,0.79,0.82,0.79,0.89,0.71,0.81,0.7,0.83,0.86,0.77,0.85,0.86,0.86,0.86,0.86,0.85,0.81,0.8,0.72,0.69,0.64,0.69,0.75,0.78,0.7,0.58,0.62,0.66,0.67,0.68,0.5,0.49,0.48,0.39,0.45,0.49,0.47,0.45,0.6,0.43,0.5,0.51,0.43,0.49,0.53,0.63,0.57,0.54,0.63,0.62,0.69,0.69
2026-09-11T11:00:00Z,0.66,0.56,0.2,0.25,0.49,0.82,0.86,0.9,0.95,0.84,0.89,0.73,0.87,0.91,0.89,0.81,0.69,0.65,0.83,0.74,0.76,0.79,0.82,0.82,0.77,0.77,0.81,0.8,0.82,0.77,0.76,0.75,0.72,0.78,0.76,0.74,0.69,0.65,0.64,0.69,0.72,0.61,0.53,0.46,0.58,0.51,0.57,0.65,0.42,0.37,0.38,0.5,0.52,0.58,0.67,0.63,0.56,0.69,0.75,0.59,0.67,0.74,0.75,0.76
2026-09-11T12:00:00Z,0.56,0.41,0.33,0.49,0.41,0.82,0.76,0.92,0.89,0.93,0.66,0.74,0.85,0.73,0.65,0.9,0.77,0.73,0.72,0.79,0.8,0.81,0.85,0.79,0.78,0.78,0.84,0.83,0.79,0.72,0.74,0.69,0.77,0.77,0.64,0.67,0.56,0.58,0.71,0.68,0.6,0.56,0.41,0.48,0.46,0.4,0.47,0.61,0.53,0.43,0.51,0.51,0.59,0.45,0.59,0.65,0.66,0.64,0.7,0.77,0.72,0.69,0.57,0.67
2026-09-11T13:00:00Z,0.27,0.1,0.14,0.53,0.65,0.45,0.77,0.88,0.93,0.91,0.71,0.67,0.59,0.8,0.85,0.76,0.72,0.73,0.76,0.81,0.78,0.75,0.85,0.74,0.79,0.79,0.83,0.8,0.82,0.79,0.81,0.71,0.71,0.68,0.74,0.72,0.69,0.58,0.67,0.63,0.63,0.57,0.49,0.46,0.53,0.58,0.55,0.65,0.71,0.73,0.72,0.71,0.74,0.76,0.83,0.79,0.78,0.78,0.72,0.79,0.8,0.79,0.78,0.77
2026-09-11T14:00:00Z,0.68,0.41,0.33,0.13,0.24,0.72,0.82,0.9,0.91,0.89,0.77,0.62,0.75,0.64,0.82,0.7,0.74,0.68,0.7,0.72,0.79,0.8,0.82,0.79,0.71,0.67,0.71,0.82,0.78,0.75,0.77,0.72,0.6,0.7,0.79,0.68,0.53,0.53,0.42,0.54,0.43,0.52,0.53,0.47,0.71,0.73,0.8,0.74,0.78,0.88,0.89,0.93,0.86,0.86,0.85,0.82,0.8,0.82,0.81,0.82,0.79,0.74,0.67,0.74
2026-09-11T15:00:00Z,0.69,0.52,0.23,0.07,0.43,0.67,0.61,0.89,0.87,0.83,0.88,0.69,0.61,0.78,0.78,0.8,0.76,0.77,0.66,0.69,0.75,0.79,0.84,0.72,0.79,0.84,0.84,0.81,0.8,0.81,0.69,0.77,0.72,0.57,0.6,0.49,0.41,0.53,0.5,0.76,0.8,0.69,0.76,0.86,0.89,0.88,0.88,0.87,0.8,0.77,0.89,0.91,0.84,0.76,0.79,0.86,0.73,0.81,0.8,0.75,0.7,0.8,0.8,0.79
2026-09-11T16:00:00Z,0.43,0.39,0.21,0.22,0.44,0.34,0.66,0.85,0.86,0.89,0.7,0.68,0.59,0.75,0.63,0.78,0.67,0.65,0.7,0.71,0.78,0.87,0.88,0.85,0.87,0.82,0.74,0.82,0.82,0.8,0.71,0.76,0.56,0.55,0.61,0.41,0.4,0.53,0.78,0.79,0.77,0.76,0.79,0.87,0.81,0.84,0.87,0.85,0.85,0.82,0.82,0.82,0.79,0.76,0.84,0.86,0.83,0.77,0.72,0.77,0.81,0.73,0.8,0.75
2026-09-11T17:00:00Z,0.53,0.5,0.21,0.21,0.42,0.46,0.64,0.91,0.9,0.91,0.73,0.75,0.77,0.64,0.64,0.68,0.53,0.58,0.63,0.81,0.75,0.75,0.82,0.85,0.83,0.84,0.81,0.86,0.82,0.77,0.66,0.63,0.4,0.49,0.39,0.46,0.41,0.66,0.65,0.72,0.68,0.73,0.79,0.84,0.77,0.84,0.74,0.77,0.83,0.8,0.76,0.82,0.84,0.82,0.81,0.84,0.76,0.81,0.81,0.76,0.78,0.78,0.73,0.69
2026-09-11T18:00:00Z,0.02,0.09,0.41,0.28,0.35,0.4,0.6,0.83,0.83,0.91,0.9,0.71,0.56,0.79,0.77,0.65,0.74,0.62,0.51,0.77,0.85,0.83,0.89,0.88,0.85,0.87,0.82,0.83,0.84,0.8,0.73,0.68,0.62,0.46,0.5,0.63,0.64,0.65,0.82,0.75,0.75,0.81,0.86,0.77,0.8,0.84,0.82,0.85,0.8,0.81,0.87,0.8,0.82,0.82,0.82,0.82,0.81,0.77,0.82,0.85,0.81,0.76,0.78,0.82
2026-09-11T19:00:00Z,0.45,0.47,0.41,0.21,0.5,0.8,0.83,0.83,0.91,0.87,0.78,0.65,0.67,0.81,0.78,0.7,0.66,0.61,0.71,0.76,0.8,0.81,0.83,0.83,0.82,0.83,0.86,0.82,0.82,0.84,0.79,0.73,0.64,0.59,0.44,0.54,0.5,0.54,0.48,0.69,0.76,0.67,0.77,0.73,0.76,0.75,0.85,0.8,0.78,0.85,0.85,0.77,0.84,0.82,0.71,0.72,0.81,0.79,0.79,0.79,0.81,0.75,0.8,0.71
2026-09-11T20:00:00Z,0.32,0.4,0.53,0.28,0.11,0.45,0.63,0.87,0.95,0.9,0.61,0.86,0.71,0.66,0.62,0.54,0.64,0.71,0.8,0.84,0.73,0.83,0.92,0.87,0.84,0.81,0.84,0.9,0.86,0.89,0.69,0.81,0.66,0.64,0.58,0.47,0.54,0.45,0.54,0.63,0.62,0.75,0.71,0.77,0.75,0.73,0.75,0.72,0.75,0.82,0.84,0.65,0.79,0.73,0.66,0.76,0.78,0.77,0.77,0.73,0.67,0.74,0.65,0.73
2026-09-11T21:00:00Z,0.49,0.36,0.22,0.24,0.27,0.78,0.77,0.89,0.94,0.9,0.84,0.7,0.63,0.58,0.57,0.58,0.65,0.69,0.77,0.87,0.84,0.85,0.87,0.76,0.82,0.83,0.83,0.87,0.85,0.84,0.78,0.83,0.66,0.74,0.7,0.6,0.58,0.51,0.58,0.68,0.56,0.62,0.6,0.72,0.68,0.47,0.65,0.63,0.69,0.63,0.63,0.71,0.68,0.64,0.74,0.71,0.68,0.63,0.69,0.75,0.82,0.77,0.81,0.7
2026-09-11T22:00:00Z,0.53,0.48,0.36,0.48,0.28,0.56,0.71,0.86,0.91,0.87,0.85,0.81,0.71,0.77,0.48,0.82,0.74,0.64,0.61,0.78,0.79,0.91,0.86,0.83,0.9,0.87,0.91,0.89,0.88,0.88,0.92,0.83,0.72,0.67,0.59,0.55,0.44,0.53,0.45,0.57,0.66,0.58,0.58,0.69,0.64,0.52,0.55,0.69,0.63,0.62,0.59,0.62,0.59,0.74,0.7,0.71,0.77,0.72,0.71,0.74,0.68,0.78,0.64,0.73
2026-09-11T23:00:00Z,0.27,0.35,0.14,0.18,0.39,0.42,0.73,0.8,0.9,0.86,0.84,0.78,0.68,0.75,0.59,0.74,0.54,0.56,0.82,0.85,0.84,0.77,0.92,0.88,0.87,0.85,0.87,0.87,0.81,0.86,0.87,0.74,0.74,0.73,0.62,0.52,0.64,0.47,0.52,0.56,0.45,0.44,0.38,0.31,0.43,0.43,0.58,0.61,0.64,0.54,0.65,0.65,0.62,0.75,0.72,0.67,0.71,0.63,0.56,0.74,0.75,0.73,0.7,0.65
2026-09-12T00:00:00Z,0.34,0.24,0.44,0.29,0.5,0.68,0.85,0.85,0.8,0.86,0.85,0.6,0.73,0.57,0.79,0.68,0.58,0.7,0.67,0.85,0.76,0.86,0.87,0.79,0.82,0.89,0.86,0.87,0.77,0.86,0.85,0.81,0.71,0.58,0.51,0.52,0.5,0.59,0.48,0.41,0.58,0.47,0.49,0.42,0.46,0.56,0.38,0.57,0.44,0.43,0.46,0.52,0.52,0.55,0.61,0.46,0.53,0.66,0.62,0.67,0.65,0.67,0.76,0.79
2026-09-12T01:00:00Z,0.6,0.56,0.3,0.18,0.44,0.61,0.8,0.9,0.9,0.9,0.8,0.71,0.7,0.62,0.55,0.84,0.68,0.62,0.72,0.85,0.88,0.82,0.89,0.82,0.75,0.84,0.84,0.81,0.82,0.81,0.85,0.85,0.82,0.77,0.62,0.68,0.59,0.38,0.46,0.44,0.52,0.53,0.42,0.47,0.53,0.52,0.54,0.32,0.51,0.52,0.47,0.45,0.64,0.43,0.49,0.49,0.46,0.56,0.5,0.54,0.59,0.39,0.59,0.64
2026-09-12T02:00:00Z,0.43,0.37,0.29,0.33,0.25,0.67,0.73,0.89,0.85,0.9,0.69,0.67,0.7,0.65,0.45,0.79,0.73,0.69,0.72,0.86,0.87,0.85,0.85,0.85,0.87,0.81,0.75,0.85,0.89,0.79,0.71,0.66,0.66,0.61,0.66,0.69,0.56,0.54,0.31,0.42,0.41,0.48,0.49,0.47,0.46,0.5,0.47,0.49,0.54,0.43,0.46,0.53,0.43,0.49,0.62,0.47,0.65,0.56,0.47,0.67,0.66,0.5,0.34,0.53
2026-09-12T03:00:00Z,0.8,0.65,0.46,0.52,0.48,0.69,0.83,0.88,0.79,0.86,0.75,0.66,0.57,0.65,0.59,0.74,0.59,0.53,0.73,0.79,0.87,0.89,0.89,0.87,0.83,0.84,0.76,0.84,0.85,0.81,0.77,0.8,0.81,0.74,0.68,0.73,0.67,0.46,0.49,0.5,0.47,0.51,0.51,0.53,0.46,0.53,0.52,0.38,0.64,0.56,0.63,0.55,0.56,0.45,0.52,0.51,0.44,0.48,0.42,0.41,0.34,0.53,0.52,0.53
2026-09-12T04:00:00Z,0.81,0.7,0.27,0.4,0.31,0.74,0.76,0.84,0.83,0.91,0.84,0.65,0.62,0.62,0.61,0.63,0.65,0.41,0.58,0.82,0.81,0.78,0.78,0.72,0.73,0.74,0.79,0.72,0.66,0.8,0.69,0.63,0.6,0.68,0.73,0.56,0.55,0.64,0.38,0.31,0.4,0.47,0.6,0.48,0.54,0.38,0.4,0.39,0.5,0.38,0.46,0.49,0.24,0.56,0.52,0.58,0.56,0.62,0.53,0.46,0.63,0.57,0.58,0.56
2026-09-12T05:00:00Z,0.75,0.61,0.47,0.25,0.41,0.8,0.89,0.93,0.9,0.92,0.93,0.7,0.74,0.49,0.76,0.7,0.58,0.55,0.68,0.76,0.78,0.79,0.7,0.78,0.86,0.84,0.77,0.8,0.74,0.79,0.79,0.81,0.75,0.79,0.68,0.71,0.64,0.64,0.59,0.57,0.4,0.53,0.68,0.52,0.6,0.47,0.41,0.56,0.62,0.61,0.55,0.62,0.49,0.56,0.63,0.58,0.61,0.5,0.62,0.62,0.54,0.44,0.48,0.48
2026-09-12T06:00:00Z,0.71,0.26,0.3,0.25,0.32,0.69,0.81,0.81,0.89,0.89,0.79,0.45,0.78,0.81,0.76,0.62,0.68,0.62,0.59,0.86,0.85,0.81,0.87,0.85,0.78,0.85,0.91,0.84,0.86,0.76,0.77,0.81,0.83,0.77,0.79,0.7,0.76,0.79,0.65,0.64,0.71,0.62,0.66,0.72,0.7,0.7,0.69,0.62,0.63,0.66,0.58,0.59,0.75,0.78,0.63,0.54,0.59,0.6,0.44,0.59,0.63,0.63,0.66,0.65
2026-09-12T07:00:00Z,0.42,0.18,0.21,0.41,0.42,0.63,0.77,0.88,0.86,0.92,0.91,0.86,0.68,0.82,0.74,0.58,0.65,0.66,0.58,0.84,0.86,0.82,0.83,0.8,0.85,0.88,0.81,0.86,0.82,0.74,0.76,0.84,0.84,0.83,0.79,0.82,0.7,0.75,0.78,0.8,0.73,0.81,0.67,0.65,0.77,0.7,0.6,0.67,0.65,0.65,0.73,0.66,0.61,0.6,0.63,0.59,0.54,0.63,0.58,0.58,0.59,0.7,0.69,0.71
2026-09-12T08:00:00Z,0.64,0.49,0.3,0.54,0.49,0.61,0.59,0.8,0.91,0.89,0.84,0.79,0.63,0.62,0.64,0.55,0.6,0.68,0.83,0.85,0.85,0.87,0.88,0.91,0.87,0.79,0.76,0.82,0.81,0.85,0.84,0.82,0.8,0.81,0.8,0.81,0.78,0.77,0.76,0.72,0.81,0.7,0.67,0.64,0.68,0.74,0.66,0.59,0.71,0.61,0.62,0.63,0.48,0.58,0.41,0.56,0.59,0.6,0.54,0.49,0.45,0.43,0.64,0.61
2026-09-12T09:00:00Z,0.55,0.42,0.42,0.14,0.39,0.52,0.73,0.68,0.83,0.8,0.9,0.8,0.76,0.56,0.72,0.67,0.67,0.67,0.8,0.86,0.86,0.81,0.83,0.88,0.88,0.9,0.84,0.83,0.77,0.87,0.85,0.77,0.81,0.81,0.75,0.75,0.68,0.75,0.83,0.84,0.68,0.73,0.72,0.63,0.71,0.72,0.61,0.58,0.59,0.47,0.54,0.59,0.67,0.64,0.48,0.5,0.5,0.71,0.65,0.63,0.55,0.48,0.55,0.66
2026-09-12T10:00:00Z,0.71,0.61,0.17,0.41,0.4,0.61,0.87,0.93,0.89,0.88,0.93,0.95,0.56,0.68,0.7,0.79,0.6,0.7,0.84,0.89,0.9,0.92,0.87,0.86,0.87,0.86,0.81,0.86,0.8,0.83,0.82,0.84,0.79,0.8,0.79,0.8,0.8,0.79,0.77,0.75,0.71,0.73,0.55,0.67,0.67,0.65,0.52,0.55,0.51,0.53,0.59,0.37,0.45,0.67,0.48,0.54,0.53,0.45,0.48,0.5,0.48,0.51,0.44,0.42
2026-09-12T11:00:00Z,0.5,0.42,0.5,0.49,0.4,0.54,0.85,0.9,0.93,0.86,0.85,0.91,0.79,0.77,0.8,0.69,0.7,0.81,0.83,0.89,0.92,0.94,0.86,0.87,0.86,0.88,0.91,0.9,0.8,0.83,0.78,0.81,0.84,0.83,0.76,0.69,0.81,0.74,0.58,0.62,0.66,0.62,0.66,0.6,0.56,0.52,0.65,0.58,0.64,0.64,0.54,0.59,0.63,0.6,0.61,0.46,0.51,0.43,0.43,0.44,0.47,0.36,0.46,0.49
2026-09-12T12:00:00Z,0.63,0.31,0.41,0.39,0.24,0.58,0.75,0.92,0.87,0.91,0.89,0.85,0.81,0.87,0.77,0.68,0.68,0.67,0.84,0.91,0.89,0.94,0.93,0.84,0.85,0.88,0.88,0.83,0.78,0.82,0.82,0.76,0.66,0.8,0.81,0.75,0.77,0.77,0.72,0.77,0.74,0.65,0.72,0.64,0.64,0.73,0.53,0.61,0.6,0.64,0.67,0.4,0.52,0.51,0.57,0.48,0.49,0.67,0.53,0.55,0.52,0.53,0.69,0.55
2026-09-12T13:00:00Z,0.6,0.5,0.12,0.45,0.26,0.5,0.8,0.73,0.8,0.68,0.84,0.8,0.79,0.53,0.63,0.59,0.62,0.6,0.78,0.92,0.93,0.94,0.94,0.92,0.87,0.85,0.84,0.87,0.86,0.83,0.79,0.85,0.8,0.64,0.74,0.8,0.68,0.67,0.53,0.65,0.51,0.66,0.69,0.5,0.54,0.55,0.49,0.54,0.47,0.48,0.63,0.55,0.49,0.51,0.54,0.56,0.58,0.51,0.59,0.48,0.47,0.43,0.62,0.39
2026-09-12T14:00:00Z,0.73,0.57,0.11,0.6,0.49,0.72,0.84,0.86,0.86,0.9,0.81,0.85,0.85,0.81,0.73,0.7,0.6,0.7,0.86,0.86,0.93,0.85,0.88,0.88,0.91,0.86,0.86,0.85,0.87,0.88,0.84,0.84,0.85,0.72,0.61,0.77,0.71,0.63,0.76,0.61,0.71,0.56,0.61,0.61,0.52,0.53,0.5,0.47,0.49,0.58,0.5,0.46,0.51,0.52,0.46,0.31,0.41,0.46,0.44,0.5,0.48,0.48,0.41,0.34
2026-09-12T15:00:00Z,0.5,0.37,0.19,0.09,0.64,0.73,0.84,0.72,0.72,0.88,0.79,0.83,0.73,0.6,0.82,0.74,0.59,0.71,0.85,0.83,0.85,0.89,0.91,0.86,0.86,0.89,0.91,0.87,0.82,0.78,0.72,0.81,0.77,0.75,0.8,0.74,0.64,0.64,0.64,0.65,0.62,0.59,0.52,0.44,0.47,0.42,0.49,0.49,0.43,0.52,0.44,0.35,0.37,0.44,0.49,0.43,0.42,0.53,0.32,0.28,0.32,0.43,0.32,0.31
2026-09-12T16:00:00Z,0.5,0.52,0.27,0.37,0.43,0.64,0.55,0.82,0.88,0.89,0.79,0.9,0.81,0.84,0.78,0.76,0.61,0.62,0.79,0.83,0.92,0.89,0.9,0.86,0.89,0.89,0.89,0.86,0.81,0.88,0.87,0.83,0.88,0.77,0.74,0.8,0.77,0.73,0.67,0.64,0.61,0.66,0.58,0.65,0.56,0.51,0.51,0.71,0.57,0.46,0.64,0.62,0.51,0.37,0.48,0.54,0.52,0.46,0.45,0.54,0.56,0.69,0.58,0.53
2026-09-12T17:00:00Z,0.54,0.37,0.15,0.43,0.26,0.6,0.78,0.89,0.88,0.89,0.89,0.87,0.77,0.87,0.64,0.57,0.58,0.68,0.84,0.86,0.89,0.94,0.92,0.87,0.86,0.9,0.87,0.87,0.81,0.79,0.85,0.79,0.85,0.75,0.75,0.63,0.71,0.64,0.57,0.65,0.58,0.49,0.49,0.48,0.52,0.49,0.58,0.57,0.56,0.6,0.41,0.44,0.45,0.47,0.48,0.49,0.44,0.43,0.33,0.44,0.45,0.58,0.47,0.45
2026-09-12T18:00:00Z,0.5,0.58,0.22,0.2,0.43,0.56,0.6,0.75,0.88,0.8,0.9,0.84,0.82,0.76,0.71,0.83,0.6,0.59,0.7,0.81,0.9,0.87,0.83,0.79,0.88,0.85,0.89,0.89,0.86,0.85,0.78,0.78,0.84,0.71,0.79,0.83,0.69,0.6,0.67,0.55,0.65,0.71,0.76,0.57,0.69,0.76,0.69,0.62,0.67,0.65,0.43,0.48,0.58,0.47,0.54,0.45,0.48,0.61,0.63,0.58,0.57,0.63,0.62,0.47
2026-09-12T19:00:00Z,0.43,0.29,0.03,0.4,0.3,0.41,0.81,0.68,0.83,0.72,0.88,0.88,0.83,0.81,0.7,0.67,0.64,0.53,0.83,0.79,0.82,0.85,0.87,0.77,0.81,0.78,0.87,0.89,0.79,0.8,0.83,0.71,0.78,0.85,0.73,0.77,0.73,0.78,0.8,0.78,0.76,0.82,0.83,0.7,0.5,0.55,0.6,0.57,0.54,0.58,0.62,0.67,0.64,0.67,0.71,0.79,0.76,0.8,0.77,0.75,0.77,0.77,0.75,0.71
2026-09-12T20:00:00Z,0.36,0.37,0.28,0.06,0.68,0.46,0.56,0.57,0.87,0.91,0.74,0.93,0.82,0.76,0.64,0.59,0.56,0.61,0.84,0.86,0.84,0.89,0.84,0.85,0.88,0.86,0.81,0.81,0.87,0.85,0.84,0.85,0.81,0.84,0.84,0.81,0.73,0.66,0.73,0.71,0.76,0.81,0.74,0.74,0.74,0.72,0.67,0.76,0.69,0.73,0.71,0.7,0.68,0.72,0.7,0.76,0.78,0.72,0.79,0.83,0.8,0.81,0.76,0.71
2026-09-12T21:00:00Z,0.15,0.21,0.38,0.1,0.34,0.35,0.52,0.85,0.91,0.85,0.83,0.78,0.71,0.67,0.68,0.65,0.66,0.52,0.8,0.92,0.88,0.93,0.88,0.84,0.88,0.89,0.88,0.73,0.83,0.8,0.77,0.75,0.8,0.82,0.78,0.8,0.81,0.84,0.79,0.72,0.75,0.84,0.77,0.75,0.79,0.78,0.84,0.84,0.74,0.82,0.82,0.76,0.75,0.7,0.83,0.77,0.78,0.76,0.79,0.81,0.85,0.82,0.83,0.77
2026-09-12T22:00:00Z,0.09,0.25,0.24,0.13,0.12,0.41,0.51,0.62,0.82,0.82,0.74,0.82,0.7,0.72,0.65,0.67,0.57,0.6,0.78,0.87,0.89,0.91,0.9,0.9,0.83,0.85,0.9,0.83,0.83,0.79,0.87,0.85,0.8,0.86,0.82,0.75,0.74,0.74,0.71,0.8,0.82,0.72,0.84,0.84,0.75,0.84,0.82,0.8,0.83,0.82,0.83,0.74,0.76,0.8,0.83,0.84,0.78,0.72,0.77,0.82,0.85,0.82,0.75,0.85
2026-09-12T23:00:00Z,0.2,0.16,0.47,0.26,0.43,0.46,0.58,0.58,0.83,0.83,0.86,0.72,0.79,0.7,0.57,0.48,0.69,0.52,0.68,0.84,0.88,0.92,0.87,0.91,0.92,0.87,0.8,0.83,0.78,0.79,0.81,0.77,0.67,0.75,0.72,0.71,0.69,0.72,0.76,0.68,0.63,0.77,0.77,0.66,0.75,0.8,0.83,0.81,0.83,0.81,0.8,0.73,0.79,0.8,0.81,0.79,0.74,0.7,0.8,0.82,0.81,0.82,0.79,0.73
2026-09-13T00:00:00Z,0.44,0.32,0.39,0.17,0.31,0.56,0.45,0.71,0.93,0.84,0.67,0.87,0.73,0.57,0.77,0.62,0.64,0.57,0.84,0.88,0.86,0.87,0.93,0.93,0.87,0.84,0.89,0.8,0.85,0.89,0.82,0.82,0.81,0.76,0.76,0.78,0.7,0.73,0.69,0.71,0.81,0.71,0.8,0.78,0.72,0.65,0.77,0.84,0.8,0.75,0.81,0.73,0.72,0.74,0.72,0.75,0.72,0.8,0.69,0.73,0.69,0.73,0.73,0.74
2026-09-13T01:00:00Z,0.34,0.48,0.1,0.28,0.25,0.61,0.56,0.76,0.88,0.85,0.88,0.84,0.88,0.72,0.79,0.76,0.66,0.57,0.86,0.92,0.94,0.96,0.95,0.87,0.88,0.84,0.87,0.86,0.82,0.77,0.76,0.75,0.77,0.81,0.76,0.8,0.66,0.74,0.75,0.8,0.72,0.71,0.66,0.78,0.68,0.62,0.72,0.67,0.75,0.68,0.77,0.73,0.71,0.65,0.79,0.72,0.66,0.78,0.79,0.7,0.77,0.72,0.81,0.71
2026-09-13T02:00:00Z,0.25,0.49,0.38,0.13,0.56,0.58,0.81,0.79,0.88,0.9,0.8,0.89,0.81,0.8,0.79,0.82,0.82,0.6,0.54,0.83,0.91,0.91,0.85,0.82,0.89,0.92,0.89,0.85,0.79,0.79,0.85,0.75,0.79,0.78,0.83,0.8,0.83,0.83,0.71,0.69,0.67,0.62,0.59,0.6,0.64,0.65,0.6,0.57,0.51,0.54,0.7,0.55,0.51,0.5,0.57,0.61,0.73,0.52,0.6,0.54,0.68,0.68,0.58,0.65
2026-09-13T03:00:00Z,0.35,0.25,0.16,0.17,0.43,0.58,0.78,0.8,0.78,0.85,0.74,0.76,0.83,0.83,0.74,0.68,0.82,0.71,0.61,0.79,0.9,0.92,0.91,0.87,0.84,0.82,0.73,0.74,0.83,0.83,0.78,0.78,0.73,0.82,0.72,0.75,0.77,0.61,0.7,0.63,0.72,0.6,0.29,0.37,0.64,0.52,0.47,0.55,0.42,0.4,0.28,0.31,0.27,0.45,0.37,0.32,0.43,0.51,0.39,0.43,0.44,0.56,0.49,0.48
2026-09-13T04:00:00Z,0.51,0.48,0.07,0.17,0.57,0.53,0.73,0.82,0.9,0.86,0.69,0.71,0.78,0.81,0.84,0.68,0.74,0.67,0.55,0.65,0.8,0.88,0.91,0.88,0.81,0.8,0.84,0.87,0.85,0.84,0.72,0.77,0.77,0.83,0.82,0.8,0.79,0.71,0.8,0.75,0.76,0.77,0.65,0.68,0.55,0.41,0.52,0.5,0.33,0.38,0.35,0.32,0.51,0.43,0.47,0.5,0.47,0.37,0.39,0.35,0.25,0.36,0.44,0.35
2026-09-13T05:00:00Z,0.11,0.12,0.19,0.25,0.26,0.46,0.67,0.76,0.8,0.75,0.68,0.67,0.93,0.72,0.61,0.63,0.72,0.67,0.52,0.75,0.8,0.87,0.82,0.83,0.86,0.88,0.87,0.87,0.86,0.79,0.88,0.87,0.79,0.84,0.87,0.77,0.66,0.69,0.68,0.78,0.62,0.62,0.64,0.61,0.62,0.7,0.71,0.67,0.69,0.64,0.63,0.7,0.54,0.59,0.38,0.32,0.57,0.51,0.54,0.57,0.4,0.44,0.24,0.51
2026-09-13T06:00:00Z,0.45,0.28,0.21,0.32,0.34,0.26,0.8,0.71,0.82,0.75,0.8,0.8,0.86,0.7,0.74,0.53,0.61,0.68,0.55,0.75,0.79,0.8,0.9,0.91,0.9,0.92,0.9,0.9,0.87,0.81,0.77,0.79,0.84,0.77,0.74,0.81,0.69,0.71,0.74,0.78,0.76,0.73,0.76,0.69,0.67,0.6,0.66,0.64,0.52,0.59,0.58,0.58,0.44,0.47,0.5,0.45,0.48,0.65,0.49,0.46,0.41,0.43,0.42,0.39
2026-09-13T07:00:00Z,0.32,0.23,0.16,0.17,0.04,0.36,0.79,0.77,0.87,0.92,0.74,0.69,0.77,0.77,0.69,0.52,0.52,0.58,0.56,0.65,0.88,0.88,0.93,0.91,0.89,0.87,0.91,0.87,0.85,0.9,0.84,0.8,0.78,0.79,0.77,0.86,0.79,0.72,0.76,0.74,0.73,0.75,0.6,0.67,0.68,0.7,0.64,0.63,0.62,0.59,0.57,0.63,0.68,0.71,0.55,0.52,0.61,0.47,0.46,0.52,0.61,0.53,0.29,0.5
2026-09-13T08:00:00Z,0.23,0.08,0.31,0.29,0.44,0.58,0.75,0.74,0.78,0.85,0.7,0.67,0.69,0.66,0.66,0.68,0.64,0.51,0.48,0.68,0.87,0.92,0.93,0.91,0.92,0.91,0.9,0.91,0.84,0.85,0.84,0.85,0.82,0.88,0.85,0.73,0.79,0.7,0.76,0.77,0.79,0.77,0.63,0.64,0.74,0.58,0.51,0.63,0.37,0.49,0.39,0.55,0.53,0.63,0.61,0.55,0.56,0.51,0.42,0.47,0.56,0.53,0.36,0.48
2026-09-13T09:00:00Z,0.51,0.46,0.35,0.35,0.35,0.55,0.57,0.8,0.84,0.84,0.81,0.7,0.73,0.69,0.61,0.63,0.45,0.42,0.59,0.79,0.88,0.88,0.89,0.93,0.86,0.86,0.87,0.89,0.85,0.85,0.85,0.87,0.82,0.82,0.85,0.83,0.81,0.75,0.66,0.76,0.68,0.62,0.74,0.72,0.62,0.73,0.65,0.69,0.76,0.65,0.58,0.72,0.46,0.69,0.74,0.7,0.54,0.64,0.54,0.49,0.47,0.48,0.5,0.48
2026-09-13T10:00:00Z,0.31,0.27,0.3,0.36,0.18,0.33,0.76,0.66,0.8,0.84,0.73,0.7,0.84,0.65,0.68,0.54,0.45,0.57,0.62,0.78,0.82,0.85,0.86,0.88,0.87,0.84,0.81,0.82,0.85,0.79,0.77,0.85,0.78,0.84,0.83,0.75,0.74,0.76,0.75,0.76,0.68,0.66,0.69,0.76,0.63,0.7,0.8,0.63,0.64,0.7,0.71,0.71,0.6,0.58,0.6,0.54,0.59,0.66,0.65,0.46,0.64,0.58,0.4,0.4
2026-09-13T11:00:00Z,0.35,0.45,0.29,0.44,0.67,0.35,0.68,0.6,0.76,0.86,0.83,0.83,0.85,0.68,0.56,0.67,0.69,0.56,0.59,0.8,0.86,0.87,0.89,0.9,0.88,0.82,0.8,0.69,0.77,0.81,0.75,0.74,0.77,0.83,0.79,0.83,0.73,0.77,0.82,0.8,0.8,0.72,0.67,0.64,0.67,0.67,0.69,0.49,0.72,0.65,0.57,0.62,0.75,0.7,0.66,0.74,0.52,0.59,0.56,0.63,0.66,0.65,0.58,0.45
2026-09-13T12:00:00Z,0.39,0.37,0.19,0.37,0.33,0.54,0.71,0.72,0.81,0.77,0.86,0.79,0.83,0.78,0.8,0.67,0.48,0.51,0.64,0.91,0.93,0.95,0.91,0.83,0.86,0.89,0.92,0.85,0.86,0.78,0.71,0.77,0.81,0.82,0.76,0.76,0.73,0.78,0.75,0.68,0.7,0.68,0.75,0.69,0.69,0.71,0.69,0.66,0.67,0.65,0.52,0.59,0.62,0.57,0.41,0.53,0.61,0.52,0.7,0.53,0.51,0.6,0.5,0.36
2026-09-13T13:00:00Z,0.33,0.3,0.49,0.18,0.34,0.71,0.82,0.84,0.81,0.83,0.79,0.8,0.85,0.82,0.72,0.5,0.67,0.68,0.79,0.94,0.96,0.95,0.95,0.92,0.94,0.95,0.87,0.82,0.85,0.79,0.82,0.88,0.72,0.78,0.72,0.74,0.72,0.82,0.68,0.71,0.7,0.66,0.72,0.77,0.75,0.77,0.76,0.77,0.69,0.74,0.68,0.56,0.71,0.68,0.63,0.6,0.59,0.51,0.57,0.55,0.63,0.59,0.49,0.56
2026-09-13T14:00:00Z,0.18,0.18,0.12,0.26,0.11,0.37,0.63,0.82,0.48,0.85,0.75,0.79,0.91,0.96,0.84,0.63,0.63,0.68,0.8,0.88,0.95,0.95,0.91,0.94,0.94,0.94,0.92,0.88,0.84,0.87,0.84,0.73,0.71,0.76,0.82,0.81,0.76,0.68,0.81,0.81,0.73,0.69,0.72,0.66,0.64,0.74,0.78,0.79,0.77,0.71,0.5,0.68,0.72,0.46,0.55,0.67,0.51,0.62,0.75,0.64,0.67,0.65,0.74,0.74
2026-09-13T15:00:00Z,0.13,0.21,0.24,0.23,0.09,0.49,0.75,0.69,0.69,0.84,0.79,0.78,0.75,0.81,0.74,0.71,0.71,0.7,0.79,0.88,0.9,0.86,0.9,0.92,0.92,0.91,0.84,0.9,0.82,0.85,0.76,0.83,0.77,0.72,0.73,0.83,0.81,0.82,0.75,0.78,0.71,0.73,0.82,0.71,0.72,0.62,0.79,0.77,0.65,0.72,0.72,0.75,0.68,0.59,0.69,0.74,0.74,0.62,0.68,0.71,0.71,0.69,0.7,0.63
2026-09-13T16:00:00Z,0.36,0.4,0.46,0.46,0.36,0.34,0.52,0.53,0.86,0.83,0.88,0.83,0.81,0.86,0.78,0.71,0.67,0.59,0.84,0.91,0.93,0.92,0.92,0.91,0.9,0.84,0.83,0.85,0.84,0.88,0.86,0.81,0.82,0.81,0.78,0.83,0.76,0.74,0.79,0.76,0.66,0.66,0.73,0.69,0.72,0.6,0.55,0.63,0.65,0.72,0.64,0.7,0.66,0.76,0.66,0.6,0.65,0.72,0.71,0.7,0.77,0.74,0.62,0.71
2026-09-13T17:00:00Z,0.38,0.12,0.17,0.3,0.13,0.59,0.75,0.67,0.88,0.91,0.84,0.79,0.85,0.71,0.74,0.73,0.67,0.62,0.66,0.83,0.92,0.92,0.92,0.93,0.85,0.82,0.84,0.79,0.84,0.79,0.86,0.85,0.84,0.76,0.73,0.76,0.78,0.82,0.72,0.67,0.59,0.66,0.63,0.76,0.62,0.66,0.71,0.77,0.72,0.73,0.72,0.67,0.54,0.63,0.7,0.74,0.58,0.59,0.71,0.76,0.8,0.76,0.7,0.63
2026-09-13T18:00:00Z,0.22,0.3,0.3,0.03,0.49,0.42,0.59,0.8,0.82,0.88,0.86,0.76,0.68,0.76,0.69,0.67,0.77,0.76,0.84,0.87,0.91,0.9,0.87,0.84,0.84,0.83,0.86,0.84,0.84,0.86,0.83,0.89,0.85,0.88,0.8,0.75,0.77,0.73,0.75,0.71,0.72,0.71,0.68,0.73,0.75,0.7,0.51,0.56,0.65,0.68,0.67,0.71,0.74,0.73,0.63,0.65,0.66,0.75,0.71,0.75,0.75,0.69,0.62,0.69
2026-09-13T19:00:00Z,0.31,0.2,0.22,0.04,0.23,0.55,0.75,0.77,0.7,0.88,0.84,0.78,0.65,0.77,0.69,0.48,0.63,0.6,0.75,0.9,0.9,0.94,0.92,0.91,0.93,0.89,0.91,0.89,0.81,0.84,0.89,0.82,0.76,0.83,0.82,0.61,0.61,0.72,0.7,0.62,0.73,0.6,0.55,0.63,0.62,0.69,0.59,0.61,0.68,0.67,0.67,0.58,0.67,0.52,0.68,0.75,0.68,0.65,0.66,0.74,0.77,0.71,0.7,0.63
2026-09-13T20:00:00Z,0.32,0.29,0.01,0.19,0.15,0.65,0.62,0.74,0.61,0.9,0.85,0.84,0.89,0.68,0.77,0.68,0.74,0.77,0.85,0.92,0.91,0.91,0.9,0.87,0.87,0.84,0.87,0.83,0.82,0.75,0.8,0.79,0.81,0.67,0.66,0.76,0.78,0.78,0.67,0.84,0.77,0.78,0.68,0.62,0.66,0.67,0.69,0.66,0.62,0.65,0.64,0.64,0.66,0.74,0.74,0.7,0.72,0.68,0.72,0.75,0.71,0.77,0.76,0.83
2026-09-13T21:00:00Z,0.32,0.35,0.05,0.5,0.43,0.66,0.61,0.87,0.76,0.77,0.9,0.7,0.82,0.85,0.82,0.6,0.74,0.76,0.88,0.92,0.91,0.93,0.95,0.92,0.91,0.88,0.93,0.87,0.79,0.78,0.81,0.74,0.74,0.78,0.73,0.72,0.74,0.76,0.62,0.78,0.66,0.62,0.31,0.59,0.53,0.71,0.75,0.64,0.7,0.78,0.63,0.62,0.56,0.69,0.68,0.64,0.57,0.65,0.51,0.75,0.78,0.72,0.76,0.69
2026-09-13T22:00:00Z,0.29,0.36,0.51,0.23,0.15,0.58,0.69,0.81,0.67,0.78,0.87,0.8,0.72,0.88,0.89,0.61,0.7,0.83,0.91,0.91,0.94,0.89,0.84,0.92,0.91,0.88,0.82,0.84,0.78,0.85,0.72,0.71,0.79,0.81,0.79,0.72,0.77,0.73,0.76,0.71,0.72,0.76,0.71,0.66,0.64,0.68,0.63,0.63,0.63,0.7,0.65,0.59,0.53,0.55,0.41,0.57,0.58,0.63,0.57,0.61,0.54,0.6,0.59,0.66
2026-09-13T23:00:00Z,0.55,0.61,0.41,0.09,0.35,0.37,0.58,0.69,0.85,0.89,0.87,0.67,0.7,0.6,0.82,0.69,0.71,0.83,0.92,0.91,0.89,0.93,0.92,0.93,0.91,0.92,0.88,0.85,0.84,0.79,0.76,0.8,0.74,0.76,0.81,0.56,0.69,0.65,0.63,0.56,0.73,0.65,0.63,0.64,0.66,0.54,0.58,0.63,0.61,0.68,0.77,0.63,0.63,0.72,0.77,0.79,0.75,0.79,0.72,0.68,0.72,0.7,0.86,0.82
2026-09-14T00:00:00Z,0.32,0.32,0.14,0.42,0.17,0.54,0.61,0.82,0.83,0.86,0.82,0.76,0.84,0.82,0.8,0.6,0.76,0.85,0.88,0.92,0.91,0.89,0.88,0.83,0.85,0.89,0.85,0.84,0.85,0.78,0.86,0.85,0.81,0.8,0.77,0.69,0.54,0.72,0.77,0.67,0.64,0.62,0.77,0.67,0.63,0.52,0.53,0.58,0.62,0.68,0.62,0.61,0.62,0.58,0.71,0.64,0.65,0.7,0.75,0.78,0.69,0.71,0.77,0.7
2026-09-14T01:00:00Z,0.3,0.39,0.43,0.38,0.5,0.53,0.57,0.79,0.82,0.77,0.94,0.83,0.79,0.75,0.61,0.85,0.72,0.8,0.9,0.93,0.92,0.85,0.89,0.85,0.88,0.89,0.82,0.79,0.79,0.85,0.8,0.78,0.74,0.65,0.71,0.7,0.65,0.64,0.7,0.66,0.62,0.55,0.48,0.53,0.59,0.65,0.53,0.46,0.67,0.55,0.42,0.63,0.54,0.77,0.76,0.73,0.66,0.62,0.75,0.61,0.67,0.74,0.79,0.67
2026-09-14T02:00:00Z,0.22,0.04,0.13,0.2,0.54,0.69,0.68,0.78,0.8,0.8,0.88,0.76,0.76,0.83,0.89,0.66,0.75,0.81,0.87,0.89,0.93,0.89,0.9,0.85,0.91,0.9,0.88,0.77,0.75,0.73,0.74,0.72,0.77,0.72,0.56,0.56,0.68,0.64,0.63,0.57,0.59,0.64,0.6,0.61,0.42,0.47,0.47,0.5,0.36,0.36,0.48,0.63,0.5,0.34,0.51,0.6,0.6,0.68,0.61,0.53,0.63,0.71,0.68,0.72
2026-09-14T03:00:00Z,0.44,0.44,0.32,0.21,0.47,0.68,0.59,0.92,0.83,0.8,0.91,0.83,0.82,0.91,0.89,0.6,0.8,0.75,0.74,0.9,0.92,0.91,0.86,0.91,0.9,0.85,0.78,0.9,0.85,0.86,0.74,0.69,0.64,0.71,0.6,0.58,0.59,0.53,0.46,0.59,0.62,0.69,0.5,0.56,0.46,0.62,0.59,0.59,0.44,0.4,0.3,0.24,0.62,0.64,0.63,0.52,0.61,0.59,0.62,0.7,0.75,0.59,0.63,0.58
2026-09-14T04:00:00Z,0.4,0.25,0.41,0.25,0.43,0.71,0.77,0.9,0.9,0.86,0.9,0.81,0.86,0.88,0.85,0.81,0.75,0.88,0.91,0.86,0.92,0.92,0.9,0.83,0.83,0.87,0.84,0.89,0.81,0.74,0.7,0.72,0.77,0.81,0.72,0.63,0.72,0.74,0.66,0.59,0.61,0.47,0.52,0.69,0.6,0.5,0.51,0.55,0.62,0.65,0.63,0.58,0.49,0.69,0.62,0.58,0.49,0.54,0.52,0.52,0.6,0.6,0.54,0.64
2026-09-14T05:00:00Z,0.16,0.24,0.26,0.32,0.31,0.74,0.74,0.81,0.85,0.81,0.94,0.81,0.85,0.78,0.82,0.77,0.81,0.86,0.87,0.89,0.91,0.89,0.85,0.87,0.85,0.85,0.92,0.85,0.73,0.82,0.77,0.76,0.77,0.75,0.72,0.71,0.73,0.63,0.5,0.39,0.52,0.63,0.59,0.6,0.52,0.53,0.49,0.54,0.6,0.44,0.58,0.57,0.43,0.37,0.39,0.52,0.55,0.62,0.66,0.61,0.49,0.46,0.57,0.5
2026-09-14T06:00:00Z,0.15,0.32,0.53,0.29,0.2,0.84,0.69,0.84,0.73,0.81,0.96,0.84,0.87,0.9,0.86,0.84,0.78,0.83,0.85,0.81,0.89,0.84,0.86,0.91,0.88,0.81,0.84,0.84,0.69,0.69,0.81,0.73,0.66,0.68,0.66,0.66,0.59,0.56,0.64,0.69,0.6,0.53,0.64,0.61,0.53,0.44,0.48,0.37,0.55,0.26,0.43,0.47,0.38,0.48,0.57,0.6,0.34,0.49,0.44,0.56,0.52,0.5,0.49,0.37
2026-09-14T07:00:00Z,0.49,0.17,0.38,0.12,0.19,0.69,0.5,0.87,0.87,0.81,0.83,0.86,0.6,0.7,0.79,0.65,0.92,0.85,0.81,0.91,0.93,0.91,0.88,0.83,0.92,0.86,0.87,0.84,0.85,0.82,0.79,0.78,0.77,0.75,0.79,0.68,0.68,0.7,0.64,0.7,0.57,0.76,0.58,0.51,0.59,0.41,0.43,0.55,0.58,0.54,0.57,0.46,0.46,0.44,0.59,0.34,0.47,0.31,0.32,0.24,0.48,0.31,0.22,0.41
2026-09-14T08:00:00Z,0.33,0.2,0.12,0.39,0.53,0.8,0.46,0.78,0.7,0.83,0.84,0.85,0.83,0.81,0.91,0.84,0.86,0.84,0.89,0.92,0.92,0.94,0.91,0.9,0.93,0.87,0.85,0.89,0.87,0.86,0.81,0.81,0.79,0.83,0.83,0.79,0.74,0.62,0.64,0.63,0.47,0.56,0.63,0.68,0.59,0.58,0.61,0.69,0.65,0.59,0.43,0.52,0.5,0.43,0.26,0.35,0.3,0.43,0.44,0.28,0.25,0.3,0.33,0.07
2026-09-14T09:00:00Z,0.4,0.35,0.21,0.31,0.2,0.74,0.66,0.75,0.71,0.79,0.87,0.85,0.65,0.68,0.74,0.87,0.9,0.92,0.91,0.87,0.91,0.87,0.86,0.88,0.88,0.91,0.85,0.87,0.91,0.87,0.79,0.84,0.85,0.8,0.76,0.72,0.72,0.8,0.72,0.64,0.75,0.66,0.75,0.69,0.67,0.62,0.43,0.62,0.67,0.57,0.56,0.62,0.66,0.57,0.7,0.49,0.48,0.48,0.45,0.58,0.42,0.5,0.52,0.41
2026-09-14T10:00:00Z,0.09,0.15,0.12,0.59,0.14,0.36,0.52,0.76,0.8,0.74,0.9,0.8,0.83,0.79,0.77,0.83,0.91,0.89,0.88,0.92,0.89,0.92,0.9,0.91,0.89,0.86,0.85,0.87,0.85,0.83,0.75,0.79,0.86,0.82,0.76,0.78,0.68,0.76,0.83,0.75,0.66,0.64,0.7,0.79,0.81,0.68,0.62,0.58,0.58,0.68,0.66,0.58,0.62,0.55,0.54,0.66,0.44,0.46,0.6,0.56,0.59,0.5,0.52,0.5
2026-09-14T11:00:00Z,0.53,0.37,0.5,0.4,0.4,0.48,0.4,0.61,0.66,0.79,0.74,0.73,0.73,0.8,0.83,0.93,0.92,0.95,0.94,0.93,0.92,0.95,0.92,0.9,0.87,0.92,0.85,0.91,0.89,0.91,0.8,0.85,0.81,0.79,0.68,0.84,0.72,0.68,0.75,0.77,0.71,0.7,0.72,0.66,0.62,0.66,0.65,0.63,0.64,0.61,0.69,0.65,0.56,0.46,0.55,0.67,0.61,0.55,0.6,0.58,0.78,0.66,0.58,0.56
2026-09-14T12:00:00Z,0.17,0.31,0.4,0.12,0.41,0.45,0.46,0.65,0.48,0.63,0.9,0.7,0.8,0.91,0.84,0.91,0.94,0.92,0.88,0.91,0.93,0.94,0.92,0.91,0.87,0.78,0.86,0.9,0.82,0.77,0.76,0.79,0.77,0.81,0.79,0.83,0.83,0.79,0.77,0.7,0.74,0.81,0.73,0.66,0.62,0.48,0.74,0.77,0.66,0.75,0.71,0.71,0.57,0.62,0.74,0.67,0.59,0.66,0.69,0.66,0.57,0.6,0.62,0.67
2026-09-14T13:00:00Z,0.31,0.31,0.33,0.44,0.14,0.52,0.72,0.67,0.44,0.68,0.82,0.86,0.79,0.7,0.84,0.88,0.94,0.93,0.95,0.9,0.93,0.87,0.88,0.91,0.89,0.88,0.83,0.84,0.85,0.86,0.79,0.81,0.8,0.82,0.77,0.85,0.78,0.75,0.84,0.84,0.79,0.72,0.75,0.78,0.75,0.75,0.77,0.76,0.68,0.66,0.74,0.75,0.72,0.69,0.56,0.74,0.73,0.68,0.68,0.62,0.57,0.49,0.57,0.58
2026-09-14T14:00:00Z,0.18,0.15,0.25,0.34,0.32,0.23,0.75,0.49,0.64,0.76,0.73,0.86,0.86,0.81,0.8,0.83,0.92,0.93,0.92,0.91,0.93,0.93,0.86,0.84,0.89,0.91,0.78,0.82,0.76,0.87,0.85,0.79,0.86,0.83,0.77,0.84,0.83,0.82,0.8,0.81,0.76,0.81,0.78,0.8,0.81,0.84,0.82,0.72,0.7,0.75,0.82,0.72,0.67,0.7,0.73,0.63,0.77,0.53,0.64,0.73,0.82,0.76,0.63,0.61
2026-09-14T15:00:00Z,0.18,0.11,0.04,0.34,0.35,0.43,0.45,0.82,0.75,0.7,0.77,0.83,0.74,0.76,0.82,0.82,0.86,0.9,0.94,0.89,0.9,0.9,0.9,0.87,0.91,0.86,0.87,0.85,0.79,0.85,0.83,0.88,0.86,0.77,0.82,0.79,0.7,0.74,0.69,0.72,0.68,0.67,0.75,0.74,0.62,0.51,0.53,0.64,0.72,0.72,0.71,0.8,0.71,0.73,0.64,0.7,0.73,0.74,0.8,0.81,0.79,0.77,0.68,0.72
2026-09-14T16:00:00Z,0.37,0.23,0.43,0.09,0.28,0.34,0.83,0.71,0.55,0.84,0.86,0.81,0.73,0.72,0.83,0.69,0.85,0.91,0.93,0.92,0.91,0.9,0.9,0.86,0.9,0.89,0.85,0.85,0.86,0.74,0.86,0.72,0.65,0.65,0.72,0.68,0.72,0.6,0.57,0.77,0.74,0.69,0.66,0.78,0.67,0.63,0.56,0.59,0.66,0.75,0.63,0.7,0.73,0.63,0.77,0.68,0.69,0.67,0.68,0.65,0.61,0.72,0.66,0.57
2026-09-14T17:00:00Z,0.14,0.15,0.33,0.18,0.26,0.5,0.55,0.73,0.75,0.67,0.57,0.74,0.7,0.59,0.9,0.85,0.88,0.81,0.88,0.93,0.91,0.9,0.92,0.9,0.84,0.88,0.77,0.84,0.83,0.72,0.74,0.73,0.65,0.74,0.58,0.56,0.67,0.66,0.65,0.57,0.59,0.61,0.6,0.46,0.46,0.49,0.6,0.64,0.64,0.7,0.72,0.56,0.68,0.7,0.67,0.68,0.62,0.61,0.64,0.68,0.72,0.74,0.7,0.77
2026-09-14T18:00:00Z,0.12,0.1,0.29,0.17,0.41,0.44,0.7,0.82,0.65,0.86,0.88,0.75,0.68,0.66,0.75,0.9,0.88,0.89,0.89,0.88,0.92,0.91,0.89,0.89,0.83,0.87,0.81,0.86,0.86,0.79,0.82,0.77,0.79,0.75,0.79,0.77,0.6,0.63,0.63,0.54,0.61,0.6,0.71,0.75,0.79,0.74,0.69,0.7,0.77,0.72,0.83,0.87,0.75,0.71,0.74,0.82,0.75,0.82,0.78,0.73,0.76,0.87,0.85,0.81
2026-09-14T19:00:00Z,0.29,0.22,0.44,0.35,0.52,0.34,0.67,0.72,0.68,0.71,0.9,0.78,0.76,0.76,0.81,0.78,0.91,0.88,0.92,0.9,0.91,0.85,0.85,0.87,0.83,0.83,0.88,0.76,0.84,0.76,0.75,0.75,0.67,0.64,0.77,0.75,0.79,0.69,0.66,0.67,0.74,0.67,0.75,0.78,0.63,0.56,0.68,0.77,0.68,0.78,0.73,0.7,0.75,0.76,0.77,0.81,0.82,0.81,0.77,0.87,0.8,0.77,0.81,0.77
2026-09-14T20:00:00Z,0.22,0.41,0.32,0.08,0.26,0.45,0.69,0.81,0.79,0.74,0.79,0.73,0.67,0.74,0.75,0.92,0.9,0.89,0.9,0.93,0.95,0.9,0.87,0.89,0.86,0.86,0.77,0.78,0.77,0.83,0.8,0.75,0.76,0.74,0.68,0.71,0.62,0.56,0.61,0.59,0.59,0.59,0.78,0.58,0.62,0.6,0.61,0.72,0.78,0.61,0.69,0.71,0.8,0.78,0.78,0.77,0.82,0.77,0.77,0.79,0.8,0.76,0.77,0.82
2026-09-14T21:00:00Z,0.31,0.35,0.11,0.51,0.5,0.12,0.84,0.81,0.79,0.73,0.69,0.6,0.59,0.81,0.91,0.94,0.88,0.92,0.91,0.89,0.92,0.9,0.92,0.92,0.85,0.87,0.85,0.85,0.78,0.72,0.6,0.6,0.79,0.71,0.65,0.73,0.68,0.68,0.7,0.75,0.71,0.61,0.66,0.71,0.66,0.71,0.73,0.76,0.78,0.77,0.82,0.78,0.85,0.83,0.8,0.8,0.77,0.77,0.77,0.78,0.82,0.8,0.79,0.77
2026-09-14T22:00:00Z,0.32,0.09,0.36,0.05,0.28,0.57,0.74,0.73,0.83,0.74,0.87,0.86,0.77,0.61,0.89,0.88,0.93,0.94,0.93,0.95,0.89,0.88,0.86,0.84,0.78,0.87,0.79,0.77,0.81,0.84,0.81,0.78,0.78,0.78,0.65,0.72,0.66,0.63,0.56,0.57,0.65,0.53,0.59,0.49,0.66,0.73,0.65,0.78,0.8,0.72,0.64,0.81,0.81,0.78,0.7,0.79,0.84,0.73,0.74,0.8,0.85,0.85,0.81,0.74
2026-09-14T23:00:00Z,0.47,0.44,0.33,0.55,0.43,0.6,0.58,0.66,0.7,0.84,0.88,0.79,0.76,0.63,0.87,0.83,0.91,0.87,0.9,0.91,0.92,0.9,0.84,0.89,0.84,0.84,0.86,0.87,0.85,0.8,0.7,0.8,0.75,0.68,0.69,0.6,0.61,0.75,0.77,0.73,0.64,0.63,0.58,0.61,0.67,0.69,0.68,0.75,0.71,0.81,0.78,0.71,0.8,0.79,0.73,0.74,0.79,0.79,0.58,0.61,0.76,0.72,0.74,0.8
2026-09-15T00:00:00Z,0.23,0.07,0.15,0.46,0.61,0.52,0.72,0.87,0.88,0.71,0.84,0.84,0.82,0.43,0.76,0.89,0.86,0.9,0.92,0.94,0.85,0.88,0.9,0.89,0.92,0.82,0.91,0.76,0.8,0.82,0.67,0.76,0.67,0.67,0.66,0.62,0.62,0.62,0.49,0.56,0.76,0.71,0.78,0.76,0.74,0.76,0.78,0.77,0.81,0.73,0.73,0.7,0.75,0.76,0.78,0.77,0.71,0.62,0.76,0.72,0.71,0.63,0.77,0.76
2026-09-15T01:00:00Z,0.69,0.6,0.27,0.46,0.69,0.58,0.76,0.81,0.79,0.8,0.8,0.79,0.82,0.74,0.82,0.82,0.93,0.91,0.89,0.88,0.86,0.91,0.91,0.88,0.88,0.92,0.76,0.83,0.83,0.81,0.81,0.82,0.74,0.7,0.65,0.72,0.68,0.64,0.68,0.72,0.68,0.63,0.66,0.69,0.71,0.69,0.58,0.53,0.55,0.57,0.62,0.68,0.68,0.74,0.8,0.64,0.66,0.69,0.64,0.59,0.68,0.66,0.61,0.51
2026-09-15T02:00:00Z,0.5,0.33,0.13,0.44,0.58,0.67,0.85,0.85,0.91,0.77,0.72,0.74,0.63,0.87,0.77,0.89,0.88,0.92,0.89,0.89,0.92,0.92,0.92,0.93,0.85,0.83,0.89,0.82,0.83,0.83,0.69,0.78,0.77,0.81,0.66,0.68,0.57,0.59,0.66,0.66,0.65,0.65,0.63,0.54,0.71,0.64,0.69,0.65,0.61,0.62,0.61,0.6,0.71,0.65,0.65,0.59,0.62,0.64,0.61,0.68,0.78,0.77,0.68,0.63
2026-09-15T03:00:00Z,0.5,0.15,0.23,0.41,0.68,0.59,0.67,0.72,0.87,0.74,0.95,0.73,0.7,0.7,0.74,0.88,0.91,0.9,0.9,0.91,0.92,0.92,0.9,0.85,0.85,0.88,0.87,0.91,0.87,0.81,0.83,0.76,0.79,0.76,0.78,0.83,0.71,0.73,0.71,0.81,0.79,0.67,0.62,0.59,0.74,0.72,0.72,0.53,0.49,0.55,0.49,0.53,0.48,0.57,0.59,0.67,0.62,0.69,0.75,0.79,0.69,0.78,0.73,0.67
2026-09-15T04:00:00Z,0.14,0.03,0.29,0.28,0.56,0.4,0.74,0.75,0.89,0.7,0.85,0.89,0.72,0.77,0.74,0.9,0.9,0.91,0.92,0.91,0.87,0.85,0.89,0.91,0.91,0.85,0.84,0.82,0.87,0.83,0.86,0.83,0.79,0.81,0.75,0.76,0.68,0.63,0.61,0.64,0.63,0.63,0.57,0.48,0.66,0.55,0.68,0.74,0.72,0.71,0.75,0.7,0.67,0.71,0.74,0.69,0.69,0.62,0.65,0.61,0.64,0.63,0.64,0.69
2026-09-15T05:00:00Z,0.5,0.4,0.36,0.42,0.65,0.72,0.61,0.67,0.6,0.71,0.85,0.91,0.76,0.72,0.66,0.7,0.82,0.83,0.84,0.93,0.94,0.91,0.92,0.89,0.86,0.81,0.84,0.84,0.79,0.74,0.79,0.72,0.8,0.8,0.81,0.87,0.81,0.75,0.73,0.72,0.84,0.75,0.71,0.59,0.78,0.73,0.83,0.65,0.73,0.72,0.71,0.68,0.78,0.7,0.71,0.74,0.69,0.71,0.73,0.73,0.64,0.6,0.73,0.67
2026-09-15T06:00:00Z,0.22,0.08,0.24,0.28,0.57,0.5,0.56,0.74,0.75,0.8,0.8,0.82,0.86,0.7,0.59,0.85,0.81,0.91,0.89,0.86,0.85,0.9,0.88,0.9,0.88,0.93,0.91,0.8,0.78,0.83,0.84,0.76,0.81,0.88,0.79,0.78,0.8,0.81,0.77,0.77,0.76,0.7,0.69,0.78,0.8,0.81,0.62,0.76,0.73,0.76,0.61,0.73,0.75,0.68,0.73,0.69,0.71,0.74,0.69,0.59,0.54,0.71,0.67,0.72
2026-09-15T07:00:00Z,0.68,0.53,0.4,0.13,0.66,0.63,0.79,0.81,0.8,0.79,0.87,0.81,0.87,0.62,0.58,0.86,0.92,0.9,0.83,0.86,0.92,0.87,0.92,0.92,0.93,0.87,0.87,0.85,0.88,0.88,0.89,0.81,0.88,0.79,0.82,0.86,0.85,0.82,0.79,0.76,0.73,0.75,0.64,0.69,0.58,0.77,0.74,0.69,0.75,0.72,0.75,0.71,0.66,0.59,0.68,0.72,0.62,0.61,0.7,0.73,0.71,0.67,0.6,0.63
2026-09-15T08:00:00Z,0.45,0.4,0.38,0.35,0.63,0.32,0.77,0.84,0.88,0.86,0.85,0.87,0.72,0.74,0.7,0.79,0.85,0.89,0.89,0.87,0.86,0.89,0.89,0.92,0.91,0.89,0.9,0.87,0.86,0.87,0.82,0.86,0.8,0.85,0.74,0.85,0.82,0.81,0.73,0.76,0.76,0.71,0.74,0.54,0.66,0.72,0.75,0.64,0.65,0.6,0.72,0.75,0.75,0.75,0.67,0.72,0.65,0.65,0.63,0.58,0.51,0.61,0.74,0.71
2026-09-15T09:00:00Z,0.45,0.41,0.26,0.22,0.61,0.72,0.84,0.82,0.77,0.62,0.87,0.89,0.88,0.68,0.76,0.83,0.81,0.86,0.87,0.93,0.87,0.91,0.92,0.85,0.86,0.87,0.85,0.81,0.87,0.82,0.88,0.85,0.88,0.86,0.85,0.82,0.82,0.79,0.76,0.67,0.64,0.63,0.56,0.6,0.62,0.71,0.72,0.66,0.58,0.53,0.7,0.7,0.74,0.6,0.63,0.64,0.74,0.63,0.66,0.67,0.67,0.69,0.69,0.7
2026-09-15T10:00:00Z,0.39,0.41,0.34,0.37,0.65,0.66,0.79,0.73,0.75,0.85,0.87,0.91,0.76,0.74,0.73,0.87,0.83,0.84,0.91,0.88,0.89,0.91,0.88,0.91,0.92,0.9,0.92,0.88,0.86,0.82,0.85,0.89,0.91,0.9,0.88,0.82,0.72,0.82,0.68,0.63,0.71,0.62,0.52,0.69,0.68,0.66,0.7,0.71,0.63,0.61,0.59,0.61,0.54,0.61,0.72,0.63,0.73,0.66,0.69,0.68,0.65,0.66,0.65,0.71
2026-09-15T11:00:00Z,0.54,0.32,0.36,0.23,0.62,0.74,0.83,0.73,0.75,0.85,0.89,0.88,0.59,0.61,0.58,0.85,0.79,0.84,0.86,0.87,0.91,0.87,0.85,0.92,0.93,0.89,0.87,0.87,0.88,0.88,0.88,0.81,0.89,0.88,0.72,0.73,0.77,0.75,0.75,0.68,0.65,0.6,0.65,0.61,0.7,0.69,0.69,0.64,0.72,0.7,0.65,0.67,0.68,0.61,0.68,0.5,0.62,0.52,0.61,0.62,0.6,0.7,0.71,0.63
2026-09-15T12:00:00Z,0.39,0.44,0.37,0.28,0.7,0.58,0.84,0.89,0.77,0.8,0.76,0.81,0.73,0.52,0.75,0.92,0.85,0.76,0.86,0.83,0.85,0.89,0.88,0.89,0.91,0.93,0.89,0.86,0.89,0.86,0.86,0.81,0.85,0.85,0.82,0.86,0.84,0.77,0.79,0.76,0.66,0.6,0.44,0.6,0.55,0.73,0.68,0.62,0.69,0.68,0.67,0.66,0.48,0.54,0.71,0.68,0.67,0.63,0.63,0.6,0.76,0.68,0.55,0.73
2026-09-15T13:00:00Z,0.39,0.4,0.57,0.22,0.73,0.7,0.84,0.8,0.76,0.72,0.7,0.77,0.8,0.76,0.74,0.91,0.89,0.88,0.84,0.9,0.9,0.91,0.92,0.89,0.91,0.92,0.85,0.86,0.84,0.84,0.77,0.81,0.78,0.78,0.77,0.76,0.83,0.83,0.75,0.63,0.69,0.66,0.68,0.66,0.54,0.63,0.64,0.72,0.74,0.61,0.76,0.79,0.76,0.71,0.64,0.73,0.71,0.67,0.76,0.72,0.69,0.69,0.68,0.71
2026-09-15T14:00:00Z,0.48,0.33,0.07,0.38,0.62,0.49,0.81,0.82,0.61,0.84,0.76,0.88,0.82,0.69,0.93,0.86,0.93,0.88,0.88,0.91,0.91,0.91,0.92,0.91,0.88,0.85,0.85,0.87,0.84,0.89,0.81,0.83,0.71,0.76,0.85,0.8,0.79,0.78,0.78,0.66,0.61,0.65,0.62,0.62,0.59,0.58,0.61,0.67,0.65,0.72,0.77,0.73,0.78,0.77,0.84,0.8,0.73,0.79,0.75,0.73,0.84,0.75,0.75,0.7
2026-09-15T15:00:00Z,0.34,0.29,0.18,0.38,0.61,0.68,0.74,0.69,0.8,0.81,0.79,0.8,0.78,0.55,0.73,0.8,0.81,0.91,0.92,0.89,0.95,0.93,0.85,0.87,0.86,0.87,0.86,0.92,0.89,0.83,0.82,0.86,0.84,0.81,0.87,0.81,0.83,0.82,0.8,0.75,0.77,0.61,0.64,0.73,0.54,0.55,0.56,0.62,0.67,0.6,0.71,0.78,0.77,0.81,0.8,0.84,0.76,0.79,0.75,0.82,0.81,0.79,0.83,0.81
2026-09-15T16:00:00Z,0.4,0.17,0.29,0.29,0.61,0.61,0.77,0.81,0.79,0.77,0.81,0.81,0.7,0.75,0.79,0.85,0.89,0.89,0.91,0.91,0.93,0.94,0.92,0.92,0.87,0.87,0.85,0.88,0.89,0.87,0.85,0.8,0.88,0.78,0.78,0.72,0.69,0.66,0.8,0.66,0.63,0.64,0.64,0.67,0.65,0.55,0.62,0.67,0.76,0.71,0.71,0.71,0.71,0.75,0.77,0.77,0.76,0.78,0.74,0.68,0.77,0.67,0.78,0.82
2026-09-15T17:00:00Z,0.55,0.43,0.13,0.24,0.51,0.79,0.69,0.7,0.82,0.81,0.65,0.86,0.38,0.9,0.74,0.76,0.84,0.8,0.79,0.83,0.86,0.83,0.88,0.87,0.86,0.88,0.87,0.9,0.82,0.9,0.8,0.76,0.76,0.73,0.78,0.81,0.75,0.72,0.62,0.62,0.67,0.61,0.48,0.54,0.59,0.56,0.62,0.65,0.64,0.76,0.68,0.78,0.72,0.82,0.84,0.77,0.82,0.77,0.77,0.75,0.76,0.78,0.77,0.74
2026-09-15T18:00:00Z,0.46,0.44,0.1,0.09,0.57,0.82,0.64,0.69,0.8,0.81,0.64,0.84,0.57,0.67,0.68,0.89,0.88,0.8,0.87,0.85,0.84,0.83,0.87,0.86,0.88,0.91,0.86,0.83,0.89,0.84,0.71,0.72,0.75,0.74,0.71,0.73,0.73,0.78,0.67,0.64,0.53,0.52,0.59,0.63,0.56,0.51,0.51,0.52,0.67,0.76,0.78,0.74,0.67,0.56,0.64,0.57,0.68,0.75,0.77,0.59,0.69,0.66,0.71,0.74
2026-09-15T19:00:00Z,0.34,0.28,0.38,0.39,0.43,0.81,0.85,0.79,0.77,0.7,0.74,0.65,0.49,0.69,0.71,0.69,0.81,0.8,0.8,0.81,0.87,0.86,0.88,0.86,0.86,0.86,0.84,0.88,0.87,0.79,0.66,0.71,0.75,0.76,0.67,0.73,0.87,0.69,0.66,0.62,0.65,0.51,0.65,0.63,0.66,0.7,0.62,0.63,0.74,0.74,0.72,0.67,0.6,0.65,0.81,0.73,0.71,0.72,0.65,0.72,0.66,0.69,0.78,0.75
2026-09-15T20:00:00Z,0.22,0.11,0.07,0.68,0.22,0.76,0.68,0.58,0.62,0.68,0.51,0.87,0.66,0.52,0.67,0.83,0.85,0.77,0.86,0.88,0.86,0.81,0.82,0.9,0.85,0.83,0.8,0.87,0.78,0.72,0.78,0.74,0.81,0.72,0.78,0.68,0.64,0.69,0.69,0.74,0.74,0.74,0.72,0.72,0.76,0.81,0.88,0.83,0.8,0.74,0.8,0.79,0.78,0.79,0.78,0.82,0.8,0.77,0.77,0.83,0.78,0.72,0.78,0.82
2026-09-15T21:00:00Z,0.27,0.18,0.37,0.28,0.53,0.65,0.89,0.84,0.78,0.76,0.56,0.73,0.75,0.78,0.79,0.87,0.81,0.8,0.84,0.87,0.93,0.89,0.87,0.92,0.93,0.88,0.85,0.88,0.87,0.82,0.82,0.69,0.77,0.79,0.75,0.75,0.71,0.76,0.82,0.65,0.67,0.73,0.75,0.78,0.75,0.69,0.73,0.66,0.74,0.72,0.65,0.82,0.77,0.77,0.71,0.82,0.78,0.79,0.79,0.77,0.84,0.8,0.82,0.8
2026-09-15T22:00:00Z,0.64,0.57,0.44,0.04,0.56,0.77,0.77,0.88,0.9,0.83,0.74,0.61,0.79,0.76,0.82,0.88,0.91,0.81,0.84,0.83,0.89,0.85,0.92,0.92,0.89,0.73,0.85,0.73,0.73,0.72,0.76,0.75,0.75,0.67,0.67,0.74,0.81,0.72,0.73,0.59,0.66,0.36,0.6,0.7,0.72,0.56,0.74,0.75,0.78,0.67,0.69,0.74,0.82,0.74,0.72,0.75,0.77,0.78,0.79,0.8,0.73,0.84,0.85,0.79
2026-09-15T23:00:00Z,0.4,0.49,0.38,0.33,0.33,0.66,0.69,0.87,0.8,0.71,0.77,0.79,0.76,0.7,0.63,0.89,0.74,0.81,0.88,0.87,0.93,0.93,0.91,0.86,0.88,0.86,0.79,0.83,0.87,0.78,0.77,0.79,0.71,0.81,0.8,0.54,0.63,0.63,0.68,0.53,0.51,0.52,0.55,0.52,0.35,0.33,0.51,0.61,0.71,0.69,0.72,0.79,0.79,0.75,0.71,0.85,0.83,0.82,0.89,0.87,0.82,0.81,0.83,0.83
2026-09-16T00:00:00Z,0.66,0.59,0.52,0.31,0.34,0.86,0.91,0.88,0.87,0.92,0.85,0.72,0.8,0.59,0.66,0.83,0.79,0.72,0.82,0.88,0.9,0.94,0.94,0.85,0.89,0.84,0.85,0.85,0.83,0.83,0.83,0.82,0.73,0.58,0.63,0.64,0.62,0.72,0.65,0.65,0.58,0.6,0.45,0.49,0.52,0.45,0.42,0.59,0.58,0.6,0.56,0.52,0.76,0.58,0.64,0.64,0.57,0.6,0.71,0.67,0.71,0.68,0.78,0.83
2026-09-16T01:00:00Z,0.48,0.41,0.58,0.38,0.26,0.83,0.88,0.91,0.88,0.85,0.72,0.7,0.42,0.62,0.69,0.61,0.75,0.77,0.74,0.87,0.89,0.88,0.78,0.86,0.84,0.79,0.84,0.88,0.81,0.84,0.76,0.67,0.49,0.69,0.66,0.68,0.66,0.77,0.66,0.7,0.72,0.6,0.62,0.6,0.52,0.5,0.65,0.57,0.67,0.63,0.64,0.56,0.78,0.77,0.56,0.66,0.71,0.72,0.73,0.71,0.71,0.77,0.77,0.69
2026-09-16T02:00:00Z,0.37,0.41,0.25,0.17,0.56,0.87,0.9,0.91,0.88,0.84,0.7,0.6,0.74,0.53,0.68,0.74,0.89,0.71,0.82,0.87,0.87,0.87,0.82,0.91,0.9,0.91,0.83,0.81,0.77,0.74,0.7,0.76,0.76,0.65,0.73,0.76,0.74,0.79,0.77,0.67,0.64,0.54,0.62,0.65,0.55,0.57,0.58,0.51,0.59,0.66,0.64,0.72,0.56,0.65,0.67,0.61,0.67,0.71,0.74,0.64,0.69,0.75,0.72,0.63
2026-09-16T03:00:00Z,0.67,0.45,0.51,0.5,0.65,0.93,0.88,0.91,0.89,0.75,0.91,0.72,0.63,0.53,0.64,0.86,0.66,0.69,0.6,0.8,0.89,0.86,0.83,0.9,0.83,0.88,0.88,0.78,0.86,0.68,0.79,0.79,0.85,0.64,0.63,0.69,0.78,0.59,0.61,0.58,0.62,0.71,0.55,0.49,0.62,0.54,0.48,0.53,0.43,0.51,0.56,0.64,0.59,0.59,0.56,0.52,0.6,0.74,0.63,0.68,0.69,0.66,0.67,0.63
2026-09-16T04:00:00Z,0.69,0.52,0.28,0.58,0.72,0.9,0.96,0.92,0.82,0.88,0.85,0.84,0.67,0.69,0.59,0.69,0.7,0.56,0.72,0.74,0.82,0.86,0.88,0.92,0.9,0.89,0.84,0.86,0.88,0.86,0.86,0.77,0.67,0.77,0.82,0.81,0.73,0.63,0.65,0.58,0.6,0.67,0.59,0.45,0.63,0.59,0.66,0.53,0.59,0.57,0.66,0.44,0.56,0.41,0.58,0.53,0.53,0.49,0.56,0.53,0.47,0.53,0.6,0.58
2026-09-16T05:00:00Z,0.67,0.55,0.13,0.58,0.71,0.93,0.92,0.82,0.86,0.95,0.81,0.76,0.81,0.52,0.66,0.62,0.75,0.69,0.76,0.79,0.79,0.85,0.82,0.88,0.87,0.91,0.84,0.84,0.73,0.84,0.85,0.82,0.68,0.58,0.6,0.66,0.56,0.6,0.49,0.64,0.66,0.6,0.46,0.61,0.69,0.6,0.54,0.42,0.47,0.57,0.56,0.59,0.54,0.58,0.55,0.51,0.34,0.6,0.63,0.5,0.39,0.51,0.53,0.59
2026-09-16T06:00:00Z,0.53,0.26,0.22,0.53,0.66,0.75,0.88,0.92,0.9,0.9,0.73,0.57,0.77,0.53,0.76,0.61,0.71,0.6,0.75,0.87,0.84,0.82,0.87,0.86,0.86,0.82,0.8,0.86,0.84,0.78,0.88,0.82,0.72,0.83,0.82,0.78,0.71,0.76,0.71,0.68,0.71,0.78,0.73,0.66,0.64,0.65,0.62,0.66,0.56,0.62,0.51,0.58,0.55,0.6,0.47,0.42,0.4,0.46,0.55,0.45,0.53,0.5,0.57,0.73
2026-09-16T07:00:00Z,0.8,0.52,0.28,0.4,0.5,0.89,0.85,0.85,0.78,0.91,0.8,0.68,0.68,0.63,0.59,0.69,0.71,0.79,0.69,0.77,0.84,0.84,0.91,0.86,0.84,0.88,0.83,0.82,0.86,0.8,0.76,0.81,0.84,0.82,0.84,0.83,0.73,0.69,0.7,0.8,0.74,0.78,0.6,0.64,0.66,0.63,0.65,0.76,0.7,0.59,0.57,0.52,0.57,0.63,0.71,0.64,0.76,0.77,0.67,0.82,0.79,0.74,0.82,0.82
2026-09-16T08:00:00Z,0.69,0.59,0.05,0.35,0.54,0.94,0.9,0.85,0.82,0.95,0.64,0.72,0.63,0.45,0.63,0.71,0.73,0.72,0.76,0.79,0.87,0.86,0.87,0.91,0.87,0.85,0.86,0.85,0.88,0.85,0.8,0.85,0.81,0.83,0.81,0.8,0.81,0.71,0.67,0.76,0.72,0.74,0.71,0.74,0.81,0.72,0.77,0.73,0.61,0.73,0.75,0.73,0.65,0.7,0.67,0.72,0.79,0.77,0.75,0.74,0.75,0.74,0.8,0.67
2026-09-16T09:00:00Z,0.65,0.42,0.23,0.17,0.37,0.76,0.9,0.9,0.9,0.87,0.77,0.76,0.68,0.61,0.55,0.8,0.71,0.55,0.67,0.8,0.82,0.86,0.91,0.9,0.84,0.88,0.88,0.91,0.83,0.84,0.84,0.8,0.78,0.83,0.84,0.81,0.86,0.71,0.8,0.78,0.77,0.79,0.78,0.79,0.72,0.84,0.86,0.8,0.83,0.88,0.86,0.82,0.81,0.86,0.88,0.83,0.83,0.8,0.77,0.82,0.81,0.79,0.83,0.75
2026-09-16T10:00:00Z,0.47,0.67,0.38,0.54,0.63,0.76,0.96,0.81,0.9,0.74,0.83,0.8,0.78,0.64,0.56,0.53,0.77,0.79,0.8,0.88,0.84,0.89,0.89,0.89,0.93,0.87,0.85,0.83,0.77,0.87,0.84,0.85,0.84,0.78,0.89,0.76,0.8,0.88,0.77,0.72,0.83,0.85,0.86,0.79,0.86,0.91,0.82,0.85,0.92,0.91,0.91,0.89,0.87,0.91,0.9,0.85,0.9,0.92,0.88,0.85,0.88,0.84,0.8,0.87
2026-09-16T11:00:00Z,0.48,0.57,0.56,0.05,0.71,0.82,0.95,0.82,0.89,0.76,0.84,0.88,0.57,0.64,0.69,0.68,0.82,0.84,0.79,0.77,0.83,0.9,0.88,0.88,0.83,0.85,0.86,0.9,0.85,0.79,0.79,0.8,0.83,0.8,0.82,0.79,0.79,0.75,0.77,0.76,0.82,0.81,0.76,0.79,0.79,0.76,0.8,0.81,0.8,0.85,0.83,0.88,0.93,0.9,0.86,0.84,0.89,0.88,0.88,0.86,0.85,0.9,0.87,0.78
2026-09-16T12:00:00Z,0.35,0.26,0.29,0.27,0.39,0.79,0.85,0.89,0.84,0.75,0.81,0.84,0.71,0.64,0.71,0.76,0.79,0.69,0.78,0.81,0.87,0.85,0.89,0.81,0.81,0.86,0.86,0.83,0.78,0.84,0.81,0.83,0.82,0.81,0.85,0.81,0.79,0.74,0.74,0.74,0.82,0.79,0.8,0.67,0.69,0.67,0.74,0.77,0.72,0.7,0.72,0.74,0.84,0.8,0.79,0.82,0.79,0.86,0.85,0.87,0.87,0.81,0.84,0.81
2026-09-16T13:00:00Z,0.2,0.25,0.27,0.57,0.58,0.84,0.9,0.9,0.78,0.69,0.88,0.68,0.82,0.39,0.69,0.78,0.66,0.79,0.82,0.79,0.87,0.84,0.87,0.86,0.88,0.87,0.68,0.76,0.85,0.85,0.83,0.83,0.76,0.73,0.76,0.59,0.72,0.52,0.66,0.76,0.72,0.77,0.7,0.76,0.74,0.74,0.72,0.76,0.81,0.7,0.64,0.76,0.73,0.81,0.73,0.79,0.76,0.82,0.85,0.86,0.85,0.81,0.83,0.75
2026-09-16T14:00:00Z,0.67,0.59,0.27,0.42,0.41,0.84,0.95,0.83,0.9,0.85,0.92,0.84,0.59,0.65,0.58,0.8,0.73,0.76,0.8,0.86,0.85,0.78,0.83,0.82,0.78,0.81,0.79,0.82,0.78,0.76,0.73,0.87,0.8,0.82,0.73,0.7,0.7,0.74,0.69,0.73,0.75,0.71,0.81,0.77,0.74,0.87,0.87,0.83,0.74,0.86,0.82,0.8,0.85,0.85,0.84,0.77,0.82,0.84,0.85,0.88,0.84,0.82,0.81,0.83
2026-09-16T15:00:00Z,0.62,0.49,0.38,0.16,0.53,0.73,0.94,0.9,0.81,0.81,0.83,0.88,0.56,0.68,0.64,0.36,0.5,0.51,0.5,0.73,0.79,0.83,0.89,0.93,0.89,0.86,0.81,0.79,0.79,0.8,0.69,0.77,0.69,0.66,0.69,0.52,0.76,0.69,0.62,0.62,0.28,0.51,0.71,0.69,0.79,0.46,0.44,0.75,0.79,0.69,0.74,0.82,0.81,0.85,0.79,0.85,0.78,0.82,0.84,0.82,0.83,0.79,0.79,0.83
2026-09-16T16:00:00Z,0.49,0.41,0.09,0.16,0.54,0.82,0.88,0.79,0.87,0.85,0.9,0.8,0.81,0.76,0.45,0.68,0.59,0.48,0.57,0.71,0.81,0.91,0.86,0.87,0.84,0.76,0.79,0.76,0.76,0.72,0.69,0.82,0.68,0.73,0.76,0.81,0.74,0.65,0.67,0.56,0.59,0.58,0.63,0.54,0.58,0.63,0.47,0.44,0.56,0.59,0.62,0.68,0.67,0.66,0.67,0.74,0.78,0.75,0.8,0.73,0.82,0.77,0.81,0.82
2026-09-16T17:00:00Z,0.38,0.46,0.4,0.16,0.27,0.68,0.88,0.86,0.77,0.84,0.83,0.82,0.81,0.81,0.64,0.48,0.45,0.58,0.5,0.7,0.87,0.89,0.89,0.87,0.89,0.83,0.61,0.65,0.81,0.75,0.79,0.7,0.53,0.67,0.68,0.67,0.66,0.51,0.43,0.49,0.54,0.59,0.41,0.41,0.42,0.39,0.71,0.62,0.47,0.57,0.58,0.36,0.47,0.59,0.42,0.63,0.61,0.71,0.7,0.68,0.77,0.79,0.85,0.79
2026-09-16T18:00:00Z,0.57,0.44,0.52,0.23,0.61,0.69,0.91,0.9,0.84,0.88,0.88,0.85,0.72,0.86,0.6,0.78,0.59,0.65,0.72,0.76,0.87,0.91,0.85,0.86,0.89,0.9,0.89,0.87,0.8,0.76,0.73,0.83,0.82,0.73,0.71,0.67,0.77,0.81,0.67,0.68,0.5,0.6,0.66,0.55,0.59,0.57,0.65,0.52,0.55,0.57,0.66,0.64,0.65,0.69,0.63,0.65,0.71,0.73,0.73,0.76,0.78,0.8,0.73,0.79
2026-09-16T19:00:00Z,0.76,0.63,0.31,0.52,0.29,0.78,0.92,0.88,0.79,0.79,0.88,0.8,0.63,0.6,0.66,0.56,0.65,0.57,0.65,0.71,0.65,0.86,0.87,0.9,0.85,0.88,0.86,0.87,0.82,0.83,0.88,0.77,0.76,0.69,0.69,0.58,0.59,0.68,0.68,0.59,0.63,0.48,0.54,0.58,0.39,0.46,0.53,0.53,0.5,0.7,0.61,0.64,0.73,0.78,0.84,0.85,0.77,0.82,0.76,0.82,0.82,0.73,0.84,0.84
2026-09-16T20:00:00Z,0.26,0.45,0.28,0.35,0.3,0.7,0.84,0.81,0.82,0.88,0.74,0.78,0.43,0.69,0.66,0.67,0.46,0.66,0.52,0.67,0.83,0.81,0.81,0.81,0.85,0.8,0.87,0.87,0.75,0.82,0.74,0.81,0.78,0.72,0.78,0.7,0.65,0.6,0.8,0.71,0.67,0.67,0.73,0.72,0.53,0.66,0.65,0.71,0.69,0.74,0.72,0.76,0.76,0.75,0.79,0.72,0.82,0.78,0.88,0.81,0.84,0.86,0.88,0.89
2026-09-16T21:00:00Z,0.58,0.59,0.36,0.45,0.4,0.49,0.87,0.81,0.8,0.74,0.81,0.77,0.8,0.6,0.43,0.6,0.52,0.44,0.49,0.65,0.85,0.86,0.87,0.85,0.85,0.75,0.79,0.79,0.81,0.73,0.63,0.71,0.79,0.83,0.82,0.78,0.74,0.62,0.58,0.7,0.73,0.72,0.82,0.85,0.8,0.85,0.81,0.74,0.82,0.79,0.81,0.89,0.85,0.88,0.86,0.86,0.89,0.87,0.83,0.88,0.92,0.89,0.89,0.88
2026-09-16T22:00:00Z,0.55,0.34,0.43,0.31,0.22,0.45,0.92,0.84,0.73,0.78,0.88,0.84,0.6,0.79,0.55,0.53,0.57,0.59,0.69,0.77,0.86,0.81,0.77,0.77,0.79,0.84,0.82,0.78,0.83,0.78,0.87,0.75,0.85,0.75,0.78,0.71,0.87,0.86,0.79,0.75,0.75,0.76,0.87,0.81,0.87,0.82,0.86,0.87,0.87,0.85,0.87,0.78,0.87,0.85,0.81,0.84,0.85,0.89,0.89,0.9,0.81,0.87,0.87,0.88
2026-09-16T23:00:00Z,0.39,0.2,0.08,0.18,0.56,0.38,0.92,0.84,0.84,0.78,0.89,0.83,0.77,0.73,0.69,0.78,0.61,0.52,0.54,0.61,0.62,0.73,0.84,0.82,0.8,0.81,0.82,0.76,0.78,0.82,0.82,0.85,0.88,0.82,0.88,0.84,0.89,0.9,0.84,0.83,0.79,0.77,0.87,0.88,0.84,0.9,0.85,0.9,0.87,0.86,0.88,0.88,0.91,0.91,0.87,0.86,0.84,0.82,0.82,0.88,0.87,0.81,0.85,0.79
2026-09-17T00:00:00Z,0.63,0.52,0.38,0.24,0.34,0.5,0.95,0.89,0.85,0.77,0.92,0.85,0.8,0.79,0.88,0.62,0.54,0.56,0.65,0.66,0.72,0.82,0.8,0.77,0.78,0.82,0.79,0.74,0.82,0.71,0.81,0.85,0.8,0.77,0.83,0.88,0.84,0.81,0.82,0.69,0.76,0.87,0.83,0.82,0.82,0.88,0.89,0.85,0.83,0.78,0.64,0.75,0.75,0.77,0.82,0.86,0.83,0.71,0.79,0.82,0.8,0.8,0.79,0.84
2026-09-17T01:00:00Z,0.18,0.22,0.53,0.5,0.38,0.76,0.88,0.94,0.89,0.76,0.94,0.9,0.92,0.87,0.86,0.63,0.5,0.51,0.62,0.69,0.65,0.72,0.76,0.81,0.83,0.74,0.81,0.81,0.62,0.64,0.65,0.64,0.74,0.78,0.78,0.87,0.86,0.85,0.8,0.8,0.79,0.86,0.76,0.8,0.74,0.85,0.81,0.69,0.8,0.77,0.85,0.81,0.81,0.8,0.83,0.71,0.74,0.75,0.84,0.83,0.77,0.71,0.73,0.81
2026-09-17T02:00:00Z,0.57,0.39,0.34,0.34,0.57,0.5,0.89,0.94,0.89,0.86,0.86,0.86,0.8,0.8,0.78,0.71,0.63,0.49,0.58,0.72,0.71,0.83,0.77,0.82,0.83,0.77,0.77,0.75,0.83,0.84,0.89,0.85,0.9,0.88,0.79,0.86,0.8,0.81,0.81,0.79,0.69,0.76,0.75,0.7,0.66,0.74,0.71,0.72,0.75,0.8,0.72,0.71,0.79,0.7,0.8,0.76,0.85,0.71,0.7,0.71,0.62,0.68,0.72,0.73
2026-09-17T03:00:00Z,0.17,0.12,0.34,0.48,0.35,0.49,0.9,0.93,0.79,0.73,0.66,0.74,0.84,0.76,0.87,0.41,0.6,0.62,0.58,0.57,0.83,0.76,0.79,0.84,0.82,0.84,0.81,0.78,0.81,0.82,0.84,0.86,0.78,0.8,0.85,0.87,0.77,0.77,0.83,0.83,0.73,0.74,0.78,0.78,0.69,0.64,0.73,0.74,0.77,0.76,0.66,0.67,0.66,0.64,0.68,0.73,0.75,0.69,0.66,0.68,0.72,0.68,0.69,0.77
2026-09-17T04:00:00Z,0.42,0.41,0.47,0.57,0.84,0.59,0.81,0.94,0.9,0.89,0.58,0.89,0.9,0.72,0.82,0.54,0.65,0.67,0.55,0.68,0.7,0.78,0.86,0.86,0.83,0.81,0.81,0.85,0.84,0.88,0.81,0.88,0.81,0.78,0.82,0.79,0.84,0.78,0.78,0.82,0.82,0.74,0.69,0.66,0.73,0.7,0.74,0.67,0.72,0.62,0.66,0.69,0.6,0.69,0.71,0.68,0.62,0.69,0.75,0.73,0.82,0.72,0.71,0.77
2026-09-17T05:00:00Z,0.75,0.64,0.25,0.39,0.47,0.73,0.91,0.96,0.89,0.92,0.89,0.93,0.82,0.86,0.62,0.7,0.64,0.53,0.63,0.77,0.81,0.75,0.83,0.86,0.85,0.82,0.8,0.87,0.87,0.88,0.88,0.9,0.91,0.82,0.83,0.8,0.81,0.84,0.77,0.74,0.78,0.73,0.64,0.72,0.69,0.66,0.63,0.78,0.77,0.65,0.74,0.67,0.74,0.73,0.7,0.71,0.66,0.68,0.67,0.77,0.72,0.79,0.71,0.69
2026-09-17T06:00:00Z,0.65,0.32,0.28,0.43,0.64,0.66,0.88,0.9,0.93,0.9,0.88,0.89,0.91,0.77,0.86,0.69,0.81,0.62,0.54,0.7,0.72,0.75,0.86,0.89,0.88,0.87,0.84,0.85,0.86,0.82,0.81,0.81,0.78,0.78,0.8,0.79,0.88,0.77,0.71,0.65,0.78,0.62,0.65,0.67,0.69,0.71,0.71,0.69,0.76,0.71,0.69,0.58,0.64,0.67,0.71,0.72,0.75,0.67,0.61,0.74,0.73,0.72,0.67,0.67
2026-09-17T07:00:00Z,0.62,0.51,0.45,0.3,0.86,0.79,0.88,0.98,0.92,0.77,0.85,0.71,0.83,0.78,0.87,0.7,0.73,0.72,0.43,0.62,0.7,0.8,0.86,0.84,0.89,0.87,0.91,0.89,0.85,0.87,0.89,0.85,0.83,0.76,0.74,0.78,0.77,0.78,0.75,0.75,0.74,0.59,0.58,0.55,0.64,0.75,0.64,0.67,0.67,0.71,0.69,0.73,0.69,0.64,0.85,0.78,0.72,0.77,0.79,0.76,0.82,0.82,0.71,0.78
2026-09-17T08:00:00Z,0.67,0.54,0.47,0.36,0.63,0.73,0.84,0.95,0.85,0.88,0.86,0.88,0.82,0.67,0.73,0.81,0.51,0.63,0.66,0.6,0.75,0.83,0.88,0.84,0.86,0.84,0.86,0.83,0.85,0.88,0.84,0.87,0.84,0.77,0.78,0.78,0.73,0.71,0.67,0.76,0.81,0.78,0.72,0.74,0.68,0.55,0.65,0.74,0.74,0.68,0.68,0.72,0.79,0.79,0.69,0.76,0.73,0.65,0.68,0.74,0.69,0.73,0.77,0.78
2026-09-17T09:00:00Z,0.66,0.6,0.29,0.4,0.62,0.57,0.82,0.94,0.92,0.93,0.77,0.92,0.9,0.78,0.59,0.58,0.63,0.62,0.62,0.64,0.67,0.87,0.85,0.83,0.9,0.87,0.85,0.91,0.87,0.86,0.85,0.84,0.85,0.83,0.83,0.7,0.68,0.71,0.7,0.79,0.66,0.79,0.81,0.76,0.67,0.53,0.68,0.65,0.64,0.71,0.65,0.7,0.74,0.81,0.73,0.67,0.72,0.7,0.77,0.75,0.62,0.72,0.78,0.68
2026-09-17T10:00:00Z,0.64,0.38,0.46,0.46,0.76,0.63,0.87,0.98,0.91,0.87,0.88,0.85,0.89,0.59,0.65,0.69,0.55,0.59,0.53,0.61,0.81,0.89,0.86,0.86,0.85,0.86,0.78,0.79,0.82,0.84,0.81,0.83,0.81,0.73,0.81,0.76,0.78,0.82,0.77,0.75,0.71,0.76,0.77,0.78,0.73,0.75,0.71,0.71,0.63,0.73,0.66,0.67,0.72,0.78,0.65,0.68,0.69,0.65,0.7,0.76,0.65,0.73,0.66,0.67
2026-09-17T11:00:00Z,0.52,0.48,0.18,0.19,0.69,0.75,0.81,0.95,0.91,0.83,0.91,0.94,0.78,0.89,0.7,0.64,0.59,0.56,0.45,0.52,0.78,0.79,0.83,0.77,0.84,0.82,0.83,0.86,0.82,0.78,0.78,0.82,0.79,0.76,0.81,0.77,0.8,0.72,0.81,0.84,0.73,0.84,0.79,0.83,0.84,0.75,0.76,0.83,0.83,0.8,0.8,0.74,0.67,0.74,0.75,0.7,0.71,0.74,0.64,0.75,0.7,0.77,0.73,0.81
2026-09-17T12:00:00Z,0.55,0.4,0.4,0.69,0.59,0.52,0.89,0.95,0.92,0.93,0.87,0.94,0.89,0.84,0.56,0.69,0.55,0.45,0.51,0.63,0.72,0.85,0.73,0.81,0.86,0.86,0.89,0.89,0.79,0.79,0.79,0.72,0.8,0.83,0.87,0.85,0.79,0.82,0.84,0.81,0.78,0.87,0.84,0.72,0.77,0.78,0.83,0.77,0.75,0.75,0.82,0.7,0.75,0.75,0.82,0.83,0.8,0.76,0.73,0.8,0.72,0.61,0.69,0.75
2026-09-17T13:00:00Z,0.55,0.42,0.31,0.35,0.77,0.72,0.71,0.95,0.87,0.96,0.75,0.94,0.93,0.83,0.75,0.58,0.61,0.58,0.52,0.68,0.82,0.81,0.84,0.9,0.84,0.81,0.87,0.87,0.86,0.81,0.81,0.81,0.84,0.82,0.77,0.8,0.82,0.74,0.78,0.85,0.86,0.88,0.79,0.75,0.76,0.74,0.78,0.73,0.83,0.81,0.8,0.81,0.67,0.75,0.71,0.75,0.68,0.68,0.65,0.78,0.76,0.76,0.69,0.68
2026-09-17T14:00:00Z,0.4,0.18,0.4,0.36,0.74,0.57,0.81,0.96,0.93,0.88,0.79,0.87,0.95,0.65,0.71,0.83,0.55,0.52,0.56,0.74,0.65,0.73,0.85,0.81,0.85,0.87,0.76,0.8,0.76,0.73,0.77,0.8,0.78,0.76,0.82,0.8,0.82,0.76,0.82,0.81,0.77,0.69,0.78,0.74,0.76,0.77,0.72,0.77,0.76,0.7,0.69,0.75,0.77,0.77,0.72,0.72,0.76,0.77,0.83,0.84,0.75,0.78,0.72,0.68
2026-09-17T15:00:00Z,0.72,0.64,0.35,0.32,0.75,0.45,0.85,0.94,0.95,0.9,0.89,0.88,0.96,0.9,0.73,0.82,0.61,0.56,0.42,0.62,0.69,0.77,0.83,0.88,0.84,0.85,0.88,0.91,0.82,0.84,0.75,0.65,0.82,0.62,0.73,0.81,0.84,0.7,0.73,0.76,0.73,0.77,0.66,0.75,0.8,0.75,0.73,0.63,0.68,0.7,0.75,0.69,0.68,0.68,0.76,0.77,0.64,0.7,0.72,0.72,0.64,0.75,0.72,0.67
2026-09-17T16:00:00Z,0.5,0.37,0.34,0.16,0.66,0.59,0.87,0.91,0.94,0.82,0.83,0.92,0.94,0.87,0.81,0.66,0.73,0.7,0.5,0.54,0.45,0.66,0.77,0.75,0.84,0.77,0.79,0.79,0.8,0.8,0.81,0.82,0.67,0.77,0.79,0.78,0.74,0.61,0.59,0.6,0.62,0.68,0.64,0.69,0.73,0.62,0.67,0.69,0.67,0.62,0.6,0.68,0.55,0.72,0.75,0.69,0.76,0.72,0.78,0.62,0.68,0.72,0.72,0.67
2026-09-17T17:00:00Z,0.57,0.4,0.32,0.18,0.67,0.65,0.73,0.92,0.93,0.87,0.91,0.93,0.95,0.9,0.83,0.55,0.72,0.66,0.61,0.59,0.71,0.86,0.86,0.81,0.78,0.85,0.85,0.86,0.77,0.81,0.8,0.76,0.78,0.79,0.77,0.71,0.77,0.79,0.68,0.72,0.65,0.71,0.64,0.67,0.7,0.62,0.7,0.71,0.74,0.75,0.72,0.65,0.66,0.78,0.69,0.66,0.75,0.72,0.71,0.8,0.7,0.69,0.75,0.68
2026-09-17T18:00:00Z,0.58,0.35,0.28,0.18,0.75,0.62,0.64,0.93,0.9,0.94,0.84,0.86,0.93,0.85,0.89,0.7,0.56,0.53,0.66,0.62,0.67,0.71,0.81,0.88,0.88,0.82,0.79,0.8,0.83,0.82,0.86,0.83,0.78,0.75,0.63,0.67,0.65,0.71,0.73,0.8,0.65,0.64,0.71,0.6,0.46,0.56,0.59,0.68,0.66,0.64,0.74,0.75,0.65,0.76,0.81,0.71,0.72,0.74,0.69,0.78,0.73,0.69,0.73,0.82
2026-09-17T19:00:00Z,0.58,0.48,0.22,0.33,0.75,0.74,0.84,0.93,0.94,0.83,0.87,0.8,0.88,0.8,0.65,0.61,0.6,0.64,0.79,0.68,0.73,0.79,0.79,0.8,0.85,0.84,0.83,0.87,0.78,0.86,0.77,0.72,0.85,0.77,0.77,0.74,0.76,0.65,0.66,0.66,0.75,0.62,0.64,0.72,0.69,0.8,0.76,0.69,0.71,0.78,0.76,0.73,0.72,0.86,0.82,0.76,0.77,0.76,0.84,0.83,0.77,0.83,0.82,0.71
2026-09-17T20:00:00Z,0.54,0.04,0.28,0.59,0.63,0.81,0.6,0.9,0.94,0.75,0.83,0.87,0.92,0.89,0.7,0.65,0.56,0.6,0.55,0.59,0.67,0.75,0.75,0.82,0.84,0.84,0.82,0.84,0.79,0.83,0.86,0.81,0.77,0.64,0.75,0.66,0.78,0.78,0.77,0.55,0.59,0.63,0.65,0.65,0.75,0.65,0.63,0.73,0.74,0.73,0.7,0.68,0.74,0.75,0.78,0.83,0.73,0.79,0.79,0.8,0.71,0.78,0.85,0.73
2026-09-17T21:00:00Z,0.48,0.31,0.44,0.13,0.58,0.81,0.73,0.94,0.93,0.9,0.86,0.65,0.88,0.89,0.78,0.64,0.61,0.47,0.57,0.52,0.54,0.61,0.74,0.78,0.83,0.8,0.88,0.84,0.81,0.79,0.84,0.78,0.72,0.74,0.77,0.69,0.61,0.62,0.67,0.72,0.56,0.67,0.58,0.62,0.63,0.73,0.63,0.83,0.77,0.81,0.72,0.76,0.76,0.84,0.69,0.75,0.73,0.77,0.81,0.78,0.7,0.73,0.71,0.71
2026-09-17T22:00:00Z,0.4,0.4,0.34,0.34,0.69,0.65,0.6,0.82,0.95,0.86,0.81,0.83,0.8,0.92,0.7,0.6,0.6,0.61,0.58,0.6,0.63,0.69,0.71,0.7,0.83,0.71,0.82,0.81,0.75,0.76,0.77,0.79,0.69,0.7,0.79,0.72,0.83,0.67,0.69,0.73,0.81,0.77,0.64,0.85,0.74,0.71,0.76,0.71,0.74,0.81,0.82,0.71,0.75,0.76,0.68,0.78,0.8,0.79,0.84,0.73,0.75,0.74,0.82,0.86
2026-09-17T23:00:00Z,0.52,0.36,0.35,0.36,0.58,0.68,0.56,0.83,0.91,0.91,0.9,0.78,0.86,0.82,0.63,0.75,0.51,0.5,0.49,0.53,0.68,0.69,0.57,0.76,0.69,0.73,0.77,0.87,0.67,0.8,0.83,0.77,0.78,0.79,0.77,0.76,0.72,0.8,0.76,0.77,0.73,0.81,0.7,0.79,0.77,0.68,0.77,0.78,0.82,0.79,0.8,0.85,0.79,0.8,0.84,0.76,0.74,0.77,0.84,0.78,0.8,0.77,0.73,0.77
2026-09-18T00:00:00Z,0.34,0.2,0.25,0.14,0.38,0.66,0.69,0.86,0.97,0.92,0.85,0.66,0.79,0.83,0.65,0.58,0.43,0.44,0.59,0.48,0.6,0.73,0.69,0.68,0.72,0.74,0.82,0.68,0.79,0.81,0.72,0.63,0.76,0.62,0.77,0.84,0.73,0.76,0.73,0.74,0.75,0.69,0.71,0.69,0.71,0.71,0.72,0.7,0.71,0.66,0.73,0.81,0.76,0.72,0.7,0.72,0.66,0.67,0.78,0.79,0.79,0.71,0.75,0.76
2026-09-18T01:00:00Z,0.46,0.46,0.32,0.4,0.75,0.76,0.65,0.89,0.97,0.93,0.88,0.84,0.91,0.75,0.64,0.66,0.39,0.55,0.49,0.61,0.68,0.58,0.71,0.77,0.73,0.85,0.86,0.75,0.78,0.88,0.85,0.73,0.73,0.79,0.75,0.77,0.83,0.72,0.76,0.65,0.77,0.56,0.67,0.64,0.69,0.68,0.72,0.73,0.7,0.71,0.71,0.75,0.79,0.69,0.74,0.78,0.76,0.69,0.67,0.79,0.71,0.73,0.74,0.69
2026-09-18T02:00:00Z,0.67,0.46,0.25,0.25,0.57,0.76,0.85,0.91,0.96,0.89,0.89,0.81,0.91,0.8,0.82,0.78,0.57,0.69,0.6,0.62,0.55,0.73,0.67,0.79,0.76,0.69,0.72,0.76,0.86,0.69,0.61,0.7,0.74,0.62,0.72,0.75,0.7,0.72,0.79,0.74,0.68,0.68,0.69,0.78,0.84,0.81,0.61,0.74,0.72,0.7,0.66,0.67,0.68,0.69,0.63,0.7,0.66,0.73,0.62,0.71,0.68,0.68,0.72,0.68
2026-09-18T03:00:00Z,0.56,0.28,0.63,0.42,0.8,0.76,0.67,0.86,0.91,0.92,0.92,0.87,0.91,0.87,0.82,0.77,0.63,0.63,0.66,0.59,0.71,0.83,0.71,0.77,0.72,0.81,0.78,0.78,0.88,0.82,0.82,0.79,0.81,0.77,0.73,0.76,0.74,0.64,0.71,0.65,0.78,0.72,0.64,0.6,0.61,0.52,0.71,0.75,0.62,0.59,0.65,0.58,0.62,0.63,0.65,0.71,0.66,0.69,0.63,0.63,0.64,0.65,0.6,0.6
2026-09-18T04:00:00Z,0.29,0.46,0.5,0.6,0.57,0.83,0.71,0.82,0.93,0.93,0.87,0.86,0.9,0.85,0.82,0.76,0.57,0.69,0.61,0.62,0.57,0.75,0.69,0.73,0.74,0.76,0.69,0.82,0.82,0.76,0.8,0.68,0.77,0.88,0.82,0.74,0.74,0.75,0.61,0.71,0.78,0.63,0.68,0.59,0.6,0.72,0.62,0.69,0.65,0.65,0.59,0.64,0.54,0.55,0.63,0.68,0.68,0.63,0.72,0.66,0.58,0.56,0.53,0.54
2026-09-18T05:00:00Z,0.42,0.21,0.2,0.36,0.84,0.87,0.82,0.9,0.92,0.9,0.91,0.87,0.8,0.87,0.7,0.53,0.57,0.56,0.55,0.62,0.73,0.73,0.68,0.86,0.73,0.78,0.71,0.78,0.81,0.73,0.85,0.83,0.84,0.81,0.83,0.73,0.8,0.82,0.68,0.66,0.7,0.64,0.7,0.56,0.5,0.49,0.63,0.6,0.66,0.59,0.6,0.66,0.68,0.74,0.44,0.62,0.74,0.63,0.57,0.58,0.68,0.62,0.61,0.72
2026-09-18T06:00:00Z,0.44,0.52,0.52,0.37,0.83,0.87,0.85,0.94,0.95,0.95,0.8,0.86,0.9,0.84,0.8,0.65,0.59,0.64,0.6,0.68,0.74,0.8,0.82,0.88,0.81,0.81,0.71,0.83,0.67,0.75,0.75,0.86,0.85,0.8,0.8,0.76,0.74,0.74,0.63,0.65,0.71,0.73,0.72,0.75,0.74,0.63,0.71,0.68,0.71,0.69,0.6,0.64,0.65,0.53,0.49,0.52,0.52,0.48,0.54,0.63,0.62,0.63,0.72,0.71
2026-09-18T07:00:00Z,0.45,0.46,0.17,0.53,0.61,0.65,0.7,0.82,0.93,0.95,0.93,0.76,0.92,0.83,0.88,0.61,0.51,0.69,0.56,0.55,0.72,0.81,0.85,0.9,0.89,0.82,0.88,0.81,0.86,0.8,0.84,0.85,0.78,0.78,0.73,0.76,0.63,0.74,0.62,0.6,0.62,0.6,0.51,0.59,0.56,0.56,0.5,0.61,0.68,0.61,0.67,0.72,0.59,0.54,0.55,0.68,0.67,0.59,0.66,0.52,0.56,0.6,0.53,0.65
2026-09-18T08:00:00Z,0.72,0.57,0.35,0.73,0.91,0.92,0.85,0.84,0.94,0.9,0.83,0.95,0.69,0.9,0.84,0.82,0.52,0.59,0.6,0.8,0.7,0.77,0.88,0.86,0.81,0.9,0.78,0.77,0.87,0.77,0.8,0.85,0.78,0.79,0.67,0.71,0.69,0.63,0.66,0.61,0.62,0.57,0.65,0.57,0.65,0.49,0.4,0.55,0.54,0.4,0.62,0.45,0.55,0.62,0.65,0.58,0.51,0.44,0.49,0.49,0.62,0.52,0.6,0.61
2026-09-18T09:00:00Z,0.59,0.63,0.39,0.56,0.86,0.94,0.85,0.89,0.94,0.96,0.94,0.92,0.87,0.88,0.85,0.59,0.55,0.48,0.69,0.72,0.75,0.81,0.87,0.86,0.9,0.87,0.82,0.83,0.86,0.76,0.8,0.8,0.73,0.78,0.78,0.71,0.66,0.7,0.71,0.75,0.56,0.56,0.65,0.54,0.52,0.5,0.44,0.52,0.69,0.58,0.63,0.52,0.53,0.55,0.5,0.57,0.55,0.56,0.55,0.53,0.38,0.63,0.48,0.44
2026-09-18T10:00:00Z,0.46,0.3,0.61,0.43,0.79,0.87,0.82,0.93,0.93,0.94,0.87,0.69,0.87,0.8,0.81,0.62,0.42,0.72,0.58,0.6,0.58,0.83,0.84,0.85,0.89,0.88,0.88,0.77,0.87,0.89,0.82,0.83,0.8,0.84,0.81,0.74,0.71,0.7,0.64,0.69,0.64,0.61,0.65,0.52,0.44,0.61,0.63,0.58,0.68,0.58,0.55,0.44,0.54,0.46,0.58,0.58,0.62,0.59,0.64,0.54,0.62,0.63,0.64,0.63
2026-09-18T11:00:00Z,0.71,0.74,0.44,0.33,0.72,0.78,0.79,0.78,0.94,0.96,0.96,0.95,0.94,0.77,0.86,0.59,0.66,0.79,0.87,0.61,0.79,0.73,0.82,0.91,0.95,0.93,0.92,0.91,0.89,0.91,0.89,0.88,0.86,0.82,0.74,0.73,0.79,0.77,0.64,0.74,0.75,0.73,0.71,0.69,0.72,0.63,0.51,0.5,0.57,0.57,0.56,0.48,0.53,0.64,0.71,0.65,0.73,0.68,0.7,0.65,0.64,0.69,0.63,0.8
2026-09-18T12:00:00Z,0.68,0.59,0.33,0.41,0.66,0.93,0.85,0.94,0.95,0.93,0.92,0.92,0.93,0.92,0.86,0.64,0.56,0.75,0.82,0.78,0.81,0.75,0.87,0.89,0.94,0.9,0.93,0.86,0.9,0.92,0.88,0.82,0.87,0.84,0.75,0.72,0.69,0.77,0.73,0.62,0.79,0.71,0.59,0.67,0.65,0.63,0.7,0.6,0.72,0.68,0.63,0.67,0.61,0.6,0.64,0.6,0.71,0.72,0.71,0.61,0.68,0.61,0.61,0.69
2026-09-18T13:00:00Z,0.43,0.35,0.5,0.48,0.66,0.86,0.88,0.85,0.92,0.9,0.86,0.83,0.76,0.86,0.91,0.76,0.61,0.74,0.85,0.86,0.8,0.9,0.87,0.89,0.87,0.94,0.93,0.87,0.9,0.84,0.85,0.83,0.81,0.81,0.76,0.75,0.82,0.77,0.77,0.71,0.64,0.66,0.71,0.75,0.64,0.63,0.62,0.69,0.7,0.7,0.72,0.62,0.61,0.63,0.71,0.68,0.67,0.69,0.65,0.7,0.68,0.64,0.57,0.53
2026-09-18T14:00:00Z,0.54,0.4,0.21,0.41,0.56,0.85,0.76,0.88,0.93,0.96,0.9,0.83,0.95,0.94,0.83,0.86,0.58,0.52,0.74,0.74,0.77,0.87,0.89,0.85,0.92,0.92,0.92,0.87,0.82,0.82,0.79,0.88,0.8,0.81,0.77,0.88,0.79,0.74,0.66,0.7,0.72,0.46,0.53,0.58,0.49,0.55,0.49,0.58,0.6,0.49,0.62,0.63,0.61,0.59,0.56,0.59,0.5,0.64,0.66,0.7,0.5,0.56,0.53,0.57
2026-09-18T15:00:00Z,0.73,0.64,0.2,0.64,0.85,0.92,0.78,0.86,0.87,0.93,0.92,0.95,0.83,0.78,0.77,0.85,0.65,0.52,0.64,0.81,0.84,0.89,0.87,0.89,0.93,0.88,0.93,0.88,0.86,0.83,0.8,0.83,0.77,0.73,0.74,0.69,0.57,0.63,0.55,0.57,0.57,0.71,0.64,0.51,0.51,0.66,0.66,0.65,0.51,0.42,0.36,0.39,0.4,0.43,0.58,0.59,0.4,0.38,0.42,0.55,0.55,0.51,0.43,0.56
2026-09-18T16:00:00Z,0.74,0.55,0.43,0.67,0.84,0.9,0.9,0.84,0.93,0.95,0.91,0.82,0.91,0.85,0.89,0.83,0.63,0.73,0.78,0.78,0.84,0.87,0.88,0.92,0.92,0.93,0.89,0.86,0.82,0.82,0.75,0.78,0.77,0.7,0.68,0.73,0.73,0.62,0.72,0.48,0.42,0.5,0.42,0.48,0.53,0.47,0.51,0.43,0.43,0.37,0.46,0.42,0.4,0.32,0.48,0.48,0.48,0.55,0.48,0.54,0.48,0.36,0.49,0.3
2026-09-18T17:00:00Z,0.75,0.59,0.6,0.44,0.74,0.92,0.84,0.8,0.88,0.95,0.88,0.93,0.93,0.73,0.93,0.82,0.59,0.64,0.66,0.77,0.83,0.9,0.92,0.88,0.88,0.91,0.84,0.88,0.85,0.76,0.79,0.77,0.75,0.75,0.78,0.68,0.61,0.61,0.76,0.69,0.53,0.55,0.44,0.4,0.29,0.26,0.34,0.25,0.55,0.39,0.28,0.34,0.14,0.15,0.35,0.49,0.26,0.38,0.49,0.52,0.55,0.55,0.5,0.38
2026-09-18T18:00:00Z,0.68,0.57,0.11,0.42,0.54,0.85,0.74,0.79,0.92,0.94,0.96,0.87,0.88,0.88,0.88,0.79,0.59,0.59,0.69,0.69,0.87,0.9,0.83,0.84,0.81,0.85,0.84,0.82,0.85,0.9,0.86,0.81,0.68,0.67,0.67,0.74,0.68,0.68,0.6,0.43,0.53,0.61,0.44,0.81,0.78,0.59,0.57,0.46,0.4,0.41,0.42,0.56,0.51,0.37,0.32,0.26,0.44,0.4,0.56,0.52,0.53,0.35,0.45,0.48
2026-09-18T19:00:00Z,0.74,0.33,0.49,0.34,0.77,0.86,0.85,0.83,0.93,0.97,0.85,0.9,0.84,0.8,0.84,0.72,0.4,0.67,0.58,0.79,0.88,0.89,0.78,0.9,0.92,0.9,0.89,0.86,0.84,0.76,0.8,0.75,0.67,0.69,0.52,0.58,0.5,0.59,0.7,0.65,0.73,0.64,0.59,0.63,0.52,0.52,0.5,0.59,0.49,0.45,0.63,0.67,0.52,0.38,0.47,0.51,0.45,0.14,0.44,0.47,0.47,0.69,0.62,0.56
2026-09-18T20:00:00Z,0.49,0.39,0.41,0.38,0.56,0.87,0.69,0.85,0.93,0.92,0.86,0.87,0.83,0.85,0.53,0.5,0.6,0.58,0.75,0.74,0.87,0.9,0.93,0.9,0.88,0.86,0.9,0.85,0.82,0.87,0.83,0.87,0.8,0.8,0.72,0.76,0.72,0.63,0.59,0.56,0.52,0.65,0.56,0.43,0.51,0.54,0.7,0.69,0.67,0.61,0.52,0.48,0.43,0.65,0.71,0.43,0.51,0.6,0.56,0.58,0.69,0.51,0.53,0.61
2026-09-18T21:00:00Z,0.41,0.43,0.08,0.05,0.22,0.86,0.74,0.8,0.93,0.89,0.91,0.8,0.83,0.71,0.75,0.6,0.48,0.75,0.76,0.79,0.88,0.88,0.85,0.89,0.91,0.87,0.83,0.83,0.87,0.88,0.89,0.8,0.7,0.82,0.8,0.84,0.71,0.59,0.64,0.69,0.75,0.71,0.71,0.68,0.7,0.71,0.78,0.74,0.81,0.75,0.74,0.7,0.79,0.79,0.74,0.77,0.73,0.68,0.7,0.75,0.64,0.79,0.77,0.85
2026-09-18T22:00:00Z,0.58,0.38,0.13,0.17,0.69,0.78,0.53,0.72,0.88,0.91,0.89,0.93,0.81,0.59,0.8,0.74,0.6,0.64,0.77,0.84,0.8,0.86,0.86,0.87,0.86,0.86,0.85,0.85,0.86,0.87,0.79,0.81,0.79,0.74,0.78,0.8,0.73,0.53,0.67,0.69,0.68,0.71,0.78,0.76,0.79,0.75,0.73,0.68,0.66,0.73,0.77,0.78,0.7,0.69,0.78,0.84,0.67,0.66,0.76,0.66,0.7,0.73,0.68,0.77
2026-09-18T23:00:00Z,0.54,0.61,0.05,0.45,0.31,0.86,0.72,0.64,0.87,0.9,0.92,0.93,0.82,0.88,0.58,0.47,0.67,0.75,0.79,0.8,0.9,0.9,0.87,0.89,0.88,0.86,0.89,0.84,0.83,0.87,0.82,0.81,0.84,0.87,0.81,0.8,0.8,0.74,0.79,0.77,0.86,0.82,0.69,0.73,0.79,0.67,0.72,0.67,0.69,0.71,0.64,0.62,0.63,0.77,0.74,0.77,0.7,0.72,0.74,0.73,0.76,0.73,0.68,0.62
2026-09-19T00:00:00Z,0.42,0.39,0.39,0.24,0.32,0.72,0.7,0.77,0.87,0.96,0.92,0.93,0.83,0.66,0.53,0.63,0.67,0.69,0.73,0.68,0.84,0.81,0.84,0.81,0.78,0.85,0.8,0.8,0.81,0.82,0.83,0.79,0.82,0.76,0.78,0.84,0.83,0.76,0.76,0.8,0.76,0.82,0.74,0.7,0.66,0.8,0.78,0.75,0.84,0.8,0.77,0.83,0.79,0.75,0.69,0.78,0.75,0.82,0.72,0.8,0.78,0.82,0.81,0.8
2026-09-19T01:00:00Z,0.47,0.28,0.02,0.61,0.33,0.77,0.58,0.64,0.79,0.91,0.9,0.74,0.74,0.71,0.33,0.64,0.84,0.78,0.77,0.88,0.86,0.92,0.87,0.89,0.93,0.88,0.85,0.82,0.88,0.94,0.91,0.91,0.85,0.89,0.83,0.83,0.82,0.8,0.81,0.84,0.81,0.75,0.77,0.8,0.73,0.75,0.65,0.72,0.77,0.79,0.58,0.79,0.75,0.73,0.75,0.81,0.72,0.75,0.78,0.73,0.67,0.76,0.68,0.78
2026-09-19T02:00:00Z,0.17,0.1,0.46,0.12,0.6,0.83,0.9,0.65,0.76,0.84,0.91,0.77,0.75,0.84,0.78,0.73,0.82,0.86,0.86,0.89,0.92,0.86,0.87,0.9,0.86,0.9,0.85,0.85,0.89,0.77,0.89,0.84,0.81,0.82,0.78,0.77,0.81,0.83,0.87,0.82,0.82,0.8,0.76,0.84,0.79,0.85,0.8,0.79,0.77,0.75,0.77,0.72,0.7,0.69,0.7,0.76,0.75,0.71,0.84,0.81,0.77,0.77,0.71,0.71
2026-09-19T03:00:00Z,0.48,0.17,0.23,0.4,0.28,0.65,0.83,0.6,0.75,0.9,0.92,0.84,0.81,0.77,0.74,0.69,0.82,0.83,0.85,0.84,0.87,0.91,0.88,0.89,0.92,0.85,0.86,0.86,0.86,0.85,0.87,0.85,0.84,0.8,0.84,0.81,0.73,0.71,0.72,0.71,0.85,0.8,0.81,0.77,0.79,0.72,0.77,0.75,0.87,0.83,0.79,0.79,0.77,0.69,0.68,0.77,0.68,0.79,0.69,0.7,0.78,0.74,0.84,0.8
2026-09-19T04:00:00Z,0.51,0.48,0.44,0.07,0.19,0.81,0.81,0.58,0.77,0.94,0.95,0.91,0.78,0.83,0.79,0.57,0.73,0.89,0.88,0.88,0.9,0.88,0.91,0.88,0.89,0.85,0.89,0.85,0.76,0.85,0.79,0.76,0.68,0.8,0.71,0.64,0.59,0.68,0.67,0.69,0.67,0.59,0.64,0.67,0.65,0.61,0.75,0.75,0.65,0.66,0.72,0.7,0.67,0.64,0.69,0.69,0.59,0.75,0.65,0.63,0.77,0.73,0.77,0.73
2026-09-19T05:00:00Z,0.37,0.31,0.19,0.11,0.64,0.82,0.86,0.84,0.92,0.94,0.96,0.94,0.91,0.88,0.88,0.82,0.74,0.87,0.88,0.88,0.9,0.9,0.88,0.91,0.9,0.92,0.9,0.9,0.91,0.84,0.75,0.84,0.82,0.77,0.77,0.79,0.85,0.76,0.72,0.73,0.74,0.78,0.74,0.76,0.67,0.65,0.61,0.56,0.62,0.7,0.67,0.62,0.65,0.71,0.66,0.59,0.69,0.75,0.63,0.64,0.7,0.65,0.54,0.67
2026-09-19T06:00:00Z,0.5,0.3,0.56,0.59,0.61,0.73,0.8,0.74,0.8,0.96,0.95,0.88,0.93,0.84,0.65,0.63,0.65,0.84,0.85,0.9,0.9,0.96,0.96,0.94,0.92,0.92,0.93,0.9,0.89,0.85,0.85,0.87,0.86,0.83,0.81,0.73,0.82,0.78,0.66,0.75,0.77,0.71,0.69,0.69,0.72,0.67,0.69,0.7,0.8,0.8,0.62,0.63,0.71,0.62,0.63,0.67,0.65,0.69,0.67,0.75,0.62,0.59,0.67,0.79
2026-09-19T07:00:00Z,0.45,0.3,0.16,0.5,0.6,0.76,0.9,0.75,0.69,0.96,0.95,0.95,0.91,0.93,0.59,0.69,0.75,0.86,0.81,0.87,0.9,0.89,0.88,0.87,0.95,0.94,0.94,0.92,0.88,0.92,0.85,0.85,0.84,0.78,0.74,0.79,0.85,0.79,0.75,0.73,0.78,0.76,0.7,0.6,0.65,0.74,0.64,0.7,0.55,0.65,0.77,0.74,0.54,0.62,0.71,0.53,0.61,0.64,0.52,0.61,0.69,0.54,0.61,0.75
2026-09-19T08:00:00Z,0.48,0.38,0.33,0.26,0.73,0.84,0.82,0.81,0.74,0.84,0.91,0.89,0.94,0.73,0.56,0.82,0.84,0.88,0.88,0.82,0.91,0.93,0.95,0.94,0.88,0.88,0.89,0.87,0.88,0.82,0.78,0.72,0.84,0.74,0.78,0.79,0.76,0.82,0.79,0.81,0.74,0.79,0.7,0.48,0.54,0.76,0.58,0.61,0.71,0.67,0.61,0.59,0.59,0.67,0.78,0.67,0.62,0.65,0.58,0.59,0.74,0.76,0.65,0.63
2026-09-19T09:00:00Z,0.51,0.19,0.45,0.3,0.54,0.9,0.85,0.79,0.89,0.9,0.94,0.86,0.92,0.86,0.88,0.64,0.81,0.91,0.89,0.92,0.93,0.88,0.93,0.93,0.93,0.92,0.9,0.93,0.93,0.86,0.85,0.85,0.81,0.8,0.75,0.77,0.77,0.72,0.75,0.77,0.68,0.71,0.71,0.68,0.52,0.51,0.51,0.59,0.53,0.58,0.54,0.32,0.34,0.62,0.56,0.55,0.61,0.66,0.66,0.7,0.67,0.67,0.76,0.67
2026-09-19T10:00:00Z,0.56,0.41,0.53,0.58,0.29,0.8,0.9,0.92,0.9,0.79,0.89,0.71,0.94,0.77,0.86,0.55,0.83,0.9,0.84,0.92,0.93,0.95,0.95,0.95,0.93,0.91,0.93,0.9,0.88,0.89,0.83,0.84,0.75,0.85,0.77,0.69,0.77,0.55,0.77,0.74,0.77,0.72,0.71,0.69,0.7,0.73,0.66,0.6,0.56,0.51,0.5,0.58,0.58,0.5,0.53,0.55,0.5,0.62,0.63,0.5,0.41,0.56,0.61,0.57
2026-09-19T11:00:00Z,0.6,0.61,0.4,0.61,0.83,0.89,0.94,0.85,0.93,0.92,0.95,0.96,0.95,0.86,0.73,0.87,0.8,0.83,0.87,0.93,0.91,0.93,0.96,0.94,0.9,0.87,0.9,0.85,0.9,0.89,0.89,0.9,0.87,0.79,0.8,0.74,0.69,0.7,0.8,0.75,0.64,0.54,0.62,0.62,0.56,0.56,0.69,0.54,0.53,0.56,0.52,0.45,0.48,0.53,0.55,0.53,0.61,0.61,0.58,0.57,0.55,0.61,0.58,0.63
2026-09-19T12:00:00Z,0.86,0.61,0.35,0.25,0.56,0.89,0.89,0.88,0.88,0.85,0.92,0.94,0.93,0.89,0.62,0.71,0.82,0.92,0.94,0.94,0.93,0.92,0.95,0.91,0.91,0.91,0.9,0.87,0.83,0.84,0.81,0.82,0.77,0.75,0.78,0.82,0.78,0.77,0.73,0.73,0.74,0.59,0.59,0.68,0.67,0.71,0.59,0.52,0.54,0.47,0.66,0.63,0.54,0.44,0.59,0.57,0.58,0.63,0.61,0.61,0.56,0.59,0.51,0.56
2026-09-19T13:00:00Z,0.8,0.49,0.46,0.38,0.65,0.88,0.87,0.89,0.88,0.84,0.95,0.92,0.91,0.9,0.74,0.61,0.8,0.89,0.9,0.92,0.95,0.9,0.92,0.93,0.92,0.91,0.87,0.88,0.87,0.88,0.85,0.82,0.83,0.78,0.81,0.76,0.67,0.46,0.11,0.57,0.61,0.69,0.7,0.63,0.63,0.64,0.61,0.67,0.52,0.53,0.47,0.49,0.46,0.53,0.57,0.36,0.34,0.32,0.29,0.45,0.26,0.25,0.36,0.52
2026-09-19T14:00:00Z,0.66,0.59,0.41,0.22,0.65,0.73,0.84,0.63,0.92,0.93,0.9,0.93,0.92,0.84,0.72,0.75,0.7,0.88,0.91,0.94,0.94,0.95,0.89,0.91,0.92,0.9,0.88,0.85,0.88,0.87,0.86,0.78,0.82,0.69,0.81,0.82,0.76,0.67,0.58,0.58,0.66,0.49,0.5,0.46,0.35,0.27,0.16,0.43,0.45,0.48,0.33,0.33,0.53,0.31,0.3,0.28,0.33,0.25,0.4,0.32,0.22,0.41,0.49,0.51
2026-09-19T15:00:00Z,0.58,0.42,0.15,0.63,0.58,0.78,0.87,0.82,0.85,0.91,0.89,0.94,0.88,0.91,0.53,0.63,0.82,0.9,0.92,0.95,0.95,0.96,0.91,0.9,0.87,0.84,0.86,0.78,0.72,0.81,0.78,0.74,0.75,0.74,0.69,0.61,0.47,0.37,0.38,0.31,0.3,0.34,0.28,0.55,0.45,0.38,0.34,0.26,0.35,0.22,0.29,0.36,0.4,0.35,0.19,0.29,0.42,0.35,0.41,0.34,0.28,0.28,0.31,0.29
2026-09-19T16:00:00Z,0.65,0.64,0.32,0.38,0.58,0.84,0.92,0.83,0.92,0.95,0.92,0.91,0.82,0.78,0.68,0.84,0.89,0.93,0.94,0.96,0.96,0.93,0.87,0.89,0.85,0.81,0.9,0.88,0.85,0.74,0.75,0.64,0.6,0.69,0.67,0.69,0.61,0.64,0.67,0.45,0.26,0.16,0.39,0.45,0.29,0.53,0.38,0.36,0.43,0.44,0.31,0.32,0.38,0.47,0.37,0.28,0.4,0.34,0.38,0.24,0.17,0.47,0.42,0.33
2026-09-19T17:00:00Z,0.37,0.33,0.04,0.25,0.6,0.75,0.78,0.81,0.82,0.91,0.94,0.92,0.82,0.85,0.88,0.7,0.7,0.9,0.9,0.89,0.93,0.9,0.88,0.9,0.86,0.83,0.82,0.82,0.73,0.81,0.44,0.55,0.32,0.32,0.44,0.45,0.35,0.43,0.19,0.07,0.24,0.12,0.43,0.41,0.3,0.27,0.38,0.46,0.29,0.46,0.39,0.27,0.24,0.45,0.3,0.13,0.13,0.17,0.29,0.18,0.45,0.43,0.37,0.31
2026-09-19T18:00:00Z,0.53,0.3,0.11,0.58,0.47,0.87,0.86,0.67,0.81,0.89,0.96,0.91,0.91,0.89,0.83,0.74,0.65,0.86,0.89,0.94,0.92,0.89,0.89,0.93,0.87,0.86,0.86,0.83,0.85,0.79,0.71,0.82,0.73,0.74,0.64,0.68,0.53,0.33,0.15,0.56,0.24,0.2,0.2,0.23,0.41,0.4,0.45,0.34,0.24,0.02,0.41,0.25,0.25,0.23,0.47,0.32,0.44,0.41,0.43,0.34,0.2,0.29,0.43,0.53
2026-09-19T19:00:00Z,0.41,0.32,0.34,0.12,0.27,0.57,0.73,0.66,0.75,0.91,0.92,0.88,0.89,0.81,0.81,0.71,0.76,0.83,0.92,0.92,0.9,0.83,0.84,0.85,0.86,0.83,0.89,0.86,0.82,0.74,0.75,0.8,0.68,0.8,0.72,0.64,0.64,0.55,0.67,0.54,0.62,0.59,0.6,0.39,0.53,0.44,0.39,0.41,0.4,0.34,0.22,0.32,0.25,0.29,0.37,0.4,0.46,0.31,0.37,0.5,0.51,0.59,0.5,0.49
2026-09-19T20:00:00Z,0.43,0.52,0.32,0.25,0.6,0.78,0.89,0.83,0.77,0.9,0.93,0.92,0.86,0.89,0.8,0.67,0.88,0.92,0.91,0.94,0.92,0.89,0.93,0.92,0.9,0.87,0.84,0.67,0.81,0.75,0.84,0.83,0.74,0.8,0.71,0.72,0.72,0.65,0.64,0.63,0.56,0.49,0.43,0.31,0.5,0.4,0.47,0.27,0.34,0.4,0.43,0.25,0.41,0.47,0.41,0.48,0.42,0.56,0.38,0.55,0.41,0.64,0.58,0.64
2026-09-19T21:00:00Z,0.13,0.16,0.57,0.28,0.34,0.45,0.72,0.74,0.58,0.85,0.89,0.92,0.87,0.92,0.85,0.71,0.65,0.88,0.94,0.92,0.89,0.91,0.89,0.86,0.92,0.92,0.9,0.87,0.87,0.81,0.71,0.65,0.74,0.76,0.72,0.76,0.67,0.72,0.64,0.77,0.61,0.61,0.62,0.6,0.61,0.66,0.72,0.72,0.67,0.69,0.7,0.68,0.79,0.75,0.66,0.62,0.58,0.58,0.67,0.73,0.76,0.81,0.71,0.79
2026-09-19T22:00:00Z,0.61,0.45,0.29,0.15,0.26,0.44,0.79,0.77,0.81,0.75,0.8,0.91,0.82,0.86,0.79,0.65,0.79,0.89,0.95,0.96,0.94,0.91,0.91,0.91,0.86,0.84,0.88,0.78,0.83,0.79,0.73,0.76,0.77,0.68,0.69,0.62,0.65,0.69,0.72,0.73,0.64,0.67,0.7,0.7,0.67,0.73,0.71,0.78,0.67,0.73,0.78,0.71,0.78,0.75,0.76,0.86,0.82,0.76,0.69,0.75,0.89,0.85,0.81,0.8
2026-09-19T23:00:00Z,0.24,0.12,0.09,0.07,0.46,0.67,0.85,0.77,0.62,0.83,0.86,0.88,0.84,0.79,0.61,0.58,0.8,0.87,0.91,0.87,0.92,0.88,0.92,0.92,0.85,0.82,0.86,0.82,0.82,0.83,0.84,0.83,0.82,0.83,0.83,0.7,0.72,0.68,0.66,0.72,0.79,0.82,0.77,0.82,0.71,0.82,0.84,0.79,0.82,0.81,0.8,0.81,0.88,0.82,0.84,0.76,0.79,0.76,0.82,0.77,0.84,0.79,0.83,0.8
2026-09-20T00:00:00Z,0.27,0.41,0.35,0.4,0.54,0.76,0.85,0.74,0.8,0.78,0.87,0.85,0.92,0.93,0.78,0.68,0.8,0.92,0.94,0.93,0.89,0.95,0.88,0.92,0.91,0.86,0.87,0.82,0.85,0.84,0.87,0.83,0.82,0.81,0.77,0.73,0.7,0.77,0.8,0.78,0.76,0.76,0.7,0.77,0.63,0.69,0.8,0.78,0.8,0.75,0.77,0.73,0.81,0.73,0.74,0.73,0.77,0.72,0.72,0.66,0.8,0.73,0.75,0.83
2026-09-20T01:00:00Z,0.41,0.26,0.22,0.27,0.06,0.49,0.66,0.56,0.76,0.9,0.94,0.88,0.73,0.84,0.74,0.61,0.85,0.89,0.94,0.93,0.91,0.94,0.94,0.91,0.91,0.91,0.87,0.83,0.87,0.81,0.83,0.83,0.86,0.74,0.81,0.78,0.78,0.77,0.75,0.82,0.78,0.74,0.78,0.81,0.85,0.75,0.77,0.71,0.71,0.83,0.82,0.79,0.86,0.74,0.74,0.77,0.81,0.84,0.74,0.71,0.79,0.75,0.78,0.7
2026-09-20T02:00:00Z,0.52,0.48,0.42,0.13,0.34,0.73,0.78,0.85,0.74,0.95,0.89,0.91,0.96,0.85,0.77,0.6,0.9,0.96,0.95,0.94,0.93,0.93,0.89,0.87,0.88,0.86,0.87,0.83,0.79,0.77,0.77,0.68,0.78,0.77,0.76,0.79,0.79,0.71,0.78,0.77,0.74,0.79,0.75,0.75,0.81,0.73,0.72,0.73,0.63,0.7,0.71,0.66,0.64,0.74,0.72,0.77,0.69,0.77,0.78,0.74,0.74,0.63,0.74,0.71
2026-09-20T03:00:00Z,0.57,0.59,0.39,0.15,0.44,0.84,0.91,0.83,0.69,0.85,0.92,0.86,0.86,0.9,0.82,0.8,0.83,0.94,0.94,0.95,0.95,0.92,0.92,0.91,0.89,0.9,0.89,0.88,0.81,0.73,0.83,0.79,0.79,0.84,0.77,0.81,0.75,0.77,0.78,0.8,0.74,0.61,0.59,0.64,0.68,0.67,0.66,0.64,0.75,0.75,0.65,0.62,0.56,0.62,0.52,0.67,0.72,0.68,0.73,0.7,0.63,0.65,0.7,0.61
2026-09-20T04:00:00Z,0.59,0.56,0.25,0.39,0.43,0.86,0.91,0.91,0.82,0.92,0.93,0.94,0.92,0.87,0.77,0.59,0.85,0.92,0.92,0.95,0.94,0.91,0.92,0.89,0.94,0.93,0.88,0.82,0.83,0.77,0.77,0.7,0.7,0.8,0.86,0.83,0.75,0.72,0.76,0.75,0.52,0.68,0.73,0.61,0.72,0.65,0.58,0.67,0.54,0.58,0.62,0.55,0.44,0.64,0.58,0.59,0.56,0.64,0.7,0.64,0.52,0.72,0.61,0.64
2026-09-20T05:00:00Z,0.5,0.26,0.31,0.6,0.4,0.8,0.94,0.88,0.82,0.93,0.93,0.91,0.9,0.92,0.78,0.59,0.91,0.95,0.95,0.96,0.96,0.95,0.94,0.83,0.87,0.82,0.89,0.87,0.77,0.74,0.74,0.8,0.81,0.77,0.72,0.77,0.76,0.7,0.65,0.64,0.74,0.72,0.66,0.6,0.62,0.55,0.64,0.71,0.71,0.66,0.58,0.49,0.52,0.6,0.51,0.55,0.58,0.59,0.56,0.58,0.68,0.69,0.67,0.7
2026-09-20T06:00:00Z,0.67,0.56,0.39,0.65,0.61,0.81,0.84,0.92,0.91,0.92,0.93,0.96,0.89,0.93,0.65,0.61,0.88,0.93,0.97,0.97,0.96,0.95,0.95,0.94,0.91,0.91,0.91,0.81,0.75,0.84,0.81,0.85,0.79,0.72,0.85,0.78,0.67,0.63,0.81,0.79,0.59,0.52,0.52,0.58,0.52,0.52,0.43,0.6,0.56,0.62,0.56,0.46,0.49,0.35,0.23,0.38,0.43,0.43,0.49,0.5,0.44,0.41,0.57,0.64
2026-09-20T07:00:00Z,0.65,0.71,0.44,0.37,0.49,0.75,0.83,0.89,0.85,0.82,0.87,0.89,0.88,0.87,0.72,0.52,0.83,0.93,0.94,0.95,0.92,0.9,0.91,0.9,0.92,0.92,0.79,0.88,0.85,0.87,0.87,0.87,0.79,0.72,0.7,0.67,0.62,0.67,0.67,0.7,0.68,0.65,0.53,0.63,0.69,0.58,0.6,0.64,0.5,0.56,0.58,0.36,0.39,0.53,0.51,0.45,0.37,0.32,0.27,0.48,0.55,0.47,0.61,0.62
2026-09-20T08:00:00Z,0.49,0.24,0.32,0.37,0.77,0.88,0.86,0.88,0.85,0.85,0.97,0.92,0.87,0.95,0.79,0.61,0.85,0.95,0.96,0.96,0.95,0.93,0.93,0.93,0.88,0.87,0.9,0.89,0.86,0.89,0.85,0.85,0.85,0.59,0.78,0.76,0.68,0.66,0.6,0.75,0.65,0.66,0.67,0.61,0.68,0.5,0.58,0.33,0.65,0.67,0.45,0.5,0.49,0.38,0.22,0.32,0.42,0.48,0.48,0.63,0.64,0.48,0.47,0.47
2026-09-20T09:00:00Z,0.6,0.4,0.3,0.11,0.6,0.84,0.94,0.96,0.87,0.86,0.9,0.93,0.92,0.81,0.82,0.5,0.8,0.92,0.98,0.97,0.93,0.91,0.9,0.9,0.88,0.87,0.9,0.87,0.92,0.9,0.82,0.88,0.86,0.87,0.89,0.66,0.65,0.59,0.66,0.66,0.75,0.74,0.64,0.63,0.6,0.66,0.65,0.46,0.48,0.55,0.39,0.41,0.49,0.54,0.45,0.32,0.5,0.42,0.49,0.58,0.47,0.46,0.48,0.45
2026-09-20T10:00:00Z,0.6,0.29,0.42,0.41,0.49,0.82,0.72,0.82,0.88,0.9,0.93,0.96,0.92,0.95,0.68,0.76,0.75,0.94,0.95,0.95,0.95,0.9,0.94,0.93,0.91,0.87,0.88,0.88,0.85,0.83,0.83,0.84,0.84,0.78,0.77,0.76,0.76,0.72,0.63,0.66,0.73,0.68,0.73,0.55,0.52,0.58,0.59,0.58,0.36,0.51,0.58,0.58,0.49,0.45,0.64,0.63,0.41,0.43,0.4,0.42,0.49,0.42,0.53,0.41
2026-09-20T11:00:00Z,0.68,0.6,0.44,0.33,0.83,0.83,0.88,0.9,0.83,0.88,0.93,0.93,0.93,0.81,0.76,0.78,0.74,0.94,0.95,0.95,0.95,0.93,0.91,0.88,0.92,0.89,0.84,0.85,0.67,0.84,0.8,0.75,0.74,0.76,0.82,0.76,0.74,0.65,0.67,0.62,0.65,0.7,0.44,0.44,0.53,0.55,0.52,0.58,0.52,0.44,0.43,0.53,0.45,0.53,0.58,0.31,0.4,0.49,0.51,0.56,0.47,0.45,0.45,0.34
2026-09-20T12:00:00Z,0.59,0.53,0.56,0.46,0.56,0.86,0.86,0.88,0.82,0.94,0.94,0.88,0.9,0.89,0.86,0.66,0.71,0.95,0.93,0.95,0.95,0.93,0.92,0.92,0.91,0.84,0.85,0.86,0.79,0.85,0.87,0.86,0.78,0.78,0.63,0.74,0.78,0.62,0.75,0.64,0.69,0.76,0.66,0.73,0.66,0.49,0.58,0.61,0.61,0.44,0.37,0.52,0.5,0.54,0.46,0.41,0.38,0.38,0.42,0.4,0.4,0.44,0.49,0.43
2026-09-20T13:00:00Z,0.63,0.43,0.23,0.36,0.5,0.77,0.83,0.89,0.72,0.9,0.87,0.93,0.94,0.93,0.63,0.62,0.76,0.9,0.93,0.94,0.92,0.94,0.92,0.89,0.85,0.85,0.83,0.75,0.83,0.86,0.8,0.75,0.73,0.72,0.64,0.72,0.81,0.74,0.61,0.67,0.71,0.76,0.66,0.55,0.49,0.51,0.49,0.44,0.42,0.56,0.43,0.41,0.35,0.43,0.49,0.43,0.49,0.54,0.54,0.44,0.47,0.28,0.45,0.42
2026-09-20T14:00:00Z,0.73,0.4,0.45,0.21,0.46,0.82,0.77,0.78,0.87,0.87,0.95,0.88,0.89,0.81,0.86,0.72,0.69,0.93,0.96,0.94,0.86,0.88,0.87,0.87,0.91,0.83,0.82,0.71,0.69,0.77,0.78,0.82,0.78,0.72,0.7,0.7,0.73,0.67,0.44,0.8,0.63,0.52,0.75,0.61,0.61,0.67,0.7,0.57,0.63,0.53,0.52,0.44,0.62,0.53,0.48,0.49,0.7,0.56,0.69,0.64,0.56,0.6,0.58,0.63
2026-09-20T15:00:00Z,0.48,0.33,0.42,0.44,0.38,0.84,0.82,0.74,0.73,0.85,0.93,0.88,0.88,0.89,0.71,0.43,0.77,0.92,0.95,0.93,0.93,0.94,0.94,0.88,0.82,0.84,0.77,0.81,0.86,0.8,0.78,0.75,0.65,0.57,0.7,0.69,0.73,0.73,0.62,0.56,0.47,0.49,0.27,0.38,0.51,0.54,0.54,0.48,0.48,0.44,0.41,0.52,0.43,0.42,0.4,0.36,0.24,0.28,0.29,0.26,0.19,0.26,0.13,0.3
2026-09-20T16:00:00Z,0.42,0.51,0.38,0.42,0.47,0.69,0.81,0.87,0.78,0.81,0.93,0.91,0.94,0.8,0.84,0.64,0.8,0.83,0.94,0.91,0.93,0.92,0.89,0.87,0.88,0.85,0.88,0.89,0.75,0.77,0.69,0.77,0.69,0.75,0.58,0.43,0.62,0.64,0.63,0.46,0.41,0.53,0.49,0.55,0.7,0.57,0.63,0.5,0.43,0.46,0.43,0.53,0.61,0.56,0.34,0.47,0.49,0.36,0.51,0.53,0.47,0.61,0.51,0.51
2026-09-20T17:00:00Z,0.51,0.34,0.3,0.61,0.32,0.8,0.87,0.83,0.78,0.71,0.9,0.93,0.87,0.87,0.88,0.83,0.84,0.91,0.92,0.93,0.93,0.91,0.94,0.89,0.85,0.87,0.89,0.82,0.8,0.77,0.78,0.76,0.83,0.78,0.62,0.49,0.61,0.62,0.61,0.64,0.57,0.67,0.53,0.46,0.41,0.26,0.29,0.13,0.23,0.13,0.3,0.3,0.29,0.24,0.36,0.36,0.24,0.28,0.44,0.48,0.4,0.38,0.34,0.46
2026-09-20T18:00:00Z,0.6,0.59,0.42,0.45,0.51,0.8,0.89,0.86,0.79,0.9,0.88,0.9,0.89,0.8,0.72,0.75,0.85,0.88,0.92,0.95,0.95,0.94,0.94,0.92,0.91,0.88,0.87,0.81,0.77,0.75,0.79,0.74,0.75,0.79,0.75,0.62,0.51,0.61,0.61,0.45,0.58,0.5,0.44,0.38,0.31,0.11,0.33,0.28,0.21,0.39,0.4,0.21,0.32,0.26,0.37,0.42,0.31,0.44,0.45,0.43,0.25,0.33,0.29,0.3
2026-09-20T19:00:00Z,0.49,0.36,0.44,0.29,0.49,0.79,0.73,0.82,0.81,0.88,0.82,0.93,0.83,0.79,0.7,0.58,0.85,0.91,0.94,0.93,0.94,0.95,0.94,0.86,0.92,0.93,0.87,0.81,0.75,0.62,0.68,0.8,0.69,0.69,0.64,0.66,0.71,0.59,0.61,0.63,0.52,0.6,0.51,0.57,0.59,0.46,0.37,0.08,0.22,0.26,0.25,0.2,0.28,0.32,0.31,0.27,0.14,0.23,0.06,0.11,0.38,0.39,0.53,0.26
2026-09-20T20:00:00Z,0.54,0.25,0.32,0.14,0.5,0.76,0.77,0.9,0.88,0.9,0.92,0.93,0.93,0.91,0.59,0.79,0.87,0.93,0.91,0.93,0.94,0.9,0.9,0.88,0.89,0.88,0.87,0.85,0.86,0.89,0.85,0.8,0.8,0.8,0.72,0.7,0.61,0.67,0.65,0.62,0.58,0.57,0.63,0.58,0.35,0.6,0.63,0.5,0.47,0.43,0.35,0.36,0.47,0.23,0.28,0.34,0.28,0.32,0.34,0.28,0.39,0.44,0.3,0.55
2026-09-20T21:00:00Z,0.63,0.48,0.61,0.27,0.61,0.77,0.79,0.87,0.85,0.79,0.92,0.95,0.93,0.93,0.63,0.67,0.75,0.91,0.92,0.95,0.92,0.9,0.87,0.83,0.87,0.88,0.82,0.85,0.84,0.86,0.81,0.81,0.78,0.73,0.61,0.71,0.75,0.47,0.68,0.69,0.56,0.58,0.56,0.31,0.25,0.46,0.38,0.38,0.37,0.43,0.45,0.46,0.45,0.55,0.53,0.48,0.53,0.53,0.33,0.48,0.59,0.53,0.61,0.54
2026-09-20T22:00:00Z,0.5,0.35,0.33,0.4,0.13,0.61,0.79,0.91,0.89,0.81,0.87,0.9,0.96,0.83,0.71,0.65,0.75,0.91,0.95,0.93,0.92,0.93,0.81,0.77,0.84,0.89,0.86,0.81,0.81,0.8,0.82,0.54,0.71,0.72,0.67,0.61,0.63,0.48,0.32,0.46,0.41,0.32,0.46,0.15,0.11,0.32,0.34,0.46,0.48,0.49,0.47,0.53,0.57,0.55,0.5,0.46,0.48,0.46,0.63,0.55,0.55,0.55,0.49,0.38
2026-09-20T23:00:00Z,0.38,0.4,0.25,0.14,0.22,0.63,0.83,0.82,0.84,0.74,0.87,0.95,0.92,0.91,0.71,0.53,0.76,0.88,0.88,0.87,0.93,0.94,0.95,0.91,0.85,0.88,0.82,0.81,0.79,0.74,0.8,0.78,0.71,0.72,0.73,0.7,0.7,0.67,0.65,0.53,0.45,0.49,0.37,0.33,0.49,0.53,0.49,0.58,0.65,0.54,0.7,0.74,0.61,0.7,0.73,0.7,0.76,0.78,0.74,0.82,0.74,0.82,0.77,0.71
2026-09-21T00:00:00Z,0.35,0.3,0.22,0.34,0.15,0.68,0.8,0.9,0.74,0.78,0.88,0.88,0.94,0.83,0.72,0.66,0.78,0.91,0.91,0.91,0.9,0.85,0.87,0.84,0.81,0.78,0.79,0.82,0.7,0.75,0.79,0.72,0.72,0.73,0.75,0.69,0.61,0.71,0.72,0.7,0.7,0.67,0.63,0.69,0.81,0.71,0.78,0.79,0.88,0.81,0.79,0.86,0.83,0.8,0.8,0.83,0.8,0.74,0.73,0.66,0.8,0.78,0.73,0.75
2026-09-21T01:00:00Z,0.61,0.63,0.64,0.32,0.37,0.77,0.85,0.82,0.88,0.8,0.9,0.9,0.9,0.84,0.71,0.39,0.71,0.81,0.83,0.91,0.9,0.88,0.86,0.81,0.83,0.83,0.89,0.84,0.85,0.74,0.76,0.66,0.81,0.8,0.74,0.82,0.78,0.79,0.77,0.83,0.81,0.78,0.87,0.81,0.89,0.86,0.82,0.83,0.74,0.81,0.85,0.78,0.83,0.85,0.79,0.84,0.82,0.76,0.77,0.73,0.7,0.68,0.73,0.69
2026-09-21T02:00:00Z,0.49,0.4,0.28,0.53,0.53,0.69,0.79,0.8,0.84,0.84,0.84,0.93,0.89,0.86,0.8,0.47,0.78,0.87,0.88,0.91,0.9,0.86,0.86,0.88,0.77,0.81,0.87,0.84,0.84,0.78,0.82,0.75,0.79,0.77,0.75,0.8,0.64,0.73,0.76,0.79,0.75,0.84,0.82,0.77,0.67,0.72,0.72,0.7,0.72,0.74,0.75,0.83,0.66,0.68,0.77,0.63,0.68,0.67,0.72,0.77,0.76,0.71,0.62,0.68
2026-09-21T03:00:00Z,0.49,0.23,0.24,0.42,0.49,0.53,0.89,0.86,0.9,0.87,0.86,0.93,0.9,0.84,0.86,0.7,0.68,0.8,0.85,0.86,0.91,0.88,0.88,0.82,0.89,0.85,0.86,0.81,0.78,0.7,0.69,0.8,0.79,0.79,0.71,0.66,0.75,0.65,0.69,0.69,0.69,0.67,0.77,0.78,0.76,0.75,0.74,0.73,0.73,0.79,0.75,0.69,0.67,0.55,0.76,0.69,0.71,0.65,0.72,0.49,0.58,0.53,0.63,0.59
2026-09-21T04:00:00Z,0.37,0.14,0.26,0.16,0.52,0.81,0.94,0.86,0.83,0.92,0.94,0.86,0.83,0.87,0.81,0.52,0.73,0.86,0.93,0.91,0.91,0.9,0.91,0.91,0.91,0.86,0.79,0.88,0.85,0.75,0.87,0.88,0.82,0.78,0.78,0.79,0.65,0.7,0.72,0.67,0.77,0.69,0.63,0.67,0.71,0.68,0.61,0.74,0.65,0.68,0.66,0.67,0.71,0.75,0.67,0.71,0.62,0.61,0.63,0.57,0.53,0.64,0.66,0.54
2026-09-21T05:00:00Z,0.26,0.21,0.58,0.41,0.59,0.65,0.87,0.85,0.71,0.93,0.83,0.96,0.89,0.85,0.77,0.76,0.72,0.89,0.94,0.91,0.94,0.94,0.88,0.87,0.85,0.87,0.8,0.89,0.85,0.85,0.8,0.79,0.81,0.82,0.75,0.78,0.67,0.75,0.69,0.68,0.72,0.51,0.53,0.51,0.6,0.69,0.71,0.68,0.75,0.77,0.5,0.6,0.46,0.59,0.56,0.48,0.67,0.62,0.56,0.69,0.6,0.62,0.63,0.62
2026-09-21T06:00:00Z,0.57,0.44,0.28,0.41,0.45,0.85,0.76,0.83,0.9,0.83,0.89,0.93,0.92,0.74,0.62,0.62,0.88,0.89,0.94,0.93,0.92,0.88,0.88,0.89,0.91,0.81,0.89,0.89,0.87,0.9,0.89,0.89,0.81,0.77,0.83,0.83,0.81,0.79,0.8,0.7,0.72,0.68,0.56,0.68,0.61,0.73,0.69,0.7,0.62,0.62,0.68,0.65,0.68,0.67,0.68,0.74,0.64,0.55,0.62,0.69,0.69,0.61,0.59,0.48
2026-09-21T07:00:00Z,0.46,0.37,0.27,0.29,0.56,0.59,0.91,0.82,0.85,0.9,0.92,0.92,0.91,0.74,0.68,0.59,0.82,0.9,0.92,0.93,0.93,0.89,0.91,0.9,0.91,0.88,0.9,0.89,0.9,0.83,0.84,0.79,0.85,0.85,0.76,0.77,0.71,0.76,0.73,0.81,0.76,0.73,0.69,0.63,0.77,0.78,0.7,0.71,0.63,0.58,0.46,0.53,0.51,0.58,0.62,0.5,0.64,0.65,0.58,0.42,0.49,0.46,0.53,0.61
2026-09-21T08:00:00Z,0.69,0.77,0.28,0.28,0.49,0.68,0.9,0.84,0.9,0.83,0.9,0.92,0.89,0.86,0.77,0.69,0.76,0.93,0.93,0.95,0.93,0.92,0.84,0.87,0.88,0.9,0.87,0.86,0.86,0.85,0.9,0.9,0.84,0.84,0.82,0.8,0.73,0.73,0.75,0.67,0.57,0.7,0.7,0.58,0.69,0.64,0.58,0.55,0.62,0.63,0.62,0.58,0.47,0.43,0.53,0.53,0.49,0.57,0.65,0.62,0.52,0.6,0.5,0.44
2026-09-21T09:00:00Z,0.6,0.38,0.38,0.38,0.41,0.81,0.65,0.85,0.84,0.8,0.93,0.95,0.91,0.8,0.79,0.64,0.75,0.86,0.92,0.93,0.92,0.9,0.93,0.88,0.93,0.89,0.89,0.84,0.8,0.83,0.83,0.8,0.82,0.83,0.81,0.78,0.81,0.75,0.76,0.71,0.77,0.71,0.67,0.7,0.65,0.68,0.62,0.75,0.71,0.69,0.55,0.61,0.53,0.65,0.69,0.65,0.62,0.57,0.6,0.53,0.57,0.43,0.57,0.55
2026-09-21T10:00:00Z,0.45,0.53,0.34,0.32,0.64,0.79,0.82,0.8,0.74,0.84,0.94,0.9,0.87,0.83,0.63,0.57,0.78,0.93,0.96,0.95,0.97,0.97,0.94,0.86,0.93,0.9,0.84,0.87,0.8,0.81,0.86,0.82,0.87,0.84,0.85,0.8,0.77,0.82,0.71,0.71,0.72,0.49,0.62,0.67,0.76,0.8,0.59,0.76,0.7,0.72,0.69,0.75,0.65,0.67,0.71,0.59,0.69,0.66,0.64,0.73,0.78,0.78,0.67,0.64
2026-09-21T11:00:00Z,0.74,0.68,0.18,0.25,0.67,0.76,0.92,0.87,0.9,0.71,0.88,0.9,0.9,0.92,0.8,0.76,0.71,0.88,0.94,0.94,0.95,0.94,0.86,0.9,0.9,0.9,0.87,0.89,0.83,0.82,0.82,0.86,0.81,0.86,0.8,0.71,0.74,0.77,0.8,0.73,0.77,0.69,0.69,0.77,0.71,0.76,0.65,0.67,0.65,0.65,0.64,0.53,0.7,0.6,0.56,0.56,0.51,0.64,0.72,0.75,0.69,0.6,0.67,0.62
2026-09-21T12:00:00Z,0.65,0.38,0.17,0.41,0.57,0.88,0.89,0.84,0.76,0.7,0.92,0.91,0.89,0.92,0.83,0.84,0.69,0.87,0.92,0.94,0.95,0.91,0.88,0.9,0.9,0.93,0.89,0.83,0.88,0.85,0.87,0.75,0.71,0.74,0.78,0.82,0.77,0.74,0.75,0.79,0.76,0.76,0.76,0.69,0.68,0.71,0.71,0.67,0.79,0.77,0.71,0.75,0.71,0.69,0.7,0.78,0.67,0.71,0.75,0.76,0.71,0.63,0.68,0.63
2026-09-21T13:00:00Z,0.75,0.66,0.13,0.29,0.56,0.87,0.87,0.86,0.77,0.74,0.78,0.81,0.91,0.83,0.88,0.71,0.7,0.81,0.89,0.93,0.92,0.87,0.94,0.92,0.9,0.95,0.91,0.84,0.83,0.86,0.86,0.89,0.82,0.82,0.75,0.75,0.78,0.73,0.86,0.81,0.74,0.74,0.87,0.72,0.79,0.82,0.84,0.81,0.81,0.8,0.81,0.86,0.86,0.8,0.78,0.65,0.81,0.78,0.79,0.78,0.7,0.66,0.68,0.7
2026-09-21T14:00:00Z,0.46,0.37,0.39,0.16,0.48,0.78,0.87,0.82,0.87,0.86,0.89,0.89,0.83,0.91,0.83,0.4,0.56,0.84,0.93,0.89,0.92,0.86,0.88,0.91,0.88,0.9,0.89,0.86,0.82,0.81,0.82,0.79,0.78,0.78,0.78,0.77,0.79,0.75,0.78,0.76,0.76,0.8,0.74,0.63,0.62,0.74,0.79,0.74,0.71,0.8,0.8,0.74,0.71,0.82,0.77,0.7,0.67,0.82,0.68,0.69,0.56,0.61,0.56,0.56
2026-09-21T15:00:00Z,0.28,0.16,0.5,0.54,0.34,0.57,0.74,0.84,0.67,0.62,0.93,0.88,0.87,0.91,0.83,0.79,0.53,0.72,0.85,0.84,0.92,0.85,0.84,0.82,0.92,0.89,0.9,0.83,0.78,0.86,0.83,0.82,0.81,0.75,0.7,0.7,0.73,0.63,0.8,0.66,0.7,0.64,0.59,0.56,0.64,0.63,0.7,0.68,0.6,0.71,0.7,0.71,0.71,0.8,0.72,0.78,0.71,0.72,0.72,0.69,0.63,0.66,0.58,0.5
2026-09-21T16:00:00Z,0.22,0.3,0.37,0.09,0.41,0.64,0.83,0.9,0.84,0.81,0.82,0.9,0.84,0.88,0.9,0.77,0.4,0.77,0.83,0.87,0.85,0.88,0.78,0.79,0.84,0.89,0.9,0.86,0.85,0.84,0.76,0.84,0.79,0.78,0.74,0.66,0.69,0.67,0.56,0.58,0.54,0.54,0.5,0.53,0.64,0.49,0.71,0.67,0.66,0.62,0.71,0.73,0.59,0.68,0.72,0.72,0.72,0.69,0.62,0.68,0.63,0.62,0.53,0.51
2026-09-21T17:00:00Z,0.55,0.33,0.39,0.57,0.36,0.64,0.87,0.9,0.86,0.77,0.85,0.89,0.79,0.89,0.84,0.57,0.56,0.72,0.88,0.91,0.87,0.86,0.83,0.88,0.89,0.92,0.8,0.83,0.85,0.79,0.79,0.81,0.68,0.73,0.72,0.79,0.8,0.71,0.77,0.73,0.75,0.75,0.79,0.73,0.66,0.46,0.4,0.67,0.71,0.74,0.76,0.74,0.69,0.72,0.72,0.76,0.7,0.71,0.72,0.69,0.7,0.68,0.6,0.57
2026-09-21T18:00:00Z,0.67,0.32,0.3,0.32,0.68,0.76,0.87,0.84,0.9,0.84,0.92,0.92,0.91,0.94,0.79,0.77,0.53,0.8,0.87,0.87,0.86,0.86,0.84,0.82,0.87,0.85,0.79,0.77,0.84,0.77,0.75,0.66,0.63,0.6,0.49,0.72,0.71,0.74,0.75,0.81,0.75,0.73,0.69,0.73,0.56,0.59,0.69,0.73,0.65,0.69,0.82,0.8,0.75,0.74,0.77,0.72,0.65,0.72,0.69,0.74,0.66,0.67,0.67,0.57
2026-09-21T19:00:00Z,0.48,0.26,0.36,0.33,0.58,0.56,0.85,0.88,0.72,0.83,0.96,0.95,0.91,0.83,0.88,0.52,0.69,0.84,0.88,0.93,0.91,0.93,0.87,0.86,0.89,0.86,0.84,0.78,0.78,0.71,0.67,0.77,0.76,0.71,0.65,0.76,0.61,0.63,0.59,0.43,0.29,0.29,0.18,0.1,0.52,0.5,0.7,0.63,0.67,0.69,0.58,0.71,0.68,0.75,0.8,0.73,0.74,0.63,0.57,0.67,0.69,0.66,0.69,0.71
2026-09-21T20:00:00Z,0.64,0.48,0.23,0.25,0.47,0.73,0.78,0.85,0.87,0.83,0.92,0.94,0.93,0.82,0.82,0.76,0.57,0.77,0.9,0.91,0.87,0.84,0.86,0.87,0.93,0.86,0.88,0.9,0.84,0.84,0.84,0.77,0.76,0.67,0.61,0.61,0.68,0.57,0.63,0.65,0.65,0.55,0.71,0.65,0.45,0.68,0.67,0.67,0.56,0.63,0.56,0.56,0.57,0.61,0.61,0.74,0.75,0.71,0.71,0.77,0.76,0.65,0.59,0.62
2026-09-21T21:00:00Z,0.29,0.34,0.11,0.55,0.51,0.75,0.87,0.9,0.89,0.84,0.88,0.96,0.96,0.92,0.87,0.66,0.61,0.82,0.85,0.8,0.82,0.9,0.9,0.92,0.88,0.91,0.89,0.89,0.78,0.73,0.73,0.75,0.66,0.6,0.68,0.75,0.58,0.63,0.7,0.62,0.41,0.59,0.48,0.37,0.51,0.55,0.46,0.53,0.65,0.4,0.57,0.55,0.55,0.69,0.67,0.63,0.58,0.61,0.63,0.59,0.64,0.49,0.49,0.53
2026-09-21T22:00:00Z,0.64,0.56,0.33,0.53,0.2,0.77,0.84,0.85,0.85,0.7,0.92,0.92,0.91,0.9,0.83,0.72,0.59,0.66,0.89,0.9,0.94,0.87,0.86,0.89,0.89,0.9,0.88,0.81,0.82,0.72,0.75,0.75,0.76,0.56,0.75,0.69,0.49,0.44,0.48,0.41,0.42,0.58,0.37,0.33,0.23,0.23,0.17,0.24,0.33,0.33,0.15,0.47,0.31,0.63,0.5,0.55,0.62,0.55,0.61,0.7,0.66,0.6,0.59,0.62
2026-09-21T23:00:00Z,0.66,0.4,0.34,0.31,0.61,0.72,0.76,0.85,0.87,0.84,0.87,0.91,0.9,0.89,0.85,0.63,0.55,0.85,0.89,0.88,0.87,0.86,0.88,0.93,0.9,0.93,0.89,0.93,0.83,0.83,0.79,0.73,0.72,0.61,0.53,0.47,0.32,0.33,0.35,0.47,0.64,0.78,0.55,0.61,0.63,0.56,0.53,0.64,0.62,0.74,0.78,0.77,0.71,0.68,0.84,0.8,0.81,0.84,0.81,0.79,0.76,0.64,0.71,0.62
2026-09-22T00:00:00Z,0.44,0.35,0.38,0.17,0.25,0.51,0.81,0.86,0.86,0.73,0.86,0.89,0.82,0.79,0.84,0.81,0.48,0.69,0.9,0.9,0.91,0.92,0.9,0.9,0.92,0.9,0.89,0.87,0.82,0.84,0.85,0.9,0.85,0.84,0.78,0.81,0.86,0.82,0.83,0.77,0.78,0.85,0.84,0.89,0.89,0.84,0.82,0.84,0.82,0.82,0.86,0.89,0.8,0.81,0.81,0.69,0.77,0.69,0.81,0.74,0.7,0.66,0.67,0.66
2026-09-22T01:00:00Z,0.35,0.31,0.3,0.48,0.52,0.57,0.83,0.89,0.89,0.89,0.91,0.92,0.94,0.85,0.83,0.68,0.49,0.84,0.9,0.9,0.89,0.94,0.92,0.93,0.91,0.85,0.9,0.85,0.87,0.89,0.82,0.87,0.88,0.89,0.86,0.86,0.88,0.86,0.84,0.78,0.78,0.81,0.81,0.81,0.81,0.88,0.83,0.86,0.78,0.8,0.81,0.78,0.83,0.79,0.8,0.82,0.81,0.7,0.72,0.72,0.7,0.71,0.64,0.58
2026-09-22T02:00:00Z,0.4,0.26,0.46,0.39,0.63,0.86,0.84,0.88,0.87,0.84,0.76,0.93,0.85,0.84,0.9,0.73,0.55,0.75,0.86,0.85,0.88,0.87,0.92,0.94,0.9,0.89,0.86,0.88,0.87,0.78,0.82,0.81,0.9,0.88,0.83,0.85,0.83,0.77,0.84,0.88,0.85,0.77,0.84,0.74,0.83,0.87,0.82,0.85,0.75,0.78,0.7,0.73,0.74,0.77,0.73,0.68,0.71,0.65,0.77,0.72,0.6,0.69,0.66,0.64
2026-09-22T03:00:00Z,0.47,0.29,0.27,0.51,0.34,0.33,0.89,0.91,0.74,0.7,0.85,0.92,0.82,0.9,0.86,0.57,0.49,0.7,0.92,0.9,0.86,0.85,0.91,0.9,0.87,0.9,0.86,0.9,0.88,0.81,0.8,0.83,0.8,0.87,0.84,0.76,0.84,0.78,0.74,0.79,0.74,0.6,0.73,0.7,0.85,0.76,0.77,0.73,0.71,0.7,0.64,0.58,0.73,0.65,0.7,0.75,0.69,0.72,0.69,0.68,0.72,0.66,0.67,0.66
2026-09-22T04:00:00Z,0.51,0.45,0.16,0.28,0.3,0.29,0.78,0.88,0.82,0.82,0.81,0.85,0.89,0.89,0.81,0.56,0.41,0.81,0.76,0.9,0.9,0.85,0.83,0.84,0.78,0.87,0.82,0.78,0.77,0.88,0.8,0.85,0.85,0.79,0.85,0.76,0.83,0.78,0.73,0.76,0.8,0.77,0.69,0.77,0.75,0.71,0.73,0.71,0.69,0.67,0.71,0.76,0.61,0.8,0.67,0.65,0.56,0.69,0.64,0.63,0.6,0.7,0.62,0.61
2026-09-22T05:00:00Z,0.39,0.35,0.28,0.38,0.31,0.52,0.9,0.83,0.89,0.89,0.91,0.86,0.92,0.87,0.75,0.75,0.6,0.79,0.89,0.89,0.89,0.94,0.87,0.89,0.88,0.85,0.89,0.88,0.86,0.85,0.84,0.8,0.8,0.85,0.8,0.68,0.73,0.73,0.66,0.65,0.7,0.62,0.59,0.74,0.74,0.65,0.68,0.7,0.74,0.66,0.67,0.71,0.63,0.63,0.78,0.69,0.73,0.66,0.57,0.63,0.7,0.69,0.58,0.75
2026-09-22T06:00:00Z,0.38,0.22,0.29,0.26,0.45,0.59,0.83,0.87,0.82,0.72,0.74,0.91,0.91,0.94,0.85,0.72,0.58,0.76,0.91,0.88,0.89,0.87,0.89,0.9,0.91,0.92,0.89,0.9,0.9,0.88,0.82,0.85,0.83,0.77,0.78,0.76,0.75,0.79,0.78,0.7,0.75,0.68,0.67,0.58,0.58,0.73,0.74,0.67,0.7,0.72,0.6,0.66,0.67,0.6,0.5,0.58,0.57,0.54,0.58,0.55,0.55,0.68,0.61,0.62
2026-09-22T07:00:00Z,0.35,0.11,0.44,0.51,0.48,0.67,0.84,0.9,0.89,0.78,0.91,0.97,0.93,0.95,0.87,0.74,0.72,0.89,0.93,0.92,0.93,0.92,0.9,0.93,0.92,0.88,0.8,0.83,0.88,0.82,0.82,0.84,0.8,0.74,0.72,0.76,0.78,0.79,0.69,0.78,0.84,0.64,0.71,0.73,0.76,0.71,0.6,0.67,0.65,0.68,0.48,0.52,0.51,0.5,0.63,0.6,0.48,0.63,0.57,0.63,0.54,0.62,0.69,0.43
2026-09-22T08:00:00Z,0.56,0.39,0.33,0.53,0.51,0.76,0.9,0.9,0.9,0.86,0.67,0.86,0.93,0.77,0.86,0.77,0.62,0.7,0.92,0.9,0.91,0.94,0.92,0.89,0.89,0.91,0.88,0.86,0.9,0.87,0.8,0.87,0.84,0.78,0.82,0.77,0.81,0.88,0.75,0.69,0.7,0.62,0.62,0.64,0.73,0.65,0.61,0.65,0.65,0.68,0.67,0.57,0.59,0.68,0.68,0.7,0.72,0.71,0.68,0.68,0.55,0.63,0.66,0.67
2026-09-22T09:00:00Z,0.4,0.26,0.2,0.4,0.51,0.74,0.82,0.88,0.93,0.81,0.78,0.93,0.91,0.88,0.89,0.68,0.52,0.65,0.78,0.85,0.92,0.93,0.93,0.9,0.88,0.87,0.89,0.84,0.8,0.83,0.89,0.85,0.78,0.86,0.88,0.81,0.79,0.72,0.79,0.85,0.76,0.83,0.75,0.71,0.77,0.69,0.76,0.77,0.69,0.85,0.77,0.82,0.77,0.73,0.73,0.74,0.72,0.69,0.7,0.68,0.59,0.74,0.73,0.7
2026-09-22T10:00:00Z,0.53,0.42,0.17,0.2,0.69,0.46,0.8,0.82,0.69,0.76,0.89,0.88,0.93,0.93,0.82,0.61,0.53,0.83,0.91,0.88,0.93,0.95,0.93,0.91,0.93,0.92,0.82,0.89,0.89,0.87,0.83,0.85,0.89,0.87,0.83,0.86,0.83,0.83,0.78,0.87,0.8,0.81,0.73,0.82,0.72,0.79,0.77,0.71,0.77,0.81,0.8,0.68,0.68,0.77,0.8,0.78,0.73,0.72,0.65,0.84,0.74,0.7,0.7,0.71
2026-09-22T11:00:00Z,0.35,0.22,0.46,0.4,0.38,0.7,0.75,0.92,0.89,0.81,0.8,0.96,0.81,0.91,0.81,0.62,0.54,0.74,0.86,0.91,0.88,0.91,0.93,0.91,0.89,0.9,0.87,0.88,0.87,0.84,0.85,0.88,0.84,0.81,0.77,0.77,0.81,0.77,0.79,0.74,0.72,0.76,0.75,0.66,0.68,0.81,0.75,0.75,0.67,0.71,0.68,0.74,0.81,0.77,0.75,0.74,0.74,0.75,0.72,0.74,0.81,0.72,0.7,0.65
2026-09-22T12:00:00Z,0.59,0.47,0.21,0.58,0.13,0.66,0.87,0.92,0.87,0.78,0.94,0.91,0.92,0.86,0.77,0.64,0.62,0.85,0.91,0.94,0.94,0.91,0.94,0.94,0.89,0.91,0.85,0.9,0.84,0.74,0.83,0.9,0.88,0.83,0.72,0.76,0.72,0.78,0.72,0.81,0.67,0.74,0.79,0.74,0.7,0.74,0.64,0.75,0.58,0.59,0.67,0.76,0.69,0.62,0.74,0.71,0.71,0.65,0.67,0.67,0.63,0.61,0.64,0.58
2026-09-22T13:00:00Z,0.53,0.36,0.54,0.25,0.58,0.65,0.88,0.85,0.9,0.83,0.92,0.9,0.82,0.95,0.84,0.43,0.68,0.84,0.96,0.95,0.94,0.93,0.91,0.85,0.86,0.91,0.88,0.89,0.91,0.9,0.85,0.89,0.78,0.81,0.73,0.81,0.77,0.65,0.77,0.7,0.73,0.7,0.62,0.73,0.59,0.64,0.68,0.68,0.7,0.72,0.7,0.7,0.71,0.66,0.66,0.69,0.72,0.62,0.72,0.65,0.68,0.67,0.63,0.7
2026-09-22T14:00:00Z,0.38,0.33,0.31,0.32,0.48,0.57,0.88,0.88,0.87,0.84,0.62,0.91,0.94,0.86,0.77,0.65,0.61,0.88,0.93,0.94,0.94,0.92,0.94,0.92,0.88,0.9,0.86,0.86,0.85,0.85,0.84,0.74,0.79,0.71,0.81,0.77,0.76,0.75,0.6,0.69,0.65,0.75,0.68,0.65,0.72,0.76,0.73,0.69,0.66,0.77,0.68,0.77,0.7,0.71,0.73,0.66,0.81,0.7,0.77,0.8,0.68,0.71,0.6,0.61
2026-09-22T15:00:00Z,0.37,0.25,0.36,0.27,0.36,0.72,0.92,0.89,0.8,0.84,0.72,0.75,0.83,0.88,0.86,0.74,0.65,0.82,0.89,0.93,0.92,0.94,0.94,0.93,0.9,0.89,0.85,0.83,0.83,0.9,0.87,0.84,0.82,0.81,0.81,0.79,0.76,0.69,0.8,0.76,0.83,0.78,0.7,0.63,0.67,0.72,0.78,0.78,0.78,0.79,0.75,0.77,0.76,0.8,0.79,0.71,0.77,0.68,0.69,0.71,0.66,0.57,0.65,0.57
2026-09-22T16:00:00Z,0.48,0.35,0.25,0.41,0.33,0.38,0.82,0.9,0.91,0.89,0.86,0.77,0.86,0.88,0.82,0.7,0.63,0.78,0.86,0.94,0.91,0.92,0.93,0.87,0.91,0.86,0.88,0.85,0.84,0.83,0.83,0.75,0.78,0.8,0.79,0.75,0.62,0.78,0.82,0.88,0.83,0.82,0.81,0.81,0.82,0.83,0.85,0.82,0.78,0.8,0.76,0.8,0.74,0.83,0.71,0.69,0.76,0.78,0.75,0.77,0.76,0.74,0.69,0.73
2026-09-22T17:00:00Z,0.45,0.19,0.28,0.12,0.31,0.56,0.85,0.78,0.89,0.9,0.78,0.79,0.9,0.77,0.74,0.76,0.6,0.71,0.82,0.91,0.91,0.91,0.94,0.93,0.93,0.85,0.89,0.8,0.74,0.79,0.78,0.9,0.86,0.86,0.76,0.74,0.76,0.77,0.71,0.64,0.8,0.72,0.73,0.69,0.82,0.82,0.86,0.72,0.76,0.82,0.83,0.75,0.73,0.82,0.78,0.77,0.81,0.77,0.79,0.72,0.7,0.72,0.77,0.73
2026-09-22T18:00:00Z,0.29,0.33,0.51,0.24,0.41,0.51,0.78,0.86,0.86,0.89,0.73,0.79,0.95,0.84,0.7,0.78,0.66,0.68,0.87,0.94,0.92,0.92,0.93,0.93,0.86,0.85,0.9,0.8,0.83,0.83,0.82,0.76,0.81,0.81,0.82,0.79,0.76,0.78,0.75,0.83,0.8,0.71,0.86,0.83,0.77,0.73,0.67,0.66,0.77,0.79,0.72,0.73,0.63,0.7,0.62,0.74,0.71,0.63,0.71,0.69,0.75,0.72,0.63,0.7
2026-09-22T19:00:00Z,0.26,0.15,0.52,0.2,0.28,0.61,0.75,0.91,0.93,0.82,0.83,0.85,0.94,0.86,0.8,0.82,0.55,0.83,0.85,0.94,0.96,0.93,0.9,0.89,0.91,0.9,0.87,0.89,0.85,0.88,0.79,0.82,0.81,0.81,0.81,0.8,0.88,0.83,0.89,0.83,0.67,0.81,0.75,0.77,0.76,0.77,0.82,0.77,0.77,0.69,0.76,0.7,0.78,0.62,0.7,0.74,0.63,0.71,0.69,0.69,0.58,0.65,0.63,0.56
2026-09-22T20:00:00Z,0.37,0.35,0.44,0.5,0.07,0.14,0.82,0.86,0.94,0.88,0.79,0.79,0.92,0.72,0.84,0.54,0.68,0.79,0.88,0.94,0.92,0.95,0.92,0.84,0.86,0.89,0.87,0.9,0.88,0.86,0.91,0.84,0.86,0.8,0.84,0.8,0.83,0.8,0.86,0.8,0.87,0.82,0.76,0.79,0.84,0.8,0.86,0.83,0.8,0.76,0.79,0.81,0.85,0.8,0.76,0.8,0.79,0.82,0.8,0.74,0.73,0.78,0.72,0.71
2026-09-22T21:00:00Z,0.45,0.38,0.42,0.43,0.32,0.62,0.75,0.86,0.84,0.92,0.5,0.75,0.74,0.81,0.68,0.64,0.56,0.83,0.86,0.92,0.92,0.93,0.93,0.83,0.86,0.89,0.88,0.86,0.82,0.85,0.88,0.82,0.8,0.8,0.83,0.77,0.73,0.85,0.84,0.85,0.84,0.83,0.87,0.78,0.79,0.82,0.86,0.8,0.74,0.78,0.78,0.8,0.73,0.69,0.79,0.82,0.83,0.72,0.73,0.72,0.72,0.68,0.69,0.72
2026-09-22T22:00:00Z,0.45,0.21,0.19,0.37,0.31,0.48,0.71,0.88,0.83,0.88,0.6,0.78,0.85,0.82,0.34,0.56,0.55,0.75,0.85,0.93,0.9,0.93,0.89,0.9,0.89,0.89,0.82,0.82,0.89,0.86,0.82,0.88,0.87,0.85,0.88,0.84,0.86,0.83,0.81,0.81,0.85,0.87,0.78,0.75,0.78,0.77,0.78,0.84,0.76,0.81,0.74,0.78,0.75,0.76,0.78,0.71,0.77,0.76,0.79,0.79,0.72,0.66,0.76,0.76
2026-09-22T23:00:00Z,0.21,0.19,0.42,0.23,0.56,0.38,0.86,0.9,0.87,0.77,0.77,0.7,0.63,0.54,0.67,0.65,0.7,0.87,0.9,0.92,0.92,0.93,0.92,0.93,0.86,0.92,0.83,0.89,0.84,0.8,0.83,0.87,0.85,0.8,0.82,0.84,0.76,0.82,0.83,0.85,0.76,0.77,0.78,0.8,0.82,0.77,0.82,0.72,0.86,0.71,0.67,0.8,0.83,0.8,0.76,0.84,0.77,0.79,0.75,0.74,0.74,0.62,0.65,0.65
2026-09-23T00:00:00Z,0.23,0.32,0.52,0.07,0.25,0.54,0.61,0.89,0.75,0.62,0.85,0.7,0.6,0.78,0.65,0.5,0.56,0.78,0.88,0.93,0.92,0.93,0.89,0.87,0.86,0.82,0.85,0.89,0.89,0.82,0.89,0.9,0.86,0.83,0.82,0.87,0.79,0.74,0.82,0.82,0.79,0.8,0.84,0.84,0.79,0.75,0.67,0.71,0.62,0.71,0.83,0.67,0.76,0.72,0.67,0.77,0.72,0.78,0.67,0.71,0.68,0.62,0.64,0.65
2026-09-23T01:00:00Z,0.29,0.04,0.15,0.46,0.39,0.5,0.45,0.89,0.77,0.89,0.76,0.89,0.74,0.77,0.81,0.47,0.63,0.77,0.85,0.94,0.92,0.91,0.91,0.92,0.9,0.91,0.88,0.81,0.81,0.83,0.8,0.76,0.85,0.87,0.74,0.79,0.77,0.69,0.85,0.83,0.84,0.79,0.79,0.78,0.8,0.77,0.71,0.66,0.6,0.77,0.69,0.67,0.71,0.67,0.79,0.74,0.79,0.79,0.6,0.65,0.53,0.71,0.75,0.71
2026-09-23T02:00:00Z,0.22,0.08,0.44,0.39,0.27,0.39,0.63,0.79,0.63,0.84,0.77,0.65,0.67,0.75,0.64,0.61,0.65,0.81,0.87,0.86,0.93,0.92,0.92,0.94,0.93,0.87,0.9,0.86,0.85,0.86,0.8,0.81,0.73,0.86,0.71,0.8,0.74,0.85,0.84,0.77,0.73,0.72,0.75,0.76,0.75,0.79,0.76,0.74,0.7,0.78,0.71,0.64,0.7,0.69,0.69,0.6,0.78,0.79,0.74,0.7,0.73,0.7,0.71,0.69
2026-09-23T03:00:00Z,0.27,0.33,0.26,0.18,0.13,0.41,0.66,0.84,0.81,0.9,0.66,0.64,0.7,0.84,0.75,0.59,0.62,0.73,0.83,0.87,0.87,0.8,0.91,0.95,0.88,0.89,0.87,0.93,0.9,0.87,0.85,0.81,0.83,0.72,0.81,0.78,0.84,0.8,0.83,0.77,0.82,0.71,0.79,0.69,0.64,0.58,0.7,0.66,0.78,0.76,0.72,0.79,0.76,0.7,0.68,0.73,0.73,0.62,0.65,0.77,0.65,0.65,0.67,0.67
2026-09-23T04:00:00Z,0.24,0.26,0.29,0.24,0.24,0.42,0.8,0.79,0.92,0.7,0.76,0.82,0.84,0.83,0.56,0.56,0.52,0.66,0.81,0.88,0.87,0.86,0.89,0.89,0.92,0.89,0.92,0.83,0.89,0.86,0.82,0.86,0.78,0.8,0.84,0.78,0.74,0.79,0.8,0.78,0.72,0.74,0.73,0.69,0.63,0.66,0.72,0.72,0.67,0.73,0.79,0.74,0.65,0.64,0.55,0.52,0.62,0.74,0.69,0.74,0.66,0.63,0.67,0.55
2026-09-23T05:00:00Z,0.41,0.44,0.22,0.23,0.04,0.39,0.57,0.92,0.91,0.87,0.74,0.77,0.77,0.9,0.58,0.74,0.73,0.84,0.87,0.94,0.9,0.92,0.9,0.93,0.91,0.92,0.92,0.89,0.87,0.81,0.8,0.83,0.82,0.79,0.84,0.64,0.7,0.75,0.76,0.72,0.74,0.59,0.81,0.73,0.69,0.61,0.64,0.65,0.63,0.62,0.59,0.62,0.59,0.51,0.67,0.56,0.69,0.66,0.71,0.67,0.75,0.74,0.67,0.68
2026-09-23T06:00:00Z,0.44,0.36,0.27,0.23,0.38,0.6,0.84,0.84,0.87,0.79,0.69,0.82,0.85,0.71,0.71,0.47,0.65,0.69,0.89,0.87,0.89,0.92,0.93,0.89,0.88,0.91,0.87,0.88,0.9,0.88,0.9,0.84,0.75,0.76,0.73,0.69,0.77,0.64,0.68,0.61,0.74,0.61,0.67,0.71,0.73,0.63,0.66,0.64,0.59,0.58,0.67,0.59,0.55,0.53,0.55,0.58,0.62,0.47,0.66,0.64,0.48,0.64,0.58,0.56
2026-09-23T07:00:00Z,0.55,0.58,0.41,0.35,0.23,0.7,0.82,0.95,0.91,0.78,0.67,0.79,0.9,0.79,0.83,0.51,0.71,0.78,0.85,0.9,0.91,0.92,0.92,0.94,0.9,0.89,0.85,0.86,0.87,0.78,0.8,0.85,0.78,0.73,0.71,0.72,0.77,0.69,0.69,0.73,0.67,0.77,0.72,0.8,0.73,0.74,0.65,0.77,0.69,0.73,0.62,0.82,0.64,0.65,0.7,0.71,0.64,0.65,0.72,0.68,0.69,0.71,0.67,0.46
2026-09-23T08:00:00Z,0.27,0.2,0.23,0.39,0.4,0.45,0.67,0.79,0.91,0.87,0.75,0.59,0.86,0.85,0.54,0.43,0.67,0.8,0.86,0.92,0.91,0.93,0.91,0.94,0.94,0.94,0.93,0.88,0.85,0.87,0.84,0.79,0.76,0.8,0.8,0.79,0.69,0.77,0.82,0.8,0.69,0.71,0.49,0.68,0.66,0.6,0.7,0.75,0.7,0.62,0.59,0.7,0.75,0.59,0.56,0.53,0.59,0.59,0.7,0.62,0.66,0.53,0.37,0.61
2026-09-23T09:00:00Z,0.26,0.17,0.26,0.46,0.4,0.6,0.57,0.77,0.78,0.9,0.59,0.86,0.85,0.92,0.51,0.69,0.79,0.84,0.88,0.94,0.92,0.92,0.93,0.95,0.89,0.88,0.92,0.89,0.88,0.82,0.79,0.83,0.73,0.71,0.85,0.81,0.75,0.83,0.72,0.72,0.62,0.68,0.67,0.7,0.7,0.7,0.64,0.55,0.61,0.52,0.64,0.6,0.45,0.53,0.51,0.56,0.64,0.62,0.53,0.66,0.61,0.5,0.55,0.55
2026-09-23T10:00:00Z,0.59,0.35,0.4,0.14,0.51,0.59,0.85,0.86,0.77,0.81,0.83,0.71,0.86,0.75,0.75,0.58,0.85,0.91,0.91,0.92,0.94,0.92,0.94,0.93,0.9,0.86,0.88,0.82,0.82,0.81,0.84,0.78,0.84,0.83,0.79,0.78,0.79,0.69,0.76,0.74,0.73,0.72,0.59,0.67,0.69,0.65,0.74,0.5,0.59,0.56,0.59,0.59,0.62,0.64,0.64,0.7,0.57,0.68,0.68,0.5,0.64,0.41,0.53,0.56
2026-09-23T11:00:00Z,0.7,0.58,0.53,0.42,0.43,0.54,0.89,0.88,0.92,0.78,0.73,0.77,0.88,0.68,0.76,0.64,0.89,0.92,0.84,0.91,0.94,0.95,0.94,0.95,0.93,0.94,0.94,0.93,0.84,0.76,0.84,0.86,0.88,0.8,0.81,0.76,0.72,0.67,0.78,0.79,0.7,0.63,0.62,0.62,0.66,0.64,0.69,0.69,0.52,0.56,0.63,0.61,0.65,0.47,0.65,0.7,0.59,0.52,0.67,0.53,0.6,0.43,0.33,0.56
2026-09-23T12:00:00Z,0.38,0.24,0.38,0.02,0.12,0.62,0.69,0.79,0.83,0.79,0.81,0.87,0.73,0.9,0.71,0.63,0.77,0.87,0.87,0.92,0.92,0.95,0.89,0.9,0.95,0.89,0.89,0.88,0.86,0.93,0.89,0.77,0.81,0.77,0.77,0.82,0.84,0.85,0.63,0.7,0.73,0.65,0.66,0.67,0.69,0.62,0.57,0.57,0.5,0.64,0.58,0.62,0.66,0.6,0.69,0.6,0.54,0.66,0.62,0.58,0.46,0.55,0.51,0.53
2026-09-23T13:00:00Z,0.63,0.64,0.43,0.35,0.35,0.5,0.83,0.83,0.85,0.71,0.78,0.66,0.69,0.67,0.84,0.65,0.8,0.92,0.86,0.92,0.9,0.92,0.96,0.97,0.94,0.89,0.88,0.87,0.83,0.81,0.89,0.83,0.75,0.83,0.78,0.79,0.7,0.72,0.73,0.73,0.76,0.64,0.59,0.62,0.72,0.69,0.61,0.71,0.63,0.55,0.6,0.57,0.75,0.8,0.54,0.59,0.67,0.56,0.63,0.49,0.34,0.46,0.67,0.52
2026-09-23T14:00:00Z,0.23,0.22,0.21,0.44,0.15,0.35,0.7,0.75,0.84,0.71,0.85,0.77,0.62,0.78,0.66,0.67,0.84,0.91,0.87,0.91,0.94,0.95,0.94,0.96,0.92,0.92,0.92,0.87,0.87,0.88,0.77,0.82,0.73,0.86,0.84,0.79,0.77,0.59,0.73,0.77,0.68,0.73,0.65,0.71,0.64,0.58,0.55,0.6,0.57,0.47,0.39,0.49,0.33,0.53,0.41,0.46,0.33,0.35,0.27,0.2,0.41,0.36,0.36,0.34
2026-09-23T15:00:00Z,0.25,0.18,0.48,0.27,0.38,0.39,0.74,0.85,0.87,0.63,0.79,0.72,0.78,0.77,0.73,0.68,0.8,0.89,0.87,0.91,0.95,0.96,0.95,0.94,0.94,0.91,0.88,0.86,0.84,0.8,0.78,0.73,0.77,0.79,0.84,0.8,0.75,0.75,0.71,0.65,0.68,0.51,0.54,0.56,0.66,0.67,0.6,0.53,0.35,0.37,0.54,0.57,0.55,0.64,0.46,0.3,0.48,0.44,0.44,0.49,0.38,0.46,0.48,0.41
2026-09-23T16:00:00Z,0.51,0.52,0.62,0.23,0.25,0.72,0.83,0.91,0.76,0.62,0.73,0.76,0.67,0.89,0.67,0.73,0.86,0.9,0.92,0.96,0.94,0.95,0.95,0.94,0.93,0.94,0.85,0.79,0.78,0.77,0.84,0.77,0.73,0.81,0.75,0.58,0.72,0.71,0.67,0.64,0.72,0.72,0.58,0.45,0.55,0.53,0.47,0.51,0.26,0.4,0.53,0.56,0.44,0.57,0.46,0.4,0.46,0.48,0.43,0.41,0.52,0.43,0.44,0.43
2026-09-23T17:00:00Z,0.41,0.36,0.55,0.34,0.39,0.49,0.52,0.83,0.82,0.8,0.87,0.9,0.73,0.77,0.68,0.8,0.81,0.92,0.93,0.95,0.96,0.96,0.93,0.88,0.92,0.89,0.9,0.85,0.76,0.83,0.81,0.82,0.78,0.74,0.79,0.72,0.75,0.7,0.73,0.6,0.51,0.54,0.62,0.54,0.5,0.58,0.57,0.5,0.5,0.47,0.29,0.39,0.45,0.44,0.47,0.57,0.41,0.36,0.5,0.56,0.32,0.34,0.45,0.23
2026-09-23T18:00:00Z,0.59,0.43,0.19,0.42,0.47,0.63,0.64,0.84,0.89,0.88,0.87,0.84,0.58,0.8,0.6,0.75,0.9,0.94,0.92,0.94,0.93,0.94,0.92,0.92,0.89,0.85,0.84,0.85,0.86,0.81,0.78,0.72,0.75,0.74,0.78,0.71,0.65,0.62,0.63,0.66,0.53,0.61,0.61,0.54,0.49,0.42,0.56,0.5,0.56,0.3,0.48,0.48,0.47,0.42,0.48,0.46,0.35,0.33,0.48,0.45,0.54,0.49,0.47,0.43
2026-09-23T19:00:00Z,0.49,0.3,0.24,0.19,0.38,0.59,0.59,0.86,0.91,0.58,0.65,0.59,0.66,0.74,0.64,0.6,0.88,0.94,0.95,0.94,0.94,0.91,0.94,0.92,0.91,0.87,0.91,0.85,0.81,0.75,0.72,0.82,0.74,0.71,0.78,0.8,0.69,0.7,0.63,0.76,0.68,0.63,0.64,0.6,0.41,0.51,0.5,0.47,0.53,0.48,0.41,0.23,0.32,0.32,0.29,0.19,0.21,0.38,0.36,0.24,0.35,0.34,0.43,0.54
2026-09-23T20:00:00Z,0.19,0.24,0.48,0.12,0.41,0.45,0.7,0.87,0.9,0.77,0.87,0.79,0.66,0.64,0.68,0.7,0.86,0.91,0.94,0.95,0.92,0.93,0.86,0.92,0.88,0.84,0.77,0.73,0.78,0.79,0.79,0.77,0.75,0.63,0.72,0.73,0.69,0.63,0.67,0.67,0.69,0.56,0.61,0.65,0.49,0.46,0.39,0.65,0.57,0.6,0.52,0.45,0.5,0.47,0.58,0.48,0.38,0.55,0.43,0.37,0.43,0.61,0.56,0.59
2026-09-23T21:00:00Z,0.36,0.17,0.32,0.33,0.51,0.33,0.54,0.51,0.9,0.64,0.79,0.77,0.68,0.8,0.69,0.39,0.92,0.94,0.93,0.94,0.92,0.9,0.94,0.9,0.91,0.86,0.86,0.85,0.84,0.83,0.83,0.77,0.73,0.65,0.74,0.72,0.72,0.59,0.66,0.64,0.61,0.61,0.47,0.57,0.35,0.59,0.44,0.52,0.43,0.29,0.46,0.37,0.59,0.57,0.41,0.47,0.53,0.6,0.66,0.63,0.61,0.61,0.69,0.72
2026-09-23T22:00:00Z,0.49,0.44,0.46,0.41,0.31,0.29,0.59,0.83,0.89,0.82,0.67,0.75,0.56,0.51,0.45,0.76,0.92,0.94,0.93,0.89,0.93,0.93,0.87,0.88,0.91,0.83,0.71,0.75,0.78,0.72,0.79,0.72,0.71,0.71,0.59,0.41,0.56,0.68,0.59,0.66,0.62,0.72,0.65,0.61,0.58,0.71,0.65,0.6,0.56,0.69,0.66,0.67,0.7,0.69,0.7,0.71,0.8,0.8,0.83,0.81,0.81,0.85,0.77,0.75
2026-09-23T23:00:00Z,0.15,0.34,0.18,0.27,0.43,0.25,0.61,0.89,0.82,0.82,0.8,0.69,0.69,0.68,0.64,0.77,0.87,0.96,0.97,0.93,0.93,0.91,0.89,0.86,0.85,0.84,0.83,0.81,0.67,0.72,0.72,0.8,0.66,0.72,0.62,0.7,0.56,0.65,0.59,0.52,0.58,0.65,0.59,0.72,0.7,0.7,0.72,0.83,0.66,0.7,0.74,0.71,0.84,0.82,0.85,0.84,0.79,0.77,0.8,0.77,0.73,0.75,0.73,0.74
2026-09-24T00:00:00Z,0.31,0.43,0.16,0.41,0.21,0.46,0.65,0.87,0.83,0.62,0.8,0.78,0.78,0.67,0.5,0.78,0.93,0.96,0.94,0.9,0.82,0.89,0.87,0.88,0.84,0.81,0.83,0.8,0.74,0.87,0.82,0.71,0.71,0.71,0.74,0.76,0.77,0.73,0.76,0.77,0.6,0.74,0.8,0.77,0.7,0.79,0.83,0.71,0.75,0.73,0.79,0.75,0.72,0.78,0.67,0.69,0.72,0.76,0.76,0.67,0.76,0.78,0.76,0.68
2026-09-24T01:00:00Z,0.54,0.49,0.14,0.27,0.35,0.12,0.62,0.89,0.93,0.89,0.7,0.58,0.8,0.69,0.42,0.47,0.95,0.95,0.89,0.92,0.93,0.94,0.88,0.84,0.8,0.89,0.87,0.86,0.88,0.85,0.8,0.67,0.8,0.77,0.77,0.75,0.72,0.72,0.8,0.78,0.79,0.58,0.63,0.72,0.67,0.67,0.44,0.55,0.66,0.42,0.69,0.69,0.59,0.61,0.58,0.66,0.84,0.75,0.67,0.66,0.68,0.69,0.64,0.69
2026-09-24T02:00:00Z,0.45,0.46,0.43,0.46,0.18,0.5,0.67,0.77,0.89,0.85,0.73,0.89,0.91,0.64,0.79,0.74,0.93,0.91,0.95,0.94,0.91,0.91,0.91,0.87,0.81,0.83,0.86,0.77,0.82,0.9,0.73,0.78,0.72,0.75,0.77,0.67,0.56,0.7,0.63,0.45,0.56,0.63,0.6,0.63,0.57,0.63,0.71,0.68,0.7,0.72,0.66,0.74,0.73,0.65,0.76,0.63,0.67,0.62,0.46,0.37,0.55,0.66,0.59,0.5
2026-09-24T03:00:00Z,0.56,0.41,0.66,0.22,0.35,0.68,0.7,0.9,0.9,0.86,0.73,0.79,0.8,0.73,0.62,0.74,0.92,0.94,0.91,0.89,0.89,0.94,0.92,0.87,0.86,0.85,0.84,0.77,0.75,0.85,0.89,0.77,0.76,0.65,0.8,0.76,0.72,0.69,0.71,0.73,0.67,0.51,0.62,0.55,0.59,0.57,0.59,0.54,0.54,0.6,0.64,0.73,0.6,0.57,0.58,0.61,0.57,0.58,0.68,0.54,0.66,0.67,0.67,0.46
2026-09-24T04:00:00Z,0.68,0.56,0.26,0.08,0.42,0.54,0.69,0.88,0.82,0.86,0.6,0.79,0.77,0.75,0.54,0.66,0.9,0.93,0.94,0.89,0.91,0.93,0.92,0.88,0.84,0.81,0.8,0.88,0.75,0.8,0.78,0.75,0.77,0.72,0.75,0.64,0.59,0.63,0.62,0.71,0.71,0.6,0.61,0.6,0.53,0.61,0.7,0.6,0.67,0.56,0.6,0.56,0.67,0.6,0.57,0.44,0.44,0.48,0.66,0.51,0.49,0.53,0.49,0.48
2026-09-24T05:00:00Z,0.23,0.1,0.33,0.58,0.4,0.62,0.73,0.77,0.88,0.9,0.59,0.75,0.77,0.7,0.57,0.57,0.89,0.91,0.91,0.83,0.88,0.87,0.92,0.9,0.9,0.85,0.8,0.84,0.84,0.85,0.84,0.78,0.76,0.8,0.82,0.71,0.72,0.72,0.59,0.5,0.64,0.64,0.46,0.51,0.51,0.36,0.44,0.48,0.42,0.52,0.44,0.43,0.44,0.46,0.43,0.43,0.37,0.32,0.41,0.48,0.49,0.45,0.48,0.53
2026-09-24T06:00:00Z,0.49,0.57,0.34,0.45,0.3,0.3,0.85,0.9,0.81,0.85,0.92,0.77,0.78,0.62,0.54,0.77,0.87,0.87,0.88,0.91,0.93,0.86,0.88,0.89,0.8,0.79,0.85,0.81,0.74,0.65,0.8,0.81,0.82,0.67,0.64,0.6,0.75,0.79,0.7,0.54,0.61,0.75,0.68,0.56,0.46,0.44,0.51,0.61,0.37,0.54,0.47,0.46,0.5,0.39,0.38,0.28,0.3,0.38,0.34,0.4,0.46,0.4,0.39,0.43
2026-09-24T07:00:00Z,0.54,0.4,0.4,0.26,0.35,0.52,0.85,0.88,0.85,0.92,0.65,0.71,0.85,0.82,0.65,0.69,0.86,0.83,0.84,0.94,0.88,0.9,0.89,0.87,0.83,0.84,0.85,0.87,0.82,0.82,0.79,0.77,0.74,0.75,0.79,0.73,0.77,0.78,0.57,0.68,0.65,0.78,0.62,0.58,0.49,0.52,0.51,0.46,0.49,0.43,0.36,0.49,0.46,0.42,0.26,0.32,0.26,0.28,0.37,0.4,0.22,0.31,0.39,0.21
2026-09-24T08:00:00Z,0.57,0.4,0.22,0.64,0.36,0.58,0.76,0.88,0.88,0.78,0.74,0.78,0.76,0.61,0.74,0.58,0.86,0.91,0.92,0.86,0.85,0.88,0.9,0.87,0.86,0.77,0.86,0.9,0.86,0.71,0.85,0.85,0.8,0.88,0.76,0.82,0.77,0.78,0.69,0.65,0.67,0.6,0.7,0.64,0.46,0.44,0.67,0.46,0.64,0.5,0.37,0.41,0.46,0.55,0.41,0.39,0.35,0.42,0.18,0.15,0.18,0.21,0.43,0.25
2026-09-24T09:00:00Z,0.4,0.23,0.2,0.23,0.39,0.66,0.73,0.9,0.94,0.92,0.83,0.81,0.79,0.75,0.8,0.67,0.81,0.83,0.88,0.89,0.88,0.94,0.93,0.9,0.89,0.86,0.86,0.84,0.82,0.79,0.79,0.73,0.67,0.82,0.76,0.79,0.77,0.66,0.76,0.68,0.75,0.67,0.66,0.64,0.64,0.64,0.6,0.52,0.62,0.46,0.28,0.4,0.48,0.54,0.54,0.26,0.3,0.39,0.43,0.41,0.22,0.35,0.46,0.31
2026-09-24T10:00:00Z,0.53,0.5,0.45,0.43,0.54,0.81,0.84,0.87,0.88,0.93,0.82,0.78,0.7,0.64,0.73,0.89,0.74,0.9,0.86,0.82,0.91,0.87,0.92,0.9,0.92,0.85,0.86,0.85,0.84,0.86,0.85,0.75,0.75,0.77,0.66,0.7,0.71,0.67,0.7,0.78,0.75,0.71,0.66,0.6,0.66,0.77,0.65,0.53,0.7,0.76,0.62,0.63,0.6,0.35,0.49,0.45,0.56,0.46,0.51,0.44,0.37,0.29,0.4,0.35
2026-09-24T11:00:00Z,0.48,0.6,0.2,0.36,0.22,0.41,0.82,0.87,0.82,0.82,0.73,0.69,0.74,0.63,0.75,0.7,0.8,0.9,0.92,0.92,0.9,0.92,0.94,0.95,0.91,0.89,0.88,0.85,0.83,0.85,0.84,0.75,0.76,0.78,0.79,0.79,0.74,0.7,0.7,0.77,0.6,0.76,0.68,0.67,0.58,0.58,0.6,0.5,0.45,0.55,0.59,0.54,0.31,0.56,0.59,0.51,0.47,0.48,0.59,0.52,0.52,0.53,0.49,0.46
2026-09-24T12:00:00Z,0.27,0.28,0.4,0.22,0.28,0.61,0.8,0.86,0.8,0.85,0.86,0.74,0.79,0.62,0.84,0.71,0.71,0.82,0.81,0.92,0.88,0.87,0.88,0.91,0.92,0.93,0.9,0.79,0.82,0.82,0.89,0.84,0.78,0.82,0.8,0.73,0.78,0.76,0.71,0.67,0.59,0.67,0.78,0.58,0.67,0.56,0.74,0.58,0.7,0.6,0.65,0.3,0.49,0.47,0.6,0.48,0.41,0.51,0.37,0.49,0.55,0.46,0.46,0.55
2026-09-24T13:00:00Z,0.44,0.25,0.05,0.16,0.56,0.64,0.8,0.9,0.84,0.9,0.89,0.61,0.62,0.86,0.45,0.74,0.69,0.87,0.9,0.89,0.9,0.94,0.89,0.89,0.81,0.82,0.82,0.85,0.86,0.84,0.83,0.84,0.88,0.82,0.79,0.75,0.72,0.76,0.64,0.65,0.69,0.79,0.78,0.67,0.47,0.64,0.45,0.44,0.42,0.46,0.46,0.45,0.32,0.55,0.44,0.58,0.52,0.37,0.51,0.53,0.64,0.58,0.52,0.57
2026-09-24T14:00:00Z,0.43,0.5,0.05,0.07,0.52,0.74,0.81,0.9,0.86,0.88,0.69,0.52,0.78,0.61,0.64,0.87,0.77,0.88,0.91,0.92,0.88,0.88,0.9,0.88,0.8,0.87,0.88,0.85,0.85,0.79,0.87,0.87,0.84,0.87,0.83,0.79,0.79,0.73,0.58,0.65,0.62,0.55,0.58,0.39,0.34,0.59,0.54,0.66,0.59,0.47,0.51,0.65,0.48,0.47,0.29,0.36,0.45,0.33,0.35,0.45,0.46,0.25,0.41,0.47
2026-09-24T15:00:00Z,0.39,0.4,0.22,0.54,0.23,0.8,0.82,0.75,0.88,0.86,0.63,0.66,0.74,0.74,0.79,0.71,0.78,0.91,0.87,0.87,0.88,0.91,0.87,0.9,0.89,0.86,0.87,0.81,0.74,0.83,0.83,0.83,0.81,0.86,0.86,0.66,0.61,0.7,0.6,0.62,0.56,0.64,0.55,0.58,0.55,0.56,0.45,0.61,0.53,0.43,0.35,0.44,0.56,0.42,0.4,0.24,0.37,0.48,0.47,0.64,0.41,0.56,0.6,0.56
2026-09-24T16:00:00Z,0.37,0.26,0.2,0.63,0.66,0.5,0.68,0.82,0.9,0.9,0.79,0.75,0.48,0.77,0.7,0.69,0.58,0.79,0.93,0.91,0.89,0.9,0.87,0.88,0.85,0.85,0.86,0.91,0.8,0.7,0.82,0.85,0.76,0.64,0.51,0.71,0.56,0.62,0.4,0.45,0.49,0.52,0.28,0.07,0.27,0.19,0.41,0.51,0.2,0.35,0.19,0.32,0.22,0.35,0.34,0.31,0.51,0.27,0.51,0.41,0.41,0.45,0.38,0.4
2026-09-24T17:00:00Z,0.62,0.77,0.52,0.15,0.36,0.41,0.71,0.75,0.84,0.84,0.6,0.63,0.78,0.73,0.83,0.75,0.71,0.68,0.84,0.86,0.89,0.83,0.86,0.84,0.85,0.82,0.86,0.88,0.86,0.78,0.73,0.73,0.76,0.73,0.71,0.75,0.58,0.69,0.57,0.55,0.47,0.52,0.34,0.37,0.2,0.43,0.14,0.26,0.34,0.19,0.25,0.18,0.39,0.21,0.26,0.38,0.22,0.3,0.42,0.33,0.36,0.43,0.16,0.34
2026-09-24T18:00:00Z,0.51,0.43,0.38,0.44,0.56,0.58,0.35,0.89,0.86,0.86,0.84,0.65,0.81,0.81,0.63,0.58,0.72,0.78,0.79,0.81,0.83,0.89,0.93,0.89,0.9,0.87,0.82,0.86,0.66,0.73,0.71,0.66,0.77,0.76,0.74,0.65,0.56,0.49,0.57,0.63,0.42,0.42,0.32,0.34,0.48,0.46,0.45,0.35,0.28,0.5,0.41,0.36,0.29,0.39,0.62,0.49,0.45,0.51,0.39,0.43,0.45,0.52,0.62,0.63
2026-09-24T19:00:00Z,0.58,0.53,0.28,0.39,0.59,0.52,0.69,0.79,0.93,0.87,0.63,0.74,0.76,0.77,0.54,0.71,0.69,0.72,0.76,0.83,0.84,0.85,0.91,0.89,0.82,0.88,0.84,0.87,0.8,0.77,0.79,0.7,0.65,0.61,0.65,0.61,0.71,0.44,0.51,0.52,0.57,0.35,0.52,0.26,0.48,0.4,0.54,0.27,0.37,0.4,0.42,0.39,0.19,0.37,0.25,0.21,0.32,0.34,0.36,0.43,0.42,0.25,0.5,0.21
2026-09-24T20:00:00Z,0.42,0.38,0.45,0.13,0.56,0.61,0.82,0.86,0.84,0.91,0.87,0.58,0.78,0.76,0.61,0.66,0.67,0.68,0.73,0.85,0.92,0.9,0.89,0.94,0.9,0.85,0.86,0.84,0.69,0.83,0.81,0.8,0.73,0.72,0.67,0.58,0.59,0.67,0.42,0.49,0.69,0.66,0.57,0.36,0.56,0.43,0.41,0.17,0.25,0.26,0.18,0.37,0.33,0.29,0.42,0.26,0.22,0.38,0.48,0.32,0.25,0.42,0.41,0.35
2026-09-24T21:00:00Z,0.73,0.68,0.23,0.5,0.35,0.48,0.86,0.86,0.84,0.89,0.88,0.65,0.91,0.79,0.64,0.51,0.63,0.67,0.83,0.85,0.91,0.92,0.95,0.94,0.88,0.89,0.89,0.86,0.8,0.8,0.82,0.78,0.89,0.73,0.78,0.84,0.79,0.66,0.47,0.65,0.65,0.68,0.74,0.57,0.4,0.43,0.53,0.58,0.47,0.37,0.48,0.44,0.44,0.38,0.27,0.32,0.26,0.37,0.5,0.42,0.17,0.42,0.36,0.32
2026-09-24T22:00:00Z,0.47,0.52,0.52,0.56,0.53,0.49,0.72,0.85,0.85,0.87,0.71,0.83,0.76,0.54,0.54,0.75,0.78,0.75,0.84,0.83,0.87,0.89,0.87,0.87,0.9,0.87,0.81,0.84,0.78,0.86,0.84,0.79,0.75,0.67,0.79,0.75,0.76,0.62,0.62,0.72,0.49,0.59,0.62,0.44,0.55,0.66,0.51,0.52,0.43,0.5,0.48,0.56,0.3,0.42,0.35,0.43,0.55,0.61,0.43,0.33,0.28,0.29,0.34,0.29
2026-09-24T23:00:00Z,0.24,0.23,0.22,0.17,0.18,0.45,0.67,0.81,0.76,0.92,0.8,0.72,0.62,0.68,0.71,0.78,0.74,0.59,0.71,0.86,0.87,0.89,0.86,0.9,0.91,0.89,0.86,0.89,0.82,0.75,0.82,0.84,0.81,0.83,0.8,0.75,0.67,0.64,0.7,0.62,0.66,0.55,0.53,0.4,0.33,0.23,0.25,0.3,0.31,0.13,0.13,0.26,0.27,0.36,0.37,0.33,0.41,0.41,0.53,0.41,0.35,0.52,0.5,0.54
2026-09-25T00:00:00Z,0.24,0.38,0.23,0.27,0.29,0.63,0.52,0.79,0.87,0.93,0.84,0.67,0.82,0.79,0.56,0.88,0.72,0.76,0.83,0.73,0.9,0.87,0.85,0.88,0.82,0.88,0.83,0.85,0.81,0.79,0.77,0.76,0.8,0.8,0.64,0.64,0.62,0.56,0.71,0.69,0.58,0.68,0.64,0.51,0.49,0.53,0.54,0.32,0.22,0.38,0.34,0.51,0.48,0.46,0.37,0.37,0.45,0.46,0.55,0.62,0.64,0.56,0.62,0.66
2026-09-25T01:00:00Z,0.14,0.07,0.16,0.36,0.36,0.41,0.73,0.86,0.83,0.74,0.76,0.61,0.81,0.74,0.57,0.67,0.73,0.66,0.75,0.83,0.88,0.88,0.92,0.87,0.86,0.85,0.83,0.79,0.87,0.86,0.87,0.82,0.82,0.73,0.76,0.74,0.74,0.59,0.68,0.67,0.64,0.63,0.47,0.55,0.66,0.57,0.55,0.37,0.56,0.42,0.39,0.37,0.45,0.45,0.4,0.47,0.37,0.51,0.53,0.4,0.57,0.61,0.76,0.8
2026-09-25T02:00:00Z,0.56,0.36,0.19,0.21,0.42,0.42,0.71,0.8,0.87,0.84,0.89,0.59,0.47,0.68,0.78,0.83,0.76,0.77,0.73,0.78,0.81,0.86,0.9,0.88,0.87,0.86,0.86,0.84,0.79,0.8,0.77,0.84,0.81,0.71,0.61,0.63,0.66,0.61,0.4,0.46,0.47,0.56,0.32,0.4,0.52,0.42,0.48,0.32,0.4,0.45,0.38,0.38,0.37,0.56,0.6,0.63,0.72,0.68,0.73,0.72,0.74,0.66,0.76,0.76
2026-09-25T03:00:00Z,0.28,0.37,0.27,0.11,0.2,0.59,0.64,0.84,0.87,0.85,0.92,0.76,0.87,0.65,0.73,0.84,0.72,0.73,0.76,0.83,0.92,0.94,0.89,0.84,0.85,0.85,0.86,0.81,0.83,0.71,0.69,0.74,0.62,0.74,0.71,0.68,0.75,0.66,0.54,0.54,0.36,0.37,0.21,0.29,0.33,0.4,0.49,0.47,0.35,0.47,0.5,0.44,0.51,0.46,0.62,0.56,0.69,0.68,0.63,0.72,0.8,0.85,0.79,0.83
2026-09-25T04:00:00Z,0.43,0.48,0.31,0.26,0.5,0.59,0.71,0.84,0.82,0.86,0.83,0.82,0.67,0.79,0.77,0.73,0.71,0.8,0.68,0.87,0.87,0.9,0.88,0.84,0.88,0.85,0.84,0.87,0.78,0.85,0.69,0.74,0.81,0.78,0.7,0.69,0.69,0.7,0.65,0.66,0.54,0.35,0.45,0.58,0.5,0.61,0.5,0.49,0.47,0.53,0.58,0.67,0.53,0.56,0.56,0.55,0.52,0.67,0.76,0.76,0.77,0.76,0.77,0.79
2026-09-25T05:00:00Z,0.36,0.53,0.09,0.13,0.65,0.65,0.6,0.82,0.86,0.9,0.92,0.88,0.66,0.82,0.74,0.82,0.64,0.66,0.81,0.84,0.86,0.88,0.87,0.86,0.88,0.82,0.77,0.76,0.8,0.73,0.71,0.78,0.67,0.67,0.69,0.71,0.65,0.69,0.61,0.48,0.66,0.64,0.52,0.57,0.63,0.66,0.54,0.67,0.56,0.6,0.58,0.47,0.69,0.68,0.73,0.77,0.79,0.8,0.8,0.85,0.86,0.86,0.86,0.8
2026-09-25T06:00:00Z,0.6,0.51,0.05,0.25,0.11,0.34,0.67,0.7,0.83,0.94,0.88,0.81,0.75,0.81,0.79,0.9,0.75,0.78,0.78,0.81,0.9,0.88,0.88,0.86,0.91,0.89,0.73,0.68,0.8,0.71,0.73,0.78,0.81,0.73,0.64,0.76,0.68,0.63,0.69,0.68,0.65,0.56,0.64,0.49,0.46,0.68,0.59,0.67,0.6,0.47,0.38,0.58,0.46,0.65,0.65,0.56,0.65,0.79,0.77,0.78,0.81,0.76,0.78,0.83
2026-09-25T07:00:00Z,0.13,0.1,0.16,0.19,0.2,0.42,0.51,0.89,0.86,0.95,0.85,0.85,0.55,0.73,0.74,0.62,0.74,0.76,0.74,0.83,0.92,0.94,0.93,0.9,0.89,0.86,0.8,0.82,0.87,0.78,0.76,0.73,0.75,0.69,0.79,0.85,0.78,0.72,0.71,0.76,0.76,0.66,0.62,0.66,0.61,0.5,0.65,0.52,0.52,0.52,0.54,0.6,0.62,0.6,0.58,0.57,0.64,0.5,0.59,0.71,0.72,0.66,0.76,0.81
2026-09-25T08:00:00Z,0.3,0.46,0.15,0.34,0.41,0.74,0.71,0.77,0.78,0.93,0.88,0.76,0.74,0.79,0.62,0.78,0.74,0.64,0.82,0.9,0.88,0.92,0.91,0.88,0.89,0.87,0.89,0.83,0.84,0.74,0.7,0.76,0.81,0.79,0.75,0.78,0.78,0.65,0.64,0.66,0.7,0.69,0.64,0.52,0.52,0.72,0.76,0.4,0.38,0.49,0.53,0.41,0.58,0.52,0.67,0.61,0.7,0.53,0.67,0.67,0.71,0.74,0.67,0.68
2026-09-25T09:00:00Z,0.43,0.4,0.43,0.24,0.32,0.57,0.64,0.89,0.87,0.89,0.9,0.83,0.79,0.7,0.6,0.76,0.74,0.67,0.88,0.89,0.91,0.91,0.87,0.91,0.91,0.92,0.86,0.9,0.87,0.77,0.79,0.8,0.82,0.84,0.75,0.68,0.7,0.74,0.6,0.76,0.8,0.8,0.7,0.76,0.76,0.58,0.72,0.59,0.68,0.63,0.61,0.63,0.56,0.67,0.54,0.44,0.55,0.6,0.41,0.54,0.61,0.51,0.63,0.43
2026-09-25T10:00:00Z,0.33,0.32,0.41,0.25,0.45,0.4,0.75,0.67,0.93,0.91,0.9,0.9,0.65,0.72,0.73,0.8,0.69,0.66,0.75,0.85,0.89,0.95,0.95,0.91,0.89,0.93,0.83,0.85,0.88,0.84,0.79,0.81,0.77,0.86,0.87,0.77,0.75,0.77,0.7,0.75,0.81,0.78,0.64,0.75,0.68,0.75,0.71,0.73,0.73,0.52,0.67,0.51,0.6,0.48,0.32,0.47,0.51,0.31,0.49,0.51,0.54,0.55,0.49,0.66
2026-09-25T11:00:00Z,0.03,0.23,0.49,0.41,0.51,0.54,0.68,0.81,0.85,0.91,0.81,0.83,0.78,0.86,0.89,0.79,0.77,0.68,0.71,0.77,0.86,0.91,0.94,0.91,0.87,0.89,0.87,0.9,0.86,0.87,0.86,0.86,0.82,0.76,0.85,0.86,0.71,0.71,0.79,0.75,0.71,0.72,0.7,0.69,0.72,0.71,0.78,0.67,0.66,0.65,0.67,0.62,0.53,0.64,0.6,0.52,0.43,0.52,0.62,0.48,0.55,0.48,0.56,0.48
2026-09-25T12:00:00Z,0.56,0.5,0.25,0.14,0.15,0.68,0.82,0.86,0.9,0.91,0.88,0.81,0.72,0.69,0.91,0.68,0.62,0.76,0.74,0.77,0.85,0.89,0.9,0.92,0.9,0.91,0.9,0.87,0.82,0.8,0.84,0.89,0.84,0.81,0.87,0.86,0.76,0.77,0.78,0.66,0.77,0.76,0.77,0.71,0.73,0.67,0.78,0.73,0.64,0.76,0.72,0.68,0.77,0.67,0.5,0.56,0.7,0.62,0.52,0.67,0.59,0.71,0.51,0.57
2026-09-25T13:00:00Z,0.13,0.2,0.46,0.29,0.53,0.53,0.68,0.82,0.85,0.84,0.88,0.87,0.83,0.94,0.78,0.65,0.71,0.72,0.8,0.82,0.82,0.88,0.85,0.87,0.92,0.91,0.93,0.83,0.92,0.83,0.9,0.85,0.83,0.81,0.77,0.77,0.8,0.76,0.82,0.8,0.71,0.67,0.7,0.76,0.62,0.66,0.68,0.65,0.62,0.61,0.63,0.46,0.59,0.62,0.59,0.65,0.66,0.73,0.65,0.61,0.59,0.52,0.59,0.46
2026-09-25T14:00:00Z,0.06,0.14,0.23,0.37,0.36,0.4,0.42,0.81,0.88,0.92,0.81,0.81,0.63,0.81,0.8,0.86,0.74,0.79,0.84,0.78,0.87,0.87,0.83,0.89,0.88,0.83,0.88,0.9,0.91,0.82,0.91,0.84,0.82,0.87,0.84,0.77,0.78,0.71,0.66,0.5,0.59,0.67,0.46,0.68,0.51,0.07,0.47,0.41,0.54,0.53,0.46,0.42,0.66,0.65,0.56,0.58,0.58,0.53,0.63,0.63,0.64,0.66,0.55,0.27
2026-09-25T15:00:00Z,0.23,0.19,0.15,0.26,0.46,0.57,0.57,0.78,0.86,0.9,0.88,0.9,0.79,0.7,0.83,0.85,0.7,0.7,0.74,0.75,0.84,0.89,0.93,0.87,0.92,0.9,0.9,0.89,0.8,0.76,0.76,0.85,0.82,0.8,0.77,0.81,0.62,0.67,0.7,0.73,0.72,0.5,0.59,0.66,0.59,0.7,0.56,0.72,0.71,0.66,0.64,0.68,0.54,0.63,0.56,0.49,0.74,0.63,0.61,0.57,0.55,0.63,0.53,0.31
2026-09-25T16:00:00Z,0.45,0.43,0.47,0.06,0.13,0.45,0.71,0.81,0.8,0.9,0.89,0.82,0.71,0.81,0.4,0.74,0.68,0.7,0.82,0.85,0.88,0.87,0.88,0.84,0.82,0.82,0.84,0.82,0.83,0.86,0.79,0.76,0.81,0.83,0.69,0.63,0.8,0.71,0.62,0.6,0.73,0.55,0.62,0.7,0.71,0.57,0.48,0.54,0.8,0.71,0.63,0.57,0.49,0.46,0.67,0.63,0.53,0.33,0.39,0.6,0.55,0.61,0.65,0.42
2026-09-25T17:00:00Z,0.31,0.09,0.3,0.44,0.2,0.6,0.47,0.78,0.9,0.87,0.89,0.89,0.59,0.78,0.81,0.78,0.68,0.69,0.71,0.7,0.84,0.83,0.81,0.91,0.9,0.87,0.9,0.92,0.75,0.77,0.79,0.87,0.79,0.85,0.82,0.82,0.78,0.75,0.65,0.62,0.49,0.51,0.67,0.48,0.37,0.5,0.58,0.53,0.51,0.56,0.55,0.45,0.46,0.52,0.39,0.39,0.52,0.46,0.41,0.59,0.36,0.38,0.4,0.37
2026-09-25T18:00:00Z,0.38,0.47,0.21,0.11,0.08,0.45,0.57,0.79,0.81,0.79,0.82,0.88,0.61,0.75,0.84,0.84,0.71,0.63,0.76,0.74,0.78,0.76,0.82,0.85,0.83,0.88,0.85,0.77,0.85,0.72,0.63,0.36,0.55,0.55,0.71,0.67,0.64,0.56,0.59,0.61,0.38,0.5,0.44,0.4,0.59,0.52,0.63,0.69,0.57,0.79,0.63,0.74,0.77,0.61,0.61,0.73,0.62,0.65,0.48,0.64,0.54,0.53,0.57,0.63
2026-09-25T19:00:00Z,0.38,0.07,0.07,0.26,0.4,0.4,0.44,0.88,0.86,0.75,0.9,0.92,0.86,0.78,0.7,0.82,0.73,0.73,0.7,0.69,0.84,0.82,0.87,0.87,0.92,0.88,0.86,0.84,0.83,0.86,0.77,0.66,0.77,0.8,0.75,0.69,0.79,0.71,0.63,0.79,0.73,0.69,0.53,0.69,0.78,0.69,0.6,0.64,0.73,0.72,0.49,0.57,0.81,0.78,0.8,0.73,0.77,0.69,0.65,0.68,0.57,0.66,0.63,0.59
2026-09-25T20:00:00Z,0.4,0.44,0.17,0.35,0.43,0.44,0.53,0.73,0.83,0.86,0.72,0.85,0.81,0.86,0.84,0.9,0.65,0.65,0.71,0.79,0.88,0.83,0.89,0.88,0.88,0.89,0.85,0.8,0.78,0.82,0.8,0.76,0.72,0.73,0.73,0.77,0.65,0.64,0.75,0.63,0.64,0.75,0.65,0.7,0.74,0.72,0.81,0.78,0.83,0.84,0.81,0.77,0.83,0.81,0.72,0.76,0.77,0.74,0.69,0.67,0.6,0.65,0.66,0.63
2026-09-25T21:00:00Z,0.08,0.07,0.27,0.28,0.07,0.47,0.3,0.44,0.78,0.68,0.89,0.91,0.79,0.78,0.82,0.79,0.67,0.53,0.69,0.77,0.85,0.85,0.89,0.9,0.93,0.9,0.85,0.83,0.89,0.89,0.87,0.69,0.76,0.79,0.82,0.75,0.71,0.57,0.8,0.8,0.81,0.86,0.78,0.77,0.87,0.87,0.87,0.87,0.76,0.71,0.84,0.78,0.75,0.79,0.66,0.77,0.75,0.82,0.71,0.76,0.77,0.73,0.75,0.7
2026-09-25T22:00:00Z,0.59,0.35,0.36,0.4,0.17,0.53,0.56,0.57,0.65,0.89,0.88,0.89,0.92,0.74,0.79,0.84,0.77,0.71,0.62,0.82,0.87,0.83,0.91,0.88,0.87,0.85,0.84,0.83,0.82,0.75,0.73,0.82,0.8,0.83,0.86,0.85,0.87,0.86,0.85,0.86,0.86,0.84,0.72,0.8,0.82,0.8,0.81,0.75,0.73,0.69,0.75,0.66,0.78,0.75,0.66,0.73,0.74,0.69,0.75,0.7,0.7,0.75,0.72,0.59
2026-09-25T23:00:00Z,0.45,0.34,0.12,0.3,0.36,0.45,0.22,0.63,0.83,0.9,0.82,0.61,0.81,0.74,0.8,0.82,0.72,0.69,0.68,0.73,0.79,0.83,0.88,0.87,0.92,0.88,0.88,0.85,0.81,0.82,0.85,0.79,0.83,0.89,0.84,0.87,0.89,0.84,0.87,0.86,0.85,0.85,0.8,0.72,0.82,0.82,0.8,0.86,0.78,0.85,0.87,0.77,0.83,0.71,0.69,0.8,0.76,0.77,0.57,0.74,0.72,0.71,0.74,0.74
2026-09-26T00:00:00Z,0.08,0.13,0.54,0.2,0.3,0.29,0.23,0.83,0.87,0.9,0.88,0.92,0.81,0.77,0.78,0.8,0.59,0.68,0.72,0.73,0.78,0.83,0.85,0.89,0.86,0.86,0.82,0.87,0.91,0.82,0.83,0.8,0.85,0.78,0.84,0.82,0.74,0.77,0.81,0.81,0.86,0.73,0.82,0.78,0.8,0.71,0.7,0.7,0.75,0.75,0.76,0.84,0.81,0.79,0.71,0.73,0.71,0.82,0.7,0.79,0.59,0.66,0.67,0.7
2026-09-26T01:00:00Z,0.24,0.31,0.2,0.56,0.44,0.33,0.41,0.66,0.76,0.88,0.87,0.89,0.82,0.79,0.82,0.74,0.8,0.69,0.78,0.83,0.8,0.76,0.77,0.83,0.85,0.83,0.88,0.86,0.81,0.86,0.83,0.88,0.82,0.82,0.8,0.88,0.86,0.83,0.86,0.8,0.81,0.77,0.76,0.72,0.77,0.77,0.77,0.72,0.7,0.64,0.8,0.74,0.73,0.7,0.65,0.67,0.7,0.79,0.71,0.71,0.59,0.63,0.64,0.62
2026-09-26T02:00:00Z,0.42,0.39,0.17,0.24,0.3,0.34,0.57,0.49,0.58,0.87,0.82,0.9,0.94,0.8,0.76,0.71,0.67,0.79,0.74,0.74,0.86,0.85,0.92,0.91,0.85,0.89,0.85,0.86,0.89,0.87,0.79,0.68,0.81,0.78,0.81,0.89,0.82,0.79,0.79,0.79,0.75,0.79,0.72,0.74,0.78,0.73,0.72,0.79,0.79,0.76,0.76,0.66,0.72,0.75,0.7,0.76,0.74,0.7,0.64,0.73,0.6,0.64,0.67,0.53
2026-09-26T03:00:00Z,0.43,0.38,0.36,0.26,0.29,0.43,0.41,0.78,0.83,0.86,0.87,0.86,0.88,0.84,0.67,0.85,0.73,0.76,0.72,0.75,0.74,0.76,0.79,0.84,0.86,0.91,0.83,0.76,0.89,0.87,0.88,0.89,0.79,0.81,0.76,0.82,0.8,0.79,0.78,0.73,0.73,0.71,0.7,0.66,0.68,0.61,0.7,0.65,0.64,0.68,0.69,0.61,0.56,0.69,0.56,0.55,0.57,0.65,0.65,0.67,0.67,0.68,0.59,0.49
2026-09-26T04:00:00Z,0.36,0.2,0.05,0.31,0.55,0.77,0.34,0.64,0.53,0.92,0.89,0.9,0.82,0.82,0.78,0.78,0.72,0.78,0.83,0.81,0.78,0.82,0.89,0.89,0.87,0.82,0.76,0.85,0.83,0.86,0.9,0.82,0.83,0.84,0.77,0.71,0.69,0.7,0.63,0.84,0.78,0.72,0.72,0.67,0.62,0.7,0.65,0.61,0.51,0.56,0.52,0.56,0.5,0.53,0.63,0.57,0.45,0.67,0.48,0.44,0.36,0.25,0.53,0.42
2026-09-26T05:00:00Z,0.54,0.37,0.35,0.21,0.47,0.33,0.55,0.48,0.83,0.86,0.89,0.85,0.88,0.81,0.81,0.62,0.78,0.74,0.8,0.81,0.82,0.86,0.94,0.91,0.91,0.92,0.93,0.89,0.88,0.87,0.91,0.89,0.76,0.75,0.79,0.67,0.76,0.71,0.71,0.54,0.68,0.57,0.69,0.64,0.66,0.71,0.73,0.65,0.5,0.61,0.57,0.44,0.64,0.54,0.53,0.47,0.52,0.56,0.41,0.46,0.47,0.49,0.32,0.39
2026-09-26T06:00:00Z,0.14,0.05,0.11,0.18,0.28,0.35,0.59,0.78,0.74,0.88,0.86,0.83,0.85,0.82,0.8,0.69,0.72,0.82,0.87,0.88,0.85,0.91,0.91,0.95,0.93,0.9,0.88,0.93,0.9,0.88,0.81,0.72,0.68,0.64,0.76,0.68,0.69,0.62,0.54,0.63,0.63,0.63,0.62,0.6,0.6,0.57,0.47,0.55,0.5,0.48,0.61,0.65,0.48,0.43,0.4,0.34,0.37,0.2,0.35,0.45,0.4,0.46,0.21,0.32
2026-09-26T07:00:00Z,0.48,0.32,0.22,0.11,0.22,0.4,0.41,0.77,0.79,0.76,0.88,0.86,0.81,0.8,0.74,0.71,0.82,0.64,0.77,0.9,0.9,0.91,0.92,0.91,0.88,0.86,0.85,0.9,0.89,0.83,0.78,0.77,0.65,0.77,0.7,0.72,0.67,0.69,0.73,0.64,0.77,0.63,0.7,0.7,0.62,0.73,0.64,0.45,0.45,0.58,0.41,0.51,0.59,0.61,0.33,0.29,0.47,0.42,0.37,0.33,0.39,0.15,0.23,0.24
2026-09-26T08:00:00Z,0.33,0.25,0.18,0.28,0.38,0.37,0.32,0.79,0.81,0.86,0.96,0.9,0.81,0.84,0.81,0.75,0.75,0.75,0.78,0.82,0.84,0.89,0.89,0.87,0.81,0.83,0.86,0.84,0.81,0.84,0.85,0.7,0.77,0.74,0.69,0.64,0.66,0.69,0.7,0.6,0.71,0.52,0.52,0.6,0.66,0.63,0.55,0.55,0.6,0.59,0.56,0.66,0.63,0.43,0.39,0.43,0.47,0.32,0.58,0.41,0.28,0.47,0.31,0.15
2026-09-26T09:00:00Z,0.23,0.37,0.4,0.18,0.13,0.51,0.63,0.79,0.76,0.84,0.94,0.91,0.81,0.81,0.77,0.89,0.77,0.7,0.82,0.76,0.92,0.91,0.88,0.94,0.85,0.8,0.74,0.84,0.81,0.79,0.77,0.68,0.69,0.78,0.74,0.63,0.59,0.68,0.68,0.66,0.68,0.65,0.54,0.62,0.47,0.45,0.57,0.61,0.63,0.54,0.45,0.4,0.48,0.55,0.45,0.46,0.38,0.4,0.26,0.42,0.32,0.12,0.14,0.18
2026-09-26T10:00:00Z,0.15,0.28,0.04,0.27,0.13,0.52,0.67,0.71,0.89,0.83,0.93,0.91,0.89,0.91,0.81,0.78,0.79,0.72,0.79,0.8,0.85,0.86,0.92,0.9,0.82,0.75,0.76,0.78,0.79,0.78,0.83,0.84,0.83,0.81,0.67,0.76,0.77,0.72,0.74,0.72,0.62,0.46,0.56,0.41,0.64,0.67,0.59,0.53,0.58,0.59,0.6,0.6,0.5,0.53,0.53,0.38,0.56,0.52,0.31,0.27,0.23,0.3,0.4,0.53
2026-09-26T11:00:00Z,0.34,0.29,0.11,0.16,0.34,0.82,0.6,0.66,0.88,0.93,0.95,0.92,0.93,0.87,0.81,0.74,0.79,0.79,0.81,0.88,0.91,0.93,0.93,0.89,0.9,0.83,0.75,0.85,0.84,0.88,0.88,0.81,0.83,0.71,0.78,0.78,0.68,0.73,0.66,0.67,0.77,0.68,0.68,0.62,0.57,0.52,0.49,0.53,0.59,0.65,0.33,0.56,0.63,0.53,0.51,0.55,0.44,0.37,0.35,0.45,0.32,0.53,0.58,0.32
2026-09-26T12:00:00Z,0.19,0.21,0.09,0.64,0.68,0.7,0.74,0.82,0.84,0.85,0.91,0.93,0.9,0.9,0.81,0.92,0.87,0.83,0.77,0.83,0.89,0.91,0.9,0.9,0.87,0.86,0.83,0.86,0.84,0.73,0.8,0.81,0.7,0.72,0.75,0.73,0.78,0.74,0.71,0.69,0.63,0.59,0.57,0.61,0.58,0.51,0.56,0.62,0.57,0.66,0.72,0.54,0.53,0.43,0.46,0.45,0.44,0.55,0.55,0.47,0.45,0.43,0.39,0.3
2026-09-26T13:00:00Z,0.32,0.21,0.42,0.13,0.52,0.6,0.79,0.69,0.81,0.9,0.92,0.89,0.89,0.85,0.79,0.77,0.87,0.76,0.75,0.86,0.88,0.88,0.86,0.91,0.87,0.87,0.85,0.84,0.89,0.82,0.84,0.87,0.85,0.73,0.71,0.67,0.77,0.65,0.64,0.59,0.66,0.73,0.61,0.54,0.61,0.56,0.51,0.54,0.54,0.52,0.52,0.49,0.53,0.47,0.41,0.45,0.48,0.4,0.4,0.37,0.3,0.29,0.47,0.32
2026-09-26T14:00:00Z,0.1,0.14,0.32,0.33,0.52,0.64,0.8,0.67,0.75,0.85,0.84,0.88,0.88,0.87,0.76,0.84,0.76,0.73,0.79,0.8,0.91,0.86,0.91,0.89,0.93,0.91,0.87,0.89,0.84,0.76,0.75,0.72,0.78,0.74,0.77,0.6,0.72,0.65,0.67,0.66,0.6,0.5,0.57,0.4,0.59,0.47,0.35,0.31,0.31,0.2,0.16,0.28,0.3,0.25,0.26,0.25,0.18,0.14,0.05,0.31,0.11,0.08,0.1,0.14
2026-09-26T15:00:00Z,0.46,0.2,0.32,0.14,0.33,0.69,0.82,0.63,0.83,0.87,0.86,0.89,0.86,0.94,0.8,0.79,0.79,0.76,0.83,0.84,0.92,0.9,0.88,0.83,0.86,0.86,0.8,0.84,0.87,0.82,0.78,0.76,0.73,0.7,0.62,0.58,0.73,0.66,0.65,0.61,0.57,0.57,0.5,0.49,0.43,0.26,0.28,0.46,0.15,0.12,0.35,0.39,0.5,0.44,0.47,0.48,0.49,0.42,0.5,0.49,0.48,0.34,0.34,0.46
2026-09-26T16:00:00Z,0.42,0.17,0.31,0.07,0.41,0.63,0.75,0.79,0.81,0.84,0.87,0.89,0.83,0.84,0.92,0.87,0.82,0.79,0.83,0.86,0.87,0.92,0.92,0.92,0.92,0.92,0.87,0.87,0.91,0.88,0.71,0.72,0.73,0.68,0.64,0.64,0.72,0.69,0.66,0.58,0.65,0.46,0.59,0.42,0.37,0.39,0.45,0.52,0.53,0.44,0.46,0.37,0.4,0.44,0.42,0.28,0.34,0.47,0.41,0.26,0.06,0.19,0.35,0.16
2026-09-26T17:00:00Z,0.28,0.2,0.3,0.39,0.37,0.46,0.61,0.86,0.77,0.88,0.88,0.89,0.86,0.76,0.74,0.75,0.84,0.82,0.83,0.91,0.92,0.92,0.92,0.92,0.9,0.88,0.85,0.82,0.87,0.92,0.87,0.77,0.72,0.78,0.75,0.66,0.71,0.57,0.54,0.58,0.56,0.36,0.33,0.4,0.45,0.34,0.4,0.44,0.31,0.27,0.17,0.39,0.59,0.25,0.23,0.35,0.38,0.04,0.13,0.22,0.27,0.33,0.17,0.18
2026-09-26T18:00:00Z,0.36,0.28,0.72,0.4,0.43,0.73,0.79,0.65,0.77,0.84,0.92,0.84,0.81,0.75,0.82,0.92,0.77,0.82,0.75,0.82,0.85,0.9,0.93,0.89,0.93,0.93,0.91,0.82,0.88,0.86,0.84,0.85,0.76,0.75,0.81,0.72,0.72,0.61,0.59,0.57,0.53,0.5,0.27,0.4,0.42,0.54,0.37,0.26,0.53,0.32,0.32,0.26,0.44,0.3,0.3,0.06,0.14,0.21,0.15,0.41,0.37,0.31,0.17,0.3
2026-09-26T19:00:00Z,0.16,0.29,0.53,0.5,0.46,0.52,0.36,0.77,0.81,0.62,0.9,0.84,0.77,0.84,0.76,0.8,0.87,0.81,0.83,0.92,0.91,0.94,0.88,0.89,0.9,0.87,0.92,0.92,0.86,0.86,0.88,0.76,0.64,0.72,0.79,0.68,0.7,0.69,0.7,0.62,0.71,0.61,0.32,0.59,0.59,0.57,0.49,0.41,0.41,0.35,0.35,0.34,0.4,0.48,0.36,0.46,0.29,0.51,0.42,0.54,0.63,0.41,0.51,0.59
2026-09-26T20:00:00Z,0.5,0.24,0.14,0.29,0.26,0.31,0.56,0.75,0.81,0.82,0.91,0.92,0.9,0.73,0.73,0.88,0.84,0.84,0.82,0.89,0.93,0.93,0.89,0.92,0.89,0.93,0.92,0.9,0.9,0.9,0.85,0.79,0.77,0.79,0.84,0.8,0.68,0.65,0.63,0.59,0.68,0.68,0.56,0.51,0.7,0.6,0.56,0.54,0.53,0.58,0.69,0.69,0.57,0.73,0.76,0.65,0.74,0.71,0.67,0.75,0.7,0.64,0.64,0.58
2026-09-26T21:00:00Z,0.2,0.26,0.46,0.21,0.53,0.69,0.76,0.77,0.8,0.74,0.72,0.71,0.82,0.75,0.8,0.68,0.75,0.67,0.82,0.9,0.93,0.94,0.92,0.92,0.95,0.95,0.88,0.88,0.82,0.87,0.77,0.8,0.85,0.8,0.72,0.83,0.75,0.71,0.6,0.56,0.72,0.74,0.65,0.69,0.77,0.81,0.83,0.77,0.7,0.74,0.8,0.77,0.74,0.78,0.75,0.78,0.76,0.82,0.77,0.75,0.76,0.68,0.6,0.69
2026-09-26T22:00:00Z,0.49,0.34,0.05,0.34,0.44,0.56,0.56,0.66,0.82,0.91,0.87,0.84,0.87,0.79,0.74,0.82,0.78,0.88,0.87,0.91,0.93,0.94,0.94,0.93,0.9,0.87,0.87,0.89,0.89,0.86,0.82,0.87,0.84,0.82,0.81,0.75,0.8,0.75,0.66,0.59,0.77,0.75,0.79,0.79,0.88,0.85,0.81,0.73,0.9,0.83,0.84,0.75,0.79,0.8,0.82,0.8,0.74,0.69,0.7,0.73,0.7,0.66,0.61,0.62
2026-09-26T23:00:00Z,0.3,0.28,0.18,0.19,0.48,0.7,0.77,0.5,0.63,0.83,0.92,0.85,0.87,0.76,0.78,0.88,0.82,0.77,0.86,0.9,0.88,0.87,0.91,0.88,0.93,0.84,0.9,0.88,0.86,0.88,0.79,0.79,0.8,0.81,0.75,0.73,0.69,0.71,0.64,0.69,0.82,0.81,0.8,0.76,0.77,0.77,0.77,0.71,0.69,0.76,0.72,0.69,0.63,0.69,0.76,0.76,0.68,0.64,0.63,0.68,0.66,0.65,0.56,0.57
2026-09-27T00:00:00Z,0.28,0.49,0.31,0.31,0.46,0.56,0.53,0.71,0.77,0.89,0.91,0.87,0.81,0.91,0.8,0.84,0.78,0.87,0.86,0.88,0.87,0.86,0.88,0.88,0.91,0.85,0.89,0.84,0.87,0.84,0.78,0.79,0.81,0.66,0.78,0.76,0.73,0.76,0.68,0.84,0.83,0.86,0.77,0.77,0.8,0.81,0.65,0.66,0.66,0.71,0.77,0.66,0.76,0.6,0.73,0.58,0.61,0.49,0.61,0.64,0.63,0.56,0.5,0.54
2026-09-27T01:00:00Z,0.33,0.37,0.25,0.42,0.03,0.68,0.71,0.89,0.64,0.82,0.78,0.91,0.78,0.71,0.74,0.79,0.86,0.9,0.84,0.88,0.93,0.9,0.92,0.9,0.85,0.82,0.87,0.88,0.8,0.82,0.8,0.87,0.74,0.74,0.77,0.76,0.7,0.73,0.72,0.66,0.61,0.75,0.57,0.59,0.67,0.69,0.67,0.67,0.62,0.63,0.57,0.62,0.62,0.64,0.69,0.62,0.62,0.54,0.58,0.58,0.56,0.47,0.45,0.44
2026-09-27T02:00:00Z,0.09,0.05,0.22,0.16,0.25,0.41,0.7,0.77,0.82,0.79,0.91,0.82,0.81,0.64,0.75,0.76,0.86,0.89,0.9,0.93,0.94,0.92,0.88,0.87,0.84,0.86,0.79,0.82,0.88,0.8,0.78,0.71,0.74,0.65,0.64,0.72,0.74,0.61,0.75,0.63,0.72,0.78,0.64,0.68,0.53,0.57,0.59,0.56,0.52,0.55,0.65,0.44,0.41,0.58,0.6,0.34,0.34,0.55,0.36,0.51,0.4,0.34,0.22,0.25
2026-09-27T03:00:00Z,0.37,0.41,0.61,0.2,0.4,0.34,0.84,0.52,0.74,0.83,0.81,0.84,0.74,0.73,0.75,0.92,0.89,0.89,0.88,0.84,0.92,0.92,0.94,0.92,0.85,0.88,0.89,0.93,0.84,0.86,0.82,0.85,0.82,0.77,0.75,0.71,0.67,0.68,0.56,0.59,0.68,0.69,0.67,0.48,0.45,0.55,0.51,0.51,0.48,0.36,0.28,0.31,0.3,0.45,0.49,0.42,0.41,0.52,0.29,0.28,0.29,0.32,0.29,0.33
2026-09-27T04:00:00Z,0.35,0.26,0.06,0.3,0.42,0.53,0.43,0.65,0.69,0.77,0.85,0.72,0.53,0.8,0.69,0.78,0.91,0.91,0.93,0.88,0.89,0.87,0.91,0.93,0.9,0.85,0.81,0.91,0.85,0.8,0.86,0.85,0.86,0.74,0.77,0.76,0.85,0.79,0.61,0.64,0.68,0.47,0.43,0.55,0.6,0.49,0.45,0.4,0.4,0.52,0.5,0.52,0.54,0.34,0.33,0.44,0.43,0.39,0.4,0.36,0.53,0.43,0.44,0.4
2026-09-27T05:00:00Z,0.25,0.24,0.04,0.22,0.19,0.38,0.77,0.81,0.84,0.78,0.86,0.9,0.63,0.69,0.77,0.79,0.92,0.92,0.94,0.89,0.9,0.89,0.9,0.91,0.87,0.92,0.89,0.79,0.78,0.87,0.84,0.8,0.72,0.86,0.82,0.8,0.77,0.64,0.61,0.64,0.5,0.56,0.65,0.68,0.48,0.48,0.56,0.62,0.53,0.58,0.44,0.39,0.56,0.53,0.52,0.54,0.55,0.46,0.55,0.56,0.52,0.55,0.48,0.54
2026-09-27T06:00:00Z,0.08,0.37,0.17,0.23,0.22,0.63,0.7,0.7,0.51,0.79,0.83,0.91,0.69,0.76,0.7,0.64,0.87,0.91,0.93,0.89,0.89,0.89,0.85,0.89,0.88,0.86,0.86,0.84,0.75,0.83,0.8,0.85,0.85,0.83,0.8,0.73,0.81,0.74,0.66,0.75,0.67,0.74,0.75,0.67,0.76,0.68,0.83,0.73,0.78,0.77,0.81,0.78,0.79,0.77,0.8,0.8,0.83,0.76,0.72,0.74,0.73,0.57,0.6,0.56
2026-09-27T07:00:00Z,0.15,0.23,0.01,0.17,0.52,0.33,0.48,0.78,0.81,0.72,0.81,0.86,0.74,0.79,0.75,0.66,0.89,0.88,0.91,0.9,0.91,0.88,0.92,0.9,0.9,0.88,0.9,0.85,0.85,0.77,0.82,0.78,0.8,0.92,0.79,0.81,0.82,0.85,0.75,0.8,0.72,0.78,0.71,0.77,0.72,0.74,0.77,0.72,0.76,0.75,0.67,0.66,0.63,0.69,0.61,0.53,0.68,0.66,0.63,0.47,0.62,0.45,0.48,0.46
2026-09-27T08:00:00Z,0.05,0.14,0.16,0.42,0.4,0.57,0.87,0.8,0.7,0.82,0.88,0.91,0.85,0.44,0.63,0.66,0.92,0.93,0.93,0.9,0.91,0.91,0.88,0.87,0.92,0.88,0.86,0.9,0.78,0.75,0.71,0.8,0.75,0.82,0.84,0.81,0.79,0.78,0.77,0.76,0.57,0.66,0.65,0.68,0.77,0.81,0.6,0.55,0.54,0.6,0.5,0.56,0.61,0.61,0.54,0.64,0.51,0.5,0.58,0.59,0.47,0.52,0.6,0.39
2026-09-27T09:00:00Z,0.27,0.13,0.18,0.37,0.36,0.54,0.53,0.82,0.8,0.82,0.81,0.83,0.69,0.66,0.66,0.8,0.81,0.91,0.92,0.92,0.94,0.89,0.93,0.91,0.89,0.9,0.85,0.92,0.82,0.87,0.78,0.71,0.78,0.8,0.83,0.78,0.72,0.7,0.73,0.73,0.72,0.54,0.68,0.69,0.57,0.53,0.51,0.59,0.64,0.54,0.62,0.56,0.49,0.63,0.55,0.58,0.43,0.33,0.44,0.62,0.37,0.5,0.51,0.39
2026-09-27T10:00:00Z,0.31,0.06,0.2,0.37,0.32,0.65,0.71,0.81,0.82,0.86,0.9,0.84,0.86,0.56,0.79,0.61,0.73,0.91,0.93,0.92,0.93,0.94,0.93,0.89,0.88,0.89,0.9,0.91,0.89,0.82,0.84,0.82,0.71,0.74,0.74,0.79,0.78,0.74,0.78,0.83,0.6,0.73,0.64,0.52,0.46,0.59,0.59,0.32,0.61,0.42,0.48,0.49,0.48,0.4,0.47,0.49,0.36,0.38,0.48,0.44,0.26,0.43,0.31,0.51
2026-09-27T11:00:00Z,0.58,0.46,0.51,0.1,0.58,0.71,0.78,0.81,0.8,0.73,0.73,0.93,0.84,0.69,0.74,0.71,0.85,0.89,0.93,0.93,0.92,0.95,0.92,0.9,0.92,0.91,0.92,0.91,0.91,0.85,0.84,0.8,0.79,0.73,0.79,0.69,0.73,0.74,0.7,0.72,0.63,0.66,0.6,0.67,0.58,0.56,0.63,0.5,0.59,0.57,0.44,0.62,0.69,0.45,0.26,0.41,0.44,0.49,0.47,0.42,0.51,0.41,0.38,0.45
2026-09-27T12:00:00Z,0.38,0.29,0.15,0.38,0.67,0.64,0.83,0.74,0.81,0.8,0.85,0.86,0.84,0.71,0.69,0.74,0.82,0.91,0.9,0.89,0.92,0.91,0.91,0.94,0.9,0.91,0.9,0.89,0.84,0.86,0.77,0.81,0.77,0.72,0.74,0.7,0.83,0.67,0.65,0.71,0.8,0.77,0.67,0.67,0.62,0.53,0.53,0.59,0.55,0.64,0.47,0.52,0.52,0.45,0.46,0.6,0.53,0.46,0.45,0.43,0.36,0.31,0.39,0.4
2026-09-27T13:00:00Z,0.32,0.43,0.05,0.13,0.32,0.66,0.77,0.77,0.73,0.89,0.89,0.85,0.76,0.76,0.75,0.73,0.78,0.85,0.91,0.9,0.93,0.92,0.92,0.93,0.9,0.89,0.87,0.88,0.9,0.79,0.8,0.78,0.75,0.85,0.8,0.8,0.82,0.73,0.78,0.77,0.68,0.69,0.54,0.56,0.52,0.49,0.44,0.63,0.7,0.59,0.56,0.43,0.45,0.6,0.49,0.49,0.54,0.6,0.49,0.56,0.53,0.42,0.27,0.38
2026-09-27T14:00:00Z,0.3,0.17,0.34,0.24,0.4,0.44,0.86,0.78,0.82,0.64,0.89,0.85,0.81,0.86,0.59,0.76,0.74,0.87,0.91,0.92,0.85,0.92,0.91,0.92,0.9,0.87,0.87,0.85,0.85,0.85,0.75,0.67,0.72,0.76,0.75,0.55,0.62,0.68,0.58,0.5,0.49,0.53,0.52,0.61,0.46,0.49,0.57,0.52,0.42,0.5,0.35,0.46,0.62,0.67,0.54,0.32,0.49,0.47,0.48,0.47,0.43,0.46,0.43,0.44
2026-09-27T15:00:00Z,0.36,0.15,0.32,0.14,0.73,0.84,0.75,0.68,0.85,0.77,0.84,0.92,0.81,0.82,0.77,0.83,0.83,0.86,0.89,0.89,0.9,0.91,0.9,0.88,0.89,0.84,0.9,0.9,0.89,0.83,0.83,0.79,0.73,0.74,0.7,0.62,0.67,0.63,0.63,0.68,0.56,0.58,0.59,0.51,0.53,0.46,0.4,0.18,0.41,0.53,0.54,0.45,0.31,0.4,0.43,0.47,0.41,0.56,0.45,0.44,0.49,0.39,0.4,0.31
2026-09-27T16:00:00Z,0.55,0.44,0.11,0.16,0.3,0.56,0.76,0.84,0.85,0.81,0.68,0.86,0.78,0.88,0.81,0.6,0.68,0.81,0.84,0.85,0.89,0.88,0.86,0.89,0.89,0.86,0.86,0.81,0.8,0.78,0.8,0.75,0.73,0.72,0.7,0.61,0.6,0.67,0.64,0.54,0.63,0.44,0.52,0.43,0.45,0.37,0.42,0.52,0.28,0.48,0.37,0.43,0.5,0.32,0.27,0.29,0.33,0.38,0.25,0.5,0.37,0.25,0.24,0.07
2026-09-27T17:00:00Z,0.2,0.21,0.04,0.38,0.55,0.61,0.57,0.71,0.8,0.85,0.73,0.84,0.93,0.62,0.83,0.62,0.86,0.82,0.88,0.93,0.9,0.92,0.88,0.88,0.85,0.84,0.85,0.89,0.82,0.86,0.73,0.73,0.77,0.72,0.74,0.56,0.55,0.69,0.73,0.62,0.74,0.58,0.59,0.45,0.41,0.44,0.5,0.48,0.45,0.27,0.38,0.34,0.32,0.38,0.38,0.23,0.2,0.33,0.18,0.23,0.28,0.15,0.08,0.33
2026-09-27T18:00:00Z,0.4,0.17,0.21,0.05,0.36,0.46,0.73,0.55,0.67,0.57,0.82,0.87,0.85,0.8,0.74,0.83,0.79,0.83,0.87,0.91,0.92,0.92,0.92,0.88,0.88,0.85,0.87,0.83,0.85,0.74,0.79,0.7,0.77,0.63,0.74,0.68,0.62,0.65,0.64,0.53,0.54,0.49,0.44,0.32,0.51,0.34,0.29,0.34,0.24,0.26,0.41,0.13,0.18,0.24,0.21,0.34,0.32,0.34,0.07,0.19,0.18,0.23,0.03,0.19
2026-09-27T19:00:00Z,0.39,0.38,0.2,0.42,0.29,0.59,0.76,0.92,0.86,0.86,0.82,0.91,0.91,0.86,0.6,0.71,0.87,0.88,0.89,0.91,0.92,0.91,0.89,0.84,0.87,0.87,0.76,0.74,0.7,0.66,0.62,0.56,0.41,0.3,0.41,0.53,0.45,0.31,0.46,0.57,0.56,0.43,0.45,0.58,0.51,0.28,0.35,0.29,0.35,0.17,0.26,0.13,0.41,0.09,0.26,0.26,0.29,0.28,0.22,0.15,0.22,0.15,0.21,0.26
2026-09-27T20:00:00Z,0.45,0.14,0.12,0.1,0.25,0.77,0.86,0.81,0.73,0.75,0.7,0.6,0.87,0.87,0.77,0.56,0.83,0.85,0.87,0.92,0.9,0.87,0.92,0.88,0.87,0.85,0.87,0.72,0.78,0.66,0.67,0.6,0.71,0.72,0.81,0.63,0.48,0.44,0.37,0.54,0.66,0.44,0.36,0.25,0.19,0.08,0.29,0.24,0.24,0.18,0.3,0.18,0.08,0.16,0.39,0.27,0.29,0.18,0.12,0.12,0.26,0.05,0.14,0.11
2026-09-27T21:00:00Z,0.27,0.46,0.09,0.11,0.65,0.75,0.86,0.87,0.8,0.86,0.85,0.89,0.89,0.89,0.75,0.76,0.83,0.8,0.9,0.93,0.91,0.9,0.87,0.9,0.8,0.92,0.87,0.88,0.81,0.82,0.83,0.76,0.82,0.7,0.71,0.65,0.54,0.68,0.66,0.49,0.46,0.58,0.24,0.44,0.52,0.4,0.33,0.26,0.42,0.47,0.56,0.49,0.4,0.65,0.47,0.48,0.6,0.54,0.43,0.42,0.49,0.6,0.5,0.49
2026-09-27T22:00:00Z,0.64,0.49,0.4,0.22,0.68,0.69,0.9,0.88,0.87,0.81,0.92,0.84,0.93,0.86,0.7,0.49,0.81,0.83,0.89,0.87,0.91,0.91,0.92,0.92,0.91,0.88,0.83,0.84,0.8,0.69,0.68,0.67,0.69,0.65,0.65,0.5,0.59,0.65,0.68,0.54,0.56,0.64,0.44,0.49,0.61,0.65,0.55,0.44,0.53,0.56,0.5,0.61,0.74,0.56,0.55,0.49,0.35,0.45,0.46,0.45,0.36,0.45,0.46,0.31
2026-09-27T23:00:00Z,0.68,0.32,0.17,0.49,0.75,0.79,0.83,0.85,0.82,0.84,0.82,0.81,0.92,0.89,0.73,0.83,0.7,0.78,0.9,0.94,0.95,0.94,0.91,0.93,0.92,0.85,0.87,0.9,0.81,0.76,0.65,0.69,0.74,0.67,0.61,0.72,0.54,0.53,0.49,0.34,0.59,0.68,0.69,0.61,0.47,0.45,0.45,0.48,0.41,0.46,0.67,0.38,0.66,0.44,0.66,0.54,0.45,0.38,0.43,0.38,0.22,0.39,0.44,0.37
2026-09-28T00:00:00Z,0.26,0.26,0.2,0.15,0.73,0.69,0.75,0.84,0.81,0.85,0.79,0.91,0.89,0.9,0.77,0.74,0.62,0.84,0.88,0.93,0.91,0.91,0.9,0.9,0.87,0.86,0.84,0.89,0.89,0.82,0.83,0.79,0.76,0.73,0.6,0.68,0.65,0.65,0.63,0.67,0.56,0.61,0.59,0.57,0.56,0.51,0.4,0.47,0.48,0.51,0.6,0.31,0.32,0.19,0.43,0.35,0.31,0.45,0.48,0.24,0.32,0.17,0.17,0.24
2026-09-28T01:00:00Z,0.49,0.49,0.17,0.37,0.69,0.72,0.84,0.77,0.87,0.89,0.88,0.77,0.82,0.91,0.84,0.77,0.77,0.8,0.86,0.91,0.89,0.95,0.91,0.88,0.88,0.83,0.83,0.84,0.87,0.82,0.8,0.63,0.64,0.65,0.61,0.73,0.62,0.61,0.68,0.65,0.49,0.6,0.53,0.51,0.6,0.48,0.37,0.24,0.13,0.31,0.33,0.42,0.53,0.42,0.26,0.5,0.56,0.26,0.15,0.38,0.22,0.21,0.1,0.37
2026-09-28T02:00:00Z,0.53,0.36,0.15,0.17,0.48,0.73,0.81,0.86,0.8,0.82,0.74,0.85,0.89,0.85,0.79,0.76,0.73,0.81,0.87,0.92,0.9,0.91,0.88,0.87,0.86,0.84,0.77,0.86,0.86,0.83,0.84,0.81,0.82,0.76,0.75,0.75,0.6,0.55,0.6,0.59,0.54,0.65,0.66,0.49,0.47,0.4,0.42,0.19,0.2,0.37,0.37,0.19,0.34,0.39,0.14,0.3,0.09,0.15,0.34,0.22,0.14,0.16,0.3,0.14
2026-09-28T03:00:00Z,0.37,0.21,0.35,0.36,0.49,0.55,0.82,0.88,0.83,0.79,0.85,0.9,0.89,0.9,0.8,0.71,0.74,0.8,0.87,0.93,0.91,0.9,0.84,0.85,0.87,0.85,0.88,0.78,0.78,0.78,0.83,0.87,0.85,0.66,0.71,0.58,0.61,0.52,0.61,0.61,0.53,0.53,0.42,0.4,0.16,0.28,0.32,0.35,0.24,0.22,0.18,0.2,0.2,0.32,0.24,0.19,0.28,0.24,0.23,0.17,0.13,0.14,0.18,0.19
2026-09-28T04:00:00Z,0.35,0.26,0.11,0.23,0.18,0.39,0.62,0.89,0.79,0.79,0.72,0.87,0.94,0.9,0.86,0.69,0.72,0.75,0.84,0.91,0.91,0.87,0.85,0.87,0.84,0.86,0.84,0.88,0.78,0.85,0.84,0.74,0.84,0.7,0.75,0.8,0.78,0.66,0.7,0.59,0.57,0.53,0.53,0.49,0.44,0.56,0.49,0.41,0.26,0.22,0.39,0.31,0.16,0.14,0.22,0.23,0.22,0.19,0.26,0.15,0.12,0.32,0.48,0.12
2026-09-28T05:00:00Z,0.21,0.18,0.16,0.47,0.37,0.67,0.48,0.78,0.73,0.82,0.87,0.89,0.79,0.8,0.84,0.65,0.78,0.9,0.87,0.85,0.91,0.86,0.91,0.91,0.86,0.87,0.87,0.82,0.8,0.78,0.83,0.86,0.8,0.79,0.77,0.74,0.64,0.79,0.75,0.72,0.56,0.49,0.65,0.59,0.56,0.47,0.36,0.51,0.31,0.32,0.4,0.46,0.23,0.33,0.31,0.21,0.15,0.24,0.26,0.21,0.35,0.15,0.2,0.16
2026-09-28T06:00:00Z,0.01,0.14,0.15,0.13,0.61,0.66,0.74,0.84,0.8,0.88,0.82,0.88,0.77,0.86,0.83,0.76,0.77,0.85,0.86,0.87,0.88,0.9,0.87,0.87,0.9,0.88,0.85,0.83,0.79,0.82,0.76,0.75,0.81,0.8,0.77,0.74,0.68,0.71,0.74,0.62,0.67,0.6,0.53,0.66,0.65,0.71,0.52,0.53,0.69,0.47,0.5,0.39,0.51,0.23,0.42,0.17,0.16,0.35,0.1,0.05,0.22,0.16,0.17,0.22
2026-09-28T07:00:00Z,0.31,0.17,0.41,0.39,0.64,0.29,0.62,0.81,0.71,0.83,0.8,0.82,0.85,0.89,0.84,0.55,0.82,0.82,0.87,0.88,0.9,0.93,0.9,0.88,0.86,0.87,0.87,0.8,0.85,0.89,0.82,0.81,0.69,0.72,0.63,0.67,0.7,0.6,0.65,0.69,0.47,0.6,0.56,0.59,0.57,0.52,0.64,0.65,0.68,0.66,0.57,0.59,0.59,0.63,0.54,0.68,0.48,0.37,0.52,0.48,0.42,0.46,0.41,0.43
2026-09-28T08:00:00Z,0.09,0.05,0.32,0.07,0.33,0.57,0.76,0.75,0.62,0.88,0.77,0.91,0.88,0.88,0.81,0.8,0.77,0.83,0.89,0.89,0.91,0.9,0.87,0.9,0.83,0.89,0.84,0.84,0.77,0.7,0.77,0.82,0.8,0.82,0.67,0.66,0.74,0.75,0.73,0.61,0.71,0.74,0.61,0.58,0.57,0.48,0.49,0.68,0.66,0.68,0.59,0.6,0.45,0.58,0.67,0.5,0.52,0.42,0.42,0.35,0.31,0.36,0.26,0.09
2026-09-28T09:00:00Z,0.04,0.11,0.07,0.17,0.16,0.44,0.76,0.85,0.82,0.68,0.88,0.88,0.88,0.86,0.86,0.79,0.74,0.79,0.89,0.91,0.89,0.88,0.91,0.92,0.92,0.88,0.89,0.86,0.84,0.8,0.85,0.8,0.77,0.75,0.75,0.77,0.68,0.77,0.72,0.65,0.66,0.63,0.67,0.6,0.73,0.65,0.61,0.68,0.68,0.62,0.57,0.59,0.7,0.47,0.7,0.49,0.72,0.56,0.59,0.57,0.43,0.41,0.41,0.32
2026-09-28T10:00:00Z,0.18,0.46,0.26,0.52,0.47,0.78,0.82,0.76,0.81,0.9,0.84,0.84,0.86,0.93,0.88,0.84,0.74,0.79,0.85,0.88,0.93,0.9,0.91,0.86,0.91,0.92,0.92,0.91,0.85,0.83,0.77,0.83,0.78,0.82,0.76,0.77,0.68,0.77,0.76,0.64,0.59,0.63,0.71,0.73,0.61,0.56,0.66,0.69,0.65,0.6,0.68,0.61,0.59,0.56,0.57,0.64,0.6,0.69,0.56,0.6,0.57,0.48,0.37,0.39
2026-09-28T11:00:00Z,0.19,0.19,0.56,0.05,0.44,0.71,0.7,0.91,0.88,0.86,0.85,0.89,0.92,0.89,0.88,0.84,0.7,0.78,0.85,0.92,0.92,0.94,0.93,0.93,0.94,0.9,0.88,0.89,0.86,0.81,0.8,0.8,0.79,0.77,0.71,0.81,0.72,0.62,0.7,0.8,0.73,0.8,0.6,0.52,0.72,0.72,0.68,0.7,0.68,0.78,0.74,0.54,0.59,0.68,0.78,0.71,0.62,0.55,0.53,0.65,0.26,0.47,0.46,0.13
2026-09-28T12:00:00Z,0.3,0.35,0.35,0.32,0.2,0.66,0.66,0.76,0.84,0.87,0.84,0.81,0.87,0.89,0.94,0.86,0.61,0.82,0.88,0.91,0.91,0.91,0.89,0.9,0.87,0.89,0.81,0.86,0.84,0.88,0.8,0.79,0.82,0.83,0.8,0.79,0.74,0.82,0.72,0.77,0.77,0.59,0.72,0.69,0.63,0.74,0.61,0.6,0.6,0.56,0.51,0.61,0.54,0.57,0.67,0.63,0.6,0.58,0.65,0.55,0.46,0.44,0.33,0.42
2026-09-28T13:00:00Z,0.29,0.26,0.49,0.36,0.4,0.74,0.65,0.88,0.8,0.73,0.88,0.89,0.84,0.91,0.94,0.79,0.78,0.76,0.77,0.87,0.89,0.9,0.92,0.9,0.85,0.85,0.86,0.89,0.86,0.85,0.85,0.86,0.85,0.65,0.77,0.74,0.72,0.82,0.69,0.67,0.67,0.7,0.7,0.69,0.74,0.77,0.77,0.59,0.62,0.41,0.59,0.67,0.55,0.62,0.69,0.62,0.65,0.38,0.47,0.31,0.36,0.34,0.26,0.51
2026-09-28T14:00:00Z,0.27,0.17,0.36,0.2,0.44,0.81,0.72,0.76,0.9,0.8,0.85,0.87,0.89,0.85,0.8,0.86,0.72,0.75,0.84,0.9,0.9,0.92,0.92,0.9,0.87,0.87,0.87,0.9,0.9,0.91,0.91,0.78,0.77,0.81,0.73,0.75,0.78,0.75,0.69,0.7,0.71,0.67,0.66,0.72,0.68,0.53,0.62,0.7,0.71,0.61,0.59,0.61,0.51,0.68,0.55,0.45,0.4,0.33,0.37,0.44,0.43,0.2,0.18,0.28
2026-09-28T15:00:00Z,0.5,0.36,0.01,0.19,0.19,0.73,0.53,0.84,0.71,0.85,0.88,0.92,0.92,0.91,0.77,0.89,0.67,0.85,0.84,0.88,0.9,0.9,0.88,0.88,0.92,0.87,0.84,0.89,0.84,0.85,0.71,0.81,0.8,0.71,0.68,0.7,0.66,0.62,0.62,0.55,0.62,0.49,0.58,0.48,0.42,0.34,0.39,0.36,0.38,0.28,0.23,0.16,0.17,0.31,0.29,0.34,0.18,0.42,0.41,0.35,0.45,0.51,0.5,0.69
2026-09-28T16:00:00Z,0.45,0.31,0.17,0.28,0.35,0.41,0.37,0.67,0.75,0.76,0.83,0.92,0.94,0.9,0.91,0.88,0.69,0.82,0.9,0.9,0.88,0.91,0.87,0.9,0.9,0.88,0.86,0.85,0.81,0.77,0.8,0.79,0.73,0.74,0.74,0.73,0.65,0.69,0.66,0.72,0.77,0.63,0.69,0.63,0.5,0.58,0.72,0.66,0.54,0.52,0.67,0.76,0.49,0.65,0.49,0.4,0.13,0.18,0.24,0.44,0.39,0.59,0.46,0.44
2026-09-28T17:00:00Z,0.52,0.35,0.41,0.24,0.43,0.71,0.47,0.81,0.76,0.85,0.84,0.93,0.87,0.92,0.94,0.9,0.8,0.86,0.86,0.87,0.86,0.87,0.88,0.82,0.88,0.84,0.85,0.86,0.77,0.86,0.79,0.74,0.74,0.76,0.79,0.71,0.66,0.66,0.64,0.65,0.61,0.7,0.55,0.53,0.53,0.49,0.54,0.57,0.61,0.53,0.53,0.56,0.47,0.54,0.55,0.46,0.46,0.32,0.47,0.2,0.43,0.43,0.64,0.57
2026-09-28T18:00:00Z,0.55,0.31,0.21,0.37,0.45,0.74,0.76,0.89,0.84,0.83,0.86,0.87,0.87,0.87,0.89,0.87,0.74,0.84,0.82,0.85,0.89,0.81,0.81,0.81,0.8,0.79,0.8,0.74,0.62,0.77,0.71,0.74,0.82,0.85,0.82,0.77,0.72,0.7,0.77,0.72,0.65,0.71,0.77,0.61,0.62,0.73,0.67,0.47,0.59,0.68,0.66,0.63,0.52,0.47,0.52,0.38,0.52,0.59,0.53,0.38,0.53,0.34,0.41,0.26
2026-09-28T19:00:00Z,0.32,0.36,0.11,0.3,0.29,0.8,0.79,0.8,0.71,0.7,0.82,0.84,0.88,0.85,0.93,0.69,0.78,0.78,0.84,0.89,0.89,0.8,0.81,0.75,0.83,0.87,0.84,0.83,0.78,0.77,0.79,0.76,0.75,0.78,0.77,0.67,0.73,0.77,0.78,0.76,0.69,0.76,0.66,0.67,0.76,0.67,0.69,0.61,0.59,0.59,0.7,0.57,0.63,0.68,0.59,0.64,0.7,0.68,0.6,0.6,0.5,0.31,0.38,0.22
2026-09-28T20:00:00Z,0.5,0.21,0.35,0.45,0.41,0.77,0.74,0.9,0.82,0.71,0.9,0.8,0.85,0.88,0.84,0.84,0.72,0.84,0.91,0.91,0.85,0.86,0.88,0.86,0.84,0.89,0.82,0.78,0.82,0.82,0.7,0.76,0.84,0.82,0.79,0.86,0.87,0.86,0.76,0.78,0.78,0.66,0.72,0.77,0.71,0.74,0.67,0.54,0.71,0.74,0.71,0.77,0.69,0.64,0.73,0.71,0.76,0.67,0.69,0.7,0.73,0.64,0.61,0.5
2026-09-28T21:00:00Z,0.49,0.34,0.33,0.37,0.43,0.73,0.61,0.72,0.77,0.85,0.83,0.91,0.9,0.89,0.88,0.89,0.72,0.85,0.9,0.94,0.94,0.92,0.9,0.87,0.88,0.79,0.76,0.78,0.72,0.74,0.73,0.74,0.75,0.74,0.74,0.71,0.78,0.81,0.81,0.68,0.77,0.74,0.71,0.68,0.72,0.67,0.78,0.78,0.8,0.58,0.63,0.76,0.63,0.73,0.73,0.79,0.74,0.75,0.7,0.68,0.72,0.47,0.61,0.61
2026-09-28T22:00:00Z,0.59,0.35,0.26,0.4,0.22,0.86,0.64,0.89,0.77,0.81,0.82,0.94,0.94,0.87,0.9,0.8,0.72,0.83,0.88,0.93,0.94,0.88,0.91,0.9,0.88,0.8,0.82,0.86,0.81,0.84,0.75,0.72,0.75,0.79,0.85,0.82,0.79,0.77,0.77,0.77,0.73,0.77,0.75,0.78,0.75,0.76,0.72,0.74,0.79,0.79,0.7,0.74,0.72,0.72,0.69,0.66,0.78,0.75,0.67,0.53,0.69,0.72,0.64,0.56
2026-09-28T23:00:00Z,0.39,0.43,0.23,0.07,0.55,0.74,0.68,0.76,0.83,0.89,0.89,0.88,0.88,0.93,0.85,0.73,0.74,0.85,0.9,0.93,0.93,0.92,0.91,0.89,0.91,0.88,0.87,0.89,0.78,0.75,0.85,0.82,0.87,0.88,0.88,0.76,0.72,0.89,0.83,0.82,0.8,0.79,0.85,0.86,0.76,0.83,0.83,0.78,0.83,0.76,0.7,0.63,0.87,0.8,0.8,0.8,0.79,0.71,0.72,0.73,0.74,0.66,0.66,0.49
2026-09-29T00:00:00Z,0.17,0.36,0.21,0.31,0.2,0.67,0.75,0.56,0.67,0.75,0.87,0.87,0.84,0.88,0.76,0.83,0.75,0.89,0.93,0.86,0.89,0.94,0.89,0.9,0.93,0.88,0.86,0.87,0.86,0.77,0.8,0.84,0.84,0.84,0.79,0.85,0.82,0.76,0.85,0.82,0.85,0.83,0.85,0.76,0.76,0.76,0.8,0.73,0.8,0.81,0.81,0.79,0.81,0.79,0.84,0.76,0.74,0.7,0.76,0.72,0.72,0.64,0.63,0.58
2026-09-29T01:00:00Z,0.63,0.52,0.57,0.13,0.4,0.67,0.71,0.68,0.8,0.56,0.81,0.89,0.88,0.88,0.85,0.56,0.7,0.83,0.87,0.91,0.87,0.9,0.91,0.89,0.88,0.92,0.86,0.9,0.94,0.91,0.9,0.9,0.9,0.87,0.85,0.79,0.85,0.84,0.87,0.83,0.81,0.82,0.76,0.79,0.83,0.87,0.78,0.75,0.83,0.78,0.71,0.78,0.7,0.68,0.68,0.62,0.74,0.67,0.63,0.73,0.59,0.64,0.62,0.51
2026-09-29T02:00:00Z,0.49,0.27,0.04,0.22,0.59,0.75,0.66,0.76,0.69,0.67,0.76,0.84,0.79,0.86,0.85,0.62,0.74,0.89,0.95,0.93,0.93,0.9,0.87,0.88,0.92,0.88,0.85,0.88,0.85,0.82,0.84,0.85,0.78,0.85,0.78,0.85,0.84,0.81,0.83,0.8,0.75,0.82,0.73,0.63,0.66,0.7,0.77,0.69,0.77,0.84,0.73,0.71,0.78,0.69,0.71,0.63,0.51,0.68,0.67,0.53,0.54,0.49,0.51,0.42
2026-09-29T03:00:00Z,0.47,0.27,0.25,0.33,0.05,0.66,0.66,0.65,0.77,0.78,0.75,0.79,0.84,0.79,0.87,0.62,0.79,0.89,0.93,0.93,0.94,0.89,0.92,0.92,0.91,0.81,0.87,0.89,0.77,0.84,0.88,0.81,0.68,0.79,0.73,0.82,0.88,0.83,0.69,0.69,0.71,0.72,0.73,0.71,0.6,0.77,0.65,0.74,0.68,0.66,0.63,0.54,0.51,0.64,0.66,0.66,0.42,0.54,0.62,0.54,0.48,0.59,0.53,0.37
2026-09-29T04:00:00Z,0.5,0.39,0.29,0.47,0.26,0.58,0.46,0.64,0.71,0.62,0.75,0.82,0.39,0.88,0.85,0.9,0.84,0.9,0.92,0.91,0.94,0.9,0.92,0.92,0.87,0.86,0.89,0.88,0.87,0.82,0.78,0.76,0.79,0.71,0.7,0.63,0.7,0.58,0.72,0.67,0.6,0.58,0.69,0.67,0.74,0.64,0.51,0.65,0.52,0.47,0.61,0.66,0.61,0.57,0.39,0.59,0.44,0.43,0.42,0.41,0.43,0.37,0.36,0.24
2026-09-29T05:00:00Z,0.11,0.15,0.16,0.4,0.37,0.44,0.75,0.64,0.66,0.72,0.75,0.81,0.78,0.77,0.71,0.69,0.76,0.91,0.93,0.91,0.95,0.94,0.94,0.93,0.93,0.87,0.78,0.84,0.81,0.81,0.69,0.76,0.81,0.67,0.79,0.69,0.61,0.65,0.54,0.69,0.65,0.6,0.73,0.58,0.57,0.54,0.47,0.53,0.6,0.41,0.45,0.48,0.55,0.55,0.47,0.45,0.42,0.42,0.42,0.32,0.34,0.35,0.21,0.36
2026-09-29T06:00:00Z,0.31,0.18,0.23,0.31,0.11,0.36,0.76,0.55,0.66,0.71,0.81,0.68,0.64,0.74,0.59,0.61,0.88,0.93,0.93,0.93,0.92,0.92,0.87,0.82,0.88,0.87,0.87,0.81,0.86,0.79,0.79,0.79,0.8,0.77,0.77,0.69,0.67,0.75,0.63,0.62,0.61,0.64,0.55,0.61,0.55,0.61,0.41,0.48,0.57,0.5,0.56,0.51,0.56,0.49,0.63,0.48,0.42,0.44,0.37,0.55,0.45,0.31,0.2,0.14
2026-09-29T07:00:00Z,0.24,0.12,0.26,0.24,0.41,0.54,0.69,0.68,0.76,0.81,0.85,0.76,0.84,0.63,0.53,0.63,0.8,0.88,0.95,0.94,0.94,0.92,0.9,0.86,0.86,0.81,0.86,0.88,0.82,0.8,0.72,0.71,0.78,0.78,0.79,0.69,0.62,0.55,0.63,0.67,0.59,0.57,0.39,0.52,0.47,0.48,0.49,0.45,0.43,0.54,0.39,0.35,0.44,0.48,0.53,0.38,0.39,0.37,0.37,0.36,0.33,0.24,0.21,0.34
2026-09-29T08:00:00Z,0.31,0.23,0.36,0.35,0.31,0.73,0.61,0.6,0.75,0.32,0.83,0.85,0.62,0.67,0.69,0.81,0.82,0.91,0.94,0.93,0.9,0.91,0.91,0.85,0.88,0.92,0.85,0.89,0.79,0.69,0.79,0.8,0.71,0.75,0.69,0.64,0.64,0.67,0.66,0.54,0.61,0.51,0.48,0.43,0.62,0.42,0.46,0.61,0.52,0.6,0.47,0.45,0.27,0.44,0.34,0.45,0.46,0.35,0.44,0.35,0.41,0.51,0.4,0.44
2026-09-29T09:00:00Z,0.21,0.16,0.13,0.17,0.43,0.55,0.8,0.58,0.68,0.66,0.75,0.86,0.65,0.58,0.66,0.74,0.91,0.95,0.94,0.94,0.91,0.92,0.89,0.9,0.89,0.94,0.9,0.86,0.86,0.81,0.79,0.73,0.73,0.66,0.65,0.72,0.74,0.69,0.69,0.64,0.61,0.5,0.56,0.59,0.49,0.46,0.34,0.19,0.47,0.37,0.61,0.52,0.36,0.26,0.34,0.42,0.22,0.31,0.38,0.27,0.41,0.32,0.27,0.11
2026-09-29T10:00:00Z,0.27,0.24,0.27,0.25,0.33,0.65,0.63,0.67,0.55,0.76,0.8,0.87,0.79,0.68,0.67,0.86,0.91,0.93,0.9,0.9,0.86,0.87,0.91,0.89,0.88,0.88,0.83,0.79,0.78,0.77,0.73,0.77,0.79,0.77,0.71,0.67,0.72,0.69,0.55,0.5,0.42,0.59,0.63,0.5,0.36,0.41,0.45,0.4,0.52,0.38,0.39,0.35,0.26,0.32,0.47,0.4,0.31,0.24,0.39,0.3,0.36,0.21,0.09,0.14
2026-09-29T11:00:00Z,0.07,0.02,0.25,0.71,0.19,0.61,0.83,0.52,0.66,0.74,0.71,0.88,0.69,0.75,0.63,0.88,0.8,0.93,0.9,0.92,0.9,0.84,0.86,0.86,0.85,0.83,0.87,0.82,0.81,0.86,0.84,0.85,0.8,0.76,0.69,0.72,0.7,0.62,0.63,0.55,0.55,0.65,0.51,0.61,0.55,0.41,0.37,0.57,0.49,0.33,0.31,0.36,0.3,0.27,0.23,0.24,0.44,0.41,0.31,0.44,0.34,0.28,0.17,0.15
2026-09-29T12:00:00Z,0.35,0.23,0.33,0.08,0.31,0.74,0.8,0.68,0.59,0.79,0.72,0.9,0.75,0.86,0.76,0.83,0.82,0.92,0.91,0.95,0.87,0.9,0.87,0.88,0.91,0.82,0.81,0.86,0.88,0.82,0.77,0.82,0.84,0.82,0.69,0.77,0.7,0.58,0.57,0.62,0.61,0.63,0.47,0.56,0.52,0.5,0.44,0.46,0.48,0.28,0.29,0.32,0.37,0.34,0.34,0.23,0.27,0.16,0.13,0.14,0.09,0.09,0.17,0.11
2026-09-29T13:00:00Z,0.29,0.09,0.18,0.36,0.48,0.49,0.49,0.85,0.77,0.74,0.74,0.84,0.62,0.83,0.71,0.79,0.89,0.82,0.88,0.92,0.93,0.86,0.89,0.89,0.81,0.82,0.87,0.76,0.77,0.85,0.76,0.74,0.75,0.77,0.77,0.72,0.7,0.73,0.71,0.59,0.61,0.59,0.59,0.54,0.45,0.25,0.5,0.36,0.32,0.22,0.25,0.13,0.13,0.02,0.23,0.32,0.31,0.18,0.15,0.29,0.31,0.32,0.28,0.14
2026-09-29T14:00:00Z,0.55,0.37,0.38,0.09,0.44,0.41,0.71,0.73,0.73,0.67,0.72,0.77,0.79,0.8,0.73,0.9,0.88,0.9,0.88,0.87,0.86,0.9,0.9,0.91,0.87,0.84,0.87,0.84,0.85,0.77,0.8,0.76,0.66,0.67,0.8,0.73,0.68,0.74,0.73,0.75,0.66,0.55,0.65,0.69,0.45,0.55,0.53,0.47,0.51,0.41,0.13,0.26,0.26,0.04,0.05,0.06,0.18,0.25,0.3,0.23,0.25,0.06,0.05,0.13
2026-09-29T15:00:00Z,0.53,0.17,0.19,0.5,0.2,0.45,0.78,0.58,0.6,0.84,0.81,0.81,0.78,0.65,0.74,0.8,0.91,0.91,0.9,0.9,0.91,0.88,0.87,0.87,0.91,0.85,0.86,0.82,0.82,0.72,0.84,0.82,0.87,0.76,0.71,0.61,0.65,0.64,0.53,0.68,0.69,0.66,0.68,0.56,0.56,0.52,0.34,0.26,0.32,0.12,0.32,0.07,0.21,0.28,0.25,0.19,0.25,0.19,0.12,0.25,0.17,0.18,0.2,0.13
2026-09-29T16:00:00Z,0.57,0.19,0.37,0.34,0.5,0.57,0.79,0.82,0.79,0.69,0.78,0.77,0.67,0.72,0.77,0.83,0.89,0.89,0.9,0.91,0.87,0.89,0.86,0.84,0.84,0.74,0.83,0.74,0.7,0.79,0.59,0.63,0.7,0.7,0.68,0.62,0.47,0.71,0.68,0.68,0.69,0.57,0.64,0.52,0.47,0.43,0.5,0.3,0.34,0.32,0.27,0.46,0.38,0.35,0.28,0.23,0.24,0.28,0.31,0.26,0.14,0.31,0.08,0.11
2026-09-29T17:00:00Z,0.34,0.16,0.46,0.28,0.53,0.58,0.78,0.73,0.71,0.62,0.7,0.79,0.84,0.71,0.76,0.81,0.89,0.93,0.91,0.92,0.89,0.89,0.88,0.88,0.85,0.73,0.57,0.41,0.76,0.82,0.76,0.68,0.54,0.7,0.58,0.7,0.59,0.65,0.61,0.55,0.39,0.34,0.46,0.64,0.57,0.44,0.29,0.63,0.52,0.34,0.43,0.29,0.41,0.23,0.39,0.35,0.47,0.32,0.46,0.3,0.35,0.25,0.19,0.19
2026-09-29T18:00:00Z,0.05,0.17,0.24,0.26,0.29,0.33,0.73,0.72,0.73,0.73,0.76,0.79,0.81,0.64,0.82,0.69,0.84,0.89,0.88,0.92,0.92,0.9,0.83,0.87,0.86,0.84,0.83,0.8,0.77,0.73,0.72,0.64,0.76,0.72,0.69,0.72,0.63,0.61,0.73,0.56,0.54,0.59,0.49,0.46,0.67,0.41,0.53,0.43,0.4,0.44,0.23,0.38,0.44,0.46,0.33,0.36,0.44,0.46,0.34,0.25,0.33,0.29,0.16,0.15
2026-09-29T19:00:00Z,0.3,0.18,0.09,0.53,0.28,0.33,0.85,0.84,0.73,0.84,0.78,0.74,0.55,0.66,0.72,0.83,0.75,0.86,0.89,0.89,0.91,0.86,0.86,0.83,0.9,0.84,0.84,0.85,0.84,0.67,0.78,0.74,0.8,0.64,0.7,0.72,0.67,0.6,0.63,0.5,0.5,0.54,0.63,0.55,0.5,0.46,0.41,0.47,0.43,0.35,0.38,0.47,0.39,0.48,0.63,0.66,0.69,0.54,0.59,0.41,0.56,0.49,0.4,0.32
2026-09-29T20:00:00Z,0.42,0.35,0.34,0.3,0.29,0.59,0.67,0.69,0.84,0.67,0.88,0.72,0.62,0.42,0.69,0.72,0.86,0.91,0.89,0.91,0.88,0.93,0.91,0.89,0.81,0.7,0.78,0.79,0.68,0.82,0.78,0.77,0.64,0.73,0.69,0.67,0.61,0.65,0.67,0.56,0.65,0.57,0.45,0.57,0.56,0.51,0.44,0.59,0.55,0.63,0.41,0.33,0.52,0.64,0.5,0.51,0.62,0.55,0.44,0.5,0.35,0.38,0.4,0.32
2026-09-29T21:00:00Z,0.49,0.33,0.38,0.09,0.41,0.44,0.71,0.77,0.67,0.51,0.81,0.86,0.81,0.61,0.44,0.87,0.85,0.83,0.89,0.92,0.91,0.94,0.9,0.88,0.88,0.84,0.8,0.85,0.72,0.87,0.78,0.74,0.65,0.72,0.75,0.66,0.72,0.74,0.67,0.61,0.72,0.59,0.48,0.33,0.58,0.56,0.66,0.69,0.62,0.76,0.73,0.72,0.77,0.75,0.78,0.64,0.71,0.71,0.71,0.69,0.72,0.59,0.55,0.47
2026-09-29T22:00:00Z,0.17,0.28,0.35,0.17,0.31,0.65,0.82,0.74,0.77,0.58,0.72,0.79,0.86,0.62,0.65,0.77,0.85,0.88,0.91,0.85,0.89,0.92,0.85,0.92,0.88,0.87,0.78,0.8,0.77,0.79,0.73,0.81,0.59,0.73,0.73,0.7,0.7,0.59,0.74,0.69,0.77,0.77,0.74,0.72,0.61,0.75,0.74,0.75,0.64,0.76,0.74,0.78,0.67,0.76,0.82,0.79,0.73,0.75,0.69,0.69,0.65,0.67,0.46,0.5
2026-09-29T23:00:00Z,0.55,0.53,0.21,0.55,0.32,0.43,0.8,0.83,0.68,0.82,0.74,0.65,0.81,0.65,0.58,0.84,0.84,0.87,0.89,0.89,0.92,0.9,0.88,0.82,0.75,0.85,0.79,0.81,0.86,0.78,0.74,0.77,0.81,0.75,0.73,0.7,0.64,0.64,0.71,0.74,0.65,0.71,0.74,0.7,0.71,0.65,0.69,0.74,0.73,0.59,0.68,0.65,0.69,0.63,0.74,0.72,0.69,0.59,0.62,0.63,0.65,0.48,0.54,0.49
2026-09-30T00:00:00Z,0.2,0.04,0.24,0.37,0.23,0.6,0.87,0.84,0.68,0.68,0.82,0.82,0.72,0.49,0.79,0.89,0.86,0.89,0.88,0.88,0.89,0.87,0.89,0.93,0.88,0.81,0.82,0.78,0.81,0.77,0.76,0.73,0.76,0.8,0.78,0.77,0.79,0.79,0.72,0.68,0.77,0.7,0.61,0.54,0.59,0.7,0.74,0.78,0.63,0.71,0.59,0.62,0.63,0.55,0.59,0.62,0.61,0.58,0.59,0.5,0.49,0.5,0.45,0.38
2026-09-30T01:00:00Z,0.4,0.38,0.12,0.11,0.19,0.63,0.79,0.67,0.54,0.76,0.51,0.8,0.73,0.59,0.65,0.71,0.87,0.91,0.91,0.91,0.94,0.86,0.9,0.9,0.89,0.91,0.87,0.89,0.88,0.82,0.79,0.81,0.79,0.74,0.75,0.66,0.79,0.84,0.71,0.7,0.75,0.69,0.71,0.71,0.74,0.66,0.6,0.64,0.67,0.54,0.6,0.61,0.59,0.56,0.56,0.67,0.51,0.58,0.59,0.5,0.57,0.46,0.56,0.41
2026-09-30T02:00:00Z,0.22,0.08,0.4,0.26,0.24,0.47,0.86,0.83,0.73,0.54,0.76,0.86,0.84,0.65,0.67,0.88,0.88,0.87,0.84,0.9,0.92,0.91,0.86,0.88,0.83,0.82,0.81,0.86,0.8,0.88,0.89,0.8,0.85,0.81,0.78,0.8,0.8,0.83,0.82,0.72,0.68,0.68,0.69,0.73,0.7,0.69,0.66,0.69,0.74,0.62,0.53,0.62,0.56,0.64,0.6,0.58,0.62,0.63,0.63,0.55,0.58,0.54,0.52,0.43
2026-09-30T03:00:00Z,0.35,0.17,0.28,0.58,0.28,0.39,0.69,0.56,0.57,0.78,0.62,0.55,0.65,0.64,0.59,0.84,0.91,0.75,0.9,0.88,0.87,0.9,0.89,0.85,0.9,0.88,0.81,0.8,0.79,0.83,0.83,0.81,0.82,0.71,0.79,0.69,0.73,0.69,0.74,0.75,0.73,0.67,0.58,0.61,0.6,0.61,0.63,0.63,0.69,0.63,0.65,0.75,0.45,0.37,0.61,0.48,0.43,0.6,0.61,0.49,0.5,0.35,0.37,0.32
2026-09-30T04:00:00Z,0.52,0.38,0.16,0.36,0.45,0.73,0.85,0.67,0.8,0.75,0.73,0.77,0.7,0.68,0.9,0.87,0.9,0.91,0.9,0.89,0.92,0.9,0.84,0.82,0.82,0.84,0.88,0.86,0.86,0.83,0.86,0.77,0.73,0.77,0.71,0.66,0.64,0.7,0.74,0.8,0.67,0.71,0.68,0.69,0.62,0.71,0.52,0.52,0.59,0.59,0.53,0.51,0.56,0.6,0.58,0.62,0.57,0.43,0.48,0.38,0.46,0.37,0.39,0.32
2026-09-30T05:00:00Z,0.51,0.35,0.12,0.39,0.29,0.63,0.9,0.74,0.7,0.63,0.72,0.73,0.67,0.71,0.68,0.91,0.91,0.9,0.92,0.92,0.94,0.89,0.9,0.87,0.87,0.89,0.86,0.83,0.75,0.82,0.72,0.76,0.74,0.72,0.73,0.7,0.69,0.65,0.58,0.65,0.52,0.62,0.62,0.67,0.7,0.59,0.55,0.62,0.47,0.52,0.56,0.63,0.69,0.55,0.53,0.56,0.35,0.4,0.55,0.47,0.46,0.32,0.41,0.35
2026-09-30T06:00:00Z,0.38,0.11,0.1,0.09,0.25,0.49,0.79,0.86,0.67,0.6,0.69,0.79,0.75,0.64,0.67,0.85,0.86,0.9,0.9,0.92,0.93,0.92,0.91,0.89,0.86,0.8,0.79,0.84,0.83,0.72,0.79,0.78,0.82,0.79,0.79,0.67,0.79,0.59,0.74,0.73,0.78,0.75,0.7,0.6,0.66,0.59,0.61,0.59,0.64,0.75,0.81,0.61,0.59,0.67,0.53,0.52,0.62,0.63,0.61,0.56,0.45,0.41,0.39,0.29
2026-09-30T07:00:00Z,0.28,0.49,0.25,0.28,0.29,0.48,0.78,0.76,0.53,0.75,0.76,0.56,0.59,0.71,0.7,0.8,0.86,0.87,0.9,0.91,0.93,0.91,0.9,0.91,0.89,0.84,0.9,0.83,0.87,0.82,0.76,0.82,0.86,0.77,0.74,0.85,0.8,0.74,0.78,0.79,0.75,0.72,0.76,0.72,0.71,0.62,0.69,0.73,0.6,0.64,0.72,0.71,0.81,0.74,0.71,0.69,0.57,0.7,0.64,0.67,0.61,0.51,0.53,0.35
2026-09-30T08:00:00Z,0.26,0.32,0.19,0.16,0.04,0.53,0.88,0.84,0.82,0.67,0.72,0.76,0.74,0.83,0.67,0.77,0.89,0.91,0.91,0.91,0.93,0.93,0.9,0.91,0.88,0.9,0.89,0.82,0.8,0.88,0.81,0.79,0.76,0.72,0.77,0.75,0.74,0.82,0.81,0.59,0.71,0.76,0.58,0.71,0.75,0.67,0.65,0.69,0.66,0.75,0.76,0.63,0.76,0.73,0.76,0.74,0.66,0.75,0.67,0.6,0.49,0.53,0.43,0.34
2026-09-30T09:00:00Z,0.14,0.19,0.05,0.17,0.19,0.44,0.83,0.69,0.78,0.64,0.78,0.64,0.52,0.6,0.77,0.7,0.86,0.93,0.93,0.89,0.92,0.94,0.9,0.89,0.9,0.88,0.83,0.84,0.86,0.71,0.7,0.78,0.73,0.74,0.72,0.77,0.69,0.66,0.75,0.69,0.63,0.7,0.65,0.62,0.66,0.6,0.6,0.63,0.71,0.65,0.58,0.66,0.69,0.53,0.67,0.58,0.71,0.56,0.53,0.56,0.42,0.43,0.52,0.28
2026-09-30T10:00:00Z,0.45,0.47,0.09,0.13,0.34,0.4,0.78,0.84,0.8,0.65,0.74,0.83,0.7,0.71,0.48,0.87,0.91,0.88,0.88,0.95,0.92,0.82,0.91,0.86,0.85,0.89,0.93,0.87,0.78,0.74,0.9,0.81,0.63,0.62,0.7,0.63,0.69,0.74,0.67,0.66,0.65,0.62,0.63,0.59,0.64,0.64,0.56,0.54,0.57,0.53,0.62,0.58,0.59,0.61,0.61,0.51,0.68,0.67,0.4,0.53,0.46,0.43,0.26,0.17
2026-09-30T11:00:00Z,0.16,0.27,0.46,0.21,0.05,0.32,0.81,0.87,0.68,0.57,0.65,0.63,0.6,0.47,0.55,0.77,0.84,0.93,0.93,0.92,0.9,0.9,0.92,0.88,0.91,0.9,0.87,0.88,0.86,0.86,0.82,0.78,0.79,0.74,0.73,0.59,0.65,0.7,0.75,0.59,0.55,0.61,0.45,0.54,0.48,0.45,0.39,0.32,0.58,0.59,0.5,0.55,0.63,0.58,0.65,0.61,0.44,0.45,0.39,0.39,0.51,0.37,0.34,0.27
2026-09-30T12:00:00Z,0.46,0.24,0.45,0.27,0.29,0.65,0.71,0.85,0.72,0.65,0.75,0.55,0.6,0.62,0.64,0.79,0.85,0.87,0.89,0.93,0.92,0.94,0.93,0.9,0.88,0.85,0.79,0.85,0.85,0.78,0.8,0.8,0.73,0.81,0.79,0.66,0.75,0.73,0.74,0.76,0.62,0.62,0.6,0.66,0.66,0.61,0.66,0.59,0.53,0.54,0.59,0.67,0.59,0.65,0.53,0.72,0.68,0.58,0.6,0.5,0.39,0.47,0.42,0.35
2026-09-30T13:00:00Z,0.13,0.28,0.15,0.33,0.62,0.43,0.53,0.74,0.53,0.8,0.69,0.52,0.63,0.73,0.79,0.88,0.81,0.85,0.92,0.93,0.91,0.93,0.91,0.89,0.87,0.84,0.83,0.82,0.78,0.81,0.84,0.82,0.74,0.81,0.83,0.78,0.69,0.68,0.68,0.72,0.54,0.53,0.67,0.74,0.72,0.71,0.65,0.47,0.64,0.67,0.51,0.63,0.64,0.51,0.57,0.54,0.59,0.6,0.6,0.56,0.5,0.52,0.4,0.42
2026-09-30T14:00:00Z,0.26,0.24,0.07,0.08,0.34,0.56,0.76,0.78,0.83,0.77,0.84,0.74,0.76,0.85,0.76,0.84,0.91,0.89,0.92,0.9,0.9,0.88,0.86,0.86,0.81,0.85,0.77,0.83,0.84,0.89,0.79,0.76,0.7,0.74,0.72,0.76,0.78,0.71,0.75,0.71,0.63,0.71,0.63,0.74,0.74,0.63,0.47,0.59,0.47,0.7,0.58,0.65,0.72,0.78,0.61,0.61,0.63,0.7,0.57,0.5,0.53,0.59,0.55,0.39
2026-09-30T15:00:00Z,0.54,0.47,0.55,0.25,0.47,0.35,0.6,0.84,0.63,0.79,0.88,0.59,0.6,0.72,0.64,0.75,0.85,0.9,0.93,0.91,0.88,0.91,0.87,0.88,0.8,0.82,0.79,0.82,0.79,0.69,0.76,0.83,0.74,0.81,0.8,0.77,0.73,0.72,0.66,0.69,0.68,0.63,0.59,0.58,0.61,0.52,0.61,0.58,0.56,0.52,0.64,0.7,0.66,0.65,0.7,0.66,0.72,0.56,0.48,0.62,0.59,0.54,0.45,0.38
2026-09-30T16:00:00Z,0.53,0.26,0.13,0.44,0.6,0.25,0.8,0.78,0.63,0.59,0.8,0.71,0.65,0.46,0.77,0.66,0.85,0.9,0.87,0.91,0.88,0.88,0.91,0.9,0.83,0.8,0.88,0.81,0.84,0.79,0.77,0.79,0.7,0.67,0.77,0.77,0.82,0.81,0.79,0.61,0.64,0.8,0.66,0.47,0.48,0.5,0.46,0.67,0.55,0.51,0.57,0.52,0.57,0.68,0.59,0.72,0.62,0.55,0.58,0.6,0.53,0.49,0.43,0.33
2026-09-30T17:00:00Z,0.49,0.4,0.24,0.15,0.45,0.53,0.65,0.83,0.51,0.57,0.8,0.67,0.72,0.71,0.7,0.84,0.86,0.93,0.88,0.84,0.89,0.83,0.83,0.82,0.85,0.85,0.88,0.74,0.77,0.76,0.75,0.73,0.73,0.74,0.75,0.75,0.79,0.74,0.76,0.72,0.59,0.71,0.35,0.48,0.61,0.53,0.47,0.46,0.47,0.36,0.48,0.44,0.53,0.53,0.53,0.58,0.51,0.58,0.49,0.51,0.59,0.35,0.41,0.29
2026-09-30T18:00:00Z,0.61,0.64,0.37,0.38,0.43,0.52,0.62,0.83,0.75,0.63,0.57,0.79,0.7,0.66,0.76,0.8,0.86,0.91,0.89,0.88,0.87,0.85,0.87,0.88,0.87,0.78,0.79,0.75,0.76,0.78,0.74,0.7,0.71,0.77,0.8,0.65,0.72,0.75,0.71,0.59,0.71,0.63,0.6,0.66,0.52,0.48,0.43,0.47,0.47,0.53,0.52,0.59,0.57,0.5,0.46,0.52,0.52,0.57,0.49,0.47,0.4,0.39,0.28,0.27
2026-09-30T19:00:00Z,0.5,0.52,0.35,0.37,0.54,0.68,0.64,0.79,0.81,0.37,0.83,0.5,0.62,0.57,0.72,0.65,0.78,0.84,0.85,0.89,0.87,0.82,0.87,0.78,0.72,0.8,0.79,0.78,0.84,0.68,0.76,0.64,0.73,0.73,0.63,0.79,0.75,0.57,0.57,0.73,0.79,0.64,0.57,0.55,0.48,0.53,0.69,0.49,0.6,0.66,0.67,0.65,0.55,0.69,0.53,0.61,0.51,0.54,0.56,0.53,0.54,0.41,0.42,0.26
2026-09-30T20:00:00Z,0.64,0.39,0.26,0.34,0.35,0.59,0.75,0.52,0.8,0.63,0.74,0.77,0.57,0.56,0.61,0.76,0.79,0.84,0.88,0.88,0.86,0.9,0.87,0.87,0.87,0.81,0.74,0.73,0.67,0.71,0.65,0.78,0.66,0.69,0.67,0.54,0.69,0.64,0.67,0.63,0.53,0.62,0.47,0.37,0.51,0.65,0.37,0.54,0.68,0.61,0.58,0.57,0.57,0.54,0.56,0.59,0.65,0.6,0.65,0.56,0.51,0.5,0.49,0.36
2026-09-30T21:00:00Z,0.25,0.24,0.35,0.11,0.62,0.35,0.75,0.67,0.73,0.55,0.81,0.79,0.62,0.71,0.75,0.79,0.82,0.88,0.88,0.9,0.85,0.89,0.83,0.81,0.78,0.83,0.84,0.75,0.78,0.68,0.73,0.61,0.62,0.72,0.6,0.64,0.72,0.74,0.62,0.57,0.58,0.67,0.64,0.4,0.41,0.38,0.45,0.64,0.6,0.66,0.67,0.71,0.73,0.8,0.78,0.81,0.79,0.76,0.76,0.66,0.64,0.66,0.57,0.63
2026-09-30T22:00:00Z,0.57,0.64,0.35,0.25,0.3,0.43,0.8,0.84,0.8,0.61,0.69,0.68,0.57,0.67,0.73,0.73,0.79,0.83,0.9,0.88,0.85,0.84,0.86,0.78,0.79,0.74,0.72,0.75,0.77,0.61,0.8,0.6,0.65,0.53,0.59,0.57,0.75,0.64,0.62,0.75,0.46,0.67,0.48,0.61,0.62,0.7,0.64,0.78,0.72,0.76,0.82,0.83,0.81,0.86,0.84,0.81,0.81,0.81,0.8,0.74,0.75,0.69,0.69,0.66
2026-09-30T23:00:00Z,0.49,0.32,0.53,0.32,0.35,0.58,0.88,0.88,0.59,0.78,0.64,0.81,0.65,0.8,0.58,0.84,0.71,0.89,0.87,0.88,0.86,0.85,0.88,0.87,0.78,0.78,0.81,0.8,0.59,0.61,0.67,0.59,0.7,0.71,0.77,0.67,0.74,0.71,0.77,0.76,0.79,0.78,0.78,0.77,0.81,0.8,0.79,0.77,0.83,0.81,0.73,0.83,0.83,0.84,0.82,0.78,0.77,0.75,0.78,0.78,0.65,0.63,0.54,0.62
2026-10-01T00:00:00Z,0.32,0.12,0.47,0.41,0.15,0.62,0.6,0.89,0.74,0.77,0.66,0.66,0.59,0.5,0.6,0.71,0.8,0.87,0.88,0.88,0.91,0.85,0.85,0.86,0.79,0.78,0.78,0.74,0.76,0.78,0.8,0.71,0.75,0.65,0.72,0.78,0.7,0.81,0.8,0.71,0.59,0.68,0.69,0.76,0.75,0.85,0.78,0.73,0.83,0.81,0.8,0.73,0.61,0.69,0.78,0.82,0.82,0.78,0.77,0.73,0.67,0.65,0.63,0.62
2026-10-01T01:00:00Z,0.44,0.34,0.31,0.52,0.41,0.6,0.8,0.85,0.75,0.58,0.63,0.83,0.69,0.64,0.61,0.79,0.84,0.91,0.9,0.9,0.89,0.87,0.92,0.86,0.87,0.77,0.82,0.83,0.81,0.76,0.77,0.83,0.79,0.78,0.78,0.7,0.76,0.63,0.77,0.81,0.74,0.81,0.82,0.84,0.71,0.81,0.85,0.81,0.86,0.82,0.72,0.79,0.79,0.78,0.71,0.78,0.73,0.64,0.67,0.69,0.7,0.53,0.54,0.51
2026-10-01T02:00:00Z,0.3,0.06,0.38,0.51,0.19,0.62,0.59,0.84,0.63,0.64,0.53,0.59,0.58,0.75,0.71,0.79,0.81,0.8,0.9,0.88,0.89,0.89,0.91,0.86,0.88,0.85,0.8,0.84,0.88,0.84,0.83,0.88,0.89,0.82,0.86,0.84,0.87,0.82,0.76,0.83,0.82,0.85,0.69,0.77,0.84,0.9,0.79,0.78,0.77,0.75,0.75,0.75,0.75,0.72,0.74,0.72,0.74,0.67,0.7,0.66,0.59,0.64,0.66,0.57
2026-10-01T03:00:00Z,0.37,0.47,0.29,0.4,0.58,0.53,0.67,0.81,0.71,0.75,0.69,0.87,0.74,0.7,0.57,0.87,0.79,0.84,0.89,0.87,0.88,0.88,0.92,0.87,0.83,0.85,0.87,0.76,0.82,0.84,0.82,0.82,0.9,0.88,0.9,0.85,0.8,0.85,0.92,0.85,0.83,0.8,0.82,0.83,0.84,0.84,0.81,0.77,0.77,0.78,0.65,0.75,0.76,0.82,0.68,0.76,0.74,0.68,0.6,0.63,0.47,0.46,0.48,0.48
2026-10-01T04:00:00Z,0.58,0.58,0.28,0.24,0.36,0.41,0.81,0.84,0.77,0.7,0.54,0.77,0.81,0.68,0.78,0.69,0.83,0.77,0.88,0.89,0.9,0.91,0.94,0.9,0.88,0.86,0.87,0.92,0.82,0.75,0.8,0.85,0.89,0.93,0.89,0.85,0.78,0.74,0.76,0.8,0.85,0.84,0.77,0.78,0.75,0.62,0.7,0.75,0.73,0.72,0.76,0.64,0.65,0.73,0.73,0.66,0.69,0.72,0.67,0.54,0.47,0.44,0.42,0.46
2026-10-01T05:00:00Z,0.27,0.24,0.3,0.32,0.37,0.71,0.66,0.84,0.77,0.83,0.83,0.62,0.63,0.76,0.86,0.8,0.79,0.81,0.81,0.89,0.88,0.86,0.9,0.9,0.89,0.87,0.8,0.82,0.82,0.85,0.83,0.89,0.89,0.9,0.87,0.86,0.81,0.86,0.83,0.75,0.75,0.76,0.72,0.78,0.73,0.82,0.7,0.75,0.66,0.68,0.71,0.63,0.72,0.62,0.65,0.64,0.71,0.47,0.65,0.56,0.43,0.54,0.45,0.43
2026-10-01T06:00:00Z,0.31,0.28,0.43,0.02,0.34,0.68,0.74,0.87,0.75,0.85,0.7,0.7,0.56,0.9,0.76,0.79,0.78,0.9,0.9,0.9,0.92,0.91,0.93,0.85,0.85,0.83,0.82,0.82,0.8,0.85,0.82,0.81,0.87,0.91,0.89,0.88,0.86,0.77,0.75,0.7,0.72,0.67,0.6,0.73,0.74,0.75,0.62,0.69,0.65,0.57,0.78,0.74,0.69,0.7,0.71,0.6,0.61,0.5,0.5,0.66,0.56,0.46,0.48,0.42
2026-10-01T07:00:00Z,0.6,0.38,0.22,0.15,0.29,0.7,0.78,0.9,0.92,0.82,0.66,0.58,0.69,0.74,0.79,0.56,0.83,0.82,0.91,0.91,0.88,0.93,0.85,0.86,0.86,0.86,0.84,0.83,0.82,0.8,0.86,0.88,0.79,0.89,0.88,0.88,0.9,0.85,0.85,0.82,0.84,0.81,0.83,0.75,0.79,0.62,0.74,0.68,0.73,0.72,0.61,0.65,0.67,0.57,0.61,0.44,0.62,0.59,0.53,0.51,0.57,0.49,0.38,0.35
2026-10-01T08:00:00Z,0.29,0.35,0.28,0.43,0.14,0.73,0.82,0.87,0.79,0.74,0.73,0.75,0.77,0.86,0.76,0.86,0.8,0.77,0.86,0.81,0.84,0.86,0.86,0.89,0.84,0.88,0.75,0.83,0.86,0.85,0.83,0.86,0.81,0.82,0.85,0.87,0.81,0.73,0.82,0.83,0.83,0.75,0.7,0.74,0.69,0.58,0.63,0.76,0.69,0.73,0.75,0.62,0.6,0.67,0.72,0.66,0.62,0.44,0.62,0.47,0.54,0.48,0.34,0.46
2026-10-01T09:00:00Z,0.13,0.07,0.2,0.37,0.6,0.68,0.64,0.9,0.83,0.72,0.66,0.75,0.84,0.69,0.78,0.75,0.82,0.85,0.85,0.83,0.89,0.83,0.9,0.89,0.89,0.84,0.85,0.8,0.81,0.79,0.79,0.9,0.82,0.8,0.82,0.77,0.79,0.78,0.75,0.78,0.67,0.83,0.76,0.77,0.59,0.58,0.44,0.65,0.63,0.7,0.71,0.68,0.65,0.57,0.5,0.54,0.48,0.56,0.58,0.54,0.58,0.49,0.37,0.28
2026-10-01T10:00:00Z,0.18,0.19,0.35,0.04,0.3,0.76,0.85,0.86,0.84,0.82,0.57,0.8,0.64,0.7,0.74,0.66,0.83,0.84,0.88,0.88,0.88,0.87,0.85,0.94,0.86,0.8,0.81,0.8,0.79,0.77,0.81,0.81,0.82,0.79,0.73,0.76,0.69,0.69,0.73,0.82,0.74,0.81,0.69,0.68,0.7,0.63,0.68,0.6,0.64,0.66,0.78,0.69,0.65,0.65,0.44,0.51,0.5,0.42,0.59,0.47,0.34,0.29,0.39,0.31
2026-10-01T11:00:00Z,0.25,0.33,0.26,0.25,0.25,0.53,0.88,0.74,0.87,0.61,0.75,0.57,0.82,0.7,0.74,0.56,0.79,0.77,0.87,0.93,0.87,0.84,0.87,0.82,0.89,0.83,0.78,0.81,0.77,0.79,0.77,0.77,0.77,0.8,0.8,0.79,0.8,0.64,0.78,0.65,0.65,0.71,0.72,0.61,0.67,0.64,0.64,0.68,0.58,0.59,0.56,0.46,0.52,0.54,0.38,0.48,0.29,0.49,0.52,0.49,0.41,0.19,0.27,0.19
2026-10-01T12:00:00Z,0.3,0.25,0.09,0.19,0.55,0.73,0.67,0.79,0.82,0.79,0.61,0.79,0.74,0.81,0.69,0.73,0.73,0.82,0.84,0.88,0.89,0.84,0.77,0.84,0.85,0.83,0.84,0.81,0.86,0.82,0.8,0.74,0.68,0.73,0.79,0.74,0.79,0.83,0.67,0.67,0.75,0.7,0.63,0.57,0.66,0.66,0.62,0.58,0.57,0.55,0.54,0.47,0.42,0.5,0.28,0.43,0.38,0.42,0.43,0.3,0.4,0.4,0.2,0.17
2026-10-01T13:00:00Z,0.28,0.38,0.12,0.43,0.42,0.52,0.73,0.77,0.86,0.77,0.75,0.73,0.83,0.83,0.69,0.77,0.78,0.73,0.81,0.83,0.87,0.8,0.81,0.87,0.87,0.87,0.78,0.77,0.76,0.81,0.78,0.81,0.73,0.79,0.76,0.77,0.76,0.76,0.72,0.6,0.7,0.55,0.63,0.55,0.65,0.64,0.59,0.54,0.54,0.54,0.61,0.52,0.31,0.44,0.36,0.21,0.4,0.34,0.3,0.24,0.32,0.38,0.46,0.34
2026-10-01T14:00:00Z,0.43,0.56,0.34,0.09,0.23,0.78,0.81,0.88,0.8,0.54,0.64,0.65,0.68,0.55,0.7,0.88,0.81,0.75,0.88,0.89,0.8,0.83,0.86,0.82,0.79,0.88,0.77,0.86,0.8,0.81,0.81,0.73,0.68,0.72,0.63,0.62,0.69,0.68,0.78,0.75,0.76,0.63,0.64,0.56,0.7,0.66,0.6,0.65,0.54,0.55,0.6,0.58,0.51,0.43,0.31,0.4,0.48,0.41,0.38,0.38,0.17,0.41,0.33,0.3
2026-10-01T15:00:00Z,0.35,0.27,0.3,0.3,0.2,0.68,0.71,0.86,0.78,0.7,0.73,0.67,0.75,0.73,0.72,0.78,0.86,0.83,0.82,0.89,0.89,0.82,0.86,0.9,0.83,0.83,0.83,0.81,0.77,0.78,0.73,0.85,0.69,0.78,0.7,0.6,0.64,0.6,0.64,0.6,0.45,0.51,0.17,0.18,0.46,0.43,0.17,0.12,0.21,0.32,0.41,0.47,0.42,0.45,0.39,0.45,0.44,0.28,0.1,0.35,0.29,0.18,0.19,0.13
2026-10-01T16:00:00Z,0.58,0.5,0.18,0.59,0.44,0.55,0.84,0.77,0.77,0.82,0.81,0.78,0.6,0.56,0.7,0.8,0.81,0.77,0.83,0.82,0.83,0.88,0.83,0.85,0.86,0.89,0.9,0.85,0.65,0.72,0.73,0.82,0.8,0.66,0.69,0.65,0.62,0.62,0.36,0.44,0.24,0.37,0.58,0.58,0.35,0.35,0.22,0.3,0.5,0.24,0.38,0.47,0.29,0.19,0.31,0.34,0.29,0.23,0.21,0.25,0.3,0.25,0.06,0.12
2026-10-01T17:00:00Z,0.19,0.32,0.17,0.08,0.49,0.75,0.82,0.88,0.88,0.75,0.79,0.79,0.77,0.76,0.77,0.82,0.7,0.76,0.69,0.78,0.83,0.88,0.88,0.86,0.87,0.81,0.82,0.7,0.79,0.8,0.74,0.77,0.82,0.8,0.81,0.62,0.59,0.58,0.66,0.65,0.59,0.75,0.56,0.72,0.46,0.47,0.59,0.62,0.49,0.55,0.46,0.44,0.31,0.34,0.36,0.23,0.08,0.09,0.07,0.25,0.34,0.26,0.26,0.1
2026-10-01T18:00:00Z,0.48,0.27,0.24,0.61,0.45,0.72,0.68,0.8,0.71,0.72,0.67,0.55,0.68,0.67,0.72,0.87,0.63,0.78,0.78,0.82,0.85,0.84,0.84,0.91,0.88,0.82,0.86,0.9,0.87,0.81,0.79,0.76,0.78,0.69,0.68,0.67,0.58,0.7,0.62,0.64,0.68,0.68,0.7,0.56,0.32,0.04,0.3,0.28,0.44,0.7,0.41,0.14,0.17,0.31,0.18,0.26,0.35,0.04,0.19,0.25,0.19,0.18,0.3,0.31
2026-10-01T19:00:00Z,0.72,0.6,0.21,0.37,0.4,0.56,0.69,0.84,0.77,0.74,0.55,0.7,0.65,0.62,0.61,0.74,0.78,0.76,0.81,0.78,0.77,0.79,0.86,0.81,0.81,0.87,0.82,0.77,0.73,0.79,0.77,0.76,0.59,0.7,0.65,0.54,0.61,0.53,0.37,0.31,0.34,0.42,0.25,0.17,0.37,0.43,0.32,0.65,0.54,0.51,0.34,0.26,0.39,0.14,0.19,0.52,0.39,0.47,0.51,0.43,0.47,0.48,0.51,0.39
2026-10-01T20:00:00Z,0.45,0.5,0.14,0.33,0.37,0.47,0.68,0.73,0.82,0.82,0.74,0.68,0.71,0.88,0.76,0.82,0.78,0.8,0.74,0.82,0.85,0.9,0.89,0.79,0.76,0.82,0.73,0.82,0.8,0.76,0.64,0.72,0.78,0.63,0.66,0.64,0.58,0.65,0.63,0.7,0.58,0.47,0.44,0.71,0.63,0.62,0.72,0.64,0.72,0.77,0.78,0.76,0.83,0.86,0.87,0.74,0.67,0.67,0.69,0.59,0.69,0.67,0.53,0.53
2026-10-01T21:00:00Z,0.33,0.32,0.08,0.14,0.07,0.65,0.67,0.86,0.86,0.64,0.61,0.6,0.75,0.88,0.77,0.81,0.78,0.82,0.74,0.72,0.84,0.84,0.72,0.79,0.82,0.76,0.72,0.65,0.64,0.73,0.65,0.7,0.77,0.61,0.7,0.68,0.59,0.65,0.48,0.7,0.71,0.79,0.87,0.85,0.84,0.9,0.86,0.85,0.85,0.86,0.79,0.86,0.79,0.81,0.8,0.78,0.71,0.68,0.7,0.67,0.6,0.66,0.64,0.59
2026-10-01T22:00:00Z,0.56,0.54,0.38,0.42,0.39,0.58,0.62,0.66,0.75,0.86,0.74,0.67,0.79,0.7,0.61,0.83,0.71,0.77,0.73,0.78,0.78,0.68,0.82,0.83,0.83,0.75,0.72,0.81,0.75,0.68,0.72,0.78,0.65,0.64,0.75,0.75,0.71,0.74,0.87,0.89,0.92,0.87,0.9,0.88,0.83,0.76,0.73,0.77,0.82,0.83,0.78,0.85,0.76,0.79,0.81,0.77,0.85,0.76,0.64,0.65,0.71,0.68,0.62,0.61
2026-10-01T23:00:00Z,0.34,0.16,0.12,0.16,0.32,0.59,0.59,0.69,0.91,0.71,0.82,0.7,0.87,0.91,0.78,0.7,0.84,0.71,0.72,0.87,0.91,0.84,0.83,0.81,0.85,0.87,0.87,0.82,0.87,0.78,0.78,0.67,0.77,0.73,0.7,0.8,0.8,0.76,0.83,0.85,0.85,0.81,0.77,0.79,0.79,0.84,0.73,0.84,0.69,0.65,0.65,0.77,0.75,0.74,0.81,0.79,0.65,0.68,0.77,0.72,0.64,0.62,0.56,0.46
2026-10-02T00:00:00Z,0.33,0.33,0.13,0.34,0.21,0.68,0.74,0.86,0.87,0.87,0.76,0.47,0.7,0.82,0.72,0.84,0.85,0.85,0.81,0.86,0.88,0.88,0.84,0.9,0.86,0.82,0.84,0.87,0.85,0.82,0.78,0.74,0.73,0.78,0.81,0.86,0.83,0.88,0.87,0.81,0.78,0.82,0.84,0.86,0.82,0.75,0.75,0.56,0.75,0.77,0.78,0.78,0.76,0.69,0.7,0.76,0.79,0.72,0.76,0.72,0.62,0.63,0.63,0.5
2026-10-02T01:00:00Z,0.5,0.3,0.14,0.34,0.53,0.5,0.76,0.76,0.73,0.81,0.82,0.62,0.69,0.84,0.87,0.83,0.86,0.74,0.8,0.89,0.83,0.86,0.86,0.9,0.82,0.81,0.83,0.81,0.86,0.8,0.81,0.71,0.78,0.82,0.8,0.85,0.85,0.88,0.78,0.71,0.81,0.79,0.65,0.73,0.75,0.76,0.73,0.73,0.84,0.7,0.74,0.66,0.66,0.82,0.71,0.79,0.75,0.69,0.63,0.61,0.51,0.49,0.62,0.58
2026-10-02T02:00:00Z,0.51,0.23,0.33,0.33,0.52,0.78,0.59,0.65,0.91,0.78,0.67,0.86,0.27,0.73,0.84,0.78,0.82,0.81,0.72,0.76,0.89,0.92,0.88,0.87,0.81,0.87,0.79,0.74,0.76,0.79,0.71,0.76,0.87,0.84,0.82,0.88,0.77,0.84,0.73,0.69,0.72,0.69,0.76,0.73,0.75,0.74,0.67,0.65,0.74,0.7,0.77,0.73,0.72,0.67,0.62,0.57,0.74,0.67,0.53,0.55,0.64,0.59,0.53,0.44
2026-10-02T03:00:00Z,0.22,0.16,0.32,0.43,0.24,0.57,0.68,0.78,0.86,0.77,0.75,0.58,0.71,0.72,0.85,0.75,0.79,0.78,0.77,0.79,0.86,0.85,0.86,0.81,0.79,0.72,0.85,0.77,0.76,0.74,0.75,0.83,0.8,0.82,0.8,0.78,0.75,0.77,0.72,0.74,0.65,0.66,0.76,0.77,0.73,0.72,0.77,0.67,0.67,0.7,0.63,0.7,0.67,0.6,0.63,0.5,0.59,0.66,0.45,0.43,0.5,0.4,0.32,0.28
2026-10-02T04:00:00Z,0.3,0.21,0.28,0.53,0.07,0.49,0.81,0.92,0.81,0.81,0.83,0.78,0.65,0.7,0.73,0.74,0.8,0.8,0.8,0.83,0.87,0.84,0.89,0.81,0.85,0.76,0.82,0.89,0.86,0.86,0.86,0.88,0.8,0.82,0.72,0.8,0.62,0.73,0.72,0.66,0.65,0.78,0.71,0.61,0.52,0.63,0.44,0.57,0.51,0.52,0.5,0.35,0.36,0.37,0.4,0.47,0.48,0.38,0.4,0.38,0.28,0.46,0.38,0.29
2026-10-02T05:00:00Z,0.15,0.13,0.06,0.29,0.79,0.54,0.86,0.91,0.83,0.84,0.77,0.68,0.68,0.45,0.55,0.83,0.74,0.8,0.8,0.79,0.82,0.88,0.9,0.83,0.82,0.82,0.76,0.8,0.8,0.83,0.73,0.73,0.75,0.68,0.56,0.63,0.78,0.8,0.68,0.65,0.57,0.63,0.71,0.63,0.69,0.51,0.57,0.47,0.41,0.43,0.64,0.66,0.53,0.62,0.56,0.42,0.43,0.38,0.51,0.57,0.51,0.32,0.39,0.5
2026-10-02T06:00:00Z,0.16,0.35,0.28,0.13,0.39,0.38,0.66,0.87,0.86,0.8,0.84,0.79,0.7,0.67,0.43,0.81,0.79,0.69,0.84,0.89,0.86,0.88,0.92,0.86,0.9,0.91,0.9,0.85,0.88,0.79,0.75,0.68,0.62,0.69,0.69,0.69,0.73,0.63,0.72,0.78,0.72,0.64,0.54,0.54,0.66,0.7,0.67,0.66,0.57,0.66,0.62,0.5,0.6,0.58,0.49,0.35,0.42,0.44,0.27,0.24,0.47,0.5,0.28,0.24
2026-10-02T07:00:00Z,0.26,0.2,0.33,0.18,0.32,0.63,0.37,0.79,0.64,0.82,0.82,0.67,0.6,0.57,0.72,0.77,0.76,0.77,0.8,0.82,0.88,0.87,0.87,0.91,0.95,0.9,0.84,0.84,0.84,0.76,0.75,0.8,0.83,0.8,0.74,0.59,0.76,0.67,0.7,0.59,0.61,0.57,0.58,0.63,0.64,0.52,0.47,0.5,0.63,0.58,0.6,0.5,0.52,0.47,0.48,0.26,0.5,0.44,0.44,0.4,0.31,0.27,0.24,0.36
2026-10-02T08:00:00Z,0.31,0.2,0.52,0.24,0.67,0.07,0.75,0.85,0.78,0.81,0.83,0.68,0.78,0.7,0.62,0.85,0.77,0.73,0.83,0.83,0.87,0.88,0.88,0.85,0.8,0.89,0.88,0.82,0.73,0.8,0.77,0.74,0.76,0.72,0.63,0.75,0.75,0.67,0.73,0.73,0.71,0.61,0.71,0.6,0.63,0.61,0.66,0.48,0.48,0.49,0.56,0.57,0.49,0.5,0.27,0.41,0.38,0.28,0.21,0.15,0.36,0.49,0.41,0.38
2026-10-02T09:00:00Z,0.08,0.08,0.32,0.19,0.21,0.18,0.56,0.85,0.79,0.71,0.79,0.58,0.7,0.56,0.7,0.8,0.81,0.77,0.81,0.86,0.85,0.87,0.84,0.86,0.86,0.92,0.91,0.87,0.86,0.8,0.79,0.77,0.75,0.8,0.83,0.74,0.72,0.67,0.56,0.69,0.59,0.57,0.6,0.72,0.51,0.58,0.53,0.54,0.52,0.43,0.55,0.51,0.4,0.4,0.53,0.35,0.32,0.28,0.23,0.4,0.32,0.49,0.49,0.33
2026-10-02T10:00:00Z,0.14,0.24,0.25,0.44,0.22,0.6,0.75,0.53,0.8,0.73,0.69,0.84,0.76,0.78,0.81,0.71,0.8,0.81,0.76,0.78,0.87,0.82,0.8,0.84,0.82,0.85,0.82,0.83,0.8,0.76,0.82,0.85,0.79,0.71,0.75,0.71,0.77,0.74,0.68,0.64,0.65,0.66,0.69,0.56,0.65,0.71,0.51,0.51,0.6,0.58,0.3,0.28,0.3,0.38,0.3,0.36,0.37,0.43,0.31,0.33,0.4,0.4,0.46,0.31
2026-10-02T11:00:00Z,0.34,0.41,0.32,0.23,0.46,0.18,0.38,0.72,0.9,0.81,0.8,0.61,0.68,0.69,0.89,0.87,0.79,0.82,0.76,0.83,0.83,0.76,0.84,0.84,0.86,0.87,0.89,0.89,0.9,0.81,0.8,0.83,0.79,0.85,0.78,0.82,0.81,0.71,0.73,0.79,0.75,0.74,0.64,0.66,0.7,0.73,0.6,0.42,0.48,0.56,0.6,0.46,0.42,0.37,0.3,0.18,0.27,0.39,0.56,0.46,0.48,0.45,0.43,0.42
2026-10-02T12:00:00Z,0.11,0.43,0.12,0.07,0.03,0.4,0.71,0.68,0.8,0.84,0.83,0.78,0.66,0.87,0.66,0.75,0.77,0.84,0.85,0.77,0.82,0.85,0.83,0.86,0.85,0.86,0.89,0.88,0.89,0.86,0.87,0.85,0.87,0.86,0.87,0.73,0.77,0.82,0.72,0.69,0.68,0.63,0.71,0.72,0.74,0.58,0.55,0.64,0.58,0.45,0.52,0.5,0.41,0.47,0.44,0.36,0.34,0.36,0.29,0.32,0.46,0.37,0.38,0.23
2026-10-02T13:00:00Z,0.16,0.05,0.12,0.28,0.29,0.17,0.53,0.75,0.77,0.65,0.77,0.77,0.73,0.7,0.78,0.86,0.77,0.74,0.8,0.84,0.85,0.89,0.9,0.92,0.9,0.88,0.87,0.85,0.83,0.85,0.87,0.85,0.79,0.78,0.87,0.84,0.84,0.85,0.77,0.73,0.74,0.67,0.67,0.74,0.73,0.69,0.75,0.68,0.52,0.52,0.56,0.6,0.59,0.51,0.33,0.35,0.2,0.44,0.31,0.3,0.25,0.42,0.3,0.35
2026-10-02T14:00:00Z,0.34,0.17,0.11,0.58,0.29,0.15,0.81,0.76,0.67,0.68,0.76,0.74,0.72,0.75,0.76,0.61,0.72,0.84,0.86,0.85,0.87,0.86,0.83,0.88,0.9,0.86,0.9,0.9,0.86,0.82,0.88,0.84,0.83,0.76,0.79,0.76,0.84,0.78,0.75,0.75,0.71,0.77,0.77,0.56,0.6,0.71,0.72,0.67,0.56,0.54,0.53,0.59,0.56,0.51,0.49,0.41,0.3,0.41,0.29,0.41,0.42,0.41,0.47,0.46
2026-10-02T15:00:00Z,0.11,0.2,0.13,0.43,0.06,0.27,0.52,0.86,0.77,0.77,0.72,0.5,0.65,0.72,0.69,0.7,0.82,0.75,0.82,0.77,0.88,0.89,0.9,0.85,0.88,0.91,0.92,0.83,0.86,0.84,0.9,0.82,0.82,0.78,0.78,0.79,0.76,0.69,0.64,0.66,0.64,0.61,0.62,0.58,0.59,0.72,0.55,0.44,0.46,0.48,0.4,0.41,0.28,0.32,0.32,0.5,0.41,0.48,0.52,0.56,0.41,0.47,0.4,0.6
2026-10-02T16:00:00Z,0.12,0.48,0.27,0.41,0.18,0.43,0.46,0.84,0.74,0.8,0.62,0.65,0.81,0.56,0.8,0.73,0.71,0.69,0.75,0.82,0.89,0.9,0.79,0.89,0.9,0.91,0.89,0.9,0.84,0.82,0.8,0.84,0.86,0.68,0.71,0.76,0.74,0.62,0.65,0.61,0.51,0.65,0.53,0.5,0.5,0.55,0.57,0.46,0.35,0.37,0.45,0.25,0.41,0.54,0.4,0.32,0.31,0.29,0.4,0.51,0.55,0.5,0.61,0.4
2026-10-02T17:00:00Z,0.23,0.25,0.25,0.09,0.37,0.53,0.69,0.84,0.9,0.75,0.81,0.76,0.59,0.64,0.64,0.56,0.77,0.72,0.82,0.83,0.89,0.85,0.87,0.85,0.9,0.9,0.9,0.9,0.8,0.83,0.88,0.81,0.86,0.89,0.8,0.73,0.71,0.78,0.78,0.68,0.67,0.78,0.59,0.65,0.62,0.67,0.59,0.58,0.57,0.59,0.45,0.62,0.6,0.48,0.54,0.54,0.63,0.51,0.53,0.67,0.67,0.61,0.63,0.5
2026-10-02T18:00:00Z,0.14,0.08,0.16,0.22,0.52,0.31,0.54,0.75,0.86,0.67,0.74,0.62,0.44,0.6,0.59,0.63,0.72,0.63,0.71,0.8,0.91,0.86,0.89,0.88,0.85,0.91,0.87,0.86,0.88,0.93,0.92,0.87,0.88,0.87,0.8,0.8,0.82,0.85,0.76,0.74,0.75,0.58,0.61,0.72,0.75,0.78,0.73,0.65,0.64,0.54,0.61,0.41,0.49,0.62,0.48,0.61,0.65,0.67,0.61,0.64,0.71,0.68,0.6,0.62
2026-10-02T19:00:00Z,0.14,0.38,0.13,0.15,0.19,0.48,0.57,0.8,0.78,0.8,0.74,0.74,0.68,0.65,0.74,0.74,0.61,0.63,0.73,0.62,0.8,0.85,0.84,0.85,0.89,0.84,0.91,0.9,0.8,0.88,0.9,0.85,0.84,0.85,0.82,0.72,0.67,0.71,0.78,0.77,0.68,0.74,0.73,0.66,0.6,0.6,0.61,0.61,0.71,0.72,0.58,0.66,0.59,0.74,0.65,0.71,0.66,0.59,0.61,0.67,0.72,0.67,0.69,0.69
2026-10-02T20:00:00Z,0.53,0.44,0.12,0.2,0.37,0.57,0.73,0.82,0.7,0.76,0.75,0.56,0.63,0.59,0.77,0.74,0.71,0.73,0.63,0.74,0.76,0.85,0.88,0.82,0.83,0.89,0.85,0.84,0.83,0.84,0.75,0.85,0.86,0.84,0.86,0.69,0.71,0.79,0.84,0.83,0.83,0.78,0.73,0.84,0.78,0.74,0.71,0.74,0.66,0.65,0.6,0.61,0.69,0.69,0.59,0.64,0.72,0.64,0.53,0.62,0.58,0.62,0.65,0.67
2026-10-02T21:00:00Z,0.11,0.19,0.04,0.25,0.33,0.57,0.71,0.75,0.83,0.73,0.75,0.79,0.73,0.52,0.79,0.46,0.71,0.58,0.69,0.69,0.8,0.8,0.77,0.88,0.9,0.84,0.8,0.86,0.87,0.86,0.78,0.84,0.87,0.85,0.78,0.85,0.8,0.82,0.86,0.84,0.88,0.77,0.82,0.81,0.79,0.69,0.77,0.62,0.76,0.77,0.7,0.67,0.58,0.64,0.62,0.68,0.59,0.64,0.61,0.5,0.58,0.68,0.67,0.54
2026-10-02T22:00:00Z,0.34,0.35,0.3,0.3,0.57,0.46,0.82,0.81,0.86,0.84,0.81,0.78,0.76,0.47,0.52,0.66,0.8,0.76,0.71,0.79,0.82,0.84,0.86,0.9,0.91,0.91,0.88,0.82,0.8,0.85,0.86,0.86,0.89,0.84,0.85,0.86,0.86,0.82,0.81,0.75,0.77,0.74,0.69,0.74,0.73,0.75,0.77,0.61,0.68,0.64,0.64,0.65,0.66,0.62,0.61,0.7,0.54,0.28,0.42,0.56,0.51,0.61,0.47,0.65
2026-10-02T23:00:00Z,0.1,0.05,0.13,0.09,0.04,0.39,0.69,0.85,0.79,0.79,0.76,0.81,0.72,0.79,0.77,0.69,0.7,0.77,0.8,0.82,0.78,0.84,0.85,0.76,0.8,0.9,0.87,0.87,0.82,0.86,0.86,0.89,0.88,0.83,0.83,0.82,0.81,0.82,0.83,0.73,0.79,0.66,0.74,0.73,0.7,0.76,0.67,0.73,0.66,0.6,0.63,0.62,0.57,0.55,0.35,0.57,0.57,0.52,0.4,0.56,0.58,0.55,0.6,0.49
2026-10-03T00:00:00Z,0.36,0.26,0.15,0.05,0.39,0.63,0.82,0.84,0.8,0.78,0.83,0.61,0.64,0.64,0.58,0.56,0.78,0.73,0.79,0.74,0.83,0.84,0.83,0.88,0.88,0.86,0.86,0.87,0.88,0.89,0.86,0.88,0.82,0.83,0.84,0.84,0.81,0.79,0.82,0.79,0.77,0.77,0.74,0.79,0.68,0.69,0.66,0.72,0.67,0.64,0.6,0.68,0.57,0.4,0.4,0.34,0.52,0.48,0.3,0.56,0.5,0.55,0.52,0.48
2026-10-03T01:00:00Z,0.1,0.07,0.34,0.52,0.2,0.62,0.76,0.89,0.83,0.71,0.83,0.69,0.62,0.61,0.8,0.62,0.68,0.77,0.83,0.82,0.89,0.85,0.86,0.89,0.89,0.84,0.86,0.84,0.89,0.87,0.89,0.84,0.82,0.85,0.86,0.77,0.8,0.86,0.78,0.79,0.76,0.68,0.65,0.71,0.61,0.62,0.53,0.49,0.65,0.54,0.53,0.53,0.37,0.5,0.52,0.49,0.57,0.25,0.34,0.32,0.27,0.38,0.34,0.51
2026-10-03T02:00:00Z,0.37,0.19,0.14,0.23,0.32,0.3,0.82,0.86,0.86,0.81,0.84,0.8,0.65,0.73,0.72,0.71,0.79,0.86,0.85,0.88,0.9,0.91,0.91,0.85,0.86,0.91,0.8,0.88,0.87,0.92,0.86,0.9,0.86,0.84,0.83,0.83,0.82,0.69,0.67,0.66,0.66,0.73,0.73,0.57,0.73,0.52,0.53,0.41,0.56,0.54,0.54,0.5,0.53,0.6,0.53,0.52,0.45,0.32,0.36,0.23,0.38,0.18,0.26,0.18
2026-10-03T03:00:00Z,0.17,0.19,0.21,0.28,0.11,0.27,0.51,0.69,0.82,0.79,0.8,0.84,0.7,0.75,0.78,0.64,0.76,0.89,0.88,0.89,0.88,0.9,0.85,0.92,0.93,0.91,0.91,0.92,0.91,0.91,0.9,0.91,0.85,0.73,0.8,0.8,0.81,0.69,0.67,0.71,0.8,0.77,0.74,0.6,0.62,0.52,0.64,0.58,0.54,0.58,0.61,0.47,0.46,0.48,0.34,0.44,0.48,0.49,0.27,0.25,0.25,0.39,0.35,0.23
2026-10-03T04:00:00Z,0.28,0.13,0.31,0.38,0.22,0.25,0.87,0.55,0.83,0.86,0.78,0.75,0.76,0.72,0.8,0.79,0.8,0.81,0.84,0.87,0.86,0.89,0.93,0.92,0.89,0.9,0.91,0.93,0.94,0.88,0.86,0.86,0.8,0.77,0.7,0.83,0.73,0.76,0.74,0.83,0.65,0.57,0.53,0.59,0.7,0.66,0.4,0.53,0.57,0.44,0.48,0.55,0.41,0.51,0.5,0.41,0.42,0.23,0.33,0.41,0.32,0.14,0.32,0.33
2026-10-03T05:00:00Z,0.13,0.29,0.08,0.04,0.35,0.3,0.49,0.88,0.8,0.69,0.76,0.79,0.7,0.79,0.78,0.83,0.74,0.79,0.85,0.87,0.86,0.92,0.91,0.93,0.92,0.93,0.91,0.93,0.91,0.9,0.86,0.82,0.82,0.83,0.71,0.69,0.77,0.81,0.8,0.78,0.69,0.68,0.62,0.59,0.64,0.65,0.59,0.49,0.55,0.29,0.41,0.44,0.47,0.49,0.5,0.57,0.27,0.41,0.56,0.33,0.23,0.21,0.35,0.47
2026-10-03T06:00:00Z,0.4,0.15,0.09,0.23,0.32,0.73,0.88,0.81,0.92,0.82,0.84,0.83,0.79,0.8,0.75,0.77,0.86,0.83,0.83,0.88,0.85,0.86,0.87,0.88,0.91,0.91,0.94,0.89,0.89,0.88,0.81,0.82,0.72,0.75,0.78,0.78,0.68,0.69,0.7,0.66,0.69,0.58,0.74,0.56,0.49,0.52,0.54,0.59,0.42,0.44,0.51,0.41,0.49,0.55,0.27,0.25,0.39,0.29,0.15,0.2,0.32,0.26,0.27,0.34
2026-10-03T07:00:00Z,0.29,0.2,0.05,0.35,0.58,0.71,0.61,0.83,0.87,0.89,0.73,0.72,0.68,0.56,0.73,0.56,0.72,0.82,0.79,0.84,0.87,0.84,0.85,0.83,0.9,0.93,0.92,0.88,0.8,0.75,0.8,0.78,0.77,0.7,0.76,0.69,0.68,0.67,0.73,0.65,0.67,0.62,0.53,0.57,0.5,0.51,0.56,0.61,0.63,0.57,0.7,0.67,0.52,0.48,0.45,0.33,0.44,0.41,0.27,0.25,0.14,0.17,0.29,0.27
2026-10-03T08:00:00Z,0.2,0.14,0.41,0.14,0.29,0.19,0.66,0.76,0.86,0.85,0.86,0.85,0.85,0.78,0.78,0.84,0.82,0.8,0.84,0.9,0.85,0.87,0.84,0.88,0.88,0.94,0.91,0.89,0.86,0.8,0.82,0.78,0.77,0.74,0.72,0.74,0.67,0.7,0.65,0.7,0.61,0.53,0.43,0.48,0.57,0.65,0.64,0.51,0.52,0.46,0.65,0.58,0.52,0.56,0.44,0.4,0.31,0.23,0.34,0.31,0.3,0.4,0.48,0.37
2026-10-03T09:00:00Z,0.23,0.17,0.43,0.23,0.18,0.49,0.53,0.78,0.9,0.9,0.84,0.88,0.88,0.71,0.6,0.67,0.81,0.83,0.84,0.89,0.94,0.89,0.87,0.92,0.9,0.92,0.89,0.89,0.86,0.85,0.81,0.83,0.73,0.79,0.74,0.71,0.67,0.75,0.77,0.74,0.73,0.59,0.57,0.6,0.59,0.55,0.45,0.64,0.52,0.52,0.51,0.4,0.43,0.62,0.49,0.45,0.42,0.17,0.11,0.23,0.27,0.2,0.07,0.14
2026-10-03T10:00:00Z,0.12,0.21,0.23,0.1,0.1,0.19,0.66,0.88,0.75,0.81,0.87,0.86,0.82,0.77,0.78,0.82,0.85,0.88,0.88,0.89,0.86,0.91,0.91,0.87,0.9,0.88,0.87,0.83,0.88,0.79,0.77,0.73,0.71,0.71,0.72,0.77,0.74,0.64,0.69,0.69,0.64,0.61,0.54,0.63,0.58,0.47,0.53,0.41,0.53,0.67,0.57,0.46,0.65,0.47,0.48,0.45,0.48,0.43,0.17,0.3,0.26,0.14,0.25,0.27
2026-10-03T11:00:00Z,0.35,0.23,0.37,0.24,0.28,0.35,0.47,0.71,0.88,0.71,0.8,0.78,0.77,0.71,0.83,0.67,0.86,0.88,0.86,0.89,0.91,0.93,0.92,0.92,0.94,0.88,0.91,0.91,0.86,0.85,0.82,0.84,0.78,0.81,0.79,0.74,0.69,0.73,0.79,0.67,0.5,0.6,0.61,0.44,0.67,0.42,0.58,0.63,0.76,0.59,0.44,0.61,0.57,0.43,0.33,0.34,0.37,0.28,0.42,0.54,0.19,0.48,0.32,0.3
2026-10-03T12:00:00Z,0.18,0.14,0.24,0.08,0.21,0.17,0.58,0.73,0.77,0.83,0.69,0.68,0.72,0.67,0.84,0.76,0.76,0.82,0.83,0.9,0.86,0.91,0.88,0.89,0.93,0.9,0.89,0.9,0.89,0.86,0.86,0.82,0.81,0.79,0.84,0.68,0.7,0.73,0.72,0.76,0.71,0.66,0.68,0.67,0.68,0.66,0.7,0.62,0.55,0.59,0.53,0.57,0.54,0.3,0.41,0.45,0.3,0.29,0.38,0.5,0.44,0.59,0.38,0.53
2026-10-03T13:00:00Z,0.4,0.22,0.01,0.12,0.28,0.03,0.32,0.73,0.7,0.83,0.77,0.71,0.79,0.7,0.63,0.63,0.81,0.82,0.86,0.9,0.91,0.94,0.9,0.92,0.9,0.9,0.89,0.86,0.77,0.77,0.78,0.84,0.86,0.75,0.79,0.7,0.66,0.67,0.67,0.76,0.66,0.67,0.64,0.62,0.53,0.49,0.59,0.52,0.47,0.41,0.31,0.49,0.36,0.27,0.32,0.33,0.29,0.3,0.29,0.59,0.36,0.5,0.45,0.49
2026-10-03T14:00:00Z,0.07,0.26,0.12,0.05,0.49,0.37,0.67,0.79,0.82,0.86,0.86,0.8,0.66,0.7,0.77,0.57,0.81,0.89,0.91,0.85,0.88,0.93,0.96,0.94,0.93,0.89,0.87,0.89,0.85,0.85,0.86,0.8,0.73,0.77,0.72,0.78,0.67,0.73,0.56,0.5,0.67,0.72,0.68,0.6,0.6,0.53,0.5,0.53,0.32,0.31,0.47,0.46,0.22,0.3,0.07,0.14,0.14,0.19,0.3,0.28,0.22,0.16,0.37,0.28
2026-10-03T15:00:00Z,0.3,0.13,0.12,0.12,0.17,0.46,0.56,0.83,0.79,0.62,0.89,0.71,0.62,0.77,0.77,0.62,0.75,0.86,0.77,0.89,0.9,0.92,0.94,0.93,0.93,0.89,0.88,0.88,0.85,0.8,0.75,0.78,0.78,0.77,0.75,0.78,0.83,0.64,0.62,0.61,0.7,0.65,0.66,0.47,0.61,0.56,0.44,0.37,0.43,0.4,0.46,0.32,0.21,0.29,0.28,0.29,0.25,0.21,0.38,0.33,0.39,0.32,0.4,0.36
2026-10-03T16:00:00Z,0.54,0.62,0.22,0.35,0.25,0.76,0.65,0.83,0.87,0.83,0.58,0.7,0.85,0.63,0.39,0.8,0.74,0.86,0.8,0.83,0.9,0.9,0.92,0.91,0.85,0.85,0.85,0.87,0.81,0.81,0.82,0.82,0.78,0.79,0.77,0.68,0.64,0.68,0.63,0.69,0.64,0.54,0.33,0.61,0.61,0.51,0.42,0.55,0.52,0.49,0.35,0.41,0.46,0.28,0.16,0.07,0.27,0.29,0.14,0.17,0.19,0.24,0.35,0.49
2026-10-03T17:00:00Z,0.3,0.04,0.1,0.44,0.43,0.34,0.73,0.91,0.93,0.79,0.85,0.79,0.72,0.71,0.61,0.71,0.71,0.71,0.8,0.81,0.88,0.94,0.94,0.92,0.93,0.87,0.89,0.85,0.81,0.78,0.77,0.8,0.69,0.71,0.64,0.74,0.75,0.64,0.68,0.65,0.76,0.67,0.56,0.62,0.64,0.53,0.35,0.42,0.17,0.48,0.53,0.41,0.41,0.34,0.61,0.59,0.49,0.41,0.39,0.18,0.27,0.58,0.5,0.39
2026-10-03T18:00:00Z,0.7,0.53,0.53,0.26,0.62,0.69,0.79,0.85,0.85,0.84,0.68,0.7,0.68,0.67,0.68,0.66,0.68,0.78,0.82,0.85,0.89,0.93,0.93,0.91,0.91,0.88,0.81,0.86,0.84,0.81,0.78,0.73,0.76,0.67,0.63,0.77,0.73,0.66,0.66,0.58,0.61,0.65,0.59,0.52,0.46,0.4,0.46,0.47,0.4,0.44,0.39,0.36,0.61,0.39,0.23,0.18,0.36,0.38,0.33,0.4,0.29,0.3,0.19,0.31
2026-10-03T19:00:00Z,0.56,0.55,0.19,0.24,0.54,0.77,0.79,0.82,0.85,0.8,0.8,0.74,0.67,0.8,0.69,0.69,0.78,0.74,0.86,0.9,0.89,0.9,0.91,0.9,0.89,0.93,0.9,0.88,0.9,0.76,0.73,0.8,0.75,0.74,0.65,0.59,0.68,0.61,0.53,0.72,0.6,0.54,0.58,0.61,0.52,0.35,0.29,0.15,0.31,0.48,0.12,0.31,0.29,0.27,0.17,0.18,0.32,0.27,0.11,0.09,0.1,0.22,0.42,0.3
2026-10-03T20:00:00Z,0.26,0.51,0.53,0.34,0.26,0.66,0.75,0.84,0.86,0.78,0.85,0.79,0.54,0.73,0.69,0.69,0.82,0.83,0.84,0.89,0.89,0.94,0.93,0.92,0.91,0.93,0.91,0.86,0.8,0.8,0.78,0.73,0.59,0.63,0.61,0.6,0.57,0.28,0.28,0.23,0.13,0.09,0.23,0.15,0.24,0.13,0.15,0.2,0.36,0.23,0.24,0.16,0.17,0.17,0.22,0.23,0.08,0.13,0.18,0.32,0.27,0.14,0.28,0.06
2026-10-03T21:00:00Z,0.54,0.18,0.26,0.29,0.44,0.42,0.68,0.78,0.82,0.84,0.7,0.77,0.66,0.74,0.75,0.65,0.7,0.86,0.86,0.86,0.74,0.91,0.92,0.92,0.92,0.9,0.89,0.86,0.85,0.82,0.82,0.71,0.58,0.64,0.5,0.45,0.4,0.31,0.22,0.15,0.04,0.15,0.2,0.3,0.08,0.31,0.17,0.28,0.32,0.13,0.24,0.29,0.24,0.15,0.3,0.3,0.3,0.18,0.32,0.37,0.09,0.16,0.15,0.32
2026-10-03T22:00:00Z,0.19,0.08,0.26,0.26,0.67,0.33,0.73,0.84,0.9,0.7,0.82,0.78,0.66,0.69,0.61,0.73,0.76,0.82,0.8,0.84,0.89,0.86,0.92,0.94,0.83,0.87,0.81,0.81,0.83,0.8,0.68,0.66,0.72,0.64,0.52,0.33,0.15,0.35,0.22,0.25,0.14,0.19,0.27,0.3,0.31,0.2,0.3,0.38,0.14,0.15,0.21,0.3,0.29,0.37,0.44,0.4,0.34,0.36,0.28,0.25,0.29,0.17,0.26,0.1
2026-10-03T23:00:00Z,0.22,0.2,0.29,0.11,0.44,0.62,0.74,0.82,0.86,0.82,0.65,0.83,0.81,0.73,0.66,0.79,0.73,0.73,0.86,0.84,0.89,0.85,0.9,0.93,0.92,0.88,0.9,0.87,0.85,0.79,0.79,0.67,0.73,0.73,0.66,0.6,0.57,0.38,0.27,0.05,0.21,0.33,0.48,0.24,0.12,0.14,0.38,0.23,0.19,0.33,0.27,0.22,0.15,0.12,0.38,0.28,0.35,0.33,0.29,0.18,0.3,0.18,0.12,0.17
2026-10-04T00:00:00Z,0.37,0.27,0.54,0.33,0.35,0.52,0.85,0.79,0.89,0.9,0.89,0.89,0.83,0.69,0.81,0.77,0.79,0.84,0.87,0.87,0.88,0.87,0.87,0.89,0.9,0.87,0.86,0.88,0.88,0.89,0.7,0.71,0.68,0.76,0.56,0.57,0.43,0.44,0.23,0.06,0.02,0.06,0.11,0.3,0.09,0.34,0.45,0.23,0.21,0.38,0.25,0.45,0.41,0.44,0.43,0.41,0.16,0.25,0.3,0.25,0.34,0.29,0.11,0.06
2026-10-04T01:00:00Z,0.38,0.23,0.18,0.2,0.2,0.28,0.73,0.86,0.88,0.89,0.73,0.84,0.87,0.81,0.76,0.8,0.78,0.8,0.84,0.87,0.89,0.91,0.91,0.88,0.84,0.86,0.85,0.83,0.78,0.75,0.69,0.74,0.69,0.73,0.74,0.56,0.54,0.53,0.55,0.51,0.42,0.39,0.34,0.19,0.09,0.11,0.07,0.1,0.15,0.2,0.09,0.13,0.34,0.14,0.27,0.37,0.19,0.23,0.13,0.18,0.06,0.11,0.12,0.03
2026-10-04T02:00:00Z,0.04,0.21,0.25,0.34,0.1,0.52,0.81,0.73,0.82,0.77,0.86,0.75,0.77,0.59,0.64,0.68,0.69,0.72,0.83,0.86,0.9,0.8,0.82,0.87,0.84,0.78,0.85,0.83,0.79,0.83,0.76,0.73,0.65,0.67,0.64,0.63,0.6,0.6,0.55,0.54,0.6,0.43,0.47,0.17,0.35,0.15,0.03,0.33,0.2,0.01,0.19,0.27,0.33,0.31,0.46,0.33,0.34,0.34,0.29,0.21,0.25,0.4,0.26,0.24
2026-10-04T03:00:00Z,0.25,0.26,0.21,0.13,0.49,0.18,0.55,0.9,0.78,0.85,0.67,0.79,0.82,0.77,0.57,0.83,0.7,0.81,0.82,0.9,0.9,0.87,0.9,0.81,0.92,0.89,0.85,0.74,0.8,0.68,0.68,0.49,0.59,0.61,0.62,0.61,0.66,0.7,0.39,0.5,0.52,0.5,0.27,0.3,0.38,0.29,0.3,0.39,0.43,0.21,0.41,0.39,0.54,0.4,0.48,0.43,0.41,0.35,0.28,0.25,0.26,0.12,0.34,0.28
2026-10-04T04:00:00Z,0.36,0.3,0.06,0.36,0.61,0.57,0.78,0.88,0.93,0.91,0.76,0.77,0.83,0.72,0.66,0.88,0.7,0.86,0.88,0.88,0.86,0.93,0.89,0.9,0.89,0.87,0.89,0.8,0.77,0.74,0.77,0.74,0.68,0.68,0.69,0.67,0.56,0.65,0.62,0.34,0.36,0.28,0.37,0.29,0.3,0.06,0.22,0.28,0.26,0.12,0.24,0.41,0.43,0.43,0.47,0.25,0.45,0.33,0.35,0.32,0.31,0.14,0.39,0.1
2026-10-04T05:00:00Z,0.18,0.3,0.47,0.15,0.26,0.68,0.87,0.87,0.91,0.81,0.72,0.76,0.77,0.68,0.76,0.78,0.72,0.76,0.9,0.91,0.92,0.93,0.9,0.93,0.89,0.88,0.81,0.81,0.81,0.84,0.79,0.76,0.73,0.66,0.71,0.64,0.69,0.52,0.6,0.37,0.48,0.44,0.45,0.43,0.48,0.41,0.42,0.49,0.5,0.46,0.47,0.29,0.5,0.47,0.4,0.38,0.46,0.33,0.28,0.39,0.29,0.28,0.47,0.31
2026-10-04T06:00:00Z,0.3,0.21,0.14,0.31,0.55,0.62,0.76,0.85,0.89,0.75,0.89,0.8,0.68,0.57,0.84,0.58,0.81,0.82,0.9,0.83,0.88,0.89,0.86,0.89,0.91,0.91,0.84,0.84,0.88,0.77,0.71,0.68,0.79,0.75,0.81,0.67,0.55,0.6,0.49,0.51,0.47,0.26,0.28,0.59,0.56,0.42,0.46,0.35,0.29,0.32,0.42,0.31,0.28,0.4,0.45,0.52,0.71,0.3,0.58,0.55,0.5,0.32,0.38,0.48
2026-10-04T07:00:00Z,0.46,0.62,0.14,0.12,0.35,0.72,0.78,0.83,0.86,0.81,0.76,0.7,0.78,0.66,0.7,0.74,0.59,0.83,0.9,0.94,0.9,0.91,0.92,0.94,0.92,0.89,0.88,0.87,0.82,0.83,0.87,0.81,0.8,0.77,0.81,0.75,0.73,0.68,0.65,0.64,0.65,0.73,0.72,0.43,0.42,0.57,0.72,0.55,0.65,0.63,0.46,0.67,0.65,0.75,0.64,0.6,0.61,0.55,0.6,0.54,0.48,0.45,0.43,0.29
2026-10-04T08:00:00Z,0.56,0.33,0.61,0.45,0.59,0.75,0.86,0.85,0.8,0.92,0.79,0.72,0.77,0.67,0.64,0.65,0.65,0.81,0.88,0.9,0.92,0.9,0.94,0.87,0.89,0.93,0.9,0.82,0.79,0.76,0.8,0.85,0.8,0.77,0.76,0.71,0.58,0.59,0.54,0.74,0.76,0.78,0.7,0.63,0.63,0.63,0.63,0.61,0.69,0.66,0.58,0.52,0.44,0.53,0.41,0.33,0.48,0.54,0.51,0.49,0.41,0.42,0.4,0.43
2026-10-04T09:00:00Z,0.56,0.48,0.56,0.14,0.36,0.75,0.83,0.87,0.72,0.82,0.79,0.8,0.89,0.74,0.83,0.61,0.83,0.83,0.91,0.89,0.9,0.87,0.92,0.94,0.9,0.81,0.87,0.89,0.85,0.84,0.85,0.87,0.75,0.72,0.84,0.81,0.72,0.76,0.67,0.76,0.76,0.77,0.76,0.76,0.64,0.64,0.65,0.62,0.65,0.59,0.56,0.64,0.58,0.61,0.47,0.39,0.47,0.36,0.3,0.38,0.32,0.28,0.34,0.17
2026-10-04T10:00:00Z,0.57,0.13,0.36,0.41,0.63,0.5,0.83,0.86,0.9,0.76,0.8,0.71,0.82,0.82,0.72,0.73,0.74,0.82,0.84,0.92,0.89,0.93,0.92,0.85,0.8,0.89,0.89,0.92,0.9,0.82,0.76,0.8,0.77,0.84,0.8,0.85,0.85,0.83,0.85,0.85,0.73,0.73,0.74,0.68,0.79,0.73,0.6,0.58,0.58,0.53,0.72,0.65,0.64,0.62,0.48,0.57,0.63,0.37,0.35,0.27,0.35,0.52,0.27,0.27
2026-10-04T11:00:00Z,0.7,0.49,0.63,0.47,0.18,0.57,0.9,0.88,0.74,0.88,0.85,0.68,0.81,0.63,0.58,0.66,0.76,0.8,0.82,0.87,0.91,0.9,0.9,0.94,0.89,0.85,0.82,0.87,0.84,0.82,0.73,0.82,0.82,0.87,0.85,0.76,0.83,0.81,0.75,0.8,0.85,0.83,0.76,0.71,0.68,0.68,0.66,0.72,0.68,0.63,0.6,0.49,0.53,0.58,0.68,0.61,0.4,0.37,0.18,0.02,0.34,0.43,0.41,0.21
2026-10-04T12:00:00Z,0.65,0.54,0.19,0.19,0.37,0.6,0.8,0.84,0.9,0.78,0.89,0.72,0.81,0.56,0.81,0.63,0.71,0.79,0.89,0.86,0.81,0.9,0.88,0.9,0.9,0.89,0.89,0.76,0.91,0.86,0.91,0.9,0.91,0.84,0.86,0.87,0.86,0.87,0.88,0.78,0.74,0.7,0.72,0.73,0.77,0.72,0.79,0.75,0.64,0.65,0.62,0.58,0.74,0.57,0.48,0.53,0.52,0.44,0.28,0.51,0.45,0.38,0.23,0.5
2026-10-04T13:00:00Z,0.54,0.24,0.18,0.14,0.34,0.62,0.84,0.87,0.8,0.8,0.82,0.82,0.79,0.68,0.77,0.79,0.63,0.69,0.88,0.86,0.87,0.92,0.91,0.92,0.92,0.81,0.87,0.76,0.89,0.89,0.92,0.89,0.83,0.84,0.85,0.83,0.81,0.84,0.82,0.76,0.83,0.79,0.8,0.81,0.75,0.77,0.65,0.75,0.61,0.5,0.54,0.53,0.53,0.35,0.5,0.59,0.37,0.34,0.38,0.41,0.2,0.37,0.37,0.31
2026-10-04T14:00:00Z,0.66,0.21,0.15,0.06,0.42,0.33,0.74,0.88,0.8,0.86,0.81,0.68,0.81,0.58,0.82,0.79,0.63,0.58,0.77,0.8,0.8,0.85,0.91,0.92,0.9,0.9,0.88,0.89,0.82,0.87,0.88,0.78,0.79,0.86,0.85,0.82,0.78,0.75,0.85,0.69,0.72,0.76,0.76,0.79,0.67,0.73,0.67,0.59,0.67,0.51,0.67,0.58,0.51,0.24,0.37,0.29,0.35,0.3,0.38,0.3,0.23,0.11,0.04,0.08
2026-10-04T15:00:00Z,0.07,0.23,0.15,0.36,0.39,0.63,0.78,0.75,0.87,0.87,0.71,0.86,0.71,0.81,0.84,0.46,0.76,0.7,0.69,0.75,0.81,0.8,0.85,0.83,0.91,0.78,0.81,0.76,0.75,0.69,0.79,0.77,0.68,0.73,0.84,0.69,0.62,0.65,0.62,0.62,0.48,0.67,0.66,0.56,0.53,0.53,0.63,0.63,0.37,0.69,0.54,0.38,0.22,0.18,0.11,0.09,0.03,0.06,0.15,0.18,0.05,0.31,0.3,0.16
2026-10-04T16:00:00Z,0.42,0.53,0.45,0.22,0.55,0.5,0.76,0.87,0.87,0.88,0.84,0.69,0.78,0.74,0.85,0.66,0.68,0.77,0.8,0.77,0.81,0.8,0.85,0.91,0.9,0.86,0.87,0.85,0.79,0.77,0.74,0.67,0.75,0.72,0.74,0.67,0.64,0.53,0.6,0.75,0.49,0.56,0.5,0.54,0.46,0.57,0.53,0.3,0.36,0.2,0.19,0.18,0.27,0.27,0.21,0.11,0.18,0.03,0.05,0.15,0.25,0.16,0.11,0.22
2026-10-04T17:00:00Z,0.49,0.26,0.16,0.28,0.58,0.46,0.82,0.88,0.89,0.83,0.83,0.84,0.71,0.82,0.63,0.66,0.56,0.72,0.79,0.8,0.76,0.89,0.86,0.81,0.88,0.88,0.89,0.9,0.87,0.86,0.7,0.54,0.65,0.79,0.78,0.7,0.73,0.66,0.71,0.71,0.63,0.62,0.47,0.45,0.28,0.42,0.29,0.37,0.33,0.1,0.09,0.03,0.19,0.06,0.23,0.42,0.19,0.38,0.29,0.46,0.37,0.29,0.31,0.4
2026-10-04T18:00:00Z,0.4,0.28,0.21,0.4,0.27,0.58,0.73,0.83,0.84,0.86,0.92,0.76,0.73,0.66,0.69,0.83,0.7,0.68,0.77,0.79,0.73,0.86,0.84,0.88,0.88,0.88,0.84,0.85,0.8,0.77,0.78,0.73,0.72,0.65,0.7,0.67,0.71,0.75,0.65,0.64,0.76,0.62,0.47,0.53,0.53,0.4,0.37,0.46,0.25,0.22,0.16,0.33,0.06,0.12,0.2,0.14,0.13,0.05,0.05,0.14,0.12,0.14,0.28,0.17
2026-10-04T19:00:00Z,0.32,0.32,0.21,0.3,0.17,0.51,0.82,0.89,0.88,0.82,0.9,0.84,0.69,0.71,0.6,0.54,0.68,0.69,0.69,0.79,0.74,0.8,0.84,0.9,0.85,0.81,0.84,0.87,0.88,0.79,0.83,0.72,0.63,0.64,0.66,0.55,0.47,0.5,0.39,0.43,0.57,0.41,0.5,0.47,0.44,0.49,0.46,0.58,0.41,0.49,0.35,0.23,0.2,0.25,0.19,0.21,0.17,0.21,0.34,0.19,0.08,0.18,0.21,0.09
2026-10-04T20:00:00Z,0.32,0.16,0.33,0.26,0.67,0.45,0.75,0.87,0.87,0.86,0.88,0.84,0.8,0.77,0.59,0.48,0.73,0.81,0.77,0.68,0.77,0.86,0.83,0.85,0.9,0.87,0.88,0.86,0.78,0.8,0.81,0.72,0.38,0.32,0.56,0.46,0.37,0.38,0.48,0.4,0.59,0.61,0.54,0.39,0.53,0.32,0.33,0.32,0.48,0.53,0.33,0.4,0.37,0.24,0.3,0.22,0.3,0.26,0.11,0.16,0.16,0.11,0.1,0.08
2026-10-04T21:00:00Z,0.69,0.58,0.58,0.18,0.35,0.47,0.79,0.89,0.88,0.82,0.83,0.87,0.82,0.67,0.78,0.61,0.73,0.73,0.71,0.74,0.84,0.87,0.9,0.88,0.89,0.91,0.87,0.89,0.89,0.82,0.68,0.73,0.83,0.76,0.73,0.6,0.58,0.51,0.61,0.66,0.66,0.61,0.37,0.45,0.45,0.6,0.49,0.54,0.6,0.56,0.62,0.51,0.59,0.36,0.48,0.35,0.56,0.31,0.38,0.45,0.5,0.42,0.13,0.21
2026-10-04T22:00:00Z,0.14,0.19,0.11,0.34,0.41,0.34,0.47,0.82,0.82,0.82,0.81,0.75,0.79,0.79,0.6,0.69,0.62,0.66,0.78,0.69,0.73,0.81,0.85,0.9,0.88,0.88,0.83,0.82,0.84,0.87,0.83,0.79,0.81,0.71,0.72,0.68,0.67,0.67,0.54,0.64,0.53,0.46,0.33,0.33,0.47,0.46,0.38,0.42,0.28,0.42,0.61,0.43,0.51,0.54,0.51,0.66,0.55,0.66,0.53,0.62,0.47,0.5,0.41,0.32
2026-10-04T23:00:00Z,0.4,0.29,0.03,0.09,0.46,0.5,0.72,0.67,0.85,0.7,0.76,0.77,0.76,0.83,0.5,0.75,0.7,0.68,0.76,0.83,0.78,0.82,0.84,0.83,0.89,0.87,0.82,0.86,0.82,0.8,0.78,0.65,0.63,0.57,0.63,0.5,0.48,0.62,0.53,0.58,0.5,0.49,0.48,0.49,0.66,0.46,0.31,0.47,0.29,0.38,0.48,0.53,0.56,0.48,0.56,0.42,0.55,0.4,0.46,0.54,0.39,0.28,0.3,0.32
2026-10-05T00:00:00Z,0.56,0.32,0.54,0.26,0.41,0.58,0.85,0.77,0.85,0.72,0.77,0.76,0.72,0.79,0.68,0.68,0.61,0.7,0.71,0.8,0.76,0.83,0.85,0.81,0.83,0.72,0.78,0.83,0.78,0.68,0.67,0.72,0.81,0.71,0.69,0.83,0.6,0.65,0.58,0.6,0.45,0.62,0.29,0.17,0.48,0.44,0.43,0.41,0.49,0.54,0.43,0.46,0.47,0.47,0.53,0.48,0.37,0.5,0.41,0.45,0.47,0.29,0.29,0.2
2026-10-05T01:00:00Z,0.48,0.37,0.36,0.49,0.36,0.47,0.82,0.82,0.77,0.78,0.81,0.7,0.67,0.67,0.69,0.71,0.74,0.79,0.85,0.77,0.73,0.79,0.84,0.83,0.85,0.85,0.83,0.8,0.77,0.71,0.71,0.6,0.46,0.72,0.71,0.41,0.57,0.76,0.56,0.56,0.54,0.57,0.66,0.57,0.48,0.62,0.46,0.28,0.37,0.4,0.49,0.48,0.42,0.48,0.56,0.46,0.51,0.42,0.33,0.32,0.33,0.27,0.37,0.34
2026-10-05T02:00:00Z,0.69,0.61,0.36,0.56,0.62,0.67,0.78,0.83,0.86,0.76,0.76,0.8,0.76,0.75,0.6,0.57,0.61,0.63,0.76,0.82,0.73,0.72,0.89,0.8,0.88,0.79,0.85,0.84,0.83,0.78,0.74,0.65,0.61,0.7,0.71,0.75,0.61,0.65,0.56,0.35,0.58,0.56,0.58,0.27,0.34,0.35,0.34,0.23,0.35,0.46,0.43,0.41,0.33,0.29,0.2,0.31,0.41,0.35,0.35,0.51,0.33,0.42,0.28,0.25
2026-10-05T03:00:00Z,0.72,0.55,0.61,0.42,0.67,0.49,0.71,0.93,0.79,0.78,0.81,0.76,0.77,0.72,0.66,0.41,0.67,0.76,0.76,0.85,0.79,0.8,0.87,0.8,0.85,0.78,0.8,0.81,0.82,0.77,0.67,0.6,0.51,0.61,0.58,0.66,0.64,0.54,0.54,0.59,0.52,0.31,0.43,0.18,0.31,0.35,0.29,0.29,0.18,0.18,0.14,0.24,0.42,0.38,0.3,0.13,0.2,0.22,0.25,0.35,0.17,0.22,0.29,0.08
2026-10-05T04:00:00Z,0.62,0.74,0.18,0.44,0.59,0.7,0.83,0.93,0.88,0.87,0.86,0.81,0.66,0.65,0.75,0.61,0.73,0.76,0.85,0.78,0.82,0.86,0.86,0.84,0.82,0.87,0.84,0.82,0.74,0.79,0.82,0.67,0.76,0.73,0.69,0.58,0.53,0.45,0.27,0.21,0.32,0.26,0.29,0.32,0.17,0.26,0.29,0.35,0.33,0.26,0.34,0.48,0.28,0.21,0.08,0.17,0.15,0.15,0.09,0.11,0.25,0.14,0.06,0.16
2026-10-05T05:00:00Z,0.76,0.61,0.38,0.61,0.72,0.72,0.82,0.85,0.88,0.9,0.85,0.77,0.8,0.58,0.77,0.65,0.63,0.7,0.83,0.86,0.9,0.81,0.82,0.86,0.79,0.82,0.88,0.85,0.76,0.8,0.75,0.82,0.69,0.52,0.67,0.69,0.73,0.63,0.48,0.55,0.67,0.64,0.58,0.46,0.4,0.56,0.27,0.29,0.38,0.05,0.11,0.26,0.26,0.2,0.15,0.12,0.25,0.12,0.17,0.16,0.19,0.18,0.07,0.21
2026-10-05T06:00:00Z,0.55,0.45,0.38,0.47,0.58,0.64,0.77,0.83,0.84,0.85,0.86,0.79,0.82,0.5,0.63,0.71,0.67,0.8,0.84,0.81,0.84,0.87,0.84,0.84,0.85,0.87,0.84,0.84,0.8,0.84,0.81,0.75,0.74,0.75,0.76,0.73,0.61,0.64,0.65,0.67,0.6,0.54,0.45,0.56,0.5,0.58,0.5,0.6,0.49,0.5,0.41,0.6,0.45,0.32,0.38,0.39,0.35,0.26,0.37,0.18,0.38,0.08,0.13,0.13
2026-10-05T07:00:00Z,0.63,0.54,0.33,0.13,0.71,0.52,0.78,0.9,0.88,0.84,0.89,0.8,0.56,0.74,0.67,0.69,0.68,0.75,0.74,0.82,0.85,0.86,0.87,0.83,0.88,0.9,0.85,0.88,0.85,0.78,0.84,0.86,0.77,0.68,0.72,0.74,0.7,0.56,0.72,0.71,0.65,0.59,0.69,0.68,0.69,0.53,0.48,0.67,0.49,0.35,0.57,0.48,0.42,0.45,0.55,0.38,0.15,0.15,0.4,0.11,0.31,0.29,0.26,0.26
2026-10-05T08:00:00Z,0.5,0.23,0.25,0.1,0.65,0.45,0.67,0.9,0.82,0.88,0.86,0.9,0.77,0.75,0.5,0.6,0.78,0.67,0.67,0.74,0.81,0.91,0.85,0.81,0.89,0.88,0.83,0.84,0.84,0.86,0.79,0.78,0.69,0.75,0.81,0.77,0.82,0.7,0.76,0.85,0.78,0.75,0.69,0.72,0.7,0.6,0.66,0.72,0.58,0.51,0.36,0.49,0.18,0.19,0.36,0.11,0.42,0.07,0.41,0.26,0.24,0.21,0.26,0.25
2026-10-05T09:00:00Z,0.14,0.17,0.47,0.6,0.25,0.51,0.76,0.89,0.79,0.91,0.87,0.88,0.83,0.71,0.56,0.73,0.68,0.74,0.7,0.79,0.83,0.88,0.85,0.88,0.82,0.84,0.88,0.88,0.77,0.74,0.73,0.83,0.86,0.77,0.73,0.78,0.79,0.78,0.76,0.85,0.81,0.77,0.74,0.74,0.79,0.88,0.77,0.72,0.72,0.68,0.71,0.54,0.53,0.54,0.49,0.37,0.55,0.38,0.52,0.16,0.14,0.44,0.41,0.3
2026-10-05T10:00:00Z,0.15,0.22,0.09,0.21,0.3,0.1,0.64,0.7,0.85,0.84,0.86,0.83,0.81,0.75,0.61,0.71,0.7,0.71,0.74,0.78,0.85,0.87,0.88,0.85,0.82,0.91,0.92,0.91,0.81,0.9,0.87,0.81,0.8,0.79,0.72,0.78,0.79,0.72,0.8,0.84,0.86,0.78,0.81,0.79,0.82,0.71,0.77,0.61,0.67,0.7,0.55,0.69,0.57,0.47,0.44,0.4,0.48,0.41,0.46,0.31,0.36,0.42,0.5,0.66
2026-10-05T11:00:00Z,0.25,0.26,0.18,0.19,0.48,0.19,0.68,0.87,0.82,0.88,0.88,0.89,0.81,0.71,0.77,0.79,0.68,0.61,0.73,0.78,0.76,0.82,0.87,0.87,0.81,0.81,0.79,0.87,0.86,0.85,0.74,0.78,0.82,0.71,0.75,0.75,0.72,0.76,0.7,0.68,0.64,0.72,0.73,0.65,0.75,0.7,0.74,0.76,0.65,0.73,0.61,0.63,0.68,0.55,0.58,0.43,0.55,0.49,0.33,0.38,0.41,0.53,0.49,0.42
2026-10-05T12:00:00Z,0.6,0.49,0.31,0.11,0.17,0.33,0.83,0.82,0.82,0.9,0.89,0.82,0.79,0.8,0.58,0.85,0.57,0.65,0.73,0.84,0.85,0.82,0.79,0.74,0.78,0.74,0.77,0.74,0.68,0.83,0.81,0.73,0.75,0.79,0.82,0.81,0.83,0.76,0.78,0.77,0.67,0.69,0.77,0.78,0.68,0.63,0.67,0.73,0.61,0.61,0.74,0.53,0.57,0.41,0.35,0.5,0.42,0.5,0.35,0.38,0.24,0.53,0.47,0.38
2026-10-05T13:00:00Z,0.39,0.25,0.27,0.15,0.33,0.8,0.74,0.74,0.81,0.91,0.83,0.81,0.59,0.75,0.81,0.68,0.82,0.73,0.7,0.76,0.68,0.79,0.84,0.86,0.85,0.83,0.83,0.9,0.77,0.82,0.8,0.75,0.83,0.81,0.83,0.85,0.86,0.85,0.81,0.88,0.7,0.74,0.84,0.81,0.78,0.65,0.8,0.72,0.71,0.74,0.78,0.77,0.69,0.67,0.46,0.49,0.48,0.59,0.64,0.64,0.5,0.29,0.35,0.35
2026-10-05T14:00:00Z,0.55,0.47,0.06,0.51,0.26,0.76,0.79,0.87,0.92,0.91,0.91,0.83,0.89,0.78,0.82,0.59,0.71,0.74,0.7,0.66,0.83,0.86,0.81,0.83,0.77,0.82,0.82,0.84,0.78,0.72,0.69,0.74,0.75,0.79,0.73,0.77,0.75,0.72,0.84,0.72,0.81,0.75,0.66,0.66,0.69,0.7,0.45,0.6,0.53,0.54,0.5,0.67,0.66,0.52,0.49,0.67,0.51,0.41,0.48,0.53,0.44,0.34,0.41,0.22
2026-10-05T15:00:00Z,0.19,0.15,0.17,0.21,0.4,0.62,0.56,0.83,0.85,0.86,0.82,0.85,0.79,0.72,0.78,0.67,0.75,0.74,0.63,0.66,0.68,0.83,0.71,0.62,0.56,0.75,0.81,0.85,0.82,0.8,0.68,0.72,0.72,0.7,0.83,0.84,0.82,0.83,0.82,0.82,0.87,0.76,0.72,0.66,0.73,0.56,0.5,0.64,0.61,0.73,0.69,0.63,0.68,0.63,0.62,0.56,0.62,0.5,0.47,0.5,0.63,0.42,0.29,0.25
2026-10-05T16:00:00Z,0.24,0.24,0.23,0.28,0.28,0.57,0.58,0.74,0.81,0.91,0.89,0.88,0.75,0.81,0.72,0.64,0.73,0.75,0.69,0.65,0.73,0.82,0.77,0.72,0.81,0.75,0.8,0.85,0.8,0.73,0.72,0.74,0.56,0.62,0.69,0.84,0.59,0.66,0.48,0.57,0.41,0.09,0.31,0.31,0.46,0.57,0.58,0.6,0.46,0.39,0.53,0.48,0.4,0.43,0.31,0.39,0.48,0.47,0.19,0.18,0.2,0.18,0.06,0.28
2026-10-05T17:00:00Z,0.29,0.43,0.19,0.14,0.45,0.67,0.67,0.78,0.89,0.86,0.91,0.84,0.82,0.8,0.74,0.65,0.58,0.67,0.58,0.62,0.79,0.75,0.72,0.74,0.78,0.78,0.72,0.83,0.71,0.77,0.74,0.7,0.62,0.44,0.64,0.63,0.67,0.67,0.63,0.6,0.65,0.74,0.66,0.65,0.64,0.5,0.61,0.64,0.53,0.53,0.57,0.64,0.62,0.6,0.43,0.39,0.51,0.43,0.45,0.36,0.19,0.25,0.15,0.08
2026-10-05T18:00:00Z,0.43,0.5,0.29,0.11,0.46,0.5,0.85,0.92,0.92,0.88,0.93,0.88,0.83,0.85,0.68,0.84,0.68,0.67,0.75,0.78,0.73,0.65,0.72,0.77,0.76,0.69,0.75,0.72,0.69,0.8,0.6,0.5,0.63,0.58,0.3,0.33,0.47,0.54,0.52,0.4,0.57,0.38,0.31,0.33,0.5,0.39,0.35,0.38,0.41,0.5,0.28,0.34,0.36,0.29,0.15,0.2,0.21,0.33,0.27,0.12,0.19,0.2,0.22,0.17
2026-10-05T19:00:00Z,0.5,0.36,0.31,0.2,0.44,0.34,0.61,0.87,0.88,0.8,0.89,0.86,0.78,0.77,0.64,0.61,0.66,0.73,0.76,0.79,0.85,0.87,0.76,0.85,0.85,0.8,0.8,0.77,0.83,0.7,0.8,0.8,0.77,0.74,0.72,0.53,0.51,0.6,0.65,0.74,0.65,0.61,0.6,0.67,0.67,0.62,0.54,0.67,0.56,0.53,0.62,0.59,0.58,0.46,0.5,0.49,0.31,0.44,0.41,0.38,0.24,0.21,0.19,0.2
2026-10-05T20:00:00Z,0.42,0.28,0.16,0.35,0.26,0.69,0.62,0.77,0.89,0.87,0.88,0.75,0.8,0.74,0.65,0.68,0.8,0.64,0.71,0.69,0.82,0.73,0.8,0.78,0.79,0.78,0.7,0.8,0.85,0.81,0.84,0.88,0.7,0.62,0.59,0.55,0.55,0.38,0.31,0.42,0.69,0.67,0.63,0.67,0.58,0.58,0.56,0.62,0.67,0.56,0.48,0.64,0.62,0.57,0.49,0.5,0.47,0.61,0.56,0.68,0.63,0.41,0.35,0.37
2026-10-05T21:00:00Z,0.39,0.17,0.22,0.46,0.66,0.48,0.58,0.65,0.65,0.87,0.83,0.8,0.73,0.68,0.79,0.71,0.64,0.74,0.73,0.84,0.82,0.8,0.87,0.41,0.37,0.68,0.67,0.74,0.86,0.8,0.82,0.71,0.44,0.2,0.29,0.11,0.43,0.52,0.41,0.47,0.55,0.7,0.64,0.67,0.79,0.77,0.75,0.79,0.81,0.72,0.85,0.8,0.78,0.77,0.72,0.82,0.71,0.74,0.72,0.67,0.66,0.57,0.44,0.4
2026-10-05T22:00:00Z,0.36,0.3,0.12,0.41,0.12,0.53,0.53,0.8,0.7,0.87,0.77,0.88,0.77,0.8,0.63,0.64,0.73,0.84,0.82,0.72,0.78,0.84,0.77,0.68,0.79,0.79,0.81,0.78,0.81,0.72,0.79,0.73,0.78,0.67,0.69,0.68,0.67,0.73,0.64,0.74,0.71,0.64,0.69,0.67,0.81,0.87,0.86,0.86,0.8,0.83,0.88,0.9,0.86,0.85,0.82,0.8,0.84,0.75,0.74,0.57,0.54,0.57,0.46,0.44
2026-10-05T23:00:00Z,0.36,0.43,0.18,0.31,0.12,0.49,0.41,0.74,0.86,0.86,0.87,0.82,0.83,0.88,0.67,0.61,0.54,0.73,0.77,0.82,0.75,0.75,0.75,0.71,0.81,0.7,0.75,0.8,0.7,0.81,0.73,0.79,0.73,0.78,0.87,0.89,0.88,0.91,0.93,0.9,0.87,0.89,0.85,0.77,0.8,0.84,0.79,0.88,0.89,0.85,0.77,0.81,0.8,0.8,0.77,0.78,0.77,0.69,0.61,0.64,0.55,0.53,0.49,0.57
2026-10-06T00:00:00Z,0.32,0.26,0.36,0.28,0.2,0.29,0.54,0.78,0.77,0.75,0.82,0.82,0.82,0.86,0.81,0.68,0.68,0.8,0.82,0.82,0.74,0.81,0.85,0.75,0.78,0.78,0.76,0.84,0.76,0.78,0.71,0.79,0.8,0.84,0.89,0.87,0.86,0.87,0.77,0.81,0.91,0.87,0.85,0.84,0.86,0.78,0.72,0.77,0.83,0.85,0.8,0.77,0.78,0.8,0.79,0.82,0.76,0.67,0.74,0.64,0.58,0.53,0.55,0.49
2026-10-06T01:00:00Z,0.46,0.21,0.24,0.39,0.38,0.56,0.52,0.62,0.61,0.88,0.84,0.86,0.89,0.78,0.64,0.74,0.6,0.75,0.8,0.8,0.7,0.82,0.82,0.75,0.82,0.77,0.65,0.72,0.68,0.82,0.81,0.83,0.78,0.9,0.89,0.88,0.85,0.9,0.81,0.87,0.84,0.85,0.8,0.73,0.83,0.81,0.81,0.72,0.71,0.71,0.72,0.77,0.7,0.64,0.73,0.64,0.61,0.41,0.55,0.56,0.49,0.37,0.51,0.45
2026-10-06T02:00:00Z,0.35,0.08,0.17,0.3,0.28,0.6,0.44,0.56,0.86,0.91,0.77,0.64,0.76,0.68,0.67,0.71,0.55,0.71,0.82,0.77,0.77,0.69,0.79,0.83,0.78,0.76,0.72,0.64,0.7,0.72,0.73,0.84,0.87,0.73,0.82,0.83,0.86,0.85,0.74,0.7,0.72,0.72,0.6,0.7,0.7,0.78,0.77,0.7,0.7,0.6,0.72,0.77,0.68,0.54,0.64,0.67,0.64,0.54,0.45,0.41,0.34,0.42,0.44,0.36
2026-10-06T03:00:00Z,0.42,0.38,0.14,0.45,0.49,0.34,0.61,0.73,0.71,0.79,0.72,0.78,0.8,0.69,0.66,0.69,0.56,0.67,0.78,0.78,0.74,0.7,0.71,0.67,0.66,0.81,0.79,0.69,0.61,0.69,0.77,0.82,0.79,0.79,0.76,0.69,0.74,0.8,0.77,0.65,0.59,0.51,0.45,0.57,0.54,0.7,0.64,0.36,0.46,0.54,0.45,0.45,0.61,0.51,0.5,0.43,0.48,0.42,0.38,0.35,0.28,0.45,0.35,0.31
2026-10-06T04:00:00Z,0.38,0.5,0.4,0.37,0.4,0.41,0.71,0.57,0.75,0.91,0.83,0.8,0.67,0.75,0.74,0.61,0.5,0.68,0.79,0.76,0.79,0.79,0.82,0.82,0.86,0.83,0.85,0.82,0.71,0.85,0.88,0.86,0.87,0.87,0.85,0.81,0.8,0.66,0.75,0.74,0.66,0.73,0.72,0.62,0.66,0.57,0.5,0.58,0.54,0.48,0.44,0.44,0.39,0.44,0.29,0.45,0.47,0.3,0.32,0.34,0.3,0.4,0.26,0.17
2026-10-06T05:00:00Z,0.46,0.33,0.13,0.49,0.46,0.75,0.53,0.67,0.78,0.87,0.9,0.79,0.7,0.59,0.68,0.81,0.6,0.69,0.65,0.81,0.82,0.85,0.77,0.87,0.89,0.84,0.9,0.93,0.94,0.95,0.94,0.88,0.88,0.78,0.83,0.73,0.78,0.77,0.8,0.8,0.77,0.75,0.65,0.72,0.72,0.66,0.6,0.54,0.66,0.62,0.57,0.48,0.59,0.61,0.55,0.54,0.41,0.5,0.51,0.42,0.52,0.48,0.47,0.41
2026-10-06T06:00:00Z,0.49,0.4,0.24,0.06,0.61,0.73,0.81,0.73,0.85,0.85,0.87,0.9,0.62,0.7,0.72,0.64,0.59,0.69,0.64,0.76,0.69,0.87,0.87,0.89,0.9,0.91,0.9,0.94,0.95,0.92,0.94,0.88,0.87,0.8,0.77,0.71,0.82,0.84,0.75,0.72,0.71,0.69,0.71,0.68,0.76,0.66,0.68,0.6,0.66,0.6,0.56,0.67,0.5,0.51,0.51,0.56,0.54,0.49,0.44,0.46,0.31,0.33,0.21,0.22
2026-10-06T07:00:00Z,0.32,0.22,0.29,0.16,0.47,0.43,0.6,0.89,0.88,0.86,0.86,0.91,0.73,0.73,0.74,0.68,0.53,0.6,0.78,0.83,0.82,0.68,0.85,0.81,0.74,0.9,0.88,0.95,0.94,0.91,0.88,0.88,0.82,0.73,0.66,0.71,0.8,0.75,0.73,0.77,0.73,0.71,0.73,0.69,0.7,0.77,0.67,0.68,0.56,0.66,0.69,0.51,0.46,0.48,0.49,0.55,0.45,0.38,0.45,0.32,0.39,0.26,0.29,0.51
2026-10-06T08:00:00Z,0.35,0.29,0.23,0.07,0.37,0.53,0.68,0.49,0.89,0.89,0.83,0.77,0.62,0.76,0.72,0.77,0.48,0.58,0.75,0.8,0.73,0.79,0.83,0.83,0.83,0.86,0.88,0.86,0.88,0.87,0.83,0.79,0.87,0.79,0.68,0.79,0.68,0.74,0.66,0.74,0.77,0.72,0.67,0.72,0.67,0.57,0.55,0.55,0.59,0.55,0.61,0.4,0.51,0.39,0.58,0.53,0.35,0.47,0.46,0.3,0.34,0.33,0.47,0.32
2026-10-06T09:00:00Z,0.21,0.13,0.16,0.29,0.12,0.63,0.35,0.69,0.61,0.81,0.9,0.75,0.75,0.8,0.83,0.52,0.53,0.64,0.59,0.54,0.7,0.8,0.77,0.76,0.8,0.86,0.92,0.87,0.86,0.82,0.81,0.74,0.69,0.76,0.77,0.77,0.72,0.58,0.6,0.68,0.65,0.71,0.6,0.64,0.67,0.49,0.59,0.38,0.43,0.49,0.5,0.47,0.53,0.44,0.35,0.39,0.45,0.26,0.32,0.43,0.41,0.29,0.2,0.37
2026-10-06T10:00:00Z,0.18,0.23,0.23,0.36,0.13,0.38,0.48,0.77,0.74,0.78,0.78,0.8,0.79,0.77,0.49,0.66,0.55,0.62,0.68,0.66,0.68,0.71,0.73,0.79,0.91,0.93,0.93,0.88,0.88,0.86,0.85,0.88,0.72,0.8,0.73,0.77,0.68,0.63,0.69,0.69,0.72,0.69,0.75,0.68,0.6,0.58,0.61,0.62,0.42,0.53,0.37,0.45,0.38,0.38,0.47,0.38,0.43,0.4,0.4,0.35,0.45,0.32,0.31,0.3
2026-10-06T11:00:00Z,0.04,0.23,0.26,0.03,0.19,0.47,0.56,0.65,0.78,0.86,0.84,0.79,0.77,0.61,0.65,0.75,0.56,0.61,0.57,0.66,0.7,0.81,0.75,0.87,0.91,0.89,0.91,0.86,0.85,0.89,0.88,0.8,0.86,0.84,0.69,0.68,0.65,0.83,0.74,0.67,0.61,0.66,0.65,0.59,0.61,0.67,0.72,0.62,0.55,0.55,0.55,0.57,0.42,0.62,0.54,0.42,0.47,0.44,0.61,0.37,0.38,0.35,0.41,0.2
2026-10-06T12:00:00Z,0.2,0.08,0.09,0.05,0.09,0.47,0.41,0.73,0.84,0.84,0.88,0.79,0.75,0.86,0.46,0.65,0.58,0.63,0.64,0.6,0.72,0.83,0.88,0.86,0.89,0.87,0.91,0.84,0.87,0.8,0.84,0.84,0.85,0.8,0.82,0.87,0.8,0.8,0.7,0.66,0.78,0.65,0.67,0.7,0.7,0.7,0.7,0.67,0.64,0.63,0.62,0.45,0.53,0.65,0.62,0.65,0.57,0.63,0.58,0.58,0.58,0.41,0.37,0.36
2026-10-06T13:00:00Z,0.5,0.38,0.37,0.16,0.17,0.34,0.56,0.74,0.84,0.81,0.82,0.71,0.7,0.67,0.44,0.69,0.64,0.59,0.59,0.71,0.58,0.69,0.84,0.89,0.9,0.89,0.85,0.83,0.84,0.91,0.83,0.83,0.85,0.78,0.76,0.74,0.73,0.78,0.73,0.64,0.67,0.66,0.64,0.66,0.73,0.66,0.61,0.61,0.66,0.59,0.7,0.76,0.72,0.64,0.62,0.61,0.52,0.46,0.51,0.5,0.49,0.44,0.26,0.3
2026-10-06T14:00:00Z,0.4,0.08,0.1,0.32,0.35,0.32,0.43,0.48,0.91,0.84,0.76,0.82,0.8,0.72,0.61,0.63,0.49,0.53,0.52,0.65,0.69,0.78,0.86,0.87,0.88,0.85,0.82,0.86,0.9,0.93,0.85,0.78,0.83,0.79,0.74,0.79,0.76,0.8,0.78,0.72,0.76,0.66,0.72,0.59,0.67,0.7,0.7,0.6,0.59,0.6,0.65,0.71,0.65,0.6,0.66,0.53,0.53,0.58,0.41,0.47,0.36,0.36,0.35,0.43
2026-10-06T15:00:00Z,0.15,0.24,0.08,0.37,0.17,0.47,0.65,0.8,0.81,0.9,0.79,0.79,0.64,0.79,0.76,0.59,0.54,0.51,0.51,0.6,0.57,0.77,0.83,0.88,0.94,0.91,0.94,0.91,0.91,0.87,0.85,0.87,0.84,0.83,0.82,0.77,0.81,0.8,0.67,0.79,0.81,0.72,0.59,0.67,0.7,0.78,0.75,0.68,0.72,0.7,0.58,0.62,0.73,0.59,0.67,0.56,0.66,0.52,0.67,0.52,0.52,0.56,0.5,0.37
2026-10-06T16:00:00Z,0.28,0.39,0.15,0.45,0.45,0.64,0.81,0.59,0.83,0.79,0.87,0.7,0.73,0.82,0.61,0.6,0.67,0.65,0.59,0.49,0.52,0.64,0.81,0.89,0.89,0.87,0.85,0.91,0.92,0.85,0.88,0.89,0.84,0.75,0.81,0.81,0.82,0.78,0.76,0.67,0.64,0.69,0.76,0.69,0.66,0.69,0.63,0.35,0.58,0.7,0.67,0.64,0.74,0.51,0.49,0.54,0.52,0.44,0.41,0.48,0.48,0.52,0.48,0.37
2026-10-06T17:00:00Z,0.05,0.22,0.38,0.42,0.63,0.38,0.74,0.9,0.82,0.78,0.65,0.71,0.66,0.75,0.83,0.59,0.56,0.52,0.53,0.4,0.53,0.76,0.88,0.85,0.87,0.9,0.9,0.87,0.89,0.82,0.76,0.8,0.84,0.82,0.82,0.8,0.77,0.84,0.84,0.68,0.63,0.71,0.59,0.63,0.71,0.54,0.6,0.76,0.68,0.67,0.67,0.57,0.58,0.63,0.6,0.58,0.58,0.61,0.44,0.57,0.43,0.46,0.39,0.36
2026-10-06T18:00:00Z,0.39,0.41,0.26,0.27,0.65,0.6,0.58,0.7,0.86,0.74,0.66,0.52,0.62,0.76,0.7,0.56,0.55,0.59,0.58,0.49,0.63,0.71,0.8,0.88,0.91,0.91,0.9,0.9,0.89,0.81,0.83,0.8,0.75,0.73,0.83,0.82,0.8,0.69,0.73,0.74,0.72,0.66,0.67,0.7,0.54,0.59,0.63,0.72,0.67,0.65,0.67,0.63,0.63,0.53,0.72,0.69,0.71,0.64,0.53,0.5,0.61,0.56,0.5,0.37
2026-10-06T19:00:00Z,0.17,0.25,0.23,0.17,0.63,0.59,0.61,0.71,0.81,0.76,0.73,0.55,0.77,0.79,0.78,0.79,0.54,0.46,0.44,0.46,0.7,0.79,0.9,0.92,0.88,0.89,0.88,0.87,0.86,0.82,0.79,0.74,0.72,0.69,0.79,0.84,0.76,0.73,0.77,0.69,0.64,0.68,0.78,0.48,0.7,0.51,0.54,0.57,0.46,0.61,0.58,0.6,0.5,0.3,0.41,0.39,0.43,0.56,0.59,0.48,0.29,0.44,0.51,0.53
2026-10-06T20:00:00Z,0.44,0.36,0.14,0.47,0.23,0.49,0.47,0.62,0.7,0.84,0.66,0.47,0.55,0.72,0.78,0.81,0.52,0.44,0.58,0.61,0.62,0.77,0.89,0.93,0.93,0.91,0.87,0.89,0.88,0.79,0.76,0.74,0.69,0.73,0.73,0.74,0.72,0.69,0.65,0.71,0.79,0.67,0.58,0.47,0.35,0.55,0.58,0.5,0.54,0.68,0.54,0.59,0.51,0.71,0.72,0.73,0.74,0.53,0.58,0.7,0.6,0.6,0.53,0.59
2026-10-06T21:00:00Z,0.37,0.39,0.16,0.07,0.29,0.5,0.46,0.7,0.78,0.75,0.8,0.58,0.5,0.7,0.68,0.73,0.59,0.59,0.75,0.61,0.69,0.83,0.92,0.91,0.82,0.87,0.87,0.88,0.85,0.8,0.76,0.83,0.73,0.77,0.74,0.71,0.8,0.78,0.71,0.79,0.75,0.78,0.74,0.73,0.73,0.79,0.76,0.75,0.82,0.85,0.84,0.85,0.77,0.87,0.86,0.83,0.76,0.79,0.76,0.81,0.71,0.6,0.56,0.6
2026-10-06T22:00:00Z,0.35,0.31,0.1,0.39,0.47,0.54,0.45,0.71,0.79,0.85,0.64,0.62,0.43,0.8,0.83,0.85,0.62,0.43,0.46,0.61,0.61,0.82,0.89,0.88,0.83,0.84,0.81,0.78,0.78,0.87,0.84,0.8,0.69,0.73,0.68,0.8,0.8,0.87,0.82,0.82,0.85,0.84,0.81,0.86,0.86,0.85,0.78,0.78,0.78,0.8,0.72,0.74,0.74,0.7,0.87,0.81,0.71,0.66,0.64,0.7,0.62,0.6,0.47,0.51
2026-10-06T23:00:00Z,0.54,0.29,0.44,0.29,0.63,0.43,0.52,0.68,0.69,0.82,0.73,0.7,0.46,0.85,0.91,0.62,0.7,0.48,0.47,0.68,0.62,0.63,0.86,0.94,0.91,0.84,0.85,0.89,0.86,0.88,0.83,0.77,0.8,0.6,0.68,0.77,0.77,0.78,0.78,0.74,0.69,0.76,0.81,0.78,0.79,0.78,0.73,0.75,0.82,0.82,0.7,0.67,0.64,0.71,0.74,0.77,0.7,0.66,0.7,0.73,0.49,0.47,0.44,0.41
2026-10-07T00:00:00Z,0.31,0.34,0.11,0.39,0.27,0.58,0.53,0.32,0.86,0.81,0.57,0.63,0.69,0.65,0.8,0.77,0.64,0.45,0.69,0.72,0.74,0.83,0.88,0.88,0.89,0.93,0.9,0.87,0.82,0.81,0.85,0.87,0.82,0.82,0.79,0.77,0.82,0.75,0.84,0.82,0.84,0.84,0.82,0.74,0.72,0.68,0.66,0.6,0.76,0.66,0.62,0.65,0.7,0.76,0.7,0.63,0.61,0.54,0.55,0.51,0.52,0.62,0.44,0.43
2026-10-07T01:00:00Z,0.32,0.32,0.17,0.58,0.52,0.46,0.25,0.53,0.76,0.81,0.76,0.46,0.66,0.76,0.69,0.71,0.63,0.48,0.56,0.64,0.8,0.86,0.8,0.9,0.92,0.88,0.82,0.78,0.84,0.73,0.78,0.79,0.8,0.86,0.84,0.8,0.71,0.81,0.79,0.76,0.79,0.7,0.73,0.77,0.78,0.77,0.76,0.75,0.76,0.75,0.73,0.74,0.77,0.62,0.65,0.74,0.73,0.65,0.64,0.54,0.46,0.48,0.6,0.48
2026-10-07T02:00:00Z,0.16,0.13,0.32,0.43,0.51,0.42,0.45,0.46,0.76,0.81,0.72,0.61,0.57,0.69,0.73,0.9,0.7,0.6,0.62,0.67,0.67,0.83,0.89,0.9,0.87,0.92,0.88,0.9,0.85,0.75,0.82,0.75,0.73,0.86,0.82,0.78,0.83,0.76,0.74,0.71,0.78,0.72,0.71,0.7,0.76,0.76,0.8,0.64,0.54,0.72,0.61,0.59,0.65,0.62,0.51,0.49,0.67,0.62,0.6,0.49,0.28,0.3,0.47,0.31
2026-10-07T03:00:00Z,0.12,0.29,0.19,0.26,0.7,0.53,0.45,0.6,0.73,0.71,0.62,0.63,0.51,0.6,0.86,0.8,0.83,0.52,0.45,0.63,0.64,0.81,0.86,0.92,0.89,0.88,0.84,0.89,0.86,0.9,0.87,0.85,0.85,0.84,0.8,0.76,0.75,0.75,0.76,0.8,0.79,0.76,0.73,0.69,0.74,0.65,0.72,0.59,0.65,0.61,0.67,0.63,0.53,0.43,0.59,0.54,0.46,0.53,0.49,0.27,0.18,0.49,0.32,0.36
2026-10-07T04:00:00Z,0.15,0.12,0.1,0.08,0.2,0.62,0.35,0.67,0.83,0.89,0.68,0.71,0.58,0.63,0.63,0.64,0.78,0.66,0.45,0.58,0.64,0.83,0.87,0.85,0.81,0.85,0.9,0.87,0.78,0.76,0.8,0.87,0.83,0.86,0.89,0.77,0.74,0.69,0.77,0.7,0.76,0.7,0.7,0.75,0.7,0.67,0.63,0.64,0.52,0.67,0.48,0.5,0.48,0.4,0.42,0.35,0.21,0.27,0.45,0.26,0.31,0.2,0.24,0.24
2026-10-07T05:00:00Z,0.08,0.31,0.29,0.06,0.32,0.78,0.75,0.55,0.76,0.82,0.76,0.84,0.67,0.54,0.59,0.81,0.81,0.73,0.62,0.42,0.64,0.74,0.85,0.95,0.9,0.86,0.87,0.89,0.82,0.85,0.8,0.83,0.84,0.84,0.81,0.82,0.77,0.69,0.7,0.72,0.8,0.61,0.62,0.66,0.65,0.68,0.57,0.61,0.56,0.54,0.37,0.33,0.35,0.51,0.5,0.3,0.21,0.39,0.4,0.23,0.13,0.14,0.35,0.03
2026-10-07T06:00:00Z,0.52,0.17,0.34,0.58,0.59,0.63,0.44,0.7,0.75,0.79,0.82,0.7,0.77,0.73,0.47,0.81,0.8,0.62,0.49,0.59,0.58,0.83,0.85,0.89,0.87,0.86,0.83,0.85,0.85,0.87,0.87,0.88,0.86,0.8,0.79,0.79,0.84,0.83,0.8,0.68,0.75,0.69,0.65,0.66,0.71,0.69,0.7,0.68,0.58,0.48,0.58,0.46,0.47,0.4,0.41,0.39,0.45,0.49,0.45,0.29,0.33,0.45,0.35,0.34
2026-10-07T07:00:00Z,0.4,0.48,0.12,0.22,0.38,0.56,0.74,0.65,0.72,0.75,0.87,0.67,0.71,0.68,0.7,0.71,0.83,0.56,0.6,0.53,0.63,0.73,0.79,0.86,0.91,0.88,0.91,0.86,0.88,0.88,0.81,0.77,0.81,0.77,0.84,0.78,0.83,0.81,0.69,0.7,0.69,0.69,0.69,0.63,0.64,0.66,0.64,0.63,0.64,0.49,0.44,0.6,0.67,0.62,0.64,0.57,0.58,0.6,0.57,0.64,0.5,0.63,0.61,0.46
2026-10-07T08:00:00Z,0.26,0.28,0.35,0.21,0.22,0.68,0.58,0.58,0.76,0.78,0.66,0.64,0.67,0.74,0.6,0.73,0.69,0.45,0.44,0.51,0.58,0.74,0.86,0.87,0.93,0.91,0.92,0.9,0.89,0.93,0.89,0.89,0.87,0.85,0.83,0.78,0.83,0.73,0.8,0.75,0.75,0.73,0.75,0.69,0.68,0.62,0.7,0.59,0.59,0.64,0.63,0.69,0.67,0.64,0.57,0.59,0.61,0.47,0.63,0.61,0.57,0.44,0.42,0.36
2026-10-07T09:00:00Z,0.15,0.09,0.25,0.29,0.24,0.81,0.65,0.7,0.57,0.83,0.83,0.72,0.84,0.69,0.83,0.87,0.7,0.68,0.59,0.44,0.51,0.77,0.89,0.91,0.88,0.85,0.89,0.86,0.92,0.88,0.84,0.8,0.88,0.89,0.8,0.8,0.84,0.72,0.69,0.69,0.82,0.75,0.66,0.7,0.66,0.7,0.78,0.78,0.74,0.67,0.63,0.61,0.64,0.69,0.53,0.61,0.56,0.65,0.65,0.47,0.5,0.53,0.48,0.32
2026-10-07T10:00:00Z,0.31,0.25,0.5,0.04,0.48,0.64,0.67,0.7,0.7,0.72,0.67,0.59,0.76,0.8,0.84,0.65,0.79,0.64,0.6,0.55,0.51,0.74,0.83,0.87,0.87,0.91,0.9,0.79,0.81,0.83,0.8,0.86,0.87,0.88,0.87,0.82,0.71,0.8,0.81,0.82,0.84,0.83,0.73,0.75,0.76,0.75,0.71,0.62,0.68,0.79,0.67,0.68,0.62,0.76,0.77,0.73,0.73,0.64,0.67,0.64,0.47,0.42,0.41,0.19
2026-10-07T11:00:00Z,0.54,0.47,0.23,0.44,0.21,0.74,0.63,0.61,0.63,0.83,0.75,0.64,0.6,0.76,0.83,0.87,0.71,0.68,0.58,0.66,0.62,0.73,0.8,0.85,0.84,0.89,0.89,0.91,0.87,0.89,0.83,0.82,0.86,0.85,0.85,0.82,0.85,0.78,0.77,0.8,0.73,0.81,0.71,0.83,0.8,0.73,0.78,0.77,0.78,0.76,0.68,0.71,0.78,0.74,0.68,0.69,0.64,0.58,0.63,0.52,0.34,0.39,0.22,0.44
2026-10-07T12:00:00Z,0.56,0.4,0.5,0.59,0.27,0.54,0.79,0.77,0.63,0.82,0.8,0.83,0.66,0.71,0.7,0.79,0.8,0.66,0.49,0.59,0.63,0.66,0.7,0.75,0.86,0.9,0.89,0.89,0.82,0.8,0.89,0.78,0.83,0.88,0.87,0.8,0.76,0.82,0.83,0.76,0.78,0.75,0.76,0.74,0.7,0.77,0.74,0.74,0.79,0.76,0.8,0.73,0.71,0.66,0.7,0.59,0.53,0.61,0.59,0.56,0.5,0.22,0.09,0.11
2026-10-07T13:00:00Z,0.21,0.16,0.35,0.07,0.3,0.57,0.71,0.68,0.68,0.87,0.79,0.72,0.79,0.67,0.75,0.76,0.81,0.53,0.62,0.61,0.58,0.71,0.81,0.87,0.85,0.84,0.9,0.89,0.89,0.89,0.84,0.85,0.84,0.88,0.8,0.82,0.83,0.78,0.77,0.8,0.71,0.78,0.79,0.7,0.79,0.78,0.8,0.77,0.71,0.63,0.68,0.67,0.55,0.75,0.72,0.58,0.6,0.66,0.56,0.35,0.41,0.31,0.33,0.45
2026-10-07T14:00:00Z,0.45,0.3,0.35,0.32,0.16,0.72,0.69,0.47,0.64,0.82,0.79,0.76,0.82,0.75,0.81,0.6,0.82,0.74,0.52,0.46,0.59,0.63,0.73,0.85,0.89,0.88,0.86,0.82,0.87,0.88,0.91,0.84,0.82,0.85,0.76,0.81,0.83,0.75,0.84,0.8,0.76,0.78,0.77,0.63,0.73,0.69,0.79,0.65,0.59,0.46,0.52,0.56,0.71,0.71,0.57,0.53,0.47,0.5,0.49,0.34,0.39,0.28,0.35,0.26
2026-10-07T15:00:00Z,0.53,0.36,0.3,0.35,0.43,0.82,0.83,0.57,0.75,0.84,0.88,0.78,0.71,0.62,0.78,0.88,0.88,0.77,0.44,0.55,0.65,0.75,0.83,0.83,0.87,0.92,0.8,0.86,0.89,0.87,0.85,0.86,0.89,0.87,0.82,0.85,0.8,0.84,0.83,0.77,0.78,0.79,0.64,0.67,0.63,0.69,0.67,0.75,0.57,0.63,0.64,0.55,0.69,0.56,0.68,0.62,0.67,0.59,0.52,0.58,0.45,0.41,0.3,0.14
2026-10-07T16:00:00Z,0.39,0.29,0.06,0.48,0.44,0.84,0.71,0.83,0.65,0.76,0.84,0.78,0.77,0.62,0.7,0.86,0.85,0.77,0.61,0.59,0.57,0.73,0.79,0.81,0.74,0.72,0.85,0.84,0.84,0.82,0.86,0.85,0.85,0.86,0.87,0.79,0.83,0.83,0.69,0.76,0.74,0.78,0.79,0.71,0.72,0.58,0.67,0.45,0.61,0.56,0.6,0.6,0.55,0.59,0.57,0.47,0.43,0.29,0.44,0.33,0.33,0.38,0.35,0.2
2026-10-07T17:00:00Z,0.34,0.18,0.2,0.5,0.44,0.82,0.77,0.75,0.68,0.62,0.82,0.87,0.76,0.69,0.62,0.87,0.82,0.73,0.58,0.6,0.84,0.76,0.84,0.81,0.83,0.84,0.76,0.79,0.87,0.86,0.83,0.86,0.74,0.84,0.84,0.89,0.86,0.79,0.82,0.65,0.65,0.68,0.69,0.67,0.54,0.72,0.65,0.52,0.49,0.5,0.61,0.46,0.5,0.48,0.41,0.39,0.32,0.35,0.43,0.33,0.39,0.28,0.11,0.11
2026-10-07T18:00:00Z,0.47,0.39,0.38,0.35,0.23,0.86,0.77,0.69,0.72,0.78,0.87,0.8,0.66,0.74,0.83,0.65,0.74,0.75,0.55,0.63,0.79,0.84,0.85,0.85,0.88,0.85,0.8,0.77,0.76,0.71,0.7,0.82,0.78,0.77,0.78,0.74,0.74,0.73,0.7,0.83,0.77,0.78,0.72,0.61,0.65,0.58,0.61,0.57,0.54,0.62,0.74,0.61,0.46,0.53,0.54,0.44,0.52,0.59,0.65,0.6,0.4,0.38,0.11,0.3
2026-10-07T19:00:00Z,0.61,0.57,0.37,0.4,0.5,0.78,0.8,0.64,0.62,0.64,0.86,0.77,0.72,0.49,0.48,0.75,0.66,0.78,0.63,0.62,0.75,0.77,0.84,0.87,0.92,0.91,0.84,0.85,0.72,0.71,0.72,0.8,0.83,0.78,0.69,0.75,0.74,0.79,0.85,0.79,0.8,0.71,0.74,0.72,0.72,0.64,0.56,0.56,0.52,0.57,0.58,0.59,0.64,0.62,0.64,0.63,0.59,0.67,0.54,0.68,0.67,0.64,0.49,0.48
2026-10-07T20:00:00Z,0.59,0.53,0.47,0.4,0.48,0.89,0.84,0.41,0.65,0.66,0.81,0.64,0.46,0.8,0.86,0.69,0.7,0.8,0.67,0.62,0.67,0.88,0.91,0.93,0.9,0.81,0.87,0.9,0.85,0.84,0.81,0.87,0.79,0.79,0.81,0.81,0.83,0.8,0.77,0.84,0.83,0.76,0.84,0.79,0.8,0.78,0.79,0.77,0.69,0.77,0.72,0.77,0.78,0.75,0.77,0.69,0.68,0.75,0.71,0.73,0.69,0.62,0.51,0.43
2026-10-07T21:00:00Z,0.6,0.56,0.49,0.44,0.44,0.8,0.82,0.7,0.73,0.56,0.86,0.8,0.8,0.78,0.58,0.71,0.82,0.78,0.75,0.47,0.56,0.82,0.88,0.89,0.93,0.94,0.88,0.75,0.88,0.83,0.87,0.89,0.74,0.77,0.83,0.78,0.78,0.81,0.78,0.8,0.75,0.83,0.8,0.81,0.82,0.83,0.79,0.78,0.75,0.85,0.84,0.73,0.69,0.83,0.82,0.76,0.72,0.71,0.77,0.59,0.62,0.69,0.61,0.46
2026-10-07T22:00:00Z,0.67,0.32,0.41,0.49,0.53,0.77,0.87,0.78,0.67,0.56,0.74,0.78,0.85,0.71,0.69,0.72,0.81,0.8,0.68,0.69,0.69,0.75,0.86,0.88,0.88,0.85,0.87,0.9,0.83,0.81,0.79,0.77,0.75,0.73,0.77,0.77,0.79,0.87,0.87,0.84,0.78,0.79,0.86,0.84,0.72,0.87,0.82,0.82,0.85,0.77,0.84,0.85,0.75,0.71,0.71,0.69,0.73,0.73,0.67,0.61,0.64,0.52,0.55,0.46
2026-10-07T23:00:00Z,0.47,0.45,0.26,0.5,0.48,0.84,0.83,0.81,0.79,0.83,0.8,0.83,0.82,0.74,0.79,0.78,0.83,0.84,0.77,0.64,0.74,0.77,0.87,0.86,0.87,0.9,0.89,0.9,0.79,0.8,0.84,0.83,0.76,0.75,0.72,0.73,0.81,0.71,0.72,0.75,0.78,0.86,0.85,0.81,0.79,0.8,0.78,0.75,0.83,0.84,0.76,0.79,0.75,0.76,0.74,0.63,0.59,0.66,0.64,0.71,0.69,0.62,0.54,0.49
2026-10-08T00:00:00Z,0.38,0.4,0.22,0.59,0.35,0.65,0.88,0.79,0.69,0.79,0.87,0.75,0.71,0.79,0.81,0.77,0.85,0.78,0.85,0.53,0.71,0.72,0.84,0.9,0.9,0.86,0.8,0.88,0.89,0.79,0.85,0.72,0.79,0.83,0.79,0.72,0.69,0.79,0.65,0.72,0.72,0.71,0.67,0.65,0.69,0.72,0.74,0.67,0.67,0.65,0.54,0.7,0.61,0.61,0.62,0.54,0.54,0.56,0.62,0.54,0.5,0.29,0.4,0.27
2026-10-08T01:00:00Z,0.32,0.2,0.06,0.71,0.55,0.85,0.87,0.82,0.72,0.69,0.79,0.78,0.84,0.83,0.76,0.71,0.81,0.85,0.65,0.62,0.55,0.66,0.81,0.82,0.85,0.85,0.84,0.86,0.84,0.81,0.84,0.88,0.86,0.85,0.87,0.86,0.8,0.71,0.75,0.67,0.64,0.7,0.66,0.7,0.75,0.62,0.58,0.74,0.76,0.59,0.72,0.59,0.57,0.56,0.65,0.45,0.45,0.63,0.55,0.44,0.38,0.4,0.34,0.47
2026-10-08T02:00:00Z,0.29,0.26,0.62,0.31,0.38,0.65,0.88,0.81,0.66,0.73,0.83,0.9,0.81,0.81,0.8,0.73,0.76,0.84,0.83,0.67,0.79,0.69,0.73,0.8,0.83,0.84,0.85,0.82,0.86,0.89,0.84,0.83,0.79,0.7,0.79,0.79,0.85,0.73,0.77,0.71,0.66,0.62,0.66,0.58,0.62,0.63,0.71,0.67,0.61,0.61,0.65,0.55,0.58,0.49,0.7,0.53,0.38,0.38,0.47,0.54,0.42,0.33,0.28,0.29
2026-10-08T03:00:00Z,0.3,0.12,0.73,0.72,0.52,0.55,0.86,0.76,0.76,0.7,0.66,0.8,0.71,0.88,0.92,0.86,0.84,0.84,0.86,0.65,0.61,0.76,0.8,0.85,0.86,0.85,0.88,0.87,0.9,0.88,0.87,0.88,0.82,0.87,0.76,0.76,0.76,0.73,0.67,0.63,0.64,0.63,0.57,0.62,0.58,0.48,0.63,0.59,0.51,0.56,0.56,0.39,0.48,0.48,0.39,0.42,0.4,0.32,0.42,0.41,0.23,0.24,0.17,0.16
2026-10-08T04:00:00Z,0.89,0.88,0.72,0.88,0.57,0.72,0.79,0.85,0.8,0.75,0.74,0.81,0.89,0.87,0.78,0.71,0.79,0.84,0.85,0.66,0.7,0.68,0.58,0.78,0.77,0.73,0.86,0.9,0.86,0.88,0.82,0.82,0.76,0.77,0.8,0.73,0.72,0.66,0.61,0.61,0.6,0.66,0.65,0.6,0.58,0.61,0.54,0.53,0.56,0.45,0.46,0.44,0.39,0.35,0.39,0.24,0.13,0.13,0.1,0.21,0.13,0.41,0.27,0.31
2026-10-08T05:00:00Z,0.66,0.5,0.62,0.67,0.32,0.65,0.85,0.88,0.81,0.8,0.7,0.91,0.84,0.78,0.84,0.86,0.82,0.85,0.8,0.63,0.57,0.65,0.68,0.82,0.84,0.87,0.87,0.86,0.86,0.8,0.8,0.83,0.89,0.71,0.71,0.7,0.69,0.67,0.68,0.68,0.54,0.59,0.56,0.57,0.57,0.48,0.33,0.46,0.52,0.44,0.4,0.4,0.31,0.33,0.11,0.27,0.54,0.35,0.42,0.09,0.11,0.22,0.15,0.28
2026-10-08T06:00:00Z,0.79,0.76,0.45,0.48,0.22,0.53,0.85,0.74,0.75,0.77,0.83,0.92,0.91,0.89,0.8,0.71,0.74,0.73,0.87,0.71,0.63,0.66,0.77,0.75,0.86,0.89,0.9,0.9,0.88,0.88,0.83,0.81,0.71,0.79,0.76,0.74,0.74,0.69,0.67,0.74,0.67,0.62,0.49,0.7,0.49,0.51,0.4,0.34,0.4,0.49,0.46,0.1,0.56,0.37,0.31,0.43,0.48,0.4,0.31,0.21,0.31,0.16,0.13,0.12
2026-10-08T07:00:00Z,0.67,0.68,0.53,0.61,0.1,0.43,0.75,0.76,0.71,0.74,0.84,0.85,0.94,0.91,0.79,0.67,0.75,0.75,0.74,0.72,0.64,0.55,0.6,0.62,0.82,0.9,0.88,0.82,0.83,0.81,0.77,0.83,0.83,0.85,0.81,0.79,0.75,0.7,0.67,0.74,0.62,0.64,0.69,0.53,0.69,0.68,0.47,0.55,0.57,0.5,0.68,0.49,0.6,0.45,0.54,0.41,0.34,0.58,0.31,0.46,0.27,0.21,0.16,0.28
2026-10-08T08:00:00Z,0.24,0.27,0.53,0.58,0.36,0.41,0.81,0.76,0.7,0.8,0.72,0.82,0.9,0.88,0.71,0.82,0.81,0.79,0.72,0.61,0.61,0.5,0.56,0.67,0.78,0.82,0.81,0.8,0.78,0.82,0.88,0.86,0.85,0.8,0.77,0.82,0.7,0.77,0.76,0.73,0.67,0.63,0.73,0.72,0.58,0.7,0.62,0.6,0.64,0.6,0.71,0.62,0.55,0.68,0.51,0.44,0.52,0.55,0.45,0.53,0.47,0.49,0.37,0.32
2026-10-08T09:00:00Z,0.62,0.44,0.67,0.58,0.4,0.4,0.81,0.87,0.89,0.65,0.8,0.85,0.79,0.88,0.77,0.81,0.82,0.68,0.57,0.57,0.56,0.45,0.57,0.77,0.78,0.89,0.83,0.85,0.89,0.87,0.83,0.81,0.81,0.77,0.77,0.74,0.74,0.75,0.81,0.82,0.73,0.74,0.71,0.68,0.77,0.75,0.62,0.72,0.73,0.61,0.62,0.67,0.46,0.53,0.49,0.64,0.33,0.55,0.58,0.51,0.35,0.42,0.51,0.43
2026-10-08T10:00:00Z,0.69,0.54,0.3,0.69,0.28,0.52,0.82,0.88,0.73,0.7,0.6,0.85,0.85,0.83,0.81,0.85,0.89,0.82,0.59,0.68,0.72,0.68,0.74,0.84,0.72,0.82,0.85,0.84,0.85,0.87,0.81,0.85,0.77,0.79,0.73,0.79,0.76,0.74,0.75,0.81,0.76,0.83,0.79,0.72,0.72,0.74,0.77,0.74,0.69,0.67,0.71,0.64,0.63,0.58,0.51,0.53,0.62,0.38,0.56,0.36,0.38,0.36,0.44,0.56
2026-10-08T11:00:00Z,0.68,0.61,0.4,0.63,0.53,0.53,0.78,0.77,0.8,0.67,0.42,0.65,0.87,0.88,0.83,0.81,0.74,0.67,0.6,0.68,0.69,0.63,0.57,0.77,0.8,0.81,0.86,0.85,0.86,0.85,0.85,0.81,0.84,0.74,0.79,0.79,0.81,0.68,0.73,0.7,0.74,0.78,0.75,0.74,0.74,0.68,0.55,0.58,0.71,0.57,0.59,0.44,0.52,0.45,0.38,0.53,0.45,0.54,0.62,0.57,0.53,0.57,0.63,0.55
2026-10-08T12:00:00Z,0.35,0.25,0.46,0.49,0.29,0.63,0.76,0.8,0.44,0.69,0.65,0.88,0.85,0.77,0.89,0.73,0.8,0.68,0.73,0.53,0.68,0.53,0.67,0.67,0.78,0.87,0.88,0.87,0.85,0.8,0.86,0.84,0.82,0.85,0.82,0.82,0.77,0.76,0.77,0.74,0.66,0.68,0.74,0.62,0.69,0.7,0.57,0.53,0.57,0.54,0.51,0.36,0.46,0.48,0.47,0.53,0.53,0.38,0.43,0.44,0.56,0.61,0.44,0.67
2026-10-08T13:00:00Z,0.75,0.5,0.43,0.84,0.62,0.45,0.88,0.82,0.78,0.66,0.73,0.78,0.89,0.7,0.78,0.76,0.72,0.74,0.73,0.58,0.64,0.57,0.54,0.65,0.73,0.79,0.86,0.87,0.87,0.82,0.81,0.82,0.74,0.8,0.83,0.77,0.66,0.75,0.77,0.78,0.75,0.76,0.69,0.6,0.65,0.74,0.72,0.74,0.75,0.58,0.54,0.55,0.56,0.53,0.4,0.57,0.51,0.46,0.6,0.5,0.61,0.63,0.6,0.59
2026-10-08T14:00:00Z,0.64,0.69,0.57,0.77,0.55,0.75,0.73,0.9,0.75,0.71,0.73,0.73,0.88,0.56,0.82,0.83,0.7,0.61,0.71,0.69,0.56,0.5,0.55,0.6,0.72,0.82,0.84,0.84,0.82,0.83,0.85,0.86,0.83,0.83,0.87,0.77,0.74,0.73,0.57,0.67,0.7,0.65,0.59,0.73,0.73,0.65,0.51,0.6,0.56,0.57,0.32,0.44,0.53,0.42,0.48,0.63,0.58,0.6,0.58,0.49,0.58,0.54,0.49,0.61
2026-10-08T15:00:00Z,0.7,0.65,0.4,0.81,0.78,0.73,0.67,0.82,0.79,0.65,0.59,0.83,0.79,0.81,0.81,0.74,0.68,0.68,0.78,0.6,0.55,0.61,0.59,0.68,0.61,0.72,0.87,0.83,0.83,0.86,0.83,0.86,0.87,0.85,0.81,0.81,0.73,0.56,0.61,0.57,0.62,0.53,0.67,0.49,0.43,0.56,0.48,0.42,0.41,0.49,0.29,0.36,0.45,0.47,0.37,0.36,0.47,0.49,0.54,0.46,0.38,0.44,0.48,0.53
2026-10-08T16:00:00Z,0.51,0.21,0.37,0.61,0.72,0.41,0.67,0.86,0.82,0.86,0.59,0.85,0.82,0.88,0.82,0.81,0.77,0.73,0.62,0.62,0.55,0.47,0.54,0.75,0.78,0.72,0.87,0.88,0.81,0.85,0.79,0.76,0.8,0.81,0.72,0.69,0.71,0.74,0.65,0.68,0.58,0.74,0.62,0.65,0.61,0.64,0.44,0.19,0.35,0.36,0.36,0.41,0.36,0.5,0.29,0.26,0.36,0.35,0.47,0.41,0.61,0.38,0.4,0.48
2026-10-08T17:00:00Z,0.53,0.49,0.34,0.78,0.64,0.49,0.75,0.83,0.81,0.7,0.74,0.78,0.82,0.8,0.7,0.84,0.78,0.56,0.63,0.61,0.67,0.51,0.67,0.73,0.77,0.79,0.86,0.8,0.81,0.87,0.79,0.84,0.74,0.78,0.76,0.58,0.64,0.64,0.62,0.65,0.53,0.41,0.31,0.44,0.38,0.4,0.44,0.54,0.29,0.57,0.35,0.25,0.5,0.39,0.27,0.3,0.4,0.27,0.49,0.47,0.3,0.34,0.44,0.43
2026-10-08T18:00:00Z,0.48,0.36,0.62,0.65,0.62,0.49,0.85,0.9,0.82,0.85,0.82,0.66,0.78,0.89,0.75,0.76,0.84,0.79,0.73,0.66,0.64,0.67,0.67,0.76,0.79,0.82,0.84,0.82,0.8,0.78,0.83,0.79,0.73,0.81,0.73,0.62,0.74,0.72,0.69,0.72,0.73,0.52,0.66,0.7,0.61,0.52,0.57,0.5,0.53,0.5,0.28,0.44,0.41,0.14,0.28,0.29,0.23,0.32,0.12,0.25,0.18,0.26,0.41,0.37
2026-10-08T19:00:00Z,0.47,0.49,0.46,0.76,0.76,0.62,0.69,0.85,0.8,0.83,0.57,0.72,0.86,0.88,0.84,0.78,0.79,0.74,0.6,0.51,0.71,0.65,0.65,0.79,0.85,0.87,0.86,0.85,0.87,0.8,0.92,0.87,0.77,0.8,0.69,0.62,0.72,0.69,0.69,0.52,0.68,0.64,0.71,0.64,0.38,0.55,0.6,0.59,0.41,0.48,0.74,0.58,0.36,0.4,0.39,0.44,0.43,0.35,0.31,0.37,0.32,0.47,0.44,0.47
2026-10-08T20:00:00Z,0.68,0.47,0.58,0.81,0.9,0.82,0.71,0.8,0.85,0.85,0.52,0.83,0.73,0.81,0.87,0.82,0.82,0.77,0.67,0.69,0.69,0.64,0.71,0.86,0.83,0.86,0.84,0.79,0.83,0.85,0.81,0.82,0.78,0.73,0.74,0.83,0.81,0.72,0.67,0.71,0.67,0.66,0.71,0.67,0.58,0.77,0.69,0.66,0.66,0.62,0.67,0.56,0.66,0.71,0.71,0.56,0.46,0.6,0.41,0.36,0.44,0.55,0.43,0.5
2026-10-08T21:00:00Z,0.64,0.53,0.47,0.77,0.78,0.59,0.84,0.86,0.72,0.71,0.8,0.74,0.91,0.88,0.79,0.9,0.78,0.78,0.73,0.69,0.76,0.71,0.71,0.86,0.91,0.92,0.88,0.91,0.9,0.83,0.83,0.86,0.87,0.78,0.78,0.77,0.8,0.76,0.8,0.82,0.79,0.73,0.62,0.73,0.68,0.65,0.79,0.72,0.72,0.73,0.78,0.69,0.75,0.77,0.69,0.74,0.59,0.67,0.55,0.57,0.58,0.49,0.48,0.54
2026-10-08T22:00:00Z,0.63,0.7,0.54,0.58,0.75,0.65,0.74,0.86,0.82,0.83,0.77,0.85,0.74,0.82,0.8,0.83,0.81,0.79,0.77,0.7,0.67,0.78,0.64,0.75,0.82,0.84,0.86,0.86,0.87,0.85,0.85,0.76,0.7,0.85,0.81,0.88,0.84,0.8,0.88,0.85,0.88,0.79,0.81,0.75,0.77,0.72,0.78,0.7,0.75,0.67,0.65,0.73,0.67,0.65,0.6,0.67,0.61,0.53,0.64,0.54,0.54,0.62,0.78,0.76
2026-10-08T23:00:00Z,0.62,0.6,0.56,0.74,0.82,0.69,0.77,0.84,0.84,0.7,0.77,0.67,0.86,0.76,0.8,0.89,0.87,0.87,0.68,0.66,0.76,0.75,0.75,0.77,0.85,0.85,0.87,0.87,0.85,0.91,0.89,0.87,0.81,0.77,0.83,0.87,0.87,0.89,0.82,0.81,0.77,0.69,0.81,0.86,0.71,0.61,0.71,0.78,0.64,0.66,0.69,0.72,0.73,0.61,0.67,0.58,0.63,0.77,0.75,0.7,0.62,0.66,0.55,0.68
2026-10-09T00:00:00Z,0.61,0.62,0.68,0.83,0.87,0.53,0.82,0.81,0.81,0.77,0.68,0.73,0.91,0.88,0.85,0.84,0.75,0.81,0.82,0.73,0.74,0.75,0.77,0.71,0.79,0.7,0.87,0.91,0.88,0.87,0.82,0.86,0.87,0.83,0.82,0.82,0.83,0.75,0.84,0.68,0.73,0.75,0.81,0.76,0.61,0.54,0.66,0.69,0.64,0.65,0.59,0.6,0.73,0.69,0.64,0.71,0.63,0.72,0.55,0.54,0.6,0.5,0.55,0.51
2026-10-09T01:00:00Z,0.83,0.72,0.76,0.8,0.88,0.75,0.85,0.77,0.89,0.74,0.81,0.73,0.69,0.83,0.87,0.76,0.81,0.79,0.79,0.78,0.76,0.65,0.57,0.61,0.8,0.8,0.77,0.86,0.83,0.82,0.86,0.84,0.81,0.79,0.79,0.73,0.82,0.76,0.73,0.72,0.74,0.66,0.62,0.64,0.54,0.59,0.53,0.52,0.54,0.58,0.58,0.69,0.56,0.65,0.6,0.61,0.59,0.52,0.6,0.47,0.5,0.61,0.62,0.56
2026-10-09T02:00:00Z,0.74,0.78,0.76,0.76,0.84,0.73,0.77,0.8,0.8,0.81,0.77,0.67,0.64,0.82,0.68,0.91,0.81,0.85,0.75,0.72,0.67,0.64,0.61,0.61,0.69,0.84,0.85,0.91,0.9,0.84,0.83,0.81,0.81,0.81,0.71,0.76,0.8,0.77,0.75,0.74,0.73,0.67,0.65,0.64,0.51,0.53,0.58,0.51,0.56,0.5,0.33,0.45,0.56,0.45,0.5,0.52,0.58,0.47,0.37,0.48,0.52,0.61,0.54,0.53
2026-10-09T03:00:00Z,0.78,0.59,0.56,0.67,0.76,0.68,0.82,0.68,0.81,0.76,0.82,0.86,0.86,0.87,0.89,0.82,0.82,0.82,0.86,0.65,0.59,0.52,0.61,0.73,0.71,0.77,0.79,0.83,0.86,0.88,0.89,0.85,0.83,0.78,0.73,0.78,0.75,0.75,0.58,0.64,0.49,0.56,0.51,0.6,0.65,0.63,0.39,0.5,0.45,0.49,0.4,0.28,0.46,0.4,0.41,0.4,0.51,0.41,0.59,0.35,0.25,0.39,0.19,0.31
2026-10-09T04:00:00Z,0.7,0.63,0.57,0.47,0.76,0.53,0.76,0.72,0.79,0.8,0.81,0.84,0.71,0.78,0.86,0.8,0.79,0.79,0.74,0.66,0.68,0.65,0.66,0.74,0.71,0.83,0.79,0.89,0.89,0.83,0.81,0.81,0.84,0.8,0.72,0.79,0.78,0.64,0.68,0.65,0.53,0.57,0.59,0.62,0.46,0.47,0.45,0.26,0.51,0.44,0.45,0.41,0.41,0.43,0.36,0.36,0.34,0.35,0.46,0.45,0.4,0.44,0.33,0.44
2026-10-09T05:00:00Z,0.73,0.63,0.41,0.5,0.84,0.44,0.72,0.87,0.85,0.8,0.82,0.75,0.78,0.87,0.88,0.66,0.84,0.74,0.74,0.69,0.62,0.69,0.73,0.67,0.85,0.78,0.82,0.86,0.89,0.84,0.83,0.79,0.76,0.75,0.65,0.76,0.73,0.6,0.72,0.65,0.62,0.47,0.29,0.58,0.47,0.45,0.35,0.39,0.4,0.47,0.35,0.38,0.47,0.45,0.37,0.46,0.4,0.51,0.46,0.22,0.22,0.46,0.33,0.17
2026-10-09T06:00:00Z,0.87,0.87,0.8,0.42,0.92,0.71,0.76,0.74,0.72,0.82,0.73,0.76,0.86,0.92,0.84,0.87,0.81,0.82,0.81,0.77,0.61,0.58,0.67,0.66,0.78,0.79,0.88,0.91,0.86,0.81,0.75,0.8,0.73,0.77,0.76,0.72,0.7,0.6,0.62,0.58,0.67,0.68,0.55,0.35,0.46,0.7,0.61,0.44,0.52,0.45,0.45,0.61,0.57,0.58,0.55,0.47,0.65,0.52,0.4,0.59,0.6,0.48,0.43,0.39
2026-10-09T07:00:00Z,0.67,0.37,0.5,0.4,0.79,0.5,0.83,0.77,0.82,0.75,0.76,0.83,0.8,0.89,0.82,0.9,0.76,0.77,0.77,0.67,0.55,0.62,0.52,0.62,0.72,0.84,0.82,0.87,0.81,0.78,0.79,0.81,0.69,0.78,0.69,0.78,0.59,0.67,0.62,0.7,0.71,0.74,0.67,0.48,0.54,0.59,0.48,0.44,0.54,0.57,0.65,0.56,0.61,0.55,0.5,0.69,0.54,0.53,0.65,0.71,0.65,0.56,0.62,0.59
2026-10-09T08:00:00Z,0.82,0.67,0.56,0.76,0.87,0.77,0.86,0.62,0.78,0.74,0.79,0.85,0.87,0.87,0.92,0.85,0.79,0.77,0.73,0.68,0.52,0.56,0.63,0.73,0.81,0.8,0.85,0.81,0.85,0.76,0.75,0.79,0.81,0.69,0.7,0.74,0.73,0.71,0.69,0.67,0.51,0.67,0.64,0.63,0.56,0.61,0.63,0.53,0.67,0.59,0.54,0.5,0.59,0.66,0.69,0.71,0.58,0.62,0.59,0.61,0.64,0.64,0.49,0.61
2026-10-09T09:00:00Z,0.8,0.68,0.69,0.46,0.91,0.49,0.67,0.69,0.77,0.75,0.87,0.88,0.9,0.84,0.84,0.8,0.79,0.83,0.78,0.64,0.56,0.61,0.67,0.71,0.8,0.8,0.75,0.78,0.7,0.83,0.84,0.71,0.76,0.8,0.77,0.71,0.65,0.73,0.65,0.64,0.59,0.66,0.76,0.58,0.61,0.53,0.71,0.6,0.62,0.71,0.6,0.53,0.68,0.69,0.62,0.61,0.66,0.69,0.66,0.61,0.59,0.56,0.66,0.72
2026-10-09T10:00:00Z,0.92,0.82,0.61,0.69,0.94,0.9,0.71,0.8,0.57,0.7,0.8,0.85,0.85,0.82,0.81,0.72,0.84,0.76,0.67,0.62,0.6,0.43,0.62,0.58,0.72,0.78,0.84,0.85,0.84,0.83,0.74,0.64,0.74,0.77,0.74,0.71,0.67,0.65,0.76,0.78,0.77,0.75,0.74,0.74,0.69,0.66,0.67,0.8,0.76,0.68,0.77,0.73,0.63,0.68,0.73,0.68,0.59,0.67,0.54,0.59,0.64,0.55,0.67,0.6
2026-10-09T11:00:00Z,0.84,0.68,0.51,0.41,0.89,0.85,0.74,0.84,0.69,0.75,0.68,0.78,0.85,0.88,0.9,0.82,0.75,0.69,0.59,0.58,0.49,0.33,0.54,0.6,0.73,0.71,0.83,0.79,0.8,0.81,0.77,0.76,0.81,0.82,0.79,0.81,0.84,0.76,0.78,0.79,0.71,0.77,0.7,0.74,0.68,0.63,0.67,0.73,0.7,0.66,0.67,0.62,0.49,0.59,0.66,0.56,0.65,0.53,0.53,0.63,0.63,0.64,0.66,0.6
2026-10-09T12:00:00Z,0.89,0.67,0.41,0.51,0.93,0.92,0.83,0.81,0.69,0.88,0.61,0.89,0.93,0.94,0.96,0.92,0.82,0.73,0.73,0.59,0.65,0.68,0.53,0.65,0.66,0.79,0.83,0.86,0.85,0.85,0.79,0.86,0.79,0.64,0.83,0.74,0.79,0.82,0.73,0.72,0.73,0.63,0.64,0.72,0.67,0.61,0.69,0.69,0.73,0.6,0.68,0.61,0.47,0.48,0.6,0.57,0.54,0.51,0.49,0.55,0.56,0.54,0.55,0.54
2026-10-09T13:00:00Z,0.88,0.81,0.44,0.66,0.94,0.93,0.75,0.89,0.67,0.72,0.74,0.78,0.79,0.85,0.9,0.85,0.87,0.74,0.66,0.66,0.63,0.58,0.58,0.65,0.74,0.82,0.84,0.87,0.77,0.77,0.75,0.76,0.78,0.71,0.73,0.71,0.74,0.75,0.75,0.73,0.72,0.7,0.66,0.64,0.62,0.49,0.52,0.76,0.55,0.61,0.56,0.65,0.63,0.52,0.48,0.53,0.43,0.55,0.53,0.52,0.61,0.43,0.37,0.42
2026-10-09T14:00:00Z,0.87,0.75,0.45,0.83,0.95,0.9,0.8,0.69,0.83,0.66,0.72,0.7,0.88,0.92,0.84,0.89,0.86,0.83,0.75,0.56,0.72,0.56,0.56,0.65,0.74,0.72,0.82,0.85,0.77,0.74,0.66,0.73,0.7,0.67,0.72,0.8,0.76,0.68,0.61,0.72,0.76,0.61,0.63,0.6,0.71,0.59,0.54,0.61,0.65,0.54,0.42,0.65,0.59,0.56,0.58,0.47,0.43,0.48,0.58,0.46,0.41,0.4,0.32,0.47
2026-10-09T15:00:00Z,0.7,0.6,0.48,0.67,0.88,0.89,0.8,0.86,0.8,0.74,0.67,0.77,0.75,0.84,0.87,0.78,0.78,0.74,0.75,0.67,0.72,0.51,0.57,0.56,0.69,0.77,0.87,0.75,0.88,0.65,0.74,0.67,0.77,0.74,0.7,0.65,0.67,0.66,0.39,0.42,0.61,0.58,0.46,0.5,0.27,0.3,0.38,0.4,0.28,0.5,0.44,0.43,0.32,0.42,0.31,0.35,0.38,0.34,0.25,0.47,0.56,0.47,0.39,0.34
2026-10-09T16:00:00Z,0.84,0.61,0.3,0.73,0.91,0.89,0.62,0.77,0.8,0.68,0.75,0.76,0.8,0.9,0.88,0.9,0.83,0.8,0.63,0.57,0.53,0.54,0.55,0.59,0.64,0.76,0.78,0.79,0.78,0.79,0.82,0.86,0.83,0.65,0.63,0.67,0.64,0.61,0.58,0.7,0.64,0.52,0.43,0.28,0.29,0.46,0.19,0.46,0.19,0.36,0.41,0.36,0.19,0.27,0.26,0.36,0.42,0.3,0.29,0.35,0.41,0.55,0.49,0.5
2026-10-09T17:00:00Z,0.64,0.62,0.61,0.45,0.88,0.88,0.79,0.81,0.73,0.81,0.69,0.63,0.84,0.78,0.87,0.78,0.83,0.77,0.69,0.66,0.5,0.56,0.6,0.72,0.71,0.67,0.65,0.73,0.78,0.74,0.77,0.84,0.77,0.71,0.79,0.74,0.67,0.63,0.51,0.62,0.65,0.61,0.61,0.56,0.59,0.43,0.3,0.47,0.47,0.34,0.35,0.19,0.34,0.53,0.39,0.27,0.52,0.45,0.51,0.57,0.64,0.67,0.64,0.67
2026-10-09T18:00:00Z,0.66,0.56,0.05,0.65,0.89,0.9,0.83,0.75,0.73,0.83,0.83,0.79,0.79,0.85,0.8,0.87,0.87,0.8,0.77,0.62,0.52,0.63,0.59,0.59,0.68,0.73,0.71,0.79,0.81,0.7,0.7,0.74,0.77,0.81,0.67,0.59,0.66,0.62,0.56,0.49,0.42,0.47,0.61,0.54,0.47,0.48,0.49,0.59,0.44,0.38,0.56,0.33,0.58,0.46,0.34,0.6,0.51,0.44,0.37,0.39,0.49,0.51,0.56,0.59
2026-10-09T19:00:00Z,0.74,0.53,0.83,0.71,0.86,0.92,0.79,0.86,0.82,0.83,0.79,0.78,0.72,0.86,0.87,0.89,0.91,0.87,0.76,0.72,0.76,0.68,0.65,0.63,0.71,0.68,0.72,0.77,0.76,0.69,0.67,0.67,0.64,0.73,0.76,0.78,0.74,0.66,0.47,0.45,0.63,0.46,0.39,0.62,0.51,0.59,0.37,0.58,0.53,0.21,0.32,0.56,0.47,0.43,0.36,0.4,0.33,0.33,0.37,0.53,0.46,0.29,0.46,0.47
2026-10-09T20:00:00Z,0.68,0.61,0.56,0.65,0.83,0.9,0.88,0.71,0.88,0.77,0.8,0.82,0.77,0.85,0.91,0.89,0.91,0.88,0.72,0.71,0.61,0.55,0.7,0.62,0.69,0.81,0.8,0.83,0.79,0.79,0.77,0.58,0.53,0.6,0.62,0.55,0.59,0.58,0.59,0.44,0.65,0.73,0.76,0.62,0.59,0.49,0.59,0.67,0.67,0.5,0.52,0.58,0.63,0.6,0.42,0.24,0.52,0.46,0.36,0.32,0.44,0.36,0.5,0.57
2026-10-09T21:00:00Z,0.89,0.91,0.77,0.78,0.89,0.94,0.82,0.87,0.78,0.82,0.77,0.78,0.71,0.89,0.91,0.91,0.88,0.81,0.76,0.61,0.58,0.47,0.68,0.78,0.77,0.75,0.82,0.74,0.68,0.62,0.8,0.76,0.82,0.76,0.75,0.76,0.68,0.72,0.75,0.8,0.78,0.8,0.83,0.86,0.69,0.7,0.83,0.74,0.63,0.74,0.74,0.73,0.71,0.7,0.75,0.66,0.69,0.48,0.57,0.48,0.35,0.52,0.57,0.55
2026-10-09T22:00:00Z,0.67,0.71,0.66,0.49,0.9,0.86,0.64,0.86,0.74,0.81,0.75,0.76,0.66,0.87,0.86,0.92,0.91,0.92,0.84,0.6,0.56,0.54,0.77,0.73,0.76,0.79,0.75,0.83,0.74,0.68,0.66,0.83,0.87,0.85,0.78,0.75,0.76,0.75,0.69,0.68,0.78,0.79,0.82,0.8,0.79,0.81,0.82,0.74,0.76,0.73,0.74,0.7,0.66,0.68,0.64,0.65,0.63,0.49,0.46,0.38,0.54,0.29,0.33,0.4
2026-10-09T23:00:00Z,0.82,0.71,0.6,0.81,0.89,0.92,0.76,0.76,0.77,0.67,0.69,0.74,0.73,0.56,0.86,0.92,0.89,0.83,0.82,0.78,0.7,0.62,0.53,0.55,0.7,0.77,0.82,0.83,0.75,0.75,0.79,0.71,0.83,0.82,0.88,0.86,0.78,0.79,0.79,0.74,0.84,0.74,0.73,0.77,0.69,0.71,0.77,0.73,0.79,0.74,0.68,0.66,0.58,0.62,0.5,0.53,0.51,0.46,0.48,0.57,0.56,0.6,0.71,0.62
2026-10-10T00:00:00Z,0.65,0.6,0.72,0.74,0.82,0.87,0.83,0.76,0.73,0.76,0.71,0.72,0.72,0.76,0.81,0.93,0.88,0.86,0.79,0.8,0.59,0.55,0.54,0.63,0.79,0.69,0.74,0.78,0.84,0.73,0.69,0.82,0.83,0.82,0.85,0.82,0.84,0.76,0.78,0.71,0.73,0.81,0.73,0.78,0.77,0.66,0.71,0.76,0.67,0.75,0.77,0.66,0.63,0.67,0.69,0.63,0.76,0.78,0.7,0.6,0.72,0.6,0.75,0.7
2026-10-10T01:00:00Z,0.82,0.59,0.58,0.52,0.84,0.87,0.81,0.84,0.83,0.86,0.8,0.68,0.71,0.74,0.87,0.88,0.86,0.89,0.9,0.81,0.68,0.64,0.68,0.67,0.75,0.71,0.76,0.68,0.77,0.82,0.76,0.76,0.9,0.85,0.81,0.76,0.81,0.73,0.74,0.78,0.75,0.73,0.69,0.72,0.72,0.75,0.71,0.55,0.67,0.71,0.68,0.76,0.6,0.62,0.5,0.65,0.65,0.61,0.54,0.58,0.63,0.73,0.65,0.56
2026-10-10T02:00:00Z,0.8,0.74,0.73,0.24,0.81,0.88,0.84,0.85,0.83,0.82,0.77,0.75,0.66,0.77,0.87,0.87,0.89,0.89,0.81,0.71,0.61,0.61,0.7,0.64,0.71,0.73,0.8,0.73,0.73,0.76,0.75,0.82,0.9,0.87,0.82,0.77,0.82,0.82,0.78,0.66,0.64,0.7,0.77,0.64,0.66,0.61,0.5,0.57,0.62,0.57,0.58,0.58,0.66,0.66,0.68,0.58,0.66,0.62,0.67,0.59,0.66,0.57,0.56,0.65
2026-10-10T03:00:00Z,0.74,0.7,0.33,0.3,0.87,0.88,0.67,0.81,0.85,0.81,0.76,0.76,0.65,0.73,0.85,0.81,0.91,0.87,0.87,0.72,0.64,0.65,0.5,0.59,0.74,0.76,0.69,0.75,0.73,0.66,0.83,0.81,0.85,0.89,0.89,0.75,0.68,0.8,0.76,0.76,0.66,0.69,0.64,0.69,0.53,0.45,0.54,0.57,0.47,0.53,0.47,0.56,0.57,0.54,0.65,0.52,0.61,0.47,0.49,0.58,0.54,0.55,0.59,0.56
2026-10-10T04:00:00Z,0.64,0.71,0.37,0.65,0.7,0.86,0.72,0.8,0.78,0.87,0.78,0.87,0.69,0.77,0.83,0.93,0.89,0.89,0.8,0.81,0.67,0.69,0.64,0.67,0.8,0.78,0.77,0.83,0.82,0.82,0.78,0.78,0.81,0.81,0.79,0.73,0.78,0.82,0.8,0.77,0.7,0.74,0.71,0.56,0.67,0.65,0.67,0.57,0.41,0.35,0.48,0.42,0.39,0.49,0.52,0.53,0.43,0.28,0.54,0.58,0.48,0.42,0.31,0.34
2026-10-10T05:00:00Z,0.78,0.74,0.47,0.32,0.76,0.91,0.87,0.87,0.79,0.79,0.76,0.76,0.7,0.71,0.76,0.82,0.87,0.89,0.83,0.71,0.64,0.65,0.56,0.63,0.72,0.68,0.75,0.8,0.82,0.87,0.89,0.85,0.8,0.86,0.82,0.82,0.79,0.72,0.73,0.61,0.55,0.58,0.6,0.62,0.56,0.25,0.66,0.56,0.39,0.44,0.47,0.25,0.35,0.48,0.55,0.53,0.47,0.44,0.59,0.6,0.47,0.41,0.4,0.52
2026-10-10T06:00:00Z,0.78,0.71,0.42,0.63,0.85,0.87,0.85,0.79,0.91,0.88,0.76,0.82,0.55,0.76,0.66,0.73,0.87,0.83,0.82,0.73,0.62,0.51,0.57,0.55,0.64,0.7,0.81,0.82,0.89,0.87,0.87,0.85,0.76,0.81,0.83,0.66,0.71,0.75,0.76,0.72,0.74,0.64,0.56,0.6,0.59,0.58,0.5,0.46,0.66,0.43,0.41,0.46,0.37,0.24,0.31,0.53,0.37,0.39,0.39,0.36,0.44,0.29,0.34,0.43
2026-10-10T07:00:00Z,0.71,0.71,0.45,0.49,0.78,0.91,0.91,0.91,0.79,0.86,0.89,0.64,0.7,0.67,0.84,0.89,0.85,0.86,0.82,0.81,0.64,0.6,0.78,0.68,0.72,0.82,0.74,0.75,0.78,0.87,0.87,0.85,0.81,0.78,0.79,0.75,0.66,0.68,0.75,0.65,0.57,0.47,0.61,0.63,0.5,0.48,0.58,0.43,0.52,0.38,0.45,0.3,0.44,0.5,0.47,0.34,0.27,0.15,0.26,0.3,0.36,0.32,0.41,0.49
2026-10-10T08:00:00Z,0.78,0.6,0.24,0.39,0.71,0.91,0.85,0.72,0.88,0.67,0.88,0.75,0.66,0.5,0.69,0.77,0.84,0.83,0.76,0.7,0.64,0.6,0.61,0.7,0.87,0.83,0.81,0.87,0.84,0.82,0.8,0.74,0.81,0.8,0.65,0.74,0.58,0.65,0.69,0.64,0.62,0.61,0.58,0.54,0.53,0.56,0.53,0.53,0.59,0.5,0.52,0.46,0.46,0.45,0.33,0.2,0.41,0.38,0.36,0.48,0.44,0.38,0.43,0.25
2026-10-10T09:00:00Z,0.58,0.4,0.26,0.45,0.56,0.86,0.94,0.86,0.86,0.85,0.83,0.7,0.67,0.75,0.85,0.68,0.88,0.79,0.84,0.73,0.58,0.65,0.68,0.67,0.82,0.88,0.85,0.79,0.84,0.79,0.73,0.77,0.82,0.83,0.75,0.63,0.75,0.71,0.74,0.72,0.78,0.63,0.73,0.75,0.71,0.74,0.64,0.62,0.53,0.61,0.64,0.7,0.66,0.35,0.58,0.59,0.6,0.52,0.41,0.53,0.43,0.36,0.37,0.24
2026-10-10T10:00:00Z,0.88,0.74,0.4,0.59,0.64,0.95,0.89,0.93,0.9,0.84,0.83,0.57,0.77,0.87,0.76,0.85,0.87,0.89,0.8,0.82,0.73,0.55,0.62,0.63,0.77,0.84,0.91,0.78,0.73,0.85,0.84,0.69,0.76,0.71,0.79,0.68,0.69,0.6,0.61,0.63,0.69,0.73,0.69,0.79,0.73,0.73,0.72,0.75,0.66,0.61,0.71,0.54,0.55,0.56,0.6,0.62,0.55,0.54,0.46,0.58,0.48,0.43,0.55,0.42
2026-10-10T11:00:00Z,0.7,0.46,0.58,0.48,0.87,0.85,0.94,0.83,0.83,0.71,0.7,0.86,0.89,0.73,0.61,0.8,0.83,0.81,0.78,0.81,0.66,0.74,0.7,0.71,0.76,0.76,0.81,0.86,0.81,0.73,0.75,0.81,0.74,0.7,0.77,0.7,0.66,0.66,0.66,0.73,0.67,0.61,0.47,0.75,0.67,0.58,0.65,0.68,0.56,0.61,0.59,0.63,0.63,0.69,0.69,0.59,0.55,0.56,0.52,0.54,0.49,0.41,0.35,0.41
2026-10-10T12:00:00Z,0.72,0.53,0.3,0.64,0.65,0.92,0.91,0.82,0.81,0.86,0.67,0.67,0.7,0.68,0.84,0.9,0.89,0.88,0.83,0.76,0.75,0.67,0.76,0.68,0.82,0.83,0.82,0.74,0.84,0.84,0.77,0.74,0.77,0.68,0.61,0.52,0.66,0.61,0.71,0.73,0.69,0.71,0.69,0.68,0.68,0.57,0.63,0.61,0.71,0.6,0.69,0.47,0.53,0.47,0.41,0.67,0.56,0.5,0.47,0.44,0.38,0.56,0.41,0.28
2026-10-10T13:00:00Z,0.79,0.65,0.69,0.31,0.83,0.91,0.91,0.82,0.85,0.7,0.82,0.78,0.72,0.58,0.75,0.9,0.87,0.91,0.84,0.73,0.69,0.71,0.79,0.83,0.88,0.88,0.85,0.82,0.82,0.8,0.67,0.72,0.67,0.74,0.67,0.69,0.72,0.68,0.75,0.73,0.72,0.63,0.56,0.59,0.5,0.59,0.59,0.47,0.62,0.53,0.46,0.53,0.57,0.58,0.62,0.59,0.6,0.52,0.39,0.43,0.47,0.06,0.38,0.31
2026-10-10T14:00:00Z,0.75,0.62,0.28,0.47,0.63,0.9,0.92,0.78,0.89,0.73,0.71,0.79,0.57,0.81,0.77,0.8,0.85,0.87,0.82,0.82,0.7,0.69,0.79,0.8,0.8,0.82,0.87,0.85,0.85,0.84,0.78,0.78,0.71,0.76,0.74,0.63,0.72,0.73,0.67,0.68,0.71,0.71,0.6,0.72,0.71,0.68,0.65,0.53,0.56,0.75,0.64,0.65,0.48,0.62,0.6,0.51,0.43,0.44,0.4,0.56,0.43,0.43,0.34,0.4
