timestamp_utc,first_seen_utc,wdir,wspd,gst,wvht,dpd,apd,mwd,pres,atmp,wtmp,dewp,vis,ptdy,tide
2026-07-29T00:00:00Z,2026-09-12T23:23:23Z,320,10.0,11.0,,,,,1010.9,17.0,18.6,15.7,,-2.0,
2026-07-29T00:10:00Z,2026-09-12T23:23:23Z,320,10.0,12.0,,,,,1010.9,17.0,18.6,15.7,,,
2026-07-29T00:20:00Z,2026-09-12T23:23:23Z,320,10.0,12.0,2.2,8,6.3,314,1010.7,17.0,18.6,15.7,,,
2026-07-29T00:30:00Z,2026-09-12T23:23:23Z,,,,,,,,1010.6,,18.5,,,,
2026-07-29T00:40:00Z,2026-09-12T23:23:23Z,310,10.0,12.0,,,,,1010.6,17.0,18.5,15.8,,,
2026-07-29T00:50:00Z,2026-09-12T23:23:23Z,320,10.0,12.0,2.3,17,6.5,211,1010.5,17.0,,15.8,,,
2026-07-29T01:00:00Z,2026-09-12T23:23:23Z,310,10.0,13.0,,,,,1010.6,17.0,18.6,15.8,,-1.4,
2026-07-29T01:10:00Z,2026-09-12T23:23:23Z,320,10.0,13.0,2.1,,6.3,309,1010.4,17.0,18.6,15.9,,,
2026-07-29T01:20:00Z,2026-09-12T23:23:23Z,320,9.0,11.0,2.1,9,6.3,309,1010.4,17.0,18.6,15.9,,,
2026-07-29T01:30:00Z,2026-09-12T23:23:23Z,310,10.0,12.0,,,,,1010.4,17.0,18.6,15.9,,,
2026-07-29T01:40:00Z,2026-09-12T23:23:23Z,320,10.0,12.0,,,,,1010.3,17.0,18.6,15.9,,,
2026-07-29T01:50:00Z,2026-09-12T23:23:23Z,320,10.0,12.0,2.5,17,6.8,182,1010.3,17.0,18.6,15.9,,,
2026-07-29T02:00:00Z,2026-09-12T23:23:23Z,320,10.0,13.0,,,,,1010.3,17.0,18.6,16.0,,-1.1,
2026-07-29T02:10:00Z,2026-09-12T23:23:23Z,320,10.0,12.0,2.4,,6.8,176,1010.2,16.9,18.6,15.8,,,
2026-07-29T02:20:00Z,2026-09-12T23:23:23Z,320,10.0,13.0,2.4,17,6.8,176,1010.2,16.9,18.5,15.9,,,
2026-07-29T02:30:00Z,2026-09-12T23:23:23Z,320,10.0,12.0,,,,,1010.3,16.9,18.5,16.0,,,
2026-07-29T02:40:00Z,2026-09-12T23:23:23Z,320,10.0,13.0,2.3,,6.6,174,1010.4,16.8,18.5,15.9,,,
2026-07-29T02:50:00Z,2026-09-12T23:23:23Z,320,10.0,14.0,2.3,17,6.6,174,1010.3,16.8,18.5,15.9,,,
2026-07-29T03:00:00Z,2026-09-12T23:23:23Z,310,11.0,13.0,,,,,1010.3,16.8,18.5,16.0,,-0.6,
2026-07-29T03:10:00Z,2026-09-12T23:23:23Z,320,10.0,12.0,2.4,,6.4,311,1010.3,16.9,18.5,16.1,,,
2026-07-29T03:20:00Z,2026-09-12T23:23:23Z,320,10.0,12.0,2.4,8,6.4,311,1010.3,16.8,18.5,16.0,,,
2026-07-29T03:30:00Z,2026-09-12T23:23:23Z,310,11.0,13.0,,,,,1010.2,16.8,18.5,15.9,,,
2026-07-29T03:40:00Z,2026-09-12T23:23:23Z,320,11.0,13.0,,,,,1010.3,16.7,18.6,15.9,,,
2026-07-29T03:50:00Z,2026-09-12T23:23:23Z,320,10.0,12.0,2.5,14,6.4,160,1010.5,16.7,18.6,15.9,,,
2026-07-29T04:00:00Z,2026-09-12T23:23:23Z,320,10.0,13.0,,,,,1010.6,16.8,18.6,15.9,,+0.0,
2026-07-29T04:10:00Z,2026-09-12T23:23:23Z,320,10.0,12.0,2.5,,6.5,163,1010.6,16.8,18.5,16.1,,,
2026-07-29T04:20:00Z,2026-09-12T23:23:23Z,320,10.0,12.0,2.5,16,6.5,163,1010.7,16.9,18.6,16.1,,,
2026-07-29T04:30:00Z,2026-09-12T23:23:23Z,320,10.0,13.0,,,,,1010.9,16.6,18.6,15.8,,,
2026-07-29T04:40:00Z,2026-09-12T23:23:23Z,320,10.0,13.0,2.6,,6.6,254,1011.0,16.7,18.5,15.9,,,
2026-07-29T04:50:00Z,2026-09-12T23:23:23Z,320,10.0,12.0,2.6,16,6.6,254,1011.2,16.7,18.5,15.9,,,
2026-07-29T05:00:00Z,2026-09-12T23:23:23Z,320,10.0,13.0,,,,,1011.4,16.6,18.5,15.8,,+1.0,
2026-07-29T05:10:00Z,2026-09-12T23:23:23Z,310,10.0,13.0,2.6,,6.5,196,1011.5,16.6,18.5,15.8,,,
2026-07-29T05:20:00Z,2026-09-12T23:23:23Z,310,9.0,11.0,2.6,17,6.5,196,1011.7,16.8,18.5,16.0,,,
2026-07-29T05:30:00Z,2026-09-12T23:23:23Z,310,9.0,12.0,,,,,1011.7,16.9,18.5,16.1,,,
2026-07-29T05:40:00Z,2026-09-12T23:23:23Z,320,10.0,12.0,,,,,1011.7,16.8,18.6,16.0,,,
2026-07-29T05:50:00Z,2026-09-12T23:23:23Z,310,10.0,11.0,2.7,8,6.7,316,1011.6,16.8,18.6,15.9,,,
2026-07-29T06:00:00Z,2026-09-12T23:23:23Z,320,9.0,11.0,,,,,1011.7,16.9,18.6,15.9,,+1.4,
2026-07-29T06:10:00Z,2026-09-12T23:23:23Z,320,8.0,11.0,3.0,,6.8,320,1011.7,17.0,18.6,16.0,,,
2026-07-29T06:20:00Z,2026-09-12T23:23:23Z,320,9.0,12.0,3.0,8,6.8,320,1011.7,16.9,18.6,15.8,,,
2026-07-29T06:30:00Z,2026-09-12T23:23:23Z,320,9.0,12.0,,,,,1011.7,16.9,18.6,15.8,,,
2026-07-29T06:40:00Z,2026-09-12T23:23:23Z,320,9.0,12.0,2.9,,6.7,308,1011.6,16.9,18.6,15.7,,,
2026-07-29T06:50:00Z,2026-09-12T23:23:23Z,310,9.0,11.0,2.9,8,6.7,308,1011.6,17.0,18.6,15.9,,,
2026-07-29T07:00:00Z,2026-09-12T23:23:23Z,310,9.0,11.0,,,,,1011.7,16.9,18.6,15.8,,+1.2,
2026-07-29T07:10:00Z,2026-09-12T23:23:23Z,310,9.0,11.0,3.0,,7.0,318,1011.7,17.0,18.6,15.8,,,
2026-07-29T07:20:00Z,2026-09-12T23:23:23Z,310,8.0,11.0,3.0,8,7.0,318,1011.9,17.0,18.6,15.7,,,
2026-07-29T07:30:00Z,2026-09-12T23:23:23Z,320,8.0,10.0,,,,,1011.8,17.0,,15.6,,,
2026-07-29T07:40:00Z,2026-09-12T23:23:23Z,320,8.0,11.0,,,,,1011.9,17.0,18.6,15.7,,,
2026-07-29T07:50:00Z,2026-09-12T23:23:23Z,310,7.0,10.0,2.9,9,6.8,318,1011.7,17.0,18.6,15.8,,,
2026-07-29T08:00:00Z,2026-09-12T23:23:23Z,310,7.0,9.0,,,,,1011.8,17.1,18.6,16.0,,+0.4,
2026-07-29T08:10:00Z,2026-09-12T23:23:23Z,310,8.0,11.0,,,,,1011.7,16.8,18.6,15.6,,,
2026-07-29T08:20:00Z,2026-09-12T23:23:23Z,300,8.0,10.0,2.9,17,6.8,197,1012.4,16.8,,15.6,,,
2026-07-29T08:30:00Z,2026-09-12T23:23:23Z,310,8.0,10.0,,,,,1011.4,17.0,18.5,15.7,,,
2026-07-29T08:40:00Z,2026-09-12T23:23:23Z,310,8.0,10.0,2.7,,6.8,317,1011.5,16.8,18.5,15.5,,,
2026-07-29T08:50:00Z,2026-09-12T23:23:23Z,310,8.0,10.0,2.7,8,6.8,317,1011.4,16.8,18.5,15.4,,,
2026-07-29T09:00:00Z,2026-09-12T23:23:23Z,320,8.0,11.0,,,,,1011.3,16.9,18.4,15.5,,-0.4,
2026-07-29T09:10:00Z,2026-09-12T23:23:23Z,310,8.0,10.0,2.8,,6.9,145,1011.2,16.9,18.4,15.5,,,
2026-07-29T09:20:00Z,2026-09-12T23:23:23Z,310,7.0,10.0,2.8,14,6.9,145,1011.2,16.9,18.5,15.6,,,
2026-07-29T09:30:00Z,2026-09-12T23:23:23Z,310,8.0,10.0,,,,,1011.2,16.8,18.5,15.5,,,
2026-07-29T09:40:00Z,2026-09-12T23:23:23Z,310,8.0,10.0,,,,,1011.3,16.7,18.4,15.4,,,
2026-07-29T09:50:00Z,2026-09-12T23:23:23Z,310,8.0,10.0,2.8,16,7.1,181,1011.1,16.7,18.4,15.4,,,
2026-07-29T10:00:00Z,2026-09-12T23:23:23Z,310,7.0,10.0,,,,,1011.0,16.7,18.4,15.4,,-0.7,
2026-07-29T10:10:00Z,2026-09-12T23:23:23Z,310,7.0,9.0,2.6,,6.7,147,1011.1,16.8,18.4,15.5,,,
2026-07-29T10:20:00Z,2026-09-12T23:23:23Z,310,8.0,10.0,2.6,13,6.7,147,1011.0,16.8,18.4,15.5,,,
2026-07-29T10:30:00Z,2026-09-12T23:23:23Z,320,7.0,10.0,,,,,1011.0,16.7,18.4,15.4,,,
2026-07-29T10:40:00Z,2026-09-12T23:23:23Z,310,8.0,10.0,,,,,1010.9,16.8,18.5,15.5,,,
2026-07-29T10:50:00Z,2026-09-12T23:23:23Z,310,8.0,11.0,2.5,16,6.8,161,1010.9,16.6,18.5,15.3,,,
2026-07-29T11:00:00Z,2026-09-12T23:23:23Z,310,8.0,10.0,,,,,1010.8,16.6,18.5,15.4,,-0.9,
2026-07-29T11:10:00Z,2026-09-12T23:23:23Z,310,8.0,10.0,2.4,,6.6,150,1010.8,16.7,18.5,15.5,,,
2026-07-29T11:20:00Z,2026-09-12T23:23:23Z,300,9.0,11.0,2.4,13,6.6,150,1010.8,16.7,18.5,15.5,,,
2026-07-29T11:30:00Z,2026-09-12T23:23:23Z,320,8.0,10.0,,,,,1010.7,16.5,,15.4,,,
2026-07-29T11:40:00Z,2026-09-12T23:23:23Z,310,8.0,11.0,2.4,,6.8,170,1010.8,16.6,18.5,15.5,,,
2026-07-29T11:50:00Z,2026-09-12T23:23:23Z,300,9.0,11.0,2.4,16,6.8,170,1010.9,16.6,,15.4,,,
2026-07-29T12:00:00Z,2026-09-12T23:23:23Z,300,8.0,10.0,,,,,1011.0,16.6,18.5,15.5,,-0.3,
2026-07-29T12:10:00Z,2026-09-12T23:23:23Z,310,8.0,10.0,2.2,,6.7,187,1011.2,16.4,18.5,15.3,,,
2026-07-29T12:20:00Z,2026-09-12T23:23:23Z,310,8.0,10.0,2.2,16,6.7,187,1011.2,16.4,18.5,15.3,,,
2026-07-29T12:30:00Z,2026-09-12T23:23:23Z,310,8.0,10.0,,,,,1011.2,16.4,18.6,15.3,,,
2026-07-29T12:40:00Z,2026-09-12T23:23:23Z,310,7.0,10.0,,,,,1011.2,16.4,18.6,15.3,,,
2026-07-29T12:50:00Z,2026-09-12T23:23:23Z,300,8.0,10.0,2.4,16,7.2,194,1011.3,16.5,18.6,15.5,,,
2026-07-29T13:00:00Z,2026-09-12T23:23:23Z,320,8.0,10.0,,,,,1011.3,16.4,18.6,15.3,,+0.3,
2026-07-29T13:10:00Z,2026-09-12T23:23:23Z,320,7.0,9.0,2.4,,7.2,185,1011.4,16.4,18.6,15.3,,,
2026-07-29T13:20:00Z,2026-09-12T23:23:23Z,300,7.0,10.0,2.4,16,7.2,185,1011.4,16.5,18.6,15.5,,,
2026-07-29T13:30:00Z,2026-09-12T23:23:23Z,300,7.0,9.0,,,,,1011.5,16.5,18.6,15.5,,,
2026-07-29T13:40:00Z,2026-09-12T23:23:23Z,300,8.0,9.0,,,,,1011.5,16.4,18.6,15.4,,,
2026-07-29T13:50:00Z,2026-09-12T23:23:23Z,310,7.0,10.0,2.5,16,7.5,158,1011.5,16.4,18.6,15.3,,,
2026-07-29T14:00:00Z,2026-09-12T23:23:23Z,320,8.0,10.0,,,,,1011.5,16.5,18.6,15.4,,+0.7,
2026-07-29T14:10:00Z,2026-09-12T23:23:23Z,310,7.0,9.0,2.5,,7.4,186,1011.6,16.5,18.6,15.3,,,
2026-07-29T14:20:00Z,2026-09-12T23:23:23Z,320,7.0,10.0,2.5,16,7.4,186,1011.7,16.5,18.6,15.3,,,
2026-07-29T14:30:00Z,2026-09-12T23:23:23Z,330,7.0,9.0,,,,,1011.7,16.5,18.6,15.3,,,
2026-07-29T14:40:00Z,2026-09-12T23:23:23Z,310,7.0,9.0,,,,,1011.7,16.5,18.6,15.3,,,
2026-07-29T14:50:00Z,2026-09-12T23:23:23Z,300,7.0,9.0,2.3,15,7.3,186,1011.6,16.5,18.6,15.3,,,
2026-07-29T15:00:00Z,2026-09-12T23:23:23Z,300,7.0,9.0,2.6,,8.0,175,1011.6,16.5,18.6,15.5,,+0.6,
2026-07-29T15:10:00Z,2026-09-12T23:23:23Z,300,7.0,10.0,,,,,1011.5,16.5,18.7,15.5,,,
2026-07-29T15:20:00Z,2026-09-12T23:23:23Z,,,,2.6,,8.0,175,1011.5,,18.7,,,,
2026-07-29T15:30:00Z,2026-09-12T23:23:23Z,310,7.0,9.0,,,,,1011.5,16.5,18.7,15.5,,,
2026-07-29T15:40:00Z,2026-09-12T23:23:23Z,310,7.0,9.0,,,,,1011.7,16.5,18.7,15.4,,,
2026-07-29T15:50:00Z,2026-09-12T23:23:23Z,310,6.0,8.0,2.5,14,7.9,160,1011.8,16.5,18.7,15.6,,,
2026-07-29T16:00:00Z,2026-09-12T23:23:23Z,310,6.0,8.0,,,,,1011.8,16.5,18.7,15.5,,+0.5,
2026-07-29T16:10:00Z,2026-09-12T23:23:23Z,,,,,,,,1011.9,,,,,,
2026-07-29T16:20:00Z,2026-09-12T23:23:23Z,300,6.0,9.0,2.5,14,7.9,162,1011.9,16.5,18.7,15.5,,,
2026-07-29T16:30:00Z,2026-09-12T23:23:23Z,310,6.0,9.0,,,,,1011.9,16.5,18.7,15.5,,,
2026-07-29T16:40:00Z,2026-09-12T23:23:23Z,310,6.0,8.0,2.5,,8.0,174,1011.8,16.5,18.7,15.5,,,
2026-07-29T16:50:00Z,2026-09-12T23:23:23Z,310,6.0,8.0,2.5,16,8.0,174,1011.8,16.5,18.7,15.4,,,
2026-07-29T17:00:00Z,2026-09-12T23:23:23Z,310,6.0,7.0,,,,,1011.8,16.6,18.7,15.5,,+0.4,
2026-07-29T17:10:00Z,2026-09-12T23:23:23Z,320,6.0,8.0,2.6,,8.1,151,1011.9,16.5,18.7,15.4,,,
2026-07-29T17:20:00Z,2026-09-12T23:23:23Z,300,5.0,7.0,2.6,15,8.1,151,1011.9,16.6,18.7,15.6,,,
2026-07-29T17:30:00Z,2026-09-12T23:23:23Z,300,6.0,8.0,,,,,1012.0,16.5,18.7,15.4,,,
2026-07-29T17:40:00Z,2026-09-12T23:23:23Z,300,5.0,7.0,2.5,,8.1,144,1012.0,16.6,18.7,15.6,,,
2026-07-29T17:50:00Z,2026-09-12T23:23:23Z,300,6.0,7.0,2.5,14,8.1,144,1012.0,16.6,18.7,15.6,,,
2026-07-29T18:00:00Z,2026-09-12T23:23:23Z,310,5.0,7.0,,,,,1012.2,16.5,18.7,15.5,,+0.6,
2026-07-29T18:10:00Z,2026-09-12T23:23:23Z,300,5.0,6.0,2.4,,7.7,145,1012.1,16.6,18.7,15.5,,,
2026-07-29T18:20:00Z,2026-09-12T23:23:23Z,300,5.0,7.0,2.4,14,7.7,145,1012.2,16.7,18.7,15.4,,,
2026-07-29T18:30:00Z,2026-09-12T23:23:23Z,300,5.0,7.0,,,,,1012.1,16.7,18.7,15.4,,,
2026-07-29T18:40:00Z,2026-09-12T23:23:23Z,310,6.0,7.0,2.4,,8.1,150,1012.1,16.7,18.7,15.3,,,
2026-07-29T18:50:00Z,2026-09-12T23:23:23Z,300,5.0,6.0,2.4,14,8.1,150,1012.1,16.9,18.7,15.5,,,
2026-07-29T19:00:00Z,2026-09-12T23:23:23Z,290,4.0,6.0,,,,,1012.0,16.9,18.7,15.5,,+0.3,
2026-07-29T19:10:00Z,2026-09-12T23:23:23Z,290,4.0,6.0,2.4,,7.7,163,1012.0,17.1,18.7,15.7,,,
2026-07-29T19:20:00Z,2026-09-12T23:23:23Z,300,4.0,6.0,2.4,14,7.7,163,1012.0,17.2,18.7,15.9,,,
2026-07-29T19:30:00Z,2026-09-12T23:23:23Z,310,5.0,7.0,,,,,1012.1,17.1,18.7,15.8,,,
2026-07-29T19:40:00Z,2026-09-12T23:23:23Z,320,4.0,6.0,,,,,1011.9,17.1,18.7,15.8,,,
2026-07-29T19:50:00Z,2026-09-12T23:23:23Z,320,4.0,6.0,2.6,14,8.3,147,1011.9,17.2,18.7,16.0,,,
2026-07-29T20:00:00Z,2026-09-12T23:23:23Z,320,5.0,6.0,,,,,1011.8,17.1,18.8,16.1,,+0.0,
2026-07-29T20:10:00Z,2026-09-12T23:23:23Z,310,5.0,6.0,2.2,,7.7,169,1011.8,17.1,18.8,16.3,,,
2026-07-29T20:20:00Z,2026-09-12T23:23:23Z,320,5.0,6.0,2.2,16,7.7,169,1011.7,17.1,18.8,16.4,,,
2026-07-29T20:30:00Z,2026-09-12T23:23:23Z,310,4.0,6.0,,,,,1011.6,17.2,18.7,16.6,,,
2026-07-29T20:40:00Z,2026-09-12T23:23:23Z,300,4.0,6.0,2.3,,8.0,181,1011.5,17.3,18.7,16.6,,,
2026-07-29T20:50:00Z,2026-09-12T23:23:23Z,310,5.0,7.0,2.3,16,8.0,181,1011.5,17.4,18.7,16.6,,,
2026-07-29T21:00:00Z,2026-09-12T23:23:23Z,300,5.0,7.0,,,,,1011.5,17.5,18.7,16.7,,-0.7,
2026-07-29T21:10:00Z,2026-09-12T23:23:23Z,310,6.0,9.0,2.4,,8.1,144,1011.4,17.7,18.7,17.0,,,
2026-07-29T21:20:00Z,2026-09-12T23:23:23Z,300,8.0,9.0,2.4,14,8.1,144,1011.4,17.7,18.7,17.2,,,
2026-07-29T21:30:00Z,2026-09-12T23:23:23Z,310,7.0,9.0,,,,,1011.5,17.7,18.6,17.4,,,
2026-07-29T21:40:00Z,2026-09-12T23:23:23Z,310,7.0,9.0,,,,,1011.4,17.7,18.6,17.4,,,
2026-07-29T21:50:00Z,2026-09-12T23:23:23Z,310,7.0,8.0,2.5,13,8.2,147,1011.6,17.7,18.6,17.4,,,
2026-07-29T22:00:00Z,2026-09-12T23:23:23Z,310,6.0,8.0,,,,,1011.5,17.7,18.6,17.4,,-0.6,
2026-07-29T22:10:00Z,2026-09-12T23:23:23Z,,,,,,,,1011.3,,,,,,
2026-07-29T22:20:00Z,2026-09-12T23:23:23Z,320,8.0,9.0,2.2,16,7.5,166,1011.3,17.8,18.6,17.3,,,
2026-07-29T22:30:00Z,2026-09-12T23:23:23Z,,,,,,,,1011.2,,18.6,,,,
2026-07-29T22:40:00Z,2026-09-12T23:23:23Z,320,8.0,10.0,,,,,1011.0,17.8,18.6,17.1,,,
2026-07-29T22:50:00Z,2026-09-12T23:23:23Z,320,8.0,10.0,2.1,13,7.3,156,1010.9,17.8,,17.1,,,
2026-07-29T23:00:00Z,2026-09-12T23:23:23Z,320,7.0,9.0,,,,,1011.1,17.7,18.6,17.1,,-0.7,
2026-07-29T23:10:00Z,2026-09-12T23:23:23Z,330,7.0,9.0,2.1,,7.1,204,1011.1,17.7,18.6,17.1,,,
2026-07-29T23:40:00Z,2026-09-12T23:23:23Z,320,8.0,11.0,2.0,,6.9,158,1010.7,17.9,18.6,17.1,,,
2026-07-29T23:50:00Z,2026-09-12T23:23:23Z,320,8.0,10.0,2.0,13,6.9,158,1010.6,17.9,,17.0,,,
2026-07-30T00:00:00Z,2026-09-12T23:23:23Z,320,8.0,10.0,,,,,1010.6,17.9,18.7,17.0,,-1.0,
2026-07-30T00:10:00Z,2026-09-12T23:23:23Z,320,8.0,10.0,2.0,,6.8,156,1010.6,17.9,18.8,17.1,,,
2026-07-30T00:20:00Z,2026-09-12T23:23:23Z,320,8.0,10.0,2.0,13,6.8,156,1010.6,17.9,18.8,17.1,,,
2026-07-30T00:30:00Z,2026-09-12T23:23:23Z,320,8.0,10.0,,,,,1010.6,17.9,18.8,17.0,,,
2026-07-30T00:40:00Z,2026-09-12T23:23:23Z,320,8.0,10.0,,,,,1010.6,17.8,18.8,16.9,,,
2026-07-30T00:50:00Z,2026-09-12T23:23:23Z,320,8.0,10.0,1.9,12,6.6,157,1010.6,17.8,18.8,16.9,,,
2026-07-30T01:00:00Z,2026-09-12T23:23:23Z,320,8.0,10.0,,,,,1010.6,17.8,18.8,16.9,,-0.9,
2026-07-30T01:10:00Z,2026-09-12T23:23:23Z,320,8.0,10.0,1.9,,6.9,213,1010.7,17.7,18.8,16.8,,,
2026-07-30T01:20:00Z,2026-09-12T23:23:23Z,320,7.0,10.0,1.9,17,6.9,213,1010.8,17.7,18.8,16.9,,,
2026-07-30T01:30:00Z,2026-09-12T23:23:23Z,320,8.0,10.0,,,,,1010.7,17.7,18.9,16.9,,,
2026-07-30T01:40:00Z,2026-09-12T23:23:23Z,320,7.0,10.0,,,,,1010.6,17.6,18.9,16.8,,,
2026-07-30T01:50:00Z,2026-09-12T23:23:23Z,310,7.0,9.0,2.0,16,7.2,192,1010.7,17.5,18.9,16.7,,,
2026-07-30T02:00:00Z,2026-09-12T23:23:23Z,310,7.0,9.0,,,,,1010.8,17.4,18.9,16.6,,-0.3,
2026-07-30T02:10:00Z,2026-09-12T23:23:23Z,310,8.0,9.0,2.1,,7.4,197,1010.8,17.4,18.9,16.6,,,
2026-07-30T02:20:00Z,2026-09-12T23:23:23Z,310,8.0,10.0,2.1,16,7.4,197,1010.8,17.2,18.9,16.5,,,
2026-07-30T02:30:00Z,2026-09-12T23:23:23Z,300,7.0,10.0,,,,,1010.9,17.1,18.9,16.5,,,
2026-07-30T02:40:00Z,2026-09-12T23:23:23Z,310,8.0,10.0,2.3,,7.8,196,1011.0,16.9,18.9,16.4,,,
2026-07-30T02:50:00Z,2026-09-12T23:23:23Z,310,8.0,9.0,2.3,16,7.8,196,1011.1,16.6,18.9,16.1,,,
2026-07-30T03:00:00Z,2026-09-12T23:23:23Z,310,8.0,10.0,,,,,1011.1,16.7,18.9,16.3,,+0.6,
2026-07-30T03:10:00Z,2026-09-12T23:23:23Z,320,8.0,10.0,2.1,,7.2,188,1011.2,16.6,18.9,16.2,,,
2026-07-30T03:20:00Z,2026-09-12T23:23:23Z,320,7.0,10.0,2.1,16,7.2,188,1011.3,16.6,18.9,16.2,,,
2026-07-30T03:30:00Z,2026-09-12T23:23:23Z,330,7.0,9.0,,,,,1011.3,16.6,18.9,16.2,,,
2026-07-30T03:40:00Z,2026-09-12T23:23:23Z,320,7.0,9.0,1.9,,6.6,186,1011.5,16.6,18.9,16.2,,,
2026-07-30T03:50:00Z,2026-09-12T23:23:23Z,320,7.0,9.0,1.9,15,6.6,186,1011.5,16.5,18.9,16.1,,,
2026-07-30T04:00:00Z,2026-09-12T23:23:23Z,320,8.0,10.0,,,,,1011.5,16.5,18.9,16.0,,+0.9,
2026-07-30T04:10:00Z,2026-09-12T23:23:23Z,320,7.0,9.0,2.1,,6.9,183,1011.7,16.3,18.9,15.9,,,
2026-07-30T04:20:00Z,2026-09-12T23:23:23Z,320,7.0,10.0,2.1,16,6.9,183,1012.0,16.4,18.9,16.0,,,
2026-07-30T04:30:00Z,2026-09-12T23:23:23Z,320,7.0,9.0,,,,,1012.1,16.4,18.9,16.0,,,
2026-07-30T04:40:00Z,2026-09-12T23:23:23Z,330,7.0,9.0,2.0,,7.0,236,1012.2,16.5,18.9,16.1,,,
2026-07-30T04:50:00Z,2026-09-12T23:23:23Z,320,7.0,9.0,2.0,16,7.0,236,1012.3,16.4,18.9,15.9,,,
2026-07-30T05:00:00Z,2026-09-12T23:23:23Z,320,7.0,9.0,,,,,1012.4,16.5,18.9,16.0,,+1.6,
2026-07-30T05:10:00Z,2026-09-12T23:23:23Z,320,7.0,9.0,2.2,,7.3,201,1012.6,16.4,18.9,15.9,,,
2026-07-30T05:20:00Z,2026-09-12T23:23:23Z,320,7.0,10.0,2.2,16,7.3,201,1012.6,16.3,18.9,15.8,,,
2026-07-30T05:30:00Z,2026-09-12T23:23:23Z,320,7.0,10.0,,,,,1012.6,16.3,18.9,15.7,,,
2026-07-30T05:40:00Z,2026-09-12T23:23:23Z,320,7.0,9.0,,,,,1012.8,16.3,18.9,15.6,,,
2026-07-30T05:50:00Z,2026-09-12T23:23:23Z,330,6.0,8.0,2.1,16,7.0,196,1012.9,16.3,18.9,15.7,,,
2026-07-30T06:00:00Z,2026-09-12T23:23:23Z,310,6.0,7.0,,,,,1013.0,16.4,18.9,15.8,,+1.9,
2026-07-30T06:10:00Z,2026-09-12T23:23:23Z,,,,,,,,1013.0,,,,,,
2026-07-30T06:20:00Z,2026-09-12T23:23:23Z,330,6.0,9.0,2.1,16,6.8,173,1013.1,16.4,18.9,15.7,,,
2026-07-30T06:30:00Z,2026-09-12T23:23:23Z,310,6.0,8.0,,,,,1012.9,16.5,18.9,15.9,,,
2026-07-30T06:40:00Z,2026-09-12T23:23:23Z,310,6.0,9.0,2.0,,6.7,139,1013.0,16.2,18.9,15.5,,,
2026-07-30T06:50:00Z,2026-09-12T23:23:23Z,310,6.0,8.0,2.0,12,6.7,139,1013.1,16.3,18.9,15.7,,,
2026-07-30T07:00:00Z,2026-09-12T23:23:23Z,310,5.0,8.0,,,,,1013.2,16.3,18.9,15.6,,+1.8,
2026-07-30T07:10:00Z,2026-09-12T23:23:23Z,310,6.0,8.0,2.1,,6.8,163,1013.1,16.3,18.9,15.6,,,
2026-07-30T07:20:00Z,2026-09-12T23:23:23Z,320,6.0,8.0,2.1,15,6.8,163,1013.1,16.3,18.9,15.5,,,
2026-07-30T07:30:00Z,2026-09-12T23:23:23Z,330,6.0,8.0,,,,,1013.1,16.3,18.9,15.5,,,
2026-07-30T07:40:00Z,2026-09-12T23:23:23Z,,,,,,,,1012.9,,,,,,
2026-07-30T07:50:00Z,2026-09-12T23:23:23Z,320,7.0,9.0,2.3,15,7.0,150,1012.8,16.4,18.9,15.6,,,
2026-07-30T08:00:00Z,2026-09-12T23:23:23Z,310,6.0,9.0,,,,,1012.7,16.1,18.9,15.3,,+0.4,
2026-07-30T08:10:00Z,2026-09-12T23:23:23Z,320,7.0,9.0,2.1,,6.9,194,1012.7,16.2,18.9,15.4,,,
2026-07-30T08:20:00Z,2026-09-12T23:23:23Z,320,6.0,9.0,2.1,16,6.9,194,1012.8,16.3,18.9,15.5,,,
2026-07-30T08:30:00Z,2026-09-12T23:23:23Z,310,7.0,9.0,,,,,1012.8,16.2,18.9,15.4,,,
2026-07-30T08:40:00Z,2026-09-12T23:23:23Z,,,,,,,,1012.8,,,,,,
2026-07-30T08:50:00Z,2026-09-12T23:23:23Z,320,6.0,8.0,2.1,16,6.8,186,1012.8,16.2,18.9,15.3,,,
2026-07-30T09:00:00Z,2026-09-12T23:23:23Z,320,6.0,9.0,,,,,1012.9,16.4,18.8,15.5,,+0.0,
2026-07-30T09:10:00Z,2026-09-12T23:23:23Z,330,6.0,8.0,2.1,,7.0,191,1012.8,16.1,18.8,15.2,,,
2026-07-30T09:20:00Z,2026-09-12T23:23:23Z,320,6.0,8.0,2.1,16,7.0,191,1012.8,16.1,,15.2,,,
2026-07-30T09:30:00Z,2026-09-12T23:23:23Z,320,6.0,9.0,,,,,1012.8,16.3,18.9,15.5,,,
2026-07-30T09:40:00Z,2026-09-12T23:23:23Z,320,6.0,8.0,,,,,1012.7,16.3,18.9,15.5,,,
2026-07-30T09:50:00Z,2026-09-12T23:23:23Z,330,6.0,8.0,2.3,14,7.3,176,1012.6,16.2,18.9,15.4,,,
2026-07-30T10:00:00Z,2026-09-12T23:23:23Z,330,6.0,8.0,,,,,1012.5,16.2,18.9,15.4,,-0.7,
2026-07-30T10:10:00Z,2026-09-12T23:23:23Z,340,7.0,9.0,2.1,,7.0,151,1012.7,16.1,18.8,15.2,,,
2026-07-30T10:20:00Z,2026-09-12T23:23:23Z,330,6.0,8.0,2.1,15,7.0,151,1012.7,16.1,18.9,15.1,,,
2026-07-30T10:30:00Z,2026-09-12T23:23:23Z,320,5.0,8.0,,,,,1012.5,16.3,18.9,15.4,,,
2026-07-30T10:40:00Z,2026-09-12T23:23:23Z,320,7.0,9.0,,,,,1012.3,16.3,18.9,15.4,,,
2026-07-30T10:50:00Z,2026-09-12T23:23:23Z,320,6.0,9.0,2.1,16,7.2,184,1012.5,16.3,18.8,15.3,,,
2026-07-30T11:00:00Z,2026-09-12T23:23:23Z,320,6.0,9.0,,,,,1012.4,16.3,18.9,15.3,,-0.3,
2026-07-30T11:10:00Z,2026-09-12T23:23:23Z,320,6.0,9.0,2.0,,7.0,176,1012.5,16.3,18.9,15.3,,,
2026-07-30T11:20:00Z,2026-09-12T23:23:23Z,320,6.0,9.0,2.0,15,7.0,176,1012.5,16.4,18.8,15.5,,,
2026-07-30T11:30:00Z,2026-09-12T23:23:23Z,320,6.0,9.0,,,,,1012.4,16.3,18.8,15.3,,,
2026-07-30T11:40:00Z,2026-09-12T23:23:23Z,320,6.0,9.0,,,,,1012.4,16.5,18.8,15.5,,,
2026-07-30T11:50:00Z,2026-09-12T23:23:23Z,320,7.0,9.0,2.2,15,7.6,163,1012.5,16.4,18.8,15.3,,,
2026-07-30T12:00:00Z,2026-09-12T23:23:23Z,320,7.0,10.0,,,,,1012.5,16.4,18.8,15.4,,-0.3,
2026-07-30T12:10:00Z,2026-09-12T23:23:23Z,310,6.0,9.0,2.2,,7.6,176,1012.5,16.4,18.9,15.4,,,
2026-07-30T12:20:00Z,2026-09-12T23:23:23Z,320,7.0,9.0,2.2,15,7.6,176,1012.3,16.4,18.9,15.3,,,
2026-07-30T12:30:00Z,2026-09-12T23:23:23Z,310,7.0,9.0,,,,,1012.3,16.4,18.9,15.3,,,
2026-07-30T12:40:00Z,2026-09-12T23:23:23Z,310,7.0,10.0,2.2,,7.9,195,1012.3,16.4,18.9,15.4,,,
2026-07-30T12:50:00Z,2026-09-12T23:23:23Z,310,7.0,10.0,2.2,15,7.9,195,1012.5,16.5,18.9,15.5,,,
2026-07-30T13:00:00Z,2026-09-12T23:23:23Z,310,6.0,8.0,,,,,1012.6,16.5,18.9,15.6,,+0.0,
2026-07-30T13:10:00Z,2026-09-12T23:23:23Z,310,6.0,8.0,2.4,,8.0,165,1012.6,16.5,18.9,15.6,,,
2026-07-30T13:20:00Z,2026-09-12T23:23:23Z,310,7.0,9.0,2.4,12,8.0,165,1012.7,16.3,18.9,15.3,,,
2026-07-30T13:30:00Z,2026-09-12T23:23:23Z,320,6.0,8.0,,,,,1012.9,16.3,18.9,15.3,,,
2026-07-30T13:40:00Z,2026-09-12T23:23:23Z,320,6.0,8.0,,,,,1012.9,16.3,18.9,15.3,,,
2026-07-30T13:50:00Z,2026-09-12T23:23:23Z,300,6.0,8.0,2.1,14,7.7,174,1012.8,16.3,18.9,15.3,,,
2026-07-30T14:00:00Z,2026-09-12T23:23:23Z,320,6.0,9.0,,,,,1013.0,16.1,18.9,15.1,,+0.5,
2026-07-30T14:10:00Z,2026-09-12T23:23:23Z,310,7.0,9.0,2.0,,7.6,170,1012.9,16.3,18.9,15.3,,,
2026-07-30T14:20:00Z,2026-09-12T23:23:23Z,320,6.0,8.0,2.0,14,7.6,170,1013.0,16.2,18.9,15.3,,,
2026-07-30T14:30:00Z,2026-09-12T23:23:23Z,320,6.0,8.0,,,,,1013.1,16.2,18.9,15.3,,,
2026-07-30T14:40:00Z,2026-09-12T23:23:23Z,320,6.0,9.0,,,,,1013.2,16.2,18.9,15.2,,,
2026-07-30T14:50:00Z,2026-09-12T23:23:23Z,320,6.0,8.0,2.3,14,8.0,180,1013.1,16.3,18.9,15.3,,,
2026-07-30T15:00:00Z,2026-09-12T23:23:23Z,310,6.0,8.0,,,,,1013.0,16.2,18.9,15.2,,+0.5,
2026-07-30T15:10:00Z,2026-09-12T23:23:23Z,310,7.0,9.0,,,,,1012.9,16.3,18.9,15.4,,,
2026-07-30T15:20:00Z,2026-09-12T23:23:23Z,310,7.0,9.0,2.2,11,8.0,161,1013.0,16.4,18.9,15.5,,,
2026-07-30T15:30:00Z,2026-09-12T23:23:23Z,320,6.0,8.0,,,,,1013.3,16.4,18.9,15.5,,,
2026-07-30T15:40:00Z,2026-09-12T23:23:23Z,310,6.0,8.0,2.2,,8.0,177,1013.7,16.2,18.9,15.2,,,
2026-07-30T15:50:00Z,2026-09-12T23:23:23Z,310,5.0,7.0,2.2,14,8.0,177,1013.8,16.4,18.9,15.4,,,
2026-07-30T16:00:00Z,2026-09-12T23:23:23Z,310,5.0,7.0,,,,,1013.9,16.4,18.9,15.4,,+1.4,
2026-07-30T16:10:00Z,2026-09-12T23:23:23Z,310,5.0,7.0,2.1,,8.1,166,1013.8,16.4,18.9,15.3,,,
2026-07-30T16:20:00Z,2026-09-12T23:23:23Z,300,5.0,7.0,2.1,13,8.1,166,1013.8,16.4,18.9,15.3,,,
2026-07-30T16:30:00Z,2026-09-12T23:23:23Z,310,5.0,7.0,,,,,1013.7,16.4,18.9,15.3,,,
2026-07-30T16:40:00Z,2026-09-12T23:23:23Z,310,5.0,7.0,,,,,1013.7,16.4,18.9,15.3,,,
2026-07-30T16:50:00Z,2026-09-12T23:23:23Z,320,4.0,7.0,2.2,13,8.0,168,1013.7,16.5,18.9,15.3,,,
2026-07-30T17:00:00Z,2026-09-12T23:23:23Z,300,5.0,7.0,,,,,1013.7,16.6,18.9,15.5,,+0.8,
2026-07-30T17:10:00Z,2026-09-12T23:23:23Z,310,5.0,7.0,2.0,,7.7,171,1013.9,16.5,18.9,15.3,,,
2026-07-30T17:20:00Z,2026-09-12T23:23:23Z,300,5.0,7.0,2.0,13,7.7,171,1014.1,16.5,18.9,15.2,,,
2026-07-30T17:30:00Z,2026-09-12T23:23:23Z,290,5.0,7.0,,,,,1014.2,16.5,18.9,15.1,,,
2026-07-30T17:40:00Z,2026-09-12T23:23:23Z,290,4.0,6.0,2.3,,8.5,173,1014.1,16.6,18.9,15.2,,,
2026-07-30T17:50:00Z,2026-09-12T23:23:23Z,300,5.0,7.0,2.3,13,8.5,173,1013.9,16.7,18.9,15.2,,,
2026-07-30T18:00:00Z,2026-09-12T23:23:23Z,290,6.0,7.0,,,,,1013.8,16.9,18.9,15.5,,+0.8,
2026-07-30T18:10:00Z,2026-09-12T23:23:23Z,290,6.0,8.0,2.5,,8.6,170,1013.7,16.9,19.0,15.5,,,
2026-07-30T18:20:00Z,2026-09-12T23:23:23Z,290,6.0,8.0,2.5,12,8.6,170,1013.7,16.9,19.0,15.6,,,
2026-07-30T18:30:00Z,2026-09-12T23:23:23Z,290,6.0,7.0,,,,,1013.8,16.9,19.0,15.6,,,
2026-07-30T18:40:00Z,2026-09-12T23:23:23Z,290,6.0,7.0,2.4,,8.4,163,1013.8,16.9,19.0,15.5,,,
2026-07-30T18:50:00Z,2026-09-12T23:23:23Z,300,6.0,7.0,2.4,12,8.4,163,1013.8,17.0,19.0,15.6,,,
2026-07-30T19:00:00Z,2026-09-12T23:23:23Z,300,5.0,7.0,,,,,1013.8,17.1,19.0,15.8,,+0.0,
2026-07-30T19:10:00Z,2026-09-12T23:23:23Z,290,5.0,7.0,,,,,1013.9,17.2,19.0,15.9,,,
2026-07-30T19:20:00Z,2026-09-12T23:23:23Z,310,4.0,6.0,2.1,12,7.7,168,1013.9,17.2,19.0,15.8,,,
2026-07-30T19:30:00Z,2026-09-12T23:23:23Z,310,5.0,6.0,,,,,1013.8,17.3,19.0,15.9,,,
2026-07-30T19:40:00Z,2026-09-12T23:23:23Z,300,5.0,7.0,,,,,1013.7,17.4,19.0,16.1,,,
2026-07-30T19:50:00Z,2026-09-12T23:23:23Z,310,5.0,6.0,2.2,15,7.8,177,1013.6,17.5,19.0,16.3,,,
2026-07-30T20:00:00Z,2026-09-12T23:23:23Z,310,6.0,7.0,,,,,1013.7,17.6,19.0,16.5,,+0.0,
2026-07-30T20:10:00Z,2026-09-12T23:23:23Z,310,6.0,8.0,,,,,1013.5,17.6,19.0,16.6,,,
2026-07-30T20:20:00Z,2026-09-12T23:23:23Z,,,,2.3,13,8.2,162,1013.6,,19.0,,,,
2026-07-30T20:30:00Z,2026-09-12T23:23:23Z,310,6.0,8.0,,,,,1013.5,17.6,19.1,16.7,,,
2026-07-30T20:40:00Z,2026-09-12T23:23:23Z,310,7.0,8.0,2.0,,7.4,163,1013.6,17.6,19.1,16.7,,,
2026-07-30T20:50:00Z,2026-09-12T23:23:23Z,310,6.0,8.0,2.0,14,7.4,163,1013.6,17.6,19.1,16.7,,,
2026-07-30T21:00:00Z,2026-09-12T23:23:23Z,310,6.0,8.0,,,,,1013.5,17.5,19.1,16.6,,-0.4,
2026-07-30T21:10:00Z,2026-09-12T23:23:23Z,310,7.0,8.0,2.2,,8.1,160,1013.5,17.5,19.1,16.6,,,
2026-07-30T21:20:00Z,2026-09-12T23:23:23Z,310,7.0,9.0,2.2,13,8.1,160,1013.3,17.6,19.1,16.8,,,
2026-07-30T21:30:00Z,2026-09-12T23:23:23Z,300,7.0,9.0,,,,,1013.4,17.5,19.1,16.7,,,
2026-07-30T21:40:00Z,2026-09-12T23:23:23Z,300,7.0,9.0,2.0,,7.2,178,1013.4,17.5,19.1,16.7,,,
2026-07-30T21:50:00Z,2026-09-12T23:23:23Z,300,6.0,8.0,2.0,13,7.2,178,1013.6,17.6,19.1,16.8,,,
2026-07-30T22:00:00Z,2026-09-12T23:23:23Z,300,6.0,8.0,,,,,1013.6,17.6,19.1,16.8,,+0.0,
2026-07-30T22:10:00Z,2026-09-12T23:23:23Z,300,6.0,7.0,2.2,,7.7,169,1013.6,17.7,19.1,16.9,,,
2026-07-30T22:20:00Z,2026-09-12T23:23:23Z,300,6.0,8.0,2.2,12,7.7,169,1013.4,17.8,19.1,17.1,,,
2026-07-30T22:30:00Z,2026-09-12T23:23:23Z,310,6.0,8.0,,,,,1013.3,17.8,19.1,17.1,,,
2026-07-30T22:40:00Z,2026-09-12T23:23:23Z,310,6.0,8.0,,,,,1013.1,17.8,19.1,17.2,,,
2026-07-30T22:50:00Z,2026-09-12T23:23:23Z,310,7.0,8.0,2.1,12,7.7,171,1013.2,17.8,19.1,17.2,,,
2026-07-30T23:00:00Z,2026-09-12T23:23:23Z,300,7.0,8.0,,,,,1013.2,17.7,19.1,17.1,,-0.5,
2026-07-30T23:10:00Z,2026-09-12T23:23:23Z,300,7.0,9.0,2.0,,7.2,179,1013.2,17.7,19.1,17.0,,,
2026-07-30T23:40:00Z,2026-09-12T23:23:23Z,,,,,,,,1013.2,,,,,,
2026-07-30T23:50:00Z,2026-09-12T23:23:23Z,300,7.0,9.0,2.1,12,7.6,163,1013.2,17.6,19.1,16.8,,,
2026-07-31T00:00:00Z,2026-09-12T23:23:23Z,300,7.0,8.0,,,,,1013.3,17.5,19.1,16.6,,+0.0,
2026-07-31T00:10:00Z,2026-09-12T23:23:23Z,300,7.0,9.0,2.2,,7.9,163,1013.2,17.5,19.1,16.7,,,
2026-07-31T00:20:00Z,2026-09-12T23:23:23Z,310,7.0,9.0,2.2,12,7.9,163,1013.1,17.4,19.1,16.6,,,
2026-07-31T00:30:00Z,2026-09-12T23:23:23Z,310,7.0,9.0,,,,,1013.1,17.3,19.1,16.5,,,
2026-07-31T00:40:00Z,2026-09-12T23:23:23Z,300,7.0,9.0,2.0,,7.5,159,1013.1,17.2,19.1,16.5,,,
2026-07-31T00:50:00Z,2026-09-12T23:23:23Z,310,7.0,9.0,2.0,13,7.5,159,1013.1,17.0,19.1,16.3,,,
2026-07-31T01:00:00Z,2026-09-12T23:23:23Z,310,7.0,8.0,,,,,1013.1,17.0,19.1,16.3,,-0.6,
2026-07-31T01:10:00Z,2026-09-12T23:23:23Z,300,6.0,9.0,2.0,,7.9,168,1013.2,16.9,19.1,16.2,,,
2026-07-31T01:20:00Z,2026-09-12T23:23:23Z,300,7.0,9.0,2.0,12,7.9,168,1013.2,16.7,19.1,16.1,,,
2026-07-31T01:30:00Z,2026-09-12T23:23:23Z,310,7.0,9.0,,,,,1013.1,16.7,19.1,16.2,,,
2026-07-31T01:40:00Z,2026-09-12T23:23:23Z,310,7.0,8.0,1.9,,7.4,172,1013.2,16.7,19.1,16.3,,,
2026-07-31T01:50:00Z,2026-09-12T23:23:23Z,310,7.0,9.0,1.9,12,7.4,172,1013.3,16.8,19.1,16.4,,,
2026-07-31T02:00:00Z,2026-09-12T23:23:23Z,310,7.0,9.0,,,,,1013.2,16.9,19.1,16.6,,+0.0,
2026-07-31T02:10:00Z,2026-09-12T23:23:23Z,310,7.0,9.0,1.9,,7.3,168,1013.2,16.8,19.1,16.6,,,
2026-07-31T02:20:00Z,2026-09-12T23:23:23Z,310,7.0,9.0,1.9,12,7.3,168,1013.0,16.8,19.0,16.6,,,
2026-07-31T02:30:00Z,2026-09-12T23:23:23Z,320,8.0,10.0,,,,,1013.1,16.9,19.0,16.8,,,
2026-07-31T02:40:00Z,2026-09-12T23:23:23Z,310,8.0,10.0,2.0,,7.2,162,1013.2,16.7,,16.6,,,
2026-07-31T02:50:00Z,2026-09-12T23:23:23Z,310,8.0,10.0,2.0,12,7.2,162,1013.3,16.5,19.0,16.5,,,
2026-07-31T03:00:00Z,2026-09-12T23:23:23Z,310,7.0,10.0,,,,,1013.4,16.6,19.0,16.6,,+0.0,
2026-07-31T03:10:00Z,2026-09-12T23:23:23Z,320,8.0,9.0,2.1,,7.3,150,1013.3,16.4,19.0,16.4,,,
2026-07-31T03:20:00Z,2026-09-12T23:23:23Z,320,7.0,9.0,2.1,11,7.3,150,1013.4,16.3,19.1,16.3,,,
2026-07-31T03:30:00Z,2026-09-12T23:23:23Z,320,7.0,9.0,,,,,1013.5,16.3,19.1,16.3,,,
2026-07-31T03:40:00Z,2026-09-12T23:23:23Z,330,7.0,9.0,2.3,,7.6,162,1013.6,16.3,19.0,16.3,,,
2026-07-31T03:50:00Z,2026-09-12T23:23:23Z,320,7.0,9.0,2.3,12,7.6,162,1013.7,16.3,19.0,16.3,,,
2026-07-31T04:00:00Z,2026-09-12T23:23:23Z,310,7.0,10.0,,,,,1013.7,16.3,19.0,16.2,,+0.5,
2026-07-31T04:10:00Z,2026-09-12T23:23:23Z,310,7.0,9.0,,,,,1013.9,16.1,19.0,15.9,,,
2026-07-31T04:20:00Z,2026-09-12T23:23:23Z,310,7.0,9.0,2.1,11,7.1,161,1014.1,16.2,19.0,15.9,,,
2026-07-31T04:30:00Z,2026-09-12T23:23:23Z,320,6.0,8.0,,,,,1014.0,16.4,19.0,16.0,,,
2026-07-31T04:40:00Z,2026-09-12T23:23:23Z,320,6.0,8.0,2.3,,7.6,160,1014.2,16.7,,16.1,,,
2026-07-31T04:50:00Z,2026-09-12T23:23:23Z,310,7.0,9.0,2.3,11,7.6,160,1014.2,16.8,19.0,16.0,,,
2026-07-31T05:00:00Z,2026-09-12T23:23:23Z,310,6.0,9.0,,,,,1014.3,16.8,19.0,15.9,,+1.0,
2026-07-31T05:10:00Z,2026-09-12T23:23:23Z,310,6.0,8.0,,,,,1014.4,16.9,19.0,16.0,,,
2026-07-31T05:20:00Z,2026-09-12T23:23:23Z,310,6.0,7.0,2.1,11,7.4,157,1014.4,17.0,19.0,16.1,,,
2026-07-31T05:30:00Z,2026-09-12T23:23:23Z,,,,,,,,1014.3,,,,,,
2026-07-31T05:40:00Z,2026-09-12T23:23:23Z,310,6.0,7.0,,,,,1014.5,17.0,19.0,16.0,,,
2026-07-31T05:50:00Z,2026-09-12T23:23:23Z,310,5.0,7.0,2.0,11,7.4,151,1014.4,17.1,19.0,16.1,,,
2026-07-31T06:00:00Z,2026-09-12T23:23:23Z,310,5.0,7.0,,,,,1014.3,17.1,19.0,16.1,,+0.9,
2026-07-31T06:10:00Z,2026-09-12T23:23:23Z,310,6.0,7.0,2.1,,7.3,160,1014.3,17.2,19.0,16.2,,,
2026-07-31T06:20:00Z,2026-09-12T23:23:23Z,300,6.0,8.0,2.1,13,7.3,160,1014.2,17.3,19.0,16.3,,,
2026-07-31T06:30:00Z,2026-09-12T23:23:23Z,300,7.0,8.0,,,,,1014.1,17.3,19.1,16.3,,,
2026-07-31T06:40:00Z,2026-09-12T23:23:23Z,310,6.0,8.0,2.2,,7.4,155,1014.2,17.4,19.0,16.4,,,
2026-07-31T06:50:00Z,2026-09-12T23:23:23Z,300,7.0,8.0,2.2,11,7.4,155,1014.1,17.3,19.1,16.2,,,
2026-07-31T07:00:00Z,2026-09-12T23:23:23Z,310,7.0,9.0,,,,,1014.1,17.4,19.1,16.3,,+0.4,
2026-07-31T07:10:00Z,2026-09-12T23:23:23Z,310,7.0,9.0,2.2,,7.3,156,1014.2,17.4,19.1,16.3,,,
2026-07-31T07:20:00Z,2026-09-12T23:23:23Z,310,7.0,9.0,2.2,11,7.3,156,1014.1,17.3,19.1,16.2,,,
2026-07-31T07:30:00Z,2026-09-12T23:23:23Z,310,8.0,10.0,,,,,1014.0,17.3,19.1,16.2,,,
2026-07-31T07:40:00Z,2026-09-12T23:23:23Z,310,8.0,9.0,2.3,,7.3,160,1014.2,17.4,19.1,16.3,,,
2026-07-31T07:50:00Z,2026-09-12T23:23:23Z,310,8.0,9.0,2.3,11,7.3,160,1014.2,17.3,19.0,16.2,,,
2026-07-31T08:00:00Z,2026-09-12T23:23:23Z,310,8.0,9.0,,,,,1014.0,17.4,19.0,16.3,,+0.0,
2026-07-31T08:10:00Z,2026-09-12T23:23:23Z,310,7.0,9.0,2.1,,7.0,164,1014.1,17.4,19.0,16.3,,,
2026-07-31T08:20:00Z,2026-09-12T23:23:23Z,310,7.0,9.0,2.1,11,7.0,164,1014.2,17.4,19.1,16.3,,,
2026-07-31T08:30:00Z,2026-09-12T23:23:23Z,310,7.0,8.0,,,,,1014.4,17.4,19.1,16.3,,,
2026-07-31T08:40:00Z,2026-09-12T23:23:23Z,310,7.0,8.0,2.1,,6.8,151,1014.3,17.4,19.1,16.3,,,
2026-07-31T08:50:00Z,2026-09-12T23:23:23Z,310,7.0,9.0,2.1,11,6.8,151,1014.2,17.4,19.1,16.3,,,
2026-07-31T09:00:00Z,2026-09-12T23:23:23Z,310,6.0,8.0,,,,,1014.4,17.4,19.1,16.3,,-0.0,
2026-07-31T09:10:00Z,2026-09-12T23:23:23Z,310,6.0,8.0,2.2,,7.1,154,1014.3,17.4,19.0,16.3,,,
2026-07-31T09:20:00Z,2026-09-12T23:23:23Z,310,6.0,8.0,2.2,11,7.1,154,1014.5,17.4,19.0,16.2,,,
2026-07-31T09:30:00Z,2026-09-12T23:23:23Z,310,6.0,8.0,,,,,1014.5,17.5,19.0,16.3,,,
2026-07-31T09:40:00Z,2026-09-12T23:23:23Z,310,6.0,8.0,2.1,,7.1,167,1014.5,17.5,19.0,16.3,,,
2026-07-31T09:50:00Z,2026-09-12T23:23:23Z,310,6.0,8.0,2.1,11,7.1,167,1014.4,17.5,19.0,16.3,,,
2026-07-31T10:00:00Z,2026-09-12T23:23:23Z,310,6.0,8.0,,,,,1014.5,17.4,19.0,16.2,,+0.4,
2026-07-31T10:10:00Z,2026-09-12T23:23:23Z,310,5.0,7.0,2.1,,7.4,161,1014.4,17.5,19.0,16.3,,,
2026-07-31T10:20:00Z,2026-09-12T23:23:23Z,,,,2.1,,7.4,161,1014.6,,19.0,,,,
2026-07-31T10:30:00Z,2026-09-12T23:23:23Z,310,5.0,7.0,,,,,1014.5,17.5,19.0,16.2,,,
2026-07-31T10:40:00Z,2026-09-12T23:23:23Z,310,6.0,8.0,2.0,,7.0,155,1014.2,17.5,19.0,16.2,,,
2026-07-31T10:50:00Z,2026-09-12T23:23:23Z,310,6.0,8.0,2.0,12,7.0,155,1014.3,17.4,19.0,16.1,,,
2026-07-31T11:00:00Z,2026-09-12T23:23:23Z,310,6.0,7.0,,,,,1014.3,17.4,19.0,16.1,,+0.3,
2026-07-31T11:10:00Z,2026-09-12T23:23:23Z,320,6.0,8.0,2.0,,6.9,166,1014.2,17.4,19.0,16.0,,,
2026-07-31T11:20:00Z,2026-09-12T23:23:23Z,310,6.0,8.0,2.0,11,6.9,166,1013.9,17.4,19.0,16.1,,,
2026-07-31T11:30:00Z,2026-09-12T23:23:23Z,320,7.0,9.0,,,,,1013.7,17.4,19.0,16.1,,,
2026-07-31T11:40:00Z,2026-09-12T23:23:23Z,310,7.0,9.0,,,,,1013.7,17.3,19.0,16.1,,,
2026-07-31T11:50:00Z,2026-09-12T23:23:23Z,320,7.0,9.0,2.0,11,7.0,167,1013.9,17.3,19.0,16.1,,,
2026-07-31T12:00:00Z,2026-09-12T23:23:23Z,310,6.0,8.0,,,,,1013.8,17.1,19.0,15.8,,-0.5,
2026-07-31T12:10:00Z,2026-09-12T23:23:23Z,310,7.0,8.0,2.1,,7.1,165,1013.9,17.2,19.0,16.0,,,
2026-07-31T12:20:00Z,2026-09-12T23:23:23Z,310,7.0,8.0,2.1,12,7.1,165,1013.7,17.1,19.0,15.9,,,
2026-07-31T12:30:00Z,2026-09-12T23:23:23Z,300,6.0,8.0,,,,,1013.7,17.2,19.0,16.1,,,
2026-07-31T12:40:00Z,2026-09-12T23:23:23Z,310,7.0,10.0,,,,,1013.6,17.1,19.0,16.0,,,
2026-07-31T12:50:00Z,2026-09-12T23:23:23Z,310,7.0,9.0,2.0,11,7.0,167,1014.0,17.0,19.0,15.8,,,
2026-07-31T13:00:00Z,2026-09-12T23:23:23Z,310,7.0,9.0,,,,,1014.0,16.9,19.0,15.7,,-0.5,
2026-07-31T13:10:00Z,2026-09-12T23:23:23Z,310,7.0,9.0,2.0,,6.9,174,1013.9,17.0,18.9,15.9,,,
2026-07-31T13:20:00Z,2026-09-12T23:23:23Z,310,7.0,9.0,2.0,11,6.9,174,1013.8,17.0,18.9,15.9,,,
2026-07-31T13:30:00Z,2026-09-12T23:23:23Z,320,7.0,9.0,,,,,1014.0,17.0,18.9,16.0,,,
2026-07-31T13:40:00Z,2026-09-12T23:23:23Z,320,7.0,9.0,2.0,,7.1,165,1014.1,16.9,18.9,15.9,,,
2026-07-31T13:50:00Z,2026-09-12T23:23:23Z,310,7.0,9.0,2.0,11,7.1,165,1014.3,16.8,18.9,15.8,,,
2026-07-31T14:00:00Z,2026-09-12T23:23:23Z,310,7.0,9.0,,,,,1014.2,16.7,18.9,15.8,,-0.0,
2026-07-31T14:10:00Z,2026-09-12T23:23:23Z,320,7.0,8.0,1.8,,6.8,169,1014.3,16.8,18.9,15.9,,,
2026-07-31T14:20:00Z,2026-09-12T23:23:23Z,320,6.0,8.0,1.8,11,6.8,169,1014.3,16.8,18.9,15.9,,,
2026-07-31T14:30:00Z,2026-09-12T23:23:23Z,320,6.0,8.0,,,,,1014.3,16.8,19.0,15.8,,,
2026-07-31T14:40:00Z,2026-09-12T23:23:23Z,320,5.0,7.0,1.8,,6.7,150,1014.5,16.7,19.0,15.8,,,
2026-07-31T14:50:00Z,2026-09-12T23:23:23Z,330,5.0,8.0,1.8,11,6.7,150,1014.7,16.8,19.0,15.8,,,
2026-07-31T15:00:00Z,2026-09-12T23:23:23Z,320,5.0,7.0,,,,,1014.6,16.8,19.0,15.8,,+0.8,
2026-07-31T15:10:00Z,2026-09-12T23:23:23Z,330,6.0,8.0,1.8,,6.8,162,1014.7,16.9,19.0,15.9,,,
2026-07-31T15:20:00Z,2026-09-12T23:23:23Z,320,6.0,8.0,1.8,11,6.8,162,1014.9,17.0,19.0,16.0,,,
2026-07-31T15:30:00Z,2026-09-12T23:23:23Z,320,5.0,6.0,,,,,1015.2,16.9,19.0,15.8,,,
2026-07-31T15:40:00Z,2026-09-12T23:23:23Z,,,,1.7,,6.7,162,1015.3,,,,,,
2026-07-31T15:50:00Z,2026-09-12T23:23:23Z,330,5.0,7.0,1.7,11,6.7,162,1014.9,17.0,19.0,15.9,,,
2026-07-31T16:00:00Z,2026-09-12T23:23:23Z,310,6.0,8.0,,,,,1014.8,16.9,19.0,15.8,,+1.0,
2026-07-31T16:10:00Z,2026-09-12T23:23:23Z,320,5.0,7.0,1.8,,6.8,264,1015.3,17.1,19.0,16.1,,,
2026-07-31T16:20:00Z,2026-09-12T23:23:23Z,330,5.0,7.0,1.8,9,6.8,264,1015.1,16.9,19.0,15.8,,,
2026-07-31T16:30:00Z,2026-09-12T23:23:23Z,320,5.0,7.0,,,,,1015.0,17.0,19.0,15.9,,,
2026-07-31T16:40:00Z,2026-09-12T23:23:23Z,310,5.0,7.0,,,,,1014.7,17.0,19.1,15.9,,,
2026-07-31T16:50:00Z,2026-09-12T23:23:23Z,320,5.0,7.0,1.7,11,6.8,148,1015.0,17.0,19.1,15.9,,,
2026-07-31T17:00:00Z,2026-09-12T23:23:23Z,310,4.0,7.0,,,,,1015.4,17.0,19.1,15.8,,+1.2,
2026-07-31T17:10:00Z,2026-09-12T23:23:23Z,300,4.0,6.0,1.8,,6.7,172,1015.3,17.0,19.1,15.9,,,
2026-07-31T17:20:00Z,2026-09-12T23:23:23Z,300,5.0,6.0,1.8,11,6.7,172,1015.2,17.0,19.1,15.8,,,
2026-07-31T17:30:00Z,2026-09-12T23:23:23Z,300,5.0,7.0,,,,,1015.0,17.1,19.1,16.0,,,
2026-07-31T17:40:00Z,2026-09-12T23:23:23Z,310,5.0,7.0,,,,,1015.2,17.1,,16.0,,,
2026-07-31T17:50:00Z,2026-09-12T23:23:23Z,300,6.0,8.0,1.6,9,6.5,208,1014.6,17.0,19.1,15.9,,,
2026-07-31T18:00:00Z,2026-09-12T23:23:23Z,300,7.0,8.0,,,,,1014.9,17.1,19.2,16.2,,+0.3,
2026-07-31T18:10:00Z,2026-09-12T23:23:23Z,300,6.0,8.0,1.9,,6.7,180,1015.0,17.1,19.2,16.1,,,
2026-07-31T18:20:00Z,2026-09-12T23:23:23Z,300,7.0,8.0,1.9,10,6.7,180,1015.1,17.2,19.2,16.2,,,
2026-07-31T18:30:00Z,2026-09-12T23:23:23Z,300,7.0,9.0,,,,,1015.1,17.1,19.2,16.2,,,
2026-07-31T18:40:00Z,2026-09-12T23:23:23Z,300,7.0,9.0,,,,,1015.0,17.2,19.2,16.3,,,
2026-07-31T18:50:00Z,2026-09-12T23:23:23Z,290,6.0,8.0,1.7,9,6.6,200,1015.4,17.3,19.2,16.5,,,
2026-07-31T19:00:00Z,2026-09-12T23:23:23Z,290,5.0,7.0,,,,,1015.6,17.3,19.2,16.4,,+0.8,
2026-07-31T19:10:00Z,2026-09-12T23:23:23Z,290,5.0,7.0,1.8,,6.7,299,1015.4,17.3,19.2,16.5,,,
2026-07-31T19:20:00Z,2026-09-12T23:23:23Z,290,6.0,7.0,1.8,9,6.7,299,1015.4,17.4,19.3,16.6,,,
2026-07-31T19:30:00Z,2026-09-12T23:23:23Z,300,6.0,8.0,,,,,1015.2,17.5,19.3,16.9,,,
2026-07-31T19:40:00Z,2026-09-12T23:23:23Z,300,6.0,7.0,1.8,,6.6,293,1015.2,17.6,19.4,17.0,,,
2026-07-31T19:50:00Z,2026-09-12T23:23:23Z,300,6.0,8.0,1.8,9,6.6,293,1015.0,17.7,19.4,17.2,,,
2026-07-31T20:00:00Z,2026-09-12T23:23:23Z,300,6.0,8.0,,,,,1015.0,17.7,19.4,17.2,,-0.4,
2026-07-31T20:10:00Z,2026-09-12T23:23:23Z,300,6.0,8.0,1.8,,6.7,279,1014.8,17.7,19.3,17.3,,,
2026-07-31T20:20:00Z,2026-09-12T23:23:23Z,300,7.0,8.0,1.8,9,6.7,279,1014.9,17.5,19.3,17.1,,,
2026-07-31T20:30:00Z,2026-09-12T23:23:23Z,310,7.0,9.0,,,,,1014.9,17.5,19.3,17.2,,,
2026-07-31T20:40:00Z,2026-09-12T23:23:23Z,300,7.0,9.0,1.7,,6.8,330,1014.8,17.6,19.3,17.3,,,
2026-07-31T20:50:00Z,2026-09-12T23:23:23Z,310,7.0,9.0,1.7,9,6.8,330,1014.9,17.5,19.3,17.2,,,
2026-07-31T21:00:00Z,2026-09-12T23:23:23Z,310,7.0,9.0,,,,,1014.9,17.4,19.4,17.1,,+0.0,
2026-07-31T21:10:00Z,2026-09-12T23:23:23Z,,,,,,,,1014.9,,19.4,,,,
2026-07-31T21:20:00Z,2026-09-12T23:23:23Z,300,7.0,8.0,1.9,9,6.7,303,1014.8,17.4,19.4,17.1,,,
2026-07-31T21:30:00Z,2026-09-12T23:23:23Z,310,7.0,8.0,,,,,1014.8,17.4,19.4,17.1,,,
2026-07-31T21:40:00Z,2026-09-12T23:23:23Z,310,6.0,8.0,,,,,1014.8,17.4,19.3,17.1,,,
2026-07-31T21:50:00Z,2026-09-12T23:23:23Z,310,6.0,8.0,1.8,8,6.6,305,1014.7,17.4,19.3,17.1,,,
2026-07-31T22:00:00Z,2026-09-12T23:23:23Z,310,6.0,9.0,,,,,1014.7,17.4,19.4,17.0,,-1.0,
2026-07-31T22:10:00Z,2026-09-12T23:23:23Z,310,6.0,8.0,1.7,,6.4,311,1014.7,17.4,19.4,17.0,,,
2026-07-31T22:20:00Z,2026-09-12T23:23:23Z,310,7.0,9.0,1.7,8,6.4,311,1014.4,17.4,19.4,17.0,,,
2026-07-31T22:30:00Z,2026-09-12T23:23:23Z,310,7.0,8.0,,,,,1014.5,17.3,19.4,16.9,,,
2026-07-31T22:40:00Z,2026-09-12T23:23:23Z,300,7.0,9.0,1.8,,6.6,158,1014.2,17.2,19.4,16.7,,,
2026-07-31T22:50:00Z,2026-09-12T23:23:23Z,310,8.0,10.0,1.8,10,6.6,158,1014.0,17.2,19.4,16.7,,,
2026-07-31T23:00:00Z,2026-09-12T23:23:23Z,300,9.0,11.0,1.8,,6.2,312,1013.9,17.1,19.4,16.6,,-1.1,
2026-07-31T23:40:00Z,2026-09-12T23:23:23Z,310,9.0,11.0,,,,,1013.9,16.8,19.5,16.4,,,
2026-07-31T23:50:00Z,2026-09-12T23:23:23Z,310,8.0,11.0,1.8,9,6.2,318,1013.8,17.0,19.5,16.6,,,
2026-08-01T00:00:00Z,2026-09-12T23:23:23Z,310,9.0,11.0,,,,,1013.8,16.8,19.5,16.4,,-1.1,
2026-08-01T00:10:00Z,2026-09-12T23:23:23Z,310,9.0,11.0,1.9,,6.1,253,1013.6,16.8,19.5,16.4,,,
2026-08-01T00:20:00Z,2026-09-12T23:23:23Z,310,9.0,11.0,1.9,9,6.1,253,1013.7,16.7,19.5,16.3,,,
2026-08-01T00:30:00Z,2026-09-12T23:23:23Z,310,9.0,11.0,,,,,1013.6,16.7,19.5,16.3,,,
2026-08-01T00:40:00Z,2026-09-12T23:23:23Z,310,9.0,11.0,,,,,1013.6,16.7,19.5,16.3,,,
2026-08-01T00:50:00Z,2026-09-12T23:23:23Z,310,9.0,11.0,1.7,8,6.0,315,1013.5,16.6,19.5,16.1,,,
2026-08-01T01:00:00Z,2026-09-12T23:23:23Z,300,9.0,11.0,,,,,1013.3,16.6,19.5,16.0,,-1.4,
2026-08-01T01:10:00Z,2026-09-12T23:23:23Z,310,9.0,11.0,1.8,,6.1,316,1013.3,16.8,19.6,16.2,,,
2026-08-01T01:20:00Z,2026-09-12T23:23:23Z,310,9.0,11.0,1.8,8,6.1,316,1013.3,16.8,19.6,16.2,,,
2026-08-01T01:30:00Z,2026-09-12T23:23:23Z,310,9.0,11.0,,,,,1013.3,16.9,19.6,16.2,,,
2026-08-01T01:40:00Z,2026-09-12T23:23:23Z,310,9.0,11.0,1.9,,6.0,300,1013.3,16.9,19.6,16.2,,,
2026-08-01T01:50:00Z,2026-09-12T23:23:23Z,310,9.0,11.0,1.9,8,6.0,300,1013.3,17.0,19.6,16.3,,,
2026-08-01T02:00:00Z,2026-09-12T23:23:23Z,310,8.0,10.0,,,,,1013.3,17.2,19.6,16.5,,-0.6,
2026-08-01T02:10:00Z,2026-09-12T23:23:23Z,310,9.0,10.0,,,,,1013.2,17.3,,16.5,,,
2026-08-01T02:20:00Z,2026-09-12T23:23:23Z,310,8.0,10.0,1.9,8,6.0,288,1013.4,17.5,19.6,16.6,,,
2026-08-01T02:30:00Z,2026-09-12T23:23:23Z,310,8.0,10.0,,,,,1013.4,17.6,19.5,16.6,,,
2026-08-01T02:40:00Z,2026-09-12T23:23:23Z,310,8.0,9.0,,,,,1013.4,17.7,19.5,16.7,,,
2026-08-01T02:50:00Z,2026-09-12T23:23:23Z,310,8.0,10.0,1.8,10,5.9,164,1013.4,17.7,19.5,16.7,,,
2026-08-01T03:00:00Z,2026-09-12T23:23:23Z,310,9.0,10.0,,,,,1013.4,17.7,19.5,16.6,,-0.4,
2026-08-01T03:10:00Z,2026-09-12T23:23:23Z,310,9.0,11.0,,,,,1013.3,17.7,19.5,16.6,,,
2026-08-01T03:20:00Z,2026-09-12T23:23:23Z,310,9.0,11.0,1.7,9,5.6,150,1013.4,17.7,19.5,16.6,,,
2026-08-01T03:30:00Z,2026-09-12T23:23:23Z,310,9.0,11.0,,,,,1013.3,17.7,19.5,16.6,,,
2026-08-01T03:40:00Z,2026-09-12T23:23:23Z,310,9.0,11.0,,,,,1013.4,17.8,19.5,16.7,,,
2026-08-01T03:50:00Z,2026-09-12T23:23:23Z,310,9.0,11.0,1.9,9,6.1,280,1013.5,17.8,19.5,16.7,,,
2026-08-01T04:00:00Z,2026-09-12T23:23:23Z,320,9.0,11.0,,,,,1013.5,17.7,19.5,16.5,,+0.0,
2026-08-01T04:10:00Z,2026-09-12T23:23:23Z,310,9.0,10.0,1.9,,5.9,320,1013.6,17.7,19.5,16.5,,,
2026-08-01T04:20:00Z,2026-09-12T23:23:23Z,320,8.0,10.0,1.9,9,5.9,320,1013.9,17.8,19.4,16.6,,,
2026-08-01T04:30:00Z,2026-09-12T23:23:23Z,310,8.0,9.0,,,,,1013.9,17.8,19.4,16.7,,,
2026-08-01T04:40:00Z,2026-09-12T23:23:23Z,310,8.0,9.0,1.9,,6.0,185,1014.0,17.8,19.4,16.7,,,
2026-08-01T04:50:00Z,2026-09-12T23:23:23Z,310,8.0,10.0,1.9,13,6.0,185,1014.0,17.8,,16.6,,,
2026-08-01T05:00:00Z,2026-09-12T23:23:23Z,310,8.0,9.0,,,,,1014.0,17.8,19.4,16.6,,+0.7,
2026-08-01T05:10:00Z,2026-09-12T23:23:23Z,320,8.0,10.0,2.0,,6.0,306,1014.0,17.8,19.4,16.6,,,
2026-08-01T05:20:00Z,2026-09-12T23:23:23Z,310,8.0,10.0,2.0,8,6.0,306,1014.2,17.8,19.4,16.5,,,
2026-08-01T05:30:00Z,2026-09-12T23:23:23Z,320,8.0,10.0,,,,,1014.1,17.8,19.4,16.5,,,
2026-08-01T05:40:00Z,2026-09-12T23:23:23Z,310,8.0,10.0,,,,,1014.2,17.8,19.3,16.4,,,
2026-08-01T05:50:00Z,2026-09-12T23:23:23Z,320,8.0,9.0,1.9,8,6.0,315,1014.2,17.8,19.4,16.4,,,
2026-08-01T06:00:00Z,2026-09-12T23:23:23Z,310,8.0,9.0,,,,,1014.2,17.8,19.3,16.4,,+0.8,
2026-08-01T06:10:00Z,2026-09-12T23:23:23Z,320,8.0,10.0,2.0,,5.8,308,1014.4,17.8,19.3,16.3,,,
2026-08-01T06:20:00Z,2026-09-12T23:23:23Z,320,7.0,9.0,2.0,9,5.8,308,1014.3,17.9,19.3,16.5,,,
2026-08-01T06:30:00Z,2026-09-12T23:23:23Z,320,7.0,9.0,,,,,1014.2,17.9,19.3,16.6,,,
2026-08-01T06:40:00Z,2026-09-12T23:23:23Z,320,7.0,9.0,2.1,,6.1,311,1014.2,17.9,19.3,16.6,,,
2026-08-01T06:50:00Z,2026-09-12T23:23:23Z,320,8.0,9.0,2.1,8,6.1,311,1014.2,17.8,19.3,16.5,,,
2026-08-01T07:00:00Z,2026-09-12T23:23:23Z,320,7.0,9.0,,,,,1014.2,17.9,19.3,16.6,,+0.7,
2026-08-01T07:10:00Z,2026-09-12T23:23:23Z,320,8.0,10.0,2.0,,6.1,315,1014.2,17.8,19.3,16.6,,,
2026-08-01T07:20:00Z,2026-09-12T23:23:23Z,310,8.0,9.0,2.0,6,6.1,315,1014.1,17.8,19.3,16.6,,,
2026-08-01T07:30:00Z,2026-09-12T23:23:23Z,320,8.0,9.0,,,,,1014.2,17.8,19.3,16.6,,,
2026-08-01T07:40:00Z,2026-09-12T23:23:23Z,320,8.0,10.0,,,,,1014.2,17.8,19.3,16.6,,,
2026-08-01T07:50:00Z,2026-09-12T23:23:23Z,310,8.0,9.0,2.1,11,6.2,181,1014.2,17.7,19.3,16.5,,,
2026-08-01T08:00:00Z,2026-09-12T23:23:23Z,310,8.0,9.0,,,,,1014.2,17.8,19.3,16.6,,+0.0,
2026-08-01T08:10:00Z,2026-09-12T23:23:23Z,320,8.0,10.0,,,,,1014.2,17.7,19.2,16.5,,,
2026-08-01T08:20:00Z,2026-09-12T23:23:23Z,320,8.0,9.0,2.0,7,6.0,313,1014.2,17.7,19.2,16.5,,,
2026-08-01T08:30:00Z,2026-09-12T23:23:23Z,310,8.0,10.0,,,,,1014.2,17.7,19.2,16.5,,,
2026-08-01T08:40:00Z,2026-09-12T23:23:23Z,310,8.0,10.0,,,,,1014.1,17.6,19.2,16.4,,,
2026-08-01T08:50:00Z,2026-09-12T23:23:23Z,310,8.0,9.0,1.9,9,6.0,277,1014.1,17.7,19.2,16.5,,,
2026-08-01T09:00:00Z,2026-09-12T23:23:23Z,320,8.0,10.0,,,,,1014.1,17.6,19.2,16.4,,+0.0,
2026-08-01T09:10:00Z,2026-09-12T23:23:23Z,320,8.0,10.0,2.1,,6.3,177,1014.0,17.6,19.2,16.4,,,
2026-08-01T09:20:00Z,2026-09-12T23:23:23Z,310,8.0,11.0,2.1,11,6.3,177,1013.9,17.5,19.2,16.4,,,
2026-08-01T09:30:00Z,2026-09-12T23:23:23Z,320,8.0,10.0,,,,,1014.0,17.4,19.1,16.2,,,
2026-08-01T09:40:00Z,2026-09-12T23:23:23Z,310,8.0,10.0,,,,,1014.0,17.3,19.1,16.1,,,
2026-08-01T09:50:00Z,2026-09-12T23:23:23Z,310,8.0,10.0,2.1,8,6.2,309,1013.8,17.4,19.1,16.3,,,
2026-08-01T10:00:00Z,2026-09-12T23:23:23Z,310,9.0,10.0,,,,,1013.9,17.3,19.1,16.2,,-0.3,
2026-08-01T10:10:00Z,2026-09-12T23:23:23Z,310,8.0,10.0,2.1,,6.0,308,1014.0,17.3,19.1,16.3,,,
2026-08-01T10:20:00Z,2026-09-12T23:23:23Z,310,9.0,11.0,2.1,8,6.0,308,1013.9,17.1,19.1,16.1,,,
2026-08-01T10:30:00Z,2026-09-12T23:23:23Z,320,9.0,12.0,,,,,1013.8,17.0,19.1,16.0,,,
2026-08-01T10:40:00Z,2026-09-12T23:23:23Z,,,,,,,,1013.8,,19.1,,,,
2026-08-01T10:50:00Z,2026-09-12T23:23:23Z,310,9.0,11.0,2.1,7,6.2,317,1013.9,16.9,19.1,16.1,,,
2026-08-01T11:00:00Z,2026-09-12T23:23:23Z,310,9.0,11.0,,,,,1013.8,16.8,19.1,16.0,,-0.4,
2026-08-01T11:10:00Z,2026-09-12T23:23:23Z,310,9.0,11.0,2.0,,6.0,303,1013.9,16.6,19.1,15.8,,,
2026-08-01T11:20:00Z,2026-09-12T23:23:23Z,310,9.0,11.0,2.0,8,6.0,303,1013.9,16.6,19.1,15.8,,,
2026-08-01T11:30:00Z,2026-09-12T23:23:23Z,310,8.0,10.0,,,,,1013.8,16.8,19.1,16.1,,,
2026-08-01T11:40:00Z,2026-09-12T23:23:23Z,310,9.0,11.0,2.2,,6.2,306,1013.6,16.5,19.0,15.7,,,
2026-08-01T11:50:00Z,2026-09-12T23:23:23Z,310,9.0,11.0,2.2,8,6.2,306,1013.7,16.5,19.0,15.7,,,
2026-08-01T12:00:00Z,2026-09-12T23:23:23Z,310,9.0,12.0,,,,,1013.6,16.4,19.0,15.6,,-0.6,
2026-08-01T12:10:00Z,2026-09-12T23:23:23Z,310,9.0,11.0,2.1,,6.1,308,1013.5,16.5,19.0,15.7,,,
2026-08-01T12:20:00Z,2026-09-12T23:23:23Z,310,9.0,11.0,2.1,8,6.1,308,1013.4,16.5,19.0,15.8,,,
2026-08-01T12:30:00Z,2026-09-12T23:23:23Z,310,10.0,12.0,,,,,1013.3,16.4,19.0,15.7,,,
2026-08-01T12:40:00Z,2026-09-12T23:23:23Z,310,10.0,12.0,,,,,1013.3,16.4,19.0,15.6,,,
2026-08-01T12:50:00Z,2026-09-12T23:23:23Z,300,9.0,12.0,2.2,8,6.1,311,1013.5,16.5,19.0,15.8,,,
2026-08-01T13:00:00Z,2026-09-12T23:23:23Z,310,9.0,11.0,,,,,1013.8,16.5,19.0,15.8,,-0.0,
2026-08-01T13:10:00Z,2026-09-12T23:23:23Z,320,10.0,12.0,2.2,,6.1,309,1013.8,16.4,19.0,15.6,,,
2026-08-01T13:20:00Z,2026-09-12T23:23:23Z,320,9.0,12.0,2.2,8,6.1,309,1013.8,16.5,19.0,15.8,,,
2026-08-01T13:30:00Z,2026-09-12T23:23:23Z,310,10.0,12.0,,,,,1013.8,16.4,19.1,15.6,,,
2026-08-01T13:40:00Z,2026-09-12T23:23:23Z,310,11.0,13.0,,,,,1013.8,16.3,19.1,15.5,,,
2026-08-01T13:50:00Z,2026-09-12T23:23:23Z,310,10.0,13.0,2.4,8,6.4,310,1014.0,16.4,19.1,15.6,,,
2026-08-01T14:00:00Z,2026-09-12T23:23:23Z,310,10.0,12.0,,,,,1014.2,16.4,19.1,15.6,,+0.3,
2026-08-01T14:10:00Z,2026-09-12T23:23:23Z,310,10.0,11.0,2.2,,6.0,307,1014.2,16.3,19.1,15.5,,,
2026-08-01T14:20:00Z,2026-09-12T23:23:23Z,320,9.0,11.0,2.2,8,6.0,307,1014.4,16.3,19.1,15.5,,,
2026-08-01T14:30:00Z,2026-09-12T23:23:23Z,320,9.0,11.0,,,,,1014.5,16.4,,15.6,,,
2026-08-01T14:40:00Z,2026-09-12T23:23:23Z,,,,,,,,1014.7,,19.1,,,,
2026-08-01T14:50:00Z,2026-09-12T23:23:23Z,320,8.0,10.0,2.2,8,6.2,312,1014.8,16.4,19.1,15.6,,,
2026-08-01T15:00:00Z,2026-09-12T23:23:23Z,300,8.0,10.0,,,,,1014.9,16.4,19.1,15.6,,+1.4,
2026-08-01T15:10:00Z,2026-09-12T23:23:23Z,310,8.0,11.0,,,,,1014.8,16.5,19.1,15.7,,,
2026-08-01T15:20:00Z,2026-09-12T23:23:23Z,320,8.0,10.0,2.1,8,6.0,308,1015.1,16.4,19.1,15.6,,,
2026-08-01T15:30:00Z,2026-09-12T23:23:23Z,320,8.0,10.0,,,,,1015.2,16.5,19.1,15.7,,,
2026-08-01T15:40:00Z,2026-09-12T23:23:23Z,310,8.0,10.0,2.1,,6.1,306,1015.1,16.4,19.1,15.5,,,
2026-08-01T15:50:00Z,2026-09-12T23:23:23Z,310,8.0,10.0,2.1,8,6.1,306,1015.2,16.4,19.2,15.5,,,
2026-08-01T16:00:00Z,2026-09-12T23:23:23Z,320,9.0,11.0,,,,,1015.1,16.4,,15.5,,+1.3,
2026-08-01T16:10:00Z,2026-09-12T23:23:23Z,310,8.0,10.0,,,,,1015.1,16.6,19.2,15.8,,,
2026-08-01T16:20:00Z,2026-09-12T23:23:23Z,300,9.0,10.0,2.2,8,6.3,312,1015.2,16.6,19.2,15.7,,,
2026-08-01T16:30:00Z,2026-09-12T23:23:23Z,310,9.0,11.0,,,,,1015.2,16.5,19.2,15.6,,,
2026-08-01T16:40:00Z,2026-09-12T23:23:23Z,310,9.0,11.0,,,,,1015.2,16.4,19.2,15.5,,,
2026-08-01T16:50:00Z,2026-09-12T23:23:23Z,310,9.0,10.0,2.1,8,6.2,311,1015.2,16.6,19.2,15.8,,,
2026-08-01T17:00:00Z,2026-09-12T23:23:23Z,310,9.0,11.0,,,,,1015.3,16.6,19.2,15.8,,+1.2,
2026-08-01T17:10:00Z,2026-09-12T23:23:23Z,310,9.0,11.0,,,,,1015.2,16.5,,15.6,,,
2026-08-01T17:20:00Z,2026-09-12T23:23:23Z,300,9.0,11.0,2.2,9,6.4,311,1015.3,16.6,19.2,15.8,,,
2026-08-01T17:30:00Z,2026-09-12T23:23:23Z,300,8.0,10.0,,,,,1015.3,16.6,19.2,15.7,,,
2026-08-01T17:40:00Z,2026-09-12T23:23:23Z,300,9.0,10.0,,,,,1015.3,16.7,19.2,15.9,,,
2026-08-01T17:50:00Z,2026-09-12T23:23:23Z,300,9.0,10.0,2.2,8,6.3,316,1015.2,16.6,,15.7,,,
2026-08-01T18:00:00Z,2026-09-12T23:23:23Z,300,9.0,11.0,,,,,1015.1,16.7,19.2,15.9,,+0.0,
2026-08-01T18:10:00Z,2026-09-12T23:23:23Z,300,9.0,11.0,,,,,1015.3,16.7,19.2,15.8,,,
2026-08-01T18:20:00Z,2026-09-12T23:23:23Z,310,9.0,11.0,2.3,10,6.6,241,1015.3,16.7,19.2,15.7,,,
2026-08-01T18:30:00Z,2026-09-12T23:23:23Z,310,9.0,11.0,,,,,1015.3,16.8,19.2,15.8,,,
2026-08-01T18:40:00Z,2026-09-12T23:23:23Z,310,10.0,12.0,,,,,1015.1,16.7,19.2,15.7,,,
2026-08-01T18:50:00Z,2026-09-12T23:23:23Z,300,9.0,11.0,2.3,9,6.4,315,1015.0,16.9,19.3,16.0,,,
2026-08-01T19:00:00Z,2026-09-12T23:23:23Z,300,9.0,11.0,,,,,1015.0,16.9,19.2,16.1,,+0.0,
2026-08-01T19:10:00Z,2026-09-12T23:23:23Z,310,9.0,11.0,,,,,1014.9,16.9,19.3,16.1,,,
2026-08-01T19:20:00Z,2026-09-12T23:23:23Z,310,9.0,11.0,2.3,9,6.2,318,1014.9,16.9,19.2,16.1,,,
2026-08-01T19:30:00Z,2026-09-12T23:23:23Z,310,9.0,11.0,,,,,1014.8,16.9,19.2,16.1,,,
2026-08-01T19:40:00Z,2026-09-12T23:23:23Z,,,,,,,,1014.7,,19.2,,,,
2026-08-01T19:50:00Z,2026-09-12T23:23:23Z,310,9.0,11.0,2.4,9,6.4,309,1014.6,16.9,19.2,16.0,,,
2026-08-01T20:00:00Z,2026-09-12T23:23:23Z,310,9.0,11.0,,,,,1014.6,16.9,19.2,16.0,,-0.7,
2026-08-01T20:10:00Z,2026-09-12T23:23:23Z,310,9.0,11.0,,,,,1014.6,16.9,19.2,16.1,,,
2026-08-01T20:20:00Z,2026-09-12T23:23:23Z,310,9.0,11.0,2.3,9,6.1,304,1014.7,16.8,19.2,15.9,,,
2026-08-01T20:30:00Z,2026-09-12T23:23:23Z,310,9.0,11.0,,,,,1014.8,16.9,19.2,16.1,,,
2026-08-01T20:40:00Z,2026-09-12T23:23:23Z,320,8.0,10.0,,,,,1014.8,16.9,19.2,16.0,,,
2026-08-01T20:50:00Z,2026-09-12T23:23:23Z,320,8.0,10.0,2.3,8,6.1,308,1014.6,16.9,19.3,16.1,,,
2026-08-01T21:00:00Z,2026-09-12T23:23:23Z,320,9.0,11.0,,,,,1014.2,16.8,19.3,15.8,,-0.8,
2026-08-01T21:10:00Z,2026-09-12T23:23:23Z,310,8.0,10.0,,,,,1014.4,17.0,19.3,16.1,,,
2026-08-01T21:20:00Z,2026-09-12T23:23:23Z,310,8.0,10.0,2.2,9,6.1,322,1014.5,16.9,19.3,15.9,,,
2026-08-01T21:30:00Z,2026-09-12T23:23:23Z,310,8.0,10.0,,,,,1014.2,17.0,19.3,16.1,,,
2026-08-01T21:40:00Z,2026-09-12T23:23:23Z,320,9.0,11.0,,,,,1014.0,17.0,19.3,16.1,,,
2026-08-01T21:50:00Z,2026-09-12T23:23:23Z,310,9.0,11.0,2.2,9,6.3,322,1013.8,17.0,19.3,16.1,,,
2026-08-01T22:00:00Z,2026-09-12T23:23:23Z,320,10.0,12.0,,,,,1013.7,17.0,19.3,16.0,,-1.2,
2026-08-01T22:10:00Z,2026-09-12T23:23:23Z,310,9.0,11.0,,,,,1013.8,17.0,,16.0,,,
2026-08-01T22:20:00Z,2026-09-12T23:23:23Z,310,9.0,11.0,2.2,9,6.3,315,1013.7,17.2,19.3,16.3,,,
2026-08-01T22:30:00Z,2026-09-12T23:23:23Z,310,9.0,12.0,,,,,1013.6,17.1,19.3,16.1,,,
2026-08-01T22:40:00Z,2026-09-12T23:23:23Z,310,9.0,12.0,,,,,1013.6,17.0,19.3,16.0,,,
2026-08-01T22:50:00Z,2026-09-12T23:23:23Z,310,9.0,12.0,2.1,8,5.9,315,1013.3,17.0,19.3,16.0,,,
2026-08-01T23:00:00Z,2026-09-12T23:23:23Z,310,9.0,11.0,,,,,1013.2,17.1,19.3,16.2,,-1.4,
2026-08-01T23:10:00Z,2026-09-12T23:23:23Z,310,9.0,11.0,2.2,,6.3,318,1013.2,17.0,19.3,16.1,,,
2026-08-01T23:20:00Z,2026-09-12T23:23:23Z,310,9.0,11.0,2.2,9,6.3,318,1013.1,17.0,19.3,16.0,,,
2026-08-01T23:30:00Z,2026-09-12T23:23:23Z,320,9.0,11.0,,,,,1013.2,16.9,19.3,15.9,,,
2026-08-01T23:40:00Z,2026-09-12T23:23:23Z,310,9.0,11.0,,,,,1013.1,16.9,19.3,15.9,,,
2026-08-01T23:50:00Z,2026-09-12T23:23:23Z,310,8.0,10.0,2.2,9,6.2,297,1013.1,17.0,19.3,16.1,,,
2026-08-02T00:00:00Z,2026-09-12T23:23:23Z,310,8.0,11.0,,,,,1013.2,17.0,19.3,16.0,,-1.1,
2026-08-02T00:10:00Z,2026-09-12T23:23:23Z,320,8.0,10.0,2.0,,6.0,311,1013.0,17.0,19.3,16.1,,,
2026-08-02T00:20:00Z,2026-09-12T23:23:23Z,310,9.0,11.0,2.0,9,6.0,311,1012.8,16.9,19.3,16.0,,,
2026-08-02T00:30:00Z,2026-09-12T23:23:23Z,310,8.0,10.0,,,,,1012.8,16.8,19.3,15.9,,,
2026-08-02T00:40:00Z,2026-09-12T23:23:23Z,310,9.0,11.0,,,,,1012.6,16.9,19.3,16.0,,,
2026-08-02T00:50:00Z,2026-09-12T23:23:23Z,310,9.0,11.0,2.1,9,6.1,298,1012.5,16.9,19.3,16.0,,,
2026-08-02T01:00:00Z,2026-09-12T23:23:23Z,310,10.0,12.0,,,,,1012.2,16.8,19.3,15.9,,-1.5,
2026-08-02T01:10:00Z,2026-09-12T23:23:23Z,310,10.0,12.0,2.1,,6.0,309,1012.3,16.8,19.3,15.9,,,
2026-08-02T01:20:00Z,2026-09-12T23:23:23Z,300,10.0,12.0,2.1,9,6.0,309,1012.0,16.8,19.2,15.9,,,
2026-08-02T01:30:00Z,2026-09-12T23:23:23Z,300,10.0,12.0,,,,,1012.1,16.8,19.3,15.9,,,
2026-08-02T01:40:00Z,2026-09-12T23:23:23Z,310,10.0,13.0,,,,,1012.0,16.7,19.2,15.9,,,
2026-08-02T01:50:00Z,2026-09-12T23:23:23Z,310,10.0,12.0,1.9,9,5.6,302,1012.0,16.8,19.2,16.0,,,
2026-08-02T02:00:00Z,2026-09-12T23:23:23Z,310,10.0,12.0,,,,,1011.9,16.8,19.2,16.0,,-1.3,
2026-08-02T02:10:00Z,2026-09-12T23:23:23Z,300,10.0,12.0,2.2,,6.0,312,1012.0,16.6,19.2,15.7,,,
2026-08-02T02:20:00Z,2026-09-12T23:23:23Z,310,10.0,12.0,2.2,9,6.0,312,1012.1,16.6,19.2,15.8,,,
2026-08-02T02:30:00Z,2026-09-12T23:23:23Z,310,9.0,12.0,,,,,1012.0,16.8,19.2,16.0,,,
2026-08-02T02:40:00Z,2026-09-12T23:23:23Z,310,10.0,12.0,2.1,,5.8,311,1012.2,16.8,19.2,16.0,,,
2026-08-02T02:50:00Z,2026-09-12T23:23:23Z,310,10.0,12.0,2.1,8,5.8,311,1012.3,16.6,19.1,15.8,,,
2026-08-02T03:00:00Z,2026-09-12T23:23:23Z,300,10.0,12.0,,,,,1012.3,16.6,19.1,15.8,,-1.0,
2026-08-02T03:10:00Z,2026-09-12T23:23:23Z,310,10.0,12.0,2.0,,5.6,311,1012.3,16.5,19.1,15.7,,,
2026-08-02T03:20:00Z,2026-09-12T23:23:23Z,310,9.0,12.0,2.0,9,5.6,311,1012.4,16.7,19.1,16.0,,,
2026-08-02T03:30:00Z,2026-09-12T23:23:23Z,310,9.0,11.0,,,,,1012.3,16.7,19.1,16.0,,,
2026-08-02T03:40:00Z,2026-09-12T23:23:23Z,310,10.0,12.0,,,,,1012.4,16.5,19.1,15.8,,,
2026-08-02T03:50:00Z,2026-09-12T23:23:23Z,310,9.0,12.0,1.9,9,5.7,307,1012.3,16.5,19.1,15.9,,,
2026-08-02T04:00:00Z,2026-09-12T23:23:23Z,310,10.0,12.0,,,,,1012.3,16.4,19.1,15.8,,-0.0,
2026-08-02T04:10:00Z,2026-09-12T23:23:23Z,310,10.0,12.0,2.0,,6.0,301,1012.3,16.5,19.0,15.9,,,
2026-08-02T04:20:00Z,2026-09-12T23:23:23Z,310,9.0,11.0,2.0,9,6.0,301,1012.2,16.6,19.0,16.0,,,
2026-08-02T04:30:00Z,2026-09-12T23:23:23Z,300,9.0,11.0,,,,,1012.3,16.6,19.0,16.0,,,
2026-08-02T04:40:00Z,2026-09-12T23:23:23Z,320,10.0,12.0,,,,,1012.2,16.5,18.9,16.0,,,
2026-08-02T04:50:00Z,2026-09-12T23:23:23Z,310,10.0,11.0,1.9,8,5.8,302,1012.4,16.4,19.0,15.9,,,
2026-08-02T05:00:00Z,2026-09-12T23:23:23Z,320,8.0,10.0,,,,,1012.7,16.4,19.0,15.9,,+0.8,
2026-08-02T05:10:00Z,2026-09-12T23:23:23Z,310,8.0,10.0,1.9,,5.8,307,1012.9,16.5,19.0,15.9,,,
2026-08-02T05:20:00Z,2026-09-12T23:23:23Z,310,8.0,11.0,1.9,9,5.8,307,1012.8,16.5,19.1,16.0,,,
2026-08-02T05:30:00Z,2026-09-12T23:23:23Z,320,9.0,11.0,,,,,1012.8,16.5,19.1,16.0,,,
2026-08-02T05:40:00Z,2026-09-12T23:23:23Z,310,9.0,11.0,2.0,,6.0,299,1012.7,16.3,19.1,15.8,,,
2026-08-02T05:50:00Z,2026-09-12T23:23:23Z,310,9.0,11.0,2.0,9,6.0,299,1012.7,16.3,19.1,15.8,,,
2026-08-02T06:00:00Z,2026-09-12T23:23:23Z,320,9.0,10.0,,,,,1012.6,16.4,19.1,15.9,,+0.4,
2026-08-02T06:10:00Z,2026-09-12T23:23:23Z,310,8.0,11.0,1.9,,5.8,309,1012.5,16.4,19.1,15.9,,,
2026-08-02T06:20:00Z,2026-09-12T23:23:23Z,310,9.0,10.0,1.9,9,5.8,309,1012.5,16.4,19.1,15.9,,,
2026-08-02T06:30:00Z,2026-09-12T23:23:23Z,310,9.0,11.0,,,,,1012.3,16.2,19.1,15.7,,,
2026-08-02T06:40:00Z,2026-09-12T23:23:23Z,310,9.0,11.0,1.9,,5.8,315,1012.3,16.2,19.0,15.7,,,
2026-08-02T06:50:00Z,2026-09-12T23:23:23Z,300,8.0,10.0,1.9,9,5.8,315,1012.5,16.4,19.0,16.0,,,
2026-08-02T07:00:00Z,2026-09-12T23:23:23Z,300,8.0,10.0,,,,,1012.5,16.4,19.0,16.0,,+0.0,
2026-08-02T07:10:00Z,2026-09-12T23:23:23Z,310,8.0,10.0,1.9,,5.9,314,1012.5,16.4,19.0,16.0,,,
2026-08-02T07:20:00Z,2026-09-12T23:23:23Z,310,8.0,10.0,1.9,8,5.9,314,1012.5,16.4,19.0,16.0,,,
2026-08-02T07:30:00Z,2026-09-12T23:23:23Z,310,8.0,10.0,,,,,1012.6,16.3,19.0,15.8,,,
2026-08-02T07:40:00Z,2026-09-12T23:23:23Z,310,8.0,10.0,2.0,,6.1,315,1012.6,16.3,19.0,15.8,,,
2026-08-02T07:50:00Z,2026-09-12T23:23:23Z,310,7.0,9.0,2.0,8,6.1,315,1012.5,16.2,19.1,15.7,,,
2026-08-02T08:00:00Z,2026-09-12T23:23:23Z,300,7.0,9.0,,,,,1012.4,16.3,19.0,15.8,,-0.3,
2026-08-02T08:10:00Z,2026-09-12T23:23:23Z,300,7.0,8.0,2.0,,6.0,302,1012.4,16.4,19.0,15.9,,,
2026-08-02T08:20:00Z,2026-09-12T23:23:23Z,310,7.0,10.0,2.0,8,6.0,302,1012.3,16.3,19.0,15.8,,,
2026-08-02T08:30:00Z,2026-09-12T23:23:23Z,310,7.0,9.0,,,,,1012.3,16.2,19.0,15.7,,,
2026-08-02T08:40:00Z,2026-09-12T23:23:23Z,310,6.0,8.0,,,,,1012.3,16.4,19.0,15.8,,,
2026-08-02T08:50:00Z,2026-09-12T23:23:23Z,310,7.0,9.0,2.0,8,6.0,312,1012.3,16.4,19.0,15.8,,,
2026-08-02T09:00:00Z,2026-09-12T23:23:23Z,300,7.0,9.0,,,,,1012.2,16.4,19.0,15.8,,-0.5,
2026-08-02T09:10:00Z,2026-09-12T23:23:23Z,300,7.0,9.0,1.9,,6.0,316,1012.0,16.5,19.0,15.9,,,
2026-08-02T09:20:00Z,2026-09-12T23:23:23Z,300,7.0,10.0,1.9,8,6.0,316,1012.0,16.6,19.0,16.0,,,
2026-08-02T09:30:00Z,2026-09-12T23:23:23Z,300,8.0,9.0,,,,,1011.9,16.6,19.1,16.0,,,
2026-08-02T09:40:00Z,2026-09-12T23:23:23Z,300,7.0,9.0,2.0,,6.3,315,1011.9,16.6,19.1,16.0,,,
2026-08-02T09:50:00Z,2026-09-12T23:23:23Z,300,8.0,10.0,2.0,8,6.3,315,1011.8,16.6,19.1,16.0,,,
2026-08-02T10:00:00Z,2026-09-12T23:23:23Z,310,8.0,9.0,,,,,1011.7,16.6,19.1,16.0,,-0.7,
2026-08-02T10:10:00Z,2026-09-12T23:23:23Z,300,8.0,10.0,1.9,,6.0,314,1011.6,16.5,19.1,15.9,,,
2026-08-02T10:20:00Z,2026-09-12T23:23:23Z,290,8.0,10.0,1.9,8,6.0,314,1011.5,16.6,19.1,16.0,,,
2026-08-02T10:30:00Z,2026-09-12T23:23:23Z,300,8.0,10.0,,,,,1011.6,16.6,19.1,16.0,,,
2026-08-02T10:40:00Z,2026-09-12T23:23:23Z,300,8.0,10.0,1.8,,5.9,312,1011.6,16.7,19.1,16.0,,,
2026-08-02T10:50:00Z,2026-09-12T23:23:23Z,300,8.0,10.0,1.8,8,5.9,312,1011.7,16.6,19.1,15.9,,,
2026-08-02T11:00:00Z,2026-09-12T23:23:23Z,310,7.0,9.0,,,,,1011.7,16.6,19.1,15.9,,-0.8,
2026-08-02T11:10:00Z,2026-09-12T23:23:23Z,310,7.0,9.0,1.9,,5.8,308,1011.7,16.9,19.1,16.1,,,
2026-08-02T11:20:00Z,2026-09-12T23:23:23Z,310,7.0,9.0,1.9,8,5.8,308,1011.6,16.9,19.1,16.1,,,
2026-08-02T11:30:00Z,2026-09-12T23:23:23Z,310,7.0,9.0,,,,,1011.6,17.0,19.0,16.1,,,
2026-08-02T11:40:00Z,2026-09-12T23:23:23Z,320,7.0,10.0,2.0,,6.1,301,1011.7,16.8,19.0,15.9,,,
2026-08-02T11:50:00Z,2026-09-12T23:23:23Z,310,7.0,9.0,2.0,8,6.1,301,1011.8,16.9,19.0,16.0,,,
2026-08-02T12:00:00Z,2026-09-12T23:23:23Z,320,8.0,9.0,,,,,1011.7,16.9,19.0,16.0,,-0.5,
2026-08-02T12:10:00Z,2026-09-12T23:23:23Z,310,8.0,10.0,1.7,,5.6,310,1011.7,16.9,19.0,16.0,,,
2026-08-02T12:20:00Z,2026-09-12T23:23:23Z,300,7.0,9.0,1.7,8,5.6,310,1011.7,16.8,19.0,15.9,,,
2026-08-02T12:30:00Z,2026-09-12T23:23:23Z,310,8.0,10.0,,,,,1011.7,16.8,19.0,15.9,,,
2026-08-02T12:40:00Z,2026-09-12T23:23:23Z,310,8.0,10.0,1.8,,5.8,306,1011.7,16.8,19.0,15.9,,,
2026-08-02T12:50:00Z,2026-09-12T23:23:23Z,320,8.0,9.0,1.8,8,5.8,306,1011.7,16.9,19.0,16.0,,,
2026-08-02T13:00:00Z,2026-09-12T23:23:23Z,310,8.0,10.0,,,,,1011.6,16.9,19.0,16.0,,-0.3,
2026-08-02T13:10:00Z,2026-09-12T23:23:23Z,310,8.0,10.0,1.7,,5.7,314,1011.7,16.8,19.0,15.9,,,
2026-08-02T13:20:00Z,2026-09-12T23:23:23Z,320,8.0,10.0,1.7,9,5.7,314,1011.7,16.8,19.0,15.9,,,
2026-08-02T13:30:00Z,2026-09-12T23:23:23Z,310,8.0,10.0,,,,,1011.8,16.8,19.0,16.0,,,
2026-08-02T13:40:00Z,2026-09-12T23:23:23Z,320,8.0,10.0,,,,,1011.8,16.7,19.0,16.0,,,
2026-08-02T13:50:00Z,2026-09-12T23:23:23Z,320,8.0,10.0,1.7,9,6.0,307,1011.9,16.6,19.0,16.0,,,
2026-08-02T14:00:00Z,2026-09-12T23:23:23Z,310,7.0,9.0,,,,,1012.0,16.4,19.0,15.8,,+0.3,
2026-08-02T14:10:00Z,2026-09-12T23:23:23Z,310,8.0,10.0,1.5,,5.6,309,1011.9,16.6,19.0,16.1,,,
2026-08-02T14:20:00Z,2026-09-12T23:23:23Z,320,8.0,10.0,1.5,8,5.6,309,1011.8,16.4,19.0,15.9,,,
2026-08-02T14:30:00Z,2026-09-12T23:23:23Z,320,7.0,9.0,,,,,1011.9,16.5,19.0,16.0,,,
2026-08-02T14:40:00Z,2026-09-12T23:23:23Z,320,7.0,9.0,1.6,,5.8,312,1012.1,16.4,19.0,15.9,,,
2026-08-02T14:50:00Z,2026-09-12T23:23:23Z,320,7.0,9.0,1.6,9,5.8,312,1012.2,16.4,19.0,15.9,,,
2026-08-02T15:00:00Z,2026-09-12T23:23:23Z,310,6.0,9.0,,,,,1012.3,16.3,18.9,15.8,,+0.7,
2026-08-02T15:10:00Z,2026-09-12T23:23:23Z,,,,1.7,,6.1,309,1012.3,,,,,,
2026-08-02T15:20:00Z,2026-09-12T23:23:23Z,310,7.0,8.0,1.7,9,6.1,309,1012.4,16.4,18.9,16.0,,,
2026-08-02T15:30:00Z,2026-09-12T23:23:23Z,300,6.0,8.0,,,,,1012.4,16.3,18.9,15.8,,,
2026-08-02T15:40:00Z,2026-09-12T23:23:23Z,310,6.0,9.0,1.7,,6.2,310,1012.5,16.3,18.9,15.8,,,
2026-08-02T15:50:00Z,2026-09-12T23:23:23Z,320,6.0,9.0,1.7,9,6.2,310,1012.5,16.3,,15.8,,,
2026-08-02T16:00:00Z,2026-09-12T23:23:23Z,310,6.0,8.0,,,,,1012.6,16.3,18.9,15.7,,+1.3,
2026-08-02T16:10:00Z,2026-09-12T23:23:23Z,310,6.0,8.0,1.6,,6.1,306,1012.5,16.4,18.9,15.9,,,
2026-08-02T16:20:00Z,2026-09-12T23:23:23Z,310,6.0,9.0,1.6,9,6.1,306,1012.5,16.2,18.9,15.7,,,
2026-08-02T16:30:00Z,2026-09-12T23:23:23Z,320,6.0,9.0,,,,,1012.4,16.3,18.9,15.8,,,
2026-08-02T16:40:00Z,2026-09-12T23:23:23Z,310,7.0,8.0,,,,,1012.3,16.4,18.9,15.9,,,
2026-08-02T16:50:00Z,2026-09-12T23:23:23Z,310,6.0,8.0,1.5,8,6.1,312,1012.3,16.4,18.9,16.0,,,
2026-08-02T17:00:00Z,2026-09-12T23:23:23Z,310,6.0,8.0,,,,,1012.3,16.4,18.9,16.0,,+0.5,
2026-08-02T17:10:00Z,2026-09-12T23:23:23Z,310,6.0,8.0,1.6,,6.0,306,1012.2,16.3,18.9,15.9,,,
2026-08-02T17:20:00Z,2026-09-12T23:23:23Z,310,6.0,8.0,1.6,8,6.0,306,1012.2,16.4,18.9,16.0,,,
2026-08-02T17:30:00Z,2026-09-12T23:23:23Z,300,6.0,8.0,,,,,1012.2,16.4,18.9,15.9,,,
2026-08-02T17:40:00Z,2026-09-12T23:23:23Z,300,6.0,7.0,,,,,1012.3,16.5,18.9,16.1,,,
2026-08-02T17:50:00Z,2026-09-12T23:23:23Z,310,6.0,7.0,1.5,8,6.0,310,1012.3,16.5,18.9,16.0,,,
2026-08-02T18:00:00Z,2026-09-12T23:23:23Z,310,7.0,8.0,,,,,1012.3,16.4,18.9,15.8,,+0.0,
2026-08-02T18:10:00Z,2026-09-12T23:23:23Z,310,7.0,9.0,1.6,,5.9,317,1012.5,16.5,18.9,15.8,,,
2026-08-02T18:20:00Z,2026-09-12T23:23:23Z,310,6.0,7.0,1.6,9,5.9,317,1012.5,16.5,18.9,15.8,,,
2026-08-02T18:30:00Z,2026-09-12T23:23:23Z,300,6.0,7.0,,,,,1012.4,16.6,18.9,15.9,,,
2026-08-02T18:40:00Z,2026-09-12T23:23:23Z,300,6.0,8.0,,,,,1012.4,16.6,18.9,15.9,,,
2026-08-02T18:50:00Z,2026-09-12T23:23:23Z,300,6.0,7.0,1.5,8,5.7,309,1012.4,16.6,18.9,15.8,,,
2026-08-02T19:00:00Z,2026-09-12T23:23:23Z,300,6.0,7.0,,,,,1012.5,16.7,18.9,15.9,,-0.0,
2026-08-02T19:10:00Z,2026-09-12T23:23:23Z,300,6.0,8.0,1.5,,6.0,308,1012.3,16.7,18.9,15.8,,,
2026-08-02T19:20:00Z,2026-09-12T23:23:23Z,300,7.0,9.0,1.5,8,6.0,308,1012.3,16.8,18.9,15.9,,,
2026-08-02T19:30:00Z,2026-09-12T23:23:23Z,290,6.0,8.0,,,,,1012.4,16.8,18.9,15.8,,,
2026-08-02T19:40:00Z,2026-09-12T23:23:23Z,300,6.0,7.0,,,,,1012.3,16.9,18.9,15.9,,,
2026-08-02T19:50:00Z,2026-09-12T23:23:23Z,290,6.0,8.0,1.6,8,5.9,314,1012.0,16.9,18.9,16.0,,,
2026-08-02T20:00:00Z,2026-09-12T23:23:23Z,300,7.0,8.0,,,,,1011.9,16.9,18.9,16.0,,-0.5,
2026-08-02T20:10:00Z,2026-09-12T23:23:23Z,300,7.0,9.0,1.6,,5.8,314,1011.8,17.0,18.9,16.1,,,
2026-08-02T20:20:00Z,2026-09-12T23:23:23Z,290,7.0,9.0,1.6,8,5.8,314,1011.7,17.0,18.9,16.1,,,
2026-08-02T20:30:00Z,2026-09-12T23:23:23Z,300,7.0,9.0,,,,,1011.6,17.0,,16.1,,,
2026-08-02T20:40:00Z,2026-09-12T23:23:23Z,300,8.0,9.0,,,,,1011.4,16.9,18.9,16.0,,,
2026-08-02T20:50:00Z,2026-09-12T23:23:23Z,300,8.0,9.0,1.7,9,6.0,315,1011.2,17.0,18.9,16.1,,,
2026-08-02T21:00:00Z,2026-09-12T23:23:23Z,300,8.0,9.0,,,,,1011.3,17.0,18.9,16.2,,-0.9,
2026-08-02T21:10:00Z,2026-09-12T23:23:23Z,300,8.0,10.0,1.6,,5.8,315,1011.4,16.9,18.9,16.0,,,
2026-08-02T21:20:00Z,2026-09-12T23:23:23Z,310,8.0,9.0,1.6,9,5.8,315,1011.2,17.0,18.9,16.1,,,
2026-08-02T21:30:00Z,2026-09-12T23:23:23Z,300,7.0,8.0,,,,,1011.4,17.0,18.9,16.1,,,
2026-08-02T21:40:00Z,2026-09-12T23:23:23Z,300,7.0,8.0,,,,,1011.5,17.0,18.9,16.2,,,
2026-08-02T21:50:00Z,2026-09-12T23:23:23Z,300,7.0,8.0,1.6,9,5.8,317,1011.3,17.0,18.9,16.1,,,
2026-08-02T22:00:00Z,2026-09-12T23:23:23Z,300,7.0,8.0,,,,,1011.3,17.0,18.9,16.1,,-1.2,
2026-08-02T22:10:00Z,2026-09-12T23:23:23Z,300,7.0,9.0,1.7,,5.7,310,1011.0,17.0,18.9,16.2,,,
2026-08-02T22:20:00Z,2026-09-12T23:23:23Z,300,7.0,9.0,1.7,8,5.7,310,1011.0,16.9,18.9,16.0,,,
2026-08-02T22:30:00Z,2026-09-12T23:23:23Z,310,8.0,10.0,,,,,1010.9,16.9,18.9,16.1,,,
2026-08-02T22:40:00Z,2026-09-12T23:23:23Z,310,8.0,10.0,1.8,,5.9,306,1010.7,16.9,18.9,16.2,,,
2026-08-02T22:50:00Z,2026-09-12T23:23:23Z,310,9.0,10.0,1.8,7,5.9,306,1010.7,16.9,18.9,16.2,,,
2026-08-02T23:00:00Z,2026-09-12T23:23:23Z,300,9.0,11.0,,,,,1010.4,16.8,18.9,16.1,,-1.5,
2026-08-02T23:10:00Z,2026-09-12T23:23:23Z,300,9.0,10.0,,,,,1010.2,16.9,18.9,16.2,,,
2026-08-02T23:20:00Z,2026-09-12T23:23:23Z,310,9.0,11.0,1.9,,5.9,303,1011.0,16.8,,16.1,,,
2026-08-02T23:30:00Z,2026-09-12T23:23:23Z,300,9.0,12.0,,,,,1010.0,16.8,18.9,16.1,,,
2026-08-02T23:40:00Z,2026-09-12T23:23:23Z,,,,,,,,1010.0,,18.9,,,,
2026-08-02T23:50:00Z,2026-09-12T23:23:23Z,310,9.0,12.0,1.8,9,5.8,313,1009.9,16.8,18.9,16.1,,,
2026-08-03T00:00:00Z,2026-09-12T23:23:23Z,310,9.0,11.0,,,,,1010.0,16.8,18.9,16.1,,-1.5,
2026-08-03T00:10:00Z,2026-09-12T23:23:23Z,310,9.0,11.0,1.8,,5.8,304,1010.1,16.9,18.9,16.2,,,
2026-08-03T00:20:00Z,2026-09-12T23:23:23Z,310,9.0,11.0,1.8,8,5.8,304,1010.1,16.9,18.9,16.2,,,
2026-08-03T00:30:00Z,2026-09-12T23:23:23Z,310,9.0,11.0,,,,,1010.0,16.9,18.9,16.3,,,
2026-08-03T00:40:00Z,2026-09-12T23:23:23Z,310,9.0,11.0,1.6,,5.6,314,1010.1,16.8,18.8,16.1,,,
2026-08-03T00:50:00Z,2026-09-12T23:23:23Z,310,9.0,11.0,1.6,8,5.6,314,1010.0,16.8,18.8,16.1,,,
2026-08-03T01:00:00Z,2026-09-12T23:23:23Z,310,9.0,11.0,,,,,1010.0,16.7,18.8,16.0,,-1.3,
2026-08-03T01:10:00Z,2026-09-12T23:23:23Z,310,9.0,12.0,1.8,,5.7,315,1009.8,16.8,18.8,16.2,,,
2026-08-03T01:20:00Z,2026-09-12T23:23:23Z,310,10.0,12.0,1.8,9,5.7,315,1009.7,16.7,18.8,16.1,,,
2026-08-03T01:30:00Z,2026-09-12T23:23:23Z,310,10.0,12.0,,,,,1009.7,16.5,18.8,15.9,,,
2026-08-03T01:40:00Z,2026-09-12T23:23:23Z,310,10.0,12.0,2.0,,5.8,313,1009.7,16.5,18.8,16.0,,,
2026-08-03T01:50:00Z,2026-09-12T23:23:23Z,310,9.0,12.0,2.0,9,5.8,313,1009.5,16.5,18.8,16.0,,,
2026-08-03T02:00:00Z,2026-09-12T23:23:23Z,310,10.0,12.0,,,,,1009.5,16.5,18.8,16.0,,-1.0,
2026-08-03T02:10:00Z,2026-09-12T23:23:23Z,310,10.0,12.0,1.9,,5.7,317,1009.5,16.5,18.7,16.0,,,
2026-08-03T02:20:00Z,2026-09-12T23:23:23Z,310,10.0,12.0,1.9,9,5.7,317,1009.7,16.4,18.7,15.9,,,
2026-08-03T02:30:00Z,2026-09-12T23:23:23Z,310,9.0,11.0,,,,,1009.7,16.4,18.7,15.8,,,
2026-08-03T02:40:00Z,2026-09-12T23:23:23Z,310,9.0,11.0,,,,,1009.8,16.5,18.7,15.9,,,
2026-08-03T02:50:00Z,2026-09-12T23:23:23Z,320,10.0,12.0,1.8,9,5.5,307,1009.8,16.5,18.7,15.8,,,
2026-08-03T03:00:00Z,2026-09-12T23:23:23Z,310,10.0,12.0,,,,,1009.9,16.5,18.7,15.8,,-0.0,
2026-08-03T03:10:00Z,2026-09-12T23:23:23Z,310,10.0,12.0,,,,,1009.9,16.5,18.7,15.8,,,
2026-08-03T03:20:00Z,2026-09-12T23:23:23Z,310,9.0,12.0,1.8,9,5.7,303,1009.9,16.4,18.7,15.6,,,
2026-08-03T03:30:00Z,2026-09-12T23:23:23Z,310,10.0,11.0,,,,,1010.0,16.5,18.7,15.7,,,
2026-08-03T03:40:00Z,2026-09-12T23:23:23Z,310,9.0,11.0,1.9,,5.7,320,1010.0,16.6,18.7,15.9,,,
2026-08-03T03:50:00Z,2026-09-12T23:23:23Z,320,10.0,12.0,1.9,10,5.7,320,1009.9,16.6,18.7,15.8,,,
2026-08-03T04:00:00Z,2026-09-12T23:23:23Z,320,10.0,12.0,,,,,1009.8,16.5,18.7,15.8,,-0.3,
2026-08-03T04:10:00Z,2026-09-12T23:23:23Z,320,10.0,12.0,1.9,,5.7,321,1009.9,16.5,18.7,15.8,,,
2026-08-03T04:20:00Z,2026-09-12T23:23:23Z,320,10.0,12.0,1.9,9,5.7,321,1009.9,16.5,18.7,15.9,,,
2026-08-03T04:30:00Z,2026-09-12T23:23:23Z,310,10.0,12.0,,,,,1010.1,16.5,18.7,15.8,,,
2026-08-03T04:40:00Z,2026-09-12T23:23:23Z,320,9.0,11.0,1.9,,5.7,307,1010.4,16.4,18.7,15.7,,,
2026-08-03T04:50:00Z,2026-09-12T23:23:23Z,310,8.0,10.0,1.9,10,5.7,307,1010.6,16.6,18.7,15.9,,,
2026-08-03T05:00:00Z,2026-09-12T23:23:23Z,310,8.0,11.0,,,,,1010.7,16.4,18.6,15.7,,+1.3,
2026-08-03T05:10:00Z,2026-09-12T23:23:23Z,310,8.0,10.0,2.0,,5.7,316,1010.7,16.5,18.6,15.9,,,
2026-08-03T05:20:00Z,2026-09-12T23:23:23Z,310,8.0,10.0,2.0,9,5.7,316,1010.8,16.6,18.6,15.9,,,
2026-08-03T05:30:00Z,2026-09-12T23:23:23Z,310,8.0,9.0,,,,,1010.9,16.5,18.6,15.8,,,
2026-08-03T05:40:00Z,2026-09-12T23:23:23Z,310,7.0,9.0,,,,,1010.9,16.5,18.6,15.7,,,
2026-08-03T05:50:00Z,2026-09-12T23:23:23Z,300,7.0,9.0,2.0,10,6.0,319,1010.9,16.5,,15.7,,,
2026-08-03T06:00:00Z,2026-09-12T23:23:23Z,310,7.0,9.0,,,,,1010.9,16.5,18.6,15.8,,+1.2,
2026-08-03T06:10:00Z,2026-09-12T23:23:23Z,320,7.0,9.0,2.0,,6.1,316,1010.8,16.5,18.6,15.8,,,
2026-08-03T06:20:00Z,2026-09-12T23:23:23Z,310,7.0,9.0,2.0,10,6.1,316,1010.8,16.4,18.6,15.7,,,
2026-08-03T06:30:00Z,2026-09-12T23:23:23Z,310,8.0,10.0,,,,,1010.6,16.4,18.6,15.6,,,
2026-08-03T06:40:00Z,2026-09-12T23:23:23Z,310,8.0,9.0,,,,,1010.6,16.4,18.6,15.6,,,
2026-08-03T06:50:00Z,2026-09-12T23:23:23Z,320,8.0,10.0,2.0,7,6.2,302,1010.4,16.4,18.6,15.5,,,
2026-08-03T07:00:00Z,2026-09-12T23:23:23Z,310,8.0,10.0,,,,,1010.2,16.5,18.6,15.7,,+0.5,
2026-08-03T07:10:00Z,2026-09-12T23:23:23Z,310,8.0,11.0,2.0,,6.4,314,1010.2,16.4,18.6,15.6,,,
2026-08-03T07:20:00Z,2026-09-12T23:23:23Z,310,8.0,11.0,2.0,10,6.4,314,1010.2,16.5,18.6,15.6,,,
2026-08-03T07:30:00Z,2026-09-12T23:23:23Z,310,8.0,10.0,,,,,1010.3,16.4,18.6,15.6,,,
2026-08-03T07:40:00Z,2026-09-12T23:23:23Z,310,8.0,9.0,,,,,1010.3,16.2,18.6,15.4,,,
2026-08-03T07:50:00Z,2026-09-12T23:23:23Z,320,7.0,9.0,2.0,10,6.1,316,1010.1,16.4,18.6,15.7,,,
2026-08-03T08:00:00Z,2026-09-12T23:23:23Z,300,8.0,10.0,,,,,1010.0,16.4,18.6,15.6,,-0.7,
2026-08-03T08:10:00Z,2026-09-12T23:23:23Z,310,7.0,9.0,,,,,1009.9,16.3,18.6,15.5,,,
2026-08-03T08:20:00Z,2026-09-12T23:23:23Z,320,7.0,9.0,2.1,10,6.4,319,1009.8,16.4,18.6,15.7,,,
2026-08-03T08:30:00Z,2026-09-12T23:23:23Z,310,7.0,10.0,,,,,1009.8,16.2,18.6,15.6,,,
2026-08-03T08:40:00Z,2026-09-12T23:23:23Z,320,8.0,9.0,,,,,1009.8,16.2,18.6,15.6,,,
2026-08-03T08:50:00Z,2026-09-12T23:23:23Z,310,7.0,10.0,2.2,10,6.5,317,1009.8,16.3,18.6,15.7,,,
2026-08-03T09:00:00Z,2026-09-12T23:23:23Z,310,8.0,10.0,,,,,1009.8,16.1,18.6,15.4,,-1.2,
2026-08-03T09:10:00Z,2026-09-12T23:23:23Z,,,,,,,,1009.6,,18.6,,,,
2026-08-03T09:20:00Z,2026-09-12T23:23:23Z,310,7.0,9.0,2.3,10,6.7,321,1009.5,16.2,18.6,15.5,,,
2026-08-03T09:30:00Z,2026-09-12T23:23:23Z,300,7.0,9.0,,,,,1009.5,16.1,18.6,15.5,,,
2026-08-03T09:40:00Z,2026-09-12T23:23:23Z,310,8.0,10.0,2.2,,6.8,315,1009.5,16.1,18.6,15.5,,,
2026-08-03T09:50:00Z,2026-09-12T23:23:23Z,310,7.0,9.0,2.2,10,6.8,315,1009.6,16.1,18.6,15.5,,,
2026-08-03T10:00:00Z,2026-09-12T23:23:23Z,310,7.0,8.0,,,,,1009.5,16.0,18.6,15.4,,-0.6,
2026-08-03T10:10:00Z,2026-09-12T23:23:23Z,310,7.0,9.0,2.2,,6.7,329,1009.6,16.2,18.6,15.5,,,
2026-08-03T10:20:00Z,2026-09-12T23:23:23Z,320,7.0,9.0,2.2,10,6.7,329,1009.6,16.1,18.8,15.3,,,
2026-08-03T10:30:00Z,2026-09-12T23:23:23Z,310,7.0,8.0,,,,,1009.7,16.0,18.9,15.2,,,
2026-08-03T10:40:00Z,2026-09-12T23:23:23Z,320,7.0,9.0,2.1,,6.6,314,1009.6,16.1,18.9,15.3,,,
2026-08-03T10:50:00Z,2026-09-12T23:23:23Z,320,7.0,9.0,2.1,10,6.6,314,1009.5,16.1,19.0,15.3,,,
2026-08-03T11:00:00Z,2026-09-12T23:23:23Z,320,7.0,9.0,,,,,1009.3,16.2,19.0,15.3,,-0.6,
2026-08-03T11:10:00Z,2026-09-12T23:23:23Z,310,7.0,9.0,2.3,,6.8,313,1009.4,16.2,19.0,15.3,,,
2026-08-03T11:20:00Z,2026-09-12T23:23:23Z,310,7.0,9.0,2.3,10,6.8,313,1009.4,16.3,19.1,15.4,,,
2026-08-03T11:30:00Z,2026-09-12T23:23:23Z,320,8.0,10.0,,,,,1009.4,16.3,19.1,15.4,,,
2026-08-03T11:40:00Z,2026-09-12T23:23:23Z,320,8.0,10.0,,,,,1009.5,16.1,19.1,15.2,,,
2026-08-03T11:50:00Z,2026-09-12T23:23:23Z,300,8.0,9.0,2.1,11,6.8,310,1009.5,16.1,19.1,15.1,,,
2026-08-03T12:00:00Z,2026-09-12T23:23:23Z,300,7.0,10.0,,,,,1009.5,16.3,19.1,15.4,,+0.0,
2026-08-03T12:10:00Z,2026-09-12T23:23:23Z,300,7.0,9.0,1.9,,6.7,316,1009.4,16.1,19.1,15.1,,,
2026-08-03T12:20:00Z,2026-09-12T23:23:23Z,310,8.0,10.0,1.9,10,6.7,316,1009.3,16.3,19.1,15.4,,,
2026-08-03T12:30:00Z,2026-09-12T23:23:23Z,310,7.0,9.0,,,,,1009.4,16.2,19.1,15.2,,,
2026-08-03T12:40:00Z,2026-09-12T23:23:23Z,310,8.0,10.0,2.0,,6.5,320,1009.3,16.2,19.1,15.2,,,
2026-08-03T12:50:00Z,2026-09-12T23:23:23Z,320,7.0,10.0,2.0,11,6.5,320,1009.4,16.0,19.1,15.0,,,
2026-08-03T13:00:00Z,2026-09-12T23:23:23Z,310,7.0,10.0,,,,,1009.5,16.1,19.1,15.1,,+0.0,
2026-08-03T13:10:00Z,2026-09-12T23:23:23Z,310,7.0,9.0,2.1,,6.9,319,1009.6,16.2,19.1,15.1,,,
2026-08-03T13:20:00Z,2026-09-12T23:23:23Z,320,6.0,9.0,2.1,11,6.9,319,1009.8,16.3,19.0,15.3,,,
2026-08-03T13:30:00Z,2026-09-12T23:23:23Z,310,6.0,9.0,,,,,1010.0,16.2,19.0,15.1,,,
2026-08-03T13:40:00Z,2026-09-12T23:23:23Z,300,6.0,8.0,2.0,,6.6,310,1010.0,16.1,19.0,15.0,,,
2026-08-03T13:50:00Z,2026-09-12T23:23:23Z,300,7.0,8.0,2.0,10,6.6,310,1010.2,16.0,19.0,14.8,,,
2026-08-03T14:00:00Z,2026-09-12T23:23:23Z,310,6.0,7.0,,,,,1010.3,16.1,19.0,14.9,,+0.9,
2026-08-03T14:10:00Z,2026-09-12T23:23:23Z,320,6.0,8.0,1.8,,6.6,312,1010.4,16.1,19.0,14.9,,,
2026-08-03T14:20:00Z,2026-09-12T23:23:23Z,310,5.0,7.0,1.8,11,6.6,312,1010.4,16.2,19.0,15.0,,,
2026-08-03T14:30:00Z,2026-09-12T23:23:23Z,310,7.0,9.0,,,,,1010.3,16.1,19.0,14.9,,,
2026-08-03T14:40:00Z,2026-09-12T23:23:23Z,320,7.0,8.0,1.8,,6.6,317,1010.3,16.0,18.9,14.7,,,
2026-08-03T14:50:00Z,2026-09-12T23:23:23Z,310,6.0,8.0,1.8,11,6.6,317,1010.3,16.1,18.9,14.8,,,
2026-08-03T15:00:00Z,2026-09-12T23:23:23Z,310,7.0,9.0,,,,,1010.5,16.3,18.9,15.1,,+1.0,
2026-08-03T15:10:00Z,2026-09-12T23:23:23Z,310,7.0,9.0,,,,,1010.5,16.3,18.9,15.0,,,
2026-08-03T15:20:00Z,2026-09-12T23:23:23Z,310,6.0,8.0,1.8,11,6.8,313,1010.6,16.3,18.9,15.0,,,
2026-08-03T15:30:00Z,2026-09-12T23:23:23Z,,,,,,,,1010.6,,18.9,,,,
2026-08-03T15:40:00Z,2026-09-12T23:23:23Z,310,6.0,8.0,,,,,1010.6,16.2,18.9,14.9,,,
2026-08-03T15:50:00Z,2026-09-12T23:23:23Z,300,6.0,8.0,1.7,11,6.7,319,1010.5,16.3,18.9,15.0,,,
2026-08-03T16:00:00Z,2026-09-12T23:23:23Z,310,6.0,8.0,,,,,1010.7,16.3,18.9,15.0,,+1.3,
2026-08-03T16:10:00Z,2026-09-12T23:23:23Z,310,6.0,8.0,1.7,,6.5,309,1010.6,16.3,19.0,15.0,,,
2026-08-03T16:20:00Z,2026-09-12T23:23:23Z,300,6.0,7.0,1.7,11,6.5,309,1010.6,16.3,19.0,14.9,,,
2026-08-03T16:30:00Z,2026-09-12T23:23:23Z,310,7.0,9.0,,,,,1010.5,16.3,19.1,14.9,,,
2026-08-03T16:40:00Z,2026-09-12T23:23:23Z,300,7.0,9.0,,,,,1010.4,16.3,19.1,14.8,,,
2026-08-03T16:50:00Z,2026-09-12T23:23:23Z,310,6.0,8.0,1.9,11,7.2,319,1010.5,16.3,19.0,14.9,,,
2026-08-03T17:00:00Z,2026-09-12T23:23:23Z,310,7.0,9.0,,,,,1010.5,16.3,19.0,14.9,,+0.0,
2026-08-03T17:10:00Z,2026-09-12T23:23:23Z,310,7.0,8.0,1.8,,6.7,311,1010.4,16.4,19.0,15.2,,,
2026-08-03T17:20:00Z,2026-09-12T23:23:23Z,300,7.0,10.0,1.8,11,6.7,311,1010.5,16.4,19.0,15.2,,,
2026-08-03T17:30:00Z,2026-09-12T23:23:23Z,310,7.0,9.0,,,,,1010.6,16.4,19.0,15.2,,,
2026-08-03T17:40:00Z,2026-09-12T23:23:23Z,300,7.0,9.0,1.8,,6.5,314,1010.6,16.3,19.0,15.1,,,
2026-08-03T17:50:00Z,2026-09-12T23:23:23Z,300,7.0,8.0,1.8,11,6.5,314,1010.6,16.5,,15.2,,,
2026-08-03T18:00:00Z,2026-09-12T23:23:23Z,300,6.0,8.0,,,,,1010.7,16.4,19.0,15.1,,+0.3,
2026-08-03T18:10:00Z,2026-09-12T23:23:23Z,300,7.0,8.0,1.8,,6.6,318,1010.6,16.6,,15.3,,,
2026-08-03T18:20:00Z,2026-09-12T23:23:23Z,310,8.0,9.0,1.8,11,6.6,318,1010.6,16.4,19.0,15.1,,,
2026-08-03T18:30:00Z,2026-09-12T23:23:23Z,300,7.0,9.0,,,,,1010.6,16.6,19.0,15.3,,,
2026-08-03T18:40:00Z,2026-09-12T23:23:23Z,310,7.0,9.0,,,,,1010.6,16.6,19.0,15.2,,,
2026-08-03T18:50:00Z,2026-09-12T23:23:23Z,310,7.0,9.0,1.7,11,6.7,315,1010.6,16.5,19.0,15.2,,,
2026-08-03T19:00:00Z,2026-09-12T23:23:23Z,300,6.0,8.0,,,,,1010.7,16.6,19.0,15.4,,+0.0,
2026-08-03T19:10:00Z,2026-09-12T23:23:23Z,300,6.0,8.0,1.9,,6.6,314,1010.7,16.6,19.0,15.4,,,
2026-08-03T19:20:00Z,2026-09-12T23:23:23Z,300,6.0,8.0,1.9,10,6.6,314,1010.8,16.5,19.0,15.2,,,
2026-08-03T19:30:00Z,2026-09-12T23:23:23Z,300,6.0,8.0,,,,,1010.9,16.7,19.0,15.3,,,
2026-08-03T19:40:00Z,2026-09-12T23:23:23Z,300,6.0,8.0,,,,,1010.8,16.7,19.0,15.3,,,
2026-08-03T19:50:00Z,2026-09-12T23:23:23Z,300,6.0,8.0,1.8,11,6.7,319,1010.7,16.7,19.0,15.3,,,
2026-08-03T20:00:00Z,2026-09-12T23:23:23Z,300,7.0,8.0,,,,,1010.7,16.6,19.0,15.1,,+0.0,
2026-08-03T20:10:00Z,2026-09-12T23:23:23Z,300,6.0,8.0,1.8,,6.6,324,1010.7,16.7,18.9,15.2,,,
2026-08-03T20:20:00Z,2026-09-12T23:23:23Z,300,6.0,8.0,1.8,11,6.6,324,1010.7,16.8,18.9,15.3,,,
2026-08-03T20:30:00Z,2026-09-12T23:23:23Z,300,6.0,7.0,,,,,1010.6,16.7,18.9,15.2,,,
2026-08-03T20:40:00Z,2026-09-12T23:23:23Z,300,6.0,7.0,1.9,,6.5,316,1010.6,16.7,18.9,15.1,,,
2026-08-03T20:50:00Z,2026-09-12T23:23:23Z,300,6.0,8.0,1.9,11,6.5,316,1010.4,16.8,18.9,15.3,,,
2026-08-03T21:00:00Z,2026-09-12T23:23:23Z,300,7.0,9.0,,,,,1010.1,16.8,18.9,15.3,,-0.7,
2026-08-03T21:10:00Z,2026-09-12T23:23:23Z,300,7.0,9.0,1.8,,6.6,313,1010.2,16.8,18.9,15.3,,,
2026-08-03T21:20:00Z,2026-09-12T23:23:23Z,300,7.0,8.0,1.8,10,6.6,313,1010.2,16.7,18.9,15.1,,,
2026-08-03T21:30:00Z,2026-09-12T23:23:23Z,300,7.0,9.0,,,,,1010.1,16.9,18.8,15.4,,,
2026-08-03T21:40:00Z,2026-09-12T23:23:23Z,300,7.0,9.0,1.7,,6.5,316,1010.0,16.9,18.8,15.4,,,
2026-08-03T21:50:00Z,2026-09-12T23:23:23Z,300,7.0,9.0,1.7,10,6.5,316,1010.0,16.9,18.8,15.5,,,
2026-08-03T22:00:00Z,2026-09-12T23:23:23Z,300,7.0,9.0,,,,,1009.9,16.8,18.7,15.4,,-0.9,
2026-08-03T22:10:00Z,2026-09-12T23:23:23Z,300,8.0,10.0,1.8,,6.6,309,1009.8,16.9,18.7,15.5,,,
2026-08-03T22:20:00Z,2026-09-12T23:23:23Z,300,8.0,10.0,1.8,11,6.6,309,1009.8,16.8,18.7,15.4,,,
2026-08-03T22:30:00Z,2026-09-12T23:23:23Z,300,8.0,10.0,,,,,1009.7,16.9,18.7,15.5,,,
2026-08-03T22:40:00Z,2026-09-12T23:23:23Z,290,7.0,9.0,,,,,1009.8,16.9,18.7,15.5,,,
2026-08-03T22:50:00Z,2026-09-12T23:23:23Z,300,7.0,9.0,1.9,11,6.8,307,1009.6,16.8,18.7,15.4,,,
2026-08-03T23:00:00Z,2026-09-12T23:23:23Z,310,8.0,10.0,,,,,1009.3,16.8,18.7,15.4,,-1.4,
2026-08-03T23:10:00Z,2026-09-12T23:23:23Z,300,7.0,10.0,1.8,,6.5,301,1009.3,16.8,18.7,15.4,,,
2026-08-03T23:30:00Z,2026-09-12T23:23:23Z,300,8.0,9.0,,,,,1009.5,16.8,18.7,15.4,,,
2026-08-03T23:40:00Z,2026-09-12T23:23:23Z,310,8.0,9.0,1.7,,6.1,318,1009.5,16.8,18.7,15.4,,,
2026-08-03T23:50:00Z,2026-09-12T23:23:23Z,300,7.0,9.0,1.7,11,6.1,318,1009.5,16.7,18.7,15.3,,,
2026-08-04T00:00:00Z,2026-09-12T23:23:23Z,310,7.0,9.0,,,,,1009.5,16.7,18.7,15.3,,-0.5,
2026-08-04T00:10:00Z,2026-09-12T23:23:23Z,310,7.0,8.0,1.6,,6.3,307,1009.5,16.7,18.7,15.3,,,
2026-08-04T00:20:00Z,2026-09-12T23:23:23Z,310,7.0,8.0,1.6,10,6.3,307,1009.4,16.9,18.7,15.6,,,
2026-08-04T00:30:00Z,2026-09-12T23:23:23Z,300,7.0,10.0,1.7,,6.3,315,1009.3,16.8,18.7,15.5,,,
2026-08-04T00:40:00Z,2026-09-12T23:23:23Z,310,7.0,9.0,,,,,1009.3,16.8,18.7,15.5,,,
2026-08-04T00:50:00Z,2026-09-12T23:23:23Z,310,8.0,9.0,1.7,9,6.3,315,1009.1,16.7,18.7,15.4,,,
2026-08-04T01:00:00Z,2026-09-12T23:23:23Z,310,8.0,10.0,,,,,1009.0,16.6,18.7,15.3,,-0.9,
2026-08-04T01:10:00Z,2026-09-12T23:23:23Z,300,8.0,10.0,1.7,,6.3,310,1009.0,16.7,18.7,15.4,,,
2026-08-04T01:20:00Z,2026-09-12T23:23:23Z,300,8.0,9.0,1.7,10,6.3,310,1008.9,16.7,18.7,15.5,,,
2026-08-04T01:30:00Z,2026-09-12T23:23:23Z,310,8.0,10.0,,,,,1008.9,16.7,18.7,15.5,,,
2026-08-04T01:40:00Z,2026-09-12T23:23:23Z,310,8.0,10.0,,,,,1008.7,16.7,18.7,15.6,,,
2026-08-04T01:50:00Z,2026-09-12T23:23:23Z,310,8.0,10.0,1.6,11,6.2,306,1008.9,16.6,18.7,15.4,,,
2026-08-04T02:00:00Z,2026-09-12T23:23:23Z,310,7.0,10.0,,,,,1009.1,16.7,18.7,15.6,,+0.0,
2026-08-04T02:10:00Z,2026-09-12T23:23:23Z,310,7.0,9.0,1.7,,6.3,306,1009.1,16.6,18.7,15.4,,,
2026-08-04T02:20:00Z,2026-09-12T23:23:23Z,310,7.0,10.0,1.7,11,6.3,306,1009.0,16.6,18.7,15.4,,,
2026-08-04T02:30:00Z,2026-09-12T23:23:23Z,310,7.0,11.0,,,,,1009.0,16.6,18.7,15.5,,,
2026-08-04T02:40:00Z,2026-09-12T23:23:23Z,300,8.0,10.0,,,,,1008.9,16.6,18.7,15.5,,,
2026-08-04T02:50:00Z,2026-09-12T23:23:23Z,310,8.0,9.0,1.8,11,6.5,319,1008.9,16.5,18.7,15.4,,,
2026-08-04T03:00:00Z,2026-09-12T23:23:23Z,310,8.0,9.0,,,,,1008.8,16.5,18.7,15.4,,-0.7,
2026-08-04T03:10:00Z,2026-09-12T23:23:23Z,310,8.0,10.0,1.7,,6.4,314,1008.8,16.5,18.7,15.5,,,
2026-08-04T03:20:00Z,2026-09-12T23:23:23Z,310,8.0,10.0,1.7,10,6.4,314,1008.8,16.5,18.7,15.5,,,
2026-08-04T03:30:00Z,2026-09-12T23:23:23Z,300,8.0,10.0,,,,,1008.9,16.7,18.7,15.7,,,
2026-08-04T03:40:00Z,2026-09-12T23:23:23Z,300,8.0,10.0,,,,,1009.0,16.5,,15.6,,,
2026-08-04T03:50:00Z,2026-09-12T23:23:23Z,310,7.0,9.0,1.5,10,5.8,312,1009.3,16.5,18.7,15.5,,,
2026-08-04T04:00:00Z,2026-09-12T23:23:23Z,300,7.0,9.0,,,,,1009.3,16.5,18.7,15.6,,+0.4,
2026-08-04T04:10:00Z,2026-09-12T23:23:23Z,310,7.0,9.0,1.7,,6.0,314,1009.4,16.4,18.6,15.4,,,
2026-08-04T04:20:00Z,2026-09-12T23:23:23Z,310,7.0,9.0,1.7,11,6.0,314,1009.6,16.4,18.6,15.5,,,
2026-08-04T04:30:00Z,2026-09-12T23:23:23Z,310,7.0,9.0,,,,,1009.5,16.4,18.6,15.5,,,
2026-08-04T04:40:00Z,2026-09-12T23:23:23Z,310,8.0,10.0,,,,,1009.7,16.4,18.6,15.4,,,
2026-08-04T04:50:00Z,2026-09-12T23:23:23Z,310,8.0,10.0,1.7,11,6.1,296,1009.8,16.5,18.6,15.5,,,
2026-08-04T05:00:00Z,2026-09-12T23:23:23Z,300,8.0,10.0,,,,,1009.9,16.5,18.6,15.5,,+0.8,
2026-08-04T05:10:00Z,2026-09-12T23:23:23Z,310,7.0,9.0,1.7,,6.2,316,1010.3,16.4,18.6,15.3,,,
2026-08-04T05:20:00Z,2026-09-12T23:23:23Z,310,7.0,8.0,1.7,11,6.2,316,1010.2,16.6,18.6,15.6,,,
2026-08-04T05:30:00Z,2026-09-12T23:23:23Z,300,7.0,9.0,,,,,1010.3,16.5,18.6,15.5,,,
2026-08-04T05:40:00Z,2026-09-12T23:23:23Z,300,7.0,9.0,,,,,1010.3,16.6,18.6,15.6,,,
2026-08-04T05:50:00Z,2026-09-12T23:23:23Z,310,7.0,9.0,1.5,11,6.1,332,1010.4,16.4,18.6,15.3,,,
2026-08-04T06:00:00Z,2026-09-12T23:23:23Z,310,7.0,8.0,,,,,1010.5,16.4,18.6,15.3,,+1.7,
2026-08-04T06:10:00Z,2026-09-12T23:23:23Z,300,7.0,8.0,1.6,,6.1,317,1010.6,16.4,18.6,15.3,,,
2026-08-04T06:20:00Z,2026-09-12T23:23:23Z,300,6.0,8.0,1.6,11,6.1,317,1010.6,16.5,18.5,15.4,,,
2026-08-04T06:30:00Z,2026-09-12T23:23:23Z,300,6.0,8.0,,,,,1010.6,16.4,18.5,15.2,,,
2026-08-04T06:40:00Z,2026-09-12T23:23:23Z,300,6.0,8.0,1.7,,6.5,318,1010.5,16.6,18.5,15.4,,,
2026-08-04T06:50:00Z,2026-09-12T23:23:23Z,300,6.0,8.0,1.7,11,6.5,318,1010.6,16.6,18.6,15.5,,,
2026-08-04T07:00:00Z,2026-09-12T23:23:23Z,290,7.0,9.0,,,,,1010.6,16.4,18.5,15.3,,+1.2,
2026-08-04T07:10:00Z,2026-09-12T23:23:23Z,,,,,,,,1010.6,,18.5,,,,
2026-08-04T07:20:00Z,2026-09-12T23:23:23Z,310,7.0,9.0,1.9,11,6.9,316,1010.6,16.4,18.5,15.3,,,
2026-08-04T07:30:00Z,2026-09-12T23:23:23Z,310,6.0,9.0,,,,,1010.8,16.4,18.5,15.3,,,
2026-08-04T07:40:00Z,2026-09-12T23:23:23Z,310,7.0,8.0,1.8,,6.5,311,1010.8,16.5,18.5,15.4,,,
2026-08-04T07:50:00Z,2026-09-12T23:23:23Z,300,6.0,8.0,1.8,11,6.5,311,1010.7,16.5,18.5,15.4,,,
2026-08-04T08:00:00Z,2026-09-12T23:23:23Z,310,6.0,8.0,,,,,1010.7,16.5,18.5,15.4,,+0.8,
2026-08-04T08:10:00Z,2026-09-12T23:23:23Z,300,6.0,9.0,1.8,,6.5,320,1010.5,16.5,18.5,15.4,,,
2026-08-04T08:20:00Z,2026-09-12T23:23:23Z,300,6.0,8.0,1.8,11,6.5,320,1010.5,16.3,18.5,15.3,,,
2026-08-04T08:30:00Z,2026-09-12T23:23:23Z,300,6.0,8.0,,,,,1010.4,16.4,18.6,15.4,,,
2026-08-04T08:40:00Z,2026-09-12T23:23:23Z,300,6.0,8.0,,,,,1010.3,16.4,18.6,15.4,,,
2026-08-04T08:50:00Z,2026-09-12T23:23:23Z,300,6.0,8.0,1.8,11,6.6,307,1010.1,16.3,18.6,15.4,,,
2026-08-04T09:00:00Z,2026-09-12T23:23:23Z,300,7.0,8.0,,,,,1010.1,16.3,18.7,15.4,,-0.5,
2026-08-04T09:10:00Z,2026-09-12T23:23:23Z,300,6.0,9.0,1.8,,6.6,315,1010.2,16.1,18.7,15.2,,,
2026-08-04T09:20:00Z,2026-09-12T23:23:23Z,300,6.0,8.0,1.8,11,6.6,315,1010.0,16.2,18.8,15.3,,,
2026-08-04T09:30:00Z,2026-09-12T23:23:23Z,300,6.0,9.0,,,,,1010.1,16.3,18.8,15.5,,,
2026-08-04T09:40:00Z,2026-09-12T23:23:23Z,310,6.0,8.0,,,,,1010.0,16.3,18.9,15.3,,,
2026-08-04T09:50:00Z,2026-09-12T23:23:23Z,300,6.0,8.0,1.8,11,6.7,313,1010.0,16.2,18.9,15.3,,,
2026-08-04T10:00:00Z,2026-09-12T23:23:23Z,300,6.0,8.0,,,,,1010.1,16.4,18.9,15.4,,-0.4,
2026-08-04T10:10:00Z,2026-09-12T23:23:23Z,300,6.0,8.0,1.8,,6.8,329,1010.1,16.4,,15.4,,,
2026-08-04T10:20:00Z,2026-09-12T23:23:23Z,300,6.0,8.0,1.8,11,6.8,329,1010.1,16.2,18.9,15.1,,,
2026-08-04T10:30:00Z,2026-09-12T23:23:23Z,310,5.0,7.0,,,,,1010.1,16.2,19.0,15.2,,,
2026-08-04T10:40:00Z,2026-09-12T23:23:23Z,300,6.0,8.0,,,,,1010.2,16.3,18.9,15.3,,,
2026-08-04T10:50:00Z,2026-09-12T23:23:23Z,320,6.0,8.0,1.7,11,6.8,314,1010.3,16.3,18.9,15.2,,,
2026-08-04T11:00:00Z,2026-09-12T23:23:23Z,310,6.0,7.0,,,,,1010.2,16.2,19.0,15.1,,-0.5,
2026-08-04T11:10:00Z,2026-09-12T23:23:23Z,320,6.0,7.0,1.8,,7.1,313,1010.2,16.0,19.0,14.9,,,
2026-08-04T11:20:00Z,2026-09-12T23:23:23Z,330,5.0,7.0,1.8,11,7.1,313,1010.2,16.1,19.0,15.0,,,
2026-08-04T11:30:00Z,2026-09-12T23:23:23Z,320,7.0,9.0,,,,,1009.8,16.1,19.0,15.0,,,
2026-08-04T11:40:00Z,2026-09-12T23:23:23Z,310,6.0,8.0,,,,,1009.8,16.1,19.1,15.1,,,
2026-08-04T11:50:00Z,2026-09-12T23:23:23Z,310,6.0,8.0,1.7,11,6.7,314,1010.3,16.2,19.1,15.2,,,
2026-08-04T12:00:00Z,2026-09-12T23:23:23Z,330,5.0,7.0,,,,,1010.4,16.3,19.1,15.2,,+0.3,
2026-08-04T12:10:00Z,2026-09-12T23:23:23Z,330,4.0,7.0,1.8,,6.9,304,1010.5,16.2,19.1,15.1,,,
2026-08-04T12:20:00Z,2026-09-12T23:23:23Z,320,6.0,7.0,1.8,11,6.9,304,1010.3,16.2,19.0,15.1,,,
2026-08-04T12:30:00Z,2026-09-12T23:23:23Z,310,5.0,7.0,,,,,1010.6,16.0,19.0,14.8,,,
2026-08-04T12:40:00Z,2026-09-12T23:23:23Z,310,5.0,7.0,1.8,,7.0,309,1010.2,16.1,19.0,14.9,,,
2026-08-04T12:50:00Z,2026-09-12T23:23:23Z,300,6.0,7.0,1.8,11,7.0,309,1010.1,16.1,19.0,14.9,,,
2026-08-04T13:00:00Z,2026-09-12T23:23:23Z,300,6.0,9.0,,,,,1009.8,16.2,19.0,15.1,,-0.4,
2026-08-04T13:10:00Z,2026-09-12T23:23:23Z,310,7.0,8.0,1.7,,6.9,316,1009.9,16.3,19.0,15.2,,,
2026-08-04T13:20:00Z,2026-09-12T23:23:23Z,310,7.0,9.0,1.7,11,6.9,316,1010.0,16.2,19.0,15.2,,,
2026-08-04T13:30:00Z,2026-09-12T23:23:23Z,320,5.0,8.0,,,,,1010.5,16.2,19.0,15.2,,,
2026-08-04T13:40:00Z,2026-09-12T23:23:23Z,310,6.0,8.0,1.9,,7.2,311,1010.8,16.1,19.0,15.0,,,
2026-08-04T13:50:00Z,2026-09-12T23:23:23Z,330,4.0,6.0,1.9,11,7.2,311,1011.2,16.0,18.9,14.8,,,
2026-08-04T14:00:00Z,2026-09-12T23:23:23Z,330,3.0,5.0,,,,,1011.3,16.1,18.9,14.9,,+1.1,
2026-08-04T14:10:00Z,2026-09-12T23:23:23Z,330,4.0,6.0,1.7,,7.1,318,1011.4,16.1,18.9,14.8,,,
2026-08-04T14:20:00Z,2026-09-12T23:23:23Z,320,5.0,6.0,1.7,11,7.1,318,1011.2,16.0,18.9,14.7,,,
2026-08-04T14:30:00Z,2026-09-12T23:23:23Z,310,5.0,7.0,,,,,1010.9,16.1,18.9,14.8,,,
2026-08-04T14:40:00Z,2026-09-12T23:23:23Z,310,5.0,7.0,1.7,,7.1,317,1010.9,16.0,18.9,14.7,,,
2026-08-04T14:50:00Z,2026-09-12T23:23:23Z,310,5.0,7.0,1.7,12,7.1,317,1011.3,16.1,18.9,14.8,,,
2026-08-04T15:00:00Z,2026-09-12T23:23:23Z,310,4.0,6.0,1.8,,7.4,318,1011.5,16.1,18.9,14.9,,+1.1,
2026-08-04T15:10:00Z,2026-09-12T23:23:23Z,320,4.0,7.0,,,,,1011.7,16.0,18.8,14.7,,,
2026-08-04T15:20:00Z,2026-09-12T23:23:23Z,310,3.0,5.0,1.8,11,7.4,318,1011.8,16.0,18.8,14.7,,,
2026-08-04T15:30:00Z,2026-09-12T23:23:23Z,310,4.0,6.0,,,,,1011.7,16.0,18.8,14.6,,,
2026-08-04T15:40:00Z,2026-09-12T23:23:23Z,310,4.0,5.0,,,,,1011.9,16.0,18.8,14.6,,,
2026-08-04T15:50:00Z,2026-09-12T23:23:23Z,300,4.0,5.0,1.7,11,7.4,315,1011.8,16.1,18.8,14.7,,,
2026-08-04T16:00:00Z,2026-09-12T23:23:23Z,300,5.0,6.0,,,,,1011.5,16.1,18.8,14.7,,+1.7,
2026-08-04T16:10:00Z,2026-09-12T23:23:23Z,300,5.0,6.0,1.8,,7.5,314,1011.5,16.2,18.8,14.8,,,
2026-08-04T16:20:00Z,2026-09-12T23:23:23Z,290,5.0,7.0,1.8,11,7.5,314,1011.3,16.2,18.8,14.8,,,
2026-08-04T16:30:00Z,2026-09-12T23:23:23Z,290,5.0,7.0,,,,,1011.5,16.2,18.8,14.8,,,
2026-08-04T16:40:00Z,2026-09-12T23:23:23Z,290,4.0,6.0,,,,,1011.7,16.1,18.8,14.7,,,
2026-08-04T16:50:00Z,2026-09-12T23:23:23Z,280,4.0,6.0,,,,,1012.0,16.2,18.8,14.8,,,
2026-08-04T17:00:00Z,2026-09-12T23:23:23Z,290,5.0,7.0,,,,,1011.7,16.3,18.8,14.8,,+0.4,
2026-08-04T17:10:00Z,2026-09-12T23:23:23Z,290,5.0,6.0,1.6,,7.2,302,1011.9,16.4,18.8,15.0,,,
2026-08-04T17:20:00Z,2026-09-12T23:23:23Z,290,5.0,7.0,1.6,11,7.2,302,1011.9,16.3,18.8,14.8,,,
2026-08-04T17:30:00Z,2026-09-12T23:23:23Z,290,5.0,6.0,,,,,1012.2,16.3,18.8,14.8,,,
2026-08-04T17:40:00Z,2026-09-12T23:23:23Z,280,5.0,6.0,,,,,1012.2,16.3,18.8,14.7,,,
2026-08-04T17:50:00Z,2026-09-12T23:23:23Z,280,4.0,6.0,1.6,11,7.4,313,1012.2,16.4,18.8,14.8,,,
2026-08-04T18:00:00Z,2026-09-12T23:23:23Z,290,5.0,7.0,,,,,1012.2,16.5,18.8,14.8,,+0.7,
2026-08-04T18:10:00Z,2026-09-12T23:23:23Z,290,5.0,7.0,1.6,,7.5,316,1012.2,16.5,18.8,14.8,,,
2026-08-04T18:20:00Z,2026-09-12T23:23:23Z,290,5.0,7.0,1.6,11,7.5,316,1012.3,16.5,18.8,14.8,,,
2026-08-04T18:30:00Z,2026-09-12T23:23:23Z,290,5.0,7.0,,,,,1012.4,16.5,18.8,14.7,,,
2026-08-04T18:40:00Z,2026-09-12T23:23:23Z,290,5.0,6.0,1.6,,7.1,316,1012.5,16.6,18.8,14.8,,,
2026-08-04T18:50:00Z,2026-09-12T23:23:23Z,290,5.0,7.0,1.6,11,7.1,316,1012.5,16.6,,14.8,,,
2026-08-04T19:00:00Z,2026-09-12T23:23:23Z,,,,,,,,1012.5,,,,,+1.0,
2026-08-04T19:10:00Z,2026-09-12T23:23:23Z,290,4.0,5.0,1.7,,7.4,321,1012.7,16.7,18.8,14.9,,,
2026-08-04T19:20:00Z,2026-09-12T23:23:23Z,300,4.0,5.0,1.7,11,7.4,321,1012.6,16.7,18.8,14.9,,,
2026-08-04T19:30:00Z,2026-09-12T23:23:23Z,300,5.0,6.0,,,,,1012.5,16.7,18.8,14.7,,,
2026-08-04T19:40:00Z,2026-09-12T23:23:23Z,310,5.0,7.0,,,,,1012.3,16.8,18.8,14.9,,,
2026-08-04T19:50:00Z,2026-09-12T23:23:23Z,310,5.0,7.0,1.6,11,7.1,316,1012.3,16.9,18.8,14.9,,,
2026-08-04T20:00:00Z,2026-09-12T23:23:23Z,310,5.0,6.0,,,,,1012.5,16.9,18.8,15.1,,+0.8,
2026-08-04T20:10:00Z,2026-09-12T23:23:23Z,300,5.0,6.0,1.7,,7.3,309,1012.7,17.0,18.8,15.2,,,
2026-08-04T20:20:00Z,2026-09-12T23:23:23Z,300,4.0,5.0,1.7,11,7.3,309,1012.8,16.9,18.8,14.9,,,
2026-08-04T20:30:00Z,2026-09-12T23:23:23Z,280,4.0,5.0,,,,,1013.8,16.9,18.8,14.8,,,
2026-08-04T20:40:00Z,2026-09-12T23:23:23Z,280,4.0,5.0,1.7,,7.3,314,1012.7,16.9,18.8,14.7,,,
2026-08-04T20:50:00Z,2026-09-12T23:23:23Z,290,4.0,5.0,1.7,11,7.3,314,1012.5,16.8,18.9,14.6,,,
2026-08-04T21:00:00Z,2026-09-12T23:23:23Z,300,5.0,6.0,,,,,1012.4,16.9,18.8,14.8,,+0.0,
2026-08-04T21:10:00Z,2026-09-12T23:23:23Z,310,5.0,6.0,1.7,,7.5,313,1012.2,16.9,18.9,14.9,,,
2026-08-04T21:20:00Z,2026-09-12T23:23:23Z,300,5.0,7.0,1.7,11,7.5,313,1012.3,17.0,18.9,15.0,,,
2026-08-04T21:30:00Z,2026-09-12T23:23:23Z,290,4.0,6.0,,,,,1012.3,16.9,18.9,14.8,,,
2026-08-04T21:40:00Z,2026-09-12T23:23:23Z,290,4.0,5.0,,,,,1012.5,17.0,18.8,15.0,,,
2026-08-04T21:50:00Z,2026-09-12T23:23:23Z,280,4.0,5.0,1.6,11,7.1,311,1012.4,17.0,18.8,14.9,,,
2026-08-04T22:00:00Z,2026-09-12T23:23:23Z,280,4.0,6.0,,,,,1012.2,16.9,18.8,14.8,,-0.3,
2026-08-04T22:10:00Z,2026-09-12T23:23:23Z,290,4.0,6.0,1.7,,7.4,312,1012.2,16.9,18.8,14.8,,,
2026-08-04T22:20:00Z,2026-09-12T23:23:23Z,300,4.0,5.0,1.7,10,7.4,312,1012.1,17.0,18.7,15.0,,,
2026-08-04T22:30:00Z,2026-09-12T23:23:23Z,290,4.0,6.0,,,,,1012.0,16.9,18.7,14.9,,,
2026-08-04T22:40:00Z,2026-09-12T23:23:23Z,280,5.0,6.0,,,,,1012.0,17.0,18.7,14.9,,,
2026-08-04T22:50:00Z,2026-09-12T23:23:23Z,270,4.0,5.0,1.6,11,7.2,319,1011.9,17.0,18.7,15.0,,,
2026-08-04T23:00:00Z,2026-09-12T23:23:23Z,280,4.0,5.0,,,,,1012.0,17.0,18.7,15.0,,-0.5,
2026-08-04T23:10:00Z,2026-09-12T23:23:23Z,270,4.0,5.0,1.7,,7.3,311,1012.0,17.0,18.7,15.0,,,
2026-08-04T23:30:00Z,2026-09-12T23:23:23Z,280,4.0,5.0,,,,,1012.0,16.9,18.6,14.8,,,
2026-08-04T23:40:00Z,2026-09-12T23:23:23Z,280,4.0,6.0,1.7,,7.6,314,1011.9,17.0,18.6,15.0,,,
2026-08-04T23:50:00Z,2026-09-12T23:23:23Z,280,5.0,7.0,1.7,11,7.6,314,1011.8,17.1,18.6,15.2,,,
2026-08-05T00:00:00Z,2026-09-12T23:23:23Z,290,6.0,7.0,,,,,1011.7,17.0,18.6,15.0,,-0.6,
2026-08-05T00:10:00Z,2026-09-12T23:23:23Z,290,5.0,7.0,1.6,,7.5,311,1011.8,16.9,18.6,14.9,,,
2026-08-05T00:20:00Z,2026-09-12T23:23:23Z,290,5.0,7.0,1.6,11,7.5,311,1011.8,16.9,18.6,14.9,,,
2026-08-05T00:30:00Z,2026-09-12T23:23:23Z,270,5.0,6.0,,,,,1011.8,17.0,18.6,15.0,,,
2026-08-05T00:40:00Z,2026-09-12T23:23:23Z,280,5.0,7.0,1.6,,7.5,315,1011.8,17.1,18.6,15.2,,,
2026-08-05T00:50:00Z,2026-09-12T23:23:23Z,290,5.0,7.0,1.6,10,7.5,315,1011.8,17.0,18.6,15.0,,,
2026-08-05T01:00:00Z,2026-09-12T23:23:23Z,280,5.0,7.0,,,,,1011.7,17.0,18.6,15.1,,-0.5,
2026-08-05T01:10:00Z,2026-09-12T23:23:23Z,280,6.0,7.0,1.4,,7.1,306,1011.4,17.0,18.6,15.0,,,
2026-08-05T01:20:00Z,2026-09-12T23:23:23Z,280,6.0,7.0,1.4,11,7.1,306,1011.2,17.1,18.5,15.2,,,
2026-08-05T01:30:00Z,2026-09-12T23:23:23Z,290,7.0,8.0,,,,,1011.0,17.1,18.5,15.2,,,
2026-08-05T01:40:00Z,2026-09-12T23:23:23Z,290,7.0,9.0,1.5,,7.1,318,1010.9,17.1,18.5,15.3,,,
2026-08-05T01:50:00Z,2026-09-12T23:23:23Z,290,7.0,8.0,1.5,11,7.1,318,1010.8,16.9,18.5,15.0,,,
2026-08-05T02:00:00Z,2026-09-12T23:23:23Z,290,7.0,9.0,,,,,1010.8,17.0,18.5,15.1,,-1.2,
2026-08-05T02:10:00Z,2026-09-12T23:23:23Z,,,,1.5,,7.1,313,1010.7,,18.5,,,,
2026-08-05T02:20:00Z,2026-09-12T23:23:23Z,300,8.0,9.0,1.5,11,7.1,313,1010.8,17.0,18.5,15.1,,,
2026-08-05T02:30:00Z,2026-09-12T23:23:23Z,300,7.0,9.0,,,,,1011.0,17.0,18.5,15.2,,,
2026-08-05T02:40:00Z,2026-09-12T23:23:23Z,290,7.0,8.0,,,,,1011.1,17.0,18.5,15.2,,,
2026-08-05T02:50:00Z,2026-09-12T23:23:23Z,310,7.0,9.0,1.6,11,7.1,313,1011.2,16.9,18.5,15.1,,,
2026-08-05T03:00:00Z,2026-09-12T23:23:23Z,310,7.0,9.0,,,,,1011.2,16.9,18.5,15.1,,-0.6,
2026-08-05T03:10:00Z,2026-09-12T23:23:23Z,310,7.0,9.0,1.5,,6.7,323,1011.2,16.9,18.5,15.1,,,
2026-08-05T03:20:00Z,2026-09-12T23:23:23Z,310,7.0,9.0,1.5,11,6.7,323,1011.4,16.9,18.4,15.1,,,
2026-08-05T03:30:00Z,2026-09-12T23:23:23Z,300,7.0,9.0,,,,,1011.6,17.0,18.4,15.2,,,
2026-08-05T03:40:00Z,2026-09-12T23:23:23Z,310,7.0,8.0,1.4,,6.6,302,1011.6,16.8,18.4,14.9,,,
2026-08-05T03:50:00Z,2026-09-12T23:23:23Z,300,7.0,9.0,1.4,11,6.6,302,1011.7,16.9,18.4,15.0,,,
2026-08-05T04:00:00Z,2026-09-12T23:23:23Z,300,7.0,9.0,,,,,1011.7,16.8,18.4,15.0,,-0.0,
2026-08-05T04:10:00Z,2026-09-12T23:23:23Z,310,7.0,9.0,1.5,,6.5,311,1011.8,17.0,18.4,15.3,,,
2026-08-05T04:20:00Z,2026-09-12T23:23:23Z,310,7.0,9.0,1.5,11,6.5,311,1011.8,16.9,18.4,15.2,,,
2026-08-05T04:30:00Z,2026-09-12T23:23:23Z,300,8.0,9.0,,,,,1011.9,16.9,18.4,15.2,,,
2026-08-05T04:40:00Z,2026-09-12T23:23:23Z,310,8.0,10.0,1.4,,6.4,307,1011.8,16.9,18.4,15.2,,,
2026-08-05T04:50:00Z,2026-09-12T23:23:23Z,310,8.0,10.0,1.4,10,6.4,307,1011.9,16.8,18.4,15.1,,,
2026-08-05T05:00:00Z,2026-09-12T23:23:23Z,320,8.0,10.0,,,,,1012.2,16.8,18.4,15.1,,+1.4,
2026-08-05T05:10:00Z,2026-09-12T23:23:23Z,320,7.0,9.0,1.4,,6.3,324,1012.2,16.9,18.4,15.2,,,
2026-08-05T05:20:00Z,2026-09-12T23:23:23Z,320,7.0,10.0,1.4,11,6.3,324,1012.3,16.9,18.4,15.2,,,
2026-08-05T05:30:00Z,2026-09-12T23:23:23Z,320,8.0,10.0,,,,,1012.3,16.8,18.4,15.1,,,
2026-08-05T05:40:00Z,2026-09-12T23:23:23Z,320,8.0,9.0,,,,,1012.3,16.9,18.4,15.2,,,
2026-08-05T05:50:00Z,2026-09-12T23:23:23Z,320,7.0,9.0,1.4,11,5.9,320,1012.5,16.9,18.4,15.3,,,
2026-08-05T06:00:00Z,2026-09-12T23:23:23Z,310,7.0,9.0,,,,,1012.5,16.8,,15.1,,+1.4,
2026-08-05T06:10:00Z,2026-09-12T23:23:23Z,310,5.0,7.0,1.4,,6.3,305,1012.7,16.8,18.4,15.1,,,
2026-08-05T06:20:00Z,2026-09-12T23:23:23Z,320,5.0,7.0,1.4,11,6.3,305,1012.8,16.9,18.4,15.3,,,
2026-08-05T06:30:00Z,2026-09-12T23:23:23Z,330,6.0,8.0,,,,,1012.8,16.8,18.4,15.0,,,
2026-08-05T06:40:00Z,2026-09-12T23:23:23Z,310,5.0,7.0,,,,,1012.7,16.7,18.4,14.9,,,
2026-08-05T06:50:00Z,2026-09-12T23:23:23Z,320,5.0,7.0,1.3,10,6.2,309,1012.6,16.7,18.4,14.9,,,
2026-08-05T07:00:00Z,2026-09-12T23:23:23Z,310,5.0,7.0,1.3,,6.3,311,1012.7,16.7,18.4,14.9,,+1.0,
2026-08-05T07:10:00Z,2026-09-12T23:23:23Z,330,6.0,8.0,,,,,1013.0,16.7,18.3,14.9,,,
2026-08-05T07:20:00Z,2026-09-12T23:23:23Z,330,4.0,6.0,1.3,12,6.3,311,1012.9,16.7,,14.9,,,
2026-08-05T07:30:00Z,2026-09-12T23:23:23Z,320,5.0,7.0,,,,,1012.8,16.6,18.3,14.8,,,
2026-08-05T07:40:00Z,2026-09-12T23:23:23Z,330,5.0,7.0,,,,,1012.6,16.6,18.3,14.9,,,
2026-08-05T07:50:00Z,2026-09-12T23:23:23Z,320,5.0,7.0,1.4,11,6.4,319,1012.5,16.5,18.3,14.8,,,
2026-08-05T08:00:00Z,2026-09-12T23:23:23Z,320,5.0,8.0,,,,,1012.3,16.6,18.3,14.9,,+0.0,
2026-08-05T08:10:00Z,2026-09-12T23:23:23Z,310,6.0,8.0,1.4,,6.5,306,1012.3,16.7,18.3,15.0,,,
2026-08-05T08:20:00Z,2026-09-12T23:23:23Z,320,5.0,7.0,1.4,11,6.5,306,1012.3,16.7,18.3,14.9,,,
2026-08-05T08:30:00Z,2026-09-12T23:23:23Z,310,5.0,7.0,,,,,1012.3,16.7,18.5,14.9,,,
2026-08-05T08:40:00Z,2026-09-12T23:23:23Z,310,5.0,7.0,,,,,1012.3,16.6,18.5,14.8,,,
2026-08-05T08:50:00Z,2026-09-12T23:23:23Z,310,5.0,7.0,1.3,10,6.4,310,1012.2,16.6,18.5,14.8,,,
2026-08-05T09:00:00Z,2026-09-12T23:23:23Z,310,5.0,6.0,,,,,1012.2,16.7,18.5,14.9,,-0.3,
2026-08-05T09:10:00Z,2026-09-12T23:23:23Z,,,,1.3,10,,,,,18.6,,,,
2026-08-05T09:20:00Z,2026-09-12T23:23:23Z,310,5.0,7.0,1.3,,6.2,316,1012.2,16.6,,14.8,,,
2026-08-05T09:30:00Z,2026-09-12T23:23:23Z,300,5.0,7.0,,,,,1012.1,16.6,18.7,14.8,,,
2026-08-05T09:40:00Z,2026-09-12T23:23:23Z,330,5.0,6.0,,,,,1012.1,16.5,18.7,14.6,,,
2026-08-05T09:50:00Z,2026-09-12T23:23:23Z,330,5.0,7.0,1.4,10,6.5,312,1012.0,16.5,18.7,14.7,,,
2026-08-05T10:00:00Z,2026-09-12T23:23:23Z,330,5.0,7.0,,,,,1012.0,16.7,18.7,14.8,,-0.7,
2026-08-05T10:10:00Z,2026-09-12T23:23:23Z,310,5.0,7.0,1.3,,6.4,314,1012.0,16.7,18.7,14.9,,,
2026-08-05T10:20:00Z,2026-09-12T23:23:23Z,310,4.0,6.0,1.3,10,6.4,314,1012.0,16.7,18.7,14.9,,,
2026-08-05T10:30:00Z,2026-09-12T23:23:23Z,310,4.0,6.0,,,,,1012.0,16.6,18.7,14.7,,,
2026-08-05T10:40:00Z,2026-09-12T23:23:23Z,330,4.0,6.0,1.4,,6.8,325,1012.0,16.8,18.7,15.0,,,
2026-08-05T10:50:00Z,2026-09-12T23:23:23Z,320,4.0,6.0,1.4,11,6.8,325,1011.9,16.6,18.7,14.7,,,
2026-08-05T11:00:00Z,2026-09-12T23:23:23Z,320,5.0,6.0,,,,,1011.8,16.7,18.7,14.8,,-0.6,
2026-08-05T11:10:00Z,2026-09-12T23:23:23Z,320,5.0,7.0,1.4,,7.0,298,1011.8,16.6,18.7,14.7,,,
2026-08-05T11:20:00Z,2026-09-12T23:23:23Z,320,4.0,6.0,1.4,11,7.0,298,1011.8,16.5,18.7,14.6,,,
2026-08-05T11:30:00Z,2026-09-12T23:23:23Z,310,4.0,6.0,,,,,1011.9,16.7,18.7,14.9,,,
2026-08-05T11:40:00Z,2026-09-12T23:23:23Z,300,5.0,6.0,,,,,1011.9,16.7,,14.9,,,
2026-08-05T11:50:00Z,2026-09-12T23:23:23Z,310,4.0,6.0,1.3,10,6.7,307,1012.1,16.7,18.7,14.9,,,
2026-08-05T12:00:00Z,2026-09-12T23:23:23Z,310,5.0,6.0,,,,,1012.3,16.6,18.7,14.7,,-0.0,
2026-08-05T12:10:00Z,2026-09-12T23:23:23Z,320,4.0,6.0,1.3,,6.7,314,1012.3,16.5,18.6,14.6,,,
2026-08-05T12:20:00Z,2026-09-12T23:23:23Z,320,3.0,4.0,1.3,9,6.7,314,1012.0,16.5,18.7,14.6,,,
2026-08-05T12:30:00Z,2026-09-12T23:23:23Z,320,4.0,5.0,,,,,1012.0,16.6,18.7,14.8,,,
2026-08-05T12:40:00Z,2026-09-12T23:23:23Z,300,4.0,7.0,1.3,,6.9,313,1012.1,16.5,18.7,14.6,,,
2026-08-05T12:50:00Z,2026-09-12T23:23:23Z,300,5.0,6.0,1.3,9,6.9,313,1012.1,16.5,,14.6,,,
2026-08-05T13:00:00Z,2026-09-12T23:23:23Z,310,4.0,6.0,,,,,1012.2,16.4,18.7,14.5,,-0.0,
2026-08-05T13:10:00Z,2026-09-12T23:23:23Z,300,5.0,7.0,,,,,1012.4,16.3,18.7,14.4,,,
2026-08-05T13:20:00Z,2026-09-12T23:23:23Z,310,4.0,5.0,1.2,11,6.7,296,1012.5,16.4,18.7,14.5,,,
2026-08-05T13:30:00Z,2026-09-12T23:23:23Z,310,5.0,6.0,,,,,1012.5,16.4,18.7,14.5,,,
2026-08-05T13:40:00Z,2026-09-12T23:23:23Z,300,4.0,5.0,1.3,,7.2,318,1012.8,16.5,,14.6,,,
2026-08-05T13:50:00Z,2026-09-12T23:23:23Z,320,4.0,5.0,1.3,10,7.2,318,1012.9,16.5,18.7,14.6,,,
2026-08-05T14:00:00Z,2026-09-12T23:23:23Z,310,4.0,5.0,,,,,1013.2,16.5,18.7,14.6,,+1.4,
2026-08-05T14:10:00Z,2026-09-12T23:23:23Z,310,4.0,5.0,,,,,1013.3,16.4,18.7,14.5,,,
2026-08-05T14:20:00Z,2026-09-12T23:23:23Z,310,4.0,5.0,1.3,11,7.1,295,1013.4,16.4,18.7,14.5,,,
2026-08-05T14:30:00Z,2026-09-12T23:23:23Z,310,5.0,7.0,,,,,1013.3,16.4,18.7,14.4,,,
2026-08-05T14:40:00Z,2026-09-12T23:23:23Z,300,4.0,6.0,1.2,,6.6,302,1013.4,16.4,18.7,14.4,,,
2026-08-05T14:50:00Z,2026-09-12T23:23:23Z,290,3.0,5.0,1.2,11,6.6,302,1013.5,16.5,18.7,14.5,,,
2026-08-05T15:00:00Z,2026-09-12T23:23:23Z,300,4.0,6.0,,,,,1013.4,16.5,18.7,14.6,,+1.2,
2026-08-05T15:10:00Z,2026-09-12T23:23:23Z,300,4.0,6.0,,,,,1013.6,16.5,18.6,14.5,,,
2026-08-05T15:20:00Z,2026-09-12T23:23:23Z,280,4.0,5.0,1.2,,6.6,298,1014.7,16.7,18.6,14.8,,,
2026-08-05T15:30:00Z,2026-09-12T23:23:23Z,280,5.0,6.0,,,,,1013.7,16.6,18.7,14.7,,,
2026-08-05T15:40:00Z,2026-09-12T23:23:23Z,300,4.0,5.0,,,,,1014.0,16.6,18.7,14.7,,,
2026-08-05T15:50:00Z,2026-09-12T23:23:23Z,310,4.0,5.0,1.2,13,6.9,164,1014.0,16.5,18.7,14.5,,,
2026-08-05T16:00:00Z,2026-09-12T23:23:23Z,310,4.0,5.0,,,,,1013.8,16.5,18.7,14.4,,+1.6,
2026-08-05T16:10:00Z,2026-09-12T23:23:23Z,310,3.0,4.0,,,,,1014.0,16.6,18.7,14.6,,,
2026-08-05T16:20:00Z,2026-09-12T23:23:23Z,310,4.0,5.0,1.3,10,7.2,308,1014.1,16.7,18.7,14.6,,,
2026-08-05T16:30:00Z,2026-09-12T23:23:23Z,300,5.0,6.0,,,,,1014.2,16.8,18.7,14.8,,,
2026-08-05T16:40:00Z,2026-09-12T23:23:23Z,290,5.0,6.0,1.2,,6.9,304,1014.2,16.7,18.7,14.6,,,
2026-08-05T16:50:00Z,2026-09-12T23:23:23Z,300,5.0,7.0,1.2,11,6.9,304,1014.0,16.8,18.7,14.8,,,
2026-08-05T17:00:00Z,2026-09-12T23:23:23Z,290,6.0,8.0,,,,,1014.1,16.8,18.7,14.8,,+0.9,
2026-08-05T17:10:00Z,2026-09-12T23:23:23Z,290,6.0,8.0,,,,,1013.9,16.8,18.7,14.8,,,
2026-08-05T17:20:00Z,2026-09-12T23:23:23Z,300,6.0,8.0,1.2,10,6.8,312,1014.1,16.8,18.7,14.8,,,
2026-08-05T17:30:00Z,2026-09-12T23:23:23Z,300,5.0,7.0,,,,,1014.4,16.9,18.7,14.9,,,
2026-08-05T17:40:00Z,2026-09-12T23:23:23Z,300,4.0,6.0,,,,,1014.9,16.9,18.7,14.9,,,
2026-08-05T17:50:00Z,2026-09-12T23:23:23Z,310,4.0,5.0,1.2,11,6.8,321,1015.0,16.9,18.7,14.8,,,
2026-08-05T18:00:00Z,2026-09-12T23:23:23Z,320,3.0,6.0,,,,,1015.3,16.8,,14.5,,+1.9,
2026-08-05T18:10:00Z,2026-09-12T23:23:23Z,330,4.0,5.0,,,,,1015.4,16.9,18.7,14.6,,,
2026-08-05T18:20:00Z,2026-09-12T23:23:23Z,330,3.0,5.0,1.2,13,6.5,208,1015.4,16.9,18.7,14.6,,,
2026-08-05T18:30:00Z,2026-09-12T23:23:23Z,320,3.0,4.0,,,,,1015.3,16.9,18.7,14.5,,,
2026-08-05T18:40:00Z,2026-09-12T23:23:23Z,320,3.0,5.0,,,,,1015.2,17.0,18.7,14.7,,,
2026-08-05T18:50:00Z,2026-09-12T23:23:23Z,310,3.0,5.0,1.2,9,6.9,313,1015.4,17.0,18.7,14.6,,,
2026-08-05T19:00:00Z,2026-09-12T23:23:23Z,300,3.0,5.0,,,,,1015.2,17.0,,14.7,,+1.4,
2026-08-05T19:10:00Z,2026-09-12T23:23:23Z,310,4.0,5.0,,,,,1015.2,17.0,18.7,14.6,,,
2026-08-05T19:20:00Z,2026-09-12T23:23:23Z,310,3.0,4.0,1.2,14,6.9,234,1015.3,17.0,18.7,14.6,,,
2026-08-05T19:30:00Z,2026-09-12T23:23:23Z,310,3.0,4.0,,,,,1015.0,17.0,18.7,14.5,,,
2026-08-05T19:40:00Z,2026-09-12T23:23:23Z,300,4.0,5.0,,,,,1014.8,17.1,18.7,14.8,,,
2026-08-05T19:50:00Z,2026-09-12T23:23:23Z,310,5.0,7.0,1.1,11,6.6,306,1014.4,17.0,18.7,14.8,,,
2026-08-05T20:00:00Z,2026-09-12T23:23:23Z,310,5.0,6.0,,,,,1014.5,17.1,18.7,15.0,,+0.5,
2026-08-05T20:10:00Z,2026-09-12T23:23:23Z,320,4.0,5.0,1.0,,6.5,322,1014.6,17.1,18.7,14.9,,,
2026-08-05T20:20:00Z,2026-09-12T23:23:23Z,310,4.0,5.0,1.0,10,6.5,322,1014.5,17.1,18.6,14.9,,,
2026-08-05T20:30:00Z,2026-09-12T23:23:23Z,310,4.0,5.0,,,,,1014.2,17.0,18.6,14.8,,,
2026-08-05T20:40:00Z,2026-09-12T23:23:23Z,300,5.0,7.0,,,,,1013.8,17.1,18.6,14.9,,,
2026-08-05T20:50:00Z,2026-09-12T23:23:23Z,290,6.0,7.0,1.0,13,6.5,154,1013.6,17.1,18.6,14.9,,,
2026-08-05T21:00:00Z,2026-09-12T23:23:23Z,300,6.0,8.0,,,,,1013.5,17.2,18.6,15.1,,-1.9,
2026-08-05T21:10:00Z,2026-09-12T23:23:23Z,300,6.0,8.0,1.1,,6.7,311,1013.4,17.2,18.6,15.2,,,
2026-08-05T21:20:00Z,2026-09-12T23:23:23Z,320,6.0,8.0,1.1,10,6.7,311,1013.4,17.2,18.6,15.3,,,
2026-08-05T21:30:00Z,2026-09-12T23:23:23Z,320,6.0,8.0,,,,,1013.5,17.1,18.6,15.1,,,
2026-08-05T21:40:00Z,2026-09-12T23:23:23Z,310,6.0,7.0,1.2,,6.5,316,1013.3,17.2,18.6,15.1,,,
2026-08-05T21:50:00Z,2026-09-12T23:23:23Z,320,6.0,7.0,1.2,9,6.5,316,1013.2,17.2,18.6,15.1,,,
2026-08-05T22:00:00Z,2026-09-12T23:23:23Z,310,6.0,8.0,,,,,1013.2,17.3,18.6,15.3,,-2.1,
2026-08-05T22:10:00Z,2026-09-12T23:23:23Z,310,6.0,9.0,1.1,,6.1,324,1013.2,17.3,18.6,15.2,,,
2026-08-05T22:20:00Z,2026-09-12T23:23:23Z,310,6.0,8.0,1.1,9,6.1,324,1013.2,17.3,18.6,15.2,,,
2026-08-05T22:30:00Z,2026-09-12T23:23:23Z,320,6.0,8.0,,,,,1013.0,17.3,18.6,15.2,,,
2026-08-05T22:40:00Z,2026-09-12T23:23:23Z,320,6.0,8.0,1.2,,6.4,310,1013.2,17.3,18.6,15.1,,,
2026-08-05T22:50:00Z,2026-09-12T23:23:23Z,320,6.0,7.0,1.2,10,6.4,310,1012.9,17.3,18.6,15.1,,,
2026-08-05T23:00:00Z,2026-09-12T23:23:23Z,320,6.0,7.0,,,,,1012.8,17.3,18.6,15.2,,-1.7,
2026-08-05T23:10:00Z,2026-09-12T23:23:23Z,330,6.0,7.0,1.2,,6.4,202,1012.9,17.3,18.6,15.2,,,
2026-08-05T23:20:00Z,2026-09-12T23:23:23Z,320,6.0,7.0,1.2,13,6.4,202,1012.5,17.3,18.6,15.2,,,
2026-08-05T23:40:00Z,2026-09-12T23:23:23Z,330,7.0,8.0,1.0,,5.8,312,1012.4,17.3,18.6,15.3,,,
2026-08-05T23:50:00Z,2026-09-12T23:23:23Z,320,7.0,8.0,1.0,8,5.8,312,1012.1,17.3,18.6,15.4,,,
2026-08-06T00:00:00Z,2026-09-12T23:23:23Z,320,8.0,10.0,,,,,1011.9,17.3,18.6,15.4,,-1.6,
2026-08-06T00:10:00Z,2026-09-12T23:23:23Z,,,,,,,,1011.8,,18.5,,,,
2026-08-06T00:20:00Z,2026-09-12T23:23:23Z,320,7.0,8.0,1.1,13,5.9,173,1011.9,17.3,18.5,15.3,,,
2026-08-06T00:30:00Z,2026-09-12T23:23:23Z,320,8.0,9.0,,,,,1011.9,17.3,18.6,15.4,,,
2026-08-06T00:40:00Z,2026-09-12T23:23:23Z,310,7.0,9.0,,,,,1011.9,17.4,18.6,15.4,,,
2026-08-06T00:50:00Z,2026-09-12T23:23:23Z,320,7.0,9.0,1.1,10,5.6,320,1012.2,17.4,18.6,15.5,,,
2026-08-06T01:00:00Z,2026-09-12T23:23:23Z,320,6.0,8.0,,,,,1012.5,17.4,18.6,15.5,,-0.5,
2026-08-06T01:10:00Z,2026-09-12T23:23:23Z,320,4.0,6.0,1.1,,5.6,311,1012.8,17.3,18.6,15.3,,,
2026-08-06T01:20:00Z,2026-09-12T23:23:23Z,310,5.0,6.0,1.1,10,5.6,311,1012.7,17.3,18.6,15.3,,,
2026-08-06T01:30:00Z,2026-09-12T23:23:23Z,310,4.0,6.0,,,,,1012.5,17.3,18.6,15.2,,,
2026-08-06T01:40:00Z,2026-09-12T23:23:23Z,300,5.0,6.0,1.0,,5.6,324,1012.5,17.4,18.6,15.4,,,
2026-08-06T01:50:00Z,2026-09-12T23:23:23Z,310,6.0,7.0,1.0,9,5.6,324,1012.3,17.4,18.6,15.5,,,
2026-08-06T02:00:00Z,2026-09-12T23:23:23Z,310,5.0,7.0,,,,,1012.2,17.3,18.6,15.3,,-0.5,
2026-08-06T02:10:00Z,2026-09-12T23:23:23Z,320,6.0,7.0,1.1,,6.0,209,1012.0,17.4,18.7,15.5,,,
2026-08-06T02:20:00Z,2026-09-12T23:23:23Z,320,6.0,7.0,1.1,13,6.0,209,1012.4,17.4,18.7,15.6,,,
2026-08-06T02:30:00Z,2026-09-12T23:23:23Z,320,6.0,7.0,,,,,1012.2,17.3,18.7,15.5,,,
2026-08-06T02:40:00Z,2026-09-12T23:23:23Z,320,5.0,6.0,,,,,1012.3,17.4,18.7,15.7,,,
2026-08-06T02:50:00Z,2026-09-12T23:23:23Z,310,5.0,7.0,1.0,13,5.6,194,1012.4,17.3,18.7,15.5,,,
2026-08-06T03:00:00Z,2026-09-12T23:23:23Z,310,6.0,7.0,,,,,1012.5,17.3,18.7,15.5,,+0.6,
2026-08-06T03:10:00Z,2026-09-12T23:23:23Z,310,5.0,6.0,1.1,,5.9,192,1012.7,17.3,18.7,15.5,,,
2026-08-06T03:20:00Z,2026-09-12T23:23:23Z,310,4.0,6.0,1.1,13,5.9,192,1012.7,17.2,18.6,15.4,,,
2026-08-06T03:30:00Z,2026-09-12T23:23:23Z,300,4.0,5.0,,,,,1013.0,17.3,18.6,15.5,,,
2026-08-06T03:40:00Z,2026-09-12T23:23:23Z,290,4.0,5.0,,,,,1012.9,17.3,18.6,15.5,,,
2026-08-06T03:50:00Z,2026-09-12T23:23:23Z,290,4.0,6.0,1.1,13,6.0,197,1013.2,17.3,18.6,15.5,,,
2026-08-06T04:00:00Z,2026-09-12T23:23:23Z,300,4.0,6.0,,,,,1013.3,17.2,18.6,15.4,,+0.6,
2026-08-06T04:10:00Z,2026-09-12T23:23:23Z,300,4.0,6.0,1.0,,5.7,184,1013.5,17.3,18.6,15.5,,,
2026-08-06T04:20:00Z,2026-09-12T23:23:23Z,300,5.0,6.0,1.0,13,5.7,184,1013.4,17.3,18.6,15.5,,,
2026-08-06T04:30:00Z,2026-09-12T23:23:23Z,290,4.0,6.0,,,,,1013.7,17.3,18.6,15.5,,,
2026-08-06T04:40:00Z,2026-09-12T23:23:23Z,310,4.0,6.0,,,,,1013.6,17.3,18.6,15.4,,,
2026-08-06T04:50:00Z,2026-09-12T23:23:23Z,310,5.0,6.0,1.0,13,6.0,214,1013.6,17.3,18.6,15.4,,,
2026-08-06T05:00:00Z,2026-09-12T23:23:23Z,300,5.0,6.0,,,,,1013.5,17.4,18.5,15.6,,+1.1,
2026-08-06T05:10:00Z,2026-09-12T23:23:23Z,290,5.0,7.0,1.1,,6.0,319,1013.5,17.4,18.5,15.5,,,
2026-08-06T05:20:00Z,2026-09-12T23:23:23Z,290,5.0,7.0,1.1,10,6.0,319,1013.5,17.4,18.5,15.6,,,
2026-08-06T05:30:00Z,2026-09-12T23:23:23Z,300,5.0,7.0,,,,,1013.5,17.3,18.5,15.5,,,
2026-08-06T05:40:00Z,2026-09-12T23:23:23Z,290,5.0,7.0,,,,,1013.6,17.3,18.6,15.6,,,
2026-08-06T05:50:00Z,2026-09-12T23:23:23Z,,,,1.1,14,5.9,217,1013.6,,18.7,,,,
2026-08-06T06:00:00Z,2026-09-12T23:23:23Z,280,5.0,7.0,,,,,1013.6,17.3,18.8,15.5,,+1.1,
2026-08-06T06:10:00Z,2026-09-12T23:23:23Z,300,5.0,7.0,1.1,,5.9,187,1013.5,17.3,18.8,15.6,,,
2026-08-06T06:20:00Z,2026-09-12T23:23:23Z,300,5.0,7.0,1.1,12,5.9,187,1013.5,17.3,18.8,15.6,,,
2026-08-06T06:30:00Z,2026-09-12T23:23:23Z,300,5.0,7.0,,,,,1013.5,17.3,18.8,15.6,,,
2026-08-06T06:40:00Z,2026-09-12T23:23:23Z,300,6.0,7.0,,,,,1013.4,17.3,18.8,15.6,,,
2026-08-06T06:50:00Z,2026-09-12T23:23:23Z,310,6.0,7.0,1.2,10,5.8,308,1013.4,17.3,18.8,15.6,,,
2026-08-06T07:00:00Z,2026-09-12T23:23:23Z,300,6.0,8.0,,,,,1013.5,17.3,18.8,15.7,,+0.3,
2026-08-06T07:10:00Z,2026-09-12T23:23:23Z,300,6.0,8.0,1.2,,5.9,316,1013.4,17.3,18.8,15.7,,,
2026-08-06T07:20:00Z,2026-09-12T23:23:23Z,300,7.0,8.0,1.2,10,5.9,316,1013.3,17.3,,15.7,,,
2026-08-06T07:30:00Z,2026-09-12T23:23:23Z,310,7.0,8.0,,,,,1013.3,17.2,18.8,15.6,,,
2026-08-06T07:40:00Z,2026-09-12T23:23:23Z,,,,1.1,,5.6,295,1013.3,,,,,,
2026-08-06T07:50:00Z,2026-09-12T23:23:23Z,310,7.0,9.0,1.1,9,5.6,295,1013.2,17.3,18.8,15.7,,,
2026-08-06T08:00:00Z,2026-09-12T23:23:23Z,300,7.0,9.0,,,,,1013.2,17.3,18.8,15.8,,-0.3,
2026-08-06T08:10:00Z,2026-09-12T23:23:23Z,300,7.0,10.0,1.0,,5.5,320,1012.9,17.3,18.8,15.8,,,
2026-08-06T08:20:00Z,2026-09-12T23:23:23Z,300,8.0,9.0,1.0,10,5.5,320,1012.8,17.3,18.8,15.8,,,
2026-08-06T08:30:00Z,2026-09-12T23:23:23Z,300,8.0,10.0,,,,,1012.7,17.2,18.8,15.7,,,
2026-08-06T08:40:00Z,2026-09-12T23:23:23Z,310,8.0,10.0,1.1,,5.4,307,1012.7,17.2,18.8,15.6,,,
2026-08-06T08:50:00Z,2026-09-12T23:23:23Z,300,8.0,9.0,1.1,9,5.4,307,1012.5,17.2,18.8,15.6,,,
2026-08-06T09:00:00Z,2026-09-12T23:23:23Z,310,8.0,9.0,,,,,1012.7,17.3,18.8,15.8,,-0.8,
2026-08-06T09:10:00Z,2026-09-12T23:23:23Z,310,8.0,9.0,1.1,,5.2,297,1012.8,17.2,18.8,15.7,,,
2026-08-06T09:20:00Z,2026-09-12T23:23:23Z,310,7.0,9.0,1.1,10,5.2,297,1012.8,17.2,18.8,15.8,,,
2026-08-06T09:30:00Z,2026-09-12T23:23:23Z,310,8.0,9.0,,,,,1012.9,17.3,18.8,15.9,,,
2026-08-06T09:40:00Z,2026-09-12T23:23:23Z,310,7.0,9.0,1.1,,5.5,219,1013.0,17.2,18.8,15.7,,,
2026-08-06T09:50:00Z,2026-09-12T23:23:23Z,300,7.0,9.0,1.1,12,5.5,219,1013.1,17.1,18.8,15.6,,,
2026-08-06T10:00:00Z,2026-09-12T23:23:23Z,300,6.0,8.0,,,,,1013.3,17.2,18.8,15.7,,-0.3,
2026-08-06T10:10:00Z,2026-09-12T23:23:23Z,,,,,,,,1013.3,,18.8,,,,
2026-08-06T10:20:00Z,2026-09-12T23:23:23Z,310,6.0,8.0,1.1,9,5.2,315,1013.1,17.2,18.8,15.7,,,
2026-08-06T10:30:00Z,2026-09-12T23:23:23Z,320,6.0,8.0,,,,,1013.3,17.2,18.8,15.7,,,
2026-08-06T10:40:00Z,2026-09-12T23:23:23Z,310,6.0,7.0,1.1,,5.3,305,1013.3,17.2,18.8,15.6,,,
2026-08-06T10:50:00Z,2026-09-12T23:23:23Z,300,6.0,7.0,1.1,8,5.3,305,1013.3,17.2,18.8,15.6,,,
2026-08-06T11:00:00Z,2026-09-12T23:23:23Z,310,6.0,7.0,,,,,1013.4,17.3,18.8,15.7,,-0.0,
2026-08-06T11:10:00Z,2026-09-12T23:23:23Z,320,6.0,7.0,1.1,,5.4,292,1013.3,17.3,18.9,15.7,,,
2026-08-06T11:20:00Z,2026-09-12T23:23:23Z,320,6.0,7.0,1.1,10,5.4,292,1013.5,17.2,18.8,15.6,,,
2026-08-06T11:30:00Z,2026-09-12T23:23:23Z,320,5.0,7.0,,,,,1013.6,17.2,18.9,15.6,,,
2026-08-06T11:40:00Z,2026-09-12T23:23:23Z,320,6.0,7.0,,,,,1013.6,17.2,18.8,15.6,,,
2026-08-06T11:50:00Z,2026-09-12T23:23:23Z,320,6.0,7.0,1.2,9,5.7,322,1013.6,17.1,18.9,15.5,,,
2026-08-06T12:00:00Z,2026-09-12T23:23:23Z,320,6.0,7.0,,,,,1013.6,17.1,18.9,15.5,,+0.8,
2026-08-06T12:10:00Z,2026-09-12T23:23:23Z,310,6.0,7.0,1.1,,5.6,124,1013.7,17.2,18.9,15.6,,,
2026-08-06T12:20:00Z,2026-09-12T23:23:23Z,310,6.0,7.0,1.1,12,5.6,124,1013.7,17.2,18.9,15.6,,,
2026-08-06T12:30:00Z,2026-09-12T23:23:23Z,320,6.0,7.0,,,,,1013.8,17.3,18.9,15.7,,,
2026-08-06T12:40:00Z,2026-09-12T23:23:23Z,320,6.0,7.0,1.1,,5.3,235,1014.0,17.2,18.9,15.6,,,
2026-08-06T12:50:00Z,2026-09-12T23:23:23Z,310,5.0,6.0,1.1,13,5.3,235,1014.2,17.2,,15.5,,,
2026-08-06T13:00:00Z,2026-09-12T23:23:23Z,320,5.0,6.0,,,,,1014.1,17.1,18.9,15.4,,+0.9,
2026-08-06T13:10:00Z,2026-09-12T23:23:23Z,310,5.0,7.0,1.1,,5.4,187,1014.2,17.1,18.9,15.3,,,
2026-08-06T13:20:00Z,2026-09-12T23:23:23Z,320,5.0,7.0,1.1,11,5.4,187,1014.2,17.2,18.9,15.4,,,
2026-08-06T13:30:00Z,2026-09-12T23:23:23Z,310,5.0,7.0,,,,,1014.2,17.2,18.9,15.4,,,
2026-08-06T13:40:00Z,2026-09-12T23:23:23Z,310,5.0,7.0,1.1,,5.3,156,1014.2,17.2,18.9,15.4,,,
2026-08-06T13:50:00Z,2026-09-12T23:23:23Z,310,5.0,6.0,1.1,11,5.3,156,1014.4,17.2,18.9,15.4,,,
2026-08-06T14:00:00Z,2026-09-12T23:23:23Z,320,6.0,7.0,,,,,1014.4,17.2,18.9,15.4,,+1.1,
2026-08-06T14:10:00Z,2026-09-12T23:23:23Z,320,5.0,7.0,1.0,,5.2,178,1014.8,17.2,18.9,15.3,,,
2026-08-06T14:20:00Z,2026-09-12T23:23:23Z,320,5.0,6.0,1.0,13,5.2,178,1014.8,17.3,18.9,15.5,,,
2026-08-06T14:30:00Z,2026-09-12T23:23:23Z,340,4.0,6.0,,,,,1015.2,17.3,18.9,15.5,,,
2026-08-06T14:40:00Z,2026-09-12T23:23:23Z,350,4.0,5.0,,,,,1015.4,17.3,18.9,15.5,,,
2026-08-06T14:50:00Z,2026-09-12T23:23:23Z,340,4.0,5.0,1.1,12,5.6,209,1015.4,17.3,18.9,15.3,,,
2026-08-06T15:00:00Z,2026-09-12T23:23:23Z,330,3.0,4.0,,,,,1015.2,17.3,18.9,15.2,,+1.7,
2026-08-06T15:10:00Z,2026-09-12T23:23:23Z,310,4.0,5.0,1.0,,5.4,209,1015.0,17.3,18.9,15.3,,,
2026-08-06T15:20:00Z,2026-09-12T23:23:23Z,310,4.0,5.0,1.0,14,5.4,209,1014.9,17.3,18.9,15.4,,,
2026-08-06T15:30:00Z,2026-09-12T23:23:23Z,320,5.0,6.0,,,,,1014.9,17.3,18.9,15.3,,,
2026-08-06T15:40:00Z,2026-09-12T23:23:23Z,310,5.0,6.0,,,,,1014.8,17.3,18.9,15.4,,,
2026-08-06T15:50:00Z,2026-09-12T23:23:23Z,310,6.0,6.0,1.0,9,5.6,307,1014.9,17.3,18.9,15.3,,,
2026-08-06T16:00:00Z,2026-09-12T23:23:23Z,320,4.0,6.0,,,,,1015.3,17.3,18.9,15.2,,+1.2,
2026-08-06T16:10:00Z,2026-09-12T23:23:23Z,330,4.0,5.0,1.0,,5.6,212,1015.2,17.3,18.9,15.3,,,
2026-08-06T16:20:00Z,2026-09-12T23:23:23Z,330,4.0,4.0,1.0,13,5.6,212,1015.3,17.3,18.9,15.3,,,
2026-08-06T16:30:00Z,2026-09-12T23:23:23Z,320,4.0,5.0,,,,,1015.2,17.3,18.9,15.3,,,
2026-08-06T16:40:00Z,2026-09-12T23:23:23Z,320,5.0,5.0,1.0,,5.7,210,1015.1,17.3,18.9,15.4,,,
2026-08-06T16:50:00Z,2026-09-12T23:23:23Z,310,4.0,6.0,1.0,12,5.7,210,1015.2,17.3,18.8,15.3,,,
2026-08-06T17:00:00Z,2026-09-12T23:23:23Z,310,5.0,7.0,,,,,1015.0,17.4,18.8,15.5,,+0.6,
2026-08-06T17:10:00Z,2026-09-12T23:23:23Z,310,5.0,7.0,1.0,,5.8,167,1015.0,17.4,18.8,15.5,,,
2026-08-06T17:20:00Z,2026-09-12T23:23:23Z,310,5.0,7.0,1.0,11,5.8,167,1015.1,17.4,18.8,15.4,,,
2026-08-06T17:30:00Z,2026-09-12T23:23:23Z,310,5.0,7.0,,,,,1014.9,17.3,18.8,15.3,,,
2026-08-06T17:40:00Z,2026-09-12T23:23:23Z,310,6.0,7.0,,,,,1014.9,17.4,18.8,15.4,,,
2026-08-06T17:50:00Z,2026-09-12T23:23:23Z,320,6.0,7.0,1.0,9,5.9,308,1014.9,17.4,,15.3,,,
2026-08-06T18:00:00Z,2026-09-12T23:23:23Z,320,6.0,7.0,,,,,1015.3,17.4,18.9,15.3,,-0.0,
2026-08-06T18:10:00Z,2026-09-12T23:23:23Z,320,5.0,5.0,,,,,1015.4,17.5,18.9,15.4,,,
2026-08-06T18:20:00Z,2026-09-12T23:23:23Z,320,5.0,6.0,1.0,9,5.7,331,1015.4,17.5,18.9,15.4,,,
2026-08-06T18:30:00Z,2026-09-12T23:23:23Z,310,5.0,6.0,,,,,1015.4,17.4,18.9,15.1,,,
2026-08-06T18:40:00Z,2026-09-12T23:23:23Z,,,,,,,,1015.2,,18.9,,,,
2026-08-06T18:50:00Z,2026-09-12T23:23:23Z,320,5.0,6.0,1.0,13,5.9,199,1014.9,17.4,18.9,15.2,,,
2026-08-06T19:00:00Z,2026-09-12T23:23:23Z,310,5.0,6.0,0.9,,5.7,268,1014.9,17.5,,15.4,,-0.4,
2026-08-06T19:10:00Z,2026-09-12T23:23:23Z,310,5.0,6.0,,,,,1015.1,17.5,18.9,15.5,,,
2026-08-06T19:20:00Z,2026-09-12T23:23:23Z,310,5.0,6.0,0.9,13,5.7,268,1015.0,17.5,,15.4,,,
2026-08-06T19:30:00Z,2026-09-12T23:23:23Z,310,5.0,6.0,,,,,1015.1,17.4,18.9,15.3,,,
2026-08-06T19:40:00Z,2026-09-12T23:23:23Z,300,4.0,6.0,,,,,1014.9,17.5,18.9,15.4,,,
2026-08-06T19:50:00Z,2026-09-12T23:23:23Z,300,5.0,6.0,0.8,11,5.3,220,1014.8,17.5,18.9,15.4,,,
2026-08-06T20:00:00Z,2026-09-12T23:23:23Z,290,5.0,6.0,,,,,1014.7,17.5,18.9,15.4,,-0.4,
2026-08-06T20:10:00Z,2026-09-12T23:23:23Z,300,5.0,6.0,0.9,,5.4,203,1014.8,17.4,18.9,15.3,,,
2026-08-06T20:20:00Z,2026-09-12T23:23:23Z,300,5.0,6.0,0.9,14,5.4,203,1014.8,17.5,18.9,15.4,,,
2026-08-06T20:30:00Z,2026-09-12T23:23:23Z,300,5.0,6.0,,,,,1014.6,17.4,18.9,15.4,,,
2026-08-06T20:40:00Z,2026-09-12T23:23:23Z,300,5.0,6.0,0.9,,5.7,162,1014.4,17.4,18.9,15.4,,,
2026-08-06T20:50:00Z,2026-09-12T23:23:23Z,300,5.0,6.0,0.9,13,5.7,162,1014.4,17.5,18.9,15.5,,,
2026-08-06T21:00:00Z,2026-09-12T23:23:23Z,300,5.0,6.0,,,,,1014.7,17.4,18.9,15.3,,-0.7,
2026-08-06T21:10:00Z,2026-09-12T23:23:23Z,300,5.0,5.0,0.9,,5.7,197,1014.6,17.4,19.0,15.3,,,
2026-08-06T21:20:00Z,2026-09-12T23:23:23Z,300,5.0,6.0,0.9,12,5.7,197,1014.5,17.5,19.0,15.5,,,
2026-08-06T21:30:00Z,2026-09-12T23:23:23Z,300,4.0,5.0,,,,,1014.5,17.5,19.0,15.5,,,
2026-08-06T21:40:00Z,2026-09-12T23:23:23Z,300,4.0,6.0,,,,,1014.4,17.5,19.0,15.5,,,
2026-08-06T21:50:00Z,2026-09-12T23:23:23Z,290,5.0,6.0,0.9,12,5.8,173,1014.3,17.6,19.0,15.6,,,
2026-08-06T22:00:00Z,2026-09-12T23:23:23Z,290,5.0,6.0,,,,,1014.4,17.7,19.0,15.8,,-0.6,
2026-08-06T22:10:00Z,2026-09-12T23:23:23Z,290,5.0,6.0,0.9,,5.8,208,1014.2,17.6,19.0,15.6,,,
2026-08-06T22:20:00Z,2026-09-12T23:23:23Z,290,5.0,6.0,0.9,13,5.8,208,1014.3,17.5,18.9,15.5,,,
2026-08-06T22:30:00Z,2026-09-12T23:23:23Z,290,5.0,6.0,,,,,1014.2,17.5,18.9,15.5,,,
2026-08-06T22:40:00Z,2026-09-12T23:23:23Z,290,5.0,7.0,,,,,1014.2,17.5,18.9,15.5,,,
2026-08-06T22:50:00Z,2026-09-12T23:23:23Z,280,5.0,7.0,0.8,11,5.4,235,1014.0,17.6,18.8,15.7,,,
2026-08-06T23:00:00Z,2026-09-12T23:23:23Z,290,6.0,7.0,,,,,1014.0,17.6,18.8,15.7,,-0.7,
2026-08-06T23:10:00Z,2026-09-12T23:23:23Z,290,6.0,8.0,0.9,,5.8,240,1013.7,17.5,18.8,15.7,,,
2026-08-06T23:30:00Z,2026-09-12T23:23:23Z,280,6.0,7.0,,,,,1013.6,17.6,18.8,15.9,,,
2026-08-06T23:40:00Z,2026-09-12T23:23:23Z,290,6.0,8.0,0.8,,5.1,287,1013.5,17.5,18.8,15.7,,,
2026-08-06T23:50:00Z,2026-09-12T23:23:23Z,290,6.0,8.0,0.8,8,5.1,287,1013.5,17.5,18.8,15.7,,,
2026-08-07T00:00:00Z,2026-09-12T23:23:23Z,290,7.0,8.0,,,,,1013.4,17.4,18.8,15.6,,-1.2,
2026-08-07T00:10:00Z,2026-09-12T23:23:23Z,290,7.0,8.0,,,,,1013.4,17.5,18.8,15.7,,,
2026-08-07T00:20:00Z,2026-09-12T23:23:23Z,300,7.0,9.0,0.8,8,4.9,315,1013.5,17.5,18.8,15.7,,,
2026-08-07T00:30:00Z,2026-09-12T23:23:23Z,300,7.0,8.0,,,,,1013.5,17.4,18.7,15.6,,,
2026-08-07T00:40:00Z,2026-09-12T23:23:23Z,300,7.0,8.0,,,,,1013.4,17.4,18.7,15.7,,,
2026-08-07T00:50:00Z,2026-09-12T23:23:23Z,300,7.0,8.0,0.9,13,5.2,210,1013.4,17.4,18.7,15.7,,,
2026-08-07T01:00:00Z,2026-09-12T23:23:23Z,300,7.0,8.0,,,,,1013.5,17.4,18.7,15.7,,-0.9,
2026-08-07T01:10:00Z,2026-09-12T23:23:23Z,300,7.0,8.0,0.9,,4.9,322,1013.5,17.4,18.7,15.7,,,
2026-08-07T01:20:00Z,2026-09-12T23:23:23Z,290,6.0,7.0,0.9,9,4.9,322,1013.5,17.4,18.7,15.8,,,
2026-08-07T01:30:00Z,2026-09-12T23:23:23Z,290,6.0,7.0,,,,,1013.5,17.4,18.7,15.9,,,
2026-08-07T01:40:00Z,2026-09-12T23:23:23Z,290,6.0,8.0,0.9,,5.1,211,1013.4,17.3,18.7,15.7,,,
2026-08-07T01:50:00Z,2026-09-12T23:23:23Z,290,6.0,8.0,0.9,12,5.1,211,1013.3,17.4,18.7,15.8,,,
2026-08-07T02:00:00Z,2026-09-12T23:23:23Z,300,6.0,8.0,,,,,1013.5,17.4,18.7,15.9,,-0.5,
2026-08-07T02:10:00Z,2026-09-12T23:23:23Z,300,6.0,8.0,0.9,,4.9,252,1013.7,17.4,18.7,15.9,,,
2026-08-07T02:20:00Z,2026-09-12T23:23:23Z,300,7.0,8.0,0.9,14,4.9,252,1013.7,17.3,18.7,15.8,,,
2026-08-07T02:30:00Z,2026-09-12T23:23:23Z,300,6.0,8.0,,,,,1013.7,17.4,18.7,15.9,,,
2026-08-07T02:40:00Z,2026-09-12T23:23:23Z,300,7.0,9.0,0.9,,4.9,318,1013.8,17.4,18.6,15.9,,,
2026-08-07T02:50:00Z,2026-09-12T23:23:23Z,300,6.0,8.0,0.9,9,4.9,318,1013.8,17.4,18.6,15.8,,,
2026-08-07T03:00:00Z,2026-09-12T23:23:23Z,300,7.0,8.0,,,,,1014.2,17.4,18.6,15.8,,+0.7,
2026-08-07T03:10:00Z,2026-09-12T23:23:23Z,290,6.0,9.0,0.9,,4.8,304,1014.2,17.3,18.6,15.7,,,
2026-08-07T03:20:00Z,2026-09-12T23:23:23Z,300,6.0,8.0,0.9,9,4.8,304,1014.6,17.4,18.6,15.8,,,
2026-08-07T03:30:00Z,2026-09-12T23:23:23Z,310,6.0,7.0,,,,,1014.7,17.5,18.6,15.9,,,
2026-08-07T03:40:00Z,2026-09-12T23:23:23Z,300,6.0,7.0,,,,,1014.7,17.4,18.5,15.7,,,
2026-08-07T03:50:00Z,2026-09-12T23:23:23Z,300,6.0,7.0,1.0,12,5.0,208,1014.8,17.4,18.5,15.7,,,
2026-08-07T04:00:00Z,2026-09-12T23:23:23Z,310,6.0,7.0,,,,,1015.0,17.4,18.5,15.7,,+1.5,
2026-08-07T04:10:00Z,2026-09-12T23:23:23Z,300,5.0,6.0,1.0,,5.3,312,1015.0,17.4,18.5,15.7,,,
2026-08-07T04:20:00Z,2026-09-12T23:23:23Z,310,5.0,7.0,1.0,8,5.3,312,1015.1,17.4,18.5,15.7,,,
2026-08-07T04:30:00Z,2026-09-12T23:23:23Z,320,5.0,7.0,,,,,1015.0,17.5,18.4,15.8,,,
2026-08-07T04:40:00Z,2026-09-12T23:23:23Z,300,6.0,7.0,0.9,,5.2,320,1015.0,17.4,18.4,15.7,,,
2026-08-07T04:50:00Z,2026-09-12T23:23:23Z,310,6.0,8.0,0.9,9,5.2,320,1015.3,17.4,18.4,15.8,,,
2026-08-07T05:00:00Z,2026-09-12T23:23:23Z,310,5.0,7.0,,,,,1015.6,17.3,18.4,15.6,,+2.1,
2026-08-07T05:10:00Z,2026-09-12T23:23:23Z,300,5.0,6.0,0.9,,5.0,234,1015.5,17.4,18.4,15.7,,,
2026-08-07T05:20:00Z,2026-09-12T23:23:23Z,300,5.0,6.0,0.9,13,5.0,234,1015.5,17.3,18.4,15.6,,,
2026-08-07T05:30:00Z,2026-09-12T23:23:23Z,310,5.0,6.0,,,,,1015.6,17.4,18.4,15.8,,,
2026-08-07T05:40:00Z,2026-09-12T23:23:23Z,320,5.0,7.0,,,,,1015.6,17.4,18.4,15.7,,,
2026-08-07T05:50:00Z,2026-09-12T23:23:23Z,310,5.0,6.0,0.9,9,4.9,322,1015.6,17.4,18.4,15.7,,,
2026-08-07T06:00:00Z,2026-09-12T23:23:23Z,310,5.0,7.0,,,,,1015.6,17.4,18.4,15.7,,+1.4,
2026-08-07T06:10:00Z,2026-09-12T23:23:23Z,320,4.0,6.0,0.9,,5.1,184,1015.7,17.4,18.4,15.7,,,
2026-08-07T06:20:00Z,2026-09-12T23:23:23Z,320,5.0,6.0,0.9,12,5.1,184,1015.7,17.3,18.4,15.6,,,
2026-08-07T06:30:00Z,2026-09-12T23:23:23Z,320,5.0,7.0,,,,,1015.7,17.3,18.4,15.6,,,
2026-08-07T06:40:00Z,2026-09-12T23:23:23Z,310,5.0,6.0,,,,,1015.6,17.3,18.4,15.6,,,
2026-08-07T06:50:00Z,2026-09-12T23:23:23Z,310,5.0,6.0,0.9,9,5.1,309,1015.5,17.2,18.4,15.5,,,
2026-08-07T07:00:00Z,2026-09-12T23:23:23Z,300,4.0,5.0,,,,,1015.6,17.3,,15.5,,+0.7,
2026-08-07T07:10:00Z,2026-09-12T23:23:23Z,310,5.0,6.0,0.9,,5.2,313,1015.6,17.4,18.3,15.7,,,
2026-08-07T07:20:00Z,2026-09-12T23:23:23Z,320,5.0,6.0,0.9,9,5.2,313,1015.6,17.3,18.3,15.7,,,
2026-08-07T07:30:00Z,2026-09-12T23:23:23Z,320,4.0,5.0,,,,,1015.6,17.3,18.3,15.7,,,
2026-08-07T07:40:00Z,2026-09-12T23:23:23Z,310,4.0,5.0,,,,,1015.6,17.2,18.3,15.6,,,
2026-08-07T07:50:00Z,2026-09-12T23:23:23Z,310,4.0,6.0,0.9,13,5.3,173,1015.5,17.2,18.3,15.5,,,
2026-08-07T08:00:00Z,2026-09-12T23:23:23Z,300,4.0,6.0,,,,,1015.4,17.3,18.3,15.7,,+0.0,
2026-08-07T08:10:00Z,2026-09-12T23:23:23Z,300,5.0,6.0,0.8,,5.2,212,1015.3,17.2,18.3,15.6,,,
2026-08-07T08:20:00Z,2026-09-12T23:23:23Z,300,4.0,6.0,0.8,12,5.2,212,1015.3,17.2,18.3,15.5,,,
2026-08-07T08:30:00Z,2026-09-12T23:23:23Z,310,4.0,6.0,,,,,1015.3,17.2,18.3,15.5,,,
2026-08-07T08:40:00Z,2026-09-12T23:23:23Z,300,4.0,5.0,,,,,1015.4,17.2,18.3,15.5,,,
2026-08-07T08:50:00Z,2026-09-12T23:23:23Z,290,4.0,5.0,0.8,9,5.4,307,1015.3,17.2,18.3,15.6,,,
2026-08-07T09:00:00Z,2026-09-12T23:23:23Z,310,5.0,6.0,,,,,1015.4,17.2,18.3,15.5,,+0.0,
2026-08-07T09:10:00Z,2026-09-12T23:23:23Z,,,,0.9,,5.4,307,1015.3,,,,,,
2026-08-07T09:20:00Z,2026-09-12T23:23:23Z,300,4.0,5.0,0.9,9,5.4,307,1015.3,17.2,18.3,15.5,,,
2026-08-07T09:30:00Z,2026-09-12T23:23:23Z,310,5.0,6.0,,,,,1015.3,17.2,18.3,15.5,,,
2026-08-07T09:40:00Z,2026-09-12T23:23:23Z,310,5.0,6.0,,,,,1015.1,17.1,18.3,15.3,,,
2026-08-07T09:50:00Z,2026-09-12T23:23:23Z,310,4.0,6.0,0.8,9,5.4,309,1015.1,17.1,18.3,15.3,,,
2026-08-07T10:00:00Z,2026-09-12T23:23:23Z,320,5.0,6.0,,,,,1014.9,17.0,18.3,15.2,,-0.7,
2026-08-07T10:10:00Z,2026-09-12T23:23:23Z,310,4.0,6.0,0.9,,5.7,304,1014.9,17.1,18.3,15.4,,,
2026-08-07T10:20:00Z,2026-09-12T23:23:23Z,310,5.0,6.0,0.9,8,5.7,304,1014.7,17.1,18.3,15.5,,,
2026-08-07T10:30:00Z,2026-09-12T23:23:23Z,310,5.0,6.0,,,,,1014.7,17.2,18.3,15.5,,,
2026-08-07T10:40:00Z,2026-09-12T23:23:23Z,290,5.0,5.0,,,,,1014.7,17.2,18.3,15.6,,,
2026-08-07T10:50:00Z,2026-09-12T23:23:23Z,300,5.0,6.0,0.8,13,5.7,209,1014.6,17.2,18.3,15.6,,,
2026-08-07T11:00:00Z,2026-09-12T23:23:23Z,300,5.0,6.0,,,,,1014.6,17.1,18.3,15.5,,-0.7,
2026-08-07T11:10:00Z,2026-09-12T23:23:23Z,300,6.0,7.0,0.8,,5.6,185,1014.6,17.1,18.3,15.4,,,
2026-08-07T11:20:00Z,2026-09-12T23:23:23Z,290,5.0,7.0,0.8,12,5.6,185,1014.7,17.0,18.3,15.3,,,
2026-08-07T11:30:00Z,2026-09-12T23:23:23Z,310,5.0,7.0,,,,,1014.7,17.1,18.3,15.5,,,
2026-08-07T11:40:00Z,2026-09-12T23:23:23Z,300,6.0,7.0,,,,,1014.7,17.1,18.3,15.5,,,
2026-08-07T11:50:00Z,2026-09-12T23:23:23Z,300,5.0,6.0,0.8,9,5.3,308,1014.8,17.0,18.3,15.3,,,
2026-08-07T12:00:00Z,2026-09-12T23:23:23Z,290,5.0,7.0,,,,,1015.0,17.0,18.3,15.4,,-0.5,
2026-08-07T12:10:00Z,2026-09-12T23:23:23Z,310,5.0,6.0,0.8,,5.3,199,1014.9,17.1,18.4,15.5,,,
2026-08-07T12:20:00Z,2026-09-12T23:23:23Z,310,6.0,8.0,0.8,11,5.3,199,1015.0,16.9,18.4,15.3,,,
2026-08-07T12:30:00Z,2026-09-12T23:23:23Z,310,6.0,7.0,,,,,1015.0,16.8,18.5,15.2,,,
2026-08-07T12:40:00Z,2026-09-12T23:23:23Z,300,6.0,7.0,,,,,1014.9,16.8,18.7,15.3,,,
2026-08-07T12:50:00Z,2026-09-12T23:23:23Z,290,6.0,7.0,0.9,13,5.4,218,1015.0,16.9,18.7,15.4,,,
2026-08-07T13:00:00Z,2026-09-12T23:23:23Z,290,5.0,6.0,,,,,1015.0,17.0,18.8,15.5,,-0.0,
2026-08-07T13:10:00Z,2026-09-12T23:23:23Z,300,5.0,7.0,0.9,,5.3,316,1015.1,17.1,18.8,15.7,,,
2026-08-07T13:20:00Z,2026-09-12T23:23:23Z,300,6.0,7.0,0.9,9,5.3,316,1015.2,17.1,18.8,15.6,,,
2026-08-07T13:30:00Z,2026-09-12T23:23:23Z,300,6.0,7.0,,,,,1015.2,17.1,18.9,15.6,,,
2026-08-07T13:40:00Z,2026-09-12T23:23:23Z,300,5.0,7.0,,,,,1015.4,17.0,18.9,15.4,,,
2026-08-07T13:50:00Z,2026-09-12T23:23:23Z,310,5.0,7.0,0.9,8,5.6,313,1015.4,17.0,19.0,15.4,,,
2026-08-07T14:00:00Z,2026-09-12T23:23:23Z,310,6.0,7.0,,,,,1015.4,16.9,19.0,15.2,,+0.7,
2026-08-07T14:10:00Z,2026-09-12T23:23:23Z,310,6.0,7.0,0.8,,5.2,316,1015.4,17.0,19.0,15.3,,,
2026-08-07T14:20:00Z,2026-09-12T23:23:23Z,310,5.0,7.0,0.8,9,5.2,316,1015.6,17.1,19.0,15.4,,,
2026-08-07T14:30:00Z,2026-09-12T23:23:23Z,310,5.0,6.0,,,,,1015.8,17.1,19.1,15.4,,,
2026-08-07T14:40:00Z,2026-09-12T23:23:23Z,300,5.0,6.0,,,,,1016.1,17.1,19.1,15.4,,,
2026-08-07T14:50:00Z,2026-09-12T23:23:23Z,310,4.0,6.0,0.8,13,5.4,224,1016.1,17.2,19.1,15.5,,,
2026-08-07T15:00:00Z,2026-09-12T23:23:23Z,330,5.0,7.0,,,,,1016.3,17.2,19.2,15.5,,+1.4,
2026-08-07T15:10:00Z,2026-09-12T23:23:23Z,320,5.0,6.0,0.8,,5.4,301,1016.3,17.2,19.2,15.5,,,
2026-08-07T15:20:00Z,2026-09-12T23:23:23Z,320,5.0,7.0,0.8,8,5.4,301,1016.4,17.2,19.2,15.5,,,
2026-08-07T15:30:00Z,2026-09-12T23:23:23Z,320,6.0,7.0,,,,,1016.6,17.2,19.2,15.5,,,
2026-08-07T15:40:00Z,2026-09-12T23:23:23Z,310,5.0,6.0,,,,,1016.6,17.1,,15.3,,,
2026-08-07T15:50:00Z,2026-09-12T23:23:23Z,310,4.0,5.0,0.8,13,5.6,225,1016.6,17.2,19.2,15.3,,,
2026-08-07T16:00:00Z,2026-09-12T23:23:23Z,310,4.0,5.0,,,,,1016.6,17.3,19.2,15.4,,+1.7,
2026-08-07T16:10:00Z,2026-09-12T23:23:23Z,320,4.0,5.0,0.9,,5.4,357,1016.7,17.3,19.2,15.5,,,
2026-08-07T16:20:00Z,2026-09-12T23:23:23Z,320,4.0,6.0,0.9,13,5.4,357,1016.7,17.2,19.2,15.2,,,
2026-08-07T16:30:00Z,2026-09-12T23:23:23Z,310,4.0,5.0,,,,,1016.7,17.2,19.2,15.2,,,
2026-08-07T16:40:00Z,2026-09-12T23:23:23Z,,,,0.8,,6.0,213,1016.7,,19.2,,,,
2026-08-07T16:50:00Z,2026-09-12T23:23:23Z,310,4.0,5.0,0.8,12,6.0,213,1016.7,17.3,19.2,15.4,,,
2026-08-07T17:00:00Z,2026-09-12T23:23:23Z,,,,,,,,1016.7,,,,,+1.3,
2026-08-07T17:10:00Z,2026-09-12T23:23:23Z,300,5.0,6.0,0.8,,5.4,300,1016.6,17.3,19.3,15.5,,,
2026-08-07T17:20:00Z,2026-09-12T23:23:23Z,310,5.0,6.0,0.8,9,5.4,300,1016.6,17.3,19.3,15.4,,,
2026-08-07T17:30:00Z,2026-09-12T23:23:23Z,300,4.0,6.0,,,,,1016.7,17.2,19.3,15.2,,,
2026-08-07T17:40:00Z,2026-09-12T23:23:23Z,300,4.0,5.0,,,,,1016.7,17.2,19.3,15.2,,,
2026-08-07T17:50:00Z,2026-09-12T23:23:23Z,300,3.0,4.0,0.8,13,5.5,249,1016.8,17.3,19.3,15.4,,,
2026-08-07T18:00:00Z,2026-09-12T23:23:23Z,290,4.0,5.0,,,,,1016.8,17.4,19.3,15.6,,+0.5,
2026-08-07T18:10:00Z,2026-09-12T23:23:23Z,300,4.0,5.0,0.8,,5.5,216,1016.8,17.4,19.3,15.6,,,
2026-08-07T18:20:00Z,2026-09-12T23:23:23Z,310,4.0,5.0,0.8,12,5.5,216,1016.9,17.4,19.3,15.6,,,
2026-08-07T18:30:00Z,2026-09-12T23:23:23Z,300,5.0,6.0,,,,,1016.8,17.4,19.3,15.6,,,
2026-08-07T18:40:00Z,2026-09-12T23:23:23Z,310,4.0,5.0,,,,,1016.7,17.4,19.3,15.5,,,
2026-08-07T18:50:00Z,2026-09-12T23:23:23Z,,,,0.9,,5.8,311,1016.6,,,,,,
2026-08-07T19:00:00Z,2026-09-12T23:23:23Z,300,5.0,6.0,,,,,1016.5,17.4,,15.5,,+0.0,
2026-08-07T19:10:00Z,2026-09-12T23:23:23Z,310,5.0,6.0,0.8,,5.6,217,1016.6,17.4,19.3,15.5,,,
2026-08-07T19:20:00Z,2026-09-12T23:23:23Z,300,5.0,6.0,0.8,13,5.6,217,1016.7,17.4,19.3,15.5,,,
2026-08-07T19:30:00Z,2026-09-12T23:23:23Z,310,5.0,6.0,,,,,1016.4,17.5,19.3,15.6,,,
2026-08-07T19:40:00Z,2026-09-12T23:23:23Z,310,5.0,7.0,0.8,,5.7,316,1016.5,17.4,19.3,15.6,,,
2026-08-07T19:50:00Z,2026-09-12T23:23:23Z,310,5.0,7.0,0.8,9,5.7,316,1016.4,17.4,19.3,15.5,,,
2026-08-07T20:00:00Z,2026-09-12T23:23:23Z,310,5.0,7.0,,,,,1016.5,17.5,19.3,15.6,,+0.0,
2026-08-07T20:10:00Z,2026-09-12T23:23:23Z,310,5.0,6.0,0.8,,5.6,313,1016.4,17.5,19.3,15.6,,,
2026-08-07T20:20:00Z,2026-09-12T23:23:23Z,310,5.0,6.0,0.8,8,5.6,313,1016.3,17.5,19.3,15.6,,,
2026-08-07T20:30:00Z,2026-09-12T23:23:23Z,310,5.0,6.0,,,,,1016.3,17.5,19.3,15.6,,,
2026-08-07T20:40:00Z,2026-09-12T23:23:23Z,310,5.0,6.0,,,,,1016.2,17.5,19.3,15.6,,,
2026-08-07T20:50:00Z,2026-09-12T23:23:23Z,310,5.0,7.0,0.8,8,5.7,310,1016.2,17.5,19.3,15.5,,,
2026-08-07T21:00:00Z,2026-09-12T23:23:23Z,300,5.0,6.0,,,,,1016.1,17.5,19.3,15.5,,-0.7,
2026-08-07T21:10:00Z,2026-09-12T23:23:23Z,300,5.0,6.0,0.8,,5.7,308,1015.9,17.4,19.2,15.4,,,
2026-08-07T21:20:00Z,2026-09-12T23:23:23Z,310,5.0,6.0,0.8,8,5.7,308,1016.0,17.5,19.2,15.5,,,
2026-08-07T21:30:00Z,2026-09-12T23:23:23Z,290,5.0,6.0,,,,,1016.0,17.5,19.1,15.5,,,
2026-08-07T21:40:00Z,2026-09-12T23:23:23Z,300,5.0,5.0,0.8,,6.0,205,1015.9,17.5,19.1,15.5,,,
2026-08-07T21:50:00Z,2026-09-12T23:23:23Z,300,5.0,6.0,0.8,13,6.0,205,1015.8,17.5,19.1,15.5,,,
2026-08-07T22:00:00Z,2026-09-12T23:23:23Z,300,5.0,6.0,,,,,1015.8,17.5,19.1,15.6,,-0.7,
2026-08-07T22:10:00Z,2026-09-12T23:23:23Z,290,5.0,6.0,,,,,1015.6,17.5,19.1,15.5,,,
2026-08-07T22:20:00Z,2026-09-12T23:23:23Z,300,6.0,7.0,0.8,13,5.5,208,1015.5,17.5,19.1,15.6,,,
2026-08-07T22:30:00Z,2026-09-12T23:23:23Z,290,5.0,6.0,,,,,1015.4,17.4,19.1,15.4,,,
2026-08-07T22:40:00Z,2026-09-12T23:23:23Z,290,5.0,7.0,,,,,1015.4,17.5,19.1,15.5,,,
2026-08-07T22:50:00Z,2026-09-12T23:23:23Z,290,6.0,7.0,0.9,8,5.7,316,1015.3,17.5,19.1,15.5,,,
2026-08-07T23:00:00Z,2026-09-12T23:23:23Z,280,6.0,7.0,,,,,1015.2,17.6,19.2,15.6,,-1.2,
2026-08-07T23:10:00Z,2026-09-12T23:23:23Z,290,6.0,7.0,,,,,1015.2,17.6,19.2,15.7,,,
2026-08-07T23:20:00Z,2026-09-12T23:23:23Z,280,6.0,7.0,0.8,13,5.7,256,1015.2,17.6,19.1,15.7,,,
2026-08-07T23:30:00Z,2026-09-12T23:23:23Z,290,6.0,8.0,,,,,1015.0,17.6,18.9,15.7,,,
2026-08-07T23:40:00Z,2026-09-12T23:23:23Z,290,7.0,9.0,,,,,1014.9,17.6,18.8,15.7,,,
2026-08-07T23:50:00Z,2026-09-12T23:23:23Z,290,7.0,8.0,0.8,8,5.2,310,1015.0,17.7,18.7,15.9,,,
2026-08-08T00:00:00Z,2026-09-12T23:23:23Z,290,6.0,8.0,,,,,1015.0,17.7,18.7,15.9,,-1.3,
2026-08-08T00:10:00Z,2026-09-12T23:23:23Z,290,7.0,9.0,0.9,,5.3,319,1014.9,17.6,18.7,15.9,,,
2026-08-08T00:20:00Z,2026-09-12T23:23:23Z,290,7.0,8.0,0.9,8,5.3,319,1014.8,17.6,18.7,15.8,,,
2026-08-08T00:30:00Z,2026-09-12T23:23:23Z,300,7.0,9.0,,,,,1014.8,17.7,18.7,16.0,,,
2026-08-08T00:40:00Z,2026-09-12T23:23:23Z,290,8.0,9.0,0.9,,5.0,315,1014.8,17.6,18.6,15.9,,,
2026-08-08T00:50:00Z,2026-09-12T23:23:23Z,290,7.0,9.0,0.9,8,5.0,315,1014.6,17.6,18.6,15.8,,,
2026-08-08T01:00:00Z,2026-09-12T23:23:23Z,300,8.0,9.0,,,,,1014.6,17.6,18.6,15.8,,-1.3,
2026-08-08T01:10:00Z,2026-09-12T23:23:23Z,300,8.0,9.0,0.9,,4.9,234,1014.5,17.7,18.6,16.0,,,
2026-08-08T01:20:00Z,2026-09-12T23:23:23Z,300,7.0,9.0,0.9,17,4.9,234,1014.6,17.6,18.5,15.9,,,
2026-08-08T01:30:00Z,2026-09-12T23:23:23Z,300,7.0,9.0,,,,,1014.5,17.6,18.5,16.0,,,
2026-08-08T01:40:00Z,2026-09-12T23:23:23Z,300,7.0,8.0,0.9,,4.8,208,1014.5,17.6,18.5,16.1,,,
2026-08-08T01:50:00Z,2026-09-12T23:23:23Z,300,8.0,9.0,0.9,13,4.8,208,1014.4,17.6,18.5,16.1,,,
2026-08-08T02:00:00Z,2026-09-12T23:23:23Z,300,7.0,9.0,,,,,1014.3,17.6,18.5,16.1,,-1.0,
2026-08-08T02:10:00Z,2026-09-12T23:23:23Z,300,8.0,9.0,0.9,,4.9,344,1014.1,17.5,18.5,16.1,,,
2026-08-08T02:20:00Z,2026-09-12T23:23:23Z,300,7.0,9.0,0.9,17,4.9,344,1014.2,17.5,18.5,16.1,,,
2026-08-08T02:30:00Z,2026-09-12T23:23:23Z,300,7.0,9.0,,,,,1014.4,17.6,18.5,16.2,,,
2026-08-08T02:40:00Z,2026-09-12T23:23:23Z,300,7.0,9.0,1.0,,4.8,238,1014.5,17.6,18.5,16.2,,,
2026-08-08T02:50:00Z,2026-09-12T23:23:23Z,300,8.0,9.0,1.0,17,4.8,238,1014.5,17.5,18.5,16.1,,,
2026-08-08T03:00:00Z,2026-09-12T23:23:23Z,300,8.0,10.0,,,,,1014.5,17.5,18.5,16.1,,-0.6,
2026-08-08T03:10:00Z,2026-09-12T23:23:23Z,300,8.0,10.0,1.0,,4.6,274,1014.5,17.6,18.6,16.2,,,
2026-08-08T03:20:00Z,2026-09-12T23:23:23Z,300,7.0,9.0,1.0,17,4.6,274,1014.6,17.5,18.6,16.1,,,
2026-08-08T03:30:00Z,2026-09-12T23:23:23Z,310,7.0,9.0,,,,,1014.7,17.6,18.7,16.2,,,
2026-08-08T03:40:00Z,2026-09-12T23:23:23Z,300,7.0,9.0,,,,,1014.7,17.5,18.7,16.1,,,
2026-08-08T03:50:00Z,2026-09-12T23:23:23Z,300,8.0,9.0,1.0,17,4.7,100,1014.7,17.5,18.6,16.1,,,
2026-08-08T04:00:00Z,2026-09-12T23:23:23Z,300,8.0,9.0,,,,,1014.7,17.5,18.7,16.2,,-0.0,
2026-08-08T04:10:00Z,2026-09-12T23:23:23Z,300,7.0,9.0,1.0,,4.5,230,1014.9,17.5,18.7,16.1,,,
2026-08-08T04:20:00Z,2026-09-12T23:23:23Z,310,7.0,9.0,1.0,17,4.5,230,1015.0,17.4,18.6,16.1,,,
2026-08-08T04:30:00Z,2026-09-12T23:23:23Z,300,7.0,9.0,,,,,1015.2,17.4,18.6,16.1,,,
2026-08-08T04:40:00Z,2026-09-12T23:23:23Z,300,7.0,9.0,,,,,1015.2,17.5,,16.2,,,
2026-08-08T04:50:00Z,2026-09-12T23:23:23Z,310,8.0,9.0,1.0,17,4.6,314,1015.3,17.4,18.6,16.1,,,
2026-08-08T05:00:00Z,2026-09-12T23:23:23Z,310,7.0,9.0,,,,,1015.5,17.4,18.6,16.1,,+1.1,
2026-08-08T05:10:00Z,2026-09-12T23:23:23Z,310,7.0,8.0,1.0,,4.4,171,1015.6,17.4,18.5,16.1,,,
2026-08-08T05:20:00Z,2026-09-12T23:23:23Z,310,7.0,9.0,1.0,17,4.4,171,1015.6,17.3,18.5,15.9,,,
2026-08-08T05:30:00Z,2026-09-12T23:23:23Z,300,6.0,8.0,,,,,1015.7,17.4,18.5,16.1,,,
2026-08-08T05:40:00Z,2026-09-12T23:23:23Z,310,7.0,8.0,1.0,,4.6,194,1015.6,17.4,18.5,16.1,,,
2026-08-08T05:50:00Z,2026-09-12T23:23:23Z,310,7.0,8.0,1.0,17,4.6,194,1015.7,17.4,18.5,16.1,,,
2026-08-08T06:00:00Z,2026-09-12T23:23:23Z,320,7.0,8.0,,,,,1015.8,17.3,18.5,16.1,,+1.5,
2026-08-08T06:10:00Z,2026-09-12T23:23:23Z,320,7.0,8.0,1.0,,4.8,180,1015.8,17.2,18.5,16.0,,,
2026-08-08T06:20:00Z,2026-09-12T23:23:23Z,310,6.0,8.0,1.0,17,4.8,180,1015.8,17.3,18.5,16.1,,,
2026-08-08T06:30:00Z,2026-09-12T23:23:23Z,310,6.0,8.0,,,,,1015.8,17.3,18.5,16.1,,,
2026-08-08T06:40:00Z,2026-09-12T23:23:23Z,310,6.0,8.0,,,,,1015.8,17.2,18.5,16.0,,,
2026-08-08T06:50:00Z,2026-09-12T23:23:23Z,300,6.0,8.0,1.0,17,4.6,169,1015.9,17.1,18.5,15.8,,,
2026-08-08T07:00:00Z,2026-09-12T23:23:23Z,310,6.0,8.0,,,,,1016.0,17.2,18.4,15.9,,+1.2,
2026-08-08T07:10:00Z,2026-09-12T23:23:23Z,310,6.0,8.0,,,,,1016.0,17.2,18.4,15.9,,,
2026-08-08T07:20:00Z,2026-09-12T23:23:23Z,320,6.0,8.0,1.0,17,4.9,230,1015.9,17.1,18.4,15.8,,,
2026-08-08T07:30:00Z,2026-09-12T23:23:23Z,,,,,,,,1015.8,,18.3,,,,
2026-08-08T07:40:00Z,2026-09-12T23:23:23Z,300,6.0,8.0,,,,,1015.7,17.1,18.3,15.8,,,
2026-08-08T07:50:00Z,2026-09-12T23:23:23Z,300,6.0,8.0,1.0,17,4.7,153,1015.6,17.2,18.3,15.9,,,
2026-08-08T08:00:00Z,2026-09-12T23:23:23Z,300,6.0,8.0,,,,,1015.6,17.2,18.3,15.9,,+0.0,
2026-08-08T08:10:00Z,2026-09-12T23:23:23Z,300,6.0,8.0,1.0,,4.9,287,1015.5,17.0,18.3,15.7,,,
2026-08-08T08:20:00Z,2026-09-12T23:23:23Z,300,6.0,8.0,1.0,17,4.9,287,1015.3,17.1,18.3,15.9,,,
2026-08-08T08:30:00Z,2026-09-12T23:23:23Z,300,6.0,8.0,,,,,1015.1,17.0,18.3,15.8,,,
2026-08-08T08:40:00Z,2026-09-12T23:23:23Z,290,6.0,8.0,,,,,1015.1,16.9,18.3,15.6,,,
2026-08-08T08:50:00Z,2026-09-12T23:23:23Z,310,6.0,8.0,1.0,12,4.8,217,1015.1,17.0,18.4,15.7,,,
2026-08-08T09:00:00Z,2026-09-12T23:23:23Z,300,5.0,7.0,,,,,1015.2,16.9,18.4,15.6,,-0.6,
2026-08-08T09:10:00Z,2026-09-12T23:23:23Z,300,6.0,7.0,0.9,,4.9,221,1015.2,17.0,18.4,15.7,,,
2026-08-08T09:20:00Z,2026-09-12T23:23:23Z,300,6.0,8.0,0.9,17,4.9,221,1015.0,17.0,18.4,15.7,,,
2026-08-08T09:30:00Z,2026-09-12T23:23:23Z,310,6.0,7.0,,,,,1015.0,16.9,18.4,15.6,,,
2026-08-08T09:40:00Z,2026-09-12T23:23:23Z,300,5.0,7.0,,,,,1015.0,17.0,,15.7,,,
2026-08-08T09:50:00Z,2026-09-12T23:23:23Z,300,6.0,7.0,1.0,13,5.0,194,1015.0,17.0,18.4,15.7,,,
2026-08-08T10:00:00Z,2026-09-12T23:23:23Z,300,6.0,8.0,,,,,1015.0,16.9,18.4,15.6,,-1.1,
2026-08-08T10:10:00Z,2026-09-12T23:23:23Z,310,5.0,7.0,0.9,,4.9,210,1015.0,16.9,18.4,15.6,,,
2026-08-08T10:20:00Z,2026-09-12T23:23:23Z,310,5.0,6.0,0.9,17,4.9,210,1015.0,16.9,18.4,15.7,,,
2026-08-08T10:30:00Z,2026-09-12T23:23:23Z,300,5.0,7.0,,,,,1014.8,16.9,18.4,15.7,,,
2026-08-08T10:40:00Z,2026-09-12T23:23:23Z,300,6.0,7.0,,,,,1014.7,16.9,18.4,15.7,,,
2026-08-08T10:50:00Z,2026-09-12T23:23:23Z,300,6.0,8.0,1.0,17,5.1,263,1014.7,16.8,18.4,15.6,,,
2026-08-08T11:00:00Z,2026-09-12T23:23:23Z,300,6.0,7.0,,,,,1014.7,16.9,18.4,15.7,,-0.9,
2026-08-08T11:10:00Z,2026-09-12T23:23:23Z,300,6.0,8.0,1.0,,5.1,319,1014.5,17.0,18.4,15.8,,,
2026-08-08T11:20:00Z,2026-09-12T23:23:23Z,290,6.0,8.0,1.0,17,5.1,319,1014.5,17.1,18.4,15.9,,,
2026-08-08T11:30:00Z,2026-09-12T23:23:23Z,300,6.0,8.0,,,,,1014.6,16.9,18.4,15.7,,,
2026-08-08T11:40:00Z,2026-09-12T23:23:23Z,300,6.0,8.0,0.9,,4.7,243,1014.5,17.0,18.4,15.8,,,
2026-08-08T11:50:00Z,2026-09-12T23:23:23Z,300,7.0,8.0,0.9,17,4.7,243,1014.7,17.0,18.4,15.8,,,
2026-08-08T12:00:00Z,2026-09-12T23:23:23Z,300,7.0,9.0,,,,,1014.7,16.8,18.4,15.6,,-0.6,
2026-08-08T12:10:00Z,2026-09-12T23:23:23Z,290,6.0,8.0,0.9,,4.9,310,1014.5,16.8,18.4,15.5,,,
2026-08-08T12:20:00Z,2026-09-12T23:23:23Z,310,6.0,8.0,0.9,17,4.9,310,1014.5,17.0,18.4,15.7,,,
2026-08-08T12:30:00Z,2026-09-12T23:23:23Z,310,7.0,9.0,,,,,1014.5,16.9,18.4,15.6,,,
2026-08-08T12:40:00Z,2026-09-12T23:23:23Z,,,,0.9,,4.8,218,1014.7,,18.3,,,,
2026-08-08T12:50:00Z,2026-09-12T23:23:23Z,300,6.0,8.0,0.9,12,4.8,218,1014.7,16.9,18.3,15.5,,,
2026-08-08T13:00:00Z,2026-09-12T23:23:23Z,300,6.0,8.0,,,,,1014.7,17.0,,15.7,,-0.3,
2026-08-08T13:10:00Z,2026-09-12T23:23:23Z,300,6.0,8.0,1.0,,4.8,215,1014.7,16.9,18.2,15.6,,,
2026-08-08T13:20:00Z,2026-09-12T23:23:23Z,300,6.0,8.0,1.0,17,4.8,215,1014.8,16.9,18.2,15.6,,,
2026-08-08T13:30:00Z,2026-09-12T23:23:23Z,290,6.0,8.0,,,,,1015.0,17.0,18.2,15.6,,,
2026-08-08T13:40:00Z,2026-09-12T23:23:23Z,,,,1.1,,5.2,180,1014.9,,,,,,
2026-08-08T13:50:00Z,2026-09-12T23:23:23Z,300,7.0,8.0,1.1,17,5.2,180,1015.0,16.9,18.4,15.5,,,
2026-08-08T14:00:00Z,2026-09-12T23:23:23Z,310,6.0,7.0,,,,,1015.2,16.8,18.6,15.4,,+0.5,
2026-08-08T14:10:00Z,2026-09-12T23:23:23Z,310,6.0,7.0,,,,,1015.2,16.9,18.6,15.5,,,
2026-08-08T14:20:00Z,2026-09-12T23:23:23Z,320,5.0,7.0,1.1,17,5.1,219,1015.3,17.0,19.2,15.6,,,
2026-08-08T14:30:00Z,2026-09-12T23:23:23Z,310,6.0,8.0,,,,,1015.3,17.0,19.3,15.5,,,
2026-08-08T14:40:00Z,2026-09-12T23:23:23Z,310,6.0,7.0,1.0,,5.3,282,1015.4,17.1,19.4,15.6,,,
2026-08-08T14:50:00Z,2026-09-12T23:23:23Z,310,6.0,7.0,1.0,17,5.3,282,1015.4,17.0,19.4,15.4,,,
2026-08-08T15:00:00Z,2026-09-12T23:23:23Z,310,6.0,8.0,,,,,1015.3,17.1,19.4,15.6,,+0.8,
2026-08-08T15:10:00Z,2026-09-12T23:23:23Z,310,7.0,8.0,,,,,1015.3,17.1,19.4,15.6,,,
2026-08-08T15:20:00Z,2026-09-12T23:23:23Z,300,6.0,8.0,1.0,16,4.9,226,1015.5,17.1,19.4,15.6,,,
2026-08-08T15:30:00Z,2026-09-12T23:23:23Z,310,6.0,7.0,,,,,1015.5,17.2,19.4,15.7,,,
2026-08-08T15:40:00Z,2026-09-12T23:23:23Z,310,6.0,7.0,1.1,,5.2,272,1015.4,17.3,19.5,15.9,,,
2026-08-08T15:50:00Z,2026-09-12T23:23:23Z,310,6.0,8.0,1.1,17,5.2,272,1015.4,17.3,19.5,15.8,,,
2026-08-08T16:00:00Z,2026-09-12T23:23:23Z,300,6.0,8.0,,,,,1015.3,17.2,19.5,15.7,,+0.7,
2026-08-08T16:10:00Z,2026-09-12T23:23:23Z,310,6.0,8.0,1.1,,5.3,197,1015.3,17.2,19.5,15.7,,,
2026-08-08T16:20:00Z,2026-09-12T23:23:23Z,310,6.0,8.0,1.1,17,5.3,197,1015.2,17.3,19.5,15.8,,,
2026-08-08T16:30:00Z,2026-09-12T23:23:23Z,310,7.0,8.0,,,,,1015.2,17.3,19.5,15.9,,,
2026-08-08T16:40:00Z,2026-09-12T23:23:23Z,300,6.0,8.0,1.1,,5.5,128,1015.1,17.3,19.6,15.8,,,
2026-08-08T16:50:00Z,2026-09-12T23:23:23Z,310,6.0,8.0,1.1,17,5.5,128,1015.1,17.3,19.6,15.9,,,
2026-08-08T17:00:00Z,2026-09-12T23:23:23Z,300,6.0,8.0,,,,,1015.2,17.3,19.6,15.8,,+0.0,
2026-08-08T17:10:00Z,2026-09-12T23:23:23Z,300,6.0,8.0,,,,,1015.1,17.4,19.6,15.9,,,
2026-08-08T17:20:00Z,2026-09-12T23:23:23Z,300,7.0,8.0,1.1,17,5.6,158,1015.1,17.2,19.6,15.7,,,
2026-08-08T17:30:00Z,2026-09-12T23:23:23Z,310,6.0,8.0,,,,,1015.2,17.3,19.6,15.9,,,
2026-08-08T17:40:00Z,2026-09-12T23:23:23Z,300,7.0,8.0,,,,,1015.3,17.4,19.6,16.1,,,
2026-08-08T17:50:00Z,2026-09-12T23:23:23Z,310,7.0,8.0,1.1,16,5.3,250,1015.6,17.3,19.6,15.9,,,
2026-08-08T18:00:00Z,2026-09-12T23:23:23Z,310,6.0,8.0,,,,,1015.5,17.3,19.6,15.9,,-0.0,
2026-08-08T18:10:00Z,2026-09-12T23:23:23Z,300,7.0,8.0,1.1,,5.2,249,1015.3,17.4,19.6,16.0,,,
2026-08-08T18:20:00Z,2026-09-12T23:23:23Z,310,8.0,9.0,1.1,16,5.2,249,1015.2,17.4,19.6,16.0,,,
2026-08-08T18:30:00Z,2026-09-12T23:23:23Z,300,7.0,9.0,,,,,1015.3,17.4,19.6,16.0,,,
2026-08-08T18:40:00Z,2026-09-12T23:23:23Z,300,7.0,9.0,1.0,,5.0,103,1015.3,17.3,19.7,15.9,,,
2026-08-08T18:50:00Z,2026-09-12T23:23:23Z,,,,1.0,,5.0,103,1015.3,,19.7,,,,
2026-08-08T19:00:00Z,2026-09-12T23:23:23Z,310,7.0,8.0,,,,,1015.2,17.4,,15.9,,+0.0,
2026-08-08T19:10:00Z,2026-09-12T23:23:23Z,310,6.0,8.0,,,,,1015.3,17.4,19.7,15.9,,,
2026-08-08T19:20:00Z,2026-09-12T23:23:23Z,300,6.0,8.0,1.0,17,4.9,189,1015.1,17.3,19.6,15.8,,,
2026-08-08T19:30:00Z,2026-09-12T23:23:23Z,300,6.0,8.0,,,,,1015.0,17.4,19.6,16.0,,,
2026-08-08T19:40:00Z,2026-09-12T23:23:23Z,310,7.0,9.0,,,,,1014.9,17.4,19.6,16.0,,,
2026-08-08T19:50:00Z,2026-09-12T23:23:23Z,300,7.0,8.0,1.0,16,4.7,214,1014.7,17.4,19.7,15.9,,,
2026-08-08T20:00:00Z,2026-09-12T23:23:23Z,310,7.0,8.0,,,,,1014.6,17.4,19.7,15.9,,-0.6,
2026-08-08T20:10:00Z,2026-09-12T23:23:23Z,300,6.0,8.0,1.0,,4.8,194,1014.6,17.4,19.7,16.0,,,
2026-08-08T20:20:00Z,2026-09-12T23:23:23Z,310,7.0,8.0,1.0,16,4.8,194,1014.6,17.5,,16.1,,,
2026-08-08T20:30:00Z,2026-09-12T23:23:23Z,310,6.0,8.0,,,,,1014.7,17.4,19.7,15.9,,,
2026-08-08T20:40:00Z,2026-09-12T23:23:23Z,310,6.0,8.0,1.1,,5.0,280,1014.7,17.4,19.7,15.9,,,
2026-08-08T20:50:00Z,2026-09-12T23:23:23Z,300,6.0,8.0,1.1,16,5.0,280,1014.5,17.5,19.7,16.1,,,
2026-08-08T21:00:00Z,2026-09-12T23:23:23Z,300,7.0,8.0,,,,,1014.3,17.5,19.7,16.1,,-1.3,
2026-08-08T21:10:00Z,2026-09-12T23:23:23Z,300,7.0,9.0,1.1,,5.3,221,1014.1,17.5,19.7,16.1,,,
2026-08-08T21:20:00Z,2026-09-12T23:23:23Z,300,7.0,9.0,1.1,17,5.3,221,1014.1,17.5,19.7,16.1,,,
2026-08-08T21:30:00Z,2026-09-12T23:23:23Z,300,7.0,9.0,,,,,1013.8,17.6,19.7,16.3,,,
2026-08-08T21:40:00Z,2026-09-12T23:23:23Z,300,8.0,10.0,,,,,1013.7,17.6,19.7,16.2,,,
2026-08-08T21:50:00Z,2026-09-12T23:23:23Z,300,8.0,9.0,1.0,16,4.7,259,1013.6,17.6,19.7,16.2,,,
2026-08-08T22:00:00Z,2026-09-12T23:23:23Z,300,8.0,10.0,,,,,1013.4,17.6,19.7,16.2,,-1.8,
2026-08-08T22:10:00Z,2026-09-12T23:23:23Z,310,8.0,10.0,1.0,,4.8,213,1013.1,17.6,19.7,16.2,,,
2026-08-08T22:20:00Z,2026-09-12T23:23:23Z,300,8.0,10.0,1.0,16,4.8,213,1012.9,17.6,19.6,16.3,,,
2026-08-08T22:30:00Z,2026-09-12T23:23:23Z,300,9.0,11.0,,,,,1012.6,17.6,19.6,16.3,,,
2026-08-08T22:40:00Z,2026-09-12T23:23:23Z,310,9.0,11.0,1.1,,4.9,216,1012.6,17.7,19.7,16.5,,,
2026-08-08T22:50:00Z,2026-09-12T23:23:23Z,310,9.0,10.0,1.1,16,4.9,216,1012.6,17.6,19.7,16.3,,,
2026-08-08T23:00:00Z,2026-09-12T23:23:23Z,310,9.0,10.0,,,,,1012.5,17.7,19.7,16.4,,-2.1,
2026-08-08T23:10:00Z,2026-09-12T23:23:23Z,310,8.0,10.0,1.1,,4.6,209,1012.3,17.6,19.7,16.4,,,
2026-08-08T23:40:00Z,2026-09-12T23:23:23Z,310,8.0,10.0,1.1,,4.8,233,1012.4,17.6,19.5,16.4,,,
2026-08-08T23:50:00Z,2026-09-12T23:23:23Z,310,8.0,10.0,1.1,16,4.8,233,1012.4,17.6,19.5,16.4,,,
2026-08-09T00:00:00Z,2026-09-12T23:23:23Z,300,8.0,9.0,,,,,1012.4,17.6,19.5,16.4,,-1.8,
2026-08-09T00:10:00Z,2026-09-12T23:23:23Z,310,9.0,10.0,1.0,,4.4,146,1012.2,17.6,19.5,16.4,,,
2026-08-09T00:20:00Z,2026-09-12T23:23:23Z,310,9.0,10.0,1.0,17,4.4,146,1012.2,17.6,19.4,16.3,,,
2026-08-09T00:30:00Z,2026-09-12T23:23:23Z,310,8.0,10.0,,,,,1012.2,17.6,19.4,16.4,,,
2026-08-09T00:40:00Z,2026-09-12T23:23:23Z,310,8.0,10.0,,,,,1012.2,17.7,19.4,16.5,,,
2026-08-09T00:50:00Z,2026-09-12T23:23:23Z,310,8.0,10.0,1.2,16,5.2,202,1012.1,17.7,19.3,16.5,,,
2026-08-09T01:00:00Z,2026-09-12T23:23:23Z,310,8.0,10.0,,,,,1012.0,17.6,19.3,16.4,,-1.3,
2026-08-09T01:10:00Z,2026-09-12T23:23:23Z,310,9.0,11.0,,,,,1011.8,17.6,19.3,16.4,,,
2026-08-09T01:20:00Z,2026-09-12T23:23:23Z,310,9.0,11.0,1.1,16,4.7,182,1011.9,17.6,19.4,16.5,,,
2026-08-09T01:30:00Z,2026-09-12T23:23:23Z,300,9.0,10.0,,,,,1011.8,17.5,19.4,16.4,,,
2026-08-09T01:40:00Z,2026-09-12T23:23:23Z,300,8.0,10.0,1.2,,4.6,195,1011.8,17.5,19.4,16.4,,,
2026-08-09T01:50:00Z,2026-09-12T23:23:23Z,300,9.0,11.0,1.2,16,4.6,195,1012.6,17.5,19.4,16.4,,,
2026-08-09T02:00:00Z,2026-09-12T23:23:23Z,310,9.0,10.0,,,,,1011.6,17.5,19.4,16.4,,-0.9,
2026-08-09T02:10:00Z,2026-09-12T23:23:23Z,300,9.0,11.0,1.2,,4.8,172,1011.4,17.5,19.4,16.4,,,
2026-08-09T02:20:00Z,2026-09-12T23:23:23Z,300,9.0,11.0,1.2,16,4.8,172,1011.6,17.4,19.4,16.3,,,
2026-08-09T02:30:00Z,2026-09-12T23:23:23Z,300,8.0,10.0,,,,,1011.6,17.6,19.4,16.6,,,
2026-08-09T02:40:00Z,2026-09-12T23:23:23Z,310,8.0,10.0,1.3,,4.7,224,1011.7,17.5,19.4,16.5,,,
2026-08-09T02:50:00Z,2026-09-12T23:23:23Z,310,8.0,10.0,1.3,16,4.7,224,1011.8,17.4,19.4,16.4,,,
2026-08-09T03:00:00Z,2026-09-12T23:23:23Z,310,8.0,10.0,,,,,1011.9,17.5,19.3,16.4,,-0.6,
2026-08-09T03:10:00Z,2026-09-12T23:23:23Z,310,9.0,10.0,1.3,,4.8,137,1012.0,17.4,19.3,16.3,,,
2026-08-09T03:20:00Z,2026-09-12T23:23:23Z,310,9.0,10.0,1.3,16,4.8,137,1012.0,17.3,19.3,16.2,,,
2026-08-09T03:30:00Z,2026-09-12T23:23:23Z,300,8.0,10.0,,,,,1012.1,17.5,19.3,16.5,,,
2026-08-09T03:40:00Z,2026-09-12T23:23:23Z,300,8.0,10.0,1.3,,4.7,175,1012.2,17.5,19.3,16.5,,,
2026-08-09T03:50:00Z,2026-09-12T23:23:23Z,300,8.0,10.0,1.3,16,4.7,175,1012.2,17.4,,16.5,,,
2026-08-09T04:00:00Z,2026-09-12T23:23:23Z,310,8.0,9.0,,,,,1012.3,17.4,19.3,16.4,,-0.0,
2026-08-09T04:10:00Z,2026-09-12T23:23:23Z,310,8.0,9.0,1.4,,4.9,226,1012.4,17.4,19.3,16.4,,,
2026-08-09T04:20:00Z,2026-09-12T23:23:23Z,300,8.0,10.0,1.4,16,4.9,226,1012.5,17.4,19.3,16.4,,,
2026-08-09T04:30:00Z,2026-09-12T23:23:23Z,310,8.0,10.0,,,,,1012.5,17.4,19.3,16.4,,,
2026-08-09T04:40:00Z,2026-09-12T23:23:23Z,310,7.0,9.0,1.3,,5.0,182,1012.7,17.4,19.3,16.4,,,
2026-08-09T04:50:00Z,2026-09-12T23:23:23Z,310,7.0,9.0,1.3,16,5.0,182,1012.7,17.4,19.3,16.4,,,
2026-08-09T05:00:00Z,2026-09-12T23:23:23Z,310,7.0,9.0,,,,,1012.8,17.4,19.3,16.5,,+1.3,
2026-08-09T05:10:00Z,2026-09-12T23:23:23Z,300,8.0,10.0,1.3,,4.8,353,1012.8,17.3,19.3,16.4,,,
2026-08-09T05:20:00Z,2026-09-12T23:23:23Z,300,7.0,9.0,1.3,16,4.8,353,1013.0,17.2,19.3,16.3,,,
2026-08-09T05:30:00Z,2026-09-12T23:23:23Z,300,7.0,9.0,,,,,1012.8,17.3,19.3,16.4,,,
2026-08-09T05:40:00Z,2026-09-12T23:23:23Z,300,7.0,9.0,1.4,,5.0,178,1012.8,17.2,19.3,16.3,,,
2026-08-09T05:50:00Z,2026-09-12T23:23:23Z,300,7.0,9.0,1.4,16,5.0,178,1012.8,17.3,19.3,16.4,,,
2026-08-09T06:00:00Z,2026-09-12T23:23:23Z,310,7.0,9.0,,,,,1012.8,17.3,19.2,16.4,,+0.9,
2026-08-09T06:10:00Z,2026-09-12T23:23:23Z,300,8.0,9.0,1.4,,5.5,154,1012.7,17.2,19.2,16.4,,,
2026-08-09T06:20:00Z,2026-09-12T23:23:23Z,300,7.0,9.0,1.4,16,5.5,154,1012.8,17.0,19.2,16.2,,,
2026-08-09T06:30:00Z,2026-09-12T23:23:23Z,300,7.0,8.0,,,,,1012.8,17.2,,16.4,,,
2026-08-09T06:40:00Z,2026-09-12T23:23:23Z,,,,,,,,1012.7,,19.2,,,,
2026-08-09T06:50:00Z,2026-09-12T23:23:23Z,,,,1.3,,5.0,133,1012.6,,19.2,,,,
2026-08-09T07:00:00Z,2026-09-12T23:23:23Z,290,8.0,9.0,,,,,1012.6,16.9,19.2,16.2,,+0.3,
2026-08-09T07:10:00Z,2026-09-12T23:23:23Z,290,7.0,8.0,1.3,,5.1,159,1012.6,17.0,19.2,16.3,,,
2026-08-09T07:20:00Z,2026-09-12T23:23:23Z,290,7.0,9.0,1.3,16,5.1,159,1012.4,17.0,19.2,16.3,,,
2026-08-09T07:30:00Z,2026-09-12T23:23:23Z,290,8.0,9.0,,,,,1012.2,17.0,19.2,16.3,,,
2026-08-09T07:40:00Z,2026-09-12T23:23:23Z,,,,,,,,1012.2,,19.2,,,,
2026-08-09T07:50:00Z,2026-09-12T23:23:23Z,290,7.0,9.0,1.3,16,5.2,201,1012.2,16.9,19.2,16.2,,,
2026-08-09T08:00:00Z,2026-09-12T23:23:23Z,290,6.0,8.0,,,,,1012.4,17.1,19.2,16.3,,-0.5,
2026-08-09T08:10:00Z,2026-09-12T23:23:23Z,290,6.0,7.0,,,,,1012.4,17.0,19.3,16.2,,,
2026-08-09T08:20:00Z,2026-09-12T23:23:23Z,300,6.0,8.0,1.4,16,5.1,209,1012.3,17.1,19.2,16.2,,,
2026-08-09T08:30:00Z,2026-09-12T23:23:23Z,300,6.0,8.0,,,,,1012.3,17.1,19.2,16.3,,,
2026-08-09T08:40:00Z,2026-09-12T23:23:23Z,300,6.0,8.0,,,,,1012.3,17.1,19.2,16.3,,,
2026-08-09T08:50:00Z,2026-09-12T23:23:23Z,300,7.0,8.0,1.3,16,5.5,192,1012.2,16.9,19.2,16.0,,,
2026-08-09T09:00:00Z,2026-09-12T23:23:23Z,300,7.0,9.0,,,,,1012.1,17.0,19.2,16.1,,-0.7,
2026-08-09T09:10:00Z,2026-09-12T23:23:23Z,300,6.0,8.0,,,,,1012.2,17.0,19.2,16.1,,,
2026-08-09T09:20:00Z,2026-09-12T23:23:23Z,300,6.0,7.0,1.2,16,5.2,210,1012.3,17.0,19.2,16.1,,,
2026-08-09T09:30:00Z,2026-09-12T23:23:23Z,300,6.0,7.0,,,,,1012.1,17.0,19.2,16.2,,,
2026-08-09T09:40:00Z,2026-09-12T23:23:23Z,300,6.0,7.0,,,,,1012.2,17.1,19.2,16.3,,,
2026-08-09T09:50:00Z,2026-09-12T23:23:23Z,300,6.0,7.0,1.3,16,5.4,186,1012.0,16.9,19.2,16.1,,,
2026-08-09T10:00:00Z,2026-09-12T23:23:23Z,310,7.0,8.0,,,,,1011.9,16.8,19.2,16.0,,-0.7,
2026-08-09T10:10:00Z,2026-09-12T23:23:23Z,300,7.0,8.0,1.3,,5.5,186,1012.0,16.9,19.2,16.1,,,
2026-08-09T10:20:00Z,2026-09-12T23:23:23Z,300,7.0,8.0,1.3,16,5.5,186,1011.9,16.8,19.2,16.0,,,
2026-08-09T10:30:00Z,2026-09-12T23:23:23Z,310,7.0,9.0,,,,,1011.9,16.8,19.1,15.9,,,
2026-08-09T10:40:00Z,2026-09-12T23:23:23Z,310,6.0,7.0,1.2,,5.5,161,1011.7,16.9,19.1,16.0,,,
2026-08-09T10:50:00Z,2026-09-12T23:23:23Z,300,6.0,8.0,1.2,16,5.5,161,1011.5,17.0,19.1,16.1,,,
2026-08-09T11:00:00Z,2026-09-12T23:23:23Z,300,7.0,8.0,,,,,1011.6,16.8,19.1,15.9,,-0.9,
2026-08-09T11:10:00Z,2026-09-12T23:23:23Z,300,6.0,8.0,1.3,,5.6,190,1011.7,16.9,19.1,16.0,,,
2026-08-09T11:20:00Z,2026-09-12T23:23:23Z,290,6.0,8.0,1.3,16,5.6,190,1011.9,16.9,19.1,16.0,,,
2026-08-09T11:30:00Z,2026-09-12T23:23:23Z,290,6.0,7.0,,,,,1012.0,16.9,19.1,15.9,,,
2026-08-09T11:40:00Z,2026-09-12T23:23:23Z,310,6.0,7.0,1.2,,5.6,166,1011.7,16.7,19.1,15.7,,,
2026-08-09T11:50:00Z,2026-09-12T23:23:23Z,310,6.0,8.0,1.2,16,5.6,166,1011.7,16.9,19.1,15.9,,,
2026-08-09T12:00:00Z,2026-09-12T23:23:23Z,310,7.0,9.0,,,,,1011.7,16.8,19.1,15.7,,-0.4,
2026-08-09T12:10:00Z,2026-09-12T23:23:23Z,300,6.0,8.0,1.2,,5.6,248,1011.7,16.9,19.1,15.7,,,
2026-08-09T12:20:00Z,2026-09-12T23:23:23Z,310,6.0,8.0,1.2,16,5.6,248,1011.6,17.0,19.1,15.9,,,
2026-08-09T12:30:00Z,2026-09-12T23:23:23Z,310,6.0,7.0,,,,,1011.6,16.9,19.1,15.7,,,
2026-08-09T12:40:00Z,2026-09-12T23:23:23Z,300,5.0,7.0,1.2,,5.2,190,1011.7,17.0,19.1,15.9,,,
2026-08-09T12:50:00Z,2026-09-12T23:23:23Z,310,6.0,7.0,1.2,16,5.2,190,1011.8,17.0,,15.8,,,
2026-08-09T13:00:00Z,2026-09-12T23:23:23Z,310,6.0,7.0,,,,,1011.7,17.0,19.1,15.9,,-0.0,
2026-08-09T13:10:00Z,2026-09-12T23:23:23Z,300,6.0,7.0,1.2,,5.5,183,1012.0,16.9,19.1,15.7,,,
2026-08-09T13:20:00Z,2026-09-12T23:23:23Z,290,6.0,7.0,1.2,16,5.5,183,1012.0,16.9,19.1,15.7,,,
2026-08-09T13:30:00Z,2026-09-12T23:23:23Z,300,6.0,8.0,,,,,1011.8,17.0,19.1,15.9,,,
2026-08-09T13:40:00Z,2026-09-12T23:23:23Z,300,6.0,7.0,1.2,,5.4,186,1012.1,17.0,19.1,15.8,,,
2026-08-09T13:50:00Z,2026-09-12T23:23:23Z,300,6.0,7.0,1.2,16,5.4,186,1012.0,17.0,19.1,15.9,,,
2026-08-09T14:00:00Z,2026-09-12T23:23:23Z,300,6.0,8.0,,,,,1012.1,16.9,19.1,15.7,,+0.6,
2026-08-09T14:10:00Z,2026-09-12T23:23:23Z,290,6.0,8.0,1.2,,5.7,164,1012.3,17.0,19.1,15.8,,,
2026-08-09T14:20:00Z,2026-09-12T23:23:23Z,300,6.0,7.0,1.2,16,5.7,164,1012.5,17.0,19.1,15.8,,,
2026-08-09T14:30:00Z,2026-09-12T23:23:23Z,310,6.0,7.0,,,,,1012.4,17.0,19.1,15.8,,,
2026-08-09T14:40:00Z,2026-09-12T23:23:23Z,310,6.0,8.0,1.3,,5.8,198,1012.5,17.0,19.1,15.8,,,
2026-08-09T14:50:00Z,2026-09-12T23:23:23Z,310,6.0,7.0,1.3,16,5.8,198,1012.8,17.0,19.1,15.7,,,
2026-08-09T15:00:00Z,2026-09-12T23:23:23Z,290,6.0,8.0,,,,,1012.7,17.0,19.1,15.6,,+1.1,
2026-08-09T15:10:00Z,2026-09-12T23:23:23Z,300,6.0,7.0,1.3,,5.7,172,1012.8,17.0,19.1,15.7,,,
2026-08-09T15:20:00Z,2026-09-12T23:23:23Z,310,5.0,7.0,1.3,16,5.7,172,1012.8,17.0,19.1,15.7,,,
2026-08-09T15:30:00Z,2026-09-12T23:23:23Z,310,5.0,7.0,,,,,1012.8,17.1,19.1,15.8,,,
2026-08-09T15:40:00Z,2026-09-12T23:23:23Z,300,5.0,6.0,1.2,,5.6,148,1012.8,17.1,19.1,15.8,,,
2026-08-09T15:50:00Z,2026-09-12T23:23:23Z,310,5.0,6.0,1.2,16,5.6,148,1013.0,17.2,19.1,15.9,,,
2026-08-09T16:00:00Z,2026-09-12T23:23:23Z,300,5.0,7.0,,,,,1012.8,17.1,19.1,15.8,,+1.1,
2026-08-09T16:10:00Z,2026-09-12T23:23:23Z,310,5.0,7.0,1.2,,5.9,167,1012.8,17.1,19.1,15.8,,,
2026-08-09T16:20:00Z,2026-09-12T23:23:23Z,310,5.0,7.0,1.2,16,5.9,167,1013.1,17.1,19.2,15.7,,,
2026-08-09T16:30:00Z,2026-09-12T23:23:23Z,300,4.0,6.0,,,,,1013.1,17.1,19.2,15.7,,,
2026-08-09T16:40:00Z,2026-09-12T23:23:23Z,300,4.0,6.0,1.4,,6.5,186,1013.2,17.0,19.2,15.6,,,
2026-08-09T16:50:00Z,2026-09-12T23:23:23Z,290,4.0,5.0,1.4,16,6.5,186,1013.0,17.1,,15.7,,,
2026-08-09T17:00:00Z,2026-09-12T23:23:23Z,300,5.0,6.0,,,,,1012.9,17.2,19.2,15.9,,+0.8,
2026-08-09T17:10:00Z,2026-09-12T23:23:23Z,290,5.0,6.0,1.2,,6.0,205,1012.8,17.2,19.3,15.9,,,
2026-08-09T17:20:00Z,2026-09-12T23:23:23Z,290,6.0,7.0,1.2,16,6.0,205,1012.6,17.1,19.3,15.8,,,
2026-08-09T17:30:00Z,2026-09-12T23:23:23Z,290,6.0,8.0,,,,,1012.9,17.1,19.3,15.8,,,
2026-08-09T17:40:00Z,2026-09-12T23:23:23Z,290,5.0,6.0,,,,,1013.2,17.1,19.3,15.8,,,
2026-08-09T17:50:00Z,2026-09-12T23:23:23Z,290,5.0,6.0,1.3,16,5.9,186,1013.1,17.1,19.4,15.8,,,
2026-08-09T18:00:00Z,2026-09-12T23:23:23Z,290,4.0,6.0,,,,,1013.3,17.2,19.4,15.9,,+0.5,
2026-08-09T18:10:00Z,2026-09-12T23:23:23Z,290,4.0,6.0,1.3,,6.1,182,1013.3,17.3,19.4,15.9,,,
2026-08-09T18:20:00Z,2026-09-12T23:23:23Z,310,4.0,6.0,1.3,15,6.1,182,1013.2,17.1,19.4,15.7,,,
2026-08-09T18:30:00Z,2026-09-12T23:23:23Z,310,5.0,6.0,,,,,1012.9,17.2,,15.9,,,
2026-08-09T18:40:00Z,2026-09-12T23:23:23Z,,,,1.3,,6.1,206,1012.8,,,,,,
2026-08-09T18:50:00Z,2026-09-12T23:23:23Z,290,5.0,6.0,1.3,15,6.1,206,1012.7,17.1,,15.8,,,
2026-08-09T19:00:00Z,2026-09-12T23:23:23Z,300,5.0,7.0,,,,,1012.7,17.1,19.3,15.7,,+0.0,
2026-08-09T19:10:00Z,2026-09-12T23:23:23Z,,,,1.3,,6.3,202,1012.5,,19.3,,,,
2026-08-09T19:20:00Z,2026-09-12T23:23:23Z,310,5.0,6.0,1.3,15,6.3,202,1012.6,17.3,19.3,16.0,,,
2026-08-09T19:30:00Z,2026-09-12T23:23:23Z,300,5.0,6.0,,,,,1013.6,17.3,19.3,16.0,,,
2026-08-09T19:40:00Z,2026-09-12T23:23:23Z,300,5.0,6.0,,,,,1012.3,17.3,19.3,16.0,,,
2026-08-09T19:50:00Z,2026-09-12T23:23:23Z,300,5.0,6.0,1.2,16,6.2,239,1012.4,17.4,19.3,16.1,,,
2026-08-09T20:00:00Z,2026-09-12T23:23:23Z,310,6.0,7.0,,,,,1012.4,17.4,19.3,16.1,,-0.5,
2026-08-09T20:10:00Z,2026-09-12T23:23:23Z,300,6.0,7.0,1.3,,6.5,233,1012.4,17.3,19.3,16.0,,,
2026-08-09T20:20:00Z,2026-09-12T23:23:23Z,300,6.0,8.0,1.3,15,6.5,233,1012.2,17.3,19.3,16.0,,,
2026-08-09T20:30:00Z,2026-09-12T23:23:23Z,300,7.0,8.0,,,,,1012.2,17.3,19.3,16.0,,,
2026-08-09T20:40:00Z,2026-09-12T23:23:23Z,300,6.0,7.0,1.2,,6.3,175,1012.0,17.4,19.3,16.1,,,
2026-08-09T20:50:00Z,2026-09-12T23:23:23Z,300,6.0,8.0,1.2,15,6.3,175,1011.9,17.5,19.3,16.3,,,
2026-08-09T21:00:00Z,2026-09-12T23:23:23Z,290,7.0,8.0,,,,,1011.7,17.5,19.3,16.3,,-1.5,
2026-08-09T21:10:00Z,2026-09-12T23:23:23Z,300,7.0,9.0,1.2,,6.3,252,1011.4,17.4,19.3,16.2,,,
2026-08-09T21:20:00Z,2026-09-12T23:23:23Z,300,7.0,9.0,1.2,15,6.3,252,1011.4,17.4,19.3,16.2,,,
2026-08-09T21:30:00Z,2026-09-12T23:23:23Z,300,6.0,8.0,,,,,1011.7,17.4,19.3,16.2,,,
2026-08-09T21:40:00Z,2026-09-12T23:23:23Z,300,7.0,8.0,,,,,1011.3,17.4,19.2,16.2,,,
2026-08-09T21:50:00Z,2026-09-12T23:23:23Z,290,5.0,7.0,1.3,15,6.3,213,1011.7,17.5,19.2,16.2,,,
2026-08-09T22:00:00Z,2026-09-12T23:23:23Z,290,4.0,5.0,,,,,1011.7,17.5,19.2,16.2,,-1.0,
2026-08-09T22:10:00Z,2026-09-12T23:23:23Z,,,,1.1,,6.1,196,1011.5,,19.2,,,,
2026-08-09T22:20:00Z,2026-09-12T23:23:23Z,290,5.0,6.0,1.1,15,6.1,196,1011.4,17.5,19.2,16.2,,,
2026-08-09T22:30:00Z,2026-09-12T23:23:23Z,290,5.0,7.0,,,,,1011.1,17.5,19.2,16.2,,,
2026-08-09T22:40:00Z,2026-09-12T23:23:23Z,290,5.0,7.0,1.2,,6.7,177,1010.9,17.4,19.1,16.1,,,
2026-08-09T22:50:00Z,2026-09-12T23:23:23Z,290,5.0,7.0,1.2,15,6.7,177,1010.7,17.5,19.0,16.3,,,
2026-08-09T23:00:00Z,2026-09-12T23:23:23Z,290,5.0,6.0,,,,,1010.8,17.5,18.9,16.2,,-1.6,
2026-08-09T23:10:00Z,2026-09-12T23:23:23Z,290,5.0,6.0,1.1,,6.3,204,1010.7,17.5,18.9,16.2,,,
2026-08-09T23:40:00Z,2026-09-12T23:23:23Z,290,4.0,5.0,1.1,,6.2,222,1010.6,17.4,,16.1,,,
2026-08-09T23:50:00Z,2026-09-12T23:23:23Z,290,4.0,5.0,1.1,15,6.2,222,1010.6,17.4,18.8,16.2,,,
2026-08-10T00:00:00Z,2026-09-12T23:23:23Z,280,5.0,6.0,,,,,1010.5,17.4,18.7,16.2,,-1.2,
2026-08-10T00:10:00Z,2026-09-12T23:23:23Z,280,5.0,6.0,1.1,,6.4,189,1010.4,17.4,18.7,16.3,,,
2026-08-10T00:20:00Z,2026-09-12T23:23:23Z,280,4.0,6.0,1.1,15,6.4,189,1010.5,17.4,18.7,16.4,,,
2026-08-10T00:30:00Z,2026-09-12T23:23:23Z,280,5.0,6.0,,,,,1010.4,17.4,18.6,16.3,,,
2026-08-10T00:40:00Z,2026-09-12T23:23:23Z,280,4.0,6.0,,,,,1010.4,17.4,18.6,16.4,,,
2026-08-10T00:50:00Z,2026-09-12T23:23:23Z,280,5.0,6.0,1.1,14,6.3,193,1010.3,17.4,,16.4,,,
2026-08-10T01:00:00Z,2026-09-12T23:23:23Z,280,5.0,6.0,,,,,1010.3,17.5,18.6,16.6,,-1.4,
2026-08-10T01:10:00Z,2026-09-12T23:23:23Z,,,,,,,,1010.3,,,,,,
2026-08-10T01:20:00Z,2026-09-12T23:23:23Z,280,5.0,6.0,1.1,15,6.5,173,1010.3,17.3,18.5,16.4,,,
2026-08-10T01:30:00Z,2026-09-12T23:23:23Z,280,5.0,7.0,,,,,1010.4,17.3,18.5,16.5,,,
2026-08-10T01:40:00Z,2026-09-12T23:23:23Z,290,5.0,6.0,,,,,1010.5,17.4,18.6,16.6,,,
2026-08-10T01:50:00Z,2026-09-12T23:23:23Z,280,5.0,6.0,1.2,15,6.6,165,1010.4,17.4,18.7,16.6,,,
2026-08-10T02:00:00Z,2026-09-12T23:23:23Z,290,5.0,6.0,,,,,1010.4,17.4,18.7,16.6,,-0.4,
2026-08-10T02:10:00Z,2026-09-12T23:23:23Z,280,5.0,7.0,1.1,,6.3,228,1010.4,17.3,18.6,16.5,,,
2026-08-10T02:20:00Z,2026-09-12T23:23:23Z,280,5.0,6.0,1.1,15,6.3,228,1010.4,17.4,18.6,16.7,,,
2026-08-10T02:30:00Z,2026-09-12T23:23:23Z,270,5.0,7.0,,,,,1010.5,17.2,18.6,16.4,,,
2026-08-10T02:40:00Z,2026-09-12T23:23:23Z,280,5.0,6.0,1.2,,6.3,176,1010.6,17.3,18.6,16.6,,,
2026-08-10T02:50:00Z,2026-09-12T23:23:23Z,270,5.0,6.0,1.2,15,6.3,176,1010.9,17.4,18.6,16.7,,,
2026-08-10T03:00:00Z,2026-09-12T23:23:23Z,280,5.0,6.0,,,,,1011.0,17.3,18.7,16.6,,+0.4,
2026-08-10T03:10:00Z,2026-09-12T23:23:23Z,280,5.0,6.0,1.1,,5.9,212,1011.2,17.3,18.6,16.6,,,
2026-08-10T03:20:00Z,2026-09-12T23:23:23Z,280,5.0,7.0,1.1,15,5.9,212,1011.5,17.4,18.6,16.7,,,
2026-08-10T03:30:00Z,2026-09-12T23:23:23Z,280,5.0,6.0,,,,,1011.4,17.4,18.6,16.7,,,
2026-08-10T03:40:00Z,2026-09-12T23:23:23Z,270,5.0,6.0,1.2,,6.4,178,1011.7,17.4,18.6,16.7,,,
2026-08-10T03:50:00Z,2026-09-12T23:23:23Z,280,5.0,6.0,1.2,15,6.4,178,1011.8,17.4,18.7,16.7,,,
2026-08-10T04:00:00Z,2026-09-12T23:23:23Z,290,4.0,6.0,,,,,1012.0,17.4,18.6,16.7,,+1.6,
2026-08-10T04:10:00Z,2026-09-12T23:23:23Z,270,5.0,6.0,1.1,,6.0,205,1011.9,17.4,18.6,16.7,,,
2026-08-10T04:20:00Z,2026-09-12T23:23:23Z,270,5.0,7.0,1.1,15,6.0,205,1011.9,17.4,18.5,16.7,,,
2026-08-10T04:30:00Z,2026-09-12T23:23:23Z,260,5.0,6.0,,,,,1012.0,17.4,18.4,16.7,,,
2026-08-10T04:40:00Z,2026-09-12T23:23:23Z,260,5.0,6.0,,,,,1012.1,17.4,18.4,16.7,,,
2026-08-10T04:50:00Z,2026-09-12T23:23:23Z,280,5.0,6.0,1.2,15,6.2,190,1012.2,17.4,18.4,16.8,,,
2026-08-10T05:00:00Z,2026-09-12T23:23:23Z,280,5.0,7.0,,,,,1012.3,17.4,18.3,16.8,,+2.0,
2026-08-10T05:10:00Z,2026-09-12T23:23:23Z,270,5.0,6.0,1.1,,6.2,207,1012.5,17.4,18.4,16.7,,,
2026-08-10T05:20:00Z,2026-09-12T23:23:23Z,280,5.0,7.0,1.1,15,6.2,207,1012.6,17.3,18.5,16.6,,,
2026-08-10T05:30:00Z,2026-09-12T23:23:23Z,270,5.0,6.0,,,,,1012.7,17.3,18.5,16.7,,,
2026-08-10T05:40:00Z,2026-09-12T23:23:23Z,270,5.0,7.0,1.1,,6.1,214,1012.9,17.3,18.6,16.7,,,
2026-08-10T05:50:00Z,2026-09-12T23:23:23Z,280,4.0,5.0,1.1,15,6.1,214,1012.8,17.3,18.6,16.7,,,
2026-08-10T06:00:00Z,2026-09-12T23:23:23Z,270,5.0,6.0,,,,,1012.8,17.4,18.6,16.8,,+1.9,
2026-08-10T06:10:00Z,2026-09-12T23:23:23Z,270,4.0,6.0,1.1,,6.4,264,1013.0,17.2,18.7,16.6,,,
2026-08-10T06:20:00Z,2026-09-12T23:23:23Z,280,3.0,4.0,1.1,15,6.4,264,1013.0,17.2,18.7,16.6,,,
2026-08-10T06:30:00Z,2026-09-12T23:23:23Z,290,4.0,6.0,,,,,1012.9,17.3,18.7,16.7,,,
2026-08-10T06:40:00Z,2026-09-12T23:23:23Z,290,4.0,5.0,,,,,1012.6,17.4,18.7,16.8,,,
2026-08-10T06:50:00Z,2026-09-12T23:23:23Z,290,5.0,6.0,1.2,15,6.3,116,1012.5,17.4,18.7,16.8,,,
2026-08-10T07:00:00Z,2026-09-12T23:23:23Z,280,5.0,7.0,1.2,,6.3,162,1012.5,17.2,18.8,16.6,,+0.5,
2026-08-10T07:10:00Z,2026-09-12T23:23:23Z,290,4.0,6.0,,,,,1012.6,17.2,18.8,16.7,,,
2026-08-10T07:20:00Z,2026-09-12T23:23:23Z,270,4.0,5.0,1.2,15,6.3,162,1012.5,17.3,18.8,16.8,,,
2026-08-10T07:30:00Z,2026-09-12T23:23:23Z,290,3.0,5.0,,,,,1012.6,17.3,18.8,16.8,,,
2026-08-10T07:40:00Z,2026-09-12T23:23:23Z,270,4.0,5.0,,,,,1012.6,17.3,18.8,16.8,,,
2026-08-10T07:50:00Z,2026-09-12T23:23:23Z,300,3.0,5.0,1.2,15,6.6,197,1012.6,17.4,18.8,16.8,,,
2026-08-10T08:00:00Z,2026-09-12T23:23:23Z,310,4.0,5.0,,,,,1012.7,17.4,18.8,16.7,,+0.3,
2026-08-10T08:10:00Z,2026-09-12T23:23:23Z,,,,,,,,1012.6,,,,,,
2026-08-10T08:20:00Z,2026-09-12T23:23:23Z,290,4.0,5.0,1.1,15,6.9,176,1012.7,17.3,18.8,16.6,,,
2026-08-10T08:30:00Z,2026-09-12T23:23:23Z,270,3.0,4.0,,,,,1012.5,17.2,18.8,16.5,,,
2026-08-10T08:40:00Z,2026-09-12T23:23:23Z,280,2.0,3.0,1.0,,6.7,166,1012.7,17.2,18.8,16.6,,,
2026-08-10T08:50:00Z,2026-09-12T23:23:23Z,280,2.0,3.0,1.0,14,6.7,166,1012.5,17.2,18.8,16.6,,,
2026-08-10T09:00:00Z,2026-09-12T23:23:23Z,270,2.0,2.0,,,,,1012.4,17.2,18.7,16.5,,-0.4,
2026-08-10T09:10:00Z,2026-09-12T23:23:23Z,280,3.0,4.0,1.0,,6.9,160,1012.2,17.3,18.7,16.6,,,
2026-08-10T09:20:00Z,2026-09-12T23:23:23Z,290,4.0,4.0,1.0,15,6.9,160,1012.0,17.3,18.7,16.5,,,
2026-08-10T09:30:00Z,2026-09-12T23:23:23Z,300,4.0,5.0,,,,,1012.0,17.2,18.6,16.4,,,
2026-08-10T09:40:00Z,2026-09-12T23:23:23Z,290,4.0,6.0,,,,,1012.0,17.3,18.6,16.5,,,
2026-08-10T09:50:00Z,2026-09-12T23:23:23Z,290,4.0,5.0,1.0,15,6.8,173,1012.1,17.3,18.6,16.5,,,
2026-08-10T10:00:00Z,2026-09-12T23:23:23Z,300,3.0,3.0,,,,,1012.2,17.2,18.6,16.4,,+0.0,
2026-08-10T10:10:00Z,2026-09-12T23:23:23Z,350,2.0,3.0,1.0,,7.3,181,1012.5,17.2,18.6,16.4,,,
2026-08-10T10:20:00Z,2026-09-12T23:23:23Z,340,2.0,3.0,1.0,15,7.3,181,1012.4,17.2,18.6,16.4,,,
2026-08-10T10:30:00Z,2026-09-12T23:23:23Z,320,2.0,3.0,,,,,1012.3,17.2,18.6,16.4,,,
2026-08-10T10:40:00Z,2026-09-12T23:23:23Z,330,2.0,3.0,,,,,1012.3,17.1,18.6,16.3,,,
2026-08-10T10:50:00Z,2026-09-12T23:23:23Z,290,2.0,3.0,0.9,14,7.0,187,1012.2,17.2,18.6,16.4,,,
2026-08-10T11:00:00Z,2026-09-12T23:23:23Z,260,2.0,3.0,,,,,1012.1,17.2,18.6,16.4,,-0.5,
2026-08-10T11:10:00Z,2026-09-12T23:23:23Z,270,3.0,4.0,1.0,,7.4,176,1012.0,17.2,18.6,16.4,,,
2026-08-10T11:20:00Z,2026-09-12T23:23:23Z,270,3.0,4.0,1.0,15,7.4,176,1011.8,17.2,18.6,16.4,,,
2026-08-10T11:30:00Z,2026-09-12T23:23:23Z,290,4.0,5.0,,,,,1011.7,17.2,18.6,16.4,,,
2026-08-10T11:40:00Z,2026-09-12T23:23:23Z,280,3.0,4.0,1.0,,7.3,155,1011.7,17.2,18.5,16.4,,,
2026-08-10T11:50:00Z,2026-09-12T23:23:23Z,270,3.0,4.0,1.0,14,7.3,155,1011.7,17.1,18.5,16.3,,,
2026-08-10T12:00:00Z,2026-09-12T23:23:23Z,260,3.0,4.0,,,,,1011.8,17.0,18.5,16.2,,-0.6,
2026-08-10T12:10:00Z,2026-09-12T23:23:23Z,290,3.0,4.0,0.8,,7.2,213,1011.7,17.0,18.5,16.3,,,
2026-08-10T12:20:00Z,2026-09-12T23:23:23Z,270,3.0,4.0,0.8,15,7.2,213,1011.9,17.0,18.6,16.3,,,
2026-08-10T12:30:00Z,2026-09-12T23:23:23Z,250,1.0,3.0,,,,,1012.2,17.1,18.6,16.4,,,
2026-08-10T12:40:00Z,2026-09-12T23:23:23Z,260,2.0,3.0,1.0,,8.0,162,1012.2,17.1,18.6,16.3,,,
2026-08-10T12:50:00Z,2026-09-12T23:23:23Z,250,3.0,5.0,1.0,14,8.0,162,1012.1,17.1,18.6,16.3,,,
2026-08-10T13:00:00Z,2026-09-12T23:23:23Z,280,2.0,4.0,,,,,1012.4,17.1,18.6,16.1,,-0.0,
2026-08-10T13:10:00Z,2026-09-12T23:23:23Z,290,2.0,4.0,0.9,,7.6,165,1012.5,17.2,18.6,16.2,,,
2026-08-10T13:20:00Z,2026-09-12T23:23:23Z,280,3.0,4.0,0.9,14,7.6,165,1012.6,17.2,18.6,16.2,,,
2026-08-10T13:30:00Z,2026-09-12T23:23:23Z,280,3.0,4.0,,,,,1012.7,17.2,18.6,16.1,,,
2026-08-10T13:40:00Z,2026-09-12T23:23:23Z,290,3.0,4.0,1.0,,7.6,182,1012.7,17.2,18.6,16.2,,,
2026-08-10T13:50:00Z,2026-09-12T23:23:23Z,270,3.0,4.0,1.0,14,7.6,182,1012.8,17.2,18.6,16.2,,,
2026-08-10T14:00:00Z,2026-09-12T23:23:23Z,250,2.0,4.0,,,,,1013.1,17.2,18.7,16.2,,+0.9,
2026-08-10T14:10:00Z,2026-09-12T23:23:23Z,270,3.0,4.0,1.0,,7.6,173,1013.2,17.3,18.8,16.3,,,
2026-08-10T14:20:00Z,2026-09-12T23:23:23Z,250,3.0,5.0,1.0,14,7.6,173,1013.3,17.3,18.8,16.2,,,
2026-08-10T14:30:00Z,2026-09-12T23:23:23Z,230,3.0,5.0,,,,,1013.3,17.3,18.8,16.2,,,
2026-08-10T14:40:00Z,2026-09-12T23:23:23Z,240,4.0,5.0,,,,,1013.3,17.4,18.8,16.3,,,
2026-08-10T14:50:00Z,2026-09-12T23:23:23Z,250,3.0,4.0,1.0,14,7.7,181,1013.3,17.3,18.9,16.1,,,
2026-08-10T15:00:00Z,2026-09-12T23:23:23Z,260,3.0,4.0,,,,,1013.5,17.4,18.9,16.2,,+1.6,
2026-08-10T15:10:00Z,2026-09-12T23:23:23Z,260,3.0,4.0,1.1,,8.1,182,1013.6,17.5,18.9,16.3,,,
2026-08-10T15:20:00Z,2026-09-12T23:23:23Z,250,3.0,4.0,1.1,14,8.1,182,1013.7,17.4,18.9,16.2,,,
2026-08-10T15:30:00Z,2026-09-12T23:23:23Z,260,3.0,4.0,,,,,1013.7,17.3,18.9,16.1,,,
2026-08-10T15:40:00Z,2026-09-12T23:23:23Z,260,3.0,4.0,,,,,1013.6,17.3,18.9,16.2,,,
2026-08-10T15:50:00Z,2026-09-12T23:23:23Z,240,3.0,4.0,1.1,8,7.6,315,1013.8,17.4,18.8,16.3,,,
2026-08-10T16:00:00Z,2026-09-12T23:23:23Z,250,3.0,3.0,,,,,1013.9,17.5,18.8,16.3,,+1.5,
2026-08-10T16:10:00Z,2026-09-12T23:23:23Z,240,2.0,4.0,1.1,,7.8,173,1013.9,17.5,18.8,16.3,,,
2026-08-10T16:20:00Z,2026-09-12T23:23:23Z,230,2.0,3.0,1.1,15,7.8,173,1014.0,17.6,18.8,16.4,,,
2026-08-10T16:30:00Z,2026-09-12T23:23:23Z,240,3.0,4.0,,,,,1014.0,17.6,18.8,16.4,,,
2026-08-10T16:40:00Z,2026-09-12T23:23:23Z,,,,1.3,,8.4,182,1014.2,,18.8,,,,
2026-08-10T16:50:00Z,2026-09-12T23:23:23Z,270,2.0,3.0,1.3,14,8.4,182,1014.3,17.5,18.8,16.3,,,
2026-08-10T17:00:00Z,2026-09-12T23:23:23Z,250,2.0,3.0,,,,,1014.5,17.6,18.9,16.3,,+1.4,
2026-08-10T17:10:00Z,2026-09-12T23:23:23Z,230,2.0,3.0,1.2,,7.9,168,1014.6,17.6,18.8,16.3,,,
2026-08-10T17:20:00Z,2026-09-12T23:23:23Z,240,2.0,2.0,1.2,14,7.9,168,1014.6,17.7,18.8,16.4,,,
2026-08-10T17:30:00Z,2026-09-12T23:23:23Z,260,2.0,4.0,,,,,1014.5,17.8,18.9,16.5,,,
2026-08-10T17:40:00Z,2026-09-12T23:23:23Z,250,3.0,4.0,1.2,,7.9,311,1014.6,17.7,18.9,16.3,,,
2026-08-10T17:50:00Z,2026-09-12T23:23:23Z,250,3.0,4.0,1.2,9,7.9,311,1014.7,17.8,18.9,16.4,,,
2026-08-10T18:00:00Z,2026-09-12T23:23:23Z,250,2.0,3.0,,,,,1014.6,17.8,18.9,16.4,,+1.2,
2026-08-10T18:10:00Z,2026-09-12T23:23:23Z,250,2.0,3.0,1.3,,8.5,173,1014.7,17.8,18.9,16.4,,,
2026-08-10T18:20:00Z,2026-09-12T23:23:23Z,250,4.0,4.0,1.3,14,8.5,173,1014.7,17.9,18.9,16.6,,,
2026-08-10T18:30:00Z,2026-09-12T23:23:23Z,260,4.0,5.0,,,,,1014.5,17.9,18.9,16.5,,,
2026-08-10T18:40:00Z,2026-09-12T23:23:23Z,270,4.0,5.0,1.4,,8.8,314,1014.6,17.9,18.9,16.5,,,
2026-08-10T18:50:00Z,2026-09-12T23:23:23Z,,,,1.4,,8.8,314,1014.6,,18.8,,,,
2026-08-10T19:00:00Z,2026-09-12T23:23:23Z,260,3.0,4.0,,,,,1014.8,17.9,,16.6,,+0.8,
2026-08-10T19:10:00Z,2026-09-12T23:23:23Z,240,3.0,4.0,1.1,,8.4,181,1014.7,17.9,18.8,16.6,,,
2026-08-10T19:20:00Z,2026-09-12T23:23:23Z,250,3.0,4.0,1.1,14,8.4,181,1014.7,17.8,,16.5,,,
2026-08-10T19:30:00Z,2026-09-12T23:23:23Z,260,3.0,4.0,,,,,1014.6,17.8,18.8,16.4,,,
2026-08-10T19:40:00Z,2026-09-12T23:23:23Z,260,3.0,3.0,1.2,,8.5,184,1014.5,17.9,18.9,16.5,,,
2026-08-10T19:50:00Z,2026-09-12T23:23:23Z,260,3.0,4.0,1.2,14,8.5,184,1014.4,17.9,,16.5,,,
2026-08-10T20:00:00Z,2026-09-12T23:23:23Z,260,3.0,4.0,,,,,1014.5,18.0,18.9,16.6,,+0.0,
2026-08-10T20:10:00Z,2026-09-12T23:23:23Z,230,3.0,3.0,,,,,1014.5,18.0,18.9,16.6,,,
2026-08-10T20:20:00Z,2026-09-12T23:23:23Z,240,3.0,4.0,1.2,9,8.2,311,1014.3,18.1,18.8,16.7,,,
2026-08-10T20:30:00Z,2026-09-12T23:23:23Z,250,3.0,4.0,,,,,1014.3,18.1,18.9,16.7,,,
2026-08-10T20:40:00Z,2026-09-12T23:23:23Z,250,3.0,4.0,,,,,1014.4,18.0,19.0,16.6,,,
2026-08-10T20:50:00Z,2026-09-12T23:23:23Z,240,3.0,4.0,1.4,9,8.5,310,1014.3,18.0,18.9,16.5,,,
2026-08-10T21:00:00Z,2026-09-12T23:23:23Z,250,3.0,5.0,,,,,1014.2,18.1,19.2,16.7,,-0.5,
2026-08-10T21:10:00Z,2026-09-12T23:23:23Z,250,3.0,4.0,1.3,,8.5,316,1014.1,18.0,19.4,16.5,,,
2026-08-10T21:20:00Z,2026-09-12T23:23:23Z,260,3.0,4.0,1.3,9,8.5,316,1014.0,18.1,19.4,16.6,,,
2026-08-10T21:30:00Z,2026-09-12T23:23:23Z,260,3.0,5.0,,,,,1013.9,18.2,19.5,16.8,,,
2026-08-10T21:40:00Z,2026-09-12T23:23:23Z,260,3.0,5.0,,,,,1013.7,18.2,19.6,16.8,,,
2026-08-10T21:50:00Z,2026-09-12T23:23:23Z,260,4.0,5.0,1.3,10,8.6,315,1013.6,18.3,19.6,16.9,,,
2026-08-10T22:00:00Z,2026-09-12T23:23:23Z,260,4.0,5.0,,,,,1013.4,18.2,,16.8,,-1.4,
2026-08-10T22:10:00Z,2026-09-12T23:23:23Z,260,4.0,5.0,1.3,,8.8,308,1013.4,18.3,19.5,16.9,,,
2026-08-10T22:20:00Z,2026-09-12T23:23:23Z,260,4.0,5.0,1.3,10,8.8,308,1013.3,18.3,19.5,16.9,,,
2026-08-10T22:30:00Z,2026-09-12T23:23:23Z,260,4.0,6.0,,,,,1013.3,18.3,19.5,16.9,,,
2026-08-10T22:40:00Z,2026-09-12T23:23:23Z,250,4.0,6.0,1.2,,8.6,308,1013.2,18.3,19.6,16.9,,,
2026-08-10T22:50:00Z,2026-09-12T23:23:23Z,260,5.0,6.0,1.2,8,8.6,308,1013.0,18.3,19.5,16.9,,,
2026-08-10T23:00:00Z,2026-09-12T23:23:23Z,260,4.0,6.0,,,,,1013.1,18.2,19.5,16.8,,-1.4,
2026-08-10T23:10:00Z,2026-09-12T23:23:23Z,250,4.0,6.0,1.3,,8.7,319,1013.1,18.3,19.5,16.9,,,
2026-08-10T23:40:00Z,2026-09-12T23:23:23Z,250,3.0,5.0,1.3,,8.5,173,1013.2,18.3,19.5,17.0,,,
2026-08-10T23:50:00Z,2026-09-12T23:23:23Z,260,3.0,4.0,1.3,14,8.5,173,1013.2,18.3,19.5,17.0,,,
2026-08-11T00:00:00Z,2026-09-12T23:23:23Z,260,3.0,4.0,,,,,1013.2,18.3,19.6,17.0,,-1.0,
2026-08-11T00:10:00Z,2026-09-12T23:23:23Z,250,4.0,5.0,,,,,1013.2,18.4,19.5,17.2,,,
2026-08-11T00:20:00Z,2026-09-12T23:23:23Z,260,4.0,5.0,1.3,10,8.7,319,1013.2,18.2,19.5,16.9,,,
2026-08-11T00:30:00Z,2026-09-12T23:23:23Z,240,3.0,5.0,,,,,1013.2,18.2,19.4,16.9,,,
2026-08-11T00:40:00Z,2026-09-12T23:23:23Z,240,3.0,4.0,,,,,1013.0,18.2,19.4,16.9,,,
2026-08-11T00:50:00Z,2026-09-12T23:23:23Z,230,4.0,5.0,1.5,10,8.7,314,1012.8,18.2,19.4,17.0,,,
2026-08-11T01:00:00Z,2026-09-12T23:23:23Z,250,4.0,5.0,,,,,1012.6,18.3,19.3,17.1,,-0.7,
2026-08-11T01:10:00Z,2026-09-12T23:23:23Z,250,3.0,5.0,1.4,,8.6,162,1012.6,18.1,19.3,16.9,,,
2026-08-11T01:20:00Z,2026-09-12T23:23:23Z,270,4.0,5.0,1.4,14,8.6,162,1012.6,18.2,19.3,17.1,,,
2026-08-11T01:30:00Z,2026-09-12T23:23:23Z,260,4.0,6.0,,,,,1012.5,18.1,19.2,17.0,,,
2026-08-11T01:40:00Z,2026-09-12T23:23:23Z,260,4.0,6.0,,,,,1012.5,18.1,19.2,17.0,,,
2026-08-11T01:50:00Z,2026-09-12T23:23:23Z,250,4.0,6.0,1.4,9,8.3,316,1012.6,18.1,19.2,17.0,,,
2026-08-11T02:00:00Z,2026-09-12T23:23:23Z,260,5.0,6.0,,,,,1012.7,18.0,19.2,16.9,,-0.4,
2026-08-11T02:10:00Z,2026-09-12T23:23:23Z,270,4.0,5.0,1.5,,8.5,320,1012.7,18.1,19.2,17.0,,,
2026-08-11T02:20:00Z,2026-09-12T23:23:23Z,260,4.0,5.0,1.5,10,8.5,320,1012.7,18.0,19.2,17.0,,,
2026-08-11T02:30:00Z,2026-09-12T23:23:23Z,260,3.0,4.0,,,,,1013.0,18.0,19.2,17.0,,,
2026-08-11T02:40:00Z,2026-09-12T23:23:23Z,260,3.0,5.0,1.6,,8.3,319,1013.2,17.9,19.2,16.9,,,
2026-08-11T02:50:00Z,2026-09-12T23:23:23Z,240,3.0,4.0,1.6,10,8.3,319,1013.3,17.9,19.2,16.9,,,
2026-08-11T03:00:00Z,2026-09-12T23:23:23Z,220,2.0,4.0,,,,,1013.6,17.9,19.2,16.9,,+0.5,
2026-08-11T03:10:00Z,2026-09-12T23:23:23Z,220,2.0,3.0,1.5,,8.3,319,1013.6,17.9,19.3,16.9,,,
2026-08-11T03:20:00Z,2026-09-12T23:23:23Z,230,3.0,4.0,1.5,10,8.3,319,1013.7,18.0,19.3,17.0,,,
2026-08-11T03:30:00Z,2026-09-12T23:23:23Z,230,2.0,3.0,,,,,1013.7,17.9,19.3,16.9,,,
2026-08-11T03:40:00Z,2026-09-12T23:23:23Z,230,2.0,4.0,1.7,,8.3,317,1013.9,17.9,19.3,16.9,,,
2026-08-11T03:50:00Z,2026-09-12T23:23:23Z,230,3.0,4.0,1.7,10,8.3,317,1013.9,18.0,19.4,17.0,,,
2026-08-11T04:00:00Z,2026-09-12T23:23:23Z,240,3.0,5.0,,,,,1014.1,17.9,19.4,16.8,,+1.4,
2026-08-11T04:10:00Z,2026-09-12T23:23:23Z,,,,1.7,,8.2,316,1014.1,,19.4,,,,
2026-08-11T04:20:00Z,2026-09-12T23:23:23Z,260,4.0,5.0,1.7,9,8.2,316,1014.3,18.0,19.4,16.9,,,
2026-08-11T04:30:00Z,2026-09-12T23:23:23Z,250,3.0,4.0,,,,,1014.4,18.0,19.4,16.8,,,
2026-08-11T04:40:00Z,2026-09-12T23:23:23Z,250,3.0,4.0,1.6,,8.1,320,1014.5,18.1,19.3,16.9,,,
2026-08-11T04:50:00Z,2026-09-12T23:23:23Z,260,4.0,5.0,1.6,10,8.1,320,1014.5,18.0,19.2,16.8,,,
2026-08-11T05:00:00Z,2026-09-12T23:23:23Z,260,4.0,5.0,,,,,1014.7,18.0,19.2,16.8,,+2.0,
2026-08-11T05:10:00Z,2026-09-12T23:23:23Z,270,3.0,4.0,1.5,,7.7,318,1014.7,18.0,19.2,16.7,,,
2026-08-11T05:20:00Z,2026-09-12T23:23:23Z,270,4.0,5.0,1.5,9,7.7,318,1014.8,18.0,19.3,16.8,,,
2026-08-11T05:30:00Z,2026-09-12T23:23:23Z,260,3.0,5.0,,,,,1014.7,17.9,19.3,16.6,,,
2026-08-11T05:40:00Z,2026-09-12T23:23:23Z,260,4.0,5.0,1.5,,7.9,323,1014.7,18.1,19.2,16.8,,,
2026-08-11T05:50:00Z,2026-09-12T23:23:23Z,260,4.0,6.0,1.5,10,7.9,323,1014.8,17.9,19.2,16.5,,,
2026-08-11T06:00:00Z,2026-09-12T23:23:23Z,260,4.0,5.0,,,,,1014.9,17.9,,16.5,,+1.3,
2026-08-11T06:10:00Z,2026-09-12T23:23:23Z,250,4.0,6.0,1.5,,7.9,311,1014.8,17.9,19.3,16.5,,,
2026-08-11T06:20:00Z,2026-09-12T23:23:23Z,250,5.0,7.0,1.5,10,7.9,311,1014.7,17.9,,16.5,,,
2026-08-11T09:10:00Z,2026-09-12T23:23:23Z,260,3.0,5.0,,,,,1014.6,17.4,19.6,16.5,,,
2026-08-11T09:20:00Z,2026-09-12T23:23:23Z,260,4.0,5.0,1.3,9,7.8,318,1015.4,17.5,19.6,16.6,,,
2026-08-11T09:30:00Z,2026-09-12T23:23:23Z,260,4.0,6.0,,,,,1014.4,17.4,19.7,16.5,,,
2026-08-11T09:40:00Z,2026-09-12T23:23:23Z,270,5.0,6.0,1.3,,7.9,166,1014.3,17.3,19.7,16.4,,,
2026-08-11T09:50:00Z,2026-09-12T23:23:23Z,280,4.0,5.0,1.3,14,7.9,166,1014.2,17.4,19.8,16.6,,,
2026-08-11T10:00:00Z,2026-09-12T23:23:23Z,260,4.0,6.0,,,,,1014.2,17.3,19.8,16.5,,,
2026-08-11T10:10:00Z,2026-09-12T23:23:23Z,280,3.0,5.0,,,,,1014.3,17.2,19.8,16.6,,,
2026-08-11T10:20:00Z,2026-09-12T23:23:23Z,270,4.0,5.0,1.3,9,8.3,317,1014.4,17.2,19.8,16.7,,,
2026-08-11T10:30:00Z,2026-09-12T23:23:23Z,260,3.0,4.0,,,,,1014.3,17.1,19.8,16.8,,,
2026-08-11T10:40:00Z,2026-09-12T23:23:23Z,270,3.0,4.0,,,,,1014.4,17.1,19.8,16.8,,,
2026-08-11T10:50:00Z,2026-09-12T23:23:23Z,280,4.0,5.0,1.4,13,8.7,167,1014.3,17.1,19.8,16.8,,,
2026-08-11T11:00:00Z,2026-09-12T23:23:23Z,280,3.0,5.0,,,,,1014.4,17.0,19.8,16.7,,,
2026-08-11T11:10:00Z,2026-09-12T23:23:23Z,280,3.0,5.0,1.3,,8.2,149,1014.6,17.0,19.8,16.7,,,
2026-08-11T11:20:00Z,2026-09-12T23:23:23Z,280,3.0,5.0,1.3,13,8.2,149,1014.6,17.2,19.8,16.8,,,
2026-08-11T11:30:00Z,2026-09-12T23:23:23Z,270,4.0,5.0,,,,,1014.7,17.2,19.8,16.5,,,
2026-08-11T11:40:00Z,2026-09-12T23:23:23Z,280,4.0,5.0,1.3,,8.4,313,1014.6,17.2,19.8,16.3,,,
2026-08-11T11:50:00Z,2026-09-12T23:23:23Z,270,3.0,5.0,1.3,10,8.4,313,1014.6,17.3,19.9,16.2,,,
2026-08-11T12:00:00Z,2026-09-12T23:23:23Z,270,4.0,5.0,,,,,1014.5,17.4,19.9,16.2,,,
2026-08-11T12:10:00Z,2026-09-12T23:23:23Z,260,4.0,6.0,,,,,1014.6,17.3,19.9,16.0,,,
2026-08-11T12:20:00Z,2026-09-12T23:23:23Z,270,3.0,4.0,1.4,10,8.7,324,1014.5,17.3,19.9,16.2,,,
2026-08-11T12:30:00Z,2026-09-12T23:23:23Z,270,3.0,5.0,,,,,1014.5,17.3,19.9,16.3,,,
2026-08-11T12:40:00Z,2026-09-12T23:23:23Z,300,3.0,5.0,1.4,,8.5,187,1014.6,17.2,19.9,16.2,,,
2026-08-11T12:50:00Z,2026-09-12T23:23:23Z,290,3.0,6.0,1.4,13,8.5,187,1014.5,17.2,19.9,16.4,,,
2026-08-11T13:00:00Z,2026-09-12T23:23:23Z,290,3.0,5.0,,,,,1014.6,17.2,19.8,16.3,,+0.3,
2026-08-11T13:10:00Z,2026-09-12T23:23:23Z,310,4.0,5.0,1.5,,8.5,317,1014.6,17.3,19.8,16.3,,,
2026-08-11T13:20:00Z,2026-09-12T23:23:23Z,280,3.0,4.0,1.5,10,8.5,317,1014.7,17.4,19.8,16.3,,,
2026-08-11T13:30:00Z,2026-09-12T23:23:23Z,280,4.0,5.0,,,,,1014.9,17.3,19.8,16.2,,,
2026-08-11T13:40:00Z,2026-09-12T23:23:23Z,280,3.0,4.0,1.4,,8.1,316,1015.1,17.3,19.8,16.1,,,
2026-08-11T13:50:00Z,2026-09-12T23:23:23Z,280,3.0,4.0,1.4,10,8.1,316,1015.0,17.4,19.8,16.2,,,
2026-08-11T14:00:00Z,2026-09-12T23:23:23Z,310,3.0,5.0,,,,,1015.1,17.5,19.8,16.3,,+0.7,
2026-08-11T14:10:00Z,2026-09-12T23:23:23Z,280,2.0,3.0,1.4,,8.4,309,1015.0,17.3,19.8,16.0,,,
2026-08-11T14:20:00Z,2026-09-12T23:23:23Z,320,3.0,5.0,1.4,10,8.4,309,1015.0,17.5,19.8,16.2,,,
2026-08-11T14:30:00Z,2026-09-12T23:23:23Z,320,3.0,5.0,,,,,1015.0,17.4,19.8,16.1,,,
2026-08-11T14:40:00Z,2026-09-12T23:23:23Z,320,3.0,4.0,1.5,,8.1,319,1015.2,17.3,19.8,16.0,,,
2026-08-11T14:50:00Z,2026-09-12T23:23:23Z,280,3.0,4.0,1.5,9,8.1,319,1015.3,17.4,19.8,16.1,,,
2026-08-11T15:00:00Z,2026-09-12T23:23:23Z,280,3.0,4.0,,,,,1015.4,17.4,19.8,16.1,,+0.9,
2026-08-11T15:10:00Z,2026-09-12T23:23:23Z,280,3.0,5.0,1.4,,7.9,310,1015.7,17.3,19.8,16.1,,,
2026-08-11T15:20:00Z,2026-09-12T23:23:23Z,290,2.0,3.0,1.4,8,7.9,310,1015.8,17.3,19.8,16.1,,,
2026-08-11T15:30:00Z,2026-09-12T23:23:23Z,300,2.0,4.0,,,,,1015.8,17.3,19.8,16.0,,,
2026-08-11T15:40:00Z,2026-09-12T23:23:23Z,300,2.0,4.0,1.5,,8.2,180,1015.9,17.4,19.8,16.1,,,
2026-08-11T15:50:00Z,2026-09-12T23:23:23Z,270,2.0,3.0,1.5,13,8.2,180,1016.0,17.4,19.8,15.9,,,
2026-08-11T16:00:00Z,2026-09-12T23:23:23Z,290,2.0,3.0,,,,,1016.2,17.6,19.8,16.1,,+1.7,
2026-08-11T16:10:00Z,2026-09-12T23:23:23Z,300,2.0,3.0,1.4,,8.2,319,1016.3,17.5,19.8,15.9,,,
2026-08-11T16:20:00Z,2026-09-12T23:23:23Z,290,2.0,4.0,1.4,9,8.2,319,1016.3,17.6,19.8,15.9,,,
2026-08-11T16:30:00Z,2026-09-12T23:23:23Z,290,2.0,3.0,,,,,1016.4,17.7,19.8,16.0,,,
2026-08-11T16:40:00Z,2026-09-12T23:23:23Z,290,2.0,3.0,1.5,,8.3,319,1016.3,17.7,19.8,16.0,,,
2026-08-11T16:50:00Z,2026-09-12T23:23:23Z,280,3.0,4.0,1.5,9,8.3,319,1016.3,17.8,19.8,16.0,,,
2026-08-11T17:00:00Z,2026-09-12T23:23:23Z,250,3.0,4.0,,,,,1016.4,17.8,19.8,15.9,,+1.3,
2026-08-11T17:10:00Z,2026-09-12T23:23:23Z,270,2.0,3.0,1.6,,8.4,318,1016.3,17.8,19.8,15.9,,,
2026-08-11T17:20:00Z,2026-09-12T23:23:23Z,250,2.0,3.0,1.6,9,8.4,318,1016.3,17.8,19.8,15.8,,,
2026-08-11T17:30:00Z,2026-09-12T23:23:23Z,280,3.0,4.0,,,,,1016.3,17.8,19.8,15.9,,,
2026-08-11T17:40:00Z,2026-09-12T23:23:23Z,,,,1.5,,8.2,323,1016.3,,,,,,
2026-08-11T17:50:00Z,2026-09-12T23:23:23Z,290,2.0,4.0,1.5,9,8.2,323,1016.3,17.8,19.8,15.9,,,
2026-08-11T18:00:00Z,2026-09-12T23:23:23Z,290,2.0,3.0,,,,,1016.3,17.8,19.8,15.8,,+1.0,
2026-08-11T18:10:00Z,2026-09-12T23:23:23Z,280,2.0,3.0,1.4,,8.1,325,1016.3,17.9,19.8,15.9,,,
2026-08-11T18:20:00Z,2026-09-12T23:23:23Z,250,2.0,3.0,1.4,9,8.1,325,1016.3,17.9,19.8,15.9,,,
2026-08-11T18:30:00Z,2026-09-12T23:23:23Z,290,3.0,4.0,,,,,1016.3,18.0,19.9,16.1,,,
2026-08-11T18:40:00Z,2026-09-12T23:23:23Z,300,2.0,3.0,1.4,,8.1,327,1016.2,17.9,19.8,15.9,,,
2026-08-11T18:50:00Z,2026-09-12T23:23:23Z,290,2.0,3.0,1.4,10,8.1,327,1016.5,18.0,19.9,16.0,,,
2026-08-11T19:00:00Z,2026-09-12T23:23:23Z,300,2.0,3.0,,,,,1016.4,18.1,19.9,16.0,,+0.3,
2026-08-11T19:10:00Z,2026-09-12T23:23:23Z,310,2.0,3.0,1.5,,8.3,312,1016.4,18.0,19.9,15.9,,,
2026-08-11T19:20:00Z,2026-09-12T23:23:23Z,280,2.0,4.0,1.5,10,8.3,312,1016.3,18.0,19.9,16.0,,,
2026-08-11T19:30:00Z,2026-09-12T23:23:23Z,270,3.0,4.0,,,,,1016.3,18.0,19.9,16.0,,,
2026-08-11T19:40:00Z,2026-09-12T23:23:23Z,270,3.0,4.0,1.5,,8.3,317,1016.3,18.0,19.9,16.0,,,
2026-08-11T19:50:00Z,2026-09-12T23:23:23Z,260,3.0,4.0,1.5,10,8.3,317,1016.3,18.0,20.1,16.0,,,
2026-08-11T20:00:00Z,2026-09-12T23:23:23Z,280,3.0,4.0,,,,,1016.2,17.9,20.1,15.9,,+0.0,
2026-08-11T20:10:00Z,2026-09-12T23:23:23Z,270,2.0,4.0,1.4,,8.3,328,1016.4,18.0,20.0,16.0,,,
2026-08-11T20:20:00Z,2026-09-12T23:23:23Z,290,2.0,4.0,1.4,10,8.3,328,1016.4,18.0,,15.9,,,
2026-08-11T20:30:00Z,2026-09-12T23:23:23Z,290,3.0,4.0,,,,,1016.2,18.1,20.0,15.9,,,
2026-08-11T20:40:00Z,2026-09-12T23:23:23Z,280,4.0,5.0,,,,,1016.1,18.0,20.1,15.8,,,
2026-08-11T20:50:00Z,2026-09-12T23:23:23Z,280,4.0,5.0,1.4,9,8.7,327,1016.0,18.0,20.1,15.7,,,
2026-08-11T21:00:00Z,2026-09-12T23:23:23Z,270,3.0,4.0,,,,,1016.0,18.1,20.1,15.8,,-0.3,
2026-08-11T21:10:00Z,2026-09-12T23:23:23Z,,,,,,,,1015.9,,20.1,,,,
2026-08-11T21:20:00Z,2026-09-12T23:23:23Z,270,3.0,4.0,1.6,10,8.9,318,1015.9,18.1,,15.8,,,
2026-08-11T21:30:00Z,2026-09-12T23:23:23Z,270,3.0,4.0,,,,,1015.8,18.2,20.2,15.9,,,
2026-08-11T21:40:00Z,2026-09-12T23:23:23Z,280,4.0,5.0,1.5,,8.9,314,1015.6,18.1,20.1,15.9,,,
2026-08-11T21:50:00Z,2026-09-12T23:23:23Z,270,4.0,6.0,1.5,10,8.9,314,1015.2,18.1,20.2,15.9,,,
2026-08-11T22:00:00Z,2026-09-12T23:23:23Z,280,5.0,6.0,,,,,1015.4,18.2,20.1,16.1,,-1.1,
2026-08-11T22:10:00Z,2026-09-12T23:23:23Z,280,5.0,6.0,1.3,,8.3,317,1015.2,18.2,20.2,16.0,,,
2026-08-11T22:20:00Z,2026-09-12T23:23:23Z,270,4.0,5.0,1.3,10,8.3,317,1015.2,18.2,20.2,16.0,,,
2026-08-11T22:30:00Z,2026-09-12T23:23:23Z,290,4.0,5.0,,,,,1015.0,18.3,20.2,16.1,,,
2026-08-11T22:40:00Z,2026-09-12T23:23:23Z,290,4.0,6.0,1.5,,8.7,316,1015.1,18.3,20.1,16.2,,,
2026-08-11T22:50:00Z,2026-09-12T23:23:23Z,300,4.0,5.0,1.5,10,8.7,316,1014.9,18.3,20.1,16.2,,,
2026-08-11T23:00:00Z,2026-09-12T23:23:23Z,290,4.0,5.0,,,,,1014.7,18.3,20.2,16.1,,-1.5,
2026-08-11T23:10:00Z,2026-09-12T23:23:23Z,280,4.0,6.0,1.5,,8.6,312,1014.6,18.4,20.2,16.3,,,
2026-08-11T23:20:00Z,2026-09-12T23:23:23Z,290,5.0,6.0,1.5,10,8.6,312,1014.5,18.3,20.1,16.1,,,
2026-08-11T23:40:00Z,2026-09-12T23:23:23Z,280,5.0,6.0,1.3,,8.3,308,1014.4,18.3,20.1,16.2,,,
2026-08-11T23:50:00Z,2026-09-12T23:23:23Z,290,5.0,7.0,1.3,9,8.3,308,1014.3,18.3,20.1,16.2,,,
2026-08-12T00:00:00Z,2026-09-12T23:23:23Z,280,4.0,5.0,,,,,1014.3,18.3,20.1,16.2,,-1.7,
2026-08-12T00:10:00Z,2026-09-12T23:23:23Z,280,5.0,6.0,1.3,,8.4,315,1014.3,18.3,20.1,16.2,,,
2026-08-12T00:20:00Z,2026-09-12T23:23:23Z,280,5.0,6.0,1.3,10,8.4,315,1014.2,18.3,20.0,16.2,,,
2026-08-12T00:30:00Z,2026-09-12T23:23:23Z,270,4.0,6.0,,,,,1014.1,18.3,20.1,16.2,,,
2026-08-12T00:40:00Z,2026-09-12T23:23:23Z,,,,,,,,1014.0,,,,,,
2026-08-12T00:50:00Z,2026-09-12T23:23:23Z,280,5.0,6.0,1.4,10,8.5,323,1014.0,18.3,20.0,16.2,,,
2026-08-12T01:00:00Z,2026-09-12T23:23:23Z,280,5.0,6.0,,,,,1013.8,18.2,19.9,16.2,,-1.6,
2026-08-12T01:10:00Z,2026-09-12T23:23:23Z,290,5.0,7.0,1.5,,8.6,323,1013.5,18.3,19.8,16.4,,,
2026-08-12T01:20:00Z,2026-09-12T23:23:23Z,280,5.0,7.0,1.5,10,8.6,323,1013.4,18.2,19.8,16.3,,,
2026-08-12T01:30:00Z,2026-09-12T23:23:23Z,280,5.0,6.0,,,,,1013.3,18.1,19.8,16.2,,,
2026-08-12T01:40:00Z,2026-09-12T23:23:23Z,280,5.0,6.0,1.3,,8.3,323,1013.3,18.1,19.8,16.3,,,
2026-08-12T01:50:00Z,2026-09-12T23:23:23Z,280,5.0,7.0,1.3,9,8.3,323,1013.2,18.1,19.8,16.3,,,
2026-08-12T02:00:00Z,2026-09-12T23:23:23Z,280,5.0,7.0,,,,,1013.3,18.1,19.7,16.4,,-1.5,
2026-08-12T02:10:00Z,2026-09-12T23:23:23Z,280,6.0,7.0,1.3,,8.2,319,1013.4,18.0,19.7,16.3,,,
2026-08-12T02:20:00Z,2026-09-12T23:23:23Z,280,6.0,8.0,1.3,9,8.2,319,1013.5,18.1,19.7,16.3,,,
2026-08-12T02:30:00Z,2026-09-12T23:23:23Z,280,7.0,8.0,,,,,1013.6,18.0,19.7,16.3,,,
2026-08-12T02:40:00Z,2026-09-12T23:23:23Z,270,6.0,7.0,,,,,1013.5,17.9,19.7,16.3,,,
2026-08-12T02:50:00Z,2026-09-12T23:23:23Z,270,6.0,8.0,1.3,10,7.9,326,1013.5,18.0,19.7,16.4,,,
2026-08-12T03:00:00Z,2026-09-12T23:23:23Z,270,6.0,8.0,,,,,1013.5,18.0,19.7,16.3,,-0.8,
2026-08-12T03:10:00Z,2026-09-12T23:23:23Z,260,6.0,8.0,1.3,,7.4,330,1013.7,18.1,,16.5,,,
2026-08-12T03:20:00Z,2026-09-12T23:23:23Z,270,6.0,8.0,1.3,10,7.4,330,1013.8,18.0,19.5,16.4,,,
2026-08-12T03:30:00Z,2026-09-12T23:23:23Z,270,6.0,8.0,,,,,1014.0,18.0,19.5,16.4,,,
2026-08-12T03:40:00Z,2026-09-12T23:23:23Z,270,7.0,8.0,1.4,,7.1,320,1013.9,18.1,19.4,16.5,,,
2026-08-12T03:50:00Z,2026-09-12T23:23:23Z,270,6.0,8.0,1.4,10,7.1,320,1014.1,18.1,19.5,16.4,,,
2026-08-12T04:00:00Z,2026-09-12T23:23:23Z,270,6.0,7.0,,,,,1014.4,18.2,19.4,16.6,,+0.5,
2026-08-12T04:10:00Z,2026-09-12T23:23:23Z,260,6.0,8.0,,,,,1014.5,18.2,19.4,16.6,,,
2026-08-12T04:20:00Z,2026-09-12T23:23:23Z,260,7.0,9.0,1.5,9,7.3,329,1014.5,18.1,19.4,16.4,,,
2026-08-12T04:30:00Z,2026-09-12T23:23:23Z,280,7.0,9.0,,,,,1014.5,18.0,19.4,16.3,,,
2026-08-12T04:40:00Z,2026-09-12T23:23:23Z,280,6.0,8.0,1.6,,7.3,320,1014.6,18.0,19.4,16.4,,,
2026-08-12T04:50:00Z,2026-09-12T23:23:23Z,270,7.0,8.0,1.6,10,7.3,320,1014.7,18.1,19.4,16.4,,,
2026-08-12T05:00:00Z,2026-09-12T23:23:23Z,270,6.0,8.0,,,,,1014.8,18.1,19.4,16.4,,+1.4,
2026-08-12T05:10:00Z,2026-09-12T23:23:23Z,280,6.0,8.0,1.4,,7.0,321,1014.8,18.2,19.3,16.5,,,
2026-08-12T05:20:00Z,2026-09-12T23:23:23Z,280,6.0,8.0,1.4,10,7.0,321,1014.9,18.1,19.2,16.5,,,
2026-08-12T05:30:00Z,2026-09-12T23:23:23Z,290,7.0,9.0,,,,,1015.0,18.1,19.2,16.4,,,
2026-08-12T05:40:00Z,2026-09-12T23:23:23Z,280,6.0,7.0,,,,,1015.1,18.0,19.2,16.2,,,
2026-08-12T05:50:00Z,2026-09-12T23:23:23Z,270,6.0,7.0,1.4,9,6.8,322,1015.0,18.0,19.2,16.1,,,
2026-08-12T06:00:00Z,2026-09-12T23:23:23Z,280,5.0,7.0,,,,,1015.1,18.0,19.2,16.1,,+1.5,
2026-08-12T06:10:00Z,2026-09-12T23:23:23Z,280,5.0,7.0,1.5,,6.8,316,1015.0,18.0,19.2,16.1,,,
2026-08-12T06:20:00Z,2026-09-12T23:23:23Z,280,6.0,8.0,1.5,10,6.8,316,1015.0,17.9,19.2,15.9,,,
2026-08-12T06:30:00Z,2026-09-12T23:23:23Z,280,6.0,8.0,,,,,1015.1,17.9,19.2,16.0,,,
2026-08-12T06:40:00Z,2026-09-12T23:23:23Z,290,6.0,9.0,,,,,1015.1,17.9,19.2,16.0,,,
2026-08-12T06:50:00Z,2026-09-12T23:23:23Z,290,6.0,7.0,1.5,10,6.7,317,1015.0,17.9,19.2,16.0,,,
2026-08-12T07:00:00Z,2026-09-12T23:23:23Z,300,6.0,7.0,,,,,1015.0,17.8,19.2,16.0,,+0.6,
2026-08-12T07:10:00Z,2026-09-12T23:23:23Z,300,6.0,8.0,1.4,,6.7,322,1015.0,17.8,19.2,15.9,,,
2026-08-12T07:20:00Z,2026-09-12T23:23:23Z,300,5.0,6.0,1.4,9,6.7,322,1015.1,17.9,19.3,16.2,,,
2026-08-12T07:30:00Z,2026-09-12T23:23:23Z,290,5.0,6.0,,,,,1015.1,17.9,19.3,16.1,,,
2026-08-12T07:40:00Z,2026-09-12T23:23:23Z,,,,1.4,,6.6,329,1015.1,,19.3,,,,
2026-08-12T07:50:00Z,2026-09-12T23:23:23Z,280,5.0,6.0,1.4,10,6.6,329,1015.0,18.0,19.3,16.2,,,
2026-08-12T08:00:00Z,2026-09-12T23:23:23Z,290,5.0,7.0,,,,,1014.9,17.9,,16.0,,+0.0,
2026-08-12T08:10:00Z,2026-09-12T23:23:23Z,300,4.0,6.0,1.4,,6.5,317,1014.8,17.9,19.2,15.8,,,
2026-08-12T08:20:00Z,2026-09-12T23:23:23Z,290,5.0,6.0,1.4,9,6.5,317,1014.8,18.0,,15.8,,,
2026-08-12T08:30:00Z,2026-09-12T23:23:23Z,280,5.0,7.0,,,,,1014.8,17.9,19.2,15.7,,,
2026-08-12T08:40:00Z,2026-09-12T23:23:23Z,280,5.0,7.0,,,,,1014.8,17.9,19.2,15.6,,,
2026-08-12T08:50:00Z,2026-09-12T23:23:23Z,280,4.0,5.0,1.4,10,6.7,316,1014.7,17.9,19.2,15.7,,,
2026-08-12T09:00:00Z,2026-09-12T23:23:23Z,270,5.0,6.0,,,,,1014.7,17.8,19.2,15.5,,-0.4,
2026-08-12T09:10:00Z,2026-09-12T23:23:23Z,270,3.0,5.0,1.3,,6.6,268,1014.5,17.8,19.2,15.5,,,
2026-08-12T09:20:00Z,2026-09-12T23:23:23Z,270,4.0,5.0,1.3,14,6.6,268,1014.7,17.9,19.2,15.6,,,
2026-08-12T09:30:00Z,2026-09-12T23:23:23Z,290,4.0,5.0,,,,,1014.5,18.0,19.2,15.8,,,
2026-08-12T09:40:00Z,2026-09-12T23:23:23Z,290,5.0,6.0,1.3,,6.8,315,1014.6,17.9,19.2,15.8,,,
2026-08-12T09:50:00Z,2026-09-12T23:23:23Z,290,4.0,6.0,1.3,9,6.8,315,1014.4,17.9,19.2,15.7,,,
2026-08-12T10:00:00Z,2026-09-12T23:23:23Z,300,5.0,6.0,,,,,1014.2,17.9,19.1,15.7,,-0.8,
2026-08-12T10:10:00Z,2026-09-12T23:23:23Z,300,4.0,5.0,1.2,,6.9,306,1014.0,17.9,19.0,15.6,,,
2026-08-12T10:20:00Z,2026-09-12T23:23:23Z,310,4.0,6.0,1.2,9,6.9,306,1014.2,17.9,19.0,15.6,,,
2026-08-12T10:30:00Z,2026-09-12T23:23:23Z,280,4.0,6.0,,,,,1014.1,17.8,19.1,15.5,,,
2026-08-12T10:40:00Z,2026-09-12T23:23:23Z,290,4.0,5.0,1.3,,7.2,309,1014.1,17.9,19.2,15.7,,,
2026-08-12T10:50:00Z,2026-09-12T23:23:23Z,310,4.0,5.0,1.3,10,7.2,309,1013.8,17.8,19.2,15.7,,,
2026-08-12T11:00:00Z,2026-09-12T23:23:23Z,290,4.0,6.0,,,,,1013.9,17.8,19.1,15.7,,-0.9,
2026-08-12T11:10:00Z,2026-09-12T23:23:23Z,290,4.0,5.0,1.3,,7.4,313,1013.9,17.7,19.1,15.5,,,
2026-08-12T11:20:00Z,2026-09-12T23:23:23Z,300,4.0,6.0,1.3,10,7.4,313,1013.7,17.7,19.0,15.5,,,
2026-08-12T11:30:00Z,2026-09-12T23:23:23Z,310,4.0,6.0,,,,,1013.7,17.6,19.1,15.3,,,
2026-08-12T11:40:00Z,2026-09-12T23:23:23Z,300,4.0,6.0,1.3,,7.6,310,1013.8,17.6,19.1,15.3,,,
2026-08-12T11:50:00Z,2026-09-12T23:23:23Z,290,4.0,6.0,1.3,10,7.6,310,1013.8,17.6,19.2,15.4,,,
2026-08-12T12:00:00Z,2026-09-12T23:23:23Z,290,4.0,5.0,,,,,1013.7,17.7,19.2,15.5,,-0.9,
2026-08-12T12:10:00Z,2026-09-12T23:23:23Z,300,5.0,6.0,1.3,,7.6,320,1013.7,17.7,19.2,15.6,,,
2026-08-12T12:20:00Z,2026-09-12T23:23:23Z,300,3.0,6.0,1.3,9,7.6,320,1013.8,17.5,19.3,15.4,,,
2026-08-12T12:30:00Z,2026-09-12T23:23:23Z,290,3.0,5.0,,,,,1013.9,17.5,19.2,15.3,,,
2026-08-12T12:40:00Z,2026-09-12T23:23:23Z,270,2.0,4.0,,,,,1013.9,17.6,19.2,15.4,,,
2026-08-12T12:50:00Z,2026-09-12T23:23:23Z,310,3.0,4.0,1.3,10,7.8,311,1014.8,17.7,19.3,15.5,,,
2026-08-12T13:00:00Z,2026-09-12T23:23:23Z,,,,,,,,1014.6,,19.3,,,-0.5,
2026-08-12T13:10:00Z,2026-09-12T23:23:23Z,290,3.0,4.0,,,,,1013.6,17.7,19.3,15.5,,,
2026-08-12T13:20:00Z,2026-09-12T23:23:23Z,300,3.0,4.0,,,,,1013.7,17.7,19.3,15.5,,,
2026-08-12T13:30:00Z,2026-09-12T23:23:23Z,280,3.0,4.0,,,,,1013.9,17.8,19.3,15.6,,,
2026-08-12T13:40:00Z,2026-09-12T23:23:23Z,280,3.0,5.0,,,,,1013.9,17.6,19.3,15.2,,,
2026-08-12T13:50:00Z,2026-09-12T23:23:23Z,280,3.0,4.0,1.3,10,7.6,311,1014.0,17.7,19.3,15.3,,,
2026-08-12T14:00:00Z,2026-09-12T23:23:23Z,260,4.0,5.0,,,,,1014.2,17.8,19.3,15.5,,-0.0,
2026-08-12T14:10:00Z,2026-09-12T23:23:23Z,280,3.0,5.0,1.2,,7.5,320,1014.2,17.7,19.3,15.4,,,
2026-08-12T14:20:00Z,2026-09-12T23:23:23Z,290,2.0,4.0,1.2,9,7.5,320,1014.0,17.8,19.3,15.5,,,
2026-08-12T14:30:00Z,2026-09-12T23:23:23Z,300,3.0,5.0,,,,,1014.0,17.8,19.3,15.6,,,
2026-08-12T14:40:00Z,2026-09-12T23:23:23Z,300,3.0,5.0,,,,,1014.1,17.8,19.3,15.6,,,
2026-08-12T14:50:00Z,2026-09-12T23:23:23Z,310,3.0,4.0,1.4,10,7.9,319,1014.2,17.7,19.3,15.3,,,
2026-08-12T15:00:00Z,2026-09-12T23:23:23Z,300,2.0,3.0,,,,,1014.3,17.8,19.4,15.4,,+0.5,
2026-08-12T15:10:00Z,2026-09-12T23:23:23Z,320,3.0,4.0,1.5,,8.2,210,1014.3,17.8,19.4,15.4,,,
2026-08-12T15:20:00Z,2026-09-12T23:23:23Z,300,3.0,4.0,1.5,14,8.2,210,1014.3,17.8,19.4,15.4,,,
2026-08-12T15:30:00Z,2026-09-12T23:23:23Z,280,2.0,4.0,,,,,1014.4,17.7,19.4,15.2,,,
2026-08-12T15:40:00Z,2026-09-12T23:23:23Z,310,2.0,4.0,1.4,,7.7,313,1014.4,17.8,19.4,15.3,,,
2026-08-12T15:50:00Z,2026-09-12T23:23:23Z,310,2.0,4.0,1.4,10,7.7,313,1014.3,17.8,19.4,15.4,,,
2026-08-12T16:00:00Z,2026-09-12T23:23:23Z,290,2.0,3.0,,,,,1014.4,17.8,19.4,15.4,,+0.8,
2026-08-12T16:10:00Z,2026-09-12T23:23:23Z,300,2.0,3.0,1.3,,7.7,317,1014.4,17.8,19.4,15.3,,,
2026-08-12T16:20:00Z,2026-09-12T23:23:23Z,290,2.0,3.0,1.3,9,7.7,317,1014.4,17.9,19.4,15.3,,,
2026-08-12T16:30:00Z,2026-09-12T23:23:23Z,300,3.0,4.0,,,,,1014.4,17.8,19.4,15.1,,,
2026-08-12T16:40:00Z,2026-09-12T23:23:23Z,310,3.0,3.0,1.4,,7.8,311,1014.4,17.9,19.4,15.1,,,
2026-08-12T16:50:00Z,2026-09-12T23:23:23Z,280,2.0,3.0,1.4,9,7.8,311,1014.4,17.9,19.4,15.1,,,
2026-08-12T17:00:00Z,2026-09-12T23:23:23Z,290,1.0,2.0,,,,,1014.3,18.0,19.4,15.2,,+0.0,
2026-08-12T17:10:00Z,2026-09-12T23:23:23Z,280,2.0,3.0,1.4,,8.0,283,1014.3,18.1,19.4,15.2,,,
2026-08-12T17:20:00Z,2026-09-12T23:23:23Z,300,1.0,3.0,1.4,10,8.0,283,1014.1,18.0,19.4,15.2,,,
2026-08-12T17:30:00Z,2026-09-12T23:23:23Z,280,1.0,2.0,,,,,1014.1,18.0,19.4,15.2,,,
2026-08-12T17:40:00Z,2026-09-12T23:23:23Z,260,2.0,3.0,1.4,,8.2,307,1014.3,18.1,19.4,15.3,,,
2026-08-12T17:50:00Z,2026-09-12T23:23:23Z,260,2.0,3.0,1.4,9,8.2,307,1014.2,18.0,19.4,15.3,,,
2026-08-12T18:00:00Z,2026-09-12T23:23:23Z,260,3.0,4.0,,,,,1014.2,18.0,19.4,15.3,,+0.0,
2026-08-12T18:10:00Z,2026-09-12T23:23:23Z,250,3.0,4.0,,,,,1014.2,18.0,19.4,15.2,,,
2026-08-12T18:20:00Z,2026-09-12T23:23:23Z,260,3.0,4.0,,,,,1014.1,18.0,19.5,15.2,,,
2026-08-12T18:30:00Z,2026-09-12T23:23:23Z,270,2.0,4.0,,,,,1014.1,18.0,19.5,15.2,,,
2026-08-12T18:40:00Z,2026-09-12T23:23:23Z,260,3.0,4.0,,,,,1014.1,18.1,19.5,15.3,,,
2026-08-12T18:50:00Z,2026-09-12T23:23:23Z,260,2.0,4.0,1.3,9,7.7,318,1014.0,18.1,19.5,15.3,,,
2026-08-12T19:00:00Z,2026-09-12T23:23:23Z,260,2.0,5.0,,,,,1014.0,18.1,19.5,15.3,,-0.4,
2026-08-12T19:10:00Z,2026-09-12T23:23:23Z,270,2.0,4.0,,,,,1013.9,18.2,,15.5,,,
2026-08-12T19:20:00Z,2026-09-12T23:23:23Z,260,3.0,4.0,1.4,9,8.1,314,1013.9,18.2,19.5,15.5,,,
2026-08-12T19:30:00Z,2026-09-12T23:23:23Z,270,3.0,4.0,,,,,1013.8,18.2,19.6,15.6,,,
2026-08-12T19:40:00Z,2026-09-12T23:23:23Z,260,3.0,5.0,1.5,,8.1,316,1013.7,18.2,19.6,15.6,,,
2026-08-12T19:50:00Z,2026-09-12T23:23:23Z,260,4.0,5.0,1.5,9,8.1,316,1013.7,18.2,19.6,15.5,,,
2026-08-12T20:00:00Z,2026-09-12T23:23:23Z,260,3.0,5.0,1.4,,8.1,313,1013.7,18.2,19.6,15.4,,-0.6,
2026-08-12T20:10:00Z,2026-09-12T23:23:23Z,240,3.0,5.0,,,,,1013.4,18.2,19.6,15.4,,,
2026-08-12T20:20:00Z,2026-09-12T23:23:23Z,260,3.0,5.0,1.4,9,8.1,313,1013.3,18.1,19.7,15.3,,,
2026-08-12T20:30:00Z,2026-09-12T23:23:23Z,270,3.0,5.0,,,,,1013.4,18.1,19.7,15.3,,,
2026-08-12T20:40:00Z,2026-09-12T23:23:23Z,250,4.0,5.0,1.5,,8.3,310,1013.4,18.2,19.7,15.6,,,
2026-08-12T20:50:00Z,2026-09-12T23:23:23Z,240,4.0,5.0,1.5,9,8.3,310,1013.4,18.2,19.7,15.7,,,
2026-08-12T21:00:00Z,2026-09-12T23:23:23Z,250,4.0,5.0,,,,,1013.4,18.1,19.7,15.6,,-0.7,
2026-08-12T21:10:00Z,2026-09-12T23:23:23Z,260,4.0,6.0,1.4,,8.3,186,1013.2,18.1,19.7,15.7,,,
2026-08-12T21:20:00Z,2026-09-12T23:23:23Z,260,4.0,5.0,1.4,17,8.3,186,1013.3,18.1,19.7,15.6,,,
2026-08-12T21:30:00Z,2026-09-12T23:23:23Z,250,4.0,5.0,,,,,1013.2,18.1,19.8,15.7,,,
2026-08-12T21:40:00Z,2026-09-12T23:23:23Z,250,4.0,6.0,,,,,1013.1,18.1,19.8,16.0,,,
2026-08-12T21:50:00Z,2026-09-12T23:23:23Z,250,5.0,6.0,1.3,10,8.1,316,1012.9,18.0,19.7,16.1,,,
2026-08-12T22:00:00Z,2026-09-12T23:23:23Z,250,4.0,5.0,,,,,1012.8,18.0,19.8,16.0,,-1.2,
2026-08-12T22:10:00Z,2026-09-12T23:23:23Z,250,5.0,6.0,1.5,,8.4,319,1012.6,18.1,,16.1,,,
2026-08-12T22:20:00Z,2026-09-12T23:23:23Z,250,5.0,6.0,1.5,10,8.4,319,1012.6,18.0,19.7,16.0,,,
2026-08-12T22:30:00Z,2026-09-12T23:23:23Z,250,4.0,6.0,,,,,1012.5,18.0,19.7,16.0,,,
2026-08-12T22:40:00Z,2026-09-12T23:23:23Z,260,5.0,7.0,,,,,1012.3,18.1,19.7,16.0,,,
2026-08-12T22:50:00Z,2026-09-12T23:23:23Z,250,5.0,6.0,1.5,10,8.6,312,1012.2,18.1,19.7,16.1,,,
2026-08-12T23:00:00Z,2026-09-12T23:23:23Z,260,5.0,6.0,,,,,1012.2,18.1,19.7,16.4,,-1.5,
2026-08-12T23:10:00Z,2026-09-12T23:23:23Z,260,5.0,6.0,1.5,,8.3,306,1012.1,18.0,19.7,16.4,,,
2026-08-12T23:20:00Z,2026-09-12T23:23:23Z,260,5.0,7.0,1.5,9,8.3,306,1012.0,18.0,19.8,16.5,,,
2026-08-12T23:30:00Z,2026-09-12T23:23:23Z,260,6.0,7.0,,,,,1011.9,18.0,19.8,16.2,,,
2026-08-12T23:40:00Z,2026-09-12T23:23:23Z,270,6.0,7.0,,,,,1011.8,18.1,19.8,16.3,,,
2026-08-12T23:50:00Z,2026-09-12T23:23:23Z,270,6.0,7.0,1.3,10,7.7,305,1011.9,18.1,19.7,16.5,,,
2026-08-13T00:00:00Z,2026-09-12T23:23:23Z,260,5.0,7.0,,,,,1011.7,18.0,19.9,16.6,,-1.8,
2026-08-13T00:10:00Z,2026-09-12T23:23:23Z,270,6.0,8.0,1.4,,7.6,317,1011.6,18.0,19.8,17.0,,,
2026-08-13T00:20:00Z,2026-09-12T23:23:23Z,270,6.0,7.0,1.4,10,7.6,317,1011.5,17.7,19.8,17.2,,,
2026-08-13T00:30:00Z,2026-09-12T23:23:23Z,270,6.0,7.0,,,,,1011.5,17.5,19.8,17.2,,,
2026-08-13T00:40:00Z,2026-09-12T23:23:23Z,270,6.0,7.0,,,,,1011.5,17.5,19.8,17.1,,,
2026-08-13T00:50:00Z,2026-09-12T23:23:23Z,280,6.0,7.0,1.3,10,7.4,313,1011.5,17.5,19.7,16.9,,,
2026-08-13T01:00:00Z,2026-09-12T23:23:23Z,270,6.0,7.0,,,,,1011.5,17.6,19.7,16.8,,-1.4,
2026-08-13T01:10:00Z,2026-09-12T23:23:23Z,270,6.0,8.0,1.4,,7.6,314,1011.3,17.6,19.8,16.6,,,
2026-08-13T01:20:00Z,2026-09-12T23:23:23Z,260,6.0,7.0,1.4,10,7.6,314,1011.4,17.8,19.9,16.6,,,
2026-08-13T01:30:00Z,2026-09-12T23:23:23Z,270,6.0,8.0,,,,,1011.4,17.9,19.9,16.5,,,
2026-08-13T01:40:00Z,2026-09-12T23:23:23Z,280,7.0,8.0,1.3,,7.0,305,1011.3,17.9,19.8,16.6,,,
2026-08-13T01:50:00Z,2026-09-12T23:23:23Z,280,6.0,8.0,1.3,9,7.0,305,1011.5,17.8,19.8,16.6,,,
2026-08-13T02:00:00Z,2026-09-12T23:23:23Z,270,7.0,8.0,,,,,1011.4,17.9,19.8,16.9,,-0.9,
2026-08-13T02:10:00Z,2026-09-12T23:23:23Z,270,6.0,7.0,1.3,,7.1,320,1011.6,17.8,19.8,16.9,,,
2026-08-13T02:20:00Z,2026-09-12T23:23:23Z,260,6.0,7.0,1.3,10,7.1,320,1011.6,17.7,19.8,17.0,,,
2026-08-13T02:30:00Z,2026-09-12T23:23:23Z,260,5.0,6.0,,,,,1011.7,17.6,19.8,17.0,,,
2026-08-13T02:40:00Z,2026-09-12T23:23:23Z,270,4.0,6.0,1.4,,7.9,192,1011.7,17.5,19.8,16.9,,,
2026-08-13T02:50:00Z,2026-09-12T23:23:23Z,280,4.0,6.0,1.4,13,7.9,192,1011.9,17.6,19.8,17.0,,,
2026-08-13T03:00:00Z,2026-09-12T23:23:23Z,280,5.0,6.0,,,,,1012.1,17.6,19.8,17.1,,+0.4,
2026-08-13T03:10:00Z,2026-09-12T23:23:23Z,280,4.0,5.0,1.3,,7.1,311,1012.2,17.4,19.8,16.9,,,
2026-08-13T03:20:00Z,2026-09-12T23:23:23Z,270,4.0,4.0,1.3,10,7.1,311,1012.2,17.5,19.8,16.9,,,
2026-08-13T03:30:00Z,2026-09-12T23:23:23Z,280,4.0,6.0,,,,,1012.3,17.6,19.8,16.7,,,
2026-08-13T03:40:00Z,2026-09-12T23:23:23Z,280,5.0,6.0,1.5,,7.8,308,1012.4,17.8,19.8,16.5,,,
2026-08-13T03:50:00Z,2026-09-12T23:23:23Z,280,5.0,6.0,1.5,10,7.8,308,1012.6,17.9,19.8,16.4,,,
2026-08-13T04:00:00Z,2026-09-12T23:23:23Z,280,4.0,5.0,,,,,1012.8,17.8,19.8,16.6,,+1.3,
2026-08-13T04:10:00Z,2026-09-12T23:23:23Z,280,3.0,5.0,1.4,,7.5,319,1012.9,17.8,19.8,16.7,,,
2026-08-13T04:20:00Z,2026-09-12T23:23:23Z,280,4.0,6.0,1.4,9,7.5,319,1013.2,17.9,19.8,16.6,,,
2026-08-13T04:30:00Z,2026-09-12T23:23:23Z,270,5.0,5.0,,,,,1013.3,17.7,19.8,16.6,,,
2026-08-13T04:40:00Z,2026-09-12T23:23:23Z,280,4.0,5.0,1.5,,7.5,316,1013.3,17.6,19.8,16.7,,,
2026-08-13T04:50:00Z,2026-09-12T23:23:23Z,270,4.0,6.0,1.5,10,7.5,316,1013.3,17.5,19.8,16.6,,,
2026-08-13T05:00:00Z,2026-09-12T23:23:23Z,280,3.0,4.0,,,,,1013.3,17.3,19.7,16.4,,+1.9,
2026-08-13T05:10:00Z,2026-09-12T23:23:23Z,280,3.0,5.0,1.5,,7.7,310,1013.3,17.4,19.7,16.4,,,
2026-08-13T05:20:00Z,2026-09-12T23:23:23Z,280,2.0,3.0,1.5,9,7.7,310,1013.3,17.5,19.8,16.5,,,
2026-08-13T05:30:00Z,2026-09-12T23:23:23Z,280,2.0,3.0,,,,,1013.2,17.6,19.8,16.4,,,
2026-08-13T05:40:00Z,2026-09-12T23:23:23Z,280,2.0,4.0,1.4,,7.2,318,1013.4,17.7,19.8,16.4,,,
2026-08-13T05:50:00Z,2026-09-12T23:23:23Z,280,3.0,4.0,1.4,9,7.2,318,1013.4,17.8,19.8,16.5,,,
2026-08-13T06:00:00Z,2026-09-12T23:23:23Z,270,3.0,4.0,,,,,1013.2,17.8,19.8,16.5,,+1.2,
2026-08-13T06:10:00Z,2026-09-12T23:23:23Z,260,2.0,3.0,1.5,,7.4,312,1013.1,17.8,19.8,16.4,,,
2026-08-13T06:20:00Z,2026-09-12T23:23:23Z,250,2.0,3.0,1.5,10,7.4,312,1013.0,17.9,19.8,16.4,,,
2026-08-13T06:30:00Z,2026-09-12T23:23:23Z,250,2.0,3.0,,,,,1013.0,18.0,19.8,16.5,,,
2026-08-13T06:40:00Z,2026-09-12T23:23:23Z,260,2.0,3.0,,,,,1013.1,17.9,,16.1,,,
2026-08-13T06:50:00Z,2026-09-12T23:23:23Z,270,3.0,5.0,1.5,12,7.3,159,1013.2,18.1,19.7,15.6,,,
2026-08-13T07:00:00Z,2026-09-12T23:23:23Z,270,3.0,4.0,,,,,1013.0,18.3,19.7,15.4,,+0.3,
2026-08-13T07:10:00Z,2026-09-12T23:23:23Z,250,4.0,5.0,,,,,1013.1,18.3,19.7,15.0,,,
2026-08-13T07:20:00Z,2026-09-12T23:23:23Z,250,3.0,4.0,1.5,9,7.5,322,1013.1,18.3,19.7,14.9,,,
2026-08-13T07:30:00Z,2026-09-12T23:23:23Z,270,2.0,3.0,,,,,1013.1,18.3,19.7,14.9,,,
2026-08-13T07:40:00Z,2026-09-12T23:23:23Z,260,2.0,3.0,,,,,1013.0,18.3,19.7,14.9,,,
2026-08-13T07:50:00Z,2026-09-12T23:23:23Z,260,2.0,4.0,1.5,9,7.4,312,1013.0,18.3,19.7,15.0,,,
2026-08-13T08:00:00Z,2026-09-12T23:23:23Z,280,2.0,3.0,,,,,1012.9,18.3,19.7,15.1,,-0.3,
2026-08-13T08:10:00Z,2026-09-12T23:23:23Z,270,4.0,5.0,,,,,1012.8,18.3,19.7,15.5,,,
2026-08-13T08:20:00Z,2026-09-12T23:23:23Z,270,3.0,4.0,1.5,8,7.4,311,1012.8,18.1,19.7,15.4,,,
2026-08-13T08:30:00Z,2026-09-12T23:23:23Z,280,3.0,4.0,,,,,1012.9,18.1,19.7,15.5,,,
2026-08-13T08:40:00Z,2026-09-12T23:23:23Z,280,3.0,4.0,1.6,,7.8,309,1012.8,18.0,19.7,15.5,,,
2026-08-13T08:50:00Z,2026-09-12T23:23:23Z,280,4.0,5.0,1.6,10,7.8,309,1012.7,18.0,19.7,15.6,,,
2026-08-13T09:00:00Z,2026-09-12T23:23:23Z,270,4.0,5.0,,,,,1012.5,17.9,19.7,15.6,,-0.7,
2026-08-13T09:10:00Z,2026-09-12T23:23:23Z,270,4.0,5.0,1.6,,7.6,315,1012.6,17.8,19.7,15.5,,,
2026-08-13T09:20:00Z,2026-09-12T23:23:23Z,260,4.0,5.0,1.6,10,7.6,315,1012.6,17.8,19.7,15.5,,,
2026-08-13T09:30:00Z,2026-09-12T23:23:23Z,240,3.0,4.0,,,,,1012.5,17.8,19.7,15.9,,,
2026-08-13T09:40:00Z,2026-09-12T23:23:23Z,220,4.0,5.0,1.5,,7.8,315,1012.6,17.7,19.7,16.1,,,
2026-08-13T09:50:00Z,2026-09-12T23:23:23Z,220,4.0,5.0,1.5,10,7.8,315,1012.5,17.6,19.7,16.4,,,
2026-08-13T10:00:00Z,2026-09-12T23:23:23Z,220,4.0,5.0,,,,,1012.3,17.5,19.7,16.4,,-0.7,
2026-08-13T10:10:00Z,2026-09-12T23:23:23Z,230,3.0,4.0,1.4,,7.7,302,1012.3,17.4,19.7,16.3,,,
2026-08-13T10:20:00Z,2026-09-12T23:23:23Z,270,2.0,3.0,1.4,10,7.7,302,1012.1,17.4,19.7,16.1,,,
2026-08-13T10:30:00Z,2026-09-12T23:23:23Z,310,2.0,3.0,,,,,1012.0,17.4,19.7,15.8,,,
2026-08-13T10:40:00Z,2026-09-12T23:23:23Z,290,2.0,2.0,1.4,,7.8,278,1012.0,17.4,19.7,15.5,,,
2026-08-13T10:50:00Z,2026-09-12T23:23:23Z,300,2.0,3.0,1.4,10,7.8,278,1012.2,17.5,19.7,15.6,,,
2026-08-13T11:00:00Z,2026-09-12T23:23:23Z,280,2.0,2.0,,,,,1012.2,17.6,19.7,15.7,,-0.7,
2026-08-13T11:10:00Z,2026-09-12T23:23:23Z,280,2.0,2.0,1.4,,8.0,309,1012.5,17.6,19.7,15.6,,,
2026-08-13T11:20:00Z,2026-09-12T23:23:23Z,260,2.0,4.0,1.4,10,8.0,309,1012.3,17.6,19.7,15.7,,,
2026-08-13T11:30:00Z,2026-09-12T23:23:23Z,290,2.0,3.0,,,,,1012.4,17.5,19.8,15.6,,,
2026-08-13T11:40:00Z,2026-09-12T23:23:23Z,260,1.0,2.0,,,,,1012.4,17.5,19.8,15.7,,,
2026-08-13T11:50:00Z,2026-09-12T23:23:23Z,240,2.0,3.0,1.4,9,7.9,313,1012.3,17.7,19.8,15.9,,,
2026-08-13T12:00:00Z,2026-09-12T23:23:23Z,240,3.0,3.0,,,,,1012.1,17.6,19.7,15.9,,-0.4,
2026-08-13T12:10:00Z,2026-09-12T23:23:23Z,250,3.0,3.0,1.3,,8.2,183,1012.2,17.5,19.7,15.9,,,
2026-08-13T12:20:00Z,2026-09-12T23:23:23Z,250,2.0,3.0,1.3,13,8.2,183,1012.3,17.4,19.7,15.8,,,
2026-08-13T12:30:00Z,2026-09-12T23:23:23Z,260,2.0,3.0,,,,,1012.1,17.5,19.7,15.7,,,
2026-08-13T12:40:00Z,2026-09-12T23:23:23Z,,,,1.3,13,,,,,,,,,
2026-08-13T12:50:00Z,2026-09-12T23:23:23Z,240,2.0,3.0,1.3,,8.3,179,1012.2,17.7,19.7,15.7,,,
2026-08-13T13:00:00Z,2026-09-12T23:23:23Z,240,2.0,3.0,,,,,1012.3,17.7,19.7,15.8,,+0.0,
2026-08-13T13:10:00Z,2026-09-12T23:23:23Z,220,3.0,5.0,1.3,,8.2,220,1012.7,17.7,19.7,16.0,,,
2026-08-13T13:20:00Z,2026-09-12T23:23:23Z,230,5.0,6.0,1.3,16,8.2,220,1012.6,17.6,19.7,16.5,,,
2026-08-13T13:30:00Z,2026-09-12T23:23:23Z,230,4.0,5.0,,,,,1012.5,17.3,19.7,16.5,,,
2026-08-13T13:40:00Z,2026-09-12T23:23:23Z,230,4.0,5.0,,,,,1012.8,17.2,19.6,16.5,,,
2026-08-13T13:50:00Z,2026-09-12T23:23:23Z,240,4.0,5.0,1.2,16,8.1,235,1012.7,17.2,19.6,16.6,,,
2026-08-13T14:00:00Z,2026-09-12T23:23:23Z,240,4.0,5.0,,,,,1012.9,17.0,19.6,16.4,,+0.6,
2026-08-13T14:10:00Z,2026-09-12T23:23:23Z,240,4.0,4.0,1.4,,8.3,311,1012.9,17.0,19.6,16.4,,,
2026-08-13T14:20:00Z,2026-09-12T23:23:23Z,250,4.0,5.0,1.4,9,8.3,311,1012.8,17.0,19.6,16.3,,,
2026-08-13T14:30:00Z,2026-09-12T23:23:23Z,260,3.0,5.0,,,,,1012.8,17.1,19.6,16.3,,,
2026-08-13T14:40:00Z,2026-09-12T23:23:23Z,250,2.0,3.0,1.3,,8.1,309,1012.9,17.0,19.6,15.9,,,
2026-08-13T14:50:00Z,2026-09-12T23:23:23Z,240,3.0,3.0,1.3,10,8.1,309,1013.1,17.1,19.6,15.9,,,
2026-08-13T15:00:00Z,2026-09-12T23:23:23Z,240,3.0,3.0,,,,,1013.2,17.2,19.6,16.0,,+1.1,
2026-08-13T15:10:00Z,2026-09-12T23:23:23Z,220,4.0,5.0,1.3,,8.3,314,1013.2,17.3,19.6,16.3,,,
2026-08-13T15:20:00Z,2026-09-12T23:23:23Z,220,4.0,4.0,1.3,9,8.3,314,1013.3,17.0,19.6,16.2,,,
2026-08-13T15:30:00Z,2026-09-12T23:23:23Z,220,3.0,4.0,,,,,1013.5,16.9,19.6,16.0,,,
2026-08-13T15:40:00Z,2026-09-12T23:23:23Z,210,2.0,3.0,1.5,,8.3,297,1013.6,17.0,19.6,16.0,,,
2026-08-13T15:50:00Z,2026-09-12T23:23:23Z,200,2.0,3.0,1.5,9,8.3,297,1013.7,17.1,19.6,16.1,,,
2026-08-13T16:00:00Z,2026-09-12T23:23:23Z,200,2.0,4.0,,,,,1013.8,17.2,19.6,16.0,,+1.5,
2026-08-13T16:10:00Z,2026-09-12T23:23:23Z,210,3.0,4.0,1.4,,8.1,306,1013.7,17.4,19.6,16.0,,,
2026-08-13T16:20:00Z,2026-09-12T23:23:23Z,210,3.0,4.0,1.4,10,8.1,306,1013.7,17.5,19.6,16.2,,,
2026-08-13T16:30:00Z,2026-09-12T23:23:23Z,210,3.0,4.0,,,,,1013.9,17.4,19.6,16.1,,,
2026-08-13T16:40:00Z,2026-09-12T23:23:23Z,210,3.0,4.0,,,,,1013.9,17.4,19.6,16.0,,,
2026-08-13T16:50:00Z,2026-09-12T23:23:23Z,200,2.0,3.0,1.4,9,7.9,312,1014.0,17.4,19.6,15.9,,,
2026-08-13T17:00:00Z,2026-09-12T23:23:23Z,220,2.0,4.0,,,,,1014.0,17.5,19.7,15.8,,+1.1,
2026-08-13T17:10:00Z,2026-09-12T23:23:23Z,220,3.0,3.0,1.4,,8.2,317,1014.0,17.6,19.7,15.9,,,
2026-08-13T17:20:00Z,2026-09-12T23:23:23Z,210,3.0,4.0,1.4,10,8.2,317,1013.9,17.6,19.7,15.9,,,
2026-08-13T17:30:00Z,2026-09-12T23:23:23Z,210,2.0,3.0,,,,,1014.0,17.5,19.7,15.9,,,
2026-08-13T17:40:00Z,2026-09-12T23:23:23Z,200,2.0,3.0,1.4,,8.1,318,1014.0,17.6,19.7,15.9,,,
2026-08-13T17:50:00Z,2026-09-12T23:23:23Z,210,2.0,3.0,1.4,9,8.1,318,1014.1,17.6,19.7,15.8,,,
2026-08-13T18:00:00Z,2026-09-12T23:23:23Z,220,2.0,4.0,,,,,1014.1,17.7,19.7,15.8,,+0.8,
2026-08-13T18:10:00Z,2026-09-12T23:23:23Z,210,2.0,3.0,1.4,,8.1,311,1014.1,17.7,19.8,15.6,,,
2026-08-13T18:20:00Z,2026-09-12T23:23:23Z,220,2.0,3.0,1.4,8,8.1,311,1014.2,17.8,19.8,15.6,,,
2026-08-13T18:30:00Z,2026-09-12T23:23:23Z,210,2.0,3.0,,,,,1014.2,17.8,19.8,15.7,,,
2026-08-13T18:40:00Z,2026-09-12T23:23:23Z,220,2.0,3.0,1.3,,8.0,305,1014.1,17.8,19.8,15.8,,,
2026-08-13T18:50:00Z,2026-09-12T23:23:23Z,220,2.0,3.0,1.3,9,8.0,305,1014.1,17.8,19.8,15.7,,,
2026-08-13T19:00:00Z,2026-09-12T23:23:23Z,220,2.0,3.0,,,,,1014.2,17.8,19.9,15.6,,+0.3,
2026-08-13T19:10:00Z,2026-09-12T23:23:23Z,230,2.0,3.0,1.5,,8.4,311,1014.0,17.8,19.8,15.6,,,
2026-08-13T19:20:00Z,2026-09-12T23:23:23Z,220,2.0,3.0,1.5,10,8.4,311,1014.0,17.8,19.9,15.6,,,
2026-08-13T19:30:00Z,2026-09-12T23:23:23Z,220,3.0,5.0,,,,,1014.0,18.0,19.9,16.1,,,
2026-08-13T19:40:00Z,2026-09-12T23:23:23Z,240,4.0,5.0,1.5,,8.7,305,1013.9,17.9,19.9,16.6,,,
2026-08-13T19:50:00Z,2026-09-12T23:23:23Z,240,4.0,4.0,1.5,9,8.7,305,1013.8,17.6,20.0,16.6,,,
2026-08-13T20:00:00Z,2026-09-12T23:23:23Z,240,4.0,5.0,,,,,1013.9,17.5,20.0,16.6,,+0.0,
2026-08-13T20:10:00Z,2026-09-12T23:23:23Z,,,,1.5,,8.6,313,1013.9,,19.9,,,,
2026-08-13T20:20:00Z,2026-09-12T23:23:23Z,230,3.0,4.0,1.5,9,8.6,313,1013.9,17.6,20.0,16.5,,,
2026-08-13T20:30:00Z,2026-09-12T23:23:23Z,230,4.0,5.0,,,,,1013.8,17.7,19.9,16.5,,,
2026-08-13T20:40:00Z,2026-09-12T23:23:23Z,250,4.0,5.0,,,,,1013.7,17.7,19.9,16.5,,,
2026-08-13T20:50:00Z,2026-09-12T23:23:23Z,250,3.0,4.0,1.4,9,8.2,309,1013.8,17.7,20.0,16.6,,,
2026-08-13T21:00:00Z,2026-09-12T23:23:23Z,250,3.0,4.0,,,,,1013.7,17.7,20.0,16.4,,-0.3,
2026-08-13T21:10:00Z,2026-09-12T23:23:23Z,250,3.0,4.0,1.4,,8.0,310,1013.7,17.7,20.0,16.2,,,
2026-08-13T21:20:00Z,2026-09-12T23:23:23Z,250,3.0,4.0,1.4,10,8.0,310,1013.6,17.8,20.1,16.0,,,
2026-08-13T21:30:00Z,2026-09-12T23:23:23Z,250,3.0,4.0,,,,,1013.7,17.9,20.1,16.0,,,
2026-08-13T21:40:00Z,2026-09-12T23:23:23Z,250,4.0,5.0,1.5,,8.2,316,1013.7,18.0,20.2,16.1,,,
2026-08-13T21:50:00Z,2026-09-12T23:23:23Z,260,4.0,5.0,1.5,8,8.2,316,1013.6,18.0,20.1,16.6,,,
2026-08-13T22:00:00Z,2026-09-12T23:23:23Z,260,4.0,5.0,,,,,1013.6,17.8,20.1,16.6,,-0.5,
2026-08-13T22:10:00Z,2026-09-12T23:23:23Z,260,4.0,5.0,1.5,,8.4,174,1013.5,17.7,20.1,16.5,,,
2026-08-13T22:20:00Z,2026-09-12T23:23:23Z,260,4.0,5.0,1.5,12,8.4,174,1013.5,17.8,20.2,16.4,,,
2026-08-13T22:30:00Z,2026-09-12T23:23:23Z,260,4.0,5.0,,,,,1013.4,17.9,20.2,16.4,,,
2026-08-13T22:40:00Z,2026-09-12T23:23:23Z,260,3.0,4.0,1.5,,8.1,301,1013.4,18.0,20.2,16.4,,,
2026-08-13T22:50:00Z,2026-09-12T23:23:23Z,270,4.0,4.0,1.5,8,8.1,301,1013.3,18.0,20.1,16.4,,,
2026-08-13T23:00:00Z,2026-09-12T23:23:23Z,280,4.0,5.0,,,,,1013.4,18.0,20.2,16.5,,-0.5,
2026-08-13T23:10:00Z,2026-09-12T23:23:23Z,280,4.0,5.0,1.5,,8.1,298,1013.2,18.0,20.3,16.4,,,
2026-08-13T23:40:00Z,2026-09-12T23:23:23Z,290,3.0,5.0,1.5,,8.4,316,1013.1,18.3,20.5,16.0,,,
2026-08-13T23:50:00Z,2026-09-12T23:23:23Z,280,4.0,5.0,1.5,9,8.4,316,1013.1,18.4,20.6,15.8,,,
2026-08-14T00:00:00Z,2026-09-12T23:23:23Z,280,4.0,5.0,,,,,1013.0,18.4,20.7,15.5,,-0.8,
2026-08-14T00:10:00Z,2026-09-12T23:23:23Z,270,4.0,5.0,1.4,,8.1,319,1012.9,18.6,20.6,15.6,,,
2026-08-14T00:20:00Z,2026-09-12T23:23:23Z,280,4.0,5.0,1.4,9,8.1,319,1012.8,18.6,20.5,15.6,,,
2026-08-14T00:30:00Z,2026-09-12T23:23:23Z,280,4.0,5.0,,,,,1012.7,18.5,20.4,15.6,,,
2026-08-14T00:40:00Z,2026-09-12T23:23:23Z,280,4.0,5.0,1.5,,8.3,300,1012.7,18.5,20.5,15.8,,,
2026-08-14T00:50:00Z,2026-09-12T23:23:23Z,280,3.0,5.0,1.5,10,8.3,300,1012.7,18.5,20.5,16.0,,,
2026-08-14T01:00:00Z,2026-09-12T23:23:23Z,280,3.0,4.0,,,,,1012.7,18.5,20.4,16.0,,-0.9,
2026-08-14T01:10:00Z,2026-09-12T23:23:23Z,290,3.0,5.0,1.4,,8.1,318,1012.6,18.6,20.4,16.1,,,
2026-08-14T01:20:00Z,2026-09-12T23:23:23Z,290,3.0,4.0,1.4,10,8.1,318,1012.6,18.5,20.4,16.1,,,
2026-08-14T01:30:00Z,2026-09-12T23:23:23Z,300,4.0,5.0,,,,,1012.6,18.4,20.3,16.1,,,
2026-08-14T01:40:00Z,2026-09-12T23:23:23Z,310,4.0,6.0,,,,,1012.6,18.5,20.3,16.0,,,
2026-08-14T01:50:00Z,2026-09-12T23:23:23Z,310,5.0,6.0,1.6,9,8.6,313,1012.7,18.5,20.3,15.6,,,
2026-08-14T02:00:00Z,2026-09-12T23:23:23Z,300,4.0,6.0,,,,,1012.6,18.5,20.2,15.4,,-0.7,
2026-08-14T02:10:00Z,2026-09-12T23:23:23Z,,,,1.3,9,,,,,20.1,,,,
2026-08-14T02:20:00Z,2026-09-12T23:23:23Z,310,3.0,5.0,1.3,,8.1,309,1012.8,18.4,,15.2,,,
2026-08-14T02:30:00Z,2026-09-12T23:23:23Z,290,3.0,4.0,,,,,1012.8,18.4,20.1,15.0,,,
2026-08-14T02:40:00Z,2026-09-12T23:23:23Z,300,3.0,5.0,1.4,,8.1,317,1012.8,18.4,20.0,15.1,,,
2026-08-14T02:50:00Z,2026-09-12T23:23:23Z,340,3.0,6.0,1.4,8,8.1,317,1012.9,18.4,20.0,15.1,,,
2026-08-14T03:00:00Z,2026-09-12T23:23:23Z,330,3.0,5.0,,,,,1013.0,18.5,20.1,15.2,,-0.0,
2026-08-14T03:10:00Z,2026-09-12T23:23:23Z,340,3.0,4.0,1.3,,8.2,321,1013.1,18.5,20.0,15.3,,,
2026-08-14T03:20:00Z,2026-09-12T23:23:23Z,310,3.0,4.0,1.3,10,8.2,321,1013.2,18.5,20.0,15.4,,,
2026-08-14T03:30:00Z,2026-09-12T23:23:23Z,330,3.0,4.0,,,,,1013.4,18.5,20.0,15.4,,,
2026-08-14T03:40:00Z,2026-09-12T23:23:23Z,320,4.0,5.0,1.4,,8.1,306,1013.5,18.5,19.9,15.6,,,
2026-08-14T03:50:00Z,2026-09-12T23:23:23Z,310,4.0,5.0,1.4,10,8.1,306,1013.5,18.4,19.9,15.4,,,
2026-08-14T04:00:00Z,2026-09-12T23:23:23Z,290,4.0,5.0,,,,,1013.7,18.4,19.8,15.2,,+1.0,
2026-08-14T04:10:00Z,2026-09-12T23:23:23Z,290,3.0,5.0,1.5,,8.0,317,1013.9,18.4,19.7,15.2,,,
2026-08-14T04:20:00Z,2026-09-12T23:23:23Z,290,3.0,5.0,1.5,9,8.0,317,1014.0,18.5,19.7,15.5,,,
2026-08-14T04:30:00Z,2026-09-12T23:23:23Z,310,4.0,5.0,,,,,1014.1,18.3,19.7,15.6,,,
2026-08-14T04:40:00Z,2026-09-12T23:23:23Z,310,4.0,5.0,1.5,,8.0,306,1015.2,18.3,,15.6,,,
2026-08-14T04:50:00Z,2026-09-12T23:23:23Z,310,4.0,5.0,1.5,10,8.0,306,1014.3,18.2,19.6,15.4,,,
2026-08-14T05:00:00Z,2026-09-12T23:23:23Z,320,3.0,4.0,,,,,1014.4,18.2,19.6,15.3,,+1.7,
2026-08-14T05:10:00Z,2026-09-12T23:23:23Z,320,3.0,4.0,1.5,,7.8,311,1014.4,18.2,19.5,15.2,,,
2026-08-14T05:20:00Z,2026-09-12T23:23:23Z,290,2.0,4.0,1.5,9,7.8,311,1014.6,18.1,19.5,15.0,,,
2026-08-14T05:30:00Z,2026-09-12T23:23:23Z,310,2.0,3.0,,,,,1014.7,18.2,19.5,15.1,,,
2026-08-14T05:40:00Z,2026-09-12T23:23:23Z,350,1.0,2.0,1.5,,8.2,324,1014.7,18.1,19.5,15.1,,,
2026-08-14T05:50:00Z,2026-09-12T23:23:23Z,250,1.0,1.0,1.5,9,8.2,324,1014.7,18.1,,15.1,,,
2026-08-14T06:00:00Z,2026-09-12T23:23:23Z,300,1.0,2.0,,,,,1014.7,18.1,19.5,15.1,,+1.6,
2026-08-14T06:10:00Z,2026-09-12T23:23:23Z,270,2.0,3.0,,,,,1014.6,18.1,19.5,15.3,,,
2026-08-14T06:20:00Z,2026-09-12T23:23:23Z,300,3.0,4.0,1.4,9,7.7,321,1014.6,18.1,19.5,15.5,,,
2026-08-14T06:30:00Z,2026-09-12T23:23:23Z,290,2.0,3.0,,,,,1014.6,18.0,19.4,15.3,,,
2026-08-14T06:40:00Z,2026-09-12T23:23:23Z,270,2.0,3.0,1.5,,7.9,319,1014.6,18.0,19.5,15.4,,,
2026-08-14T06:50:00Z,2026-09-12T23:23:23Z,300,2.0,5.0,1.5,9,7.9,319,1014.7,18.1,19.5,15.3,,,
2026-08-14T07:00:00Z,2026-09-12T23:23:23Z,300,3.0,5.0,,,,,1014.7,18.1,19.5,15.1,,+1.0,
2026-08-14T07:10:00Z,2026-09-12T23:23:23Z,280,2.0,3.0,1.4,,7.5,315,1014.7,18.2,19.5,15.2,,,
2026-08-14T07:20:00Z,2026-09-12T23:23:23Z,280,3.0,5.0,1.4,9,7.5,315,1014.8,18.2,19.4,15.1,,,
2026-08-14T07:30:00Z,2026-09-12T23:23:23Z,290,3.0,4.0,,,,,1014.8,18.2,19.4,14.9,,,
2026-08-14T07:40:00Z,2026-09-12T23:23:23Z,310,3.0,5.0,1.5,,7.8,308,1014.9,18.1,19.4,14.5,,,
2026-08-14T07:50:00Z,2026-09-12T23:23:23Z,300,2.0,4.0,1.5,9,7.8,308,1014.9,18.1,19.4,14.6,,,
2026-08-14T08:00:00Z,2026-09-12T23:23:23Z,270,3.0,5.0,,,,,1014.8,18.1,19.5,14.8,,+0.5,
2026-08-14T08:10:00Z,2026-09-12T23:23:23Z,300,2.0,5.0,,,,,1014.7,18.1,19.5,14.9,,,
2026-08-14T08:20:00Z,2026-09-12T23:23:23Z,290,3.0,5.0,1.5,9,7.7,321,1014.8,18.1,19.5,14.8,,,
2026-08-14T08:30:00Z,2026-09-12T23:23:23Z,290,2.0,4.0,,,,,1014.7,18.2,19.5,15.1,,,
2026-08-14T08:40:00Z,2026-09-12T23:23:23Z,290,3.0,6.0,1.5,,7.8,323,1014.5,18.2,19.5,15.2,,,
2026-08-14T08:50:00Z,2026-09-12T23:23:23Z,290,2.0,4.0,1.5,9,7.8,323,1014.5,18.0,19.5,14.9,,,
2026-08-14T09:00:00Z,2026-09-12T23:23:23Z,300,4.0,6.0,,,,,1014.5,18.2,19.5,15.3,,+0.0,
2026-08-14T09:10:00Z,2026-09-12T23:23:23Z,270,3.0,5.0,1.5,,8.0,314,1014.5,18.1,19.8,15.2,,,
2026-08-14T09:20:00Z,2026-09-12T23:23:23Z,290,3.0,6.0,1.5,9,8.0,314,1014.5,18.1,19.9,15.4,,,
2026-08-14T09:30:00Z,2026-09-12T23:23:23Z,290,2.0,4.0,,,,,1014.5,18.0,19.9,15.2,,,
2026-08-14T09:40:00Z,2026-09-12T23:23:23Z,310,2.0,5.0,1.4,,7.9,313,1014.4,17.9,19.9,15.1,,,
2026-08-14T09:50:00Z,2026-09-12T23:23:23Z,290,3.0,5.0,1.4,9,7.9,313,1014.4,18.0,19.9,15.2,,,
2026-08-14T10:00:00Z,2026-09-12T23:23:23Z,290,3.0,5.0,,,,,1014.4,18.1,20.0,15.3,,-0.4,
2026-08-14T10:10:00Z,2026-09-12T23:23:23Z,310,4.0,6.0,1.4,,8.6,318,1014.5,18.1,20.0,15.1,,,
2026-08-14T10:20:00Z,2026-09-12T23:23:23Z,300,2.0,3.0,1.4,9,8.6,318,1014.6,17.9,20.0,14.8,,,
2026-08-14T10:30:00Z,2026-09-12T23:23:23Z,290,3.0,5.0,,,,,1014.5,18.1,20.0,15.1,,,
2026-08-14T10:40:00Z,2026-09-12T23:23:23Z,280,4.0,5.0,,,,,1014.5,18.0,20.0,15.2,,,
2026-08-14T10:50:00Z,2026-09-12T23:23:23Z,290,2.0,4.0,1.2,13,8.3,165,1014.4,17.9,19.9,15.0,,,
2026-08-14T11:00:00Z,2026-09-12T23:23:23Z,300,4.0,6.0,,,,,1014.5,17.9,19.9,15.0,,-0.4,
2026-08-14T11:10:00Z,2026-09-12T23:23:23Z,280,2.0,4.0,1.3,,8.5,213,1014.6,17.9,19.9,14.8,,,
2026-08-14T11:20:00Z,2026-09-12T23:23:23Z,290,1.0,2.0,1.3,14,8.5,213,1014.6,17.9,19.8,14.9,,,
2026-08-14T11:30:00Z,2026-09-12T23:23:23Z,290,2.0,4.0,,,,,1014.6,17.9,19.5,14.9,,,
2026-08-14T11:40:00Z,2026-09-12T23:23:23Z,310,3.0,5.0,1.4,,8.5,302,1014.6,17.9,19.5,15.0,,,
2026-08-14T11:50:00Z,2026-09-12T23:23:23Z,320,3.0,5.0,1.4,9,8.5,302,1014.7,17.8,,14.9,,,
2026-08-14T12:00:00Z,2026-09-12T23:23:23Z,300,3.0,5.0,,,,,1014.7,17.8,19.5,14.8,,+0.3,
2026-08-14T12:10:00Z,2026-09-12T23:23:23Z,300,2.0,5.0,1.4,,8.7,209,1014.7,17.8,19.5,14.7,,,
2026-08-14T12:20:00Z,2026-09-12T23:23:23Z,290,2.0,3.0,1.4,15,8.7,209,1014.8,17.9,19.5,15.1,,,
2026-08-14T12:30:00Z,2026-09-12T23:23:23Z,290,2.0,4.0,,,,,1014.9,17.9,19.4,15.1,,,
2026-08-14T12:40:00Z,2026-09-12T23:23:23Z,300,3.0,6.0,1.3,,8.4,318,1014.9,17.9,19.4,15.1,,,
2026-08-14T12:50:00Z,2026-09-12T23:23:23Z,300,3.0,6.0,1.3,10,8.4,318,1015.0,17.8,19.4,14.7,,,
2026-08-14T13:00:00Z,2026-09-12T23:23:23Z,250,1.0,2.0,,,,,1015.0,17.7,19.4,14.7,,+0.7,
2026-08-14T13:10:00Z,2026-09-12T23:23:23Z,290,1.0,2.0,1.4,,8.6,307,1015.0,17.8,19.3,14.9,,,
2026-08-14T13:20:00Z,2026-09-12T23:23:23Z,350,2.0,3.0,1.4,9,8.6,307,1015.0,17.8,19.3,14.8,,,
2026-08-14T13:30:00Z,2026-09-12T23:23:23Z,310,2.0,5.0,,,,,1015.1,17.8,19.3,14.8,,,
2026-08-14T13:40:00Z,2026-09-12T23:23:23Z,310,4.0,5.0,1.4,,8.5,189,1015.2,17.8,19.3,14.7,,,
2026-08-14T13:50:00Z,2026-09-12T23:23:23Z,300,2.0,5.0,1.4,14,8.5,189,1015.3,17.8,,14.7,,,
2026-08-14T14:00:00Z,2026-09-12T23:23:23Z,320,1.0,3.0,,,,,1015.3,17.7,19.3,14.6,,+0.9,
2026-08-14T14:10:00Z,2026-09-12T23:23:23Z,290,4.0,5.0,1.4,,8.3,195,1015.3,17.8,19.4,14.8,,,
2026-08-14T14:20:00Z,2026-09-12T23:23:23Z,300,4.0,5.0,1.4,15,8.3,195,1015.3,17.8,19.4,14.6,,,
2026-08-14T14:30:00Z,2026-09-12T23:23:23Z,290,3.0,4.0,1.4,,8.2,310,1015.5,17.8,19.4,14.7,,,
2026-08-14T14:40:00Z,2026-09-12T23:23:23Z,310,4.0,6.0,,,,,1015.5,17.8,19.4,14.6,,,
2026-08-14T14:50:00Z,2026-09-12T23:23:23Z,320,3.0,6.0,1.4,9,8.2,310,1015.6,17.7,19.5,14.5,,,
2026-08-14T15:00:00Z,2026-09-12T23:23:23Z,340,3.0,4.0,,,,,1015.7,17.8,19.6,14.7,,+0.9,
2026-08-14T15:10:00Z,2026-09-12T23:23:23Z,350,3.0,4.0,1.6,,8.6,310,1015.6,17.7,19.6,14.5,,,
2026-08-14T15:20:00Z,2026-09-12T23:23:23Z,350,2.0,4.0,1.6,9,8.6,310,1015.7,17.7,19.6,14.5,,,
2026-08-14T15:30:00Z,2026-09-12T23:23:23Z,310,2.0,4.0,,,,,1015.7,17.8,19.6,14.6,,,
2026-08-14T15:40:00Z,2026-09-12T23:23:23Z,310,3.0,4.0,,,,,1015.8,17.8,19.6,14.5,,,
2026-08-14T15:50:00Z,2026-09-12T23:23:23Z,,,,1.6,10,8.4,319,1015.8,,19.6,,,,
2026-08-14T16:00:00Z,2026-09-12T23:23:23Z,330,3.0,4.0,,,,,1015.9,17.9,19.7,14.8,,+0.9,
2026-08-14T16:10:00Z,2026-09-12T23:23:23Z,320,3.0,4.0,1.5,,8.2,314,1015.9,18.0,19.7,14.9,,,
2026-08-14T16:20:00Z,2026-09-12T23:23:23Z,320,2.0,4.0,1.5,9,8.2,314,1016.0,17.9,19.7,14.7,,,
2026-08-14T16:30:00Z,2026-09-12T23:23:23Z,300,3.0,5.0,,,,,1016.1,18.0,19.7,14.8,,,
2026-08-14T16:40:00Z,2026-09-12T23:23:23Z,310,3.0,5.0,1.5,,8.5,322,1016.1,18.0,19.7,14.7,,,
2026-08-14T16:50:00Z,2026-09-12T23:23:23Z,310,3.0,4.0,1.5,10,8.5,322,1016.3,18.1,19.7,14.8,,,
2026-08-14T17:00:00Z,2026-09-12T23:23:23Z,320,2.0,4.0,,,,,1016.4,18.1,19.7,14.8,,+1.1,
2026-08-14T17:10:00Z,2026-09-12T23:23:23Z,310,3.0,5.0,1.5,,8.5,321,1016.4,18.2,19.7,14.8,,,
2026-08-14T17:20:00Z,2026-09-12T23:23:23Z,300,3.0,4.0,1.5,10,8.5,321,1016.6,18.2,19.7,14.8,,,
2026-08-14T17:30:00Z,2026-09-12T23:23:23Z,290,3.0,4.0,,,,,1016.7,18.2,19.7,14.9,,,
2026-08-14T17:40:00Z,2026-09-12T23:23:23Z,280,3.0,3.0,,,,,1016.6,18.2,19.7,15.1,,,
2026-08-14T17:50:00Z,2026-09-12T23:23:23Z,270,3.0,3.0,1.5,9,8.4,322,1016.7,18.2,19.7,15.3,,,
2026-08-14T18:00:00Z,2026-09-12T23:23:23Z,270,3.0,4.0,,,,,1016.7,18.3,19.7,15.2,,+1.1,
2026-08-14T18:10:00Z,2026-09-12T23:23:23Z,270,3.0,4.0,1.3,,8.5,317,1016.6,18.3,19.7,15.2,,,
2026-08-14T18:20:00Z,2026-09-12T23:23:23Z,290,3.0,4.0,1.3,9,8.5,317,1016.6,18.3,19.7,15.2,,,
2026-08-14T18:30:00Z,2026-09-12T23:23:23Z,310,3.0,4.0,,,,,1016.6,18.3,19.7,15.3,,,
2026-08-14T18:40:00Z,2026-09-12T23:23:23Z,,,,1.4,,8.3,308,1016.6,,,,,,
2026-08-14T18:50:00Z,2026-09-12T23:23:23Z,300,2.0,3.0,1.4,9,8.3,308,1016.6,18.4,19.7,15.5,,,
2026-08-14T19:00:00Z,2026-09-12T23:23:23Z,290,2.0,3.0,,,,,1016.8,18.3,19.7,15.3,,+0.8,
2026-08-14T19:10:00Z,2026-09-12T23:23:23Z,260,2.0,3.0,1.4,,8.6,215,1016.8,18.4,19.7,15.5,,,
2026-08-14T19:20:00Z,2026-09-12T23:23:23Z,270,3.0,3.0,1.4,19,8.6,215,1016.8,18.4,19.7,15.5,,,
2026-08-14T19:30:00Z,2026-09-12T23:23:23Z,250,3.0,4.0,,,,,1016.8,18.4,19.7,15.3,,,
2026-08-14T19:40:00Z,2026-09-12T23:23:23Z,250,3.0,3.0,1.5,,8.5,325,1016.8,18.4,19.7,15.3,,,
2026-08-14T19:50:00Z,2026-09-12T23:23:23Z,240,3.0,3.0,1.5,9,8.5,325,1016.9,18.5,19.7,15.2,,,
2026-08-14T20:00:00Z,2026-09-12T23:23:23Z,220,2.0,3.0,,,,,1016.9,18.5,19.8,15.2,,+0.5,
2026-08-14T20:10:00Z,2026-09-12T23:23:23Z,230,2.0,3.0,1.6,,9.2,202,1016.8,18.5,19.8,15.3,,,
2026-08-14T20:20:00Z,2026-09-12T23:23:23Z,240,2.0,3.0,1.6,19,9.2,202,1016.8,18.5,19.8,15.3,,,
2026-08-14T20:30:00Z,2026-09-12T23:23:23Z,250,3.0,3.0,,,,,1016.7,18.6,19.8,15.4,,,
2026-08-14T20:40:00Z,2026-09-12T23:23:23Z,270,3.0,5.0,,,,,1016.6,18.7,19.9,15.4,,,
2026-08-14T20:50:00Z,2026-09-12T23:23:23Z,280,4.0,5.0,1.4,9,8.3,323,1016.5,18.7,19.9,15.5,,,
2026-08-14T21:00:00Z,2026-09-12T23:23:23Z,280,5.0,6.0,,,,,1016.4,18.8,19.9,15.5,,+0.0,
2026-08-14T21:10:00Z,2026-09-12T23:23:23Z,280,5.0,6.0,,,,,1016.4,18.8,19.9,15.8,,,
2026-08-14T21:20:00Z,2026-09-12T23:23:23Z,270,5.0,6.0,1.5,9,8.4,323,1016.4,18.8,19.8,16.0,,,
2026-08-14T21:30:00Z,2026-09-12T23:23:23Z,280,5.0,7.0,,,,,1016.4,18.8,19.8,16.2,,,
2026-08-14T21:40:00Z,2026-09-12T23:23:23Z,280,5.0,6.0,1.4,,8.2,317,1016.3,18.7,19.8,15.8,,,
2026-08-14T21:50:00Z,2026-09-12T23:23:23Z,280,5.0,6.0,1.4,10,8.2,317,1016.3,18.8,19.9,15.6,,,
2026-08-14T22:00:00Z,2026-09-12T23:23:23Z,270,5.0,6.0,,,,,1016.3,18.8,19.8,15.7,,-0.4,
2026-08-14T22:10:00Z,2026-09-12T23:23:23Z,270,5.0,6.0,1.6,,8.4,312,1016.3,18.9,19.9,15.6,,,
2026-08-14T22:20:00Z,2026-09-12T23:23:23Z,270,5.0,6.0,1.6,9,8.4,312,1016.2,18.9,19.9,16.0,,,
2026-08-14T22:30:00Z,2026-09-12T23:23:23Z,270,5.0,6.0,1.6,,8.3,313,1016.1,18.9,19.8,16.2,,,
2026-08-14T22:40:00Z,2026-09-12T23:23:23Z,270,5.0,6.0,,,,,1016.1,18.9,19.8,16.3,,,
2026-08-14T22:50:00Z,2026-09-12T23:23:23Z,280,5.0,6.0,1.6,9,8.3,313,1016.0,18.9,,15.8,,,
2026-08-14T23:00:00Z,2026-09-12T23:23:23Z,280,5.0,6.0,,,,,1016.0,18.9,19.9,15.8,,-1.0,
2026-08-14T23:10:00Z,2026-09-12T23:23:23Z,280,5.0,6.0,1.6,,8.0,222,1015.9,18.9,19.9,16.3,,,
2026-08-14T23:20:00Z,2026-09-12T23:23:23Z,280,5.0,7.0,1.6,15,8.0,222,1015.8,18.8,19.9,16.2,,,
2026-08-14T23:30:00Z,2026-09-12T23:23:23Z,280,5.0,7.0,,,,,1015.8,18.9,20.0,16.4,,,
2026-08-14T23:40:00Z,2026-09-12T23:23:23Z,280,5.0,7.0,,,,,1015.9,18.9,20.0,16.5,,,
2026-08-14T23:50:00Z,2026-09-12T23:23:23Z,280,6.0,7.0,1.4,17,7.6,151,1015.9,18.9,20.0,16.7,,,
2026-08-15T00:00:00Z,2026-09-12T23:23:23Z,290,6.0,7.0,,,,,1015.9,18.8,20.1,16.7,,-0.6,
2026-08-15T00:10:00Z,2026-09-12T23:23:23Z,,,,1.4,,7.4,313,1015.9,,20.2,,,,
2026-08-15T00:20:00Z,2026-09-12T23:23:23Z,300,6.0,7.0,1.4,9,7.4,313,1015.9,18.8,20.2,16.5,,,
2026-08-15T00:30:00Z,2026-09-12T23:23:23Z,300,6.0,7.0,,,,,1016.0,18.9,20.3,16.7,,,
2026-08-15T00:40:00Z,2026-09-12T23:23:23Z,300,6.0,7.0,,,,,1016.0,18.8,20.3,16.5,,,
2026-08-15T00:50:00Z,2026-09-12T23:23:23Z,300,6.0,7.0,1.5,17,7.8,221,1016.0,18.8,20.3,16.4,,,
2026-08-15T01:00:00Z,2026-09-12T23:23:23Z,300,6.0,7.0,,,,,1015.9,18.9,20.4,16.6,,-0.4,
2026-08-15T01:10:00Z,2026-09-12T23:23:23Z,300,6.0,8.0,1.5,,7.5,194,1015.8,18.8,20.4,16.6,,,
2026-08-15T01:20:00Z,2026-09-12T23:23:23Z,300,7.0,8.0,1.5,17,7.5,194,1015.7,18.8,20.3,16.7,,,
2026-08-15T01:30:00Z,2026-09-12T23:23:23Z,310,7.0,8.0,,,,,1015.7,18.8,20.2,16.8,,,
2026-08-15T01:40:00Z,2026-09-12T23:23:23Z,300,7.0,8.0,1.4,,6.8,226,1015.6,18.8,20.2,16.7,,,
2026-08-15T01:50:00Z,2026-09-12T23:23:23Z,310,7.0,8.0,1.4,15,6.8,226,1015.6,18.8,20.3,16.7,,,
2026-08-15T02:00:00Z,2026-09-12T23:23:23Z,310,7.0,8.0,,,,,1015.7,18.8,20.2,16.8,,-0.3,
2026-08-15T02:10:00Z,2026-09-12T23:23:23Z,310,7.0,8.0,,,,,1015.8,18.7,20.2,16.8,,,
2026-08-15T02:20:00Z,2026-09-12T23:23:23Z,310,7.0,8.0,1.5,15,7.1,211,1016.7,18.7,,16.9,,,
2026-08-15T02:30:00Z,2026-09-12T23:23:23Z,310,7.0,8.0,,,,,1015.6,18.6,20.2,16.7,,,
2026-08-15T02:40:00Z,2026-09-12T23:23:23Z,310,7.0,8.0,1.6,,7.2,227,1015.7,18.6,20.2,16.7,,,
2026-08-15T02:50:00Z,2026-09-12T23:23:23Z,310,7.0,9.0,1.6,15,7.2,227,1015.7,18.6,20.2,16.7,,,
2026-08-15T03:00:00Z,2026-09-12T23:23:23Z,310,7.0,9.0,,,,,1015.7,18.5,20.2,16.6,,+0.0,
2026-08-15T03:10:00Z,2026-09-12T23:23:23Z,310,7.0,9.0,1.6,,7.2,217,1015.7,18.5,20.2,16.6,,,
2026-08-15T03:20:00Z,2026-09-12T23:23:23Z,310,7.0,9.0,1.6,17,7.2,217,1015.9,18.5,20.2,16.6,,,
2026-08-15T03:30:00Z,2026-09-12T23:23:23Z,320,7.0,9.0,,,,,1016.1,18.5,20.1,16.6,,,
2026-08-15T03:40:00Z,2026-09-12T23:23:23Z,320,7.0,8.0,,,,,1016.2,18.5,20.1,16.6,,,
2026-08-15T03:50:00Z,2026-09-12T23:23:23Z,320,7.0,9.0,1.5,17,6.6,243,1016.3,18.5,20.1,16.6,,,
2026-08-15T04:00:00Z,2026-09-12T23:23:23Z,320,7.0,8.0,,,,,1016.3,18.4,20.1,16.3,,+0.4,
2026-08-15T04:10:00Z,2026-09-12T23:23:23Z,320,7.0,8.0,,,,,1016.5,18.5,20.1,16.5,,,
2026-08-15T04:20:00Z,2026-09-12T23:23:23Z,310,7.0,8.0,1.7,17,7.5,261,1016.7,18.5,20.1,16.4,,,
2026-08-15T04:30:00Z,2026-09-12T23:23:23Z,320,7.0,8.0,1.6,,6.8,312,1016.8,18.4,20.1,16.2,,,
2026-08-15T04:40:00Z,2026-09-12T23:23:23Z,320,7.0,8.0,,,,,1016.9,18.4,20.1,16.1,,,
2026-08-15T04:50:00Z,2026-09-12T23:23:23Z,320,6.0,8.0,1.6,17,6.8,312,1017.0,18.4,20.1,16.2,,,
2026-08-15T05:00:00Z,2026-09-12T23:23:23Z,320,6.0,7.0,,,,,1017.1,18.4,20.1,16.3,,+1.4,
2026-08-15T05:10:00Z,2026-09-12T23:23:23Z,330,6.0,7.0,1.6,,7.1,211,1017.2,18.3,20.1,16.1,,,
2026-08-15T05:20:00Z,2026-09-12T23:23:23Z,330,6.0,7.0,1.6,14,7.1,211,1017.4,18.3,20.1,16.1,,,
2026-08-15T05:30:00Z,2026-09-12T23:23:23Z,330,6.0,7.0,,,,,1017.5,18.3,20.1,16.1,,,
2026-08-15T05:40:00Z,2026-09-12T23:23:23Z,330,6.0,7.0,1.6,,6.8,187,1017.4,18.3,20.0,16.1,,,
2026-08-15T05:50:00Z,2026-09-12T23:23:23Z,320,6.0,7.0,1.6,17,6.8,187,1017.4,18.3,20.0,16.0,,,
2026-08-15T06:00:00Z,2026-09-12T23:23:23Z,330,5.0,7.0,1.5,,6.7,199,1017.4,18.3,19.9,15.7,,+1.7,
2026-08-15T06:10:00Z,2026-09-12T23:23:23Z,320,5.0,6.0,,,,,1017.7,18.3,19.7,15.8,,,
2026-08-15T06:20:00Z,2026-09-12T23:23:23Z,310,5.0,7.0,1.5,17,6.7,199,1017.5,18.4,,15.8,,,
2026-08-15T06:30:00Z,2026-09-12T23:23:23Z,300,6.0,7.0,,,,,1017.5,18.4,19.8,15.8,,,
2026-08-15T06:40:00Z,2026-09-12T23:23:23Z,310,6.0,7.0,1.6,,7.0,238,1017.4,18.4,19.7,15.9,,,
2026-08-15T06:50:00Z,2026-09-12T23:23:23Z,310,6.0,7.0,1.6,17,7.0,238,1017.4,18.3,19.6,15.3,,,
2026-08-15T07:00:00Z,2026-09-12T23:23:23Z,310,6.0,7.0,,,,,1017.4,18.3,19.6,15.2,,+1.1,
2026-08-15T07:10:00Z,2026-09-12T23:23:23Z,310,6.0,7.0,,,,,1017.5,18.3,19.6,15.2,,,
2026-08-15T07:20:00Z,2026-09-12T23:23:23Z,320,5.0,7.0,1.6,17,6.9,168,1017.6,18.2,19.6,15.1,,,
2026-08-15T07:30:00Z,2026-09-12T23:23:23Z,320,5.0,7.0,,,,,1017.7,18.3,19.5,15.3,,,
2026-08-15T07:40:00Z,2026-09-12T23:23:23Z,320,6.0,8.0,,,,,1017.7,18.3,19.4,15.4,,,
2026-08-15T07:50:00Z,2026-09-12T23:23:23Z,320,6.0,7.0,1.5,17,6.6,199,1017.9,18.2,19.4,15.2,,,
2026-08-15T08:00:00Z,2026-09-12T23:23:23Z,320,5.0,7.0,,,,,1017.7,18.1,19.4,14.9,,+0.7,
2026-08-15T08:10:00Z,2026-09-12T23:23:23Z,330,4.0,6.0,,,,,1017.6,18.1,19.4,14.8,,,
2026-08-15T08:20:00Z,2026-09-12T23:23:23Z,310,5.0,6.0,1.5,17,6.9,222,1017.5,18.1,,14.8,,,
2026-08-15T08:30:00Z,2026-09-12T23:23:23Z,320,5.0,7.0,,,,,1017.3,18.1,19.4,15.1,,,
2026-08-15T08:40:00Z,2026-09-12T23:23:23Z,330,7.0,8.0,1.5,,6.9,238,1017.3,18.1,19.4,15.1,,,
2026-08-15T08:50:00Z,2026-09-12T23:23:23Z,330,7.0,9.0,1.5,17,6.9,238,1017.2,18.1,19.5,15.0,,,
2026-08-15T09:00:00Z,2026-09-12T23:23:23Z,320,7.0,9.0,,,,,1017.1,18.0,19.5,14.7,,-0.3,
2026-08-15T09:10:00Z,2026-09-12T23:23:23Z,330,6.0,8.0,1.6,,7.5,204,1017.2,17.8,19.5,14.3,,,
2026-08-15T09:20:00Z,2026-09-12T23:23:23Z,320,6.0,9.0,1.6,17,7.5,204,1017.2,17.9,19.5,14.7,,,
2026-08-15T09:30:00Z,2026-09-12T23:23:23Z,310,6.0,8.0,,,,,1017.2,17.9,19.5,14.6,,,
2026-08-15T09:40:00Z,2026-09-12T23:23:23Z,310,6.0,7.0,1.6,,7.3,210,1017.2,17.9,19.5,14.6,,,
2026-08-15T09:50:00Z,2026-09-12T23:23:23Z,310,5.0,7.0,1.6,17,7.3,210,1017.3,17.9,19.5,14.7,,,
2026-08-15T10:00:00Z,2026-09-12T23:23:23Z,320,5.0,6.0,,,,,1017.4,17.9,19.5,14.7,,+0.0,
2026-08-15T10:10:00Z,2026-09-12T23:23:23Z,310,5.0,6.0,1.3,,6.8,208,1017.5,17.9,19.5,14.6,,,
2026-08-15T10:20:00Z,2026-09-12T23:23:23Z,330,5.0,6.0,1.3,17,6.8,208,1017.5,17.9,19.5,14.6,,,
2026-08-15T10:30:00Z,2026-09-12T23:23:23Z,320,4.0,6.0,,,,,1017.4,17.8,19.5,14.4,,,
2026-08-15T10:40:00Z,2026-09-12T23:23:23Z,330,5.0,7.0,1.6,,7.7,233,1017.2,17.8,19.4,14.4,,,
2026-08-15T10:50:00Z,2026-09-12T23:23:23Z,320,5.0,6.0,1.6,17,7.7,233,1017.3,17.8,19.4,14.5,,,
2026-08-15T11:00:00Z,2026-09-12T23:23:23Z,310,4.0,5.0,,,,,1017.3,17.9,19.4,14.7,,-0.5,
2026-08-15T11:10:00Z,2026-09-12T23:23:23Z,320,5.0,7.0,1.5,,7.1,228,1017.2,17.9,19.4,14.7,,,
2026-08-15T11:20:00Z,2026-09-12T23:23:23Z,320,5.0,7.0,1.5,17,7.1,228,1017.4,17.8,19.4,14.5,,,
2026-08-15T11:30:00Z,2026-09-12T23:23:23Z,320,5.0,7.0,,,,,1017.3,17.8,19.4,14.6,,,
2026-08-15T11:40:00Z,2026-09-12T23:23:23Z,320,5.0,7.0,1.6,,7.9,191,1017.3,17.8,19.5,14.5,,,
2026-08-15T11:50:00Z,2026-09-12T23:23:23Z,320,5.0,6.0,1.6,17,7.9,191,1017.3,17.7,19.5,14.3,,,
2026-08-15T12:00:00Z,2026-09-12T23:23:23Z,320,4.0,5.0,1.4,,7.6,181,1017.4,17.7,19.5,14.4,,+0.3,
2026-08-15T12:10:00Z,2026-09-12T23:23:23Z,320,4.0,7.0,,,,,1017.5,17.8,19.6,14.5,,,
2026-08-15T12:20:00Z,2026-09-12T23:23:23Z,310,4.0,6.0,1.4,17,7.6,181,1017.5,17.8,,14.5,,,
2026-08-15T12:30:00Z,2026-09-12T23:23:23Z,310,5.0,6.0,,,,,1017.7,17.9,19.6,14.7,,,
2026-08-15T12:40:00Z,2026-09-12T23:23:23Z,300,4.0,6.0,1.4,,7.8,175,1017.7,17.9,19.5,14.8,,,
2026-08-15T12:50:00Z,2026-09-12T23:23:23Z,300,4.0,6.0,1.4,17,7.8,175,1017.8,17.9,,14.6,,,
2026-08-15T13:00:00Z,2026-09-12T23:23:23Z,290,5.0,6.0,,,,,1017.8,18.0,19.5,14.8,,+0.4,
2026-08-15T13:10:00Z,2026-09-12T23:23:23Z,290,5.0,6.0,1.3,,7.4,209,1017.9,18.0,19.5,14.8,,,
2026-08-15T13:20:00Z,2026-09-12T23:23:23Z,300,4.0,6.0,1.3,17,7.4,209,1018.0,18.0,19.5,14.8,,,
2026-08-15T13:30:00Z,2026-09-12T23:23:23Z,310,5.0,6.0,,,,,1018.1,18.0,19.5,14.9,,,
2026-08-15T13:40:00Z,2026-09-12T23:23:23Z,310,5.0,6.0,1.4,,7.6,196,1018.3,18.0,,14.9,,,
2026-08-15T13:50:00Z,2026-09-12T23:23:23Z,320,4.0,5.0,1.4,17,7.6,196,1018.5,17.9,,14.5,,,
2026-08-15T14:00:00Z,2026-09-12T23:23:23Z,300,4.0,6.0,,,,,1018.6,18.0,19.5,14.6,,+1.4,
2026-08-15T14:10:00Z,2026-09-12T23:23:23Z,310,3.0,4.0,,,,,1018.8,18.0,19.5,14.4,,,
2026-08-15T14:20:00Z,2026-09-12T23:23:23Z,300,3.0,6.0,1.6,17,8.3,191,1018.8,18.1,19.5,14.8,,,
2026-08-15T14:30:00Z,2026-09-12T23:23:23Z,290,4.0,7.0,,,,,1018.8,18.0,19.4,14.7,,,
2026-08-15T14:40:00Z,2026-09-12T23:23:23Z,310,5.0,7.0,1.5,,8.0,217,1018.7,18.0,19.4,14.5,,,
2026-08-15T14:50:00Z,2026-09-12T23:23:23Z,310,4.0,6.0,1.5,17,8.0,217,1018.8,18.0,19.4,14.4,,,
2026-08-15T15:00:00Z,2026-09-12T23:23:23Z,300,5.0,8.0,,,,,1018.9,18.1,19.5,14.8,,+1.4,
2026-08-15T15:10:00Z,2026-09-12T23:23:23Z,300,5.0,6.0,1.4,,7.7,204,1018.9,18.1,19.6,14.6,,,
2026-08-15T15:20:00Z,2026-09-12T23:23:23Z,300,5.0,6.0,1.4,16,7.7,204,1018.9,18.2,19.6,14.8,,,
2026-08-15T15:30:00Z,2026-09-12T23:23:23Z,290,5.0,7.0,,,,,1018.9,18.3,19.7,15.0,,,
2026-08-15T15:40:00Z,2026-09-12T23:23:23Z,290,5.0,6.0,,,,,1018.9,18.3,19.7,14.8,,,
2026-08-15T15:50:00Z,2026-09-12T23:23:23Z,300,6.0,7.0,1.4,16,7.7,210,1019.0,18.3,19.7,14.7,,,
2026-08-15T16:00:00Z,2026-09-12T23:23:23Z,300,5.0,7.0,,,,,1019.1,18.3,19.8,14.6,,+1.3,
2026-08-15T16:10:00Z,2026-09-12T23:23:23Z,,,,,,,,1019.2,,,,,,
2026-08-15T16:20:00Z,2026-09-12T23:23:23Z,300,4.0,7.0,1.3,17,7.4,216,1019.3,18.4,19.7,14.9,,,
2026-08-15T16:30:00Z,2026-09-12T23:23:23Z,310,5.0,6.0,,,,,1019.3,18.3,19.7,14.9,,,
2026-08-15T16:40:00Z,2026-09-12T23:23:23Z,300,5.0,6.0,1.6,,8.5,217,1019.3,18.3,19.7,14.7,,,
2026-08-15T16:50:00Z,2026-09-12T23:23:23Z,310,6.0,7.0,1.6,17,8.5,217,1019.4,18.3,19.7,14.9,,,
2026-08-15T17:00:00Z,2026-09-12T23:23:23Z,300,6.0,8.0,,,,,1019.5,18.2,19.7,14.9,,+0.8,
2026-08-15T17:10:00Z,2026-09-12T23:23:23Z,300,7.0,8.0,1.5,,7.7,214,1019.4,18.1,19.7,14.5,,,
2026-08-15T17:20:00Z,2026-09-12T23:23:23Z,310,6.0,7.0,1.5,17,7.7,214,1019.5,18.1,19.8,14.3,,,
2026-08-15T17:30:00Z,2026-09-12T23:23:23Z,320,5.0,6.0,,,,,1019.6,18.1,19.8,14.3,,,
2026-08-15T17:40:00Z,2026-09-12T23:23:23Z,310,5.0,6.0,,,,,1019.6,18.2,19.8,14.5,,,
2026-08-15T17:50:00Z,2026-09-12T23:23:23Z,310,5.0,7.0,1.3,,7.1,169,1020.7,18.2,,14.6,,,
2026-08-15T18:00:00Z,2026-09-12T23:23:23Z,320,5.0,6.0,,,,,1019.7,18.2,19.8,14.8,,+0.9,
2026-08-15T18:10:00Z,2026-09-12T23:23:23Z,310,6.0,7.0,1.4,,7.6,193,1019.8,18.2,19.8,14.9,,,
2026-08-15T18:20:00Z,2026-09-12T23:23:23Z,310,6.0,8.0,1.4,16,7.6,193,1019.8,18.2,19.8,15.1,,,
2026-08-15T18:30:00Z,2026-09-12T23:23:23Z,310,6.0,7.0,,,,,1019.8,18.1,19.8,15.0,,,
2026-08-15T18:40:00Z,2026-09-12T23:23:23Z,320,6.0,7.0,,,,,1019.9,18.1,19.8,15.0,,,
2026-08-15T18:50:00Z,2026-09-12T23:23:23Z,310,6.0,8.0,1.3,16,7.0,211,1019.9,18.2,19.8,14.9,,,
2026-08-15T19:00:00Z,2026-09-12T23:23:23Z,310,6.0,7.0,1.6,,7.8,225,1019.9,18.2,19.8,14.9,,+0.7,
2026-08-15T19:10:00Z,2026-09-12T23:23:23Z,310,6.0,7.0,,,,,1019.8,18.2,19.8,14.9,,,
2026-08-15T19:20:00Z,2026-09-12T23:23:23Z,310,6.0,7.0,1.6,16,7.8,225,1019.7,18.1,,14.9,,,
2026-08-15T19:30:00Z,2026-09-12T23:23:23Z,310,7.0,8.0,,,,,1019.6,18.2,19.8,14.7,,,
2026-08-15T19:40:00Z,2026-09-12T23:23:23Z,320,6.0,8.0,1.5,,6.9,207,1019.6,18.3,19.8,14.6,,,
2026-08-15T19:50:00Z,2026-09-12T23:23:23Z,310,6.0,7.0,1.5,16,6.9,207,1019.7,18.3,19.8,14.7,,,
2026-08-15T20:00:00Z,2026-09-12T23:23:23Z,300,6.0,7.0,,,,,1019.7,18.3,19.8,15.0,,+0.3,
2026-08-15T20:10:00Z,2026-09-12T23:23:23Z,290,6.0,8.0,1.4,,7.0,223,1019.7,18.3,19.8,14.8,,,
2026-08-15T20:20:00Z,2026-09-12T23:23:23Z,280,6.0,7.0,1.4,16,7.0,223,1019.7,18.3,19.8,14.5,,,
2026-08-15T20:30:00Z,2026-09-12T23:23:23Z,290,6.0,7.0,,,,,1019.7,18.3,19.8,14.8,,,
2026-08-15T20:40:00Z,2026-09-12T23:23:23Z,290,6.0,7.0,1.4,,6.9,238,1019.7,18.2,19.8,15.2,,,
2026-08-15T20:50:00Z,2026-09-12T23:23:23Z,300,6.0,7.0,1.4,16,6.9,238,1019.7,18.3,19.8,15.4,,,
2026-08-15T21:00:00Z,2026-09-12T23:23:23Z,300,6.0,7.0,,,,,1019.6,18.3,19.8,15.2,,+0.0,
2026-08-15T21:10:00Z,2026-09-12T23:23:23Z,300,6.0,7.0,,,,,1019.6,18.4,19.8,15.1,,,
2026-08-15T21:20:00Z,2026-09-12T23:23:23Z,290,5.0,7.0,1.5,16,6.6,201,1019.6,18.3,19.8,15.1,,,
2026-08-15T21:30:00Z,2026-09-12T23:23:23Z,300,5.0,7.0,,,,,1019.6,18.3,19.8,14.9,,,
2026-08-15T21:40:00Z,2026-09-12T23:23:23Z,290,6.0,7.0,1.4,,6.7,243,1019.4,18.3,19.8,14.5,,,
2026-08-15T21:50:00Z,2026-09-12T23:23:23Z,300,5.0,7.0,1.4,16,6.7,243,1019.5,18.3,19.8,14.5,,,
2026-08-15T22:00:00Z,2026-09-12T23:23:23Z,290,5.0,7.0,,,,,1019.4,18.3,19.8,14.3,,-0.4,
2026-08-15T22:10:00Z,2026-09-12T23:23:23Z,300,5.0,7.0,1.5,,7.2,204,1019.3,18.4,19.8,14.6,,,
2026-08-15T22:20:00Z,2026-09-12T23:23:23Z,290,5.0,7.0,1.5,16,7.2,204,1019.1,18.4,19.7,14.6,,,
2026-08-15T22:30:00Z,2026-09-12T23:23:23Z,290,6.0,8.0,,,,,1019.0,18.4,19.7,14.6,,,
2026-08-15T22:40:00Z,2026-09-12T23:23:23Z,,,,,,,,1018.9,,,,,,
2026-08-15T22:50:00Z,2026-09-12T23:23:23Z,310,5.0,7.0,1.6,16,7.9,220,1018.7,18.4,19.7,14.5,,,
2026-08-15T23:00:00Z,2026-09-12T23:23:23Z,300,5.0,7.0,,,,,1018.6,18.4,19.7,14.6,,-1.1,
2026-08-15T23:10:00Z,2026-09-12T23:23:23Z,300,6.0,7.0,1.4,,7.3,251,1018.6,18.4,19.8,14.6,,,
2026-08-15T23:20:00Z,2026-09-12T23:23:23Z,300,6.0,8.0,1.4,16,7.3,251,1018.6,18.4,19.8,14.5,,,
2026-08-15T23:40:00Z,2026-09-12T23:23:23Z,300,6.0,8.0,1.4,,7.4,227,1018.4,18.5,19.8,14.8,,,
2026-08-15T23:50:00Z,2026-09-12T23:23:23Z,300,6.0,8.0,1.4,16,7.4,227,1018.4,18.4,19.7,14.7,,,
2026-08-16T00:00:00Z,2026-09-12T23:23:23Z,310,6.0,8.0,,,,,1018.4,18.4,19.7,14.8,,-1.1,
2026-08-16T00:10:00Z,2026-09-12T23:23:23Z,300,6.0,8.0,1.5,,7.8,207,1018.4,18.4,19.6,14.8,,,
2026-08-16T00:20:00Z,2026-09-12T23:23:23Z,290,6.0,8.0,1.5,16,7.8,207,1018.2,18.4,19.6,14.7,,,
2026-08-16T00:30:00Z,2026-09-12T23:23:23Z,300,6.0,9.0,,,,,1018.2,18.4,19.6,14.8,,,
2026-08-16T00:40:00Z,2026-09-12T23:23:23Z,290,6.0,8.0,,,,,1018.1,18.4,19.6,15.0,,,
2026-08-16T00:50:00Z,2026-09-12T23:23:23Z,300,7.0,8.0,1.5,16,8.0,225,1018.0,18.4,19.6,14.8,,,
2026-08-16T01:00:00Z,2026-09-12T23:23:23Z,290,7.0,9.0,,,,,1017.8,18.4,19.6,15.0,,-1.6,
2026-08-16T01:10:00Z,2026-09-12T23:23:23Z,300,7.0,8.0,1.4,,7.4,222,1017.7,18.4,19.6,14.7,,,
2026-08-16T01:20:00Z,2026-09-12T23:23:23Z,300,7.0,9.0,1.4,16,7.4,222,1017.8,18.4,19.6,14.9,,,
2026-08-16T01:30:00Z,2026-09-12T23:23:23Z,300,7.0,8.0,,,,,1017.7,18.3,19.6,14.9,,,
2026-08-16T01:40:00Z,2026-09-12T23:23:23Z,310,7.0,8.0,1.4,,7.0,188,1017.7,18.4,19.6,14.9,,,
2026-08-16T01:50:00Z,2026-09-12T23:23:23Z,300,7.0,9.0,1.4,16,7.0,188,1017.7,18.4,19.6,15.0,,,
2026-08-16T02:00:00Z,2026-09-12T23:23:23Z,300,6.0,8.0,,,,,1017.8,18.4,19.6,15.1,,-0.9,
2026-08-16T02:10:00Z,2026-09-12T23:23:23Z,300,7.0,8.0,1.3,,6.6,195,1017.7,18.4,19.6,15.2,,,
2026-08-16T02:20:00Z,2026-09-12T23:23:23Z,300,7.0,8.0,1.3,16,6.6,195,1017.7,18.4,19.6,15.3,,,
2026-08-16T02:30:00Z,2026-09-12T23:23:23Z,310,7.0,8.0,,,,,1017.7,18.3,19.6,15.2,,,
2026-08-16T02:40:00Z,2026-09-12T23:23:23Z,310,7.0,8.0,1.5,,6.7,210,1017.8,18.3,19.6,15.2,,,
2026-08-16T02:50:00Z,2026-09-12T23:23:23Z,310,7.0,8.0,1.5,16,6.7,210,1017.8,18.2,19.6,15.2,,,
2026-08-16T03:00:00Z,2026-09-12T23:23:23Z,320,7.0,9.0,,,,,1017.9,18.2,19.6,15.1,,-0.5,
2026-08-16T03:10:00Z,2026-09-12T23:23:23Z,310,7.0,9.0,1.5,,6.9,220,1017.8,18.3,19.6,15.3,,,
2026-08-16T03:20:00Z,2026-09-12T23:23:23Z,310,7.0,9.0,1.5,16,6.9,220,1017.7,18.3,19.6,15.4,,,
2026-08-16T03:30:00Z,2026-09-12T23:23:23Z,310,7.0,10.0,,,,,1017.7,18.2,19.6,15.1,,,
2026-08-16T03:40:00Z,2026-09-12T23:23:23Z,310,7.0,10.0,1.4,,6.4,219,1017.9,18.2,19.6,15.0,,,
2026-08-16T03:50:00Z,2026-09-12T23:23:23Z,320,7.0,9.0,1.4,16,6.4,219,1018.0,18.2,19.6,15.0,,,
2026-08-16T04:00:00Z,2026-09-12T23:23:23Z,310,7.0,9.0,,,,,1018.1,18.1,19.6,15.0,,+0.3,
2026-08-16T04:10:00Z,2026-09-12T23:23:23Z,310,7.0,9.0,1.4,,6.4,212,1018.2,18.1,19.6,15.0,,,
2026-08-16T04:20:00Z,2026-09-12T23:23:23Z,310,7.0,9.0,1.4,16,6.4,212,1018.2,18.0,19.6,15.1,,,
2026-08-16T04:30:00Z,2026-09-12T23:23:23Z,310,7.0,9.0,,,,,1018.4,17.9,19.6,14.9,,,
2026-08-16T04:40:00Z,2026-09-12T23:23:23Z,310,7.0,9.0,,,,,1018.5,17.9,19.6,14.9,,,
2026-08-16T04:50:00Z,2026-09-12T23:23:23Z,310,7.0,8.0,1.4,16,6.3,235,1018.5,18.1,19.6,15.2,,,
2026-08-16T05:00:00Z,2026-09-12T23:23:23Z,320,7.0,8.0,,,,,1018.5,18.1,19.6,15.2,,+0.7,
2026-08-16T05:10:00Z,2026-09-12T23:23:23Z,320,8.0,10.0,1.3,,6.0,196,1018.5,18.2,19.6,15.4,,,
2026-08-16T05:20:00Z,2026-09-12T23:23:23Z,320,8.0,10.0,1.3,15,6.0,196,1018.7,18.0,19.6,15.1,,,
2026-08-16T05:30:00Z,2026-09-12T23:23:23Z,310,7.0,9.0,,,,,1018.7,17.9,19.6,14.9,,,
2026-08-16T05:40:00Z,2026-09-12T23:23:23Z,320,7.0,9.0,1.5,,6.5,215,1018.8,17.8,,14.9,,,
2026-08-16T05:50:00Z,2026-09-12T23:23:23Z,310,6.0,8.0,1.5,16,6.5,215,1018.8,18.0,19.6,15.3,,,
2026-08-16T06:00:00Z,2026-09-12T23:23:23Z,310,7.0,10.0,,,,,1018.7,17.9,19.6,15.1,,+0.8,
2026-08-16T06:10:00Z,2026-09-12T23:23:23Z,310,7.0,9.0,1.6,,6.7,184,1018.7,17.9,19.6,15.0,,,
2026-08-16T06:20:00Z,2026-09-12T23:23:23Z,320,7.0,8.0,1.6,16,6.7,184,1018.7,17.9,,14.9,,,
2026-08-16T06:30:00Z,2026-09-12T23:23:23Z,310,7.0,8.0,,,,,1018.6,17.9,19.6,15.0,,,
2026-08-16T06:40:00Z,2026-09-12T23:23:23Z,310,7.0,9.0,1.7,,7.1,208,1018.5,18.0,19.6,15.2,,,
2026-08-16T06:50:00Z,2026-09-12T23:23:23Z,300,8.0,10.0,1.7,16,7.1,208,1018.5,17.9,,15.1,,,
2026-08-16T07:00:00Z,2026-09-12T23:23:23Z,300,8.0,10.0,,,,,1018.6,17.8,19.6,15.0,,+0.4,
2026-08-16T07:10:00Z,2026-09-12T23:23:23Z,300,8.0,10.0,1.5,,6.2,219,1018.5,17.7,19.6,14.7,,,
2026-08-16T07:20:00Z,2026-09-12T23:23:23Z,310,8.0,10.0,1.5,16,6.2,219,1018.5,17.7,19.5,14.7,,,
2026-08-16T07:30:00Z,2026-09-12T23:23:23Z,310,8.0,11.0,,,,,1018.5,17.8,19.5,14.9,,,
2026-08-16T07:40:00Z,2026-09-12T23:23:23Z,310,7.0,9.0,,,,,1018.6,17.9,19.5,15.1,,,
2026-08-16T07:50:00Z,2026-09-12T23:23:23Z,310,8.0,10.0,1.5,16,6.1,204,1018.6,17.9,19.5,15.1,,,
2026-08-16T08:00:00Z,2026-09-12T23:23:23Z,320,8.0,10.0,,,,,1018.5,17.8,19.5,14.9,,+0.0,
2026-08-16T08:10:00Z,2026-09-12T23:23:23Z,320,8.0,10.0,,,,,1018.5,17.8,19.5,14.9,,,
2026-08-16T08:20:00Z,2026-09-12T23:23:23Z,310,7.0,10.0,1.5,16,5.7,180,1018.5,17.9,19.5,14.9,,,
2026-08-16T08:30:00Z,2026-09-12T23:23:23Z,310,8.0,10.0,,,,,1018.5,17.9,19.5,15.0,,,
2026-08-16T08:40:00Z,2026-09-12T23:23:23Z,310,8.0,10.0,1.7,,6.2,170,1018.5,17.8,19.5,14.7,,,
2026-08-16T08:50:00Z,2026-09-12T23:23:23Z,300,8.0,9.0,1.7,16,6.2,170,1018.3,17.6,19.5,14.4,,,
2026-08-16T09:00:00Z,2026-09-12T23:23:23Z,300,7.0,9.0,,,,,1018.3,17.6,19.4,14.6,,-0.4,
2026-08-16T09:10:00Z,2026-09-12T23:23:23Z,310,7.0,11.0,1.6,,6.4,192,1018.5,17.6,19.4,14.5,,,
2026-08-16T09:20:00Z,2026-09-12T23:23:23Z,300,7.0,9.0,1.6,16,6.4,192,1018.3,17.7,19.4,14.6,,,
2026-08-16T09:30:00Z,2026-09-12T23:23:23Z,300,8.0,11.0,,,,,1018.4,17.8,19.4,14.7,,,
2026-08-16T09:40:00Z,2026-09-12T23:23:23Z,300,7.0,10.0,1.7,,6.6,226,1018.3,17.8,19.4,14.7,,,
2026-08-16T09:50:00Z,2026-09-12T23:23:23Z,300,7.0,10.0,1.7,15,6.6,226,1018.2,18.0,19.4,15.2,,,
2026-08-16T10:00:00Z,2026-09-12T23:23:23Z,310,8.0,10.0,,,,,1018.2,18.0,19.4,15.1,,-0.3,
2026-08-16T10:10:00Z,2026-09-12T23:23:23Z,310,7.0,9.0,1.7,,6.5,211,1018.4,18.0,19.4,15.2,,,
2026-08-16T10:20:00Z,2026-09-12T23:23:23Z,310,7.0,9.0,1.7,16,6.5,211,1018.4,17.8,19.4,14.7,,,
2026-08-16T10:30:00Z,2026-09-12T23:23:23Z,310,6.0,8.0,,,,,1018.3,17.7,19.4,14.7,,,
2026-08-16T10:40:00Z,2026-09-12T23:23:23Z,,,,,,,,1018.2,,,,,,
2026-08-16T10:50:00Z,2026-09-12T23:23:23Z,320,6.0,9.0,1.6,16,6.2,178,1018.1,17.9,19.4,15.0,,,
2026-08-16T11:00:00Z,2026-09-12T23:23:23Z,320,7.0,9.0,,,,,1018.1,18.0,19.4,15.1,,-0.3,
2026-08-16T11:10:00Z,2026-09-12T23:23:23Z,320,7.0,9.0,1.6,,6.1,205,1018.2,17.9,19.4,15.1,,,
2026-08-16T11:20:00Z,2026-09-12T23:23:23Z,320,6.0,8.0,1.6,15,6.1,205,1018.2,17.8,19.5,15.0,,,
2026-08-16T11:30:00Z,2026-09-12T23:23:23Z,320,7.0,9.0,,,,,1018.1,17.8,19.5,14.9,,,
2026-08-16T11:40:00Z,2026-09-12T23:23:23Z,310,7.0,9.0,1.6,,6.3,198,1018.0,17.7,19.5,14.9,,,
2026-08-16T11:50:00Z,2026-09-12T23:23:23Z,310,6.0,8.0,1.6,16,6.3,198,1018.0,17.8,19.5,15.0,,,
2026-08-16T12:00:00Z,2026-09-12T23:23:23Z,310,7.0,9.0,,,,,1017.9,17.8,19.5,15.0,,-0.5,
2026-08-16T12:10:00Z,2026-09-12T23:23:23Z,320,7.0,9.0,1.5,,6.2,199,1017.9,17.9,19.5,15.4,,,
2026-08-16T12:20:00Z,2026-09-12T23:23:23Z,320,8.0,10.0,1.5,15,6.2,199,1017.9,17.7,19.5,15.0,,,
2026-08-16T12:30:00Z,2026-09-12T23:23:23Z,310,7.0,9.0,,,,,1017.9,17.6,19.5,14.9,,,
2026-08-16T12:40:00Z,2026-09-12T23:23:23Z,310,7.0,9.0,1.6,,6.3,164,1018.0,17.6,19.5,14.7,,,
2026-08-16T12:50:00Z,2026-09-12T23:23:23Z,310,7.0,9.0,1.6,16,6.3,164,1017.9,17.6,19.5,14.7,,,
2026-08-16T13:00:00Z,2026-09-12T23:23:23Z,320,8.0,10.0,,,,,1017.7,17.5,19.5,14.6,,-0.5,
2026-08-16T13:10:00Z,2026-09-12T23:23:23Z,310,7.0,10.0,1.5,,5.7,220,1017.8,17.4,19.4,14.5,,,
2026-08-16T13:20:00Z,2026-09-12T23:23:23Z,320,7.0,9.0,1.5,14,5.7,220,1018.0,17.5,19.4,14.7,,,
2026-08-16T13:30:00Z,2026-09-12T23:23:23Z,320,7.0,9.0,,,,,1018.0,17.4,19.4,14.5,,,
2026-08-16T13:40:00Z,2026-09-12T23:23:23Z,310,6.0,8.0,1.5,,5.8,168,1018.1,17.6,19.4,14.9,,,
2026-08-16T13:50:00Z,2026-09-12T23:23:23Z,320,6.0,9.0,1.5,16,5.8,168,1018.2,17.5,19.4,14.7,,,
2026-08-16T14:00:00Z,2026-09-12T23:23:23Z,320,6.0,9.0,,,,,1018.5,17.7,19.4,15.1,,+0.3,
2026-08-16T14:10:00Z,2026-09-12T23:23:23Z,320,7.0,9.0,1.5,,6.0,208,1018.6,17.7,19.4,15.0,,,
2026-08-16T14:20:00Z,2026-09-12T23:23:23Z,320,6.0,8.0,1.5,16,6.0,208,1018.8,17.6,19.3,14.8,,,
2026-08-16T14:30:00Z,2026-09-12T23:23:23Z,320,6.0,8.0,,,,,1018.8,17.7,19.3,15.0,,,
2026-08-16T14:40:00Z,2026-09-12T23:23:23Z,300,7.0,9.0,1.6,,6.4,209,1018.8,17.5,19.3,14.7,,,
2026-08-16T14:50:00Z,2026-09-12T23:23:23Z,300,7.0,9.0,1.6,16,6.4,209,1018.8,17.4,19.3,14.5,,,
2026-08-16T15:00:00Z,2026-09-12T23:23:23Z,300,6.0,8.0,,,,,1018.8,17.5,19.4,14.7,,+1.0,
2026-08-16T15:10:00Z,2026-09-12T23:23:23Z,300,7.0,8.0,1.4,,5.7,269,1018.9,17.6,19.3,14.7,,,
2026-08-16T15:20:00Z,2026-09-12T23:23:23Z,310,6.0,9.0,1.4,15,5.7,269,1019.0,17.7,19.3,14.9,,,
2026-08-16T15:30:00Z,2026-09-12T23:23:23Z,300,7.0,9.0,,,,,1019.0,17.7,19.3,14.8,,,
2026-08-16T15:40:00Z,2026-09-12T23:23:23Z,310,7.0,8.0,,,,,1018.9,17.5,19.4,14.6,,,
2026-08-16T15:50:00Z,2026-09-12T23:23:23Z,300,7.0,9.0,1.6,16,6.4,185,1019.1,17.6,19.4,14.8,,,
2026-08-16T16:00:00Z,2026-09-12T23:23:23Z,300,7.0,9.0,,,,,1019.1,17.6,19.4,14.8,,+1.4,
2026-08-16T16:10:00Z,2026-09-12T23:23:23Z,300,6.0,8.0,,,,,1019.1,17.8,19.4,15.1,,,
2026-08-16T16:20:00Z,2026-09-12T23:23:23Z,310,7.0,9.0,1.5,15,5.8,191,1019.2,17.8,19.4,15.0,,,
2026-08-16T16:30:00Z,2026-09-12T23:23:23Z,300,8.0,10.0,,,,,1019.4,17.7,19.4,14.8,,,
2026-08-16T16:40:00Z,2026-09-12T23:23:23Z,290,8.0,10.0,,,,,1019.5,17.7,19.4,14.9,,,
2026-08-16T16:50:00Z,2026-09-12T23:23:23Z,290,7.0,9.0,1.7,16,6.4,197,1019.4,17.8,19.4,15.0,,,
2026-08-16T17:00:00Z,2026-09-12T23:23:23Z,290,7.0,9.0,,,,,1019.4,17.9,19.4,15.1,,+0.9,
2026-08-16T17:10:00Z,2026-09-12T23:23:23Z,300,7.0,9.0,1.6,,6.4,218,1019.1,18.0,19.5,15.3,,,
2026-08-16T17:20:00Z,2026-09-12T23:23:23Z,310,7.0,9.0,1.6,15,6.4,218,1019.1,18.0,19.5,15.4,,,
2026-08-16T17:30:00Z,2026-09-12T23:23:23Z,310,7.0,10.0,,,,,1019.3,17.9,19.5,15.2,,,
2026-08-16T17:40:00Z,2026-09-12T23:23:23Z,,,,1.5,,5.9,181,1019.2,,,,,,
2026-08-16T17:50:00Z,2026-09-12T23:23:23Z,310,7.0,9.0,1.5,15,5.9,181,1019.2,17.8,19.5,14.8,,,
2026-08-16T18:00:00Z,2026-09-12T23:23:23Z,310,8.0,10.0,,,,,1019.2,17.9,19.5,15.0,,+0.4,
2026-08-16T18:10:00Z,2026-09-12T23:23:23Z,310,8.0,10.0,1.5,,6.0,215,1019.3,17.8,19.5,14.8,,,
2026-08-16T18:20:00Z,2026-09-12T23:23:23Z,310,7.0,9.0,1.5,15,6.0,215,1019.5,17.9,19.5,14.9,,,
2026-08-16T18:30:00Z,2026-09-12T23:23:23Z,310,7.0,9.0,,,,,1019.6,17.9,19.5,14.9,,,
2026-08-16T18:40:00Z,2026-09-12T23:23:23Z,310,7.0,9.0,,,,,1019.5,18.0,19.5,14.9,,,
2026-08-16T18:50:00Z,2026-09-12T23:23:23Z,,,,1.6,15,5.8,238,1019.4,,19.5,,,,
2026-08-16T19:00:00Z,2026-09-12T23:23:23Z,300,7.0,9.0,,,,,1019.4,18.1,19.5,15.0,,+0.0,
2026-08-16T19:10:00Z,2026-09-12T23:23:23Z,310,8.0,9.0,,,,,1019.1,18.0,19.5,14.8,,,
2026-08-16T19:20:00Z,2026-09-12T23:23:23Z,310,7.0,10.0,1.4,15,5.4,221,1019.2,18.0,19.5,14.9,,,
2026-08-16T19:30:00Z,2026-09-12T23:23:23Z,310,8.0,9.0,,,,,1019.0,18.2,19.5,15.2,,,
2026-08-16T19:40:00Z,2026-09-12T23:23:23Z,310,8.0,10.0,1.3,,5.4,210,1018.9,18.3,19.5,15.4,,,
2026-08-16T19:50:00Z,2026-09-12T23:23:23Z,310,7.0,9.0,1.3,15,5.4,210,1018.8,18.2,19.5,15.4,,,
2026-08-16T20:00:00Z,2026-09-12T23:23:23Z,310,7.0,9.0,,,,,1018.7,18.1,19.5,15.3,,-0.6,
2026-08-16T20:10:00Z,2026-09-12T23:23:23Z,310,7.0,9.0,,,,,1018.7,18.2,19.5,15.3,,,
2026-08-16T20:20:00Z,2026-09-12T23:23:23Z,310,7.0,9.0,1.5,16,5.7,204,1018.6,18.2,19.5,15.5,,,
2026-08-16T20:30:00Z,2026-09-12T23:23:23Z,320,8.0,10.0,,,,,1018.4,18.2,19.5,15.3,,,
2026-08-16T20:40:00Z,2026-09-12T23:23:23Z,310,8.0,9.0,1.7,,6.0,222,1018.4,18.1,19.5,15.1,,,
2026-08-16T20:50:00Z,2026-09-12T23:23:23Z,310,8.0,9.0,1.7,15,6.0,222,1018.5,18.1,19.5,15.0,,,
2026-08-16T21:00:00Z,2026-09-12T23:23:23Z,310,8.0,9.0,,,,,1018.3,18.1,19.5,15.1,,-0.9,
2026-08-16T21:10:00Z,2026-09-12T23:23:23Z,310,8.0,10.0,1.5,,5.9,201,1018.0,18.2,19.6,15.3,,,
2026-08-16T21:20:00Z,2026-09-12T23:23:23Z,310,8.0,10.0,1.5,15,5.9,201,1018.0,18.3,19.6,15.4,,,
2026-08-16T21:30:00Z,2026-09-12T23:23:23Z,320,8.0,10.0,,,,,1017.8,18.2,19.6,15.3,,,
2026-08-16T21:40:00Z,2026-09-12T23:23:23Z,320,8.0,11.0,1.6,,5.7,212,1017.7,18.2,19.6,15.3,,,
2026-08-16T21:50:00Z,2026-09-12T23:23:23Z,310,9.0,10.0,1.6,15,5.7,212,1017.5,18.2,19.6,15.3,,,
2026-08-16T22:00:00Z,2026-09-12T23:23:23Z,310,8.0,10.0,,,,,1017.4,18.2,19.6,15.3,,-1.9,
2026-08-16T22:10:00Z,2026-09-12T23:23:23Z,310,8.0,10.0,1.5,,5.4,220,1017.4,18.3,19.6,15.4,,,
2026-08-16T22:20:00Z,2026-09-12T23:23:23Z,300,8.0,10.0,1.5,15,5.4,220,1017.1,18.3,19.6,15.5,,,
2026-08-16T22:30:00Z,2026-09-12T23:23:23Z,300,8.0,10.0,,,,,1016.9,18.3,19.6,15.5,,,
2026-08-16T22:40:00Z,2026-09-12T23:23:23Z,310,8.0,10.0,1.5,,5.4,283,1016.8,18.3,19.7,15.6,,,
2026-08-16T22:50:00Z,2026-09-12T23:23:23Z,310,8.0,10.0,1.5,16,5.4,283,1016.6,18.3,19.7,15.5,,,
2026-08-16T23:00:00Z,2026-09-12T23:23:23Z,310,8.0,10.0,,,,,1016.8,18.3,19.7,15.5,,-2.0,
2026-08-16T23:10:00Z,2026-09-12T23:23:23Z,310,8.0,10.0,1.6,,5.8,228,1016.6,18.3,19.7,15.5,,,
2026-08-16T23:20:00Z,2026-09-12T23:23:23Z,320,8.0,10.0,1.6,15,5.8,228,1016.3,18.3,19.7,15.6,,,
2026-08-16T23:30:00Z,2026-09-12T23:23:23Z,310,8.0,10.0,,,,,1016.2,18.2,19.7,15.6,,,
2026-08-16T23:40:00Z,2026-09-12T23:23:23Z,320,8.0,10.0,1.4,,5.1,203,1016.1,18.3,19.7,15.7,,,
2026-08-16T23:50:00Z,2026-09-12T23:23:23Z,320,8.0,10.0,1.4,16,5.1,203,1016.1,18.2,19.7,15.6,,,
2026-08-17T00:00:00Z,2026-09-12T23:23:23Z,310,8.0,10.0,,,,,1016.2,18.2,19.7,15.6,,-2.1,
2026-08-17T00:10:00Z,2026-09-12T23:23:23Z,310,9.0,10.0,1.5,,5.4,166,1016.2,18.2,19.7,15.5,,,
2026-08-17T00:20:00Z,2026-09-12T23:23:23Z,310,8.0,10.0,1.5,15,5.4,166,1016.1,18.2,19.7,15.6,,,
2026-08-17T00:30:00Z,2026-09-12T23:23:23Z,310,8.0,10.0,,,,,1015.9,18.2,19.7,15.7,,,
2026-08-17T00:40:00Z,2026-09-12T23:23:23Z,310,8.0,9.0,,,,,1015.9,18.2,19.7,15.8,,,
2026-08-17T00:50:00Z,2026-09-12T23:23:23Z,310,8.0,9.0,1.5,15,5.3,220,1015.9,18.3,19.7,15.9,,,
2026-08-17T01:00:00Z,2026-09-12T23:23:23Z,300,8.0,10.0,1.6,,5.7,199,1015.9,18.3,19.7,15.9,,-1.5,
2026-08-17T01:10:00Z,2026-09-12T23:23:23Z,300,8.0,10.0,,,,,1015.8,18.4,19.7,16.1,,,
2026-08-17T01:20:00Z,2026-09-12T23:23:23Z,310,8.0,9.0,1.6,15,5.7,199,1015.6,18.4,19.7,16.2,,,
2026-08-17T01:30:00Z,2026-09-12T23:23:23Z,310,8.0,9.0,,,,,1015.5,18.4,19.7,16.3,,,
2026-08-17T01:40:00Z,2026-09-12T23:23:23Z,310,9.0,10.0,1.5,,5.3,249,1015.4,18.3,19.7,16.1,,,
2026-08-17T01:50:00Z,2026-09-12T23:23:23Z,310,9.0,10.0,1.5,15,5.3,249,1015.3,18.3,19.7,16.1,,,
2026-08-17T02:00:00Z,2026-09-12T23:23:23Z,310,8.0,10.0,,,,,1015.4,18.3,19.7,16.3,,-1.3,
2026-08-17T02:10:00Z,2026-09-12T23:23:23Z,310,9.0,10.0,1.5,,5.3,208,1015.5,18.2,19.7,16.1,,,
2026-08-17T02:20:00Z,2026-09-12T23:23:23Z,300,9.0,10.0,1.5,15,5.3,208,1015.8,18.3,19.8,16.4,,,
2026-08-17T02:30:00Z,2026-09-12T23:23:23Z,300,9.0,10.0,,,,,1015.9,18.2,19.8,16.3,,,
2026-08-17T02:40:00Z,2026-09-12T23:23:23Z,300,9.0,11.0,,,,,1015.8,18.1,,16.2,,,
2026-08-17T02:50:00Z,2026-09-12T23:23:23Z,300,9.0,11.0,1.5,15,5.5,204,1015.8,18.2,19.8,16.3,,,
2026-08-17T03:00:00Z,2026-09-12T23:23:23Z,300,9.0,11.0,,,,,1015.8,18.1,19.8,16.2,,-0.5,
2026-08-17T03:10:00Z,2026-09-12T23:23:23Z,300,9.0,11.0,1.5,,5.3,206,1015.8,18.1,19.8,16.2,,,
2026-08-17T03:20:00Z,2026-09-12T23:23:23Z,300,9.0,11.0,1.5,15,5.3,206,1015.9,18.1,19.9,16.3,,,
2026-08-17T03:30:00Z,2026-09-12T23:23:23Z,300,10.0,12.0,,,,,1016.1,18.0,19.9,16.1,,,
2026-08-17T03:40:00Z,2026-09-12T23:23:23Z,290,10.0,12.0,,,,,1016.1,18.0,19.9,16.0,,,
2026-08-17T03:50:00Z,2026-09-12T23:23:23Z,300,10.0,12.0,1.4,13,4.9,200,1016.3,18.1,19.9,16.1,,,
2026-08-17T04:00:00Z,2026-09-12T23:23:23Z,300,10.0,12.0,,,,,1016.4,18.0,19.9,16.0,,+0.5,
2026-08-17T04:10:00Z,2026-09-12T23:23:23Z,290,10.0,12.0,1.5,,5.3,207,1016.6,18.0,19.9,15.9,,,
2026-08-17T04:20:00Z,2026-09-12T23:23:23Z,300,11.0,13.0,1.5,15,5.3,207,1016.8,18.0,19.9,15.8,,,
2026-08-17T04:30:00Z,2026-09-12T23:23:23Z,290,11.0,13.0,,,,,1016.9,18.0,19.9,15.9,,,
2026-08-17T04:40:00Z,2026-09-12T23:23:23Z,300,10.0,12.0,1.6,,5.1,215,1017.0,18.0,19.8,15.8,,,
2026-08-17T04:50:00Z,2026-09-12T23:23:23Z,300,10.0,13.0,1.6,15,5.1,215,1016.8,18.0,19.8,15.9,,,
2026-08-17T05:00:00Z,2026-09-12T23:23:23Z,310,10.0,13.0,,,,,1017.0,17.9,19.8,15.8,,+1.5,
2026-08-17T05:10:00Z,2026-09-12T23:23:23Z,310,10.0,12.0,1.5,,5.0,221,1016.8,17.9,19.8,15.9,,,
2026-08-17T05:20:00Z,2026-09-12T23:23:23Z,310,10.0,12.0,1.5,15,5.0,221,1016.8,17.8,19.8,15.8,,,
2026-08-17T05:30:00Z,2026-09-12T23:23:23Z,300,10.0,12.0,,,,,1016.7,17.8,19.8,15.8,,,
2026-08-17T05:40:00Z,2026-09-12T23:23:23Z,310,10.0,13.0,1.6,,5.1,222,1016.8,17.8,19.8,15.8,,,
2026-08-17T05:50:00Z,2026-09-12T23:23:23Z,300,10.0,12.0,1.6,15,5.1,222,1016.7,17.7,19.8,15.8,,,
2026-08-17T06:00:00Z,2026-09-12T23:23:23Z,310,11.0,13.0,,,,,1016.5,17.7,19.8,15.8,,+0.8,
2026-08-17T06:10:00Z,2026-09-12T23:23:23Z,310,10.0,13.0,1.6,,5.2,243,1016.5,17.7,19.8,15.8,,,
2026-08-17T06:20:00Z,2026-09-12T23:23:23Z,310,11.0,14.0,1.6,14,5.2,243,1016.6,17.7,19.8,15.7,,,
2026-08-17T06:30:00Z,2026-09-12T23:23:23Z,310,11.0,14.0,,,,,1016.5,17.7,19.8,15.8,,,
2026-08-17T06:40:00Z,2026-09-12T23:23:23Z,310,11.0,13.0,1.6,,4.8,193,1016.4,17.7,19.8,15.8,,,
2026-08-17T06:50:00Z,2026-09-12T23:23:23Z,310,11.0,13.0,1.6,15,4.8,193,1016.3,17.8,,16.0,,,
2026-08-17T07:00:00Z,2026-09-12T23:23:23Z,310,10.0,13.0,,,,,1016.6,17.8,19.8,16.0,,+0.0,
2026-08-17T07:10:00Z,2026-09-12T23:23:23Z,310,10.0,13.0,1.8,,5.2,251,1016.7,17.8,19.8,16.1,,,
2026-08-17T07:20:00Z,2026-09-12T23:23:23Z,320,10.0,11.0,1.8,15,5.2,251,1016.7,17.8,19.8,15.9,,,
2026-08-17T07:30:00Z,2026-09-12T23:23:23Z,320,10.0,12.0,,,,,1016.9,17.8,19.8,15.9,,,
2026-08-17T07:40:00Z,2026-09-12T23:23:23Z,320,9.0,11.0,,,,,1016.8,17.9,19.8,16.0,,,
2026-08-17T07:50:00Z,2026-09-12T23:23:23Z,320,10.0,12.0,1.7,15,5.2,231,1016.8,17.8,19.8,15.9,,,
2026-08-17T08:00:00Z,2026-09-12T23:23:23Z,320,10.0,11.0,,,,,1016.6,17.8,19.8,15.8,,-0.3,
2026-08-17T08:10:00Z,2026-09-12T23:23:23Z,320,9.0,11.0,,,,,1016.7,17.8,19.8,15.9,,,
2026-08-17T08:20:00Z,2026-09-12T23:23:23Z,320,9.0,11.0,1.8,15,5.4,252,1016.7,17.8,19.7,15.9,,,
2026-08-17T08:30:00Z,2026-09-12T23:23:23Z,320,9.0,11.0,,,,,1016.8,17.8,19.7,15.9,,,
2026-08-17T08:40:00Z,2026-09-12T23:23:23Z,310,8.0,10.0,1.7,,5.5,220,1016.7,17.8,19.7,16.0,,,
2026-08-17T08:50:00Z,2026-09-12T23:23:23Z,320,9.0,11.0,1.7,15,5.5,220,1016.6,17.8,19.7,16.0,,,
2026-08-17T09:00:00Z,2026-09-12T23:23:23Z,320,9.0,11.0,,,,,1016.6,17.8,19.7,15.9,,+0.0,
2026-08-17T09:10:00Z,2026-09-12T23:23:23Z,320,9.0,10.0,1.7,,5.4,242,1016.7,17.9,19.7,16.0,,,
2026-08-17T09:20:00Z,2026-09-12T23:23:23Z,310,9.0,11.0,1.7,15,5.4,242,1016.6,17.8,19.6,15.9,,,
2026-08-17T09:30:00Z,2026-09-12T23:23:23Z,310,9.0,11.0,,,,,1016.6,17.8,19.6,15.9,,,
2026-08-17T09:40:00Z,2026-09-12T23:23:23Z,,,,,,,,1016.6,,19.6,,,,
2026-08-17T09:50:00Z,2026-09-12T23:23:23Z,320,9.0,11.0,1.7,6,5.2,326,1016.5,17.7,19.6,15.7,,,
2026-08-17T10:00:00Z,2026-09-12T23:23:23Z,320,9.0,11.0,,,,,1016.4,17.8,19.6,15.9,,+0.0,
2026-08-17T10:10:00Z,2026-09-12T23:23:23Z,310,9.0,11.0,1.7,,5.4,215,1016.6,17.7,19.6,15.7,,,
2026-08-17T10:20:00Z,2026-09-12T23:23:23Z,320,9.0,12.0,1.7,15,5.4,215,1016.5,17.7,19.6,15.6,,,
2026-08-17T10:30:00Z,2026-09-12T23:23:23Z,320,9.0,11.0,,,,,1016.6,17.7,19.6,15.6,,,
2026-08-17T10:40:00Z,2026-09-12T23:23:23Z,310,9.0,11.0,1.8,,5.3,321,1016.6,17.8,19.6,15.8,,,
2026-08-17T10:50:00Z,2026-09-12T23:23:23Z,310,8.0,10.0,1.8,6,5.3,321,1016.5,17.8,19.6,15.7,,,
2026-08-17T11:00:00Z,2026-09-12T23:23:23Z,310,8.0,10.0,,,,,1016.5,17.7,19.6,15.7,,+0.0,
2026-08-17T11:10:00Z,2026-09-12T23:23:23Z,320,7.0,9.0,1.8,,5.7,194,1016.5,17.8,19.6,15.9,,,
2026-08-17T11:20:00Z,2026-09-12T23:23:23Z,330,8.0,10.0,1.8,15,5.7,194,1016.3,17.8,19.6,15.9,,,
2026-08-17T11:30:00Z,2026-09-12T23:23:23Z,320,8.0,10.0,,,,,1016.4,17.6,19.6,15.6,,,
2026-08-17T11:40:00Z,2026-09-12T23:23:23Z,320,8.0,11.0,1.8,,5.8,192,1016.2,17.6,19.6,15.7,,,
2026-08-17T11:50:00Z,2026-09-12T23:23:23Z,320,8.0,10.0,1.8,15,5.8,192,1016.1,17.6,19.6,15.8,,,
2026-08-17T12:00:00Z,2026-09-12T23:23:23Z,330,8.0,10.0,,,,,1016.3,17.5,19.6,15.6,,-0.4,
2026-08-17T12:10:00Z,2026-09-12T23:23:23Z,320,8.0,10.0,1.8,,5.5,318,1016.3,17.6,19.6,15.7,,,
2026-08-17T12:20:00Z,2026-09-12T23:23:23Z,320,8.0,10.0,1.8,6,5.5,318,1016.2,17.4,,15.5,,,
2026-08-17T12:30:00Z,2026-09-12T23:23:23Z,330,7.0,9.0,,,,,1016.4,17.6,19.6,15.7,,,
2026-08-17T12:40:00Z,2026-09-12T23:23:23Z,310,7.0,9.0,1.8,,6.0,200,1016.6,17.7,19.6,15.9,,,
2026-08-17T12:50:00Z,2026-09-12T23:23:23Z,320,7.0,9.0,1.8,15,6.0,200,1016.5,17.7,19.6,15.9,,,
2026-08-17T13:00:00Z,2026-09-12T23:23:23Z,320,7.0,9.0,,,,,1016.6,17.7,19.6,15.9,,-0.0,
2026-08-17T13:10:00Z,2026-09-12T23:23:23Z,330,8.0,9.0,1.7,,5.8,192,1016.6,17.7,19.6,15.9,,,
2026-08-17T13:20:00Z,2026-09-12T23:23:23Z,320,8.0,9.0,1.7,15,5.8,192,1016.9,17.6,19.5,15.8,,,
2026-08-17T13:30:00Z,2026-09-12T23:23:23Z,310,8.0,11.0,,,,,1016.9,17.5,19.5,15.6,,,
2026-08-17T13:40:00Z,2026-09-12T23:23:23Z,310,8.0,10.0,,,,,1016.9,17.7,19.5,15.8,,,
2026-08-17T13:50:00Z,2026-09-12T23:23:23Z,310,8.0,9.0,1.8,15,6.0,210,1017.0,17.6,,15.7,,,
2026-08-17T14:00:00Z,2026-09-12T23:23:23Z,310,8.0,10.0,,,,,1017.1,17.5,19.5,15.4,,+0.5,
2026-08-17T14:10:00Z,2026-09-12T23:23:23Z,300,7.0,9.0,1.6,,5.5,176,1017.1,17.7,19.5,15.7,,,
2026-08-17T14:20:00Z,2026-09-12T23:23:23Z,310,8.0,9.0,1.6,15,5.5,176,1017.2,17.7,19.5,15.5,,,
2026-08-17T14:30:00Z,2026-09-12T23:23:23Z,300,8.0,10.0,1.7,,5.7,322,1017.4,17.7,19.5,15.6,,,
2026-08-17T14:40:00Z,2026-09-12T23:23:23Z,310,8.0,11.0,,,,,1018.2,17.7,19.4,15.6,,,
2026-08-17T14:50:00Z,2026-09-12T23:23:23Z,310,8.0,10.0,1.7,7,5.7,322,1017.4,17.6,19.4,15.5,,,
2026-08-17T15:00:00Z,2026-09-12T23:23:23Z,310,8.0,9.0,,,,,1017.4,17.8,19.4,15.7,,+1.1,
2026-08-17T15:10:00Z,2026-09-12T23:23:23Z,310,9.0,11.0,1.6,,5.8,184,1017.4,17.8,19.4,15.6,,,
2026-08-17T15:20:00Z,2026-09-12T23:23:23Z,300,8.0,10.0,1.6,14,5.8,184,1017.4,17.7,19.4,15.6,,,
2026-08-17T15:30:00Z,2026-09-12T23:23:23Z,310,8.0,9.0,,,,,1017.4,17.8,19.4,15.8,,,
2026-08-17T15:40:00Z,2026-09-12T23:23:23Z,,,,1.7,,5.8,213,1017.4,,,,,,
2026-08-17T15:50:00Z,2026-09-12T23:23:23Z,310,8.0,9.0,1.7,15,5.8,213,1017.3,17.8,19.4,15.6,,,
2026-08-17T16:00:00Z,2026-09-12T23:23:23Z,310,7.0,10.0,,,,,1017.1,17.9,19.4,15.8,,+0.5,
2026-08-17T16:10:00Z,2026-09-12T23:23:23Z,310,8.0,10.0,1.5,,5.6,203,1017.0,17.9,19.4,15.8,,,
2026-08-17T16:20:00Z,2026-09-12T23:23:23Z,310,7.0,9.0,1.5,15,5.6,203,1017.2,17.7,19.4,15.3,,,
2026-08-17T16:30:00Z,2026-09-12T23:23:23Z,310,7.0,9.0,,,,,1017.2,17.8,19.4,15.6,,,
2026-08-17T16:40:00Z,2026-09-12T23:23:23Z,310,7.0,9.0,1.7,,5.8,193,1017.3,17.9,19.4,15.8,,,
2026-08-17T16:50:00Z,2026-09-12T23:23:23Z,310,7.0,8.0,1.7,14,5.8,193,1017.5,17.8,19.4,15.6,,,
2026-08-17T17:00:00Z,2026-09-12T23:23:23Z,310,7.0,10.0,,,,,1017.5,17.8,19.4,15.6,,+0.4,
2026-08-17T17:10:00Z,2026-09-12T23:23:23Z,310,8.0,10.0,1.6,,5.7,209,1017.5,17.9,19.4,15.6,,,
2026-08-17T17:20:00Z,2026-09-12T23:23:23Z,310,8.0,10.0,1.6,15,5.7,209,1017.7,17.8,19.5,15.5,,,
2026-08-17T17:30:00Z,2026-09-12T23:23:23Z,310,7.0,9.0,,,,,1017.6,17.8,19.5,15.5,,,
2026-08-17T17:40:00Z,2026-09-12T23:23:23Z,310,8.0,9.0,1.6,,5.9,207,1017.5,17.9,19.5,15.7,,,
2026-08-17T17:50:00Z,2026-09-12T23:23:23Z,310,8.0,10.0,1.6,15,5.9,207,1017.5,17.9,19.5,15.6,,,
2026-08-17T18:00:00Z,2026-09-12T23:23:23Z,310,7.0,9.0,,,,,1017.4,17.9,19.5,15.6,,+0.0,
2026-08-17T18:10:00Z,2026-09-12T23:23:23Z,320,7.0,9.0,1.7,,5.8,207,1017.5,17.9,19.5,15.7,,,
2026-08-17T18:20:00Z,2026-09-12T23:23:23Z,320,7.0,9.0,1.7,15,5.8,207,1017.5,17.9,19.5,15.8,,,
2026-08-17T18:30:00Z,2026-09-12T23:23:23Z,300,7.0,9.0,,,,,1017.5,18.0,,15.9,,,
2026-08-17T18:40:00Z,2026-09-12T23:23:23Z,310,8.0,9.0,1.5,,5.3,320,1017.5,18.0,19.5,15.8,,,
2026-08-17T18:50:00Z,2026-09-12T23:23:23Z,300,8.0,9.0,1.5,6,5.3,320,1017.2,18.0,19.5,15.7,,,
2026-08-17T19:00:00Z,2026-09-12T23:23:23Z,310,8.0,10.0,1.5,,5.5,319,1017.0,18.0,19.5,15.7,,+0.0,
2026-08-17T19:10:00Z,2026-09-12T23:23:23Z,310,8.0,10.0,,,,,1017.0,18.0,19.5,15.8,,,
2026-08-17T19:20:00Z,2026-09-12T23:23:23Z,310,8.0,10.0,1.5,7,5.5,319,1017.0,18.1,,16.0,,,
2026-08-17T19:30:00Z,2026-09-12T23:23:23Z,310,8.0,10.0,,,,,1017.0,18.1,19.6,16.1,,,
2026-08-17T19:40:00Z,2026-09-12T23:23:23Z,310,8.0,10.0,1.4,,5.3,177,1016.9,18.1,19.6,16.1,,,
2026-08-17T19:50:00Z,2026-09-12T23:23:23Z,300,8.0,10.0,1.4,14,5.3,177,1016.8,18.0,19.6,15.8,,,
2026-08-17T20:00:00Z,2026-09-12T23:23:23Z,300,8.0,10.0,,,,,1016.7,18.1,19.6,16.0,,-0.8,
2026-08-17T20:10:00Z,2026-09-12T23:23:23Z,300,8.0,10.0,1.6,,5.5,215,1016.6,18.1,19.6,16.0,,,
2026-08-17T20:20:00Z,2026-09-12T23:23:23Z,300,9.0,11.0,1.6,15,5.5,215,1016.6,18.0,19.6,15.8,,,
2026-08-17T20:30:00Z,2026-09-12T23:23:23Z,310,9.0,11.0,,,,,1016.5,17.9,19.6,15.7,,,
2026-08-17T20:40:00Z,2026-09-12T23:23:23Z,310,8.0,10.0,1.8,,5.8,327,1016.4,18.0,19.6,15.8,,,
2026-08-17T20:50:00Z,2026-09-12T23:23:23Z,310,9.0,10.0,1.8,7,5.8,327,1016.3,18.0,19.6,15.9,,,
2026-08-17T21:00:00Z,2026-09-12T23:23:23Z,310,8.0,10.0,,,,,1016.3,18.0,19.6,15.9,,-1.2,
2026-08-17T21:10:00Z,2026-09-12T23:23:23Z,310,8.0,10.0,1.6,,5.4,231,1016.2,18.0,19.6,15.8,,,
2026-08-17T21:20:00Z,2026-09-12T23:23:23Z,310,8.0,10.0,1.6,15,5.4,231,1016.2,18.0,19.6,15.8,,,
2026-08-17T21:30:00Z,2026-09-12T23:23:23Z,310,9.0,10.0,,,,,1016.1,18.2,19.6,16.0,,,
2026-08-17T21:40:00Z,2026-09-12T23:23:23Z,320,9.0,10.0,1.5,,5.3,320,1016.1,18.2,19.6,16.0,,,
2026-08-17T21:50:00Z,2026-09-12T23:23:23Z,320,9.0,10.0,1.5,6,5.3,320,1016.0,18.2,19.6,16.0,,,
2026-08-17T22:00:00Z,2026-09-12T23:23:23Z,310,9.0,11.0,,,,,1016.0,18.2,19.6,16.0,,-1.2,
2026-08-17T22:10:00Z,2026-09-12T23:23:23Z,310,9.0,11.0,1.7,,5.5,213,1015.8,18.3,19.6,16.1,,,
2026-08-17T22:20:00Z,2026-09-12T23:23:23Z,310,9.0,11.0,1.7,15,5.5,213,1015.6,18.1,19.6,15.8,,,
2026-08-17T22:30:00Z,2026-09-12T23:23:23Z,310,9.0,11.0,,,,,1015.6,18.2,19.6,16.1,,,
2026-08-17T22:40:00Z,2026-09-12T23:23:23Z,310,9.0,11.0,1.7,,5.4,206,1015.6,18.2,19.6,16.1,,,
2026-08-17T22:50:00Z,2026-09-12T23:23:23Z,310,9.0,11.0,1.7,15,5.4,206,1015.5,18.2,19.6,16.0,,,
2026-08-17T23:00:00Z,2026-09-12T23:23:23Z,310,9.0,10.0,,,,,1015.5,18.3,19.6,16.2,,-1.1,
2026-08-17T23:10:00Z,2026-09-12T23:23:23Z,300,9.0,10.0,1.5,,5.3,208,1015.3,18.3,19.6,16.1,,,
2026-08-17T23:40:00Z,2026-09-12T23:23:23Z,310,9.0,10.0,1.5,,5.1,216,1015.1,18.2,19.6,16.1,,,
2026-08-17T23:50:00Z,2026-09-12T23:23:23Z,310,9.0,11.0,1.5,15,5.1,216,1015.0,18.2,19.6,16.2,,,
2026-08-18T00:00:00Z,2026-09-12T23:23:23Z,310,9.0,11.0,,,,,1015.1,18.2,19.6,16.3,,-1.2,
2026-08-18T00:10:00Z,2026-09-12T23:23:23Z,310,10.0,11.0,1.4,,4.7,318,1014.9,18.3,19.6,16.4,,,
2026-08-18T00:20:00Z,2026-09-12T23:23:23Z,310,10.0,12.0,1.4,6,4.7,318,1014.8,18.2,19.7,16.3,,,
2026-08-18T00:30:00Z,2026-09-12T23:23:23Z,310,10.0,12.0,,,,,1014.7,18.3,19.7,16.5,,,
2026-08-18T00:40:00Z,2026-09-12T23:23:23Z,310,10.0,12.0,1.4,,4.8,219,1014.5,18.1,19.7,16.3,,,
2026-08-18T00:50:00Z,2026-09-12T23:23:23Z,300,10.0,12.0,1.4,14,4.8,219,1014.5,18.2,19.7,16.4,,,
2026-08-18T01:00:00Z,2026-09-12T23:23:23Z,310,10.0,12.0,,,,,1014.7,18.2,19.8,16.5,,-1.2,
2026-08-18T01:10:00Z,2026-09-12T23:23:23Z,310,10.0,12.0,1.4,,4.9,284,1014.4,18.2,19.8,16.5,,,
2026-08-18T01:20:00Z,2026-09-12T23:23:23Z,310,10.0,12.0,1.4,15,4.9,284,1014.3,18.1,19.7,16.4,,,
2026-08-18T01:30:00Z,2026-09-12T23:23:23Z,310,10.0,12.0,,,,,1014.3,18.1,19.7,16.5,,,
2026-08-18T01:40:00Z,2026-09-12T23:23:23Z,310,10.0,12.0,1.5,,5.1,241,1014.3,18.1,19.7,16.5,,,
2026-08-18T01:50:00Z,2026-09-12T23:23:23Z,310,11.0,13.0,1.5,15,5.1,241,1014.1,18.0,19.7,16.4,,,
2026-08-18T02:00:00Z,2026-09-12T23:23:23Z,310,10.0,12.0,,,,,1014.1,18.0,19.7,16.5,,-1.5,
2026-08-18T02:10:00Z,2026-09-12T23:23:23Z,310,10.0,11.0,1.6,,5.1,228,1014.1,18.0,19.7,16.6,,,
2026-08-18T02:20:00Z,2026-09-12T23:23:23Z,310,10.0,12.0,1.6,14,5.1,228,1014.0,18.0,19.6,16.5,,,
2026-08-18T02:30:00Z,2026-09-12T23:23:23Z,310,9.0,11.0,,,,,1014.1,18.0,19.7,16.6,,,
2026-08-18T02:40:00Z,2026-09-12T23:23:23Z,300,10.0,11.0,1.6,,5.0,251,1014.3,18.0,19.7,16.6,,,
2026-08-18T02:50:00Z,2026-09-12T23:23:23Z,310,10.0,12.0,1.6,14,5.0,251,1014.2,18.1,19.7,16.8,,,
2026-08-18T03:00:00Z,2026-09-12T23:23:23Z,310,10.0,12.0,,,,,1014.3,18.0,19.7,16.6,,-0.7,
2026-08-18T03:10:00Z,2026-09-12T23:23:23Z,310,10.0,13.0,1.5,,4.9,199,1014.3,18.0,19.7,16.7,,,
2026-08-18T03:20:00Z,2026-09-12T23:23:23Z,310,10.0,12.0,1.5,14,4.9,199,1014.4,18.1,19.6,16.8,,,
2026-08-18T03:30:00Z,2026-09-12T23:23:23Z,310,10.0,12.0,,,,,1014.5,18.0,19.7,16.6,,,
2026-08-18T03:40:00Z,2026-09-12T23:23:23Z,320,10.0,12.0,1.6,,5.0,226,1014.6,18.0,19.7,16.6,,,
2026-08-18T03:50:00Z,2026-09-12T23:23:23Z,320,10.0,12.0,1.6,15,5.0,226,1014.8,18.0,19.7,16.6,,,
2026-08-18T04:00:00Z,2026-09-12T23:23:23Z,310,10.0,13.0,,,,,1014.9,18.0,19.6,16.6,,-0.0,
2026-08-18T04:10:00Z,2026-09-12T23:23:23Z,310,10.0,11.0,1.6,,4.8,319,1015.0,18.0,19.6,16.7,,,
2026-08-18T04:20:00Z,2026-09-12T23:23:23Z,320,10.0,12.0,1.6,6,4.8,319,1015.1,18.0,19.6,16.6,,,
2026-08-18T04:30:00Z,2026-09-12T23:23:23Z,310,10.0,12.0,,,,,1015.2,18.0,19.6,16.6,,,
2026-08-18T04:40:00Z,2026-09-12T23:23:23Z,,,,1.8,15,,,,,19.6,,,,
2026-08-18T04:50:00Z,2026-09-12T23:23:23Z,300,10.0,13.0,1.8,,5.1,241,1015.4,18.1,,16.8,,,
2026-08-18T05:00:00Z,2026-09-12T23:23:23Z,300,10.0,11.0,,,,,1015.5,18.1,19.6,16.8,,+1.5,
2026-08-18T05:10:00Z,2026-09-12T23:23:23Z,310,10.0,12.0,1.7,,5.1,316,1015.4,18.0,19.5,16.7,,,
2026-08-18T05:20:00Z,2026-09-12T23:23:23Z,310,10.0,12.0,1.7,6,5.1,316,1015.4,18.0,19.5,16.6,,,
2026-08-18T05:30:00Z,2026-09-12T23:23:23Z,320,11.0,13.0,,,,,1015.3,18.0,19.5,16.6,,,
2026-08-18T05:40:00Z,2026-09-12T23:23:23Z,320,10.0,12.0,1.7,,5.0,180,1015.4,18.1,19.5,16.7,,,
2026-08-18T05:50:00Z,2026-09-12T23:23:23Z,310,10.0,12.0,1.7,14,5.0,180,1015.4,18.1,19.5,16.8,,,
2026-08-18T06:00:00Z,2026-09-12T23:23:23Z,300,10.0,13.0,1.7,,5.0,187,1015.4,18.1,19.5,16.7,,+1.1,
2026-08-18T06:10:00Z,2026-09-12T23:23:23Z,310,11.0,12.0,,,,,1015.4,18.1,19.5,16.6,,,
2026-08-18T06:20:00Z,2026-09-12T23:23:23Z,310,11.0,13.0,1.7,14,5.0,187,1015.3,18.0,19.5,16.6,,,
2026-08-18T06:30:00Z,2026-09-12T23:23:23Z,310,10.0,12.0,,,,,1015.3,18.1,19.5,16.8,,,
2026-08-18T06:40:00Z,2026-09-12T23:23:23Z,310,10.0,12.0,1.7,,5.0,321,1015.2,18.1,19.5,16.7,,,
2026-08-18T06:50:00Z,2026-09-12T23:23:23Z,310,11.0,13.0,1.7,7,5.0,321,1015.2,18.0,19.5,16.6,,,
2026-08-18T07:00:00Z,2026-09-12T23:23:23Z,310,11.0,13.0,,,,,1015.1,18.0,19.5,16.7,,+0.3,
2026-08-18T07:10:00Z,2026-09-12T23:23:23Z,310,11.0,13.0,1.8,,5.3,319,1015.1,18.1,19.5,16.8,,,
2026-08-18T07:20:00Z,2026-09-12T23:23:23Z,310,11.0,13.0,1.8,6,5.3,319,1015.3,17.9,19.5,16.6,,,
2026-08-18T07:30:00Z,2026-09-12T23:23:23Z,310,10.0,13.0,,,,,1015.3,18.0,19.5,16.7,,,
2026-08-18T07:40:00Z,2026-09-12T23:23:23Z,310,10.0,13.0,,,,,1015.3,17.9,19.5,16.6,,,
2026-08-18T07:50:00Z,2026-09-12T23:23:23Z,310,10.0,13.0,1.8,7,5.3,319,1015.4,17.9,19.5,16.6,,,
2026-08-18T08:00:00Z,2026-09-12T23:23:23Z,310,10.0,13.0,,,,,1015.6,17.8,19.5,16.5,,-0.0,
2026-08-18T08:10:00Z,2026-09-12T23:23:23Z,310,9.0,12.0,,,,,1015.6,17.9,19.5,16.6,,,
2026-08-18T08:20:00Z,2026-09-12T23:23:23Z,310,10.0,12.0,1.9,6,5.2,315,1015.5,17.8,19.5,16.5,,,
2026-08-18T08:30:00Z,2026-09-12T23:23:23Z,310,10.0,12.0,,,,,1015.3,17.7,19.5,16.3,,,
2026-08-18T08:40:00Z,2026-09-12T23:23:23Z,320,10.0,12.0,1.9,,5.3,315,1015.2,17.8,,16.5,,,
2026-08-18T08:50:00Z,2026-09-12T23:23:23Z,310,10.0,12.0,1.9,7,5.3,315,1015.3,17.7,19.5,16.4,,,
2026-08-18T09:00:00Z,2026-09-12T23:23:23Z,310,10.0,12.0,,,,,1015.1,17.8,19.4,16.6,,-0.4,
2026-08-18T09:10:00Z,2026-09-12T23:23:23Z,310,10.0,12.0,1.9,,5.4,312,1015.0,17.7,19.4,16.4,,,
2026-08-18T09:20:00Z,2026-09-12T23:23:23Z,310,9.0,12.0,1.9,7,5.4,312,1014.9,17.8,19.4,16.6,,,
2026-08-18T09:30:00Z,2026-09-12T23:23:23Z,310,9.0,12.0,,,,,1014.8,17.8,19.4,16.6,,,
2026-08-18T09:40:00Z,2026-09-12T23:23:23Z,320,10.0,11.0,,,,,1015.0,17.6,19.4,16.4,,,
2026-08-18T09:50:00Z,2026-09-12T23:23:23Z,310,9.0,11.0,1.9,7,5.5,314,1014.8,17.7,19.4,16.5,,,
2026-08-18T10:00:00Z,2026-09-12T23:23:23Z,310,9.0,12.0,,,,,1015.0,17.6,19.4,16.4,,+0.0,
2026-08-18T10:10:00Z,2026-09-12T23:23:23Z,310,10.0,13.0,1.9,,5.4,319,1014.9,17.6,19.4,16.5,,,
2026-08-18T10:20:00Z,2026-09-12T23:23:23Z,310,9.0,11.0,1.9,7,5.4,319,1015.0,17.6,19.4,16.4,,,
2026-08-18T10:30:00Z,2026-09-12T23:23:23Z,310,9.0,11.0,,,,,1014.9,17.6,19.4,16.4,,,
2026-08-18T10:40:00Z,2026-09-12T23:23:23Z,310,9.0,12.0,2.0,,5.6,317,1014.9,17.5,19.4,16.3,,,
2026-08-18T10:50:00Z,2026-09-12T23:23:23Z,310,9.0,11.0,2.0,7,5.6,317,1015.0,17.5,19.4,16.4,,,
2026-08-18T11:00:00Z,2026-09-12T23:23:23Z,310,9.0,11.0,,,,,1015.0,17.6,19.4,16.5,,-0.6,
2026-08-18T11:10:00Z,2026-09-12T23:23:23Z,310,9.0,12.0,2.0,,5.6,317,1014.8,17.4,19.4,16.3,,,
2026-08-18T11:20:00Z,2026-09-12T23:23:23Z,310,9.0,11.0,2.0,7,5.6,317,1014.8,17.4,19.4,16.4,,,
2026-08-18T11:30:00Z,2026-09-12T23:23:23Z,310,8.0,11.0,,,,,1014.6,17.6,19.4,16.6,,,
2026-08-18T11:40:00Z,2026-09-12T23:23:23Z,310,10.0,11.0,,,,,1014.5,17.5,19.4,16.6,,,
2026-08-18T11:50:00Z,2026-09-12T23:23:23Z,310,9.0,11.0,1.9,7,5.7,320,1014.4,17.3,19.4,16.3,,,
2026-08-18T12:00:00Z,2026-09-12T23:23:23Z,310,9.0,11.0,,,,,1014.3,17.5,19.5,16.5,,-0.8,
2026-08-18T12:10:00Z,2026-09-12T23:23:23Z,,,,1.9,8,,,,,,,,,
2026-08-18T12:20:00Z,2026-09-12T23:23:23Z,310,9.0,11.0,1.9,,5.7,319,1014.4,17.4,19.5,16.4,,,
2026-08-18T12:30:00Z,2026-09-12T23:23:23Z,310,9.0,11.0,,,,,1014.4,17.3,19.5,16.3,,,
2026-08-18T12:40:00Z,2026-09-12T23:23:23Z,310,9.0,11.0,1.9,,5.7,319,1014.4,17.6,19.6,16.6,,,
2026-08-18T12:50:00Z,2026-09-12T23:23:23Z,310,8.0,10.0,1.9,7,5.7,319,1014.6,17.5,19.6,16.5,,,
2026-08-18T13:00:00Z,2026-09-12T23:23:23Z,310,8.0,10.0,,,,,1014.7,17.5,19.6,16.6,,-0.3,
2026-08-18T13:10:00Z,2026-09-12T23:23:23Z,310,9.0,11.0,,,,,1014.9,17.4,19.6,16.4,,,
2026-08-18T13:20:00Z,2026-09-12T23:23:23Z,310,9.0,10.0,1.9,7,5.6,312,1014.8,17.6,19.6,16.6,,,
2026-08-18T13:30:00Z,2026-09-12T23:23:23Z,310,9.0,11.0,,,,,1015.1,17.5,19.6,16.5,,,
2026-08-18T13:40:00Z,2026-09-12T23:23:23Z,300,9.0,11.0,2.0,,5.8,319,1015.3,17.3,19.6,16.2,,,
2026-08-18T13:50:00Z,2026-09-12T23:23:23Z,310,8.0,10.0,2.0,8,5.8,319,1015.4,17.4,19.6,16.3,,,
2026-08-18T14:00:00Z,2026-09-12T23:23:23Z,300,9.0,11.0,,,,,1015.5,17.3,19.6,16.2,,+0.5,
2026-08-18T14:10:00Z,2026-09-12T23:23:23Z,,,,1.9,7,,,,,,,,,
2026-08-18T14:20:00Z,2026-09-12T23:23:23Z,300,9.0,11.0,1.9,,5.8,317,1015.7,17.5,19.6,16.4,,,
2026-08-18T14:30:00Z,2026-09-12T23:23:23Z,300,9.0,11.0,,,,,1015.8,17.5,19.6,16.4,,,
2026-08-18T14:40:00Z,2026-09-12T23:23:23Z,300,9.0,11.0,,,,,1015.8,17.4,19.6,16.2,,,
2026-08-18T14:50:00Z,2026-09-12T23:23:23Z,300,9.0,12.0,2.0,8,5.9,323,1015.9,17.4,19.6,16.2,,,
2026-08-18T15:00:00Z,2026-09-12T23:23:23Z,300,9.0,11.0,,,,,1015.9,17.5,19.6,16.2,,+1.6,
2026-08-18T15:10:00Z,2026-09-12T23:23:23Z,300,9.0,11.0,2.1,,6.0,312,1016.0,17.6,19.6,16.3,,,
2026-08-18T15:20:00Z,2026-09-12T23:23:23Z,310,10.0,12.0,2.1,7,6.0,312,1016.0,17.5,19.5,16.1,,,
2026-08-18T15:30:00Z,2026-09-12T23:23:23Z,300,9.0,11.0,,,,,1016.2,17.6,19.5,16.2,,,
2026-08-18T15:40:00Z,2026-09-12T23:23:23Z,300,9.0,11.0,,,,,1016.3,17.6,19.5,16.1,,,
2026-08-18T15:50:00Z,2026-09-12T23:23:23Z,300,9.0,11.0,2.0,8,5.8,324,1016.2,17.5,19.5,16.1,,,
2026-08-18T16:00:00Z,2026-09-12T23:23:23Z,300,9.0,12.0,,,,,1016.1,17.7,19.5,16.3,,+1.5,
2026-08-18T16:10:00Z,2026-09-12T23:23:23Z,300,10.0,12.0,2.0,,5.7,321,1016.1,17.5,19.5,16.1,,,
2026-08-18T16:20:00Z,2026-09-12T23:23:23Z,310,10.0,11.0,2.0,8,5.7,321,1016.2,17.5,,16.0,,,
2026-08-18T16:30:00Z,2026-09-12T23:23:23Z,300,10.0,11.0,2.1,,5.6,318,1016.1,17.6,19.5,16.1,,,
2026-08-18T16:40:00Z,2026-09-12T23:23:23Z,310,10.0,12.0,,,,,1016.1,17.6,19.5,16.0,,,
2026-08-18T16:50:00Z,2026-09-12T23:23:23Z,300,9.0,12.0,2.1,8,5.6,318,1016.1,17.8,19.5,16.3,,,
2026-08-18T17:00:00Z,2026-09-12T23:23:23Z,310,10.0,12.0,,,,,1016.2,17.7,19.5,16.2,,+0.9,
2026-08-18T17:10:00Z,2026-09-12T23:23:23Z,310,10.0,12.0,1.9,,5.8,313,1016.3,17.7,19.5,16.2,,,
2026-08-18T17:20:00Z,2026-09-12T23:23:23Z,310,9.0,11.0,1.9,7,5.8,313,1016.3,17.7,19.5,16.2,,,
2026-08-18T17:30:00Z,2026-09-12T23:23:23Z,320,10.0,12.0,,,,,1016.3,17.7,19.5,16.1,,,
2026-08-18T17:40:00Z,2026-09-12T23:23:23Z,310,9.0,11.0,2.1,,5.8,318,1016.3,17.8,19.5,16.2,,,
2026-08-18T17:50:00Z,2026-09-12T23:23:23Z,320,9.0,11.0,2.1,8,5.8,318,1016.2,17.8,19.5,16.1,,,
2026-08-18T18:00:00Z,2026-09-12T23:23:23Z,310,9.0,12.0,,,,,1016.2,17.8,19.5,16.1,,+0.4,
2026-08-18T18:10:00Z,2026-09-12T23:23:23Z,310,9.0,11.0,2.1,,5.8,325,1016.2,17.8,19.5,16.2,,,
2026-08-18T18:20:00Z,2026-09-12T23:23:23Z,310,9.0,11.0,2.1,8,5.8,325,1016.2,17.7,19.5,16.0,,,
2026-08-18T18:30:00Z,2026-09-12T23:23:23Z,310,9.0,11.0,,,,,1016.3,17.9,19.5,16.1,,,
2026-08-18T18:40:00Z,2026-09-12T23:23:23Z,320,9.0,11.0,2.1,,5.6,327,1016.3,18.0,19.5,16.2,,,
2026-08-18T18:50:00Z,2026-09-12T23:23:23Z,310,9.0,10.0,2.1,8,5.6,327,1016.3,18.0,19.5,16.3,,,
2026-08-18T19:00:00Z,2026-09-12T23:23:23Z,310,9.0,11.0,,,,,1016.4,17.9,19.5,16.2,,+0.0,
2026-08-18T19:10:00Z,2026-09-12T23:23:23Z,320,9.0,11.0,2.1,,5.8,323,1016.3,17.9,19.5,16.1,,,
2026-08-18T19:20:00Z,2026-09-12T23:23:23Z,320,9.0,11.0,2.1,8,5.8,323,1016.1,18.0,19.5,16.3,,,
2026-08-18T19:30:00Z,2026-09-12T23:23:23Z,310,9.0,11.0,,,,,1016.0,18.0,19.5,16.3,,,
2026-08-18T19:40:00Z,2026-09-12T23:23:23Z,310,9.0,12.0,2.1,,5.8,313,1015.9,18.0,19.5,16.4,,,
2026-08-18T19:50:00Z,2026-09-12T23:23:23Z,300,10.0,11.0,2.1,7,5.8,313,1015.7,18.0,19.5,16.4,,,
2026-08-18T20:00:00Z,2026-09-12T23:23:23Z,310,10.0,12.0,,,,,1015.3,18.0,19.6,16.4,,-1.1,
2026-08-18T20:10:00Z,2026-09-12T23:23:23Z,310,11.0,13.0,2.0,,5.7,318,1015.2,18.0,19.6,16.4,,,
2026-08-18T20:20:00Z,2026-09-12T23:23:23Z,310,10.0,12.0,2.0,7,5.7,318,1015.3,18.0,19.6,16.3,,,
2026-08-18T20:30:00Z,2026-09-12T23:23:23Z,310,10.0,12.0,,,,,1015.2,18.0,19.6,16.3,,,
2026-08-18T20:40:00Z,2026-09-12T23:23:23Z,310,10.0,12.0,2.0,,5.6,318,1015.1,18.0,19.6,16.2,,,
2026-08-18T20:50:00Z,2026-09-12T23:23:23Z,310,10.0,11.0,2.0,8,5.6,318,1014.9,18.0,19.6,16.3,,,
2026-08-18T21:00:00Z,2026-09-12T23:23:23Z,310,10.0,12.0,,,,,1014.8,18.0,19.6,16.3,,-1.4,
2026-08-18T21:10:00Z,2026-09-12T23:23:23Z,310,10.0,12.0,2.1,,5.6,316,1014.6,18.1,19.6,16.5,,,
2026-08-18T21:20:00Z,2026-09-12T23:23:23Z,310,10.0,12.0,2.1,7,5.6,316,1014.5,18.0,19.6,16.4,,,
2026-08-18T21:30:00Z,2026-09-12T23:23:23Z,310,10.0,12.0,,,,,1014.5,18.2,19.6,16.6,,,
2026-08-18T21:40:00Z,2026-09-12T23:23:23Z,310,10.0,12.0,2.0,,5.6,322,1014.3,18.0,19.6,16.4,,,
2026-08-18T21:50:00Z,2026-09-12T23:23:23Z,310,10.0,13.0,2.0,8,5.6,322,1014.2,18.0,19.6,16.4,,,
2026-08-18T22:00:00Z,2026-09-12T23:23:23Z,310,10.0,11.0,,,,,1014.3,18.1,19.6,16.6,,-2.2,
2026-08-18T22:10:00Z,2026-09-12T23:23:23Z,310,10.0,12.0,2.2,,5.7,322,1014.2,18.1,19.6,16.5,,,
2026-08-18T22:20:00Z,2026-09-12T23:23:23Z,310,8.0,11.0,2.2,8,5.7,322,1014.2,18.3,19.6,16.9,,,
2026-08-18T22:30:00Z,2026-09-12T23:23:23Z,310,9.0,11.0,,,,,1014.1,18.1,19.6,16.7,,,
2026-08-18T22:40:00Z,2026-09-12T23:23:23Z,310,9.0,11.0,,,,,1014.0,17.9,19.6,16.3,,,
2026-08-18T22:50:00Z,2026-09-12T23:23:23Z,310,10.0,11.0,2.2,7,5.7,317,1013.9,18.0,19.6,16.5,,,
2026-08-18T23:00:00Z,2026-09-12T23:23:23Z,310,10.0,12.0,,,,,1013.8,18.0,19.7,16.5,,-1.4,
2026-08-18T23:10:00Z,2026-09-12T23:23:23Z,310,10.0,13.0,2.0,,5.5,329,1013.7,18.0,19.7,16.6,,,
2026-08-18T23:30:00Z,2026-09-12T23:23:23Z,310,10.0,12.0,,,,,1013.6,18.1,19.7,16.7,,,
2026-08-18T23:40:00Z,2026-09-12T23:23:23Z,310,11.0,13.0,2.0,,5.5,318,1013.7,18.0,19.7,16.5,,,
2026-08-18T23:50:00Z,2026-09-12T23:23:23Z,310,10.0,12.0,2.0,7,5.5,318,1013.5,18.1,19.7,16.6,,,
2026-08-19T00:00:00Z,2026-09-12T23:23:23Z,310,10.0,12.0,,,,,1013.4,18.2,19.7,16.8,,-1.5,
2026-08-19T00:10:00Z,2026-09-12T23:23:23Z,310,10.0,12.0,2.0,,5.3,318,1013.3,18.1,19.7,16.8,,,
2026-08-19T00:20:00Z,2026-09-12T23:23:23Z,310,10.0,12.0,2.0,7,5.3,318,1013.3,18.1,19.7,16.8,,,
2026-08-19T00:30:00Z,2026-09-12T23:23:23Z,300,11.0,12.0,,,,,1013.2,18.0,19.8,16.7,,,
2026-08-19T00:40:00Z,2026-09-12T23:23:23Z,310,10.0,13.0,1.9,,5.4,312,1013.0,18.1,19.8,16.9,,,
2026-08-19T00:50:00Z,2026-09-12T23:23:23Z,310,11.0,13.0,1.9,7,5.4,312,1013.0,18.0,19.8,16.8,,,
2026-08-19T01:00:00Z,2026-09-12T23:23:23Z,300,11.0,13.0,,,,,1013.2,18.0,19.8,16.8,,-1.0,
2026-08-19T01:10:00Z,2026-09-12T23:23:23Z,310,10.0,12.0,2.0,,5.4,319,1013.4,18.0,19.8,16.8,,,
2026-08-19T01:20:00Z,2026-09-12T23:23:23Z,310,9.0,11.0,2.0,8,5.4,319,1013.4,18.0,19.8,16.9,,,
2026-08-19T01:30:00Z,2026-09-12T23:23:23Z,310,11.0,13.0,,,,,1013.1,17.9,19.9,16.8,,,
2026-08-19T01:40:00Z,2026-09-12T23:23:23Z,300,11.0,13.0,2.0,,5.5,318,1013.1,18.0,19.9,16.9,,,
2026-08-19T01:50:00Z,2026-09-12T23:23:23Z,310,11.0,12.0,2.0,7,5.5,318,1013.1,17.9,19.9,16.8,,,
2026-08-19T02:00:00Z,2026-09-12T23:23:23Z,310,10.0,12.0,,,,,1013.1,17.9,19.9,16.8,,-0.8,
2026-08-19T02:10:00Z,2026-09-12T23:23:23Z,310,10.0,12.0,2.1,,5.6,315,1013.1,17.9,19.8,16.8,,,
2026-08-19T02:20:00Z,2026-09-12T23:23:23Z,310,10.0,12.0,2.1,7,5.6,315,1013.0,17.9,19.8,16.9,,,
2026-08-19T02:30:00Z,2026-09-12T23:23:23Z,310,10.0,13.0,,,,,1012.9,17.8,19.8,16.8,,,
2026-08-19T02:40:00Z,2026-09-12T23:23:23Z,310,10.0,13.0,2.0,,5.5,308,1013.0,17.8,19.9,16.8,,,
2026-08-19T02:50:00Z,2026-09-12T23:23:23Z,310,11.0,13.0,2.0,7,5.5,308,1013.1,17.7,20.0,16.7,,,
2026-08-19T03:00:00Z,2026-09-12T23:23:23Z,310,11.0,12.0,,,,,1013.2,17.7,20.0,16.7,,+0.0,
2026-08-19T03:10:00Z,2026-09-12T23:23:23Z,300,10.0,13.0,2.1,,5.4,317,1013.2,17.7,20.0,16.7,,,
2026-08-19T03:20:00Z,2026-09-12T23:23:23Z,300,10.0,12.0,2.1,7,5.4,317,1013.4,17.8,20.0,16.8,,,
2026-08-19T03:30:00Z,2026-09-12T23:23:23Z,310,10.0,12.0,,,,,1013.4,17.9,20.1,16.9,,,
2026-08-19T03:40:00Z,2026-09-12T23:23:23Z,310,10.0,13.0,,,,,1013.4,17.8,20.1,16.8,,,
2026-08-19T03:50:00Z,2026-09-12T23:23:23Z,310,10.0,13.0,2.2,8,5.6,316,1013.4,18.0,20.1,17.1,,,
2026-08-19T04:00:00Z,2026-09-12T23:23:23Z,310,11.0,13.0,,,,,1013.7,17.7,20.1,16.8,,+0.4,
2026-08-19T04:10:00Z,2026-09-12T23:23:23Z,310,11.0,13.0,,,,,1013.6,17.7,20.1,16.8,,,
2026-08-19T04:20:00Z,2026-09-12T23:23:23Z,310,10.0,13.0,2.3,7,5.6,313,1013.8,17.8,20.1,16.9,,,
2026-08-19T04:30:00Z,2026-09-12T23:23:23Z,310,10.0,13.0,,,,,1013.9,17.8,20.1,16.8,,,
2026-08-19T04:40:00Z,2026-09-12T23:23:23Z,310,10.0,12.0,,,,,1013.9,17.9,20.1,16.9,,,
2026-08-19T04:50:00Z,2026-09-12T23:23:23Z,310,9.0,11.0,2.1,7,5.3,309,1014.0,17.9,20.1,16.9,,,
2026-08-19T05:00:00Z,2026-09-12T23:23:23Z,310,10.0,12.0,,,,,1014.2,17.7,20.1,16.7,,+1.1,
2026-08-19T05:10:00Z,2026-09-12T23:23:23Z,300,10.0,12.0,2.1,,5.6,310,1014.2,17.7,20.1,16.8,,,
2026-08-19T05:20:00Z,2026-09-12T23:23:23Z,310,9.0,11.0,2.1,7,5.6,310,1014.3,17.8,20.1,16.8,,,
2026-08-19T05:30:00Z,2026-09-12T23:23:23Z,310,10.0,12.0,,,,,1014.2,17.8,20.1,16.8,,,
2026-08-19T05:40:00Z,2026-09-12T23:23:23Z,310,10.0,13.0,2.0,,5.6,312,1013.9,17.8,20.1,16.9,,,
2026-08-19T05:50:00Z,2026-09-12T23:23:23Z,300,10.0,12.0,2.0,7,5.6,312,1014.1,17.6,20.1,16.7,,,
2026-08-19T06:00:00Z,2026-09-12T23:23:23Z,300,10.0,12.0,,,,,1014.0,17.6,20.1,16.7,,+0.7,
2026-08-19T06:10:00Z,2026-09-12T23:23:23Z,310,10.0,12.0,2.1,,5.6,311,1013.8,17.6,20.1,16.7,,,
2026-08-19T06:20:00Z,2026-09-12T23:23:23Z,310,10.0,13.0,2.1,7,5.6,311,1013.8,17.7,20.1,16.8,,,
2026-08-19T06:30:00Z,2026-09-12T23:23:23Z,310,9.0,12.0,,,,,1013.8,17.6,20.1,16.8,,,
2026-08-19T06:40:00Z,2026-09-12T23:23:23Z,310,10.0,12.0,1.9,,5.5,312,1013.8,17.6,20.1,16.7,,,
2026-08-19T06:50:00Z,2026-09-12T23:23:23Z,300,10.0,11.0,1.9,8,5.5,312,1013.7,17.6,20.1,16.8,,,
2026-08-19T07:00:00Z,2026-09-12T23:23:23Z,310,10.0,12.0,,,,,1013.7,17.6,20.1,16.7,,+0.0,
2026-08-19T07:10:00Z,2026-09-12T23:23:23Z,300,10.0,13.0,1.9,,5.4,315,1013.6,17.7,20.1,16.9,,,
2026-08-19T07:20:00Z,2026-09-12T23:23:23Z,300,10.0,12.0,1.9,8,5.4,315,1013.6,17.7,20.1,16.9,,,
2026-08-19T07:30:00Z,2026-09-12T23:23:23Z,300,10.0,12.0,,,,,1013.6,17.7,20.1,16.8,,,
2026-08-19T07:40:00Z,2026-09-12T23:23:23Z,,,,2.1,8,,,,,20.1,,,,
2026-08-19T07:50:00Z,2026-09-12T23:23:23Z,300,10.0,12.0,2.1,,5.5,313,1013.3,17.6,,16.8,,,
2026-08-19T08:00:00Z,2026-09-12T23:23:23Z,300,10.0,12.0,,,,,1013.1,17.6,20.2,16.8,,-1.2,
2026-08-19T08:10:00Z,2026-09-12T23:23:23Z,300,11.0,13.0,,,,,1013.0,17.6,20.2,16.8,,,
2026-08-19T08:20:00Z,2026-09-12T23:23:23Z,300,10.0,13.0,2.0,8,5.6,316,1012.9,17.7,20.2,17.0,,,
2026-08-19T08:30:00Z,2026-09-12T23:23:23Z,300,10.0,12.0,,,,,1013.0,17.6,20.2,16.8,,,
2026-08-19T08:40:00Z,2026-09-12T23:23:23Z,300,10.0,12.0,,,,,1012.8,17.6,20.2,16.8,,,
2026-08-19T08:50:00Z,2026-09-12T23:23:23Z,310,10.0,12.0,1.9,7,5.5,312,1012.9,17.6,20.2,16.9,,,
2026-08-19T09:00:00Z,2026-09-12T23:23:23Z,310,9.0,11.0,,,,,1012.8,17.8,20.2,17.1,,-1.1,
2026-08-19T09:10:00Z,2026-09-12T23:23:23Z,310,9.0,12.0,1.9,,5.4,314,1012.9,17.7,20.2,17.1,,,
2026-08-19T09:20:00Z,2026-09-12T23:23:23Z,300,10.0,11.0,1.9,8,5.4,314,1013.1,17.6,20.2,16.9,,,
2026-08-19T09:30:00Z,2026-09-12T23:23:23Z,310,9.0,11.0,,,,,1013.0,17.6,20.2,16.9,,,
2026-08-19T09:40:00Z,2026-09-12T23:23:23Z,300,10.0,11.0,,,,,1013.1,17.5,20.2,16.8,,,
2026-08-19T09:50:00Z,2026-09-12T23:23:23Z,310,9.0,11.0,2.0,8,5.6,314,1012.9,17.5,20.3,16.8,,,
2026-08-19T10:00:00Z,2026-09-12T23:23:23Z,300,10.0,12.0,,,,,1012.9,17.5,20.3,16.7,,-0.6,
2026-08-19T10:10:00Z,2026-09-12T23:23:23Z,310,10.0,12.0,2.0,,5.7,318,1012.9,17.6,20.2,16.9,,,
2026-08-19T10:20:00Z,2026-09-12T23:23:23Z,310,10.0,12.0,2.0,7,5.7,318,1012.9,17.6,20.2,16.9,,,
2026-08-19T10:30:00Z,2026-09-12T23:23:23Z,310,10.0,11.0,,,,,1013.0,17.6,20.2,16.9,,,
2026-08-19T10:40:00Z,2026-09-12T23:23:23Z,310,10.0,12.0,,,,,1012.9,17.5,20.2,16.7,,,
2026-08-19T10:50:00Z,2026-09-12T23:23:23Z,310,10.0,12.0,2.0,7,5.6,318,1013.0,17.5,20.2,16.7,,,
2026-08-19T11:00:00Z,2026-09-12T23:23:23Z,310,9.0,11.0,,,,,1013.0,17.5,20.2,16.7,,+0.0,
2026-08-19T11:10:00Z,2026-09-12T23:23:23Z,320,9.0,11.0,2.1,,5.8,317,1013.1,17.7,20.2,16.9,,,
2026-08-19T11:20:00Z,2026-09-12T23:23:23Z,320,10.0,12.0,2.1,8,5.8,317,1013.0,17.5,20.2,16.6,,,
2026-08-19T11:30:00Z,2026-09-12T23:23:23Z,310,10.0,12.0,,,,,1013.1,17.4,20.2,16.5,,,
2026-08-19T11:40:00Z,2026-09-12T23:23:23Z,310,9.0,11.0,,,,,1013.1,17.5,20.1,16.6,,,
2026-08-19T11:50:00Z,2026-09-12T23:23:23Z,310,9.0,11.0,2.0,8,5.7,311,1013.0,17.6,20.1,16.7,,,
2026-08-19T12:00:00Z,2026-09-12T23:23:23Z,320,9.0,12.0,,,,,1013.1,17.4,20.1,16.5,,+0.0,
2026-08-19T12:10:00Z,2026-09-12T23:23:23Z,320,9.0,11.0,1.8,,5.7,314,1013.2,17.4,20.1,16.4,,,
2026-08-19T12:20:00Z,2026-09-12T23:23:23Z,320,9.0,11.0,1.8,8,5.7,314,1013.1,17.6,20.1,16.6,,,
2026-08-19T12:30:00Z,2026-09-12T23:23:23Z,310,9.0,11.0,2.0,,5.6,320,1013.1,17.5,20.0,16.5,,,
2026-08-19T12:40:00Z,2026-09-12T23:23:23Z,310,9.0,12.0,,,,,1013.1,17.6,20.0,16.7,,,
2026-08-19T12:50:00Z,2026-09-12T23:23:23Z,310,9.0,11.0,2.0,8,5.6,320,1013.0,17.7,20.0,16.8,,,
2026-08-19T13:00:00Z,2026-09-12T23:23:23Z,300,10.0,12.0,,,,,1013.0,17.6,20.0,16.7,,+0.0,
2026-08-19T13:10:00Z,2026-09-12T23:23:23Z,310,10.0,12.0,2.0,,5.9,312,1013.1,17.6,19.9,16.7,,,
2026-08-19T13:20:00Z,2026-09-12T23:23:23Z,310,10.0,11.0,2.0,7,5.9,312,1013.2,17.5,19.9,16.7,,,
2026-08-19T13:30:00Z,2026-09-12T23:23:23Z,320,10.0,12.0,,,,,1013.4,17.5,19.9,16.6,,,
2026-08-19T13:40:00Z,2026-09-12T23:23:23Z,310,9.0,12.0,1.9,,5.7,312,1013.3,17.6,19.9,16.7,,,
2026-08-19T13:50:00Z,2026-09-12T23:23:23Z,310,10.0,12.0,1.9,7,5.7,312,1013.3,17.6,,16.8,,,
2026-08-19T14:00:00Z,2026-09-12T23:23:23Z,320,10.0,13.0,,,,,1013.6,17.5,19.8,16.6,,+0.6,
2026-08-19T14:10:00Z,2026-09-12T23:23:23Z,320,10.0,12.0,1.9,,5.6,313,1013.5,17.4,19.8,16.6,,,
2026-08-19T14:20:00Z,2026-09-12T23:23:23Z,320,10.0,12.0,1.9,7,5.6,313,1013.5,17.5,19.8,16.7,,,
2026-08-19T14:30:00Z,2026-09-12T23:23:23Z,310,10.0,11.0,,,,,1013.5,17.5,19.7,16.6,,,
2026-08-19T14:40:00Z,2026-09-12T23:23:23Z,320,9.0,12.0,2.0,,5.7,312,1013.6,17.5,19.7,16.8,,,
2026-08-19T14:50:00Z,2026-09-12T23:23:23Z,310,10.0,12.0,2.0,7,5.7,312,1013.6,17.6,19.7,16.8,,,
2026-08-19T15:00:00Z,2026-09-12T23:23:23Z,310,9.0,12.0,,,,,1013.7,17.7,19.7,16.9,,+0.7,
2026-08-19T15:10:00Z,2026-09-12T23:23:23Z,310,9.0,11.0,2.1,,5.8,315,1013.8,17.6,19.7,16.9,,,
2026-08-19T15:20:00Z,2026-09-12T23:23:23Z,310,8.0,10.0,2.1,8,5.8,315,1013.9,17.5,19.7,16.8,,,
2026-08-19T15:30:00Z,2026-09-12T23:23:23Z,320,8.0,10.0,,,,,1014.1,17.6,19.7,16.9,,,
2026-08-19T15:40:00Z,2026-09-12T23:23:23Z,310,8.0,9.0,1.9,,5.7,315,1014.0,17.5,19.7,16.8,,,
2026-08-19T15:50:00Z,2026-09-12T23:23:23Z,330,9.0,11.0,1.9,7,5.7,315,1013.9,17.5,19.7,16.7,,,
2026-08-19T16:00:00Z,2026-09-12T23:23:23Z,320,8.0,10.0,,,,,1013.9,17.5,19.7,16.7,,+0.9,
2026-08-19T16:10:00Z,2026-09-12T23:23:23Z,320,8.0,10.0,1.9,,5.7,313,1014.0,17.5,19.7,16.7,,,
2026-08-19T16:20:00Z,2026-09-12T23:23:23Z,320,7.0,9.0,1.9,8,5.7,313,1014.0,17.7,19.7,16.8,,,
2026-08-19T16:30:00Z,2026-09-12T23:23:23Z,320,7.0,9.0,,,,,1014.0,17.8,19.7,16.9,,,
2026-08-19T16:40:00Z,2026-09-12T23:23:23Z,330,8.0,10.0,2.0,,5.9,314,1014.1,17.5,19.7,16.6,,,
2026-08-19T16:50:00Z,2026-09-12T23:23:23Z,330,7.0,9.0,2.0,8,5.9,314,1014.0,17.5,19.7,16.5,,,
2026-08-19T17:00:00Z,2026-09-12T23:23:23Z,320,7.0,9.0,,,,,1014.1,17.5,19.7,16.5,,+0.5,
2026-08-19T17:10:00Z,2026-09-12T23:23:23Z,320,7.0,9.0,2.1,,6.0,314,1014.3,17.7,19.7,16.7,,,
2026-08-19T17:20:00Z,2026-09-12T23:23:23Z,310,7.0,9.0,2.1,8,6.0,314,1014.3,17.6,19.7,16.6,,,
2026-08-19T17:30:00Z,2026-09-12T23:23:23Z,310,7.0,10.0,,,,,1014.4,17.5,19.7,16.6,,,
2026-08-19T17:40:00Z,2026-09-12T23:23:23Z,,,,,,,,1014.5,,19.7,,,,
2026-08-19T17:50:00Z,2026-09-12T23:23:23Z,310,7.0,9.0,2.0,8,6.0,319,1014.5,17.6,19.7,16.5,,,
2026-08-19T18:00:00Z,2026-09-12T23:23:23Z,310,7.0,9.0,,,,,1014.4,17.7,19.7,16.6,,+0.7,
2026-08-19T18:10:00Z,2026-09-12T23:23:23Z,310,7.0,10.0,1.9,,5.9,313,1014.4,17.8,19.7,16.7,,,
2026-08-19T18:20:00Z,2026-09-12T23:23:23Z,310,8.0,10.0,1.9,8,5.9,313,1014.3,17.7,19.7,16.6,,,
2026-08-19T18:30:00Z,2026-09-12T23:23:23Z,310,8.0,10.0,,,,,1014.4,17.7,19.7,16.6,,,
2026-08-19T18:40:00Z,2026-09-12T23:23:23Z,300,8.0,10.0,1.9,,6.1,316,1014.3,17.7,19.7,16.5,,,
2026-08-19T18:50:00Z,2026-09-12T23:23:23Z,310,8.0,11.0,1.9,8,6.1,316,1014.3,17.7,19.7,16.5,,,
2026-08-19T19:00:00Z,2026-09-12T23:23:23Z,310,8.0,9.0,,,,,1014.2,17.7,19.7,16.5,,+0.3,
2026-08-19T19:10:00Z,2026-09-12T23:23:23Z,310,8.0,10.0,1.9,,6.0,310,1014.1,17.7,19.7,16.5,,,
2026-08-19T19:20:00Z,2026-09-12T23:23:23Z,310,9.0,10.0,1.9,8,6.0,310,1014.0,17.8,19.7,16.6,,,
2026-08-19T19:30:00Z,2026-09-12T23:23:23Z,300,8.0,10.0,,,,,1014.0,17.9,19.7,16.8,,,
2026-08-19T19:40:00Z,2026-09-12T23:23:23Z,300,9.0,10.0,1.8,,5.8,321,1014.0,17.9,19.7,16.8,,,
2026-08-19T19:50:00Z,2026-09-12T23:23:23Z,310,8.0,10.0,1.8,8,5.8,321,1014.0,17.9,19.7,16.7,,,
2026-08-19T20:00:00Z,2026-09-12T23:23:23Z,310,8.0,10.0,1.8,,5.8,312,1014.0,17.8,19.7,16.6,,+0.0,
2026-08-19T20:10:00Z,2026-09-12T23:23:23Z,300,9.0,11.0,,,,,1013.7,17.9,19.7,16.7,,,
2026-08-19T20:20:00Z,2026-09-12T23:23:23Z,310,9.0,10.0,1.8,7,5.8,312,1013.6,17.8,19.7,16.6,,,
2026-08-19T20:30:00Z,2026-09-12T23:23:23Z,310,8.0,11.0,,,,,1013.7,17.9,19.7,16.7,,,
2026-08-19T20:40:00Z,2026-09-12T23:23:23Z,310,9.0,10.0,,,,,1013.6,17.8,,16.6,,,
2026-08-19T20:50:00Z,2026-09-12T23:23:23Z,310,8.0,10.0,1.8,7,5.8,307,1013.6,17.9,19.7,16.7,,,
2026-08-19T21:00:00Z,2026-09-12T23:23:23Z,310,8.0,10.0,,,,,1013.6,18.0,19.7,16.9,,-0.9,
2026-08-19T21:10:00Z,2026-09-12T23:23:23Z,,,,,,,,1013.2,,,,,,
2026-08-19T21:20:00Z,2026-09-12T23:23:23Z,300,9.0,11.0,2.0,8,6.0,318,1013.1,18.0,19.7,16.9,,,
2026-08-19T21:30:00Z,2026-09-12T23:23:23Z,300,9.0,11.0,,,,,1013.0,18.0,19.7,16.9,,,
2026-08-19T21:40:00Z,2026-09-12T23:23:23Z,310,9.0,11.0,1.7,,5.5,320,1012.8,18.0,19.8,16.9,,,
2026-08-19T21:50:00Z,2026-09-12T23:23:23Z,300,10.0,12.0,1.7,7,5.5,320,1012.8,18.0,19.7,16.9,,,
2026-08-19T22:00:00Z,2026-09-12T23:23:23Z,310,9.0,12.0,,,,,1012.8,17.8,19.8,16.6,,-1.4,
2026-08-19T22:10:00Z,2026-09-12T23:23:23Z,300,10.0,11.0,1.8,,5.5,218,1012.7,17.9,19.8,16.8,,,
2026-08-19T22:20:00Z,2026-09-12T23:23:23Z,310,10.0,12.0,1.8,14,5.5,218,1012.6,17.8,19.8,16.7,,,
2026-08-19T22:30:00Z,2026-09-12T23:23:23Z,300,9.0,12.0,,,,,1012.3,18.0,19.8,17.0,,,
2026-08-19T22:40:00Z,2026-09-12T23:23:23Z,310,10.0,12.0,1.8,,5.6,315,1012.2,18.0,19.8,16.9,,,
2026-08-19T22:50:00Z,2026-09-12T23:23:23Z,310,10.0,12.0,1.8,8,5.6,315,1012.3,17.9,19.8,16.8,,,
2026-08-19T23:00:00Z,2026-09-12T23:23:23Z,310,10.0,13.0,,,,,1012.3,18.0,19.8,17.0,,-1.7,
2026-08-19T23:10:00Z,2026-09-12T23:23:23Z,300,10.0,12.0,1.8,,5.4,326,1012.3,17.9,19.9,16.9,,,
2026-08-19T23:20:00Z,2026-09-12T23:23:23Z,310,9.0,11.0,1.8,7,5.4,326,1012.2,18.0,19.8,17.0,,,
2026-08-19T23:40:00Z,2026-09-12T23:23:23Z,300,9.0,11.0,1.8,,5.4,319,1012.2,17.9,19.9,16.9,,,
2026-08-19T23:50:00Z,2026-09-12T23:23:23Z,300,9.0,11.0,1.8,7,5.4,319,1012.2,18.0,19.9,17.0,,,
2026-08-20T00:00:00Z,2026-09-12T23:23:23Z,300,9.0,11.0,,,,,1012.2,17.8,19.9,16.8,,-1.2,
2026-08-20T00:10:00Z,2026-09-12T23:23:23Z,300,9.0,11.0,1.8,,5.5,318,1012.1,18.0,19.9,17.0,,,
2026-08-20T00:20:00Z,2026-09-12T23:23:23Z,310,10.0,12.0,1.8,7,5.5,318,1012.0,18.0,19.9,17.0,,,
2026-08-20T00:30:00Z,2026-09-12T23:23:23Z,310,10.0,13.0,,,,,1011.9,17.8,19.9,16.8,,,
2026-08-20T00:40:00Z,2026-09-12T23:23:23Z,300,11.0,13.0,1.9,,5.3,313,1011.7,17.7,19.9,16.7,,,
2026-08-20T00:50:00Z,2026-09-12T23:23:23Z,310,11.0,13.0,1.9,7,5.3,313,1011.6,17.9,20.0,16.8,,,
2026-08-20T01:00:00Z,2026-09-12T23:23:23Z,300,11.0,13.0,,,,,1011.7,17.9,20.0,16.8,,-1.1,
2026-08-20T01:10:00Z,2026-09-12T23:23:23Z,310,10.0,13.0,,,,,1011.8,18.0,20.0,16.9,,,
2026-08-20T01:20:00Z,2026-09-12T23:23:23Z,300,10.0,12.0,1.8,15,5.4,239,1011.7,18.0,,16.9,,,
2026-08-20T01:30:00Z,2026-09-12T23:23:23Z,310,10.0,13.0,,,,,1011.7,17.9,20.1,16.7,,,
2026-08-20T01:40:00Z,2026-09-12T23:23:23Z,310,10.0,12.0,1.9,,5.3,234,1011.8,17.9,20.1,16.7,,,
2026-08-20T01:50:00Z,2026-09-12T23:23:23Z,300,10.0,12.0,1.9,15,5.3,234,1011.7,17.9,20.1,16.8,,,
2026-08-20T02:00:00Z,2026-09-12T23:23:23Z,310,10.0,12.0,,,,,1011.5,18.0,20.1,16.9,,-0.8,
2026-08-20T02:10:00Z,2026-09-12T23:23:23Z,310,10.0,13.0,1.9,,5.4,314,1011.5,18.0,20.1,16.9,,,
2026-08-20T02:20:00Z,2026-09-12T23:23:23Z,310,11.0,13.0,1.9,7,5.4,314,1011.5,17.9,20.1,16.8,,,
2026-08-20T02:30:00Z,2026-09-12T23:23:23Z,310,11.0,13.0,,,,,1011.6,17.8,20.2,16.8,,,
2026-08-20T02:40:00Z,2026-09-12T23:23:23Z,310,10.0,11.0,,,,,1011.7,17.8,20.2,16.8,,,
2026-08-20T02:50:00Z,2026-09-12T23:23:23Z,310,10.0,13.0,1.9,15,5.2,177,1011.7,17.8,20.2,16.8,,,
2026-08-20T03:00:00Z,2026-09-12T23:23:23Z,310,11.0,13.0,,,,,1011.8,17.8,20.2,16.9,,-0.6,
2026-08-20T03:10:00Z,2026-09-12T23:23:23Z,300,10.0,13.0,1.8,,5.2,307,1012.0,17.8,20.2,16.9,,,
2026-08-20T03:20:00Z,2026-09-12T23:23:23Z,310,10.0,12.0,1.8,6,5.2,307,1012.2,17.7,20.2,16.9,,,
2026-08-20T03:30:00Z,2026-09-12T23:23:23Z,310,10.0,12.0,,,,,1012.1,17.9,20.3,17.2,,,
2026-08-20T03:40:00Z,2026-09-12T23:23:23Z,310,10.0,12.0,2.1,,5.4,311,1012.4,17.7,20.3,16.9,,,
2026-08-20T03:50:00Z,2026-09-12T23:23:23Z,310,10.0,12.0,2.1,6,5.4,311,1012.4,17.6,20.3,16.8,,,
2026-08-20T04:00:00Z,2026-09-12T23:23:23Z,310,10.0,12.0,,,,,1012.5,17.8,20.4,17.0,,+0.8,
2026-08-20T04:10:00Z,2026-09-12T23:23:23Z,310,11.0,12.0,2.1,,5.6,313,1012.5,17.7,20.4,16.9,,,
2026-08-20T04:20:00Z,2026-09-12T23:23:23Z,310,10.0,12.0,2.1,7,5.6,313,1012.9,17.7,20.4,16.9,,,
2026-08-20T04:30:00Z,2026-09-12T23:23:23Z,300,10.0,12.0,,,,,1013.0,17.6,20.4,16.9,,,
2026-08-20T04:40:00Z,2026-09-12T23:23:23Z,300,10.0,12.0,2.0,,5.4,313,1013.1,17.6,20.4,16.9,,,
2026-08-20T04:50:00Z,2026-09-12T23:23:23Z,310,10.0,12.0,2.0,7,5.4,313,1013.2,17.6,20.4,16.9,,,
2026-08-20T05:00:00Z,2026-09-12T23:23:23Z,310,9.0,13.0,,,,,1013.4,17.8,20.4,17.1,,+1.8,
2026-08-20T05:10:00Z,2026-09-12T23:23:23Z,310,9.0,12.0,2.0,,5.5,315,1013.1,17.7,20.4,16.9,,,
2026-08-20T05:20:00Z,2026-09-12T23:23:23Z,310,10.0,13.0,2.0,7,5.5,315,1013.0,17.9,20.4,17.1,,,
2026-08-20T05:30:00Z,2026-09-12T23:23:23Z,300,10.0,12.0,,,,,1013.1,17.8,20.4,17.0,,,
2026-08-20T05:40:00Z,2026-09-12T23:23:23Z,310,10.0,12.0,,,,,1013.2,17.7,20.4,16.9,,,
2026-08-20T05:50:00Z,2026-09-12T23:23:23Z,,,,1.9,7,5.3,308,1013.3,,20.4,,,,
2026-08-20T06:00:00Z,2026-09-12T23:23:23Z,310,9.0,11.0,,,,,1013.4,17.8,20.4,17.0,,+1.6,
2026-08-20T06:10:00Z,2026-09-12T23:23:23Z,310,9.0,11.0,2.1,,5.5,314,1013.4,17.7,20.4,17.0,,,
2026-08-20T06:20:00Z,2026-09-12T23:23:23Z,310,9.0,11.0,2.1,6,5.5,314,1013.4,17.7,20.3,17.0,,,
2026-08-20T06:30:00Z,2026-09-12T23:23:23Z,320,9.0,11.0,,,,,1013.4,17.6,20.3,16.9,,,
2026-08-20T06:40:00Z,2026-09-12T23:23:23Z,310,9.0,11.0,2.1,,5.6,312,1013.3,17.7,20.3,17.0,,,
2026-08-20T06:50:00Z,2026-09-12T23:23:23Z,310,9.0,11.0,2.1,6,5.6,312,1013.3,17.7,20.3,17.0,,,
2026-08-20T07:00:00Z,2026-09-12T23:23:23Z,300,8.0,10.0,,,,,1013.5,17.6,20.3,16.9,,+1.1,
2026-08-20T07:10:00Z,2026-09-12T23:23:23Z,310,8.0,9.0,2.0,,5.5,314,1013.5,17.6,20.3,16.8,,,
2026-08-20T07:20:00Z,2026-09-12T23:23:23Z,310,7.0,9.0,2.0,6,5.5,314,1013.6,17.7,20.3,16.9,,,
2026-08-20T07:30:00Z,2026-09-12T23:23:23Z,310,8.0,10.0,,,,,1013.4,17.6,20.3,16.8,,,
2026-08-20T07:40:00Z,2026-09-12T23:23:23Z,310,7.0,9.0,,,,,1013.2,17.6,20.3,16.8,,,
2026-08-20T07:50:00Z,2026-09-12T23:23:23Z,300,8.0,10.0,1.9,7,5.5,316,1013.3,17.6,,16.8,,,
2026-08-20T08:00:00Z,2026-09-12T23:23:23Z,300,8.0,11.0,,,,,1013.2,17.4,20.3,16.7,,+0.0,
2026-08-20T08:10:00Z,2026-09-12T23:23:23Z,300,8.0,10.0,,,,,1013.3,17.5,20.3,16.8,,,
2026-08-20T08:20:00Z,2026-09-12T23:23:23Z,300,8.0,10.0,1.9,7,5.4,311,1013.1,17.6,20.3,16.9,,,
2026-08-20T08:30:00Z,2026-09-12T23:23:23Z,310,9.0,11.0,,,,,1012.8,17.6,20.3,16.9,,,
2026-08-20T08:40:00Z,2026-09-12T23:23:23Z,300,9.0,11.0,1.8,,5.5,313,1012.8,17.5,20.3,16.9,,,
2026-08-20T08:50:00Z,2026-09-12T23:23:23Z,310,8.0,10.0,1.8,7,5.5,313,1012.7,17.5,20.3,16.9,,,
2026-08-20T09:00:00Z,2026-09-12T23:23:23Z,310,9.0,11.0,,,,,1012.8,17.5,20.3,16.9,,-0.5,
2026-08-20T09:10:00Z,2026-09-12T23:23:23Z,300,9.0,10.0,,,,,1012.9,17.4,20.3,16.8,,,
2026-08-20T09:20:00Z,2026-09-12T23:23:23Z,310,8.0,10.0,2.0,15,5.9,228,1012.9,17.6,20.3,17.0,,,
2026-08-20T09:30:00Z,2026-09-12T23:23:23Z,300,8.0,10.0,,,,,1013.1,17.5,20.3,16.9,,,
2026-08-20T09:40:00Z,2026-09-12T23:23:23Z,320,7.0,9.0,,,,,1013.0,17.6,20.3,17.0,,,
2026-08-20T09:50:00Z,2026-09-12T23:23:23Z,320,7.0,9.0,1.9,7,5.6,313,1013.0,17.5,20.3,16.8,,,
2026-08-20T10:00:00Z,2026-09-12T23:23:23Z,310,7.0,9.0,,,,,1013.0,17.4,20.2,16.8,,-0.6,
2026-08-20T10:10:00Z,2026-09-12T23:23:23Z,310,7.0,9.0,1.7,,5.5,318,1012.9,17.2,20.2,16.6,,,
2026-08-20T10:20:00Z,2026-09-12T23:23:23Z,310,8.0,9.0,1.7,7,5.5,318,1012.9,17.3,20.2,16.7,,,
2026-08-20T10:30:00Z,2026-09-12T23:23:23Z,320,7.0,10.0,,,,,1013.2,17.3,20.2,16.7,,,
2026-08-20T10:40:00Z,2026-09-12T23:23:23Z,330,6.0,9.0,1.7,,5.7,319,1013.6,17.2,20.2,16.5,,,
2026-08-20T10:50:00Z,2026-09-12T23:23:23Z,330,5.0,8.0,1.7,8,5.7,319,1013.5,17.3,20.2,16.6,,,
2026-08-20T11:00:00Z,2026-09-12T23:23:23Z,330,6.0,8.0,1.8,,5.9,316,1013.4,17.3,20.2,16.6,,-0.0,
2026-08-20T11:10:00Z,2026-09-12T23:23:23Z,330,7.0,9.0,,,,,1013.4,17.4,20.2,16.7,,,
2026-08-20T11:20:00Z,2026-09-12T23:23:23Z,320,7.0,10.0,1.8,7,5.9,316,1013.3,17.4,20.2,16.6,,,
2026-08-20T11:30:00Z,2026-09-12T23:23:23Z,310,7.0,9.0,,,,,1013.3,17.5,20.2,16.7,,,
2026-08-20T11:40:00Z,2026-09-12T23:23:23Z,320,8.0,11.0,,,,,1013.0,17.6,20.2,16.8,,,
2026-08-20T11:50:00Z,2026-09-12T23:23:23Z,320,8.0,9.0,1.9,7,6.1,315,1012.9,17.5,20.2,16.7,,,
2026-08-20T12:00:00Z,2026-09-12T23:23:23Z,310,9.0,11.0,,,,,1012.8,17.4,20.2,16.5,,+0.0,
2026-08-20T12:10:00Z,2026-09-12T23:23:23Z,320,8.0,10.0,1.8,,5.9,315,1013.0,17.4,20.2,16.6,,,
2026-08-20T12:20:00Z,2026-09-12T23:23:23Z,320,7.0,9.0,1.8,8,5.9,315,1013.2,17.4,20.2,16.5,,,
2026-08-20T12:30:00Z,2026-09-12T23:23:23Z,320,8.0,10.0,,,,,1012.9,17.5,20.1,16.6,,,
2026-08-20T12:40:00Z,2026-09-12T23:23:23Z,320,9.0,10.0,1.6,,5.7,313,1012.8,17.5,20.1,16.6,,,
2026-08-20T12:50:00Z,2026-09-12T23:23:23Z,310,9.0,11.0,1.6,7,5.7,313,1012.5,17.5,20.1,16.6,,,
2026-08-20T13:00:00Z,2026-09-12T23:23:23Z,310,9.0,11.0,,,,,1012.7,17.5,20.1,16.5,,-0.3,
2026-08-20T13:10:00Z,2026-09-12T23:23:23Z,320,8.0,10.0,1.9,,6.0,315,1012.9,17.5,20.1,16.6,,,
2026-08-20T13:20:00Z,2026-09-12T23:23:23Z,310,8.0,9.0,1.9,8,6.0,315,1013.3,17.5,20.1,16.5,,,
2026-08-20T13:30:00Z,2026-09-12T23:23:23Z,320,7.0,9.0,,,,,1013.6,17.5,20.1,16.5,,,
2026-08-20T13:40:00Z,2026-09-12T23:23:23Z,310,6.0,9.0,,,,,1013.7,17.4,20.1,16.3,,,
2026-08-20T13:50:00Z,2026-09-12T23:23:23Z,310,6.0,8.0,1.8,15,6.0,221,1014.0,17.5,20.1,16.4,,,
2026-08-20T14:00:00Z,2026-09-12T23:23:23Z,310,6.0,7.0,,,,,1014.1,17.5,20.1,16.4,,+0.7,
2026-08-20T14:10:00Z,2026-09-12T23:23:23Z,310,7.0,8.0,1.7,,5.7,315,1013.9,17.5,20.1,16.3,,,
2026-08-20T14:20:00Z,2026-09-12T23:23:23Z,310,7.0,8.0,1.7,8,5.7,315,1014.1,17.6,20.1,16.5,,,
2026-08-20T14:30:00Z,2026-09-12T23:23:23Z,310,7.0,8.0,,,,,1014.4,17.7,20.1,16.6,,,
2026-08-20T14:40:00Z,2026-09-12T23:23:23Z,,,,,,,,1014.5,,20.1,,,,
2026-08-20T14:50:00Z,2026-09-12T23:23:23Z,310,7.0,9.0,1.8,8,5.9,309,1014.6,17.5,20.1,16.4,,,
2026-08-20T15:00:00Z,2026-09-12T23:23:23Z,310,7.0,9.0,,,,,1014.6,17.6,20.0,16.4,,+1.7,
2026-08-20T15:10:00Z,2026-09-12T23:23:23Z,310,6.0,8.0,,,,,1014.8,17.6,20.0,16.4,,,
2026-08-20T15:30:00Z,2026-09-12T23:23:23Z,320,7.0,9.0,,,,,1014.7,17.4,20.0,16.2,,,
2026-08-20T15:40:00Z,2026-09-12T23:23:23Z,320,6.0,8.0,,,,,1015.0,17.6,20.0,16.5,,,
2026-08-20T15:50:00Z,2026-09-12T23:23:23Z,310,6.0,8.0,1.8,13,6.1,229,1015.3,17.6,20.0,16.5,,,
2026-08-20T16:00:00Z,2026-09-12T23:23:23Z,320,7.0,8.0,,,,,1015.1,17.6,20.0,16.5,,+2.4,
2026-08-20T16:10:00Z,2026-09-12T23:23:23Z,320,8.0,10.0,1.8,,6.1,241,1015.2,17.5,20.0,16.5,,,
2026-08-20T16:20:00Z,2026-09-12T23:23:23Z,310,7.0,9.0,1.8,13,6.1,241,1015.3,17.4,20.0,16.5,,,
2026-08-20T16:30:00Z,2026-09-12T23:23:23Z,310,7.0,9.0,,,,,1015.3,17.3,20.0,16.5,,,
2026-08-20T16:40:00Z,2026-09-12T23:23:23Z,310,7.0,9.0,1.7,,5.9,172,1015.5,17.5,20.0,16.7,,,
2026-08-20T16:50:00Z,2026-09-12T23:23:23Z,320,6.0,8.0,1.7,14,5.9,172,1015.6,17.3,20.0,16.4,,,
2026-08-20T17:00:00Z,2026-09-12T23:23:23Z,310,7.0,9.0,,,,,1015.3,17.5,20.0,16.6,,+1.2,
2026-08-20T17:10:00Z,2026-09-12T23:23:23Z,310,8.0,9.0,1.8,,6.1,311,1015.3,17.6,20.0,16.7,,,
2026-08-20T17:20:00Z,2026-09-12T23:23:23Z,310,8.0,9.0,1.8,7,6.1,311,1015.2,17.4,20.0,16.6,,,
2026-08-20T17:30:00Z,2026-09-12T23:23:23Z,310,8.0,10.0,,,,,1015.2,17.6,20.0,16.7,,,
2026-08-20T17:40:00Z,2026-09-12T23:23:23Z,310,9.0,11.0,,,,,1015.1,17.6,20.0,16.7,,,
2026-08-20T17:50:00Z,2026-09-12T23:23:23Z,310,8.0,9.0,1.7,13,5.9,227,1015.3,17.8,20.0,16.9,,,
2026-08-20T18:00:00Z,2026-09-12T23:23:23Z,310,8.0,10.0,,,,,1015.3,17.7,20.0,16.8,,+0.7,
2026-08-20T18:10:00Z,2026-09-12T23:23:23Z,320,7.0,10.0,1.7,,5.8,314,1015.4,17.6,20.0,16.7,,,
2026-08-20T18:20:00Z,2026-09-12T23:23:23Z,310,7.0,9.0,1.7,8,5.8,314,1015.5,17.8,20.0,16.9,,,
2026-08-20T18:30:00Z,2026-09-12T23:23:23Z,310,8.0,10.0,,,,,1015.3,17.8,20.0,16.9,,,
2026-08-20T18:40:00Z,2026-09-12T23:23:23Z,320,8.0,10.0,1.7,,5.8,195,1015.2,17.5,20.0,16.5,,,
2026-08-20T18:50:00Z,2026-09-12T23:23:23Z,320,8.0,10.0,1.7,15,5.8,195,1015.4,17.5,20.0,16.5,,,
2026-08-20T19:00:00Z,2026-09-12T23:23:23Z,320,7.0,9.0,,,,,1015.1,17.7,20.0,16.7,,+0.0,
2026-08-20T19:10:00Z,2026-09-12T23:23:23Z,310,8.0,9.0,1.7,,5.8,209,1014.9,17.8,20.0,16.8,,,
2026-08-20T19:20:00Z,2026-09-12T23:23:23Z,310,9.0,11.0,1.7,15,5.8,209,1014.7,17.9,20.0,17.0,,,
2026-08-20T19:30:00Z,2026-09-12T23:23:23Z,320,9.0,11.0,,,,,1014.7,17.7,20.0,16.9,,,
2026-08-20T19:40:00Z,2026-09-12T23:23:23Z,320,8.0,10.0,1.7,,5.7,213,1014.7,17.8,20.0,17.0,,,
2026-08-20T19:50:00Z,2026-09-12T23:23:23Z,310,8.0,10.0,1.7,14,5.7,213,1014.8,17.9,20.0,17.2,,,
2026-08-20T20:00:00Z,2026-09-12T23:23:23Z,320,8.0,10.0,,,,,1014.7,17.8,20.0,17.2,,-0.6,
2026-08-20T20:10:00Z,2026-09-12T23:23:23Z,320,7.0,9.0,1.7,,5.6,312,1014.8,17.7,20.0,17.2,,,
2026-08-20T20:20:00Z,2026-09-12T23:23:23Z,320,7.0,8.0,1.7,9,5.6,312,1014.8,17.7,20.0,17.2,,,
2026-08-20T20:30:00Z,2026-09-12T23:23:23Z,330,7.0,9.0,,,,,1014.8,17.8,20.0,17.1,,,
2026-08-20T20:40:00Z,2026-09-12T23:23:23Z,310,7.0,9.0,,,,,1014.7,17.6,20.0,16.7,,,
2026-08-20T20:50:00Z,2026-09-12T23:23:23Z,310,7.0,8.0,1.8,14,5.7,204,1014.8,17.9,20.0,16.9,,,
2026-08-20T21:00:00Z,2026-09-12T23:23:23Z,320,6.0,8.0,,,,,1015.0,17.9,20.1,16.8,,-0.3,
2026-08-20T21:10:00Z,2026-09-12T23:23:23Z,320,6.0,7.0,1.7,,5.8,187,1015.0,17.9,20.1,16.7,,,
2026-08-20T21:20:00Z,2026-09-12T23:23:23Z,320,6.0,8.0,1.7,14,5.8,187,1014.8,17.9,20.1,16.7,,,
2026-08-20T21:30:00Z,2026-09-12T23:23:23Z,320,6.0,7.0,,,,,1014.7,18.0,20.1,16.8,,,
2026-08-20T21:40:00Z,2026-09-12T23:23:23Z,330,6.0,7.0,1.7,,5.9,184,1014.5,18.0,20.1,16.9,,,
2026-08-20T21:50:00Z,2026-09-12T23:23:23Z,320,6.0,7.0,1.7,15,5.9,184,1014.4,18.0,20.1,16.9,,,
2026-08-20T22:00:00Z,2026-09-12T23:23:23Z,310,5.0,7.0,,,,,1014.4,18.1,20.1,17.0,,-0.7,
2026-08-20T22:10:00Z,2026-09-12T23:23:23Z,320,5.0,7.0,1.6,,5.8,318,1014.4,18.2,20.1,17.2,,,
2026-08-20T22:20:00Z,2026-09-12T23:23:23Z,320,6.0,8.0,1.6,7,5.8,318,1013.9,18.0,20.1,17.0,,,
2026-08-20T22:30:00Z,2026-09-12T23:23:23Z,320,7.0,9.0,,,,,1013.8,17.9,20.1,16.8,,,
2026-08-20T22:40:00Z,2026-09-12T23:23:23Z,310,7.0,8.0,1.7,,5.7,195,1013.8,18.0,20.1,16.9,,,
2026-08-20T22:50:00Z,2026-09-12T23:23:23Z,310,7.0,9.0,1.7,14,5.7,195,1013.7,18.1,20.1,17.1,,,
2026-08-20T23:00:00Z,2026-09-12T23:23:23Z,310,7.0,9.0,,,,,1013.3,18.1,20.1,17.1,,-1.4,
2026-08-20T23:10:00Z,2026-09-12T23:23:23Z,310,8.0,9.0,1.6,,5.6,243,1013.3,18.1,20.1,17.2,,,
2026-08-20T23:30:00Z,2026-09-12T23:23:23Z,310,8.0,9.0,,,,,1013.2,17.8,20.1,17.0,,,
2026-08-20T23:40:00Z,2026-09-12T23:23:23Z,320,7.0,9.0,1.6,,5.6,319,1013.3,18.0,20.1,17.2,,,
2026-08-20T23:50:00Z,2026-09-12T23:23:23Z,310,7.0,9.0,1.6,8,5.6,319,1013.3,17.9,20.2,17.0,,,
2026-08-21T00:00:00Z,2026-09-12T23:23:23Z,310,8.0,10.0,,,,,1013.2,17.9,20.2,17.0,,-1.8,
2026-08-21T00:10:00Z,2026-09-12T23:23:23Z,320,8.0,9.0,1.6,,5.7,176,1013.1,17.9,20.2,17.0,,,
2026-08-21T00:20:00Z,2026-09-12T23:23:23Z,320,8.0,9.0,1.6,14,5.7,176,1013.1,17.9,20.2,17.1,,,
2026-08-21T00:30:00Z,2026-09-12T23:23:23Z,310,8.0,9.0,,,,,1013.0,17.9,20.2,17.0,,,
2026-08-21T00:40:00Z,2026-09-12T23:23:23Z,310,8.0,9.0,,,,,1012.9,18.0,20.2,17.1,,,
2026-08-21T00:50:00Z,2026-09-12T23:23:23Z,310,8.0,9.0,1.7,6,5.7,318,1012.8,18.0,20.2,17.1,,,
2026-08-21T01:00:00Z,2026-09-12T23:23:23Z,320,8.0,9.0,,,,,1012.9,18.0,20.2,17.1,,-1.5,
2026-08-21T01:10:00Z,2026-09-12T23:23:23Z,310,7.0,9.0,1.6,,5.7,181,1013.0,18.0,20.3,17.1,,,
2026-08-21T01:20:00Z,2026-09-12T23:23:23Z,310,8.0,10.0,1.6,14,5.7,181,1012.4,18.0,20.3,17.2,,,
2026-08-21T01:30:00Z,2026-09-12T23:23:23Z,310,9.0,11.0,1.7,,5.7,146,1012.3,18.1,20.3,17.4,,,
2026-08-21T01:40:00Z,2026-09-12T23:23:23Z,310,8.0,10.0,,,,,1012.5,17.9,20.3,17.2,,,
2026-08-21T01:50:00Z,2026-09-12T23:23:23Z,300,8.0,9.0,1.7,15,5.7,146,1012.7,17.9,20.3,17.3,,,
2026-08-21T02:00:00Z,2026-09-12T23:23:23Z,310,7.0,9.0,,,,,1012.7,17.8,20.3,17.2,,-0.5,
2026-08-21T02:10:00Z,2026-09-12T23:23:23Z,310,7.0,9.0,1.6,,5.5,202,1012.7,17.8,20.3,17.2,,,
2026-08-21T02:20:00Z,2026-09-12T23:23:23Z,310,7.0,9.0,1.6,14,5.5,202,1012.7,17.8,20.4,17.3,,,
2026-08-21T02:30:00Z,2026-09-12T23:23:23Z,310,8.0,10.0,,,,,1012.6,17.8,20.4,17.3,,,
2026-08-21T02:40:00Z,2026-09-12T23:23:23Z,310,8.0,9.0,1.6,,5.7,323,1012.6,17.7,20.4,17.2,,,
2026-08-21T02:50:00Z,2026-09-12T23:23:23Z,310,8.0,10.0,1.6,7,5.7,323,1012.7,17.8,20.4,17.3,,,
2026-08-21T03:00:00Z,2026-09-12T23:23:23Z,310,8.0,10.0,,,,,1012.8,17.8,20.4,17.3,,-0.4,
2026-08-21T03:10:00Z,2026-09-12T23:23:23Z,310,8.0,10.0,,,,,1013.0,17.7,20.4,17.2,,,
2026-08-21T03:20:00Z,2026-09-12T23:23:23Z,310,8.0,10.0,1.5,14,5.5,123,1013.1,17.7,20.4,17.3,,,
2026-08-21T03:30:00Z,2026-09-12T23:23:23Z,310,8.0,10.0,,,,,1013.4,17.7,20.4,17.3,,,
2026-08-21T03:40:00Z,2026-09-12T23:23:23Z,320,7.0,9.0,1.6,,5.4,276,1013.6,17.6,20.4,17.2,,,
2026-08-21T03:50:00Z,2026-09-12T23:23:23Z,320,7.0,9.0,1.6,11,5.4,276,1013.8,17.7,20.4,17.3,,,
2026-08-21T04:00:00Z,2026-09-12T23:23:23Z,310,7.0,9.0,,,,,1013.9,17.6,20.4,17.2,,+0.9,
2026-08-21T04:10:00Z,2026-09-12T23:23:23Z,320,8.0,10.0,1.6,,5.6,198,1013.8,17.7,20.4,17.3,,,
2026-08-21T04:20:00Z,2026-09-12T23:23:23Z,320,8.0,9.0,1.6,14,5.6,198,1014.0,17.6,20.4,17.2,,,
2026-08-21T04:30:00Z,2026-09-12T23:23:23Z,320,7.0,9.0,,,,,1014.1,17.8,20.4,17.4,,,
2026-08-21T04:40:00Z,2026-09-12T23:23:23Z,320,7.0,9.0,1.6,,5.6,319,1014.1,17.6,20.4,17.2,,,
2026-08-21T04:50:00Z,2026-09-12T23:23:23Z,320,7.0,9.0,1.6,6,5.6,319,1014.3,17.7,20.3,17.4,,,
2026-08-21T05:00:00Z,2026-09-12T23:23:23Z,320,6.0,8.0,,,,,1014.4,17.7,20.3,17.3,,+1.6,
2026-08-21T05:10:00Z,2026-09-12T23:23:23Z,,,,1.6,,5.6,318,1014.2,,20.3,,,,
2026-08-21T05:20:00Z,2026-09-12T23:23:23Z,310,7.0,9.0,1.6,6,5.6,318,1014.2,17.8,20.3,17.4,,,
2026-08-21T05:30:00Z,2026-09-12T23:23:23Z,310,7.0,8.0,1.6,,5.7,171,1014.3,17.6,20.3,17.2,,,
2026-08-21T05:40:00Z,2026-09-12T23:23:23Z,320,7.0,9.0,,,,,1014.2,17.6,20.2,17.2,,,
2026-08-21T05:50:00Z,2026-09-12T23:23:23Z,310,7.0,9.0,1.6,14,5.7,171,1014.3,17.7,,17.3,,,
2026-08-21T06:00:00Z,2026-09-12T23:23:23Z,310,7.0,9.0,,,,,1014.2,17.7,20.2,17.3,,+1.3,
2026-08-21T06:10:00Z,2026-09-12T23:23:23Z,320,7.0,9.0,1.5,,5.4,198,1014.3,17.7,20.2,17.3,,,
2026-08-21T06:20:00Z,2026-09-12T23:23:23Z,330,6.0,9.0,1.5,14,5.4,198,1014.4,17.7,20.2,17.4,,,
2026-08-21T06:30:00Z,2026-09-12T23:23:23Z,310,7.0,9.0,,,,,1014.2,17.7,20.2,17.3,,,
2026-08-21T06:40:00Z,2026-09-12T23:23:23Z,310,7.0,9.0,1.5,,5.5,313,1014.4,17.7,20.2,17.3,,,
2026-08-21T06:50:00Z,2026-09-12T23:23:23Z,320,7.0,9.0,1.5,11,5.5,313,1014.3,17.8,20.2,17.4,,,
2026-08-21T07:00:00Z,2026-09-12T23:23:23Z,320,7.0,9.0,,,,,1014.3,17.7,,17.4,,+0.4,
2026-08-21T07:10:00Z,2026-09-12T23:23:23Z,320,7.0,9.0,,,,,1014.2,17.7,20.2,17.3,,,
2026-08-21T07:20:00Z,2026-09-12T23:23:23Z,320,7.0,9.0,1.4,13,5.3,162,1014.3,17.6,20.2,17.2,,,
2026-08-21T07:30:00Z,2026-09-12T23:23:23Z,320,7.0,9.0,,,,,1014.3,17.7,20.2,17.3,,,
2026-08-21T07:40:00Z,2026-09-12T23:23:23Z,320,7.0,9.0,,,,,1014.3,17.7,20.2,17.3,,,
2026-08-21T07:50:00Z,2026-09-12T23:23:23Z,320,7.0,9.0,1.5,12,5.5,291,1014.2,17.7,20.2,17.4,,,
2026-08-21T08:00:00Z,2026-09-12T23:23:23Z,320,7.0,9.0,,,,,1014.2,17.6,20.2,17.3,,-0.3,
2026-08-21T08:10:00Z,2026-09-12T23:23:23Z,320,8.0,10.0,,,,,1014.2,17.6,20.2,17.2,,,
2026-08-21T08:20:00Z,2026-09-12T23:23:23Z,320,7.0,9.0,1.5,14,5.4,175,1014.1,17.6,20.2,17.2,,,
2026-08-21T08:30:00Z,2026-09-12T23:23:23Z,320,7.0,9.0,,,,,1014.0,17.6,20.2,17.2,,,
2026-08-21T08:40:00Z,2026-09-12T23:23:23Z,330,7.0,9.0,1.5,,5.4,198,1014.2,17.7,20.2,17.3,,,
2026-08-21T08:50:00Z,2026-09-12T23:23:23Z,320,7.0,9.0,1.5,14,5.4,198,1014.4,17.6,20.1,17.1,,,
2026-08-21T09:00:00Z,2026-09-12T23:23:23Z,330,7.0,9.0,,,,,1014.2,17.7,20.1,17.3,,+0.0,
2026-08-21T09:10:00Z,2026-09-12T23:23:23Z,320,7.0,9.0,1.5,,5.5,177,1014.1,17.7,20.1,17.3,,,
2026-08-21T09:20:00Z,2026-09-12T23:23:23Z,320,7.0,9.0,1.5,14,5.5,177,1014.1,17.6,20.1,17.1,,,
2026-08-21T09:30:00Z,2026-09-12T23:23:23Z,320,7.0,9.0,,,,,1013.8,17.6,20.1,17.1,,,
2026-08-21T09:40:00Z,2026-09-12T23:23:23Z,320,7.0,9.0,,,,,1013.7,17.6,20.1,17.1,,,
2026-08-21T09:50:00Z,2026-09-12T23:23:23Z,330,7.0,9.0,1.5,14,5.4,174,1013.7,17.8,20.0,17.3,,,
2026-08-21T10:00:00Z,2026-09-12T23:23:23Z,320,7.0,9.0,,,,,1013.7,17.7,20.1,17.2,,-0.6,
2026-08-21T10:10:00Z,2026-09-12T23:23:23Z,320,7.0,9.0,1.5,,5.5,309,1013.7,17.6,20.0,17.1,,,
2026-08-21T10:20:00Z,2026-09-12T23:23:23Z,330,7.0,9.0,1.5,6,5.5,309,1013.6,17.5,20.0,17.0,,,
2026-08-21T10:30:00Z,2026-09-12T23:23:23Z,320,7.0,9.0,,,,,1013.8,17.5,20.0,17.0,,,
2026-08-21T10:40:00Z,2026-09-12T23:23:23Z,330,7.0,8.0,,,,,1013.9,17.6,20.0,17.1,,,
2026-08-21T10:50:00Z,2026-09-12T23:23:23Z,330,7.0,8.0,1.4,6,5.4,317,1013.9,17.5,20.0,16.9,,,
2026-08-21T11:00:00Z,2026-09-12T23:23:23Z,320,6.0,8.0,,,,,1013.9,17.6,20.0,17.1,,+0.0,
2026-08-21T11:10:00Z,2026-09-12T23:23:23Z,320,6.0,8.0,1.3,,5.3,309,1013.9,17.6,20.0,17.1,,,
2026-08-21T11:20:00Z,2026-09-12T23:23:23Z,310,7.0,9.0,1.3,6,5.3,309,1013.9,17.7,20.0,17.1,,,
2026-08-21T11:30:00Z,2026-09-12T23:23:23Z,310,7.0,9.0,,,,,1014.0,17.6,20.0,17.0,,,
2026-08-21T11:40:00Z,2026-09-12T23:23:23Z,310,6.0,7.0,,,,,1014.1,17.6,20.0,17.1,,,
2026-08-21T11:50:00Z,2026-09-12T23:23:23Z,320,7.0,8.0,1.5,14,5.6,215,1013.9,17.5,20.0,16.9,,,
2026-08-21T12:00:00Z,2026-09-12T23:23:23Z,320,7.0,9.0,,,,,1013.8,17.4,20.0,16.8,,-0.3,
2026-08-21T12:10:00Z,2026-09-12T23:23:23Z,320,7.0,9.0,1.4,,5.5,311,1013.9,17.4,20.0,16.8,,,
2026-08-21T12:20:00Z,2026-09-12T23:23:23Z,320,7.0,9.0,1.4,7,5.5,311,1013.9,17.4,20.0,16.8,,,
2026-08-21T12:30:00Z,2026-09-12T23:23:23Z,320,7.0,8.0,,,,,1014.0,17.5,20.0,17.0,,,
2026-08-21T12:40:00Z,2026-09-12T23:23:23Z,320,7.0,9.0,1.6,,5.9,186,1014.1,17.3,20.0,16.7,,,
2026-08-21T12:50:00Z,2026-09-12T23:23:23Z,320,7.0,8.0,1.6,14,5.9,186,1014.0,17.4,20.0,16.8,,,
2026-08-21T13:00:00Z,2026-09-12T23:23:23Z,320,6.0,8.0,,,,,1014.1,17.5,20.0,16.9,,+0.4,
2026-08-21T13:10:00Z,2026-09-12T23:23:23Z,320,7.0,8.0,1.6,,5.9,309,1014.1,17.4,20.0,16.7,,,
2026-08-21T13:20:00Z,2026-09-12T23:23:23Z,320,7.0,8.0,1.6,7,5.9,309,1014.2,17.4,20.0,16.7,,,
2026-08-21T13:30:00Z,2026-09-12T23:23:23Z,310,7.0,9.0,,,,,1014.3,17.6,20.1,16.9,,,
2026-08-21T13:40:00Z,2026-09-12T23:23:23Z,320,7.0,8.0,1.5,,5.8,318,1014.6,17.5,20.1,16.8,,,
2026-08-21T13:50:00Z,2026-09-12T23:23:23Z,310,6.0,8.0,1.5,7,5.8,318,1014.6,17.5,20.1,16.9,,,
2026-08-21T14:00:00Z,2026-09-12T23:23:23Z,320,7.0,8.0,,,,,1014.7,17.3,20.1,16.6,,+0.8,
2026-08-21T14:10:00Z,2026-09-12T23:23:23Z,310,6.0,8.0,1.6,,5.9,313,1014.7,17.5,20.2,16.8,,,
2026-08-21T14:20:00Z,2026-09-12T23:23:23Z,330,6.0,8.0,1.6,7,5.9,313,1015.0,17.5,20.2,16.8,,,
2026-08-21T14:30:00Z,2026-09-12T23:23:23Z,320,6.0,8.0,,,,,1015.0,17.6,20.2,17.0,,,
2026-08-21T14:40:00Z,2026-09-12T23:23:23Z,330,6.0,8.0,1.5,,5.6,313,1015.1,17.6,20.2,16.9,,,
2026-08-21T14:50:00Z,2026-09-12T23:23:23Z,330,6.0,8.0,1.5,7,5.6,313,1015.1,17.6,20.2,17.0,,,
2026-08-21T15:00:00Z,2026-09-12T23:23:23Z,330,6.0,8.0,,,,,1015.1,17.6,20.2,16.9,,+1.2,
2026-08-21T15:10:00Z,2026-09-12T23:23:23Z,320,6.0,8.0,1.6,,5.7,312,1015.0,17.7,20.2,17.0,,,
2026-08-21T15:20:00Z,2026-09-12T23:23:23Z,320,6.0,8.0,1.6,6,5.7,312,1015.0,17.7,20.2,17.1,,,
2026-08-21T15:30:00Z,2026-09-12T23:23:23Z,320,6.0,8.0,,,,,1015.1,17.6,20.2,16.9,,,
2026-08-21T15:40:00Z,2026-09-12T23:23:23Z,320,6.0,8.0,1.5,,5.8,320,1015.1,17.6,20.3,17.0,,,
2026-08-21T15:50:00Z,2026-09-12T23:23:23Z,310,6.0,8.0,1.5,7,5.8,320,1015.1,17.7,20.3,17.0,,,
2026-08-21T16:00:00Z,2026-09-12T23:23:23Z,310,6.0,8.0,,,,,1015.1,17.8,20.3,17.2,,+1.1,
2026-08-21T16:10:00Z,2026-09-12T23:23:23Z,320,6.0,8.0,1.7,,6.0,316,1015.1,17.8,20.3,17.2,,,
2026-08-21T16:20:00Z,2026-09-12T23:23:23Z,310,6.0,7.0,1.7,7,6.0,316,1015.1,17.8,20.3,17.2,,,
2026-08-21T16:30:00Z,2026-09-12T23:23:23Z,320,6.0,7.0,,,,,1015.1,17.8,20.3,17.1,,,
2026-08-21T16:40:00Z,2026-09-12T23:23:23Z,,,,1.6,,6.0,315,1015.3,,,,,,
2026-08-21T16:50:00Z,2026-09-12T23:23:23Z,320,6.0,8.0,1.6,7,6.0,315,1015.4,17.8,20.3,17.1,,,
2026-08-21T17:00:00Z,2026-09-12T23:23:23Z,320,6.0,8.0,,,,,1015.4,17.9,20.3,17.1,,+0.8,
2026-08-21T17:10:00Z,2026-09-12T23:23:23Z,320,5.0,7.0,1.5,,5.9,322,1015.5,17.9,20.3,17.1,,,
2026-08-21T17:20:00Z,2026-09-12T23:23:23Z,310,5.0,7.0,1.5,7,5.9,322,1015.5,18.0,20.3,17.3,,,
2026-08-21T17:30:00Z,2026-09-12T23:23:23Z,320,6.0,8.0,,,,,1015.5,18.1,20.3,17.4,,,
2026-08-21T17:40:00Z,2026-09-12T23:23:23Z,320,6.0,7.0,1.6,,5.7,320,1015.6,17.9,20.3,17.1,,,
2026-08-21T17:50:00Z,2026-09-12T23:23:23Z,310,6.0,7.0,1.6,7,5.7,320,1015.7,18.0,20.3,17.2,,,
2026-08-21T18:00:00Z,2026-09-12T23:23:23Z,320,6.0,7.0,,,,,1015.9,18.0,20.3,17.1,,+0.8,
2026-08-21T18:10:00Z,2026-09-12T23:23:23Z,320,5.0,6.0,1.5,,5.8,317,1015.9,18.1,20.3,17.2,,,
2026-08-21T18:20:00Z,2026-09-12T23:23:23Z,320,5.0,7.0,1.5,8,5.8,317,1015.9,18.0,20.4,17.1,,,
2026-08-21T18:30:00Z,2026-09-12T23:23:23Z,320,5.0,6.0,,,,,1015.8,18.1,20.4,17.1,,,
2026-08-21T18:40:00Z,2026-09-12T23:23:23Z,320,5.0,7.0,1.5,,5.8,314,1015.6,18.1,20.4,17.2,,,
2026-08-21T18:50:00Z,2026-09-12T23:23:23Z,320,5.0,7.0,1.5,7,5.8,314,1015.6,18.2,20.4,17.2,,,
2026-08-21T19:00:00Z,2026-09-12T23:23:23Z,320,5.0,7.0,,,,,1015.6,18.2,20.4,17.2,,+0.5,
2026-08-21T19:10:00Z,2026-09-12T23:23:23Z,320,5.0,7.0,1.6,,6.1,315,1015.6,18.2,20.4,17.1,,,
2026-08-21T19:20:00Z,2026-09-12T23:23:23Z,320,5.0,7.0,1.6,7,6.1,315,1015.6,18.3,20.5,17.2,,,
2026-08-21T19:30:00Z,2026-09-12T23:23:23Z,310,5.0,7.0,,,,,1015.5,18.4,20.5,17.3,,,
2026-08-21T19:40:00Z,2026-09-12T23:23:23Z,310,6.0,8.0,1.4,,5.9,318,1015.4,18.4,20.5,17.3,,,
2026-08-21T19:50:00Z,2026-09-12T23:23:23Z,310,6.0,7.0,1.4,7,5.9,318,1015.3,18.3,20.5,17.2,,,
2026-08-21T20:00:00Z,2026-09-12T23:23:23Z,310,6.0,7.0,1.4,,6.2,316,1015.3,18.3,20.5,17.2,,+0.0,
2026-08-21T20:10:00Z,2026-09-12T23:23:23Z,310,6.0,7.0,,,,,1015.2,18.3,20.5,17.2,,,
2026-08-21T20:20:00Z,2026-09-12T23:23:23Z,310,6.0,8.0,1.4,8,6.2,316,1015.1,18.2,20.6,17.1,,,
2026-08-21T20:30:00Z,2026-09-12T23:23:23Z,300,7.0,8.0,,,,,1015.1,18.3,20.6,17.2,,,
2026-08-21T20:40:00Z,2026-09-12T23:23:23Z,300,6.0,8.0,1.3,,5.6,316,1015.2,18.3,20.6,17.3,,,
2026-08-21T20:50:00Z,2026-09-12T23:23:23Z,300,6.0,8.0,1.3,8,5.6,316,1015.4,18.3,20.6,17.3,,,
2026-08-21T21:00:00Z,2026-09-12T23:23:23Z,300,6.0,8.0,,,,,1015.3,18.3,20.6,17.3,,-0.6,
2026-08-21T21:10:00Z,2026-09-12T23:23:23Z,310,6.0,8.0,,,,,1015.1,18.3,20.6,17.3,,,
2026-08-21T21:20:00Z,2026-09-12T23:23:23Z,300,6.0,8.0,1.4,7,5.8,317,1014.9,18.3,20.6,17.3,,,
2026-08-21T21:30:00Z,2026-09-12T23:23:23Z,310,7.0,8.0,,,,,1014.7,18.2,20.6,17.2,,,
2026-08-21T21:40:00Z,2026-09-12T23:23:23Z,300,7.0,8.0,1.5,,5.9,314,1014.7,18.2,20.6,17.3,,,
2026-08-21T21:50:00Z,2026-09-12T23:23:23Z,300,7.0,8.0,1.5,7,5.9,314,1014.6,18.2,20.6,17.2,,,
2026-08-21T22:00:00Z,2026-09-12T23:23:23Z,300,7.0,8.0,,,,,1014.6,18.1,20.7,17.1,,-1.1,
2026-08-21T22:10:00Z,2026-09-12T23:23:23Z,300,7.0,8.0,1.4,,5.6,316,1014.5,18.1,20.7,17.1,,,
2026-08-21T22:20:00Z,2026-09-12T23:23:23Z,300,6.0,8.0,1.4,6,5.6,316,1014.4,18.3,20.7,17.3,,,
2026-08-21T22:30:00Z,2026-09-12T23:23:23Z,310,7.0,8.0,,,,,1014.2,18.2,20.7,17.2,,,
2026-08-21T22:40:00Z,2026-09-12T23:23:23Z,300,7.0,9.0,1.5,,5.7,206,1014.2,18.2,20.7,17.2,,,
2026-08-21T22:50:00Z,2026-09-12T23:23:23Z,310,7.0,9.0,1.5,12,5.7,206,1014.2,18.2,20.7,17.2,,,
2026-08-21T23:00:00Z,2026-09-12T23:23:23Z,310,8.0,9.0,,,,,1014.1,18.1,20.7,17.1,,-1.2,
2026-08-21T23:10:00Z,2026-09-12T23:23:23Z,310,7.0,8.0,1.5,,5.6,321,1014.1,18.2,20.7,17.3,,,
2026-08-21T23:20:00Z,2026-09-12T23:23:23Z,310,7.0,9.0,1.5,8,5.6,321,1014.0,18.2,20.7,17.4,,,
2026-08-21T23:30:00Z,2026-09-12T23:23:23Z,310,7.0,8.0,,,,,1014.0,18.1,20.7,17.2,,,
2026-08-21T23:40:00Z,2026-09-12T23:23:23Z,320,8.0,10.0,1.5,,5.7,318,1014.0,18.1,20.7,17.2,,,
2026-08-21T23:50:00Z,2026-09-12T23:23:23Z,310,7.0,10.0,1.5,7,5.7,318,1013.9,18.1,20.7,17.3,,,
2026-08-22T00:00:00Z,2026-09-12T23:23:23Z,300,7.0,9.0,,,,,1013.9,18.1,20.7,17.3,,-1.4,
2026-08-22T00:10:00Z,2026-09-12T23:23:23Z,310,8.0,9.0,1.4,,5.7,321,1013.7,18.1,20.7,17.3,,,
2026-08-22T00:20:00Z,2026-09-12T23:23:23Z,310,8.0,10.0,1.4,7,5.7,321,1013.6,18.0,20.6,17.2,,,
2026-08-22T00:30:00Z,2026-09-12T23:23:23Z,310,8.0,10.0,,,,,1013.6,18.0,20.6,17.3,,,
2026-08-22T00:40:00Z,2026-09-12T23:23:23Z,300,8.0,11.0,1.6,,5.6,316,1013.7,18.0,20.6,17.3,,,
2026-08-22T00:50:00Z,2026-09-12T23:23:23Z,310,8.0,10.0,1.6,7,5.6,316,1013.7,18.1,20.6,17.5,,,
2026-08-22T01:00:00Z,2026-09-12T23:23:23Z,310,8.0,10.0,,,,,1013.7,18.0,20.5,17.4,,-0.9,
2026-08-22T01:10:00Z,2026-09-12T23:23:23Z,310,8.0,9.0,1.4,,5.4,323,1013.6,18.0,20.5,17.4,,,
2026-08-22T01:20:00Z,2026-09-12T23:23:23Z,310,7.0,9.0,1.4,7,5.4,323,1013.7,18.0,20.4,17.4,,,
2026-08-22T01:30:00Z,2026-09-12T23:23:23Z,310,7.0,10.0,,,,,1013.8,18.0,20.3,17.4,,,
2026-08-22T01:40:00Z,2026-09-12T23:23:23Z,310,8.0,9.0,1.5,,5.4,321,1013.8,18.0,20.3,17.3,,,
2026-08-22T01:50:00Z,2026-09-12T23:23:23Z,300,8.0,9.0,1.5,8,5.4,321,1013.6,17.8,20.3,17.2,,,
2026-08-22T02:00:00Z,2026-09-12T23:23:23Z,310,8.0,9.0,,,,,1013.5,17.9,20.3,17.3,,-0.7,
2026-08-22T02:10:00Z,2026-09-12T23:23:23Z,320,8.0,10.0,1.5,,5.2,319,1013.5,18.0,20.3,17.4,,,
2026-08-22T02:20:00Z,2026-09-12T23:23:23Z,310,8.0,10.0,1.5,7,5.2,319,1013.4,17.9,20.3,17.3,,,
2026-08-22T02:30:00Z,2026-09-12T23:23:23Z,310,8.0,10.0,,,,,1013.6,18.0,20.3,17.4,,,
2026-08-22T02:40:00Z,2026-09-12T23:23:23Z,310,8.0,10.0,1.7,,5.5,191,1013.5,18.0,20.3,17.3,,,
2026-08-22T02:50:00Z,2026-09-12T23:23:23Z,310,8.0,10.0,1.7,16,5.5,191,1013.6,18.1,,17.4,,,
2026-08-22T03:00:00Z,2026-09-12T23:23:23Z,310,8.0,10.0,,,,,1013.6,18.2,20.3,17.6,,-0.3,
2026-08-22T03:10:00Z,2026-09-12T23:23:23Z,310,8.0,10.0,1.6,,5.3,318,1013.6,18.3,20.3,17.5,,,
2026-08-22T03:20:00Z,2026-09-12T23:23:23Z,310,9.0,10.0,1.6,8,5.3,318,1013.7,18.4,20.4,17.6,,,
2026-08-22T03:30:00Z,2026-09-12T23:23:23Z,310,9.0,10.0,,,,,1013.8,18.5,20.4,17.6,,,
2026-08-22T03:40:00Z,2026-09-12T23:23:23Z,310,9.0,11.0,,,,,1013.9,18.5,20.4,17.6,,,
2026-08-22T03:50:00Z,2026-09-12T23:23:23Z,320,8.0,10.0,1.6,6,5.3,315,1014.2,18.6,20.4,17.7,,,
2026-08-22T04:00:00Z,2026-09-12T23:23:23Z,320,8.0,10.0,,,,,1014.3,18.7,20.4,17.8,,+0.6,
2026-08-22T04:10:00Z,2026-09-12T23:23:23Z,320,8.0,10.0,1.6,,5.2,320,1014.4,18.7,20.4,17.8,,,
2026-08-22T04:20:00Z,2026-09-12T23:23:23Z,320,8.0,9.0,1.6,7,5.2,320,1014.6,18.7,20.4,17.8,,,
2026-08-22T04:30:00Z,2026-09-12T23:23:23Z,320,8.0,10.0,,,,,1014.6,18.6,20.4,17.7,,,
2026-08-22T04:40:00Z,2026-09-12T23:23:23Z,320,8.0,10.0,1.6,,5.3,319,1014.7,18.5,20.4,17.6,,,
2026-08-22T04:50:00Z,2026-09-12T23:23:23Z,320,8.0,10.0,1.6,7,5.3,319,1014.7,18.6,20.4,17.7,,,
2026-08-22T05:00:00Z,2026-09-12T23:23:23Z,320,8.0,10.0,,,,,1014.7,18.5,20.3,17.7,,+1.2,
2026-08-22T05:10:00Z,2026-09-12T23:23:23Z,320,8.0,10.0,1.6,,5.4,172,1014.8,18.4,20.3,17.6,,,
2026-08-22T05:20:00Z,2026-09-12T23:23:23Z,320,7.0,9.0,1.6,16,5.4,172,1014.9,18.4,20.3,17.6,,,
2026-08-22T05:30:00Z,2026-09-12T23:23:23Z,320,8.0,9.0,,,,,1014.9,18.4,20.3,17.6,,,
2026-08-22T05:40:00Z,2026-09-12T23:23:23Z,320,7.0,9.0,1.6,,5.3,318,1014.9,18.4,20.3,17.6,,,
2026-08-22T05:50:00Z,2026-09-12T23:23:23Z,320,7.0,9.0,1.6,7,5.3,318,1014.8,18.4,20.3,17.5,,,
2026-08-22T06:00:00Z,2026-09-12T23:23:23Z,320,7.0,9.0,,,,,1015.0,18.4,20.3,17.6,,+1.4,
2026-08-22T06:10:00Z,2026-09-12T23:23:23Z,320,7.0,9.0,1.6,,5.5,318,1014.9,18.4,20.4,17.5,,,
2026-08-22T06:20:00Z,2026-09-12T23:23:23Z,320,7.0,8.0,1.6,7,5.5,318,1015.0,18.4,20.4,17.5,,,
2026-08-22T06:30:00Z,2026-09-12T23:23:23Z,320,7.0,9.0,,,,,1015.0,18.4,20.4,17.5,,,
2026-08-22T06:40:00Z,2026-09-12T23:23:23Z,310,7.0,8.0,1.6,,5.3,322,1015.0,18.4,20.4,17.6,,,
2026-08-22T06:50:00Z,2026-09-12T23:23:23Z,320,7.0,8.0,1.6,7,5.3,322,1014.9,18.3,20.4,17.5,,,
2026-08-22T07:00:00Z,2026-09-12T23:23:23Z,320,7.0,8.0,,,,,1015.0,18.4,20.4,17.5,,+0.7,
2026-08-22T07:10:00Z,2026-09-12T23:23:23Z,320,7.0,8.0,,,,,1015.0,18.5,20.4,17.5,,,
2026-08-22T07:20:00Z,2026-09-12T23:23:23Z,330,7.0,8.0,1.6,7,5.4,311,1015.0,18.5,20.5,17.5,,,
2026-08-22T07:30:00Z,2026-09-12T23:23:23Z,320,6.0,8.0,,,,,1015.0,18.6,20.4,17.5,,,
2026-08-22T07:40:00Z,2026-09-12T23:23:23Z,320,6.0,8.0,,,,,1015.0,18.6,20.5,17.5,,,
2026-08-22T07:50:00Z,2026-09-12T23:23:23Z,320,6.0,8.0,1.5,7,5.6,314,1014.8,18.6,20.4,17.5,,,
2026-08-22T08:00:00Z,2026-09-12T23:23:23Z,320,6.0,7.0,,,,,1014.6,18.6,20.5,17.5,,+0.0,
2026-08-22T08:10:00Z,2026-09-12T23:23:23Z,320,6.0,7.0,,,,,1014.5,18.7,20.5,17.6,,,
2026-08-22T08:20:00Z,2026-09-12T23:23:23Z,320,7.0,8.0,1.7,7,5.6,316,1014.4,18.6,20.5,17.5,,,
2026-08-22T08:30:00Z,2026-09-12T23:23:23Z,310,7.0,8.0,,,,,1014.4,18.7,20.5,17.6,,,
2026-08-22T08:40:00Z,2026-09-12T23:23:23Z,310,7.0,9.0,,,,,1014.1,18.7,20.5,17.6,,,
2026-08-22T08:50:00Z,2026-09-12T23:23:23Z,310,7.0,9.0,1.6,7,5.5,317,1014.0,18.7,20.6,17.5,,,
2026-08-22T09:00:00Z,2026-09-12T23:23:23Z,310,7.0,9.0,,,,,1013.9,18.6,20.6,17.4,,-1.1,
2026-08-22T09:10:00Z,2026-09-12T23:23:23Z,310,7.0,8.0,,,,,1014.0,18.8,20.6,17.6,,,
2026-08-22T09:20:00Z,2026-09-12T23:23:23Z,310,7.0,8.0,1.7,7,5.7,309,1014.0,18.7,20.7,17.6,,,
2026-08-22T09:30:00Z,2026-09-12T23:23:23Z,320,7.0,8.0,,,,,1013.9,18.7,20.7,17.6,,,
2026-08-22T09:40:00Z,2026-09-12T23:23:23Z,,,,1.5,7,,,,,,,,,
2026-08-22T09:50:00Z,2026-09-12T23:23:23Z,310,7.0,8.0,1.5,,5.5,311,1013.8,18.6,20.7,17.5,,,
2026-08-22T10:00:00Z,2026-09-12T23:23:23Z,320,7.0,8.0,,,,,1013.8,18.7,20.7,17.6,,-1.2,
2026-08-22T10:10:00Z,2026-09-12T23:23:23Z,310,6.0,8.0,1.5,,5.7,317,1013.8,18.6,20.7,17.6,,,
2026-08-22T10:20:00Z,2026-09-12T23:23:23Z,310,7.0,8.0,1.5,7,5.7,317,1013.8,18.7,,17.6,,,
2026-08-22T10:30:00Z,2026-09-12T23:23:23Z,310,7.0,8.0,,,,,1013.7,18.7,20.7,17.6,,,
2026-08-22T10:40:00Z,2026-09-12T23:23:23Z,310,7.0,8.0,1.5,,5.8,312,1013.8,18.6,20.7,17.5,,,
2026-08-22T10:50:00Z,2026-09-12T23:23:23Z,310,7.0,8.0,1.5,7,5.8,312,1013.9,18.6,20.7,17.5,,,
2026-08-22T11:00:00Z,2026-09-12T23:23:23Z,310,7.0,8.0,,,,,1013.8,18.7,20.7,17.6,,-0.9,
2026-08-22T11:10:00Z,2026-09-12T23:23:23Z,310,7.0,8.0,1.6,,5.9,316,1013.8,18.7,20.7,17.6,,,
2026-08-22T11:20:00Z,2026-09-12T23:23:23Z,310,7.0,9.0,1.6,8,5.9,316,1013.8,18.7,20.7,17.6,,,
2026-08-22T11:30:00Z,2026-09-12T23:23:23Z,310,7.0,8.0,,,,,1013.9,18.6,20.7,17.5,,,
2026-08-22T11:40:00Z,2026-09-12T23:23:23Z,300,7.0,9.0,,,,,1013.7,18.6,20.7,17.5,,,
2026-08-22T11:50:00Z,2026-09-12T23:23:23Z,310,7.0,9.0,1.7,7,6.0,313,1013.7,18.6,20.7,17.5,,,
2026-08-22T12:00:00Z,2026-09-12T23:23:23Z,310,7.0,9.0,,,,,1013.7,18.7,20.7,17.6,,+0.0,
2026-08-22T12:10:00Z,2026-09-12T23:23:23Z,310,7.0,9.0,1.6,,5.9,318,1013.6,18.6,20.7,17.5,,,
2026-08-22T12:20:00Z,2026-09-12T23:23:23Z,310,7.0,9.0,1.6,8,5.9,318,1013.7,18.6,20.7,17.6,,,
2026-08-22T12:30:00Z,2026-09-12T23:23:23Z,310,7.0,9.0,,,,,1013.9,18.6,20.7,17.5,,,
2026-08-22T12:40:00Z,2026-09-12T23:23:23Z,320,7.0,9.0,1.5,,5.7,318,1014.0,18.7,20.7,17.7,,,
2026-08-22T12:50:00Z,2026-09-12T23:23:23Z,320,7.0,9.0,1.5,7,5.7,318,1014.0,18.6,20.7,17.4,,,
2026-08-22T13:00:00Z,2026-09-12T23:23:23Z,310,7.0,8.0,,,,,1014.1,18.7,20.7,17.5,,+0.3,
2026-08-22T13:10:00Z,2026-09-12T23:23:23Z,310,7.0,9.0,1.6,,5.8,321,1014.2,18.7,20.7,17.5,,,
2026-08-22T13:20:00Z,2026-09-12T23:23:23Z,320,7.0,9.0,1.6,8,5.8,321,1014.3,18.7,20.7,17.4,,,
2026-08-22T13:30:00Z,2026-09-12T23:23:23Z,310,7.0,8.0,,,,,1014.4,18.7,20.7,17.4,,,
2026-08-22T13:40:00Z,2026-09-12T23:23:23Z,,,,1.6,8,,,,,20.7,,,,
2026-08-22T13:50:00Z,2026-09-12T23:23:23Z,310,7.0,8.0,1.6,,5.8,311,1014.3,18.8,,17.6,,,
2026-08-22T14:00:00Z,2026-09-12T23:23:23Z,310,7.0,9.0,,,,,1014.4,18.7,20.7,17.5,,+0.6,
2026-08-22T14:10:00Z,2026-09-12T23:23:23Z,310,7.0,9.0,1.6,,5.7,320,1014.6,18.7,20.7,17.5,,,
2026-08-22T14:20:00Z,2026-09-12T23:23:23Z,310,8.0,9.0,1.6,8,5.7,320,1014.7,18.7,20.6,17.4,,,
2026-08-22T14:30:00Z,2026-09-12T23:23:23Z,310,7.0,9.0,,,,,1014.7,18.8,20.6,17.6,,,
2026-08-22T14:40:00Z,2026-09-12T23:23:23Z,310,7.0,9.0,,,,,1014.7,18.8,20.6,17.6,,,
2026-08-22T14:50:00Z,2026-09-12T23:23:23Z,310,8.0,9.0,1.5,8,5.7,318,1014.8,18.8,20.6,17.6,,,
2026-08-22T15:00:00Z,2026-09-12T23:23:23Z,310,8.0,10.0,,,,,1014.6,18.8,20.6,17.6,,+0.9,
2026-08-22T15:10:00Z,2026-09-12T23:23:23Z,310,9.0,10.0,1.6,,5.7,316,1014.7,18.8,20.6,17.6,,,
2026-08-22T15:20:00Z,2026-09-12T23:23:23Z,310,8.0,10.0,1.6,8,5.7,316,1014.9,18.9,20.6,17.7,,,
2026-08-22T15:30:00Z,2026-09-12T23:23:23Z,310,8.0,9.0,,,,,1014.9,18.9,20.6,17.6,,,
2026-08-22T15:40:00Z,2026-09-12T23:23:23Z,310,8.0,10.0,,,,,1015.0,18.9,20.6,17.6,,,
2026-08-22T15:50:00Z,2026-09-12T23:23:23Z,310,8.0,10.0,1.6,8,5.6,317,1014.9,18.9,20.6,17.7,,,
2026-08-22T16:00:00Z,2026-09-12T23:23:23Z,310,8.0,10.0,,,,,1014.9,18.9,20.6,17.7,,+0.9,
2026-08-22T16:10:00Z,2026-09-12T23:23:23Z,310,8.0,10.0,1.7,,5.8,318,1015.2,18.9,20.6,17.6,,,
2026-08-22T16:20:00Z,2026-09-12T23:23:23Z,310,8.0,10.0,1.7,8,5.8,318,1015.2,18.9,20.6,17.5,,,
2026-08-22T16:30:00Z,2026-09-12T23:23:23Z,320,8.0,10.0,,,,,1015.2,19.0,20.7,17.7,,,
2026-08-22T16:40:00Z,2026-09-12T23:23:23Z,310,8.0,10.0,,,,,1015.2,19.0,20.7,17.7,,,
2026-08-22T16:50:00Z,2026-09-12T23:23:23Z,320,8.0,10.0,1.7,7,5.6,316,1015.3,18.9,,17.6,,,
2026-08-22T17:00:00Z,2026-09-12T23:23:23Z,320,9.0,10.0,,,,,1015.4,19.0,20.7,17.6,,+1.0,
2026-08-22T17:10:00Z,2026-09-12T23:23:23Z,,,,1.7,7,,,,,20.7,,,,
2026-08-22T17:20:00Z,2026-09-12T23:23:23Z,320,8.0,9.0,1.7,,5.6,310,1015.3,19.0,,17.6,,,
2026-08-22T17:30:00Z,2026-09-12T23:23:23Z,320,8.0,9.0,,,,,1015.4,19.0,20.7,17.6,,,
2026-08-22T17:40:00Z,2026-09-12T23:23:23Z,320,8.0,9.0,1.8,,5.5,322,1015.3,19.0,20.7,17.6,,,
2026-08-22T17:50:00Z,2026-09-12T23:23:23Z,320,8.0,9.0,1.8,8,5.5,322,1015.4,19.0,20.7,17.6,,,
2026-08-22T18:00:00Z,2026-09-12T23:23:23Z,330,7.0,8.0,,,,,1015.4,19.1,20.7,17.7,,+0.8,
2026-08-22T18:10:00Z,2026-09-12T23:23:23Z,,,,,,,,1015.5,,,,,,
2026-08-22T18:20:00Z,2026-09-12T23:23:23Z,320,7.0,9.0,1.8,8,5.6,318,1015.4,19.1,20.7,17.7,,,
2026-08-22T18:30:00Z,2026-09-12T23:23:23Z,320,8.0,9.0,,,,,1015.3,19.1,20.7,17.7,,,
2026-08-22T18:40:00Z,2026-09-12T23:23:23Z,,,,1.7,8,,,,,20.7,,,,
2026-08-22T18:50:00Z,2026-09-12T23:23:23Z,320,8.0,10.0,1.7,,5.3,317,1015.2,19.0,,17.6,,,
2026-08-22T19:00:00Z,2026-09-12T23:23:23Z,320,8.0,9.0,,,,,1015.3,19.0,20.7,17.6,,+0.4,
2026-08-22T19:10:00Z,2026-09-12T23:23:23Z,320,8.0,9.0,1.8,,5.6,317,1015.2,19.0,20.7,17.6,,,
2026-08-22T19:20:00Z,2026-09-12T23:23:23Z,330,7.0,9.0,1.8,8,5.6,317,1015.3,19.0,20.7,17.7,,,
2026-08-22T19:30:00Z,2026-09-12T23:23:23Z,330,7.0,9.0,,,,,1015.3,19.0,20.8,17.6,,,
2026-08-22T19:40:00Z,2026-09-12T23:23:23Z,330,7.0,9.0,1.7,,5.4,318,1015.3,19.0,20.8,17.6,,,
2026-08-22T19:50:00Z,2026-09-12T23:23:23Z,320,8.0,9.0,1.7,7,5.4,318,1015.0,19.0,20.8,17.6,,,
2026-08-22T20:00:00Z,2026-09-12T23:23:23Z,320,9.0,10.0,,,,,1015.0,18.9,20.8,17.5,,-0.4,
2026-08-22T20:10:00Z,2026-09-12T23:23:23Z,320,8.0,10.0,1.7,,5.5,314,1014.9,19.0,20.8,17.6,,,
2026-08-22T20:20:00Z,2026-09-12T23:23:23Z,320,8.0,9.0,1.7,7,5.5,314,1014.9,19.0,20.9,17.6,,,
2026-08-22T20:30:00Z,2026-09-12T23:23:23Z,320,8.0,10.0,,,,,1014.4,19.0,20.9,17.6,,,
2026-08-22T20:40:00Z,2026-09-12T23:23:23Z,320,8.0,10.0,,,,,1014.5,19.1,20.9,17.8,,,
2026-08-22T20:50:00Z,2026-09-12T23:23:23Z,320,8.0,9.0,1.5,7,5.3,319,1014.5,19.0,20.9,17.7,,,
2026-08-22T21:00:00Z,2026-09-12T23:23:23Z,320,8.0,10.0,,,,,1014.3,19.0,20.9,17.6,,-1.1,
2026-08-22T21:10:00Z,2026-09-12T23:23:23Z,330,9.0,10.0,1.6,,5.4,316,1014.2,19.1,20.9,17.7,,,
2026-08-22T21:20:00Z,2026-09-12T23:23:23Z,320,8.0,10.0,1.6,7,5.4,316,1014.2,19.1,,17.8,,,
2026-08-22T21:30:00Z,2026-09-12T23:23:23Z,320,8.0,10.0,,,,,1014.1,19.1,20.9,17.8,,,
2026-08-22T21:40:00Z,2026-09-12T23:23:23Z,320,9.0,10.0,1.7,,5.4,322,1013.9,19.0,20.9,17.7,,,
2026-08-22T21:50:00Z,2026-09-12T23:23:23Z,320,8.0,10.0,1.7,7,5.4,322,1013.7,19.1,20.9,17.8,,,
2026-08-22T22:00:00Z,2026-09-12T23:23:23Z,320,8.0,10.0,,,,,1013.7,19.1,20.9,17.9,,-1.7,
2026-08-22T22:10:00Z,2026-09-12T23:23:23Z,320,8.0,10.0,1.6,,5.4,317,1013.7,19.0,21.0,17.7,,,
2026-08-22T22:20:00Z,2026-09-12T23:23:23Z,320,8.0,9.0,1.6,7,5.4,317,1013.6,19.1,21.0,17.8,,,
2026-08-22T22:30:00Z,2026-09-12T23:23:23Z,320,8.0,10.0,,,,,1013.6,19.0,21.0,17.7,,,
2026-08-22T22:40:00Z,2026-09-12T23:23:23Z,320,8.0,9.0,1.7,,5.4,314,1013.5,19.1,20.9,17.8,,,
2026-08-22T22:50:00Z,2026-09-12T23:23:23Z,320,8.0,10.0,1.7,7,5.4,314,1013.4,19.0,20.9,17.7,,,
2026-08-22T23:00:00Z,2026-09-12T23:23:23Z,320,8.0,10.0,,,,,1013.1,19.1,20.9,17.8,,-1.8,
2026-08-22T23:10:00Z,2026-09-12T23:23:23Z,310,9.0,10.0,1.6,,5.4,319,1013.0,19.1,20.9,17.9,,,
2026-08-22T23:20:00Z,2026-09-12T23:23:23Z,310,9.0,10.0,1.6,8,5.4,319,1012.9,19.0,20.9,17.8,,,
2026-08-22T23:40:00Z,2026-09-12T23:23:23Z,310,9.0,10.0,,,,,1013.0,19.0,20.9,17.8,,,
2026-08-22T23:50:00Z,2026-09-12T23:23:23Z,310,9.0,11.0,1.6,6,5.4,312,1013.9,19.0,20.9,17.7,,,
2026-08-23T00:00:00Z,2026-09-12T23:23:23Z,310,9.0,10.0,,,,,1012.8,19.0,20.9,17.8,,-1.6,
2026-08-23T00:10:00Z,2026-09-12T23:23:23Z,310,9.0,11.0,1.7,,5.5,316,1012.7,19.0,21.0,17.8,,,
2026-08-23T00:20:00Z,2026-09-12T23:23:23Z,310,9.0,11.0,1.7,7,5.5,316,1012.6,18.9,21.0,17.7,,,
2026-08-23T00:30:00Z,2026-09-12T23:23:23Z,310,9.0,11.0,,,,,1012.7,18.9,,17.7,,,
2026-08-23T00:40:00Z,2026-09-12T23:23:23Z,300,9.0,11.0,1.8,,5.5,317,1012.8,18.9,21.0,17.7,,,
2026-08-23T00:50:00Z,2026-09-12T23:23:23Z,310,9.0,10.0,1.8,7,5.5,317,1012.8,18.9,21.0,17.7,,,
2026-08-23T01:00:00Z,2026-09-12T23:23:23Z,310,9.0,10.0,,,,,1012.7,19.0,21.0,17.8,,-1.0,
2026-08-23T01:10:00Z,2026-09-12T23:23:23Z,310,9.0,10.0,1.7,,5.4,321,1012.7,18.9,20.9,17.7,,,
2026-08-23T01:20:00Z,2026-09-12T23:23:23Z,310,8.0,10.0,1.7,7,5.4,321,1012.7,18.9,21.0,17.8,,,
2026-08-23T01:30:00Z,2026-09-12T23:23:23Z,310,8.0,10.0,,,,,1012.7,19.0,21.0,17.9,,,
2026-08-23T01:40:00Z,2026-09-12T23:23:23Z,310,9.0,10.0,1.7,,5.5,318,1012.8,18.9,21.0,17.8,,,
2026-08-23T01:50:00Z,2026-09-12T23:23:23Z,310,9.0,10.0,1.7,7,5.5,318,1012.7,18.9,21.0,17.8,,,
2026-08-23T02:00:00Z,2026-09-12T23:23:23Z,310,8.0,11.0,,,,,1012.7,18.9,21.0,17.8,,-0.5,
2026-08-23T02:10:00Z,2026-09-12T23:23:23Z,310,9.0,10.0,1.7,,5.3,328,1012.7,18.9,21.0,17.8,,,
2026-08-23T02:20:00Z,2026-09-12T23:23:23Z,310,9.0,11.0,1.7,8,5.3,328,1012.6,18.9,21.0,17.8,,,
2026-08-23T02:30:00Z,2026-09-12T23:23:23Z,310,9.0,10.0,,,,,1012.5,18.8,21.0,17.7,,,
2026-08-23T02:40:00Z,2026-09-12T23:23:23Z,310,9.0,11.0,,,,,1012.5,18.8,21.0,17.7,,,
2026-08-23T02:50:00Z,2026-09-12T23:23:23Z,310,9.0,11.0,1.8,8,5.5,319,1012.5,18.8,21.0,17.7,,,
2026-08-23T03:00:00Z,2026-09-12T23:23:23Z,310,9.0,10.0,,,,,1012.6,18.8,21.0,17.8,,-0.3,
2026-08-23T03:10:00Z,2026-09-12T23:23:23Z,310,9.0,11.0,1.8,,5.5,320,1012.5,18.7,21.0,17.7,,,
2026-08-23T03:20:00Z,2026-09-12T23:23:23Z,310,9.0,11.0,1.8,7,5.5,320,1012.7,18.8,20.9,17.8,,,
2026-08-23T03:30:00Z,2026-09-12T23:23:23Z,310,9.0,11.0,1.9,,5.6,320,1012.7,18.8,20.9,17.8,,,
2026-08-23T03:40:00Z,2026-09-12T23:23:23Z,300,9.0,11.0,,,,,1012.7,18.8,20.9,17.8,,,
2026-08-23T03:50:00Z,2026-09-12T23:23:23Z,310,9.0,12.0,1.9,7,5.6,320,1012.6,18.8,20.9,17.8,,,
2026-08-23T04:00:00Z,2026-09-12T23:23:23Z,310,8.0,10.0,,,,,1012.7,18.9,20.9,18.0,,-0.0,
2026-08-23T04:10:00Z,2026-09-12T23:23:23Z,310,9.0,11.0,1.7,,5.4,331,1012.8,18.7,20.9,17.7,,,
2026-08-23T04:20:00Z,2026-09-12T23:23:23Z,310,8.0,11.0,1.7,7,5.4,331,1013.0,18.8,20.9,17.8,,,
2026-08-23T04:30:00Z,2026-09-12T23:23:23Z,310,8.0,10.0,,,,,1013.1,18.8,20.9,17.8,,,
2026-08-23T04:40:00Z,2026-09-12T23:23:23Z,310,8.0,10.0,1.8,,5.5,320,1013.1,18.8,20.9,17.8,,,
2026-08-23T04:50:00Z,2026-09-12T23:23:23Z,310,8.0,9.0,1.8,7,5.5,320,1013.2,18.9,20.9,17.9,,,
2026-08-23T05:00:00Z,2026-09-12T23:23:23Z,300,8.0,10.0,,,,,1013.3,18.8,20.9,17.8,,+0.6,
2026-08-23T05:10:00Z,2026-09-12T23:23:23Z,310,8.0,9.0,1.8,,5.6,317,1013.2,18.9,20.9,17.9,,,
2026-08-23T05:20:00Z,2026-09-12T23:23:23Z,300,8.0,10.0,1.8,8,5.6,317,1013.2,18.9,20.9,17.9,,,
2026-08-23T05:30:00Z,2026-09-12T23:23:23Z,300,8.0,11.0,,,,,1013.1,18.8,20.9,17.7,,,
2026-08-23T05:40:00Z,2026-09-12T23:23:23Z,,,,,,,,1012.9,,20.9,,,,
2026-08-23T05:50:00Z,2026-09-12T23:23:23Z,300,9.0,11.0,1.8,7,5.5,320,1012.8,18.9,,17.8,,,
2026-08-23T06:00:00Z,2026-09-12T23:23:23Z,300,9.0,11.0,,,,,1012.7,18.8,20.9,17.7,,+0.0,
2026-08-23T06:10:00Z,2026-09-12T23:23:23Z,300,9.0,11.0,1.7,,5.4,317,1012.8,18.9,20.8,17.7,,,
2026-08-23T06:20:00Z,2026-09-12T23:23:23Z,300,9.0,11.0,1.7,7,5.4,317,1012.8,18.9,20.8,17.6,,,
2026-08-23T06:30:00Z,2026-09-12T23:23:23Z,300,9.0,11.0,,,,,1012.8,18.9,20.8,17.5,,,
2026-08-23T06:40:00Z,2026-09-12T23:23:23Z,300,8.0,11.0,,,,,1012.8,18.9,20.8,17.6,,,
2026-08-23T06:50:00Z,2026-09-12T23:23:23Z,300,9.0,11.0,1.9,7,5.7,314,1013.7,18.9,20.7,17.5,,,
2026-08-23T07:00:00Z,2026-09-12T23:23:23Z,300,8.0,11.0,,,,,1012.6,19.0,20.7,17.6,,+0.0,
2026-08-23T07:10:00Z,2026-09-12T23:23:23Z,300,9.0,11.0,,,,,1012.7,19.0,,17.7,,,
2026-08-23T07:20:00Z,2026-09-12T23:23:23Z,,,,1.8,8,5.5,310,1012.7,,20.7,,,,
2026-08-23T07:30:00Z,2026-09-12T23:23:23Z,300,8.0,10.0,,,,,1012.8,18.9,20.7,17.5,,,
2026-08-23T07:40:00Z,2026-09-12T23:23:23Z,310,8.0,10.0,,,,,1012.8,19.0,20.7,17.6,,,
2026-08-23T07:50:00Z,2026-09-12T23:23:23Z,310,9.0,10.0,2.0,7,5.6,318,1012.8,18.9,20.7,17.5,,,
2026-08-23T08:00:00Z,2026-09-12T23:23:23Z,310,9.0,10.0,,,,,1012.9,18.9,20.7,17.4,,-0.5,
2026-08-23T08:10:00Z,2026-09-12T23:23:23Z,310,8.0,10.0,,,,,1012.6,19.0,20.6,17.6,,,
2026-08-23T08:20:00Z,2026-09-12T23:23:23Z,310,8.0,10.0,1.8,8,5.8,315,1012.5,18.9,20.6,17.5,,,
2026-08-23T08:30:00Z,2026-09-12T23:23:23Z,310,9.0,10.0,,,,,1012.5,18.9,20.6,17.5,,,
2026-08-23T08:40:00Z,2026-09-12T23:23:23Z,310,8.0,10.0,1.8,,5.5,310,1012.4,18.9,20.6,17.5,,,
2026-08-23T08:50:00Z,2026-09-12T23:23:23Z,310,8.0,11.0,1.8,6,5.5,310,1012.3,18.9,20.6,17.5,,,
2026-08-23T09:00:00Z,2026-09-12T23:23:23Z,310,7.0,9.0,,,,,1012.4,18.9,20.6,17.6,,+0.0,
2026-08-23T09:10:00Z,2026-09-12T23:23:23Z,320,7.0,9.0,1.8,,5.7,315,1012.4,18.8,20.6,17.6,,,
2026-08-23T09:20:00Z,2026-09-12T23:23:23Z,310,7.0,9.0,1.8,7,5.7,315,1012.3,18.8,20.6,17.6,,,
2026-08-23T09:30:00Z,2026-09-12T23:23:23Z,320,7.0,8.0,,,,,1012.4,18.8,20.6,17.6,,,
2026-08-23T09:40:00Z,2026-09-12T23:23:23Z,320,7.0,9.0,1.7,,5.8,315,1012.3,18.8,20.6,17.5,,,
2026-08-23T09:50:00Z,2026-09-12T23:23:23Z,310,8.0,9.0,1.7,8,5.8,315,1012.1,18.8,20.6,17.5,,,
2026-08-23T10:00:00Z,2026-09-12T23:23:23Z,310,8.0,9.0,,,,,1012.0,18.8,20.6,17.6,,-0.6,
2026-08-23T10:10:00Z,2026-09-12T23:23:23Z,310,8.0,9.0,1.7,,5.5,313,1012.0,18.8,20.5,17.6,,,
2026-08-23T10:20:00Z,2026-09-12T23:23:23Z,310,8.0,10.0,1.7,8,5.5,313,1011.9,18.8,20.5,17.6,,,
2026-08-23T10:30:00Z,2026-09-12T23:23:23Z,310,8.0,10.0,,,,,1012.0,18.8,20.5,17.6,,,
2026-08-23T10:40:00Z,2026-09-12T23:23:23Z,310,8.0,9.0,,,,,1011.8,18.9,20.5,17.7,,,
2026-08-23T10:50:00Z,2026-09-12T23:23:23Z,310,8.0,9.0,1.7,8,5.5,308,1011.8,18.8,20.5,17.7,,,
2026-08-23T11:00:00Z,2026-09-12T23:23:23Z,310,7.0,9.0,,,,,1011.9,18.8,20.5,17.7,,-0.8,
2026-08-23T11:10:00Z,2026-09-12T23:23:23Z,310,7.0,9.0,1.6,,5.6,313,1011.9,18.8,20.5,17.6,,,
2026-08-23T11:20:00Z,2026-09-12T23:23:23Z,310,7.0,9.0,1.6,8,5.6,313,1011.8,18.8,20.5,17.5,,,
2026-08-23T11:30:00Z,2026-09-12T23:23:23Z,310,8.0,9.0,1.6,,5.6,311,1011.8,18.8,20.5,17.6,,,
2026-08-23T11:40:00Z,2026-09-12T23:23:23Z,310,8.0,10.0,,,,,1011.6,18.8,20.5,17.6,,,
2026-08-23T11:50:00Z,2026-09-12T23:23:23Z,310,9.0,11.0,1.6,7,5.6,311,1011.5,18.9,20.5,17.6,,,
2026-08-23T12:00:00Z,2026-09-12T23:23:23Z,310,9.0,11.0,,,,,1011.5,18.8,20.5,17.6,,-1.0,
2026-08-23T12:10:00Z,2026-09-12T23:23:23Z,310,8.0,10.0,1.7,,5.7,311,1011.3,18.9,20.5,17.7,,,
2026-08-23T12:20:00Z,2026-09-12T23:23:23Z,310,8.0,10.0,1.7,8,5.7,311,1011.5,18.9,20.5,17.6,,,
2026-08-23T12:30:00Z,2026-09-12T23:23:23Z,310,9.0,10.0,,,,,1011.4,18.8,20.5,17.4,,,
2026-08-23T12:40:00Z,2026-09-12T23:23:23Z,310,9.0,10.0,1.7,,5.8,309,1011.4,18.9,20.5,17.5,,,
2026-08-23T12:50:00Z,2026-09-12T23:23:23Z,310,9.0,11.0,1.7,8,5.8,309,1011.5,18.9,20.5,17.4,,,
2026-08-23T13:00:00Z,2026-09-12T23:23:23Z,310,8.0,11.0,,,,,1011.7,18.9,20.5,17.4,,-0.3,
2026-08-23T13:10:00Z,2026-09-12T23:23:23Z,310,8.0,10.0,1.8,,5.7,310,1011.7,18.9,20.5,17.5,,,
2026-08-23T13:20:00Z,2026-09-12T23:23:23Z,310,9.0,10.0,1.8,8,5.7,310,1011.7,18.9,20.5,17.5,,,
2026-08-23T13:30:00Z,2026-09-12T23:23:23Z,310,9.0,10.0,,,,,1011.7,18.9,20.5,17.5,,,
2026-08-23T13:40:00Z,2026-09-12T23:23:23Z,310,9.0,11.0,,,,,1011.8,18.9,20.5,17.5,,,
2026-08-23T13:50:00Z,2026-09-12T23:23:23Z,310,9.0,10.0,1.9,8,5.8,311,1011.9,18.9,20.5,17.5,,,
2026-08-23T14:00:00Z,2026-09-12T23:23:23Z,310,8.0,9.0,,,,,1012.4,18.9,20.5,17.5,,+0.4,
2026-08-23T14:10:00Z,2026-09-12T23:23:23Z,310,8.0,9.0,1.9,,5.8,314,1012.5,19.0,20.5,17.6,,,
2026-08-23T14:20:00Z,2026-09-12T23:23:23Z,310,8.0,9.0,1.9,8,5.8,314,1012.5,19.0,20.5,17.6,,,
2026-08-23T14:30:00Z,2026-09-12T23:23:23Z,,,,,,,,1012.5,,,,,,
2026-08-23T14:40:00Z,2026-09-12T23:23:23Z,310,8.0,9.0,1.8,,5.8,316,1012.5,18.9,20.5,17.5,,,
2026-08-23T14:50:00Z,2026-09-12T23:23:23Z,320,8.0,10.0,1.8,8,5.8,316,1012.3,19.0,20.5,17.7,,,
2026-08-23T15:00:00Z,2026-09-12T23:23:23Z,310,8.0,10.0,,,,,1012.3,18.9,20.5,17.6,,+0.9,
2026-08-23T15:10:00Z,2026-09-12T23:23:23Z,310,8.0,10.0,1.9,,5.8,317,1012.3,18.9,20.5,17.7,,,
2026-08-23T15:20:00Z,2026-09-12T23:23:23Z,320,8.0,10.0,1.9,8,5.8,317,1012.5,18.9,20.5,17.7,,,
2026-08-23T15:30:00Z,2026-09-12T23:23:23Z,320,8.0,10.0,,,,,1012.8,18.8,,17.6,,,
2026-08-23T15:40:00Z,2026-09-12T23:23:23Z,310,8.0,10.0,1.8,,5.6,316,1012.8,18.9,20.5,17.7,,,
2026-08-23T15:50:00Z,2026-09-12T23:23:23Z,320,8.0,10.0,1.8,7,5.6,316,1013.0,18.8,20.5,17.6,,,
2026-08-23T16:00:00Z,2026-09-12T23:23:23Z,320,7.0,9.0,,,,,1013.1,18.7,20.5,17.5,,+1.3,
2026-08-23T16:10:00Z,2026-09-12T23:23:23Z,310,8.0,10.0,1.9,,5.8,316,1012.9,18.8,20.5,17.6,,,
2026-08-23T16:20:00Z,2026-09-12T23:23:23Z,310,7.0,9.0,1.9,8,5.8,316,1013.1,18.8,20.5,17.7,,,
2026-08-23T16:30:00Z,2026-09-12T23:23:23Z,310,7.0,9.0,,,,,1013.0,18.6,20.5,17.5,,,
2026-08-23T16:40:00Z,2026-09-12T23:23:23Z,320,7.0,9.0,1.8,,5.8,320,1013.2,18.7,20.6,17.7,,,
2026-08-23T16:50:00Z,2026-09-12T23:23:23Z,310,7.0,9.0,1.8,8,5.8,320,1013.4,18.6,,17.5,,,
2026-08-23T17:00:00Z,2026-09-12T23:23:23Z,320,7.0,9.0,,,,,1013.7,18.6,20.6,17.6,,+1.3,
2026-08-23T17:10:00Z,2026-09-12T23:23:23Z,320,7.0,9.0,1.8,,5.7,315,1013.6,18.6,20.6,17.5,,,
2026-08-23T17:20:00Z,2026-09-12T23:23:23Z,320,7.0,9.0,1.8,7,5.7,315,1013.6,18.6,20.6,17.5,,,
2026-08-23T17:30:00Z,2026-09-12T23:23:23Z,320,8.0,9.0,,,,,1013.4,18.6,20.6,17.6,,,
2026-08-23T17:40:00Z,2026-09-12T23:23:23Z,320,8.0,9.0,1.9,,6.0,312,1013.3,18.5,20.6,17.5,,,
2026-08-23T17:50:00Z,2026-09-12T23:23:23Z,320,8.0,9.0,1.9,8,6.0,312,1013.2,18.4,20.6,17.4,,,
2026-08-23T18:00:00Z,2026-09-12T23:23:23Z,320,7.0,9.0,,,,,1013.3,18.5,20.6,17.5,,+1.0,
2026-08-23T18:10:00Z,2026-09-12T23:23:23Z,310,8.0,9.0,,,,,1013.5,18.5,20.6,17.5,,,
2026-08-23T18:20:00Z,2026-09-12T23:23:23Z,310,7.0,8.0,1.8,8,5.9,318,1013.8,18.5,20.6,17.6,,,
2026-08-23T18:30:00Z,2026-09-12T23:23:23Z,320,7.0,9.0,,,,,1013.9,18.4,20.6,17.4,,,
2026-08-23T18:40:00Z,2026-09-12T23:23:23Z,,,,1.8,7,,,,,20.6,,,,
2026-08-23T18:50:00Z,2026-09-12T23:23:23Z,320,7.0,8.0,1.8,,5.8,315,1013.4,18.5,,17.6,,,
2026-08-23T19:00:00Z,2026-09-12T23:23:23Z,320,7.0,9.0,,,,,1013.4,18.4,20.7,17.5,,+0.4,
2026-08-23T19:10:00Z,2026-09-12T23:23:23Z,320,7.0,8.0,1.8,,5.7,316,1013.5,18.4,20.7,17.5,,,
2026-08-23T19:20:00Z,2026-09-12T23:23:23Z,320,7.0,9.0,1.8,8,5.7,316,1013.3,18.4,20.7,17.5,,,
2026-08-23T19:30:00Z,2026-09-12T23:23:23Z,320,7.0,9.0,,,,,1013.2,18.3,20.7,17.4,,,
2026-08-23T19:40:00Z,2026-09-12T23:23:23Z,320,7.0,9.0,,,,,1013.2,18.3,20.7,17.5,,,
2026-08-23T19:50:00Z,2026-09-12T23:23:23Z,310,7.0,9.0,1.7,8,5.8,317,1013.1,18.3,20.7,17.5,,,
2026-08-23T20:00:00Z,2026-09-12T23:23:23Z,310,6.0,8.0,,,,,1013.2,18.2,20.8,17.4,,-0.4,
2026-08-23T20:10:00Z,2026-09-12T23:23:23Z,310,7.0,9.0,1.6,,5.6,225,1013.1,18.3,20.8,17.5,,,
2026-08-23T20:20:00Z,2026-09-12T23:23:23Z,310,8.0,9.0,1.6,15,5.6,225,1013.0,18.3,20.8,17.4,,,
2026-08-23T20:30:00Z,2026-09-12T23:23:23Z,310,7.0,9.0,,,,,1013.0,18.3,20.8,17.5,,,
2026-08-23T20:40:00Z,2026-09-12T23:23:23Z,310,7.0,9.0,,,,,1012.9,18.3,20.8,17.4,,,
2026-08-23T20:50:00Z,2026-09-12T23:23:23Z,310,7.0,9.0,1.6,8,5.8,316,1012.8,18.4,20.8,17.6,,,
2026-08-23T21:00:00Z,2026-09-12T23:23:23Z,310,7.0,9.0,,,,,1012.9,18.4,20.9,17.6,,-0.4,
2026-08-23T21:10:00Z,2026-09-12T23:23:23Z,300,8.0,10.0,1.7,,6.0,310,1012.7,18.2,20.9,17.4,,,
2026-08-23T21:20:00Z,2026-09-12T23:23:23Z,300,8.0,10.0,1.7,8,6.0,310,1012.7,18.2,20.9,17.4,,,
2026-08-23T21:30:00Z,2026-09-12T23:23:23Z,300,8.0,10.0,,,,,1012.6,18.3,20.9,17.6,,,
2026-08-23T21:40:00Z,2026-09-12T23:23:23Z,300,8.0,10.0,,,,,1012.7,18.3,20.9,17.5,,,
2026-08-23T21:50:00Z,2026-09-12T23:23:23Z,300,8.0,9.0,1.5,8,5.5,314,1012.7,18.2,20.9,17.5,,,
2026-08-23T22:00:00Z,2026-09-12T23:23:23Z,310,8.0,10.0,,,,,1012.5,18.2,20.9,17.5,,-0.9,
2026-08-23T22:10:00Z,2026-09-12T23:23:23Z,310,8.0,10.0,1.5,,5.5,311,1012.5,18.2,,17.4,,,
2026-08-23T22:20:00Z,2026-09-12T23:23:23Z,310,8.0,10.0,1.5,8,5.5,311,1012.4,18.2,20.9,17.5,,,
2026-08-23T22:30:00Z,2026-09-12T23:23:23Z,310,9.0,10.0,,,,,1012.1,18.1,20.9,17.3,,,
2026-08-23T22:40:00Z,2026-09-12T23:23:23Z,310,9.0,10.0,1.6,,5.6,310,1011.8,18.3,20.9,17.5,,,
2026-08-23T22:50:00Z,2026-09-12T23:23:23Z,310,9.0,11.0,1.6,8,5.6,310,1011.8,18.4,21.0,17.7,,,
2026-08-23T23:00:00Z,2026-09-12T23:23:23Z,300,9.0,11.0,,,,,1011.7,18.3,20.9,17.5,,-1.5,
2026-08-23T23:10:00Z,2026-09-12T23:23:23Z,310,9.0,11.0,1.7,,5.8,315,1011.6,18.3,20.9,17.6,,,
2026-08-23T23:20:00Z,2026-09-12T23:23:23Z,300,9.0,11.0,1.7,8,5.8,315,1011.8,18.3,20.9,17.6,,,
2026-08-23T23:30:00Z,2026-09-12T23:23:23Z,300,9.0,11.0,,,,,1011.7,18.3,20.9,17.6,,,
2026-08-23T23:40:00Z,2026-09-12T23:23:23Z,300,9.0,11.0,1.8,,5.8,313,1011.7,18.4,20.9,17.7,,,
2026-08-23T23:50:00Z,2026-09-12T23:23:23Z,310,9.0,11.0,1.8,8,5.8,313,1011.8,18.4,20.9,17.7,,,
2026-08-24T00:00:00Z,2026-09-12T23:23:23Z,310,9.0,11.0,,,,,1011.8,18.3,20.9,17.6,,-1.2,
2026-08-24T00:10:00Z,2026-09-12T23:23:23Z,310,9.0,11.0,1.8,,5.7,317,1011.7,18.3,21.0,17.6,,,
2026-08-24T00:20:00Z,2026-09-12T23:23:23Z,300,9.0,11.0,1.8,8,5.7,317,1011.6,18.5,20.9,17.9,,,
2026-08-24T00:30:00Z,2026-09-12T23:23:23Z,310,9.0,12.0,,,,,1011.6,18.3,20.9,17.6,,,
2026-08-24T00:40:00Z,2026-09-12T23:23:23Z,300,9.0,11.0,,,,,1011.6,18.4,20.9,17.8,,,
2026-08-24T00:50:00Z,2026-09-12T23:23:23Z,,,,1.7,7,5.5,311,1011.8,,20.9,,,,
2026-08-24T01:00:00Z,2026-09-12T23:23:23Z,300,9.0,10.0,,,,,1011.8,18.3,20.9,17.7,,-0.8,
2026-08-24T01:10:00Z,2026-09-12T23:23:23Z,310,8.0,9.0,1.7,,5.4,219,1012.0,18.3,20.9,17.7,,,
2026-08-24T01:20:00Z,2026-09-12T23:23:23Z,310,8.0,9.0,1.7,15,5.4,219,1012.1,18.2,20.9,17.6,,,
2026-08-24T01:30:00Z,2026-09-12T23:23:23Z,300,7.0,9.0,,,,,1012.0,18.3,20.9,17.7,,,
2026-08-24T01:40:00Z,2026-09-12T23:23:23Z,310,8.0,9.0,,,,,1012.0,18.3,20.9,17.7,,,
2026-08-24T01:50:00Z,2026-09-12T23:23:23Z,310,8.0,9.0,1.8,8,5.8,319,1012.0,18.2,20.9,17.6,,,
2026-08-24T02:00:00Z,2026-09-12T23:23:23Z,310,8.0,10.0,,,,,1011.7,18.1,20.9,17.5,,+0.0,
2026-08-24T02:10:00Z,2026-09-12T23:23:23Z,300,8.0,10.0,1.8,,5.7,313,1011.6,18.1,20.9,17.6,,,
2026-08-24T02:20:00Z,2026-09-12T23:23:23Z,300,8.0,10.0,1.8,8,5.7,313,1011.6,18.2,20.9,17.7,,,
2026-08-24T02:30:00Z,2026-09-12T23:23:23Z,310,8.0,10.0,,,,,1011.6,18.2,20.9,17.6,,,
2026-08-24T02:40:00Z,2026-09-12T23:23:23Z,300,8.0,10.0,,,,,1011.6,18.2,20.9,17.7,,,
2026-08-24T02:50:00Z,2026-09-12T23:23:23Z,310,8.0,9.0,1.8,8,5.9,316,1011.9,18.3,20.9,17.7,,,
2026-08-24T03:00:00Z,2026-09-12T23:23:23Z,300,8.0,10.0,,,,,1012.1,18.2,20.9,17.6,,+0.3,
2026-08-24T03:10:00Z,2026-09-12T23:23:23Z,310,7.0,9.0,1.9,,6.0,179,1012.4,18.1,20.9,17.6,,,
2026-08-24T03:20:00Z,2026-09-12T23:23:23Z,310,8.0,10.0,1.9,15,6.0,179,1012.3,18.1,20.9,17.6,,,
2026-08-24T03:30:00Z,2026-09-12T23:23:23Z,310,8.0,10.0,,,,,1012.2,18.0,20.9,17.5,,,
2026-08-24T03:40:00Z,2026-09-12T23:23:23Z,300,8.0,10.0,1.8,,6.1,318,1012.3,18.2,20.9,17.7,,,
2026-08-24T03:50:00Z,2026-09-12T23:23:23Z,310,8.0,10.0,1.8,8,6.1,318,1012.4,18.1,20.9,17.6,,,
2026-08-24T04:00:00Z,2026-09-12T23:23:23Z,300,8.0,10.0,,,,,1012.3,18.0,20.9,17.5,,+0.5,
2026-08-24T04:10:00Z,2026-09-12T23:23:23Z,300,9.0,11.0,1.9,,5.9,321,1012.3,18.1,21.0,17.6,,,
2026-08-24T04:20:00Z,2026-09-12T23:23:23Z,300,8.0,11.0,1.9,8,5.9,321,1012.3,18.1,21.0,17.6,,,
2026-08-24T04:30:00Z,2026-09-12T23:23:23Z,300,9.0,10.0,,,,,1012.2,18.1,21.0,17.7,,,
2026-08-24T04:40:00Z,2026-09-12T23:23:23Z,300,9.0,11.0,,,,,1012.3,18.0,21.0,17.6,,,
2026-08-24T04:50:00Z,2026-09-12T23:23:23Z,300,8.0,10.0,1.9,8,5.7,319,1012.4,18.1,21.0,17.7,,,
2026-08-24T05:00:00Z,2026-09-12T23:23:23Z,300,8.0,11.0,,,,,1012.6,18.0,21.0,17.6,,+0.9,
2026-08-24T05:10:00Z,2026-09-12T23:23:23Z,310,8.0,10.0,,,,,1012.7,17.9,21.0,17.5,,,
2026-08-24T05:20:00Z,2026-09-12T23:23:23Z,310,7.0,9.0,1.8,8,5.7,317,1012.7,17.9,21.0,17.4,,,
2026-08-24T05:30:00Z,2026-09-12T23:23:23Z,330,7.0,9.0,,,,,1012.9,17.9,21.0,17.4,,,
2026-08-24T05:40:00Z,2026-09-12T23:23:23Z,330,6.0,8.0,1.8,,5.7,317,1013.0,17.8,21.0,17.3,,,
2026-08-24T05:50:00Z,2026-09-12T23:23:23Z,320,5.0,7.0,1.8,8,5.7,317,1013.3,18.0,,17.5,,,
2026-08-24T06:00:00Z,2026-09-12T23:23:23Z,320,5.0,7.0,,,,,1013.3,18.0,21.0,17.5,,+1.2,
2026-08-24T06:10:00Z,2026-09-12T23:23:23Z,310,5.0,7.0,1.8,,5.8,328,1013.3,18.0,21.1,17.5,,,
2026-08-24T06:20:00Z,2026-09-12T23:23:23Z,320,5.0,7.0,1.8,8,5.8,328,1013.3,17.9,21.1,17.3,,,
2026-08-24T06:30:00Z,2026-09-12T23:23:23Z,310,5.0,7.0,,,,,1013.3,18.1,21.1,17.4,,,
2026-08-24T06:40:00Z,2026-09-12T23:23:23Z,320,4.0,6.0,1.9,,6.1,319,1013.2,18.0,21.1,17.3,,,
2026-08-24T06:50:00Z,2026-09-12T23:23:23Z,320,5.0,7.0,1.9,8,6.1,319,1013.1,18.0,21.1,17.3,,,
2026-08-24T07:00:00Z,2026-09-12T23:23:23Z,310,6.0,8.0,,,,,1013.1,18.0,21.1,17.3,,+0.7,
2026-08-24T07:10:00Z,2026-09-12T23:23:23Z,310,6.0,8.0,1.7,,6.0,317,1013.1,18.1,21.1,17.4,,,
2026-08-24T07:20:00Z,2026-09-12T23:23:23Z,310,6.0,8.0,1.7,8,6.0,317,1013.1,18.2,21.1,17.4,,,
2026-08-24T07:30:00Z,2026-09-12T23:23:23Z,310,7.0,9.0,,,,,1013.1,18.2,21.1,17.4,,,
2026-08-24T07:40:00Z,2026-09-12T23:23:23Z,310,7.0,9.0,,,,,1013.0,18.1,21.1,17.3,,,
2026-08-24T07:50:00Z,2026-09-12T23:23:23Z,310,7.0,9.0,1.7,15,6.0,168,1012.8,18.3,21.1,17.5,,,
2026-08-24T08:00:00Z,2026-09-12T23:23:23Z,310,7.0,9.0,,,,,1012.9,18.1,21.1,17.2,,+0.0,
2026-08-24T08:10:00Z,2026-09-12T23:23:23Z,310,7.0,9.0,,,,,1012.7,18.3,21.2,17.5,,,
2026-08-24T08:20:00Z,2026-09-12T23:23:23Z,310,6.0,9.0,1.7,8,5.8,313,1012.8,18.1,21.2,17.3,,,
2026-08-24T08:30:00Z,2026-09-12T23:23:23Z,310,7.0,10.0,,,,,1012.5,18.2,21.2,17.4,,,
2026-08-24T08:40:00Z,2026-09-12T23:23:23Z,300,8.0,10.0,1.6,,5.9,316,1012.5,18.2,21.1,17.4,,,
2026-08-24T08:50:00Z,2026-09-12T23:23:23Z,300,7.0,10.0,1.6,7,5.9,316,1012.4,18.1,21.1,17.4,,,
2026-08-24T09:00:00Z,2026-09-12T23:23:23Z,310,7.0,9.0,,,,,1012.4,18.1,21.1,17.3,,-0.9,
2026-08-24T09:10:00Z,2026-09-12T23:23:23Z,310,7.0,9.0,1.8,,6.0,205,1012.5,17.9,21.1,17.2,,,
2026-08-24T09:20:00Z,2026-09-12T23:23:23Z,310,7.0,8.0,1.8,15,6.0,205,1012.4,18.1,21.1,17.4,,,
2026-08-24T09:30:00Z,2026-09-12T23:23:23Z,300,7.0,9.0,,,,,1012.3,18.0,21.1,17.3,,,
2026-08-24T09:40:00Z,2026-09-12T23:23:23Z,300,8.0,10.0,1.7,,5.8,311,1012.3,18.0,21.1,17.3,,,
2026-08-24T09:50:00Z,2026-09-12T23:23:23Z,310,8.0,9.0,1.7,8,5.8,311,1012.4,18.0,21.1,17.3,,,
2026-08-24T10:00:00Z,2026-09-12T23:23:23Z,320,8.0,9.0,,,,,1012.1,17.9,21.1,17.2,,-0.9,
2026-08-24T10:10:00Z,2026-09-12T23:23:23Z,310,8.0,10.0,1.8,,6.0,167,1012.1,18.0,21.1,17.3,,,
2026-08-24T10:20:00Z,2026-09-12T23:23:23Z,320,8.0,10.0,1.8,15,6.0,167,1012.5,18.0,21.1,17.3,,,
2026-08-24T10:30:00Z,2026-09-12T23:23:23Z,320,7.0,9.0,,,,,1012.4,17.8,21.1,17.1,,,
2026-08-24T10:40:00Z,2026-09-12T23:23:23Z,320,6.0,8.0,1.7,,5.8,196,1012.3,17.9,21.1,17.2,,,
2026-08-24T10:50:00Z,2026-09-12T23:23:23Z,320,7.0,10.0,1.7,15,5.8,196,1012.5,17.9,21.1,17.2,,,
2026-08-24T11:00:00Z,2026-09-12T23:23:23Z,320,7.0,8.0,,,,,1012.6,17.9,21.1,17.1,,-0.0,
2026-08-24T11:10:00Z,2026-09-12T23:23:23Z,,,,,,,,1012.6,,,,,,
2026-08-24T11:20:00Z,2026-09-12T23:23:23Z,310,6.0,9.0,1.6,15,5.9,215,1012.6,17.9,21.1,17.2,,,
2026-08-24T11:30:00Z,2026-09-12T23:23:23Z,320,7.0,9.0,,,,,1012.8,17.9,21.1,17.1,,,
2026-08-24T11:40:00Z,2026-09-12T23:23:23Z,320,6.0,8.0,1.6,,5.8,179,1012.7,18.0,21.1,17.2,,,
2026-08-24T11:50:00Z,2026-09-12T23:23:23Z,320,7.0,9.0,1.6,15,5.8,179,1012.8,17.9,21.1,17.1,,,
2026-08-24T12:00:00Z,2026-09-12T23:23:23Z,310,7.0,9.0,,,,,1012.9,17.9,21.1,17.0,,+0.5,
2026-08-24T12:10:00Z,2026-09-12T23:23:23Z,310,7.0,8.0,,,,,1012.7,17.9,21.1,17.0,,,
2026-08-24T12:20:00Z,2026-09-12T23:23:23Z,310,6.0,8.0,1.6,15,6.1,213,1012.8,18.0,21.1,17.2,,,
2026-08-24T12:30:00Z,2026-09-12T23:23:23Z,310,7.0,9.0,,,,,1012.8,18.0,21.1,17.1,,,
2026-08-24T12:40:00Z,2026-09-12T23:23:23Z,320,7.0,8.0,,,,,1013.0,18.1,21.1,17.1,,,
2026-08-24T12:50:00Z,2026-09-12T23:23:23Z,320,6.0,7.0,1.8,8,5.9,307,1013.1,18.1,21.1,17.1,,,
2026-08-24T13:00:00Z,2026-09-12T23:23:23Z,320,6.0,8.0,,,,,1013.1,18.1,21.1,17.1,,+1.0,
2026-08-24T13:10:00Z,2026-09-12T23:23:23Z,320,7.0,8.0,1.6,,6.0,173,1013.3,18.1,21.1,17.1,,,
2026-08-24T13:20:00Z,2026-09-12T23:23:23Z,320,7.0,9.0,1.6,15,6.0,173,1013.3,17.9,21.1,16.9,,,
2026-08-24T13:30:00Z,2026-09-12T23:23:23Z,320,7.0,9.0,,,,,1013.4,18.1,21.1,17.0,,,
2026-08-24T13:40:00Z,2026-09-12T23:23:23Z,310,7.0,9.0,1.7,,6.1,305,1013.3,18.0,21.1,17.0,,,
2026-08-24T13:50:00Z,2026-09-12T23:23:23Z,310,7.0,9.0,1.7,8,6.1,305,1013.3,18.0,21.1,17.0,,,
2026-08-24T14:00:00Z,2026-09-12T23:23:23Z,320,7.0,9.0,,,,,1013.6,18.1,21.1,17.1,,+0.9,
2026-08-24T14:10:00Z,2026-09-12T23:23:23Z,320,7.0,9.0,1.7,,5.9,315,1013.6,18.0,21.1,17.0,,,
2026-08-24T14:20:00Z,2026-09-12T23:23:23Z,330,6.0,8.0,1.7,8,5.9,315,1013.9,18.0,21.1,17.0,,,
2026-08-24T14:30:00Z,2026-09-12T23:23:23Z,330,5.0,7.0,,,,,1014.1,18.0,21.1,17.0,,,
2026-08-24T14:40:00Z,2026-09-12T23:23:23Z,330,5.0,7.0,,,,,1013.9,18.0,21.1,17.0,,,
2026-08-24T14:50:00Z,2026-09-12T23:23:23Z,330,6.0,8.0,1.6,15,5.8,171,1013.9,18.1,21.1,17.0,,,
2026-08-24T15:00:00Z,2026-09-12T23:23:23Z,320,6.0,8.0,,,,,1013.9,18.1,21.1,17.0,,+1.0,
2026-08-24T15:10:00Z,2026-09-12T23:23:23Z,320,7.0,8.0,1.8,,6.1,177,1013.9,18.1,21.1,17.0,,,
2026-08-24T15:20:00Z,2026-09-12T23:23:23Z,320,7.0,8.0,1.8,14,6.1,177,1013.9,18.1,21.1,17.0,,,
2026-08-24T15:30:00Z,2026-09-12T23:23:23Z,310,7.0,8.0,,,,,1013.9,18.1,21.1,17.1,,,
2026-08-24T15:40:00Z,2026-09-12T23:23:23Z,310,7.0,9.0,1.7,,6.0,308,1013.9,18.2,21.1,17.2,,,
2026-08-24T15:50:00Z,2026-09-12T23:23:23Z,310,8.0,9.0,1.7,7,6.0,308,1013.9,18.2,21.1,17.2,,,
2026-08-24T16:00:00Z,2026-09-12T23:23:23Z,310,7.0,9.0,,,,,1014.0,18.2,21.2,17.3,,+0.9,
2026-08-24T16:10:00Z,2026-09-12T23:23:23Z,310,8.0,10.0,1.7,,5.9,309,1014.0,18.2,21.2,17.2,,,
2026-08-24T16:20:00Z,2026-09-12T23:23:23Z,310,7.0,9.0,1.7,8,5.9,309,1014.2,18.3,21.2,17.3,,,
2026-08-24T16:30:00Z,2026-09-12T23:23:23Z,310,7.0,10.0,,,,,1014.1,18.1,21.2,17.1,,,
2026-08-24T16:40:00Z,2026-09-12T23:23:23Z,310,8.0,10.0,1.6,,5.8,310,1014.2,18.2,21.2,17.2,,,
2026-08-24T16:50:00Z,2026-09-12T23:23:23Z,310,7.0,9.0,1.6,8,5.8,310,1014.5,18.2,21.2,17.2,,,
2026-08-24T17:00:00Z,2026-09-12T23:23:23Z,320,7.0,8.0,,,,,1014.4,18.1,21.2,17.1,,+0.9,
2026-08-24T17:10:00Z,2026-09-12T23:23:23Z,320,7.0,8.0,1.7,,5.8,202,1014.8,18.1,21.2,17.1,,,
2026-08-24T17:20:00Z,2026-09-12T23:23:23Z,330,6.0,7.0,1.7,14,5.8,202,1015.0,18.2,21.2,17.2,,,
2026-08-24T17:30:00Z,2026-09-12T23:23:23Z,320,6.0,8.0,,,,,1014.9,18.3,21.2,17.3,,,
2026-08-24T17:40:00Z,2026-09-12T23:23:23Z,330,7.0,8.0,1.7,,6.1,304,1014.9,18.3,21.2,17.2,,,
2026-08-24T17:50:00Z,2026-09-12T23:23:23Z,320,6.0,8.0,1.7,8,6.1,304,1014.9,18.3,21.2,17.3,,,
2026-08-24T18:00:00Z,2026-09-12T23:23:23Z,340,6.0,7.0,1.7,,5.8,171,1015.0,18.2,21.2,17.1,,+1.1,
2026-08-24T18:10:00Z,2026-09-12T23:23:23Z,340,6.0,8.0,,,,,1015.0,18.4,21.2,17.4,,,
2026-08-24T18:20:00Z,2026-09-12T23:23:23Z,330,6.0,8.0,1.7,14,5.8,171,1014.8,18.3,21.2,17.2,,,
2026-08-24T18:30:00Z,2026-09-12T23:23:23Z,340,6.0,8.0,,,,,1014.8,18.3,21.2,17.2,,,
2026-08-24T18:40:00Z,2026-09-12T23:23:23Z,340,6.0,8.0,,,,,1014.9,18.3,21.3,17.2,,,
2026-08-24T18:50:00Z,2026-09-12T23:23:23Z,340,6.0,7.0,1.6,7,5.9,312,1014.7,18.3,21.3,17.2,,,
2026-08-24T19:00:00Z,2026-09-12T23:23:23Z,340,5.0,7.0,,,,,1014.8,18.4,21.3,17.3,,+0.8,
2026-08-24T19:10:00Z,2026-09-12T23:23:23Z,340,5.0,7.0,1.6,,6.0,315,1014.8,18.4,21.3,17.2,,,
2026-08-24T19:20:00Z,2026-09-12T23:23:23Z,330,5.0,6.0,1.6,7,6.0,315,1014.9,18.4,21.3,17.3,,,
2026-08-24T19:30:00Z,2026-09-12T23:23:23Z,340,4.0,6.0,,,,,1015.0,18.5,21.4,17.4,,,
2026-08-24T19:40:00Z,2026-09-12T23:23:23Z,,,,1.6,14,,,,,21.4,,,,
2026-08-24T19:50:00Z,2026-09-12T23:23:23Z,330,4.0,6.0,1.6,,6.3,205,1014.7,18.6,,17.4,,,
2026-08-24T20:00:00Z,2026-09-12T23:23:23Z,330,5.0,6.0,1.6,,6.3,197,1014.5,18.5,21.5,17.2,,+0.0,
2026-08-24T20:10:00Z,2026-09-12T23:23:23Z,320,5.0,7.0,,,,,1014.4,18.5,21.5,17.2,,,
2026-08-24T20:20:00Z,2026-09-12T23:23:23Z,320,5.0,6.0,1.6,13,6.3,197,1014.4,18.5,21.5,17.3,,,
2026-08-24T20:30:00Z,2026-09-12T23:23:23Z,310,5.0,7.0,,,,,1014.3,18.6,21.5,17.4,,,
2026-08-24T20:40:00Z,2026-09-12T23:23:23Z,310,6.0,7.0,1.5,,6.3,154,1014.3,18.6,21.5,17.4,,,
2026-08-24T20:50:00Z,2026-09-12T23:23:23Z,310,6.0,7.0,1.5,14,6.3,154,1014.1,18.7,21.6,17.5,,,
2026-08-24T21:00:00Z,2026-09-12T23:23:23Z,310,6.0,7.0,,,,,1014.1,18.7,21.6,17.6,,-0.8,
2026-08-24T21:10:00Z,2026-09-12T23:23:23Z,310,6.0,7.0,1.5,,6.3,307,1014.1,18.5,21.6,17.3,,,
2026-08-24T21:20:00Z,2026-09-12T23:23:23Z,310,6.0,7.0,1.5,7,6.3,307,1013.9,18.6,21.6,17.4,,,
2026-08-24T21:30:00Z,2026-09-12T23:23:23Z,310,6.0,7.0,,,,,1013.7,18.6,21.6,17.5,,,
2026-08-24T21:40:00Z,2026-09-12T23:23:23Z,310,7.0,9.0,1.6,,6.4,189,1013.5,18.6,21.6,17.5,,,
2026-08-24T21:50:00Z,2026-09-12T23:23:23Z,310,7.0,9.0,1.6,15,6.4,189,1013.3,18.5,21.6,17.5,,,
2026-08-24T22:00:00Z,2026-09-12T23:23:23Z,310,8.0,9.0,,,,,1013.0,18.7,21.7,17.7,,-1.7,
2026-08-24T22:10:00Z,2026-09-12T23:23:23Z,310,8.0,9.0,,,,,1012.8,18.7,21.6,17.8,,,
2026-08-24T22:20:00Z,2026-09-12T23:23:23Z,310,9.0,10.0,1.5,14,6.0,214,1012.7,18.7,21.6,17.7,,,
2026-08-24T22:30:00Z,2026-09-12T23:23:23Z,310,9.0,10.0,,,,,1012.5,18.8,21.6,17.9,,,
2026-08-24T22:40:00Z,2026-09-12T23:23:23Z,310,9.0,10.0,1.5,,5.9,146,1012.5,18.8,21.6,17.9,,,
2026-08-24T22:50:00Z,2026-09-12T23:23:23Z,310,9.0,10.0,1.5,15,5.9,146,1012.4,18.8,21.6,17.9,,,
2026-08-24T23:00:00Z,2026-09-12T23:23:23Z,310,9.0,10.0,,,,,1012.3,18.9,21.6,18.1,,-2.3,
2026-08-24T23:10:00Z,2026-09-12T23:23:23Z,310,9.0,11.0,1.6,,6.1,196,1012.1,18.8,,18.0,,,
2026-08-24T23:40:00Z,2026-09-12T23:23:23Z,310,9.0,10.0,1.5,,5.4,147,1012.0,19.0,21.6,18.1,,,
2026-08-24T23:50:00Z,2026-09-12T23:23:23Z,310,9.0,11.0,1.5,14,5.4,147,1011.9,18.9,,18.0,,,
2026-08-25T00:00:00Z,2026-09-12T23:23:23Z,310,9.0,11.0,,,,,1011.9,18.9,21.6,18.0,,-2.3,
2026-08-25T00:10:00Z,2026-09-12T23:23:23Z,310,9.0,10.0,1.6,,5.6,189,1011.9,19.0,21.6,18.1,,,
2026-08-25T00:20:00Z,2026-09-12T23:23:23Z,310,9.0,11.0,1.6,14,5.6,189,1011.9,19.0,21.6,18.1,,,
2026-08-25T00:30:00Z,2026-09-12T23:23:23Z,310,9.0,10.0,,,,,1012.0,19.1,21.6,18.2,,,
2026-08-25T00:40:00Z,2026-09-12T23:23:23Z,310,9.0,10.0,,,,,1012.0,19.1,21.6,18.2,,,
2026-08-25T00:50:00Z,2026-09-12T23:23:23Z,310,9.0,10.0,1.5,8,5.4,317,1012.0,19.1,21.6,18.1,,,
2026-08-25T01:00:00Z,2026-09-12T23:23:23Z,310,8.0,10.0,,,,,1012.3,19.1,21.6,18.1,,-0.7,
2026-08-25T01:10:00Z,2026-09-12T23:23:23Z,310,7.0,8.0,1.6,,5.6,151,1012.7,19.2,21.6,18.1,,,
2026-08-25T01:20:00Z,2026-09-12T23:23:23Z,320,6.0,7.0,1.6,14,5.6,151,1012.7,19.2,21.6,18.1,,,
2026-08-25T01:30:00Z,2026-09-12T23:23:23Z,310,6.0,7.0,,,,,1012.6,19.2,21.6,18.1,,,
2026-08-25T01:40:00Z,2026-09-12T23:23:23Z,320,7.0,8.0,1.6,,5.5,312,1012.5,19.2,21.6,18.1,,,
2026-08-25T01:50:00Z,2026-09-12T23:23:23Z,310,7.0,8.0,1.6,8,5.5,312,1012.5,19.3,21.6,18.2,,,
2026-08-25T02:00:00Z,2026-09-12T23:23:23Z,320,7.0,8.0,,,,,1012.6,19.2,21.6,18.1,,+0.4,
2026-08-25T02:10:00Z,2026-09-12T23:23:23Z,310,6.0,7.0,1.7,,5.8,185,1012.7,19.3,21.6,18.3,,,
2026-08-25T02:20:00Z,2026-09-12T23:23:23Z,310,6.0,7.0,1.7,15,5.8,185,1012.8,19.2,21.6,18.1,,,
2026-08-25T02:30:00Z,2026-09-12T23:23:23Z,310,5.0,6.0,,,,,1013.0,19.3,21.5,18.2,,,
2026-08-25T02:40:00Z,2026-09-12T23:23:23Z,320,5.0,6.0,1.6,,5.7,161,1013.1,19.2,21.5,18.1,,,
2026-08-25T02:50:00Z,2026-09-12T23:23:23Z,310,5.0,7.0,1.6,15,5.7,161,1013.1,19.3,21.5,18.2,,,
2026-08-25T03:00:00Z,2026-09-12T23:23:23Z,310,5.0,6.0,,,,,1013.2,19.4,21.5,18.3,,+1.3,
2026-08-25T03:10:00Z,2026-09-12T23:23:23Z,320,5.0,7.0,1.5,,5.8,159,1013.1,19.4,21.5,18.3,,,
2026-08-25T03:20:00Z,2026-09-12T23:23:23Z,310,5.0,6.0,1.5,14,5.8,159,1013.3,19.4,21.5,18.2,,,
2026-08-25T03:30:00Z,2026-09-12T23:23:23Z,320,5.0,7.0,,,,,1013.2,19.4,21.5,18.2,,,
2026-08-25T03:40:00Z,2026-09-12T23:23:23Z,310,6.0,7.0,1.7,,5.9,205,1013.3,19.5,21.6,18.2,,,
2026-08-25T03:50:00Z,2026-09-12T23:23:23Z,310,6.0,7.0,1.7,14,5.9,205,1013.3,19.5,21.6,18.3,,,
2026-08-25T04:00:00Z,2026-09-12T23:23:23Z,310,6.0,7.0,,,,,1013.4,19.5,21.6,18.2,,+1.1,
2026-08-25T04:10:00Z,2026-09-12T23:23:23Z,320,6.0,7.0,1.7,,5.7,176,1013.4,19.6,21.6,18.3,,,
2026-08-25T04:20:00Z,2026-09-12T23:23:23Z,320,5.0,7.0,1.7,15,5.7,176,1013.6,19.6,21.6,18.2,,,
2026-08-25T04:30:00Z,2026-09-12T23:23:23Z,320,6.0,7.0,,,,,1013.7,19.7,21.6,18.3,,,
2026-08-25T04:40:00Z,2026-09-12T23:23:23Z,320,5.0,6.0,,,,,1013.7,19.7,21.6,18.3,,,
2026-08-25T04:50:00Z,2026-09-12T23:23:23Z,320,5.0,6.0,1.6,14,6.0,189,1013.8,19.7,21.6,18.3,,,
2026-08-25T05:00:00Z,2026-09-12T23:23:23Z,320,5.0,6.0,,,,,1013.8,19.7,21.5,18.3,,+1.2,
2026-08-25T05:10:00Z,2026-09-12T23:23:23Z,320,5.0,6.0,1.6,,5.9,179,1013.9,19.7,21.5,18.3,,,
2026-08-25T05:20:00Z,2026-09-12T23:23:23Z,320,5.0,6.0,1.6,14,5.9,179,1013.8,19.7,21.5,18.3,,,
2026-08-25T05:30:00Z,2026-09-12T23:23:23Z,320,5.0,6.0,,,,,1013.8,19.7,21.5,18.3,,,
2026-08-25T05:40:00Z,2026-09-12T23:23:23Z,320,5.0,6.0,1.6,,6.0,157,1013.9,19.7,21.5,18.3,,,
2026-08-25T05:50:00Z,2026-09-12T23:23:23Z,320,5.0,6.0,1.6,13,6.0,157,1013.8,19.7,21.5,18.3,,,
2026-08-25T06:00:00Z,2026-09-12T23:23:23Z,310,5.0,7.0,,,,,1013.5,19.7,21.5,18.3,,+0.4,
2026-08-25T06:10:00Z,2026-09-12T23:23:23Z,310,5.0,6.0,,,,,1013.5,19.7,21.6,18.3,,,
2026-08-25T06:20:00Z,2026-09-12T23:23:23Z,310,5.0,6.0,1.5,14,5.8,165,1013.4,19.7,21.5,18.3,,,
2026-08-25T06:30:00Z,2026-09-12T23:23:23Z,300,5.0,7.0,,,,,1013.4,19.7,21.5,18.3,,,
2026-08-25T06:40:00Z,2026-09-12T23:23:23Z,300,5.0,6.0,1.6,,6.0,197,1013.5,19.7,21.5,18.4,,,
2026-08-25T06:50:00Z,2026-09-12T23:23:23Z,310,5.0,7.0,1.6,14,6.0,197,1013.4,19.7,21.5,18.3,,,
2026-08-25T07:00:00Z,2026-09-12T23:23:23Z,310,5.0,6.0,,,,,1013.4,19.6,21.5,18.2,,+0.0,
2026-08-25T07:10:00Z,2026-09-12T23:23:23Z,300,5.0,6.0,1.5,,5.8,169,1013.4,19.6,21.5,18.3,,,
2026-08-25T07:20:00Z,2026-09-12T23:23:23Z,300,5.0,7.0,1.5,15,5.8,169,1013.5,19.6,21.5,18.3,,,
2026-08-25T07:30:00Z,2026-09-12T23:23:23Z,300,6.0,7.0,,,,,1013.6,19.7,21.5,18.4,,,
2026-08-25T07:40:00Z,2026-09-12T23:23:23Z,300,5.0,7.0,,,,,1013.7,19.6,21.5,18.4,,,
2026-08-25T07:50:00Z,2026-09-12T23:23:23Z,300,5.0,6.0,1.5,15,5.9,185,1013.7,19.6,21.5,18.4,,,
2026-08-25T08:00:00Z,2026-09-12T23:23:23Z,300,5.0,6.0,,,,,1013.8,19.5,21.5,18.3,,-0.0,
2026-08-25T08:10:00Z,2026-09-12T23:23:23Z,300,5.0,6.0,,,,,1013.7,19.5,21.5,18.4,,,
2026-08-25T08:20:00Z,2026-09-12T23:23:23Z,300,6.0,7.0,1.5,6,5.7,311,1013.6,19.4,21.5,18.3,,,
2026-08-25T08:30:00Z,2026-09-12T23:23:23Z,290,5.0,7.0,,,,,1013.7,19.4,21.5,18.3,,,
2026-08-25T08:40:00Z,2026-09-12T23:23:23Z,290,5.0,7.0,,,,,1013.7,19.3,21.5,18.2,,,
2026-08-25T08:50:00Z,2026-09-12T23:23:23Z,290,5.0,6.0,1.4,13,5.9,193,1013.5,19.3,21.5,18.1,,,
2026-08-25T09:00:00Z,2026-09-12T23:23:23Z,280,5.0,7.0,,,,,1013.5,19.4,21.5,18.2,,+0.0,
2026-08-25T09:10:00Z,2026-09-12T23:23:23Z,290,5.0,7.0,1.5,,6.2,168,1013.4,19.3,21.5,18.2,,,
2026-08-25T09:20:00Z,2026-09-12T23:23:23Z,290,6.0,7.0,1.5,14,6.2,168,1013.3,19.3,21.4,18.2,,,
2026-08-25T09:30:00Z,2026-09-12T23:23:23Z,280,6.0,8.0,,,,,1013.2,19.3,21.5,18.2,,,
2026-08-25T09:40:00Z,2026-09-12T23:23:23Z,290,7.0,8.0,,,,,1013.2,19.3,21.5,18.2,,,
2026-08-25T09:50:00Z,2026-09-12T23:23:23Z,290,6.0,8.0,1.4,14,6.1,186,1013.1,19.3,21.5,18.2,,,
2026-08-25T10:00:00Z,2026-09-12T23:23:23Z,290,7.0,9.0,,,,,1013.0,19.3,21.5,18.3,,-0.4,
2026-08-25T10:10:00Z,2026-09-12T23:23:23Z,290,8.0,10.0,1.4,,5.9,181,1012.9,19.2,21.5,18.2,,,
2026-08-25T10:20:00Z,2026-09-12T23:23:23Z,290,8.0,9.0,1.4,15,5.9,181,1013.0,19.2,21.5,18.2,,,
2026-08-25T10:30:00Z,2026-09-12T23:23:23Z,290,7.0,10.0,,,,,1012.9,19.2,21.5,18.2,,,
2026-08-25T10:40:00Z,2026-09-12T23:23:23Z,300,8.0,10.0,1.4,,5.7,170,1012.8,19.1,21.5,18.1,,,
2026-08-25T10:50:00Z,2026-09-12T23:23:23Z,300,8.0,10.0,1.4,15,5.7,170,1012.8,19.2,21.5,18.2,,,
2026-08-25T11:00:00Z,2026-09-12T23:23:23Z,300,9.0,10.0,,,,,1012.7,19.2,21.5,18.3,,-1.2,
2026-08-25T11:10:00Z,2026-09-12T23:23:23Z,300,8.0,10.0,1.5,,5.8,189,1012.8,19.1,21.5,18.2,,,
2026-08-25T11:20:00Z,2026-09-12T23:23:23Z,300,9.0,10.0,1.5,14,5.8,189,1012.9,19.1,21.5,18.2,,,
2026-08-25T11:30:00Z,2026-09-12T23:23:23Z,300,8.0,10.0,,,,,1012.9,19.2,21.5,18.3,,,
2026-08-25T11:40:00Z,2026-09-12T23:23:23Z,290,8.0,10.0,1.4,,5.5,197,1013.1,19.0,21.5,18.2,,,
2026-08-25T11:50:00Z,2026-09-12T23:23:23Z,300,8.0,9.0,1.4,14,5.5,197,1013.1,19.0,21.6,18.2,,,
2026-08-25T12:00:00Z,2026-09-12T23:23:23Z,290,8.0,10.0,,,,,1013.1,19.0,21.6,18.2,,-0.6,
2026-08-25T12:10:00Z,2026-09-12T23:23:23Z,300,8.0,9.0,1.4,,5.5,206,1013.0,19.0,21.6,18.1,,,
2026-08-25T12:20:00Z,2026-09-12T23:23:23Z,300,8.0,9.0,1.4,13,5.5,206,1013.1,19.0,21.6,18.1,,,
2026-08-25T12:30:00Z,2026-09-12T23:23:23Z,300,7.0,9.0,,,,,1013.1,18.9,21.6,18.0,,,
2026-08-25T12:40:00Z,2026-09-12T23:23:23Z,300,7.0,9.0,1.4,,5.4,210,1013.1,18.9,21.6,18.0,,,
2026-08-25T12:50:00Z,2026-09-12T23:23:23Z,300,7.0,8.0,1.4,13,5.4,210,1013.1,19.0,,18.1,,,
2026-08-25T13:00:00Z,2026-09-12T23:23:23Z,300,7.0,9.0,,,,,1013.1,19.0,21.6,18.1,,-0.0,
2026-08-25T13:10:00Z,2026-09-12T23:23:23Z,300,8.0,9.0,1.4,,5.6,175,1013.3,19.0,21.6,18.1,,,
2026-08-25T13:20:00Z,2026-09-12T23:23:23Z,300,8.0,9.0,1.4,14,5.6,175,1013.5,19.0,21.6,18.1,,,
2026-08-25T13:30:00Z,2026-09-12T23:23:23Z,300,8.0,9.0,,,,,1013.6,19.0,21.6,18.1,,,
2026-08-25T13:40:00Z,2026-09-12T23:23:23Z,300,8.0,9.0,1.5,,5.5,190,1013.7,18.9,21.6,18.0,,,
2026-08-25T13:50:00Z,2026-09-12T23:23:23Z,310,7.0,9.0,1.5,14,5.5,190,1013.7,19.0,21.6,18.1,,,
2026-08-25T14:00:00Z,2026-09-12T23:23:23Z,310,7.0,8.0,,,,,1013.7,19.0,21.6,18.1,,+1.0,
2026-08-25T14:10:00Z,2026-09-12T23:23:23Z,,,,1.5,,5.6,307,1013.7,,21.6,,,,
2026-08-25T14:20:00Z,2026-09-12T23:23:23Z,300,7.0,9.0,1.5,7,5.6,307,1013.8,19.1,21.6,18.2,,,
2026-08-25T14:30:00Z,2026-09-12T23:23:23Z,310,7.0,9.0,,,,,1013.8,19.2,21.6,18.3,,,
2026-08-25T14:40:00Z,2026-09-12T23:23:23Z,310,7.0,9.0,,,,,1014.0,19.2,21.6,18.2,,,
2026-08-25T14:50:00Z,2026-09-12T23:23:23Z,310,7.0,8.0,1.5,14,5.6,217,1014.2,19.2,21.6,18.1,,,
2026-08-25T15:00:00Z,2026-09-12T23:23:23Z,310,6.0,8.0,,,,,1014.3,19.2,21.6,18.1,,+1.3,
2026-08-25T15:10:00Z,2026-09-12T23:23:23Z,310,7.0,8.0,1.5,,5.6,183,1014.3,19.2,,18.1,,,
2026-08-25T15:20:00Z,2026-09-12T23:23:23Z,310,6.0,8.0,1.5,13,5.6,183,1014.4,19.2,21.6,18.1,,,
2026-08-25T15:30:00Z,2026-09-12T23:23:23Z,310,7.0,8.0,,,,,1014.3,19.3,21.6,18.1,,,
2026-08-25T15:40:00Z,2026-09-12T23:23:23Z,300,7.0,8.0,1.6,,6.0,182,1014.2,19.3,21.6,18.2,,,
2026-08-25T15:50:00Z,2026-09-12T23:23:23Z,310,7.0,8.0,1.6,14,6.0,182,1014.3,19.4,21.6,18.3,,,
2026-08-25T16:00:00Z,2026-09-12T23:23:23Z,300,7.0,8.0,,,,,1014.3,19.2,21.6,18.0,,+1.2,
2026-08-25T16:10:00Z,2026-09-12T23:23:23Z,300,6.0,8.0,1.7,,5.8,141,1014.5,19.4,21.6,18.2,,,
2026-08-25T16:20:00Z,2026-09-12T23:23:23Z,300,7.0,8.0,1.7,14,5.8,141,1014.4,19.3,21.6,18.0,,,
2026-08-25T16:30:00Z,2026-09-12T23:23:23Z,300,7.0,8.0,,,,,1014.5,19.4,21.6,18.2,,,
2026-08-25T16:40:00Z,2026-09-12T23:23:23Z,300,7.0,9.0,1.6,,5.9,157,1014.5,19.3,,18.0,,,
2026-08-25T16:50:00Z,2026-09-12T23:23:23Z,310,7.0,9.0,1.6,14,5.9,157,1014.6,19.4,21.6,18.1,,,
2026-08-25T17:00:00Z,2026-09-12T23:23:23Z,300,7.0,9.0,,,,,1014.7,19.3,21.6,18.0,,+1.0,
2026-08-25T17:10:00Z,2026-09-12T23:23:23Z,300,7.0,8.0,1.8,,6.3,175,1014.6,19.3,21.7,18.0,,,
2026-08-25T17:20:00Z,2026-09-12T23:23:23Z,300,8.0,9.0,1.8,13,6.3,175,1014.6,19.3,21.7,18.1,,,
2026-08-25T17:30:00Z,2026-09-12T23:23:23Z,310,8.0,10.0,,,,,1014.5,19.3,21.7,18.1,,,
2026-08-25T17:40:00Z,2026-09-12T23:23:23Z,,,,1.8,12,,,,,21.7,,,,
2026-08-25T17:50:00Z,2026-09-12T23:23:23Z,310,8.0,10.0,1.8,,6.0,164,1014.7,19.3,,18.2,,,
2026-08-25T18:00:00Z,2026-09-12T23:23:23Z,310,8.0,9.0,,,,,1014.7,19.3,21.7,18.2,,+0.4,
2026-08-25T18:10:00Z,2026-09-12T23:23:23Z,310,7.0,9.0,1.7,,5.8,177,1014.8,19.3,21.7,18.2,,,
2026-08-25T18:20:00Z,2026-09-12T23:23:23Z,310,8.0,9.0,1.7,13,5.8,177,1014.8,19.2,,18.1,,,
2026-08-25T18:30:00Z,2026-09-12T23:23:23Z,320,7.0,9.0,,,,,1014.6,19.2,21.7,18.1,,,
2026-08-25T18:40:00Z,2026-09-12T23:23:23Z,320,7.0,9.0,,,,,1014.5,19.3,21.7,18.3,,,
2026-08-25T18:50:00Z,2026-09-12T23:23:23Z,310,7.0,9.0,1.8,14,6.0,156,1014.6,19.3,21.7,18.3,,,
2026-08-25T19:00:00Z,2026-09-12T23:23:23Z,320,7.0,9.0,,,,,1014.5,19.3,21.7,18.2,,+0.0,
2026-08-25T19:10:00Z,2026-09-12T23:23:23Z,320,7.0,9.0,1.8,,5.9,142,1014.2,19.4,21.7,18.4,,,
2026-08-25T19:20:00Z,2026-09-12T23:23:23Z,320,7.0,10.0,1.8,13,5.9,142,1014.1,19.3,21.8,18.3,,,
2026-08-25T19:30:00Z,2026-09-12T23:23:23Z,320,8.0,9.0,,,,,1014.1,19.3,21.8,18.3,,,
2026-08-25T19:40:00Z,2026-09-12T23:23:23Z,320,8.0,9.0,1.9,,6.3,141,1013.9,19.3,21.8,18.3,,,
2026-08-25T19:50:00Z,2026-09-12T23:23:23Z,320,7.0,9.0,1.9,13,6.3,141,1013.9,19.4,21.8,18.4,,,
2026-08-25T20:00:00Z,2026-09-12T23:23:23Z,310,8.0,9.0,,,,,1013.7,19.5,21.8,18.5,,-0.9,
2026-08-25T20:10:00Z,2026-09-12T23:23:23Z,310,8.0,10.0,2.0,,6.4,145,1013.8,19.4,21.8,18.4,,,
2026-08-25T20:20:00Z,2026-09-12T23:23:23Z,320,8.0,9.0,2.0,13,6.4,145,1013.6,19.4,21.8,18.4,,,
2026-08-25T20:30:00Z,2026-09-12T23:23:23Z,310,8.0,10.0,,,,,1013.5,19.4,21.9,18.4,,,
2026-08-25T20:40:00Z,2026-09-12T23:23:23Z,320,8.0,9.0,1.8,,6.1,141,1013.5,19.5,21.8,18.5,,,
2026-08-25T20:50:00Z,2026-09-12T23:23:23Z,320,8.0,10.0,1.8,12,6.1,141,1013.4,19.5,21.8,18.4,,,
2026-08-25T21:00:00Z,2026-09-12T23:23:23Z,320,7.0,9.0,,,,,1013.5,19.5,21.9,18.5,,-1.1,
2026-08-25T21:10:00Z,2026-09-12T23:23:23Z,310,7.0,8.0,2.0,,6.4,148,1013.4,19.5,21.9,18.4,,,
2026-08-25T21:20:00Z,2026-09-12T23:23:23Z,320,7.0,9.0,2.0,12,6.4,148,1013.2,19.5,21.9,18.4,,,
2026-08-25T21:30:00Z,2026-09-12T23:23:23Z,320,8.0,9.0,,,,,1013.3,19.6,21.9,18.5,,,
2026-08-25T21:40:00Z,2026-09-12T23:23:23Z,320,8.0,9.0,1.8,,6.7,131,1013.1,19.6,21.9,18.4,,,
2026-08-25T21:50:00Z,2026-09-12T23:23:23Z,310,8.0,9.0,1.8,13,6.7,131,1013.0,19.7,21.9,18.5,,,
2026-08-25T22:00:00Z,2026-09-12T23:23:23Z,310,8.0,9.0,,,,,1012.8,19.7,21.9,18.6,,-1.6,
2026-08-25T22:10:00Z,2026-09-12T23:23:23Z,320,8.0,9.0,2.1,,7.1,148,1012.8,19.7,21.9,18.5,,,
2026-08-25T22:20:00Z,2026-09-12T23:23:23Z,310,8.0,9.0,2.1,12,7.1,148,1012.6,19.8,21.9,18.6,,,
2026-08-25T22:30:00Z,2026-09-12T23:23:23Z,310,8.0,9.0,,,,,1012.5,19.8,21.9,18.7,,,
2026-08-25T22:40:00Z,2026-09-12T23:23:23Z,310,8.0,10.0,2.0,,6.8,151,1012.4,19.8,22.0,18.7,,,
2026-08-25T22:50:00Z,2026-09-12T23:23:23Z,310,8.0,10.0,2.0,12,6.8,151,1012.3,19.7,22.0,18.5,,,
2026-08-25T23:00:00Z,2026-09-12T23:23:23Z,310,8.0,10.0,,,,,1012.3,19.8,22.0,18.7,,-1.4,
2026-08-25T23:10:00Z,2026-09-12T23:23:23Z,310,8.0,10.0,2.3,,7.2,154,1012.2,19.7,22.0,18.6,,,
2026-08-25T23:30:00Z,2026-09-12T23:23:23Z,310,8.0,10.0,,,,,1012.0,19.7,22.0,18.6,,,
2026-08-25T23:40:00Z,2026-09-12T23:23:23Z,310,8.0,9.0,,,,,1012.0,19.7,22.0,18.6,,,
2026-08-25T23:50:00Z,2026-09-12T23:23:23Z,310,8.0,10.0,2.0,12,6.8,144,1011.9,19.7,22.0,18.6,,,
2026-08-26T00:00:00Z,2026-09-12T23:23:23Z,310,8.0,10.0,,,,,1011.7,19.7,22.0,18.6,,-1.8,
2026-08-26T00:10:00Z,2026-09-12T23:23:23Z,310,8.0,10.0,2.1,,6.8,142,1011.7,19.7,22.0,18.6,,,
2026-08-26T00:20:00Z,2026-09-12T23:23:23Z,310,8.0,10.0,2.1,12,6.8,142,1011.8,19.7,22.0,18.6,,,
2026-08-26T00:30:00Z,2026-09-12T23:23:23Z,310,8.0,10.0,,,,,1011.8,19.8,22.0,18.7,,,
2026-08-26T00:40:00Z,2026-09-12T23:23:23Z,,,,2.1,12,,,,,22.0,,,,
2026-08-26T00:50:00Z,2026-09-12T23:23:23Z,310,7.0,9.0,2.1,,6.8,143,1011.9,19.8,,18.6,,,
2026-08-26T01:00:00Z,2026-09-12T23:23:23Z,310,7.0,9.0,,,,,1011.9,19.8,22.0,18.6,,-0.9,
2026-08-26T01:10:00Z,2026-09-12T23:23:23Z,310,7.0,9.0,2.0,,6.5,152,1011.9,19.8,22.0,18.6,,,
2026-08-26T01:20:00Z,2026-09-12T23:23:23Z,310,7.0,9.0,2.0,11,6.5,152,1011.8,19.8,22.0,18.5,,,
2026-08-26T01:30:00Z,2026-09-12T23:23:23Z,310,7.0,9.0,,,,,1012.0,19.9,22.0,18.7,,,
2026-08-26T01:40:00Z,2026-09-12T23:23:23Z,310,7.0,8.0,2.0,,7.0,148,1012.2,19.8,22.0,18.5,,,
2026-08-26T01:50:00Z,2026-09-12T23:23:23Z,310,7.0,9.0,2.0,11,7.0,148,1012.0,19.9,22.0,18.6,,,
2026-08-26T02:00:00Z,2026-09-12T23:23:23Z,310,7.0,10.0,,,,,1011.9,19.8,22.0,18.5,,-0.5,
2026-08-26T02:10:00Z,2026-09-12T23:23:23Z,310,8.0,9.0,2.1,,7.4,137,1011.8,19.9,22.0,18.7,,,
2026-08-26T02:20:00Z,2026-09-12T23:23:23Z,300,8.0,10.0,2.1,11,7.4,137,1011.8,19.9,22.0,18.7,,,
2026-08-26T02:30:00Z,2026-09-12T23:23:23Z,310,8.0,9.0,,,,,1011.9,19.8,22.0,18.6,,,
2026-08-26T02:40:00Z,2026-09-12T23:23:23Z,300,7.0,9.0,,,,,1012.0,19.9,22.0,18.7,,,
2026-08-26T02:50:00Z,2026-09-12T23:23:23Z,300,8.0,10.0,2.3,12,7.5,152,1012.0,19.9,22.0,18.7,,,
2026-08-26T03:00:00Z,2026-09-12T23:23:23Z,300,8.0,9.0,,,,,1011.9,19.8,22.0,18.5,,+0.0,
2026-08-26T03:10:00Z,2026-09-12T23:23:23Z,300,8.0,9.0,2.1,,7.1,148,1011.9,19.9,22.0,18.5,,,
2026-08-26T03:20:00Z,2026-09-12T23:23:23Z,310,8.0,9.0,2.1,11,7.1,148,1012.0,20.0,22.0,18.5,,,
2026-08-26T03:30:00Z,2026-09-12T23:23:23Z,300,8.0,9.0,,,,,1012.0,20.0,22.0,18.5,,,
2026-08-26T03:40:00Z,2026-09-12T23:23:23Z,300,8.0,11.0,2.1,,7.0,153,1012.1,20.0,22.0,18.5,,,
2026-08-26T03:50:00Z,2026-09-12T23:23:23Z,300,8.0,9.0,2.1,12,7.0,153,1012.2,20.0,22.0,18.4,,,
2026-08-26T04:00:00Z,2026-09-12T23:23:23Z,300,7.0,9.0,,,,,1012.3,20.1,21.9,18.5,,+0.4,
2026-08-26T04:10:00Z,2026-09-12T23:23:23Z,300,8.0,9.0,2.0,,6.9,159,1012.4,20.1,21.9,18.4,,,
2026-08-26T04:20:00Z,2026-09-12T23:23:23Z,300,8.0,10.0,2.0,12,6.9,159,1012.4,20.1,21.9,18.3,,,
2026-08-26T04:30:00Z,2026-09-12T23:23:23Z,300,8.0,10.0,,,,,1012.4,20.2,21.9,18.4,,,
2026-08-26T04:40:00Z,2026-09-12T23:23:23Z,300,8.0,10.0,2.1,,7.0,135,1012.4,20.1,21.9,18.4,,,
2026-08-26T04:50:00Z,2026-09-12T23:23:23Z,300,8.0,9.0,2.1,11,7.0,135,1012.5,20.2,21.9,18.5,,,
2026-08-26T05:00:00Z,2026-09-12T23:23:23Z,300,8.0,9.0,,,,,1012.5,20.2,21.9,18.3,,+0.7,
2026-08-26T05:10:00Z,2026-09-12T23:23:23Z,300,7.0,8.0,2.2,,7.2,148,1012.5,20.2,21.9,18.4,,,
2026-08-26T05:20:00Z,2026-09-12T23:23:23Z,300,7.0,9.0,2.2,13,7.2,148,1012.4,20.2,21.9,18.3,,,
2026-08-26T05:30:00Z,2026-09-12T23:23:23Z,300,8.0,9.0,,,,,1012.2,20.3,21.8,18.3,,,
2026-08-26T05:40:00Z,2026-09-12T23:23:23Z,300,7.0,9.0,2.1,,7.0,150,1012.3,20.3,21.8,18.4,,,
2026-08-26T05:50:00Z,2026-09-12T23:23:23Z,300,7.0,9.0,2.1,11,7.0,150,1012.2,20.3,21.8,18.3,,,
2026-08-26T06:00:00Z,2026-09-12T23:23:23Z,300,8.0,9.0,,,,,1012.0,20.3,21.8,18.3,,+0.0,
2026-08-26T06:10:00Z,2026-09-12T23:23:23Z,300,8.0,9.0,2.0,,6.8,156,1012.1,20.4,21.8,18.3,,,
2026-08-26T06:20:00Z,2026-09-12T23:23:23Z,300,8.0,10.0,2.0,12,6.8,156,1012.1,20.3,21.8,18.2,,,
2026-08-26T06:30:00Z,2026-09-12T23:23:23Z,300,8.0,10.0,,,,,1012.1,20.4,21.8,18.2,,,
2026-08-26T06:40:00Z,2026-09-12T23:23:23Z,300,7.0,9.0,2.2,,7.2,153,1012.2,20.4,21.8,18.2,,,
2026-08-26T06:50:00Z,2026-09-12T23:23:23Z,300,7.0,9.0,2.2,12,7.2,153,1012.2,20.4,21.8,18.1,,,
2026-08-26T07:00:00Z,2026-09-12T23:23:23Z,300,6.0,8.0,,,,,1012.3,20.4,,18.1,,-0.0,
2026-08-26T07:10:00Z,2026-09-12T23:23:23Z,290,6.0,8.0,,,,,1012.2,20.4,21.8,18.1,,,
2026-08-26T07:20:00Z,2026-09-12T23:23:23Z,300,7.0,9.0,2.2,13,7.2,157,1012.1,20.5,21.8,18.1,,,
2026-08-26T07:30:00Z,2026-09-12T23:23:23Z,300,7.0,10.0,,,,,1012.1,20.4,21.8,17.9,,,
2026-08-26T07:40:00Z,2026-09-12T23:23:23Z,300,7.0,9.0,2.2,,7.6,157,1011.9,20.5,21.8,18.0,,,
2026-08-26T07:50:00Z,2026-09-12T23:23:23Z,300,8.0,10.0,2.2,12,7.6,157,1011.8,20.4,21.8,17.9,,,
2026-08-26T08:00:00Z,2026-09-12T23:23:23Z,290,7.0,9.0,,,,,1011.9,20.4,21.8,17.9,,-0.7,
2026-08-26T08:10:00Z,2026-09-12T23:23:23Z,300,7.0,9.0,,,,,1011.7,20.5,21.8,18.0,,,
2026-08-26T08:20:00Z,2026-09-12T23:23:23Z,300,8.0,10.0,2.1,13,7.0,179,1011.5,20.4,21.8,17.9,,,
2026-08-26T08:30:00Z,2026-09-12T23:23:23Z,300,8.0,10.0,,,,,1011.4,20.5,21.8,18.0,,,
2026-08-26T08:40:00Z,2026-09-12T23:23:23Z,300,8.0,10.0,2.2,,7.2,161,1011.2,20.4,21.8,18.0,,,
2026-08-26T08:50:00Z,2026-09-12T23:23:23Z,310,9.0,11.0,2.2,13,7.2,161,1011.1,20.4,21.7,18.0,,,
2026-08-26T09:00:00Z,2026-09-12T23:23:23Z,310,8.0,10.0,,,,,1011.0,20.5,21.7,18.1,,-1.2,
2026-08-26T09:10:00Z,2026-09-12T23:23:23Z,310,9.0,11.0,,,,,1010.8,20.5,21.7,18.1,,,
2026-08-26T09:20:00Z,2026-09-12T23:23:23Z,310,9.0,11.0,2.2,12,6.8,161,1010.6,20.5,21.7,18.0,,,
2026-08-26T09:30:00Z,2026-09-12T23:23:23Z,310,10.0,12.0,,,,,1010.3,20.5,21.7,18.0,,,
2026-08-26T09:40:00Z,2026-09-12T23:23:23Z,310,9.0,11.0,2.2,,6.7,153,1010.3,20.5,21.7,18.0,,,
2026-08-26T09:50:00Z,2026-09-12T23:23:23Z,310,8.0,10.0,2.2,11,6.7,153,1010.5,20.6,21.8,18.0,,,
2026-08-26T10:00:00Z,2026-09-12T23:23:23Z,310,8.0,10.0,,,,,1010.5,20.7,21.8,18.0,,-1.8,
2026-08-26T10:10:00Z,2026-09-12T23:23:23Z,310,8.0,10.0,2.2,,6.7,168,1010.6,20.7,21.8,17.7,,,
2026-08-26T10:20:00Z,2026-09-12T23:23:23Z,310,8.0,10.0,2.2,13,6.7,168,1010.7,20.8,21.8,17.7,,,
2026-08-26T10:30:00Z,2026-09-12T23:23:23Z,310,8.0,10.0,,,,,1010.7,20.8,21.8,17.8,,,
2026-08-26T10:40:00Z,2026-09-12T23:23:23Z,310,8.0,10.0,2.2,,6.7,156,1010.7,20.8,21.8,18.0,,,
2026-08-26T10:50:00Z,2026-09-12T23:23:23Z,310,8.0,10.0,2.2,13,6.7,156,1010.7,20.8,21.8,17.9,,,
2026-08-26T11:00:00Z,2026-09-12T23:23:23Z,310,8.0,9.0,,,,,1010.7,20.8,21.8,17.7,,-1.1,
2026-08-26T11:10:00Z,2026-09-12T23:23:23Z,310,8.0,9.0,2.1,,6.6,167,1010.7,20.8,21.8,17.6,,,
2026-08-26T11:20:00Z,2026-09-12T23:23:23Z,310,7.0,9.0,2.1,13,6.6,167,1010.8,20.9,21.8,17.7,,,
2026-08-26T11:30:00Z,2026-09-12T23:23:23Z,320,7.0,10.0,,,,,1010.7,20.9,21.8,17.8,,,
2026-08-26T11:40:00Z,2026-09-12T23:23:23Z,320,8.0,10.0,2.1,,6.7,152,1010.6,20.8,21.8,17.7,,,
2026-08-26T11:50:00Z,2026-09-12T23:23:23Z,320,9.0,11.0,2.1,11,6.7,152,1010.2,20.8,21.8,17.6,,,
2026-08-26T12:00:00Z,2026-09-12T23:23:23Z,320,10.0,11.0,,,,,1010.1,20.7,21.8,17.6,,-0.8,
2026-08-26T12:10:00Z,2026-09-12T23:23:23Z,320,10.0,11.0,2.1,,6.6,156,1009.9,20.7,21.8,17.7,,,
2026-08-26T12:20:00Z,2026-09-12T23:23:23Z,320,10.0,13.0,2.1,13,6.6,156,1010.0,20.6,21.8,17.8,,,
2026-08-26T12:30:00Z,2026-09-12T23:23:23Z,310,10.0,12.0,,,,,1010.3,20.6,21.8,17.9,,,
2026-08-26T12:40:00Z,2026-09-12T23:23:23Z,320,8.0,11.0,2.1,,6.3,158,1010.3,20.6,21.8,18.1,,,
2026-08-26T12:50:00Z,2026-09-12T23:23:23Z,310,8.0,11.0,2.1,11,6.3,158,1010.4,20.5,,18.1,,,
2026-08-26T13:00:00Z,2026-09-12T23:23:23Z,310,8.0,10.0,,,,,1010.6,20.5,21.8,18.0,,-0.0,
2026-08-26T13:10:00Z,2026-09-12T23:23:23Z,310,7.0,9.0,2.3,,6.9,164,1011.0,20.5,21.8,18.1,,,
2026-08-26T13:20:00Z,2026-09-12T23:23:23Z,310,6.0,7.0,2.3,13,6.9,164,1011.0,20.4,21.8,18.1,,,
2026-08-26T13:30:00Z,2026-09-12T23:23:23Z,310,6.0,8.0,,,,,1011.1,20.4,21.8,18.1,,,
2026-08-26T13:40:00Z,2026-09-12T23:23:23Z,300,5.0,7.0,,,,,1011.5,20.4,21.8,18.2,,,
2026-08-26T13:50:00Z,2026-09-12T23:23:23Z,290,5.0,6.0,2.3,12,7.0,161,1011.7,20.3,21.8,18.1,,,
2026-08-26T14:00:00Z,2026-09-12T23:23:23Z,290,5.0,6.0,,,,,1011.6,20.3,21.8,18.1,,+1.0,
2026-08-26T14:10:00Z,2026-09-12T23:23:23Z,300,6.0,8.0,,,,,1011.6,20.3,21.8,18.2,,,
2026-08-26T14:20:00Z,2026-09-12T23:23:23Z,290,6.0,7.0,2.4,11,7.2,152,1011.6,20.2,21.8,18.2,,,
2026-08-26T14:30:00Z,2026-09-12T23:23:23Z,290,6.0,8.0,,,,,1011.7,20.2,21.8,18.2,,,
2026-08-26T14:40:00Z,2026-09-12T23:23:23Z,290,6.0,8.0,2.2,,7.0,159,1011.5,20.2,21.8,18.3,,,
2026-08-26T14:50:00Z,2026-09-12T23:23:23Z,300,7.0,8.0,2.2,12,7.0,159,1011.5,20.1,21.8,18.2,,,
2026-08-26T15:00:00Z,2026-09-12T23:23:23Z,300,7.0,9.0,,,,,1011.6,20.2,21.8,18.4,,+1.6,
2026-08-26T15:10:00Z,2026-09-12T23:23:23Z,300,7.0,9.0,2.3,,7.0,165,1011.7,20.2,21.8,18.4,,,
2026-08-26T15:20:00Z,2026-09-12T23:23:23Z,300,7.0,9.0,2.3,11,7.0,165,1011.7,20.2,21.8,18.4,,,
2026-08-26T15:30:00Z,2026-09-12T23:23:23Z,300,7.0,9.0,,,,,1011.6,20.2,21.8,18.5,,,
2026-08-26T15:40:00Z,2026-09-12T23:23:23Z,300,7.0,9.0,,,,,1011.6,20.2,21.9,18.5,,,
2026-08-26T15:50:00Z,2026-09-12T23:23:23Z,300,8.0,9.0,2.2,11,6.7,151,1011.5,20.1,21.9,18.4,,,
2026-08-26T16:00:00Z,2026-09-12T23:23:23Z,310,7.0,9.0,,,,,1011.6,20.1,21.9,18.5,,+1.1,
2026-08-26T16:10:00Z,2026-09-12T23:23:23Z,310,8.0,9.0,2.3,,6.8,157,1011.7,20.1,21.9,18.5,,,
2026-08-26T16:20:00Z,2026-09-12T23:23:23Z,310,7.0,9.0,2.3,11,6.8,157,1011.8,20.2,21.9,18.6,,,
2026-08-26T16:30:00Z,2026-09-12T23:23:23Z,310,7.0,9.0,,,,,1012.0,20.1,21.9,18.5,,,
2026-08-26T16:40:00Z,2026-09-12T23:23:23Z,310,8.0,10.0,2.3,,6.8,146,1011.7,20.1,21.9,18.5,,,
2026-08-26T16:50:00Z,2026-09-12T23:23:23Z,310,8.0,10.0,2.3,11,6.8,146,1011.7,20.1,21.9,18.6,,,
2026-08-26T17:00:00Z,2026-09-12T23:23:23Z,310,8.0,10.0,,,,,1011.7,20.1,21.9,18.6,,+0.0,
2026-08-26T17:10:00Z,2026-09-12T23:23:23Z,310,8.0,10.0,2.3,,6.5,147,1011.7,20.1,21.9,18.6,,,
2026-08-26T17:20:00Z,2026-09-12T23:23:23Z,310,8.0,10.0,2.3,11,6.5,147,1011.9,20.2,21.9,18.7,,,
2026-08-26T17:30:00Z,2026-09-12T23:23:23Z,310,7.0,9.0,,,,,1012.1,20.2,21.9,18.7,,,
2026-08-26T17:40:00Z,2026-09-12T23:23:23Z,310,7.0,9.0,2.4,,6.9,157,1012.1,20.2,21.9,18.6,,,
2026-08-26T17:50:00Z,2026-09-12T23:23:23Z,320,8.0,9.0,2.4,11,6.9,157,1012.1,20.2,21.9,18.6,,,
2026-08-26T18:00:00Z,2026-09-12T23:23:23Z,320,7.0,9.0,,,,,1012.3,20.3,21.9,18.8,,+0.6,
2026-08-26T18:10:00Z,2026-09-12T23:23:23Z,320,7.0,9.0,2.3,,6.5,151,1012.1,20.3,21.9,18.7,,,
2026-08-26T18:20:00Z,2026-09-12T23:23:23Z,320,8.0,9.0,2.3,11,6.5,151,1012.0,20.2,,18.6,,,
2026-08-26T18:30:00Z,2026-09-12T23:23:23Z,320,8.0,10.0,,,,,1011.9,20.3,21.9,18.7,,,
2026-08-26T18:40:00Z,2026-09-12T23:23:23Z,320,8.0,10.0,2.3,,6.7,165,1011.9,20.3,21.9,18.7,,,
2026-08-26T18:50:00Z,2026-09-12T23:23:23Z,320,7.0,10.0,2.3,12,6.7,165,1012.0,20.3,,18.8,,,
2026-08-26T19:00:00Z,2026-09-12T23:23:23Z,,,,,,,,1012.2,,21.9,,,+0.6,
2026-08-26T19:10:00Z,2026-09-12T23:23:23Z,310,5.0,6.0,2.2,,6.7,164,1012.6,20.3,22.0,18.7,,,
2026-08-26T19:20:00Z,2026-09-12T23:23:23Z,320,4.0,6.0,2.2,13,6.7,164,1012.3,20.3,22.0,18.6,,,
2026-08-26T19:30:00Z,2026-09-12T23:23:23Z,320,5.0,6.0,,,,,1012.3,20.4,,18.8,,,
2026-08-26T19:40:00Z,2026-09-12T23:23:23Z,330,4.0,6.0,,,,,1012.3,20.4,22.0,18.8,,,
2026-08-26T19:50:00Z,2026-09-12T23:23:23Z,320,4.0,6.0,2.3,11,7.1,156,1012.3,20.4,22.0,18.8,,,
2026-08-26T20:00:00Z,2026-09-12T23:23:23Z,320,4.0,6.0,,,,,1012.2,20.4,22.1,18.7,,+0.6,
2026-08-26T20:10:00Z,2026-09-12T23:23:23Z,310,4.0,6.0,2.3,,7.0,167,1012.1,20.5,,18.8,,,
2026-08-26T20:20:00Z,2026-09-12T23:23:23Z,310,5.0,7.0,2.3,12,7.0,167,1011.8,20.5,22.1,18.9,,,
2026-08-26T20:30:00Z,2026-09-12T23:23:23Z,310,6.0,7.0,,,,,1011.7,20.5,22.1,18.9,,,
2026-08-26T20:40:00Z,2026-09-12T23:23:23Z,310,6.0,7.0,2.3,,7.3,169,1011.7,20.4,22.2,18.8,,,
2026-08-26T20:50:00Z,2026-09-12T23:23:23Z,310,5.0,7.0,2.3,12,7.3,169,1011.7,20.5,22.2,18.9,,,
2026-08-26T21:00:00Z,2026-09-12T23:23:23Z,310,5.0,7.0,,,,,1011.6,20.4,22.2,18.8,,-0.6,
2026-08-26T21:10:00Z,2026-09-12T23:23:23Z,310,5.0,6.0,2.2,,7.2,166,1011.6,20.4,22.2,18.8,,,
2026-08-26T21:20:00Z,2026-09-12T23:23:23Z,310,5.0,7.0,2.2,11,7.2,166,1011.5,20.5,22.2,18.8,,,
2026-08-26T21:30:00Z,2026-09-12T23:23:23Z,300,6.0,7.0,,,,,1011.4,20.5,22.2,18.9,,,
2026-08-26T21:40:00Z,2026-09-12T23:23:23Z,300,5.0,7.0,,,,,1011.5,20.5,22.2,18.9,,,
2026-08-26T21:50:00Z,2026-09-12T23:23:23Z,300,6.0,7.0,2.0,13,7.1,184,1011.3,20.5,22.3,18.8,,,
2026-08-26T22:00:00Z,2026-09-12T23:23:23Z,300,6.0,8.0,,,,,1011.0,20.5,22.3,18.8,,-1.2,
2026-08-26T22:10:00Z,2026-09-12T23:23:23Z,310,6.0,8.0,,,,,1010.9,20.5,22.3,18.8,,,
2026-08-26T22:50:00Z,2026-09-12T23:23:23Z,,,,,,,,1010.6,,22.3,,,,
2026-08-26T23:00:00Z,2026-09-12T23:23:23Z,310,6.0,8.0,,,,,1010.7,20.6,22.3,18.8,,-1.5,
2026-08-26T23:10:00Z,2026-09-12T23:23:23Z,310,6.0,8.0,2.1,,7.7,162,1010.5,20.6,22.3,18.8,,,
2026-08-26T23:20:00Z,2026-09-12T23:23:23Z,310,6.0,8.0,2.1,11,7.7,162,1010.3,20.5,22.3,18.7,,,
2026-08-26T23:30:00Z,2026-09-12T23:23:23Z,310,7.0,9.0,,,,,1010.2,20.6,22.3,18.8,,,
2026-08-26T23:40:00Z,2026-09-12T23:23:23Z,320,6.0,8.0,,,,,1010.4,20.6,22.3,18.7,,,
2026-08-26T23:50:00Z,2026-09-12T23:23:23Z,310,6.0,8.0,2.0,12,7.2,157,1010.2,20.6,22.3,18.7,,,
2026-08-27T00:00:00Z,2026-09-12T23:23:23Z,310,8.0,9.0,,,,,1009.8,20.6,22.3,18.8,,-1.8,
2026-08-27T00:10:00Z,2026-09-12T23:23:23Z,310,6.0,9.0,2.2,,7.5,159,1010.3,20.6,22.2,18.9,,,
2026-08-27T00:20:00Z,2026-09-12T23:23:23Z,300,6.0,9.0,2.2,12,7.5,159,1009.8,20.6,22.2,18.8,,,
2026-08-27T00:30:00Z,2026-09-12T23:23:23Z,300,8.0,11.0,,,,,1009.6,20.7,22.2,18.9,,,
2026-08-27T00:40:00Z,2026-09-12T23:23:23Z,300,9.0,11.0,,,,,1009.5,20.7,22.2,18.9,,,
2026-08-27T00:50:00Z,2026-09-12T23:23:23Z,310,8.0,10.0,2.0,11,7.0,154,1009.9,20.7,22.2,18.9,,,
2026-08-27T01:00:00Z,2026-09-12T23:23:23Z,310,7.0,9.0,,,,,1010.0,20.7,22.2,18.8,,-1.0,
2026-08-27T01:10:00Z,2026-09-12T23:23:23Z,310,7.0,9.0,2.1,,7.2,149,1010.0,20.7,22.1,18.9,,,
2026-08-27T01:20:00Z,2026-09-12T23:23:23Z,310,7.0,9.0,2.1,11,7.2,149,1010.0,20.7,22.1,18.8,,,
2026-08-27T01:30:00Z,2026-09-12T23:23:23Z,310,7.0,9.0,,,,,1010.1,20.7,22.1,18.8,,,
2026-08-27T01:40:00Z,2026-09-12T23:23:23Z,300,8.0,10.0,1.9,,6.7,163,1010.2,20.8,22.1,18.9,,,
2026-08-27T01:50:00Z,2026-09-12T23:23:23Z,310,8.0,10.0,1.9,11,6.7,163,1009.9,20.7,22.1,18.8,,,
2026-08-27T02:00:00Z,2026-09-12T23:23:23Z,310,8.0,10.0,,,,,1010.1,20.7,22.1,18.6,,-0.7,
2026-08-27T02:10:00Z,2026-09-12T23:23:23Z,310,7.0,9.0,2.0,,6.8,159,1009.9,20.8,22.1,18.7,,,
2026-08-27T02:20:00Z,2026-09-12T23:23:23Z,310,8.0,10.0,2.0,10,6.8,159,1009.7,20.8,22.1,18.6,,,
2026-08-27T02:30:00Z,2026-09-12T23:23:23Z,320,8.0,10.0,,,,,1009.5,20.8,22.1,18.5,,,
2026-08-27T02:40:00Z,2026-09-12T23:23:23Z,320,8.0,10.0,2.0,,6.7,313,1009.5,20.9,22.1,18.6,,,
2026-08-27T02:50:00Z,2026-09-12T23:23:23Z,320,8.0,10.0,2.0,8,6.7,313,1009.7,20.9,22.1,18.5,,,
2026-08-27T03:00:00Z,2026-09-12T23:23:23Z,310,8.0,10.0,,,,,1009.8,21.0,22.1,18.5,,+0.0,
2026-08-27T03:10:00Z,2026-09-12T23:23:23Z,310,8.0,10.0,2.0,,6.8,152,1009.8,21.1,22.1,18.6,,,
2026-08-27T03:20:00Z,2026-09-12T23:23:23Z,320,8.0,9.0,2.0,11,6.8,152,1010.0,21.0,22.0,18.5,,,
2026-08-27T03:30:00Z,2026-09-12T23:23:23Z,320,7.0,9.0,,,,,1009.9,21.1,22.0,18.6,,,
2026-08-27T03:40:00Z,2026-09-12T23:23:23Z,320,8.0,10.0,,,,,1010.0,21.2,22.0,18.5,,,
2026-08-27T03:50:00Z,2026-09-12T23:23:23Z,320,8.0,10.0,2.1,11,6.9,159,1010.0,21.2,22.0,18.5,,,
2026-08-27T04:00:00Z,2026-09-12T23:23:23Z,320,8.0,10.0,,,,,1010.1,21.2,22.0,18.5,,-0.0,
2026-08-27T04:10:00Z,2026-09-12T23:23:23Z,320,8.0,10.0,2.1,,6.6,313,1010.2,21.2,22.0,18.5,,,
2026-08-27T04:20:00Z,2026-09-12T23:23:23Z,320,8.0,10.0,2.1,8,6.6,313,1010.2,21.3,22.0,18.4,,,
2026-08-27T04:30:00Z,2026-09-12T23:23:23Z,320,8.0,10.0,,,,,1010.2,21.2,22.0,18.3,,,
2026-08-27T04:40:00Z,2026-09-12T23:23:23Z,330,8.0,10.0,2.1,,6.6,151,1010.2,21.2,22.0,18.4,,,
2026-08-27T04:50:00Z,2026-09-12T23:23:23Z,330,8.0,10.0,2.1,11,6.6,151,1010.2,21.2,22.0,18.5,,,
2026-08-27T05:00:00Z,2026-09-12T23:23:23Z,320,8.0,9.0,,,,,1010.7,21.1,22.0,18.1,,+0.7,
2026-08-27T05:10:00Z,2026-09-12T23:23:23Z,330,6.0,8.0,2.3,,6.5,159,1010.7,21.2,22.0,18.5,,,
2026-08-27T05:20:00Z,2026-09-12T23:23:23Z,320,7.0,8.0,2.3,11,6.5,159,1010.4,21.2,22.0,18.5,,,
2026-08-27T05:30:00Z,2026-09-12T23:23:23Z,330,7.0,9.0,,,,,1010.3,21.2,22.0,18.3,,,
2026-08-27T05:40:00Z,2026-09-12T23:23:23Z,330,8.0,9.0,2.2,,6.5,316,1010.3,21.2,22.0,18.3,,,
2026-08-27T05:50:00Z,2026-09-12T23:23:23Z,330,6.0,8.0,2.2,8,6.5,316,1010.7,21.2,21.9,18.5,,,
2026-08-27T06:00:00Z,2026-09-12T23:23:23Z,330,6.0,8.0,,,,,1010.6,21.2,21.9,18.3,,+0.8,
2026-08-27T06:10:00Z,2026-09-12T23:23:23Z,330,6.0,7.0,2.1,,6.5,159,1010.5,21.2,21.9,18.5,,,
2026-08-27T06:20:00Z,2026-09-12T23:23:23Z,320,6.0,7.0,2.1,11,6.5,159,1010.9,21.2,21.9,18.5,,,
2026-08-27T06:30:00Z,2026-09-12T23:23:23Z,320,5.0,7.0,,,,,1010.9,21.3,21.9,18.6,,,
2026-08-27T06:40:00Z,2026-09-12T23:23:23Z,320,6.0,7.0,2.2,,6.6,316,1010.8,21.2,,18.5,,,
2026-08-27T06:50:00Z,2026-09-12T23:23:23Z,320,6.0,7.0,2.2,7,6.6,316,1010.9,21.2,21.9,18.5,,,
2026-08-27T07:00:00Z,2026-09-12T23:23:23Z,320,5.0,7.0,,,,,1011.0,21.2,21.9,18.5,,+0.9,
2026-08-27T07:10:00Z,2026-09-12T23:23:23Z,330,6.0,7.0,2.2,,6.5,309,1010.7,21.3,21.9,18.7,,,
2026-08-27T07:20:00Z,2026-09-12T23:23:23Z,330,6.0,8.0,2.2,7,6.5,309,1010.8,21.2,21.9,18.6,,,
2026-08-27T07:30:00Z,2026-09-12T23:23:23Z,310,5.0,7.0,,,,,1011.1,21.2,21.9,18.4,,,
2026-08-27T07:40:00Z,2026-09-12T23:23:23Z,310,4.0,5.0,,,,,1011.2,21.2,21.9,18.3,,,
2026-08-27T07:50:00Z,2026-09-12T23:23:23Z,330,4.0,5.0,2.0,8,6.4,303,1011.0,21.3,21.9,18.4,,,
2026-08-27T08:00:00Z,2026-09-12T23:23:23Z,320,4.0,6.0,,,,,1010.8,21.3,21.9,18.4,,+0.0,
2026-08-27T08:10:00Z,2026-09-12T23:23:23Z,320,5.0,6.0,2.1,,6.9,163,1010.4,21.3,21.8,18.4,,,
2026-08-27T08:20:00Z,2026-09-12T23:23:23Z,330,4.0,5.0,2.1,11,6.9,163,1010.4,21.3,21.8,18.3,,,
2026-08-27T08:30:00Z,2026-09-12T23:23:23Z,310,4.0,6.0,,,,,1010.5,21.2,21.8,18.1,,,
2026-08-27T08:40:00Z,2026-09-12T23:23:23Z,320,4.0,6.0,,,,,1010.1,21.3,21.8,18.4,,,
2026-08-27T08:50:00Z,2026-09-12T23:23:23Z,310,5.0,7.0,2.1,12,6.8,199,1010.0,21.3,21.8,18.4,,,
2026-08-27T09:00:00Z,2026-09-12T23:23:23Z,310,5.0,8.0,,,,,1010.4,21.3,21.9,18.5,,+0.0,
2026-08-27T09:10:00Z,2026-09-12T23:23:23Z,270,4.0,6.0,,,,,1010.5,21.3,21.9,18.5,,,
2026-08-27T09:20:00Z,2026-09-12T23:23:23Z,300,6.0,8.0,2.2,12,7.0,179,1009.6,21.3,21.9,18.6,,,
2026-08-27T09:30:00Z,2026-09-12T23:23:23Z,290,6.0,8.0,,,,,1010.2,21.3,21.9,18.6,,,
2026-08-27T09:40:00Z,2026-09-12T23:23:23Z,300,5.0,8.0,,,,,1010.2,21.3,21.9,18.5,,,
2026-08-27T09:50:00Z,2026-09-12T23:23:23Z,300,5.0,7.0,2.0,10,6.8,166,1010.0,21.3,21.9,18.5,,,
2026-08-27T10:00:00Z,2026-09-12T23:23:23Z,310,6.0,8.0,,,,,1009.4,21.3,21.9,18.4,,-1.6,
2026-08-27T10:10:00Z,2026-09-12T23:23:23Z,290,5.0,7.0,2.0,,6.9,177,1010.3,21.3,21.9,18.6,,,
2026-08-27T10:20:00Z,2026-09-12T23:23:23Z,260,4.0,6.0,2.0,12,6.9,177,1010.5,21.3,21.9,18.6,,,
2026-08-27T10:30:00Z,2026-09-12T23:23:23Z,260,4.0,5.0,,,,,1010.4,21.2,21.9,18.5,,,
2026-08-27T10:40:00Z,2026-09-12T23:23:23Z,280,4.0,5.0,2.0,,7.4,191,1010.0,21.2,21.9,18.3,,,
2026-08-27T10:50:00Z,2026-09-12T23:23:23Z,300,4.0,6.0,2.0,13,7.4,191,1010.0,21.2,21.9,18.3,,,
2026-08-27T11:00:00Z,2026-09-12T23:23:23Z,310,6.0,7.0,,,,,1009.9,21.2,21.9,18.3,,-0.9,
2026-08-27T11:10:00Z,2026-09-12T23:23:23Z,310,6.0,7.0,1.8,,6.9,153,1009.8,21.3,22.0,18.5,,,
2026-08-27T11:20:00Z,2026-09-12T23:23:23Z,300,6.0,8.0,1.8,11,6.9,153,1009.9,21.2,22.0,18.4,,,
2026-08-27T11:30:00Z,2026-09-12T23:23:23Z,300,6.0,8.0,,,,,1010.1,21.2,22.0,18.4,,,
2026-08-27T11:40:00Z,2026-09-12T23:23:23Z,290,5.0,7.0,2.0,,7.4,177,1010.1,21.2,22.0,18.4,,,
2026-08-27T11:50:00Z,2026-09-12T23:23:23Z,300,6.0,7.0,2.0,12,7.4,177,1009.9,21.1,22.0,18.4,,,
2026-08-27T12:00:00Z,2026-09-12T23:23:23Z,300,5.0,6.0,,,,,1009.8,21.0,22.0,18.6,,-0.6,
2026-08-27T12:10:00Z,2026-09-12T23:23:23Z,300,4.0,6.0,1.9,,7.2,171,1009.7,21.0,22.0,18.5,,,
2026-08-27T12:20:00Z,2026-09-12T23:23:23Z,290,5.0,7.0,1.9,11,7.2,171,1010.0,20.9,22.0,18.3,,,
2026-08-27T12:30:00Z,2026-09-12T23:23:23Z,280,3.0,5.0,,,,,1010.0,20.9,22.0,18.4,,,
2026-08-27T12:40:00Z,2026-09-12T23:23:23Z,290,3.0,5.0,,,,,1009.9,20.9,,18.5,,,
2026-08-27T12:50:00Z,2026-09-12T23:23:23Z,290,4.0,6.0,2.0,11,7.6,171,1009.9,20.8,22.0,18.4,,,
2026-08-27T13:00:00Z,2026-09-12T23:23:23Z,300,4.0,7.0,,,,,1009.9,20.8,22.0,18.4,,+0.5,
2026-08-27T13:10:00Z,2026-09-12T23:23:23Z,310,4.0,6.0,2.1,,7.7,158,1009.8,20.8,22.0,18.5,,,
2026-08-27T13:20:00Z,2026-09-12T23:23:23Z,290,4.0,5.0,2.1,11,7.7,158,1010.1,20.8,22.0,18.4,,,
2026-08-27T13:30:00Z,2026-09-12T23:23:23Z,290,3.0,5.0,,,,,1010.2,20.8,21.9,18.4,,,
2026-08-27T13:40:00Z,2026-09-12T23:23:23Z,290,5.0,6.0,1.9,,7.2,157,1010.1,20.9,21.9,18.6,,,
2026-08-27T13:50:00Z,2026-09-12T23:23:23Z,290,5.0,6.0,1.9,11,7.2,157,1010.3,20.9,,18.6,,,
2026-08-27T14:00:00Z,2026-09-12T23:23:23Z,290,5.0,6.0,,,,,1010.1,20.9,21.9,18.7,,+0.3,
2026-08-27T14:10:00Z,2026-09-12T23:23:23Z,300,5.0,7.0,2.0,,7.6,212,1010.2,20.8,21.9,18.7,,,
2026-08-27T14:20:00Z,2026-09-12T23:23:23Z,300,6.0,7.0,2.0,12,7.6,212,1010.3,20.9,21.9,18.9,,,
2026-08-27T14:30:00Z,2026-09-12T23:23:23Z,300,5.0,6.0,,,,,1010.5,20.9,21.9,18.9,,,
2026-08-27T14:40:00Z,2026-09-12T23:23:23Z,290,5.0,6.0,2.0,,7.6,184,1010.7,20.9,21.8,18.9,,,
2026-08-27T14:50:00Z,2026-09-12T23:23:23Z,300,5.0,6.0,2.0,12,7.6,184,1010.6,20.9,21.8,18.9,,,
2026-08-27T15:00:00Z,2026-09-12T23:23:23Z,290,5.0,6.0,,,,,1010.9,20.8,21.8,18.8,,+1.1,
2026-08-27T15:10:00Z,2026-09-12T23:23:23Z,280,5.0,7.0,2.0,,7.6,169,1011.2,20.9,21.8,19.0,,,
2026-08-27T15:20:00Z,2026-09-12T23:23:23Z,270,5.0,6.0,2.0,12,7.6,169,1011.6,20.8,21.8,18.9,,,
2026-08-27T15:30:00Z,2026-09-12T23:23:23Z,270,5.0,7.0,,,,,1011.5,20.8,21.8,18.9,,,
2026-08-27T15:40:00Z,2026-09-12T23:23:23Z,270,6.0,7.0,1.9,,7.0,167,1011.3,20.7,21.8,18.8,,,
2026-08-27T15:50:00Z,2026-09-12T23:23:23Z,270,6.0,7.0,1.9,11,7.0,167,1011.1,20.6,21.8,18.9,,,
2026-08-27T16:00:00Z,2026-09-12T23:23:23Z,280,6.0,8.0,,,,,1011.2,20.6,21.8,18.9,,+1.2,
2026-08-27T16:10:00Z,2026-09-12T23:23:23Z,290,6.0,8.0,2.0,,7.2,190,1011.7,20.6,21.8,18.9,,,
2026-08-27T16:20:00Z,2026-09-12T23:23:23Z,290,6.0,8.0,2.0,12,7.2,190,1011.6,20.5,21.8,18.8,,,
2026-08-27T16:30:00Z,2026-09-12T23:23:23Z,290,7.0,8.0,,,,,1011.3,20.5,21.8,18.9,,,
2026-08-27T16:40:00Z,2026-09-12T23:23:23Z,300,8.0,9.0,1.9,,6.9,172,1011.1,20.5,21.8,18.9,,,
2026-08-27T16:50:00Z,2026-09-12T23:23:23Z,320,7.0,9.0,1.9,11,6.9,172,1011.4,20.4,21.8,18.8,,,
2026-08-27T17:00:00Z,2026-09-12T23:23:23Z,310,6.0,7.0,,,,,1011.8,20.4,21.8,18.9,,+1.7,
2026-08-27T17:10:00Z,2026-09-12T23:23:23Z,300,5.0,6.0,1.8,,6.7,174,1011.9,20.4,21.8,18.8,,,
2026-08-27T17:20:00Z,2026-09-12T23:23:23Z,290,5.0,7.0,1.8,11,6.7,174,1012.1,20.5,21.8,19.0,,,
2026-08-27T17:30:00Z,2026-09-12T23:23:23Z,290,6.0,7.0,,,,,1012.0,20.5,21.8,19.0,,,
2026-08-27T17:40:00Z,2026-09-12T23:23:23Z,300,6.0,7.0,1.7,,6.7,182,1012.1,20.5,21.8,19.0,,,
2026-08-27T17:50:00Z,2026-09-12T23:23:23Z,290,6.0,8.0,1.7,11,6.7,182,1012.1,20.5,21.8,19.0,,,
2026-08-27T18:00:00Z,2026-09-12T23:23:23Z,300,7.0,9.0,,,,,1012.1,20.5,21.8,19.0,,+1.1,
2026-08-27T18:10:00Z,2026-09-12T23:23:23Z,300,7.0,8.0,2.0,,7.1,169,1012.1,20.5,21.8,18.9,,,
2026-08-27T18:20:00Z,2026-09-12T23:23:23Z,320,7.0,9.0,2.0,11,7.1,169,1012.0,20.5,21.8,18.9,,,
2026-08-27T18:30:00Z,2026-09-12T23:23:23Z,310,7.0,9.0,,,,,1012.1,20.4,21.8,18.8,,,
2026-08-27T18:40:00Z,2026-09-12T23:23:23Z,310,7.0,8.0,2.0,,6.7,298,1012.1,20.5,21.8,18.9,,,
2026-08-27T18:50:00Z,2026-09-12T23:23:23Z,310,7.0,8.0,2.0,7,6.7,298,1011.8,20.5,21.8,18.9,,,
2026-08-27T19:00:00Z,2026-09-12T23:23:23Z,320,7.0,8.0,,,,,1011.7,20.5,21.8,19.0,,+0.6,
2026-08-27T19:10:00Z,2026-09-12T23:23:23Z,310,7.0,9.0,1.9,,6.5,165,1011.8,20.5,21.8,19.0,,,
2026-08-27T19:20:00Z,2026-09-12T23:23:23Z,310,7.0,9.0,1.9,11,6.5,165,1011.7,20.5,21.8,19.1,,,
2026-08-27T19:30:00Z,2026-09-12T23:23:23Z,320,7.0,9.0,,,,,1011.4,20.3,21.8,18.9,,,
2026-08-27T19:40:00Z,2026-09-12T23:23:23Z,330,7.0,8.0,2.0,,6.5,181,1011.4,20.4,21.8,18.9,,,
2026-08-27T19:50:00Z,2026-09-12T23:23:23Z,320,7.0,8.0,2.0,11,6.5,181,1011.4,20.4,21.8,18.8,,,
2026-08-27T20:00:00Z,2026-09-12T23:23:23Z,,,,,,,,1011.0,,,,,-0.8,
2026-08-27T20:10:00Z,2026-09-12T23:23:23Z,330,6.0,8.0,1.8,,6.3,176,1011.0,20.6,21.8,19.2,,,
2026-08-27T20:20:00Z,2026-09-12T23:23:23Z,330,6.0,8.0,1.8,11,6.3,176,1010.9,20.6,21.8,19.1,,,
2026-08-27T20:30:00Z,2026-09-12T23:23:23Z,330,7.0,9.0,,,,,1010.9,20.7,21.9,19.2,,,
2026-08-27T20:40:00Z,2026-09-12T23:23:23Z,340,7.0,8.0,2.0,,6.7,182,1010.9,20.8,21.9,19.3,,,
2026-08-27T20:50:00Z,2026-09-12T23:23:23Z,340,7.0,8.0,2.0,11,6.7,182,1010.9,20.9,21.9,19.4,,,
2026-08-27T21:00:00Z,2026-09-12T23:23:23Z,340,6.0,8.0,,,,,1010.8,20.9,21.9,19.3,,-1.3,
2026-08-27T21:10:00Z,2026-09-12T23:23:23Z,350,6.0,7.0,1.8,,6.4,177,1010.9,21.1,21.9,19.6,,,
2026-08-27T21:20:00Z,2026-09-12T23:23:23Z,350,6.0,7.0,1.8,11,6.4,177,1010.8,21.1,21.9,19.6,,,
2026-08-27T21:30:00Z,2026-09-12T23:23:23Z,350,6.0,8.0,,,,,1010.7,21.2,21.9,19.6,,,
2026-08-27T21:40:00Z,2026-09-12T23:23:23Z,340,6.0,7.0,2.0,,6.8,177,1010.6,21.3,21.9,19.7,,,
2026-08-27T21:50:00Z,2026-09-12T23:23:23Z,340,6.0,7.0,2.0,11,6.8,177,1010.5,21.4,22.0,19.8,,,
2026-08-27T22:00:00Z,2026-09-12T23:23:23Z,330,6.0,8.0,,,,,1010.2,21.4,22.0,19.7,,-1.5,
2026-08-27T22:10:00Z,2026-09-12T23:23:23Z,330,7.0,9.0,2.0,,6.8,173,1010.0,21.5,22.0,20.0,,,
2026-08-27T22:20:00Z,2026-09-12T23:23:23Z,340,7.0,8.0,2.0,11,6.8,173,1009.9,21.5,22.0,20.0,,,
2026-08-27T22:30:00Z,2026-09-12T23:23:23Z,340,7.0,8.0,,,,,1009.8,21.6,22.0,20.1,,,
2026-08-27T22:40:00Z,2026-09-12T23:23:23Z,340,6.0,8.0,1.8,,6.8,169,1009.9,21.6,22.1,20.1,,,
2026-08-27T22:50:00Z,2026-09-12T23:23:23Z,340,7.0,8.0,1.8,11,6.8,169,1009.8,21.7,22.1,20.2,,,
2026-08-27T23:00:00Z,2026-09-12T23:23:23Z,340,7.0,8.0,1.9,,6.6,177,1009.6,21.7,22.1,20.3,,-1.5,
2026-08-27T23:10:00Z,2026-09-12T23:23:23Z,340,6.0,8.0,,,,,1009.6,21.7,22.1,20.4,,,
2026-08-27T23:20:00Z,2026-09-12T23:23:23Z,340,7.0,8.0,1.9,11,6.6,177,1009.7,21.8,22.1,20.5,,,
2026-08-27T23:40:00Z,2026-09-12T23:23:23Z,340,7.0,8.0,2.0,,7.0,176,1009.6,21.8,22.1,20.5,,,
2026-08-27T23:50:00Z,2026-09-12T23:23:23Z,330,6.0,8.0,2.0,11,7.0,176,1009.7,21.7,22.1,20.3,,,
2026-08-28T00:00:00Z,2026-09-12T23:23:23Z,340,6.0,8.0,,,,,1009.6,21.8,22.1,20.3,,-1.1,
2026-08-28T00:10:00Z,2026-09-12T23:23:23Z,330,6.0,7.0,2.1,,7.3,170,1009.7,21.8,22.1,20.4,,,
2026-08-28T00:20:00Z,2026-09-12T23:23:23Z,340,6.0,8.0,2.1,11,7.3,170,1009.6,21.8,22.1,20.4,,,
2026-08-28T00:30:00Z,2026-09-12T23:23:23Z,340,6.0,8.0,,,,,1009.6,21.8,22.1,20.3,,,
2026-08-28T00:40:00Z,2026-09-12T23:23:23Z,340,6.0,8.0,2.0,,7.3,166,1009.4,21.9,22.1,20.4,,,
2026-08-28T00:50:00Z,2026-09-12T23:23:23Z,350,5.0,6.0,2.0,10,7.3,166,1009.5,21.9,22.1,20.5,,,
2026-08-28T01:00:00Z,2026-09-12T23:23:23Z,340,5.0,6.0,,,,,1009.4,21.9,22.1,20.5,,-0.9,
2026-08-28T01:10:00Z,2026-09-12T23:23:23Z,340,5.0,6.0,1.9,,6.9,180,1009.3,22.0,22.1,20.6,,,
2026-08-28T01:20:00Z,2026-09-12T23:23:23Z,340,5.0,6.0,1.9,10,6.9,180,1009.2,22.0,22.1,20.5,,,
2026-08-28T01:30:00Z,2026-09-12T23:23:23Z,330,5.0,6.0,,,,,1009.2,22.1,22.1,20.7,,,
2026-08-28T01:40:00Z,2026-09-12T23:23:23Z,320,5.0,7.0,2.0,,7.2,311,1008.9,22.1,22.1,20.6,,,
2026-08-28T01:50:00Z,2026-09-12T23:23:23Z,320,4.0,7.0,2.0,8,7.2,311,1009.3,22.0,22.1,20.4,,,
2026-08-28T02:00:00Z,2026-09-12T23:23:23Z,320,4.0,6.0,,,,,1009.1,21.9,22.1,20.3,,-0.4,
2026-08-28T02:10:00Z,2026-09-12T23:23:23Z,320,4.0,5.0,1.9,,6.9,305,1009.1,21.9,22.0,20.3,,,
2026-08-28T02:20:00Z,2026-09-12T23:23:23Z,320,4.0,6.0,1.9,8,6.9,305,1009.0,21.9,22.0,20.1,,,
2026-08-28T02:30:00Z,2026-09-12T23:23:23Z,310,5.0,6.0,,,,,1009.0,21.9,22.0,20.0,,,
2026-08-28T02:40:00Z,2026-09-12T23:23:23Z,310,5.0,7.0,1.9,,7.0,172,1009.0,21.8,22.0,19.9,,,
2026-08-28T02:50:00Z,2026-09-12T23:23:23Z,310,6.0,7.0,1.9,10,7.0,172,1009.0,21.5,22.0,19.6,,,
2026-08-28T03:00:00Z,2026-09-12T23:23:23Z,310,6.0,8.0,,,,,1009.0,21.5,21.9,19.6,,-0.6,
2026-08-28T03:10:00Z,2026-09-12T23:23:23Z,310,6.0,8.0,1.9,,6.8,176,1009.0,21.3,21.9,19.4,,,
2026-08-28T03:20:00Z,2026-09-12T23:23:23Z,320,6.0,8.0,1.9,10,6.8,176,1009.0,21.3,21.9,19.3,,,
2026-08-28T03:30:00Z,2026-09-12T23:23:23Z,320,6.0,7.0,,,,,1009.1,21.3,21.8,19.3,,,
2026-08-28T03:40:00Z,2026-09-12T23:23:23Z,320,6.0,8.0,2.0,,7.0,165,1009.0,21.4,21.8,19.2,,,
2026-08-28T03:50:00Z,2026-09-12T23:23:23Z,320,6.0,8.0,2.0,11,7.0,165,1009.1,21.5,21.8,19.4,,,
2026-08-28T04:00:00Z,2026-09-12T23:23:23Z,320,6.0,8.0,,,,,1009.2,21.5,21.7,19.3,,+0.0,
2026-08-28T04:10:00Z,2026-09-12T23:23:23Z,320,5.0,7.0,1.8,,6.8,304,1009.2,21.6,21.7,19.4,,,
2026-08-28T04:20:00Z,2026-09-12T23:23:23Z,320,5.0,7.0,1.8,8,6.8,304,1009.5,21.6,21.7,19.4,,,
2026-08-28T04:30:00Z,2026-09-12T23:23:23Z,320,5.0,6.0,,,,,1009.7,21.6,21.7,19.4,,,
2026-08-28T04:40:00Z,2026-09-12T23:23:23Z,310,5.0,7.0,1.9,,6.8,183,1009.7,21.6,21.7,19.2,,,
2026-08-28T04:50:00Z,2026-09-12T23:23:23Z,320,4.0,6.0,1.9,10,6.8,183,1009.6,21.6,21.7,19.3,,,
2026-08-28T05:00:00Z,2026-09-12T23:23:23Z,310,4.0,5.0,,,,,1009.7,21.6,21.6,19.4,,+0.5,
2026-08-28T05:10:00Z,2026-09-12T23:23:23Z,320,4.0,5.0,1.8,,6.7,166,1009.8,21.6,21.6,19.5,,,
2026-08-28T05:20:00Z,2026-09-12T23:23:23Z,320,3.0,4.0,1.8,9,6.7,166,1009.7,21.6,21.6,19.5,,,
2026-08-28T05:30:00Z,2026-09-12T23:23:23Z,310,3.0,4.0,,,,,1009.7,21.6,21.6,19.6,,,
2026-08-28T05:40:00Z,2026-09-12T23:23:23Z,310,3.0,4.0,1.9,,6.9,172,1009.5,21.6,21.5,19.6,,,
2026-08-28T05:50:00Z,2026-09-12T23:23:23Z,300,3.0,4.0,1.9,10,6.9,172,1009.5,21.6,21.5,19.7,,,
2026-08-28T06:00:00Z,2026-09-12T23:23:23Z,290,3.0,4.0,,,,,1009.7,21.6,21.5,19.7,,+0.6,
2026-08-28T06:10:00Z,2026-09-12T23:23:23Z,290,3.0,4.0,1.8,,6.7,182,1009.7,21.6,21.5,19.7,,,
2026-08-28T06:20:00Z,2026-09-12T23:23:23Z,290,3.0,4.0,1.8,8,6.7,182,1009.6,21.6,21.5,19.7,,,
2026-08-28T06:30:00Z,2026-09-12T23:23:23Z,290,2.0,3.0,,,,,1009.6,21.6,21.5,19.7,,,
2026-08-28T06:40:00Z,2026-09-12T23:23:23Z,270,2.0,3.0,1.9,,7.0,170,1009.6,21.6,21.5,19.7,,,
2026-08-28T06:50:00Z,2026-09-12T23:23:23Z,260,2.0,2.0,1.9,10,7.0,170,1009.6,21.7,21.5,19.9,,,
2026-08-28T07:00:00Z,2026-09-12T23:23:23Z,270,2.0,4.0,,,,,1009.7,21.6,21.5,19.8,,+0.5,
2026-08-28T07:10:00Z,2026-09-12T23:23:23Z,280,3.0,4.0,1.9,,6.9,174,1009.9,21.7,21.5,19.8,,,
2026-08-28T07:20:00Z,2026-09-12T23:23:23Z,280,3.0,4.0,1.9,10,6.9,174,1010.0,21.8,21.4,19.8,,,
2026-08-28T07:30:00Z,2026-09-12T23:23:23Z,280,4.0,5.0,,,,,1010.0,21.8,21.5,19.9,,,
2026-08-28T07:40:00Z,2026-09-12T23:23:23Z,280,6.0,6.0,1.9,,6.6,246,1010.0,21.8,21.5,19.9,,,
2026-08-28T07:50:00Z,2026-09-12T23:23:23Z,280,5.0,6.0,1.9,8,6.6,246,1010.0,21.8,21.5,19.8,,,
2026-08-28T08:00:00Z,2026-09-12T23:23:23Z,280,5.0,6.0,,,,,1010.1,21.8,21.5,19.8,,+0.5,
2026-08-28T08:10:00Z,2026-09-12T23:23:23Z,270,5.0,7.0,,,,,1010.0,21.7,21.5,19.8,,,
2026-08-28T08:20:00Z,2026-09-12T23:23:23Z,270,4.0,6.0,1.8,8,6.8,301,1010.3,21.7,21.5,19.8,,,
2026-08-28T08:30:00Z,2026-09-12T23:23:23Z,270,4.0,5.0,,,,,1010.3,21.6,21.5,19.7,,,
2026-08-28T08:40:00Z,2026-09-12T23:23:23Z,270,4.0,5.0,,,,,1010.2,21.6,21.5,19.6,,,
2026-08-28T08:50:00Z,2026-09-12T23:23:23Z,270,4.0,6.0,1.7,9,6.9,185,1010.2,21.6,21.5,19.6,,,
2026-08-28T09:00:00Z,2026-09-12T23:23:23Z,270,4.0,5.0,,,,,1010.2,21.7,21.5,19.5,,+0.6,
2026-08-28T09:10:00Z,2026-09-12T23:23:23Z,280,5.0,7.0,,,,,1010.0,21.7,21.5,19.5,,,
2026-08-28T09:20:00Z,2026-09-12T23:23:23Z,280,6.0,7.0,1.6,9,6.6,197,1010.1,21.7,21.5,19.5,,,
2026-08-28T09:30:00Z,2026-09-12T23:23:23Z,280,6.0,8.0,,,,,1010.0,21.7,21.5,19.5,,,
2026-08-28T09:40:00Z,2026-09-12T23:23:23Z,290,7.0,8.0,,,,,1010.0,21.7,21.5,19.5,,,
2026-08-28T09:50:00Z,2026-09-12T23:23:23Z,290,6.0,8.0,1.8,9,6.5,191,1010.1,21.6,21.5,19.4,,,
2026-08-28T10:00:00Z,2026-09-12T23:23:23Z,300,7.0,9.0,,,,,1010.0,21.4,21.6,19.1,,+0.3,
2026-08-28T10:10:00Z,2026-09-12T23:23:23Z,300,7.0,8.0,1.6,,6.3,214,1010.0,21.3,21.6,19.1,,,
2026-08-28T10:20:00Z,2026-09-12T23:23:23Z,300,8.0,10.0,1.6,8,6.3,214,1010.0,21.2,21.6,19.2,,,
2026-08-28T10:30:00Z,2026-09-12T23:23:23Z,300,8.0,10.0,,,,,1009.9,21.1,21.6,19.2,,,
2026-08-28T10:40:00Z,2026-09-12T23:23:23Z,300,8.0,10.0,1.6,,6.0,176,1009.7,21.0,21.6,19.3,,,
2026-08-28T10:50:00Z,2026-09-12T23:23:23Z,310,9.0,11.0,1.6,9,6.0,176,1009.6,21.0,21.6,19.0,,,
2026-08-28T11:00:00Z,2026-09-12T23:23:23Z,310,9.0,11.0,,,,,1009.7,21.1,21.7,18.9,,-0.5,
2026-08-28T11:10:00Z,2026-09-12T23:23:23Z,310,9.0,11.0,1.5,,6.0,179,1009.7,21.1,21.7,18.8,,,
2026-08-28T11:20:00Z,2026-09-12T23:23:23Z,310,9.0,11.0,1.5,9,6.0,179,1009.9,21.1,21.7,19.0,,,
2026-08-28T11:30:00Z,2026-09-12T23:23:23Z,310,9.0,11.0,,,,,1010.0,21.1,21.7,18.9,,,
2026-08-28T11:40:00Z,2026-09-12T23:23:23Z,320,9.0,11.0,1.7,,5.9,229,1010.0,21.1,21.8,18.8,,,
2026-08-28T11:50:00Z,2026-09-12T23:23:23Z,320,9.0,12.0,1.7,8,5.9,229,1010.0,21.1,21.8,18.8,,,
2026-08-28T12:00:00Z,2026-09-12T23:23:23Z,320,9.0,10.0,,,,,1010.0,21.1,21.8,19.0,,-0.4,
2026-08-28T12:10:00Z,2026-09-12T23:23:23Z,320,9.0,11.0,1.7,,5.9,176,1009.9,21.1,21.8,18.9,,,
2026-08-28T12:20:00Z,2026-09-12T23:23:23Z,320,10.0,11.0,1.7,9,5.9,176,1009.9,21.1,21.9,19.0,,,
2026-08-28T12:30:00Z,2026-09-12T23:23:23Z,330,9.0,11.0,,,,,1009.9,21.1,21.9,19.0,,,
2026-08-28T12:40:00Z,2026-09-12T23:23:23Z,320,9.0,11.0,,,,,1010.0,21.1,,19.0,,,
2026-08-28T12:50:00Z,2026-09-12T23:23:23Z,330,9.0,10.0,1.6,9,5.8,188,1010.1,21.0,21.9,19.0,,,
2026-08-28T13:00:00Z,2026-09-12T23:23:23Z,330,8.0,10.0,,,,,1010.2,21.1,21.9,19.1,,-0.0,
2026-08-28T13:10:00Z,2026-09-12T23:23:23Z,330,8.0,10.0,,,,,1010.3,21.1,21.9,19.1,,,
2026-08-28T13:20:00Z,2026-09-12T23:23:23Z,330,8.0,10.0,1.6,9,5.8,174,1010.4,21.2,21.9,19.1,,,
2026-08-28T13:30:00Z,2026-09-12T23:23:23Z,330,8.0,10.0,,,,,1010.4,21.2,21.9,19.1,,,
2026-08-28T13:40:00Z,2026-09-12T23:23:23Z,330,8.0,9.0,,,,,1010.5,21.2,21.9,19.2,,,
2026-08-28T13:50:00Z,2026-09-12T23:23:23Z,320,8.0,9.0,1.5,10,5.5,176,1010.5,21.2,21.9,19.2,,,
2026-08-28T14:00:00Z,2026-09-12T23:23:23Z,320,8.0,10.0,,,,,1010.6,21.3,21.9,19.3,,+1.0,
2026-08-28T14:10:00Z,2026-09-12T23:23:23Z,320,8.0,10.0,1.5,,5.8,181,1010.8,21.3,21.9,19.1,,,
2026-08-28T14:20:00Z,2026-09-12T23:23:23Z,320,8.0,10.0,1.5,10,5.8,181,1010.8,21.4,21.9,19.3,,,
2026-08-28T14:30:00Z,2026-09-12T23:23:23Z,320,9.0,11.0,,,,,1010.8,21.3,21.9,19.3,,,
2026-08-28T14:40:00Z,2026-09-12T23:23:23Z,320,9.0,11.0,,,,,1010.8,21.2,21.9,19.2,,,
2026-08-28T14:50:00Z,2026-09-12T23:23:23Z,330,9.0,11.0,1.6,8,5.6,270,1010.8,21.2,21.9,19.1,,,
2026-08-28T15:00:00Z,2026-09-12T23:23:23Z,330,9.0,10.0,,,,,1010.9,21.2,21.9,19.2,,+1.1,
2026-08-28T15:10:00Z,2026-09-12T23:23:23Z,330,8.0,10.0,1.7,,5.7,301,1010.9,21.2,21.9,19.3,,,
2026-08-28T15:20:00Z,2026-09-12T23:23:23Z,330,9.0,10.0,1.7,8,5.7,301,1010.9,21.2,21.9,19.3,,,
2026-08-28T15:30:00Z,2026-09-12T23:23:23Z,330,8.0,10.0,,,,,1011.2,21.1,21.9,19.1,,,
2026-08-28T15:40:00Z,2026-09-12T23:23:23Z,330,8.0,10.0,1.6,,5.4,303,1011.3,21.1,21.9,19.1,,,
2026-08-28T15:50:00Z,2026-09-12T23:23:23Z,330,8.0,10.0,1.6,7,5.4,303,1011.3,21.2,21.9,19.2,,,
2026-08-28T16:00:00Z,2026-09-12T23:23:23Z,330,8.0,10.0,,,,,1011.3,21.2,21.9,19.2,,+1.2,
2026-08-28T16:10:00Z,2026-09-12T23:23:23Z,330,8.0,10.0,1.8,,5.7,299,1011.5,21.1,21.9,19.0,,,
2026-08-28T16:20:00Z,2026-09-12T23:23:23Z,330,8.0,10.0,1.8,7,5.7,299,1011.5,21.2,21.9,19.2,,,
2026-08-28T16:30:00Z,2026-09-12T23:23:23Z,330,7.0,9.0,,,,,1011.6,21.2,21.9,19.3,,,
2026-08-28T16:40:00Z,2026-09-12T23:23:23Z,340,7.0,8.0,1.8,,5.8,305,1011.9,21.2,21.9,19.3,,,
2026-08-28T16:50:00Z,2026-09-12T23:23:23Z,340,6.0,8.0,1.8,8,5.8,305,1012.0,21.2,21.9,19.3,,,
2026-08-28T17:00:00Z,2026-09-12T23:23:23Z,340,6.0,8.0,,,,,1012.0,21.2,21.9,19.3,,+1.5,
2026-08-28T17:10:00Z,2026-09-12T23:23:23Z,340,6.0,8.0,1.9,,6.0,306,1012.1,21.3,21.9,19.3,,,
2026-08-28T17:20:00Z,2026-09-12T23:23:23Z,340,6.0,7.0,1.9,7,6.0,306,1012.4,21.4,21.9,19.5,,,
2026-08-28T17:30:00Z,2026-09-12T23:23:23Z,340,5.0,6.0,,,,,1012.5,21.4,21.9,19.5,,,
2026-08-28T17:40:00Z,2026-09-12T23:23:23Z,340,5.0,6.0,1.8,,6.0,308,1012.5,21.4,21.9,19.4,,,
2026-08-28T17:50:00Z,2026-09-12T23:23:23Z,340,5.0,6.0,1.8,8,6.0,308,1012.6,21.5,21.9,19.3,,,
2026-08-28T18:00:00Z,2026-09-12T23:23:23Z,340,4.0,6.0,,,,,1012.6,21.5,21.9,19.4,,+1.8,
2026-08-28T18:10:00Z,2026-09-12T23:23:23Z,340,4.0,5.0,1.7,,5.8,307,1012.8,21.5,21.9,19.4,,,
2026-08-28T18:20:00Z,2026-09-12T23:23:23Z,340,4.0,5.0,1.7,7,5.8,307,1012.8,21.5,21.8,19.4,,,
2026-08-28T18:30:00Z,2026-09-12T23:23:23Z,340,4.0,5.0,,,,,1012.9,21.5,21.9,19.4,,,
2026-08-28T18:40:00Z,2026-09-12T23:23:23Z,340,4.0,5.0,1.8,,6.2,320,1012.9,21.5,21.8,19.3,,,
2026-08-28T18:50:00Z,2026-09-12T23:23:23Z,320,4.0,5.0,1.8,7,6.2,320,1012.9,21.5,21.8,19.3,,,
2026-08-28T19:00:00Z,2026-09-12T23:23:23Z,320,4.0,5.0,,,,,1012.8,21.5,21.9,19.4,,+1.5,
2026-08-28T19:10:00Z,2026-09-12T23:23:23Z,320,4.0,5.0,1.8,,6.0,307,1012.7,21.5,21.9,19.4,,,
2026-08-28T19:20:00Z,2026-09-12T23:23:23Z,320,5.0,7.0,1.8,7,6.0,307,1012.7,21.5,21.9,19.4,,,
2026-08-28T19:30:00Z,2026-09-12T23:23:23Z,310,6.0,7.0,,,,,1012.5,21.6,21.9,19.6,,,
2026-08-28T19:40:00Z,2026-09-12T23:23:23Z,310,6.0,7.0,1.8,,6.2,300,1012.3,21.5,21.8,19.5,,,
2026-08-28T19:50:00Z,2026-09-12T23:23:23Z,310,5.0,7.0,1.8,7,6.2,300,1012.3,21.5,21.8,19.6,,,
2026-08-28T20:00:00Z,2026-09-12T23:23:23Z,310,5.0,7.0,,,,,1012.2,21.5,21.8,19.6,,+0.0,
2026-08-28T20:10:00Z,2026-09-12T23:23:23Z,300,5.0,6.0,1.9,,6.4,320,1012.0,21.5,21.7,19.6,,,
2026-08-28T20:20:00Z,2026-09-12T23:23:23Z,300,5.0,7.0,1.9,7,6.4,320,1011.9,21.5,21.6,19.6,,,
2026-08-28T20:30:00Z,2026-09-12T23:23:23Z,300,7.0,9.0,,,,,1011.8,21.4,21.7,19.5,,,
2026-08-28T20:40:00Z,2026-09-12T23:23:23Z,300,7.0,9.0,1.9,,6.4,308,1012.0,21.4,21.7,19.3,,,
2026-08-28T20:50:00Z,2026-09-12T23:23:23Z,300,7.0,8.0,1.9,8,6.4,308,1012.1,21.5,21.7,19.5,,,
2026-08-28T21:00:00Z,2026-09-12T23:23:23Z,300,7.0,8.0,1.8,,6.1,311,1012.2,21.3,21.7,19.5,,-0.6,
2026-08-28T21:10:00Z,2026-09-12T23:23:23Z,300,7.0,8.0,,,,,1012.1,21.3,21.6,19.5,,,
2026-08-28T21:20:00Z,2026-09-12T23:23:23Z,310,6.0,8.0,1.8,8,6.1,311,1012.1,21.2,21.6,19.3,,,
2026-08-28T21:30:00Z,2026-09-12T23:23:23Z,300,6.0,8.0,,,,,1012.0,21.3,,19.4,,,
2026-08-28T21:40:00Z,2026-09-12T23:23:23Z,,,,,,,,1011.8,,21.6,,,,
2026-08-28T21:50:00Z,2026-09-12T23:23:23Z,310,8.0,9.0,1.8,8,6.2,302,1011.7,21.3,21.6,19.2,,,
2026-08-28T22:00:00Z,2026-09-12T23:23:23Z,310,8.0,9.0,,,,,1011.6,21.3,21.6,19.2,,-1.2,
2026-08-28T22:10:00Z,2026-09-12T23:23:23Z,310,8.0,9.0,1.8,,6.2,300,1011.5,21.2,21.5,19.2,,,
2026-08-28T22:20:00Z,2026-09-12T23:23:23Z,310,8.0,10.0,1.8,8,6.2,300,1011.3,21.3,21.6,19.1,,,
2026-08-28T22:30:00Z,2026-09-12T23:23:23Z,310,8.0,9.0,,,,,1011.2,21.2,21.5,19.1,,,
2026-08-28T22:40:00Z,2026-09-12T23:23:23Z,310,8.0,10.0,,,,,1011.1,21.2,21.5,19.1,,,
2026-08-28T22:50:00Z,2026-09-12T23:23:23Z,310,9.0,10.0,1.7,8,5.9,306,1011.0,21.1,21.6,19.1,,,
2026-08-28T23:00:00Z,2026-09-12T23:23:23Z,310,9.0,11.0,,,,,1010.9,21.1,21.5,19.1,,-1.3,
2026-08-28T23:10:00Z,2026-09-12T23:23:23Z,320,8.0,10.0,1.7,,5.7,300,1010.9,21.0,21.5,19.0,,,
2026-08-28T23:30:00Z,2026-09-12T23:23:23Z,320,9.0,10.0,,,,,1010.8,21.0,21.5,19.0,,,
2026-08-28T23:40:00Z,2026-09-12T23:23:23Z,320,8.0,10.0,1.8,,6.2,300,1010.9,21.0,21.4,19.1,,,
2026-08-28T23:50:00Z,2026-09-12T23:23:23Z,320,9.0,10.0,1.8,7,6.2,300,1010.8,21.0,21.5,19.0,,,
2026-08-29T00:00:00Z,2026-09-12T23:23:23Z,310,8.0,10.0,,,,,1010.7,21.1,21.5,19.2,,-1.4,
2026-08-29T00:10:00Z,2026-09-12T23:23:23Z,310,8.0,10.0,1.7,,5.7,292,1010.6,21.0,21.5,19.2,,,
2026-08-29T00:20:00Z,2026-09-12T23:23:23Z,320,8.0,10.0,1.7,8,5.7,292,1010.7,21.1,21.4,19.1,,,
2026-08-29T00:30:00Z,2026-09-12T23:23:23Z,310,9.0,11.0,,,,,1010.6,21.2,21.4,19.3,,,
2026-08-29T00:40:00Z,2026-09-12T23:23:23Z,310,9.0,11.0,1.7,,5.9,305,1010.5,21.1,21.4,19.2,,,
2026-08-29T00:50:00Z,2026-09-12T23:23:23Z,310,10.0,11.0,1.7,7,5.9,305,1010.3,21.1,21.4,19.1,,,
2026-08-29T01:00:00Z,2026-09-12T23:23:23Z,310,10.0,11.0,,,,,1010.4,21.0,21.4,19.0,,-1.3,
2026-08-29T01:10:00Z,2026-09-12T23:23:23Z,310,10.0,11.0,1.8,,5.8,302,1010.2,21.0,21.4,19.2,,,
2026-08-29T01:20:00Z,2026-09-12T23:23:23Z,320,9.0,11.0,1.8,8,5.8,302,1010.3,20.9,21.4,19.1,,,
2026-08-29T01:30:00Z,2026-09-12T23:23:23Z,320,9.0,10.0,,,,,1010.4,21.0,21.4,19.3,,,
2026-08-29T01:40:00Z,2026-09-12T23:23:23Z,320,8.0,10.0,1.7,,5.6,304,1010.4,21.1,21.4,19.2,,,
2026-08-29T01:50:00Z,2026-09-12T23:23:23Z,320,8.0,9.0,1.7,8,5.6,304,1010.4,21.2,21.4,19.1,,,
2026-08-29T02:00:00Z,2026-09-12T23:23:23Z,320,8.0,9.0,,,,,1010.4,21.2,,19.1,,-0.6,
2026-08-29T02:10:00Z,2026-09-12T23:23:23Z,320,8.0,10.0,1.7,,5.9,293,1010.3,21.3,21.4,19.2,,,
2026-08-29T02:20:00Z,2026-09-12T23:23:23Z,320,8.0,10.0,1.7,8,5.9,293,1010.1,21.3,21.4,19.2,,,
2026-08-29T02:30:00Z,2026-09-12T23:23:23Z,320,7.0,9.0,,,,,1010.1,21.3,21.4,19.4,,,
2026-08-29T02:40:00Z,2026-09-12T23:23:23Z,320,7.0,9.0,1.8,,6.2,303,1010.1,21.2,21.4,19.2,,,
2026-08-29T02:50:00Z,2026-09-12T23:23:23Z,320,7.0,9.0,1.8,8,6.2,303,1010.1,21.3,21.4,19.2,,,
2026-08-29T03:00:00Z,2026-09-12T23:23:23Z,320,7.0,9.0,,,,,1010.2,21.3,21.3,19.2,,-0.5,
2026-08-29T03:10:00Z,2026-09-12T23:23:23Z,320,7.0,9.0,1.8,,6.1,317,1010.3,21.3,21.3,19.1,,,
2026-08-29T03:20:00Z,2026-09-12T23:23:23Z,320,7.0,9.0,1.8,8,6.1,317,1010.4,21.4,21.3,19.2,,,
2026-08-29T03:30:00Z,2026-09-12T23:23:23Z,320,7.0,9.0,,,,,1010.4,21.3,21.3,19.2,,,
2026-08-29T03:40:00Z,2026-09-12T23:23:23Z,320,7.0,9.0,1.8,,6.2,306,1010.4,21.4,21.3,19.0,,,
2026-08-29T03:50:00Z,2026-09-12T23:23:23Z,320,7.0,8.0,1.8,8,6.2,306,1010.5,21.4,21.3,19.3,,,
2026-08-29T04:00:00Z,2026-09-12T23:23:23Z,320,6.0,9.0,,,,,1010.7,21.4,21.4,19.2,,+0.4,
2026-08-29T04:10:00Z,2026-09-12T23:23:23Z,310,7.0,8.0,1.9,,6.3,305,1010.8,21.4,21.4,19.0,,,
2026-08-29T04:20:00Z,2026-09-12T23:23:23Z,310,7.0,9.0,1.9,8,6.3,305,1010.9,21.5,21.3,19.1,,,
2026-08-29T04:30:00Z,2026-09-12T23:23:23Z,310,7.0,8.0,,,,,1010.9,21.4,21.3,19.1,,,
2026-08-29T04:40:00Z,2026-09-12T23:23:23Z,310,7.0,9.0,,,,,1010.9,21.4,21.3,19.1,,,
2026-08-29T04:50:00Z,2026-09-12T23:23:23Z,310,7.0,9.0,1.9,8,6.1,307,1011.0,21.4,21.3,19.1,,,
2026-08-29T05:00:00Z,2026-09-12T23:23:23Z,310,8.0,9.0,,,,,1011.1,21.5,21.3,18.9,,+0.8,
2026-08-29T05:10:00Z,2026-09-12T23:23:23Z,300,8.0,10.0,1.9,,6.3,299,1011.2,21.4,21.3,18.7,,,
2026-08-29T05:20:00Z,2026-09-12T23:23:23Z,300,8.0,10.0,1.9,7,6.3,299,1011.1,21.4,21.3,18.7,,,
2026-08-29T05:30:00Z,2026-09-12T23:23:23Z,300,9.0,11.0,,,,,1011.1,21.4,21.3,18.7,,,
2026-08-29T05:40:00Z,2026-09-12T23:23:23Z,300,9.0,10.0,1.9,,6.1,308,1011.2,21.3,21.3,18.5,,,
2026-08-29T05:50:00Z,2026-09-12T23:23:23Z,310,9.0,11.0,1.9,7,6.1,308,1011.2,21.3,21.2,18.4,,,
2026-08-29T06:00:00Z,2026-09-12T23:23:23Z,310,8.0,10.0,,,,,1011.2,21.2,21.2,18.4,,+1.0,
2026-08-29T06:10:00Z,2026-09-12T23:23:23Z,300,8.0,10.0,2.0,,6.0,304,1011.2,21.2,21.2,18.4,,,
2026-08-29T06:20:00Z,2026-09-12T23:23:23Z,300,8.0,10.0,2.0,8,6.0,304,1011.3,21.2,21.2,18.3,,,
2026-08-29T06:30:00Z,2026-09-12T23:23:23Z,300,8.0,10.0,,,,,1011.4,21.2,21.2,18.3,,,
2026-08-29T06:40:00Z,2026-09-12T23:23:23Z,310,8.0,10.0,2.0,,5.9,302,1011.3,21.1,21.2,18.2,,,
2026-08-29T06:50:00Z,2026-09-12T23:23:23Z,310,9.0,11.0,2.0,8,5.9,302,1011.4,21.1,21.2,18.2,,,
2026-08-29T07:00:00Z,2026-09-12T23:23:23Z,300,9.0,11.0,,,,,1011.6,21.0,,18.1,,+0.7,
2026-08-29T07:10:00Z,2026-09-12T23:23:23Z,310,9.0,12.0,2.0,,5.9,297,1011.6,20.9,,18.0,,,
2026-08-29T07:20:00Z,2026-09-12T23:23:23Z,310,9.0,11.0,2.0,8,5.9,297,1011.5,20.9,,18.1,,,
2026-08-29T07:30:00Z,2026-09-12T23:23:23Z,310,10.0,11.0,,,,,1011.6,20.8,21.2,18.0,,,
2026-08-29T07:40:00Z,2026-09-12T23:23:23Z,310,9.0,11.0,,,,,1011.4,20.8,21.2,18.0,,,
2026-08-29T07:50:00Z,2026-09-12T23:23:23Z,310,9.0,11.0,2.0,8,6.0,306,1011.5,20.9,21.2,18.0,,,
2026-08-29T08:00:00Z,2026-09-12T23:23:23Z,310,9.0,11.0,,,,,1011.4,20.9,21.2,18.1,,+0.0,
2026-08-29T08:10:00Z,2026-09-12T23:23:23Z,310,9.0,11.0,,,,,1011.4,20.9,21.2,17.8,,,
2026-08-29T08:20:00Z,2026-09-12T23:23:23Z,310,8.0,10.0,2.1,8,5.9,307,1011.4,20.9,21.2,17.9,,,
2026-08-29T08:30:00Z,2026-09-12T23:23:23Z,310,9.0,10.0,,,,,1011.4,20.8,21.2,17.8,,,
2026-08-29T08:40:00Z,2026-09-12T23:23:23Z,310,9.0,11.0,,,,,1011.3,20.9,21.2,17.7,,,
2026-08-29T08:50:00Z,2026-09-12T23:23:23Z,310,9.0,10.0,1.9,8,5.7,309,1011.2,20.9,21.2,17.9,,,
2026-08-29T09:00:00Z,2026-09-12T23:23:23Z,310,9.0,11.0,,,,,1011.3,20.9,21.2,18.0,,+0.0,
2026-08-29T09:10:00Z,2026-09-12T23:23:23Z,310,10.0,11.0,,,,,1011.3,20.8,21.2,17.8,,,
2026-08-29T09:20:00Z,2026-09-12T23:23:23Z,310,9.0,12.0,1.9,8,5.6,299,1011.3,20.8,21.2,17.8,,,
2026-08-29T09:30:00Z,2026-09-12T23:23:23Z,310,9.0,12.0,,,,,1011.3,20.9,21.2,18.0,,,
2026-08-29T09:40:00Z,2026-09-12T23:23:23Z,310,10.0,11.0,2.0,,5.8,226,1011.2,20.8,21.2,17.7,,,
2026-08-29T09:50:00Z,2026-09-12T23:23:23Z,310,10.0,11.0,2.0,17,5.8,226,1011.2,20.8,21.3,17.8,,,
2026-08-29T10:00:00Z,2026-09-12T23:23:23Z,310,9.0,11.0,,,,,1011.3,20.8,21.3,17.9,,+0.0,
2026-08-29T10:10:00Z,2026-09-12T23:23:23Z,310,9.0,11.0,1.8,,5.8,310,1011.3,20.8,21.4,17.9,,,
2026-08-29T10:20:00Z,2026-09-12T23:23:23Z,310,9.0,11.0,1.8,8,5.8,310,1011.4,20.7,21.4,17.9,,,
2026-08-29T10:30:00Z,2026-09-12T23:23:23Z,310,9.0,10.0,,,,,1011.4,20.8,21.4,17.8,,,
2026-08-29T10:40:00Z,2026-09-12T23:23:23Z,310,9.0,11.0,1.9,,5.9,231,1011.4,20.8,21.4,17.8,,,
2026-08-29T10:50:00Z,2026-09-12T23:23:23Z,310,9.0,10.0,1.9,17,5.9,231,1011.5,20.8,21.5,17.9,,,
2026-08-29T11:00:00Z,2026-09-12T23:23:23Z,310,9.0,11.0,,,,,1011.6,20.8,21.5,17.8,,-0.0,
2026-08-29T11:10:00Z,2026-09-12T23:23:23Z,,,,2.0,17,,,,,,,,,
2026-08-29T11:20:00Z,2026-09-12T23:23:23Z,310,9.0,11.0,2.0,,6.0,223,1011.4,20.7,21.5,17.9,,,
2026-08-29T11:30:00Z,2026-09-12T23:23:23Z,310,10.0,12.0,,,,,1011.4,20.7,21.5,17.8,,,
2026-08-29T11:40:00Z,2026-09-12T23:23:23Z,310,9.0,11.0,1.8,,5.8,305,1011.6,20.8,21.5,18.0,,,
2026-08-29T11:50:00Z,2026-09-12T23:23:23Z,310,9.0,12.0,1.8,8,5.8,305,1011.4,20.7,21.5,17.9,,,
2026-08-29T12:00:00Z,2026-09-12T23:23:23Z,310,10.0,11.0,,,,,1011.5,20.7,21.5,17.8,,+0.0,
2026-08-29T12:10:00Z,2026-09-12T23:23:23Z,310,9.0,11.0,1.9,,5.8,185,1011.6,20.7,21.5,18.1,,,
2026-08-29T12:20:00Z,2026-09-12T23:23:23Z,310,10.0,12.0,1.9,17,5.8,185,1011.6,20.6,21.4,17.9,,,
2026-08-29T12:30:00Z,2026-09-12T23:23:23Z,310,10.0,11.0,,,,,1011.7,20.6,21.4,18.1,,,
2026-08-29T12:40:00Z,2026-09-12T23:23:23Z,,,,1.9,,5.8,191,1011.7,,,,,,
2026-08-29T12:50:00Z,2026-09-12T23:23:23Z,310,9.0,10.0,1.9,17,5.8,191,1011.8,20.5,,18.1,,,
2026-08-29T13:00:00Z,2026-09-12T23:23:23Z,310,10.0,11.0,1.9,,6.0,202,1011.8,20.5,21.3,17.9,,+0.6,
2026-08-29T13:10:00Z,2026-09-12T23:23:23Z,310,9.0,11.0,,,,,1011.7,20.5,21.4,17.9,,,
2026-08-29T13:20:00Z,2026-09-12T23:23:23Z,310,10.0,11.0,1.9,17,6.0,202,1011.9,20.5,21.4,17.9,,,
2026-08-29T13:30:00Z,2026-09-12T23:23:23Z,310,10.0,11.0,,,,,1011.9,20.5,21.4,18.1,,,
2026-08-29T13:40:00Z,2026-09-12T23:23:23Z,310,9.0,11.0,2.0,,6.1,215,1011.8,20.5,21.3,18.1,,,
2026-08-29T13:50:00Z,2026-09-12T23:23:23Z,320,10.0,12.0,2.0,17,6.1,215,1011.8,20.4,21.3,18.0,,,
2026-08-29T14:00:00Z,2026-09-12T23:23:23Z,320,10.0,11.0,,,,,1011.9,20.3,21.3,17.9,,+0.5,
2026-08-29T14:10:00Z,2026-09-12T23:23:23Z,320,9.0,11.0,2.0,,5.9,183,1012.0,20.4,21.2,18.0,,,
2026-08-29T14:20:00Z,2026-09-12T23:23:23Z,310,9.0,11.0,2.0,16,5.9,183,1012.2,20.4,21.2,18.2,,,
2026-08-29T14:30:00Z,2026-09-12T23:23:23Z,310,9.0,11.0,,,,,1012.3,20.3,21.2,18.1,,,
2026-08-29T14:40:00Z,2026-09-12T23:23:23Z,310,9.0,11.0,2.0,,6.1,206,1012.4,20.3,21.2,18.3,,,
2026-08-29T14:50:00Z,2026-09-12T23:23:23Z,310,9.0,11.0,2.0,17,6.1,206,1012.5,20.3,21.2,18.3,,,
2026-08-29T15:00:00Z,2026-09-12T23:23:23Z,320,9.0,11.0,,,,,1012.6,20.2,21.2,18.2,,+1.1,
2026-08-29T15:10:00Z,2026-09-12T23:23:23Z,310,9.0,11.0,2.0,,5.8,314,1012.5,20.2,21.2,18.2,,,
2026-08-29T15:20:00Z,2026-09-12T23:23:23Z,310,10.0,11.0,2.0,7,5.8,314,1012.6,20.1,21.1,18.2,,,
2026-08-29T15:30:00Z,2026-09-12T23:23:23Z,310,10.0,12.0,,,,,1012.5,20.1,21.1,18.3,,,
2026-08-29T15:40:00Z,2026-09-12T23:23:23Z,310,10.0,11.0,,,,,1012.5,20.1,21.0,18.4,,,
2026-08-29T15:50:00Z,2026-09-12T23:23:23Z,310,10.0,12.0,2.1,7,5.8,309,1012.6,20.0,21.0,18.4,,,
2026-08-29T16:00:00Z,2026-09-12T23:23:23Z,310,9.0,11.0,,,,,1012.6,20.0,21.0,18.4,,+0.8,
2026-08-29T16:10:00Z,2026-09-12T23:23:23Z,310,9.0,11.0,2.1,,5.9,311,1012.5,20.1,20.9,18.5,,,
2026-08-29T16:20:00Z,2026-09-12T23:23:23Z,310,9.0,11.0,2.1,8,5.9,311,1012.6,20.1,21.0,18.6,,,
2026-08-29T16:30:00Z,2026-09-12T23:23:23Z,310,9.0,11.0,,,,,1012.8,20.1,20.9,18.6,,,
2026-08-29T16:40:00Z,2026-09-12T23:23:23Z,310,10.0,12.0,2.1,,5.9,202,1012.8,20.0,20.9,18.6,,,
2026-08-29T16:50:00Z,2026-09-12T23:23:23Z,310,9.0,10.0,2.1,17,5.9,202,1012.9,20.0,20.9,18.6,,,
2026-08-29T17:00:00Z,2026-09-12T23:23:23Z,320,9.0,10.0,,,,,1012.9,19.9,20.9,18.4,,+0.9,
2026-08-29T17:10:00Z,2026-09-12T23:23:23Z,310,9.0,11.0,1.9,,5.8,226,1013.1,20.0,20.9,18.6,,,
2026-08-29T17:20:00Z,2026-09-12T23:23:23Z,310,9.0,10.0,1.9,16,5.8,226,1013.2,20.0,20.9,18.6,,,
2026-08-29T17:30:00Z,2026-09-12T23:23:23Z,310,9.0,11.0,,,,,1013.2,20.0,20.9,18.6,,,
2026-08-29T17:40:00Z,2026-09-12T23:23:23Z,310,9.0,12.0,2.1,,6.2,209,1013.2,20.0,20.9,18.5,,,
2026-08-29T17:50:00Z,2026-09-12T23:23:23Z,310,9.0,11.0,2.1,16,6.2,209,1013.4,19.9,20.9,18.4,,,
2026-08-29T18:00:00Z,2026-09-12T23:23:23Z,310,9.0,11.0,,,,,1013.4,19.9,20.9,18.4,,+0.8,
2026-08-29T18:10:00Z,2026-09-12T23:23:23Z,310,9.0,11.0,2.2,,6.3,307,1013.5,19.9,20.9,18.4,,,
2026-08-29T18:20:00Z,2026-09-12T23:23:23Z,310,9.0,11.0,2.2,8,6.3,307,1013.5,19.9,20.9,18.4,,,
2026-08-29T18:30:00Z,2026-09-12T23:23:23Z,310,9.0,11.0,,,,,1013.4,19.8,20.8,18.3,,,
2026-08-29T18:40:00Z,2026-09-12T23:23:23Z,310,10.0,12.0,2.3,,6.4,184,1013.3,19.9,20.9,18.4,,,
2026-08-29T18:50:00Z,2026-09-12T23:23:23Z,310,10.0,12.0,2.3,17,6.4,184,1013.3,19.9,20.9,18.3,,,
2026-08-29T19:00:00Z,2026-09-12T23:23:23Z,310,9.0,12.0,,,,,1013.3,19.9,20.9,18.3,,+0.6,
2026-08-29T19:10:00Z,2026-09-12T23:23:23Z,310,9.0,11.0,2.2,,6.2,230,1013.4,19.8,20.9,18.1,,,
2026-08-29T19:20:00Z,2026-09-12T23:23:23Z,310,9.0,11.0,2.2,16,6.2,230,1013.4,19.9,20.9,18.2,,,
2026-08-29T19:30:00Z,2026-09-12T23:23:23Z,310,9.0,11.0,,,,,1013.4,19.9,20.9,18.3,,,
2026-08-29T19:40:00Z,2026-09-12T23:23:23Z,310,9.0,11.0,2.2,,6.2,314,1013.3,19.9,21.0,18.2,,,
2026-08-29T19:50:00Z,2026-09-12T23:23:23Z,310,9.0,11.0,2.2,8,6.2,314,1013.1,19.9,21.0,18.2,,,
2026-08-29T20:00:00Z,2026-09-12T23:23:23Z,310,9.0,10.0,,,,,1013.0,19.9,21.0,18.2,,+0.0,
2026-08-29T20:10:00Z,2026-09-12T23:23:23Z,310,8.0,10.0,2.3,,6.4,310,1013.1,20.0,21.0,18.4,,,
2026-08-29T20:20:00Z,2026-09-12T23:23:23Z,310,8.0,10.0,2.3,8,6.4,310,1012.9,19.9,21.0,18.3,,,
2026-08-29T20:30:00Z,2026-09-12T23:23:23Z,300,8.0,10.0,,,,,1012.8,19.9,21.1,18.3,,,
2026-08-29T20:40:00Z,2026-09-12T23:23:23Z,310,9.0,10.0,,,,,1012.8,19.9,21.0,18.2,,,
2026-08-29T20:50:00Z,2026-09-12T23:23:23Z,310,9.0,11.0,2.1,8,6.2,312,1012.8,19.9,21.0,18.2,,,
2026-08-29T21:00:00Z,2026-09-12T23:23:23Z,310,9.0,11.0,,,,,1012.7,19.9,21.0,18.3,,-0.6,
2026-08-29T21:10:00Z,2026-09-12T23:23:23Z,310,9.0,11.0,2.3,,6.4,201,1012.7,19.8,21.0,18.1,,,
2026-08-29T21:20:00Z,2026-09-12T23:23:23Z,310,8.0,10.0,2.3,16,6.4,201,1012.8,19.9,21.0,18.2,,,
2026-08-29T21:30:00Z,2026-09-12T23:23:23Z,310,8.0,11.0,,,,,1012.6,19.9,21.0,18.2,,,
2026-08-29T21:40:00Z,2026-09-12T23:23:23Z,310,9.0,10.0,2.2,,6.2,310,1012.5,19.9,21.0,18.2,,,
2026-08-29T21:50:00Z,2026-09-12T23:23:23Z,310,9.0,11.0,2.2,8,6.2,310,1012.4,19.9,21.0,18.2,,,
2026-08-29T22:00:00Z,2026-09-12T23:23:23Z,300,9.0,11.0,,,,,1012.4,19.9,21.0,18.2,,-0.9,
2026-08-29T22:10:00Z,2026-09-12T23:23:23Z,310,9.0,11.0,2.4,,6.3,309,1012.4,19.9,21.0,18.2,,,
2026-08-29T22:20:00Z,2026-09-12T23:23:23Z,310,9.0,11.0,2.4,8,6.3,309,1012.2,19.9,21.1,18.1,,,
2026-08-29T22:30:00Z,2026-09-12T23:23:23Z,300,9.0,11.0,,,,,1012.0,19.9,21.1,18.1,,,
2026-08-29T22:40:00Z,2026-09-12T23:23:23Z,300,9.0,11.0,2.1,,6.1,187,1012.0,20.0,21.0,18.2,,,
2026-08-29T22:50:00Z,2026-09-12T23:23:23Z,300,8.0,10.0,2.1,16,6.1,187,1011.9,20.0,21.0,18.1,,,
2026-08-29T23:00:00Z,2026-09-12T23:23:23Z,310,9.0,11.0,,,,,1011.7,20.0,21.0,18.1,,-1.2,
2026-08-29T23:10:00Z,2026-09-12T23:23:23Z,310,10.0,12.0,2.2,,6.1,307,1011.6,20.0,21.0,18.0,,,
2026-08-29T23:20:00Z,2026-09-12T23:23:23Z,310,10.0,12.0,2.2,9,6.1,307,1011.6,20.1,21.1,18.1,,,
2026-08-29T23:30:00Z,2026-09-12T23:23:23Z,300,10.0,12.0,,,,,1011.4,20.0,21.1,18.0,,,
2026-08-29T23:40:00Z,2026-09-12T23:23:23Z,310,10.0,12.0,2.1,,5.9,306,1011.4,20.0,21.1,17.9,,,
2026-08-29T23:50:00Z,2026-09-12T23:23:23Z,310,10.0,13.0,2.1,8,5.9,306,1011.5,20.0,21.1,17.9,,,
2026-08-30T00:00:00Z,2026-09-12T23:23:23Z,310,11.0,12.0,,,,,1011.2,20.0,21.1,17.8,,-1.6,
2026-08-30T00:10:00Z,2026-09-12T23:23:23Z,310,10.0,12.0,2.1,,5.9,195,1011.2,20.0,21.1,17.9,,,
2026-08-30T00:20:00Z,2026-09-12T23:23:23Z,300,10.0,13.0,2.1,16,5.9,195,1011.2,20.1,21.1,18.1,,,
2026-08-30T00:30:00Z,2026-09-12T23:23:23Z,310,10.0,12.0,,,,,1011.2,20.0,21.0,17.9,,,
2026-08-30T00:40:00Z,2026-09-12T23:23:23Z,310,10.0,13.0,2.0,,5.6,296,1011.3,20.0,21.0,17.8,,,
2026-08-30T00:50:00Z,2026-09-12T23:23:23Z,300,10.0,12.0,2.0,9,5.6,296,1011.4,20.0,21.0,17.9,,,
2026-08-30T01:00:00Z,2026-09-12T23:23:23Z,300,10.0,12.0,,,,,1011.4,20.0,21.0,18.0,,-1.0,
2026-08-30T01:10:00Z,2026-09-12T23:23:23Z,310,10.0,13.0,2.0,,5.8,214,1011.3,20.0,21.0,17.8,,,
2026-08-30T01:20:00Z,2026-09-12T23:23:23Z,310,10.0,12.0,2.0,16,5.8,214,1011.3,20.0,21.0,17.9,,,
2026-08-30T01:30:00Z,2026-09-12T23:23:23Z,310,11.0,13.0,,,,,1011.2,20.0,21.0,17.9,,,
2026-08-30T01:40:00Z,2026-09-12T23:23:23Z,310,10.0,12.0,2.1,,5.9,238,1011.2,20.0,21.0,18.0,,,
2026-08-30T01:50:00Z,2026-09-12T23:23:23Z,310,10.0,12.0,2.1,16,5.9,238,1011.3,19.9,21.0,17.9,,,
2026-08-30T02:00:00Z,2026-09-12T23:23:23Z,300,9.0,11.0,,,,,1011.3,19.9,21.0,18.0,,-0.4,
2026-08-30T02:10:00Z,2026-09-12T23:23:23Z,300,9.0,11.0,2.2,,5.9,301,1011.3,19.9,21.0,17.9,,,
2026-08-30T02:20:00Z,2026-09-12T23:23:23Z,310,10.0,11.0,2.2,8,5.9,301,1011.2,19.9,21.0,18.0,,,
2026-08-30T02:30:00Z,2026-09-12T23:23:23Z,310,10.0,13.0,,,,,1011.3,19.9,21.0,17.7,,,
2026-08-30T02:40:00Z,2026-09-12T23:23:23Z,300,9.0,11.0,2.1,,5.7,313,1011.3,20.0,21.0,18.0,,,
2026-08-30T02:50:00Z,2026-09-12T23:23:23Z,300,9.0,11.0,2.1,8,5.7,313,1011.4,19.9,21.0,17.8,,,
2026-08-30T03:00:00Z,2026-09-12T23:23:23Z,300,10.0,12.0,,,,,1011.3,19.9,21.0,17.8,,+0.0,
2026-08-30T03:10:00Z,2026-09-12T23:23:23Z,310,10.0,12.0,2.4,,6.2,196,1011.4,19.9,20.9,17.7,,,
2026-08-30T03:20:00Z,2026-09-12T23:23:23Z,300,10.0,12.0,2.4,16,6.2,196,1011.4,19.9,21.0,17.7,,,
2026-08-30T03:30:00Z,2026-09-12T23:23:23Z,300,11.0,13.0,,,,,1011.5,19.8,21.1,17.4,,,
2026-08-30T03:40:00Z,2026-09-12T23:23:23Z,300,10.0,12.0,,,,,1011.5,19.9,21.1,17.6,,,
2026-08-30T03:50:00Z,2026-09-12T23:23:23Z,310,10.0,12.0,2.3,16,6.0,209,1011.5,19.9,21.1,17.5,,,
2026-08-30T04:00:00Z,2026-09-12T23:23:23Z,300,10.0,12.0,,,,,1011.5,20.0,21.1,17.6,,-0.0,
2026-08-30T04:10:00Z,2026-09-12T23:23:23Z,310,10.0,12.0,2.5,,6.6,216,1011.6,20.0,21.1,17.6,,,
2026-08-30T04:20:00Z,2026-09-12T23:23:23Z,310,10.0,12.0,2.5,16,6.6,216,1011.9,20.0,21.1,17.4,,,
2026-08-30T04:30:00Z,2026-09-12T23:23:23Z,310,10.0,12.0,,,,,1011.9,20.0,21.1,17.5,,,
2026-08-30T04:40:00Z,2026-09-12T23:23:23Z,310,9.0,12.0,2.4,,6.3,210,1012.0,20.0,21.1,17.6,,,
2026-08-30T04:50:00Z,2026-09-12T23:23:23Z,310,9.0,11.0,2.4,16,6.3,210,1012.2,19.9,21.1,17.3,,,
2026-08-30T05:00:00Z,2026-09-12T23:23:23Z,310,9.0,11.0,,,,,1012.1,20.0,21.1,17.6,,+0.8,
2026-08-30T05:10:00Z,2026-09-12T23:23:23Z,300,9.0,11.0,2.4,,6.3,310,1012.0,19.9,21.1,17.7,,,
2026-08-30T05:20:00Z,2026-09-12T23:23:23Z,300,9.0,11.0,2.4,8,6.3,310,1012.0,19.9,21.1,17.6,,,
2026-08-30T05:30:00Z,2026-09-12T23:23:23Z,300,10.0,12.0,,,,,1011.9,19.9,21.1,17.6,,,
2026-08-30T05:40:00Z,2026-09-12T23:23:23Z,300,10.0,12.0,2.5,,6.4,189,1012.0,19.9,21.1,17.6,,,
2026-08-30T05:50:00Z,2026-09-12T23:23:23Z,300,10.0,12.0,2.5,16,6.4,189,1012.0,19.9,21.1,17.7,,,
2026-08-30T06:00:00Z,2026-09-12T23:23:23Z,300,10.0,12.0,,,,,1011.9,19.8,21.1,17.5,,+0.6,
2026-08-30T06:10:00Z,2026-09-12T23:23:23Z,310,10.0,13.0,2.4,,6.1,307,1012.0,19.8,21.1,17.5,,,
2026-08-30T06:20:00Z,2026-09-12T23:23:23Z,310,10.0,12.0,2.4,8,6.1,307,1011.9,19.8,21.1,17.4,,,
2026-08-30T06:30:00Z,2026-09-12T23:23:23Z,310,10.0,13.0,,,,,1011.9,19.9,21.1,17.5,,,
2026-08-30T06:40:00Z,2026-09-12T23:23:23Z,310,10.0,13.0,2.5,,6.3,307,1011.9,19.9,21.1,17.5,,,
2026-08-30T06:50:00Z,2026-09-12T23:23:23Z,300,11.0,13.0,2.5,8,6.3,307,1011.9,19.9,21.1,17.4,,,
2026-08-30T07:00:00Z,2026-09-12T23:23:23Z,310,11.0,13.0,,,,,1011.9,19.9,21.1,17.3,,+0.4,
2026-08-30T07:10:00Z,2026-09-12T23:23:23Z,310,10.0,13.0,2.5,,6.2,308,1011.9,19.9,21.1,17.4,,,
2026-08-30T07:20:00Z,2026-09-12T23:23:23Z,310,10.0,13.0,2.5,8,6.2,308,1012.1,19.9,21.1,17.3,,,
2026-08-30T07:30:00Z,2026-09-12T23:23:23Z,300,10.0,12.0,,,,,1012.1,19.9,21.1,17.4,,,
2026-08-30T07:40:00Z,2026-09-12T23:23:23Z,300,10.0,12.0,2.3,,6.2,313,1011.9,19.9,21.1,17.2,,,
2026-08-30T07:50:00Z,2026-09-12T23:23:23Z,310,10.0,13.0,2.3,8,6.2,313,1011.9,19.9,21.1,17.2,,,
2026-08-30T08:00:00Z,2026-09-12T23:23:23Z,300,11.0,13.0,,,,,1011.8,19.9,21.1,17.2,,-0.4,
2026-08-30T08:10:00Z,2026-09-12T23:23:23Z,300,11.0,12.0,2.6,,6.4,313,1011.8,19.8,21.1,17.1,,,
2026-08-30T08:20:00Z,2026-09-12T23:23:23Z,300,10.0,12.0,2.6,8,6.4,313,1011.7,19.9,21.1,17.2,,,
2026-08-30T08:30:00Z,2026-09-12T23:23:23Z,300,10.0,12.0,,,,,1011.7,19.8,21.1,17.1,,,
2026-08-30T08:40:00Z,2026-09-12T23:23:23Z,300,10.0,12.0,2.5,,6.2,317,1011.7,19.9,21.1,17.1,,,
2026-08-30T08:50:00Z,2026-09-12T23:23:23Z,300,10.0,12.0,2.5,8,6.2,317,1011.9,19.9,21.1,17.2,,,
2026-08-30T09:00:00Z,2026-09-12T23:23:23Z,300,10.0,11.0,,,,,1011.8,19.9,21.1,17.2,,+0.0,
2026-08-30T09:10:00Z,2026-09-12T23:23:23Z,300,10.0,12.0,2.5,,5.9,313,1011.7,19.9,21.1,17.0,,,
2026-08-30T09:20:00Z,2026-09-12T23:23:23Z,300,10.0,12.0,2.5,8,5.9,313,1011.8,19.9,21.1,17.1,,,
2026-08-30T09:30:00Z,2026-09-12T23:23:23Z,300,10.0,12.0,,,,,1011.8,19.9,21.1,17.2,,,
2026-08-30T09:40:00Z,2026-09-12T23:23:23Z,300,10.0,12.0,2.5,,6.1,312,1011.6,19.9,21.1,17.5,,,
2026-08-30T09:50:00Z,2026-09-12T23:23:23Z,300,10.0,13.0,2.5,8,6.1,312,1011.7,19.8,21.1,17.3,,,
2026-08-30T10:00:00Z,2026-09-12T23:23:23Z,300,11.0,12.0,,,,,1011.6,19.7,21.1,17.2,,-0.5,
2026-08-30T10:10:00Z,2026-09-12T23:23:23Z,300,10.0,12.0,2.6,,6.4,303,1011.4,19.8,21.1,17.3,,,
2026-08-30T10:20:00Z,2026-09-12T23:23:23Z,300,10.0,12.0,2.6,8,6.4,303,1011.5,19.7,21.1,17.2,,,
2026-08-30T10:30:00Z,2026-09-12T23:23:23Z,300,10.0,13.0,,,,,1011.4,19.8,21.1,17.3,,,
2026-08-30T10:40:00Z,2026-09-12T23:23:23Z,300,11.0,14.0,,,,,1011.1,19.8,21.1,17.3,,,
2026-08-30T10:50:00Z,2026-09-12T23:23:23Z,300,11.0,14.0,2.5,15,6.3,226,1011.1,19.7,21.1,17.3,,,
2026-08-30T11:00:00Z,2026-09-12T23:23:23Z,300,11.0,13.0,,,,,1011.2,19.7,21.1,17.3,,-0.5,
2026-08-30T11:10:00Z,2026-09-12T23:23:23Z,300,11.0,13.0,2.4,,5.8,307,1011.3,19.7,,17.2,,,
2026-08-30T11:20:00Z,2026-09-12T23:23:23Z,300,11.0,13.0,2.4,8,5.8,307,1011.3,19.7,21.1,17.0,,,
2026-08-30T11:30:00Z,2026-09-12T23:23:23Z,310,11.0,13.0,,,,,1011.2,19.7,21.1,17.0,,,
2026-08-30T11:40:00Z,2026-09-12T23:23:23Z,310,11.0,14.0,2.2,,5.7,181,1011.3,19.7,21.1,17.0,,,
2026-08-30T11:50:00Z,2026-09-12T23:23:23Z,300,11.0,12.0,2.2,15,5.7,181,1011.4,19.6,21.1,16.9,,,
2026-08-30T12:00:00Z,2026-09-12T23:23:23Z,310,10.0,12.0,,,,,1011.5,19.6,21.1,17.0,,-0.0,
2026-08-30T12:10:00Z,2026-09-12T23:23:23Z,310,10.0,12.0,2.4,,6.0,304,1011.7,19.6,21.1,16.9,,,
2026-08-30T12:20:00Z,2026-09-12T23:23:23Z,310,10.0,12.0,2.4,8,6.0,304,1011.7,19.7,21.1,17.0,,,
2026-08-30T12:30:00Z,2026-09-12T23:23:23Z,310,10.0,11.0,,,,,1011.6,19.7,21.1,17.0,,,
2026-08-30T12:40:00Z,2026-09-12T23:23:23Z,310,10.0,12.0,,,,,1011.7,19.7,21.1,17.2,,,
2026-08-30T12:50:00Z,2026-09-12T23:23:23Z,310,10.0,12.0,2.2,16,5.8,241,1011.6,19.6,21.1,17.0,,,
2026-08-30T13:00:00Z,2026-09-12T23:23:23Z,310,10.0,12.0,,,,,1011.8,19.6,21.1,16.9,,+0.3,
2026-08-30T13:10:00Z,2026-09-12T23:23:23Z,310,10.0,12.0,2.3,,6.1,197,1011.9,19.6,21.1,16.9,,,
2026-08-30T13:20:00Z,2026-09-12T23:23:23Z,310,10.0,11.0,2.3,15,6.1,197,1011.9,19.6,21.1,16.9,,,
2026-08-30T13:30:00Z,2026-09-12T23:23:23Z,310,9.0,11.0,,,,,1012.0,19.7,21.1,17.0,,,
2026-08-30T13:40:00Z,2026-09-12T23:23:23Z,310,10.0,13.0,2.4,,6.1,196,1011.9,19.7,21.1,17.0,,,
2026-08-30T13:50:00Z,2026-09-12T23:23:23Z,310,10.0,12.0,2.4,16,6.1,196,1012.1,19.7,21.1,16.9,,,
2026-08-30T14:00:00Z,2026-09-12T23:23:23Z,310,10.0,12.0,,,,,1012.1,19.7,21.1,16.9,,+0.8,
2026-08-30T14:10:00Z,2026-09-12T23:23:23Z,310,10.0,11.0,2.4,,6.0,305,1012.2,19.7,21.1,16.8,,,
2026-08-30T14:20:00Z,2026-09-12T23:23:23Z,320,9.0,12.0,2.4,8,6.0,305,1012.3,19.7,21.1,16.9,,,
2026-08-30T14:30:00Z,2026-09-12T23:23:23Z,310,9.0,11.0,,,,,1012.4,19.6,21.1,16.8,,,
2026-08-30T14:40:00Z,2026-09-12T23:23:23Z,310,9.0,11.0,,,,,1012.3,19.6,21.1,16.9,,,
2026-08-30T14:50:00Z,2026-09-12T23:23:23Z,310,10.0,12.0,2.4,15,6.1,179,1012.4,19.7,21.1,17.3,,,
2026-08-30T15:00:00Z,2026-09-12T23:23:23Z,320,9.0,11.0,,,,,1012.6,19.6,21.1,17.1,,+1.0,
2026-08-30T15:10:00Z,2026-09-12T23:23:23Z,310,9.0,12.0,2.5,,6.3,305,1012.6,19.6,21.1,17.3,,,
2026-08-30T15:20:00Z,2026-09-12T23:23:23Z,310,9.0,12.0,2.5,8,6.3,305,1012.7,19.5,21.1,17.1,,,
2026-08-30T15:30:00Z,2026-09-12T23:23:23Z,310,9.0,11.0,,,,,1012.9,19.5,21.1,17.2,,,
2026-08-30T15:40:00Z,2026-09-12T23:23:23Z,310,9.0,11.0,2.4,,6.4,306,1012.8,19.4,21.1,17.1,,,
2026-08-30T15:50:00Z,2026-09-12T23:23:23Z,320,9.0,11.0,2.4,8,6.4,306,1012.8,19.4,21.1,17.1,,,
2026-08-30T16:00:00Z,2026-09-12T23:23:23Z,320,9.0,11.0,,,,,1012.9,19.4,21.1,17.2,,+1.2,
2026-08-30T16:10:00Z,2026-09-12T23:23:23Z,310,9.0,11.0,2.3,,6.2,308,1012.9,19.5,21.1,17.2,,,
2026-08-30T16:20:00Z,2026-09-12T23:23:23Z,320,9.0,12.0,2.3,8,6.2,308,1012.8,19.5,21.1,17.4,,,
2026-08-30T16:30:00Z,2026-09-12T23:23:23Z,310,10.0,12.0,,,,,1012.8,19.4,21.1,17.2,,,
2026-08-30T16:40:00Z,2026-09-12T23:23:23Z,310,10.0,11.0,,,,,1013.0,19.4,21.1,17.2,,,
2026-08-30T16:50:00Z,2026-09-12T23:23:23Z,310,10.0,12.0,2.4,8,6.2,306,1013.0,19.4,21.1,17.1,,,
2026-08-30T17:00:00Z,2026-09-12T23:23:23Z,310,10.0,12.0,,,,,1013.3,19.4,21.1,17.0,,+1.2,
2026-08-30T17:10:00Z,2026-09-12T23:23:23Z,310,10.0,11.0,2.4,,6.3,307,1013.1,19.4,,17.1,,,
2026-08-30T17:20:00Z,2026-09-12T23:23:23Z,310,10.0,12.0,2.4,8,6.3,307,1013.0,19.4,21.1,17.2,,,
2026-08-30T17:30:00Z,2026-09-12T23:23:23Z,310,10.0,12.0,,,,,1013.1,19.4,21.1,17.1,,,
2026-08-30T17:40:00Z,2026-09-12T23:23:23Z,320,10.0,12.0,2.4,,6.5,310,1013.2,19.4,21.1,17.1,,,
2026-08-30T17:50:00Z,2026-09-12T23:23:23Z,310,10.0,12.0,2.4,8,6.5,310,1013.4,19.4,21.1,17.1,,,
2026-08-30T18:00:00Z,2026-09-12T23:23:23Z,310,9.0,11.0,,,,,1013.6,19.4,21.2,17.1,,+1.0,
2026-08-30T18:10:00Z,2026-09-12T23:23:23Z,310,9.0,10.0,2.5,,6.2,300,1013.7,19.4,21.2,17.1,,,
2026-08-30T18:20:00Z,2026-09-12T23:23:23Z,310,9.0,10.0,2.5,8,6.2,300,1013.7,19.4,21.2,17.2,,,
2026-08-30T18:30:00Z,2026-09-12T23:23:23Z,320,9.0,11.0,,,,,1013.7,19.4,21.2,17.2,,,
2026-08-30T18:40:00Z,2026-09-12T23:23:23Z,310,9.0,11.0,2.4,,6.4,311,1013.6,19.5,21.2,17.3,,,
2026-08-30T18:50:00Z,2026-09-12T23:23:23Z,310,9.0,12.0,2.4,8,6.4,311,1014.5,19.4,,17.3,,,
2026-08-30T19:00:00Z,2026-09-12T23:23:23Z,310,9.0,11.0,,,,,1013.6,19.4,,17.4,,+0.6,
2026-08-30T19:10:00Z,2026-09-12T23:23:23Z,310,9.0,11.0,2.4,,6.2,313,1013.5,19.4,21.2,17.5,,,
2026-08-30T19:20:00Z,2026-09-12T23:23:23Z,310,9.0,11.0,2.4,8,6.2,313,1013.6,19.3,21.2,17.4,,,
2026-08-30T19:30:00Z,2026-09-12T23:23:23Z,300,9.0,11.0,,,,,1013.5,19.2,21.2,17.3,,,
2026-08-30T19:40:00Z,2026-09-12T23:23:23Z,300,9.0,11.0,,,,,1013.6,19.2,21.2,17.3,,,
2026-08-30T19:50:00Z,2026-09-12T23:23:23Z,300,9.0,11.0,2.3,8,6.2,315,1013.6,19.2,21.2,17.3,,,
2026-08-30T20:00:00Z,2026-09-12T23:23:23Z,300,9.0,11.0,,,,,1013.4,19.1,21.2,17.2,,+0.0,
2026-08-30T20:10:00Z,2026-09-12T23:23:23Z,310,9.0,11.0,2.4,,6.3,317,1013.4,19.2,21.2,17.3,,,
2026-08-30T20:20:00Z,2026-09-12T23:23:23Z,310,10.0,12.0,2.4,8,6.3,317,1013.4,19.0,21.2,17.1,,,
2026-08-30T20:30:00Z,2026-09-12T23:23:23Z,310,9.0,12.0,,,,,1013.4,19.1,21.2,17.3,,,
2026-08-30T20:40:00Z,2026-09-12T23:23:23Z,310,10.0,12.0,2.6,,6.6,318,1013.3,19.0,21.2,17.2,,,
2026-08-30T20:50:00Z,2026-09-12T23:23:23Z,310,10.0,12.0,2.6,8,6.6,318,1013.3,19.0,21.2,17.2,,,
2026-08-30T21:00:00Z,2026-09-12T23:23:23Z,300,10.0,12.0,,,,,1013.2,19.0,21.2,17.1,,-0.5,
2026-08-30T21:10:00Z,2026-09-12T23:23:23Z,310,11.0,13.0,2.5,,6.5,311,1013.0,18.9,21.2,17.0,,,
2026-08-30T21:20:00Z,2026-09-12T23:23:23Z,310,11.0,13.0,2.5,8,6.5,311,1012.8,19.0,21.2,17.1,,,
2026-08-30T21:30:00Z,2026-09-12T23:23:23Z,310,11.0,13.0,,,,,1012.8,19.0,21.2,17.2,,,
2026-08-30T21:40:00Z,2026-09-12T23:23:23Z,310,10.0,13.0,2.5,,6.3,315,1012.7,19.0,21.2,17.2,,,
2026-08-30T21:50:00Z,2026-09-12T23:23:23Z,310,11.0,12.0,2.5,8,6.3,315,1012.7,18.9,21.2,17.0,,,
2026-08-30T22:00:00Z,2026-09-12T23:23:23Z,310,11.0,13.0,,,,,1012.7,18.9,21.2,17.0,,-0.9,
2026-08-30T22:10:00Z,2026-09-12T23:23:23Z,310,11.0,13.0,2.6,,6.3,309,1012.6,18.9,21.2,17.0,,,
2026-08-30T22:20:00Z,2026-09-12T23:23:23Z,310,11.0,13.0,2.6,8,6.3,309,1012.5,18.9,21.2,17.0,,,
2026-08-30T22:30:00Z,2026-09-12T23:23:23Z,310,10.0,13.0,,,,,1012.4,18.9,21.2,17.1,,,
2026-08-30T22:40:00Z,2026-09-12T23:23:23Z,310,11.0,13.0,2.5,,6.1,309,1012.3,18.9,21.2,17.0,,,
2026-08-30T22:50:00Z,2026-09-12T23:23:23Z,310,11.0,13.0,2.5,8,6.1,309,1012.1,18.9,21.2,16.9,,,
2026-08-30T23:00:00Z,2026-09-12T23:23:23Z,310,11.0,14.0,,,,,1012.0,18.9,21.2,17.0,,-1.6,
2026-08-30T23:10:00Z,2026-09-12T23:23:23Z,310,11.0,14.0,2.5,,6.3,308,1011.9,18.9,21.2,17.0,,,
2026-08-30T23:40:00Z,2026-09-12T23:23:23Z,310,11.0,13.0,2.3,,5.9,311,1011.9,18.9,,17.0,,,
2026-08-30T23:50:00Z,2026-09-12T23:23:23Z,310,10.0,13.0,2.3,8,5.9,311,1011.9,19.0,21.1,17.1,,,
2026-08-31T00:00:00Z,2026-09-12T23:23:23Z,310,11.0,13.0,,,,,1012.0,18.9,21.1,17.0,,-1.2,
2026-08-31T00:10:00Z,2026-09-12T23:23:23Z,310,10.0,13.0,,,,,1012.0,18.9,21.1,17.0,,,
2026-08-31T00:20:00Z,2026-09-12T23:23:23Z,310,11.0,13.0,2.5,8,6.1,306,1012.0,18.9,21.1,17.0,,,
2026-08-31T00:30:00Z,2026-09-12T23:23:23Z,310,10.0,13.0,,,,,1012.0,19.0,21.1,17.1,,,
2026-08-31T00:40:00Z,2026-09-12T23:23:23Z,,,,2.6,,6.1,311,1011.9,,21.1,,,,
2026-08-31T00:50:00Z,2026-09-12T23:23:23Z,310,11.0,13.0,2.6,8,6.1,311,1011.8,19.0,21.1,17.2,,,
2026-08-31T01:00:00Z,2026-09-12T23:23:23Z,310,11.0,14.0,,,,,1011.8,19.0,21.1,17.1,,-0.9,
2026-08-31T01:10:00Z,2026-09-12T23:23:23Z,310,11.0,14.0,2.3,,5.8,306,1011.8,18.9,21.1,16.9,,,
2026-08-31T01:20:00Z,2026-09-12T23:23:23Z,300,11.0,13.0,2.3,8,5.8,306,1011.8,19.0,21.1,17.1,,,
2026-08-31T01:30:00Z,2026-09-12T23:23:23Z,300,11.0,13.0,,,,,1011.8,19.0,21.2,17.1,,,
2026-08-31T01:40:00Z,2026-09-12T23:23:23Z,300,11.0,13.0,2.4,,6.0,310,1011.7,19.0,21.2,17.1,,,
2026-08-31T01:50:00Z,2026-09-12T23:23:23Z,300,11.0,14.0,2.4,8,6.0,310,1011.6,18.9,21.2,16.9,,,
2026-08-31T02:00:00Z,2026-09-12T23:23:23Z,310,11.0,13.0,,,,,1011.5,18.9,21.2,17.2,,-0.3,
2026-08-31T02:10:00Z,2026-09-12T23:23:23Z,310,11.0,13.0,2.3,,6.0,311,1011.7,18.9,21.2,17.0,,,
2026-08-31T02:20:00Z,2026-09-12T23:23:23Z,310,11.0,12.0,2.3,8,6.0,311,1011.7,18.9,21.2,17.0,,,
2026-08-31T02:30:00Z,2026-09-12T23:23:23Z,310,10.0,13.0,,,,,1011.7,18.9,,17.1,,,
2026-08-31T02:40:00Z,2026-09-12T23:23:23Z,310,10.0,13.0,,,,,1011.8,18.9,21.2,17.0,,,
2026-08-31T02:50:00Z,2026-09-12T23:23:23Z,310,10.0,13.0,2.3,8,6.1,311,1011.8,18.9,21.2,17.0,,,
2026-08-31T03:00:00Z,2026-09-12T23:23:23Z,310,10.0,12.0,,,,,1012.0,18.9,21.2,17.0,,-0.0,
2026-08-31T03:10:00Z,2026-09-12T23:23:23Z,310,9.0,12.0,2.4,,6.0,306,1012.1,18.9,21.2,17.0,,,
2026-08-31T03:20:00Z,2026-09-12T23:23:23Z,310,9.0,11.0,2.4,8,6.0,306,1012.1,18.9,21.2,17.0,,,
2026-08-31T03:30:00Z,2026-09-12T23:23:23Z,300,10.0,12.0,,,,,1012.1,18.9,21.2,17.0,,,
2026-08-31T03:40:00Z,2026-09-12T23:23:23Z,310,10.0,12.0,2.3,,5.8,314,1012.2,18.9,21.2,17.0,,,
2026-08-31T03:50:00Z,2026-09-12T23:23:23Z,310,10.0,12.0,2.3,8,5.8,314,1012.1,18.9,21.2,17.0,,,
2026-08-31T04:00:00Z,2026-09-12T23:23:23Z,310,10.0,12.0,,,,,1012.3,19.0,21.2,17.1,,+0.5,
2026-08-31T04:10:00Z,2026-09-12T23:23:23Z,310,9.0,11.0,2.5,,6.1,308,1012.5,18.9,21.2,17.0,,,
2026-08-31T04:20:00Z,2026-09-12T23:23:23Z,310,9.0,12.0,2.5,8,6.1,308,1012.5,18.9,21.2,17.1,,,
2026-08-31T04:30:00Z,2026-09-12T23:23:23Z,310,10.0,12.0,,,,,1012.7,18.8,21.2,16.9,,,
2026-08-31T04:40:00Z,2026-09-12T23:23:23Z,,,,2.3,8,,,,,21.1,,,,
2026-08-31T04:50:00Z,2026-09-12T23:23:23Z,310,9.0,11.0,2.3,,6.1,316,1012.8,18.8,,16.8,,,
2026-08-31T05:00:00Z,2026-09-12T23:23:23Z,310,9.0,11.0,,,,,1012.8,18.8,21.1,16.8,,+1.3,
2026-08-31T05:10:00Z,2026-09-12T23:23:23Z,310,10.0,12.0,2.5,,6.2,317,1012.5,18.8,21.1,16.8,,,
2026-08-31T05:20:00Z,2026-09-12T23:23:23Z,310,10.0,12.0,2.5,7,6.2,317,1012.4,18.9,21.1,17.0,,,
2026-08-31T05:30:00Z,2026-09-12T23:23:23Z,310,10.0,12.0,,,,,1012.5,18.8,21.1,16.9,,,
2026-08-31T05:40:00Z,2026-09-12T23:23:23Z,310,10.0,12.0,2.5,,6.1,316,1012.6,18.8,21.1,16.9,,,
2026-08-31T05:50:00Z,2026-09-12T23:23:23Z,310,9.0,12.0,2.5,8,6.1,316,1012.8,18.8,21.1,17.0,,,
2026-08-31T06:00:00Z,2026-09-12T23:23:23Z,310,9.0,12.0,,,,,1012.7,18.6,21.1,16.8,,+0.9,
2026-08-31T06:10:00Z,2026-09-12T23:23:23Z,310,10.0,11.0,2.5,,6.3,312,1012.8,18.6,21.1,16.6,,,
2026-08-31T06:20:00Z,2026-09-12T23:23:23Z,310,10.0,12.0,2.5,8,6.3,312,1012.6,18.6,21.1,16.7,,,
2026-08-31T06:30:00Z,2026-09-12T23:23:23Z,310,10.0,13.0,,,,,1012.6,18.6,21.1,16.7,,,
2026-08-31T06:40:00Z,2026-09-12T23:23:23Z,310,9.0,11.0,,,,,1012.8,18.6,21.1,16.7,,,
2026-08-31T06:50:00Z,2026-09-12T23:23:23Z,310,9.0,12.0,2.4,8,6.1,306,1012.9,18.6,,16.6,,,
2026-08-31T07:00:00Z,2026-09-12T23:23:23Z,310,9.0,11.0,,,,,1012.9,18.5,,16.5,,+0.6,
2026-08-31T07:10:00Z,2026-09-12T23:23:23Z,310,9.0,11.0,2.5,,6.2,313,1012.9,18.5,,16.5,,,
2026-08-31T07:20:00Z,2026-09-12T23:23:23Z,310,9.0,11.0,2.5,8,6.2,313,1013.0,18.5,21.1,16.6,,,
2026-08-31T07:30:00Z,2026-09-12T23:23:23Z,310,9.0,11.0,,,,,1013.1,18.5,21.1,16.5,,,
2026-08-31T07:40:00Z,2026-09-12T23:23:23Z,310,9.0,11.0,2.4,,6.2,313,1013.0,18.4,21.0,16.4,,,
2026-08-31T07:50:00Z,2026-09-12T23:23:23Z,310,9.0,11.0,2.4,8,6.2,313,1013.1,18.4,21.0,16.4,,,
2026-08-31T08:00:00Z,2026-09-12T23:23:23Z,310,9.0,10.0,,,,,1013.1,18.5,21.0,16.5,,+0.0,
2026-08-31T08:10:00Z,2026-09-12T23:23:23Z,300,9.0,10.0,2.7,,6.3,323,1013.1,18.4,21.0,16.4,,,
2026-08-31T08:20:00Z,2026-09-12T23:23:23Z,300,9.0,11.0,2.7,8,6.3,323,1013.1,18.3,21.0,16.2,,,
2026-08-31T08:30:00Z,2026-09-12T23:23:23Z,310,8.0,11.0,,,,,1013.1,18.3,21.0,16.3,,,
2026-08-31T08:40:00Z,2026-09-12T23:23:23Z,300,9.0,10.0,2.6,,6.5,184,1013.0,18.3,21.0,16.3,,,
2026-08-31T08:50:00Z,2026-09-12T23:23:23Z,310,8.0,10.0,2.6,15,6.5,184,1013.1,18.3,21.0,16.2,,,
2026-08-31T09:00:00Z,2026-09-12T23:23:23Z,300,8.0,11.0,,,,,1013.0,18.3,21.0,16.2,,+0.0,
2026-08-31T09:10:00Z,2026-09-12T23:23:23Z,310,8.0,10.0,2.6,,6.5,318,1012.9,18.2,21.0,16.1,,,
2026-08-31T09:20:00Z,2026-09-12T23:23:23Z,310,8.0,10.0,2.6,8,6.5,318,1012.8,18.1,21.0,16.0,,,
2026-08-31T09:30:00Z,2026-09-12T23:23:23Z,310,9.0,10.0,,,,,1012.8,18.1,21.0,15.9,,,
2026-08-31T09:40:00Z,2026-09-12T23:23:23Z,310,8.0,10.0,2.4,,6.3,318,1012.7,18.1,21.0,16.0,,,
2026-08-31T09:50:00Z,2026-09-12T23:23:23Z,310,9.0,10.0,2.4,8,6.3,318,1012.8,18.2,21.0,16.1,,,
2026-08-31T10:00:00Z,2026-09-12T23:23:23Z,310,9.0,11.0,,,,,1012.8,18.1,21.0,16.0,,+0.0,
2026-08-31T10:10:00Z,2026-09-12T23:23:23Z,300,9.0,11.0,2.3,,6.2,313,1012.7,18.1,21.0,15.9,,,
2026-08-31T10:20:00Z,2026-09-12T23:23:23Z,300,9.0,11.0,2.3,8,6.2,313,1012.8,18.1,,15.9,,,
2026-08-31T10:30:00Z,2026-09-12T23:23:23Z,300,9.0,12.0,,,,,1012.7,18.0,21.0,15.9,,,
2026-08-31T10:40:00Z,2026-09-12T23:23:23Z,300,9.0,11.0,,,,,1012.9,18.0,21.0,15.9,,,
2026-08-31T10:50:00Z,2026-09-12T23:23:23Z,300,9.0,12.0,2.5,8,6.2,313,1012.8,18.0,21.0,15.9,,,
2026-08-31T11:00:00Z,2026-09-12T23:23:23Z,300,9.0,11.0,,,,,1012.8,18.0,21.0,15.9,,-0.3,
2026-08-31T11:10:00Z,2026-09-12T23:23:23Z,300,9.0,12.0,2.2,,6.0,306,1012.7,18.0,21.0,15.9,,,
2026-08-31T11:20:00Z,2026-09-12T23:23:23Z,310,10.0,12.0,2.2,8,6.0,306,1012.7,17.9,21.0,15.7,,,
2026-08-31T11:30:00Z,2026-09-12T23:23:23Z,310,9.0,12.0,,,,,1012.7,17.9,21.0,15.7,,,
2026-08-31T11:40:00Z,2026-09-12T23:23:23Z,300,10.0,12.0,2.3,,6.1,312,1012.5,17.9,21.0,15.7,,,
2026-08-31T11:50:00Z,2026-09-12T23:23:23Z,300,10.0,12.0,2.3,8,6.1,312,1012.5,17.9,21.0,15.8,,,
2026-08-31T12:00:00Z,2026-09-12T23:23:23Z,310,10.0,12.0,,,,,1012.6,17.9,21.0,15.8,,-0.4,
2026-08-31T12:10:00Z,2026-09-12T23:23:23Z,310,9.0,11.0,2.2,,5.9,307,1012.5,17.8,21.0,15.8,,,
2026-08-31T12:20:00Z,2026-09-12T23:23:23Z,310,10.0,12.0,2.2,8,5.9,307,1012.5,17.8,21.0,15.7,,,
2026-08-31T12:30:00Z,2026-09-12T23:23:23Z,310,9.0,11.0,,,,,1012.4,17.8,,15.7,,,
2026-08-31T12:40:00Z,2026-09-12T23:23:23Z,310,10.0,12.0,2.2,,6.0,303,1012.5,17.8,,15.6,,,
2026-08-31T12:50:00Z,2026-09-12T23:23:23Z,310,9.0,11.0,2.2,8,6.0,303,1012.5,17.8,21.0,15.6,,,
2026-08-31T13:00:00Z,2026-09-12T23:23:23Z,310,9.0,11.0,,,,,1012.4,17.9,21.0,15.8,,-0.3,
2026-08-31T13:10:00Z,2026-09-12T23:23:23Z,320,10.0,13.0,2.2,,6.1,306,1012.6,17.8,21.0,15.6,,,
2026-08-31T13:20:00Z,2026-09-12T23:23:23Z,310,9.0,11.0,2.2,8,6.1,306,1012.7,17.8,21.0,15.5,,,
2026-08-31T13:30:00Z,2026-09-12T23:23:23Z,310,9.0,11.0,,,,,1012.7,17.9,21.0,15.6,,,
2026-08-31T13:40:00Z,2026-09-12T23:23:23Z,310,9.0,11.0,2.1,,6.0,309,1013.0,17.9,21.0,15.7,,,
2026-08-31T13:50:00Z,2026-09-12T23:23:23Z,310,9.0,11.0,2.1,8,6.0,309,1013.2,17.8,21.0,15.5,,,
2026-08-31T14:00:00Z,2026-09-12T23:23:23Z,310,8.0,10.0,,,,,1013.4,18.0,21.0,15.7,,+0.6,
2026-08-31T14:10:00Z,2026-09-12T23:23:23Z,310,8.0,10.0,2.1,,6.2,302,1013.4,17.9,21.0,15.6,,,
2026-08-31T14:20:00Z,2026-09-12T23:23:23Z,310,8.0,10.0,2.1,8,6.2,302,1013.5,17.9,21.0,15.7,,,
2026-08-31T14:30:00Z,2026-09-12T23:23:23Z,310,9.0,11.0,,,,,1013.7,18.0,21.0,15.9,,,
2026-08-31T14:40:00Z,2026-09-12T23:23:23Z,320,8.0,10.0,,,,,1013.7,17.9,21.0,15.6,,,
2026-08-31T14:50:00Z,2026-09-12T23:23:23Z,320,9.0,11.0,2.1,7,6.1,311,1013.7,18.0,21.0,15.7,,,
2026-08-31T15:00:00Z,2026-09-12T23:23:23Z,310,8.0,11.0,,,,,1013.9,17.9,21.0,15.5,,+1.3,
2026-08-31T15:10:00Z,2026-09-12T23:23:23Z,310,8.0,10.0,2.0,,6.1,174,1013.9,17.8,21.0,15.4,,,
2026-08-31T15:20:00Z,2026-09-12T23:23:23Z,320,8.0,10.0,2.0,13,6.1,174,1014.0,17.8,21.0,15.2,,,
2026-08-31T15:30:00Z,2026-09-12T23:23:23Z,310,8.0,11.0,,,,,1014.0,18.0,21.0,15.7,,,
2026-08-31T15:40:00Z,2026-09-12T23:23:23Z,310,8.0,10.0,2.1,,6.1,305,1014.1,17.9,21.0,15.6,,,
2026-08-31T15:50:00Z,2026-09-12T23:23:23Z,310,8.0,10.0,2.1,8,6.1,305,1014.1,17.9,21.0,15.5,,,
2026-08-31T16:00:00Z,2026-09-12T23:23:23Z,320,8.0,10.0,,,,,1014.2,17.8,21.0,15.2,,+1.7,
2026-08-31T16:10:00Z,2026-09-12T23:23:23Z,320,7.0,9.0,,,,,1014.3,17.8,21.0,15.2,,,
2026-08-31T16:20:00Z,2026-09-12T23:23:23Z,320,8.0,10.0,2.0,12,6.2,169,1014.4,17.9,21.0,15.4,,,
2026-08-31T16:30:00Z,2026-09-12T23:23:23Z,320,7.0,9.0,,,,,1014.4,17.9,21.0,15.2,,,
2026-08-31T16:40:00Z,2026-09-12T23:23:23Z,320,7.0,8.0,1.8,,6.0,310,1014.6,18.0,21.0,15.3,,,
2026-08-31T16:50:00Z,2026-09-12T23:23:23Z,320,6.0,9.0,1.8,7,6.0,310,1014.7,18.0,21.0,15.3,,,
2026-08-31T17:00:00Z,2026-09-12T23:23:23Z,320,7.0,9.0,,,,,1014.8,17.9,21.0,15.1,,+1.4,
2026-08-31T17:10:00Z,2026-09-12T23:23:23Z,320,7.0,9.0,1.9,,6.2,163,1014.9,18.1,21.0,15.3,,,
2026-08-31T17:20:00Z,2026-09-12T23:23:23Z,320,7.0,9.0,1.9,12,6.2,163,1015.0,17.9,21.0,15.0,,,
2026-08-31T17:30:00Z,2026-09-12T23:23:23Z,320,7.0,9.0,,,,,1015.0,18.0,21.0,15.0,,,
2026-08-31T17:40:00Z,2026-09-12T23:23:23Z,310,8.0,10.0,,,,,1015.0,18.0,21.0,15.0,,,
2026-08-31T17:50:00Z,2026-09-12T23:23:23Z,320,7.0,9.0,1.9,12,6.6,158,1015.0,18.1,21.1,15.2,,,
2026-08-31T18:00:00Z,2026-09-12T23:23:23Z,310,8.0,9.0,,,,,1015.1,18.1,21.1,15.2,,+1.2,
2026-08-31T18:10:00Z,2026-09-12T23:23:23Z,310,8.0,10.0,1.9,,6.3,157,1015.2,18.1,21.1,15.1,,,
2026-08-31T18:20:00Z,2026-09-12T23:23:23Z,310,7.0,9.0,1.9,11,6.3,157,1015.2,18.1,21.1,15.1,,,
2026-08-31T18:30:00Z,2026-09-12T23:23:23Z,310,7.0,9.0,,,,,1015.2,18.1,21.1,15.1,,,
2026-08-31T18:40:00Z,2026-09-12T23:23:23Z,,,,1.9,,6.3,164,1015.3,,21.1,,,,
2026-08-31T18:50:00Z,2026-09-12T23:23:23Z,310,8.0,9.0,1.9,12,6.3,164,1015.3,18.0,21.1,14.8,,,
2026-08-31T19:00:00Z,2026-09-12T23:23:23Z,,,,,,,,1015.3,,21.1,,,+1.1,
2026-08-31T19:10:00Z,2026-09-12T23:23:23Z,300,8.0,9.0,2.1,,6.5,161,1015.2,18.1,21.1,15.1,,,
2026-08-31T19:20:00Z,2026-09-12T23:23:23Z,300,7.0,9.0,2.1,11,6.5,161,1015.3,18.2,21.1,15.1,,,
2026-08-31T19:30:00Z,2026-09-12T23:23:23Z,310,7.0,9.0,,,,,1015.3,18.2,21.1,15.2,,,
2026-08-31T19:40:00Z,2026-09-12T23:23:23Z,310,7.0,9.0,1.9,,6.4,157,1015.1,18.2,21.1,15.1,,,
2026-08-31T19:50:00Z,2026-09-12T23:23:23Z,310,7.0,9.0,1.9,10,6.4,157,1015.0,18.3,21.1,15.4,,,
2026-08-31T20:00:00Z,2026-09-12T23:23:23Z,300,7.0,9.0,,,,,1015.0,18.2,21.1,15.0,,+0.0,
2026-08-31T20:10:00Z,2026-09-12T23:23:23Z,300,7.0,9.0,2.0,,6.1,148,1014.9,18.2,21.1,15.0,,,
2026-08-31T20:20:00Z,2026-09-12T23:23:23Z,310,7.0,9.0,2.0,11,6.1,148,1014.9,18.2,21.1,15.0,,,
2026-08-31T20:30:00Z,2026-09-12T23:23:23Z,310,8.0,10.0,,,,,1014.8,18.3,21.1,15.2,,,
2026-08-31T20:40:00Z,2026-09-12T23:23:23Z,310,8.0,9.0,2.0,,6.4,157,1014.8,18.2,21.1,15.0,,,
2026-08-31T20:50:00Z,2026-09-12T23:23:23Z,310,8.0,10.0,2.0,11,6.4,157,1014.5,18.2,21.1,15.0,,,
2026-08-31T21:00:00Z,2026-09-12T23:23:23Z,310,8.0,10.0,,,,,1014.4,18.2,21.0,15.0,,-0.8,
2026-08-31T21:10:00Z,2026-09-12T23:23:23Z,310,8.0,9.0,,,,,1014.2,18.2,21.1,15.1,,,
2026-08-31T21:20:00Z,2026-09-12T23:23:23Z,310,8.0,10.0,2.0,12,6.3,171,1014.1,18.2,21.1,15.1,,,
2026-08-31T21:30:00Z,2026-09-12T23:23:23Z,310,8.0,11.0,,,,,1014.1,18.3,21.0,15.2,,,
2026-08-31T21:40:00Z,2026-09-12T23:23:23Z,300,8.0,11.0,2.1,,6.3,156,1014.0,18.4,21.0,15.4,,,
2026-08-31T21:50:00Z,2026-09-12T23:23:23Z,310,8.0,10.0,2.1,11,6.3,156,1014.0,18.3,21.0,15.2,,,
2026-08-31T22:00:00Z,2026-09-12T23:23:23Z,300,8.0,10.0,,,,,1013.9,18.3,,15.2,,-1.4,
2026-08-31T22:10:00Z,2026-09-12T23:23:23Z,300,8.0,11.0,1.9,,6.3,174,1013.9,18.5,20.9,15.4,,,
2026-08-31T22:20:00Z,2026-09-12T23:23:23Z,300,8.0,10.0,1.9,11,6.3,174,1014.1,18.4,20.9,15.3,,,
2026-08-31T22:30:00Z,2026-09-12T23:23:23Z,310,7.0,9.0,,,,,1014.2,18.4,20.9,15.3,,,
2026-08-31T22:40:00Z,2026-09-12T23:23:23Z,300,6.0,9.0,2.0,,6.2,168,1014.2,18.4,20.9,15.2,,,
2026-08-31T23:40:00Z,2026-09-12T23:23:23Z,310,7.0,9.0,1.9,,6.4,162,1013.7,18.5,20.9,15.3,,,
2026-08-31T23:50:00Z,2026-09-12T23:23:23Z,310,7.0,10.0,1.9,11,6.4,162,1013.7,18.5,20.9,15.3,,,
2026-09-01T00:00:00Z,2026-09-12T23:23:23Z,310,7.0,9.0,,,,,1013.6,18.6,20.9,15.5,,-0.6,
2026-09-01T00:10:00Z,2026-09-12T23:23:23Z,310,7.0,10.0,1.8,,6.1,173,1013.5,18.5,20.9,15.5,,,
2026-09-01T00:20:00Z,2026-09-12T23:23:23Z,310,7.0,9.0,1.8,11,6.1,173,1013.5,18.5,20.9,15.4,,,
2026-09-01T00:30:00Z,2026-09-12T23:23:23Z,310,7.0,9.0,,,,,1013.5,18.6,20.9,15.5,,,
2026-09-01T00:40:00Z,2026-09-12T23:23:23Z,300,8.0,10.0,1.9,,6.3,158,1013.4,18.5,20.9,15.3,,,
2026-09-01T00:50:00Z,2026-09-12T23:23:23Z,300,8.0,11.0,1.9,11,6.3,158,1013.3,18.5,20.9,15.3,,,
2026-09-01T01:00:00Z,2026-09-12T23:23:23Z,300,9.0,11.0,,,,,1013.3,18.6,20.9,15.6,,-0.6,
2026-09-01T01:10:00Z,2026-09-12T23:23:23Z,300,9.0,11.0,,,,,1013.2,18.6,20.9,15.5,,,
2026-09-01T01:20:00Z,2026-09-12T23:23:23Z,300,9.0,11.0,1.7,11,6.0,169,1013.1,18.6,20.9,15.6,,,
2026-09-01T01:30:00Z,2026-09-12T23:23:23Z,300,8.0,10.0,,,,,1013.1,18.6,20.9,15.7,,,
2026-09-01T01:40:00Z,2026-09-12T23:23:23Z,300,9.0,10.0,1.7,,6.1,160,1013.1,18.5,20.9,15.6,,,
2026-09-01T01:50:00Z,2026-09-12T23:23:23Z,300,8.0,9.0,1.7,10,6.1,160,1013.4,18.5,20.9,15.6,,,
2026-09-01T02:00:00Z,2026-09-12T23:23:23Z,300,7.0,9.0,,,,,1013.3,18.4,20.9,15.4,,-0.7,
2026-09-01T02:10:00Z,2026-09-12T23:23:23Z,300,7.0,9.0,1.8,,6.0,156,1013.4,18.4,20.9,15.4,,,
2026-09-01T02:20:00Z,2026-09-12T23:23:23Z,300,8.0,9.0,1.8,11,6.0,156,1013.3,18.4,20.9,15.5,,,
2026-09-01T02:30:00Z,2026-09-12T23:23:23Z,310,8.0,10.0,,,,,1013.2,18.4,20.9,15.6,,,
2026-09-01T02:40:00Z,2026-09-12T23:23:23Z,310,8.0,10.0,1.7,,5.8,232,1013.2,18.4,20.9,15.5,,,
2026-09-01T02:50:00Z,2026-09-12T23:23:23Z,300,8.0,10.0,1.7,9,5.8,232,1013.4,18.3,20.9,15.5,,,
2026-09-01T03:00:00Z,2026-09-12T23:23:23Z,300,8.0,9.0,,,,,1013.6,18.4,20.9,15.6,,-0.0,
2026-09-01T03:10:00Z,2026-09-12T23:23:23Z,310,8.0,9.0,1.6,,5.8,156,1013.6,18.4,21.0,15.6,,,
2026-09-01T03:20:00Z,2026-09-12T23:23:23Z,300,8.0,10.0,1.6,11,5.8,156,1013.6,18.3,21.0,15.5,,,
2026-09-01T03:30:00Z,2026-09-12T23:23:23Z,310,8.0,11.0,,,,,1013.5,18.4,21.0,15.5,,,
2026-09-01T03:40:00Z,2026-09-12T23:23:23Z,310,9.0,11.0,1.6,,5.7,158,1013.6,18.3,21.0,15.4,,,
2026-09-01T03:50:00Z,2026-09-12T23:23:23Z,310,8.0,10.0,1.6,11,5.7,158,1013.7,18.3,21.0,15.4,,,
2026-09-01T04:00:00Z,2026-09-12T23:23:23Z,310,8.0,10.0,,,,,1013.9,18.4,21.0,15.6,,+0.6,
2026-09-01T04:10:00Z,2026-09-12T23:23:23Z,310,8.0,11.0,1.7,,6.2,156,1014.1,18.4,21.0,15.7,,,
2026-09-01T04:20:00Z,2026-09-12T23:23:23Z,310,8.0,10.0,1.7,11,6.2,156,1014.2,18.3,21.0,15.4,,,
2026-09-01T04:30:00Z,2026-09-12T23:23:23Z,310,8.0,10.0,,,,,1014.2,18.3,21.0,15.5,,,
2026-09-01T04:40:00Z,2026-09-12T23:23:23Z,310,8.0,10.0,,,,,1014.3,18.4,21.0,15.5,,,
2026-09-01T04:50:00Z,2026-09-12T23:23:23Z,310,8.0,10.0,1.7,11,5.7,153,1014.4,18.4,21.0,15.5,,,
2026-09-01T05:00:00Z,2026-09-12T23:23:23Z,300,8.0,10.0,,,,,1014.7,18.3,21.0,15.3,,+1.3,
2026-09-01T05:10:00Z,2026-09-12T23:23:23Z,310,8.0,11.0,1.7,,5.5,155,1014.8,18.3,21.0,15.2,,,
2026-09-01T05:20:00Z,2026-09-12T23:23:23Z,310,8.0,10.0,1.7,11,5.5,155,1014.8,18.3,20.9,15.2,,,
2026-09-01T05:30:00Z,2026-09-12T23:23:23Z,310,8.0,10.0,,,,,1014.8,18.3,20.9,15.2,,,
2026-09-01T05:40:00Z,2026-09-12T23:23:23Z,310,8.0,11.0,1.6,,5.5,161,1014.6,18.3,20.9,15.3,,,
2026-09-01T05:50:00Z,2026-09-12T23:23:23Z,310,7.0,10.0,1.6,11,5.5,161,1014.7,18.3,20.9,15.4,,,
2026-09-01T06:00:00Z,2026-09-12T23:23:23Z,300,7.0,9.0,,,,,1014.7,18.3,20.9,15.3,,+1.1,
2026-09-01T06:10:00Z,2026-09-12T23:23:23Z,310,8.0,10.0,1.7,,5.8,157,1014.5,18.3,20.9,15.2,,,
2026-09-01T06:20:00Z,2026-09-12T23:23:23Z,310,8.0,10.0,1.7,11,5.8,157,1014.5,18.2,20.9,15.1,,,
2026-09-01T06:30:00Z,2026-09-12T23:23:23Z,310,8.0,10.0,,,,,1014.6,18.2,20.9,15.1,,,
2026-09-01T06:40:00Z,2026-09-12T23:23:23Z,310,8.0,10.0,1.7,,5.6,295,1014.7,18.3,,15.3,,,
2026-09-01T06:50:00Z,2026-09-12T23:23:23Z,,,,1.7,,5.6,295,1014.8,,20.9,,,,
2026-09-01T07:00:00Z,2026-09-12T23:23:23Z,310,8.0,9.0,,,,,1014.8,18.2,,15.1,,+1.0,
2026-09-01T07:10:00Z,2026-09-12T23:23:23Z,310,8.0,10.0,1.7,,5.8,159,1014.8,18.2,20.9,15.1,,,
2026-09-01T07:20:00Z,2026-09-12T23:23:23Z,310,7.0,9.0,1.7,11,5.8,159,1014.8,18.2,20.9,15.1,,,
2026-09-01T07:30:00Z,2026-09-12T23:23:23Z,310,8.0,10.0,,,,,1014.8,18.1,20.9,14.8,,,
2026-09-01T07:40:00Z,2026-09-12T23:23:23Z,310,7.0,9.0,,,,,1014.9,18.2,20.9,15.0,,,
2026-09-01T07:50:00Z,2026-09-12T23:23:23Z,320,8.0,10.0,1.9,11,6.0,159,1015.0,18.1,20.9,14.9,,,
2026-09-01T08:00:00Z,2026-09-12T23:23:23Z,310,7.0,10.0,,,,,1015.1,18.1,20.9,14.8,,+0.4,
2026-09-01T08:10:00Z,2026-09-12T23:23:23Z,310,7.0,9.0,,,,,1015.0,18.1,20.9,14.7,,,
2026-09-01T08:20:00Z,2026-09-12T23:23:23Z,320,7.0,9.0,1.7,9,6.1,282,1015.0,18.1,20.8,14.7,,,
2026-09-01T08:30:00Z,2026-09-12T23:23:23Z,320,7.0,9.0,,,,,1015.1,18.1,20.8,14.8,,,
2026-09-01T08:40:00Z,2026-09-12T23:23:23Z,310,7.0,9.0,1.8,,5.9,151,1015.1,18.1,20.8,14.8,,,
2026-09-01T08:50:00Z,2026-09-12T23:23:23Z,310,7.0,10.0,1.8,11,5.9,151,1015.1,18.1,20.9,14.7,,,
2026-09-01T09:00:00Z,2026-09-12T23:23:23Z,310,7.0,9.0,,,,,1014.9,18.0,20.8,14.5,,+0.3,
2026-09-01T09:10:00Z,2026-09-12T23:23:23Z,320,7.0,9.0,,,,,1014.9,18.1,20.8,14.6,,,
2026-09-01T09:20:00Z,2026-09-12T23:23:23Z,320,7.0,9.0,1.7,11,5.8,151,1014.9,17.9,20.8,14.4,,,
2026-09-01T09:30:00Z,2026-09-12T23:23:23Z,320,7.0,9.0,,,,,1014.9,17.9,20.8,14.4,,,
2026-09-01T09:40:00Z,2026-09-12T23:23:23Z,320,7.0,10.0,1.7,,5.9,308,1014.8,18.0,20.8,14.6,,,
2026-09-01T09:50:00Z,2026-09-12T23:23:23Z,320,7.0,9.0,1.7,8,5.9,308,1015.0,18.0,20.8,14.5,,,
2026-09-01T10:00:00Z,2026-09-12T23:23:23Z,310,7.0,9.0,,,,,1014.9,17.9,20.8,14.2,,+0.0,
2026-09-01T10:10:00Z,2026-09-12T23:23:23Z,320,6.0,8.0,1.7,,5.9,156,1014.7,17.9,20.8,14.2,,,
2026-09-01T10:20:00Z,2026-09-12T23:23:23Z,310,7.0,9.0,1.7,10,5.9,156,1014.6,17.9,20.8,14.3,,,
2026-09-01T10:30:00Z,2026-09-12T23:23:23Z,310,7.0,8.0,,,,,1014.6,17.8,20.8,14.2,,,
2026-09-01T10:40:00Z,2026-09-12T23:23:23Z,,,,1.8,10,,,,,,,,,
2026-09-01T10:50:00Z,2026-09-12T23:23:23Z,320,7.0,9.0,1.8,,6.0,149,1014.5,17.8,20.8,14.2,,,
2026-09-01T11:00:00Z,2026-09-12T23:23:23Z,310,7.0,9.0,,,,,1014.4,17.8,20.8,14.2,,-0.6,
2026-09-01T11:10:00Z,2026-09-12T23:23:23Z,310,8.0,9.0,,,,,1014.5,17.7,20.8,14.1,,,
2026-09-01T11:20:00Z,2026-09-12T23:23:23Z,310,7.0,10.0,1.7,10,5.9,151,1014.5,17.8,20.8,14.4,,,
2026-09-01T11:30:00Z,2026-09-12T23:23:23Z,310,7.0,9.0,,,,,1014.4,17.8,20.8,14.3,,,
2026-09-01T11:40:00Z,2026-09-12T23:23:23Z,310,8.0,10.0,,,,,1014.3,17.7,20.8,14.1,,,
2026-09-01T11:50:00Z,2026-09-12T23:23:23Z,310,8.0,11.0,1.7,9,5.9,228,1014.3,17.8,20.7,14.3,,,
2026-09-01T12:00:00Z,2026-09-12T23:23:23Z,310,8.0,11.0,,,,,1014.3,17.7,20.7,14.1,,-0.8,
2026-09-01T12:10:00Z,2026-09-12T23:23:23Z,310,8.0,10.0,1.6,,5.5,151,1014.3,17.8,20.7,14.2,,,
2026-09-01T12:20:00Z,2026-09-12T23:23:23Z,310,8.0,11.0,1.6,10,5.5,151,1014.3,17.8,20.7,14.2,,,
2026-09-01T12:30:00Z,2026-09-12T23:23:23Z,310,9.0,11.0,,,,,1014.4,17.7,20.7,14.0,,,
2026-09-01T12:40:00Z,2026-09-12T23:23:23Z,310,8.0,10.0,1.6,,5.4,147,1014.6,17.8,20.7,14.2,,,
2026-09-01T12:50:00Z,2026-09-12T23:23:23Z,310,8.0,10.0,1.6,10,5.4,147,1014.6,17.8,,14.2,,,
2026-09-01T13:00:00Z,2026-09-12T23:23:23Z,320,8.0,11.0,,,,,1014.6,17.7,20.7,13.9,,-0.4,
2026-09-01T13:10:00Z,2026-09-12T23:23:23Z,310,9.0,11.0,,,,,1014.7,17.8,20.7,14.2,,,
2026-09-01T13:20:00Z,2026-09-12T23:23:23Z,320,8.0,10.0,1.5,10,5.5,164,1014.9,17.9,20.7,14.3,,,
2026-09-01T13:30:00Z,2026-09-12T23:23:23Z,320,8.0,10.0,,,,,1014.9,17.8,20.7,14.0,,,
2026-09-01T13:40:00Z,2026-09-12T23:23:23Z,310,8.0,10.0,1.5,,5.5,173,1014.9,17.8,20.7,14.0,,,
2026-09-01T13:50:00Z,2026-09-12T23:23:23Z,310,8.0,10.0,1.5,10,5.5,173,1015.0,17.8,20.7,14.1,,,
2026-09-01T14:00:00Z,2026-09-12T23:23:23Z,310,8.0,10.0,,,,,1015.1,17.9,20.7,14.3,,+0.6,
2026-09-01T14:10:00Z,2026-09-12T23:23:23Z,310,8.0,10.0,1.6,,5.6,153,1015.2,17.9,20.7,14.1,,,
2026-09-01T14:20:00Z,2026-09-12T23:23:23Z,310,8.0,10.0,1.6,10,5.6,153,1015.2,17.9,20.7,14.1,,,
2026-09-01T14:30:00Z,2026-09-12T23:23:23Z,320,8.0,10.0,,,,,1015.4,18.0,20.7,14.3,,,
2026-09-01T14:40:00Z,2026-09-12T23:23:23Z,320,8.0,10.0,1.5,,5.5,162,1015.6,17.9,20.7,14.1,,,
2026-09-01T14:50:00Z,2026-09-12T23:23:23Z,320,8.0,10.0,1.5,10,5.5,162,1015.8,17.9,20.7,14.2,,,
2026-09-01T15:00:00Z,2026-09-12T23:23:23Z,320,8.0,10.0,,,,,1015.8,17.8,20.7,14.0,,+1.6,
2026-09-01T15:10:00Z,2026-09-12T23:23:23Z,320,8.0,9.0,1.5,,5.6,167,1015.8,17.9,20.6,14.0,,,
2026-09-01T15:20:00Z,2026-09-12T23:23:23Z,320,8.0,9.0,1.5,9,5.6,167,1015.9,17.9,20.6,14.0,,,
2026-09-01T15:30:00Z,2026-09-12T23:23:23Z,320,7.0,9.0,,,,,1016.1,17.9,20.6,14.1,,,
2026-09-01T15:40:00Z,2026-09-12T23:23:23Z,320,7.0,9.0,1.5,,5.6,145,1016.1,17.9,20.6,14.0,,,
2026-09-01T15:50:00Z,2026-09-12T23:23:23Z,320,7.0,9.0,1.5,10,5.6,145,1016.1,17.8,20.6,13.8,,,
2026-09-01T16:00:00Z,2026-09-12T23:23:23Z,320,8.0,10.0,,,,,1016.1,17.9,20.6,13.8,,+1.6,
2026-09-01T16:10:00Z,2026-09-12T23:23:23Z,,,,1.6,10,,,,,20.6,,,,
2026-09-01T16:20:00Z,2026-09-12T23:23:23Z,320,8.0,9.0,1.6,,5.8,157,1016.0,17.9,,13.9,,,
2026-09-01T16:30:00Z,2026-09-12T23:23:23Z,320,7.0,9.0,,,,,1016.2,17.9,20.6,13.7,,,
2026-09-01T16:40:00Z,2026-09-12T23:23:23Z,320,7.0,10.0,,,,,1016.2,18.0,20.6,13.8,,,
2026-09-01T16:50:00Z,2026-09-12T23:23:23Z,320,7.0,9.0,1.5,9,5.5,286,1016.2,18.1,20.6,14.0,,,
2026-09-01T17:00:00Z,2026-09-12T23:23:23Z,320,7.0,9.0,,,,,1016.3,18.1,20.6,13.9,,+1.1,
2026-09-01T17:10:00Z,2026-09-12T23:23:23Z,320,7.0,9.0,1.5,,5.4,168,1016.3,18.1,20.6,13.9,,,
2026-09-01T17:20:00Z,2026-09-12T23:23:23Z,320,7.0,9.0,1.5,14,5.4,168,1016.4,18.1,20.6,14.0,,,
2026-09-01T17:30:00Z,2026-09-12T23:23:23Z,320,8.0,9.0,,,,,1016.6,18.1,20.6,13.9,,,
2026-09-01T17:40:00Z,2026-09-12T23:23:23Z,320,7.0,9.0,,,,,1016.7,18.1,20.6,13.9,,,
2026-09-01T17:50:00Z,2026-09-12T23:23:23Z,320,7.0,10.0,1.5,10,5.6,156,1016.7,18.1,20.6,13.8,,,
2026-09-01T18:00:00Z,2026-09-12T23:23:23Z,320,8.0,10.0,,,,,1016.9,18.2,20.6,13.9,,+1.0,
2026-09-01T18:10:00Z,2026-09-12T23:23:23Z,320,7.0,10.0,,,,,1016.9,18.2,20.7,13.9,,,
2026-09-01T18:20:00Z,2026-09-12T23:23:23Z,320,8.0,9.0,1.6,10,5.9,166,1017.0,18.3,20.7,14.0,,,
2026-09-01T18:30:00Z,2026-09-12T23:23:23Z,320,7.0,10.0,,,,,1017.0,18.3,20.7,13.8,,,
2026-09-01T18:40:00Z,2026-09-12T23:23:23Z,320,8.0,10.0,,,,,1017.0,18.3,20.7,13.8,,,
2026-09-01T18:50:00Z,2026-09-12T23:23:23Z,320,8.0,10.0,1.5,9,5.5,306,1016.8,18.4,20.7,14.2,,,
2026-09-01T19:00:00Z,2026-09-12T23:23:23Z,320,8.0,10.0,,,,,1016.7,18.4,20.7,14.2,,+0.6,
2026-09-01T19:10:00Z,2026-09-12T23:23:23Z,320,9.0,11.0,,,,,1016.6,18.4,20.7,14.0,,,
2026-09-01T19:20:00Z,2026-09-12T23:23:23Z,320,8.0,10.0,1.6,10,5.8,169,1016.6,18.5,20.7,14.2,,,
2026-09-01T19:30:00Z,2026-09-12T23:23:23Z,310,8.0,10.0,,,,,1016.6,18.5,20.7,14.2,,,
2026-09-01T19:40:00Z,2026-09-12T23:23:23Z,310,8.0,10.0,1.5,,5.6,351,1016.5,18.6,,14.4,,,
2026-09-01T19:50:00Z,2026-09-12T23:23:23Z,310,8.0,10.0,1.5,9,5.6,351,1016.5,18.6,20.7,14.2,,,
2026-09-01T20:00:00Z,2026-09-12T23:23:23Z,310,9.0,10.0,,,,,1016.4,18.7,20.7,14.3,,+0.3,
2026-09-01T20:10:00Z,2026-09-12T23:23:23Z,320,8.0,11.0,1.7,,5.6,318,1016.3,18.7,20.7,14.3,,,
2026-09-01T20:20:00Z,2026-09-12T23:23:23Z,320,8.0,10.0,1.7,6,5.6,318,1016.3,18.7,20.7,14.6,,,
2026-09-01T20:30:00Z,2026-09-12T23:23:23Z,320,8.0,10.0,,,,,1016.2,18.7,20.7,14.4,,,
2026-09-01T20:40:00Z,2026-09-12T23:23:23Z,310,8.0,11.0,1.7,,5.7,158,1016.2,18.6,20.7,13.9,,,
2026-09-01T20:50:00Z,2026-09-12T23:23:23Z,310,8.0,11.0,1.7,10,5.7,158,1016.2,18.7,,14.1,,,
2026-09-01T21:00:00Z,2026-09-12T23:23:23Z,320,8.0,11.0,,,,,1016.1,18.8,20.7,14.3,,-0.7,
2026-09-01T21:10:00Z,2026-09-12T23:23:23Z,320,8.0,10.0,1.6,,5.5,197,1015.9,18.9,20.7,14.6,,,
2026-09-01T21:20:00Z,2026-09-12T23:23:23Z,310,8.0,10.0,1.6,9,5.5,197,1016.0,18.8,20.7,14.3,,,
2026-09-01T21:30:00Z,2026-09-12T23:23:23Z,320,8.0,10.0,,,,,1016.1,18.9,20.7,14.5,,,
2026-09-01T21:40:00Z,2026-09-12T23:23:23Z,310,8.0,10.0,1.5,,5.3,167,1016.1,18.8,20.7,14.6,,,
2026-09-01T21:50:00Z,2026-09-12T23:23:23Z,310,9.0,10.0,1.5,10,5.3,167,1015.8,18.8,20.7,14.5,,,
2026-09-01T22:00:00Z,2026-09-12T23:23:23Z,320,8.0,10.0,,,,,1015.8,18.8,20.7,14.4,,-1.0,
2026-09-01T22:10:00Z,2026-09-12T23:23:23Z,310,9.0,11.0,1.5,,5.4,308,1015.7,18.9,20.8,14.3,,,
2026-09-01T22:20:00Z,2026-09-12T23:23:23Z,310,9.0,11.0,1.5,6,5.4,308,1015.7,18.9,20.8,14.6,,,
2026-09-01T22:30:00Z,2026-09-12T23:23:23Z,310,8.0,11.0,,,,,1015.7,18.9,20.8,14.7,,,
2026-09-01T22:40:00Z,2026-09-12T23:23:23Z,310,8.0,10.0,1.6,,5.2,175,1015.8,18.8,20.8,14.3,,,
2026-09-01T22:50:00Z,2026-09-12T23:23:23Z,310,8.0,11.0,1.6,9,5.2,175,1015.6,18.9,20.8,14.4,,,
2026-09-01T23:00:00Z,2026-09-12T23:23:23Z,310,8.0,10.0,,,,,1015.6,18.8,20.8,14.5,,-1.0,
2026-09-01T23:10:00Z,2026-09-12T23:23:23Z,310,8.0,10.0,1.6,,5.3,166,1015.6,18.9,20.8,14.7,,,
2026-09-01T23:20:00Z,2026-09-12T23:23:23Z,310,8.0,10.0,1.6,9,5.3,166,1015.4,18.9,20.8,14.6,,,
2026-09-01T23:30:00Z,2026-09-12T23:23:23Z,310,8.0,10.0,,,,,1015.5,18.9,20.8,14.6,,,
2026-09-01T23:40:00Z,2026-09-12T23:23:23Z,310,8.0,10.0,,,,,1015.3,18.9,20.8,14.3,,,
2026-09-01T23:50:00Z,2026-09-12T23:23:23Z,310,9.0,11.0,1.5,6,5.2,321,1015.2,18.9,20.8,14.3,,,
2026-09-02T00:00:00Z,2026-09-12T23:23:23Z,310,9.0,10.0,,,,,1015.2,19.0,20.8,14.5,,-0.9,
2026-09-02T00:10:00Z,2026-09-12T23:23:23Z,310,8.0,11.0,1.5,,5.0,315,1015.2,19.0,20.8,14.6,,,
2026-09-02T00:20:00Z,2026-09-12T23:23:23Z,310,9.0,10.0,1.5,5,5.0,315,1015.0,19.0,20.8,14.6,,,
2026-09-02T00:30:00Z,2026-09-12T23:23:23Z,310,9.0,11.0,,,,,1015.0,19.0,20.8,14.5,,,
2026-09-02T00:40:00Z,2026-09-12T23:23:23Z,310,9.0,11.0,1.6,,5.1,289,1015.0,19.0,20.8,14.6,,,
2026-09-02T00:50:00Z,2026-09-12T23:23:23Z,310,9.0,11.0,1.6,8,5.1,289,1014.9,19.1,20.8,14.6,,,
2026-09-02T01:00:00Z,2026-09-12T23:23:23Z,310,9.0,11.0,,,,,1014.8,19.1,20.8,14.6,,-1.1,
2026-09-02T01:10:00Z,2026-09-12T23:23:23Z,310,10.0,12.0,1.5,,5.2,191,1014.8,19.1,20.8,14.4,,,
2026-09-02T01:20:00Z,2026-09-12T23:23:23Z,310,9.0,12.0,1.5,13,5.2,191,1014.8,19.2,20.8,14.8,,,
2026-09-02T01:30:00Z,2026-09-12T23:23:23Z,310,9.0,11.0,,,,,1014.7,19.1,20.8,14.7,,,
2026-09-02T01:40:00Z,2026-09-12T23:23:23Z,310,9.0,11.0,1.5,,5.1,230,1014.9,19.1,20.8,14.6,,,
2026-09-02T01:50:00Z,2026-09-12T23:23:23Z,310,8.0,10.0,1.5,13,5.1,230,1014.9,19.1,20.8,14.9,,,
2026-09-02T02:00:00Z,2026-09-12T23:23:23Z,300,9.0,11.0,,,,,1014.8,19.0,20.8,14.8,,-0.7,
2026-09-02T02:10:00Z,2026-09-12T23:23:23Z,310,9.0,12.0,1.4,,4.9,309,1014.8,19.0,20.8,14.7,,,
2026-09-02T02:20:00Z,2026-09-12T23:23:23Z,310,9.0,12.0,1.4,5,4.9,309,1014.7,19.0,20.7,14.6,,,
2026-09-02T02:30:00Z,2026-09-12T23:23:23Z,310,10.0,12.0,,,,,1014.7,19.0,20.7,14.4,,,
2026-09-02T02:40:00Z,2026-09-12T23:23:23Z,310,9.0,11.0,1.5,,4.9,320,1014.9,19.0,20.7,14.7,,,
2026-09-02T02:50:00Z,2026-09-12T23:23:23Z,310,9.0,11.0,1.5,6,4.9,320,1015.0,18.9,20.7,14.3,,,
2026-09-02T03:00:00Z,2026-09-12T23:23:23Z,310,9.0,11.0,,,,,1015.3,19.0,20.7,14.4,,-0.0,
2026-09-02T03:10:00Z,2026-09-12T23:23:23Z,310,9.0,10.0,1.6,,5.0,317,1015.4,19.0,20.7,14.6,,,
2026-09-02T03:20:00Z,2026-09-12T23:23:23Z,310,9.0,11.0,1.6,6,5.0,317,1015.5,19.0,20.7,14.5,,,
2026-09-02T03:30:00Z,2026-09-12T23:23:23Z,310,9.0,11.0,,,,,1015.5,19.0,20.7,14.5,,,
2026-09-02T03:40:00Z,2026-09-12T23:23:23Z,300,9.0,12.0,1.6,,5.0,318,1015.6,19.0,20.7,14.7,,,
2026-09-02T03:50:00Z,2026-09-12T23:23:23Z,300,9.0,11.0,1.6,6,5.0,318,1015.6,19.0,20.7,14.7,,,
2026-09-02T04:00:00Z,2026-09-12T23:23:23Z,300,9.0,11.0,1.5,,5.0,309,1015.8,18.9,20.7,14.7,,+1.1,
2026-09-02T04:10:00Z,2026-09-12T23:23:23Z,300,9.0,11.0,,,,,1015.9,19.0,20.7,14.8,,,
2026-09-02T04:20:00Z,2026-09-12T23:23:23Z,300,10.0,11.0,1.5,6,5.0,309,1016.0,19.0,20.7,14.5,,,
2026-09-02T04:30:00Z,2026-09-12T23:23:23Z,300,9.0,11.0,,,,,1016.1,19.0,20.7,14.7,,,
2026-09-02T04:40:00Z,2026-09-12T23:23:23Z,300,9.0,11.0,1.6,,4.9,318,1016.3,19.0,20.7,14.7,,,
2026-09-02T04:50:00Z,2026-09-12T23:23:23Z,300,9.0,11.0,1.6,5,4.9,318,1016.2,19.0,20.7,14.7,,,
2026-09-02T05:00:00Z,2026-09-12T23:23:23Z,300,10.0,12.0,,,,,1016.2,19.0,20.7,14.9,,+1.3,
2026-09-02T05:10:00Z,2026-09-12T23:23:23Z,300,10.0,13.0,1.4,,4.8,317,1016.1,19.0,20.7,14.8,,,
2026-09-02T05:20:00Z,2026-09-12T23:23:23Z,310,11.0,13.0,1.4,5,4.8,317,1016.1,18.9,20.7,14.4,,,
2026-09-02T05:30:00Z,2026-09-12T23:23:23Z,310,10.0,12.0,,,,,1016.2,19.0,20.7,14.9,,,
2026-09-02T05:40:00Z,2026-09-12T23:23:23Z,300,10.0,13.0,1.5,,4.8,317,1016.1,18.9,20.7,14.9,,,
2026-09-02T05:50:00Z,2026-09-12T23:23:23Z,300,10.0,12.0,1.5,5,4.8,317,1016.2,18.9,20.7,15.0,,,
2026-09-02T06:00:00Z,2026-09-12T23:23:23Z,300,10.0,12.0,,,,,1016.3,18.9,20.7,15.0,,+1.0,
2026-09-02T06:10:00Z,2026-09-12T23:23:23Z,300,10.0,12.0,1.6,,4.8,320,1016.3,18.9,20.7,15.1,,,
2026-09-02T06:20:00Z,2026-09-12T23:23:23Z,300,10.0,13.0,1.6,5,4.8,320,1016.3,18.9,20.7,15.0,,,
2026-09-02T06:30:00Z,2026-09-12T23:23:23Z,310,11.0,13.0,,,,,1016.1,18.9,20.7,14.6,,,
2026-09-02T06:40:00Z,2026-09-12T23:23:23Z,310,11.0,13.0,1.6,,4.9,324,1016.1,19.0,20.7,14.9,,,
2026-09-02T06:50:00Z,2026-09-12T23:23:23Z,310,10.0,13.0,1.6,6,4.9,324,1016.2,18.9,20.7,14.9,,,
2026-09-02T07:00:00Z,2026-09-12T23:23:23Z,310,10.0,12.0,,,,,1016.2,18.9,,15.1,,+0.4,
2026-09-02T07:10:00Z,2026-09-12T23:23:23Z,310,10.0,13.0,,,,,1016.2,18.9,,14.9,,,
2026-09-02T07:20:00Z,2026-09-12T23:23:23Z,310,10.0,12.0,1.7,6,5.0,330,1016.3,18.9,,15.0,,,
2026-09-02T07:30:00Z,2026-09-12T23:23:23Z,310,10.0,12.0,,,,,1016.4,18.9,20.7,14.7,,,
2026-09-02T07:40:00Z,2026-09-12T23:23:23Z,310,10.0,12.0,,,,,1016.3,19.0,20.6,14.6,,,
2026-09-02T07:50:00Z,2026-09-12T23:23:23Z,310,10.0,12.0,1.7,6,5.1,328,1016.4,18.9,20.6,14.7,,,
2026-09-02T08:00:00Z,2026-09-12T23:23:23Z,300,10.0,13.0,,,,,1016.2,18.9,20.6,14.6,,+0.0,
2026-09-02T08:10:00Z,2026-09-12T23:23:23Z,310,11.0,13.0,1.9,,5.2,335,1016.1,18.9,20.6,14.4,,,
2026-09-02T08:20:00Z,2026-09-12T23:23:23Z,310,10.0,13.0,1.9,6,5.2,335,1016.0,18.9,20.6,14.7,,,
2026-09-02T08:30:00Z,2026-09-12T23:23:23Z,310,10.0,13.0,,,,,1016.1,18.9,20.6,14.6,,,
2026-09-02T08:40:00Z,2026-09-12T23:23:23Z,310,10.0,12.0,,,,,1016.0,18.9,20.6,14.7,,,
2026-09-02T08:50:00Z,2026-09-12T23:23:23Z,320,10.0,12.0,1.6,6,5.0,319,1015.9,18.8,20.6,14.8,,,
2026-09-02T09:00:00Z,2026-09-12T23:23:23Z,310,10.0,12.0,,,,,1015.8,18.8,20.6,14.6,,-0.4,
2026-09-02T09:10:00Z,2026-09-12T23:23:23Z,310,10.0,12.0,1.9,,5.4,328,1015.8,18.8,20.6,14.7,,,
2026-09-02T09:20:00Z,2026-09-12T23:23:23Z,320,10.0,14.0,1.9,7,5.4,328,1015.8,18.7,20.6,14.9,,,
2026-09-02T09:30:00Z,2026-09-12T23:23:23Z,310,10.0,12.0,,,,,1015.7,18.7,20.6,14.7,,,
2026-09-02T09:40:00Z,2026-09-12T23:23:23Z,320,10.0,12.0,1.7,,5.2,336,1015.7,18.7,20.6,14.9,,,
2026-09-02T09:50:00Z,2026-09-12T23:23:23Z,310,10.0,12.0,1.7,6,5.2,336,1015.7,18.6,20.6,14.6,,,
2026-09-02T10:00:00Z,2026-09-12T23:23:23Z,320,10.0,12.0,,,,,1015.6,18.7,20.6,14.5,,-0.5,
2026-09-02T10:10:00Z,2026-09-12T23:23:23Z,320,10.0,13.0,1.7,,5.2,337,1015.5,18.6,20.6,14.6,,,
2026-09-02T10:20:00Z,2026-09-12T23:23:23Z,310,10.0,12.0,1.7,7,5.2,337,1015.6,18.6,20.5,14.5,,,
2026-09-02T10:30:00Z,2026-09-12T23:23:23Z,310,10.0,12.0,,,,,1015.7,18.6,20.5,14.6,,,
2026-09-02T10:40:00Z,2026-09-12T23:23:23Z,320,10.0,12.0,,,,,1015.7,18.5,20.5,14.5,,,
2026-09-02T10:50:00Z,2026-09-12T23:23:23Z,310,9.0,11.0,1.7,6,5.2,327,1015.8,18.6,20.5,14.7,,,
2026-09-02T11:00:00Z,2026-09-12T23:23:23Z,320,9.0,11.0,,,,,1016.0,18.6,20.5,14.7,,-0.0,
2026-09-02T11:10:00Z,2026-09-12T23:23:23Z,320,8.0,10.0,1.9,,5.3,326,1016.1,18.6,20.5,14.6,,,
2026-09-02T11:20:00Z,2026-09-12T23:23:23Z,310,8.0,10.0,1.9,6,5.3,326,1016.1,18.6,20.5,14.7,,,
2026-09-02T11:30:00Z,2026-09-12T23:23:23Z,310,8.0,10.0,,,,,1016.1,18.6,20.5,14.5,,,
2026-09-02T11:40:00Z,2026-09-12T23:23:23Z,310,8.0,10.0,,,,,1016.2,18.7,20.5,14.4,,,
2026-09-02T11:50:00Z,2026-09-12T23:23:23Z,310,8.0,10.0,1.7,6,5.3,332,1016.3,18.7,20.5,14.2,,,
2026-09-02T12:00:00Z,2026-09-12T23:23:23Z,310,7.0,9.0,,,,,1016.4,18.7,20.5,14.2,,+0.5,
2026-09-02T12:10:00Z,2026-09-12T23:23:23Z,310,7.0,9.0,1.7,,5.4,322,1016.4,18.7,20.5,14.1,,,
2026-09-02T12:20:00Z,2026-09-12T23:23:23Z,310,8.0,9.0,1.7,7,5.4,322,1016.3,18.7,20.5,14.1,,,
2026-09-02T12:30:00Z,2026-09-12T23:23:23Z,310,8.0,10.0,,,,,1016.2,18.7,20.5,14.0,,,
2026-09-02T12:40:00Z,2026-09-12T23:23:23Z,310,8.0,10.0,1.8,,5.3,315,1016.0,18.7,20.5,14.1,,,
2026-09-02T12:50:00Z,2026-09-12T23:23:23Z,310,9.0,11.0,1.8,6,5.3,315,1015.9,18.8,20.5,14.2,,,
2026-09-02T13:00:00Z,2026-09-12T23:23:23Z,320,9.0,11.0,,,,,1015.8,18.7,20.5,14.0,,+0.0,
2026-09-02T13:10:00Z,2026-09-12T23:23:23Z,310,8.0,10.0,1.6,,5.1,323,1015.9,18.8,20.5,14.4,,,
2026-09-02T13:20:00Z,2026-09-12T23:23:23Z,310,8.0,9.0,1.6,6,5.1,323,1016.0,18.7,,14.6,,,
2026-09-02T13:30:00Z,2026-09-12T23:23:23Z,310,8.0,10.0,,,,,1016.1,18.7,20.5,14.5,,,
2026-09-02T13:40:00Z,2026-09-12T23:23:23Z,310,9.0,11.0,1.5,,5.2,319,1016.1,18.6,20.5,14.5,,,
2026-09-02T13:50:00Z,2026-09-12T23:23:23Z,310,8.0,11.0,1.5,6,5.2,319,1016.2,18.6,,14.6,,,
2026-09-02T14:00:00Z,2026-09-12T23:23:23Z,310,8.0,10.0,,,,,1016.3,18.6,20.5,14.6,,+0.3,
2026-09-02T14:10:00Z,2026-09-12T23:23:23Z,310,8.0,10.0,1.5,,5.2,317,1016.4,18.6,20.5,14.9,,,
2026-09-02T14:20:00Z,2026-09-12T23:23:23Z,310,8.0,10.0,1.5,6,5.2,317,1016.3,18.6,20.5,14.8,,,
2026-09-02T14:30:00Z,2026-09-12T23:23:23Z,310,9.0,11.0,,,,,1016.5,18.5,20.5,14.6,,,
2026-09-02T14:40:00Z,2026-09-12T23:23:23Z,310,9.0,11.0,1.5,,5.2,321,1016.6,18.6,20.4,14.7,,,
2026-09-02T14:50:00Z,2026-09-12T23:23:23Z,310,8.0,10.0,1.5,6,5.2,321,1016.6,18.6,20.4,14.8,,,
2026-09-02T15:00:00Z,2026-09-12T23:23:23Z,320,9.0,11.0,,,,,1016.6,18.7,20.4,14.9,,-0.0,
2026-09-02T15:10:00Z,2026-09-12T23:23:23Z,310,9.0,11.0,,,,,1016.7,18.7,20.4,14.8,,,
2026-09-02T15:20:00Z,2026-09-12T23:23:23Z,310,9.0,11.0,1.5,6,5.2,320,1016.7,18.7,20.4,14.8,,,
2026-09-02T15:30:00Z,2026-09-12T23:23:23Z,320,9.0,11.0,,,,,1016.7,18.7,20.4,14.7,,,
2026-09-02T15:40:00Z,2026-09-12T23:23:23Z,310,8.0,10.0,,,,,1016.7,18.8,20.4,15.0,,,
2026-09-02T15:50:00Z,2026-09-12T23:23:23Z,310,8.0,10.0,1.5,6,5.1,318,1016.8,18.8,20.4,14.8,,,
2026-09-02T16:00:00Z,2026-09-12T23:23:23Z,310,8.0,10.0,,,,,1016.7,18.8,20.4,14.8,,+1.0,
2026-09-02T16:10:00Z,2026-09-12T23:23:23Z,310,9.0,11.0,1.7,,5.3,321,1016.8,18.8,20.4,14.7,,,
2026-09-02T16:20:00Z,2026-09-12T23:23:23Z,310,9.0,11.0,1.7,6,5.3,321,1016.8,18.9,20.4,14.6,,,
2026-09-02T16:30:00Z,2026-09-12T23:23:23Z,310,9.0,11.0,,,,,1016.8,18.9,20.4,14.7,,,
2026-09-02T16:40:00Z,2026-09-12T23:23:23Z,310,9.0,11.0,1.6,,5.2,323,1016.8,18.9,20.4,14.6,,,
2026-09-02T16:50:00Z,2026-09-12T23:23:23Z,310,9.0,11.0,1.6,6,5.2,323,1016.9,19.0,20.4,14.7,,,
2026-09-02T17:00:00Z,2026-09-12T23:23:23Z,310,8.0,10.0,,,,,1016.9,19.0,20.4,14.7,,+0.5,
2026-09-02T17:10:00Z,2026-09-12T23:23:23Z,310,9.0,10.0,1.6,,5.1,324,1016.8,19.1,20.4,14.9,,,
2026-09-02T17:20:00Z,2026-09-12T23:23:23Z,310,9.0,11.0,1.6,7,5.1,324,1016.9,19.1,20.4,14.7,,,
2026-09-02T17:30:00Z,2026-09-12T23:23:23Z,310,9.0,11.0,,,,,1017.0,19.1,20.4,14.7,,,
2026-09-02T17:40:00Z,2026-09-12T23:23:23Z,310,8.0,10.0,1.7,,5.2,318,1017.1,19.2,20.4,14.9,,,
2026-09-02T17:50:00Z,2026-09-12T23:23:23Z,310,8.0,10.0,1.7,6,5.2,318,1017.2,19.2,20.4,14.8,,,
2026-09-02T18:00:00Z,2026-09-12T23:23:23Z,310,9.0,11.0,,,,,1017.2,19.2,20.5,14.8,,+0.7,
2026-09-02T18:10:00Z,2026-09-12T23:23:23Z,310,9.0,12.0,1.5,,5.2,328,1017.4,19.2,20.5,14.8,,,
2026-09-02T18:20:00Z,2026-09-12T23:23:23Z,310,9.0,11.0,1.5,6,5.2,328,1017.3,19.2,20.5,14.9,,,
2026-09-02T18:30:00Z,2026-09-12T23:23:23Z,310,9.0,10.0,,,,,1017.2,19.2,20.5,15.0,,,
2026-09-02T18:40:00Z,2026-09-12T23:23:23Z,310,8.0,11.0,1.6,,5.2,326,1017.2,19.2,20.5,14.9,,,
2026-09-02T18:50:00Z,2026-09-12T23:23:23Z,310,8.0,11.0,1.6,7,5.2,326,1017.1,19.2,20.5,15.1,,,
2026-09-02T19:00:00Z,2026-09-12T23:23:23Z,310,9.0,11.0,,,,,1016.9,19.2,20.5,15.1,,+0.0,
2026-09-02T19:10:00Z,2026-09-12T23:23:23Z,310,9.0,11.0,1.6,,5.3,325,1016.9,19.2,20.5,15.1,,,
2026-09-02T19:20:00Z,2026-09-12T23:23:23Z,310,9.0,11.0,1.6,7,5.3,325,1016.9,19.2,20.5,15.2,,,
2026-09-02T19:30:00Z,2026-09-12T23:23:23Z,310,9.0,11.0,,,,,1016.9,19.3,20.5,15.5,,,
2026-09-02T19:40:00Z,2026-09-12T23:23:23Z,310,8.0,10.0,1.6,,5.3,324,1016.8,19.2,20.5,15.4,,,
2026-09-02T19:50:00Z,2026-09-12T23:23:23Z,310,9.0,11.0,1.6,6,5.3,324,1016.8,19.3,20.5,15.4,,,
2026-09-02T20:00:00Z,2026-09-12T23:23:23Z,310,8.0,10.0,,,,,1016.8,19.3,20.5,15.6,,+0.0,
2026-09-02T20:10:00Z,2026-09-12T23:23:23Z,310,9.0,11.0,1.6,,5.3,321,1016.9,19.2,20.5,15.5,,,
2026-09-02T20:20:00Z,2026-09-12T23:23:23Z,310,9.0,10.0,1.6,6,5.3,321,1016.9,19.3,20.5,15.7,,,
2026-09-02T20:30:00Z,2026-09-12T23:23:23Z,310,9.0,11.0,,,,,1016.9,19.3,20.5,15.9,,,
2026-09-02T20:40:00Z,2026-09-12T23:23:23Z,310,9.0,11.0,1.7,,5.4,327,1016.8,19.3,20.5,15.9,,,
2026-09-02T20:50:00Z,2026-09-12T23:23:23Z,310,9.0,11.0,1.7,6,5.4,327,1016.8,19.3,20.5,16.2,,,
2026-09-02T21:00:00Z,2026-09-12T23:23:23Z,310,9.0,10.0,,,,,1016.7,19.2,20.5,16.3,,-0.5,
2026-09-02T21:10:00Z,2026-09-12T23:23:23Z,310,8.0,10.0,1.6,,5.3,325,1016.7,19.3,20.5,16.4,,,
2026-09-02T21:20:00Z,2026-09-12T23:23:23Z,310,9.0,11.0,1.6,6,5.3,325,1016.6,19.2,20.5,16.2,,,
2026-09-02T21:30:00Z,2026-09-12T23:23:23Z,310,9.0,11.0,,,,,1016.4,19.3,20.5,16.1,,,
2026-09-02T21:40:00Z,2026-09-12T23:23:23Z,310,9.0,11.0,1.7,,5.2,319,1016.4,19.4,20.5,16.3,,,
2026-09-02T21:50:00Z,2026-09-12T23:23:23Z,310,10.0,12.0,1.7,6,5.2,319,1016.3,19.3,20.5,16.2,,,
2026-09-02T22:00:00Z,2026-09-12T23:23:23Z,310,10.0,12.0,,,,,1016.3,19.4,20.5,16.3,,-0.6,
2026-09-02T22:10:00Z,2026-09-12T23:23:23Z,310,9.0,11.0,1.8,,5.3,323,1016.2,19.4,20.5,16.5,,,
2026-09-02T22:20:00Z,2026-09-12T23:23:23Z,310,9.0,11.0,1.8,6,5.3,323,1016.2,19.4,20.5,16.5,,,
2026-09-02T22:30:00Z,2026-09-12T23:23:23Z,310,9.0,11.0,,,,,1016.2,19.4,20.5,16.7,,,
2026-09-02T22:40:00Z,2026-09-12T23:23:23Z,310,9.0,11.0,,,,,1016.0,19.4,20.5,16.7,,,
2026-09-02T22:50:00Z,2026-09-12T23:23:23Z,310,10.0,11.0,1.7,5,5.1,325,1015.8,19.4,20.5,16.7,,,
2026-09-02T23:00:00Z,2026-09-12T23:23:23Z,310,10.0,11.0,,,,,1015.7,19.4,20.5,16.9,,-1.1,
2026-09-02T23:10:00Z,2026-09-12T23:23:23Z,310,10.0,12.0,1.7,,5.3,328,1015.6,19.4,20.5,16.9,,,
2026-09-02T23:40:00Z,2026-09-12T23:23:23Z,310,9.0,11.0,1.6,,4.9,331,1015.6,19.4,20.5,16.9,,,
2026-09-02T23:50:00Z,2026-09-12T23:23:23Z,310,9.0,11.0,1.6,6,4.9,331,1015.6,19.4,20.5,16.8,,,
2026-09-03T00:00:00Z,2026-09-12T23:23:23Z,310,9.0,11.0,,,,,1015.5,19.4,20.5,16.8,,-1.2,
2026-09-03T00:10:00Z,2026-09-12T23:23:23Z,300,9.0,12.0,1.6,,5.0,319,1015.5,19.4,20.5,16.9,,,
2026-09-03T00:20:00Z,2026-09-12T23:23:23Z,310,9.0,11.0,1.6,6,5.0,319,1015.4,19.4,20.5,16.9,,,
2026-09-03T00:30:00Z,2026-09-12T23:23:23Z,300,9.0,11.0,,,,,1015.4,19.5,20.5,17.1,,,
2026-09-03T00:40:00Z,2026-09-12T23:23:23Z,300,9.0,11.0,1.6,,4.9,320,1015.4,19.4,20.5,16.9,,,
2026-09-03T00:50:00Z,2026-09-12T23:23:23Z,300,9.0,11.0,1.6,6,4.9,320,1015.4,19.5,20.5,17.1,,,
2026-09-03T01:00:00Z,2026-09-12T23:23:23Z,300,10.0,11.0,,,,,1015.4,19.5,20.5,17.1,,-1.0,
2026-09-03T01:10:00Z,2026-09-12T23:23:23Z,300,9.0,11.0,1.5,,4.9,319,1015.4,19.5,20.5,17.1,,,
2026-09-03T01:20:00Z,2026-09-12T23:23:23Z,300,10.0,11.0,1.5,6,4.9,319,1015.4,19.4,20.5,17.1,,,
2026-09-03T01:30:00Z,2026-09-12T23:23:23Z,300,10.0,12.0,,,,,1015.2,19.4,20.5,17.0,,,
2026-09-03T01:40:00Z,2026-09-12T23:23:23Z,300,10.0,11.0,1.5,,5.0,317,1015.2,19.4,20.5,17.1,,,
2026-09-03T01:50:00Z,2026-09-12T23:23:23Z,300,10.0,11.0,1.5,6,5.0,317,1015.2,19.4,20.5,17.1,,,
2026-09-03T02:00:00Z,2026-09-12T23:23:23Z,300,10.0,11.0,,,,,1015.3,19.3,20.5,17.0,,-0.5,
2026-09-03T02:10:00Z,2026-09-12T23:23:23Z,300,9.0,11.0,1.4,,4.7,322,1015.3,19.4,20.5,17.2,,,
2026-09-03T02:20:00Z,2026-09-12T23:23:23Z,300,9.0,11.0,1.4,6,4.7,322,1015.3,19.3,20.5,17.2,,,
2026-09-03T02:30:00Z,2026-09-12T23:23:23Z,300,9.0,11.0,,,,,1015.2,19.4,20.5,17.3,,,
2026-09-03T02:40:00Z,2026-09-12T23:23:23Z,290,9.0,11.0,1.4,,4.7,320,1015.3,19.3,20.5,17.3,,,
2026-09-03T02:50:00Z,2026-09-12T23:23:23Z,300,9.0,11.0,1.4,6,4.7,320,1015.3,19.3,20.5,17.3,,,
2026-09-03T03:00:00Z,2026-09-12T23:23:23Z,300,9.0,11.0,,,,,1015.3,19.3,20.5,17.2,,+0.0,
2026-09-03T03:10:00Z,2026-09-12T23:23:23Z,300,9.0,11.0,1.5,,5.0,317,1015.3,19.3,20.5,17.3,,,
2026-09-03T03:20:00Z,2026-09-12T23:23:23Z,290,9.0,11.0,1.5,6,5.0,317,1015.3,19.3,20.5,17.3,,,
2026-09-03T03:30:00Z,2026-09-12T23:23:23Z,300,9.0,10.0,,,,,1015.4,19.3,20.5,17.2,,,
2026-09-03T03:40:00Z,2026-09-12T23:23:23Z,290,8.0,10.0,1.5,,5.0,325,1015.5,19.3,20.5,17.3,,,
2026-09-03T03:50:00Z,2026-09-12T23:23:23Z,290,8.0,10.0,1.5,6,5.0,325,1015.6,19.3,20.5,17.2,,,
2026-09-03T04:00:00Z,2026-09-12T23:23:23Z,300,8.0,9.0,,,,,1015.7,19.4,20.5,17.3,,+0.4,
2026-09-03T04:10:00Z,2026-09-12T23:23:23Z,300,8.0,10.0,1.4,,4.9,322,1015.7,19.5,20.5,17.3,,,
2026-09-03T04:20:00Z,2026-09-12T23:23:23Z,300,8.0,10.0,1.4,6,4.9,322,1015.8,19.5,20.5,17.2,,,
2026-09-03T04:30:00Z,2026-09-12T23:23:23Z,300,8.0,10.0,,,,,1015.8,19.5,20.5,17.3,,,
2026-09-03T04:40:00Z,2026-09-12T23:23:23Z,300,8.0,10.0,1.4,,4.8,324,1015.9,19.5,20.5,17.2,,,
2026-09-03T04:50:00Z,2026-09-12T23:23:23Z,290,8.0,9.0,1.4,6,4.8,324,1015.9,19.5,20.5,17.3,,,
2026-09-03T05:00:00Z,2026-09-12T23:23:23Z,290,8.0,10.0,,,,,1016.0,19.4,20.5,17.2,,+0.8,
2026-09-03T05:10:00Z,2026-09-12T23:23:23Z,290,8.0,9.0,1.4,,5.0,318,1016.1,19.4,20.5,17.2,,,
2026-09-03T05:20:00Z,2026-09-12T23:23:23Z,290,8.0,9.0,1.4,6,5.0,318,1016.1,19.4,20.5,17.3,,,
2026-09-03T05:30:00Z,2026-09-12T23:23:23Z,290,8.0,10.0,,,,,1016.1,19.4,20.5,17.4,,,
2026-09-03T05:40:00Z,2026-09-12T23:23:23Z,300,7.0,9.0,1.4,,4.9,319,1016.1,19.4,20.5,17.3,,,
2026-09-03T05:50:00Z,2026-09-12T23:23:23Z,300,8.0,9.0,1.4,6,4.9,319,1016.0,19.4,20.5,17.3,,,
2026-09-03T06:00:00Z,2026-09-12T23:23:23Z,300,8.0,10.0,,,,,1016.0,19.4,20.5,17.3,,+0.7,
2026-09-03T06:10:00Z,2026-09-12T23:23:23Z,300,8.0,9.0,1.5,,5.0,323,1015.9,19.4,20.5,17.3,,,
2026-09-03T06:20:00Z,2026-09-12T23:23:23Z,300,8.0,9.0,1.5,6,5.0,323,1015.9,19.3,20.5,17.1,,,
2026-09-03T06:30:00Z,2026-09-12T23:23:23Z,290,7.0,9.0,,,,,1016.0,19.4,20.5,17.3,,,
2026-09-03T06:40:00Z,2026-09-12T23:23:23Z,290,7.0,9.0,1.5,,4.9,321,1016.0,19.4,20.5,17.4,,,
2026-09-03T06:50:00Z,2026-09-12T23:23:23Z,300,7.0,9.0,1.5,6,4.9,321,1016.0,19.3,20.5,17.3,,,
2026-09-03T07:00:00Z,2026-09-12T23:23:23Z,300,8.0,9.0,,,,,1015.9,19.3,20.5,17.2,,+0.0,
2026-09-03T07:10:00Z,2026-09-12T23:23:23Z,300,8.0,9.0,1.4,,5.2,322,1015.8,19.3,,17.2,,,
2026-09-03T07:20:00Z,2026-09-12T23:23:23Z,300,8.0,9.0,1.4,6,5.2,322,1015.8,19.4,20.5,17.3,,,
2026-09-03T07:30:00Z,2026-09-12T23:23:23Z,300,8.0,9.0,,,,,1015.8,19.4,20.5,17.4,,,
2026-09-03T07:40:00Z,2026-09-12T23:23:23Z,300,8.0,10.0,,,,,1016.6,19.4,20.5,17.4,,,
2026-09-03T07:50:00Z,2026-09-12T23:23:23Z,310,8.0,10.0,1.6,6,5.1,333,1015.8,19.4,,17.4,,,
2026-09-03T08:00:00Z,2026-09-12T23:23:23Z,310,8.0,10.0,,,,,1015.8,19.4,20.5,17.4,,+0.0,
2026-09-03T08:10:00Z,2026-09-12T23:23:23Z,310,8.0,9.0,1.3,,4.9,328,1015.7,19.4,20.5,17.5,,,
2026-09-03T08:20:00Z,2026-09-12T23:23:23Z,310,8.0,10.0,1.3,6,4.9,328,1015.6,19.3,20.5,17.2,,,
2026-09-03T08:30:00Z,2026-09-12T23:23:23Z,310,8.0,10.0,,,,,1015.6,19.4,20.5,17.3,,,
2026-09-03T08:40:00Z,2026-09-12T23:23:23Z,310,8.0,11.0,,,,,1015.5,19.4,20.4,17.4,,,
2026-09-03T08:50:00Z,2026-09-12T23:23:23Z,310,8.0,10.0,1.5,6,5.1,334,1015.5,19.4,20.4,17.5,,,
2026-09-03T09:00:00Z,2026-09-12T23:23:23Z,310,8.0,10.0,,,,,1015.3,19.4,20.4,17.5,,-0.7,
2026-09-03T09:10:00Z,2026-09-12T23:23:23Z,310,8.0,10.0,,,,,1015.3,19.4,20.4,17.4,,,
2026-09-03T09:20:00Z,2026-09-12T23:23:23Z,310,8.0,10.0,1.5,6,5.1,327,1015.2,19.4,20.4,17.4,,,
2026-09-03T09:30:00Z,2026-09-12T23:23:23Z,310,8.0,10.0,,,,,1015.1,19.4,20.4,17.4,,,
2026-09-03T09:40:00Z,2026-09-12T23:23:23Z,310,8.0,9.0,1.5,,5.2,325,1015.0,19.4,20.4,17.6,,,
2026-09-03T09:50:00Z,2026-09-12T23:23:23Z,310,8.0,10.0,1.5,6,5.2,325,1014.9,19.4,20.4,17.6,,,
2026-09-03T10:00:00Z,2026-09-12T23:23:23Z,310,9.0,10.0,,,,,1014.7,19.4,20.4,17.5,,-1.2,
2026-09-03T10:10:00Z,2026-09-12T23:23:23Z,310,9.0,11.0,,,,,1014.7,19.4,20.4,17.5,,,
2026-09-03T10:20:00Z,2026-09-12T23:23:23Z,310,9.0,10.0,1.5,6,5.1,329,1014.8,19.4,20.4,17.5,,,
2026-09-03T10:30:00Z,2026-09-12T23:23:23Z,310,9.0,10.0,,,,,1014.7,19.4,20.4,17.5,,,
2026-09-03T10:40:00Z,2026-09-12T23:23:23Z,310,8.0,10.0,,,,,1014.6,19.4,20.4,17.5,,,
2026-09-03T10:50:00Z,2026-09-12T23:23:23Z,310,9.0,10.0,1.6,6,5.3,326,1014.5,19.4,20.4,17.6,,,
2026-09-03T11:00:00Z,2026-09-12T23:23:23Z,310,9.0,10.0,,,,,1014.4,19.3,20.4,17.5,,-1.5,
2026-09-03T11:10:00Z,2026-09-12T23:23:23Z,310,9.0,11.0,1.6,,5.3,322,1014.4,19.4,20.4,17.6,,,
2026-09-03T11:20:00Z,2026-09-12T23:23:23Z,310,9.0,11.0,1.6,6,5.3,322,1014.2,19.3,20.4,17.4,,,
2026-09-03T11:30:00Z,2026-09-12T23:23:23Z,310,9.0,11.0,,,,,1014.2,19.3,20.4,17.4,,,
2026-09-03T11:40:00Z,2026-09-12T23:23:23Z,310,9.0,10.0,1.6,,5.1,331,1014.2,19.3,20.4,17.4,,,
2026-09-03T11:50:00Z,2026-09-12T23:23:23Z,310,9.0,11.0,1.6,6,5.1,331,1014.2,19.3,20.4,17.2,,,
2026-09-03T12:00:00Z,2026-09-12T23:23:23Z,320,8.0,10.0,,,,,1014.1,19.3,20.4,17.3,,-1.2,
2026-09-03T12:10:00Z,2026-09-12T23:23:23Z,310,9.0,11.0,1.5,,5.1,325,1014.1,19.3,20.4,17.2,,,
2026-09-03T12:20:00Z,2026-09-12T23:23:23Z,310,9.0,11.0,1.5,6,5.1,325,1014.0,19.3,20.4,17.2,,,
2026-09-03T12:30:00Z,2026-09-12T23:23:23Z,310,9.0,11.0,,,,,1014.0,19.3,20.4,17.3,,,
2026-09-03T12:40:00Z,2026-09-12T23:23:23Z,,,,1.6,,5.2,325,1014.0,,20.4,,,,
2026-09-03T12:50:00Z,2026-09-12T23:23:23Z,310,9.0,11.0,1.6,6,5.2,325,1013.9,19.2,20.3,17.1,,,
2026-09-03T13:00:00Z,2026-09-12T23:23:23Z,320,9.0,11.0,,,,,1014.0,19.2,20.4,17.1,,-0.7,
2026-09-03T13:10:00Z,2026-09-12T23:23:23Z,320,9.0,11.0,1.6,,5.0,322,1014.0,19.2,20.4,17.1,,,
2026-09-03T13:20:00Z,2026-09-12T23:23:23Z,320,9.0,11.0,1.6,6,5.0,322,1014.1,19.2,20.3,17.2,,,
2026-09-03T13:30:00Z,2026-09-12T23:23:23Z,320,8.0,10.0,,,,,1014.2,19.0,20.3,16.9,,,
2026-09-03T13:40:00Z,2026-09-12T23:23:23Z,320,9.0,11.0,,,,,1014.2,19.0,20.3,16.8,,,
2026-09-03T13:50:00Z,2026-09-12T23:23:23Z,320,8.0,10.0,1.6,6,5.1,325,1014.2,19.0,,16.8,,,
2026-09-03T14:00:00Z,2026-09-12T23:23:23Z,320,8.0,10.0,,,,,1014.3,19.1,20.3,16.8,,-0.0,
2026-09-03T14:10:00Z,2026-09-12T23:23:23Z,320,8.0,10.0,1.6,,5.0,324,1014.4,19.1,20.3,16.7,,,
2026-09-03T14:20:00Z,2026-09-12T23:23:23Z,320,9.0,10.0,1.6,6,5.0,324,1014.6,19.1,20.3,16.5,,,
2026-09-03T14:30:00Z,2026-09-12T23:23:23Z,320,8.0,10.0,,,,,1014.7,19.0,20.3,16.1,,,
2026-09-03T14:40:00Z,2026-09-12T23:23:23Z,320,8.0,10.0,1.5,,5.0,307,1014.8,19.1,20.3,16.0,,,
2026-09-03T14:50:00Z,2026-09-12T23:23:23Z,320,8.0,10.0,1.5,6,5.0,307,1014.8,19.1,20.3,15.9,,,
2026-09-03T15:00:00Z,2026-09-12T23:23:23Z,310,8.0,9.0,,,,,1014.8,19.1,20.3,15.7,,+0.8,
2026-09-03T15:10:00Z,2026-09-12T23:23:23Z,310,8.0,9.0,,,,,1014.8,19.1,20.3,15.7,,,
2026-09-03T15:20:00Z,2026-09-12T23:23:23Z,310,8.0,9.0,1.6,6,5.0,323,1014.8,19.2,20.3,15.8,,,
2026-09-03T15:30:00Z,2026-09-12T23:23:23Z,320,8.0,9.0,,,,,1014.8,19.1,20.3,15.2,,,
2026-09-03T15:40:00Z,2026-09-12T23:23:23Z,320,8.0,10.0,1.5,,5.0,324,1014.8,19.2,20.3,14.6,,,
2026-09-03T15:50:00Z,2026-09-12T23:23:23Z,320,7.0,9.0,1.5,6,5.0,324,1014.9,19.3,20.3,14.7,,,
2026-09-03T16:00:00Z,2026-09-12T23:23:23Z,320,8.0,9.0,,,,,1015.1,19.3,20.3,14.7,,+1.0,
2026-09-03T16:10:00Z,2026-09-12T23:23:23Z,320,7.0,9.0,1.4,,5.0,320,1015.2,19.2,20.3,14.4,,,
2026-09-03T16:20:00Z,2026-09-12T23:23:23Z,320,7.0,9.0,1.4,6,5.0,320,1015.1,19.2,20.3,14.5,,,
2026-09-03T16:30:00Z,2026-09-12T23:23:23Z,320,7.0,8.0,,,,,1015.2,19.2,20.3,14.7,,,
2026-09-03T16:40:00Z,2026-09-12T23:23:23Z,320,7.0,9.0,,,,,1015.2,19.2,20.3,15.3,,,
2026-09-03T16:50:00Z,2026-09-12T23:23:23Z,320,7.0,9.0,1.4,6,5.1,313,1015.1,19.0,20.4,15.4,,,
2026-09-03T17:00:00Z,2026-09-12T23:23:23Z,320,7.0,9.0,,,,,1015.1,19.0,20.4,15.5,,+0.9,
2026-09-03T17:10:00Z,2026-09-12T23:23:23Z,310,7.0,9.0,1.4,,4.9,316,1015.3,18.9,20.4,15.4,,,
2026-09-03T17:20:00Z,2026-09-12T23:23:23Z,320,8.0,9.0,1.4,6,4.9,316,1015.3,18.9,20.4,15.5,,,
2026-09-03T17:30:00Z,2026-09-12T23:23:23Z,320,7.0,9.0,,,,,1015.4,18.8,20.4,15.6,,,
2026-09-03T17:40:00Z,2026-09-12T23:23:23Z,320,7.0,9.0,1.4,,5.1,317,1015.3,18.9,20.4,15.7,,,
2026-09-03T17:50:00Z,2026-09-12T23:23:23Z,320,7.0,9.0,1.4,6,5.1,317,1015.4,18.8,20.4,15.6,,,
2026-09-03T18:00:00Z,2026-09-12T23:23:23Z,310,7.0,9.0,,,,,1015.5,18.8,20.4,15.6,,+0.5,
2026-09-03T18:10:00Z,2026-09-12T23:23:23Z,310,7.0,9.0,1.3,,5.1,311,1015.6,18.8,20.4,15.5,,,
2026-09-03T18:20:00Z,2026-09-12T23:23:23Z,310,6.0,8.0,1.3,5,5.1,311,1015.6,18.8,20.4,15.7,,,
2026-09-03T18:30:00Z,2026-09-12T23:23:23Z,310,6.0,8.0,,,,,1015.6,18.7,20.5,15.5,,,
2026-09-03T18:40:00Z,2026-09-12T23:23:23Z,310,6.0,7.0,,,,,1015.6,18.7,20.5,15.5,,,
2026-09-03T18:50:00Z,2026-09-12T23:23:23Z,310,6.0,7.0,1.3,6,5.3,319,1015.4,18.7,20.5,15.5,,,
2026-09-03T19:00:00Z,2026-09-12T23:23:23Z,310,6.0,8.0,,,,,1015.2,18.7,20.5,15.5,,+0.0,
2026-09-03T19:10:00Z,2026-09-12T23:23:23Z,300,6.0,8.0,1.4,,5.3,323,1015.1,18.7,20.5,15.6,,,
2026-09-03T19:20:00Z,2026-09-12T23:23:23Z,300,7.0,8.0,1.4,6,5.3,323,1015.1,18.6,20.5,15.4,,,
2026-09-03T19:30:00Z,2026-09-12T23:23:23Z,300,7.0,8.0,,,,,1014.9,18.6,20.5,15.5,,,
2026-09-03T19:40:00Z,2026-09-12T23:23:23Z,300,7.0,9.0,,,,,1014.8,18.6,20.5,15.6,,,
2026-09-03T19:50:00Z,2026-09-12T23:23:23Z,290,7.0,8.0,1.3,6,5.2,313,1014.7,18.7,20.5,15.8,,,
2026-09-03T20:00:00Z,2026-09-12T23:23:23Z,290,7.0,8.0,,,,,1014.5,18.6,20.5,15.6,,-0.8,
2026-09-03T20:10:00Z,2026-09-12T23:23:23Z,290,6.0,9.0,1.4,,5.2,322,1014.5,18.8,20.5,15.8,,,
2026-09-03T20:20:00Z,2026-09-12T23:23:23Z,290,7.0,9.0,1.4,6,5.2,322,1014.4,18.6,20.5,15.4,,,
2026-09-03T20:30:00Z,2026-09-12T23:23:23Z,290,7.0,8.0,,,,,1014.5,18.6,20.6,15.5,,,
2026-09-03T20:40:00Z,2026-09-12T23:23:23Z,300,6.0,8.0,1.4,,5.3,325,1014.4,18.7,20.6,15.7,,,
2026-09-03T20:50:00Z,2026-09-12T23:23:23Z,290,7.0,8.0,1.4,6,5.3,325,1014.3,18.7,20.6,15.7,,,
2026-09-03T21:00:00Z,2026-09-12T23:23:23Z,290,7.0,9.0,,,,,1014.3,18.7,20.6,15.7,,-1.1,
2026-09-03T21:10:00Z,2026-09-12T23:23:23Z,290,7.0,8.0,1.3,,5.2,323,1014.3,18.7,20.6,15.6,,,
2026-09-03T21:20:00Z,2026-09-12T23:23:23Z,290,7.0,9.0,1.3,6,5.2,323,1014.2,18.7,20.6,15.6,,,
2026-09-03T21:30:00Z,2026-09-12T23:23:23Z,290,7.0,8.0,,,,,1014.2,18.7,20.6,15.7,,,
2026-09-03T21:40:00Z,2026-09-12T23:23:23Z,280,7.0,9.0,1.4,,5.2,321,1014.3,18.7,20.7,15.6,,,
2026-09-03T21:50:00Z,2026-09-12T23:23:23Z,280,6.0,8.0,1.4,6,5.2,321,1014.3,18.8,20.7,15.7,,,
2026-09-03T22:00:00Z,2026-09-12T23:23:23Z,290,7.0,8.0,,,,,1014.3,18.7,20.7,15.5,,-0.8,
2026-09-03T22:10:00Z,2026-09-12T23:23:23Z,290,7.0,9.0,1.5,,5.3,322,1014.2,18.8,20.8,15.5,,,
2026-09-03T22:20:00Z,2026-09-12T23:23:23Z,290,7.0,9.0,1.5,6,5.3,322,1014.2,18.9,20.8,15.7,,,
2026-09-03T22:30:00Z,2026-09-12T23:23:23Z,290,7.0,9.0,,,,,1014.0,18.8,20.8,15.6,,,
2026-09-03T22:40:00Z,2026-09-12T23:23:23Z,290,7.0,8.0,,,,,1013.8,19.0,20.8,15.9,,,
2026-09-03T22:50:00Z,2026-09-12T23:23:23Z,290,7.0,9.0,1.5,6,5.3,324,1013.6,18.9,20.8,15.8,,,
2026-09-03T23:00:00Z,2026-09-12T23:23:23Z,290,8.0,9.0,,,,,1013.5,18.9,20.8,15.7,,-0.9,
2026-09-03T23:10:00Z,2026-09-12T23:23:23Z,290,8.0,9.0,1.4,,5.2,321,1013.4,18.9,20.8,15.7,,,
2026-09-03T23:20:00Z,2026-09-12T23:23:23Z,290,8.0,9.0,1.4,6,5.2,321,1013.3,18.9,20.8,15.6,,,
2026-09-03T23:30:00Z,2026-09-12T23:23:23Z,290,7.0,9.0,,,,,1013.2,19.0,20.8,15.8,,,
2026-09-03T23:40:00Z,2026-09-12T23:23:23Z,290,7.0,10.0,1.5,,5.3,325,1013.1,19.0,20.8,15.7,,,
2026-09-03T23:50:00Z,2026-09-12T23:23:23Z,290,7.0,9.0,1.5,6,5.3,325,1012.9,19.0,20.8,15.8,,,
2026-09-04T00:00:00Z,2026-09-12T23:23:23Z,290,8.0,9.0,,,,,1012.9,19.0,20.8,16.0,,-1.4,
2026-09-04T00:10:00Z,2026-09-12T23:23:23Z,290,8.0,10.0,1.4,,5.1,327,1012.8,19.0,20.7,16.0,,,
2026-09-04T00:20:00Z,2026-09-12T23:23:23Z,300,8.0,10.0,1.4,6,5.1,327,1012.7,19.0,20.7,15.9,,,
2026-09-04T00:30:00Z,2026-09-12T23:23:23Z,300,8.0,10.0,,,,,1012.6,19.0,,16.0,,,
2026-09-04T00:40:00Z,2026-09-12T23:23:23Z,300,8.0,10.0,1.4,,5.1,323,1012.7,19.0,20.7,16.0,,,
2026-09-04T00:50:00Z,2026-09-12T23:23:23Z,300,8.0,10.0,1.4,6,5.1,323,1012.5,19.0,20.7,16.1,,,
2026-09-04T01:00:00Z,2026-09-12T23:23:23Z,300,8.0,10.0,,,,,1012.5,19.0,20.7,16.2,,-1.7,
2026-09-04T01:10:00Z,2026-09-12T23:23:23Z,300,8.0,10.0,1.4,,5.2,319,1012.7,19.0,,16.1,,,
2026-09-04T01:20:00Z,2026-09-12T23:23:23Z,290,8.0,10.0,1.4,6,5.2,319,1012.6,19.0,20.7,16.2,,,
2026-09-04T01:30:00Z,2026-09-12T23:23:23Z,290,8.0,10.0,,,,,1012.5,18.9,20.7,16.2,,,
2026-09-04T01:40:00Z,2026-09-12T23:23:23Z,300,8.0,10.0,1.4,,4.9,316,1012.5,19.0,20.7,16.3,,,
2026-09-04T01:50:00Z,2026-09-12T23:23:23Z,300,8.0,10.0,1.4,6,4.9,316,1012.5,18.9,20.7,16.2,,,
2026-09-04T02:00:00Z,2026-09-12T23:23:23Z,300,8.0,9.0,,,,,1012.4,18.9,20.7,16.2,,-1.1,
2026-09-04T02:10:00Z,2026-09-12T23:23:23Z,300,8.0,10.0,1.3,,4.7,321,1012.3,19.0,20.7,16.4,,,
2026-09-04T02:20:00Z,2026-09-12T23:23:23Z,300,9.0,11.0,1.3,6,4.7,321,1012.2,18.9,20.7,16.3,,,
2026-09-04T02:30:00Z,2026-09-12T23:23:23Z,300,9.0,10.0,,,,,1012.2,18.9,20.7,16.2,,,
2026-09-04T02:40:00Z,2026-09-12T23:23:23Z,300,9.0,11.0,1.3,,5.0,281,1012.0,18.9,20.7,16.3,,,
2026-09-04T02:50:00Z,2026-09-12T23:23:23Z,300,9.0,11.0,1.3,9,5.0,281,1012.2,18.9,20.7,16.3,,,
2026-09-04T03:00:00Z,2026-09-12T23:23:23Z,300,9.0,11.0,,,,,1012.2,18.9,20.7,16.2,,-0.6,
2026-09-04T03:10:00Z,2026-09-12T23:23:23Z,300,9.0,11.0,1.4,,5.2,147,1012.2,18.9,20.7,16.3,,,
2026-09-04T03:20:00Z,2026-09-12T23:23:23Z,300,9.0,10.0,1.4,14,5.2,147,1012.3,18.9,20.7,16.3,,,
2026-09-04T03:30:00Z,2026-09-12T23:23:23Z,300,9.0,10.0,,,,,1012.3,18.9,20.7,16.3,,,
2026-09-04T03:40:00Z,2026-09-12T23:23:23Z,300,9.0,10.0,1.4,,5.0,318,1012.4,18.9,20.7,16.2,,,
2026-09-04T03:50:00Z,2026-09-12T23:23:23Z,300,9.0,11.0,1.4,6,5.0,318,1012.5,18.9,20.7,16.1,,,
2026-09-04T04:00:00Z,2026-09-12T23:23:23Z,300,9.0,11.0,,,,,1012.7,18.9,20.7,16.2,,-0.0,
2026-09-04T04:10:00Z,2026-09-12T23:23:23Z,300,9.0,11.0,1.4,,5.1,160,1012.8,18.9,20.7,16.1,,,
2026-09-04T04:20:00Z,2026-09-12T23:23:23Z,310,9.0,11.0,1.4,14,5.1,160,1012.8,19.0,20.7,16.3,,,
2026-09-04T04:30:00Z,2026-09-12T23:23:23Z,310,9.0,11.0,,,,,1012.9,18.9,20.7,16.1,,,
2026-09-04T04:40:00Z,2026-09-12T23:23:23Z,300,9.0,11.0,1.5,,5.0,155,1013.0,18.9,20.7,16.2,,,
2026-09-04T04:50:00Z,2026-09-12T23:23:23Z,300,8.0,10.0,1.5,13,5.0,155,1013.1,19.0,20.7,16.3,,,
2026-09-04T05:00:00Z,2026-09-12T23:23:23Z,300,8.0,10.0,,,,,1013.0,18.9,20.7,16.1,,+0.7,
2026-09-04T05:10:00Z,2026-09-12T23:23:23Z,300,8.0,10.0,1.5,,5.1,302,1013.0,18.9,20.7,16.1,,,
2026-09-04T05:20:00Z,2026-09-12T23:23:23Z,300,8.0,10.0,1.5,9,5.1,302,1013.0,18.9,20.7,16.1,,,
2026-09-04T05:30:00Z,2026-09-12T23:23:23Z,300,8.0,9.0,,,,,1013.0,18.9,20.7,16.1,,,
2026-09-04T05:40:00Z,2026-09-12T23:23:23Z,300,8.0,10.0,1.4,,5.2,175,1012.9,18.9,20.7,16.1,,,
2026-09-04T05:50:00Z,2026-09-12T23:23:23Z,300,8.0,9.0,1.4,14,5.2,175,1012.9,18.8,20.7,16.0,,,
2026-09-04T06:00:00Z,2026-09-12T23:23:23Z,,,,,,,,1012.9,,20.7,,,+0.7,
2026-09-04T06:10:00Z,2026-09-12T23:23:23Z,,,,,,,,1012.9,,20.7,,,,
2026-09-04T06:20:00Z,2026-09-12T23:23:23Z,310,7.0,9.0,,,,,1012.9,18.9,20.7,16.1,,,
2026-09-04T06:30:00Z,2026-09-12T23:23:23Z,300,7.0,8.0,,,,,1013.0,18.9,20.7,16.2,,,
2026-09-04T06:40:00Z,2026-09-12T23:23:23Z,300,7.0,9.0,1.5,,5.4,298,1013.1,18.9,20.7,16.2,,,
2026-09-04T06:50:00Z,2026-09-12T23:23:23Z,300,8.0,9.0,1.5,9,5.4,298,1013.0,18.9,20.7,16.1,,,
2026-09-04T07:00:00Z,2026-09-12T23:23:23Z,300,8.0,9.0,,,,,1013.0,18.9,20.7,16.0,,+0.3,
2026-09-04T07:10:00Z,2026-09-12T23:23:23Z,310,8.0,10.0,1.5,,5.6,304,1013.0,18.9,20.7,16.0,,,
2026-09-04T07:20:00Z,2026-09-12T23:23:23Z,310,8.0,9.0,1.5,9,5.6,304,1013.0,18.9,20.7,15.9,,,
2026-09-04T07:30:00Z,2026-09-12T23:23:23Z,310,8.0,10.0,,,,,1012.8,18.9,20.7,16.1,,,
2026-09-04T07:40:00Z,2026-09-12T23:23:23Z,310,8.0,10.0,1.4,,5.3,330,1012.9,18.9,20.7,15.9,,,
2026-09-04T07:50:00Z,2026-09-12T23:23:23Z,310,7.0,10.0,1.4,6,5.3,330,1013.0,18.9,20.7,15.5,,,
2026-09-04T08:00:00Z,2026-09-12T23:23:23Z,310,7.0,10.0,,,,,1013.0,19.0,,15.7,,+0.0,
2026-09-04T08:10:00Z,2026-09-12T23:23:23Z,300,7.0,9.0,,,,,1012.9,19.0,20.7,15.8,,,
2026-09-04T08:20:00Z,2026-09-12T23:23:23Z,300,7.0,9.0,1.5,13,5.6,151,1012.8,19.0,20.7,15.8,,,
2026-09-04T08:30:00Z,2026-09-12T23:23:23Z,300,7.0,9.0,,,,,1012.8,18.9,20.6,15.5,,,
2026-09-04T08:40:00Z,2026-09-12T23:23:23Z,300,8.0,10.0,1.5,,5.5,152,1012.8,18.9,20.7,15.4,,,
2026-09-04T08:50:00Z,2026-09-12T23:23:23Z,300,8.0,10.0,1.5,11,5.5,152,1012.8,18.9,20.6,15.4,,,
2026-09-04T09:00:00Z,2026-09-12T23:23:23Z,300,7.0,9.0,,,,,1012.7,18.9,20.7,15.5,,+0.0,
2026-09-04T09:10:00Z,2026-09-12T23:23:23Z,310,8.0,10.0,1.5,,5.8,290,1012.5,19.0,20.6,15.7,,,
2026-09-04T09:20:00Z,2026-09-12T23:23:23Z,310,7.0,9.0,1.5,9,5.8,290,1012.5,18.9,20.6,15.3,,,
2026-09-04T09:30:00Z,2026-09-12T23:23:23Z,300,7.0,9.0,,,,,1012.5,18.9,20.6,15.4,,,
2026-09-04T09:40:00Z,2026-09-12T23:23:23Z,300,7.0,9.0,1.6,,5.9,158,1012.4,18.9,20.6,15.5,,,
2026-09-04T09:50:00Z,2026-09-12T23:23:23Z,300,7.0,8.0,1.6,15,5.9,158,1012.4,18.8,20.6,15.4,,,
2026-09-04T10:00:00Z,2026-09-12T23:23:23Z,300,7.0,9.0,,,,,1012.3,18.8,20.6,15.4,,-0.7,
2026-09-04T10:10:00Z,2026-09-12T23:23:23Z,310,7.0,8.0,1.5,,5.7,326,1012.3,18.8,20.6,15.5,,,
2026-09-04T10:20:00Z,2026-09-12T23:23:23Z,300,7.0,9.0,1.5,6,5.7,326,1012.3,18.8,20.6,15.6,,,
2026-09-04T10:30:00Z,2026-09-12T23:23:23Z,300,7.0,8.0,,,,,1012.2,18.9,20.6,15.9,,,
2026-09-04T10:40:00Z,2026-09-12T23:23:23Z,300,7.0,8.0,1.5,,5.9,137,1012.3,18.8,20.6,15.7,,,
2026-09-04T10:50:00Z,2026-09-12T23:23:23Z,310,6.0,8.0,1.5,14,5.9,137,1012.3,18.9,20.6,15.9,,,
2026-09-04T11:00:00Z,2026-09-12T23:23:23Z,310,7.0,9.0,,,,,1012.3,18.9,20.6,15.9,,-0.7,
2026-09-04T11:10:00Z,2026-09-12T23:23:23Z,310,6.0,8.0,1.6,,6.0,155,1012.4,18.9,20.6,15.7,,,
2026-09-04T11:20:00Z,2026-09-12T23:23:23Z,310,6.0,8.0,1.6,15,6.0,155,1012.5,18.9,20.6,15.8,,,
2026-09-04T11:30:00Z,2026-09-12T23:23:23Z,310,6.0,8.0,,,,,1012.6,18.8,20.6,15.7,,,
2026-09-04T11:40:00Z,2026-09-12T23:23:23Z,310,5.0,7.0,1.7,,6.2,168,1012.5,18.9,,15.9,,,
2026-09-04T11:50:00Z,2026-09-12T23:23:23Z,310,6.0,8.0,1.7,15,6.2,168,1012.5,18.8,,15.6,,,
2026-09-04T12:00:00Z,2026-09-12T23:23:23Z,320,6.0,7.0,,,,,1012.4,18.8,20.5,15.6,,-0.0,
2026-09-04T12:10:00Z,2026-09-12T23:23:23Z,310,5.0,7.0,1.6,,6.2,143,1012.4,18.8,20.5,15.5,,,
2026-09-04T12:20:00Z,2026-09-12T23:23:23Z,310,6.0,7.0,1.6,14,6.2,143,1012.4,18.9,20.5,15.6,,,
2026-09-04T12:30:00Z,2026-09-12T23:23:23Z,310,6.0,7.0,,,,,1012.5,18.9,20.5,15.7,,,
2026-09-04T12:40:00Z,2026-09-12T23:23:23Z,310,6.0,8.0,,,,,1012.3,18.9,,15.5,,,
2026-09-04T12:50:00Z,2026-09-12T23:23:23Z,310,6.0,8.0,1.5,13,6.2,148,1012.3,19.0,20.5,15.7,,,
2026-09-04T13:00:00Z,2026-09-12T23:23:23Z,310,6.0,8.0,,,,,1012.4,18.9,20.5,15.5,,+0.0,
2026-09-04T13:10:00Z,2026-09-12T23:23:23Z,320,6.0,7.0,1.7,,6.6,158,1012.3,18.9,20.5,15.7,,,
2026-09-04T13:20:00Z,2026-09-12T23:23:23Z,320,6.0,8.0,1.7,14,6.6,158,1012.4,18.9,20.5,15.7,,,
2026-09-04T13:30:00Z,2026-09-12T23:23:23Z,320,6.0,8.0,,,,,1012.5,19.0,20.5,15.9,,,
2026-09-04T13:40:00Z,2026-09-12T23:23:23Z,320,6.0,7.0,1.7,,6.8,153,1012.6,19.0,20.5,15.7,,,
2026-09-04T13:50:00Z,2026-09-12T23:23:23Z,320,6.0,8.0,1.7,13,6.8,153,1012.6,19.0,20.6,15.6,,,
2026-09-04T14:00:00Z,2026-09-12T23:23:23Z,320,6.0,7.0,,,,,1012.8,19.1,20.6,15.7,,+0.5,
2026-09-04T14:10:00Z,2026-09-12T23:23:23Z,310,6.0,7.0,1.9,,7.1,155,1013.0,19.1,20.6,15.4,,,
2026-09-04T14:20:00Z,2026-09-12T23:23:23Z,310,5.0,6.0,1.9,14,7.1,155,1013.1,19.3,20.6,15.9,,,
2026-09-04T14:30:00Z,2026-09-12T23:23:23Z,310,5.0,7.0,,,,,1013.2,19.2,20.7,15.7,,,
2026-09-04T14:40:00Z,2026-09-12T23:23:23Z,310,6.0,7.0,1.8,,7.0,138,1013.3,19.3,20.7,16.0,,,
2026-09-04T14:50:00Z,2026-09-12T23:23:23Z,320,6.0,7.0,1.8,14,7.0,138,1013.3,19.2,20.7,15.6,,,
2026-09-04T15:00:00Z,2026-09-12T23:23:23Z,320,6.0,8.0,,,,,1013.3,19.3,20.7,15.9,,+0.8,
2026-09-04T15:10:00Z,2026-09-12T23:23:23Z,320,6.0,7.0,1.9,,7.3,161,1013.3,19.3,20.7,15.9,,,
2026-09-04T15:20:00Z,2026-09-12T23:23:23Z,320,5.0,7.0,1.9,14,7.3,161,1013.3,19.3,20.7,16.0,,,
2026-09-04T15:30:00Z,2026-09-12T23:23:23Z,320,7.0,8.0,,,,,1013.2,19.3,20.7,15.9,,,
2026-09-04T15:40:00Z,2026-09-12T23:23:23Z,310,6.0,9.0,,,,,1013.2,19.4,20.7,15.9,,,
2026-09-04T15:50:00Z,2026-09-12T23:23:23Z,320,7.0,8.0,1.9,13,7.6,162,1013.1,19.4,20.7,16.1,,,
2026-09-04T16:00:00Z,2026-09-12T23:23:23Z,320,7.0,9.0,,,,,1013.1,19.4,20.7,16.3,,+0.7,
2026-09-04T16:10:00Z,2026-09-12T23:23:23Z,320,7.0,9.0,1.8,,7.2,151,1013.3,19.4,20.7,15.9,,,
2026-09-04T16:20:00Z,2026-09-12T23:23:23Z,330,6.0,8.0,1.8,13,7.2,151,1013.3,19.5,20.8,16.1,,,
2026-09-04T16:30:00Z,2026-09-12T23:23:23Z,320,7.0,9.0,,,,,1013.4,19.6,20.8,16.4,,,
2026-09-04T16:40:00Z,2026-09-12T23:23:23Z,,,,,,,,1013.4,,20.8,,,,
2026-09-04T16:50:00Z,2026-09-12T23:23:23Z,330,7.0,8.0,1.7,14,6.8,155,1013.5,19.5,20.8,16.3,,,
2026-09-04T17:00:00Z,2026-09-12T23:23:23Z,330,6.0,8.0,,,,,1013.4,19.5,20.8,16.2,,+0.7,
2026-09-04T17:10:00Z,2026-09-12T23:23:23Z,320,6.0,8.0,1.8,,7.5,149,1013.8,19.6,20.8,16.6,,,
2026-09-04T17:20:00Z,2026-09-12T23:23:23Z,330,6.0,8.0,1.8,14,7.5,149,1014.0,19.5,20.8,16.4,,,
2026-09-04T17:30:00Z,2026-09-12T23:23:23Z,330,5.0,7.0,,,,,1014.2,19.5,20.8,16.2,,,
2026-09-04T17:40:00Z,2026-09-12T23:23:23Z,330,5.0,6.0,1.9,,7.6,152,1014.3,19.5,20.8,16.2,,,
2026-09-04T17:50:00Z,2026-09-12T23:23:23Z,330,5.0,6.0,1.9,13,7.6,152,1014.4,19.6,,16.2,,,
2026-09-04T18:00:00Z,2026-09-12T23:23:23Z,330,5.0,6.0,,,,,1014.4,19.6,20.8,16.3,,+1.1,
2026-09-04T18:10:00Z,2026-09-12T23:23:23Z,330,4.0,6.0,1.8,,7.8,151,1014.4,19.6,20.8,16.4,,,
2026-09-04T18:20:00Z,2026-09-12T23:23:23Z,330,4.0,6.0,1.8,13,7.8,151,1014.4,19.6,20.8,16.4,,,
2026-09-04T18:30:00Z,2026-09-12T23:23:23Z,320,5.0,6.0,,,,,1014.3,19.6,20.8,16.7,,,
2026-09-04T18:40:00Z,2026-09-12T23:23:23Z,320,5.0,7.0,2.2,,8.5,160,1014.3,19.6,20.8,16.7,,,
2026-09-04T18:50:00Z,2026-09-12T23:23:23Z,,,,2.2,,8.5,160,1014.2,,20.8,,,,
2026-09-04T19:00:00Z,2026-09-12T23:23:23Z,310,5.0,7.0,,,,,1014.1,19.5,20.8,16.6,,+1.0,
2026-09-04T19:10:00Z,2026-09-12T23:23:23Z,320,5.0,6.0,1.9,,7.8,147,1014.0,19.6,20.8,16.5,,,
2026-09-04T19:20:00Z,2026-09-12T23:23:23Z,310,5.0,6.0,1.9,13,7.8,147,1013.9,19.6,20.8,16.7,,,
2026-09-04T19:30:00Z,2026-09-12T23:23:23Z,320,5.0,7.0,,,,,1013.7,19.6,20.8,16.9,,,
2026-09-04T19:40:00Z,2026-09-12T23:23:23Z,320,6.0,7.0,,,,,1013.6,19.5,,16.7,,,
2026-09-04T19:50:00Z,2026-09-12T23:23:23Z,320,5.0,7.0,1.9,13,8.2,161,1013.4,19.6,20.8,16.7,,,
2026-09-04T20:00:00Z,2026-09-12T23:23:23Z,320,5.0,7.0,,,,,1013.4,19.6,20.8,16.8,,+0.0,
2026-09-04T20:10:00Z,2026-09-12T23:23:23Z,,,,,,,,1013.7,,20.8,,,,
2026-09-04T20:20:00Z,2026-09-12T23:23:23Z,310,4.0,5.0,1.9,14,8.1,158,1013.7,19.6,20.8,16.9,,,
2026-09-04T20:30:00Z,2026-09-12T23:23:23Z,310,4.0,6.0,,,,,1013.6,19.6,20.8,16.9,,,
2026-09-04T20:40:00Z,2026-09-12T23:23:23Z,310,4.0,6.0,2.1,,8.6,159,1013.6,19.6,20.9,16.8,,,
2026-09-04T20:50:00Z,2026-09-12T23:23:23Z,320,4.0,6.0,2.1,14,8.6,159,1013.5,19.7,20.8,17.0,,,
2026-09-04T21:00:00Z,2026-09-12T23:23:23Z,310,4.0,6.0,,,,,1013.6,19.7,20.9,17.0,,-0.8,
2026-09-04T21:10:00Z,2026-09-12T23:23:23Z,310,4.0,6.0,2.1,,8.9,170,1013.5,19.7,20.8,16.9,,,
2026-09-04T21:20:00Z,2026-09-12T23:23:23Z,310,4.0,6.0,2.1,14,8.9,170,1013.4,19.6,20.8,16.8,,,
2026-09-04T21:30:00Z,2026-09-12T23:23:23Z,310,4.0,7.0,,,,,1013.4,19.7,20.9,16.5,,,
2026-09-04T21:40:00Z,2026-09-12T23:23:23Z,310,4.0,6.0,2.1,,8.8,160,1013.4,19.9,20.9,16.8,,,
2026-09-04T21:50:00Z,2026-09-12T23:23:23Z,300,4.0,6.0,2.1,13,8.8,160,1013.4,19.7,20.8,16.5,,,
2026-09-04T22:00:00Z,2026-09-12T23:23:23Z,300,4.0,5.0,,,,,1013.3,19.9,20.8,16.5,,-0.7,
2026-09-04T22:10:00Z,2026-09-12T23:23:23Z,310,4.0,6.0,2.2,,9.1,150,1013.2,19.9,20.9,16.6,,,
2026-09-04T22:20:00Z,2026-09-12T23:23:23Z,300,5.0,7.0,2.2,13,9.1,150,1013.1,19.9,20.9,16.4,,,
2026-09-04T22:30:00Z,2026-09-12T23:23:23Z,300,5.0,6.0,,,,,1013.0,19.9,20.9,16.5,,,
2026-09-04T22:40:00Z,2026-09-12T23:23:23Z,300,4.0,6.0,2.3,,9.1,159,1013.0,19.9,20.9,16.6,,,
2026-09-04T22:50:00Z,2026-09-12T23:23:23Z,300,5.0,7.0,2.3,14,9.1,159,1013.0,20.0,20.9,16.9,,,
2026-09-04T23:00:00Z,2026-09-12T23:23:23Z,290,5.0,7.0,,,,,1012.9,19.9,20.9,17.1,,-0.5,
2026-09-04T23:10:00Z,2026-09-12T23:23:23Z,290,5.0,7.0,2.4,,9.3,160,1012.8,19.8,20.9,17.1,,,
2026-09-04T23:40:00Z,2026-09-12T23:23:23Z,300,6.0,8.0,,,,,1012.6,20.0,20.9,16.6,,,
2026-09-04T23:50:00Z,2026-09-12T23:23:23Z,300,6.0,8.0,2.2,13,9.4,158,1012.6,20.0,20.9,16.5,,,
2026-09-05T00:00:00Z,2026-09-12T23:23:23Z,300,6.0,9.0,,,,,1012.6,20.0,20.9,16.4,,-0.9,
2026-09-05T00:10:00Z,2026-09-12T23:23:23Z,310,7.0,9.0,2.4,,9.3,158,1012.5,20.0,20.9,16.6,,,
2026-09-05T00:20:00Z,2026-09-12T23:23:23Z,300,7.0,9.0,2.4,13,9.3,158,1012.5,19.9,20.9,16.7,,,
2026-09-05T00:30:00Z,2026-09-12T23:23:23Z,310,8.0,10.0,,,,,1012.3,19.9,20.9,16.8,,,
2026-09-05T00:40:00Z,2026-09-12T23:23:23Z,310,7.0,9.0,2.4,,9.1,155,1012.5,19.8,20.9,16.7,,,
2026-09-05T00:50:00Z,2026-09-12T23:23:23Z,310,7.0,9.0,2.4,13,9.1,155,1012.4,19.8,20.9,16.5,,,
2026-09-05T01:00:00Z,2026-09-12T23:23:23Z,310,7.0,9.0,,,,,1012.5,19.8,20.9,16.8,,-0.8,
2026-09-05T01:10:00Z,2026-09-12T23:23:23Z,310,7.0,9.0,2.5,,9.2,157,1012.3,19.8,20.9,16.7,,,
2026-09-05T01:20:00Z,2026-09-12T23:23:23Z,320,7.0,10.0,2.5,13,9.2,157,1012.3,19.8,20.9,16.8,,,
2026-09-05T01:30:00Z,2026-09-12T23:23:23Z,310,6.0,8.0,,,,,1012.4,19.9,20.9,17.0,,,
2026-09-05T01:40:00Z,2026-09-12T23:23:23Z,320,6.0,8.0,2.3,,8.7,155,1012.4,19.8,20.9,16.8,,,
2026-09-05T01:50:00Z,2026-09-12T23:23:23Z,320,7.0,9.0,2.3,13,8.7,155,1012.2,19.9,20.9,17.1,,,
2026-09-05T02:00:00Z,2026-09-12T23:23:23Z,320,8.0,10.0,,,,,1012.2,19.8,20.9,16.9,,-0.8,
2026-09-05T02:10:00Z,2026-09-12T23:23:23Z,310,7.0,10.0,2.2,,8.5,185,1012.3,19.9,20.9,17.0,,,
2026-09-05T02:20:00Z,2026-09-12T23:23:23Z,320,8.0,10.0,2.2,13,8.5,185,1012.1,19.9,20.9,17.1,,,
2026-09-05T02:30:00Z,2026-09-12T23:23:23Z,320,8.0,11.0,,,,,1012.0,19.8,20.9,17.2,,,
2026-09-05T02:40:00Z,2026-09-12T23:23:23Z,320,8.0,10.0,2.1,,8.0,177,1012.0,19.7,20.9,17.0,,,
2026-09-05T02:50:00Z,2026-09-12T23:23:23Z,320,8.0,10.0,2.1,13,8.0,177,1012.0,19.7,20.8,17.0,,,
2026-09-05T03:00:00Z,2026-09-12T23:23:23Z,320,7.0,10.0,,,,,1012.3,19.7,20.8,17.1,,-0.4,
2026-09-05T03:10:00Z,2026-09-12T23:23:23Z,310,7.0,9.0,2.2,,8.2,180,1012.4,19.7,20.8,17.1,,,
2026-09-05T03:20:00Z,2026-09-12T23:23:23Z,310,7.0,9.0,2.2,11,8.2,180,1012.5,19.8,20.8,17.2,,,
2026-09-05T03:30:00Z,2026-09-12T23:23:23Z,320,7.0,9.0,,,,,1012.7,19.8,20.8,17.3,,,
2026-09-05T03:40:00Z,2026-09-12T23:23:23Z,320,6.0,8.0,2.2,,8.2,152,1012.8,19.7,20.8,17.1,,,
2026-09-05T03:50:00Z,2026-09-12T23:23:23Z,320,7.0,9.0,2.2,13,8.2,152,1012.9,19.7,20.8,17.2,,,
2026-09-05T04:00:00Z,2026-09-12T23:23:23Z,320,6.0,9.0,,,,,1013.0,19.6,20.8,17.0,,+0.4,
2026-09-05T04:10:00Z,2026-09-12T23:23:23Z,320,6.0,9.0,,,,,1013.1,19.8,20.8,17.4,,,
2026-09-05T04:20:00Z,2026-09-12T23:23:23Z,320,6.0,8.0,2.1,13,7.9,158,1013.4,19.7,20.8,17.2,,,
2026-09-05T04:30:00Z,2026-09-12T23:23:23Z,320,6.0,8.0,,,,,1013.4,19.7,20.8,17.2,,,
2026-09-05T04:40:00Z,2026-09-12T23:23:23Z,,,,2.2,,7.8,193,1013.5,,,,,,
2026-09-05T04:50:00Z,2026-09-12T23:23:23Z,320,6.0,8.0,2.2,11,7.8,193,1013.5,19.7,20.8,17.0,,,
2026-09-05T05:00:00Z,2026-09-12T23:23:23Z,320,7.0,9.0,,,,,1013.5,19.7,20.8,17.0,,+1.3,
2026-09-05T05:10:00Z,2026-09-12T23:23:23Z,320,7.0,8.0,2.2,,8.2,177,1013.4,19.8,20.8,17.3,,,
2026-09-05T05:20:00Z,2026-09-12T23:23:23Z,320,7.0,10.0,2.2,13,8.2,177,1013.2,19.8,20.8,17.3,,,
2026-09-05T05:30:00Z,2026-09-12T23:23:23Z,320,7.0,8.0,,,,,1013.2,19.8,20.8,17.4,,,
2026-09-05T05:40:00Z,2026-09-12T23:23:23Z,320,7.0,9.0,,,,,1013.3,19.7,,17.3,,,
2026-09-05T05:50:00Z,2026-09-12T23:23:23Z,320,7.0,11.0,2.3,12,8.5,155,1013.2,19.7,20.8,17.4,,,
2026-09-05T06:00:00Z,2026-09-12T23:23:23Z,320,7.0,9.0,,,,,1013.2,19.6,20.8,17.5,,+0.9,
2026-09-05T06:10:00Z,2026-09-12T23:23:23Z,310,7.0,10.0,2.4,,8.6,155,1013.3,19.4,20.8,17.2,,,
2026-09-05T06:20:00Z,2026-09-12T23:23:23Z,320,7.0,9.0,2.4,13,8.6,155,1013.3,19.5,20.8,17.5,,,
2026-09-05T06:30:00Z,2026-09-12T23:23:23Z,330,6.0,9.0,,,,,1013.2,19.4,20.8,17.4,,,
2026-09-05T06:40:00Z,2026-09-12T23:23:23Z,320,6.0,9.0,2.4,,8.6,165,1013.3,19.4,20.8,17.3,,,
2026-09-05T06:50:00Z,2026-09-12T23:23:23Z,320,6.0,8.0,2.4,13,8.6,165,1013.4,19.4,,17.4,,,
2026-09-05T07:00:00Z,2026-09-12T23:23:23Z,320,6.0,8.0,,,,,1013.4,19.4,,17.4,,+0.5,
2026-09-05T07:10:00Z,2026-09-12T23:23:23Z,350,6.0,8.0,2.3,,8.6,160,1013.5,19.4,20.8,17.5,,,
2026-09-05T07:20:00Z,2026-09-12T23:23:23Z,340,5.0,9.0,2.3,13,8.6,160,1013.4,19.3,20.8,17.4,,,
2026-09-05T07:30:00Z,2026-09-12T23:23:23Z,320,6.0,8.0,,,,,1013.4,19.4,20.8,17.5,,,
2026-09-05T07:40:00Z,2026-09-12T23:23:23Z,330,6.0,8.0,,,,,1013.5,19.3,20.8,17.4,,,
2026-09-05T07:50:00Z,2026-09-12T23:23:23Z,340,5.0,7.0,2.3,13,8.5,152,1013.5,19.3,20.8,17.4,,,
2026-09-05T08:00:00Z,2026-09-12T23:23:23Z,340,5.0,8.0,,,,,1013.4,19.3,20.8,17.2,,-0.0,
2026-09-05T08:10:00Z,2026-09-12T23:23:23Z,340,7.0,9.0,,,,,1013.4,19.4,20.8,17.6,,,
2026-09-05T08:20:00Z,2026-09-12T23:23:23Z,330,5.0,8.0,2.4,12,9.0,156,1013.4,19.0,20.8,17.2,,,
2026-09-05T08:30:00Z,2026-09-12T23:23:23Z,330,5.0,7.0,,,,,1013.4,19.1,20.8,17.3,,,
2026-09-05T08:40:00Z,2026-09-12T23:23:23Z,340,5.0,8.0,,,,,1013.4,19.1,20.8,17.2,,,
2026-09-05T08:50:00Z,2026-09-12T23:23:23Z,330,5.0,6.0,2.4,12,9.0,155,1013.3,19.1,20.8,17.3,,,
2026-09-05T09:00:00Z,2026-09-12T23:23:23Z,340,6.0,7.0,,,,,1013.2,19.1,20.8,17.2,,+0.0,
2026-09-05T09:10:00Z,2026-09-12T23:23:23Z,350,6.0,8.0,,,,,1013.2,19.1,20.8,17.2,,,
2026-09-05T09:20:00Z,2026-09-12T23:23:23Z,360,5.0,7.0,2.3,12,8.6,152,1013.2,18.9,20.8,17.0,,,
2026-09-05T09:30:00Z,2026-09-12T23:23:23Z,10,5.0,8.0,,,,,1013.2,18.7,20.8,16.7,,,
2026-09-05T09:40:00Z,2026-09-12T23:23:23Z,340,5.0,6.0,2.5,,9.5,150,1013.1,18.8,20.8,16.9,,,
2026-09-05T09:50:00Z,2026-09-12T23:23:23Z,330,5.0,8.0,2.5,13,9.5,150,1012.9,18.8,20.8,17.0,,,
2026-09-05T10:00:00Z,2026-09-12T23:23:23Z,330,4.0,6.0,,,,,1012.9,18.8,20.8,17.1,,-0.5,
2026-09-05T10:10:00Z,2026-09-12T23:23:23Z,330,5.0,6.0,2.5,,9.3,156,1013.0,18.8,20.8,17.0,,,
2026-09-05T10:20:00Z,2026-09-12T23:23:23Z,330,4.0,6.0,2.5,13,9.3,156,1012.9,18.8,20.8,16.9,,,
2026-09-05T10:30:00Z,2026-09-12T23:23:23Z,330,5.0,7.0,,,,,1012.8,18.8,20.8,16.9,,,
2026-09-05T10:40:00Z,2026-09-12T23:23:23Z,330,5.0,7.0,,,,,1012.9,18.8,20.8,16.9,,,
2026-09-05T10:50:00Z,2026-09-12T23:23:23Z,340,4.0,6.0,2.6,12,9.4,150,1012.8,18.8,20.8,16.9,,,
2026-09-05T11:00:00Z,2026-09-12T23:23:23Z,350,5.0,7.0,,,,,1012.7,18.8,20.8,16.8,,-0.6,
2026-09-05T11:10:00Z,2026-09-12T23:23:23Z,340,3.0,7.0,2.5,,9.6,145,1012.7,18.9,20.8,16.9,,,
2026-09-05T11:20:00Z,2026-09-12T23:23:23Z,330,4.0,7.0,2.5,12,9.6,145,1012.8,18.8,20.8,16.7,,,
2026-09-05T11:30:00Z,2026-09-12T23:23:23Z,320,5.0,7.0,,,,,1012.6,18.8,20.8,16.8,,,
2026-09-05T11:40:00Z,2026-09-12T23:23:23Z,320,4.0,6.0,2.6,,9.6,149,1012.5,18.7,20.8,16.7,,,
2026-09-05T11:50:00Z,2026-09-12T23:23:23Z,330,4.0,6.0,2.6,13,9.6,149,1012.5,18.8,20.8,16.8,,,
2026-09-05T12:00:00Z,2026-09-12T23:23:23Z,330,4.0,5.0,,,,,1012.6,18.7,20.8,16.6,,-0.7,
2026-09-05T12:10:00Z,2026-09-12T23:23:23Z,320,3.0,5.0,,,,,1012.6,18.7,20.8,16.6,,,
2026-09-05T12:20:00Z,2026-09-12T23:23:23Z,320,3.0,5.0,2.7,13,10.0,153,1012.7,18.7,20.7,16.5,,,
2026-09-05T12:30:00Z,2026-09-12T23:23:23Z,310,4.0,6.0,,,,,1012.6,18.8,20.7,16.7,,,
2026-09-05T12:40:00Z,2026-09-12T23:23:23Z,310,4.0,6.0,2.7,,10.0,146,1012.6,18.9,20.7,16.8,,,
2026-09-05T12:50:00Z,2026-09-12T23:23:23Z,310,4.0,6.0,2.7,12,10.0,146,1012.6,18.8,20.8,16.7,,,
2026-09-05T13:00:00Z,2026-09-12T23:23:23Z,310,4.0,6.0,,,,,1012.6,18.8,20.8,16.7,,-0.3,
2026-09-05T13:10:00Z,2026-09-12T23:23:23Z,310,5.0,6.0,2.4,,9.2,147,1012.5,18.9,20.8,16.8,,,
2026-09-05T13:20:00Z,2026-09-12T23:23:23Z,310,4.0,6.0,2.4,13,9.2,147,1012.6,18.9,20.8,16.8,,,
2026-09-05T13:30:00Z,2026-09-12T23:23:23Z,310,4.0,6.0,,,,,1012.7,18.9,20.8,16.8,,,
2026-09-05T13:40:00Z,2026-09-12T23:23:23Z,320,4.0,6.0,2.5,,9.5,160,1012.7,18.9,20.8,16.8,,,
2026-09-05T13:50:00Z,2026-09-12T23:23:23Z,310,4.0,5.0,2.5,13,9.5,160,1013.0,18.9,20.8,16.9,,,
2026-09-05T14:00:00Z,2026-09-12T23:23:23Z,310,4.0,5.0,,,,,1013.0,19.0,20.9,17.0,,+0.3,
2026-09-05T14:10:00Z,2026-09-12T23:23:23Z,310,5.0,7.0,2.4,,9.5,154,1013.1,19.0,20.9,17.0,,,
2026-09-05T14:20:00Z,2026-09-12T23:23:23Z,310,5.0,6.0,2.4,13,9.5,154,1013.2,19.0,20.9,17.0,,,
2026-09-05T14:30:00Z,2026-09-12T23:23:23Z,320,5.0,6.0,,,,,1013.2,19.1,20.9,17.1,,,
2026-09-05T14:40:00Z,2026-09-12T23:23:23Z,310,5.0,7.0,2.5,,9.4,161,1013.3,19.0,20.9,17.0,,,
2026-09-05T14:50:00Z,2026-09-12T23:23:23Z,310,5.0,7.0,2.5,13,9.4,161,1013.4,19.1,20.8,17.1,,,
2026-09-05T15:00:00Z,2026-09-12T23:23:23Z,320,5.0,7.0,,,,,1013.5,19.1,20.8,17.0,,+0.9,
2026-09-05T15:10:00Z,2026-09-12T23:23:23Z,320,4.0,6.0,,,,,1013.7,19.1,20.8,17.0,,,
2026-09-05T15:20:00Z,2026-09-12T23:23:23Z,320,5.0,7.0,2.8,12,9.7,168,1013.5,19.1,20.8,17.0,,,
2026-09-05T15:30:00Z,2026-09-12T23:23:23Z,320,5.0,8.0,,,,,1013.6,19.1,20.8,17.0,,,
2026-09-05T15:40:00Z,2026-09-12T23:23:23Z,310,5.0,6.0,2.6,,9.6,192,1013.7,19.1,20.8,17.0,,,
2026-09-05T15:50:00Z,2026-09-12T23:23:23Z,320,5.0,7.0,2.6,11,9.6,192,1013.8,19.2,20.8,17.0,,,
2026-09-05T16:00:00Z,2026-09-12T23:23:23Z,330,5.0,6.0,,,,,1013.9,19.1,20.8,16.9,,+1.2,
2026-09-05T16:10:00Z,2026-09-12T23:23:23Z,320,4.0,6.0,2.5,,9.3,189,1013.9,19.2,20.8,17.1,,,
2026-09-05T16:20:00Z,2026-09-12T23:23:23Z,330,4.0,6.0,2.5,11,9.3,189,1014.0,19.2,20.8,17.0,,,
2026-09-05T16:30:00Z,2026-09-12T23:23:23Z,320,5.0,6.0,,,,,1014.1,19.2,20.8,17.1,,,
2026-09-05T16:40:00Z,2026-09-12T23:23:23Z,330,4.0,7.0,2.6,,9.5,173,1014.1,19.3,20.9,17.2,,,
2026-09-05T16:50:00Z,2026-09-12T23:23:23Z,330,5.0,7.0,2.6,12,9.5,173,1014.0,19.3,20.9,17.2,,,
2026-09-05T17:00:00Z,2026-09-12T23:23:23Z,330,5.0,7.0,,,,,1014.0,19.3,20.9,17.2,,+1.0,
2026-09-05T17:10:00Z,2026-09-12T23:23:23Z,320,5.0,7.0,2.3,,9.2,174,1014.0,19.4,20.9,17.4,,,
2026-09-05T17:20:00Z,2026-09-12T23:23:23Z,330,5.0,6.0,2.3,12,9.2,174,1014.0,19.4,20.9,17.3,,,
2026-09-05T17:30:00Z,2026-09-12T23:23:23Z,330,5.0,6.0,,,,,1014.1,19.4,20.9,17.3,,,
2026-09-05T17:40:00Z,2026-09-12T23:23:23Z,,,,,,,,1014.1,,20.9,,,,
2026-09-05T17:50:00Z,2026-09-12T23:23:23Z,330,5.0,6.0,2.8,11,9.8,182,1014.1,19.5,20.9,17.3,,,
2026-09-05T18:00:00Z,2026-09-12T23:23:23Z,340,5.0,7.0,,,,,1014.1,19.5,20.9,17.2,,+0.7,
2026-09-05T18:10:00Z,2026-09-12T23:23:23Z,340,5.0,7.0,2.6,,9.6,162,1014.1,19.6,20.9,17.3,,,
2026-09-05T18:20:00Z,2026-09-12T23:23:23Z,340,5.0,6.0,2.6,12,9.6,162,1014.2,19.6,20.9,17.3,,,
2026-09-05T18:30:00Z,2026-09-12T23:23:23Z,340,5.0,6.0,,,,,1014.1,19.6,20.9,17.3,,,
2026-09-05T18:40:00Z,2026-09-12T23:23:23Z,340,5.0,7.0,2.5,,9.8,219,1014.0,19.7,20.9,17.5,,,
2026-09-05T18:50:00Z,2026-09-12T23:23:23Z,340,6.0,7.0,2.5,11,9.8,219,1014.0,19.7,20.9,17.5,,,
2026-09-05T19:00:00Z,2026-09-12T23:23:23Z,340,6.0,7.0,,,,,1014.0,19.7,20.9,17.4,,+0.0,
2026-09-05T19:10:00Z,2026-09-12T23:23:23Z,350,6.0,8.0,2.5,,9.6,168,1013.9,19.8,20.9,17.4,,,
2026-09-05T19:20:00Z,2026-09-12T23:23:23Z,350,5.0,8.0,2.5,13,9.6,168,1013.9,19.8,21.0,17.4,,,
2026-09-05T19:30:00Z,2026-09-12T23:23:23Z,350,5.0,8.0,,,,,1013.9,19.8,21.0,17.4,,,
2026-09-05T19:40:00Z,2026-09-12T23:23:23Z,350,5.0,8.0,,,,,1013.8,19.8,21.0,17.4,,,
2026-09-05T19:50:00Z,2026-09-12T23:23:23Z,350,5.0,7.0,2.3,11,9.4,179,1013.8,19.8,21.0,17.4,,,
2026-09-05T20:00:00Z,2026-09-12T23:23:23Z,350,5.0,6.0,,,,,1013.6,19.8,21.0,17.4,,-0.4,
2026-09-05T20:10:00Z,2026-09-12T23:23:23Z,350,4.0,6.0,2.4,,9.8,189,1013.7,19.8,21.0,17.5,,,
2026-09-05T20:20:00Z,2026-09-12T23:23:23Z,350,4.0,6.0,2.4,12,9.8,189,1013.7,19.8,21.0,17.4,,,
2026-09-05T20:30:00Z,2026-09-12T23:23:23Z,350,4.0,6.0,,,,,1013.5,19.9,21.1,17.5,,,
2026-09-05T20:40:00Z,2026-09-12T23:23:23Z,350,5.0,6.0,,,,,1013.3,19.9,21.1,17.6,,,
2026-09-05T20:50:00Z,2026-09-12T23:23:23Z,350,5.0,7.0,2.3,13,9.6,168,1013.3,19.9,21.1,17.6,,,
2026-09-05T21:00:00Z,2026-09-12T23:23:23Z,350,5.0,7.0,,,,,1013.2,19.8,21.2,17.4,,-1.0,
2026-09-05T21:10:00Z,2026-09-12T23:23:23Z,350,4.0,6.0,,,,,1013.2,20.0,21.2,17.7,,,
2026-09-05T21:20:00Z,2026-09-12T23:23:23Z,350,4.0,6.0,2.4,12,9.7,169,1013.2,19.9,21.2,17.6,,,
2026-09-05T21:30:00Z,2026-09-12T23:23:23Z,350,4.0,6.0,,,,,1013.2,20.0,21.2,17.7,,,
2026-09-05T21:40:00Z,2026-09-12T23:23:23Z,350,4.0,5.0,,,,,1012.9,20.0,21.2,17.7,,,
2026-09-05T21:50:00Z,2026-09-12T23:23:23Z,350,5.0,6.0,2.6,12,9.8,171,1012.7,20.0,21.3,17.7,,,
2026-09-05T22:00:00Z,2026-09-12T23:23:23Z,340,4.0,6.0,,,,,1012.7,20.1,21.3,17.8,,-1.2,
2026-09-05T22:10:00Z,2026-09-12T23:23:23Z,340,5.0,7.0,2.4,,9.7,161,1012.6,20.0,21.3,17.7,,,
2026-09-05T22:20:00Z,2026-09-12T23:23:23Z,340,5.0,7.0,2.4,12,9.7,161,1012.5,20.1,21.3,17.9,,,
2026-09-05T22:30:00Z,2026-09-12T23:23:23Z,340,5.0,7.0,,,,,1012.4,20.2,21.3,18.0,,,
2026-09-05T22:40:00Z,2026-09-12T23:23:23Z,340,5.0,7.0,2.4,,9.6,163,1012.5,20.1,,17.8,,,
2026-09-05T22:50:00Z,2026-09-12T23:23:23Z,340,5.0,7.0,2.4,12,9.6,163,1012.4,20.2,21.3,17.9,,,
2026-09-05T23:00:00Z,2026-09-12T23:23:23Z,340,5.0,6.0,,,,,1012.3,20.2,21.3,17.9,,-1.3,
2026-09-05T23:10:00Z,2026-09-12T23:23:23Z,340,5.0,6.0,2.1,,9.2,193,1012.3,20.3,21.4,18.0,,,
2026-09-05T23:20:00Z,2026-09-12T23:23:23Z,340,5.0,7.0,2.1,10,9.2,193,1012.2,20.2,21.4,17.9,,,
2026-09-05T23:40:00Z,2026-09-12T23:23:23Z,340,5.0,7.0,,,,,1012.1,20.3,21.3,18.0,,,
2026-09-05T23:50:00Z,2026-09-12T23:23:23Z,350,5.0,7.0,2.3,12,9.6,172,1011.9,20.3,21.3,18.0,,,
2026-09-06T00:00:00Z,2026-09-12T23:23:23Z,350,6.0,7.0,,,,,1011.9,20.3,21.3,18.0,,-1.2,
2026-09-06T00:10:00Z,2026-09-12T23:23:23Z,340,6.0,7.0,2.4,,9.6,166,1011.9,20.3,21.3,17.9,,,
2026-09-06T00:20:00Z,2026-09-12T23:23:23Z,340,5.0,7.0,2.4,11,9.6,166,1011.9,20.4,21.3,18.2,,,
2026-09-06T00:30:00Z,2026-09-12T23:23:23Z,340,6.0,7.0,,,,,1011.9,20.3,21.3,18.0,,,
2026-09-06T00:40:00Z,2026-09-12T23:23:23Z,330,5.0,7.0,,,,,1012.0,20.3,21.3,18.0,,,
2026-09-06T00:50:00Z,2026-09-12T23:23:23Z,340,5.0,7.0,2.3,11,9.4,201,1012.0,20.4,21.3,18.2,,,
2026-09-06T01:00:00Z,2026-09-12T23:23:23Z,330,5.0,7.0,,,,,1012.0,20.4,21.3,18.2,,-0.7,
2026-09-06T01:10:00Z,2026-09-12T23:23:23Z,330,5.0,7.0,2.5,,9.6,209,1012.2,20.5,21.3,18.3,,,
2026-09-06T01:20:00Z,2026-09-12T23:23:23Z,330,6.0,7.0,2.5,11,9.6,209,1012.1,20.4,21.3,18.2,,,
2026-09-06T01:30:00Z,2026-09-12T23:23:23Z,340,5.0,7.0,,,,,1012.1,20.5,21.2,18.4,,,
2026-09-06T01:40:00Z,2026-09-12T23:23:23Z,330,5.0,7.0,,,,,1012.0,20.3,21.2,18.1,,,
2026-09-06T01:50:00Z,2026-09-12T23:23:23Z,330,5.0,7.0,2.4,12,9.4,167,1011.9,20.3,21.2,18.0,,,
2026-09-06T02:00:00Z,2026-09-12T23:23:23Z,330,5.0,7.0,,,,,1011.8,20.3,21.2,17.9,,-0.5,
2026-09-06T02:10:00Z,2026-09-12T23:23:23Z,330,6.0,7.0,2.5,,9.3,176,1011.9,20.4,21.2,17.9,,,
2026-09-06T02:20:00Z,2026-09-12T23:23:23Z,330,6.0,8.0,2.5,11,9.3,176,1011.8,20.4,21.2,18.0,,,
2026-09-06T02:30:00Z,2026-09-12T23:23:23Z,330,6.0,7.0,,,,,1011.8,20.3,21.2,18.0,,,
2026-09-06T02:40:00Z,2026-09-12T23:23:23Z,330,5.0,7.0,1.9,,8.5,183,1011.7,20.3,21.2,18.0,,,
2026-09-06T02:50:00Z,2026-09-12T23:23:23Z,340,6.0,8.0,1.9,14,8.5,183,1011.6,20.3,21.2,17.9,,,
2026-09-06T03:00:00Z,2026-09-12T23:23:23Z,330,6.0,8.0,,,,,1011.7,20.3,21.2,17.8,,-0.3,
2026-09-06T03:10:00Z,2026-09-12T23:23:23Z,330,6.0,8.0,2.2,,8.9,173,1011.8,20.3,21.1,17.8,,,
2026-09-06T03:20:00Z,2026-09-12T23:23:23Z,330,7.0,9.0,2.2,14,8.9,173,1011.8,20.4,21.1,17.6,,,
2026-09-06T03:30:00Z,2026-09-12T23:23:23Z,330,6.0,8.0,,,,,1011.8,20.5,21.1,18.0,,,
2026-09-06T03:40:00Z,2026-09-12T23:23:23Z,,,,,,,,1011.9,,,,,,
2026-09-06T03:50:00Z,2026-09-12T23:23:23Z,340,7.0,9.0,2.1,13,8.7,167,1011.9,20.4,21.1,17.7,,,
2026-09-06T04:00:00Z,2026-09-12T23:23:23Z,340,7.0,8.0,,,,,1012.1,20.4,21.1,17.7,,-0.0,
2026-09-06T04:10:00Z,2026-09-12T23:23:23Z,330,6.0,8.0,2.2,,8.4,183,1012.1,20.5,21.0,17.7,,,
2026-09-06T04:20:00Z,2026-09-12T23:23:23Z,340,7.0,8.0,2.2,12,8.4,183,1012.2,20.5,21.0,17.6,,,
2026-09-06T04:30:00Z,2026-09-12T23:23:23Z,340,7.0,9.0,,,,,1012.3,20.6,21.0,17.5,,,
2026-09-06T04:40:00Z,2026-09-12T23:23:23Z,340,7.0,8.0,2.3,,8.8,171,1012.5,20.6,21.0,17.4,,,
2026-09-06T04:50:00Z,2026-09-12T23:23:23Z,340,6.0,8.0,2.3,13,8.8,171,1012.4,20.7,21.0,17.5,,,
2026-09-06T05:00:00Z,2026-09-12T23:23:23Z,340,7.0,9.0,,,,,1012.2,20.7,21.0,17.3,,+0.3,
2026-09-06T05:10:00Z,2026-09-12T23:23:23Z,340,7.0,8.0,2.3,,8.6,200,1012.3,20.7,21.0,17.3,,,
2026-09-06T05:20:00Z,2026-09-12T23:23:23Z,340,7.0,9.0,2.3,11,8.6,200,1012.3,20.7,21.0,17.3,,,
2026-09-06T05:30:00Z,2026-09-12T23:23:23Z,340,7.0,9.0,,,,,1012.4,20.7,21.0,17.2,,,
2026-09-06T05:40:00Z,2026-09-12T23:23:23Z,340,6.0,8.0,2.2,,8.4,175,1012.3,20.8,21.0,17.3,,,
2026-09-06T05:50:00Z,2026-09-12T23:23:23Z,340,6.0,8.0,2.2,13,8.4,175,1012.3,20.7,21.0,17.3,,,
2026-09-06T06:00:00Z,2026-09-12T23:23:23Z,340,6.0,8.0,,,,,1012.4,20.7,21.0,17.3,,+0.8,
2026-09-06T06:10:00Z,2026-09-12T23:23:23Z,340,6.0,7.0,2.3,,8.6,179,1012.4,20.7,21.0,17.6,,,
2026-09-06T06:20:00Z,2026-09-12T23:23:23Z,340,6.0,8.0,2.3,13,8.6,179,1012.4,20.6,21.0,17.5,,,
2026-09-06T06:30:00Z,2026-09-12T23:23:23Z,340,6.0,8.0,,,,,1012.4,20.7,21.0,17.8,,,
2026-09-06T06:40:00Z,2026-09-12T23:23:23Z,340,7.0,8.0,2.2,,8.6,162,1012.4,20.5,21.0,17.5,,,
2026-09-06T06:50:00Z,2026-09-12T23:23:23Z,340,6.0,8.0,2.2,12,8.6,162,1012.3,20.6,21.0,17.7,,,
2026-09-06T07:00:00Z,2026-09-12T23:23:23Z,340,6.0,8.0,,,,,1012.6,20.6,21.0,17.8,,+0.6,
2026-09-06T07:10:00Z,2026-09-12T23:23:23Z,340,6.0,7.0,2.5,,9.0,170,1012.6,20.5,21.0,17.9,,,
2026-09-06T07:20:00Z,2026-09-12T23:23:23Z,340,6.0,8.0,2.5,13,9.0,170,1012.6,20.5,21.0,18.1,,,
2026-09-06T07:30:00Z,2026-09-12T23:23:23Z,340,6.0,7.0,,,,,1012.6,20.5,21.0,18.1,,,
2026-09-06T07:40:00Z,2026-09-12T23:23:23Z,340,5.0,7.0,2.3,,8.7,173,1012.7,20.5,21.0,18.3,,,
2026-09-06T07:50:00Z,2026-09-12T23:23:23Z,340,5.0,7.0,2.3,12,8.7,173,1012.6,20.4,21.0,18.2,,,
2026-09-06T08:00:00Z,2026-09-12T23:23:23Z,350,5.0,7.0,,,,,1012.5,20.4,21.0,18.1,,+0.4,
2026-09-06T08:10:00Z,2026-09-12T23:23:23Z,340,5.0,7.0,2.5,,9.0,173,1012.5,20.5,21.0,18.3,,,
2026-09-06T08:20:00Z,2026-09-12T23:23:23Z,340,5.0,7.0,2.5,12,9.0,173,1012.4,20.4,21.0,18.0,,,
2026-09-06T08:30:00Z,2026-09-12T23:23:23Z,340,6.0,8.0,,,,,1012.3,20.5,21.0,18.1,,,
2026-09-06T08:40:00Z,2026-09-12T23:23:23Z,340,5.0,7.0,,,,,1012.3,20.5,21.0,18.4,,,
2026-09-06T08:50:00Z,2026-09-12T23:23:23Z,340,6.0,8.0,2.1,12,8.4,176,1012.3,20.5,21.0,18.4,,,
2026-09-06T09:00:00Z,2026-09-12T23:23:23Z,340,6.0,7.0,,,,,1012.2,20.5,21.0,18.5,,+0.0,
2026-09-06T09:10:00Z,2026-09-12T23:23:23Z,340,6.0,8.0,,,,,1012.2,20.4,21.0,18.3,,,
2026-09-06T09:20:00Z,2026-09-12T23:23:23Z,340,6.0,8.0,2.3,11,8.9,172,1012.1,20.4,21.0,18.3,,,
2026-09-06T09:30:00Z,2026-09-12T23:23:23Z,330,6.0,8.0,,,,,1012.1,20.5,21.0,18.6,,,
2026-09-06T09:40:00Z,2026-09-12T23:23:23Z,340,6.0,8.0,2.4,,9.1,167,1012.0,20.4,21.0,18.6,,,
2026-09-06T09:50:00Z,2026-09-12T23:23:23Z,340,6.0,8.0,2.4,12,9.1,167,1011.9,20.4,21.0,18.6,,,
2026-09-06T10:00:00Z,2026-09-12T23:23:23Z,340,6.0,8.0,,,,,1011.7,20.4,21.0,18.7,,-0.9,
2026-09-06T10:10:00Z,2026-09-12T23:23:23Z,330,6.0,8.0,2.3,,8.8,161,1011.8,20.4,21.0,18.8,,,
2026-09-06T10:20:00Z,2026-09-12T23:23:23Z,340,6.0,7.0,2.3,13,8.8,161,1011.9,20.3,21.0,18.8,,,
2026-09-06T10:30:00Z,2026-09-12T23:23:23Z,330,6.0,8.0,,,,,1011.8,20.3,21.0,18.8,,,
2026-09-06T10:40:00Z,2026-09-12T23:23:23Z,330,6.0,8.0,,,,,1011.8,20.3,21.0,18.7,,,
2026-09-06T10:50:00Z,2026-09-12T23:23:23Z,330,6.0,8.0,2.5,12,9.2,170,1011.9,20.3,21.0,18.6,,,
2026-09-06T11:00:00Z,2026-09-12T23:23:23Z,340,6.0,8.0,,,,,1011.8,20.3,21.0,18.5,,-0.7,
2026-09-06T11:10:00Z,2026-09-12T23:23:23Z,340,6.0,7.0,2.0,,8.4,198,1011.9,20.3,21.0,18.5,,,
2026-09-06T11:20:00Z,2026-09-12T23:23:23Z,330,6.0,8.0,2.0,11,8.4,198,1011.8,20.3,21.0,18.6,,,
2026-09-06T11:30:00Z,2026-09-12T23:23:23Z,340,6.0,8.0,,,,,1011.8,20.3,21.0,18.6,,,
2026-09-06T11:40:00Z,2026-09-12T23:23:23Z,340,6.0,8.0,2.2,,8.4,169,1011.8,20.3,20.9,18.6,,,
2026-09-06T11:50:00Z,2026-09-12T23:23:23Z,340,6.0,8.0,2.2,12,8.4,169,1011.7,20.3,20.9,18.4,,,
2026-09-06T12:00:00Z,2026-09-12T23:23:23Z,340,6.0,7.0,,,,,1011.8,20.4,20.9,18.5,,-0.5,
2026-09-06T12:10:00Z,2026-09-12T23:23:23Z,340,6.0,8.0,2.5,,9.0,163,1011.6,20.4,20.9,18.4,,,
2026-09-06T12:20:00Z,2026-09-12T23:23:23Z,340,5.0,7.0,2.5,12,9.0,163,1011.6,20.4,20.9,18.4,,,
2026-09-06T12:30:00Z,2026-09-12T23:23:23Z,340,5.0,7.0,,,,,1011.6,20.4,20.9,18.5,,,
2026-09-06T12:40:00Z,2026-09-12T23:23:23Z,340,5.0,6.0,,,,,1011.9,20.4,20.9,18.5,,,
2026-09-06T12:50:00Z,2026-09-12T23:23:23Z,340,4.0,7.0,2.2,11,8.6,167,1011.9,20.4,20.9,18.5,,,
2026-09-06T13:00:00Z,2026-09-12T23:23:23Z,340,5.0,7.0,,,,,1012.0,20.4,20.9,18.5,,+0.0,
2026-09-06T13:10:00Z,2026-09-12T23:23:23Z,340,5.0,7.0,2.2,,8.4,155,1011.9,20.3,20.9,18.5,,,
2026-09-06T13:20:00Z,2026-09-12T23:23:23Z,340,5.0,7.0,2.2,12,8.4,155,1011.9,20.3,20.9,18.6,,,
2026-09-06T13:30:00Z,2026-09-12T23:23:23Z,330,5.0,7.0,,,,,1012.1,20.4,20.9,18.7,,,
2026-09-06T13:40:00Z,2026-09-12T23:23:23Z,330,5.0,7.0,2.3,,8.8,157,1012.4,20.4,20.9,18.7,,,
2026-09-06T13:50:00Z,2026-09-12T23:23:23Z,320,6.0,8.0,2.3,12,8.8,157,1012.4,20.3,20.9,18.6,,,
2026-09-06T14:00:00Z,2026-09-12T23:23:23Z,330,6.0,7.0,,,,,1012.3,20.3,20.9,18.7,,+0.5,
2026-09-06T14:10:00Z,2026-09-12T23:23:23Z,340,6.0,8.0,1.9,,7.7,175,1012.3,20.3,20.9,18.7,,,
2026-09-06T14:20:00Z,2026-09-12T23:23:23Z,340,7.0,9.0,1.9,11,7.7,175,1012.1,20.0,20.9,18.2,,,
2026-09-06T14:30:00Z,2026-09-12T23:23:23Z,340,7.0,9.0,,,,,1012.3,20.2,20.8,18.4,,,
2026-09-06T14:40:00Z,2026-09-12T23:23:23Z,340,7.0,9.0,2.1,,8.1,172,1012.4,19.6,20.8,17.1,,,
2026-09-06T14:50:00Z,2026-09-12T23:23:23Z,340,6.0,8.0,2.1,13,8.1,172,1012.5,20.0,20.8,16.7,,,
2026-09-06T15:00:00Z,2026-09-12T23:23:23Z,340,7.0,9.0,,,,,1012.6,20.4,20.8,17.8,,+0.9,
2026-09-06T15:10:00Z,2026-09-12T23:23:23Z,340,7.0,10.0,2.2,,8.3,173,1013.0,20.2,20.8,18.1,,,
2026-09-06T15:20:00Z,2026-09-12T23:23:23Z,340,6.0,9.0,2.2,12,8.3,173,1013.1,19.9,20.8,17.7,,,
2026-09-06T15:30:00Z,2026-09-12T23:23:23Z,350,6.0,8.0,,,,,1013.0,20.0,20.8,17.6,,,
2026-09-06T15:40:00Z,2026-09-12T23:23:23Z,350,6.0,8.0,2.2,,8.1,180,1013.0,20.1,,17.8,,,
2026-09-06T15:50:00Z,2026-09-12T23:23:23Z,350,7.0,9.0,2.2,11,8.1,180,1013.0,19.7,20.8,16.7,,,
2026-09-06T16:00:00Z,2026-09-12T23:23:23Z,350,7.0,9.0,,,,,1013.0,20.1,20.8,16.2,,+1.1,
2026-09-06T16:10:00Z,2026-09-12T23:23:23Z,,,,2.3,,8.5,169,1013.0,,20.7,,,,
2026-09-06T16:20:00Z,2026-09-12T23:23:23Z,350,7.0,9.0,2.3,11,8.5,169,1013.1,20.2,20.7,16.9,,,
2026-09-06T16:30:00Z,2026-09-12T23:23:23Z,350,7.0,10.0,,,,,1013.1,20.1,20.7,16.7,,,
2026-09-06T16:40:00Z,2026-09-12T23:23:23Z,360,8.0,10.0,2.4,,8.4,177,1013.1,20.4,20.7,17.5,,,
2026-09-06T16:50:00Z,2026-09-12T23:23:23Z,360,7.0,10.0,2.4,11,8.4,177,1013.2,20.3,20.7,18.1,,,
2026-09-06T17:00:00Z,2026-09-12T23:23:23Z,360,7.0,9.0,,,,,1013.2,20.3,20.7,18.3,,+0.9,
2026-09-06T17:10:00Z,2026-09-12T23:23:23Z,360,7.0,10.0,2.2,,7.9,170,1013.3,20.3,20.7,18.4,,,
2026-09-06T17:20:00Z,2026-09-12T23:23:23Z,360,7.0,9.0,2.2,13,7.9,170,1013.4,20.1,20.7,18.3,,,
2026-09-06T17:30:00Z,2026-09-12T23:23:23Z,360,7.0,9.0,,,,,1013.5,19.9,20.7,18.0,,,
2026-09-06T17:40:00Z,2026-09-12T23:23:23Z,360,6.0,9.0,,,,,1013.6,19.9,20.7,18.0,,,
2026-09-06T17:50:00Z,2026-09-12T23:23:23Z,10,7.0,9.0,2.4,11,8.2,186,1013.5,19.8,20.7,17.7,,,
2026-09-06T18:00:00Z,2026-09-12T23:23:23Z,10,6.0,8.0,,,,,1013.5,19.9,20.7,17.9,,+0.8,
2026-09-06T18:10:00Z,2026-09-12T23:23:23Z,10,6.0,9.0,2.3,,8.0,177,1013.6,19.9,20.7,17.7,,,
2026-09-06T18:20:00Z,2026-09-12T23:23:23Z,10,7.0,9.0,2.3,11,8.0,177,1013.4,20.0,20.7,17.5,,,
2026-09-06T18:30:00Z,2026-09-12T23:23:23Z,360,7.0,9.0,,,,,1013.6,20.1,20.7,17.8,,,
2026-09-06T18:40:00Z,2026-09-12T23:23:23Z,360,7.0,10.0,2.5,,8.4,168,1013.5,19.9,20.7,17.7,,,
2026-09-06T18:50:00Z,2026-09-12T23:23:23Z,10,6.0,8.0,2.5,12,8.4,168,1013.4,19.9,20.7,17.8,,,
2026-09-06T19:00:00Z,2026-09-12T23:23:23Z,10,6.0,8.0,,,,,1013.4,19.9,20.7,17.8,,+0.3,
2026-09-06T19:10:00Z,2026-09-12T23:23:23Z,10,6.0,8.0,2.1,,7.6,187,1013.3,19.9,20.7,17.9,,,
2026-09-06T19:20:00Z,2026-09-12T23:23:23Z,10,7.0,9.0,2.1,14,7.6,187,1013.3,19.8,20.7,17.9,,,
2026-09-06T19:30:00Z,2026-09-12T23:23:23Z,360,7.0,9.0,,,,,1013.3,19.8,20.7,17.8,,,
2026-09-06T19:40:00Z,2026-09-12T23:23:23Z,360,7.0,9.0,,,,,1013.2,19.9,20.7,17.9,,,
2026-09-06T19:50:00Z,2026-09-12T23:23:23Z,360,7.0,9.0,2.3,11,8.1,188,1013.2,19.8,20.7,17.9,,,
2026-09-06T20:00:00Z,2026-09-12T23:23:23Z,10,7.0,9.0,,,,,1013.0,19.7,20.7,17.9,,+0.0,
2026-09-06T20:10:00Z,2026-09-12T23:23:23Z,360,7.0,9.0,2.4,,8.2,184,1013.1,19.7,20.7,18.0,,,
2026-09-06T20:20:00Z,2026-09-12T23:23:23Z,360,7.0,9.0,2.4,12,8.2,184,1013.1,19.6,20.7,18.0,,,
2026-09-06T20:30:00Z,2026-09-12T23:23:23Z,10,7.0,9.0,,,,,1013.0,19.6,20.7,18.1,,,
2026-09-06T20:40:00Z,2026-09-12T23:23:23Z,360,7.0,8.0,2.3,,8.1,184,1012.9,19.5,20.7,18.0,,,
2026-09-06T20:50:00Z,2026-09-12T23:23:23Z,360,7.0,9.0,2.3,12,8.1,184,1012.8,19.5,20.7,18.0,,,
2026-09-06T21:00:00Z,2026-09-12T23:23:23Z,360,7.0,9.0,,,,,1012.7,19.5,20.7,18.1,,-0.8,
2026-09-06T21:10:00Z,2026-09-12T23:23:23Z,10,7.0,9.0,2.2,,7.9,177,1012.5,19.4,20.7,18.1,,,
2026-09-06T21:20:00Z,2026-09-12T23:23:23Z,10,7.0,8.0,2.2,13,7.9,177,1012.6,19.4,20.7,18.0,,,
2026-09-06T21:30:00Z,2026-09-12T23:23:23Z,10,7.0,9.0,,,,,1012.3,19.6,20.7,18.2,,,
2026-09-06T21:40:00Z,2026-09-12T23:23:23Z,10,7.0,10.0,2.4,,8.4,186,1012.4,19.8,20.7,18.4,,,
2026-09-06T21:50:00Z,2026-09-12T23:23:23Z,360,7.0,9.0,2.4,13,8.4,186,1012.3,19.8,20.7,18.5,,,
2026-09-06T22:00:00Z,2026-09-12T23:23:23Z,360,7.0,9.0,,,,,1012.3,19.8,20.7,18.6,,-1.0,
2026-09-06T22:10:00Z,2026-09-12T23:23:23Z,,,,,,,,1012.2,,,,,,
2026-09-06T22:20:00Z,2026-09-12T23:23:23Z,360,7.0,9.0,2.3,11,8.2,170,1012.0,19.9,20.7,18.9,,,
2026-09-06T22:30:00Z,2026-09-12T23:23:23Z,360,6.0,8.0,,,,,1012.0,19.9,20.7,19.0,,,
2026-09-06T22:40:00Z,2026-09-12T23:23:23Z,360,7.0,9.0,2.1,,7.8,181,1012.0,19.9,20.7,18.9,,,
2026-09-06T22:50:00Z,2026-09-12T23:23:23Z,360,6.0,8.0,2.1,13,7.8,181,1011.8,20.0,20.7,19.0,,,
2026-09-06T23:00:00Z,2026-09-12T23:23:23Z,350,6.0,8.0,,,,,1011.8,20.1,20.8,19.1,,-1.3,
2026-09-06T23:10:00Z,2026-09-12T23:23:23Z,350,6.0,8.0,2.1,,7.6,187,1011.6,20.1,20.8,19.2,,,
2026-09-06T23:30:00Z,2026-09-12T23:23:23Z,350,6.0,7.0,,,,,1011.6,20.2,20.8,19.2,,,
2026-09-06T23:40:00Z,2026-09-12T23:23:23Z,350,6.0,8.0,2.2,,8.2,180,1011.5,20.0,20.8,18.8,,,
2026-09-06T23:50:00Z,2026-09-12T23:23:23Z,350,6.0,7.0,2.2,12,8.2,180,1011.5,20.2,20.8,18.8,,,
2026-09-07T00:00:00Z,2026-09-12T23:23:23Z,350,6.0,8.0,,,,,1011.5,20.4,20.8,19.0,,-1.1,
2026-09-07T00:10:00Z,2026-09-12T23:23:23Z,350,6.0,8.0,2.2,,7.9,179,1011.5,20.4,20.8,19.0,,,
2026-09-07T00:20:00Z,2026-09-12T23:23:23Z,350,6.0,8.0,2.2,12,7.9,179,1011.3,20.4,20.8,18.9,,,
2026-09-07T00:30:00Z,2026-09-12T23:23:23Z,350,6.0,8.0,,,,,1011.4,20.5,20.8,19.0,,,
2026-09-07T00:40:00Z,2026-09-12T23:23:23Z,350,6.0,8.0,2.2,,8.1,169,1011.4,20.6,20.8,19.1,,,
2026-09-07T00:50:00Z,2026-09-12T23:23:23Z,350,5.0,7.0,2.2,12,8.1,169,1011.3,20.8,20.8,19.3,,,
2026-09-07T01:00:00Z,2026-09-12T23:23:23Z,350,5.0,7.0,,,,,1011.4,20.8,20.8,19.4,,-1.0,
2026-09-07T01:10:00Z,2026-09-12T23:23:23Z,350,5.0,6.0,2.2,,7.8,168,1011.4,20.7,20.8,19.4,,,
2026-09-07T01:20:00Z,2026-09-12T23:23:23Z,350,5.0,7.0,2.2,11,7.8,168,1011.3,20.7,20.7,19.5,,,
2026-09-07T01:30:00Z,2026-09-12T23:23:23Z,340,5.0,7.0,,,,,1011.3,20.7,20.7,19.5,,,
2026-09-07T01:40:00Z,2026-09-12T23:23:23Z,340,5.0,7.0,,,,,1011.3,20.6,20.7,19.5,,,
2026-09-07T01:50:00Z,2026-09-12T23:23:23Z,340,5.0,7.0,2.3,14,8.0,183,1011.3,20.6,20.7,19.5,,,
2026-09-07T02:00:00Z,2026-09-12T23:23:23Z,340,5.0,7.0,,,,,1011.3,20.6,20.7,19.5,,-0.5,
2026-09-07T02:10:00Z,2026-09-12T23:23:23Z,340,5.0,7.0,2.2,,8.0,189,1011.2,20.7,20.7,19.6,,,
2026-09-07T02:20:00Z,2026-09-12T23:23:23Z,340,5.0,7.0,2.2,15,8.0,189,1011.2,20.7,20.7,19.6,,,
2026-09-07T02:30:00Z,2026-09-12T23:23:23Z,340,6.0,8.0,,,,,1011.1,20.7,20.7,19.7,,,
2026-09-07T02:40:00Z,2026-09-12T23:23:23Z,340,6.0,8.0,2.2,,7.6,173,1011.2,20.7,20.7,19.8,,,
2026-09-07T02:50:00Z,2026-09-12T23:23:23Z,340,7.0,8.0,2.2,12,7.6,173,1011.2,20.5,20.7,19.7,,,
2026-09-07T03:00:00Z,2026-09-12T23:23:23Z,330,6.0,8.0,,,,,1011.3,20.4,20.7,19.7,,-0.3,
2026-09-07T03:10:00Z,2026-09-12T23:23:23Z,340,7.0,9.0,2.3,,8.2,174,1011.2,20.4,20.7,19.7,,,
2026-09-07T03:20:00Z,2026-09-12T23:23:23Z,340,7.0,9.0,2.3,13,8.2,174,1011.2,20.4,20.7,19.8,,,
2026-09-07T03:30:00Z,2026-09-12T23:23:23Z,340,7.0,9.0,,,,,1011.4,20.3,20.7,19.7,,,
2026-09-07T03:40:00Z,2026-09-12T23:23:23Z,340,7.0,9.0,2.5,,8.5,182,1011.5,20.4,20.7,19.8,,,
2026-09-07T03:50:00Z,2026-09-12T23:23:23Z,340,6.0,8.0,2.5,12,8.5,182,1011.7,20.5,20.7,20.0,,,
2026-09-07T04:00:00Z,2026-09-12T23:23:23Z,340,6.0,8.0,,,,,1011.8,20.5,20.7,20.0,,+0.4,
2026-09-07T04:10:00Z,2026-09-12T23:23:23Z,340,6.0,8.0,2.5,,8.4,177,1011.9,20.5,20.7,20.0,,,
2026-09-07T04:20:00Z,2026-09-12T23:23:23Z,340,5.0,7.0,2.5,13,8.4,177,1012.0,20.6,20.7,20.1,,,
2026-09-07T04:30:00Z,2026-09-12T23:23:23Z,340,6.0,8.0,,,,,1012.2,20.7,20.7,20.2,,,
2026-09-07T04:40:00Z,2026-09-12T23:23:23Z,340,6.0,8.0,,,,,1012.2,20.6,20.7,20.1,,,
2026-09-07T04:50:00Z,2026-09-12T23:23:23Z,340,6.0,8.0,2.4,12,8.2,175,1012.2,20.5,20.7,20.0,,,
2026-09-07T05:00:00Z,2026-09-12T23:23:23Z,340,6.0,8.0,,,,,1012.3,20.4,20.7,19.8,,+1.1,
2026-09-07T05:10:00Z,2026-09-12T23:23:23Z,350,6.0,8.0,2.1,,7.5,183,1012.4,20.4,20.7,19.8,,,
2026-09-07T05:20:00Z,2026-09-12T23:23:23Z,340,6.0,9.0,2.1,13,7.5,183,1012.4,20.3,20.6,19.6,,,
2026-09-07T05:30:00Z,2026-09-12T23:23:23Z,350,6.0,9.0,,,,,1012.3,20.3,20.6,19.6,,,
2026-09-07T05:40:00Z,2026-09-12T23:23:23Z,340,7.0,9.0,,,,,1012.2,20.3,20.6,19.5,,,
2026-09-07T05:50:00Z,2026-09-12T23:23:23Z,350,7.0,9.0,2.8,14,9.1,179,1012.2,20.4,20.6,19.6,,,
2026-09-07T06:00:00Z,2026-09-12T23:23:23Z,350,7.0,9.0,,,,,1012.2,20.3,20.6,19.5,,+1.0,
2026-09-07T06:10:00Z,2026-09-12T23:23:23Z,350,7.0,8.0,2.3,,8.1,173,1012.1,20.2,20.6,19.3,,,
2026-09-07T06:20:00Z,2026-09-12T23:23:23Z,350,6.0,8.0,2.3,11,8.1,173,1012.0,20.3,20.6,19.3,,,
2026-09-07T06:30:00Z,2026-09-12T23:23:23Z,350,6.0,9.0,,,,,1011.9,20.4,20.6,19.3,,,
2026-09-07T06:40:00Z,2026-09-12T23:23:23Z,340,6.0,8.0,,,,,1012.0,20.5,20.6,19.4,,,
2026-09-07T06:50:00Z,2026-09-12T23:23:23Z,340,6.0,9.0,2.1,13,7.9,173,1012.1,20.5,20.6,19.5,,,
2026-09-07T07:00:00Z,2026-09-12T23:23:23Z,340,7.0,9.0,,,,,1011.9,20.5,20.6,19.4,,+0.0,
2026-09-07T07:10:00Z,2026-09-12T23:23:23Z,350,7.0,9.0,2.4,,8.3,182,1011.8,20.5,20.6,19.4,,,
2026-09-07T07:20:00Z,2026-09-12T23:23:23Z,340,7.0,8.0,2.4,13,8.3,182,1011.9,20.5,20.6,19.3,,,
2026-09-07T07:30:00Z,2026-09-12T23:23:23Z,340,7.0,9.0,,,,,1011.8,20.5,20.6,19.3,,,
2026-09-07T07:40:00Z,2026-09-12T23:23:23Z,340,7.0,9.0,2.2,,7.8,174,1011.9,20.4,20.6,19.1,,,
2026-09-07T07:50:00Z,2026-09-12T23:23:23Z,340,7.0,10.0,2.2,12,7.8,174,1011.9,20.5,20.6,19.0,,,
2026-09-07T08:00:00Z,2026-09-12T23:23:23Z,340,7.0,9.0,,,,,1011.9,20.4,20.6,18.7,,-0.4,
2026-09-07T08:10:00Z,2026-09-12T23:23:23Z,340,7.0,9.0,2.2,,7.9,190,1012.0,20.5,20.6,18.6,,,
2026-09-07T08:20:00Z,2026-09-12T23:23:23Z,330,7.0,9.0,2.2,14,7.9,190,1011.9,20.6,20.6,18.7,,,
2026-09-07T08:30:00Z,2026-09-12T23:23:23Z,340,7.0,9.0,,,,,1011.9,20.6,20.6,18.7,,,
2026-09-07T08:40:00Z,2026-09-12T23:23:23Z,340,7.0,9.0,,,,,1011.8,20.6,20.6,18.7,,,
2026-09-07T08:50:00Z,2026-09-12T23:23:23Z,340,8.0,9.0,2.2,13,7.7,179,1011.7,20.6,20.6,18.7,,,
2026-09-07T09:00:00Z,2026-09-12T23:23:23Z,340,8.0,9.0,,,,,1011.7,20.5,20.6,18.7,,-0.5,
2026-09-07T09:10:00Z,2026-09-12T23:23:23Z,330,7.0,9.0,,,,,1011.8,20.5,20.6,18.6,,,
2026-09-07T09:20:00Z,2026-09-12T23:23:23Z,330,7.0,9.0,2.0,13,7.2,175,1011.5,20.5,20.6,18.6,,,
2026-09-07T09:30:00Z,2026-09-12T23:23:23Z,340,7.0,8.0,,,,,1011.4,20.5,20.6,18.3,,,
2026-09-07T09:40:00Z,2026-09-12T23:23:23Z,330,7.0,8.0,1.8,,7.3,171,1011.4,20.6,20.6,18.3,,,
2026-09-07T09:50:00Z,2026-09-12T23:23:23Z,330,7.0,8.0,1.8,14,7.3,171,1011.3,20.6,20.6,18.3,,,
2026-09-07T10:00:00Z,2026-09-12T23:23:23Z,340,7.0,9.0,,,,,1011.1,20.6,20.6,18.4,,-0.8,
2026-09-07T10:10:00Z,2026-09-12T23:23:23Z,340,7.0,9.0,1.9,,7.7,183,1011.0,20.5,20.6,18.3,,,
2026-09-07T10:20:00Z,2026-09-12T23:23:23Z,330,7.0,9.0,1.9,13,7.7,183,1011.2,20.5,20.6,18.1,,,
2026-09-07T10:30:00Z,2026-09-12T23:23:23Z,340,7.0,9.0,,,,,1011.2,20.6,20.6,18.1,,,
2026-09-07T10:40:00Z,2026-09-12T23:23:23Z,340,7.0,9.0,,,,,1011.2,20.7,20.6,18.2,,,
2026-09-07T10:50:00Z,2026-09-12T23:23:23Z,330,7.0,9.0,1.7,15,6.9,169,1011.3,20.7,20.6,18.2,,,
2026-09-07T11:00:00Z,2026-09-12T23:23:23Z,330,6.0,8.0,,,,,1011.4,20.7,20.6,18.3,,-0.6,
2026-09-07T11:10:00Z,2026-09-12T23:23:23Z,330,6.0,8.0,1.9,,7.3,162,1011.2,20.7,20.6,18.5,,,
2026-09-07T11:20:00Z,2026-09-12T23:23:23Z,330,7.0,8.0,1.9,13,7.3,162,1011.2,20.7,20.6,18.5,,,
2026-09-07T11:30:00Z,2026-09-12T23:23:23Z,340,7.0,9.0,,,,,1011.0,20.6,20.6,18.5,,,
2026-09-07T11:40:00Z,2026-09-12T23:23:23Z,340,7.0,9.0,,,,,1011.2,20.6,20.6,18.6,,,
2026-09-07T11:50:00Z,2026-09-12T23:23:23Z,350,6.0,8.0,2.0,13,7.5,188,1011.2,20.6,20.6,18.5,,,
2026-09-07T12:00:00Z,2026-09-12T23:23:23Z,330,6.0,7.0,,,,,1011.3,20.6,20.6,18.5,,-0.4,
2026-09-07T12:10:00Z,2026-09-12T23:23:23Z,330,6.0,8.0,1.9,,7.6,168,1011.2,20.6,20.6,18.4,,,
2026-09-07T12:20:00Z,2026-09-12T23:23:23Z,340,6.0,8.0,1.9,12,7.6,168,1011.3,20.7,20.6,18.5,,,
2026-09-07T12:30:00Z,2026-09-12T23:23:23Z,340,6.0,8.0,,,,,1011.3,20.7,20.6,18.6,,,
2026-09-07T12:40:00Z,2026-09-12T23:23:23Z,340,6.0,8.0,,,,,1011.3,20.6,20.6,18.5,,,
2026-09-07T12:50:00Z,2026-09-12T23:23:23Z,340,7.0,8.0,1.9,13,7.1,176,1011.4,20.7,20.6,18.5,,,
2026-09-07T13:00:00Z,2026-09-12T23:23:23Z,340,6.0,8.0,,,,,1011.3,20.7,20.6,18.7,,+0.0,
2026-09-07T13:10:00Z,2026-09-12T23:23:23Z,340,7.0,8.0,2.0,,7.3,178,1011.3,20.7,20.6,18.6,,,
2026-09-07T13:20:00Z,2026-09-12T23:23:23Z,340,6.0,9.0,2.0,12,7.3,178,1011.5,20.7,20.6,18.7,,,
2026-09-07T13:30:00Z,2026-09-12T23:23:23Z,340,6.0,8.0,,,,,1011.6,20.7,20.6,18.8,,,
2026-09-07T13:40:00Z,2026-09-12T23:23:23Z,340,6.0,8.0,1.9,,7.0,169,1011.7,20.6,20.6,18.8,,,
2026-09-07T13:50:00Z,2026-09-12T23:23:23Z,,,,1.9,,7.0,169,1011.6,,20.6,,,,
2026-09-07T14:00:00Z,2026-09-12T23:23:23Z,340,7.0,8.0,,,,,1011.6,20.6,20.6,18.7,,+0.3,
2026-09-07T14:10:00Z,2026-09-12T23:23:23Z,340,7.0,9.0,1.9,,7.2,204,1011.8,20.5,20.6,18.4,,,
2026-09-07T14:20:00Z,2026-09-12T23:23:23Z,340,7.0,9.0,1.9,14,7.2,204,1011.9,20.6,20.6,18.5,,,
2026-09-07T14:30:00Z,2026-09-12T23:23:23Z,340,7.0,9.0,,,,,1011.9,20.5,20.6,18.3,,,
2026-09-07T14:40:00Z,2026-09-12T23:23:23Z,340,7.0,9.0,2.0,,7.2,188,1011.9,20.6,20.6,18.4,,,
2026-09-07T14:50:00Z,2026-09-12T23:23:23Z,340,7.0,9.0,2.0,12,7.2,188,1012.2,20.7,20.7,18.6,,,
2026-09-07T15:00:00Z,2026-09-12T23:23:23Z,330,7.0,9.0,,,,,1012.3,20.6,20.7,18.6,,+1.0,
2026-09-07T15:10:00Z,2026-09-12T23:23:23Z,330,7.0,9.0,2.0,,7.2,186,1012.6,20.6,20.7,18.5,,,
2026-09-07T15:20:00Z,2026-09-12T23:23:23Z,330,7.0,9.0,2.0,12,7.2,186,1012.5,20.7,20.8,18.6,,,
2026-09-07T15:30:00Z,2026-09-12T23:23:23Z,330,6.0,8.0,,,,,1012.5,20.8,20.7,18.8,,,
2026-09-07T15:40:00Z,2026-09-12T23:23:23Z,340,7.0,9.0,,,,,1012.4,20.7,20.8,18.7,,,
2026-09-07T15:50:00Z,2026-09-12T23:23:23Z,340,6.0,8.0,2.1,13,7.2,165,1012.5,20.7,20.8,18.7,,,
2026-09-07T16:00:00Z,2026-09-12T23:23:23Z,340,6.0,8.0,,,,,1012.5,20.8,20.8,18.9,,+1.3,
2026-09-07T16:10:00Z,2026-09-12T23:23:23Z,340,7.0,9.0,2.0,,7.0,173,1012.5,20.7,20.8,18.8,,,
2026-09-07T16:20:00Z,2026-09-12T23:23:23Z,340,7.0,8.0,2.0,12,7.0,173,1012.6,20.6,20.8,18.8,,,
2026-09-07T16:30:00Z,2026-09-12T23:23:23Z,340,6.0,8.0,,,,,1012.7,20.6,20.8,18.8,,,
2026-09-07T16:40:00Z,2026-09-12T23:23:23Z,340,6.0,8.0,,,,,1012.7,20.7,20.8,18.9,,,
2026-09-07T16:50:00Z,2026-09-12T23:23:23Z,340,6.0,8.0,2.1,13,7.6,188,1012.7,20.7,20.8,19.0,,,
2026-09-07T17:00:00Z,2026-09-12T23:23:23Z,340,7.0,8.0,,,,,1012.7,20.5,,18.7,,+1.1,
2026-09-07T17:10:00Z,2026-09-12T23:23:23Z,340,6.0,8.0,2.3,,7.2,184,1012.7,20.5,20.8,18.6,,,
2026-09-07T17:20:00Z,2026-09-12T23:23:23Z,340,6.0,8.0,2.3,13,7.2,184,1012.8,20.6,20.8,18.6,,,
2026-09-07T17:30:00Z,2026-09-12T23:23:23Z,340,5.0,7.0,,,,,1013.0,20.7,20.8,18.7,,,
2026-09-07T17:40:00Z,2026-09-12T23:23:23Z,330,5.0,7.0,2.2,,7.2,183,1012.7,20.7,20.8,18.8,,,
2026-09-07T17:50:00Z,2026-09-12T23:23:23Z,340,5.0,7.0,2.2,11,7.2,183,1012.8,20.7,20.8,18.9,,,
2026-09-07T18:00:00Z,2026-09-12T23:23:23Z,340,6.0,7.0,,,,,1012.9,20.6,20.8,18.8,,+0.5,
2026-09-07T18:10:00Z,2026-09-12T23:23:23Z,330,6.0,7.0,2.2,,7.4,181,1013.1,20.7,20.8,18.8,,,
2026-09-07T18:20:00Z,2026-09-12T23:23:23Z,330,6.0,8.0,2.2,12,7.4,181,1013.0,20.8,20.8,18.9,,,
2026-09-07T18:30:00Z,2026-09-12T23:23:23Z,330,5.0,7.0,,,,,1013.0,20.8,20.8,19.0,,,
2026-09-07T18:40:00Z,2026-09-12T23:23:23Z,330,5.0,7.0,2.1,,7.2,187,1013.0,20.8,20.8,19.0,,,
2026-09-07T18:50:00Z,2026-09-12T23:23:23Z,330,5.0,7.0,2.1,12,7.2,187,1012.9,20.7,20.8,19.0,,,
2026-09-07T19:00:00Z,2026-09-12T23:23:23Z,330,5.0,7.0,,,,,1012.8,20.8,20.8,19.1,,+0.3,
2026-09-07T19:10:00Z,2026-09-12T23:23:23Z,330,5.0,7.0,2.2,,7.6,188,1012.8,20.8,20.8,19.1,,,
2026-09-07T19:20:00Z,2026-09-12T23:23:23Z,330,6.0,7.0,2.2,12,7.6,188,1012.7,20.8,20.8,19.1,,,
2026-09-07T19:30:00Z,2026-09-12T23:23:23Z,330,6.0,7.0,,,,,1012.7,20.8,20.8,19.2,,,
2026-09-07T19:40:00Z,2026-09-12T23:23:23Z,340,5.0,7.0,,,,,1012.6,20.8,20.8,19.2,,,
2026-09-07T19:50:00Z,2026-09-12T23:23:23Z,340,5.0,7.0,2.0,11,7.2,179,1012.4,20.7,20.8,19.2,,,
2026-09-07T20:00:00Z,2026-09-12T23:23:23Z,340,6.0,7.0,,,,,1012.5,20.7,20.8,19.2,,-0.3,
2026-09-07T20:10:00Z,2026-09-12T23:23:23Z,,,,2.0,,6.9,175,1012.5,,,,,,
2026-09-07T20:20:00Z,2026-09-12T23:23:23Z,330,6.0,7.0,2.0,12,6.9,175,1012.3,20.7,20.8,19.1,,,
2026-09-07T20:30:00Z,2026-09-12T23:23:23Z,320,6.0,7.0,,,,,1012.2,20.7,20.8,19.0,,,
2026-09-07T20:40:00Z,2026-09-12T23:23:23Z,340,5.0,7.0,,,,,1012.1,20.8,20.8,19.1,,,
2026-09-07T20:50:00Z,2026-09-12T23:23:23Z,330,5.0,7.0,2.2,11,7.6,192,1012.0,20.8,20.8,19.2,,,
2026-09-07T21:00:00Z,2026-09-12T23:23:23Z,330,6.0,8.0,,,,,1012.0,20.8,20.8,19.2,,-0.9,
2026-09-07T21:10:00Z,2026-09-12T23:23:23Z,330,7.0,8.0,2.0,,7.3,197,1012.0,20.8,20.8,19.2,,,
2026-09-07T21:20:00Z,2026-09-12T23:23:23Z,330,7.0,9.0,2.0,11,7.3,197,1012.1,20.7,20.8,19.0,,,
2026-09-07T21:30:00Z,2026-09-12T23:23:23Z,320,7.0,9.0,,,,,1012.2,20.8,20.8,19.1,,,
2026-09-07T21:40:00Z,2026-09-12T23:23:23Z,330,6.0,8.0,2.0,,7.3,181,1011.8,20.8,20.7,19.2,,,
2026-09-07T21:50:00Z,2026-09-12T23:23:23Z,330,6.0,8.0,2.0,12,7.3,181,1011.8,20.7,20.7,19.1,,,
2026-09-07T22:00:00Z,2026-09-12T23:23:23Z,330,6.0,8.0,,,,,1012.0,20.7,20.7,19.2,,-0.8,
2026-09-07T22:10:00Z,2026-09-12T23:23:23Z,330,7.0,8.0,2.1,,7.4,189,1011.9,20.7,20.7,19.1,,,
2026-09-07T22:20:00Z,2026-09-12T23:23:23Z,320,7.0,9.0,2.1,12,7.4,189,1011.7,20.7,20.8,19.2,,,
2026-09-07T22:30:00Z,2026-09-12T23:23:23Z,330,7.0,8.0,,,,,1011.5,20.6,20.8,19.0,,,
2026-09-07T22:40:00Z,2026-09-12T23:23:23Z,330,6.0,8.0,2.2,,7.4,193,1011.6,20.6,20.7,18.9,,,
2026-09-07T22:50:00Z,2026-09-12T23:23:23Z,330,7.0,8.0,2.2,11,7.4,193,1011.4,20.7,20.7,18.9,,,
2026-09-07T23:00:00Z,2026-09-12T23:23:23Z,330,7.0,8.0,,,,,1011.5,20.7,20.7,18.9,,-0.9,
2026-09-07T23:10:00Z,2026-09-12T23:23:23Z,330,6.0,8.0,2.2,,7.7,202,1011.3,20.7,20.7,18.9,,,
2026-09-07T23:40:00Z,2026-09-12T23:23:23Z,330,6.0,8.0,,,,,1011.2,20.8,20.7,19.0,,,
2026-09-07T23:50:00Z,2026-09-12T23:23:23Z,330,6.0,8.0,2.3,11,7.8,191,1011.1,20.8,20.7,18.9,,,
2026-09-08T00:00:00Z,2026-09-12T23:23:23Z,330,6.0,8.0,,,,,1011.3,20.7,20.7,18.9,,-0.6,
2026-09-08T00:10:00Z,2026-09-12T23:23:23Z,330,6.0,8.0,2.3,,7.6,193,1011.2,20.8,20.7,19.0,,,
2026-09-08T00:20:00Z,2026-09-12T23:23:23Z,330,7.0,8.0,2.3,12,7.6,193,1011.1,20.7,20.7,18.7,,,
2026-09-08T00:30:00Z,2026-09-12T23:23:23Z,320,7.0,8.0,,,,,1011.2,20.8,20.7,18.7,,,
2026-09-08T00:40:00Z,2026-09-12T23:23:23Z,320,6.0,8.0,2.4,,7.5,187,1011.1,20.9,20.7,19.0,,,
2026-09-08T00:50:00Z,2026-09-12T23:23:23Z,320,7.0,9.0,2.4,12,7.5,187,1011.1,20.7,20.7,18.8,,,
2026-09-08T01:00:00Z,2026-09-12T23:23:23Z,320,7.0,8.0,,,,,1011.1,20.8,20.7,18.6,,-0.9,
2026-09-08T01:10:00Z,2026-09-12T23:23:23Z,320,6.0,8.0,2.2,,7.3,186,1011.1,20.9,20.7,18.7,,,
2026-09-08T01:20:00Z,2026-09-12T23:23:23Z,320,6.0,8.0,2.2,11,7.3,186,1011.1,20.9,20.7,18.7,,,
2026-09-08T01:30:00Z,2026-09-12T23:23:23Z,320,6.0,9.0,,,,,1010.9,20.8,20.7,18.4,,,
2026-09-08T01:40:00Z,2026-09-12T23:23:23Z,330,6.0,8.0,2.2,,7.5,184,1010.8,20.9,20.7,18.6,,,
2026-09-08T01:50:00Z,2026-09-12T23:23:23Z,320,6.0,8.0,2.2,11,7.5,184,1010.9,20.9,20.8,18.6,,,
2026-09-08T02:00:00Z,2026-09-12T23:23:23Z,320,6.0,8.0,,,,,1010.9,20.9,20.8,18.6,,-0.7,
2026-09-08T02:10:00Z,2026-09-12T23:23:23Z,330,6.0,8.0,2.3,,7.7,187,1010.9,20.9,20.8,18.6,,,
2026-09-08T02:20:00Z,2026-09-12T23:23:23Z,320,7.0,8.0,2.3,11,7.7,187,1010.8,20.9,20.8,18.8,,,
2026-09-08T02:30:00Z,2026-09-12T23:23:23Z,320,6.0,8.0,,,,,1010.8,20.9,20.8,18.7,,,
2026-09-08T02:40:00Z,2026-09-12T23:23:23Z,330,6.0,8.0,2.4,,7.4,180,1010.7,20.9,20.8,18.8,,,
2026-09-08T02:50:00Z,2026-09-12T23:23:23Z,330,6.0,8.0,2.4,11,7.4,180,1010.8,20.9,20.8,18.7,,,
2026-09-08T03:00:00Z,2026-09-12T23:23:23Z,330,5.0,8.0,,,,,1010.9,20.9,20.8,18.7,,-0.4,
2026-09-08T03:10:00Z,2026-09-12T23:23:23Z,330,5.0,7.0,2.7,,7.9,185,1011.1,20.9,20.8,18.8,,,
2026-09-08T03:20:00Z,2026-09-12T23:23:23Z,320,5.0,6.0,2.7,11,7.9,185,1011.3,20.9,20.8,18.7,,,
2026-09-08T03:30:00Z,2026-09-12T23:23:23Z,320,5.0,6.0,,,,,1011.4,21.0,20.8,18.9,,,
2026-09-08T03:40:00Z,2026-09-12T23:23:23Z,320,5.0,6.0,2.4,,7.4,184,1011.5,21.0,20.8,18.9,,,
2026-09-08T03:50:00Z,2026-09-12T23:23:23Z,330,4.0,6.0,2.4,11,7.4,184,1011.6,21.0,20.8,19.0,,,
2026-09-08T04:00:00Z,2026-09-12T23:23:23Z,320,4.0,6.0,,,,,1011.8,20.9,20.8,18.9,,+0.7,
2026-09-08T04:10:00Z,2026-09-12T23:23:23Z,330,6.0,7.0,2.2,,7.1,188,1011.8,20.9,20.8,18.9,,,
2026-09-08T04:20:00Z,2026-09-12T23:23:23Z,330,5.0,7.0,2.2,11,7.1,188,1011.8,21.0,20.8,19.1,,,
2026-09-08T04:30:00Z,2026-09-12T23:23:23Z,330,5.0,7.0,,,,,1012.0,21.0,20.8,19.3,,,
2026-09-08T04:40:00Z,2026-09-12T23:23:23Z,330,5.0,7.0,,,,,1012.1,20.9,20.8,19.3,,,
2026-09-08T04:50:00Z,2026-09-12T23:23:23Z,330,5.0,7.0,2.3,11,7.5,178,1012.1,20.9,20.8,19.3,,,
2026-09-08T05:00:00Z,2026-09-12T23:23:23Z,330,5.0,6.0,,,,,1012.2,20.9,20.8,19.2,,+1.4,
2026-09-08T05:10:00Z,2026-09-12T23:23:23Z,330,5.0,6.0,2.1,,7.2,184,1012.2,20.9,,19.2,,,
2026-09-08T05:20:00Z,2026-09-12T23:23:23Z,330,4.0,6.0,2.1,11,7.2,184,1012.2,20.9,20.8,19.1,,,
2026-09-08T05:30:00Z,2026-09-12T23:23:23Z,330,4.0,6.0,,,,,1012.1,20.9,20.8,19.0,,,
2026-09-08T05:40:00Z,2026-09-12T23:23:23Z,330,5.0,6.0,,,,,1012.1,20.9,20.8,18.9,,,
2026-09-08T05:50:00Z,2026-09-12T23:23:23Z,330,5.0,6.0,2.1,11,7.4,192,1012.1,20.9,20.8,18.9,,,
2026-09-08T06:00:00Z,2026-09-12T23:23:23Z,330,5.0,6.0,,,,,1011.9,21.0,20.8,19.0,,+1.0,
2026-09-08T06:10:00Z,2026-09-12T23:23:23Z,330,6.0,7.0,2.1,,7.5,182,1011.8,20.9,20.8,19.0,,,
2026-09-08T06:20:00Z,2026-09-12T23:23:23Z,330,6.0,7.0,2.1,11,7.5,182,1011.6,20.9,20.8,18.9,,,
2026-09-08T06:30:00Z,2026-09-12T23:23:23Z,320,6.0,8.0,,,,,1011.8,20.9,20.8,18.9,,,
2026-09-08T06:40:00Z,2026-09-12T23:23:23Z,320,6.0,8.0,,,,,1011.8,20.9,20.8,18.8,,,
2026-09-08T06:50:00Z,2026-09-12T23:23:23Z,320,6.0,7.0,2.1,11,7.4,184,1011.7,20.9,20.8,18.8,,,
2026-09-08T07:00:00Z,2026-09-12T23:23:23Z,330,6.0,8.0,,,,,1011.7,20.9,20.8,18.8,,+0.0,
2026-09-08T07:10:00Z,2026-09-12T23:23:23Z,330,6.0,8.0,2.1,,7.4,177,1011.6,20.9,20.9,18.8,,,
2026-09-08T07:20:00Z,2026-09-12T23:23:23Z,330,6.0,7.0,2.1,11,7.4,177,1011.8,21.0,20.9,18.9,,,
2026-09-08T07:30:00Z,2026-09-12T23:23:23Z,330,6.0,8.0,,,,,1011.8,21.0,20.9,18.9,,,
2026-09-08T07:40:00Z,2026-09-12T23:23:23Z,330,6.0,8.0,1.8,,6.9,187,1011.7,20.9,20.9,18.8,,,
2026-09-08T07:50:00Z,2026-09-12T23:23:23Z,330,7.0,8.0,1.8,11,6.9,187,1011.7,21.0,20.9,18.9,,,
2026-09-08T08:00:00Z,2026-09-12T23:23:23Z,330,6.0,8.0,,,,,1011.8,20.9,20.9,18.7,,-0.4,
2026-09-08T08:10:00Z,2026-09-12T23:23:23Z,330,6.0,8.0,,,,,1011.9,21.0,20.9,18.9,,,
2026-09-08T08:20:00Z,2026-09-12T23:23:23Z,330,6.0,8.0,1.8,11,6.8,184,1011.9,20.9,,18.7,,,
2026-09-08T08:30:00Z,2026-09-12T23:23:23Z,330,6.0,8.0,,,,,1011.7,20.9,20.9,18.6,,,
2026-09-08T08:40:00Z,2026-09-12T23:23:23Z,330,6.0,8.0,1.8,,6.8,188,1011.9,20.9,20.9,18.7,,,
2026-09-08T08:50:00Z,2026-09-12T23:23:23Z,330,5.0,7.0,1.8,11,6.8,188,1011.9,20.9,20.8,18.8,,,
2026-09-08T09:00:00Z,2026-09-12T23:23:23Z,340,5.0,7.0,,,,,1011.7,20.9,20.8,18.7,,+0.0,
2026-09-08T09:10:00Z,2026-09-12T23:23:23Z,330,6.0,8.0,,,,,1011.7,20.9,20.8,18.5,,,
2026-09-08T09:20:00Z,2026-09-12T23:23:23Z,330,5.0,6.0,1.8,11,7.0,194,1011.6,20.9,20.8,18.6,,,
2026-09-08T09:30:00Z,2026-09-12T23:23:23Z,330,5.0,6.0,,,,,1011.5,21.0,20.8,18.6,,,
2026-09-08T09:40:00Z,2026-09-12T23:23:23Z,330,6.0,7.0,1.7,,6.6,180,1011.5,20.9,20.8,18.7,,,
2026-09-08T09:50:00Z,2026-09-12T23:23:23Z,330,6.0,7.0,1.7,11,6.6,180,1011.5,20.9,20.8,18.5,,,
2026-09-08T10:00:00Z,2026-09-12T23:23:23Z,330,6.0,7.0,,,,,1011.4,20.9,20.8,18.5,,-0.3,
2026-09-08T10:10:00Z,2026-09-12T23:23:23Z,330,6.0,7.0,1.6,,6.8,192,1011.4,21.0,20.8,18.5,,,
2026-09-08T10:20:00Z,2026-09-12T23:23:23Z,330,6.0,8.0,1.6,11,6.8,192,1011.3,20.9,20.8,18.2,,,
2026-09-08T10:30:00Z,2026-09-12T23:23:23Z,330,5.0,7.0,,,,,1011.4,21.0,20.8,18.4,,,
2026-09-08T10:40:00Z,2026-09-12T23:23:23Z,330,5.0,7.0,1.7,,6.8,189,1011.3,21.0,20.8,18.4,,,
2026-09-08T10:50:00Z,2026-09-12T23:23:23Z,330,5.0,7.0,1.7,11,6.8,189,1011.4,21.0,20.8,18.6,,,
2026-09-08T11:00:00Z,2026-09-12T23:23:23Z,340,5.0,7.0,,,,,1011.3,21.0,20.8,18.5,,-0.5,
2026-09-08T11:10:00Z,2026-09-12T23:23:23Z,340,6.0,7.0,1.8,,7.1,192,1011.4,20.9,20.8,18.3,,,
2026-09-08T11:20:00Z,2026-09-12T23:23:23Z,340,5.0,7.0,1.8,11,7.1,192,1011.3,21.0,20.8,18.6,,,
2026-09-08T11:30:00Z,2026-09-12T23:23:23Z,340,6.0,7.0,,,,,1011.2,20.9,20.8,18.7,,,
2026-09-08T11:40:00Z,2026-09-12T23:23:23Z,340,6.0,7.0,,,,,1011.2,20.9,20.8,18.6,,,
2026-09-08T11:50:00Z,2026-09-12T23:23:23Z,340,5.0,7.0,1.7,11,7.0,188,1011.3,20.9,20.8,18.7,,,
2026-09-08T12:00:00Z,2026-09-12T23:23:23Z,340,6.0,7.0,,,,,1011.2,20.9,20.8,18.7,,-0.5,
2026-09-08T12:10:00Z,2026-09-12T23:23:23Z,330,5.0,7.0,1.7,,7.3,187,1011.2,20.9,20.8,18.9,,,
2026-09-08T12:20:00Z,2026-09-12T23:23:23Z,330,5.0,7.0,1.7,11,7.3,187,1011.1,20.9,20.8,18.9,,,
2026-09-08T12:30:00Z,2026-09-12T23:23:23Z,340,6.0,7.0,,,,,1011.0,20.9,20.8,19.0,,,
2026-09-08T12:40:00Z,2026-09-12T23:23:23Z,340,6.0,8.0,,,,,1011.1,20.8,20.8,18.9,,,
2026-09-08T12:50:00Z,2026-09-12T23:23:23Z,340,6.0,7.0,1.7,11,7.1,190,1011.5,20.8,20.8,18.8,,,
2026-09-08T13:00:00Z,2026-09-12T23:23:23Z,340,4.0,6.0,,,,,1011.5,20.9,20.8,18.9,,-0.0,
2026-09-08T13:10:00Z,2026-09-12T23:23:23Z,350,4.0,6.0,1.6,,7.0,196,1011.7,20.9,20.8,18.8,,,
2026-09-08T13:20:00Z,2026-09-12T23:23:23Z,340,4.0,5.0,1.6,11,7.0,196,1012.0,20.9,20.8,18.9,,,
2026-09-08T13:30:00Z,2026-09-12T23:23:23Z,330,4.0,5.0,,,,,1012.0,20.8,20.8,18.7,,,
2026-09-08T13:40:00Z,2026-09-12T23:23:23Z,330,4.0,5.0,1.7,,7.0,189,1012.0,20.8,20.8,18.5,,,
2026-09-08T13:50:00Z,2026-09-12T23:23:23Z,340,4.0,6.0,1.7,11,7.0,189,1012.3,20.7,20.8,17.9,,,
2026-09-08T14:00:00Z,2026-09-12T23:23:23Z,320,4.0,5.0,,,,,1012.3,21.0,20.8,18.3,,+1.0,
2026-09-08T14:10:00Z,2026-09-12T23:23:23Z,330,4.0,5.0,1.8,,7.3,184,1012.3,21.1,20.8,18.8,,,
2026-09-08T14:20:00Z,2026-09-12T23:23:23Z,330,4.0,5.0,1.8,10,7.3,184,1012.4,21.0,20.8,18.8,,,
2026-09-08T14:30:00Z,2026-09-12T23:23:23Z,330,4.0,5.0,,,,,1012.4,21.0,20.8,18.9,,,
2026-09-08T14:40:00Z,2026-09-12T23:23:23Z,330,3.0,4.0,,,,,1012.7,21.1,20.8,19.2,,,
2026-09-08T14:50:00Z,2026-09-12T23:23:23Z,330,4.0,5.0,1.8,11,7.0,189,1012.7,21.0,20.8,19.2,,,
2026-09-08T15:00:00Z,2026-09-12T23:23:23Z,330,4.0,5.0,,,,,1012.6,21.0,20.8,19.3,,+1.4,
2026-09-08T15:10:00Z,2026-09-12T23:23:23Z,340,4.0,5.0,1.6,,6.8,188,1012.6,21.0,20.8,19.4,,,
2026-09-08T15:20:00Z,2026-09-12T23:23:23Z,340,4.0,6.0,1.6,11,6.8,188,1012.7,20.8,20.8,18.9,,,
2026-09-08T15:30:00Z,2026-09-12T23:23:23Z,330,4.0,5.0,,,,,1013.0,20.9,20.8,18.7,,,
2026-09-08T15:40:00Z,2026-09-12T23:23:23Z,320,4.0,5.0,,,,,1013.1,21.1,20.8,18.9,,,
2026-09-08T15:50:00Z,2026-09-12T23:23:23Z,320,4.0,6.0,1.8,11,7.2,193,1013.1,21.1,20.8,19.1,,,
2026-09-08T16:00:00Z,2026-09-12T23:23:23Z,320,4.0,6.0,1.8,,7.1,193,1013.1,21.0,20.8,19.0,,+1.5,
2026-09-08T16:10:00Z,2026-09-12T23:23:23Z,320,4.0,5.0,,,,,1013.2,21.0,20.8,18.9,,,
2026-09-08T16:20:00Z,2026-09-12T23:23:23Z,310,4.0,5.0,1.8,11,7.1,193,1013.2,21.2,20.8,19.2,,,
2026-09-08T16:30:00Z,2026-09-12T23:23:23Z,310,4.0,5.0,,,,,1013.3,21.2,20.8,19.4,,,
2026-09-08T16:40:00Z,2026-09-12T23:23:23Z,320,4.0,5.0,1.8,,7.0,197,1013.4,21.0,20.8,19.3,,,
2026-09-08T16:50:00Z,2026-09-12T23:23:23Z,310,4.0,5.0,1.8,11,7.0,197,1013.5,21.1,20.8,19.3,,,
2026-09-08T17:00:00Z,2026-09-12T23:23:23Z,310,4.0,5.0,,,,,1013.6,21.0,20.8,19.1,,+1.2,
2026-09-08T17:10:00Z,2026-09-12T23:23:23Z,320,4.0,5.0,1.7,,6.8,187,1013.6,21.1,20.8,19.0,,,
2026-09-08T17:20:00Z,2026-09-12T23:23:23Z,320,4.0,6.0,1.7,11,6.8,187,1013.5,21.2,20.8,19.4,,,
2026-09-08T17:30:00Z,2026-09-12T23:23:23Z,320,5.0,6.0,,,,,1013.4,21.1,20.8,19.4,,,
2026-09-08T17:40:00Z,2026-09-12T23:23:23Z,320,5.0,6.0,1.8,,7.2,195,1013.6,21.1,20.8,19.4,,,
2026-09-08T17:50:00Z,2026-09-12T23:23:23Z,320,5.0,6.0,1.8,11,7.2,195,1013.7,21.2,20.8,19.5,,,
2026-09-08T18:00:00Z,2026-09-12T23:23:23Z,310,5.0,6.0,,,,,1013.7,21.2,20.8,19.6,,+1.0,
2026-09-08T18:10:00Z,2026-09-12T23:23:23Z,,,,1.6,,6.6,204,1013.7,,20.8,,,,
2026-09-08T18:20:00Z,2026-09-12T23:23:23Z,320,5.0,7.0,1.6,10,6.6,204,1013.7,21.2,20.8,19.6,,,
2026-09-08T18:30:00Z,2026-09-12T23:23:23Z,310,6.0,7.0,,,,,1013.8,21.2,20.8,19.7,,,
2026-09-08T18:40:00Z,2026-09-12T23:23:23Z,320,5.0,7.0,,,,,1013.9,21.2,20.9,19.6,,,
2026-09-08T18:50:00Z,2026-09-12T23:23:23Z,320,5.0,6.0,1.7,10,6.8,188,1013.8,21.2,20.9,19.7,,,
2026-09-08T19:00:00Z,2026-09-12T23:23:23Z,320,5.0,7.0,,,,,1013.8,21.1,20.9,19.5,,+0.8,
2026-09-08T19:10:00Z,2026-09-12T23:23:23Z,330,6.0,7.0,1.9,,7.1,197,1013.7,21.0,20.9,18.7,,,
2026-09-08T19:20:00Z,2026-09-12T23:23:23Z,330,5.0,7.0,1.9,11,7.1,197,1013.6,21.2,20.9,18.6,,,
2026-09-08T19:30:00Z,2026-09-12T23:23:23Z,340,5.0,7.0,,,,,1013.5,21.2,20.9,18.5,,,
2026-09-08T19:40:00Z,2026-09-12T23:23:23Z,330,5.0,7.0,1.8,,7.1,190,1013.4,21.3,20.9,18.6,,,
2026-09-08T19:50:00Z,2026-09-12T23:23:23Z,340,5.0,7.0,1.8,10,7.1,190,1013.2,21.3,20.9,18.5,,,
2026-09-08T20:00:00Z,2026-09-12T23:23:23Z,350,5.0,6.0,,,,,1013.1,21.4,21.0,18.2,,-0.4,
2026-09-08T20:10:00Z,2026-09-12T23:23:23Z,350,6.0,7.0,1.7,,7.0,192,1013.1,21.5,21.0,18.1,,,
2026-09-08T20:20:00Z,2026-09-12T23:23:23Z,350,6.0,7.0,1.7,10,7.0,192,1013.1,21.5,21.0,18.3,,,
2026-09-08T20:30:00Z,2026-09-12T23:23:23Z,340,6.0,7.0,,,,,1013.2,21.5,21.0,18.2,,,
2026-09-08T20:40:00Z,2026-09-12T23:23:23Z,340,6.0,7.0,1.6,,6.9,164,1013.1,21.6,21.0,18.0,,,
2026-09-08T20:50:00Z,2026-09-12T23:23:23Z,350,5.0,7.0,1.6,14,6.9,164,1013.1,21.7,21.0,18.0,,,
2026-09-08T21:00:00Z,2026-09-12T23:23:23Z,350,5.0,7.0,,,,,1013.1,21.8,21.0,17.9,,-0.5,
2026-09-08T21:10:00Z,2026-09-12T23:23:23Z,340,5.0,7.0,1.7,,6.9,184,1013.1,21.7,21.0,17.9,,,
2026-09-08T21:20:00Z,2026-09-12T23:23:23Z,340,5.0,6.0,1.7,10,6.9,184,1013.1,21.8,21.0,17.9,,,
2026-09-08T21:30:00Z,2026-09-12T23:23:23Z,340,5.0,7.0,,,,,1012.8,21.8,21.0,17.9,,,
2026-09-08T21:40:00Z,2026-09-12T23:23:23Z,340,6.0,8.0,,,,,1012.8,21.8,21.1,18.1,,,
2026-09-08T21:50:00Z,2026-09-12T23:23:23Z,340,6.0,8.0,1.5,9,6.4,192,1012.7,21.8,21.1,18.0,,,
2026-09-08T22:00:00Z,2026-09-12T23:23:23Z,330,6.0,7.0,,,,,1012.7,21.9,21.1,18.2,,-1.1,
2026-09-08T22:10:00Z,2026-09-12T23:23:23Z,330,6.0,7.0,1.7,,7.0,194,1012.6,21.8,21.1,18.6,,,
2026-09-08T22:20:00Z,2026-09-12T23:23:23Z,330,6.0,7.0,1.7,10,7.0,194,1012.6,21.8,21.1,18.6,,,
2026-09-08T22:30:00Z,2026-09-12T23:23:23Z,330,5.0,7.0,,,,,1012.5,21.8,21.1,18.7,,,
2026-09-08T22:40:00Z,2026-09-12T23:23:23Z,330,6.0,7.0,1.5,,6.5,219,1012.4,21.8,21.1,19.2,,,
2026-09-08T22:50:00Z,2026-09-12T23:23:23Z,330,6.0,7.0,1.5,8,6.5,219,1012.3,21.7,21.1,19.2,,,
2026-09-08T23:00:00Z,2026-09-12T23:23:23Z,330,6.0,8.0,,,,,1012.2,21.7,21.1,19.4,,-0.9,
2026-09-08T23:10:00Z,2026-09-12T23:23:23Z,330,6.0,8.0,1.6,,7.0,196,1012.1,21.7,21.1,19.7,,,
2026-09-08T23:20:00Z,2026-09-12T23:23:23Z,340,7.0,8.0,1.6,10,7.0,196,1011.9,21.8,21.1,20.0,,,
2026-09-08T23:30:00Z,2026-09-12T23:23:23Z,340,6.0,8.0,,,,,1011.9,21.8,21.1,20.2,,,
2026-09-08T23:40:00Z,2026-09-12T23:23:23Z,340,6.0,7.0,,,,,1011.9,21.8,21.1,20.3,,,
2026-09-08T23:50:00Z,2026-09-12T23:23:23Z,340,6.0,7.0,1.7,9,6.9,192,1011.9,21.8,21.1,20.5,,,
2026-09-09T00:00:00Z,2026-09-12T23:23:23Z,330,5.0,7.0,,,,,1012.0,21.8,21.1,20.5,,-1.1,
2026-09-09T00:10:00Z,2026-09-12T23:23:23Z,340,5.0,6.0,1.7,,7.0,187,1012.0,21.8,21.1,20.5,,,
2026-09-09T00:20:00Z,2026-09-12T23:23:23Z,330,5.0,7.0,1.7,10,7.0,187,1012.0,21.8,21.1,20.3,,,
2026-09-09T00:30:00Z,2026-09-12T23:23:23Z,340,6.0,7.0,,,,,1012.0,21.7,21.2,20.0,,,
2026-09-09T00:40:00Z,2026-09-12T23:23:23Z,330,5.0,6.0,1.7,,6.9,206,1011.9,21.8,21.1,20.1,,,
2026-09-09T00:50:00Z,2026-09-12T23:23:23Z,320,5.0,6.0,1.7,9,6.9,206,1011.9,21.6,21.2,19.9,,,
2026-09-09T01:00:00Z,2026-09-12T23:23:23Z,320,5.0,6.0,,,,,1011.8,21.6,21.2,19.8,,-0.9,
2026-09-09T01:10:00Z,2026-09-12T23:23:23Z,320,4.0,5.0,1.7,,7.1,190,1011.8,21.7,21.2,19.9,,,
2026-09-09T01:20:00Z,2026-09-12T23:23:23Z,320,4.0,5.0,1.7,10,7.1,190,1011.9,21.7,21.2,20.0,,,
2026-09-09T01:30:00Z,2026-09-12T23:23:23Z,310,4.0,5.0,,,,,1011.8,21.7,21.2,20.1,,,
2026-09-09T01:40:00Z,2026-09-12T23:23:23Z,310,5.0,6.0,1.6,,7.1,184,1011.7,21.8,21.2,20.3,,,
2026-09-09T01:50:00Z,2026-09-12T23:23:23Z,310,5.0,6.0,1.6,10,7.1,184,1011.8,21.7,21.2,20.3,,,
2026-09-09T02:00:00Z,2026-09-12T23:23:23Z,310,4.0,6.0,,,,,1012.0,21.7,21.2,20.3,,-0.3,
2026-09-09T02:10:00Z,2026-09-12T23:23:23Z,310,5.0,6.0,1.5,,7.0,195,1012.0,21.6,21.2,20.2,,,
2026-09-09T02:20:00Z,2026-09-12T23:23:23Z,320,5.0,6.0,1.5,10,7.0,195,1012.0,21.6,21.3,20.2,,,
2026-09-09T02:30:00Z,2026-09-12T23:23:23Z,320,5.0,6.0,,,,,1012.0,21.6,21.2,20.1,,,
2026-09-09T02:40:00Z,2026-09-12T23:23:23Z,310,5.0,7.0,1.6,,7.1,190,1012.0,21.6,21.2,20.1,,,
2026-09-09T02:50:00Z,2026-09-12T23:23:23Z,310,5.0,6.0,1.6,9,7.1,190,1012.1,21.6,21.2,20.1,,,
2026-09-09T03:00:00Z,2026-09-12T23:23:23Z,320,5.0,7.0,,,,,1012.1,21.5,21.2,20.1,,+0.0,
2026-09-09T03:10:00Z,2026-09-12T23:23:23Z,320,5.0,7.0,1.8,,7.4,192,1012.2,21.5,21.2,20.1,,,
2026-09-09T03:20:00Z,2026-09-12T23:23:23Z,330,5.0,7.0,1.8,10,7.4,192,1012.3,21.4,21.2,19.9,,,
2026-09-09T03:30:00Z,2026-09-12T23:23:23Z,320,5.0,7.0,,,,,1012.4,21.4,21.2,19.8,,,
2026-09-09T03:40:00Z,2026-09-12T23:23:23Z,330,5.0,6.0,1.5,,6.8,194,1012.4,21.5,21.2,19.9,,,
2026-09-09T03:50:00Z,2026-09-12T23:23:23Z,320,4.0,6.0,1.5,10,6.8,194,1012.5,21.5,21.2,19.9,,,
2026-09-09T04:00:00Z,2026-09-12T23:23:23Z,320,4.0,5.0,,,,,1012.5,21.5,21.2,19.8,,+0.8,
2026-09-09T04:10:00Z,2026-09-12T23:23:23Z,320,5.0,6.0,1.5,,6.8,185,1012.5,21.5,21.2,19.8,,,
2026-09-09T04:20:00Z,2026-09-12T23:23:23Z,320,4.0,5.0,1.5,9,6.8,185,1012.6,21.5,21.2,19.8,,,
2026-09-09T04:30:00Z,2026-09-12T23:23:23Z,320,4.0,5.0,,,,,1012.8,21.5,21.2,19.9,,,
2026-09-09T04:40:00Z,2026-09-12T23:23:23Z,310,4.0,5.0,1.5,,7.0,197,1012.8,21.5,21.2,19.9,,,
2026-09-09T04:50:00Z,2026-09-12T23:23:23Z,310,4.0,5.0,1.5,9,7.0,197,1012.9,21.5,21.2,19.9,,,
2026-09-09T05:00:00Z,2026-09-12T23:23:23Z,310,4.0,5.0,,,,,1012.8,21.5,21.2,20.0,,+1.0,
2026-09-09T05:10:00Z,2026-09-12T23:23:23Z,300,4.0,5.0,1.6,,7.1,194,1012.8,21.5,21.2,20.1,,,
2026-09-09T05:20:00Z,2026-09-12T23:23:23Z,300,4.0,5.0,1.6,9,7.1,194,1012.8,21.5,21.2,20.2,,,
2026-09-09T05:30:00Z,2026-09-12T23:23:23Z,310,4.0,5.0,,,,,1012.8,21.4,21.2,20.1,,,
2026-09-09T05:40:00Z,2026-09-12T23:23:23Z,310,4.0,5.0,1.4,,6.7,195,1012.7,21.4,21.2,20.1,,,
2026-09-09T05:50:00Z,2026-09-12T23:23:23Z,310,5.0,5.0,1.4,10,6.7,195,1012.8,21.4,21.2,20.2,,,
2026-09-09T06:00:00Z,2026-09-12T23:23:23Z,310,5.0,6.0,,,,,1012.8,21.5,21.2,20.3,,+0.8,
2026-09-09T06:10:00Z,2026-09-12T23:23:23Z,300,5.0,6.0,1.5,,6.8,201,1013.0,21.4,21.2,20.3,,,
2026-09-09T06:20:00Z,2026-09-12T23:23:23Z,310,5.0,6.0,1.5,8,6.8,201,1013.1,21.4,21.2,20.3,,,
2026-09-09T06:30:00Z,2026-09-12T23:23:23Z,310,5.0,6.0,,,,,1013.2,21.3,21.2,20.1,,,
2026-09-09T06:40:00Z,2026-09-12T23:23:23Z,310,5.0,6.0,,,,,1013.3,21.3,21.2,19.9,,,
2026-09-09T06:50:00Z,2026-09-12T23:23:23Z,310,5.0,7.0,1.4,14,6.6,178,1013.4,21.3,21.1,19.7,,,
2026-09-09T07:00:00Z,2026-09-12T23:23:23Z,320,6.0,7.0,,,,,1013.3,21.4,21.1,19.5,,+0.6,
2026-09-09T07:10:00Z,2026-09-12T23:23:23Z,320,5.0,6.0,1.5,,6.5,219,1013.4,21.5,,19.5,,,
2026-09-09T07:20:00Z,2026-09-12T23:23:23Z,330,4.0,5.0,1.5,8,6.5,219,1013.4,21.5,21.1,19.5,,,
2026-09-09T07:30:00Z,2026-09-12T23:23:23Z,330,4.0,5.0,,,,,1013.3,21.5,21.1,19.5,,,
2026-09-09T07:40:00Z,2026-09-12T23:23:23Z,320,4.0,5.0,1.3,,6.4,188,1013.3,21.5,21.1,19.5,,,
2026-09-09T07:50:00Z,2026-09-12T23:23:23Z,320,4.0,5.0,1.3,8,6.4,188,1013.3,21.5,21.1,19.4,,,
2026-09-09T08:00:00Z,2026-09-12T23:23:23Z,330,4.0,5.0,,,,,1013.3,21.5,21.1,19.3,,+0.3,
2026-09-09T08:10:00Z,2026-09-12T23:23:23Z,330,4.0,5.0,,,,,1013.3,21.6,21.1,19.2,,,
2026-09-09T08:20:00Z,2026-09-12T23:23:23Z,330,3.0,4.0,1.3,14,6.7,167,1013.3,21.7,21.1,19.3,,,
2026-09-09T08:30:00Z,2026-09-12T23:23:23Z,330,3.0,4.0,,,,,1013.3,21.7,21.1,19.3,,,
2026-09-09T08:40:00Z,2026-09-12T23:23:23Z,,,,,,,,1013.3,,21.1,,,,
2026-09-09T08:50:00Z,2026-09-12T23:23:23Z,310,3.0,3.0,1.3,9,6.8,190,1013.2,21.7,21.0,19.3,,,
2026-09-09T09:00:00Z,2026-09-12T23:23:23Z,310,2.0,3.0,1.3,,6.8,224,1013.2,21.6,21.0,19.2,,+0.4,
2026-09-09T09:10:00Z,2026-09-12T23:23:23Z,310,2.0,3.0,,,,,1013.2,21.7,21.0,19.2,,,
2026-09-09T09:20:00Z,2026-09-12T23:23:23Z,300,3.0,4.0,1.3,8,6.8,224,1013.1,21.7,21.0,19.3,,,
2026-09-09T09:30:00Z,2026-09-12T23:23:23Z,290,3.0,4.0,,,,,1012.9,21.6,21.0,19.4,,,
2026-09-09T09:40:00Z,2026-09-12T23:23:23Z,290,4.0,4.0,,,,,1012.9,21.5,21.0,19.4,,,
2026-09-09T09:50:00Z,2026-09-12T23:23:23Z,300,5.0,6.0,1.3,14,6.8,189,1012.7,21.5,21.0,19.4,,,
2026-09-09T10:00:00Z,2026-09-12T23:23:23Z,310,6.0,6.0,,,,,1012.4,21.5,21.0,19.4,,-0.8,
2026-09-09T10:10:00Z,2026-09-12T23:23:23Z,310,5.0,6.0,1.3,,7.0,207,1012.5,21.5,21.0,19.5,,,
2026-09-09T10:20:00Z,2026-09-12T23:23:23Z,320,5.0,6.0,1.3,14,7.0,207,1012.5,21.6,21.0,19.3,,,
2026-09-09T10:30:00Z,2026-09-12T23:23:23Z,320,4.0,5.0,,,,,1012.7,21.7,21.0,19.1,,,
2026-09-09T10:40:00Z,2026-09-12T23:23:23Z,310,4.0,5.0,,,,,1012.7,21.7,21.0,19.2,,,
2026-09-09T10:50:00Z,2026-09-12T23:23:23Z,320,3.0,4.0,1.3,13,7.0,187,1012.7,21.6,21.0,19.4,,,
2026-09-09T11:00:00Z,2026-09-12T23:23:23Z,330,3.0,4.0,,,,,1012.7,21.5,21.0,19.2,,-0.5,
2026-09-09T11:10:00Z,2026-09-12T23:23:23Z,330,3.0,4.0,,,,,1012.8,21.6,21.0,19.2,,,
2026-09-09T11:20:00Z,2026-09-12T23:23:23Z,330,3.0,4.0,1.3,8,6.9,213,1012.8,21.6,21.0,19.2,,,
2026-09-09T11:30:00Z,2026-09-12T23:23:23Z,320,3.0,4.0,,,,,1012.6,21.6,21.0,19.3,,,
2026-09-09T11:40:00Z,2026-09-12T23:23:23Z,320,4.0,4.0,,,,,1012.6,21.6,21.0,19.4,,,
2026-09-09T11:50:00Z,2026-09-12T23:23:23Z,320,4.0,5.0,1.2,13,6.8,169,1012.6,21.6,21.0,19.4,,,
2026-09-09T12:00:00Z,2026-09-12T23:23:23Z,320,4.0,4.0,,,,,1012.5,21.6,21.0,19.4,,-0.6,
2026-09-09T12:10:00Z,2026-09-12T23:23:23Z,330,4.0,4.0,1.3,,6.9,209,1012.5,21.6,21.0,19.4,,,
2026-09-09T12:20:00Z,2026-09-12T23:23:23Z,330,3.0,4.0,1.3,11,6.9,209,1012.8,21.6,21.0,19.5,,,
2026-09-09T12:30:00Z,2026-09-12T23:23:23Z,,,,,,,,1012.8,,,,,,
2026-09-09T12:40:00Z,2026-09-12T23:23:23Z,300,3.0,4.0,1.3,,6.9,249,1012.7,21.5,21.0,19.7,,,
2026-09-09T12:50:00Z,2026-09-12T23:23:23Z,290,3.0,4.0,1.3,8,6.9,249,1012.8,21.4,21.0,19.7,,,
2026-09-09T13:00:00Z,2026-09-12T23:23:23Z,290,3.0,4.0,,,,,1012.7,21.4,21.0,19.8,,+0.3,
2026-09-09T13:10:00Z,2026-09-12T23:23:23Z,300,4.0,4.0,1.3,,6.7,212,1012.8,21.4,21.0,19.8,,,
2026-09-09T13:20:00Z,2026-09-12T23:23:23Z,300,4.0,5.0,1.3,8,6.7,212,1012.8,21.5,20.9,19.8,,,
2026-09-09T13:30:00Z,2026-09-12T23:23:23Z,300,4.0,5.0,,,,,1012.9,21.5,20.9,19.7,,,
2026-09-09T13:40:00Z,2026-09-12T23:23:23Z,310,4.0,5.0,,,,,1013.0,21.5,20.9,19.5,,,
2026-09-09T13:50:00Z,2026-09-12T23:23:23Z,310,4.0,5.0,1.3,14,7.1,161,1013.0,21.6,20.9,19.5,,,
2026-09-09T14:00:00Z,2026-09-12T23:23:23Z,310,4.0,5.0,,,,,1013.2,21.6,20.9,19.4,,+0.4,
2026-09-09T14:10:00Z,2026-09-12T23:23:23Z,320,4.0,5.0,1.3,,7.1,231,1013.3,21.7,20.9,19.5,,,
2026-09-09T14:20:00Z,2026-09-12T23:23:23Z,310,4.0,5.0,1.3,8,7.1,231,1013.4,21.7,20.9,19.5,,,
2026-09-09T14:30:00Z,2026-09-12T23:23:23Z,300,4.0,5.0,,,,,1013.4,21.7,20.9,19.5,,,
2026-09-09T14:40:00Z,2026-09-12T23:23:23Z,290,4.0,5.0,1.3,,6.8,274,1013.6,21.7,20.9,19.6,,,
2026-09-09T14:50:00Z,2026-09-12T23:23:23Z,290,4.0,5.0,1.3,8,6.8,274,1013.7,21.6,20.9,19.6,,,
2026-09-09T15:00:00Z,2026-09-12T23:23:23Z,300,5.0,5.0,,,,,1013.7,21.5,20.9,19.6,,+1.1,
2026-09-09T15:10:00Z,2026-09-12T23:23:23Z,,,,1.3,8,,,,,20.9,,,,
2026-09-09T15:20:00Z,2026-09-12T23:23:23Z,300,4.0,5.0,1.3,,7.0,240,1013.9,21.5,,19.5,,,
2026-09-09T15:30:00Z,2026-09-12T23:23:23Z,310,4.0,5.0,,,,,1013.9,21.5,20.9,19.5,,,
2026-09-09T15:40:00Z,2026-09-12T23:23:23Z,300,4.0,5.0,1.3,,7.0,173,1013.8,21.6,,19.6,,,
2026-09-09T15:50:00Z,2026-09-12T23:23:23Z,300,4.0,5.0,1.3,13,7.0,173,1013.9,21.6,21.0,19.5,,,
2026-09-09T19:00:00Z,2026-09-12T23:23:23Z,,,,,,,,1014.6,,21.3,,,,
2026-09-09T20:00:00Z,2026-09-12T23:23:23Z,,,,,,,,1014.2,,,,,,
2026-09-09T20:20:00Z,2026-09-12T23:23:23Z,280,4.0,4.0,,,,,1015.1,21.9,21.5,20.3,,,
2026-09-09T20:30:00Z,2026-09-12T23:23:23Z,,,,,,,,1014.2,,21.7,,,,
2026-09-09T20:50:00Z,2026-09-12T23:23:23Z,280,5.0,6.0,,,,,1013.9,22.0,,20.4,,,
2026-09-09T21:00:00Z,2026-09-12T23:23:23Z,280,5.0,6.0,,,,,1013.9,22.0,21.6,20.3,,,
2026-09-09T21:10:00Z,2026-09-12T23:23:23Z,290,5.0,6.0,,,,,1014.9,22.0,,20.4,,,
2026-09-09T21:20:00Z,2026-09-12T23:23:23Z,290,6.0,7.0,,,,,1013.7,22.0,21.6,20.4,,,
2026-09-09T21:30:00Z,2026-09-12T23:23:23Z,290,6.0,7.0,,,,,1013.7,22.0,21.6,20.3,,,
2026-09-09T21:40:00Z,2026-09-12T23:23:23Z,290,6.0,7.0,1.3,,7.1,223,1013.7,22.0,21.6,20.3,,,
2026-09-09T21:50:00Z,2026-09-12T23:23:23Z,290,6.0,8.0,1.3,16,7.1,223,1013.7,22.0,21.6,20.3,,,
2026-09-09T22:00:00Z,2026-09-12T23:23:23Z,290,6.0,8.0,,,,,1013.5,22.0,21.6,20.2,,-1.1,
2026-09-09T22:10:00Z,2026-09-12T23:23:23Z,290,6.0,7.0,,,,,1013.3,22.0,21.5,20.2,,,
2026-09-09T22:20:00Z,2026-09-12T23:23:23Z,290,7.0,8.0,,,,,1013.1,22.0,21.5,20.2,,,
2026-09-09T22:30:00Z,2026-09-12T23:23:23Z,290,7.0,8.0,,,,,1013.1,22.0,21.5,20.2,,,
2026-09-09T22:40:00Z,2026-09-12T23:23:23Z,290,7.0,8.0,,,,,1014.0,22.0,21.5,20.1,,,
2026-09-09T22:50:00Z,2026-09-12T23:23:23Z,290,6.0,7.0,,,,,1012.9,22.0,21.6,20.1,,,
2026-09-09T23:00:00Z,2026-09-12T23:23:23Z,290,6.0,8.0,,,,,1012.7,22.0,21.6,20.0,,-1.5,
2026-09-09T23:10:00Z,2026-09-12T23:23:23Z,300,6.0,7.0,,,,,1012.5,22.0,21.5,20.0,,,
2026-09-09T23:20:00Z,2026-09-12T23:23:23Z,300,6.0,7.0,1.3,8,6.5,251,1012.4,22.1,21.5,20.0,,,
2026-09-09T23:30:00Z,2026-09-12T23:23:23Z,300,6.0,7.0,,,,,1012.4,22.1,21.5,20.0,,,
2026-09-09T23:40:00Z,2026-09-12T23:23:23Z,310,6.0,7.0,1.3,,6.5,291,1012.4,22.2,21.5,20.0,,,
2026-09-09T23:50:00Z,2026-09-12T23:23:23Z,300,5.0,7.0,1.3,8,6.5,291,1012.4,22.2,21.6,20.0,,,
2026-09-10T00:00:00Z,2026-09-12T23:23:23Z,300,5.0,6.0,,,,,1012.5,22.2,21.6,20.0,,-1.3,
2026-09-10T00:10:00Z,2026-09-12T23:23:23Z,290,5.0,6.0,1.3,,6.7,284,1012.5,22.2,21.6,20.1,,,
2026-09-10T00:20:00Z,2026-09-12T23:23:23Z,290,5.0,6.0,1.3,8,6.7,284,1012.3,22.1,21.6,20.1,,,
2026-09-10T00:30:00Z,2026-09-12T23:23:23Z,300,5.0,6.0,,,,,1012.3,22.1,,20.1,,,
2026-09-10T00:40:00Z,2026-09-12T23:23:23Z,300,5.0,7.0,,,,,1012.3,22.1,21.5,20.1,,,
2026-09-10T00:50:00Z,2026-09-12T23:23:23Z,290,6.0,7.0,1.4,8,7.0,272,1012.3,22.2,21.5,20.2,,,
2026-09-10T01:00:00Z,2026-09-12T23:23:23Z,290,6.0,7.0,,,,,1012.2,22.1,21.5,20.1,,-1.3,
2026-09-10T01:10:00Z,2026-09-12T23:23:23Z,300,6.0,7.0,1.4,,6.6,279,1012.1,22.1,21.4,20.0,,,
2026-09-10T01:20:00Z,2026-09-12T23:23:23Z,300,6.0,8.0,1.4,8,6.6,279,1012.0,22.2,21.4,20.0,,,
2026-09-10T01:30:00Z,2026-09-12T23:23:23Z,300,6.0,8.0,,,,,1011.9,22.2,21.4,20.0,,,
2026-09-10T01:40:00Z,2026-09-12T23:23:23Z,300,6.0,8.0,1.3,,6.6,215,1012.0,22.2,21.4,20.0,,,
2026-09-10T01:50:00Z,2026-09-12T23:23:23Z,300,6.0,7.0,1.3,16,6.6,215,1012.0,22.1,21.4,19.9,,,
2026-09-10T02:00:00Z,2026-09-12T23:23:23Z,300,6.0,7.0,,,,,1012.0,22.1,21.4,19.9,,-0.7,
2026-09-10T02:10:00Z,2026-09-12T23:23:23Z,300,6.0,7.0,1.3,,6.5,272,1012.0,22.1,21.4,20.0,,,
2026-09-10T02:20:00Z,2026-09-12T23:23:23Z,300,5.0,7.0,1.3,9,6.5,272,1012.0,22.0,21.4,19.9,,,
2026-09-10T02:40:00Z,2026-09-12T23:23:23Z,300,5.0,6.0,,,,,1012.1,22.1,21.3,19.8,,,
2026-09-10T02:50:00Z,2026-09-12T23:23:23Z,300,5.0,6.0,,,,,1013.0,22.1,21.3,19.8,,,
2026-09-10T03:00:00Z,2026-09-12T23:23:23Z,300,6.0,7.0,,,,,1012.0,22.1,21.3,19.8,,-0.6,
2026-09-10T03:10:00Z,2026-09-12T23:23:23Z,300,6.0,7.0,1.3,,6.3,223,1012.1,22.1,21.3,19.9,,,
2026-09-10T03:20:00Z,2026-09-12T23:23:23Z,300,6.0,7.0,1.3,8,6.3,223,1012.3,22.1,21.3,20.0,,,
2026-09-10T03:30:00Z,2026-09-12T23:23:23Z,300,6.0,7.0,,,,,1012.3,22.0,21.3,20.0,,,
2026-09-10T03:40:00Z,2026-09-12T23:23:23Z,300,6.0,7.0,,,,,1012.5,22.0,21.3,20.0,,,
2026-09-10T03:50:00Z,2026-09-12T23:23:23Z,300,6.0,7.0,1.4,8,6.5,264,1012.6,22.0,21.3,20.0,,,
2026-09-10T04:00:00Z,2026-09-12T23:23:23Z,290,5.0,6.0,,,,,1012.7,22.0,21.3,20.0,,+0.6,
2026-09-10T04:10:00Z,2026-09-12T23:23:23Z,290,5.0,7.0,1.3,,6.1,286,1013.0,22.0,21.3,20.0,,,
2026-09-10T04:20:00Z,2026-09-12T23:23:23Z,290,5.0,6.0,1.3,8,6.1,286,1013.1,22.0,21.2,19.9,,,
2026-09-10T04:30:00Z,2026-09-12T23:23:23Z,290,6.0,7.0,,,,,1013.2,22.0,21.2,19.8,,,
2026-09-10T04:40:00Z,2026-09-12T23:23:23Z,300,5.0,6.0,1.3,,6.2,229,1013.3,22.1,21.2,19.8,,,
2026-09-10T04:50:00Z,2026-09-12T23:23:23Z,300,6.0,7.0,1.3,16,6.2,229,1013.4,22.1,21.1,19.7,,,
2026-09-10T05:00:00Z,2026-09-12T23:23:23Z,300,6.0,7.0,,,,,1013.4,22.2,21.1,19.7,,+1.4,
2026-09-10T05:10:00Z,2026-09-12T23:23:23Z,290,6.0,7.0,1.3,,6.3,175,1013.5,22.2,21.1,19.7,,,
2026-09-10T05:20:00Z,2026-09-12T23:23:23Z,300,6.0,6.0,1.3,16,6.3,175,1013.4,22.2,21.1,19.8,,,
2026-09-10T05:30:00Z,2026-09-12T23:23:23Z,300,6.0,7.0,,,,,1013.4,22.1,21.1,19.8,,,
2026-09-10T05:40:00Z,2026-09-12T23:23:23Z,290,5.0,7.0,1.3,,6.3,238,1013.4,22.1,21.2,19.9,,,
2026-09-10T05:50:00Z,2026-09-12T23:23:23Z,290,5.0,6.0,1.3,16,6.3,238,1013.4,22.1,21.2,19.9,,,
2026-09-10T06:00:00Z,2026-09-12T23:23:23Z,300,6.0,7.0,,,,,1013.4,22.0,21.2,19.9,,+1.4,
2026-09-10T06:10:00Z,2026-09-12T23:23:23Z,300,6.0,7.0,,,,,1013.5,22.0,21.2,19.9,,,
2026-09-10T06:20:00Z,2026-09-12T23:23:23Z,300,6.0,7.0,1.3,16,6.1,260,1013.4,22.0,21.2,19.8,,,
2026-09-10T06:30:00Z,2026-09-12T23:23:23Z,300,6.0,8.0,,,,,1013.4,22.0,21.2,19.8,,,
2026-09-10T06:40:00Z,2026-09-12T23:23:23Z,300,6.0,8.0,,,,,1013.4,22.0,21.2,19.8,,,
2026-09-10T06:50:00Z,2026-09-12T23:23:23Z,290,6.0,8.0,1.4,16,6.4,232,1013.4,22.0,21.2,19.7,,,
2026-09-10T07:00:00Z,2026-09-12T23:23:23Z,290,6.0,7.0,,,,,1013.4,22.1,21.2,19.8,,+0.6,
2026-09-10T07:10:00Z,2026-09-12T23:23:23Z,290,6.0,7.0,1.3,,5.9,222,1013.4,22.0,21.2,19.7,,,
2026-09-10T07:20:00Z,2026-09-12T23:23:23Z,290,6.0,7.0,1.3,16,5.9,222,1013.6,22.0,21.2,19.7,,,
2026-09-10T07:30:00Z,2026-09-12T23:23:23Z,290,6.0,7.0,,,,,1013.4,22.0,21.2,19.7,,,
2026-09-10T07:40:00Z,2026-09-12T23:23:23Z,290,6.0,8.0,,,,,1013.5,22.0,21.2,19.7,,,
2026-09-10T07:50:00Z,2026-09-12T23:23:23Z,290,6.0,8.0,1.3,16,5.9,230,1013.4,22.0,21.2,19.7,,,
2026-09-10T08:00:00Z,2026-09-12T23:23:23Z,300,7.0,8.0,,,,,1013.3,22.1,,19.7,,+0.0,
2026-09-10T08:10:00Z,2026-09-12T23:23:23Z,300,7.0,8.0,,,,,1013.2,22.0,21.2,19.6,,,
2026-09-10T08:20:00Z,2026-09-12T23:23:23Z,300,7.0,8.0,1.3,15,5.8,185,1013.0,22.0,21.2,19.6,,,
2026-09-10T08:30:00Z,2026-09-12T23:23:23Z,300,7.0,9.0,,,,,1012.9,22.0,21.2,19.6,,,
2026-09-10T08:40:00Z,2026-09-12T23:23:23Z,300,8.0,10.0,1.4,,5.9,263,1012.7,22.0,21.2,19.5,,,
2026-09-10T08:50:00Z,2026-09-12T23:23:23Z,300,8.0,10.0,1.4,16,5.9,263,1012.7,22.0,21.2,19.5,,,
2026-09-10T09:00:00Z,2026-09-12T23:23:23Z,300,8.0,10.0,,,,,1012.7,22.0,21.2,19.4,,-0.7,
2026-09-10T09:10:00Z,2026-09-12T23:23:23Z,300,7.0,9.0,1.4,,5.9,246,1012.8,22.0,21.2,19.4,,,
2026-09-10T09:20:00Z,2026-09-12T23:23:23Z,300,7.0,9.0,1.4,15,5.9,246,1012.7,22.0,21.2,19.4,,,
2026-09-10T09:30:00Z,2026-09-12T23:23:23Z,300,7.0,9.0,,,,,1012.7,22.0,21.2,19.5,,,
2026-09-10T09:40:00Z,2026-09-12T23:23:23Z,300,7.0,9.0,1.3,,5.5,176,1012.6,22.0,21.2,19.5,,,
2026-09-10T09:50:00Z,2026-09-12T23:23:23Z,300,7.0,9.0,1.3,16,5.5,176,1012.5,21.9,21.2,19.4,,,
2026-09-10T10:00:00Z,2026-09-12T23:23:23Z,300,7.0,8.0,,,,,1012.5,22.0,21.2,19.5,,-0.7,
2026-09-10T10:10:00Z,2026-09-12T23:23:23Z,300,6.0,7.0,1.3,,5.3,206,1012.5,21.9,21.2,19.4,,,
2026-09-10T10:20:00Z,2026-09-12T23:23:23Z,300,6.0,7.0,1.3,12,5.3,206,1012.4,22.0,21.2,19.5,,,
2026-09-10T10:30:00Z,2026-09-12T23:23:23Z,300,7.0,8.0,,,,,1012.3,21.9,21.1,19.4,,,
2026-09-10T10:40:00Z,2026-09-12T23:23:23Z,300,7.0,8.0,,,,,1012.5,21.9,21.1,19.4,,,
2026-09-10T10:50:00Z,2026-09-12T23:23:23Z,290,6.0,8.0,1.4,16,5.9,241,1012.5,22.0,21.1,19.5,,,
2026-09-10T11:00:00Z,2026-09-12T23:23:23Z,290,7.0,8.0,,,,,1012.5,22.0,21.1,19.3,,-0.7,
2026-09-10T11:10:00Z,2026-09-12T23:23:23Z,290,6.0,7.0,1.4,,5.9,197,1012.5,22.0,21.1,19.5,,,
2026-09-10T11:20:00Z,2026-09-12T23:23:23Z,290,6.0,7.0,1.4,16,5.9,197,1012.5,22.0,21.1,19.4,,,
2026-09-10T11:30:00Z,2026-09-12T23:23:23Z,290,6.0,7.0,,,,,1012.5,21.9,21.1,19.5,,,
2026-09-10T11:40:00Z,2026-09-12T23:23:23Z,290,7.0,8.0,1.4,,5.9,170,1012.3,21.9,21.1,19.4,,,
2026-09-10T11:50:00Z,2026-09-12T23:23:23Z,290,7.0,8.0,1.4,16,5.9,170,1012.2,21.9,21.1,19.4,,,
2026-09-10T12:00:00Z,2026-09-12T23:23:23Z,290,7.0,8.0,,,,,1012.3,21.9,21.1,19.5,,-0.5,
2026-09-10T12:10:00Z,2026-09-12T23:23:23Z,290,7.0,8.0,1.5,,6.3,243,1012.3,21.9,21.1,19.5,,,
2026-09-10T12:20:00Z,2026-09-12T23:23:23Z,290,6.0,8.0,1.5,15,6.3,243,1012.3,21.9,21.1,19.5,,,
2026-09-10T12:30:00Z,2026-09-12T23:23:23Z,290,6.0,7.0,,,,,1012.3,21.9,21.1,19.4,,,
2026-09-10T12:40:00Z,2026-09-12T23:23:23Z,300,6.0,7.0,1.4,,6.4,244,1012.3,21.8,21.1,19.5,,,
2026-09-10T12:50:00Z,2026-09-12T23:23:23Z,290,6.0,7.0,1.4,16,6.4,244,1012.2,21.8,21.1,19.5,,,
2026-09-10T13:00:00Z,2026-09-12T23:23:23Z,290,7.0,8.0,,,,,1012.2,21.8,21.1,19.5,,-0.4,
2026-09-10T13:10:00Z,2026-09-12T23:23:23Z,290,7.0,8.0,1.4,,6.2,219,1012.0,21.8,21.1,19.5,,,
2026-09-10T13:20:00Z,2026-09-12T23:23:23Z,300,7.0,9.0,1.4,16,6.2,219,1012.1,21.8,21.1,19.4,,,
2026-09-10T13:30:00Z,2026-09-12T23:23:23Z,300,7.0,8.0,,,,,1012.3,21.9,21.1,19.5,,,
2026-09-10T13:40:00Z,2026-09-12T23:23:23Z,300,6.0,8.0,1.4,,6.1,278,1012.3,21.9,21.1,19.4,,,
2026-09-10T13:50:00Z,2026-09-12T23:23:23Z,300,7.0,8.0,1.4,15,6.1,278,1012.3,21.9,21.1,19.3,,,
2026-09-10T14:00:00Z,2026-09-12T23:23:23Z,300,7.0,8.0,,,,,1012.3,21.9,21.1,19.2,,-0.3,
2026-09-10T14:10:00Z,2026-09-12T23:23:23Z,300,7.0,8.0,1.5,,6.2,249,1012.4,21.9,21.1,19.2,,,
2026-09-10T14:20:00Z,2026-09-12T23:23:23Z,300,6.0,8.0,1.5,8,6.2,249,1012.4,22.0,21.1,19.3,,,
2026-09-10T14:30:00Z,2026-09-12T23:23:23Z,290,6.0,8.0,,,,,1012.5,22.0,21.1,19.2,,,
2026-09-10T14:40:00Z,2026-09-12T23:23:23Z,300,6.0,8.0,,,,,1013.6,22.1,21.1,19.1,,,
2026-09-10T18:00:00Z,2026-09-12T23:23:23Z,,,,,,,,1013.6,,21.3,,,,
2026-09-10T18:20:00Z,2026-09-12T23:23:23Z,290,6.0,8.0,,,,,1013.6,22.1,21.3,19.0,,,
2026-09-10T19:30:00Z,2026-09-12T23:23:23Z,290,8.0,9.0,,,,,1013.8,22.2,,18.9,,,
2026-09-10T19:50:00Z,2026-09-12T23:23:23Z,,,,,,,,1012.7,,,,,,
2026-09-10T21:10:00Z,2026-09-12T23:23:23Z,300,8.0,9.0,,,,,1012.2,22.1,21.4,18.5,,,
2026-09-10T21:20:00Z,2026-09-12T23:23:23Z,300,8.0,9.0,1.6,16,5.9,202,1012.1,22.2,21.4,18.6,,,
2026-09-10T21:30:00Z,2026-09-12T23:23:23Z,300,8.0,11.0,,,,,1011.9,22.1,21.4,18.6,,,
2026-09-10T21:40:00Z,2026-09-12T23:23:23Z,300,8.0,10.0,,,,,1011.8,22.1,21.4,18.7,,,
2026-09-10T22:00:00Z,2026-09-12T23:23:23Z,300,9.0,11.0,,,,,1012.6,22.1,,18.6,,,
2026-09-10T22:30:00Z,2026-09-12T23:23:23Z,300,8.0,10.0,,,,,1012.4,22.1,21.5,18.6,,,
2026-09-10T22:50:00Z,2026-09-12T23:23:23Z,,,,1.5,16,5.5,240,1011.1,,21.5,,,,
2026-09-10T23:00:00Z,2026-09-12T23:23:23Z,310,9.0,10.0,,,,,1010.9,22.2,21.5,18.6,,,
2026-09-11T00:10:00Z,2026-09-12T23:23:23Z,300,8.0,10.0,,,,,1010.7,22.3,21.5,18.7,,,
2026-09-11T00:40:00Z,2026-09-12T23:23:23Z,310,7.0,8.0,1.6,,5.7,227,1010.9,22.3,21.5,18.8,,,
2026-09-11T00:50:00Z,2026-09-12T23:23:23Z,300,7.0,9.0,1.6,16,5.7,227,1010.9,22.3,21.5,18.8,,,
2026-09-11T01:00:00Z,2026-09-12T23:23:23Z,,,,,,,,1010.8,,,,,,
2026-09-11T01:10:00Z,2026-09-12T23:23:23Z,300,7.0,9.0,,,,,1010.8,22.3,,18.9,,,
2026-09-11T01:20:00Z,2026-09-12T23:23:23Z,300,7.0,8.0,,,,,1010.6,22.2,21.5,19.0,,,
2026-09-11T01:30:00Z,2026-09-12T23:23:23Z,300,8.0,10.0,,,,,1010.6,22.2,21.4,18.8,,,
2026-09-11T01:40:00Z,2026-09-12T23:23:23Z,300,8.0,10.0,,,,,1010.6,22.2,21.4,18.8,,,
2026-09-11T01:50:00Z,2026-09-12T23:23:23Z,300,7.0,9.0,,,,,1010.7,22.2,21.4,18.9,,,
2026-09-11T02:10:00Z,2026-09-12T23:23:23Z,300,8.0,10.0,1.7,,6.3,210,1010.6,22.1,21.4,18.8,,,
2026-09-11T02:20:00Z,2026-09-12T23:23:23Z,300,7.0,8.0,1.7,16,6.3,210,1010.6,22.0,21.4,19.0,,,
2026-09-11T02:30:00Z,2026-09-12T23:23:23Z,300,8.0,9.0,,,,,1010.6,22.1,21.4,18.8,,,
2026-09-11T02:40:00Z,2026-09-12T23:23:23Z,300,7.0,8.0,1.6,,6.1,226,1010.6,22.0,21.4,18.8,,,
2026-09-11T02:50:00Z,2026-09-12T23:23:23Z,300,7.0,8.0,1.6,16,6.1,226,1010.7,22.1,21.4,18.8,,,
2026-09-11T03:00:00Z,2026-09-12T23:23:23Z,300,6.0,8.0,,,,,1010.8,22.0,21.4,18.9,,,
2026-09-11T03:10:00Z,2026-09-12T23:23:23Z,300,7.0,8.0,1.6,,6.1,323,1010.9,22.0,21.4,18.7,,,
2026-09-11T03:20:00Z,2026-09-12T23:23:23Z,300,7.0,8.0,1.6,16,6.1,323,1011.0,22.2,21.4,18.7,,,
2026-09-11T03:30:00Z,2026-09-12T23:23:23Z,300,7.0,8.0,,,,,1011.0,22.1,21.4,18.9,,,
2026-09-11T03:40:00Z,2026-09-12T23:23:23Z,300,7.0,8.0,,,,,1011.1,22.1,21.4,18.7,,,
2026-09-11T03:50:00Z,2026-09-12T23:23:23Z,300,7.0,9.0,1.5,16,5.8,190,1011.1,22.1,21.4,18.6,,,
2026-09-11T04:00:00Z,2026-09-12T23:23:23Z,300,7.0,8.0,,,,,1011.2,22.2,21.4,18.7,,+0.4,
2026-09-11T04:10:00Z,2026-09-12T23:23:23Z,310,8.0,10.0,1.6,,6.0,202,1011.2,22.1,21.4,18.6,,,
2026-09-11T04:20:00Z,2026-09-12T23:23:23Z,300,8.0,9.0,1.6,16,6.0,202,1011.4,22.2,21.4,18.6,,,
2026-09-11T04:30:00Z,2026-09-12T23:23:23Z,310,8.0,10.0,,,,,1011.5,22.2,21.3,18.5,,,
2026-09-11T04:40:00Z,2026-09-12T23:23:23Z,310,8.0,10.0,1.7,,6.2,223,1011.6,22.2,21.3,18.6,,,
2026-09-11T04:50:00Z,2026-09-12T23:23:23Z,310,8.0,9.0,1.7,16,6.2,223,1011.7,22.1,21.3,18.6,,,
2026-09-11T05:00:00Z,2026-09-12T23:23:23Z,310,7.0,8.0,,,,,1011.8,22.1,21.3,18.7,,,
2026-09-11T05:10:00Z,2026-09-12T23:23:23Z,310,7.0,8.0,,,,,1011.9,22.1,21.3,18.5,,,
2026-09-11T05:20:00Z,2026-09-12T23:23:23Z,310,6.0,7.0,1.6,13,5.9,301,1012.0,22.1,21.3,18.6,,,
2026-09-11T05:30:00Z,2026-09-12T23:23:23Z,300,6.0,8.0,,,,,1011.9,22.1,21.3,18.6,,,
2026-09-11T05:40:00Z,2026-09-12T23:23:23Z,300,7.0,9.0,,,,,1011.9,22.1,21.3,18.6,,,
2026-09-11T05:50:00Z,2026-09-12T23:23:23Z,300,7.0,9.0,1.8,16,5.9,206,1011.7,22.0,21.3,18.5,,,
2026-09-11T06:00:00Z,2026-09-12T23:23:23Z,300,7.0,9.0,,,,,1011.8,22.1,21.3,18.6,,+0.9,
2026-09-11T06:10:00Z,2026-09-12T23:23:23Z,300,7.0,9.0,1.7,,5.9,216,1011.8,22.0,21.3,18.4,,,
2026-09-11T06:20:00Z,2026-09-12T23:23:23Z,290,6.0,8.0,1.7,16,5.9,216,1011.7,22.0,21.3,18.8,,,
2026-09-11T06:30:00Z,2026-09-12T23:23:23Z,300,7.0,8.0,,,,,1011.7,21.9,21.3,18.4,,,
2026-09-11T06:40:00Z,2026-09-12T23:23:23Z,,,,1.7,16,5.7,177,,,,,,,
2026-09-11T06:50:00Z,2026-09-12T23:23:23Z,290,6.0,8.0,1.7,,5.7,177,1011.8,22.0,21.3,18.6,,,
2026-09-11T07:00:00Z,2026-09-12T23:23:23Z,290,7.0,9.0,,,,,1011.7,22.0,21.3,18.5,,+0.5,
2026-09-11T07:10:00Z,2026-09-12T23:23:23Z,290,7.0,8.0,1.8,,6.0,196,1011.7,22.0,21.3,18.6,,,
2026-09-11T07:20:00Z,2026-09-12T23:23:23Z,290,8.0,9.0,1.8,16,6.0,196,1011.6,22.0,21.3,18.6,,,
2026-09-11T07:30:00Z,2026-09-12T23:23:23Z,290,8.0,10.0,,,,,1011.6,22.0,21.3,18.6,,,
2026-09-11T07:40:00Z,2026-09-12T23:23:23Z,290,8.0,10.0,1.7,,5.8,213,1011.6,22.0,21.3,18.5,,,
2026-09-11T07:50:00Z,2026-09-12T23:23:23Z,290,8.0,10.0,1.7,15,5.8,213,1011.5,22.0,,18.6,,,
2026-09-11T08:00:00Z,2026-09-12T23:23:23Z,290,8.0,10.0,,,,,1011.4,21.9,21.2,18.4,,-0.4,
2026-09-11T08:10:00Z,2026-09-12T23:23:23Z,290,8.0,10.0,1.7,,5.6,195,1011.4,21.9,21.2,18.4,,,
2026-09-11T08:20:00Z,2026-09-12T23:23:23Z,290,8.0,10.0,1.7,16,5.6,195,1011.3,22.0,21.2,18.5,,,
2026-09-11T08:30:00Z,2026-09-12T23:23:23Z,290,9.0,10.0,,,,,1011.3,22.0,21.2,18.3,,,
2026-09-11T08:40:00Z,2026-09-12T23:23:23Z,300,9.0,10.0,1.8,,6.0,246,1011.2,22.0,21.2,18.3,,,
2026-09-11T08:50:00Z,2026-09-12T23:23:23Z,300,8.0,10.0,1.8,16,6.0,246,1011.2,22.0,21.2,18.3,,,
2026-09-11T09:00:00Z,2026-09-12T23:23:23Z,300,8.0,10.0,,,,,1011.3,22.0,21.2,18.2,,-0.5,
2026-09-11T09:10:00Z,2026-09-12T23:23:23Z,300,8.0,10.0,1.7,,5.6,314,1011.2,22.0,21.2,18.2,,,
2026-09-11T09:20:00Z,2026-09-12T23:23:23Z,300,8.0,10.0,1.7,6,5.6,314,1011.2,21.9,21.2,18.4,,,
2026-09-11T09:30:00Z,2026-09-12T23:23:23Z,300,8.0,10.0,,,,,1011.2,22.0,21.2,18.3,,,
2026-09-11T09:40:00Z,2026-09-12T23:23:23Z,300,8.0,10.0,,,,,1011.1,22.0,21.2,18.3,,,
2026-09-11T09:50:00Z,2026-09-12T23:23:23Z,300,8.0,11.0,1.8,16,5.9,199,1011.0,21.9,21.2,18.2,,,
2026-09-11T10:00:00Z,2026-09-12T23:23:23Z,300,9.0,11.0,,,,,1010.9,21.9,21.2,18.4,,-0.8,
2026-09-11T10:10:00Z,2026-09-12T23:23:23Z,300,9.0,11.0,1.7,,5.7,214,1010.9,21.9,21.2,18.4,,,
2026-09-11T10:20:00Z,2026-09-12T23:23:23Z,300,9.0,10.0,1.7,16,5.7,214,1010.8,21.9,21.2,18.5,,,
2026-09-11T10:30:00Z,2026-09-12T23:23:23Z,300,9.0,11.0,,,,,1010.7,21.9,21.2,18.4,,,
2026-09-11T10:40:00Z,2026-09-12T23:23:23Z,300,9.0,11.0,,,,,1010.6,21.9,21.2,18.5,,,
2026-09-11T10:50:00Z,2026-09-12T23:23:23Z,310,9.0,11.0,1.8,16,5.7,240,1010.7,21.8,21.2,18.5,,,
2026-09-11T11:00:00Z,2026-09-12T23:23:23Z,310,9.0,11.0,,,,,1010.8,21.8,21.2,18.4,,-0.7,
2026-09-11T11:10:00Z,2026-09-12T23:23:23Z,310,8.0,10.0,1.7,,5.6,205,1010.7,21.7,21.2,18.5,,,
2026-09-11T11:20:00Z,2026-09-12T23:23:23Z,310,10.0,11.0,1.7,16,5.6,205,1010.6,21.8,21.2,18.3,,,
2026-09-11T11:30:00Z,2026-09-12T23:23:23Z,310,9.0,11.0,,,,,1010.6,21.7,21.2,18.4,,,
2026-09-11T11:40:00Z,2026-09-12T23:23:23Z,310,9.0,11.0,1.8,,5.7,242,1010.6,21.7,21.2,18.6,,,
2026-09-11T11:50:00Z,2026-09-12T23:23:23Z,310,9.0,11.0,1.8,16,5.7,242,1010.6,21.6,21.2,18.5,,,
2026-09-11T12:00:00Z,2026-09-12T23:23:23Z,310,10.0,12.0,,,,,1010.5,21.6,21.2,18.5,,-0.7,
2026-09-11T12:10:00Z,2026-09-12T23:23:23Z,310,9.0,11.0,1.8,,5.8,204,1010.4,21.5,21.2,18.5,,,
2026-09-11T12:20:00Z,2026-09-12T23:23:23Z,310,9.0,11.0,1.8,16,5.8,204,1010.3,21.5,21.2,18.5,,,
2026-09-11T12:30:00Z,2026-09-12T23:23:23Z,310,10.0,12.0,,,,,1010.3,21.5,21.2,18.6,,,
2026-09-11T12:40:00Z,2026-09-12T23:23:23Z,310,10.0,12.0,1.8,,5.7,212,1010.3,21.4,21.2,18.4,,,
2026-09-11T12:50:00Z,2026-09-12T23:23:23Z,310,10.0,14.0,1.8,16,5.7,212,1010.4,21.4,21.2,18.3,,,
2026-09-11T13:00:00Z,2026-09-12T23:23:23Z,310,10.0,12.0,,,,,1010.5,21.5,21.2,18.5,,-0.5,
2026-09-11T13:10:00Z,2026-09-12T23:23:23Z,320,10.0,12.0,1.8,,5.7,207,1010.4,21.4,21.2,18.4,,,
2026-09-11T13:20:00Z,2026-09-12T23:23:23Z,310,9.0,12.0,1.8,16,5.7,207,1010.4,21.4,21.2,18.6,,,
2026-09-11T13:30:00Z,2026-09-12T23:23:23Z,310,11.0,13.0,,,,,1010.4,21.3,21.2,18.5,,,
2026-09-11T13:40:00Z,2026-09-12T23:23:23Z,320,10.0,12.0,2.0,,5.9,238,1010.6,21.2,21.2,18.5,,,
2026-09-11T13:50:00Z,2026-09-12T23:23:23Z,320,10.0,12.0,2.0,16,5.9,238,1010.7,21.2,21.2,18.6,,,
2026-09-11T14:00:00Z,2026-09-12T23:23:23Z,320,9.0,11.0,,,,,1010.9,21.1,21.2,18.7,,-0.0,
2026-09-11T14:10:00Z,2026-09-12T23:23:23Z,320,9.0,12.0,1.9,,5.9,237,1011.0,21.0,21.2,18.6,,,
2026-09-11T14:20:00Z,2026-09-12T23:23:23Z,320,9.0,11.0,1.9,15,5.9,237,1011.0,21.0,21.2,18.9,,,
2026-09-11T14:30:00Z,2026-09-12T23:23:23Z,320,9.0,11.0,,,,,1011.2,21.0,21.2,19.0,,,
2026-09-11T14:40:00Z,2026-09-12T23:23:23Z,320,9.0,11.0,,,,,1011.2,20.9,21.2,19.0,,,
2026-09-11T14:50:00Z,2026-09-12T23:23:23Z,320,9.0,11.0,2.0,16,6.0,220,1012.3,20.8,21.2,18.9,,,
2026-09-11T15:00:00Z,2026-09-12T23:23:23Z,320,9.0,11.0,,,,,1011.4,20.8,,18.9,,+0.9,
2026-09-11T15:10:00Z,2026-09-12T23:23:23Z,320,9.0,10.0,,,,,1011.6,20.8,21.2,18.9,,,
2026-09-11T15:20:00Z,2026-09-12T23:23:23Z,320,8.0,10.0,,,,,1011.6,20.8,21.2,19.0,,,
2026-09-11T15:30:00Z,2026-09-12T23:23:23Z,320,9.0,11.0,,,,,1011.5,20.7,21.2,18.9,,,
2026-09-11T15:40:00Z,2026-09-12T23:23:23Z,320,8.0,10.0,,,,,1011.4,20.8,21.2,19.1,,,
2026-09-11T15:50:00Z,2026-09-12T23:23:23Z,310,9.0,11.0,2.2,16,6.2,200,1011.4,20.7,21.2,19.0,,,
2026-09-11T16:00:00Z,2026-09-12T23:23:23Z,310,9.0,11.0,,,,,1011.5,20.7,21.2,19.0,,+1.0,
2026-09-11T16:10:00Z,2026-09-12T23:23:23Z,320,9.0,11.0,,,,,1011.4,20.6,21.2,19.0,,,
2026-09-11T16:20:00Z,2026-09-12T23:23:23Z,,,,,,,,1011.3,,21.2,,,,
2026-09-11T16:50:00Z,2026-09-12T23:23:23Z,310,9.0,12.0,,,,,1012.3,20.5,21.3,19.0,,,
2026-09-11T17:00:00Z,2026-09-12T23:23:23Z,320,9.0,12.0,,,,,1011.7,20.5,21.3,19.0,,+0.6,
2026-09-11T17:10:00Z,2026-09-12T23:23:23Z,320,9.0,11.0,,,,,1011.7,20.5,21.3,19.0,,,
2026-09-11T17:20:00Z,2026-09-12T23:23:23Z,320,9.0,11.0,2.2,7,6.0,326,1011.7,20.5,21.3,19.0,,,
2026-09-11T17:30:00Z,2026-09-12T23:23:23Z,320,9.0,11.0,,,,,1011.9,20.4,21.4,18.9,,,
2026-09-11T17:40:00Z,2026-09-12T23:23:23Z,320,9.0,11.0,2.2,,6.0,315,1012.0,20.4,21.4,19.0,,,
2026-09-11T17:50:00Z,2026-09-12T23:23:23Z,320,9.0,11.0,2.2,7,6.0,315,1011.9,20.4,21.4,19.0,,,
2026-09-11T18:00:00Z,2026-09-12T23:23:23Z,320,9.0,12.0,,,,,1012.0,20.4,21.4,19.0,,+0.5,
2026-09-11T18:10:00Z,2026-09-12T23:23:23Z,310,10.0,12.0,,,,,1012.0,20.4,21.4,19.0,,,
2026-09-11T18:20:00Z,2026-09-12T23:23:23Z,310,9.0,12.0,2.3,7,6.1,326,1012.0,20.4,21.4,19.0,,,
2026-09-11T18:30:00Z,2026-09-12T23:23:23Z,310,9.0,11.0,,,,,1012.0,20.4,21.4,19.1,,,
2026-09-11T18:40:00Z,2026-09-12T23:23:23Z,320,9.0,11.0,,,,,1012.0,20.4,21.4,19.1,,,
2026-09-11T18:50:00Z,2026-09-12T23:23:23Z,320,9.0,11.0,2.2,7,5.9,317,1011.9,20.3,21.5,19.0,,,
2026-09-11T19:00:00Z,2026-09-12T23:23:23Z,320,9.0,11.0,,,,,1011.9,20.3,21.5,19.0,,+0.4,
2026-09-11T19:10:00Z,2026-09-12T23:23:23Z,320,9.0,11.0,2.1,,6.0,324,1012.0,20.3,21.5,19.0,,,
2026-09-11T19:20:00Z,2026-09-12T23:23:23Z,320,9.0,10.0,2.1,7,6.0,324,1011.9,20.2,21.5,18.9,,,
2026-09-11T19:30:00Z,2026-09-12T23:23:23Z,320,8.0,10.0,,,,,1011.8,20.2,21.5,18.9,,,
2026-09-11T19:40:00Z,2026-09-12T23:23:23Z,320,8.0,10.0,2.2,,6.0,321,1011.7,20.2,21.5,18.9,,,
2026-09-11T19:50:00Z,2026-09-12T23:23:23Z,320,9.0,11.0,2.2,7,6.0,321,1011.5,20.2,21.5,19.0,,,
2026-09-11T20:00:00Z,2026-09-12T23:23:23Z,320,8.0,11.0,,,,,1011.4,20.2,21.5,18.9,,+0.0,
2026-09-11T20:10:00Z,2026-09-12T23:23:23Z,320,8.0,10.0,2.1,,6.0,313,1011.5,20.2,21.5,18.9,,,
2026-09-11T20:20:00Z,2026-09-12T23:23:23Z,320,9.0,11.0,2.1,7,6.0,313,1011.4,20.1,21.5,18.8,,,
2026-09-11T20:30:00Z,2026-09-12T23:23:23Z,320,9.0,10.0,,,,,1011.3,20.2,21.5,18.9,,,
2026-09-11T20:40:00Z,2026-09-12T23:23:23Z,320,9.0,11.0,2.2,,6.0,295,1011.2,20.2,21.6,18.9,,,
2026-09-11T20:50:00Z,2026-09-12T23:23:23Z,320,9.0,10.0,2.2,12,6.0,295,1011.0,20.2,21.6,18.9,,,
2026-09-11T21:00:00Z,2026-09-12T23:23:23Z,310,9.0,11.0,,,,,1010.9,20.2,21.6,18.9,,-1.1,
2026-09-11T21:10:00Z,2026-09-12T23:23:23Z,320,9.0,11.0,2.0,,5.7,316,1010.9,20.2,21.6,18.9,,,
2026-09-11T21:20:00Z,2026-09-12T23:23:23Z,320,9.0,11.0,2.0,7,5.7,316,1010.9,20.2,21.6,18.8,,,
2026-09-11T21:30:00Z,2026-09-12T23:23:23Z,310,9.0,11.0,,,,,1010.9,20.2,21.6,18.8,,,
2026-09-11T21:40:00Z,2026-09-12T23:23:23Z,320,9.0,10.0,,,,,1010.9,20.3,21.6,18.9,,,
2026-09-11T21:50:00Z,2026-09-12T23:23:23Z,320,9.0,11.0,2.1,7,5.8,317,1010.6,20.3,21.6,19.0,,,
2026-09-11T22:00:00Z,2026-09-12T23:23:23Z,310,9.0,11.0,,,,,1010.4,20.3,21.6,19.0,,-1.4,
2026-09-11T22:10:00Z,2026-09-12T23:23:23Z,310,10.0,11.0,1.9,,5.9,313,1010.4,20.3,21.6,18.9,,,
2026-09-11T22:20:00Z,2026-09-12T23:23:23Z,310,10.0,11.0,1.9,7,5.9,313,1010.3,20.3,21.6,18.8,,,
2026-09-11T22:30:00Z,2026-09-12T23:23:23Z,310,10.0,11.0,,,,,1010.1,20.3,21.6,18.9,,,
2026-09-11T22:40:00Z,2026-09-12T23:23:23Z,310,9.0,12.0,1.9,,6.0,211,1010.1,20.3,21.6,18.9,,,
2026-09-11T22:50:00Z,2026-09-12T23:23:23Z,320,9.0,11.0,1.9,16,6.0,211,1010.1,20.3,21.6,18.8,,,
2026-09-11T23:00:00Z,2026-09-12T23:23:23Z,310,9.0,11.0,,,,,1010.0,20.4,21.6,18.9,,-1.5,
2026-09-11T23:10:00Z,2026-09-12T23:23:23Z,310,9.0,11.0,2.0,,5.9,308,1009.9,20.4,21.6,18.8,,,
2026-09-11T23:30:00Z,2026-09-12T23:23:23Z,310,10.0,12.0,,,,,1009.8,20.4,21.6,18.7,,,
2026-09-11T23:40:00Z,2026-09-12T23:23:23Z,320,9.0,11.0,1.8,,5.8,312,1009.9,20.4,21.6,18.8,,,
2026-09-11T23:50:00Z,2026-09-12T23:23:23Z,320,8.0,10.0,1.8,7,5.8,312,1009.9,20.4,21.6,18.9,,,
2026-09-12T00:00:00Z,2026-09-12T23:23:23Z,320,9.0,11.0,,,,,1009.7,20.4,21.6,18.8,,-1.1,
2026-09-12T00:10:00Z,2026-09-12T23:23:23Z,310,8.0,10.0,2.0,,5.9,236,1009.7,20.4,21.6,18.9,,,
2026-09-12T00:20:00Z,2026-09-12T23:23:23Z,310,8.0,9.0,2.0,15,5.9,236,1009.9,20.4,21.6,18.8,,,
2026-09-12T00:30:00Z,2026-09-12T23:23:23Z,310,8.0,10.0,,,,,1009.7,20.4,,18.9,,,
2026-09-12T00:40:00Z,2026-09-12T23:23:23Z,310,9.0,11.0,,,,,1009.5,20.4,21.6,18.8,,,
2026-09-12T00:50:00Z,2026-09-12T23:23:23Z,310,9.0,10.0,1.9,7,5.9,313,1009.4,20.5,21.6,19.0,,,
2026-09-12T01:00:00Z,2026-09-12T23:23:23Z,310,9.0,11.0,,,,,1009.3,20.4,21.6,18.8,,-1.1,
2026-09-12T01:10:00Z,2026-09-12T23:23:23Z,310,9.0,11.0,1.8,,5.6,301,1009.3,20.5,21.6,18.9,,,
2026-09-12T01:20:00Z,2026-09-12T23:23:23Z,310,10.0,11.0,1.8,6,5.6,301,1009.2,20.4,21.6,18.8,,,
2026-09-12T01:30:00Z,2026-09-12T23:23:23Z,310,9.0,11.0,,,,,1009.3,20.5,21.6,18.9,,,
2026-09-12T01:40:00Z,2026-09-12T23:23:23Z,310,10.0,11.0,1.9,,5.7,209,1009.2,20.4,,18.9,,,
2026-09-12T01:50:00Z,2026-09-12T23:23:23Z,310,9.0,11.0,1.9,15,5.7,209,1009.2,20.4,21.6,19.0,,,
2026-09-12T02:00:00Z,2026-09-12T23:23:23Z,310,10.0,12.0,,,,,1009.3,20.3,21.6,18.8,,-0.7,
2026-09-12T02:10:00Z,2026-09-12T23:23:23Z,310,10.0,12.0,1.9,,5.7,232,1009.3,20.3,21.6,18.8,,,
2026-09-12T02:20:00Z,2026-09-12T23:23:23Z,310,10.0,12.0,1.9,15,5.7,232,1009.3,20.3,21.6,18.7,,,
2026-09-12T02:30:00Z,2026-09-12T23:23:23Z,310,10.0,11.0,,,,,1009.4,20.3,21.6,18.7,,,
2026-09-12T02:40:00Z,2026-09-12T23:23:23Z,310,9.0,12.0,2.0,,5.9,217,1009.5,20.3,21.6,18.7,,,
2026-09-12T02:50:00Z,2026-09-12T23:23:23Z,310,8.0,10.0,2.0,15,5.9,217,1009.5,20.3,21.6,18.8,,,
2026-09-12T03:00:00Z,2026-09-12T23:23:23Z,310,10.0,12.0,,,,,1009.5,20.3,21.6,18.6,,-0.3,
2026-09-12T03:10:00Z,2026-09-12T23:23:23Z,310,10.0,11.0,2.1,,6.1,221,1009.5,20.3,21.6,18.7,,,
2026-09-12T03:20:00Z,2026-09-12T23:23:23Z,310,9.0,12.0,2.1,15,6.1,221,1009.7,20.3,21.6,18.7,,,
2026-09-12T03:30:00Z,2026-09-12T23:23:23Z,310,10.0,11.0,,,,,1009.7,20.3,21.6,18.7,,,
2026-09-12T03:40:00Z,2026-09-12T23:23:23Z,310,9.0,11.0,,,,,1009.8,20.3,21.6,18.7,,,
2026-09-12T03:50:00Z,2026-09-12T23:23:23Z,310,9.0,11.0,2.0,6,5.7,312,1009.8,20.2,21.6,18.7,,,
2026-09-12T04:00:00Z,2026-09-12T23:23:23Z,310,9.0,11.0,,,,,1010.0,20.2,21.6,18.7,,+0.7,
2026-09-12T04:10:00Z,2026-09-12T23:23:23Z,300,9.0,10.0,2.1,,5.9,319,1010.3,20.2,21.6,18.7,,,
2026-09-12T04:20:00Z,2026-09-12T23:23:23Z,310,9.0,10.0,2.1,7,5.9,319,1010.4,20.1,21.6,18.6,,,
2026-09-12T04:30:00Z,2026-09-12T23:23:23Z,310,8.0,10.0,,,,,1010.6,20.1,21.6,18.6,,,
2026-09-12T04:40:00Z,2026-09-12T23:23:23Z,300,8.0,11.0,,,,,1010.7,20.1,21.6,18.7,,,
2026-09-12T04:50:00Z,2026-09-12T23:23:23Z,300,8.0,10.0,2.1,15,6.2,223,1010.7,20.1,21.5,18.7,,,
2026-09-12T05:00:00Z,2026-09-12T23:23:23Z,310,9.0,10.0,,,,,1010.8,20.0,21.5,18.6,,+1.5,
2026-09-12T05:10:00Z,2026-09-12T23:23:23Z,310,9.0,10.0,2.2,,6.0,327,1010.9,20.0,21.5,18.6,,,
2026-09-12T05:20:00Z,2026-09-12T23:23:23Z,310,9.0,10.0,2.2,7,6.0,327,1010.9,20.0,21.5,18.5,,,
2026-09-12T05:30:00Z,2026-09-12T23:23:23Z,300,8.0,10.0,,,,,1011.1,20.0,21.5,18.6,,,
2026-09-12T05:40:00Z,2026-09-12T23:23:23Z,310,8.0,10.0,,,,,1011.2,20.0,21.5,18.6,,,
2026-09-12T05:50:00Z,2026-09-12T23:23:23Z,300,8.0,10.0,2.2,7,6.2,321,1011.2,19.9,21.5,18.5,,,
2026-09-12T06:00:00Z,2026-09-12T23:23:23Z,300,8.0,9.0,,,,,1011.2,19.9,21.5,18.5,,+1.7,
2026-09-12T06:10:00Z,2026-09-12T23:23:23Z,300,8.0,10.0,,,,,1011.2,19.9,21.5,18.5,,,
2026-09-12T06:20:00Z,2026-09-12T23:23:23Z,300,8.0,10.0,2.0,7,6.0,329,1011.2,19.9,21.5,18.5,,,
2026-09-12T06:30:00Z,2026-09-12T23:23:23Z,300,8.0,10.0,,,,,1011.2,19.8,21.5,18.4,,,
2026-09-12T06:40:00Z,2026-09-12T23:23:23Z,300,8.0,11.0,2.2,,6.0,325,1011.2,19.9,21.5,18.6,,,
2026-09-12T06:50:00Z,2026-09-12T23:23:23Z,300,9.0,10.0,2.2,7,6.0,325,1011.2,19.7,21.5,18.4,,,
2026-09-12T07:00:00Z,2026-09-12T23:23:23Z,300,9.0,11.0,,,,,1011.1,19.8,21.5,18.6,,+1.0,
2026-09-12T07:10:00Z,2026-09-12T23:23:23Z,310,9.0,11.0,2.1,,6.0,318,1011.1,19.7,21.5,18.5,,,
2026-09-12T07:20:00Z,2026-09-12T23:23:23Z,300,9.0,11.0,2.1,,6.0,318,1012.2,19.7,21.5,18.5,,,
2026-09-12T07:30:00Z,2026-09-12T23:23:23Z,300,8.0,10.0,,,,,1011.4,19.6,21.5,18.4,,,
2026-09-12T07:40:00Z,2026-09-12T23:23:23Z,300,9.0,11.0,,,,,1011.4,19.5,21.5,18.2,,,
2026-09-12T07:50:00Z,2026-09-12T23:23:23Z,300,9.0,10.0,2.2,7,5.8,319,1011.4,19.5,21.5,18.3,,,
2026-09-12T08:00:00Z,2026-09-12T23:23:23Z,300,9.0,11.0,,,,,1011.3,19.5,21.5,18.3,,+0.5,
2026-09-12T08:10:00Z,2026-09-12T23:23:23Z,300,9.0,10.0,2.4,,6.1,324,1011.3,19.5,21.5,18.4,,,
2026-09-12T08:20:00Z,2026-09-12T23:23:23Z,300,9.0,11.0,2.4,7,6.1,324,1011.3,19.5,21.5,18.4,,,
2026-09-12T08:30:00Z,2026-09-12T23:23:23Z,300,9.0,10.0,,,,,1011.3,19.4,21.5,18.2,,,
2026-09-12T08:40:00Z,2026-09-12T23:23:23Z,300,8.0,10.0,,,,,1011.3,19.4,21.5,18.3,,,
2026-09-12T08:50:00Z,2026-09-12T23:23:23Z,300,8.0,10.0,2.2,7,6.0,315,1011.3,19.4,21.5,18.3,,,
2026-09-12T09:00:00Z,2026-09-12T23:23:23Z,300,7.0,10.0,,,,,1011.3,19.3,21.5,18.3,,+0.0,
2026-09-12T09:10:00Z,2026-09-12T23:23:23Z,300,8.0,10.0,,,,,1011.4,19.3,21.5,18.3,,,
2026-09-12T09:20:00Z,2026-09-12T23:23:23Z,300,7.0,10.0,2.1,8,5.9,325,1011.4,19.4,21.5,18.4,,,
2026-09-12T09:30:00Z,2026-09-12T23:23:23Z,300,8.0,10.0,,,,,1011.3,19.4,21.5,18.3,,,
2026-09-12T09:40:00Z,2026-09-12T23:23:23Z,300,8.0,10.0,,,,,1011.4,19.4,21.5,18.3,,,
2026-09-12T09:50:00Z,2026-09-12T23:23:23Z,310,9.0,10.0,2.1,15,6.1,258,1011.4,19.4,21.5,18.3,,,
2026-09-12T10:00:00Z,2026-09-12T23:23:23Z,300,9.0,11.0,,,,,1011.4,19.4,21.5,18.2,,+0.4,
2026-09-12T10:10:00Z,2026-09-12T23:23:23Z,310,9.0,11.0,2.1,,5.8,317,1011.4,19.4,21.5,18.3,,,
2026-09-12T10:20:00Z,2026-09-12T23:23:23Z,310,8.0,11.0,2.1,8,5.8,317,1011.4,19.4,21.5,18.3,,,
2026-09-12T10:30:00Z,2026-09-12T23:23:23Z,310,9.0,11.0,,,,,1011.3,19.3,21.5,18.2,,,
2026-09-12T10:40:00Z,2026-09-12T23:23:23Z,310,9.0,12.0,,,,,1011.3,19.3,21.5,18.1,,,
2026-09-12T10:50:00Z,2026-09-12T23:23:23Z,300,9.0,11.0,2.0,7,5.8,317,1011.3,19.3,21.5,18.2,,,
2026-09-12T11:00:00Z,2026-09-12T23:23:23Z,310,9.0,11.0,,,,,1011.4,19.3,21.5,18.3,,+0.0,
2026-09-12T11:10:00Z,2026-09-12T23:23:23Z,310,9.0,11.0,1.9,,5.6,280,1011.3,19.1,21.5,18.1,,,
2026-09-12T11:20:00Z,2026-09-12T23:23:23Z,300,9.0,11.0,1.9,15,5.6,280,1011.4,19.2,21.5,18.3,,,
2026-09-12T11:30:00Z,2026-09-12T23:23:23Z,310,9.0,11.0,,,,,1011.6,19.3,21.5,18.4,,,
2026-09-12T11:40:00Z,2026-09-12T23:23:23Z,320,9.0,12.0,2.0,,5.7,316,1011.6,19.1,21.5,18.1,,,
2026-09-12T11:50:00Z,2026-09-12T23:23:23Z,310,10.0,12.0,2.0,7,5.7,316,1011.6,19.1,,18.0,,,
2026-09-12T12:00:00Z,2026-09-12T23:23:23Z,320,9.0,11.0,1.9,,5.6,314,1011.7,19.1,21.5,18.0,,+0.5,
2026-09-12T12:10:00Z,2026-09-12T23:23:23Z,310,9.0,11.0,,,,,1011.9,19.2,21.5,18.1,,,
2026-09-12T12:20:00Z,2026-09-12T23:23:23Z,310,9.0,11.0,1.9,8,5.6,314,1011.8,19.0,21.5,18.0,,,
2026-09-12T12:30:00Z,2026-09-12T23:23:23Z,310,9.0,12.0,,,,,1011.7,19.3,21.5,18.3,,,
2026-09-12T12:40:00Z,2026-09-12T23:23:23Z,310,9.0,12.0,1.8,,5.5,193,1011.8,19.1,21.5,18.0,,,
2026-09-12T12:50:00Z,2026-09-12T23:23:23Z,310,9.0,11.0,1.8,15,5.5,193,1011.9,19.2,21.5,18.1,,,
2026-09-12T13:00:00Z,2026-09-12T23:23:23Z,310,9.0,11.0,,,,,1011.9,19.2,21.5,18.1,,+0.4,
2026-09-12T13:10:00Z,2026-09-12T23:23:23Z,310,10.0,12.0,2.0,,5.7,312,1012.1,19.0,21.5,17.7,,,
2026-09-12T13:20:00Z,2026-09-12T23:23:23Z,310,9.0,11.0,2.0,7,5.7,312,1012.2,19.2,21.5,17.9,,,
2026-09-12T13:30:00Z,2026-09-12T23:23:23Z,320,9.0,11.0,,,,,1012.3,19.1,21.5,17.8,,,
2026-09-12T13:40:00Z,2026-09-12T23:23:23Z,320,9.0,11.0,2.0,,6.0,310,1012.2,19.2,21.4,17.9,,,
2026-09-12T13:50:00Z,2026-09-12T23:23:23Z,320,9.0,11.0,2.0,7,6.0,310,1012.3,19.1,21.4,17.8,,,
2026-09-12T14:00:00Z,2026-09-12T23:23:23Z,310,9.0,11.0,,,,,1012.4,19.0,21.4,17.8,,+1.0,
2026-09-12T14:10:00Z,2026-09-12T23:23:23Z,320,9.0,11.0,2.0,,5.9,313,1012.5,18.9,21.4,17.6,,,
2026-09-12T14:20:00Z,2026-09-12T23:23:23Z,320,8.0,10.0,2.0,6,5.9,313,1012.8,19.0,21.4,17.7,,,
2026-09-12T14:30:00Z,2026-09-12T23:23:23Z,310,8.0,10.0,,,,,1012.9,19.1,21.4,17.8,,,
2026-09-12T14:40:00Z,2026-09-12T23:23:23Z,310,9.0,11.0,,,,,1012.7,19.2,21.4,17.9,,,
2026-09-12T14:50:00Z,2026-09-12T23:23:23Z,310,8.0,10.0,2.0,15,6.0,257,1012.8,19.1,21.4,17.8,,,
2026-09-12T15:00:00Z,2026-09-12T23:23:23Z,320,9.0,11.0,,,,,1012.8,19.1,21.4,17.7,,+1.0,
2026-09-12T15:10:00Z,2026-09-12T23:23:23Z,320,8.0,11.0,2.0,,6.0,318,1012.8,19.2,21.4,17.8,,,
2026-09-12T15:20:00Z,2026-09-12T23:23:23Z,320,8.0,10.0,2.0,8,6.0,318,1013.0,19.3,21.4,18.0,,,
2026-09-12T15:30:00Z,2026-09-12T23:23:23Z,320,9.0,11.0,,,,,1013.1,19.1,21.4,17.6,,,
2026-09-12T15:40:00Z,2026-09-12T23:23:23Z,310,9.0,11.0,,,,,1013.1,19.3,21.4,17.9,,,
2026-09-12T15:50:00Z,2026-09-12T23:23:23Z,310,8.0,10.0,1.9,7,5.9,323,1013.3,19.2,21.4,17.7,,,
2026-09-12T16:00:00Z,2026-09-12T23:23:23Z,320,7.0,10.0,,,,,1013.4,19.4,21.4,18.0,,+1.5,
2026-09-12T16:10:00Z,2026-09-12T23:23:23Z,300,7.0,10.0,1.9,,6.1,320,1013.4,19.2,21.4,17.7,,,
2026-09-12T16:20:00Z,2026-09-12T23:23:23Z,320,7.0,9.0,1.9,7,6.1,320,1013.4,19.2,21.4,17.7,,,
2026-09-12T16:30:00Z,2026-09-12T23:23:23Z,320,8.0,9.0,,,,,1013.3,19.3,21.4,17.8,,,
2026-09-12T16:40:00Z,2026-09-12T23:23:23Z,320,8.0,11.0,,,,,1013.3,19.2,21.4,17.6,,,
2026-09-12T16:50:00Z,2026-09-12T23:23:23Z,310,8.0,10.0,2.2,7,6.2,324,1013.3,19.3,21.4,17.8,,,
2026-09-12T17:00:00Z,2026-09-12T23:23:23Z,310,7.0,10.0,,,,,1013.5,19.3,21.4,17.8,,+1.1,
2026-09-12T17:10:00Z,2026-09-12T23:23:23Z,310,7.0,9.0,2.0,,6.0,323,1013.7,19.3,21.4,17.7,,,
2026-09-12T17:20:00Z,2026-09-12T23:23:23Z,310,7.0,9.0,2.0,7,6.0,323,1013.8,19.3,21.4,17.7,,,
2026-09-12T17:30:00Z,2026-09-12T23:23:23Z,320,7.0,9.0,,,,,1013.9,19.3,21.4,17.6,,,
2026-09-12T17:40:00Z,2026-09-12T23:23:23Z,320,7.0,8.0,1.9,,6.0,325,1013.8,19.4,21.4,17.7,,,
2026-09-12T17:50:00Z,2026-09-12T23:23:23Z,310,7.0,9.0,1.9,7,6.0,325,1013.8,19.4,21.5,17.7,,,
2026-09-12T18:00:00Z,2026-09-12T23:23:23Z,310,7.0,9.0,,,,,1014.0,19.4,21.5,17.7,,+1.2,
2026-09-12T18:10:00Z,2026-09-12T23:23:23Z,310,7.0,8.0,1.9,,5.9,321,1014.2,19.4,21.5,17.7,,,
2026-09-12T18:20:00Z,2026-09-12T23:23:23Z,310,7.0,9.0,1.9,7,5.9,321,1014.2,19.5,21.5,17.9,,,
2026-09-12T18:30:00Z,2026-09-12T23:23:23Z,310,7.0,8.0,1.9,,6.0,320,1014.3,19.5,21.5,17.9,,,
2026-09-12T18:40:00Z,2026-09-12T23:23:23Z,310,7.0,9.0,,,,,1014.2,19.5,21.5,17.8,,,
2026-09-12T18:50:00Z,2026-09-12T23:23:23Z,300,7.0,8.0,1.9,7,6.0,320,1014.2,19.6,,17.9,,,
2026-09-12T19:00:00Z,2026-09-12T23:23:23Z,300,7.0,9.0,,,,,1014.3,19.5,21.5,17.8,,+0.9,
2026-09-12T19:10:00Z,2026-09-12T23:23:23Z,310,7.0,9.0,1.9,,6.1,317,1014.2,19.6,21.5,17.9,,,
2026-09-12T19:20:00Z,2026-09-12T23:23:23Z,300,7.0,9.0,1.9,8,6.1,317,1014.2,19.5,,17.8,,,
2026-09-12T19:30:00Z,2026-09-12T23:23:23Z,300,7.0,9.0,,,,,1014.1,19.5,21.5,17.7,,,
2026-09-12T19:40:00Z,2026-09-12T23:23:23Z,300,7.0,9.0,2.0,,6.1,323,1013.9,19.5,21.5,17.7,,,
2026-09-12T19:50:00Z,2026-09-12T23:23:23Z,300,7.0,9.0,2.0,7,6.1,323,1014.0,19.5,21.5,17.7,,,
2026-09-12T20:00:00Z,2026-09-12T23:23:23Z,300,7.0,9.0,,,,,1014.1,19.5,21.5,17.7,,+0.7,
2026-09-12T20:10:00Z,2026-09-12T23:23:23Z,310,7.0,8.0,,,,,1014.2,19.5,21.5,17.7,,,
2026-09-12T20:20:00Z,2026-09-12T23:23:23Z,300,7.0,8.0,1.9,7,6.0,324,1014.1,19.5,21.5,17.7,,,
2026-09-12T20:30:00Z,2026-09-12T23:23:23Z,300,7.0,9.0,,,,,1014.0,19.5,21.5,17.7,,,
2026-09-12T20:40:00Z,2026-09-12T23:23:23Z,310,8.0,10.0,1.8,,5.7,329,1013.9,19.5,21.5,17.7,,,
2026-09-12T20:50:00Z,2026-09-12T23:23:23Z,300,8.0,10.0,1.8,7,5.7,329,1013.8,19.5,21.5,17.7,,,
2026-09-12T21:00:00Z,2026-09-12T23:23:23Z,300,9.0,11.0,,,,,1013.8,19.4,21.5,17.6,,+0.0,
2026-09-12T21:10:00Z,2026-09-12T23:23:23Z,300,8.0,10.0,1.8,,5.9,331,1013.9,19.5,21.5,17.7,,,
2026-09-12T21:20:00Z,2026-09-12T23:23:23Z,300,8.0,10.0,1.8,7,5.9,331,1013.8,19.6,21.5,17.9,,,
2026-09-12T21:30:00Z,2026-09-12T23:23:23Z,300,8.0,11.0,,,,,1013.8,19.4,21.5,17.7,,,
2026-09-12T21:40:00Z,2026-09-12T23:23:23Z,310,9.0,11.0,1.8,,5.7,318,1013.7,19.4,21.5,17.6,,,
2026-09-12T21:50:00Z,2026-09-12T23:23:23Z,300,9.0,11.0,1.8,7,5.7,318,1013.7,19.4,21.5,17.6,,,
2026-09-12T22:00:00Z,2026-09-12T23:23:23Z,310,9.0,11.0,,,,,1013.5,19.4,21.5,17.5,,-0.7,
2026-09-12T22:10:00Z,2026-09-12T23:23:23Z,310,8.0,11.0,1.7,,5.6,320,1013.6,19.5,21.5,17.7,,,
2026-09-12T22:20:00Z,2026-09-12T23:23:23Z,310,8.0,10.0,1.7,7,5.6,320,1013.4,19.5,21.5,17.8,,,
2026-09-12T22:30:00Z,2026-09-12T23:23:23Z,310,9.0,11.0,,,,,1013.5,19.5,21.5,17.7,,,
2026-09-12T22:40:00Z,2026-09-12T23:23:23Z,300,8.0,11.0,,,,,1013.4,19.5,21.5,17.6,,,
2026-09-12T22:50:00Z,2026-09-12T23:23:23Z,310,8.0,10.0,1.7,13,5.7,250,1013.4,19.5,21.5,17.6,,,
2026-09-12T23:00:00Z,2026-09-13T06:43:04Z,310,8.0,10.0,,,,,1013.1,19.6,21.5,17.8,,-1.0,
2026-09-12T23:10:00Z,2026-09-13T06:43:04Z,310,8.0,11.0,1.7,,5.7,245,1013.1,19.6,21.5,17.8,,,
2026-09-12T23:20:00Z,2026-09-13T06:43:04Z,310,9.0,11.0,1.7,14,5.7,245,1012.9,19.6,21.5,17.8,,,
2026-09-12T23:30:00Z,2026-09-13T06:43:04Z,310,9.0,11.0,,,,,1012.8,19.6,21.5,17.7,,,
2026-09-12T23:40:00Z,2026-09-13T06:43:04Z,310,9.0,11.0,1.6,,5.5,257,1012.5,19.7,21.5,17.8,,,
2026-09-12T23:50:00Z,2026-09-13T06:43:04Z,310,9.0,11.0,1.6,13,5.5,257,1012.5,19.7,21.5,17.8,,,
2026-09-13T00:00:00Z,2026-09-13T06:43:04Z,310,9.0,11.0,,,,,1012.6,19.8,21.5,17.9,,-1.1,
2026-09-13T00:10:00Z,2026-09-13T06:43:04Z,310,9.0,11.0,1.6,,5.4,247,1012.7,19.8,21.5,17.9,,,
2026-09-13T00:20:00Z,2026-09-13T06:43:04Z,320,9.0,11.0,1.6,14,5.4,247,1012.6,19.8,21.5,17.9,,,
2026-09-13T00:30:00Z,2026-09-13T06:43:04Z,310,9.0,10.0,,,,,1012.5,19.8,21.5,17.9,,,
2026-09-13T00:40:00Z,2026-09-13T06:43:04Z,310,9.0,11.0,,,,,1012.5,19.8,21.5,17.8,,,
2026-09-13T00:50:00Z,2026-09-13T06:43:04Z,,,,1.6,,5.5,247,1012.3,,21.5,,,,
2026-09-13T01:00:00Z,2026-09-13T06:43:04Z,310,9.0,11.0,,,,,1012.2,19.9,21.5,18.0,,-1.3,
2026-09-13T01:10:00Z,2026-09-13T06:43:04Z,310,10.0,12.0,1.7,,5.6,265,1012.2,19.9,21.5,17.9,,,
2026-09-13T01:20:00Z,2026-09-13T06:43:04Z,310,10.0,12.0,1.7,13,5.6,265,1012.2,19.9,21.5,17.8,,,
2026-09-13T01:30:00Z,2026-09-13T06:43:04Z,310,9.0,11.0,,,,,1012.3,19.9,21.5,17.9,,,
2026-09-13T01:40:00Z,2026-09-13T06:43:04Z,310,9.0,11.0,1.7,,5.5,267,1012.3,19.9,21.5,18.1,,,
2026-09-13T01:50:00Z,2026-09-13T06:43:04Z,310,9.0,11.0,1.7,14,5.5,267,1012.0,19.8,21.5,17.9,,,
2026-09-13T02:00:00Z,2026-09-13T06:43:04Z,310,9.0,11.0,,,,,1011.9,19.8,21.5,17.9,,-1.3,
2026-09-13T02:10:00Z,2026-09-13T06:43:04Z,310,10.0,12.0,1.7,,5.5,317,1011.8,19.8,21.5,17.9,,,
2026-09-13T02:20:00Z,2026-09-13T06:43:04Z,310,9.0,11.0,1.7,6,5.5,317,1011.9,19.9,21.5,18.1,,,
2026-09-13T02:30:00Z,2026-09-13T06:43:04Z,310,9.0,11.0,,,,,1011.9,19.9,21.5,18.1,,,
2026-09-13T02:40:00Z,2026-09-13T06:43:04Z,310,9.0,11.0,1.7,,5.5,304,1011.9,19.8,21.5,18.0,,,
2026-09-13T02:50:00Z,2026-09-13T06:43:04Z,310,9.0,11.0,1.7,6,5.5,304,1012.0,19.8,21.5,18.0,,,
2026-09-13T03:00:00Z,2026-09-13T06:43:04Z,310,9.0,11.0,,,,,1012.1,19.9,21.5,18.1,,-0.7,
2026-09-13T03:10:00Z,2026-09-13T06:43:04Z,310,9.0,11.0,1.8,,5.6,170,1012.2,19.9,21.5,17.9,,,
2026-09-13T03:20:00Z,2026-09-13T06:43:04Z,310,9.0,11.0,1.8,14,5.6,170,1012.2,19.9,21.5,17.9,,,
2026-09-13T03:30:00Z,2026-09-13T06:43:04Z,310,9.0,11.0,,,,,1012.3,20.0,21.5,17.9,,,
2026-09-13T03:40:00Z,2026-09-13T06:43:04Z,300,8.0,10.0,1.9,,5.7,313,1012.5,20.0,21.5,17.9,,,
2026-09-13T03:50:00Z,2026-09-13T06:43:04Z,310,8.0,10.0,1.9,7,5.7,313,1012.7,20.0,,17.8,,,
2026-09-13T04:00:00Z,2026-09-13T06:43:04Z,300,8.0,10.0,,,,,1012.8,20.1,21.5,18.0,,+0.5,
2026-09-13T04:10:00Z,2026-09-13T06:43:04Z,300,9.0,11.0,,,,,1012.9,20.0,21.5,18.0,,,
2026-09-13T04:20:00Z,2026-09-13T06:43:04Z,310,9.0,10.0,1.9,7,5.8,320,1013.1,20.0,21.5,18.0,,,
2026-09-13T04:30:00Z,2026-09-13T06:43:04Z,310,9.0,10.0,,,,,1013.2,20.0,21.5,18.0,,,
2026-09-13T04:40:00Z,2026-09-13T06:43:04Z,300,9.0,11.0,1.8,,5.7,322,1013.2,19.9,21.5,17.9,,,
2026-09-13T04:50:00Z,2026-09-13T06:43:04Z,310,9.0,11.0,1.8,7,5.7,322,1013.3,20.0,21.5,18.0,,,
2026-09-13T05:00:00Z,2026-09-13T06:43:04Z,310,9.0,11.0,,,,,1013.4,20.0,21.5,18.0,,+1.4,
2026-09-13T05:10:00Z,2026-09-13T06:43:04Z,300,9.0,11.0,1.8,,5.7,316,1013.3,20.0,21.5,18.0,,,
2026-09-13T05:20:00Z,2026-09-13T06:43:04Z,310,10.0,11.0,1.8,,5.7,316,1014.2,20.0,21.4,18.0,,,
2026-09-13T05:30:00Z,2026-09-13T06:43:04Z,310,9.0,11.0,,,,,1013.5,19.9,21.4,18.0,,,
2026-09-13T05:40:00Z,2026-09-13T06:43:04Z,300,9.0,11.0,,,,,1013.3,19.9,21.4,17.9,,,
2026-09-13T05:50:00Z,2026-09-13T06:43:04Z,310,9.0,11.0,2.0,6,5.7,326,1013.4,19.9,,17.9,,,
2026-09-13T06:00:00Z,2026-09-13T12:49:28Z,310,8.0,11.0,,,,,1013.3,19.9,21.4,17.9,,+1.3,
2026-09-13T06:10:00Z,2026-09-13T12:49:28Z,310,9.0,11.0,2.0,,5.8,319,1013.2,19.9,21.4,17.7,,,
2026-09-13T06:20:00Z,2026-09-13T12:49:28Z,310,10.0,12.0,2.0,6,5.8,319,1013.2,19.9,21.4,17.6,,,
2026-09-13T06:30:00Z,2026-09-13T12:49:28Z,310,10.0,12.0,,,,,1013.1,19.8,21.4,17.5,,,
2026-09-13T06:40:00Z,2026-09-13T12:49:28Z,310,10.0,11.0,1.9,,5.6,317,1013.1,19.9,21.4,17.6,,,
2026-09-13T06:50:00Z,2026-09-13T12:49:28Z,310,9.0,11.0,1.9,6,5.6,317,1013.2,19.9,21.4,17.5,,,
2026-09-13T07:00:00Z,2026-09-13T12:49:28Z,310,9.0,10.0,,,,,1013.2,19.9,21.4,17.6,,+0.5,
2026-09-13T07:10:00Z,2026-09-13T12:49:28Z,310,9.0,12.0,2.0,,5.6,325,1013.2,19.8,21.4,17.3,,,
2026-09-13T07:20:00Z,2026-09-13T12:49:28Z,310,9.0,11.0,2.0,7,5.6,325,1013.2,19.9,21.4,17.5,,,
2026-09-13T07:30:00Z,2026-09-13T12:49:28Z,300,9.0,11.0,,,,,1013.1,19.8,21.4,17.5,,,
2026-09-13T07:40:00Z,2026-09-13T12:49:28Z,310,10.0,11.0,2.1,,5.8,322,1013.2,19.8,21.4,17.4,,,
2026-09-13T07:50:00Z,2026-09-13T12:49:28Z,310,10.0,12.0,2.1,7,5.8,322,1013.1,19.8,21.4,17.7,,,
2026-09-13T08:00:00Z,2026-09-13T12:49:28Z,310,10.0,12.0,,,,,1013.1,19.8,21.4,17.6,,+0.0,
2026-09-13T08:10:00Z,2026-09-13T12:49:28Z,310,10.0,12.0,1.9,,5.6,314,1013.1,19.8,21.4,17.5,,,
2026-09-13T08:20:00Z,2026-09-13T12:49:28Z,310,10.0,11.0,1.9,6,5.6,314,1012.9,19.7,21.3,17.4,,,
2026-09-13T08:30:00Z,2026-09-13T12:49:28Z,310,10.0,12.0,,,,,1013.1,19.8,21.3,17.5,,,
2026-09-13T08:40:00Z,2026-09-13T12:49:28Z,310,10.0,12.0,2.2,,5.8,322,1013.0,19.8,21.3,17.4,,,
2026-09-13T08:50:00Z,2026-09-13T12:49:28Z,310,10.0,12.0,2.2,7,5.8,322,1012.9,19.8,21.3,17.4,,,
2026-09-13T09:00:00Z,2026-09-13T12:49:28Z,310,10.0,12.0,,,,,1012.7,19.7,21.3,17.3,,-0.6,
2026-09-13T09:10:00Z,2026-09-13T12:49:28Z,310,10.0,12.0,2.0,,5.6,327,1012.6,19.8,21.3,17.4,,,
2026-09-13T09:20:00Z,2026-09-13T12:49:28Z,310,11.0,13.0,2.0,7,5.6,327,1012.6,19.8,21.3,17.4,,,
2026-09-13T09:30:00Z,2026-09-13T12:49:28Z,310,11.0,13.0,,,,,1012.5,19.7,21.3,17.3,,,
2026-09-13T09:40:00Z,2026-09-13T12:49:28Z,310,10.0,12.0,2.1,,5.6,322,1012.4,19.6,21.3,17.4,,,
2026-09-13T09:50:00Z,2026-09-13T12:49:28Z,310,10.0,13.0,2.1,7,5.6,322,1012.3,19.7,21.3,17.2,,,
2026-09-13T10:00:00Z,2026-09-13T12:49:28Z,310,10.0,12.0,,,,,1012.4,19.7,21.3,17.1,,-1.0,
2026-09-13T10:10:00Z,2026-09-13T12:49:28Z,310,10.0,12.0,2.1,,5.7,321,1012.3,19.8,,17.3,,,
2026-09-13T10:20:00Z,2026-09-13T12:49:28Z,310,10.0,12.0,2.1,,5.7,321,1013.1,19.7,21.3,17.1,,,
2026-09-13T10:30:00Z,2026-09-13T12:49:28Z,310,10.0,11.0,2.2,,5.5,326,1012.2,19.7,21.3,17.2,,,
2026-09-13T10:40:00Z,2026-09-13T12:49:28Z,300,10.0,12.0,,,,,1012.3,19.7,21.3,17.4,,,
2026-09-13T10:50:00Z,2026-09-13T12:49:28Z,310,10.0,12.0,2.2,7,5.5,326,1012.1,19.7,,17.5,,,
2026-09-13T11:00:00Z,2026-09-13T12:49:28Z,300,11.0,13.0,,,,,1012.2,19.6,21.3,17.3,,-0.8,
2026-09-13T11:10:00Z,2026-09-13T12:49:28Z,310,10.0,12.0,2.2,,5.6,316,1012.3,19.7,21.2,17.5,,,
2026-09-13T11:20:00Z,2026-09-13T12:49:28Z,310,10.0,13.0,2.2,7,5.6,316,1012.2,19.7,21.2,17.5,,,
2026-09-13T11:30:00Z,2026-09-13T12:49:28Z,310,11.0,13.0,,,,,1012.2,19.6,21.2,17.4,,,
2026-09-13T11:40:00Z,2026-09-13T12:49:28Z,310,11.0,13.0,,,,,1012.9,19.7,21.2,17.6,,,
2026-09-13T11:50:00Z,2026-09-13T12:49:28Z,310,11.0,13.0,2.1,,5.5,317,1012.9,19.6,21.2,17.5,,,
2026-09-13T12:00:00Z,2026-09-13T12:49:28Z,310,11.0,14.0,2.1,,5.5,319,1011.9,19.6,21.2,17.5,,-0.7,
2026-09-13T12:10:00Z,2026-09-13T17:01:38Z,310,11.0,13.0,,,,,1011.9,19.6,21.2,17.6,,,
2026-09-13T12:20:00Z,2026-09-13T17:01:38Z,310,11.0,14.0,2.1,7,5.5,319,1011.9,19.7,,17.7,,,
2026-09-13T12:30:00Z,2026-09-13T17:01:38Z,310,11.0,14.0,,,,,1012.0,19.6,21.2,17.7,,,
2026-09-13T12:40:00Z,2026-09-13T17:01:38Z,310,11.0,14.0,2.2,,5.6,314,1012.0,19.5,21.2,17.7,,,
2026-09-13T12:50:00Z,2026-09-13T17:01:38Z,310,11.0,14.0,2.2,7,5.6,314,1012.2,19.6,21.3,17.6,,,
2026-09-13T13:00:00Z,2026-09-13T17:01:38Z,310,11.0,13.0,,,,,1012.1,19.5,21.3,17.5,,+0.0,
2026-09-13T13:10:00Z,2026-09-13T17:01:38Z,310,11.0,12.0,2.1,,5.6,320,1012.2,19.5,21.3,17.7,,,
2026-09-13T13:20:00Z,2026-09-13T17:01:38Z,310,11.0,13.0,2.1,7,5.6,320,1012.2,19.4,21.2,17.5,,,
2026-09-13T13:30:00Z,2026-09-13T17:01:38Z,310,10.0,13.0,,,,,1012.4,19.5,21.2,17.5,,,
2026-09-13T13:40:00Z,2026-09-13T17:01:38Z,310,11.0,13.0,2.3,,5.6,316,1012.5,19.5,21.3,17.5,,,
2026-09-13T13:50:00Z,2026-09-13T17:01:38Z,320,11.0,13.0,2.3,7,5.6,316,1012.4,19.5,21.3,17.5,,,
2026-09-13T14:00:00Z,2026-09-13T17:01:38Z,320,11.0,13.0,,,,,1012.4,19.5,21.3,17.5,,-0.0,
2026-09-13T14:10:00Z,2026-09-13T17:01:38Z,320,10.0,12.0,2.3,,5.8,321,1012.7,19.5,21.3,17.4,,,
2026-09-13T14:20:00Z,2026-09-13T17:01:38Z,310,11.0,13.0,2.3,8,5.8,321,1012.7,19.5,21.3,17.4,,,
2026-09-13T14:30:00Z,2026-09-13T17:01:38Z,310,11.0,13.0,,,,,1012.7,19.5,21.3,17.4,,,
2026-09-13T14:40:00Z,2026-09-13T17:01:38Z,320,10.0,12.0,,,,,1012.9,19.5,21.3,17.5,,,
2026-09-13T14:50:00Z,2026-09-13T17:01:38Z,320,9.0,12.0,2.3,8,5.8,319,1012.9,19.5,21.3,17.5,,,
2026-09-13T15:00:00Z,2026-09-13T17:01:38Z,310,10.0,12.0,,,,,1013.1,19.4,21.3,17.3,,+1.1,
2026-09-13T15:10:00Z,2026-09-13T17:01:38Z,310,10.0,12.0,2.4,,5.8,313,1013.1,19.5,21.3,17.4,,,
2026-09-13T15:20:00Z,2026-09-13T17:01:38Z,310,10.0,13.0,2.4,7,5.8,313,1013.0,19.5,21.3,17.4,,,
2026-09-13T15:30:00Z,2026-09-13T17:01:38Z,310,11.0,14.0,,,,,1013.1,19.5,21.3,17.3,,,
2026-09-13T15:40:00Z,2026-09-13T17:01:38Z,310,10.0,12.0,,,,,1013.2,19.5,21.3,17.2,,,
2026-09-13T15:50:00Z,2026-09-13T17:01:38Z,310,9.0,12.0,2.5,7,6.1,314,1013.1,19.6,21.3,17.4,,,
2026-09-13T16:00:00Z,2026-09-13T17:01:38Z,310,9.0,12.0,,,,,1013.1,19.6,21.3,17.4,,+1.0,
2026-09-13T16:10:00Z,2026-09-13T17:01:38Z,320,10.0,12.0,2.4,,6.0,322,1013.1,19.6,21.3,17.3,,,
2026-09-13T16:20:00Z,2026-09-13T17:01:38Z,320,10.0,12.0,2.4,8,6.0,322,1013.2,19.6,21.3,17.3,,,
2026-09-13T16:30:00Z,2026-09-13T17:01:38Z,310,10.0,11.0,,,,,1013.2,19.6,21.3,17.2,,,
2026-09-13T16:40:00Z,2026-09-13T21:37:05Z,310,9.0,12.0,2.7,,6.3,320,1013.1,19.7,21.3,17.3,,,
2026-09-13T16:50:00Z,2026-09-13T21:37:05Z,310,9.0,10.0,2.7,8,6.3,320,1013.2,19.7,21.3,17.4,,,
2026-09-13T17:00:00Z,2026-09-13T21:37:05Z,310,9.0,12.0,,,,,1013.3,19.7,21.3,17.4,,+0.7,
2026-09-13T17:10:00Z,2026-09-13T21:37:05Z,310,9.0,12.0,,,,,1013.2,19.7,,17.3,,,
2026-09-13T17:20:00Z,2026-09-13T21:37:05Z,320,9.0,11.0,2.3,8,6.1,322,1014.1,19.8,21.3,17.5,,,
2026-09-13T17:30:00Z,2026-09-13T21:37:05Z,310,10.0,12.0,,,,,1013.1,19.7,21.4,17.4,,,
2026-09-13T17:40:00Z,2026-09-13T21:37:05Z,310,10.0,12.0,2.4,,6.3,325,1013.2,19.8,21.4,17.4,,,
2026-09-13T17:50:00Z,2026-09-13T21:37:05Z,310,10.0,12.0,2.4,8,6.3,325,1013.1,19.8,21.4,17.4,,,
2026-09-13T18:00:00Z,2026-09-13T21:37:05Z,310,10.0,12.0,,,,,1013.2,19.8,21.4,17.3,,+0.0,
2026-09-13T18:10:00Z,2026-09-13T21:37:05Z,310,11.0,13.0,2.5,,6.2,320,1013.2,19.8,21.4,17.3,,,
2026-09-13T18:20:00Z,2026-09-13T21:37:05Z,310,10.0,13.0,2.5,8,6.2,320,1013.2,19.8,21.4,17.4,,,
2026-09-13T18:30:00Z,2026-09-13T21:37:05Z,310,11.0,13.0,,,,,1013.2,19.8,21.4,17.3,,,
2026-09-13T18:40:00Z,2026-09-13T21:37:05Z,310,10.0,12.0,2.7,,6.4,320,1013.2,19.8,21.4,17.2,,,
2026-09-13T18:50:00Z,2026-09-13T21:37:05Z,310,10.0,13.0,2.7,8,6.4,320,1013.1,19.8,21.4,17.2,,,
2026-09-13T19:00:00Z,2026-09-13T21:37:05Z,310,11.0,14.0,,,,,1013.1,19.8,21.4,17.3,,+0.0,
2026-09-13T19:10:00Z,2026-09-13T21:37:05Z,310,11.0,13.0,2.6,,6.4,320,1012.9,19.8,21.4,17.1,,,
2026-09-13T19:20:00Z,2026-09-13T21:37:05Z,310,11.0,13.0,2.6,8,6.4,320,1012.9,19.9,21.5,17.2,,,
2026-09-13T19:30:00Z,2026-09-13T21:37:05Z,320,11.0,13.0,,,,,1012.9,19.9,21.5,17.3,,,
2026-09-13T19:40:00Z,2026-09-13T21:37:05Z,320,11.0,13.0,2.6,,6.2,328,1012.8,19.9,21.5,17.0,,,
2026-09-13T19:50:00Z,2026-09-13T21:37:05Z,310,11.0,14.0,2.6,9,6.2,328,1012.6,20.0,21.5,17.1,,,
2026-09-13T20:00:00Z,2026-09-13T21:37:05Z,320,11.0,13.0,,,,,1012.5,19.9,21.5,17.1,,-0.5,
2026-09-13T20:10:00Z,2026-09-13T21:37:05Z,320,10.0,13.0,,,,,1012.5,19.9,21.5,17.1,,,
2026-09-13T20:20:00Z,2026-09-13T21:37:05Z,310,11.0,13.0,2.8,8,6.4,320,1012.3,19.9,21.5,17.0,,,
2026-09-13T20:30:00Z,2026-09-13T21:37:05Z,310,11.0,14.0,,,,,1012.2,20.0,21.5,17.0,,,
2026-09-13T20:40:00Z,2026-09-13T21:37:05Z,320,11.0,14.0,,,,,1012.1,19.9,21.5,16.9,,,
2026-09-13T20:50:00Z,2026-09-13T21:37:05Z,320,11.0,14.0,3.0,8,6.5,325,1012.3,19.9,21.5,16.9,,,
2026-09-13T21:00:00Z,2026-09-13T21:37:05Z,310,10.0,12.0,,,,,1012.0,19.9,21.5,17.1,,-1.2,
2026-09-13T21:10:00Z,2026-09-13T21:37:05Z,310,10.0,13.0,2.8,,6.4,325,1012.0,19.9,21.5,17.2,,,
2026-09-13T21:20:00Z,2026-09-14T14:22:40Z,310,10.0,13.0,2.8,8,6.4,325,1011.9,20.0,21.5,17.3,,,
2026-09-13T21:30:00Z,2026-09-14T14:22:40Z,310,11.0,14.0,,,,,1011.9,19.9,21.5,17.1,,,
2026-09-13T21:40:00Z,2026-09-14T14:22:40Z,320,11.0,14.0,2.9,,6.5,317,1011.9,19.9,21.5,17.0,,,
2026-09-13T21:50:00Z,2026-09-14T14:22:40Z,320,11.0,14.0,2.9,9,6.5,317,1011.7,19.9,21.5,17.1,,,
2026-09-13T22:00:00Z,2026-09-14T14:22:40Z,320,11.0,14.0,,,,,1011.5,19.9,21.6,17.0,,-1.4,
2026-09-13T22:10:00Z,2026-09-14T14:22:40Z,320,12.0,14.0,2.9,,6.4,318,1011.5,19.9,21.5,16.9,,,
2026-09-13T22:20:00Z,2026-09-14T14:22:40Z,320,11.0,13.0,2.9,9,6.4,318,1011.4,19.9,21.6,17.2,,,
2026-09-13T22:30:00Z,2026-09-14T14:22:40Z,320,11.0,14.0,,,,,1011.4,19.9,21.6,17.1,,,
2026-09-13T22:40:00Z,2026-09-14T14:22:40Z,320,12.0,14.0,2.9,,6.5,320,1011.3,19.9,21.6,16.7,,,
2026-09-13T22:50:00Z,2026-09-14T14:22:40Z,320,12.0,15.0,2.9,9,6.5,320,1011.1,20.0,21.6,16.8,,,
2026-09-13T23:00:00Z,2026-09-14T14:22:40Z,320,12.0,14.0,,,,,1011.0,20.0,21.6,17.0,,-1.7,
2026-09-13T23:10:00Z,2026-09-14T14:22:40Z,310,12.0,14.0,2.8,,6.3,310,1010.9,19.9,21.6,16.9,,,
2026-09-13T23:20:00Z,2026-09-14T14:22:40Z,320,12.0,14.0,2.8,9,6.3,310,1010.9,19.9,21.6,16.9,,,
2026-09-13T23:40:00Z,2026-09-14T14:22:40Z,320,12.0,15.0,3.0,,6.2,314,1010.7,19.9,21.6,16.8,,,
2026-09-13T23:50:00Z,2026-09-14T14:22:40Z,320,12.0,15.0,3.0,9,6.2,314,1010.8,19.9,21.6,16.9,,,
2026-09-14T00:00:00Z,2026-09-14T14:22:40Z,320,11.0,14.0,,,,,1010.7,19.9,,17.0,,-1.3,
2026-09-14T00:10:00Z,2026-09-14T14:22:40Z,320,11.0,14.0,3.0,,6.2,317,1010.7,19.8,21.6,17.3,,,
2026-09-14T00:20:00Z,2026-09-14T14:22:40Z,320,12.0,13.0,3.0,8,6.2,317,1010.7,19.7,21.6,16.8,,,
2026-09-14T00:30:00Z,2026-09-14T14:22:40Z,320,11.0,13.0,,,,,1010.7,19.9,21.6,16.9,,,
2026-09-14T00:40:00Z,2026-09-14T14:22:40Z,320,12.0,14.0,2.8,,6.2,314,1010.7,19.9,21.6,16.7,,,
2026-09-14T00:50:00Z,2026-09-14T14:22:40Z,320,11.0,14.0,2.8,9,6.2,314,1010.7,19.9,21.6,16.8,,,
2026-09-14T01:00:00Z,2026-09-14T14:22:40Z,320,11.0,14.0,,,,,1010.8,19.9,21.6,16.7,,-0.7,
2026-09-14T01:10:00Z,2026-09-14T14:22:40Z,320,12.0,15.0,2.9,,6.3,317,1010.7,19.9,21.6,16.8,,,
2026-09-14T01:20:00Z,2026-09-14T14:22:40Z,320,12.0,15.0,2.9,9,6.3,317,1010.7,19.8,21.6,16.8,,,
2026-09-14T01:30:00Z,2026-09-14T14:22:40Z,320,12.0,15.0,,,,,1010.6,19.8,21.6,16.8,,,
2026-09-14T01:40:00Z,2026-09-14T14:22:40Z,320,12.0,14.0,,,,,1010.4,19.8,,16.9,,,
2026-09-14T01:50:00Z,2026-09-14T14:22:40Z,320,12.0,14.0,2.8,9,6.2,308,1010.5,19.8,21.6,16.9,,,
2026-09-14T02:00:00Z,2026-09-14T14:22:40Z,310,11.0,14.0,,,,,1010.5,19.8,21.6,17.0,,-0.5,
2026-09-14T02:10:00Z,2026-09-14T14:22:40Z,320,12.0,14.0,2.9,,6.3,315,1010.4,19.7,21.6,16.9,,,
2026-09-14T02:20:00Z,2026-09-14T14:22:40Z,320,12.0,15.0,2.9,9,6.3,315,1010.4,19.7,21.6,16.9,,,
2026-09-14T02:30:00Z,2026-09-14T14:22:40Z,320,12.0,14.0,,,,,1010.5,19.7,21.6,16.7,,,
2026-09-14T02:40:00Z,2026-09-14T14:22:40Z,320,12.0,15.0,,,,,1010.4,19.7,21.6,16.5,,,
2026-09-14T02:50:00Z,2026-09-14T14:22:40Z,320,12.0,14.0,3.0,9,6.3,322,1010.5,19.8,21.6,16.6,,,
2026-09-14T03:00:00Z,2026-09-14T14:22:40Z,320,11.0,13.0,,,,,1010.5,19.8,21.6,16.8,,+0.0,
2026-09-14T03:10:00Z,2026-09-14T14:22:40Z,320,11.0,14.0,3.2,,6.6,317,1010.6,19.8,21.6,16.8,,,
2026-09-14T03:20:00Z,2026-09-14T14:22:40Z,320,12.0,14.0,3.2,9,6.6,317,1010.6,19.8,21.6,16.5,,,
2026-09-14T03:30:00Z,2026-09-14T14:22:40Z,320,12.0,15.0,,,,,1010.6,19.7,21.6,16.4,,,
2026-09-14T03:40:00Z,2026-09-14T14:22:40Z,320,11.0,14.0,3.0,,6.5,323,1010.7,19.8,21.5,16.5,,,
2026-09-14T03:50:00Z,2026-09-14T14:22:40Z,310,12.0,14.0,3.0,9,6.5,323,1010.8,19.7,21.5,16.4,,,
2026-09-14T04:00:00Z,2026-09-14T14:22:40Z,320,12.0,15.0,,,,,1010.9,19.7,21.5,16.4,,-0.0,
2026-09-14T04:10:00Z,2026-09-14T14:22:40Z,320,12.0,15.0,3.1,,6.4,320,1011.0,19.8,21.5,16.5,,,
2026-09-14T04:20:00Z,2026-09-14T14:22:40Z,310,12.0,14.0,3.1,9,6.4,320,1011.1,19.7,21.5,16.4,,,
2026-09-14T04:30:00Z,2026-09-14T14:22:40Z,320,12.0,15.0,,,,,1011.3,19.7,21.5,16.0,,,
2026-09-14T04:40:00Z,2026-09-14T14:22:40Z,320,12.0,14.0,,,,,1011.3,19.7,21.5,16.3,,,
2026-09-14T04:50:00Z,2026-09-14T14:22:40Z,320,11.0,14.0,3.3,9,6.6,318,1011.4,19.6,21.5,16.1,,,
2026-09-14T05:00:00Z,2026-09-14T14:22:40Z,320,11.0,13.0,,,,,1011.3,19.7,21.5,16.2,,+0.9,
2026-09-14T05:10:00Z,2026-09-14T14:22:40Z,320,11.0,13.0,3.2,,6.6,318,1011.3,19.7,21.5,16.5,,,
2026-09-14T05:20:00Z,2026-09-14T14:22:40Z,310,11.0,13.0,3.2,9,6.6,318,1011.3,19.6,21.5,16.1,,,
2026-09-14T05:30:00Z,2026-09-14T14:22:40Z,320,11.0,14.0,,,,,1011.4,19.6,21.5,16.2,,,
2026-09-14T05:40:00Z,2026-09-14T14:22:40Z,320,12.0,14.0,,,,,1011.3,19.6,21.5,16.1,,,
2026-09-14T05:50:00Z,2026-09-14T14:22:40Z,320,11.0,14.0,3.4,9,6.6,322,1011.4,19.6,21.5,16.3,,,
2026-09-14T06:00:00Z,2026-09-14T14:22:40Z,310,12.0,14.0,,,,,1011.4,19.5,21.5,16.3,,+0.9,
2026-09-14T06:10:00Z,2026-09-14T14:22:40Z,320,11.0,14.0,3.3,,6.8,326,1011.4,19.4,21.5,16.2,,,
2026-09-14T06:20:00Z,2026-09-14T14:22:40Z,320,11.0,14.0,3.3,9,6.8,326,1011.3,19.4,21.5,16.3,,,
2026-09-14T06:30:00Z,2026-09-14T14:22:40Z,320,12.0,14.0,,,,,1011.2,19.4,21.5,16.2,,,
2026-09-14T06:40:00Z,2026-09-14T14:22:40Z,310,11.0,13.0,3.7,,7.2,321,1011.2,19.4,21.5,16.4,,,
2026-09-14T06:50:00Z,2026-09-14T14:22:40Z,320,12.0,14.0,3.7,,7.2,321,1012.2,19.4,21.5,16.3,,,
2026-09-14T07:00:00Z,2026-09-14T14:22:40Z,320,12.0,14.0,,,,,1011.2,19.4,,16.2,,+0.3,
2026-09-14T07:10:00Z,2026-09-14T14:22:40Z,310,12.0,14.0,3.5,,6.9,322,1011.2,19.4,21.4,16.2,,,
2026-09-14T07:20:00Z,2026-09-14T14:22:40Z,310,12.0,14.0,3.5,9,6.9,322,1011.3,19.4,,16.4,,,
2026-09-14T07:30:00Z,2026-09-14T14:22:40Z,310,11.0,14.0,,,,,1011.4,19.4,21.4,16.4,,,
2026-09-14T07:40:00Z,2026-09-14T14:22:40Z,310,11.0,13.0,,,,,1011.3,19.4,21.4,16.5,,,
2026-09-14T07:50:00Z,2026-09-14T14:22:40Z,310,11.0,13.0,3.7,9,7.0,327,1011.4,19.1,21.4,16.8,,,
2026-09-14T08:00:00Z,2026-09-14T14:22:40Z,310,11.0,14.0,,,,,1011.4,19.1,,16.8,,-0.4,
2026-09-14T08:10:00Z,2026-09-14T14:22:40Z,310,11.0,14.0,,,,,1011.3,19.2,21.4,16.3,,,
2026-09-14T08:20:00Z,2026-09-14T14:22:40Z,310,11.0,13.0,3.6,9,7.1,323,1011.3,19.3,21.4,16.6,,,
2026-09-14T08:30:00Z,2026-09-14T14:22:40Z,320,11.0,14.0,,,,,1011.3,19.3,21.4,16.4,,,
2026-09-14T08:40:00Z,2026-09-14T14:22:40Z,310,11.0,14.0,3.7,,7.0,323,1011.4,19.3,21.4,16.4,,,
2026-09-14T08:50:00Z,2026-09-14T14:22:40Z,310,11.0,14.0,3.7,9,7.0,323,1011.4,19.3,21.4,16.5,,,
2026-09-14T09:00:00Z,2026-09-14T14:22:40Z,310,11.0,14.0,,,,,1011.4,19.2,21.4,16.2,,-0.5,
2026-09-14T09:10:00Z,2026-09-14T14:22:40Z,320,11.0,13.0,3.5,,7.0,321,1011.4,19.2,21.4,16.3,,,
2026-09-14T09:20:00Z,2026-09-14T14:22:40Z,310,11.0,13.0,3.5,9,7.0,321,1011.3,19.2,21.3,16.4,,,
2026-09-14T09:30:00Z,2026-09-14T14:22:40Z,310,11.0,14.0,,,,,1011.1,19.2,21.3,16.3,,,
2026-09-14T09:40:00Z,2026-09-14T14:22:40Z,320,12.0,14.0,3.4,,6.8,324,1010.9,19.2,21.3,16.2,,,
2026-09-14T09:50:00Z,2026-09-14T14:22:40Z,320,11.0,14.0,3.4,9,6.8,324,1010.9,19.2,21.3,16.3,,,
2026-09-14T10:00:00Z,2026-09-14T14:22:40Z,310,11.0,13.0,,,,,1010.8,19.2,21.3,16.5,,-0.8,
2026-09-14T10:10:00Z,2026-09-14T14:22:40Z,310,11.0,14.0,3.3,,6.9,323,1010.8,19.0,21.3,16.2,,,
2026-09-14T10:20:00Z,2026-09-14T14:22:40Z,310,11.0,14.0,3.3,9,6.9,323,1010.8,19.0,21.3,16.2,,,
2026-09-14T10:30:00Z,2026-09-14T14:22:40Z,310,10.0,13.0,,,,,1010.7,19.0,21.3,16.2,,,
2026-09-14T10:40:00Z,2026-09-14T14:22:40Z,300,11.0,14.0,,,,,1010.7,18.9,21.3,16.1,,,
2026-09-14T10:50:00Z,2026-09-14T14:22:40Z,310,10.0,13.0,3.1,9,6.8,321,1010.7,19.0,21.3,16.3,,,
2026-09-14T11:00:00Z,2026-09-14T14:22:40Z,300,11.0,14.0,,,,,1010.6,19.0,21.3,16.3,,-0.6,
2026-09-14T11:10:00Z,2026-09-14T14:22:40Z,310,11.0,13.0,3.0,,6.6,320,1010.5,18.9,21.3,16.1,,,
2026-09-14T11:20:00Z,2026-09-14T14:22:40Z,310,10.0,13.0,3.0,9,6.6,320,1010.4,19.0,21.3,16.2,,,
2026-09-14T11:30:00Z,2026-09-14T14:22:40Z,310,11.0,13.0,,,,,1010.3,19.0,21.3,16.3,,,
2026-09-14T11:40:00Z,2026-09-14T14:22:40Z,310,11.0,13.0,3.0,,6.7,321,1010.2,18.9,21.3,16.2,,,
2026-09-14T11:50:00Z,2026-09-14T14:22:40Z,310,11.0,14.0,3.0,9,6.7,321,1010.2,19.0,21.3,16.4,,,
2026-09-14T12:00:00Z,2026-09-14T14:22:40Z,310,11.0,13.0,,,,,1010.1,18.9,21.2,16.2,,-1.0,
2026-09-14T12:10:00Z,2026-09-14T14:22:40Z,310,11.0,13.0,3.0,,6.6,311,1010.1,18.9,21.3,16.2,,,
2026-09-14T12:20:00Z,2026-09-14T14:22:40Z,310,11.0,13.0,3.0,9,6.6,311,1010.1,19.0,21.3,16.3,,,
2026-09-14T12:30:00Z,2026-09-14T14:22:40Z,320,11.0,13.0,,,,,1010.1,19.0,21.3,16.3,,,
2026-09-14T12:40:00Z,2026-09-14T14:22:40Z,310,11.0,14.0,,,,,1010.2,19.1,21.3,16.6,,,
2026-09-14T12:50:00Z,2026-09-14T14:22:40Z,310,11.0,13.0,3.1,9,6.6,319,1010.1,19.0,21.3,16.5,,,
2026-09-14T13:00:00Z,2026-09-14T14:22:40Z,310,11.0,13.0,,,,,1010.1,19.0,21.3,16.4,,-0.6,
2026-09-14T13:10:00Z,2026-09-14T14:22:40Z,310,11.0,14.0,2.9,,6.5,316,1010.1,18.9,21.3,16.3,,,
2026-09-14T13:20:00Z,2026-09-14T14:22:40Z,310,11.0,13.0,2.9,9,6.5,316,1010.0,19.0,21.3,16.4,,,
2026-09-14T13:30:00Z,2026-09-14T14:22:40Z,310,11.0,13.0,,,,,1010.1,18.9,21.3,16.3,,,
2026-09-14T13:40:00Z,2026-09-14T14:22:40Z,310,11.0,13.0,2.7,,6.4,324,1010.0,19.0,21.3,16.4,,,
2026-09-14T13:50:00Z,2026-09-14T14:22:40Z,310,11.0,13.0,2.7,9,6.4,324,1010.1,19.0,21.3,16.5,,,
2026-09-14T14:00:00Z,2026-09-14T14:22:40Z,310,11.0,13.0,,,,,1010.2,18.9,21.3,16.4,,-0.5,
2026-09-14T14:10:00Z,2026-09-14T18:50:56Z,310,10.0,13.0,3.1,,6.8,317,1010.3,19.0,21.3,16.7,,,
2026-09-14T14:20:00Z,2026-09-14T18:50:56Z,310,10.0,12.0,3.1,10,6.8,317,1010.4,19.0,21.3,16.6,,,
2026-09-14T14:30:00Z,2026-09-14T18:50:56Z,300,10.0,13.0,3.0,,6.7,319,1010.5,18.8,21.3,16.3,,,
2026-09-14T14:40:00Z,2026-09-14T18:50:56Z,300,10.0,12.0,,,,,1010.5,18.9,21.3,16.5,,,
2026-09-14T14:50:00Z,2026-09-14T18:50:56Z,310,10.0,12.0,3.0,9,6.7,319,1010.6,19.0,,16.8,,,
2026-09-14T15:00:00Z,2026-09-14T18:50:56Z,310,11.0,13.0,,,,,1010.6,18.9,21.3,16.6,,+0.7,
2026-09-14T15:10:00Z,2026-09-14T18:50:56Z,310,11.0,14.0,3.0,,6.6,316,1010.7,18.9,21.3,16.6,,,
2026-09-14T15:20:00Z,2026-09-14T18:50:56Z,310,10.0,12.0,3.0,9,6.6,316,1010.8,18.9,21.3,16.6,,,
2026-09-14T15:30:00Z,2026-09-14T18:50:56Z,300,11.0,13.0,,,,,1010.7,18.9,21.3,16.5,,,
2026-09-14T15:40:00Z,2026-09-14T18:50:56Z,310,11.0,13.0,,,,,1011.7,18.9,21.3,16.5,,,
2026-09-14T15:50:00Z,2026-09-14T18:50:56Z,310,11.0,13.0,2.9,9,6.7,312,1010.9,18.9,21.3,16.5,,,
2026-09-14T16:00:00Z,2026-09-14T18:50:56Z,320,11.0,13.0,,,,,1010.9,18.9,21.3,16.4,,+1.1,
2026-09-14T16:10:00Z,2026-09-14T18:50:56Z,310,11.0,14.0,2.9,,6.6,313,1010.8,19.0,21.3,16.6,,,
2026-09-14T16:20:00Z,2026-09-14T18:50:56Z,310,11.0,13.0,2.9,9,6.6,313,1010.8,18.9,21.3,16.5,,,
2026-09-14T16:30:00Z,2026-09-14T18:50:56Z,310,10.0,14.0,,,,,1010.9,19.0,21.3,16.6,,,
2026-09-14T16:40:00Z,2026-09-14T18:50:56Z,320,10.0,13.0,3.0,,6.9,321,1010.9,19.0,21.3,16.7,,,
2026-09-14T16:50:00Z,2026-09-14T18:50:56Z,310,10.0,13.0,3.0,9,6.9,321,1011.1,18.9,21.3,16.4,,,
2026-09-14T17:00:00Z,2026-09-14T18:50:56Z,320,10.0,12.0,,,,,1011.0,18.9,21.3,16.5,,+1.2,
2026-09-14T17:10:00Z,2026-09-14T18:50:56Z,310,9.0,12.0,3.0,,6.7,318,1011.1,18.9,21.3,16.5,,,
2026-09-14T17:20:00Z,2026-09-14T18:50:56Z,310,10.0,12.0,3.0,9,6.7,318,1011.1,18.9,21.3,16.6,,,
2026-09-14T17:30:00Z,2026-09-14T18:50:56Z,310,9.0,12.0,,,,,1011.2,19.0,21.3,16.8,,,
2026-09-14T17:40:00Z,2026-09-14T18:50:56Z,310,9.0,12.0,2.6,,6.7,321,1011.2,19.0,21.3,17.0,,,
2026-09-14T17:50:00Z,2026-09-14T18:50:56Z,310,10.0,12.0,2.6,9,6.7,321,1011.2,18.9,21.3,16.7,,,
2026-09-14T18:00:00Z,2026-09-14T18:50:56Z,310,9.0,12.0,,,,,1011.1,19.0,21.3,16.8,,+0.5,
2026-09-14T18:10:00Z,2026-09-14T18:50:56Z,310,9.0,12.0,2.8,,6.9,320,1011.3,19.0,21.3,16.9,,,
2026-09-14T18:20:00Z,2026-09-14T22:42:47Z,300,10.0,11.0,2.8,10,6.9,320,1011.2,19.1,21.3,17.0,,,
2026-09-14T18:30:00Z,2026-09-14T22:42:47Z,310,10.0,11.0,,,,,1011.0,19.0,21.3,16.9,,,
2026-09-14T18:40:00Z,2026-09-14T22:42:47Z,300,10.0,12.0,2.9,,6.8,317,1010.9,19.1,21.3,17.0,,,
2026-09-14T18:50:00Z,2026-09-14T22:42:47Z,300,9.0,11.0,2.9,,6.8,317,1011.6,19.1,21.3,17.0,,,
2026-09-14T19:00:00Z,2026-09-14T22:42:47Z,310,9.0,12.0,,,,,1010.8,19.1,,17.0,,+0.0,
2026-09-14T19:10:00Z,2026-09-14T22:42:47Z,,,,2.9,10,6.8,325,,,,,,,
2026-09-14T19:20:00Z,2026-09-14T22:42:47Z,300,10.0,12.0,2.9,,6.8,325,1010.6,19.0,21.3,16.8,,,
2026-09-14T19:30:00Z,2026-09-14T22:42:47Z,300,10.0,12.0,,,,,1010.6,19.1,21.3,16.8,,,
2026-09-14T19:40:00Z,2026-09-14T22:42:47Z,310,10.0,12.0,,,,,1010.6,19.1,21.3,16.8,,,
2026-09-14T19:50:00Z,2026-09-14T22:42:47Z,310,9.0,11.0,2.8,,6.7,328,1011.6,19.1,21.3,16.8,,,
2026-09-14T20:00:00Z,2026-09-14T22:42:47Z,300,10.0,12.0,,,,,1010.5,19.0,21.3,16.5,,-0.6,
2026-09-14T20:10:00Z,2026-09-14T22:42:47Z,300,10.0,12.0,,,,,1010.4,19.1,21.3,16.7,,,
2026-09-14T20:20:00Z,2026-09-14T22:42:47Z,300,10.0,12.0,2.7,9,6.5,316,1010.4,19.1,21.3,16.6,,,
2026-09-14T20:30:00Z,2026-09-14T22:42:47Z,300,10.0,12.0,,,,,1010.4,19.1,21.3,16.4,,,
2026-09-14T20:40:00Z,2026-09-14T22:42:47Z,300,10.0,12.0,,,,,1010.3,19.2,21.3,16.6,,,
2026-09-14T20:50:00Z,2026-09-14T22:42:47Z,300,9.0,11.0,2.8,9,6.8,319,1010.3,19.1,21.3,16.6,,,
2026-09-14T21:00:00Z,2026-09-14T22:42:47Z,310,9.0,11.0,,,,,1010.3,19.1,21.3,16.7,,-0.8,
2026-09-14T21:10:00Z,2026-09-14T22:42:47Z,300,9.0,11.0,,,,,1010.4,19.1,21.3,16.7,,,
2026-09-14T21:20:00Z,2026-09-14T22:42:47Z,310,9.0,11.0,2.5,10,6.3,324,1010.2,19.2,21.3,16.7,,,
2026-09-14T21:30:00Z,2026-09-14T22:42:47Z,310,8.0,11.0,,,,,1010.2,19.3,,16.8,,,
2026-09-14T21:40:00Z,2026-09-14T22:42:47Z,310,8.0,10.0,2.6,,6.6,321,1010.1,19.3,21.3,16.9,,,
2026-09-14T21:50:00Z,2026-09-14T22:42:47Z,310,8.0,10.0,2.6,9,6.6,321,1010.0,19.3,21.3,16.9,,,
2026-09-14T22:00:00Z,2026-09-14T22:42:47Z,300,8.0,10.0,,,,,1009.9,19.2,21.3,16.8,,-0.8,
2026-09-14T22:10:00Z,2026-09-14T22:42:47Z,300,8.0,10.0,2.6,,6.7,323,1009.8,19.3,21.3,16.9,,,
2026-09-14T22:20:00Z,2026-09-15T06:37:16Z,300,8.0,11.0,2.6,9,6.7,323,1009.8,19.3,,16.9,,,
2026-09-14T22:30:00Z,2026-09-15T06:37:16Z,300,8.0,10.0,,,,,1009.7,19.3,21.3,16.8,,,
2026-09-14T22:40:00Z,2026-09-15T06:37:16Z,300,8.0,10.0,2.6,,6.5,316,1009.6,19.3,21.4,16.9,,,
2026-09-14T22:50:00Z,2026-09-15T06:37:16Z,300,9.0,10.0,2.6,9,6.5,316,1009.5,19.3,21.4,16.8,,,
2026-09-14T23:00:00Z,2026-09-15T06:37:16Z,300,8.0,10.0,,,,,1009.4,19.4,21.4,16.9,,-1.1,
2026-09-14T23:10:00Z,2026-09-15T06:37:16Z,300,8.0,10.0,2.4,,6.4,311,1009.4,19.5,21.3,17.1,,,
2026-09-14T23:30:00Z,2026-09-15T06:37:16Z,300,8.0,10.0,,,,,1009.3,19.4,21.4,16.9,,,
2026-09-14T23:40:00Z,2026-09-15T06:37:16Z,300,9.0,10.0,2.4,,6.4,311,1009.3,19.4,21.4,16.8,,,
2026-09-14T23:50:00Z,2026-09-15T06:37:16Z,300,9.0,10.0,2.4,9,6.4,311,1009.3,19.5,21.4,17.1,,,
2026-09-15T00:00:00Z,2026-09-15T06:37:16Z,300,9.0,11.0,,,,,1009.3,19.5,21.4,17.0,,-0.9,
2026-09-15T00:10:00Z,2026-09-15T06:37:16Z,300,9.0,10.0,,,,,1009.4,19.5,21.4,16.9,,,
2026-09-15T00:20:00Z,2026-09-15T06:37:16Z,300,8.0,10.0,2.2,9,6.3,314,1009.3,19.5,21.3,16.9,,,
2026-09-15T00:30:00Z,2026-09-15T06:37:16Z,300,8.0,10.0,,,,,1009.3,19.5,21.3,16.9,,,
2026-09-15T00:40:00Z,2026-09-15T06:37:16Z,300,8.0,10.0,2.2,,6.1,311,1009.3,19.5,21.3,16.9,,,
2026-09-15T00:50:00Z,2026-09-15T06:37:16Z,300,9.0,11.0,2.2,9,6.1,311,1009.3,19.5,21.3,16.9,,,
2026-09-15T01:00:00Z,2026-09-15T06:37:16Z,310,9.0,11.0,,,,,1009.3,19.5,21.3,16.9,,-0.6,
2026-09-15T01:10:00Z,2026-09-15T06:37:16Z,300,9.0,11.0,2.1,,5.9,306,1009.3,19.5,21.3,16.8,,,
2026-09-15T01:20:00Z,2026-09-15T06:37:16Z,300,8.0,11.0,2.1,9,5.9,306,1009.3,19.5,21.3,16.9,,,
2026-09-15T01:30:00Z,2026-09-15T06:37:16Z,310,8.0,10.0,,,,,1009.3,19.5,21.3,16.9,,,
2026-09-15T01:40:00Z,2026-09-15T06:37:16Z,310,8.0,10.0,2.0,,5.9,310,1009.4,19.5,21.3,17.0,,,
2026-09-15T01:50:00Z,2026-09-15T06:37:16Z,300,9.0,10.0,2.0,9,5.9,310,1009.5,19.5,21.3,17.0,,,
2026-09-15T02:00:00Z,2026-09-15T06:37:16Z,310,8.0,10.0,,,,,1009.4,19.6,21.3,17.1,,+0.0,
2026-09-15T02:10:00Z,2026-09-15T06:37:16Z,310,8.0,10.0,2.1,,5.9,313,1009.4,19.5,21.3,17.0,,,
2026-09-15T02:20:00Z,2026-09-15T06:37:16Z,310,8.0,11.0,2.1,8,5.9,313,1009.5,19.5,21.3,17.1,,,
2026-09-15T02:30:00Z,2026-09-15T06:37:16Z,320,8.0,11.0,,,,,1009.6,19.4,21.3,16.9,,,
2026-09-15T02:40:00Z,2026-09-15T06:37:16Z,310,9.0,11.0,1.9,,5.7,314,1009.5,19.5,21.3,17.0,,,
2026-09-15T02:50:00Z,2026-09-15T06:37:16Z,310,9.0,11.0,1.9,9,5.7,314,1009.6,19.4,21.3,17.0,,,
2026-09-15T03:00:00Z,2026-09-15T06:37:16Z,310,9.0,11.0,,,,,1009.7,19.5,21.3,17.2,,+0.3,
2026-09-15T03:10:00Z,2026-09-15T06:37:16Z,320,9.0,11.0,2.0,,5.8,311,1009.8,19.5,21.3,17.1,,,
2026-09-15T03:20:00Z,2026-09-15T06:37:16Z,320,9.0,11.0,2.0,8,5.8,311,1009.9,19.5,21.3,17.2,,,
2026-09-15T03:30:00Z,2026-09-15T06:37:16Z,320,9.0,11.0,,,,,1010.0,19.4,21.3,17.1,,,
2026-09-15T03:40:00Z,2026-09-15T06:37:16Z,320,9.0,10.0,1.8,,5.6,309,1010.2,19.4,21.3,17.1,,,
2026-09-15T03:50:00Z,2026-09-15T06:37:16Z,320,9.0,10.0,1.8,9,5.6,309,1010.4,19.4,21.3,17.1,,,
2026-09-15T04:00:00Z,2026-09-15T06:37:16Z,320,9.0,11.0,,,,,1010.4,19.4,21.3,17.2,,+1.1,
2026-09-15T04:10:00Z,2026-09-15T06:37:16Z,320,8.0,10.0,2.1,,6.0,313,1010.7,19.3,21.3,17.2,,,
2026-09-15T04:20:00Z,2026-09-15T06:37:16Z,320,8.0,10.0,2.1,8,6.0,313,1010.9,19.3,21.3,17.2,,,
2026-09-15T04:30:00Z,2026-09-15T06:37:16Z,310,8.0,10.0,,,,,1011.1,19.2,21.3,17.0,,,
2026-09-15T04:40:00Z,2026-09-15T06:37:16Z,320,8.0,10.0,,,,,1012.2,19.2,21.3,17.0,,,
2026-09-15T04:50:00Z,2026-09-15T06:37:16Z,320,8.0,10.0,2.0,,5.9,311,1012.2,19.2,21.3,17.0,,,
2026-09-15T05:00:00Z,2026-09-15T06:37:16Z,320,8.0,10.0,,,,,1011.3,19.2,21.3,17.0,,+1.9,
2026-09-15T05:10:00Z,2026-09-15T06:37:16Z,320,8.0,10.0,,,,,1011.2,19.1,21.3,16.9,,,
2026-09-15T05:20:00Z,2026-09-15T06:37:16Z,320,8.0,10.0,2.3,9,6.3,315,1011.2,19.1,21.3,16.9,,,
2026-09-15T05:30:00Z,2026-09-15T06:37:16Z,310,7.0,9.0,,,,,1011.2,19.1,21.3,16.9,,,
2026-09-15T05:40:00Z,2026-09-15T06:37:16Z,310,7.0,11.0,2.2,,6.3,309,1011.1,19.1,21.3,17.0,,,
2026-09-15T05:50:00Z,2026-09-15T06:37:16Z,310,8.0,10.0,2.2,9,6.3,309,1012.1,19.0,21.3,16.9,,,
2026-09-15T06:00:00Z,2026-09-15T12:51:49Z,310,7.0,10.0,,,,,1011.0,19.0,21.3,16.8,,+1.3,
2026-09-15T06:10:00Z,2026-09-15T12:51:49Z,310,7.0,9.0,2.3,,6.5,316,1011.1,19.0,21.3,16.9,,,
2026-09-15T06:20:00Z,2026-09-15T12:51:49Z,320,7.0,9.0,2.3,8,6.5,316,1011.0,19.1,,17.1,,,
2026-09-15T06:30:00Z,2026-09-15T12:51:49Z,310,8.0,10.0,,,,,1011.0,19.1,21.3,17.0,,,
2026-09-15T06:40:00Z,2026-09-15T12:51:49Z,310,7.0,10.0,,,,,1010.9,19.1,21.3,17.0,,,
2026-09-15T06:50:00Z,2026-09-15T12:51:49Z,320,7.0,9.0,2.2,9,6.3,308,1010.9,19.2,21.3,17.2,,,
2026-09-15T07:00:00Z,2026-09-15T12:51:49Z,320,7.0,9.0,,,,,1010.9,19.1,21.3,17.0,,+0.5,
2026-09-15T07:10:00Z,2026-09-15T12:51:49Z,,,,2.4,9,6.6,308,,,,,,,
2026-09-15T07:20:00Z,2026-09-15T12:51:49Z,320,7.0,9.0,2.4,,6.6,308,1010.9,19.1,21.3,16.9,,,
2026-09-15T07:30:00Z,2026-09-15T12:51:49Z,320,7.0,9.0,,,,,1010.9,19.1,21.3,16.9,,,
2026-09-15T07:40:00Z,2026-09-15T12:51:49Z,330,7.0,9.0,2.4,,6.5,312,1011.0,19.1,21.3,16.9,,,
2026-09-15T07:50:00Z,2026-09-15T12:51:49Z,330,7.0,9.0,2.4,9,6.5,312,1011.0,19.0,21.3,16.5,,,
2026-09-15T08:00:00Z,2026-09-15T12:51:49Z,330,6.0,8.0,,,,,1011.1,19.1,21.3,16.7,,-0.0,
2026-09-15T08:10:00Z,2026-09-15T12:51:49Z,330,6.0,8.0,,,,,1011.1,19.1,21.3,16.8,,,
2026-09-15T08:20:00Z,2026-09-15T12:51:49Z,330,6.0,8.0,2.4,9,6.6,312,1011.2,19.0,21.3,16.5,,,
2026-09-15T08:30:00Z,2026-09-15T12:51:49Z,330,6.0,7.0,,,,,1011.2,19.0,21.3,16.4,,,
2026-09-15T08:40:00Z,2026-09-15T12:51:49Z,320,6.0,7.0,2.5,,6.6,312,1011.2,19.1,21.3,16.5,,,
2026-09-15T08:50:00Z,2026-09-15T12:51:49Z,330,6.0,7.0,2.5,10,6.6,312,1011.3,19.0,21.3,16.5,,,
2026-09-15T09:00:00Z,2026-09-15T12:51:49Z,330,5.0,8.0,,,,,1011.3,19.0,21.2,16.2,,+0.4,
2026-09-15T09:10:00Z,2026-09-15T12:51:49Z,330,5.0,8.0,2.5,,6.9,313,1011.4,19.1,21.3,16.3,,,
2026-09-15T09:20:00Z,2026-09-15T12:51:49Z,320,6.0,8.0,2.5,9,6.9,313,1011.3,19.1,21.3,16.4,,,
2026-09-15T09:30:00Z,2026-09-15T12:51:49Z,330,6.0,7.0,,,,,1011.2,19.0,21.3,16.2,,,
2026-09-15T09:40:00Z,2026-09-15T12:51:49Z,,,,2.4,9,,,,,21.2,,,,
2026-09-15T09:50:00Z,2026-09-15T12:51:49Z,320,5.0,8.0,2.4,,6.9,317,1011.1,18.9,,15.8,,,
2026-09-15T10:00:00Z,2026-09-15T12:51:49Z,310,5.0,7.0,,,,,1011.1,19.0,21.2,16.1,,+0.3,
2026-09-15T10:10:00Z,2026-09-15T12:51:49Z,310,5.0,7.0,2.5,,6.9,307,1011.2,18.8,21.2,15.8,,,
2026-09-15T10:20:00Z,2026-09-15T12:51:49Z,320,5.0,7.0,2.5,9,6.9,307,1011.2,19.0,21.2,16.2,,,
2026-09-15T10:30:00Z,2026-09-15T12:51:49Z,320,5.0,7.0,,,,,1011.2,18.9,21.2,16.0,,,
2026-09-15T10:40:00Z,2026-09-15T12:51:49Z,310,5.0,7.0,,,,,1011.2,18.9,21.2,16.0,,,
2026-09-15T10:50:00Z,2026-09-15T12:51:49Z,320,6.0,8.0,2.5,9,6.8,307,1011.2,18.9,21.2,15.8,,,
2026-09-15T11:00:00Z,2026-09-15T12:51:49Z,300,5.0,7.0,,,,,1011.1,18.9,21.2,15.7,,+0.0,
2026-09-15T11:10:00Z,2026-09-15T12:51:49Z,310,6.0,7.0,2.6,,7.2,313,1011.0,19.0,21.2,15.9,,,
2026-09-15T11:20:00Z,2026-09-15T12:51:49Z,310,6.0,8.0,2.6,9,7.2,313,1011.0,19.0,21.2,15.8,,,
2026-09-15T11:30:00Z,2026-09-15T12:51:49Z,320,6.0,9.0,,,,,1011.0,19.1,21.2,15.9,,,
2026-09-15T11:40:00Z,2026-09-15T12:51:49Z,310,6.0,8.0,2.3,,6.7,315,1011.2,19.0,21.2,15.6,,,
2026-09-15T11:50:00Z,2026-09-15T12:51:49Z,320,6.0,8.0,2.3,9,6.7,315,1011.2,19.2,21.2,15.9,,,
2026-09-15T12:00:00Z,2026-09-15T12:51:49Z,320,5.0,7.0,,,,,1011.3,19.1,21.2,15.7,,+0.0,
2026-09-15T12:10:00Z,2026-09-15T12:51:49Z,330,6.0,7.0,2.4,,6.8,305,1011.3,19.1,21.2,15.6,,,
2026-09-15T12:20:00Z,2026-09-15T12:51:49Z,330,5.0,7.0,2.4,9,6.8,305,1012.3,19.0,21.2,15.5,,,
2026-09-15T12:30:00Z,2026-09-15T17:45:18Z,310,5.0,8.0,,,,,1011.2,19.1,21.2,15.8,,,
2026-09-15T12:40:00Z,2026-09-15T17:45:18Z,310,6.0,8.0,2.2,,6.7,316,1011.4,19.1,21.2,15.8,,,
2026-09-15T12:50:00Z,2026-09-15T17:45:18Z,320,5.0,7.0,2.2,9,6.7,316,1011.4,19.0,21.2,15.7,,,
2026-09-15T13:00:00Z,2026-09-15T17:45:18Z,330,5.0,7.0,,,,,1011.4,19.0,21.2,15.7,,+0.0,
2026-09-15T13:10:00Z,2026-09-15T17:45:18Z,310,5.0,7.0,2.2,,6.9,311,1011.5,19.0,21.2,15.6,,,
2026-09-15T13:20:00Z,2026-09-15T17:45:18Z,320,5.0,8.0,2.2,9,6.9,311,1011.7,19.0,21.2,15.7,,,
2026-09-15T13:30:00Z,2026-09-15T17:45:18Z,310,4.0,7.0,,,,,1012.7,18.9,21.2,15.4,,,
2026-09-15T13:40:00Z,2026-09-15T17:45:18Z,300,5.0,7.0,2.0,,6.7,303,1011.9,19.0,21.2,15.6,,,
2026-09-15T13:50:00Z,2026-09-15T17:45:18Z,290,5.0,7.0,2.0,10,6.7,303,1011.9,19.0,21.3,15.7,,,
2026-09-15T14:00:00Z,2026-09-15T17:45:18Z,300,5.0,6.0,,,,,1012.0,19.1,21.2,15.8,,+0.9,
2026-09-15T14:10:00Z,2026-09-15T17:45:18Z,300,5.0,7.0,2.2,,7.1,307,1012.2,19.0,21.3,15.6,,,
2026-09-15T14:20:00Z,2026-09-15T17:45:18Z,280,4.0,6.0,2.2,9,7.1,307,1012.4,18.9,21.3,15.3,,,
2026-09-15T14:30:00Z,2026-09-15T17:45:18Z,290,5.0,6.0,,,,,1012.4,19.0,21.3,15.5,,,
2026-09-15T14:40:00Z,2026-09-15T17:45:18Z,290,5.0,7.0,2.1,,6.9,311,1012.5,19.0,21.3,15.6,,,
2026-09-15T14:50:00Z,2026-09-15T17:45:18Z,310,5.0,7.0,2.1,9,6.9,311,1012.6,18.9,21.3,15.3,,,
2026-09-15T15:00:00Z,2026-09-15T17:45:18Z,310,5.0,6.0,,,,,1012.7,18.9,21.3,15.3,,+1.4,
2026-09-15T15:10:00Z,2026-09-15T17:45:18Z,290,4.0,6.0,2.1,,7.1,306,1012.8,18.9,21.3,15.3,,,
2026-09-15T15:20:00Z,2026-09-15T17:45:18Z,280,5.0,6.0,2.1,10,7.1,306,1012.8,19.0,21.3,15.4,,,
2026-09-15T15:30:00Z,2026-09-15T17:45:18Z,280,4.0,5.0,,,,,1012.8,18.9,21.3,15.3,,,
2026-09-15T15:40:00Z,2026-09-15T17:45:18Z,280,5.0,7.0,2.2,,7.1,301,1012.9,18.9,21.3,15.4,,,
2026-09-15T15:50:00Z,2026-09-15T17:45:18Z,300,4.0,6.0,2.2,9,7.1,301,1013.1,19.0,21.3,15.6,,,
2026-09-15T16:00:00Z,2026-09-15T17:45:18Z,310,4.0,6.0,,,,,1013.1,19.0,21.3,15.7,,+1.7,
2026-09-15T16:10:00Z,2026-09-15T17:45:18Z,280,5.0,7.0,,,,,1013.1,18.9,21.3,15.4,,,
2026-09-15T16:20:00Z,2026-09-15T17:45:18Z,290,4.0,6.0,2.2,9,7.2,306,1013.2,18.9,21.3,15.3,,,
2026-09-15T16:30:00Z,2026-09-15T17:45:18Z,280,4.0,7.0,,,,,1013.4,18.9,21.3,15.3,,,
2026-09-15T16:40:00Z,2026-09-15T17:45:18Z,300,5.0,7.0,,,,,1013.4,19.0,21.3,15.6,,,
2026-09-15T16:50:00Z,2026-09-15T17:45:18Z,300,6.0,8.0,1.9,10,7.0,299,1013.5,18.9,21.3,15.5,,,
2026-09-15T17:00:00Z,2026-09-15T17:45:18Z,300,4.0,6.0,,,,,1013.6,18.8,21.3,15.2,,+1.6,
2026-09-15T17:10:00Z,2026-09-15T17:45:18Z,310,3.0,5.0,2.1,,7.2,307,1013.6,18.8,21.3,15.1,,,
2026-09-15T17:20:00Z,2026-09-15T22:24:56Z,290,4.0,6.0,2.1,9,7.2,307,1013.7,18.9,21.3,15.4,,,
2026-09-15T17:30:00Z,2026-09-15T22:24:56Z,300,5.0,6.0,,,,,1013.7,18.9,21.3,15.4,,,
2026-09-15T17:40:00Z,2026-09-15T22:24:56Z,310,5.0,6.0,2.0,,7.1,312,1013.8,19.0,21.2,15.6,,,
2026-09-15T17:50:00Z,2026-09-15T22:24:56Z,310,5.0,7.0,2.0,9,7.1,312,1013.8,19.0,21.2,15.7,,,
2026-09-15T18:00:00Z,2026-09-15T22:24:56Z,300,5.0,7.0,,,,,1013.8,18.9,21.2,15.4,,+1.1,
2026-09-15T18:10:00Z,2026-09-15T22:24:56Z,280,4.0,6.0,2.1,,7.1,304,1013.8,18.9,21.2,15.4,,,
2026-09-15T18:20:00Z,2026-09-15T22:24:56Z,280,5.0,6.0,2.1,10,7.1,304,1013.9,19.0,21.2,15.4,,,
2026-09-15T18:30:00Z,2026-09-15T22:24:56Z,280,5.0,6.0,,,,,1013.9,19.0,21.2,15.4,,,
2026-09-15T18:40:00Z,2026-09-15T22:24:56Z,280,5.0,7.0,,,,,1014.0,19.1,21.2,15.7,,,
2026-09-15T18:50:00Z,2026-09-15T22:24:56Z,280,5.0,7.0,1.9,9,6.7,307,1013.9,19.0,21.2,15.7,,,
2026-09-15T19:00:00Z,2026-09-15T22:24:56Z,290,4.0,6.0,,,,,1013.8,19.0,21.2,15.3,,+0.8,
2026-09-15T19:10:00Z,2026-09-15T22:24:56Z,280,5.0,6.0,2.0,,6.9,304,1013.7,19.0,21.2,15.5,,,
2026-09-15T19:20:00Z,2026-09-15T22:24:56Z,290,5.0,6.0,2.0,10,6.9,304,1013.7,19.0,21.2,15.4,,,
2026-09-15T19:30:00Z,2026-09-15T22:24:56Z,280,4.0,6.0,,,,,1013.7,19.0,21.2,15.4,,,
2026-09-15T19:40:00Z,2026-09-15T22:24:56Z,270,5.0,7.0,,,,,1014.7,19.0,21.2,15.2,,,
2026-09-15T19:50:00Z,2026-09-15T22:24:56Z,280,5.0,7.0,2.2,9,7.4,303,1013.6,19.1,,15.3,,,
2026-09-15T20:00:00Z,2026-09-15T22:24:56Z,280,5.0,7.0,,,,,1013.5,19.1,21.3,15.4,,+0.0,
2026-09-15T20:10:00Z,2026-09-15T22:24:56Z,290,6.0,8.0,2.1,,7.1,301,1013.4,19.2,,15.5,,,
2026-09-15T20:20:00Z,2026-09-15T22:24:56Z,280,6.0,7.0,2.1,9,7.1,301,1013.4,19.0,21.3,15.6,,,
2026-09-15T20:30:00Z,2026-09-15T22:24:56Z,280,6.0,8.0,,,,,1013.4,19.1,21.3,15.7,,,
2026-09-15T20:40:00Z,2026-09-15T22:24:56Z,280,6.0,8.0,2.2,,7.1,298,1013.4,19.0,21.3,15.7,,,
2026-09-15T20:50:00Z,2026-09-15T22:24:56Z,280,7.0,8.0,2.2,10,7.1,298,1013.4,19.1,21.3,15.9,,,
2026-09-15T21:00:00Z,2026-09-15T22:24:56Z,270,6.0,8.0,,,,,1013.3,19.0,21.3,15.8,,-0.5,
2026-09-15T21:10:00Z,2026-09-15T22:24:56Z,280,6.0,8.0,2.0,,6.8,305,1013.3,19.0,21.3,15.6,,,
2026-09-15T21:20:00Z,2026-09-15T22:24:56Z,280,6.0,8.0,2.0,9,6.8,305,1013.2,19.0,21.3,15.8,,,
2026-09-15T21:30:00Z,2026-09-15T22:24:56Z,280,7.0,8.0,,,,,1013.2,18.9,21.3,15.6,,,
2026-09-15T21:40:00Z,2026-09-15T22:24:56Z,280,7.0,8.0,2.4,,7.2,302,1013.1,19.0,21.3,15.5,,,
2026-09-15T21:50:00Z,2026-09-15T22:24:56Z,290,6.0,9.0,2.4,9,7.2,302,1013.1,19.0,21.3,15.5,,,
2026-09-15T22:00:00Z,2026-09-16T06:38:34Z,280,6.0,7.0,,,,,1012.9,19.0,21.3,15.5,,-1.0,
2026-09-15T22:10:00Z,2026-09-16T06:38:34Z,280,6.0,7.0,2.1,,6.8,309,1012.7,19.0,21.3,15.4,,,
2026-09-15T22:20:00Z,2026-09-16T06:38:34Z,290,6.0,8.0,2.1,9,6.8,309,1012.7,19.1,21.3,15.7,,,
2026-09-15T22:30:00Z,2026-09-16T06:38:34Z,280,6.0,8.0,,,,,1012.5,19.2,21.3,15.7,,,
2026-09-15T22:40:00Z,2026-09-16T06:38:34Z,280,7.0,9.0,,,,,1012.5,19.2,21.3,15.8,,,
2026-09-15T22:50:00Z,2026-09-16T06:38:34Z,290,6.0,8.0,2.2,10,7.1,304,1012.5,19.2,21.3,15.7,,,
2026-09-15T23:00:00Z,2026-09-16T06:38:34Z,290,7.0,8.0,,,,,1012.5,19.2,21.3,15.7,,-1.0,
2026-09-15T23:10:00Z,2026-09-16T06:38:34Z,280,7.0,8.0,2.2,,6.8,308,1012.4,19.3,21.3,16.0,,,
2026-09-15T23:20:00Z,2026-09-16T06:38:34Z,290,7.0,9.0,2.2,10,6.8,308,1012.3,19.3,21.3,16.2,,,
2026-09-15T23:30:00Z,2026-09-16T06:38:34Z,290,7.0,9.0,,,,,1012.2,19.3,21.3,16.1,,,
2026-09-15T23:40:00Z,2026-09-16T06:38:34Z,290,7.0,9.0,2.2,,6.8,308,1012.3,19.3,21.3,16.1,,,
2026-09-15T23:50:00Z,2026-09-16T06:38:34Z,290,6.0,8.0,2.2,9,6.8,308,1012.2,19.4,21.3,16.2,,,
2026-09-16T00:00:00Z,2026-09-16T06:38:34Z,290,7.0,9.0,,,,,1012.0,19.4,21.3,16.0,,-1.3,
2026-09-16T00:10:00Z,2026-09-16T06:38:34Z,300,7.0,8.0,2.0,,6.6,317,1012.1,19.4,21.3,15.8,,,
2026-09-16T00:20:00Z,2026-09-16T06:38:34Z,300,6.0,8.0,2.0,9,6.6,317,1012.1,19.4,21.3,15.8,,,
2026-09-16T00:30:00Z,2026-09-16T06:38:34Z,300,7.0,8.0,,,,,1012.2,19.5,21.3,16.4,,,
2026-09-16T00:40:00Z,2026-09-16T06:38:34Z,300,7.0,9.0,2.0,,6.6,313,1012.2,19.3,21.3,16.1,,,
2026-09-16T00:50:00Z,2026-09-16T06:38:34Z,300,6.0,8.0,2.0,9,6.6,313,1012.3,19.3,21.3,16.1,,,
2026-09-16T01:00:00Z,2026-09-16T06:38:34Z,300,7.0,9.0,,,,,1012.2,19.3,21.3,16.3,,-0.7,
2026-09-16T01:10:00Z,2026-09-16T06:38:34Z,300,7.0,8.0,2.1,,6.7,315,1012.2,19.3,21.3,16.1,,,
2026-09-16T01:20:00Z,2026-09-16T06:38:34Z,310,7.0,9.0,2.1,9,6.7,315,1012.3,19.4,21.3,16.3,,,
2026-09-16T01:30:00Z,2026-09-16T06:38:34Z,310,6.0,9.0,,,,,1012.2,19.3,21.3,16.1,,,
2026-09-16T01:40:00Z,2026-09-16T06:38:34Z,310,7.0,9.0,2.0,,6.5,314,1012.2,19.3,21.3,16.4,,,
2026-09-16T01:50:00Z,2026-09-16T06:38:34Z,310,7.0,9.0,2.0,9,6.5,314,1012.2,19.2,21.3,15.9,,,
2026-09-16T02:00:00Z,2026-09-16T06:38:34Z,310,6.0,9.0,,,,,1012.2,19.2,21.3,15.8,,-0.3,
2026-09-16T02:10:00Z,2026-09-16T06:38:34Z,300,6.0,8.0,,,,,1012.1,19.3,21.3,16.0,,,
2026-09-16T02:20:00Z,2026-09-16T06:38:34Z,300,6.0,8.0,2.2,10,6.9,317,1012.1,19.3,21.3,16.2,,,
2026-09-16T02:30:00Z,2026-09-16T06:38:34Z,320,7.0,9.0,,,,,1012.3,19.4,21.3,16.4,,,
2026-09-16T02:40:00Z,2026-09-16T06:38:34Z,320,6.0,8.0,,,,,1012.3,19.3,21.3,16.6,,,
2026-09-16T02:50:00Z,2026-09-16T06:38:34Z,310,6.0,8.0,2.1,9,6.8,311,1012.4,19.4,21.3,16.6,,,
2026-09-16T03:00:00Z,2026-09-16T06:38:34Z,310,6.0,8.0,,,,,1012.5,19.4,21.3,16.6,,+0.6,
2026-09-16T03:10:00Z,2026-09-16T06:38:34Z,320,6.0,8.0,2.3,,7.0,312,1012.6,19.3,21.3,16.5,,,
2026-09-16T03:20:00Z,2026-09-16T06:38:34Z,310,6.0,8.0,2.3,9,7.0,312,1012.7,19.3,21.3,16.4,,,
2026-09-16T03:30:00Z,2026-09-16T06:38:34Z,320,6.0,8.0,,,,,1012.7,19.3,21.3,16.0,,,
2026-09-16T03:40:00Z,2026-09-16T06:38:34Z,320,5.0,7.0,2.4,,7.2,315,1012.8,19.4,21.3,16.0,,,
2026-09-16T03:50:00Z,2026-09-16T06:38:34Z,320,5.0,7.0,2.4,,7.2,315,1014.0,19.4,21.3,15.9,,,
2026-09-16T04:00:00Z,2026-09-16T06:38:34Z,320,5.0,7.0,,,,,1013.1,19.4,21.3,16.2,,+1.0,
2026-09-16T04:10:00Z,2026-09-16T06:38:34Z,320,5.0,7.0,2.1,,6.8,308,1013.3,19.4,21.3,16.2,,,
2026-09-16T04:20:00Z,2026-09-16T06:38:34Z,320,4.0,6.0,2.1,10,6.8,308,1013.4,19.4,21.2,16.1,,,
2026-09-16T04:30:00Z,2026-09-16T06:38:34Z,320,5.0,7.0,,,,,1013.4,19.4,21.2,16.0,,,
2026-09-16T04:40:00Z,2026-09-16T06:38:34Z,320,5.0,8.0,2.2,,7.1,314,1013.5,19.5,21.2,15.9,,,
2026-09-16T04:50:00Z,2026-09-16T06:38:34Z,320,5.0,7.0,2.2,10,7.1,314,1013.4,19.5,21.2,16.2,,,
2026-09-16T05:00:00Z,2026-09-16T06:38:34Z,320,6.0,8.0,,,,,1013.4,19.4,21.2,16.4,,+1.2,
2026-09-16T05:10:00Z,2026-09-16T06:38:34Z,320,5.0,8.0,2.4,,7.3,311,1013.4,19.4,21.2,16.1,,,
2026-09-16T05:20:00Z,2026-09-16T06:38:34Z,310,5.0,7.0,2.4,10,7.3,311,1013.4,19.4,21.2,15.7,,,
2026-09-16T05:30:00Z,2026-09-16T06:38:34Z,320,5.0,6.0,,,,,1013.4,19.4,21.2,16.1,,,
2026-09-16T05:40:00Z,2026-09-16T06:38:34Z,310,6.0,8.0,,,,,1013.4,19.3,21.2,15.9,,,
2026-09-16T05:50:00Z,2026-09-16T06:38:34Z,320,4.0,6.0,2.1,9,6.6,313,1013.3,19.3,21.2,15.8,,,
2026-09-16T06:00:00Z,2026-09-16T12:47:30Z,320,4.0,6.0,,,,,1013.3,19.2,21.2,15.8,,+0.7,
2026-09-16T06:10:00Z,2026-09-16T12:47:30Z,310,6.0,8.0,2.2,,6.9,316,1013.3,19.3,21.2,15.9,,,
2026-09-16T06:20:00Z,2026-09-16T12:47:30Z,310,4.0,7.0,2.2,10,6.9,316,1013.4,19.2,21.2,15.6,,,
2026-09-16T06:30:00Z,2026-09-16T12:47:30Z,310,5.0,8.0,,,,,1013.5,19.2,21.2,15.5,,,
2026-09-16T06:40:00Z,2026-09-16T12:47:30Z,310,6.0,8.0,2.1,,7.0,319,1013.4,19.2,21.2,15.7,,,
2026-09-16T06:50:00Z,2026-09-16T12:47:30Z,310,5.0,8.0,2.1,10,7.0,319,1013.4,19.2,21.2,15.6,,,
2026-09-16T07:00:00Z,2026-09-16T12:47:30Z,320,5.0,7.0,,,,,1013.5,19.1,21.2,15.5,,+0.4,
2026-09-16T07:10:00Z,2026-09-16T12:47:30Z,,,,2.2,9,6.9,317,,,,,,,
2026-09-16T07:20:00Z,2026-09-16T12:47:30Z,300,4.0,6.0,2.2,,6.9,317,1013.6,19.1,21.2,15.2,,,
2026-09-16T07:30:00Z,2026-09-16T12:47:30Z,310,4.0,5.0,,,,,1013.6,19.2,21.2,15.5,,,
2026-09-16T07:40:00Z,2026-09-16T12:47:30Z,310,4.0,6.0,,,,,1013.6,19.2,21.2,15.4,,,
2026-09-16T07:50:00Z,2026-09-16T12:47:30Z,320,4.0,6.0,1.9,9,6.8,316,1013.6,19.2,21.2,15.4,,,
2026-09-16T08:00:00Z,2026-09-16T12:47:30Z,330,5.0,6.0,,,,,1013.6,19.2,21.2,15.2,,+0.0,
2026-09-16T08:10:00Z,2026-09-16T12:47:30Z,320,5.0,6.0,,,,,1013.6,19.4,21.2,15.5,,,
2026-09-16T08:20:00Z,2026-09-16T12:47:30Z,330,4.0,6.0,2.1,10,7.2,316,1013.7,19.2,21.2,15.4,,,
2026-09-16T08:30:00Z,2026-09-16T12:47:30Z,330,4.0,5.0,,,,,1013.6,19.2,21.2,15.6,,,
2026-09-16T08:40:00Z,2026-09-16T12:47:30Z,320,4.0,5.0,,,,,1013.6,19.2,21.2,16.0,,,
2026-09-16T08:50:00Z,2026-09-16T12:47:30Z,310,4.0,5.0,2.1,9,7.2,324,1013.7,19.0,21.2,15.9,,,
2026-09-16T09:00:00Z,2026-09-16T12:47:30Z,310,4.0,6.0,,,,,1013.6,19.0,21.2,15.3,,+0.3,
2026-09-16T09:10:00Z,2026-09-16T12:47:30Z,310,4.0,6.0,,,,,1013.5,19.2,21.2,15.1,,,
2026-09-16T09:20:00Z,2026-09-16T12:47:30Z,310,5.0,8.0,2.2,9,7.2,314,1013.5,19.4,21.2,15.6,,,
2026-09-16T09:30:00Z,2026-09-16T12:47:30Z,310,6.0,7.0,,,,,1013.6,19.1,21.2,16.2,,,
2026-09-16T09:40:00Z,2026-09-16T12:47:30Z,300,5.0,7.0,1.9,,6.7,307,1013.5,18.9,21.2,16.1,,,
2026-09-16T09:50:00Z,2026-09-16T12:47:30Z,300,5.0,7.0,1.9,9,6.7,307,1013.4,18.9,21.2,16.1,,,
2026-09-16T10:00:00Z,2026-09-16T12:47:30Z,310,6.0,7.0,,,,,1013.5,18.9,21.2,16.2,,+0.0,
2026-09-16T10:10:00Z,2026-09-16T12:47:30Z,310,5.0,7.0,2.0,,7.1,309,1013.4,18.9,21.2,16.0,,,
2026-09-16T10:20:00Z,2026-09-16T12:47:30Z,310,6.0,7.0,2.0,10,7.1,309,1013.4,19.0,21.2,15.5,,,
2026-09-16T10:30:00Z,2026-09-16T12:47:30Z,310,5.0,7.0,,,,,1013.5,19.1,21.2,15.3,,,
2026-09-16T10:40:00Z,2026-09-16T12:47:30Z,310,5.0,7.0,1.9,,6.9,318,1013.4,19.0,21.2,15.6,,,
2026-09-16T10:50:00Z,2026-09-16T12:47:30Z,320,5.0,7.0,1.9,10,6.9,318,1013.3,18.9,21.2,15.8,,,
2026-09-16T11:00:00Z,2026-09-16T12:47:30Z,330,4.0,6.0,,,,,1013.3,18.9,21.2,15.9,,-0.3,
2026-09-16T11:10:00Z,2026-09-16T12:47:30Z,310,4.0,7.0,1.7,,6.7,315,1013.2,18.8,21.2,15.7,,,
2026-09-16T11:20:00Z,2026-09-16T12:47:30Z,300,5.0,8.0,1.7,9,6.7,315,1013.3,18.8,21.2,14.7,,,
2026-09-16T11:30:00Z,2026-09-16T12:47:30Z,320,4.0,6.0,,,,,1013.3,19.1,21.2,15.2,,,
2026-09-16T11:40:00Z,2026-09-16T12:47:30Z,320,4.0,5.0,1.8,,6.8,316,1013.4,19.0,21.2,15.3,,,
2026-09-16T11:50:00Z,2026-09-16T12:47:30Z,330,3.0,5.0,1.8,10,6.8,316,1013.5,19.0,21.2,15.6,,,
2026-09-16T12:00:00Z,2026-09-16T12:47:30Z,310,4.0,8.0,,,,,1013.5,18.8,21.2,15.2,,+0.0,
2026-09-16T12:10:00Z,2026-09-16T12:47:30Z,310,4.0,8.0,1.8,,7.0,317,1013.6,18.9,21.2,14.3,,,
2026-09-16T12:20:00Z,2026-09-16T12:47:30Z,300,3.0,6.0,1.8,10,7.0,317,1013.5,19.1,21.2,14.5,,,
2026-09-16T12:30:00Z,2026-09-16T12:47:30Z,320,4.0,6.0,,,,,1013.7,19.1,21.2,14.5,,,
