timestamp_utc,first_seen_utc,wdir,wspd,gst,wvht,dpd,apd,mwd,pres,atmp,wtmp,dewp,vis,ptdy,tide
2026-07-29T00:26:00Z,2026-09-12T23:23:23Z,,,,1.1,14,7.3,173,,,23.0,,,,
2026-07-29T00:56:00Z,2026-09-12T23:23:23Z,,,,1.0,18,6.5,214,,,23.0,,,,
2026-07-29T01:26:00Z,2026-09-12T23:23:23Z,,,,1.0,18,6.2,181,,,22.9,,,,
2026-07-29T01:56:00Z,2026-09-12T23:23:23Z,,,,1.1,17,6.2,173,,,22.8,,,,
2026-07-29T02:26:00Z,2026-09-12T23:23:23Z,,,,1.1,18,6.1,170,,,22.9,,,,
2026-07-29T02:56:00Z,2026-09-12T23:23:23Z,,,,1.1,18,6.0,178,,,22.8,,,,
2026-07-29T03:26:00Z,2026-09-12T23:23:23Z,,,,1.1,18,6.0,221,,,22.8,,,,
2026-07-29T03:56:00Z,2026-09-12T23:23:23Z,,,,1.1,18,6.3,171,,,22.8,,,,
2026-07-29T04:26:00Z,2026-09-12T23:23:23Z,,,,1.1,15,6.7,171,,,22.7,,,,
2026-07-29T04:56:00Z,2026-09-12T23:23:23Z,,,,1.1,18,7.1,170,,,22.7,,,,
2026-07-29T05:26:00Z,2026-09-12T23:23:23Z,,,,1.0,18,7.4,180,,,22.6,,,,
2026-07-29T05:56:00Z,2026-09-12T23:23:23Z,,,,1.0,18,7.3,160,,,22.6,,,,
2026-07-29T06:26:00Z,2026-09-12T23:23:23Z,,,,1.0,18,7.8,167,,,22.6,,,,
2026-07-29T06:56:00Z,2026-09-12T23:23:23Z,,,,0.9,18,7.8,178,,,22.6,,,,
2026-07-29T07:26:00Z,2026-09-12T23:23:23Z,,,,1.0,14,8.3,169,,,22.5,,,,
2026-07-29T07:56:00Z,2026-09-12T23:23:23Z,,,,1.0,17,8.3,181,,,22.5,,,,
2026-07-29T08:26:00Z,2026-09-12T23:23:23Z,,,,1.0,17,8.4,188,,,22.5,,,,
2026-07-29T08:56:00Z,2026-09-12T23:23:23Z,,,,1.1,18,8.1,187,,,22.5,,,,
2026-07-29T09:26:00Z,2026-09-12T23:23:23Z,,,,1.2,15,8.2,170,,,22.5,,,,
2026-07-29T09:56:00Z,2026-09-12T23:23:23Z,,,,1.2,13,7.9,169,,,22.5,,,,
2026-07-29T10:26:00Z,2026-09-12T23:23:23Z,,,,1.2,18,8.0,171,,,22.5,,,,
2026-07-29T10:56:00Z,2026-09-12T23:23:23Z,,,,1.3,14,8.0,166,,,22.5,,,,
2026-07-29T11:26:00Z,2026-09-12T23:23:23Z,,,,1.3,15,8.2,177,,,22.6,,,,
2026-07-29T11:56:00Z,2026-09-12T23:23:23Z,,,,1.3,14,7.9,167,,,22.6,,,,
2026-07-29T12:26:00Z,2026-09-12T23:23:23Z,,,,1.3,14,8.8,174,,,22.6,,,,
2026-07-29T12:56:00Z,2026-09-12T23:23:23Z,,,,1.3,17,8.5,176,,,22.6,,,,
2026-07-29T13:26:00Z,2026-09-12T23:23:23Z,,,,1.3,17,8.9,180,,,22.7,,,,
2026-07-29T13:56:00Z,2026-09-12T23:23:23Z,,,,1.4,17,9.3,176,,,22.6,,,,
2026-07-29T14:26:00Z,2026-09-12T23:23:23Z,,,,1.3,15,8.6,171,,,22.6,,,,
2026-07-29T14:56:00Z,2026-09-12T23:23:23Z,,,,1.3,17,9.6,167,,,22.6,,,,
2026-07-29T15:26:00Z,2026-09-12T23:23:23Z,,,,1.3,15,9.0,169,,,22.6,,,,
2026-07-29T15:56:00Z,2026-09-12T23:23:23Z,,,,1.4,15,9.5,171,,,22.6,,,,
2026-07-29T16:26:00Z,2026-09-12T23:23:23Z,,,,1.3,15,9.0,183,,,22.6,,,,
2026-07-29T16:56:00Z,2026-09-12T23:23:23Z,,,,1.4,14,10.1,176,,,22.6,,,,
2026-07-29T17:26:00Z,2026-09-12T23:23:23Z,,,,1.4,15,9.5,176,,,22.7,,,,
2026-07-29T17:56:00Z,2026-09-12T23:23:23Z,,,,1.5,14,10.2,177,,,22.8,,,,
2026-07-29T18:26:00Z,2026-09-12T23:23:23Z,,,,1.5,14,10.4,173,,,22.9,,,,
2026-07-29T18:56:00Z,2026-09-12T23:23:23Z,,,,1.3,14,9.7,171,,,23.1,,,,
2026-07-29T19:26:00Z,2026-09-12T23:23:23Z,,,,1.6,14,11.1,170,,,23.3,,,,
2026-07-29T19:56:00Z,2026-09-12T23:23:23Z,,,,1.4,13,10.9,170,,,23.5,,,,
2026-07-29T20:26:00Z,2026-09-12T23:23:23Z,,,,1.4,14,10.6,163,,,23.6,,,,
2026-07-29T20:56:00Z,2026-09-12T23:23:23Z,,,,1.2,14,10.1,154,,,23.7,,,,
2026-07-29T21:26:00Z,2026-09-12T23:23:23Z,,,,1.2,14,10.1,170,,,23.8,,,,
2026-07-29T21:56:00Z,2026-09-12T23:23:23Z,,,,1.3,17,11.1,177,,,23.8,,,,
2026-07-29T22:26:00Z,2026-09-12T23:23:23Z,,,,1.2,14,10.0,170,,,23.5,,,,
2026-07-29T22:56:00Z,2026-09-12T23:23:23Z,,,,1.3,13,9.8,160,,,23.5,,,,
2026-07-29T23:26:00Z,2026-09-12T23:23:23Z,,,,1.3,13,8.7,169,,,23.3,,,,
2026-07-29T23:56:00Z,2026-09-12T23:23:23Z,,,,1.3,13,8.2,161,,,23.2,,,,
2026-07-30T00:26:00Z,2026-09-12T23:23:23Z,,,,1.4,13,7.9,157,,,23.2,,,,
2026-07-30T00:56:00Z,2026-09-12T23:23:23Z,,,,1.3,17,7.5,176,,,23.1,,,,
2026-07-30T01:26:00Z,2026-09-12T23:23:23Z,,,,1.3,13,7.3,167,,,23.1,,,,
2026-07-30T01:56:00Z,2026-09-12T23:23:23Z,,,,1.3,17,7.0,171,,,23.0,,,,
2026-07-30T02:26:00Z,2026-09-12T23:23:23Z,,,,1.4,13,8.2,171,,,23.0,,,,
2026-07-30T02:56:00Z,2026-09-12T23:23:23Z,,,,1.4,13,8.1,169,,,22.9,,,,
2026-07-30T03:26:00Z,2026-09-12T23:23:23Z,,,,1.4,13,8.5,169,,,22.9,,,,
2026-07-30T03:56:00Z,2026-09-12T23:23:23Z,,,,1.4,12,8.4,171,,,22.9,,,,
2026-07-30T04:26:00Z,2026-09-12T23:23:23Z,,,,1.3,13,8.4,167,,,22.9,,,,
2026-07-30T04:56:00Z,2026-09-12T23:23:23Z,,,,1.4,13,9.3,178,,,22.8,,,,
2026-07-30T05:26:00Z,2026-09-12T23:23:23Z,,,,1.4,13,9.4,167,,,22.8,,,,
2026-07-30T05:56:00Z,2026-09-12T23:23:23Z,,,,1.2,12,8.8,169,,,22.9,,,,
2026-07-30T06:26:00Z,2026-09-12T23:23:23Z,,,,1.2,13,8.8,174,,,22.9,,,,
2026-07-30T06:56:00Z,2026-09-12T23:23:23Z,,,,1.3,17,9.3,174,,,22.8,,,,
2026-07-30T07:26:00Z,2026-09-12T23:23:23Z,,,,1.1,13,8.7,163,,,22.8,,,,
2026-07-30T07:56:00Z,2026-09-12T23:23:23Z,,,,1.3,13,9.5,178,,,22.8,,,,
2026-07-30T08:26:00Z,2026-09-12T23:23:23Z,,,,1.2,13,9.0,170,,,22.7,,,,
2026-07-30T08:56:00Z,2026-09-12T23:23:23Z,,,,1.1,17,8.6,190,,,22.8,,,,
2026-07-30T09:26:00Z,2026-09-12T23:23:23Z,,,,1.2,12,9.2,177,,,22.8,,,,
2026-07-30T09:56:00Z,2026-09-12T23:23:23Z,,,,1.3,12,9.5,180,,,22.8,,,,
2026-07-30T10:26:00Z,2026-09-12T23:23:23Z,,,,1.2,13,8.5,177,,,22.8,,,,
2026-07-30T10:56:00Z,2026-09-12T23:23:23Z,,,,1.2,17,8.6,191,,,22.8,,,,
2026-07-30T11:26:00Z,2026-09-12T23:23:23Z,,,,1.1,12,8.2,176,,,22.8,,,,
2026-07-30T11:56:00Z,2026-09-12T23:23:23Z,,,,1.2,13,8.9,177,,,22.7,,,,
2026-07-30T12:26:00Z,2026-09-12T23:23:23Z,,,,1.3,12,9.6,174,,,22.8,,,,
2026-07-30T12:56:00Z,2026-09-12T23:23:23Z,,,,1.3,15,9.8,183,,,22.7,,,,
2026-07-30T13:26:00Z,2026-09-12T23:23:23Z,,,,1.1,15,9.2,183,,,22.7,,,,
2026-07-30T13:56:00Z,2026-09-12T23:23:23Z,,,,1.1,12,8.4,166,,,22.8,,,,
2026-07-30T14:26:00Z,2026-09-12T23:23:23Z,,,,1.2,15,9.6,184,,,22.8,,,,
2026-07-30T14:56:00Z,2026-09-12T23:23:23Z,,,,1.2,15,9.8,181,,,22.8,,,,
2026-07-30T15:26:00Z,2026-09-12T23:23:23Z,,,,1.1,14,9.2,177,,,22.8,,,,
2026-07-30T15:56:00Z,2026-09-12T23:23:23Z,,,,1.2,15,9.7,183,,,22.9,,,,
2026-07-30T16:26:00Z,2026-09-12T23:23:23Z,,,,1.0,15,9.1,176,,,22.9,,,,
2026-07-30T16:56:00Z,2026-09-12T23:23:23Z,,,,1.0,14,9.5,181,,,23.0,,,,
2026-07-30T17:26:00Z,2026-09-12T23:23:23Z,,,,1.1,15,9.8,170,,,23.2,,,,
2026-07-30T17:56:00Z,2026-09-12T23:23:23Z,,,,1.1,12,9.5,174,,,23.5,,,,
2026-07-30T18:26:00Z,2026-09-12T23:23:23Z,,,,1.1,15,9.9,183,,,24.0,,,,
2026-07-30T18:56:00Z,2026-09-12T23:23:23Z,,,,1.2,12,10.0,174,,,24.1,,,,
2026-07-30T19:26:00Z,2026-09-12T23:23:23Z,,,,1.3,14,10.3,171,,,24.0,,,,
2026-07-30T19:56:00Z,2026-09-12T23:23:23Z,,,,1.3,13,10.2,173,,,23.5,,,,
2026-07-30T20:26:00Z,2026-09-12T23:23:23Z,,,,1.1,13,9.8,171,,,23.7,,,,
2026-07-30T20:56:00Z,2026-09-12T23:23:23Z,,,,1.2,12,9.2,174,,,23.6,,,,
2026-07-30T21:26:00Z,2026-09-12T23:23:23Z,,,,1.2,12,8.6,174,,,23.5,,,,
2026-07-30T21:56:00Z,2026-09-12T23:23:23Z,,,,1.2,13,8.1,169,,,23.3,,,,
2026-07-30T22:26:00Z,2026-09-12T23:23:23Z,,,,1.1,13,6.8,176,,,23.3,,,,
2026-07-30T22:56:00Z,2026-09-12T23:23:23Z,,,,1.2,13,7.0,177,,,23.3,,,,
2026-07-30T23:26:00Z,2026-09-12T23:23:23Z,,,,1.3,14,7.2,169,,,23.3,,,,
2026-07-30T23:56:00Z,2026-09-12T23:23:23Z,,,,1.4,13,7.3,173,,,23.2,,,,
2026-07-31T00:26:00Z,2026-09-12T23:23:23Z,,,,1.3,13,6.9,174,,,23.2,,,,
2026-07-31T00:56:00Z,2026-09-12T23:23:23Z,,,,1.4,12,7.0,170,,,23.2,,,,
2026-07-31T01:26:00Z,2026-09-12T23:23:23Z,,,,1.4,12,7.2,176,,,23.1,,,,
2026-07-31T01:56:00Z,2026-09-12T23:23:23Z,,,,1.3,13,7.2,170,,,23.1,,,,
2026-07-31T02:26:00Z,2026-09-12T23:23:23Z,,,,1.3,13,7.2,176,,,23.1,,,,
2026-07-31T02:56:00Z,2026-09-12T23:23:23Z,,,,1.3,13,7.1,170,,,23.1,,,,
2026-07-31T03:26:00Z,2026-09-12T23:23:23Z,,,,1.2,15,7.1,173,,,23.0,,,,
2026-07-31T03:56:00Z,2026-09-12T23:23:23Z,,,,1.3,11,7.5,170,,,23.0,,,,
2026-07-31T04:26:00Z,2026-09-12T23:23:23Z,,,,1.0,11,6.5,178,,,22.9,,,,
2026-07-31T04:56:00Z,2026-09-12T23:23:23Z,,,,1.1,15,7.9,180,,,22.9,,,,
2026-07-31T05:26:00Z,2026-09-12T23:23:23Z,,,,1.3,11,8.5,178,,,22.9,,,,
2026-07-31T05:56:00Z,2026-09-12T23:23:23Z,,,,1.2,12,8.4,180,,,22.8,,,,
2026-07-31T06:26:00Z,2026-09-12T23:23:23Z,,,,1.1,14,8.1,177,,,22.8,,,,
2026-07-31T06:56:00Z,2026-09-12T23:23:23Z,,,,1.1,14,8.4,176,,,22.8,,,,
2026-07-31T07:26:00Z,2026-09-12T23:23:23Z,,,,1.1,14,8.9,180,,,22.8,,,,
2026-07-31T07:56:00Z,2026-09-12T23:23:23Z,,,,1.0,12,8.5,180,,,22.8,,,,
2026-07-31T08:26:00Z,2026-09-12T23:23:23Z,,,,1.0,13,8.8,192,,,22.8,,,,
2026-07-31T08:56:00Z,2026-09-12T23:23:23Z,,,,1.1,12,8.9,180,,,22.8,,,,
2026-07-31T09:26:00Z,2026-09-12T23:23:23Z,,,,1.1,14,9.3,185,,,22.7,,,,
2026-07-31T09:56:00Z,2026-09-12T23:23:23Z,,,,1.0,14,8.8,184,,,22.7,,,,
2026-07-31T10:26:00Z,2026-09-12T23:23:23Z,,,,1.0,11,8.9,180,,,22.8,,,,
2026-07-31T10:56:00Z,2026-09-12T23:23:23Z,,,,1.1,12,8.9,184,,,22.7,,,,
2026-07-31T11:26:00Z,2026-09-12T23:23:23Z,,,,1.0,12,8.7,185,,,22.7,,,,
2026-07-31T11:56:00Z,2026-09-12T23:23:23Z,,,,1.1,11,8.9,178,,,22.8,,,,
2026-07-31T12:26:00Z,2026-09-12T23:23:23Z,,,,1.1,13,9.0,180,,,22.8,,,,
2026-07-31T12:56:00Z,2026-09-12T23:23:23Z,,,,1.1,12,8.8,176,,,22.8,,,,
2026-07-31T13:26:00Z,2026-09-12T23:23:23Z,,,,1.1,13,8.7,176,,,22.8,,,,
2026-07-31T13:56:00Z,2026-09-12T23:23:23Z,,,,1.1,11,8.9,180,,,22.8,,,,
2026-07-31T14:26:00Z,2026-09-12T23:23:23Z,,,,1.1,13,8.8,176,,,22.8,,,,
2026-07-31T14:56:00Z,2026-09-12T23:23:23Z,,,,1.1,12,9.0,177,,,22.8,,,,
2026-07-31T15:26:00Z,2026-09-12T23:23:23Z,,,,1.1,12,9.1,173,,,22.9,,,,
2026-07-31T15:56:00Z,2026-09-12T23:23:23Z,,,,1.0,13,8.7,178,,,23.0,,,,
2026-07-31T16:26:00Z,2026-09-12T23:23:23Z,,,,1.0,12,8.7,180,,,23.1,,,,
2026-07-31T16:56:00Z,2026-09-12T23:23:23Z,,,,1.1,12,8.8,177,,,23.2,,,,
2026-07-31T17:26:00Z,2026-09-12T23:23:23Z,,,,1.1,13,8.9,178,,,23.5,,,,
2026-07-31T17:56:00Z,2026-09-12T23:23:23Z,,,,1.2,11,9.1,177,,,23.9,,,,
2026-07-31T18:26:00Z,2026-09-12T23:23:23Z,,,,1.1,11,8.4,174,,,23.9,,,,
2026-07-31T18:56:00Z,2026-09-12T23:23:23Z,,,,1.1,11,8.8,174,,,23.8,,,,
2026-07-31T19:26:00Z,2026-09-12T23:23:23Z,,,,1.1,11,8.6,173,,,23.8,,,,
2026-07-31T19:56:00Z,2026-09-12T23:23:23Z,,,,1.0,11,8.6,181,,,23.7,,,,
2026-07-31T20:26:00Z,2026-09-12T23:23:23Z,,,,1.1,11,8.9,181,,,23.7,,,,
2026-07-31T20:56:00Z,2026-09-12T23:23:23Z,,,,1.1,11,8.0,177,,,23.6,,,,
2026-07-31T21:26:00Z,2026-09-12T23:23:23Z,,,,1.1,11,7.3,174,,,23.7,,,,
2026-07-31T21:56:00Z,2026-09-12T23:23:23Z,,,,1.1,11,7.2,180,,,23.6,,,,
2026-07-31T22:26:00Z,2026-09-12T23:23:23Z,,,,1.1,11,6.4,177,,,23.5,,,,
2026-07-31T22:56:00Z,2026-09-12T23:23:23Z,,,,1.1,11,5.4,169,,,23.5,,,,
2026-07-31T23:56:00Z,2026-09-12T23:23:23Z,,,,1.2,11,5.3,173,,,23.5,,,,
2026-08-01T00:26:00Z,2026-09-12T23:23:23Z,,,,1.1,11,5.1,166,,,23.4,,,,
2026-08-01T00:56:00Z,2026-09-12T23:23:23Z,,,,1.1,11,5.1,178,,,23.4,,,,
2026-08-01T01:26:00Z,2026-09-12T23:23:23Z,,,,1.1,11,5.0,180,,,23.3,,,,
2026-08-01T01:56:00Z,2026-09-12T23:23:23Z,,,,1.1,11,5.3,173,,,23.1,,,,
2026-08-01T02:26:00Z,2026-09-12T23:23:23Z,,,,1.1,11,5.4,177,,,23.1,,,,
2026-08-01T02:56:00Z,2026-09-12T23:23:23Z,,,,1.1,10,6.0,178,,,23.0,,,,
2026-08-01T03:26:00Z,2026-09-12T23:23:23Z,,,,1.1,14,6.0,174,,,22.9,,,,
2026-08-01T03:56:00Z,2026-09-12T23:23:23Z,,,,1.0,11,6.2,174,,,23.0,,,,
2026-08-01T04:26:00Z,2026-09-12T23:23:23Z,,,,1.0,14,6.4,174,,,22.9,,,,
2026-08-01T04:56:00Z,2026-09-12T23:23:23Z,,,,1.0,11,6.6,173,,,22.8,,,,
2026-08-01T05:26:00Z,2026-09-12T23:23:23Z,,,,0.9,10,6.2,180,,,22.7,,,,
2026-08-01T05:56:00Z,2026-09-12T23:23:23Z,,,,1.0,11,6.8,176,,,22.6,,,,
2026-08-01T06:26:00Z,2026-09-12T23:23:23Z,,,,1.0,11,7.2,173,,,22.6,,,,
2026-08-01T06:56:00Z,2026-09-12T23:23:23Z,,,,0.9,10,6.8,187,,,22.7,,,,
2026-08-01T07:26:00Z,2026-09-12T23:23:23Z,,,,0.9,11,7.2,180,,,22.6,,,,
2026-08-01T07:56:00Z,2026-09-12T23:23:23Z,,,,1.0,11,8.1,178,,,22.6,,,,
2026-08-01T08:26:00Z,2026-09-12T23:23:23Z,,,,0.9,14,7.6,184,,,22.6,,,,
2026-08-01T08:56:00Z,2026-09-12T23:23:23Z,,,,0.9,10,6.8,178,,,22.6,,,,
2026-08-01T09:26:00Z,2026-09-12T23:23:23Z,,,,0.9,10,7.4,187,,,22.6,,,,
2026-08-01T09:56:00Z,2026-09-12T23:23:23Z,,,,1.0,13,7.6,181,,,22.6,,,,
2026-08-01T10:26:00Z,2026-09-12T23:23:23Z,,,,1.0,10,7.2,178,,,22.6,,,,
2026-08-01T10:56:00Z,2026-09-12T23:23:23Z,,,,1.0,13,7.1,174,,,22.5,,,,
2026-08-01T11:26:00Z,2026-09-12T23:23:23Z,,,,1.0,13,7.5,178,,,22.5,,,,
2026-08-01T11:56:00Z,2026-09-12T23:23:23Z,,,,1.0,10,7.2,188,,,22.5,,,,
2026-08-01T12:26:00Z,2026-09-12T23:23:23Z,,,,1.1,10,7.0,177,,,22.5,,,,
2026-08-01T12:56:00Z,2026-09-12T23:23:23Z,,,,1.1,10,7.2,180,,,22.5,,,,
2026-08-01T13:26:00Z,2026-09-12T23:23:23Z,,,,1.1,13,7.1,174,,,22.6,,,,
2026-08-01T13:56:00Z,2026-09-12T23:23:23Z,,,,1.2,7,7.0,270,,,22.6,,,,
2026-08-01T14:26:00Z,2026-09-12T23:23:23Z,,,,1.2,8,7.1,250,,,22.6,,,,
2026-08-01T14:56:00Z,2026-09-12T23:23:23Z,,,,1.3,8,7.2,253,,,22.6,,,,
2026-08-01T15:26:00Z,2026-09-12T23:23:23Z,,,,1.2,8,7.0,268,,,22.6,,,,
2026-08-01T15:56:00Z,2026-09-12T23:23:23Z,,,,1.3,7,7.2,273,,,22.6,,,,
2026-08-01T16:26:00Z,2026-09-12T23:23:23Z,,,,1.2,8,6.9,268,,,22.7,,,,
2026-08-01T16:56:00Z,2026-09-12T23:23:23Z,,,,1.3,8,7.0,263,,,22.8,,,,
2026-08-01T17:26:00Z,2026-09-12T23:23:23Z,,,,1.2,8,6.8,266,,,23.1,,,,
2026-08-01T17:56:00Z,2026-09-12T23:23:23Z,,,,1.2,9,6.9,236,,,23.2,,,,
2026-08-01T18:26:00Z,2026-09-12T23:23:23Z,,,,1.2,8,6.8,264,,,23.4,,,,
2026-08-01T18:56:00Z,2026-09-12T23:23:23Z,,,,1.1,7,7.0,273,,,23.5,,,,
2026-08-01T19:26:00Z,2026-09-12T23:23:23Z,,,,1.1,9,7.0,242,,,23.6,,,,
2026-08-01T19:56:00Z,2026-09-12T23:23:23Z,,,,1.1,9,6.7,209,,,23.7,,,,
2026-08-01T20:26:00Z,2026-09-12T23:23:23Z,,,,1.0,9,6.8,229,,,24.0,,,,
2026-08-01T20:56:00Z,2026-09-12T23:23:23Z,,,,1.0,9,6.5,236,,,24.4,,,,
2026-08-01T21:26:00Z,2026-09-12T23:23:23Z,,,,1.1,9,6.6,216,,,24.9,,,,
2026-08-01T21:56:00Z,2026-09-12T23:23:23Z,,,,1.0,9,6.5,232,,,24.4,,,,
2026-08-01T22:26:00Z,2026-09-12T23:23:23Z,,,,1.0,9,6.7,223,,,24.8,,,,
2026-08-01T22:56:00Z,2026-09-12T23:23:23Z,,,,0.9,8,6.5,240,,,23.9,,,,
2026-08-01T23:26:00Z,2026-09-12T23:23:23Z,,,,0.9,11,5.6,184,,,23.7,,,,
2026-08-01T23:56:00Z,2026-09-12T23:23:23Z,,,,1.0,13,5.5,170,,,23.9,,,,
2026-08-02T00:26:00Z,2026-09-12T23:23:23Z,,,,0.9,9,5.2,211,,,23.9,,,,
2026-08-02T00:56:00Z,2026-09-12T23:23:23Z,,,,0.9,10,5.0,197,,,23.6,,,,
2026-08-02T01:26:00Z,2026-09-12T23:23:23Z,,,,0.9,13,4.7,174,,,23.5,,,,
2026-08-02T01:56:00Z,2026-09-12T23:23:23Z,,,,0.9,10,4.7,183,,,23.4,,,,
2026-08-02T02:26:00Z,2026-09-12T23:23:23Z,,,,0.9,9,4.8,201,,,23.3,,,,
2026-08-02T02:56:00Z,2026-09-12T23:23:23Z,,,,1.0,10,4.8,198,,,23.1,,,,
2026-08-02T03:26:00Z,2026-09-12T23:23:23Z,,,,1.0,13,4.8,170,,,23.0,,,,
2026-08-02T03:56:00Z,2026-09-12T23:23:23Z,,,,1.0,8,5.1,247,,,22.9,,,,
2026-08-02T04:26:00Z,2026-09-12T23:23:23Z,,,,0.9,9,5.0,230,,,22.8,,,,
2026-08-02T04:56:00Z,2026-09-12T23:23:23Z,,,,0.9,8,5.3,253,,,22.9,,,,
2026-08-02T05:26:00Z,2026-09-12T23:23:23Z,,,,0.9,8,5.4,244,,,22.8,,,,
2026-08-02T05:56:00Z,2026-09-12T23:23:23Z,,,,0.9,13,5.7,191,,,22.8,,,,
2026-08-02T06:26:00Z,2026-09-12T23:23:23Z,,,,1.0,7,6.1,277,,,22.8,,,,
2026-08-02T06:56:00Z,2026-09-12T23:23:23Z,,,,0.9,8,6.1,246,,,22.7,,,,
2026-08-02T07:26:00Z,2026-09-12T23:23:23Z,,,,0.9,7,6.4,280,,,22.7,,,,
2026-08-02T07:56:00Z,2026-09-12T23:23:23Z,,,,1.0,8,6.8,280,,,22.7,,,,
2026-08-02T08:26:00Z,2026-09-12T23:23:23Z,,,,1.0,7,6.7,275,,,22.6,,,,
2026-08-02T08:56:00Z,2026-09-12T23:23:23Z,,,,0.9,7,6.6,273,,,22.5,,,,
2026-08-02T09:26:00Z,2026-09-12T23:23:23Z,,,,1.0,7,6.6,267,,,22.4,,,,
2026-08-02T09:56:00Z,2026-09-12T23:23:23Z,,,,1.0,7,6.5,275,,,22.6,,,,
2026-08-02T10:26:00Z,2026-09-12T23:23:23Z,,,,1.1,7,6.4,277,,,22.6,,,,
2026-08-02T10:56:00Z,2026-09-12T23:23:23Z,,,,1.1,7,6.5,266,,,22.5,,,,
2026-08-02T11:26:00Z,2026-09-12T23:23:23Z,,,,1.0,6,6.3,287,,,22.5,,,,
2026-08-02T11:56:00Z,2026-09-12T23:23:23Z,,,,1.0,7,6.3,277,,,22.5,,,,
2026-08-02T12:26:00Z,2026-09-12T23:23:23Z,,,,1.0,7,6.5,268,,,22.6,,,,
2026-08-02T12:56:00Z,2026-09-12T23:23:23Z,,,,0.9,8,6.4,246,,,22.6,,,,
2026-08-02T13:26:00Z,2026-09-12T23:23:23Z,,,,0.9,7,6.4,271,,,22.5,,,,
2026-08-02T13:56:00Z,2026-09-12T23:23:23Z,,,,1.0,8,6.3,260,,,22.6,,,,
2026-08-02T14:26:00Z,2026-09-12T23:23:23Z,,,,0.9,8,6.5,270,,,22.6,,,,
2026-08-02T14:56:00Z,2026-09-12T23:23:23Z,,,,0.9,8,6.2,261,,,22.6,,,,
2026-08-02T15:26:00Z,2026-09-12T23:23:23Z,,,,0.9,8,6.3,260,,,22.6,,,,
2026-08-02T15:56:00Z,2026-09-12T23:23:23Z,,,,0.9,8,6.3,264,,,22.6,,,,
2026-08-02T16:26:00Z,2026-09-12T23:23:23Z,,,,0.9,7,6.3,274,,,22.6,,,,
2026-08-02T16:56:00Z,2026-09-12T23:23:23Z,,,,0.9,7,6.3,273,,,22.6,,,,
2026-08-02T17:26:00Z,2026-09-12T23:23:23Z,,,,0.8,8,6.4,268,,,22.9,,,,
2026-08-02T17:56:00Z,2026-09-12T23:23:23Z,,,,0.8,7,5.9,273,,,23.2,,,,
2026-08-02T18:26:00Z,2026-09-12T23:23:23Z,,,,0.8,7,6.1,273,,,23.3,,,,
2026-08-02T18:56:00Z,2026-09-12T23:23:23Z,,,,0.7,13,6.1,176,,,23.2,,,,
2026-08-02T19:26:00Z,2026-09-12T23:23:23Z,,,,0.8,7,6.1,275,,,23.5,,,,
2026-08-02T19:56:00Z,2026-09-12T23:23:23Z,,,,0.8,7,6.0,281,,,23.6,,,,
2026-08-02T20:26:00Z,2026-09-12T23:23:23Z,,,,0.8,7,6.2,273,,,23.6,,,,
2026-08-02T20:56:00Z,2026-09-12T23:23:23Z,,,,0.8,6,5.8,288,,,23.5,,,,
2026-08-02T21:26:00Z,2026-09-12T23:23:23Z,,,,0.7,13,5.6,177,,,23.3,,,,
2026-08-02T21:56:00Z,2026-09-12T23:23:23Z,,,,0.8,13,4.7,181,,,23.2,,,,
2026-08-02T22:26:00Z,2026-09-12T23:23:23Z,,,,0.9,7,4.3,282,,,23.2,,,,
2026-08-02T22:56:00Z,2026-09-12T23:23:23Z,,,,0.9,8,4.1,256,,,23.2,,,,
2026-08-02T23:26:00Z,2026-09-12T23:23:23Z,,,,0.9,8,4.1,261,,,23.2,,,,
2026-08-02T23:56:00Z,2026-09-12T23:23:23Z,,,,0.9,8,4.2,268,,,23.1,,,,
2026-08-03T00:26:00Z,2026-09-12T23:23:23Z,,,,0.9,7,4.2,285,,,23.1,,,,
2026-08-03T00:56:00Z,2026-09-12T23:23:23Z,,,,0.9,12,4.0,164,,,23.1,,,,
2026-08-03T01:26:00Z,2026-09-12T23:23:23Z,,,,0.8,11,4.1,176,,,23.2,,,,
2026-08-03T01:56:00Z,2026-09-12T23:23:23Z,,,,0.8,8,4.4,236,,,23.2,,,,
2026-08-03T02:26:00Z,2026-09-12T23:23:23Z,,,,0.8,13,4.7,184,,,23.1,,,,
2026-08-03T02:56:00Z,2026-09-12T23:23:23Z,,,,0.9,9,5.1,254,,,23.1,,,,
2026-08-03T03:26:00Z,2026-09-12T23:23:23Z,,,,0.8,8,5.1,256,,,23.0,,,,
2026-08-03T03:56:00Z,2026-09-12T23:23:23Z,,,,0.8,8,5.3,253,,,23.0,,,,
2026-08-03T04:26:00Z,2026-09-12T23:23:23Z,,,,0.9,7,5.7,278,,,22.9,,,,
2026-08-03T04:56:00Z,2026-09-12T23:23:23Z,,,,0.9,8,5.8,267,,,22.9,,,,
2026-08-03T05:26:00Z,2026-09-12T23:23:23Z,,,,0.9,7,6.0,275,,,22.8,,,,
2026-08-03T05:56:00Z,2026-09-12T23:23:23Z,,,,1.0,8,6.4,275,,,22.8,,,,
2026-08-03T06:26:00Z,2026-09-12T23:23:23Z,,,,1.0,8,6.5,271,,,22.8,,,,
2026-08-03T06:56:00Z,2026-09-12T23:23:23Z,,,,0.9,7,6.8,280,,,22.8,,,,
2026-08-03T07:26:00Z,2026-09-12T23:23:23Z,,,,0.9,7,6.7,284,,,22.9,,,,
2026-08-03T07:56:00Z,2026-09-12T23:23:23Z,,,,0.8,7,6.5,277,,,22.9,,,,
2026-08-03T08:26:00Z,2026-09-12T23:23:23Z,,,,0.9,8,6.8,274,,,22.9,,,,
2026-08-03T08:56:00Z,2026-09-12T23:23:23Z,,,,0.9,6,6.7,281,,,22.9,,,,
2026-08-03T09:26:00Z,2026-09-12T23:23:23Z,,,,0.9,7,6.9,275,,,23.0,,,,
2026-08-03T09:56:00Z,2026-09-12T23:23:23Z,,,,0.9,7,6.5,271,,,23.0,,,,
2026-08-03T10:26:00Z,2026-09-12T23:23:23Z,,,,0.9,7,6.4,275,,,23.0,,,,
2026-08-03T10:56:00Z,2026-09-12T23:23:23Z,,,,0.9,6,6.3,281,,,22.9,,,,
2026-08-03T11:26:00Z,2026-09-12T23:23:23Z,,,,0.9,7,6.3,278,,,22.9,,,,
2026-08-03T11:56:00Z,2026-09-12T23:23:23Z,,,,0.9,6,6.1,282,,,22.8,,,,
2026-08-03T12:26:00Z,2026-09-12T23:23:23Z,,,,0.8,6,6.2,282,,,22.8,,,,
2026-08-03T12:56:00Z,2026-09-12T23:23:23Z,,,,0.9,7,6.2,268,,,22.8,,,,
2026-08-03T13:26:00Z,2026-09-12T23:23:23Z,,,,0.8,6,6.2,287,,,22.8,,,,
2026-08-03T13:56:00Z,2026-09-12T23:23:23Z,,,,0.8,11,6.4,237,,,22.8,,,,
2026-08-03T14:26:00Z,2026-09-12T23:23:23Z,,,,0.8,12,6.5,198,,,22.8,,,,
2026-08-03T14:56:00Z,2026-09-12T23:23:23Z,,,,0.8,12,6.1,206,,,22.8,,,,
2026-08-03T15:26:00Z,2026-09-12T23:23:23Z,,,,0.7,12,6.0,180,,,22.8,,,,
2026-08-03T15:56:00Z,2026-09-12T23:23:23Z,,,,0.8,13,6.3,188,,,22.8,,,,
2026-08-03T16:26:00Z,2026-09-12T23:23:23Z,,,,0.7,9,6.1,267,,,22.9,,,,
2026-08-03T16:56:00Z,2026-09-12T23:23:23Z,,,,0.8,13,6.3,188,,,23.1,,,,
2026-08-03T17:26:00Z,2026-09-12T23:23:23Z,,,,0.8,11,6.6,244,,,23.0,,,,
2026-08-03T17:56:00Z,2026-09-12T23:23:23Z,,,,0.8,11,6.3,229,,,23.3,,,,
2026-08-03T18:26:00Z,2026-09-12T23:23:23Z,,,,0.7,11,6.4,237,,,23.7,,,,
2026-08-03T18:56:00Z,2026-09-12T23:23:23Z,,,,0.8,8,6.7,275,,,23.8,,,,
2026-08-03T19:26:00Z,2026-09-12T23:23:23Z,,,,0.8,8,6.5,275,,,23.8,,,,
2026-08-03T19:56:00Z,2026-09-12T23:23:23Z,,,,0.8,8,6.9,275,,,24.1,,,,
2026-08-03T20:26:00Z,2026-09-12T23:23:23Z,,,,0.7,11,6.9,261,,,24.0,,,,
2026-08-03T20:56:00Z,2026-09-12T23:23:23Z,,,,0.8,7,6.9,277,,,24.2,,,,
2026-08-03T21:26:00Z,2026-09-12T23:23:23Z,,,,0.7,7,6.4,280,,,24.0,,,,
2026-08-03T21:56:00Z,2026-09-12T23:23:23Z,,,,0.8,8,6.0,270,,,23.8,,,,
2026-08-03T22:26:00Z,2026-09-12T23:23:23Z,,,,0.9,9,5.2,268,,,23.7,,,,
2026-08-03T22:56:00Z,2026-09-12T23:23:23Z,,,,0.9,9,4.8,264,,,23.7,,,,
2026-08-03T23:26:00Z,2026-09-12T23:23:23Z,,,,0.9,9,4.6,268,,,23.7,,,,
2026-08-03T23:56:00Z,2026-09-12T23:23:23Z,,,,0.9,9,4.5,267,,,23.6,,,,
2026-08-04T00:26:00Z,2026-09-12T23:23:23Z,,,,0.9,8,4.2,270,,,23.6,,,,
2026-08-04T00:56:00Z,2026-09-12T23:23:23Z,,,,0.9,10,4.3,268,,,23.6,,,,
2026-08-04T01:26:00Z,2026-09-12T23:23:23Z,,,,0.9,13,4.5,174,,,23.7,,,,
2026-08-04T01:56:00Z,2026-09-12T23:23:23Z,,,,0.9,9,4.4,268,,,23.5,,,,
2026-08-04T02:26:00Z,2026-09-12T23:23:23Z,,,,0.9,9,4.5,270,,,23.5,,,,
2026-08-04T02:56:00Z,2026-09-12T23:23:23Z,,,,0.8,8,4.8,266,,,23.5,,,,
2026-08-04T03:26:00Z,2026-09-12T23:23:23Z,,,,0.9,8,4.8,264,,,23.5,,,,
2026-08-04T03:56:00Z,2026-09-12T23:23:23Z,,,,0.9,8,4.7,264,,,23.5,,,,
2026-08-04T04:26:00Z,2026-09-12T23:23:23Z,,,,0.9,8,4.4,273,,,23.5,,,,
2026-08-04T04:56:00Z,2026-09-12T23:23:23Z,,,,0.9,9,4.3,259,,,23.5,,,,
2026-08-04T05:26:00Z,2026-09-12T23:23:23Z,,,,0.9,8,4.7,271,,,23.4,,,,
2026-08-04T05:56:00Z,2026-09-12T23:23:23Z,,,,0.8,11,4.7,209,,,23.3,,,,
2026-08-04T06:26:00Z,2026-09-12T23:23:23Z,,,,0.7,7,4.7,278,,,23.2,,,,
2026-08-04T06:56:00Z,2026-09-12T23:23:23Z,,,,0.8,14,5.3,198,,,23.2,,,,
2026-08-04T07:26:00Z,2026-09-12T23:23:23Z,,,,0.8,13,5.7,177,,,23.2,,,,
2026-08-04T07:56:00Z,2026-09-12T23:23:23Z,,,,0.7,7,5.7,281,,,23.1,,,,
2026-08-04T08:26:00Z,2026-09-12T23:23:23Z,,,,0.7,6,5.7,274,,,23.0,,,,
2026-08-04T08:56:00Z,2026-09-12T23:23:23Z,,,,0.7,9,6.1,264,,,23.0,,,,
2026-08-04T09:26:00Z,2026-09-12T23:23:23Z,,,,0.7,11,6.4,223,,,23.0,,,,
2026-08-04T09:56:00Z,2026-09-12T23:23:23Z,,,,0.7,13,6.3,178,,,22.9,,,,
2026-08-04T10:26:00Z,2026-09-12T23:23:23Z,,,,0.7,8,6.4,270,,,22.9,,,,
2026-08-04T10:56:00Z,2026-09-12T23:23:23Z,,,,0.7,14,6.5,177,,,22.9,,,,
2026-08-04T11:26:00Z,2026-09-12T23:23:23Z,,,,0.7,8,6.2,270,,,22.9,,,,
2026-08-04T11:56:00Z,2026-09-12T23:23:23Z,,,,0.7,13,6.1,177,,,22.9,,,,
2026-08-04T12:26:00Z,2026-09-12T23:23:23Z,,,,0.7,13,6.0,185,,,22.8,,,,
2026-08-04T12:56:00Z,2026-09-12T23:23:23Z,,,,0.7,10,6.2,271,,,22.8,,,,
2026-08-04T13:26:00Z,2026-09-12T23:23:23Z,,,,0.7,12,6.1,211,,,22.8,,,,
2026-08-04T13:56:00Z,2026-09-12T23:23:23Z,,,,0.7,14,6.5,187,,,22.8,,,,
2026-08-04T14:26:00Z,2026-09-12T23:23:23Z,,,,0.6,14,5.9,181,,,22.8,,,,
2026-08-04T14:56:00Z,2026-09-12T23:23:23Z,,,,0.6,14,6.4,178,,,22.8,,,,
2026-08-04T15:26:00Z,2026-09-12T23:23:23Z,,,,0.6,14,6.4,187,,,22.8,,,,
2026-08-04T15:56:00Z,2026-09-12T23:23:23Z,,,,0.7,13,6.2,188,,,22.9,,,,
2026-08-04T16:26:00Z,2026-09-12T23:23:23Z,,,,0.7,14,6.0,181,,,22.9,,,,
2026-08-04T16:56:00Z,2026-09-12T23:23:23Z,,,,0.6,14,6.3,180,,,22.9,,,,
2026-08-04T17:26:00Z,2026-09-12T23:23:23Z,,,,0.6,14,6.5,181,,,22.9,,,,
2026-08-04T17:56:00Z,2026-09-12T23:23:23Z,,,,0.6,14,6.4,190,,,23.0,,,,
2026-08-04T18:26:00Z,2026-09-12T23:23:23Z,,,,0.6,14,6.6,176,,,23.2,,,,
2026-08-04T18:56:00Z,2026-09-12T23:23:23Z,,,,0.7,14,6.8,192,,,23.4,,,,
2026-08-04T19:26:00Z,2026-09-12T23:23:23Z,,,,0.7,13,6.9,192,,,23.4,,,,
2026-08-04T19:56:00Z,2026-09-12T23:23:23Z,,,,0.7,14,6.9,185,,,23.5,,,,
2026-08-04T20:26:00Z,2026-09-12T23:23:23Z,,,,0.6,13,6.6,112,,,23.6,,,,
2026-08-04T20:56:00Z,2026-09-12T23:23:23Z,,,,0.7,14,6.7,177,,,23.6,,,,
2026-08-04T21:26:00Z,2026-09-12T23:23:23Z,,,,0.7,13,6.2,183,,,23.7,,,,
2026-08-04T21:56:00Z,2026-09-12T23:23:23Z,,,,0.7,14,5.9,166,,,23.9,,,,
2026-08-04T22:26:00Z,2026-09-12T23:23:23Z,,,,0.7,14,6.0,169,,,24.3,,,,
2026-08-04T22:56:00Z,2026-09-12T23:23:23Z,,,,0.7,14,6.2,169,,,24.7,,,,
2026-08-04T23:26:00Z,2026-09-12T23:23:23Z,,,,0.7,14,6.5,180,,,24.6,,,,
2026-08-04T23:56:00Z,2026-09-12T23:23:23Z,,,,0.7,10,6.2,270,,,24.0,,,,
2026-08-05T00:26:00Z,2026-09-12T23:23:23Z,,,,0.8,10,6.0,251,,,23.7,,,,
2026-08-05T00:56:00Z,2026-09-12T23:23:23Z,,,,0.8,14,5.4,173,,,23.6,,,,
2026-08-05T01:26:00Z,2026-09-12T23:23:23Z,,,,0.8,13,5.3,169,,,23.4,,,,
2026-08-05T01:56:00Z,2026-09-12T23:23:23Z,,,,0.9,13,5.1,177,,,23.3,,,,
2026-08-05T02:26:00Z,2026-09-12T23:23:23Z,,,,0.8,14,4.6,166,,,23.4,,,,
2026-08-05T02:56:00Z,2026-09-12T23:23:23Z,,,,0.8,12,4.5,192,,,23.2,,,,
2026-08-05T03:26:00Z,2026-09-12T23:23:23Z,,,,0.7,13,4.4,178,,,23.2,,,,
2026-08-05T03:56:00Z,2026-09-12T23:23:23Z,,,,0.8,13,4.4,176,,,23.1,,,,
2026-08-05T04:26:00Z,2026-09-12T23:23:23Z,,,,0.7,14,4.2,178,,,23.1,,,,
2026-08-05T04:56:00Z,2026-09-12T23:23:23Z,,,,0.7,14,4.4,184,,,23.1,,,,
2026-08-05T05:26:00Z,2026-09-12T23:23:23Z,,,,0.8,14,4.6,170,,,23.0,,,,
2026-08-05T05:56:00Z,2026-09-12T23:23:23Z,,,,0.7,14,4.4,183,,,23.0,,,,
2026-08-05T06:26:00Z,2026-09-12T23:23:23Z,,,,0.7,14,4.9,198,,,22.9,,,,
2026-08-05T06:56:00Z,2026-09-12T23:23:23Z,,,,0.7,14,5.2,191,,,22.9,,,,
2026-08-05T07:26:00Z,2026-09-12T23:23:23Z,,,,0.7,14,5.2,187,,,22.8,,,,
2026-08-05T07:56:00Z,2026-09-12T23:23:23Z,,,,0.7,13,5.9,177,,,22.8,,,,
2026-08-05T08:26:00Z,2026-09-12T23:23:23Z,,,,0.6,14,6.0,174,,,22.8,,,,
2026-08-05T08:56:00Z,2026-09-12T23:23:23Z,,,,0.7,13,6.5,181,,,22.8,,,,
2026-08-05T09:26:00Z,2026-09-12T23:23:23Z,,,,0.7,14,6.6,198,,,22.8,,,,
2026-08-05T09:56:00Z,2026-09-12T23:23:23Z,,,,0.7,14,6.7,177,,,22.8,,,,
2026-08-05T10:26:00Z,2026-09-12T23:23:23Z,,,,0.7,13,7.0,173,,,22.8,,,,
2026-08-05T10:56:00Z,2026-09-12T23:23:23Z,,,,0.7,14,7.4,183,,,22.8,,,,
2026-08-05T11:26:00Z,2026-09-12T23:23:23Z,,,,0.6,13,7.0,169,,,22.8,,,,
2026-08-05T11:56:00Z,2026-09-12T23:23:23Z,,,,0.6,14,6.8,176,,,22.7,,,,
2026-08-05T12:26:00Z,2026-09-12T23:23:23Z,,,,0.7,14,6.8,180,,,22.7,,,,
2026-08-05T12:56:00Z,2026-09-12T23:23:23Z,,,,0.6,13,6.4,177,,,22.8,,,,
2026-08-05T13:26:00Z,2026-09-12T23:23:23Z,,,,0.6,13,6.6,180,,,22.8,,,,
2026-08-05T13:56:00Z,2026-09-12T23:23:23Z,,,,0.6,14,6.8,187,,,22.8,,,,
2026-08-05T14:26:00Z,2026-09-12T23:23:23Z,,,,0.6,13,7.2,181,,,22.8,,,,
2026-08-05T14:56:00Z,2026-09-12T23:23:23Z,,,,0.6,14,6.4,181,,,22.8,,,,
2026-08-05T15:26:00Z,2026-09-12T23:23:23Z,,,,0.6,13,6.5,184,,,22.8,,,,
2026-08-05T15:56:00Z,2026-09-12T23:23:23Z,,,,0.6,13,7.0,180,,,22.9,,,,
2026-08-05T16:26:00Z,2026-09-12T23:23:23Z,,,,0.6,13,5.9,170,,,22.9,,,,
2026-08-05T16:56:00Z,2026-09-12T23:23:23Z,,,,0.6,14,6.8,183,,,23.1,,,,
2026-08-05T17:26:00Z,2026-09-12T23:23:23Z,,,,0.6,13,6.8,178,,,23.1,,,,
2026-08-05T17:56:00Z,2026-09-12T23:23:23Z,,,,0.6,13,6.7,178,,,23.3,,,,
2026-08-05T18:26:00Z,2026-09-12T23:23:23Z,,,,0.6,13,6.4,183,,,23.5,,,,
2026-08-05T18:56:00Z,2026-09-12T23:23:23Z,,,,0.7,13,6.9,177,,,23.6,,,,
2026-08-05T19:26:00Z,2026-09-12T23:23:23Z,,,,0.7,13,7.0,174,,,23.8,,,,
2026-08-05T19:56:00Z,2026-09-12T23:23:23Z,,,,0.6,13,6.7,180,,,23.8,,,,
2026-08-05T20:26:00Z,2026-09-12T23:23:23Z,,,,0.6,13,6.8,183,,,23.8,,,,
2026-08-05T20:56:00Z,2026-09-12T23:23:23Z,,,,0.6,13,6.6,180,,,23.9,,,,
2026-08-05T21:26:00Z,2026-09-12T23:23:23Z,,,,0.6,13,6.3,177,,,24.1,,,,
2026-08-05T21:56:00Z,2026-09-12T23:23:23Z,,,,0.6,13,6.6,169,,,24.0,,,,
2026-08-05T22:26:00Z,2026-09-12T23:23:23Z,,,,0.6,13,6.3,171,,,23.9,,,,
2026-08-05T22:56:00Z,2026-09-12T23:23:23Z,,,,0.6,13,6.3,171,,,23.9,,,,
2026-08-05T23:26:00Z,2026-09-12T23:23:23Z,,,,0.6,13,4.8,185,,,23.6,,,,
2026-08-05T23:56:00Z,2026-09-12T23:23:23Z,,,,0.6,13,4.2,178,,,23.5,,,,
2026-08-06T00:26:00Z,2026-09-12T23:23:23Z,,,,0.7,13,3.7,166,,,23.3,,,,
2026-08-06T00:56:00Z,2026-09-12T23:23:23Z,,,,0.8,13,3.7,183,,,23.3,,,,
2026-08-06T01:26:00Z,2026-09-12T23:23:23Z,,,,0.8,13,3.6,174,,,23.2,,,,
2026-08-06T01:56:00Z,2026-09-12T23:23:23Z,,,,0.8,13,3.6,181,,,23.2,,,,
2026-08-06T02:26:00Z,2026-09-12T23:23:23Z,,,,0.8,13,3.6,152,,,23.2,,,,
2026-08-06T02:56:00Z,2026-09-12T23:23:23Z,,,,0.8,13,3.7,167,,,23.1,,,,
2026-08-06T03:26:00Z,2026-09-12T23:23:23Z,,,,0.8,13,3.6,161,,,23.1,,,,
2026-08-06T03:56:00Z,2026-09-12T23:23:23Z,,,,0.7,13,3.7,174,,,23.1,,,,
2026-08-06T04:26:00Z,2026-09-12T23:23:23Z,,,,0.7,13,3.7,167,,,23.0,,,,
2026-08-06T04:56:00Z,2026-09-12T23:23:23Z,,,,0.7,12,3.8,171,,,23.0,,,,
2026-08-06T05:26:00Z,2026-09-12T23:23:23Z,,,,0.6,13,3.7,171,,,23.0,,,,
2026-08-06T05:56:00Z,2026-09-12T23:23:23Z,,,,0.6,13,3.9,173,,,22.9,,,,
2026-08-06T06:26:00Z,2026-09-12T23:23:23Z,,,,0.6,13,4.2,187,,,22.9,,,,
2026-08-06T06:56:00Z,2026-09-12T23:23:23Z,,,,0.6,13,4.2,176,,,22.9,,,,
2026-08-06T07:26:00Z,2026-09-12T23:23:23Z,,,,0.6,13,4.4,177,,,22.9,,,,
2026-08-06T07:56:00Z,2026-09-12T23:23:23Z,,,,0.6,13,4.7,174,,,22.9,,,,
2026-08-06T08:26:00Z,2026-09-12T23:23:23Z,,,,0.6,13,4.6,176,,,22.9,,,,
2026-08-06T08:56:00Z,2026-09-12T23:23:23Z,,,,0.6,13,4.9,161,,,22.9,,,,
2026-08-06T09:26:00Z,2026-09-12T23:23:23Z,,,,0.6,13,5.2,183,,,22.9,,,,
2026-08-06T09:56:00Z,2026-09-12T23:23:23Z,,,,0.6,13,5.0,180,,,22.9,,,,
2026-08-06T10:26:00Z,2026-09-12T23:23:23Z,,,,0.6,13,5.2,178,,,22.9,,,,
2026-08-06T10:56:00Z,2026-09-12T23:23:23Z,,,,0.6,13,5.4,185,,,22.9,,,,
2026-08-06T11:26:00Z,2026-09-12T23:23:23Z,,,,0.6,13,5.5,178,,,22.9,,,,
2026-08-06T11:56:00Z,2026-09-12T23:23:23Z,,,,0.6,12,5.5,177,,,22.9,,,,
2026-08-06T12:26:00Z,2026-09-12T23:23:23Z,,,,0.6,13,5.8,180,,,22.9,,,,
2026-08-06T12:56:00Z,2026-09-12T23:23:23Z,,,,0.6,13,5.5,180,,,22.9,,,,
2026-08-06T13:26:00Z,2026-09-12T23:23:23Z,,,,0.6,12,5.5,178,,,22.9,,,,
2026-08-06T13:56:00Z,2026-09-12T23:23:23Z,,,,0.6,13,5.6,180,,,22.9,,,,
2026-08-06T14:26:00Z,2026-09-12T23:23:23Z,,,,0.6,13,5.5,181,,,22.9,,,,
2026-08-06T14:56:00Z,2026-09-12T23:23:23Z,,,,0.6,12,5.7,178,,,22.9,,,,
2026-08-06T15:26:00Z,2026-09-12T23:23:23Z,,,,0.5,12,5.4,180,,,22.9,,,,
2026-08-06T15:56:00Z,2026-09-12T23:23:23Z,,,,0.6,12,5.4,181,,,22.9,,,,
2026-08-06T16:26:00Z,2026-09-12T23:23:23Z,,,,0.6,13,5.5,180,,,23.1,,,,
2026-08-06T16:56:00Z,2026-09-12T23:23:23Z,,,,0.5,12,5.3,178,,,23.2,,,,
2026-08-06T17:26:00Z,2026-09-12T23:23:23Z,,,,0.6,13,5.6,177,,,23.3,,,,
2026-08-06T17:56:00Z,2026-09-12T23:23:23Z,,,,0.6,13,5.5,169,,,23.4,,,,
2026-08-06T18:26:00Z,2026-09-12T23:23:23Z,,,,0.6,13,5.6,174,,,23.7,,,,
2026-08-06T18:56:00Z,2026-09-12T23:23:23Z,,,,0.5,13,5.9,184,,,23.7,,,,
2026-08-06T19:26:00Z,2026-09-12T23:23:23Z,,,,0.6,13,5.7,177,,,23.9,,,,
2026-08-06T19:56:00Z,2026-09-12T23:23:23Z,,,,0.6,11,5.7,180,,,23.9,,,,
2026-08-06T20:26:00Z,2026-09-12T23:23:23Z,,,,0.6,12,5.8,181,,,24.1,,,,
2026-08-06T20:56:00Z,2026-09-12T23:23:23Z,,,,0.5,12,5.8,166,,,24.0,,,,
2026-08-06T21:26:00Z,2026-09-12T23:23:23Z,,,,0.5,13,5.5,180,,,23.9,,,,
2026-08-06T21:56:00Z,2026-09-12T23:23:23Z,,,,0.6,13,4.9,178,,,23.7,,,,
2026-08-06T22:26:00Z,2026-09-12T23:23:23Z,,,,0.6,13,4.4,180,,,23.5,,,,
2026-08-06T22:56:00Z,2026-09-12T23:23:23Z,,,,0.7,12,3.9,166,,,23.4,,,,
2026-08-06T23:26:00Z,2026-09-12T23:23:23Z,,,,0.7,13,3.7,169,,,23.3,,,,
2026-08-06T23:56:00Z,2026-09-12T23:23:23Z,,,,0.7,12,3.5,176,,,23.2,,,,
2026-08-07T00:26:00Z,2026-09-12T23:23:23Z,,,,0.8,13,3.6,178,,,23.2,,,,
2026-08-07T00:56:00Z,2026-09-12T23:23:23Z,,,,0.7,13,3.6,163,,,23.2,,,,
2026-08-07T01:26:00Z,2026-09-12T23:23:23Z,,,,0.7,11,3.6,167,,,23.2,,,,
2026-08-07T01:56:00Z,2026-09-12T23:23:23Z,,,,0.7,12,3.6,169,,,23.3,,,,
2026-08-07T02:26:00Z,2026-09-12T23:23:23Z,,,,0.7,11,3.7,173,,,23.3,,,,
2026-08-07T02:56:00Z,2026-09-12T23:23:23Z,,,,0.6,12,3.8,190,,,23.3,,,,
2026-08-07T03:26:00Z,2026-09-12T23:23:23Z,,,,0.6,12,3.7,174,,,23.4,,,,
2026-08-07T03:56:00Z,2026-09-12T23:23:23Z,,,,0.6,13,3.8,181,,,23.3,,,,
2026-08-07T04:26:00Z,2026-09-12T23:23:23Z,,,,0.5,12,4.0,163,,,23.4,,,,
2026-08-07T04:56:00Z,2026-09-12T23:23:23Z,,,,0.5,12,4.7,163,,,23.4,,,,
2026-08-07T05:26:00Z,2026-09-12T23:23:23Z,,,,0.5,14,4.4,170,,,23.4,,,,
2026-08-07T05:56:00Z,2026-09-12T23:23:23Z,,,,0.5,12,4.7,173,,,23.3,,,,
2026-08-07T06:26:00Z,2026-09-12T23:23:23Z,,,,0.5,12,4.3,173,,,23.3,,,,
2026-08-07T06:56:00Z,2026-09-12T23:23:23Z,,,,0.5,14,4.4,183,,,23.3,,,,
2026-08-07T07:26:00Z,2026-09-12T23:23:23Z,,,,0.5,13,4.4,177,,,23.3,,,,
2026-08-07T07:56:00Z,2026-09-12T23:23:23Z,,,,0.5,13,4.6,174,,,23.3,,,,
2026-08-07T08:26:00Z,2026-09-12T23:23:23Z,,,,0.5,13,4.5,204,,,23.3,,,,
2026-08-07T08:56:00Z,2026-09-12T23:23:23Z,,,,0.5,13,4.8,169,,,23.3,,,,
2026-08-07T09:26:00Z,2026-09-12T23:23:23Z,,,,0.5,13,4.9,176,,,23.3,,,,
2026-08-07T09:56:00Z,2026-09-12T23:23:23Z,,,,0.5,12,5.2,183,,,23.2,,,,
2026-08-07T10:26:00Z,2026-09-12T23:23:23Z,,,,0.5,12,5.3,178,,,23.2,,,,
2026-08-07T10:56:00Z,2026-09-12T23:23:23Z,,,,0.5,13,5.8,184,,,23.3,,,,
2026-08-07T11:26:00Z,2026-09-12T23:23:23Z,,,,0.5,12,5.5,185,,,23.3,,,,
2026-08-07T11:56:00Z,2026-09-12T23:23:23Z,,,,0.6,12,5.4,176,,,23.3,,,,
2026-08-07T12:26:00Z,2026-09-12T23:23:23Z,,,,0.6,14,5.3,184,,,23.3,,,,
2026-08-07T12:56:00Z,2026-09-12T23:23:23Z,,,,0.6,12,5.6,185,,,23.3,,,,
2026-08-07T13:26:00Z,2026-09-12T23:23:23Z,,,,0.6,14,5.6,171,,,23.2,,,,
2026-08-07T13:56:00Z,2026-09-12T23:23:23Z,,,,0.6,13,5.6,176,,,23.2,,,,
2026-08-07T14:26:00Z,2026-09-12T23:23:23Z,,,,0.6,12,5.8,171,,,23.2,,,,
2026-08-07T14:56:00Z,2026-09-12T23:23:23Z,,,,0.6,12,6.0,176,,,23.2,,,,
2026-08-07T15:26:00Z,2026-09-12T23:23:23Z,,,,0.6,14,5.5,192,,,23.2,,,,
2026-08-07T15:56:00Z,2026-09-12T23:23:23Z,,,,0.6,13,5.5,183,,,23.3,,,,
2026-08-07T16:26:00Z,2026-09-12T23:23:23Z,,,,0.5,5,5.2,278,,,23.2,,,,
2026-08-07T16:56:00Z,2026-09-12T23:23:23Z,,,,0.6,13,5.4,178,,,23.3,,,,
2026-08-07T17:26:00Z,2026-09-12T23:23:23Z,,,,0.5,5,5.2,274,,,23.4,,,,
2026-08-07T17:56:00Z,2026-09-12T23:23:23Z,,,,0.5,13,5.4,174,,,23.5,,,,
2026-08-07T18:26:00Z,2026-09-12T23:23:23Z,,,,0.5,13,5.4,192,,,23.6,,,,
2026-08-07T18:56:00Z,2026-09-12T23:23:23Z,,,,0.5,18,5.7,138,,,23.7,,,,
2026-08-07T19:26:00Z,2026-09-12T23:23:23Z,,,,0.5,13,5.7,183,,,23.8,,,,
2026-08-07T19:56:00Z,2026-09-12T23:23:23Z,,,,0.5,18,5.8,171,,,23.8,,,,
2026-08-07T20:26:00Z,2026-09-12T23:23:23Z,,,,0.5,13,5.5,206,,,23.8,,,,
2026-08-07T20:56:00Z,2026-09-12T23:23:23Z,,,,0.5,18,5.4,160,,,23.9,,,,
2026-08-07T21:26:00Z,2026-09-12T23:23:23Z,,,,0.5,18,4.5,164,,,23.8,,,,
2026-08-07T21:56:00Z,2026-09-12T23:23:23Z,,,,0.6,13,4.3,171,,,23.8,,,,
2026-08-07T22:26:00Z,2026-09-12T23:23:23Z,,,,0.6,17,3.9,157,,,23.7,,,,
2026-08-07T22:56:00Z,2026-09-12T23:23:23Z,,,,0.6,18,4.3,171,,,23.6,,,,
2026-08-07T23:26:00Z,2026-09-12T23:23:23Z,,,,0.7,18,3.8,176,,,23.5,,,,
2026-08-07T23:56:00Z,2026-09-12T23:23:23Z,,,,0.7,18,3.6,156,,,23.5,,,,
2026-08-08T00:26:00Z,2026-09-12T23:23:23Z,,,,0.7,18,3.6,164,,,23.4,,,,
2026-08-08T00:56:00Z,2026-09-12T23:23:23Z,,,,0.7,20,3.6,188,,,23.4,,,,
2026-08-08T01:26:00Z,2026-09-12T23:23:23Z,,,,0.8,3,3.5,274,,,23.3,,,,
2026-08-08T01:56:00Z,2026-09-12T23:23:23Z,,,,0.8,3,3.4,271,,,23.3,,,,
2026-08-08T02:26:00Z,2026-09-12T23:23:23Z,,,,0.8,13,3.6,167,,,23.2,,,,
2026-08-08T02:56:00Z,2026-09-12T23:23:23Z,,,,0.8,18,3.7,169,,,23.1,,,,
2026-08-08T03:26:00Z,2026-09-12T23:23:23Z,,,,0.8,18,3.7,180,,,23.1,,,,
2026-08-08T03:56:00Z,2026-09-12T23:23:23Z,,,,0.8,13,3.6,178,,,23.1,,,,
2026-08-08T04:26:00Z,2026-09-12T23:23:23Z,,,,0.7,18,3.8,194,,,23.0,,,,
2026-08-08T04:56:00Z,2026-09-12T23:23:23Z,,,,0.7,18,3.8,188,,,23.0,,,,
2026-08-08T05:26:00Z,2026-09-12T23:23:23Z,,,,0.7,18,3.8,142,,,23.0,,,,
2026-08-08T05:56:00Z,2026-09-12T23:23:23Z,,,,0.6,18,4.0,149,,,23.0,,,,
2026-08-08T06:26:00Z,2026-09-12T23:23:23Z,,,,0.6,18,4.3,159,,,22.9,,,,
2026-08-08T06:56:00Z,2026-09-12T23:23:23Z,,,,0.6,18,4.7,132,,,22.8,,,,
2026-08-08T07:26:00Z,2026-09-12T23:23:23Z,,,,0.6,18,4.8,176,,,22.8,,,,
2026-08-08T07:56:00Z,2026-09-12T23:23:23Z,,,,0.5,18,4.6,181,,,22.7,,,,
2026-08-08T08:26:00Z,2026-09-12T23:23:23Z,,,,0.6,18,5.1,209,,,22.6,,,,
2026-08-08T08:56:00Z,2026-09-12T23:23:23Z,,,,0.6,18,5.1,192,,,22.6,,,,
2026-08-08T09:26:00Z,2026-09-12T23:23:23Z,,,,0.6,18,5.7,164,,,22.5,,,,
2026-08-08T09:56:00Z,2026-09-12T23:23:23Z,,,,0.7,18,6.2,176,,,22.5,,,,
2026-08-08T10:26:00Z,2026-09-12T23:23:23Z,,,,0.6,18,5.8,190,,,22.3,,,,
2026-08-08T10:56:00Z,2026-09-12T23:23:23Z,,,,0.7,18,6.3,174,,,22.3,,,,
2026-08-08T11:26:00Z,2026-09-12T23:23:23Z,,,,0.6,18,6.0,180,,,22.3,,,,
2026-08-08T11:56:00Z,2026-09-12T23:23:23Z,,,,0.6,18,6.3,181,,,22.3,,,,
2026-08-08T12:26:00Z,2026-09-12T23:23:23Z,,,,0.7,18,6.8,187,,,22.2,,,,
2026-08-08T12:56:00Z,2026-09-12T23:23:23Z,,,,0.6,18,6.2,174,,,22.2,,,,
2026-08-08T13:26:00Z,2026-09-12T23:23:23Z,,,,0.6,18,6.5,180,,,22.2,,,,
2026-08-08T13:56:00Z,2026-09-12T23:23:23Z,,,,0.6,18,6.4,22,,,22.2,,,,
2026-08-08T14:26:00Z,2026-09-12T23:23:23Z,,,,0.6,18,6.7,181,,,22.3,,,,
2026-08-08T14:56:00Z,2026-09-12T23:23:23Z,,,,0.7,18,7.1,140,,,22.3,,,,
2026-08-08T15:26:00Z,2026-09-12T23:23:23Z,,,,0.6,18,6.2,143,,,22.3,,,,
2026-08-08T15:56:00Z,2026-09-12T23:23:23Z,,,,0.8,18,7.5,188,,,22.3,,,,
2026-08-08T16:26:00Z,2026-09-12T23:23:23Z,,,,0.7,17,6.8,222,,,22.5,,,,
2026-08-08T16:56:00Z,2026-09-12T23:23:23Z,,,,0.7,17,6.9,183,,,22.5,,,,
2026-08-08T17:26:00Z,2026-09-12T23:23:23Z,,,,0.8,18,7.6,176,,,22.7,,,,
2026-08-08T17:56:00Z,2026-09-12T23:23:23Z,,,,0.7,18,6.7,190,,,22.8,,,,
2026-08-08T18:26:00Z,2026-09-12T23:23:23Z,,,,0.8,18,7.7,191,,,22.8,,,,
2026-08-08T18:56:00Z,2026-09-12T23:23:23Z,,,,0.7,18,6.1,177,,,22.9,,,,
2026-08-08T19:26:00Z,2026-09-12T23:23:23Z,,,,0.8,18,6.7,195,,,23.0,,,,
2026-08-08T19:56:00Z,2026-09-12T23:23:23Z,,,,0.7,18,5.4,160,,,23.1,,,,
2026-08-08T20:26:00Z,2026-09-12T23:23:23Z,,,,0.7,18,5.3,191,,,23.1,,,,
2026-08-08T20:56:00Z,2026-09-12T23:23:23Z,,,,0.8,17,5.1,163,,,23.2,,,,
2026-08-08T21:26:00Z,2026-09-12T23:23:23Z,,,,0.8,18,4.4,132,,,23.3,,,,
2026-08-08T21:56:00Z,2026-09-12T23:23:23Z,,,,0.8,17,4.5,176,,,23.3,,,,
2026-08-08T22:26:00Z,2026-09-12T23:23:23Z,,,,0.8,18,3.9,177,,,23.3,,,,
2026-08-08T22:56:00Z,2026-09-12T23:23:23Z,,,,0.9,17,4.4,174,,,23.2,,,,
2026-08-08T23:56:00Z,2026-09-12T23:23:23Z,,,,0.8,17,3.7,167,,,23.1,,,,
2026-08-09T00:26:00Z,2026-09-12T23:23:23Z,,,,0.9,17,4.1,167,,,23.1,,,,
2026-08-09T00:56:00Z,2026-09-12T23:23:23Z,,,,0.9,17,4.4,159,,,23.0,,,,
2026-08-09T01:26:00Z,2026-09-12T23:23:23Z,,,,0.9,17,4.5,178,,,23.0,,,,
2026-08-09T01:56:00Z,2026-09-12T23:23:23Z,,,,0.9,17,4.4,160,,,22.9,,,,
2026-08-09T02:26:00Z,2026-09-12T23:23:23Z,,,,0.8,17,4.4,173,,,22.9,,,,
2026-08-09T02:56:00Z,2026-09-12T23:23:23Z,,,,0.8,17,4.6,209,,,22.8,,,,
2026-08-09T03:26:00Z,2026-09-12T23:23:23Z,,,,0.9,17,5.2,164,,,22.7,,,,
2026-08-09T03:56:00Z,2026-09-12T23:23:23Z,,,,0.9,17,5.1,163,,,22.6,,,,
2026-08-09T04:26:00Z,2026-09-12T23:23:23Z,,,,0.9,17,5.0,180,,,22.4,,,,
2026-08-09T04:56:00Z,2026-09-12T23:23:23Z,,,,0.9,17,4.5,184,,,22.0,,,,
2026-08-09T05:26:00Z,2026-09-12T23:23:23Z,,,,0.9,17,4.9,157,,,21.8,,,,
2026-08-09T05:56:00Z,2026-09-12T23:23:23Z,,,,0.9,17,5.2,176,,,21.6,,,,
2026-08-09T06:26:00Z,2026-09-12T23:23:23Z,,,,0.9,17,4.9,111,,,21.9,,,,
2026-08-09T06:56:00Z,2026-09-12T23:23:23Z,,,,0.9,17,4.8,195,,,21.7,,,,
2026-08-09T07:26:00Z,2026-09-12T23:23:23Z,,,,0.9,17,5.0,174,,,21.5,,,,
2026-08-09T07:56:00Z,2026-09-12T23:23:23Z,,,,0.9,17,5.3,177,,,21.2,,,,
2026-08-09T08:26:00Z,2026-09-12T23:23:23Z,,,,1.0,17,6.3,181,,,21.2,,,,
2026-08-09T08:56:00Z,2026-09-12T23:23:23Z,,,,0.8,17,5.5,167,,,21.2,,,,
2026-08-09T09:26:00Z,2026-09-12T23:23:23Z,,,,1.0,17,7.2,178,,,21.2,,,,
2026-08-09T09:56:00Z,2026-09-12T23:23:23Z,,,,0.8,17,5.8,180,,,21.2,,,,
2026-08-09T10:26:00Z,2026-09-12T23:23:23Z,,,,0.9,17,6.9,177,,,21.2,,,,
2026-08-09T10:56:00Z,2026-09-12T23:23:23Z,,,,0.9,17,7.4,174,,,21.5,,,,
2026-08-09T11:26:00Z,2026-09-12T23:23:23Z,,,,0.9,17,6.5,177,,,21.6,,,,
2026-08-09T11:56:00Z,2026-09-12T23:23:23Z,,,,0.9,17,7.0,174,,,21.6,,,,
2026-08-09T12:26:00Z,2026-09-12T23:23:23Z,,,,0.9,17,6.6,174,,,21.6,,,,
2026-08-09T12:56:00Z,2026-09-12T23:23:23Z,,,,0.9,15,6.6,181,,,21.6,,,,
2026-08-09T13:26:00Z,2026-09-12T23:23:23Z,,,,0.9,15,7.5,190,,,21.6,,,,
2026-08-09T13:56:00Z,2026-09-12T23:23:23Z,,,,1.0,15,7.5,187,,,21.4,,,,
2026-08-09T14:26:00Z,2026-09-12T23:23:23Z,,,,0.8,17,7.1,183,,,21.4,,,,
2026-08-09T14:56:00Z,2026-09-12T23:23:23Z,,,,0.9,15,8.1,178,,,21.4,,,,
2026-08-09T15:26:00Z,2026-09-12T23:23:23Z,,,,0.8,15,7.2,132,,,21.5,,,,
2026-08-09T15:56:00Z,2026-09-12T23:23:23Z,,,,0.9,15,7.4,181,,,21.6,,,,
2026-08-09T16:26:00Z,2026-09-12T23:23:23Z,,,,0.8,17,6.5,157,,,21.7,,,,
2026-08-09T16:56:00Z,2026-09-12T23:23:23Z,,,,0.8,15,6.8,191,,,22.0,,,,
2026-08-09T17:26:00Z,2026-09-12T23:23:23Z,,,,0.9,15,8.1,183,,,22.1,,,,
2026-08-09T17:56:00Z,2026-09-12T23:23:23Z,,,,0.8,15,7.1,171,,,22.3,,,,
2026-08-09T18:26:00Z,2026-09-12T23:23:23Z,,,,0.8,15,6.3,171,,,22.9,,,,
2026-08-09T18:56:00Z,2026-09-12T23:23:23Z,,,,0.8,15,6.9,174,,,23.2,,,,
2026-08-09T19:26:00Z,2026-09-12T23:23:23Z,,,,0.8,15,6.3,154,,,23.4,,,,
2026-08-09T19:56:00Z,2026-09-12T23:23:23Z,,,,0.8,15,6.9,183,,,23.5,,,,
2026-08-09T20:26:00Z,2026-09-12T23:23:23Z,,,,0.8,15,6.3,159,,,23.4,,,,
2026-08-09T20:56:00Z,2026-09-12T23:23:23Z,,,,0.8,15,6.0,180,,,23.3,,,,
2026-08-09T21:26:00Z,2026-09-12T23:23:23Z,,,,0.9,15,6.3,173,,,23.3,,,,
2026-08-09T21:56:00Z,2026-09-12T23:23:23Z,,,,0.7,15,5.2,171,,,23.2,,,,
2026-08-09T22:26:00Z,2026-09-12T23:23:23Z,,,,0.7,15,5.0,176,,,23.2,,,,
2026-08-09T22:56:00Z,2026-09-12T23:23:23Z,,,,0.8,15,5.2,170,,,23.2,,,,
2026-08-09T23:26:00Z,2026-09-12T23:23:23Z,,,,0.9,15,5.9,176,,,23.1,,,,
2026-08-09T23:56:00Z,2026-09-12T23:23:23Z,,,,0.8,15,5.0,177,,,23.0,,,,
2026-08-10T00:26:00Z,2026-09-12T23:23:23Z,,,,0.8,15,5.1,173,,,23.0,,,,
2026-08-10T00:56:00Z,2026-09-12T23:23:23Z,,,,0.8,15,5.5,166,,,22.9,,,,
2026-08-10T01:26:00Z,2026-09-12T23:23:23Z,,,,0.8,15,5.5,173,,,22.7,,,,
2026-08-10T01:56:00Z,2026-09-12T23:23:23Z,,,,0.9,15,5.3,173,,,22.7,,,,
2026-08-10T02:26:00Z,2026-09-12T23:23:23Z,,,,0.9,15,5.2,171,,,22.6,,,,
2026-08-10T02:56:00Z,2026-09-12T23:23:23Z,,,,0.8,15,4.6,177,,,22.5,,,,
2026-08-10T03:26:00Z,2026-09-12T23:23:23Z,,,,0.8,15,5.0,160,,,22.3,,,,
2026-08-10T03:56:00Z,2026-09-12T23:23:23Z,,,,0.9,15,6.1,167,,,22.2,,,,
2026-08-10T04:26:00Z,2026-09-12T23:23:23Z,,,,0.7,15,5.2,173,,,22.0,,,,
2026-08-10T04:56:00Z,2026-09-12T23:23:23Z,,,,0.8,15,6.3,180,,,21.8,,,,
2026-08-10T05:26:00Z,2026-09-12T23:23:23Z,,,,0.8,15,5.9,192,,,21.8,,,,
2026-08-10T05:56:00Z,2026-09-12T23:23:23Z,,,,0.9,15,7.2,170,,,21.6,,,,
2026-08-10T06:26:00Z,2026-09-12T23:23:23Z,,,,0.8,15,6.2,173,,,21.5,,,,
2026-08-10T06:56:00Z,2026-09-12T23:23:23Z,,,,0.8,15,6.3,118,,,21.3,,,,
2026-08-10T07:26:00Z,2026-09-12T23:23:23Z,,,,0.8,15,6.3,167,,,21.3,,,,
2026-08-10T07:56:00Z,2026-09-12T23:23:23Z,,,,0.8,15,6.8,174,,,21.3,,,,
2026-08-10T08:26:00Z,2026-09-12T23:23:23Z,,,,0.8,14,6.1,181,,,21.1,,,,
2026-08-10T08:56:00Z,2026-09-12T23:23:23Z,,,,0.7,15,5.9,180,,,21.1,,,,
2026-08-10T09:26:00Z,2026-09-12T23:23:23Z,,,,0.7,15,6.8,174,,,21.0,,,,
2026-08-10T09:56:00Z,2026-09-12T23:23:23Z,,,,0.8,15,7.2,171,,,21.0,,,,
2026-08-10T10:26:00Z,2026-09-12T23:23:23Z,,,,0.8,14,7.2,177,,,20.9,,,,
2026-08-10T10:56:00Z,2026-09-12T23:23:23Z,,,,0.7,15,6.5,173,,,20.9,,,,
2026-08-10T11:26:00Z,2026-09-12T23:23:23Z,,,,0.7,14,6.9,194,,,20.9,,,,
2026-08-10T11:56:00Z,2026-09-12T23:23:23Z,,,,0.8,14,7.9,173,,,20.9,,,,
2026-08-10T12:26:00Z,2026-09-12T23:23:23Z,,,,0.7,14,7.3,188,,,20.9,,,,
2026-08-10T12:56:00Z,2026-09-12T23:23:23Z,,,,0.7,14,7.8,178,,,21.0,,,,
2026-08-10T13:26:00Z,2026-09-12T23:23:23Z,,,,0.7,14,7.2,178,,,21.2,,,,
2026-08-10T13:56:00Z,2026-09-12T23:23:23Z,,,,0.7,15,7.4,170,,,21.2,,,,
2026-08-10T14:26:00Z,2026-09-12T23:23:23Z,,,,0.7,15,7.3,177,,,21.3,,,,
2026-08-10T14:56:00Z,2026-09-12T23:23:23Z,,,,0.7,15,7.9,177,,,21.3,,,,
2026-08-10T15:26:00Z,2026-09-12T23:23:23Z,,,,0.7,15,8.1,180,,,21.3,,,,
2026-08-10T15:56:00Z,2026-09-12T23:23:23Z,,,,0.7,14,8.0,170,,,21.2,,,,
2026-08-10T16:26:00Z,2026-09-12T23:23:23Z,,,,0.7,14,7.4,174,,,21.3,,,,
2026-08-10T16:56:00Z,2026-09-12T23:23:23Z,,,,0.6,14,6.7,136,,,21.5,,,,
2026-08-10T17:26:00Z,2026-09-12T23:23:23Z,,,,0.7,14,7.3,170,,,21.5,,,,
2026-08-10T17:56:00Z,2026-09-12T23:23:23Z,,,,0.7,14,7.4,180,,,21.6,,,,
2026-08-10T18:26:00Z,2026-09-12T23:23:23Z,,,,0.7,14,6.6,174,,,21.7,,,,
2026-08-10T18:56:00Z,2026-09-12T23:23:23Z,,,,0.7,14,6.7,178,,,21.8,,,,
2026-08-10T19:26:00Z,2026-09-12T23:23:23Z,,,,0.7,14,6.7,171,,,21.8,,,,
2026-08-10T19:56:00Z,2026-09-12T23:23:23Z,,,,0.7,14,6.7,169,,,21.9,,,,
2026-08-10T20:26:00Z,2026-09-12T23:23:23Z,,,,0.6,14,6.3,170,,,21.9,,,,
2026-08-10T20:56:00Z,2026-09-12T23:23:23Z,,,,0.8,14,7.6,166,,,22.0,,,,
2026-08-10T21:26:00Z,2026-09-12T23:23:23Z,,,,0.7,14,6.7,176,,,22.0,,,,
2026-08-10T21:56:00Z,2026-09-12T23:23:23Z,,,,0.8,14,7.4,174,,,22.0,,,,
2026-08-10T22:26:00Z,2026-09-12T23:23:23Z,,,,0.8,14,6.9,178,,,21.9,,,,
2026-08-10T22:56:00Z,2026-09-12T23:23:23Z,,,,0.8,14,6.4,174,,,21.9,,,,
2026-08-10T23:26:00Z,2026-09-12T23:23:23Z,,,,0.8,13,5.9,174,,,21.9,,,,
2026-08-10T23:56:00Z,2026-09-12T23:23:23Z,,,,0.9,14,6.7,169,,,21.9,,,,
2026-08-11T00:26:00Z,2026-09-12T23:23:23Z,,,,0.8,14,6.2,166,,,21.9,,,,
2026-08-11T00:56:00Z,2026-09-12T23:23:23Z,,,,0.8,13,5.8,174,,,21.9,,,,
2026-08-11T01:26:00Z,2026-09-12T23:23:23Z,,,,0.8,14,5.5,188,,,21.8,,,,
2026-08-11T01:56:00Z,2026-09-12T23:23:23Z,,,,0.8,14,5.2,176,,,21.7,,,,
2026-08-11T02:26:00Z,2026-09-12T23:23:23Z,,,,0.9,14,5.5,180,,,21.7,,,,
2026-08-11T02:56:00Z,2026-09-12T23:23:23Z,,,,0.9,13,5.4,174,,,21.6,,,,
2026-08-11T03:26:00Z,2026-09-12T23:23:23Z,,,,0.8,14,5.2,167,,,21.6,,,,
2026-08-11T03:56:00Z,2026-09-12T23:23:23Z,,,,0.9,13,5.9,169,,,21.5,,,,
2026-08-11T04:26:00Z,2026-09-12T23:23:23Z,,,,0.8,13,5.4,184,,,21.5,,,,
2026-08-11T04:56:00Z,2026-09-12T23:23:23Z,,,,0.8,14,5.6,171,,,21.5,,,,
2026-08-11T05:26:00Z,2026-09-12T23:23:23Z,,,,0.8,13,6.1,173,,,21.4,,,,
2026-08-11T05:56:00Z,2026-09-12T23:23:23Z,,,,0.8,14,5.8,164,,,21.4,,,,
2026-08-11T06:26:00Z,2026-09-12T23:23:23Z,,,,0.8,13,6.4,180,,,21.3,,,,
2026-08-11T06:56:00Z,2026-09-12T23:23:23Z,,,,0.8,13,6.6,178,,,21.2,,,,
2026-08-11T07:26:00Z,2026-09-12T23:23:23Z,,,,0.7,14,6.1,167,,,21.1,,,,
2026-08-11T07:56:00Z,2026-09-12T23:23:23Z,,,,0.7,13,6.6,181,,,21.0,,,,
2026-08-11T08:26:00Z,2026-09-12T23:23:23Z,,,,0.7,13,6.9,177,,,21.0,,,,
2026-08-11T08:56:00Z,2026-09-12T23:23:23Z,,,,0.7,13,7.4,173,,,21.0,,,,
2026-08-11T09:26:00Z,2026-09-12T23:23:23Z,,,,0.7,14,6.9,180,,,21.0,,,,
2026-08-11T09:56:00Z,2026-09-12T23:23:23Z,,,,0.7,14,6.4,171,,,20.9,,,,
2026-08-11T10:26:00Z,2026-09-12T23:23:23Z,,,,0.6,13,5.7,176,,,20.9,,,,
2026-08-11T10:56:00Z,2026-09-12T23:23:23Z,,,,0.7,13,6.3,171,,,20.9,,,,
2026-08-11T11:26:00Z,2026-09-12T23:23:23Z,,,,0.7,14,6.2,161,,,20.9,,,,
2026-08-11T11:56:00Z,2026-09-12T23:23:23Z,,,,0.8,13,7.0,177,,,20.9,,,,
2026-08-11T12:26:00Z,2026-09-12T23:23:23Z,,,,0.7,13,6.4,180,,,20.9,,,,
2026-08-11T12:56:00Z,2026-09-12T23:23:23Z,,,,0.7,13,7.5,167,,,20.9,,,,
2026-08-11T13:26:00Z,2026-09-12T23:23:23Z,,,,0.7,13,7.8,169,,,20.9,,,,
2026-08-11T13:56:00Z,2026-09-12T23:23:23Z,,,,0.7,13,7.2,169,,,20.9,,,,
2026-08-11T14:26:00Z,2026-09-12T23:23:23Z,,,,0.7,13,7.9,173,,,21.0,,,,
2026-08-11T14:56:00Z,2026-09-12T23:23:23Z,,,,0.8,13,8.2,167,,,21.0,,,,
2026-08-11T15:26:00Z,2026-09-12T23:23:23Z,,,,0.7,13,7.5,173,,,21.1,,,,
2026-08-11T15:56:00Z,2026-09-12T23:23:23Z,,,,0.7,13,7.2,166,,,21.2,,,,
2026-08-11T16:26:00Z,2026-09-12T23:23:23Z,,,,0.7,13,7.4,178,,,21.3,,,,
2026-08-11T16:56:00Z,2026-09-12T23:23:23Z,,,,0.7,13,7.3,174,,,21.3,,,,
2026-08-11T17:26:00Z,2026-09-12T23:23:23Z,,,,0.6,13,7.4,171,,,21.4,,,,
2026-08-11T17:56:00Z,2026-09-12T23:23:23Z,,,,0.7,13,7.5,173,,,21.6,,,,
2026-08-11T18:26:00Z,2026-09-12T23:23:23Z,,,,0.6,13,7.7,176,,,21.8,,,,
2026-08-11T18:56:00Z,2026-09-12T23:23:23Z,,,,0.6,13,8.3,171,,,21.7,,,,
2026-08-11T19:26:00Z,2026-09-12T23:23:23Z,,,,0.7,13,8.2,169,,,21.8,,,,
2026-08-11T19:56:00Z,2026-09-12T23:23:23Z,,,,0.6,13,7.5,164,,,21.8,,,,
2026-08-11T20:26:00Z,2026-09-12T23:23:23Z,,,,0.7,12,7.5,167,,,21.7,,,,
2026-08-11T20:56:00Z,2026-09-12T23:23:23Z,,,,0.7,13,7.1,170,,,21.7,,,,
2026-08-11T21:26:00Z,2026-09-12T23:23:23Z,,,,0.6,13,4.9,167,,,21.6,,,,
2026-08-11T21:56:00Z,2026-09-12T23:23:23Z,,,,0.7,14,5.1,178,,,21.6,,,,
2026-08-11T22:26:00Z,2026-09-12T23:23:23Z,,,,0.8,13,4.8,171,,,21.5,,,,
2026-08-11T22:56:00Z,2026-09-12T23:23:23Z,,,,0.8,13,4.3,170,,,21.4,,,,
2026-08-11T23:26:00Z,2026-09-12T23:23:23Z,,,,0.9,11,4.5,191,,,21.4,,,,
2026-08-11T23:56:00Z,2026-09-12T23:23:23Z,,,,0.9,13,4.3,176,,,21.3,,,,
2026-08-12T00:26:00Z,2026-09-12T23:23:23Z,,,,0.9,13,4.4,167,,,21.4,,,,
2026-08-12T00:56:00Z,2026-09-12T23:23:23Z,,,,0.9,13,4.1,161,,,21.4,,,,
2026-08-12T01:26:00Z,2026-09-12T23:23:23Z,,,,0.9,13,4.2,183,,,21.3,,,,
2026-08-12T01:56:00Z,2026-09-12T23:23:23Z,,,,0.9,13,4.1,173,,,21.2,,,,
2026-08-12T02:26:00Z,2026-09-12T23:23:23Z,,,,0.9,13,4.4,174,,,21.3,,,,
2026-08-12T02:56:00Z,2026-09-12T23:23:23Z,,,,0.9,13,4.5,164,,,21.3,,,,
2026-08-12T03:26:00Z,2026-09-12T23:23:23Z,,,,0.9,13,4.7,169,,,21.3,,,,
2026-08-12T03:56:00Z,2026-09-12T23:23:23Z,,,,0.9,13,4.7,174,,,21.3,,,,
2026-08-12T04:26:00Z,2026-09-12T23:23:23Z,,,,0.9,13,5.0,173,,,21.2,,,,
2026-08-12T04:56:00Z,2026-09-12T23:23:23Z,,,,0.8,13,4.9,173,,,21.2,,,,
2026-08-12T05:26:00Z,2026-09-12T23:23:23Z,,,,0.9,13,5.2,185,,,21.1,,,,
2026-08-12T05:56:00Z,2026-09-12T23:23:23Z,,,,0.9,13,4.9,170,,,21.0,,,,
2026-08-12T06:26:00Z,2026-09-12T23:23:23Z,,,,0.8,12,4.7,177,,,20.9,,,,
2026-08-12T06:56:00Z,2026-09-12T23:23:23Z,,,,0.9,13,5.1,164,,,20.9,,,,
2026-08-12T07:26:00Z,2026-09-12T23:23:23Z,,,,0.8,13,5.1,174,,,20.8,,,,
2026-08-12T07:56:00Z,2026-09-12T23:23:23Z,,,,0.8,13,5.4,173,,,20.8,,,,
2026-08-12T08:26:00Z,2026-09-12T23:23:23Z,,,,0.8,13,5.3,176,,,20.7,,,,
2026-08-12T08:56:00Z,2026-09-12T23:23:23Z,,,,0.8,11,5.4,185,,,20.7,,,,
2026-08-12T09:26:00Z,2026-09-12T23:23:23Z,,,,0.8,13,5.6,181,,,20.7,,,,
2026-08-12T09:56:00Z,2026-09-12T23:23:23Z,,,,0.8,18,5.7,198,,,20.7,,,,
2026-08-12T10:26:00Z,2026-09-12T23:23:23Z,,,,0.8,13,5.5,167,,,20.7,,,,
2026-08-12T10:56:00Z,2026-09-12T23:23:23Z,,,,0.7,13,5.8,177,,,20.7,,,,
2026-08-12T11:26:00Z,2026-09-12T23:23:23Z,,,,0.8,14,6.2,170,,,20.6,,,,
2026-08-12T11:56:00Z,2026-09-12T23:23:23Z,,,,0.7,13,6.2,171,,,20.6,,,,
2026-08-12T12:26:00Z,2026-09-12T23:23:23Z,,,,0.7,13,6.6,177,,,20.6,,,,
2026-08-12T12:56:00Z,2026-09-12T23:23:23Z,,,,0.7,12,6.8,180,,,20.6,,,,
2026-08-12T13:26:00Z,2026-09-12T23:23:23Z,,,,0.7,12,6.4,180,,,20.6,,,,
2026-08-12T13:56:00Z,2026-09-12T23:23:23Z,,,,0.7,13,7.0,191,,,20.6,,,,
2026-08-12T14:26:00Z,2026-09-12T23:23:23Z,,,,0.7,13,7.8,180,,,20.6,,,,
2026-08-12T14:56:00Z,2026-09-12T23:23:23Z,,,,0.7,12,8.0,185,,,20.6,,,,
2026-08-12T15:26:00Z,2026-09-12T23:23:23Z,,,,0.7,11,7.7,183,,,20.6,,,,
2026-08-12T15:56:00Z,2026-09-12T23:23:23Z,,,,0.8,17,8.2,187,,,20.7,,,,
2026-08-12T16:26:00Z,2026-09-12T23:23:23Z,,,,0.7,13,7.8,181,,,20.8,,,,
2026-08-12T16:56:00Z,2026-09-12T23:23:23Z,,,,0.8,13,7.9,169,,,21.0,,,,
2026-08-12T17:26:00Z,2026-09-12T23:23:23Z,,,,0.7,11,7.9,192,,,21.1,,,,
2026-08-12T17:56:00Z,2026-09-12T23:23:23Z,,,,0.8,12,7.9,183,,,21.4,,,,
2026-08-12T18:26:00Z,2026-09-12T23:23:23Z,,,,0.7,11,7.2,167,,,21.5,,,,
2026-08-12T18:56:00Z,2026-09-12T23:23:23Z,,,,0.7,12,7.9,180,,,21.6,,,,
2026-08-12T19:26:00Z,2026-09-12T23:23:23Z,,,,0.7,13,7.8,176,,,21.8,,,,
2026-08-12T19:56:00Z,2026-09-12T23:23:23Z,,,,0.7,11,7.6,171,,,22.1,,,,
2026-08-12T20:26:00Z,2026-09-12T23:23:23Z,,,,0.8,11,7.6,183,,,22.1,,,,
2026-08-12T20:56:00Z,2026-09-12T23:23:23Z,,,,0.7,17,6.4,194,,,22.0,,,,
2026-08-12T21:26:00Z,2026-09-12T23:23:23Z,,,,0.8,13,6.1,163,,,21.9,,,,
2026-08-12T21:56:00Z,2026-09-12T23:23:23Z,,,,0.8,11,6.3,166,,,21.9,,,,
2026-08-12T22:26:00Z,2026-09-12T23:23:23Z,,,,0.8,12,6.0,178,,,22.0,,,,
2026-08-12T22:56:00Z,2026-09-12T23:23:23Z,,,,0.8,13,5.9,176,,,22.0,,,,
2026-08-12T23:26:00Z,2026-09-12T23:23:23Z,,,,0.8,14,4.7,178,,,22.1,,,,
2026-08-12T23:56:00Z,2026-09-12T23:23:23Z,,,,0.8,13,4.6,174,,,22.0,,,,
2026-08-13T00:26:00Z,2026-09-12T23:23:23Z,,,,0.9,13,4.7,159,,,21.9,,,,
2026-08-13T00:56:00Z,2026-09-12T23:23:23Z,,,,0.9,11,4.3,170,,,21.9,,,,
2026-08-13T01:26:00Z,2026-09-12T23:23:23Z,,,,0.9,12,4.4,169,,,21.8,,,,
2026-08-13T01:56:00Z,2026-09-12T23:23:23Z,,,,1.0,13,4.7,166,,,21.9,,,,
2026-08-13T02:26:00Z,2026-09-12T23:23:23Z,,,,0.9,13,4.8,163,,,22.0,,,,
2026-08-13T02:56:00Z,2026-09-12T23:23:23Z,,,,0.9,13,4.8,181,,,22.0,,,,
2026-08-13T03:26:00Z,2026-09-12T23:23:23Z,,,,0.9,13,5.0,173,,,22.0,,,,
2026-08-13T03:56:00Z,2026-09-12T23:23:23Z,,,,0.9,13,5.0,187,,,22.0,,,,
2026-08-13T04:26:00Z,2026-09-12T23:23:23Z,,,,0.9,17,5.5,187,,,21.9,,,,
2026-08-13T04:56:00Z,2026-09-12T23:23:23Z,,,,0.9,13,5.3,167,,,21.7,,,,
2026-08-13T05:26:00Z,2026-09-12T23:23:23Z,,,,0.8,13,5.6,166,,,21.8,,,,
2026-08-13T05:56:00Z,2026-09-12T23:23:23Z,,,,0.8,17,5.7,166,,,21.8,,,,
2026-08-13T06:26:00Z,2026-09-12T23:23:23Z,,,,0.8,13,5.9,177,,,21.7,,,,
2026-08-13T06:56:00Z,2026-09-12T23:23:23Z,,,,0.9,13,6.4,161,,,21.7,,,,
2026-08-13T07:26:00Z,2026-09-12T23:23:23Z,,,,0.8,17,6.3,138,,,21.7,,,,
2026-08-13T07:56:00Z,2026-09-12T23:23:23Z,,,,0.7,12,6.1,173,,,21.6,,,,
2026-08-13T08:26:00Z,2026-09-12T23:23:23Z,,,,0.8,13,6.5,170,,,21.4,,,,
2026-08-13T08:56:00Z,2026-09-12T23:23:23Z,,,,0.8,11,7.1,180,,,21.3,,,,
2026-08-13T09:26:00Z,2026-09-12T23:23:23Z,,,,0.8,14,7.2,171,,,21.1,,,,
2026-08-13T09:56:00Z,2026-09-12T23:23:23Z,,,,0.8,17,7.7,191,,,21.0,,,,
2026-08-13T10:26:00Z,2026-09-12T23:23:23Z,,,,0.8,13,7.2,177,,,20.9,,,,
2026-08-13T10:56:00Z,2026-09-12T23:23:23Z,,,,0.8,12,7.4,176,,,20.7,,,,
2026-08-13T11:26:00Z,2026-09-12T23:23:23Z,,,,0.8,13,7.6,173,,,20.6,,,,
2026-08-13T11:56:00Z,2026-09-12T23:23:23Z,,,,0.8,12,8.0,176,,,20.7,,,,
2026-08-13T12:26:00Z,2026-09-12T23:23:23Z,,,,0.8,13,8.0,171,,,20.6,,,,
2026-08-13T12:56:00Z,2026-09-12T23:23:23Z,,,,0.7,13,7.8,173,,,20.6,,,,
2026-08-13T13:26:00Z,2026-09-12T23:23:23Z,,,,0.8,13,8.4,171,,,20.6,,,,
2026-08-13T13:56:00Z,2026-09-12T23:23:23Z,,,,0.8,13,8.4,174,,,20.6,,,,
2026-08-13T14:26:00Z,2026-09-12T23:23:23Z,,,,0.8,13,8.8,170,,,20.6,,,,
2026-08-13T14:56:00Z,2026-09-12T23:23:23Z,,,,0.8,17,8.7,184,,,20.6,,,,
2026-08-13T15:26:00Z,2026-09-12T23:23:23Z,,,,0.8,11,8.8,174,,,20.6,,,,
2026-08-13T15:56:00Z,2026-09-12T23:23:23Z,,,,0.7,13,8.1,183,,,20.7,,,,
2026-08-13T16:26:00Z,2026-09-12T23:23:23Z,,,,0.8,13,8.9,167,,,20.9,,,,
2026-08-13T16:56:00Z,2026-09-12T23:23:23Z,,,,0.8,15,9.0,171,,,21.2,,,,
2026-08-13T17:26:00Z,2026-09-12T23:23:23Z,,,,0.8,13,8.7,163,,,21.5,,,,
2026-08-13T17:56:00Z,2026-09-12T23:23:23Z,,,,0.8,17,8.6,185,,,21.7,,,,
2026-08-13T18:26:00Z,2026-09-12T23:23:23Z,,,,0.7,13,8.2,170,,,21.9,,,,
2026-08-13T18:56:00Z,2026-09-12T23:23:23Z,,,,0.7,13,8.7,160,,,22.0,,,,
2026-08-13T19:26:00Z,2026-09-12T23:23:23Z,,,,0.8,13,8.7,170,,,22.3,,,,
2026-08-13T19:56:00Z,2026-09-12T23:23:23Z,,,,0.8,13,8.8,176,,,22.5,,,,
2026-08-13T20:26:00Z,2026-09-12T23:23:23Z,,,,0.7,13,8.3,161,,,22.7,,,,
2026-08-13T20:56:00Z,2026-09-12T23:23:23Z,,,,0.7,13,8.5,173,,,23.3,,,,
2026-08-13T21:26:00Z,2026-09-12T23:23:23Z,,,,0.7,13,8.4,169,,,23.2,,,,
2026-08-13T21:56:00Z,2026-09-12T23:23:23Z,,,,0.8,12,8.4,176,,,23.0,,,,
2026-08-13T22:26:00Z,2026-09-12T23:23:23Z,,,,0.7,12,8.1,171,,,22.8,,,,
2026-08-13T22:56:00Z,2026-09-12T23:23:23Z,,,,0.8,12,8.1,167,,,22.8,,,,
2026-08-13T23:26:00Z,2026-09-12T23:23:23Z,,,,0.7,13,7.8,166,,,22.4,,,,
2026-08-13T23:56:00Z,2026-09-12T23:23:23Z,,,,0.8,12,6.8,169,,,22.2,,,,
2026-08-14T00:26:00Z,2026-09-12T23:23:23Z,,,,0.8,14,6.5,160,,,22.3,,,,
2026-08-14T00:56:00Z,2026-09-12T23:23:23Z,,,,0.8,13,6.5,176,,,22.1,,,,
2026-08-14T01:26:00Z,2026-09-12T23:23:23Z,,,,0.7,12,5.5,177,,,22.1,,,,
2026-08-14T01:56:00Z,2026-09-12T23:23:23Z,,,,0.7,12,5.7,171,,,21.9,,,,
2026-08-14T02:26:00Z,2026-09-12T23:23:23Z,,,,0.8,13,6.8,160,,,21.9,,,,
2026-08-14T02:56:00Z,2026-09-12T23:23:23Z,,,,0.8,15,7.0,183,,,22.0,,,,
2026-08-14T03:26:00Z,2026-09-12T23:23:23Z,,,,0.7,13,6.6,159,,,21.9,,,,
2026-08-14T03:56:00Z,2026-09-12T23:23:23Z,,,,0.8,13,7.2,173,,,21.9,,,,
2026-08-14T04:26:00Z,2026-09-12T23:23:23Z,,,,0.8,13,7.5,170,,,21.9,,,,
2026-08-14T04:56:00Z,2026-09-12T23:23:23Z,,,,0.8,13,7.6,163,,,21.9,,,,
2026-08-14T05:26:00Z,2026-09-12T23:23:23Z,,,,0.8,13,8.0,166,,,21.8,,,,
2026-08-14T05:56:00Z,2026-09-12T23:23:23Z,,,,0.8,13,8.1,167,,,21.9,,,,
2026-08-14T06:26:00Z,2026-09-12T23:23:23Z,,,,0.8,13,7.9,170,,,21.8,,,,
2026-08-14T06:56:00Z,2026-09-12T23:23:23Z,,,,0.8,13,8.0,176,,,21.7,,,,
2026-08-14T07:26:00Z,2026-09-12T23:23:23Z,,,,0.8,15,7.7,132,,,21.7,,,,
2026-08-14T07:56:00Z,2026-09-12T23:23:23Z,,,,0.8,13,8.1,171,,,21.6,,,,
2026-08-14T08:26:00Z,2026-09-12T23:23:23Z,,,,0.8,14,8.0,173,,,21.6,,,,
2026-08-14T08:56:00Z,2026-09-12T23:23:23Z,,,,0.8,13,7.6,174,,,21.5,,,,
2026-08-14T09:26:00Z,2026-09-12T23:23:23Z,,,,0.7,13,7.4,180,,,21.5,,,,
2026-08-14T09:56:00Z,2026-09-12T23:23:23Z,,,,0.8,12,8.1,173,,,21.4,,,,
2026-08-14T10:26:00Z,2026-09-12T23:23:23Z,,,,0.8,13,7.7,174,,,21.3,,,,
2026-08-14T10:56:00Z,2026-09-12T23:23:23Z,,,,0.8,13,7.5,174,,,21.2,,,,
2026-08-14T11:26:00Z,2026-09-12T23:23:23Z,,,,0.8,14,7.3,174,,,21.1,,,,
2026-08-14T11:56:00Z,2026-09-12T23:23:23Z,,,,0.8,13,8.0,180,,,21.0,,,,
2026-08-14T12:26:00Z,2026-09-12T23:23:23Z,,,,0.8,15,7.7,185,,,21.0,,,,
2026-08-14T12:56:00Z,2026-09-12T23:23:23Z,,,,0.8,12,8.4,174,,,20.9,,,,
2026-08-14T13:26:00Z,2026-09-12T23:23:23Z,,,,0.8,13,8.5,170,,,20.9,,,,
2026-08-14T13:56:00Z,2026-09-12T23:23:23Z,,,,0.8,15,8.7,180,,,20.8,,,,
2026-08-14T14:26:00Z,2026-09-12T23:23:23Z,,,,0.8,13,9.0,176,,,20.7,,,,
2026-08-14T14:56:00Z,2026-09-12T23:23:23Z,,,,0.8,13,8.8,177,,,20.7,,,,
2026-08-14T15:26:00Z,2026-09-12T23:23:23Z,,,,0.8,13,8.6,166,,,20.7,,,,
2026-08-14T15:56:00Z,2026-09-12T23:23:23Z,,,,0.8,13,8.5,174,,,20.7,,,,
2026-08-14T16:26:00Z,2026-09-12T23:23:23Z,,,,0.8,13,8.3,161,,,20.7,,,,
2026-08-14T16:56:00Z,2026-09-12T23:23:23Z,,,,0.8,12,8.0,171,,,20.8,,,,
2026-08-14T17:26:00Z,2026-09-12T23:23:23Z,,,,0.9,13,8.3,180,,,20.9,,,,
2026-08-14T17:56:00Z,2026-09-12T23:23:23Z,,,,0.9,13,8.4,174,,,21.0,,,,
2026-08-14T18:26:00Z,2026-09-12T23:23:23Z,,,,0.8,13,7.9,176,,,21.1,,,,
2026-08-14T18:56:00Z,2026-09-12T23:23:23Z,,,,0.8,14,8.5,178,,,21.1,,,,
2026-08-14T19:26:00Z,2026-09-12T23:23:23Z,,,,0.8,13,8.6,173,,,21.3,,,,
2026-08-14T19:56:00Z,2026-09-12T23:23:23Z,,,,0.8,15,8.7,183,,,21.5,,,,
2026-08-14T20:26:00Z,2026-09-12T23:23:23Z,,,,0.8,14,8.6,177,,,21.4,,,,
2026-08-14T20:56:00Z,2026-09-12T23:23:23Z,,,,0.8,13,8.5,167,,,21.7,,,,
2026-08-14T21:26:00Z,2026-09-12T23:23:23Z,,,,0.7,14,7.8,180,,,21.8,,,,
2026-08-14T21:56:00Z,2026-09-12T23:23:23Z,,,,0.8,13,7.8,173,,,21.9,,,,
2026-08-14T22:26:00Z,2026-09-12T23:23:23Z,,,,0.8,14,6.8,178,,,21.8,,,,
2026-08-14T22:56:00Z,2026-09-12T23:23:23Z,,,,0.8,13,6.2,180,,,21.8,,,,
2026-08-14T23:26:00Z,2026-09-12T23:23:23Z,,,,0.9,18,6.9,197,,,21.6,,,,
2026-08-14T23:56:00Z,2026-09-12T23:23:23Z,,,,0.9,18,5.7,209,,,21.5,,,,
2026-08-15T00:26:00Z,2026-09-12T23:23:23Z,,,,0.9,13,5.8,169,,,21.5,,,,
2026-08-15T00:56:00Z,2026-09-12T23:23:23Z,,,,0.9,14,5.1,171,,,21.4,,,,
2026-08-15T01:26:00Z,2026-09-12T23:23:23Z,,,,0.9,18,5.2,198,,,21.3,,,,
2026-08-15T01:56:00Z,2026-09-12T23:23:23Z,,,,0.9,15,5.1,181,,,21.2,,,,
2026-08-15T02:26:00Z,2026-09-12T23:23:23Z,,,,0.8,15,5.2,184,,,21.1,,,,
2026-08-15T02:56:00Z,2026-09-12T23:23:23Z,,,,0.9,18,6.0,187,,,21.0,,,,
2026-08-15T03:26:00Z,2026-09-12T23:23:23Z,,,,0.9,13,5.5,161,,,21.1,,,,
2026-08-15T03:56:00Z,2026-09-12T23:23:23Z,,,,0.9,14,6.1,183,,,21.1,,,,
2026-08-15T04:26:00Z,2026-09-12T23:23:23Z,,,,0.9,18,6.5,177,,,21.2,,,,
2026-08-15T04:56:00Z,2026-09-12T23:23:23Z,,,,0.9,13,6.6,164,,,21.2,,,,
2026-08-15T05:26:00Z,2026-09-12T23:23:23Z,,,,0.9,11,6.7,181,,,21.3,,,,
2026-08-15T05:56:00Z,2026-09-12T23:23:23Z,,,,0.9,18,6.8,176,,,21.2,,,,
2026-08-15T06:26:00Z,2026-09-12T23:23:23Z,,,,1.1,18,9.1,183,,,21.2,,,,
2026-08-15T06:56:00Z,2026-09-12T23:23:23Z,,,,0.9,18,7.5,170,,,21.2,,,,
2026-08-15T07:26:00Z,2026-09-12T23:23:23Z,,,,0.9,18,7.6,171,,,21.2,,,,
2026-08-15T07:56:00Z,2026-09-12T23:23:23Z,,,,0.9,18,8.1,185,,,21.1,,,,
2026-08-15T08:26:00Z,2026-09-12T23:23:23Z,,,,0.9,18,8.1,190,,,21.1,,,,
2026-08-15T08:56:00Z,2026-09-12T23:23:23Z,,,,0.8,18,8.0,198,,,21.1,,,,
2026-08-15T09:26:00Z,2026-09-12T23:23:23Z,,,,0.8,18,7.8,208,,,21.0,,,,
2026-08-15T09:56:00Z,2026-09-12T23:23:23Z,,,,0.9,18,8.5,188,,,21.0,,,,
2026-08-15T10:26:00Z,2026-09-12T23:23:23Z,,,,0.8,18,8.1,183,,,20.8,,,,
2026-08-15T10:56:00Z,2026-09-12T23:23:23Z,,,,0.8,18,7.6,205,,,20.7,,,,
2026-08-15T11:26:00Z,2026-09-12T23:23:23Z,,,,0.8,18,6.4,185,,,20.5,,,,
2026-08-15T11:56:00Z,2026-09-12T23:23:23Z,,,,0.9,13,6.5,181,,,20.2,,,,
2026-08-15T12:26:00Z,2026-09-12T23:23:23Z,,,,0.9,18,6.6,215,,,20.1,,,,
2026-08-15T12:56:00Z,2026-09-12T23:23:23Z,,,,0.9,13,6.5,171,,,20.1,,,,
2026-08-15T13:26:00Z,2026-09-12T23:23:23Z,,,,0.8,18,6.4,198,,,20.1,,,,
2026-08-15T13:56:00Z,2026-09-12T23:23:23Z,,,,0.8,15,6.7,191,,,20.4,,,,
2026-08-15T14:26:00Z,2026-09-12T23:23:23Z,,,,0.8,18,6.9,191,,,20.5,,,,
2026-08-15T14:56:00Z,2026-09-12T23:23:23Z,,,,0.8,17,7.6,187,,,22.2,,,,
2026-08-15T15:26:00Z,2026-09-12T23:23:23Z,,,,0.9,18,8.0,187,,,21.6,,,,
2026-08-15T15:56:00Z,2026-09-12T23:23:23Z,,,,0.9,17,8.4,188,,,22.2,,,,
2026-08-15T16:26:00Z,2026-09-12T23:23:23Z,,,,0.9,18,8.0,178,,,21.8,,,,
2026-08-15T16:56:00Z,2026-09-12T23:23:23Z,,,,0.8,17,8.0,12,,,21.8,,,,
2026-08-15T17:26:00Z,2026-09-12T23:23:23Z,,,,0.8,17,7.3,191,,,22.2,,,,
2026-08-15T17:56:00Z,2026-09-12T23:23:23Z,,,,0.9,17,8.5,187,,,22.7,,,,
2026-08-15T18:26:00Z,2026-09-12T23:23:23Z,,,,0.9,17,8.5,194,,,23.0,,,,
2026-08-15T18:56:00Z,2026-09-12T23:23:23Z,,,,0.9,17,9.1,156,,,23.0,,,,
2026-08-15T19:26:00Z,2026-09-12T23:23:23Z,,,,0.9,18,8.6,191,,,23.0,,,,
2026-08-15T19:56:00Z,2026-09-12T23:23:23Z,,,,0.9,17,8.2,181,,,22.6,,,,
2026-08-15T20:26:00Z,2026-09-12T23:23:23Z,,,,0.8,17,6.5,177,,,22.2,,,,
2026-08-15T20:56:00Z,2026-09-12T23:23:23Z,,,,0.9,18,6.3,174,,,22.5,,,,
2026-08-15T21:26:00Z,2026-09-12T23:23:23Z,,,,0.9,17,6.2,174,,,22.4,,,,
2026-08-15T21:56:00Z,2026-09-12T23:23:23Z,,,,0.8,17,5.3,176,,,21.7,,,,
2026-08-15T22:26:00Z,2026-09-12T23:23:23Z,,,,0.9,17,5.8,176,,,21.4,,,,
2026-08-15T22:56:00Z,2026-09-12T23:23:23Z,,,,1.0,17,5.5,199,,,21.1,,,,
2026-08-15T23:26:00Z,2026-09-12T23:23:23Z,,,,1.0,17,5.3,192,,,20.9,,,,
2026-08-15T23:56:00Z,2026-09-12T23:23:23Z,,,,1.0,17,5.7,187,,,20.7,,,,
2026-08-16T00:26:00Z,2026-09-12T23:23:23Z,,,,1.0,17,5.5,180,,,20.5,,,,
2026-08-16T00:56:00Z,2026-09-12T23:23:23Z,,,,1.1,17,5.9,183,,,20.5,,,,
2026-08-16T01:26:00Z,2026-09-12T23:23:23Z,,,,1.1,15,5.8,174,,,20.5,,,,
2026-08-16T01:56:00Z,2026-09-12T23:23:23Z,,,,1.0,17,5.7,164,,,20.5,,,,
2026-08-16T02:26:00Z,2026-09-12T23:23:23Z,,,,1.0,17,5.4,187,,,20.4,,,,
2026-08-16T02:56:00Z,2026-09-12T23:23:23Z,,,,1.0,17,5.6,187,,,20.4,,,,
2026-08-16T03:26:00Z,2026-09-12T23:23:23Z,,,,1.0,17,6.3,183,,,20.4,,,,
2026-08-16T03:56:00Z,2026-09-12T23:23:23Z,,,,1.1,17,6.9,185,,,20.4,,,,
2026-08-16T04:26:00Z,2026-09-12T23:23:23Z,,,,1.0,17,6.7,184,,,20.4,,,,
2026-08-16T04:56:00Z,2026-09-12T23:23:23Z,,,,1.1,17,7.5,187,,,20.4,,,,
2026-08-16T05:26:00Z,2026-09-12T23:23:23Z,,,,1.1,17,7.9,177,,,20.4,,,,
2026-08-16T05:56:00Z,2026-09-12T23:23:23Z,,,,1.0,15,7.1,180,,,20.4,,,,
2026-08-16T06:26:00Z,2026-09-12T23:23:23Z,,,,0.9,17,6.7,181,,,20.3,,,,
2026-08-16T06:56:00Z,2026-09-12T23:23:23Z,,,,0.9,17,6.7,173,,,20.2,,,,
2026-08-16T07:26:00Z,2026-09-12T23:23:23Z,,,,0.9,15,6.8,190,,,20.2,,,,
2026-08-16T07:56:00Z,2026-09-12T23:23:23Z,,,,0.9,15,7.5,183,,,20.2,,,,
2026-08-16T08:26:00Z,2026-09-12T23:23:23Z,,,,1.0,17,7.1,228,,,20.3,,,,
2026-08-16T08:56:00Z,2026-09-12T23:23:23Z,,,,1.0,17,7.1,277,,,20.3,,,,
2026-08-16T09:26:00Z,2026-09-12T23:23:23Z,,,,1.1,17,7.0,177,,,20.3,,,,
2026-08-16T09:56:00Z,2026-09-12T23:23:23Z,,,,1.0,15,7.3,178,,,20.3,,,,
2026-08-16T10:26:00Z,2026-09-12T23:23:23Z,,,,1.1,15,7.4,197,,,20.2,,,,
2026-08-16T10:56:00Z,2026-09-12T23:23:23Z,,,,1.0,17,6.7,177,,,20.2,,,,
2026-08-16T11:26:00Z,2026-09-12T23:23:23Z,,,,1.0,15,7.3,195,,,20.2,,,,
2026-08-16T11:56:00Z,2026-09-12T23:23:23Z,,,,1.0,17,6.7,185,,,20.2,,,,
2026-08-16T12:26:00Z,2026-09-12T23:23:23Z,,,,1.0,15,6.7,190,,,20.2,,,,
2026-08-16T12:56:00Z,2026-09-12T23:23:23Z,,,,1.0,15,6.7,195,,,20.2,,,,
2026-08-16T13:26:00Z,2026-09-12T23:23:23Z,,,,1.0,15,7.2,185,,,20.3,,,,
2026-08-16T13:56:00Z,2026-09-12T23:23:23Z,,,,1.0,15,7.1,190,,,20.4,,,,
2026-08-16T14:26:00Z,2026-09-12T23:23:23Z,,,,1.0,15,7.0,180,,,21.4,,,,
2026-08-16T14:56:00Z,2026-09-12T23:23:23Z,,,,0.9,15,6.5,187,,,21.7,,,,
2026-08-16T15:26:00Z,2026-09-12T23:23:23Z,,,,0.9,15,6.7,180,,,21.7,,,,
2026-08-16T15:56:00Z,2026-09-12T23:23:23Z,,,,0.8,15,7.0,183,,,21.7,,,,
2026-08-16T16:26:00Z,2026-09-12T23:23:23Z,,,,0.9,15,8.0,184,,,22.0,,,,
2026-08-16T16:56:00Z,2026-09-12T23:23:23Z,,,,0.8,15,7.6,181,,,22.3,,,,
2026-08-16T17:26:00Z,2026-09-12T23:23:23Z,,,,0.8,15,6.8,188,,,22.3,,,,
2026-08-16T17:56:00Z,2026-09-12T23:23:23Z,,,,0.9,15,7.7,180,,,22.4,,,,
2026-08-16T18:26:00Z,2026-09-12T23:23:23Z,,,,1.0,15,7.8,177,,,22.4,,,,
2026-08-16T18:56:00Z,2026-09-12T23:23:23Z,,,,1.0,15,7.7,177,,,22.3,,,,
2026-08-16T19:26:00Z,2026-09-12T23:23:23Z,,,,1.1,15,7.3,174,,,21.7,,,,
2026-08-16T19:56:00Z,2026-09-12T23:23:23Z,,,,1.0,14,7.0,180,,,21.4,,,,
2026-08-16T20:26:00Z,2026-09-12T23:23:23Z,,,,1.0,15,6.5,177,,,21.0,,,,
2026-08-16T20:56:00Z,2026-09-12T23:23:23Z,,,,1.0,15,6.4,209,,,21.1,,,,
2026-08-16T21:26:00Z,2026-09-12T23:23:23Z,,,,1.0,15,6.1,183,,,20.9,,,,
2026-08-16T21:56:00Z,2026-09-12T23:23:23Z,,,,1.2,15,6.0,177,,,20.8,,,,
2026-08-16T22:26:00Z,2026-09-12T23:23:23Z,,,,1.1,15,5.2,187,,,20.8,,,,
2026-08-16T22:56:00Z,2026-09-12T23:23:23Z,,,,1.0,15,4.9,167,,,20.6,,,,
2026-08-16T23:26:00Z,2026-09-12T23:23:23Z,,,,1.0,15,4.8,169,,,20.6,,,,
2026-08-16T23:56:00Z,2026-09-12T23:23:23Z,,,,1.0,14,4.7,180,,,20.5,,,,
2026-08-17T00:26:00Z,2026-09-12T23:23:23Z,,,,1.1,15,5.1,169,,,20.5,,,,
2026-08-17T00:56:00Z,2026-09-12T23:23:23Z,,,,1.0,15,4.9,183,,,20.5,,,,
2026-08-17T01:26:00Z,2026-09-12T23:23:23Z,,,,1.1,15,5.2,192,,,20.4,,,,
2026-08-17T01:56:00Z,2026-09-12T23:23:23Z,,,,1.0,15,4.7,185,,,20.4,,,,
2026-08-17T02:26:00Z,2026-09-12T23:23:23Z,,,,1.1,15,5.1,166,,,20.3,,,,
2026-08-17T02:56:00Z,2026-09-12T23:23:23Z,,,,1.1,15,5.1,192,,,20.3,,,,
2026-08-17T03:26:00Z,2026-09-12T23:23:23Z,,,,1.0,15,5.2,187,,,20.3,,,,
2026-08-17T03:56:00Z,2026-09-12T23:23:23Z,,,,1.0,15,5.6,185,,,20.2,,,,
2026-08-17T04:26:00Z,2026-09-12T23:23:23Z,,,,0.9,15,5.5,178,,,20.3,,,,
2026-08-17T04:56:00Z,2026-09-12T23:23:23Z,,,,0.9,15,6.0,176,,,20.3,,,,
2026-08-17T05:26:00Z,2026-09-12T23:23:23Z,,,,1.0,15,6.7,170,,,20.2,,,,
2026-08-17T05:56:00Z,2026-09-12T23:23:23Z,,,,0.9,15,5.8,176,,,20.4,,,,
2026-08-17T06:26:00Z,2026-09-12T23:23:23Z,,,,0.9,15,5.5,183,,,20.4,,,,
2026-08-17T06:56:00Z,2026-09-12T23:23:23Z,,,,1.0,15,5.2,178,,,20.3,,,,
2026-08-17T07:26:00Z,2026-09-12T23:23:23Z,,,,1.1,14,5.1,195,,,20.1,,,,
2026-08-17T07:56:00Z,2026-09-12T23:23:23Z,,,,1.2,15,5.2,178,,,20.1,,,,
2026-08-17T08:26:00Z,2026-09-12T23:23:23Z,,,,1.1,15,5.3,184,,,20.1,,,,
2026-08-17T08:56:00Z,2026-09-12T23:23:23Z,,,,1.2,15,5.8,187,,,20.1,,,,
2026-08-17T09:26:00Z,2026-09-12T23:23:23Z,,,,1.0,15,5.6,187,,,20.1,,,,
2026-08-17T09:56:00Z,2026-09-12T23:23:23Z,,,,1.1,15,5.7,183,,,20.0,,,,
2026-08-17T10:26:00Z,2026-09-12T23:23:23Z,,,,1.1,15,5.6,180,,,20.0,,,,
2026-08-17T10:56:00Z,2026-09-12T23:23:23Z,,,,1.0,15,5.9,183,,,20.0,,,,
2026-08-17T11:26:00Z,2026-09-12T23:23:23Z,,,,1.0,15,5.7,192,,,20.0,,,,
2026-08-17T11:56:00Z,2026-09-12T23:23:23Z,,,,1.0,15,5.6,205,,,20.0,,,,
2026-08-17T12:26:00Z,2026-09-12T23:23:23Z,,,,1.0,15,5.5,185,,,20.2,,,,
2026-08-17T12:56:00Z,2026-09-12T23:23:23Z,,,,1.1,15,5.8,178,,,20.2,,,,
2026-08-17T13:26:00Z,2026-09-12T23:23:23Z,,,,1.0,15,5.6,185,,,20.2,,,,
2026-08-17T13:56:00Z,2026-09-12T23:23:23Z,,,,1.0,14,6.0,187,,,20.2,,,,
2026-08-17T14:26:00Z,2026-09-12T23:23:23Z,,,,0.9,14,5.8,180,,,20.2,,,,
2026-08-17T14:56:00Z,2026-09-12T23:23:23Z,,,,0.9,14,6.0,197,,,20.2,,,,
2026-08-17T15:26:00Z,2026-09-12T23:23:23Z,,,,1.0,15,6.6,181,,,20.2,,,,
2026-08-17T15:56:00Z,2026-09-12T23:23:23Z,,,,1.0,15,7.3,181,,,20.2,,,,
2026-08-17T16:26:00Z,2026-09-12T23:23:23Z,,,,1.0,15,7.1,185,,,20.2,,,,
2026-08-17T16:56:00Z,2026-09-12T23:23:23Z,,,,0.9,15,6.2,167,,,20.3,,,,
2026-08-17T17:26:00Z,2026-09-12T23:23:23Z,,,,0.9,15,6.8,177,,,20.4,,,,
2026-08-17T17:56:00Z,2026-09-12T23:23:23Z,,,,0.8,15,6.1,166,,,20.4,,,,
2026-08-17T18:26:00Z,2026-09-12T23:23:23Z,,,,0.9,15,6.2,180,,,20.5,,,,
2026-08-17T18:56:00Z,2026-09-12T23:23:23Z,,,,0.9,15,7.1,166,,,20.7,,,,
2026-08-17T19:26:00Z,2026-09-12T23:23:23Z,,,,0.8,15,6.6,178,,,20.9,,,,
2026-08-17T19:56:00Z,2026-09-12T23:23:23Z,,,,0.9,15,7.1,174,,,21.0,,,,
2026-08-17T20:26:00Z,2026-09-12T23:23:23Z,,,,0.9,15,6.3,170,,,20.9,,,,
2026-08-17T20:56:00Z,2026-09-12T23:23:23Z,,,,0.9,15,5.8,185,,,20.8,,,,
2026-08-17T21:26:00Z,2026-09-12T23:23:23Z,,,,1.0,15,5.2,154,,,20.7,,,,
2026-08-17T21:56:00Z,2026-09-12T23:23:23Z,,,,1.1,14,5.0,178,,,20.6,,,,
2026-08-17T22:26:00Z,2026-09-12T23:23:23Z,,,,1.0,14,4.3,201,,,20.6,,,,
2026-08-17T22:56:00Z,2026-09-12T23:23:23Z,,,,1.1,14,4.7,174,,,20.7,,,,
2026-08-17T23:26:00Z,2026-09-12T23:23:23Z,,,,1.1,14,4.6,185,,,20.7,,,,
2026-08-17T23:56:00Z,2026-09-12T23:23:23Z,,,,1.1,15,4.3,181,,,20.6,,,,
2026-08-18T00:26:00Z,2026-09-12T23:23:23Z,,,,1.1,15,4.2,201,,,20.6,,,,
2026-08-18T00:56:00Z,2026-09-12T23:23:23Z,,,,1.1,15,4.3,146,,,20.6,,,,
2026-08-18T01:26:00Z,2026-09-12T23:23:23Z,,,,1.1,14,4.2,152,,,20.5,,,,
2026-08-18T01:56:00Z,2026-09-12T23:23:23Z,,,,1.2,14,4.4,183,,,20.7,,,,
2026-08-18T02:26:00Z,2026-09-12T23:23:23Z,,,,1.0,15,4.3,177,,,20.7,,,,
2026-08-18T02:56:00Z,2026-09-12T23:23:23Z,,,,1.0,15,4.6,178,,,20.9,,,,
2026-08-18T03:26:00Z,2026-09-12T23:23:23Z,,,,0.9,15,4.4,167,,,20.8,,,,
2026-08-18T03:56:00Z,2026-09-12T23:23:23Z,,,,0.9,14,4.5,178,,,20.9,,,,
2026-08-18T04:26:00Z,2026-09-12T23:23:23Z,,,,0.9,14,4.6,192,,,20.9,,,,
2026-08-18T04:56:00Z,2026-09-12T23:23:23Z,,,,0.8,15,5.0,185,,,20.9,,,,
2026-08-18T05:26:00Z,2026-09-12T23:23:23Z,,,,0.8,14,5.0,170,,,21.0,,,,
2026-08-18T05:56:00Z,2026-09-12T23:23:23Z,,,,0.9,15,5.4,176,,,21.0,,,,
2026-08-18T06:26:00Z,2026-09-12T23:23:23Z,,,,1.0,14,5.4,173,,,21.1,,,,
2026-08-18T06:56:00Z,2026-09-12T23:23:23Z,,,,1.0,14,5.7,177,,,21.2,,,,
2026-08-18T07:26:00Z,2026-09-12T23:23:23Z,,,,1.0,14,5.7,164,,,21.2,,,,
2026-08-18T07:56:00Z,2026-09-12T23:23:23Z,,,,1.0,14,5.8,181,,,21.2,,,,
2026-08-18T08:26:00Z,2026-09-12T23:23:23Z,,,,1.0,15,5.7,178,,,21.3,,,,
2026-08-18T08:56:00Z,2026-09-12T23:23:23Z,,,,1.1,14,5.8,181,,,21.3,,,,
2026-08-18T09:26:00Z,2026-09-12T23:23:23Z,,,,1.1,14,5.5,187,,,21.3,,,,
2026-08-18T09:56:00Z,2026-09-12T23:23:23Z,,,,1.0,6,5.2,275,,,21.3,,,,
2026-08-18T10:26:00Z,2026-09-12T23:23:23Z,,,,1.0,15,5.5,181,,,21.2,,,,
2026-08-18T10:56:00Z,2026-09-12T23:23:23Z,,,,1.0,5,5.2,280,,,21.1,,,,
2026-08-18T11:26:00Z,2026-09-12T23:23:23Z,,,,1.0,14,5.5,171,,,21.1,,,,
2026-08-18T11:56:00Z,2026-09-12T23:23:23Z,,,,1.0,14,6.0,184,,,21.0,,,,
2026-08-18T12:26:00Z,2026-09-12T23:23:23Z,,,,1.1,14,5.6,178,,,20.8,,,,
2026-08-18T12:56:00Z,2026-09-12T23:23:23Z,,,,1.1,7,5.9,270,,,20.8,,,,
2026-08-18T13:26:00Z,2026-09-12T23:23:23Z,,,,1.1,7,5.8,275,,,20.7,,,,
2026-08-18T13:56:00Z,2026-09-12T23:23:23Z,,,,1.1,7,5.7,273,,,20.7,,,,
2026-08-18T14:26:00Z,2026-09-12T23:23:23Z,,,,1.1,7,5.7,274,,,20.6,,,,
2026-08-18T14:56:00Z,2026-09-12T23:23:23Z,,,,1.1,7,6.0,275,,,20.6,,,,
2026-08-18T15:26:00Z,2026-09-12T23:23:23Z,,,,1.1,14,6.1,171,,,20.5,,,,
2026-08-18T15:56:00Z,2026-09-12T23:23:23Z,,,,1.1,7,6.1,274,,,20.5,,,,
2026-08-18T16:26:00Z,2026-09-12T23:23:23Z,,,,1.1,7,6.3,277,,,20.6,,,,
2026-08-18T16:56:00Z,2026-09-12T23:23:23Z,,,,1.1,7,6.1,271,,,20.7,,,,
2026-08-18T17:26:00Z,2026-09-12T23:23:23Z,,,,1.0,7,6.5,271,,,20.7,,,,
2026-08-18T17:56:00Z,2026-09-12T23:23:23Z,,,,1.0,7,6.4,275,,,20.7,,,,
2026-08-18T18:26:00Z,2026-09-12T23:23:23Z,,,,1.0,7,6.4,274,,,20.8,,,,
2026-08-18T18:56:00Z,2026-09-12T23:23:23Z,,,,1.0,7,6.1,273,,,20.8,,,,
2026-08-18T19:26:00Z,2026-09-12T23:23:23Z,,,,1.1,14,6.2,174,,,20.9,,,,
2026-08-18T19:56:00Z,2026-09-12T23:23:23Z,,,,1.1,7,6.1,275,,,21.0,,,,
2026-08-18T20:26:00Z,2026-09-12T23:23:23Z,,,,1.1,13,5.9,183,,,21.0,,,,
2026-08-18T20:56:00Z,2026-09-12T23:23:23Z,,,,1.1,7,5.4,277,,,21.0,,,,
2026-08-18T21:26:00Z,2026-09-12T23:23:23Z,,,,1.0,14,5.5,177,,,21.0,,,,
2026-08-18T21:56:00Z,2026-09-12T23:23:23Z,,,,1.1,14,5.2,188,,,21.0,,,,
2026-08-18T22:26:00Z,2026-09-12T23:23:23Z,,,,1.0,14,5.1,192,,,21.1,,,,
2026-08-18T22:56:00Z,2026-09-12T23:23:23Z,,,,1.0,14,4.9,157,,,21.2,,,,
2026-08-18T23:26:00Z,2026-09-12T23:23:23Z,,,,1.0,14,4.9,185,,,21.4,,,,
2026-08-18T23:56:00Z,2026-09-12T23:23:23Z,,,,1.0,14,4.8,176,,,21.6,,,,
2026-08-19T00:26:00Z,2026-09-12T23:23:23Z,,,,1.0,13,4.5,188,,,21.7,,,,
2026-08-19T00:56:00Z,2026-09-12T23:23:23Z,,,,1.0,15,4.5,181,,,21.6,,,,
2026-08-19T01:26:00Z,2026-09-12T23:23:23Z,,,,1.1,14,4.8,167,,,21.5,,,,
2026-08-19T01:56:00Z,2026-09-12T23:23:23Z,,,,1.0,15,4.3,184,,,21.5,,,,
2026-08-19T02:26:00Z,2026-09-12T23:23:23Z,,,,1.0,13,4.5,167,,,21.5,,,,
2026-08-19T02:56:00Z,2026-09-12T23:23:23Z,,,,0.9,13,4.5,178,,,21.4,,,,
2026-08-19T03:26:00Z,2026-09-12T23:23:23Z,,,,0.9,13,4.5,171,,,21.4,,,,
2026-08-19T03:56:00Z,2026-09-12T23:23:23Z,,,,0.9,14,5.0,185,,,21.4,,,,
2026-08-19T04:26:00Z,2026-09-12T23:23:23Z,,,,0.9,14,4.9,183,,,21.5,,,,
2026-08-19T04:56:00Z,2026-09-12T23:23:23Z,,,,0.8,13,4.7,167,,,21.4,,,,
2026-08-19T05:26:00Z,2026-09-12T23:23:23Z,,,,0.9,15,4.5,173,,,21.4,,,,
2026-08-19T05:56:00Z,2026-09-12T23:23:23Z,,,,0.9,15,5.0,164,,,21.4,,,,
2026-08-19T06:26:00Z,2026-09-12T23:23:23Z,,,,0.9,14,5.1,128,,,21.4,,,,
2026-08-19T06:56:00Z,2026-09-12T23:23:23Z,,,,0.9,15,5.3,180,,,21.5,,,,
2026-08-19T07:26:00Z,2026-09-12T23:23:23Z,,,,0.9,15,5.4,170,,,21.4,,,,
2026-08-19T07:56:00Z,2026-09-12T23:23:23Z,,,,0.9,14,5.7,177,,,21.4,,,,
2026-08-19T08:26:00Z,2026-09-12T23:23:23Z,,,,1.0,15,6.0,181,,,21.4,,,,
2026-08-19T08:56:00Z,2026-09-12T23:23:23Z,,,,1.0,15,5.8,184,,,21.4,,,,
2026-08-19T09:26:00Z,2026-09-12T23:23:23Z,,,,1.0,14,5.8,176,,,21.4,,,,
2026-08-19T09:56:00Z,2026-09-12T23:23:23Z,,,,1.0,14,5.9,187,,,21.3,,,,
2026-08-19T10:26:00Z,2026-09-12T23:23:23Z,,,,1.0,15,6.2,228,,,21.3,,,,
2026-08-19T10:56:00Z,2026-09-12T23:23:23Z,,,,1.0,17,6.1,190,,,21.2,,,,
2026-08-19T11:26:00Z,2026-09-12T23:23:23Z,,,,1.1,7,6.2,268,,,21.2,,,,
2026-08-19T11:56:00Z,2026-09-12T23:23:23Z,,,,1.0,7,6.0,270,,,21.1,,,,
2026-08-19T12:26:00Z,2026-09-12T23:23:23Z,,,,1.0,7,6.3,270,,,21.2,,,,
2026-08-19T12:56:00Z,2026-09-12T23:23:23Z,,,,1.0,15,6.3,190,,,21.1,,,,
2026-08-19T13:26:00Z,2026-09-12T23:23:23Z,,,,1.0,14,6.3,176,,,21.0,,,,
2026-08-19T13:56:00Z,2026-09-12T23:23:23Z,,,,1.0,14,6.2,177,,,21.0,,,,
2026-08-19T14:26:00Z,2026-09-12T23:23:23Z,,,,1.1,7,6.3,271,,,21.0,,,,
2026-08-19T14:56:00Z,2026-09-12T23:23:23Z,,,,1.1,15,6.5,173,,,20.9,,,,
2026-08-19T15:26:00Z,2026-09-12T23:23:23Z,,,,1.2,7,6.3,278,,,20.9,,,,
2026-08-19T15:56:00Z,2026-09-12T23:23:23Z,,,,1.0,7,6.2,277,,,20.9,,,,
2026-08-19T16:26:00Z,2026-09-12T23:23:23Z,,,,1.0,8,6.1,274,,,20.9,,,,
2026-08-19T16:56:00Z,2026-09-12T23:23:23Z,,,,1.0,17,6.8,181,,,21.0,,,,
2026-08-19T17:26:00Z,2026-09-12T23:23:23Z,,,,1.0,13,6.8,180,,,21.1,,,,
2026-08-19T17:56:00Z,2026-09-12T23:23:23Z,,,,1.0,15,6.7,181,,,21.4,,,,
2026-08-19T18:26:00Z,2026-09-12T23:23:23Z,,,,1.0,14,7.4,177,,,21.7,,,,
2026-08-19T18:56:00Z,2026-09-12T23:23:23Z,,,,0.9,8,6.7,281,,,22.0,,,,
2026-08-19T19:26:00Z,2026-09-12T23:23:23Z,,,,1.0,7,7.2,277,,,22.1,,,,
2026-08-19T19:56:00Z,2026-09-12T23:23:23Z,,,,1.0,14,6.9,187,,,22.3,,,,
2026-08-19T20:26:00Z,2026-09-12T23:23:23Z,,,,1.0,15,7.0,178,,,22.2,,,,
2026-08-19T20:56:00Z,2026-09-12T23:23:23Z,,,,1.0,14,7.1,184,,,22.0,,,,
2026-08-19T21:26:00Z,2026-09-12T23:23:23Z,,,,0.9,17,6.5,184,,,22.1,,,,
2026-08-19T21:56:00Z,2026-09-12T23:23:23Z,,,,0.9,15,5.6,184,,,21.9,,,,
2026-08-19T22:26:00Z,2026-09-12T23:23:23Z,,,,1.0,15,5.1,246,,,21.9,,,,
2026-08-19T22:56:00Z,2026-09-12T23:23:23Z,,,,1.0,17,4.6,180,,,21.9,,,,
2026-08-19T23:26:00Z,2026-09-12T23:23:23Z,,,,1.1,14,4.3,138,,,22.0,,,,
2026-08-19T23:56:00Z,2026-09-12T23:23:23Z,,,,1.1,15,4.5,173,,,22.4,,,,
2026-08-20T00:26:00Z,2026-09-12T23:23:23Z,,,,1.1,14,4.4,180,,,22.4,,,,
2026-08-20T00:56:00Z,2026-09-12T23:23:23Z,,,,1.1,14,4.4,178,,,22.4,,,,
2026-08-20T01:26:00Z,2026-09-12T23:23:23Z,,,,1.0,14,4.3,154,,,22.3,,,,
2026-08-20T01:56:00Z,2026-09-12T23:23:23Z,,,,1.0,14,4.4,176,,,22.2,,,,
2026-08-20T02:26:00Z,2026-09-12T23:23:23Z,,,,0.9,14,4.4,178,,,22.0,,,,
2026-08-20T02:56:00Z,2026-09-12T23:23:23Z,,,,0.9,13,4.3,157,,,21.8,,,,
2026-08-20T03:26:00Z,2026-09-12T23:23:23Z,,,,0.9,15,4.4,190,,,21.7,,,,
2026-08-20T03:56:00Z,2026-09-12T23:23:23Z,,,,0.9,15,4.5,188,,,21.6,,,,
2026-08-20T04:26:00Z,2026-09-12T23:23:23Z,,,,0.9,15,4.7,166,,,21.4,,,,
2026-08-20T04:56:00Z,2026-09-12T23:23:23Z,,,,0.9,15,5.0,190,,,21.5,,,,
2026-08-20T05:26:00Z,2026-09-12T23:23:23Z,,,,0.9,14,5.0,173,,,21.4,,,,
2026-08-20T05:56:00Z,2026-09-12T23:23:23Z,,,,0.9,17,5.5,170,,,21.4,,,,
2026-08-20T06:26:00Z,2026-09-12T23:23:23Z,,,,0.9,15,5.2,187,,,21.3,,,,
2026-08-20T06:56:00Z,2026-09-12T23:23:23Z,,,,1.0,14,5.5,184,,,21.3,,,,
2026-08-20T07:26:00Z,2026-09-12T23:23:23Z,,,,1.1,15,5.9,176,,,21.4,,,,
2026-08-20T07:56:00Z,2026-09-12T23:23:23Z,,,,1.1,6,5.9,278,,,21.5,,,,
2026-08-20T08:26:00Z,2026-09-12T23:23:23Z,,,,1.0,15,6.1,183,,,21.6,,,,
2026-08-20T08:56:00Z,2026-09-12T23:23:23Z,,,,1.1,15,6.4,178,,,21.6,,,,
2026-08-20T09:26:00Z,2026-09-12T23:23:23Z,,,,1.1,14,6.2,187,,,21.7,,,,
2026-08-20T09:56:00Z,2026-09-12T23:23:23Z,,,,1.0,15,6.6,181,,,21.6,,,,
2026-08-20T10:26:00Z,2026-09-12T23:23:23Z,,,,1.0,15,6.7,178,,,21.5,,,,
2026-08-20T10:56:00Z,2026-09-12T23:23:23Z,,,,1.0,14,6.3,185,,,21.5,,,,
2026-08-20T11:26:00Z,2026-09-12T23:23:23Z,,,,1.0,15,6.4,180,,,21.5,,,,
2026-08-20T11:56:00Z,2026-09-12T23:23:23Z,,,,1.1,7,6.3,274,,,21.5,,,,
2026-08-20T12:26:00Z,2026-09-12T23:23:23Z,,,,1.0,14,6.5,181,,,21.5,,,,
2026-08-20T12:56:00Z,2026-09-12T23:23:23Z,,,,1.0,15,6.6,187,,,21.5,,,,
2026-08-20T13:26:00Z,2026-09-12T23:23:23Z,,,,1.0,7,6.3,277,,,21.5,,,,
2026-08-20T13:56:00Z,2026-09-12T23:23:23Z,,,,1.0,7,6.5,277,,,21.4,,,,
2026-08-20T14:26:00Z,2026-09-12T23:23:23Z,,,,1.0,14,6.7,187,,,21.4,,,,
2026-08-20T14:56:00Z,2026-09-12T23:23:23Z,,,,1.0,14,6.5,181,,,21.5,,,,
2026-08-20T15:56:00Z,2026-09-12T23:23:23Z,,,,1.0,14,6.8,183,,,21.6,,,,
2026-08-20T16:26:00Z,2026-09-12T23:23:23Z,,,,0.9,15,6.6,177,,,21.7,,,,
2026-08-20T16:56:00Z,2026-09-12T23:23:23Z,,,,0.9,15,6.7,206,,,21.7,,,,
2026-08-20T17:26:00Z,2026-09-12T23:23:23Z,,,,1.0,15,7.0,174,,,21.8,,,,
2026-08-20T17:56:00Z,2026-09-12T23:23:23Z,,,,0.9,14,7.2,185,,,21.9,,,,
2026-08-20T18:26:00Z,2026-09-12T23:23:23Z,,,,0.9,14,7.0,181,,,22.1,,,,
2026-08-20T18:56:00Z,2026-09-12T23:23:23Z,,,,0.9,15,7.3,176,,,22.0,,,,
2026-08-20T19:26:00Z,2026-09-12T23:23:23Z,,,,0.8,14,6.4,185,,,22.5,,,,
2026-08-20T19:56:00Z,2026-09-12T23:23:23Z,,,,0.8,15,6.7,177,,,22.8,,,,
2026-08-20T20:26:00Z,2026-09-12T23:23:23Z,,,,0.9,15,7.2,177,,,23.1,,,,
2026-08-20T20:56:00Z,2026-09-12T23:23:23Z,,,,0.9,15,7.4,173,,,23.3,,,,
2026-08-20T21:26:00Z,2026-09-12T23:23:23Z,,,,0.9,13,7.1,190,,,23.6,,,,
2026-08-20T21:56:00Z,2026-09-12T23:23:23Z,,,,0.9,15,7.1,170,,,23.6,,,,
2026-08-20T22:26:00Z,2026-09-12T23:23:23Z,,,,0.8,14,7.0,176,,,23.4,,,,
2026-08-20T22:56:00Z,2026-09-12T23:23:23Z,,,,0.9,14,7.1,180,,,23.4,,,,
2026-08-20T23:26:00Z,2026-09-12T23:23:23Z,,,,0.9,15,6.7,164,,,23.3,,,,
2026-08-20T23:56:00Z,2026-09-12T23:23:23Z,,,,0.8,13,6.2,181,,,23.1,,,,
2026-08-21T00:26:00Z,2026-09-12T23:23:23Z,,,,0.9,14,6.2,169,,,23.0,,,,
2026-08-21T00:56:00Z,2026-09-12T23:23:23Z,,,,0.8,15,6.0,173,,,23.2,,,,
2026-08-21T01:26:00Z,2026-09-12T23:23:23Z,,,,0.9,14,6.1,177,,,23.0,,,,
2026-08-21T01:56:00Z,2026-09-12T23:23:23Z,,,,0.8,15,6.1,173,,,22.7,,,,
2026-08-21T02:26:00Z,2026-09-12T23:23:23Z,,,,0.8,14,6.2,171,,,22.5,,,,
2026-08-21T02:56:00Z,2026-09-12T23:23:23Z,,,,0.8,14,5.9,174,,,22.6,,,,
2026-08-21T03:26:00Z,2026-09-12T23:23:23Z,,,,0.8,14,6.2,169,,,22.6,,,,
2026-08-21T03:56:00Z,2026-09-12T23:23:23Z,,,,0.8,14,6.2,177,,,22.6,,,,
2026-08-21T04:26:00Z,2026-09-12T23:23:23Z,,,,0.8,13,6.4,178,,,22.7,,,,
2026-08-21T04:56:00Z,2026-09-12T23:23:23Z,,,,0.8,15,6.8,181,,,22.6,,,,
2026-08-21T05:26:00Z,2026-09-12T23:23:23Z,,,,0.8,14,7.5,178,,,22.6,,,,
2026-08-21T05:56:00Z,2026-09-12T23:23:23Z,,,,0.7,13,7.0,173,,,22.6,,,,
2026-08-21T06:26:00Z,2026-09-12T23:23:23Z,,,,0.8,14,8.1,177,,,22.6,,,,
2026-08-21T06:56:00Z,2026-09-12T23:23:23Z,,,,0.8,14,7.7,185,,,22.8,,,,
2026-08-21T07:26:00Z,2026-09-12T23:23:23Z,,,,0.8,14,7.9,174,,,22.7,,,,
2026-08-21T07:56:00Z,2026-09-12T23:23:23Z,,,,0.8,13,7.8,178,,,22.8,,,,
2026-08-21T08:26:00Z,2026-09-12T23:23:23Z,,,,0.8,15,7.5,173,,,22.8,,,,
2026-08-21T08:56:00Z,2026-09-12T23:23:23Z,,,,0.8,14,8.0,174,,,22.8,,,,
2026-08-21T09:26:00Z,2026-09-12T23:23:23Z,,,,0.8,14,7.7,181,,,22.7,,,,
2026-08-21T09:56:00Z,2026-09-12T23:23:23Z,,,,0.8,14,7.9,176,,,22.6,,,,
2026-08-21T10:26:00Z,2026-09-12T23:23:23Z,,,,0.8,14,7.4,174,,,22.7,,,,
2026-08-21T10:56:00Z,2026-09-12T23:23:23Z,,,,0.8,14,8.0,173,,,22.6,,,,
2026-08-21T11:26:00Z,2026-09-12T23:23:23Z,,,,0.8,14,7.9,173,,,22.6,,,,
2026-08-21T11:56:00Z,2026-09-12T23:23:23Z,,,,0.8,14,7.4,183,,,22.5,,,,
2026-08-21T12:26:00Z,2026-09-12T23:23:23Z,,,,0.8,13,7.5,184,,,22.5,,,,
2026-08-21T12:56:00Z,2026-09-12T23:23:23Z,,,,0.8,14,7.2,178,,,22.5,,,,
2026-08-21T13:26:00Z,2026-09-12T23:23:23Z,,,,0.8,14,7.3,174,,,22.4,,,,
2026-08-21T13:56:00Z,2026-09-12T23:23:23Z,,,,0.8,14,7.3,185,,,22.4,,,,
2026-08-21T14:26:00Z,2026-09-12T23:23:23Z,,,,0.8,13,6.8,187,,,22.4,,,,
2026-08-21T14:56:00Z,2026-09-12T23:23:23Z,,,,0.8,13,6.7,180,,,22.3,,,,
2026-08-21T15:26:00Z,2026-09-12T23:23:23Z,,,,0.8,14,7.1,174,,,22.4,,,,
2026-08-21T15:56:00Z,2026-09-12T23:23:23Z,,,,0.9,14,7.5,173,,,22.4,,,,
2026-08-21T16:26:00Z,2026-09-12T23:23:23Z,,,,0.8,13,6.6,180,,,22.6,,,,
2026-08-21T16:56:00Z,2026-09-12T23:23:23Z,,,,0.8,17,6.8,177,,,22.6,,,,
2026-08-21T17:26:00Z,2026-09-12T23:23:23Z,,,,0.8,13,6.9,173,,,22.8,,,,
2026-08-21T17:56:00Z,2026-09-12T23:23:23Z,,,,0.8,13,6.8,176,,,23.0,,,,
2026-08-21T18:26:00Z,2026-09-12T23:23:23Z,,,,0.8,14,6.4,176,,,23.4,,,,
2026-08-21T18:56:00Z,2026-09-12T23:23:23Z,,,,0.8,14,7.0,170,,,23.4,,,,
2026-08-21T19:26:00Z,2026-09-12T23:23:23Z,,,,0.8,13,7.5,173,,,23.4,,,,
2026-08-21T19:56:00Z,2026-09-12T23:23:23Z,,,,0.8,13,7.0,173,,,23.6,,,,
2026-08-21T20:26:00Z,2026-09-12T23:23:23Z,,,,0.8,14,7.5,178,,,23.8,,,,
2026-08-21T20:56:00Z,2026-09-12T23:23:23Z,,,,0.8,14,7.3,190,,,24.0,,,,
2026-08-21T21:26:00Z,2026-09-12T23:23:23Z,,,,0.8,13,7.4,176,,,23.8,,,,
2026-08-21T21:56:00Z,2026-09-12T23:23:23Z,,,,0.8,17,7.2,178,,,23.9,,,,
2026-08-21T22:26:00Z,2026-09-12T23:23:23Z,,,,0.9,13,7.3,174,,,23.8,,,,
2026-08-21T22:56:00Z,2026-09-12T23:23:23Z,,,,0.9,13,6.5,161,,,23.6,,,,
2026-08-21T23:26:00Z,2026-09-12T23:23:23Z,,,,0.9,13,5.5,176,,,23.3,,,,
2026-08-21T23:56:00Z,2026-09-12T23:23:23Z,,,,0.8,13,5.3,171,,,23.4,,,,
2026-08-22T00:26:00Z,2026-09-12T23:23:23Z,,,,0.9,13,5.3,178,,,23.4,,,,
2026-08-22T00:56:00Z,2026-09-12T23:23:23Z,,,,0.8,17,4.8,183,,,23.3,,,,
2026-08-22T01:26:00Z,2026-09-12T23:23:23Z,,,,0.9,17,5.4,192,,,23.3,,,,
2026-08-22T01:56:00Z,2026-09-12T23:23:23Z,,,,0.8,14,4.8,163,,,23.2,,,,
2026-08-22T02:26:00Z,2026-09-12T23:23:23Z,,,,0.8,17,5.4,173,,,23.2,,,,
2026-08-22T02:56:00Z,2026-09-12T23:23:23Z,,,,0.9,13,5.6,173,,,22.9,,,,
2026-08-22T03:26:00Z,2026-09-12T23:23:23Z,,,,0.8,17,5.4,218,,,23.0,,,,
2026-08-22T03:56:00Z,2026-09-12T23:23:23Z,,,,0.8,17,6.1,185,,,23.0,,,,
2026-08-22T04:26:00Z,2026-09-12T23:23:23Z,,,,0.8,17,6.2,171,,,23.0,,,,
2026-08-22T04:56:00Z,2026-09-12T23:23:23Z,,,,0.8,17,6.0,170,,,23.1,,,,
2026-08-22T05:26:00Z,2026-09-12T23:23:23Z,,,,0.8,17,6.5,190,,,22.9,,,,
2026-08-22T05:56:00Z,2026-09-12T23:23:23Z,,,,0.8,17,6.5,160,,,22.7,,,,
2026-08-22T06:26:00Z,2026-09-12T23:23:23Z,,,,0.8,17,6.8,185,,,22.6,,,,
2026-08-22T06:56:00Z,2026-09-12T23:23:23Z,,,,0.8,17,7.6,180,,,22.6,,,,
2026-08-22T07:26:00Z,2026-09-12T23:23:23Z,,,,0.7,13,7.2,180,,,22.6,,,,
2026-08-22T07:56:00Z,2026-09-12T23:23:23Z,,,,0.8,17,7.4,167,,,22.6,,,,
2026-08-22T08:26:00Z,2026-09-12T23:23:23Z,,,,0.8,17,7.6,177,,,22.7,,,,
2026-08-22T08:56:00Z,2026-09-12T23:23:23Z,,,,0.8,15,7.4,181,,,22.7,,,,
2026-08-22T09:26:00Z,2026-09-12T23:23:23Z,,,,0.9,17,8.2,173,,,22.6,,,,
2026-08-22T09:56:00Z,2026-09-12T23:23:23Z,,,,0.8,17,7.5,185,,,22.7,,,,
2026-08-22T10:26:00Z,2026-09-12T23:23:23Z,,,,0.8,15,7.4,181,,,22.6,,,,
2026-08-22T10:56:00Z,2026-09-12T23:23:23Z,,,,0.8,15,7.4,184,,,22.6,,,,
2026-08-22T11:26:00Z,2026-09-12T23:23:23Z,,,,0.9,15,8.0,178,,,22.5,,,,
2026-08-22T11:56:00Z,2026-09-12T23:23:23Z,,,,0.8,15,7.8,177,,,22.4,,,,
2026-08-22T12:26:00Z,2026-09-12T23:23:23Z,,,,0.9,15,7.5,181,,,22.5,,,,
2026-08-22T12:56:00Z,2026-09-12T23:23:23Z,,,,0.9,7,7.1,282,,,22.6,,,,
2026-08-22T13:26:00Z,2026-09-12T23:23:23Z,,,,1.0,15,7.5,187,,,22.6,,,,
2026-08-22T13:56:00Z,2026-09-12T23:23:23Z,,,,0.9,7,7.0,282,,,22.6,,,,
2026-08-22T14:26:00Z,2026-09-12T23:23:23Z,,,,0.9,15,7.2,195,,,22.6,,,,
2026-08-22T14:56:00Z,2026-09-12T23:23:23Z,,,,0.9,15,7.3,187,,,22.6,,,,
2026-08-22T15:26:00Z,2026-09-12T23:23:23Z,,,,0.9,15,7.0,187,,,22.6,,,,
2026-08-22T15:56:00Z,2026-09-12T23:23:23Z,,,,0.9,15,7.3,184,,,22.6,,,,
2026-08-22T16:26:00Z,2026-09-12T23:23:23Z,,,,1.0,15,7.1,183,,,22.7,,,,
2026-08-22T16:56:00Z,2026-09-12T23:23:23Z,,,,0.9,15,6.9,181,,,22.6,,,,
2026-08-22T17:26:00Z,2026-09-12T23:23:23Z,,,,0.9,15,7.0,184,,,23.0,,,,
2026-08-22T17:56:00Z,2026-09-12T23:23:23Z,,,,0.9,15,7.2,188,,,23.0,,,,
2026-08-22T18:26:00Z,2026-09-12T23:23:23Z,,,,0.9,15,7.2,180,,,23.0,,,,
2026-08-22T18:56:00Z,2026-09-12T23:23:23Z,,,,0.9,15,7.1,177,,,23.1,,,,
2026-08-22T19:26:00Z,2026-09-12T23:23:23Z,,,,0.9,15,7.2,178,,,23.1,,,,
2026-08-22T19:56:00Z,2026-09-12T23:23:23Z,,,,0.9,15,7.1,178,,,23.2,,,,
2026-08-22T20:26:00Z,2026-09-12T23:23:23Z,,,,0.9,15,7.4,183,,,23.2,,,,
2026-08-22T20:56:00Z,2026-09-12T23:23:23Z,,,,0.9,15,7.1,174,,,23.6,,,,
2026-08-22T21:26:00Z,2026-09-12T23:23:23Z,,,,0.9,15,7.0,195,,,23.6,,,,
2026-08-22T21:56:00Z,2026-09-12T23:23:23Z,,,,0.8,13,6.7,176,,,23.8,,,,
2026-08-22T22:26:00Z,2026-09-12T23:23:23Z,,,,0.9,15,6.8,180,,,23.2,,,,
2026-08-22T22:56:00Z,2026-09-12T23:23:23Z,,,,0.9,15,6.0,201,,,22.9,,,,
2026-08-22T23:26:00Z,2026-09-12T23:23:23Z,,,,1.0,15,5.2,181,,,22.9,,,,
2026-08-22T23:56:00Z,2026-09-12T23:23:23Z,,,,0.9,14,5.3,171,,,22.9,,,,
2026-08-23T00:26:00Z,2026-09-12T23:23:23Z,,,,0.9,15,5.6,187,,,22.9,,,,
2026-08-23T00:56:00Z,2026-09-12T23:23:23Z,,,,0.9,14,5.2,181,,,23.0,,,,
2026-08-23T01:26:00Z,2026-09-12T23:23:23Z,,,,1.0,15,5.2,169,,,22.9,,,,
2026-08-23T01:56:00Z,2026-09-12T23:23:23Z,,,,0.9,15,4.7,190,,,22.9,,,,
2026-08-23T02:26:00Z,2026-09-12T23:23:23Z,,,,1.0,14,5.3,176,,,23.0,,,,
2026-08-23T02:56:00Z,2026-09-12T23:23:23Z,,,,1.0,15,5.5,169,,,22.9,,,,
2026-08-23T03:26:00Z,2026-09-12T23:23:23Z,,,,1.0,15,5.6,171,,,22.9,,,,
2026-08-23T03:56:00Z,2026-09-12T23:23:23Z,,,,0.9,14,5.8,202,,,22.9,,,,
2026-08-23T04:26:00Z,2026-09-12T23:23:23Z,,,,0.9,14,5.7,191,,,23.0,,,,
2026-08-23T04:56:00Z,2026-09-12T23:23:23Z,,,,0.9,15,5.8,327,,,23.0,,,,
2026-08-23T05:26:00Z,2026-09-12T23:23:23Z,,,,0.9,13,5.9,183,,,23.1,,,,
2026-08-23T05:56:00Z,2026-09-12T23:23:23Z,,,,0.9,14,5.7,191,,,23.0,,,,
2026-08-23T06:26:00Z,2026-09-12T23:23:23Z,,,,0.9,14,6.3,192,,,22.9,,,,
2026-08-23T06:56:00Z,2026-09-12T23:23:23Z,,,,0.9,15,6.5,191,,,22.8,,,,
2026-08-23T07:26:00Z,2026-09-12T23:23:23Z,,,,0.9,15,6.7,191,,,22.8,,,,
2026-08-23T07:56:00Z,2026-09-12T23:23:23Z,,,,0.9,17,6.7,181,,,22.7,,,,
2026-08-23T08:26:00Z,2026-09-12T23:23:23Z,,,,0.9,14,6.4,177,,,22.6,,,,
2026-08-23T08:56:00Z,2026-09-12T23:23:23Z,,,,1.0,14,6.9,181,,,22.4,,,,
2026-08-23T09:26:00Z,2026-09-12T23:23:23Z,,,,1.0,14,7.0,187,,,22.4,,,,
2026-08-23T09:56:00Z,2026-09-12T23:23:23Z,,,,1.0,14,7.3,187,,,22.0,,,,
2026-08-23T10:26:00Z,2026-09-12T23:23:23Z,,,,1.1,14,7.2,181,,,22.0,,,,
2026-08-23T10:56:00Z,2026-09-12T23:23:23Z,,,,0.9,14,7.0,174,,,21.7,,,,
2026-08-23T11:26:00Z,2026-09-12T23:23:23Z,,,,1.0,15,7.4,183,,,22.0,,,,
2026-08-23T11:56:00Z,2026-09-12T23:23:23Z,,,,1.1,14,7.4,177,,,21.9,,,,
2026-08-23T12:26:00Z,2026-09-12T23:23:23Z,,,,1.0,17,7.5,181,,,21.4,,,,
2026-08-23T12:56:00Z,2026-09-12T23:23:23Z,,,,1.1,14,7.3,185,,,21.6,,,,
2026-08-23T13:26:00Z,2026-09-12T23:23:23Z,,,,1.0,14,7.3,180,,,21.6,,,,
2026-08-23T13:56:00Z,2026-09-12T23:23:23Z,,,,1.0,17,7.4,183,,,21.8,,,,
2026-08-23T14:26:00Z,2026-09-12T23:23:23Z,,,,0.9,17,7.4,183,,,21.8,,,,
2026-08-23T14:56:00Z,2026-09-12T23:23:23Z,,,,0.9,14,6.9,181,,,21.8,,,,
2026-08-23T15:26:00Z,2026-09-12T23:23:23Z,,,,1.0,17,7.3,184,,,21.8,,,,
2026-08-23T15:56:00Z,2026-09-12T23:23:23Z,,,,1.0,14,7.4,180,,,21.9,,,,
2026-08-23T16:26:00Z,2026-09-12T23:23:23Z,,,,1.0,14,7.1,170,,,22.1,,,,
2026-08-23T16:56:00Z,2026-09-12T23:23:23Z,,,,1.0,14,7.1,188,,,22.2,,,,
2026-08-23T17:26:00Z,2026-09-12T23:23:23Z,,,,1.0,14,6.8,174,,,22.4,,,,
2026-08-23T17:56:00Z,2026-09-12T23:23:23Z,,,,1.0,14,7.0,183,,,22.7,,,,
2026-08-23T18:26:00Z,2026-09-12T23:23:23Z,,,,0.9,17,6.8,160,,,22.6,,,,
2026-08-23T18:56:00Z,2026-09-12T23:23:23Z,,,,0.9,14,6.5,171,,,22.8,,,,
2026-08-23T19:26:00Z,2026-09-12T23:23:23Z,,,,1.0,14,7.0,173,,,22.9,,,,
2026-08-23T19:56:00Z,2026-09-12T23:23:23Z,,,,0.9,17,7.0,181,,,22.9,,,,
2026-08-23T20:26:00Z,2026-09-12T23:23:23Z,,,,0.9,15,7.0,178,,,22.5,,,,
2026-08-23T20:56:00Z,2026-09-12T23:23:23Z,,,,1.0,14,7.0,180,,,22.8,,,,
2026-08-23T21:26:00Z,2026-09-12T23:23:23Z,,,,1.0,15,6.5,154,,,22.6,,,,
2026-08-23T21:56:00Z,2026-09-12T23:23:23Z,,,,1.0,15,5.8,180,,,22.5,,,,
2026-08-23T22:26:00Z,2026-09-12T23:23:23Z,,,,1.0,14,5.8,170,,,22.5,,,,
2026-08-23T22:56:00Z,2026-09-12T23:23:23Z,,,,1.0,17,5.5,169,,,22.5,,,,
2026-08-23T23:26:00Z,2026-09-12T23:23:23Z,,,,1.1,15,5.6,190,,,22.5,,,,
2026-08-23T23:56:00Z,2026-09-12T23:23:23Z,,,,1.1,14,5.7,191,,,22.3,,,,
2026-08-24T00:26:00Z,2026-09-12T23:23:23Z,,,,1.2,15,5.3,195,,,22.3,,,,
2026-08-24T00:56:00Z,2026-09-12T23:23:23Z,,,,1.1,15,5.2,180,,,22.2,,,,
2026-08-24T01:26:00Z,2026-09-12T23:23:23Z,,,,1.1,15,5.2,181,,,22.1,,,,
2026-08-24T01:56:00Z,2026-09-12T23:23:23Z,,,,1.1,15,5.3,176,,,22.0,,,,
2026-08-24T02:26:00Z,2026-09-12T23:23:23Z,,,,1.1,15,5.6,173,,,21.9,,,,
2026-08-24T02:56:00Z,2026-09-12T23:23:23Z,,,,1.1,14,5.4,185,,,21.7,,,,
2026-08-24T03:26:00Z,2026-09-12T23:23:23Z,,,,1.1,15,5.6,171,,,21.8,,,,
2026-08-24T03:56:00Z,2026-09-12T23:23:23Z,,,,1.0,15,5.8,187,,,21.6,,,,
2026-08-24T04:26:00Z,2026-09-12T23:23:23Z,,,,1.1,15,6.1,195,,,21.6,,,,
2026-08-24T04:56:00Z,2026-09-12T23:23:23Z,,,,1.0,15,6.2,177,,,21.7,,,,
2026-08-24T05:26:00Z,2026-09-12T23:23:23Z,,,,1.0,15,6.1,163,,,21.7,,,,
2026-08-24T05:56:00Z,2026-09-12T23:23:23Z,,,,1.0,15,6.8,181,,,21.8,,,,
2026-08-24T06:26:00Z,2026-09-12T23:23:23Z,,,,0.9,15,6.5,191,,,21.8,,,,
2026-08-24T06:56:00Z,2026-09-12T23:23:23Z,,,,1.0,15,6.6,181,,,21.8,,,,
2026-08-24T07:26:00Z,2026-09-12T23:23:23Z,,,,0.9,15,6.8,191,,,21.8,,,,
2026-08-24T07:56:00Z,2026-09-12T23:23:23Z,,,,1.0,14,6.8,187,,,21.8,,,,
2026-08-24T08:26:00Z,2026-09-12T23:23:23Z,,,,1.0,14,6.7,185,,,21.9,,,,
2026-08-24T08:56:00Z,2026-09-12T23:23:23Z,,,,0.9,15,6.6,190,,,21.8,,,,
2026-08-24T09:26:00Z,2026-09-12T23:23:23Z,,,,0.9,15,6.7,183,,,21.7,,,,
2026-08-24T09:56:00Z,2026-09-12T23:23:23Z,,,,1.0,14,6.9,187,,,21.6,,,,
2026-08-24T10:26:00Z,2026-09-12T23:23:23Z,,,,1.0,14,6.9,181,,,21.9,,,,
2026-08-24T10:56:00Z,2026-09-12T23:23:23Z,,,,1.0,14,6.9,187,,,22.1,,,,
2026-08-24T11:26:00Z,2026-09-12T23:23:23Z,,,,1.0,15,7.0,188,,,22.2,,,,
2026-08-24T11:56:00Z,2026-09-12T23:23:23Z,,,,1.0,14,6.9,177,,,22.3,,,,
2026-08-24T12:26:00Z,2026-09-12T23:23:23Z,,,,1.0,15,6.9,183,,,22.5,,,,
2026-08-24T12:56:00Z,2026-09-12T23:23:23Z,,,,1.0,14,6.9,180,,,22.8,,,,
2026-08-24T13:26:00Z,2026-09-12T23:23:23Z,,,,1.0,14,6.8,178,,,22.9,,,,
2026-08-24T13:56:00Z,2026-09-12T23:23:23Z,,,,1.0,15,6.6,190,,,23.0,,,,
2026-08-24T14:26:00Z,2026-09-12T23:23:23Z,,,,0.9,15,6.8,173,,,23.2,,,,
2026-08-24T14:56:00Z,2026-09-12T23:23:23Z,,,,1.0,14,7.0,184,,,23.4,,,,
2026-08-24T15:26:00Z,2026-09-12T23:23:23Z,,,,0.9,14,6.6,183,,,23.4,,,,
2026-08-24T15:56:00Z,2026-09-12T23:23:23Z,,,,0.9,14,6.3,176,,,23.5,,,,
2026-08-24T16:26:00Z,2026-09-12T23:23:23Z,,,,1.0,15,7.3,174,,,23.6,,,,
2026-08-24T16:56:00Z,2026-09-12T23:23:23Z,,,,0.9,14,6.6,177,,,23.7,,,,
2026-08-24T17:26:00Z,2026-09-12T23:23:23Z,,,,1.0,14,7.1,194,,,23.8,,,,
2026-08-24T17:56:00Z,2026-09-12T23:23:23Z,,,,0.9,14,6.8,81,,,23.9,,,,
2026-08-24T18:26:00Z,2026-09-12T23:23:23Z,,,,0.9,15,6.7,180,,,23.9,,,,
2026-08-24T18:56:00Z,2026-09-12T23:23:23Z,,,,0.9,14,6.9,173,,,23.9,,,,
2026-08-24T19:26:00Z,2026-09-12T23:23:23Z,,,,0.9,14,7.0,178,,,23.9,,,,
2026-08-24T19:56:00Z,2026-09-12T23:23:23Z,,,,0.9,14,6.9,177,,,23.9,,,,
2026-08-24T20:26:00Z,2026-09-12T23:23:23Z,,,,0.9,14,7.0,181,,,24.0,,,,
2026-08-24T20:56:00Z,2026-09-12T23:23:23Z,,,,0.9,14,6.5,173,,,23.9,,,,
2026-08-24T21:26:00Z,2026-09-12T23:23:23Z,,,,0.9,15,5.8,188,,,23.9,,,,
2026-08-24T21:56:00Z,2026-09-12T23:23:23Z,,,,1.0,14,6.4,176,,,23.9,,,,
2026-08-24T22:26:00Z,2026-09-12T23:23:23Z,,,,1.0,13,5.8,178,,,23.9,,,,
2026-08-24T22:56:00Z,2026-09-12T23:23:23Z,,,,1.0,14,5.5,177,,,23.8,,,,
2026-08-24T23:26:00Z,2026-09-12T23:23:23Z,,,,1.0,14,5.5,184,,,23.8,,,,
2026-08-24T23:56:00Z,2026-09-12T23:23:23Z,,,,1.0,14,5.2,178,,,23.8,,,,
2026-08-25T00:26:00Z,2026-09-12T23:23:23Z,,,,1.0,14,4.9,177,,,23.7,,,,
2026-08-25T00:56:00Z,2026-09-12T23:23:23Z,,,,1.1,14,5.3,177,,,23.7,,,,
2026-08-25T01:26:00Z,2026-09-12T23:23:23Z,,,,1.0,14,4.8,177,,,23.6,,,,
2026-08-25T01:56:00Z,2026-09-12T23:23:23Z,,,,1.1,14,5.4,184,,,23.4,,,,
2026-08-25T02:26:00Z,2026-09-12T23:23:23Z,,,,0.9,15,5.4,183,,,23.4,,,,
2026-08-25T02:56:00Z,2026-09-12T23:23:23Z,,,,1.0,14,5.8,187,,,23.3,,,,
2026-08-25T03:26:00Z,2026-09-12T23:23:23Z,,,,0.9,14,5.7,176,,,23.2,,,,
2026-08-25T03:56:00Z,2026-09-12T23:23:23Z,,,,0.9,14,5.8,169,,,23.2,,,,
2026-08-25T04:26:00Z,2026-09-12T23:23:23Z,,,,0.9,14,6.1,181,,,23.1,,,,
2026-08-25T04:56:00Z,2026-09-12T23:23:23Z,,,,0.9,14,5.8,192,,,23.2,,,,
2026-08-25T05:26:00Z,2026-09-12T23:23:23Z,,,,0.9,14,5.9,174,,,23.2,,,,
2026-08-25T05:56:00Z,2026-09-12T23:23:23Z,,,,0.9,14,6.2,188,,,23.2,,,,
2026-08-25T06:26:00Z,2026-09-12T23:23:23Z,,,,0.9,13,5.9,195,,,23.2,,,,
2026-08-25T06:56:00Z,2026-09-12T23:23:23Z,,,,0.9,13,6.0,180,,,23.3,,,,
2026-08-25T07:26:00Z,2026-09-12T23:23:23Z,,,,0.9,13,6.2,183,,,23.2,,,,
2026-08-25T07:56:00Z,2026-09-12T23:23:23Z,,,,0.9,13,6.2,180,,,23.3,,,,
2026-08-25T08:26:00Z,2026-09-12T23:23:23Z,,,,0.9,13,6.2,178,,,23.2,,,,
2026-08-25T08:56:00Z,2026-09-12T23:23:23Z,,,,0.8,15,5.8,180,,,23.3,,,,
2026-08-25T09:26:00Z,2026-09-12T23:23:23Z,,,,0.9,13,6.4,187,,,23.3,,,,
2026-08-25T09:56:00Z,2026-09-12T23:23:23Z,,,,0.9,13,6.1,177,,,23.3,,,,
2026-08-25T10:26:00Z,2026-09-12T23:23:23Z,,,,0.9,14,6.1,174,,,23.3,,,,
2026-08-25T10:56:00Z,2026-09-12T23:23:23Z,,,,0.9,13,6.1,181,,,23.3,,,,
2026-08-25T11:26:00Z,2026-09-12T23:23:23Z,,,,0.9,13,6.5,178,,,23.3,,,,
2026-08-25T11:56:00Z,2026-09-12T23:23:23Z,,,,1.0,14,6.3,181,,,23.3,,,,
2026-08-25T12:26:00Z,2026-09-12T23:23:23Z,,,,1.0,13,6.5,174,,,23.4,,,,
2026-08-25T12:56:00Z,2026-09-12T23:23:23Z,,,,1.0,14,6.5,176,,,23.4,,,,
2026-08-25T13:26:00Z,2026-09-12T23:23:23Z,,,,1.0,14,6.5,181,,,23.2,,,,
2026-08-25T13:56:00Z,2026-09-12T23:23:23Z,,,,0.9,13,6.5,176,,,23.3,,,,
2026-08-25T14:26:00Z,2026-09-12T23:23:23Z,,,,0.9,14,6.7,167,,,23.3,,,,
2026-08-25T14:56:00Z,2026-09-12T23:23:23Z,,,,1.0,14,6.7,178,,,23.5,,,,
2026-08-25T15:26:00Z,2026-09-12T23:23:23Z,,,,1.0,14,6.7,177,,,23.6,,,,
2026-08-25T15:56:00Z,2026-09-12T23:23:23Z,,,,0.9,13,6.7,176,,,23.6,,,,
2026-08-25T16:26:00Z,2026-09-12T23:23:23Z,,,,0.9,13,6.7,169,,,23.6,,,,
2026-08-25T16:56:00Z,2026-09-12T23:23:23Z,,,,0.9,13,6.5,181,,,23.7,,,,
2026-08-25T17:26:00Z,2026-09-12T23:23:23Z,,,,0.9,13,6.7,183,,,23.7,,,,
2026-08-25T17:56:00Z,2026-09-12T23:23:23Z,,,,0.9,14,6.8,174,,,23.8,,,,
2026-08-25T18:26:00Z,2026-09-12T23:23:23Z,,,,0.9,14,7.1,180,,,23.7,,,,
2026-08-25T18:56:00Z,2026-09-12T23:23:23Z,,,,1.0,13,7.8,174,,,23.7,,,,
2026-08-25T19:26:00Z,2026-09-12T23:23:23Z,,,,0.9,14,7.2,170,,,23.6,,,,
2026-08-25T19:56:00Z,2026-09-12T23:23:23Z,,,,0.9,13,7.5,174,,,23.5,,,,
2026-08-25T20:26:00Z,2026-09-12T23:23:23Z,,,,1.0,13,8.0,169,,,23.8,,,,
2026-08-25T20:56:00Z,2026-09-12T23:23:23Z,,,,0.9,14,7.2,176,,,23.7,,,,
2026-08-25T21:26:00Z,2026-09-12T23:23:23Z,,,,1.0,13,8.3,169,,,23.9,,,,
2026-08-25T21:56:00Z,2026-09-12T23:23:23Z,,,,1.0,13,8.0,173,,,23.7,,,,
2026-08-25T22:26:00Z,2026-09-12T23:23:23Z,,,,1.0,13,8.0,166,,,23.6,,,,
2026-08-25T22:56:00Z,2026-09-12T23:23:23Z,,,,1.2,13,8.8,167,,,23.6,,,,
2026-08-25T23:26:00Z,2026-09-12T23:23:23Z,,,,1.2,13,8.3,169,,,23.7,,,,
2026-08-25T23:56:00Z,2026-09-12T23:23:23Z,,,,1.2,13,8.1,171,,,23.7,,,,
2026-08-26T00:26:00Z,2026-09-12T23:23:23Z,,,,1.3,13,7.6,167,,,23.7,,,,
2026-08-26T00:56:00Z,2026-09-12T23:23:23Z,,,,1.2,13,7.7,173,,,23.7,,,,
2026-08-26T01:26:00Z,2026-09-12T23:23:23Z,,,,1.3,13,7.5,169,,,23.6,,,,
2026-08-26T01:56:00Z,2026-09-12T23:23:23Z,,,,1.4,13,8.2,167,,,23.6,,,,
2026-08-26T02:26:00Z,2026-09-12T23:23:23Z,,,,1.4,13,7.6,167,,,23.8,,,,
2026-08-26T02:56:00Z,2026-09-12T23:23:23Z,,,,1.2,12,7.5,169,,,23.7,,,,
2026-08-26T03:26:00Z,2026-09-12T23:23:23Z,,,,1.4,13,8.4,171,,,23.7,,,,
2026-08-26T03:56:00Z,2026-09-12T23:23:23Z,,,,1.2,13,8.2,170,,,23.8,,,,
2026-08-26T04:26:00Z,2026-09-12T23:23:23Z,,,,1.2,13,8.3,166,,,23.8,,,,
2026-08-26T04:56:00Z,2026-09-12T23:23:23Z,,,,1.3,12,8.9,167,,,23.8,,,,
2026-08-26T05:26:00Z,2026-09-12T23:23:23Z,,,,1.4,13,9.1,166,,,23.8,,,,
2026-08-26T05:56:00Z,2026-09-12T23:23:23Z,,,,1.4,13,9.2,176,,,23.8,,,,
2026-08-26T06:26:00Z,2026-09-12T23:23:23Z,,,,1.4,13,9.6,170,,,23.7,,,,
2026-08-26T06:56:00Z,2026-09-12T23:23:23Z,,,,1.4,13,9.4,170,,,23.7,,,,
2026-08-26T07:26:00Z,2026-09-12T23:23:23Z,,,,1.6,13,9.9,174,,,23.6,,,,
2026-08-26T07:56:00Z,2026-09-12T23:23:23Z,,,,1.6,12,9.8,169,,,23.6,,,,
2026-08-26T08:26:00Z,2026-09-12T23:23:23Z,,,,1.5,13,9.4,167,,,23.7,,,,
2026-08-26T08:56:00Z,2026-09-12T23:23:23Z,,,,1.5,12,9.3,169,,,23.7,,,,
2026-08-26T09:26:00Z,2026-09-12T23:23:23Z,,,,1.6,12,9.3,174,,,23.7,,,,
2026-08-26T09:56:00Z,2026-09-12T23:23:23Z,,,,1.7,12,9.4,170,,,23.8,,,,
2026-08-26T10:26:00Z,2026-09-12T23:23:23Z,,,,1.7,12,9.5,174,,,23.8,,,,
2026-08-26T10:56:00Z,2026-09-12T23:23:23Z,,,,1.5,12,8.8,170,,,23.7,,,,
2026-08-26T11:26:00Z,2026-09-12T23:23:23Z,,,,1.7,12,9.7,167,,,23.6,,,,
2026-08-26T11:56:00Z,2026-09-12T23:23:23Z,,,,1.6,13,9.3,170,,,23.5,,,,
2026-08-26T12:26:00Z,2026-09-12T23:23:23Z,,,,1.4,11,8.6,173,,,23.4,,,,
2026-08-26T12:56:00Z,2026-09-12T23:23:23Z,,,,1.6,13,9.2,167,,,23.3,,,,
2026-08-26T13:26:00Z,2026-09-12T23:23:23Z,,,,1.5,12,9.4,167,,,23.0,,,,
2026-08-26T13:56:00Z,2026-09-12T23:23:23Z,,,,1.4,12,9.2,169,,,22.9,,,,
2026-08-26T14:26:00Z,2026-09-12T23:23:23Z,,,,1.5,12,9.5,170,,,22.8,,,,
2026-08-26T14:56:00Z,2026-09-12T23:23:23Z,,,,1.3,12,8.9,163,,,22.8,,,,
2026-08-26T15:26:00Z,2026-09-12T23:23:23Z,,,,1.5,12,9.6,169,,,22.8,,,,
2026-08-26T15:56:00Z,2026-09-12T23:23:23Z,,,,1.5,12,9.5,171,,,22.9,,,,
2026-08-26T16:26:00Z,2026-09-12T23:23:23Z,,,,1.4,12,9.3,170,,,23.0,,,,
2026-08-26T16:56:00Z,2026-09-12T23:23:23Z,,,,1.3,11,9.1,166,,,23.1,,,,
2026-08-26T17:26:00Z,2026-09-12T23:23:23Z,,,,1.3,12,9.3,163,,,23.3,,,,
2026-08-26T17:56:00Z,2026-09-12T23:23:23Z,,,,1.3,12,9.4,166,,,23.6,,,,
2026-08-26T18:26:00Z,2026-09-12T23:23:23Z,,,,1.5,12,9.8,171,,,23.8,,,,
2026-08-26T18:56:00Z,2026-09-12T23:23:23Z,,,,1.5,12,9.7,171,,,24.2,,,,
2026-08-26T19:26:00Z,2026-09-12T23:23:23Z,,,,1.2,12,9.0,167,,,24.4,,,,
2026-08-26T19:56:00Z,2026-09-12T23:23:23Z,,,,1.4,12,9.8,167,,,24.3,,,,
2026-08-26T20:26:00Z,2026-09-12T23:23:23Z,,,,1.3,13,9.3,173,,,24.4,,,,
2026-08-26T20:56:00Z,2026-09-12T23:23:23Z,,,,1.5,11,9.4,166,,,24.8,,,,
2026-08-26T21:26:00Z,2026-09-12T23:23:23Z,,,,1.4,11,9.4,171,,,25.1,,,,
2026-08-26T21:56:00Z,2026-09-12T23:23:23Z,,,,1.2,12,9.2,174,,,25.0,,,,
2026-08-26T22:26:00Z,2026-09-12T23:23:23Z,,,,1.4,12,9.4,170,,,24.9,,,,
2026-08-26T22:56:00Z,2026-09-12T23:23:23Z,,,,1.5,11,9.7,169,,,24.5,,,,
2026-08-26T23:26:00Z,2026-09-12T23:23:23Z,,,,1.4,13,9.6,170,,,25.1,,,,
2026-08-26T23:56:00Z,2026-09-12T23:23:23Z,,,,1.6,12,9.6,171,,,24.7,,,,
2026-08-27T00:26:00Z,2026-09-12T23:23:23Z,,,,1.5,13,9.4,171,,,24.4,,,,
2026-08-27T00:56:00Z,2026-09-12T23:23:23Z,,,,1.4,12,9.2,167,,,23.9,,,,
2026-08-27T01:26:00Z,2026-09-12T23:23:23Z,,,,1.5,11,9.6,167,,,24.0,,,,
2026-08-27T01:56:00Z,2026-09-12T23:23:23Z,,,,1.4,12,9.5,170,,,24.1,,,,
2026-08-27T02:26:00Z,2026-09-12T23:23:23Z,,,,1.4,12,9.0,167,,,23.9,,,,
2026-08-27T02:56:00Z,2026-09-12T23:23:23Z,,,,1.4,12,9.2,174,,,23.9,,,,
2026-08-27T03:26:00Z,2026-09-12T23:23:23Z,,,,1.5,11,9.0,170,,,23.8,,,,
2026-08-27T03:56:00Z,2026-09-12T23:23:23Z,,,,1.6,12,9.1,171,,,23.6,,,,
2026-08-27T04:26:00Z,2026-09-12T23:23:23Z,,,,1.4,11,8.6,169,,,23.8,,,,
2026-08-27T04:56:00Z,2026-09-12T23:23:23Z,,,,1.4,11,8.7,163,,,23.8,,,,
2026-08-27T05:26:00Z,2026-09-12T23:23:23Z,,,,1.4,11,8.9,170,,,23.6,,,,
2026-08-27T05:56:00Z,2026-09-12T23:23:23Z,,,,1.5,12,9.2,174,,,23.5,,,,
2026-08-27T06:26:00Z,2026-09-12T23:23:23Z,,,,1.3,11,8.8,178,,,23.3,,,,
2026-08-27T06:56:00Z,2026-09-12T23:23:23Z,,,,1.4,11,9.1,166,,,23.3,,,,
2026-08-27T07:26:00Z,2026-09-12T23:23:23Z,,,,1.3,11,9.1,174,,,23.3,,,,
2026-08-27T07:56:00Z,2026-09-12T23:23:23Z,,,,1.4,11,9.4,171,,,23.3,,,,
2026-08-27T08:26:00Z,2026-09-12T23:23:23Z,,,,1.3,10,8.9,171,,,23.3,,,,
2026-08-27T08:56:00Z,2026-09-12T23:23:23Z,,,,1.3,11,8.8,170,,,23.2,,,,
2026-08-27T09:26:00Z,2026-09-12T23:23:23Z,,,,1.4,11,9.1,173,,,23.2,,,,
2026-08-27T09:56:00Z,2026-09-12T23:23:23Z,,,,1.3,11,8.8,170,,,23.3,,,,
2026-08-27T10:26:00Z,2026-09-12T23:23:23Z,,,,1.3,11,9.1,169,,,23.3,,,,
2026-08-27T10:56:00Z,2026-09-12T23:23:23Z,,,,1.3,11,8.8,173,,,23.3,,,,
2026-08-27T11:26:00Z,2026-09-12T23:23:23Z,,,,1.2,11,8.6,170,,,23.3,,,,
2026-08-27T11:56:00Z,2026-09-12T23:23:23Z,,,,1.3,11,8.7,171,,,23.3,,,,
2026-08-27T12:26:00Z,2026-09-12T23:23:23Z,,,,1.3,11,8.7,169,,,23.4,,,,
2026-08-27T12:56:00Z,2026-09-12T23:23:23Z,,,,1.2,11,8.3,167,,,23.4,,,,
2026-08-27T13:26:00Z,2026-09-12T23:23:23Z,,,,1.2,11,8.4,173,,,23.5,,,,
2026-08-27T13:56:00Z,2026-09-12T23:23:23Z,,,,1.4,11,8.4,174,,,23.4,,,,
2026-08-27T14:26:00Z,2026-09-12T23:23:23Z,,,,1.4,11,8.3,177,,,23.3,,,,
2026-08-27T14:56:00Z,2026-09-12T23:23:23Z,,,,1.3,11,8.3,177,,,23.4,,,,
2026-08-27T15:26:00Z,2026-09-12T23:23:23Z,,,,1.2,11,8.1,176,,,23.7,,,,
2026-08-27T15:56:00Z,2026-09-12T23:23:23Z,,,,1.2,11,7.8,176,,,23.7,,,,
2026-08-27T16:26:00Z,2026-09-12T23:23:23Z,,,,1.1,11,7.4,170,,,23.7,,,,
2026-08-27T16:56:00Z,2026-09-12T23:23:23Z,,,,1.3,11,7.6,170,,,23.9,,,,
2026-08-27T17:26:00Z,2026-09-12T23:23:23Z,,,,1.2,11,7.4,177,,,24.0,,,,
2026-08-27T17:56:00Z,2026-09-12T23:23:23Z,,,,1.2,11,7.4,169,,,24.2,,,,
2026-08-27T18:26:00Z,2026-09-12T23:23:23Z,,,,1.2,11,7.5,170,,,24.4,,,,
2026-08-27T18:56:00Z,2026-09-12T23:23:23Z,,,,1.3,12,7.7,183,,,24.7,,,,
2026-08-27T19:26:00Z,2026-09-12T23:23:23Z,,,,1.2,11,7.7,183,,,25.1,,,,
2026-08-27T19:56:00Z,2026-09-12T23:23:23Z,,,,1.2,11,8.0,170,,,25.6,,,,
2026-08-27T20:26:00Z,2026-09-12T23:23:23Z,,,,1.2,11,7.8,171,,,25.4,,,,
2026-08-27T20:56:00Z,2026-09-12T23:23:23Z,,,,1.3,12,8.1,180,,,25.1,,,,
2026-08-27T21:26:00Z,2026-09-12T23:23:23Z,,,,1.2,10,8.0,167,,,25.0,,,,
2026-08-27T21:56:00Z,2026-09-12T23:23:23Z,,,,1.2,10,8.0,170,,,25.1,,,,
2026-08-27T22:26:00Z,2026-09-12T23:23:23Z,,,,1.1,12,8.1,178,,,25.3,,,,
2026-08-27T22:56:00Z,2026-09-12T23:23:23Z,,,,1.2,12,8.3,185,,,25.1,,,,
2026-08-27T23:26:00Z,2026-09-12T23:23:23Z,,,,1.2,11,8.5,176,,,25.3,,,,
2026-08-27T23:56:00Z,2026-09-12T23:23:23Z,,,,1.2,11,8.5,169,,,25.1,,,,
2026-08-28T00:26:00Z,2026-09-12T23:23:23Z,,,,1.1,12,8.0,188,,,25.0,,,,
2026-08-28T00:56:00Z,2026-09-12T23:23:23Z,,,,1.1,11,8.1,171,,,24.8,,,,
2026-08-28T01:26:00Z,2026-09-12T23:23:23Z,,,,1.1,11,8.0,174,,,24.8,,,,
2026-08-28T01:56:00Z,2026-09-12T23:23:23Z,,,,1.2,11,7.8,173,,,24.6,,,,
2026-08-28T02:26:00Z,2026-09-12T23:23:23Z,,,,1.2,11,7.3,167,,,24.4,,,,
2026-08-28T02:56:00Z,2026-09-12T23:23:23Z,,,,1.2,11,7.2,178,,,24.4,,,,
2026-08-28T03:26:00Z,2026-09-12T23:23:23Z,,,,1.1,11,7.4,178,,,24.4,,,,
2026-08-28T03:56:00Z,2026-09-12T23:23:23Z,,,,1.2,10,7.9,171,,,24.3,,,,
2026-08-28T04:26:00Z,2026-09-12T23:23:23Z,,,,1.2,11,7.9,180,,,24.3,,,,
2026-08-28T04:56:00Z,2026-09-12T23:23:23Z,,,,1.1,11,7.7,174,,,24.2,,,,
2026-08-28T05:26:00Z,2026-09-12T23:23:23Z,,,,1.2,11,8.0,191,,,24.1,,,,
2026-08-28T05:56:00Z,2026-09-12T23:23:23Z,,,,1.1,11,7.7,183,,,24.2,,,,
2026-08-28T06:26:00Z,2026-09-12T23:23:23Z,,,,1.0,10,7.5,176,,,24.1,,,,
2026-08-28T06:56:00Z,2026-09-12T23:23:23Z,,,,1.1,10,7.7,178,,,24.1,,,,
2026-08-28T07:26:00Z,2026-09-12T23:23:23Z,,,,1.1,11,8.0,183,,,24.0,,,,
2026-08-28T07:56:00Z,2026-09-12T23:23:23Z,,,,1.0,9,7.4,176,,,24.0,,,,
2026-08-28T08:26:00Z,2026-09-12T23:23:23Z,,,,1.0,11,7.5,188,,,23.9,,,,
2026-08-28T08:56:00Z,2026-09-12T23:23:23Z,,,,1.0,11,7.6,178,,,24.0,,,,
2026-08-28T09:26:00Z,2026-09-12T23:23:23Z,,,,1.1,11,7.6,178,,,23.9,,,,
2026-08-28T09:56:00Z,2026-09-12T23:23:23Z,,,,1.0,10,7.1,178,,,23.9,,,,
2026-08-28T10:26:00Z,2026-09-12T23:23:23Z,,,,1.0,11,7.6,194,,,23.8,,,,
2026-08-28T10:56:00Z,2026-09-12T23:23:23Z,,,,1.1,10,7.5,178,,,23.8,,,,
2026-08-28T11:26:00Z,2026-09-12T23:23:23Z,,,,1.0,9,7.2,177,,,23.8,,,,
2026-08-28T11:56:00Z,2026-09-12T23:23:23Z,,,,1.1,9,7.5,184,,,23.8,,,,
2026-08-28T12:26:00Z,2026-09-12T23:23:23Z,,,,1.1,10,7.2,178,,,23.9,,,,
2026-08-28T12:56:00Z,2026-09-12T23:23:23Z,,,,1.0,10,7.6,174,,,23.9,,,,
2026-08-28T13:26:00Z,2026-09-12T23:23:23Z,,,,1.0,10,7.5,173,,,23.9,,,,
2026-08-28T13:56:00Z,2026-09-12T23:23:23Z,,,,1.0,10,7.4,170,,,24.0,,,,
2026-08-28T14:26:00Z,2026-09-12T23:23:23Z,,,,1.0,10,7.6,181,,,24.0,,,,
2026-08-28T14:56:00Z,2026-09-12T23:23:23Z,,,,1.1,9,7.5,170,,,24.1,,,,
2026-08-28T15:26:00Z,2026-09-12T23:23:23Z,,,,1.0,10,7.6,176,,,24.2,,,,
2026-08-28T15:56:00Z,2026-09-12T23:23:23Z,,,,1.1,9,7.6,171,,,24.3,,,,
2026-08-28T16:26:00Z,2026-09-12T23:23:23Z,,,,1.0,7,7.5,250,,,24.4,,,,
2026-08-28T16:56:00Z,2026-09-12T23:23:23Z,,,,1.1,10,7.6,181,,,24.5,,,,
2026-08-28T17:26:00Z,2026-09-12T23:23:23Z,,,,1.1,9,7.7,176,,,24.5,,,,
2026-08-28T17:56:00Z,2026-09-12T23:23:23Z,,,,1.0,9,7.2,171,,,24.7,,,,
2026-08-28T18:26:00Z,2026-09-12T23:23:23Z,,,,1.0,8,7.3,184,,,24.8,,,,
2026-08-28T18:56:00Z,2026-09-12T23:23:23Z,,,,1.0,9,7.2,177,,,24.8,,,,
2026-08-28T19:26:00Z,2026-09-12T23:23:23Z,,,,0.9,9,7.0,176,,,25.0,,,,
2026-08-28T19:56:00Z,2026-09-12T23:23:23Z,,,,1.0,8,7.1,188,,,25.3,,,,
2026-08-28T20:26:00Z,2026-09-12T23:23:23Z,,,,0.9,9,7.3,177,,,25.5,,,,
2026-08-28T20:56:00Z,2026-09-12T23:23:23Z,,,,0.9,8,6.9,178,,,25.4,,,,
2026-08-28T21:26:00Z,2026-09-12T23:23:23Z,,,,0.9,8,7.3,202,,,25.4,,,,
2026-08-28T21:56:00Z,2026-09-12T23:23:23Z,,,,0.9,9,6.8,167,,,25.1,,,,
2026-08-28T22:26:00Z,2026-09-12T23:23:23Z,,,,0.9,8,6.7,192,,,25.1,,,,
2026-08-28T22:56:00Z,2026-09-12T23:23:23Z,,,,1.0,9,6.4,170,,,24.9,,,,
2026-08-28T23:26:00Z,2026-09-12T23:23:23Z,,,,0.9,8,5.6,190,,,24.7,,,,
2026-08-28T23:56:00Z,2026-09-12T23:23:23Z,,,,0.9,9,5.2,178,,,24.4,,,,
2026-08-29T00:26:00Z,2026-09-12T23:23:23Z,,,,1.0,9,5.4,173,,,24.4,,,,
2026-08-29T00:56:00Z,2026-09-12T23:23:23Z,,,,1.0,8,5.3,184,,,24.4,,,,
2026-08-29T01:26:00Z,2026-09-12T23:23:23Z,,,,0.9,9,5.0,174,,,24.2,,,,
2026-08-29T01:56:00Z,2026-09-12T23:23:23Z,,,,0.9,20,5.2,204,,,24.1,,,,
2026-08-29T02:26:00Z,2026-09-12T23:23:23Z,,,,0.9,20,5.6,204,,,24.1,,,,
2026-08-29T02:56:00Z,2026-09-12T23:23:23Z,,,,0.9,20,5.8,174,,,24.1,,,,
2026-08-29T03:26:00Z,2026-09-12T23:23:23Z,,,,0.9,18,6.0,244,,,24.2,,,,
2026-08-29T03:56:00Z,2026-09-12T23:23:23Z,,,,0.9,20,5.9,173,,,24.1,,,,
2026-08-29T04:26:00Z,2026-09-12T23:23:23Z,,,,0.9,18,7.0,171,,,24.1,,,,
2026-08-29T04:56:00Z,2026-09-12T23:23:23Z,,,,0.9,18,7.1,198,,,24.1,,,,
2026-08-29T05:26:00Z,2026-09-12T23:23:23Z,,,,0.8,18,6.7,192,,,24.0,,,,
2026-08-29T05:56:00Z,2026-09-12T23:23:23Z,,,,0.8,18,6.9,198,,,24.1,,,,
2026-08-29T06:26:00Z,2026-09-12T23:23:23Z,,,,0.9,18,7.2,327,,,24.1,,,,
2026-08-29T06:56:00Z,2026-09-12T23:23:23Z,,,,0.9,20,7.3,212,,,24.0,,,,
2026-08-29T07:26:00Z,2026-09-12T23:23:23Z,,,,0.9,18,7.8,190,,,24.0,,,,
2026-08-29T07:56:00Z,2026-09-12T23:23:23Z,,,,0.9,18,8.1,304,,,23.9,,,,
2026-08-29T08:26:00Z,2026-09-12T23:23:23Z,,,,0.9,18,7.4,185,,,23.9,,,,
2026-08-29T08:56:00Z,2026-09-12T23:23:23Z,,,,0.9,18,7.6,214,,,24.0,,,,
2026-08-29T09:26:00Z,2026-09-12T23:23:23Z,,,,0.9,18,7.4,188,,,24.1,,,,
2026-08-29T09:56:00Z,2026-09-12T23:23:23Z,,,,0.9,18,7.2,192,,,24.1,,,,
2026-08-29T10:26:00Z,2026-09-12T23:23:23Z,,,,0.9,18,7.1,229,,,24.1,,,,
2026-08-29T10:56:00Z,2026-09-12T23:23:23Z,,,,0.9,18,7.0,249,,,24.1,,,,
2026-08-29T11:26:00Z,2026-09-12T23:23:23Z,,,,1.0,18,7.3,188,,,24.1,,,,
2026-08-29T11:56:00Z,2026-09-12T23:23:23Z,,,,1.0,18,7.6,205,,,24.1,,,,
2026-08-29T12:26:00Z,2026-09-12T23:23:23Z,,,,1.0,18,8.0,209,,,24.1,,,,
2026-08-29T12:56:00Z,2026-09-12T23:23:23Z,,,,0.9,18,7.6,202,,,24.2,,,,
2026-08-29T13:26:00Z,2026-09-12T23:23:23Z,,,,1.0,18,7.2,194,,,24.2,,,,
2026-08-29T13:56:00Z,2026-09-12T23:23:23Z,,,,0.9,18,7.0,195,,,24.2,,,,
2026-08-29T14:26:00Z,2026-09-12T23:23:23Z,,,,0.9,18,7.1,275,,,24.2,,,,
2026-08-29T14:56:00Z,2026-09-12T23:23:23Z,,,,0.9,18,7.5,187,,,24.3,,,,
2026-08-29T15:26:00Z,2026-09-12T23:23:23Z,,,,0.9,18,6.9,197,,,24.4,,,,
2026-08-29T15:56:00Z,2026-09-12T23:23:23Z,,,,1.0,18,7.2,209,,,24.3,,,,
2026-08-29T16:26:00Z,2026-09-12T23:23:23Z,,,,1.1,18,8.0,192,,,24.4,,,,
2026-08-29T16:56:00Z,2026-09-12T23:23:23Z,,,,1.0,18,7.2,174,,,24.5,,,,
2026-08-29T17:26:00Z,2026-09-12T23:23:23Z,,,,1.0,18,7.0,319,,,24.6,,,,
2026-08-29T17:56:00Z,2026-09-12T23:23:23Z,,,,1.0,18,6.5,191,,,24.7,,,,
2026-08-29T18:26:00Z,2026-09-12T23:23:23Z,,,,0.9,17,6.4,197,,,24.9,,,,
2026-08-29T18:56:00Z,2026-09-12T23:23:23Z,,,,1.0,18,7.1,191,,,24.9,,,,
2026-08-29T19:26:00Z,2026-09-12T23:23:23Z,,,,1.0,17,6.9,187,,,25.2,,,,
2026-08-29T19:56:00Z,2026-09-12T23:23:23Z,,,,0.9,17,6.8,194,,,25.2,,,,
2026-08-29T20:26:00Z,2026-09-12T23:23:23Z,,,,1.0,17,7.0,195,,,25.2,,,,
2026-08-29T20:56:00Z,2026-09-12T23:23:23Z,,,,0.9,18,6.5,176,,,25.1,,,,
2026-08-29T21:26:00Z,2026-09-12T23:23:23Z,,,,0.9,17,5.7,198,,,25.1,,,,
2026-08-29T21:56:00Z,2026-09-12T23:23:23Z,,,,0.9,17,6.0,173,,,24.9,,,,
2026-08-29T22:26:00Z,2026-09-12T23:23:23Z,,,,1.0,17,5.4,187,,,25.0,,,,
2026-08-29T22:56:00Z,2026-09-12T23:23:23Z,,,,1.0,17,5.4,187,,,24.8,,,,
2026-08-29T23:26:00Z,2026-09-12T23:23:23Z,,,,1.0,17,5.2,170,,,24.6,,,,
2026-08-29T23:56:00Z,2026-09-12T23:23:23Z,,,,1.0,17,4.8,185,,,24.5,,,,
2026-08-30T00:26:00Z,2026-09-12T23:23:23Z,,,,1.1,17,4.8,171,,,24.4,,,,
2026-08-30T00:56:00Z,2026-09-12T23:23:23Z,,,,1.2,17,5.0,183,,,24.4,,,,
2026-08-30T01:26:00Z,2026-09-12T23:23:23Z,,,,1.1,17,4.7,206,,,24.3,,,,
2026-08-30T01:56:00Z,2026-09-12T23:23:23Z,,,,1.1,17,5.2,173,,,24.2,,,,
2026-08-30T02:26:00Z,2026-09-12T23:23:23Z,,,,1.2,17,5.8,180,,,24.2,,,,
2026-08-30T02:56:00Z,2026-09-12T23:23:23Z,,,,1.0,17,5.2,178,,,24.1,,,,
2026-08-30T03:26:00Z,2026-09-12T23:23:23Z,,,,1.0,17,5.6,192,,,24.0,,,,
2026-08-30T03:56:00Z,2026-09-12T23:23:23Z,,,,1.1,15,5.8,173,,,23.8,,,,
2026-08-30T04:26:00Z,2026-09-12T23:23:23Z,,,,1.1,17,5.8,197,,,23.5,,,,
2026-08-30T04:56:00Z,2026-09-12T23:23:23Z,,,,1.1,17,6.1,183,,,23.6,,,,
2026-08-30T05:26:00Z,2026-09-12T23:23:23Z,,,,1.1,17,5.7,195,,,23.6,,,,
2026-08-30T05:56:00Z,2026-09-12T23:23:23Z,,,,1.1,17,5.9,191,,,23.6,,,,
2026-08-30T06:26:00Z,2026-09-12T23:23:23Z,,,,1.2,15,6.6,187,,,23.7,,,,
2026-08-30T06:56:00Z,2026-09-12T23:23:23Z,,,,1.3,17,6.7,181,,,23.9,,,,
2026-08-30T07:26:00Z,2026-09-12T23:23:23Z,,,,1.2,15,6.7,194,,,23.9,,,,
2026-08-30T07:56:00Z,2026-09-12T23:23:23Z,,,,1.3,17,6.9,194,,,24.0,,,,
2026-08-30T08:26:00Z,2026-09-12T23:23:23Z,,,,1.3,15,7.1,194,,,24.0,,,,
2026-08-30T08:56:00Z,2026-09-12T23:23:23Z,,,,1.3,17,7.2,191,,,24.0,,,,
2026-08-30T09:26:00Z,2026-09-12T23:23:23Z,,,,1.2,15,7.2,197,,,24.1,,,,
2026-08-30T09:56:00Z,2026-09-12T23:23:23Z,,,,1.3,15,7.2,198,,,24.1,,,,
2026-08-30T10:26:00Z,2026-09-12T23:23:23Z,,,,1.3,15,7.0,197,,,24.0,,,,
2026-08-30T10:56:00Z,2026-09-12T23:23:23Z,,,,1.3,17,7.4,197,,,24.0,,,,
2026-08-30T11:26:00Z,2026-09-12T23:23:23Z,,,,1.1,15,7.0,190,,,24.0,,,,
2026-08-30T11:56:00Z,2026-09-12T23:23:23Z,,,,1.2,17,6.9,191,,,23.9,,,,
2026-08-30T12:26:00Z,2026-09-12T23:23:23Z,,,,1.3,17,7.3,194,,,23.9,,,,
2026-08-30T12:56:00Z,2026-09-12T23:23:23Z,,,,1.2,15,6.8,191,,,23.9,,,,
2026-08-30T13:26:00Z,2026-09-12T23:23:23Z,,,,1.1,15,6.9,199,,,23.9,,,,
2026-08-30T13:56:00Z,2026-09-12T23:23:23Z,,,,1.3,17,7.2,194,,,23.9,,,,
2026-08-30T14:26:00Z,2026-09-12T23:23:23Z,,,,1.2,17,7.0,183,,,23.9,,,,
2026-08-30T14:56:00Z,2026-09-12T23:23:23Z,,,,1.3,15,7.3,176,,,23.9,,,,
2026-08-30T15:26:00Z,2026-09-12T23:23:23Z,,,,1.3,15,7.8,197,,,23.9,,,,
2026-08-30T15:56:00Z,2026-09-12T23:23:23Z,,,,1.3,15,6.9,184,,,24.0,,,,
2026-08-30T16:26:00Z,2026-09-12T23:23:23Z,,,,1.3,15,7.7,201,,,24.1,,,,
2026-08-30T16:56:00Z,2026-09-12T23:23:23Z,,,,1.2,15,7.1,202,,,24.4,,,,
2026-08-30T17:26:00Z,2026-09-12T23:23:23Z,,,,1.2,15,7.5,212,,,24.6,,,,
2026-08-30T17:56:00Z,2026-09-12T23:23:23Z,,,,1.2,15,8.1,212,,,25.3,,,,
2026-08-30T18:26:00Z,2026-09-12T23:23:23Z,,,,1.3,15,8.1,202,,,25.1,,,,
2026-08-30T18:56:00Z,2026-09-12T23:23:23Z,,,,1.2,14,7.3,181,,,24.8,,,,
2026-08-30T19:26:00Z,2026-09-12T23:23:23Z,,,,1.2,15,7.8,181,,,25.1,,,,
2026-08-30T19:56:00Z,2026-09-12T23:23:23Z,,,,1.1,15,7.9,190,,,25.0,,,,
2026-08-30T20:26:00Z,2026-09-12T23:23:23Z,,,,1.1,15,6.9,260,,,25.4,,,,
2026-08-30T20:56:00Z,2026-09-12T23:23:23Z,,,,1.1,15,7.6,176,,,25.5,,,,
2026-08-30T21:26:00Z,2026-09-12T23:23:23Z,,,,1.1,15,7.2,192,,,25.2,,,,
2026-08-30T21:56:00Z,2026-09-12T23:23:23Z,,,,1.2,15,7.9,187,,,25.1,,,,
2026-08-30T22:26:00Z,2026-09-12T23:23:23Z,,,,1.1,15,6.8,167,,,25.3,,,,
2026-08-30T22:56:00Z,2026-09-12T23:23:23Z,,,,1.1,15,6.5,177,,,25.1,,,,
2026-08-30T23:26:00Z,2026-09-12T23:23:23Z,,,,1.1,15,6.5,185,,,25.3,,,,
2026-08-30T23:56:00Z,2026-09-12T23:23:23Z,,,,1.1,15,6.7,170,,,25.2,,,,
2026-08-31T00:26:00Z,2026-09-12T23:23:23Z,,,,1.1,15,6.0,184,,,25.2,,,,
2026-08-31T00:56:00Z,2026-09-12T23:23:23Z,,,,1.2,15,5.8,185,,,25.1,,,,
2026-08-31T01:26:00Z,2026-09-12T23:23:23Z,,,,1.1,15,5.5,188,,,25.0,,,,
2026-08-31T01:56:00Z,2026-09-12T23:23:23Z,,,,1.1,15,5.7,178,,,24.8,,,,
2026-08-31T02:26:00Z,2026-09-12T23:23:23Z,,,,1.1,15,5.1,173,,,24.7,,,,
2026-08-31T02:56:00Z,2026-09-12T23:23:23Z,,,,1.1,15,5.7,201,,,24.7,,,,
2026-08-31T03:26:00Z,2026-09-12T23:23:23Z,,,,1.2,15,5.8,192,,,24.5,,,,
2026-08-31T03:56:00Z,2026-09-12T23:23:23Z,,,,1.2,15,6.9,178,,,24.3,,,,
2026-08-31T04:26:00Z,2026-09-12T23:23:23Z,,,,1.2,15,6.4,171,,,24.3,,,,
2026-08-31T04:56:00Z,2026-09-12T23:23:23Z,,,,1.2,15,6.9,184,,,24.3,,,,
2026-08-31T05:26:00Z,2026-09-12T23:23:23Z,,,,1.3,14,6.7,177,,,24.3,,,,
2026-08-31T05:56:00Z,2026-09-12T23:23:23Z,,,,1.3,15,6.6,170,,,24.3,,,,
2026-08-31T06:26:00Z,2026-09-12T23:23:23Z,,,,1.3,14,6.7,170,,,24.3,,,,
2026-08-31T06:56:00Z,2026-09-12T23:23:23Z,,,,1.3,15,6.8,183,,,24.2,,,,
2026-08-31T07:26:00Z,2026-09-12T23:23:23Z,,,,1.3,15,6.7,177,,,24.0,,,,
2026-08-31T07:56:00Z,2026-09-12T23:23:23Z,,,,1.3,14,7.2,188,,,24.0,,,,
2026-08-31T08:26:00Z,2026-09-12T23:23:23Z,,,,1.4,15,6.7,192,,,23.9,,,,
2026-08-31T08:56:00Z,2026-09-12T23:23:23Z,,,,1.5,15,7.0,173,,,23.9,,,,
2026-08-31T09:26:00Z,2026-09-12T23:23:23Z,,,,1.4,14,6.8,181,,,23.9,,,,
2026-08-31T09:56:00Z,2026-09-12T23:23:23Z,,,,1.4,15,6.8,192,,,24.0,,,,
2026-08-31T10:26:00Z,2026-09-12T23:23:23Z,,,,1.4,7,6.5,284,,,24.1,,,,
2026-08-31T10:56:00Z,2026-09-12T23:23:23Z,,,,1.5,15,7.0,181,,,24.0,,,,
2026-08-31T11:26:00Z,2026-09-12T23:23:23Z,,,,1.5,14,6.7,181,,,24.0,,,,
2026-08-31T11:56:00Z,2026-09-12T23:23:23Z,,,,1.4,14,6.6,174,,,23.9,,,,
2026-08-31T12:26:00Z,2026-09-12T23:23:23Z,,,,1.4,15,7.0,190,,,24.0,,,,
2026-08-31T12:56:00Z,2026-09-12T23:23:23Z,,,,1.4,14,6.6,181,,,24.0,,,,
2026-08-31T13:26:00Z,2026-09-12T23:23:23Z,,,,1.4,14,6.9,170,,,23.9,,,,
2026-08-31T13:56:00Z,2026-09-12T23:23:23Z,,,,1.3,13,6.9,178,,,23.9,,,,
2026-08-31T14:26:00Z,2026-09-12T23:23:23Z,,,,1.3,13,6.9,169,,,24.0,,,,
2026-08-31T14:56:00Z,2026-09-12T23:23:23Z,,,,1.4,14,7.3,171,,,23.9,,,,
2026-08-31T15:26:00Z,2026-09-12T23:23:23Z,,,,1.4,14,7.3,181,,,24.0,,,,
2026-08-31T15:56:00Z,2026-09-12T23:23:23Z,,,,1.3,13,7.5,166,,,24.1,,,,
2026-08-31T16:26:00Z,2026-09-12T23:23:23Z,,,,1.3,13,7.3,174,,,24.2,,,,
2026-08-31T16:56:00Z,2026-09-12T23:23:23Z,,,,1.4,13,7.8,170,,,24.2,,,,
2026-08-31T17:26:00Z,2026-09-12T23:23:23Z,,,,1.3,13,7.4,181,,,24.3,,,,
2026-08-31T17:56:00Z,2026-09-12T23:23:23Z,,,,1.3,11,7.4,169,,,24.4,,,,
2026-08-31T18:26:00Z,2026-09-12T23:23:23Z,,,,1.4,13,7.5,163,,,24.4,,,,
2026-08-31T18:56:00Z,2026-09-12T23:23:23Z,,,,1.5,11,7.7,163,,,24.5,,,,
2026-08-31T19:26:00Z,2026-09-12T23:23:23Z,,,,1.5,13,7.9,166,,,24.5,,,,
2026-08-31T19:56:00Z,2026-09-12T23:23:23Z,,,,1.5,12,7.7,161,,,24.6,,,,
2026-08-31T20:26:00Z,2026-09-12T23:23:23Z,,,,1.5,11,7.6,164,,,24.7,,,,
2026-08-31T20:56:00Z,2026-09-12T23:23:23Z,,,,1.4,11,7.5,166,,,24.9,,,,
2026-08-31T21:26:00Z,2026-09-12T23:23:23Z,,,,1.5,12,7.3,160,,,25.0,,,,
2026-08-31T21:56:00Z,2026-09-12T23:23:23Z,,,,1.5,11,7.2,160,,,24.9,,,,
2026-08-31T22:26:00Z,2026-09-12T23:23:23Z,,,,1.3,12,6.8,164,,,24.9,,,,
2026-08-31T22:56:00Z,2026-09-12T23:23:23Z,,,,1.4,11,7.1,166,,,25.0,,,,
2026-08-31T23:56:00Z,2026-09-12T23:23:23Z,,,,1.3,11,6.4,159,,,25.0,,,,
2026-09-01T00:26:00Z,2026-09-12T23:23:23Z,,,,1.4,11,6.3,161,,,24.9,,,,
2026-09-01T00:56:00Z,2026-09-12T23:23:23Z,,,,1.5,12,6.6,169,,,24.8,,,,
2026-09-01T01:26:00Z,2026-09-12T23:23:23Z,,,,1.5,11,6.5,166,,,24.6,,,,
2026-09-01T01:56:00Z,2026-09-12T23:23:23Z,,,,1.5,11,6.0,159,,,24.4,,,,
2026-09-01T02:26:00Z,2026-09-12T23:23:23Z,,,,1.5,11,6.2,160,,,24.0,,,,
2026-09-01T02:56:00Z,2026-09-12T23:23:23Z,,,,1.3,11,5.8,167,,,23.9,,,,
2026-09-01T03:26:00Z,2026-09-12T23:23:23Z,,,,1.4,11,6.2,161,,,24.0,,,,
2026-09-01T03:56:00Z,2026-09-12T23:23:23Z,,,,1.4,11,6.7,163,,,23.8,,,,
2026-09-01T04:26:00Z,2026-09-12T23:23:23Z,,,,1.3,11,6.5,161,,,23.5,,,,
2026-09-01T04:56:00Z,2026-09-12T23:23:23Z,,,,1.3,12,6.2,164,,,23.3,,,,
2026-09-01T05:26:00Z,2026-09-12T23:23:23Z,,,,1.4,11,6.9,166,,,23.2,,,,
2026-09-01T05:56:00Z,2026-09-12T23:23:23Z,,,,1.4,11,6.8,166,,,23.3,,,,
2026-09-01T06:26:00Z,2026-09-12T23:23:23Z,,,,1.4,11,7.4,164,,,23.3,,,,
2026-09-01T06:56:00Z,2026-09-12T23:23:23Z,,,,1.4,11,7.3,164,,,23.4,,,,
2026-09-01T07:26:00Z,2026-09-12T23:23:23Z,,,,1.4,11,7.5,160,,,23.5,,,,
2026-09-01T07:56:00Z,2026-09-12T23:23:23Z,,,,1.3,11,7.2,163,,,23.5,,,,
2026-09-01T08:26:00Z,2026-09-12T23:23:23Z,,,,1.4,11,7.0,167,,,23.5,,,,
2026-09-01T08:56:00Z,2026-09-12T23:23:23Z,,,,1.3,11,7.0,161,,,23.5,,,,
2026-09-01T09:26:00Z,2026-09-12T23:23:23Z,,,,1.4,11,7.1,161,,,23.3,,,,
2026-09-01T09:56:00Z,2026-09-12T23:23:23Z,,,,1.3,11,6.7,167,,,23.3,,,,
2026-09-01T10:26:00Z,2026-09-12T23:23:23Z,,,,1.3,11,6.7,166,,,23.3,,,,
2026-09-01T10:56:00Z,2026-09-12T23:23:23Z,,,,1.3,11,6.9,170,,,23.4,,,,
2026-09-01T11:26:00Z,2026-09-12T23:23:23Z,,,,1.3,11,6.6,169,,,23.4,,,,
2026-09-01T11:56:00Z,2026-09-12T23:23:23Z,,,,1.3,11,6.8,173,,,23.5,,,,
2026-09-01T12:26:00Z,2026-09-12T23:23:23Z,,,,1.4,11,6.8,169,,,23.7,,,,
2026-09-01T12:56:00Z,2026-09-12T23:23:23Z,,,,1.3,11,6.8,164,,,23.9,,,,
2026-09-01T13:26:00Z,2026-09-12T23:23:23Z,,,,1.3,11,7.0,166,,,23.9,,,,
2026-09-01T13:56:00Z,2026-09-12T23:23:23Z,,,,1.2,11,6.9,169,,,23.9,,,,
2026-09-01T14:26:00Z,2026-09-12T23:23:23Z,,,,1.2,11,6.6,166,,,24.0,,,,
2026-09-01T14:56:00Z,2026-09-12T23:23:23Z,,,,1.1,11,6.5,174,,,24.2,,,,
2026-09-01T15:26:00Z,2026-09-12T23:23:23Z,,,,1.1,11,7.0,167,,,24.3,,,,
2026-09-01T15:56:00Z,2026-09-12T23:23:23Z,,,,1.1,11,7.0,163,,,24.4,,,,
2026-09-01T16:26:00Z,2026-09-12T23:23:23Z,,,,1.1,11,7.1,161,,,24.5,,,,
2026-09-01T16:56:00Z,2026-09-12T23:23:23Z,,,,1.2,11,7.2,160,,,24.5,,,,
2026-09-01T17:26:00Z,2026-09-12T23:23:23Z,,,,1.2,10,7.4,161,,,24.5,,,,
2026-09-01T17:56:00Z,2026-09-12T23:23:23Z,,,,1.2,10,6.9,157,,,24.6,,,,
2026-09-01T18:26:00Z,2026-09-12T23:23:23Z,,,,1.2,10,7.3,164,,,24.6,,,,
2026-09-01T18:56:00Z,2026-09-12T23:23:23Z,,,,1.3,10,7.3,156,,,24.7,,,,
2026-09-01T19:26:00Z,2026-09-12T23:23:23Z,,,,1.2,11,6.9,166,,,24.7,,,,
2026-09-01T19:56:00Z,2026-09-12T23:23:23Z,,,,1.2,11,7.0,161,,,24.9,,,,
2026-09-01T20:26:00Z,2026-09-12T23:23:23Z,,,,1.1,10,6.9,171,,,24.9,,,,
2026-09-01T20:56:00Z,2026-09-12T23:23:23Z,,,,1.1,10,6.5,164,,,24.8,,,,
2026-09-01T21:26:00Z,2026-09-12T23:23:23Z,,,,1.2,10,6.2,167,,,24.9,,,,
2026-09-01T21:56:00Z,2026-09-12T23:23:23Z,,,,1.2,14,5.8,167,,,24.7,,,,
2026-09-01T22:26:00Z,2026-09-12T23:23:23Z,,,,1.2,10,5.6,159,,,24.7,,,,
2026-09-01T22:56:00Z,2026-09-12T23:23:23Z,,,,1.2,10,5.3,170,,,24.6,,,,
2026-09-01T23:26:00Z,2026-09-12T23:23:23Z,,,,1.1,11,4.9,166,,,24.6,,,,
2026-09-01T23:56:00Z,2026-09-12T23:23:23Z,,,,1.2,14,4.9,159,,,24.7,,,,
2026-09-02T00:26:00Z,2026-09-12T23:23:23Z,,,,1.2,10,4.9,154,,,24.6,,,,
2026-09-02T00:56:00Z,2026-09-12T23:23:23Z,,,,1.2,14,4.8,166,,,24.5,,,,
2026-09-02T01:26:00Z,2026-09-12T23:23:23Z,,,,1.1,13,4.7,171,,,24.3,,,,
2026-09-02T01:56:00Z,2026-09-12T23:23:23Z,,,,1.1,13,4.7,171,,,24.2,,,,
2026-09-02T02:26:00Z,2026-09-12T23:23:23Z,,,,1.1,10,4.9,157,,,23.9,,,,
2026-09-02T02:56:00Z,2026-09-12T23:23:23Z,,,,1.1,14,5.0,178,,,23.8,,,,
2026-09-02T03:26:00Z,2026-09-12T23:23:23Z,,,,1.1,14,5.2,183,,,23.8,,,,
2026-09-02T03:56:00Z,2026-09-12T23:23:23Z,,,,1.0,13,5.1,170,,,23.6,,,,
2026-09-02T04:26:00Z,2026-09-12T23:23:23Z,,,,1.0,13,5.3,173,,,23.6,,,,
2026-09-02T04:56:00Z,2026-09-12T23:23:23Z,,,,0.9,13,5.2,178,,,23.5,,,,
2026-09-02T05:26:00Z,2026-09-12T23:23:23Z,,,,1.1,13,5.7,178,,,23.3,,,,
2026-09-02T05:56:00Z,2026-09-12T23:23:23Z,,,,1.0,13,5.5,173,,,23.2,,,,
2026-09-02T06:26:00Z,2026-09-12T23:23:23Z,,,,1.1,6,5.7,267,,,23.0,,,,
2026-09-02T06:56:00Z,2026-09-12T23:23:23Z,,,,1.1,6,5.5,268,,,23.0,,,,
2026-09-02T07:26:00Z,2026-09-12T23:23:23Z,,,,1.2,6,5.5,270,,,22.8,,,,
2026-09-02T07:56:00Z,2026-09-12T23:23:23Z,,,,1.3,6,5.7,268,,,22.8,,,,
2026-09-02T08:26:00Z,2026-09-12T23:23:23Z,,,,1.2,6,5.7,271,,,22.7,,,,
2026-09-02T08:56:00Z,2026-09-12T23:23:23Z,,,,1.2,6,5.6,266,,,22.8,,,,
2026-09-02T09:26:00Z,2026-09-12T23:23:23Z,,,,1.1,6,5.6,277,,,22.9,,,,
2026-09-02T09:56:00Z,2026-09-12T23:23:23Z,,,,1.3,7,5.8,274,,,22.8,,,,
2026-09-02T10:26:00Z,2026-09-12T23:23:23Z,,,,1.2,6,5.7,282,,,23.2,,,,
2026-09-02T10:56:00Z,2026-09-12T23:23:23Z,,,,1.2,6,5.7,273,,,23.2,,,,
2026-09-02T11:26:00Z,2026-09-12T23:23:23Z,,,,1.2,6,5.6,277,,,23.3,,,,
2026-09-02T11:56:00Z,2026-09-12T23:23:23Z,,,,1.2,6,5.7,274,,,23.3,,,,
2026-09-02T12:26:00Z,2026-09-12T23:23:23Z,,,,1.1,6,5.7,277,,,23.3,,,,
2026-09-02T12:56:00Z,2026-09-12T23:23:23Z,,,,1.2,6,5.8,282,,,23.3,,,,
2026-09-02T13:26:00Z,2026-09-12T23:23:23Z,,,,1.1,6,5.6,284,,,23.3,,,,
2026-09-02T13:56:00Z,2026-09-12T23:23:23Z,,,,1.1,6,5.6,281,,,23.4,,,,
2026-09-02T14:26:00Z,2026-09-12T23:23:23Z,,,,1.2,6,5.6,275,,,23.4,,,,
2026-09-02T14:56:00Z,2026-09-12T23:23:23Z,,,,1.2,7,5.8,275,,,23.2,,,,
2026-09-02T15:26:00Z,2026-09-12T23:23:23Z,,,,1.1,6,5.8,282,,,23.2,,,,
2026-09-02T15:56:00Z,2026-09-12T23:23:23Z,,,,1.1,6,5.8,284,,,23.1,,,,
2026-09-02T16:26:00Z,2026-09-12T23:23:23Z,,,,1.1,7,5.8,270,,,23.2,,,,
2026-09-02T16:56:00Z,2026-09-12T23:23:23Z,,,,1.1,7,6.0,271,,,23.3,,,,
2026-09-02T17:26:00Z,2026-09-12T23:23:23Z,,,,1.1,7,5.9,268,,,23.4,,,,
2026-09-02T17:56:00Z,2026-09-12T23:23:23Z,,,,1.0,13,6.3,177,,,23.6,,,,
2026-09-02T18:26:00Z,2026-09-12T23:23:23Z,,,,1.0,7,5.9,275,,,23.9,,,,
2026-09-02T18:56:00Z,2026-09-12T23:23:23Z,,,,1.0,12,6.2,176,,,24.0,,,,
2026-09-02T19:26:00Z,2026-09-12T23:23:23Z,,,,1.0,7,6.2,271,,,24.3,,,,
2026-09-02T19:56:00Z,2026-09-12T23:23:23Z,,,,0.9,6,6.2,270,,,24.3,,,,
2026-09-02T20:26:00Z,2026-09-12T23:23:23Z,,,,0.9,13,6.2,167,,,24.6,,,,
2026-09-02T20:56:00Z,2026-09-12T23:23:23Z,,,,0.9,6,6.3,268,,,24.6,,,,
2026-09-02T21:26:00Z,2026-09-12T23:23:23Z,,,,0.9,6,6.2,270,,,24.1,,,,
2026-09-02T21:56:00Z,2026-09-12T23:23:23Z,,,,0.9,6,6.1,271,,,24.1,,,,
2026-09-02T22:26:00Z,2026-09-12T23:23:23Z,,,,0.9,6,5.9,274,,,23.9,,,,
2026-09-02T22:56:00Z,2026-09-12T23:23:23Z,,,,0.9,12,5.8,169,,,23.7,,,,
2026-09-02T23:26:00Z,2026-09-12T23:23:23Z,,,,0.9,13,5.3,169,,,23.5,,,,
2026-09-02T23:56:00Z,2026-09-12T23:23:23Z,,,,0.9,13,4.6,187,,,23.4,,,,
2026-09-03T00:26:00Z,2026-09-12T23:23:23Z,,,,0.9,13,4.5,164,,,23.3,,,,
2026-09-03T00:56:00Z,2026-09-12T23:23:23Z,,,,1.0,11,4.3,183,,,23.2,,,,
2026-09-03T01:26:00Z,2026-09-12T23:23:23Z,,,,1.0,13,4.3,167,,,23.2,,,,
2026-09-03T01:56:00Z,2026-09-12T23:23:23Z,,,,1.0,11,4.3,171,,,23.1,,,,
2026-09-03T02:26:00Z,2026-09-12T23:23:23Z,,,,1.0,13,4.5,178,,,23.2,,,,
2026-09-03T02:56:00Z,2026-09-12T23:23:23Z,,,,0.9,13,4.4,177,,,23.1,,,,
2026-09-03T03:26:00Z,2026-09-12T23:23:23Z,,,,0.9,12,4.5,185,,,23.1,,,,
2026-09-03T03:56:00Z,2026-09-12T23:23:23Z,,,,0.9,13,4.7,169,,,23.1,,,,
2026-09-03T04:26:00Z,2026-09-12T23:23:23Z,,,,0.9,11,4.8,178,,,23.0,,,,
2026-09-03T04:56:00Z,2026-09-12T23:23:23Z,,,,0.8,10,4.9,185,,,23.0,,,,
2026-09-03T05:26:00Z,2026-09-12T23:23:23Z,,,,0.8,12,4.8,205,,,23.1,,,,
2026-09-03T05:56:00Z,2026-09-12T23:23:23Z,,,,0.9,13,5.0,183,,,23.0,,,,
2026-09-03T06:26:00Z,2026-09-12T23:23:23Z,,,,0.8,6,5.0,268,,,23.0,,,,
2026-09-03T06:56:00Z,2026-09-12T23:23:23Z,,,,0.9,6,5.2,266,,,23.0,,,,
2026-09-03T07:26:00Z,2026-09-12T23:23:23Z,,,,1.0,6,5.1,274,,,23.1,,,,
2026-09-03T07:56:00Z,2026-09-12T23:23:23Z,,,,1.1,6,5.4,280,,,23.1,,,,
2026-09-03T08:26:00Z,2026-09-12T23:23:23Z,,,,1.0,6,5.3,278,,,23.1,,,,
2026-09-03T08:56:00Z,2026-09-12T23:23:23Z,,,,1.0,6,5.3,278,,,23.1,,,,
2026-09-03T09:26:00Z,2026-09-12T23:23:23Z,,,,1.1,6,5.7,278,,,23.2,,,,
2026-09-03T09:56:00Z,2026-09-12T23:23:23Z,,,,1.0,7,5.6,282,,,23.3,,,,
2026-09-03T10:26:00Z,2026-09-12T23:23:23Z,,,,1.0,6,5.7,287,,,23.3,,,,
2026-09-03T10:56:00Z,2026-09-12T23:23:23Z,,,,1.0,6,5.6,280,,,23.3,,,,
2026-09-03T11:26:00Z,2026-09-12T23:23:23Z,,,,1.0,7,5.6,289,,,23.3,,,,
2026-09-03T11:56:00Z,2026-09-12T23:23:23Z,,,,1.0,7,5.5,289,,,23.3,,,,
2026-09-03T12:26:00Z,2026-09-12T23:23:23Z,,,,1.0,6,5.4,291,,,23.3,,,,
2026-09-03T12:56:00Z,2026-09-12T23:23:23Z,,,,1.1,6,5.5,295,,,23.3,,,,
2026-09-03T13:26:00Z,2026-09-12T23:23:23Z,,,,1.0,6,5.5,298,,,23.3,,,,
2026-09-03T13:56:00Z,2026-09-12T23:23:23Z,,,,1.1,6,5.4,292,,,23.2,,,,
2026-09-03T14:26:00Z,2026-09-12T23:23:23Z,,,,1.2,6,5.4,295,,,23.2,,,,
2026-09-03T14:56:00Z,2026-09-12T23:23:23Z,,,,1.1,6,5.3,285,,,23.2,,,,
2026-09-03T15:26:00Z,2026-09-12T23:23:23Z,,,,1.1,6,5.5,298,,,23.2,,,,
2026-09-03T15:56:00Z,2026-09-12T23:23:23Z,,,,1.2,6,5.4,296,,,23.2,,,,
2026-09-03T16:26:00Z,2026-09-12T23:23:23Z,,,,1.0,6,5.6,294,,,23.2,,,,
2026-09-03T16:56:00Z,2026-09-12T23:23:23Z,,,,1.0,6,5.5,291,,,23.2,,,,
2026-09-03T17:26:00Z,2026-09-12T23:23:23Z,,,,0.9,6,5.5,292,,,23.3,,,,
2026-09-03T17:56:00Z,2026-09-12T23:23:23Z,,,,0.9,6,5.4,292,,,23.5,,,,
2026-09-03T18:26:00Z,2026-09-12T23:23:23Z,,,,0.9,6,5.5,289,,,23.4,,,,
2026-09-03T18:56:00Z,2026-09-12T23:23:23Z,,,,0.9,6,5.7,291,,,23.8,,,,
2026-09-03T19:26:00Z,2026-09-12T23:23:23Z,,,,0.8,6,5.5,291,,,24.2,,,,
2026-09-03T19:56:00Z,2026-09-12T23:23:23Z,,,,0.9,6,5.5,287,,,24.1,,,,
2026-09-03T20:26:00Z,2026-09-12T23:23:23Z,,,,0.9,6,5.4,294,,,24.2,,,,
2026-09-03T20:56:00Z,2026-09-12T23:23:23Z,,,,0.8,6,5.4,287,,,24.0,,,,
2026-09-03T21:26:00Z,2026-09-12T23:23:23Z,,,,0.8,6,5.4,289,,,23.8,,,,
2026-09-03T21:56:00Z,2026-09-12T23:23:23Z,,,,0.8,6,5.4,275,,,23.8,,,,
2026-09-03T22:26:00Z,2026-09-12T23:23:23Z,,,,0.8,6,5.3,274,,,24.0,,,,
2026-09-03T22:56:00Z,2026-09-12T23:23:23Z,,,,0.8,6,5.2,271,,,23.7,,,,
2026-09-03T23:26:00Z,2026-09-12T23:23:23Z,,,,0.8,6,4.6,270,,,23.6,,,,
2026-09-03T23:56:00Z,2026-09-12T23:23:23Z,,,,0.8,6,4.5,275,,,23.6,,,,
2026-09-04T00:26:00Z,2026-09-12T23:23:23Z,,,,0.8,6,4.3,271,,,23.5,,,,
2026-09-04T00:56:00Z,2026-09-12T23:23:23Z,,,,0.9,11,4.2,159,,,23.5,,,,
2026-09-04T01:26:00Z,2026-09-12T23:23:23Z,,,,0.8,12,4.2,187,,,23.4,,,,
2026-09-04T01:56:00Z,2026-09-12T23:23:23Z,,,,0.8,12,4.1,183,,,23.3,,,,
2026-09-04T02:26:00Z,2026-09-12T23:23:23Z,,,,0.8,13,4.1,183,,,23.3,,,,
2026-09-04T02:56:00Z,2026-09-12T23:23:23Z,,,,0.8,5,4.2,281,,,23.3,,,,
2026-09-04T03:26:00Z,2026-09-12T23:23:23Z,,,,0.7,13,4.3,163,,,23.3,,,,
2026-09-04T03:56:00Z,2026-09-12T23:23:23Z,,,,0.7,12,4.5,166,,,23.2,,,,
2026-09-04T04:26:00Z,2026-09-12T23:23:23Z,,,,0.7,12,4.5,167,,,23.2,,,,
2026-09-04T04:56:00Z,2026-09-12T23:23:23Z,,,,0.7,13,4.4,170,,,23.2,,,,
2026-09-04T05:26:00Z,2026-09-12T23:23:23Z,,,,0.7,13,4.7,166,,,23.2,,,,
2026-09-04T05:56:00Z,2026-09-12T23:23:23Z,,,,0.6,12,4.6,170,,,23.3,,,,
2026-09-04T06:26:00Z,2026-09-12T23:23:23Z,,,,0.7,12,5.0,174,,,23.2,,,,
2026-09-04T06:56:00Z,2026-09-12T23:23:23Z,,,,0.7,13,5.4,167,,,23.2,,,,
2026-09-04T07:26:00Z,2026-09-12T23:23:23Z,,,,0.7,13,5.6,170,,,23.2,,,,
2026-09-04T07:56:00Z,2026-09-12T23:23:23Z,,,,0.8,14,5.8,169,,,23.2,,,,
2026-09-04T08:26:00Z,2026-09-12T23:23:23Z,,,,0.8,6,5.7,274,,,23.2,,,,
2026-09-04T08:56:00Z,2026-09-12T23:23:23Z,,,,0.7,6,5.6,273,,,23.1,,,,
2026-09-04T09:26:00Z,2026-09-12T23:23:23Z,,,,0.8,6,5.8,275,,,23.1,,,,
2026-09-04T09:56:00Z,2026-09-12T23:23:23Z,,,,0.8,17,5.9,198,,,23.1,,,,
2026-09-04T10:26:00Z,2026-09-12T23:23:23Z,,,,0.9,6,5.8,284,,,23.1,,,,
2026-09-04T10:56:00Z,2026-09-12T23:23:23Z,,,,0.9,6,5.9,284,,,23.1,,,,
2026-09-04T11:26:00Z,2026-09-12T23:23:23Z,,,,0.9,6,6.3,285,,,23.0,,,,
2026-09-04T11:56:00Z,2026-09-12T23:23:23Z,,,,0.9,6,6.0,289,,,23.0,,,,
2026-09-04T12:26:00Z,2026-09-12T23:23:23Z,,,,0.9,15,6.0,173,,,23.0,,,,
2026-09-04T12:56:00Z,2026-09-12T23:23:23Z,,,,0.8,15,6.1,161,,,23.0,,,,
2026-09-04T13:26:00Z,2026-09-12T23:23:23Z,,,,0.8,14,5.8,163,,,23.0,,,,
2026-09-04T13:56:00Z,2026-09-12T23:23:23Z,,,,0.9,6,5.8,292,,,23.0,,,,
2026-09-04T14:26:00Z,2026-09-12T23:23:23Z,,,,0.9,15,5.5,171,,,23.0,,,,
2026-09-04T14:56:00Z,2026-09-12T23:23:23Z,,,,0.9,15,5.3,164,,,23.0,,,,
2026-09-04T15:26:00Z,2026-09-12T23:23:23Z,,,,1.0,14,5.8,160,,,23.0,,,,
2026-09-04T15:56:00Z,2026-09-12T23:23:23Z,,,,1.0,14,6.0,164,,,23.0,,,,
2026-09-04T16:26:00Z,2026-09-12T23:23:23Z,,,,1.0,14,6.4,167,,,23.0,,,,
2026-09-04T16:56:00Z,2026-09-12T23:23:23Z,,,,0.9,14,6.2,167,,,23.0,,,,
2026-09-04T17:26:00Z,2026-09-12T23:23:23Z,,,,0.9,14,6.7,159,,,23.0,,,,
2026-09-04T17:56:00Z,2026-09-12T23:23:23Z,,,,0.9,13,6.4,160,,,23.0,,,,
2026-09-04T18:26:00Z,2026-09-12T23:23:23Z,,,,1.0,13,7.2,163,,,23.2,,,,
2026-09-04T18:56:00Z,2026-09-12T23:23:23Z,,,,1.0,13,7.3,161,,,23.2,,,,
2026-09-04T19:26:00Z,2026-09-12T23:23:23Z,,,,1.0,14,7.7,170,,,23.3,,,,
2026-09-04T19:56:00Z,2026-09-12T23:23:23Z,,,,1.0,13,7.3,161,,,23.5,,,,
2026-09-04T20:26:00Z,2026-09-12T23:23:23Z,,,,0.9,13,7.1,160,,,23.5,,,,
2026-09-04T20:56:00Z,2026-09-12T23:23:23Z,,,,1.0,13,7.9,157,,,23.8,,,,
2026-09-04T21:26:00Z,2026-09-12T23:23:23Z,,,,1.0,13,8.0,166,,,23.8,,,,
2026-09-04T21:56:00Z,2026-09-12T23:23:23Z,,,,1.0,13,7.8,166,,,23.7,,,,
2026-09-04T22:26:00Z,2026-09-12T23:23:23Z,,,,1.1,13,8.6,164,,,24.1,,,,
2026-09-04T22:56:00Z,2026-09-12T23:23:23Z,,,,1.1,13,8.7,163,,,24.1,,,,
2026-09-04T23:26:00Z,2026-09-12T23:23:23Z,,,,1.0,13,7.9,164,,,24.1,,,,
2026-09-04T23:56:00Z,2026-09-12T23:23:23Z,,,,1.0,13,8.7,164,,,24.1,,,,
2026-09-05T00:26:00Z,2026-09-12T23:23:23Z,,,,1.1,13,8.8,167,,,24.0,,,,
2026-09-05T00:56:00Z,2026-09-12T23:23:23Z,,,,1.0,13,8.5,166,,,23.8,,,,
2026-09-05T01:26:00Z,2026-09-12T23:23:23Z,,,,1.0,13,8.1,167,,,23.6,,,,
2026-09-05T01:56:00Z,2026-09-12T23:23:23Z,,,,1.1,13,6.9,164,,,23.3,,,,
2026-09-05T02:26:00Z,2026-09-12T23:23:23Z,,,,1.0,13,6.7,169,,,23.3,,,,
2026-09-05T02:56:00Z,2026-09-12T23:23:23Z,,,,1.1,13,6.8,163,,,23.2,,,,
2026-09-05T03:26:00Z,2026-09-12T23:23:23Z,,,,1.0,13,7.0,169,,,23.1,,,,
2026-09-05T03:56:00Z,2026-09-12T23:23:23Z,,,,1.1,13,7.5,170,,,23.1,,,,
2026-09-05T04:26:00Z,2026-09-12T23:23:23Z,,,,1.0,13,7.4,161,,,23.1,,,,
2026-09-05T04:56:00Z,2026-09-12T23:23:23Z,,,,1.0,13,7.7,160,,,23.1,,,,
2026-09-05T05:26:00Z,2026-09-12T23:23:23Z,,,,1.0,13,8.4,164,,,23.1,,,,
2026-09-05T05:56:00Z,2026-09-12T23:23:23Z,,,,1.0,13,8.2,166,,,23.1,,,,
2026-09-05T06:26:00Z,2026-09-12T23:23:23Z,,,,1.0,13,8.4,166,,,23.0,,,,
2026-09-05T06:56:00Z,2026-09-12T23:23:23Z,,,,1.3,13,9.7,163,,,22.9,,,,
2026-09-05T07:26:00Z,2026-09-12T23:23:23Z,,,,1.2,13,9.7,164,,,22.9,,,,
2026-09-05T07:56:00Z,2026-09-12T23:23:23Z,,,,1.2,13,9.9,164,,,22.9,,,,
2026-09-05T08:26:00Z,2026-09-12T23:23:23Z,,,,1.1,12,9.4,171,,,22.8,,,,
2026-09-05T08:56:00Z,2026-09-12T23:23:23Z,,,,1.2,12,9.6,169,,,22.8,,,,
2026-09-05T09:26:00Z,2026-09-12T23:23:23Z,,,,1.3,13,9.8,164,,,22.8,,,,
2026-09-05T09:56:00Z,2026-09-12T23:23:23Z,,,,1.4,12,9.9,166,,,22.8,,,,
2026-09-05T10:26:00Z,2026-09-12T23:23:23Z,,,,1.3,14,9.9,167,,,22.8,,,,
2026-09-05T10:56:00Z,2026-09-12T23:23:23Z,,,,1.3,14,9.6,173,,,22.8,,,,
2026-09-05T11:26:00Z,2026-09-12T23:23:23Z,,,,1.3,14,9.9,169,,,22.8,,,,
2026-09-05T11:56:00Z,2026-09-12T23:23:23Z,,,,1.4,14,10.1,173,,,22.8,,,,
2026-09-05T12:26:00Z,2026-09-12T23:23:23Z,,,,1.3,14,9.7,173,,,22.8,,,,
2026-09-05T12:56:00Z,2026-09-12T23:23:23Z,,,,1.3,14,9.8,171,,,22.7,,,,
2026-09-05T13:26:00Z,2026-09-12T23:23:23Z,,,,1.3,14,9.9,169,,,22.7,,,,
2026-09-05T13:56:00Z,2026-09-12T23:23:23Z,,,,1.5,13,10.6,169,,,22.7,,,,
2026-09-05T14:26:00Z,2026-09-12T23:23:23Z,,,,1.5,13,10.1,171,,,22.7,,,,
2026-09-05T14:56:00Z,2026-09-12T23:23:23Z,,,,1.4,13,10.2,173,,,22.7,,,,
2026-09-05T15:26:00Z,2026-09-12T23:23:23Z,,,,1.4,13,9.9,167,,,22.8,,,,
2026-09-05T15:56:00Z,2026-09-12T23:23:23Z,,,,1.5,14,10.3,166,,,23.0,,,,
2026-09-05T16:26:00Z,2026-09-12T23:23:23Z,,,,1.6,13,10.7,164,,,23.1,,,,
2026-09-05T16:56:00Z,2026-09-12T23:23:23Z,,,,1.7,13,10.6,169,,,23.2,,,,
2026-09-05T17:26:00Z,2026-09-12T23:23:23Z,,,,1.7,13,10.6,170,,,23.3,,,,
2026-09-05T17:56:00Z,2026-09-12T23:23:23Z,,,,1.6,13,10.5,171,,,23.5,,,,
2026-09-05T18:26:00Z,2026-09-12T23:23:23Z,,,,1.8,13,11.1,166,,,23.6,,,,
2026-09-05T18:56:00Z,2026-09-12T23:23:23Z,,,,1.8,13,11.4,164,,,23.8,,,,
2026-09-05T19:26:00Z,2026-09-12T23:23:23Z,,,,2.0,13,11.3,169,,,23.9,,,,
2026-09-05T19:56:00Z,2026-09-12T23:23:23Z,,,,1.8,13,10.7,166,,,24.0,,,,
2026-09-05T20:26:00Z,2026-09-12T23:23:23Z,,,,1.7,13,11.1,163,,,24.0,,,,
2026-09-05T20:56:00Z,2026-09-12T23:23:23Z,,,,1.8,13,10.9,164,,,23.9,,,,
2026-09-05T21:26:00Z,2026-09-12T23:23:23Z,,,,2.0,13,10.8,163,,,23.9,,,,
2026-09-05T21:56:00Z,2026-09-12T23:23:23Z,,,,2.0,13,10.9,157,,,24.0,,,,
2026-09-05T22:26:00Z,2026-09-12T23:23:23Z,,,,2.0,13,10.7,161,,,24.0,,,,
2026-09-05T22:56:00Z,2026-09-12T23:23:23Z,,,,2.2,13,10.8,163,,,24.0,,,,
2026-09-05T23:26:00Z,2026-09-12T23:23:23Z,,,,2.1,13,11.1,166,,,24.0,,,,
2026-09-05T23:56:00Z,2026-09-12T23:23:23Z,,,,1.9,13,10.4,160,,,23.9,,,,
2026-09-06T00:26:00Z,2026-09-12T23:23:23Z,,,,2.0,13,10.1,160,,,23.9,,,,
2026-09-06T00:56:00Z,2026-09-12T23:23:23Z,,,,2.3,13,10.6,157,,,23.8,,,,
2026-09-06T01:26:00Z,2026-09-12T23:23:23Z,,,,2.1,13,9.9,159,,,23.7,,,,
2026-09-06T01:56:00Z,2026-09-12T23:23:23Z,,,,2.1,13,9.5,160,,,23.5,,,,
2026-09-06T02:26:00Z,2026-09-12T23:23:23Z,,,,1.9,13,8.9,166,,,23.4,,,,
2026-09-06T02:56:00Z,2026-09-12T23:23:23Z,,,,1.9,12,9.1,167,,,23.3,,,,
2026-09-06T03:26:00Z,2026-09-12T23:23:23Z,,,,2.0,12,9.4,161,,,23.2,,,,
2026-09-06T03:56:00Z,2026-09-12T23:23:23Z,,,,2.1,12,9.7,163,,,23.1,,,,
2026-09-06T04:26:00Z,2026-09-12T23:23:23Z,,,,2.1,12,9.7,164,,,23.0,,,,
2026-09-06T04:56:00Z,2026-09-12T23:23:23Z,,,,2.2,13,10.1,167,,,23.0,,,,
2026-09-06T05:26:00Z,2026-09-12T23:23:23Z,,,,1.9,11,9.5,170,,,22.9,,,,
2026-09-06T05:56:00Z,2026-09-12T23:23:23Z,,,,2.1,12,10.0,164,,,22.9,,,,
2026-09-06T06:26:00Z,2026-09-12T23:23:23Z,,,,2.0,11,10.1,164,,,22.8,,,,
2026-09-06T06:56:00Z,2026-09-12T23:23:23Z,,,,1.7,11,9.6,166,,,22.8,,,,
2026-09-06T07:26:00Z,2026-09-12T23:23:23Z,,,,2.1,12,10.2,170,,,22.8,,,,
2026-09-06T07:56:00Z,2026-09-12T23:23:23Z,,,,1.9,12,10.1,170,,,22.8,,,,
2026-09-06T08:26:00Z,2026-09-12T23:23:23Z,,,,1.9,11,10.0,170,,,22.7,,,,
2026-09-06T08:56:00Z,2026-09-12T23:23:23Z,,,,1.8,13,9.9,169,,,22.7,,,,
2026-09-06T09:26:00Z,2026-09-12T23:23:23Z,,,,1.7,13,9.8,177,,,22.7,,,,
2026-09-06T09:56:00Z,2026-09-12T23:23:23Z,,,,1.9,13,10.3,169,,,22.7,,,,
2026-09-06T10:26:00Z,2026-09-12T23:23:23Z,,,,2.0,13,10.3,170,,,22.7,,,,
2026-09-06T10:56:00Z,2026-09-12T23:23:23Z,,,,1.9,12,10.1,169,,,22.7,,,,
2026-09-06T11:26:00Z,2026-09-12T23:23:23Z,,,,1.9,13,10.2,166,,,22.7,,,,
2026-09-06T11:56:00Z,2026-09-12T23:23:23Z,,,,1.9,13,10.3,174,,,22.7,,,,
2026-09-06T12:26:00Z,2026-09-12T23:23:23Z,,,,1.9,11,10.3,166,,,22.7,,,,
2026-09-06T12:56:00Z,2026-09-12T23:23:23Z,,,,1.8,13,9.7,169,,,22.7,,,,
2026-09-06T13:26:00Z,2026-09-12T23:23:23Z,,,,2.1,11,10.6,160,,,22.8,,,,
2026-09-06T13:56:00Z,2026-09-12T23:23:23Z,,,,1.9,13,10.1,170,,,22.8,,,,
2026-09-06T14:26:00Z,2026-09-12T23:23:23Z,,,,2.1,13,10.2,170,,,22.8,,,,
2026-09-06T14:56:00Z,2026-09-12T23:23:23Z,,,,2.1,13,10.2,180,,,22.9,,,,
2026-09-06T15:26:00Z,2026-09-12T23:23:23Z,,,,2.0,12,9.7,171,,,22.9,,,,
2026-09-06T15:56:00Z,2026-09-12T23:23:23Z,,,,2.2,13,10.1,184,,,22.8,,,,
2026-09-06T16:26:00Z,2026-09-12T23:23:23Z,,,,2.3,12,10.2,169,,,22.9,,,,
2026-09-06T16:56:00Z,2026-09-12T23:23:23Z,,,,2.1,12,10.1,173,,,22.9,,,,
2026-09-06T17:26:00Z,2026-09-12T23:23:23Z,,,,2.1,12,10.2,173,,,22.9,,,,
2026-09-06T17:56:00Z,2026-09-12T23:23:23Z,,,,2.0,12,9.6,174,,,22.9,,,,
2026-09-06T18:26:00Z,2026-09-12T23:23:23Z,,,,2.2,12,10.2,174,,,22.9,,,,
2026-09-06T18:56:00Z,2026-09-12T23:23:23Z,,,,2.1,11,9.7,171,,,23.0,,,,
2026-09-06T19:26:00Z,2026-09-12T23:23:23Z,,,,2.2,13,9.8,176,,,22.9,,,,
2026-09-06T19:56:00Z,2026-09-12T23:23:23Z,,,,2.1,12,9.6,171,,,22.9,,,,
2026-09-06T20:26:00Z,2026-09-12T23:23:23Z,,,,1.9,11,9.6,171,,,23.0,,,,
2026-09-06T20:56:00Z,2026-09-12T23:23:23Z,,,,2.1,13,10.1,178,,,23.0,,,,
2026-09-06T21:26:00Z,2026-09-12T23:23:23Z,,,,1.9,12,9.7,185,,,23.0,,,,
2026-09-06T21:56:00Z,2026-09-12T23:23:23Z,,,,2.0,12,9.8,187,,,22.9,,,,
2026-09-06T22:26:00Z,2026-09-12T23:23:23Z,,,,2.0,13,9.8,183,,,23.0,,,,
2026-09-06T22:56:00Z,2026-09-12T23:23:23Z,,,,2.2,13,9.9,184,,,23.0,,,,
2026-09-06T23:26:00Z,2026-09-12T23:23:23Z,,,,2.2,13,9.9,183,,,23.0,,,,
2026-09-06T23:56:00Z,2026-09-12T23:23:23Z,,,,2.0,13,9.8,184,,,23.0,,,,
2026-09-07T00:26:00Z,2026-09-12T23:23:23Z,,,,2.0,13,9.8,184,,,22.9,,,,
2026-09-07T00:56:00Z,2026-09-12T23:23:23Z,,,,1.8,11,9.8,173,,,22.9,,,,
2026-09-07T01:26:00Z,2026-09-12T23:23:23Z,,,,2.1,13,10.1,190,,,22.9,,,,
2026-09-07T01:56:00Z,2026-09-12T23:23:23Z,,,,2.1,11,10.2,177,,,22.9,,,,
2026-09-07T02:26:00Z,2026-09-12T23:23:23Z,,,,1.9,12,10.3,195,,,22.9,,,,
2026-09-07T02:56:00Z,2026-09-12T23:23:23Z,,,,2.0,13,10.4,184,,,22.9,,,,
2026-09-07T03:26:00Z,2026-09-12T23:23:23Z,,,,2.1,13,10.4,187,,,22.8,,,,
2026-09-07T03:56:00Z,2026-09-12T23:23:23Z,,,,2.0,13,10.5,181,,,22.8,,,,
2026-09-07T04:26:00Z,2026-09-12T23:23:23Z,,,,2.2,13,10.8,184,,,22.7,,,,
2026-09-07T04:56:00Z,2026-09-12T23:23:23Z,,,,2.2,13,10.8,180,,,22.7,,,,
2026-09-07T05:26:00Z,2026-09-12T23:23:23Z,,,,2.2,13,11.0,185,,,22.6,,,,
2026-09-07T05:56:00Z,2026-09-12T23:23:23Z,,,,1.9,13,10.8,181,,,22.5,,,,
2026-09-07T06:26:00Z,2026-09-12T23:23:23Z,,,,2.2,11,10.7,178,,,22.5,,,,
2026-09-07T06:56:00Z,2026-09-12T23:23:23Z,,,,2.1,11,10.2,176,,,22.5,,,,
2026-09-07T07:26:00Z,2026-09-12T23:23:23Z,,,,1.9,13,9.3,185,,,22.5,,,,
2026-09-07T07:56:00Z,2026-09-12T23:23:23Z,,,,1.9,13,9.4,183,,,22.5,,,,
2026-09-07T08:26:00Z,2026-09-12T23:23:23Z,,,,1.9,12,9.6,178,,,22.5,,,,
2026-09-07T08:56:00Z,2026-09-12T23:23:23Z,,,,1.8,12,9.3,180,,,22.5,,,,
2026-09-07T09:26:00Z,2026-09-12T23:23:23Z,,,,2.0,13,9.7,181,,,22.5,,,,
2026-09-07T09:56:00Z,2026-09-12T23:23:23Z,,,,2.1,13,10.2,187,,,22.5,,,,
2026-09-07T10:26:00Z,2026-09-12T23:23:23Z,,,,1.9,13,10.0,187,,,22.5,,,,
2026-09-07T10:56:00Z,2026-09-12T23:23:23Z,,,,1.8,12,9.7,184,,,22.5,,,,
2026-09-07T11:26:00Z,2026-09-12T23:23:23Z,,,,1.9,13,9.8,190,,,22.5,,,,
2026-09-07T11:56:00Z,2026-09-12T23:23:23Z,,,,1.8,13,9.5,180,,,22.6,,,,
2026-09-07T12:26:00Z,2026-09-12T23:23:23Z,,,,2.0,12,9.8,183,,,22.6,,,,
2026-09-07T12:56:00Z,2026-09-12T23:23:23Z,,,,2.0,13,10.0,184,,,22.5,,,,
2026-09-07T13:26:00Z,2026-09-12T23:23:23Z,,,,2.2,13,10.3,187,,,22.5,,,,
2026-09-07T13:56:00Z,2026-09-12T23:23:23Z,,,,2.2,13,10.2,184,,,22.5,,,,
2026-09-07T14:26:00Z,2026-09-12T23:23:23Z,,,,1.9,13,9.7,181,,,22.5,,,,
2026-09-07T14:56:00Z,2026-09-12T23:23:23Z,,,,1.8,13,9.7,187,,,22.5,,,,
2026-09-07T15:26:00Z,2026-09-12T23:23:23Z,,,,2.0,12,9.9,185,,,22.5,,,,
2026-09-07T15:56:00Z,2026-09-12T23:23:23Z,,,,2.0,12,9.9,188,,,22.5,,,,
2026-09-07T16:26:00Z,2026-09-12T23:23:23Z,,,,1.9,12,9.7,184,,,22.5,,,,
2026-09-07T16:56:00Z,2026-09-12T23:23:23Z,,,,2.0,12,9.8,180,,,22.5,,,,
2026-09-07T17:26:00Z,2026-09-12T23:23:23Z,,,,1.9,12,9.2,185,,,22.6,,,,
2026-09-07T17:56:00Z,2026-09-12T23:23:23Z,,,,1.9,12,9.5,187,,,22.6,,,,
2026-09-07T18:26:00Z,2026-09-12T23:23:23Z,,,,1.8,11,9.3,183,,,22.6,,,,
2026-09-07T18:56:00Z,2026-09-12T23:23:23Z,,,,1.9,12,9.3,188,,,22.6,,,,
2026-09-07T19:26:00Z,2026-09-12T23:23:23Z,,,,1.6,12,8.8,184,,,22.7,,,,
2026-09-07T19:56:00Z,2026-09-12T23:23:23Z,,,,1.8,11,9.4,187,,,22.7,,,,
2026-09-07T20:26:00Z,2026-09-12T23:23:23Z,,,,1.6,11,8.8,187,,,22.7,,,,
2026-09-07T20:56:00Z,2026-09-12T23:23:23Z,,,,1.6,10,9.0,181,,,22.7,,,,
2026-09-07T21:26:00Z,2026-09-12T23:23:23Z,,,,1.7,11,9.1,178,,,22.8,,,,
2026-09-07T21:56:00Z,2026-09-12T23:23:23Z,,,,1.7,11,8.8,184,,,22.8,,,,
2026-09-07T22:26:00Z,2026-09-12T23:23:23Z,,,,1.8,11,9.0,187,,,22.8,,,,
2026-09-07T22:56:00Z,2026-09-12T23:23:23Z,,,,1.7,11,8.8,187,,,22.9,,,,
2026-09-07T23:26:00Z,2026-09-12T23:23:23Z,,,,1.6,11,8.6,181,,,22.9,,,,
2026-09-07T23:56:00Z,2026-09-12T23:23:23Z,,,,1.6,11,8.2,180,,,22.9,,,,
2026-09-08T00:26:00Z,2026-09-12T23:23:23Z,,,,1.6,11,8.1,188,,,22.8,,,,
2026-09-08T00:56:00Z,2026-09-12T23:23:23Z,,,,1.4,11,7.3,190,,,22.8,,,,
2026-09-08T01:26:00Z,2026-09-12T23:23:23Z,,,,1.7,11,7.7,181,,,22.8,,,,
2026-09-08T01:56:00Z,2026-09-12T23:23:23Z,,,,1.6,11,7.7,184,,,22.7,,,,
2026-09-08T02:26:00Z,2026-09-12T23:23:23Z,,,,1.4,11,7.3,185,,,22.7,,,,
2026-09-08T02:56:00Z,2026-09-12T23:23:23Z,,,,1.5,10,7.8,183,,,22.7,,,,
2026-09-08T03:26:00Z,2026-09-12T23:23:23Z,,,,1.4,11,7.7,177,,,22.7,,,,
2026-09-08T03:56:00Z,2026-09-12T23:23:23Z,,,,1.4,9,7.6,180,,,22.7,,,,
2026-09-08T04:26:00Z,2026-09-12T23:23:23Z,,,,1.4,9,7.5,176,,,22.7,,,,
2026-09-08T04:56:00Z,2026-09-12T23:23:23Z,,,,1.4,10,7.2,177,,,22.7,,,,
2026-09-08T05:26:00Z,2026-09-12T23:23:23Z,,,,1.4,11,7.3,176,,,22.6,,,,
2026-09-08T05:56:00Z,2026-09-12T23:23:23Z,,,,1.3,10,7.0,177,,,22.6,,,,
2026-09-08T06:26:00Z,2026-09-12T23:23:23Z,,,,1.3,11,7.2,174,,,22.6,,,,
2026-09-08T06:56:00Z,2026-09-12T23:23:23Z,,,,1.2,13,7.4,171,,,22.6,,,,
2026-09-08T07:26:00Z,2026-09-12T23:23:23Z,,,,1.3,13,7.7,184,,,22.6,,,,
2026-09-08T07:56:00Z,2026-09-12T23:23:23Z,,,,1.2,14,7.8,176,,,22.6,,,,
2026-09-08T08:26:00Z,2026-09-12T23:23:23Z,,,,1.2,14,7.6,174,,,22.6,,,,
2026-09-08T08:56:00Z,2026-09-12T23:23:23Z,,,,1.3,14,8.2,170,,,22.5,,,,
2026-09-08T09:26:00Z,2026-09-12T23:23:23Z,,,,1.1,14,7.6,170,,,22.5,,,,
2026-09-08T09:56:00Z,2026-09-12T23:23:23Z,,,,1.2,15,7.9,174,,,22.5,,,,
2026-09-08T10:26:00Z,2026-09-12T23:23:23Z,,,,1.0,11,7.5,180,,,22.5,,,,
2026-09-08T10:56:00Z,2026-09-12T23:23:23Z,,,,1.1,15,7.7,173,,,22.5,,,,
2026-09-08T11:26:00Z,2026-09-12T23:23:23Z,,,,1.1,14,7.8,173,,,22.5,,,,
2026-09-08T11:56:00Z,2026-09-12T23:23:23Z,,,,1.0,15,7.3,178,,,22.5,,,,
2026-09-08T12:26:00Z,2026-09-12T23:23:23Z,,,,1.1,15,7.5,178,,,22.5,,,,
2026-09-08T12:56:00Z,2026-09-12T23:23:23Z,,,,1.0,13,7.5,173,,,22.5,,,,
2026-09-08T13:26:00Z,2026-09-12T23:23:23Z,,,,1.0,14,7.9,177,,,22.5,,,,
2026-09-08T13:56:00Z,2026-09-12T23:23:23Z,,,,1.1,11,7.7,180,,,22.5,,,,
2026-09-08T14:26:00Z,2026-09-12T23:23:23Z,,,,1.0,14,8.2,177,,,22.5,,,,
2026-09-08T14:56:00Z,2026-09-12T23:23:23Z,,,,1.0,14,8.0,161,,,22.5,,,,
2026-09-08T15:26:00Z,2026-09-12T23:23:23Z,,,,1.1,14,8.3,173,,,22.5,,,,
2026-09-08T15:56:00Z,2026-09-12T23:23:23Z,,,,1.1,11,8.1,190,,,22.5,,,,
2026-09-08T16:26:00Z,2026-09-12T23:23:23Z,,,,1.2,14,8.0,176,,,22.5,,,,
2026-09-08T16:56:00Z,2026-09-12T23:23:23Z,,,,1.1,14,7.6,173,,,22.6,,,,
2026-09-08T17:26:00Z,2026-09-12T23:23:23Z,,,,1.1,14,7.4,170,,,22.6,,,,
2026-09-08T17:56:00Z,2026-09-12T23:23:23Z,,,,1.1,14,7.8,170,,,22.6,,,,
2026-09-08T18:26:00Z,2026-09-12T23:23:23Z,,,,1.1,14,7.7,178,,,22.7,,,,
2026-09-08T18:56:00Z,2026-09-12T23:23:23Z,,,,1.1,15,7.5,181,,,22.8,,,,
2026-09-08T19:26:00Z,2026-09-12T23:23:23Z,,,,1.0,14,7.5,154,,,23.0,,,,
2026-09-08T19:56:00Z,2026-09-12T23:23:23Z,,,,1.0,10,7.3,176,,,23.0,,,,
2026-09-08T20:26:00Z,2026-09-12T23:23:23Z,,,,1.2,14,8.0,173,,,23.1,,,,
2026-09-08T20:56:00Z,2026-09-12T23:23:23Z,,,,1.1,14,7.6,177,,,23.0,,,,
2026-09-08T21:26:00Z,2026-09-12T23:23:23Z,,,,1.2,14,7.2,167,,,23.0,,,,
2026-09-08T21:56:00Z,2026-09-12T23:23:23Z,,,,1.2,14,5.6,178,,,22.9,,,,
2026-09-08T22:26:00Z,2026-09-12T23:23:23Z,,,,1.2,13,5.5,180,,,22.7,,,,
2026-09-08T22:56:00Z,2026-09-12T23:23:23Z,,,,1.3,14,5.0,174,,,22.7,,,,
2026-09-08T23:26:00Z,2026-09-12T23:23:23Z,,,,1.3,14,5.0,171,,,22.7,,,,
2026-09-08T23:56:00Z,2026-09-12T23:23:23Z,,,,1.2,12,5.0,166,,,22.6,,,,
2026-09-09T00:26:00Z,2026-09-12T23:23:23Z,,,,1.1,14,5.5,174,,,22.6,,,,
2026-09-09T00:56:00Z,2026-09-12T23:23:23Z,,,,1.1,14,5.7,174,,,22.6,,,,
2026-09-09T01:26:00Z,2026-09-12T23:23:23Z,,,,1.0,13,5.4,180,,,22.6,,,,
2026-09-09T01:56:00Z,2026-09-12T23:23:23Z,,,,1.0,14,6.3,169,,,22.5,,,,
2026-09-09T02:26:00Z,2026-09-12T23:23:23Z,,,,1.0,13,6.4,174,,,22.4,,,,
2026-09-09T02:56:00Z,2026-09-12T23:23:23Z,,,,0.8,12,6.0,176,,,22.3,,,,
2026-09-09T03:26:00Z,2026-09-12T23:23:23Z,,,,0.9,14,6.7,176,,,22.1,,,,
2026-09-09T03:56:00Z,2026-09-12T23:23:23Z,,,,0.9,14,6.4,176,,,22.1,,,,
2026-09-09T04:26:00Z,2026-09-12T23:23:23Z,,,,1.0,13,5.7,171,,,22.1,,,,
2026-09-09T04:56:00Z,2026-09-12T23:23:23Z,,,,1.0,14,6.0,174,,,22.0,,,,
2026-09-09T05:26:00Z,2026-09-12T23:23:23Z,,,,1.0,14,6.3,174,,,21.9,,,,
2026-09-09T05:56:00Z,2026-09-12T23:23:23Z,,,,0.9,13,6.3,176,,,21.9,,,,
2026-09-09T06:26:00Z,2026-09-12T23:23:23Z,,,,0.8,14,6.2,180,,,21.9,,,,
2026-09-09T06:56:00Z,2026-09-12T23:23:23Z,,,,0.9,13,6.2,163,,,21.8,,,,
2026-09-09T07:26:00Z,2026-09-12T23:23:23Z,,,,0.9,14,6.5,176,,,21.8,,,,
2026-09-09T07:56:00Z,2026-09-12T23:23:23Z,,,,0.8,13,6.1,177,,,21.8,,,,
2026-09-09T08:26:00Z,2026-09-12T23:23:23Z,,,,0.8,12,6.0,174,,,21.7,,,,
2026-09-09T08:56:00Z,2026-09-12T23:23:23Z,,,,0.9,11,6.2,177,,,21.6,,,,
2026-09-09T09:26:00Z,2026-09-12T23:23:23Z,,,,0.9,14,6.1,170,,,21.5,,,,
2026-09-09T09:56:00Z,2026-09-12T23:23:23Z,,,,0.9,13,6.3,177,,,21.5,,,,
2026-09-09T10:26:00Z,2026-09-12T23:23:23Z,,,,0.9,13,6.4,184,,,21.4,,,,
2026-09-09T10:56:00Z,2026-09-12T23:23:23Z,,,,0.8,14,6.1,178,,,21.4,,,,
2026-09-09T11:26:00Z,2026-09-12T23:23:23Z,,,,0.9,13,6.7,190,,,21.5,,,,
2026-09-09T11:56:00Z,2026-09-12T23:23:23Z,,,,0.8,14,6.3,169,,,21.6,,,,
2026-09-09T12:26:00Z,2026-09-12T23:23:23Z,,,,0.8,13,6.5,178,,,21.6,,,,
2026-09-09T12:56:00Z,2026-09-12T23:23:23Z,,,,0.8,14,6.8,170,,,21.5,,,,
2026-09-09T13:26:00Z,2026-09-12T23:23:23Z,,,,0.8,13,7.3,178,,,21.5,,,,
2026-09-09T13:56:00Z,2026-09-12T23:23:23Z,,,,0.8,13,6.9,177,,,21.5,,,,
2026-09-09T14:26:00Z,2026-09-12T23:23:23Z,,,,0.8,13,6.8,166,,,21.5,,,,
2026-09-09T14:56:00Z,2026-09-12T23:23:23Z,,,,0.8,13,7.0,174,,,21.6,,,,
2026-09-09T15:26:00Z,2026-09-12T23:23:23Z,,,,0.8,13,7.2,176,,,21.7,,,,
2026-09-09T15:56:00Z,2026-09-12T23:23:23Z,,,,0.8,12,7.1,170,,,21.8,,,,
2026-09-09T16:26:00Z,2026-09-12T23:23:23Z,,,,0.8,13,7.6,171,,,22.0,,,,
2026-09-09T16:56:00Z,2026-09-12T23:23:23Z,,,,0.8,13,7.7,184,,,22.2,,,,
2026-09-09T17:26:00Z,2026-09-12T23:23:23Z,,,,0.8,13,7.4,169,,,22.5,,,,
2026-09-09T17:56:00Z,2026-09-12T23:23:23Z,,,,0.7,13,7.2,171,,,22.6,,,,
2026-09-09T18:26:00Z,2026-09-12T23:23:23Z,,,,0.8,13,7.9,173,,,22.7,,,,
2026-09-09T18:56:00Z,2026-09-12T23:23:23Z,,,,0.7,13,7.8,170,,,23.0,,,,
2026-09-09T19:26:00Z,2026-09-12T23:23:23Z,,,,0.7,12,7.5,176,,,23.0,,,,
2026-09-09T19:56:00Z,2026-09-12T23:23:23Z,,,,0.7,13,7.6,176,,,23.0,,,,
2026-09-09T20:26:00Z,2026-09-12T23:23:23Z,,,,0.8,13,7.7,173,,,22.9,,,,
2026-09-09T20:56:00Z,2026-09-12T23:23:23Z,,,,0.7,13,7.2,173,,,22.8,,,,
2026-09-09T21:26:00Z,2026-09-12T23:23:23Z,,,,0.8,13,7.5,176,,,22.8,,,,
2026-09-09T21:56:00Z,2026-09-12T23:23:23Z,,,,0.7,13,6.5,167,,,22.4,,,,
2026-09-09T22:26:00Z,2026-09-12T23:23:23Z,,,,0.8,13,5.7,173,,,22.4,,,,
2026-09-09T22:56:00Z,2026-09-12T23:23:23Z,,,,0.8,13,5.0,185,,,22.4,,,,
2026-09-09T23:26:00Z,2026-09-12T23:23:23Z,,,,0.8,13,5.0,174,,,22.4,,,,
2026-09-09T23:56:00Z,2026-09-12T23:23:23Z,,,,0.9,13,4.7,164,,,22.3,,,,
2026-09-10T00:26:00Z,2026-09-12T23:23:23Z,,,,0.9,13,4.6,163,,,22.4,,,,
2026-09-10T00:56:00Z,2026-09-12T23:23:23Z,,,,0.9,13,5.0,181,,,22.3,,,,
2026-09-10T01:26:00Z,2026-09-12T23:23:23Z,,,,0.8,13,4.6,181,,,22.3,,,,
2026-09-10T01:56:00Z,2026-09-12T23:23:23Z,,,,0.8,13,4.8,178,,,22.2,,,,
2026-09-10T02:26:00Z,2026-09-12T23:23:23Z,,,,0.8,13,4.7,184,,,22.0,,,,
2026-09-10T02:56:00Z,2026-09-12T23:23:23Z,,,,0.8,13,5.3,171,,,21.9,,,,
2026-09-10T03:26:00Z,2026-09-12T23:23:23Z,,,,0.7,13,5.6,171,,,21.9,,,,
2026-09-10T03:56:00Z,2026-09-12T23:23:23Z,,,,0.8,13,6.1,173,,,21.8,,,,
2026-09-10T04:26:00Z,2026-09-12T23:23:23Z,,,,0.8,13,6.7,176,,,21.7,,,,
2026-09-10T04:56:00Z,2026-09-12T23:23:23Z,,,,0.7,13,6.5,163,,,21.6,,,,
2026-09-10T05:26:00Z,2026-09-12T23:23:23Z,,,,0.8,13,7.1,166,,,21.5,,,,
2026-09-10T05:56:00Z,2026-09-12T23:23:23Z,,,,0.7,13,7.0,174,,,21.5,,,,
2026-09-10T06:26:00Z,2026-09-12T23:23:23Z,,,,0.7,13,6.9,163,,,21.3,,,,
2026-09-10T06:56:00Z,2026-09-12T23:23:23Z,,,,0.7,13,6.8,178,,,21.3,,,,
2026-09-10T07:26:00Z,2026-09-12T23:23:23Z,,,,0.7,13,6.8,171,,,21.3,,,,
2026-09-10T07:56:00Z,2026-09-12T23:23:23Z,,,,0.7,13,6.4,174,,,21.3,,,,
2026-09-10T08:26:00Z,2026-09-12T23:23:23Z,,,,0.7,13,6.7,177,,,21.3,,,,
2026-09-10T08:56:00Z,2026-09-12T23:23:23Z,,,,0.7,13,7.0,176,,,21.3,,,,
2026-09-10T09:26:00Z,2026-09-12T23:23:23Z,,,,0.7,13,6.4,181,,,21.2,,,,
2026-09-10T09:56:00Z,2026-09-12T23:23:23Z,,,,0.7,13,6.7,180,,,21.2,,,,
2026-09-10T10:26:00Z,2026-09-12T23:23:23Z,,,,0.7,13,6.8,174,,,21.2,,,,
2026-09-10T10:56:00Z,2026-09-12T23:23:23Z,,,,0.6,13,6.6,177,,,21.3,,,,
2026-09-10T11:26:00Z,2026-09-12T23:23:23Z,,,,0.6,13,6.8,187,,,21.3,,,,
2026-09-10T11:56:00Z,2026-09-12T23:23:23Z,,,,0.7,13,6.8,181,,,21.3,,,,
2026-09-10T12:26:00Z,2026-09-12T23:23:23Z,,,,0.6,13,6.5,176,,,21.2,,,,
2026-09-10T12:56:00Z,2026-09-12T23:23:23Z,,,,0.6,13,6.9,181,,,21.4,,,,
2026-09-10T13:26:00Z,2026-09-12T23:23:23Z,,,,0.6,13,6.6,174,,,21.5,,,,
2026-09-10T13:56:00Z,2026-09-12T23:23:23Z,,,,0.6,13,6.7,176,,,21.6,,,,
2026-09-10T14:26:00Z,2026-09-12T23:23:23Z,,,,0.6,13,6.7,180,,,22.3,,,,
2026-09-10T14:56:00Z,2026-09-12T23:23:23Z,,,,0.6,13,6.8,173,,,22.5,,,,
2026-09-10T15:26:00Z,2026-09-12T23:23:23Z,,,,0.6,13,6.9,177,,,22.7,,,,
2026-09-10T15:56:00Z,2026-09-12T23:23:23Z,,,,0.6,12,6.7,173,,,22.8,,,,
2026-09-10T16:26:00Z,2026-09-12T23:23:23Z,,,,0.6,13,6.6,194,,,22.9,,,,
2026-09-10T16:56:00Z,2026-09-12T23:23:23Z,,,,0.6,13,6.7,177,,,23.0,,,,
2026-09-10T17:26:00Z,2026-09-12T23:23:23Z,,,,0.6,13,6.5,180,,,23.1,,,,
2026-09-10T17:56:00Z,2026-09-12T23:23:23Z,,,,0.7,13,6.9,185,,,23.2,,,,
2026-09-10T18:26:00Z,2026-09-12T23:23:23Z,,,,0.6,17,6.5,199,,,23.3,,,,
2026-09-10T18:56:00Z,2026-09-12T23:23:23Z,,,,0.6,13,6.6,185,,,23.5,,,,
2026-09-10T19:26:00Z,2026-09-12T23:23:23Z,,,,0.7,13,6.6,185,,,23.8,,,,
2026-09-10T19:56:00Z,2026-09-12T23:23:23Z,,,,0.7,11,6.6,180,,,23.9,,,,
2026-09-10T20:26:00Z,2026-09-12T23:23:23Z,,,,0.7,12,6.4,178,,,24.1,,,,
2026-09-10T20:56:00Z,2026-09-12T23:23:23Z,,,,0.7,11,6.8,170,,,24.1,,,,
2026-09-10T21:26:00Z,2026-09-12T23:23:23Z,,,,0.7,13,6.3,171,,,24.2,,,,
2026-09-10T21:56:00Z,2026-09-12T23:23:23Z,,,,0.7,12,6.3,171,,,24.2,,,,
2026-09-10T22:26:00Z,2026-09-12T23:23:23Z,,,,0.7,13,6.3,188,,,24.3,,,,
2026-09-10T22:56:00Z,2026-09-12T23:23:23Z,,,,0.7,17,6.5,226,,,24.0,,,,
2026-09-10T23:26:00Z,2026-09-12T23:23:23Z,,,,0.7,13,6.4,185,,,24.1,,,,
2026-09-10T23:56:00Z,2026-09-12T23:23:23Z,,,,0.7,13,6.2,171,,,23.9,,,,
2026-09-11T00:26:00Z,2026-09-12T23:23:23Z,,,,0.7,17,6.0,215,,,23.9,,,,
2026-09-11T00:56:00Z,2026-09-12T23:23:23Z,,,,0.7,12,6.0,188,,,23.5,,,,
2026-09-11T01:26:00Z,2026-09-12T23:23:23Z,,,,0.7,13,6.4,176,,,23.3,,,,
2026-09-11T01:56:00Z,2026-09-12T23:23:23Z,,,,0.7,13,6.2,173,,,23.3,,,,
2026-09-11T02:26:00Z,2026-09-12T23:23:23Z,,,,0.7,15,6.2,180,,,23.2,,,,
2026-09-11T02:56:00Z,2026-09-12T23:23:23Z,,,,0.7,13,5.9,192,,,23.4,,,,
2026-09-11T03:26:00Z,2026-09-12T23:23:23Z,,,,0.7,17,6.6,198,,,23.5,,,,
2026-09-11T03:56:00Z,2026-09-12T23:23:23Z,,,,0.7,15,6.3,190,,,23.5,,,,
2026-09-11T04:26:00Z,2026-09-12T23:23:23Z,,,,0.6,17,6.1,187,,,23.4,,,,
2026-09-11T04:56:00Z,2026-09-12T23:23:23Z,,,,0.7,13,6.4,174,,,23.3,,,,
2026-09-11T05:26:00Z,2026-09-12T23:23:23Z,,,,0.6,15,6.6,184,,,23.2,,,,
2026-09-11T05:56:00Z,2026-09-12T23:23:23Z,,,,0.6,13,6.5,170,,,23.2,,,,
2026-09-11T06:26:00Z,2026-09-12T23:23:23Z,,,,0.6,15,6.8,176,,,23.2,,,,
2026-09-11T06:56:00Z,2026-09-12T23:23:23Z,,,,0.6,17,6.5,192,,,23.2,,,,
2026-09-11T07:26:00Z,2026-09-12T23:23:23Z,,,,0.7,15,7.3,180,,,23.2,,,,
2026-09-11T07:56:00Z,2026-09-12T23:23:23Z,,,,0.7,15,7.0,191,,,23.2,,,,
2026-09-11T08:26:00Z,2026-09-12T23:23:23Z,,,,0.6,15,6.8,178,,,23.0,,,,
2026-09-11T08:56:00Z,2026-09-12T23:23:23Z,,,,0.7,15,6.6,184,,,23.1,,,,
2026-09-11T09:26:00Z,2026-09-12T23:23:23Z,,,,0.7,15,6.4,197,,,23.0,,,,
2026-09-11T09:56:00Z,2026-09-12T23:23:23Z,,,,0.7,15,6.4,195,,,23.0,,,,
2026-09-11T10:26:00Z,2026-09-12T23:23:23Z,,,,0.7,15,6.4,173,,,22.9,,,,
2026-09-11T10:56:00Z,2026-09-12T23:23:23Z,,,,0.7,14,6.4,214,,,22.9,,,,
2026-09-11T11:26:00Z,2026-09-12T23:23:23Z,,,,0.7,15,6.3,204,,,22.9,,,,
2026-09-11T11:56:00Z,2026-09-12T23:23:23Z,,,,0.7,15,6.7,199,,,22.9,,,,
2026-09-11T12:26:00Z,2026-09-12T23:23:23Z,,,,0.7,15,6.6,185,,,22.9,,,,
2026-09-11T12:56:00Z,2026-09-12T23:23:23Z,,,,0.8,15,6.5,202,,,22.9,,,,
2026-09-11T13:26:00Z,2026-09-12T23:23:23Z,,,,0.8,15,6.7,191,,,22.9,,,,
2026-09-11T13:56:00Z,2026-09-12T23:23:23Z,,,,0.8,7,6.4,278,,,22.9,,,,
2026-09-11T14:26:00Z,2026-09-12T23:23:23Z,,,,0.7,15,6.3,202,,,22.9,,,,
2026-09-11T14:56:00Z,2026-09-12T23:23:23Z,,,,0.7,6,6.4,277,,,22.9,,,,
2026-09-11T15:26:00Z,2026-09-12T23:23:23Z,,,,0.7,17,6.7,192,,,23.0,,,,
2026-09-11T15:56:00Z,2026-09-12T23:23:23Z,,,,0.8,14,6.5,177,,,22.9,,,,
2026-09-11T16:26:00Z,2026-09-12T23:23:23Z,,,,0.8,14,6.2,194,,,23.0,,,,
2026-09-11T16:56:00Z,2026-09-12T23:23:23Z,,,,0.7,14,6.0,177,,,23.0,,,,
2026-09-11T17:26:00Z,2026-09-12T23:23:23Z,,,,0.7,17,5.9,171,,,23.0,,,,
2026-09-11T17:56:00Z,2026-09-12T23:23:23Z,,,,0.7,17,5.8,205,,,23.0,,,,
2026-09-11T18:26:00Z,2026-09-12T23:23:23Z,,,,0.8,15,6.0,171,,,23.1,,,,
2026-09-11T18:56:00Z,2026-09-12T23:23:23Z,,,,0.7,15,5.4,195,,,23.2,,,,
2026-09-11T19:26:00Z,2026-09-12T23:23:23Z,,,,0.8,17,6.0,206,,,23.3,,,,
2026-09-11T19:56:00Z,2026-09-12T23:23:23Z,,,,0.7,14,5.5,185,,,23.3,,,,
2026-09-11T20:26:00Z,2026-09-12T23:23:23Z,,,,0.7,15,5.4,178,,,23.4,,,,
2026-09-11T20:56:00Z,2026-09-12T23:23:23Z,,,,0.7,14,5.8,195,,,23.3,,,,
2026-09-11T21:26:00Z,2026-09-12T23:23:23Z,,,,0.8,14,5.7,195,,,23.3,,,,
2026-09-11T21:56:00Z,2026-09-12T23:23:23Z,,,,0.8,15,6.2,194,,,23.4,,,,
2026-09-11T22:26:00Z,2026-09-12T23:23:23Z,,,,0.8,15,6.3,194,,,23.6,,,,
2026-09-11T22:56:00Z,2026-09-12T23:23:23Z,,,,0.8,15,6.2,192,,,24.1,,,,
2026-09-11T23:26:00Z,2026-09-12T23:23:23Z,,,,0.8,14,6.4,173,,,24.0,,,,
2026-09-11T23:56:00Z,2026-09-12T23:23:23Z,,,,0.8,15,6.6,191,,,24.1,,,,
2026-09-12T00:26:00Z,2026-09-12T23:23:23Z,,,,0.8,15,5.9,181,,,23.7,,,,
2026-09-12T00:56:00Z,2026-09-12T23:23:23Z,,,,0.8,15,6.3,202,,,23.8,,,,
2026-09-12T01:26:00Z,2026-09-12T23:23:23Z,,,,0.8,15,6.0,194,,,23.9,,,,
2026-09-12T01:56:00Z,2026-09-12T23:23:23Z,,,,0.8,14,6.3,188,,,23.7,,,,
2026-09-12T02:26:00Z,2026-09-12T23:23:23Z,,,,0.8,15,6.4,180,,,23.6,,,,
2026-09-12T02:56:00Z,2026-09-12T23:23:23Z,,,,0.8,7,6.1,278,,,23.5,,,,
2026-09-12T03:26:00Z,2026-09-12T23:23:23Z,,,,0.8,14,6.3,178,,,23.5,,,,
2026-09-12T03:56:00Z,2026-09-12T23:23:23Z,,,,0.8,17,6.4,181,,,23.5,,,,
2026-09-12T04:26:00Z,2026-09-12T23:23:23Z,,,,0.8,17,6.2,170,,,23.6,,,,
2026-09-12T04:56:00Z,2026-09-12T23:23:23Z,,,,0.8,15,6.4,180,,,23.6,,,,
2026-09-12T05:26:00Z,2026-09-12T23:23:23Z,,,,0.9,14,6.9,178,,,23.5,,,,
2026-09-12T05:56:00Z,2026-09-12T23:23:23Z,,,,0.8,15,6.7,194,,,23.4,,,,
2026-09-12T06:26:00Z,2026-09-12T23:23:23Z,,,,0.8,15,6.2,163,,,23.5,,,,
2026-09-12T06:56:00Z,2026-09-12T23:23:23Z,,,,0.8,15,6.7,174,,,23.5,,,,
2026-09-12T07:26:00Z,2026-09-12T23:23:23Z,,,,0.8,15,7.1,181,,,23.1,,,,
2026-09-12T07:56:00Z,2026-09-12T23:23:23Z,,,,0.8,15,6.8,188,,,22.7,,,,
2026-09-12T08:26:00Z,2026-09-12T23:23:23Z,,,,0.7,15,5.9,204,,,22.6,,,,
2026-09-12T08:56:00Z,2026-09-12T23:23:23Z,,,,0.8,14,6.3,184,,,22.4,,,,
2026-09-12T09:26:00Z,2026-09-12T23:23:23Z,,,,0.8,15,5.9,173,,,22.4,,,,
2026-09-12T09:56:00Z,2026-09-12T23:23:23Z,,,,0.8,15,5.8,240,,,22.4,,,,
2026-09-12T10:26:00Z,2026-09-12T23:23:23Z,,,,0.8,14,6.2,194,,,22.4,,,,
2026-09-12T10:56:00Z,2026-09-12T23:23:23Z,,,,0.8,15,6.4,191,,,22.5,,,,
2026-09-12T11:26:00Z,2026-09-12T23:23:23Z,,,,0.9,14,6.4,180,,,22.5,,,,
2026-09-12T11:56:00Z,2026-09-12T23:23:23Z,,,,0.9,7,6.2,270,,,22.6,,,,
2026-09-12T12:26:00Z,2026-09-12T23:23:23Z,,,,0.9,15,6.5,177,,,22.6,,,,
2026-09-12T12:56:00Z,2026-09-12T23:23:23Z,,,,0.9,8,6.1,275,,,22.8,,,,
2026-09-12T13:26:00Z,2026-09-12T23:23:23Z,,,,0.9,15,6.1,197,,,22.8,,,,
2026-09-12T13:56:00Z,2026-09-12T23:23:23Z,,,,1.0,15,6.4,202,,,22.8,,,,
2026-09-12T14:26:00Z,2026-09-12T23:23:23Z,,,,1.0,7,6.2,274,,,22.9,,,,
2026-09-12T14:56:00Z,2026-09-12T23:23:23Z,,,,0.9,7,6.4,273,,,23.2,,,,
2026-09-12T15:26:00Z,2026-09-12T23:23:23Z,,,,1.0,7,6.5,271,,,23.3,,,,
2026-09-12T15:56:00Z,2026-09-12T23:23:23Z,,,,1.0,15,6.6,180,,,23.2,,,,
2026-09-12T16:26:00Z,2026-09-12T23:23:23Z,,,,1.0,7,6.6,274,,,23.3,,,,
2026-09-12T16:56:00Z,2026-09-12T23:23:23Z,,,,1.0,7,6.6,275,,,23.0,,,,
2026-09-12T17:26:00Z,2026-09-12T23:23:23Z,,,,0.9,15,6.6,187,,,22.8,,,,
2026-09-12T17:56:00Z,2026-09-12T23:23:23Z,,,,0.9,7,6.7,277,,,22.8,,,,
2026-09-12T18:26:00Z,2026-09-12T23:23:23Z,,,,1.0,14,6.9,206,,,22.8,,,,
2026-09-12T18:56:00Z,2026-09-12T23:23:23Z,,,,1.0,15,6.9,180,,,22.9,,,,
2026-09-12T19:26:00Z,2026-09-12T23:23:23Z,,,,1.0,14,6.6,221,,,23.0,,,,
2026-09-12T19:56:00Z,2026-09-12T23:23:23Z,,,,1.0,6,6.5,277,,,23.1,,,,
2026-09-12T20:26:00Z,2026-09-12T23:23:23Z,,,,0.9,14,6.6,219,,,23.2,,,,
2026-09-12T20:56:00Z,2026-09-12T23:23:23Z,,,,0.9,15,6.5,183,,,23.4,,,,
2026-09-12T21:26:00Z,2026-09-12T23:23:23Z,,,,0.9,15,6.5,202,,,23.6,,,,
2026-09-12T21:56:00Z,2026-09-12T23:23:23Z,,,,0.8,14,6.4,190,,,23.6,,,,
2026-09-12T22:26:00Z,2026-09-12T23:23:23Z,,,,0.8,14,6.5,178,,,23.7,,,,
2026-09-12T22:56:00Z,2026-09-12T23:23:23Z,,,,0.8,15,6.6,171,,,23.7,,,,
2026-09-12T23:26:00Z,2026-09-13T06:43:04Z,,,,0.9,13,6.6,170,,,23.6,,,,
2026-09-12T23:56:00Z,2026-09-13T06:43:04Z,,,,0.8,15,5.8,181,,,23.3,,,,
2026-09-13T00:26:00Z,2026-09-13T06:43:04Z,,,,0.9,10,5.2,166,,,23.2,,,,
2026-09-13T00:56:00Z,2026-09-13T06:43:04Z,,,,0.9,13,5.0,177,,,23.0,,,,
2026-09-13T01:26:00Z,2026-09-13T06:43:04Z,,,,0.9,13,4.8,204,,,23.0,,,,
2026-09-13T01:56:00Z,2026-09-13T06:43:04Z,,,,0.9,14,4.9,174,,,23.0,,,,
2026-09-13T02:26:00Z,2026-09-13T06:43:04Z,,,,0.9,9,5.4,170,,,23.0,,,,
2026-09-13T02:56:00Z,2026-09-13T06:43:04Z,,,,0.9,9,5.4,174,,,23.0,,,,
2026-09-13T03:26:00Z,2026-09-13T06:43:04Z,,,,0.9,15,5.4,174,,,22.9,,,,
2026-09-13T03:56:00Z,2026-09-13T06:43:04Z,,,,0.9,14,5.6,178,,,22.8,,,,
2026-09-13T04:26:00Z,2026-09-13T06:43:04Z,,,,0.9,15,6.0,184,,,22.7,,,,
2026-09-13T04:56:00Z,2026-09-13T06:43:04Z,,,,0.8,13,5.8,223,,,22.7,,,,
2026-09-13T05:26:00Z,2026-09-13T06:43:04Z,,,,0.8,13,5.7,191,,,22.6,,,,
2026-09-13T05:56:00Z,2026-09-13T06:43:04Z,,,,0.9,14,6.3,170,,,22.6,,,,
2026-09-13T06:26:00Z,2026-09-13T12:49:28Z,,,,0.9,14,6.2,198,,,22.6,,,,
2026-09-13T06:56:00Z,2026-09-13T12:49:28Z,,,,0.9,14,6.3,178,,,22.6,,,,
2026-09-13T07:26:00Z,2026-09-13T12:49:28Z,,,,0.9,15,6.2,177,,,22.7,,,,
2026-09-13T07:56:00Z,2026-09-13T12:49:28Z,,,,0.9,6,5.8,277,,,22.6,,,,
2026-09-13T08:26:00Z,2026-09-13T12:49:28Z,,,,0.9,13,6.0,201,,,22.6,,,,
2026-09-13T08:56:00Z,2026-09-13T12:49:28Z,,,,0.9,14,6.2,185,,,22.6,,,,
2026-09-13T09:26:00Z,2026-09-13T12:49:28Z,,,,0.9,6,6.0,281,,,22.6,,,,
2026-09-13T09:56:00Z,2026-09-13T12:49:28Z,,,,1.0,15,6.1,177,,,22.5,,,,
2026-09-13T10:26:00Z,2026-09-13T12:49:28Z,,,,1.0,6,6.0,281,,,22.7,,,,
2026-09-13T10:56:00Z,2026-09-13T12:49:28Z,,,,1.0,15,6.1,170,,,22.7,,,,
2026-09-13T11:26:00Z,2026-09-13T12:49:28Z,,,,1.0,6,6.1,278,,,22.7,,,,
2026-09-13T11:56:00Z,2026-09-13T12:49:28Z,,,,1.0,6,6.0,280,,,22.7,,,,
2026-09-13T12:26:00Z,2026-09-13T17:01:38Z,,,,1.1,6,6.0,281,,,22.6,,,,
2026-09-13T12:56:00Z,2026-09-13T17:01:38Z,,,,1.1,6,6.4,278,,,22.7,,,,
2026-09-13T13:26:00Z,2026-09-13T17:01:38Z,,,,1.1,6,6.1,281,,,22.8,,,,
2026-09-13T13:56:00Z,2026-09-13T17:01:38Z,,,,1.1,7,6.3,261,,,22.6,,,,
2026-09-13T14:26:00Z,2026-09-13T17:01:38Z,,,,1.0,8,6.2,256,,,22.6,,,,
2026-09-13T14:56:00Z,2026-09-13T17:01:38Z,,,,1.0,8,6.3,257,,,22.8,,,,
2026-09-13T15:26:00Z,2026-09-13T17:01:38Z,,,,1.1,8,6.4,260,,,22.8,,,,
2026-09-13T15:56:00Z,2026-09-13T17:01:38Z,,,,1.0,14,6.4,183,,,22.9,,,,
2026-09-13T16:26:00Z,2026-09-13T17:01:38Z,,,,1.1,7,6.5,277,,,23.1,,,,
2026-09-13T16:56:00Z,2026-09-13T21:37:05Z,,,,1.0,7,6.5,274,,,23.0,,,,
2026-09-13T17:26:00Z,2026-09-13T21:37:05Z,,,,1.0,6,6.3,277,,,23.0,,,,
2026-09-13T17:56:00Z,2026-09-13T21:37:05Z,,,,1.0,7,6.3,275,,,23.1,,,,
2026-09-13T18:26:00Z,2026-09-13T21:37:05Z,,,,1.1,7,6.4,268,,,23.3,,,,
2026-09-13T18:56:00Z,2026-09-13T21:37:05Z,,,,1.1,7,6.6,274,,,23.4,,,,
2026-09-13T19:26:00Z,2026-09-13T21:37:05Z,,,,1.0,7,6.1,268,,,23.4,,,,
2026-09-13T19:56:00Z,2026-09-13T21:37:05Z,,,,1.0,7,6.2,277,,,23.6,,,,
2026-09-13T20:26:00Z,2026-09-13T21:37:05Z,,,,1.0,7,6.2,275,,,23.5,,,,
2026-09-13T20:56:00Z,2026-09-13T21:37:05Z,,,,1.0,7,6.2,266,,,23.6,,,,
