timestamp_utc,first_seen_utc,wdir,wspd,gst,wvht,dpd,apd,mwd,pres,atmp,wtmp,dewp,vis,ptdy,tide
2026-07-26T00:00:00Z,2026-09-13T21:37:05Z,70,9.0,11.0,,,,,1019.9,25.7,26.2,,,-1.2,
2026-07-26T00:10:00Z,2026-09-13T21:37:05Z,70,9.0,11.0,,,,,1019.7,25.7,26.2,,,,
2026-07-26T00:20:00Z,2026-09-13T21:37:05Z,70,9.0,11.0,,,,,1019.7,25.7,26.2,,,,
2026-07-26T00:30:00Z,2026-09-13T21:37:05Z,80,9.0,11.0,,,,,1019.6,25.7,26.2,,,,
2026-07-26T00:40:00Z,2026-09-13T21:37:05Z,70,9.0,11.0,,,,,1019.6,25.8,26.2,,,,
2026-07-26T00:50:00Z,2026-09-13T21:37:05Z,70,9.0,11.0,,,,,1019.6,25.7,26.2,,,,
2026-07-26T01:00:00Z,2026-09-13T21:37:05Z,70,8.0,11.0,,,,,1019.6,25.8,26.2,,,-1.3,
2026-07-26T01:10:00Z,2026-09-13T21:37:05Z,80,9.0,11.0,,,,,1019.4,25.8,26.3,,,,
2026-07-26T01:20:00Z,2026-09-13T21:37:05Z,70,9.0,11.0,,,,,1019.3,25.8,26.3,,,,
2026-07-26T01:30:00Z,2026-09-13T21:37:05Z,70,9.0,11.0,,,,,1019.4,25.7,26.3,,,,
2026-07-26T01:40:00Z,2026-09-13T21:37:05Z,70,9.0,11.0,,,,,1019.4,25.7,26.3,,,,
2026-07-26T01:50:00Z,2026-09-13T21:37:05Z,70,9.0,11.0,,,,,1019.2,25.7,26.3,,,,
2026-07-26T02:00:00Z,2026-09-13T21:37:05Z,70,9.0,12.0,,,,,1019.4,25.7,26.3,,,-1.0,
2026-07-26T02:10:00Z,2026-09-13T21:37:05Z,70,9.0,11.0,,,,,1019.4,25.8,26.3,,,,
2026-07-26T02:20:00Z,2026-09-13T21:37:05Z,70,9.0,11.0,,,,,1019.3,25.8,26.3,,,,
2026-07-26T02:30:00Z,2026-09-13T21:37:05Z,70,9.0,11.0,,,,,1019.2,25.7,26.3,,,,
2026-07-26T02:40:00Z,2026-09-13T21:37:05Z,80,9.0,12.0,,,,,1019.3,25.7,26.3,,,,
2026-07-26T02:50:00Z,2026-09-13T21:37:05Z,70,9.0,11.0,,,,,1019.1,25.8,26.3,,,,
2026-07-26T03:00:00Z,2026-09-13T21:37:05Z,70,9.0,11.0,,,,,1019.1,25.8,26.3,,,-0.8,
2026-07-26T03:10:00Z,2026-09-13T21:37:05Z,70,9.0,12.0,,,,,1019.1,25.7,26.2,,,,
2026-07-26T03:20:00Z,2026-09-13T21:37:05Z,70,9.0,12.0,,,,,1019.1,25.8,26.3,,,,
2026-07-26T03:30:00Z,2026-09-13T21:37:05Z,80,10.0,12.0,,,,,1019.0,25.7,26.2,,,,
2026-07-26T03:40:00Z,2026-09-13T21:37:05Z,70,9.0,12.0,,,,,1019.0,25.8,26.2,,,,
2026-07-26T03:50:00Z,2026-09-13T21:37:05Z,80,9.0,11.0,,,,,1019.1,25.8,26.2,,,,
2026-07-26T04:00:00Z,2026-09-13T21:37:05Z,70,10.0,12.0,,,,,1019.1,25.7,26.2,,,-0.5,
2026-07-26T04:10:00Z,2026-09-13T21:37:05Z,70,9.0,12.0,,,,,1019.1,25.8,26.2,,,,
2026-07-26T04:20:00Z,2026-09-13T21:37:05Z,70,10.0,12.0,,,,,1019.1,25.7,26.2,,,,
2026-07-26T04:30:00Z,2026-09-13T21:37:05Z,70,10.0,12.0,,,,,1019.0,25.7,26.2,,,,
2026-07-26T04:40:00Z,2026-09-13T21:37:05Z,70,9.0,12.0,,,,,1019.1,25.7,26.2,,,,
2026-07-26T04:50:00Z,2026-09-13T21:37:05Z,70,10.0,13.0,,,,,1019.2,25.7,26.2,,,,
2026-07-26T05:00:00Z,2026-09-13T21:37:05Z,70,10.0,12.0,,,,,1019.2,25.7,26.2,,,-0.0,
2026-07-26T05:10:00Z,2026-09-13T21:37:05Z,70,9.0,12.0,,,,,1019.3,25.7,26.2,,,,
2026-07-26T05:20:00Z,2026-09-13T21:37:05Z,70,9.0,12.0,,,,,1019.5,25.7,26.2,,,,
2026-07-26T05:30:00Z,2026-09-13T21:37:05Z,70,9.0,11.0,,,,,1019.4,25.7,26.2,,,,
2026-07-26T05:40:00Z,2026-09-13T21:37:05Z,70,9.0,11.0,,,,,1019.5,25.7,26.2,,,,
2026-07-26T05:50:00Z,2026-09-13T21:37:05Z,70,9.0,11.0,,,,,1019.7,25.7,26.2,,,,
2026-07-26T06:00:00Z,2026-09-13T21:37:05Z,70,9.0,11.0,,,,,1019.9,25.6,26.2,,,+0.8,
2026-07-26T06:10:00Z,2026-09-13T21:37:05Z,70,9.0,12.0,,,,,1019.9,25.6,26.2,,,,
2026-07-26T06:20:00Z,2026-09-13T21:37:05Z,70,9.0,12.0,,,,,1019.9,25.7,26.2,,,,
2026-07-26T06:30:00Z,2026-09-13T21:37:05Z,70,9.0,11.0,,,,,1020.1,25.7,26.2,,,,
2026-07-26T06:40:00Z,2026-09-13T21:37:05Z,70,9.0,11.0,,,,,1020.1,25.7,26.2,,,,
2026-07-26T06:50:00Z,2026-09-13T21:37:05Z,70,9.0,12.0,,,,,1020.2,25.7,26.2,,,,
2026-07-26T07:00:00Z,2026-09-13T21:37:05Z,70,10.0,12.0,,,,,1020.3,25.6,26.2,,,+1.2,
2026-07-26T07:10:00Z,2026-09-13T21:37:05Z,70,10.0,12.0,,,,,1020.3,25.7,26.2,,,,
2026-07-26T07:20:00Z,2026-09-13T21:37:05Z,70,10.0,11.0,,,,,1020.3,25.7,26.2,,,,
2026-07-26T07:30:00Z,2026-09-13T21:37:05Z,70,10.0,12.0,,,,,1020.5,25.7,26.2,,,,
2026-07-26T07:40:00Z,2026-09-13T21:37:05Z,70,10.0,12.0,,,,,1020.6,25.7,26.2,,,,
2026-07-26T07:50:00Z,2026-09-13T21:37:05Z,70,10.0,12.0,,,,,1020.7,25.7,26.2,,,,
2026-07-26T08:00:00Z,2026-09-13T21:37:05Z,70,10.0,12.0,,,,,1020.7,25.6,26.2,,,+1.5,
2026-07-26T08:10:00Z,2026-09-13T21:37:05Z,70,9.0,11.0,,,,,1020.8,25.7,26.2,,,,
2026-07-26T08:20:00Z,2026-09-13T21:37:05Z,80,9.0,12.0,,,,,1020.9,25.6,26.2,,,,
2026-07-26T08:30:00Z,2026-09-13T21:37:05Z,70,9.0,12.0,,,,,1021.0,25.6,26.2,,,,
2026-07-26T08:40:00Z,2026-09-13T21:37:05Z,70,9.0,11.0,,,,,1021.1,25.6,26.2,,,,
2026-07-26T08:50:00Z,2026-09-13T21:37:05Z,70,9.0,11.0,,,,,1021.1,25.6,26.2,,,,
2026-07-26T09:00:00Z,2026-09-13T21:37:05Z,80,9.0,11.0,,,,,1021.0,25.6,26.2,,,+1.1,
2026-07-26T09:10:00Z,2026-09-13T21:37:05Z,70,9.0,11.0,,,,,1021.0,25.6,26.2,,,,
2026-07-26T09:20:00Z,2026-09-13T21:37:05Z,80,9.0,11.0,,,,,1021.1,25.6,26.2,,,,
2026-07-26T09:30:00Z,2026-09-13T21:37:05Z,70,9.0,11.0,,,,,1021.1,25.6,26.2,,,,
2026-07-26T09:40:00Z,2026-09-13T21:37:05Z,70,8.0,10.0,,,,,1021.2,25.6,26.2,,,,
2026-07-26T09:50:00Z,2026-09-13T21:37:05Z,70,9.0,11.0,,,,,1021.2,25.5,26.2,,,,
2026-07-26T10:00:00Z,2026-09-13T21:37:05Z,80,8.0,10.0,,,,,1021.1,25.6,26.2,,,+0.8,
2026-07-26T10:10:00Z,2026-09-13T21:37:05Z,70,8.0,10.0,,,,,1021.0,25.5,26.2,,,,
2026-07-26T10:20:00Z,2026-09-13T21:37:05Z,80,8.0,10.0,,,,,,25.5,,,,,
2026-07-26T10:30:00Z,2026-09-13T21:37:05Z,70,9.0,11.0,,,,,1020.9,25.6,26.2,,,,
2026-07-26T10:40:00Z,2026-09-13T21:37:05Z,80,8.0,10.0,,,,,1020.9,25.5,26.2,,,,
2026-07-26T10:50:00Z,2026-09-13T21:37:05Z,80,8.0,10.0,,,,,1020.8,25.5,26.2,,,,
2026-07-26T11:00:00Z,2026-09-13T21:37:05Z,70,9.0,11.0,,,,,1020.8,25.5,26.2,,,+0.0,
2026-07-26T11:10:00Z,2026-09-13T21:37:05Z,80,8.0,10.0,,,,,1020.7,25.5,26.2,,,,
2026-07-26T11:20:00Z,2026-09-13T21:37:05Z,70,8.0,10.0,,,,,1020.6,25.5,26.2,,,,
2026-07-26T11:30:00Z,2026-09-13T21:37:05Z,70,8.0,12.0,,,,,1020.4,25.3,26.2,,,,
2026-07-26T11:40:00Z,2026-09-13T21:37:05Z,80,8.0,10.0,,,,,1020.3,25.2,26.2,,,,
2026-07-26T11:50:00Z,2026-09-13T21:37:05Z,80,8.0,11.0,,,,,1020.2,25.4,26.2,,,,
2026-07-26T12:00:00Z,2026-09-13T21:37:05Z,80,8.0,10.0,,,,,1020.2,25.4,26.2,,,-0.8,
2026-07-26T12:10:00Z,2026-09-13T21:37:05Z,80,8.0,11.0,,,,,1020.0,25.4,26.2,,,,
2026-07-26T12:20:00Z,2026-09-13T21:37:05Z,70,8.0,10.0,,,,,1020.0,25.3,26.2,,,,
2026-07-26T12:30:00Z,2026-09-13T21:37:05Z,80,8.0,10.0,,,,,1020.0,25.2,26.2,,,,
2026-07-26T12:40:00Z,2026-09-13T21:37:05Z,80,7.0,10.0,,,,,1019.8,25.1,26.2,,,,
2026-07-26T12:50:00Z,2026-09-13T21:37:05Z,80,9.0,11.0,,,,,1019.7,25.4,26.2,,,,
2026-07-26T13:00:00Z,2026-09-13T21:37:05Z,70,9.0,11.0,,,,,1019.8,25.4,26.2,,,-1.3,
2026-07-26T13:10:00Z,2026-09-13T21:37:05Z,80,9.0,11.0,,,,,1019.7,25.3,26.2,,,,
2026-07-26T13:20:00Z,2026-09-13T21:37:05Z,70,8.0,10.0,,,,,1019.6,25.4,26.2,,,,
2026-07-26T13:30:00Z,2026-09-13T21:37:05Z,80,9.0,11.0,,,,,1019.7,25.3,26.2,,,,
2026-07-26T13:40:00Z,2026-09-13T21:37:05Z,80,9.0,11.0,,,,,1019.6,25.4,26.2,,,,
2026-07-26T13:50:00Z,2026-09-13T21:37:05Z,80,9.0,11.0,,,,,1019.6,25.4,26.2,,,,
2026-07-26T14:00:00Z,2026-09-13T21:37:05Z,80,9.0,12.0,,,,,1019.6,25.4,26.2,,,-1.2,
2026-07-26T14:10:00Z,2026-09-13T21:37:05Z,80,9.0,11.0,,,,,1019.6,25.3,26.2,,,,
2026-07-26T14:20:00Z,2026-09-13T21:37:05Z,80,9.0,11.0,,,,,1019.5,25.4,,,,,
2026-07-26T14:30:00Z,2026-09-13T21:37:05Z,70,8.0,10.0,,,,,1019.4,25.4,26.2,,,,
2026-07-26T14:40:00Z,2026-09-13T21:37:05Z,80,8.0,10.0,,,,,1019.4,25.4,26.1,,,,
2026-07-26T14:50:00Z,2026-09-13T21:37:05Z,80,9.0,11.0,,,,,1019.4,25.4,26.2,,,,
2026-07-26T15:00:00Z,2026-09-13T21:37:05Z,80,9.0,11.0,,,,,1019.4,25.4,26.2,,,-0.8,
2026-07-26T15:10:00Z,2026-09-13T21:37:05Z,70,8.0,11.0,,,,,1019.5,25.1,26.2,,,,
2026-07-26T15:20:00Z,2026-09-13T21:37:05Z,70,8.0,10.0,,,,,1019.5,25.2,,,,,
2026-07-26T15:30:00Z,2026-09-13T21:37:05Z,70,8.0,11.0,,,,,1019.5,25.2,26.2,,,,
2026-07-26T15:40:00Z,2026-09-13T21:37:05Z,70,8.0,11.0,,,,,1019.6,25.3,26.2,,,,
2026-07-26T15:50:00Z,2026-09-13T21:37:05Z,70,8.0,10.0,,,,,1019.6,25.3,26.1,,,,
2026-07-26T16:00:00Z,2026-09-13T21:37:05Z,70,8.0,10.0,,,,,1019.7,25.3,26.2,,,-0.0,
2026-07-26T16:10:00Z,2026-09-13T21:37:05Z,60,9.0,12.0,,,,,1019.8,24.9,26.2,,,,
2026-07-26T16:20:00Z,2026-09-13T21:37:05Z,50,9.0,11.0,,,,,1019.8,24.6,26.1,,,,
2026-07-26T16:30:00Z,2026-09-13T21:37:05Z,50,9.0,12.0,,,,,1019.9,24.4,26.1,,,,
2026-07-26T16:40:00Z,2026-09-13T21:37:05Z,50,10.0,12.0,,,,,1020.0,24.2,26.1,,,,
2026-07-26T16:50:00Z,2026-09-13T21:37:05Z,50,10.0,12.0,,,,,1020.2,23.8,26.1,,,,
2026-07-26T17:00:00Z,2026-09-13T21:37:05Z,50,9.0,11.0,,,,,1020.1,24.0,26.1,,,+0.5,
2026-07-26T17:10:00Z,2026-09-13T21:37:05Z,60,7.0,9.0,,,,,1020.2,24.5,26.1,,,,
2026-07-26T17:20:00Z,2026-09-13T21:37:05Z,60,8.0,11.0,,,,,1020.2,24.9,26.1,,,,
2026-07-26T17:30:00Z,2026-09-13T21:37:05Z,70,8.0,11.0,,,,,1020.3,25.4,26.1,,,,
2026-07-26T17:40:00Z,2026-09-13T21:37:05Z,60,9.0,11.0,,,,,1020.4,25.3,26.1,,,,
2026-07-26T17:50:00Z,2026-09-13T21:37:05Z,50,9.0,12.0,,,,,1020.5,25.0,26.1,,,,
2026-07-26T18:00:00Z,2026-09-13T21:37:05Z,60,9.0,11.0,,,,,1020.5,24.8,26.1,,,+1.1,
2026-07-26T18:10:00Z,2026-09-13T21:37:05Z,60,8.0,10.0,,,,,1020.6,24.9,26.1,,,,
2026-07-26T18:20:00Z,2026-09-13T21:37:05Z,60,8.0,11.0,,,,,1020.6,25.0,26.1,,,,
2026-07-26T18:30:00Z,2026-09-13T21:37:05Z,50,9.0,11.0,,,,,1020.6,24.7,26.1,,,,
2026-07-26T18:40:00Z,2026-09-13T21:37:05Z,60,8.0,10.0,,,,,1020.7,24.9,26.1,,,,
2026-07-26T18:50:00Z,2026-09-13T21:37:05Z,80,8.0,10.0,,,,,1020.7,25.4,26.1,,,,
2026-07-26T19:00:00Z,2026-09-13T21:37:05Z,60,8.0,11.0,,,,,1020.8,25.2,26.1,,,+1.1,
2026-07-26T19:10:00Z,2026-09-13T21:37:05Z,50,7.0,10.0,,,,,1020.8,25.0,26.1,,,,
2026-07-26T19:20:00Z,2026-09-13T21:37:05Z,70,9.0,11.0,,,,,1020.9,25.5,26.1,,,,
2026-07-26T19:30:00Z,2026-09-13T21:37:05Z,70,9.0,11.0,,,,,1020.9,25.6,26.1,,,,
2026-07-26T19:40:00Z,2026-09-13T21:37:05Z,70,9.0,13.0,,,,,1020.9,25.6,26.1,,,,
2026-07-26T19:50:00Z,2026-09-13T21:37:05Z,70,10.0,12.0,,,,,1020.9,25.3,26.1,,,,
2026-07-26T20:00:00Z,2026-09-13T21:37:05Z,70,10.0,13.0,,,,,1020.9,25.2,26.1,,,+0.8,
2026-07-26T20:10:00Z,2026-09-13T21:37:05Z,70,9.0,11.0,,,,,1020.9,25.3,26.1,,,,
2026-07-26T20:20:00Z,2026-09-13T21:37:05Z,70,9.0,11.0,,,,,1020.8,25.4,,,,,
2026-07-26T20:30:00Z,2026-09-13T21:37:05Z,70,9.0,11.0,,,,,1020.7,25.4,26.1,,,,
2026-07-26T20:40:00Z,2026-09-13T21:37:05Z,70,8.0,10.0,,,,,1020.9,25.4,26.1,,,,
2026-07-26T20:50:00Z,2026-09-13T21:37:05Z,70,9.0,10.0,,,,,1020.8,25.5,,,,,
2026-07-26T21:00:00Z,2026-09-13T21:37:05Z,70,8.0,10.0,,,,,1020.7,25.7,26.1,,,+0.0,
2026-07-26T21:10:00Z,2026-09-13T21:37:05Z,70,8.0,10.0,,,,,1020.7,25.7,26.1,,,,
2026-07-26T21:20:00Z,2026-09-13T21:37:05Z,70,9.0,11.0,,,,,1020.7,25.7,26.1,,,,
2026-07-26T21:30:00Z,2026-09-13T21:37:05Z,70,9.0,11.0,,,,,1020.7,25.7,26.2,,,,
2026-07-26T21:40:00Z,2026-09-13T21:37:05Z,60,9.0,11.0,,,,,1020.7,25.6,26.2,,,,
2026-07-26T21:50:00Z,2026-09-13T21:37:05Z,60,9.0,11.0,,,,,1020.6,25.6,26.2,,,,
2026-07-26T22:00:00Z,2026-09-13T21:37:05Z,70,9.0,12.0,,,,,1020.5,25.6,26.2,,,-0.3,
2026-07-26T22:10:00Z,2026-09-13T21:37:05Z,70,9.0,11.0,,,,,1020.5,25.4,26.2,,,,
2026-07-26T22:20:00Z,2026-09-13T21:37:05Z,80,10.0,12.0,,,,,1020.6,24.8,,,,,
2026-07-26T22:30:00Z,2026-09-13T21:37:05Z,80,8.0,11.0,,,,,1020.5,24.8,26.2,,,,
2026-07-26T22:40:00Z,2026-09-13T21:37:05Z,80,8.0,10.0,,,,,1020.5,25.0,26.2,,,,
2026-07-26T22:50:00Z,2026-09-13T21:37:05Z,80,8.0,11.0,,,,,1020.3,25.1,26.2,,,,
2026-07-26T23:00:00Z,2026-09-13T21:37:05Z,80,11.0,13.0,,,,,1020.3,24.5,26.2,,,-0.6,
2026-07-26T23:10:00Z,2026-09-13T21:37:05Z,100,9.0,11.0,,,,,1020.4,24.1,26.2,,,,
2026-07-26T23:20:00Z,2026-09-13T21:37:05Z,90,10.0,14.0,,,,,1020.2,24.3,26.2,,,,
2026-07-26T23:40:00Z,2026-09-13T21:37:05Z,80,6.0,8.0,,,,,1020.0,24.0,26.2,,,,
2026-07-26T23:50:00Z,2026-09-13T21:37:05Z,80,7.0,10.0,,,,,1019.9,24.7,26.2,,,,
2026-07-27T00:00:00Z,2026-09-13T21:37:05Z,80,8.0,11.0,,,,,1019.9,25.1,26.2,,,-0.8,
2026-07-27T00:10:00Z,2026-09-13T21:37:05Z,90,7.0,9.0,,,,,1019.8,24.7,,,,,
2026-07-27T00:20:00Z,2026-09-13T21:37:05Z,80,6.0,8.0,,,,,1019.8,24.8,26.2,,,,
2026-07-27T00:30:00Z,2026-09-13T21:37:05Z,80,6.0,8.0,,,,,1019.7,25.0,26.2,,,,
2026-07-27T00:40:00Z,2026-09-13T21:37:05Z,70,7.0,11.0,,,,,1019.6,24.5,26.2,,,,
2026-07-27T00:50:00Z,2026-09-13T21:37:05Z,60,6.0,9.0,,,,,1019.6,24.2,26.2,,,,
2026-07-27T01:00:00Z,2026-09-13T21:37:05Z,60,8.0,10.0,,,,,1019.4,24.2,26.2,,,-1.1,
2026-07-27T01:10:00Z,2026-09-13T21:37:05Z,70,7.0,9.0,,,,,1019.4,24.6,26.2,,,,
2026-07-27T01:20:00Z,2026-09-13T21:37:05Z,80,6.0,8.0,,,,,1019.3,24.6,26.2,,,,
2026-07-27T01:30:00Z,2026-09-13T21:37:05Z,70,8.0,11.0,,,,,1019.1,25.2,26.2,,,,
2026-07-27T01:40:00Z,2026-09-13T21:37:05Z,70,8.0,10.0,,,,,1019.2,25.3,26.2,,,,
2026-07-27T01:50:00Z,2026-09-13T21:37:05Z,80,11.0,14.0,,,,,1019.3,24.5,26.2,,,,
2026-07-27T02:00:00Z,2026-09-13T21:37:05Z,90,9.0,13.0,,,,,1019.3,23.2,26.2,,,-1.0,
2026-07-27T02:10:00Z,2026-09-13T21:37:05Z,100,7.0,9.0,,,,,1019.1,23.6,26.2,,,,
2026-07-27T02:20:00Z,2026-09-13T21:37:05Z,80,8.0,10.0,,,,,1019.1,24.8,26.2,,,,
2026-07-27T02:30:00Z,2026-09-13T21:37:05Z,60,8.0,12.0,,,,,1019.0,24.7,26.2,,,,
2026-07-27T02:40:00Z,2026-09-13T21:37:05Z,60,7.0,9.0,,,,,1018.8,24.3,26.2,,,,
2026-07-27T02:50:00Z,2026-09-13T21:37:05Z,70,7.0,9.0,,,,,1018.8,25.0,26.2,,,,
2026-07-27T03:00:00Z,2026-09-13T21:37:05Z,70,7.0,9.0,,,,,1018.8,25.1,26.2,,,-1.1,
2026-07-27T03:10:00Z,2026-09-13T21:37:05Z,50,8.0,11.0,,,,,1018.9,24.7,26.2,,,,
2026-07-27T03:20:00Z,2026-09-13T21:37:05Z,40,8.0,10.0,,,,,1019.0,24.0,26.2,,,,
2026-07-27T03:30:00Z,2026-09-13T21:37:05Z,60,9.0,13.0,,,,,1018.8,23.8,26.2,,,,
2026-07-27T03:40:00Z,2026-09-13T21:37:05Z,80,9.0,12.0,,,,,1018.7,24.7,26.2,,,,
2026-07-27T03:50:00Z,2026-09-13T21:37:05Z,80,9.0,12.0,,,,,1018.9,25.4,26.2,,,,
2026-07-27T04:00:00Z,2026-09-13T21:37:05Z,70,9.0,12.0,,,,,1018.8,25.5,26.2,,,-0.6,
2026-07-27T04:10:00Z,2026-09-13T21:37:05Z,70,9.0,11.0,,,,,1018.9,25.5,26.2,,,,
2026-07-27T04:20:00Z,2026-09-13T21:37:05Z,70,9.0,12.0,,,,,1018.9,,26.2,,,,
2026-07-27T04:30:00Z,2026-09-13T21:37:05Z,70,9.0,11.0,,,,,1019.0,25.5,26.2,,,,
2026-07-27T04:40:00Z,2026-09-13T21:37:05Z,70,9.0,11.0,,,,,1018.9,25.5,,,,,
2026-07-27T04:50:00Z,2026-09-13T21:37:05Z,70,9.0,11.0,,,,,1019.0,25.5,26.2,,,,
2026-07-27T05:00:00Z,2026-09-13T21:37:05Z,70,9.0,11.0,,,,,1019.0,25.5,26.2,,,-0.3,
2026-07-27T05:10:00Z,2026-09-13T21:37:05Z,70,9.0,11.0,,,,,1019.1,25.6,26.2,,,,
2026-07-27T05:20:00Z,2026-09-13T21:37:05Z,80,9.0,11.0,,,,,1019.1,25.4,26.2,,,,
2026-07-27T05:30:00Z,2026-09-13T21:37:05Z,80,9.0,11.0,,,,,1019.1,25.5,26.2,,,,
2026-07-27T05:40:00Z,2026-09-13T21:37:05Z,70,9.0,11.0,,,,,1019.2,25.5,26.2,,,,
2026-07-27T05:50:00Z,2026-09-13T21:37:05Z,70,9.0,11.0,,,,,1019.3,25.5,26.2,,,,
2026-07-27T06:00:00Z,2026-09-13T21:37:05Z,80,10.0,12.0,,,,,1019.4,25.2,26.2,,,+0.6,
2026-07-27T06:10:00Z,2026-09-13T21:37:05Z,70,9.0,11.0,,,,,1019.5,25.2,26.2,,,,
2026-07-27T06:20:00Z,2026-09-13T21:37:05Z,80,8.0,11.0,,,,,,25.3,26.1,,,,
2026-07-27T06:30:00Z,2026-09-13T21:37:05Z,80,9.0,11.0,,,,,1019.6,25.3,26.1,,,,
2026-07-27T06:40:00Z,2026-09-13T21:37:05Z,70,9.0,12.0,,,,,1019.7,25.4,26.1,,,,
2026-07-27T06:50:00Z,2026-09-13T21:37:05Z,80,9.0,11.0,,,,,1019.7,25.5,26.1,,,,
2026-07-27T07:00:00Z,2026-09-13T21:37:05Z,70,9.0,11.0,,,,,1019.7,25.5,26.1,,,+0.9,
2026-07-27T07:10:00Z,2026-09-13T21:37:05Z,70,10.0,12.0,,,,,1019.9,25.4,26.1,,,,
2026-07-27T07:20:00Z,2026-09-13T21:37:05Z,60,9.0,11.0,,,,,1019.9,25.1,26.1,,,,
2026-07-27T07:30:00Z,2026-09-13T21:37:05Z,70,9.0,12.0,,,,,1020.0,25.4,26.1,,,,
2026-07-27T07:40:00Z,2026-09-13T21:37:05Z,70,9.0,11.0,,,,,1020.1,25.4,26.1,,,,
2026-07-27T07:50:00Z,2026-09-13T21:37:05Z,70,9.0,11.0,,,,,1020.1,25.5,26.1,,,,
2026-07-27T08:00:00Z,2026-09-13T21:37:05Z,70,8.0,10.0,,,,,1020.2,25.7,26.1,,,+1.2,
2026-07-27T08:10:00Z,2026-09-13T21:37:05Z,70,7.0,10.0,,,,,1020.4,25.7,26.1,,,,
2026-07-27T08:20:00Z,2026-09-13T21:37:05Z,70,8.0,10.0,,,,,1020.5,25.8,26.1,,,,
2026-07-27T08:30:00Z,2026-09-13T21:37:05Z,70,8.0,10.0,,,,,1020.5,25.7,26.1,,,,
2026-07-27T08:40:00Z,2026-09-13T21:37:05Z,70,8.0,9.0,,,,,1020.6,25.6,26.1,,,,
2026-07-27T08:50:00Z,2026-09-13T21:37:05Z,70,7.0,9.0,,,,,,25.4,,,,,
2026-07-27T09:00:00Z,2026-09-13T21:37:05Z,60,9.0,14.0,,,,,1020.7,24.8,26.1,,,+1.3,
2026-07-27T09:10:00Z,2026-09-13T21:37:05Z,70,9.0,13.0,,,,,1020.7,23.6,,,,,
2026-07-27T09:20:00Z,2026-09-13T21:37:05Z,60,6.0,10.0,,,,,1020.5,24.2,26.1,,,,
2026-07-27T09:30:00Z,2026-09-13T21:37:05Z,60,8.0,10.0,,,,,1020.4,25.2,26.1,,,,
2026-07-27T09:40:00Z,2026-09-13T21:37:05Z,60,8.0,11.0,,,,,1020.5,25.3,26.1,,,,
2026-07-27T09:50:00Z,2026-09-13T21:37:05Z,60,9.0,11.0,,,,,1020.4,24.9,26.1,,,,
2026-07-27T10:00:00Z,2026-09-13T21:37:05Z,60,8.0,11.0,,,,,1020.4,25.0,26.1,,,+0.7,
2026-07-27T10:10:00Z,2026-09-13T21:37:05Z,60,8.0,10.0,,,,,1020.4,25.1,26.1,,,,
2026-07-27T10:20:00Z,2026-09-13T21:37:05Z,60,8.0,11.0,,,,,1020.3,25.3,,,,,
2026-07-27T10:30:00Z,2026-09-13T21:37:05Z,60,9.0,12.0,,,,,1020.3,25.0,26.1,,,,
2026-07-27T10:40:00Z,2026-09-13T21:37:05Z,50,9.0,12.0,,,,,1020.2,24.6,26.1,,,,
2026-07-27T10:50:00Z,2026-09-13T21:37:05Z,50,7.0,9.0,,,,,1020.1,24.6,,,,,
2026-07-27T11:00:00Z,2026-09-13T21:37:05Z,60,6.0,8.0,,,,,1020.1,24.8,26.1,,,+0.0,
2026-07-27T11:10:00Z,2026-09-13T21:37:05Z,70,6.0,8.0,,,,,1019.9,25.1,26.1,,,,
2026-07-27T11:20:00Z,2026-09-13T21:37:05Z,80,7.0,9.0,,,,,1019.7,25.5,26.1,,,,
2026-07-27T11:30:00Z,2026-09-13T21:37:05Z,70,8.0,10.0,,,,,1019.7,25.4,26.1,,,,
2026-07-27T11:40:00Z,2026-09-13T21:37:05Z,70,9.0,12.0,,,,,1019.6,25.2,26.1,,,,
2026-07-27T11:50:00Z,2026-09-13T21:37:05Z,70,8.0,10.0,,,,,1019.6,25.1,26.1,,,,
2026-07-27T12:00:00Z,2026-09-13T21:37:05Z,70,9.0,11.0,,,,,1019.4,25.0,26.1,,,-1.3,
2026-07-27T12:10:00Z,2026-09-13T21:37:05Z,80,8.0,10.0,,,,,1019.3,25.2,26.1,,,,
2026-07-27T12:20:00Z,2026-09-13T21:37:05Z,90,7.0,9.0,,,,,1019.1,24.8,26.1,,,,
2026-07-27T12:30:00Z,2026-09-13T21:37:05Z,90,7.0,8.0,,,,,1019.0,24.9,26.1,,,,
2026-07-27T12:40:00Z,2026-09-13T21:37:05Z,90,8.0,10.0,,,,,1018.9,25.1,26.1,,,,
2026-07-27T12:50:00Z,2026-09-13T21:37:05Z,80,7.0,10.0,,,,,1018.7,25.1,26.1,,,,
2026-07-27T13:00:00Z,2026-09-13T21:37:05Z,80,8.0,11.0,,,,,1018.7,25.3,,,,-1.7,
2026-07-27T13:10:00Z,2026-09-13T21:37:05Z,70,8.0,11.0,,,,,1018.7,24.8,26.1,,,,
2026-07-27T13:20:00Z,2026-09-13T21:37:05Z,70,8.0,10.0,,,,,1018.7,25.1,26.1,,,,
2026-07-27T13:30:00Z,2026-09-13T21:37:05Z,80,8.0,11.0,,,,,1018.6,25.3,26.1,,,,
2026-07-27T13:40:00Z,2026-09-13T21:37:05Z,80,9.0,11.0,,,,,1018.5,25.1,26.1,,,,
2026-07-27T13:50:00Z,2026-09-13T21:37:05Z,80,8.0,10.0,,,,,1018.6,25.4,26.1,,,,
2026-07-27T14:00:00Z,2026-09-13T21:37:05Z,80,8.0,10.0,,,,,1018.6,25.4,26.1,,,-1.5,
2026-07-27T14:10:00Z,2026-09-13T21:37:05Z,70,9.0,11.0,,,,,1018.5,25.3,26.1,,,,
2026-07-27T14:20:00Z,2026-09-13T21:37:05Z,80,8.0,10.0,,,,,1018.6,25.3,26.1,,,,
2026-07-27T14:30:00Z,2026-09-13T21:37:05Z,70,8.0,10.0,,,,,1018.6,25.2,26.1,,,,
2026-07-27T14:40:00Z,2026-09-13T21:37:05Z,70,8.0,10.0,,,,,1018.6,25.2,26.1,,,,
2026-07-27T14:50:00Z,2026-09-13T21:37:05Z,70,8.0,11.0,,,,,1018.6,25.2,26.1,,,,
2026-07-27T15:00:00Z,2026-09-13T21:37:05Z,70,8.0,10.0,,,,,1018.6,25.1,26.1,,,-0.8,
2026-07-27T15:10:00Z,2026-09-13T21:37:05Z,70,8.0,10.0,,,,,1018.5,25.2,26.1,,,,
2026-07-27T15:20:00Z,2026-09-13T21:37:05Z,70,8.0,10.0,,,,,1018.5,25.2,26.1,,,,
2026-07-27T15:30:00Z,2026-09-13T21:37:05Z,70,8.0,10.0,,,,,1018.6,25.3,26.1,,,,
2026-07-27T15:40:00Z,2026-09-13T21:37:05Z,70,8.0,10.0,,,,,1018.7,25.3,26.1,,,,
2026-07-27T15:50:00Z,2026-09-13T21:37:05Z,70,8.0,10.0,,,,,1018.7,25.3,26.1,,,,
2026-07-27T16:00:00Z,2026-09-13T21:37:05Z,70,8.0,10.0,,,,,1018.8,25.4,26.1,,,+0.0,
2026-07-27T16:10:00Z,2026-09-13T21:37:05Z,70,8.0,10.0,,,,,1018.9,25.3,26.1,,,,
2026-07-27T16:20:00Z,2026-09-13T21:37:05Z,70,8.0,10.0,,,,,1019.0,25.3,,,,,
2026-07-27T16:30:00Z,2026-09-13T21:37:05Z,70,8.0,10.0,,,,,1019.0,25.3,26.1,,,,
2026-07-27T16:40:00Z,2026-09-13T21:37:05Z,70,8.0,10.0,,,,,1019.1,25.3,26.1,,,,
2026-07-27T16:50:00Z,2026-09-13T21:37:05Z,70,8.0,9.0,,,,,1019.2,25.3,26.1,,,,
2026-07-27T17:00:00Z,2026-09-13T21:37:05Z,70,8.0,10.0,,,,,1019.3,25.3,26.1,,,+0.7,
2026-07-27T17:10:00Z,2026-09-13T21:37:05Z,60,8.0,9.0,,,,,1019.4,25.3,26.1,,,,
2026-07-27T17:20:00Z,2026-09-13T21:37:05Z,60,8.0,11.0,,,,,1019.5,25.2,26.1,,,,
2026-07-27T17:30:00Z,2026-09-13T21:37:05Z,60,8.0,10.0,,,,,1019.4,25.3,26.1,,,,
2026-07-27T17:40:00Z,2026-09-13T21:37:05Z,70,8.0,10.0,,,,,1019.5,25.3,26.1,,,,
2026-07-27T17:50:00Z,2026-09-13T21:37:05Z,70,8.0,9.0,,,,,1019.6,25.4,26.1,,,,
2026-07-27T18:00:00Z,2026-09-13T21:37:05Z,70,8.0,10.0,,,,,1019.7,25.3,26.1,,,+1.1,
2026-07-27T18:10:00Z,2026-09-13T21:37:05Z,60,8.0,10.0,,,,,1019.7,25.3,26.1,,,,
2026-07-27T18:20:00Z,2026-09-13T21:37:05Z,60,8.0,10.0,,,,,1019.8,25.3,,,,,
2026-07-27T18:30:00Z,2026-09-13T21:37:05Z,60,8.0,9.0,,,,,1019.9,25.4,26.1,,,,
2026-07-27T18:40:00Z,2026-09-13T21:37:05Z,70,8.0,10.0,,,,,1020.0,25.4,26.1,,,,
2026-07-27T18:50:00Z,2026-09-13T21:37:05Z,70,8.0,10.0,,,,,1020.0,25.4,26.1,,,,
2026-07-27T19:00:00Z,2026-09-13T21:37:05Z,70,8.0,10.0,,,,,1020.1,25.5,26.1,,,+1.3,
2026-07-27T19:10:00Z,2026-09-13T21:37:05Z,70,8.0,10.0,,,,,1020.1,25.5,26.1,,,,
2026-07-27T19:20:00Z,2026-09-13T21:37:05Z,70,7.0,9.0,,,,,1020.1,25.5,26.1,,,,
2026-07-27T19:30:00Z,2026-09-13T21:37:05Z,70,8.0,10.0,,,,,1020.1,25.5,26.1,,,,
2026-07-27T19:40:00Z,2026-09-13T21:37:05Z,70,8.0,10.0,,,,,1020.1,25.5,26.1,,,,
2026-07-27T19:50:00Z,2026-09-13T21:37:05Z,70,8.0,10.0,,,,,1020.2,25.5,26.1,,,,
2026-07-27T20:00:00Z,2026-09-13T21:37:05Z,60,8.0,10.0,,,,,1020.2,25.5,26.1,,,+0.9,
2026-07-27T20:10:00Z,2026-09-13T21:37:05Z,70,8.0,9.0,,,,,1020.2,25.5,26.1,,,,
2026-07-27T20:20:00Z,2026-09-13T21:37:05Z,70,7.0,9.0,,,,,1020.2,25.5,26.1,,,,
2026-07-27T20:30:00Z,2026-09-13T21:37:05Z,70,8.0,10.0,,,,,1020.2,25.5,26.1,,,,
2026-07-27T20:40:00Z,2026-09-13T21:37:05Z,70,8.0,10.0,,,,,1020.1,25.5,26.1,,,,
2026-07-27T20:50:00Z,2026-09-13T21:37:05Z,60,8.0,10.0,,,,,1020.1,25.5,26.1,,,,
2026-07-27T21:00:00Z,2026-09-13T21:37:05Z,60,8.0,10.0,,,,,1020.0,25.5,26.1,,,+0.3,
2026-07-27T21:10:00Z,2026-09-13T21:37:05Z,70,8.0,10.0,,,,,,25.5,26.1,,,,
2026-07-27T21:20:00Z,2026-09-13T21:37:05Z,60,8.0,10.0,,,,,1019.9,25.4,26.1,,,,
2026-07-27T21:30:00Z,2026-09-13T21:37:05Z,60,8.0,10.0,,,,,1019.9,25.5,26.1,,,,
2026-07-27T21:40:00Z,2026-09-13T21:37:05Z,60,8.0,9.0,,,,,1019.8,25.4,26.1,,,,
2026-07-27T21:50:00Z,2026-09-13T21:37:05Z,70,8.0,10.0,,,,,1019.8,25.5,26.1,,,,
2026-07-27T22:00:00Z,2026-09-13T21:37:05Z,70,7.0,9.0,,,,,1019.7,25.5,26.1,,,-0.4,
2026-07-27T22:10:00Z,2026-09-13T21:37:05Z,70,8.0,9.0,,,,,1019.7,25.5,26.1,,,,
2026-07-27T22:20:00Z,2026-09-13T21:37:05Z,70,8.0,10.0,,,,,1019.7,25.4,26.1,,,,
2026-07-27T22:30:00Z,2026-09-13T21:37:05Z,70,8.0,10.0,,,,,1019.7,25.5,26.1,,,,
2026-07-27T22:40:00Z,2026-09-13T21:37:05Z,70,9.0,11.0,,,,,1019.6,25.4,26.1,,,,
2026-07-27T22:50:00Z,2026-09-13T21:37:05Z,70,8.0,10.0,,,,,1019.5,25.4,26.2,,,,
2026-07-27T23:00:00Z,2026-09-13T21:37:05Z,70,8.0,9.0,,,,,1019.5,25.5,26.2,,,-0.7,
2026-07-27T23:10:00Z,2026-09-13T21:37:05Z,70,8.0,10.0,,,,,1019.4,25.5,26.2,,,,
2026-07-27T23:20:00Z,2026-09-13T21:37:05Z,70,7.0,9.0,,,,,1019.4,25.5,26.2,,,,
2026-07-27T23:40:00Z,2026-09-13T21:37:05Z,70,7.0,9.0,,,,,1019.3,25.6,26.2,,,,
2026-07-27T23:50:00Z,2026-09-13T21:37:05Z,70,7.0,9.0,,,,,,25.8,26.2,,,,
2026-07-28T00:00:00Z,2026-09-13T21:37:05Z,70,7.0,9.0,,,,,1019.2,25.7,26.2,,,-0.8,
2026-07-28T00:10:00Z,2026-09-13T21:37:05Z,70,8.0,9.0,,,,,1019.1,25.7,26.2,,,,
2026-07-28T00:20:00Z,2026-09-13T21:37:05Z,70,8.0,10.0,,,,,1019.0,25.7,26.2,,,,
2026-07-28T00:30:00Z,2026-09-13T21:37:05Z,70,7.0,9.0,,,,,1018.9,25.7,26.2,,,,
2026-07-28T00:40:00Z,2026-09-13T21:37:05Z,70,8.0,9.0,,,,,1018.9,25.7,26.2,,,,
2026-07-28T00:50:00Z,2026-09-13T21:37:05Z,60,8.0,10.0,,,,,1018.8,25.7,,,,,
2026-07-28T01:00:00Z,2026-09-13T21:37:05Z,60,7.0,9.0,,,,,1018.7,25.7,26.2,,,-1.0,
2026-07-28T01:10:00Z,2026-09-13T21:37:05Z,60,7.0,9.0,,,,,1018.7,25.8,26.2,,,,
2026-07-28T01:20:00Z,2026-09-13T21:37:05Z,60,8.0,10.0,,,,,1018.6,25.7,26.2,,,,
2026-07-28T01:30:00Z,2026-09-13T21:37:05Z,60,8.0,10.0,,,,,1018.5,25.7,26.2,,,,
2026-07-28T01:40:00Z,2026-09-13T21:37:05Z,60,9.0,11.0,,,,,1018.4,25.6,26.2,,,,
2026-07-28T01:50:00Z,2026-09-13T21:37:05Z,60,8.0,11.0,,,,,1018.3,25.5,26.2,,,,
2026-07-28T02:00:00Z,2026-09-13T21:37:05Z,60,8.0,10.0,,,,,1018.3,25.6,26.2,,,-1.2,
2026-07-28T02:10:00Z,2026-09-13T21:37:05Z,70,8.0,11.0,,,,,1018.2,25.7,26.2,,,,
2026-07-28T02:20:00Z,2026-09-13T21:37:05Z,70,8.0,10.0,,,,,1018.1,25.8,26.2,,,,
2026-07-28T02:30:00Z,2026-09-13T21:37:05Z,70,8.0,10.0,,,,,1018.1,25.6,26.2,,,,
2026-07-28T02:40:00Z,2026-09-13T21:37:05Z,70,8.0,10.0,,,,,1018.0,25.6,26.3,,,,
2026-07-28T02:50:00Z,2026-09-13T21:37:05Z,70,8.0,10.0,,,,,1018.0,25.6,26.3,,,,
2026-07-28T03:00:00Z,2026-09-13T21:37:05Z,70,8.0,10.0,,,,,1017.9,25.7,26.3,,,-1.3,
2026-07-28T03:10:00Z,2026-09-13T21:37:05Z,60,8.0,10.0,,,,,1017.9,25.7,26.3,,,,
2026-07-28T03:20:00Z,2026-09-13T21:37:05Z,60,8.0,10.0,,,,,1018.0,25.6,26.3,,,,
2026-07-28T03:30:00Z,2026-09-13T21:37:05Z,60,8.0,10.0,,,,,1018.0,25.6,26.3,,,,
2026-07-28T03:40:00Z,2026-09-13T21:37:05Z,60,8.0,10.0,,,,,1017.9,25.6,26.3,,,,
2026-07-28T03:50:00Z,2026-09-13T21:37:05Z,60,8.0,10.0,,,,,,25.6,26.3,,,,
2026-07-28T04:00:00Z,2026-09-13T21:37:05Z,60,8.0,10.0,,,,,1018.0,25.6,26.2,,,-0.7,
2026-07-28T04:10:00Z,2026-09-13T21:37:05Z,60,8.0,10.0,,,,,1017.9,25.6,26.2,,,,
2026-07-28T04:20:00Z,2026-09-13T21:37:05Z,60,8.0,10.0,,,,,1018.0,25.7,26.2,,,,
2026-07-28T04:30:00Z,2026-09-13T21:37:05Z,60,7.0,9.0,,,,,1018.1,25.7,26.2,,,,
2026-07-28T04:40:00Z,2026-09-13T21:37:05Z,60,7.0,9.0,,,,,1018.1,25.6,26.2,,,,
2026-07-28T04:50:00Z,2026-09-13T21:37:05Z,60,8.0,10.0,,,,,1018.2,25.6,26.2,,,,
2026-07-28T05:00:00Z,2026-09-13T21:37:05Z,60,8.0,10.0,,,,,1018.3,25.6,26.2,,,-0.0,
2026-07-28T05:10:00Z,2026-09-13T21:37:05Z,60,7.0,9.0,,,,,1018.4,25.6,26.2,,,,
2026-07-28T05:20:00Z,2026-09-13T21:37:05Z,60,8.0,10.0,,,,,1018.4,25.6,26.2,,,,
2026-07-28T05:30:00Z,2026-09-13T21:37:05Z,50,8.0,10.0,,,,,1018.5,25.5,26.2,,,,
2026-07-28T05:40:00Z,2026-09-13T21:37:05Z,60,8.0,10.0,,,,,1018.5,25.6,26.2,,,,
2026-07-28T05:50:00Z,2026-09-13T21:37:05Z,60,8.0,11.0,,,,,1018.6,25.5,26.2,,,,
2026-07-28T06:00:00Z,2026-09-13T21:37:05Z,60,8.0,10.0,,,,,1018.7,25.6,26.2,,,+0.8,
2026-07-28T06:10:00Z,2026-09-13T21:37:05Z,60,8.0,11.0,,,,,1018.8,25.5,26.2,,,,
2026-07-28T06:20:00Z,2026-09-13T21:37:05Z,60,8.0,10.0,,,,,1018.9,25.6,26.2,,,,
2026-07-28T06:30:00Z,2026-09-13T21:37:05Z,50,9.0,10.0,,,,,1019.0,25.5,26.2,,,,
2026-07-28T06:40:00Z,2026-09-13T21:37:05Z,60,8.0,10.0,,,,,1019.1,25.5,26.2,,,,
2026-07-28T06:50:00Z,2026-09-13T21:37:05Z,60,9.0,10.0,,,,,1019.0,25.5,26.2,,,,
2026-07-28T07:00:00Z,2026-09-13T21:37:05Z,60,8.0,10.0,,,,,1019.3,25.5,26.2,,,+1.3,
2026-07-28T07:10:00Z,2026-09-13T21:37:05Z,50,8.0,11.0,,,,,1019.4,25.5,26.2,,,,
2026-07-28T07:20:00Z,2026-09-13T21:37:05Z,50,8.0,10.0,,,,,1019.4,25.5,26.2,,,,
2026-07-28T07:30:00Z,2026-09-13T21:37:05Z,60,9.0,11.0,,,,,1019.5,25.5,26.2,,,,
2026-07-28T07:40:00Z,2026-09-13T21:37:05Z,60,9.0,11.0,,,,,1019.4,25.5,26.2,,,,
2026-07-28T07:50:00Z,2026-09-13T21:37:05Z,60,9.0,10.0,,,,,1019.4,25.4,26.2,,,,
2026-07-28T08:00:00Z,2026-09-13T21:37:05Z,60,8.0,11.0,,,,,1019.4,25.5,26.2,,,+1.1,
2026-07-28T08:10:00Z,2026-09-13T21:37:05Z,60,9.0,11.0,,,,,1019.5,25.4,26.2,,,,
2026-07-28T08:20:00Z,2026-09-13T21:37:05Z,60,9.0,11.0,,,,,1019.6,25.4,26.2,,,,
2026-07-28T08:30:00Z,2026-09-13T21:37:05Z,60,9.0,11.0,,,,,1019.7,25.4,26.2,,,,
2026-07-28T08:40:00Z,2026-09-13T21:37:05Z,60,9.0,11.0,,,,,1019.8,25.4,26.2,,,,
2026-07-28T08:50:00Z,2026-09-13T21:37:05Z,60,8.0,11.0,,,,,1019.8,25.4,26.2,,,,
2026-07-28T09:00:00Z,2026-09-13T21:37:05Z,60,8.0,11.0,,,,,1019.8,25.4,26.2,,,+1.1,
2026-07-28T09:10:00Z,2026-09-13T21:37:05Z,60,9.0,11.0,,,,,1019.8,25.4,26.2,,,,
2026-07-28T09:20:00Z,2026-09-13T21:37:05Z,60,8.0,10.0,,,,,1019.8,25.4,26.2,,,,
2026-07-28T09:30:00Z,2026-09-13T21:37:05Z,60,8.0,11.0,,,,,1019.8,25.4,26.2,,,,
2026-07-28T09:40:00Z,2026-09-13T21:37:05Z,60,8.0,10.0,,,,,1019.7,25.4,26.2,,,,
2026-07-28T09:50:00Z,2026-09-13T21:37:05Z,70,9.0,11.0,,,,,1019.6,25.4,26.2,,,,
2026-07-28T10:00:00Z,2026-09-13T21:37:05Z,60,8.0,11.0,,,,,1019.6,25.4,26.2,,,+0.3,
2026-07-28T10:10:00Z,2026-09-13T21:37:05Z,60,8.0,10.0,,,,,1019.5,25.4,26.2,,,,
2026-07-28T10:20:00Z,2026-09-13T21:37:05Z,60,8.0,11.0,,,,,1019.4,25.4,26.2,,,,
2026-07-28T10:30:00Z,2026-09-13T21:37:05Z,60,9.0,11.0,,,,,1019.3,25.4,26.2,,,,
2026-07-28T10:40:00Z,2026-09-13T21:37:05Z,60,8.0,11.0,,,,,1019.4,25.4,26.2,,,,
2026-07-28T10:50:00Z,2026-09-13T21:37:05Z,60,8.0,10.0,,,,,1019.3,25.4,26.1,,,,
2026-07-28T11:00:00Z,2026-09-13T21:37:05Z,60,7.0,9.0,,,,,1019.2,25.4,26.1,,,+0.0,
2026-07-28T11:10:00Z,2026-09-13T21:37:05Z,60,8.0,11.0,,,,,1019.1,25.0,26.1,,,,
2026-07-28T11:20:00Z,2026-09-13T21:37:05Z,60,10.0,13.0,,,,,1019.1,24.4,26.1,,,,
2026-07-28T11:30:00Z,2026-09-13T21:37:05Z,50,8.0,11.0,,,,,1019.2,24.7,26.1,,,,
2026-07-28T11:40:00Z,2026-09-13T21:37:05Z,70,7.0,9.0,,,,,1019.1,25.1,26.1,,,,
2026-07-28T11:50:00Z,2026-09-13T21:37:05Z,70,7.0,10.0,,,,,1019.0,25.2,26.1,,,,
2026-07-28T12:00:00Z,2026-09-13T21:37:05Z,60,9.0,11.0,,,,,1019.0,24.9,26.1,,,-0.8,
2026-07-28T12:10:00Z,2026-09-13T21:37:05Z,50,8.0,10.0,,,,,1018.9,24.6,26.1,,,,
2026-07-28T12:20:00Z,2026-09-13T21:37:05Z,50,7.0,9.0,,,,,1018.7,24.8,26.1,,,,
2026-07-28T12:30:00Z,2026-09-13T21:37:05Z,60,8.0,10.0,,,,,1018.6,25.2,26.1,,,,
2026-07-28T12:40:00Z,2026-09-13T21:37:05Z,60,8.0,10.0,,,,,1018.6,25.3,26.1,,,,
2026-07-28T12:50:00Z,2026-09-13T21:37:05Z,70,8.0,10.0,,,,,1018.6,25.3,26.1,,,,
2026-07-28T13:00:00Z,2026-09-13T21:37:05Z,70,8.0,10.0,,,,,1018.5,25.3,26.1,,,-1.1,
2026-07-28T13:10:00Z,2026-09-13T21:37:05Z,70,8.0,10.0,,,,,1018.4,25.3,26.1,,,,
2026-07-28T13:20:00Z,2026-09-13T21:37:05Z,70,7.0,9.0,,,,,1018.4,25.3,26.1,,,,
2026-07-28T13:30:00Z,2026-09-13T21:37:05Z,70,8.0,10.0,,,,,1018.4,25.3,26.1,,,,
2026-07-28T13:40:00Z,2026-09-13T21:37:05Z,70,8.0,10.0,,,,,1018.3,25.3,26.1,,,,
2026-07-28T13:50:00Z,2026-09-13T21:37:05Z,70,8.0,10.0,,,,,1018.3,25.3,26.1,,,,
2026-07-28T14:00:00Z,2026-09-13T21:37:05Z,70,7.0,9.0,,,,,1018.3,25.3,26.1,,,-0.9,
2026-07-28T14:10:00Z,2026-09-13T21:37:05Z,70,8.0,10.0,,,,,1018.2,25.2,26.1,,,,
2026-07-28T14:20:00Z,2026-09-13T21:37:05Z,70,7.0,9.0,,,,,1018.3,25.3,26.1,,,,
2026-07-28T14:30:00Z,2026-09-13T21:37:05Z,80,7.0,9.0,,,,,1018.3,25.1,26.1,,,,
2026-07-28T14:40:00Z,2026-09-13T21:37:05Z,80,7.0,9.0,,,,,1018.4,25.1,26.1,,,,
2026-07-28T14:50:00Z,2026-09-13T21:37:05Z,50,8.0,10.0,,,,,1018.3,24.7,26.1,,,,
2026-07-28T15:00:00Z,2026-09-13T21:37:05Z,50,7.0,9.0,,,,,1018.2,24.8,26.1,,,-0.8,
2026-07-28T15:10:00Z,2026-09-13T21:37:05Z,60,7.0,10.0,,,,,1018.2,25.1,26.1,,,,
2026-07-28T15:20:00Z,2026-09-13T21:37:05Z,70,7.0,9.0,,,,,1018.2,25.2,26.1,,,,
2026-07-28T15:30:00Z,2026-09-13T21:37:05Z,60,7.0,9.0,,,,,1018.2,25.3,26.1,,,,
2026-07-28T15:40:00Z,2026-09-13T21:37:05Z,70,8.0,10.0,,,,,1018.3,25.1,26.1,,,,
2026-07-28T15:50:00Z,2026-09-13T21:37:05Z,80,8.0,10.0,,,,,1018.2,24.9,26.1,,,,
2026-07-28T16:00:00Z,2026-09-13T21:37:05Z,60,8.0,10.0,,,,,1018.3,25.2,26.1,,,+0.0,
2026-07-28T16:10:00Z,2026-09-13T21:37:05Z,60,8.0,10.0,,,,,1018.2,25.2,26.1,,,,
2026-07-28T16:20:00Z,2026-09-13T21:37:05Z,70,8.0,10.0,,,,,1018.4,25.2,,,,,
2026-07-28T16:30:00Z,2026-09-13T21:37:05Z,70,8.0,10.0,,,,,1018.5,25.1,26.1,,,,
2026-07-28T16:40:00Z,2026-09-13T21:37:05Z,70,7.0,10.0,,,,,1018.6,25.2,26.1,,,,
2026-07-28T16:50:00Z,2026-09-13T21:37:05Z,60,8.0,9.0,,,,,1018.8,25.2,26.1,,,,
2026-07-28T17:00:00Z,2026-09-13T21:37:05Z,60,7.0,10.0,,,,,1018.8,25.2,26.1,,,+0.5,
2026-07-28T17:10:00Z,2026-09-13T21:37:05Z,70,8.0,10.0,,,,,1019.0,25.2,26.1,,,,
2026-07-28T17:20:00Z,2026-09-13T21:37:05Z,70,8.0,9.0,,,,,1018.9,25.3,26.1,,,,
2026-07-28T17:30:00Z,2026-09-13T21:37:05Z,60,7.0,9.0,,,,,1018.9,25.3,26.1,,,,
2026-07-28T17:40:00Z,2026-09-13T21:37:05Z,60,8.0,9.0,,,,,1018.8,25.3,26.1,,,,
2026-07-28T17:50:00Z,2026-09-13T21:37:05Z,60,8.0,9.0,,,,,1019.1,25.3,26.1,,,,
2026-07-28T18:00:00Z,2026-09-13T21:37:05Z,60,7.0,10.0,,,,,1019.1,25.3,26.1,,,+0.9,
2026-07-28T18:10:00Z,2026-09-13T21:37:05Z,70,7.0,9.0,,,,,1019.1,25.3,26.1,,,,
2026-07-28T18:20:00Z,2026-09-13T21:37:05Z,70,7.0,9.0,,,,,1019.1,25.4,26.1,,,,
2026-07-28T18:30:00Z,2026-09-13T21:37:05Z,70,7.0,9.0,,,,,1019.2,25.4,26.1,,,,
2026-07-28T18:40:00Z,2026-09-13T21:37:05Z,70,7.0,9.0,,,,,1019.2,25.3,26.1,,,,
2026-07-28T18:50:00Z,2026-09-13T21:37:05Z,70,7.0,9.0,,,,,1019.2,25.4,26.1,,,,
2026-07-28T19:00:00Z,2026-09-13T21:37:05Z,70,7.0,9.0,,,,,1019.2,25.4,26.1,,,+0.9,
2026-07-28T19:10:00Z,2026-09-13T21:37:05Z,70,7.0,10.0,,,,,1019.2,25.4,26.1,,,,
2026-07-28T19:20:00Z,2026-09-13T21:37:05Z,60,7.0,9.0,,,,,1019.2,25.4,26.1,,,,
2026-07-28T19:30:00Z,2026-09-13T21:37:05Z,70,7.0,9.0,,,,,1019.3,25.4,26.1,,,,
2026-07-28T19:40:00Z,2026-09-13T21:37:05Z,70,7.0,9.0,,,,,1019.4,25.5,26.1,,,,
2026-07-28T19:50:00Z,2026-09-13T21:37:05Z,70,7.0,8.0,,,,,1019.4,25.4,26.1,,,,
2026-07-28T20:00:00Z,2026-09-13T21:37:05Z,70,6.0,9.0,,,,,1019.4,25.5,26.1,,,+0.6,
2026-07-28T20:10:00Z,2026-09-13T21:37:05Z,60,7.0,9.0,,,,,1019.4,25.5,26.1,,,,
2026-07-28T20:20:00Z,2026-09-13T21:37:05Z,60,7.0,9.0,,,,,1019.4,25.4,,,,,
2026-07-28T20:30:00Z,2026-09-13T21:37:05Z,70,7.0,9.0,,,,,1019.3,25.5,26.1,,,,
2026-07-28T20:40:00Z,2026-09-13T21:37:05Z,70,7.0,9.0,,,,,1019.2,25.5,26.1,,,,
2026-07-28T20:50:00Z,2026-09-13T21:37:05Z,70,8.0,9.0,,,,,1019.3,25.5,26.1,,,,
2026-07-28T21:00:00Z,2026-09-13T21:37:05Z,60,7.0,9.0,,,,,1019.4,25.5,26.1,,,+0.3,
2026-07-28T21:10:00Z,2026-09-13T21:37:05Z,60,7.0,9.0,,,,,1019.4,25.5,26.2,,,,
2026-07-28T21:20:00Z,2026-09-13T21:37:05Z,60,7.0,9.0,,,,,1019.4,25.5,26.2,,,,
2026-07-28T21:30:00Z,2026-09-13T21:37:05Z,60,7.0,10.0,,,,,1019.2,25.5,26.2,,,,
2026-07-28T21:40:00Z,2026-09-13T21:37:05Z,60,7.0,9.0,,,,,1019.2,25.5,26.2,,,,
2026-07-28T21:50:00Z,2026-09-13T21:37:05Z,60,8.0,9.0,,,,,1019.2,25.5,26.2,,,,
2026-07-28T22:00:00Z,2026-09-13T21:37:05Z,50,8.0,10.0,,,,,1019.1,25.5,26.2,,,+0.0,
2026-07-28T22:10:00Z,2026-09-13T21:37:05Z,50,7.0,9.0,,,,,1019.0,25.5,26.2,,,,
2026-07-28T22:20:00Z,2026-09-13T21:37:05Z,50,7.0,9.0,,,,,1019.0,25.5,26.2,,,,
2026-07-28T22:30:00Z,2026-09-13T21:37:05Z,50,7.0,9.0,,,,,1018.9,25.5,26.2,,,,
2026-07-28T22:40:00Z,2026-09-13T21:37:05Z,60,7.0,9.0,,,,,1018.7,25.5,26.2,,,,
2026-07-28T22:50:00Z,2026-09-13T21:37:05Z,60,8.0,10.0,,,,,1018.7,25.5,26.2,,,,
2026-07-28T23:00:00Z,2026-09-13T21:37:05Z,60,8.0,10.0,,,,,1018.6,25.5,26.2,,,-0.8,
2026-07-28T23:10:00Z,2026-09-13T21:37:05Z,60,7.0,10.0,,,,,1018.5,25.6,26.2,,,,
2026-07-28T23:20:00Z,2026-09-13T21:37:05Z,60,8.0,10.0,,,,,1018.4,25.6,26.2,,,,
2026-07-28T23:40:00Z,2026-09-13T21:37:05Z,60,8.0,9.0,,,,,1018.2,25.6,26.2,,,,
2026-07-28T23:50:00Z,2026-09-13T21:37:05Z,60,8.0,10.0,,,,,1018.2,25.6,26.2,,,,
2026-07-29T00:00:00Z,2026-09-13T21:37:05Z,70,8.0,10.0,,,,,1018.1,25.6,26.2,,,-1.3,
2026-07-29T00:10:00Z,2026-09-13T21:37:05Z,60,8.0,10.0,,,,,1018.0,25.6,26.3,,,,
2026-07-29T00:20:00Z,2026-09-13T21:37:05Z,60,8.0,10.0,,,,,1017.8,25.7,26.3,,,,
2026-07-29T00:30:00Z,2026-09-13T21:37:05Z,60,8.0,10.0,,,,,1017.7,25.8,26.3,,,,
2026-07-29T00:40:00Z,2026-09-13T21:37:05Z,60,8.0,10.0,,,,,1017.6,25.7,26.3,,,,
2026-07-29T00:50:00Z,2026-09-13T21:37:05Z,50,9.0,11.0,,,,,1017.6,25.7,,,,,
2026-07-29T01:00:00Z,2026-09-13T21:37:05Z,50,8.0,10.0,,,,,1017.6,25.7,26.3,,,-1.5,
2026-07-29T01:10:00Z,2026-09-13T21:37:05Z,60,8.0,10.0,,,,,1017.5,25.8,26.3,,,,
2026-07-29T01:20:00Z,2026-09-13T21:37:05Z,60,8.0,11.0,,,,,1017.3,25.7,26.3,,,,
2026-07-29T01:30:00Z,2026-09-13T21:37:05Z,60,8.0,11.0,,,,,1017.3,25.8,26.3,,,,
2026-07-29T01:40:00Z,2026-09-13T21:37:05Z,60,9.0,11.0,,,,,1017.2,25.8,26.3,,,,
2026-07-29T01:50:00Z,2026-09-13T21:37:05Z,60,8.0,11.0,,,,,1017.1,25.8,26.3,,,,
2026-07-29T02:00:00Z,2026-09-13T21:37:05Z,60,8.0,10.0,,,,,1017.1,25.9,26.3,,,-1.5,
2026-07-29T02:10:00Z,2026-09-13T21:37:05Z,60,8.0,10.0,,,,,1017.1,25.8,26.3,,,,
2026-07-29T02:20:00Z,2026-09-13T21:37:05Z,60,8.0,10.0,,,,,1017.1,25.7,26.3,,,,
2026-07-29T02:30:00Z,2026-09-13T21:37:05Z,60,8.0,10.0,,,,,1017.1,25.8,26.3,,,,
2026-07-29T02:40:00Z,2026-09-13T21:37:05Z,70,8.0,10.0,,,,,1017.1,25.8,26.3,,,,
2026-07-29T02:50:00Z,2026-09-13T21:37:05Z,60,8.0,10.0,,,,,1017.0,25.8,26.3,,,,
2026-07-29T03:00:00Z,2026-09-13T21:37:05Z,60,9.0,11.0,,,,,1017.1,25.8,26.3,,,-1.0,
2026-07-29T03:10:00Z,2026-09-13T21:37:05Z,60,8.0,11.0,,,,,1017.1,25.9,26.2,,,,
2026-07-29T03:20:00Z,2026-09-13T21:37:05Z,60,8.0,10.0,,,,,1017.0,25.9,26.2,,,,
2026-07-29T03:30:00Z,2026-09-13T21:37:05Z,60,8.0,10.0,,,,,1016.9,25.9,26.3,,,,
2026-07-29T03:40:00Z,2026-09-13T21:37:05Z,60,9.0,11.0,,,,,1016.9,25.9,26.3,,,,
2026-07-29T03:50:00Z,2026-09-13T21:37:05Z,60,9.0,11.0,,,,,1016.9,25.9,26.2,,,,
2026-07-29T04:00:00Z,2026-09-13T21:37:05Z,60,9.0,11.0,,,,,1016.9,25.7,26.2,,,-0.7,
2026-07-29T04:10:00Z,2026-09-13T21:37:05Z,60,9.0,11.0,,,,,1016.9,25.7,26.2,,,,
2026-07-29T04:20:00Z,2026-09-13T21:37:05Z,60,9.0,11.0,,,,,1016.9,25.6,26.2,,,,
2026-07-29T04:30:00Z,2026-09-13T21:37:05Z,60,9.0,10.0,,,,,1016.9,25.6,26.2,,,,
2026-07-29T04:40:00Z,2026-09-13T21:37:05Z,60,9.0,10.0,,,,,1016.8,25.6,26.2,,,,
2026-07-29T04:50:00Z,2026-09-13T21:37:05Z,60,9.0,11.0,,,,,1017.0,25.6,26.2,,,,
2026-07-29T05:00:00Z,2026-09-13T21:37:05Z,60,9.0,11.0,,,,,1017.1,25.6,26.2,,,+0.0,
2026-07-29T05:10:00Z,2026-09-13T21:37:05Z,60,9.0,11.0,,,,,1017.1,25.7,26.2,,,,
2026-07-29T05:20:00Z,2026-09-13T21:37:05Z,60,9.0,11.0,,,,,1017.3,25.6,26.2,,,,
2026-07-29T05:30:00Z,2026-09-13T21:37:05Z,60,9.0,11.0,,,,,1017.4,25.6,26.2,,,,
2026-07-29T05:40:00Z,2026-09-13T21:37:05Z,60,9.0,11.0,,,,,1017.5,25.6,26.2,,,,
2026-07-29T05:50:00Z,2026-09-13T21:37:05Z,60,8.0,10.0,,,,,1017.8,25.7,26.2,,,,
2026-07-29T06:00:00Z,2026-09-13T21:37:05Z,60,8.0,11.0,,,,,1017.9,25.6,26.2,,,+0.8,
2026-07-29T06:10:00Z,2026-09-13T21:37:05Z,60,8.0,10.0,,,,,1017.8,25.6,26.2,,,,
2026-07-29T06:20:00Z,2026-09-13T21:37:05Z,60,8.0,11.0,,,,,1018.0,25.6,26.2,,,,
2026-07-29T06:30:00Z,2026-09-13T21:37:05Z,60,8.0,10.0,,,,,1018.2,25.6,26.2,,,,
2026-07-29T06:40:00Z,2026-09-13T21:37:05Z,60,8.0,10.0,,,,,1018.2,25.5,26.2,,,,
2026-07-29T06:50:00Z,2026-09-13T21:37:05Z,60,8.0,10.0,,,,,1018.4,25.6,,,,,
2026-07-29T07:00:00Z,2026-09-13T21:37:05Z,60,8.0,10.0,,,,,1018.4,25.6,26.2,,,+1.5,
2026-07-29T07:10:00Z,2026-09-13T21:37:05Z,60,8.0,10.0,,,,,1018.4,25.6,26.2,,,,
2026-07-29T07:20:00Z,2026-09-13T21:37:05Z,60,8.0,10.0,,,,,1018.4,25.7,26.2,,,,
2026-07-29T07:30:00Z,2026-09-13T21:37:05Z,60,8.0,10.0,,,,,1018.5,25.8,26.2,,,,
2026-07-29T07:40:00Z,2026-09-13T21:37:05Z,60,8.0,10.0,,,,,1018.7,25.8,26.2,,,,
2026-07-29T07:50:00Z,2026-09-13T21:37:05Z,60,8.0,10.0,,,,,1018.7,25.8,26.2,,,,
2026-07-29T08:00:00Z,2026-09-13T21:37:05Z,60,8.0,10.0,,,,,1018.8,25.7,26.2,,,+1.7,
2026-07-29T08:10:00Z,2026-09-13T21:37:05Z,60,8.0,11.0,,,,,1018.9,25.7,26.2,,,,
2026-07-29T08:20:00Z,2026-09-13T21:37:05Z,60,8.0,10.0,,,,,1019.0,25.6,,,,,
2026-07-29T08:30:00Z,2026-09-13T21:37:05Z,50,8.0,10.0,,,,,1019.1,25.7,26.2,,,,
2026-07-29T08:40:00Z,2026-09-13T21:37:05Z,60,8.0,10.0,,,,,1019.0,25.8,26.2,,,,
2026-07-29T08:50:00Z,2026-09-13T21:37:05Z,60,7.0,10.0,,,,,1019.0,25.7,,,,,
2026-07-29T09:00:00Z,2026-09-13T21:37:05Z,60,8.0,10.0,,,,,1019.1,25.5,26.2,,,+1.2,
2026-07-29T09:10:00Z,2026-09-13T21:37:05Z,50,8.0,10.0,,,,,1019.1,25.4,26.2,,,,
2026-07-29T09:20:00Z,2026-09-13T21:37:05Z,60,8.0,11.0,,,,,1019.1,25.6,26.2,,,,
2026-07-29T09:30:00Z,2026-09-13T21:37:05Z,60,8.0,10.0,,,,,1019.0,25.5,26.2,,,,
2026-07-29T09:40:00Z,2026-09-13T21:37:05Z,60,8.0,10.0,,,,,1018.9,25.4,26.2,,,,
2026-07-29T09:50:00Z,2026-09-13T21:37:05Z,60,9.0,11.0,,,,,1018.9,25.4,26.2,,,,
2026-07-29T10:00:00Z,2026-09-13T21:37:05Z,50,8.0,10.0,,,,,1018.8,25.6,26.2,,,+0.4,
2026-07-29T10:10:00Z,2026-09-13T21:37:05Z,60,9.0,11.0,,,,,1018.6,25.5,26.1,,,,
2026-07-29T10:20:00Z,2026-09-13T21:37:05Z,60,8.0,11.0,,,,,1018.6,25.6,26.1,,,,
2026-07-29T10:30:00Z,2026-09-13T21:37:05Z,60,8.0,11.0,,,,,1018.5,25.5,26.1,,,,
2026-07-29T10:40:00Z,2026-09-13T21:37:05Z,60,8.0,11.0,,,,,1018.5,25.6,26.1,,,,
2026-07-29T10:50:00Z,2026-09-13T21:37:05Z,60,8.0,10.0,,,,,1018.3,25.6,26.1,,,,
2026-07-29T11:00:00Z,2026-09-13T21:37:05Z,60,8.0,10.0,,,,,1018.2,25.6,26.1,,,-0.6,
2026-07-29T11:10:00Z,2026-09-13T21:37:05Z,60,8.0,11.0,,,,,1018.2,25.6,,,,,
2026-07-29T11:20:00Z,2026-09-13T21:37:05Z,50,8.0,10.0,,,,,1018.1,25.6,26.1,,,,
2026-07-29T11:30:00Z,2026-09-13T21:37:05Z,60,8.0,10.0,,,,,1018.0,25.6,26.1,,,,
2026-07-29T11:40:00Z,2026-09-13T21:37:05Z,60,9.0,11.0,,,,,1017.7,25.6,26.1,,,,
2026-07-29T11:50:00Z,2026-09-13T21:37:05Z,50,9.0,11.0,,,,,1017.7,25.5,26.1,,,,
2026-07-29T12:00:00Z,2026-09-13T21:37:05Z,60,8.0,11.0,,,,,1017.7,25.5,26.1,,,-1.4,
2026-07-29T12:10:00Z,2026-09-13T21:37:05Z,60,8.0,10.0,,,,,1017.6,25.5,26.1,,,,
2026-07-29T12:20:00Z,2026-09-13T21:37:05Z,60,8.0,10.0,,,,,1017.5,25.6,26.1,,,,
2026-07-29T12:30:00Z,2026-09-13T21:37:05Z,60,8.0,10.0,,,,,1017.4,25.6,26.1,,,,
2026-07-29T12:40:00Z,2026-09-13T21:37:05Z,60,8.0,11.0,,,,,1017.4,25.6,26.1,,,,
2026-07-29T12:50:00Z,2026-09-13T21:37:05Z,50,9.0,11.0,,,,,1017.2,25.6,,,,,
2026-07-29T13:00:00Z,2026-09-13T21:37:05Z,50,9.0,11.0,,,,,1017.1,25.5,26.1,,,-1.7,
2026-07-29T13:10:00Z,2026-09-13T21:37:05Z,60,9.0,11.0,,,,,1017.2,25.6,26.1,,,,
2026-07-29T13:20:00Z,2026-09-13T21:37:05Z,60,9.0,11.0,,,,,1017.3,25.5,26.1,,,,
2026-07-29T13:30:00Z,2026-09-13T21:37:05Z,60,8.0,10.0,,,,,1017.2,25.6,26.1,,,,
2026-07-29T13:40:00Z,2026-09-13T21:37:05Z,60,8.0,10.0,,,,,1017.2,25.5,26.1,,,,
2026-07-29T13:50:00Z,2026-09-13T21:37:05Z,60,8.0,10.0,,,,,1017.2,25.5,26.1,,,,
2026-07-29T14:00:00Z,2026-09-13T21:37:05Z,50,8.0,10.0,,,,,1017.1,25.5,26.1,,,-1.1,
2026-07-29T14:10:00Z,2026-09-13T21:37:05Z,50,8.0,10.0,,,,,1017.1,25.5,26.1,,,,
2026-07-29T14:20:00Z,2026-09-13T21:37:05Z,50,8.0,10.0,,,,,1017.1,25.5,26.1,,,,
2026-07-29T14:30:00Z,2026-09-13T21:37:05Z,50,8.0,10.0,,,,,1017.2,25.5,26.1,,,,
2026-07-29T14:40:00Z,2026-09-13T21:37:05Z,50,8.0,10.0,,,,,1017.2,25.5,26.1,,,,
2026-07-29T14:50:00Z,2026-09-13T21:37:05Z,50,8.0,10.0,,,,,1017.1,25.6,26.1,,,,
2026-07-29T15:00:00Z,2026-09-13T21:37:05Z,50,8.0,11.0,,,,,1017.1,25.5,26.1,,,-0.6,
2026-07-29T15:10:00Z,2026-09-13T21:37:05Z,50,8.0,10.0,,,,,1017.1,25.4,26.1,,,,
2026-07-29T15:20:00Z,2026-09-13T21:37:05Z,50,8.0,11.0,,,,,1017.2,25.4,,,,,
2026-07-29T15:30:00Z,2026-09-13T21:37:05Z,50,8.0,10.0,,,,,1017.2,25.5,26.1,,,,
2026-07-29T15:40:00Z,2026-09-13T21:37:05Z,50,9.0,11.0,,,,,1017.2,25.4,26.1,,,,
2026-07-29T15:50:00Z,2026-09-13T21:37:05Z,50,8.0,10.0,,,,,1017.3,25.5,,,,,
2026-07-29T16:00:00Z,2026-09-13T21:37:05Z,60,8.0,10.0,,,,,1017.3,25.4,26.1,,,+0.0,
2026-07-29T16:10:00Z,2026-09-13T21:37:05Z,80,8.0,10.0,,,,,1017.4,24.9,26.1,,,,
2026-07-29T16:20:00Z,2026-09-13T21:37:05Z,60,7.0,9.0,,,,,1017.4,25.0,,,,,
2026-07-29T16:30:00Z,2026-09-13T21:37:05Z,50,8.0,9.0,,,,,1017.4,25.4,26.1,,,,
2026-07-29T16:40:00Z,2026-09-13T21:37:05Z,50,8.0,10.0,,,,,1017.4,25.4,26.1,,,,
2026-07-29T16:50:00Z,2026-09-13T21:37:05Z,50,8.0,10.0,,,,,1017.5,25.5,26.1,,,,
2026-07-29T17:00:00Z,2026-09-13T21:37:05Z,50,8.0,10.0,,,,,1017.7,25.5,26.1,,,+0.6,
2026-07-29T17:10:00Z,2026-09-13T21:37:05Z,50,9.0,13.0,,,,,1017.7,25.2,26.1,,,,
2026-07-29T17:20:00Z,2026-09-13T21:37:05Z,40,8.0,10.0,,,,,1017.8,24.6,26.1,,,,
2026-07-29T17:30:00Z,2026-09-13T21:37:05Z,50,8.0,11.0,,,,,1017.8,25.2,26.1,,,,
2026-07-29T17:40:00Z,2026-09-13T21:37:05Z,40,8.0,10.0,,,,,1017.9,25.4,26.1,,,,
2026-07-29T17:50:00Z,2026-09-13T21:37:05Z,40,8.0,10.0,,,,,1018.0,25.4,26.1,,,,
2026-07-29T18:00:00Z,2026-09-13T21:37:05Z,40,9.0,11.0,,,,,1018.0,25.3,26.1,,,+0.9,
2026-07-29T18:10:00Z,2026-09-13T21:37:05Z,50,8.0,10.0,,,,,1018.0,25.4,26.1,,,,
2026-07-29T18:20:00Z,2026-09-13T21:37:05Z,40,8.0,10.0,,,,,1018.0,25.5,26.1,,,,
2026-07-29T18:30:00Z,2026-09-13T21:37:05Z,40,8.0,11.0,,,,,1018.0,25.5,26.1,,,,
2026-07-29T18:40:00Z,2026-09-13T21:37:05Z,40,8.0,10.0,,,,,1018.1,25.6,26.1,,,,
2026-07-29T18:50:00Z,2026-09-13T21:37:05Z,40,8.0,10.0,,,,,1018.0,25.6,26.1,,,,
2026-07-29T19:00:00Z,2026-09-13T21:37:05Z,50,8.0,10.0,,,,,1018.1,25.7,26.1,,,+0.8,
2026-07-29T19:10:00Z,2026-09-13T21:37:05Z,50,9.0,10.0,,,,,1018.1,25.7,26.1,,,,
2026-07-29T19:20:00Z,2026-09-13T21:37:05Z,50,8.0,10.0,,,,,1018.2,25.8,26.1,,,,
2026-07-29T19:30:00Z,2026-09-13T21:37:05Z,50,8.0,10.0,,,,,1018.1,25.8,26.1,,,,
2026-07-29T19:40:00Z,2026-09-13T21:37:05Z,40,8.0,10.0,,,,,1018.1,25.8,26.1,,,,
2026-07-29T19:50:00Z,2026-09-13T21:37:05Z,40,8.0,10.0,,,,,1018.1,25.8,26.1,,,,
2026-07-29T20:00:00Z,2026-09-13T21:37:05Z,50,8.0,10.0,,,,,1018.0,25.8,26.1,,,+0.3,
2026-07-29T20:10:00Z,2026-09-13T21:37:05Z,50,8.0,10.0,,,,,1018.0,25.8,26.1,,,,
2026-07-29T20:20:00Z,2026-09-13T21:37:05Z,50,9.0,11.0,,,,,1018.0,25.8,26.1,,,,
2026-07-29T20:30:00Z,2026-09-13T21:37:05Z,40,8.0,11.0,,,,,1017.9,25.9,26.1,,,,
2026-07-29T20:40:00Z,2026-09-13T21:37:05Z,40,9.0,11.0,,,,,1017.9,25.8,26.1,,,,
2026-07-29T20:50:00Z,2026-09-13T21:37:05Z,40,9.0,11.0,,,,,1017.9,25.8,26.1,,,,
2026-07-29T21:00:00Z,2026-09-13T21:37:05Z,40,9.0,11.0,,,,,1017.9,25.8,26.1,,,+0.0,
2026-07-29T21:10:00Z,2026-09-13T21:37:05Z,40,9.0,11.0,,,,,1017.8,25.8,26.1,,,,
2026-07-29T21:20:00Z,2026-09-13T21:37:05Z,40,9.0,11.0,,,,,1017.8,25.8,26.1,,,,
2026-07-29T21:30:00Z,2026-09-13T21:37:05Z,40,9.0,11.0,,,,,1017.8,25.7,26.1,,,,
2026-07-29T21:40:00Z,2026-09-13T21:37:05Z,40,9.0,11.0,,,,,1017.8,25.8,26.1,,,,
2026-07-29T21:50:00Z,2026-09-13T21:37:05Z,40,9.0,11.0,,,,,1017.8,25.8,26.1,,,,
2026-07-29T22:00:00Z,2026-09-13T21:37:05Z,40,9.0,11.0,,,,,1017.6,25.8,26.2,,,-0.5,
2026-07-29T22:10:00Z,2026-09-13T21:37:05Z,40,9.0,11.0,,,,,1017.5,25.8,26.2,,,,
2026-07-29T22:20:00Z,2026-09-13T21:37:05Z,40,9.0,12.0,,,,,1017.3,25.8,26.2,,,,
2026-07-29T22:30:00Z,2026-09-13T21:37:05Z,40,9.0,11.0,,,,,1017.3,25.9,26.2,,,,
2026-07-29T22:40:00Z,2026-09-13T21:37:05Z,40,9.0,11.0,,,,,1017.1,25.8,26.2,,,,
2026-07-29T22:50:00Z,2026-09-13T21:37:05Z,40,9.0,11.0,,,,,1017.1,25.8,26.2,,,,
2026-07-29T23:00:00Z,2026-09-13T21:37:05Z,40,9.0,11.0,,,,,1017.1,25.8,26.2,,,-0.9,
2026-07-29T23:10:00Z,2026-09-13T21:37:05Z,40,9.0,12.0,,,,,1017.0,25.7,26.2,,,,
2026-07-29T23:20:00Z,2026-09-13T21:37:05Z,40,9.0,11.0,,,,,1016.8,25.8,26.2,,,,
2026-07-29T23:40:00Z,2026-09-13T21:37:05Z,40,9.0,11.0,,,,,1016.6,25.8,26.2,,,,
2026-07-29T23:50:00Z,2026-09-13T21:37:05Z,40,9.0,11.0,,,,,1016.5,25.8,26.2,,,,
2026-07-30T00:00:00Z,2026-09-13T21:37:05Z,30,9.0,12.0,,,,,1016.4,25.8,26.2,,,-1.5,
2026-07-30T00:10:00Z,2026-09-13T21:37:05Z,40,9.0,11.0,,,,,1016.3,25.8,26.2,,,,
2026-07-30T00:20:00Z,2026-09-13T21:37:05Z,40,9.0,11.0,,,,,1016.2,25.8,26.2,,,,
2026-07-30T00:30:00Z,2026-09-13T21:37:05Z,40,10.0,12.0,,,,,1016.1,25.8,26.2,,,,
2026-07-30T00:40:00Z,2026-09-13T21:37:05Z,30,9.0,11.0,,,,,1016.0,25.8,26.2,,,,
2026-07-30T00:50:00Z,2026-09-13T21:37:05Z,30,9.0,12.0,,,,,1016.0,25.8,26.2,,,,
2026-07-30T01:00:00Z,2026-09-13T21:37:05Z,30,9.0,12.0,,,,,1015.8,25.8,26.2,,,-1.8,
2026-07-30T01:10:00Z,2026-09-13T21:37:05Z,30,9.0,11.0,,,,,1015.7,25.8,26.2,,,,
2026-07-30T01:20:00Z,2026-09-13T21:37:05Z,30,10.0,12.0,,,,,1015.6,25.8,26.2,,,,
2026-07-30T01:30:00Z,2026-09-13T21:37:05Z,30,9.0,11.0,,,,,1015.6,25.8,26.2,,,,
2026-07-30T01:40:00Z,2026-09-13T21:37:05Z,30,9.0,11.0,,,,,1015.5,25.8,26.2,,,,
2026-07-30T01:50:00Z,2026-09-13T21:37:05Z,30,9.0,11.0,,,,,1015.5,25.7,26.2,,,,
2026-07-30T02:00:00Z,2026-09-13T21:37:05Z,30,9.0,10.0,,,,,1015.3,25.7,26.2,,,-1.8,
2026-07-30T02:10:00Z,2026-09-13T21:37:05Z,30,9.0,11.0,,,,,1015.2,25.7,26.2,,,,
2026-07-30T02:20:00Z,2026-09-13T21:37:05Z,30,9.0,10.0,,,,,1015.2,25.7,26.2,,,,
2026-07-30T02:30:00Z,2026-09-13T21:37:05Z,30,9.0,12.0,,,,,1015.0,25.7,26.2,,,,
2026-07-30T02:40:00Z,2026-09-13T21:37:05Z,30,9.0,11.0,,,,,1015.0,25.7,26.2,,,,
2026-07-30T02:50:00Z,2026-09-13T21:37:05Z,30,9.0,11.0,,,,,1015.0,25.5,26.3,,,,
2026-07-30T03:00:00Z,2026-09-13T21:37:05Z,30,8.0,11.0,,,,,1015.0,25.1,26.2,,,-1.4,
2026-07-30T03:10:00Z,2026-09-13T21:37:05Z,30,8.0,10.0,,,,,1015.1,25.3,26.2,,,,
2026-07-30T03:20:00Z,2026-09-13T21:37:05Z,30,8.0,9.0,,,,,1015.0,25.5,26.2,,,,
2026-07-30T03:30:00Z,2026-09-13T21:37:05Z,30,8.0,9.0,,,,,1015.0,25.5,26.2,,,,
2026-07-30T03:40:00Z,2026-09-13T21:37:05Z,40,8.0,9.0,,,,,1015.1,25.5,26.2,,,,
2026-07-30T03:50:00Z,2026-09-13T21:37:05Z,40,7.0,9.0,,,,,1015.0,25.6,26.2,,,,
2026-07-30T04:00:00Z,2026-09-13T21:37:05Z,40,8.0,10.0,,,,,1014.9,25.7,26.2,,,-0.9,
2026-07-30T04:10:00Z,2026-09-13T21:37:05Z,40,8.0,9.0,,,,,1014.9,25.8,26.2,,,,
2026-07-30T04:20:00Z,2026-09-13T21:37:05Z,40,8.0,10.0,,,,,1014.9,25.8,26.2,,,,
2026-07-30T04:30:00Z,2026-09-13T21:37:05Z,40,8.0,10.0,,,,,1014.9,25.8,26.2,,,,
2026-07-30T04:40:00Z,2026-09-13T21:37:05Z,40,7.0,9.0,,,,,1014.9,25.9,26.2,,,,
2026-07-30T04:50:00Z,2026-09-13T21:37:05Z,30,7.0,9.0,,,,,1015.0,25.8,26.2,,,,
2026-07-30T05:00:00Z,2026-09-13T21:37:05Z,40,7.0,9.0,,,,,1015.0,25.9,26.2,,,-0.3,
2026-07-30T05:10:00Z,2026-09-13T21:37:05Z,30,7.0,9.0,,,,,1015.3,25.8,26.2,,,,
2026-07-30T05:20:00Z,2026-09-13T21:37:05Z,40,7.0,9.0,,,,,1015.3,25.9,26.2,,,,
2026-07-30T05:30:00Z,2026-09-13T21:37:05Z,30,7.0,9.0,,,,,1015.4,25.8,26.2,,,,
2026-07-30T05:40:00Z,2026-09-13T21:37:05Z,40,7.0,9.0,,,,,1015.5,25.8,26.2,,,,
2026-07-30T05:50:00Z,2026-09-13T21:37:05Z,40,7.0,8.0,,,,,1015.6,25.8,,,,,
2026-07-30T06:00:00Z,2026-09-13T21:37:05Z,40,6.0,8.0,,,,,1015.7,25.9,26.2,,,+0.7,
2026-07-30T06:10:00Z,2026-09-13T21:37:05Z,30,7.0,9.0,,,,,1015.8,25.9,26.2,,,,
2026-07-30T06:20:00Z,2026-09-13T21:37:05Z,30,7.0,9.0,,,,,1016.0,25.9,26.2,,,,
2026-07-30T06:30:00Z,2026-09-13T21:37:05Z,40,7.0,9.0,,,,,1016.0,25.9,26.2,,,,
2026-07-30T06:40:00Z,2026-09-13T21:37:05Z,40,7.0,9.0,,,,,1016.1,25.9,26.2,,,,
2026-07-30T06:50:00Z,2026-09-13T21:37:05Z,40,7.0,9.0,,,,,1016.1,26.0,26.2,,,,
2026-07-30T07:00:00Z,2026-09-13T21:37:05Z,40,7.0,9.0,,,,,1016.1,26.0,26.2,,,+1.2,
2026-07-30T07:10:00Z,2026-09-13T21:37:05Z,30,7.0,8.0,,,,,1016.2,25.9,26.2,,,,
2026-07-30T07:20:00Z,2026-09-13T21:37:05Z,30,6.0,7.0,,,,,1016.3,25.9,26.2,,,,
2026-07-30T07:30:00Z,2026-09-13T21:37:05Z,30,5.0,6.0,,,,,1016.3,25.8,26.2,,,,
2026-07-30T07:40:00Z,2026-09-13T21:37:05Z,20,5.0,7.0,,,,,1016.3,25.8,26.2,,,,
2026-07-30T07:50:00Z,2026-09-13T21:37:05Z,20,5.0,6.0,,,,,1016.5,25.6,26.2,,,,
2026-07-30T08:00:00Z,2026-09-13T21:37:05Z,20,4.0,6.0,,,,,1016.5,25.7,26.2,,,+1.5,
2026-07-30T08:10:00Z,2026-09-13T21:37:05Z,20,4.0,6.0,,,,,1016.6,25.7,26.2,,,,
2026-07-30T08:20:00Z,2026-09-13T21:37:05Z,30,5.0,6.0,,,,,1016.6,25.8,26.2,,,,
2026-07-30T08:30:00Z,2026-09-13T21:37:05Z,20,5.0,6.0,,,,,1016.5,25.9,26.2,,,,
2026-07-30T08:40:00Z,2026-09-13T21:37:05Z,30,6.0,7.0,,,,,1016.5,25.8,26.2,,,,
2026-07-30T08:50:00Z,2026-09-13T21:37:05Z,30,6.0,7.0,,,,,1016.4,25.9,26.2,,,,
2026-07-30T09:00:00Z,2026-09-13T21:37:05Z,30,6.0,7.0,,,,,1016.3,25.9,26.2,,,+0.6,
2026-07-30T09:10:00Z,2026-09-13T21:37:05Z,30,6.0,8.0,,,,,1016.2,25.9,26.2,,,,
2026-07-30T09:20:00Z,2026-09-13T21:37:05Z,30,6.0,7.0,,,,,1016.1,25.8,26.2,,,,
2026-07-30T09:30:00Z,2026-09-13T21:37:05Z,20,6.0,8.0,,,,,1016.1,25.8,,,,,
2026-07-30T09:40:00Z,2026-09-13T21:37:05Z,20,6.0,8.0,,,,,1016.0,25.8,26.2,,,,
2026-07-30T09:50:00Z,2026-09-13T21:37:05Z,20,6.0,8.0,,,,,1016.0,25.9,26.2,,,,
2026-07-30T10:00:00Z,2026-09-13T21:37:05Z,20,6.0,8.0,,,,,1016.0,25.9,26.2,,,+0.0,
2026-07-30T10:10:00Z,2026-09-13T21:37:05Z,20,6.0,8.0,,,,,1016.0,25.9,26.2,,,,
2026-07-30T10:20:00Z,2026-09-13T21:37:05Z,30,7.0,9.0,,,,,1016.0,25.8,26.2,,,,
2026-07-30T10:30:00Z,2026-09-13T21:37:05Z,30,6.0,8.0,,,,,1015.8,25.8,26.2,,,,
2026-07-30T10:40:00Z,2026-09-13T21:37:05Z,20,6.0,8.0,,,,,1015.8,25.8,26.2,,,,
2026-07-30T10:50:00Z,2026-09-13T21:37:05Z,20,6.0,7.0,,,,,1015.7,25.9,26.2,,,,
2026-07-30T11:00:00Z,2026-09-13T21:37:05Z,20,6.0,8.0,,,,,1015.6,25.7,26.2,,,-0.9,
2026-07-30T11:10:00Z,2026-09-13T21:37:05Z,10,7.0,9.0,,,,,1015.4,25.3,26.2,,,,
2026-07-30T11:20:00Z,2026-09-13T21:37:05Z,10,6.0,8.0,,,,,1015.4,25.0,26.2,,,,
2026-07-30T11:30:00Z,2026-09-13T21:37:05Z,10,6.0,8.0,,,,,1015.2,25.2,26.2,,,,
2026-07-30T11:40:00Z,2026-09-13T21:37:05Z,20,6.0,8.0,,,,,1015.1,25.0,26.2,,,,
2026-07-30T11:50:00Z,2026-09-13T21:37:05Z,20,5.0,6.0,,,,,1014.9,25.2,26.2,,,,
2026-07-30T12:00:00Z,2026-09-13T21:37:05Z,30,6.0,7.0,,,,,1014.9,25.4,26.2,,,-1.4,
2026-07-30T12:10:00Z,2026-09-13T21:37:05Z,30,6.0,7.0,,,,,1014.8,25.6,26.2,,,,
2026-07-30T12:20:00Z,2026-09-13T21:37:05Z,30,6.0,8.0,,,,,1014.7,25.7,26.2,,,,
2026-07-30T12:30:00Z,2026-09-13T21:37:05Z,20,6.0,7.0,,,,,1014.6,25.7,26.2,,,,
2026-07-30T12:40:00Z,2026-09-13T21:37:05Z,20,6.0,8.0,,,,,1014.5,25.8,26.2,,,,
2026-07-30T12:50:00Z,2026-09-13T21:37:05Z,20,6.0,7.0,,,,,1014.4,25.7,26.2,,,,
2026-07-30T13:00:00Z,2026-09-13T21:37:05Z,20,6.0,7.0,,,,,1014.3,25.8,26.2,,,-1.7,
2026-07-30T13:10:00Z,2026-09-13T21:37:05Z,10,6.0,8.0,,,,,1014.3,25.8,26.2,,,,
2026-07-30T13:20:00Z,2026-09-13T21:37:05Z,10,6.0,8.0,,,,,1014.3,25.8,26.2,,,,
2026-07-30T13:30:00Z,2026-09-13T21:37:05Z,10,6.0,7.0,,,,,1014.1,25.8,26.2,,,,
2026-07-30T13:40:00Z,2026-09-13T21:37:05Z,10,6.0,7.0,,,,,1014.1,25.8,26.2,,,,
2026-07-30T13:50:00Z,2026-09-13T21:37:05Z,10,6.0,7.0,,,,,1014.0,25.8,26.2,,,,
2026-07-30T14:00:00Z,2026-09-13T21:37:05Z,10,6.0,7.0,,,,,1013.9,25.8,26.2,,,-1.7,
2026-07-30T14:10:00Z,2026-09-13T21:37:05Z,10,6.0,7.0,,,,,1013.8,25.8,26.2,,,,
2026-07-30T14:20:00Z,2026-09-13T21:37:05Z,10,6.0,7.0,,,,,1013.8,25.8,26.2,,,,
2026-07-30T14:30:00Z,2026-09-13T21:37:05Z,10,6.0,9.0,,,,,1013.8,25.8,26.2,,,,
2026-07-30T14:40:00Z,2026-09-13T21:37:05Z,10,6.0,8.0,,,,,1013.7,25.5,26.2,,,,
2026-07-30T14:50:00Z,2026-09-13T21:37:05Z,10,6.0,8.0,,,,,1013.8,25.5,26.2,,,,
2026-07-30T15:00:00Z,2026-09-13T21:37:05Z,10,6.0,7.0,,,,,1013.8,25.6,26.2,,,-1.1,
2026-07-30T15:10:00Z,2026-09-13T21:37:05Z,360,6.0,7.0,,,,,1013.7,25.5,26.2,,,,
2026-07-30T15:20:00Z,2026-09-13T21:37:05Z,360,6.0,7.0,,,,,1013.6,25.6,,,,,
2026-07-30T15:30:00Z,2026-09-13T21:37:05Z,360,6.0,7.0,,,,,1013.7,25.6,26.2,,,,
2026-07-30T15:40:00Z,2026-09-13T21:37:05Z,360,5.0,7.0,,,,,1013.7,25.6,26.2,,,,
2026-07-30T15:50:00Z,2026-09-13T21:37:05Z,360,5.0,7.0,,,,,1013.8,25.6,26.2,,,,
2026-07-30T16:00:00Z,2026-09-13T21:37:05Z,360,5.0,7.0,,,,,1014.0,25.6,26.2,,,-0.3,
2026-07-30T16:10:00Z,2026-09-13T21:37:05Z,360,5.0,7.0,,,,,1014.1,25.6,26.2,,,,
2026-07-30T16:20:00Z,2026-09-13T21:37:05Z,350,5.0,8.0,,,,,1014.3,25.5,26.2,,,,
2026-07-30T16:30:00Z,2026-09-13T21:37:05Z,360,5.0,6.0,,,,,1014.3,25.6,26.2,,,,
2026-07-30T16:40:00Z,2026-09-13T21:37:05Z,360,5.0,7.0,,,,,1014.4,25.5,26.2,,,,
2026-07-30T16:50:00Z,2026-09-13T21:37:05Z,350,5.0,6.0,,,,,1014.4,25.5,26.2,,,,
2026-07-30T17:00:00Z,2026-09-13T21:37:05Z,350,4.0,5.0,,,,,1014.4,25.5,26.2,,,+0.5,
2026-07-30T17:10:00Z,2026-09-13T21:37:05Z,360,4.0,6.0,,,,,1014.4,25.4,26.2,,,,
2026-07-30T17:20:00Z,2026-09-13T21:37:05Z,320,5.0,7.0,,,,,1014.5,25.1,26.2,,,,
2026-07-30T17:30:00Z,2026-09-13T21:37:05Z,310,4.0,5.0,,,,,1014.6,25.0,26.2,,,,
2026-07-30T17:40:00Z,2026-09-13T21:37:05Z,310,3.0,5.0,,,,,1014.6,25.1,26.2,,,,
2026-07-30T17:50:00Z,2026-09-13T21:37:05Z,310,2.0,4.0,,,,,1014.6,25.2,26.2,,,,
2026-07-30T18:00:00Z,2026-09-13T21:37:05Z,330,3.0,5.0,,,,,1014.7,25.2,26.2,,,+0.9,
2026-07-30T18:10:00Z,2026-09-13T21:37:05Z,320,3.0,4.0,,,,,1014.8,25.5,26.2,,,,
2026-07-30T18:20:00Z,2026-09-13T21:37:05Z,310,2.0,4.0,,,,,1014.7,25.6,,,,,
2026-07-30T18:30:00Z,2026-09-13T21:37:05Z,290,2.0,4.0,,,,,1014.6,25.8,26.3,,,,
2026-07-30T18:40:00Z,2026-09-13T21:37:05Z,260,2.0,4.0,,,,,1014.7,25.9,26.3,,,,
2026-07-30T18:50:00Z,2026-09-13T21:37:05Z,250,2.0,5.0,,,,,1014.8,25.9,26.3,,,,
2026-07-30T19:00:00Z,2026-09-13T21:37:05Z,250,3.0,5.0,,,,,1014.7,25.9,26.3,,,+0.7,
2026-07-30T19:10:00Z,2026-09-13T21:37:05Z,250,3.0,5.0,,,,,1014.6,25.9,26.3,,,,
2026-07-30T19:20:00Z,2026-09-13T21:37:05Z,240,3.0,6.0,,,,,1014.7,26.0,26.3,,,,
2026-07-30T19:30:00Z,2026-09-13T21:37:05Z,240,3.0,5.0,,,,,1014.7,26.0,26.3,,,,
2026-07-30T19:40:00Z,2026-09-13T21:37:05Z,230,3.0,5.0,,,,,1014.7,26.0,26.3,,,,
2026-07-30T19:50:00Z,2026-09-13T21:37:05Z,230,4.0,6.0,,,,,1014.5,26.0,26.4,,,,
2026-07-30T20:00:00Z,2026-09-13T21:37:05Z,230,4.0,5.0,,,,,1014.6,26.0,26.4,,,+0.0,
2026-07-30T20:10:00Z,2026-09-13T21:37:05Z,230,4.0,6.0,,,,,1014.6,26.0,26.5,,,,
2026-07-30T20:20:00Z,2026-09-13T21:37:05Z,240,4.0,6.0,,,,,1014.7,26.0,26.5,,,,
2026-07-30T20:30:00Z,2026-09-13T21:37:05Z,240,4.0,6.0,,,,,1014.8,26.1,26.5,,,,
2026-07-30T20:40:00Z,2026-09-13T21:37:05Z,240,4.0,6.0,,,,,1014.9,26.1,26.5,,,,
2026-07-30T20:50:00Z,2026-09-13T21:37:05Z,240,4.0,6.0,,,,,1014.9,26.1,26.5,,,,
2026-07-30T21:00:00Z,2026-09-13T21:37:05Z,240,4.0,6.0,,,,,1014.9,26.2,26.5,,,-0.0,
2026-07-30T21:10:00Z,2026-09-13T21:37:05Z,230,4.0,6.0,,,,,1015.1,26.1,26.6,,,,
2026-07-30T21:20:00Z,2026-09-13T21:37:05Z,230,4.0,6.0,,,,,1015.1,26.2,26.6,,,,
2026-07-30T21:30:00Z,2026-09-13T21:37:05Z,230,4.0,6.0,,,,,1015.1,26.1,26.6,,,,
2026-07-30T21:40:00Z,2026-09-13T21:37:05Z,220,4.0,6.0,,,,,1015.1,26.2,26.6,,,,
2026-07-30T21:50:00Z,2026-09-13T21:37:05Z,210,4.0,6.0,,,,,1015.3,26.2,26.6,,,,
2026-07-30T22:00:00Z,2026-09-13T21:37:05Z,210,4.0,5.0,,,,,1015.3,26.2,26.6,,,+0.6,
2026-07-30T22:10:00Z,2026-09-13T21:37:05Z,200,4.0,5.0,,,,,1015.4,26.3,26.6,,,,
2026-07-30T22:20:00Z,2026-09-13T21:37:05Z,200,4.0,5.0,,,,,1015.3,26.3,26.6,,,,
2026-07-30T22:30:00Z,2026-09-13T21:37:05Z,200,4.0,6.0,,,,,1015.3,26.3,26.7,,,,
2026-07-30T22:40:00Z,2026-09-13T21:37:05Z,190,4.0,6.0,,,,,1015.2,26.3,26.6,,,,
2026-07-30T22:50:00Z,2026-09-13T21:37:05Z,190,5.0,7.0,,,,,1015.2,26.3,26.7,,,,
2026-07-30T23:00:00Z,2026-09-13T21:37:05Z,190,4.0,6.0,,,,,1015.2,26.1,26.7,,,+0.6,
2026-07-30T23:10:00Z,2026-09-13T21:37:05Z,190,5.0,7.0,,,,,1014.9,26.3,26.7,,,,
2026-07-30T23:20:00Z,2026-09-13T21:37:05Z,180,5.0,6.0,,,,,1014.8,26.3,26.7,,,,
2026-07-30T23:40:00Z,2026-09-13T21:37:05Z,190,5.0,6.0,,,,,1014.8,26.2,26.7,,,,
2026-07-30T23:50:00Z,2026-09-13T21:37:05Z,180,5.0,6.0,,,,,1014.9,26.3,26.8,,,,
2026-07-31T00:00:00Z,2026-09-13T21:37:05Z,180,5.0,7.0,,,,,1014.8,26.3,26.8,,,+0.0,
2026-07-31T00:10:00Z,2026-09-13T21:37:05Z,180,5.0,7.0,,,,,1014.7,26.4,26.8,,,,
2026-07-31T00:20:00Z,2026-09-13T21:37:05Z,180,5.0,7.0,,,,,1014.7,26.4,26.8,,,,
2026-07-31T00:30:00Z,2026-09-13T21:37:05Z,170,5.0,7.0,,,,,1014.7,26.4,26.9,,,,
2026-07-31T00:40:00Z,2026-09-13T21:37:05Z,170,5.0,7.0,,,,,1014.8,26.4,26.9,,,,
2026-07-31T00:50:00Z,2026-09-13T21:37:05Z,170,5.0,7.0,,,,,1014.9,26.4,26.8,,,,
2026-07-31T01:00:00Z,2026-09-13T21:37:05Z,170,5.0,7.0,,,,,1014.9,26.5,26.9,,,-0.4,
2026-07-31T01:10:00Z,2026-09-13T21:37:05Z,170,5.0,6.0,,,,,1014.9,26.5,26.9,,,,
2026-07-31T01:20:00Z,2026-09-13T21:37:05Z,170,5.0,6.0,,,,,1015.0,26.5,,,,,
2026-07-31T01:30:00Z,2026-09-13T21:37:05Z,170,5.0,7.0,,,,,1014.8,26.6,26.8,,,,
2026-07-31T01:40:00Z,2026-09-13T21:37:05Z,160,6.0,7.0,,,,,1014.7,26.4,26.8,,,,
2026-07-31T01:50:00Z,2026-09-13T21:37:05Z,160,5.0,7.0,,,,,1014.7,26.3,26.9,,,,
2026-07-31T02:00:00Z,2026-09-13T21:37:05Z,160,5.0,7.0,,,,,1014.8,26.4,26.9,,,-0.4,
2026-07-31T02:10:00Z,2026-09-13T21:37:05Z,160,5.0,7.0,,,,,1014.9,26.5,26.8,,,,
2026-07-31T02:20:00Z,2026-09-13T21:37:05Z,140,6.0,8.0,,,,,1014.9,26.3,26.9,,,,
2026-07-31T02:30:00Z,2026-09-13T21:37:05Z,150,5.0,6.0,,,,,1015.0,26.0,26.9,,,,
2026-07-31T02:40:00Z,2026-09-13T21:37:05Z,150,5.0,7.0,,,,,1015.0,26.2,26.8,,,,
2026-07-31T02:50:00Z,2026-09-13T21:37:05Z,150,6.0,7.0,,,,,1015.0,26.3,26.8,,,,
2026-07-31T03:00:00Z,2026-09-13T21:37:05Z,150,6.0,7.0,,,,,1015.0,26.3,26.8,,,+0.0,
2026-07-31T03:10:00Z,2026-09-13T21:37:05Z,150,6.0,7.0,,,,,1015.1,26.4,26.8,,,,
2026-07-31T03:20:00Z,2026-09-13T21:37:05Z,150,6.0,7.0,,,,,1015.2,26.3,26.8,,,,
2026-07-31T03:30:00Z,2026-09-13T21:37:05Z,140,6.0,8.0,,,,,1015.2,26.3,26.8,,,,
2026-07-31T03:40:00Z,2026-09-13T21:37:05Z,140,6.0,7.0,,,,,1015.3,26.0,26.8,,,,
2026-07-31T03:50:00Z,2026-09-13T21:37:05Z,140,6.0,7.0,,,,,1015.4,,26.8,,,,
2026-07-31T04:00:00Z,2026-09-13T21:37:05Z,150,6.0,7.0,,,,,1015.4,26.2,26.8,,,+0.5,
2026-07-31T04:10:00Z,2026-09-13T21:37:05Z,140,6.0,8.0,,,,,1015.4,26.3,26.8,,,,
2026-07-31T04:20:00Z,2026-09-13T21:37:05Z,140,6.0,8.0,,,,,1015.5,26.3,26.8,,,,
2026-07-31T04:30:00Z,2026-09-13T21:37:05Z,140,7.0,8.0,,,,,1015.6,26.3,26.8,,,,
2026-07-31T04:40:00Z,2026-09-13T21:37:05Z,130,7.0,9.0,,,,,1015.6,26.3,26.8,,,,
2026-07-31T04:50:00Z,2026-09-13T21:37:05Z,130,7.0,8.0,,,,,1015.9,26.3,26.8,,,,
2026-07-31T05:00:00Z,2026-09-13T21:37:05Z,130,7.0,8.0,,,,,1016.0,26.3,26.7,,,+1.2,
2026-07-31T05:10:00Z,2026-09-13T21:37:05Z,130,7.0,9.0,,,,,1015.9,26.2,26.7,,,,
2026-07-31T05:20:00Z,2026-09-13T21:37:05Z,130,7.0,9.0,,,,,1016.1,26.3,26.7,,,,
2026-07-31T05:30:00Z,2026-09-13T21:37:05Z,130,7.0,9.0,,,,,1016.2,26.3,26.7,,,,
2026-07-31T05:40:00Z,2026-09-13T21:37:05Z,130,7.0,9.0,,,,,1016.2,26.3,26.7,,,,
2026-07-31T05:50:00Z,2026-09-13T21:37:05Z,130,7.0,9.0,,,,,1016.2,26.3,26.7,,,,
2026-07-31T06:00:00Z,2026-09-13T21:37:05Z,130,7.0,8.0,,,,,1016.3,26.3,26.7,,,+1.3,
2026-07-31T06:10:00Z,2026-09-13T21:37:05Z,140,7.0,8.0,,,,,1016.3,26.3,26.7,,,,
2026-07-31T06:20:00Z,2026-09-13T21:37:05Z,140,7.0,8.0,,,,,1016.5,26.3,26.6,,,,
2026-07-31T06:30:00Z,2026-09-13T21:37:05Z,130,7.0,9.0,,,,,1016.7,26.3,26.6,,,,
2026-07-31T06:40:00Z,2026-09-13T21:37:05Z,130,7.0,8.0,,,,,1016.8,26.4,26.6,,,,
2026-07-31T06:50:00Z,2026-09-13T21:37:05Z,130,6.0,8.0,,,,,1016.9,26.4,26.6,,,,
2026-07-31T07:00:00Z,2026-09-13T21:37:05Z,130,6.0,8.0,,,,,1017.1,26.4,26.6,,,+1.7,
2026-07-31T07:10:00Z,2026-09-13T21:37:05Z,130,6.0,8.0,,,,,1017.2,26.4,26.6,,,,
2026-07-31T07:20:00Z,2026-09-13T21:37:05Z,130,6.0,8.0,,,,,1017.3,26.5,26.6,,,,
2026-07-31T07:30:00Z,2026-09-13T21:37:05Z,130,6.0,8.0,,,,,1017.6,26.5,26.6,,,,
2026-07-31T07:40:00Z,2026-09-13T21:37:05Z,130,6.0,8.0,,,,,1017.7,26.5,26.6,,,,
2026-07-31T07:50:00Z,2026-09-13T21:37:05Z,130,6.0,7.0,,,,,1017.9,26.5,26.6,,,,
2026-07-31T08:00:00Z,2026-09-13T21:37:05Z,130,6.0,7.0,,,,,1018.0,26.5,26.6,,,+2.0,
2026-07-31T08:10:00Z,2026-09-13T21:37:05Z,130,6.0,8.0,,,,,1018.1,26.5,26.6,,,,
2026-07-31T08:20:00Z,2026-09-13T21:37:05Z,130,6.0,7.0,,,,,1018.2,26.5,26.6,,,,
2026-07-31T08:30:00Z,2026-09-13T21:37:05Z,130,6.0,8.0,,,,,1018.3,26.5,26.6,,,,
2026-07-31T08:40:00Z,2026-09-13T21:37:05Z,140,6.0,8.0,,,,,1018.2,26.5,26.6,,,,
2026-07-31T08:50:00Z,2026-09-13T21:37:05Z,140,5.0,7.0,,,,,1018.3,26.5,26.6,,,,
2026-07-31T09:00:00Z,2026-09-13T21:37:05Z,140,5.0,7.0,,,,,1018.3,26.4,26.6,,,+2.0,
2026-07-31T09:10:00Z,2026-09-13T21:37:05Z,140,5.0,6.0,,,,,1018.3,26.4,26.6,,,,
2026-07-31T09:20:00Z,2026-09-13T21:37:05Z,140,5.0,7.0,,,,,1018.3,26.4,26.6,,,,
2026-07-31T09:30:00Z,2026-09-13T21:37:05Z,140,5.0,6.0,,,,,1018.2,26.4,26.6,,,,
2026-07-31T09:40:00Z,2026-09-13T21:37:05Z,140,5.0,6.0,,,,,1018.2,26.4,26.6,,,,
2026-07-31T09:50:00Z,2026-09-13T21:37:05Z,140,5.0,7.0,,,,,1018.1,26.4,26.6,,,,
2026-07-31T10:00:00Z,2026-09-13T21:37:05Z,130,7.0,10.0,,,,,1018.0,26.5,26.6,,,+0.9,
2026-07-31T10:10:00Z,2026-09-13T21:37:05Z,130,8.0,10.0,,,,,1018.0,26.5,26.6,,,,
2026-07-31T10:20:00Z,2026-09-13T21:37:05Z,120,7.0,10.0,,,,,1017.9,26.5,,,,,
2026-07-31T10:30:00Z,2026-09-13T21:37:05Z,120,8.0,10.0,,,,,1017.9,26.4,,,,,
2026-07-31T10:40:00Z,2026-09-13T21:37:05Z,130,7.0,9.0,,,,,1018.0,26.4,26.6,,,,
2026-07-31T10:50:00Z,2026-09-13T21:37:05Z,120,7.0,9.0,,,,,1017.9,26.4,26.6,,,,
2026-07-31T11:00:00Z,2026-09-13T21:37:05Z,120,7.0,9.0,,,,,1018.0,26.4,26.6,,,+0.0,
2026-07-31T11:10:00Z,2026-09-13T21:37:05Z,120,8.0,9.0,,,,,1017.9,26.4,26.6,,,,
2026-07-31T11:20:00Z,2026-09-13T21:37:05Z,120,8.0,9.0,,,,,1017.9,26.3,26.6,,,,
2026-07-31T11:30:00Z,2026-09-13T21:37:05Z,120,8.0,10.0,,,,,1017.8,26.3,26.5,,,,
2026-07-31T11:40:00Z,2026-09-13T21:37:05Z,120,7.0,9.0,,,,,1017.9,26.3,26.5,,,,
2026-07-31T11:50:00Z,2026-09-13T21:37:05Z,120,7.0,9.0,,,,,1018.0,26.3,26.5,,,,
2026-07-31T12:00:00Z,2026-09-13T21:37:05Z,120,7.0,9.0,,,,,1017.9,26.3,26.5,,,-0.4,
2026-07-31T12:10:00Z,2026-09-13T21:37:05Z,120,7.0,8.0,,,,,1018.0,26.3,26.5,,,,
2026-07-31T12:20:00Z,2026-09-13T21:37:05Z,110,7.0,8.0,,,,,1018.0,26.3,26.5,,,,
2026-07-31T12:30:00Z,2026-09-13T21:37:05Z,110,7.0,9.0,,,,,1017.9,26.3,26.5,,,,
2026-07-31T12:40:00Z,2026-09-13T21:37:05Z,110,7.0,9.0,,,,,1018.0,26.3,26.5,,,,
2026-07-31T12:50:00Z,2026-09-13T21:37:05Z,120,7.0,8.0,,,,,1017.8,26.3,26.5,,,,
2026-07-31T13:00:00Z,2026-09-13T21:37:05Z,110,7.0,9.0,,,,,1017.7,26.2,26.5,,,-0.3,
2026-07-31T13:10:00Z,2026-09-13T21:37:05Z,110,7.0,9.0,,,,,1017.8,26.3,26.5,,,,
2026-07-31T13:20:00Z,2026-09-13T21:37:05Z,120,7.0,9.0,,,,,1017.9,26.2,26.5,,,,
2026-07-31T13:30:00Z,2026-09-13T21:37:05Z,110,7.0,9.0,,,,,1018.0,26.2,26.5,,,,
2026-07-31T13:40:00Z,2026-09-13T21:37:05Z,120,8.0,10.0,,,,,1018.0,26.2,26.5,,,,
2026-07-31T13:50:00Z,2026-09-13T21:37:05Z,120,7.0,9.0,,,,,1018.0,26.2,26.5,,,,
2026-07-31T14:00:00Z,2026-09-13T21:37:05Z,110,7.0,9.0,,,,,1017.9,26.2,26.5,,,+0.0,
2026-07-31T14:10:00Z,2026-09-13T21:37:05Z,110,7.0,9.0,,,,,1017.8,26.2,26.5,,,,
2026-07-31T14:20:00Z,2026-09-13T21:37:05Z,110,7.0,9.0,,,,,1017.8,26.1,26.5,,,,
2026-07-31T14:30:00Z,2026-09-13T21:37:05Z,110,8.0,10.0,,,,,1017.7,26.1,26.5,,,,
2026-07-31T14:40:00Z,2026-09-13T21:37:05Z,110,8.0,10.0,,,,,1017.6,26.1,26.5,,,,
2026-07-31T14:50:00Z,2026-09-13T21:37:05Z,110,8.0,10.0,,,,,1017.7,26.2,26.5,,,,
2026-07-31T15:00:00Z,2026-09-13T21:37:05Z,110,8.0,10.0,,,,,1017.9,26.1,26.5,,,+0.0,
2026-07-31T15:10:00Z,2026-09-13T21:37:05Z,110,7.0,10.0,,,,,1017.9,26.2,26.5,,,,
2026-07-31T15:20:00Z,2026-09-13T21:37:05Z,110,8.0,10.0,,,,,1018.0,26.2,26.5,,,,
2026-07-31T15:30:00Z,2026-09-13T21:37:05Z,110,8.0,10.0,,,,,1018.0,26.1,26.5,,,,
2026-07-31T15:40:00Z,2026-09-13T21:37:05Z,100,8.0,9.0,,,,,1018.2,26.2,26.5,,,,
2026-07-31T15:50:00Z,2026-09-13T21:37:05Z,100,7.0,9.0,,,,,1018.2,26.2,26.5,,,,
2026-07-31T16:00:00Z,2026-09-13T21:37:05Z,100,7.0,8.0,,,,,1018.4,26.2,26.5,,,+0.7,
2026-07-31T16:10:00Z,2026-09-13T21:37:05Z,100,7.0,9.0,,,,,1018.6,26.2,26.5,,,,
2026-07-31T16:20:00Z,2026-09-13T21:37:05Z,100,7.0,9.0,,,,,1018.7,26.2,26.5,,,,
2026-07-31T16:30:00Z,2026-09-13T21:37:05Z,100,7.0,9.0,,,,,1018.9,26.2,,,,,
2026-07-31T16:40:00Z,2026-09-13T21:37:05Z,100,7.0,9.0,,,,,1018.9,26.2,26.5,,,,
2026-07-31T16:50:00Z,2026-09-13T21:37:05Z,100,7.0,9.0,,,,,1019.1,26.2,26.5,,,,
2026-07-31T17:00:00Z,2026-09-13T21:37:05Z,100,7.0,9.0,,,,,1019.2,26.2,26.5,,,+1.3,
2026-07-31T17:10:00Z,2026-09-13T21:37:05Z,100,7.0,9.0,,,,,1019.3,26.2,26.5,,,,
2026-07-31T17:20:00Z,2026-09-13T21:37:05Z,100,7.0,9.0,,,,,1019.3,26.2,26.5,,,,
2026-07-31T17:30:00Z,2026-09-13T21:37:05Z,100,7.0,9.0,,,,,1019.4,26.3,26.5,,,,
2026-07-31T17:40:00Z,2026-09-13T21:37:05Z,100,7.0,9.0,,,,,1019.4,26.3,26.5,,,,
2026-07-31T17:50:00Z,2026-09-13T21:37:05Z,100,7.0,8.0,,,,,1019.4,26.3,26.5,,,,
2026-07-31T18:00:00Z,2026-09-13T21:37:05Z,100,6.0,8.0,,,,,1019.5,26.3,26.5,,,+1.6,
2026-07-31T18:10:00Z,2026-09-13T21:37:05Z,100,7.0,9.0,,,,,1019.4,26.3,26.5,,,,
2026-07-31T18:20:00Z,2026-09-13T21:37:05Z,110,7.0,8.0,,,,,1019.5,26.3,26.5,,,,
2026-07-31T18:30:00Z,2026-09-13T21:37:05Z,100,6.0,8.0,,,,,1019.5,26.3,26.5,,,,
2026-07-31T18:40:00Z,2026-09-13T21:37:05Z,100,7.0,8.0,,,,,1019.6,26.2,26.5,,,,
2026-07-31T18:50:00Z,2026-09-13T21:37:05Z,100,6.0,8.0,,,,,1019.6,26.2,26.5,,,,
2026-07-31T19:00:00Z,2026-09-13T21:37:05Z,110,6.0,8.0,,,,,1019.6,26.2,26.5,,,+1.2,
2026-07-31T19:10:00Z,2026-09-13T21:37:05Z,110,7.0,8.0,,,,,1019.6,26.3,26.5,,,,
2026-07-31T19:20:00Z,2026-09-13T21:37:05Z,110,7.0,9.0,,,,,1019.7,26.3,26.5,,,,
2026-07-31T19:30:00Z,2026-09-13T21:37:05Z,100,7.0,9.0,,,,,1019.8,26.4,26.5,,,,
2026-07-31T19:40:00Z,2026-09-13T21:37:05Z,100,7.0,9.0,,,,,1019.9,26.4,26.5,,,,
2026-07-31T19:50:00Z,2026-09-13T21:37:05Z,110,7.0,9.0,,,,,1019.9,26.4,26.5,,,,
2026-07-31T20:00:00Z,2026-09-13T21:37:05Z,110,7.0,9.0,,,,,1020.0,26.4,26.5,,,+0.8,
2026-07-31T20:10:00Z,2026-09-13T21:37:05Z,100,7.0,9.0,,,,,1019.9,26.3,26.5,,,,
2026-07-31T20:20:00Z,2026-09-13T21:37:05Z,100,7.0,9.0,,,,,1019.9,26.3,26.5,,,,
2026-07-31T20:30:00Z,2026-09-13T21:37:05Z,100,8.0,9.0,,,,,1019.9,26.3,26.5,,,,
2026-07-31T20:40:00Z,2026-09-13T21:37:05Z,100,7.0,9.0,,,,,1020.0,26.3,26.5,,,,
2026-07-31T20:50:00Z,2026-09-13T21:37:05Z,100,7.0,8.0,,,,,1020.1,26.3,26.5,,,,
2026-07-31T21:00:00Z,2026-09-13T21:37:05Z,110,8.0,9.0,,,,,1020.1,26.3,26.5,,,+0.6,
2026-07-31T21:10:00Z,2026-09-13T21:37:05Z,100,8.0,10.0,,,,,1019.9,26.3,26.5,,,,
2026-07-31T21:20:00Z,2026-09-13T21:37:05Z,110,8.0,10.0,,,,,1019.9,26.4,26.5,,,,
2026-07-31T21:30:00Z,2026-09-13T21:37:05Z,100,8.0,10.0,,,,,1019.9,26.4,26.5,,,,
2026-07-31T21:40:00Z,2026-09-13T21:37:05Z,100,7.0,9.0,,,,,1019.8,26.4,26.5,,,,
2026-07-31T21:50:00Z,2026-09-13T21:37:05Z,100,8.0,10.0,,,,,1019.7,26.4,26.5,,,,
2026-07-31T22:00:00Z,2026-09-13T21:37:05Z,100,7.0,9.0,,,,,1019.6,26.4,26.5,,,+0.0,
2026-07-31T22:10:00Z,2026-09-13T21:37:05Z,100,8.0,9.0,,,,,1019.6,26.4,26.5,,,,
2026-07-31T22:20:00Z,2026-09-13T21:37:05Z,100,7.0,9.0,,,,,1019.5,26.4,26.5,,,,
2026-07-31T22:30:00Z,2026-09-13T21:37:05Z,100,8.0,10.0,,,,,1019.4,26.4,26.5,,,,
2026-07-31T22:40:00Z,2026-09-13T21:37:05Z,110,8.0,9.0,,,,,1019.4,26.5,26.5,,,,
2026-07-31T22:50:00Z,2026-09-13T21:37:05Z,100,8.0,10.0,,,,,1019.5,26.5,26.5,,,,
2026-07-31T23:00:00Z,2026-09-13T21:37:05Z,100,8.0,10.0,,,,,1019.4,26.5,26.5,,,-0.6,
2026-07-31T23:40:00Z,2026-09-13T21:37:05Z,100,8.0,10.0,,,,,1019.3,26.5,26.5,,,,
2026-07-31T23:50:00Z,2026-09-13T21:37:05Z,100,8.0,10.0,,,,,1019.3,26.5,,,,,
2026-08-01T00:00:00Z,2026-09-13T21:37:05Z,100,8.0,10.0,,,,,1019.1,26.5,26.6,,,-1.0,
2026-08-01T00:10:00Z,2026-09-13T21:37:05Z,100,8.0,9.0,,,,,1019.1,26.4,26.6,,,,
2026-08-01T00:20:00Z,2026-09-13T21:37:05Z,90,7.0,8.0,,,,,1019.1,26.5,26.6,,,,
2026-08-01T00:30:00Z,2026-09-13T21:37:05Z,100,8.0,9.0,,,,,1019.2,26.4,26.6,,,,
2026-08-01T00:40:00Z,2026-09-13T21:37:05Z,100,8.0,10.0,,,,,1019.2,26.6,26.6,,,,
2026-08-01T00:50:00Z,2026-09-13T21:37:05Z,90,8.0,10.0,,,,,1019.1,26.4,26.6,,,,
2026-08-01T01:00:00Z,2026-09-13T21:37:05Z,100,8.0,10.0,,,,,1019.1,26.1,26.6,,,-0.5,
2026-08-01T01:10:00Z,2026-09-13T21:37:05Z,100,7.0,8.0,,,,,1019.1,26.2,26.6,,,,
2026-08-01T01:20:00Z,2026-09-13T21:37:05Z,100,6.0,8.0,,,,,1018.9,26.2,26.6,,,,
2026-08-01T01:30:00Z,2026-09-13T21:37:05Z,90,7.0,9.0,,,,,1019.0,26.3,26.6,,,,
2026-08-01T01:40:00Z,2026-09-13T21:37:05Z,100,8.0,10.0,,,,,1018.8,26.5,26.6,,,,
2026-08-01T01:50:00Z,2026-09-13T21:37:05Z,90,8.0,10.0,,,,,1018.8,26.4,26.6,,,,
2026-08-01T02:00:00Z,2026-09-13T21:37:05Z,100,8.0,10.0,,,,,1018.9,26.4,26.6,,,-0.5,
2026-08-01T02:10:00Z,2026-09-13T21:37:05Z,100,7.0,10.0,,,,,1018.8,26.4,26.6,,,,
2026-08-01T02:20:00Z,2026-09-13T21:37:05Z,100,8.0,10.0,,,,,1018.8,26.6,26.6,,,,
2026-08-01T02:30:00Z,2026-09-13T21:37:05Z,90,8.0,10.0,,,,,1018.7,26.6,26.6,,,,
2026-08-01T02:40:00Z,2026-09-13T21:37:05Z,90,8.0,10.0,,,,,1018.8,26.3,26.6,,,,
2026-08-01T02:50:00Z,2026-09-13T21:37:05Z,90,8.0,10.0,,,,,1018.8,26.4,26.6,,,,
2026-08-01T03:00:00Z,2026-09-13T21:37:05Z,80,8.0,9.0,,,,,1018.8,26.4,26.6,,,-0.3,
2026-08-01T03:10:00Z,2026-09-13T21:37:05Z,90,8.0,10.0,,,,,1018.8,26.4,26.6,,,,
2026-08-01T03:20:00Z,2026-09-13T21:37:05Z,90,8.0,10.0,,,,,1018.9,26.5,26.6,,,,
2026-08-01T03:30:00Z,2026-09-13T21:37:05Z,90,8.0,10.0,,,,,1018.9,26.2,26.6,,,,
2026-08-01T03:40:00Z,2026-09-13T21:37:05Z,90,8.0,11.0,,,,,1018.9,26.2,26.6,,,,
2026-08-01T03:50:00Z,2026-09-13T21:37:05Z,90,8.0,10.0,,,,,1019.0,26.3,26.6,,,,
2026-08-01T04:00:00Z,2026-09-13T21:37:05Z,90,8.0,11.0,,,,,1019.0,26.4,26.6,,,+0.0,
2026-08-01T04:10:00Z,2026-09-13T21:37:05Z,100,8.0,10.0,,,,,1019.0,26.4,26.6,,,,
2026-08-01T04:20:00Z,2026-09-13T21:37:05Z,100,8.0,10.0,,,,,1019.1,26.4,26.6,,,,
2026-08-01T04:30:00Z,2026-09-13T21:37:05Z,90,8.0,11.0,,,,,1019.2,26.4,26.6,,,,
2026-08-01T04:40:00Z,2026-09-13T21:37:05Z,90,9.0,10.0,,,,,1019.2,26.5,26.6,,,,
2026-08-01T04:50:00Z,2026-09-13T21:37:05Z,90,8.0,10.0,,,,,1019.3,26.5,26.6,,,,
2026-08-01T05:00:00Z,2026-09-13T21:37:05Z,90,8.0,10.0,,,,,1019.3,26.5,26.6,,,+0.4,
2026-08-01T05:10:00Z,2026-09-13T21:37:05Z,90,8.0,10.0,,,,,1019.4,26.4,26.6,,,,
2026-08-01T05:20:00Z,2026-09-13T21:37:05Z,90,8.0,10.0,,,,,1019.5,26.4,,,,,
2026-08-01T05:30:00Z,2026-09-13T21:37:05Z,90,8.0,10.0,,,,,1019.5,26.4,26.6,,,,
2026-08-01T05:40:00Z,2026-09-13T21:37:05Z,90,8.0,10.0,,,,,1019.6,26.3,26.6,,,,
2026-08-01T05:50:00Z,2026-09-13T21:37:05Z,80,8.0,11.0,,,,,1019.7,26.3,26.6,,,,
2026-08-01T06:00:00Z,2026-09-13T21:37:05Z,80,8.0,10.0,,,,,1019.9,26.3,26.6,,,+1.1,
2026-08-01T06:10:00Z,2026-09-13T21:37:05Z,90,8.0,10.0,,,,,1020.1,26.4,26.5,,,,
2026-08-01T06:20:00Z,2026-09-13T21:37:05Z,80,8.0,10.0,,,,,1020.2,26.4,26.5,,,,
2026-08-01T06:30:00Z,2026-09-13T21:37:05Z,80,8.0,10.0,,,,,1020.4,26.4,26.5,,,,
2026-08-01T06:40:00Z,2026-09-13T21:37:05Z,80,8.0,10.0,,,,,1020.6,26.4,26.5,,,,
2026-08-01T06:50:00Z,2026-09-13T21:37:05Z,80,8.0,10.0,,,,,1020.7,26.4,26.5,,,,
2026-08-01T07:00:00Z,2026-09-13T21:37:05Z,90,8.0,10.0,,,,,1020.8,26.5,26.5,,,+1.8,
2026-08-01T07:10:00Z,2026-09-13T21:37:05Z,90,8.0,10.0,,,,,1021.0,26.4,26.5,,,,
2026-08-01T07:20:00Z,2026-09-13T21:37:05Z,80,8.0,11.0,,,,,1021.0,26.4,26.5,,,,
2026-08-01T07:30:00Z,2026-09-13T21:37:05Z,90,9.0,11.0,,,,,1021.1,26.4,26.5,,,,
2026-08-01T07:40:00Z,2026-09-13T21:37:05Z,90,9.0,11.0,,,,,1021.1,26.4,26.5,,,,
2026-08-01T07:50:00Z,2026-09-13T21:37:05Z,80,8.0,10.0,,,,,1021.3,26.4,26.5,,,,
2026-08-01T08:00:00Z,2026-09-13T21:37:05Z,80,8.0,10.0,,,,,1021.4,26.3,26.5,,,+2.1,
2026-08-01T08:10:00Z,2026-09-13T21:37:05Z,80,8.0,10.0,,,,,1021.5,26.3,26.5,,,,
2026-08-01T08:20:00Z,2026-09-13T21:37:05Z,90,8.0,10.0,,,,,1021.5,26.4,26.5,,,,
2026-08-01T08:30:00Z,2026-09-13T21:37:05Z,90,8.0,9.0,,,,,1021.6,26.4,26.5,,,,
2026-08-01T08:40:00Z,2026-09-13T21:37:05Z,90,8.0,10.0,,,,,1021.7,26.3,26.5,,,,
2026-08-01T08:50:00Z,2026-09-13T21:37:05Z,80,7.0,9.0,,,,,1021.7,25.7,26.5,,,,
2026-08-01T09:00:00Z,2026-09-13T21:37:05Z,80,7.0,9.0,,,,,1021.7,25.8,26.5,,,+1.8,
2026-08-01T09:10:00Z,2026-09-13T21:37:05Z,80,8.0,10.0,,,,,1021.6,26.1,26.5,,,,
2026-08-01T09:20:00Z,2026-09-13T21:37:05Z,90,8.0,10.0,,,,,1021.5,26.2,26.5,,,,
2026-08-01T09:30:00Z,2026-09-13T21:37:05Z,90,9.0,10.0,,,,,1021.5,26.3,26.5,,,,
2026-08-01T09:40:00Z,2026-09-13T21:37:05Z,90,9.0,11.0,,,,,1021.5,26.3,26.5,,,,
2026-08-01T09:50:00Z,2026-09-13T21:37:05Z,80,8.0,10.0,,,,,1021.5,26.3,26.5,,,,
2026-08-01T10:00:00Z,2026-09-13T21:37:05Z,80,8.0,10.0,,,,,1021.5,26.2,26.5,,,+0.7,
2026-08-01T10:10:00Z,2026-09-13T21:37:05Z,90,8.0,10.0,,,,,1021.3,26.2,26.5,,,,
2026-08-01T10:20:00Z,2026-09-13T21:37:05Z,90,9.0,11.0,,,,,1021.2,26.2,26.5,,,,
2026-08-01T10:30:00Z,2026-09-13T21:37:05Z,90,9.0,11.0,,,,,1021.1,26.2,26.5,,,,
2026-08-01T10:40:00Z,2026-09-13T21:37:05Z,90,9.0,11.0,,,,,1021.1,26.2,26.5,,,,
2026-08-01T10:50:00Z,2026-09-13T21:37:05Z,90,9.0,11.0,,,,,1021.2,26.3,26.5,,,,
2026-08-01T11:00:00Z,2026-09-13T21:37:05Z,90,9.0,12.0,,,,,1020.9,26.3,26.5,,,-0.5,
2026-08-01T11:10:00Z,2026-09-13T21:37:05Z,90,9.0,10.0,,,,,1020.9,26.2,26.5,,,,
2026-08-01T11:20:00Z,2026-09-13T21:37:05Z,90,8.0,10.0,,,,,1020.8,26.2,26.5,,,,
2026-08-01T11:30:00Z,2026-09-13T21:37:05Z,90,8.0,10.0,,,,,1021.0,26.2,26.5,,,,
2026-08-01T11:40:00Z,2026-09-13T21:37:05Z,90,9.0,13.0,,,,,1021.0,26.1,26.5,,,,
2026-08-01T11:50:00Z,2026-09-13T21:37:05Z,100,11.0,14.0,,,,,1020.9,25.0,26.5,,,,
2026-08-01T12:00:00Z,2026-09-13T21:37:05Z,100,8.0,11.0,,,,,1020.7,25.1,26.5,,,-1.0,
2026-08-01T12:10:00Z,2026-09-13T21:37:05Z,90,9.0,12.0,,,,,1020.7,25.5,26.5,,,,
2026-08-01T12:20:00Z,2026-09-13T21:37:05Z,90,10.0,15.0,,,,,1020.7,25.0,26.5,,,,
2026-08-01T12:30:00Z,2026-09-13T21:37:05Z,100,10.0,13.0,,,,,1020.7,24.5,26.5,,,,
2026-08-01T12:40:00Z,2026-09-13T21:37:05Z,100,10.0,13.0,,,,,1020.8,24.7,26.5,,,,
2026-08-01T12:50:00Z,2026-09-13T21:37:05Z,90,9.0,12.0,,,,,1020.8,24.9,26.5,,,,
2026-08-01T13:00:00Z,2026-09-13T21:37:05Z,80,7.0,9.0,,,,,1020.7,25.1,26.5,,,-0.8,
2026-08-01T13:10:00Z,2026-09-13T21:37:05Z,90,7.0,9.0,,,,,1020.7,25.5,26.5,,,,
2026-08-01T13:20:00Z,2026-09-13T21:37:05Z,90,7.0,9.0,,,,,1020.7,26.0,26.5,,,,
2026-08-01T13:30:00Z,2026-09-13T21:37:05Z,90,8.0,10.0,,,,,1020.5,26.0,26.5,,,,
2026-08-01T13:40:00Z,2026-09-13T21:37:05Z,90,8.0,10.0,,,,,1020.5,26.1,,,,,
2026-08-01T13:50:00Z,2026-09-13T21:37:05Z,90,8.0,10.0,,,,,1020.5,26.2,26.5,,,,
2026-08-01T14:00:00Z,2026-09-13T21:37:05Z,90,8.0,10.0,,,,,1020.4,26.2,26.5,,,,
2026-08-01T14:10:00Z,2026-09-13T21:37:05Z,90,8.0,10.0,,,,,1020.6,26.2,26.5,,,,
2026-08-01T14:20:00Z,2026-09-13T21:37:05Z,90,8.0,10.0,,,,,1020.7,26.2,26.5,,,,
2026-08-01T14:30:00Z,2026-09-13T21:37:05Z,90,8.0,11.0,,,,,1020.8,26.2,26.5,,,,
2026-08-01T14:40:00Z,2026-09-13T21:37:05Z,90,9.0,11.0,,,,,1020.7,26.1,26.5,,,,
2026-08-01T14:50:00Z,2026-09-13T21:37:05Z,80,9.0,11.0,,,,,1020.7,25.9,26.5,,,,
2026-08-01T15:00:00Z,2026-09-13T21:37:05Z,80,8.0,10.0,,,,,1020.8,25.9,26.5,,,-0.0,
2026-08-01T15:10:00Z,2026-09-13T21:37:05Z,90,8.0,10.0,,,,,1020.8,26.1,26.5,,,,
2026-08-01T15:20:00Z,2026-09-13T21:37:05Z,90,8.0,10.0,,,,,1020.9,26.1,26.5,,,,
2026-08-01T15:30:00Z,2026-09-13T21:37:05Z,90,8.0,11.0,,,,,1021.0,26.1,26.5,,,,
2026-08-01T15:40:00Z,2026-09-13T21:37:05Z,90,8.0,10.0,,,,,1021.1,26.2,26.5,,,,
2026-08-01T15:50:00Z,2026-09-13T21:37:05Z,80,9.0,12.0,,,,,1021.2,26.1,26.5,,,,
2026-08-01T16:00:00Z,2026-09-13T21:37:05Z,80,9.0,12.0,,,,,1021.4,25.5,,,,+0.7,
2026-08-01T16:10:00Z,2026-09-13T21:37:05Z,90,10.0,13.0,,,,,1021.6,24.9,26.5,,,,
2026-08-01T16:20:00Z,2026-09-13T21:37:05Z,90,8.0,13.0,,,,,1021.5,24.7,26.5,,,,
2026-08-01T16:30:00Z,2026-09-13T21:37:05Z,90,7.0,9.0,,,,,1021.5,25.5,26.5,,,,
2026-08-01T16:40:00Z,2026-09-13T21:37:05Z,90,6.0,8.0,,,,,1021.6,25.8,26.5,,,,
2026-08-01T16:50:00Z,2026-09-13T21:37:05Z,90,8.0,12.0,,,,,1021.9,25.8,26.5,,,,
2026-08-01T17:00:00Z,2026-09-13T21:37:05Z,100,10.0,12.0,,,,,1022.0,24.6,26.5,,,+1.6,
2026-08-01T17:10:00Z,2026-09-13T21:37:05Z,80,8.0,10.0,,,,,1021.9,24.6,26.5,,,,
2026-08-01T17:20:00Z,2026-09-13T21:37:05Z,70,9.0,12.0,,,,,1022.1,25.2,26.5,,,,
2026-08-01T17:30:00Z,2026-09-13T21:37:05Z,70,8.0,10.0,,,,,1022.2,25.3,26.5,,,,
2026-08-01T17:40:00Z,2026-09-13T21:37:05Z,80,8.0,11.0,,,,,1022.3,25.7,26.5,,,,
2026-08-01T17:50:00Z,2026-09-13T21:37:05Z,90,9.0,11.0,,,,,1022.4,26.1,26.5,,,,
2026-08-01T18:00:00Z,2026-09-13T21:37:05Z,70,9.0,11.0,,,,,1022.5,25.9,26.5,,,+1.7,
2026-08-01T18:10:00Z,2026-09-13T21:37:05Z,70,9.0,10.0,,,,,1022.4,25.8,,,,,
2026-08-01T18:20:00Z,2026-09-13T21:37:05Z,70,9.0,11.0,,,,,1022.4,26.0,26.5,,,,
2026-08-01T18:30:00Z,2026-09-13T21:37:05Z,70,9.0,11.0,,,,,1022.4,26.1,26.5,,,,
2026-08-01T18:40:00Z,2026-09-13T21:37:05Z,70,9.0,12.0,,,,,1022.5,25.7,26.5,,,,
2026-08-01T18:50:00Z,2026-09-13T21:37:05Z,80,8.0,10.0,,,,,1022.4,25.6,26.5,,,,
2026-08-01T19:00:00Z,2026-09-13T21:37:05Z,70,9.0,11.0,,,,,1022.4,26.1,26.5,,,+1.0,
2026-08-01T19:10:00Z,2026-09-13T21:37:05Z,70,10.0,12.0,,,,,1022.4,26.2,26.5,,,,
2026-08-01T19:20:00Z,2026-09-13T21:37:05Z,70,10.0,13.0,,,,,1022.3,26.2,26.5,,,,
2026-08-01T19:30:00Z,2026-09-13T21:37:05Z,70,10.0,12.0,,,,,1022.6,26.2,26.5,,,,
2026-08-01T19:40:00Z,2026-09-13T21:37:05Z,70,10.0,12.0,,,,,1022.6,26.3,26.5,,,,
2026-08-01T19:50:00Z,2026-09-13T21:37:05Z,70,10.0,13.0,,,,,1022.5,26.2,26.5,,,,
2026-08-01T20:00:00Z,2026-09-13T21:37:05Z,70,10.0,12.0,,,,,1022.3,26.2,26.5,,,+0.3,
2026-08-01T20:10:00Z,2026-09-13T21:37:05Z,70,10.0,12.0,,,,,1022.3,26.2,26.5,,,,
2026-08-01T20:20:00Z,2026-09-13T21:37:05Z,70,10.0,13.0,,,,,1022.3,26.2,26.5,,,,
2026-08-01T20:30:00Z,2026-09-13T21:37:05Z,70,10.0,13.0,,,,,1022.3,26.2,26.5,,,,
2026-08-01T20:40:00Z,2026-09-13T21:37:05Z,70,10.0,13.0,,,,,1022.3,26.2,26.5,,,,
2026-08-01T20:50:00Z,2026-09-13T21:37:05Z,80,10.0,12.0,,,,,1022.4,26.3,26.5,,,,
2026-08-01T21:00:00Z,2026-09-13T21:37:05Z,70,9.0,12.0,,,,,1022.5,26.2,26.5,,,+0.0,
2026-08-01T21:10:00Z,2026-09-13T21:37:05Z,70,10.0,12.0,,,,,1022.7,26.1,26.5,,,,
2026-08-01T21:20:00Z,2026-09-13T21:37:05Z,70,10.0,12.0,,,,,1022.7,26.0,26.5,,,,
2026-08-01T21:30:00Z,2026-09-13T21:37:05Z,80,9.0,11.0,,,,,1022.7,26.1,26.5,,,,
2026-08-01T21:40:00Z,2026-09-13T21:37:05Z,70,9.0,12.0,,,,,1022.7,26.1,26.5,,,,
2026-08-01T21:50:00Z,2026-09-13T21:37:05Z,70,10.0,12.0,,,,,1022.7,26.1,26.5,,,,
2026-08-01T22:00:00Z,2026-09-13T21:37:05Z,70,10.0,12.0,,,,,1022.6,26.2,26.5,,,+0.0,
2026-08-01T22:10:00Z,2026-09-13T21:37:05Z,70,10.0,12.0,,,,,1022.6,26.2,26.5,,,,
2026-08-01T22:20:00Z,2026-09-13T21:37:05Z,70,10.0,12.0,,,,,1022.6,26.3,26.5,,,,
2026-08-01T22:30:00Z,2026-09-13T21:37:05Z,70,10.0,12.0,,,,,1022.5,26.3,26.5,,,,
2026-08-01T22:40:00Z,2026-09-13T21:37:05Z,80,10.0,12.0,,,,,1022.3,26.3,26.5,,,,
2026-08-01T22:50:00Z,2026-09-13T21:37:05Z,80,10.0,12.0,,,,,1022.2,26.4,26.5,,,,
2026-08-01T23:00:00Z,2026-09-13T21:37:05Z,70,10.0,12.0,,,,,1022.1,26.3,26.5,,,+0.0,
2026-08-01T23:10:00Z,2026-09-13T21:37:05Z,70,10.0,13.0,,,,,1021.9,26.3,26.5,,,,
2026-08-01T23:20:00Z,2026-09-13T21:37:05Z,70,10.0,12.0,,,,,1022.0,26.3,26.5,,,,
2026-08-01T23:30:00Z,2026-09-13T21:37:05Z,80,10.0,12.0,,,,,1021.9,26.2,26.5,,,,
2026-08-01T23:40:00Z,2026-09-13T21:37:05Z,80,10.0,12.0,,,,,1021.8,26.3,26.5,,,,
2026-08-01T23:50:00Z,2026-09-13T21:37:05Z,80,10.0,13.0,,,,,1021.8,26.2,26.5,,,,
2026-08-02T00:00:00Z,2026-09-13T21:37:05Z,80,10.0,12.0,,,,,1021.8,26.3,26.5,,,-0.7,
2026-08-02T00:10:00Z,2026-09-13T21:37:05Z,80,10.0,13.0,,,,,1021.8,26.4,26.5,,,,
2026-08-02T00:20:00Z,2026-09-13T21:37:05Z,80,10.0,12.0,,,,,1021.8,26.4,26.5,,,,
2026-08-02T00:30:00Z,2026-09-13T21:37:05Z,80,9.0,11.0,,,,,1021.7,26.4,26.5,,,,
2026-08-02T00:40:00Z,2026-09-13T21:37:05Z,80,10.0,12.0,,,,,1021.7,26.4,26.5,,,,
2026-08-02T00:50:00Z,2026-09-13T21:37:05Z,70,10.0,12.0,,,,,1021.8,26.3,26.5,,,,
2026-08-02T01:00:00Z,2026-09-13T21:37:05Z,70,10.0,12.0,,,,,1021.6,26.3,26.5,,,-1.0,
2026-08-02T01:10:00Z,2026-09-13T21:37:05Z,70,9.0,12.0,,,,,1021.5,26.3,26.5,,,,
2026-08-02T01:20:00Z,2026-09-13T21:37:05Z,70,9.0,12.0,,,,,1021.5,26.3,26.5,,,,
2026-08-02T01:30:00Z,2026-09-13T21:37:05Z,70,9.0,11.0,,,,,1021.4,26.3,26.5,,,,
2026-08-02T01:40:00Z,2026-09-13T21:37:05Z,70,9.0,12.0,,,,,1021.3,26.3,26.5,,,,
2026-08-02T01:50:00Z,2026-09-13T21:37:05Z,70,9.0,11.0,,,,,1021.3,26.3,,,,,
2026-08-02T02:00:00Z,2026-09-13T21:37:05Z,70,9.0,12.0,,,,,1021.1,26.4,26.6,,,-1.0,
2026-08-02T02:10:00Z,2026-09-13T21:37:05Z,80,10.0,12.0,,,,,1021.0,26.3,26.5,,,,
2026-08-02T02:20:00Z,2026-09-13T21:37:05Z,80,10.0,12.0,,,,,1021.0,26.3,26.5,,,,
2026-08-02T02:30:00Z,2026-09-13T21:37:05Z,80,9.0,11.0,,,,,1021.1,26.4,26.6,,,,
2026-08-02T02:40:00Z,2026-09-13T21:37:05Z,70,9.0,12.0,,,,,1021.0,26.3,26.6,,,,
2026-08-02T02:50:00Z,2026-09-13T21:37:05Z,70,9.0,12.0,,,,,1021.0,26.2,26.5,,,,
2026-08-02T03:00:00Z,2026-09-13T21:37:05Z,80,10.0,12.0,,,,,1020.9,26.2,26.5,,,-0.9,
2026-08-02T03:10:00Z,2026-09-13T21:37:05Z,70,9.0,12.0,,,,,1021.0,26.3,26.5,,,,
2026-08-02T03:20:00Z,2026-09-13T21:37:05Z,70,10.0,11.0,,,,,1020.9,26.3,26.6,,,,
2026-08-02T03:30:00Z,2026-09-13T21:37:05Z,60,10.0,12.0,,,,,1020.8,26.3,26.5,,,,
2026-08-02T03:40:00Z,2026-09-13T21:37:05Z,70,10.0,13.0,,,,,1020.8,26.2,26.5,,,,
2026-08-02T03:50:00Z,2026-09-13T21:37:05Z,60,10.0,12.0,,,,,1020.7,26.2,26.5,,,,
2026-08-02T04:00:00Z,2026-09-13T21:37:05Z,60,10.0,13.0,,,,,1020.8,26.2,26.5,,,-0.8,
2026-08-02T04:10:00Z,2026-09-13T21:37:05Z,70,10.0,13.0,,,,,1020.9,26.2,26.5,,,,
2026-08-02T04:20:00Z,2026-09-13T21:37:05Z,60,9.0,12.0,,,,,1021.0,26.2,26.5,,,,
2026-08-02T04:30:00Z,2026-09-13T21:37:05Z,60,10.0,12.0,,,,,1020.9,26.2,26.5,,,,
2026-08-02T04:40:00Z,2026-09-13T21:37:05Z,60,10.0,13.0,,,,,1020.8,26.2,26.5,,,,
2026-08-02T04:50:00Z,2026-09-13T21:37:05Z,70,10.0,12.0,,,,,1020.7,26.2,26.5,,,,
2026-08-02T05:00:00Z,2026-09-13T21:37:05Z,70,10.0,12.0,,,,,1020.9,26.2,26.5,,,+0.0,
2026-08-02T05:10:00Z,2026-09-13T21:37:05Z,70,11.0,15.0,,,,,1021.0,25.7,26.5,,,,
2026-08-02T05:20:00Z,2026-09-13T21:37:05Z,70,9.0,13.0,,,,,1021.1,26.0,26.5,,,,
2026-08-02T05:30:00Z,2026-09-13T21:37:05Z,70,10.0,13.0,,,,,1021.1,26.0,26.5,,,,
2026-08-02T05:40:00Z,2026-09-13T21:37:05Z,80,11.0,13.0,,,,,1021.1,26.0,26.5,,,,
2026-08-02T05:50:00Z,2026-09-13T21:37:05Z,70,11.0,14.0,,,,,1021.2,26.0,26.5,,,,
2026-08-02T06:00:00Z,2026-09-13T21:37:05Z,80,11.0,14.0,,,,,1021.1,26.1,26.5,,,+0.0,
2026-08-02T06:10:00Z,2026-09-13T21:37:05Z,80,12.0,15.0,,,,,1021.1,26.2,26.5,,,,
2026-08-02T06:20:00Z,2026-09-13T21:37:05Z,80,11.0,14.0,,,,,1021.3,26.2,26.5,,,,
2026-08-02T06:30:00Z,2026-09-13T21:37:05Z,70,11.0,14.0,,,,,1021.6,26.2,26.5,,,,
2026-08-02T06:40:00Z,2026-09-13T21:37:05Z,80,11.0,14.0,,,,,1021.8,26.2,26.5,,,,
2026-08-02T06:50:00Z,2026-09-13T21:37:05Z,80,11.0,13.0,,,,,1021.8,26.2,26.5,,,,
2026-08-02T07:00:00Z,2026-09-13T21:37:05Z,80,11.0,14.0,,,,,1021.8,26.2,26.5,,,+1.0,
2026-08-02T07:10:00Z,2026-09-13T21:37:05Z,70,12.0,15.0,,,,,1021.8,26.2,26.5,,,,
2026-08-02T07:20:00Z,2026-09-13T21:37:05Z,70,11.0,13.0,,,,,1022.0,26.2,26.5,,,,
2026-08-02T07:30:00Z,2026-09-13T21:37:05Z,70,11.0,14.0,,,,,1022.4,26.2,26.5,,,,
2026-08-02T07:40:00Z,2026-09-13T21:37:05Z,70,11.0,13.0,,,,,1022.4,26.2,26.5,,,,
2026-08-02T07:50:00Z,2026-09-13T21:37:05Z,70,10.0,13.0,,,,,1022.4,26.2,26.5,,,,
2026-08-02T08:00:00Z,2026-09-13T21:37:05Z,70,11.0,14.0,,,,,1022.3,26.2,26.5,,,+1.4,
2026-08-02T08:10:00Z,2026-09-13T21:37:05Z,70,11.0,14.0,,,,,1022.3,26.2,26.5,,,,
2026-08-02T08:20:00Z,2026-09-13T21:37:05Z,70,12.0,15.0,,,,,1022.3,26.2,26.5,,,,
2026-08-02T08:30:00Z,2026-09-13T21:37:05Z,80,12.0,15.0,,,,,1022.4,26.3,26.5,,,,
2026-08-02T08:40:00Z,2026-09-13T21:37:05Z,80,12.0,14.0,,,,,1022.3,26.2,26.5,,,,
2026-08-02T08:50:00Z,2026-09-13T21:37:05Z,80,11.0,15.0,,,,,1022.3,26.2,26.5,,,,
2026-08-02T09:00:00Z,2026-09-13T21:37:05Z,80,11.0,15.0,,,,,1022.3,26.2,26.5,,,+1.2,
2026-08-02T09:10:00Z,2026-09-13T21:37:05Z,80,11.0,14.0,,,,,1022.3,26.2,26.5,,,,
2026-08-02T09:20:00Z,2026-09-13T21:37:05Z,80,11.0,13.0,,,,,1022.4,,26.5,,,,
2026-08-02T09:30:00Z,2026-09-13T21:37:05Z,80,11.0,14.0,,,,,1022.3,26.2,26.5,,,,
2026-08-02T09:40:00Z,2026-09-13T21:37:05Z,80,11.0,14.0,,,,,1022.3,26.3,26.5,,,,
2026-08-02T09:50:00Z,2026-09-13T21:37:05Z,80,11.0,14.0,,,,,1022.2,26.2,26.5,,,,
2026-08-02T10:00:00Z,2026-09-13T21:37:05Z,80,11.0,14.0,,,,,1022.2,26.2,26.5,,,+0.4,
2026-08-02T10:10:00Z,2026-09-13T21:37:05Z,80,10.0,13.0,,,,,1022.1,26.2,26.5,,,,
2026-08-02T10:20:00Z,2026-09-13T21:37:05Z,70,11.0,13.0,,,,,1022.2,26.0,26.5,,,,
2026-08-02T10:30:00Z,2026-09-13T21:37:05Z,80,10.0,13.0,,,,,1022.1,26.0,26.5,,,,
2026-08-02T10:40:00Z,2026-09-13T21:37:05Z,80,11.0,13.0,,,,,1022.1,26.0,26.5,,,,
2026-08-02T10:50:00Z,2026-09-13T21:37:05Z,80,11.0,13.0,,,,,1022.1,26.0,26.5,,,,
2026-08-02T11:00:00Z,2026-09-13T21:37:05Z,70,11.0,13.0,,,,,1021.9,26.0,26.5,,,-0.4,
2026-08-02T11:10:00Z,2026-09-13T21:37:05Z,80,11.0,14.0,,,,,1022.0,26.0,26.5,,,,
2026-08-02T11:20:00Z,2026-09-13T21:37:05Z,80,10.0,13.0,,,,,1021.9,26.1,26.5,,,,
2026-08-02T11:30:00Z,2026-09-13T21:37:05Z,80,10.0,12.0,,,,,1021.8,26.1,26.5,,,,
2026-08-02T11:40:00Z,2026-09-13T21:37:05Z,80,10.0,12.0,,,,,1021.9,26.1,26.5,,,,
2026-08-02T11:50:00Z,2026-09-13T21:37:05Z,80,10.0,12.0,,,,,1021.8,26.0,26.5,,,,
2026-08-02T12:00:00Z,2026-09-13T21:37:05Z,80,10.0,12.0,,,,,1021.7,26.0,26.5,,,-0.6,
2026-08-02T12:10:00Z,2026-09-13T21:37:05Z,70,10.0,12.0,,,,,1021.8,26.0,26.4,,,,
2026-08-02T12:20:00Z,2026-09-13T21:37:05Z,70,9.0,12.0,,,,,1021.8,25.8,26.4,,,,
2026-08-02T12:30:00Z,2026-09-13T21:37:05Z,70,9.0,11.0,,,,,1021.7,25.8,26.4,,,,
2026-08-02T12:40:00Z,2026-09-13T21:37:05Z,70,9.0,11.0,,,,,1021.7,25.8,26.5,,,,
2026-08-02T12:50:00Z,2026-09-13T21:37:05Z,70,9.0,11.0,,,,,1021.7,25.8,26.4,,,,
2026-08-02T13:00:00Z,2026-09-13T21:37:05Z,70,9.0,11.0,,,,,1021.6,25.9,,,,-0.6,
2026-08-02T13:10:00Z,2026-09-13T21:37:05Z,70,8.0,10.0,,,,,1021.5,25.9,26.4,,,,
2026-08-02T13:20:00Z,2026-09-13T21:37:05Z,70,9.0,11.0,,,,,1021.5,25.9,26.4,,,,
2026-08-02T13:30:00Z,2026-09-13T21:37:05Z,70,9.0,11.0,,,,,1021.4,25.9,26.4,,,,
2026-08-02T13:40:00Z,2026-09-13T21:37:05Z,80,9.0,13.0,,,,,1021.4,25.6,26.4,,,,
2026-08-02T13:50:00Z,2026-09-13T21:37:05Z,70,10.0,12.0,,,,,1021.3,25.4,26.4,,,,
2026-08-02T14:00:00Z,2026-09-13T21:37:05Z,70,10.0,12.0,,,,,1021.2,25.4,26.4,,,-0.7,
2026-08-02T14:10:00Z,2026-09-13T21:37:05Z,70,10.0,13.0,,,,,1021.2,25.5,26.4,,,,
2026-08-02T14:20:00Z,2026-09-13T21:37:05Z,70,10.0,13.0,,,,,1021.3,25.6,26.4,,,,
2026-08-02T14:30:00Z,2026-09-13T21:37:05Z,80,10.0,12.0,,,,,1021.5,25.5,26.4,,,,
2026-08-02T14:40:00Z,2026-09-13T21:37:05Z,70,9.0,11.0,,,,,1021.5,25.6,26.4,,,,
2026-08-02T14:50:00Z,2026-09-13T21:37:05Z,70,10.0,12.0,,,,,1021.6,25.5,26.4,,,,
2026-08-02T15:00:00Z,2026-09-13T21:37:05Z,80,9.0,12.0,,,,,1021.6,25.3,26.4,,,-0.0,
2026-08-02T15:10:00Z,2026-09-13T21:37:05Z,80,9.0,11.0,,,,,1021.6,25.3,26.4,,,,
2026-08-02T15:20:00Z,2026-09-13T21:37:05Z,80,9.0,11.0,,,,,1021.5,25.4,26.4,,,,
2026-08-02T15:30:00Z,2026-09-13T21:37:05Z,80,9.0,12.0,,,,,1021.5,25.5,26.4,,,,
2026-08-02T15:40:00Z,2026-09-13T21:37:05Z,80,9.0,12.0,,,,,1021.5,25.5,26.4,,,,
2026-08-02T15:50:00Z,2026-09-13T21:37:05Z,80,9.0,11.0,,,,,1021.6,25.6,26.4,,,,
2026-08-02T16:00:00Z,2026-09-13T21:37:05Z,80,9.0,11.0,,,,,1021.6,25.7,26.4,,,-0.0,
2026-08-02T16:10:00Z,2026-09-13T21:37:05Z,80,9.0,11.0,,,,,1021.7,25.7,26.4,,,,
2026-08-02T16:20:00Z,2026-09-13T21:37:05Z,70,10.0,13.0,,,,,1021.9,25.3,26.4,,,,
2026-08-02T16:30:00Z,2026-09-13T21:37:05Z,70,9.0,12.0,,,,,1021.9,25.3,26.4,,,,
2026-08-02T16:40:00Z,2026-09-13T21:37:05Z,80,9.0,14.0,,,,,1022.0,24.8,26.4,,,,
2026-08-02T16:50:00Z,2026-09-13T21:37:05Z,80,9.0,11.0,,,,,1022.1,24.7,26.4,,,,
2026-08-02T17:00:00Z,2026-09-13T21:37:05Z,80,9.0,11.0,,,,,1022.2,25.0,26.4,,,+1.0,
2026-08-02T17:10:00Z,2026-09-13T21:37:05Z,80,9.0,11.0,,,,,1022.3,25.4,26.4,,,,
2026-08-02T17:20:00Z,2026-09-13T21:37:05Z,80,9.0,11.0,,,,,1022.3,25.6,26.4,,,,
2026-08-02T17:30:00Z,2026-09-13T21:37:05Z,80,8.0,11.0,,,,,1022.4,25.7,26.4,,,,
2026-08-02T17:40:00Z,2026-09-13T21:37:05Z,80,9.0,12.0,,,,,1022.4,25.8,26.4,,,,
2026-08-02T17:50:00Z,2026-09-13T21:37:05Z,80,8.0,11.0,,,,,1022.5,,26.4,,,,
2026-08-02T18:00:00Z,2026-09-13T21:37:05Z,70,10.0,12.0,,,,,1022.3,25.8,26.4,,,+0.7,
2026-08-02T18:10:00Z,2026-09-13T21:37:05Z,70,9.0,13.0,,,,,1022.5,25.4,26.4,,,,
2026-08-02T18:20:00Z,2026-09-13T21:37:05Z,70,9.0,11.0,,,,,1022.5,25.7,26.4,,,,
2026-08-02T18:30:00Z,2026-09-13T21:37:05Z,70,9.0,11.0,,,,,1022.5,25.8,26.4,,,,
2026-08-02T18:40:00Z,2026-09-13T21:37:05Z,70,9.0,12.0,,,,,1022.5,25.8,26.4,,,,
2026-08-02T18:50:00Z,2026-09-13T21:37:05Z,70,9.0,12.0,,,,,1022.6,25.9,26.4,,,,
2026-08-02T19:00:00Z,2026-09-13T21:37:05Z,70,9.0,11.0,,,,,1022.6,26.0,26.4,,,+1.0,
2026-08-02T19:10:00Z,2026-09-13T21:37:05Z,80,9.0,11.0,,,,,1022.4,26.1,26.4,,,,
2026-08-02T19:20:00Z,2026-09-13T21:37:05Z,80,9.0,11.0,,,,,1022.4,26.1,26.4,,,,
2026-08-02T19:30:00Z,2026-09-13T21:37:05Z,80,9.0,11.0,,,,,1022.3,26.0,26.4,,,,
2026-08-02T19:40:00Z,2026-09-13T21:37:05Z,80,9.0,11.0,,,,,1022.3,26.0,26.4,,,,
2026-08-02T19:50:00Z,2026-09-13T21:37:05Z,80,9.0,12.0,,,,,1022.3,26.0,26.4,,,,
2026-08-02T20:00:00Z,2026-09-13T21:37:05Z,80,9.0,11.0,,,,,1022.1,26.1,26.4,,,+0.0,
2026-08-02T20:10:00Z,2026-09-13T21:37:05Z,80,9.0,12.0,,,,,1022.1,26.1,26.4,,,,
2026-08-02T20:20:00Z,2026-09-13T21:37:05Z,70,9.0,11.0,,,,,1022.1,26.1,26.4,,,,
2026-08-02T20:30:00Z,2026-09-13T21:37:05Z,70,9.0,12.0,,,,,1022.0,26.0,26.4,,,,
2026-08-02T20:40:00Z,2026-09-13T21:37:05Z,80,9.0,11.0,,,,,1022.0,26.1,26.4,,,,
2026-08-02T20:50:00Z,2026-09-13T21:37:05Z,80,9.0,11.0,,,,,1022.0,26.0,26.4,,,,
2026-08-02T21:00:00Z,2026-09-13T21:37:05Z,80,8.0,11.0,,,,,1022.0,26.1,26.4,,,-0.3,
2026-08-02T21:10:00Z,2026-09-13T21:37:05Z,70,9.0,11.0,,,,,1021.9,26.1,26.5,,,,
2026-08-02T21:20:00Z,2026-09-13T21:37:05Z,70,8.0,11.0,,,,,1021.9,26.1,26.5,,,,
2026-08-02T21:30:00Z,2026-09-13T21:37:05Z,80,9.0,11.0,,,,,1021.9,26.1,26.4,,,,
2026-08-02T21:40:00Z,2026-09-13T21:37:05Z,70,8.0,11.0,,,,,1022.0,26.1,26.4,,,,
2026-08-02T21:50:00Z,2026-09-13T21:37:05Z,80,8.0,10.0,,,,,1022.0,26.1,26.5,,,,
2026-08-02T22:00:00Z,2026-09-13T21:37:05Z,70,8.0,10.0,,,,,1021.9,26.1,26.5,,,-0.7,
2026-08-02T22:10:00Z,2026-09-13T21:37:05Z,70,8.0,10.0,,,,,1021.8,26.1,26.5,,,,
2026-08-02T22:20:00Z,2026-09-13T21:37:05Z,70,8.0,10.0,,,,,1021.7,26.1,26.5,,,,
2026-08-02T22:30:00Z,2026-09-13T21:37:05Z,70,9.0,10.0,,,,,1021.7,26.1,26.5,,,,
2026-08-02T22:40:00Z,2026-09-13T21:37:05Z,70,8.0,10.0,,,,,1021.6,26.1,26.5,,,,
2026-08-02T22:50:00Z,2026-09-13T21:37:05Z,70,8.0,10.0,,,,,1021.5,26.1,26.5,,,,
2026-08-02T23:00:00Z,2026-09-13T21:37:05Z,70,8.0,10.0,,,,,1021.4,26.1,26.5,,,-0.7,
2026-08-02T23:10:00Z,2026-09-13T21:37:05Z,70,8.0,11.0,,,,,1021.3,26.1,26.5,,,,
2026-08-02T23:20:00Z,2026-09-13T21:37:05Z,70,9.0,11.0,,,,,1021.4,26.1,26.5,,,,
2026-08-02T23:40:00Z,2026-09-13T21:37:05Z,70,9.0,11.0,,,,,1021.1,26.1,26.5,,,,
2026-08-02T23:50:00Z,2026-09-13T21:37:05Z,70,8.0,10.0,,,,,1021.0,26.1,26.5,,,,
2026-08-03T00:00:00Z,2026-09-13T21:37:05Z,70,8.0,10.0,,,,,1021.0,26.1,26.5,,,-1.0,
2026-08-03T00:10:00Z,2026-09-13T21:37:05Z,70,9.0,11.0,,,,,1020.9,26.1,26.5,,,,
2026-08-03T00:20:00Z,2026-09-13T21:37:05Z,70,9.0,11.0,,,,,1020.8,26.1,26.5,,,,
2026-08-03T00:30:00Z,2026-09-13T21:37:05Z,70,8.0,11.0,,,,,1020.7,26.1,26.5,,,,
2026-08-03T00:40:00Z,2026-09-13T21:37:05Z,60,8.0,10.0,,,,,1020.6,26.1,26.5,,,,
2026-08-03T00:50:00Z,2026-09-13T21:37:05Z,70,8.0,10.0,,,,,1020.5,26.1,26.5,,,,
2026-08-03T01:00:00Z,2026-09-13T21:37:05Z,60,8.0,10.0,,,,,1020.5,26.1,26.5,,,-1.4,
2026-08-03T01:10:00Z,2026-09-13T21:37:05Z,60,9.0,11.0,,,,,1020.2,26.0,26.5,,,,
2026-08-03T01:20:00Z,2026-09-13T21:37:05Z,60,9.0,11.0,,,,,1020.2,26.0,26.5,,,,
2026-08-03T01:30:00Z,2026-09-13T21:37:05Z,60,9.0,11.0,,,,,1020.1,25.9,26.5,,,,
2026-08-03T01:40:00Z,2026-09-13T21:37:05Z,70,9.0,11.0,,,,,1020.1,26.0,26.5,,,,
2026-08-03T01:50:00Z,2026-09-13T21:37:05Z,60,9.0,11.0,,,,,1019.9,25.9,26.5,,,,
2026-08-03T02:00:00Z,2026-09-13T21:37:05Z,60,9.0,11.0,,,,,1019.8,26.0,26.5,,,-1.6,
2026-08-03T02:10:00Z,2026-09-13T21:37:05Z,60,9.0,11.0,,,,,1019.8,25.9,26.5,,,,
2026-08-03T02:20:00Z,2026-09-13T21:37:05Z,60,9.0,11.0,,,,,1019.8,25.9,26.5,,,,
2026-08-03T02:30:00Z,2026-09-13T21:37:05Z,70,8.0,10.0,,,,,1019.9,26.0,26.5,,,,
2026-08-03T02:40:00Z,2026-09-13T21:37:05Z,70,9.0,10.0,,,,,1019.9,26.0,26.5,,,,
2026-08-03T02:50:00Z,2026-09-13T21:37:05Z,60,8.0,12.0,,,,,1020.0,25.5,26.5,,,,
2026-08-03T03:00:00Z,2026-09-13T21:37:05Z,60,8.0,9.0,,,,,1020.0,25.6,26.5,,,-1.0,
2026-08-03T03:10:00Z,2026-09-13T21:37:05Z,60,8.0,10.0,,,,,1019.9,25.7,26.5,,,,
2026-08-03T03:20:00Z,2026-09-13T21:37:05Z,60,8.0,11.0,,,,,1019.8,25.8,26.5,,,,
2026-08-03T03:30:00Z,2026-09-13T21:37:05Z,60,9.0,12.0,,,,,1019.9,25.8,26.5,,,,
2026-08-03T03:40:00Z,2026-09-13T21:37:05Z,60,8.0,9.0,,,,,1020.1,25.5,26.5,,,,
2026-08-03T03:50:00Z,2026-09-13T21:37:05Z,60,7.0,9.0,,,,,1020.0,25.6,26.5,,,,
2026-08-03T04:00:00Z,2026-09-13T21:37:05Z,60,8.0,10.0,,,,,1019.9,25.6,26.5,,,-0.6,
2026-08-03T04:10:00Z,2026-09-13T21:37:05Z,60,8.0,10.0,,,,,1019.9,25.6,26.5,,,,
2026-08-03T04:20:00Z,2026-09-13T21:37:05Z,60,8.0,10.0,,,,,1020.0,25.7,26.5,,,,
2026-08-03T04:30:00Z,2026-09-13T21:37:05Z,60,7.0,9.0,,,,,1020.0,25.8,26.5,,,,
2026-08-03T04:40:00Z,2026-09-13T21:37:05Z,50,8.0,13.0,,,,,1020.0,25.3,26.5,,,,
2026-08-03T04:50:00Z,2026-09-13T21:37:05Z,50,8.0,9.0,,,,,1019.9,25.1,26.5,,,,
2026-08-03T05:00:00Z,2026-09-13T21:37:05Z,60,8.0,10.0,,,,,1020.0,25.4,26.5,,,+0.0,
2026-08-03T05:10:00Z,2026-09-13T21:37:05Z,60,8.0,10.0,,,,,1020.0,25.5,26.5,,,,
2026-08-03T05:20:00Z,2026-09-13T21:37:05Z,50,8.0,9.0,,,,,1020.2,25.4,26.5,,,,
2026-08-03T05:30:00Z,2026-09-13T21:37:05Z,50,7.0,9.0,,,,,1020.2,25.3,26.5,,,,
2026-08-03T05:40:00Z,2026-09-13T21:37:05Z,70,9.0,13.0,,,,,1020.5,25.0,26.5,,,,
2026-08-03T05:50:00Z,2026-09-13T21:37:05Z,70,8.0,12.0,,,,,1020.4,24.2,26.5,,,,
2026-08-03T06:00:00Z,2026-09-13T21:37:05Z,70,7.0,10.0,,,,,1020.4,24.7,26.5,,,+0.4,
2026-08-03T06:10:00Z,2026-09-13T21:37:05Z,60,9.0,11.0,,,,,1020.5,25.0,26.5,,,,
2026-08-03T06:20:00Z,2026-09-13T21:37:05Z,70,8.0,11.0,,,,,1020.5,25.3,26.5,,,,
2026-08-03T06:30:00Z,2026-09-13T21:37:05Z,70,9.0,11.0,,,,,1020.6,25.4,26.5,,,,
2026-08-03T06:40:00Z,2026-09-13T21:37:05Z,60,8.0,10.0,,,,,1020.7,25.4,26.5,,,,
2026-08-03T06:50:00Z,2026-09-13T21:37:05Z,70,9.0,11.0,,,,,1020.7,25.5,26.5,,,,
2026-08-03T07:00:00Z,2026-09-13T21:37:05Z,70,8.0,10.0,,,,,1020.9,25.7,26.5,,,+1.0,
2026-08-03T07:10:00Z,2026-09-13T21:37:05Z,70,8.0,11.0,,,,,1020.9,25.6,26.5,,,,
2026-08-03T07:20:00Z,2026-09-13T21:37:05Z,70,8.0,13.0,,,,,1020.8,25.5,26.5,,,,
2026-08-03T07:30:00Z,2026-09-13T21:37:05Z,70,8.0,11.0,,,,,1020.8,24.8,26.5,,,,
2026-08-03T07:40:00Z,2026-09-13T21:37:05Z,70,8.0,10.0,,,,,1021.0,25.3,26.5,,,,
2026-08-03T07:50:00Z,2026-09-13T21:37:05Z,70,9.0,13.0,,,,,1021.1,25.4,26.5,,,,
2026-08-03T08:00:00Z,2026-09-13T21:37:05Z,70,10.0,14.0,,,,,1021.3,24.7,26.5,,,+1.3,
2026-08-03T08:10:00Z,2026-09-13T21:37:05Z,70,8.0,10.0,,,,,1021.1,24.7,26.5,,,,
2026-08-03T08:20:00Z,2026-09-13T21:37:05Z,70,8.0,10.0,,,,,1021.0,25.1,26.5,,,,
2026-08-03T08:30:00Z,2026-09-13T21:37:05Z,80,8.0,10.0,,,,,1021.0,25.1,26.4,,,,
2026-08-03T08:40:00Z,2026-09-13T21:37:05Z,80,8.0,10.0,,,,,1021.0,25.1,26.5,,,,
2026-08-03T08:50:00Z,2026-09-13T21:37:05Z,70,8.0,10.0,,,,,1021.1,25.4,26.5,,,,
2026-08-03T09:00:00Z,2026-09-13T21:37:05Z,70,8.0,10.0,,,,,1021.0,25.5,26.4,,,+0.6,
2026-08-03T09:10:00Z,2026-09-13T21:37:05Z,70,8.0,10.0,,,,,1021.0,25.5,26.4,,,,
2026-08-03T09:20:00Z,2026-09-13T21:37:05Z,60,8.0,9.0,,,,,1021.0,25.6,26.4,,,,
2026-08-03T09:30:00Z,2026-09-13T21:37:05Z,60,9.0,13.0,,,,,1021.0,25.2,26.4,,,,
2026-08-03T09:40:00Z,2026-09-13T21:37:05Z,70,10.0,13.0,,,,,1021.0,24.9,26.4,,,,
2026-08-03T09:50:00Z,2026-09-13T21:37:05Z,70,9.0,11.0,,,,,1021.0,25.1,26.4,,,,
2026-08-03T10:00:00Z,2026-09-13T21:37:05Z,80,9.0,11.0,,,,,1021.0,25.0,26.4,,,+0.0,
2026-08-03T10:10:00Z,2026-09-13T21:37:05Z,80,9.0,10.0,,,,,1021.0,24.9,26.4,,,,
2026-08-03T10:20:00Z,2026-09-13T21:37:05Z,80,8.0,10.0,,,,,1020.9,24.8,,,,,
2026-08-03T10:30:00Z,2026-09-13T21:37:05Z,80,8.0,10.0,,,,,1020.9,25.0,26.4,,,,
2026-08-03T10:40:00Z,2026-09-13T21:37:05Z,70,8.0,10.0,,,,,1020.7,25.2,26.4,,,,
2026-08-03T10:50:00Z,2026-09-13T21:37:05Z,80,8.0,10.0,,,,,1020.6,25.3,26.4,,,,
2026-08-03T11:00:00Z,2026-09-13T21:37:05Z,80,9.0,12.0,,,,,1020.4,25.0,26.4,,,-0.9,
2026-08-03T11:10:00Z,2026-09-13T21:37:05Z,70,8.0,10.0,,,,,1020.1,25.3,26.4,,,,
2026-08-03T11:20:00Z,2026-09-13T21:37:05Z,70,8.0,10.0,,,,,1020.1,25.5,,,,,
2026-08-03T11:30:00Z,2026-09-13T21:37:05Z,70,8.0,11.0,,,,,1020.0,25.5,26.4,,,,
2026-08-03T11:40:00Z,2026-09-13T21:37:05Z,70,8.0,10.0,,,,,1020.0,25.6,26.4,,,,
2026-08-03T11:50:00Z,2026-09-13T21:37:05Z,70,8.0,10.0,,,,,1019.9,25.6,26.4,,,,
2026-08-03T12:00:00Z,2026-09-13T21:37:05Z,60,8.0,10.0,,,,,1019.8,25.6,26.4,,,-1.2,
2026-08-03T12:10:00Z,2026-09-13T21:37:05Z,60,8.0,10.0,,,,,1019.7,25.6,26.4,,,,
2026-08-03T12:20:00Z,2026-09-13T21:37:05Z,60,7.0,9.0,,,,,1019.6,25.6,26.4,,,,
2026-08-03T12:30:00Z,2026-09-13T21:37:05Z,60,8.0,9.0,,,,,1019.5,25.5,26.4,,,,
2026-08-03T12:40:00Z,2026-09-13T21:37:05Z,60,8.0,9.0,,,,,1019.3,25.6,26.4,,,,
2026-08-03T12:50:00Z,2026-09-13T21:37:05Z,60,8.0,9.0,,,,,1019.3,25.6,26.4,,,,
2026-08-03T13:00:00Z,2026-09-13T21:37:05Z,60,8.0,10.0,,,,,1019.1,25.6,26.4,,,-1.9,
2026-08-03T13:10:00Z,2026-09-13T21:37:05Z,80,8.0,10.0,,,,,1019.2,25.2,26.4,,,,
2026-08-03T13:20:00Z,2026-09-13T21:37:05Z,70,7.0,8.0,,,,,1019.3,25.3,26.4,,,,
2026-08-03T13:30:00Z,2026-09-13T21:37:05Z,70,7.0,9.0,,,,,1019.1,25.5,26.4,,,,
2026-08-03T13:40:00Z,2026-09-13T21:37:05Z,70,7.0,9.0,,,,,1019.1,25.6,26.4,,,,
2026-08-03T13:50:00Z,2026-09-13T21:37:05Z,70,7.0,9.0,,,,,1019.0,25.6,26.4,,,,
2026-08-03T14:00:00Z,2026-09-13T21:37:05Z,70,7.0,9.0,,,,,1019.0,25.7,26.4,,,-1.4,
2026-08-03T14:10:00Z,2026-09-13T21:37:05Z,70,7.0,10.0,,,,,1019.0,25.7,26.4,,,,
2026-08-03T14:20:00Z,2026-09-13T21:37:05Z,50,10.0,11.0,,,,,1019.0,24.8,26.4,,,,
2026-08-03T14:30:00Z,2026-09-13T21:37:05Z,50,9.0,11.0,,,,,1019.1,24.4,26.4,,,,
2026-08-03T14:40:00Z,2026-09-13T21:37:05Z,50,8.0,10.0,,,,,1019.1,24.3,26.4,,,,
2026-08-03T14:50:00Z,2026-09-13T21:37:05Z,80,5.0,8.0,,,,,1019.0,24.2,26.4,,,,
2026-08-03T15:00:00Z,2026-09-13T21:37:05Z,60,5.0,7.0,,,,,1018.8,24.7,26.4,,,-1.0,
2026-08-03T15:10:00Z,2026-09-13T21:37:05Z,60,6.0,8.0,,,,,1018.8,24.9,26.4,,,,
2026-08-03T15:20:00Z,2026-09-13T21:37:05Z,60,6.0,8.0,,,,,1018.9,25.0,26.4,,,,
2026-08-03T15:30:00Z,2026-09-13T21:37:05Z,50,7.0,8.0,,,,,1018.9,25.2,26.4,,,,
2026-08-03T15:40:00Z,2026-09-13T21:37:05Z,50,7.0,9.0,,,,,1018.8,25.2,26.4,,,,
2026-08-03T15:50:00Z,2026-09-13T21:37:05Z,70,8.0,11.0,,,,,1019.1,24.6,26.4,,,,
2026-08-03T16:00:00Z,2026-09-13T21:37:05Z,70,6.0,7.0,,,,,1019.0,24.3,26.4,,,+0.0,
2026-08-03T16:10:00Z,2026-09-13T21:37:05Z,70,6.0,8.0,,,,,1019.1,24.9,26.4,,,,
2026-08-03T16:20:00Z,2026-09-13T21:37:05Z,60,7.0,10.0,,,,,1019.0,25.1,26.4,,,,
2026-08-03T16:30:00Z,2026-09-13T21:37:05Z,50,6.0,8.0,,,,,1019.0,25.2,26.4,,,,
2026-08-03T16:40:00Z,2026-09-13T21:37:05Z,60,6.0,8.0,,,,,1019.0,25.1,26.4,,,,
2026-08-03T16:50:00Z,2026-09-13T21:37:05Z,70,7.0,8.0,,,,,1019.2,25.3,26.4,,,,
2026-08-03T17:00:00Z,2026-09-13T21:37:05Z,80,7.0,9.0,,,,,1019.1,25.6,26.4,,,+0.0,
2026-08-03T17:10:00Z,2026-09-13T21:37:05Z,80,8.0,9.0,,,,,1019.2,25.7,26.4,,,,
2026-08-03T17:20:00Z,2026-09-13T21:37:05Z,80,7.0,9.0,,,,,1019.3,25.7,26.4,,,,
2026-08-03T17:30:00Z,2026-09-13T21:37:05Z,80,7.0,10.0,,,,,1019.2,25.8,26.4,,,,
2026-08-03T17:40:00Z,2026-09-13T21:37:05Z,80,7.0,8.0,,,,,1019.3,25.8,26.4,,,,
2026-08-03T17:50:00Z,2026-09-13T21:37:05Z,80,7.0,9.0,,,,,1019.4,25.8,26.4,,,,
2026-08-03T18:00:00Z,2026-09-13T21:37:05Z,90,8.0,10.0,,,,,1019.3,25.7,26.4,,,+0.5,
2026-08-03T18:10:00Z,2026-09-13T21:37:05Z,90,7.0,9.0,,,,,1019.3,25.8,26.4,,,,
2026-08-03T18:20:00Z,2026-09-13T21:37:05Z,90,7.0,9.0,,,,,1019.4,25.9,26.4,,,,
2026-08-03T18:30:00Z,2026-09-13T21:37:05Z,80,7.0,9.0,,,,,1019.3,25.9,26.4,,,,
2026-08-03T18:40:00Z,2026-09-13T21:37:05Z,80,7.0,9.0,,,,,1019.4,25.9,26.4,,,,
2026-08-03T18:50:00Z,2026-09-13T21:37:05Z,80,7.0,9.0,,,,,1019.4,25.9,26.4,,,,
2026-08-03T19:00:00Z,2026-09-13T21:37:05Z,80,6.0,8.0,,,,,1019.4,25.9,26.4,,,+0.4,
2026-08-03T19:10:00Z,2026-09-13T21:37:05Z,70,7.0,10.0,,,,,1019.4,25.7,26.4,,,,
2026-08-03T19:20:00Z,2026-09-13T21:37:05Z,70,6.0,8.0,,,,,1019.5,25.6,26.4,,,,
2026-08-03T19:30:00Z,2026-09-13T21:37:05Z,70,5.0,8.0,,,,,1019.5,25.5,26.4,,,,
2026-08-03T19:40:00Z,2026-09-13T21:37:05Z,70,5.0,8.0,,,,,1019.4,25.5,26.4,,,,
2026-08-03T19:50:00Z,2026-09-13T21:37:05Z,70,6.0,9.0,,,,,1019.3,25.2,26.4,,,,
2026-08-03T20:00:00Z,2026-09-13T21:37:05Z,60,6.0,8.0,,,,,1019.4,24.9,26.4,,,+0.3,
2026-08-03T20:10:00Z,2026-09-13T21:37:05Z,50,6.0,9.0,,,,,1019.4,24.8,26.4,,,,
2026-08-03T20:20:00Z,2026-09-13T21:37:05Z,60,7.0,9.0,,,,,1019.4,25.2,26.4,,,,
2026-08-03T20:30:00Z,2026-09-13T21:37:05Z,60,7.0,9.0,,,,,1019.3,25.3,26.4,,,,
2026-08-03T20:40:00Z,2026-09-13T21:37:05Z,70,6.0,8.0,,,,,1019.3,25.5,26.4,,,,
2026-08-03T20:50:00Z,2026-09-13T21:37:05Z,70,7.0,8.0,,,,,1019.2,25.6,26.4,,,,
2026-08-03T21:00:00Z,2026-09-13T21:37:05Z,60,7.0,9.0,,,,,1019.2,25.5,26.4,,,+0.0,
2026-08-03T21:10:00Z,2026-09-13T21:37:05Z,70,7.0,8.0,,,,,1019.2,25.5,26.4,,,,
2026-08-03T21:20:00Z,2026-09-13T21:37:05Z,70,7.0,9.0,,,,,1019.2,25.6,26.4,,,,
2026-08-03T21:30:00Z,2026-09-13T21:37:05Z,70,7.0,10.0,,,,,1019.1,25.6,26.4,,,,
2026-08-03T21:40:00Z,2026-09-13T21:37:05Z,70,7.0,10.0,,,,,1019.1,25.4,26.4,,,,
2026-08-03T21:50:00Z,2026-09-13T21:37:05Z,70,6.0,9.0,,,,,1018.9,25.7,26.4,,,,
2026-08-03T22:00:00Z,2026-09-13T21:37:05Z,80,7.0,9.0,,,,,1018.9,26.0,26.4,,,-0.5,
2026-08-03T22:10:00Z,2026-09-13T21:37:05Z,80,7.0,9.0,,,,,1018.9,26.0,26.4,,,,
2026-08-03T22:20:00Z,2026-09-13T21:37:05Z,90,7.0,9.0,,,,,1018.7,26.0,26.4,,,,
2026-08-03T22:30:00Z,2026-09-13T21:37:05Z,90,7.0,9.0,,,,,1018.8,25.9,26.4,,,,
2026-08-03T22:40:00Z,2026-09-13T21:37:05Z,90,7.0,8.0,,,,,1018.7,25.9,26.4,,,,
2026-08-03T22:50:00Z,2026-09-13T21:37:05Z,80,7.0,9.0,,,,,1018.6,25.9,26.4,,,,
2026-08-03T23:00:00Z,2026-09-13T21:37:05Z,80,7.0,9.0,,,,,1018.5,25.8,26.4,,,-0.9,
2026-08-03T23:10:00Z,2026-09-13T21:37:05Z,80,7.0,9.0,,,,,1018.5,25.9,26.4,,,,
2026-08-03T23:20:00Z,2026-09-13T21:37:05Z,80,7.0,9.0,,,,,1018.4,25.9,26.4,,,,
2026-08-03T23:40:00Z,2026-09-13T21:37:05Z,80,7.0,9.0,,,,,1018.2,25.8,26.4,,,,
2026-08-03T23:50:00Z,2026-09-13T21:37:05Z,80,7.0,9.0,,,,,1018.1,25.8,26.4,,,,
2026-08-04T00:00:00Z,2026-09-13T21:37:05Z,80,7.0,8.0,,,,,1018.0,25.8,26.4,,,-1.2,
2026-08-04T00:10:00Z,2026-09-13T21:37:05Z,80,7.0,9.0,,,,,1017.9,25.8,26.4,,,,
2026-08-04T00:20:00Z,2026-09-13T21:37:05Z,80,7.0,8.0,,,,,1017.9,25.9,26.4,,,,
2026-08-04T00:30:00Z,2026-09-13T21:37:05Z,70,6.0,7.0,,,,,1017.9,25.8,26.5,,,,
2026-08-04T00:40:00Z,2026-09-13T21:37:05Z,70,6.0,8.0,,,,,1017.9,25.8,26.4,,,,
2026-08-04T00:50:00Z,2026-09-13T21:37:05Z,70,6.0,8.0,,,,,1017.8,25.8,26.5,,,,
2026-08-04T01:00:00Z,2026-09-13T21:37:05Z,80,6.0,8.0,,,,,1017.8,25.8,26.5,,,-1.1,
2026-08-04T01:10:00Z,2026-09-13T21:37:05Z,70,6.0,8.0,,,,,1017.7,25.8,26.5,,,,
2026-08-04T01:20:00Z,2026-09-13T21:37:05Z,70,6.0,8.0,,,,,1017.6,25.8,26.5,,,,
2026-08-04T01:30:00Z,2026-09-13T21:37:05Z,70,6.0,7.0,,,,,1017.4,25.8,26.5,,,,
2026-08-04T01:40:00Z,2026-09-13T21:37:05Z,70,6.0,7.0,,,,,1017.4,25.8,26.5,,,,
2026-08-04T01:50:00Z,2026-09-13T21:37:05Z,60,6.0,7.0,,,,,1017.4,25.8,26.5,,,,
2026-08-04T02:00:00Z,2026-09-13T21:37:05Z,70,6.0,8.0,,,,,1017.4,25.8,26.5,,,-1.1,
2026-08-04T02:10:00Z,2026-09-13T21:37:05Z,60,6.0,8.0,,,,,1017.2,25.8,26.5,,,,
2026-08-04T02:20:00Z,2026-09-13T21:37:05Z,60,7.0,9.0,,,,,1017.0,25.8,26.5,,,,
2026-08-04T02:30:00Z,2026-09-13T21:37:05Z,60,7.0,8.0,,,,,1017.1,25.8,26.5,,,,
2026-08-04T02:40:00Z,2026-09-13T21:37:05Z,60,7.0,8.0,,,,,1017.1,25.8,26.5,,,,
2026-08-04T02:50:00Z,2026-09-13T21:37:05Z,60,6.0,8.0,,,,,1017.1,25.8,26.5,,,,
2026-08-04T03:00:00Z,2026-09-13T21:37:05Z,60,7.0,8.0,,,,,1017.0,25.8,26.5,,,-1.0,
2026-08-04T03:10:00Z,2026-09-13T21:37:05Z,60,7.0,8.0,,,,,1016.9,25.8,26.5,,,,
2026-08-04T03:20:00Z,2026-09-13T21:37:05Z,60,7.0,9.0,,,,,1016.9,25.8,26.5,,,,
2026-08-04T03:30:00Z,2026-09-13T21:37:05Z,60,7.0,9.0,,,,,1016.9,25.8,26.5,,,,
2026-08-04T03:40:00Z,2026-09-13T21:37:05Z,60,7.0,9.0,,,,,1016.9,25.8,26.5,,,,
2026-08-04T03:50:00Z,2026-09-13T21:37:05Z,70,7.0,9.0,,,,,1016.8,25.8,26.4,,,,
2026-08-04T04:00:00Z,2026-09-13T21:37:05Z,60,7.0,9.0,,,,,1016.8,25.8,26.4,,,-1.0,
2026-08-04T04:10:00Z,2026-09-13T21:37:05Z,70,7.0,9.0,,,,,1016.8,25.8,26.4,,,,
2026-08-04T04:20:00Z,2026-09-13T21:37:05Z,70,7.0,9.0,,,,,1017.1,25.8,26.4,,,,
2026-08-04T04:30:00Z,2026-09-13T21:37:05Z,70,7.0,9.0,,,,,1016.9,25.8,26.4,,,,
2026-08-04T04:40:00Z,2026-09-13T21:37:05Z,60,7.0,8.0,,,,,1017.0,25.7,26.4,,,,
2026-08-04T04:50:00Z,2026-09-13T21:37:05Z,70,6.0,8.0,,,,,1017.1,25.7,26.4,,,,
2026-08-04T05:00:00Z,2026-09-13T21:37:05Z,60,6.0,8.0,,,,,1017.2,25.7,26.4,,,-0.0,
2026-08-04T05:10:00Z,2026-09-13T21:37:05Z,60,6.0,8.0,,,,,1017.4,25.8,26.4,,,,
2026-08-04T05:20:00Z,2026-09-13T21:37:05Z,60,7.0,8.0,,,,,1017.3,25.7,26.4,,,,
2026-08-04T05:30:00Z,2026-09-13T21:37:05Z,70,6.0,8.0,,,,,1017.4,25.7,26.4,,,,
2026-08-04T05:40:00Z,2026-09-13T21:37:05Z,60,7.0,9.0,,,,,1017.4,25.7,26.4,,,,
2026-08-04T05:50:00Z,2026-09-13T21:37:05Z,60,7.0,8.0,,,,,1017.4,25.7,26.4,,,,
2026-08-04T06:00:00Z,2026-09-13T21:37:05Z,60,6.0,8.0,,,,,1017.3,25.7,26.4,,,+0.3,
2026-08-04T06:10:00Z,2026-09-13T21:37:05Z,70,7.0,8.0,,,,,1017.3,25.7,26.4,,,,
2026-08-04T06:20:00Z,2026-09-13T21:37:05Z,70,7.0,9.0,,,,,1017.3,25.7,26.4,,,,
2026-08-04T06:30:00Z,2026-09-13T21:37:05Z,60,7.0,9.0,,,,,1017.4,25.7,26.4,,,,
2026-08-04T06:40:00Z,2026-09-13T21:37:05Z,60,6.0,8.0,,,,,1017.6,25.7,26.4,,,,
2026-08-04T06:50:00Z,2026-09-13T21:37:05Z,70,7.0,9.0,,,,,1017.6,25.7,26.4,,,,
2026-08-04T07:00:00Z,2026-09-13T21:37:05Z,60,7.0,9.0,,,,,1017.8,25.7,26.4,,,+1.0,
2026-08-04T07:10:00Z,2026-09-13T21:37:05Z,70,6.0,8.0,,,,,1017.9,25.8,26.4,,,,
2026-08-04T07:20:00Z,2026-09-13T21:37:05Z,70,6.0,7.0,,,,,1018.0,25.8,26.4,,,,
2026-08-04T07:30:00Z,2026-09-13T21:37:05Z,70,6.0,8.0,,,,,1018.1,25.8,26.4,,,,
2026-08-04T07:40:00Z,2026-09-13T21:37:05Z,70,6.0,8.0,,,,,1018.1,25.7,26.4,,,,
2026-08-04T07:50:00Z,2026-09-13T21:37:05Z,70,6.0,8.0,,,,,1018.3,25.7,26.4,,,,
2026-08-04T08:00:00Z,2026-09-13T21:37:05Z,70,6.0,7.0,,,,,1018.2,25.8,26.4,,,+1.0,
2026-08-04T08:10:00Z,2026-09-13T21:37:05Z,70,6.0,8.0,,,,,1018.2,25.8,26.4,,,,
2026-08-04T08:20:00Z,2026-09-13T21:37:05Z,70,6.0,8.0,,,,,1018.3,25.8,26.4,,,,
2026-08-04T08:30:00Z,2026-09-13T21:37:05Z,70,6.0,8.0,,,,,1018.4,25.8,26.4,,,,
2026-08-04T08:40:00Z,2026-09-13T21:37:05Z,80,6.0,7.0,,,,,1018.4,25.9,26.4,,,,
2026-08-04T08:50:00Z,2026-09-13T21:37:05Z,80,6.0,7.0,,,,,1018.2,25.9,26.4,,,,
2026-08-04T09:00:00Z,2026-09-13T21:37:05Z,70,6.0,8.0,,,,,1018.2,25.9,26.4,,,+0.9,
2026-08-04T09:10:00Z,2026-09-13T21:37:05Z,60,6.0,8.0,,,,,1018.1,25.8,26.4,,,,
2026-08-04T09:20:00Z,2026-09-13T21:37:05Z,60,6.0,8.0,,,,,1018.1,25.8,26.4,,,,
2026-08-04T09:30:00Z,2026-09-13T21:37:05Z,60,6.0,8.0,,,,,1018.0,25.8,26.4,,,,
2026-08-04T09:40:00Z,2026-09-13T21:37:05Z,60,6.0,9.0,,,,,1018.0,25.7,26.4,,,,
2026-08-04T09:50:00Z,2026-09-13T21:37:05Z,60,6.0,8.0,,,,,1017.9,25.7,26.4,,,,
2026-08-04T10:00:00Z,2026-09-13T21:37:05Z,70,5.0,7.0,,,,,1017.7,25.7,26.4,,,+0.0,
2026-08-04T10:10:00Z,2026-09-13T21:37:05Z,80,6.0,9.0,,,,,1017.7,25.3,,,,,
2026-08-04T10:20:00Z,2026-09-13T21:37:05Z,60,6.0,10.0,,,,,1017.7,24.9,26.4,,,,
2026-08-04T10:30:00Z,2026-09-13T21:37:05Z,50,6.0,10.0,,,,,1017.8,24.4,26.4,,,,
2026-08-04T10:40:00Z,2026-09-13T21:37:05Z,60,4.0,6.0,,,,,1017.8,24.5,26.4,,,,
2026-08-04T10:50:00Z,2026-09-13T21:37:05Z,70,3.0,5.0,,,,,1017.9,24.8,26.4,,,,
2026-08-04T11:00:00Z,2026-09-13T21:37:05Z,60,3.0,5.0,,,,,1017.7,24.9,26.4,,,-0.5,
2026-08-04T11:10:00Z,2026-09-13T21:37:05Z,60,4.0,7.0,,,,,1017.6,25.2,26.4,,,,
2026-08-04T11:20:00Z,2026-09-13T21:37:05Z,70,6.0,7.0,,,,,1017.6,25.6,26.4,,,,
2026-08-04T11:30:00Z,2026-09-13T21:37:05Z,90,7.0,8.0,,,,,1017.5,25.5,26.4,,,,
2026-08-04T11:40:00Z,2026-09-13T21:37:05Z,80,5.0,8.0,,,,,1017.4,25.1,26.4,,,,
2026-08-04T11:50:00Z,2026-09-13T21:37:05Z,70,7.0,8.0,,,,,1017.3,25.5,26.4,,,,
2026-08-04T12:00:00Z,2026-09-13T21:37:05Z,60,6.0,8.0,,,,,1017.2,25.3,26.4,,,-1.0,
2026-08-04T12:10:00Z,2026-09-13T21:37:05Z,60,6.0,9.0,,,,,1017.1,25.3,26.4,,,,
2026-08-04T12:20:00Z,2026-09-13T21:37:05Z,60,7.0,8.0,,,,,1017.0,25.1,26.4,,,,
2026-08-04T12:30:00Z,2026-09-13T21:37:05Z,60,5.0,7.0,,,,,1016.8,25.1,26.4,,,,
2026-08-04T12:40:00Z,2026-09-13T21:37:05Z,60,5.0,7.0,,,,,1016.8,25.3,26.4,,,,
2026-08-04T12:50:00Z,2026-09-13T21:37:05Z,80,7.0,8.0,,,,,1016.8,25.4,,,,,
2026-08-04T13:00:00Z,2026-09-13T21:37:05Z,80,7.0,8.0,,,,,1016.6,25.5,26.4,,,-1.1,
2026-08-04T13:10:00Z,2026-09-13T21:37:05Z,70,7.0,8.0,,,,,1016.6,25.6,26.4,,,,
2026-08-04T13:20:00Z,2026-09-13T21:37:05Z,70,7.0,9.0,,,,,1016.5,25.6,26.4,,,,
2026-08-04T13:30:00Z,2026-09-13T21:37:05Z,70,7.0,9.0,,,,,1016.6,25.6,26.4,,,,
2026-08-04T13:40:00Z,2026-09-13T21:37:05Z,80,7.0,9.0,,,,,1016.5,25.6,26.4,,,,
2026-08-04T13:50:00Z,2026-09-13T21:37:05Z,80,7.0,9.0,,,,,1016.6,25.6,26.4,,,,
2026-08-04T14:00:00Z,2026-09-13T21:37:05Z,80,7.0,9.0,,,,,1016.6,25.5,26.4,,,-1.1,
2026-08-04T14:10:00Z,2026-09-13T21:37:05Z,70,7.0,8.0,,,,,1016.6,25.5,26.4,,,,
2026-08-04T14:20:00Z,2026-09-13T21:37:05Z,70,7.0,8.0,,,,,1016.6,25.5,26.4,,,,
2026-08-04T14:30:00Z,2026-09-13T21:37:05Z,70,6.0,8.0,,,,,1016.6,25.5,26.4,,,,
2026-08-04T14:40:00Z,2026-09-13T21:37:05Z,70,7.0,9.0,,,,,1016.6,25.5,26.3,,,,
2026-08-04T14:50:00Z,2026-09-13T21:37:05Z,70,7.0,9.0,,,,,1016.6,25.5,26.3,,,,
2026-08-04T15:00:00Z,2026-09-13T21:37:05Z,70,7.0,9.0,,,,,1016.7,25.5,26.3,,,-0.5,
2026-08-04T15:10:00Z,2026-09-13T21:37:05Z,60,7.0,8.0,,,,,1016.8,25.4,26.3,,,,
2026-08-04T15:20:00Z,2026-09-13T21:37:05Z,70,6.0,8.0,,,,,1016.8,25.5,26.3,,,,
2026-08-04T15:30:00Z,2026-09-13T21:37:05Z,70,7.0,9.0,,,,,1016.8,25.5,26.3,,,,
2026-08-04T15:40:00Z,2026-09-13T21:37:05Z,70,7.0,8.0,,,,,1016.9,25.5,26.3,,,,
2026-08-04T15:50:00Z,2026-09-13T21:37:05Z,70,6.0,8.0,,,,,1016.9,25.5,26.3,,,,
2026-08-04T16:00:00Z,2026-09-13T21:37:05Z,70,7.0,9.0,,,,,1017.0,25.5,26.3,,,+0.4,
2026-08-04T16:10:00Z,2026-09-13T21:37:05Z,70,7.0,8.0,,,,,1017.1,25.5,26.3,,,,
2026-08-04T16:20:00Z,2026-09-13T21:37:05Z,70,6.0,8.0,,,,,1017.2,25.5,26.3,,,,
2026-08-04T16:30:00Z,2026-09-13T21:37:05Z,70,6.0,8.0,,,,,1017.3,25.5,26.3,,,,
2026-08-04T16:40:00Z,2026-09-13T21:37:05Z,60,7.0,9.0,,,,,1017.4,25.5,26.3,,,,
2026-08-04T16:50:00Z,2026-09-13T21:37:05Z,70,7.0,8.0,,,,,1017.3,25.5,26.3,,,,
2026-08-04T17:00:00Z,2026-09-13T21:37:05Z,70,7.0,9.0,,,,,1017.5,25.6,26.3,,,+0.9,
2026-08-04T17:10:00Z,2026-09-13T21:37:05Z,80,7.0,8.0,,,,,1017.7,25.7,26.3,,,,
2026-08-04T17:20:00Z,2026-09-13T21:37:05Z,80,6.0,8.0,,,,,1017.8,25.7,26.3,,,,
2026-08-04T17:30:00Z,2026-09-13T21:37:05Z,70,6.0,8.0,,,,,1017.9,25.8,26.3,,,,
2026-08-04T17:40:00Z,2026-09-13T21:37:05Z,70,7.0,8.0,,,,,1017.9,25.7,26.3,,,,
2026-08-04T17:50:00Z,2026-09-13T21:37:05Z,70,7.0,9.0,,,,,1018.0,25.7,26.3,,,,
2026-08-04T18:00:00Z,2026-09-13T21:37:05Z,70,7.0,8.0,,,,,1018.0,25.7,26.3,,,+1.3,
2026-08-04T18:10:00Z,2026-09-13T21:37:05Z,70,7.0,9.0,,,,,1018.1,25.6,26.3,,,,
2026-08-04T18:20:00Z,2026-09-13T21:37:05Z,60,7.0,9.0,,,,,1018.0,25.6,26.3,,,,
2026-08-04T18:30:00Z,2026-09-13T21:37:05Z,70,7.0,8.0,,,,,1018.0,25.7,26.3,,,,
2026-08-04T18:40:00Z,2026-09-13T21:37:05Z,70,7.0,9.0,,,,,1018.0,25.7,26.3,,,,
2026-08-04T18:50:00Z,2026-09-13T21:37:05Z,70,7.0,8.0,,,,,1018.1,25.7,26.3,,,,
2026-08-04T19:00:00Z,2026-09-13T21:37:05Z,70,7.0,9.0,,,,,1018.2,25.7,,,,+1.2,
2026-08-04T19:10:00Z,2026-09-13T21:37:05Z,60,7.0,8.0,,,,,1018.1,25.7,26.3,,,,
2026-08-04T19:20:00Z,2026-09-13T21:37:05Z,70,7.0,8.0,,,,,1018.2,25.7,26.3,,,,
2026-08-04T19:30:00Z,2026-09-13T21:37:05Z,60,7.0,9.0,,,,,1018.2,25.7,26.3,,,,
2026-08-04T19:40:00Z,2026-09-13T21:37:05Z,70,7.0,8.0,,,,,1018.3,25.7,26.3,,,,
2026-08-04T19:50:00Z,2026-09-13T21:37:05Z,70,7.0,8.0,,,,,1018.3,25.7,26.3,,,,
2026-08-04T20:00:00Z,2026-09-13T21:37:05Z,70,7.0,8.0,,,,,1018.2,25.7,26.3,,,+0.7,
2026-08-04T20:10:00Z,2026-09-13T21:37:05Z,70,6.0,8.0,,,,,1018.2,25.7,26.3,,,,
2026-08-04T20:20:00Z,2026-09-13T21:37:05Z,70,6.0,8.0,,,,,1018.2,25.7,26.3,,,,
2026-08-04T20:30:00Z,2026-09-13T21:37:05Z,70,7.0,8.0,,,,,1018.2,25.7,26.3,,,,
2026-08-04T20:40:00Z,2026-09-13T21:37:05Z,60,6.0,8.0,,,,,1018.0,25.7,26.3,,,,
2026-08-04T20:50:00Z,2026-09-13T21:37:05Z,70,6.0,8.0,,,,,1017.9,25.7,26.3,,,,
2026-08-04T21:00:00Z,2026-09-13T21:37:05Z,70,7.0,8.0,,,,,1017.8,25.7,26.3,,,+0.0,
2026-08-04T21:10:00Z,2026-09-13T21:37:05Z,70,7.0,9.0,,,,,1017.7,25.6,26.3,,,,
2026-08-04T21:20:00Z,2026-09-13T21:37:05Z,80,7.0,8.0,,,,,1017.7,25.7,26.3,,,,
2026-08-04T21:30:00Z,2026-09-13T21:37:05Z,70,7.0,9.0,,,,,1017.7,25.7,26.3,,,,
2026-08-04T21:40:00Z,2026-09-13T21:37:05Z,70,7.0,8.0,,,,,1017.6,25.7,26.3,,,,
2026-08-04T21:50:00Z,2026-09-13T21:37:05Z,80,7.0,8.0,,,,,1017.6,25.7,26.3,,,,
2026-08-04T22:00:00Z,2026-09-13T21:37:05Z,80,7.0,9.0,,,,,1017.6,25.7,26.3,,,-0.6,
2026-08-04T22:10:00Z,2026-09-13T21:37:05Z,70,7.0,9.0,,,,,1017.5,25.7,26.4,,,,
2026-08-04T22:20:00Z,2026-09-13T21:37:05Z,70,6.0,8.0,,,,,1017.4,25.7,26.4,,,,
2026-08-04T22:30:00Z,2026-09-13T21:37:05Z,70,7.0,8.0,,,,,1017.2,25.6,26.4,,,,
2026-08-04T22:40:00Z,2026-09-13T21:37:05Z,80,7.0,8.0,,,,,1017.2,25.7,26.4,,,,
2026-08-04T22:50:00Z,2026-09-13T21:37:05Z,70,7.0,8.0,,,,,1017.1,25.7,26.4,,,,
2026-08-04T23:00:00Z,2026-09-13T21:37:05Z,70,7.0,8.0,,,,,1017.1,25.7,26.4,,,-1.1,
2026-08-04T23:10:00Z,2026-09-13T21:37:05Z,80,6.0,8.0,,,,,1017.0,25.7,26.4,,,,
2026-08-04T23:20:00Z,2026-09-13T21:37:05Z,80,7.0,9.0,,,,,1016.8,25.7,26.4,,,,
2026-08-04T23:40:00Z,2026-09-13T21:37:05Z,70,7.0,8.0,,,,,1016.7,25.7,26.4,,,,
2026-08-04T23:50:00Z,2026-09-13T21:37:05Z,70,7.0,9.0,,,,,1016.7,25.7,,,,,
2026-08-05T00:00:00Z,2026-09-13T21:37:05Z,70,7.0,8.0,,,,,1016.8,25.7,26.4,,,-1.0,
2026-08-05T00:10:00Z,2026-09-13T21:37:05Z,70,7.0,9.0,,,,,1016.7,25.7,26.4,,,,
2026-08-05T00:20:00Z,2026-09-13T21:37:05Z,70,7.0,8.0,,,,,1016.6,25.7,26.4,,,,
2026-08-05T00:30:00Z,2026-09-13T21:37:05Z,70,7.0,9.0,,,,,1016.6,25.7,,,,,
2026-08-05T00:40:00Z,2026-09-13T21:37:05Z,70,7.0,8.0,,,,,1016.5,25.8,26.4,,,,
2026-08-05T00:50:00Z,2026-09-13T21:37:05Z,70,7.0,9.0,,,,,1016.5,25.8,26.4,,,,
2026-08-05T01:00:00Z,2026-09-13T21:37:05Z,70,7.0,9.0,,,,,1016.5,25.8,26.4,,,-1.1,
2026-08-05T01:10:00Z,2026-09-13T21:37:05Z,70,7.0,9.0,,,,,1016.5,25.8,26.4,,,,
2026-08-05T01:20:00Z,2026-09-13T21:37:05Z,80,7.0,8.0,,,,,1016.4,25.7,26.4,,,,
2026-08-05T01:30:00Z,2026-09-13T21:37:05Z,70,7.0,9.0,,,,,1016.4,25.8,26.4,,,,
2026-08-05T01:40:00Z,2026-09-13T21:37:05Z,70,7.0,9.0,,,,,1016.3,25.7,26.4,,,,
2026-08-05T01:50:00Z,2026-09-13T21:37:05Z,70,7.0,8.0,,,,,1016.2,25.8,26.4,,,,
2026-08-05T02:00:00Z,2026-09-13T21:37:05Z,80,7.0,8.0,,,,,1016.2,25.8,26.4,,,-0.9,
2026-08-05T02:10:00Z,2026-09-13T21:37:05Z,70,7.0,8.0,,,,,1016.3,25.7,26.4,,,,
2026-08-05T02:20:00Z,2026-09-13T21:37:05Z,70,6.0,8.0,,,,,1016.3,25.8,26.4,,,,
2026-08-05T02:30:00Z,2026-09-13T21:37:05Z,80,6.0,8.0,,,,,1016.3,25.8,26.4,,,,
2026-08-05T02:40:00Z,2026-09-13T21:37:05Z,80,6.0,8.0,,,,,1016.2,25.8,26.4,,,,
2026-08-05T02:50:00Z,2026-09-13T21:37:05Z,70,6.0,8.0,,,,,1016.1,25.8,26.4,,,,
2026-08-05T03:00:00Z,2026-09-13T21:37:05Z,70,6.0,8.0,,,,,1016.0,25.8,26.4,,,-0.8,
2026-08-05T03:10:00Z,2026-09-13T21:37:05Z,70,7.0,9.0,,,,,1016.0,25.8,26.4,,,,
2026-08-05T03:20:00Z,2026-09-13T21:37:05Z,70,7.0,8.0,,,,,1016.1,25.9,26.4,,,,
2026-08-05T03:30:00Z,2026-09-13T21:37:05Z,70,7.0,8.0,,,,,1016.1,25.8,26.4,,,,
2026-08-05T03:40:00Z,2026-09-13T21:37:05Z,80,7.0,8.0,,,,,1016.2,25.8,26.4,,,,
2026-08-05T03:50:00Z,2026-09-13T21:37:05Z,70,7.0,9.0,,,,,1016.2,25.9,26.4,,,,
2026-08-05T04:00:00Z,2026-09-13T21:37:05Z,80,7.0,8.0,,,,,1016.3,25.9,26.4,,,-0.0,
2026-08-05T04:10:00Z,2026-09-13T21:37:05Z,70,7.0,8.0,,,,,1016.4,25.9,26.4,,,,
2026-08-05T04:20:00Z,2026-09-13T21:37:05Z,70,7.0,8.0,,,,,1016.4,25.9,26.4,,,,
2026-08-05T04:30:00Z,2026-09-13T21:37:05Z,70,7.0,8.0,,,,,1016.4,25.8,26.4,,,,
2026-08-05T04:40:00Z,2026-09-13T21:37:05Z,70,7.0,9.0,,,,,1016.5,25.8,26.4,,,,
2026-08-05T04:50:00Z,2026-09-13T21:37:05Z,70,7.0,9.0,,,,,1016.5,25.8,26.4,,,,
2026-08-05T05:00:00Z,2026-09-13T21:37:05Z,70,7.0,9.0,,,,,1016.6,25.8,26.4,,,+0.4,
2026-08-05T05:10:00Z,2026-09-13T21:37:05Z,80,7.0,9.0,,,,,1016.7,25.7,26.4,,,,
2026-08-05T05:20:00Z,2026-09-13T21:37:05Z,70,7.0,9.0,,,,,1016.7,25.7,26.4,,,,
2026-08-05T05:30:00Z,2026-09-13T21:37:05Z,70,7.0,9.0,,,,,1016.9,25.7,26.4,,,,
2026-08-05T05:40:00Z,2026-09-13T21:37:05Z,60,7.0,9.0,,,,,1016.9,25.8,26.4,,,,
2026-08-05T05:50:00Z,2026-09-13T21:37:05Z,70,7.0,9.0,,,,,1016.9,25.7,26.4,,,,
2026-08-05T06:00:00Z,2026-09-13T21:37:05Z,70,7.0,9.0,,,,,1017.1,25.7,26.4,,,+1.1,
2026-08-05T06:10:00Z,2026-09-13T21:37:05Z,70,7.0,9.0,,,,,1017.3,25.7,26.4,,,,
2026-08-05T06:20:00Z,2026-09-13T21:37:05Z,,7.0,9.0,,,,,,25.7,26.4,,,,
2026-08-05T06:30:00Z,2026-09-13T21:37:05Z,60,7.0,9.0,,,,,1017.6,25.7,26.4,,,,
2026-08-05T06:40:00Z,2026-09-13T21:37:05Z,70,7.0,8.0,,,,,1017.9,25.7,26.4,,,,
2026-08-05T06:50:00Z,2026-09-13T21:37:05Z,70,7.0,9.0,,,,,1017.9,25.7,26.4,,,,
2026-08-05T07:00:00Z,2026-09-13T21:37:05Z,70,7.0,8.0,,,,,1017.9,25.7,26.4,,,+1.6,
2026-08-05T07:10:00Z,2026-09-13T21:37:05Z,70,7.0,8.0,,,,,1017.9,25.7,26.4,,,,
2026-08-05T07:20:00Z,2026-09-13T21:37:05Z,70,7.0,9.0,,,,,1018.0,25.7,26.4,,,,
2026-08-05T07:30:00Z,2026-09-13T21:37:05Z,70,7.0,8.0,,,,,1018.0,25.7,26.4,,,,
2026-08-05T07:40:00Z,2026-09-13T21:37:05Z,70,7.0,8.0,,,,,1018.1,25.7,26.4,,,,
2026-08-05T07:50:00Z,2026-09-13T21:37:05Z,60,7.0,9.0,,,,,1018.2,25.7,26.4,,,,
2026-08-05T08:00:00Z,2026-09-13T21:37:05Z,60,7.0,9.0,,,,,1018.4,25.7,26.4,,,+1.8,
2026-08-05T08:10:00Z,2026-09-13T21:37:05Z,70,7.0,8.0,,,,,1018.5,25.7,26.4,,,,
2026-08-05T08:20:00Z,2026-09-13T21:37:05Z,70,7.0,8.0,,,,,1018.5,25.7,26.4,,,,
2026-08-05T08:30:00Z,2026-09-13T21:37:05Z,70,6.0,8.0,,,,,1018.5,25.7,26.4,,,,
2026-08-05T08:40:00Z,2026-09-13T21:37:05Z,70,7.0,8.0,,,,,1018.4,25.6,26.4,,,,
2026-08-05T08:50:00Z,2026-09-13T21:37:05Z,70,7.0,8.0,,,,,1018.4,25.6,26.4,,,,
2026-08-05T09:00:00Z,2026-09-13T21:37:05Z,60,6.0,8.0,,,,,1018.5,25.6,26.4,,,+1.4,
2026-08-05T09:10:00Z,2026-09-13T21:37:05Z,60,6.0,8.0,,,,,1018.3,25.6,26.4,,,,
2026-08-05T09:20:00Z,2026-09-13T21:37:05Z,60,7.0,8.0,,,,,1018.1,25.6,26.4,,,,
2026-08-05T09:30:00Z,2026-09-13T21:37:05Z,60,7.0,8.0,,,,,1018.1,25.6,26.4,,,,
2026-08-05T09:40:00Z,2026-09-13T21:37:05Z,60,7.0,8.0,,,,,1018.0,25.5,26.4,,,,
2026-08-05T09:50:00Z,2026-09-13T21:37:05Z,60,7.0,9.0,,,,,1018.0,25.5,26.4,,,,
2026-08-05T10:00:00Z,2026-09-13T21:37:05Z,60,7.0,9.0,,,,,1017.9,25.5,26.4,,,+0.0,
2026-08-05T10:10:00Z,2026-09-13T21:37:05Z,60,7.0,8.0,,,,,1017.9,25.5,26.4,,,,
2026-08-05T10:20:00Z,2026-09-13T21:37:05Z,70,6.0,8.0,,,,,1017.9,25.6,26.4,,,,
2026-08-05T10:30:00Z,2026-09-13T21:37:05Z,70,6.0,8.0,,,,,1017.9,25.5,26.4,,,,
2026-08-05T10:40:00Z,2026-09-13T21:37:05Z,70,6.0,8.0,,,,,1017.8,25.5,26.4,,,,
2026-08-05T10:50:00Z,2026-09-13T21:37:05Z,70,7.0,8.0,,,,,1017.7,25.5,26.4,,,,
2026-08-05T11:00:00Z,2026-09-13T21:37:05Z,60,7.0,8.0,,,,,1017.7,25.5,26.4,,,-0.7,
2026-08-05T11:10:00Z,2026-09-13T21:37:05Z,60,7.0,8.0,,,,,1017.6,25.5,26.4,,,,
2026-08-05T11:20:00Z,2026-09-13T21:37:05Z,50,7.0,9.0,,,,,1017.5,25.5,26.3,,,,
2026-08-05T11:30:00Z,2026-09-13T21:37:05Z,50,7.0,8.0,,,,,1017.5,25.5,26.4,,,,
2026-08-05T11:40:00Z,2026-09-13T21:37:05Z,60,7.0,9.0,,,,,1017.5,25.4,,,,,
2026-08-05T11:50:00Z,2026-09-13T21:37:05Z,60,7.0,9.0,,,,,1017.5,25.3,26.4,,,,
2026-08-05T12:00:00Z,2026-09-13T21:37:05Z,70,7.0,9.0,,,,,1017.4,25.4,26.4,,,-1.1,
2026-08-05T12:10:00Z,2026-09-13T21:37:05Z,60,7.0,9.0,,,,,1017.1,25.5,26.4,,,,
2026-08-05T12:20:00Z,2026-09-13T21:37:05Z,60,8.0,9.0,,,,,1017.0,25.4,26.4,,,,
2026-08-05T12:30:00Z,2026-09-13T21:37:05Z,70,8.0,10.0,,,,,1017.1,25.5,26.4,,,,
2026-08-05T12:40:00Z,2026-09-13T21:37:05Z,60,8.0,9.0,,,,,1017.0,25.5,26.4,,,,
2026-08-05T12:50:00Z,2026-09-13T21:37:05Z,60,8.0,9.0,,,,,1016.9,25.4,26.4,,,,
2026-08-05T13:00:00Z,2026-09-13T21:37:05Z,60,8.0,9.0,,,,,1017.0,25.4,26.4,,,-0.9,
2026-08-05T13:10:00Z,2026-09-13T21:37:05Z,60,7.0,9.0,,,,,1016.9,25.4,26.4,,,,
2026-08-05T13:20:00Z,2026-09-13T21:37:05Z,60,7.0,9.0,,,,,1016.9,25.4,26.4,,,,
2026-08-05T13:30:00Z,2026-09-13T21:37:05Z,70,7.0,9.0,,,,,1016.9,25.4,26.4,,,,
2026-08-05T13:40:00Z,2026-09-13T21:37:05Z,60,7.0,9.0,,,,,1016.9,25.4,26.4,,,,
2026-08-05T13:50:00Z,2026-09-13T21:37:05Z,60,7.0,9.0,,,,,1016.9,25.4,26.4,,,,
2026-08-05T14:00:00Z,2026-09-13T21:37:05Z,60,8.0,10.0,,,,,1016.9,25.3,26.4,,,-0.8,
2026-08-05T14:10:00Z,2026-09-13T21:37:05Z,60,7.0,9.0,,,,,1017.0,25.3,26.4,,,,
2026-08-05T14:20:00Z,2026-09-13T21:37:05Z,60,7.0,9.0,,,,,1017.0,25.4,26.4,,,,
2026-08-05T14:30:00Z,2026-09-13T21:37:05Z,70,8.0,9.0,,,,,1017.1,25.5,26.4,,,,
2026-08-05T14:40:00Z,2026-09-13T21:37:05Z,60,7.0,9.0,,,,,1017.1,25.4,26.4,,,,
2026-08-05T14:50:00Z,2026-09-13T21:37:05Z,70,7.0,9.0,,,,,1017.1,25.5,26.4,,,,
2026-08-05T15:00:00Z,2026-09-13T21:37:05Z,70,8.0,9.0,,,,,1017.1,25.5,26.4,,,-0.3,
2026-08-05T15:10:00Z,2026-09-13T21:37:05Z,70,7.0,9.0,,,,,1017.1,25.5,26.4,,,,
2026-08-05T15:20:00Z,2026-09-13T21:37:05Z,70,7.0,10.0,,,,,1017.1,25.4,,,,,
2026-08-05T15:30:00Z,2026-09-13T21:37:05Z,80,8.0,9.0,,,,,1017.1,25.5,26.4,,,,
2026-08-05T15:40:00Z,2026-09-13T21:37:05Z,80,8.0,9.0,,,,,1017.1,25.5,26.4,,,,
2026-08-05T15:50:00Z,2026-09-13T21:37:05Z,70,7.0,9.0,,,,,1017.3,25.5,26.4,,,,
2026-08-05T16:00:00Z,2026-09-13T21:37:05Z,70,8.0,9.0,,,,,1017.2,25.4,26.4,,,+0.0,
2026-08-05T16:10:00Z,2026-09-13T21:37:05Z,70,8.0,9.0,,,,,1017.3,25.5,26.4,,,,
2026-08-05T16:20:00Z,2026-09-13T21:37:05Z,70,7.0,9.0,,,,,1017.3,25.5,26.4,,,,
2026-08-05T16:30:00Z,2026-09-13T21:37:05Z,70,7.0,9.0,,,,,1017.3,25.5,26.4,,,,
2026-08-05T16:40:00Z,2026-09-13T21:37:05Z,70,7.0,9.0,,,,,1017.4,25.6,26.4,,,,
2026-08-05T16:50:00Z,2026-09-13T21:37:05Z,70,7.0,9.0,,,,,1017.5,25.5,26.4,,,,
2026-08-05T17:00:00Z,2026-09-13T21:37:05Z,70,7.0,9.0,,,,,1017.5,25.5,26.4,,,+0.6,
2026-08-05T17:10:00Z,2026-09-13T21:37:05Z,70,8.0,9.0,,,,,1017.5,25.5,26.3,,,,
2026-08-05T17:20:00Z,2026-09-13T21:37:05Z,70,7.0,9.0,,,,,1017.7,25.5,26.4,,,,
2026-08-05T17:30:00Z,2026-09-13T21:37:05Z,70,7.0,8.0,,,,,1017.8,25.5,26.4,,,,
2026-08-05T17:40:00Z,2026-09-13T21:37:05Z,70,7.0,9.0,,,,,1017.9,25.5,26.4,,,,
2026-08-05T17:50:00Z,2026-09-13T21:37:05Z,70,7.0,9.0,,,,,1017.8,25.6,26.4,,,,
2026-08-05T18:00:00Z,2026-09-13T21:37:05Z,70,7.0,9.0,,,,,1017.9,25.6,,,,+0.8,
2026-08-05T18:10:00Z,2026-09-13T21:37:05Z,70,7.0,9.0,,,,,1017.9,25.5,26.4,,,,
2026-08-05T18:20:00Z,2026-09-13T21:37:05Z,70,7.0,8.0,,,,,1018.0,25.5,26.3,,,,
2026-08-05T18:30:00Z,2026-09-13T21:37:05Z,70,7.0,9.0,,,,,1018.1,25.5,26.4,,,,
2026-08-05T18:40:00Z,2026-09-13T21:37:05Z,70,7.0,8.0,,,,,1018.2,25.5,26.4,,,,
2026-08-05T18:50:00Z,2026-09-13T21:37:05Z,70,7.0,9.0,,,,,1018.2,25.6,,,,,
2026-08-05T19:00:00Z,2026-09-13T21:37:05Z,70,7.0,8.0,,,,,1018.3,25.5,,,,+1.1,
2026-08-05T19:10:00Z,2026-09-13T21:37:05Z,70,7.0,8.0,,,,,1018.2,25.5,26.4,,,,
2026-08-05T19:20:00Z,2026-09-13T21:37:05Z,80,7.0,8.0,,,,,1018.3,25.6,26.4,,,,
2026-08-05T19:30:00Z,2026-09-13T21:37:05Z,80,7.0,8.0,,,,,1018.3,25.6,26.4,,,,
2026-08-05T19:40:00Z,2026-09-13T21:37:05Z,80,7.0,8.0,,,,,1018.4,25.6,26.4,,,,
2026-08-05T19:50:00Z,2026-09-13T21:37:05Z,80,7.0,8.0,,,,,1018.3,25.7,26.4,,,,
2026-08-05T20:00:00Z,2026-09-13T21:37:05Z,70,7.0,9.0,,,,,1018.3,25.7,26.4,,,+0.8,
2026-08-05T20:10:00Z,2026-09-13T21:37:05Z,70,7.0,9.0,,,,,1018.4,25.7,26.4,,,,
2026-08-05T20:20:00Z,2026-09-13T21:37:05Z,70,7.0,9.0,,,,,1018.5,25.6,26.4,,,,
2026-08-05T20:30:00Z,2026-09-13T21:37:05Z,70,7.0,8.0,,,,,1018.5,25.7,26.4,,,,
2026-08-05T20:40:00Z,2026-09-13T21:37:05Z,70,7.0,9.0,,,,,1018.4,25.7,26.4,,,,
2026-08-05T20:50:00Z,2026-09-13T21:37:05Z,70,7.0,9.0,,,,,1018.4,25.8,26.4,,,,
2026-08-05T21:00:00Z,2026-09-13T21:37:05Z,80,7.0,9.0,,,,,1018.5,25.8,26.4,,,+0.6,
2026-08-05T21:10:00Z,2026-09-13T21:37:05Z,70,7.0,8.0,,,,,1018.2,25.8,26.4,,,,
2026-08-05T21:20:00Z,2026-09-13T21:37:05Z,80,7.0,9.0,,,,,1018.2,25.9,26.4,,,,
2026-08-05T21:30:00Z,2026-09-13T21:37:05Z,80,7.0,8.0,,,,,1018.2,25.9,26.4,,,,
2026-08-05T21:40:00Z,2026-09-13T21:37:05Z,80,7.0,8.0,,,,,1018.0,25.9,26.4,,,,
2026-08-05T21:50:00Z,2026-09-13T21:37:05Z,80,7.0,8.0,,,,,1018.0,25.9,26.4,,,,
2026-08-05T22:00:00Z,2026-09-13T21:37:05Z,80,7.0,9.0,,,,,1018.0,25.8,26.4,,,-0.3,
2026-08-05T22:10:00Z,2026-09-13T21:37:05Z,80,7.0,8.0,,,,,1018.0,25.9,26.4,,,,
2026-08-05T22:20:00Z,2026-09-13T21:37:05Z,70,7.0,8.0,,,,,1018.0,25.9,26.4,,,,
2026-08-05T22:30:00Z,2026-09-13T21:37:05Z,80,7.0,8.0,,,,,1018.0,25.9,26.4,,,,
2026-08-05T22:40:00Z,2026-09-13T21:37:05Z,80,6.0,8.0,,,,,1017.9,25.9,26.4,,,,
2026-08-05T22:50:00Z,2026-09-13T21:37:05Z,80,7.0,8.0,,,,,1017.7,25.8,26.4,,,,
2026-08-05T23:00:00Z,2026-09-13T21:37:05Z,80,6.0,8.0,,,,,1017.7,25.9,26.4,,,-0.6,
2026-08-05T23:10:00Z,2026-09-13T21:37:05Z,80,6.0,8.0,,,,,1017.7,25.9,26.4,,,,
2026-08-05T23:20:00Z,2026-09-13T21:37:05Z,70,6.0,8.0,,,,,1017.5,25.9,26.4,,,,
2026-08-05T23:30:00Z,2026-09-13T21:37:05Z,70,6.0,8.0,,,,,1017.5,25.9,26.4,,,,
2026-08-05T23:40:00Z,2026-09-13T21:37:05Z,70,6.0,8.0,,,,,1017.4,25.9,26.5,,,,
2026-08-05T23:50:00Z,2026-09-13T21:37:05Z,70,6.0,8.0,,,,,1017.3,25.9,26.4,,,,
2026-08-06T00:00:00Z,2026-09-13T21:37:05Z,70,6.0,8.0,,,,,1017.3,25.9,26.5,,,-1.2,
2026-08-06T00:10:00Z,2026-09-13T21:37:05Z,70,6.0,8.0,,,,,1017.2,25.9,,,,,
2026-08-06T00:20:00Z,2026-09-13T21:37:05Z,70,6.0,8.0,,,,,1017.2,25.9,26.5,,,,
2026-08-06T00:30:00Z,2026-09-13T21:37:05Z,70,6.0,8.0,,,,,1017.2,25.9,26.4,,,,
2026-08-06T00:40:00Z,2026-09-13T21:37:05Z,70,6.0,8.0,,,,,1017.0,25.9,26.5,,,,
2026-08-06T00:50:00Z,2026-09-13T21:37:05Z,70,6.0,7.0,,,,,1017.0,25.9,26.4,,,,
2026-08-06T01:00:00Z,2026-09-13T21:37:05Z,70,6.0,8.0,,,,,1016.9,25.9,26.5,,,-1.1,
2026-08-06T01:10:00Z,2026-09-13T21:37:05Z,70,7.0,8.0,,,,,1016.8,25.9,26.4,,,,
2026-08-06T01:20:00Z,2026-09-13T21:37:05Z,60,7.0,8.0,,,,,1016.7,25.9,26.5,,,,
2026-08-06T01:30:00Z,2026-09-13T21:37:05Z,70,7.0,8.0,,,,,1016.6,25.9,26.5,,,,
2026-08-06T01:40:00Z,2026-09-13T21:37:05Z,60,7.0,8.0,,,,,1016.5,25.9,26.5,,,,
2026-08-06T01:50:00Z,2026-09-13T21:37:05Z,70,6.0,8.0,,,,,1016.6,25.9,26.5,,,,
2026-08-06T02:00:00Z,2026-09-13T21:37:05Z,60,6.0,8.0,,,,,1016.5,26.0,26.5,,,-1.2,
2026-08-06T02:10:00Z,2026-09-13T21:37:05Z,60,7.0,8.0,,,,,1016.4,25.9,26.5,,,,
2026-08-06T02:20:00Z,2026-09-13T21:37:05Z,60,7.0,9.0,,,,,1016.5,25.9,26.5,,,,
2026-08-06T02:30:00Z,2026-09-13T21:37:05Z,70,7.0,9.0,,,,,1016.6,25.9,26.5,,,,
2026-08-06T02:40:00Z,2026-09-13T21:37:05Z,70,7.0,9.0,,,,,1016.6,25.9,26.5,,,,
2026-08-06T02:50:00Z,2026-09-13T21:37:05Z,70,7.0,9.0,,,,,1016.6,25.9,26.5,,,,
2026-08-06T03:00:00Z,2026-09-13T21:37:05Z,70,7.0,9.0,,,,,1016.5,25.9,26.5,,,-0.8,
2026-08-06T03:10:00Z,2026-09-13T21:37:05Z,80,7.0,9.0,,,,,1016.6,25.9,26.5,,,,
2026-08-06T03:20:00Z,2026-09-13T21:37:05Z,80,7.0,8.0,,,,,1016.6,25.9,26.5,,,,
2026-08-06T03:30:00Z,2026-09-13T21:37:05Z,70,7.0,8.0,,,,,1016.6,26.0,26.5,,,,
2026-08-06T03:40:00Z,2026-09-13T21:37:05Z,70,7.0,8.0,,,,,1016.6,26.0,,,,,
2026-08-06T03:50:00Z,2026-09-13T21:37:05Z,70,7.0,8.0,,,,,1016.6,26.0,26.5,,,,
2026-08-06T04:00:00Z,2026-09-13T21:37:05Z,70,7.0,8.0,,,,,1016.3,26.0,26.5,,,-0.6,
2026-08-06T04:10:00Z,2026-09-13T21:37:05Z,70,7.0,9.0,,,,,1016.3,25.9,26.4,,,,
2026-08-06T04:20:00Z,2026-09-13T21:37:05Z,70,7.0,9.0,,,,,1016.4,26.0,26.4,,,,
2026-08-06T04:30:00Z,2026-09-13T21:37:05Z,70,7.0,9.0,,,,,1016.4,25.9,26.4,,,,
2026-08-06T04:40:00Z,2026-09-13T21:37:05Z,70,8.0,9.0,,,,,1016.6,25.9,26.4,,,,
2026-08-06T04:50:00Z,2026-09-13T21:37:05Z,70,7.0,8.0,,,,,1016.8,25.9,26.4,,,,
2026-08-06T05:00:00Z,2026-09-13T21:37:05Z,70,7.0,9.0,,,,,1016.8,25.8,26.4,,,+0.3,
2026-08-06T05:10:00Z,2026-09-13T21:37:05Z,60,8.0,10.0,,,,,1016.8,25.8,26.4,,,,
2026-08-06T05:20:00Z,2026-09-13T21:37:05Z,70,8.0,9.0,,,,,1016.9,25.8,26.4,,,,
2026-08-06T05:30:00Z,2026-09-13T21:37:05Z,60,7.0,9.0,,,,,1017.0,25.8,26.4,,,,
2026-08-06T05:40:00Z,2026-09-13T21:37:05Z,70,7.0,9.0,,,,,1017.1,25.7,26.4,,,,
2026-08-06T05:50:00Z,2026-09-13T21:37:05Z,70,7.0,9.0,,,,,1017.2,25.7,,,,,
2026-08-06T06:00:00Z,2026-09-13T21:37:05Z,70,7.0,9.0,,,,,1017.3,25.8,26.4,,,+0.8,
2026-08-06T06:10:00Z,2026-09-13T21:37:05Z,70,7.0,8.0,,,,,1017.4,25.7,26.4,,,,
2026-08-06T06:20:00Z,2026-09-13T21:37:05Z,70,7.0,8.0,,,,,1017.4,25.7,26.4,,,,
2026-08-06T06:30:00Z,2026-09-13T21:37:05Z,70,7.0,9.0,,,,,1017.7,25.7,26.4,,,,
2026-08-06T06:40:00Z,2026-09-13T21:37:05Z,70,7.0,9.0,,,,,1017.8,25.8,26.4,,,,
2026-08-06T06:50:00Z,2026-09-13T21:37:05Z,70,7.0,9.0,,,,,1017.7,25.8,26.4,,,,
2026-08-06T07:00:00Z,2026-09-13T21:37:05Z,70,7.0,8.0,,,,,1017.9,25.8,26.4,,,+1.6,
2026-08-06T07:10:00Z,2026-09-13T21:37:05Z,70,7.0,8.0,,,,,1018.0,25.8,26.4,,,,
2026-08-06T07:20:00Z,2026-09-13T21:37:05Z,80,6.0,8.0,,,,,1018.1,25.8,26.4,,,,
2026-08-06T07:30:00Z,2026-09-13T21:37:05Z,70,7.0,8.0,,,,,1018.2,25.8,26.4,,,,
2026-08-06T07:40:00Z,2026-09-13T21:37:05Z,90,8.0,10.0,,,,,1018.5,25.6,26.4,,,,
2026-08-06T07:50:00Z,2026-09-13T21:37:05Z,100,7.0,9.0,,,,,1018.6,25.3,26.4,,,,
2026-08-06T08:00:00Z,2026-09-13T21:37:05Z,90,6.0,8.0,,,,,1018.7,25.5,26.4,,,+1.9,
2026-08-06T08:10:00Z,2026-09-13T21:37:05Z,90,6.0,8.0,,,,,1018.7,25.7,26.4,,,,
2026-08-06T08:20:00Z,2026-09-13T21:37:05Z,80,7.0,9.0,,,,,1018.6,25.8,26.4,,,,
2026-08-06T08:30:00Z,2026-09-13T21:37:05Z,80,7.0,9.0,,,,,1018.5,25.8,26.4,,,,
2026-08-06T08:40:00Z,2026-09-13T21:37:05Z,80,7.0,8.0,,,,,1018.5,25.9,26.4,,,,
2026-08-06T08:50:00Z,2026-09-13T21:37:05Z,80,7.0,9.0,,,,,1018.5,25.8,26.4,,,,
2026-08-06T09:00:00Z,2026-09-13T21:37:05Z,70,6.0,8.0,,,,,1018.6,25.7,26.4,,,+1.3,
2026-08-06T09:10:00Z,2026-09-13T21:37:05Z,80,7.0,8.0,,,,,1018.5,25.7,26.4,,,,
2026-08-06T09:20:00Z,2026-09-13T21:37:05Z,80,7.0,8.0,,,,,1018.5,25.8,26.4,,,,
2026-08-06T09:30:00Z,2026-09-13T21:37:05Z,80,7.0,8.0,,,,,1018.5,25.7,26.4,,,,
2026-08-06T09:40:00Z,2026-09-13T21:37:05Z,80,6.0,8.0,,,,,1018.4,25.8,26.4,,,,
2026-08-06T09:50:00Z,2026-09-13T21:37:05Z,80,6.0,8.0,,,,,1018.3,25.7,26.4,,,,
2026-08-06T10:00:00Z,2026-09-13T21:37:05Z,70,6.0,8.0,,,,,1018.4,25.7,26.4,,,+0.5,
2026-08-06T10:10:00Z,2026-09-13T21:37:05Z,70,6.0,8.0,,,,,1018.6,25.7,26.4,,,,
2026-08-06T10:20:00Z,2026-09-13T21:37:05Z,80,6.0,8.0,,,,,1018.5,25.7,26.4,,,,
2026-08-06T10:30:00Z,2026-09-13T21:37:05Z,80,6.0,7.0,,,,,1018.5,25.7,26.4,,,,
2026-08-06T10:40:00Z,2026-09-13T21:37:05Z,80,6.0,7.0,,,,,1018.6,25.7,26.4,,,,
2026-08-06T10:50:00Z,2026-09-13T21:37:05Z,80,5.0,7.0,,,,,1018.5,25.6,26.4,,,,
2026-08-06T11:00:00Z,2026-09-13T21:37:05Z,70,5.0,7.0,,,,,1018.4,25.6,26.4,,,-0.3,
2026-08-06T11:10:00Z,2026-09-13T21:37:05Z,70,6.0,7.0,,,,,1018.3,25.6,26.4,,,,
2026-08-06T11:20:00Z,2026-09-13T21:37:05Z,70,6.0,7.0,,,,,1018.2,25.6,26.4,,,,
2026-08-06T11:30:00Z,2026-09-13T21:37:05Z,70,5.0,7.0,,,,,1018.1,25.6,26.4,,,,
2026-08-06T11:40:00Z,2026-09-13T21:37:05Z,80,5.0,7.0,,,,,1018.2,25.6,26.4,,,,
2026-08-06T11:50:00Z,2026-09-13T21:37:05Z,80,5.0,7.0,,,,,1018.0,25.6,26.4,,,,
2026-08-06T12:00:00Z,2026-09-13T21:37:05Z,80,5.0,7.0,,,,,1018.0,25.6,26.4,,,-0.6,
2026-08-06T12:10:00Z,2026-09-13T21:37:05Z,80,5.0,6.0,,,,,1017.9,25.6,26.4,,,,
2026-08-06T12:20:00Z,2026-09-13T21:37:05Z,70,5.0,7.0,,,,,1017.8,25.6,26.4,,,,
2026-08-06T12:30:00Z,2026-09-13T21:37:05Z,70,5.0,6.0,,,,,1017.7,25.6,26.4,,,,
2026-08-06T12:40:00Z,2026-09-13T21:37:05Z,70,5.0,6.0,,,,,1017.8,25.5,26.4,,,,
2026-08-06T12:50:00Z,2026-09-13T21:37:05Z,70,5.0,6.0,,,,,1017.8,25.6,,,,,
2026-08-06T13:00:00Z,2026-09-13T21:37:05Z,70,5.0,6.0,,,,,1017.6,25.6,26.4,,,-0.8,
2026-08-06T13:10:00Z,2026-09-13T21:37:05Z,70,6.0,7.0,,,,,1017.7,25.5,26.4,,,,
2026-08-06T13:20:00Z,2026-09-13T21:37:05Z,80,5.0,7.0,,,,,1017.5,25.6,26.4,,,,
2026-08-06T13:30:00Z,2026-09-13T21:37:05Z,80,5.0,7.0,,,,,1017.5,25.5,26.4,,,,
2026-08-06T13:40:00Z,2026-09-13T21:37:05Z,80,5.0,6.0,,,,,1017.5,25.5,26.4,,,,
2026-08-06T13:50:00Z,2026-09-13T21:37:05Z,80,5.0,6.0,,,,,1017.4,25.6,26.4,,,,
2026-08-06T14:00:00Z,2026-09-13T21:37:05Z,70,5.0,6.0,,,,,1017.5,25.6,26.4,,,-0.9,
2026-08-06T14:10:00Z,2026-09-13T21:37:05Z,70,5.0,7.0,,,,,1017.5,25.5,26.4,,,,
2026-08-06T14:20:00Z,2026-09-13T21:37:05Z,80,5.0,6.0,,,,,1017.6,25.5,26.4,,,,
2026-08-06T14:30:00Z,2026-09-13T21:37:05Z,70,5.0,6.0,,,,,1017.6,25.4,26.4,,,,
2026-08-06T14:40:00Z,2026-09-13T21:37:05Z,70,6.0,7.0,,,,,1017.6,25.4,26.4,,,,
2026-08-06T14:50:00Z,2026-09-13T21:37:05Z,70,6.0,7.0,,,,,1017.6,25.4,26.4,,,,
2026-08-06T15:00:00Z,2026-09-13T21:37:05Z,70,6.0,7.0,,,,,1017.6,25.2,26.4,,,-0.4,
2026-08-06T15:10:00Z,2026-09-13T21:37:05Z,80,5.0,7.0,,,,,1017.7,25.4,26.4,,,,
2026-08-06T15:20:00Z,2026-09-13T21:37:05Z,70,5.0,7.0,,,,,1017.7,25.5,26.4,,,,
2026-08-06T15:30:00Z,2026-09-13T21:37:05Z,70,6.0,7.0,,,,,1017.6,25.4,26.4,,,,
2026-08-06T15:40:00Z,2026-09-13T21:37:05Z,80,5.0,7.0,,,,,1017.7,25.5,26.4,,,,
2026-08-06T15:50:00Z,2026-09-13T21:37:05Z,70,6.0,7.0,,,,,1017.7,25.5,26.4,,,,
2026-08-06T16:00:00Z,2026-09-13T21:37:05Z,70,5.0,7.0,,,,,1017.7,25.4,26.4,,,+0.0,
2026-08-06T16:10:00Z,2026-09-13T21:37:05Z,80,5.0,6.0,,,,,1017.7,25.3,26.4,,,,
2026-08-06T16:20:00Z,2026-09-13T21:37:05Z,80,5.0,6.0,,,,,1017.6,25.4,26.4,,,,
2026-08-06T16:30:00Z,2026-09-13T21:37:05Z,80,5.0,7.0,,,,,1017.7,25.4,26.4,,,,
2026-08-06T16:40:00Z,2026-09-13T21:37:05Z,80,5.0,7.0,,,,,1017.8,25.4,26.4,,,,
2026-08-06T16:50:00Z,2026-09-13T21:37:05Z,80,5.0,7.0,,,,,1017.9,25.5,26.4,,,,
2026-08-06T17:00:00Z,2026-09-13T21:37:05Z,80,6.0,7.0,,,,,1017.9,25.6,26.4,,,+0.4,
2026-08-06T17:10:00Z,2026-09-13T21:37:05Z,80,6.0,8.0,,,,,1017.9,25.6,26.4,,,,
2026-08-06T17:20:00Z,2026-09-13T21:37:05Z,70,6.0,7.0,,,,,1018.0,25.6,26.4,,,,
2026-08-06T17:30:00Z,2026-09-13T21:37:05Z,70,6.0,7.0,,,,,1018.0,25.6,26.3,,,,
2026-08-06T17:40:00Z,2026-09-13T21:37:05Z,70,6.0,8.0,,,,,1018.0,25.7,26.4,,,,
2026-08-06T17:50:00Z,2026-09-13T21:37:05Z,70,6.0,7.0,,,,,1018.0,25.7,26.3,,,,
2026-08-06T18:00:00Z,2026-09-13T21:37:05Z,70,6.0,7.0,,,,,1018.0,25.8,26.4,,,+0.4,
2026-08-06T18:10:00Z,2026-09-13T21:37:05Z,70,6.0,7.0,,,,,1018.0,25.8,26.4,,,,
2026-08-06T18:20:00Z,2026-09-13T21:37:05Z,70,7.0,8.0,,,,,1018.0,25.7,26.4,,,,
2026-08-06T18:30:00Z,2026-09-13T21:37:05Z,70,6.0,8.0,,,,,1018.1,25.8,26.4,,,,
2026-08-06T18:40:00Z,2026-09-13T21:37:05Z,70,6.0,8.0,,,,,1018.1,25.8,26.4,,,,
2026-08-06T18:50:00Z,2026-09-13T21:37:05Z,60,7.0,8.0,,,,,1018.2,25.8,26.4,,,,
2026-08-06T19:00:00Z,2026-09-13T21:37:05Z,70,6.0,8.0,,,,,1018.3,25.8,26.4,,,+0.6,
2026-08-06T19:10:00Z,2026-09-13T21:37:05Z,70,6.0,7.0,,,,,1018.5,25.7,26.4,,,,
2026-08-06T19:20:00Z,2026-09-13T21:37:05Z,70,6.0,7.0,,,,,1018.6,25.8,26.4,,,,
2026-08-06T19:30:00Z,2026-09-13T21:37:05Z,70,6.0,7.0,,,,,1018.5,25.8,26.4,,,,
2026-08-06T19:40:00Z,2026-09-13T21:37:05Z,70,6.0,7.0,,,,,1018.5,25.8,26.4,,,,
2026-08-06T19:50:00Z,2026-09-13T21:37:05Z,70,6.0,7.0,,,,,1018.6,25.8,26.4,,,,
2026-08-06T20:00:00Z,2026-09-13T21:37:05Z,70,5.0,7.0,,,,,1018.6,25.8,26.4,,,+0.7,
2026-08-06T20:10:00Z,2026-09-13T21:37:05Z,70,6.0,7.0,,,,,1018.7,25.7,26.4,,,,
2026-08-06T20:20:00Z,2026-09-13T21:37:05Z,60,6.0,7.0,,,,,1018.6,25.8,26.4,,,,
2026-08-06T20:30:00Z,2026-09-13T21:37:05Z,70,6.0,7.0,,,,,1018.6,25.7,26.4,,,,
2026-08-06T20:40:00Z,2026-09-13T21:37:05Z,70,5.0,6.0,,,,,1018.6,25.8,26.4,,,,
2026-08-06T20:50:00Z,2026-09-13T21:37:05Z,70,6.0,7.0,,,,,1018.6,25.8,26.4,,,,
2026-08-06T21:00:00Z,2026-09-13T21:37:05Z,70,6.0,8.0,,,,,1018.7,25.8,26.5,,,+0.7,
2026-08-06T21:10:00Z,2026-09-13T21:37:05Z,70,6.0,7.0,,,,,1018.6,25.8,26.5,,,,
2026-08-06T21:20:00Z,2026-09-13T21:37:05Z,60,6.0,7.0,,,,,1018.6,25.8,26.5,,,,
2026-08-06T21:30:00Z,2026-09-13T21:37:05Z,60,6.0,7.0,,,,,1018.6,25.8,26.5,,,,
2026-08-06T21:40:00Z,2026-09-13T21:37:05Z,60,6.0,7.0,,,,,1018.6,25.8,26.5,,,,
2026-08-06T21:50:00Z,2026-09-13T21:37:05Z,60,6.0,7.0,,,,,1018.5,25.8,26.5,,,,
2026-08-06T22:00:00Z,2026-09-13T21:37:05Z,60,6.0,7.0,,,,,1018.5,25.9,26.5,,,+0.0,
2026-08-06T22:10:00Z,2026-09-13T21:37:05Z,60,6.0,7.0,,,,,1018.5,25.8,26.5,,,,
2026-08-06T22:20:00Z,2026-09-13T21:37:05Z,70,6.0,7.0,,,,,1018.3,25.9,26.5,,,,
2026-08-06T22:30:00Z,2026-09-13T21:37:05Z,70,6.0,7.0,,,,,1018.2,25.9,26.5,,,,
2026-08-06T22:40:00Z,2026-09-13T21:37:05Z,70,6.0,7.0,,,,,1018.1,25.8,26.5,,,,
2026-08-06T22:50:00Z,2026-09-13T21:37:05Z,70,6.0,7.0,,,,,1018.0,25.8,26.5,,,,
2026-08-06T23:00:00Z,2026-09-13T21:37:05Z,60,5.0,6.0,,,,,1018.0,25.9,26.6,,,-0.6,
2026-08-06T23:10:00Z,2026-09-13T21:37:05Z,60,5.0,6.0,,,,,1018.0,25.9,26.6,,,,
2026-08-06T23:40:00Z,2026-09-13T21:37:05Z,50,5.0,6.0,,,,,1017.7,25.9,26.6,,,,
2026-08-06T23:50:00Z,2026-09-13T21:37:05Z,60,5.0,7.0,,,,,1017.7,25.9,26.6,,,,
2026-08-07T00:00:00Z,2026-09-13T21:37:05Z,70,5.0,7.0,,,,,1017.7,25.9,26.6,,,-1.0,
2026-08-07T00:10:00Z,2026-09-13T21:37:05Z,80,5.0,6.0,,,,,1017.5,25.9,26.6,,,,
2026-08-07T00:20:00Z,2026-09-13T21:37:05Z,80,5.0,6.0,,,,,1017.5,25.9,26.6,,,,
2026-08-07T00:30:00Z,2026-09-13T21:37:05Z,80,5.0,6.0,,,,,1017.5,26.0,26.6,,,,
2026-08-07T00:40:00Z,2026-09-13T21:37:05Z,80,5.0,6.0,,,,,1017.3,26.0,26.6,,,,
2026-08-07T00:50:00Z,2026-09-13T21:37:05Z,80,6.0,7.0,,,,,1017.2,25.9,26.6,,,,
2026-08-07T01:00:00Z,2026-09-13T21:37:05Z,80,5.0,7.0,,,,,1017.0,25.9,26.6,,,-1.5,
2026-08-07T01:10:00Z,2026-09-13T21:37:05Z,80,5.0,6.0,,,,,1017.0,25.9,26.6,,,,
2026-08-07T01:20:00Z,2026-09-13T21:37:05Z,80,5.0,6.0,,,,,1017.1,25.9,26.6,,,,
2026-08-07T01:30:00Z,2026-09-13T21:37:05Z,80,5.0,6.0,,,,,1017.2,25.9,26.6,,,,
2026-08-07T01:40:00Z,2026-09-13T21:37:05Z,80,5.0,6.0,,,,,1017.2,25.9,26.6,,,,
2026-08-07T01:50:00Z,2026-09-13T21:37:05Z,80,5.0,6.0,,,,,1017.2,25.9,26.6,,,,
2026-08-07T02:00:00Z,2026-09-13T21:37:05Z,80,5.0,9.0,,,,,1017.2,25.9,26.6,,,-0.8,
2026-08-07T02:10:00Z,2026-09-13T21:37:05Z,70,9.0,11.0,,,,,1017.1,24.8,26.6,,,,
2026-08-07T02:20:00Z,2026-09-13T21:37:05Z,90,6.0,9.0,,,,,1017.1,24.2,26.6,,,,
2026-08-07T02:30:00Z,2026-09-13T21:37:05Z,80,3.0,4.0,,,,,1017.0,24.5,26.6,,,,
2026-08-07T02:40:00Z,2026-09-13T21:37:05Z,50,2.0,3.0,,,,,1017.0,24.9,,,,,
2026-08-07T02:50:00Z,2026-09-13T21:37:05Z,70,4.0,6.0,,,,,1016.9,25.4,,,,,
2026-08-07T03:00:00Z,2026-09-13T21:37:05Z,80,5.0,6.0,,,,,1016.8,25.7,26.6,,,-0.9,
2026-08-07T03:10:00Z,2026-09-13T21:37:05Z,70,6.0,7.0,,,,,1016.8,25.9,26.6,,,,
2026-08-07T03:20:00Z,2026-09-13T21:37:05Z,70,6.0,7.0,,,,,1016.8,25.9,26.6,,,,
2026-08-07T03:30:00Z,2026-09-13T21:37:05Z,70,5.0,7.0,,,,,1016.9,25.9,26.5,,,,
2026-08-07T03:40:00Z,2026-09-13T21:37:05Z,70,5.0,7.0,,,,,1016.8,25.9,26.6,,,,
2026-08-07T03:50:00Z,2026-09-13T21:37:05Z,70,6.0,7.0,,,,,1016.8,25.9,26.5,,,,
2026-08-07T04:00:00Z,2026-09-13T21:37:05Z,70,6.0,7.0,,,,,1016.7,25.8,26.5,,,-0.3,
2026-08-07T04:10:00Z,2026-09-13T21:37:05Z,80,6.0,8.0,,,,,1016.7,25.8,26.5,,,,
2026-08-07T04:20:00Z,2026-09-13T21:37:05Z,80,7.0,8.0,,,,,1016.6,25.8,26.5,,,,
2026-08-07T04:30:00Z,2026-09-13T21:37:05Z,80,7.0,8.0,,,,,1016.6,25.9,26.5,,,,
2026-08-07T04:40:00Z,2026-09-13T21:37:05Z,80,6.0,8.0,,,,,1016.6,25.9,26.5,,,,
2026-08-07T04:50:00Z,2026-09-13T21:37:05Z,80,7.0,8.0,,,,,1016.6,25.9,26.5,,,,
2026-08-07T05:00:00Z,2026-09-13T21:37:05Z,70,7.0,8.0,,,,,1016.6,25.9,26.5,,,-0.6,
2026-08-07T05:10:00Z,2026-09-13T21:37:05Z,70,7.0,8.0,,,,,1016.8,25.8,26.5,,,,
2026-08-07T05:20:00Z,2026-09-13T21:37:05Z,70,6.0,8.0,,,,,1016.8,25.8,26.5,,,,
2026-08-07T05:30:00Z,2026-09-13T21:37:05Z,70,6.0,8.0,,,,,1016.9,25.8,26.5,,,,
2026-08-07T05:40:00Z,2026-09-13T21:37:05Z,70,6.0,8.0,,,,,1017.1,25.8,26.5,,,,
2026-08-07T05:50:00Z,2026-09-13T21:37:05Z,70,6.0,8.0,,,,,1017.1,25.8,26.5,,,,
2026-08-07T06:00:00Z,2026-09-13T21:37:05Z,70,6.0,8.0,,,,,1017.1,25.8,26.5,,,+0.3,
2026-08-07T06:10:00Z,2026-09-13T21:37:05Z,70,7.0,8.0,,,,,1017.2,25.8,26.5,,,,
2026-08-07T06:20:00Z,2026-09-13T21:37:05Z,80,7.0,8.0,,,,,1017.5,25.8,26.5,,,,
2026-08-07T06:30:00Z,2026-09-13T21:37:05Z,70,7.0,8.0,,,,,1017.5,25.8,26.5,,,,
2026-08-07T06:40:00Z,2026-09-13T21:37:05Z,80,7.0,9.0,,,,,1017.6,25.8,26.5,,,,
2026-08-07T06:50:00Z,2026-09-13T21:37:05Z,80,7.0,8.0,,,,,1017.7,25.8,26.5,,,,
2026-08-07T07:00:00Z,2026-09-13T21:37:05Z,80,7.0,8.0,,,,,1017.9,25.9,26.5,,,+1.2,
2026-08-07T07:10:00Z,2026-09-13T21:37:05Z,80,7.0,8.0,,,,,1017.9,25.8,26.4,,,,
2026-08-07T07:20:00Z,2026-09-13T21:37:05Z,80,6.0,8.0,,,,,1018.0,25.8,26.4,,,,
2026-08-07T07:30:00Z,2026-09-13T21:37:05Z,80,7.0,8.0,,,,,1018.1,25.8,26.4,,,,
2026-08-07T07:40:00Z,2026-09-13T21:37:05Z,90,7.0,8.0,,,,,1018.2,25.8,26.4,,,,
2026-08-07T07:50:00Z,2026-09-13T21:37:05Z,90,6.0,8.0,,,,,1018.5,25.9,26.4,,,,
2026-08-07T08:00:00Z,2026-09-13T21:37:05Z,80,7.0,8.0,,,,,1018.5,25.9,26.4,,,+1.9,
2026-08-07T08:10:00Z,2026-09-13T21:37:05Z,80,6.0,8.0,,,,,1018.7,25.9,26.4,,,,
2026-08-07T08:20:00Z,2026-09-13T21:37:05Z,90,6.0,7.0,,,,,1018.7,25.9,26.4,,,,
2026-08-07T08:30:00Z,2026-09-13T21:37:05Z,80,6.0,8.0,,,,,1018.7,25.9,26.4,,,,
2026-08-07T08:40:00Z,2026-09-13T21:37:05Z,80,6.0,7.0,,,,,1018.7,25.9,26.4,,,,
2026-08-07T08:50:00Z,2026-09-13T21:37:05Z,80,6.0,7.0,,,,,1018.7,25.9,26.4,,,,
2026-08-07T09:00:00Z,2026-09-13T21:37:05Z,80,6.0,7.0,,,,,1018.9,25.9,26.4,,,+1.8,
2026-08-07T09:10:00Z,2026-09-13T21:37:05Z,90,6.0,7.0,,,,,1018.7,25.9,26.4,,,,
2026-08-07T09:20:00Z,2026-09-13T21:37:05Z,80,6.0,7.0,,,,,1018.7,25.8,26.4,,,,
2026-08-07T09:30:00Z,2026-09-13T21:37:05Z,80,6.0,7.0,,,,,1018.7,25.9,26.4,,,,
2026-08-07T09:40:00Z,2026-09-13T21:37:05Z,90,5.0,6.0,,,,,1018.7,25.9,26.4,,,,
2026-08-07T09:50:00Z,2026-09-13T21:37:05Z,80,5.0,6.0,,,,,1018.6,25.9,26.4,,,,
2026-08-07T10:00:00Z,2026-09-13T21:37:05Z,80,4.0,5.0,,,,,1018.6,25.8,26.4,,,+0.7,
2026-08-07T10:10:00Z,2026-09-13T21:37:05Z,80,4.0,5.0,,,,,1018.6,25.8,26.4,,,,
2026-08-07T10:20:00Z,2026-09-13T21:37:05Z,80,4.0,5.0,,,,,1018.6,25.8,26.4,,,,
2026-08-07T10:30:00Z,2026-09-13T21:37:05Z,80,4.0,5.0,,,,,1018.5,25.8,26.4,,,,
2026-08-07T10:40:00Z,2026-09-13T21:37:05Z,80,4.0,5.0,,,,,1018.3,25.8,26.4,,,,
2026-08-07T10:50:00Z,2026-09-13T21:37:05Z,80,4.0,5.0,,,,,1018.3,25.8,26.4,,,,
2026-08-07T11:00:00Z,2026-09-13T21:37:05Z,80,4.0,5.0,,,,,1018.2,25.8,26.4,,,-0.3,
2026-08-07T11:10:00Z,2026-09-13T21:37:05Z,80,4.0,6.0,,,,,1018.1,25.8,26.4,,,,
2026-08-07T11:20:00Z,2026-09-13T21:37:05Z,80,4.0,5.0,,,,,1018.1,25.7,26.4,,,,
2026-08-07T11:30:00Z,2026-09-13T21:37:05Z,80,4.0,5.0,,,,,1018.0,25.8,26.4,,,,
2026-08-07T11:40:00Z,2026-09-13T21:37:05Z,70,4.0,6.0,,,,,1018.0,25.7,26.4,,,,
2026-08-07T11:50:00Z,2026-09-13T21:37:05Z,60,4.0,5.0,,,,,1017.9,25.6,26.4,,,,
2026-08-07T12:00:00Z,2026-09-13T21:37:05Z,70,3.0,5.0,,,,,1017.8,25.6,26.4,,,-1.1,
2026-08-07T12:10:00Z,2026-09-13T21:37:05Z,80,4.0,5.0,,,,,1017.7,25.7,26.4,,,,
2026-08-07T12:20:00Z,2026-09-13T21:37:05Z,80,4.0,5.0,,,,,1017.7,25.5,26.4,,,,
2026-08-07T12:30:00Z,2026-09-13T21:37:05Z,90,4.0,5.0,,,,,1017.6,25.6,26.4,,,,
2026-08-07T12:40:00Z,2026-09-13T21:37:05Z,100,3.0,4.0,,,,,1017.4,25.6,26.4,,,,
2026-08-07T12:50:00Z,2026-09-13T21:37:05Z,80,4.0,5.0,,,,,1017.5,,26.4,,,,
2026-08-07T13:00:00Z,2026-09-13T21:37:05Z,70,4.0,5.0,,,,,1017.4,25.5,26.4,,,-1.2,
2026-08-07T13:10:00Z,2026-09-13T21:37:05Z,80,3.0,4.0,,,,,1017.3,25.5,26.4,,,,
2026-08-07T13:20:00Z,2026-09-13T21:37:05Z,80,4.0,5.0,,,,,1017.3,25.5,26.4,,,,
2026-08-07T13:30:00Z,2026-09-13T21:37:05Z,80,3.0,4.0,,,,,1017.3,25.6,26.4,,,,
2026-08-07T13:40:00Z,2026-09-13T21:37:05Z,80,3.0,5.0,,,,,1017.3,25.5,26.4,,,,
2026-08-07T13:50:00Z,2026-09-13T21:37:05Z,70,3.0,5.0,,,,,1017.3,25.5,26.4,,,,
2026-08-07T14:00:00Z,2026-09-13T21:37:05Z,90,4.0,5.0,,,,,1017.3,25.5,26.4,,,-0.9,
2026-08-07T14:10:00Z,2026-09-13T21:37:05Z,90,4.0,6.0,,,,,1017.3,25.5,26.4,,,,
2026-08-07T14:20:00Z,2026-09-13T21:37:05Z,90,5.0,6.0,,,,,1017.4,25.4,26.4,,,,
2026-08-07T14:30:00Z,2026-09-13T21:37:05Z,100,6.0,7.0,,,,,1017.4,25.3,26.4,,,,
2026-08-07T14:40:00Z,2026-09-13T21:37:05Z,100,5.0,7.0,,,,,1017.4,25.3,26.4,,,,
2026-08-07T14:50:00Z,2026-09-13T21:37:05Z,110,5.0,6.0,,,,,1017.4,25.3,26.4,,,,
2026-08-07T15:00:00Z,2026-09-13T21:37:05Z,110,5.0,6.0,,,,,1017.5,25.3,26.4,,,-0.3,
2026-08-07T15:10:00Z,2026-09-13T21:37:05Z,100,5.0,5.0,,,,,1017.6,25.3,26.4,,,,
2026-08-07T15:20:00Z,2026-09-13T21:37:05Z,100,4.0,5.0,,,,,1017.7,25.3,26.4,,,,
2026-08-07T15:30:00Z,2026-09-13T21:37:05Z,100,3.0,4.0,,,,,1017.7,25.4,26.4,,,,
2026-08-07T15:40:00Z,2026-09-13T21:37:05Z,100,3.0,4.0,,,,,1017.7,25.4,26.4,,,,
2026-08-07T15:50:00Z,2026-09-13T21:37:05Z,90,2.0,3.0,,,,,1017.9,25.4,26.4,,,,
2026-08-07T16:00:00Z,2026-09-13T21:37:05Z,80,3.0,3.0,,,,,1017.9,25.5,26.4,,,+0.5,
2026-08-07T16:10:00Z,2026-09-13T21:37:05Z,80,2.0,3.0,,,,,1017.9,25.5,26.4,,,,
2026-08-07T16:20:00Z,2026-09-13T21:37:05Z,80,2.0,3.0,,,,,1018.0,25.6,26.4,,,,
2026-08-07T16:30:00Z,2026-09-13T21:37:05Z,110,5.0,7.0,,,,,1018.0,24.9,26.4,,,,
2026-08-07T16:40:00Z,2026-09-13T21:37:05Z,100,6.0,7.0,,,,,1018.2,25.0,26.4,,,,
2026-08-07T16:50:00Z,2026-09-13T21:37:05Z,90,6.0,7.0,,,,,1018.3,25.1,26.4,,,,
2026-08-07T17:00:00Z,2026-09-13T21:37:05Z,80,6.0,7.0,,,,,1018.5,25.2,26.4,,,+1.2,
2026-08-07T17:10:00Z,2026-09-13T21:37:05Z,90,6.0,7.0,,,,,1018.6,25.3,26.4,,,,
2026-08-07T17:20:00Z,2026-09-13T21:37:05Z,90,6.0,7.0,,,,,1018.7,25.5,26.4,,,,
2026-08-07T17:30:00Z,2026-09-13T21:37:05Z,90,6.0,7.0,,,,,1018.7,25.5,26.4,,,,
2026-08-07T17:40:00Z,2026-09-13T21:37:05Z,80,6.0,7.0,,,,,1018.9,25.2,26.4,,,,
2026-08-07T17:50:00Z,2026-09-13T21:37:05Z,80,6.0,7.0,,,,,1019.1,25.1,26.4,,,,
2026-08-07T18:00:00Z,2026-09-13T21:37:05Z,80,6.0,7.0,,,,,1019.1,25.1,26.4,,,+1.6,
2026-08-07T18:10:00Z,2026-09-13T21:37:05Z,70,5.0,7.0,,,,,1019.2,25.1,26.4,,,,
2026-08-07T18:20:00Z,2026-09-13T21:37:05Z,60,4.0,7.0,,,,,1019.2,25.4,26.4,,,,
2026-08-07T18:30:00Z,2026-09-13T21:37:05Z,50,6.0,10.0,,,,,1019.3,25.4,26.4,,,,
2026-08-07T18:40:00Z,2026-09-13T21:37:05Z,10,4.0,6.0,,,,,1019.4,24.9,26.4,,,,
2026-08-07T18:50:00Z,2026-09-13T21:37:05Z,30,4.0,5.0,,,,,1019.5,25.0,,,,,
2026-08-07T19:00:00Z,2026-09-13T21:37:05Z,30,4.0,5.0,,,,,1019.4,,26.4,,,+1.5,
2026-08-07T19:10:00Z,2026-09-13T21:37:05Z,30,4.0,5.0,,,,,1019.6,25.1,26.4,,,,
2026-08-07T19:20:00Z,2026-09-13T21:37:05Z,30,4.0,5.0,,,,,1019.6,25.0,26.4,,,,
2026-08-07T19:30:00Z,2026-09-13T21:37:05Z,20,4.0,6.0,,,,,1019.7,25.1,26.4,,,,
2026-08-07T19:40:00Z,2026-09-13T21:37:05Z,10,5.0,6.0,,,,,1019.7,24.9,26.4,,,,
2026-08-07T19:50:00Z,2026-09-13T21:37:05Z,10,3.0,5.0,,,,,1019.7,25.0,26.4,,,,
2026-08-07T20:00:00Z,2026-09-13T21:37:05Z,30,3.0,4.0,,,,,1019.6,25.2,26.4,,,+1.1,
2026-08-07T20:10:00Z,2026-09-13T21:37:05Z,30,3.0,4.0,,,,,1019.6,25.3,26.5,,,,
2026-08-07T20:20:00Z,2026-09-13T21:37:05Z,40,3.0,5.0,,,,,1019.6,25.4,26.5,,,,
2026-08-07T20:30:00Z,2026-09-13T21:37:05Z,40,3.0,5.0,,,,,1019.6,25.5,26.5,,,,
2026-08-07T20:40:00Z,2026-09-13T21:37:05Z,60,4.0,6.0,,,,,1019.6,25.5,26.5,,,,
2026-08-07T20:50:00Z,2026-09-13T21:37:05Z,70,5.0,6.0,,,,,1019.6,25.8,26.5,,,,
2026-08-07T21:00:00Z,2026-09-13T21:37:05Z,70,5.0,6.0,,,,,1019.5,25.9,26.6,,,+0.4,
2026-08-07T21:10:00Z,2026-09-13T21:37:05Z,70,5.0,6.0,,,,,1019.5,25.9,26.6,,,,
2026-08-07T21:20:00Z,2026-09-13T21:37:05Z,60,5.0,6.0,,,,,1019.4,25.9,26.6,,,,
2026-08-07T21:30:00Z,2026-09-13T21:37:05Z,80,5.0,6.0,,,,,1019.4,25.9,26.6,,,,
2026-08-07T21:40:00Z,2026-09-13T21:37:05Z,70,5.0,6.0,,,,,1019.4,25.9,26.6,,,,
2026-08-07T21:50:00Z,2026-09-13T21:37:05Z,70,5.0,6.0,,,,,1019.3,26.0,26.6,,,,
2026-08-07T22:00:00Z,2026-09-13T21:37:05Z,70,5.0,6.0,,,,,1019.3,25.9,26.6,,,+0.0,
2026-08-07T22:10:00Z,2026-09-13T21:37:05Z,70,5.0,7.0,,,,,1019.3,25.9,26.6,,,,
2026-08-07T22:20:00Z,2026-09-13T21:37:05Z,70,5.0,6.0,,,,,1019.3,25.9,26.7,,,,
2026-08-07T22:30:00Z,2026-09-13T21:37:05Z,70,5.0,6.0,,,,,1019.2,25.9,26.6,,,,
2026-08-07T22:40:00Z,2026-09-13T21:37:05Z,80,5.0,6.0,,,,,1019.1,25.9,26.7,,,,
2026-08-07T22:50:00Z,2026-09-13T21:37:05Z,70,5.0,6.0,,,,,1019.0,25.9,26.7,,,,
2026-08-07T23:00:00Z,2026-09-13T21:37:05Z,70,5.0,6.0,,,,,1018.9,25.9,26.7,,,-0.7,
2026-08-07T23:10:00Z,2026-09-13T21:37:05Z,80,5.0,6.0,,,,,1018.8,25.9,26.7,,,,
2026-08-07T23:20:00Z,2026-09-13T21:37:05Z,80,5.0,7.0,,,,,1018.7,25.9,26.7,,,,
2026-08-07T23:30:00Z,2026-09-13T21:37:05Z,80,5.0,6.0,,,,,1018.7,25.9,26.7,,,,
2026-08-07T23:40:00Z,2026-09-13T21:37:05Z,80,5.0,6.0,,,,,1018.6,25.9,26.7,,,,
2026-08-07T23:50:00Z,2026-09-13T21:37:05Z,80,5.0,6.0,,,,,1018.5,26.0,26.7,,,,
2026-08-08T00:00:00Z,2026-09-13T21:37:05Z,80,6.0,7.0,,,,,1018.5,25.9,26.7,,,-1.0,
2026-08-08T00:10:00Z,2026-09-13T21:37:05Z,80,5.0,7.0,,,,,1018.4,25.9,26.7,,,,
2026-08-08T00:20:00Z,2026-09-13T21:37:05Z,80,6.0,7.0,,,,,1018.2,25.9,26.8,,,,
2026-08-08T00:30:00Z,2026-09-13T21:37:05Z,80,5.0,6.0,,,,,1018.2,26.0,26.7,,,,
2026-08-08T00:40:00Z,2026-09-13T21:37:05Z,80,5.0,6.0,,,,,1018.2,26.0,26.7,,,,
2026-08-08T00:50:00Z,2026-09-13T21:37:05Z,70,5.0,7.0,,,,,1018.1,26.0,26.7,,,,
2026-08-08T01:00:00Z,2026-09-13T21:37:05Z,80,5.0,6.0,,,,,1018.0,26.0,26.8,,,-1.3,
2026-08-08T01:10:00Z,2026-09-13T21:37:05Z,70,5.0,6.0,,,,,1017.8,26.0,26.8,,,,
2026-08-08T01:20:00Z,2026-09-13T21:37:05Z,70,5.0,7.0,,,,,1017.8,26.0,26.8,,,,
2026-08-08T01:30:00Z,2026-09-13T21:37:05Z,80,5.0,7.0,,,,,1017.7,25.9,26.8,,,,
2026-08-08T01:40:00Z,2026-09-13T21:37:05Z,70,6.0,7.0,,,,,1017.6,26.0,26.8,,,,
2026-08-08T01:50:00Z,2026-09-13T21:37:05Z,80,5.0,7.0,,,,,1017.6,26.0,26.8,,,,
2026-08-08T02:00:00Z,2026-09-13T21:37:05Z,70,5.0,7.0,,,,,1017.5,26.0,26.8,,,-1.4,
2026-08-08T02:10:00Z,2026-09-13T21:37:05Z,70,6.0,7.0,,,,,1017.5,26.0,26.8,,,,
2026-08-08T02:20:00Z,2026-09-13T21:37:05Z,70,6.0,7.0,,,,,1017.4,26.0,26.8,,,,
2026-08-08T02:30:00Z,2026-09-13T21:37:05Z,60,6.0,7.0,,,,,1017.4,26.0,26.8,,,,
2026-08-08T02:40:00Z,2026-09-13T21:37:05Z,60,6.0,7.0,,,,,1017.3,26.0,26.8,,,,
2026-08-08T02:50:00Z,2026-09-13T21:37:05Z,70,6.0,7.0,,,,,1017.4,26.0,26.8,,,,
2026-08-08T03:00:00Z,2026-09-13T21:37:05Z,70,6.0,7.0,,,,,1017.4,26.1,26.8,,,-1.1,
2026-08-08T03:10:00Z,2026-09-13T21:37:05Z,70,6.0,7.0,,,,,1017.4,26.0,26.8,,,,
2026-08-08T03:20:00Z,2026-09-13T21:37:05Z,80,6.0,7.0,,,,,1017.4,26.1,26.8,,,,
2026-08-08T03:30:00Z,2026-09-13T21:37:05Z,70,6.0,7.0,,,,,1017.5,26.0,26.8,,,,
2026-08-08T03:40:00Z,2026-09-13T21:37:05Z,60,6.0,7.0,,,,,1017.4,26.0,26.7,,,,
2026-08-08T03:50:00Z,2026-09-13T21:37:05Z,70,5.0,7.0,,,,,1017.4,26.1,26.8,,,,
2026-08-08T04:00:00Z,2026-09-13T21:37:05Z,60,5.0,7.0,,,,,1017.4,26.1,26.7,,,-0.6,
2026-08-08T04:10:00Z,2026-09-13T21:37:05Z,70,6.0,7.0,,,,,1017.4,26.1,26.7,,,,
2026-08-08T04:20:00Z,2026-09-13T21:37:05Z,60,6.0,7.0,,,,,1017.5,26.1,26.7,,,,
2026-08-08T04:30:00Z,2026-09-13T21:37:05Z,60,6.0,7.0,,,,,1017.6,26.1,26.7,,,,
2026-08-08T04:40:00Z,2026-09-13T21:37:05Z,60,6.0,7.0,,,,,1017.6,26.1,26.7,,,,
2026-08-08T04:50:00Z,2026-09-13T21:37:05Z,60,6.0,7.0,,,,,1017.7,26.1,26.7,,,,
2026-08-08T05:00:00Z,2026-09-13T21:37:05Z,60,6.0,7.0,,,,,1017.7,26.1,26.7,,,-0.0,
2026-08-08T05:10:00Z,2026-09-13T21:37:05Z,70,6.0,7.0,,,,,1017.8,26.1,26.7,,,,
2026-08-08T05:20:00Z,2026-09-13T21:37:05Z,70,6.0,8.0,,,,,1017.8,26.1,26.7,,,,
2026-08-08T05:30:00Z,2026-09-13T21:37:05Z,70,6.0,7.0,,,,,1017.9,26.0,26.6,,,,
2026-08-08T05:40:00Z,2026-09-13T21:37:05Z,70,6.0,7.0,,,,,1018.0,26.0,26.6,,,,
2026-08-08T05:50:00Z,2026-09-13T21:37:05Z,70,6.0,7.0,,,,,1018.0,26.0,26.6,,,,
2026-08-08T06:00:00Z,2026-09-13T21:37:05Z,60,6.0,7.0,,,,,1018.0,26.1,26.6,,,+0.6,
2026-08-08T06:10:00Z,2026-09-13T21:37:05Z,60,6.0,8.0,,,,,1018.1,26.1,26.6,,,,
2026-08-08T06:20:00Z,2026-09-13T21:37:05Z,70,6.0,8.0,,,,,1018.2,26.1,26.6,,,,
2026-08-08T06:30:00Z,2026-09-13T21:37:05Z,70,6.0,8.0,,,,,1018.3,26.1,26.6,,,,
2026-08-08T06:40:00Z,2026-09-13T21:37:05Z,80,7.0,8.0,,,,,1018.4,26.0,26.6,,,,
2026-08-08T06:50:00Z,2026-09-13T21:37:05Z,70,7.0,8.0,,,,,1018.4,26.1,26.6,,,,
2026-08-08T07:00:00Z,2026-09-13T21:37:05Z,80,6.0,7.0,,,,,1018.5,26.1,26.6,,,+1.1,
2026-08-08T07:10:00Z,2026-09-13T21:37:05Z,80,6.0,7.0,,,,,1018.5,26.0,26.6,,,,
2026-08-08T07:20:00Z,2026-09-13T21:37:05Z,70,7.0,8.0,,,,,1018.7,26.0,26.6,,,,
2026-08-08T07:30:00Z,2026-09-13T21:37:05Z,70,7.0,8.0,,,,,1018.7,26.0,26.6,,,,
2026-08-08T07:40:00Z,2026-09-13T21:37:05Z,70,7.0,8.0,,,,,1018.8,26.0,26.6,,,,
2026-08-08T07:50:00Z,2026-09-13T21:37:05Z,70,6.0,8.0,,,,,1018.9,26.0,26.6,,,,
2026-08-08T08:00:00Z,2026-09-13T21:37:05Z,80,6.0,8.0,,,,,1019.0,26.0,26.6,,,+1.3,
2026-08-08T08:10:00Z,2026-09-13T21:37:05Z,70,6.0,8.0,,,,,1019.0,26.0,26.6,,,,
2026-08-08T08:20:00Z,2026-09-13T21:37:05Z,70,6.0,8.0,,,,,1018.9,26.0,26.6,,,,
2026-08-08T08:30:00Z,2026-09-13T21:37:05Z,70,6.0,8.0,,,,,1019.0,26.0,26.6,,,,
2026-08-08T08:40:00Z,2026-09-13T21:37:05Z,80,6.0,8.0,,,,,1018.9,26.0,26.6,,,,
2026-08-08T08:50:00Z,2026-09-13T21:37:05Z,80,6.0,8.0,,,,,1019.0,25.9,26.6,,,,
2026-08-08T09:00:00Z,2026-09-13T21:37:05Z,80,7.0,8.0,,,,,1019.0,25.9,26.6,,,+1.0,
2026-08-08T09:10:00Z,2026-09-13T21:37:05Z,70,7.0,8.0,,,,,1019.0,25.9,26.6,,,,
2026-08-08T09:20:00Z,2026-09-13T21:37:05Z,70,7.0,8.0,,,,,1018.9,25.9,26.6,,,,
2026-08-08T09:30:00Z,2026-09-13T21:37:05Z,70,7.0,8.0,,,,,1018.9,26.0,26.6,,,,
2026-08-08T09:40:00Z,2026-09-13T21:37:05Z,70,6.0,8.0,,,,,1018.9,25.9,26.6,,,,
2026-08-08T09:50:00Z,2026-09-13T21:37:05Z,70,6.0,8.0,,,,,1018.7,25.9,26.6,,,,
2026-08-08T10:00:00Z,2026-09-13T21:37:05Z,70,6.0,8.0,,,,,1018.7,25.9,26.6,,,+0.0,
2026-08-08T10:10:00Z,2026-09-13T21:37:05Z,60,8.0,10.0,,,,,1018.7,25.4,26.6,,,,
2026-08-08T10:20:00Z,2026-09-13T21:37:05Z,60,7.0,8.0,,,,,1018.7,25.5,26.6,,,,
2026-08-08T10:30:00Z,2026-09-13T21:37:05Z,70,7.0,9.0,,,,,1018.6,25.7,26.6,,,,
2026-08-08T10:40:00Z,2026-09-13T21:37:05Z,70,7.0,9.0,,,,,1018.6,25.4,26.6,,,,
2026-08-08T10:50:00Z,2026-09-13T21:37:05Z,80,7.0,8.0,,,,,1018.5,25.5,26.6,,,,
2026-08-08T11:00:00Z,2026-09-13T21:37:05Z,70,7.0,8.0,,,,,1018.4,25.6,26.6,,,-0.6,
2026-08-08T11:10:00Z,2026-09-13T21:37:05Z,80,7.0,10.0,,,,,1018.4,25.5,26.5,,,,
2026-08-08T11:20:00Z,2026-09-13T21:37:05Z,90,7.0,11.0,,,,,1018.5,24.6,26.5,,,,
2026-08-08T11:30:00Z,2026-09-13T21:37:05Z,90,6.0,9.0,,,,,1018.3,24.9,26.5,,,,
2026-08-08T11:40:00Z,2026-09-13T21:37:05Z,90,7.0,9.0,,,,,1018.2,25.3,26.5,,,,
2026-08-08T11:50:00Z,2026-09-13T21:37:05Z,80,7.0,9.0,,,,,1018.1,25.3,26.5,,,,
2026-08-08T12:00:00Z,2026-09-13T21:37:05Z,80,7.0,9.0,,,,,1018.1,25.2,26.5,,,-0.9,
2026-08-08T12:10:00Z,2026-09-13T21:37:05Z,80,7.0,8.0,,,,,1018.0,25.3,26.5,,,,
2026-08-08T12:20:00Z,2026-09-13T21:37:05Z,80,7.0,8.0,,,,,1018.0,25.5,26.5,,,,
2026-08-08T12:30:00Z,2026-09-13T21:37:05Z,70,6.0,8.0,,,,,1017.9,25.4,26.5,,,,
2026-08-08T12:40:00Z,2026-09-13T21:37:05Z,80,6.0,8.0,,,,,1017.9,25.4,26.5,,,,
2026-08-08T12:50:00Z,2026-09-13T21:37:05Z,100,7.0,8.0,,,,,1017.9,25.2,26.5,,,,
2026-08-08T13:00:00Z,2026-09-13T21:37:05Z,,8.0,11.0,,,,,,24.4,26.5,,,,
2026-08-08T13:10:00Z,2026-09-13T21:37:05Z,80,7.0,10.0,,,,,1017.8,24.5,26.5,,,,
2026-08-08T13:20:00Z,2026-09-13T21:37:05Z,80,7.0,9.0,,,,,1017.8,25.0,26.5,,,,
2026-08-08T13:30:00Z,2026-09-13T21:37:05Z,90,7.0,9.0,,,,,1017.9,25.1,26.5,,,,
2026-08-08T13:40:00Z,2026-09-13T21:37:05Z,100,7.0,9.0,,,,,1017.8,24.7,26.5,,,,
2026-08-08T13:50:00Z,2026-09-13T21:37:05Z,100,6.0,8.0,,,,,1017.7,24.9,26.5,,,,
2026-08-08T14:00:00Z,2026-09-13T21:37:05Z,80,6.0,8.0,,,,,1017.8,25.0,26.5,,,-0.6,
2026-08-08T14:10:00Z,2026-09-13T21:37:05Z,80,4.0,5.0,,,,,1017.7,24.9,26.5,,,,
2026-08-08T14:20:00Z,2026-09-13T21:37:05Z,80,4.0,5.0,,,,,1017.8,25.0,26.5,,,,
2026-08-08T14:30:00Z,2026-09-13T21:37:05Z,70,4.0,6.0,,,,,1017.7,25.2,26.5,,,,
2026-08-08T14:40:00Z,2026-09-13T21:37:05Z,80,6.0,8.0,,,,,1017.7,25.5,26.5,,,,
2026-08-08T14:50:00Z,2026-09-13T21:37:05Z,90,7.0,8.0,,,,,1017.7,25.7,26.5,,,,
2026-08-08T15:00:00Z,2026-09-13T21:37:05Z,90,7.0,9.0,,,,,1017.8,25.8,26.5,,,-0.3,
2026-08-08T15:10:00Z,2026-09-13T21:37:05Z,90,7.0,9.0,,,,,1017.7,25.9,26.5,,,,
2026-08-08T15:20:00Z,2026-09-13T21:37:05Z,90,7.0,9.0,,,,,1017.8,25.8,26.5,,,,
2026-08-08T15:30:00Z,2026-09-13T21:37:05Z,90,7.0,9.0,,,,,1017.8,25.8,26.5,,,,
2026-08-08T15:40:00Z,2026-09-13T21:37:05Z,90,7.0,9.0,,,,,1017.9,25.8,26.5,,,,
2026-08-08T15:50:00Z,2026-09-13T21:37:05Z,90,7.0,9.0,,,,,1018.0,25.7,26.5,,,,
2026-08-08T16:00:00Z,2026-09-13T21:37:05Z,90,7.0,9.0,,,,,1018.1,25.8,26.5,,,,
2026-08-08T16:10:00Z,2026-09-13T21:37:05Z,90,7.0,8.0,,,,,1018.2,25.7,26.5,,,,
2026-08-08T16:20:00Z,2026-09-13T21:37:05Z,90,7.0,8.0,,,,,1018.3,25.8,26.5,,,,
2026-08-08T16:30:00Z,2026-09-13T21:37:05Z,100,7.0,8.0,,,,,1018.3,25.7,26.5,,,,
2026-08-08T16:40:00Z,2026-09-13T21:37:05Z,90,7.0,8.0,,,,,1018.5,25.7,26.5,,,,
2026-08-08T16:50:00Z,2026-09-13T21:37:05Z,90,7.0,8.0,,,,,1018.5,25.8,26.5,,,,
2026-08-08T17:00:00Z,2026-09-13T21:37:05Z,90,6.0,8.0,,,,,1018.7,25.7,26.5,,,+0.9,
2026-08-08T17:10:00Z,2026-09-13T21:37:05Z,100,6.0,8.0,,,,,1018.7,25.8,26.5,,,,
2026-08-08T17:20:00Z,2026-09-13T21:37:05Z,100,6.0,8.0,,,,,1018.8,25.8,26.5,,,,
2026-08-08T17:30:00Z,2026-09-13T21:37:05Z,90,6.0,8.0,,,,,1018.8,25.9,26.5,,,,
2026-08-08T17:40:00Z,2026-09-13T21:37:05Z,90,6.0,7.0,,,,,1019.0,25.9,26.5,,,,
2026-08-08T17:50:00Z,2026-09-13T21:37:05Z,90,6.0,8.0,,,,,1019.1,25.9,26.5,,,,
2026-08-08T18:00:00Z,2026-09-13T21:37:05Z,80,5.0,7.0,,,,,1019.1,26.0,26.5,,,+1.3,
2026-08-08T18:10:00Z,2026-09-13T21:37:05Z,80,6.0,7.0,,,,,1019.2,25.9,26.5,,,,
2026-08-08T18:20:00Z,2026-09-13T21:37:05Z,80,6.0,7.0,,,,,1019.3,26.0,26.5,,,,
2026-08-08T18:30:00Z,2026-09-13T21:37:05Z,80,6.0,7.0,,,,,1019.4,26.0,26.5,,,,
2026-08-08T18:40:00Z,2026-09-13T21:37:05Z,90,6.0,8.0,,,,,1019.4,26.0,26.5,,,,
2026-08-08T18:50:00Z,2026-09-13T21:37:05Z,90,6.0,7.0,,,,,1019.5,26.2,26.5,,,,
2026-08-08T19:00:00Z,2026-09-13T21:37:05Z,90,6.0,8.0,,,,,1019.6,26.1,,,,+1.5,
2026-08-08T19:10:00Z,2026-09-13T21:37:05Z,90,6.0,8.0,,,,,1019.6,26.1,26.5,,,,
2026-08-08T19:20:00Z,2026-09-13T21:37:05Z,80,6.0,8.0,,,,,1019.6,26.1,26.5,,,,
2026-08-08T19:30:00Z,2026-09-13T21:37:05Z,80,6.0,7.0,,,,,1019.7,26.1,26.5,,,,
2026-08-08T19:40:00Z,2026-09-13T21:37:05Z,80,6.0,7.0,,,,,1019.7,26.3,26.5,,,,
2026-08-08T19:50:00Z,2026-09-13T21:37:05Z,80,6.0,7.0,,,,,1019.6,26.2,26.5,,,,
2026-08-08T20:00:00Z,2026-09-13T21:37:05Z,80,7.0,8.0,,,,,1019.7,26.2,26.5,,,+1.0,
2026-08-08T20:10:00Z,2026-09-13T21:37:05Z,80,6.0,8.0,,,,,1019.6,26.2,26.5,,,,
2026-08-08T20:20:00Z,2026-09-13T21:37:05Z,80,6.0,8.0,,,,,1019.6,26.2,26.6,,,,
2026-08-08T20:30:00Z,2026-09-13T21:37:05Z,80,7.0,8.0,,,,,1019.6,26.2,26.6,,,,
2026-08-08T20:40:00Z,2026-09-13T21:37:05Z,90,7.0,8.0,,,,,1019.6,26.2,26.6,,,,
2026-08-08T20:50:00Z,2026-09-13T21:37:05Z,80,7.0,8.0,,,,,1019.6,26.2,26.6,,,,
2026-08-08T21:00:00Z,2026-09-13T21:37:05Z,80,7.0,8.0,,,,,1019.6,26.2,26.6,,,+0.5,
2026-08-08T21:10:00Z,2026-09-13T21:37:05Z,90,6.0,8.0,,,,,1019.8,26.3,26.6,,,,
2026-08-08T21:20:00Z,2026-09-13T21:37:05Z,90,6.0,8.0,,,,,1019.8,26.3,26.6,,,,
2026-08-08T21:30:00Z,2026-09-13T21:37:05Z,90,6.0,8.0,,,,,1019.7,26.2,26.6,,,,
2026-08-08T21:40:00Z,2026-09-13T21:37:05Z,90,7.0,8.0,,,,,1019.7,26.2,26.6,,,,
2026-08-08T21:50:00Z,2026-09-13T21:37:05Z,90,6.0,8.0,,,,,1019.6,26.3,26.6,,,,
2026-08-08T22:00:00Z,2026-09-13T21:37:05Z,90,6.0,8.0,,,,,1019.6,26.3,26.6,,,+0.0,
2026-08-08T22:10:00Z,2026-09-13T21:37:05Z,90,6.0,8.0,,,,,1019.5,26.3,26.6,,,,
2026-08-08T22:20:00Z,2026-09-13T21:37:05Z,90,6.0,8.0,,,,,1019.4,26.3,26.6,,,,
2026-08-08T22:30:00Z,2026-09-13T21:37:05Z,90,7.0,8.0,,,,,1019.4,26.3,26.6,,,,
2026-08-08T22:40:00Z,2026-09-13T21:37:05Z,80,7.0,8.0,,,,,1019.3,26.3,26.7,,,,
2026-08-08T22:50:00Z,2026-09-13T21:37:05Z,80,6.0,8.0,,,,,1019.1,26.3,26.7,,,,
2026-08-08T23:00:00Z,2026-09-13T21:37:05Z,90,7.0,8.0,,,,,1019.0,26.3,26.7,,,-0.7,
2026-08-08T23:10:00Z,2026-09-13T21:37:05Z,80,6.0,8.0,,,,,1018.8,26.3,26.7,,,,
2026-08-08T23:20:00Z,2026-09-13T21:37:05Z,80,6.0,8.0,,,,,1018.7,26.3,26.7,,,,
2026-08-08T23:40:00Z,2026-09-13T21:37:05Z,80,6.0,8.0,,,,,1018.7,26.3,26.7,,,,
2026-08-08T23:50:00Z,2026-09-13T21:37:05Z,80,6.0,8.0,,,,,1018.5,26.3,26.7,,,,
2026-08-09T00:00:00Z,2026-09-13T21:37:05Z,80,6.0,8.0,,,,,1018.5,26.3,26.7,,,-1.1,
2026-08-09T00:10:00Z,2026-09-13T21:37:05Z,80,6.0,8.0,,,,,1018.4,26.4,26.7,,,,
2026-08-09T00:20:00Z,2026-09-13T21:37:05Z,80,7.0,8.0,,,,,1018.5,26.4,26.7,,,,
2026-08-09T00:30:00Z,2026-09-13T21:37:05Z,80,7.0,8.0,,,,,1018.5,26.4,26.7,,,,
2026-08-09T00:40:00Z,2026-09-13T21:37:05Z,,7.0,8.0,,,,,,26.4,26.7,,,,
2026-08-09T00:50:00Z,2026-09-13T21:37:05Z,80,7.0,8.0,,,,,1018.3,26.4,26.8,,,,
2026-08-09T01:00:00Z,2026-09-13T21:37:05Z,90,7.0,8.0,,,,,1018.2,26.4,26.7,,,-1.4,
2026-08-09T01:10:00Z,2026-09-13T21:37:05Z,80,7.0,8.0,,,,,1018.2,26.3,26.7,,,,
2026-08-09T01:20:00Z,2026-09-13T21:37:05Z,80,6.0,8.0,,,,,1018.1,26.4,26.7,,,,
2026-08-09T01:30:00Z,2026-09-13T21:37:05Z,80,6.0,8.0,,,,,1018.0,26.4,26.7,,,,
2026-08-09T01:40:00Z,2026-09-13T21:37:05Z,80,6.0,8.0,,,,,1018.1,26.4,26.7,,,,
2026-08-09T01:50:00Z,2026-09-13T21:37:05Z,90,7.0,8.0,,,,,1018.0,26.4,26.7,,,,
2026-08-09T02:00:00Z,2026-09-13T21:37:05Z,90,7.0,8.0,,,,,1018.0,26.4,26.7,,,-1.0,
2026-08-09T02:10:00Z,2026-09-13T21:37:05Z,90,6.0,8.0,,,,,1017.9,26.4,26.7,,,,
2026-08-09T02:20:00Z,2026-09-13T21:37:05Z,90,7.0,8.0,,,,,1017.7,26.4,26.7,,,,
2026-08-09T02:30:00Z,2026-09-13T21:37:05Z,90,6.0,8.0,,,,,1017.7,26.4,26.7,,,,
2026-08-09T02:40:00Z,2026-09-13T21:37:05Z,90,7.0,8.0,,,,,1017.8,26.3,26.7,,,,
2026-08-09T02:50:00Z,2026-09-13T21:37:05Z,90,7.0,8.0,,,,,1017.8,26.4,26.7,,,,
2026-08-09T03:00:00Z,2026-09-13T21:37:05Z,90,7.0,8.0,,,,,1017.7,26.3,26.7,,,-0.8,
2026-08-09T03:10:00Z,2026-09-13T21:37:05Z,90,7.0,8.0,,,,,1017.7,26.3,26.7,,,,
2026-08-09T03:20:00Z,2026-09-13T21:37:05Z,90,7.0,8.0,,,,,1017.7,26.3,26.7,,,,
2026-08-09T03:30:00Z,2026-09-13T21:37:05Z,80,6.0,8.0,,,,,1017.7,26.4,26.7,,,,
2026-08-09T03:40:00Z,2026-09-13T21:37:05Z,80,7.0,8.0,,,,,1017.6,26.3,26.7,,,,
2026-08-09T03:50:00Z,2026-09-13T21:37:05Z,80,7.0,8.0,,,,,1017.6,26.3,26.7,,,,
2026-08-09T04:00:00Z,2026-09-13T21:37:05Z,80,7.0,8.0,,,,,1017.7,26.3,26.7,,,-0.5,
2026-08-09T04:10:00Z,2026-09-13T21:37:05Z,80,7.0,9.0,,,,,1017.7,26.3,26.7,,,,
2026-08-09T04:20:00Z,2026-09-13T21:37:05Z,80,8.0,9.0,,,,,1017.8,26.3,26.7,,,,
2026-08-09T04:30:00Z,2026-09-13T21:37:05Z,80,8.0,9.0,,,,,1017.9,26.3,26.7,,,,
2026-08-09T04:40:00Z,2026-09-13T21:37:05Z,90,7.0,9.0,,,,,1018.0,26.3,26.7,,,,
2026-08-09T04:50:00Z,2026-09-13T21:37:05Z,80,7.0,9.0,,,,,1018.1,26.3,26.7,,,,
2026-08-09T05:00:00Z,2026-09-13T21:37:05Z,90,7.0,8.0,,,,,1018.2,26.3,26.7,,,-0.0,
2026-08-09T05:10:00Z,2026-09-13T21:37:05Z,90,7.0,8.0,,,,,1018.2,26.3,26.7,,,,
2026-08-09T05:20:00Z,2026-09-13T21:37:05Z,80,7.0,8.0,,,,,1018.2,26.4,26.7,,,,
2026-08-09T05:30:00Z,2026-09-13T21:37:05Z,80,7.0,9.0,,,,,1018.3,26.3,26.7,,,,
2026-08-09T05:40:00Z,2026-09-13T21:37:05Z,90,8.0,9.0,,,,,1018.4,26.3,26.7,,,,
2026-08-09T05:50:00Z,2026-09-13T21:37:05Z,90,7.0,9.0,,,,,1018.5,26.3,26.7,,,,
2026-08-09T06:00:00Z,2026-09-13T21:37:05Z,80,7.0,9.0,,,,,1018.7,26.3,,,,+1.0,
2026-08-09T06:10:00Z,2026-09-13T21:37:05Z,90,7.0,8.0,,,,,1018.9,26.3,26.6,,,,
2026-08-09T06:20:00Z,2026-09-13T21:37:05Z,80,5.0,7.0,,,,,1019.0,26.2,26.6,,,,
2026-08-09T06:30:00Z,2026-09-13T21:37:05Z,90,6.0,8.0,,,,,1019.1,26.3,26.6,,,,
2026-08-09T06:40:00Z,2026-09-13T21:37:05Z,90,6.0,8.0,,,,,1019.0,26.3,26.6,,,,
2026-08-09T06:50:00Z,2026-09-13T21:37:05Z,80,7.0,8.0,,,,,1019.2,26.3,26.6,,,,
2026-08-09T07:00:00Z,2026-09-13T21:37:05Z,90,7.0,8.0,,,,,1019.3,26.3,,,,+1.6,
2026-08-09T07:10:00Z,2026-09-13T21:37:05Z,80,7.0,8.0,,,,,1019.4,26.3,26.6,,,,
2026-08-09T07:20:00Z,2026-09-13T21:37:05Z,80,7.0,9.0,,,,,1019.4,26.3,26.6,,,,
2026-08-09T07:30:00Z,2026-09-13T21:37:05Z,90,7.0,9.0,,,,,1019.4,26.3,26.6,,,,
2026-08-09T07:40:00Z,2026-09-13T21:37:05Z,80,8.0,9.0,,,,,1019.4,26.2,26.6,,,,
2026-08-09T07:50:00Z,2026-09-13T21:37:05Z,80,8.0,10.0,,,,,1019.4,26.2,26.6,,,,
2026-08-09T08:00:00Z,2026-09-13T21:37:05Z,90,8.0,9.0,,,,,1019.5,26.2,26.6,,,+1.3,
2026-08-09T08:10:00Z,2026-09-13T21:37:05Z,90,8.0,10.0,,,,,1019.5,26.2,26.6,,,,
2026-08-09T08:20:00Z,2026-09-13T21:37:05Z,90,8.0,9.0,,,,,1019.6,26.2,26.6,,,,
2026-08-09T08:30:00Z,2026-09-13T21:37:05Z,80,7.0,9.0,,,,,1019.5,26.2,26.6,,,,
2026-08-09T08:40:00Z,2026-09-13T21:37:05Z,90,7.0,9.0,,,,,1019.4,26.2,26.6,,,,
2026-08-09T08:50:00Z,2026-09-13T21:37:05Z,90,8.0,9.0,,,,,1019.4,26.3,26.6,,,,
2026-08-09T09:00:00Z,2026-09-13T21:37:05Z,90,8.0,10.0,,,,,1019.3,26.2,26.6,,,+0.6,
2026-08-09T09:10:00Z,2026-09-13T21:37:05Z,90,8.0,9.0,,,,,1019.3,26.3,26.6,,,,
2026-08-09T09:20:00Z,2026-09-13T21:37:05Z,90,8.0,9.0,,,,,1019.3,26.2,26.6,,,,
2026-08-09T09:30:00Z,2026-09-13T21:37:05Z,90,8.0,9.0,,,,,1019.2,26.2,26.6,,,,
2026-08-09T09:40:00Z,2026-09-13T21:37:05Z,90,8.0,10.0,,,,,1019.1,26.2,26.6,,,,
2026-08-09T09:50:00Z,2026-09-13T21:37:05Z,90,8.0,10.0,,,,,1019.1,26.2,26.6,,,,
2026-08-09T10:00:00Z,2026-09-13T21:37:05Z,90,8.0,10.0,,,,,1019.1,26.2,26.6,,,+0.0,
2026-08-09T10:10:00Z,2026-09-13T21:37:05Z,90,8.0,9.0,,,,,1019.0,26.2,26.6,,,,
2026-08-09T10:20:00Z,2026-09-13T21:37:05Z,,7.0,9.0,,,,,,26.2,26.6,,,,
2026-08-09T10:30:00Z,2026-09-13T21:37:05Z,90,8.0,10.0,,,,,1018.9,26.1,26.6,,,,
2026-08-09T10:40:00Z,2026-09-13T21:37:05Z,90,8.0,10.0,,,,,1019.0,26.2,26.6,,,,
2026-08-09T10:50:00Z,2026-09-13T21:37:05Z,90,8.0,9.0,,,,,1018.9,26.2,26.6,,,,
2026-08-09T11:00:00Z,2026-09-13T21:37:05Z,90,8.0,9.0,,,,,1018.9,26.2,26.6,,,-0.6,
2026-08-09T11:10:00Z,2026-09-13T21:37:05Z,90,8.0,11.0,,,,,1018.8,26.2,26.6,,,,
2026-08-09T11:20:00Z,2026-09-13T21:37:05Z,90,8.0,10.0,,,,,1018.9,25.8,26.6,,,,
2026-08-09T11:30:00Z,2026-09-13T21:37:05Z,90,8.0,10.0,,,,,1018.7,25.9,26.6,,,,
2026-08-09T11:40:00Z,2026-09-13T21:37:05Z,90,8.0,9.0,,,,,1018.7,25.9,26.6,,,,
2026-08-09T11:50:00Z,2026-09-13T21:37:05Z,90,8.0,10.0,,,,,1018.6,25.9,26.6,,,,
2026-08-09T12:00:00Z,2026-09-13T21:37:05Z,90,8.0,9.0,,,,,1018.5,26.0,26.6,,,-0.8,
2026-08-09T12:10:00Z,2026-09-13T21:37:05Z,90,8.0,9.0,,,,,1018.5,26.0,26.6,,,,
2026-08-09T12:20:00Z,2026-09-13T21:37:05Z,90,7.0,9.0,,,,,1018.4,26.0,26.6,,,,
2026-08-09T12:30:00Z,2026-09-13T21:37:05Z,90,8.0,9.0,,,,,1018.2,26.0,26.6,,,,
2026-08-09T12:40:00Z,2026-09-13T21:37:05Z,90,7.0,9.0,,,,,1018.2,26.0,26.7,,,,
2026-08-09T12:50:00Z,2026-09-13T21:37:05Z,90,7.0,9.0,,,,,1018.2,26.0,26.6,,,,
2026-08-09T13:00:00Z,2026-09-13T21:37:05Z,90,7.0,9.0,,,,,1018.1,26.0,26.6,,,-1.0,
2026-08-09T13:10:00Z,2026-09-13T21:37:05Z,90,7.0,9.0,,,,,1018.1,25.9,26.6,,,,
2026-08-09T13:20:00Z,2026-09-13T21:37:05Z,90,7.0,8.0,,,,,1018.1,26.0,26.7,,,,
2026-08-09T13:30:00Z,2026-09-13T21:37:05Z,90,7.0,9.0,,,,,1018.1,25.9,26.7,,,,
2026-08-09T13:40:00Z,2026-09-13T21:37:05Z,80,7.0,9.0,,,,,1018.0,25.9,26.7,,,,
2026-08-09T13:50:00Z,2026-09-13T21:37:05Z,90,7.0,9.0,,,,,1018.0,26.0,26.7,,,,
2026-08-09T14:00:00Z,2026-09-13T21:37:05Z,90,7.0,9.0,,,,,1018.0,26.0,26.7,,,-0.9,
2026-08-09T14:10:00Z,2026-09-13T21:37:05Z,90,7.0,9.0,,,,,1018.0,25.9,26.7,,,,
2026-08-09T14:20:00Z,2026-09-13T21:37:05Z,80,7.0,8.0,,,,,1018.0,25.9,26.7,,,,
2026-08-09T14:30:00Z,2026-09-13T21:37:05Z,80,7.0,9.0,,,,,1018.0,25.9,26.7,,,,
2026-08-09T14:40:00Z,2026-09-13T21:37:05Z,90,7.0,9.0,,,,,1017.9,25.9,26.7,,,,
2026-08-09T14:50:00Z,2026-09-13T21:37:05Z,80,7.0,9.0,,,,,1017.9,25.9,26.7,,,,
2026-08-09T15:00:00Z,2026-09-13T21:37:05Z,90,7.0,9.0,,,,,1017.9,26.0,26.7,,,-0.6,
2026-08-09T15:10:00Z,2026-09-13T21:37:05Z,80,7.0,9.0,,,,,1017.9,25.9,26.6,,,,
2026-08-09T15:20:00Z,2026-09-13T21:37:05Z,90,7.0,9.0,,,,,1017.8,25.9,26.7,,,,
2026-08-09T15:30:00Z,2026-09-13T21:37:05Z,80,8.0,10.0,,,,,1017.9,25.9,26.7,,,,
2026-08-09T15:40:00Z,2026-09-13T21:37:05Z,90,7.0,9.0,,,,,1018.0,25.9,26.7,,,,
2026-08-09T15:50:00Z,2026-09-13T21:37:05Z,90,7.0,8.0,,,,,1018.0,25.9,26.7,,,,
2026-08-09T16:00:00Z,2026-09-13T21:37:05Z,90,7.0,9.0,,,,,1018.0,25.9,26.7,,,+0.0,
2026-08-09T16:10:00Z,2026-09-13T21:37:05Z,80,7.0,9.0,,,,,1018.0,25.9,26.7,,,,
2026-08-09T16:20:00Z,2026-09-13T21:37:05Z,80,7.0,9.0,,,,,1018.2,25.9,26.6,,,,
2026-08-09T16:30:00Z,2026-09-13T21:37:05Z,90,7.0,9.0,,,,,1018.2,25.9,26.7,,,,
2026-08-09T16:40:00Z,2026-09-13T21:37:05Z,90,8.0,9.0,,,,,1018.2,25.9,26.6,,,,
2026-08-09T16:50:00Z,2026-09-13T21:37:05Z,90,7.0,9.0,,,,,1018.4,25.9,26.6,,,,
2026-08-09T17:00:00Z,2026-09-13T21:37:05Z,80,7.0,9.0,,,,,1018.5,25.9,26.6,,,+0.5,
2026-08-09T17:10:00Z,2026-09-13T21:37:05Z,80,7.0,9.0,,,,,1018.7,25.9,26.6,,,,
2026-08-09T17:20:00Z,2026-09-13T21:37:05Z,90,6.0,8.0,,,,,1018.8,25.9,26.6,,,,
2026-08-09T17:30:00Z,2026-09-13T21:37:05Z,80,7.0,10.0,,,,,1019.0,25.8,26.6,,,,
2026-08-09T17:40:00Z,2026-09-13T21:37:05Z,80,6.0,8.0,,,,,1019.1,25.9,26.6,,,,
2026-08-09T17:50:00Z,2026-09-13T21:37:05Z,90,7.0,9.0,,,,,1019.0,25.9,26.6,,,,
2026-08-09T18:00:00Z,2026-09-13T21:37:05Z,80,8.0,9.0,,,,,1018.9,26.0,26.6,,,+1.0,
2026-08-09T18:10:00Z,2026-09-13T21:37:05Z,80,8.0,10.0,,,,,1019.1,26.0,26.6,,,,
2026-08-09T18:20:00Z,2026-09-13T21:37:05Z,80,8.0,10.0,,,,,1019.1,26.0,26.6,,,,
2026-08-09T18:30:00Z,2026-09-13T21:37:05Z,70,7.0,9.0,,,,,1019.3,26.1,26.6,,,,
2026-08-09T18:40:00Z,2026-09-13T21:37:05Z,80,7.0,9.0,,,,,1019.4,26.0,26.6,,,,
2026-08-09T18:50:00Z,2026-09-13T21:37:05Z,80,8.0,10.0,,,,,1019.6,26.1,,,,,
2026-08-09T19:00:00Z,2026-09-13T21:37:05Z,80,8.0,9.0,,,,,1019.6,26.1,26.7,,,+1.6,
2026-08-09T19:10:00Z,2026-09-13T21:37:05Z,80,8.0,9.0,,,,,1019.7,26.2,26.7,,,,
2026-08-09T19:20:00Z,2026-09-13T21:37:05Z,80,7.0,9.0,,,,,1019.8,26.1,26.7,,,,
2026-08-09T19:30:00Z,2026-09-13T21:37:05Z,80,8.0,9.0,,,,,1020.0,26.1,26.7,,,,
2026-08-09T19:40:00Z,2026-09-13T21:37:05Z,80,7.0,9.0,,,,,1019.9,26.2,26.7,,,,
2026-08-09T19:50:00Z,2026-09-13T21:37:05Z,80,7.0,8.0,,,,,1019.9,26.2,26.7,,,,
2026-08-09T20:00:00Z,2026-09-13T21:37:05Z,80,7.0,9.0,,,,,1019.9,26.1,26.7,,,+1.4,
2026-08-09T20:10:00Z,2026-09-13T21:37:05Z,80,7.0,8.0,,,,,1020.0,26.2,26.7,,,,
2026-08-09T20:20:00Z,2026-09-13T21:37:05Z,,6.0,9.0,,,,,,26.2,26.7,,,,
2026-08-09T20:30:00Z,2026-09-13T21:37:05Z,80,7.0,8.0,,,,,1020.1,26.2,26.7,,,,
2026-08-09T20:40:00Z,2026-09-13T21:37:05Z,80,6.0,8.0,,,,,1020.1,26.2,26.7,,,,
2026-08-09T20:50:00Z,2026-09-13T21:37:05Z,80,6.0,7.0,,,,,1020.1,26.2,26.7,,,,
2026-08-09T21:00:00Z,2026-09-13T21:37:05Z,80,6.0,8.0,,,,,1020.0,26.3,26.7,,,+1.1,
2026-08-09T21:10:00Z,2026-09-13T21:37:05Z,80,6.0,8.0,,,,,1019.9,26.3,26.7,,,,
2026-08-09T21:20:00Z,2026-09-13T21:37:05Z,80,7.0,8.0,,,,,1019.8,26.3,26.7,,,,
2026-08-09T21:30:00Z,2026-09-13T21:37:05Z,80,7.0,9.0,,,,,1019.7,26.3,26.7,,,,
2026-08-09T21:40:00Z,2026-09-13T21:37:05Z,80,7.0,9.0,,,,,1019.7,26.2,26.7,,,,
2026-08-09T21:50:00Z,2026-09-13T21:37:05Z,80,7.0,9.0,,,,,1019.7,26.3,26.7,,,,
2026-08-09T22:00:00Z,2026-09-13T21:37:05Z,80,7.0,9.0,,,,,1019.6,26.2,26.7,,,+0.0,
2026-08-09T22:10:00Z,2026-09-13T21:37:05Z,80,7.0,9.0,,,,,1019.6,26.2,26.8,,,,
2026-08-09T22:20:00Z,2026-09-13T21:37:05Z,80,7.0,8.0,,,,,1019.5,26.2,26.8,,,,
2026-08-09T22:30:00Z,2026-09-13T21:37:05Z,80,7.0,8.0,,,,,1019.3,26.3,26.8,,,,
2026-08-09T22:40:00Z,2026-09-13T21:37:05Z,70,7.0,9.0,,,,,1019.2,26.2,26.8,,,,
2026-08-09T22:50:00Z,2026-09-13T21:37:05Z,80,7.0,8.0,,,,,1019.1,26.2,26.8,,,,
2026-08-09T23:00:00Z,2026-09-13T21:37:05Z,80,7.0,8.0,,,,,1019.1,26.2,26.8,,,-0.8,
2026-08-09T23:10:00Z,2026-09-13T21:37:05Z,80,7.0,9.0,,,,,1019.0,26.2,26.8,,,,
2026-08-09T23:20:00Z,2026-09-13T21:37:05Z,80,7.0,8.0,,,,,1018.7,26.2,26.8,,,,
2026-08-09T23:30:00Z,2026-09-13T21:37:05Z,80,7.0,9.0,,,,,1018.6,26.2,26.8,,,,
2026-08-09T23:40:00Z,2026-09-13T21:37:05Z,80,7.0,8.0,,,,,1018.5,26.2,26.8,,,,
2026-08-09T23:50:00Z,2026-09-13T21:37:05Z,80,7.0,9.0,,,,,1018.5,26.2,26.8,,,,
2026-08-10T00:00:00Z,2026-09-13T21:37:05Z,80,7.0,9.0,,,,,1018.4,26.2,26.8,,,-1.6,
2026-08-10T00:10:00Z,2026-09-13T21:37:05Z,80,7.0,8.0,,,,,1018.4,26.2,26.8,,,,
2026-08-10T00:20:00Z,2026-09-13T21:37:05Z,80,7.0,8.0,,,,,1018.3,26.2,26.8,,,,
2026-08-10T00:30:00Z,2026-09-13T21:37:05Z,80,7.0,8.0,,,,,1018.2,26.2,26.8,,,,
2026-08-10T00:40:00Z,2026-09-13T21:37:05Z,80,6.0,8.0,,,,,1018.1,26.2,26.8,,,,
2026-08-10T00:50:00Z,2026-09-13T21:37:05Z,80,6.0,8.0,,,,,1018.1,26.2,,,,,
2026-08-10T01:00:00Z,2026-09-13T21:37:05Z,80,7.0,8.0,,,,,1018.0,26.2,26.8,,,-1.6,
2026-08-10T01:10:00Z,2026-09-13T21:37:05Z,80,7.0,8.0,,,,,1017.8,26.2,26.8,,,,
2026-08-10T01:20:00Z,2026-09-13T21:37:05Z,80,7.0,8.0,,,,,1017.7,26.2,26.8,,,,
2026-08-10T01:30:00Z,2026-09-13T21:37:05Z,80,7.0,8.0,,,,,1017.6,26.2,26.8,,,,
2026-08-10T01:40:00Z,2026-09-13T21:37:05Z,70,7.0,8.0,,,,,1017.5,26.2,26.8,,,,
2026-08-10T01:50:00Z,2026-09-13T21:37:05Z,80,7.0,9.0,,,,,1017.4,26.2,26.8,,,,
2026-08-10T02:00:00Z,2026-09-13T21:37:05Z,70,7.0,8.0,,,,,1017.3,26.3,26.8,,,-1.8,
2026-08-10T02:10:00Z,2026-09-13T21:37:05Z,70,7.0,9.0,,,,,1017.3,26.2,26.8,,,,
2026-08-10T02:20:00Z,2026-09-13T21:37:05Z,80,7.0,9.0,,,,,1017.3,26.2,26.8,,,,
2026-08-10T02:30:00Z,2026-09-13T21:37:05Z,80,7.0,8.0,,,,,1017.3,26.2,26.8,,,,
2026-08-10T02:40:00Z,2026-09-13T21:37:05Z,70,7.0,8.0,,,,,1017.3,26.2,26.8,,,,
2026-08-10T02:50:00Z,2026-09-13T21:37:05Z,70,7.0,9.0,,,,,1017.2,26.2,26.8,,,,
2026-08-10T03:00:00Z,2026-09-13T21:37:05Z,70,7.0,8.0,,,,,1017.2,26.2,26.8,,,-1.2,
2026-08-10T03:10:00Z,2026-09-13T21:37:05Z,70,7.0,9.0,,,,,1017.2,26.2,26.8,,,,
2026-08-10T03:20:00Z,2026-09-13T21:37:05Z,70,7.0,9.0,,,,,1017.2,26.2,26.8,,,,
2026-08-10T03:30:00Z,2026-09-13T21:37:05Z,70,7.0,8.0,,,,,1017.1,26.2,26.7,,,,
2026-08-10T03:40:00Z,2026-09-13T21:37:05Z,70,8.0,9.0,,,,,1017.1,26.2,26.7,,,,
2026-08-10T03:50:00Z,2026-09-13T21:37:05Z,80,7.0,9.0,,,,,1017.1,26.2,26.7,,,,
2026-08-10T04:00:00Z,2026-09-13T21:37:05Z,80,7.0,9.0,,,,,1017.2,26.2,26.7,,,-0.8,
2026-08-10T04:10:00Z,2026-09-13T21:37:05Z,70,7.0,9.0,,,,,1017.2,26.2,26.7,,,,
2026-08-10T04:20:00Z,2026-09-13T21:37:05Z,80,7.0,9.0,,,,,1017.3,26.3,26.7,,,,
2026-08-10T04:30:00Z,2026-09-13T21:37:05Z,80,7.0,8.0,,,,,1017.3,26.3,26.7,,,,
2026-08-10T04:40:00Z,2026-09-13T21:37:05Z,80,8.0,9.0,,,,,1017.4,26.2,26.7,,,,
2026-08-10T04:50:00Z,2026-09-13T21:37:05Z,70,7.0,9.0,,,,,1017.6,26.2,26.7,,,,
2026-08-10T05:00:00Z,2026-09-13T21:37:05Z,70,7.0,10.0,,,,,1017.6,26.2,26.7,,,+0.3,
2026-08-10T05:10:00Z,2026-09-13T21:37:05Z,70,7.0,9.0,,,,,1017.7,26.0,26.7,,,,
2026-08-10T05:20:00Z,2026-09-13T21:37:05Z,80,8.0,9.0,,,,,1017.7,26.1,26.7,,,,
2026-08-10T05:30:00Z,2026-09-13T21:37:05Z,80,8.0,10.0,,,,,1017.7,26.1,26.7,,,,
2026-08-10T05:40:00Z,2026-09-13T21:37:05Z,80,8.0,10.0,,,,,1017.9,26.1,26.7,,,,
2026-08-10T05:50:00Z,2026-09-13T21:37:05Z,80,8.0,9.0,,,,,1018.0,26.1,26.7,,,,
2026-08-10T06:00:00Z,2026-09-13T21:37:05Z,70,7.0,9.0,,,,,1018.1,26.1,26.7,,,+0.9,
2026-08-10T06:10:00Z,2026-09-13T21:37:05Z,70,8.0,10.0,,,,,1018.1,26.0,26.7,,,,
2026-08-10T06:20:00Z,2026-09-13T21:37:05Z,70,8.0,9.0,,,,,1018.2,26.0,,,,,
2026-08-10T06:30:00Z,2026-09-13T21:37:05Z,70,8.0,9.0,,,,,1018.2,25.9,26.7,,,,
2026-08-10T06:40:00Z,2026-09-13T21:37:05Z,80,8.0,9.0,,,,,1018.2,25.9,26.7,,,,
2026-08-10T06:50:00Z,2026-09-13T21:37:05Z,80,8.0,9.0,,,,,1018.3,26.0,26.7,,,,
2026-08-10T07:00:00Z,2026-09-13T21:37:05Z,80,8.0,9.0,,,,,1018.5,26.0,26.7,,,+1.3,
2026-08-10T07:10:00Z,2026-09-13T21:37:05Z,80,8.0,9.0,,,,,1018.5,26.0,26.7,,,,
2026-08-10T07:20:00Z,2026-09-13T21:37:05Z,80,8.0,10.0,,,,,1018.6,26.0,26.7,,,,
2026-08-10T07:30:00Z,2026-09-13T21:37:05Z,80,7.0,9.0,,,,,1018.7,26.0,26.7,,,,
2026-08-10T07:40:00Z,2026-09-13T21:37:05Z,80,7.0,9.0,,,,,1018.9,26.0,26.7,,,,
2026-08-10T07:50:00Z,2026-09-13T21:37:05Z,80,7.0,9.0,,,,,1019.0,26.0,26.7,,,,
2026-08-10T08:00:00Z,2026-09-13T21:37:05Z,80,7.0,9.0,,,,,1019.1,26.0,26.7,,,+1.5,
2026-08-10T08:10:00Z,2026-09-13T21:37:05Z,80,7.0,9.0,,,,,1019.1,26.0,26.7,,,,
2026-08-10T08:20:00Z,2026-09-13T21:37:05Z,80,7.0,9.0,,,,,1019.2,26.0,26.7,,,,
2026-08-10T08:30:00Z,2026-09-13T21:37:05Z,80,7.0,9.0,,,,,1019.3,26.0,26.7,,,,
2026-08-10T08:40:00Z,2026-09-13T21:37:05Z,70,7.0,9.0,,,,,1019.3,26.0,26.7,,,,
2026-08-10T08:50:00Z,2026-09-13T21:37:05Z,80,7.0,8.0,,,,,1019.3,26.0,26.7,,,,
2026-08-10T09:00:00Z,2026-09-13T21:37:05Z,80,7.0,8.0,,,,,1019.2,26.0,26.7,,,+1.1,
2026-08-10T09:10:00Z,2026-09-13T21:37:05Z,80,6.0,8.0,,,,,1019.2,26.0,26.7,,,,
2026-08-10T09:20:00Z,2026-09-13T21:37:05Z,80,7.0,8.0,,,,,1019.0,26.0,26.7,,,,
2026-08-10T09:30:00Z,2026-09-13T21:37:05Z,90,6.0,8.0,,,,,1019.1,26.0,26.7,,,,
2026-08-10T09:40:00Z,2026-09-13T21:37:05Z,90,6.0,8.0,,,,,1019.1,25.8,26.7,,,,
2026-08-10T09:50:00Z,2026-09-13T21:37:05Z,90,6.0,8.0,,,,,1019.0,25.7,26.7,,,,
2026-08-10T10:00:00Z,2026-09-13T21:37:05Z,80,6.0,8.0,,,,,1019.0,26.0,26.7,,,+0.5,
2026-08-10T10:10:00Z,2026-09-13T21:37:05Z,70,7.0,9.0,,,,,1019.0,25.8,26.7,,,,
2026-08-10T10:20:00Z,2026-09-13T21:37:05Z,60,6.0,8.0,,,,,1018.9,25.6,26.7,,,,
2026-08-10T10:30:00Z,2026-09-13T21:37:05Z,80,6.0,8.0,,,,,1018.7,25.8,26.7,,,,
2026-08-10T10:40:00Z,2026-09-13T21:37:05Z,80,7.0,9.0,,,,,1018.6,25.9,26.7,,,,
2026-08-10T10:50:00Z,2026-09-13T21:37:05Z,80,7.0,8.0,,,,,1018.6,25.9,26.7,,,,
2026-08-10T11:00:00Z,2026-09-13T21:37:05Z,80,7.0,8.0,,,,,1018.5,25.9,26.7,,,-0.6,
2026-08-10T11:10:00Z,2026-09-13T21:37:05Z,90,7.0,8.0,,,,,1018.5,25.9,26.7,,,,
2026-08-10T11:20:00Z,2026-09-13T21:37:05Z,90,7.0,8.0,,,,,1018.5,25.9,26.7,,,,
2026-08-10T11:30:00Z,2026-09-13T21:37:05Z,90,6.0,8.0,,,,,1018.4,25.9,26.7,,,,
2026-08-10T11:40:00Z,2026-09-13T21:37:05Z,80,6.0,8.0,,,,,1018.4,25.9,26.7,,,,
2026-08-10T11:50:00Z,2026-09-13T21:37:05Z,80,6.0,7.0,,,,,1018.5,25.9,26.7,,,,
2026-08-10T12:00:00Z,2026-09-13T21:37:05Z,80,5.0,7.0,,,,,1018.4,25.8,26.7,,,-0.8,
2026-08-10T12:10:00Z,2026-09-13T21:37:05Z,80,6.0,7.0,,,,,1018.3,25.8,26.7,,,,
2026-08-10T12:20:00Z,2026-09-13T21:37:05Z,80,6.0,7.0,,,,,1018.2,25.8,26.7,,,,
2026-08-10T12:30:00Z,2026-09-13T21:37:05Z,80,5.0,7.0,,,,,1018.1,25.8,26.7,,,,
2026-08-10T12:40:00Z,2026-09-13T21:37:05Z,90,5.0,7.0,,,,,1018.0,25.8,26.7,,,,
2026-08-10T12:50:00Z,2026-09-13T21:37:05Z,90,5.0,6.0,,,,,1018.0,25.8,26.7,,,,
2026-08-10T13:00:00Z,2026-09-13T21:37:05Z,80,5.0,7.0,,,,,1017.9,25.6,26.7,,,-1.1,
2026-08-10T13:10:00Z,2026-09-13T21:37:05Z,90,6.0,7.0,,,,,1017.9,25.7,26.7,,,,
2026-08-10T13:20:00Z,2026-09-13T21:37:05Z,80,5.0,7.0,,,,,1017.8,25.6,26.7,,,,
2026-08-10T13:30:00Z,2026-09-13T21:37:05Z,80,6.0,7.0,,,,,1017.8,25.6,26.7,,,,
2026-08-10T13:40:00Z,2026-09-13T21:37:05Z,90,6.0,7.0,,,,,1017.9,25.7,26.7,,,,
2026-08-10T13:50:00Z,2026-09-13T21:37:05Z,100,5.0,6.0,,,,,1017.7,25.7,26.7,,,,
2026-08-10T14:00:00Z,2026-09-13T21:37:05Z,100,5.0,7.0,,,,,1017.5,25.7,26.7,,,-1.0,
2026-08-10T14:10:00Z,2026-09-13T21:37:05Z,100,6.0,7.0,,,,,1017.6,25.8,26.7,,,,
2026-08-10T14:20:00Z,2026-09-13T21:37:05Z,90,6.0,7.0,,,,,1017.6,25.8,26.7,,,,
2026-08-10T14:30:00Z,2026-09-13T21:37:05Z,90,6.0,7.0,,,,,1017.7,25.8,26.7,,,,
2026-08-10T14:40:00Z,2026-09-13T21:37:05Z,100,5.0,6.0,,,,,1017.6,25.8,26.7,,,,
2026-08-10T14:50:00Z,2026-09-13T21:37:05Z,90,6.0,7.0,,,,,1017.6,25.8,26.7,,,,
2026-08-10T15:00:00Z,2026-09-13T21:37:05Z,90,5.0,7.0,,,,,1017.7,25.8,26.7,,,-0.7,
2026-08-10T15:10:00Z,2026-09-13T21:37:05Z,90,5.0,7.0,,,,,1017.7,25.8,,,,,
2026-08-10T15:20:00Z,2026-09-13T21:37:05Z,90,5.0,6.0,,,,,1017.7,25.8,26.7,,,,
2026-08-10T15:30:00Z,2026-09-13T21:37:05Z,90,5.0,6.0,,,,,1017.8,25.8,26.7,,,,
2026-08-10T15:40:00Z,2026-09-13T21:37:05Z,80,5.0,6.0,,,,,1017.8,25.9,26.7,,,,
2026-08-10T15:50:00Z,2026-09-13T21:37:05Z,80,5.0,7.0,,,,,1017.9,25.9,26.7,,,,
2026-08-10T16:00:00Z,2026-09-13T21:37:05Z,90,5.0,7.0,,,,,1018.0,25.9,26.7,,,-0.0,
2026-08-10T16:10:00Z,2026-09-13T21:37:05Z,90,5.0,6.0,,,,,1018.0,25.9,26.7,,,,
2026-08-10T16:20:00Z,2026-09-13T21:37:05Z,90,5.0,6.0,,,,,1017.9,25.9,26.7,,,,
2026-08-10T16:30:00Z,2026-09-13T21:37:05Z,100,5.0,7.0,,,,,1018.0,25.9,26.7,,,,
2026-08-10T16:40:00Z,2026-09-13T21:37:05Z,90,5.0,7.0,,,,,1018.0,25.9,26.7,,,,
2026-08-10T16:50:00Z,2026-09-13T21:37:05Z,100,6.0,7.0,,,,,1018.1,25.9,26.7,,,,
2026-08-10T17:00:00Z,2026-09-13T21:37:05Z,100,6.0,7.0,,,,,1018.2,25.9,26.7,,,+0.7,
2026-08-10T17:10:00Z,2026-09-13T21:37:05Z,100,6.0,8.0,,,,,1018.2,25.9,26.7,,,,
2026-08-10T17:20:00Z,2026-09-13T21:37:05Z,100,5.0,6.0,,,,,1018.3,25.9,26.7,,,,
2026-08-10T17:30:00Z,2026-09-13T21:37:05Z,100,5.0,7.0,,,,,1018.3,25.9,26.7,,,,
2026-08-10T17:40:00Z,2026-09-13T21:37:05Z,90,5.0,7.0,,,,,1018.4,26.0,26.7,,,,
2026-08-10T17:50:00Z,2026-09-13T21:37:05Z,90,5.0,7.0,,,,,1018.3,26.0,26.7,,,,
2026-08-10T18:00:00Z,2026-09-13T21:37:05Z,90,5.0,7.0,,,,,1018.4,26.0,26.7,,,+0.7,
2026-08-10T18:10:00Z,2026-09-13T21:37:05Z,90,5.0,6.0,,,,,1018.4,26.0,26.7,,,,
2026-08-10T18:20:00Z,2026-09-13T21:37:05Z,80,5.0,6.0,,,,,1018.3,26.1,26.7,,,,
2026-08-10T18:30:00Z,2026-09-13T21:37:05Z,90,5.0,6.0,,,,,1018.3,26.1,26.7,,,,
2026-08-10T18:40:00Z,2026-09-13T21:37:05Z,90,5.0,7.0,,,,,1018.3,26.2,26.7,,,,
2026-08-10T18:50:00Z,2026-09-13T21:37:05Z,90,5.0,6.0,,,,,1018.4,26.2,26.7,,,,
2026-08-10T19:00:00Z,2026-09-13T21:37:05Z,90,5.0,6.0,,,,,1018.5,26.1,,,,+0.5,
2026-08-10T19:10:00Z,2026-09-13T21:37:05Z,90,5.0,7.0,,,,,1018.5,26.1,26.7,,,,
2026-08-10T19:20:00Z,2026-09-13T21:37:05Z,90,5.0,7.0,,,,,1018.5,26.1,26.7,,,,
2026-08-10T19:30:00Z,2026-09-13T21:37:05Z,80,5.0,7.0,,,,,1018.6,26.2,26.7,,,,
2026-08-10T19:40:00Z,2026-09-13T21:37:05Z,90,5.0,7.0,,,,,1018.5,26.1,26.7,,,,
2026-08-10T19:50:00Z,2026-09-13T21:37:05Z,80,5.0,6.0,,,,,1018.5,26.1,26.7,,,,
2026-08-10T20:00:00Z,2026-09-13T21:37:05Z,90,5.0,6.0,,,,,1018.4,26.2,26.7,,,+0.0,
2026-08-10T20:10:00Z,2026-09-13T21:37:05Z,80,5.0,7.0,,,,,1018.2,26.2,26.7,,,,
2026-08-10T20:20:00Z,2026-09-13T21:37:05Z,80,5.0,7.0,,,,,1018.2,26.2,26.7,,,,
2026-08-10T20:30:00Z,2026-09-13T21:37:05Z,80,6.0,7.0,,,,,1018.2,26.2,26.8,,,,
2026-08-10T20:40:00Z,2026-09-13T21:37:05Z,80,5.0,7.0,,,,,1018.3,26.2,26.8,,,,
2026-08-10T20:50:00Z,2026-09-13T21:37:05Z,80,5.0,7.0,,,,,1018.2,26.2,26.8,,,,
2026-08-10T21:00:00Z,2026-09-13T21:37:05Z,80,5.0,7.0,,,,,1018.3,26.2,26.8,,,+0.0,
2026-08-10T21:10:00Z,2026-09-13T21:37:05Z,80,6.0,7.0,,,,,1018.2,26.1,26.8,,,,
2026-08-10T21:20:00Z,2026-09-13T21:37:05Z,80,6.0,7.0,,,,,1018.2,26.2,26.8,,,,
2026-08-10T21:30:00Z,2026-09-13T21:37:05Z,80,6.0,7.0,,,,,1018.2,26.2,26.8,,,,
2026-08-10T21:40:00Z,2026-09-13T21:37:05Z,80,5.0,7.0,,,,,1018.2,26.2,26.8,,,,
2026-08-10T21:50:00Z,2026-09-13T21:37:05Z,80,5.0,6.0,,,,,1018.2,26.2,26.8,,,,
2026-08-10T22:00:00Z,2026-09-13T21:37:05Z,80,5.0,7.0,,,,,1018.2,26.2,26.8,,,-0.3,
2026-08-10T22:10:00Z,2026-09-13T21:37:05Z,80,6.0,7.0,,,,,1018.0,26.2,26.8,,,,
2026-08-10T22:20:00Z,2026-09-13T21:37:05Z,80,5.0,7.0,,,,,1018.0,26.3,26.9,,,,
2026-08-10T22:30:00Z,2026-09-13T21:37:05Z,80,6.0,7.0,,,,,1017.9,26.2,26.9,,,,
2026-08-10T22:40:00Z,2026-09-13T21:37:05Z,80,6.0,7.0,,,,,1017.8,26.2,26.9,,,,
2026-08-10T22:50:00Z,2026-09-13T21:37:05Z,80,6.0,7.0,,,,,1017.5,26.1,26.9,,,,
2026-08-10T23:00:00Z,2026-09-13T21:37:05Z,80,6.0,7.0,,,,,1017.4,26.1,26.9,,,-1.0,
2026-08-10T23:10:00Z,2026-09-13T21:37:05Z,80,6.0,7.0,,,,,1017.3,26.1,26.9,,,,
2026-08-10T23:20:00Z,2026-09-13T21:37:05Z,90,5.0,7.0,,,,,1017.3,26.2,26.9,,,,
2026-08-10T23:40:00Z,2026-09-13T21:37:05Z,80,6.0,7.0,,,,,1017.1,26.1,26.9,,,,
2026-08-10T23:50:00Z,2026-09-13T21:37:05Z,80,6.0,7.0,,,,,1017.0,26.2,27.0,,,,
2026-08-11T00:00:00Z,2026-09-13T21:37:05Z,80,6.0,7.0,,,,,1017.0,26.2,27.0,,,-1.3,
2026-08-11T00:10:00Z,2026-09-13T21:37:05Z,80,6.0,7.0,,,,,1016.8,26.3,26.9,,,,
2026-08-11T00:20:00Z,2026-09-13T21:37:05Z,80,6.0,7.0,,,,,1016.8,26.3,27.0,,,,
2026-08-11T00:30:00Z,2026-09-13T21:37:05Z,80,6.0,8.0,,,,,1016.7,26.3,27.0,,,,
2026-08-11T00:40:00Z,2026-09-13T21:37:05Z,80,6.0,8.0,,,,,1016.6,26.3,27.0,,,,
2026-08-11T00:50:00Z,2026-09-13T21:37:05Z,80,6.0,7.0,,,,,1016.6,26.2,,,,,
2026-08-11T01:00:00Z,2026-09-13T21:37:05Z,80,6.0,8.0,,,,,1016.6,26.3,26.9,,,-1.6,
2026-08-11T01:10:00Z,2026-09-13T21:37:05Z,80,6.0,7.0,,,,,1016.5,26.3,27.0,,,,
2026-08-11T01:20:00Z,2026-09-13T21:37:05Z,80,6.0,7.0,,,,,1016.5,26.3,27.0,,,,
2026-08-11T01:30:00Z,2026-09-13T21:37:05Z,80,6.0,8.0,,,,,1016.3,26.3,27.0,,,,
2026-08-11T01:40:00Z,2026-09-13T21:37:05Z,70,6.0,7.0,,,,,1016.3,26.3,27.0,,,,
2026-08-11T01:50:00Z,2026-09-13T21:37:05Z,70,6.0,8.0,,,,,1016.3,26.3,27.0,,,,
2026-08-11T02:00:00Z,2026-09-13T21:37:05Z,70,6.0,8.0,,,,,1016.1,26.2,27.0,,,-1.3,
2026-08-11T02:10:00Z,2026-09-13T21:37:05Z,80,6.0,8.0,,,,,1016.1,26.2,27.0,,,,
2026-08-11T02:20:00Z,2026-09-13T21:37:05Z,80,7.0,8.0,,,,,1016.0,26.2,27.0,,,,
2026-08-11T02:30:00Z,2026-09-13T21:37:05Z,80,6.0,8.0,,,,,1015.9,26.2,27.0,,,,
2026-08-11T02:40:00Z,2026-09-13T21:37:05Z,70,7.0,8.0,,,,,1015.9,26.2,26.9,,,,
2026-08-11T02:50:00Z,2026-09-13T21:37:05Z,70,6.0,8.0,,,,,1015.8,26.2,26.9,,,,
2026-08-11T03:00:00Z,2026-09-13T21:37:05Z,70,7.0,8.0,,,,,1015.8,26.3,27.0,,,-1.2,
2026-08-11T03:10:00Z,2026-09-13T21:37:05Z,70,6.0,8.0,,,,,1015.8,26.3,27.0,,,,
2026-08-11T03:20:00Z,2026-09-13T21:37:05Z,80,7.0,8.0,,,,,1015.7,26.2,27.0,,,,
2026-08-11T03:30:00Z,2026-09-13T21:37:05Z,80,6.0,8.0,,,,,1015.8,26.3,26.9,,,,
2026-08-11T03:40:00Z,2026-09-13T21:37:05Z,70,6.0,8.0,,,,,1015.8,26.2,26.9,,,,
2026-08-11T03:50:00Z,2026-09-13T21:37:05Z,70,6.0,8.0,,,,,1015.8,26.2,27.0,,,,
2026-08-11T04:00:00Z,2026-09-13T21:37:05Z,70,7.0,8.0,,,,,1015.8,26.2,26.9,,,-0.8,
2026-08-11T04:10:00Z,2026-09-13T21:37:05Z,70,6.0,8.0,,,,,1015.9,26.2,26.9,,,,
2026-08-11T04:20:00Z,2026-09-13T21:37:05Z,70,6.0,8.0,,,,,1015.9,26.2,26.9,,,,
2026-08-11T04:30:00Z,2026-09-13T21:37:05Z,70,7.0,8.0,,,,,1016.0,26.2,26.9,,,,
2026-08-11T04:40:00Z,2026-09-13T21:37:05Z,70,7.0,8.0,,,,,1016.1,26.3,26.9,,,,
2026-08-11T04:50:00Z,2026-09-13T21:37:05Z,70,6.0,8.0,,,,,1016.2,26.2,,,,,
2026-08-11T05:00:00Z,2026-09-13T21:37:05Z,70,6.0,8.0,,,,,1016.2,26.2,26.9,,,-0.0,
2026-08-11T05:10:00Z,2026-09-13T21:37:05Z,70,7.0,8.0,,,,,1016.3,26.2,26.9,,,,
2026-08-11T05:20:00Z,2026-09-13T21:37:05Z,70,6.0,8.0,,,,,1016.4,26.1,26.9,,,,
2026-08-11T05:30:00Z,2026-09-13T21:37:05Z,70,6.0,7.0,,,,,1016.4,26.1,26.9,,,,
2026-08-11T05:40:00Z,2026-09-13T21:37:05Z,70,6.0,7.0,,,,,1016.6,26.2,26.9,,,,
2026-08-11T05:50:00Z,2026-09-13T21:37:05Z,70,6.0,7.0,,,,,1016.6,26.1,26.9,,,,
2026-08-11T06:00:00Z,2026-09-13T21:37:05Z,70,6.0,8.0,,,,,1016.6,26.1,,,,+0.8,
2026-08-11T06:10:00Z,2026-09-13T21:37:05Z,70,7.0,8.0,,,,,1016.8,26.0,26.9,,,,
2026-08-11T09:00:00Z,2026-09-13T21:37:05Z,70,6.0,7.0,,,,,1017.5,26.0,26.9,,,+0.9,
2026-08-11T09:10:00Z,2026-09-13T21:37:05Z,70,6.0,7.0,,,,,1017.6,26.0,26.9,,,,
2026-08-11T09:30:00Z,2026-09-13T21:37:05Z,80,6.0,7.0,,,,,1017.3,26.0,26.8,,,,
2026-08-11T09:40:00Z,2026-09-13T21:37:05Z,80,6.0,7.0,,,,,1017.2,26.0,26.9,,,,
2026-08-11T09:50:00Z,2026-09-13T21:37:05Z,80,6.0,7.0,,,,,1017.1,25.9,26.9,,,,
2026-08-11T10:00:00Z,2026-09-13T21:37:05Z,70,5.0,7.0,,,,,1017.1,25.9,26.9,,,,
2026-08-11T10:10:00Z,2026-09-13T21:37:05Z,80,6.0,7.0,,,,,1016.9,25.9,26.9,,,,
2026-08-11T10:20:00Z,2026-09-13T21:37:05Z,80,6.0,7.0,,,,,1016.8,25.9,26.9,,,,
2026-08-11T10:30:00Z,2026-09-13T21:37:05Z,80,6.0,7.0,,,,,1016.7,25.9,26.9,,,,
2026-08-11T10:40:00Z,2026-09-13T21:37:05Z,80,6.0,7.0,,,,,1016.6,25.9,26.9,,,,
2026-08-11T10:50:00Z,2026-09-13T21:37:05Z,80,6.0,7.0,,,,,1016.6,25.9,26.9,,,,
2026-08-11T11:00:00Z,2026-09-13T21:37:05Z,80,6.0,7.0,,,,,1016.5,25.9,26.9,,,,
2026-08-11T11:10:00Z,2026-09-13T21:37:05Z,80,6.0,7.0,,,,,1016.5,25.9,26.9,,,,
2026-08-11T11:20:00Z,2026-09-13T21:37:05Z,90,6.0,7.0,,,,,1016.3,25.9,26.9,,,,
2026-08-11T11:30:00Z,2026-09-13T21:37:05Z,80,5.0,7.0,,,,,1016.4,25.8,26.9,,,,
2026-08-11T11:40:00Z,2026-09-13T21:37:05Z,80,5.0,7.0,,,,,1016.3,25.8,26.9,,,,
2026-08-11T11:50:00Z,2026-09-13T21:37:05Z,80,6.0,7.0,,,,,1016.2,25.8,26.9,,,,
2026-08-11T12:00:00Z,2026-09-13T21:37:05Z,80,6.0,7.0,,,,,1016.1,25.8,26.9,,,-1.4,
2026-08-11T12:10:00Z,2026-09-13T21:37:05Z,90,5.0,6.0,,,,,1016.0,25.9,26.9,,,,
2026-08-11T12:20:00Z,2026-09-13T21:37:05Z,80,5.0,7.0,,,,,1015.9,25.9,26.9,,,,
2026-08-11T12:30:00Z,2026-09-13T21:37:05Z,80,5.0,6.0,,,,,1015.9,25.9,26.9,,,,
2026-08-11T12:40:00Z,2026-09-13T21:37:05Z,80,5.0,7.0,,,,,1015.9,25.9,26.9,,,,
2026-08-11T12:50:00Z,2026-09-13T21:37:05Z,70,5.0,6.0,,,,,1015.8,25.9,26.9,,,,
2026-08-11T13:00:00Z,2026-09-13T21:37:05Z,60,5.0,6.0,,,,,1015.7,25.8,26.9,,,-1.4,
2026-08-11T13:10:00Z,2026-09-13T21:37:05Z,70,5.0,6.0,,,,,1015.7,25.8,26.9,,,,
2026-08-11T13:20:00Z,2026-09-13T21:37:05Z,70,4.0,6.0,,,,,1015.7,25.8,26.9,,,,
2026-08-11T13:30:00Z,2026-09-13T21:37:05Z,80,4.0,6.0,,,,,1015.7,25.7,26.9,,,,
2026-08-11T13:40:00Z,2026-09-13T21:37:05Z,70,4.0,5.0,,,,,1015.7,25.8,26.9,,,,
2026-08-11T13:50:00Z,2026-09-13T21:37:05Z,70,4.0,6.0,,,,,1015.7,25.8,26.9,,,,
2026-08-11T14:00:00Z,2026-09-13T21:37:05Z,80,4.0,5.0,,,,,1015.7,25.8,26.9,,,-0.8,
2026-08-11T14:10:00Z,2026-09-13T21:37:05Z,80,4.0,5.0,,,,,1015.7,25.7,26.9,,,,
2026-08-11T14:20:00Z,2026-09-13T21:37:05Z,80,4.0,5.0,,,,,1015.6,25.8,26.8,,,,
2026-08-11T14:30:00Z,2026-09-13T21:37:05Z,80,4.0,5.0,,,,,1015.7,25.8,26.8,,,,
2026-08-11T14:40:00Z,2026-09-13T21:37:05Z,70,4.0,5.0,,,,,1015.7,25.8,26.8,,,,
2026-08-11T14:50:00Z,2026-09-13T21:37:05Z,70,4.0,5.0,,,,,1015.7,25.7,26.8,,,,
2026-08-11T15:00:00Z,2026-09-13T21:37:05Z,70,4.0,5.0,,,,,1015.8,25.7,26.8,,,-0.3,
2026-08-11T15:10:00Z,2026-09-13T21:37:05Z,70,4.0,5.0,,,,,1015.8,25.7,26.8,,,,
2026-08-11T15:20:00Z,2026-09-13T21:37:05Z,80,4.0,5.0,,,,,1015.8,25.7,26.8,,,,
2026-08-11T15:30:00Z,2026-09-13T21:37:05Z,80,4.0,5.0,,,,,1015.8,25.7,26.8,,,,
2026-08-11T15:40:00Z,2026-09-13T21:37:05Z,70,4.0,5.0,,,,,1015.9,25.7,26.8,,,,
2026-08-11T15:50:00Z,2026-09-13T21:37:05Z,80,4.0,5.0,,,,,1016.0,25.7,26.8,,,,
2026-08-11T16:00:00Z,2026-09-13T21:37:05Z,80,4.0,6.0,,,,,1016.0,25.8,26.8,,,+0.3,
2026-08-11T16:10:00Z,2026-09-13T21:37:05Z,80,4.0,6.0,,,,,1016.1,25.7,26.8,,,,
2026-08-11T16:20:00Z,2026-09-13T21:37:05Z,80,5.0,6.0,,,,,1016.2,25.7,26.8,,,,
2026-08-11T16:30:00Z,2026-09-13T21:37:05Z,80,5.0,6.0,,,,,1016.2,25.8,26.8,,,,
2026-08-11T16:40:00Z,2026-09-13T21:37:05Z,90,4.0,5.0,,,,,1016.3,25.8,26.8,,,,
2026-08-11T16:50:00Z,2026-09-13T21:37:05Z,80,4.0,5.0,,,,,1016.4,25.9,26.8,,,,
2026-08-11T17:00:00Z,2026-09-13T21:37:05Z,80,4.0,5.0,,,,,1016.5,26.0,26.8,,,+0.8,
2026-08-11T17:10:00Z,2026-09-13T21:37:05Z,90,4.0,5.0,,,,,1016.6,26.0,26.8,,,,
2026-08-11T17:20:00Z,2026-09-13T21:37:05Z,80,4.0,5.0,,,,,1016.8,26.0,26.8,,,,
2026-08-11T17:30:00Z,2026-09-13T21:37:05Z,90,4.0,5.0,,,,,1016.8,26.1,26.8,,,,
2026-08-11T17:40:00Z,2026-09-13T21:37:05Z,90,4.0,5.0,,,,,1016.9,26.1,26.8,,,,
2026-08-11T17:50:00Z,2026-09-13T21:37:05Z,,4.0,6.0,,,,,,26.1,26.8,,,,
2026-08-11T18:00:00Z,2026-09-13T21:37:05Z,90,4.0,5.0,,,,,1017.1,26.1,26.8,,,+1.3,
2026-08-11T18:10:00Z,2026-09-13T21:37:05Z,90,4.0,5.0,,,,,1017.1,26.2,26.8,,,,
2026-08-11T18:20:00Z,2026-09-13T21:37:05Z,90,4.0,5.0,,,,,1017.2,26.2,26.8,,,,
2026-08-11T18:30:00Z,2026-09-13T21:37:05Z,90,4.0,5.0,,,,,1017.2,26.2,26.8,,,,
2026-08-11T18:40:00Z,2026-09-13T21:37:05Z,90,4.0,5.0,,,,,1017.3,26.3,26.8,,,,
2026-08-11T18:50:00Z,2026-09-13T21:37:05Z,100,4.0,5.0,,,,,1017.3,26.2,26.8,,,,
2026-08-11T19:00:00Z,2026-09-13T21:37:05Z,90,4.0,6.0,,,,,1017.4,26.2,26.9,,,+1.4,
2026-08-11T19:10:00Z,2026-09-13T21:37:05Z,90,4.0,6.0,,,,,1017.4,26.2,26.9,,,,
2026-08-11T19:20:00Z,2026-09-13T21:37:05Z,90,5.0,6.0,,,,,1017.4,26.1,26.9,,,,
2026-08-11T19:30:00Z,2026-09-13T21:37:05Z,90,4.0,5.0,,,,,1017.5,26.2,26.9,,,,
2026-08-11T19:40:00Z,2026-09-13T21:37:05Z,90,4.0,5.0,,,,,1017.5,26.2,26.9,,,,
2026-08-11T19:50:00Z,2026-09-13T21:37:05Z,90,5.0,6.0,,,,,1017.6,26.1,,,,,
2026-08-11T20:00:00Z,2026-09-13T21:37:05Z,90,5.0,6.0,,,,,1017.7,26.0,26.9,,,+1.2,
2026-08-11T20:10:00Z,2026-09-13T21:37:05Z,90,4.0,5.0,,,,,1017.7,26.1,26.9,,,,
2026-08-11T20:20:00Z,2026-09-13T21:37:05Z,90,4.0,5.0,,,,,1017.7,26.1,,,,,
2026-08-11T20:30:00Z,2026-09-13T21:37:05Z,90,4.0,5.0,,,,,1017.7,26.1,26.9,,,,
2026-08-11T20:40:00Z,2026-09-13T21:37:05Z,90,4.0,5.0,,,,,1017.7,26.2,26.9,,,,
2026-08-11T20:50:00Z,2026-09-13T21:37:05Z,80,4.0,5.0,,,,,1017.7,26.0,27.0,,,,
2026-08-11T21:00:00Z,2026-09-13T21:37:05Z,90,4.0,5.0,,,,,1017.6,26.1,27.0,,,+0.5,
2026-08-11T21:10:00Z,2026-09-13T21:37:05Z,90,4.0,5.0,,,,,1017.5,26.1,27.0,,,,
2026-08-11T21:20:00Z,2026-09-13T21:37:05Z,90,4.0,5.0,,,,,1017.4,26.1,,,,,
2026-08-11T21:30:00Z,2026-09-13T21:37:05Z,90,3.0,5.0,,,,,1017.4,26.1,27.0,,,,
2026-08-11T21:40:00Z,2026-09-13T21:37:05Z,90,4.0,6.0,,,,,1017.3,26.2,27.0,,,,
2026-08-11T21:50:00Z,2026-09-13T21:37:05Z,90,4.0,6.0,,,,,1017.3,26.1,,,,,
2026-08-11T22:00:00Z,2026-09-13T21:37:05Z,80,4.0,6.0,,,,,1017.3,26.0,27.1,,,+0.0,
2026-08-11T22:10:00Z,2026-09-13T21:37:05Z,80,4.0,5.0,,,,,1017.2,26.0,27.1,,,,
2026-08-11T22:20:00Z,2026-09-13T21:37:05Z,80,4.0,5.0,,,,,1017.1,26.0,27.1,,,,
2026-08-11T22:30:00Z,2026-09-13T21:37:05Z,90,4.0,5.0,,,,,1017.1,26.1,27.1,,,,
2026-08-11T22:40:00Z,2026-09-13T21:37:05Z,90,4.0,5.0,,,,,1017.0,26.1,27.1,,,,
2026-08-11T22:50:00Z,2026-09-13T21:37:05Z,90,4.0,6.0,,,,,1016.9,26.2,27.1,,,,
2026-08-11T23:00:00Z,2026-09-13T21:37:05Z,90,4.0,5.0,,,,,1016.8,26.1,27.2,,,-0.9,
2026-08-11T23:10:00Z,2026-09-13T21:37:05Z,80,4.0,5.0,,,,,1016.7,26.2,27.2,,,,
2026-08-11T23:20:00Z,2026-09-13T21:37:05Z,70,4.0,5.0,,,,,1016.6,26.1,27.2,,,,
2026-08-11T23:30:00Z,2026-09-13T21:37:05Z,80,4.0,5.0,,,,,1016.6,26.1,27.2,,,,
2026-08-11T23:40:00Z,2026-09-13T21:37:05Z,80,4.0,6.0,,,,,1016.5,26.2,27.3,,,,
2026-08-11T23:50:00Z,2026-09-13T21:37:05Z,80,4.0,5.0,,,,,1016.4,26.2,27.3,,,,
2026-08-12T00:00:00Z,2026-09-13T21:37:05Z,90,4.0,6.0,,,,,1016.4,26.2,27.3,,,-1.2,
2026-08-12T00:10:00Z,2026-09-13T21:37:05Z,80,4.0,6.0,,,,,1016.4,26.1,27.3,,,,
2026-08-12T00:20:00Z,2026-09-13T21:37:05Z,90,4.0,5.0,,,,,1016.3,26.1,27.2,,,,
2026-08-12T00:30:00Z,2026-09-13T21:37:05Z,80,4.0,6.0,,,,,1016.2,26.2,27.3,,,,
2026-08-12T00:40:00Z,2026-09-13T21:37:05Z,80,4.0,6.0,,,,,1016.1,26.1,27.3,,,,
2026-08-12T00:50:00Z,2026-09-13T21:37:05Z,90,4.0,5.0,,,,,1016.0,26.1,27.3,,,,
2026-08-12T01:00:00Z,2026-09-13T21:37:05Z,90,4.0,5.0,,,,,1016.0,26.3,27.3,,,-1.3,
2026-08-12T01:10:00Z,2026-09-13T21:37:05Z,80,5.0,6.0,,,,,1015.9,26.2,27.3,,,,
2026-08-12T01:20:00Z,2026-09-13T21:37:05Z,90,5.0,6.0,,,,,1015.8,26.2,27.3,,,,
2026-08-12T01:30:00Z,2026-09-13T21:37:05Z,90,5.0,6.0,,,,,1015.7,26.2,27.3,,,,
2026-08-12T01:40:00Z,2026-09-13T21:37:05Z,80,5.0,7.0,,,,,1015.6,26.2,27.3,,,,
2026-08-12T01:50:00Z,2026-09-13T21:37:05Z,80,5.0,6.0,,,,,1015.5,26.2,27.2,,,,
2026-08-12T02:00:00Z,2026-09-13T21:37:05Z,80,5.0,6.0,,,,,1015.5,26.3,27.3,,,-1.3,
2026-08-12T02:10:00Z,2026-09-13T21:37:05Z,80,5.0,6.0,,,,,1015.5,26.1,27.3,,,,
2026-08-12T02:20:00Z,2026-09-13T21:37:05Z,80,5.0,6.0,,,,,1015.5,26.1,27.3,,,,
2026-08-12T02:30:00Z,2026-09-13T21:37:05Z,90,5.0,6.0,,,,,1015.5,,27.2,,,,
2026-08-12T02:40:00Z,2026-09-13T21:37:05Z,80,5.0,6.0,,,,,1015.4,26.2,27.2,,,,
2026-08-12T02:50:00Z,2026-09-13T21:37:05Z,80,5.0,6.0,,,,,1015.5,26.2,27.3,,,,
2026-08-12T03:00:00Z,2026-09-13T21:37:05Z,80,5.0,6.0,,,,,1015.5,26.2,27.3,,,-0.9,
2026-08-12T03:10:00Z,2026-09-13T21:37:05Z,80,5.0,7.0,,,,,1015.5,26.3,27.3,,,,
2026-08-12T03:20:00Z,2026-09-13T21:37:05Z,80,5.0,7.0,,,,,1015.4,26.2,27.3,,,,
2026-08-12T03:30:00Z,2026-09-13T21:37:05Z,90,5.0,6.0,,,,,1015.3,26.3,27.3,,,,
2026-08-12T03:40:00Z,2026-09-13T21:37:05Z,90,5.0,6.0,,,,,1015.4,26.3,27.2,,,,
2026-08-12T03:50:00Z,2026-09-13T21:37:05Z,80,5.0,6.0,,,,,1015.5,26.4,27.2,,,,
2026-08-12T04:00:00Z,2026-09-13T21:37:05Z,90,5.0,7.0,,,,,1015.5,26.4,27.2,,,-0.5,
2026-08-12T04:10:00Z,2026-09-13T21:37:05Z,80,5.0,7.0,,,,,1015.5,26.4,27.2,,,,
2026-08-12T04:20:00Z,2026-09-13T21:37:05Z,80,5.0,6.0,,,,,1015.5,26.4,27.2,,,,
2026-08-12T04:30:00Z,2026-09-13T21:37:05Z,80,5.0,7.0,,,,,1015.6,26.5,27.1,,,,
2026-08-12T04:40:00Z,2026-09-13T21:37:05Z,80,6.0,7.0,,,,,1015.5,26.5,27.2,,,,
2026-08-12T04:50:00Z,2026-09-13T21:37:05Z,80,5.0,7.0,,,,,1015.6,26.5,27.1,,,,
2026-08-12T05:00:00Z,2026-09-13T21:37:05Z,80,6.0,7.0,,,,,1015.7,26.4,27.1,,,+0.0,
2026-08-12T05:10:00Z,2026-09-13T21:37:05Z,80,6.0,7.0,,,,,1015.8,26.4,27.2,,,,
2026-08-12T05:20:00Z,2026-09-13T21:37:05Z,90,6.0,7.0,,,,,1015.7,26.3,27.1,,,,
2026-08-12T05:30:00Z,2026-09-13T21:37:05Z,80,6.0,7.0,,,,,1015.9,26.3,27.1,,,,
2026-08-12T05:40:00Z,2026-09-13T21:37:05Z,80,6.0,7.0,,,,,1016.0,26.3,27.1,,,,
2026-08-12T05:50:00Z,2026-09-13T21:37:05Z,90,6.0,7.0,,,,,1016.0,26.3,27.1,,,,
2026-08-12T06:00:00Z,2026-09-13T21:37:05Z,90,6.0,7.0,,,,,1016.1,26.3,27.1,,,+0.6,
2026-08-12T06:10:00Z,2026-09-13T21:37:05Z,90,6.0,7.0,,,,,1016.2,26.4,27.1,,,,
2026-08-12T06:20:00Z,2026-09-13T21:37:05Z,90,6.0,7.0,,,,,1016.3,26.3,27.0,,,,
2026-08-12T06:30:00Z,2026-09-13T21:37:05Z,90,6.0,7.0,,,,,1016.4,26.3,27.0,,,,
2026-08-12T06:40:00Z,2026-09-13T21:37:05Z,90,6.0,7.0,,,,,1016.6,26.4,27.0,,,,
2026-08-12T06:50:00Z,2026-09-13T21:37:05Z,90,5.0,7.0,,,,,1016.7,26.4,27.0,,,,
2026-08-12T07:00:00Z,2026-09-13T21:37:05Z,90,6.0,7.0,,,,,1016.8,26.3,27.0,,,+1.3,
2026-08-12T07:10:00Z,2026-09-13T21:37:05Z,90,6.0,7.0,,,,,1016.8,26.3,27.0,,,,
2026-08-12T07:20:00Z,2026-09-13T21:37:05Z,90,6.0,7.0,,,,,1016.9,26.3,27.0,,,,
2026-08-12T07:30:00Z,2026-09-13T21:37:05Z,80,6.0,7.0,,,,,1017.1,26.3,26.9,,,,
2026-08-12T07:40:00Z,2026-09-13T21:37:05Z,90,6.0,8.0,,,,,1017.2,26.3,26.9,,,,
2026-08-12T07:50:00Z,2026-09-13T21:37:05Z,80,6.0,7.0,,,,,1017.2,26.3,26.9,,,,
2026-08-12T08:00:00Z,2026-09-13T21:37:05Z,100,7.0,10.0,,,,,1017.3,26.2,26.9,,,+1.6,
2026-08-12T08:10:00Z,2026-09-13T21:37:05Z,100,8.0,10.0,,,,,1017.4,25.5,26.9,,,,
2026-08-12T08:20:00Z,2026-09-13T21:37:05Z,100,8.0,10.0,,,,,1017.4,25.2,26.9,,,,
2026-08-12T08:30:00Z,2026-09-13T21:37:05Z,100,8.0,10.0,,,,,1017.5,25.1,,,,,
2026-08-12T08:40:00Z,2026-09-13T21:37:05Z,100,8.0,9.0,,,,,1017.5,25.1,26.9,,,,
2026-08-12T08:50:00Z,2026-09-13T21:37:05Z,100,8.0,10.0,,,,,1017.4,25.3,26.9,,,,
2026-08-12T09:00:00Z,2026-09-13T21:37:05Z,110,8.0,10.0,,,,,1017.4,25.2,26.9,,,+1.3,
2026-08-12T09:10:00Z,2026-09-13T21:37:05Z,110,8.0,11.0,,,,,1017.5,25.1,26.9,,,,
2026-08-12T09:20:00Z,2026-09-13T21:37:05Z,100,8.0,11.0,,,,,1017.4,25.1,26.9,,,,
2026-08-12T09:30:00Z,2026-09-13T21:37:05Z,110,9.0,12.0,,,,,1017.3,24.9,26.9,,,,
2026-08-12T09:40:00Z,2026-09-13T21:37:05Z,110,9.0,11.0,,,,,1017.3,24.8,26.9,,,,
2026-08-12T09:50:00Z,2026-09-13T21:37:05Z,110,10.0,11.0,,,,,1017.3,24.5,26.9,,,,
2026-08-12T10:00:00Z,2026-09-13T21:37:05Z,110,9.0,11.0,,,,,1017.4,24.3,26.9,,,+0.6,
2026-08-12T10:10:00Z,2026-09-13T21:37:05Z,110,8.0,9.0,,,,,1017.4,24.3,26.9,,,,
2026-08-12T10:20:00Z,2026-09-13T21:37:05Z,100,7.0,9.0,,,,,1017.3,24.2,26.9,,,,
2026-08-12T10:30:00Z,2026-09-13T21:37:05Z,80,6.0,8.0,,,,,1017.3,24.3,26.9,,,,
2026-08-12T10:40:00Z,2026-09-13T21:37:05Z,70,5.0,7.0,,,,,1017.1,24.3,26.9,,,,
2026-08-12T10:50:00Z,2026-09-13T21:37:05Z,70,4.0,5.0,,,,,1017.0,24.5,26.9,,,,
2026-08-12T11:00:00Z,2026-09-13T21:37:05Z,70,4.0,6.0,,,,,1016.9,24.8,26.9,,,-0.4,
2026-08-12T11:10:00Z,2026-09-13T21:37:05Z,80,5.0,7.0,,,,,1016.9,25.1,26.9,,,,
2026-08-12T11:20:00Z,2026-09-13T21:37:05Z,90,7.0,10.0,,,,,1016.8,25.2,26.9,,,,
2026-08-12T11:30:00Z,2026-09-13T21:37:05Z,80,8.0,10.0,,,,,1016.8,24.6,26.9,,,,
2026-08-12T11:40:00Z,2026-09-13T21:37:05Z,80,8.0,9.0,,,,,1016.9,24.4,26.9,,,,
2026-08-12T11:50:00Z,2026-09-13T21:37:05Z,80,8.0,10.0,,,,,1016.9,24.5,26.9,,,,
2026-08-12T12:00:00Z,2026-09-13T21:37:05Z,80,7.0,9.0,,,,,1016.9,24.4,26.9,,,-0.5,
2026-08-12T12:10:00Z,2026-09-13T21:37:05Z,80,7.0,9.0,,,,,1016.8,24.6,26.9,,,,
2026-08-12T12:20:00Z,2026-09-13T21:37:05Z,70,6.0,8.0,,,,,1016.8,24.6,26.9,,,,
2026-08-12T12:30:00Z,2026-09-13T21:37:05Z,80,5.0,6.0,,,,,1016.7,24.7,26.9,,,,
2026-08-12T12:40:00Z,2026-09-13T21:37:05Z,80,5.0,7.0,,,,,1016.6,24.8,26.9,,,,
2026-08-12T12:50:00Z,2026-09-13T21:37:05Z,80,5.0,7.0,,,,,1016.6,24.8,26.9,,,,
2026-08-12T13:00:00Z,2026-09-13T21:37:05Z,80,4.0,5.0,,,,,1016.5,25.1,26.9,,,-0.9,
2026-08-12T13:10:00Z,2026-09-13T21:37:05Z,70,4.0,6.0,,,,,1016.5,25.3,26.9,,,,
2026-08-12T13:20:00Z,2026-09-13T21:37:05Z,60,5.0,6.0,,,,,1016.5,25.3,26.9,,,,
2026-08-12T13:30:00Z,2026-09-13T21:37:05Z,70,4.0,5.0,,,,,1016.5,25.1,26.9,,,,
2026-08-12T13:40:00Z,2026-09-13T21:37:05Z,80,4.0,6.0,,,,,1016.5,25.3,26.9,,,,
2026-08-12T13:50:00Z,2026-09-13T21:37:05Z,90,4.0,6.0,,,,,1016.5,25.5,26.9,,,,
2026-08-12T14:00:00Z,2026-09-13T21:37:05Z,100,4.0,6.0,,,,,1016.5,25.7,26.8,,,-0.4,
2026-08-12T14:10:00Z,2026-09-13T21:37:05Z,110,5.0,7.0,,,,,1016.5,25.8,26.8,,,,
2026-08-12T14:20:00Z,2026-09-13T21:37:05Z,110,6.0,8.0,,,,,1016.5,25.8,26.8,,,,
2026-08-12T14:30:00Z,2026-09-13T21:37:05Z,110,6.0,8.0,,,,,1016.6,25.6,26.8,,,,
2026-08-12T14:40:00Z,2026-09-13T21:37:05Z,110,6.0,7.0,,,,,1016.6,25.6,26.8,,,,
2026-08-12T14:50:00Z,2026-09-13T21:37:05Z,110,6.0,7.0,,,,,1016.6,25.6,26.8,,,,
2026-08-12T15:00:00Z,2026-09-13T21:37:05Z,110,6.0,7.0,,,,,1016.6,25.5,26.8,,,-0.3,
2026-08-12T15:10:00Z,2026-09-13T21:37:05Z,110,5.0,7.0,,,,,1016.6,25.6,26.8,,,,
2026-08-12T15:20:00Z,2026-09-13T21:37:05Z,120,5.0,7.0,,,,,1016.7,25.8,26.8,,,,
2026-08-12T15:30:00Z,2026-09-13T21:37:05Z,110,6.0,7.0,,,,,1016.7,26.1,26.8,,,,
2026-08-12T15:40:00Z,2026-09-13T21:37:05Z,110,6.0,8.0,,,,,1016.7,26.1,26.8,,,,
2026-08-12T15:50:00Z,2026-09-13T21:37:05Z,100,7.0,9.0,,,,,1016.7,26.0,26.8,,,,
2026-08-12T16:00:00Z,2026-09-13T21:37:05Z,90,4.0,8.0,,,,,1016.7,26.1,26.8,,,+0.0,
2026-08-12T16:10:00Z,2026-09-13T21:37:05Z,90,3.0,4.0,,,,,1016.8,26.0,26.8,,,,
2026-08-12T16:20:00Z,2026-09-13T21:37:05Z,90,3.0,4.0,,,,,1016.8,26.1,26.8,,,,
2026-08-12T16:30:00Z,2026-09-13T21:37:05Z,100,3.0,4.0,,,,,1016.8,26.1,26.8,,,,
2026-08-12T16:40:00Z,2026-09-13T21:37:05Z,100,3.0,4.0,,,,,1016.9,26.2,26.8,,,,
2026-08-12T16:50:00Z,2026-09-13T21:37:05Z,100,3.0,5.0,,,,,1017.0,26.2,26.8,,,,
2026-08-12T17:00:00Z,2026-09-13T21:37:05Z,100,5.0,6.0,,,,,1017.1,26.4,26.8,,,+0.6,
2026-08-12T17:10:00Z,2026-09-13T21:37:05Z,100,5.0,7.0,,,,,1017.1,26.2,26.8,,,,
2026-08-12T17:20:00Z,2026-09-13T21:37:05Z,90,6.0,7.0,,,,,1017.2,26.2,26.8,,,,
2026-08-12T17:30:00Z,2026-09-13T21:37:05Z,90,6.0,8.0,,,,,1017.3,26.1,26.8,,,,
2026-08-12T17:40:00Z,2026-09-13T21:37:05Z,120,7.0,9.0,,,,,1017.4,25.6,26.8,,,,
2026-08-12T17:50:00Z,2026-09-13T21:37:05Z,120,7.0,8.0,,,,,1017.5,25.3,26.8,,,,
2026-08-12T18:00:00Z,2026-09-13T21:37:05Z,120,7.0,8.0,,,,,1017.6,25.2,26.8,,,+1.0,
2026-08-12T18:10:00Z,2026-09-13T21:37:05Z,110,7.0,8.0,,,,,1017.7,25.4,26.8,,,,
2026-08-12T18:20:00Z,2026-09-13T21:37:05Z,100,8.0,10.0,,,,,1017.8,25.3,26.8,,,,
2026-08-12T18:30:00Z,2026-09-13T21:37:05Z,110,7.0,8.0,,,,,1017.9,24.9,26.8,,,,
2026-08-12T18:40:00Z,2026-09-13T21:37:05Z,110,6.0,8.0,,,,,1017.9,25.3,26.8,,,,
2026-08-12T18:50:00Z,2026-09-13T21:37:05Z,100,5.0,6.0,,,,,1018.0,25.4,,,,,
2026-08-12T19:00:00Z,2026-09-13T21:37:05Z,90,4.0,5.0,,,,,1018.0,25.6,26.8,,,+1.3,
2026-08-12T19:10:00Z,2026-09-13T21:37:05Z,90,3.0,4.0,,,,,1018.1,25.7,,,,,
2026-08-12T19:20:00Z,2026-09-13T21:37:05Z,90,3.0,4.0,,,,,1018.2,25.8,26.8,,,,
2026-08-12T19:30:00Z,2026-09-13T21:37:05Z,100,3.0,4.0,,,,,1018.2,25.9,26.9,,,,
2026-08-12T19:40:00Z,2026-09-13T21:37:05Z,90,4.0,5.0,,,,,1018.4,26.1,26.9,,,,
2026-08-12T19:50:00Z,2026-09-13T21:37:05Z,100,5.0,7.0,,,,,1018.3,26.2,26.9,,,,
2026-08-12T20:00:00Z,2026-09-13T21:37:05Z,100,5.0,7.0,,,,,1018.3,26.4,26.9,,,+1.2,
2026-08-12T20:10:00Z,2026-09-13T21:37:05Z,100,5.0,7.0,,,,,1018.4,26.5,26.9,,,,
2026-08-12T20:20:00Z,2026-09-13T21:37:05Z,100,6.0,7.0,,,,,1018.5,26.5,26.9,,,,
2026-08-12T20:30:00Z,2026-09-13T21:37:05Z,90,6.0,7.0,,,,,1018.4,26.5,26.9,,,,
2026-08-12T20:40:00Z,2026-09-13T21:37:05Z,90,6.0,7.0,,,,,1018.5,26.5,26.9,,,,
2026-08-12T20:50:00Z,2026-09-13T21:37:05Z,90,6.0,7.0,,,,,1018.5,26.4,26.9,,,,
2026-08-12T21:00:00Z,2026-09-13T21:37:05Z,90,5.0,6.0,,,,,1018.6,26.5,27.0,,,+1.0,
2026-08-12T21:10:00Z,2026-09-13T21:37:05Z,100,6.0,7.0,,,,,1018.5,26.5,27.0,,,,
2026-08-12T21:20:00Z,2026-09-13T21:37:05Z,100,6.0,7.0,,,,,1018.5,26.5,27.0,,,,
2026-08-12T21:30:00Z,2026-09-13T21:37:05Z,100,6.0,7.0,,,,,1018.5,26.5,27.0,,,,
2026-08-12T21:40:00Z,2026-09-13T21:37:05Z,100,6.0,7.0,,,,,1018.4,26.4,27.0,,,,
2026-08-12T21:50:00Z,2026-09-13T21:37:05Z,90,6.0,7.0,,,,,1018.3,26.4,27.0,,,,
2026-08-12T22:00:00Z,2026-09-13T21:37:05Z,90,6.0,7.0,,,,,1018.2,26.4,27.0,,,+0.0,
2026-08-12T22:10:00Z,2026-09-13T21:37:05Z,90,6.0,7.0,,,,,1018.1,26.4,27.1,,,,
2026-08-12T22:20:00Z,2026-09-13T21:37:05Z,90,6.0,7.0,,,,,1018.0,26.4,27.0,,,,
2026-08-12T22:30:00Z,2026-09-13T21:37:05Z,90,6.0,7.0,,,,,1018.0,26.5,27.1,,,,
2026-08-12T22:40:00Z,2026-09-13T21:37:05Z,100,6.0,7.0,,,,,1017.9,26.5,27.1,,,,
2026-08-12T22:50:00Z,2026-09-13T21:37:05Z,100,6.0,7.0,,,,,1017.9,26.5,27.1,,,,
2026-08-12T23:00:00Z,2026-09-13T21:37:05Z,100,6.0,7.0,,,,,1017.7,26.5,27.1,,,-0.6,
2026-08-12T23:10:00Z,2026-09-13T21:37:05Z,100,6.0,7.0,,,,,1017.7,26.5,27.1,,,,
2026-08-12T23:20:00Z,2026-09-13T21:37:05Z,100,6.0,7.0,,,,,1017.6,26.5,,,,,
2026-08-12T23:30:00Z,2026-09-13T21:37:05Z,100,6.0,7.0,,,,,1017.4,26.5,27.1,,,,
2026-08-12T23:40:00Z,2026-09-13T21:37:05Z,90,6.0,7.0,,,,,1017.3,26.5,27.1,,,,
2026-08-12T23:50:00Z,2026-09-13T21:37:05Z,90,6.0,7.0,,,,,1017.3,,27.2,,,,
2026-08-13T00:00:00Z,2026-09-13T21:37:05Z,80,6.0,8.0,,,,,1017.3,26.6,27.2,,,-1.3,
2026-08-13T00:10:00Z,2026-09-13T21:37:05Z,90,6.0,8.0,,,,,1017.2,26.6,27.2,,,,
2026-08-13T00:20:00Z,2026-09-13T21:37:05Z,80,6.0,7.0,,,,,1017.1,26.6,27.1,,,,
2026-08-13T00:30:00Z,2026-09-13T21:37:05Z,80,6.0,7.0,,,,,1017.1,26.6,27.2,,,,
2026-08-13T00:40:00Z,2026-09-13T21:37:05Z,80,6.0,7.0,,,,,1017.1,26.6,27.1,,,,
2026-08-13T00:50:00Z,2026-09-13T21:37:05Z,90,6.0,7.0,,,,,1016.9,26.6,27.2,,,,
2026-08-13T01:00:00Z,2026-09-13T21:37:05Z,80,6.0,8.0,,,,,1016.9,26.7,27.2,,,-1.3,
2026-08-13T01:10:00Z,2026-09-13T21:37:05Z,90,6.0,8.0,,,,,1016.9,26.7,27.2,,,,
2026-08-13T01:20:00Z,2026-09-13T21:37:05Z,80,6.0,7.0,,,,,1016.8,26.6,27.2,,,,
2026-08-13T01:30:00Z,2026-09-13T21:37:05Z,90,6.0,8.0,,,,,1016.7,26.7,27.2,,,,
2026-08-13T01:40:00Z,2026-09-13T21:37:05Z,90,6.0,7.0,,,,,1016.7,26.8,27.2,,,,
2026-08-13T01:50:00Z,2026-09-13T21:37:05Z,90,7.0,8.0,,,,,1016.6,26.7,27.2,,,,
2026-08-13T02:00:00Z,2026-09-13T21:37:05Z,80,7.0,9.0,,,,,1016.6,26.5,27.2,,,-1.1,
2026-08-13T02:10:00Z,2026-09-13T21:37:05Z,80,7.0,9.0,,,,,1016.6,26.5,27.2,,,,
2026-08-13T02:20:00Z,2026-09-13T21:37:05Z,80,8.0,10.0,,,,,1016.6,26.3,27.2,,,,
2026-08-13T02:30:00Z,2026-09-13T21:37:05Z,80,8.0,10.0,,,,,1016.6,26.3,27.1,,,,
2026-08-13T02:40:00Z,2026-09-13T21:37:05Z,80,8.0,9.0,,,,,1016.7,26.3,27.1,,,,
2026-08-13T02:50:00Z,2026-09-13T21:37:05Z,90,7.0,8.0,,,,,1016.6,26.4,27.1,,,,
2026-08-13T03:00:00Z,2026-09-13T21:37:05Z,90,7.0,8.0,,,,,1016.5,26.4,27.1,,,-0.8,
2026-08-13T03:10:00Z,2026-09-13T21:37:05Z,80,7.0,8.0,,,,,1016.5,26.4,27.1,,,,
2026-08-13T03:20:00Z,2026-09-13T21:37:05Z,90,7.0,8.0,,,,,1016.5,26.5,27.1,,,,
2026-08-13T03:30:00Z,2026-09-13T21:37:05Z,90,6.0,9.0,,,,,1016.5,26.5,27.1,,,,
2026-08-13T03:40:00Z,2026-09-13T21:37:05Z,90,7.0,8.0,,,,,1016.4,26.5,27.1,,,,
2026-08-13T03:50:00Z,2026-09-13T21:37:05Z,90,7.0,8.0,,,,,1016.4,26.5,27.1,,,,
2026-08-13T04:00:00Z,2026-09-13T21:37:05Z,80,7.0,9.0,,,,,1016.4,26.6,27.1,,,-0.5,
2026-08-13T04:10:00Z,2026-09-13T21:37:05Z,80,7.0,9.0,,,,,1016.6,26.6,27.1,,,,
2026-08-13T04:20:00Z,2026-09-13T21:37:05Z,80,7.0,9.0,,,,,1016.6,26.6,27.1,,,,
2026-08-13T04:30:00Z,2026-09-13T21:37:05Z,80,7.0,8.0,,,,,1016.6,26.6,27.0,,,,
2026-08-13T04:40:00Z,2026-09-13T21:37:05Z,80,7.0,8.0,,,,,1016.7,26.5,27.0,,,,
2026-08-13T04:50:00Z,2026-09-13T21:37:05Z,80,7.0,8.0,,,,,1016.8,26.5,27.0,,,,
2026-08-13T05:00:00Z,2026-09-13T21:37:05Z,90,8.0,10.0,,,,,1016.9,26.4,27.0,,,+0.3,
2026-08-13T05:10:00Z,2026-09-13T21:37:05Z,90,8.0,9.0,,,,,1017.0,26.3,27.0,,,,
2026-08-13T05:20:00Z,2026-09-13T21:37:05Z,90,7.0,9.0,,,,,1017.0,26.4,27.0,,,,
2026-08-13T05:30:00Z,2026-09-13T21:37:05Z,90,7.0,9.0,,,,,1017.0,26.4,27.0,,,,
2026-08-13T05:40:00Z,2026-09-13T21:37:05Z,90,8.0,9.0,,,,,1017.2,26.4,27.0,,,,
2026-08-13T05:50:00Z,2026-09-13T21:37:05Z,90,7.0,9.0,,,,,1017.3,26.5,27.0,,,,
2026-08-13T06:00:00Z,2026-09-13T21:37:05Z,80,7.0,9.0,,,,,1017.4,26.5,27.0,,,+0.9,
2026-08-13T06:10:00Z,2026-09-13T21:37:05Z,90,7.0,9.0,,,,,1017.4,26.5,26.9,,,,
2026-08-13T06:20:00Z,2026-09-13T21:37:05Z,90,7.0,8.0,,,,,1017.5,26.5,26.9,,,,
2026-08-13T06:30:00Z,2026-09-13T21:37:05Z,90,7.0,8.0,,,,,1017.6,26.5,26.9,,,,
2026-08-13T06:40:00Z,2026-09-13T21:37:05Z,90,8.0,10.0,,,,,1017.8,26.4,26.9,,,,
2026-08-13T06:50:00Z,2026-09-13T21:37:05Z,,8.0,10.0,,,,,,26.1,26.9,,,,
2026-08-13T07:00:00Z,2026-09-13T21:37:05Z,90,7.0,9.0,,,,,1018.1,26.1,26.9,,,+1.7,
2026-08-13T07:10:00Z,2026-09-13T21:37:05Z,90,7.0,9.0,,,,,1018.2,26.2,26.9,,,,
2026-08-13T07:20:00Z,2026-09-13T21:37:05Z,100,7.0,8.0,,,,,1018.3,26.1,26.9,,,,
2026-08-13T07:30:00Z,2026-09-13T21:37:05Z,90,6.0,8.0,,,,,1018.5,26.1,26.9,,,,
2026-08-13T07:40:00Z,2026-09-13T21:37:05Z,90,5.0,7.0,,,,,1018.6,26.1,26.9,,,,
2026-08-13T07:50:00Z,2026-09-13T21:37:05Z,90,7.0,10.0,,,,,1018.6,26.2,26.9,,,,
2026-08-13T08:00:00Z,2026-09-13T21:37:05Z,100,7.0,9.0,,,,,1018.7,25.9,26.9,,,+1.8,
2026-08-13T08:10:00Z,2026-09-13T21:37:05Z,90,6.0,7.0,,,,,1018.7,26.0,26.9,,,,
2026-08-13T08:20:00Z,2026-09-13T21:37:05Z,90,7.0,8.0,,,,,1018.7,26.3,26.9,,,,
2026-08-13T08:30:00Z,2026-09-13T21:37:05Z,90,7.0,8.0,,,,,1018.8,26.4,26.9,,,,
2026-08-13T08:40:00Z,2026-09-13T21:37:05Z,90,7.0,8.0,,,,,1018.8,26.3,26.9,,,,
2026-08-13T08:50:00Z,2026-09-13T21:37:05Z,90,6.0,8.0,,,,,1018.9,26.4,,,,,
2026-08-13T09:00:00Z,2026-09-13T21:37:05Z,90,6.0,7.0,,,,,1018.9,26.4,26.9,,,+1.5,
2026-08-13T09:10:00Z,2026-09-13T21:37:05Z,90,6.0,8.0,,,,,1018.9,26.3,26.9,,,,
2026-08-13T09:20:00Z,2026-09-13T21:37:05Z,90,6.0,8.0,,,,,1018.9,26.4,26.9,,,,
2026-08-13T09:30:00Z,2026-09-13T21:37:05Z,90,6.0,8.0,,,,,1018.9,26.4,26.9,,,,
2026-08-13T09:40:00Z,2026-09-13T21:37:05Z,90,6.0,8.0,,,,,1019.0,26.4,26.9,,,,
2026-08-13T09:50:00Z,2026-09-13T21:37:05Z,60,7.0,9.0,,,,,1019.0,25.7,26.9,,,,
2026-08-13T10:00:00Z,2026-09-13T21:37:05Z,60,6.0,7.0,,,,,1019.0,25.6,26.9,,,+0.9,
2026-08-13T10:10:00Z,2026-09-13T21:37:05Z,70,6.0,9.0,,,,,1019.0,25.7,26.9,,,,
2026-08-13T10:20:00Z,2026-09-13T21:37:05Z,80,5.0,6.0,,,,,1018.8,25.7,26.9,,,,
2026-08-13T10:30:00Z,2026-09-13T21:37:05Z,80,5.0,7.0,,,,,1018.9,26.0,26.9,,,,
2026-08-13T10:40:00Z,2026-09-13T21:37:05Z,90,7.0,8.0,,,,,1018.8,26.1,26.9,,,,
2026-08-13T10:50:00Z,2026-09-13T21:37:05Z,90,7.0,8.0,,,,,1018.8,26.2,26.9,,,,
2026-08-13T11:00:00Z,2026-09-13T21:37:05Z,90,7.0,9.0,,,,,1018.7,26.2,26.9,,,+0.0,
2026-08-13T11:10:00Z,2026-09-13T21:37:05Z,80,8.0,9.0,,,,,1018.6,26.2,,,,,
2026-08-13T11:20:00Z,2026-09-13T21:37:05Z,80,7.0,9.0,,,,,1018.6,26.2,26.9,,,,
2026-08-13T11:30:00Z,2026-09-13T21:37:05Z,80,8.0,10.0,,,,,1018.4,26.1,26.9,,,,
2026-08-13T11:40:00Z,2026-09-13T21:37:05Z,80,8.0,10.0,,,,,1018.3,26.1,26.9,,,,
2026-08-13T11:50:00Z,2026-09-13T21:37:05Z,80,8.0,10.0,,,,,1018.3,26.1,26.9,,,,
2026-08-13T12:00:00Z,2026-09-13T21:37:05Z,80,8.0,10.0,,,,,1018.3,26.1,26.9,,,-0.6,
2026-08-13T12:10:00Z,2026-09-13T21:37:05Z,80,8.0,9.0,,,,,1018.3,26.1,26.9,,,,
2026-08-13T12:20:00Z,2026-09-13T21:37:05Z,80,8.0,9.0,,,,,1018.3,26.1,26.9,,,,
2026-08-13T12:30:00Z,2026-09-13T21:37:05Z,80,7.0,9.0,,,,,1018.3,26.0,26.9,,,,
2026-08-13T12:40:00Z,2026-09-13T21:37:05Z,80,8.0,9.0,,,,,1018.3,26.0,26.9,,,,
2026-08-13T12:50:00Z,2026-09-13T21:37:05Z,80,8.0,10.0,,,,,1018.2,26.1,26.9,,,,
2026-08-13T13:00:00Z,2026-09-13T21:37:05Z,80,8.0,9.0,,,,,1018.2,26.0,26.9,,,-0.8,
2026-08-13T13:10:00Z,2026-09-13T21:37:05Z,80,7.0,9.0,,,,,1018.2,26.0,26.9,,,,
2026-08-13T13:20:00Z,2026-09-13T21:37:05Z,80,7.0,9.0,,,,,1018.2,26.0,26.9,,,,
2026-08-13T13:30:00Z,2026-09-13T21:37:05Z,70,7.0,9.0,,,,,1018.1,26.0,26.9,,,,
2026-08-13T13:40:00Z,2026-09-13T21:37:05Z,70,7.0,9.0,,,,,1018.0,26.0,26.9,,,,
2026-08-13T13:50:00Z,2026-09-13T21:37:05Z,80,7.0,9.0,,,,,1018.1,26.0,26.9,,,,
2026-08-13T14:00:00Z,2026-09-13T21:37:05Z,70,7.0,9.0,,,,,1018.1,26.0,26.9,,,-0.6,
2026-08-13T14:10:00Z,2026-09-13T21:37:05Z,70,7.0,9.0,,,,,1018.1,25.9,26.9,,,,
2026-08-13T14:20:00Z,2026-09-13T21:37:05Z,70,7.0,9.0,,,,,1018.1,25.9,,,,,
2026-08-13T14:30:00Z,2026-09-13T21:37:05Z,70,7.0,9.0,,,,,1018.0,25.9,26.9,,,,
2026-08-13T14:40:00Z,2026-09-13T21:37:05Z,70,7.0,9.0,,,,,1018.0,26.0,26.9,,,,
2026-08-13T14:50:00Z,2026-09-13T21:37:05Z,70,8.0,10.0,,,,,1018.0,25.9,26.9,,,,
2026-08-13T15:00:00Z,2026-09-13T21:37:05Z,70,8.0,9.0,,,,,1018.0,26.0,26.9,,,-0.3,
2026-08-13T15:10:00Z,2026-09-13T21:37:05Z,70,8.0,9.0,,,,,1018.1,25.9,26.9,,,,
2026-08-13T15:20:00Z,2026-09-13T21:37:05Z,80,7.0,9.0,,,,,1018.0,25.9,26.9,,,,
2026-08-13T15:30:00Z,2026-09-13T21:37:05Z,70,7.0,9.0,,,,,1017.9,25.9,26.9,,,,
2026-08-13T15:40:00Z,2026-09-13T21:37:05Z,80,8.0,10.0,,,,,1017.9,25.9,26.9,,,,
2026-08-13T15:50:00Z,2026-09-13T21:37:05Z,70,7.0,9.0,,,,,1017.9,25.9,26.9,,,,
2026-08-13T16:00:00Z,2026-09-13T21:37:05Z,70,8.0,10.0,,,,,1017.9,,26.9,,,-0.3,
2026-08-13T16:10:00Z,2026-09-13T21:37:05Z,70,8.0,9.0,,,,,1017.9,25.9,26.9,,,,
2026-08-13T16:20:00Z,2026-09-13T21:37:05Z,70,8.0,9.0,,,,,1018.0,25.9,26.9,,,,
2026-08-13T16:30:00Z,2026-09-13T21:37:05Z,80,7.0,9.0,,,,,1018.0,25.9,26.8,,,,
2026-08-13T16:40:00Z,2026-09-13T21:37:05Z,80,8.0,9.0,,,,,1018.0,26.0,26.9,,,,
2026-08-13T16:50:00Z,2026-09-13T21:37:05Z,80,8.0,9.0,,,,,1018.0,26.1,26.9,,,,
2026-08-13T17:00:00Z,2026-09-13T21:37:05Z,80,7.0,10.0,,,,,1018.2,26.1,26.9,,,-0.0,
2026-08-13T17:10:00Z,2026-09-13T21:37:05Z,70,8.0,10.0,,,,,1018.2,26.1,26.9,,,,
2026-08-13T17:20:00Z,2026-09-13T21:37:05Z,80,8.0,10.0,,,,,1018.3,26.1,26.9,,,,
2026-08-13T17:30:00Z,2026-09-13T21:37:05Z,70,8.0,10.0,,,,,1018.3,26.0,26.9,,,,
2026-08-13T17:40:00Z,2026-09-13T21:37:05Z,80,8.0,10.0,,,,,1018.3,26.1,26.9,,,,
2026-08-13T17:50:00Z,2026-09-13T21:37:05Z,80,8.0,11.0,,,,,1018.3,26.2,26.9,,,,
2026-08-13T18:00:00Z,2026-09-13T21:37:05Z,80,8.0,10.0,,,,,1018.4,26.2,26.9,,,+0.4,
2026-08-13T18:10:00Z,2026-09-13T21:37:05Z,80,8.0,10.0,,,,,1018.4,26.1,26.9,,,,
2026-08-13T18:20:00Z,2026-09-13T21:37:05Z,80,8.0,10.0,,,,,1018.4,26.1,,,,,
2026-08-13T18:30:00Z,2026-09-13T21:37:05Z,80,8.0,10.0,,,,,1018.5,26.3,26.9,,,,
2026-08-13T18:40:00Z,2026-09-13T21:37:05Z,70,8.0,10.0,,,,,1018.5,26.2,26.9,,,,
2026-08-13T18:50:00Z,2026-09-13T21:37:05Z,80,8.0,10.0,,,,,1018.6,26.2,26.9,,,,
2026-08-13T19:00:00Z,2026-09-13T21:37:05Z,70,8.0,10.0,,,,,1018.6,26.2,26.9,,,+0.7,
2026-08-13T19:10:00Z,2026-09-13T21:37:05Z,70,8.0,10.0,,,,,1018.6,26.3,26.9,,,,
2026-08-13T19:20:00Z,2026-09-13T21:37:05Z,80,8.0,10.0,,,,,1018.7,26.3,26.9,,,,
2026-08-13T19:30:00Z,2026-09-13T21:37:05Z,80,8.0,10.0,,,,,1018.7,26.3,26.9,,,,
2026-08-13T19:40:00Z,2026-09-13T21:37:05Z,80,8.0,9.0,,,,,1018.8,26.3,26.9,,,,
2026-08-13T19:50:00Z,2026-09-13T21:37:05Z,80,8.0,10.0,,,,,1018.8,26.3,26.9,,,,
2026-08-13T20:00:00Z,2026-09-13T21:37:05Z,80,7.0,9.0,,,,,1018.8,26.4,26.9,,,+0.6,
2026-08-13T20:10:00Z,2026-09-13T21:37:05Z,80,8.0,10.0,,,,,1018.8,26.3,26.9,,,,
2026-08-13T20:20:00Z,2026-09-13T21:37:05Z,70,8.0,10.0,,,,,1018.9,26.3,26.9,,,,
2026-08-13T20:30:00Z,2026-09-13T21:37:05Z,70,8.0,10.0,,,,,1019.0,26.3,26.9,,,,
2026-08-13T20:40:00Z,2026-09-13T21:37:05Z,70,8.0,10.0,,,,,1018.9,26.3,26.9,,,,
2026-08-13T20:50:00Z,2026-09-13T21:37:05Z,70,8.0,11.0,,,,,1018.9,26.3,26.9,,,,
2026-08-13T21:00:00Z,2026-09-13T21:37:05Z,70,8.0,10.0,,,,,1018.9,26.3,26.9,,,+0.5,
2026-08-13T21:10:00Z,2026-09-13T21:37:05Z,80,8.0,10.0,,,,,1018.9,26.2,26.9,,,,
2026-08-13T21:20:00Z,2026-09-13T21:37:05Z,70,8.0,10.0,,,,,1018.8,26.4,26.9,,,,
2026-08-13T21:30:00Z,2026-09-13T21:37:05Z,70,8.0,10.0,,,,,1018.7,26.5,26.9,,,,
2026-08-13T21:40:00Z,2026-09-13T21:37:05Z,70,8.0,10.0,,,,,1018.7,26.4,26.9,,,,
2026-08-13T21:50:00Z,2026-09-13T21:37:05Z,70,8.0,10.0,,,,,1018.7,26.3,26.9,,,,
2026-08-13T22:00:00Z,2026-09-13T21:37:05Z,70,8.0,10.0,,,,,1018.6,26.3,26.9,,,+0.0,
2026-08-13T22:10:00Z,2026-09-13T21:37:05Z,70,8.0,10.0,,,,,1018.5,26.3,26.9,,,,
2026-08-13T22:20:00Z,2026-09-13T21:37:05Z,70,8.0,10.0,,,,,1018.5,26.3,26.9,,,,
2026-08-13T22:30:00Z,2026-09-13T21:37:05Z,70,8.0,9.0,,,,,1018.4,26.3,26.9,,,,
2026-08-13T22:40:00Z,2026-09-13T21:37:05Z,80,8.0,10.0,,,,,1018.3,26.3,26.9,,,,
2026-08-13T22:50:00Z,2026-09-13T21:37:05Z,80,8.0,10.0,,,,,1018.3,26.4,26.9,,,,
2026-08-13T23:00:00Z,2026-09-13T21:37:05Z,80,8.0,10.0,,,,,1018.2,26.4,26.9,,,-0.6,
2026-08-13T23:10:00Z,2026-09-13T21:37:05Z,80,8.0,10.0,,,,,1018.1,26.4,27.0,,,,
2026-08-13T23:20:00Z,2026-09-13T21:37:05Z,80,7.0,9.0,,,,,1018.0,26.3,27.0,,,,
2026-08-13T23:30:00Z,2026-09-13T21:37:05Z,80,7.0,9.0,,,,,1017.8,26.3,27.0,,,,
2026-08-13T23:40:00Z,2026-09-13T21:37:05Z,80,7.0,9.0,,,,,1017.6,26.3,27.0,,,,
2026-08-13T23:50:00Z,2026-09-13T21:37:05Z,80,7.0,8.0,,,,,1017.5,26.3,27.0,,,,
2026-08-14T00:00:00Z,2026-09-13T21:37:05Z,80,7.0,9.0,,,,,1017.4,26.3,27.0,,,-1.5,
2026-08-14T00:10:00Z,2026-09-13T21:37:05Z,90,6.0,8.0,,,,,1017.3,26.3,27.0,,,,
2026-08-14T00:20:00Z,2026-09-13T21:37:05Z,80,7.0,8.0,,,,,1017.2,26.4,27.0,,,,
2026-08-14T00:30:00Z,2026-09-13T21:37:05Z,90,6.0,8.0,,,,,1017.2,26.5,27.0,,,,
2026-08-14T00:40:00Z,2026-09-13T21:37:05Z,80,7.0,9.0,,,,,1017.0,26.4,27.0,,,,
2026-08-14T00:50:00Z,2026-09-13T21:37:05Z,80,7.0,8.0,,,,,1017.0,26.4,27.0,,,,
2026-08-14T01:00:00Z,2026-09-13T21:37:05Z,80,6.0,8.0,,,,,1016.8,26.4,27.0,,,-1.8,
2026-08-14T01:10:00Z,2026-09-13T21:37:05Z,80,6.0,7.0,,,,,1016.8,26.4,27.0,,,,
2026-08-14T01:20:00Z,2026-09-13T21:37:05Z,80,6.0,8.0,,,,,1016.8,26.4,27.0,,,,
2026-08-14T01:30:00Z,2026-09-13T21:37:05Z,70,6.0,8.0,,,,,1016.7,26.5,27.0,,,,
2026-08-14T01:40:00Z,2026-09-13T21:37:05Z,70,7.0,8.0,,,,,1016.7,26.5,27.0,,,,
2026-08-14T01:50:00Z,2026-09-13T21:37:05Z,70,8.0,9.0,,,,,1016.5,26.5,27.0,,,,
2026-08-14T02:00:00Z,2026-09-13T21:37:05Z,70,8.0,10.0,,,,,1016.5,26.5,27.0,,,-1.7,
2026-08-14T02:10:00Z,2026-09-13T21:37:05Z,70,8.0,10.0,,,,,1016.5,26.4,27.0,,,,
2026-08-14T02:20:00Z,2026-09-13T21:37:05Z,70,8.0,9.0,,,,,1016.3,26.5,,,,,
2026-08-14T02:30:00Z,2026-09-13T21:37:05Z,80,8.0,10.0,,,,,1016.3,26.5,27.0,,,,
2026-08-14T02:40:00Z,2026-09-13T21:37:05Z,70,8.0,10.0,,,,,1016.2,26.4,27.0,,,,
2026-08-14T02:50:00Z,2026-09-13T21:37:05Z,80,8.0,10.0,,,,,1016.2,26.4,27.0,,,,
2026-08-14T03:00:00Z,2026-09-13T21:37:05Z,70,8.0,10.0,,,,,1016.3,26.5,27.0,,,-1.1,
2026-08-14T03:10:00Z,2026-09-13T21:37:05Z,70,8.0,10.0,,,,,1016.2,26.5,26.9,,,,
2026-08-14T03:20:00Z,2026-09-13T21:37:05Z,70,8.0,10.0,,,,,1016.3,26.5,26.9,,,,
2026-08-14T03:30:00Z,2026-09-13T21:37:05Z,70,8.0,9.0,,,,,1016.2,26.6,26.9,,,,
2026-08-14T03:40:00Z,2026-09-13T21:37:05Z,70,8.0,9.0,,,,,1016.3,26.5,26.9,,,,
2026-08-14T03:50:00Z,2026-09-13T21:37:05Z,70,8.0,10.0,,,,,1016.3,26.5,26.9,,,,
2026-08-14T04:00:00Z,2026-09-13T21:37:05Z,70,9.0,11.0,,,,,1016.2,26.4,26.9,,,-0.6,
2026-08-14T04:10:00Z,2026-09-13T21:37:05Z,70,8.0,10.0,,,,,1016.3,26.4,26.9,,,,
2026-08-14T04:20:00Z,2026-09-13T21:37:05Z,70,8.0,11.0,,,,,1016.4,26.4,26.9,,,,
2026-08-14T04:30:00Z,2026-09-13T21:37:05Z,70,9.0,11.0,,,,,1016.3,26.5,26.9,,,,
2026-08-14T04:40:00Z,2026-09-13T21:37:05Z,80,9.0,10.0,,,,,1016.4,26.4,26.9,,,,
2026-08-14T04:50:00Z,2026-09-13T21:37:05Z,70,8.0,11.0,,,,,1016.5,26.4,26.9,,,,
2026-08-14T05:00:00Z,2026-09-13T21:37:05Z,70,8.0,10.0,,,,,1016.6,26.4,26.9,,,-0.0,
2026-08-14T05:10:00Z,2026-09-13T21:37:05Z,70,9.0,10.0,,,,,1016.7,26.4,26.9,,,,
2026-08-14T05:20:00Z,2026-09-13T21:37:05Z,70,8.0,11.0,,,,,1016.8,26.4,26.9,,,,
2026-08-14T05:30:00Z,2026-09-13T21:37:05Z,70,9.0,11.0,,,,,1016.9,26.3,26.9,,,,
2026-08-14T05:40:00Z,2026-09-13T21:37:05Z,70,8.0,11.0,,,,,1016.9,26.3,26.9,,,,
2026-08-14T05:50:00Z,2026-09-13T21:37:05Z,70,9.0,11.0,,,,,1017.0,26.3,,,,,
2026-08-14T06:00:00Z,2026-09-13T21:37:05Z,70,9.0,11.0,,,,,1017.2,26.3,26.9,,,+0.9,
2026-08-14T06:10:00Z,2026-09-13T21:37:05Z,70,8.0,11.0,,,,,1017.4,26.3,26.9,,,,
2026-08-14T06:20:00Z,2026-09-13T21:37:05Z,70,9.0,11.0,,,,,1017.5,26.4,26.9,,,,
2026-08-14T06:30:00Z,2026-09-13T21:37:05Z,70,8.0,10.0,,,,,1017.6,26.3,26.9,,,,
2026-08-14T06:40:00Z,2026-09-13T21:37:05Z,80,8.0,10.0,,,,,1017.7,26.3,26.9,,,,
2026-08-14T06:50:00Z,2026-09-13T21:37:05Z,,8.0,10.0,,,,,,26.3,26.9,,,,
2026-08-14T07:00:00Z,2026-09-13T21:37:05Z,80,8.0,10.0,,,,,1018.0,26.4,26.9,,,+1.8,
2026-08-14T07:10:00Z,2026-09-13T21:37:05Z,70,8.0,11.0,,,,,1018.1,26.4,26.9,,,,
2026-08-14T07:20:00Z,2026-09-13T21:37:05Z,70,8.0,10.0,,,,,1018.2,,26.9,,,,
2026-08-14T07:30:00Z,2026-09-13T21:37:05Z,70,8.0,10.0,,,,,1018.3,26.4,26.9,,,,
2026-08-14T07:40:00Z,2026-09-13T21:37:05Z,70,8.0,11.0,,,,,1018.4,26.4,26.9,,,,
2026-08-14T07:50:00Z,2026-09-13T21:37:05Z,70,8.0,10.0,,,,,1018.4,26.3,26.9,,,,
2026-08-14T08:00:00Z,2026-09-13T21:37:05Z,70,8.0,10.0,,,,,1018.5,26.4,26.9,,,+1.9,
2026-08-14T08:10:00Z,2026-09-13T21:37:05Z,70,8.0,10.0,,,,,1018.5,26.4,26.9,,,,
2026-08-14T08:20:00Z,2026-09-13T21:37:05Z,70,8.0,10.0,,,,,1018.6,26.3,26.9,,,,
2026-08-14T08:30:00Z,2026-09-13T21:37:05Z,70,8.0,10.0,,,,,1018.6,26.4,26.9,,,,
2026-08-14T08:40:00Z,2026-09-13T21:37:05Z,70,9.0,10.0,,,,,1018.6,26.4,26.9,,,,
2026-08-14T08:50:00Z,2026-09-13T21:37:05Z,70,8.0,10.0,,,,,1018.6,26.4,26.9,,,,
2026-08-14T09:00:00Z,2026-09-13T21:37:05Z,60,8.0,10.0,,,,,1018.6,26.4,26.9,,,+1.4,
2026-08-14T09:10:00Z,2026-09-13T21:37:05Z,70,8.0,10.0,,,,,1018.7,26.4,26.9,,,,
2026-08-14T09:20:00Z,2026-09-13T21:37:05Z,70,8.0,10.0,,,,,1018.6,26.4,26.9,,,,
2026-08-14T09:30:00Z,2026-09-13T21:37:05Z,70,8.0,10.0,,,,,1018.5,26.4,26.9,,,,
2026-08-14T09:40:00Z,2026-09-13T21:37:05Z,70,8.0,10.0,,,,,1018.5,26.4,26.9,,,,
2026-08-14T09:50:00Z,2026-09-13T21:37:05Z,70,9.0,11.0,,,,,1018.4,26.4,26.9,,,,
2026-08-14T10:00:00Z,2026-09-13T21:37:05Z,70,9.0,11.0,,,,,1018.2,26.3,26.9,,,+0.0,
2026-08-14T10:10:00Z,2026-09-13T21:37:05Z,70,9.0,11.0,,,,,1018.1,26.3,26.9,,,,
2026-08-14T10:20:00Z,2026-09-13T21:37:05Z,60,8.0,10.0,,,,,1018.0,26.3,26.9,,,,
2026-08-14T10:30:00Z,2026-09-13T21:37:05Z,50,8.0,9.0,,,,,1018.0,26.3,26.9,,,,
2026-08-14T10:40:00Z,2026-09-13T21:37:05Z,50,8.0,10.0,,,,,1017.8,26.3,26.9,,,,
2026-08-14T10:50:00Z,2026-09-13T21:37:05Z,60,7.0,10.0,,,,,1017.8,26.4,26.9,,,,
2026-08-14T11:00:00Z,2026-09-13T21:37:05Z,60,8.0,10.0,,,,,1017.8,26.3,26.9,,,-0.7,
2026-08-14T11:10:00Z,2026-09-13T21:37:05Z,60,8.0,10.0,,,,,1017.8,26.3,26.9,,,,
2026-08-14T11:20:00Z,2026-09-13T21:37:05Z,60,8.0,10.0,,,,,1017.8,26.3,26.9,,,,
2026-08-14T11:30:00Z,2026-09-13T21:37:05Z,60,8.0,10.0,,,,,1017.7,26.3,26.9,,,,
2026-08-14T11:40:00Z,2026-09-13T21:37:05Z,60,8.0,10.0,,,,,1017.7,26.4,26.9,,,,
2026-08-14T11:50:00Z,2026-09-13T21:37:05Z,70,8.0,11.0,,,,,1017.6,26.3,26.9,,,,
2026-08-14T12:00:00Z,2026-09-13T21:37:05Z,70,9.0,11.0,,,,,1017.5,26.3,26.9,,,-1.1,
2026-08-14T12:10:00Z,2026-09-13T21:37:05Z,60,9.0,11.0,,,,,1017.4,26.3,26.9,,,,
2026-08-14T12:20:00Z,2026-09-13T21:37:05Z,60,9.0,10.0,,,,,1017.4,26.3,26.9,,,,
2026-08-14T12:30:00Z,2026-09-13T21:37:05Z,60,9.0,10.0,,,,,1017.4,26.3,26.9,,,,
2026-08-14T12:40:00Z,2026-09-13T21:37:05Z,50,9.0,10.0,,,,,1017.3,26.3,26.9,,,,
2026-08-14T12:50:00Z,2026-09-13T21:37:05Z,50,9.0,11.0,,,,,1017.2,26.3,26.9,,,,
2026-08-14T13:00:00Z,2026-09-13T21:37:05Z,60,9.0,11.0,,,,,1017.2,26.3,,,,-1.0,
2026-08-14T13:10:00Z,2026-09-13T21:37:05Z,60,9.0,11.0,,,,,1017.1,26.3,26.9,,,,
2026-08-14T13:20:00Z,2026-09-13T21:37:05Z,60,9.0,11.0,,,,,1017.0,26.2,26.9,,,,
2026-08-14T13:30:00Z,2026-09-13T21:37:05Z,60,9.0,11.0,,,,,1017.1,26.2,26.9,,,,
2026-08-14T13:40:00Z,2026-09-13T21:37:05Z,60,9.0,11.0,,,,,1017.1,26.2,26.9,,,,
2026-08-14T13:50:00Z,2026-09-13T21:37:05Z,60,9.0,11.0,,,,,1017.0,26.2,26.9,,,,
2026-08-14T14:00:00Z,2026-09-13T21:37:05Z,70,10.0,12.0,,,,,1017.1,26.2,26.9,,,-0.7,
2026-08-14T14:10:00Z,2026-09-13T21:37:05Z,70,10.0,13.0,,,,,1017.2,26.0,26.9,,,,
2026-08-14T14:20:00Z,2026-09-13T21:37:05Z,70,10.0,12.0,,,,,1017.2,25.8,26.9,,,,
2026-08-14T14:30:00Z,2026-09-13T21:37:05Z,80,9.0,11.0,,,,,1017.1,25.7,26.9,,,,
2026-08-14T14:40:00Z,2026-09-13T21:37:05Z,90,8.0,10.0,,,,,1017.2,25.6,26.9,,,,
2026-08-14T14:50:00Z,2026-09-13T21:37:05Z,90,7.0,10.0,,,,,1017.4,25.8,26.9,,,,
2026-08-14T15:00:00Z,2026-09-13T21:37:05Z,80,8.0,10.0,,,,,1017.3,25.7,26.9,,,-0.0,
2026-08-14T15:10:00Z,2026-09-13T21:37:05Z,80,9.0,11.0,,,,,1017.3,25.9,26.9,,,,
2026-08-14T15:20:00Z,2026-09-13T21:37:05Z,80,9.0,11.0,,,,,1017.3,25.9,26.9,,,,
2026-08-14T15:30:00Z,2026-09-13T21:37:05Z,80,9.0,11.0,,,,,1017.4,26.0,26.9,,,,
2026-08-14T15:40:00Z,2026-09-13T21:37:05Z,70,9.0,11.0,,,,,1017.3,25.9,26.9,,,,
2026-08-14T15:50:00Z,2026-09-13T21:37:05Z,,8.0,10.0,,,,,,26.0,26.8,,,,
2026-08-14T16:00:00Z,2026-09-13T21:37:05Z,70,8.0,10.0,,,,,1017.4,25.9,26.8,,,+0.0,
2026-08-14T16:10:00Z,2026-09-13T21:37:05Z,80,8.0,11.0,,,,,1017.4,26.0,26.8,,,,
2026-08-14T16:20:00Z,2026-09-13T21:37:05Z,70,9.0,11.0,,,,,1017.5,26.0,26.8,,,,
2026-08-14T16:30:00Z,2026-09-13T21:37:05Z,80,9.0,11.0,,,,,1017.6,25.9,26.8,,,,
2026-08-14T16:40:00Z,2026-09-13T21:37:05Z,70,9.0,11.0,,,,,1017.7,25.9,26.8,,,,
2026-08-14T16:50:00Z,2026-09-13T21:37:05Z,70,9.0,12.0,,,,,1017.8,25.7,26.8,,,,
2026-08-14T17:00:00Z,2026-09-13T21:37:05Z,80,9.0,12.0,,,,,1018.0,24.8,26.8,,,+0.9,
2026-08-14T17:10:00Z,2026-09-13T21:37:05Z,100,7.0,10.0,,,,,1017.9,24.7,26.8,,,,
2026-08-14T17:20:00Z,2026-09-13T21:37:05Z,80,6.0,8.0,,,,,1018.0,25.0,,,,,
2026-08-14T17:30:00Z,2026-09-13T21:37:05Z,80,7.0,11.0,,,,,1018.0,25.2,26.8,,,,
2026-08-14T17:40:00Z,2026-09-13T21:37:05Z,70,7.0,10.0,,,,,1017.9,24.5,26.8,,,,
2026-08-14T17:50:00Z,2026-09-13T21:37:05Z,70,7.0,8.0,,,,,1018.0,24.8,26.8,,,,
2026-08-14T18:00:00Z,2026-09-13T21:37:05Z,80,6.0,9.0,,,,,1018.0,25.3,26.8,,,+0.7,
2026-08-14T18:10:00Z,2026-09-13T21:37:05Z,90,6.0,8.0,,,,,1018.0,25.6,26.8,,,,
2026-08-14T18:20:00Z,2026-09-13T21:37:05Z,80,6.0,8.0,,,,,1018.1,25.8,26.8,,,,
2026-08-14T18:30:00Z,2026-09-13T21:37:05Z,70,7.0,8.0,,,,,1018.0,25.9,26.8,,,,
2026-08-14T18:40:00Z,2026-09-13T21:37:05Z,80,7.0,10.0,,,,,1018.0,26.0,26.8,,,,
2026-08-14T18:50:00Z,2026-09-13T21:37:05Z,70,7.0,9.0,,,,,1018.1,26.1,26.8,,,,
2026-08-14T19:00:00Z,2026-09-13T21:37:05Z,70,8.0,10.0,,,,,1018.2,26.2,26.8,,,+0.8,
2026-08-14T19:10:00Z,2026-09-13T21:37:05Z,60,8.0,11.0,,,,,1018.4,25.6,26.8,,,,
2026-08-14T19:20:00Z,2026-09-13T21:37:05Z,80,7.0,10.0,,,,,1018.3,25.8,,,,,
2026-08-14T19:30:00Z,2026-09-13T21:37:05Z,80,9.0,11.0,,,,,1018.3,26.1,26.8,,,,
2026-08-14T19:40:00Z,2026-09-13T21:37:05Z,80,9.0,11.0,,,,,1018.2,26.4,26.8,,,,
2026-08-14T19:50:00Z,2026-09-13T21:37:05Z,80,9.0,11.0,,,,,1018.3,26.5,26.8,,,,
2026-08-14T20:00:00Z,2026-09-13T21:37:05Z,80,10.0,12.0,,,,,1018.3,26.6,26.8,,,+0.3,
2026-08-14T20:10:00Z,2026-09-13T21:37:05Z,80,10.0,12.0,,,,,1018.3,26.7,26.8,,,,
2026-08-14T20:20:00Z,2026-09-13T21:37:05Z,80,10.0,12.0,,,,,1018.3,26.6,26.8,,,,
2026-08-14T20:30:00Z,2026-09-13T21:37:05Z,80,10.0,12.0,,,,,1018.3,26.8,26.8,,,,
2026-08-14T20:40:00Z,2026-09-13T21:37:05Z,70,9.0,11.0,,,,,1018.3,26.9,26.8,,,,
2026-08-14T20:50:00Z,2026-09-13T21:37:05Z,70,8.0,11.0,,,,,1018.2,27.0,26.9,,,,
2026-08-14T21:00:00Z,2026-09-13T21:37:05Z,70,9.0,11.0,,,,,1018.2,27.0,26.9,,,+0.0,
2026-08-14T21:10:00Z,2026-09-13T21:37:05Z,70,8.0,10.0,,,,,1018.2,26.9,26.9,,,,
2026-08-14T21:20:00Z,2026-09-13T21:37:05Z,70,8.0,10.0,,,,,1018.1,26.9,26.9,,,,
2026-08-14T21:30:00Z,2026-09-13T21:37:05Z,70,9.0,11.0,,,,,1018.1,26.8,26.9,,,,
2026-08-14T21:40:00Z,2026-09-13T21:37:05Z,70,9.0,11.0,,,,,1018.0,26.7,26.9,,,,
2026-08-14T21:50:00Z,2026-09-13T21:37:05Z,70,9.0,11.0,,,,,1018.0,26.6,26.9,,,,
2026-08-14T22:00:00Z,2026-09-13T21:37:05Z,80,9.0,11.0,,,,,1018.0,26.6,26.9,,,+0.0,
2026-08-14T22:10:00Z,2026-09-13T21:37:05Z,70,9.0,11.0,,,,,1017.9,26.6,26.9,,,,
2026-08-14T22:20:00Z,2026-09-13T21:37:05Z,70,8.0,10.0,,,,,1017.8,26.6,26.9,,,,
2026-08-14T22:30:00Z,2026-09-13T21:37:05Z,60,8.0,10.0,,,,,1017.7,26.5,26.9,,,,
2026-08-14T22:40:00Z,2026-09-13T21:37:05Z,60,8.0,10.0,,,,,1017.6,26.4,26.9,,,,
2026-08-14T22:50:00Z,2026-09-13T21:37:05Z,70,8.0,11.0,,,,,1017.5,26.4,,,,,
2026-08-14T23:00:00Z,2026-09-13T21:37:05Z,70,9.0,11.0,,,,,1017.4,26.4,26.9,,,-0.9,
2026-08-14T23:10:00Z,2026-09-13T21:37:05Z,70,9.0,11.0,,,,,1017.3,26.3,26.9,,,,
2026-08-14T23:20:00Z,2026-09-13T21:37:05Z,70,9.0,11.0,,,,,1017.3,26.2,26.9,,,,
2026-08-14T23:30:00Z,2026-09-13T21:37:05Z,70,9.0,11.0,,,,,1017.3,26.2,26.9,,,,
2026-08-14T23:40:00Z,2026-09-13T21:37:05Z,70,9.0,11.0,,,,,1017.3,26.2,26.9,,,,
2026-08-14T23:50:00Z,2026-09-13T21:37:05Z,70,9.0,12.0,,,,,1017.3,26.1,26.9,,,,
2026-08-15T00:00:00Z,2026-09-13T21:37:05Z,70,9.0,11.0,,,,,1017.2,,26.9,,,-1.0,
2026-08-15T00:10:00Z,2026-09-13T21:37:05Z,70,9.0,11.0,,,,,1017.2,26.1,26.9,,,,
2026-08-15T00:20:00Z,2026-09-13T21:37:05Z,70,9.0,11.0,,,,,1017.0,26.1,26.9,,,,
2026-08-15T00:30:00Z,2026-09-13T21:37:05Z,70,9.0,11.0,,,,,1017.0,26.2,26.9,,,,
2026-08-15T00:40:00Z,2026-09-13T21:37:05Z,70,9.0,11.0,,,,,1016.8,26.1,26.9,,,,
2026-08-15T00:50:00Z,2026-09-13T21:37:05Z,80,9.0,11.0,,,,,1016.9,26.2,27.0,,,,
2026-08-15T01:00:00Z,2026-09-13T21:37:05Z,70,9.0,11.0,,,,,1016.9,26.1,26.9,,,-1.1,
2026-08-15T01:10:00Z,2026-09-13T21:37:05Z,60,9.0,11.0,,,,,1016.9,25.8,26.9,,,,
2026-08-15T01:20:00Z,2026-09-13T21:37:05Z,60,8.0,10.0,,,,,1016.8,25.8,27.0,,,,
2026-08-15T01:30:00Z,2026-09-13T21:37:05Z,70,8.0,10.0,,,,,1016.8,26.0,27.0,,,,
2026-08-15T01:40:00Z,2026-09-13T21:37:05Z,70,8.0,10.0,,,,,1016.7,26.0,27.0,,,,
2026-08-15T01:50:00Z,2026-09-13T21:37:05Z,70,7.0,10.0,,,,,1016.6,26.0,,,,,
2026-08-15T02:00:00Z,2026-09-13T21:37:05Z,60,9.0,12.0,,,,,1016.7,25.5,27.0,,,-0.7,
2026-08-15T02:10:00Z,2026-09-13T21:37:05Z,60,7.0,10.0,,,,,1016.6,25.2,27.0,,,,
2026-08-15T02:20:00Z,2026-09-13T21:37:05Z,70,8.0,9.0,,,,,1016.6,25.6,27.0,,,,
2026-08-15T02:30:00Z,2026-09-13T21:37:05Z,70,7.0,9.0,,,,,1016.6,25.9,27.0,,,,
2026-08-15T02:40:00Z,2026-09-13T21:37:05Z,70,7.0,9.0,,,,,1016.5,26.1,27.0,,,,
2026-08-15T02:50:00Z,2026-09-13T21:37:05Z,70,8.0,10.0,,,,,1016.5,26.1,27.0,,,,
2026-08-15T03:00:00Z,2026-09-13T21:37:05Z,70,8.0,10.0,,,,,1016.3,26.2,27.0,,,-0.9,
2026-08-15T03:10:00Z,2026-09-13T21:37:05Z,70,8.0,10.0,,,,,1016.3,26.3,27.0,,,,
2026-08-15T03:20:00Z,2026-09-13T21:37:05Z,70,8.0,10.0,,,,,1016.3,26.3,26.9,,,,
2026-08-15T03:30:00Z,2026-09-13T21:37:05Z,60,8.0,11.0,,,,,1016.3,26.4,26.9,,,,
2026-08-15T03:40:00Z,2026-09-13T21:37:05Z,60,9.0,11.0,,,,,1016.3,26.4,26.9,,,,
2026-08-15T03:50:00Z,2026-09-13T21:37:05Z,70,8.0,10.0,,,,,1016.3,26.4,26.9,,,,
2026-08-15T04:00:00Z,2026-09-13T21:37:05Z,70,8.0,10.0,,,,,1016.3,26.5,26.9,,,-0.6,
2026-08-15T04:10:00Z,2026-09-13T21:37:05Z,60,9.0,11.0,,,,,1016.2,26.5,26.9,,,,
2026-08-15T04:20:00Z,2026-09-13T21:37:05Z,70,9.0,11.0,,,,,1016.3,26.5,26.9,,,,
2026-08-15T04:30:00Z,2026-09-13T21:37:05Z,60,9.0,11.0,,,,,1016.3,26.5,26.9,,,,
2026-08-15T04:40:00Z,2026-09-13T21:37:05Z,70,9.0,12.0,,,,,1016.4,26.5,26.9,,,,
2026-08-15T04:50:00Z,2026-09-13T21:37:05Z,70,9.0,11.0,,,,,1016.5,26.5,26.9,,,,
2026-08-15T05:00:00Z,2026-09-13T21:37:05Z,70,9.0,11.0,,,,,1016.6,26.5,26.9,,,-0.0,
2026-08-15T05:10:00Z,2026-09-13T21:37:05Z,70,9.0,12.0,,,,,1016.6,26.5,26.9,,,,
2026-08-15T05:20:00Z,2026-09-13T21:37:05Z,70,9.0,12.0,,,,,1016.5,26.5,26.9,,,,
2026-08-15T05:30:00Z,2026-09-13T21:37:05Z,70,9.0,11.0,,,,,1016.6,26.5,26.9,,,,
2026-08-15T05:40:00Z,2026-09-13T21:37:05Z,60,9.0,11.0,,,,,1016.7,26.5,26.8,,,,
2026-08-15T05:50:00Z,2026-09-13T21:37:05Z,70,9.0,11.0,,,,,1016.8,26.5,26.8,,,,
2026-08-15T06:00:00Z,2026-09-13T21:37:05Z,60,8.0,10.0,,,,,1016.8,26.5,26.8,,,+0.5,
2026-08-15T06:10:00Z,2026-09-13T21:37:05Z,60,9.0,11.0,,,,,1017.0,26.5,26.8,,,,
2026-08-15T06:20:00Z,2026-09-13T21:37:05Z,60,9.0,12.0,,,,,1017.2,26.4,,,,,
2026-08-15T06:30:00Z,2026-09-13T21:37:05Z,70,9.0,12.0,,,,,1017.3,26.4,26.8,,,,
2026-08-15T06:40:00Z,2026-09-13T21:37:05Z,70,9.0,11.0,,,,,1017.4,26.4,26.8,,,,
2026-08-15T06:50:00Z,2026-09-13T21:37:05Z,60,9.0,11.0,,,,,1017.6,26.4,26.8,,,,
2026-08-15T07:00:00Z,2026-09-13T21:37:05Z,70,9.0,12.0,,,,,1017.7,26.4,26.8,,,+1.4,
2026-08-15T07:10:00Z,2026-09-13T21:37:05Z,70,9.0,11.0,,,,,1017.7,26.4,26.8,,,,
2026-08-15T07:20:00Z,2026-09-13T21:37:05Z,60,9.0,12.0,,,,,1017.8,26.4,26.8,,,,
2026-08-15T07:30:00Z,2026-09-13T21:37:05Z,60,10.0,12.0,,,,,1017.8,26.4,26.8,,,,
2026-08-15T07:40:00Z,2026-09-13T21:37:05Z,60,10.0,12.0,,,,,1018.0,26.4,26.8,,,,
2026-08-15T07:50:00Z,2026-09-13T21:37:05Z,70,9.0,11.0,,,,,1018.0,26.4,26.8,,,,
2026-08-15T08:00:00Z,2026-09-13T21:37:05Z,60,9.0,12.0,,,,,1018.1,26.4,26.8,,,+1.5,
2026-08-15T08:10:00Z,2026-09-13T21:37:05Z,60,9.0,12.0,,,,,1018.2,26.4,26.8,,,,
2026-08-15T08:20:00Z,2026-09-13T21:37:05Z,70,10.0,11.0,,,,,1018.3,26.3,,,,,
2026-08-15T08:30:00Z,2026-09-13T21:37:05Z,70,9.0,12.0,,,,,1018.4,26.2,26.8,,,,
2026-08-15T08:40:00Z,2026-09-13T21:37:05Z,70,10.0,13.0,,,,,1018.5,26.1,26.8,,,,
2026-08-15T08:50:00Z,2026-09-13T21:37:05Z,70,9.0,12.0,,,,,1018.4,26.1,26.8,,,,
2026-08-15T09:00:00Z,2026-09-13T21:37:05Z,70,10.0,12.0,,,,,1018.4,26.3,26.8,,,+1.6,
2026-08-15T09:10:00Z,2026-09-13T21:37:05Z,80,10.0,13.0,,,,,1018.4,26.4,26.8,,,,
2026-08-15T09:20:00Z,2026-09-13T21:37:05Z,70,10.0,12.0,,,,,1018.5,26.4,26.8,,,,
2026-08-15T09:30:00Z,2026-09-13T21:37:05Z,70,10.0,11.0,,,,,1018.5,26.4,26.8,,,,
2026-08-15T09:40:00Z,2026-09-13T21:37:05Z,70,9.0,11.0,,,,,1018.5,26.3,26.8,,,,
2026-08-15T09:50:00Z,2026-09-13T21:37:05Z,70,9.0,11.0,,,,,1018.5,26.4,26.8,,,,
2026-08-15T10:00:00Z,2026-09-13T21:37:05Z,70,9.0,12.0,,,,,1018.4,26.5,26.8,,,+0.7,
2026-08-15T10:10:00Z,2026-09-13T21:37:05Z,70,9.0,12.0,,,,,1018.4,26.5,26.8,,,,
2026-08-15T10:20:00Z,2026-09-13T21:37:05Z,70,9.0,12.0,,,,,1018.4,26.5,26.8,,,,
2026-08-15T10:30:00Z,2026-09-13T21:37:05Z,70,9.0,11.0,,,,,1018.4,26.5,26.8,,,,
2026-08-15T10:40:00Z,2026-09-13T21:37:05Z,70,9.0,11.0,,,,,1018.4,26.4,26.8,,,,
2026-08-15T10:50:00Z,2026-09-13T21:37:05Z,70,8.0,10.0,,,,,1018.2,26.3,26.8,,,,
2026-08-15T11:00:00Z,2026-09-13T21:37:05Z,60,8.0,10.0,,,,,1018.2,26.3,26.8,,,+0.0,
2026-08-15T11:10:00Z,2026-09-13T21:37:05Z,60,8.0,10.0,,,,,1018.1,26.3,26.8,,,,
2026-08-15T11:20:00Z,2026-09-13T21:37:05Z,60,8.0,9.0,,,,,1018.0,26.4,26.8,,,,
2026-08-15T11:30:00Z,2026-09-13T21:37:05Z,60,7.0,10.0,,,,,1017.9,26.3,26.8,,,,
2026-08-15T11:40:00Z,2026-09-13T21:37:05Z,70,8.0,10.0,,,,,1017.9,26.4,26.8,,,,
2026-08-15T11:50:00Z,2026-09-13T21:37:05Z,70,8.0,10.0,,,,,1017.8,26.4,26.8,,,,
2026-08-15T12:00:00Z,2026-09-13T21:37:05Z,70,8.0,10.0,,,,,1017.7,26.4,26.8,,,-0.7,
2026-08-15T12:10:00Z,2026-09-13T21:37:05Z,80,9.0,11.0,,,,,1017.7,26.4,26.8,,,,
2026-08-15T12:20:00Z,2026-09-13T21:37:05Z,80,9.0,11.0,,,,,1017.6,26.4,26.8,,,,
2026-08-15T12:30:00Z,2026-09-13T21:37:05Z,80,8.0,10.0,,,,,1017.4,26.4,26.8,,,,
2026-08-15T12:40:00Z,2026-09-13T21:37:05Z,70,9.0,11.0,,,,,1017.3,26.3,26.8,,,,
2026-08-15T12:50:00Z,2026-09-13T21:37:05Z,70,9.0,11.0,,,,,1017.3,26.3,,,,,
2026-08-15T13:00:00Z,2026-09-13T21:37:05Z,70,9.0,12.0,,,,,1017.2,26.3,26.8,,,-1.2,
2026-08-15T13:10:00Z,2026-09-13T21:37:05Z,70,9.0,11.0,,,,,1017.2,26.3,26.8,,,,
2026-08-15T13:20:00Z,2026-09-13T21:37:05Z,70,9.0,11.0,,,,,1017.1,26.3,26.8,,,,
2026-08-15T13:30:00Z,2026-09-13T21:37:05Z,70,9.0,11.0,,,,,1017.0,26.3,26.8,,,,
2026-08-15T13:40:00Z,2026-09-13T21:37:05Z,70,9.0,12.0,,,,,1016.9,26.4,26.8,,,,
2026-08-15T13:50:00Z,2026-09-13T21:37:05Z,70,9.0,11.0,,,,,1016.9,26.3,,,,,
2026-08-15T14:00:00Z,2026-09-13T21:37:05Z,70,9.0,11.0,,,,,1016.8,26.3,26.8,,,-1.4,
2026-08-15T14:10:00Z,2026-09-13T21:37:05Z,70,9.0,12.0,,,,,1016.9,26.2,26.8,,,,
2026-08-15T14:20:00Z,2026-09-13T21:37:05Z,80,9.0,11.0,,,,,1016.8,26.3,26.8,,,,
2026-08-15T14:30:00Z,2026-09-13T21:37:05Z,80,9.0,11.0,,,,,1016.7,26.3,26.8,,,,
2026-08-15T14:40:00Z,2026-09-13T21:37:05Z,90,9.0,11.0,,,,,1016.8,26.3,26.8,,,,
2026-08-15T14:50:00Z,2026-09-13T21:37:05Z,70,8.0,10.0,,,,,1016.9,26.1,26.8,,,,
2026-08-15T15:00:00Z,2026-09-13T21:37:05Z,70,7.0,9.0,,,,,1016.9,26.1,26.8,,,-0.8,
2026-08-15T15:10:00Z,2026-09-13T21:37:05Z,80,8.0,10.0,,,,,1016.9,26.2,26.8,,,,
2026-08-15T15:20:00Z,2026-09-13T21:37:05Z,70,8.0,10.0,,,,,1016.9,26.3,26.8,,,,
2026-08-15T15:30:00Z,2026-09-13T21:37:05Z,80,9.0,11.0,,,,,1017.0,26.4,26.8,,,,
2026-08-15T15:40:00Z,2026-09-13T21:37:05Z,80,8.0,11.0,,,,,1016.9,26.5,26.8,,,,
2026-08-15T15:50:00Z,2026-09-13T21:37:05Z,70,8.0,10.0,,,,,1016.8,26.5,26.8,,,,
2026-08-15T16:00:00Z,2026-09-13T21:37:05Z,70,8.0,10.0,,,,,1016.8,26.5,26.8,,,-0.4,
2026-08-15T16:10:00Z,2026-09-13T21:37:05Z,70,8.0,10.0,,,,,1016.9,26.6,26.8,,,,
2026-08-15T16:20:00Z,2026-09-13T21:37:05Z,70,8.0,10.0,,,,,1016.9,26.6,26.8,,,,
2026-08-15T16:30:00Z,2026-09-13T21:37:05Z,70,8.0,10.0,,,,,1016.9,26.6,26.8,,,,
2026-08-15T16:40:00Z,2026-09-13T21:37:05Z,60,9.0,11.0,,,,,1016.9,26.5,26.8,,,,
2026-08-15T16:50:00Z,2026-09-13T21:37:05Z,60,9.0,10.0,,,,,1016.9,26.4,26.8,,,,
2026-08-15T17:00:00Z,2026-09-13T21:37:05Z,60,9.0,11.0,,,,,1017.0,26.4,26.8,,,+0.0,
2026-08-15T17:10:00Z,2026-09-13T21:37:05Z,60,9.0,11.0,,,,,1017.1,26.3,26.8,,,,
2026-08-15T17:20:00Z,2026-09-13T21:37:05Z,60,9.0,11.0,,,,,1017.2,26.2,26.8,,,,
2026-08-15T17:30:00Z,2026-09-13T21:37:05Z,70,9.0,10.0,,,,,1017.3,26.2,26.8,,,,
2026-08-15T17:40:00Z,2026-09-13T21:37:05Z,70,8.0,10.0,,,,,1017.3,26.3,26.8,,,,
2026-08-15T17:50:00Z,2026-09-13T21:37:05Z,60,9.0,11.0,,,,,1017.3,26.4,26.8,,,,
2026-08-15T18:00:00Z,2026-09-13T21:37:05Z,60,9.0,11.0,,,,,1017.5,26.4,26.8,,,+0.6,
2026-08-15T18:10:00Z,2026-09-13T21:37:05Z,70,9.0,11.0,,,,,1017.4,26.4,26.8,,,,
2026-08-15T18:20:00Z,2026-09-13T21:37:05Z,70,9.0,11.0,,,,,1017.5,26.4,26.8,,,,
2026-08-15T18:30:00Z,2026-09-13T21:37:05Z,70,8.0,11.0,,,,,1017.6,26.4,26.8,,,,
2026-08-15T18:40:00Z,2026-09-13T21:37:05Z,70,7.0,10.0,,,,,1017.5,26.5,26.8,,,,
2026-08-15T18:50:00Z,2026-09-13T21:37:05Z,70,9.0,11.0,,,,,1017.5,26.7,26.8,,,,
2026-08-15T19:00:00Z,2026-09-13T21:37:05Z,70,10.0,12.0,,,,,1017.4,26.6,26.8,,,+0.6,
2026-08-15T19:10:00Z,2026-09-13T21:37:05Z,70,10.0,13.0,,,,,1017.6,26.4,26.8,,,,
2026-08-15T19:20:00Z,2026-09-13T21:37:05Z,70,10.0,13.0,,,,,1017.6,26.4,26.8,,,,
2026-08-15T19:30:00Z,2026-09-13T21:37:05Z,70,10.0,12.0,,,,,1017.7,26.4,26.8,,,,
2026-08-15T19:40:00Z,2026-09-13T21:37:05Z,70,10.0,12.0,,,,,1017.8,26.4,26.8,,,,
2026-08-15T19:50:00Z,2026-09-13T21:37:05Z,70,9.0,12.0,,,,,1017.8,26.5,26.8,,,,
2026-08-15T20:00:00Z,2026-09-13T21:37:05Z,70,9.0,12.0,,,,,1017.9,,26.8,,,+0.9,
2026-08-15T20:10:00Z,2026-09-13T21:37:05Z,70,9.0,11.0,,,,,1018.0,26.6,26.8,,,,
2026-08-15T20:20:00Z,2026-09-13T21:37:05Z,70,9.0,11.0,,,,,1018.0,26.7,26.8,,,,
2026-08-15T20:30:00Z,2026-09-13T21:37:05Z,70,9.0,11.0,,,,,1018.0,26.7,26.8,,,,
2026-08-15T20:40:00Z,2026-09-13T21:37:05Z,70,9.0,11.0,,,,,1018.0,26.7,26.8,,,,
2026-08-15T20:50:00Z,2026-09-13T21:37:05Z,70,9.0,11.0,,,,,1018.0,26.6,26.8,,,,
2026-08-15T21:00:00Z,2026-09-13T21:37:05Z,70,10.0,12.0,,,,,1018.0,26.6,26.8,,,+0.5,
2026-08-15T21:10:00Z,2026-09-13T21:37:05Z,70,9.0,11.0,,,,,1018.0,26.6,26.9,,,,
2026-08-15T21:20:00Z,2026-09-13T21:37:05Z,70,9.0,11.0,,,,,1018.0,,26.9,,,,
2026-08-15T21:30:00Z,2026-09-13T21:37:05Z,70,9.0,11.0,,,,,1018.0,26.5,26.9,,,,
2026-08-15T21:40:00Z,2026-09-13T21:37:05Z,70,9.0,11.0,,,,,1018.0,26.6,26.9,,,,
2026-08-15T21:50:00Z,2026-09-13T21:37:05Z,80,8.0,10.0,,,,,1018.0,26.6,26.9,,,,
2026-08-15T22:00:00Z,2026-09-13T21:37:05Z,80,7.0,10.0,,,,,1018.0,26.6,26.9,,,+0.6,
2026-08-15T22:10:00Z,2026-09-13T21:37:05Z,70,7.0,9.0,,,,,1017.9,26.7,26.9,,,,
2026-08-15T22:20:00Z,2026-09-13T21:37:05Z,70,8.0,10.0,,,,,1017.9,26.6,26.9,,,,
2026-08-15T22:30:00Z,2026-09-13T21:37:05Z,70,8.0,10.0,,,,,1017.8,26.5,26.9,,,,
2026-08-15T22:40:00Z,2026-09-13T21:37:05Z,70,8.0,10.0,,,,,1017.7,26.5,26.9,,,,
2026-08-15T22:50:00Z,2026-09-13T21:37:05Z,70,10.0,13.0,,,,,1017.7,25.9,26.9,,,,
2026-08-15T23:00:00Z,2026-09-13T21:37:05Z,60,10.0,13.0,,,,,1017.8,25.4,26.9,,,+0.0,
2026-08-15T23:10:00Z,2026-09-13T21:37:05Z,60,8.0,11.0,,,,,1017.7,25.0,26.9,,,,
2026-08-15T23:20:00Z,2026-09-13T21:37:05Z,70,7.0,10.0,,,,,1017.4,25.4,26.9,,,,
2026-08-15T23:40:00Z,2026-09-13T21:37:05Z,90,7.0,9.0,,,,,1017.2,26.1,26.9,,,,
2026-08-15T23:50:00Z,2026-09-13T21:37:05Z,90,8.0,10.0,,,,,1017.1,26.3,26.9,,,,
2026-08-16T00:00:00Z,2026-09-13T21:37:05Z,80,8.0,10.0,,,,,1017.0,26.4,26.9,,,-1.0,
2026-08-16T00:10:00Z,2026-09-13T21:37:05Z,80,9.0,11.0,,,,,1016.8,26.3,26.9,,,,
2026-08-16T00:20:00Z,2026-09-13T21:37:05Z,80,8.0,11.0,,,,,1016.7,26.3,26.9,,,,
2026-08-16T00:30:00Z,2026-09-13T21:37:05Z,70,8.0,10.0,,,,,1016.6,26.2,26.9,,,,
2026-08-16T00:40:00Z,2026-09-13T21:37:05Z,70,8.0,10.0,,,,,1016.4,26.3,26.9,,,,
2026-08-16T00:50:00Z,2026-09-13T21:37:05Z,80,8.0,10.0,,,,,1016.3,26.5,26.9,,,,
2026-08-16T01:00:00Z,2026-09-13T21:37:05Z,80,8.0,10.0,,,,,1016.2,26.6,26.9,,,-1.8,
2026-08-16T01:10:00Z,2026-09-13T21:37:05Z,80,9.0,11.0,,,,,1016.2,26.6,26.9,,,,
2026-08-16T01:20:00Z,2026-09-13T21:37:05Z,70,9.0,12.0,,,,,1016.1,26.3,26.9,,,,
2026-08-16T01:30:00Z,2026-09-13T21:37:05Z,70,9.0,11.0,,,,,1015.9,26.4,26.9,,,,
2026-08-16T01:40:00Z,2026-09-13T21:37:05Z,80,10.0,13.0,,,,,1015.8,26.6,26.9,,,,
2026-08-16T01:50:00Z,2026-09-13T21:37:05Z,80,10.0,12.0,,,,,1015.8,26.6,26.9,,,,
2026-08-16T02:00:00Z,2026-09-13T21:37:05Z,80,11.0,13.0,,,,,1015.7,26.6,26.9,,,-2.1,
2026-08-16T02:10:00Z,2026-09-13T21:37:05Z,70,11.0,13.0,,,,,1015.8,26.6,26.9,,,,
2026-08-16T02:20:00Z,2026-09-13T21:37:05Z,70,10.0,13.0,,,,,1015.8,26.7,26.9,,,,
2026-08-16T02:30:00Z,2026-09-13T21:37:05Z,70,10.0,12.0,,,,,1015.8,26.6,26.9,,,,
2026-08-16T02:40:00Z,2026-09-13T21:37:05Z,70,10.0,13.0,,,,,1015.8,26.6,26.9,,,,
2026-08-16T02:50:00Z,2026-09-13T21:37:05Z,70,9.0,11.0,,,,,1015.7,26.6,26.9,,,,
2026-08-16T03:00:00Z,2026-09-13T21:37:05Z,70,10.0,13.0,,,,,1015.9,26.6,26.8,,,-1.1,
2026-08-16T03:10:00Z,2026-09-13T21:37:05Z,70,10.0,13.0,,,,,1015.8,26.6,26.8,,,,
2026-08-16T03:20:00Z,2026-09-13T21:37:05Z,70,10.0,13.0,,,,,1015.9,26.5,26.8,,,,
2026-08-16T03:30:00Z,2026-09-13T21:37:05Z,70,10.0,12.0,,,,,1015.8,26.5,26.8,,,,
2026-08-16T03:40:00Z,2026-09-13T21:37:05Z,70,9.0,12.0,,,,,1015.8,26.5,26.8,,,,
2026-08-16T03:50:00Z,2026-09-13T21:37:05Z,70,9.0,13.0,,,,,1015.8,26.5,26.8,,,,
2026-08-16T04:00:00Z,2026-09-13T21:37:05Z,70,9.0,11.0,,,,,1015.8,26.4,26.8,,,-0.4,
2026-08-16T04:10:00Z,2026-09-13T21:37:05Z,60,9.0,12.0,,,,,1015.7,26.4,26.8,,,,
2026-08-16T04:20:00Z,2026-09-13T21:37:05Z,60,10.0,12.0,,,,,1015.7,26.4,26.8,,,,
2026-08-16T04:30:00Z,2026-09-13T21:37:05Z,60,10.0,12.0,,,,,1015.8,26.6,26.8,,,,
2026-08-16T04:40:00Z,2026-09-13T21:37:05Z,70,10.0,13.0,,,,,1015.9,26.5,26.8,,,,
2026-08-16T04:50:00Z,2026-09-13T21:37:05Z,70,10.0,12.0,,,,,1015.8,26.5,26.8,,,,
2026-08-16T05:00:00Z,2026-09-13T21:37:05Z,70,10.0,13.0,,,,,1015.9,26.5,26.7,,,+0.0,
2026-08-16T05:10:00Z,2026-09-13T21:37:05Z,70,9.0,12.0,,,,,1016.0,26.4,,,,,
2026-08-16T05:20:00Z,2026-09-13T21:37:05Z,70,10.0,12.0,,,,,1016.1,26.4,26.7,,,,
2026-08-16T05:30:00Z,2026-09-13T21:37:05Z,70,10.0,12.0,,,,,1016.2,26.4,26.7,,,,
2026-08-16T05:40:00Z,2026-09-13T21:37:05Z,70,10.0,13.0,,,,,1016.4,26.4,,,,,
2026-08-16T05:50:00Z,2026-09-13T21:37:05Z,70,10.0,13.0,,,,,1016.3,26.4,26.7,,,,
2026-08-16T06:00:00Z,2026-09-13T21:37:05Z,70,10.0,12.0,,,,,1016.4,26.5,26.7,,,+0.5,
2026-08-16T06:10:00Z,2026-09-13T21:37:05Z,70,9.0,12.0,,,,,1016.5,26.5,26.7,,,,
2026-08-16T06:20:00Z,2026-09-13T21:37:05Z,70,10.0,13.0,,,,,1016.6,26.4,,,,,
2026-08-16T06:30:00Z,2026-09-13T21:37:05Z,70,9.0,12.0,,,,,1016.8,26.4,26.7,,,,
2026-08-16T06:40:00Z,2026-09-13T21:37:05Z,70,10.0,12.0,,,,,1016.9,26.4,26.7,,,,
2026-08-16T06:50:00Z,2026-09-13T21:37:05Z,70,10.0,12.0,,,,,1016.9,26.4,26.7,,,,
2026-08-16T07:00:00Z,2026-09-13T21:37:05Z,70,10.0,12.0,,,,,1017.0,26.4,26.7,,,+1.2,
2026-08-16T07:10:00Z,2026-09-13T21:37:05Z,70,10.0,12.0,,,,,1017.1,26.4,,,,,
2026-08-16T07:20:00Z,2026-09-13T21:37:05Z,70,10.0,12.0,,,,,1017.2,26.4,,,,,
2026-08-16T07:30:00Z,2026-09-13T21:37:05Z,70,10.0,13.0,,,,,1017.2,26.4,26.7,,,,
2026-08-16T07:40:00Z,2026-09-13T21:37:05Z,70,10.0,13.0,,,,,1017.2,26.3,26.7,,,,
2026-08-16T07:50:00Z,2026-09-13T21:37:05Z,70,10.0,12.0,,,,,1017.3,26.3,26.7,,,,
2026-08-16T08:00:00Z,2026-09-13T21:37:05Z,70,10.0,12.0,,,,,1017.3,26.3,26.7,,,+1.4,
2026-08-16T08:10:00Z,2026-09-13T21:37:05Z,70,10.0,12.0,,,,,1017.3,26.3,,,,,
2026-08-16T08:20:00Z,2026-09-13T21:37:05Z,70,10.0,13.0,,,,,1017.4,26.3,26.7,,,,
2026-08-16T08:30:00Z,2026-09-13T21:37:05Z,70,10.0,12.0,,,,,1017.4,26.3,26.7,,,,
2026-08-16T08:40:00Z,2026-09-13T21:37:05Z,70,9.0,12.0,,,,,1017.4,26.3,26.7,,,,
2026-08-16T08:50:00Z,2026-09-13T21:37:05Z,70,10.0,12.0,,,,,1017.4,26.3,,,,,
2026-08-16T09:00:00Z,2026-09-13T21:37:05Z,70,10.0,12.0,,,,,1017.4,26.3,26.7,,,+1.0,
2026-08-16T09:10:00Z,2026-09-13T21:37:05Z,70,10.0,12.0,,,,,1017.3,26.3,26.7,,,,
2026-08-16T09:20:00Z,2026-09-13T21:37:05Z,70,9.0,12.0,,,,,1017.2,26.3,26.7,,,,
2026-08-16T09:30:00Z,2026-09-13T21:37:05Z,70,10.0,12.0,,,,,1017.2,26.3,26.7,,,,
2026-08-16T09:40:00Z,2026-09-13T21:37:05Z,70,10.0,12.0,,,,,1017.0,26.3,26.7,,,,
2026-08-16T09:50:00Z,2026-09-13T21:37:05Z,70,10.0,12.0,,,,,1016.9,26.3,26.7,,,,
2026-08-16T10:00:00Z,2026-09-13T21:37:05Z,70,10.0,12.0,,,,,1016.8,26.3,26.7,,,+0.0,
2026-08-16T10:10:00Z,2026-09-13T21:37:05Z,70,9.0,12.0,,,,,1016.8,26.3,26.7,,,,
2026-08-16T10:20:00Z,2026-09-13T21:37:05Z,70,9.0,12.0,,,,,1016.6,26.3,26.7,,,,
2026-08-16T10:30:00Z,2026-09-13T21:37:05Z,60,10.0,12.0,,,,,1016.6,26.3,26.7,,,,
2026-08-16T10:40:00Z,2026-09-13T21:37:05Z,70,9.0,12.0,,,,,1016.6,26.2,26.7,,,,
2026-08-16T10:50:00Z,2026-09-13T21:37:05Z,70,9.0,11.0,,,,,1016.5,26.3,26.7,,,,
2026-08-16T11:00:00Z,2026-09-13T21:37:05Z,70,9.0,11.0,,,,,1016.5,26.3,26.7,,,-0.8,
2026-08-16T11:10:00Z,2026-09-13T21:37:05Z,60,10.0,12.0,,,,,1016.5,26.2,26.7,,,,
2026-08-16T11:20:00Z,2026-09-13T21:37:05Z,60,9.0,11.0,,,,,1016.4,26.2,26.7,,,,
2026-08-16T11:30:00Z,2026-09-13T21:37:05Z,60,9.0,11.0,,,,,1016.4,26.2,26.7,,,,
2026-08-16T11:40:00Z,2026-09-13T21:37:05Z,60,9.0,12.0,,,,,1016.3,26.2,26.7,,,,
2026-08-16T11:50:00Z,2026-09-13T21:37:05Z,60,9.0,12.0,,,,,1016.2,26.4,26.7,,,,
2026-08-16T12:00:00Z,2026-09-13T21:37:05Z,70,9.0,11.0,,,,,1016.1,26.4,26.7,,,-1.3,
2026-08-16T12:10:00Z,2026-09-13T21:37:05Z,60,9.0,11.0,,,,,1016.0,26.4,26.7,,,,
2026-08-16T12:20:00Z,2026-09-13T21:37:05Z,70,9.0,12.0,,,,,1016.0,26.6,26.7,,,,
2026-08-16T12:30:00Z,2026-09-13T21:37:05Z,70,9.0,11.0,,,,,1015.9,26.7,26.8,,,,
2026-08-16T12:40:00Z,2026-09-13T21:37:05Z,60,9.0,12.0,,,,,1015.9,26.4,26.7,,,,
2026-08-16T12:50:00Z,2026-09-13T21:37:05Z,60,9.0,11.0,,,,,1015.8,26.3,26.8,,,,
2026-08-16T13:00:00Z,2026-09-13T21:37:05Z,60,8.0,11.0,,,,,1015.8,26.2,26.8,,,-1.0,
2026-08-16T13:10:00Z,2026-09-13T21:37:05Z,60,8.0,11.0,,,,,1015.7,26.2,26.8,,,,
2026-08-16T13:20:00Z,2026-09-13T21:37:05Z,60,9.0,11.0,,,,,1015.7,26.2,,,,,
2026-08-16T13:30:00Z,2026-09-13T21:37:05Z,60,9.0,11.0,,,,,1015.7,26.2,26.8,,,,
2026-08-16T13:40:00Z,2026-09-13T21:37:05Z,60,9.0,11.0,,,,,1015.7,26.2,26.8,,,,
2026-08-16T13:50:00Z,2026-09-13T21:37:05Z,60,8.0,11.0,,,,,1015.7,,26.8,,,,
2026-08-16T14:00:00Z,2026-09-13T21:37:05Z,60,9.0,11.0,,,,,1015.7,26.2,26.8,,,-0.8,
2026-08-16T14:10:00Z,2026-09-13T21:37:05Z,60,9.0,12.0,,,,,1015.6,26.2,26.8,,,,
2026-08-16T14:20:00Z,2026-09-13T21:37:05Z,60,9.0,12.0,,,,,1015.6,26.2,26.8,,,,
2026-08-16T14:30:00Z,2026-09-13T21:37:05Z,60,9.0,11.0,,,,,1015.6,26.2,26.8,,,,
2026-08-16T14:40:00Z,2026-09-13T21:37:05Z,60,10.0,12.0,,,,,1015.6,26.2,26.8,,,,
2026-08-16T14:50:00Z,2026-09-13T21:37:05Z,50,10.0,12.0,,,,,1015.5,26.1,26.8,,,,
2026-08-16T15:00:00Z,2026-09-13T21:37:05Z,60,9.0,12.0,,,,,1015.6,26.1,26.8,,,-0.5,
2026-08-16T15:10:00Z,2026-09-13T21:37:05Z,50,9.0,11.0,,,,,1015.6,26.1,26.8,,,,
2026-08-16T15:20:00Z,2026-09-13T21:37:05Z,60,9.0,12.0,,,,,1015.5,26.2,26.8,,,,
2026-08-16T15:30:00Z,2026-09-13T21:37:05Z,50,9.0,12.0,,,,,1015.6,26.2,26.8,,,,
2026-08-16T15:40:00Z,2026-09-13T21:37:05Z,50,9.0,12.0,,,,,1015.6,26.2,26.8,,,,
2026-08-16T15:50:00Z,2026-09-13T21:37:05Z,50,9.0,12.0,,,,,1015.7,26.2,26.8,,,,
2026-08-16T16:00:00Z,2026-09-13T21:37:05Z,50,10.0,12.0,,,,,1015.7,26.1,26.8,,,+0.0,
2026-08-16T16:10:00Z,2026-09-13T21:37:05Z,50,10.0,12.0,,,,,1015.9,26.2,26.8,,,,
2026-08-16T16:20:00Z,2026-09-13T21:37:05Z,50,10.0,12.0,,,,,1015.9,26.2,26.8,,,,
2026-08-16T16:30:00Z,2026-09-13T21:37:05Z,50,9.0,11.0,,,,,1015.9,26.2,26.8,,,,
2026-08-16T16:40:00Z,2026-09-13T21:37:05Z,50,9.0,12.0,,,,,1016.1,26.3,26.8,,,,
2026-08-16T16:50:00Z,2026-09-13T21:37:05Z,50,10.0,12.0,,,,,1016.2,26.2,26.8,,,,
2026-08-16T17:00:00Z,2026-09-13T21:37:05Z,50,10.0,12.0,,,,,1016.2,26.3,26.8,,,+0.5,
2026-08-16T17:10:00Z,2026-09-13T21:37:05Z,60,10.0,12.0,,,,,1016.4,26.4,26.8,,,,
2026-08-16T17:20:00Z,2026-09-13T21:37:05Z,50,10.0,12.0,,,,,1016.3,26.4,26.8,,,,
2026-08-16T17:30:00Z,2026-09-13T21:37:05Z,50,10.0,12.0,,,,,1016.5,26.3,26.7,,,,
2026-08-16T17:40:00Z,2026-09-13T21:37:05Z,50,10.0,12.0,,,,,1016.5,26.3,26.7,,,,
2026-08-16T17:50:00Z,2026-09-13T21:37:05Z,50,10.0,12.0,,,,,1016.5,26.2,26.7,,,,
2026-08-16T18:00:00Z,2026-09-13T21:37:05Z,50,10.0,13.0,,,,,1016.6,26.2,26.7,,,+1.0,
2026-08-16T18:10:00Z,2026-09-13T21:37:05Z,50,10.0,13.0,,,,,1016.6,26.2,26.7,,,,
2026-08-16T18:20:00Z,2026-09-13T21:37:05Z,50,10.0,12.0,,,,,1016.5,26.3,,,,,
2026-08-16T18:30:00Z,2026-09-13T21:37:05Z,50,10.0,13.0,,,,,1016.6,26.3,26.7,,,,
2026-08-16T18:40:00Z,2026-09-13T21:37:05Z,50,11.0,13.0,,,,,1016.6,26.3,26.7,,,,
2026-08-16T18:50:00Z,2026-09-13T21:37:05Z,,11.0,13.0,,,,,,26.3,26.7,,,,
2026-08-16T19:00:00Z,2026-09-13T21:37:05Z,,10.0,13.0,,,,,,26.3,26.7,,,,
2026-08-16T19:10:00Z,2026-09-13T21:37:05Z,50,11.0,13.0,,,,,1016.7,26.2,26.7,,,,
2026-08-16T19:20:00Z,2026-09-13T21:37:05Z,50,10.0,13.0,,,,,1016.7,26.3,26.7,,,,
2026-08-16T19:30:00Z,2026-09-13T21:37:05Z,50,11.0,13.0,,,,,1016.8,26.3,26.7,,,,
2026-08-16T19:40:00Z,2026-09-13T21:37:05Z,50,11.0,13.0,,,,,1016.7,26.4,26.7,,,,
2026-08-16T19:50:00Z,2026-09-13T21:37:05Z,60,11.0,13.0,,,,,1016.8,26.4,26.7,,,,
2026-08-16T20:00:00Z,2026-09-13T21:37:05Z,60,11.0,14.0,,,,,1016.8,26.4,26.7,,,+0.6,
2026-08-16T20:10:00Z,2026-09-13T21:37:05Z,60,11.0,14.0,,,,,1016.8,26.4,26.7,,,,
2026-08-16T20:20:00Z,2026-09-13T21:37:05Z,60,11.0,13.0,,,,,1016.8,26.4,26.7,,,,
2026-08-16T20:30:00Z,2026-09-13T21:37:05Z,60,12.0,14.0,,,,,1016.8,26.4,26.7,,,,
2026-08-16T20:40:00Z,2026-09-13T21:37:05Z,60,11.0,14.0,,,,,1016.9,26.4,26.7,,,,
2026-08-16T20:50:00Z,2026-09-13T21:37:05Z,60,11.0,13.0,,,,,1016.8,26.5,26.7,,,,
2026-08-16T21:00:00Z,2026-09-13T21:37:05Z,60,12.0,15.0,,,,,1016.8,26.4,26.7,,,+0.0,
2026-08-16T21:10:00Z,2026-09-13T21:37:05Z,60,11.0,14.0,,,,,1016.9,26.4,26.7,,,,
2026-08-16T21:20:00Z,2026-09-13T21:37:05Z,60,11.0,13.0,,,,,1016.9,26.4,,,,,
2026-08-16T21:30:00Z,2026-09-13T21:37:05Z,60,11.0,14.0,,,,,1016.9,26.3,26.7,,,,
2026-08-16T21:40:00Z,2026-09-13T21:37:05Z,60,11.0,13.0,,,,,1016.9,26.4,26.7,,,,
2026-08-16T21:50:00Z,2026-09-13T21:37:05Z,60,10.0,13.0,,,,,1016.8,26.5,,,,,
2026-08-16T22:00:00Z,2026-09-13T21:37:05Z,60,11.0,13.0,,,,,1016.7,26.5,26.7,,,,
2026-08-16T22:10:00Z,2026-09-13T21:37:05Z,60,11.0,13.0,,,,,1016.7,26.5,26.7,,,,
2026-08-16T22:20:00Z,2026-09-13T21:37:05Z,60,11.0,13.0,,,,,1016.7,26.5,26.7,,,,
2026-08-16T22:30:00Z,2026-09-13T21:37:05Z,60,11.0,14.0,,,,,1016.7,26.5,26.7,,,,
2026-08-16T22:40:00Z,2026-09-13T21:37:05Z,60,11.0,14.0,,,,,1016.7,26.5,26.7,,,,
2026-08-16T22:50:00Z,2026-09-13T21:37:05Z,60,11.0,14.0,,,,,1016.6,26.5,26.7,,,,
2026-08-16T23:00:00Z,2026-09-13T21:37:05Z,60,11.0,14.0,,,,,1016.5,26.4,26.7,,,-0.3,
2026-08-16T23:10:00Z,2026-09-13T21:37:05Z,80,11.0,14.0,,,,,1016.5,25.7,26.7,,,,
2026-08-16T23:20:00Z,2026-09-13T21:37:05Z,80,11.0,14.0,,,,,1016.3,25.5,26.7,,,,
2026-08-16T23:30:00Z,2026-09-13T21:37:05Z,70,11.0,14.0,,,,,1016.2,26.0,26.7,,,,
2026-08-16T23:40:00Z,2026-09-13T21:37:05Z,60,11.0,13.0,,,,,1016.2,26.3,26.7,,,,
2026-08-16T23:50:00Z,2026-09-13T21:37:05Z,60,10.0,14.0,,,,,1016.2,26.4,26.7,,,,
2026-08-17T00:00:00Z,2026-09-13T21:37:05Z,60,11.0,13.0,,,,,1016.1,26.5,26.7,,,-0.7,
2026-08-17T00:10:00Z,2026-09-13T21:37:05Z,70,11.0,13.0,,,,,1016.1,26.5,26.7,,,,
2026-08-17T00:20:00Z,2026-09-13T21:37:05Z,80,12.0,16.0,,,,,1016.1,25.6,26.7,,,,
2026-08-17T00:30:00Z,2026-09-13T21:37:05Z,70,11.0,15.0,,,,,1015.9,26.1,26.7,,,,
2026-08-17T00:40:00Z,2026-09-13T21:37:05Z,70,11.0,13.0,,,,,1015.7,26.4,26.7,,,,
2026-08-17T00:50:00Z,2026-09-13T21:37:05Z,60,11.0,13.0,,,,,1015.6,26.5,26.7,,,,
2026-08-17T01:00:00Z,2026-09-13T21:37:05Z,60,11.0,14.0,,,,,1015.5,26.5,26.7,,,-1.2,
2026-08-17T01:10:00Z,2026-09-13T21:37:05Z,60,10.0,13.0,,,,,1015.4,26.6,26.7,,,,
2026-08-17T01:20:00Z,2026-09-13T21:37:05Z,60,10.0,13.0,,,,,1015.2,26.5,26.7,,,,
2026-08-17T01:30:00Z,2026-09-13T21:37:05Z,60,10.0,12.0,,,,,1015.1,26.5,26.7,,,,
2026-08-17T01:40:00Z,2026-09-13T21:37:05Z,60,10.0,12.0,,,,,1015.0,26.5,26.7,,,,
2026-08-17T01:50:00Z,2026-09-13T21:37:05Z,60,10.0,13.0,,,,,1014.9,26.5,26.7,,,,
2026-08-17T02:00:00Z,2026-09-13T21:37:05Z,70,10.0,12.0,,,,,1014.8,26.5,26.7,,,-1.7,
2026-08-17T02:10:00Z,2026-09-13T21:37:05Z,60,10.0,13.0,,,,,1014.8,26.4,26.7,,,,
2026-08-17T02:20:00Z,2026-09-13T21:37:05Z,60,10.0,12.0,,,,,1014.7,26.4,26.7,,,,
2026-08-17T02:30:00Z,2026-09-13T21:37:05Z,60,10.0,12.0,,,,,1014.6,26.4,26.7,,,,
2026-08-17T02:40:00Z,2026-09-13T21:37:05Z,60,10.0,12.0,,,,,1014.7,26.4,26.7,,,,
2026-08-17T02:50:00Z,2026-09-13T21:37:05Z,60,10.0,12.0,,,,,1014.7,26.4,26.7,,,,
2026-08-17T03:00:00Z,2026-09-13T21:37:05Z,50,10.0,13.0,,,,,1014.5,26.4,26.7,,,-1.6,
2026-08-17T03:10:00Z,2026-09-13T21:37:05Z,60,11.0,13.0,,,,,1014.6,26.3,26.7,,,,
2026-08-17T03:20:00Z,2026-09-13T21:37:05Z,60,11.0,13.0,,,,,1014.5,26.3,26.7,,,,
2026-08-17T03:30:00Z,2026-09-13T21:37:05Z,60,10.0,13.0,,,,,1014.5,26.4,26.7,,,,
2026-08-17T03:40:00Z,2026-09-13T21:37:05Z,60,10.0,13.0,,,,,1014.4,26.2,26.7,,,,
2026-08-17T03:50:00Z,2026-09-13T21:37:05Z,60,11.0,13.0,,,,,1014.4,26.2,26.7,,,,
2026-08-17T04:00:00Z,2026-09-13T21:37:05Z,60,10.0,13.0,,,,,1014.6,26.3,26.7,,,-0.9,
2026-08-17T04:10:00Z,2026-09-13T21:37:05Z,60,12.0,14.0,,,,,1014.7,26.4,26.7,,,,
2026-08-17T04:20:00Z,2026-09-13T21:37:05Z,70,11.0,14.0,,,,,1014.8,26.4,26.7,,,,
2026-08-17T04:30:00Z,2026-09-13T21:37:05Z,60,11.0,13.0,,,,,1014.7,26.4,26.7,,,,
2026-08-17T04:40:00Z,2026-09-13T21:37:05Z,60,10.0,13.0,,,,,1014.7,26.4,,,,,
2026-08-17T04:50:00Z,2026-09-13T21:37:05Z,60,11.0,14.0,,,,,1014.8,26.2,26.7,,,,
2026-08-17T05:00:00Z,2026-09-13T21:37:05Z,60,10.0,13.0,,,,,1014.8,26.0,26.7,,,-0.0,
2026-08-17T05:10:00Z,2026-09-13T21:37:05Z,60,11.0,14.0,,,,,1014.9,26.1,26.7,,,,
2026-08-17T05:20:00Z,2026-09-13T21:37:05Z,70,11.0,14.0,,,,,1015.1,26.3,26.7,,,,
2026-08-17T05:30:00Z,2026-09-13T21:37:05Z,70,11.0,14.0,,,,,1015.1,26.3,26.7,,,,
2026-08-17T05:40:00Z,2026-09-13T21:37:05Z,70,12.0,15.0,,,,,1015.2,26.4,26.7,,,,
2026-08-17T05:50:00Z,2026-09-13T21:37:05Z,70,11.0,14.0,,,,,1015.3,26.4,26.7,,,,
2026-08-17T06:00:00Z,2026-09-13T21:37:05Z,70,11.0,14.0,,,,,1015.4,26.4,26.7,,,+0.9,
2026-08-17T06:10:00Z,2026-09-13T21:37:05Z,70,11.0,14.0,,,,,1015.5,26.5,26.7,,,,
2026-08-17T06:20:00Z,2026-09-13T21:37:05Z,70,11.0,14.0,,,,,1015.4,26.4,26.7,,,,
2026-08-17T06:30:00Z,2026-09-13T21:37:05Z,60,11.0,14.0,,,,,1015.5,26.4,26.7,,,,
2026-08-17T06:40:00Z,2026-09-13T21:37:05Z,60,12.0,15.0,,,,,1015.5,26.4,26.7,,,,
2026-08-17T06:50:00Z,2026-09-13T21:37:05Z,60,11.0,14.0,,,,,1015.6,26.4,26.7,,,,
2026-08-17T07:00:00Z,2026-09-13T21:37:05Z,70,11.0,14.0,,,,,1015.7,26.5,26.7,,,+1.1,
2026-08-17T07:10:00Z,2026-09-13T21:37:05Z,60,11.0,14.0,,,,,1015.6,26.4,26.7,,,,
2026-08-17T07:20:00Z,2026-09-13T21:37:05Z,60,11.0,14.0,,,,,1015.5,,26.7,,,,
2026-08-17T07:30:00Z,2026-09-13T21:37:05Z,60,12.0,14.0,,,,,1015.6,26.4,26.7,,,,
2026-08-17T07:40:00Z,2026-09-13T21:37:05Z,70,11.0,14.0,,,,,1015.9,26.4,26.7,,,,
2026-08-17T07:50:00Z,2026-09-13T21:37:05Z,70,11.0,14.0,,,,,1015.8,,26.7,,,,
2026-08-17T08:00:00Z,2026-09-13T21:37:05Z,70,11.0,14.0,,,,,1015.8,26.4,26.7,,,+1.0,
2026-08-17T08:10:00Z,2026-09-13T21:37:05Z,60,11.0,14.0,,,,,1015.7,26.4,26.7,,,,
2026-08-17T08:20:00Z,2026-09-13T21:37:05Z,70,11.0,15.0,,,,,1015.7,26.4,26.7,,,,
2026-08-17T08:30:00Z,2026-09-13T21:37:05Z,70,11.0,15.0,,,,,1015.7,26.5,26.7,,,,
2026-08-17T08:40:00Z,2026-09-13T21:37:05Z,70,11.0,14.0,,,,,1015.7,26.5,26.7,,,,
2026-08-17T08:50:00Z,2026-09-13T21:37:05Z,70,11.0,14.0,,,,,1015.7,26.5,26.7,,,,
2026-08-17T09:00:00Z,2026-09-13T21:37:05Z,70,11.0,14.0,,,,,1015.6,26.5,26.7,,,+0.0,
2026-08-17T09:10:00Z,2026-09-13T21:37:05Z,60,11.0,14.0,,,,,1015.6,26.1,26.7,,,,
2026-08-17T09:20:00Z,2026-09-13T21:37:05Z,60,11.0,14.0,,,,,1015.6,26.2,26.7,,,,
2026-08-17T09:30:00Z,2026-09-13T21:37:05Z,70,11.0,14.0,,,,,1015.5,26.3,26.7,,,,
2026-08-17T09:40:00Z,2026-09-13T21:37:05Z,70,10.0,14.0,,,,,1015.6,26.4,26.7,,,,
2026-08-17T09:50:00Z,2026-09-13T21:37:05Z,70,11.0,14.0,,,,,1015.5,26.2,26.7,,,,
2026-08-17T10:00:00Z,2026-09-13T21:37:05Z,70,11.0,16.0,,,,,1015.6,25.9,26.7,,,+0.0,
2026-08-17T10:10:00Z,2026-09-13T21:37:05Z,70,11.0,14.0,,,,,1015.3,25.8,26.7,,,,
2026-08-17T10:20:00Z,2026-09-13T21:37:05Z,70,11.0,14.0,,,,,1015.3,26.1,26.7,,,,
2026-08-17T10:30:00Z,2026-09-13T21:37:05Z,70,11.0,13.0,,,,,1015.4,26.3,26.7,,,,
2026-08-17T10:40:00Z,2026-09-13T21:37:05Z,70,11.0,16.0,,,,,1015.4,25.6,26.7,,,,
2026-08-17T10:50:00Z,2026-09-13T21:37:05Z,70,10.0,13.0,,,,,1015.4,25.6,26.7,,,,
2026-08-17T11:00:00Z,2026-09-13T21:37:05Z,70,11.0,13.0,,,,,1015.4,26.0,26.7,,,-0.4,
2026-08-17T11:10:00Z,2026-09-13T21:37:05Z,70,11.0,14.0,,,,,1015.3,26.1,,,,,
2026-08-17T11:20:00Z,2026-09-13T21:37:05Z,70,11.0,14.0,,,,,1015.3,26.2,26.7,,,,
2026-08-17T11:30:00Z,2026-09-13T21:37:05Z,70,11.0,13.0,,,,,1015.2,26.3,26.7,,,,
2026-08-17T11:40:00Z,2026-09-13T21:37:05Z,70,11.0,15.0,,,,,1015.2,25.9,26.7,,,,
2026-08-17T11:50:00Z,2026-09-13T21:37:05Z,70,11.0,14.0,,,,,1015.1,25.4,,,,,
2026-08-17T12:00:00Z,2026-09-13T21:37:05Z,80,11.0,13.0,,,,,1015.0,25.2,26.7,,,-0.6,
2026-08-17T12:10:00Z,2026-09-13T21:37:05Z,80,10.0,13.0,,,,,1014.9,25.3,26.7,,,,
2026-08-17T12:20:00Z,2026-09-13T21:37:05Z,70,11.0,13.0,,,,,1014.8,25.5,26.6,,,,
2026-08-17T12:30:00Z,2026-09-13T21:37:05Z,70,10.0,13.0,,,,,1014.6,25.5,26.6,,,,
2026-08-17T12:40:00Z,2026-09-13T21:37:05Z,70,11.0,15.0,,,,,1014.7,25.5,26.6,,,,
2026-08-17T12:50:00Z,2026-09-13T21:37:05Z,70,11.0,14.0,,,,,1014.6,25.5,26.6,,,,
2026-08-17T13:00:00Z,2026-09-13T21:37:05Z,70,11.0,13.0,,,,,1014.5,25.6,26.6,,,-1.1,
2026-08-17T13:10:00Z,2026-09-13T21:37:05Z,70,11.0,14.0,,,,,1014.4,25.6,26.6,,,,
2026-08-17T13:20:00Z,2026-09-13T21:37:05Z,80,11.0,15.0,,,,,1014.5,25.7,26.6,,,,
2026-08-17T13:30:00Z,2026-09-13T21:37:05Z,70,10.0,13.0,,,,,1014.5,25.8,26.6,,,,
2026-08-17T13:40:00Z,2026-09-13T21:37:05Z,70,11.0,14.0,,,,,1014.4,25.7,26.6,,,,
2026-08-17T13:50:00Z,2026-09-13T21:37:05Z,70,10.0,13.0,,,,,1014.4,25.7,,,,,
2026-08-17T14:00:00Z,2026-09-13T21:37:05Z,70,11.0,13.0,,,,,1014.2,25.8,26.6,,,-1.2,
2026-08-17T14:10:00Z,2026-09-13T21:37:05Z,70,11.0,14.0,,,,,1014.3,25.9,26.6,,,,
2026-08-17T14:20:00Z,2026-09-13T21:37:05Z,70,11.0,14.0,,,,,1014.3,25.9,26.6,,,,
2026-08-17T14:30:00Z,2026-09-13T21:37:05Z,70,11.0,13.0,,,,,1014.4,25.7,26.6,,,,
2026-08-17T14:40:00Z,2026-09-13T21:37:05Z,70,11.0,14.0,,,,,1014.4,25.9,26.6,,,,
2026-08-17T14:50:00Z,2026-09-13T21:37:05Z,70,11.0,14.0,,,,,1014.5,25.6,26.6,,,,
2026-08-17T15:00:00Z,2026-09-13T21:37:05Z,70,11.0,14.0,,,,,1014.4,25.8,26.6,,,-0.6,
2026-08-17T15:10:00Z,2026-09-13T21:37:05Z,70,11.0,14.0,,,,,1014.5,26.0,26.6,,,,
2026-08-17T15:20:00Z,2026-09-13T21:37:05Z,70,11.0,15.0,,,,,1014.5,26.0,,,,,
2026-08-17T15:30:00Z,2026-09-13T21:37:05Z,70,10.0,13.0,,,,,1014.4,26.0,26.6,,,,
2026-08-17T15:40:00Z,2026-09-13T21:37:05Z,70,11.0,15.0,,,,,1014.4,26.0,26.6,,,,
2026-08-17T15:50:00Z,2026-09-13T21:37:05Z,70,11.0,15.0,,,,,1014.4,25.9,26.6,,,,
2026-08-17T16:00:00Z,2026-09-13T21:37:05Z,70,11.0,14.0,,,,,1014.4,25.7,26.6,,,-0.0,
2026-08-17T16:10:00Z,2026-09-13T21:37:05Z,70,12.0,15.0,,,,,1014.4,25.9,26.6,,,,
2026-08-17T16:20:00Z,2026-09-13T21:37:05Z,70,12.0,14.0,,,,,1014.4,26.0,26.6,,,,
2026-08-17T16:30:00Z,2026-09-13T21:37:05Z,70,12.0,16.0,,,,,1014.7,25.9,26.6,,,,
2026-08-17T16:40:00Z,2026-09-13T21:37:05Z,70,11.0,15.0,,,,,1014.8,25.9,26.6,,,,
2026-08-17T16:50:00Z,2026-09-13T21:37:05Z,70,11.0,14.0,,,,,1014.8,26.0,26.6,,,,
2026-08-17T17:00:00Z,2026-09-13T21:37:05Z,80,11.0,16.0,,,,,1014.9,25.9,26.6,,,+0.7,
2026-08-17T17:10:00Z,2026-09-13T21:37:05Z,70,12.0,15.0,,,,,1014.9,26.0,26.6,,,,
2026-08-17T17:20:00Z,2026-09-13T21:37:05Z,80,12.0,15.0,,,,,1015.1,26.3,26.6,,,,
2026-08-17T17:30:00Z,2026-09-13T21:37:05Z,80,12.0,15.0,,,,,1015.2,26.4,26.6,,,,
2026-08-17T17:40:00Z,2026-09-13T21:37:05Z,80,12.0,15.0,,,,,1015.3,26.5,26.6,,,,
2026-08-17T17:50:00Z,2026-09-13T21:37:05Z,80,12.0,15.0,,,,,1015.3,26.5,,,,,
2026-08-17T18:00:00Z,2026-09-13T21:37:05Z,80,11.0,14.0,,,,,1015.3,26.5,26.6,,,+0.9,
2026-08-17T18:10:00Z,2026-09-13T21:37:05Z,80,11.0,14.0,,,,,1015.3,26.5,26.6,,,,
2026-08-17T18:20:00Z,2026-09-13T21:37:05Z,80,12.0,14.0,,,,,1015.4,26.5,26.6,,,,
2026-08-17T18:30:00Z,2026-09-13T21:37:05Z,80,12.0,15.0,,,,,1015.4,26.6,26.6,,,,
2026-08-17T18:40:00Z,2026-09-13T21:37:05Z,80,12.0,15.0,,,,,1015.3,26.6,26.6,,,,
2026-08-17T18:50:00Z,2026-09-13T21:37:05Z,80,12.0,15.0,,,,,1015.4,26.6,26.6,,,,
2026-08-17T19:00:00Z,2026-09-13T21:37:05Z,80,12.0,15.0,,,,,1015.5,26.6,26.6,,,+1.1,
2026-08-17T19:10:00Z,2026-09-13T21:37:05Z,80,12.0,15.0,,,,,1015.6,26.7,26.6,,,,
2026-08-17T19:20:00Z,2026-09-13T21:37:05Z,80,12.0,15.0,,,,,1015.6,26.6,26.6,,,,
2026-08-17T19:30:00Z,2026-09-13T21:37:05Z,80,11.0,14.0,,,,,1015.7,26.6,26.6,,,,
2026-08-17T19:40:00Z,2026-09-13T21:37:05Z,80,11.0,13.0,,,,,1015.7,26.6,26.6,,,,
2026-08-17T19:50:00Z,2026-09-13T21:37:05Z,80,11.0,13.0,,,,,1015.7,26.6,26.6,,,,
2026-08-17T20:00:00Z,2026-09-13T21:37:05Z,80,11.0,14.0,,,,,1015.8,26.5,26.6,,,+0.9,
2026-08-17T20:10:00Z,2026-09-13T21:37:05Z,80,12.0,15.0,,,,,1015.8,26.1,26.6,,,,
2026-08-17T20:20:00Z,2026-09-13T21:37:05Z,80,11.0,14.0,,,,,1015.8,25.8,26.6,,,,
2026-08-17T20:30:00Z,2026-09-13T21:37:05Z,90,11.0,14.0,,,,,1015.9,26.4,26.6,,,,
2026-08-17T20:40:00Z,2026-09-13T21:37:05Z,80,11.0,14.0,,,,,1015.8,26.5,26.6,,,,
2026-08-17T20:50:00Z,2026-09-13T21:37:05Z,90,11.0,14.0,,,,,1015.9,26.5,26.6,,,,
2026-08-17T21:00:00Z,2026-09-13T21:37:05Z,90,12.0,14.0,,,,,1015.9,26.5,26.6,,,+0.6,
2026-08-17T21:10:00Z,2026-09-13T21:37:05Z,90,11.0,14.0,,,,,1015.9,26.6,26.6,,,,
2026-08-17T21:20:00Z,2026-09-13T21:37:05Z,90,11.0,14.0,,,,,1016.0,26.6,26.6,,,,
2026-08-17T21:30:00Z,2026-09-13T21:37:05Z,80,11.0,14.0,,,,,1015.8,26.6,26.7,,,,
2026-08-17T21:40:00Z,2026-09-13T21:37:05Z,80,11.0,13.0,,,,,1015.9,26.5,26.7,,,,
2026-08-17T21:50:00Z,2026-09-13T21:37:05Z,90,11.0,13.0,,,,,1015.8,26.5,26.6,,,,
2026-08-17T22:00:00Z,2026-09-13T21:37:05Z,90,11.0,13.0,,,,,1015.7,26.5,26.7,,,+0.0,
2026-08-17T22:10:00Z,2026-09-13T21:37:05Z,80,11.0,13.0,,,,,1015.6,26.5,26.7,,,,
2026-08-17T22:20:00Z,2026-09-13T21:37:05Z,90,11.0,14.0,,,,,1015.7,26.5,26.7,,,,
2026-08-17T22:30:00Z,2026-09-13T21:37:05Z,80,11.0,14.0,,,,,1015.7,26.5,26.7,,,,
2026-08-17T22:40:00Z,2026-09-13T21:37:05Z,90,11.0,13.0,,,,,1015.7,26.5,26.7,,,,
2026-08-17T22:50:00Z,2026-09-13T21:37:05Z,90,11.0,13.0,,,,,1015.7,26.5,26.7,,,,
2026-08-17T23:00:00Z,2026-09-13T21:37:05Z,90,10.0,13.0,,,,,1015.7,26.6,26.7,,,+0.0,
2026-08-17T23:10:00Z,2026-09-13T21:37:05Z,90,11.0,13.0,,,,,1015.6,26.5,26.7,,,,
2026-08-17T23:20:00Z,2026-09-13T21:37:05Z,80,11.0,13.0,,,,,1015.5,26.5,26.7,,,,
2026-08-17T23:40:00Z,2026-09-13T21:37:05Z,80,11.0,13.0,,,,,1015.5,26.5,26.7,,,,
2026-08-17T23:50:00Z,2026-09-13T21:37:05Z,80,11.0,13.0,,,,,1015.4,26.5,,,,,
2026-08-18T00:00:00Z,2026-09-13T21:37:05Z,80,11.0,13.0,,,,,1015.2,26.5,26.7,,,-0.7,
2026-08-18T00:10:00Z,2026-09-13T21:37:05Z,80,10.0,14.0,,,,,1015.3,26.5,26.7,,,,
2026-08-18T00:20:00Z,2026-09-13T21:37:05Z,80,11.0,13.0,,,,,1015.1,26.5,26.7,,,,
2026-08-18T00:30:00Z,2026-09-13T21:37:05Z,80,11.0,13.0,,,,,1015.0,26.5,26.7,,,,
2026-08-18T00:40:00Z,2026-09-13T21:37:05Z,80,10.0,13.0,,,,,1014.9,26.5,26.7,,,,
2026-08-18T00:50:00Z,2026-09-13T21:37:05Z,80,10.0,14.0,,,,,1014.9,26.3,26.7,,,,
2026-08-18T01:00:00Z,2026-09-13T21:37:05Z,80,10.0,13.0,,,,,1014.8,25.7,26.7,,,-0.9,
2026-08-18T01:10:00Z,2026-09-13T21:37:05Z,80,10.0,13.0,,,,,1014.7,26.2,26.7,,,,
2026-08-18T01:20:00Z,2026-09-13T21:37:05Z,80,10.0,13.0,,,,,1014.6,26.5,26.7,,,,
2026-08-18T01:30:00Z,2026-09-13T21:37:05Z,80,10.0,13.0,,,,,1014.6,26.5,26.7,,,,
2026-08-18T01:40:00Z,2026-09-13T21:37:05Z,80,10.0,12.0,,,,,1014.6,26.1,26.7,,,,
2026-08-18T01:50:00Z,2026-09-13T21:37:05Z,80,10.0,12.0,,,,,1014.5,26.0,26.7,,,,
2026-08-18T02:00:00Z,2026-09-13T21:37:05Z,90,10.0,14.0,,,,,1014.7,25.5,26.7,,,-1.0,
2026-08-18T02:10:00Z,2026-09-13T21:37:05Z,90,10.0,12.0,,,,,1014.6,25.1,26.7,,,,
2026-08-18T02:20:00Z,2026-09-13T21:37:05Z,90,10.0,12.0,,,,,1014.6,24.9,26.7,,,,
2026-08-18T02:30:00Z,2026-09-13T21:37:05Z,80,9.0,13.0,,,,,1014.6,25.0,26.7,,,,
2026-08-18T02:40:00Z,2026-09-13T21:37:05Z,80,9.0,12.0,,,,,1014.5,25.1,26.7,,,,
2026-08-18T02:50:00Z,2026-09-13T21:37:05Z,90,9.0,11.0,,,,,1014.6,25.3,26.7,,,,
2026-08-18T03:00:00Z,2026-09-13T21:37:05Z,80,10.0,14.0,,,,,1014.7,25.4,26.7,,,-0.5,
2026-08-18T03:10:00Z,2026-09-13T21:37:05Z,80,9.0,12.0,,,,,1014.6,25.3,26.7,,,,
2026-08-18T03:20:00Z,2026-09-13T21:37:05Z,80,10.0,12.0,,,,,1014.6,25.3,26.7,,,,
2026-08-18T03:30:00Z,2026-09-13T21:37:05Z,80,9.0,12.0,,,,,1014.7,25.2,26.7,,,,
2026-08-18T03:40:00Z,2026-09-13T21:37:05Z,80,9.0,11.0,,,,,1014.7,25.3,26.7,,,,
2026-08-18T03:50:00Z,2026-09-13T21:37:05Z,80,8.0,12.0,,,,,1014.7,25.6,26.7,,,,
2026-08-18T04:00:00Z,2026-09-13T21:37:05Z,80,10.0,12.0,,,,,1014.7,25.8,26.7,,,+0.0,
2026-08-18T04:10:00Z,2026-09-13T21:37:05Z,80,10.0,12.0,,,,,1014.8,25.8,26.7,,,,
2026-08-18T04:20:00Z,2026-09-13T21:37:05Z,70,9.0,11.0,,,,,1014.8,25.7,,,,,
2026-08-18T04:30:00Z,2026-09-13T21:37:05Z,70,9.0,11.0,,,,,1014.9,25.7,,,,,
2026-08-18T04:40:00Z,2026-09-13T21:37:05Z,70,8.0,11.0,,,,,1015.0,25.8,26.7,,,,
2026-08-18T04:50:00Z,2026-09-13T21:37:05Z,70,8.0,10.0,,,,,1015.1,25.9,26.7,,,,
2026-08-18T05:00:00Z,2026-09-13T21:37:05Z,80,9.0,13.0,,,,,1015.1,25.4,26.7,,,+0.4,
2026-08-18T05:10:00Z,2026-09-13T21:37:05Z,80,8.0,11.0,,,,,1015.2,25.3,26.7,,,,
2026-08-18T05:20:00Z,2026-09-13T21:37:05Z,80,9.0,11.0,,,,,1015.3,25.5,26.7,,,,
2026-08-18T05:30:00Z,2026-09-13T21:37:05Z,80,8.0,11.0,,,,,1015.4,25.7,26.7,,,,
2026-08-18T05:40:00Z,2026-09-13T21:37:05Z,80,8.0,11.0,,,,,1015.5,25.7,26.7,,,,
2026-08-18T05:50:00Z,2026-09-13T21:37:05Z,70,8.0,10.0,,,,,1015.5,25.7,26.7,,,,
2026-08-18T06:00:00Z,2026-09-13T21:37:05Z,80,8.0,10.0,,,,,1015.5,25.7,26.7,,,+0.8,
2026-08-18T06:10:00Z,2026-09-13T21:37:05Z,80,8.0,10.0,,,,,1015.7,25.8,26.7,,,,
2026-08-18T06:20:00Z,2026-09-13T21:37:05Z,70,8.0,11.0,,,,,1015.7,25.7,26.7,,,,
2026-08-18T06:30:00Z,2026-09-13T21:37:05Z,70,8.0,10.0,,,,,1015.8,25.8,26.7,,,,
2026-08-18T06:40:00Z,2026-09-13T21:37:05Z,80,8.0,11.0,,,,,1015.9,25.9,26.7,,,,
2026-08-18T06:50:00Z,2026-09-13T21:37:05Z,80,9.0,11.0,,,,,1015.9,26.1,,,,,
2026-08-18T07:00:00Z,2026-09-13T21:37:05Z,80,9.0,11.0,,,,,1016.0,26.1,26.7,,,+1.3,
2026-08-18T07:10:00Z,2026-09-13T21:37:05Z,80,9.0,11.0,,,,,1016.1,26.0,26.7,,,,
2026-08-18T07:20:00Z,2026-09-13T21:37:05Z,80,9.0,11.0,,,,,1016.1,26.0,26.7,,,,
2026-08-18T07:30:00Z,2026-09-13T21:37:05Z,80,9.0,11.0,,,,,1016.3,26.0,26.7,,,,
2026-08-18T07:40:00Z,2026-09-13T21:37:05Z,80,9.0,12.0,,,,,1016.3,26.0,26.7,,,,
2026-08-18T07:50:00Z,2026-09-13T21:37:05Z,80,9.0,11.0,,,,,1016.4,25.9,26.7,,,,
2026-08-18T08:00:00Z,2026-09-13T21:37:05Z,80,9.0,11.0,,,,,1016.5,25.8,26.7,,,+1.4,
2026-08-18T08:10:00Z,2026-09-13T21:37:05Z,80,9.0,12.0,,,,,1016.5,25.8,26.7,,,,
2026-08-18T08:20:00Z,2026-09-13T21:37:05Z,80,9.0,12.0,,,,,1016.6,25.7,26.7,,,,
2026-08-18T08:30:00Z,2026-09-13T21:37:05Z,80,10.0,12.0,,,,,1016.6,25.7,26.7,,,,
2026-08-18T08:40:00Z,2026-09-13T21:37:05Z,80,9.0,11.0,,,,,1016.7,25.7,26.7,,,,
2026-08-18T08:50:00Z,2026-09-13T21:37:05Z,80,10.0,12.0,,,,,1016.7,25.7,26.7,,,,
2026-08-18T09:00:00Z,2026-09-13T21:37:05Z,90,9.0,11.0,,,,,1016.7,25.9,26.7,,,+1.2,
2026-08-18T09:10:00Z,2026-09-13T21:37:05Z,90,9.0,12.0,,,,,1016.7,25.9,26.7,,,,
2026-08-18T09:20:00Z,2026-09-13T21:37:05Z,90,9.0,11.0,,,,,1016.7,26.0,26.7,,,,
2026-08-18T09:30:00Z,2026-09-13T21:37:05Z,90,9.0,11.0,,,,,1016.7,26.1,26.7,,,,
2026-08-18T09:40:00Z,2026-09-13T21:37:05Z,90,9.0,11.0,,,,,1016.7,26.2,26.7,,,,
2026-08-18T09:50:00Z,2026-09-13T21:37:05Z,90,9.0,11.0,,,,,1016.7,26.2,26.7,,,,
2026-08-18T10:00:00Z,2026-09-13T21:37:05Z,80,9.0,11.0,,,,,1016.6,26.2,26.7,,,+0.6,
2026-08-18T10:10:00Z,2026-09-13T21:37:05Z,90,8.0,10.0,,,,,1016.7,26.2,26.7,,,,
2026-08-18T10:20:00Z,2026-09-13T21:37:05Z,90,8.0,10.0,,,,,1016.6,26.2,26.7,,,,
2026-08-18T10:30:00Z,2026-09-13T21:37:05Z,90,8.0,11.0,,,,,1016.5,26.2,26.7,,,,
2026-08-18T10:40:00Z,2026-09-13T21:37:05Z,80,8.0,10.0,,,,,1016.3,26.1,26.7,,,,
2026-08-18T10:50:00Z,2026-09-13T21:37:05Z,90,8.0,10.0,,,,,1016.3,26.1,26.7,,,,
2026-08-18T11:00:00Z,2026-09-13T21:37:05Z,80,8.0,10.0,,,,,1016.3,26.2,26.7,,,+0.0,
2026-08-18T11:10:00Z,2026-09-13T21:37:05Z,80,8.0,10.0,,,,,1016.2,26.3,26.7,,,,
2026-08-18T11:20:00Z,2026-09-13T21:37:05Z,90,8.0,10.0,,,,,1016.0,26.1,26.7,,,,
2026-08-18T11:30:00Z,2026-09-13T21:37:05Z,90,9.0,11.0,,,,,1015.9,26.3,26.7,,,,
2026-08-18T11:40:00Z,2026-09-13T21:37:05Z,100,9.0,11.0,,,,,1015.9,26.3,26.7,,,,
2026-08-18T11:50:00Z,2026-09-13T21:37:05Z,90,9.0,11.0,,,,,1015.7,26.3,26.7,,,,
2026-08-18T12:00:00Z,2026-09-13T21:37:05Z,90,9.0,11.0,,,,,1015.7,26.2,26.7,,,-1.0,
2026-08-18T12:10:00Z,2026-09-13T21:37:05Z,100,8.0,11.0,,,,,1015.6,26.2,26.7,,,,
2026-08-18T12:20:00Z,2026-09-13T21:37:05Z,100,9.0,11.0,,,,,1015.5,26.0,26.7,,,,
2026-08-18T12:30:00Z,2026-09-13T21:37:05Z,100,8.0,10.0,,,,,1015.5,26.2,26.7,,,,
2026-08-18T12:40:00Z,2026-09-13T21:37:05Z,90,8.0,10.0,,,,,1015.4,26.3,26.7,,,,
2026-08-18T12:50:00Z,2026-09-13T21:37:05Z,90,9.0,11.0,,,,,1015.4,26.2,,,,,
2026-08-18T13:00:00Z,2026-09-13T21:37:05Z,100,9.0,11.0,,,,,1015.3,26.3,26.6,,,-1.3,
2026-08-18T13:10:00Z,2026-09-13T21:37:05Z,90,9.0,10.0,,,,,1015.3,26.2,26.6,,,,
2026-08-18T13:20:00Z,2026-09-13T21:37:05Z,90,9.0,11.0,,,,,1015.3,26.2,26.6,,,,
2026-08-18T13:30:00Z,2026-09-13T21:37:05Z,90,9.0,10.0,,,,,1015.3,26.2,26.6,,,,
2026-08-18T13:40:00Z,2026-09-13T21:37:05Z,90,9.0,11.0,,,,,1015.3,26.2,26.6,,,,
2026-08-18T13:50:00Z,2026-09-13T21:37:05Z,100,9.0,11.0,,,,,1015.3,26.2,26.6,,,,
2026-08-18T14:00:00Z,2026-09-13T21:37:05Z,90,9.0,11.0,,,,,1015.3,26.2,26.6,,,-1.0,
2026-08-18T14:10:00Z,2026-09-13T21:37:05Z,90,9.0,11.0,,,,,1015.2,26.2,26.6,,,,
2026-08-18T14:20:00Z,2026-09-13T21:37:05Z,90,9.0,11.0,,,,,1015.2,26.2,26.6,,,,
2026-08-18T14:30:00Z,2026-09-13T21:37:05Z,90,9.0,11.0,,,,,1015.1,26.2,26.6,,,,
2026-08-18T14:40:00Z,2026-09-13T21:37:05Z,90,9.0,11.0,,,,,1015.2,26.2,26.6,,,,
2026-08-18T14:50:00Z,2026-09-13T21:37:05Z,80,9.0,11.0,,,,,1015.2,26.0,26.6,,,,
2026-08-18T15:00:00Z,2026-09-13T21:37:05Z,90,10.0,12.0,,,,,1015.2,26.0,26.6,,,-0.5,
2026-08-18T15:10:00Z,2026-09-13T21:37:05Z,100,9.0,11.0,,,,,1015.3,25.5,26.6,,,,
2026-08-18T15:20:00Z,2026-09-13T21:37:05Z,100,9.0,11.0,,,,,1015.2,25.6,,,,,
2026-08-18T15:30:00Z,2026-09-13T21:37:05Z,100,9.0,11.0,,,,,1015.4,25.7,26.6,,,,
2026-08-18T15:40:00Z,2026-09-13T21:37:05Z,100,9.0,12.0,,,,,1015.5,25.6,26.6,,,,
2026-08-18T15:50:00Z,2026-09-13T21:37:05Z,100,10.0,12.0,,,,,1015.5,25.4,26.6,,,,
2026-08-18T16:00:00Z,2026-09-13T21:37:05Z,100,10.0,11.0,,,,,1015.6,25.4,26.6,,,+0.3,
2026-08-18T16:10:00Z,2026-09-13T21:37:05Z,100,9.0,11.0,,,,,1015.6,25.6,26.6,,,,
2026-08-18T16:20:00Z,2026-09-13T21:37:05Z,90,9.0,11.0,,,,,1015.6,25.5,,,,,
2026-08-18T16:30:00Z,2026-09-13T21:37:05Z,90,9.0,12.0,,,,,1015.6,25.7,26.6,,,,
2026-08-18T16:40:00Z,2026-09-13T21:37:05Z,100,9.0,12.0,,,,,1015.5,26.0,26.6,,,,
2026-08-18T16:50:00Z,2026-09-13T21:37:05Z,100,10.0,12.0,,,,,1015.6,25.8,26.6,,,,
2026-08-18T17:00:00Z,2026-09-13T21:37:05Z,90,9.0,12.0,,,,,1015.8,25.8,26.6,,,+0.5,
2026-08-18T17:10:00Z,2026-09-13T21:37:05Z,90,9.0,11.0,,,,,1015.8,26.0,26.6,,,,
2026-08-18T17:20:00Z,2026-09-13T21:37:05Z,90,9.0,11.0,,,,,1015.9,26.1,,,,,
2026-08-18T17:30:00Z,2026-09-13T21:37:05Z,90,9.0,11.0,,,,,1015.9,26.0,26.6,,,,
2026-08-18T17:40:00Z,2026-09-13T21:37:05Z,90,9.0,12.0,,,,,1016.0,25.9,26.6,,,,
2026-08-18T17:50:00Z,2026-09-13T21:37:05Z,90,10.0,12.0,,,,,1016.1,25.5,26.6,,,,
2026-08-18T18:00:00Z,2026-09-13T21:37:05Z,90,9.0,12.0,,,,,1016.2,25.9,26.6,,,+1.0,
2026-08-18T18:10:00Z,2026-09-13T21:37:05Z,100,9.0,11.0,,,,,1016.2,26.1,26.6,,,,
2026-08-18T18:20:00Z,2026-09-13T21:37:05Z,100,9.0,13.0,,,,,1016.3,26.0,26.6,,,,
2026-08-18T18:30:00Z,2026-09-13T21:37:05Z,100,9.0,11.0,,,,,1016.6,25.1,26.6,,,,
2026-08-18T18:40:00Z,2026-09-13T21:37:05Z,100,8.0,10.0,,,,,1016.6,25.3,26.6,,,,
2026-08-18T18:50:00Z,2026-09-13T21:37:05Z,,8.0,10.0,,,,,,25.3,26.6,,,,
2026-08-18T19:00:00Z,2026-09-13T21:37:05Z,120,9.0,12.0,,,,,1016.6,25.3,26.6,,,+1.0,
2026-08-18T19:10:00Z,2026-09-13T21:37:05Z,110,7.0,9.0,,,,,1016.6,25.6,26.6,,,,
2026-08-18T19:20:00Z,2026-09-13T21:37:05Z,100,8.0,10.0,,,,,1016.6,26.2,26.6,,,,
2026-08-18T19:30:00Z,2026-09-13T21:37:05Z,100,8.0,10.0,,,,,1016.7,26.3,26.6,,,,
2026-08-18T19:40:00Z,2026-09-13T21:37:05Z,100,8.0,11.0,,,,,1016.8,26.1,26.6,,,,
2026-08-18T19:50:00Z,2026-09-13T21:37:05Z,100,8.0,9.0,,,,,1016.8,26.2,26.6,,,,
2026-08-18T20:00:00Z,2026-09-13T21:37:05Z,100,8.0,11.0,,,,,1016.8,26.2,26.6,,,+1.0,
2026-08-18T20:10:00Z,2026-09-13T21:37:05Z,100,8.0,10.0,,,,,1016.9,26.1,26.6,,,,
2026-08-18T20:20:00Z,2026-09-13T21:37:05Z,100,9.0,10.0,,,,,1016.9,26.2,26.6,,,,
2026-08-18T20:30:00Z,2026-09-13T21:37:05Z,100,8.0,10.0,,,,,1016.9,26.2,26.6,,,,
2026-08-18T20:40:00Z,2026-09-13T21:37:05Z,100,8.0,11.0,,,,,1016.9,26.1,26.6,,,,
2026-08-18T20:50:00Z,2026-09-13T21:37:05Z,90,8.0,10.0,,,,,1016.9,26.3,26.7,,,,
2026-08-18T21:00:00Z,2026-09-13T21:37:05Z,100,8.0,10.0,,,,,1016.8,26.3,26.7,,,+0.6,
2026-08-18T21:10:00Z,2026-09-13T21:37:05Z,100,8.0,10.0,,,,,1016.9,26.2,26.7,,,,
2026-08-18T21:20:00Z,2026-09-13T21:37:05Z,100,8.0,10.0,,,,,1016.8,26.3,26.7,,,,
2026-08-18T21:30:00Z,2026-09-13T21:37:05Z,100,8.0,10.0,,,,,1016.8,26.3,26.7,,,,
2026-08-18T21:40:00Z,2026-09-13T21:37:05Z,100,8.0,10.0,,,,,1016.7,26.3,26.7,,,,
2026-08-18T21:50:00Z,2026-09-13T21:37:05Z,100,8.0,10.0,,,,,1016.7,26.3,26.7,,,,
2026-08-18T22:00:00Z,2026-09-13T21:37:05Z,100,8.0,10.0,,,,,1016.7,26.3,26.7,,,+0.0,
2026-08-18T22:10:00Z,2026-09-13T21:37:05Z,100,8.0,10.0,,,,,1016.6,26.4,26.7,,,,
2026-08-18T22:20:00Z,2026-09-13T21:37:05Z,100,8.0,10.0,,,,,1016.6,26.3,26.7,,,,
2026-08-18T22:30:00Z,2026-09-13T21:37:05Z,100,8.0,10.0,,,,,1016.6,26.3,26.7,,,,
2026-08-18T22:40:00Z,2026-09-13T21:37:05Z,100,8.0,10.0,,,,,1016.5,26.4,26.7,,,,
2026-08-18T22:50:00Z,2026-09-13T21:37:05Z,100,8.0,10.0,,,,,1016.4,26.3,26.7,,,,
2026-08-18T23:00:00Z,2026-09-13T21:37:05Z,100,8.0,10.0,,,,,1016.3,26.3,26.8,,,-0.5,
2026-08-18T23:10:00Z,2026-09-13T21:37:05Z,100,8.0,10.0,,,,,1016.2,26.3,26.7,,,,
2026-08-18T23:20:00Z,2026-09-13T21:37:05Z,100,8.0,10.0,,,,,1016.2,26.3,26.7,,,,
2026-08-18T23:30:00Z,2026-09-13T21:37:05Z,100,8.0,10.0,,,,,1016.1,26.3,26.8,,,,
2026-08-18T23:40:00Z,2026-09-13T21:37:05Z,90,8.0,10.0,,,,,1016.1,26.3,26.8,,,,
2026-08-18T23:50:00Z,2026-09-13T21:37:05Z,90,8.0,10.0,,,,,1016.2,26.3,26.8,,,,
2026-08-19T00:00:00Z,2026-09-13T21:37:05Z,90,8.0,10.0,,,,,1016.2,26.3,26.8,,,-0.6,
2026-08-19T00:10:00Z,2026-09-13T21:37:05Z,100,8.0,10.0,,,,,1016.1,26.3,26.8,,,,
2026-08-19T00:20:00Z,2026-09-13T21:37:05Z,90,8.0,10.0,,,,,1016.0,26.3,26.8,,,,
2026-08-19T00:30:00Z,2026-09-13T21:37:05Z,90,8.0,10.0,,,,,1016.0,26.3,26.8,,,,
2026-08-19T00:40:00Z,2026-09-13T21:37:05Z,90,8.0,10.0,,,,,1016.0,26.4,26.8,,,,
2026-08-19T00:50:00Z,2026-09-13T21:37:05Z,90,8.0,10.0,,,,,1016.0,26.3,26.8,,,,
2026-08-19T01:00:00Z,2026-09-13T21:37:05Z,90,8.0,10.0,,,,,1016.0,26.4,26.8,,,-0.7,
2026-08-19T01:10:00Z,2026-09-13T21:37:05Z,90,8.0,10.0,,,,,1016.0,26.4,26.8,,,,
2026-08-19T01:20:00Z,2026-09-13T21:37:05Z,90,8.0,10.0,,,,,1016.0,26.3,26.8,,,,
2026-08-19T01:30:00Z,2026-09-13T21:37:05Z,90,8.0,10.0,,,,,1016.0,26.3,26.8,,,,
2026-08-19T01:40:00Z,2026-09-13T21:37:05Z,90,8.0,11.0,,,,,1016.0,26.3,26.8,,,,
2026-08-19T01:50:00Z,2026-09-13T21:37:05Z,90,8.0,10.0,,,,,1015.9,26.3,26.8,,,,
2026-08-19T02:00:00Z,2026-09-13T21:37:05Z,90,8.0,11.0,,,,,1015.8,26.3,26.8,,,-0.5,
2026-08-19T02:10:00Z,2026-09-13T21:37:05Z,90,9.0,11.0,,,,,1015.7,26.3,26.8,,,,
2026-08-19T02:20:00Z,2026-09-13T21:37:05Z,90,8.0,10.0,,,,,1015.6,26.3,26.8,,,,
2026-08-19T02:30:00Z,2026-09-13T21:37:05Z,90,8.0,10.0,,,,,1015.6,26.2,26.8,,,,
2026-08-19T02:40:00Z,2026-09-13T21:37:05Z,100,9.0,11.0,,,,,1015.6,26.1,26.8,,,,
2026-08-19T02:50:00Z,2026-09-13T21:37:05Z,100,8.0,10.0,,,,,1015.6,26.1,26.8,,,,
2026-08-19T03:00:00Z,2026-09-13T21:37:05Z,90,8.0,10.0,,,,,1015.6,26.3,26.8,,,-0.6,
2026-08-19T03:10:00Z,2026-09-13T21:37:05Z,90,9.0,11.0,,,,,1015.5,26.3,26.8,,,,
2026-08-19T03:20:00Z,2026-09-13T21:37:05Z,90,8.0,10.0,,,,,1015.7,26.3,26.8,,,,
2026-08-19T03:30:00Z,2026-09-13T21:37:05Z,90,8.0,10.0,,,,,1015.6,26.3,26.8,,,,
2026-08-19T03:40:00Z,2026-09-13T21:37:05Z,90,8.0,10.0,,,,,1015.7,26.3,26.8,,,,
2026-08-19T03:50:00Z,2026-09-13T21:37:05Z,100,8.0,10.0,,,,,1015.8,26.3,26.8,,,,
2026-08-19T04:00:00Z,2026-09-13T21:37:05Z,90,8.0,10.0,,,,,1015.8,26.3,26.8,,,+0.0,
2026-08-19T04:10:00Z,2026-09-13T21:37:05Z,90,8.0,10.0,,,,,1015.9,26.3,26.8,,,,
2026-08-19T04:20:00Z,2026-09-13T21:37:05Z,90,8.0,10.0,,,,,1015.9,26.3,26.8,,,,
2026-08-19T04:30:00Z,2026-09-13T21:37:05Z,90,8.0,10.0,,,,,1016.0,26.3,26.8,,,,
2026-08-19T04:40:00Z,2026-09-13T21:37:05Z,90,8.0,10.0,,,,,1016.0,26.2,26.8,,,,
2026-08-19T04:50:00Z,2026-09-13T21:37:05Z,90,8.0,10.0,,,,,1016.1,26.2,26.8,,,,
2026-08-19T05:00:00Z,2026-09-13T21:37:05Z,100,9.0,11.0,,,,,1016.1,26.2,26.8,,,+0.3,
2026-08-19T05:10:00Z,2026-09-13T21:37:05Z,90,8.0,10.0,,,,,1016.1,26.2,26.7,,,,
2026-08-19T05:20:00Z,2026-09-13T21:37:05Z,100,8.0,10.0,,,,,1016.3,26.3,26.7,,,,
2026-08-19T05:30:00Z,2026-09-13T21:37:05Z,100,8.0,10.0,,,,,1016.4,26.2,26.7,,,,
2026-08-19T05:40:00Z,2026-09-13T21:37:05Z,90,8.0,10.0,,,,,1016.4,26.2,26.7,,,,
2026-08-19T05:50:00Z,2026-09-13T21:37:05Z,100,8.0,9.0,,,,,1016.5,26.2,26.7,,,,
2026-08-19T06:00:00Z,2026-09-13T21:37:05Z,90,8.0,10.0,,,,,1016.5,26.2,26.7,,,+0.9,
2026-08-19T06:10:00Z,2026-09-13T21:37:05Z,90,8.0,10.0,,,,,1016.6,26.2,26.7,,,,
2026-08-19T06:20:00Z,2026-09-13T21:37:05Z,90,8.0,10.0,,,,,1016.7,26.2,26.7,,,,
2026-08-19T06:30:00Z,2026-09-13T21:37:05Z,90,8.0,10.0,,,,,1016.8,26.2,26.7,,,,
2026-08-19T06:40:00Z,2026-09-13T21:37:05Z,90,8.0,10.0,,,,,1016.9,26.2,26.7,,,,
2026-08-19T06:50:00Z,2026-09-13T21:37:05Z,,7.0,9.0,,,,,,26.3,26.7,,,,
2026-08-19T07:00:00Z,2026-09-13T21:37:05Z,90,8.0,10.0,,,,,1017.2,26.3,26.7,,,+1.4,
2026-08-19T07:10:00Z,2026-09-13T21:37:05Z,90,8.0,10.0,,,,,1017.3,26.3,26.7,,,,
2026-08-19T07:20:00Z,2026-09-13T21:37:05Z,,8.0,10.0,,,,,,26.3,26.7,,,,
2026-08-19T07:30:00Z,2026-09-13T21:37:05Z,100,8.0,9.0,,,,,1017.4,26.3,26.7,,,,
2026-08-19T07:40:00Z,2026-09-13T21:37:05Z,90,8.0,11.0,,,,,1017.4,26.3,26.7,,,,
2026-08-19T07:50:00Z,2026-09-13T21:37:05Z,100,8.0,10.0,,,,,1017.5,,26.7,,,,
2026-08-19T08:00:00Z,2026-09-13T21:37:05Z,100,8.0,11.0,,,,,1017.5,26.2,26.7,,,+1.4,
2026-08-19T08:10:00Z,2026-09-13T21:37:05Z,100,8.0,10.0,,,,,1017.3,26.2,26.7,,,,
2026-08-19T08:20:00Z,2026-09-13T21:37:05Z,100,8.0,10.0,,,,,1017.4,26.2,26.7,,,,
2026-08-19T08:30:00Z,2026-09-13T21:37:05Z,100,8.0,9.0,,,,,1017.4,26.2,26.7,,,,
2026-08-19T08:40:00Z,2026-09-13T21:37:05Z,90,8.0,11.0,,,,,1017.3,26.2,26.7,,,,
2026-08-19T08:50:00Z,2026-09-13T21:37:05Z,100,8.0,10.0,,,,,1017.4,26.2,26.7,,,,
2026-08-19T09:00:00Z,2026-09-13T21:37:05Z,90,8.0,10.0,,,,,1017.3,26.2,26.7,,,+0.8,
2026-08-19T09:10:00Z,2026-09-13T21:37:05Z,90,9.0,10.0,,,,,1017.3,26.2,26.7,,,,
2026-08-19T09:20:00Z,2026-09-13T21:37:05Z,90,9.0,10.0,,,,,1017.2,26.2,26.7,,,,
2026-08-19T09:30:00Z,2026-09-13T21:37:05Z,90,8.0,10.0,,,,,1017.2,26.2,26.7,,,,
2026-08-19T09:40:00Z,2026-09-13T21:37:05Z,90,8.0,10.0,,,,,1017.2,26.2,26.7,,,,
2026-08-19T09:50:00Z,2026-09-13T21:37:05Z,90,8.0,10.0,,,,,1017.1,26.2,26.7,,,,
2026-08-19T10:00:00Z,2026-09-13T21:37:05Z,90,8.0,10.0,,,,,1017.0,26.1,26.7,,,+0.0,
2026-08-19T10:10:00Z,2026-09-13T21:37:05Z,90,8.0,11.0,,,,,1017.0,26.1,26.7,,,,
2026-08-19T10:20:00Z,2026-09-13T21:37:05Z,90,8.0,10.0,,,,,1017.0,26.0,26.7,,,,
2026-08-19T10:30:00Z,2026-09-13T21:37:05Z,100,8.0,10.0,,,,,1016.9,26.1,26.7,,,,
2026-08-19T10:40:00Z,2026-09-13T21:37:05Z,90,8.0,10.0,,,,,1016.9,26.1,26.7,,,,
2026-08-19T10:50:00Z,2026-09-13T21:37:05Z,90,8.0,10.0,,,,,1016.9,26.0,26.7,,,,
2026-08-19T11:00:00Z,2026-09-13T21:37:05Z,90,8.0,10.0,,,,,1016.8,26.1,,,,-0.7,
2026-08-19T11:10:00Z,2026-09-13T21:37:05Z,90,8.0,10.0,,,,,1016.7,26.0,26.7,,,,
2026-08-19T11:20:00Z,2026-09-13T21:37:05Z,90,8.0,10.0,,,,,1016.6,26.0,,,,,
2026-08-19T11:30:00Z,2026-09-13T21:37:05Z,90,8.0,10.0,,,,,1016.6,26.0,26.7,,,,
2026-08-19T11:40:00Z,2026-09-13T21:37:05Z,90,8.0,10.0,,,,,1016.5,26.0,26.7,,,,
2026-08-19T11:50:00Z,2026-09-13T21:37:05Z,90,8.0,10.0,,,,,1016.2,26.0,26.7,,,,
2026-08-19T12:00:00Z,2026-09-13T21:37:05Z,90,8.0,10.0,,,,,1016.1,26.0,26.7,,,-1.2,
2026-08-19T12:10:00Z,2026-09-13T21:37:05Z,90,8.0,9.0,,,,,1016.0,25.9,26.7,,,,
2026-08-19T12:20:00Z,2026-09-13T21:37:05Z,90,8.0,9.0,,,,,1015.9,26.0,26.7,,,,
2026-08-19T12:30:00Z,2026-09-13T21:37:05Z,90,8.0,10.0,,,,,1015.9,25.9,26.7,,,,
2026-08-19T12:40:00Z,2026-09-13T21:37:05Z,90,8.0,10.0,,,,,1016.0,26.0,26.7,,,,
2026-08-19T12:50:00Z,2026-09-13T21:37:05Z,90,8.0,9.0,,,,,1015.9,26.0,26.7,,,,
2026-08-19T13:00:00Z,2026-09-13T21:37:05Z,90,8.0,10.0,,,,,1015.8,26.0,26.7,,,-1.2,
2026-08-19T13:10:00Z,2026-09-13T21:37:05Z,90,8.0,10.0,,,,,1015.8,25.9,26.7,,,,
2026-08-19T13:20:00Z,2026-09-13T21:37:05Z,90,8.0,10.0,,,,,1015.9,25.9,26.7,,,,
2026-08-19T13:30:00Z,2026-09-13T21:37:05Z,90,8.0,10.0,,,,,1015.8,25.9,26.7,,,,
2026-08-19T13:40:00Z,2026-09-13T21:37:05Z,90,8.0,9.0,,,,,1015.8,26.0,26.7,,,,
2026-08-19T13:50:00Z,2026-09-13T21:37:05Z,90,8.0,10.0,,,,,1015.9,26.0,26.7,,,,
2026-08-19T14:00:00Z,2026-09-13T21:37:05Z,80,8.0,10.0,,,,,1015.9,25.9,26.7,,,-0.9,
2026-08-19T14:10:00Z,2026-09-13T21:37:05Z,80,8.0,10.0,,,,,1015.9,25.9,26.7,,,,
2026-08-19T14:20:00Z,2026-09-13T21:37:05Z,80,8.0,10.0,,,,,1016.0,25.9,26.7,,,,
2026-08-19T14:30:00Z,2026-09-13T21:37:05Z,80,8.0,10.0,,,,,1015.9,26.0,26.7,,,,
2026-08-19T14:40:00Z,2026-09-13T21:37:05Z,80,8.0,10.0,,,,,1016.0,25.9,26.7,,,,
2026-08-19T14:50:00Z,2026-09-13T21:37:05Z,90,8.0,10.0,,,,,1016.0,25.9,26.7,,,,
2026-08-19T15:00:00Z,2026-09-13T21:37:05Z,90,8.0,10.0,,,,,1016.2,25.9,26.7,,,-0.0,
2026-08-19T15:10:00Z,2026-09-13T21:37:05Z,90,8.0,9.0,,,,,1016.2,25.9,26.7,,,,
2026-08-19T15:20:00Z,2026-09-13T21:37:05Z,90,8.0,10.0,,,,,1016.2,25.9,26.7,,,,
2026-08-19T15:30:00Z,2026-09-13T21:37:05Z,90,8.0,10.0,,,,,1016.4,25.9,26.7,,,,
2026-08-19T15:40:00Z,2026-09-13T21:37:05Z,90,8.0,10.0,,,,,1016.4,25.9,26.7,,,,
2026-08-19T15:50:00Z,2026-09-13T21:37:05Z,90,8.0,10.0,,,,,1016.6,25.9,26.7,,,,
2026-08-19T16:00:00Z,2026-09-13T21:37:05Z,90,7.0,10.0,,,,,1016.6,26.0,26.7,,,+0.8,
2026-08-19T16:10:00Z,2026-09-13T21:37:05Z,90,8.0,10.0,,,,,1016.6,25.9,26.7,,,,
2026-08-19T16:20:00Z,2026-09-13T21:37:05Z,90,7.0,9.0,,,,,1016.7,25.9,26.7,,,,
2026-08-19T16:30:00Z,2026-09-13T21:37:05Z,100,7.0,10.0,,,,,1016.8,26.0,26.7,,,,
2026-08-19T16:40:00Z,2026-09-13T21:37:05Z,90,7.0,9.0,,,,,1017.0,26.0,26.7,,,,
2026-08-19T16:50:00Z,2026-09-13T21:37:05Z,90,7.0,8.0,,,,,1017.1,25.9,26.7,,,,
2026-08-19T17:00:00Z,2026-09-13T21:37:05Z,90,7.0,9.0,,,,,1017.2,25.9,26.7,,,+1.3,
2026-08-19T17:10:00Z,2026-09-13T21:37:05Z,90,7.0,9.0,,,,,1017.3,26.0,26.7,,,,
2026-08-19T17:20:00Z,2026-09-13T21:37:05Z,80,8.0,11.0,,,,,1017.3,25.9,26.7,,,,
2026-08-19T17:30:00Z,2026-09-13T21:37:05Z,70,7.0,11.0,,,,,1017.5,25.1,26.7,,,,
2026-08-19T17:40:00Z,2026-09-13T21:37:05Z,80,8.0,10.0,,,,,1017.5,25.6,26.7,,,,
2026-08-19T17:50:00Z,2026-09-13T21:37:05Z,80,8.0,10.0,,,,,1017.6,25.9,26.7,,,,
2026-08-19T18:00:00Z,2026-09-13T21:37:05Z,80,8.0,10.0,,,,,1017.6,25.9,26.7,,,+1.4,
2026-08-19T18:10:00Z,2026-09-13T21:37:05Z,80,8.0,10.0,,,,,1017.7,25.9,26.7,,,,
2026-08-19T18:20:00Z,2026-09-13T21:37:05Z,80,8.0,10.0,,,,,1017.8,26.0,26.7,,,,
2026-08-19T18:30:00Z,2026-09-13T21:37:05Z,80,8.0,10.0,,,,,1017.8,26.0,26.7,,,,
2026-08-19T18:40:00Z,2026-09-13T21:37:05Z,80,8.0,10.0,,,,,1017.8,26.0,26.7,,,,
2026-08-19T18:50:00Z,2026-09-13T21:37:05Z,80,8.0,10.0,,,,,1017.7,26.0,26.7,,,,
2026-08-19T19:00:00Z,2026-09-13T21:37:05Z,90,8.0,10.0,,,,,1017.7,26.0,26.7,,,+1.1,
2026-08-19T19:10:00Z,2026-09-13T21:37:05Z,90,8.0,11.0,,,,,1017.8,26.0,26.7,,,,
2026-08-19T19:20:00Z,2026-09-13T21:37:05Z,80,8.0,10.0,,,,,1017.8,26.0,,,,,
2026-08-19T19:30:00Z,2026-09-13T21:37:05Z,80,8.0,10.0,,,,,1017.9,26.0,26.7,,,,
2026-08-19T19:40:00Z,2026-09-13T21:37:05Z,80,8.0,10.0,,,,,1017.9,26.0,26.7,,,,
2026-08-19T19:50:00Z,2026-09-13T21:37:05Z,80,8.0,10.0,,,,,1018.0,,26.7,,,,
2026-08-19T20:00:00Z,2026-09-13T21:37:05Z,80,8.0,10.0,,,,,1018.0,26.0,26.7,,,+0.8,
2026-08-19T20:10:00Z,2026-09-13T21:37:05Z,80,8.0,10.0,,,,,1018.0,26.0,26.7,,,,
2026-08-19T20:20:00Z,2026-09-13T21:37:05Z,90,8.0,10.0,,,,,1018.0,26.0,26.7,,,,
2026-08-19T20:30:00Z,2026-09-13T21:37:05Z,90,9.0,10.0,,,,,1017.9,26.0,26.7,,,,
2026-08-19T20:40:00Z,2026-09-13T21:37:05Z,90,8.0,9.0,,,,,1017.9,26.1,26.7,,,,
2026-08-19T20:50:00Z,2026-09-13T21:37:05Z,90,8.0,10.0,,,,,1017.9,26.1,26.7,,,,
2026-08-19T21:00:00Z,2026-09-13T21:37:05Z,90,8.0,10.0,,,,,1018.0,26.1,26.7,,,+0.4,
2026-08-19T21:10:00Z,2026-09-13T21:37:05Z,90,8.0,10.0,,,,,1018.0,26.1,26.7,,,,
2026-08-19T21:20:00Z,2026-09-13T21:37:05Z,80,8.0,10.0,,,,,1018.0,26.1,26.7,,,,
2026-08-19T21:30:00Z,2026-09-13T21:37:05Z,90,8.0,10.0,,,,,1018.1,26.1,26.7,,,,
2026-08-19T21:40:00Z,2026-09-13T21:37:05Z,90,8.0,9.0,,,,,1018.0,26.1,26.7,,,,
2026-08-19T21:50:00Z,2026-09-13T21:37:05Z,80,8.0,10.0,,,,,1017.9,26.1,26.7,,,,
2026-08-19T22:00:00Z,2026-09-13T21:37:05Z,90,7.0,9.0,,,,,1017.9,26.2,26.7,,,+0.0,
2026-08-19T22:10:00Z,2026-09-13T21:37:05Z,90,7.0,9.0,,,,,1017.8,26.2,26.7,,,,
2026-08-19T22:20:00Z,2026-09-13T21:37:05Z,90,7.0,9.0,,,,,1017.8,26.2,26.7,,,,
2026-08-19T22:30:00Z,2026-09-13T21:37:05Z,90,8.0,9.0,,,,,1017.7,26.1,26.7,,,,
2026-08-19T22:40:00Z,2026-09-13T21:37:05Z,90,7.0,9.0,,,,,1017.7,26.2,26.7,,,,
2026-08-19T22:50:00Z,2026-09-13T21:37:05Z,90,7.0,9.0,,,,,1017.6,26.2,26.7,,,,
2026-08-19T23:00:00Z,2026-09-13T21:37:05Z,90,7.0,9.0,,,,,1017.6,26.2,26.7,,,-0.4,
2026-08-19T23:10:00Z,2026-09-13T21:37:05Z,90,7.0,9.0,,,,,1017.4,26.2,26.8,,,,
2026-08-19T23:20:00Z,2026-09-13T21:37:05Z,90,8.0,9.0,,,,,1017.4,26.2,26.7,,,,
2026-08-19T23:40:00Z,2026-09-13T21:37:05Z,90,7.0,9.0,,,,,1017.4,26.2,26.8,,,,
2026-08-19T23:50:00Z,2026-09-13T21:37:05Z,90,8.0,9.0,,,,,1017.3,26.2,26.8,,,,
2026-08-20T00:00:00Z,2026-09-13T21:37:05Z,90,7.0,9.0,,,,,1017.2,26.2,26.8,,,-0.8,
2026-08-20T00:10:00Z,2026-09-13T21:37:05Z,90,7.0,9.0,,,,,1017.1,26.2,26.8,,,,
2026-08-20T00:20:00Z,2026-09-13T21:37:05Z,90,7.0,9.0,,,,,1017.0,26.2,26.8,,,,
2026-08-20T00:30:00Z,2026-09-13T21:37:05Z,80,7.0,9.0,,,,,1016.8,26.2,26.8,,,,
2026-08-20T00:40:00Z,2026-09-13T21:37:05Z,90,7.0,9.0,,,,,1016.7,26.2,26.8,,,,
2026-08-20T00:50:00Z,2026-09-13T21:37:05Z,90,7.0,8.0,,,,,1016.7,26.2,26.8,,,,
2026-08-20T01:00:00Z,2026-09-13T21:37:05Z,90,7.0,8.0,,,,,1016.5,26.2,26.8,,,-1.4,
2026-08-20T01:10:00Z,2026-09-13T21:37:05Z,90,7.0,9.0,,,,,1016.5,26.2,26.8,,,,
2026-08-20T01:20:00Z,2026-09-13T21:37:05Z,90,7.0,8.0,,,,,1016.6,26.2,26.8,,,,
2026-08-20T01:30:00Z,2026-09-13T21:37:05Z,90,6.0,8.0,,,,,1016.6,26.3,,,,,
2026-08-20T01:40:00Z,2026-09-13T21:37:05Z,90,6.0,8.0,,,,,1016.4,26.2,26.8,,,,
2026-08-20T01:50:00Z,2026-09-13T21:37:05Z,80,7.0,8.0,,,,,1016.4,26.2,26.8,,,,
2026-08-20T02:00:00Z,2026-09-13T21:37:05Z,80,7.0,8.0,,,,,1016.2,26.2,26.8,,,-1.4,
2026-08-20T02:10:00Z,2026-09-13T21:37:05Z,80,7.0,8.0,,,,,1016.1,26.2,26.8,,,,
2026-08-20T02:20:00Z,2026-09-13T21:37:05Z,80,7.0,9.0,,,,,1016.1,26.2,26.8,,,,
2026-08-20T02:30:00Z,2026-09-13T21:37:05Z,80,7.0,9.0,,,,,1016.1,26.3,26.8,,,,
2026-08-20T02:40:00Z,2026-09-13T21:37:05Z,80,7.0,8.0,,,,,1016.2,26.3,26.8,,,,
2026-08-20T02:50:00Z,2026-09-13T21:37:05Z,90,7.0,8.0,,,,,1016.1,26.3,26.8,,,,
2026-08-20T03:00:00Z,2026-09-13T21:37:05Z,90,6.0,8.0,,,,,1016.1,26.3,26.8,,,-1.1,
2026-08-20T03:10:00Z,2026-09-13T21:37:05Z,90,6.0,8.0,,,,,1016.1,26.4,26.8,,,,
2026-08-20T03:20:00Z,2026-09-13T21:37:05Z,90,6.0,8.0,,,,,1016.1,26.3,26.8,,,,
2026-08-20T03:30:00Z,2026-09-13T21:37:05Z,80,7.0,8.0,,,,,1016.1,26.3,26.8,,,,
2026-08-20T03:40:00Z,2026-09-13T21:37:05Z,90,7.0,8.0,,,,,1016.1,26.3,26.8,,,,
2026-08-20T03:50:00Z,2026-09-13T21:37:05Z,90,6.0,8.0,,,,,1016.1,26.3,26.8,,,,
2026-08-20T04:00:00Z,2026-09-13T21:37:05Z,90,7.0,8.0,,,,,1016.1,26.3,,,,-0.4,
2026-08-20T04:10:00Z,2026-09-13T21:37:05Z,80,7.0,9.0,,,,,1016.1,26.3,26.8,,,,
2026-08-20T04:20:00Z,2026-09-13T21:37:05Z,90,7.0,8.0,,,,,1016.1,26.3,26.8,,,,
2026-08-20T04:30:00Z,2026-09-13T21:37:05Z,80,6.0,8.0,,,,,1016.2,26.3,26.8,,,,
2026-08-20T04:40:00Z,2026-09-13T21:37:05Z,90,6.0,8.0,,,,,1016.3,26.3,26.8,,,,
2026-08-20T04:50:00Z,2026-09-13T21:37:05Z,80,7.0,9.0,,,,,1016.3,26.2,26.8,,,,
2026-08-20T05:00:00Z,2026-09-13T21:37:05Z,80,7.0,9.0,,,,,1016.2,26.1,26.8,,,+0.0,
2026-08-20T05:10:00Z,2026-09-13T21:37:05Z,80,7.0,9.0,,,,,1016.1,26.1,26.8,,,,
2026-08-20T05:20:00Z,2026-09-13T21:37:05Z,90,7.0,9.0,,,,,1016.0,26.2,26.8,,,,
2026-08-20T05:30:00Z,2026-09-13T21:37:05Z,80,7.0,9.0,,,,,1016.0,26.2,26.8,,,,
2026-08-20T05:40:00Z,2026-09-13T21:37:05Z,80,8.0,10.0,,,,,1015.9,26.2,26.8,,,,
2026-08-20T05:50:00Z,2026-09-13T21:37:05Z,,8.0,9.0,,,,,,26.1,26.8,,,,
2026-08-20T06:00:00Z,2026-09-13T21:37:05Z,80,8.0,9.0,,,,,1016.3,26.1,26.8,,,+0.0,
2026-08-20T06:10:00Z,2026-09-13T21:37:05Z,90,7.0,9.0,,,,,1016.5,26.1,26.8,,,,
2026-08-20T06:20:00Z,2026-09-13T21:37:05Z,90,7.0,9.0,,,,,1016.6,26.1,26.8,,,,
2026-08-20T06:30:00Z,2026-09-13T21:37:05Z,90,7.0,9.0,,,,,1016.6,26.1,26.8,,,,
2026-08-20T06:40:00Z,2026-09-13T21:37:05Z,90,7.0,9.0,,,,,1016.6,26.1,26.8,,,,
2026-08-20T06:50:00Z,2026-09-13T21:37:05Z,90,8.0,10.0,,,,,1016.7,26.1,26.8,,,,
2026-08-20T07:00:00Z,2026-09-13T21:37:05Z,90,8.0,9.0,,,,,1016.8,26.1,26.8,,,+0.7,
2026-08-20T07:10:00Z,2026-09-13T21:37:05Z,90,8.0,10.0,,,,,1016.8,26.1,26.8,,,,
2026-08-20T07:20:00Z,2026-09-13T21:37:05Z,90,8.0,9.0,,,,,1016.9,26.2,26.7,,,,
2026-08-20T07:30:00Z,2026-09-13T21:37:05Z,90,8.0,10.0,,,,,1017.1,26.1,26.7,,,,
2026-08-20T07:40:00Z,2026-09-13T21:37:05Z,80,8.0,10.0,,,,,1017.0,26.0,26.8,,,,
2026-08-20T07:50:00Z,2026-09-13T21:37:05Z,90,8.0,10.0,,,,,1017.1,26.0,26.7,,,,
2026-08-20T08:00:00Z,2026-09-13T21:37:05Z,90,8.0,10.0,,,,,1017.2,25.9,26.7,,,+1.0,
2026-08-20T08:10:00Z,2026-09-13T21:37:05Z,90,8.0,10.0,,,,,1017.3,26.0,26.7,,,,
2026-08-20T08:20:00Z,2026-09-13T21:37:05Z,90,8.0,10.0,,,,,1017.3,26.0,26.7,,,,
2026-08-20T08:30:00Z,2026-09-13T21:37:05Z,90,8.0,10.0,,,,,1017.2,26.0,26.7,,,,
2026-08-20T08:40:00Z,2026-09-13T21:37:05Z,90,8.0,10.0,,,,,1017.3,26.0,26.7,,,,
2026-08-20T08:50:00Z,2026-09-13T21:37:05Z,90,8.0,11.0,,,,,1017.2,26.1,26.7,,,,
2026-08-20T09:00:00Z,2026-09-13T21:37:05Z,90,9.0,10.0,,,,,1017.3,25.9,26.7,,,+1.0,
2026-08-20T09:10:00Z,2026-09-13T21:37:05Z,100,8.0,10.0,,,,,1017.2,25.9,26.7,,,,
2026-08-20T09:20:00Z,2026-09-13T21:37:05Z,90,9.0,10.0,,,,,1017.2,25.8,26.7,,,,
2026-08-20T09:30:00Z,2026-09-13T21:37:05Z,100,8.0,11.0,,,,,1017.3,25.8,26.7,,,,
2026-08-20T09:40:00Z,2026-09-13T21:37:05Z,90,8.0,10.0,,,,,1017.3,25.8,26.7,,,,
2026-08-20T09:50:00Z,2026-09-13T21:37:05Z,90,8.0,10.0,,,,,1017.3,25.8,26.7,,,,
2026-08-20T10:00:00Z,2026-09-13T21:37:05Z,90,8.0,11.0,,,,,1017.4,25.8,26.7,,,+0.6,
2026-08-20T10:10:00Z,2026-09-13T21:37:05Z,100,8.0,10.0,,,,,1017.4,25.8,26.7,,,,
2026-08-20T10:20:00Z,2026-09-13T21:37:05Z,90,8.0,10.0,,,,,1017.3,25.8,26.7,,,,
2026-08-20T10:30:00Z,2026-09-13T21:37:05Z,90,8.0,10.0,,,,,1017.3,25.9,26.7,,,,
2026-08-20T10:40:00Z,2026-09-13T21:37:05Z,100,8.0,10.0,,,,,1017.3,25.9,26.7,,,,
2026-08-20T10:50:00Z,2026-09-13T21:37:05Z,100,8.0,9.0,,,,,1017.2,25.9,26.7,,,,
2026-08-20T11:00:00Z,2026-09-13T21:37:05Z,100,7.0,9.0,,,,,1017.3,26.0,26.7,,,+0.0,
2026-08-20T11:10:00Z,2026-09-13T21:37:05Z,100,7.0,9.0,,,,,1017.2,26.0,26.7,,,,
2026-08-20T11:20:00Z,2026-09-13T21:37:05Z,100,7.0,9.0,,,,,1017.2,26.1,26.7,,,,
2026-08-20T11:30:00Z,2026-09-13T21:37:05Z,100,7.0,9.0,,,,,1017.0,26.2,26.7,,,,
2026-08-20T11:40:00Z,2026-09-13T21:37:05Z,100,7.0,9.0,,,,,1016.9,26.2,26.7,,,,
2026-08-20T11:50:00Z,2026-09-13T21:37:05Z,100,7.0,9.0,,,,,1016.9,26.2,26.7,,,,
2026-08-20T12:00:00Z,2026-09-13T21:37:05Z,100,7.0,9.0,,,,,1016.8,26.2,26.7,,,-0.5,
2026-08-20T12:10:00Z,2026-09-13T21:37:05Z,100,7.0,9.0,,,,,1016.8,26.2,26.7,,,,
2026-08-20T12:20:00Z,2026-09-13T21:37:05Z,100,7.0,9.0,,,,,1016.7,26.2,26.7,,,,
2026-08-20T12:30:00Z,2026-09-13T21:37:05Z,100,7.0,9.0,,,,,1016.6,26.2,26.7,,,,
2026-08-20T12:40:00Z,2026-09-13T21:37:05Z,100,8.0,10.0,,,,,1016.6,26.2,26.7,,,,
2026-08-20T12:50:00Z,2026-09-13T21:37:05Z,100,7.0,9.0,,,,,1016.5,26.2,26.7,,,,
2026-08-20T13:00:00Z,2026-09-13T21:37:05Z,100,7.0,9.0,,,,,1016.4,26.2,26.7,,,-1.0,
2026-08-20T13:10:00Z,2026-09-13T21:37:05Z,100,8.0,10.0,,,,,1016.2,26.1,26.7,,,,
2026-08-20T13:20:00Z,2026-09-13T21:37:05Z,100,8.0,10.0,,,,,1016.1,26.1,26.7,,,,
2026-08-20T13:30:00Z,2026-09-13T21:37:05Z,100,8.0,10.0,,,,,1016.1,26.1,26.7,,,,
2026-08-20T13:40:00Z,2026-09-13T21:37:05Z,100,8.0,10.0,,,,,1016.2,26.0,26.7,,,,
2026-08-20T13:50:00Z,2026-09-13T21:37:05Z,110,8.0,9.0,,,,,1016.3,26.1,26.7,,,,
2026-08-20T14:00:00Z,2026-09-13T21:37:05Z,100,8.0,10.0,,,,,1016.4,26.1,26.7,,,-0.9,
2026-08-20T14:10:00Z,2026-09-13T21:37:05Z,100,8.0,9.0,,,,,1016.4,26.1,26.7,,,,
2026-08-20T14:20:00Z,2026-09-13T21:37:05Z,100,8.0,10.0,,,,,1016.4,26.1,26.7,,,,
2026-08-20T14:30:00Z,2026-09-13T21:37:05Z,100,8.0,10.0,,,,,1016.3,26.1,26.7,,,,
2026-08-20T14:40:00Z,2026-09-13T21:37:05Z,100,9.0,11.0,,,,,1016.4,25.7,26.7,,,,
2026-08-20T14:50:00Z,2026-09-13T21:37:05Z,100,8.0,10.0,,,,,1016.4,25.6,26.7,,,,
2026-08-20T15:00:00Z,2026-09-13T21:37:05Z,100,8.0,10.0,,,,,1016.5,25.8,26.7,,,-0.3,
2026-08-20T15:10:00Z,2026-09-13T21:37:05Z,110,8.0,10.0,,,,,1016.5,25.9,26.7,,,,
2026-08-20T15:30:00Z,2026-09-13T21:37:05Z,110,8.0,9.0,,,,,1016.6,26.0,26.7,,,,
2026-08-20T15:40:00Z,2026-09-13T21:37:05Z,110,8.0,10.0,,,,,1016.6,25.7,26.7,,,,
2026-08-20T15:50:00Z,2026-09-13T21:37:05Z,100,7.0,9.0,,,,,1016.6,25.8,26.7,,,,
2026-08-20T16:00:00Z,2026-09-13T21:37:05Z,100,7.0,9.0,,,,,1016.7,25.9,26.7,,,+0.3,
2026-08-20T16:10:00Z,2026-09-13T21:37:05Z,100,7.0,8.0,,,,,1016.7,26.1,26.7,,,,
2026-08-20T16:20:00Z,2026-09-13T21:37:05Z,100,7.0,9.0,,,,,1016.8,26.2,26.7,,,,
2026-08-20T16:30:00Z,2026-09-13T21:37:05Z,100,7.0,9.0,,,,,1016.9,26.2,26.7,,,,
2026-08-20T16:40:00Z,2026-09-13T21:37:05Z,100,8.0,9.0,,,,,1017.0,26.1,26.7,,,,
2026-08-20T16:50:00Z,2026-09-13T21:37:05Z,100,8.0,9.0,,,,,1017.1,26.1,26.7,,,,
2026-08-20T17:00:00Z,2026-09-13T21:37:05Z,100,9.0,11.0,,,,,1017.3,25.7,26.7,,,+0.9,
2026-08-20T17:10:00Z,2026-09-13T21:37:05Z,100,8.0,10.0,,,,,1017.3,25.4,26.7,,,,
2026-08-20T17:20:00Z,2026-09-13T21:37:05Z,100,7.0,9.0,,,,,1017.4,25.7,26.7,,,,
2026-08-20T17:30:00Z,2026-09-13T21:37:05Z,100,7.0,8.0,,,,,1017.5,25.9,26.7,,,,
2026-08-20T17:40:00Z,2026-09-13T21:37:05Z,100,7.0,9.0,,,,,1017.6,26.1,26.7,,,,
2026-08-20T17:50:00Z,2026-09-13T21:37:05Z,100,7.0,8.0,,,,,1017.7,,26.7,,,,
2026-08-20T18:00:00Z,2026-09-13T21:37:05Z,100,7.0,9.0,,,,,1017.7,26.2,26.7,,,+1.2,
2026-08-20T18:10:00Z,2026-09-13T21:37:05Z,100,7.0,9.0,,,,,1017.9,26.2,26.7,,,,
2026-08-20T18:20:00Z,2026-09-13T21:37:05Z,100,7.0,8.0,,,,,1018.0,26.3,26.7,,,,
2026-08-20T18:30:00Z,2026-09-13T21:37:05Z,100,7.0,9.0,,,,,1018.0,26.3,26.7,,,,
2026-08-20T18:40:00Z,2026-09-13T21:37:05Z,100,7.0,8.0,,,,,1018.1,26.4,26.7,,,,
2026-08-20T18:50:00Z,2026-09-13T21:37:05Z,100,7.0,8.0,,,,,1018.1,26.4,26.7,,,,
2026-08-20T19:00:00Z,2026-09-13T21:37:05Z,100,7.0,8.0,,,,,1018.1,26.4,26.7,,,+1.4,
2026-08-20T19:10:00Z,2026-09-13T21:37:05Z,100,7.0,8.0,,,,,1018.2,26.4,26.7,,,,
2026-08-20T19:20:00Z,2026-09-13T21:37:05Z,100,7.0,8.0,,,,,1018.2,26.4,26.7,,,,
2026-08-20T19:30:00Z,2026-09-13T21:37:05Z,100,7.0,8.0,,,,,1018.4,26.4,26.7,,,,
2026-08-20T19:40:00Z,2026-09-13T21:37:05Z,100,7.0,8.0,,,,,1018.2,26.4,26.7,,,,
2026-08-20T19:50:00Z,2026-09-13T21:37:05Z,100,7.0,9.0,,,,,1018.2,26.4,26.7,,,,
2026-08-20T20:00:00Z,2026-09-13T21:37:05Z,100,7.0,8.0,,,,,1018.2,26.3,26.7,,,+0.9,
2026-08-20T20:10:00Z,2026-09-13T21:37:05Z,100,7.0,9.0,,,,,1018.2,26.3,26.7,,,,
2026-08-20T20:20:00Z,2026-09-13T21:37:05Z,100,7.0,8.0,,,,,1018.4,26.3,26.7,,,,
2026-08-20T20:30:00Z,2026-09-13T21:37:05Z,100,7.0,8.0,,,,,1018.4,26.3,26.7,,,,
2026-08-20T20:40:00Z,2026-09-13T21:37:05Z,100,7.0,8.0,,,,,1018.3,26.3,26.7,,,,
2026-08-20T20:50:00Z,2026-09-13T21:37:05Z,100,7.0,8.0,,,,,1018.3,26.2,26.7,,,,
2026-08-20T21:00:00Z,2026-09-13T21:37:05Z,100,7.0,8.0,,,,,1018.2,26.3,26.8,,,+0.5,
2026-08-20T21:10:00Z,2026-09-13T21:37:05Z,100,7.0,9.0,,,,,1018.0,26.2,26.8,,,,
2026-08-20T21:20:00Z,2026-09-13T21:37:05Z,100,7.0,8.0,,,,,1018.0,26.2,26.8,,,,
2026-08-20T21:30:00Z,2026-09-13T21:37:05Z,100,7.0,8.0,,,,,1018.0,26.2,26.8,,,,
2026-08-20T21:40:00Z,2026-09-13T21:37:05Z,100,7.0,8.0,,,,,1018.0,26.2,26.8,,,,
2026-08-20T21:50:00Z,2026-09-13T21:37:05Z,100,7.0,8.0,,,,,1018.0,26.2,,,,,
2026-08-20T22:00:00Z,2026-09-13T21:37:05Z,100,7.0,8.0,,,,,1017.8,26.2,26.8,,,-0.3,
2026-08-20T22:10:00Z,2026-09-13T21:37:05Z,100,6.0,8.0,,,,,1017.7,26.2,26.8,,,,
2026-08-20T22:20:00Z,2026-09-13T21:37:05Z,90,6.0,8.0,,,,,1017.5,26.2,26.8,,,,
2026-08-20T22:30:00Z,2026-09-13T21:37:05Z,90,7.0,8.0,,,,,1017.4,26.2,26.8,,,,
2026-08-20T22:40:00Z,2026-09-13T21:37:05Z,90,7.0,8.0,,,,,1017.4,26.2,26.8,,,,
2026-08-20T22:50:00Z,2026-09-13T21:37:05Z,100,6.0,8.0,,,,,1017.3,26.2,,,,,
2026-08-20T23:00:00Z,2026-09-13T21:37:05Z,100,6.0,8.0,,,,,1017.2,26.1,26.8,,,-1.0,
2026-08-20T23:10:00Z,2026-09-13T21:37:05Z,90,7.0,8.0,,,,,1017.2,26.1,26.8,,,,
2026-08-20T23:20:00Z,2026-09-13T21:37:05Z,90,7.0,8.0,,,,,1017.1,26.1,26.9,,,,
2026-08-20T23:40:00Z,2026-09-13T21:37:05Z,90,7.0,8.0,,,,,1017.0,26.1,26.9,,,,
2026-08-20T23:50:00Z,2026-09-13T21:37:05Z,100,7.0,8.0,,,,,1016.9,26.1,26.9,,,,
2026-08-21T00:00:00Z,2026-09-13T21:37:05Z,90,6.0,8.0,,,,,1016.8,26.1,26.9,,,-1.4,
2026-08-21T00:10:00Z,2026-09-13T21:37:05Z,90,6.0,8.0,,,,,1016.6,26.1,26.9,,,,
2026-08-21T00:20:00Z,2026-09-13T21:37:05Z,90,7.0,8.0,,,,,1016.5,26.1,26.9,,,,
2026-08-21T00:30:00Z,2026-09-13T21:37:05Z,90,7.0,9.0,,,,,1016.3,26.1,26.9,,,,
2026-08-21T00:40:00Z,2026-09-13T21:37:05Z,100,6.0,8.0,,,,,1016.3,26.1,26.9,,,,
2026-08-21T00:50:00Z,2026-09-13T21:37:05Z,90,6.0,8.0,,,,,1016.3,26.2,26.9,,,,
2026-08-21T01:00:00Z,2026-09-13T21:37:05Z,90,6.0,8.0,,,,,1016.4,26.2,26.9,,,-1.4,
2026-08-21T01:10:00Z,2026-09-13T21:37:05Z,90,6.0,7.0,,,,,1016.5,26.3,26.9,,,,
2026-08-21T01:20:00Z,2026-09-13T21:37:05Z,90,6.0,7.0,,,,,1016.3,26.2,26.9,,,,
2026-08-21T01:30:00Z,2026-09-13T21:37:05Z,90,6.0,7.0,,,,,1016.2,26.3,26.9,,,,
2026-08-21T01:40:00Z,2026-09-13T21:37:05Z,90,6.0,7.0,,,,,1016.2,26.3,26.9,,,,
2026-08-21T01:50:00Z,2026-09-13T21:37:05Z,90,6.0,7.0,,,,,1016.0,26.3,26.9,,,,
2026-08-21T02:00:00Z,2026-09-13T21:37:05Z,90,6.0,8.0,,,,,1016.0,26.3,26.9,,,-1.2,
2026-08-21T02:10:00Z,2026-09-13T21:37:05Z,80,6.0,8.0,,,,,1015.9,26.3,26.9,,,,
2026-08-21T02:20:00Z,2026-09-13T21:37:05Z,80,6.0,8.0,,,,,1015.8,26.3,26.9,,,,
2026-08-21T02:30:00Z,2026-09-13T21:37:05Z,80,6.0,8.0,,,,,1015.7,26.2,26.9,,,,
2026-08-21T02:40:00Z,2026-09-13T21:37:05Z,80,6.0,8.0,,,,,1015.7,26.3,26.9,,,,
2026-08-21T02:50:00Z,2026-09-13T21:37:05Z,80,6.0,8.0,,,,,1015.6,26.3,26.9,,,,
2026-08-21T03:00:00Z,2026-09-13T21:37:05Z,80,6.0,8.0,,,,,1015.6,26.3,26.9,,,-1.2,
2026-08-21T03:10:00Z,2026-09-13T21:37:05Z,80,7.0,8.0,,,,,1015.7,26.2,26.9,,,,
2026-08-21T03:20:00Z,2026-09-13T21:37:05Z,70,7.0,8.0,,,,,1015.7,26.3,26.9,,,,
2026-08-21T03:30:00Z,2026-09-13T21:37:05Z,80,6.0,8.0,,,,,1015.7,26.3,26.9,,,,
2026-08-21T03:40:00Z,2026-09-13T21:37:05Z,80,6.0,8.0,,,,,1015.8,26.3,26.9,,,,
2026-08-21T03:50:00Z,2026-09-13T21:37:05Z,80,6.0,8.0,,,,,1015.8,26.3,26.9,,,,
2026-08-21T04:00:00Z,2026-09-13T21:37:05Z,80,6.0,8.0,,,,,1015.8,26.3,26.9,,,-0.6,
2026-08-21T04:10:00Z,2026-09-13T21:37:05Z,80,7.0,8.0,,,,,1015.8,26.3,26.9,,,,
2026-08-21T04:20:00Z,2026-09-13T21:37:05Z,80,7.0,8.0,,,,,1015.8,26.3,26.9,,,,
2026-08-21T04:30:00Z,2026-09-13T21:37:05Z,70,7.0,8.0,,,,,1015.8,26.3,26.9,,,,
2026-08-21T04:40:00Z,2026-09-13T21:37:05Z,70,7.0,8.0,,,,,1015.8,26.2,26.9,,,,
2026-08-21T04:50:00Z,2026-09-13T21:37:05Z,70,7.0,9.0,,,,,1015.8,26.2,26.9,,,,
2026-08-21T05:00:00Z,2026-09-13T21:37:05Z,70,7.0,9.0,,,,,1015.8,26.1,26.8,,,-0.0,
2026-08-21T05:10:00Z,2026-09-13T21:37:05Z,80,7.0,9.0,,,,,1015.9,26.2,26.8,,,,
2026-08-21T05:20:00Z,2026-09-13T21:37:05Z,80,7.0,9.0,,,,,1016.0,26.2,26.8,,,,
2026-08-21T05:30:00Z,2026-09-13T21:37:05Z,80,7.0,9.0,,,,,1016.1,26.1,26.8,,,,
2026-08-21T05:40:00Z,2026-09-13T21:37:05Z,70,7.0,8.0,,,,,1016.2,26.2,26.8,,,,
2026-08-21T05:50:00Z,2026-09-13T21:37:05Z,70,7.0,9.0,,,,,1016.2,26.1,,,,,
2026-08-21T06:00:00Z,2026-09-13T21:37:05Z,80,7.0,8.0,,,,,1016.2,26.2,26.8,,,+0.6,
2026-08-21T06:10:00Z,2026-09-13T21:37:05Z,80,7.0,9.0,,,,,1016.3,26.1,26.8,,,,
2026-08-21T06:20:00Z,2026-09-13T21:37:05Z,80,7.0,9.0,,,,,1016.4,26.1,26.8,,,,
2026-08-21T06:30:00Z,2026-09-13T21:37:05Z,80,7.0,9.0,,,,,1016.6,26.1,26.8,,,,
2026-08-21T06:40:00Z,2026-09-13T21:37:05Z,80,8.0,10.0,,,,,1016.8,26.1,26.8,,,,
2026-08-21T06:50:00Z,2026-09-13T21:37:05Z,70,7.0,9.0,,,,,1016.9,26.1,26.8,,,,
2026-08-21T07:00:00Z,2026-09-13T21:37:05Z,70,7.0,9.0,,,,,1017.1,26.2,,,,+1.3,
2026-08-21T07:10:00Z,2026-09-13T21:37:05Z,80,7.0,9.0,,,,,1017.1,26.1,26.8,,,,
2026-08-21T07:20:00Z,2026-09-13T21:37:05Z,70,7.0,9.0,,,,,1017.0,26.1,26.8,,,,
2026-08-21T07:30:00Z,2026-09-13T21:37:05Z,80,8.0,9.0,,,,,1017.1,26.1,26.8,,,,
2026-08-21T07:40:00Z,2026-09-13T21:37:05Z,80,8.0,9.0,,,,,1017.1,26.1,26.8,,,,
2026-08-21T07:50:00Z,2026-09-13T21:37:05Z,70,8.0,10.0,,,,,1017.1,26.1,26.8,,,,
2026-08-21T08:00:00Z,2026-09-13T21:37:05Z,80,7.0,9.0,,,,,1017.2,26.2,26.8,,,+1.4,
2026-08-21T08:10:00Z,2026-09-13T21:37:05Z,80,7.0,9.0,,,,,1017.3,26.2,26.8,,,,
2026-08-21T08:20:00Z,2026-09-13T21:37:05Z,80,7.0,9.0,,,,,1017.3,26.1,26.8,,,,
2026-08-21T08:30:00Z,2026-09-13T21:37:05Z,80,7.0,9.0,,,,,1017.4,26.1,26.8,,,,
2026-08-21T08:40:00Z,2026-09-13T21:37:05Z,80,7.0,9.0,,,,,1017.3,26.2,26.8,,,,
2026-08-21T08:50:00Z,2026-09-13T21:37:05Z,80,7.0,8.0,,,,,1017.3,26.1,26.8,,,,
2026-08-21T09:00:00Z,2026-09-13T21:37:05Z,80,7.0,9.0,,,,,1017.2,26.1,26.8,,,+1.0,
2026-08-21T09:10:00Z,2026-09-13T21:37:05Z,80,7.0,9.0,,,,,1017.2,26.1,26.8,,,,
2026-08-21T09:20:00Z,2026-09-13T21:37:05Z,80,7.0,9.0,,,,,1017.1,26.1,26.8,,,,
2026-08-21T09:30:00Z,2026-09-13T21:37:05Z,80,7.0,8.0,,,,,1017.0,26.1,26.8,,,,
2026-08-21T09:40:00Z,2026-09-13T21:37:05Z,80,7.0,8.0,,,,,1017.0,26.1,26.8,,,,
2026-08-21T09:50:00Z,2026-09-13T21:37:05Z,90,6.0,8.0,,,,,1016.9,26.1,26.8,,,,
2026-08-21T10:00:00Z,2026-09-13T21:37:05Z,90,7.0,8.0,,,,,1016.9,26.1,26.8,,,+0.0,
2026-08-21T10:10:00Z,2026-09-13T21:37:05Z,90,6.0,8.0,,,,,1016.8,26.1,26.8,,,,
2026-08-21T10:20:00Z,2026-09-13T21:37:05Z,90,6.0,8.0,,,,,1016.8,26.1,26.8,,,,
2026-08-21T10:30:00Z,2026-09-13T21:37:05Z,90,6.0,8.0,,,,,1016.6,26.1,26.8,,,,
2026-08-21T10:40:00Z,2026-09-13T21:37:05Z,90,7.0,8.0,,,,,1016.6,26.1,26.7,,,,
2026-08-21T10:50:00Z,2026-09-13T21:37:05Z,90,6.0,8.0,,,,,1016.4,26.1,26.7,,,,
2026-08-21T11:00:00Z,2026-09-13T21:37:05Z,90,6.0,8.0,,,,,1016.3,26.0,26.7,,,-0.9,
2026-08-21T11:10:00Z,2026-09-13T21:37:05Z,90,6.0,8.0,,,,,1016.4,26.0,26.7,,,,
2026-08-21T11:20:00Z,2026-09-13T21:37:05Z,90,6.0,7.0,,,,,1016.5,26.1,26.7,,,,
2026-08-21T11:30:00Z,2026-09-13T21:37:05Z,90,6.0,7.0,,,,,1016.3,26.1,26.7,,,,
2026-08-21T11:40:00Z,2026-09-13T21:37:05Z,90,6.0,7.0,,,,,1016.3,26.0,26.7,,,,
2026-08-21T11:50:00Z,2026-09-13T21:37:05Z,90,6.0,7.0,,,,,1016.3,26.1,26.7,,,,
2026-08-21T12:00:00Z,2026-09-13T21:37:05Z,80,5.0,7.0,,,,,1016.3,26.1,26.7,,,-0.9,
2026-08-21T12:10:00Z,2026-09-13T21:37:05Z,90,5.0,6.0,,,,,1016.1,26.1,26.7,,,,
2026-08-21T12:20:00Z,2026-09-13T21:37:05Z,90,5.0,6.0,,,,,1016.0,26.0,26.7,,,,
2026-08-21T12:30:00Z,2026-09-13T21:37:05Z,110,5.0,6.0,,,,,1015.9,25.8,26.7,,,,
2026-08-21T12:40:00Z,2026-09-13T21:37:05Z,120,4.0,6.0,,,,,1015.8,25.5,26.7,,,,
2026-08-21T12:50:00Z,2026-09-13T21:37:05Z,90,4.0,6.0,,,,,1015.9,25.8,,,,,
2026-08-21T13:00:00Z,2026-09-13T21:37:05Z,90,4.0,5.0,,,,,1015.9,25.9,26.7,,,-1.0,
2026-08-21T13:10:00Z,2026-09-13T21:37:05Z,100,4.0,5.0,,,,,1015.7,25.9,26.7,,,,
2026-08-21T13:20:00Z,2026-09-13T21:37:05Z,100,4.0,5.0,,,,,1015.7,25.9,26.7,,,,
2026-08-21T13:30:00Z,2026-09-13T21:37:05Z,100,4.0,5.0,,,,,1015.6,25.9,26.7,,,,
2026-08-21T13:40:00Z,2026-09-13T21:37:05Z,90,4.0,4.0,,,,,1015.5,25.9,26.7,,,,
2026-08-21T13:50:00Z,2026-09-13T21:37:05Z,90,3.0,4.0,,,,,1015.5,25.9,26.7,,,,
2026-08-21T14:00:00Z,2026-09-13T21:37:05Z,100,3.0,5.0,,,,,1015.5,25.8,26.7,,,-0.8,
2026-08-21T14:10:00Z,2026-09-13T21:37:05Z,70,5.0,7.0,,,,,1015.4,25.7,26.7,,,,
2026-08-21T14:20:00Z,2026-09-13T21:37:05Z,60,5.0,6.0,,,,,1015.4,25.4,26.7,,,,
2026-08-21T14:30:00Z,2026-09-13T21:37:05Z,50,4.0,5.0,,,,,1015.5,25.3,26.7,,,,
2026-08-21T14:40:00Z,2026-09-13T21:37:05Z,60,3.0,4.0,,,,,1015.4,25.5,26.7,,,,
2026-08-21T14:50:00Z,2026-09-13T21:37:05Z,80,3.0,5.0,,,,,1015.5,25.6,26.7,,,,
2026-08-21T15:00:00Z,2026-09-13T21:37:05Z,90,3.0,5.0,,,,,1015.6,25.7,26.7,,,-0.7,
2026-08-21T15:10:00Z,2026-09-13T21:37:05Z,100,3.0,4.0,,,,,1015.6,25.7,26.7,,,,
2026-08-21T15:20:00Z,2026-09-13T21:37:05Z,100,3.0,4.0,,,,,1015.6,25.8,26.7,,,,
2026-08-21T15:30:00Z,2026-09-13T21:37:05Z,100,3.0,4.0,,,,,1015.7,25.8,26.7,,,,
2026-08-21T15:40:00Z,2026-09-13T21:37:05Z,100,3.0,4.0,,,,,1015.8,25.8,26.7,,,,
2026-08-21T15:50:00Z,2026-09-13T21:37:05Z,100,3.0,4.0,,,,,1015.8,25.8,26.7,,,,
2026-08-21T16:00:00Z,2026-09-13T21:37:05Z,100,3.0,4.0,,,,,1015.7,25.8,26.7,,,-0.0,
2026-08-21T16:10:00Z,2026-09-13T21:37:05Z,110,3.0,4.0,,,,,1015.8,25.9,26.7,,,,
2026-08-21T16:20:00Z,2026-09-13T21:37:05Z,110,3.0,4.0,,,,,1015.8,25.8,26.7,,,,
2026-08-21T16:30:00Z,2026-09-13T21:37:05Z,110,3.0,4.0,,,,,1015.7,25.8,26.7,,,,
2026-08-21T16:40:00Z,2026-09-13T21:37:05Z,110,3.0,5.0,,,,,1015.8,25.8,26.7,,,,
2026-08-21T16:50:00Z,2026-09-13T21:37:05Z,120,3.0,4.0,,,,,1016.0,25.9,26.7,,,,
2026-08-21T17:00:00Z,2026-09-13T21:37:05Z,110,3.0,4.0,,,,,1016.0,26.0,26.7,,,+0.5,
2026-08-21T17:10:00Z,2026-09-13T21:37:05Z,110,3.0,4.0,,,,,1016.1,26.1,26.7,,,,
2026-08-21T17:20:00Z,2026-09-13T21:37:05Z,110,2.0,3.0,,,,,1016.2,26.2,26.7,,,,
2026-08-21T17:30:00Z,2026-09-13T21:37:05Z,100,2.0,3.0,,,,,1016.4,26.3,26.7,,,,
2026-08-21T17:40:00Z,2026-09-13T21:37:05Z,100,2.0,3.0,,,,,1016.5,26.5,26.7,,,,
2026-08-21T17:50:00Z,2026-09-13T21:37:05Z,100,2.0,3.0,,,,,1016.6,26.5,26.7,,,,
2026-08-21T18:00:00Z,2026-09-13T21:37:05Z,100,2.0,3.0,,,,,1016.6,26.5,26.7,,,+1.0,
2026-08-21T18:10:00Z,2026-09-13T21:37:05Z,110,2.0,3.0,,,,,1016.6,26.5,26.7,,,,
2026-08-21T18:20:00Z,2026-09-13T21:37:05Z,100,2.0,3.0,,,,,1016.6,26.5,26.7,,,,
2026-08-21T18:30:00Z,2026-09-13T21:37:05Z,110,2.0,3.0,,,,,1016.5,26.5,26.7,,,,
2026-08-21T18:40:00Z,2026-09-13T21:37:05Z,120,2.0,3.0,,,,,1016.6,26.4,26.7,,,,
2026-08-21T18:50:00Z,2026-09-13T21:37:05Z,120,2.0,3.0,,,,,1016.5,26.4,26.7,,,,
2026-08-21T19:00:00Z,2026-09-13T21:37:05Z,110,2.0,3.0,,,,,1016.6,26.4,26.7,,,+0.9,
2026-08-21T19:10:00Z,2026-09-13T21:37:05Z,110,2.0,3.0,,,,,1016.6,26.4,26.7,,,,
2026-08-21T19:20:00Z,2026-09-13T21:37:05Z,100,2.0,3.0,,,,,1016.7,26.4,26.8,,,,
2026-08-21T19:30:00Z,2026-09-13T21:37:05Z,110,2.0,3.0,,,,,1016.8,26.4,26.8,,,,
2026-08-21T19:40:00Z,2026-09-13T21:37:05Z,100,1.0,2.0,,,,,1016.9,26.5,26.8,,,,
2026-08-21T19:50:00Z,2026-09-13T21:37:05Z,110,1.0,2.0,,,,,1016.9,26.6,26.8,,,,
2026-08-21T20:00:00Z,2026-09-13T21:37:05Z,90,2.0,3.0,,,,,1016.9,26.5,26.8,,,+0.9,
2026-08-21T20:10:00Z,2026-09-13T21:37:05Z,90,2.0,3.0,,,,,1016.9,26.4,26.8,,,,
2026-08-21T20:20:00Z,2026-09-13T21:37:05Z,80,2.0,3.0,,,,,1017.1,26.5,26.8,,,,
2026-08-21T20:30:00Z,2026-09-13T21:37:05Z,70,2.0,3.0,,,,,1017.1,26.4,26.8,,,,
2026-08-21T20:40:00Z,2026-09-13T21:37:05Z,70,2.0,2.0,,,,,1017.1,26.4,26.8,,,,
2026-08-21T20:50:00Z,2026-09-13T21:37:05Z,80,2.0,3.0,,,,,1017.2,26.4,26.9,,,,
2026-08-21T21:00:00Z,2026-09-13T21:37:05Z,80,2.0,3.0,,,,,1017.1,26.4,26.8,,,+0.5,
2026-08-21T21:10:00Z,2026-09-13T21:37:05Z,70,2.0,3.0,,,,,1017.1,26.4,26.8,,,,
2026-08-21T21:20:00Z,2026-09-13T21:37:05Z,70,2.0,3.0,,,,,1016.9,26.3,26.9,,,,
2026-08-21T21:30:00Z,2026-09-13T21:37:05Z,80,2.0,3.0,,,,,1016.7,26.4,26.9,,,,
2026-08-21T21:40:00Z,2026-09-13T21:37:05Z,80,3.0,4.0,,,,,1016.6,26.3,27.0,,,,
2026-08-21T21:50:00Z,2026-09-13T21:37:05Z,80,3.0,4.0,,,,,1016.5,26.3,27.0,,,,
2026-08-21T22:00:00Z,2026-09-13T21:37:05Z,80,3.0,4.0,,,,,1016.6,26.3,27.2,,,+0.0,
2026-08-21T22:10:00Z,2026-09-13T21:37:05Z,70,3.0,4.0,,,,,1016.5,26.3,27.1,,,,
2026-08-21T22:20:00Z,2026-09-13T21:37:05Z,70,2.0,4.0,,,,,1016.4,26.4,26.9,,,,
2026-08-21T22:30:00Z,2026-09-13T21:37:05Z,90,3.0,4.0,,,,,1016.4,26.4,27.0,,,,
2026-08-21T22:40:00Z,2026-09-13T21:37:05Z,90,3.0,4.0,,,,,1016.3,26.3,26.9,,,,
2026-08-21T22:50:00Z,2026-09-13T21:37:05Z,90,3.0,4.0,,,,,1016.2,26.3,26.9,,,,
2026-08-21T23:00:00Z,2026-09-13T21:37:05Z,90,3.0,4.0,,,,,1016.1,26.3,27.2,,,-0.8,
2026-08-21T23:10:00Z,2026-09-13T21:37:05Z,80,3.0,4.0,,,,,1016.0,26.4,27.0,,,,
2026-08-21T23:20:00Z,2026-09-13T21:37:05Z,80,3.0,4.0,,,,,1016.1,26.5,27.0,,,,
2026-08-21T23:40:00Z,2026-09-13T21:37:05Z,100,3.0,4.0,,,,,1016.2,26.5,27.3,,,,
2026-08-21T23:50:00Z,2026-09-13T21:37:05Z,100,2.0,3.0,,,,,1016.2,26.6,27.5,,,,
2026-08-22T00:00:00Z,2026-09-13T21:37:05Z,110,2.0,3.0,,,,,1016.1,26.6,27.6,,,-1.0,
2026-08-22T00:10:00Z,2026-09-13T21:37:05Z,100,2.0,4.0,,,,,1016.1,26.6,27.4,,,,
2026-08-22T00:20:00Z,2026-09-13T21:37:05Z,110,2.0,3.0,,,,,1016.1,26.6,27.5,,,,
2026-08-22T00:30:00Z,2026-09-13T21:37:05Z,120,3.0,4.0,,,,,1016.0,26.6,27.2,,,,
2026-08-22T00:40:00Z,2026-09-13T21:37:05Z,120,3.0,5.0,,,,,1016.0,26.6,27.1,,,,
2026-08-22T00:50:00Z,2026-09-13T21:37:05Z,120,3.0,4.0,,,,,1016.0,26.7,27.3,,,,
2026-08-22T01:00:00Z,2026-09-13T21:37:05Z,110,3.0,4.0,,,,,1015.9,26.7,27.3,,,-0.7,
2026-08-22T01:10:00Z,2026-09-13T21:37:05Z,110,3.0,4.0,,,,,1015.8,26.7,27.6,,,,
2026-08-22T01:20:00Z,2026-09-13T21:37:05Z,110,3.0,5.0,,,,,1015.7,26.7,27.6,,,,
2026-08-22T01:30:00Z,2026-09-13T21:37:05Z,110,3.0,4.0,,,,,1015.8,26.7,27.5,,,,
2026-08-22T01:40:00Z,2026-09-13T21:37:05Z,110,3.0,4.0,,,,,1015.7,26.8,27.5,,,,
2026-08-22T01:50:00Z,2026-09-13T21:37:05Z,120,3.0,4.0,,,,,1015.7,26.7,27.6,,,,
2026-08-22T02:00:00Z,2026-09-13T21:37:05Z,120,3.0,4.0,,,,,1015.8,26.8,27.6,,,-0.3,
2026-08-22T02:10:00Z,2026-09-13T21:37:05Z,110,3.0,4.0,,,,,1015.6,26.8,27.6,,,,
2026-08-22T02:20:00Z,2026-09-13T21:37:05Z,120,3.0,4.0,,,,,1015.6,26.8,27.5,,,,
2026-08-22T02:30:00Z,2026-09-13T21:37:05Z,110,3.0,4.0,,,,,1015.6,26.9,27.6,,,,
2026-08-22T02:40:00Z,2026-09-13T21:37:05Z,110,4.0,5.0,,,,,1015.5,26.8,27.6,,,,
2026-08-22T02:50:00Z,2026-09-13T21:37:05Z,120,4.0,5.0,,,,,1015.4,26.8,,,,,
2026-08-22T03:00:00Z,2026-09-13T21:37:05Z,120,4.0,6.0,,,,,1015.4,26.7,27.5,,,-0.7,
2026-08-22T03:10:00Z,2026-09-13T21:37:05Z,120,4.0,5.0,,,,,1015.4,26.8,27.6,,,,
2026-08-22T03:20:00Z,2026-09-13T21:37:05Z,120,4.0,6.0,,,,,1015.4,26.8,27.6,,,,
2026-08-22T03:30:00Z,2026-09-13T21:37:05Z,120,4.0,5.0,,,,,1015.5,26.8,27.5,,,,
2026-08-22T03:40:00Z,2026-09-13T21:37:05Z,120,4.0,5.0,,,,,1015.5,26.8,27.3,,,,
2026-08-22T03:50:00Z,2026-09-13T21:37:05Z,130,4.0,5.0,,,,,1015.5,26.8,27.5,,,,
2026-08-22T04:00:00Z,2026-09-13T21:37:05Z,130,4.0,5.0,,,,,1015.6,26.8,27.4,,,-0.3,
2026-08-22T04:10:00Z,2026-09-13T21:37:05Z,120,3.0,5.0,,,,,1015.7,26.8,27.4,,,,
2026-08-22T04:20:00Z,2026-09-13T21:37:05Z,120,4.0,5.0,,,,,1015.7,26.8,27.5,,,,
2026-08-22T04:30:00Z,2026-09-13T21:37:05Z,120,4.0,5.0,,,,,1015.8,26.8,27.4,,,,
2026-08-22T04:40:00Z,2026-09-13T21:37:05Z,120,4.0,5.0,,,,,1015.9,26.8,27.4,,,,
2026-08-22T04:50:00Z,2026-09-13T21:37:05Z,120,4.0,5.0,,,,,1015.9,26.8,27.4,,,,
2026-08-22T05:00:00Z,2026-09-13T21:37:05Z,110,4.0,5.0,,,,,1015.8,26.7,27.4,,,-0.0,
2026-08-22T05:10:00Z,2026-09-13T21:37:05Z,120,4.0,5.0,,,,,1015.9,26.7,27.3,,,,
2026-08-22T05:20:00Z,2026-09-13T21:37:05Z,120,4.0,5.0,,,,,1015.9,26.7,27.3,,,,
2026-08-22T05:30:00Z,2026-09-13T21:37:05Z,120,4.0,5.0,,,,,1016.0,26.7,27.3,,,,
2026-08-22T05:40:00Z,2026-09-13T21:37:05Z,110,4.0,5.0,,,,,1016.1,26.6,27.3,,,,
2026-08-22T05:50:00Z,2026-09-13T21:37:05Z,110,4.0,5.0,,,,,1016.2,26.6,27.2,,,,
2026-08-22T06:00:00Z,2026-09-13T21:37:05Z,110,4.0,5.0,,,,,1016.3,26.6,27.2,,,+0.9,
2026-08-22T06:10:00Z,2026-09-13T21:37:05Z,110,4.0,5.0,,,,,1016.6,26.7,27.2,,,,
2026-08-22T06:20:00Z,2026-09-13T21:37:05Z,110,4.0,5.0,,,,,1016.6,26.7,27.2,,,,
2026-08-22T06:30:00Z,2026-09-13T21:37:05Z,100,4.0,5.0,,,,,1016.6,26.7,27.1,,,,
2026-08-22T06:40:00Z,2026-09-13T21:37:05Z,110,4.0,5.0,,,,,1016.8,26.7,27.1,,,,
2026-08-22T06:50:00Z,2026-09-13T21:37:05Z,110,4.0,6.0,,,,,1016.9,26.7,27.0,,,,
2026-08-22T07:00:00Z,2026-09-13T21:37:05Z,110,4.0,5.0,,,,,1017.0,26.7,27.0,,,+1.4,
2026-08-22T07:10:00Z,2026-09-13T21:37:05Z,110,4.0,5.0,,,,,1017.2,26.7,27.0,,,,
2026-08-22T07:20:00Z,2026-09-13T21:37:05Z,100,4.0,5.0,,,,,1017.4,26.7,,,,,
2026-08-22T07:30:00Z,2026-09-13T21:37:05Z,100,3.0,4.0,,,,,1017.5,26.8,27.0,,,,
2026-08-22T07:40:00Z,2026-09-13T21:37:05Z,110,3.0,5.0,,,,,1017.7,26.7,27.0,,,,
2026-08-22T07:50:00Z,2026-09-13T21:37:05Z,110,3.0,5.0,,,,,1017.9,26.8,27.0,,,,
2026-08-22T08:00:00Z,2026-09-13T21:37:05Z,110,3.0,5.0,,,,,1018.0,26.7,27.0,,,+2.2,
2026-08-22T08:10:00Z,2026-09-13T21:37:05Z,110,3.0,4.0,,,,,1018.0,26.7,27.0,,,,
2026-08-22T08:20:00Z,2026-09-13T21:37:05Z,110,3.0,5.0,,,,,1018.0,26.8,27.0,,,,
2026-08-22T08:30:00Z,2026-09-13T21:37:05Z,110,3.0,4.0,,,,,1018.0,26.7,27.0,,,,
2026-08-22T08:40:00Z,2026-09-13T21:37:05Z,110,3.0,5.0,,,,,1018.1,26.8,26.9,,,,
2026-08-22T08:50:00Z,2026-09-13T21:37:05Z,100,3.0,4.0,,,,,1018.2,26.8,26.9,,,,
2026-08-22T09:00:00Z,2026-09-13T21:37:05Z,100,3.0,5.0,,,,,1018.2,26.8,26.9,,,+1.9,
2026-08-22T09:10:00Z,2026-09-13T21:37:05Z,100,4.0,5.0,,,,,1018.3,26.8,26.9,,,,
2026-08-22T09:20:00Z,2026-09-13T21:37:05Z,110,4.0,5.0,,,,,1018.3,26.8,26.9,,,,
2026-08-22T09:30:00Z,2026-09-13T21:37:05Z,110,3.0,5.0,,,,,1018.2,26.8,26.9,,,,
2026-08-22T09:40:00Z,2026-09-13T21:37:05Z,100,4.0,5.0,,,,,1018.2,26.8,26.9,,,,
2026-08-22T09:50:00Z,2026-09-13T21:37:05Z,100,4.0,5.0,,,,,1018.1,26.7,26.9,,,,
2026-08-22T10:00:00Z,2026-09-13T21:37:05Z,110,3.0,4.0,,,,,1018.0,26.7,26.9,,,+1.0,
2026-08-22T10:10:00Z,2026-09-13T21:37:05Z,100,3.0,5.0,,,,,1018.1,26.7,26.9,,,,
2026-08-22T10:20:00Z,2026-09-13T21:37:05Z,100,4.0,5.0,,,,,1018.0,26.7,27.0,,,,
2026-08-22T10:30:00Z,2026-09-13T21:37:05Z,100,5.0,8.0,,,,,1018.0,26.5,26.9,,,,
2026-08-22T10:40:00Z,2026-09-13T21:37:05Z,100,5.0,7.0,,,,,1018.1,26.0,26.9,,,,
2026-08-22T10:50:00Z,2026-09-13T21:37:05Z,100,6.0,8.0,,,,,1018.1,25.8,26.9,,,,
2026-08-22T11:00:00Z,2026-09-13T21:37:05Z,120,3.0,6.0,,,,,1018.1,25.4,27.0,,,+0.0,
2026-08-22T11:10:00Z,2026-09-13T21:37:05Z,110,2.0,4.0,,,,,1018.0,25.3,27.0,,,,
2026-08-22T11:20:00Z,2026-09-13T21:37:05Z,110,2.0,3.0,,,,,1017.9,25.4,27.0,,,,
2026-08-22T11:30:00Z,2026-09-13T21:37:05Z,100,2.0,3.0,,,,,1017.9,25.5,27.0,,,,
2026-08-22T11:40:00Z,2026-09-13T21:37:05Z,120,1.0,3.0,,,,,1017.8,25.7,27.0,,,,
2026-08-22T11:50:00Z,2026-09-13T21:37:05Z,110,4.0,5.0,,,,,1017.6,26.0,27.0,,,,
2026-08-22T12:00:00Z,2026-09-13T21:37:05Z,100,4.0,5.0,,,,,1017.7,26.2,27.0,,,-0.5,
2026-08-22T12:10:00Z,2026-09-13T21:37:05Z,100,4.0,6.0,,,,,1017.5,26.2,27.0,,,,
2026-08-22T12:20:00Z,2026-09-13T21:37:05Z,90,4.0,6.0,,,,,1017.4,26.2,27.0,,,,
2026-08-22T12:30:00Z,2026-09-13T21:37:05Z,100,4.0,6.0,,,,,1017.3,26.2,27.0,,,,
2026-08-22T12:40:00Z,2026-09-13T21:37:05Z,100,4.0,5.0,,,,,1017.2,26.2,27.0,,,,
2026-08-22T12:50:00Z,2026-09-13T21:37:05Z,100,4.0,5.0,,,,,1017.1,26.2,26.9,,,,
2026-08-22T13:00:00Z,2026-09-13T21:37:05Z,110,5.0,7.0,,,,,1017.1,26.3,26.9,,,-0.9,
2026-08-22T13:10:00Z,2026-09-13T21:37:05Z,110,5.0,7.0,,,,,1017.0,26.3,26.9,,,,
2026-08-22T13:20:00Z,2026-09-13T21:37:05Z,120,5.0,6.0,,,,,1016.9,26.4,26.9,,,,
2026-08-22T13:30:00Z,2026-09-13T21:37:05Z,120,5.0,6.0,,,,,1017.0,26.4,26.9,,,,
2026-08-22T13:40:00Z,2026-09-13T21:37:05Z,120,5.0,6.0,,,,,1016.9,26.5,26.9,,,,
2026-08-22T13:50:00Z,2026-09-13T21:37:05Z,120,5.0,6.0,,,,,1017.0,26.5,26.9,,,,
2026-08-22T14:00:00Z,2026-09-13T21:37:05Z,120,5.0,6.0,,,,,1017.0,26.4,26.9,,,-1.1,
2026-08-22T14:10:00Z,2026-09-13T21:37:05Z,120,5.0,6.0,,,,,1017.0,26.4,26.9,,,,
2026-08-22T14:20:00Z,2026-09-13T21:37:05Z,120,5.0,6.0,,,,,1017.1,26.4,26.9,,,,
2026-08-22T14:30:00Z,2026-09-13T21:37:05Z,120,5.0,6.0,,,,,1017.2,26.4,26.9,,,,
2026-08-22T14:40:00Z,2026-09-13T21:37:05Z,130,5.0,6.0,,,,,1017.3,26.4,26.9,,,,
2026-08-22T14:50:00Z,2026-09-13T21:37:05Z,120,5.0,6.0,,,,,1017.3,26.4,26.9,,,,
2026-08-22T15:00:00Z,2026-09-13T21:37:05Z,120,4.0,5.0,,,,,1017.3,26.4,26.8,,,-0.4,
2026-08-22T15:10:00Z,2026-09-13T21:37:05Z,130,5.0,6.0,,,,,1017.3,26.4,26.8,,,,
2026-08-22T15:20:00Z,2026-09-13T21:37:05Z,130,4.0,6.0,,,,,1017.3,26.4,26.8,,,,
2026-08-22T15:30:00Z,2026-09-13T21:37:05Z,130,4.0,5.0,,,,,1017.3,26.4,26.8,,,,
2026-08-22T15:40:00Z,2026-09-13T21:37:05Z,130,5.0,7.0,,,,,1017.4,26.4,26.8,,,,
2026-08-22T15:50:00Z,2026-09-13T21:37:05Z,130,5.0,7.0,,,,,1017.4,26.5,26.8,,,,
2026-08-22T16:00:00Z,2026-09-13T21:37:05Z,130,5.0,7.0,,,,,1017.5,26.5,26.8,,,+0.4,
2026-08-22T16:10:00Z,2026-09-13T21:37:05Z,140,5.0,7.0,,,,,1017.6,26.5,26.8,,,,
2026-08-22T16:20:00Z,2026-09-13T21:37:05Z,140,5.0,6.0,,,,,1017.7,26.5,26.8,,,,
2026-08-22T16:30:00Z,2026-09-13T21:37:05Z,130,5.0,6.0,,,,,1017.7,26.5,26.8,,,,
2026-08-22T16:40:00Z,2026-09-13T21:37:05Z,130,5.0,6.0,,,,,1017.8,26.5,26.8,,,,
2026-08-22T16:50:00Z,2026-09-13T21:37:05Z,140,4.0,6.0,,,,,1017.9,26.5,26.8,,,,
2026-08-22T17:00:00Z,2026-09-13T21:37:05Z,130,4.0,6.0,,,,,1018.0,26.5,26.8,,,+1.0,
2026-08-22T17:10:00Z,2026-09-13T21:37:05Z,130,4.0,5.0,,,,,1018.1,,26.9,,,,
2026-08-22T17:20:00Z,2026-09-13T21:37:05Z,130,4.0,5.0,,,,,1018.2,26.5,,,,,
2026-08-22T17:30:00Z,2026-09-13T21:37:05Z,130,4.0,6.0,,,,,1018.2,26.5,26.9,,,,
2026-08-22T17:40:00Z,2026-09-13T21:37:05Z,130,4.0,5.0,,,,,1018.3,26.6,26.9,,,,
2026-08-22T17:50:00Z,2026-09-13T21:37:05Z,130,3.0,5.0,,,,,1018.5,26.6,26.9,,,,
2026-08-22T18:00:00Z,2026-09-13T21:37:05Z,140,4.0,5.0,,,,,1018.5,26.6,26.9,,,+1.2,
2026-08-22T18:10:00Z,2026-09-13T21:37:05Z,140,3.0,5.0,,,,,1018.5,26.7,26.9,,,,
2026-08-22T18:20:00Z,2026-09-13T21:37:05Z,150,3.0,4.0,,,,,1018.6,26.7,26.9,,,,
2026-08-22T18:30:00Z,2026-09-13T21:37:05Z,150,3.0,5.0,,,,,1018.6,26.7,26.9,,,,
2026-08-22T18:40:00Z,2026-09-13T21:37:05Z,150,3.0,4.0,,,,,1018.6,26.7,26.9,,,,
2026-08-22T18:50:00Z,2026-09-13T21:37:05Z,,3.0,4.0,,,,,,26.8,26.9,,,,
2026-08-22T19:00:00Z,2026-09-13T21:37:05Z,140,3.0,5.0,,,,,1018.7,26.7,26.9,,,+1.2,
2026-08-22T19:10:00Z,2026-09-13T21:37:05Z,140,3.0,4.0,,,,,1018.7,26.8,26.9,,,,
2026-08-22T19:20:00Z,2026-09-13T21:37:05Z,150,3.0,5.0,,,,,1018.9,26.9,26.9,,,,
2026-08-22T19:30:00Z,2026-09-13T21:37:05Z,140,3.0,4.0,,,,,1019.0,26.9,26.9,,,,
2026-08-22T19:40:00Z,2026-09-13T21:37:05Z,130,3.0,4.0,,,,,1019.0,27.0,27.0,,,,
2026-08-22T19:50:00Z,2026-09-13T21:37:05Z,130,4.0,6.0,,,,,1019.1,27.0,27.0,,,,
2026-08-22T20:00:00Z,2026-09-13T21:37:05Z,130,4.0,5.0,,,,,1019.0,27.0,27.0,,,+1.0,
2026-08-22T20:10:00Z,2026-09-13T21:37:05Z,130,4.0,6.0,,,,,1019.1,27.0,27.0,,,,
2026-08-22T20:20:00Z,2026-09-13T21:37:05Z,120,4.0,5.0,,,,,1019.0,27.0,27.0,,,,
2026-08-22T20:30:00Z,2026-09-13T21:37:05Z,120,4.0,6.0,,,,,1019.1,27.0,27.0,,,,
2026-08-22T20:40:00Z,2026-09-13T21:37:05Z,120,4.0,6.0,,,,,1019.0,27.0,27.1,,,,
2026-08-22T20:50:00Z,2026-09-13T21:37:05Z,120,4.0,7.0,,,,,1019.1,27.0,27.1,,,,
2026-08-22T21:00:00Z,2026-09-13T21:37:05Z,120,5.0,6.0,,,,,1019.0,27.0,27.1,,,+0.5,
2026-08-22T21:10:00Z,2026-09-13T21:37:05Z,120,4.0,6.0,,,,,1019.0,27.1,,,,,
2026-08-22T21:20:00Z,2026-09-13T21:37:05Z,120,5.0,6.0,,,,,1019.0,27.0,,,,,
2026-08-22T21:30:00Z,2026-09-13T21:37:05Z,120,4.0,6.0,,,,,1019.0,27.0,27.1,,,,
2026-08-22T21:40:00Z,2026-09-13T21:37:05Z,120,5.0,6.0,,,,,1019.0,27.0,27.2,,,,
2026-08-22T21:50:00Z,2026-09-13T21:37:05Z,120,5.0,7.0,,,,,1018.8,27.0,27.2,,,,
2026-08-22T22:00:00Z,2026-09-13T21:37:05Z,110,5.0,7.0,,,,,1018.7,27.0,27.2,,,+0.0,
2026-08-22T22:10:00Z,2026-09-13T21:37:05Z,120,5.0,7.0,,,,,1018.6,27.0,27.2,,,,
2026-08-22T22:20:00Z,2026-09-13T21:37:05Z,120,5.0,6.0,,,,,1018.6,27.1,27.3,,,,
2026-08-22T22:30:00Z,2026-09-13T21:37:05Z,120,5.0,7.0,,,,,1018.4,27.1,27.3,,,,
2026-08-22T22:40:00Z,2026-09-13T21:37:05Z,120,5.0,7.0,,,,,1018.2,27.1,27.3,,,,
2026-08-22T22:50:00Z,2026-09-13T21:37:05Z,110,5.0,7.0,,,,,1018.1,27.1,27.3,,,,
2026-08-22T23:00:00Z,2026-09-13T21:37:05Z,110,6.0,8.0,,,,,1018.1,27.1,27.3,,,-0.9,
2026-08-22T23:10:00Z,2026-09-13T21:37:05Z,110,6.0,7.0,,,,,1018.0,27.1,27.3,,,,
2026-08-22T23:20:00Z,2026-09-13T21:37:05Z,120,6.0,8.0,,,,,1018.0,27.1,27.3,,,,
2026-08-22T23:40:00Z,2026-09-13T21:37:05Z,120,6.0,8.0,,,,,1017.8,27.1,27.2,,,,
2026-08-22T23:50:00Z,2026-09-13T21:37:05Z,,5.0,7.0,,,,,,27.1,27.3,,,,
2026-08-23T00:00:00Z,2026-09-13T21:37:05Z,110,6.0,9.0,,,,,1017.6,27.1,27.3,,,-1.4,
2026-08-23T00:10:00Z,2026-09-13T21:37:05Z,110,6.0,8.0,,,,,1017.5,27.1,27.2,,,,
2026-08-23T00:20:00Z,2026-09-13T21:37:05Z,110,6.0,8.0,,,,,1017.4,27.0,27.2,,,,
2026-08-23T00:30:00Z,2026-09-13T21:37:05Z,100,6.0,8.0,,,,,1017.3,27.1,,,,,
2026-08-23T00:40:00Z,2026-09-13T21:37:05Z,100,6.0,8.0,,,,,1017.3,27.1,27.3,,,,
2026-08-23T00:50:00Z,2026-09-13T21:37:05Z,110,7.0,8.0,,,,,1017.2,27.1,27.3,,,,
2026-08-23T01:00:00Z,2026-09-13T21:37:05Z,110,7.0,8.0,,,,,1017.1,27.1,27.3,,,-1.6,
2026-08-23T01:10:00Z,2026-09-13T21:37:05Z,100,7.0,9.0,,,,,1017.1,27.1,27.3,,,,
2026-08-23T01:20:00Z,2026-09-13T21:37:05Z,100,7.0,8.0,,,,,1017.1,27.1,27.3,,,,
2026-08-23T01:30:00Z,2026-09-13T21:37:05Z,100,7.0,9.0,,,,,1017.1,27.1,27.3,,,,
2026-08-23T01:40:00Z,2026-09-13T21:37:05Z,100,6.0,8.0,,,,,1017.0,27.1,27.3,,,,
2026-08-23T01:50:00Z,2026-09-13T21:37:05Z,100,6.0,8.0,,,,,1016.9,27.1,27.3,,,,
2026-08-23T02:00:00Z,2026-09-13T21:37:05Z,100,6.0,8.0,,,,,1016.9,27.1,27.3,,,-1.2,
2026-08-23T02:10:00Z,2026-09-13T21:37:05Z,100,6.0,8.0,,,,,1016.8,27.1,27.3,,,,
2026-08-23T02:20:00Z,2026-09-13T21:37:05Z,100,6.0,7.0,,,,,1016.9,27.1,27.3,,,,
2026-08-23T02:30:00Z,2026-09-13T21:37:05Z,90,6.0,8.0,,,,,1016.9,27.1,27.3,,,,
2026-08-23T02:40:00Z,2026-09-13T21:37:05Z,100,6.0,8.0,,,,,1016.9,27.1,27.3,,,,
2026-08-23T02:50:00Z,2026-09-13T21:37:05Z,100,6.0,8.0,,,,,1017.0,27.1,27.3,,,,
2026-08-23T03:00:00Z,2026-09-13T21:37:05Z,90,6.0,8.0,,,,,1017.0,27.1,27.3,,,-0.6,
2026-08-23T03:10:00Z,2026-09-13T21:37:05Z,100,6.0,8.0,,,,,1017.1,27.1,27.3,,,,
2026-08-23T03:20:00Z,2026-09-13T21:37:05Z,100,6.0,8.0,,,,,1017.1,27.1,27.2,,,,
2026-08-23T03:30:00Z,2026-09-13T21:37:05Z,100,6.0,8.0,,,,,1017.1,27.1,27.2,,,,
2026-08-23T03:40:00Z,2026-09-13T21:37:05Z,100,6.0,8.0,,,,,1017.2,27.2,27.3,,,,
2026-08-23T03:50:00Z,2026-09-13T21:37:05Z,100,6.0,8.0,,,,,1017.3,27.1,27.2,,,,
2026-08-23T04:00:00Z,2026-09-13T21:37:05Z,100,6.0,8.0,,,,,1017.3,27.1,27.2,,,-0.0,
2026-08-23T04:10:00Z,2026-09-13T21:37:05Z,100,7.0,8.0,,,,,1017.5,27.1,27.2,,,,
2026-08-23T04:20:00Z,2026-09-13T21:37:05Z,100,6.0,8.0,,,,,1017.6,27.1,27.1,,,,
2026-08-23T04:30:00Z,2026-09-13T21:37:05Z,100,6.0,8.0,,,,,1017.7,27.1,27.1,,,,
2026-08-23T04:40:00Z,2026-09-13T21:37:05Z,90,6.0,8.0,,,,,1017.8,27.1,27.1,,,,
2026-08-23T04:50:00Z,2026-09-13T21:37:05Z,100,6.0,8.0,,,,,1018.0,27.1,27.1,,,,
2026-08-23T05:00:00Z,2026-09-13T21:37:05Z,100,6.0,8.0,,,,,1018.0,27.1,27.1,,,+1.1,
2026-08-23T05:10:00Z,2026-09-13T21:37:05Z,90,7.0,8.0,,,,,1018.0,27.0,27.1,,,,
2026-08-23T05:20:00Z,2026-09-13T21:37:05Z,90,6.0,8.0,,,,,1018.1,27.0,27.0,,,,
2026-08-23T05:30:00Z,2026-09-13T21:37:05Z,90,6.0,8.0,,,,,1018.2,27.0,27.0,,,,
2026-08-23T05:40:00Z,2026-09-13T21:37:05Z,90,6.0,8.0,,,,,1018.2,26.9,27.0,,,,
2026-08-23T05:50:00Z,2026-09-13T21:37:05Z,80,5.0,7.0,,,,,1018.4,26.6,27.0,,,,
2026-08-23T06:00:00Z,2026-09-13T21:37:05Z,90,6.0,10.0,,,,,1018.5,26.8,27.0,,,+1.5,
2026-08-23T06:10:00Z,2026-09-13T21:37:05Z,90,7.0,8.0,,,,,1018.6,26.8,27.0,,,,
2026-08-23T06:20:00Z,2026-09-13T21:37:05Z,90,7.0,9.0,,,,,1018.7,26.9,27.0,,,,
2026-08-23T06:30:00Z,2026-09-13T21:37:05Z,90,7.0,10.0,,,,,1018.8,26.9,27.0,,,,
2026-08-23T06:40:00Z,2026-09-13T21:37:05Z,90,8.0,10.0,,,,,1018.9,26.7,27.0,,,,
2026-08-23T06:50:00Z,2026-09-13T21:37:05Z,80,7.0,9.0,,,,,1019.3,26.5,,,,,
2026-08-23T07:00:00Z,2026-09-13T21:37:05Z,80,7.0,8.0,,,,,1019.4,26.6,27.0,,,+2.1,
2026-08-23T07:10:00Z,2026-09-13T21:37:05Z,80,7.0,9.0,,,,,1019.5,26.6,26.9,,,,
2026-08-23T07:20:00Z,2026-09-13T21:37:05Z,,7.0,9.0,,,,,,26.4,27.0,,,,
2026-08-23T07:30:00Z,2026-09-13T21:37:05Z,80,7.0,9.0,,,,,1019.6,26.4,27.0,,,,
2026-08-23T07:40:00Z,2026-09-13T21:37:05Z,80,7.0,9.0,,,,,1019.6,26.6,27.0,,,,
2026-08-23T07:50:00Z,2026-09-13T21:37:05Z,90,7.0,9.0,,,,,1019.6,26.7,26.9,,,,
2026-08-23T08:00:00Z,2026-09-13T21:37:05Z,90,7.0,9.0,,,,,1019.6,26.9,26.9,,,+1.6,
2026-08-23T08:10:00Z,2026-09-13T21:37:05Z,90,7.0,9.0,,,,,1019.5,27.0,26.9,,,,
2026-08-23T08:20:00Z,2026-09-13T21:37:05Z,90,8.0,10.0,,,,,1019.5,26.9,26.9,,,,
2026-08-23T08:30:00Z,2026-09-13T21:37:05Z,90,8.0,10.0,,,,,1019.6,26.9,26.9,,,,
2026-08-23T08:40:00Z,2026-09-13T21:37:05Z,90,7.0,10.0,,,,,1019.5,26.9,26.9,,,,
2026-08-23T08:50:00Z,2026-09-13T21:37:05Z,90,7.0,9.0,,,,,1019.5,26.9,26.9,,,,
2026-08-23T09:00:00Z,2026-09-13T21:37:05Z,90,7.0,9.0,,,,,1019.4,26.8,26.9,,,+0.9,
2026-08-23T09:10:00Z,2026-09-13T21:37:05Z,90,8.0,10.0,,,,,1019.3,26.8,26.9,,,,
2026-08-23T09:20:00Z,2026-09-13T21:37:05Z,90,8.0,10.0,,,,,1019.3,26.8,26.9,,,,
2026-08-23T09:30:00Z,2026-09-13T21:37:05Z,100,8.0,10.0,,,,,1019.2,26.8,26.9,,,,
2026-08-23T09:40:00Z,2026-09-13T21:37:05Z,100,8.0,10.0,,,,,1019.3,26.7,26.9,,,,
2026-08-23T09:50:00Z,2026-09-13T21:37:05Z,100,7.0,10.0,,,,,1019.3,26.7,26.9,,,,
2026-08-23T10:00:00Z,2026-09-13T21:37:05Z,100,8.0,10.0,,,,,1019.2,26.7,26.9,,,+0.0,
2026-08-23T10:10:00Z,2026-09-13T21:37:05Z,110,8.0,10.0,,,,,1019.2,26.6,26.9,,,,
2026-08-23T10:20:00Z,2026-09-13T21:37:05Z,100,7.0,10.0,,,,,1019.3,26.7,26.9,,,,
2026-08-23T10:30:00Z,2026-09-13T21:37:05Z,100,8.0,10.0,,,,,1019.3,26.5,26.9,,,,
2026-08-23T10:40:00Z,2026-09-13T21:37:05Z,100,8.0,10.0,,,,,1019.2,26.6,26.9,,,,
2026-08-23T10:50:00Z,2026-09-13T21:37:05Z,90,7.0,9.0,,,,,1019.2,26.6,26.9,,,,
2026-08-23T11:00:00Z,2026-09-13T21:37:05Z,100,7.0,9.0,,,,,1019.1,26.6,26.9,,,-0.5,
2026-08-23T11:10:00Z,2026-09-13T21:37:05Z,100,7.0,10.0,,,,,1019.0,26.7,26.9,,,,
2026-08-23T11:20:00Z,2026-09-13T21:37:05Z,110,8.0,10.0,,,,,1018.7,26.5,26.9,,,,
2026-08-23T11:30:00Z,2026-09-13T21:37:05Z,110,8.0,9.0,,,,,1018.7,26.7,26.9,,,,
2026-08-23T11:40:00Z,2026-09-13T21:37:05Z,100,8.0,9.0,,,,,1018.6,26.7,26.9,,,,
2026-08-23T11:50:00Z,2026-09-13T21:37:05Z,100,8.0,10.0,,,,,1018.6,26.5,26.9,,,,
2026-08-23T12:00:00Z,2026-09-13T21:37:05Z,100,6.0,8.0,,,,,1018.6,26.4,26.9,,,-0.8,
2026-08-23T12:10:00Z,2026-09-13T21:37:05Z,100,7.0,9.0,,,,,1018.6,26.5,26.9,,,,
2026-08-23T12:20:00Z,2026-09-13T21:37:05Z,100,8.0,10.0,,,,,1018.6,26.6,26.9,,,,
2026-08-23T12:30:00Z,2026-09-13T21:37:05Z,100,8.0,10.0,,,,,1018.5,26.7,26.9,,,,
2026-08-23T12:40:00Z,2026-09-13T21:37:05Z,110,7.0,9.0,,,,,1018.5,26.7,26.9,,,,
2026-08-23T12:50:00Z,2026-09-13T21:37:05Z,100,7.0,9.0,,,,,1018.4,26.6,26.9,,,,
2026-08-23T13:00:00Z,2026-09-13T21:37:05Z,100,7.0,9.0,,,,,1018.3,26.6,26.9,,,-0.9,
2026-08-23T13:10:00Z,2026-09-13T21:37:05Z,100,7.0,9.0,,,,,1018.3,26.6,26.9,,,,
2026-08-23T13:20:00Z,2026-09-13T21:37:05Z,100,7.0,9.0,,,,,1018.3,26.6,26.9,,,,
2026-08-23T13:30:00Z,2026-09-13T21:37:05Z,100,6.0,8.0,,,,,1018.3,26.6,26.9,,,,
2026-08-23T13:40:00Z,2026-09-13T21:37:05Z,100,7.0,9.0,,,,,1018.2,26.5,26.9,,,,
2026-08-23T13:50:00Z,2026-09-13T21:37:05Z,100,7.0,8.0,,,,,1018.2,26.5,26.9,,,,
2026-08-23T14:00:00Z,2026-09-13T21:37:05Z,100,7.0,8.0,,,,,1018.2,26.5,26.9,,,-0.9,
2026-08-23T14:10:00Z,2026-09-13T21:37:05Z,100,7.0,8.0,,,,,1018.2,26.5,26.9,,,,
2026-08-23T14:20:00Z,2026-09-13T21:37:05Z,100,7.0,8.0,,,,,1018.0,26.5,26.9,,,,
2026-08-23T14:30:00Z,2026-09-13T21:37:05Z,100,7.0,8.0,,,,,1018.1,26.5,26.9,,,,
2026-08-23T14:40:00Z,2026-09-13T21:37:05Z,100,7.0,8.0,,,,,1018.1,26.5,26.9,,,,
2026-08-23T14:50:00Z,2026-09-13T21:37:05Z,100,6.0,8.0,,,,,1018.2,26.5,26.9,,,,
2026-08-23T15:00:00Z,2026-09-13T21:37:05Z,100,6.0,7.0,,,,,1018.1,26.5,26.9,,,-0.5,
2026-08-23T15:10:00Z,2026-09-13T21:37:05Z,100,6.0,8.0,,,,,1018.0,26.5,26.9,,,,
2026-08-23T15:20:00Z,2026-09-13T21:37:05Z,110,7.0,8.0,,,,,1018.0,26.5,26.9,,,,
2026-08-23T15:30:00Z,2026-09-13T21:37:05Z,110,7.0,8.0,,,,,1018.1,26.4,26.9,,,,
2026-08-23T15:40:00Z,2026-09-13T21:37:05Z,100,7.0,9.0,,,,,1017.9,26.5,26.9,,,,
2026-08-23T15:50:00Z,2026-09-13T21:37:05Z,100,7.0,9.0,,,,,1017.9,26.4,26.9,,,,
2026-08-23T16:00:00Z,2026-09-13T21:37:05Z,100,7.0,8.0,,,,,1018.0,26.4,27.0,,,-0.3,
2026-08-23T16:10:00Z,2026-09-13T21:37:05Z,100,7.0,8.0,,,,,1018.2,26.4,26.9,,,,
2026-08-23T16:20:00Z,2026-09-13T21:37:05Z,90,6.0,8.0,,,,,1018.3,26.4,26.9,,,,
2026-08-23T16:30:00Z,2026-09-13T21:37:05Z,90,6.0,7.0,,,,,1018.5,26.4,26.9,,,,
2026-08-23T16:40:00Z,2026-09-13T21:37:05Z,90,7.0,8.0,,,,,1018.6,26.4,27.0,,,,
2026-08-23T16:50:00Z,2026-09-13T21:37:05Z,90,6.0,8.0,,,,,1018.7,26.5,27.0,,,,
2026-08-23T17:00:00Z,2026-09-13T21:37:05Z,90,6.0,7.0,,,,,1019.0,26.5,26.9,,,+0.8,
2026-08-23T17:10:00Z,2026-09-13T21:37:05Z,90,6.0,7.0,,,,,1019.1,26.5,27.0,,,,
2026-08-23T17:20:00Z,2026-09-13T21:37:05Z,80,6.0,7.0,,,,,1019.3,26.6,26.9,,,,
2026-08-23T17:30:00Z,2026-09-13T21:37:05Z,90,6.0,8.0,,,,,1019.4,26.6,26.9,,,,
2026-08-23T17:40:00Z,2026-09-13T21:37:05Z,80,6.0,7.0,,,,,1019.4,26.6,,,,,
2026-08-23T17:50:00Z,2026-09-13T21:37:05Z,80,6.0,7.0,,,,,1019.6,26.6,26.9,,,,
2026-08-23T18:00:00Z,2026-09-13T21:37:05Z,80,6.0,8.0,,,,,1019.7,26.6,26.9,,,+1.6,
2026-08-23T18:10:00Z,2026-09-13T21:37:05Z,80,6.0,8.0,,,,,1019.8,26.7,26.9,,,,
2026-08-23T18:20:00Z,2026-09-13T21:37:05Z,80,6.0,8.0,,,,,1019.9,26.7,,,,,
2026-08-23T18:30:00Z,2026-09-13T21:37:05Z,70,6.0,8.0,,,,,1019.8,26.6,26.9,,,,
2026-08-23T18:40:00Z,2026-09-13T21:37:05Z,80,7.0,9.0,,,,,1019.9,26.7,26.9,,,,
2026-08-23T18:50:00Z,2026-09-13T21:37:05Z,80,7.0,9.0,,,,,1020.1,26.7,,,,,
2026-08-23T19:00:00Z,2026-09-13T21:37:05Z,80,7.0,8.0,,,,,1020.1,26.7,26.9,,,+2.1,
2026-08-23T19:10:00Z,2026-09-13T21:37:05Z,80,6.0,8.0,,,,,1020.2,26.7,26.9,,,,
2026-08-23T19:20:00Z,2026-09-13T21:37:05Z,80,7.0,8.0,,,,,1020.2,26.7,26.9,,,,
2026-08-23T19:30:00Z,2026-09-13T21:37:05Z,70,7.0,9.0,,,,,1020.1,26.7,26.9,,,,
2026-08-23T19:40:00Z,2026-09-13T21:37:05Z,80,7.0,9.0,,,,,1020.2,26.7,26.9,,,,
2026-08-23T19:50:00Z,2026-09-13T21:37:05Z,80,7.0,9.0,,,,,1020.2,26.7,26.9,,,,
2026-08-23T20:00:00Z,2026-09-13T21:37:05Z,80,7.0,9.0,,,,,1020.1,26.7,26.9,,,+1.1,
2026-08-23T20:10:00Z,2026-09-13T21:37:05Z,80,7.0,9.0,,,,,1020.1,26.7,26.9,,,,
2026-08-23T20:20:00Z,2026-09-13T21:37:05Z,80,7.0,9.0,,,,,1020.0,26.7,26.9,,,,
2026-08-23T20:30:00Z,2026-09-13T21:37:05Z,70,7.0,9.0,,,,,1020.1,26.6,27.0,,,,
2026-08-23T20:40:00Z,2026-09-13T21:37:05Z,80,7.0,9.0,,,,,1020.1,26.6,26.9,,,,
2026-08-23T20:50:00Z,2026-09-13T21:37:05Z,80,7.0,8.0,,,,,1020.1,26.7,26.9,,,,
2026-08-23T21:00:00Z,2026-09-13T21:37:05Z,70,7.0,8.0,,,,,1020.0,26.6,27.0,,,+0.3,
2026-08-23T21:10:00Z,2026-09-13T21:37:05Z,70,7.0,8.0,,,,,1020.0,26.6,27.0,,,,
2026-08-23T21:20:00Z,2026-09-13T21:37:05Z,80,7.0,9.0,,,,,1020.0,26.6,27.0,,,,
2026-08-23T21:30:00Z,2026-09-13T21:37:05Z,80,7.0,9.0,,,,,1020.0,26.6,27.0,,,,
2026-08-23T21:40:00Z,2026-09-13T21:37:05Z,80,7.0,9.0,,,,,1020.1,26.6,27.0,,,,
2026-08-23T21:50:00Z,2026-09-13T21:37:05Z,70,7.0,9.0,,,,,1020.0,26.6,27.0,,,,
2026-08-23T22:00:00Z,2026-09-13T21:37:05Z,70,7.0,9.0,,,,,1019.9,26.6,27.0,,,+0.0,
2026-08-23T22:10:00Z,2026-09-13T21:37:05Z,80,8.0,9.0,,,,,1019.8,26.6,27.0,,,,
2026-08-23T22:20:00Z,2026-09-13T21:37:05Z,80,7.0,9.0,,,,,1019.8,26.6,27.0,,,,
2026-08-23T22:30:00Z,2026-09-13T21:37:05Z,80,8.0,10.0,,,,,1019.6,26.6,27.0,,,,
2026-08-23T22:40:00Z,2026-09-13T21:37:05Z,80,8.0,10.0,,,,,1019.5,26.6,27.0,,,,
2026-08-23T22:50:00Z,2026-09-13T21:37:05Z,70,7.0,9.0,,,,,1019.4,26.6,27.0,,,,
2026-08-23T23:00:00Z,2026-09-13T21:37:05Z,80,7.0,9.0,,,,,1019.3,26.7,27.0,,,-0.8,
2026-08-23T23:10:00Z,2026-09-13T21:37:05Z,80,8.0,10.0,,,,,1019.2,26.6,27.0,,,,
2026-08-23T23:20:00Z,2026-09-13T21:37:05Z,80,9.0,11.0,,,,,1019.1,26.5,27.0,,,,
2026-08-23T23:40:00Z,2026-09-13T21:37:05Z,70,9.0,10.0,,,,,1018.9,26.5,27.0,,,,
2026-08-23T23:50:00Z,2026-09-13T21:37:05Z,70,8.0,10.0,,,,,1018.8,26.5,27.0,,,,
2026-08-24T00:00:00Z,2026-09-13T21:37:05Z,70,8.0,11.0,,,,,1018.7,26.6,27.0,,,-1.3,
2026-08-24T00:10:00Z,2026-09-13T21:37:05Z,70,8.0,10.0,,,,,1018.7,26.5,27.0,,,,
2026-08-24T00:20:00Z,2026-09-13T21:37:05Z,70,8.0,10.0,,,,,1018.5,26.5,27.0,,,,
2026-08-24T00:30:00Z,2026-09-13T21:37:05Z,80,8.0,11.0,,,,,1018.4,26.6,27.0,,,,
2026-08-24T00:40:00Z,2026-09-13T21:37:05Z,80,8.0,10.0,,,,,1018.4,26.6,27.0,,,,
2026-08-24T00:50:00Z,2026-09-13T21:37:05Z,80,9.0,11.0,,,,,1018.1,26.6,,,,,
2026-08-24T01:00:00Z,2026-09-13T21:37:05Z,80,9.0,10.0,,,,,1018.1,26.6,27.0,,,-1.8,
2026-08-24T01:10:00Z,2026-09-13T21:37:05Z,80,8.0,10.0,,,,,1018.0,26.6,27.0,,,,
2026-08-24T01:20:00Z,2026-09-13T21:37:05Z,90,8.0,11.0,,,,,1017.9,26.6,27.0,,,,
2026-08-24T01:30:00Z,2026-09-13T21:37:05Z,80,8.0,10.0,,,,,1017.9,26.6,27.0,,,,
2026-08-24T01:40:00Z,2026-09-13T21:37:05Z,80,8.0,11.0,,,,,1017.8,26.6,27.1,,,,
2026-08-24T01:50:00Z,2026-09-13T21:37:05Z,90,8.0,11.0,,,,,1017.8,26.6,27.1,,,,
2026-08-24T02:00:00Z,2026-09-13T21:37:05Z,80,8.0,10.0,,,,,1017.7,26.6,27.1,,,-1.6,
2026-08-24T02:10:00Z,2026-09-13T21:37:05Z,80,8.0,10.0,,,,,1017.7,26.6,27.1,,,,
2026-08-24T02:20:00Z,2026-09-13T21:37:05Z,80,8.0,10.0,,,,,1017.7,26.6,27.1,,,,
2026-08-24T02:30:00Z,2026-09-13T21:37:05Z,90,8.0,11.0,,,,,1017.6,26.6,27.0,,,,
2026-08-24T02:40:00Z,2026-09-13T21:37:05Z,80,8.0,11.0,,,,,1017.6,26.6,27.0,,,,
2026-08-24T02:50:00Z,2026-09-13T21:37:05Z,80,8.0,10.0,,,,,1017.6,26.6,27.0,,,,
2026-08-24T03:00:00Z,2026-09-13T21:37:05Z,80,8.0,10.0,,,,,1017.7,26.6,27.0,,,-1.0,
2026-08-24T03:10:00Z,2026-09-13T21:37:05Z,80,8.0,11.0,,,,,1017.7,26.6,27.0,,,,
2026-08-24T03:20:00Z,2026-09-13T21:37:05Z,90,8.0,10.0,,,,,1017.7,26.6,27.0,,,,
2026-08-24T03:30:00Z,2026-09-13T21:37:05Z,80,8.0,10.0,,,,,1017.7,26.6,27.0,,,,
2026-08-24T03:40:00Z,2026-09-13T21:37:05Z,90,7.0,9.0,,,,,1017.9,26.6,27.0,,,,
2026-08-24T03:50:00Z,2026-09-13T21:37:05Z,90,8.0,10.0,,,,,1017.8,26.6,27.0,,,,
2026-08-24T04:00:00Z,2026-09-13T21:37:05Z,90,8.0,10.0,,,,,1017.8,26.5,27.0,,,-0.3,
2026-08-24T04:10:00Z,2026-09-13T21:37:05Z,80,8.0,10.0,,,,,1017.8,26.5,27.0,,,,
2026-08-24T04:20:00Z,2026-09-13T21:37:05Z,80,8.0,10.0,,,,,1017.7,26.5,27.0,,,,
2026-08-24T04:30:00Z,2026-09-13T21:37:05Z,80,8.0,10.0,,,,,1017.8,26.5,27.0,,,,
2026-08-24T04:40:00Z,2026-09-13T21:37:05Z,80,7.0,9.0,,,,,1017.9,26.5,27.0,,,,
2026-08-24T04:50:00Z,2026-09-13T21:37:05Z,80,7.0,10.0,,,,,1018.0,26.5,27.0,,,,
2026-08-24T05:00:00Z,2026-09-13T21:37:05Z,70,7.0,10.0,,,,,1017.9,26.5,27.0,,,+0.0,
2026-08-24T05:10:00Z,2026-09-13T21:37:05Z,70,8.0,9.0,,,,,1017.9,26.4,27.0,,,,
2026-08-24T05:20:00Z,2026-09-13T21:37:05Z,70,7.0,9.0,,,,,1018.0,26.4,27.0,,,,
2026-08-24T05:30:00Z,2026-09-13T21:37:05Z,80,7.0,9.0,,,,,1018.0,26.4,27.0,,,,
2026-08-24T05:40:00Z,2026-09-13T21:37:05Z,70,7.0,9.0,,,,,1018.1,26.5,27.0,,,,
2026-08-24T05:50:00Z,2026-09-13T21:37:05Z,80,7.0,9.0,,,,,1018.2,26.4,,,,,
2026-08-24T06:00:00Z,2026-09-13T21:37:05Z,80,8.0,10.0,,,,,1018.3,26.4,27.0,,,+0.6,
2026-08-24T06:10:00Z,2026-09-13T21:37:05Z,80,7.0,9.0,,,,,1018.3,26.4,27.0,,,,
2026-08-24T06:20:00Z,2026-09-13T21:37:05Z,80,8.0,10.0,,,,,1018.3,26.4,,,,,
2026-08-24T06:30:00Z,2026-09-13T21:37:05Z,80,7.0,9.0,,,,,1018.4,26.5,27.0,,,,
2026-08-24T06:40:00Z,2026-09-13T21:37:05Z,80,8.0,10.0,,,,,1018.6,26.5,27.0,,,,
2026-08-24T06:50:00Z,2026-09-13T21:37:05Z,80,8.0,10.0,,,,,1018.7,26.4,27.0,,,,
2026-08-24T07:00:00Z,2026-09-13T21:37:05Z,70,8.0,10.0,,,,,1018.8,26.4,27.0,,,+1.0,
2026-08-24T07:10:00Z,2026-09-13T21:37:05Z,80,8.0,9.0,,,,,1018.9,26.4,,,,,
2026-08-24T07:20:00Z,2026-09-13T21:37:05Z,70,8.0,10.0,,,,,1019.0,26.4,27.0,,,,
2026-08-24T07:30:00Z,2026-09-13T21:37:05Z,80,8.0,10.0,,,,,1019.1,26.4,27.0,,,,
2026-08-24T07:40:00Z,2026-09-13T21:37:05Z,70,8.0,10.0,,,,,1019.2,26.4,27.0,,,,
2026-08-24T07:50:00Z,2026-09-13T21:37:05Z,,8.0,10.0,,,,,,26.4,27.0,,,,
2026-08-24T08:00:00Z,2026-09-13T21:37:05Z,70,7.0,10.0,,,,,1019.4,26.4,27.0,,,+1.5,
2026-08-24T08:10:00Z,2026-09-13T21:37:05Z,70,8.0,10.0,,,,,1019.3,26.4,27.0,,,,
2026-08-24T08:20:00Z,2026-09-13T21:37:05Z,70,8.0,10.0,,,,,1019.3,26.4,27.0,,,,
2026-08-24T08:30:00Z,2026-09-13T21:37:05Z,70,8.0,11.0,,,,,1019.2,26.4,27.0,,,,
2026-08-24T08:40:00Z,2026-09-13T21:37:05Z,70,8.0,10.0,,,,,1019.1,26.4,27.0,,,,
2026-08-24T08:50:00Z,2026-09-13T21:37:05Z,70,8.0,11.0,,,,,1019.0,26.4,27.0,,,,
2026-08-24T09:00:00Z,2026-09-13T21:37:05Z,80,9.0,11.0,,,,,1018.9,26.4,27.0,,,+0.6,
2026-08-24T09:10:00Z,2026-09-13T21:37:05Z,80,9.0,11.0,,,,,1018.8,26.3,27.0,,,,
2026-08-24T09:20:00Z,2026-09-13T21:37:05Z,70,8.0,11.0,,,,,1018.9,26.4,27.0,,,,
2026-08-24T09:30:00Z,2026-09-13T21:37:05Z,70,8.0,10.0,,,,,1018.8,26.3,27.0,,,,
2026-08-24T09:40:00Z,2026-09-13T21:37:05Z,70,9.0,11.0,,,,,1018.9,26.4,27.0,,,,
2026-08-24T09:50:00Z,2026-09-13T21:37:05Z,70,8.0,10.0,,,,,1018.8,26.4,27.0,,,,
2026-08-24T10:00:00Z,2026-09-13T21:37:05Z,80,9.0,11.0,,,,,1018.8,26.4,27.0,,,+0.0,
2026-08-24T10:10:00Z,2026-09-13T21:37:05Z,80,9.0,11.0,,,,,1018.7,26.4,27.0,,,,
2026-08-24T10:20:00Z,2026-09-13T21:37:05Z,70,8.0,10.0,,,,,1018.6,26.4,27.0,,,,
2026-08-24T10:30:00Z,2026-09-13T21:37:05Z,70,8.0,10.0,,,,,1018.6,26.3,27.0,,,,
2026-08-24T10:40:00Z,2026-09-13T21:37:05Z,70,9.0,10.0,,,,,1018.5,26.3,27.0,,,,
2026-08-24T10:50:00Z,2026-09-13T21:37:05Z,70,9.0,11.0,,,,,1018.5,26.3,27.0,,,,
2026-08-24T11:00:00Z,2026-09-13T21:37:05Z,70,8.0,11.0,,,,,1018.4,26.3,26.9,,,-1.0,
2026-08-24T11:10:00Z,2026-09-13T21:37:05Z,70,9.0,10.0,,,,,1018.3,26.2,26.9,,,,
2026-08-24T11:20:00Z,2026-09-13T21:37:05Z,70,9.0,11.0,,,,,1018.2,26.2,26.9,,,,
2026-08-24T11:30:00Z,2026-09-13T21:37:05Z,70,9.0,11.0,,,,,1018.0,26.2,26.9,,,,
2026-08-24T11:40:00Z,2026-09-13T21:37:05Z,70,9.0,11.0,,,,,1018.0,26.1,26.9,,,,
2026-08-24T11:50:00Z,2026-09-13T21:37:05Z,80,9.0,11.0,,,,,1017.9,26.1,,,,,
2026-08-24T12:00:00Z,2026-09-13T21:37:05Z,70,9.0,11.0,,,,,1017.7,26.1,26.9,,,-1.2,
2026-08-24T12:10:00Z,2026-09-13T21:37:05Z,70,9.0,12.0,,,,,1017.7,26.0,26.9,,,,
2026-08-24T12:20:00Z,2026-09-13T21:37:05Z,70,9.0,11.0,,,,,1017.6,26.1,26.9,,,,
2026-08-24T12:30:00Z,2026-09-13T21:37:05Z,70,9.0,11.0,,,,,1017.6,26.1,26.9,,,,
2026-08-24T12:40:00Z,2026-09-13T21:37:05Z,80,9.0,11.0,,,,,1017.5,26.0,26.9,,,,
2026-08-24T12:50:00Z,2026-09-13T21:37:05Z,80,8.0,11.0,,,,,1017.5,26.1,,,,,
2026-08-24T13:00:00Z,2026-09-13T21:37:05Z,70,8.0,10.0,,,,,1017.4,26.0,26.9,,,-1.4,
2026-08-24T13:10:00Z,2026-09-13T21:37:05Z,70,8.0,10.0,,,,,1017.4,26.1,26.9,,,,
2026-08-24T13:20:00Z,2026-09-13T21:37:05Z,70,8.0,10.0,,,,,1017.4,26.1,26.9,,,,
2026-08-24T13:30:00Z,2026-09-13T21:37:05Z,70,8.0,11.0,,,,,1017.3,26.0,26.9,,,,
2026-08-24T13:40:00Z,2026-09-13T21:37:05Z,70,9.0,12.0,,,,,1017.2,26.0,26.9,,,,
2026-08-24T13:50:00Z,2026-09-13T21:37:05Z,70,10.0,12.0,,,,,1017.2,25.9,26.8,,,,
2026-08-24T14:00:00Z,2026-09-13T21:37:05Z,80,10.0,12.0,,,,,1017.3,26.0,26.9,,,-1.1,
2026-08-24T14:10:00Z,2026-09-13T21:37:05Z,80,9.0,11.0,,,,,1017.3,26.0,26.9,,,,
2026-08-24T14:20:00Z,2026-09-13T21:37:05Z,70,9.0,11.0,,,,,1017.4,26.0,26.8,,,,
2026-08-24T14:30:00Z,2026-09-13T21:37:05Z,70,8.0,11.0,,,,,1017.2,26.0,26.8,,,,
2026-08-24T14:40:00Z,2026-09-13T21:37:05Z,80,9.0,11.0,,,,,1017.3,26.0,26.8,,,,
2026-08-24T14:50:00Z,2026-09-13T21:37:05Z,80,9.0,11.0,,,,,1017.3,26.0,26.8,,,,
2026-08-24T15:00:00Z,2026-09-13T21:37:05Z,80,9.0,11.0,,,,,1017.3,26.0,26.8,,,-0.4,
2026-08-24T15:10:00Z,2026-09-13T21:37:05Z,80,9.0,12.0,,,,,1017.4,25.9,26.8,,,,
2026-08-24T15:20:00Z,2026-09-13T21:37:05Z,80,9.0,11.0,,,,,1017.4,26.0,26.8,,,,
2026-08-24T15:30:00Z,2026-09-13T21:37:05Z,70,8.0,10.0,,,,,1017.4,25.9,26.8,,,,
2026-08-24T15:40:00Z,2026-09-13T21:37:05Z,70,8.0,10.0,,,,,1017.4,25.9,26.8,,,,
2026-08-24T15:50:00Z,2026-09-13T21:37:05Z,70,8.0,11.0,,,,,1017.4,26.0,26.8,,,,
2026-08-24T16:00:00Z,2026-09-13T21:37:05Z,70,8.0,10.0,,,,,1017.6,26.0,26.8,,,-0.0,
2026-08-24T16:10:00Z,2026-09-13T21:37:05Z,70,8.0,10.0,,,,,1017.6,25.9,26.8,,,,
2026-08-24T16:20:00Z,2026-09-13T21:37:05Z,70,8.0,10.0,,,,,1017.7,26.0,26.8,,,,
2026-08-24T16:30:00Z,2026-09-13T21:37:05Z,70,8.0,10.0,,,,,1017.9,26.0,26.8,,,,
2026-08-24T16:40:00Z,2026-09-13T21:37:05Z,70,8.0,10.0,,,,,1018.0,26.0,26.8,,,,
2026-08-24T16:50:00Z,2026-09-13T21:37:05Z,70,8.0,10.0,,,,,1018.0,25.9,26.8,,,,
2026-08-24T17:00:00Z,2026-09-13T21:37:05Z,70,8.0,10.0,,,,,1018.1,25.9,26.8,,,+0.8,
2026-08-24T17:10:00Z,2026-09-13T21:37:05Z,70,8.0,10.0,,,,,1018.2,26.0,26.8,,,,
2026-08-24T17:20:00Z,2026-09-13T21:37:05Z,70,8.0,10.0,,,,,1018.4,26.0,26.8,,,,
2026-08-24T17:30:00Z,2026-09-13T21:37:05Z,70,8.0,9.0,,,,,1018.4,26.1,26.8,,,,
2026-08-24T17:40:00Z,2026-09-13T21:37:05Z,70,7.0,9.0,,,,,1018.5,26.1,26.8,,,,
2026-08-24T17:50:00Z,2026-09-13T21:37:05Z,70,8.0,9.0,,,,,1018.5,26.1,26.8,,,,
2026-08-24T18:00:00Z,2026-09-13T21:37:05Z,70,7.0,9.0,,,,,1018.5,26.2,26.8,,,+1.2,
2026-08-24T18:10:00Z,2026-09-13T21:37:05Z,60,7.0,8.0,,,,,1018.5,26.3,26.8,,,,
2026-08-24T18:20:00Z,2026-09-13T21:37:05Z,70,7.0,9.0,,,,,1018.5,26.3,26.8,,,,
2026-08-24T18:30:00Z,2026-09-13T21:37:05Z,70,7.0,9.0,,,,,1018.6,26.3,26.8,,,,
2026-08-24T18:40:00Z,2026-09-13T21:37:05Z,70,7.0,9.0,,,,,1018.8,26.3,26.9,,,,
2026-08-24T18:50:00Z,2026-09-13T21:37:05Z,70,7.0,9.0,,,,,1018.8,26.3,,,,,
2026-08-24T19:00:00Z,2026-09-13T21:37:05Z,70,7.0,9.0,,,,,1018.9,26.2,26.9,,,+1.3,
2026-08-24T19:10:00Z,2026-09-13T21:37:05Z,70,7.0,9.0,,,,,1018.8,26.3,26.9,,,,
2026-08-24T19:20:00Z,2026-09-13T21:37:05Z,70,7.0,9.0,,,,,1018.9,26.3,26.9,,,,
2026-08-24T19:30:00Z,2026-09-13T21:37:05Z,70,8.0,9.0,,,,,1018.9,26.2,26.9,,,,
2026-08-24T19:40:00Z,2026-09-13T21:37:05Z,70,7.0,9.0,,,,,1018.9,26.3,26.9,,,,
2026-08-24T19:50:00Z,2026-09-13T21:37:05Z,70,7.0,9.0,,,,,1019.0,26.2,,,,,
2026-08-24T20:00:00Z,2026-09-13T21:37:05Z,70,7.0,9.0,,,,,1019.1,26.3,26.9,,,+1.0,
2026-08-24T20:10:00Z,2026-09-13T21:37:05Z,70,7.0,9.0,,,,,1019.0,26.3,26.9,,,,
2026-08-24T20:20:00Z,2026-09-13T21:37:05Z,70,7.0,9.0,,,,,1018.9,26.3,26.9,,,,
2026-08-24T20:30:00Z,2026-09-13T21:37:05Z,70,7.0,9.0,,,,,1018.8,26.3,26.9,,,,
2026-08-24T20:40:00Z,2026-09-13T21:37:05Z,70,7.0,9.0,,,,,1018.7,26.3,26.9,,,,
2026-08-24T20:50:00Z,2026-09-13T21:37:05Z,70,7.0,9.0,,,,,1018.7,26.3,26.9,,,,
2026-08-24T21:00:00Z,2026-09-13T21:37:05Z,70,8.0,10.0,,,,,1018.7,26.3,26.9,,,+0.0,
2026-08-24T21:10:00Z,2026-09-13T21:37:05Z,70,8.0,9.0,,,,,1018.7,26.3,26.9,,,,
2026-08-24T21:20:00Z,2026-09-13T21:37:05Z,70,8.0,9.0,,,,,1018.7,26.3,26.9,,,,
2026-08-24T21:30:00Z,2026-09-13T21:37:05Z,70,8.0,9.0,,,,,1018.6,26.3,26.9,,,,
2026-08-24T21:40:00Z,2026-09-13T21:37:05Z,70,7.0,9.0,,,,,1018.6,26.3,26.9,,,,
2026-08-24T21:50:00Z,2026-09-13T21:37:05Z,70,7.0,9.0,,,,,1018.4,26.3,26.9,,,,
2026-08-24T22:00:00Z,2026-09-13T21:37:05Z,70,7.0,9.0,,,,,1018.2,26.3,26.9,,,-0.7,
2026-08-24T22:10:00Z,2026-09-13T21:37:05Z,70,7.0,9.0,,,,,1018.1,26.3,26.9,,,,
2026-08-24T22:20:00Z,2026-09-13T21:37:05Z,70,8.0,10.0,,,,,1018.0,26.3,,,,,
2026-08-24T22:30:00Z,2026-09-13T21:37:05Z,70,7.0,9.0,,,,,1018.0,26.3,26.9,,,,
2026-08-24T22:40:00Z,2026-09-13T21:37:05Z,60,8.0,10.0,,,,,1017.8,26.3,26.9,,,,
2026-08-24T22:50:00Z,2026-09-13T21:37:05Z,70,8.0,10.0,,,,,1017.8,26.3,27.0,,,,
2026-08-24T23:00:00Z,2026-09-13T21:37:05Z,70,8.0,10.0,,,,,1017.7,26.3,27.0,,,-1.4,
2026-08-24T23:10:00Z,2026-09-13T21:37:05Z,60,8.0,9.0,,,,,1017.7,26.3,27.0,,,,
2026-08-24T23:20:00Z,2026-09-13T21:37:05Z,60,7.0,9.0,,,,,1017.7,26.4,27.0,,,,
2026-08-24T23:30:00Z,2026-09-13T21:37:05Z,70,8.0,9.0,,,,,1017.7,26.4,27.0,,,,
2026-08-24T23:40:00Z,2026-09-13T21:37:05Z,70,7.0,9.0,,,,,1017.7,26.4,27.0,,,,
2026-08-24T23:50:00Z,2026-09-13T21:37:05Z,70,7.0,9.0,,,,,1017.7,26.4,27.0,,,,
2026-08-25T00:00:00Z,2026-09-13T21:37:05Z,70,7.0,8.0,,,,,1017.7,26.4,27.0,,,-1.0,
2026-08-25T00:10:00Z,2026-09-13T21:37:05Z,60,7.0,9.0,,,,,1017.7,26.4,27.0,,,,
2026-08-25T00:20:00Z,2026-09-13T21:37:05Z,60,8.0,10.0,,,,,1017.7,26.4,27.0,,,,
2026-08-25T00:30:00Z,2026-09-13T21:37:05Z,60,7.0,9.0,,,,,1017.6,26.1,27.0,,,,
2026-08-25T00:40:00Z,2026-09-13T21:37:05Z,60,7.0,9.0,,,,,1017.6,26.2,27.0,,,,
2026-08-25T00:50:00Z,2026-09-13T21:37:05Z,70,7.0,9.0,,,,,1017.6,26.2,27.0,,,,
2026-08-25T01:00:00Z,2026-09-13T21:37:05Z,70,7.0,9.0,,,,,1017.6,26.3,27.0,,,-0.6,
2026-08-25T01:10:00Z,2026-09-13T21:37:05Z,80,7.0,9.0,,,,,1017.5,26.3,27.1,,,,
2026-08-25T01:20:00Z,2026-09-13T21:37:05Z,70,7.0,9.0,,,,,1017.4,26.4,27.1,,,,
2026-08-25T01:30:00Z,2026-09-13T21:37:05Z,70,7.0,8.0,,,,,1017.3,26.4,27.1,,,,
2026-08-25T01:40:00Z,2026-09-13T21:37:05Z,70,7.0,9.0,,,,,1017.2,26.4,27.1,,,,
2026-08-25T01:50:00Z,2026-09-13T21:37:05Z,60,8.0,9.0,,,,,1017.2,26.4,27.1,,,,
2026-08-25T02:00:00Z,2026-09-13T21:37:05Z,60,7.0,9.0,,,,,1017.2,26.5,27.1,,,-0.5,
2026-08-25T02:10:00Z,2026-09-13T21:37:05Z,60,7.0,8.0,,,,,1017.2,26.5,27.1,,,,
2026-08-25T02:20:00Z,2026-09-13T21:37:05Z,70,7.0,9.0,,,,,1017.2,26.5,27.1,,,,
2026-08-25T02:30:00Z,2026-09-13T21:37:05Z,70,7.0,9.0,,,,,1017.2,26.6,27.1,,,,
2026-08-25T02:40:00Z,2026-09-13T21:37:05Z,70,7.0,9.0,,,,,1017.2,26.7,27.1,,,,
2026-08-25T02:50:00Z,2026-09-13T21:37:05Z,80,7.0,9.0,,,,,1017.2,26.7,27.1,,,,
2026-08-25T03:00:00Z,2026-09-13T21:37:05Z,80,7.0,9.0,,,,,1017.2,26.7,27.1,,,-0.5,
2026-08-25T03:10:00Z,2026-09-13T21:37:05Z,70,7.0,9.0,,,,,1017.2,26.7,27.1,,,,
2026-08-25T03:20:00Z,2026-09-13T21:37:05Z,80,7.0,9.0,,,,,1017.1,26.7,27.1,,,,
2026-08-25T03:30:00Z,2026-09-13T21:37:05Z,80,8.0,10.0,,,,,1017.1,26.6,27.1,,,,
2026-08-25T03:40:00Z,2026-09-13T21:37:05Z,80,8.0,10.0,,,,,1017.1,26.6,27.0,,,,
2026-08-25T03:50:00Z,2026-09-13T21:37:05Z,80,8.0,9.0,,,,,1017.1,26.6,,,,,
2026-08-25T04:00:00Z,2026-09-13T21:37:05Z,80,8.0,10.0,,,,,1017.1,26.7,27.0,,,-0.5,
2026-08-25T04:10:00Z,2026-09-13T21:37:05Z,80,8.0,10.0,,,,,1017.1,26.7,27.0,,,,
2026-08-25T04:20:00Z,2026-09-13T21:37:05Z,70,7.0,9.0,,,,,1017.4,26.6,27.0,,,,
2026-08-25T04:30:00Z,2026-09-13T21:37:05Z,70,7.0,9.0,,,,,1017.4,26.6,27.0,,,,
2026-08-25T04:40:00Z,2026-09-13T21:37:05Z,80,8.0,9.0,,,,,1017.4,26.6,27.0,,,,
2026-08-25T04:50:00Z,2026-09-13T21:37:05Z,70,8.0,9.0,,,,,1017.4,26.6,27.0,,,,
2026-08-25T05:00:00Z,2026-09-13T21:37:05Z,80,8.0,10.0,,,,,1017.4,26.6,27.0,,,-0.0,
2026-08-25T05:10:00Z,2026-09-13T21:37:05Z,80,8.0,10.0,,,,,1017.5,26.6,27.0,,,,
2026-08-25T05:20:00Z,2026-09-13T21:37:05Z,80,7.0,9.0,,,,,1017.6,26.6,27.0,,,,
2026-08-25T05:30:00Z,2026-09-13T21:37:05Z,80,7.0,9.0,,,,,1017.7,26.6,27.0,,,,
2026-08-25T05:40:00Z,2026-09-13T21:37:05Z,80,8.0,9.0,,,,,1017.9,26.6,27.0,,,,
2026-08-25T05:50:00Z,2026-09-13T21:37:05Z,80,7.0,9.0,,,,,1018.0,26.6,,,,,
2026-08-25T06:00:00Z,2026-09-13T21:37:05Z,70,8.0,9.0,,,,,1018.2,26.6,27.0,,,+1.0,
2026-08-25T06:10:00Z,2026-09-13T21:37:05Z,80,8.0,10.0,,,,,1018.2,26.6,27.0,,,,
2026-08-25T06:20:00Z,2026-09-13T21:37:05Z,70,8.0,10.0,,,,,1018.4,,27.0,,,,
2026-08-25T06:30:00Z,2026-09-13T21:37:05Z,70,8.0,10.0,,,,,1018.5,26.6,27.0,,,,
2026-08-25T06:40:00Z,2026-09-13T21:37:05Z,70,8.0,10.0,,,,,1018.7,26.6,27.0,,,,
2026-08-25T06:50:00Z,2026-09-13T21:37:05Z,70,8.0,10.0,,,,,1018.8,26.6,27.0,,,,
2026-08-25T07:00:00Z,2026-09-13T21:37:05Z,70,8.0,10.0,,,,,1018.9,26.6,27.0,,,+1.8,
2026-08-25T07:10:00Z,2026-09-13T21:37:05Z,70,8.0,10.0,,,,,1019.0,26.5,27.0,,,,
2026-08-25T07:20:00Z,2026-09-13T21:37:05Z,70,8.0,9.0,,,,,1019.1,26.5,27.0,,,,
2026-08-25T07:30:00Z,2026-09-13T21:37:05Z,70,7.0,9.0,,,,,1019.3,26.5,27.0,,,,
2026-08-25T07:40:00Z,2026-09-13T21:37:05Z,70,8.0,9.0,,,,,1019.3,26.5,27.0,,,,
2026-08-25T07:50:00Z,2026-09-13T21:37:05Z,70,8.0,10.0,,,,,1019.2,26.5,27.0,,,,
2026-08-25T08:00:00Z,2026-09-13T21:37:05Z,70,8.0,10.0,,,,,1019.2,26.5,26.9,,,+1.8,
2026-08-25T08:10:00Z,2026-09-13T21:37:05Z,80,7.0,9.0,,,,,1019.2,26.6,26.9,,,,
2026-08-25T08:20:00Z,2026-09-13T21:37:05Z,70,8.0,10.0,,,,,1019.2,26.5,26.9,,,,
2026-08-25T08:30:00Z,2026-09-13T21:37:05Z,70,8.0,10.0,,,,,1019.2,26.4,26.9,,,,
2026-08-25T08:40:00Z,2026-09-13T21:37:05Z,70,8.0,9.0,,,,,1019.1,26.4,26.9,,,,
2026-08-25T08:50:00Z,2026-09-13T21:37:05Z,70,8.0,9.0,,,,,1019.1,26.4,26.9,,,,
2026-08-25T09:00:00Z,2026-09-13T21:37:05Z,70,8.0,10.0,,,,,1018.9,26.4,26.9,,,+0.7,
2026-08-25T09:10:00Z,2026-09-13T21:37:05Z,70,8.0,10.0,,,,,1018.8,26.5,26.9,,,,
2026-08-25T09:20:00Z,2026-09-13T21:37:05Z,70,8.0,10.0,,,,,1018.7,26.3,26.9,,,,
2026-08-25T09:30:00Z,2026-09-13T21:37:05Z,70,8.0,10.0,,,,,1018.8,26.4,26.9,,,,
2026-08-25T09:40:00Z,2026-09-13T21:37:05Z,70,8.0,10.0,,,,,1018.7,26.3,26.9,,,,
2026-08-25T09:50:00Z,2026-09-13T21:37:05Z,70,8.0,10.0,,,,,1018.6,26.4,26.9,,,,
2026-08-25T10:00:00Z,2026-09-13T21:37:05Z,70,8.0,10.0,,,,,1018.5,26.3,26.9,,,-0.4,
2026-08-25T10:10:00Z,2026-09-13T21:37:05Z,60,8.0,10.0,,,,,1018.5,26.3,26.9,,,,
2026-08-25T10:20:00Z,2026-09-13T21:37:05Z,70,8.0,10.0,,,,,1018.4,26.2,26.9,,,,
2026-08-25T10:30:00Z,2026-09-13T21:37:05Z,70,8.0,10.0,,,,,1018.4,26.1,26.9,,,,
2026-08-25T10:40:00Z,2026-09-13T21:37:05Z,70,8.0,10.0,,,,,1018.3,26.1,26.9,,,,
2026-08-25T10:50:00Z,2026-09-13T21:37:05Z,60,8.0,10.0,,,,,1018.3,26.0,26.9,,,,
2026-08-25T11:00:00Z,2026-09-13T21:37:05Z,60,7.0,9.0,,,,,1018.3,25.8,26.9,,,-0.9,
2026-08-25T11:10:00Z,2026-09-13T21:37:05Z,60,8.0,9.0,,,,,1018.2,25.8,26.9,,,,
2026-08-25T11:20:00Z,2026-09-13T21:37:05Z,60,7.0,10.0,,,,,1018.2,25.9,26.9,,,,
2026-08-25T11:30:00Z,2026-09-13T21:37:05Z,60,8.0,9.0,,,,,1018.1,25.8,26.9,,,,
2026-08-25T11:40:00Z,2026-09-13T21:37:05Z,60,7.0,9.0,,,,,1017.9,25.8,26.9,,,,
2026-08-25T11:50:00Z,2026-09-13T21:37:05Z,60,7.0,9.0,,,,,1017.8,25.8,26.9,,,,
2026-08-25T12:00:00Z,2026-09-13T21:37:05Z,60,7.0,9.0,,,,,1017.7,25.8,26.9,,,-1.2,
2026-08-25T12:10:00Z,2026-09-13T21:37:05Z,70,8.0,10.0,,,,,1017.5,25.9,26.9,,,,
2026-08-25T12:20:00Z,2026-09-13T21:37:05Z,60,7.0,9.0,,,,,1017.4,26.2,26.9,,,,
2026-08-25T12:30:00Z,2026-09-13T21:37:05Z,60,7.0,9.0,,,,,1017.3,26.1,26.9,,,,
2026-08-25T12:40:00Z,2026-09-13T21:37:05Z,60,8.0,10.0,,,,,1017.2,26.0,26.9,,,,
2026-08-25T12:50:00Z,2026-09-13T21:37:05Z,60,9.0,10.0,,,,,1017.2,25.6,26.9,,,,
2026-08-25T13:00:00Z,2026-09-13T21:37:05Z,60,8.0,10.0,,,,,1017.2,,26.9,,,-1.3,
2026-08-25T13:10:00Z,2026-09-13T21:37:05Z,60,8.0,10.0,,,,,1017.1,25.5,26.9,,,,
2026-08-25T13:20:00Z,2026-09-13T21:37:05Z,60,8.0,10.0,,,,,1017.0,25.6,26.9,,,,
2026-08-25T13:30:00Z,2026-09-13T21:37:05Z,60,8.0,9.0,,,,,1016.9,25.6,26.9,,,,
2026-08-25T13:40:00Z,2026-09-13T21:37:05Z,60,8.0,10.0,,,,,1016.8,25.7,26.9,,,,
2026-08-25T13:50:00Z,2026-09-13T21:37:05Z,60,8.0,9.0,,,,,1016.8,25.8,26.9,,,,
2026-08-25T14:00:00Z,2026-09-13T21:37:05Z,60,8.0,11.0,,,,,1016.9,25.7,26.9,,,-1.4,
2026-08-25T14:10:00Z,2026-09-13T21:37:05Z,70,7.0,9.0,,,,,1016.8,25.6,26.9,,,,
2026-08-25T14:20:00Z,2026-09-13T21:37:05Z,70,7.0,9.0,,,,,1016.8,25.8,26.9,,,,
2026-08-25T14:30:00Z,2026-09-13T21:37:05Z,80,7.0,9.0,,,,,1016.8,26.0,26.9,,,,
2026-08-25T14:40:00Z,2026-09-13T21:37:05Z,80,7.0,9.0,,,,,1016.8,26.0,26.9,,,,
2026-08-25T14:50:00Z,2026-09-13T21:37:05Z,80,6.0,8.0,,,,,1016.8,26.1,26.9,,,,
2026-08-25T15:00:00Z,2026-09-13T21:37:05Z,80,7.0,8.0,,,,,1016.8,26.1,26.9,,,-0.9,
2026-08-25T15:10:00Z,2026-09-13T21:37:05Z,80,7.0,8.0,,,,,1016.8,26.1,26.9,,,,
2026-08-25T15:20:00Z,2026-09-13T21:37:05Z,80,7.0,8.0,,,,,1016.8,26.1,26.9,,,,
2026-08-25T15:30:00Z,2026-09-13T21:37:05Z,80,7.0,9.0,,,,,1016.8,26.2,26.9,,,,
2026-08-25T15:40:00Z,2026-09-13T21:37:05Z,80,7.0,9.0,,,,,1016.8,26.1,26.9,,,,
2026-08-25T15:50:00Z,2026-09-13T21:37:05Z,70,7.0,8.0,,,,,1016.7,26.1,26.9,,,,
2026-08-25T16:00:00Z,2026-09-13T21:37:05Z,80,7.0,8.0,,,,,1016.8,26.2,26.9,,,-0.4,
2026-08-25T16:10:00Z,2026-09-13T21:37:05Z,70,7.0,9.0,,,,,1016.8,26.1,26.9,,,,
2026-08-25T16:20:00Z,2026-09-13T21:37:05Z,70,7.0,9.0,,,,,1016.9,25.9,26.9,,,,
2026-08-25T16:30:00Z,2026-09-13T21:37:05Z,70,7.0,8.0,,,,,1017.1,26.0,26.9,,,,
2026-08-25T16:40:00Z,2026-09-13T21:37:05Z,70,7.0,8.0,,,,,1017.2,26.0,26.9,,,,
2026-08-25T16:50:00Z,2026-09-13T21:37:05Z,60,7.0,8.0,,,,,1017.3,26.0,26.9,,,,
2026-08-25T17:00:00Z,2026-09-13T21:37:05Z,60,7.0,8.0,,,,,1017.4,25.9,26.9,,,+0.5,
2026-08-25T17:10:00Z,2026-09-13T21:37:05Z,70,7.0,8.0,,,,,1017.5,26.0,26.9,,,,
2026-08-25T17:20:00Z,2026-09-13T21:37:05Z,80,7.0,9.0,,,,,1017.6,26.1,26.9,,,,
2026-08-25T17:30:00Z,2026-09-13T21:37:05Z,80,7.0,9.0,,,,,1017.7,26.3,26.9,,,,
2026-08-25T17:40:00Z,2026-09-13T21:37:05Z,80,7.0,9.0,,,,,1017.9,26.3,26.9,,,,
2026-08-25T17:50:00Z,2026-09-13T21:37:05Z,80,8.0,10.0,,,,,1018.0,26.4,,,,,
2026-08-25T18:00:00Z,2026-09-13T21:37:05Z,80,7.0,9.0,,,,,1018.1,26.4,26.9,,,+1.3,
2026-08-25T18:10:00Z,2026-09-13T21:37:05Z,80,8.0,9.0,,,,,1018.2,26.4,26.9,,,,
2026-08-25T18:20:00Z,2026-09-13T21:37:05Z,70,7.0,9.0,,,,,1018.2,26.5,26.9,,,,
2026-08-25T18:30:00Z,2026-09-13T21:37:05Z,80,8.0,10.0,,,,,1018.2,26.4,26.9,,,,
2026-08-25T18:40:00Z,2026-09-13T21:37:05Z,80,8.0,9.0,,,,,1018.4,26.3,26.9,,,,
2026-08-25T18:50:00Z,2026-09-13T21:37:05Z,80,7.0,9.0,,,,,1018.5,,26.9,,,,
2026-08-25T19:00:00Z,2026-09-13T21:37:05Z,80,8.0,9.0,,,,,1018.6,26.5,26.9,,,+1.8,
2026-08-25T19:10:00Z,2026-09-13T21:37:05Z,80,8.0,9.0,,,,,1018.6,26.4,26.9,,,,
2026-08-25T19:20:00Z,2026-09-13T21:37:05Z,80,7.0,9.0,,,,,1018.7,26.4,26.9,,,,
2026-08-25T19:30:00Z,2026-09-13T21:37:05Z,80,7.0,8.0,,,,,1018.6,26.3,26.9,,,,
2026-08-25T19:40:00Z,2026-09-13T21:37:05Z,80,7.0,8.0,,,,,1018.7,26.5,26.9,,,,
2026-08-25T19:50:00Z,2026-09-13T21:37:05Z,80,7.0,9.0,,,,,1018.7,26.5,26.9,,,,
2026-08-25T20:00:00Z,2026-09-13T21:37:05Z,80,7.0,9.0,,,,,1018.8,26.6,26.9,,,+1.4,
2026-08-25T20:10:00Z,2026-09-13T21:37:05Z,80,7.0,9.0,,,,,1018.8,26.6,26.9,,,,
2026-08-25T20:20:00Z,2026-09-13T21:37:05Z,80,7.0,9.0,,,,,1019.0,26.6,,,,,
2026-08-25T20:30:00Z,2026-09-13T21:37:05Z,80,7.0,9.0,,,,,1019.1,,26.9,,,,
2026-08-25T20:40:00Z,2026-09-13T21:37:05Z,,,,,,,,1019.1,,26.9,,,,
2026-08-25T20:50:00Z,2026-09-13T21:37:05Z,80,7.0,8.0,,,,,1019.1,26.7,27.0,,,,
2026-08-25T21:00:00Z,2026-09-13T21:37:05Z,80,7.0,9.0,,,,,1019.1,26.7,27.0,,,+1.0,
2026-08-25T21:10:00Z,2026-09-13T21:37:05Z,80,7.0,9.0,,,,,1019.0,26.7,26.9,,,,
2026-08-25T21:20:00Z,2026-09-13T21:37:05Z,90,7.0,8.0,,,,,1019.0,26.7,27.0,,,,
2026-08-25T21:30:00Z,2026-09-13T21:37:05Z,80,7.0,9.0,,,,,1019.0,26.7,27.0,,,,
2026-08-25T21:40:00Z,2026-09-13T21:37:05Z,90,7.0,8.0,,,,,1019.0,26.7,27.0,,,,
2026-08-25T21:50:00Z,2026-09-13T21:37:05Z,80,7.0,9.0,,,,,1018.9,26.7,27.0,,,,
2026-08-25T22:00:00Z,2026-09-13T21:37:05Z,90,7.0,9.0,,,,,1018.8,26.7,27.0,,,+0.0,
2026-08-25T22:10:00Z,2026-09-13T21:37:05Z,90,6.0,8.0,,,,,1018.8,26.7,27.0,,,,
2026-08-25T22:20:00Z,2026-09-13T21:37:05Z,90,6.0,8.0,,,,,1018.7,26.7,27.0,,,,
2026-08-25T22:30:00Z,2026-09-13T21:37:05Z,90,7.0,8.0,,,,,1018.6,26.7,27.0,,,,
2026-08-25T22:40:00Z,2026-09-13T21:37:05Z,90,7.0,8.0,,,,,1018.5,26.7,27.0,,,,
2026-08-25T22:50:00Z,2026-09-13T21:37:05Z,90,7.0,8.0,,,,,1018.4,26.7,27.1,,,,
2026-08-25T23:00:00Z,2026-09-13T21:37:05Z,90,6.0,8.0,,,,,1018.2,26.8,27.1,,,-0.6,
2026-08-25T23:10:00Z,2026-09-13T21:37:05Z,100,7.0,8.0,,,,,1018.3,26.8,27.1,,,,
2026-08-25T23:20:00Z,2026-09-13T21:37:05Z,90,7.0,9.0,,,,,1018.2,26.7,27.0,,,,
2026-08-25T23:40:00Z,2026-09-13T21:37:05Z,90,9.0,11.0,,,,,1018.2,25.8,27.1,,,,
2026-08-25T23:50:00Z,2026-09-13T21:37:05Z,90,5.0,7.0,,,,,1018.1,26.3,27.1,,,,
2026-08-26T00:00:00Z,2026-09-13T21:37:05Z,100,6.0,7.0,,,,,1018.0,26.6,27.0,,,-1.1,
2026-08-26T00:10:00Z,2026-09-13T21:37:05Z,100,6.0,8.0,,,,,1017.9,26.7,27.1,,,,
2026-08-26T00:20:00Z,2026-09-13T21:37:05Z,90,5.0,7.0,,,,,1017.8,26.7,27.0,,,,
2026-08-26T00:30:00Z,2026-09-13T21:37:05Z,90,6.0,7.0,,,,,1017.7,26.6,27.0,,,,
2026-08-26T00:40:00Z,2026-09-13T21:37:05Z,90,5.0,7.0,,,,,1017.6,26.6,27.1,,,,
2026-08-26T00:50:00Z,2026-09-13T21:37:05Z,100,6.0,9.0,,,,,,26.7,27.1,,,,
2026-08-26T01:00:00Z,2026-09-13T21:37:05Z,90,6.0,8.0,,,,,1017.3,26.8,27.1,,,-1.5,
2026-08-26T01:10:00Z,2026-09-13T21:37:05Z,90,6.0,8.0,,,,,1017.4,26.7,27.1,,,,
2026-08-26T01:20:00Z,2026-09-13T21:37:05Z,100,6.0,7.0,,,,,1017.4,26.8,27.1,,,,
2026-08-26T01:30:00Z,2026-09-13T21:37:05Z,100,6.0,8.0,,,,,1017.3,26.8,27.1,,,,
2026-08-26T01:40:00Z,2026-09-13T21:37:05Z,100,6.0,8.0,,,,,1017.3,26.8,27.1,,,,
2026-08-26T01:50:00Z,2026-09-13T21:37:05Z,100,6.0,7.0,,,,,1017.3,26.8,27.1,,,,
2026-08-26T02:00:00Z,2026-09-13T21:37:05Z,90,6.0,8.0,,,,,1017.3,26.8,27.1,,,-0.9,
2026-08-26T02:10:00Z,2026-09-13T21:37:05Z,90,6.0,8.0,,,,,1017.2,26.8,27.1,,,,
2026-08-26T02:20:00Z,2026-09-13T21:37:05Z,100,6.0,8.0,,,,,1017.1,26.8,27.1,,,,
2026-08-26T02:30:00Z,2026-09-13T21:37:05Z,90,6.0,8.0,,,,,1017.1,26.8,27.1,,,,
2026-08-26T02:40:00Z,2026-09-13T21:37:05Z,100,6.0,8.0,,,,,1017.1,26.9,27.1,,,,
2026-08-26T02:50:00Z,2026-09-13T21:37:05Z,90,6.0,8.0,,,,,1017.0,26.9,,,,,
2026-08-26T03:00:00Z,2026-09-13T21:37:05Z,90,6.0,8.0,,,,,1017.2,26.9,27.1,,,-0.8,
2026-08-26T03:10:00Z,2026-09-13T21:37:05Z,90,6.0,8.0,,,,,1017.1,26.9,27.1,,,,
2026-08-26T03:20:00Z,2026-09-13T21:37:05Z,90,7.0,8.0,,,,,1017.1,26.9,27.1,,,,
2026-08-26T03:30:00Z,2026-09-13T21:37:05Z,90,6.0,7.0,,,,,1017.2,26.9,27.1,,,,
2026-08-26T03:40:00Z,2026-09-13T21:37:05Z,90,6.0,7.0,,,,,1017.3,26.9,27.1,,,,
2026-08-26T03:50:00Z,2026-09-13T21:37:05Z,90,6.0,7.0,,,,,1017.3,26.9,27.1,,,,
2026-08-26T04:00:00Z,2026-09-13T21:37:05Z,90,6.0,7.0,,,,,1017.2,26.8,27.1,,,+0.0,
2026-08-26T04:10:00Z,2026-09-13T21:37:05Z,90,6.0,7.0,,,,,1017.2,26.9,27.1,,,,
2026-08-26T04:20:00Z,2026-09-13T21:37:05Z,90,6.0,8.0,,,,,1017.3,26.8,27.1,,,,
2026-08-26T04:30:00Z,2026-09-13T21:37:05Z,90,7.0,8.0,,,,,1017.4,26.9,27.1,,,,
2026-08-26T04:40:00Z,2026-09-13T21:37:05Z,90,6.0,8.0,,,,,1017.5,26.8,27.1,,,,
2026-08-26T04:50:00Z,2026-09-13T21:37:05Z,90,6.0,7.0,,,,,1017.7,26.8,27.1,,,,
2026-08-26T05:00:00Z,2026-09-13T21:37:05Z,90,6.0,8.0,,,,,1017.7,26.9,27.1,,,+0.4,
2026-08-26T05:10:00Z,2026-09-13T21:37:05Z,90,6.0,8.0,,,,,1017.7,26.8,27.1,,,,
2026-08-26T05:20:00Z,2026-09-13T21:37:05Z,80,6.0,8.0,,,,,1017.8,26.8,,,,,
2026-08-26T05:30:00Z,2026-09-13T21:37:05Z,90,6.0,8.0,,,,,1017.9,26.8,27.0,,,,
2026-08-26T05:40:00Z,2026-09-13T21:37:05Z,80,6.0,8.0,,,,,1018.1,26.8,27.0,,,,
2026-08-26T05:50:00Z,2026-09-13T21:37:05Z,80,6.0,7.0,,,,,1018.2,26.8,27.0,,,,
2026-08-26T06:00:00Z,2026-09-13T21:37:05Z,80,6.0,7.0,,,,,1018.3,26.7,27.0,,,+1.1,
2026-08-26T06:10:00Z,2026-09-13T21:37:05Z,80,6.0,7.0,,,,,1018.5,26.7,27.0,,,,
2026-08-26T06:20:00Z,2026-09-13T21:37:05Z,80,6.0,7.0,,,,,1018.6,26.7,,,,,
2026-08-26T06:30:00Z,2026-09-13T21:37:05Z,80,6.0,7.0,,,,,1018.7,26.7,27.0,,,,
2026-08-26T06:40:00Z,2026-09-13T21:37:05Z,80,6.0,7.0,,,,,1018.9,26.7,27.0,,,,
2026-08-26T06:50:00Z,2026-09-13T21:37:05Z,90,6.0,8.0,,,,,1019.0,26.7,27.0,,,,
2026-08-26T07:00:00Z,2026-09-13T21:37:05Z,90,6.0,8.0,,,,,1019.1,,27.0,,,+1.9,
2026-08-26T07:10:00Z,2026-09-13T21:37:05Z,80,7.0,8.0,,,,,1019.2,26.8,27.0,,,,
2026-08-26T07:20:00Z,2026-09-13T21:37:05Z,80,7.0,9.0,,,,,1019.3,26.7,27.0,,,,
2026-08-26T07:30:00Z,2026-09-13T21:37:05Z,80,7.0,9.0,,,,,1019.4,26.7,27.0,,,,
2026-08-26T07:40:00Z,2026-09-13T21:37:05Z,80,7.0,8.0,,,,,1019.4,26.6,27.0,,,,
2026-08-26T07:50:00Z,2026-09-13T21:37:05Z,80,6.0,8.0,,,,,1019.6,26.7,27.0,,,,
2026-08-26T08:00:00Z,2026-09-13T21:37:05Z,80,7.0,8.0,,,,,1019.7,26.7,27.0,,,+2.0,
2026-08-26T08:10:00Z,2026-09-13T21:37:05Z,80,7.0,8.0,,,,,1019.7,26.7,27.0,,,,
2026-08-26T08:20:00Z,2026-09-13T21:37:05Z,80,7.0,8.0,,,,,1019.6,26.6,27.0,,,,
2026-08-26T08:30:00Z,2026-09-13T21:37:05Z,80,7.0,8.0,,,,,1019.6,26.6,27.0,,,,
2026-08-26T08:40:00Z,2026-09-13T21:37:05Z,80,7.0,8.0,,,,,1019.6,26.6,27.0,,,,
2026-08-26T08:50:00Z,2026-09-13T21:37:05Z,80,7.0,9.0,,,,,1019.6,26.6,27.0,,,,
2026-08-26T09:00:00Z,2026-09-13T21:37:05Z,80,7.0,9.0,,,,,1019.6,26.6,27.0,,,+1.3,
2026-08-26T09:10:00Z,2026-09-13T21:37:05Z,80,7.0,9.0,,,,,1019.6,26.6,27.0,,,,
2026-08-26T09:20:00Z,2026-09-13T21:37:05Z,80,7.0,9.0,,,,,,26.6,,,,,
2026-08-26T09:30:00Z,2026-09-13T21:37:05Z,80,7.0,9.0,,,,,1019.6,26.5,27.0,,,,
2026-08-26T09:40:00Z,2026-09-13T21:37:05Z,80,7.0,8.0,,,,,1019.7,26.5,27.0,,,,
2026-08-26T09:50:00Z,2026-09-13T21:37:05Z,70,7.0,8.0,,,,,1019.6,26.5,27.0,,,,
2026-08-26T10:00:00Z,2026-09-13T21:37:05Z,70,7.0,8.0,,,,,1019.6,26.5,26.9,,,+0.5,
2026-08-26T10:10:00Z,2026-09-13T21:37:05Z,70,7.0,8.0,,,,,1019.6,26.4,27.0,,,,
2026-08-26T10:20:00Z,2026-09-13T21:37:05Z,70,7.0,9.0,,,,,1019.6,26.5,27.0,,,,
2026-08-26T10:30:00Z,2026-09-13T21:37:05Z,70,7.0,8.0,,,,,1019.4,26.4,26.9,,,,
2026-08-26T10:40:00Z,2026-09-13T21:37:05Z,70,7.0,8.0,,,,,1019.4,26.4,26.9,,,,
2026-08-26T10:50:00Z,2026-09-13T21:37:05Z,70,7.0,9.0,,,,,1019.3,26.4,26.9,,,,
2026-08-26T11:00:00Z,2026-09-13T21:37:05Z,70,7.0,8.0,,,,,1019.3,26.4,26.9,,,-0.4,
2026-08-26T11:10:00Z,2026-09-13T21:37:05Z,70,7.0,8.0,,,,,1019.1,26.3,26.9,,,,
2026-08-26T11:20:00Z,2026-09-13T21:37:05Z,70,7.0,8.0,,,,,1019.0,26.4,26.9,,,,
2026-08-26T11:30:00Z,2026-09-13T21:37:05Z,70,7.0,8.0,,,,,1018.8,26.4,26.9,,,,
2026-08-26T11:40:00Z,2026-09-13T21:37:05Z,70,7.0,8.0,,,,,1018.7,26.4,26.9,,,,
2026-08-26T11:50:00Z,2026-09-13T21:37:05Z,80,8.0,9.0,,,,,,26.4,26.9,,,,
2026-08-26T12:00:00Z,2026-09-13T21:37:05Z,70,8.0,9.0,,,,,1018.5,26.4,26.9,,,-1.1,
2026-08-26T12:10:00Z,2026-09-13T21:37:05Z,70,7.0,9.0,,,,,1018.4,26.4,26.9,,,,
2026-08-26T12:20:00Z,2026-09-13T21:37:05Z,70,7.0,9.0,,,,,1018.5,26.4,26.9,,,,
2026-08-26T12:30:00Z,2026-09-13T21:37:05Z,70,7.0,9.0,,,,,1018.6,26.5,26.9,,,,
2026-08-26T12:40:00Z,2026-09-13T21:37:05Z,70,7.0,9.0,,,,,1018.5,26.4,26.9,,,,
2026-08-26T12:50:00Z,2026-09-13T21:37:05Z,80,8.0,10.0,,,,,1018.4,26.3,26.9,,,,
2026-08-26T13:00:00Z,2026-09-13T21:37:05Z,80,8.0,10.0,,,,,1018.4,26.2,26.9,,,-1.2,
2026-08-26T13:10:00Z,2026-09-13T21:37:05Z,70,8.0,9.0,,,,,1018.5,26.0,26.9,,,,
2026-08-26T13:20:00Z,2026-09-13T21:37:05Z,70,7.0,9.0,,,,,1018.4,26.1,26.9,,,,
2026-08-26T13:30:00Z,2026-09-13T21:37:05Z,80,7.0,8.0,,,,,1018.5,26.2,26.9,,,,
2026-08-26T13:40:00Z,2026-09-13T21:37:05Z,80,7.0,8.0,,,,,1018.5,26.3,26.9,,,,
2026-08-26T13:50:00Z,2026-09-13T21:37:05Z,90,7.0,9.0,,,,,1018.5,26.3,26.9,,,,
2026-08-26T14:00:00Z,2026-09-13T21:37:05Z,90,6.0,8.0,,,,,1018.6,26.3,26.9,,,-0.7,
2026-08-26T14:10:00Z,2026-09-13T21:37:05Z,80,6.0,8.0,,,,,1018.5,26.2,26.9,,,,
2026-08-26T14:20:00Z,2026-09-13T21:37:05Z,80,7.0,8.0,,,,,1018.3,26.2,26.9,,,,
2026-08-26T14:30:00Z,2026-09-13T21:37:05Z,70,7.0,8.0,,,,,1018.2,26.2,26.9,,,,
2026-08-26T14:40:00Z,2026-09-13T21:37:05Z,80,7.0,9.0,,,,,1018.2,26.1,26.9,,,,
2026-08-26T14:50:00Z,2026-09-13T21:37:05Z,70,7.0,8.0,,,,,1018.1,26.1,26.9,,,,
2026-08-26T15:00:00Z,2026-09-13T21:37:05Z,70,7.0,9.0,,,,,1018.1,25.9,26.9,,,-0.4,
2026-08-26T15:10:00Z,2026-09-13T21:37:05Z,70,7.0,8.0,,,,,1018.2,25.9,26.9,,,,
2026-08-26T15:20:00Z,2026-09-13T21:37:05Z,70,6.0,8.0,,,,,1018.3,26.1,26.9,,,,
2026-08-26T15:30:00Z,2026-09-13T21:37:05Z,70,6.0,7.0,,,,,1018.3,26.2,26.9,,,,
2026-08-26T15:40:00Z,2026-09-13T21:37:05Z,80,6.0,7.0,,,,,1018.3,26.2,26.9,,,,
2026-08-26T15:50:00Z,2026-09-13T21:37:05Z,80,6.0,8.0,,,,,1018.4,26.3,26.9,,,,
2026-08-26T16:00:00Z,2026-09-13T21:37:05Z,80,6.0,7.0,,,,,1018.3,26.4,26.9,,,+0.0,
2026-08-26T16:10:00Z,2026-09-13T21:37:05Z,70,6.0,8.0,,,,,1018.4,26.4,26.9,,,,
2026-08-26T16:20:00Z,2026-09-13T21:37:05Z,70,6.0,8.0,,,,,1018.3,26.3,26.9,,,,
2026-08-26T16:30:00Z,2026-09-13T21:37:05Z,70,6.0,8.0,,,,,1018.3,26.4,26.9,,,,
2026-08-26T16:40:00Z,2026-09-13T21:37:05Z,80,7.0,9.0,,,,,1018.3,26.4,26.9,,,,
2026-08-26T16:50:00Z,2026-09-13T21:37:05Z,80,7.0,10.0,,,,,1018.3,26.4,26.9,,,,
2026-08-26T17:00:00Z,2026-09-13T21:37:05Z,70,7.0,9.0,,,,,1018.5,26.4,26.9,,,-0.0,
2026-08-26T17:10:00Z,2026-09-13T21:37:05Z,70,7.0,9.0,,,,,1018.5,26.4,26.9,,,,
2026-08-26T17:20:00Z,2026-09-13T21:37:05Z,70,8.0,9.0,,,,,1018.5,26.4,26.9,,,,
2026-08-26T17:30:00Z,2026-09-13T21:37:05Z,70,8.0,9.0,,,,,1018.6,26.4,26.9,,,,
2026-08-26T17:40:00Z,2026-09-13T21:37:05Z,70,8.0,10.0,,,,,1018.7,26.5,26.9,,,,
2026-08-26T17:50:00Z,2026-09-13T21:37:05Z,70,7.0,9.0,,,,,1018.8,26.5,26.9,,,,
2026-08-26T18:00:00Z,2026-09-13T21:37:05Z,70,7.0,9.0,,,,,1018.9,26.5,26.9,,,+0.8,
2026-08-26T18:10:00Z,2026-09-13T21:37:05Z,70,8.0,9.0,,,,,1019.0,26.4,26.9,,,,
2026-08-26T18:20:00Z,2026-09-13T21:37:05Z,70,8.0,9.0,,,,,1019.1,26.4,26.9,,,,
2026-08-26T18:30:00Z,2026-09-13T21:37:05Z,70,8.0,9.0,,,,,1019.2,26.5,26.9,,,,
2026-08-26T18:40:00Z,2026-09-13T21:37:05Z,70,8.0,9.0,,,,,1019.1,26.5,26.9,,,,
2026-08-26T18:50:00Z,2026-09-13T21:37:05Z,70,7.0,9.0,,,,,1019.2,26.5,26.9,,,,
2026-08-26T19:00:00Z,2026-09-13T21:37:05Z,70,7.0,9.0,,,,,1019.4,,26.9,,,+1.1,
2026-08-26T19:10:00Z,2026-09-13T21:37:05Z,70,7.0,9.0,,,,,1019.5,26.5,26.9,,,,
2026-08-26T19:20:00Z,2026-09-13T21:37:05Z,70,7.0,9.0,,,,,1019.6,26.5,26.9,,,,
2026-08-26T19:30:00Z,2026-09-13T21:37:05Z,70,7.0,9.0,,,,,1019.7,,26.9,,,,
2026-08-26T19:40:00Z,2026-09-13T21:37:05Z,70,7.0,9.0,,,,,1019.9,26.5,26.9,,,,
2026-08-26T19:50:00Z,2026-09-13T21:37:05Z,70,7.0,9.0,,,,,1019.9,26.5,26.9,,,,
2026-08-26T20:00:00Z,2026-09-13T21:37:05Z,70,7.0,8.0,,,,,1020.0,26.5,26.9,,,+1.5,
2026-08-26T20:10:00Z,2026-09-13T21:37:05Z,70,6.0,7.0,,,,,1019.9,26.5,,,,,
2026-08-26T20:20:00Z,2026-09-13T21:37:05Z,70,6.0,8.0,,,,,1020.0,26.4,26.9,,,,
2026-08-26T20:30:00Z,2026-09-13T21:37:05Z,70,7.0,8.0,,,,,1019.9,26.5,26.9,,,,
2026-08-26T20:40:00Z,2026-09-13T21:37:05Z,70,7.0,8.0,,,,,1019.9,26.5,26.9,,,,
2026-08-26T20:50:00Z,2026-09-13T21:37:05Z,70,7.0,8.0,,,,,1019.9,26.4,27.0,,,,
2026-08-26T21:00:00Z,2026-09-13T21:37:05Z,70,7.0,8.0,,,,,1019.9,26.5,27.0,,,+1.0,
2026-08-26T21:10:00Z,2026-09-13T21:37:05Z,70,7.0,9.0,,,,,1019.9,26.5,27.0,,,,
2026-08-26T21:20:00Z,2026-09-13T21:37:05Z,70,7.0,8.0,,,,,1019.7,26.5,27.0,,,,
2026-08-26T21:30:00Z,2026-09-13T21:37:05Z,70,7.0,9.0,,,,,1019.6,26.5,27.0,,,,
2026-08-26T21:40:00Z,2026-09-13T21:37:05Z,70,7.0,8.0,,,,,1019.6,26.5,27.0,,,,
2026-08-26T21:50:00Z,2026-09-13T21:37:05Z,70,7.0,8.0,,,,,1019.6,26.5,27.0,,,,
2026-08-26T22:00:00Z,2026-09-13T21:37:05Z,70,7.0,8.0,,,,,1019.6,26.5,27.0,,,+0.0,
2026-08-26T22:10:00Z,2026-09-13T21:37:05Z,70,7.0,8.0,,,,,1019.5,26.4,27.0,,,,
2026-08-26T22:20:00Z,2026-09-13T21:37:05Z,80,7.0,8.0,,,,,1019.4,26.4,,,,,
2026-08-26T23:00:00Z,2026-09-13T21:37:05Z,70,7.0,8.0,,,,,1019.1,26.4,27.1,,,-0.9,
2026-08-26T23:10:00Z,2026-09-13T21:37:05Z,70,7.0,8.0,,,,,1019.1,26.4,27.1,,,,
2026-08-26T23:20:00Z,2026-09-13T21:37:05Z,80,7.0,9.0,,,,,1018.9,26.5,27.1,,,,
2026-08-26T23:30:00Z,2026-09-13T21:37:05Z,70,7.0,9.0,,,,,1018.8,26.4,27.1,,,,
2026-08-26T23:40:00Z,2026-09-13T21:37:05Z,70,7.0,8.0,,,,,1018.7,26.5,27.1,,,,
2026-08-26T23:50:00Z,2026-09-13T21:37:05Z,80,7.0,9.0,,,,,1018.5,26.5,27.1,,,,
2026-08-27T00:00:00Z,2026-09-13T21:37:05Z,70,7.0,9.0,,,,,1018.5,26.5,,,,-1.4,
2026-08-27T00:10:00Z,2026-09-13T21:37:05Z,80,7.0,8.0,,,,,1018.4,26.5,27.1,,,,
2026-08-27T00:20:00Z,2026-09-13T21:37:05Z,80,6.0,8.0,,,,,1018.5,26.5,27.1,,,,
2026-08-27T00:30:00Z,2026-09-13T21:37:05Z,80,6.0,8.0,,,,,1018.3,26.5,27.1,,,,
2026-08-27T00:40:00Z,2026-09-13T21:37:05Z,70,6.0,8.0,,,,,1018.2,26.5,27.1,,,,
2026-08-27T00:50:00Z,2026-09-13T21:37:05Z,80,7.0,8.0,,,,,1018.0,26.4,27.1,,,,
2026-08-27T01:00:00Z,2026-09-13T21:37:05Z,70,7.0,8.0,,,,,1017.8,26.4,27.1,,,-1.8,
2026-08-27T01:10:00Z,2026-09-13T21:37:05Z,70,6.0,8.0,,,,,1017.7,26.4,27.1,,,,
2026-08-27T01:20:00Z,2026-09-13T21:37:05Z,80,6.0,8.0,,,,,1017.7,26.4,27.2,,,,
2026-08-27T01:30:00Z,2026-09-13T21:37:05Z,70,6.0,8.0,,,,,1017.7,26.5,27.2,,,,
2026-08-27T01:40:00Z,2026-09-13T21:37:05Z,70,7.0,8.0,,,,,1017.5,26.4,27.1,,,,
2026-08-27T01:50:00Z,2026-09-13T21:37:05Z,70,6.0,8.0,,,,,1017.6,26.5,27.1,,,,
2026-08-27T02:00:00Z,2026-09-13T21:37:05Z,70,6.0,8.0,,,,,1017.7,26.5,27.1,,,-1.4,
2026-08-27T02:10:00Z,2026-09-13T21:37:05Z,60,7.0,8.0,,,,,1017.8,26.3,27.2,,,,
2026-08-27T02:20:00Z,2026-09-13T21:37:05Z,50,6.0,8.0,,,,,1017.9,26.1,27.1,,,,
2026-08-27T02:30:00Z,2026-09-13T21:37:05Z,50,5.0,7.0,,,,,1017.8,26.0,27.1,,,,
2026-08-27T02:40:00Z,2026-09-13T21:37:05Z,60,5.0,6.0,,,,,1017.8,26.2,27.1,,,,
2026-08-27T02:50:00Z,2026-09-13T21:37:05Z,60,5.0,8.0,,,,,1017.7,26.3,27.1,,,,
2026-08-27T03:00:00Z,2026-09-13T21:37:05Z,80,6.0,7.0,,,,,1017.7,26.5,27.1,,,-0.8,
2026-08-27T03:10:00Z,2026-09-13T21:37:05Z,70,6.0,7.0,,,,,1017.6,26.5,27.1,,,,
2026-08-27T03:20:00Z,2026-09-13T21:37:05Z,70,7.0,8.0,,,,,1017.6,26.5,27.2,,,,
2026-08-27T03:30:00Z,2026-09-13T21:37:05Z,70,7.0,8.0,,,,,1017.6,26.5,27.2,,,,
2026-08-27T03:40:00Z,2026-09-13T21:37:05Z,70,7.0,9.0,,,,,1017.6,26.5,27.2,,,,
2026-08-27T03:50:00Z,2026-09-13T21:37:05Z,70,7.0,9.0,,,,,1017.5,26.5,27.1,,,,
2026-08-27T04:00:00Z,2026-09-13T21:37:05Z,70,7.0,8.0,,,,,1017.6,26.5,27.2,,,+0.0,
2026-08-27T04:10:00Z,2026-09-13T21:37:05Z,70,7.0,9.0,,,,,1017.6,26.4,,,,,
2026-08-27T04:20:00Z,2026-09-13T21:37:05Z,60,7.0,8.0,,,,,1017.7,26.4,27.1,,,,
2026-08-27T04:30:00Z,2026-09-13T21:37:05Z,70,7.0,8.0,,,,,1017.8,26.5,27.1,,,,
2026-08-27T04:40:00Z,2026-09-13T21:37:05Z,70,6.0,8.0,,,,,1017.9,26.5,27.2,,,,
2026-08-27T04:50:00Z,2026-09-13T21:37:05Z,70,6.0,8.0,,,,,1018.0,26.4,27.1,,,,
2026-08-27T05:00:00Z,2026-09-13T21:37:05Z,70,6.0,8.0,,,,,1018.0,26.4,27.1,,,+0.3,
2026-08-27T05:10:00Z,2026-09-13T21:37:05Z,70,6.0,8.0,,,,,1017.9,26.4,27.1,,,,
2026-08-27T05:20:00Z,2026-09-13T21:37:05Z,70,6.0,8.0,,,,,1018.0,26.4,27.1,,,,
2026-08-27T05:30:00Z,2026-09-13T21:37:05Z,70,6.0,8.0,,,,,1018.0,26.4,27.1,,,,
2026-08-27T05:40:00Z,2026-09-13T21:37:05Z,70,6.0,8.0,,,,,1018.1,26.4,27.1,,,,
2026-08-27T05:50:00Z,2026-09-13T21:37:05Z,70,6.0,8.0,,,,,1018.2,26.3,27.1,,,,
2026-08-27T06:00:00Z,2026-09-13T21:37:05Z,70,6.0,8.0,,,,,1018.4,26.4,27.1,,,+0.7,
2026-08-27T06:10:00Z,2026-09-13T21:37:05Z,70,6.0,8.0,,,,,1018.5,26.3,27.1,,,,
2026-08-27T06:20:00Z,2026-09-13T21:37:05Z,70,6.0,8.0,,,,,1018.6,26.4,27.1,,,,
2026-08-27T06:30:00Z,2026-09-13T21:37:05Z,70,6.0,8.0,,,,,1018.7,26.3,27.1,,,,
2026-08-27T06:40:00Z,2026-09-13T21:37:05Z,70,7.0,8.0,,,,,1018.9,26.3,,,,,
2026-08-27T06:50:00Z,2026-09-13T21:37:05Z,70,7.0,8.0,,,,,1018.8,26.4,27.1,,,,
2026-08-27T07:00:00Z,2026-09-13T21:37:05Z,70,7.0,8.0,,,,,1018.9,26.4,27.1,,,+1.3,
2026-08-27T07:10:00Z,2026-09-13T21:37:05Z,70,7.0,9.0,,,,,1018.9,26.4,27.1,,,,
2026-08-27T07:20:00Z,2026-09-13T21:37:05Z,70,7.0,8.0,,,,,1018.9,26.4,27.0,,,,
2026-08-27T07:30:00Z,2026-09-13T21:37:05Z,70,7.0,8.0,,,,,1019.1,26.4,27.0,,,,
2026-08-27T07:40:00Z,2026-09-13T21:37:05Z,80,6.0,8.0,,,,,1019.4,26.4,27.0,,,,
2026-08-27T07:50:00Z,2026-09-13T21:37:05Z,80,6.0,8.0,,,,,1019.3,26.4,27.0,,,,
2026-08-27T08:00:00Z,2026-09-13T21:37:05Z,80,6.0,8.0,,,,,1019.4,26.4,27.0,,,+1.4,
2026-08-27T08:10:00Z,2026-09-13T21:37:05Z,70,6.0,7.0,,,,,1019.6,26.4,27.0,,,,
2026-08-27T08:20:00Z,2026-09-13T21:37:05Z,80,6.0,8.0,,,,,1019.6,26.4,27.0,,,,
2026-08-27T08:30:00Z,2026-09-13T21:37:05Z,70,5.0,7.0,,,,,1019.6,26.4,27.0,,,,
2026-08-27T08:40:00Z,2026-09-13T21:37:05Z,70,5.0,7.0,,,,,1019.6,26.2,27.0,,,,
2026-08-27T08:50:00Z,2026-09-13T21:37:05Z,70,6.0,8.0,,,,,1019.6,26.2,27.0,,,,
2026-08-27T09:00:00Z,2026-09-13T21:37:05Z,80,7.0,8.0,,,,,1019.6,26.3,27.0,,,+1.2,
2026-08-27T09:10:00Z,2026-09-13T21:37:05Z,70,7.0,8.0,,,,,1019.6,26.3,27.0,,,,
2026-08-27T09:20:00Z,2026-09-13T21:37:05Z,70,7.0,8.0,,,,,1019.6,26.3,27.0,,,,
2026-08-27T09:30:00Z,2026-09-13T21:37:05Z,70,6.0,8.0,,,,,1019.6,26.4,27.0,,,,
2026-08-27T09:40:00Z,2026-09-13T21:37:05Z,70,7.0,8.0,,,,,1019.5,26.4,27.0,,,,
2026-08-27T09:50:00Z,2026-09-13T21:37:05Z,70,6.0,7.0,,,,,1019.4,26.4,27.0,,,,
2026-08-27T10:00:00Z,2026-09-13T21:37:05Z,70,6.0,7.0,,,,,1019.5,26.4,27.0,,,+0.6,
2026-08-27T10:10:00Z,2026-09-13T21:37:05Z,70,6.0,7.0,,,,,1019.4,26.4,27.0,,,,
2026-08-27T10:20:00Z,2026-09-13T21:37:05Z,70,6.0,7.0,,,,,1019.2,26.3,27.0,,,,
2026-08-27T10:30:00Z,2026-09-13T21:37:05Z,60,7.0,8.0,,,,,1019.0,26.3,27.0,,,,
2026-08-27T10:40:00Z,2026-09-13T21:37:05Z,60,6.0,8.0,,,,,1019.0,26.3,27.0,,,,
2026-08-27T10:50:00Z,2026-09-13T21:37:05Z,60,6.0,8.0,,,,,1018.7,26.3,27.0,,,,
2026-08-27T11:00:00Z,2026-09-13T21:37:05Z,60,7.0,8.0,,,,,1018.7,26.2,27.0,,,-0.7,
2026-08-27T11:10:00Z,2026-09-13T21:37:05Z,60,7.0,8.0,,,,,1018.6,26.2,27.0,,,,
2026-08-27T11:20:00Z,2026-09-13T21:37:05Z,60,7.0,8.0,,,,,1018.5,26.1,27.0,,,,
2026-08-27T11:30:00Z,2026-09-13T21:37:05Z,60,7.0,8.0,,,,,1018.5,26.1,27.0,,,,
2026-08-27T11:40:00Z,2026-09-13T21:37:05Z,60,6.0,8.0,,,,,1018.4,26.1,27.0,,,,
2026-08-27T11:50:00Z,2026-09-13T21:37:05Z,60,7.0,8.0,,,,,1018.2,26.1,27.0,,,,
2026-08-27T12:00:00Z,2026-09-13T21:37:05Z,60,7.0,8.0,,,,,1018.1,26.1,27.0,,,-1.5,
2026-08-27T12:10:00Z,2026-09-13T21:37:05Z,60,7.0,8.0,,,,,1018.0,26.1,27.0,,,,
2026-08-27T12:20:00Z,2026-09-13T21:37:05Z,60,6.0,8.0,,,,,1018.0,26.1,27.0,,,,
2026-08-27T12:30:00Z,2026-09-13T21:37:05Z,50,6.0,8.0,,,,,1018.0,26.1,27.0,,,,
2026-08-27T12:40:00Z,2026-09-13T21:37:05Z,60,6.0,8.0,,,,,1017.9,26.1,27.0,,,,
2026-08-27T12:50:00Z,2026-09-13T21:37:05Z,50,6.0,7.0,,,,,1017.9,26.1,27.0,,,,
2026-08-27T13:00:00Z,2026-09-13T21:37:05Z,50,6.0,8.0,,,,,1017.9,26.1,27.0,,,-1.6,
2026-08-27T13:10:00Z,2026-09-13T21:37:05Z,50,6.0,7.0,,,,,1017.8,26.1,27.0,,,,
2026-08-27T13:20:00Z,2026-09-13T21:37:05Z,50,6.0,8.0,,,,,1017.8,26.1,27.0,,,,
2026-08-27T13:30:00Z,2026-09-13T21:37:05Z,60,5.0,7.0,,,,,1017.8,26.0,27.0,,,,
2026-08-27T13:40:00Z,2026-09-13T21:37:05Z,60,6.0,7.0,,,,,1017.7,26.1,27.0,,,,
2026-08-27T13:50:00Z,2026-09-13T21:37:05Z,50,6.0,7.0,,,,,1017.6,26.1,27.0,,,,
2026-08-27T14:00:00Z,2026-09-13T21:37:05Z,60,6.0,7.0,,,,,1017.6,26.1,27.0,,,-1.1,
2026-08-27T14:10:00Z,2026-09-13T21:37:05Z,60,6.0,7.0,,,,,1017.5,26.1,27.0,,,,
2026-08-27T14:20:00Z,2026-09-13T21:37:05Z,60,5.0,7.0,,,,,1017.5,26.1,27.0,,,,
2026-08-27T14:30:00Z,2026-09-13T21:37:05Z,60,6.0,7.0,,,,,1017.5,26.1,27.0,,,,
2026-08-27T14:40:00Z,2026-09-13T21:37:05Z,60,6.0,7.0,,,,,1017.5,26.1,27.0,,,,
2026-08-27T14:50:00Z,2026-09-13T21:37:05Z,60,6.0,8.0,,,,,1017.5,26.1,27.0,,,,
2026-08-27T15:00:00Z,2026-09-13T21:37:05Z,60,6.0,8.0,,,,,1017.6,26.1,27.0,,,-0.5,
2026-08-27T15:10:00Z,2026-09-13T21:37:05Z,60,6.0,8.0,,,,,1017.7,26.1,27.0,,,,
2026-08-27T15:20:00Z,2026-09-13T21:37:05Z,60,6.0,8.0,,,,,1017.7,26.1,27.0,,,,
2026-08-27T15:30:00Z,2026-09-13T21:37:05Z,60,6.0,7.0,,,,,1017.9,26.1,27.0,,,,
2026-08-27T15:40:00Z,2026-09-13T21:37:05Z,60,6.0,7.0,,,,,1017.9,26.1,27.0,,,,
2026-08-27T15:50:00Z,2026-09-13T21:37:05Z,60,6.0,7.0,,,,,1017.9,26.1,27.0,,,,
2026-08-27T16:00:00Z,2026-09-13T21:37:05Z,50,6.0,8.0,,,,,1018.0,26.0,27.0,,,-0.0,
2026-08-27T16:10:00Z,2026-09-13T21:37:05Z,50,6.0,7.0,,,,,1017.9,26.0,27.0,,,,
2026-08-27T16:20:00Z,2026-09-13T21:37:05Z,60,6.0,8.0,,,,,1017.9,26.1,27.0,,,,
2026-08-27T16:30:00Z,2026-09-13T21:37:05Z,60,6.0,8.0,,,,,1018.0,26.1,27.0,,,,
2026-08-27T16:40:00Z,2026-09-13T21:37:05Z,60,6.0,7.0,,,,,1018.1,26.1,27.0,,,,
2026-08-27T16:50:00Z,2026-09-13T21:37:05Z,60,6.0,7.0,,,,,1018.2,26.2,27.0,,,,
2026-08-27T17:00:00Z,2026-09-13T21:37:05Z,60,6.0,7.0,,,,,1018.2,26.2,27.0,,,+0.6,
2026-08-27T17:10:00Z,2026-09-13T21:37:05Z,50,6.0,7.0,,,,,1018.3,26.2,27.0,,,,
2026-08-27T17:20:00Z,2026-09-13T21:37:05Z,50,6.0,7.0,,,,,1018.6,26.2,27.0,,,,
2026-08-27T17:30:00Z,2026-09-13T21:37:05Z,60,5.0,7.0,,,,,1018.7,26.2,27.0,,,,
2026-08-27T17:40:00Z,2026-09-13T21:37:05Z,60,5.0,7.0,,,,,1018.7,26.2,27.0,,,,
2026-08-27T17:50:00Z,2026-09-13T21:37:05Z,60,5.0,6.0,,,,,1018.8,26.3,27.0,,,,
2026-08-27T18:00:00Z,2026-09-13T21:37:05Z,60,5.0,6.0,,,,,1018.7,26.3,27.0,,,+1.1,
2026-08-27T18:10:00Z,2026-09-13T21:37:05Z,70,5.0,7.0,,,,,1018.8,26.3,27.0,,,,
2026-08-27T18:20:00Z,2026-09-13T21:37:05Z,70,6.0,7.0,,,,,1018.9,26.4,27.0,,,,
2026-08-27T18:30:00Z,2026-09-13T21:37:05Z,60,6.0,7.0,,,,,1019.0,26.4,27.0,,,,
2026-08-27T18:40:00Z,2026-09-13T21:37:05Z,60,5.0,7.0,,,,,1019.0,26.4,27.0,,,,
2026-08-27T18:50:00Z,2026-09-13T21:37:05Z,60,5.0,6.0,,,,,1019.1,26.4,27.0,,,,
2026-08-27T19:00:00Z,2026-09-13T21:37:05Z,60,5.0,6.0,,,,,1019.1,26.3,27.0,,,+1.1,
2026-08-27T19:10:00Z,2026-09-13T21:37:05Z,40,5.0,8.0,,,,,1019.1,26.0,27.0,,,,
2026-08-27T19:20:00Z,2026-09-13T21:37:05Z,50,5.0,6.0,,,,,1019.2,25.9,27.0,,,,
2026-08-27T19:30:00Z,2026-09-13T21:37:05Z,70,6.0,7.0,,,,,1019.2,26.3,27.0,,,,
2026-08-27T19:40:00Z,2026-09-13T21:37:05Z,50,6.0,8.0,,,,,1019.2,26.2,27.0,,,,
2026-08-27T19:50:00Z,2026-09-13T21:37:05Z,50,7.0,8.0,,,,,1019.4,26.0,27.0,,,,
2026-08-27T20:00:00Z,2026-09-13T21:37:05Z,60,6.0,8.0,,,,,1019.4,26.1,27.0,,,+1.2,
2026-08-27T20:10:00Z,2026-09-13T21:37:05Z,50,7.0,8.0,,,,,1019.4,26.1,27.0,,,,
2026-08-27T20:20:00Z,2026-09-13T21:37:05Z,50,6.0,8.0,,,,,1019.4,26.1,27.0,,,,
2026-08-27T20:30:00Z,2026-09-13T21:37:05Z,50,6.0,7.0,,,,,1019.4,26.2,27.0,,,,
2026-08-27T20:40:00Z,2026-09-13T21:37:05Z,50,6.0,7.0,,,,,1019.4,26.2,27.0,,,,
2026-08-27T20:50:00Z,2026-09-13T21:37:05Z,50,6.0,7.0,,,,,1019.4,26.2,27.1,,,,
2026-08-27T21:00:00Z,2026-09-13T21:37:05Z,50,5.0,7.0,,,,,1019.4,26.3,27.1,,,+0.7,
2026-08-27T21:10:00Z,2026-09-13T21:37:05Z,70,5.0,8.0,,,,,1019.3,26.3,27.1,,,,
2026-08-27T21:20:00Z,2026-09-13T21:37:05Z,100,6.0,8.0,,,,,1019.3,25.6,27.1,,,,
2026-08-27T21:30:00Z,2026-09-13T21:37:05Z,90,7.0,8.0,,,,,1019.2,25.2,27.1,,,,
2026-08-27T21:40:00Z,2026-09-13T21:37:05Z,90,6.0,7.0,,,,,1019.1,25.0,27.1,,,,
2026-08-27T21:50:00Z,2026-09-13T21:37:05Z,90,5.0,7.0,,,,,1019.1,25.1,27.1,,,,
2026-08-27T22:00:00Z,2026-09-13T21:37:05Z,90,5.0,7.0,,,,,1019.0,25.2,27.1,,,+0.0,
2026-08-27T22:10:00Z,2026-09-13T21:37:05Z,90,4.0,6.0,,,,,1019.0,25.1,27.1,,,,
2026-08-27T22:20:00Z,2026-09-13T21:37:05Z,90,4.0,6.0,,,,,1018.9,25.4,27.1,,,,
2026-08-27T22:30:00Z,2026-09-13T21:37:05Z,90,4.0,6.0,,,,,1018.8,25.3,27.1,,,,
2026-08-27T22:40:00Z,2026-09-13T21:37:05Z,100,6.0,8.0,,,,,1018.8,25.1,27.1,,,,
2026-08-27T22:50:00Z,2026-09-13T21:37:05Z,100,5.0,7.0,,,,,1018.6,24.9,27.1,,,,
2026-08-27T23:00:00Z,2026-09-13T21:37:05Z,100,5.0,6.0,,,,,1018.6,24.9,27.1,,,-0.8,
2026-08-27T23:10:00Z,2026-09-13T21:37:05Z,100,6.0,7.0,,,,,1018.5,24.9,27.1,,,,
2026-08-27T23:20:00Z,2026-09-13T21:37:05Z,110,6.0,7.0,,,,,1018.3,24.9,27.1,,,,
2026-08-27T23:40:00Z,2026-09-13T21:37:05Z,100,5.0,6.0,,,,,1018.0,25.2,27.2,,,,
2026-08-27T23:50:00Z,2026-09-13T21:37:05Z,100,5.0,6.0,,,,,1018.0,25.5,27.2,,,,
2026-08-28T00:00:00Z,2026-09-13T21:37:05Z,90,4.0,6.0,,,,,1017.9,25.6,27.2,,,-1.5,
2026-08-28T00:10:00Z,2026-09-13T21:37:05Z,90,6.0,8.0,,,,,1017.9,25.7,27.2,,,,
2026-08-28T00:20:00Z,2026-09-13T21:37:05Z,90,6.0,7.0,,,,,1017.9,25.5,27.2,,,,
2026-08-28T00:30:00Z,2026-09-13T21:37:05Z,90,6.0,7.0,,,,,1017.7,25.3,27.2,,,,
2026-08-28T00:40:00Z,2026-09-13T21:37:05Z,90,6.0,7.0,,,,,1017.5,25.6,27.2,,,,
2026-08-28T00:50:00Z,2026-09-13T21:37:05Z,90,6.0,8.0,,,,,1017.4,25.8,27.2,,,,
2026-08-28T01:00:00Z,2026-09-13T21:37:05Z,90,5.0,7.0,,,,,1017.2,25.7,27.2,,,-1.8,
2026-08-28T01:10:00Z,2026-09-13T21:37:05Z,100,5.0,7.0,,,,,1017.1,25.8,27.2,,,,
2026-08-28T01:20:00Z,2026-09-13T21:37:05Z,80,5.0,7.0,,,,,1017.1,26.0,27.2,,,,
2026-08-28T01:30:00Z,2026-09-13T21:37:05Z,90,5.0,6.0,,,,,1016.9,26.0,27.2,,,,
2026-08-28T01:40:00Z,2026-09-13T21:37:05Z,90,5.0,6.0,,,,,1016.8,26.1,27.2,,,,
2026-08-28T01:50:00Z,2026-09-13T21:37:05Z,80,4.0,5.0,,,,,1016.8,26.1,27.2,,,,
2026-08-28T02:00:00Z,2026-09-13T21:37:05Z,70,4.0,5.0,,,,,1016.7,26.2,27.2,,,-1.9,
2026-08-28T02:10:00Z,2026-09-13T21:37:05Z,60,4.0,5.0,,,,,1016.8,26.2,27.2,,,,
2026-08-28T02:20:00Z,2026-09-13T21:37:05Z,60,4.0,6.0,,,,,1016.8,26.3,27.2,,,,
2026-08-28T02:30:00Z,2026-09-13T21:37:05Z,70,4.0,6.0,,,,,1016.6,26.3,27.2,,,,
2026-08-28T02:40:00Z,2026-09-13T21:37:05Z,70,4.0,5.0,,,,,1016.7,26.2,27.2,,,,
2026-08-28T02:50:00Z,2026-09-13T21:37:05Z,70,4.0,5.0,,,,,1016.7,26.2,27.2,,,,
2026-08-28T03:00:00Z,2026-09-13T21:37:05Z,70,4.0,5.0,,,,,1016.8,26.3,27.2,,,-1.1,
2026-08-28T03:10:00Z,2026-09-13T21:37:05Z,60,4.0,6.0,,,,,1016.7,26.4,27.2,,,,
2026-08-28T03:20:00Z,2026-09-13T21:37:05Z,60,4.0,6.0,,,,,1016.8,26.4,27.2,,,,
2026-08-28T03:30:00Z,2026-09-13T21:37:05Z,60,4.0,6.0,,,,,1016.8,26.5,27.2,,,,
2026-08-28T03:40:00Z,2026-09-13T21:37:05Z,60,4.0,6.0,,,,,1016.8,26.5,27.2,,,,
2026-08-28T03:50:00Z,2026-09-13T21:37:05Z,90,4.0,5.0,,,,,1016.8,26.3,27.2,,,,
2026-08-28T04:00:00Z,2026-09-13T21:37:05Z,90,5.0,7.0,,,,,1016.8,26.1,27.2,,,-0.4,
2026-08-28T04:10:00Z,2026-09-13T21:37:05Z,110,3.0,5.0,,,,,1016.9,25.6,27.2,,,,
2026-08-28T04:20:00Z,2026-09-13T21:37:05Z,80,5.0,7.0,,,,,1016.9,26.0,27.2,,,,
2026-08-28T04:30:00Z,2026-09-13T21:37:05Z,90,5.0,7.0,,,,,1016.9,25.7,27.2,,,,
2026-08-28T04:40:00Z,2026-09-13T21:37:05Z,90,5.0,7.0,,,,,1017.0,25.7,27.2,,,,
2026-08-28T04:50:00Z,2026-09-13T21:37:05Z,90,4.0,5.0,,,,,1017.1,25.9,27.2,,,,
2026-08-28T05:00:00Z,2026-09-13T21:37:05Z,80,4.0,6.0,,,,,1017.1,26.0,27.2,,,+0.4,
2026-08-28T05:10:00Z,2026-09-13T21:37:05Z,90,4.0,5.0,,,,,1017.1,26.0,27.2,,,,
2026-08-28T05:20:00Z,2026-09-13T21:37:05Z,80,4.0,5.0,,,,,1017.1,26.1,27.2,,,,
2026-08-28T05:30:00Z,2026-09-13T21:37:05Z,70,4.0,5.0,,,,,1017.2,26.3,27.2,,,,
2026-08-28T05:40:00Z,2026-09-13T21:37:05Z,80,4.0,6.0,,,,,1017.3,26.4,27.1,,,,
2026-08-28T05:50:00Z,2026-09-13T21:37:05Z,70,5.0,6.0,,,,,1017.4,26.4,27.1,,,,
2026-08-28T06:00:00Z,2026-09-13T21:37:05Z,70,5.0,6.0,,,,,1017.5,26.4,27.1,,,+0.7,
2026-08-28T06:10:00Z,2026-09-13T21:37:05Z,70,4.0,6.0,,,,,1017.7,26.2,27.1,,,,
2026-08-28T06:20:00Z,2026-09-13T21:37:05Z,80,4.0,6.0,,,,,1017.8,26.2,27.1,,,,
2026-08-28T06:30:00Z,2026-09-13T21:37:05Z,70,4.0,5.0,,,,,1018.0,26.2,27.1,,,,
2026-08-28T06:40:00Z,2026-09-13T21:37:05Z,60,4.0,5.0,,,,,1017.9,26.1,27.1,,,,
2026-08-28T06:50:00Z,2026-09-13T21:37:05Z,70,4.0,5.0,,,,,1018.0,26.1,27.1,,,,
2026-08-28T07:00:00Z,2026-09-13T21:37:05Z,60,4.0,4.0,,,,,1018.0,26.1,27.1,,,+1.2,
2026-08-28T07:10:00Z,2026-09-13T21:37:05Z,60,3.0,5.0,,,,,1018.1,26.1,27.1,,,,
2026-08-28T07:20:00Z,2026-09-13T21:37:05Z,60,4.0,5.0,,,,,1018.2,26.1,27.1,,,,
2026-08-28T07:30:00Z,2026-09-13T21:37:05Z,60,4.0,5.0,,,,,1018.2,26.2,27.1,,,,
2026-08-28T07:40:00Z,2026-09-13T21:37:05Z,70,4.0,6.0,,,,,1018.3,26.2,27.1,,,,
2026-08-28T07:50:00Z,2026-09-13T21:37:05Z,70,4.0,5.0,,,,,1018.4,26.2,27.1,,,,
2026-08-28T08:00:00Z,2026-09-13T21:37:05Z,70,4.0,5.0,,,,,1018.3,26.1,27.1,,,+1.2,
2026-08-28T08:10:00Z,2026-09-13T21:37:05Z,70,4.0,5.0,,,,,1018.4,26.1,27.1,,,,
2026-08-28T08:20:00Z,2026-09-13T21:37:05Z,80,4.0,5.0,,,,,1018.5,26.1,27.1,,,,
2026-08-28T08:30:00Z,2026-09-13T21:37:05Z,70,4.0,5.0,,,,,1018.5,26.1,27.1,,,,
2026-08-28T08:40:00Z,2026-09-13T21:37:05Z,80,4.0,5.0,,,,,1018.5,26.1,27.1,,,,
2026-08-28T08:50:00Z,2026-09-13T21:37:05Z,80,4.0,5.0,,,,,1018.5,26.0,27.1,,,,
2026-08-28T09:00:00Z,2026-09-13T21:37:05Z,80,4.0,6.0,,,,,1018.4,26.1,27.1,,,+0.9,
2026-08-28T09:10:00Z,2026-09-13T21:37:05Z,70,4.0,5.0,,,,,1018.4,26.1,27.1,,,,
2026-08-28T09:20:00Z,2026-09-13T21:37:05Z,70,4.0,5.0,,,,,1018.4,26.1,27.0,,,,
2026-08-28T09:30:00Z,2026-09-13T21:37:05Z,70,4.0,5.0,,,,,1018.3,26.2,27.1,,,,
2026-08-28T09:40:00Z,2026-09-13T21:37:05Z,70,4.0,5.0,,,,,1018.4,26.1,27.0,,,,
2026-08-28T09:50:00Z,2026-09-13T21:37:05Z,80,4.0,6.0,,,,,1018.3,26.2,27.0,,,,
2026-08-28T10:00:00Z,2026-09-13T21:37:05Z,80,4.0,5.0,,,,,1018.2,26.2,27.0,,,+0.0,
2026-08-28T10:10:00Z,2026-09-13T21:37:05Z,80,4.0,6.0,,,,,1018.3,26.2,27.0,,,,
2026-08-28T10:20:00Z,2026-09-13T21:37:05Z,90,4.0,5.0,,,,,1018.3,26.2,27.0,,,,
2026-08-28T10:30:00Z,2026-09-13T21:37:05Z,90,4.0,5.0,,,,,1018.2,26.2,27.0,,,,
2026-08-28T10:40:00Z,2026-09-13T21:37:05Z,90,4.0,6.0,,,,,1018.1,26.2,27.0,,,,
2026-08-28T10:50:00Z,2026-09-13T21:37:05Z,90,4.0,6.0,,,,,1018.0,26.1,27.0,,,,
2026-08-28T11:00:00Z,2026-09-13T21:37:05Z,100,5.0,7.0,,,,,1018.0,26.0,27.0,,,-0.3,
2026-08-28T11:10:00Z,2026-09-13T21:37:05Z,100,5.0,6.0,,,,,1018.0,25.9,27.0,,,,
2026-08-28T11:20:00Z,2026-09-13T21:37:05Z,100,4.0,5.0,,,,,1017.8,25.9,27.0,,,,
2026-08-28T11:30:00Z,2026-09-13T21:37:05Z,90,4.0,5.0,,,,,1017.7,26.0,27.0,,,,
2026-08-28T11:40:00Z,2026-09-13T21:37:05Z,90,4.0,6.0,,,,,1017.7,26.1,27.0,,,,
2026-08-28T11:50:00Z,2026-09-13T21:37:05Z,90,4.0,5.0,,,,,1017.7,26.0,27.0,,,,
2026-08-28T12:00:00Z,2026-09-13T21:37:05Z,90,4.0,5.0,,,,,1017.7,26.0,27.0,,,-0.7,
2026-08-28T12:10:00Z,2026-09-13T21:37:05Z,90,4.0,5.0,,,,,1017.6,26.0,27.0,,,,
2026-08-28T12:20:00Z,2026-09-13T21:37:05Z,90,3.0,5.0,,,,,1017.4,26.0,27.0,,,,
2026-08-28T12:30:00Z,2026-09-13T21:37:05Z,90,4.0,5.0,,,,,1017.4,26.0,27.0,,,,
2026-08-28T12:40:00Z,2026-09-13T21:37:05Z,90,5.0,6.0,,,,,1017.3,26.1,,,,,
2026-08-28T12:50:00Z,2026-09-13T21:37:05Z,100,4.0,5.0,,,,,1017.2,26.2,27.0,,,,
2026-08-28T13:00:00Z,2026-09-13T21:37:05Z,90,5.0,6.0,,,,,1017.1,26.1,27.0,,,-1.1,
2026-08-28T13:10:00Z,2026-09-13T21:37:05Z,90,4.0,5.0,,,,,1017.1,26.0,27.0,,,,
2026-08-28T13:20:00Z,2026-09-13T21:37:05Z,90,4.0,5.0,,,,,1017.1,26.1,27.0,,,,
2026-08-28T13:30:00Z,2026-09-13T21:37:05Z,100,4.0,5.0,,,,,1017.0,26.0,27.0,,,,
2026-08-28T13:40:00Z,2026-09-13T21:37:05Z,100,3.0,5.0,,,,,1017.0,26.0,27.0,,,,
2026-08-28T13:50:00Z,2026-09-13T21:37:05Z,90,4.0,5.0,,,,,1016.9,,27.0,,,,
2026-08-28T14:00:00Z,2026-09-13T21:37:05Z,80,4.0,5.0,,,,,1016.8,26.1,27.0,,,-1.2,
2026-08-28T14:10:00Z,2026-09-13T21:37:05Z,90,4.0,5.0,,,,,1016.9,26.0,27.0,,,,
2026-08-28T14:20:00Z,2026-09-13T21:37:05Z,90,4.0,5.0,,,,,1016.9,26.1,27.0,,,,
2026-08-28T14:30:00Z,2026-09-13T21:37:05Z,90,3.0,4.0,,,,,1016.9,26.1,27.0,,,,
2026-08-28T14:40:00Z,2026-09-13T21:37:05Z,80,3.0,5.0,,,,,1017.0,26.1,27.0,,,,
2026-08-28T14:50:00Z,2026-09-13T21:37:05Z,70,4.0,5.0,,,,,1017.1,26.0,27.0,,,,
2026-08-28T15:00:00Z,2026-09-13T21:37:05Z,70,4.0,5.0,,,,,1017.1,26.0,27.0,,,-0.6,
2026-08-28T15:10:00Z,2026-09-13T21:37:05Z,70,3.0,4.0,,,,,1017.1,26.1,27.0,,,,
2026-08-28T15:20:00Z,2026-09-13T21:37:05Z,70,4.0,6.0,,,,,1017.2,26.0,27.0,,,,
2026-08-28T15:30:00Z,2026-09-13T21:37:05Z,70,4.0,5.0,,,,,1017.1,25.9,,,,,
2026-08-28T15:40:00Z,2026-09-13T21:37:05Z,70,4.0,5.0,,,,,1017.2,26.0,27.0,,,,
2026-08-28T15:50:00Z,2026-09-13T21:37:05Z,70,4.0,5.0,,,,,1017.3,26.0,27.0,,,,
2026-08-28T16:00:00Z,2026-09-13T21:37:05Z,70,4.0,5.0,,,,,1017.4,26.0,27.0,,,+0.3,
2026-08-28T16:10:00Z,2026-09-13T21:37:05Z,70,4.0,5.0,,,,,1017.4,26.1,27.0,,,,
2026-08-28T16:20:00Z,2026-09-13T21:37:05Z,70,4.0,5.0,,,,,1017.4,26.0,27.0,,,,
2026-08-28T16:30:00Z,2026-09-13T21:37:05Z,80,4.0,5.0,,,,,1017.4,26.0,27.0,,,,
2026-08-28T16:40:00Z,2026-09-13T21:37:05Z,70,4.0,5.0,,,,,1017.6,26.0,27.0,,,,
2026-08-28T16:50:00Z,2026-09-13T21:37:05Z,70,4.0,5.0,,,,,1017.8,26.1,27.0,,,,
2026-08-28T17:00:00Z,2026-09-13T21:37:05Z,70,4.0,5.0,,,,,1018.0,26.1,27.0,,,+1.2,
2026-08-28T17:10:00Z,2026-09-13T21:37:05Z,70,4.0,5.0,,,,,1018.0,26.1,27.0,,,,
2026-08-28T17:20:00Z,2026-09-13T21:37:05Z,70,3.0,4.0,,,,,1018.1,26.2,27.0,,,,
2026-08-28T17:30:00Z,2026-09-13T21:37:05Z,70,4.0,6.0,,,,,1018.1,26.2,27.0,,,,
2026-08-28T17:40:00Z,2026-09-13T21:37:05Z,80,5.0,6.0,,,,,1018.1,26.3,27.0,,,,
2026-08-28T17:50:00Z,2026-09-13T21:37:05Z,70,4.0,6.0,,,,,1018.2,26.3,27.0,,,,
2026-08-28T18:00:00Z,2026-09-13T21:37:05Z,80,4.0,6.0,,,,,1018.3,26.3,27.0,,,+1.2,
2026-08-28T18:10:00Z,2026-09-13T21:37:05Z,80,4.0,5.0,,,,,1018.3,26.2,27.0,,,,
2026-08-28T18:20:00Z,2026-09-13T21:37:05Z,70,4.0,5.0,,,,,1018.3,26.3,27.0,,,,
2026-08-28T18:30:00Z,2026-09-13T21:37:05Z,70,4.0,5.0,,,,,1018.4,26.2,27.0,,,,
2026-08-28T18:40:00Z,2026-09-13T21:37:05Z,70,4.0,6.0,,,,,1018.5,26.2,27.0,,,,
2026-08-28T18:50:00Z,2026-09-13T21:37:05Z,70,4.0,5.0,,,,,1018.6,26.2,27.0,,,,
2026-08-28T19:00:00Z,2026-09-13T21:37:05Z,60,4.0,5.0,,,,,1018.7,26.3,27.0,,,+1.3,
2026-08-28T19:10:00Z,2026-09-13T21:37:05Z,70,4.0,5.0,,,,,1018.7,26.3,27.0,,,,
2026-08-28T19:20:00Z,2026-09-13T21:37:05Z,60,4.0,6.0,,,,,1018.6,26.3,27.0,,,,
2026-08-28T19:30:00Z,2026-09-13T21:37:05Z,60,5.0,6.0,,,,,1018.6,26.3,27.0,,,,
2026-08-28T19:40:00Z,2026-09-13T21:37:05Z,60,5.0,6.0,,,,,1018.6,26.2,27.0,,,,
2026-08-28T19:50:00Z,2026-09-13T21:37:05Z,70,5.0,6.0,,,,,1018.7,26.3,27.0,,,,
2026-08-28T20:00:00Z,2026-09-13T21:37:05Z,60,5.0,6.0,,,,,1018.8,26.3,27.0,,,+0.8,
2026-08-28T20:10:00Z,2026-09-13T21:37:05Z,70,5.0,6.0,,,,,1018.8,26.3,27.0,,,,
2026-08-28T20:20:00Z,2026-09-13T21:37:05Z,70,5.0,6.0,,,,,1018.8,26.3,27.0,,,,
2026-08-28T20:30:00Z,2026-09-13T21:37:05Z,70,5.0,6.0,,,,,1018.8,26.3,27.0,,,,
2026-08-28T20:40:00Z,2026-09-13T21:37:05Z,70,5.0,6.0,,,,,1018.8,26.3,27.1,,,,
2026-08-28T20:50:00Z,2026-09-13T21:37:05Z,60,5.0,6.0,,,,,1018.8,26.3,27.1,,,,
2026-08-28T21:00:00Z,2026-09-13T21:37:05Z,70,5.0,6.0,,,,,1018.7,26.1,27.1,,,+0.4,
2026-08-28T21:10:00Z,2026-09-13T21:37:05Z,70,5.0,7.0,,,,,1018.7,26.3,27.1,,,,
2026-08-28T21:20:00Z,2026-09-13T21:37:05Z,80,5.0,6.0,,,,,1018.7,26.4,27.1,,,,
2026-08-28T21:30:00Z,2026-09-13T21:37:05Z,70,5.0,6.0,,,,,1018.6,26.4,27.1,,,,
2026-08-28T21:40:00Z,2026-09-13T21:37:05Z,80,5.0,6.0,,,,,1018.6,26.4,27.1,,,,
2026-08-28T21:50:00Z,2026-09-13T21:37:05Z,70,5.0,7.0,,,,,1018.5,26.4,27.1,,,,
2026-08-28T22:00:00Z,2026-09-13T21:37:05Z,80,5.0,7.0,,,,,1018.5,26.4,27.1,,,+0.0,
2026-08-28T22:10:00Z,2026-09-13T21:37:05Z,80,5.0,7.0,,,,,1018.5,26.4,27.2,,,,
2026-08-28T22:20:00Z,2026-09-13T21:37:05Z,80,6.0,7.0,,,,,1018.3,26.3,27.2,,,,
2026-08-28T22:30:00Z,2026-09-13T21:37:05Z,80,6.0,7.0,,,,,1018.2,26.3,27.1,,,,
2026-08-28T22:40:00Z,2026-09-13T21:37:05Z,80,6.0,7.0,,,,,1018.1,26.3,27.2,,,,
2026-08-28T22:50:00Z,2026-09-13T21:37:05Z,80,5.0,7.0,,,,,1017.9,26.4,27.2,,,,
2026-08-28T23:00:00Z,2026-09-13T21:37:05Z,80,6.0,8.0,,,,,1017.8,26.4,27.2,,,-1.0,
2026-08-28T23:10:00Z,2026-09-13T21:37:05Z,90,6.0,8.0,,,,,1017.7,26.2,27.2,,,,
2026-08-28T23:20:00Z,2026-09-13T21:37:05Z,90,6.0,7.0,,,,,,26.3,,,,,
2026-08-28T23:30:00Z,2026-09-13T21:37:05Z,80,6.0,8.0,,,,,1017.5,26.2,27.2,,,,
2026-08-28T23:40:00Z,2026-09-13T21:37:05Z,80,6.0,7.0,,,,,1017.4,26.3,27.2,,,,
2026-08-28T23:50:00Z,2026-09-13T21:37:05Z,80,6.0,7.0,,,,,1017.4,26.3,,,,,
2026-08-29T00:00:00Z,2026-09-13T21:37:05Z,80,6.0,7.0,,,,,1017.3,26.3,27.2,,,-1.4,
2026-08-29T00:10:00Z,2026-09-13T21:37:05Z,80,6.0,7.0,,,,,1017.2,26.3,27.2,,,,
2026-08-29T00:20:00Z,2026-09-13T21:37:05Z,80,6.0,7.0,,,,,1017.2,26.3,27.2,,,,
2026-08-29T00:30:00Z,2026-09-13T21:37:05Z,80,6.0,7.0,,,,,1017.0,26.4,27.3,,,,
2026-08-29T00:40:00Z,2026-09-13T21:37:05Z,80,6.0,7.0,,,,,1016.9,26.4,27.3,,,,
2026-08-29T00:50:00Z,2026-09-13T21:37:05Z,80,6.0,8.0,,,,,1016.7,26.4,27.3,,,,
2026-08-29T01:00:00Z,2026-09-13T21:37:05Z,80,7.0,8.0,,,,,1016.6,26.4,27.2,,,-1.9,
2026-08-29T01:10:00Z,2026-09-13T21:37:05Z,80,6.0,8.0,,,,,1016.5,26.5,27.3,,,,
2026-08-29T01:20:00Z,2026-09-13T21:37:05Z,70,6.0,12.0,,,,,1016.6,25.7,27.2,,,,
2026-08-29T01:30:00Z,2026-09-13T21:37:05Z,90,5.0,8.0,,,,,1016.4,25.9,27.2,,,,
2026-08-29T01:40:00Z,2026-09-13T21:37:05Z,80,6.0,8.0,,,,,1016.3,26.3,27.2,,,,
2026-08-29T01:50:00Z,2026-09-13T21:37:05Z,90,8.0,10.0,,,,,1016.3,26.1,27.2,,,,
2026-08-29T02:00:00Z,2026-09-13T21:37:05Z,90,8.0,10.0,,,,,1016.2,25.8,27.2,,,-1.6,
2026-08-29T02:10:00Z,2026-09-13T21:37:05Z,80,6.0,8.0,,,,,1016.2,26.0,27.2,,,,
2026-08-29T02:20:00Z,2026-09-13T21:37:05Z,70,5.0,6.0,,,,,1016.2,26.1,27.2,,,,
2026-08-29T02:30:00Z,2026-09-13T21:37:05Z,80,6.0,8.0,,,,,1016.2,26.3,27.2,,,,
2026-08-29T02:40:00Z,2026-09-13T21:37:05Z,80,6.0,8.0,,,,,1016.2,26.4,27.2,,,,
2026-08-29T02:50:00Z,2026-09-13T21:37:05Z,80,6.0,7.0,,,,,1016.1,26.5,27.2,,,,
2026-08-29T03:00:00Z,2026-09-13T21:37:05Z,80,7.0,8.0,,,,,1016.1,26.5,27.2,,,-1.2,
2026-08-29T03:10:00Z,2026-09-13T21:37:05Z,80,6.0,8.0,,,,,1016.1,26.6,27.2,,,,
2026-08-29T03:20:00Z,2026-09-13T21:37:05Z,80,6.0,8.0,,,,,1016.1,26.6,27.2,,,,
2026-08-29T03:30:00Z,2026-09-13T21:37:05Z,80,7.0,8.0,,,,,1016.0,26.6,27.2,,,,
2026-08-29T03:40:00Z,2026-09-13T21:37:05Z,80,7.0,8.0,,,,,1016.2,26.6,27.3,,,,
2026-08-29T03:50:00Z,2026-09-13T21:37:05Z,80,6.0,8.0,,,,,1016.2,26.6,27.2,,,,
2026-08-29T04:00:00Z,2026-09-13T21:37:05Z,80,7.0,8.0,,,,,1016.2,26.6,27.3,,,-0.4,
2026-08-29T04:10:00Z,2026-09-13T21:37:05Z,80,7.0,8.0,,,,,1016.3,26.6,27.2,,,,
2026-08-29T04:20:00Z,2026-09-13T21:37:05Z,90,7.0,8.0,,,,,1016.3,26.5,27.2,,,,
2026-08-29T04:30:00Z,2026-09-13T21:37:05Z,90,7.0,8.0,,,,,1016.4,26.2,27.2,,,,
2026-08-29T04:40:00Z,2026-09-13T21:37:05Z,90,7.0,8.0,,,,,1016.6,26.2,27.2,,,,
2026-08-29T04:50:00Z,2026-09-13T21:37:05Z,80,6.0,8.0,,,,,1016.6,26.1,27.2,,,,
2026-08-29T05:00:00Z,2026-09-13T21:37:05Z,80,5.0,7.0,,,,,1016.6,26.2,27.2,,,+0.4,
2026-08-29T05:10:00Z,2026-09-13T21:37:05Z,80,6.0,7.0,,,,,1016.8,26.3,27.2,,,,
2026-08-29T05:20:00Z,2026-09-13T21:37:05Z,90,6.0,8.0,,,,,1016.8,26.4,27.2,,,,
2026-08-29T05:30:00Z,2026-09-13T21:37:05Z,90,7.0,8.0,,,,,1016.8,26.4,27.1,,,,
2026-08-29T05:40:00Z,2026-09-13T21:37:05Z,80,7.0,8.0,,,,,1017.0,26.4,27.1,,,,
2026-08-29T05:50:00Z,2026-09-13T21:37:05Z,80,6.0,8.0,,,,,1017.1,26.4,27.1,,,,
2026-08-29T06:00:00Z,2026-09-13T21:37:05Z,80,6.0,7.0,,,,,1017.2,26.4,27.1,,,+1.1,
2026-08-29T06:10:00Z,2026-09-13T21:37:05Z,80,7.0,8.0,,,,,1017.3,26.4,27.1,,,,
2026-08-29T06:20:00Z,2026-09-13T21:37:05Z,80,7.0,9.0,,,,,1017.4,26.4,27.1,,,,
2026-08-29T06:30:00Z,2026-09-13T21:37:05Z,90,7.0,8.0,,,,,1017.7,26.4,27.1,,,,
2026-08-29T06:40:00Z,2026-09-13T21:37:05Z,90,7.0,9.0,,,,,1017.7,26.4,27.1,,,,
2026-08-29T06:50:00Z,2026-09-13T21:37:05Z,80,7.0,9.0,,,,,1017.8,26.4,27.1,,,,
2026-08-29T07:00:00Z,2026-09-13T21:37:05Z,90,7.0,8.0,,,,,1018.1,,27.1,,,+1.9,
2026-08-29T07:10:00Z,2026-09-13T21:37:05Z,90,7.0,8.0,,,,,1018.2,,27.1,,,,
2026-08-29T07:20:00Z,2026-09-13T21:37:05Z,90,6.0,8.0,,,,,1018.3,26.4,27.1,,,,
2026-08-29T07:30:00Z,2026-09-13T21:37:05Z,90,6.0,8.0,,,,,1018.3,26.4,27.1,,,,
2026-08-29T07:40:00Z,2026-09-13T21:37:05Z,80,6.0,8.0,,,,,1018.4,26.4,27.1,,,,
2026-08-29T07:50:00Z,2026-09-13T21:37:05Z,90,8.0,12.0,,,,,1018.5,26.2,27.1,,,,
2026-08-29T08:00:00Z,2026-09-13T21:37:05Z,100,7.0,10.0,,,,,1018.5,24.9,27.1,,,+1.9,
2026-08-29T08:10:00Z,2026-09-13T21:37:05Z,90,5.0,8.0,,,,,1018.4,25.6,27.1,,,,
2026-08-29T08:20:00Z,2026-09-13T21:37:05Z,80,7.0,8.0,,,,,1018.5,26.2,27.1,,,,
2026-08-29T08:30:00Z,2026-09-13T21:37:05Z,80,7.0,8.0,,,,,1018.6,26.3,27.1,,,,
2026-08-29T08:40:00Z,2026-09-13T21:37:05Z,80,6.0,8.0,,,,,1018.7,26.4,27.1,,,,
2026-08-29T08:50:00Z,2026-09-13T21:37:05Z,80,6.0,8.0,,,,,1018.7,26.4,27.1,,,,
2026-08-29T09:00:00Z,2026-09-13T21:37:05Z,80,7.0,8.0,,,,,1018.7,26.4,27.1,,,+1.5,
2026-08-29T09:10:00Z,2026-09-13T21:37:05Z,80,7.0,8.0,,,,,1018.7,26.4,27.1,,,,
2026-08-29T09:20:00Z,2026-09-13T21:37:05Z,80,8.0,11.0,,,,,1018.7,26.2,27.0,,,,
2026-08-29T09:30:00Z,2026-09-13T21:37:05Z,90,8.0,10.0,,,,,1018.7,25.9,27.1,,,,
2026-08-29T09:40:00Z,2026-09-13T21:37:05Z,80,8.0,10.0,,,,,1018.7,26.1,27.1,,,,
2026-08-29T09:50:00Z,2026-09-13T21:37:05Z,80,7.0,9.0,,,,,1018.8,26.2,27.1,,,,
2026-08-29T10:00:00Z,2026-09-13T21:37:05Z,80,7.0,9.0,,,,,1018.9,26.2,27.1,,,+0.8,
2026-08-29T10:10:00Z,2026-09-13T21:37:05Z,80,7.0,9.0,,,,,1018.8,26.2,27.1,,,,
2026-08-29T10:20:00Z,2026-09-13T21:37:05Z,80,7.0,9.0,,,,,1018.7,26.3,27.1,,,,
2026-08-29T10:30:00Z,2026-09-13T21:37:05Z,80,7.0,9.0,,,,,1018.7,26.4,27.1,,,,
2026-08-29T10:40:00Z,2026-09-13T21:37:05Z,90,8.0,9.0,,,,,1018.7,26.4,27.1,,,,
2026-08-29T10:50:00Z,2026-09-13T21:37:05Z,80,8.0,9.0,,,,,1018.8,26.4,27.0,,,,
2026-08-29T11:00:00Z,2026-09-13T21:37:05Z,80,8.0,9.0,,,,,1018.6,26.4,27.0,,,+0.0,
2026-08-29T11:10:00Z,2026-09-13T21:37:05Z,90,8.0,10.0,,,,,1018.6,26.4,27.0,,,,
2026-08-29T11:20:00Z,2026-09-13T21:37:05Z,80,8.0,10.0,,,,,1018.6,26.4,27.0,,,,
2026-08-29T11:30:00Z,2026-09-13T21:37:05Z,90,8.0,10.0,,,,,1018.5,26.3,27.0,,,,
2026-08-29T11:40:00Z,2026-09-13T21:37:05Z,90,8.0,10.0,,,,,1018.5,26.3,27.0,,,,
2026-08-29T11:50:00Z,2026-09-13T21:37:05Z,80,7.0,9.0,,,,,1018.4,26.3,27.0,,,,
2026-08-29T12:00:00Z,2026-09-13T21:37:05Z,80,7.0,9.0,,,,,1018.2,26.2,27.0,,,-0.5,
2026-08-29T12:10:00Z,2026-09-13T21:37:05Z,80,7.0,9.0,,,,,1018.2,26.2,27.0,,,,
2026-08-29T12:20:00Z,2026-09-13T21:37:05Z,80,7.0,9.0,,,,,1018.0,26.2,27.0,,,,
2026-08-29T12:30:00Z,2026-09-13T21:37:05Z,80,7.0,9.0,,,,,1018.0,26.2,27.0,,,,
2026-08-29T12:40:00Z,2026-09-13T21:37:05Z,80,7.0,8.0,,,,,1018.0,,,,,,
2026-08-29T12:50:00Z,2026-09-13T21:37:05Z,80,7.0,8.0,,,,,1017.9,26.2,,,,,
2026-08-29T13:00:00Z,2026-09-13T21:37:05Z,80,7.0,8.0,,,,,1017.9,26.2,27.0,,,-1.0,
2026-08-29T13:10:00Z,2026-09-13T21:37:05Z,80,7.0,9.0,,,,,1017.8,26.1,27.0,,,,
2026-08-29T13:20:00Z,2026-09-13T21:37:05Z,80,7.0,9.0,,,,,1017.8,26.1,27.0,,,,
2026-08-29T13:30:00Z,2026-09-13T21:37:05Z,80,7.0,8.0,,,,,1017.7,26.2,27.0,,,,
2026-08-29T13:40:00Z,2026-09-13T21:37:05Z,70,7.0,9.0,,,,,1017.7,26.1,27.0,,,,
2026-08-29T13:50:00Z,2026-09-13T21:37:05Z,70,7.0,10.0,,,,,1017.7,26.1,27.0,,,,
2026-08-29T14:00:00Z,2026-09-13T21:37:05Z,70,7.0,9.0,,,,,1017.7,26.1,27.0,,,-0.9,
2026-08-29T14:10:00Z,2026-09-13T21:37:05Z,70,7.0,8.0,,,,,1017.7,26.1,27.0,,,,
2026-08-29T14:20:00Z,2026-09-13T21:37:05Z,70,7.0,9.0,,,,,1017.7,26.1,27.0,,,,
2026-08-29T14:30:00Z,2026-09-13T21:37:05Z,60,7.0,9.0,,,,,1017.7,26.1,27.0,,,,
2026-08-29T14:40:00Z,2026-09-13T21:37:05Z,60,7.0,9.0,,,,,1017.7,26.2,27.0,,,,
2026-08-29T14:50:00Z,2026-09-13T21:37:05Z,60,8.0,10.0,,,,,1017.8,26.1,27.0,,,,
2026-08-29T15:00:00Z,2026-09-13T21:37:05Z,70,8.0,10.0,,,,,1017.8,26.0,27.0,,,-0.4,
2026-08-29T15:10:00Z,2026-09-13T21:37:05Z,80,8.0,10.0,,,,,1017.9,26.0,27.0,,,,
2026-08-29T15:20:00Z,2026-09-13T21:37:05Z,70,8.0,9.0,,,,,1017.9,26.1,27.0,,,,
2026-08-29T15:30:00Z,2026-09-13T21:37:05Z,70,8.0,10.0,,,,,1017.9,26.1,27.0,,,,
2026-08-29T15:40:00Z,2026-09-13T21:37:05Z,70,8.0,10.0,,,,,1018.0,26.1,27.0,,,,
2026-08-29T15:50:00Z,2026-09-13T21:37:05Z,70,7.0,10.0,,,,,1018.0,26.1,26.9,,,,
2026-08-29T16:00:00Z,2026-09-13T21:37:05Z,70,8.0,9.0,,,,,1018.0,26.1,26.9,,,+0.0,
2026-08-29T16:10:00Z,2026-09-13T21:37:05Z,70,7.0,9.0,,,,,1018.1,26.0,26.9,,,,
2026-08-29T16:20:00Z,2026-09-13T21:37:05Z,70,8.0,9.0,,,,,1018.1,26.0,,,,,
2026-08-29T16:30:00Z,2026-09-13T21:37:05Z,80,8.0,11.0,,,,,1018.2,26.0,26.9,,,,
2026-08-29T16:40:00Z,2026-09-13T21:37:05Z,80,8.0,10.0,,,,,1018.4,26.1,26.9,,,,
2026-08-29T16:50:00Z,2026-09-13T21:37:05Z,80,8.0,10.0,,,,,1018.5,26.1,26.9,,,,
2026-08-29T17:00:00Z,2026-09-13T21:37:05Z,80,8.0,9.0,,,,,1018.5,26.1,26.9,,,+0.8,
2026-08-29T17:10:00Z,2026-09-13T21:37:05Z,80,8.0,10.0,,,,,1018.5,26.2,26.9,,,,
2026-08-29T17:20:00Z,2026-09-13T21:37:05Z,70,8.0,10.0,,,,,1018.6,26.2,26.9,,,,
2026-08-29T17:30:00Z,2026-09-13T21:37:05Z,80,8.0,10.0,,,,,1018.7,26.2,26.9,,,,
2026-08-29T17:40:00Z,2026-09-13T21:37:05Z,80,8.0,10.0,,,,,1018.8,26.3,26.9,,,,
2026-08-29T17:50:00Z,2026-09-13T21:37:05Z,70,8.0,11.0,,,,,1018.8,26.3,26.9,,,,
2026-08-29T18:00:00Z,2026-09-13T21:37:05Z,70,8.0,10.0,,,,,1018.8,26.3,26.9,,,+1.0,
2026-08-29T18:10:00Z,2026-09-13T21:37:05Z,80,8.0,10.0,,,,,1018.9,26.3,26.9,,,,
2026-08-29T18:20:00Z,2026-09-13T21:37:05Z,80,8.0,10.0,,,,,1018.9,26.3,26.9,,,,
2026-08-29T18:30:00Z,2026-09-13T21:37:05Z,80,8.0,11.0,,,,,1019.0,26.3,26.9,,,,
2026-08-29T18:40:00Z,2026-09-13T21:37:05Z,80,8.0,10.0,,,,,1019.1,26.3,26.9,,,,
2026-08-29T18:50:00Z,2026-09-13T21:37:05Z,80,8.0,10.0,,,,,1019.1,26.3,26.9,,,,
2026-08-29T19:00:00Z,2026-09-13T21:37:05Z,80,9.0,11.0,,,,,1019.2,26.4,26.9,,,+1.2,
2026-08-29T19:10:00Z,2026-09-13T21:37:05Z,80,8.0,10.0,,,,,1019.3,26.3,26.9,,,,
2026-08-29T19:20:00Z,2026-09-13T21:37:05Z,70,8.0,10.0,,,,,1019.4,26.4,26.9,,,,
2026-08-29T19:30:00Z,2026-09-13T21:37:05Z,70,8.0,10.0,,,,,1019.6,26.3,26.9,,,,
2026-08-29T19:40:00Z,2026-09-13T21:37:05Z,70,8.0,10.0,,,,,1019.5,26.3,26.9,,,,
2026-08-29T19:50:00Z,2026-09-13T21:37:05Z,80,8.0,10.0,,,,,1019.4,26.3,26.8,,,,
2026-08-29T20:00:00Z,2026-09-13T21:37:05Z,80,8.0,10.0,,,,,1019.5,26.4,26.9,,,+1.0,
2026-08-29T20:10:00Z,2026-09-13T21:37:05Z,80,8.0,10.0,,,,,1019.4,26.5,26.9,,,,
2026-08-29T20:20:00Z,2026-09-13T21:37:05Z,80,8.0,10.0,,,,,1019.5,26.4,26.9,,,,
2026-08-29T20:30:00Z,2026-09-13T21:37:05Z,80,8.0,10.0,,,,,1019.6,26.4,26.9,,,,
2026-08-29T20:40:00Z,2026-09-13T21:37:05Z,80,8.0,10.0,,,,,1019.6,26.5,26.9,,,,
2026-08-29T20:50:00Z,2026-09-13T21:37:05Z,70,8.0,10.0,,,,,1019.6,26.5,26.9,,,,
2026-08-29T21:00:00Z,2026-09-13T21:37:05Z,80,8.0,10.0,,,,,1019.6,26.5,26.9,,,+0.8,
2026-08-29T21:10:00Z,2026-09-13T21:37:05Z,70,8.0,10.0,,,,,1019.6,26.4,26.9,,,,
2026-08-29T21:20:00Z,2026-09-13T21:37:05Z,80,8.0,9.0,,,,,1019.6,26.5,26.9,,,,
2026-08-29T21:30:00Z,2026-09-13T21:37:05Z,80,8.0,10.0,,,,,1019.5,26.5,26.9,,,,
2026-08-29T21:40:00Z,2026-09-13T21:37:05Z,80,8.0,10.0,,,,,1019.4,26.5,26.9,,,,
2026-08-29T21:50:00Z,2026-09-13T21:37:05Z,70,9.0,11.0,,,,,1019.3,26.5,26.9,,,,
2026-08-29T22:00:00Z,2026-09-13T21:37:05Z,80,9.0,10.0,,,,,1019.2,26.5,26.9,,,+0.0,
2026-08-29T22:10:00Z,2026-09-13T21:37:05Z,80,9.0,11.0,,,,,1019.2,26.5,26.9,,,,
2026-08-29T22:20:00Z,2026-09-13T21:37:05Z,80,9.0,11.0,,,,,1019.1,26.5,26.9,,,,
2026-08-29T22:30:00Z,2026-09-13T21:37:05Z,80,9.0,11.0,,,,,1019.1,26.5,26.9,,,,
2026-08-29T22:40:00Z,2026-09-13T21:37:05Z,80,9.0,11.0,,,,,1019.1,26.5,26.9,,,,
2026-08-29T22:50:00Z,2026-09-13T21:37:05Z,80,9.0,11.0,,,,,1018.9,26.5,26.9,,,,
2026-08-29T23:00:00Z,2026-09-13T21:37:05Z,80,9.0,11.0,,,,,1018.9,26.5,26.9,,,-0.6,
2026-08-29T23:10:00Z,2026-09-13T21:37:05Z,80,9.0,11.0,,,,,1018.9,26.5,26.9,,,,
2026-08-29T23:20:00Z,2026-09-13T21:37:05Z,80,9.0,11.0,,,,,1018.8,26.6,26.9,,,,
2026-08-29T23:40:00Z,2026-09-13T21:37:05Z,80,9.0,11.0,,,,,1018.7,26.6,26.9,,,,
2026-08-29T23:50:00Z,2026-09-13T21:37:05Z,70,9.0,11.0,,,,,1018.5,26.6,,,,,
2026-08-30T00:00:00Z,2026-09-13T21:37:05Z,80,9.0,12.0,,,,,1018.5,26.3,26.9,,,-1.1,
2026-08-30T00:10:00Z,2026-09-13T21:37:05Z,70,9.0,11.0,,,,,1018.4,26.4,26.9,,,,
2026-08-30T00:20:00Z,2026-09-13T21:37:05Z,70,9.0,12.0,,,,,1018.4,26.5,26.9,,,,
2026-08-30T00:30:00Z,2026-09-13T21:37:05Z,80,9.0,12.0,,,,,1018.3,26.2,26.9,,,,
2026-08-30T00:40:00Z,2026-09-13T21:37:05Z,70,8.0,11.0,,,,,1018.2,26.4,26.9,,,,
2026-08-30T00:50:00Z,2026-09-13T21:37:05Z,70,9.0,11.0,,,,,1018.0,26.4,26.9,,,,
2026-08-30T01:00:00Z,2026-09-13T21:37:05Z,70,9.0,11.0,,,,,1018.0,26.4,26.9,,,-1.2,
2026-08-30T01:10:00Z,2026-09-13T21:37:05Z,70,9.0,11.0,,,,,1018.0,26.4,26.9,,,,
2026-08-30T01:20:00Z,2026-09-13T21:37:05Z,70,9.0,11.0,,,,,1017.9,26.4,27.0,,,,
2026-08-30T01:30:00Z,2026-09-13T21:37:05Z,70,9.0,10.0,,,,,1017.8,26.3,26.9,,,,
2026-08-30T01:40:00Z,2026-09-13T21:37:05Z,70,9.0,10.0,,,,,1017.8,26.3,27.0,,,,
2026-08-30T01:50:00Z,2026-09-13T21:37:05Z,70,9.0,10.0,,,,,1017.7,26.4,26.9,,,,
2026-08-30T02:00:00Z,2026-09-13T21:37:05Z,70,9.0,10.0,,,,,1017.7,26.4,27.0,,,-1.2,
2026-08-30T02:10:00Z,2026-09-13T21:37:05Z,70,8.0,10.0,,,,,1017.8,26.5,27.0,,,,
2026-08-30T02:20:00Z,2026-09-13T21:37:05Z,70,8.0,12.0,,,,,1017.7,26.5,27.0,,,,
2026-08-30T02:30:00Z,2026-09-13T21:37:05Z,70,9.0,11.0,,,,,1017.7,26.4,26.9,,,,
2026-08-30T02:40:00Z,2026-09-13T21:37:05Z,70,9.0,11.0,,,,,1017.6,26.3,26.9,,,,
2026-08-30T02:50:00Z,2026-09-13T21:37:05Z,70,9.0,11.0,,,,,1017.7,26.3,,,,,
2026-08-30T03:00:00Z,2026-09-13T21:37:05Z,70,9.0,11.0,,,,,1017.6,26.3,27.0,,,-0.9,
2026-08-30T03:10:00Z,2026-09-13T21:37:05Z,70,9.0,11.0,,,,,1017.6,26.3,27.0,,,,
2026-08-30T03:20:00Z,2026-09-13T21:37:05Z,70,9.0,11.0,,,,,1017.7,26.4,27.0,,,,
2026-08-30T03:30:00Z,2026-09-13T21:37:05Z,70,10.0,12.0,,,,,1017.6,26.4,26.9,,,,
2026-08-30T03:40:00Z,2026-09-13T21:37:05Z,70,10.0,11.0,,,,,1017.7,26.3,26.9,,,,
2026-08-30T03:50:00Z,2026-09-13T21:37:05Z,60,9.0,11.0,,,,,1017.7,25.7,27.0,,,,
2026-08-30T04:00:00Z,2026-09-13T21:37:05Z,60,8.0,12.0,,,,,1017.8,25.9,27.0,,,-0.0,
2026-08-30T04:10:00Z,2026-09-13T21:37:05Z,80,10.0,12.0,,,,,1017.8,26.1,27.0,,,,
2026-08-30T04:20:00Z,2026-09-13T21:37:05Z,70,9.0,12.0,,,,,1017.8,26.2,27.0,,,,
2026-08-30T04:30:00Z,2026-09-13T21:37:05Z,70,9.0,12.0,,,,,1017.9,26.2,27.0,,,,
2026-08-30T04:40:00Z,2026-09-13T21:37:05Z,70,9.0,12.0,,,,,1017.9,26.2,27.0,,,,
2026-08-30T04:50:00Z,2026-09-13T21:37:05Z,80,9.0,11.0,,,,,1018.0,26.2,27.0,,,,
2026-08-30T05:00:00Z,2026-09-13T21:37:05Z,80,10.0,14.0,,,,,1018.1,26.2,27.0,,,+0.4,
2026-08-30T05:10:00Z,2026-09-13T21:37:05Z,90,10.0,13.0,,,,,1018.1,25.4,27.0,,,,
2026-08-30T05:20:00Z,2026-09-13T21:37:05Z,80,9.0,11.0,,,,,1018.2,25.7,27.0,,,,
2026-08-30T05:30:00Z,2026-09-13T21:37:05Z,70,9.0,12.0,,,,,1018.3,26.1,27.0,,,,
2026-08-30T05:40:00Z,2026-09-13T21:37:05Z,70,9.0,11.0,,,,,1018.4,26.1,26.9,,,,
2026-08-30T05:50:00Z,2026-09-13T21:37:05Z,70,9.0,11.0,,,,,1018.5,26.1,26.9,,,,
2026-08-30T06:00:00Z,2026-09-13T21:37:05Z,70,9.0,12.0,,,,,1018.4,26.1,26.9,,,+0.8,
2026-08-30T06:10:00Z,2026-09-13T21:37:05Z,70,10.0,12.0,,,,,1018.5,26.1,26.9,,,,
2026-08-30T06:20:00Z,2026-09-13T21:37:05Z,80,9.0,12.0,,,,,1018.7,26.4,26.9,,,,
2026-08-30T06:30:00Z,2026-09-13T21:37:05Z,90,9.0,11.0,,,,,1018.8,26.0,,,,,
2026-08-30T06:40:00Z,2026-09-13T21:37:05Z,90,9.0,10.0,,,,,1018.8,26.2,26.9,,,,
2026-08-30T06:50:00Z,2026-09-13T21:37:05Z,80,9.0,11.0,,,,,1019.0,26.4,26.9,,,,
2026-08-30T07:00:00Z,2026-09-13T21:37:05Z,70,10.0,12.0,,,,,1019.0,26.6,26.9,,,+1.2,
2026-08-30T07:10:00Z,2026-09-13T21:37:05Z,70,10.0,13.0,,,,,1019.2,26.7,26.9,,,,
2026-08-30T07:20:00Z,2026-09-13T21:37:05Z,70,10.0,13.0,,,,,1019.4,26.7,26.9,,,,
2026-08-30T07:30:00Z,2026-09-13T21:37:05Z,70,11.0,13.0,,,,,1019.5,26.7,26.9,,,,
2026-08-30T07:40:00Z,2026-09-13T21:37:05Z,70,11.0,13.0,,,,,1019.6,26.7,26.9,,,,
2026-08-30T07:50:00Z,2026-09-13T21:37:05Z,70,11.0,13.0,,,,,1019.8,26.6,26.9,,,,
2026-08-30T08:00:00Z,2026-09-13T21:37:05Z,90,10.0,13.0,,,,,1019.9,26.3,26.9,,,+1.8,
2026-08-30T08:10:00Z,2026-09-13T21:37:05Z,90,9.0,11.0,,,,,1020.0,26.0,26.9,,,,
2026-08-30T08:20:00Z,2026-09-13T21:37:05Z,80,10.0,12.0,,,,,1019.9,26.6,26.9,,,,
2026-08-30T08:30:00Z,2026-09-13T21:37:05Z,70,10.0,14.0,,,,,1019.9,26.6,26.9,,,,
2026-08-30T08:40:00Z,2026-09-13T21:37:05Z,70,11.0,14.0,,,,,1019.9,26.6,26.9,,,,
2026-08-30T08:50:00Z,2026-09-13T21:37:05Z,80,11.0,14.0,,,,,1020.0,26.7,26.8,,,,
2026-08-30T09:00:00Z,2026-09-13T21:37:05Z,80,11.0,14.0,,,,,1020.1,26.7,26.8,,,+1.7,
2026-08-30T09:10:00Z,2026-09-13T21:37:05Z,80,11.0,13.0,,,,,1020.0,26.8,26.8,,,,
2026-08-30T09:20:00Z,2026-09-13T21:37:05Z,80,11.0,14.0,,,,,1020.1,26.7,26.8,,,,
2026-08-30T09:30:00Z,2026-09-13T21:37:05Z,80,11.0,14.0,,,,,1020.0,26.7,26.8,,,,
2026-08-30T09:40:00Z,2026-09-13T21:37:05Z,80,11.0,14.0,,,,,1020.1,26.7,26.8,,,,
2026-08-30T09:50:00Z,2026-09-13T21:37:05Z,80,11.0,14.0,,,,,1019.9,26.7,26.8,,,,
2026-08-30T10:00:00Z,2026-09-13T21:37:05Z,90,11.0,13.0,,,,,1019.9,26.7,26.8,,,+0.9,
2026-08-30T10:10:00Z,2026-09-13T21:37:05Z,80,10.0,13.0,,,,,1019.8,26.6,26.8,,,,
2026-08-30T10:20:00Z,2026-09-13T21:37:05Z,80,11.0,14.0,,,,,1019.9,26.6,26.8,,,,
2026-08-30T10:30:00Z,2026-09-13T21:37:05Z,80,10.0,13.0,,,,,1019.9,26.6,26.8,,,,
2026-08-30T10:40:00Z,2026-09-13T21:37:05Z,80,11.0,13.0,,,,,1019.8,26.6,26.8,,,,
2026-08-30T10:50:00Z,2026-09-13T21:37:05Z,80,11.0,13.0,,,,,1019.7,26.5,26.8,,,,
2026-08-30T11:00:00Z,2026-09-13T21:37:05Z,80,11.0,14.0,,,,,1019.6,26.5,26.8,,,-0.3,
2026-08-30T11:10:00Z,2026-09-13T21:37:05Z,80,11.0,15.0,,,,,1019.5,26.5,26.8,,,,
2026-08-30T11:20:00Z,2026-09-13T21:37:05Z,80,11.0,14.0,,,,,1019.5,26.5,26.8,,,,
2026-08-30T11:30:00Z,2026-09-13T21:37:05Z,80,11.0,14.0,,,,,1019.4,26.5,26.8,,,,
2026-08-30T11:40:00Z,2026-09-13T21:37:05Z,80,10.0,13.0,,,,,1019.4,26.5,26.8,,,,
2026-08-30T11:50:00Z,2026-09-13T21:37:05Z,80,11.0,14.0,,,,,1019.2,26.5,26.8,,,,
2026-08-30T12:00:00Z,2026-09-13T21:37:05Z,80,11.0,15.0,,,,,1019.1,26.4,,,,-1.0,
2026-08-30T12:10:00Z,2026-09-13T21:37:05Z,80,11.0,14.0,,,,,1019.1,26.4,26.8,,,,
2026-08-30T12:20:00Z,2026-09-13T21:37:05Z,80,11.0,13.0,,,,,1019.1,26.4,26.8,,,,
2026-08-30T12:30:00Z,2026-09-13T21:37:05Z,80,10.0,13.0,,,,,1019.1,26.4,26.8,,,,
2026-08-30T12:40:00Z,2026-09-13T21:37:05Z,80,11.0,13.0,,,,,1019.0,26.4,26.8,,,,
2026-08-30T12:50:00Z,2026-09-13T21:37:05Z,80,11.0,14.0,,,,,1019.1,26.4,,,,,
2026-08-30T13:00:00Z,2026-09-13T21:37:05Z,80,11.0,14.0,,,,,1019.1,26.4,26.8,,,-0.8,
2026-08-30T13:10:00Z,2026-09-13T21:37:05Z,80,10.0,13.0,,,,,1019.0,26.4,26.8,,,,
2026-08-30T13:20:00Z,2026-09-13T21:37:05Z,80,10.0,13.0,,,,,1018.9,26.3,26.8,,,,
2026-08-30T13:30:00Z,2026-09-13T21:37:05Z,80,11.0,13.0,,,,,1018.9,26.4,26.8,,,,
2026-08-30T13:40:00Z,2026-09-13T21:37:05Z,80,10.0,13.0,,,,,1019.0,26.3,26.8,,,,
2026-08-30T13:50:00Z,2026-09-13T21:37:05Z,80,10.0,12.0,,,,,1019.0,26.3,,,,,
2026-08-30T14:00:00Z,2026-09-13T21:37:05Z,80,10.0,12.0,,,,,1019.0,26.3,26.8,,,-0.6,
2026-08-30T14:10:00Z,2026-09-13T21:37:05Z,80,10.0,12.0,,,,,1019.0,26.3,26.8,,,,
2026-08-30T14:20:00Z,2026-09-13T21:37:05Z,80,10.0,12.0,,,,,1019.1,26.3,26.8,,,,
2026-08-30T14:30:00Z,2026-09-13T21:37:05Z,80,10.0,12.0,,,,,1019.2,26.3,26.8,,,,
2026-08-30T14:40:00Z,2026-09-13T21:37:05Z,80,10.0,13.0,,,,,1019.1,26.4,26.8,,,,
2026-08-30T14:50:00Z,2026-09-13T21:37:05Z,80,10.0,13.0,,,,,1019.1,26.4,26.8,,,,
2026-08-30T15:00:00Z,2026-09-13T21:37:05Z,80,10.0,13.0,,,,,1019.2,26.4,26.8,,,+0.0,
2026-08-30T15:10:00Z,2026-09-13T21:37:05Z,80,10.0,12.0,,,,,1019.3,26.4,26.8,,,,
2026-08-30T15:20:00Z,2026-09-13T21:37:05Z,80,9.0,11.0,,,,,1019.4,26.4,26.8,,,,
2026-08-30T15:30:00Z,2026-09-13T21:37:05Z,80,9.0,12.0,,,,,1019.6,26.3,26.8,,,,
2026-08-30T15:40:00Z,2026-09-13T21:37:05Z,80,9.0,11.0,,,,,1019.6,26.3,26.8,,,,
2026-08-30T15:50:00Z,2026-09-13T21:37:05Z,90,9.0,12.0,,,,,1019.7,26.3,26.8,,,,
2026-08-30T16:00:00Z,2026-09-13T21:37:05Z,90,10.0,13.0,,,,,1019.7,26.4,26.8,,,+0.6,
2026-08-30T16:10:00Z,2026-09-13T21:37:05Z,80,10.0,12.0,,,,,1019.7,26.3,26.8,,,,
2026-08-30T16:20:00Z,2026-09-13T21:37:05Z,90,9.0,12.0,,,,,1019.8,26.3,26.8,,,,
2026-08-30T16:30:00Z,2026-09-13T21:37:05Z,90,10.0,12.0,,,,,1019.8,26.2,26.8,,,,
2026-08-30T16:40:00Z,2026-09-13T21:37:05Z,90,10.0,12.0,,,,,1019.9,26.2,26.8,,,,
2026-08-30T16:50:00Z,2026-09-13T21:37:05Z,90,10.0,12.0,,,,,1020.0,26.2,26.8,,,,
2026-08-30T17:00:00Z,2026-09-13T21:37:05Z,90,10.0,12.0,,,,,1020.1,26.3,26.8,,,+1.1,
2026-08-30T17:10:00Z,2026-09-13T21:37:05Z,80,10.0,12.0,,,,,1020.3,26.4,26.8,,,,
2026-08-30T17:20:00Z,2026-09-13T21:37:05Z,90,9.0,12.0,,,,,1020.4,26.4,26.8,,,,
2026-08-30T17:30:00Z,2026-09-13T21:37:05Z,80,9.0,11.0,,,,,1020.5,26.4,26.8,,,,
2026-08-30T17:40:00Z,2026-09-13T21:37:05Z,80,9.0,11.0,,,,,1020.6,26.4,26.8,,,,
2026-08-30T17:50:00Z,2026-09-13T21:37:05Z,80,9.0,12.0,,,,,1020.7,26.5,26.8,,,,
2026-08-30T18:00:00Z,2026-09-13T21:37:05Z,80,9.0,11.0,,,,,1020.7,26.5,26.8,,,+1.5,
2026-08-30T18:10:00Z,2026-09-13T21:37:05Z,80,9.0,12.0,,,,,1020.8,26.5,,,,,
2026-08-30T18:20:00Z,2026-09-13T21:37:05Z,80,9.0,11.0,,,,,1020.9,26.4,26.8,,,,
2026-08-30T18:30:00Z,2026-09-13T21:37:05Z,80,9.0,11.0,,,,,1020.9,26.4,26.8,,,,
2026-08-30T18:40:00Z,2026-09-13T21:37:05Z,80,9.0,12.0,,,,,1020.9,26.4,26.8,,,,
2026-08-30T18:50:00Z,2026-09-13T21:37:05Z,80,9.0,12.0,,,,,1020.9,26.4,26.8,,,,
2026-08-30T19:00:00Z,2026-09-13T21:37:05Z,80,10.0,12.0,,,,,1021.0,,,,,+1.3,
2026-08-30T19:10:00Z,2026-09-13T21:37:05Z,80,10.0,12.0,,,,,1021.0,,,,,,
2026-08-30T19:20:00Z,2026-09-13T21:37:05Z,80,9.0,11.0,,,,,1021.0,26.5,26.8,,,,
2026-08-30T19:30:00Z,2026-09-13T21:37:05Z,70,9.0,12.0,,,,,1021.3,26.5,26.8,,,,
2026-08-30T19:40:00Z,2026-09-13T21:37:05Z,80,10.0,12.0,,,,,1021.2,26.5,26.8,,,,
2026-08-30T19:50:00Z,2026-09-13T21:37:05Z,70,9.0,12.0,,,,,1021.0,26.5,26.8,,,,
2026-08-30T20:00:00Z,2026-09-13T21:37:05Z,70,10.0,12.0,,,,,1021.1,26.5,26.8,,,+1.0,
2026-08-30T20:10:00Z,2026-09-13T21:37:05Z,80,10.0,12.0,,,,,1021.3,26.5,26.8,,,,
2026-08-30T20:20:00Z,2026-09-13T21:37:05Z,70,9.0,11.0,,,,,1021.3,26.5,26.8,,,,
2026-08-30T20:30:00Z,2026-09-13T21:37:05Z,80,10.0,12.0,,,,,1021.3,26.5,26.8,,,,
2026-08-30T20:40:00Z,2026-09-13T21:37:05Z,80,9.0,11.0,,,,,1021.4,26.5,26.8,,,,
2026-08-30T20:50:00Z,2026-09-13T21:37:05Z,80,9.0,11.0,,,,,1021.3,26.4,26.8,,,,
2026-08-30T21:00:00Z,2026-09-13T21:37:05Z,70,9.0,12.0,,,,,1021.2,26.5,26.8,,,+0.5,
2026-08-30T21:10:00Z,2026-09-13T21:37:05Z,80,9.0,12.0,,,,,1021.3,26.5,26.8,,,,
2026-08-30T21:20:00Z,2026-09-13T21:37:05Z,80,9.0,11.0,,,,,1021.2,26.5,26.8,,,,
2026-08-30T21:30:00Z,2026-09-13T21:37:05Z,70,9.0,11.0,,,,,1021.3,26.5,26.8,,,,
2026-08-30T21:40:00Z,2026-09-13T21:37:05Z,70,9.0,10.0,,,,,1021.3,26.5,26.8,,,,
2026-08-30T21:50:00Z,2026-09-13T21:37:05Z,70,9.0,11.0,,,,,1021.2,26.5,26.8,,,,
2026-08-30T22:00:00Z,2026-09-13T21:37:05Z,80,9.0,11.0,,,,,1021.2,26.5,26.8,,,+0.0,
2026-08-30T22:10:00Z,2026-09-13T21:37:05Z,80,9.0,12.0,,,,,1021.1,26.5,26.8,,,,
2026-08-30T22:20:00Z,2026-09-13T21:37:05Z,80,9.0,10.0,,,,,1021.0,26.5,26.8,,,,
2026-08-30T22:30:00Z,2026-09-13T21:37:05Z,70,9.0,11.0,,,,,1021.1,26.5,26.8,,,,
2026-08-30T22:40:00Z,2026-09-13T21:37:05Z,80,8.0,10.0,,,,,1021.1,26.4,26.8,,,,
2026-08-30T22:50:00Z,2026-09-13T21:37:05Z,80,9.0,11.0,,,,,1020.9,26.5,26.8,,,,
2026-08-30T23:00:00Z,2026-09-13T21:37:05Z,70,9.0,11.0,,,,,1020.7,26.5,26.8,,,-0.4,
2026-08-30T23:10:00Z,2026-09-13T21:37:05Z,70,9.0,11.0,,,,,1020.5,26.5,26.8,,,,
2026-08-30T23:20:00Z,2026-09-13T21:37:05Z,70,9.0,11.0,,,,,1020.5,26.4,26.8,,,,
2026-08-30T23:40:00Z,2026-09-13T21:37:05Z,80,10.0,12.0,,,,,1020.1,26.5,26.8,,,,
2026-08-30T23:50:00Z,2026-09-13T21:37:05Z,80,10.0,12.0,,,,,1020.1,26.5,26.8,,,,
2026-08-31T00:00:00Z,2026-09-13T21:37:05Z,80,9.0,12.0,,,,,1020.0,26.5,26.8,,,-1.2,
2026-08-31T00:10:00Z,2026-09-13T21:37:05Z,70,9.0,11.0,,,,,1019.9,26.5,26.8,,,,
2026-08-31T00:20:00Z,2026-09-13T21:37:05Z,80,9.0,11.0,,,,,1019.8,26.6,26.8,,,,
2026-08-31T00:30:00Z,2026-09-13T21:37:05Z,80,9.0,11.0,,,,,1019.8,26.5,26.8,,,,
2026-08-31T00:40:00Z,2026-09-13T21:37:05Z,70,9.0,11.0,,,,,1019.6,26.5,,,,,
2026-08-31T00:50:00Z,2026-09-13T21:37:05Z,70,9.0,12.0,,,,,1019.5,26.5,26.8,,,,
2026-08-31T01:00:00Z,2026-09-13T21:37:05Z,70,9.0,11.0,,,,,1019.3,26.6,26.8,,,-1.9,
2026-08-31T01:10:00Z,2026-09-13T21:37:05Z,70,9.0,11.0,,,,,1019.3,26.6,26.8,,,,
2026-08-31T01:20:00Z,2026-09-13T21:37:05Z,70,9.0,11.0,,,,,1019.2,26.6,26.8,,,,
2026-08-31T01:30:00Z,2026-09-13T21:37:05Z,70,9.0,11.0,,,,,1019.2,26.6,26.8,,,,
2026-08-31T01:40:00Z,2026-09-13T21:37:05Z,70,9.0,11.0,,,,,1019.1,26.6,26.8,,,,
2026-08-31T01:50:00Z,2026-09-13T21:37:05Z,70,9.0,11.0,,,,,1019.1,26.5,26.8,,,,
2026-08-31T02:00:00Z,2026-09-13T21:37:05Z,70,9.0,11.0,,,,,1019.1,26.5,26.8,,,-1.6,
2026-08-31T02:10:00Z,2026-09-13T21:37:05Z,70,9.0,11.0,,,,,1019.0,26.6,26.8,,,,
2026-08-31T02:20:00Z,2026-09-13T21:37:05Z,70,9.0,11.0,,,,,1019.0,26.6,26.8,,,,
2026-08-31T02:30:00Z,2026-09-13T21:37:05Z,70,9.0,11.0,,,,,1018.9,26.6,26.8,,,,
2026-08-31T02:40:00Z,2026-09-13T21:37:05Z,70,9.0,11.0,,,,,1019.0,26.6,26.8,,,,
2026-08-31T02:50:00Z,2026-09-13T21:37:05Z,70,9.0,11.0,,,,,1019.0,26.6,26.8,,,,
2026-08-31T03:00:00Z,2026-09-13T21:37:05Z,60,9.0,11.0,,,,,1019.1,26.6,26.8,,,-0.9,
2026-08-31T03:10:00Z,2026-09-13T21:37:05Z,70,9.0,11.0,,,,,1019.1,26.6,26.8,,,,
2026-08-31T03:20:00Z,2026-09-13T21:37:05Z,70,9.0,11.0,,,,,1019.1,26.6,26.8,,,,
2026-08-31T03:30:00Z,2026-09-13T21:37:05Z,70,9.0,11.0,,,,,1019.2,26.6,26.8,,,,
2026-08-31T03:40:00Z,2026-09-13T21:37:05Z,70,9.0,11.0,,,,,1019.3,26.6,26.8,,,,
2026-08-31T03:50:00Z,2026-09-13T21:37:05Z,70,9.0,11.0,,,,,1019.3,26.6,26.8,,,,
2026-08-31T04:00:00Z,2026-09-13T21:37:05Z,60,9.0,11.0,,,,,1019.5,26.5,26.8,,,-0.0,
2026-08-31T04:10:00Z,2026-09-13T21:37:05Z,70,9.0,12.0,,,,,1019.5,26.4,26.8,,,,
2026-08-31T04:20:00Z,2026-09-13T21:37:05Z,70,9.0,12.0,,,,,1019.6,26.5,26.8,,,,
2026-08-31T04:30:00Z,2026-09-13T21:37:05Z,70,9.0,12.0,,,,,1019.7,26.6,26.8,,,,
2026-08-31T04:40:00Z,2026-09-13T21:37:05Z,60,9.0,11.0,,,,,1019.7,26.6,26.8,,,,
2026-08-31T04:50:00Z,2026-09-13T21:37:05Z,70,9.0,11.0,,,,,1019.8,26.5,26.8,,,,
2026-08-31T05:00:00Z,2026-09-13T21:37:05Z,70,9.0,11.0,,,,,1020.0,26.5,26.8,,,+0.9,
2026-08-31T05:10:00Z,2026-09-13T21:37:05Z,70,9.0,11.0,,,,,1019.9,26.5,26.8,,,,
2026-08-31T05:20:00Z,2026-09-13T21:37:05Z,70,9.0,11.0,,,,,1020.0,26.5,26.8,,,,
2026-08-31T05:30:00Z,2026-09-13T21:37:05Z,70,10.0,12.0,,,,,1020.1,26.5,26.8,,,,
2026-08-31T05:40:00Z,2026-09-13T21:37:05Z,70,9.0,11.0,,,,,1020.2,26.6,26.8,,,,
2026-08-31T05:50:00Z,2026-09-13T21:37:05Z,70,8.0,11.0,,,,,1020.2,26.5,26.8,,,,
2026-08-31T06:00:00Z,2026-09-13T21:37:05Z,70,9.0,11.0,,,,,1020.4,26.4,26.8,,,+1.3,
2026-08-31T06:10:00Z,2026-09-13T21:37:05Z,70,9.0,11.0,,,,,1020.4,26.5,26.8,,,,
2026-08-31T06:20:00Z,2026-09-13T21:37:05Z,70,10.0,12.0,,,,,1020.4,26.5,26.8,,,,
2026-08-31T06:30:00Z,2026-09-13T21:37:05Z,70,10.0,12.0,,,,,1020.4,26.5,26.8,,,,
2026-08-31T06:40:00Z,2026-09-13T21:37:05Z,70,10.0,12.0,,,,,1020.6,26.5,26.8,,,,
2026-08-31T06:50:00Z,2026-09-13T21:37:05Z,70,10.0,12.0,,,,,1020.7,26.6,,,,,
2026-08-31T07:00:00Z,2026-09-13T21:37:05Z,80,9.0,11.0,,,,,1020.9,,26.8,,,+1.4,
2026-08-31T07:10:00Z,2026-09-13T21:37:05Z,80,9.0,12.0,,,,,1021.0,26.5,,,,,
2026-08-31T07:20:00Z,2026-09-13T21:37:05Z,70,9.0,11.0,,,,,1021.1,26.5,26.8,,,,
2026-08-31T07:30:00Z,2026-09-13T21:37:05Z,80,9.0,11.0,,,,,1021.2,26.5,26.8,,,,
2026-08-31T07:40:00Z,2026-09-13T21:37:05Z,70,9.0,11.0,,,,,1021.3,26.5,26.8,,,,
2026-08-31T07:50:00Z,2026-09-13T21:37:05Z,70,9.0,11.0,,,,,1021.3,26.5,26.8,,,,
2026-08-31T08:00:00Z,2026-09-13T21:37:05Z,70,9.0,11.0,,,,,1021.2,26.5,26.8,,,+1.2,
2026-08-31T08:10:00Z,2026-09-13T21:37:05Z,70,9.0,11.0,,,,,1021.3,26.5,26.8,,,,
2026-08-31T08:20:00Z,2026-09-13T21:37:05Z,70,9.0,12.0,,,,,1021.2,26.5,26.8,,,,
2026-08-31T08:30:00Z,2026-09-13T21:37:05Z,70,9.0,12.0,,,,,1021.1,26.5,26.8,,,,
2026-08-31T08:40:00Z,2026-09-13T21:37:05Z,70,10.0,11.0,,,,,1021.0,26.4,26.8,,,,
2026-08-31T08:50:00Z,2026-09-13T21:37:05Z,70,10.0,12.0,,,,,1021.2,26.5,26.8,,,,
2026-08-31T09:00:00Z,2026-09-13T21:37:05Z,70,9.0,11.0,,,,,1021.0,26.5,26.8,,,+0.6,
2026-08-31T09:10:00Z,2026-09-13T21:37:05Z,80,9.0,11.0,,,,,1021.0,26.5,26.8,,,,
2026-08-31T09:20:00Z,2026-09-13T21:37:05Z,70,10.0,12.0,,,,,1021.0,26.4,26.8,,,,
2026-08-31T09:30:00Z,2026-09-13T21:37:05Z,70,9.0,12.0,,,,,1020.9,26.4,26.8,,,,
2026-08-31T09:40:00Z,2026-09-13T21:37:05Z,70,9.0,11.0,,,,,1020.8,26.4,26.8,,,,
2026-08-31T09:50:00Z,2026-09-13T21:37:05Z,70,9.0,12.0,,,,,1020.7,26.4,26.8,,,,
2026-08-31T10:00:00Z,2026-09-13T21:37:05Z,70,10.0,12.0,,,,,1020.6,26.4,26.8,,,-0.3,
2026-08-31T10:10:00Z,2026-09-13T21:37:05Z,70,9.0,11.0,,,,,1020.6,26.4,26.8,,,,
2026-08-31T10:20:00Z,2026-09-13T21:37:05Z,80,10.0,12.0,,,,,1020.4,26.4,26.8,,,,
2026-08-31T10:30:00Z,2026-09-13T21:37:05Z,70,10.0,12.0,,,,,1020.4,26.4,26.8,,,,
2026-08-31T10:40:00Z,2026-09-13T21:37:05Z,70,9.0,12.0,,,,,1020.4,26.4,26.7,,,,
2026-08-31T10:50:00Z,2026-09-13T21:37:05Z,70,9.0,11.0,,,,,1020.2,26.5,26.8,,,,
2026-08-31T11:00:00Z,2026-09-13T21:37:05Z,70,10.0,12.0,,,,,1020.2,26.4,26.8,,,-1.0,
2026-08-31T11:10:00Z,2026-09-13T21:37:05Z,80,10.0,12.0,,,,,1020.0,26.4,26.8,,,,
2026-08-31T11:20:00Z,2026-09-13T21:37:05Z,80,10.0,13.0,,,,,1019.9,26.4,26.8,,,,
2026-08-31T11:30:00Z,2026-09-13T21:37:05Z,80,10.0,12.0,,,,,1019.8,26.4,26.8,,,,
2026-08-31T11:40:00Z,2026-09-13T21:37:05Z,80,10.0,12.0,,,,,1019.6,26.4,26.8,,,,
2026-08-31T11:50:00Z,2026-09-13T21:37:05Z,80,10.0,13.0,,,,,1019.6,26.4,26.8,,,,
2026-08-31T12:00:00Z,2026-09-13T21:37:05Z,80,10.0,12.0,,,,,1019.4,26.3,26.7,,,-1.6,
2026-08-31T12:10:00Z,2026-09-13T21:37:05Z,80,10.0,13.0,,,,,1019.3,26.3,26.7,,,,
2026-08-31T12:20:00Z,2026-09-13T21:37:05Z,80,10.0,12.0,,,,,1019.3,26.3,26.8,,,,
2026-08-31T12:30:00Z,2026-09-13T21:37:05Z,80,10.0,12.0,,,,,1019.3,26.3,26.7,,,,
2026-08-31T12:40:00Z,2026-09-13T21:37:05Z,80,10.0,12.0,,,,,1019.2,26.3,,,,,
2026-08-31T12:50:00Z,2026-09-13T21:37:05Z,80,10.0,12.0,,,,,1019.1,26.2,26.7,,,,
2026-08-31T13:00:00Z,2026-09-13T21:37:05Z,80,10.0,12.0,,,,,1019.0,26.3,26.7,,,-1.6,
2026-08-31T13:10:00Z,2026-09-13T21:37:05Z,70,10.0,13.0,,,,,1019.0,26.2,26.8,,,,
2026-08-31T13:20:00Z,2026-09-13T21:37:05Z,80,10.0,13.0,,,,,1019.0,26.1,26.7,,,,
2026-08-31T13:30:00Z,2026-09-13T21:37:05Z,80,11.0,14.0,,,,,1018.8,26.2,26.7,,,,
2026-08-31T13:40:00Z,2026-09-13T21:37:05Z,80,11.0,13.0,,,,,1018.8,26.2,26.7,,,,
2026-08-31T13:50:00Z,2026-09-13T21:37:05Z,80,11.0,13.0,,,,,1018.8,26.2,26.7,,,,
2026-08-31T14:00:00Z,2026-09-13T21:37:05Z,80,10.0,12.0,,,,,1018.8,26.3,26.7,,,-1.4,
2026-08-31T14:10:00Z,2026-09-13T21:37:05Z,80,10.0,13.0,,,,,1018.9,26.3,26.7,,,,
2026-08-31T14:20:00Z,2026-09-13T21:37:05Z,80,10.0,13.0,,,,,1019.1,26.3,26.7,,,,
2026-08-31T14:30:00Z,2026-09-13T21:37:05Z,80,10.0,12.0,,,,,1019.1,26.2,26.7,,,,
2026-08-31T14:40:00Z,2026-09-13T21:37:05Z,80,10.0,13.0,,,,,1019.3,26.2,26.7,,,,
2026-08-31T14:50:00Z,2026-09-13T21:37:05Z,80,11.0,13.0,,,,,1019.2,26.2,26.7,,,,
2026-08-31T15:00:00Z,2026-09-13T21:37:05Z,80,10.0,12.0,,,,,1019.5,26.3,26.7,,,-0.0,
2026-08-31T15:10:00Z,2026-09-13T21:37:05Z,80,10.0,12.0,,,,,1019.6,26.3,26.7,,,,
2026-08-31T15:20:00Z,2026-09-13T21:37:05Z,80,9.0,12.0,,,,,1019.7,26.3,26.7,,,,
2026-08-31T15:30:00Z,2026-09-13T21:37:05Z,80,10.0,12.0,,,,,1019.4,26.2,26.7,,,,
2026-08-31T15:40:00Z,2026-09-13T21:37:05Z,80,10.0,12.0,,,,,1019.2,26.3,26.7,,,,
2026-08-31T15:50:00Z,2026-09-13T21:37:05Z,80,10.0,13.0,,,,,1019.2,26.1,26.7,,,,
2026-08-31T16:00:00Z,2026-09-13T21:37:05Z,80,10.0,13.0,,,,,1019.1,26.2,26.7,,,+0.0,
2026-08-31T16:10:00Z,2026-09-13T21:37:05Z,80,10.0,13.0,,,,,1019.3,26.1,26.7,,,,
2026-08-31T16:20:00Z,2026-09-13T21:37:05Z,80,10.0,13.0,,,,,1019.3,26.2,26.7,,,,
2026-08-31T16:30:00Z,2026-09-13T21:37:05Z,80,10.0,13.0,,,,,1019.6,26.2,26.7,,,,
2026-08-31T16:40:00Z,2026-09-13T21:37:05Z,70,10.0,12.0,,,,,1019.6,26.2,26.7,,,,
2026-08-31T16:50:00Z,2026-09-13T21:37:05Z,80,10.0,13.0,,,,,1019.8,26.3,26.7,,,,
2026-08-31T17:00:00Z,2026-09-13T21:37:05Z,80,10.0,13.0,,,,,1019.9,26.2,26.7,,,+1.1,
2026-08-31T17:10:00Z,2026-09-13T21:37:05Z,70,10.0,12.0,,,,,1020.0,26.2,26.7,,,,
2026-08-31T17:20:00Z,2026-09-13T21:37:05Z,70,10.0,13.0,,,,,1019.9,26.2,26.7,,,,
2026-08-31T17:30:00Z,2026-09-13T21:37:05Z,70,10.0,13.0,,,,,1020.2,26.2,26.7,,,,
2026-08-31T17:40:00Z,2026-09-13T21:37:05Z,70,10.0,13.0,,,,,1020.2,26.2,26.7,,,,
2026-08-31T17:50:00Z,2026-09-13T21:37:05Z,70,10.0,12.0,,,,,1020.2,26.3,26.7,,,,
2026-08-31T18:00:00Z,2026-09-13T21:37:05Z,70,11.0,13.0,,,,,1020.4,26.2,,,,+0.9,
2026-08-31T18:10:00Z,2026-09-13T21:37:05Z,70,10.0,13.0,,,,,1020.6,26.3,26.7,,,,
2026-08-31T18:20:00Z,2026-09-13T21:37:05Z,70,10.0,13.0,,,,,1020.5,26.2,26.7,,,,
2026-08-31T18:30:00Z,2026-09-13T21:37:05Z,70,10.0,12.0,,,,,1020.6,26.1,26.7,,,,
2026-08-31T18:40:00Z,2026-09-13T21:37:05Z,70,10.0,12.0,,,,,1020.7,26.2,,,,,
2026-08-31T18:50:00Z,2026-09-13T21:37:05Z,70,10.0,12.0,,,,,1020.7,26.2,26.7,,,,
2026-08-31T19:00:00Z,2026-09-13T21:37:05Z,70,10.0,12.0,,,,,1020.7,26.3,,,,+1.6,
2026-08-31T19:10:00Z,2026-09-13T21:37:05Z,70,10.0,12.0,,,,,1020.6,26.3,,,,,
2026-08-31T19:20:00Z,2026-09-13T21:37:05Z,70,10.0,12.0,,,,,1020.6,26.3,26.7,,,,
2026-08-31T19:30:00Z,2026-09-13T21:37:05Z,80,10.0,13.0,,,,,1020.7,26.3,26.7,,,,
2026-08-31T19:40:00Z,2026-09-13T21:37:05Z,70,11.0,13.0,,,,,1020.6,,,,,,
2026-08-31T19:50:00Z,2026-09-13T21:37:05Z,80,10.0,12.0,,,,,1020.6,26.3,26.7,,,,
2026-08-31T20:00:00Z,2026-09-13T21:37:05Z,80,10.0,13.0,,,,,1020.6,26.3,26.7,,,+0.7,
2026-08-31T20:10:00Z,2026-09-13T21:37:05Z,70,10.0,12.0,,,,,1020.6,26.2,26.7,,,,
2026-08-31T20:20:00Z,2026-09-13T21:37:05Z,70,10.0,13.0,,,,,1020.8,26.2,26.7,,,,
2026-08-31T20:30:00Z,2026-09-13T21:37:05Z,70,10.0,12.0,,,,,1020.9,26.2,26.7,,,,
2026-08-31T20:40:00Z,2026-09-13T21:37:05Z,70,9.0,12.0,,,,,1020.9,26.1,26.7,,,,
2026-08-31T20:50:00Z,2026-09-13T21:37:05Z,70,10.0,12.0,,,,,1020.8,26.2,26.7,,,,
2026-08-31T21:00:00Z,2026-09-13T21:37:05Z,70,10.0,12.0,,,,,1020.9,26.2,26.7,,,+0.5,
2026-08-31T21:10:00Z,2026-09-13T21:37:05Z,70,10.0,12.0,,,,,1020.9,26.2,26.7,,,,
2026-08-31T21:20:00Z,2026-09-13T21:37:05Z,70,10.0,12.0,,,,,1020.8,26.2,26.7,,,,
2026-08-31T21:30:00Z,2026-09-13T21:37:05Z,70,9.0,12.0,,,,,1020.8,26.2,26.7,,,,
2026-08-31T21:40:00Z,2026-09-13T21:37:05Z,70,9.0,12.0,,,,,1020.7,26.3,26.7,,,,
2026-08-31T21:50:00Z,2026-09-13T21:37:05Z,70,9.0,11.0,,,,,1020.7,26.2,26.7,,,,
2026-08-31T22:00:00Z,2026-09-13T21:37:05Z,70,9.0,11.0,,,,,1020.6,26.3,,,,+0.0,
2026-08-31T22:10:00Z,2026-09-13T21:37:05Z,70,10.0,12.0,,,,,1020.4,26.3,26.7,,,,
2026-08-31T22:20:00Z,2026-09-13T21:37:05Z,70,10.0,12.0,,,,,1020.4,26.3,26.7,,,,
2026-08-31T22:30:00Z,2026-09-13T21:37:05Z,70,10.0,12.0,,,,,1020.3,26.3,26.7,,,,
2026-08-31T22:40:00Z,2026-09-13T21:37:05Z,70,9.0,12.0,,,,,1020.1,26.4,26.7,,,,
2026-08-31T23:40:00Z,2026-09-13T21:37:05Z,70,9.0,11.0,,,,,1019.4,26.3,26.8,,,,
2026-08-31T23:50:00Z,2026-09-13T21:37:05Z,70,9.0,11.0,,,,,1019.3,26.3,26.8,,,,
2026-09-01T00:00:00Z,2026-09-13T21:37:05Z,60,9.0,12.0,,,,,1019.2,26.3,26.8,,,-1.7,
2026-09-01T00:10:00Z,2026-09-13T21:37:05Z,60,9.0,11.0,,,,,1019.0,26.3,26.8,,,,
2026-09-01T00:20:00Z,2026-09-13T21:37:05Z,60,9.0,11.0,,,,,1019.0,26.3,26.8,,,,
2026-09-01T00:30:00Z,2026-09-13T21:37:05Z,60,9.0,11.0,,,,,1019.0,26.3,26.8,,,,
2026-09-01T00:40:00Z,2026-09-13T21:37:05Z,60,9.0,11.0,,,,,1019.0,26.3,26.8,,,,
2026-09-01T00:50:00Z,2026-09-13T21:37:05Z,70,9.0,11.0,,,,,1018.9,,,,,,
2026-09-01T01:00:00Z,2026-09-13T21:37:05Z,70,9.0,11.0,,,,,1018.8,26.3,26.8,,,-1.8,
2026-09-01T01:10:00Z,2026-09-13T21:37:05Z,70,9.0,12.0,,,,,1018.7,26.4,26.8,,,,
2026-09-01T01:20:00Z,2026-09-13T21:37:05Z,70,9.0,11.0,,,,,1018.6,26.4,26.8,,,,
2026-09-01T01:30:00Z,2026-09-13T21:37:05Z,60,9.0,11.0,,,,,1018.6,26.4,26.8,,,,
2026-09-01T01:40:00Z,2026-09-13T21:37:05Z,60,9.0,11.0,,,,,1018.4,26.4,26.8,,,,
2026-09-01T01:50:00Z,2026-09-13T21:37:05Z,70,9.0,11.0,,,,,1018.3,26.4,26.8,,,,
2026-09-01T02:00:00Z,2026-09-13T21:37:05Z,70,9.0,11.0,,,,,1018.3,26.5,26.8,,,-1.6,
2026-09-01T02:10:00Z,2026-09-13T21:37:05Z,70,8.0,11.0,,,,,1018.3,26.4,26.8,,,,
2026-09-01T02:20:00Z,2026-09-13T21:37:05Z,70,9.0,11.0,,,,,1018.3,26.4,26.8,,,,
2026-09-01T02:30:00Z,2026-09-13T21:37:05Z,70,9.0,11.0,,,,,1018.2,26.5,26.8,,,,
2026-09-01T02:40:00Z,2026-09-13T21:37:05Z,70,9.0,10.0,,,,,1018.2,26.5,26.8,,,,
2026-09-01T02:50:00Z,2026-09-13T21:37:05Z,70,9.0,12.0,,,,,1018.1,26.2,26.8,,,,
2026-09-01T03:00:00Z,2026-09-13T21:37:05Z,80,10.0,13.0,,,,,1018.2,26.0,26.8,,,-1.0,
2026-09-01T03:10:00Z,2026-09-13T21:37:05Z,70,8.0,11.0,,,,,1018.1,25.8,26.8,,,,
2026-09-01T03:20:00Z,2026-09-13T21:37:05Z,70,9.0,11.0,,,,,1018.2,26.2,26.8,,,,
2026-09-01T03:30:00Z,2026-09-13T21:37:05Z,70,9.0,11.0,,,,,1018.2,26.3,26.8,,,,
2026-09-01T03:40:00Z,2026-09-13T21:37:05Z,70,9.0,11.0,,,,,1018.3,26.4,,,,,
2026-09-01T03:50:00Z,2026-09-13T21:37:05Z,70,9.0,12.0,,,,,1018.3,26.4,26.7,,,,
2026-09-01T04:00:00Z,2026-09-13T21:37:05Z,80,10.0,12.0,,,,,1018.3,26.4,26.7,,,-0.5,
2026-09-01T04:10:00Z,2026-09-13T21:37:05Z,70,9.0,11.0,,,,,1018.4,26.4,26.7,,,,
2026-09-01T04:20:00Z,2026-09-13T21:37:05Z,70,10.0,12.0,,,,,1018.5,26.3,26.7,,,,
2026-09-01T04:30:00Z,2026-09-13T21:37:05Z,70,9.0,12.0,,,,,1018.5,26.3,26.7,,,,
2026-09-01T04:40:00Z,2026-09-13T21:37:05Z,70,10.0,12.0,,,,,1018.6,26.3,26.7,,,,
2026-09-01T04:50:00Z,2026-09-13T21:37:05Z,70,9.0,11.0,,,,,1018.7,26.3,26.7,,,,
2026-09-01T05:00:00Z,2026-09-13T21:37:05Z,70,9.0,12.0,,,,,1018.7,26.2,26.7,,,+0.4,
2026-09-01T05:10:00Z,2026-09-13T21:37:05Z,60,10.0,13.0,,,,,1018.8,25.6,26.7,,,,
2026-09-01T05:20:00Z,2026-09-13T21:37:05Z,60,10.0,12.0,,,,,1018.9,25.6,26.7,,,,
2026-09-01T05:30:00Z,2026-09-13T21:37:05Z,60,10.0,12.0,,,,,1018.8,25.6,26.7,,,,
2026-09-01T05:40:00Z,2026-09-13T21:37:05Z,70,10.0,12.0,,,,,1018.9,25.8,26.7,,,,
2026-09-01T05:50:00Z,2026-09-13T21:37:05Z,70,10.0,14.0,,,,,1019.2,25.4,26.7,,,,
2026-09-01T06:00:00Z,2026-09-13T21:37:05Z,80,7.0,9.0,,,,,1019.1,24.8,,,,+0.9,
2026-09-01T06:10:00Z,2026-09-13T21:37:05Z,80,6.0,8.0,,,,,1019.1,25.1,26.7,,,,
2026-09-01T06:20:00Z,2026-09-13T21:37:05Z,70,6.0,8.0,,,,,1019.2,25.5,26.7,,,,
2026-09-01T06:30:00Z,2026-09-13T21:37:05Z,70,7.0,9.0,,,,,1019.2,25.9,26.7,,,,
2026-09-01T06:40:00Z,2026-09-13T21:37:05Z,70,9.0,11.0,,,,,1019.3,26.2,26.7,,,,
2026-09-01T06:50:00Z,2026-09-13T21:37:05Z,70,10.0,14.0,,,,,1019.4,25.9,26.7,,,,
2026-09-01T07:00:00Z,2026-09-13T21:37:05Z,70,12.0,15.0,,,,,1019.7,25.0,,,,+1.4,
2026-09-01T07:10:00Z,2026-09-13T21:37:05Z,70,9.0,12.0,,,,,1019.7,24.5,26.7,,,,
2026-09-01T07:20:00Z,2026-09-13T21:37:05Z,70,7.0,8.0,,,,,1019.6,25.4,26.7,,,,
2026-09-01T07:30:00Z,2026-09-13T21:37:05Z,70,9.0,12.0,,,,,1019.6,26.0,26.7,,,,
2026-09-01T07:40:00Z,2026-09-13T21:37:05Z,70,10.0,12.0,,,,,1019.7,26.2,26.7,,,,
2026-09-01T07:50:00Z,2026-09-13T21:37:05Z,70,10.0,12.0,,,,,1019.8,26.2,26.7,,,,
2026-09-01T08:00:00Z,2026-09-13T21:37:05Z,70,10.0,12.0,,,,,1019.7,26.3,26.7,,,+1.0,
2026-09-01T08:10:00Z,2026-09-13T21:37:05Z,70,9.0,12.0,,,,,1019.7,26.3,26.7,,,,
2026-09-01T08:20:00Z,2026-09-13T21:37:05Z,70,10.0,12.0,,,,,1019.7,26.2,26.7,,,,
2026-09-01T08:30:00Z,2026-09-13T21:37:05Z,70,10.0,12.0,,,,,1019.6,26.2,26.7,,,,
2026-09-01T08:40:00Z,2026-09-13T21:37:05Z,70,10.0,12.0,,,,,1019.7,26.2,26.7,,,,
2026-09-01T08:50:00Z,2026-09-13T21:37:05Z,70,9.0,12.0,,,,,1019.6,26.2,26.7,,,,
2026-09-01T09:00:00Z,2026-09-13T21:37:05Z,70,10.0,12.0,,,,,1019.6,26.2,26.7,,,+0.5,
2026-09-01T09:10:00Z,2026-09-13T21:37:05Z,80,10.0,12.0,,,,,1019.7,26.3,26.7,,,,
2026-09-01T09:20:00Z,2026-09-13T21:37:05Z,80,10.0,12.0,,,,,1019.7,26.2,26.7,,,,
2026-09-01T09:30:00Z,2026-09-13T21:37:05Z,80,9.0,11.0,,,,,1019.7,26.2,26.7,,,,
2026-09-01T09:40:00Z,2026-09-13T21:37:05Z,80,9.0,11.0,,,,,1019.7,26.2,26.7,,,,
2026-09-01T09:50:00Z,2026-09-13T21:37:05Z,80,9.0,12.0,,,,,1019.6,26.2,26.7,,,,
2026-09-01T10:00:00Z,2026-09-13T21:37:05Z,80,9.0,12.0,,,,,1019.5,26.2,26.7,,,+0.0,
2026-09-01T10:10:00Z,2026-09-13T21:37:05Z,80,8.0,10.0,,,,,1019.6,26.1,26.7,,,,
2026-09-01T10:20:00Z,2026-09-13T21:37:05Z,70,9.0,11.0,,,,,1019.5,26.1,26.7,,,,
2026-09-01T10:30:00Z,2026-09-13T21:37:05Z,80,9.0,11.0,,,,,1019.5,26.1,26.7,,,,
2026-09-01T10:40:00Z,2026-09-13T21:37:05Z,70,8.0,10.0,,,,,1019.5,26.1,26.7,,,,
2026-09-01T10:50:00Z,2026-09-13T21:37:05Z,70,9.0,11.0,,,,,1019.5,26.1,26.7,,,,
2026-09-01T11:00:00Z,2026-09-13T21:37:05Z,70,9.0,11.0,,,,,1019.4,26.1,26.7,,,-0.3,
2026-09-01T11:10:00Z,2026-09-13T21:37:05Z,80,9.0,11.0,,,,,1019.4,26.1,26.7,,,,
2026-09-01T11:20:00Z,2026-09-13T21:37:05Z,80,9.0,11.0,,,,,1019.3,26.2,26.7,,,,
2026-09-01T11:30:00Z,2026-09-13T21:37:05Z,80,9.0,11.0,,,,,1019.3,26.1,26.7,,,,
2026-09-01T11:40:00Z,2026-09-13T21:37:05Z,80,8.0,10.0,,,,,1019.2,26.1,26.7,,,,
2026-09-01T11:50:00Z,2026-09-13T21:37:05Z,80,9.0,11.0,,,,,1019.1,26.1,26.7,,,,
2026-09-01T12:00:00Z,2026-09-13T21:37:05Z,80,9.0,10.0,,,,,1019.1,26.1,26.7,,,-0.5,
2026-09-01T12:10:00Z,2026-09-13T21:37:05Z,80,9.0,11.0,,,,,1019.0,26.1,26.7,,,,
2026-09-01T12:20:00Z,2026-09-13T21:37:05Z,80,9.0,11.0,,,,,1019.0,26.0,26.7,,,,
2026-09-01T12:30:00Z,2026-09-13T21:37:05Z,80,9.0,11.0,,,,,1018.8,26.0,26.7,,,,
2026-09-01T12:40:00Z,2026-09-13T21:37:05Z,80,9.0,10.0,,,,,1018.7,26.0,26.7,,,,
2026-09-01T12:50:00Z,2026-09-13T21:37:05Z,80,9.0,11.0,,,,,1018.7,,,,,,
2026-09-01T13:00:00Z,2026-09-13T21:37:05Z,80,9.0,11.0,,,,,1018.6,26.0,26.7,,,-0.9,
2026-09-01T13:10:00Z,2026-09-13T21:37:05Z,80,8.0,11.0,,,,,1018.6,26.0,26.7,,,,
2026-09-01T13:20:00Z,2026-09-13T21:37:05Z,70,9.0,11.0,,,,,1018.6,26.0,26.7,,,,
2026-09-01T13:30:00Z,2026-09-13T21:37:05Z,80,8.0,10.0,,,,,1018.5,25.9,26.7,,,,
2026-09-01T13:40:00Z,2026-09-13T21:37:05Z,80,8.0,10.0,,,,,1018.5,25.9,26.7,,,,
2026-09-01T13:50:00Z,2026-09-13T21:37:05Z,80,8.0,10.0,,,,,1018.4,25.9,,,,,
2026-09-01T14:00:00Z,2026-09-13T21:37:05Z,70,8.0,10.0,,,,,1018.5,25.9,26.7,,,-0.9,
2026-09-01T14:10:00Z,2026-09-13T21:37:05Z,70,8.0,10.0,,,,,1018.4,25.9,26.7,,,,
2026-09-01T14:20:00Z,2026-09-13T21:37:05Z,70,9.0,11.0,,,,,1018.4,25.9,26.7,,,,
2026-09-01T14:30:00Z,2026-09-13T21:37:05Z,70,8.0,10.0,,,,,1018.5,26.0,26.7,,,,
2026-09-01T14:40:00Z,2026-09-13T21:37:05Z,80,8.0,10.0,,,,,1018.5,26.0,26.7,,,,
2026-09-01T14:50:00Z,2026-09-13T21:37:05Z,80,8.0,10.0,,,,,1018.6,25.9,26.7,,,,
2026-09-01T15:00:00Z,2026-09-13T21:37:05Z,70,8.0,10.0,,,,,1018.5,26.0,26.7,,,-0.6,
2026-09-01T15:10:00Z,2026-09-13T21:37:05Z,70,8.0,10.0,,,,,1018.5,26.0,26.7,,,,
2026-09-01T15:20:00Z,2026-09-13T21:37:05Z,70,8.0,10.0,,,,,1018.5,26.0,26.7,,,,
2026-09-01T15:30:00Z,2026-09-13T21:37:05Z,80,8.0,10.0,,,,,1018.6,25.9,26.7,,,,
2026-09-01T15:40:00Z,2026-09-13T21:37:05Z,80,8.0,10.0,,,,,1018.6,25.9,,,,,
2026-09-01T15:50:00Z,2026-09-13T21:37:05Z,70,8.0,10.0,,,,,1018.7,25.9,26.7,,,,
2026-09-01T16:00:00Z,2026-09-13T21:37:05Z,70,8.0,11.0,,,,,1018.8,26.0,26.7,,,-0.0,
2026-09-01T16:10:00Z,2026-09-13T21:37:05Z,70,9.0,11.0,,,,,1019.0,26.0,26.7,,,,
2026-09-01T16:20:00Z,2026-09-13T21:37:05Z,70,9.0,11.0,,,,,1018.8,26.0,26.6,,,,
2026-09-01T16:30:00Z,2026-09-13T21:37:05Z,70,9.0,11.0,,,,,1018.9,26.0,26.7,,,,
2026-09-01T16:40:00Z,2026-09-13T21:37:05Z,80,9.0,11.0,,,,,1019.0,26.0,26.7,,,,
2026-09-01T16:50:00Z,2026-09-13T21:37:05Z,80,8.0,11.0,,,,,1019.1,26.0,26.7,,,,
2026-09-01T17:00:00Z,2026-09-13T21:37:05Z,70,8.0,11.0,,,,,1019.2,26.0,,,,+0.7,
2026-09-01T17:10:00Z,2026-09-13T21:37:05Z,70,8.0,11.0,,,,,1019.2,26.0,26.7,,,,
2026-09-01T17:20:00Z,2026-09-13T21:37:05Z,80,9.0,10.0,,,,,1019.3,26.1,26.7,,,,
2026-09-01T17:30:00Z,2026-09-13T21:37:05Z,80,9.0,10.0,,,,,1019.4,26.1,26.7,,,,
2026-09-01T17:40:00Z,2026-09-13T21:37:05Z,70,9.0,12.0,,,,,1019.6,26.0,26.7,,,,
2026-09-01T17:50:00Z,2026-09-13T21:37:05Z,60,9.0,11.0,,,,,1019.6,25.3,,,,,
2026-09-01T18:00:00Z,2026-09-13T21:37:05Z,70,9.0,12.0,,,,,1019.6,25.7,26.6,,,+1.1,
2026-09-01T18:10:00Z,2026-09-13T21:37:05Z,70,9.0,11.0,,,,,1019.7,25.5,26.7,,,,
2026-09-01T18:20:00Z,2026-09-13T21:37:05Z,80,9.0,11.0,,,,,1019.7,25.6,26.7,,,,
2026-09-01T18:30:00Z,2026-09-13T21:37:05Z,70,9.0,11.0,,,,,1019.6,25.9,26.7,,,,
2026-09-01T18:40:00Z,2026-09-13T21:37:05Z,60,9.0,12.0,,,,,1019.7,25.8,26.7,,,,
2026-09-01T18:50:00Z,2026-09-13T21:37:05Z,70,8.0,10.0,,,,,1019.8,25.7,26.7,,,,
2026-09-01T19:00:00Z,2026-09-13T21:37:05Z,80,8.0,10.0,,,,,1019.8,25.8,26.7,,,+1.0,
2026-09-01T19:10:00Z,2026-09-13T21:37:05Z,70,8.0,11.0,,,,,1019.7,26.0,26.7,,,,
2026-09-01T19:20:00Z,2026-09-13T21:37:05Z,80,9.0,11.0,,,,,1019.7,26.1,26.7,,,,
2026-09-01T19:30:00Z,2026-09-13T21:37:05Z,80,10.0,12.0,,,,,1019.8,26.1,26.7,,,,
2026-09-01T19:40:00Z,2026-09-13T21:37:05Z,70,9.0,11.0,,,,,1019.8,26.2,26.7,,,,
2026-09-01T19:50:00Z,2026-09-13T21:37:05Z,70,9.0,10.0,,,,,1019.8,26.2,26.7,,,,
2026-09-01T20:00:00Z,2026-09-13T21:37:05Z,70,8.0,11.0,,,,,1019.8,26.1,26.7,,,+0.6,
2026-09-01T20:10:00Z,2026-09-13T21:37:05Z,70,8.0,11.0,,,,,1019.8,26.1,26.7,,,,
2026-09-01T20:20:00Z,2026-09-13T21:37:05Z,70,8.0,11.0,,,,,1019.8,26.1,26.7,,,,
2026-09-01T20:30:00Z,2026-09-13T21:37:05Z,70,9.0,11.0,,,,,1019.7,26.1,26.7,,,,
2026-09-01T20:40:00Z,2026-09-13T21:37:05Z,70,8.0,10.0,,,,,1019.7,26.2,26.7,,,,
2026-09-01T20:50:00Z,2026-09-13T21:37:05Z,70,8.0,10.0,,,,,1019.9,26.1,26.7,,,,
2026-09-01T21:00:00Z,2026-09-13T21:37:05Z,70,8.0,10.0,,,,,1019.9,26.2,26.7,,,+0.3,
2026-09-01T21:10:00Z,2026-09-13T21:37:05Z,70,8.0,9.0,,,,,1019.8,26.2,26.7,,,,
2026-09-01T21:20:00Z,2026-09-13T21:37:05Z,80,8.0,9.0,,,,,1019.8,26.2,26.7,,,,
2026-09-01T21:30:00Z,2026-09-13T21:37:05Z,70,8.0,9.0,,,,,1019.7,26.2,,,,,
2026-09-01T21:40:00Z,2026-09-13T21:37:05Z,70,8.0,9.0,,,,,1019.6,26.2,26.7,,,,
2026-09-01T21:50:00Z,2026-09-13T21:37:05Z,70,8.0,9.0,,,,,1019.6,26.2,26.7,,,,
2026-09-01T22:00:00Z,2026-09-13T21:37:05Z,70,8.0,10.0,,,,,1019.5,26.2,26.7,,,-0.3,
2026-09-01T22:10:00Z,2026-09-13T21:37:05Z,70,8.0,10.0,,,,,1019.4,26.3,26.7,,,,
2026-09-01T22:20:00Z,2026-09-13T21:37:05Z,70,8.0,11.0,,,,,1019.4,26.2,26.7,,,,
2026-09-01T22:30:00Z,2026-09-13T21:37:05Z,70,8.0,10.0,,,,,1019.3,26.2,26.7,,,,
2026-09-01T22:40:00Z,2026-09-13T21:37:05Z,70,8.0,10.0,,,,,1019.3,26.2,26.7,,,,
2026-09-01T22:50:00Z,2026-09-13T21:37:05Z,70,8.0,10.0,,,,,1019.4,26.2,26.7,,,,
2026-09-01T23:00:00Z,2026-09-13T21:37:05Z,80,8.0,10.0,,,,,1019.3,26.2,26.7,,,-0.5,
2026-09-01T23:10:00Z,2026-09-13T21:37:05Z,70,8.0,10.0,,,,,1019.2,26.3,26.7,,,,
2026-09-01T23:20:00Z,2026-09-13T21:37:05Z,70,8.0,9.0,,,,,1019.1,26.3,26.7,,,,
2026-09-01T23:30:00Z,2026-09-13T21:37:05Z,70,8.0,10.0,,,,,1018.9,26.2,26.7,,,,
2026-09-01T23:40:00Z,2026-09-13T21:37:05Z,70,8.0,10.0,,,,,1018.8,26.2,26.7,,,,
2026-09-01T23:50:00Z,2026-09-13T21:37:05Z,70,8.0,10.0,,,,,1018.7,26.3,26.7,,,,
2026-09-02T00:00:00Z,2026-09-13T21:37:05Z,70,8.0,10.0,,,,,1018.5,26.3,26.8,,,-1.4,
2026-09-02T00:10:00Z,2026-09-13T21:37:05Z,80,8.0,10.0,,,,,1018.5,26.3,26.8,,,,
2026-09-02T00:20:00Z,2026-09-13T21:37:05Z,70,8.0,11.0,,,,,1018.5,26.3,26.8,,,,
2026-09-02T00:30:00Z,2026-09-13T21:37:05Z,70,8.0,10.0,,,,,1018.4,26.2,26.8,,,,
2026-09-02T00:40:00Z,2026-09-13T21:37:05Z,70,8.0,10.0,,,,,1018.3,26.3,26.8,,,,
2026-09-02T00:50:00Z,2026-09-13T21:37:05Z,70,8.0,10.0,,,,,1018.2,26.3,26.8,,,,
2026-09-02T01:00:00Z,2026-09-13T21:37:05Z,70,8.0,10.0,,,,,1018.1,26.3,26.8,,,-1.4,
2026-09-02T01:10:00Z,2026-09-13T21:37:05Z,70,9.0,10.0,,,,,1018.0,26.2,26.8,,,,
2026-09-02T01:20:00Z,2026-09-13T21:37:05Z,70,8.0,10.0,,,,,1018.0,26.3,26.8,,,,
2026-09-02T01:30:00Z,2026-09-13T21:37:05Z,70,9.0,11.0,,,,,1017.9,26.3,26.8,,,,
2026-09-02T01:40:00Z,2026-09-13T21:37:05Z,70,9.0,10.0,,,,,1017.7,26.3,26.8,,,,
2026-09-02T01:50:00Z,2026-09-13T21:37:05Z,70,8.0,10.0,,,,,1017.7,26.3,26.8,,,,
2026-09-02T02:00:00Z,2026-09-13T21:37:05Z,70,10.0,12.0,,,,,1017.7,26.0,26.8,,,-1.6,
2026-09-02T02:10:00Z,2026-09-13T21:37:05Z,70,8.0,10.0,,,,,1017.6,26.0,26.7,,,,
2026-09-02T02:20:00Z,2026-09-13T21:37:05Z,70,9.0,10.0,,,,,1017.6,26.2,26.8,,,,
2026-09-02T02:30:00Z,2026-09-13T21:37:05Z,70,9.0,11.0,,,,,1017.7,26.2,26.8,,,,
2026-09-02T02:40:00Z,2026-09-13T21:37:05Z,70,9.0,11.0,,,,,1017.7,26.2,26.7,,,,
2026-09-02T02:50:00Z,2026-09-13T21:37:05Z,70,9.0,11.0,,,,,1017.6,26.2,26.7,,,,
2026-09-02T03:00:00Z,2026-09-13T21:37:05Z,60,8.0,10.0,,,,,1017.6,26.2,26.7,,,-0.9,
2026-09-02T03:10:00Z,2026-09-13T21:37:05Z,70,8.0,10.0,,,,,1017.6,26.2,26.7,,,,
2026-09-02T03:20:00Z,2026-09-13T21:37:05Z,60,8.0,10.0,,,,,1017.6,26.2,26.7,,,,
2026-09-02T03:30:00Z,2026-09-13T21:37:05Z,70,8.0,10.0,,,,,1017.6,26.3,26.7,,,,
2026-09-02T03:40:00Z,2026-09-13T21:37:05Z,60,8.0,10.0,,,,,1017.6,26.2,26.7,,,,
2026-09-02T03:50:00Z,2026-09-13T21:37:05Z,70,8.0,10.0,,,,,1017.7,26.3,26.7,,,,
2026-09-02T04:00:00Z,2026-09-13T21:37:05Z,70,8.0,10.0,,,,,1017.7,26.3,26.7,,,-0.4,
2026-09-02T04:10:00Z,2026-09-13T21:37:05Z,70,8.0,10.0,,,,,1017.6,26.4,26.7,,,,
2026-09-02T04:20:00Z,2026-09-13T21:37:05Z,70,9.0,12.0,,,,,1017.6,26.3,26.7,,,,
2026-09-02T04:30:00Z,2026-09-13T21:37:05Z,70,9.0,10.0,,,,,1017.7,26.4,26.7,,,,
2026-09-02T04:40:00Z,2026-09-13T21:37:05Z,90,9.0,12.0,,,,,1017.7,25.7,26.7,,,,
2026-09-02T04:50:00Z,2026-09-13T21:37:05Z,70,9.0,11.0,,,,,1017.8,26.1,26.7,,,,
2026-09-02T05:00:00Z,2026-09-13T21:37:05Z,70,9.0,11.0,,,,,1017.9,26.3,26.7,,,+0.0,
2026-09-02T05:10:00Z,2026-09-13T21:37:05Z,70,10.0,12.0,,,,,1017.9,26.1,26.7,,,,
2026-09-02T05:20:00Z,2026-09-13T21:37:05Z,70,9.0,11.0,,,,,1017.9,26.1,26.7,,,,
2026-09-02T05:30:00Z,2026-09-13T21:37:05Z,70,9.0,11.0,,,,,1018.0,26.1,26.7,,,,
2026-09-02T05:40:00Z,2026-09-13T21:37:05Z,70,9.0,11.0,,,,,1018.0,26.2,26.7,,,,
2026-09-02T05:50:00Z,2026-09-13T21:37:05Z,70,9.0,11.0,,,,,1018.1,26.2,26.7,,,,
2026-09-02T06:00:00Z,2026-09-13T21:37:05Z,70,8.0,10.0,,,,,1018.2,26.2,26.7,,,+0.6,
2026-09-02T06:10:00Z,2026-09-13T21:37:05Z,70,9.0,11.0,,,,,1018.3,26.2,26.7,,,,
2026-09-02T06:20:00Z,2026-09-13T21:37:05Z,60,9.0,12.0,,,,,1018.5,26.1,26.7,,,,
2026-09-02T06:30:00Z,2026-09-13T21:37:05Z,70,9.0,11.0,,,,,1018.5,26.1,26.7,,,,
2026-09-02T06:40:00Z,2026-09-13T21:37:05Z,70,9.0,11.0,,,,,1018.7,26.2,26.7,,,,
2026-09-02T06:50:00Z,2026-09-13T21:37:05Z,70,9.0,11.0,,,,,1018.7,26.2,26.7,,,,
2026-09-02T07:00:00Z,2026-09-13T21:37:05Z,70,9.0,10.0,,,,,1018.9,26.2,,,,+1.2,
2026-09-02T07:10:00Z,2026-09-13T21:37:05Z,70,9.0,11.0,,,,,1019.0,26.1,,,,,
2026-09-02T07:20:00Z,2026-09-13T21:37:05Z,70,9.0,11.0,,,,,1019.1,26.2,,,,,
2026-09-02T07:30:00Z,2026-09-13T21:37:05Z,70,9.0,11.0,,,,,1019.1,26.1,26.7,,,,
2026-09-02T07:40:00Z,2026-09-13T21:37:05Z,70,9.0,12.0,,,,,1019.2,25.9,26.7,,,,
2026-09-02T07:50:00Z,2026-09-13T21:37:05Z,70,9.0,11.0,,,,,1019.3,26.1,26.7,,,,
2026-09-02T08:00:00Z,2026-09-13T21:37:05Z,80,9.0,11.0,,,,,1019.3,26.2,26.7,,,+1.4,
2026-09-02T08:10:00Z,2026-09-13T21:37:05Z,80,9.0,11.0,,,,,1019.3,26.2,26.7,,,,
2026-09-02T08:20:00Z,2026-09-13T21:37:05Z,80,9.0,11.0,,,,,1019.3,26.2,26.7,,,,
2026-09-02T08:30:00Z,2026-09-13T21:37:05Z,70,8.0,10.0,,,,,1019.3,26.2,26.7,,,,
2026-09-02T08:40:00Z,2026-09-13T21:37:05Z,70,8.0,10.0,,,,,1019.4,26.2,26.7,,,,
2026-09-02T08:50:00Z,2026-09-13T21:37:05Z,70,8.0,10.0,,,,,1019.3,26.1,26.7,,,,
2026-09-02T09:00:00Z,2026-09-13T21:37:05Z,70,8.0,13.0,,,,,1019.3,25.8,26.7,,,+1.1,
2026-09-02T09:10:00Z,2026-09-13T21:37:05Z,70,8.0,10.0,,,,,1019.3,25.9,26.7,,,,
2026-09-02T09:20:00Z,2026-09-13T21:37:05Z,70,8.0,10.0,,,,,1019.2,26.0,26.7,,,,
2026-09-02T09:30:00Z,2026-09-13T21:37:05Z,70,8.0,10.0,,,,,1019.1,25.9,26.7,,,,
2026-09-02T09:40:00Z,2026-09-13T21:37:05Z,70,8.0,10.0,,,,,1019.0,26.0,26.7,,,,
2026-09-02T09:50:00Z,2026-09-13T21:37:05Z,70,8.0,10.0,,,,,1018.9,26.1,26.7,,,,
2026-09-02T10:00:00Z,2026-09-13T21:37:05Z,70,8.0,10.0,,,,,1018.9,26.1,26.7,,,+0.0,
2026-09-02T10:10:00Z,2026-09-13T21:37:05Z,70,8.0,10.0,,,,,1018.8,26.0,26.7,,,,
2026-09-02T10:20:00Z,2026-09-13T21:37:05Z,70,8.0,10.0,,,,,1018.7,26.0,26.7,,,,
2026-09-02T10:30:00Z,2026-09-13T21:37:05Z,70,8.0,10.0,,,,,1018.6,26.0,26.6,,,,
2026-09-02T10:40:00Z,2026-09-13T21:37:05Z,70,7.0,10.0,,,,,1018.5,26.0,26.6,,,,
2026-09-02T10:50:00Z,2026-09-13T21:37:05Z,70,8.0,10.0,,,,,1018.4,26.0,26.7,,,,
2026-09-02T11:00:00Z,2026-09-13T21:37:05Z,70,7.0,9.0,,,,,1018.3,26.0,26.7,,,-1.0,
2026-09-02T11:10:00Z,2026-09-13T21:37:05Z,70,7.0,9.0,,,,,1018.2,25.9,26.7,,,,
2026-09-02T11:20:00Z,2026-09-13T21:37:05Z,70,7.0,9.0,,,,,1018.2,25.9,26.7,,,,
2026-09-02T11:30:00Z,2026-09-13T21:37:05Z,70,7.0,9.0,,,,,1018.1,25.9,26.6,,,,
2026-09-02T11:40:00Z,2026-09-13T21:37:05Z,70,7.0,9.0,,,,,1018.0,25.9,26.6,,,,
2026-09-02T11:50:00Z,2026-09-13T21:37:05Z,70,7.0,9.0,,,,,1017.9,25.9,26.7,,,,
2026-09-02T12:00:00Z,2026-09-13T21:37:05Z,70,7.0,9.0,,,,,1017.8,25.9,26.6,,,-1.5,
2026-09-02T12:10:00Z,2026-09-13T21:37:05Z,80,7.0,9.0,,,,,1017.7,25.8,26.6,,,,
2026-09-02T12:20:00Z,2026-09-13T21:37:05Z,80,7.0,9.0,,,,,1017.6,25.9,26.6,,,,
2026-09-02T12:30:00Z,2026-09-13T21:37:05Z,80,7.0,9.0,,,,,1017.5,25.8,26.6,,,,
2026-09-02T12:40:00Z,2026-09-13T21:37:05Z,80,7.0,9.0,,,,,1017.4,25.8,,,,,
2026-09-02T12:50:00Z,2026-09-13T21:37:05Z,80,7.0,9.0,,,,,1017.3,25.8,26.6,,,,
2026-09-02T13:00:00Z,2026-09-13T21:37:05Z,80,7.0,9.0,,,,,1017.4,25.8,26.6,,,-1.5,
2026-09-02T13:10:00Z,2026-09-13T21:37:05Z,80,7.0,8.0,,,,,1017.4,25.8,26.6,,,,
2026-09-02T13:20:00Z,2026-09-13T21:37:05Z,70,7.0,8.0,,,,,1017.4,25.8,,,,,
2026-09-02T13:30:00Z,2026-09-13T21:37:05Z,70,7.0,9.0,,,,,1017.4,25.9,26.6,,,,
2026-09-02T13:40:00Z,2026-09-13T21:37:05Z,70,7.0,9.0,,,,,1017.3,25.8,26.6,,,,
2026-09-02T13:50:00Z,2026-09-13T21:37:05Z,70,8.0,9.0,,,,,1017.3,25.9,,,,,
2026-09-02T14:00:00Z,2026-09-13T21:37:05Z,70,7.0,9.0,,,,,1017.3,26.0,26.6,,,-1.0,
2026-09-02T14:10:00Z,2026-09-13T21:37:05Z,70,7.0,10.0,,,,,1017.3,25.9,26.6,,,,
2026-09-02T14:20:00Z,2026-09-13T21:37:05Z,60,8.0,10.0,,,,,1017.2,25.8,26.6,,,,
2026-09-02T14:30:00Z,2026-09-13T21:37:05Z,70,8.0,10.0,,,,,1017.1,25.6,26.6,,,,
2026-09-02T14:40:00Z,2026-09-13T21:37:05Z,70,8.0,11.0,,,,,1017.1,25.7,26.6,,,,
2026-09-02T14:50:00Z,2026-09-13T21:37:05Z,70,8.0,10.0,,,,,1017.1,25.8,26.6,,,,
2026-09-02T15:00:00Z,2026-09-13T21:37:05Z,70,8.0,10.0,,,,,1017.2,25.8,26.6,,,-0.6,
2026-09-02T15:10:00Z,2026-09-13T21:37:05Z,70,8.0,11.0,,,,,1017.3,25.8,26.6,,,,
2026-09-02T15:20:00Z,2026-09-13T21:37:05Z,80,8.0,10.0,,,,,1017.4,25.8,26.6,,,,
2026-09-02T15:30:00Z,2026-09-13T21:37:05Z,70,8.0,10.0,,,,,1017.5,25.7,26.6,,,,
2026-09-02T15:40:00Z,2026-09-13T21:37:05Z,70,8.0,10.0,,,,,1017.4,25.7,26.6,,,,
2026-09-02T15:50:00Z,2026-09-13T21:37:05Z,70,9.0,10.0,,,,,1017.3,25.8,26.6,,,,
2026-09-02T16:00:00Z,2026-09-13T21:37:05Z,70,9.0,10.0,,,,,1017.3,25.8,26.6,,,+0.0,
2026-09-02T16:10:00Z,2026-09-13T21:37:05Z,70,9.0,11.0,,,,,1017.3,25.7,26.6,,,,
2026-09-02T16:20:00Z,2026-09-13T21:37:05Z,70,9.0,11.0,,,,,1017.5,25.6,26.6,,,,
2026-09-02T16:30:00Z,2026-09-13T21:37:05Z,70,9.0,11.0,,,,,1017.5,25.6,26.6,,,,
2026-09-02T16:40:00Z,2026-09-13T21:37:05Z,70,9.0,11.0,,,,,1017.8,25.6,26.6,,,,
2026-09-02T16:50:00Z,2026-09-13T21:37:05Z,70,9.0,11.0,,,,,1017.9,25.7,26.6,,,,
2026-09-02T17:00:00Z,2026-09-13T21:37:05Z,70,8.0,11.0,,,,,1017.9,25.7,26.6,,,+0.6,
2026-09-02T17:10:00Z,2026-09-13T21:37:05Z,70,8.0,10.0,,,,,1018.0,25.8,26.6,,,,
2026-09-02T17:20:00Z,2026-09-13T21:37:05Z,70,9.0,11.0,,,,,1018.0,25.8,26.6,,,,
2026-09-02T17:30:00Z,2026-09-13T21:37:05Z,70,9.0,11.0,,,,,1018.0,25.9,26.6,,,,
2026-09-02T17:40:00Z,2026-09-13T21:37:05Z,60,9.0,11.0,,,,,1018.2,25.8,,,,,
2026-09-02T17:50:00Z,2026-09-13T21:37:05Z,70,9.0,11.0,,,,,1018.2,25.8,26.6,,,,
2026-09-02T18:00:00Z,2026-09-13T21:37:05Z,70,9.0,11.0,,,,,1018.2,25.8,26.6,,,+1.0,
2026-09-02T18:10:00Z,2026-09-13T21:37:05Z,70,9.0,11.0,,,,,1018.3,,26.6,,,,
2026-09-02T18:20:00Z,2026-09-13T21:37:05Z,70,9.0,11.0,,,,,1018.4,25.8,26.6,,,,
2026-09-02T18:30:00Z,2026-09-13T21:37:05Z,70,9.0,11.0,,,,,1018.4,25.7,26.6,,,,
2026-09-02T18:40:00Z,2026-09-13T21:37:05Z,70,8.0,10.0,,,,,1018.5,25.8,26.6,,,,
2026-09-02T18:50:00Z,2026-09-13T21:37:05Z,70,8.0,11.0,,,,,1018.5,25.9,26.6,,,,
2026-09-02T19:00:00Z,2026-09-13T21:37:05Z,70,8.0,10.0,,,,,1018.5,26.0,26.6,,,+1.2,
2026-09-02T19:10:00Z,2026-09-13T21:37:05Z,70,8.0,9.0,,,,,1018.5,26.0,26.6,,,,
2026-09-02T19:20:00Z,2026-09-13T21:37:05Z,70,8.0,10.0,,,,,1018.6,26.1,26.6,,,,
2026-09-02T19:30:00Z,2026-09-13T21:37:05Z,60,8.0,10.0,,,,,1018.5,26.0,26.6,,,,
2026-09-02T19:40:00Z,2026-09-13T21:37:05Z,60,8.0,10.0,,,,,1018.6,25.8,26.6,,,,
2026-09-02T19:50:00Z,2026-09-13T21:37:05Z,60,9.0,11.0,,,,,1018.6,25.8,26.6,,,,
2026-09-02T20:00:00Z,2026-09-13T21:37:05Z,60,9.0,11.0,,,,,1018.6,25.8,26.6,,,+0.7,
2026-09-02T20:10:00Z,2026-09-13T21:37:05Z,60,9.0,11.0,,,,,1018.5,25.9,26.6,,,,
2026-09-02T20:20:00Z,2026-09-13T21:37:05Z,80,9.0,11.0,,,,,1018.5,26.0,26.6,,,,
2026-09-02T20:30:00Z,2026-09-13T21:37:05Z,100,9.0,12.0,,,,,1018.5,25.1,26.6,,,,
2026-09-02T20:40:00Z,2026-09-13T21:37:05Z,100,7.0,11.0,,,,,1018.5,25.5,26.6,,,,
2026-09-02T20:50:00Z,2026-09-13T21:37:05Z,80,9.0,11.0,,,,,1018.5,25.8,26.6,,,,
2026-09-02T21:00:00Z,2026-09-13T21:37:05Z,80,9.0,11.0,,,,,1018.4,25.8,26.6,,,+0.0,
2026-09-02T21:10:00Z,2026-09-13T21:37:05Z,90,8.0,10.0,,,,,1018.3,26.0,26.6,,,,
2026-09-02T21:20:00Z,2026-09-13T21:37:05Z,90,8.0,9.0,,,,,1018.3,26.3,26.6,,,,
2026-09-02T21:30:00Z,2026-09-13T21:37:05Z,90,8.0,10.0,,,,,1018.2,26.5,26.6,,,,
2026-09-02T21:40:00Z,2026-09-13T21:37:05Z,90,8.0,10.0,,,,,1018.1,26.5,26.6,,,,
2026-09-02T21:50:00Z,2026-09-13T21:37:05Z,90,7.0,9.0,,,,,1018.0,26.5,26.6,,,,
2026-09-02T22:00:00Z,2026-09-13T21:37:05Z,90,6.0,8.0,,,,,1018.0,26.6,26.6,,,-0.5,
2026-09-02T22:10:00Z,2026-09-13T21:37:05Z,90,7.0,9.0,,,,,1018.0,26.5,26.7,,,,
2026-09-02T22:20:00Z,2026-09-13T21:37:05Z,80,7.0,9.0,,,,,1018.0,26.4,26.6,,,,
2026-09-02T22:30:00Z,2026-09-13T21:37:05Z,80,7.0,9.0,,,,,1017.8,26.4,26.7,,,,
2026-09-02T22:40:00Z,2026-09-13T21:37:05Z,80,7.0,9.0,,,,,1017.8,26.5,26.7,,,,
2026-09-02T22:50:00Z,2026-09-13T21:37:05Z,80,8.0,10.0,,,,,1017.8,26.3,26.7,,,,
2026-09-02T23:00:00Z,2026-09-13T21:37:05Z,80,8.0,10.0,,,,,1017.7,26.1,26.7,,,-0.9,
2026-09-02T23:10:00Z,2026-09-13T21:37:05Z,80,8.0,10.0,,,,,1017.6,26.1,26.7,,,,
2026-09-02T23:20:00Z,2026-09-13T21:37:05Z,80,7.0,9.0,,,,,1017.6,26.1,26.7,,,,
2026-09-02T23:40:00Z,2026-09-13T21:37:05Z,80,8.0,9.0,,,,,1017.4,26.3,26.7,,,,
2026-09-02T23:50:00Z,2026-09-13T21:37:05Z,80,8.0,10.0,,,,,1017.2,26.3,26.7,,,,
2026-09-03T00:00:00Z,2026-09-13T21:37:05Z,80,8.0,9.0,,,,,1017.2,26.3,26.7,,,-1.2,
2026-09-03T00:10:00Z,2026-09-13T21:37:05Z,80,8.0,9.0,,,,,1017.1,26.4,26.7,,,,
2026-09-03T00:20:00Z,2026-09-13T21:37:05Z,80,8.0,9.0,,,,,1017.1,26.4,26.7,,,,
2026-09-03T00:30:00Z,2026-09-13T21:37:05Z,80,7.0,9.0,,,,,1017.1,26.4,26.7,,,,
2026-09-03T00:40:00Z,2026-09-13T21:37:05Z,70,7.0,9.0,,,,,1017.0,26.4,26.7,,,,
2026-09-03T00:50:00Z,2026-09-13T21:37:05Z,70,7.0,9.0,,,,,1016.9,26.4,26.7,,,,
2026-09-03T01:00:00Z,2026-09-13T21:37:05Z,70,7.0,9.0,,,,,1017.0,26.4,26.7,,,-1.0,
2026-09-03T01:10:00Z,2026-09-13T21:37:05Z,70,8.0,10.0,,,,,1016.9,26.4,,,,,
2026-09-03T01:20:00Z,2026-09-13T21:37:05Z,70,8.0,10.0,,,,,1016.8,26.4,26.7,,,,
2026-09-03T01:30:00Z,2026-09-13T21:37:05Z,70,8.0,10.0,,,,,1016.8,26.4,26.7,,,,
2026-09-03T01:40:00Z,2026-09-13T21:37:05Z,70,8.0,10.0,,,,,1016.7,26.3,26.7,,,,
2026-09-03T01:50:00Z,2026-09-13T21:37:05Z,70,8.0,10.0,,,,,1016.6,26.4,26.7,,,,
2026-09-03T02:00:00Z,2026-09-13T21:37:05Z,70,8.0,10.0,,,,,1016.6,26.4,26.7,,,-1.1,
2026-09-03T02:10:00Z,2026-09-13T21:37:05Z,80,8.0,10.0,,,,,1016.5,26.4,26.7,,,,
2026-09-03T02:20:00Z,2026-09-13T21:37:05Z,80,8.0,10.0,,,,,1016.4,26.4,26.7,,,,
2026-09-03T02:30:00Z,2026-09-13T21:37:05Z,70,8.0,9.0,,,,,1016.5,26.4,26.7,,,,
2026-09-03T02:40:00Z,2026-09-13T21:37:05Z,70,8.0,9.0,,,,,1016.6,26.4,26.7,,,,
2026-09-03T02:50:00Z,2026-09-13T21:37:05Z,80,7.0,9.0,,,,,1016.6,26.4,26.7,,,,
2026-09-03T03:00:00Z,2026-09-13T21:37:05Z,70,7.0,9.0,,,,,1016.7,26.4,26.7,,,-0.5,
2026-09-03T03:10:00Z,2026-09-13T21:37:05Z,70,7.0,9.0,,,,,1016.7,26.4,26.7,,,,
2026-09-03T03:20:00Z,2026-09-13T21:37:05Z,70,8.0,9.0,,,,,1016.6,26.4,26.7,,,,
2026-09-03T03:30:00Z,2026-09-13T21:37:05Z,70,8.0,9.0,,,,,1016.6,26.4,26.7,,,,
2026-09-03T03:40:00Z,2026-09-13T21:37:05Z,70,8.0,10.0,,,,,1016.6,26.3,26.7,,,,
2026-09-03T03:50:00Z,2026-09-13T21:37:05Z,70,8.0,9.0,,,,,1016.6,26.4,26.7,,,,
2026-09-03T04:00:00Z,2026-09-13T21:37:05Z,70,7.0,9.0,,,,,1016.8,26.4,26.7,,,-0.0,
2026-09-03T04:10:00Z,2026-09-13T21:37:05Z,70,8.0,10.0,,,,,1016.8,26.4,26.7,,,,
2026-09-03T04:20:00Z,2026-09-13T21:37:05Z,70,8.0,9.0,,,,,1016.9,26.3,26.7,,,,
2026-09-03T04:30:00Z,2026-09-13T21:37:05Z,70,8.0,9.0,,,,,1017.1,26.4,26.7,,,,
2026-09-03T04:40:00Z,2026-09-13T21:37:05Z,60,8.0,9.0,,,,,1017.2,26.3,26.7,,,,
2026-09-03T04:50:00Z,2026-09-13T21:37:05Z,70,8.0,10.0,,,,,1017.2,26.3,26.7,,,,
2026-09-03T05:00:00Z,2026-09-13T21:37:05Z,60,8.0,10.0,,,,,1017.3,26.3,26.7,,,+0.7,
2026-09-03T05:10:00Z,2026-09-13T21:37:05Z,60,8.0,10.0,,,,,1017.4,26.3,26.7,,,,
2026-09-03T05:20:00Z,2026-09-13T21:37:05Z,70,8.0,10.0,,,,,1017.5,26.3,26.7,,,,
2026-09-03T05:30:00Z,2026-09-13T21:37:05Z,70,8.0,10.0,,,,,1017.5,26.3,26.7,,,,
2026-09-03T05:40:00Z,2026-09-13T21:37:05Z,70,8.0,10.0,,,,,1017.6,26.3,26.7,,,,
2026-09-03T05:50:00Z,2026-09-13T21:37:05Z,70,8.0,10.0,,,,,1017.7,26.4,26.7,,,,
2026-09-03T06:00:00Z,2026-09-13T21:37:05Z,70,8.0,10.0,,,,,1017.9,26.3,26.7,,,+1.2,
2026-09-03T06:10:00Z,2026-09-13T21:37:05Z,70,8.0,10.0,,,,,1018.0,26.3,26.7,,,,
2026-09-03T06:20:00Z,2026-09-13T21:37:05Z,70,8.0,10.0,,,,,1018.1,26.4,26.7,,,,
2026-09-03T06:30:00Z,2026-09-13T21:37:05Z,70,8.0,10.0,,,,,1018.1,26.3,26.7,,,,
2026-09-03T06:40:00Z,2026-09-13T21:37:05Z,70,8.0,10.0,,,,,1018.2,26.4,26.7,,,,
2026-09-03T06:50:00Z,2026-09-13T21:37:05Z,70,8.0,10.0,,,,,1018.4,26.3,,,,,
2026-09-03T07:00:00Z,2026-09-13T21:37:05Z,80,8.0,10.0,,,,,1018.5,,26.7,,,+1.7,
2026-09-03T07:10:00Z,2026-09-13T21:37:05Z,70,8.0,10.0,,,,,1018.5,26.4,,,,,
2026-09-03T07:20:00Z,2026-09-13T21:37:05Z,70,9.0,10.0,,,,,1018.6,26.3,26.7,,,,
2026-09-03T07:30:00Z,2026-09-13T21:37:05Z,80,9.0,11.0,,,,,1018.7,26.3,,,,,
2026-09-03T07:40:00Z,2026-09-13T21:37:05Z,70,8.0,10.0,,,,,1018.8,26.3,26.7,,,,
2026-09-03T07:50:00Z,2026-09-13T21:37:05Z,70,8.0,10.0,,,,,1018.9,26.3,26.7,,,,
2026-09-03T08:00:00Z,2026-09-13T21:37:05Z,80,8.0,10.0,,,,,1019.0,26.3,26.7,,,+1.7,
2026-09-03T08:10:00Z,2026-09-13T21:37:05Z,70,8.0,10.0,,,,,1019.1,26.3,26.7,,,,
2026-09-03T08:20:00Z,2026-09-13T21:37:05Z,70,8.0,10.0,,,,,1019.1,26.3,26.7,,,,
2026-09-03T08:30:00Z,2026-09-13T21:37:05Z,70,8.0,10.0,,,,,1019.0,26.3,26.6,,,,
2026-09-03T08:40:00Z,2026-09-13T21:37:05Z,70,8.0,10.0,,,,,1019.0,26.3,26.6,,,,
2026-09-03T08:50:00Z,2026-09-13T21:37:05Z,70,8.0,10.0,,,,,1019.0,26.4,26.7,,,,
2026-09-03T09:00:00Z,2026-09-13T21:37:05Z,70,8.0,10.0,,,,,1018.9,26.3,26.6,,,+1.0,
2026-09-03T09:10:00Z,2026-09-13T21:37:05Z,70,7.0,9.0,,,,,1018.8,26.3,26.6,,,,
2026-09-03T09:20:00Z,2026-09-13T21:37:05Z,70,7.0,10.0,,,,,1018.7,26.3,26.6,,,,
2026-09-03T09:30:00Z,2026-09-13T21:37:05Z,80,8.0,10.0,,,,,1018.7,26.3,26.7,,,,
2026-09-03T09:40:00Z,2026-09-13T21:37:05Z,80,8.0,10.0,,,,,1018.7,26.3,26.6,,,,
2026-09-03T09:50:00Z,2026-09-13T21:37:05Z,70,8.0,10.0,,,,,1018.7,26.2,26.7,,,,
2026-09-03T10:00:00Z,2026-09-13T21:37:05Z,70,8.0,9.0,,,,,1018.6,26.2,26.6,,,+0.0,
2026-09-03T10:10:00Z,2026-09-13T21:37:05Z,80,8.0,9.0,,,,,1018.5,26.3,26.6,,,,
2026-09-03T10:20:00Z,2026-09-13T21:37:05Z,80,8.0,9.0,,,,,1018.5,26.2,26.6,,,,
2026-09-03T10:30:00Z,2026-09-13T21:37:05Z,80,8.0,10.0,,,,,1018.5,26.3,26.6,,,,
2026-09-03T10:40:00Z,2026-09-13T21:37:05Z,80,8.0,9.0,,,,,1018.5,26.2,26.6,,,,
2026-09-03T10:50:00Z,2026-09-13T21:37:05Z,70,7.0,9.0,,,,,1018.3,26.2,26.6,,,,
2026-09-03T11:00:00Z,2026-09-13T21:37:05Z,70,8.0,9.0,,,,,1018.2,26.1,26.6,,,-0.8,
2026-09-03T11:10:00Z,2026-09-13T21:37:05Z,70,8.0,9.0,,,,,1018.1,26.1,26.6,,,,
2026-09-03T11:20:00Z,2026-09-13T21:37:05Z,70,8.0,10.0,,,,,1018.0,26.1,26.6,,,,
2026-09-03T11:30:00Z,2026-09-13T21:37:05Z,70,8.0,9.0,,,,,1017.9,26.0,26.6,,,,
2026-09-03T11:40:00Z,2026-09-13T21:37:05Z,70,7.0,9.0,,,,,1017.7,26.1,26.6,,,,
2026-09-03T11:50:00Z,2026-09-13T21:37:05Z,70,8.0,10.0,,,,,1017.7,26.0,26.6,,,,
2026-09-03T12:00:00Z,2026-09-13T21:37:05Z,70,8.0,10.0,,,,,1017.6,26.0,26.6,,,-1.3,
2026-09-03T12:10:00Z,2026-09-13T21:37:05Z,70,8.0,9.0,,,,,1017.4,26.0,26.6,,,,
2026-09-03T12:20:00Z,2026-09-13T21:37:05Z,70,8.0,10.0,,,,,1017.3,25.9,26.6,,,,
2026-09-03T12:30:00Z,2026-09-13T21:37:05Z,70,8.0,10.0,,,,,1017.3,25.9,26.6,,,,
2026-09-03T12:40:00Z,2026-09-13T21:37:05Z,80,8.0,10.0,,,,,1017.2,25.9,,,,,
2026-09-03T12:50:00Z,2026-09-13T21:37:05Z,60,7.0,9.0,,,,,1017.1,25.9,26.6,,,,
2026-09-03T13:00:00Z,2026-09-13T21:37:05Z,60,8.0,10.0,,,,,1017.2,25.8,26.6,,,-1.4,
2026-09-03T13:10:00Z,2026-09-13T21:37:05Z,60,8.0,10.0,,,,,1017.2,25.8,26.6,,,,
2026-09-03T13:20:00Z,2026-09-13T21:37:05Z,70,8.0,10.0,,,,,1017.2,25.7,,,,,
2026-09-03T13:30:00Z,2026-09-13T21:37:05Z,70,7.0,9.0,,,,,1017.1,25.8,26.6,,,,
2026-09-03T13:40:00Z,2026-09-13T21:37:05Z,70,7.0,9.0,,,,,1017.1,25.8,26.6,,,,
2026-09-03T13:50:00Z,2026-09-13T21:37:05Z,70,7.0,9.0,,,,,1017.1,25.7,,,,,
2026-09-03T14:00:00Z,2026-09-13T21:37:05Z,70,7.0,10.0,,,,,1016.9,25.7,26.6,,,-1.3,
2026-09-03T14:10:00Z,2026-09-13T21:37:05Z,80,8.0,10.0,,,,,1016.9,25.5,26.6,,,,
2026-09-03T14:20:00Z,2026-09-13T21:37:05Z,80,8.0,10.0,,,,,1016.9,25.6,26.6,,,,
2026-09-03T14:30:00Z,2026-09-13T21:37:05Z,80,8.0,10.0,,,,,1016.9,25.5,26.6,,,,
2026-09-03T14:40:00Z,2026-09-13T21:37:05Z,80,8.0,10.0,,,,,1016.9,25.3,26.6,,,,
2026-09-03T14:50:00Z,2026-09-13T21:37:05Z,80,7.0,9.0,,,,,1017.0,25.4,26.6,,,,
2026-09-03T15:00:00Z,2026-09-13T21:37:05Z,80,6.0,8.0,,,,,1016.9,25.4,26.6,,,-0.7,
2026-09-03T15:10:00Z,2026-09-13T21:37:05Z,80,7.0,9.0,,,,,1016.9,25.3,26.6,,,,
2026-09-03T15:20:00Z,2026-09-13T21:37:05Z,80,7.0,9.0,,,,,1017.0,25.3,26.6,,,,
2026-09-03T15:30:00Z,2026-09-13T21:37:05Z,70,9.0,11.0,,,,,1017.0,24.9,26.6,,,,
2026-09-03T15:40:00Z,2026-09-13T21:37:05Z,70,8.0,10.0,,,,,1017.0,24.9,26.6,,,,
2026-09-03T15:50:00Z,2026-09-13T21:37:05Z,70,6.0,8.0,,,,,1017.1,25.0,26.6,,,,
2026-09-03T16:00:00Z,2026-09-13T21:37:05Z,80,6.0,7.0,,,,,1017.1,25.0,26.6,,,-0.0,
2026-09-03T16:10:00Z,2026-09-13T21:37:05Z,80,6.0,7.0,,,,,1017.2,25.1,26.6,,,,
2026-09-03T16:20:00Z,2026-09-13T21:37:05Z,80,6.0,7.0,,,,,1017.2,25.3,26.6,,,,
2026-09-03T16:30:00Z,2026-09-13T21:37:05Z,100,7.0,9.0,,,,,1017.3,25.1,26.6,,,,
2026-09-03T16:40:00Z,2026-09-13T21:37:05Z,110,7.0,9.0,,,,,1017.4,24.6,26.6,,,,
2026-09-03T16:50:00Z,2026-09-13T21:37:05Z,110,6.0,8.0,,,,,1017.4,24.6,26.6,,,,
2026-09-03T17:00:00Z,2026-09-13T21:37:05Z,100,6.0,7.0,,,,,1017.4,24.7,26.6,,,+0.5,
2026-09-03T17:10:00Z,2026-09-13T21:37:05Z,110,6.0,8.0,,,,,1017.7,24.8,26.6,,,,
2026-09-03T17:20:00Z,2026-09-13T21:37:05Z,120,6.0,8.0,,,,,1017.8,24.6,26.6,,,,
2026-09-03T17:30:00Z,2026-09-13T21:37:05Z,130,5.0,6.0,,,,,1018.0,24.6,26.6,,,,
2026-09-03T17:40:00Z,2026-09-13T21:37:05Z,110,5.0,6.0,,,,,1018.0,24.7,26.6,,,,
2026-09-03T17:50:00Z,2026-09-13T21:37:05Z,90,5.0,7.0,,,,,1018.1,24.4,26.6,,,,
2026-09-03T18:00:00Z,2026-09-13T21:37:05Z,100,5.0,7.0,,,,,1018.1,24.4,26.6,,,+1.2,
2026-09-03T18:10:00Z,2026-09-13T21:37:05Z,100,3.0,5.0,,,,,1018.2,24.2,26.6,,,,
2026-09-03T18:20:00Z,2026-09-13T21:37:05Z,110,5.0,7.0,,,,,1018.2,24.6,26.6,,,,
2026-09-03T18:30:00Z,2026-09-13T21:37:05Z,100,7.0,9.0,,,,,1018.2,24.7,26.6,,,,
2026-09-03T18:40:00Z,2026-09-13T21:37:05Z,100,8.0,10.0,,,,,1018.1,25.2,26.6,,,,
2026-09-03T18:50:00Z,2026-09-13T21:37:05Z,100,9.0,11.0,,,,,1018.4,24.8,26.6,,,,
2026-09-03T19:00:00Z,2026-09-13T21:37:05Z,100,8.0,10.0,,,,,1018.4,24.5,26.6,,,+1.3,
2026-09-03T19:10:00Z,2026-09-13T21:37:05Z,110,6.0,7.0,,,,,1018.4,24.7,26.6,,,,
2026-09-03T19:20:00Z,2026-09-13T21:37:05Z,110,7.0,9.0,,,,,1018.5,25.1,26.6,,,,
2026-09-03T19:30:00Z,2026-09-13T21:37:05Z,110,7.0,9.0,,,,,1018.5,25.3,26.6,,,,
2026-09-03T19:40:00Z,2026-09-13T21:37:05Z,110,7.0,9.0,,,,,1018.5,25.4,26.6,,,,
2026-09-03T19:50:00Z,2026-09-13T21:37:05Z,110,7.0,9.0,,,,,1018.5,25.5,26.6,,,,
2026-09-03T20:00:00Z,2026-09-13T21:37:05Z,100,7.0,9.0,,,,,1018.5,25.7,26.6,,,+1.1,
2026-09-03T20:10:00Z,2026-09-13T21:37:05Z,90,7.0,9.0,,,,,1018.5,25.8,26.6,,,,
2026-09-03T20:20:00Z,2026-09-13T21:37:05Z,90,7.0,9.0,,,,,1018.5,25.7,26.7,,,,
2026-09-03T20:30:00Z,2026-09-13T21:37:05Z,110,7.0,10.0,,,,,1018.5,25.5,26.7,,,,
2026-09-03T20:40:00Z,2026-09-13T21:37:05Z,110,7.0,8.0,,,,,1018.6,25.9,26.7,,,,
2026-09-03T20:50:00Z,2026-09-13T21:37:05Z,110,6.0,9.0,,,,,1018.5,26.0,26.7,,,,
2026-09-03T21:00:00Z,2026-09-13T21:37:05Z,90,7.0,9.0,,,,,1018.6,25.5,26.7,,,+0.5,
2026-09-03T21:10:00Z,2026-09-13T21:37:05Z,100,7.0,9.0,,,,,1018.5,25.2,26.7,,,,
2026-09-03T21:20:00Z,2026-09-13T21:37:05Z,90,7.0,9.0,,,,,1018.5,25.4,26.7,,,,
2026-09-03T21:30:00Z,2026-09-13T21:37:05Z,90,7.0,9.0,,,,,1018.5,25.6,26.7,,,,
2026-09-03T21:40:00Z,2026-09-13T21:37:05Z,90,7.0,9.0,,,,,1018.4,25.6,26.7,,,,
2026-09-03T21:50:00Z,2026-09-13T21:37:05Z,90,7.0,8.0,,,,,1018.4,25.7,26.7,,,,
2026-09-03T22:00:00Z,2026-09-13T21:37:05Z,100,7.0,8.0,,,,,1018.2,25.9,26.7,,,+0.0,
2026-09-03T22:10:00Z,2026-09-13T21:37:05Z,90,7.0,9.0,,,,,1018.2,25.9,26.7,,,,
2026-09-03T22:20:00Z,2026-09-13T21:37:05Z,100,7.0,9.0,,,,,1018.2,25.9,26.7,,,,
2026-09-03T22:30:00Z,2026-09-13T21:37:05Z,80,7.0,10.0,,,,,1018.0,25.2,26.7,,,,
2026-09-03T22:40:00Z,2026-09-13T21:37:05Z,90,6.0,8.0,,,,,1017.8,25.3,26.7,,,,
2026-09-03T22:50:00Z,2026-09-13T21:37:05Z,90,7.0,9.0,,,,,1017.7,25.9,26.7,,,,
2026-09-03T23:00:00Z,2026-09-13T21:37:05Z,90,7.0,9.0,,,,,1017.7,26.0,26.7,,,-0.8,
2026-09-03T23:10:00Z,2026-09-13T21:37:05Z,80,8.0,11.0,,,,,1017.6,25.8,26.7,,,,
2026-09-03T23:20:00Z,2026-09-13T21:37:05Z,80,8.0,11.0,,,,,1017.5,25.3,26.7,,,,
2026-09-03T23:30:00Z,2026-09-13T21:37:05Z,70,8.0,10.0,,,,,1017.4,25.4,26.7,,,,
2026-09-03T23:40:00Z,2026-09-13T21:37:05Z,70,8.0,10.0,,,,,1017.4,25.5,26.7,,,,
2026-09-03T23:50:00Z,2026-09-13T21:37:05Z,80,8.0,9.0,,,,,1017.3,25.8,26.7,,,,
2026-09-04T00:00:00Z,2026-09-13T21:37:05Z,70,8.0,10.0,,,,,1017.1,25.8,26.7,,,-1.5,
2026-09-04T00:10:00Z,2026-09-13T21:37:05Z,70,8.0,11.0,,,,,1017.1,25.6,26.7,,,,
2026-09-04T00:20:00Z,2026-09-13T21:37:05Z,70,9.0,11.0,,,,,1017.0,25.3,26.7,,,,
2026-09-04T00:30:00Z,2026-09-13T21:37:05Z,80,9.0,11.0,,,,,1017.0,25.4,26.7,,,,
2026-09-04T00:40:00Z,2026-09-13T21:37:05Z,80,6.0,8.0,,,,,1016.9,25.8,26.7,,,,
2026-09-04T00:50:00Z,2026-09-13T21:37:05Z,80,5.0,8.0,,,,,1016.8,25.8,26.8,,,,
2026-09-04T01:00:00Z,2026-09-13T21:37:05Z,90,6.0,9.0,,,,,1016.6,25.5,26.7,,,-1.6,
2026-09-04T01:10:00Z,2026-09-13T21:37:05Z,80,5.0,6.0,,,,,1016.5,25.2,26.7,,,,
2026-09-04T01:20:00Z,2026-09-13T21:37:05Z,80,4.0,6.0,,,,,1016.3,25.5,26.7,,,,
2026-09-04T01:30:00Z,2026-09-13T21:37:05Z,80,4.0,5.0,,,,,1016.3,25.5,26.7,,,,
2026-09-04T01:40:00Z,2026-09-13T21:37:05Z,70,4.0,5.0,,,,,1016.2,25.7,26.7,,,,
2026-09-04T01:50:00Z,2026-09-13T21:37:05Z,70,4.0,6.0,,,,,1016.2,25.8,26.7,,,,
2026-09-04T02:00:00Z,2026-09-13T21:37:05Z,70,5.0,8.0,,,,,1016.2,26.0,26.7,,,-1.5,
2026-09-04T02:10:00Z,2026-09-13T21:37:05Z,80,8.0,9.0,,,,,1016.1,26.4,26.8,,,,
2026-09-04T02:20:00Z,2026-09-13T21:37:05Z,80,7.0,9.0,,,,,1016.2,26.5,26.8,,,,
2026-09-04T02:30:00Z,2026-09-13T21:37:05Z,70,8.0,9.0,,,,,1016.2,26.5,26.8,,,,
2026-09-04T02:40:00Z,2026-09-13T21:37:05Z,70,8.0,10.0,,,,,1016.2,26.5,26.8,,,,
2026-09-04T02:50:00Z,2026-09-13T21:37:05Z,70,8.0,10.0,,,,,1016.3,26.5,26.8,,,,
2026-09-04T03:00:00Z,2026-09-13T21:37:05Z,70,7.0,9.0,,,,,1016.3,26.5,26.7,,,-0.8,
2026-09-04T03:10:00Z,2026-09-13T21:37:05Z,70,7.0,9.0,,,,,1016.3,26.5,26.7,,,,
2026-09-04T03:20:00Z,2026-09-13T21:37:05Z,70,8.0,9.0,,,,,1016.3,26.4,26.7,,,,
2026-09-04T03:30:00Z,2026-09-13T21:37:05Z,70,8.0,10.0,,,,,1016.4,26.4,26.7,,,,
2026-09-04T03:40:00Z,2026-09-13T21:37:05Z,70,8.0,9.0,,,,,1016.4,26.4,26.7,,,,
2026-09-04T03:50:00Z,2026-09-13T21:37:05Z,70,8.0,9.0,,,,,1016.4,26.4,26.8,,,,
2026-09-04T04:00:00Z,2026-09-13T21:37:05Z,70,8.0,10.0,,,,,1016.5,26.4,26.7,,,-0.0,
2026-09-04T04:10:00Z,2026-09-13T21:37:05Z,70,8.0,10.0,,,,,1016.6,26.4,26.7,,,,
2026-09-04T04:20:00Z,2026-09-13T21:37:05Z,70,8.0,11.0,,,,,1016.6,26.4,26.7,,,,
2026-09-04T04:30:00Z,2026-09-13T21:37:05Z,70,8.0,10.0,,,,,1016.6,26.4,26.7,,,,
2026-09-04T04:40:00Z,2026-09-13T21:37:05Z,70,8.0,10.0,,,,,1016.6,26.3,26.7,,,,
2026-09-04T04:50:00Z,2026-09-13T21:37:05Z,70,8.0,10.0,,,,,1016.7,26.3,26.7,,,,
2026-09-04T05:00:00Z,2026-09-13T21:37:05Z,70,8.0,10.0,,,,,1016.8,26.3,26.7,,,+0.6,
2026-09-04T05:10:00Z,2026-09-13T21:37:05Z,70,8.0,10.0,,,,,1016.8,26.2,26.7,,,,
2026-09-04T05:20:00Z,2026-09-13T21:37:05Z,70,8.0,10.0,,,,,1016.8,26.3,26.7,,,,
2026-09-04T05:30:00Z,2026-09-13T21:37:05Z,80,8.0,10.0,,,,,1016.9,26.3,26.7,,,,
2026-09-04T05:40:00Z,2026-09-13T21:37:05Z,70,8.0,10.0,,,,,1016.9,26.2,,,,,
2026-09-04T05:50:00Z,2026-09-13T21:37:05Z,70,8.0,10.0,,,,,1016.9,26.3,26.7,,,,
2026-09-04T06:00:00Z,2026-09-13T21:37:05Z,70,8.0,10.0,,,,,1016.9,26.3,26.7,,,+0.6,
2026-09-04T06:10:00Z,2026-09-13T21:37:05Z,70,8.0,10.0,,,,,1017.0,26.3,26.7,,,,
2026-09-04T06:20:00Z,2026-09-13T21:37:05Z,70,8.0,10.0,,,,,1017.1,26.3,26.7,,,,
2026-09-04T06:30:00Z,2026-09-13T21:37:05Z,70,8.0,11.0,,,,,1017.3,26.4,26.7,,,,
2026-09-04T06:40:00Z,2026-09-13T21:37:05Z,70,8.0,11.0,,,,,1017.4,26.4,26.7,,,,
2026-09-04T06:50:00Z,2026-09-13T21:37:05Z,80,9.0,10.0,,,,,1017.5,26.4,,,,,
2026-09-04T07:00:00Z,2026-09-13T21:37:05Z,70,9.0,11.0,,,,,1017.6,26.4,26.7,,,+1.1,
2026-09-04T07:10:00Z,2026-09-13T21:37:05Z,70,9.0,11.0,,,,,1017.7,26.4,26.7,,,,
2026-09-04T07:20:00Z,2026-09-13T21:37:05Z,80,9.0,11.0,,,,,1017.8,26.3,26.7,,,,
2026-09-04T07:30:00Z,2026-09-13T21:37:05Z,70,8.0,10.0,,,,,1017.9,26.2,26.7,,,,
2026-09-04T07:40:00Z,2026-09-13T21:37:05Z,70,8.0,10.0,,,,,1017.9,26.4,26.7,,,,
2026-09-04T07:50:00Z,2026-09-13T21:37:05Z,70,8.0,10.0,,,,,1017.9,26.3,26.7,,,,
2026-09-04T08:00:00Z,2026-09-13T21:37:05Z,70,8.0,10.0,,,,,1017.8,26.3,26.7,,,+1.0,
2026-09-04T08:10:00Z,2026-09-13T21:37:05Z,70,8.0,11.0,,,,,1017.8,26.3,26.7,,,,
2026-09-04T08:20:00Z,2026-09-13T21:37:05Z,70,8.0,10.0,,,,,1017.8,26.2,26.7,,,,
2026-09-04T08:30:00Z,2026-09-13T21:37:05Z,70,8.0,11.0,,,,,1017.8,26.2,26.7,,,,
2026-09-04T08:40:00Z,2026-09-13T21:37:05Z,80,9.0,11.0,,,,,1017.7,25.9,26.7,,,,
2026-09-04T08:50:00Z,2026-09-13T21:37:05Z,80,8.0,12.0,,,,,1017.6,25.6,26.7,,,,
2026-09-04T09:00:00Z,2026-09-13T21:37:05Z,70,9.0,12.0,,,,,1017.7,25.5,26.7,,,+0.8,
2026-09-04T09:10:00Z,2026-09-13T21:37:05Z,60,6.0,8.0,,,,,1017.5,25.5,26.7,,,,
2026-09-04T09:20:00Z,2026-09-13T21:37:05Z,70,8.0,9.0,,,,,1017.5,25.8,26.7,,,,
2026-09-04T09:30:00Z,2026-09-13T21:37:05Z,70,8.0,10.0,,,,,1017.4,26.0,26.6,,,,
2026-09-04T09:40:00Z,2026-09-13T21:37:05Z,80,10.0,14.0,,,,,1017.5,25.8,26.7,,,,
2026-09-04T09:50:00Z,2026-09-13T21:37:05Z,80,8.0,11.0,,,,,1017.4,25.2,26.6,,,,
2026-09-04T10:00:00Z,2026-09-13T21:37:05Z,70,9.0,11.0,,,,,1017.3,25.8,26.7,,,-0.3,
2026-09-04T10:10:00Z,2026-09-13T21:37:05Z,70,9.0,11.0,,,,,1017.3,26.1,26.6,,,,
2026-09-04T10:20:00Z,2026-09-13T21:37:05Z,70,9.0,11.0,,,,,1017.3,26.1,26.7,,,,
2026-09-04T10:30:00Z,2026-09-13T21:37:05Z,80,9.0,11.0,,,,,1017.2,26.0,26.6,,,,
2026-09-04T10:40:00Z,2026-09-13T21:37:05Z,80,8.0,10.0,,,,,1017.2,26.0,26.7,,,,
2026-09-04T10:50:00Z,2026-09-13T21:37:05Z,70,9.0,11.0,,,,,1017.1,26.0,26.7,,,,
2026-09-04T11:00:00Z,2026-09-13T21:37:05Z,80,9.0,12.0,,,,,1017.1,26.0,26.6,,,-0.7,
2026-09-04T11:10:00Z,2026-09-13T21:37:05Z,70,9.0,11.0,,,,,1017.0,26.0,26.7,,,,
2026-09-04T11:20:00Z,2026-09-13T21:37:05Z,70,9.0,11.0,,,,,1016.9,25.9,26.6,,,,
2026-09-04T11:30:00Z,2026-09-13T21:37:05Z,70,9.0,11.0,,,,,1016.8,26.0,26.6,,,,
2026-09-04T11:40:00Z,2026-09-13T21:37:05Z,70,9.0,11.0,,,,,1016.6,25.9,26.6,,,,
2026-09-04T11:50:00Z,2026-09-13T21:37:05Z,70,9.0,11.0,,,,,1016.6,26.0,,,,,
2026-09-04T12:00:00Z,2026-09-13T21:37:05Z,80,9.0,11.0,,,,,1016.6,25.9,26.6,,,-1.1,
2026-09-04T12:10:00Z,2026-09-13T21:37:05Z,70,8.0,10.0,,,,,1016.6,25.9,26.6,,,,
2026-09-04T12:20:00Z,2026-09-13T21:37:05Z,70,8.0,10.0,,,,,1016.5,25.9,26.6,,,,
2026-09-04T12:30:00Z,2026-09-13T21:37:05Z,80,8.0,11.0,,,,,1016.5,25.9,26.6,,,,
2026-09-04T12:40:00Z,2026-09-13T21:37:05Z,70,9.0,11.0,,,,,1016.3,25.9,26.6,,,,
2026-09-04T12:50:00Z,2026-09-13T21:37:05Z,80,9.0,10.0,,,,,1016.3,26.0,26.6,,,,
2026-09-04T13:00:00Z,2026-09-13T21:37:05Z,70,9.0,11.0,,,,,1016.3,26.0,26.6,,,-1.0,
2026-09-04T13:10:00Z,2026-09-13T21:37:05Z,70,9.0,11.0,,,,,1016.3,25.9,,,,,
2026-09-04T13:20:00Z,2026-09-13T21:37:05Z,70,8.0,10.0,,,,,1016.2,26.0,26.6,,,,
2026-09-04T13:30:00Z,2026-09-13T21:37:05Z,70,9.0,11.0,,,,,1016.1,25.9,26.6,,,,
2026-09-04T13:40:00Z,2026-09-13T21:37:05Z,70,9.0,11.0,,,,,1016.0,26.0,26.6,,,,
2026-09-04T13:50:00Z,2026-09-13T21:37:05Z,70,9.0,11.0,,,,,1016.0,25.9,,,,,
2026-09-04T14:00:00Z,2026-09-13T21:37:05Z,70,9.0,11.0,,,,,1015.9,25.9,26.6,,,-1.2,
2026-09-04T14:10:00Z,2026-09-13T21:37:05Z,70,9.0,11.0,,,,,1015.9,25.9,26.6,,,,
2026-09-04T14:20:00Z,2026-09-13T21:37:05Z,70,9.0,11.0,,,,,1015.8,25.8,26.6,,,,
2026-09-04T14:30:00Z,2026-09-13T21:37:05Z,70,8.0,11.0,,,,,1015.8,25.9,26.6,,,,
2026-09-04T14:40:00Z,2026-09-13T21:37:05Z,70,9.0,10.0,,,,,1015.8,25.9,26.6,,,,
2026-09-04T14:50:00Z,2026-09-13T21:37:05Z,80,8.0,11.0,,,,,1015.7,25.9,26.6,,,,
2026-09-04T15:00:00Z,2026-09-13T21:37:05Z,70,9.0,12.0,,,,,1015.6,25.9,26.6,,,-1.0,
2026-09-04T15:10:00Z,2026-09-13T21:37:05Z,70,9.0,12.0,,,,,1015.6,25.8,26.6,,,,
2026-09-04T15:20:00Z,2026-09-13T21:37:05Z,70,9.0,11.0,,,,,1015.7,25.8,26.6,,,,
2026-09-04T15:30:00Z,2026-09-13T21:37:05Z,70,9.0,11.0,,,,,1015.8,25.8,26.6,,,,
2026-09-04T15:40:00Z,2026-09-13T21:37:05Z,70,9.0,10.0,,,,,1015.8,25.7,26.6,,,,
2026-09-04T15:50:00Z,2026-09-13T21:37:05Z,60,9.0,11.0,,,,,1016.0,25.8,26.6,,,,
2026-09-04T16:00:00Z,2026-09-13T21:37:05Z,70,9.0,11.0,,,,,1015.9,25.8,26.6,,,-0.4,
2026-09-04T16:10:00Z,2026-09-13T21:37:05Z,60,9.0,11.0,,,,,1016.0,25.7,26.6,,,,
2026-09-04T16:20:00Z,2026-09-13T21:37:05Z,70,9.0,10.0,,,,,1015.8,25.8,26.6,,,,
2026-09-04T16:30:00Z,2026-09-13T21:37:05Z,70,9.0,11.0,,,,,1015.9,25.8,26.6,,,,
2026-09-04T16:40:00Z,2026-09-13T21:37:05Z,70,9.0,11.0,,,,,1015.9,25.8,26.6,,,,
2026-09-04T16:50:00Z,2026-09-13T21:37:05Z,70,9.0,11.0,,,,,1016.0,25.8,26.6,,,,
2026-09-04T17:00:00Z,2026-09-13T21:37:05Z,70,9.0,11.0,,,,,1016.1,25.8,26.6,,,-0.0,
2026-09-04T17:10:00Z,2026-09-13T21:37:05Z,70,9.0,12.0,,,,,1016.2,25.9,26.6,,,,
2026-09-04T17:20:00Z,2026-09-13T21:37:05Z,70,9.0,11.0,,,,,1016.3,26.0,26.6,,,,
2026-09-04T17:30:00Z,2026-09-13T21:37:05Z,60,9.0,11.0,,,,,1016.5,26.0,26.6,,,,
2026-09-04T17:40:00Z,2026-09-13T21:37:05Z,60,9.0,11.0,,,,,1016.7,26.0,26.6,,,,
2026-09-04T17:50:00Z,2026-09-13T21:37:05Z,60,9.0,11.0,,,,,1016.7,25.9,,,,,
2026-09-04T18:00:00Z,2026-09-13T21:37:05Z,60,9.0,11.0,,,,,1016.9,26.0,26.6,,,+1.3,
2026-09-04T18:10:00Z,2026-09-13T21:37:05Z,60,9.0,10.0,,,,,1017.0,25.8,26.6,,,,
2026-09-04T18:20:00Z,2026-09-13T21:37:05Z,70,9.0,11.0,,,,,1017.0,25.9,26.6,,,,
2026-09-04T18:30:00Z,2026-09-13T21:37:05Z,70,9.0,11.0,,,,,1017.0,26.0,26.6,,,,
2026-09-04T18:40:00Z,2026-09-13T21:37:05Z,70,9.0,11.0,,,,,1017.1,26.0,26.6,,,,
2026-09-04T18:50:00Z,2026-09-13T21:37:05Z,70,9.0,11.0,,,,,1017.1,26.0,,,,,
2026-09-04T19:00:00Z,2026-09-13T21:37:05Z,70,9.0,11.0,,,,,1017.1,25.9,26.6,,,+1.2,
2026-09-04T19:10:00Z,2026-09-13T21:37:05Z,70,9.0,11.0,,,,,1017.2,25.9,26.6,,,,
2026-09-04T19:20:00Z,2026-09-13T21:37:05Z,60,9.0,11.0,,,,,1017.3,26.0,26.6,,,,
2026-09-04T19:30:00Z,2026-09-13T21:37:05Z,70,8.0,11.0,,,,,1017.3,26.1,26.6,,,,
2026-09-04T19:40:00Z,2026-09-13T21:37:05Z,70,9.0,11.0,,,,,1017.4,26.0,26.6,,,,
2026-09-04T19:50:00Z,2026-09-13T21:37:05Z,60,8.0,11.0,,,,,1017.5,26.0,26.6,,,,
2026-09-04T20:00:00Z,2026-09-13T21:37:05Z,60,9.0,11.0,,,,,1017.5,26.0,26.6,,,+1.4,
2026-09-04T20:10:00Z,2026-09-13T21:37:05Z,70,10.0,12.0,,,,,1017.5,26.0,26.6,,,,
2026-09-04T20:20:00Z,2026-09-13T21:37:05Z,70,9.0,11.0,,,,,1017.6,26.0,26.6,,,,
2026-09-04T20:30:00Z,2026-09-13T21:37:05Z,70,9.0,11.0,,,,,1017.6,26.0,26.6,,,,
2026-09-04T20:40:00Z,2026-09-13T21:37:05Z,60,9.0,11.0,,,,,1017.4,26.1,26.6,,,,
2026-09-04T20:50:00Z,2026-09-13T21:37:05Z,70,9.0,11.0,,,,,1017.4,26.0,26.6,,,,
2026-09-04T21:00:00Z,2026-09-13T21:37:05Z,70,9.0,11.0,,,,,1017.2,26.0,26.6,,,+0.3,
2026-09-04T21:10:00Z,2026-09-13T21:37:05Z,60,9.0,11.0,,,,,1017.2,26.0,26.6,,,,
2026-09-04T21:20:00Z,2026-09-13T21:37:05Z,70,8.0,10.0,,,,,1017.2,26.0,26.6,,,,
2026-09-04T21:30:00Z,2026-09-13T21:37:05Z,70,8.0,11.0,,,,,1017.2,26.0,26.6,,,,
2026-09-04T21:40:00Z,2026-09-13T21:37:05Z,70,8.0,10.0,,,,,1017.1,26.0,26.6,,,,
2026-09-04T21:50:00Z,2026-09-13T21:37:05Z,60,8.0,10.0,,,,,1017.0,26.0,26.6,,,,
2026-09-04T22:00:00Z,2026-09-13T21:37:05Z,60,8.0,10.0,,,,,1016.9,26.0,26.6,,,+0.0,
2026-09-04T22:10:00Z,2026-09-13T21:37:05Z,60,8.0,11.0,,,,,1016.8,26.1,26.6,,,,
2026-09-04T22:20:00Z,2026-09-13T21:37:05Z,60,9.0,11.0,,,,,1016.6,26.1,26.6,,,,
2026-09-04T22:30:00Z,2026-09-13T21:37:05Z,60,9.0,11.0,,,,,1016.5,26.1,26.6,,,,
2026-09-04T22:40:00Z,2026-09-13T21:37:05Z,60,8.0,10.0,,,,,1016.3,26.1,26.7,,,,
2026-09-04T22:50:00Z,2026-09-13T21:37:05Z,60,8.0,10.0,,,,,1016.3,26.1,26.7,,,,
2026-09-04T23:00:00Z,2026-09-13T21:37:05Z,70,8.0,10.0,,,,,1016.1,26.1,26.7,,,-1.4,
2026-09-04T23:10:00Z,2026-09-13T21:37:05Z,60,8.0,10.0,,,,,1016.0,26.1,26.7,,,,
2026-09-04T23:20:00Z,2026-09-13T21:37:05Z,60,9.0,11.0,,,,,1015.9,26.1,26.7,,,,
2026-09-04T23:30:00Z,2026-09-13T21:37:05Z,60,9.0,10.0,,,,,1015.8,26.1,26.7,,,,
2026-09-04T23:40:00Z,2026-09-13T21:37:05Z,60,9.0,11.0,,,,,1015.8,26.1,26.7,,,,
2026-09-04T23:50:00Z,2026-09-13T21:37:05Z,60,9.0,11.0,,,,,1015.7,26.1,26.7,,,,
2026-09-05T00:00:00Z,2026-09-13T21:37:05Z,60,9.0,11.0,,,,,1015.6,26.1,26.7,,,-1.6,
2026-09-05T00:10:00Z,2026-09-13T21:37:05Z,60,9.0,11.0,,,,,1015.5,26.1,26.7,,,,
2026-09-05T00:20:00Z,2026-09-13T21:37:05Z,60,9.0,11.0,,,,,1015.3,26.1,26.7,,,,
2026-09-05T00:30:00Z,2026-09-13T21:37:05Z,60,9.0,11.0,,,,,1015.2,26.2,26.7,,,,
2026-09-05T00:40:00Z,2026-09-13T21:37:05Z,60,9.0,12.0,,,,,1015.2,26.1,26.7,,,,
2026-09-05T00:50:00Z,2026-09-13T21:37:05Z,70,9.0,12.0,,,,,1015.1,26.2,26.7,,,,
2026-09-05T01:00:00Z,2026-09-13T21:37:05Z,60,9.0,12.0,,,,,1015.0,26.2,26.7,,,-1.9,
2026-09-05T01:10:00Z,2026-09-13T21:37:05Z,60,9.0,12.0,,,,,1014.9,26.2,26.7,,,,
2026-09-05T01:20:00Z,2026-09-13T21:37:05Z,70,9.0,12.0,,,,,1014.9,26.3,26.7,,,,
2026-09-05T01:30:00Z,2026-09-13T21:37:05Z,60,10.0,12.0,,,,,1014.9,26.2,26.7,,,,
2026-09-05T01:40:00Z,2026-09-13T21:37:05Z,70,10.0,12.0,,,,,1014.9,26.1,26.7,,,,
2026-09-05T01:50:00Z,2026-09-13T21:37:05Z,70,9.0,13.0,,,,,1014.9,26.1,26.7,,,,
2026-09-05T02:00:00Z,2026-09-13T21:37:05Z,60,9.0,12.0,,,,,1014.9,25.8,26.7,,,-1.2,
2026-09-05T02:10:00Z,2026-09-13T21:37:05Z,70,9.0,11.0,,,,,1014.9,26.1,26.7,,,,
2026-09-05T02:20:00Z,2026-09-13T21:37:05Z,70,9.0,10.0,,,,,1014.8,26.2,26.7,,,,
2026-09-05T02:30:00Z,2026-09-13T21:37:05Z,70,9.0,11.0,,,,,1014.8,26.2,26.7,,,,
2026-09-05T02:40:00Z,2026-09-13T21:37:05Z,70,9.0,11.0,,,,,1014.8,26.3,26.7,,,,
2026-09-05T02:50:00Z,2026-09-13T21:37:05Z,60,9.0,11.0,,,,,1014.8,26.3,26.7,,,,
2026-09-05T03:00:00Z,2026-09-13T21:37:05Z,70,9.0,11.0,,,,,1014.8,26.3,26.7,,,-0.8,
2026-09-05T03:10:00Z,2026-09-13T21:37:05Z,60,10.0,11.0,,,,,1014.9,26.3,26.7,,,,
2026-09-05T03:20:00Z,2026-09-13T21:37:05Z,70,9.0,11.0,,,,,1014.9,26.3,26.7,,,,
2026-09-05T03:30:00Z,2026-09-13T21:37:05Z,70,9.0,11.0,,,,,1014.9,26.4,26.7,,,,
2026-09-05T03:40:00Z,2026-09-13T21:37:05Z,70,9.0,11.0,,,,,1014.9,26.4,26.7,,,,
2026-09-05T03:50:00Z,2026-09-13T21:37:05Z,70,9.0,11.0,,,,,1014.9,26.3,26.7,,,,
2026-09-05T04:00:00Z,2026-09-13T21:37:05Z,70,9.0,11.0,,,,,1014.9,26.3,26.7,,,+0.0,
2026-09-05T04:10:00Z,2026-09-13T21:37:05Z,70,8.0,11.0,,,,,1015.0,26.3,26.7,,,,
2026-09-05T04:20:00Z,2026-09-13T21:37:05Z,60,8.0,10.0,,,,,1015.1,26.2,26.7,,,,
2026-09-05T04:30:00Z,2026-09-13T21:37:05Z,60,10.0,13.0,,,,,1015.3,25.6,26.7,,,,
2026-09-05T04:40:00Z,2026-09-13T21:37:05Z,70,10.0,14.0,,,,,1015.4,24.9,26.7,,,,
2026-09-05T04:50:00Z,2026-09-13T21:37:05Z,70,6.0,10.0,,,,,1015.4,25.1,26.7,,,,
2026-09-05T05:00:00Z,2026-09-13T21:37:05Z,50,6.0,7.0,,,,,1015.5,25.3,26.7,,,+0.6,
2026-09-05T05:10:00Z,2026-09-13T21:37:05Z,50,6.0,8.0,,,,,1015.4,25.4,26.7,,,,
2026-09-05T05:20:00Z,2026-09-13T21:37:05Z,60,8.0,10.0,,,,,1015.5,25.7,26.7,,,,
2026-09-05T05:30:00Z,2026-09-13T21:37:05Z,70,8.0,10.0,,,,,1015.7,25.8,26.7,,,,
2026-09-05T05:40:00Z,2026-09-13T21:37:05Z,70,7.0,9.0,,,,,1015.8,25.9,26.7,,,,
2026-09-05T05:50:00Z,2026-09-13T21:37:05Z,60,8.0,10.0,,,,,1015.9,26.0,26.7,,,,
2026-09-05T06:00:00Z,2026-09-13T21:37:05Z,70,9.0,11.0,,,,,1015.8,26.2,26.7,,,+1.0,
2026-09-05T06:10:00Z,2026-09-13T21:37:05Z,70,9.0,11.0,,,,,1015.9,26.2,26.7,,,,
2026-09-05T06:20:00Z,2026-09-13T21:37:05Z,60,9.0,11.0,,,,,1015.8,26.2,26.7,,,,
2026-09-05T06:30:00Z,2026-09-13T21:37:05Z,70,10.0,12.0,,,,,1015.9,26.2,26.7,,,,
2026-09-05T06:40:00Z,2026-09-13T21:37:05Z,70,10.0,12.0,,,,,1016.0,26.2,26.7,,,,
2026-09-05T06:50:00Z,2026-09-13T21:37:05Z,60,9.0,12.0,,,,,1016.1,26.2,,,,,
2026-09-05T07:00:00Z,2026-09-13T21:37:05Z,60,9.0,11.0,,,,,1016.3,,,,,+1.4,
2026-09-05T07:10:00Z,2026-09-13T21:37:05Z,60,9.0,11.0,,,,,1016.4,26.2,26.7,,,,
2026-09-05T07:20:00Z,2026-09-13T21:37:05Z,60,9.0,11.0,,,,,1016.6,26.1,26.7,,,,
2026-09-05T07:30:00Z,2026-09-13T21:37:05Z,60,9.0,11.0,,,,,1016.5,26.1,26.6,,,,
2026-09-05T07:40:00Z,2026-09-13T21:37:05Z,70,9.0,12.0,,,,,1016.5,26.2,26.6,,,,
2026-09-05T07:50:00Z,2026-09-13T21:37:05Z,60,9.0,10.0,,,,,1016.5,26.1,26.7,,,,
2026-09-05T08:00:00Z,2026-09-13T21:37:05Z,60,9.0,12.0,,,,,1016.5,26.1,26.7,,,+1.0,
2026-09-05T08:10:00Z,2026-09-13T21:37:05Z,60,10.0,12.0,,,,,1016.5,26.1,26.7,,,,
2026-09-05T08:20:00Z,2026-09-13T21:37:05Z,70,9.0,12.0,,,,,1016.5,25.7,26.7,,,,
2026-09-05T08:30:00Z,2026-09-13T21:37:05Z,70,9.0,11.0,,,,,1016.4,25.7,26.7,,,,
2026-09-05T08:40:00Z,2026-09-13T21:37:05Z,70,9.0,11.0,,,,,1016.4,25.8,26.6,,,,
2026-09-05T08:50:00Z,2026-09-13T21:37:05Z,70,9.0,11.0,,,,,1016.4,25.8,26.6,,,,
2026-09-05T09:00:00Z,2026-09-13T21:37:05Z,70,10.0,13.0,,,,,1016.3,26.0,26.6,,,+0.5,
2026-09-05T09:10:00Z,2026-09-13T21:37:05Z,70,11.0,14.0,,,,,1016.4,26.0,26.6,,,,
2026-09-05T09:20:00Z,2026-09-13T21:37:05Z,70,10.0,12.0,,,,,1016.3,26.0,26.6,,,,
2026-09-05T09:30:00Z,2026-09-13T21:37:05Z,60,9.0,12.0,,,,,1016.3,26.0,26.6,,,,
2026-09-05T09:40:00Z,2026-09-13T21:37:05Z,60,9.0,11.0,,,,,1016.3,25.9,26.6,,,,
2026-09-05T09:50:00Z,2026-09-13T21:37:05Z,70,8.0,11.0,,,,,1016.3,25.9,26.6,,,,
2026-09-05T10:00:00Z,2026-09-13T21:37:05Z,50,10.0,14.0,,,,,1016.3,25.2,26.6,,,+0.0,
2026-09-05T10:10:00Z,2026-09-13T21:37:05Z,50,7.0,9.0,,,,,1016.2,24.7,26.6,,,,
2026-09-05T10:20:00Z,2026-09-13T21:37:05Z,70,9.0,12.0,,,,,1016.0,25.5,26.6,,,,
2026-09-05T10:30:00Z,2026-09-13T21:37:05Z,70,10.0,13.0,,,,,1016.0,26.0,26.6,,,,
2026-09-05T10:40:00Z,2026-09-13T21:37:05Z,70,10.0,12.0,,,,,1016.0,26.0,26.6,,,,
2026-09-05T10:50:00Z,2026-09-13T21:37:05Z,70,9.0,11.0,,,,,1015.9,26.0,26.6,,,,
2026-09-05T11:00:00Z,2026-09-13T21:37:05Z,70,10.0,12.0,,,,,1015.8,25.9,26.6,,,-0.7,
2026-09-05T11:10:00Z,2026-09-13T21:37:05Z,70,10.0,12.0,,,,,1015.8,25.9,26.6,,,,
2026-09-05T11:20:00Z,2026-09-13T21:37:05Z,70,10.0,13.0,,,,,1015.7,25.8,26.6,,,,
2026-09-05T11:30:00Z,2026-09-13T21:37:05Z,70,9.0,12.0,,,,,1015.6,25.8,26.6,,,,
2026-09-05T11:40:00Z,2026-09-13T21:37:05Z,70,10.0,13.0,,,,,1015.4,25.8,26.6,,,,
2026-09-05T11:50:00Z,2026-09-13T21:37:05Z,60,11.0,12.0,,,,,1015.4,25.5,26.6,,,,
2026-09-05T12:00:00Z,2026-09-13T21:37:05Z,60,10.0,12.0,,,,,1015.2,25.6,26.6,,,-1.1,
2026-09-05T12:10:00Z,2026-09-13T21:37:05Z,70,10.0,12.0,,,,,1015.2,25.5,26.6,,,,
2026-09-05T12:20:00Z,2026-09-13T21:37:05Z,70,10.0,12.0,,,,,1015.2,25.7,26.6,,,,
2026-09-05T12:30:00Z,2026-09-13T21:37:05Z,60,9.0,11.0,,,,,1015.0,25.5,26.6,,,,
2026-09-05T12:40:00Z,2026-09-13T21:37:05Z,60,9.0,10.0,,,,,1014.8,25.5,26.6,,,,
2026-09-05T12:50:00Z,2026-09-13T21:37:05Z,60,8.0,10.0,,,,,1014.7,25.4,,,,,
2026-09-05T13:00:00Z,2026-09-13T21:37:05Z,60,7.0,10.0,,,,,1014.5,25.5,26.6,,,-1.8,
2026-09-05T13:10:00Z,2026-09-13T21:37:05Z,60,9.0,12.0,,,,,1014.4,25.7,26.6,,,,
2026-09-05T13:20:00Z,2026-09-13T21:37:05Z,60,10.0,14.0,,,,,1014.5,25.6,26.6,,,,
2026-09-05T13:30:00Z,2026-09-13T21:37:05Z,50,9.0,12.0,,,,,1014.4,25.3,26.6,,,,
2026-09-05T13:40:00Z,2026-09-13T21:37:05Z,60,9.0,11.0,,,,,1014.3,25.6,26.6,,,,
2026-09-05T13:50:00Z,2026-09-13T21:37:05Z,60,9.0,11.0,,,,,1014.2,25.8,,,,,
2026-09-05T14:00:00Z,2026-09-13T21:37:05Z,60,10.0,12.0,,,,,1014.2,25.9,26.6,,,-1.6,
2026-09-05T14:10:00Z,2026-09-13T21:37:05Z,70,10.0,11.0,,,,,1014.1,25.9,26.6,,,,
2026-09-05T14:20:00Z,2026-09-13T21:37:05Z,60,9.0,12.0,,,,,1014.1,25.9,26.6,,,,
2026-09-05T14:30:00Z,2026-09-13T21:37:05Z,60,9.0,12.0,,,,,1014.1,25.9,26.6,,,,
2026-09-05T14:40:00Z,2026-09-13T21:37:05Z,70,9.0,12.0,,,,,1014.0,25.9,26.6,,,,
2026-09-05T14:50:00Z,2026-09-13T21:37:05Z,70,10.0,12.0,,,,,1013.9,25.9,26.6,,,,
2026-09-05T15:00:00Z,2026-09-13T21:37:05Z,70,10.0,12.0,,,,,1013.8,25.9,26.6,,,-1.4,
2026-09-05T15:10:00Z,2026-09-13T21:37:05Z,70,10.0,12.0,,,,,1013.8,25.9,26.6,,,,
2026-09-05T15:20:00Z,2026-09-13T21:37:05Z,70,9.0,11.0,,,,,1014.0,25.9,26.6,,,,
2026-09-05T15:30:00Z,2026-09-13T21:37:05Z,70,9.0,11.0,,,,,1014.1,25.9,26.6,,,,
2026-09-05T15:40:00Z,2026-09-13T21:37:05Z,70,9.0,11.0,,,,,1014.1,25.8,26.6,,,,
2026-09-05T15:50:00Z,2026-09-13T21:37:05Z,70,9.0,11.0,,,,,1014.3,25.9,26.6,,,,
2026-09-05T16:00:00Z,2026-09-13T21:37:05Z,70,9.0,11.0,,,,,1014.2,25.9,26.6,,,-0.3,
2026-09-05T16:10:00Z,2026-09-13T21:37:05Z,70,9.0,11.0,,,,,1014.3,25.9,26.6,,,,
2026-09-05T16:20:00Z,2026-09-13T21:37:05Z,70,9.0,12.0,,,,,1014.4,25.9,26.6,,,,
2026-09-05T16:30:00Z,2026-09-13T21:37:05Z,70,8.0,10.0,,,,,1014.4,25.9,,,,,
2026-09-05T16:40:00Z,2026-09-13T21:37:05Z,70,9.0,11.0,,,,,1014.5,25.9,26.6,,,,
2026-09-05T16:50:00Z,2026-09-13T21:37:05Z,70,9.0,11.0,,,,,1014.6,25.9,26.6,,,,
2026-09-05T17:00:00Z,2026-09-13T21:37:05Z,70,9.0,13.0,,,,,1014.7,25.9,26.6,,,+0.5,
2026-09-05T17:10:00Z,2026-09-13T21:37:05Z,60,10.0,13.0,,,,,1014.8,25.4,26.6,,,,
2026-09-05T17:20:00Z,2026-09-13T21:37:05Z,60,9.0,10.0,,,,,1014.9,25.6,26.6,,,,
2026-09-05T17:30:00Z,2026-09-13T21:37:05Z,60,9.0,11.0,,,,,1015.0,26.0,26.6,,,,
2026-09-05T17:40:00Z,2026-09-13T21:37:05Z,70,10.0,12.0,,,,,1015.2,26.0,26.6,,,,
2026-09-05T17:50:00Z,2026-09-13T21:37:05Z,60,10.0,12.0,,,,,1015.1,25.9,26.6,,,,
2026-09-05T18:00:00Z,2026-09-13T21:37:05Z,50,11.0,14.0,,,,,1015.3,25.4,26.6,,,+1.5,
2026-09-05T18:10:00Z,2026-09-13T21:37:05Z,50,10.0,13.0,,,,,1015.4,24.8,26.6,,,,
2026-09-05T18:20:00Z,2026-09-13T21:37:05Z,50,9.0,11.0,,,,,1015.4,25.3,26.6,,,,
2026-09-05T18:30:00Z,2026-09-13T21:37:05Z,60,9.0,12.0,,,,,1015.4,25.7,26.6,,,,
2026-09-05T18:40:00Z,2026-09-13T21:37:05Z,60,9.0,11.0,,,,,1015.5,25.8,,,,,
2026-09-05T18:50:00Z,2026-09-13T21:37:05Z,50,9.0,11.0,,,,,1015.5,25.4,26.5,,,,
2026-09-05T19:00:00Z,2026-09-13T21:37:05Z,60,9.0,12.0,,,,,1015.4,25.2,26.6,,,+1.2,
2026-09-05T19:10:00Z,2026-09-13T21:37:05Z,50,10.0,11.0,,,,,1015.3,25.7,26.6,,,,
2026-09-05T19:20:00Z,2026-09-13T21:37:05Z,60,9.0,11.0,,,,,1015.3,25.9,26.6,,,,
2026-09-05T19:30:00Z,2026-09-13T21:37:05Z,60,9.0,12.0,,,,,1015.3,25.9,26.6,,,,
2026-09-05T19:40:00Z,2026-09-13T21:37:05Z,60,9.0,12.0,,,,,1015.4,26.0,26.6,,,,
2026-09-05T19:50:00Z,2026-09-13T21:37:05Z,60,9.0,12.0,,,,,1015.6,26.0,,,,,
2026-09-05T20:00:00Z,2026-09-13T21:37:05Z,60,10.0,12.0,,,,,1015.7,26.0,26.6,,,+1.0,
2026-09-05T20:10:00Z,2026-09-13T21:37:05Z,60,9.0,12.0,,,,,1015.7,26.1,26.6,,,,
2026-09-05T20:20:00Z,2026-09-13T21:37:05Z,60,10.0,12.0,,,,,1015.8,26.1,26.6,,,,
2026-09-05T20:30:00Z,2026-09-13T21:37:05Z,60,9.0,11.0,,,,,1015.8,26.1,26.6,,,,
2026-09-05T20:40:00Z,2026-09-13T21:37:05Z,60,9.0,12.0,,,,,1015.9,26.0,26.6,,,,
2026-09-05T20:50:00Z,2026-09-13T21:37:05Z,60,9.0,12.0,,,,,1015.9,26.0,26.6,,,,
2026-09-05T21:00:00Z,2026-09-13T21:37:05Z,60,9.0,12.0,,,,,1015.8,26.1,26.6,,,+0.5,
2026-09-05T21:10:00Z,2026-09-13T21:37:05Z,60,9.0,12.0,,,,,1015.9,26.2,26.6,,,,
2026-09-05T21:20:00Z,2026-09-13T21:37:05Z,60,9.0,12.0,,,,,1015.8,26.1,26.6,,,,
2026-09-05T21:30:00Z,2026-09-13T21:37:05Z,60,10.0,11.0,,,,,1015.9,26.1,26.6,,,,
2026-09-05T21:40:00Z,2026-09-13T21:37:05Z,60,9.0,11.0,,,,,1015.9,26.1,26.6,,,,
2026-09-05T21:50:00Z,2026-09-13T21:37:05Z,60,9.0,12.0,,,,,1015.8,26.1,26.6,,,,
2026-09-05T22:00:00Z,2026-09-13T21:37:05Z,60,9.0,11.0,,,,,1015.7,26.0,26.6,,,+0.3,
2026-09-05T22:10:00Z,2026-09-13T21:37:05Z,60,9.0,11.0,,,,,1015.6,26.0,26.6,,,,
2026-09-05T22:20:00Z,2026-09-13T21:37:05Z,60,9.0,11.0,,,,,1015.5,26.1,26.6,,,,
2026-09-05T22:30:00Z,2026-09-13T21:37:05Z,60,9.0,11.0,,,,,1015.5,26.0,26.6,,,,
2026-09-05T22:40:00Z,2026-09-13T21:37:05Z,60,9.0,11.0,,,,,1015.3,26.1,26.6,,,,
2026-09-05T22:50:00Z,2026-09-13T21:37:05Z,60,9.0,11.0,,,,,1015.2,26.0,26.6,,,,
2026-09-05T23:00:00Z,2026-09-13T21:37:05Z,60,9.0,11.0,,,,,1015.1,26.0,26.6,,,-0.6,
2026-09-05T23:10:00Z,2026-09-13T21:37:05Z,60,9.0,11.0,,,,,1014.9,26.0,26.6,,,,
2026-09-05T23:20:00Z,2026-09-13T21:37:05Z,60,9.0,11.0,,,,,1014.7,26.1,26.6,,,,
2026-09-05T23:40:00Z,2026-09-13T21:37:05Z,60,9.0,11.0,,,,,1014.5,26.1,26.6,,,,
2026-09-05T23:50:00Z,2026-09-13T21:37:05Z,60,9.0,11.0,,,,,1014.4,26.1,26.6,,,,
2026-09-06T00:00:00Z,2026-09-13T21:37:05Z,60,9.0,11.0,,,,,1014.2,26.1,26.6,,,-1.6,
2026-09-06T00:10:00Z,2026-09-13T21:37:05Z,60,9.0,11.0,,,,,1014.1,26.1,26.6,,,,
2026-09-06T00:20:00Z,2026-09-13T21:37:05Z,60,9.0,11.0,,,,,1014.0,26.0,26.6,,,,
2026-09-06T00:30:00Z,2026-09-13T21:37:05Z,60,9.0,11.0,,,,,1013.9,26.1,,,,,
2026-09-06T00:40:00Z,2026-09-13T21:37:05Z,60,9.0,11.0,,,,,1013.8,26.1,26.6,,,,
2026-09-06T00:50:00Z,2026-09-13T21:37:05Z,60,9.0,12.0,,,,,1013.6,26.1,26.6,,,,
2026-09-06T01:00:00Z,2026-09-13T21:37:05Z,50,9.0,11.0,,,,,1013.5,26.2,26.7,,,-2.2,
2026-09-06T01:10:00Z,2026-09-13T21:37:05Z,60,8.0,11.0,,,,,1013.4,26.1,26.6,,,,
2026-09-06T01:20:00Z,2026-09-13T21:37:05Z,50,9.0,11.0,,,,,1013.3,26.1,26.6,,,,
2026-09-06T01:30:00Z,2026-09-13T21:37:05Z,50,9.0,11.0,,,,,1013.3,26.1,26.6,,,,
2026-09-06T01:40:00Z,2026-09-13T21:37:05Z,50,9.0,11.0,,,,,1013.0,26.1,26.6,,,,
2026-09-06T01:50:00Z,2026-09-13T21:37:05Z,50,9.0,12.0,,,,,1012.9,26.1,26.6,,,,
2026-09-06T02:00:00Z,2026-09-13T21:37:05Z,50,9.0,12.0,,,,,1012.9,26.1,26.6,,,-2.2,
2026-09-06T02:10:00Z,2026-09-13T21:37:05Z,50,9.0,11.0,,,,,1012.8,26.1,26.6,,,,
2026-09-06T02:20:00Z,2026-09-13T21:37:05Z,50,9.0,12.0,,,,,1012.7,26.1,26.6,,,,
2026-09-06T02:30:00Z,2026-09-13T21:37:05Z,50,9.0,11.0,,,,,1012.6,26.1,26.7,,,,
2026-09-06T02:40:00Z,2026-09-13T21:37:05Z,50,9.0,11.0,,,,,1012.6,26.1,26.6,,,,
2026-09-06T02:50:00Z,2026-09-13T21:37:05Z,50,9.0,12.0,,,,,1012.6,26.1,26.6,,,,
2026-09-06T03:00:00Z,2026-09-13T21:37:05Z,50,9.0,11.0,,,,,1012.6,26.1,26.6,,,-1.6,
2026-09-06T03:10:00Z,2026-09-13T21:37:05Z,50,9.0,11.0,,,,,1012.6,26.1,26.6,,,,
2026-09-06T03:20:00Z,2026-09-13T21:37:05Z,50,9.0,10.0,,,,,1012.6,26.2,26.6,,,,
2026-09-06T03:30:00Z,2026-09-13T21:37:05Z,50,9.0,11.0,,,,,1012.6,26.1,26.6,,,,
2026-09-06T03:40:00Z,2026-09-13T21:37:05Z,60,9.0,10.0,,,,,1012.7,26.2,26.6,,,,
2026-09-06T03:50:00Z,2026-09-13T21:37:05Z,60,9.0,11.0,,,,,1012.8,26.2,26.6,,,,
2026-09-06T04:00:00Z,2026-09-13T21:37:05Z,60,8.0,10.0,,,,,1013.0,26.2,26.6,,,-0.5,
2026-09-06T04:10:00Z,2026-09-13T21:37:05Z,50,9.0,11.0,,,,,1013.0,26.1,26.6,,,,
2026-09-06T04:20:00Z,2026-09-13T21:37:05Z,50,9.0,11.0,,,,,1013.1,26.1,26.6,,,,
2026-09-06T04:30:00Z,2026-09-13T21:37:05Z,50,9.0,12.0,,,,,1013.1,26.1,26.6,,,,
2026-09-06T04:40:00Z,2026-09-13T21:37:05Z,50,9.0,11.0,,,,,1013.2,26.1,26.6,,,,
2026-09-06T04:50:00Z,2026-09-13T21:37:05Z,50,9.0,11.0,,,,,1013.2,26.0,26.6,,,,
2026-09-06T05:00:00Z,2026-09-13T21:37:05Z,50,9.0,11.0,,,,,1013.2,26.0,26.6,,,+0.3,
2026-09-06T05:10:00Z,2026-09-13T21:37:05Z,60,9.0,11.0,,,,,1013.3,26.0,26.6,,,,
2026-09-06T05:20:00Z,2026-09-13T21:37:05Z,50,9.0,11.0,,,,,1013.3,26.1,26.6,,,,
2026-09-06T05:30:00Z,2026-09-13T21:37:05Z,40,8.0,12.0,,,,,1013.4,25.7,26.6,,,,
2026-09-06T05:40:00Z,2026-09-13T21:37:05Z,50,9.0,13.0,,,,,1013.4,25.6,26.6,,,,
2026-09-06T05:50:00Z,2026-09-13T21:37:05Z,60,8.0,10.0,,,,,1013.5,25.7,26.6,,,,
2026-09-06T06:00:00Z,2026-09-13T21:37:05Z,60,9.0,11.0,,,,,1013.6,25.8,26.6,,,+1.0,
2026-09-06T06:10:00Z,2026-09-13T21:37:05Z,60,9.0,11.0,,,,,1013.6,25.9,26.6,,,,
2026-09-06T06:20:00Z,2026-09-13T21:37:05Z,60,9.0,11.0,,,,,1013.8,25.8,26.6,,,,
2026-09-06T06:30:00Z,2026-09-13T21:37:05Z,60,8.0,12.0,,,,,1013.8,24.7,26.6,,,,
2026-09-06T06:40:00Z,2026-09-13T21:37:05Z,60,7.0,11.0,,,,,1013.8,25.3,26.6,,,,
2026-09-06T06:50:00Z,2026-09-13T21:37:05Z,60,9.0,11.0,,,,,1014.0,25.9,26.6,,,,
2026-09-06T07:00:00Z,2026-09-13T21:37:05Z,60,9.0,11.0,,,,,1014.1,25.8,26.6,,,+1.1,
2026-09-06T07:10:00Z,2026-09-13T21:37:05Z,60,8.0,11.0,,,,,1014.2,25.8,26.6,,,,
2026-09-06T07:20:00Z,2026-09-13T21:37:05Z,60,8.0,11.0,,,,,1014.4,26.0,26.6,,,,
2026-09-06T07:30:00Z,2026-09-13T21:37:05Z,60,9.0,12.0,,,,,1014.5,26.0,26.6,,,,
2026-09-06T07:40:00Z,2026-09-13T21:37:05Z,60,9.0,12.0,,,,,1014.5,26.0,26.6,,,,
2026-09-06T07:50:00Z,2026-09-13T21:37:05Z,70,10.0,14.0,,,,,1014.7,25.6,26.6,,,,
2026-09-06T08:00:00Z,2026-09-13T21:37:05Z,60,7.0,10.0,,,,,1014.7,25.7,26.6,,,+1.5,
2026-09-06T08:10:00Z,2026-09-13T21:37:05Z,60,9.0,12.0,,,,,1014.7,25.8,26.6,,,,
2026-09-06T08:20:00Z,2026-09-13T21:37:05Z,60,8.0,11.0,,,,,1014.6,25.7,26.6,,,,
2026-09-06T08:30:00Z,2026-09-13T21:37:05Z,70,9.0,11.0,,,,,1014.6,25.9,26.6,,,,
2026-09-06T08:40:00Z,2026-09-13T21:37:05Z,70,9.0,11.0,,,,,1014.6,25.9,26.6,,,,
2026-09-06T08:50:00Z,2026-09-13T21:37:05Z,70,9.0,11.0,,,,,1014.5,25.9,26.6,,,,
2026-09-06T09:00:00Z,2026-09-13T21:37:05Z,60,9.0,11.0,,,,,1014.5,25.9,26.6,,,+0.9,
2026-09-06T09:10:00Z,2026-09-13T21:37:05Z,70,9.0,11.0,,,,,1014.5,25.9,26.6,,,,
2026-09-06T09:20:00Z,2026-09-13T21:37:05Z,70,9.0,11.0,,,,,1014.6,25.9,26.6,,,,
2026-09-06T09:30:00Z,2026-09-13T21:37:05Z,70,8.0,11.0,,,,,1014.7,25.9,26.6,,,,
2026-09-06T09:40:00Z,2026-09-13T21:37:05Z,70,9.0,11.0,,,,,1014.6,25.9,26.6,,,,
2026-09-06T09:50:00Z,2026-09-13T21:37:05Z,70,9.0,11.0,,,,,1014.4,25.9,26.6,,,,
2026-09-06T10:00:00Z,2026-09-13T21:37:05Z,70,9.0,11.0,,,,,1014.3,25.9,26.6,,,+0.0,
2026-09-06T10:10:00Z,2026-09-13T21:37:05Z,70,9.0,11.0,,,,,1014.3,25.9,26.6,,,,
2026-09-06T10:20:00Z,2026-09-13T21:37:05Z,70,9.0,11.0,,,,,1014.2,25.9,26.6,,,,
2026-09-06T10:30:00Z,2026-09-13T21:37:05Z,70,9.0,11.0,,,,,1014.1,25.9,26.6,,,,
2026-09-06T10:40:00Z,2026-09-13T21:37:05Z,70,8.0,10.0,,,,,1014.0,25.9,26.6,,,,
2026-09-06T10:50:00Z,2026-09-13T21:37:05Z,70,9.0,11.0,,,,,1013.9,25.8,26.6,,,,
2026-09-06T11:00:00Z,2026-09-13T21:37:05Z,70,8.0,11.0,,,,,1013.9,25.9,26.6,,,-0.8,
2026-09-06T11:10:00Z,2026-09-13T21:37:05Z,60,8.0,11.0,,,,,1013.7,25.8,26.6,,,,
2026-09-06T11:20:00Z,2026-09-13T21:37:05Z,70,9.0,11.0,,,,,1013.7,26.0,26.6,,,,
2026-09-06T11:30:00Z,2026-09-13T21:37:05Z,70,9.0,11.0,,,,,1013.6,25.9,26.6,,,,
2026-09-06T11:40:00Z,2026-09-13T21:37:05Z,60,9.0,11.0,,,,,1013.6,25.8,26.6,,,,
2026-09-06T11:50:00Z,2026-09-13T21:37:05Z,70,8.0,10.0,,,,,1013.5,25.8,26.6,,,,
2026-09-06T12:00:00Z,2026-09-13T21:37:05Z,70,9.0,12.0,,,,,1013.3,25.7,26.6,,,-1.2,
2026-09-06T12:10:00Z,2026-09-13T21:37:05Z,80,8.0,11.0,,,,,1013.2,25.4,26.6,,,,
2026-09-06T12:20:00Z,2026-09-13T21:37:05Z,70,9.0,11.0,,,,,1013.1,25.9,26.6,,,,
2026-09-06T12:30:00Z,2026-09-13T21:37:05Z,70,9.0,11.0,,,,,1013.0,25.9,26.6,,,,
2026-09-06T12:40:00Z,2026-09-13T21:37:05Z,70,9.0,10.0,,,,,1012.8,25.9,26.6,,,,
2026-09-06T12:50:00Z,2026-09-13T21:37:05Z,70,9.0,11.0,,,,,1012.7,25.8,26.6,,,,
2026-09-06T13:00:00Z,2026-09-13T21:37:05Z,70,9.0,12.0,,,,,1012.6,25.8,26.6,,,-1.7,
2026-09-06T13:10:00Z,2026-09-13T21:37:05Z,70,9.0,11.0,,,,,1012.6,25.8,26.6,,,,
2026-09-06T13:20:00Z,2026-09-13T21:37:05Z,70,9.0,11.0,,,,,1012.4,25.8,26.6,,,,
2026-09-06T13:30:00Z,2026-09-13T21:37:05Z,70,9.0,11.0,,,,,1012.4,25.7,26.6,,,,
2026-09-06T13:40:00Z,2026-09-13T21:37:05Z,70,9.0,11.0,,,,,1012.3,25.7,26.6,,,,
2026-09-06T13:50:00Z,2026-09-13T21:37:05Z,70,8.0,10.0,,,,,1012.3,25.6,,,,,
2026-09-06T14:00:00Z,2026-09-13T21:37:05Z,70,8.0,10.0,,,,,1012.2,25.6,26.6,,,-1.7,
2026-09-06T14:10:00Z,2026-09-13T21:37:05Z,70,8.0,10.0,,,,,1012.2,25.6,26.6,,,,
2026-09-06T14:20:00Z,2026-09-13T21:37:05Z,60,7.0,10.0,,,,,1012.1,25.5,26.6,,,,
2026-09-06T14:30:00Z,2026-09-13T21:37:05Z,60,9.0,11.0,,,,,1012.1,25.7,26.6,,,,
2026-09-06T14:40:00Z,2026-09-13T21:37:05Z,70,9.0,11.0,,,,,1012.1,25.7,26.6,,,,
2026-09-06T14:50:00Z,2026-09-13T21:37:05Z,70,9.0,12.0,,,,,1012.2,25.7,26.6,,,,
2026-09-06T15:00:00Z,2026-09-13T21:37:05Z,70,9.0,11.0,,,,,1012.2,25.5,26.5,,,-1.1,
2026-09-06T15:10:00Z,2026-09-13T21:37:05Z,70,9.0,12.0,,,,,1012.2,25.6,26.5,,,,
2026-09-06T15:20:00Z,2026-09-13T21:37:05Z,70,10.0,12.0,,,,,1012.1,25.5,26.5,,,,
2026-09-06T15:30:00Z,2026-09-13T21:37:05Z,70,9.0,12.0,,,,,1012.2,25.6,26.5,,,,
2026-09-06T15:40:00Z,2026-09-13T21:37:05Z,70,10.0,12.0,,,,,1012.1,25.6,26.5,,,,
2026-09-06T15:50:00Z,2026-09-13T21:37:05Z,70,9.0,11.0,,,,,1012.2,25.5,26.6,,,,
2026-09-06T16:00:00Z,2026-09-13T21:37:05Z,70,9.0,12.0,,,,,1012.2,25.5,26.5,,,-0.4,
2026-09-06T16:10:00Z,2026-09-13T21:37:05Z,70,9.0,11.0,,,,,1012.3,25.5,26.5,,,,
2026-09-06T16:20:00Z,2026-09-13T21:37:05Z,70,9.0,11.0,,,,,1012.4,25.6,26.5,,,,
2026-09-06T16:30:00Z,2026-09-13T21:37:05Z,70,9.0,11.0,,,,,1012.4,25.7,26.5,,,,
2026-09-06T16:40:00Z,2026-09-13T21:37:05Z,70,9.0,11.0,,,,,1012.5,25.6,26.5,,,,
2026-09-06T16:50:00Z,2026-09-13T21:37:05Z,70,9.0,11.0,,,,,1012.6,25.6,26.5,,,,
2026-09-06T17:00:00Z,2026-09-13T21:37:05Z,60,9.0,11.0,,,,,1012.7,25.7,26.5,,,+0.5,
2026-09-06T17:10:00Z,2026-09-13T21:37:05Z,70,9.0,11.0,,,,,1012.8,25.7,26.5,,,,
2026-09-06T17:20:00Z,2026-09-13T21:37:05Z,70,9.0,12.0,,,,,1012.8,25.8,26.5,,,,
2026-09-06T17:30:00Z,2026-09-13T21:37:05Z,70,9.0,12.0,,,,,1012.9,25.8,26.5,,,,
2026-09-06T17:40:00Z,2026-09-13T21:37:05Z,70,9.0,12.0,,,,,1012.9,25.8,26.5,,,,
2026-09-06T17:50:00Z,2026-09-13T21:37:05Z,70,10.0,12.0,,,,,1013.0,25.8,26.5,,,,
2026-09-06T18:00:00Z,2026-09-13T21:37:05Z,70,10.0,12.0,,,,,1013.1,25.9,26.5,,,+0.9,
2026-09-06T18:10:00Z,2026-09-13T21:37:05Z,70,9.0,11.0,,,,,1013.3,26.0,26.5,,,,
2026-09-06T18:20:00Z,2026-09-13T21:37:05Z,70,10.0,12.0,,,,,1013.3,25.9,26.5,,,,
2026-09-06T18:30:00Z,2026-09-13T21:37:05Z,70,9.0,12.0,,,,,1013.3,25.9,26.5,,,,
2026-09-06T18:40:00Z,2026-09-13T21:37:05Z,70,10.0,12.0,,,,,1013.4,26.0,26.5,,,,
2026-09-06T18:50:00Z,2026-09-13T21:37:05Z,70,9.0,12.0,,,,,1013.4,26.0,26.5,,,,
2026-09-06T19:00:00Z,2026-09-13T21:37:05Z,70,10.0,13.0,,,,,1013.4,25.8,26.5,,,+1.2,
2026-09-06T19:10:00Z,2026-09-13T21:37:05Z,70,10.0,12.0,,,,,1013.5,26.0,26.5,,,,
2026-09-06T19:20:00Z,2026-09-13T21:37:05Z,70,9.0,12.0,,,,,1013.5,26.1,26.5,,,,
2026-09-06T19:30:00Z,2026-09-13T21:37:05Z,70,10.0,12.0,,,,,1013.5,26.0,26.5,,,,
2026-09-06T19:40:00Z,2026-09-13T21:37:05Z,70,10.0,13.0,,,,,1013.6,26.1,26.5,,,,
2026-09-06T19:50:00Z,2026-09-13T21:37:05Z,70,10.0,12.0,,,,,1013.7,26.1,26.5,,,,
2026-09-06T20:00:00Z,2026-09-13T21:37:05Z,70,10.0,13.0,,,,,1013.7,26.1,,,,+1.0,
2026-09-06T20:10:00Z,2026-09-13T21:37:05Z,70,10.0,12.0,,,,,1013.8,26.2,26.6,,,,
2026-09-06T20:20:00Z,2026-09-13T21:37:05Z,70,10.0,12.0,,,,,1013.7,26.2,26.6,,,,
2026-09-06T20:30:00Z,2026-09-13T21:37:05Z,70,10.0,12.0,,,,,1013.7,26.2,26.6,,,,
2026-09-06T20:40:00Z,2026-09-13T21:37:05Z,70,10.0,12.0,,,,,1013.7,26.2,26.6,,,,
2026-09-06T20:50:00Z,2026-09-13T21:37:05Z,70,10.0,12.0,,,,,1013.7,26.1,26.6,,,,
2026-09-06T21:00:00Z,2026-09-13T21:37:05Z,60,10.0,13.0,,,,,1013.7,26.0,26.6,,,+0.6,
2026-09-06T21:10:00Z,2026-09-13T21:37:05Z,70,10.0,12.0,,,,,1013.7,26.0,26.6,,,,
2026-09-06T21:20:00Z,2026-09-13T21:37:05Z,70,10.0,12.0,,,,,1013.8,26.1,26.6,,,,
2026-09-06T21:30:00Z,2026-09-13T21:37:05Z,60,9.0,12.0,,,,,1013.6,25.9,26.6,,,,
2026-09-06T21:40:00Z,2026-09-13T21:37:05Z,70,10.0,12.0,,,,,1013.4,25.8,26.6,,,,
2026-09-06T21:50:00Z,2026-09-13T21:37:05Z,60,11.0,14.0,,,,,1013.5,25.5,26.6,,,,
2026-09-06T22:00:00Z,2026-09-13T21:37:05Z,70,10.0,13.0,,,,,1013.3,25.7,26.6,,,+0.0,
2026-09-06T22:10:00Z,2026-09-13T21:37:05Z,70,10.0,12.0,,,,,1013.2,25.9,26.6,,,,
2026-09-06T22:20:00Z,2026-09-13T21:37:05Z,70,11.0,13.0,,,,,1013.0,25.9,26.6,,,,
2026-09-06T22:30:00Z,2026-09-13T21:37:05Z,60,10.0,12.0,,,,,1013.0,25.7,26.6,,,,
2026-09-06T22:40:00Z,2026-09-13T21:37:05Z,70,11.0,14.0,,,,,1013.0,25.9,26.6,,,,
2026-09-06T22:50:00Z,2026-09-13T21:37:05Z,70,11.0,13.0,,,,,1012.7,26.0,26.6,,,,
2026-09-06T23:00:00Z,2026-09-13T21:37:05Z,70,11.0,14.0,,,,,1012.5,26.0,26.6,,,-1.2,
2026-09-06T23:10:00Z,2026-09-13T21:37:05Z,70,10.0,12.0,,,,,1012.4,26.1,26.6,,,,
2026-09-06T23:20:00Z,2026-09-13T21:37:05Z,70,11.0,13.0,,,,,1012.3,26.1,26.6,,,,
2026-09-06T23:30:00Z,2026-09-13T21:37:05Z,70,11.0,13.0,,,,,1012.2,26.1,26.6,,,,
2026-09-06T23:40:00Z,2026-09-13T21:37:05Z,70,10.0,13.0,,,,,1012.1,26.2,26.6,,,,
2026-09-06T23:50:00Z,2026-09-13T21:37:05Z,60,11.0,13.0,,,,,1012.0,26.1,26.6,,,,
2026-09-07T00:00:00Z,2026-09-13T21:37:05Z,70,10.0,12.0,,,,,1011.9,26.2,26.6,,,-1.8,
2026-09-07T00:10:00Z,2026-09-13T21:37:05Z,70,10.0,12.0,,,,,1011.9,26.1,26.6,,,,
2026-09-07T00:20:00Z,2026-09-13T21:37:05Z,60,10.0,13.0,,,,,1011.9,26.1,26.6,,,,
2026-09-07T00:30:00Z,2026-09-13T21:37:05Z,70,11.0,13.0,,,,,1011.8,26.1,26.6,,,,
2026-09-07T00:40:00Z,2026-09-13T21:37:05Z,60,10.0,13.0,,,,,1011.7,26.1,26.6,,,,
2026-09-07T00:50:00Z,2026-09-13T21:37:05Z,60,10.0,13.0,,,,,1011.5,26.2,26.6,,,,
2026-09-07T01:00:00Z,2026-09-13T21:37:05Z,60,11.0,13.0,,,,,1011.4,26.1,26.6,,,-1.9,
2026-09-07T01:10:00Z,2026-09-13T21:37:05Z,60,11.0,13.0,,,,,1011.2,26.0,26.6,,,,
2026-09-07T01:20:00Z,2026-09-13T21:37:05Z,60,11.0,14.0,,,,,1011.1,26.1,26.6,,,,
2026-09-07T01:30:00Z,2026-09-13T21:37:05Z,60,10.0,13.0,,,,,1011.0,26.1,26.6,,,,
2026-09-07T01:40:00Z,2026-09-13T21:37:05Z,50,10.0,13.0,,,,,1010.9,25.8,26.6,,,,
2026-09-07T01:50:00Z,2026-09-13T21:37:05Z,60,10.0,13.0,,,,,1010.8,26.1,26.6,,,,
2026-09-07T02:00:00Z,2026-09-13T21:37:05Z,70,11.0,13.0,,,,,1010.8,26.2,26.6,,,-1.7,
2026-09-07T02:10:00Z,2026-09-13T21:37:05Z,60,11.0,13.0,,,,,1010.8,26.0,26.6,,,,
2026-09-07T02:20:00Z,2026-09-13T21:37:05Z,70,10.0,13.0,,,,,1010.7,26.1,26.6,,,,
2026-09-07T02:30:00Z,2026-09-13T21:37:05Z,70,11.0,13.0,,,,,1010.7,26.1,26.6,,,,
2026-09-07T02:40:00Z,2026-09-13T21:37:05Z,70,11.0,13.0,,,,,1010.8,26.2,26.6,,,,
2026-09-07T02:50:00Z,2026-09-13T21:37:05Z,60,10.0,12.0,,,,,1011.0,26.2,26.6,,,,
2026-09-07T03:00:00Z,2026-09-13T21:37:05Z,70,10.0,13.0,,,,,1011.0,26.2,26.6,,,-0.9,
2026-09-07T03:10:00Z,2026-09-13T21:37:05Z,70,10.0,13.0,,,,,1011.1,26.2,26.6,,,,
2026-09-07T03:20:00Z,2026-09-13T21:37:05Z,70,10.0,12.0,,,,,1011.1,26.2,26.6,,,,
2026-09-07T03:30:00Z,2026-09-13T21:37:05Z,70,10.0,12.0,,,,,1011.2,26.2,26.6,,,,
2026-09-07T03:40:00Z,2026-09-13T21:37:05Z,60,10.0,13.0,,,,,1011.2,26.2,26.6,,,,
2026-09-07T03:50:00Z,2026-09-13T21:37:05Z,60,10.0,13.0,,,,,1011.3,26.2,26.6,,,,
2026-09-07T04:00:00Z,2026-09-13T21:37:05Z,70,10.0,12.0,,,,,1011.4,26.3,26.6,,,-0.0,
2026-09-07T04:10:00Z,2026-09-13T21:37:05Z,60,10.0,12.0,,,,,1011.4,26.3,26.6,,,,
2026-09-07T04:20:00Z,2026-09-13T21:37:05Z,70,10.0,13.0,,,,,1011.4,26.2,26.6,,,,
2026-09-07T04:30:00Z,2026-09-13T21:37:05Z,70,10.0,13.0,,,,,1011.5,26.2,26.6,,,,
2026-09-07T04:40:00Z,2026-09-13T21:37:05Z,70,10.0,13.0,,,,,1011.6,26.2,26.6,,,,
2026-09-07T04:50:00Z,2026-09-13T21:37:05Z,60,11.0,13.0,,,,,1011.7,26.2,26.6,,,,
2026-09-07T05:00:00Z,2026-09-13T21:37:05Z,60,10.0,12.0,,,,,1011.7,26.2,26.6,,,+0.9,
2026-09-07T05:10:00Z,2026-09-13T21:37:05Z,60,10.0,12.0,,,,,1011.8,26.1,26.6,,,,
2026-09-07T05:20:00Z,2026-09-13T21:37:05Z,60,10.0,12.0,,,,,1011.9,26.1,26.6,,,,
2026-09-07T05:30:00Z,2026-09-13T21:37:05Z,60,10.0,13.0,,,,,1011.9,26.2,26.6,,,,
2026-09-07T05:40:00Z,2026-09-13T21:37:05Z,70,10.0,13.0,,,,,1012.1,26.2,26.6,,,,
2026-09-07T05:50:00Z,2026-09-13T21:37:05Z,60,10.0,13.0,,,,,1012.1,26.2,26.6,,,,
2026-09-07T06:00:00Z,2026-09-13T21:37:05Z,60,10.0,13.0,,,,,1012.1,26.2,26.6,,,+1.1,
2026-09-07T06:10:00Z,2026-09-13T21:37:05Z,60,10.0,12.0,,,,,1012.3,26.2,26.6,,,,
2026-09-07T06:20:00Z,2026-09-13T21:37:05Z,60,10.0,12.0,,,,,1012.4,26.2,26.6,,,,
2026-09-07T06:30:00Z,2026-09-13T21:37:05Z,60,10.0,12.0,,,,,1012.5,26.0,26.6,,,,
2026-09-07T06:40:00Z,2026-09-13T21:37:05Z,60,10.0,13.0,,,,,1012.5,25.9,26.6,,,,
2026-09-07T06:50:00Z,2026-09-13T21:37:05Z,60,10.0,14.0,,,,,1012.7,25.6,26.6,,,,
2026-09-07T07:00:00Z,2026-09-13T21:37:05Z,60,10.0,13.0,,,,,1012.6,25.3,26.6,,,+1.2,
2026-09-07T07:10:00Z,2026-09-13T21:37:05Z,70,11.0,14.0,,,,,1012.7,25.8,,,,,
2026-09-07T07:20:00Z,2026-09-13T21:37:05Z,70,10.0,12.0,,,,,1012.8,25.7,26.6,,,,
2026-09-07T07:30:00Z,2026-09-13T21:37:05Z,70,9.0,11.0,,,,,1012.9,25.7,26.6,,,,
2026-09-07T07:40:00Z,2026-09-13T21:37:05Z,70,10.0,13.0,,,,,1013.0,25.9,26.6,,,,
2026-09-07T07:50:00Z,2026-09-13T21:37:05Z,60,10.0,12.0,,,,,1012.9,26.0,26.6,,,,
2026-09-07T08:00:00Z,2026-09-13T21:37:05Z,60,10.0,13.0,,,,,1012.8,26.0,26.6,,,+1.1,
2026-09-07T08:10:00Z,2026-09-13T21:37:05Z,60,10.0,13.0,,,,,1012.8,25.9,26.6,,,,
2026-09-07T08:20:00Z,2026-09-13T21:37:05Z,70,11.0,13.0,,,,,1012.7,25.9,26.6,,,,
2026-09-07T08:30:00Z,2026-09-13T21:37:05Z,70,10.0,12.0,,,,,1012.7,25.9,26.5,,,,
2026-09-07T08:40:00Z,2026-09-13T21:37:05Z,70,10.0,13.0,,,,,1012.8,25.9,26.6,,,,
2026-09-07T08:50:00Z,2026-09-13T21:37:05Z,70,10.0,13.0,,,,,1012.8,26.0,26.5,,,,
2026-09-07T09:00:00Z,2026-09-13T21:37:05Z,70,10.0,13.0,,,,,1012.7,26.1,26.5,,,+0.6,
2026-09-07T09:10:00Z,2026-09-13T21:37:05Z,70,10.0,13.0,,,,,1012.7,26.0,26.5,,,,
2026-09-07T09:20:00Z,2026-09-13T21:37:05Z,70,10.0,13.0,,,,,1012.7,25.9,26.6,,,,
2026-09-07T09:30:00Z,2026-09-13T21:37:05Z,70,10.0,13.0,,,,,1012.6,26.0,26.5,,,,
2026-09-07T09:40:00Z,2026-09-13T21:37:05Z,70,10.0,13.0,,,,,1012.5,26.1,26.5,,,,
2026-09-07T09:50:00Z,2026-09-13T21:37:05Z,70,10.0,13.0,,,,,1012.3,26.1,26.5,,,,
2026-09-07T10:00:00Z,2026-09-13T21:37:05Z,70,10.0,13.0,,,,,1012.4,26.1,26.5,,,+0.0,
2026-09-07T10:10:00Z,2026-09-13T21:37:05Z,70,10.0,13.0,,,,,1012.1,26.1,26.5,,,,
2026-09-07T10:20:00Z,2026-09-13T21:37:05Z,70,10.0,13.0,,,,,1012.1,26.1,26.5,,,,
2026-09-07T10:30:00Z,2026-09-13T21:37:05Z,70,10.0,12.0,,,,,1011.9,26.0,26.5,,,,
2026-09-07T10:40:00Z,2026-09-13T21:37:05Z,70,10.0,12.0,,,,,1011.7,26.1,26.5,,,,
2026-09-07T10:50:00Z,2026-09-13T21:37:05Z,70,10.0,13.0,,,,,1011.6,26.0,26.5,,,,
2026-09-07T11:00:00Z,2026-09-13T21:37:05Z,70,11.0,13.0,,,,,1011.5,26.0,26.5,,,-1.3,
2026-09-07T11:10:00Z,2026-09-13T21:37:05Z,70,11.0,13.0,,,,,1011.4,26.0,26.5,,,,
2026-09-07T11:20:00Z,2026-09-13T21:37:05Z,70,10.0,12.0,,,,,1011.4,26.1,26.5,,,,
2026-09-07T11:30:00Z,2026-09-13T21:37:05Z,70,10.0,13.0,,,,,1011.2,26.1,26.5,,,,
2026-09-07T11:40:00Z,2026-09-13T21:37:05Z,70,10.0,12.0,,,,,1011.1,26.0,26.5,,,,
2026-09-07T11:50:00Z,2026-09-13T21:37:05Z,70,10.0,13.0,,,,,1010.9,26.0,26.5,,,,
2026-09-07T12:00:00Z,2026-09-13T21:37:05Z,60,11.0,13.0,,,,,1010.8,26.0,26.5,,,-1.9,
2026-09-07T12:10:00Z,2026-09-13T21:37:05Z,70,11.0,13.0,,,,,1010.7,26.0,26.5,,,,
2026-09-07T12:20:00Z,2026-09-13T21:37:05Z,70,10.0,13.0,,,,,1010.5,26.0,26.5,,,,
2026-09-07T12:30:00Z,2026-09-13T21:37:05Z,80,11.0,15.0,,,,,1010.4,25.3,26.5,,,,
2026-09-07T12:40:00Z,2026-09-13T21:37:05Z,70,10.0,13.0,,,,,1010.3,25.3,26.5,,,,
2026-09-07T12:50:00Z,2026-09-13T21:37:05Z,80,12.0,15.0,,,,,1010.4,24.3,26.5,,,,
2026-09-07T13:00:00Z,2026-09-13T21:37:05Z,90,11.0,14.0,,,,,1010.3,24.1,26.5,,,-2.1,
2026-09-07T13:10:00Z,2026-09-13T21:37:05Z,80,10.0,12.0,,,,,1010.1,24.2,26.5,,,,
2026-09-07T13:20:00Z,2026-09-13T21:37:05Z,70,9.0,11.0,,,,,1010.0,24.5,26.5,,,,
2026-09-07T13:30:00Z,2026-09-13T21:37:05Z,70,10.0,13.0,,,,,1010.0,24.6,26.5,,,,
2026-09-07T13:40:00Z,2026-09-13T21:37:05Z,60,9.0,12.0,,,,,1009.8,24.8,26.5,,,,
2026-09-07T13:50:00Z,2026-09-13T21:37:05Z,60,9.0,11.0,,,,,1009.8,24.9,,,,,
2026-09-07T14:00:00Z,2026-09-13T21:37:05Z,70,10.0,12.0,,,,,1009.6,25.3,26.5,,,-1.9,
2026-09-07T14:10:00Z,2026-09-13T21:37:05Z,70,10.0,12.0,,,,,1009.4,25.6,26.5,,,,
2026-09-07T14:20:00Z,2026-09-13T21:37:05Z,70,9.0,12.0,,,,,1009.4,25.7,26.5,,,,
2026-09-07T14:30:00Z,2026-09-13T21:37:05Z,70,10.0,12.0,,,,,1009.4,25.7,26.5,,,,
2026-09-07T14:40:00Z,2026-09-13T21:37:05Z,80,10.0,14.0,,,,,1009.4,25.7,26.5,,,,
2026-09-07T14:50:00Z,2026-09-13T21:37:05Z,80,11.0,14.0,,,,,1009.4,25.6,26.5,,,,
2026-09-07T15:00:00Z,2026-09-13T21:37:05Z,80,11.0,13.0,,,,,1009.4,25.8,26.5,,,-1.4,
2026-09-07T15:10:00Z,2026-09-13T21:37:05Z,80,11.0,14.0,,,,,1009.3,25.8,26.5,,,,
2026-09-07T15:20:00Z,2026-09-13T21:37:05Z,80,12.0,15.0,,,,,1009.5,25.5,26.5,,,,
2026-09-07T15:30:00Z,2026-09-13T21:37:05Z,80,11.0,14.0,,,,,1009.4,24.9,26.5,,,,
2026-09-07T15:40:00Z,2026-09-13T21:37:05Z,80,11.0,13.0,,,,,1009.4,25.1,26.5,,,,
2026-09-07T15:50:00Z,2026-09-13T21:37:05Z,80,11.0,15.0,,,,,1009.4,25.4,26.5,,,,
2026-09-07T16:00:00Z,2026-09-13T21:37:05Z,80,11.0,14.0,,,,,1009.4,25.7,26.5,,,-0.9,
2026-09-07T16:10:00Z,2026-09-13T21:37:05Z,80,11.0,13.0,,,,,1009.3,25.8,26.5,,,,
2026-09-07T16:20:00Z,2026-09-13T21:37:05Z,80,11.0,13.0,,,,,1009.3,25.9,26.5,,,,
2026-09-07T16:30:00Z,2026-09-13T21:37:05Z,80,12.0,15.0,,,,,1009.3,25.8,26.5,,,,
2026-09-07T16:40:00Z,2026-09-13T21:37:05Z,80,11.0,14.0,,,,,1009.3,26.0,26.5,,,,
2026-09-07T16:50:00Z,2026-09-13T21:37:05Z,80,11.0,14.0,,,,,1009.4,26.0,26.5,,,,
2026-09-07T17:00:00Z,2026-09-13T21:37:05Z,80,12.0,15.0,,,,,1009.4,26.1,,,,+0.0,
2026-09-07T17:10:00Z,2026-09-13T21:37:05Z,80,11.0,14.0,,,,,1009.5,26.1,26.5,,,,
2026-09-07T17:20:00Z,2026-09-13T21:37:05Z,70,12.0,15.0,,,,,1009.4,26.1,,,,,
2026-09-07T17:30:00Z,2026-09-13T21:37:05Z,70,12.0,15.0,,,,,1009.5,26.0,26.5,,,,
2026-09-07T17:40:00Z,2026-09-13T21:37:05Z,70,12.0,16.0,,,,,1009.5,25.8,26.5,,,,
2026-09-07T17:50:00Z,2026-09-13T21:37:05Z,70,12.0,15.0,,,,,1009.4,24.9,26.5,,,,
2026-09-07T18:00:00Z,2026-09-13T21:37:05Z,70,12.0,14.0,,,,,1009.2,25.1,26.5,,,+0.0,
2026-09-07T18:10:00Z,2026-09-13T21:37:05Z,70,11.0,14.0,,,,,1009.2,25.6,26.5,,,,
2026-09-07T18:20:00Z,2026-09-13T21:37:05Z,70,13.0,16.0,,,,,1009.3,26.0,26.5,,,,
2026-09-07T18:30:00Z,2026-09-13T21:37:05Z,70,12.0,16.0,,,,,1009.5,26.2,26.5,,,,
2026-09-07T18:40:00Z,2026-09-13T21:37:05Z,70,12.0,15.0,,,,,1009.5,26.2,26.5,,,,
2026-09-07T18:50:00Z,2026-09-13T21:37:05Z,70,12.0,16.0,,,,,1009.6,26.1,26.5,,,,
2026-09-07T19:00:00Z,2026-09-13T21:37:05Z,70,12.0,15.0,,,,,1009.6,26.2,26.5,,,-0.0,
2026-09-07T19:10:00Z,2026-09-13T21:37:05Z,70,12.0,15.0,,,,,1009.7,26.3,26.5,,,,
2026-09-07T19:20:00Z,2026-09-13T21:37:05Z,70,12.0,16.0,,,,,1009.7,26.3,26.5,,,,
2026-09-07T19:30:00Z,2026-09-13T21:37:05Z,70,13.0,16.0,,,,,1009.6,26.3,26.5,,,,
2026-09-07T19:40:00Z,2026-09-13T21:37:05Z,70,12.0,15.0,,,,,1009.7,26.4,26.5,,,,
2026-09-07T19:50:00Z,2026-09-13T21:37:05Z,70,12.0,15.0,,,,,1009.8,26.3,26.5,,,,
2026-09-07T20:00:00Z,2026-09-13T21:37:05Z,80,12.0,15.0,,,,,1009.8,26.3,26.5,,,+0.4,
2026-09-07T20:10:00Z,2026-09-13T21:37:05Z,70,12.0,14.0,,,,,1009.8,26.3,26.5,,,,
2026-09-07T20:20:00Z,2026-09-13T21:37:05Z,80,11.0,14.0,,,,,1009.8,26.2,26.5,,,,
2026-09-07T20:30:00Z,2026-09-13T21:37:05Z,70,12.0,15.0,,,,,1009.6,26.2,26.5,,,,
2026-09-07T20:40:00Z,2026-09-13T21:37:05Z,70,12.0,15.0,,,,,1009.6,26.3,26.5,,,,
2026-09-07T20:50:00Z,2026-09-13T21:37:05Z,80,12.0,14.0,,,,,1009.5,26.4,26.5,,,,
2026-09-07T21:00:00Z,2026-09-13T21:37:05Z,80,12.0,15.0,,,,,1009.5,26.4,26.5,,,+0.3,
2026-09-07T21:10:00Z,2026-09-13T21:37:05Z,70,11.0,14.0,,,,,1009.5,26.4,26.5,,,,
2026-09-07T21:20:00Z,2026-09-13T21:37:05Z,70,11.0,14.0,,,,,1009.6,26.4,26.5,,,,
2026-09-07T21:30:00Z,2026-09-13T21:37:05Z,70,11.0,14.0,,,,,1009.4,26.4,26.5,,,,
2026-09-07T21:40:00Z,2026-09-13T21:37:05Z,70,12.0,14.0,,,,,1009.4,26.4,26.5,,,,
2026-09-07T21:50:00Z,2026-09-13T21:37:05Z,80,12.0,20.0,,,,,1009.6,26.0,26.5,,,,
2026-09-07T22:00:00Z,2026-09-13T21:37:05Z,90,15.0,18.0,,,,,1009.7,24.3,26.5,,,+0.0,
2026-09-07T22:10:00Z,2026-09-13T21:37:05Z,80,12.0,16.0,,,,,1009.4,24.1,26.5,,,,
2026-09-07T22:20:00Z,2026-09-13T21:37:05Z,70,11.0,14.0,,,,,1009.1,24.3,26.5,,,,
2026-09-07T22:30:00Z,2026-09-13T21:37:05Z,70,10.0,12.0,,,,,1009.1,24.6,26.5,,,,
2026-09-07T22:40:00Z,2026-09-13T21:37:05Z,80,12.0,17.0,,,,,1009.2,24.6,26.5,,,,
2026-09-07T22:50:00Z,2026-09-13T21:37:05Z,90,13.0,17.0,,,,,1008.8,23.8,26.5,,,,
2026-09-07T23:00:00Z,2026-09-13T21:37:05Z,90,10.0,12.0,,,,,1008.6,24.4,26.5,,,-1.2,
2026-09-07T23:10:00Z,2026-09-13T21:37:05Z,80,11.0,13.0,,,,,1008.4,25.0,26.5,,,,
2026-09-07T23:20:00Z,2026-09-13T21:37:05Z,80,11.0,14.0,,,,,1008.2,25.0,26.5,,,,
2026-09-07T23:30:00Z,2026-09-13T21:37:05Z,80,11.0,14.0,,,,,1008.0,25.1,26.5,,,,
2026-09-07T23:40:00Z,2026-09-13T21:37:05Z,70,11.0,15.0,,,,,1008.0,25.0,26.5,,,,
2026-09-07T23:50:00Z,2026-09-13T21:37:05Z,90,12.0,16.0,,,,,1007.8,25.7,26.5,,,,
2026-09-08T00:00:00Z,2026-09-13T21:37:05Z,90,12.0,16.0,,,,,1007.9,26.1,26.5,,,-1.6,
2026-09-08T00:10:00Z,2026-09-13T21:37:05Z,90,12.0,15.0,,,,,1007.8,26.1,26.5,,,,
2026-09-08T00:20:00Z,2026-09-13T21:37:05Z,90,12.0,15.0,,,,,1007.4,26.1,26.5,,,,
2026-09-08T00:30:00Z,2026-09-13T21:37:05Z,80,12.0,17.0,,,,,1007.0,26.1,26.5,,,,
2026-09-08T00:40:00Z,2026-09-13T21:37:05Z,70,12.0,15.0,,,,,1006.8,25.9,26.5,,,,
2026-09-08T00:50:00Z,2026-09-13T21:37:05Z,80,12.0,15.0,,,,,1006.7,25.7,26.5,,,,
2026-09-08T01:00:00Z,2026-09-13T21:37:05Z,90,12.0,15.0,,,,,1006.8,25.8,26.5,,,-2.9,
2026-09-08T01:10:00Z,2026-09-13T21:37:05Z,90,14.0,18.0,,,,,1006.8,24.9,26.5,,,,
2026-09-08T01:20:00Z,2026-09-13T21:37:05Z,100,14.0,18.0,,,,,1006.3,24.7,26.5,,,,
2026-09-08T01:30:00Z,2026-09-13T21:37:05Z,90,14.0,17.0,,,,,1005.9,25.2,26.5,,,,
2026-09-08T01:40:00Z,2026-09-13T21:37:05Z,90,14.0,19.0,,,,,1005.9,25.5,26.5,,,,
2026-09-08T01:50:00Z,2026-09-13T21:37:05Z,90,13.0,16.0,,,,,1005.9,25.7,26.5,,,,
2026-09-08T02:00:00Z,2026-09-13T21:37:05Z,90,14.0,19.0,,,,,1005.9,25.8,26.5,,,-2.7,
2026-09-08T02:10:00Z,2026-09-13T21:37:05Z,90,15.0,19.0,,,,,1006.0,25.6,26.5,,,,
2026-09-08T02:20:00Z,2026-09-13T21:37:05Z,100,14.0,19.0,,,,,1005.9,25.7,26.5,,,,
2026-09-08T02:30:00Z,2026-09-13T21:37:05Z,100,14.0,17.0,,,,,1005.7,25.7,26.5,,,,
2026-09-08T02:40:00Z,2026-09-13T21:37:05Z,100,15.0,19.0,,,,,1005.7,25.3,26.5,,,,
2026-09-08T02:50:00Z,2026-09-13T21:37:05Z,100,17.0,23.0,,,,,1005.4,25.2,26.5,,,,
2026-09-08T03:00:00Z,2026-09-13T21:37:05Z,100,16.0,21.0,,,,,1005.5,25.3,26.5,,,-2.4,
2026-09-08T03:10:00Z,2026-09-13T21:37:05Z,100,15.0,20.0,,,,,1005.6,25.1,26.5,,,,
2026-09-08T03:20:00Z,2026-09-13T21:37:05Z,100,16.0,20.0,,,,,1005.7,24.9,26.5,,,,
2026-09-08T03:30:00Z,2026-09-13T21:37:05Z,100,16.0,20.0,,,,,1005.6,25.0,26.5,,,,
2026-09-08T03:40:00Z,2026-09-13T21:37:05Z,90,16.0,20.0,,,,,1005.6,25.0,26.5,,,,
2026-09-08T03:50:00Z,2026-09-13T21:37:05Z,90,16.0,22.0,,,,,1005.6,25.3,26.4,,,,
2026-09-08T04:00:00Z,2026-09-13T21:37:05Z,90,16.0,21.0,,,,,1005.7,25.3,,,,-1.1,
2026-09-08T04:10:00Z,2026-09-13T21:37:05Z,90,15.0,19.0,,,,,1005.7,25.4,26.4,,,,
2026-09-08T04:20:00Z,2026-09-13T21:37:05Z,90,17.0,22.0,,,,,1006.0,25.6,26.5,,,,
2026-09-08T04:30:00Z,2026-09-13T21:37:05Z,90,16.0,20.0,,,,,1006.1,25.9,26.5,,,,
2026-09-08T04:40:00Z,2026-09-13T21:37:05Z,100,16.0,20.0,,,,,1006.2,25.8,26.4,,,,
2026-09-08T04:50:00Z,2026-09-13T21:37:05Z,90,15.0,19.0,,,,,1006.1,25.8,26.4,,,,
2026-09-08T05:00:00Z,2026-09-13T21:37:05Z,90,15.0,18.0,,,,,1006.1,25.8,26.4,,,-0.0,
2026-09-08T05:10:00Z,2026-09-13T21:37:05Z,90,15.0,19.0,,,,,1006.1,25.8,,,,,
2026-09-08T05:20:00Z,2026-09-13T21:37:05Z,90,14.0,18.0,,,,,1006.2,25.8,26.4,,,,
2026-09-08T05:30:00Z,2026-09-13T21:37:05Z,90,14.0,17.0,,,,,1006.0,25.8,26.4,,,,
2026-09-08T05:40:00Z,2026-09-13T21:37:05Z,80,13.0,17.0,,,,,1006.2,25.9,26.4,,,,
2026-09-08T05:50:00Z,2026-09-13T21:37:05Z,80,14.0,17.0,,,,,1006.5,25.9,26.4,,,,
2026-09-08T06:00:00Z,2026-09-13T21:37:05Z,80,14.0,17.0,,,,,1007.0,25.8,26.4,,,+1.5,
2026-09-08T06:10:00Z,2026-09-13T21:37:05Z,80,13.0,17.0,,,,,1006.9,25.6,26.4,,,,
2026-09-08T06:20:00Z,2026-09-13T21:37:05Z,80,14.0,17.0,,,,,1007.1,25.5,,,,,
2026-09-08T06:30:00Z,2026-09-13T21:37:05Z,80,14.0,17.0,,,,,1007.0,25.3,26.4,,,,
2026-09-08T06:40:00Z,2026-09-13T21:37:05Z,70,13.0,18.0,,,,,1006.9,25.0,26.4,,,,
2026-09-08T06:50:00Z,2026-09-13T21:37:05Z,80,14.0,17.0,,,,,1006.9,25.1,26.4,,,,
2026-09-08T07:00:00Z,2026-09-13T21:37:05Z,80,14.0,17.0,,,,,1006.9,25.1,26.4,,,+1.2,
2026-09-08T07:10:00Z,2026-09-13T21:37:05Z,70,14.0,18.0,,,,,1006.9,25.3,26.4,,,,
2026-09-08T07:20:00Z,2026-09-13T21:37:05Z,70,14.0,18.0,,,,,1007.0,25.4,26.4,,,,
2026-09-08T07:30:00Z,2026-09-13T21:37:05Z,70,15.0,20.0,,,,,1006.9,25.2,26.4,,,,
2026-09-08T07:40:00Z,2026-09-13T21:37:05Z,70,15.0,19.0,,,,,1006.7,25.0,26.4,,,,
2026-09-08T07:50:00Z,2026-09-13T21:37:05Z,70,15.0,20.0,,,,,1006.7,24.9,26.4,,,,
2026-09-08T08:00:00Z,2026-09-13T21:37:05Z,70,15.0,19.0,,,,,1006.8,24.4,26.4,,,+0.7,
2026-09-08T08:10:00Z,2026-09-13T21:37:05Z,70,16.0,20.0,,,,,1006.7,24.1,26.4,,,,
2026-09-08T08:20:00Z,2026-09-13T21:37:05Z,60,14.0,19.0,,,,,1006.9,24.4,26.4,,,,
2026-09-08T08:30:00Z,2026-09-13T21:37:05Z,60,14.0,18.0,,,,,1006.7,24.7,26.4,,,,
2026-09-08T08:40:00Z,2026-09-13T21:37:05Z,60,15.0,18.0,,,,,1006.9,24.8,26.4,,,,
2026-09-08T08:50:00Z,2026-09-13T21:37:05Z,60,14.0,18.0,,,,,1007.0,24.8,26.4,,,,
2026-09-08T09:00:00Z,2026-09-13T21:37:05Z,50,13.0,17.0,,,,,1006.9,24.8,26.4,,,+0.0,
2026-09-08T09:10:00Z,2026-09-13T21:37:05Z,50,13.0,18.0,,,,,1006.6,25.0,26.4,,,,
2026-09-08T09:20:00Z,2026-09-13T21:37:05Z,50,14.0,18.0,,,,,1006.3,24.9,26.4,,,,
2026-09-08T09:30:00Z,2026-09-13T21:37:05Z,50,14.0,16.0,,,,,1006.1,24.6,26.4,,,,
2026-09-08T09:40:00Z,2026-09-13T21:37:05Z,40,14.0,19.0,,,,,1005.8,24.5,26.4,,,,
2026-09-08T09:50:00Z,2026-09-13T21:37:05Z,40,14.0,18.0,,,,,1005.4,24.6,26.4,,,,
2026-09-08T10:00:00Z,2026-09-13T21:37:05Z,40,15.0,20.0,,,,,1005.2,24.4,,,,-1.7,
2026-09-08T10:10:00Z,2026-09-13T21:37:05Z,30,16.0,19.0,,,,,1005.2,24.3,26.4,,,,
2026-09-08T10:20:00Z,2026-09-13T21:37:05Z,30,16.0,20.0,,,,,1005.1,24.3,26.4,,,,
2026-09-08T10:30:00Z,2026-09-13T21:37:05Z,30,16.0,21.0,,,,,1004.9,24.2,26.4,,,,
2026-09-08T10:40:00Z,2026-09-13T21:37:05Z,30,16.0,20.0,,,,,1004.9,24.0,26.4,,,,
2026-09-08T10:50:00Z,2026-09-13T21:37:05Z,30,16.0,20.0,,,,,1004.7,23.9,26.4,,,,
2026-09-08T11:00:00Z,2026-09-13T21:37:05Z,30,15.0,18.0,,,,,1004.4,23.3,26.4,,,-2.4,
2026-09-08T11:10:00Z,2026-09-13T21:37:05Z,30,15.0,21.0,,,,,1004.1,23.5,26.4,,,,
2026-09-08T11:20:00Z,2026-09-13T21:37:05Z,20,16.0,21.0,,,,,1003.7,23.7,26.4,,,,
2026-09-08T11:30:00Z,2026-09-13T21:37:05Z,20,16.0,20.0,,,,,1003.6,23.9,26.4,,,,
2026-09-08T11:40:00Z,2026-09-13T21:37:05Z,20,16.0,20.0,,,,,1003.3,24.1,26.4,,,,
2026-09-08T11:50:00Z,2026-09-13T21:37:05Z,30,15.0,19.0,,,,,1003.1,24.3,26.4,,,,
2026-09-08T12:00:00Z,2026-09-13T21:37:05Z,40,15.0,18.0,,,,,1002.9,24.2,26.4,,,-4.0,
2026-09-08T12:10:00Z,2026-09-13T21:37:05Z,40,15.0,19.0,,,,,1002.6,23.9,26.4,,,,
2026-09-08T12:20:00Z,2026-09-13T21:37:05Z,40,14.0,17.0,,,,,1002.3,24.3,26.4,,,,
2026-09-08T12:30:00Z,2026-09-13T21:37:05Z,40,16.0,21.0,,,,,1002.0,24.3,26.4,,,,
2026-09-08T12:40:00Z,2026-09-13T21:37:05Z,40,16.0,22.0,,,,,1001.6,24.4,26.4,,,,
2026-09-08T12:50:00Z,2026-09-13T21:37:05Z,40,17.0,22.0,,,,,1001.6,24.3,26.4,,,,
2026-09-08T13:00:00Z,2026-09-13T21:37:05Z,40,17.0,22.0,,,,,1001.3,24.1,26.4,,,-3.9,
2026-09-08T13:10:00Z,2026-09-13T21:37:05Z,40,17.0,22.0,,,,,1001.0,24.3,26.4,,,,
2026-09-08T13:20:00Z,2026-09-13T21:37:05Z,30,17.0,22.0,,,,,1000.6,24.3,26.4,,,,
2026-09-08T13:30:00Z,2026-09-13T21:37:05Z,30,17.0,22.0,,,,,1000.3,24.7,26.4,,,,
2026-09-08T13:40:00Z,2026-09-13T21:37:05Z,40,18.0,23.0,,,,,1000.1,24.8,26.4,,,,
2026-09-08T13:50:00Z,2026-09-13T21:37:05Z,40,19.0,23.0,,,,,1000.0,24.5,26.4,,,,
2026-09-08T14:00:00Z,2026-09-13T21:37:05Z,30,18.0,23.0,,,,,999.6,24.3,26.4,,,-4.8,
2026-09-08T14:10:00Z,2026-09-13T21:37:05Z,30,19.0,24.0,,,,,999.6,24.6,26.4,,,,
2026-09-08T14:20:00Z,2026-09-13T21:37:05Z,30,19.0,24.0,,,,,999.3,24.3,26.4,,,,
2026-09-08T14:30:00Z,2026-09-13T21:37:05Z,20,18.0,24.0,,,,,999.0,24.5,26.4,,,,
2026-09-08T14:40:00Z,2026-09-13T21:37:05Z,20,19.0,24.0,,,,,998.6,24.3,26.4,,,,
2026-09-08T14:50:00Z,2026-09-13T21:37:05Z,20,19.0,24.0,,,,,998.2,24.5,26.4,,,,
2026-09-08T15:00:00Z,2026-09-13T21:37:05Z,20,19.0,26.0,,,,,997.4,24.8,26.4,,,-5.5,
2026-09-08T15:10:00Z,2026-09-13T21:37:05Z,30,21.0,27.0,,,,,996.7,24.9,26.4,,,,
2026-09-08T15:20:00Z,2026-09-13T21:37:05Z,30,20.0,27.0,,,,,996.8,25.0,26.4,,,,
2026-09-08T15:30:00Z,2026-09-13T21:37:05Z,20,20.0,25.0,,,,,997.4,25.1,26.4,,,,
2026-09-08T15:40:00Z,2026-09-13T21:37:05Z,20,19.0,24.0,,,,,997.3,25.1,26.4,,,,
2026-09-08T15:50:00Z,2026-09-13T21:37:05Z,10,18.0,24.0,,,,,996.8,25.2,26.4,,,,
2026-09-08T16:00:00Z,2026-09-13T21:37:05Z,10,17.0,23.0,,,,,996.7,25.3,26.3,,,-4.6,
2026-09-08T16:10:00Z,2026-09-13T21:37:05Z,10,17.0,22.0,,,,,996.8,25.2,26.3,,,,
2026-09-08T16:20:00Z,2026-09-13T21:37:05Z,10,17.0,22.0,,,,,996.8,25.3,26.3,,,,
2026-09-08T16:30:00Z,2026-09-13T21:37:05Z,360,17.0,24.0,,,,,997.5,25.6,26.3,,,,
2026-09-08T16:40:00Z,2026-09-13T21:37:05Z,350,18.0,24.0,,,,,997.5,25.5,26.3,,,,
2026-09-08T16:50:00Z,2026-09-13T21:37:05Z,350,17.0,22.0,,,,,997.2,25.5,26.3,,,,
2026-09-08T17:00:00Z,2026-09-13T21:37:05Z,350,17.0,24.0,,,,,997.4,25.6,26.3,,,-2.2,
2026-09-08T17:10:00Z,2026-09-13T21:37:05Z,350,17.0,25.0,,,,,997.4,25.7,26.3,,,,
2026-09-08T17:20:00Z,2026-09-13T21:37:05Z,350,17.0,23.0,,,,,997.6,25.8,26.3,,,,
2026-09-08T17:30:00Z,2026-09-13T21:37:05Z,350,17.0,22.0,,,,,998.0,25.8,26.3,,,,
2026-09-08T17:40:00Z,2026-09-13T21:37:05Z,350,16.0,21.0,,,,,997.9,26.0,26.3,,,,
2026-09-08T17:50:00Z,2026-09-13T21:37:05Z,350,16.0,21.0,,,,,998.0,26.2,26.3,,,,
2026-09-08T18:00:00Z,2026-09-13T21:37:05Z,350,16.0,22.0,,,,,997.8,26.2,26.3,,,+0.4,
2026-09-08T18:10:00Z,2026-09-13T21:37:05Z,350,16.0,22.0,,,,,998.0,26.2,26.3,,,,
2026-09-08T18:20:00Z,2026-09-13T21:37:05Z,350,16.0,22.0,,,,,998.1,26.3,26.3,,,,
2026-09-08T18:30:00Z,2026-09-13T21:37:05Z,350,16.0,22.0,,,,,998.2,26.3,26.3,,,,
2026-09-08T18:40:00Z,2026-09-13T21:37:05Z,350,17.0,22.0,,,,,998.1,26.1,,,,,
2026-09-08T18:50:00Z,2026-09-13T21:37:05Z,350,16.0,22.0,,,,,998.5,26.2,26.3,,,,
2026-09-08T19:00:00Z,2026-09-13T21:37:05Z,340,15.0,20.0,,,,,998.6,26.4,26.3,,,+1.9,
2026-09-08T19:10:00Z,2026-09-13T21:37:05Z,340,15.0,22.0,,,,,998.9,26.4,26.3,,,,
2026-09-08T19:20:00Z,2026-09-13T21:37:05Z,330,14.0,20.0,,,,,999.1,26.4,26.3,,,,
2026-09-08T19:30:00Z,2026-09-13T21:37:05Z,330,13.0,18.0,,,,,999.6,26.5,26.3,,,,
2026-09-08T19:40:00Z,2026-09-13T21:37:05Z,320,13.0,19.0,,,,,999.8,26.5,26.3,,,,
2026-09-08T19:50:00Z,2026-09-13T21:37:05Z,320,13.0,18.0,,,,,1000.3,26.4,26.3,,,,
2026-09-08T20:00:00Z,2026-09-13T21:37:05Z,320,13.0,17.0,,,,,1000.6,26.5,26.3,,,+3.2,
2026-09-08T20:10:00Z,2026-09-13T21:37:05Z,320,12.0,16.0,,,,,1000.8,26.6,26.3,,,,
2026-09-08T20:20:00Z,2026-09-13T21:37:05Z,310,12.0,17.0,,,,,1001.0,26.5,26.3,,,,
2026-09-08T20:30:00Z,2026-09-13T21:37:05Z,320,13.0,17.0,,,,,1001.3,26.5,26.3,,,,
2026-09-08T20:40:00Z,2026-09-13T21:37:05Z,310,12.0,17.0,,,,,1001.4,26.5,26.3,,,,
2026-09-08T20:50:00Z,2026-09-13T21:37:05Z,310,12.0,17.0,,,,,1001.4,26.4,26.3,,,,
2026-09-08T21:00:00Z,2026-09-13T21:37:05Z,310,12.0,18.0,,,,,1001.5,26.5,26.3,,,+3.7,
2026-09-08T21:10:00Z,2026-09-13T21:37:05Z,300,12.0,17.0,,,,,1001.5,26.5,26.3,,,,
2026-09-08T21:20:00Z,2026-09-13T21:37:05Z,300,13.0,19.0,,,,,1001.7,26.5,26.3,,,,
2026-09-08T21:30:00Z,2026-09-13T21:37:05Z,300,13.0,18.0,,,,,1001.9,26.5,26.3,,,,
2026-09-08T21:40:00Z,2026-09-13T21:37:05Z,300,12.0,17.0,,,,,1001.8,26.5,26.3,,,,
2026-09-08T21:50:00Z,2026-09-13T21:37:05Z,300,12.0,17.0,,,,,1001.9,26.5,26.3,,,,
2026-09-08T22:00:00Z,2026-09-13T21:37:05Z,290,12.0,17.0,,,,,1001.9,26.3,26.3,,,+3.3,
2026-09-08T22:10:00Z,2026-09-13T21:37:05Z,300,12.0,18.0,,,,,1002.0,26.3,26.3,,,,
2026-09-08T22:20:00Z,2026-09-13T21:37:05Z,300,12.0,16.0,,,,,1002.0,26.3,,,,,
2026-09-08T22:30:00Z,2026-09-13T21:37:05Z,290,12.0,16.0,,,,,1002.1,26.4,26.3,,,,
2026-09-08T22:40:00Z,2026-09-13T21:37:05Z,290,12.0,18.0,,,,,1002.1,26.4,26.3,,,,
2026-09-08T22:50:00Z,2026-09-13T21:37:05Z,290,11.0,16.0,,,,,1002.2,26.3,26.4,,,,
2026-09-08T23:00:00Z,2026-09-13T21:37:05Z,300,12.0,18.0,,,,,1002.1,26.4,26.4,,,+1.5,
2026-09-08T23:10:00Z,2026-09-13T21:37:05Z,300,12.0,17.0,,,,,1002.2,26.5,26.4,,,,
2026-09-08T23:20:00Z,2026-09-13T21:37:05Z,290,13.0,17.0,,,,,1002.1,26.6,26.4,,,,
2026-09-08T23:30:00Z,2026-09-13T21:37:05Z,290,12.0,17.0,,,,,1002.2,26.5,26.4,,,,
2026-09-08T23:40:00Z,2026-09-13T21:37:05Z,290,11.0,15.0,,,,,1002.2,26.6,26.4,,,,
2026-09-08T23:50:00Z,2026-09-13T21:37:05Z,290,12.0,16.0,,,,,1002.3,26.5,26.4,,,,
2026-09-09T00:00:00Z,2026-09-13T21:37:05Z,290,13.0,17.0,,,,,1002.4,26.3,26.4,,,+0.9,
2026-09-09T00:10:00Z,2026-09-13T21:37:05Z,290,12.0,16.0,,,,,1002.4,26.3,26.4,,,,
2026-09-09T00:20:00Z,2026-09-13T21:37:05Z,280,11.0,15.0,,,,,1002.4,26.5,26.4,,,,
2026-09-09T00:30:00Z,2026-09-13T21:37:05Z,290,12.0,16.0,,,,,1002.3,26.5,26.4,,,,
2026-09-09T00:40:00Z,2026-09-13T21:37:05Z,290,11.0,15.0,,,,,1002.3,26.6,26.4,,,,
2026-09-09T00:50:00Z,2026-09-13T21:37:05Z,290,11.0,14.0,,,,,1002.3,26.7,26.4,,,,
2026-09-09T01:00:00Z,2026-09-13T21:37:05Z,290,12.0,17.0,,,,,1002.3,26.7,26.4,,,+0.4,
2026-09-09T01:10:00Z,2026-09-13T21:37:05Z,290,12.0,15.0,,,,,1002.3,26.6,26.4,,,,
2026-09-09T01:20:00Z,2026-09-13T21:37:05Z,290,12.0,15.0,,,,,1002.3,26.5,26.4,,,,
2026-09-09T01:30:00Z,2026-09-13T21:37:05Z,290,11.0,14.0,,,,,1002.4,26.5,26.4,,,,
2026-09-09T01:40:00Z,2026-09-13T21:37:05Z,290,11.0,15.0,,,,,,26.5,26.4,,,,
2026-09-20T23:50:00Z,2026-09-21T07:00:48Z,70,8.0,9.0,,,,,1018.8,,,,,,
2026-09-21T00:00:00Z,2026-09-21T07:00:48Z,60,8.0,10.0,,,,,1018.7,25.9,26.4,23.1,,,
2026-09-21T00:10:00Z,2026-09-21T07:00:48Z,70,8.0,9.0,,,,,1018.6,25.9,26.4,23.1,,,
2026-09-21T00:20:00Z,2026-09-21T07:00:48Z,70,8.0,9.0,2.0,9,6.2,91,1018.5,26.0,,23.0,,,
2026-09-21T00:30:00Z,2026-09-21T07:00:48Z,70,8.0,10.0,,,,,1018.4,26.0,26.5,23.1,,,
2026-09-21T00:40:00Z,2026-09-21T07:00:48Z,60,8.0,10.0,1.9,,6.1,98,1018.4,26.0,26.5,23.1,,,
2026-09-21T00:50:00Z,2026-09-21T07:00:48Z,70,8.0,9.0,1.9,9,6.1,98,1018.3,26.0,26.4,23.3,,,
2026-09-21T01:00:00Z,2026-09-21T07:00:48Z,70,8.0,10.0,,,,,1018.2,26.0,26.4,23.0,,,
2026-09-21T01:10:00Z,2026-09-21T07:00:48Z,70,8.0,10.0,,,,,1018.1,26.0,26.4,23.0,,,
2026-09-21T01:20:00Z,2026-09-21T07:00:48Z,70,8.0,9.0,2.1,10,6.3,100,1018.0,26.0,26.4,23.2,,,
2026-09-21T01:30:00Z,2026-09-21T07:00:48Z,70,8.0,9.0,,,,,1018.0,26.0,26.4,23.0,,,
2026-09-21T01:40:00Z,2026-09-21T07:00:48Z,70,8.0,9.0,,,,,1017.9,26.0,,23.0,,,
2026-09-21T01:50:00Z,2026-09-21T07:00:48Z,70,8.0,9.0,1.8,10,6.1,103,1017.8,26.1,26.4,23.2,,,
2026-09-21T02:00:00Z,2026-09-21T07:00:48Z,70,7.0,9.0,,,,,1017.8,26.1,26.4,23.4,,,
2026-09-21T02:10:00Z,2026-09-21T07:00:48Z,70,8.0,9.0,2.0,,6.2,97,1017.7,26.1,26.4,23.1,,,
2026-09-21T02:20:00Z,2026-09-21T07:00:48Z,70,8.0,9.0,2.0,9,6.2,97,1017.7,26.2,26.4,23.2,,,
2026-09-21T02:30:00Z,2026-09-21T07:00:48Z,70,8.0,10.0,,,,,1017.6,26.2,26.4,23.0,,,
2026-09-21T02:40:00Z,2026-09-21T07:00:48Z,70,8.0,11.0,2.1,,6.3,105,1017.6,26.2,26.4,22.9,,,
2026-09-21T02:50:00Z,2026-09-21T07:00:48Z,70,8.0,10.0,2.1,10,6.3,105,1017.7,26.2,26.4,23.1,,,
2026-09-21T03:00:00Z,2026-09-21T07:00:48Z,70,8.0,10.0,,,,,1017.8,26.1,26.4,23.1,,-0.9,
2026-09-21T03:10:00Z,2026-09-21T07:00:48Z,70,8.0,10.0,2.1,,6.3,101,1017.9,26.1,26.4,23.1,,,
2026-09-21T03:20:00Z,2026-09-21T07:00:48Z,60,7.0,9.0,2.1,10,6.3,101,1017.9,26.0,26.4,23.3,,,
2026-09-21T03:30:00Z,2026-09-21T07:00:48Z,60,8.0,9.0,,,,,1017.9,26.0,26.4,23.2,,,
2026-09-21T03:40:00Z,2026-09-21T07:00:48Z,60,8.0,9.0,1.9,,6.0,94,1017.9,26.0,26.4,23.2,,,
2026-09-21T03:50:00Z,2026-09-21T07:00:48Z,60,8.0,10.0,1.9,9,6.0,94,1017.9,26.0,,23.1,,,
2026-09-21T04:00:00Z,2026-09-21T07:00:48Z,60,8.0,10.0,,,,,1018.0,26.0,26.4,23.0,,-0.0,
2026-09-21T04:10:00Z,2026-09-21T07:00:48Z,60,8.0,10.0,2.1,,6.3,100,1018.0,26.0,26.4,23.1,,,
2026-09-21T04:20:00Z,2026-09-21T07:00:48Z,70,8.0,10.0,2.1,9,6.3,100,1018.1,26.0,26.4,23.1,,,
2026-09-21T04:30:00Z,2026-09-21T07:00:48Z,60,8.0,10.0,,,,,1018.3,26.0,26.4,22.9,,,
2026-09-21T04:40:00Z,2026-09-21T07:00:48Z,70,8.0,9.0,2.1,,6.2,101,1018.3,26.0,26.4,22.9,,,
2026-09-21T04:50:00Z,2026-09-21T07:00:48Z,70,8.0,10.0,2.1,10,6.2,101,1018.2,26.0,,22.9,,,
2026-09-21T05:00:00Z,2026-09-21T07:00:48Z,70,8.0,10.0,,,,,1018.3,26.0,26.4,22.8,,+0.5,
2026-09-21T05:10:00Z,2026-09-21T07:00:48Z,70,8.0,10.0,2.0,,6.0,97,1018.5,26.0,26.4,22.9,,,
2026-09-21T05:20:00Z,2026-09-21T07:00:48Z,70,8.0,10.0,2.0,9,6.0,97,1018.5,26.0,,23.0,,,
2026-09-21T05:30:00Z,2026-09-21T07:00:48Z,70,8.0,10.0,,,,,1018.6,25.9,26.4,22.8,,,
2026-09-21T05:40:00Z,2026-09-21T07:00:48Z,70,8.0,9.0,,,,,1018.7,26.0,,22.9,,,
2026-09-21T05:50:00Z,2026-09-21T07:00:48Z,70,8.0,9.0,2.0,9,5.9,93,1018.7,26.0,26.4,22.9,,,
2026-09-21T06:00:00Z,2026-09-21T07:00:48Z,70,8.0,9.0,,,,,1018.9,25.9,26.4,22.8,,+1.1,
2026-09-21T06:10:00Z,2026-09-21T07:00:48Z,70,8.0,9.0,,,,,1018.9,26.0,26.4,23.0,,,
2026-09-21T06:20:00Z,2026-09-21T07:00:48Z,70,8.0,10.0,2.0,9,6.2,98,1019.0,25.9,26.3,22.9,,,
2026-09-21T06:30:00Z,2026-09-21T07:00:48Z,70,8.0,9.0,,,,,1019.1,25.9,26.3,22.9,,,
2026-09-21T06:40:00Z,2026-09-21T14:30:10Z,70,7.0,9.0,2.0,,6.0,96,1019.3,25.9,,23.1,,,
2026-09-21T06:50:00Z,2026-09-21T14:30:10Z,70,8.0,10.0,2.0,9,6.0,96,1019.2,25.9,,22.9,,,
2026-09-21T07:00:00Z,2026-09-21T14:30:10Z,70,8.0,10.0,,,,,1019.3,,26.3,,,+1.3,
2026-09-21T07:10:00Z,2026-09-21T14:30:10Z,70,8.0,10.0,,,,,1019.3,,26.3,,,,
2026-09-21T07:20:00Z,2026-09-21T14:30:10Z,70,8.0,10.0,2.1,,6.2,102,1019.3,,26.3,,,,
2026-09-21T07:30:00Z,2026-09-21T14:30:10Z,70,8.0,10.0,,,,,1019.4,26.0,26.3,22.8,,,
2026-09-21T07:40:00Z,2026-09-21T14:30:10Z,60,7.0,9.0,2.0,,5.9,103,1019.5,26.0,26.3,23.1,,,
2026-09-21T07:50:00Z,2026-09-21T14:30:10Z,70,8.0,10.0,2.0,9,5.9,103,1019.6,26.0,,23.1,,,
2026-09-21T08:00:00Z,2026-09-21T14:30:10Z,70,8.0,9.0,,,,,1019.7,26.0,26.3,23.1,,+1.4,
2026-09-21T08:10:00Z,2026-09-21T14:30:10Z,70,7.0,9.0,,,,,1019.7,26.0,26.3,23.2,,,
2026-09-21T08:20:00Z,2026-09-21T14:30:10Z,70,7.0,9.0,2.0,10,5.8,104,1019.6,26.0,26.3,22.9,,,
2026-09-21T08:30:00Z,2026-09-21T14:30:10Z,70,8.0,9.0,,,,,1019.7,26.1,26.3,22.9,,,
2026-09-21T08:40:00Z,2026-09-21T14:30:10Z,70,8.0,10.0,,,,,1019.8,26.0,26.3,22.9,,,
2026-09-21T08:50:00Z,2026-09-21T14:30:10Z,70,8.0,10.0,2.1,9,5.9,99,1019.7,26.0,26.3,23.0,,,
2026-09-21T09:00:00Z,2026-09-21T14:30:10Z,70,8.0,10.0,,,,,1019.6,26.0,26.3,22.9,,+0.7,
2026-09-21T09:10:00Z,2026-09-21T14:30:10Z,80,8.0,9.0,,,,,1019.6,26.0,26.3,22.8,,,
2026-09-21T09:20:00Z,2026-09-21T14:30:10Z,70,8.0,10.0,2.0,10,6.0,103,1019.6,26.0,26.3,23.0,,,
2026-09-21T09:30:00Z,2026-09-21T14:30:10Z,80,9.0,11.0,,,,,1019.5,25.8,26.3,23.0,,,
2026-09-21T09:40:00Z,2026-09-21T14:30:10Z,80,9.0,10.0,2.1,,6.1,96,1019.4,25.7,26.3,22.9,,,
2026-09-21T09:50:00Z,2026-09-21T14:30:10Z,80,9.0,11.0,2.1,,6.1,96,1019.3,,,,,,
2026-09-21T10:00:00Z,2026-09-21T14:30:10Z,80,8.0,10.0,,,,,1019.2,25.8,26.3,22.3,,+0.0,
2026-09-21T10:10:00Z,2026-09-21T14:30:10Z,80,8.0,10.0,,,,,1019.1,26.0,26.3,22.2,,,
2026-09-21T10:20:00Z,2026-09-21T14:30:10Z,90,8.0,10.0,2.0,10,6.0,104,1019.1,26.2,26.3,22.0,,,
2026-09-21T10:30:00Z,2026-09-21T14:30:10Z,80,8.0,10.0,,,,,1019.0,26.3,26.3,22.3,,,
2026-09-21T10:40:00Z,2026-09-21T14:30:10Z,80,8.0,10.0,2.0,,5.8,97,1018.9,26.1,26.3,22.7,,,
2026-09-21T10:50:00Z,2026-09-21T14:30:10Z,80,8.0,10.0,2.0,7,5.8,97,1018.9,26.0,,22.6,,,
2026-09-21T11:00:00Z,2026-09-21T14:30:10Z,70,8.0,10.0,,,,,1018.8,26.1,26.3,22.6,,-0.9,
2026-09-21T11:10:00Z,2026-09-21T14:30:10Z,80,7.0,9.0,2.1,,6.1,99,1018.9,26.0,26.3,22.7,,,
2026-09-21T11:20:00Z,2026-09-21T14:30:10Z,80,7.0,8.0,2.1,8,6.1,99,1018.8,25.9,26.3,23.1,,,
2026-09-21T11:30:00Z,2026-09-21T14:30:10Z,70,7.0,9.0,,,,,1018.8,25.8,26.3,23.1,,,
2026-09-21T11:40:00Z,2026-09-21T14:30:10Z,70,7.0,9.0,1.9,,5.8,92,1018.7,25.7,26.3,23.1,,,
2026-09-21T11:50:00Z,2026-09-21T14:30:10Z,70,8.0,9.0,1.9,9,5.8,92,1018.7,25.6,26.3,22.8,,,
2026-09-21T12:00:00Z,2026-09-21T14:30:10Z,60,7.0,9.0,,,,,1018.7,25.7,26.3,22.6,,-0.9,
2026-09-21T12:10:00Z,2026-09-21T14:30:10Z,70,7.0,9.0,2.1,,6.0,92,1018.7,25.7,26.3,23.0,,,
2026-09-21T12:20:00Z,2026-09-21T14:30:10Z,70,8.0,10.0,2.1,9,6.0,92,1018.7,25.7,26.3,23.0,,,
2026-09-21T12:30:00Z,2026-09-21T14:30:10Z,70,9.0,10.0,,,,,1018.6,25.8,26.3,22.8,,,
2026-09-21T12:40:00Z,2026-09-21T14:30:10Z,70,8.0,10.0,2.1,,6.1,101,1018.5,25.8,26.3,22.7,,,
2026-09-21T12:50:00Z,2026-09-21T14:30:10Z,70,9.0,11.0,2.1,8,6.1,101,1018.3,25.7,,22.6,,,
2026-09-21T13:00:00Z,2026-09-21T14:30:10Z,70,9.0,10.0,,,,,1018.3,25.7,26.3,22.7,,-0.9,
2026-09-21T13:10:00Z,2026-09-21T14:30:10Z,70,8.0,11.0,2.3,,6.2,100,1018.3,25.7,26.3,22.5,,,
2026-09-21T13:20:00Z,2026-09-21T14:30:10Z,60,8.0,10.0,2.3,10,6.2,100,1018.3,25.7,,22.4,,,
2026-09-21T13:30:00Z,2026-09-21T14:30:10Z,70,8.0,10.0,,,,,1018.2,25.7,26.3,22.2,,,
2026-09-21T13:40:00Z,2026-09-21T14:30:10Z,70,8.0,10.0,2.1,,6.1,90,1018.2,25.7,26.3,22.4,,,
2026-09-21T13:50:00Z,2026-09-21T14:30:10Z,60,8.0,10.0,2.1,9,6.1,90,1018.2,25.7,26.3,22.4,,,
2026-09-21T14:00:00Z,2026-09-21T14:30:10Z,60,8.0,10.0,,,,,1018.1,25.7,26.3,22.2,,-0.7,
2026-09-21T14:10:00Z,2026-09-21T18:53:30Z,70,8.0,10.0,2.2,,6.0,99,1018.1,25.7,26.3,22.3,,,
2026-09-21T14:20:00Z,2026-09-21T18:53:30Z,60,8.0,10.0,2.2,9,6.0,99,1017.9,25.6,26.3,22.2,,,
2026-09-21T14:30:00Z,2026-09-21T18:53:30Z,70,8.0,10.0,,,,,1017.9,25.6,26.3,22.2,,,
2026-09-21T14:40:00Z,2026-09-21T18:53:30Z,60,8.0,10.0,2.0,,6.1,98,1017.9,25.6,26.3,22.3,,,
2026-09-21T14:50:00Z,2026-09-21T18:53:30Z,60,8.0,9.0,2.0,8,6.1,98,1017.9,25.6,,22.5,,,
2026-09-21T15:00:00Z,2026-09-21T18:53:30Z,60,8.0,10.0,,,,,1018.0,25.5,26.3,22.4,,-0.7,
2026-09-21T15:10:00Z,2026-09-21T18:53:30Z,70,8.0,9.0,2.0,,5.9,101,1018.1,25.5,26.3,22.2,,,
2026-09-21T15:20:00Z,2026-09-21T18:53:30Z,70,8.0,10.0,2.0,8,5.9,101,1018.0,25.6,26.3,22.2,,,
2026-09-21T15:30:00Z,2026-09-21T18:53:30Z,60,8.0,10.0,,,,,1018.1,25.5,26.3,22.4,,,
2026-09-21T15:40:00Z,2026-09-21T18:53:30Z,70,8.0,9.0,2.0,,5.8,97,1018.2,25.5,26.3,22.2,,,
2026-09-21T15:50:00Z,2026-09-21T18:53:30Z,70,8.0,10.0,2.0,8,5.8,97,1018.2,25.6,,22.2,,,
2026-09-21T16:00:00Z,2026-09-21T18:53:30Z,70,8.0,9.0,,,,,1018.3,25.6,26.3,22.2,,-0.0,
2026-09-21T16:10:00Z,2026-09-21T18:53:30Z,70,8.0,9.0,2.3,,6.3,104,1018.3,25.6,26.3,22.4,,,
2026-09-21T16:20:00Z,2026-09-21T18:53:30Z,70,8.0,9.0,2.3,10,6.3,104,1018.2,25.6,26.3,22.6,,,
2026-09-21T16:30:00Z,2026-09-21T18:53:30Z,70,8.0,10.0,,,,,1018.2,25.6,26.3,22.5,,,
2026-09-21T16:40:00Z,2026-09-21T18:53:30Z,60,8.0,10.0,,,,,1018.4,25.5,26.3,22.4,,,
2026-09-21T16:50:00Z,2026-09-21T18:53:30Z,60,8.0,10.0,2.1,7,5.9,103,1018.5,25.5,26.3,22.4,,,
2026-09-21T17:00:00Z,2026-09-21T18:53:30Z,60,8.0,10.0,,,,,1018.4,25.5,26.3,22.5,,+0.3,
2026-09-21T17:10:00Z,2026-09-21T18:53:30Z,60,9.0,10.0,2.1,,6.0,100,1018.6,25.5,26.3,22.5,,,
2026-09-21T17:20:00Z,2026-09-21T18:53:30Z,60,8.0,10.0,2.1,8,6.0,100,1018.7,25.5,26.3,22.4,,,
2026-09-21T17:30:00Z,2026-09-21T18:53:30Z,60,9.0,10.0,,,,,1018.7,25.6,26.3,22.6,,,
2026-09-21T17:40:00Z,2026-09-21T18:53:30Z,60,9.0,11.0,2.0,,5.8,94,1018.8,25.6,26.3,22.6,,,
2026-09-21T17:50:00Z,2026-09-21T18:53:30Z,60,9.0,11.0,2.0,9,5.8,94,1018.9,25.6,26.3,22.5,,,
2026-09-21T18:00:00Z,2026-09-21T18:53:30Z,70,9.0,11.0,,,,,1019.1,25.6,26.3,22.3,,+1.1,
2026-09-21T18:10:00Z,2026-09-21T18:53:30Z,60,9.0,11.0,2.1,,5.9,90,1019.2,25.6,26.3,22.5,,,
2026-09-21T18:20:00Z,2026-09-21T18:53:30Z,60,8.0,10.0,2.1,9,5.9,90,1019.5,25.6,26.3,22.6,,,
2026-09-21T18:30:00Z,2026-09-21T22:46:46Z,60,8.0,10.0,,,,,1019.6,25.6,26.3,22.5,,,
2026-09-21T18:40:00Z,2026-09-21T22:46:46Z,60,8.0,10.0,2.1,,5.8,92,1019.6,25.6,26.3,22.2,,,
2026-09-21T18:50:00Z,2026-09-21T22:46:46Z,70,8.0,9.0,2.1,8,5.8,92,1019.7,25.7,26.3,22.2,,,
2026-09-21T19:00:00Z,2026-09-21T22:46:46Z,70,8.0,9.0,,,,,1019.6,25.7,26.3,22.4,,+1.3,
2026-09-21T19:10:00Z,2026-09-21T22:46:46Z,,,,2.0,8,5.7,98,,,,,,,
2026-09-21T19:20:00Z,2026-09-21T22:46:46Z,70,8.0,9.0,2.0,,5.7,98,1019.7,25.7,26.3,22.6,,,
2026-09-21T19:30:00Z,2026-09-21T22:46:46Z,70,8.0,10.0,,,,,1019.8,25.8,26.3,22.3,,,
2026-09-21T19:40:00Z,2026-09-21T22:46:46Z,70,8.0,10.0,,,,,1019.7,25.8,26.3,22.2,,,
2026-09-21T19:50:00Z,2026-09-21T22:46:46Z,70,8.0,10.0,2.1,,5.9,98,1019.7,,26.3,,,,
2026-09-21T20:00:00Z,2026-09-21T22:46:46Z,70,8.0,10.0,,,,,1019.7,25.9,26.3,22.1,,+1.3,
2026-09-21T20:10:00Z,2026-09-21T22:46:46Z,70,8.0,9.0,2.1,,5.7,107,1019.7,25.9,26.3,22.2,,,
2026-09-21T20:20:00Z,2026-09-21T22:46:46Z,70,8.0,11.0,2.1,7,5.7,107,1019.7,25.8,,22.0,,,
2026-09-21T20:30:00Z,2026-09-21T22:46:46Z,80,8.0,9.0,2.2,,6.0,88,1019.7,25.8,26.3,22.0,,,
2026-09-21T20:40:00Z,2026-09-21T22:46:46Z,80,8.0,10.0,,,,,1019.7,25.9,26.3,21.8,,,
2026-09-21T20:50:00Z,2026-09-21T22:46:46Z,70,8.0,9.0,2.2,9,6.0,88,1019.8,25.8,,22.1,,,
2026-09-21T21:00:00Z,2026-09-21T22:46:46Z,70,8.0,9.0,,,,,1019.8,25.8,26.3,21.9,,+0.7,
2026-09-21T21:10:00Z,2026-09-21T22:46:46Z,70,7.0,9.0,2.1,,5.9,93,1019.8,25.8,26.3,21.8,,,
2026-09-21T21:20:00Z,2026-09-21T22:46:46Z,70,7.0,9.0,2.1,9,5.9,93,1019.7,25.9,26.3,22.1,,,
2026-09-21T21:30:00Z,2026-09-21T22:46:46Z,70,7.0,9.0,,,,,1019.7,25.8,26.3,21.9,,,
2026-09-21T21:40:00Z,2026-09-21T22:46:46Z,,,,2.2,9,6.0,95,,,,,,,
2026-09-21T21:50:00Z,2026-09-22T12:00:08Z,60,7.0,8.0,2.2,,6.0,95,1019.6,25.8,26.3,22.0,,,
2026-09-21T22:00:00Z,2026-09-22T12:00:08Z,60,6.0,8.0,,,,,1019.6,25.8,26.3,22.0,,+0.0,
2026-09-21T22:20:00Z,2026-09-22T12:00:08Z,70,7.0,9.0,1.9,9,5.9,97,1019.2,25.8,26.3,22.1,,,
2026-09-21T22:30:00Z,2026-09-22T12:00:08Z,70,7.0,8.0,,,,,1018.9,25.8,26.3,22.1,,,
2026-09-21T22:40:00Z,2026-09-22T12:00:08Z,70,7.0,8.0,2.0,,6.0,103,1018.9,25.8,26.3,22.2,,,
2026-09-21T22:50:00Z,2026-09-22T12:00:08Z,70,7.0,9.0,2.0,7,6.0,103,1018.7,25.8,26.3,22.2,,,
2026-09-21T23:30:00Z,2026-09-22T12:00:08Z,70,7.0,8.0,,,,,1018.3,25.8,26.4,22.0,,,
2026-09-21T23:40:00Z,2026-09-22T12:00:08Z,70,7.0,9.0,2.2,,6.1,94,1018.3,25.9,26.4,21.9,,,
2026-09-21T23:50:00Z,2026-09-22T12:00:08Z,70,7.0,8.0,2.2,8,6.1,94,1018.2,25.8,26.4,21.8,,,
2026-09-22T00:00:00Z,2026-09-22T12:00:08Z,70,6.0,8.0,,,,,1018.1,25.8,26.4,22.0,,-1.7,
2026-09-22T00:10:00Z,2026-09-22T12:00:08Z,70,6.0,7.0,,,,,1017.9,25.8,26.4,22.3,,,
2026-09-22T00:20:00Z,2026-09-22T12:00:08Z,70,6.0,7.0,1.9,8,5.8,99,1017.9,25.8,,22.2,,,
2026-09-22T00:30:00Z,2026-09-22T12:00:08Z,80,6.0,8.0,,,,,1017.6,25.8,26.4,21.9,,,
2026-09-22T00:40:00Z,2026-09-22T12:00:08Z,70,7.0,9.0,2.0,,6.2,97,1017.3,25.8,26.4,22.4,,,
2026-09-22T00:50:00Z,2026-09-22T12:00:08Z,70,7.0,8.0,2.0,9,6.2,97,1017.4,25.8,26.4,22.5,,,
2026-09-22T01:00:00Z,2026-09-22T12:00:08Z,70,6.0,7.0,,,,,1017.4,25.8,26.4,22.5,,-2.2,
2026-09-22T01:10:00Z,2026-09-22T12:00:08Z,80,6.0,7.0,1.9,,6.2,104,1017.3,25.7,26.4,22.6,,,
2026-09-22T01:20:00Z,2026-09-22T12:00:08Z,80,6.0,7.0,1.9,9,6.2,104,1017.5,25.8,26.4,22.5,,,
2026-09-22T01:30:00Z,2026-09-22T12:00:08Z,70,6.0,8.0,,,,,1017.3,25.8,26.4,22.1,,,
2026-09-22T01:40:00Z,2026-09-22T12:00:08Z,80,7.0,8.0,,,,,1017.3,25.8,26.4,22.1,,,
2026-09-22T01:50:00Z,2026-09-22T12:00:08Z,80,6.0,8.0,1.9,9,6.2,98,1017.3,25.8,26.4,22.1,,,
2026-09-22T02:00:00Z,2026-09-22T12:00:08Z,70,6.0,8.0,,,,,1017.4,25.8,26.4,22.1,,-1.1,
2026-09-22T02:10:00Z,2026-09-22T12:00:08Z,70,6.0,7.0,,,,,1017.4,25.8,26.4,22.2,,,
2026-09-22T02:20:00Z,2026-09-22T12:00:08Z,80,6.0,7.0,1.8,9,6.0,100,1017.5,25.8,26.4,22.2,,,
2026-09-22T02:30:00Z,2026-09-22T12:00:08Z,70,6.0,7.0,,,,,1017.5,25.8,26.4,22.1,,,
2026-09-22T02:40:00Z,2026-09-22T12:00:08Z,70,6.0,7.0,1.8,,5.9,102,1017.2,25.8,26.4,22.2,,,
2026-09-22T02:50:00Z,2026-09-22T12:00:08Z,70,6.0,8.0,1.8,8,5.9,102,1017.3,25.8,26.4,22.2,,,
2026-09-22T03:00:00Z,2026-09-22T12:00:08Z,80,6.0,8.0,,,,,1017.3,25.8,26.4,22.1,,-0.8,
2026-09-22T03:10:00Z,2026-09-22T12:00:08Z,70,6.0,7.0,1.8,,6.1,101,1017.4,25.8,26.4,22.1,,,
2026-09-22T03:20:00Z,2026-09-22T12:00:08Z,70,6.0,7.0,1.8,8,6.1,101,1017.4,25.8,26.4,22.2,,,
2026-09-22T03:30:00Z,2026-09-22T12:00:08Z,70,6.0,7.0,,,,,1017.3,25.8,26.4,22.0,,,
2026-09-22T03:40:00Z,2026-09-22T12:00:08Z,70,6.0,8.0,1.8,,6.4,100,1017.5,25.8,26.4,22.0,,,
2026-09-22T03:50:00Z,2026-09-22T12:00:08Z,70,6.0,7.0,1.8,10,6.4,100,1017.5,25.8,26.4,22.0,,,
2026-09-22T04:00:00Z,2026-09-22T12:00:08Z,70,6.0,7.0,,,,,1017.6,25.8,26.4,22.1,,-0.0,
2026-09-22T04:10:00Z,2026-09-22T12:00:08Z,60,6.0,7.0,,,,,1017.6,25.8,26.4,22.0,,,
2026-09-22T04:20:00Z,2026-09-22T12:00:08Z,60,6.0,7.0,1.9,9,6.2,108,1017.6,25.8,26.4,22.1,,,
2026-09-22T04:30:00Z,2026-09-22T12:00:08Z,70,6.0,7.0,,,,,1017.8,25.8,26.4,22.0,,,
2026-09-22T04:40:00Z,2026-09-22T12:00:08Z,60,6.0,7.0,1.9,,6.4,106,1018.0,25.8,26.4,22.0,,,
2026-09-22T04:50:00Z,2026-09-22T12:00:08Z,60,6.0,7.0,1.9,9,6.4,106,1018.2,25.8,26.3,22.1,,,
2026-09-22T05:00:00Z,2026-09-22T12:00:08Z,60,6.0,7.0,,,,,1018.2,25.8,26.3,22.0,,+0.8,
2026-09-22T05:10:00Z,2026-09-22T12:00:08Z,60,6.0,7.0,1.7,,6.4,103,1018.4,25.8,26.3,22.0,,,
2026-09-22T05:20:00Z,2026-09-22T12:00:08Z,50,6.0,7.0,1.7,9,6.4,103,1018.5,25.8,26.3,22.0,,,
2026-09-22T05:30:00Z,2026-09-22T12:00:08Z,50,6.0,7.0,,,,,1018.7,25.8,26.3,22.1,,,
2026-09-22T05:40:00Z,2026-09-22T12:00:08Z,50,6.0,7.0,1.9,,6.3,103,1018.7,25.8,26.3,22.1,,,
2026-09-22T05:50:00Z,2026-09-22T12:00:08Z,60,6.0,7.0,1.9,10,6.3,103,1018.7,25.8,,22.2,,,
2026-09-22T06:00:00Z,2026-09-22T12:00:08Z,50,6.0,8.0,,,,,1018.7,25.8,26.3,22.2,,+1.4,
2026-09-22T06:10:00Z,2026-09-22T12:00:08Z,60,6.0,8.0,,,,,1018.8,25.8,26.3,22.2,,,
2026-09-22T06:20:00Z,2026-09-22T12:00:08Z,50,7.0,8.0,1.8,10,6.5,108,1018.9,25.8,26.3,22.3,,,
2026-09-22T06:30:00Z,2026-09-22T12:00:08Z,50,7.0,8.0,,,,,1019.0,25.8,26.3,22.2,,,
2026-09-22T06:40:00Z,2026-09-22T12:00:08Z,60,7.0,8.0,1.9,,6.4,108,1019.0,25.8,26.3,22.3,,,
2026-09-22T06:50:00Z,2026-09-22T12:00:08Z,60,7.0,8.0,1.9,,6.4,108,1019.0,,26.3,,,,
2026-09-22T07:00:00Z,2026-09-22T12:00:08Z,60,7.0,8.0,,,,,1019.1,25.8,26.3,22.4,,+1.5,
2026-09-22T07:10:00Z,2026-09-22T12:00:08Z,60,7.0,9.0,1.9,,6.4,181,1019.2,25.8,26.3,22.3,,,
2026-09-22T07:20:00Z,2026-09-22T12:00:08Z,60,7.0,8.0,1.9,13,6.4,181,1019.3,25.7,26.3,22.3,,,
2026-09-22T07:30:00Z,2026-09-22T12:00:08Z,60,7.0,9.0,,,,,1019.4,25.7,26.3,22.2,,,
2026-09-22T07:40:00Z,2026-09-22T12:00:08Z,60,7.0,8.0,1.9,,6.5,176,1019.5,25.8,26.3,22.1,,,
2026-09-22T07:50:00Z,2026-09-22T12:00:08Z,60,7.0,9.0,1.9,14,6.5,176,1019.6,25.8,,22.3,,,
2026-09-22T08:00:00Z,2026-09-22T12:00:08Z,60,7.0,8.0,,,,,1019.6,25.8,26.3,22.2,,+1.4,
2026-09-22T08:10:00Z,2026-09-22T12:00:08Z,60,7.0,8.0,,,,,1019.7,25.8,26.3,22.1,,,
2026-09-22T08:20:00Z,2026-09-22T12:00:08Z,60,7.0,8.0,2.0,12,6.6,32,1019.7,25.8,26.3,22.0,,,
2026-09-22T08:30:00Z,2026-09-22T12:00:08Z,60,7.0,8.0,,,,,1019.7,25.8,26.3,22.0,,,
2026-09-22T08:40:00Z,2026-09-22T12:00:08Z,50,7.0,8.0,,,,,1019.7,25.7,26.3,22.0,,,
2026-09-22T08:50:00Z,2026-09-22T12:00:08Z,60,7.0,8.0,2.0,9,6.8,101,1019.6,25.7,,22.1,,,
2026-09-22T09:00:00Z,2026-09-22T12:00:08Z,60,7.0,8.0,,,,,1019.6,25.7,26.3,22.0,,+0.9,
2026-09-22T09:10:00Z,2026-09-22T12:00:08Z,60,7.0,8.0,,,,,1019.6,25.7,26.3,22.1,,,
2026-09-22T09:20:00Z,2026-09-22T12:00:08Z,60,6.0,7.0,1.9,9,6.4,103,1019.6,25.7,,22.4,,,
2026-09-22T09:30:00Z,2026-09-22T12:00:08Z,50,6.0,8.0,,,,,1019.3,25.6,26.3,22.3,,,
2026-09-22T09:40:00Z,2026-09-22T12:00:08Z,50,7.0,8.0,,,,,1019.5,25.6,26.3,22.4,,,
2026-09-22T09:50:00Z,2026-09-22T12:00:08Z,50,7.0,8.0,1.8,10,6.2,80,1019.3,25.6,,22.2,,,
2026-09-22T10:00:00Z,2026-09-22T12:00:08Z,50,7.0,8.0,,,,,1019.4,25.6,26.3,22.2,,+0.3,
2026-09-22T10:10:00Z,2026-09-22T12:00:08Z,60,7.0,8.0,2.0,,6.6,86,1019.3,25.6,26.3,22.1,,,
2026-09-22T10:20:00Z,2026-09-22T12:00:08Z,50,6.0,8.0,2.0,10,6.6,86,1019.4,25.6,26.3,22.0,,,
2026-09-22T10:30:00Z,2026-09-22T12:00:08Z,50,6.0,7.0,,,,,1019.3,25.6,26.3,22.3,,,
2026-09-22T10:40:00Z,2026-09-22T12:00:08Z,60,7.0,8.0,2.1,,6.7,65,1019.2,25.6,26.3,22.0,,,
2026-09-22T10:50:00Z,2026-09-22T12:00:08Z,60,7.0,8.0,2.1,10,6.7,65,1019.1,25.6,26.3,22.0,,,
2026-09-22T11:00:00Z,2026-09-22T12:00:08Z,60,7.0,9.0,,,,,1018.9,25.6,26.3,21.9,,-0.7,
2026-09-22T11:10:00Z,2026-09-22T12:00:08Z,60,7.0,8.0,2.1,,6.7,62,1018.9,25.6,26.3,21.9,,,
2026-09-22T11:20:00Z,2026-09-22T12:00:08Z,60,7.0,8.0,2.1,10,6.7,62,1018.7,25.5,26.3,21.9,,,
2026-09-22T11:30:00Z,2026-09-22T12:00:08Z,60,7.0,8.0,,,,,1018.7,25.5,26.3,22.0,,,
2026-09-22T11:40:00Z,2026-09-22T16:38:06Z,60,6.0,8.0,2.0,,6.7,84,1018.9,25.5,26.3,22.0,,,
2026-09-22T11:50:00Z,2026-09-22T16:38:06Z,60,6.0,7.0,2.0,,6.7,84,1018.8,,26.3,,,,
2026-09-22T12:00:00Z,2026-09-22T16:38:06Z,60,6.0,8.0,,,,,1018.7,25.5,26.3,21.9,,-0.9,
2026-09-22T12:10:00Z,2026-09-22T16:38:06Z,60,7.0,8.0,1.9,,6.5,90,1018.5,25.5,26.3,21.6,,,
2026-09-22T12:20:00Z,2026-09-22T16:38:06Z,60,7.0,8.0,1.9,8,6.5,90,1018.4,25.5,26.2,21.3,,,
2026-09-22T12:30:00Z,2026-09-22T16:38:06Z,60,6.0,8.0,,,,,1018.2,25.5,26.3,21.5,,,
2026-09-22T12:40:00Z,2026-09-22T16:38:06Z,50,6.0,8.0,1.8,,6.5,34,1018.2,25.4,26.2,21.6,,,
2026-09-22T12:50:00Z,2026-09-22T16:38:06Z,60,6.0,7.0,1.8,11,6.5,34,1018.2,25.4,26.2,21.7,,,
2026-09-22T13:00:00Z,2026-09-22T16:38:06Z,50,6.0,7.0,,,,,1018.1,25.4,26.3,22.0,,-1.3,
2026-09-22T13:10:00Z,2026-09-22T16:38:06Z,60,7.0,8.0,1.7,,6.4,7,1017.9,25.4,26.3,21.5,,,
2026-09-22T13:20:00Z,2026-09-22T16:38:06Z,60,7.0,8.0,1.7,11,6.4,7,1017.8,25.4,26.3,21.3,,,
2026-09-22T13:30:00Z,2026-09-22T16:38:06Z,60,6.0,8.0,,,,,1017.7,25.4,26.3,21.4,,,
2026-09-22T13:40:00Z,2026-09-22T16:38:06Z,60,6.0,8.0,2.0,,6.5,91,1017.8,25.4,26.3,21.3,,,
2026-09-22T13:50:00Z,2026-09-22T16:38:06Z,60,6.0,7.0,2.0,9,6.5,91,1017.6,25.3,26.2,21.4,,,
2026-09-22T14:00:00Z,2026-09-22T16:38:06Z,60,6.0,7.0,,,,,1017.5,25.3,26.3,21.3,,-1.4,
2026-09-22T14:10:00Z,2026-09-22T16:38:06Z,60,5.0,7.0,2.0,,6.9,79,1017.6,25.3,26.3,21.5,,,
2026-09-22T14:20:00Z,2026-09-22T16:38:06Z,60,5.0,7.0,2.0,10,6.9,79,1017.6,25.3,,21.6,,,
2026-09-22T14:30:00Z,2026-09-22T16:38:06Z,60,5.0,6.0,,,,,1017.5,25.2,26.3,21.7,,,
2026-09-22T14:40:00Z,2026-09-22T16:38:06Z,50,6.0,7.0,2.0,,7.0,14,1017.4,25.3,,22.0,,,
2026-09-22T14:50:00Z,2026-09-22T16:38:06Z,60,6.0,8.0,2.0,11,7.0,14,1017.4,25.3,26.2,21.6,,,
2026-09-22T15:00:00Z,2026-09-22T16:38:06Z,50,6.0,7.0,,,,,1017.5,25.3,26.2,21.4,,-1.2,
2026-09-22T15:10:00Z,2026-09-22T16:38:06Z,60,6.0,7.0,2.0,,6.9,49,1017.6,25.3,26.2,21.2,,,
2026-09-22T15:20:00Z,2026-09-22T16:38:06Z,60,6.0,7.0,2.0,10,6.9,49,1017.7,25.3,26.2,21.2,,,
2026-09-22T15:30:00Z,2026-09-22T16:38:06Z,60,6.0,8.0,,,,,1017.7,25.3,26.2,21.4,,,
2026-09-22T15:40:00Z,2026-09-22T16:38:06Z,60,6.0,7.0,2.1,,6.8,59,1017.7,25.3,26.2,21.4,,,
2026-09-22T15:50:00Z,2026-09-22T16:38:06Z,60,6.0,7.0,2.1,10,6.8,59,1017.7,25.3,26.2,21.5,,,
2026-09-22T16:00:00Z,2026-09-22T16:38:06Z,50,6.0,8.0,,,,,1017.7,25.3,26.2,21.6,,-0.4,
2026-09-22T16:10:00Z,2026-09-22T16:38:06Z,60,6.0,8.0,,,,,1017.7,25.3,26.2,21.6,,,
2026-09-22T16:20:00Z,2026-09-22T20:04:02Z,60,6.0,7.0,2.0,9,6.8,85,1017.8,25.3,26.2,21.5,,,
2026-09-22T16:30:00Z,2026-09-22T20:04:02Z,60,6.0,7.0,,,,,1017.9,25.3,26.2,21.7,,,
2026-09-22T16:40:00Z,2026-09-22T20:04:02Z,50,6.0,8.0,2.0,,6.6,82,1018.0,25.2,26.2,21.5,,,
2026-09-22T16:50:00Z,2026-09-22T20:04:02Z,60,6.0,7.0,2.0,9,6.6,82,1018.1,25.3,26.2,21.5,,,
2026-09-22T17:00:00Z,2026-09-22T20:04:02Z,50,6.0,7.0,,,,,1018.1,25.3,26.2,21.6,,+0.6,
2026-09-22T17:10:00Z,2026-09-22T20:04:02Z,50,6.0,7.0,2.1,,6.9,66,1018.2,25.4,26.2,21.8,,,
2026-09-22T17:20:00Z,2026-09-22T20:04:02Z,60,6.0,8.0,2.1,10,6.9,66,1018.3,25.4,,21.7,,,
2026-09-22T17:30:00Z,2026-09-22T20:04:02Z,60,6.0,8.0,,,,,1018.2,25.4,26.2,21.5,,,
2026-09-22T17:40:00Z,2026-09-22T20:04:02Z,60,7.0,8.0,,,,,1018.3,25.5,26.2,21.4,,,
2026-09-22T17:50:00Z,2026-09-22T20:04:02Z,60,7.0,8.0,2.0,10,6.6,70,1018.3,25.4,26.2,21.7,,,
2026-09-22T18:00:00Z,2026-09-22T20:04:02Z,60,7.0,8.0,,,,,1018.4,25.4,26.2,21.7,,+0.9,
2026-09-22T18:10:00Z,2026-09-22T20:04:02Z,60,7.0,8.0,2.0,,6.7,65,1018.4,25.5,26.2,21.6,,,
2026-09-22T18:20:00Z,2026-09-22T20:04:02Z,60,7.0,8.0,2.0,,6.7,65,1018.5,,26.2,,,,
2026-09-22T18:30:00Z,2026-09-22T20:04:02Z,60,7.0,8.0,,,,,1018.6,25.5,26.2,21.8,,,
2026-09-22T18:40:00Z,2026-09-22T20:04:02Z,,,,2.0,9,6.5,72,,,,,,,
2026-09-22T18:50:00Z,2026-09-22T20:04:02Z,60,7.0,8.0,2.0,,6.5,72,1018.9,25.5,26.2,21.5,,,
2026-09-22T19:00:00Z,2026-09-22T20:04:02Z,60,6.0,8.0,,,,,1018.9,,26.2,,,+1.2,
2026-09-22T19:10:00Z,2026-09-22T20:04:02Z,60,6.0,7.0,2.0,10,6.6,45,1019.0,25.5,26.2,21.7,,,
2026-09-22T19:20:00Z,2026-09-22T22:53:25Z,60,6.0,7.0,2.0,,6.6,45,1018.9,25.5,26.2,21.7,,,
2026-09-22T19:30:00Z,2026-09-22T22:53:25Z,60,6.0,7.0,,,,,1018.9,25.5,26.3,21.6,,,
2026-09-22T19:40:00Z,2026-09-22T22:53:25Z,60,6.0,7.0,,,,,1018.9,25.6,26.3,21.8,,,
2026-09-22T19:50:00Z,2026-09-22T22:53:25Z,50,6.0,7.0,1.9,11,6.3,357,1018.9,25.5,,21.7,,,
2026-09-22T20:00:00Z,2026-09-22T22:53:25Z,60,6.0,7.0,,,,,1018.9,25.6,26.3,21.6,,+0.8,
2026-09-22T20:10:00Z,2026-09-22T22:53:25Z,50,6.0,7.0,,,,,1018.9,25.6,26.3,21.8,,,
2026-09-22T20:20:00Z,2026-09-22T22:53:25Z,50,6.0,8.0,2.0,10,6.5,32,1018.9,25.5,26.3,21.4,,,
2026-09-22T20:30:00Z,2026-09-22T22:53:25Z,60,6.0,7.0,,,,,1018.9,25.6,26.3,21.5,,,
2026-09-22T20:40:00Z,2026-09-22T22:53:25Z,60,6.0,7.0,2.0,,6.4,81,1018.9,25.6,26.3,21.5,,,
2026-09-22T20:50:00Z,2026-09-22T22:53:25Z,50,6.0,7.0,2.0,9,6.4,81,1018.7,25.6,26.3,21.6,,,
2026-09-22T21:00:00Z,2026-09-22T22:53:25Z,60,6.0,7.0,,,,,1018.6,25.5,26.3,21.6,,+0.0,
2026-09-22T21:10:00Z,2026-09-22T22:53:25Z,60,6.0,7.0,1.9,,6.3,90,1018.3,25.5,26.3,21.7,,,
2026-09-22T21:20:00Z,2026-09-22T22:53:25Z,60,6.0,7.0,1.9,8,6.3,90,1018.4,25.5,26.3,21.6,,,
2026-09-22T21:30:00Z,2026-09-22T22:53:25Z,60,6.0,7.0,,,,,1018.4,25.5,26.3,21.5,,,
2026-09-22T21:40:00Z,2026-09-22T22:53:25Z,50,6.0,7.0,2.0,,6.5,41,1018.3,25.5,26.3,21.6,,,
2026-09-22T21:50:00Z,2026-09-22T22:53:25Z,50,6.0,7.0,2.0,10,6.5,41,1018.2,25.5,26.3,21.7,,,
2026-09-22T22:00:00Z,2026-09-22T22:53:25Z,60,6.0,7.0,,,,,1018.0,25.4,26.3,21.6,,-0.9,
2026-09-22T22:10:00Z,2026-09-22T22:53:25Z,60,6.0,7.0,1.9,,6.2,78,1017.9,25.5,26.3,21.6,,,
2026-09-22T22:20:00Z,2026-09-22T22:53:25Z,50,6.0,7.0,1.9,9,6.2,78,1017.8,25.5,,21.7,,,
2026-09-22T22:30:00Z,2026-09-22T22:53:25Z,50,6.0,7.0,,,,,1017.8,25.5,26.4,21.8,,,
2026-09-22T22:40:00Z,2026-09-23T01:20:36Z,60,6.0,7.0,1.9,,6.2,352,1017.6,25.5,26.4,21.8,,,
2026-09-22T22:50:00Z,2026-09-23T01:20:36Z,50,6.0,7.0,1.9,11,6.2,352,1017.5,25.5,26.4,21.8,,,
2026-09-22T23:00:00Z,2026-09-23T01:20:36Z,60,6.0,7.0,,,,,1017.4,25.5,26.4,21.7,,-1.5,
2026-09-22T23:10:00Z,2026-09-23T01:20:36Z,50,6.0,7.0,1.9,,6.3,13,1017.3,25.5,26.4,21.6,,,
2026-09-22T23:20:00Z,2026-09-23T01:20:36Z,50,6.0,7.0,1.9,10,6.3,13,1017.1,25.5,26.4,21.6,,,
2026-09-22T23:30:00Z,2026-09-23T01:20:36Z,50,6.0,7.0,1.8,,6.2,70,1017.0,25.5,26.4,21.7,,,
2026-09-22T23:40:00Z,2026-09-23T01:20:36Z,50,6.0,7.0,,,,,1016.8,25.5,26.4,21.6,,,
2026-09-22T23:50:00Z,2026-09-23T01:20:36Z,50,6.0,7.0,1.8,9,6.2,70,1016.6,25.5,,21.6,,,
2026-09-23T00:00:00Z,2026-09-23T01:20:36Z,50,6.0,7.0,,,,,1016.6,25.5,26.4,21.8,,-2.0,
2026-09-23T00:10:00Z,2026-09-23T01:20:36Z,50,6.0,7.0,,,,,1016.6,25.5,26.5,21.8,,,
2026-09-23T00:20:00Z,2026-09-23T01:20:36Z,50,6.0,7.0,1.8,11,6.4,0,1016.5,25.5,,21.8,,,
2026-09-23T00:30:00Z,2026-09-23T01:20:36Z,50,6.0,7.0,,,,,1016.5,25.5,26.5,21.6,,,
2026-09-23T00:40:00Z,2026-09-23T01:20:36Z,50,6.0,7.0,1.7,,6.1,57,1016.3,25.5,26.5,21.7,,,
2026-09-23T00:50:00Z,2026-09-23T06:29:20Z,40,6.0,7.0,1.7,9,6.1,57,1016.2,25.6,,21.8,,,
2026-09-23T01:00:00Z,2026-09-23T06:29:20Z,40,6.0,7.0,,,,,1016.2,25.6,,21.6,,-1.8,
2026-09-23T01:10:00Z,2026-09-23T06:29:20Z,40,5.0,7.0,1.8,,6.2,80,1016.0,25.5,26.5,21.7,,,
2026-09-23T01:20:00Z,2026-09-23T06:29:20Z,40,6.0,7.0,1.8,9,6.2,80,1015.9,25.5,26.5,21.6,,,
2026-09-23T01:30:00Z,2026-09-23T06:29:20Z,40,5.0,7.0,,,,,1015.8,25.6,26.5,21.8,,,
2026-09-23T01:40:00Z,2026-09-23T06:29:20Z,40,5.0,6.0,1.8,,6.3,0,1015.7,25.6,26.5,21.8,,,
2026-09-23T01:50:00Z,2026-09-23T06:29:20Z,40,5.0,6.0,1.8,11,6.3,0,1015.7,25.5,,21.9,,,
2026-09-23T02:00:00Z,2026-09-23T06:29:20Z,40,6.0,7.0,1.8,,6.3,74,1015.6,25.6,26.5,21.8,,-1.8,
2026-09-23T02:10:00Z,2026-09-23T06:29:20Z,40,6.0,7.0,,,,,1015.5,25.6,26.5,21.9,,,
2026-09-23T02:20:00Z,2026-09-23T06:29:20Z,40,6.0,7.0,1.8,9,6.3,74,1015.5,25.5,26.5,21.9,,,
2026-09-23T02:30:00Z,2026-09-23T06:29:20Z,40,6.0,7.0,,,,,1015.6,25.6,26.5,22.1,,,
2026-09-23T02:40:00Z,2026-09-23T06:29:20Z,40,6.0,7.0,1.7,,6.1,7,1015.5,25.6,26.5,22.0,,,
2026-09-23T02:50:00Z,2026-09-23T06:29:20Z,40,6.0,7.0,1.7,11,6.1,7,1015.5,25.6,26.5,22.1,,,
2026-09-23T03:00:00Z,2026-09-23T06:29:20Z,40,6.0,7.0,,,,,1015.5,25.6,26.5,22.1,,-1.1,
2026-09-23T03:10:00Z,2026-09-23T06:29:20Z,40,6.0,7.0,,,,,1015.5,25.7,26.5,22.3,,,
2026-09-23T03:20:00Z,2026-09-23T06:29:20Z,40,6.0,8.0,1.8,9,6.4,64,1015.5,25.6,26.5,22.2,,,
2026-09-23T03:30:00Z,2026-09-23T06:29:20Z,40,6.0,8.0,,,,,1015.6,25.7,26.5,22.3,,,
2026-09-23T03:40:00Z,2026-09-23T06:29:20Z,40,6.0,8.0,1.7,,6.3,74,1015.6,25.7,26.5,22.2,,,
2026-09-23T03:50:00Z,2026-09-23T06:29:20Z,40,6.0,8.0,1.7,8,6.3,74,1015.7,25.7,26.5,22.4,,,
2026-09-23T04:00:00Z,2026-09-23T06:29:20Z,40,6.0,7.0,,,,,1015.7,25.7,26.4,22.5,,-0.5,
2026-09-23T04:10:00Z,2026-09-23T06:29:20Z,30,6.0,8.0,1.6,,6.3,68,1015.9,25.7,26.4,22.5,,,
2026-09-23T04:20:00Z,2026-09-23T06:29:20Z,30,6.0,7.0,1.6,9,6.3,68,1015.9,25.7,,22.5,,,
2026-09-23T04:30:00Z,2026-09-23T06:29:20Z,40,6.0,8.0,,,,,1015.9,25.7,26.4,22.5,,,
2026-09-23T04:40:00Z,2026-09-23T06:29:20Z,40,6.0,7.0,1.8,,6.7,75,1016.0,25.7,26.4,22.5,,,
2026-09-23T04:50:00Z,2026-09-23T06:29:20Z,30,6.0,7.0,1.8,9,6.7,75,1016.1,25.7,26.4,22.6,,,
2026-09-23T05:00:00Z,2026-09-23T06:29:20Z,40,6.0,7.0,,,,,1016.2,25.7,26.4,22.7,,+0.6,
2026-09-23T05:10:00Z,2026-09-23T06:29:20Z,40,6.0,8.0,1.8,,6.4,342,1016.2,25.6,26.4,22.7,,,
2026-09-23T05:20:00Z,2026-09-23T06:29:20Z,40,7.0,8.0,1.8,11,6.4,342,1016.3,25.7,26.4,22.7,,,
2026-09-23T05:30:00Z,2026-09-23T06:29:20Z,40,7.0,8.0,,,,,1016.3,25.7,26.4,22.8,,,
2026-09-23T05:40:00Z,2026-09-23T06:29:20Z,40,7.0,8.0,1.7,,6.3,347,1016.5,25.7,26.4,22.8,,,
2026-09-23T05:50:00Z,2026-09-23T06:29:20Z,40,7.0,9.0,1.7,11,6.3,347,1016.5,25.7,26.4,22.8,,,
2026-09-23T06:00:00Z,2026-09-23T11:59:48Z,40,7.0,8.0,,,,,1016.6,25.7,26.4,22.7,,+1.1,
2026-09-23T06:10:00Z,2026-09-23T11:59:48Z,50,7.0,8.0,1.7,,6.2,343,1016.7,25.7,26.4,22.8,,,
2026-09-23T06:20:00Z,2026-09-23T11:59:48Z,50,7.0,8.0,1.7,11,6.2,343,1016.9,25.7,26.4,23.0,,,
2026-09-23T06:30:00Z,2026-09-23T11:59:48Z,40,7.0,8.0,,,,,1017.2,25.7,26.4,22.9,,,
2026-09-23T06:40:00Z,2026-09-23T11:59:48Z,40,7.0,8.0,1.8,,6.4,72,1017.3,25.7,26.3,22.9,,,
2026-09-23T06:50:00Z,2026-09-23T11:59:48Z,40,7.0,8.0,1.8,9,6.4,72,1017.4,25.7,,22.8,,,
2026-09-23T07:00:00Z,2026-09-23T11:59:48Z,40,7.0,8.0,,,,,1017.4,,26.3,,,+1.7,
2026-09-23T07:10:00Z,2026-09-23T11:59:48Z,40,7.0,8.0,1.6,,6.0,58,1017.5,25.6,26.3,22.8,,,
2026-09-23T07:20:00Z,2026-09-23T11:59:48Z,40,6.0,8.0,1.6,9,6.0,58,1017.5,25.7,26.3,22.9,,,
2026-09-23T07:30:00Z,2026-09-23T11:59:48Z,40,6.0,8.0,,,,,1017.6,25.6,26.3,22.9,,,
2026-09-23T07:40:00Z,2026-09-23T11:59:48Z,40,6.0,7.0,,,,,1017.8,25.7,26.3,23.0,,,
2026-09-23T07:50:00Z,2026-09-23T11:59:48Z,40,6.0,8.0,1.7,10,6.1,4,1017.8,25.7,26.3,23.0,,,
2026-09-23T08:00:00Z,2026-09-23T11:59:48Z,50,6.0,7.0,,,,,1017.8,25.7,26.3,23.1,,+1.6,
2026-09-23T08:10:00Z,2026-09-23T11:59:48Z,50,6.0,7.0,1.8,,6.5,83,1017.8,25.7,26.3,23.0,,,
2026-09-23T08:20:00Z,2026-09-23T11:59:48Z,40,6.0,7.0,1.8,9,6.5,83,1017.9,25.8,26.3,23.0,,,
2026-09-23T08:30:00Z,2026-09-23T11:59:48Z,40,6.0,7.0,,,,,1017.9,25.8,26.3,23.3,,,
2026-09-23T08:40:00Z,2026-09-23T11:59:48Z,40,6.0,7.0,1.7,,6.2,38,1017.8,25.8,26.3,23.5,,,
2026-09-23T08:50:00Z,2026-09-23T11:59:48Z,50,6.0,7.0,1.7,9,6.2,38,1017.7,25.8,26.3,23.2,,,
2026-09-23T09:00:00Z,2026-09-23T11:59:48Z,40,6.0,8.0,,,,,1017.8,25.8,26.3,23.2,,+1.2,
2026-09-23T09:10:00Z,2026-09-23T11:59:48Z,40,6.0,7.0,,,,,1017.7,25.8,26.3,23.3,,,
2026-09-23T09:20:00Z,2026-09-23T11:59:48Z,40,7.0,8.0,1.7,10,6.2,3,1017.7,25.8,26.3,23.2,,,
2026-09-23T09:30:00Z,2026-09-23T11:59:48Z,40,6.0,8.0,,,,,1017.5,25.8,26.3,23.3,,,
2026-09-23T09:40:00Z,2026-09-23T11:59:48Z,40,6.0,7.0,,,,,1017.5,25.8,26.3,23.4,,,
2026-09-23T09:50:00Z,2026-09-23T11:59:48Z,50,6.0,7.0,1.7,9,6.0,63,1017.3,25.7,,23.2,,,
2026-09-23T10:00:00Z,2026-09-23T11:59:48Z,40,6.0,7.0,,,,,1017.1,25.8,26.3,23.2,,-0.3,
2026-09-23T10:10:00Z,2026-09-23T11:59:48Z,40,6.0,7.0,,,,,1017.1,25.8,26.3,23.3,,,
2026-09-23T10:20:00Z,2026-09-23T11:59:48Z,40,6.0,7.0,1.9,9,6.5,42,1017.0,25.8,26.3,23.2,,,
2026-09-23T10:30:00Z,2026-09-23T11:59:48Z,40,6.0,8.0,,,,,1016.9,25.8,26.3,23.2,,,
2026-09-23T10:40:00Z,2026-09-23T11:59:48Z,50,6.0,7.0,1.8,,6.3,356,1016.8,25.6,26.3,22.5,,,
2026-09-23T10:50:00Z,2026-09-23T11:59:48Z,50,5.0,6.0,1.8,10,6.3,356,1016.8,25.7,26.3,22.2,,,
2026-09-23T11:00:00Z,2026-09-23T11:59:48Z,40,5.0,6.0,,,,,1016.7,25.8,26.3,22.3,,-1.1,
2026-09-23T11:10:00Z,2026-09-23T11:59:48Z,40,5.0,7.0,1.7,,6.2,2,1016.7,25.8,26.3,23.0,,,
2026-09-23T11:20:00Z,2026-09-23T11:59:48Z,50,6.0,7.0,1.7,10,6.2,2,1016.6,25.8,26.3,23.2,,,
2026-09-23T11:30:00Z,2026-09-23T11:59:48Z,50,6.0,7.0,,,,,1016.5,25.8,26.3,22.9,,,
2026-09-23T11:40:00Z,2026-09-23T16:30:21Z,50,6.0,7.0,1.9,,6.7,63,1016.4,25.8,26.3,23.2,,,
2026-09-23T11:50:00Z,2026-09-23T16:30:21Z,50,6.0,7.0,1.9,9,6.7,63,1016.3,25.8,26.3,23.2,,,
2026-09-23T12:00:00Z,2026-09-23T16:30:21Z,50,6.0,8.0,,,,,1016.2,25.4,26.3,23.0,,-1.6,
2026-09-23T12:10:00Z,2026-09-23T16:30:21Z,50,4.0,6.0,1.9,,6.5,328,1016.1,25.1,26.3,23.1,,,
2026-09-23T12:20:00Z,2026-09-23T16:30:21Z,50,3.0,5.0,1.9,10,6.5,328,1015.9,25.3,26.3,23.3,,,
2026-09-23T12:30:00Z,2026-09-23T16:30:21Z,40,5.0,6.0,,,,,1015.9,25.6,26.3,23.4,,,
2026-09-23T12:40:00Z,2026-09-23T16:30:21Z,40,5.0,6.0,1.7,,6.2,17,1015.8,25.7,26.3,22.9,,,
2026-09-23T12:50:00Z,2026-09-23T16:30:21Z,60,7.0,9.0,1.7,10,6.2,17,1015.7,25.5,,23.1,,,
2026-09-23T13:00:00Z,2026-09-23T16:30:21Z,60,8.0,9.0,,,,,1015.7,24.7,26.3,23.1,,-1.4,
2026-09-23T13:10:00Z,2026-09-23T16:30:21Z,60,7.0,9.0,1.9,,6.2,41,1015.7,24.4,26.3,22.7,,,
2026-09-23T13:20:00Z,2026-09-23T16:30:21Z,60,6.0,8.0,1.9,10,6.2,41,1015.7,24.1,26.3,22.5,,,
2026-09-23T13:30:00Z,2026-09-23T16:30:21Z,30,5.0,6.0,,,,,1015.5,24.0,26.3,22.6,,,
2026-09-23T13:40:00Z,2026-09-23T16:30:21Z,20,4.0,6.0,1.7,,6.5,62,1015.4,24.3,,22.4,,,
2026-09-23T13:50:00Z,2026-09-23T16:30:21Z,40,4.0,5.0,1.7,9,6.5,62,1015.2,24.5,26.3,22.4,,,
2026-09-23T14:00:00Z,2026-09-23T16:30:21Z,50,3.0,4.0,,,,,1015.1,24.5,26.3,22.6,,-1.6,
2026-09-23T14:10:00Z,2026-09-23T16:30:21Z,50,5.0,8.0,1.7,,6.2,34,1015.2,24.4,26.3,22.7,,,
2026-09-23T14:20:00Z,2026-09-23T16:30:21Z,50,6.0,8.0,1.7,9,6.2,34,1015.1,24.2,26.3,23.0,,,
2026-09-23T14:30:00Z,2026-09-23T16:30:21Z,50,7.0,8.0,,,,,1015.2,24.3,26.3,22.6,,,
2026-09-23T14:40:00Z,2026-09-23T16:30:21Z,50,6.0,8.0,1.7,,6.3,69,1015.2,24.6,26.3,22.7,,,
2026-09-23T14:50:00Z,2026-09-23T16:30:21Z,50,6.0,8.0,1.7,9,6.3,69,1015.3,24.4,26.3,22.8,,,
2026-09-23T15:00:00Z,2026-09-23T16:30:21Z,60,6.0,7.0,,,,,1015.3,24.2,26.3,22.4,,-0.9,
2026-09-23T15:10:00Z,2026-09-23T16:30:21Z,50,4.0,6.0,1.9,,6.6,61,1015.3,24.3,26.3,22.3,,,
2026-09-23T15:20:00Z,2026-09-23T16:30:21Z,40,4.0,5.0,1.9,9,6.6,61,1015.4,24.6,26.3,22.2,,,
2026-09-23T15:30:00Z,2026-09-23T16:30:21Z,40,5.0,7.0,,,,,1015.4,25.1,26.3,22.6,,,
2026-09-23T15:40:00Z,2026-09-23T16:30:21Z,50,7.0,8.0,1.8,,6.6,47,1015.5,25.5,26.3,23.0,,,
2026-09-23T15:50:00Z,2026-09-23T16:30:21Z,50,7.0,8.0,1.8,8,6.6,47,1015.7,24.9,26.3,23.2,,,
2026-09-23T16:00:00Z,2026-09-23T16:30:21Z,40,7.0,8.0,,,,,1015.7,24.7,26.3,22.6,,-0.0,
2026-09-23T16:10:00Z,2026-09-23T19:46:03Z,40,7.0,8.0,1.9,,6.6,67,1015.7,24.9,26.3,22.6,,,
2026-09-23T16:20:00Z,2026-09-23T19:46:03Z,30,7.0,9.0,1.9,9,6.6,67,1015.7,25.0,26.3,22.7,,,
2026-09-23T16:30:00Z,2026-09-23T19:46:03Z,30,7.0,9.0,,,,,1015.7,25.1,26.3,22.8,,,
2026-09-23T16:40:00Z,2026-09-23T19:46:03Z,40,7.0,8.0,1.8,,6.5,56,1015.8,25.1,26.3,22.9,,,
2026-09-23T16:50:00Z,2026-09-23T19:46:03Z,40,6.0,7.0,1.8,9,6.5,56,1015.9,25.1,26.3,23.0,,,
2026-09-23T17:00:00Z,2026-09-23T19:46:03Z,40,6.0,8.0,,,,,1016.0,24.9,26.3,23.1,,+0.9,
2026-09-23T17:10:00Z,2026-09-23T19:46:03Z,40,5.0,6.0,1.8,,6.4,55,1016.1,24.8,26.3,22.3,,,
2026-09-23T17:20:00Z,2026-09-23T19:46:03Z,30,6.0,8.0,1.8,9,6.4,55,1016.2,25.3,26.3,22.8,,,
2026-09-23T17:30:00Z,2026-09-23T19:46:03Z,40,7.0,8.0,,,,,1016.3,24.9,26.3,23.3,,,
2026-09-23T17:40:00Z,2026-09-23T19:46:03Z,30,7.0,9.0,,,,,1016.5,24.6,26.3,23.1,,,
2026-09-23T17:50:00Z,2026-09-23T19:46:03Z,30,7.0,8.0,1.6,,6.3,58,1016.6,,26.3,,,,
2026-09-23T18:00:00Z,2026-09-23T19:46:03Z,40,7.0,8.0,,,,,1016.8,24.7,26.3,23.2,,+1.5,
2026-09-23T18:10:00Z,2026-09-23T19:46:03Z,30,7.0,8.0,,,,,1016.8,24.6,26.3,23.1,,,
2026-09-23T18:20:00Z,2026-09-23T19:46:03Z,30,7.0,9.0,1.7,9,6.3,44,1017.0,24.5,26.3,23.3,,,
2026-09-23T18:30:00Z,2026-09-23T19:46:03Z,20,8.0,9.0,,,,,1017.0,24.4,26.3,23.1,,,
2026-09-23T18:40:00Z,2026-09-23T19:46:03Z,30,8.0,9.0,1.7,,5.8,356,1017.2,24.5,26.3,23.0,,,
2026-09-23T18:50:00Z,2026-09-23T19:46:03Z,30,7.0,8.0,1.7,10,5.8,356,1017.3,24.6,26.3,23.0,,,
2026-09-23T19:00:00Z,2026-09-23T19:46:03Z,30,6.0,8.0,,,,,1017.3,24.6,,23.2,,+1.6,
2026-09-23T19:10:00Z,2026-09-23T19:46:03Z,20,6.0,7.0,1.8,,6.2,24,1017.2,24.7,26.3,23.2,,,
2026-09-23T19:20:00Z,2026-09-23T22:50:05Z,30,6.0,8.0,1.8,10,6.2,24,1017.2,24.8,26.3,22.8,,,
2026-09-23T19:30:00Z,2026-09-23T22:50:05Z,20,7.0,8.0,1.7,,6.3,13,1017.2,24.9,26.3,22.7,,,
2026-09-23T19:40:00Z,2026-09-23T22:50:05Z,20,6.0,8.0,,,,,1017.2,25.0,26.3,22.9,,,
2026-09-23T19:50:00Z,2026-09-23T22:50:05Z,20,7.0,8.0,1.7,11,6.3,13,1017.2,25.1,26.3,23.0,,,
2026-09-23T20:00:00Z,2026-09-23T22:50:05Z,20,7.0,8.0,,,,,1017.3,25.1,26.3,23.0,,+1.3,
2026-09-23T20:10:00Z,2026-09-23T22:50:05Z,20,6.0,8.0,1.7,,6.0,26,1017.3,25.2,26.3,23.0,,,
2026-09-23T20:20:00Z,2026-09-23T22:50:05Z,20,6.0,8.0,1.7,11,6.0,26,1017.3,25.2,,23.0,,,
2026-09-23T20:30:00Z,2026-09-23T22:50:05Z,20,6.0,7.0,,,,,1017.3,25.3,26.3,23.2,,,
2026-09-23T20:40:00Z,2026-09-23T22:50:05Z,20,7.0,8.0,,,,,1017.3,25.5,26.3,23.0,,,
2026-09-23T20:50:00Z,2026-09-23T22:50:05Z,30,6.0,8.0,1.6,8,6.1,71,1017.3,25.6,26.3,22.8,,,
2026-09-23T21:00:00Z,2026-09-23T22:50:05Z,70,6.0,9.0,,,,,1017.3,25.0,26.3,23.4,,+0.5,
2026-09-23T21:10:00Z,2026-09-23T22:50:05Z,70,6.0,7.0,,,,,1017.2,24.5,26.3,23.4,,,
2026-09-23T21:20:00Z,2026-09-23T22:50:05Z,60,6.0,8.0,1.7,10,6.3,45,1017.0,24.5,26.3,23.3,,,
2026-09-23T21:30:00Z,2026-09-23T22:50:05Z,60,6.0,8.0,,,,,1016.9,24.6,26.3,23.1,,,
2026-09-23T21:40:00Z,2026-09-23T22:50:05Z,30,5.0,8.0,1.7,,6.3,65,1016.9,24.6,26.3,23.3,,,
2026-09-23T21:50:00Z,2026-09-23T22:50:05Z,40,5.0,7.0,1.7,9,6.3,65,1016.7,25.0,,23.3,,,
2026-09-23T22:00:00Z,2026-09-23T22:50:05Z,40,6.0,8.0,,,,,1016.6,25.8,26.3,23.3,,-0.7,
2026-09-23T22:10:00Z,2026-09-23T22:50:05Z,60,6.0,7.0,1.8,,6.2,73,1016.4,25.6,26.3,23.7,,,
2026-09-23T22:20:00Z,2026-09-23T22:50:05Z,50,6.0,7.0,1.8,8,6.2,73,1016.3,25.6,26.4,23.8,,,
2026-09-23T22:30:00Z,2026-09-24T01:15:08Z,50,6.0,8.0,,,,,1016.2,25.7,26.4,23.6,,,
2026-09-23T22:40:00Z,2026-09-24T01:15:08Z,50,6.0,7.0,,,,,1016.0,25.6,26.4,23.6,,,
2026-09-23T22:50:00Z,2026-09-24T01:15:08Z,40,6.0,7.0,1.7,10,6.2,40,1015.8,25.5,26.4,23.6,,,
2026-09-23T23:00:00Z,2026-09-24T01:15:08Z,50,6.0,7.0,,,,,1015.6,25.5,26.4,23.7,,-1.7,
2026-09-23T23:10:00Z,2026-09-24T01:15:08Z,50,7.0,8.0,1.7,,5.9,81,1015.4,25.5,26.4,23.8,,,
2026-09-23T23:40:00Z,2026-09-24T01:15:08Z,40,6.0,7.0,1.7,,6.0,9,1015.1,25.4,26.4,23.6,,,
2026-09-23T23:50:00Z,2026-09-24T01:15:08Z,40,7.0,8.0,1.7,10,6.0,9,1014.9,25.6,26.4,23.8,,,
2026-09-24T00:00:00Z,2026-09-24T01:15:08Z,40,7.0,8.0,,,,,1014.8,25.5,26.4,23.7,,-2.5,
2026-09-24T00:10:00Z,2026-09-24T01:15:08Z,40,7.0,8.0,1.7,,5.7,74,1014.7,25.6,26.4,23.7,,,
2026-09-24T00:20:00Z,2026-09-24T01:15:08Z,40,6.0,7.0,1.7,9,5.7,74,1014.5,25.7,26.4,23.9,,,
2026-09-24T00:30:00Z,2026-09-24T01:15:08Z,40,6.0,7.0,,,,,1014.4,25.7,26.4,23.7,,,
2026-09-24T00:40:00Z,2026-09-24T01:15:08Z,40,6.0,7.0,,,,,1014.4,25.7,26.5,23.7,,,
2026-09-24T00:50:00Z,2026-09-24T06:35:43Z,40,7.0,8.0,1.8,9,6.1,73,1014.2,25.8,26.5,23.6,,,
2026-09-24T01:00:00Z,2026-09-24T06:35:43Z,30,7.0,9.0,,,,,1014.2,25.9,26.5,23.4,,-2.4,
2026-09-24T01:10:00Z,2026-09-24T06:35:43Z,30,7.0,8.0,1.7,,6.0,81,1014.1,25.9,26.5,23.3,,,
2026-09-24T01:20:00Z,2026-09-24T06:35:43Z,30,7.0,8.0,1.7,8,6.0,81,1014.1,25.9,26.4,23.4,,,
2026-09-24T01:30:00Z,2026-09-24T06:35:43Z,30,7.0,8.0,,,,,1014.0,25.9,26.5,23.5,,,
2026-09-24T01:40:00Z,2026-09-24T06:35:43Z,20,7.0,8.0,1.7,,6.1,85,1014.0,25.9,26.5,23.4,,,
2026-09-24T01:50:00Z,2026-09-24T06:35:43Z,30,7.0,8.0,1.7,9,6.1,85,1013.9,26.0,,23.6,,,
2026-09-24T02:00:00Z,2026-09-24T06:35:43Z,20,7.0,8.0,,,,,1014.0,26.0,26.5,23.7,,-1.6,
2026-09-24T02:10:00Z,2026-09-24T06:35:43Z,30,7.0,8.0,1.8,,6.3,79,1014.0,26.0,26.5,23.6,,,
2026-09-24T02:20:00Z,2026-09-24T06:35:43Z,20,7.0,8.0,1.8,9,6.3,79,1014.0,25.9,26.5,23.7,,,
2026-09-24T02:30:00Z,2026-09-24T06:35:43Z,20,7.0,9.0,,,,,1013.9,25.9,26.4,23.7,,,
2026-09-24T02:40:00Z,2026-09-24T06:35:43Z,20,7.0,8.0,1.7,,6.1,73,1013.9,25.9,26.4,23.5,,,
2026-09-24T02:50:00Z,2026-09-24T06:35:43Z,20,7.0,9.0,1.7,8,6.1,73,1013.9,25.9,26.4,23.7,,,
2026-09-24T03:00:00Z,2026-09-24T06:35:43Z,40,6.0,8.0,,,,,1014.0,25.3,26.4,23.9,,-0.8,
2026-09-24T03:10:00Z,2026-09-24T06:35:43Z,20,8.0,10.0,1.7,,6.0,88,1013.9,25.0,26.4,23.2,,,
2026-09-24T03:20:00Z,2026-09-24T06:35:43Z,20,7.0,8.0,1.7,10,6.0,88,1013.8,25.3,26.4,23.2,,,
2026-09-24T03:30:00Z,2026-09-24T06:35:43Z,20,7.0,8.0,,,,,1013.9,25.7,26.4,23.8,,,
2026-09-24T03:40:00Z,2026-09-24T06:35:43Z,20,7.0,9.0,,,,,1013.9,25.8,26.4,23.6,,,
2026-09-24T03:50:00Z,2026-09-24T06:35:43Z,20,8.0,9.0,1.8,11,6.4,78,1013.9,25.8,26.4,23.6,,,
2026-09-24T04:00:00Z,2026-09-24T06:35:43Z,20,8.0,9.0,,,,,1014.0,25.7,26.4,23.6,,+0.0,
2026-09-24T04:10:00Z,2026-09-24T06:35:43Z,20,8.0,9.0,1.8,,6.4,82,1014.0,25.7,26.4,23.5,,,
2026-09-24T04:20:00Z,2026-09-24T06:35:43Z,30,7.0,8.0,1.8,11,6.4,82,1014.2,25.7,26.4,23.7,,,
2026-09-24T04:30:00Z,2026-09-24T06:35:43Z,30,7.0,8.0,,,,,1014.2,25.8,26.4,23.6,,,
2026-09-24T04:40:00Z,2026-09-24T06:35:43Z,30,7.0,8.0,1.8,,6.3,74,1014.2,25.8,26.4,23.7,,,
2026-09-24T04:50:00Z,2026-09-24T06:35:43Z,30,7.0,8.0,1.8,10,6.3,74,1014.2,25.8,,23.7,,,
2026-09-24T05:00:00Z,2026-09-24T06:35:43Z,30,7.0,8.0,,,,,1014.3,25.7,26.3,23.9,,+0.3,
2026-09-24T05:10:00Z,2026-09-24T06:35:43Z,30,7.0,8.0,1.6,,6.0,85,1014.6,25.7,26.3,23.6,,,
2026-09-24T05:20:00Z,2026-09-24T06:35:43Z,30,6.0,8.0,1.6,9,6.0,85,1014.6,25.8,,23.7,,,
2026-09-24T05:30:00Z,2026-09-24T06:35:43Z,30,7.0,8.0,,,,,1014.6,25.8,26.3,23.6,,,
2026-09-24T05:40:00Z,2026-09-24T06:35:43Z,30,7.0,8.0,,,,,1014.7,25.8,26.3,23.8,,,
2026-09-24T05:50:00Z,2026-09-24T12:38:10Z,30,7.0,9.0,1.7,10,6.4,96,1014.9,25.7,26.3,23.8,,,
2026-09-24T06:00:00Z,2026-09-24T12:38:10Z,30,7.0,8.0,1.8,,6.6,82,1015.0,25.8,26.3,23.7,,+1.0,
2026-09-24T06:10:00Z,2026-09-24T12:38:10Z,30,7.0,9.0,,,,,1015.2,25.9,26.3,23.7,,,
2026-09-24T06:20:00Z,2026-09-24T12:38:10Z,30,7.0,9.0,1.8,,6.6,82,1015.1,,26.3,,,,
2026-09-24T06:30:00Z,2026-09-24T12:38:10Z,30,7.0,8.0,,,,,1015.3,25.7,26.3,23.7,,,
2026-09-24T06:40:00Z,2026-09-24T12:38:10Z,20,6.0,8.0,1.9,,6.7,92,1015.5,25.5,26.3,24.0,,,
2026-09-24T06:50:00Z,2026-09-24T12:38:10Z,20,7.0,8.0,1.9,10,6.7,92,1015.4,25.5,,23.9,,,
2026-09-24T07:00:00Z,2026-09-24T12:38:10Z,30,7.0,8.0,,,,,1015.6,,26.3,,,+1.6,
2026-09-24T07:10:00Z,2026-09-24T12:38:10Z,30,7.0,8.0,,,,,1015.7,25.7,26.3,23.7,,,
2026-09-24T07:20:00Z,2026-09-24T12:38:10Z,20,7.0,8.0,1.9,10,6.8,84,1015.7,25.6,,23.9,,,
2026-09-24T07:30:00Z,2026-09-24T12:38:10Z,30,7.0,8.0,,,,,1015.7,25.7,26.3,23.8,,,
2026-09-24T07:40:00Z,2026-09-24T12:38:10Z,30,7.0,8.0,,,,,1015.8,25.7,26.3,23.6,,,
2026-09-24T07:50:00Z,2026-09-24T12:38:10Z,40,7.0,8.0,1.9,10,6.8,72,1015.7,25.7,26.3,23.7,,,
2026-09-24T08:00:00Z,2026-09-24T12:38:10Z,40,7.0,8.0,,,,,1015.7,25.7,26.3,23.7,,+1.4,
2026-09-24T08:10:00Z,2026-09-24T12:38:10Z,40,6.0,7.0,,,,,1015.8,25.7,26.3,23.8,,,
2026-09-24T08:20:00Z,2026-09-24T12:38:10Z,50,6.0,7.0,1.9,9,6.9,80,1015.7,25.6,26.3,23.8,,,
2026-09-24T08:30:00Z,2026-09-24T12:38:10Z,50,6.0,7.0,,,,,1015.6,25.6,26.3,23.8,,,
2026-09-24T08:40:00Z,2026-09-24T12:38:10Z,60,5.0,7.0,,,,,1015.5,25.5,26.3,24.0,,,
2026-09-24T08:50:00Z,2026-09-24T12:38:10Z,60,5.0,6.0,1.9,11,7.0,100,1015.6,25.4,,23.9,,,
2026-09-24T09:00:00Z,2026-09-24T12:38:10Z,60,5.0,7.0,,,,,1015.4,25.5,26.3,23.8,,+0.4,
2026-09-24T09:10:00Z,2026-09-24T12:38:10Z,60,6.0,7.0,,,,,1015.2,25.6,26.3,23.8,,,
2026-09-24T09:20:00Z,2026-09-24T12:38:10Z,50,6.0,7.0,1.8,9,6.6,83,1015.2,25.6,26.3,23.5,,,
2026-09-24T09:30:00Z,2026-09-24T12:38:10Z,60,5.0,6.0,,,,,1015.3,25.6,26.3,23.5,,,
2026-09-24T09:40:00Z,2026-09-24T12:38:10Z,50,5.0,6.0,2.1,,7.4,89,1015.2,25.6,26.2,23.7,,,
2026-09-24T09:50:00Z,2026-09-24T12:38:10Z,50,5.0,6.0,2.1,10,7.4,89,1015.4,25.6,26.2,23.7,,,
2026-09-24T10:00:00Z,2026-09-24T12:38:10Z,50,5.0,6.0,,,,,1015.3,25.6,26.2,23.8,,-0.3,
2026-09-24T10:10:00Z,2026-09-24T12:38:10Z,80,5.0,6.0,1.9,,7.1,83,1015.1,25.5,26.2,23.9,,,
2026-09-24T10:20:00Z,2026-09-24T12:38:10Z,100,5.0,7.0,1.9,9,7.1,83,1015.0,25.0,26.2,23.8,,,
2026-09-24T10:30:00Z,2026-09-24T12:38:10Z,100,5.0,6.0,,,,,1014.9,24.8,26.2,23.5,,,
2026-09-24T10:40:00Z,2026-09-24T12:38:10Z,110,4.0,5.0,1.9,,7.0,69,1014.9,24.7,26.2,23.5,,,
2026-09-24T10:50:00Z,2026-09-24T12:38:10Z,120,3.0,4.0,1.9,9,7.0,69,1014.7,24.6,26.2,23.4,,,
2026-09-24T11:00:00Z,2026-09-24T12:38:10Z,110,3.0,4.0,,,,,1014.7,24.6,26.2,23.3,,-1.0,
2026-09-24T11:10:00Z,2026-09-24T12:38:10Z,100,2.0,3.0,1.9,,7.2,48,1014.6,24.6,26.2,23.3,,,
2026-09-24T11:20:00Z,2026-09-24T12:38:10Z,110,2.0,3.0,1.9,9,7.2,48,1014.5,24.7,,23.4,,,
2026-09-24T11:30:00Z,2026-09-24T12:38:10Z,90,2.0,3.0,,,,,1014.5,24.7,26.2,23.4,,,
2026-09-24T11:40:00Z,2026-09-24T12:38:10Z,70,2.0,3.0,1.8,,7.0,96,1014.5,24.8,26.2,23.4,,,
2026-09-24T11:50:00Z,2026-09-24T12:38:10Z,60,2.0,3.0,1.8,10,7.0,96,1014.5,24.9,26.2,23.5,,,
2026-09-24T12:00:00Z,2026-09-24T17:48:13Z,70,6.0,14.0,,,,,1014.5,24.7,26.2,23.6,,-0.9,
2026-09-24T12:10:00Z,2026-09-24T17:48:13Z,60,6.0,8.0,2.0,,7.2,91,1014.4,24.3,26.2,23.6,,,
2026-09-24T12:20:00Z,2026-09-24T17:48:13Z,50,6.0,8.0,2.0,10,7.2,91,1014.3,24.1,26.2,23.3,,,
2026-09-24T12:30:00Z,2026-09-24T17:48:13Z,60,5.0,6.0,,,,,1014.1,24.0,26.2,23.1,,,
2026-09-24T12:40:00Z,2026-09-24T17:48:13Z,70,6.0,8.0,1.9,,7.1,92,1014.0,23.9,26.2,23.1,,,
2026-09-24T12:50:00Z,2026-09-24T17:48:13Z,70,7.0,8.0,1.9,10,7.1,92,1014.1,23.7,26.2,23.3,,,
2026-09-24T13:00:00Z,2026-09-24T17:48:13Z,70,5.0,8.0,,,,,1014.0,23.6,26.2,23.0,,-1.3,
2026-09-24T13:10:00Z,2026-09-24T17:48:13Z,80,4.0,5.0,2.0,,7.2,100,1013.5,23.9,26.2,23.2,,,
2026-09-24T13:20:00Z,2026-09-24T17:48:13Z,80,4.0,6.0,2.0,11,7.2,100,1013.5,24.2,,23.4,,,
2026-09-24T13:30:00Z,2026-09-24T17:48:13Z,90,4.0,5.0,1.8,,6.9,89,1013.6,24.7,26.2,23.5,,,
2026-09-24T13:40:00Z,2026-09-24T17:48:13Z,90,5.0,7.0,,,,,1013.3,25.2,26.2,23.3,,,
2026-09-24T13:50:00Z,2026-09-24T17:48:13Z,90,5.0,6.0,1.8,10,6.9,89,1013.5,25.5,,23.5,,,
2026-09-24T14:00:00Z,2026-09-24T17:48:13Z,90,5.0,6.0,,,,,1013.5,25.6,26.2,23.5,,-1.2,
2026-09-24T14:10:00Z,2026-09-24T17:48:13Z,80,6.0,7.0,1.8,,7.0,89,1013.3,25.8,26.2,23.3,,,
2026-09-24T14:20:00Z,2026-09-24T17:48:13Z,80,6.0,7.0,1.8,10,7.0,89,1013.4,25.9,26.2,23.1,,,
2026-09-24T14:30:00Z,2026-09-24T17:48:13Z,90,6.0,7.0,,,,,1013.3,25.9,26.2,22.9,,,
2026-09-24T14:40:00Z,2026-09-24T17:48:13Z,80,6.0,8.0,1.8,,6.7,77,1013.3,25.9,26.2,23.1,,,
2026-09-24T14:50:00Z,2026-09-24T17:48:13Z,80,7.0,8.0,1.8,10,6.7,77,1013.3,25.8,26.2,22.9,,,
2026-09-24T15:00:00Z,2026-09-24T17:48:13Z,80,7.0,8.0,,,,,1013.4,25.8,26.2,22.7,,-1.1,
2026-09-24T15:10:00Z,2026-09-24T17:48:13Z,80,6.0,7.0,1.8,,6.8,99,1013.4,25.9,26.2,22.7,,,
2026-09-24T15:20:00Z,2026-09-24T17:48:13Z,80,6.0,7.0,1.8,11,6.8,99,1013.5,25.8,26.2,22.7,,,
2026-09-24T15:30:00Z,2026-09-24T17:48:13Z,80,6.0,7.0,1.8,,6.6,93,1013.5,25.9,26.2,22.8,,,
2026-09-24T15:40:00Z,2026-09-24T17:48:13Z,80,6.0,7.0,,,,,1013.7,25.8,26.2,22.8,,,
2026-09-24T15:50:00Z,2026-09-24T17:48:13Z,80,6.0,8.0,1.8,10,6.6,93,1013.7,25.9,26.2,22.7,,,
2026-09-24T16:00:00Z,2026-09-24T17:48:13Z,70,7.0,8.0,,,,,1013.8,25.9,26.2,22.8,,-0.0,
2026-09-24T16:10:00Z,2026-09-24T17:48:13Z,70,7.0,9.0,2.0,,6.9,76,1013.8,25.4,26.2,23.3,,,
2026-09-24T16:20:00Z,2026-09-24T17:48:13Z,70,7.0,9.0,2.0,10,6.9,76,1013.8,25.4,,23.2,,,
2026-09-24T16:30:00Z,2026-09-24T17:48:13Z,80,8.0,9.0,,,,,1013.9,25.4,26.2,22.5,,,
2026-09-24T16:40:00Z,2026-09-24T17:48:13Z,90,7.0,9.0,1.8,,6.5,82,1014.0,25.4,26.2,22.9,,,
2026-09-24T16:50:00Z,2026-09-24T17:48:13Z,100,6.0,8.0,1.8,10,6.5,82,1014.2,25.1,,23.4,,,
2026-09-24T17:00:00Z,2026-09-24T17:48:13Z,100,6.0,7.0,,,,,1014.4,25.0,26.2,23.3,,+0.9,
2026-09-24T17:10:00Z,2026-09-24T17:48:13Z,80,5.0,6.0,2.0,,6.7,68,1014.4,25.1,26.2,23.1,,,
2026-09-24T17:20:00Z,2026-09-24T17:48:13Z,80,6.0,7.0,2.0,9,6.7,68,1014.5,25.3,,22.8,,,
2026-09-24T17:30:00Z,2026-09-24T21:20:28Z,80,6.0,7.0,,,,,1014.6,25.5,26.2,22.9,,,
2026-09-24T17:40:00Z,2026-09-24T21:20:28Z,70,5.0,7.0,1.9,,6.4,84,1014.6,25.5,26.2,22.8,,,
2026-09-24T17:50:00Z,2026-09-24T21:20:28Z,70,5.0,6.0,1.9,10,6.4,84,1014.9,25.6,26.3,22.9,,,
2026-09-24T18:00:00Z,2026-09-24T21:20:28Z,70,5.0,6.0,,,,,1015.0,25.6,26.2,22.7,,+1.6,
2026-09-24T18:10:00Z,2026-09-24T21:20:28Z,70,5.0,6.0,1.9,,6.6,81,1015.2,25.7,26.3,22.9,,,
2026-09-24T18:20:00Z,2026-09-24T21:20:28Z,70,5.0,7.0,1.9,10,6.6,81,1015.2,25.8,,22.9,,,
2026-09-24T18:30:00Z,2026-09-24T21:20:28Z,70,6.0,7.0,,,,,1015.2,25.7,26.3,22.7,,,
2026-09-24T18:40:00Z,2026-09-24T21:20:28Z,60,5.0,7.0,1.9,,6.7,89,1015.4,25.7,26.3,23.2,,,
2026-09-24T18:50:00Z,2026-09-24T21:20:28Z,60,6.0,7.0,1.9,10,6.7,89,1015.5,25.7,26.3,23.0,,,
2026-09-24T19:00:00Z,2026-09-24T21:20:28Z,70,6.0,7.0,,,,,1015.6,25.9,,22.8,,+1.8,
2026-09-24T19:10:00Z,2026-09-24T21:20:28Z,70,6.0,8.0,,,,,1015.7,25.9,26.3,22.5,,,
2026-09-24T19:20:00Z,2026-09-24T21:20:28Z,70,6.0,8.0,1.8,10,6.4,70,1015.9,26.0,26.3,22.5,,,
2026-09-24T19:30:00Z,2026-09-24T21:20:28Z,60,6.0,8.0,1.9,,6.7,109,1015.9,25.9,26.3,22.7,,,
2026-09-24T19:40:00Z,2026-09-24T21:20:28Z,60,7.0,8.0,,,,,1015.9,26.0,26.3,22.6,,,
2026-09-24T19:50:00Z,2026-09-24T21:20:28Z,70,7.0,8.0,1.9,11,6.7,109,1015.9,26.0,,22.6,,,
2026-09-24T20:00:00Z,2026-09-24T21:20:28Z,70,6.0,8.0,,,,,1015.9,26.0,26.3,22.7,,+1.5,
2026-09-24T20:10:00Z,2026-09-24T21:20:28Z,70,7.0,8.0,1.9,,6.5,80,1015.9,26.0,26.3,22.4,,,
2026-09-24T20:20:00Z,2026-09-24T21:20:28Z,70,7.0,8.0,1.9,10,6.5,80,1015.9,25.9,26.3,22.5,,,
2026-09-24T20:30:00Z,2026-09-24T21:20:28Z,70,7.0,8.0,,,,,1016.0,26.0,26.3,22.7,,,
2026-09-24T20:40:00Z,2026-09-24T21:20:28Z,70,7.0,8.0,2.0,,6.6,95,1016.0,25.9,26.3,22.5,,,
2026-09-24T20:50:00Z,2026-09-24T23:57:59Z,70,7.0,9.0,2.0,10,6.6,95,1016.0,26.0,26.3,22.2,,,
2026-09-24T21:00:00Z,2026-09-24T23:57:59Z,70,7.0,8.0,,,,,1016.0,26.0,26.3,22.5,,+1.0,
2026-09-24T21:10:00Z,2026-09-24T23:57:59Z,70,7.0,9.0,2.0,,6.7,99,1016.0,26.0,26.3,22.6,,,
2026-09-24T21:20:00Z,2026-09-24T23:57:59Z,70,7.0,9.0,2.0,11,6.7,99,1016.1,26.0,26.3,22.6,,,
2026-09-24T21:30:00Z,2026-09-24T23:57:59Z,70,7.0,8.0,,,,,1016.2,26.0,26.3,22.8,,,
2026-09-24T21:40:00Z,2026-09-24T23:57:59Z,70,7.0,9.0,1.8,,6.2,105,1016.1,26.0,26.4,22.4,,,
2026-09-24T21:50:00Z,2026-09-24T23:57:59Z,60,7.0,8.0,1.8,11,6.2,105,1016.1,26.0,26.4,22.5,,,
2026-09-24T22:00:00Z,2026-09-24T23:57:59Z,70,7.0,8.0,,,,,1015.9,26.0,26.4,22.6,,+0.3,
2026-09-24T22:10:00Z,2026-09-24T23:57:59Z,70,7.0,8.0,1.9,,6.0,102,1015.8,26.0,26.4,22.5,,,
2026-09-24T22:20:00Z,2026-09-24T23:57:59Z,60,7.0,9.0,1.9,10,6.0,102,1015.7,25.9,,22.4,,,
2026-09-24T22:30:00Z,2026-09-24T23:57:59Z,60,7.0,9.0,,,,,1015.7,26.0,26.4,22.4,,,
2026-09-24T22:40:00Z,2026-09-24T23:57:59Z,70,7.0,9.0,2.1,,6.6,99,1015.5,26.0,26.4,22.1,,,
2026-09-24T22:50:00Z,2026-09-24T23:57:59Z,70,7.0,9.0,2.1,11,6.6,99,1015.4,26.0,26.4,22.4,,,
2026-09-24T23:00:00Z,2026-09-24T23:57:59Z,70,8.0,10.0,,,,,1015.2,25.9,26.4,22.7,,-0.7,
2026-09-24T23:10:00Z,2026-09-24T23:57:59Z,70,8.0,10.0,,,,,1015.1,25.6,26.4,22.5,,,
2026-09-24T23:20:00Z,2026-09-24T23:57:59Z,70,7.0,8.0,2.0,10,6.3,93,1014.9,25.8,26.4,22.4,,,
2026-09-24T23:30:00Z,2026-09-24T23:57:59Z,60,7.0,9.0,,,,,1014.8,26.0,26.4,22.5,,,
2026-09-24T23:40:00Z,2026-09-25T04:16:39Z,60,7.0,9.0,,,,,1014.7,25.9,26.4,22.3,,,
2026-09-24T23:50:00Z,2026-09-25T04:16:39Z,70,7.0,9.0,2.1,10,6.2,97,1014.5,25.9,26.4,22.3,,,
2026-09-25T00:00:00Z,2026-09-25T04:16:39Z,60,8.0,9.0,,,,,1014.4,25.9,,21.6,,-1.6,
2026-09-25T00:10:00Z,2026-09-25T04:16:39Z,60,8.0,9.0,,,,,1014.2,26.0,26.4,21.6,,,
2026-09-25T00:20:00Z,2026-09-25T04:16:39Z,60,7.0,9.0,2.1,10,6.2,91,1014.1,25.9,26.4,22.1,,,
2026-09-25T00:30:00Z,2026-09-25T04:16:39Z,60,8.0,9.0,2.1,,6.2,94,1014.0,25.9,26.4,22.3,,,
2026-09-25T00:40:00Z,2026-09-25T04:16:39Z,60,7.0,9.0,2.1,,6.2,94,1014.0,25.9,26.4,22.1,,,
2026-09-25T00:50:00Z,2026-09-25T04:16:39Z,60,7.0,8.0,2.1,,6.2,94,1014.0,25.9,26.4,22.4,,,
2026-09-25T01:00:00Z,2026-09-25T04:16:39Z,60,7.0,9.0,,,,,1013.9,25.9,26.4,22.0,,-2.0,
2026-09-25T01:10:00Z,2026-09-25T04:16:39Z,60,7.0,9.0,2.1,,6.2,78,1013.9,26.0,26.4,21.2,,,
2026-09-25T01:20:00Z,2026-09-25T04:16:39Z,60,7.0,9.0,2.1,9,6.2,78,1013.9,26.0,26.4,21.9,,,
2026-09-25T01:30:00Z,2026-09-25T04:16:39Z,60,7.0,8.0,,,,,1013.8,25.9,26.4,21.9,,,
2026-09-25T01:40:00Z,2026-09-25T04:16:39Z,60,7.0,9.0,2.2,,6.1,83,1013.8,25.9,26.4,21.7,,,
2026-09-25T01:50:00Z,2026-09-25T04:16:39Z,60,7.0,8.0,2.2,10,6.1,83,1013.8,25.9,26.4,21.9,,,
2026-09-25T02:00:00Z,2026-09-25T04:16:39Z,60,7.0,8.0,,,,,1013.8,25.9,26.4,21.9,,-1.4,
2026-09-25T02:10:00Z,2026-09-25T04:16:39Z,60,7.0,8.0,2.0,,5.9,82,1013.8,25.9,26.4,22.1,,,
2026-09-25T02:20:00Z,2026-09-25T04:16:39Z,60,7.0,9.0,2.0,10,5.9,82,1013.8,25.9,26.4,22.0,,,
2026-09-25T02:30:00Z,2026-09-25T04:16:39Z,60,7.0,8.0,,,,,1013.8,25.9,26.4,21.9,,,
2026-09-25T02:40:00Z,2026-09-25T04:16:39Z,60,7.0,9.0,2.0,,5.9,86,1013.9,25.9,26.4,21.9,,,
2026-09-25T02:50:00Z,2026-09-25T04:16:39Z,70,7.0,9.0,2.0,10,5.9,86,1014.0,25.9,26.4,22.1,,,
2026-09-25T03:00:00Z,2026-09-25T04:16:39Z,60,7.0,9.0,,,,,1013.9,25.9,26.4,22.1,,-0.5,
2026-09-25T03:10:00Z,2026-09-25T04:16:39Z,60,7.0,10.0,1.9,,5.9,83,1014.0,25.9,26.4,22.3,,,
2026-09-25T03:20:00Z,2026-09-25T04:16:39Z,70,8.0,9.0,1.9,10,5.9,83,1013.9,26.0,26.4,22.1,,,
2026-09-25T03:30:00Z,2026-09-25T04:16:39Z,60,7.0,9.0,,,,,1013.9,26.0,26.4,22.2,,,
2026-09-25T03:40:00Z,2026-09-25T04:16:39Z,60,8.0,9.0,1.8,,5.5,81,1014.0,26.0,26.4,22.3,,,
2026-09-25T03:50:00Z,2026-09-25T04:16:39Z,60,8.0,9.0,1.8,9,5.5,81,1014.0,25.9,,22.4,,,
2026-09-25T04:00:00Z,2026-09-25T09:44:53Z,60,8.0,9.0,,,,,1014.1,25.9,26.4,22.3,,+0.0,
2026-09-25T04:10:00Z,2026-09-25T09:44:53Z,60,8.0,9.0,1.8,,5.8,76,1014.2,25.9,26.4,22.3,,,
2026-09-25T04:20:00Z,2026-09-25T09:44:53Z,60,8.0,10.0,1.8,10,5.8,76,1014.2,25.9,26.4,22.2,,,
2026-09-25T04:30:00Z,2026-09-25T09:44:53Z,60,8.0,9.0,,,,,1014.3,25.9,26.4,22.4,,,
2026-09-25T04:40:00Z,2026-09-25T09:44:53Z,60,8.0,10.0,1.8,,5.8,75,1014.3,25.9,26.4,22.2,,,
2026-09-25T04:50:00Z,2026-09-25T09:44:53Z,60,8.0,10.0,1.8,9,5.8,75,1014.4,25.9,26.3,22.4,,,
2026-09-25T05:00:00Z,2026-09-25T09:44:53Z,60,8.0,10.0,,,,,1014.4,25.9,26.3,22.4,,+0.6,
2026-09-25T05:10:00Z,2026-09-25T09:44:53Z,60,8.0,10.0,1.7,,5.6,96,1014.4,25.9,26.3,22.6,,,
2026-09-25T05:20:00Z,2026-09-25T09:44:53Z,60,8.0,10.0,1.7,11,5.6,96,1014.5,25.7,,22.6,,,
2026-09-25T05:30:00Z,2026-09-25T09:44:53Z,60,9.0,11.0,,,,,1014.6,25.8,26.3,22.1,,,
2026-09-25T05:40:00Z,2026-09-25T09:44:53Z,60,9.0,10.0,1.9,,5.7,91,1014.8,25.8,26.3,22.3,,,
2026-09-25T05:50:00Z,2026-09-25T09:44:53Z,70,9.0,11.0,1.9,9,5.7,91,1015.0,25.8,26.3,22.3,,,
2026-09-25T06:00:00Z,2026-09-25T09:44:53Z,60,9.0,10.0,,,,,1015.2,25.9,26.3,22.1,,+1.3,
2026-09-25T06:10:00Z,2026-09-25T09:44:53Z,60,8.0,10.0,1.8,,5.6,83,1015.3,25.8,26.3,22.3,,,
2026-09-25T06:20:00Z,2026-09-25T09:44:53Z,60,8.0,10.0,1.8,9,5.6,83,1015.4,25.8,26.3,22.3,,,
2026-09-25T06:30:00Z,2026-09-25T09:44:53Z,60,9.0,10.0,,,,,1015.4,25.9,26.3,22.1,,,
2026-09-25T06:40:00Z,2026-09-25T09:44:53Z,60,8.0,10.0,,,,,1015.5,25.9,26.3,22.3,,,
2026-09-25T06:50:00Z,2026-09-25T09:44:53Z,60,8.0,10.0,2.0,10,5.7,88,1015.7,25.8,26.3,22.2,,,
2026-09-25T07:00:00Z,2026-09-25T09:44:53Z,60,9.0,10.0,,,,,1015.8,25.9,26.3,22.3,,+1.7,
2026-09-25T07:10:00Z,2026-09-25T09:44:53Z,60,9.0,10.0,1.8,,5.5,83,1015.9,25.9,26.3,22.3,,,
2026-09-25T07:20:00Z,2026-09-25T09:44:53Z,60,8.0,10.0,1.8,10,5.5,83,1016.0,25.9,26.3,22.2,,,
2026-09-25T07:30:00Z,2026-09-25T09:44:53Z,60,8.0,10.0,,,,,1016.1,25.9,,22.3,,,
2026-09-25T07:40:00Z,2026-09-25T09:44:53Z,60,8.0,10.0,,,,,1016.1,26.0,26.3,22.3,,,
2026-09-25T07:50:00Z,2026-09-25T09:44:53Z,60,8.0,10.0,1.8,10,5.6,87,1016.2,26.0,26.3,22.4,,,
2026-09-25T08:00:00Z,2026-09-25T09:44:53Z,60,9.0,10.0,,,,,1016.2,26.0,26.3,22.2,,+1.8,
2026-09-25T08:10:00Z,2026-09-25T09:44:53Z,70,8.0,10.0,,,,,1016.3,26.0,,22.1,,,
2026-09-25T08:20:00Z,2026-09-25T09:44:53Z,70,8.0,10.0,1.9,8,5.5,85,1016.2,26.0,26.3,22.3,,,
2026-09-25T08:30:00Z,2026-09-25T09:44:53Z,60,8.0,10.0,,,,,1016.2,25.9,26.2,22.6,,,
2026-09-25T08:40:00Z,2026-09-25T09:44:53Z,60,8.0,10.0,1.9,,5.7,82,1016.3,25.9,26.2,22.3,,,
2026-09-25T08:50:00Z,2026-09-25T09:44:53Z,60,8.0,10.0,1.9,8,5.7,82,1016.2,25.9,26.3,22.3,,,
2026-09-25T09:00:00Z,2026-09-25T15:04:37Z,60,9.0,10.0,,,,,1016.2,25.9,26.3,22.1,,+1.0,
2026-09-25T09:10:00Z,2026-09-25T15:04:37Z,60,8.0,10.0,,,,,1016.1,25.9,26.3,22.2,,,
2026-09-25T09:20:00Z,2026-09-25T15:04:37Z,60,8.0,10.0,1.9,10,5.7,89,1016.0,25.9,26.3,22.0,,,
2026-09-25T09:30:00Z,2026-09-25T15:04:37Z,60,8.0,9.0,,,,,1016.0,25.9,26.3,22.5,,,
2026-09-25T09:40:00Z,2026-09-25T15:04:37Z,60,8.0,10.0,1.8,,5.6,83,1016.0,25.9,26.3,22.2,,,
2026-09-25T09:50:00Z,2026-09-25T15:04:37Z,60,8.0,10.0,1.8,9,5.6,83,1015.9,25.9,26.3,22.2,,,
2026-09-25T10:00:00Z,2026-09-25T15:04:37Z,60,8.0,9.0,,,,,1016.0,25.9,26.2,22.2,,+0.0,
2026-09-25T10:10:00Z,2026-09-25T15:04:37Z,60,8.0,9.0,1.8,,5.4,82,1015.9,25.9,26.2,22.4,,,
2026-09-25T10:20:00Z,2026-09-25T15:04:37Z,60,8.0,10.0,1.8,9,5.4,82,1015.8,25.8,,22.6,,,
2026-09-25T10:30:00Z,2026-09-25T15:04:37Z,60,9.0,13.0,,,,,1015.9,25.4,26.2,21.9,,,
2026-09-25T10:40:00Z,2026-09-25T15:04:37Z,60,7.0,9.0,,,,,1015.8,25.2,26.2,22.4,,,
2026-09-25T10:50:00Z,2026-09-25T15:04:37Z,60,8.0,10.0,1.9,8,5.6,88,1015.8,25.6,26.2,22.7,,,
2026-09-25T11:00:00Z,2026-09-25T15:04:37Z,50,9.0,10.0,,,,,1015.6,25.7,26.2,22.7,,-0.6,
2026-09-25T11:10:00Z,2026-09-25T15:04:37Z,60,8.0,11.0,1.9,,5.6,89,1015.7,25.7,26.2,22.6,,,
2026-09-25T11:20:00Z,2026-09-25T15:04:37Z,80,8.0,10.0,1.9,9,5.6,89,1015.5,25.6,26.2,22.8,,,
2026-09-25T11:30:00Z,2026-09-25T15:04:37Z,70,8.0,10.0,,,,,1015.5,25.5,26.2,22.9,,,
2026-09-25T11:40:00Z,2026-09-25T15:04:37Z,60,8.0,11.0,,,,,1015.5,24.7,26.2,22.2,,,
2026-09-25T11:50:00Z,2026-09-25T15:04:37Z,50,6.0,7.0,2.0,9,5.5,86,1015.4,24.6,26.2,21.9,,,
2026-09-25T12:00:00Z,2026-09-25T15:04:37Z,60,6.0,7.0,,,,,1015.3,24.8,26.2,22.4,,-0.9,
2026-09-25T12:10:00Z,2026-09-25T15:04:37Z,60,8.0,11.0,2.0,,5.6,69,1015.2,25.4,26.2,22.8,,,
2026-09-25T12:20:00Z,2026-09-25T15:04:37Z,60,10.0,11.0,2.0,9,5.6,69,1015.2,25.4,26.2,22.3,,,
2026-09-25T12:30:00Z,2026-09-25T15:04:37Z,70,9.0,11.0,,,,,1015.2,25.4,26.2,21.9,,,
2026-09-25T12:40:00Z,2026-09-25T15:04:37Z,60,9.0,11.0,2.0,,5.7,98,1015.1,25.2,26.2,22.3,,,
2026-09-25T12:50:00Z,2026-09-25T15:04:37Z,60,9.0,11.0,2.0,10,5.7,98,1015.2,25.1,26.2,22.2,,,
2026-09-25T13:00:00Z,2026-09-25T15:04:37Z,60,9.0,10.0,,,,,1015.0,24.9,26.2,22.1,,-1.0,
2026-09-25T13:10:00Z,2026-09-25T15:04:37Z,60,8.0,10.0,2.1,,5.6,91,1014.9,25.0,26.2,21.9,,,
2026-09-25T13:20:00Z,2026-09-25T15:04:37Z,60,8.0,9.0,2.1,8,5.6,91,1014.9,25.3,26.2,22.1,,,
2026-09-25T13:30:00Z,2026-09-25T15:04:37Z,60,8.0,9.0,,,,,1014.8,25.3,26.2,22.2,,,
2026-09-25T13:40:00Z,2026-09-25T15:04:37Z,60,8.0,9.0,2.0,,5.7,96,1014.9,25.3,26.2,22.3,,,
2026-09-25T13:50:00Z,2026-09-25T15:04:37Z,60,10.0,12.0,2.0,10,5.7,96,1014.8,25.2,,22.6,,,
2026-09-25T14:00:00Z,2026-09-25T15:04:37Z,60,10.0,12.0,,,,,1014.8,24.4,26.2,22.4,,-0.8,
2026-09-25T14:10:00Z,2026-09-25T15:04:37Z,60,9.0,12.0,,,,,1014.8,24.5,26.2,22.2,,,
2026-09-25T14:20:00Z,2026-09-25T15:04:37Z,60,9.0,10.0,2.0,10,5.7,108,1014.7,24.8,26.2,21.7,,,
2026-09-25T14:30:00Z,2026-09-25T15:04:37Z,60,7.0,9.0,,,,,1014.7,25.2,26.2,21.5,,,
2026-09-25T14:40:00Z,2026-09-25T19:13:11Z,80,8.0,11.0,,,,,1014.7,25.9,26.2,21.1,,,
2026-09-25T14:50:00Z,2026-09-25T19:13:11Z,60,8.0,10.0,1.9,7,5.7,89,1014.7,25.8,26.2,21.2,,,
2026-09-25T15:00:00Z,2026-09-25T19:13:11Z,60,8.0,10.0,,,,,1014.9,25.7,26.2,21.4,,-0.4,
2026-09-25T15:10:00Z,2026-09-25T19:13:11Z,60,8.0,10.0,2.1,,5.7,101,1014.9,25.6,,22.0,,,
2026-09-25T15:20:00Z,2026-09-25T19:13:11Z,60,8.0,10.0,2.1,10,5.7,101,1015.1,25.5,26.2,22.2,,,
2026-09-25T15:30:00Z,2026-09-25T19:13:11Z,60,8.0,10.0,,,,,1015.2,25.6,26.2,22.6,,,
2026-09-25T15:40:00Z,2026-09-25T19:13:11Z,60,8.0,10.0,2.0,,5.7,104,1015.2,25.5,26.2,22.6,,,
2026-09-25T15:50:00Z,2026-09-25T19:13:11Z,60,7.0,9.0,2.0,10,5.7,104,1015.4,25.5,26.2,22.5,,,
2026-09-25T16:00:00Z,2026-09-25T19:13:11Z,70,6.0,11.0,,,,,1015.5,24.8,26.2,22.1,,+0.5,
2026-09-25T16:10:00Z,2026-09-25T19:13:11Z,50,8.0,10.0,,,,,1015.4,25.0,26.2,22.6,,,
2026-09-25T16:20:00Z,2026-09-25T19:13:11Z,70,9.0,11.0,2.0,10,5.9,96,1015.4,25.8,26.2,22.4,,,
2026-09-25T16:30:00Z,2026-09-25T19:13:11Z,60,9.0,11.0,,,,,1015.4,25.8,26.2,22.2,,,
2026-09-25T16:40:00Z,2026-09-25T19:13:11Z,60,10.0,12.0,,,,,1015.6,25.8,26.2,22.0,,,
2026-09-25T16:50:00Z,2026-09-25T19:13:11Z,60,10.0,12.0,2.0,9,5.8,92,1015.6,25.8,26.2,21.8,,,
2026-09-25T17:00:00Z,2026-09-25T19:13:11Z,70,9.0,11.0,,,,,1015.8,25.8,26.2,22.1,,+1.0,
2026-09-25T17:10:00Z,2026-09-25T19:13:11Z,60,9.0,11.0,2.2,,5.9,94,1015.9,25.8,26.2,22.3,,,
2026-09-25T17:20:00Z,2026-09-25T19:13:11Z,60,9.0,11.0,2.2,,5.9,94,1015.9,,26.2,,,,
2026-09-25T17:30:00Z,2026-09-25T19:13:11Z,60,9.0,12.0,,,,,1016.1,25.7,26.2,22.5,,,
2026-09-25T17:40:00Z,2026-09-25T19:13:11Z,80,10.0,13.0,2.1,,5.8,100,1016.5,24.7,26.2,22.5,,,
2026-09-25T17:50:00Z,2026-09-25T19:13:11Z,70,9.0,13.0,2.1,8,5.8,100,1016.5,23.4,26.2,21.7,,,
2026-09-25T18:00:00Z,2026-09-25T19:13:11Z,60,9.0,12.0,,,,,1016.6,23.9,26.1,22.2,,+1.7,
2026-09-25T18:10:00Z,2026-09-25T19:13:11Z,50,9.0,11.0,2.2,,6.0,95,1016.7,24.2,26.2,22.3,,,
2026-09-25T18:20:00Z,2026-09-25T19:13:11Z,70,7.0,9.0,2.2,7,6.0,95,1016.6,24.8,26.2,21.9,,,
2026-09-25T18:30:00Z,2026-09-25T19:13:11Z,60,9.0,11.0,,,,,1016.8,25.5,26.2,22.2,,,
2026-09-25T18:40:00Z,2026-09-25T19:13:11Z,70,9.0,11.0,2.1,,6.0,97,1016.8,25.9,,22.1,,,
2026-09-25T18:50:00Z,2026-09-25T22:41:47Z,70,9.0,11.0,2.1,10,6.0,97,1016.9,25.9,26.2,22.0,,,
2026-09-25T19:00:00Z,2026-09-25T22:41:47Z,60,9.0,11.0,,,,,1017.0,,26.2,,,+1.5,
2026-09-25T19:10:00Z,2026-09-25T22:41:47Z,60,8.0,10.0,2.1,,5.9,96,1017.1,25.8,26.2,22.4,,,
2026-09-25T19:20:00Z,2026-09-25T22:41:47Z,60,9.0,11.0,2.1,9,5.9,96,1017.1,25.7,26.2,22.3,,,
2026-09-25T19:30:00Z,2026-09-25T22:41:47Z,60,9.0,11.0,,,,,1017.2,25.8,26.2,22.2,,,
2026-09-25T19:40:00Z,2026-09-25T22:41:47Z,60,9.0,11.0,,,,,1017.3,25.8,26.2,22.3,,,
2026-09-25T19:50:00Z,2026-09-25T22:41:47Z,60,8.0,10.0,2.2,9,6.0,91,1017.4,25.9,26.2,22.3,,,
2026-09-25T20:00:00Z,2026-09-25T22:41:47Z,60,9.0,10.0,,,,,1017.5,25.9,,21.8,,+1.7,
2026-09-25T20:10:00Z,2026-09-25T22:41:47Z,60,8.0,9.0,2.2,,5.8,97,1017.6,25.9,26.2,21.9,,,
2026-09-25T20:20:00Z,2026-09-25T22:41:47Z,60,8.0,10.0,2.2,6,5.8,97,1017.6,25.9,26.2,22.1,,,
2026-09-25T20:30:00Z,2026-09-25T22:41:47Z,60,9.0,10.0,,,,,1017.4,25.9,26.2,21.7,,,
2026-09-25T20:40:00Z,2026-09-25T22:41:47Z,60,9.0,11.0,2.2,,6.0,87,1017.5,26.1,26.2,21.4,,,
2026-09-25T20:50:00Z,2026-09-25T22:41:47Z,60,8.0,10.0,2.2,9,6.0,87,1017.5,26.1,26.2,21.7,,,
2026-09-25T21:00:00Z,2026-09-25T22:41:47Z,60,9.0,10.0,,,,,1017.5,26.1,26.2,21.4,,+0.9,
2026-09-25T21:10:00Z,2026-09-25T22:41:47Z,70,9.0,11.0,2.3,,6.0,92,1017.6,26.1,26.2,21.4,,,
2026-09-25T21:20:00Z,2026-09-25T22:41:47Z,70,8.0,10.0,2.3,8,6.0,92,1017.6,26.1,,21.6,,,
2026-09-25T21:30:00Z,2026-09-25T22:41:47Z,70,8.0,10.0,,,,,1017.5,26.1,26.2,21.7,,,
2026-09-25T21:40:00Z,2026-09-25T22:41:47Z,60,8.0,10.0,2.2,,5.9,101,1017.4,26.1,26.2,21.7,,,
2026-09-25T21:50:00Z,2026-09-25T22:41:47Z,60,8.0,10.0,2.2,8,5.9,101,1017.2,26.1,26.2,21.6,,,
2026-09-25T22:00:00Z,2026-09-25T22:41:47Z,60,8.0,10.0,,,,,1017.2,26.1,,21.6,,+0.0,
2026-09-25T22:10:00Z,2026-09-25T22:41:47Z,60,8.0,10.0,2.3,,6.1,93,1017.0,26.1,,21.6,,,
2026-09-25T22:20:00Z,2026-09-26T01:19:25Z,60,8.0,10.0,2.3,8,6.1,93,1016.9,26.0,26.2,21.8,,,
2026-09-25T22:30:00Z,2026-09-26T01:19:25Z,50,8.0,10.0,,,,,1016.8,26.0,26.2,21.8,,,
2026-09-25T22:40:00Z,2026-09-26T01:19:25Z,60,8.0,10.0,,,,,1016.6,26.0,26.2,21.7,,,
2026-09-25T22:50:00Z,2026-09-26T01:19:25Z,60,8.0,10.0,2.4,8,6.2,101,1016.6,26.1,26.2,21.7,,,
2026-09-25T23:00:00Z,2026-09-26T01:19:25Z,60,9.0,11.0,,,,,1016.5,26.1,26.2,21.2,,-1.0,
2026-09-25T23:10:00Z,2026-09-26T01:19:25Z,60,8.0,10.0,2.3,,6.2,101,1016.3,26.1,26.3,21.5,,,
2026-09-25T23:40:00Z,2026-09-26T01:19:25Z,50,9.0,11.0,2.4,,6.2,101,1015.9,26.0,26.2,21.5,,,
2026-09-25T23:50:00Z,2026-09-26T01:19:25Z,60,9.0,11.0,2.4,8,6.2,101,1015.8,26.1,26.3,21.5,,,
2026-09-26T00:00:00Z,2026-09-26T01:19:25Z,50,9.0,11.0,,,,,1015.7,26.1,,21.5,,-1.8,
2026-09-26T00:10:00Z,2026-09-26T01:19:25Z,50,9.0,11.0,2.7,,6.3,86,1015.5,26.0,26.3,21.9,,,
2026-09-26T00:20:00Z,2026-09-26T01:19:25Z,50,9.0,11.0,2.7,8,6.3,86,1015.4,26.0,26.3,21.5,,,
2026-09-26T00:30:00Z,2026-09-26T01:19:25Z,50,9.0,11.0,,,,,1015.3,26.0,26.3,21.5,,,
2026-09-26T00:40:00Z,2026-09-26T01:19:25Z,50,9.0,11.0,2.6,,6.4,98,1015.2,26.0,26.3,21.9,,,
2026-09-26T00:50:00Z,2026-09-26T01:19:25Z,60,9.0,11.0,2.6,8,6.4,98,1015.2,26.0,26.3,21.4,,,
2026-09-26T01:00:00Z,2026-09-26T06:30:33Z,60,9.0,12.0,,,,,1015.2,26.1,26.3,21.5,,-2.0,
2026-09-26T01:10:00Z,2026-09-26T06:30:33Z,60,9.0,11.0,2.7,,6.3,100,1015.1,26.1,26.3,21.7,,,
2026-09-26T01:20:00Z,2026-09-26T06:30:33Z,50,10.0,11.0,2.7,8,6.3,100,1015.1,26.0,,21.7,,,
2026-09-26T01:30:00Z,2026-09-26T06:30:33Z,50,10.0,11.0,,,,,1015.0,26.0,26.3,21.8,,,
2026-09-26T01:40:00Z,2026-09-26T06:30:33Z,50,10.0,12.0,2.7,,6.1,98,1015.0,26.1,26.3,21.6,,,
2026-09-26T01:50:00Z,2026-09-26T06:30:33Z,50,10.0,12.0,2.7,9,6.1,98,1015.0,26.1,26.3,21.5,,,
2026-09-26T02:00:00Z,2026-09-26T06:30:33Z,60,10.0,12.0,,,,,1015.1,26.1,26.3,21.1,,-1.4,
2026-09-26T02:10:00Z,2026-09-26T06:30:33Z,50,10.0,11.0,2.5,,6.1,100,1015.1,26.1,26.2,21.7,,,
2026-09-26T02:20:00Z,2026-09-26T06:30:33Z,50,10.0,11.0,2.5,8,6.1,100,1015.1,26.0,26.2,21.6,,,
2026-09-26T02:30:00Z,2026-09-26T06:30:33Z,50,10.0,12.0,,,,,1015.1,26.0,26.2,21.7,,,
2026-09-26T02:40:00Z,2026-09-26T06:30:33Z,60,10.0,12.0,2.6,,6.2,87,1015.1,26.1,26.2,21.4,,,
2026-09-26T02:50:00Z,2026-09-26T06:30:33Z,60,10.0,12.0,2.6,9,6.2,87,1015.2,26.1,26.2,21.5,,,
2026-09-26T03:00:00Z,2026-09-26T06:30:33Z,60,10.0,12.0,,,,,1015.2,26.1,26.2,21.6,,-0.5,
2026-09-26T03:10:00Z,2026-09-26T06:30:33Z,60,10.0,12.0,2.6,,6.2,95,1015.2,26.0,26.2,21.6,,,
2026-09-26T03:20:00Z,2026-09-26T06:30:33Z,60,9.0,12.0,2.6,7,6.2,95,1015.3,26.0,,22.0,,,
2026-09-26T03:30:00Z,2026-09-26T06:30:33Z,60,10.0,12.0,,,,,1015.3,26.0,26.2,21.8,,,
2026-09-26T03:40:00Z,2026-09-26T06:30:33Z,60,10.0,12.0,2.4,,5.8,92,1015.4,26.1,26.2,21.8,,,
2026-09-26T03:50:00Z,2026-09-26T06:30:33Z,50,10.0,13.0,2.4,8,5.8,92,1015.4,26.0,26.2,22.2,,,
2026-09-26T04:00:00Z,2026-09-26T06:30:33Z,50,9.0,11.0,,,,,1015.5,25.8,26.2,22.6,,+0.3,
2026-09-26T04:10:00Z,2026-09-26T06:30:33Z,50,10.0,12.0,,,,,1015.4,25.9,26.2,22.3,,,
2026-09-26T04:20:00Z,2026-09-26T06:30:33Z,60,10.0,14.0,2.5,8,5.9,96,1015.5,26.0,26.2,21.8,,,
2026-09-26T04:30:00Z,2026-09-26T06:30:33Z,60,10.0,13.0,,,,,1015.4,26.0,26.2,22.0,,,
2026-09-26T04:40:00Z,2026-09-26T06:30:33Z,60,10.0,12.0,,,,,1015.5,26.0,26.2,21.7,,,
2026-09-26T04:50:00Z,2026-09-26T06:30:33Z,60,10.0,13.0,2.5,8,5.9,87,1015.7,26.1,26.2,21.8,,,
2026-09-26T05:00:00Z,2026-09-26T06:30:33Z,50,10.0,12.0,,,,,1015.8,26.1,26.2,21.9,,+0.7,
2026-09-26T05:10:00Z,2026-09-26T06:30:33Z,50,10.0,12.0,2.4,,5.8,91,1015.8,26.1,26.2,22.0,,,
2026-09-26T05:20:00Z,2026-09-26T06:30:33Z,60,10.0,13.0,2.4,7,5.8,91,1015.9,26.0,26.2,22.1,,,
2026-09-26T05:30:00Z,2026-09-26T06:30:33Z,60,11.0,13.0,,,,,1015.9,26.0,26.2,22.0,,,
2026-09-26T05:40:00Z,2026-09-26T06:30:33Z,60,10.0,12.0,2.5,,5.9,78,1016.1,26.0,26.2,22.1,,,
2026-09-26T05:50:00Z,2026-09-26T06:30:33Z,60,10.0,12.0,2.5,9,5.9,78,1016.2,26.1,26.2,22.1,,,
2026-09-26T06:00:00Z,2026-09-26T11:42:23Z,60,10.0,12.0,,,,,1016.3,26.0,26.2,22.2,,+1.1,
2026-09-26T06:10:00Z,2026-09-26T11:42:23Z,,,,2.5,9,,,,,26.2,,,,
2026-09-26T06:20:00Z,2026-09-26T11:42:23Z,60,11.0,12.0,2.5,,5.8,82,1016.4,26.0,,22.1,,,
2026-09-26T06:30:00Z,2026-09-26T11:42:23Z,60,11.0,13.0,,,,,1016.4,26.0,26.2,22.2,,,
2026-09-26T06:40:00Z,2026-09-26T11:42:23Z,60,11.0,13.0,2.4,,5.8,83,1016.6,26.0,26.2,22.0,,,
2026-09-26T06:50:00Z,2026-09-26T11:42:23Z,60,11.0,13.0,2.4,9,5.8,83,1016.7,26.0,,22.0,,,
2026-09-26T07:00:00Z,2026-09-26T11:42:23Z,60,11.0,13.0,,,,,1016.8,26.0,26.2,22.1,,+1.3,
2026-09-26T07:10:00Z,2026-09-26T11:42:23Z,60,10.0,13.0,2.7,,6.1,91,1016.9,26.0,,22.2,,,
2026-09-26T07:20:00Z,2026-09-26T11:42:23Z,60,11.0,14.0,2.7,8,6.1,91,1017.0,26.0,26.2,22.3,,,
2026-09-26T07:30:00Z,2026-09-26T11:42:23Z,60,11.0,13.0,,,,,1017.1,26.1,26.2,22.1,,,
2026-09-26T07:40:00Z,2026-09-26T11:42:23Z,60,10.0,12.0,2.4,,5.8,86,1017.2,26.0,26.2,22.3,,,
2026-09-26T07:50:00Z,2026-09-26T11:42:23Z,60,10.0,12.0,2.4,,5.8,86,1017.3,,26.2,,,,
2026-09-26T08:00:00Z,2026-09-26T11:42:23Z,60,10.0,13.0,2.4,,5.8,84,1017.2,26.1,26.2,22.3,,+1.4,
2026-09-26T08:10:00Z,2026-09-26T11:42:23Z,60,10.0,12.0,,,,,1017.3,26.1,26.2,22.4,,,
2026-09-26T08:20:00Z,2026-09-26T11:42:23Z,60,10.0,12.0,2.4,9,5.8,84,1017.3,26.0,26.2,22.4,,,
2026-09-26T08:30:00Z,2026-09-26T11:42:23Z,60,10.0,13.0,,,,,1017.2,26.0,26.2,22.3,,,
2026-09-26T08:40:00Z,2026-09-26T11:42:23Z,60,11.0,13.0,2.7,,6.0,86,1017.1,26.0,26.2,22.5,,,
2026-09-26T08:50:00Z,2026-09-26T11:42:23Z,60,11.0,14.0,2.7,9,6.0,86,1017.1,25.9,26.2,22.4,,,
2026-09-26T09:00:00Z,2026-09-26T11:42:23Z,60,11.0,13.0,,,,,1017.1,26.0,26.2,22.3,,+0.8,
2026-09-26T09:10:00Z,2026-09-26T11:42:23Z,60,11.0,13.0,2.5,,5.8,81,1017.1,26.0,26.2,22.3,,,
2026-09-26T09:20:00Z,2026-09-26T11:42:23Z,60,11.0,12.0,2.5,9,5.8,81,1017.1,26.0,26.2,22.3,,,
2026-09-26T09:30:00Z,2026-09-26T11:42:23Z,60,10.0,12.0,,,,,1017.1,26.0,26.2,22.4,,,
2026-09-26T09:40:00Z,2026-09-26T11:42:23Z,60,11.0,13.0,2.7,,6.1,88,1017.0,25.9,26.2,22.1,,,
2026-09-26T09:50:00Z,2026-09-26T11:42:23Z,60,10.0,12.0,2.7,8,6.1,88,1016.9,26.0,26.2,21.9,,,
2026-09-26T10:00:00Z,2026-09-26T11:42:23Z,60,11.0,13.0,,,,,1016.8,25.9,26.2,22.0,,+0.0,
2026-09-26T10:10:00Z,2026-09-26T11:42:23Z,60,11.0,14.0,,,,,1016.8,25.9,26.2,22.0,,,
2026-09-26T10:20:00Z,2026-09-26T11:42:23Z,60,11.0,13.0,2.6,9,5.9,94,1016.8,25.9,,22.2,,,
2026-09-26T10:30:00Z,2026-09-26T11:42:23Z,60,12.0,14.0,,,,,1016.7,25.8,26.2,21.7,,,
2026-09-26T10:40:00Z,2026-09-26T11:42:23Z,60,11.0,13.0,,,,,1016.8,25.9,26.2,21.6,,,
2026-09-26T10:50:00Z,2026-09-26T11:42:23Z,60,10.0,12.0,2.7,8,6.1,94,1016.7,25.9,26.2,21.7,,,
2026-09-26T11:00:00Z,2026-09-26T11:42:23Z,60,10.0,12.0,,,,,1016.6,25.9,26.2,21.7,,-0.6,
2026-09-26T11:10:00Z,2026-09-26T11:42:23Z,50,10.0,12.0,2.8,,6.1,93,1016.7,25.8,26.2,21.8,,,
2026-09-26T11:20:00Z,2026-09-26T16:06:04Z,60,10.0,12.0,2.8,8,6.1,93,1016.5,25.7,26.2,21.8,,,
2026-09-26T11:30:00Z,2026-09-26T16:06:04Z,60,10.0,12.0,,,,,1016.4,25.7,26.1,21.7,,,
2026-09-26T11:40:00Z,2026-09-26T16:06:04Z,60,10.0,11.0,2.6,,5.9,90,1016.2,25.7,26.1,21.9,,,
2026-09-26T11:50:00Z,2026-09-26T16:06:04Z,60,10.0,12.0,2.6,8,5.9,90,1016.1,25.8,26.1,21.9,,,
2026-09-26T12:00:00Z,2026-09-26T16:06:04Z,60,10.0,11.0,,,,,1016.1,25.8,26.1,21.8,,-1.0,
2026-09-26T12:10:00Z,2026-09-26T16:06:04Z,60,9.0,11.0,2.6,,5.9,83,1016.0,25.8,26.1,21.9,,,
2026-09-26T12:20:00Z,2026-09-26T16:06:04Z,60,9.0,11.0,2.6,,5.9,83,1016.0,,26.1,,,,
2026-09-26T12:30:00Z,2026-09-26T16:06:04Z,60,9.0,12.0,,,,,1015.9,25.8,26.1,21.5,,,
2026-09-26T12:40:00Z,2026-09-26T16:06:04Z,60,9.0,11.0,,,,,1015.9,25.7,26.1,21.6,,,
2026-09-26T12:50:00Z,2026-09-26T16:06:04Z,60,9.0,12.0,2.8,8,6.0,103,1015.9,25.7,26.1,22.1,,,
2026-09-26T13:00:00Z,2026-09-26T16:06:04Z,60,9.0,11.0,,,,,1015.7,25.7,26.1,22.5,,-1.1,
2026-09-26T13:10:00Z,2026-09-26T16:06:04Z,60,9.0,11.0,2.7,,6.0,89,1015.7,25.7,26.1,22.4,,,
2026-09-26T13:20:00Z,2026-09-26T16:06:04Z,60,9.0,11.0,2.7,7,6.0,89,1015.6,25.7,,22.4,,,
2026-09-26T13:30:00Z,2026-09-26T16:06:04Z,60,10.0,12.0,,,,,1015.6,25.7,26.1,22.1,,,
2026-09-26T13:40:00Z,2026-09-26T16:06:04Z,60,10.0,12.0,2.7,,6.3,95,1015.6,25.8,26.1,22.2,,,
2026-09-26T13:50:00Z,2026-09-26T16:06:04Z,60,9.0,12.0,2.7,,6.3,95,1015.7,,26.1,,,,
2026-09-26T14:00:00Z,2026-09-26T16:06:04Z,60,9.0,11.0,,,,,1015.6,25.7,26.1,22.3,,-1.0,
2026-09-26T14:10:00Z,2026-09-26T16:06:04Z,60,10.0,12.0,,,,,1015.4,25.7,26.1,22.5,,,
2026-09-26T14:20:00Z,2026-09-26T16:06:04Z,60,9.0,12.0,2.8,8,6.2,95,1015.4,25.7,,22.4,,,
2026-09-26T14:30:00Z,2026-09-26T16:06:04Z,60,10.0,12.0,,,,,1015.4,25.7,26.1,22.2,,,
2026-09-26T14:40:00Z,2026-09-26T16:06:04Z,60,10.0,12.0,2.6,,6.2,101,1015.3,25.7,26.1,22.1,,,
2026-09-26T14:50:00Z,2026-09-26T16:06:04Z,60,10.0,12.0,2.6,9,6.2,101,1015.4,25.8,26.2,22.3,,,
2026-09-26T15:00:00Z,2026-09-26T16:06:04Z,60,10.0,12.0,,,,,1015.4,25.7,26.1,22.4,,-0.7,
2026-09-26T15:10:00Z,2026-09-26T16:06:04Z,60,10.0,12.0,2.8,,6.1,97,1015.6,25.7,26.1,22.4,,,
2026-09-26T15:20:00Z,2026-09-26T16:06:04Z,50,8.0,11.0,2.8,8,6.1,97,1015.7,25.3,26.1,22.5,,,
2026-09-26T15:30:00Z,2026-09-26T16:06:04Z,60,9.0,11.0,,,,,1015.7,25.8,26.1,22.4,,,
2026-09-26T15:40:00Z,2026-09-26T19:19:00Z,60,10.0,12.0,,,,,1015.8,25.8,26.1,22.3,,,
2026-09-26T15:50:00Z,2026-09-26T19:19:00Z,60,10.0,12.0,2.7,8,6.1,95,1015.9,25.7,26.1,22.2,,,
2026-09-26T16:00:00Z,2026-09-26T19:19:00Z,60,10.0,12.0,,,,,1016.0,25.7,26.1,22.1,,+0.3,
2026-09-26T16:10:00Z,2026-09-26T19:19:00Z,60,9.0,12.0,,,,,1016.2,25.8,26.1,22.5,,,
2026-09-26T16:20:00Z,2026-09-26T19:19:00Z,60,10.0,12.0,2.7,9,6.1,94,1016.3,25.8,26.1,22.3,,,
2026-09-26T16:30:00Z,2026-09-26T19:19:00Z,60,9.0,12.0,,,,,1016.3,25.9,26.1,22.1,,,
2026-09-26T16:40:00Z,2026-09-26T19:19:00Z,60,10.0,13.0,,,,,1016.4,25.8,26.1,21.8,,,
2026-09-26T16:50:00Z,2026-09-26T19:19:00Z,60,10.0,11.0,2.7,9,6.3,102,1016.4,25.9,26.1,21.8,,,
2026-09-26T17:00:00Z,2026-09-26T19:19:00Z,60,9.0,11.0,,,,,1016.5,25.8,26.1,21.9,,+0.9,
2026-09-26T17:10:00Z,2026-09-26T19:19:00Z,60,9.0,12.0,2.7,,6.3,99,1016.6,25.8,26.2,21.7,,,
2026-09-26T17:20:00Z,2026-09-26T19:19:00Z,70,10.0,12.0,2.7,9,6.3,99,1016.8,25.9,26.1,21.6,,,
2026-09-26T17:30:00Z,2026-09-26T19:19:00Z,60,10.0,11.0,,,,,1016.7,25.8,26.1,21.6,,,
2026-09-26T17:40:00Z,2026-09-26T19:19:00Z,60,10.0,12.0,2.6,,6.3,102,1016.7,25.8,26.1,21.7,,,
2026-09-26T17:50:00Z,2026-09-26T19:19:00Z,60,9.0,12.0,2.6,9,6.3,102,1016.8,25.8,26.1,21.7,,,
2026-09-26T18:00:00Z,2026-09-26T19:19:00Z,60,9.0,11.0,,,,,1017.0,25.8,26.1,21.9,,+1.6,
2026-09-26T18:10:00Z,2026-09-26T19:19:00Z,60,9.0,12.0,2.7,,6.4,97,1017.1,25.8,26.1,21.8,,,
2026-09-26T18:20:00Z,2026-09-26T19:19:00Z,60,9.0,11.0,2.7,9,6.4,97,1017.1,25.9,26.1,21.9,,,
2026-09-26T18:30:00Z,2026-09-26T19:19:00Z,60,9.0,11.0,,,,,1017.1,25.8,26.1,22.1,,,
2026-09-26T18:40:00Z,2026-09-26T19:19:00Z,60,9.0,11.0,2.6,,6.3,106,1017.2,25.9,26.1,22.2,,,
