part,seq,lat,lon,source_layer,fetched_utc
0,0,32.6586710,-117.1568373,https://gis.charttools.noaa.gov/arcgis/rest/services/encdirect/enc_coastal/MapServer/70,2026-09-20T05:40:25Z
0,1,32.6557584,-117.1550495,https://gis.charttools.noaa.gov/arcgis/rest/services/encdirect/enc_coastal/MapServer/70,2026-09-20T05:40:25Z
0,2,32.6524115,-117.1530274,https://gis.charttools.noaa.gov/arcgis/rest/services/encdirect/enc_coastal/MapServer/70,2026-09-20T05:40:25Z
0,3,32.6519774,-117.1527652,https://gis.charttools.noaa.gov/arcgis/rest/services/encdirect/enc_coastal/MapServer/70,2026-09-20T05:40:25Z
0,4,32.6499970,-117.1514245,https://gis.charttools.noaa.gov/arcgis/rest/services/encdirect/enc_coastal/MapServer/70,2026-09-20T05:40:25Z
0,5,32.6488964,-117.1506794,https://gis.charttools.noaa.gov/arcgis/rest/services/encdirect/enc_coastal/MapServer/70,2026-09-20T05:40:25Z
0,6,32.6456193,-117.1487261,https://gis.charttools.noaa.gov/arcgis/rest/services/encdirect/enc_coastal/MapServer/70,2026-09-20T05:40:25Z
0,7,32.6432665,-117.1475674,https://gis.charttools.noaa.gov/arcgis/rest/services/encdirect/enc_coastal/MapServer/70,2026-09-20T05:40:25Z
0,8,32.6414458,-117.1466735,https://gis.charttools.noaa.gov/arcgis/rest/services/encdirect/enc_coastal/MapServer/70,2026-09-20T05:40:25Z
0,9,32.6386621,-117.1451042,https://gis.charttools.noaa.gov/arcgis/rest/services/encdirect/enc_coastal/MapServer/70,2026-09-20T05:40:25Z
0,10,32.6351931,-117.1432926,https://gis.charttools.noaa.gov/arcgis/rest/services/encdirect/enc_coastal/MapServer/70,2026-09-20T05:40:25Z
0,11,32.6305136,-117.1410043,https://gis.charttools.noaa.gov/arcgis/rest/services/encdirect/enc_coastal/MapServer/70,2026-09-20T05:40:25Z
0,12,32.6282141,-117.1400985,https://gis.charttools.noaa.gov/arcgis/rest/services/encdirect/enc_coastal/MapServer/70,2026-09-20T05:40:25Z
0,13,32.6248656,-117.1388113,https://gis.charttools.noaa.gov/arcgis/rest/services/encdirect/enc_coastal/MapServer/70,2026-09-20T05:40:25Z
0,14,32.6230363,-117.1381719,https://gis.charttools.noaa.gov/arcgis/rest/services/encdirect/enc_coastal/MapServer/70,2026-09-20T05:40:25Z
0,15,32.6220012,-117.1378101,https://gis.charttools.noaa.gov/arcgis/rest/services/encdirect/enc_coastal/MapServer/70,2026-09-20T05:40:25Z
0,16,32.6193384,-117.1370473,https://gis.charttools.noaa.gov/arcgis/rest/services/encdirect/enc_coastal/MapServer/70,2026-09-20T05:40:25Z
0,17,32.6168369,-117.1362846,https://gis.charttools.noaa.gov/arcgis/rest/services/encdirect/enc_coastal/MapServer/70,2026-09-20T05:40:25Z
0,18,32.6129787,-117.1354281,https://gis.charttools.noaa.gov/arcgis/rest/services/encdirect/enc_coastal/MapServer/70,2026-09-20T05:40:25Z
0,19,32.6101377,-117.1347384,https://gis.charttools.noaa.gov/arcgis/rest/services/encdirect/enc_coastal/MapServer/70,2026-09-20T05:40:25Z
0,20,32.6084787,-117.1343678,https://gis.charttools.noaa.gov/arcgis/rest/services/encdirect/enc_coastal/MapServer/70,2026-09-20T05:40:25Z
0,21,32.6061825,-117.1340459,https://gis.charttools.noaa.gov/arcgis/rest/services/encdirect/enc_coastal/MapServer/70,2026-09-20T05:40:25Z
0,22,32.6000315,-117.1332306,https://gis.charttools.noaa.gov/arcgis/rest/services/encdirect/enc_coastal/MapServer/70,2026-09-20T05:40:25Z
0,23,32.5945711,-117.1325958,https://gis.charttools.noaa.gov/arcgis/rest/services/encdirect/enc_coastal/MapServer/70,2026-09-20T05:40:25Z
0,24,32.5890882,-117.1327253,https://gis.charttools.noaa.gov/arcgis/rest/services/encdirect/enc_coastal/MapServer/70,2026-09-20T05:40:25Z
0,25,32.5870639,-117.1326103,https://gis.charttools.noaa.gov/arcgis/rest/services/encdirect/enc_coastal/MapServer/70,2026-09-20T05:40:25Z
0,26,32.5846301,-117.1328499,https://gis.charttools.noaa.gov/arcgis/rest/services/encdirect/enc_coastal/MapServer/70,2026-09-20T05:40:25Z
0,27,32.5842610,-117.1328862,https://gis.charttools.noaa.gov/arcgis/rest/services/encdirect/enc_coastal/MapServer/70,2026-09-20T05:40:25Z
0,28,32.5841375,-117.1328851,https://gis.charttools.noaa.gov/arcgis/rest/services/encdirect/enc_coastal/MapServer/70,2026-09-20T05:40:25Z
0,29,32.5797187,-117.1328451,https://gis.charttools.noaa.gov/arcgis/rest/services/encdirect/enc_coastal/MapServer/70,2026-09-20T05:40:25Z
0,30,32.5791805,-117.1328402,https://gis.charttools.noaa.gov/arcgis/rest/services/encdirect/enc_coastal/MapServer/70,2026-09-20T05:40:25Z
0,31,32.5791609,-117.1328398,https://gis.charttools.noaa.gov/arcgis/rest/services/encdirect/enc_coastal/MapServer/70,2026-09-20T05:40:25Z
0,32,32.5759102,-117.1327713,https://gis.charttools.noaa.gov/arcgis/rest/services/encdirect/enc_coastal/MapServer/70,2026-09-20T05:40:25Z
0,33,32.5750117,-117.1327879,https://gis.charttools.noaa.gov/arcgis/rest/services/encdirect/enc_coastal/MapServer/70,2026-09-20T05:40:25Z
0,34,32.5748396,-117.1327911,https://gis.charttools.noaa.gov/arcgis/rest/services/encdirect/enc_coastal/MapServer/70,2026-09-20T05:40:25Z
0,35,32.5725986,-117.1328325,https://gis.charttools.noaa.gov/arcgis/rest/services/encdirect/enc_coastal/MapServer/70,2026-09-20T05:40:25Z
0,36,32.5724558,-117.1328352,https://gis.charttools.noaa.gov/arcgis/rest/services/encdirect/enc_coastal/MapServer/70,2026-09-20T05:40:25Z
0,37,32.5672082,-117.1329322,https://gis.charttools.noaa.gov/arcgis/rest/services/encdirect/enc_coastal/MapServer/70,2026-09-20T05:40:25Z
0,38,32.5641126,-117.1322885,https://gis.charttools.noaa.gov/arcgis/rest/services/encdirect/enc_coastal/MapServer/70,2026-09-20T05:40:25Z
0,39,32.5611922,-117.1315068,https://gis.charttools.noaa.gov/arcgis/rest/services/encdirect/enc_coastal/MapServer/70,2026-09-20T05:40:25Z
0,40,32.5596500,-117.1312479,https://gis.charttools.noaa.gov/arcgis/rest/services/encdirect/enc_coastal/MapServer/70,2026-09-20T05:40:25Z
0,41,32.5585458,-117.1310217,https://gis.charttools.noaa.gov/arcgis/rest/services/encdirect/enc_coastal/MapServer/70,2026-09-20T05:40:25Z
0,42,32.5580965,-117.1308013,https://gis.charttools.noaa.gov/arcgis/rest/services/encdirect/enc_coastal/MapServer/70,2026-09-20T05:40:25Z
0,43,32.5568630,-117.1297101,https://gis.charttools.noaa.gov/arcgis/rest/services/encdirect/enc_coastal/MapServer/70,2026-09-20T05:40:25Z
1,0,32.4829206,-117.1254821,https://gis.charttools.noaa.gov/arcgis/rest/services/encdirect/enc_coastal/MapServer/70,2026-09-20T05:40:25Z
1,1,32.4846572,-117.1262961,https://gis.charttools.noaa.gov/arcgis/rest/services/encdirect/enc_coastal/MapServer/70,2026-09-20T05:40:25Z
1,2,32.4867149,-117.1262686,https://gis.charttools.noaa.gov/arcgis/rest/services/encdirect/enc_coastal/MapServer/70,2026-09-20T05:40:25Z
1,3,32.4880945,-117.1264617,https://gis.charttools.noaa.gov/arcgis/rest/services/encdirect/enc_coastal/MapServer/70,2026-09-20T05:40:25Z
1,4,32.4902224,-117.1265445,https://gis.charttools.noaa.gov/arcgis/rest/services/encdirect/enc_coastal/MapServer/70,2026-09-20T05:40:25Z
1,5,32.4915552,-117.1270962,https://gis.charttools.noaa.gov/arcgis/rest/services/encdirect/enc_coastal/MapServer/70,2026-09-20T05:40:25Z
1,6,32.4968047,-117.1277679,https://gis.charttools.noaa.gov/arcgis/rest/services/encdirect/enc_coastal/MapServer/70,2026-09-20T05:40:25Z
1,7,32.4974879,-117.1277905,https://gis.charttools.noaa.gov/arcgis/rest/services/encdirect/enc_coastal/MapServer/70,2026-09-20T05:40:25Z
1,8,32.5004071,-117.1278871,https://gis.charttools.noaa.gov/arcgis/rest/services/encdirect/enc_coastal/MapServer/70,2026-09-20T05:40:25Z
2,0,32.5308240,-117.1252547,https://gis.charttools.noaa.gov/arcgis/rest/services/encdirect/enc_coastal/MapServer/70,2026-09-20T05:40:25Z
2,1,32.5312011,-117.1251420,https://gis.charttools.noaa.gov/arcgis/rest/services/encdirect/enc_coastal/MapServer/70,2026-09-20T05:40:25Z
2,2,32.5325473,-117.1247117,https://gis.charttools.noaa.gov/arcgis/rest/services/encdirect/enc_coastal/MapServer/70,2026-09-20T05:40:25Z
2,3,32.5340804,-117.1246016,https://gis.charttools.noaa.gov/arcgis/rest/services/encdirect/enc_coastal/MapServer/70,2026-09-20T05:40:25Z
2,4,32.5341440,-117.1245898,https://gis.charttools.noaa.gov/arcgis/rest/services/encdirect/enc_coastal/MapServer/70,2026-09-20T05:40:25Z
2,5,32.5341532,-117.1245881,https://gis.charttools.noaa.gov/arcgis/rest/services/encdirect/enc_coastal/MapServer/70,2026-09-20T05:40:25Z
2,6,32.5341566,-117.1245875,https://gis.charttools.noaa.gov/arcgis/rest/services/encdirect/enc_coastal/MapServer/70,2026-09-20T05:40:25Z
2,7,32.5342849,-117.1245637,https://gis.charttools.noaa.gov/arcgis/rest/services/encdirect/enc_coastal/MapServer/70,2026-09-20T05:40:25Z
2,8,32.5342864,-117.1245634,https://gis.charttools.noaa.gov/arcgis/rest/services/encdirect/enc_coastal/MapServer/70,2026-09-20T05:40:25Z
2,9,32.5342874,-117.1245631,https://gis.charttools.noaa.gov/arcgis/rest/services/encdirect/enc_coastal/MapServer/70,2026-09-20T05:40:25Z
2,10,32.5345855,-117.1244624,https://gis.charttools.noaa.gov/arcgis/rest/services/encdirect/enc_coastal/MapServer/70,2026-09-20T05:40:25Z
2,11,32.5352890,-117.1242249,https://gis.charttools.noaa.gov/arcgis/rest/services/encdirect/enc_coastal/MapServer/70,2026-09-20T05:40:25Z
2,12,32.5358453,-117.1240371,https://gis.charttools.noaa.gov/arcgis/rest/services/encdirect/enc_coastal/MapServer/70,2026-09-20T05:40:25Z
2,13,32.5380328,-117.1242689,https://gis.charttools.noaa.gov/arcgis/rest/services/encdirect/enc_coastal/MapServer/70,2026-09-20T05:40:25Z
2,14,32.5403323,-117.1243351,https://gis.charttools.noaa.gov/arcgis/rest/services/encdirect/enc_coastal/MapServer/70,2026-09-20T05:40:25Z
2,15,32.5427721,-117.1246662,https://gis.charttools.noaa.gov/arcgis/rest/services/encdirect/enc_coastal/MapServer/70,2026-09-20T05:40:25Z
2,16,32.5443450,-117.1250683,https://gis.charttools.noaa.gov/arcgis/rest/services/encdirect/enc_coastal/MapServer/70,2026-09-20T05:40:25Z
2,17,32.5482594,-117.1260392,https://gis.charttools.noaa.gov/arcgis/rest/services/encdirect/enc_coastal/MapServer/70,2026-09-20T05:40:25Z
2,18,32.5500500,-117.1265513,https://gis.charttools.noaa.gov/arcgis/rest/services/encdirect/enc_coastal/MapServer/70,2026-09-20T05:40:25Z
2,19,32.5515635,-117.1269842,https://gis.charttools.noaa.gov/arcgis/rest/services/encdirect/enc_coastal/MapServer/70,2026-09-20T05:40:25Z
2,20,32.5529888,-117.1276188,https://gis.charttools.noaa.gov/arcgis/rest/services/encdirect/enc_coastal/MapServer/70,2026-09-20T05:40:25Z
2,21,32.5532171,-117.1276188,https://gis.charttools.noaa.gov/arcgis/rest/services/encdirect/enc_coastal/MapServer/70,2026-09-20T05:40:25Z
2,22,32.5533480,-117.1276188,https://gis.charttools.noaa.gov/arcgis/rest/services/encdirect/enc_coastal/MapServer/70,2026-09-20T05:40:25Z
2,23,32.5533627,-117.1276188,https://gis.charttools.noaa.gov/arcgis/rest/services/encdirect/enc_coastal/MapServer/70,2026-09-20T05:40:25Z
2,24,32.5536518,-117.1275121,https://gis.charttools.noaa.gov/arcgis/rest/services/encdirect/enc_coastal/MapServer/70,2026-09-20T05:40:25Z
2,25,32.5537365,-117.1274808,https://gis.charttools.noaa.gov/arcgis/rest/services/encdirect/enc_coastal/MapServer/70,2026-09-20T05:40:25Z
2,26,32.5539902,-117.1270997,https://gis.charttools.noaa.gov/arcgis/rest/services/encdirect/enc_coastal/MapServer/70,2026-09-20T05:40:25Z
2,27,32.5539936,-117.1270946,https://gis.charttools.noaa.gov/arcgis/rest/services/encdirect/enc_coastal/MapServer/70,2026-09-20T05:40:25Z
2,28,32.5539891,-117.1268715,https://gis.charttools.noaa.gov/arcgis/rest/services/encdirect/enc_coastal/MapServer/70,2026-09-20T05:40:25Z
2,29,32.5539837,-117.1266023,https://gis.charttools.noaa.gov/arcgis/rest/services/encdirect/enc_coastal/MapServer/70,2026-09-20T05:40:25Z
2,30,32.5538079,-117.1264426,https://gis.charttools.noaa.gov/arcgis/rest/services/encdirect/enc_coastal/MapServer/70,2026-09-20T05:40:25Z
2,31,32.5531318,-117.1263149,https://gis.charttools.noaa.gov/arcgis/rest/services/encdirect/enc_coastal/MapServer/70,2026-09-20T05:40:25Z
2,32,32.5520618,-117.1259602,https://gis.charttools.noaa.gov/arcgis/rest/services/encdirect/enc_coastal/MapServer/70,2026-09-20T05:40:25Z
3,0,32.6522480,-117.1450546,https://gis.charttools.noaa.gov/arcgis/rest/services/encdirect/enc_coastal/MapServer/70,2026-09-20T05:40:25Z
3,1,32.6520787,-117.1448828,https://gis.charttools.noaa.gov/arcgis/rest/services/encdirect/enc_coastal/MapServer/70,2026-09-20T05:40:25Z
3,2,32.6512560,-117.1443962,https://gis.charttools.noaa.gov/arcgis/rest/services/encdirect/enc_coastal/MapServer/70,2026-09-20T05:40:25Z
3,3,32.6481435,-117.1427868,https://gis.charttools.noaa.gov/arcgis/rest/services/encdirect/enc_coastal/MapServer/70,2026-09-20T05:40:25Z
3,4,32.6457963,-117.1414416,https://gis.charttools.noaa.gov/arcgis/rest/services/encdirect/enc_coastal/MapServer/70,2026-09-20T05:40:25Z
3,5,32.6439326,-117.1405478,https://gis.charttools.noaa.gov/arcgis/rest/services/encdirect/enc_coastal/MapServer/70,2026-09-20T05:40:25Z
3,6,32.6438026,-117.1404453,https://gis.charttools.noaa.gov/arcgis/rest/services/encdirect/enc_coastal/MapServer/70,2026-09-20T05:40:25Z
3,7,32.6437593,-117.1403172,https://gis.charttools.noaa.gov/arcgis/rest/services/encdirect/enc_coastal/MapServer/70,2026-09-20T05:40:25Z
3,8,32.6438243,-117.1398815,https://gis.charttools.noaa.gov/arcgis/rest/services/encdirect/enc_coastal/MapServer/70,2026-09-20T05:40:25Z
3,9,32.6438243,-117.1397534,https://gis.charttools.noaa.gov/arcgis/rest/services/encdirect/enc_coastal/MapServer/70,2026-09-20T05:40:25Z
3,10,32.6437809,-117.1395484,https://gis.charttools.noaa.gov/arcgis/rest/services/encdirect/enc_coastal/MapServer/70,2026-09-20T05:40:25Z
3,11,32.6435211,-117.1393693,https://gis.charttools.noaa.gov/arcgis/rest/services/encdirect/enc_coastal/MapServer/70,2026-09-20T05:40:25Z
3,12,32.6432394,-117.1393436,https://gis.charttools.noaa.gov/arcgis/rest/services/encdirect/enc_coastal/MapServer/70,2026-09-20T05:40:25Z
3,13,32.6424381,-117.1394718,https://gis.charttools.noaa.gov/arcgis/rest/services/encdirect/enc_coastal/MapServer/70,2026-09-20T05:40:25Z
3,14,32.6418317,-117.1395227,https://gis.charttools.noaa.gov/arcgis/rest/services/encdirect/enc_coastal/MapServer/70,2026-09-20T05:40:25Z
3,15,32.6415501,-117.1394718,https://gis.charttools.noaa.gov/arcgis/rest/services/encdirect/enc_coastal/MapServer/70,2026-09-20T05:40:25Z
3,16,32.6404457,-117.1389337,https://gis.charttools.noaa.gov/arcgis/rest/services/encdirect/enc_coastal/MapServer/70,2026-09-20T05:40:25Z
3,17,32.6392110,-117.1383189,https://gis.charttools.noaa.gov/arcgis/rest/services/encdirect/enc_coastal/MapServer/70,2026-09-20T05:40:25Z
3,18,32.6386912,-117.1379601,https://gis.charttools.noaa.gov/arcgis/rest/services/encdirect/enc_coastal/MapServer/70,2026-09-20T05:40:25Z
3,19,32.6385395,-117.1379089,https://gis.charttools.noaa.gov/arcgis/rest/services/encdirect/enc_coastal/MapServer/70,2026-09-20T05:40:25Z
3,20,32.6383664,-117.1379345,https://gis.charttools.noaa.gov/arcgis/rest/services/encdirect/enc_coastal/MapServer/70,2026-09-20T05:40:25Z
3,21,32.6383013,-117.1380626,https://gis.charttools.noaa.gov/arcgis/rest/services/encdirect/enc_coastal/MapServer/70,2026-09-20T05:40:25Z
3,22,32.6382581,-117.1384980,https://gis.charttools.noaa.gov/arcgis/rest/services/encdirect/enc_coastal/MapServer/70,2026-09-20T05:40:25Z
3,23,32.6382436,-117.1385954,https://gis.charttools.noaa.gov/arcgis/rest/services/encdirect/enc_coastal/MapServer/70,2026-09-20T05:40:25Z
3,24,32.6382433,-117.1385973,https://gis.charttools.noaa.gov/arcgis/rest/services/encdirect/enc_coastal/MapServer/70,2026-09-20T05:40:25Z
3,25,32.6382344,-117.1386564,https://gis.charttools.noaa.gov/arcgis/rest/services/encdirect/enc_coastal/MapServer/70,2026-09-20T05:40:25Z
3,26,32.6382186,-117.1387626,https://gis.charttools.noaa.gov/arcgis/rest/services/encdirect/enc_coastal/MapServer/70,2026-09-20T05:40:25Z
3,27,32.6381930,-117.1389337,https://gis.charttools.noaa.gov/arcgis/rest/services/encdirect/enc_coastal/MapServer/70,2026-09-20T05:40:25Z
3,28,32.6379981,-117.1393436,https://gis.charttools.noaa.gov/arcgis/rest/services/encdirect/enc_coastal/MapServer/70,2026-09-20T05:40:25Z
3,29,32.6378248,-117.1396765,https://gis.charttools.noaa.gov/arcgis/rest/services/encdirect/enc_coastal/MapServer/70,2026-09-20T05:40:25Z
3,30,32.6376516,-117.1398303,https://gis.charttools.noaa.gov/arcgis/rest/services/encdirect/enc_coastal/MapServer/70,2026-09-20T05:40:25Z
3,31,32.6374783,-117.1398559,https://gis.charttools.noaa.gov/arcgis/rest/services/encdirect/enc_coastal/MapServer/70,2026-09-20T05:40:25Z
3,32,32.6372400,-117.1398815,https://gis.charttools.noaa.gov/arcgis/rest/services/encdirect/enc_coastal/MapServer/70,2026-09-20T05:40:25Z
3,33,32.6367635,-117.1397790,https://gis.charttools.noaa.gov/arcgis/rest/services/encdirect/enc_coastal/MapServer/70,2026-09-20T05:40:25Z
3,34,32.6358411,-117.1393673,https://gis.charttools.noaa.gov/arcgis/rest/services/encdirect/enc_coastal/MapServer/70,2026-09-20T05:40:25Z
3,35,32.6340434,-117.1385732,https://gis.charttools.noaa.gov/arcgis/rest/services/encdirect/enc_coastal/MapServer/70,2026-09-20T05:40:25Z
3,36,32.6332203,-117.1383681,https://gis.charttools.noaa.gov/arcgis/rest/services/encdirect/enc_coastal/MapServer/70,2026-09-20T05:40:25Z
3,37,32.6315308,-117.1379838,https://gis.charttools.noaa.gov/arcgis/rest/services/encdirect/enc_coastal/MapServer/70,2026-09-20T05:40:25Z
3,38,32.6309026,-117.1378557,https://gis.charttools.noaa.gov/arcgis/rest/services/encdirect/enc_coastal/MapServer/70,2026-09-20T05:40:25Z
3,39,32.6307510,-117.1378044,https://gis.charttools.noaa.gov/arcgis/rest/services/encdirect/enc_coastal/MapServer/70,2026-09-20T05:40:25Z
3,40,32.6306860,-117.1377019,https://gis.charttools.noaa.gov/arcgis/rest/services/encdirect/enc_coastal/MapServer/70,2026-09-20T05:40:25Z
3,41,32.6306427,-117.1374715,https://gis.charttools.noaa.gov/arcgis/rest/services/encdirect/enc_coastal/MapServer/70,2026-09-20T05:40:25Z
3,42,32.6306534,-117.1373447,https://gis.charttools.noaa.gov/arcgis/rest/services/encdirect/enc_coastal/MapServer/70,2026-09-20T05:40:25Z
3,43,32.6306544,-117.1373324,https://gis.charttools.noaa.gov/arcgis/rest/services/encdirect/enc_coastal/MapServer/70,2026-09-20T05:40:25Z
3,44,32.6306643,-117.1372153,https://gis.charttools.noaa.gov/arcgis/rest/services/encdirect/enc_coastal/MapServer/70,2026-09-20T05:40:25Z
3,45,32.6309677,-117.1362162,https://gis.charttools.noaa.gov/arcgis/rest/services/encdirect/enc_coastal/MapServer/70,2026-09-20T05:40:25Z
3,46,32.6312708,-117.1351402,https://gis.charttools.noaa.gov/arcgis/rest/services/encdirect/enc_coastal/MapServer/70,2026-09-20T05:40:25Z
3,47,32.6318556,-117.1336798,https://gis.charttools.noaa.gov/arcgis/rest/services/encdirect/enc_coastal/MapServer/70,2026-09-20T05:40:25Z
3,48,32.6322673,-117.1325782,https://gis.charttools.noaa.gov/arcgis/rest/services/encdirect/enc_coastal/MapServer/70,2026-09-20T05:40:25Z
3,49,32.6322735,-117.1325366,https://gis.charttools.noaa.gov/arcgis/rest/services/encdirect/enc_coastal/MapServer/70,2026-09-20T05:40:25Z
3,50,32.6323322,-117.1321425,https://gis.charttools.noaa.gov/arcgis/rest/services/encdirect/enc_coastal/MapServer/70,2026-09-20T05:40:25Z
3,51,32.6323106,-117.1317584,https://gis.charttools.noaa.gov/arcgis/rest/services/encdirect/enc_coastal/MapServer/70,2026-09-20T05:40:25Z
3,52,32.6322456,-117.1317071,https://gis.charttools.noaa.gov/arcgis/rest/services/encdirect/enc_coastal/MapServer/70,2026-09-20T05:40:25Z
3,53,32.6322022,-117.1317328,https://gis.charttools.noaa.gov/arcgis/rest/services/encdirect/enc_coastal/MapServer/70,2026-09-20T05:40:25Z
3,54,32.6321156,-117.1319631,https://gis.charttools.noaa.gov/arcgis/rest/services/encdirect/enc_coastal/MapServer/70,2026-09-20T05:40:25Z
3,55,32.6319241,-117.1322124,https://gis.charttools.noaa.gov/arcgis/rest/services/encdirect/enc_coastal/MapServer/70,2026-09-20T05:40:25Z
3,56,32.6318991,-117.1322450,https://gis.charttools.noaa.gov/arcgis/rest/services/encdirect/enc_coastal/MapServer/70,2026-09-20T05:40:25Z
3,57,32.6312013,-117.1330702,https://gis.charttools.noaa.gov/arcgis/rest/services/encdirect/enc_coastal/MapServer/70,2026-09-20T05:40:25Z
3,58,32.6310542,-117.1332441,https://gis.charttools.noaa.gov/arcgis/rest/services/encdirect/enc_coastal/MapServer/70,2026-09-20T05:40:25Z
3,59,32.6307726,-117.1337310,https://gis.charttools.noaa.gov/arcgis/rest/services/encdirect/enc_coastal/MapServer/70,2026-09-20T05:40:25Z
3,60,32.6306715,-117.1339897,https://gis.charttools.noaa.gov/arcgis/rest/services/encdirect/enc_coastal/MapServer/70,2026-09-20T05:40:25Z
3,61,32.6306539,-117.1340346,https://gis.charttools.noaa.gov/arcgis/rest/services/encdirect/enc_coastal/MapServer/70,2026-09-20T05:40:25Z
3,62,32.6304373,-117.1347519,https://gis.charttools.noaa.gov/arcgis/rest/services/encdirect/enc_coastal/MapServer/70,2026-09-20T05:40:25Z
3,63,32.6301557,-117.1352388,https://gis.charttools.noaa.gov/arcgis/rest/services/encdirect/enc_coastal/MapServer/70,2026-09-20T05:40:25Z
3,64,32.6297009,-117.1357257,https://gis.charttools.noaa.gov/arcgis/rest/services/encdirect/enc_coastal/MapServer/70,2026-09-20T05:40:25Z
3,65,32.6294843,-117.1358535,https://gis.charttools.noaa.gov/arcgis/rest/services/encdirect/enc_coastal/MapServer/70,2026-09-20T05:40:25Z
3,66,32.6292243,-117.1359047,https://gis.charttools.noaa.gov/arcgis/rest/services/encdirect/enc_coastal/MapServer/70,2026-09-20T05:40:25Z
3,67,32.6289644,-117.1358535,https://gis.charttools.noaa.gov/arcgis/rest/services/encdirect/enc_coastal/MapServer/70,2026-09-20T05:40:25Z
3,68,32.6281846,-117.1356744,https://gis.charttools.noaa.gov/arcgis/rest/services/encdirect/enc_coastal/MapServer/70,2026-09-20T05:40:25Z
3,69,32.6272423,-117.1354014,https://gis.charttools.noaa.gov/arcgis/rest/services/encdirect/enc_coastal/MapServer/70,2026-09-20T05:40:25Z
3,70,32.6271231,-117.1353668,https://gis.charttools.noaa.gov/arcgis/rest/services/encdirect/enc_coastal/MapServer/70,2026-09-20T05:40:25Z
3,71,32.6263217,-117.1349824,https://gis.charttools.noaa.gov/arcgis/rest/services/encdirect/enc_coastal/MapServer/70,2026-09-20T05:40:25Z
3,72,32.6257078,-117.1346254,https://gis.charttools.noaa.gov/arcgis/rest/services/encdirect/enc_coastal/MapServer/70,2026-09-20T05:40:25Z
3,73,32.6251834,-117.1343205,https://gis.charttools.noaa.gov/arcgis/rest/services/encdirect/enc_coastal/MapServer/70,2026-09-20T05:40:25Z
3,74,32.6250002,-117.1342140,https://gis.charttools.noaa.gov/arcgis/rest/services/encdirect/enc_coastal/MapServer/70,2026-09-20T05:40:25Z
3,75,32.6246382,-117.1339591,https://gis.charttools.noaa.gov/arcgis/rest/services/encdirect/enc_coastal/MapServer/70,2026-09-20T05:40:25Z
3,76,32.6240904,-117.1335734,https://gis.charttools.noaa.gov/arcgis/rest/services/encdirect/enc_coastal/MapServer/70,2026-09-20T05:40:25Z
3,77,32.6238786,-117.1333304,https://gis.charttools.noaa.gov/arcgis/rest/services/encdirect/enc_coastal/MapServer/70,2026-09-20T05:40:25Z
3,78,32.6236830,-117.1331061,https://gis.charttools.noaa.gov/arcgis/rest/services/encdirect/enc_coastal/MapServer/70,2026-09-20T05:40:25Z
3,79,32.6236235,-117.1329653,https://gis.charttools.noaa.gov/arcgis/rest/services/encdirect/enc_coastal/MapServer/70,2026-09-20T05:40:25Z
3,80,32.6236235,-117.1327778,https://gis.charttools.noaa.gov/arcgis/rest/services/encdirect/enc_coastal/MapServer/70,2026-09-20T05:40:25Z
3,81,32.6237029,-117.1325902,https://gis.charttools.noaa.gov/arcgis/rest/services/encdirect/enc_coastal/MapServer/70,2026-09-20T05:40:25Z
3,82,32.6241766,-117.1319500,https://gis.charttools.noaa.gov/arcgis/rest/services/encdirect/enc_coastal/MapServer/70,2026-09-20T05:40:25Z
3,83,32.6243966,-117.1316526,https://gis.charttools.noaa.gov/arcgis/rest/services/encdirect/enc_coastal/MapServer/70,2026-09-20T05:40:25Z
3,84,32.6244957,-117.1314416,https://gis.charttools.noaa.gov/arcgis/rest/services/encdirect/enc_coastal/MapServer/70,2026-09-20T05:40:25Z
3,85,32.6245155,-117.1312307,https://gis.charttools.noaa.gov/arcgis/rest/services/encdirect/enc_coastal/MapServer/70,2026-09-20T05:40:25Z
3,86,32.6244560,-117.1309727,https://gis.charttools.noaa.gov/arcgis/rest/services/encdirect/enc_coastal/MapServer/70,2026-09-20T05:40:25Z
3,87,32.6243010,-117.1306909,https://gis.charttools.noaa.gov/arcgis/rest/services/encdirect/enc_coastal/MapServer/70,2026-09-20T05:40:25Z
3,88,32.6241984,-117.1305042,https://gis.charttools.noaa.gov/arcgis/rest/services/encdirect/enc_coastal/MapServer/70,2026-09-20T05:40:25Z
3,89,32.6238615,-117.1301291,https://gis.charttools.noaa.gov/arcgis/rest/services/encdirect/enc_coastal/MapServer/70,2026-09-20T05:40:25Z
3,90,32.6237029,-117.1300116,https://gis.charttools.noaa.gov/arcgis/rest/services/encdirect/enc_coastal/MapServer/70,2026-09-20T05:40:25Z
3,91,32.6235244,-117.1299882,https://gis.charttools.noaa.gov/arcgis/rest/services/encdirect/enc_coastal/MapServer/70,2026-09-20T05:40:25Z
3,92,32.6231280,-117.1300820,https://gis.charttools.noaa.gov/arcgis/rest/services/encdirect/enc_coastal/MapServer/70,2026-09-20T05:40:25Z
3,93,32.6229695,-117.1300353,https://gis.charttools.noaa.gov/arcgis/rest/services/encdirect/enc_coastal/MapServer/70,2026-09-20T05:40:25Z
3,94,32.6227315,-117.1298711,https://gis.charttools.noaa.gov/arcgis/rest/services/encdirect/enc_coastal/MapServer/70,2026-09-20T05:40:25Z
3,95,32.6225532,-117.1298478,https://gis.charttools.noaa.gov/arcgis/rest/services/encdirect/enc_coastal/MapServer/70,2026-09-20T05:40:25Z
3,96,32.6223352,-117.1298711,https://gis.charttools.noaa.gov/arcgis/rest/services/encdirect/enc_coastal/MapServer/70,2026-09-20T05:40:25Z
3,97,32.6222182,-117.1299334,https://gis.charttools.noaa.gov/arcgis/rest/services/encdirect/enc_coastal/MapServer/70,2026-09-20T05:40:25Z
3,98,32.6219388,-117.1300820,https://gis.charttools.noaa.gov/arcgis/rest/services/encdirect/enc_coastal/MapServer/70,2026-09-20T05:40:25Z
3,99,32.6215027,-117.1305275,https://gis.charttools.noaa.gov/arcgis/rest/services/encdirect/enc_coastal/MapServer/70,2026-09-20T05:40:25Z
3,100,32.6212449,-117.1309727,https://gis.charttools.noaa.gov/arcgis/rest/services/encdirect/enc_coastal/MapServer/70,2026-09-20T05:40:25Z
3,101,32.6212252,-117.1311839,https://gis.charttools.noaa.gov/arcgis/rest/services/encdirect/enc_coastal/MapServer/70,2026-09-20T05:40:25Z
3,102,32.6212252,-117.1313478,https://gis.charttools.noaa.gov/arcgis/rest/services/encdirect/enc_coastal/MapServer/70,2026-09-20T05:40:25Z
3,103,32.6212945,-117.1315940,https://gis.charttools.noaa.gov/arcgis/rest/services/encdirect/enc_coastal/MapServer/70,2026-09-20T05:40:25Z
3,104,32.6213441,-117.1317700,https://gis.charttools.noaa.gov/arcgis/rest/services/encdirect/enc_coastal/MapServer/70,2026-09-20T05:40:25Z
3,105,32.6213838,-117.1319575,https://gis.charttools.noaa.gov/arcgis/rest/services/encdirect/enc_coastal/MapServer/70,2026-09-20T05:40:25Z
3,106,32.6213838,-117.1321214,https://gis.charttools.noaa.gov/arcgis/rest/services/encdirect/enc_coastal/MapServer/70,2026-09-20T05:40:25Z
3,107,32.6213243,-117.1323089,https://gis.charttools.noaa.gov/arcgis/rest/services/encdirect/enc_coastal/MapServer/70,2026-09-20T05:40:25Z
3,108,32.6211472,-117.1324312,https://gis.charttools.noaa.gov/arcgis/rest/services/encdirect/enc_coastal/MapServer/70,2026-09-20T05:40:25Z
3,109,32.6210864,-117.1324731,https://gis.charttools.noaa.gov/arcgis/rest/services/encdirect/enc_coastal/MapServer/70,2026-09-20T05:40:25Z
3,110,32.6207044,-117.1326086,https://gis.charttools.noaa.gov/arcgis/rest/services/encdirect/enc_coastal/MapServer/70,2026-09-20T05:40:25Z
3,111,32.6205832,-117.1326276,https://gis.charttools.noaa.gov/arcgis/rest/services/encdirect/enc_coastal/MapServer/70,2026-09-20T05:40:25Z
3,112,32.6204217,-117.1326530,https://gis.charttools.noaa.gov/arcgis/rest/services/encdirect/enc_coastal/MapServer/70,2026-09-20T05:40:25Z
3,113,32.6203948,-117.1326461,https://gis.charttools.noaa.gov/arcgis/rest/services/encdirect/enc_coastal/MapServer/70,2026-09-20T05:40:25Z
3,114,32.6198192,-117.1324974,https://gis.charttools.noaa.gov/arcgis/rest/services/encdirect/enc_coastal/MapServer/70,2026-09-20T05:40:25Z
3,115,32.6197667,-117.1324695,https://gis.charttools.noaa.gov/arcgis/rest/services/encdirect/enc_coastal/MapServer/70,2026-09-20T05:40:25Z
3,116,32.6194426,-117.1322968,https://gis.charttools.noaa.gov/arcgis/rest/services/encdirect/enc_coastal/MapServer/70,2026-09-20T05:40:25Z
3,117,32.6192354,-117.1320963,https://gis.charttools.noaa.gov/arcgis/rest/services/encdirect/enc_coastal/MapServer/70,2026-09-20T05:40:25Z
3,118,32.6192179,-117.1319514,https://gis.charttools.noaa.gov/arcgis/rest/services/encdirect/enc_coastal/MapServer/70,2026-09-20T05:40:25Z
3,119,32.6192166,-117.1319406,https://gis.charttools.noaa.gov/arcgis/rest/services/encdirect/enc_coastal/MapServer/70,2026-09-20T05:40:25Z
3,120,32.6192543,-117.1317846,https://gis.charttools.noaa.gov/arcgis/rest/services/encdirect/enc_coastal/MapServer/70,2026-09-20T05:40:25Z
3,121,32.6195179,-117.1314283,https://gis.charttools.noaa.gov/arcgis/rest/services/encdirect/enc_coastal/MapServer/70,2026-09-20T05:40:25Z
3,122,32.6202523,-117.1304261,https://gis.charttools.noaa.gov/arcgis/rest/services/encdirect/enc_coastal/MapServer/70,2026-09-20T05:40:25Z
3,123,32.6202992,-117.1302596,https://gis.charttools.noaa.gov/arcgis/rest/services/encdirect/enc_coastal/MapServer/70,2026-09-20T05:40:25Z
3,124,32.6203087,-117.1302256,https://gis.charttools.noaa.gov/arcgis/rest/services/encdirect/enc_coastal/MapServer/70,2026-09-20T05:40:25Z
3,125,32.6203464,-117.1298694,https://gis.charttools.noaa.gov/arcgis/rest/services/encdirect/enc_coastal/MapServer/70,2026-09-20T05:40:25Z
3,126,32.6203464,-117.1298295,https://gis.charttools.noaa.gov/arcgis/rest/services/encdirect/enc_coastal/MapServer/70,2026-09-20T05:40:25Z
3,127,32.6203464,-117.1296244,https://gis.charttools.noaa.gov/arcgis/rest/services/encdirect/enc_coastal/MapServer/70,2026-09-20T05:40:25Z
3,128,32.6202711,-117.1292237,https://gis.charttools.noaa.gov/arcgis/rest/services/encdirect/enc_coastal/MapServer/70,2026-09-20T05:40:25Z
3,129,32.6202073,-117.1290822,https://gis.charttools.noaa.gov/arcgis/rest/services/encdirect/enc_coastal/MapServer/70,2026-09-20T05:40:25Z
3,130,32.6201205,-117.1288897,https://gis.charttools.noaa.gov/arcgis/rest/services/encdirect/enc_coastal/MapServer/70,2026-09-20T05:40:25Z
3,131,32.6198757,-117.1286000,https://gis.charttools.noaa.gov/arcgis/rest/services/encdirect/enc_coastal/MapServer/70,2026-09-20T05:40:25Z
3,132,32.6195368,-117.1283775,https://gis.charttools.noaa.gov/arcgis/rest/services/encdirect/enc_coastal/MapServer/70,2026-09-20T05:40:25Z
3,133,32.6192919,-117.1282882,https://gis.charttools.noaa.gov/arcgis/rest/services/encdirect/enc_coastal/MapServer/70,2026-09-20T05:40:25Z
3,134,32.6192036,-117.1282787,https://gis.charttools.noaa.gov/arcgis/rest/services/encdirect/enc_coastal/MapServer/70,2026-09-20T05:40:25Z
3,135,32.6190848,-117.1282659,https://gis.charttools.noaa.gov/arcgis/rest/services/encdirect/enc_coastal/MapServer/70,2026-09-20T05:40:25Z
3,136,32.6188965,-117.1282882,https://gis.charttools.noaa.gov/arcgis/rest/services/encdirect/enc_coastal/MapServer/70,2026-09-20T05:40:25Z
3,137,32.6187082,-117.1283997,https://gis.charttools.noaa.gov/arcgis/rest/services/encdirect/enc_coastal/MapServer/70,2026-09-20T05:40:25Z
3,138,32.6182562,-117.1288450,https://gis.charttools.noaa.gov/arcgis/rest/services/encdirect/enc_coastal/MapServer/70,2026-09-20T05:40:25Z
3,139,32.6176445,-117.1294684,https://gis.charttools.noaa.gov/arcgis/rest/services/encdirect/enc_coastal/MapServer/70,2026-09-20T05:40:25Z
3,140,32.6172867,-117.1297579,https://gis.charttools.noaa.gov/arcgis/rest/services/encdirect/enc_coastal/MapServer/70,2026-09-20T05:40:25Z
3,141,32.6170042,-117.1298917,https://gis.charttools.noaa.gov/arcgis/rest/services/encdirect/enc_coastal/MapServer/70,2026-09-20T05:40:25Z
3,142,32.6163075,-117.1301589,https://gis.charttools.noaa.gov/arcgis/rest/services/encdirect/enc_coastal/MapServer/70,2026-09-20T05:40:25Z
3,143,32.6153282,-117.1304929,https://gis.charttools.noaa.gov/arcgis/rest/services/encdirect/enc_coastal/MapServer/70,2026-09-20T05:40:25Z
3,144,32.6140100,-117.1311386,https://gis.charttools.noaa.gov/arcgis/rest/services/encdirect/enc_coastal/MapServer/70,2026-09-20T05:40:25Z
3,145,32.6130684,-117.1314281,https://gis.charttools.noaa.gov/arcgis/rest/services/encdirect/enc_coastal/MapServer/70,2026-09-20T05:40:25Z
3,146,32.6124923,-117.1315621,https://gis.charttools.noaa.gov/arcgis/rest/services/encdirect/enc_coastal/MapServer/70,2026-09-20T05:40:25Z
3,147,32.6119461,-117.1316066,https://gis.charttools.noaa.gov/arcgis/rest/services/encdirect/enc_coastal/MapServer/70,2026-09-20T05:40:25Z
3,148,32.6112869,-117.1315399,https://gis.charttools.noaa.gov/arcgis/rest/services/encdirect/enc_coastal/MapServer/70,2026-09-20T05:40:25Z
3,149,32.6109103,-117.1314287,https://gis.charttools.noaa.gov/arcgis/rest/services/encdirect/enc_coastal/MapServer/70,2026-09-20T05:40:25Z
3,150,32.6100817,-117.1310054,https://gis.charttools.noaa.gov/arcgis/rest/services/encdirect/enc_coastal/MapServer/70,2026-09-20T05:40:25Z
3,151,32.6092530,-117.1304042,https://gis.charttools.noaa.gov/arcgis/rest/services/encdirect/enc_coastal/MapServer/70,2026-09-20T05:40:25Z
3,152,32.6079912,-117.1295135,https://gis.charttools.noaa.gov/arcgis/rest/services/encdirect/enc_coastal/MapServer/70,2026-09-20T05:40:25Z
3,153,32.6075726,-117.1291680,https://gis.charttools.noaa.gov/arcgis/rest/services/encdirect/enc_coastal/MapServer/70,2026-09-20T05:40:25Z
3,154,32.6071814,-117.1288452,https://gis.charttools.noaa.gov/arcgis/rest/services/encdirect/enc_coastal/MapServer/70,2026-09-20T05:40:25Z
3,155,32.6064280,-117.1280213,https://gis.charttools.noaa.gov/arcgis/rest/services/encdirect/enc_coastal/MapServer/70,2026-09-20T05:40:25Z
3,156,32.6055875,-117.1266127,https://gis.charttools.noaa.gov/arcgis/rest/services/encdirect/enc_coastal/MapServer/70,2026-09-20T05:40:25Z
3,157,32.6052673,-117.1259667,https://gis.charttools.noaa.gov/arcgis/rest/services/encdirect/enc_coastal/MapServer/70,2026-09-20T05:40:25Z
3,158,32.6051198,-117.1254433,https://gis.charttools.noaa.gov/arcgis/rest/services/encdirect/enc_coastal/MapServer/70,2026-09-20T05:40:25Z
3,159,32.6050037,-117.1250315,https://gis.charttools.noaa.gov/arcgis/rest/services/encdirect/enc_coastal/MapServer/70,2026-09-20T05:40:25Z
3,160,32.6047589,-117.1239180,https://gis.charttools.noaa.gov/arcgis/rest/services/encdirect/enc_coastal/MapServer/70,2026-09-20T05:40:25Z
3,161,32.6046585,-117.1235540,https://gis.charttools.noaa.gov/arcgis/rest/services/encdirect/enc_coastal/MapServer/70,2026-09-20T05:40:25Z
3,162,32.6044763,-117.1228936,https://gis.charttools.noaa.gov/arcgis/rest/services/encdirect/enc_coastal/MapServer/70,2026-09-20T05:40:25Z
3,163,32.6043373,-117.1225647,https://gis.charttools.noaa.gov/arcgis/rest/services/encdirect/enc_coastal/MapServer/70,2026-09-20T05:40:25Z
3,164,32.6042503,-117.1223590,https://gis.charttools.noaa.gov/arcgis/rest/services/encdirect/enc_coastal/MapServer/70,2026-09-20T05:40:25Z
3,165,32.6038925,-117.1217801,https://gis.charttools.noaa.gov/arcgis/rest/services/encdirect/enc_coastal/MapServer/70,2026-09-20T05:40:25Z
3,166,32.6034405,-117.1213346,https://gis.charttools.noaa.gov/arcgis/rest/services/encdirect/enc_coastal/MapServer/70,2026-09-20T05:40:25Z
3,167,32.6031127,-117.1211167,https://gis.charttools.noaa.gov/arcgis/rest/services/encdirect/enc_coastal/MapServer/70,2026-09-20T05:40:25Z
3,168,32.6028377,-117.1209339,https://gis.charttools.noaa.gov/arcgis/rest/services/encdirect/enc_coastal/MapServer/70,2026-09-20T05:40:25Z
3,169,32.6024987,-117.1206889,https://gis.charttools.noaa.gov/arcgis/rest/services/encdirect/enc_coastal/MapServer/70,2026-09-20T05:40:25Z
3,170,32.6023857,-117.1206221,https://gis.charttools.noaa.gov/arcgis/rest/services/encdirect/enc_coastal/MapServer/70,2026-09-20T05:40:25Z
3,171,32.6023026,-117.1206221,https://gis.charttools.noaa.gov/arcgis/rest/services/encdirect/enc_coastal/MapServer/70,2026-09-20T05:40:25Z
3,172,32.6023017,-117.1206221,https://gis.charttools.noaa.gov/arcgis/rest/services/encdirect/enc_coastal/MapServer/70,2026-09-20T05:40:25Z
3,173,32.6022871,-117.1206221,https://gis.charttools.noaa.gov/arcgis/rest/services/encdirect/enc_coastal/MapServer/70,2026-09-20T05:40:25Z
3,174,32.6022539,-117.1206221,https://gis.charttools.noaa.gov/arcgis/rest/services/encdirect/enc_coastal/MapServer/70,2026-09-20T05:40:25Z
3,175,32.6021959,-117.1206293,https://gis.charttools.noaa.gov/arcgis/rest/services/encdirect/enc_coastal/MapServer/70,2026-09-20T05:40:25Z
3,176,32.6018960,-117.1206667,https://gis.charttools.noaa.gov/arcgis/rest/services/encdirect/enc_coastal/MapServer/70,2026-09-20T05:40:25Z
3,177,32.6018207,-117.1206444,https://gis.charttools.noaa.gov/arcgis/rest/services/encdirect/enc_coastal/MapServer/70,2026-09-20T05:40:25Z
3,178,32.6017642,-117.1205554,https://gis.charttools.noaa.gov/arcgis/rest/services/encdirect/enc_coastal/MapServer/70,2026-09-20T05:40:25Z
3,179,32.6017642,-117.1203326,https://gis.charttools.noaa.gov/arcgis/rest/services/encdirect/enc_coastal/MapServer/70,2026-09-20T05:40:25Z
3,180,32.6018395,-117.1198649,https://gis.charttools.noaa.gov/arcgis/rest/services/encdirect/enc_coastal/MapServer/70,2026-09-20T05:40:25Z
3,181,32.6018912,-117.1196643,https://gis.charttools.noaa.gov/arcgis/rest/services/encdirect/enc_coastal/MapServer/70,2026-09-20T05:40:25Z
3,182,32.6019714,-117.1193527,https://gis.charttools.noaa.gov/arcgis/rest/services/encdirect/enc_coastal/MapServer/70,2026-09-20T05:40:25Z
3,183,32.6022727,-117.1186402,https://gis.charttools.noaa.gov/arcgis/rest/services/encdirect/enc_coastal/MapServer/70,2026-09-20T05:40:25Z
3,184,32.6023857,-117.1180165,https://gis.charttools.noaa.gov/arcgis/rest/services/encdirect/enc_coastal/MapServer/70,2026-09-20T05:40:25Z
3,185,32.6023249,-117.1175621,https://gis.charttools.noaa.gov/arcgis/rest/services/encdirect/enc_coastal/MapServer/70,2026-09-20T05:40:25Z
4,0,32.6486833,-117.1175621,https://gis.charttools.noaa.gov/arcgis/rest/services/encdirect/enc_coastal/MapServer/70,2026-09-20T05:40:25Z
4,1,32.6507963,-117.1163135,https://gis.charttools.noaa.gov/arcgis/rest/services/encdirect/enc_coastal/MapServer/70,2026-09-20T05:40:25Z
4,2,32.6521827,-117.1146780,https://gis.charttools.noaa.gov/arcgis/rest/services/encdirect/enc_coastal/MapServer/70,2026-09-20T05:40:25Z
4,3,32.6521198,-117.1123510,https://gis.charttools.noaa.gov/arcgis/rest/services/encdirect/enc_coastal/MapServer/70,2026-09-20T05:40:25Z
4,4,32.6514079,-117.1112441,https://gis.charttools.noaa.gov/arcgis/rest/services/encdirect/enc_coastal/MapServer/70,2026-09-20T05:40:25Z
4,5,32.6498784,-117.1105196,https://gis.charttools.noaa.gov/arcgis/rest/services/encdirect/enc_coastal/MapServer/70,2026-09-20T05:40:25Z
4,6,32.6483523,-117.1110660,https://gis.charttools.noaa.gov/arcgis/rest/services/encdirect/enc_coastal/MapServer/70,2026-09-20T05:40:25Z
4,7,32.6482420,-117.1111443,https://gis.charttools.noaa.gov/arcgis/rest/services/encdirect/enc_coastal/MapServer/70,2026-09-20T05:40:25Z
4,8,32.6476045,-117.1115968,https://gis.charttools.noaa.gov/arcgis/rest/services/encdirect/enc_coastal/MapServer/70,2026-09-20T05:40:25Z
4,9,32.6471306,-117.1119332,https://gis.charttools.noaa.gov/arcgis/rest/services/encdirect/enc_coastal/MapServer/70,2026-09-20T05:40:25Z
4,10,32.6463564,-117.1122026,https://gis.charttools.noaa.gov/arcgis/rest/services/encdirect/enc_coastal/MapServer/70,2026-09-20T05:40:25Z
4,11,32.6463250,-117.1122135,https://gis.charttools.noaa.gov/arcgis/rest/services/encdirect/enc_coastal/MapServer/70,2026-09-20T05:40:25Z
4,12,32.6457459,-117.1124150,https://gis.charttools.noaa.gov/arcgis/rest/services/encdirect/enc_coastal/MapServer/70,2026-09-20T05:40:25Z
4,13,32.6446055,-117.1123186,https://gis.charttools.noaa.gov/arcgis/rest/services/encdirect/enc_coastal/MapServer/70,2026-09-20T05:40:25Z
4,14,32.6444081,-117.1122135,https://gis.charttools.noaa.gov/arcgis/rest/services/encdirect/enc_coastal/MapServer/70,2026-09-20T05:40:25Z
4,15,32.6435614,-117.1117628,https://gis.charttools.noaa.gov/arcgis/rest/services/encdirect/enc_coastal/MapServer/70,2026-09-20T05:40:25Z
4,16,32.6434472,-117.1117020,https://gis.charttools.noaa.gov/arcgis/rest/services/encdirect/enc_coastal/MapServer/70,2026-09-20T05:40:25Z
4,17,32.6433883,-117.1116706,https://gis.charttools.noaa.gov/arcgis/rest/services/encdirect/enc_coastal/MapServer/70,2026-09-20T05:40:25Z
4,18,32.6431237,-117.1115298,https://gis.charttools.noaa.gov/arcgis/rest/services/encdirect/enc_coastal/MapServer/70,2026-09-20T05:40:25Z
4,19,32.6429765,-117.1114514,https://gis.charttools.noaa.gov/arcgis/rest/services/encdirect/enc_coastal/MapServer/70,2026-09-20T05:40:25Z
4,20,32.6409401,-117.1094279,https://gis.charttools.noaa.gov/arcgis/rest/services/encdirect/enc_coastal/MapServer/70,2026-09-20T05:40:25Z
4,21,32.6400438,-117.1084085,https://gis.charttools.noaa.gov/arcgis/rest/services/encdirect/enc_coastal/MapServer/70,2026-09-20T05:40:25Z
4,22,32.6388222,-117.1070190,https://gis.charttools.noaa.gov/arcgis/rest/services/encdirect/enc_coastal/MapServer/70,2026-09-20T05:40:25Z
4,23,32.6358081,-117.1038391,https://gis.charttools.noaa.gov/arcgis/rest/services/encdirect/enc_coastal/MapServer/70,2026-09-20T05:40:25Z
4,24,32.6321423,-117.1015265,https://gis.charttools.noaa.gov/arcgis/rest/services/encdirect/enc_coastal/MapServer/70,2026-09-20T05:40:25Z
4,25,32.6286392,-117.0993103,https://gis.charttools.noaa.gov/arcgis/rest/services/encdirect/enc_coastal/MapServer/70,2026-09-20T05:40:25Z
4,26,32.6230399,-117.0978478,https://gis.charttools.noaa.gov/arcgis/rest/services/encdirect/enc_coastal/MapServer/70,2026-09-20T05:40:25Z
4,27,32.6205983,-117.0974458,https://gis.charttools.noaa.gov/arcgis/rest/services/encdirect/enc_coastal/MapServer/70,2026-09-20T05:40:25Z
4,28,32.6205109,-117.0974314,https://gis.charttools.noaa.gov/arcgis/rest/services/encdirect/enc_coastal/MapServer/70,2026-09-20T05:40:25Z
4,29,32.6202183,-117.0973832,https://gis.charttools.noaa.gov/arcgis/rest/services/encdirect/enc_coastal/MapServer/70,2026-09-20T05:40:25Z
4,30,32.6202064,-117.0973812,https://gis.charttools.noaa.gov/arcgis/rest/services/encdirect/enc_coastal/MapServer/70,2026-09-20T05:40:25Z
4,31,32.6201640,-117.0973742,https://gis.charttools.noaa.gov/arcgis/rest/services/encdirect/enc_coastal/MapServer/70,2026-09-20T05:40:25Z
4,32,32.6197151,-117.0973003,https://gis.charttools.noaa.gov/arcgis/rest/services/encdirect/enc_coastal/MapServer/70,2026-09-20T05:40:25Z
4,33,32.6176150,-117.0969545,https://gis.charttools.noaa.gov/arcgis/rest/services/encdirect/enc_coastal/MapServer/70,2026-09-20T05:40:25Z
4,34,32.6173942,-117.0969181,https://gis.charttools.noaa.gov/arcgis/rest/services/encdirect/enc_coastal/MapServer/70,2026-09-20T05:40:25Z
4,35,32.6166033,-117.0967879,https://gis.charttools.noaa.gov/arcgis/rest/services/encdirect/enc_coastal/MapServer/70,2026-09-20T05:40:25Z
4,36,32.6138477,-117.0969407,https://gis.charttools.noaa.gov/arcgis/rest/services/encdirect/enc_coastal/MapServer/70,2026-09-20T05:40:25Z
4,37,32.6134730,-117.0969614,https://gis.charttools.noaa.gov/arcgis/rest/services/encdirect/enc_coastal/MapServer/70,2026-09-20T05:40:25Z
4,38,32.6133586,-117.0969678,https://gis.charttools.noaa.gov/arcgis/rest/services/encdirect/enc_coastal/MapServer/70,2026-09-20T05:40:25Z
4,39,32.6131214,-117.0969809,https://gis.charttools.noaa.gov/arcgis/rest/services/encdirect/enc_coastal/MapServer/70,2026-09-20T05:40:25Z
4,40,32.6113885,-117.0970770,https://gis.charttools.noaa.gov/arcgis/rest/services/encdirect/enc_coastal/MapServer/70,2026-09-20T05:40:25Z
4,41,32.6086995,-117.0979441,https://gis.charttools.noaa.gov/arcgis/rest/services/encdirect/enc_coastal/MapServer/70,2026-09-20T05:40:25Z
4,42,32.6041360,-117.1014131,https://gis.charttools.noaa.gov/arcgis/rest/services/encdirect/enc_coastal/MapServer/70,2026-09-20T05:40:25Z
4,43,32.5996147,-117.1063537,https://gis.charttools.noaa.gov/arcgis/rest/services/encdirect/enc_coastal/MapServer/70,2026-09-20T05:40:25Z
4,44,32.5984794,-117.1073605,https://gis.charttools.noaa.gov/arcgis/rest/services/encdirect/enc_coastal/MapServer/70,2026-09-20T05:40:25Z
4,45,32.5976280,-117.1084791,https://gis.charttools.noaa.gov/arcgis/rest/services/encdirect/enc_coastal/MapServer/70,2026-09-20T05:40:25Z
4,46,32.5969656,-117.1095977,https://gis.charttools.noaa.gov/arcgis/rest/services/encdirect/enc_coastal/MapServer/70,2026-09-20T05:40:25Z
4,47,32.5967764,-117.1114994,https://gis.charttools.noaa.gov/arcgis/rest/services/encdirect/enc_coastal/MapServer/70,2026-09-20T05:40:25Z
4,48,32.5976280,-117.1142960,https://gis.charttools.noaa.gov/arcgis/rest/services/encdirect/enc_coastal/MapServer/70,2026-09-20T05:40:25Z
4,49,32.5997019,-117.1161698,https://gis.charttools.noaa.gov/arcgis/rest/services/encdirect/enc_coastal/MapServer/70,2026-09-20T05:40:25Z
4,50,32.6014018,-117.1167853,https://gis.charttools.noaa.gov/arcgis/rest/services/encdirect/enc_coastal/MapServer/70,2026-09-20T05:40:25Z
4,51,32.6023249,-117.1175621,https://gis.charttools.noaa.gov/arcgis/rest/services/encdirect/enc_coastal/MapServer/70,2026-09-20T05:40:25Z
5,0,32.4250828,-117.2623623,https://gis.charttools.noaa.gov/arcgis/rest/services/encdirect/enc_coastal/MapServer/70,2026-09-20T05:40:25Z
5,1,32.4249992,-117.2621654,https://gis.charttools.noaa.gov/arcgis/rest/services/encdirect/enc_coastal/MapServer/70,2026-09-20T05:40:25Z
5,2,32.4248074,-117.2618700,https://gis.charttools.noaa.gov/arcgis/rest/services/encdirect/enc_coastal/MapServer/70,2026-09-20T05:40:25Z
5,3,32.4246322,-117.2617915,https://gis.charttools.noaa.gov/arcgis/rest/services/encdirect/enc_coastal/MapServer/70,2026-09-20T05:40:25Z
5,4,32.4244487,-117.2617718,https://gis.charttools.noaa.gov/arcgis/rest/services/encdirect/enc_coastal/MapServer/70,2026-09-20T05:40:25Z
5,5,32.4239314,-117.2618109,https://gis.charttools.noaa.gov/arcgis/rest/services/encdirect/enc_coastal/MapServer/70,2026-09-20T05:40:25Z
5,6,32.4236143,-117.2618602,https://gis.charttools.noaa.gov/arcgis/rest/services/encdirect/enc_coastal/MapServer/70,2026-09-20T05:40:25Z
5,7,32.4234391,-117.2619982,https://gis.charttools.noaa.gov/arcgis/rest/services/encdirect/enc_coastal/MapServer/70,2026-09-20T05:40:25Z
5,8,32.4232639,-117.2623031,https://gis.charttools.noaa.gov/arcgis/rest/services/encdirect/enc_coastal/MapServer/70,2026-09-20T05:40:25Z
5,9,32.4231972,-117.2626084,https://gis.charttools.noaa.gov/arcgis/rest/services/encdirect/enc_coastal/MapServer/70,2026-09-20T05:40:25Z
5,10,32.4232617,-117.2629064,https://gis.charttools.noaa.gov/arcgis/rest/services/encdirect/enc_coastal/MapServer/70,2026-09-20T05:40:25Z
5,11,32.4236143,-117.2632090,https://gis.charttools.noaa.gov/arcgis/rest/services/encdirect/enc_coastal/MapServer/70,2026-09-20T05:40:25Z
5,12,32.4238313,-117.2633566,https://gis.charttools.noaa.gov/arcgis/rest/services/encdirect/enc_coastal/MapServer/70,2026-09-20T05:40:25Z
5,13,32.4241733,-117.2634749,https://gis.charttools.noaa.gov/arcgis/rest/services/encdirect/enc_coastal/MapServer/70,2026-09-20T05:40:25Z
5,14,32.4243819,-117.2634944,https://gis.charttools.noaa.gov/arcgis/rest/services/encdirect/enc_coastal/MapServer/70,2026-09-20T05:40:25Z
5,15,32.4246322,-117.2634355,https://gis.charttools.noaa.gov/arcgis/rest/services/encdirect/enc_coastal/MapServer/70,2026-09-20T05:40:25Z
5,16,32.4248323,-117.2632680,https://gis.charttools.noaa.gov/arcgis/rest/services/encdirect/enc_coastal/MapServer/70,2026-09-20T05:40:25Z
5,17,32.4250410,-117.2629531,https://gis.charttools.noaa.gov/arcgis/rest/services/encdirect/enc_coastal/MapServer/70,2026-09-20T05:40:25Z
5,18,32.4250911,-117.2625986,https://gis.charttools.noaa.gov/arcgis/rest/services/encdirect/enc_coastal/MapServer/70,2026-09-20T05:40:25Z
5,19,32.4250828,-117.2623623,https://gis.charttools.noaa.gov/arcgis/rest/services/encdirect/enc_coastal/MapServer/70,2026-09-20T05:40:25Z
6,0,32.4065020,-117.2430207,https://gis.charttools.noaa.gov/arcgis/rest/services/encdirect/enc_coastal/MapServer/70,2026-09-20T05:40:25Z
6,1,32.4054278,-117.2426266,https://gis.charttools.noaa.gov/arcgis/rest/services/encdirect/enc_coastal/MapServer/70,2026-09-20T05:40:25Z
6,2,32.4045834,-117.2420978,https://gis.charttools.noaa.gov/arcgis/rest/services/encdirect/enc_coastal/MapServer/70,2026-09-20T05:40:25Z
6,3,32.4037127,-117.2411336,https://gis.charttools.noaa.gov/arcgis/rest/services/encdirect/enc_coastal/MapServer/70,2026-09-20T05:40:25Z
6,4,32.4032377,-117.2405426,https://gis.charttools.noaa.gov/arcgis/rest/services/encdirect/enc_coastal/MapServer/70,2026-09-20T05:40:25Z
6,5,32.4025780,-117.2402005,https://gis.charttools.noaa.gov/arcgis/rest/services/encdirect/enc_coastal/MapServer/70,2026-09-20T05:40:25Z
6,6,32.4011003,-117.2400450,https://gis.charttools.noaa.gov/arcgis/rest/services/encdirect/enc_coastal/MapServer/70,2026-09-20T05:40:25Z
6,7,32.3996298,-117.2398817,https://gis.charttools.noaa.gov/arcgis/rest/services/encdirect/enc_coastal/MapServer/70,2026-09-20T05:40:25Z
6,8,32.3988934,-117.2397501,https://gis.charttools.noaa.gov/arcgis/rest/services/encdirect/enc_coastal/MapServer/70,2026-09-20T05:40:25Z
7,0,32.4642116,-117.1216311,https://gis.charttools.noaa.gov/arcgis/rest/services/encdirect/enc_coastal/MapServer/70,2026-09-20T05:40:25Z
7,1,32.4656195,-117.1220938,https://gis.charttools.noaa.gov/arcgis/rest/services/encdirect/enc_coastal/MapServer/70,2026-09-20T05:40:25Z
7,2,32.4663348,-117.1223352,https://gis.charttools.noaa.gov/arcgis/rest/services/encdirect/enc_coastal/MapServer/70,2026-09-20T05:40:25Z
7,3,32.4677256,-117.1229303,https://gis.charttools.noaa.gov/arcgis/rest/services/encdirect/enc_coastal/MapServer/70,2026-09-20T05:40:25Z
7,4,32.4693394,-117.1235924,https://gis.charttools.noaa.gov/arcgis/rest/services/encdirect/enc_coastal/MapServer/70,2026-09-20T05:40:25Z
7,5,32.4710467,-117.1240338,https://gis.charttools.noaa.gov/arcgis/rest/services/encdirect/enc_coastal/MapServer/70,2026-09-20T05:40:25Z
7,6,32.4723096,-117.1240614,https://gis.charttools.noaa.gov/arcgis/rest/services/encdirect/enc_coastal/MapServer/70,2026-09-20T05:40:25Z
7,7,32.4731983,-117.1238131,https://gis.charttools.noaa.gov/arcgis/rest/services/encdirect/enc_coastal/MapServer/70,2026-09-20T05:40:25Z
8,0,32.4556025,-117.1175621,https://gis.charttools.noaa.gov/arcgis/rest/services/encdirect/enc_coastal/MapServer/70,2026-09-20T05:40:25Z
8,1,32.4487227,-117.1086773,https://gis.charttools.noaa.gov/arcgis/rest/services/encdirect/enc_coastal/MapServer/70,2026-09-20T05:40:25Z
8,2,32.4474860,-117.1075418,https://gis.charttools.noaa.gov/arcgis/rest/services/encdirect/enc_coastal/MapServer/70,2026-09-20T05:40:25Z
8,3,32.4457684,-117.1068120,https://gis.charttools.noaa.gov/arcgis/rest/services/encdirect/enc_coastal/MapServer/70,2026-09-20T05:40:25Z
8,4,32.4439132,-117.1065687,https://gis.charttools.noaa.gov/arcgis/rest/services/encdirect/enc_coastal/MapServer/70,2026-09-20T05:40:25Z
8,5,32.4419207,-117.1056766,https://gis.charttools.noaa.gov/arcgis/rest/services/encdirect/enc_coastal/MapServer/70,2026-09-20T05:40:25Z
8,6,32.4369047,-117.1025138,https://gis.charttools.noaa.gov/arcgis/rest/services/encdirect/enc_coastal/MapServer/70,2026-09-20T05:40:25Z
8,7,32.4331941,-117.1004052,https://gis.charttools.noaa.gov/arcgis/rest/services/encdirect/enc_coastal/MapServer/70,2026-09-20T05:40:25Z
8,8,32.4312013,-117.0995943,https://gis.charttools.noaa.gov/arcgis/rest/services/encdirect/enc_coastal/MapServer/70,2026-09-20T05:40:25Z
8,9,32.4294146,-117.0992698,https://gis.charttools.noaa.gov/arcgis/rest/services/encdirect/enc_coastal/MapServer/70,2026-09-20T05:40:25Z
8,10,32.4258052,-117.0988403,https://gis.charttools.noaa.gov/arcgis/rest/services/encdirect/enc_coastal/MapServer/70,2026-09-20T05:40:25Z
8,11,32.4106573,-117.0944403,https://gis.charttools.noaa.gov/arcgis/rest/services/encdirect/enc_coastal/MapServer/70,2026-09-20T05:40:25Z
8,12,32.4000000,-117.0900969,https://gis.charttools.noaa.gov/arcgis/rest/services/encdirect/enc_coastal/MapServer/70,2026-09-20T05:40:25Z
9,0,32.6593534,-117.1534736,https://gis.charttools.noaa.gov/arcgis/rest/services/encdirect/enc_coastal/MapServer/70,2026-09-20T05:40:25Z
9,1,32.6586517,-117.1530158,https://gis.charttools.noaa.gov/arcgis/rest/services/encdirect/enc_coastal/MapServer/70,2026-09-20T05:40:25Z
9,2,32.6578775,-117.1525863,https://gis.charttools.noaa.gov/arcgis/rest/services/encdirect/enc_coastal/MapServer/70,2026-09-20T05:40:25Z
9,3,32.6577806,-117.1524432,https://gis.charttools.noaa.gov/arcgis/rest/services/encdirect/enc_coastal/MapServer/70,2026-09-20T05:40:25Z
9,4,32.6577806,-117.1524199,https://gis.charttools.noaa.gov/arcgis/rest/services/encdirect/enc_coastal/MapServer/70,2026-09-20T05:40:25Z
9,5,32.6577806,-117.1521284,https://gis.charttools.noaa.gov/arcgis/rest/services/encdirect/enc_coastal/MapServer/70,2026-09-20T05:40:25Z
9,6,32.6578248,-117.1519715,https://gis.charttools.noaa.gov/arcgis/rest/services/encdirect/enc_coastal/MapServer/70,2026-09-20T05:40:25Z
9,7,32.6579016,-117.1516990,https://gis.charttools.noaa.gov/arcgis/rest/services/encdirect/enc_coastal/MapServer/70,2026-09-20T05:40:25Z
9,8,32.6582831,-117.1510804,https://gis.charttools.noaa.gov/arcgis/rest/services/encdirect/enc_coastal/MapServer/70,2026-09-20T05:40:25Z
9,9,32.6583521,-117.1509687,https://gis.charttools.noaa.gov/arcgis/rest/services/encdirect/enc_coastal/MapServer/70,2026-09-20T05:40:25Z
9,10,32.6583701,-117.1509394,https://gis.charttools.noaa.gov/arcgis/rest/services/encdirect/enc_coastal/MapServer/70,2026-09-20T05:40:25Z
9,11,32.6583712,-117.1509377,https://gis.charttools.noaa.gov/arcgis/rest/services/encdirect/enc_coastal/MapServer/70,2026-09-20T05:40:25Z
9,12,32.6585549,-117.1506398,https://gis.charttools.noaa.gov/arcgis/rest/services/encdirect/enc_coastal/MapServer/70,2026-09-20T05:40:25Z
9,13,32.6588211,-117.1500386,https://gis.charttools.noaa.gov/arcgis/rest/services/encdirect/enc_coastal/MapServer/70,2026-09-20T05:40:25Z
9,14,32.6588936,-117.1498097,https://gis.charttools.noaa.gov/arcgis/rest/services/encdirect/enc_coastal/MapServer/70,2026-09-20T05:40:25Z
9,15,32.6588936,-117.1496666,https://gis.charttools.noaa.gov/arcgis/rest/services/encdirect/enc_coastal/MapServer/70,2026-09-20T05:40:25Z
9,16,32.6588452,-117.1494949,https://gis.charttools.noaa.gov/arcgis/rest/services/encdirect/enc_coastal/MapServer/70,2026-09-20T05:40:25Z
9,17,32.6586034,-117.1492085,https://gis.charttools.noaa.gov/arcgis/rest/services/encdirect/enc_coastal/MapServer/70,2026-09-20T05:40:25Z
9,18,32.6575387,-117.1484357,https://gis.charttools.noaa.gov/arcgis/rest/services/encdirect/enc_coastal/MapServer/70,2026-09-20T05:40:25Z
9,19,32.6558533,-117.1473158,https://gis.charttools.noaa.gov/arcgis/rest/services/encdirect/enc_coastal/MapServer/70,2026-09-20T05:40:25Z
9,20,32.6550657,-117.1467952,https://gis.charttools.noaa.gov/arcgis/rest/services/encdirect/enc_coastal/MapServer/70,2026-09-20T05:40:25Z
9,21,32.6550307,-117.1467721,https://gis.charttools.noaa.gov/arcgis/rest/services/encdirect/enc_coastal/MapServer/70,2026-09-20T05:40:25Z
9,22,32.6548128,-117.1466862,https://gis.charttools.noaa.gov/arcgis/rest/services/encdirect/enc_coastal/MapServer/70,2026-09-20T05:40:25Z
10,0,32.6247309,-117.1297182,https://gis.charttools.noaa.gov/arcgis/rest/services/encdirect/enc_coastal/MapServer/70,2026-09-20T05:40:25Z
10,1,32.6254742,-117.1296303,https://gis.charttools.noaa.gov/arcgis/rest/services/encdirect/enc_coastal/MapServer/70,2026-09-20T05:40:25Z
10,2,32.6265297,-117.1297360,https://gis.charttools.noaa.gov/arcgis/rest/services/encdirect/enc_coastal/MapServer/70,2026-09-20T05:40:25Z
10,3,32.6269608,-117.1297886,https://gis.charttools.noaa.gov/arcgis/rest/services/encdirect/enc_coastal/MapServer/70,2026-09-20T05:40:25Z
10,4,32.6271089,-117.1297558,https://gis.charttools.noaa.gov/arcgis/rest/services/encdirect/enc_coastal/MapServer/70,2026-09-20T05:40:25Z
10,5,32.6271567,-117.1297453,https://gis.charttools.noaa.gov/arcgis/rest/services/encdirect/enc_coastal/MapServer/70,2026-09-20T05:40:25Z
10,6,32.6271986,-117.1297360,https://gis.charttools.noaa.gov/arcgis/rest/services/encdirect/enc_coastal/MapServer/70,2026-09-20T05:40:25Z
10,7,32.6274216,-117.1296129,https://gis.charttools.noaa.gov/arcgis/rest/services/encdirect/enc_coastal/MapServer/70,2026-09-20T05:40:25Z
10,8,32.6275554,-117.1294721,https://gis.charttools.noaa.gov/arcgis/rest/services/encdirect/enc_coastal/MapServer/70,2026-09-20T05:40:25Z
10,9,32.6275851,-117.1293842,https://gis.charttools.noaa.gov/arcgis/rest/services/encdirect/enc_coastal/MapServer/70,2026-09-20T05:40:25Z
10,10,32.6275851,-117.1292085,https://gis.charttools.noaa.gov/arcgis/rest/services/encdirect/enc_coastal/MapServer/70,2026-09-20T05:40:25Z
10,11,32.6272877,-117.1283471,https://gis.charttools.noaa.gov/arcgis/rest/services/encdirect/enc_coastal/MapServer/70,2026-09-20T05:40:25Z
10,12,32.6271986,-117.1282415,https://gis.charttools.noaa.gov/arcgis/rest/services/encdirect/enc_coastal/MapServer/70,2026-09-20T05:40:25Z
10,13,32.6256081,-117.1275909,https://gis.charttools.noaa.gov/arcgis/rest/services/encdirect/enc_coastal/MapServer/70,2026-09-20T05:40:25Z
10,14,32.6253702,-117.1275031,https://gis.charttools.noaa.gov/arcgis/rest/services/encdirect/enc_coastal/MapServer/70,2026-09-20T05:40:25Z
10,15,32.6248648,-117.1274505,https://gis.charttools.noaa.gov/arcgis/rest/services/encdirect/enc_coastal/MapServer/70,2026-09-20T05:40:25Z
10,16,32.6237350,-117.1274327,https://gis.charttools.noaa.gov/arcgis/rest/services/encdirect/enc_coastal/MapServer/70,2026-09-20T05:40:25Z
10,17,32.6233634,-117.1273626,https://gis.charttools.noaa.gov/arcgis/rest/services/encdirect/enc_coastal/MapServer/70,2026-09-20T05:40:25Z
10,18,32.6230066,-117.1271866,https://gis.charttools.noaa.gov/arcgis/rest/services/encdirect/enc_coastal/MapServer/70,2026-09-20T05:40:25Z
10,19,32.6227241,-117.1270988,https://gis.charttools.noaa.gov/arcgis/rest/services/encdirect/enc_coastal/MapServer/70,2026-09-20T05:40:25Z
10,20,32.6226052,-117.1270988,https://gis.charttools.noaa.gov/arcgis/rest/services/encdirect/enc_coastal/MapServer/70,2026-09-20T05:40:25Z
10,21,32.6224120,-117.1271514,https://gis.charttools.noaa.gov/arcgis/rest/services/encdirect/enc_coastal/MapServer/70,2026-09-20T05:40:25Z
10,22,32.6222931,-117.1272570,https://gis.charttools.noaa.gov/arcgis/rest/services/encdirect/enc_coastal/MapServer/70,2026-09-20T05:40:25Z
10,23,32.6220403,-117.1275909,https://gis.charttools.noaa.gov/arcgis/rest/services/encdirect/enc_coastal/MapServer/70,2026-09-20T05:40:25Z
10,24,32.6219511,-117.1278548,https://gis.charttools.noaa.gov/arcgis/rest/services/encdirect/enc_coastal/MapServer/70,2026-09-20T05:40:25Z
10,25,32.6219363,-117.1280832,https://gis.charttools.noaa.gov/arcgis/rest/services/encdirect/enc_coastal/MapServer/70,2026-09-20T05:40:25Z
10,26,32.6219808,-117.1283293,https://gis.charttools.noaa.gov/arcgis/rest/services/encdirect/enc_coastal/MapServer/70,2026-09-20T05:40:25Z
10,27,32.6220850,-117.1285228,https://gis.charttools.noaa.gov/arcgis/rest/services/encdirect/enc_coastal/MapServer/70,2026-09-20T05:40:25Z
10,28,32.6221710,-117.1286334,https://gis.charttools.noaa.gov/arcgis/rest/services/encdirect/enc_coastal/MapServer/70,2026-09-20T05:40:25Z
10,29,32.6224269,-117.1289624,https://gis.charttools.noaa.gov/arcgis/rest/services/encdirect/enc_coastal/MapServer/70,2026-09-20T05:40:25Z
10,30,32.6230809,-117.1294019,https://gis.charttools.noaa.gov/arcgis/rest/services/encdirect/enc_coastal/MapServer/70,2026-09-20T05:40:25Z
10,31,32.6234080,-117.1295599,https://gis.charttools.noaa.gov/arcgis/rest/services/encdirect/enc_coastal/MapServer/70,2026-09-20T05:40:25Z
10,32,32.6237647,-117.1296481,https://gis.charttools.noaa.gov/arcgis/rest/services/encdirect/enc_coastal/MapServer/70,2026-09-20T05:40:25Z
10,33,32.6247309,-117.1297182,https://gis.charttools.noaa.gov/arcgis/rest/services/encdirect/enc_coastal/MapServer/70,2026-09-20T05:40:25Z
11,0,32.4731983,-117.1238131,https://gis.charttools.noaa.gov/arcgis/rest/services/encdirect/enc_coastal/MapServer/70,2026-09-20T05:40:25Z
11,1,32.4737009,-117.1236300,https://gis.charttools.noaa.gov/arcgis/rest/services/encdirect/enc_coastal/MapServer/70,2026-09-20T05:40:25Z
11,2,32.4744228,-117.1235887,https://gis.charttools.noaa.gov/arcgis/rest/services/encdirect/enc_coastal/MapServer/70,2026-09-20T05:40:25Z
11,3,32.4756967,-117.1235159,https://gis.charttools.noaa.gov/arcgis/rest/services/encdirect/enc_coastal/MapServer/70,2026-09-20T05:40:25Z
11,4,32.4762070,-117.1235676,https://gis.charttools.noaa.gov/arcgis/rest/services/encdirect/enc_coastal/MapServer/70,2026-09-20T05:40:25Z
11,5,32.4768232,-117.1236300,https://gis.charttools.noaa.gov/arcgis/rest/services/encdirect/enc_coastal/MapServer/70,2026-09-20T05:40:25Z
11,6,32.4784003,-117.1241238,https://gis.charttools.noaa.gov/arcgis/rest/services/encdirect/enc_coastal/MapServer/70,2026-09-20T05:40:25Z
11,7,32.4809858,-117.1248063,https://gis.charttools.noaa.gov/arcgis/rest/services/encdirect/enc_coastal/MapServer/70,2026-09-20T05:40:25Z
11,8,32.4823110,-117.1252650,https://gis.charttools.noaa.gov/arcgis/rest/services/encdirect/enc_coastal/MapServer/70,2026-09-20T05:40:25Z
11,9,32.4829206,-117.1254821,https://gis.charttools.noaa.gov/arcgis/rest/services/encdirect/enc_coastal/MapServer/70,2026-09-20T05:40:25Z
12,0,32.4556025,-117.1175621,https://gis.charttools.noaa.gov/arcgis/rest/services/encdirect/enc_coastal/MapServer/70,2026-09-20T05:40:25Z
12,1,32.4583370,-117.1191404,https://gis.charttools.noaa.gov/arcgis/rest/services/encdirect/enc_coastal/MapServer/70,2026-09-20T05:40:25Z
12,2,32.4612879,-117.1206572,https://gis.charttools.noaa.gov/arcgis/rest/services/encdirect/enc_coastal/MapServer/70,2026-09-20T05:40:25Z
12,3,32.4642116,-117.1216311,https://gis.charttools.noaa.gov/arcgis/rest/services/encdirect/enc_coastal/MapServer/70,2026-09-20T05:40:25Z
13,0,32.4556025,-117.1175621,https://gis.charttools.noaa.gov/arcgis/rest/services/encdirect/enc_coastal/MapServer/70,2026-09-20T05:40:25Z
13,1,32.4583370,-117.1191404,https://gis.charttools.noaa.gov/arcgis/rest/services/encdirect/enc_coastal/MapServer/70,2026-09-20T05:40:25Z
13,2,32.4612879,-117.1206572,https://gis.charttools.noaa.gov/arcgis/rest/services/encdirect/enc_coastal/MapServer/70,2026-09-20T05:40:25Z
13,3,32.4642116,-117.1216311,https://gis.charttools.noaa.gov/arcgis/rest/services/encdirect/enc_coastal/MapServer/70,2026-09-20T05:40:25Z
14,0,32.4065020,-117.2430207,https://gis.charttools.noaa.gov/arcgis/rest/services/encdirect/enc_coastal/MapServer/70,2026-09-20T05:40:25Z
14,1,32.4081794,-117.2428140,https://gis.charttools.noaa.gov/arcgis/rest/services/encdirect/enc_coastal/MapServer/70,2026-09-20T05:40:25Z
14,2,32.4108941,-117.2424009,https://gis.charttools.noaa.gov/arcgis/rest/services/encdirect/enc_coastal/MapServer/70,2026-09-20T05:40:25Z
14,3,32.4124120,-117.2421598,https://gis.charttools.noaa.gov/arcgis/rest/services/encdirect/enc_coastal/MapServer/70,2026-09-20T05:40:25Z
14,4,32.4128790,-117.2421942,https://gis.charttools.noaa.gov/arcgis/rest/services/encdirect/enc_coastal/MapServer/70,2026-09-20T05:40:25Z
14,5,32.4140247,-117.2426763,https://gis.charttools.noaa.gov/arcgis/rest/services/encdirect/enc_coastal/MapServer/70,2026-09-20T05:40:25Z
14,6,32.4162139,-117.2442260,https://gis.charttools.noaa.gov/arcgis/rest/services/encdirect/enc_coastal/MapServer/70,2026-09-20T05:40:25Z
14,7,32.4176732,-117.2452938,https://gis.charttools.noaa.gov/arcgis/rest/services/encdirect/enc_coastal/MapServer/70,2026-09-20T05:40:25Z
14,8,32.4186930,-117.2460997,https://gis.charttools.noaa.gov/arcgis/rest/services/encdirect/enc_coastal/MapServer/70,2026-09-20T05:40:25Z
14,9,32.4193342,-117.2470601,https://gis.charttools.noaa.gov/arcgis/rest/services/encdirect/enc_coastal/MapServer/70,2026-09-20T05:40:25Z
14,10,32.4197041,-117.2480785,https://gis.charttools.noaa.gov/arcgis/rest/services/encdirect/enc_coastal/MapServer/70,2026-09-20T05:40:25Z
14,11,32.4200740,-117.2497082,https://gis.charttools.noaa.gov/arcgis/rest/services/encdirect/enc_coastal/MapServer/70,2026-09-20T05:40:25Z
14,12,32.4196889,-117.2504376,https://gis.charttools.noaa.gov/arcgis/rest/services/encdirect/enc_coastal/MapServer/70,2026-09-20T05:40:25Z
14,13,32.4192433,-117.2507802,https://gis.charttools.noaa.gov/arcgis/rest/services/encdirect/enc_coastal/MapServer/70,2026-09-20T05:40:25Z
14,14,32.4187670,-117.2509014,https://gis.charttools.noaa.gov/arcgis/rest/services/encdirect/enc_coastal/MapServer/70,2026-09-20T05:40:25Z
14,15,32.4179283,-117.2503483,https://gis.charttools.noaa.gov/arcgis/rest/services/encdirect/enc_coastal/MapServer/70,2026-09-20T05:40:25Z
14,16,32.4174845,-117.2499701,https://gis.charttools.noaa.gov/arcgis/rest/services/encdirect/enc_coastal/MapServer/70,2026-09-20T05:40:25Z
14,17,32.4171637,-117.2494463,https://gis.charttools.noaa.gov/arcgis/rest/services/encdirect/enc_coastal/MapServer/70,2026-09-20T05:40:25Z
14,18,32.4167198,-117.2489225,https://gis.charttools.noaa.gov/arcgis/rest/services/encdirect/enc_coastal/MapServer/70,2026-09-20T05:40:25Z
14,19,32.4165473,-117.2488059,https://gis.charttools.noaa.gov/arcgis/rest/services/encdirect/enc_coastal/MapServer/70,2026-09-20T05:40:25Z
14,20,32.4161033,-117.2487187,https://gis.charttools.noaa.gov/arcgis/rest/services/encdirect/enc_coastal/MapServer/70,2026-09-20T05:40:25Z
14,21,32.4156782,-117.2487467,https://gis.charttools.noaa.gov/arcgis/rest/services/encdirect/enc_coastal/MapServer/70,2026-09-20T05:40:25Z
14,22,32.4156593,-117.2487479,https://gis.charttools.noaa.gov/arcgis/rest/services/encdirect/enc_coastal/MapServer/70,2026-09-20T05:40:25Z
14,23,32.4148208,-117.2488933,https://gis.charttools.noaa.gov/arcgis/rest/services/encdirect/enc_coastal/MapServer/70,2026-09-20T05:40:25Z
14,24,32.4138454,-117.2491238,https://gis.charttools.noaa.gov/arcgis/rest/services/encdirect/enc_coastal/MapServer/70,2026-09-20T05:40:25Z
14,25,32.4134755,-117.2491528,https://gis.charttools.noaa.gov/arcgis/rest/services/encdirect/enc_coastal/MapServer/70,2026-09-20T05:40:25Z
14,26,32.4131794,-117.2490656,https://gis.charttools.noaa.gov/arcgis/rest/services/encdirect/enc_coastal/MapServer/70,2026-09-20T05:40:25Z
14,27,32.4126615,-117.2488330,https://gis.charttools.noaa.gov/arcgis/rest/services/encdirect/enc_coastal/MapServer/70,2026-09-20T05:40:25Z
14,28,32.4119708,-117.2486874,https://gis.charttools.noaa.gov/arcgis/rest/services/encdirect/enc_coastal/MapServer/70,2026-09-20T05:40:25Z
14,29,32.4108609,-117.2486001,https://gis.charttools.noaa.gov/arcgis/rest/services/encdirect/enc_coastal/MapServer/70,2026-09-20T05:40:25Z
14,30,32.4106143,-117.2484835,https://gis.charttools.noaa.gov/arcgis/rest/services/encdirect/enc_coastal/MapServer/70,2026-09-20T05:40:25Z
14,31,32.4102937,-117.2481926,https://gis.charttools.noaa.gov/arcgis/rest/services/encdirect/enc_coastal/MapServer/70,2026-09-20T05:40:25Z
14,32,32.4100224,-117.2479598,https://gis.charttools.noaa.gov/arcgis/rest/services/encdirect/enc_coastal/MapServer/70,2026-09-20T05:40:25Z
14,33,32.4097017,-117.2478434,https://gis.charttools.noaa.gov/arcgis/rest/services/encdirect/enc_coastal/MapServer/70,2026-09-20T05:40:25Z
14,34,32.4091837,-117.2478144,https://gis.charttools.noaa.gov/arcgis/rest/services/encdirect/enc_coastal/MapServer/70,2026-09-20T05:40:25Z
14,35,32.4086904,-117.2477562,https://gis.charttools.noaa.gov/arcgis/rest/services/encdirect/enc_coastal/MapServer/70,2026-09-20T05:40:25Z
14,36,32.4082957,-117.2475816,https://gis.charttools.noaa.gov/arcgis/rest/services/encdirect/enc_coastal/MapServer/70,2026-09-20T05:40:25Z
14,37,32.4079751,-117.2472324,https://gis.charttools.noaa.gov/arcgis/rest/services/encdirect/enc_coastal/MapServer/70,2026-09-20T05:40:25Z
14,38,32.4079012,-117.2469412,https://gis.charttools.noaa.gov/arcgis/rest/services/encdirect/enc_coastal/MapServer/70,2026-09-20T05:40:25Z
14,39,32.4079257,-117.2462428,https://gis.charttools.noaa.gov/arcgis/rest/services/encdirect/enc_coastal/MapServer/70,2026-09-20T05:40:25Z
14,40,32.4078764,-117.2456607,https://gis.charttools.noaa.gov/arcgis/rest/services/encdirect/enc_coastal/MapServer/70,2026-09-20T05:40:25Z
14,41,32.4077038,-117.2452825,https://gis.charttools.noaa.gov/arcgis/rest/services/encdirect/enc_coastal/MapServer/70,2026-09-20T05:40:25Z
14,42,32.4075804,-117.2451952,https://gis.charttools.noaa.gov/arcgis/rest/services/encdirect/enc_coastal/MapServer/70,2026-09-20T05:40:25Z
14,43,32.4074571,-117.2451952,https://gis.charttools.noaa.gov/arcgis/rest/services/encdirect/enc_coastal/MapServer/70,2026-09-20T05:40:25Z
14,44,32.4073091,-117.2452535,https://gis.charttools.noaa.gov/arcgis/rest/services/encdirect/enc_coastal/MapServer/70,2026-09-20T05:40:25Z
14,45,32.4067664,-117.2457190,https://gis.charttools.noaa.gov/arcgis/rest/services/encdirect/enc_coastal/MapServer/70,2026-09-20T05:40:25Z
14,46,32.4065938,-117.2458353,https://gis.charttools.noaa.gov/arcgis/rest/services/encdirect/enc_coastal/MapServer/70,2026-09-20T05:40:25Z
14,47,32.4060264,-117.2459519,https://gis.charttools.noaa.gov/arcgis/rest/services/encdirect/enc_coastal/MapServer/70,2026-09-20T05:40:25Z
14,48,32.4055902,-117.2459798,https://gis.charttools.noaa.gov/arcgis/rest/services/encdirect/enc_coastal/MapServer/70,2026-09-20T05:40:25Z
14,49,32.4038970,-117.2457731,https://gis.charttools.noaa.gov/arcgis/rest/services/encdirect/enc_coastal/MapServer/70,2026-09-20T05:40:25Z
14,50,32.4033474,-117.2456855,https://gis.charttools.noaa.gov/arcgis/rest/services/encdirect/enc_coastal/MapServer/70,2026-09-20T05:40:25Z
14,51,32.4017368,-117.2454287,https://gis.charttools.noaa.gov/arcgis/rest/services/encdirect/enc_coastal/MapServer/70,2026-09-20T05:40:25Z
14,52,32.3998393,-117.2453599,https://gis.charttools.noaa.gov/arcgis/rest/services/encdirect/enc_coastal/MapServer/70,2026-09-20T05:40:25Z
14,53,32.3983063,-117.2454620,https://gis.charttools.noaa.gov/arcgis/rest/services/encdirect/enc_coastal/MapServer/70,2026-09-20T05:40:25Z
14,54,32.3962043,-117.2456340,https://gis.charttools.noaa.gov/arcgis/rest/services/encdirect/enc_coastal/MapServer/70,2026-09-20T05:40:25Z
14,55,32.3952118,-117.2455996,https://gis.charttools.noaa.gov/arcgis/rest/services/encdirect/enc_coastal/MapServer/70,2026-09-20T05:40:25Z
14,56,32.3946862,-117.2454620,https://gis.charttools.noaa.gov/arcgis/rest/services/encdirect/enc_coastal/MapServer/70,2026-09-20T05:40:25Z
14,57,32.3942190,-117.2452553,https://gis.charttools.noaa.gov/arcgis/rest/services/encdirect/enc_coastal/MapServer/70,2026-09-20T05:40:25Z
14,58,32.3932848,-117.2445664,https://gis.charttools.noaa.gov/arcgis/rest/services/encdirect/enc_coastal/MapServer/70,2026-09-20T05:40:25Z
14,59,32.3924673,-117.2438776,https://gis.charttools.noaa.gov/arcgis/rest/services/encdirect/enc_coastal/MapServer/70,2026-09-20T05:40:25Z
14,60,32.3914580,-117.2428254,https://gis.charttools.noaa.gov/arcgis/rest/services/encdirect/enc_coastal/MapServer/70,2026-09-20T05:40:25Z
14,61,32.3912119,-117.2425690,https://gis.charttools.noaa.gov/arcgis/rest/services/encdirect/enc_coastal/MapServer/70,2026-09-20T05:40:25Z
14,62,32.3910076,-117.2420179,https://gis.charttools.noaa.gov/arcgis/rest/services/encdirect/enc_coastal/MapServer/70,2026-09-20T05:40:25Z
14,63,32.3910076,-117.2416048,https://gis.charttools.noaa.gov/arcgis/rest/services/encdirect/enc_coastal/MapServer/70,2026-09-20T05:40:25Z
14,64,32.3910952,-117.2411227,https://gis.charttools.noaa.gov/arcgis/rest/services/encdirect/enc_coastal/MapServer/70,2026-09-20T05:40:25Z
14,65,32.3912996,-117.2408813,https://gis.charttools.noaa.gov/arcgis/rest/services/encdirect/enc_coastal/MapServer/70,2026-09-20T05:40:25Z
14,66,32.3922338,-117.2401582,https://gis.charttools.noaa.gov/arcgis/rest/services/encdirect/enc_coastal/MapServer/70,2026-09-20T05:40:25Z
14,67,32.3929638,-117.2396761,https://gis.charttools.noaa.gov/arcgis/rest/services/encdirect/enc_coastal/MapServer/70,2026-09-20T05:40:25Z
14,68,32.3932556,-117.2396074,https://gis.charttools.noaa.gov/arcgis/rest/services/encdirect/enc_coastal/MapServer/70,2026-09-20T05:40:25Z
14,69,32.3940731,-117.2395040,https://gis.charttools.noaa.gov/arcgis/rest/services/encdirect/enc_coastal/MapServer/70,2026-09-20T05:40:25Z
14,70,32.3952800,-117.2396063,https://gis.charttools.noaa.gov/arcgis/rest/services/encdirect/enc_coastal/MapServer/70,2026-09-20T05:40:25Z
14,71,32.3986664,-117.2397096,https://gis.charttools.noaa.gov/arcgis/rest/services/encdirect/enc_coastal/MapServer/70,2026-09-20T05:40:25Z
14,72,32.3988934,-117.2397501,https://gis.charttools.noaa.gov/arcgis/rest/services/encdirect/enc_coastal/MapServer/70,2026-09-20T05:40:25Z
15,0,32.5520618,-117.1259602,https://gis.charttools.noaa.gov/arcgis/rest/services/encdirect/enc_coastal/MapServer/70,2026-09-20T05:40:25Z
15,1,32.5514987,-117.1256155,https://gis.charttools.noaa.gov/arcgis/rest/services/encdirect/enc_coastal/MapServer/70,2026-09-20T05:40:25Z
15,2,32.5511234,-117.1253199,https://gis.charttools.noaa.gov/arcgis/rest/services/encdirect/enc_coastal/MapServer/70,2026-09-20T05:40:25Z
15,3,32.5508732,-117.1249749,https://gis.charttools.noaa.gov/arcgis/rest/services/encdirect/enc_coastal/MapServer/70,2026-09-20T05:40:25Z
15,4,32.5508107,-117.1247037,https://gis.charttools.noaa.gov/arcgis/rest/services/encdirect/enc_coastal/MapServer/70,2026-09-20T05:40:25Z
15,5,32.5507899,-117.1241371,https://gis.charttools.noaa.gov/arcgis/rest/services/encdirect/enc_coastal/MapServer/70,2026-09-20T05:40:25Z
15,6,32.5508942,-117.1230530,https://gis.charttools.noaa.gov/arcgis/rest/services/encdirect/enc_coastal/MapServer/70,2026-09-20T05:40:25Z
15,7,32.5511234,-117.1219690,https://gis.charttools.noaa.gov/arcgis/rest/services/encdirect/enc_coastal/MapServer/70,2026-09-20T05:40:25Z
15,8,32.5515196,-117.1205399,https://gis.charttools.noaa.gov/arcgis/rest/services/encdirect/enc_coastal/MapServer/70,2026-09-20T05:40:25Z
15,9,32.5517280,-117.1201412,https://gis.charttools.noaa.gov/arcgis/rest/services/encdirect/enc_coastal/MapServer/70,2026-09-20T05:40:25Z
15,10,32.5517696,-117.1199192,https://gis.charttools.noaa.gov/arcgis/rest/services/encdirect/enc_coastal/MapServer/70,2026-09-20T05:40:25Z
15,11,32.5517070,-117.1195743,https://gis.charttools.noaa.gov/arcgis/rest/services/encdirect/enc_coastal/MapServer/70,2026-09-20T05:40:25Z
15,12,32.5517280,-117.1194267,https://gis.charttools.noaa.gov/arcgis/rest/services/encdirect/enc_coastal/MapServer/70,2026-09-20T05:40:25Z
15,13,32.5517905,-117.1193527,https://gis.charttools.noaa.gov/arcgis/rest/services/encdirect/enc_coastal/MapServer/70,2026-09-20T05:40:25Z
15,14,32.5522283,-117.1192789,https://gis.charttools.noaa.gov/arcgis/rest/services/encdirect/enc_coastal/MapServer/70,2026-09-20T05:40:25Z
15,15,32.5526452,-117.1193527,https://gis.charttools.noaa.gov/arcgis/rest/services/encdirect/enc_coastal/MapServer/70,2026-09-20T05:40:25Z
15,16,32.5528121,-117.1194513,https://gis.charttools.noaa.gov/arcgis/rest/services/encdirect/enc_coastal/MapServer/70,2026-09-20T05:40:25Z
15,17,32.5529164,-117.1196483,https://gis.charttools.noaa.gov/arcgis/rest/services/encdirect/enc_coastal/MapServer/70,2026-09-20T05:40:25Z
15,18,32.5529372,-117.1198700,https://gis.charttools.noaa.gov/arcgis/rest/services/encdirect/enc_coastal/MapServer/70,2026-09-20T05:40:25Z
15,19,32.5528954,-117.1202149,https://gis.charttools.noaa.gov/arcgis/rest/services/encdirect/enc_coastal/MapServer/70,2026-09-20T05:40:25Z
15,20,32.5526452,-117.1210772,https://gis.charttools.noaa.gov/arcgis/rest/services/encdirect/enc_coastal/MapServer/70,2026-09-20T05:40:25Z
15,21,32.5523326,-117.1220628,https://gis.charttools.noaa.gov/arcgis/rest/services/encdirect/enc_coastal/MapServer/70,2026-09-20T05:40:25Z
15,22,32.5522283,-117.1228513,https://gis.charttools.noaa.gov/arcgis/rest/services/encdirect/enc_coastal/MapServer/70,2026-09-20T05:40:25Z
15,23,32.5521241,-117.1237874,https://gis.charttools.noaa.gov/arcgis/rest/services/encdirect/enc_coastal/MapServer/70,2026-09-20T05:40:25Z
15,24,32.5522074,-117.1245513,https://gis.charttools.noaa.gov/arcgis/rest/services/encdirect/enc_coastal/MapServer/70,2026-09-20T05:40:25Z
15,25,32.5523534,-117.1249456,https://gis.charttools.noaa.gov/arcgis/rest/services/encdirect/enc_coastal/MapServer/70,2026-09-20T05:40:25Z
15,26,32.5526036,-117.1252165,https://gis.charttools.noaa.gov/arcgis/rest/services/encdirect/enc_coastal/MapServer/70,2026-09-20T05:40:25Z
15,27,32.5529372,-117.1254137,https://gis.charttools.noaa.gov/arcgis/rest/services/encdirect/enc_coastal/MapServer/70,2026-09-20T05:40:25Z
15,28,32.5535418,-117.1255367,https://gis.charttools.noaa.gov/arcgis/rest/services/encdirect/enc_coastal/MapServer/70,2026-09-20T05:40:25Z
15,29,32.5553350,-117.1259404,https://gis.charttools.noaa.gov/arcgis/rest/services/encdirect/enc_coastal/MapServer/70,2026-09-20T05:40:25Z
15,30,32.5555644,-117.1259160,https://gis.charttools.noaa.gov/arcgis/rest/services/encdirect/enc_coastal/MapServer/70,2026-09-20T05:40:25Z
15,31,32.5556686,-117.1258419,https://gis.charttools.noaa.gov/arcgis/rest/services/encdirect/enc_coastal/MapServer/70,2026-09-20T05:40:25Z
15,32,32.5566827,-117.1246445,https://gis.charttools.noaa.gov/arcgis/rest/services/encdirect/enc_coastal/MapServer/70,2026-09-20T05:40:25Z
15,33,32.5568968,-117.1242054,https://gis.charttools.noaa.gov/arcgis/rest/services/encdirect/enc_coastal/MapServer/70,2026-09-20T05:40:25Z
15,34,32.5569386,-117.1239097,https://gis.charttools.noaa.gov/arcgis/rest/services/encdirect/enc_coastal/MapServer/70,2026-09-20T05:40:25Z
15,35,32.5569178,-117.1237373,https://gis.charttools.noaa.gov/arcgis/rest/services/encdirect/enc_coastal/MapServer/70,2026-09-20T05:40:25Z
15,36,32.5568135,-117.1235157,https://gis.charttools.noaa.gov/arcgis/rest/services/encdirect/enc_coastal/MapServer/70,2026-09-20T05:40:25Z
15,37,32.5563221,-117.1228749,https://gis.charttools.noaa.gov/arcgis/rest/services/encdirect/enc_coastal/MapServer/70,2026-09-20T05:40:25Z
15,38,32.5556683,-117.1220876,https://gis.charttools.noaa.gov/arcgis/rest/services/encdirect/enc_coastal/MapServer/70,2026-09-20T05:40:25Z
15,39,32.5554391,-117.1219150,https://gis.charttools.noaa.gov/arcgis/rest/services/encdirect/enc_coastal/MapServer/70,2026-09-20T05:40:25Z
15,40,32.5540004,-117.1213630,https://gis.charttools.noaa.gov/arcgis/rest/services/encdirect/enc_coastal/MapServer/70,2026-09-20T05:40:25Z
15,41,32.5538753,-117.1212152,https://gis.charttools.noaa.gov/arcgis/rest/services/encdirect/enc_coastal/MapServer/70,2026-09-20T05:40:25Z
15,42,32.5538544,-117.1210921,https://gis.charttools.noaa.gov/arcgis/rest/services/encdirect/enc_coastal/MapServer/70,2026-09-20T05:40:25Z
15,43,32.5538128,-117.1185642,https://gis.charttools.noaa.gov/arcgis/rest/services/encdirect/enc_coastal/MapServer/70,2026-09-20T05:40:25Z
15,44,32.5538545,-117.1184412,https://gis.charttools.noaa.gov/arcgis/rest/services/encdirect/enc_coastal/MapServer/70,2026-09-20T05:40:25Z
15,45,32.5539588,-117.1184164,https://gis.charttools.noaa.gov/arcgis/rest/services/encdirect/enc_coastal/MapServer/70,2026-09-20T05:40:25Z
15,46,32.5541881,-117.1184656,https://gis.charttools.noaa.gov/arcgis/rest/services/encdirect/enc_coastal/MapServer/70,2026-09-20T05:40:25Z
15,47,32.5542924,-117.1185397,https://gis.charttools.noaa.gov/arcgis/rest/services/encdirect/enc_coastal/MapServer/70,2026-09-20T05:40:25Z
15,48,32.5544175,-117.1190570,https://gis.charttools.noaa.gov/arcgis/rest/services/encdirect/enc_coastal/MapServer/70,2026-09-20T05:40:25Z
15,49,32.5545217,-117.1199440,https://gis.charttools.noaa.gov/arcgis/rest/services/encdirect/enc_coastal/MapServer/70,2026-09-20T05:40:25Z
15,50,32.5545842,-117.1202890,https://gis.charttools.noaa.gov/arcgis/rest/services/encdirect/enc_coastal/MapServer/70,2026-09-20T05:40:25Z
15,51,32.5547511,-117.1207077,https://gis.charttools.noaa.gov/arcgis/rest/services/encdirect/enc_coastal/MapServer/70,2026-09-20T05:40:25Z
15,52,32.5548970,-117.1209541,https://gis.charttools.noaa.gov/arcgis/rest/services/encdirect/enc_coastal/MapServer/70,2026-09-20T05:40:25Z
15,53,32.5550637,-117.1210527,https://gis.charttools.noaa.gov/arcgis/rest/services/encdirect/enc_coastal/MapServer/70,2026-09-20T05:40:25Z
15,54,32.5552305,-117.1210527,https://gis.charttools.noaa.gov/arcgis/rest/services/encdirect/enc_coastal/MapServer/70,2026-09-20T05:40:25Z
15,55,32.5558143,-117.1209541,https://gis.charttools.noaa.gov/arcgis/rest/services/encdirect/enc_coastal/MapServer/70,2026-09-20T05:40:25Z
15,56,32.5564607,-117.1208063,https://gis.charttools.noaa.gov/arcgis/rest/services/encdirect/enc_coastal/MapServer/70,2026-09-20T05:40:25Z
15,57,32.5565649,-117.1207077,https://gis.charttools.noaa.gov/arcgis/rest/services/encdirect/enc_coastal/MapServer/70,2026-09-20T05:40:25Z
15,58,32.5565857,-117.1206092,https://gis.charttools.noaa.gov/arcgis/rest/services/encdirect/enc_coastal/MapServer/70,2026-09-20T05:40:25Z
15,59,32.5565857,-117.1185397,https://gis.charttools.noaa.gov/arcgis/rest/services/encdirect/enc_coastal/MapServer/70,2026-09-20T05:40:25Z
15,60,32.5566691,-117.1183919,https://gis.charttools.noaa.gov/arcgis/rest/services/encdirect/enc_coastal/MapServer/70,2026-09-20T05:40:25Z
15,61,32.5568151,-117.1183178,https://gis.charttools.noaa.gov/arcgis/rest/services/encdirect/enc_coastal/MapServer/70,2026-09-20T05:40:25Z
15,62,32.5569610,-117.1183426,https://gis.charttools.noaa.gov/arcgis/rest/services/encdirect/enc_coastal/MapServer/70,2026-09-20T05:40:25Z
15,63,32.5571277,-117.1184656,https://gis.charttools.noaa.gov/arcgis/rest/services/encdirect/enc_coastal/MapServer/70,2026-09-20T05:40:25Z
15,64,32.5572946,-117.1186875,https://gis.charttools.noaa.gov/arcgis/rest/services/encdirect/enc_coastal/MapServer/70,2026-09-20T05:40:25Z
15,65,32.5574405,-117.1191311,https://gis.charttools.noaa.gov/arcgis/rest/services/encdirect/enc_coastal/MapServer/70,2026-09-20T05:40:25Z
15,66,32.5575616,-117.1199744,https://gis.charttools.noaa.gov/arcgis/rest/services/encdirect/enc_coastal/MapServer/70,2026-09-20T05:40:25Z
15,67,32.5577306,-117.1214380,https://gis.charttools.noaa.gov/arcgis/rest/services/encdirect/enc_coastal/MapServer/70,2026-09-20T05:40:25Z
15,68,32.5579025,-117.1228322,https://gis.charttools.noaa.gov/arcgis/rest/services/encdirect/enc_coastal/MapServer/70,2026-09-20T05:40:25Z
15,69,32.5578816,-117.1230541,https://gis.charttools.noaa.gov/arcgis/rest/services/encdirect/enc_coastal/MapServer/70,2026-09-20T05:40:25Z
15,70,32.5577356,-117.1241872,https://gis.charttools.noaa.gov/arcgis/rest/services/encdirect/enc_coastal/MapServer/70,2026-09-20T05:40:25Z
15,71,32.5575272,-117.1251236,https://gis.charttools.noaa.gov/arcgis/rest/services/encdirect/enc_coastal/MapServer/70,2026-09-20T05:40:25Z
15,72,32.5573604,-117.1258135,https://gis.charttools.noaa.gov/arcgis/rest/services/encdirect/enc_coastal/MapServer/70,2026-09-20T05:40:25Z
15,73,32.5572561,-117.1260599,https://gis.charttools.noaa.gov/arcgis/rest/services/encdirect/enc_coastal/MapServer/70,2026-09-20T05:40:25Z
15,74,32.5570894,-117.1262815,https://gis.charttools.noaa.gov/arcgis/rest/services/encdirect/enc_coastal/MapServer/70,2026-09-20T05:40:25Z
15,75,32.5567558,-117.1264787,https://gis.charttools.noaa.gov/arcgis/rest/services/encdirect/enc_coastal/MapServer/70,2026-09-20T05:40:25Z
15,76,32.5566516,-117.1266020,https://gis.charttools.noaa.gov/arcgis/rest/services/encdirect/enc_coastal/MapServer/70,2026-09-20T05:40:25Z
15,77,32.5566516,-117.1266757,https://gis.charttools.noaa.gov/arcgis/rest/services/encdirect/enc_coastal/MapServer/70,2026-09-20T05:40:25Z
15,78,32.5566933,-117.1268974,https://gis.charttools.noaa.gov/arcgis/rest/services/encdirect/enc_coastal/MapServer/70,2026-09-20T05:40:25Z
15,79,32.5568600,-117.1271931,https://gis.charttools.noaa.gov/arcgis/rest/services/encdirect/enc_coastal/MapServer/70,2026-09-20T05:40:25Z
15,80,32.5571311,-117.1275628,https://gis.charttools.noaa.gov/arcgis/rest/services/encdirect/enc_coastal/MapServer/70,2026-09-20T05:40:25Z
15,81,32.5573187,-117.1276613,https://gis.charttools.noaa.gov/arcgis/rest/services/encdirect/enc_coastal/MapServer/70,2026-09-20T05:40:25Z
15,82,32.5577650,-117.1278412,https://gis.charttools.noaa.gov/arcgis/rest/services/encdirect/enc_coastal/MapServer/70,2026-09-20T05:40:25Z
15,83,32.5581193,-117.1278164,https://gis.charttools.noaa.gov/arcgis/rest/services/encdirect/enc_coastal/MapServer/70,2026-09-20T05:40:25Z
15,84,32.5583278,-117.1277179,https://gis.charttools.noaa.gov/arcgis/rest/services/encdirect/enc_coastal/MapServer/70,2026-09-20T05:40:25Z
15,85,32.5586113,-117.1274150,https://gis.charttools.noaa.gov/arcgis/rest/services/encdirect/enc_coastal/MapServer/70,2026-09-20T05:40:25Z
15,86,32.5586947,-117.1272671,https://gis.charttools.noaa.gov/arcgis/rest/services/encdirect/enc_coastal/MapServer/70,2026-09-20T05:40:25Z
15,87,32.5586947,-117.1271438,https://gis.charttools.noaa.gov/arcgis/rest/services/encdirect/enc_coastal/MapServer/70,2026-09-20T05:40:25Z
15,88,32.5586322,-117.1269959,https://gis.charttools.noaa.gov/arcgis/rest/services/encdirect/enc_coastal/MapServer/70,2026-09-20T05:40:25Z
15,89,32.5584654,-117.1267743,https://gis.charttools.noaa.gov/arcgis/rest/services/encdirect/enc_coastal/MapServer/70,2026-09-20T05:40:25Z
15,90,32.5584236,-117.1266265,https://gis.charttools.noaa.gov/arcgis/rest/services/encdirect/enc_coastal/MapServer/70,2026-09-20T05:40:25Z
15,91,32.5584445,-117.1264787,https://gis.charttools.noaa.gov/arcgis/rest/services/encdirect/enc_coastal/MapServer/70,2026-09-20T05:40:25Z
15,92,32.5586530,-117.1260351,https://gis.charttools.noaa.gov/arcgis/rest/services/encdirect/enc_coastal/MapServer/70,2026-09-20T05:40:25Z
15,93,32.5587364,-117.1255671,https://gis.charttools.noaa.gov/arcgis/rest/services/encdirect/enc_coastal/MapServer/70,2026-09-20T05:40:25Z
15,94,32.5588197,-117.1239409,https://gis.charttools.noaa.gov/arcgis/rest/services/encdirect/enc_coastal/MapServer/70,2026-09-20T05:40:25Z
15,95,32.5586947,-117.1218468,https://gis.charttools.noaa.gov/arcgis/rest/services/encdirect/enc_coastal/MapServer/70,2026-09-20T05:40:25Z
15,96,32.5585278,-117.1201713,https://gis.charttools.noaa.gov/arcgis/rest/services/encdirect/enc_coastal/MapServer/70,2026-09-20T05:40:25Z
15,97,32.5583819,-117.1188163,https://gis.charttools.noaa.gov/arcgis/rest/services/encdirect/enc_coastal/MapServer/70,2026-09-20T05:40:25Z
15,98,32.5584236,-117.1186932,https://gis.charttools.noaa.gov/arcgis/rest/services/encdirect/enc_coastal/MapServer/70,2026-09-20T05:40:25Z
15,99,32.5585278,-117.1186439,https://gis.charttools.noaa.gov/arcgis/rest/services/encdirect/enc_coastal/MapServer/70,2026-09-20T05:40:25Z
15,100,32.5591325,-117.1185946,https://gis.charttools.noaa.gov/arcgis/rest/services/encdirect/enc_coastal/MapServer/70,2026-09-20T05:40:25Z
15,101,32.5595494,-117.1186932,https://gis.charttools.noaa.gov/arcgis/rest/services/encdirect/enc_coastal/MapServer/70,2026-09-20T05:40:25Z
15,102,32.5596538,-117.1188163,https://gis.charttools.noaa.gov/arcgis/rest/services/encdirect/enc_coastal/MapServer/70,2026-09-20T05:40:25Z
15,103,32.5597162,-117.1190133,https://gis.charttools.noaa.gov/arcgis/rest/services/encdirect/enc_coastal/MapServer/70,2026-09-20T05:40:25Z
15,104,32.5597370,-117.1193338,https://gis.charttools.noaa.gov/arcgis/rest/services/encdirect/enc_coastal/MapServer/70,2026-09-20T05:40:25Z
15,105,32.5596328,-117.1204918,https://gis.charttools.noaa.gov/arcgis/rest/services/encdirect/enc_coastal/MapServer/70,2026-09-20T05:40:25Z
15,106,32.5595494,-117.1238423,https://gis.charttools.noaa.gov/arcgis/rest/services/encdirect/enc_coastal/MapServer/70,2026-09-20T05:40:25Z
15,107,32.5596120,-117.1252714,https://gis.charttools.noaa.gov/arcgis/rest/services/encdirect/enc_coastal/MapServer/70,2026-09-20T05:40:25Z
15,108,32.5597162,-117.1263063,https://gis.charttools.noaa.gov/arcgis/rest/services/encdirect/enc_coastal/MapServer/70,2026-09-20T05:40:25Z
15,109,32.5600517,-117.1278509,https://gis.charttools.noaa.gov/arcgis/rest/services/encdirect/enc_coastal/MapServer/70,2026-09-20T05:40:25Z
15,110,32.5603446,-117.1284763,https://gis.charttools.noaa.gov/arcgis/rest/services/encdirect/enc_coastal/MapServer/70,2026-09-20T05:40:25Z
15,111,32.5621769,-117.1289661,https://gis.charttools.noaa.gov/arcgis/rest/services/encdirect/enc_coastal/MapServer/70,2026-09-20T05:40:25Z
15,112,32.5628232,-117.1290154,https://gis.charttools.noaa.gov/arcgis/rest/services/encdirect/enc_coastal/MapServer/70,2026-09-20T05:40:25Z
15,113,32.5645951,-117.1290399,https://gis.charttools.noaa.gov/arcgis/rest/services/encdirect/enc_coastal/MapServer/70,2026-09-20T05:40:25Z
15,114,32.5668989,-117.1289249,https://gis.charttools.noaa.gov/arcgis/rest/services/encdirect/enc_coastal/MapServer/70,2026-09-20T05:40:25Z
15,115,32.5678074,-117.1288483,https://gis.charttools.noaa.gov/arcgis/rest/services/encdirect/enc_coastal/MapServer/70,2026-09-20T05:40:25Z
15,116,32.5691053,-117.1285226,https://gis.charttools.noaa.gov/arcgis/rest/services/encdirect/enc_coastal/MapServer/70,2026-09-20T05:40:25Z
15,117,32.5695258,-117.1284700,https://gis.charttools.noaa.gov/arcgis/rest/services/encdirect/enc_coastal/MapServer/70,2026-09-20T05:40:25Z
15,118,32.5697418,-117.1284527,https://gis.charttools.noaa.gov/arcgis/rest/services/encdirect/enc_coastal/MapServer/70,2026-09-20T05:40:25Z
15,119,32.5710759,-117.1286005,https://gis.charttools.noaa.gov/arcgis/rest/services/encdirect/enc_coastal/MapServer/70,2026-09-20T05:40:25Z
15,120,32.5716563,-117.1287381,https://gis.charttools.noaa.gov/arcgis/rest/services/encdirect/enc_coastal/MapServer/70,2026-09-20T05:40:25Z
15,121,32.5717580,-117.1288028,https://gis.charttools.noaa.gov/arcgis/rest/services/encdirect/enc_coastal/MapServer/70,2026-09-20T05:40:25Z
15,122,32.5717944,-117.1289212,https://gis.charttools.noaa.gov/arcgis/rest/services/encdirect/enc_coastal/MapServer/70,2026-09-20T05:40:25Z
15,123,32.5716406,-117.1290153,https://gis.charttools.noaa.gov/arcgis/rest/services/encdirect/enc_coastal/MapServer/70,2026-09-20T05:40:25Z
15,124,32.5711008,-117.1291332,https://gis.charttools.noaa.gov/arcgis/rest/services/encdirect/enc_coastal/MapServer/70,2026-09-20T05:40:25Z
15,125,32.5689508,-117.1296624,https://gis.charttools.noaa.gov/arcgis/rest/services/encdirect/enc_coastal/MapServer/70,2026-09-20T05:40:25Z
15,126,32.5674916,-117.1300074,https://gis.charttools.noaa.gov/arcgis/rest/services/encdirect/enc_coastal/MapServer/70,2026-09-20T05:40:25Z
15,127,32.5666578,-117.1301307,https://gis.charttools.noaa.gov/arcgis/rest/services/encdirect/enc_coastal/MapServer/70,2026-09-20T05:40:25Z
15,128,32.5651568,-117.1302293,https://gis.charttools.noaa.gov/arcgis/rest/services/encdirect/enc_coastal/MapServer/70,2026-09-20T05:40:25Z
15,129,32.5634807,-117.1301550,https://gis.charttools.noaa.gov/arcgis/rest/services/encdirect/enc_coastal/MapServer/70,2026-09-20T05:40:25Z
15,130,32.5620631,-117.1299578,https://gis.charttools.noaa.gov/arcgis/rest/services/encdirect/enc_coastal/MapServer/70,2026-09-20T05:40:25Z
15,131,32.5604786,-117.1295143,https://gis.charttools.noaa.gov/arcgis/rest/services/encdirect/enc_coastal/MapServer/70,2026-09-20T05:40:25Z
15,132,32.5592605,-117.1290694,https://gis.charttools.noaa.gov/arcgis/rest/services/encdirect/enc_coastal/MapServer/70,2026-09-20T05:40:25Z
15,133,32.5584475,-117.1287985,https://gis.charttools.noaa.gov/arcgis/rest/services/encdirect/enc_coastal/MapServer/70,2026-09-20T05:40:25Z
15,134,32.5576969,-117.1286014,https://gis.charttools.noaa.gov/arcgis/rest/services/encdirect/enc_coastal/MapServer/70,2026-09-20T05:40:25Z
15,135,32.5570695,-117.1283972,https://gis.charttools.noaa.gov/arcgis/rest/services/encdirect/enc_coastal/MapServer/70,2026-09-20T05:40:25Z
15,136,32.5562258,-117.1280140,https://gis.charttools.noaa.gov/arcgis/rest/services/encdirect/enc_coastal/MapServer/70,2026-09-20T05:40:25Z
15,137,32.5557228,-117.1277458,https://gis.charttools.noaa.gov/arcgis/rest/services/encdirect/enc_coastal/MapServer/70,2026-09-20T05:40:25Z
15,138,32.5552035,-117.1274776,https://gis.charttools.noaa.gov/arcgis/rest/services/encdirect/enc_coastal/MapServer/70,2026-09-20T05:40:25Z
15,139,32.5548141,-117.1272094,https://gis.charttools.noaa.gov/arcgis/rest/services/encdirect/enc_coastal/MapServer/70,2026-09-20T05:40:25Z
15,140,32.5545058,-117.1270944,https://gis.charttools.noaa.gov/arcgis/rest/services/encdirect/enc_coastal/MapServer/70,2026-09-20T05:40:25Z
15,141,32.5543818,-117.1272409,https://gis.charttools.noaa.gov/arcgis/rest/services/encdirect/enc_coastal/MapServer/70,2026-09-20T05:40:25Z
15,142,32.5543436,-117.1272860,https://gis.charttools.noaa.gov/arcgis/rest/services/encdirect/enc_coastal/MapServer/70,2026-09-20T05:40:25Z
15,143,32.5543517,-117.1273323,https://gis.charttools.noaa.gov/arcgis/rest/services/encdirect/enc_coastal/MapServer/70,2026-09-20T05:40:25Z
15,144,32.5544364,-117.1278183,https://gis.charttools.noaa.gov/arcgis/rest/services/encdirect/enc_coastal/MapServer/70,2026-09-20T05:40:25Z
15,145,32.5544571,-117.1279374,https://gis.charttools.noaa.gov/arcgis/rest/services/encdirect/enc_coastal/MapServer/70,2026-09-20T05:40:25Z
15,146,32.5549115,-117.1284930,https://gis.charttools.noaa.gov/arcgis/rest/services/encdirect/enc_coastal/MapServer/70,2026-09-20T05:40:25Z
15,147,32.5558364,-117.1291827,https://gis.charttools.noaa.gov/arcgis/rest/services/encdirect/enc_coastal/MapServer/70,2026-09-20T05:40:25Z
15,148,32.5566223,-117.1295864,https://gis.charttools.noaa.gov/arcgis/rest/services/encdirect/enc_coastal/MapServer/70,2026-09-20T05:40:25Z
15,149,32.5568630,-117.1297101,https://gis.charttools.noaa.gov/arcgis/rest/services/encdirect/enc_coastal/MapServer/70,2026-09-20T05:40:25Z
16,0,32.4239314,-117.2618109,https://gis.charttools.noaa.gov/arcgis/rest/services/encdirect/enc_coastal/MapServer/70,2026-09-20T05:40:25Z
16,1,32.4236143,-117.2618602,https://gis.charttools.noaa.gov/arcgis/rest/services/encdirect/enc_coastal/MapServer/70,2026-09-20T05:40:25Z
16,2,32.4234391,-117.2619982,https://gis.charttools.noaa.gov/arcgis/rest/services/encdirect/enc_coastal/MapServer/70,2026-09-20T05:40:25Z
16,3,32.4232639,-117.2623031,https://gis.charttools.noaa.gov/arcgis/rest/services/encdirect/enc_coastal/MapServer/70,2026-09-20T05:40:25Z
16,4,32.4231972,-117.2626084,https://gis.charttools.noaa.gov/arcgis/rest/services/encdirect/enc_coastal/MapServer/70,2026-09-20T05:40:25Z
16,5,32.4232617,-117.2629064,https://gis.charttools.noaa.gov/arcgis/rest/services/encdirect/enc_coastal/MapServer/70,2026-09-20T05:40:25Z
16,6,32.4236143,-117.2632090,https://gis.charttools.noaa.gov/arcgis/rest/services/encdirect/enc_coastal/MapServer/70,2026-09-20T05:40:25Z
16,7,32.4238313,-117.2633566,https://gis.charttools.noaa.gov/arcgis/rest/services/encdirect/enc_coastal/MapServer/70,2026-09-20T05:40:25Z
16,8,32.4241733,-117.2634749,https://gis.charttools.noaa.gov/arcgis/rest/services/encdirect/enc_coastal/MapServer/70,2026-09-20T05:40:25Z
16,9,32.4243819,-117.2634944,https://gis.charttools.noaa.gov/arcgis/rest/services/encdirect/enc_coastal/MapServer/70,2026-09-20T05:40:25Z
16,10,32.4246322,-117.2634355,https://gis.charttools.noaa.gov/arcgis/rest/services/encdirect/enc_coastal/MapServer/70,2026-09-20T05:40:25Z
16,11,32.4248323,-117.2632680,https://gis.charttools.noaa.gov/arcgis/rest/services/encdirect/enc_coastal/MapServer/70,2026-09-20T05:40:25Z
16,12,32.4250410,-117.2629531,https://gis.charttools.noaa.gov/arcgis/rest/services/encdirect/enc_coastal/MapServer/70,2026-09-20T05:40:25Z
16,13,32.4250911,-117.2625986,https://gis.charttools.noaa.gov/arcgis/rest/services/encdirect/enc_coastal/MapServer/70,2026-09-20T05:40:25Z
16,14,32.4250828,-117.2623623,https://gis.charttools.noaa.gov/arcgis/rest/services/encdirect/enc_coastal/MapServer/70,2026-09-20T05:40:25Z
16,15,32.4249992,-117.2621654,https://gis.charttools.noaa.gov/arcgis/rest/services/encdirect/enc_coastal/MapServer/70,2026-09-20T05:40:25Z
16,16,32.4248074,-117.2618700,https://gis.charttools.noaa.gov/arcgis/rest/services/encdirect/enc_coastal/MapServer/70,2026-09-20T05:40:25Z
16,17,32.4246322,-117.2617915,https://gis.charttools.noaa.gov/arcgis/rest/services/encdirect/enc_coastal/MapServer/70,2026-09-20T05:40:25Z
16,18,32.4244487,-117.2617718,https://gis.charttools.noaa.gov/arcgis/rest/services/encdirect/enc_coastal/MapServer/70,2026-09-20T05:40:25Z
16,19,32.4239314,-117.2618109,https://gis.charttools.noaa.gov/arcgis/rest/services/encdirect/enc_coastal/MapServer/70,2026-09-20T05:40:25Z
17,0,32.4065020,-117.2430207,https://gis.charttools.noaa.gov/arcgis/rest/services/encdirect/enc_coastal/MapServer/70,2026-09-20T05:40:25Z
17,1,32.4081794,-117.2428140,https://gis.charttools.noaa.gov/arcgis/rest/services/encdirect/enc_coastal/MapServer/70,2026-09-20T05:40:25Z
17,2,32.4108941,-117.2424009,https://gis.charttools.noaa.gov/arcgis/rest/services/encdirect/enc_coastal/MapServer/70,2026-09-20T05:40:25Z
17,3,32.4124120,-117.2421598,https://gis.charttools.noaa.gov/arcgis/rest/services/encdirect/enc_coastal/MapServer/70,2026-09-20T05:40:25Z
17,4,32.4128790,-117.2421942,https://gis.charttools.noaa.gov/arcgis/rest/services/encdirect/enc_coastal/MapServer/70,2026-09-20T05:40:25Z
17,5,32.4140247,-117.2426763,https://gis.charttools.noaa.gov/arcgis/rest/services/encdirect/enc_coastal/MapServer/70,2026-09-20T05:40:25Z
17,6,32.4162139,-117.2442260,https://gis.charttools.noaa.gov/arcgis/rest/services/encdirect/enc_coastal/MapServer/70,2026-09-20T05:40:25Z
17,7,32.4176732,-117.2452938,https://gis.charttools.noaa.gov/arcgis/rest/services/encdirect/enc_coastal/MapServer/70,2026-09-20T05:40:25Z
17,8,32.4186930,-117.2460997,https://gis.charttools.noaa.gov/arcgis/rest/services/encdirect/enc_coastal/MapServer/70,2026-09-20T05:40:25Z
17,9,32.4193342,-117.2470601,https://gis.charttools.noaa.gov/arcgis/rest/services/encdirect/enc_coastal/MapServer/70,2026-09-20T05:40:25Z
17,10,32.4197041,-117.2480785,https://gis.charttools.noaa.gov/arcgis/rest/services/encdirect/enc_coastal/MapServer/70,2026-09-20T05:40:25Z
17,11,32.4200740,-117.2497082,https://gis.charttools.noaa.gov/arcgis/rest/services/encdirect/enc_coastal/MapServer/70,2026-09-20T05:40:25Z
17,12,32.4196889,-117.2504376,https://gis.charttools.noaa.gov/arcgis/rest/services/encdirect/enc_coastal/MapServer/70,2026-09-20T05:40:25Z
17,13,32.4192433,-117.2507802,https://gis.charttools.noaa.gov/arcgis/rest/services/encdirect/enc_coastal/MapServer/70,2026-09-20T05:40:25Z
17,14,32.4187670,-117.2509014,https://gis.charttools.noaa.gov/arcgis/rest/services/encdirect/enc_coastal/MapServer/70,2026-09-20T05:40:25Z
17,15,32.4179283,-117.2503483,https://gis.charttools.noaa.gov/arcgis/rest/services/encdirect/enc_coastal/MapServer/70,2026-09-20T05:40:25Z
17,16,32.4174845,-117.2499701,https://gis.charttools.noaa.gov/arcgis/rest/services/encdirect/enc_coastal/MapServer/70,2026-09-20T05:40:25Z
17,17,32.4171637,-117.2494463,https://gis.charttools.noaa.gov/arcgis/rest/services/encdirect/enc_coastal/MapServer/70,2026-09-20T05:40:25Z
17,18,32.4167198,-117.2489225,https://gis.charttools.noaa.gov/arcgis/rest/services/encdirect/enc_coastal/MapServer/70,2026-09-20T05:40:25Z
17,19,32.4165473,-117.2488059,https://gis.charttools.noaa.gov/arcgis/rest/services/encdirect/enc_coastal/MapServer/70,2026-09-20T05:40:25Z
17,20,32.4161033,-117.2487187,https://gis.charttools.noaa.gov/arcgis/rest/services/encdirect/enc_coastal/MapServer/70,2026-09-20T05:40:25Z
17,21,32.4156782,-117.2487467,https://gis.charttools.noaa.gov/arcgis/rest/services/encdirect/enc_coastal/MapServer/70,2026-09-20T05:40:25Z
17,22,32.4156593,-117.2487479,https://gis.charttools.noaa.gov/arcgis/rest/services/encdirect/enc_coastal/MapServer/70,2026-09-20T05:40:25Z
17,23,32.4148208,-117.2488933,https://gis.charttools.noaa.gov/arcgis/rest/services/encdirect/enc_coastal/MapServer/70,2026-09-20T05:40:25Z
17,24,32.4138454,-117.2491238,https://gis.charttools.noaa.gov/arcgis/rest/services/encdirect/enc_coastal/MapServer/70,2026-09-20T05:40:25Z
17,25,32.4134755,-117.2491528,https://gis.charttools.noaa.gov/arcgis/rest/services/encdirect/enc_coastal/MapServer/70,2026-09-20T05:40:25Z
17,26,32.4131794,-117.2490656,https://gis.charttools.noaa.gov/arcgis/rest/services/encdirect/enc_coastal/MapServer/70,2026-09-20T05:40:25Z
17,27,32.4126615,-117.2488330,https://gis.charttools.noaa.gov/arcgis/rest/services/encdirect/enc_coastal/MapServer/70,2026-09-20T05:40:25Z
17,28,32.4119708,-117.2486874,https://gis.charttools.noaa.gov/arcgis/rest/services/encdirect/enc_coastal/MapServer/70,2026-09-20T05:40:25Z
17,29,32.4108609,-117.2486001,https://gis.charttools.noaa.gov/arcgis/rest/services/encdirect/enc_coastal/MapServer/70,2026-09-20T05:40:25Z
17,30,32.4106143,-117.2484835,https://gis.charttools.noaa.gov/arcgis/rest/services/encdirect/enc_coastal/MapServer/70,2026-09-20T05:40:25Z
17,31,32.4102937,-117.2481926,https://gis.charttools.noaa.gov/arcgis/rest/services/encdirect/enc_coastal/MapServer/70,2026-09-20T05:40:25Z
17,32,32.4100224,-117.2479598,https://gis.charttools.noaa.gov/arcgis/rest/services/encdirect/enc_coastal/MapServer/70,2026-09-20T05:40:25Z
17,33,32.4097017,-117.2478434,https://gis.charttools.noaa.gov/arcgis/rest/services/encdirect/enc_coastal/MapServer/70,2026-09-20T05:40:25Z
17,34,32.4091837,-117.2478144,https://gis.charttools.noaa.gov/arcgis/rest/services/encdirect/enc_coastal/MapServer/70,2026-09-20T05:40:25Z
17,35,32.4086904,-117.2477562,https://gis.charttools.noaa.gov/arcgis/rest/services/encdirect/enc_coastal/MapServer/70,2026-09-20T05:40:25Z
17,36,32.4082957,-117.2475816,https://gis.charttools.noaa.gov/arcgis/rest/services/encdirect/enc_coastal/MapServer/70,2026-09-20T05:40:25Z
17,37,32.4079751,-117.2472324,https://gis.charttools.noaa.gov/arcgis/rest/services/encdirect/enc_coastal/MapServer/70,2026-09-20T05:40:25Z
17,38,32.4079012,-117.2469412,https://gis.charttools.noaa.gov/arcgis/rest/services/encdirect/enc_coastal/MapServer/70,2026-09-20T05:40:25Z
17,39,32.4079257,-117.2462428,https://gis.charttools.noaa.gov/arcgis/rest/services/encdirect/enc_coastal/MapServer/70,2026-09-20T05:40:25Z
17,40,32.4078764,-117.2456607,https://gis.charttools.noaa.gov/arcgis/rest/services/encdirect/enc_coastal/MapServer/70,2026-09-20T05:40:25Z
17,41,32.4077038,-117.2452825,https://gis.charttools.noaa.gov/arcgis/rest/services/encdirect/enc_coastal/MapServer/70,2026-09-20T05:40:25Z
17,42,32.4075804,-117.2451952,https://gis.charttools.noaa.gov/arcgis/rest/services/encdirect/enc_coastal/MapServer/70,2026-09-20T05:40:25Z
17,43,32.4074571,-117.2451952,https://gis.charttools.noaa.gov/arcgis/rest/services/encdirect/enc_coastal/MapServer/70,2026-09-20T05:40:25Z
17,44,32.4073091,-117.2452535,https://gis.charttools.noaa.gov/arcgis/rest/services/encdirect/enc_coastal/MapServer/70,2026-09-20T05:40:25Z
17,45,32.4067664,-117.2457190,https://gis.charttools.noaa.gov/arcgis/rest/services/encdirect/enc_coastal/MapServer/70,2026-09-20T05:40:25Z
17,46,32.4065938,-117.2458353,https://gis.charttools.noaa.gov/arcgis/rest/services/encdirect/enc_coastal/MapServer/70,2026-09-20T05:40:25Z
17,47,32.4060264,-117.2459519,https://gis.charttools.noaa.gov/arcgis/rest/services/encdirect/enc_coastal/MapServer/70,2026-09-20T05:40:25Z
17,48,32.4055902,-117.2459798,https://gis.charttools.noaa.gov/arcgis/rest/services/encdirect/enc_coastal/MapServer/70,2026-09-20T05:40:25Z
17,49,32.4038970,-117.2457731,https://gis.charttools.noaa.gov/arcgis/rest/services/encdirect/enc_coastal/MapServer/70,2026-09-20T05:40:25Z
17,50,32.4033474,-117.2456855,https://gis.charttools.noaa.gov/arcgis/rest/services/encdirect/enc_coastal/MapServer/70,2026-09-20T05:40:25Z
17,51,32.4017368,-117.2454287,https://gis.charttools.noaa.gov/arcgis/rest/services/encdirect/enc_coastal/MapServer/70,2026-09-20T05:40:25Z
17,52,32.4000000,-117.2453657,https://gis.charttools.noaa.gov/arcgis/rest/services/encdirect/enc_coastal/MapServer/70,2026-09-20T05:40:25Z
18,0,32.5004071,-117.1278871,https://gis.charttools.noaa.gov/arcgis/rest/services/encdirect/enc_coastal/MapServer/70,2026-09-20T05:40:25Z
18,1,32.5050126,-117.1274604,https://gis.charttools.noaa.gov/arcgis/rest/services/encdirect/enc_coastal/MapServer/70,2026-09-20T05:40:25Z
18,2,32.5104662,-117.1261097,https://gis.charttools.noaa.gov/arcgis/rest/services/encdirect/enc_coastal/MapServer/70,2026-09-20T05:40:25Z
18,3,32.5170302,-117.1258316,https://gis.charttools.noaa.gov/arcgis/rest/services/encdirect/enc_coastal/MapServer/70,2026-09-20T05:40:25Z
18,4,32.5224831,-117.1256726,https://gis.charttools.noaa.gov/arcgis/rest/services/encdirect/enc_coastal/MapServer/70,2026-09-20T05:40:25Z
18,5,32.5281176,-117.1257069,https://gis.charttools.noaa.gov/arcgis/rest/services/encdirect/enc_coastal/MapServer/70,2026-09-20T05:40:25Z
18,6,32.5294031,-117.1256793,https://gis.charttools.noaa.gov/arcgis/rest/services/encdirect/enc_coastal/MapServer/70,2026-09-20T05:40:25Z
18,7,32.5308240,-117.1252547,https://gis.charttools.noaa.gov/arcgis/rest/services/encdirect/enc_coastal/MapServer/70,2026-09-20T05:40:25Z
19,0,32.5308240,-117.1252547,https://gis.charttools.noaa.gov/arcgis/rest/services/encdirect/enc_coastal/MapServer/70,2026-09-20T05:40:25Z
19,1,32.5312011,-117.1251420,https://gis.charttools.noaa.gov/arcgis/rest/services/encdirect/enc_coastal/MapServer/70,2026-09-20T05:40:25Z
19,2,32.5325473,-117.1247117,https://gis.charttools.noaa.gov/arcgis/rest/services/encdirect/enc_coastal/MapServer/70,2026-09-20T05:40:25Z
19,3,32.5340804,-117.1246016,https://gis.charttools.noaa.gov/arcgis/rest/services/encdirect/enc_coastal/MapServer/70,2026-09-20T05:40:25Z
19,4,32.5341440,-117.1245898,https://gis.charttools.noaa.gov/arcgis/rest/services/encdirect/enc_coastal/MapServer/70,2026-09-20T05:40:25Z
19,5,32.5341532,-117.1245881,https://gis.charttools.noaa.gov/arcgis/rest/services/encdirect/enc_coastal/MapServer/70,2026-09-20T05:40:25Z
19,6,32.5341566,-117.1245875,https://gis.charttools.noaa.gov/arcgis/rest/services/encdirect/enc_coastal/MapServer/70,2026-09-20T05:40:25Z
19,7,32.5342849,-117.1245637,https://gis.charttools.noaa.gov/arcgis/rest/services/encdirect/enc_coastal/MapServer/70,2026-09-20T05:40:25Z
19,8,32.5342864,-117.1245634,https://gis.charttools.noaa.gov/arcgis/rest/services/encdirect/enc_coastal/MapServer/70,2026-09-20T05:40:25Z
19,9,32.5342874,-117.1245631,https://gis.charttools.noaa.gov/arcgis/rest/services/encdirect/enc_coastal/MapServer/70,2026-09-20T05:40:25Z
19,10,32.5345855,-117.1244624,https://gis.charttools.noaa.gov/arcgis/rest/services/encdirect/enc_coastal/MapServer/70,2026-09-20T05:40:25Z
19,11,32.5352890,-117.1242249,https://gis.charttools.noaa.gov/arcgis/rest/services/encdirect/enc_coastal/MapServer/70,2026-09-20T05:40:25Z
19,12,32.5358453,-117.1240371,https://gis.charttools.noaa.gov/arcgis/rest/services/encdirect/enc_coastal/MapServer/70,2026-09-20T05:40:25Z
19,13,32.5380328,-117.1242689,https://gis.charttools.noaa.gov/arcgis/rest/services/encdirect/enc_coastal/MapServer/70,2026-09-20T05:40:25Z
19,14,32.5403323,-117.1243351,https://gis.charttools.noaa.gov/arcgis/rest/services/encdirect/enc_coastal/MapServer/70,2026-09-20T05:40:25Z
19,15,32.5427721,-117.1246662,https://gis.charttools.noaa.gov/arcgis/rest/services/encdirect/enc_coastal/MapServer/70,2026-09-20T05:40:25Z
19,16,32.5443450,-117.1250683,https://gis.charttools.noaa.gov/arcgis/rest/services/encdirect/enc_coastal/MapServer/70,2026-09-20T05:40:25Z
19,17,32.5482594,-117.1260392,https://gis.charttools.noaa.gov/arcgis/rest/services/encdirect/enc_coastal/MapServer/70,2026-09-20T05:40:25Z
19,18,32.5500500,-117.1265513,https://gis.charttools.noaa.gov/arcgis/rest/services/encdirect/enc_coastal/MapServer/70,2026-09-20T05:40:25Z
19,19,32.5515635,-117.1269842,https://gis.charttools.noaa.gov/arcgis/rest/services/encdirect/enc_coastal/MapServer/70,2026-09-20T05:40:25Z
19,20,32.5529888,-117.1276188,https://gis.charttools.noaa.gov/arcgis/rest/services/encdirect/enc_coastal/MapServer/70,2026-09-20T05:40:25Z
19,21,32.5532171,-117.1276188,https://gis.charttools.noaa.gov/arcgis/rest/services/encdirect/enc_coastal/MapServer/70,2026-09-20T05:40:25Z
19,22,32.5533480,-117.1276188,https://gis.charttools.noaa.gov/arcgis/rest/services/encdirect/enc_coastal/MapServer/70,2026-09-20T05:40:25Z
19,23,32.5533627,-117.1276188,https://gis.charttools.noaa.gov/arcgis/rest/services/encdirect/enc_coastal/MapServer/70,2026-09-20T05:40:25Z
19,24,32.5536518,-117.1275121,https://gis.charttools.noaa.gov/arcgis/rest/services/encdirect/enc_coastal/MapServer/70,2026-09-20T05:40:25Z
19,25,32.5537365,-117.1274808,https://gis.charttools.noaa.gov/arcgis/rest/services/encdirect/enc_coastal/MapServer/70,2026-09-20T05:40:25Z
19,26,32.5539902,-117.1270997,https://gis.charttools.noaa.gov/arcgis/rest/services/encdirect/enc_coastal/MapServer/70,2026-09-20T05:40:25Z
19,27,32.5539936,-117.1270946,https://gis.charttools.noaa.gov/arcgis/rest/services/encdirect/enc_coastal/MapServer/70,2026-09-20T05:40:25Z
19,28,32.5539891,-117.1268715,https://gis.charttools.noaa.gov/arcgis/rest/services/encdirect/enc_coastal/MapServer/70,2026-09-20T05:40:25Z
19,29,32.5539837,-117.1266023,https://gis.charttools.noaa.gov/arcgis/rest/services/encdirect/enc_coastal/MapServer/70,2026-09-20T05:40:25Z
19,30,32.5538079,-117.1264426,https://gis.charttools.noaa.gov/arcgis/rest/services/encdirect/enc_coastal/MapServer/70,2026-09-20T05:40:25Z
19,31,32.5531318,-117.1263149,https://gis.charttools.noaa.gov/arcgis/rest/services/encdirect/enc_coastal/MapServer/70,2026-09-20T05:40:25Z
19,32,32.5520618,-117.1259602,https://gis.charttools.noaa.gov/arcgis/rest/services/encdirect/enc_coastal/MapServer/70,2026-09-20T05:40:25Z
20,0,32.4642116,-117.1216311,https://gis.charttools.noaa.gov/arcgis/rest/services/encdirect/enc_coastal/MapServer/70,2026-09-20T05:40:25Z
20,1,32.4656195,-117.1220938,https://gis.charttools.noaa.gov/arcgis/rest/services/encdirect/enc_coastal/MapServer/70,2026-09-20T05:40:25Z
20,2,32.4663348,-117.1223352,https://gis.charttools.noaa.gov/arcgis/rest/services/encdirect/enc_coastal/MapServer/70,2026-09-20T05:40:25Z
20,3,32.4677256,-117.1229303,https://gis.charttools.noaa.gov/arcgis/rest/services/encdirect/enc_coastal/MapServer/70,2026-09-20T05:40:25Z
20,4,32.4693394,-117.1235924,https://gis.charttools.noaa.gov/arcgis/rest/services/encdirect/enc_coastal/MapServer/70,2026-09-20T05:40:25Z
20,5,32.4710467,-117.1240338,https://gis.charttools.noaa.gov/arcgis/rest/services/encdirect/enc_coastal/MapServer/70,2026-09-20T05:40:25Z
20,6,32.4723096,-117.1240614,https://gis.charttools.noaa.gov/arcgis/rest/services/encdirect/enc_coastal/MapServer/70,2026-09-20T05:40:25Z
20,7,32.4731983,-117.1238131,https://gis.charttools.noaa.gov/arcgis/rest/services/encdirect/enc_coastal/MapServer/70,2026-09-20T05:40:25Z
21,0,32.4202327,-117.2584254,https://gis.charttools.noaa.gov/arcgis/rest/services/encdirect/enc_coastal/MapServer/70,2026-09-20T05:40:25Z
21,1,32.4199913,-117.2581786,https://gis.charttools.noaa.gov/arcgis/rest/services/encdirect/enc_coastal/MapServer/70,2026-09-20T05:40:25Z
21,2,32.4197176,-117.2581217,https://gis.charttools.noaa.gov/arcgis/rest/services/encdirect/enc_coastal/MapServer/70,2026-09-20T05:40:25Z
21,3,32.4194439,-117.2581786,https://gis.charttools.noaa.gov/arcgis/rest/services/encdirect/enc_coastal/MapServer/70,2026-09-20T05:40:25Z
21,4,32.4188804,-117.2586721,https://gis.charttools.noaa.gov/arcgis/rest/services/encdirect/enc_coastal/MapServer/70,2026-09-20T05:40:25Z
21,5,32.4184457,-117.2590517,https://gis.charttools.noaa.gov/arcgis/rest/services/encdirect/enc_coastal/MapServer/70,2026-09-20T05:40:25Z
21,6,32.4180594,-117.2591087,https://gis.charttools.noaa.gov/arcgis/rest/services/encdirect/enc_coastal/MapServer/70,2026-09-20T05:40:25Z
21,7,32.4176569,-117.2589568,https://gis.charttools.noaa.gov/arcgis/rest/services/encdirect/enc_coastal/MapServer/70,2026-09-20T05:40:25Z
21,8,32.4169485,-117.2586532,https://gis.charttools.noaa.gov/arcgis/rest/services/encdirect/enc_coastal/MapServer/70,2026-09-20T05:40:25Z
21,9,32.4163528,-117.2584634,https://gis.charttools.noaa.gov/arcgis/rest/services/encdirect/enc_coastal/MapServer/70,2026-09-20T05:40:25Z
21,10,32.4159503,-117.2582735,https://gis.charttools.noaa.gov/arcgis/rest/services/encdirect/enc_coastal/MapServer/70,2026-09-20T05:40:25Z
21,11,32.4153224,-117.2584634,https://gis.charttools.noaa.gov/arcgis/rest/services/encdirect/enc_coastal/MapServer/70,2026-09-20T05:40:25Z
21,12,32.4149038,-117.2587291,https://gis.charttools.noaa.gov/arcgis/rest/services/encdirect/enc_coastal/MapServer/70,2026-09-20T05:40:25Z
21,13,32.4147750,-117.2589568,https://gis.charttools.noaa.gov/arcgis/rest/services/encdirect/enc_coastal/MapServer/70,2026-09-20T05:40:25Z
21,14,32.4149521,-117.2592226,https://gis.charttools.noaa.gov/arcgis/rest/services/encdirect/enc_coastal/MapServer/70,2026-09-20T05:40:25Z
21,15,32.4154029,-117.2595073,https://gis.charttools.noaa.gov/arcgis/rest/services/encdirect/enc_coastal/MapServer/70,2026-09-20T05:40:25Z
21,16,32.4167070,-117.2602665,https://gis.charttools.noaa.gov/arcgis/rest/services/encdirect/enc_coastal/MapServer/70,2026-09-20T05:40:25Z
21,17,32.4172544,-117.2606461,https://gis.charttools.noaa.gov/arcgis/rest/services/encdirect/enc_coastal/MapServer/70,2026-09-20T05:40:25Z
21,18,32.4176247,-117.2612724,https://gis.charttools.noaa.gov/arcgis/rest/services/encdirect/enc_coastal/MapServer/70,2026-09-20T05:40:25Z
21,19,32.4178501,-117.2613484,https://gis.charttools.noaa.gov/arcgis/rest/services/encdirect/enc_coastal/MapServer/70,2026-09-20T05:40:25Z
21,20,32.4183008,-117.2612535,https://gis.charttools.noaa.gov/arcgis/rest/services/encdirect/enc_coastal/MapServer/70,2026-09-20T05:40:25Z
21,21,32.4190092,-117.2607410,https://gis.charttools.noaa.gov/arcgis/rest/services/encdirect/enc_coastal/MapServer/70,2026-09-20T05:40:25Z
21,22,32.4197820,-117.2602475,https://gis.charttools.noaa.gov/arcgis/rest/services/encdirect/enc_coastal/MapServer/70,2026-09-20T05:40:25Z
21,23,32.4201200,-117.2596591,https://gis.charttools.noaa.gov/arcgis/rest/services/encdirect/enc_coastal/MapServer/70,2026-09-20T05:40:25Z
21,24,32.4202649,-117.2588809,https://gis.charttools.noaa.gov/arcgis/rest/services/encdirect/enc_coastal/MapServer/70,2026-09-20T05:40:25Z
21,25,32.4202327,-117.2584254,https://gis.charttools.noaa.gov/arcgis/rest/services/encdirect/enc_coastal/MapServer/70,2026-09-20T05:40:25Z
22,0,32.4829206,-117.1254821,https://gis.charttools.noaa.gov/arcgis/rest/services/encdirect/enc_coastal/MapServer/70,2026-09-20T05:40:25Z
22,1,32.4846572,-117.1262961,https://gis.charttools.noaa.gov/arcgis/rest/services/encdirect/enc_coastal/MapServer/70,2026-09-20T05:40:25Z
22,2,32.4867149,-117.1262686,https://gis.charttools.noaa.gov/arcgis/rest/services/encdirect/enc_coastal/MapServer/70,2026-09-20T05:40:25Z
22,3,32.4880945,-117.1264617,https://gis.charttools.noaa.gov/arcgis/rest/services/encdirect/enc_coastal/MapServer/70,2026-09-20T05:40:25Z
22,4,32.4902224,-117.1265445,https://gis.charttools.noaa.gov/arcgis/rest/services/encdirect/enc_coastal/MapServer/70,2026-09-20T05:40:25Z
22,5,32.4915552,-117.1270962,https://gis.charttools.noaa.gov/arcgis/rest/services/encdirect/enc_coastal/MapServer/70,2026-09-20T05:40:25Z
22,6,32.4968047,-117.1277679,https://gis.charttools.noaa.gov/arcgis/rest/services/encdirect/enc_coastal/MapServer/70,2026-09-20T05:40:25Z
22,7,32.4974879,-117.1277905,https://gis.charttools.noaa.gov/arcgis/rest/services/encdirect/enc_coastal/MapServer/70,2026-09-20T05:40:25Z
22,8,32.5004071,-117.1278871,https://gis.charttools.noaa.gov/arcgis/rest/services/encdirect/enc_coastal/MapServer/70,2026-09-20T05:40:25Z
23,0,32.5004071,-117.1278871,https://gis.charttools.noaa.gov/arcgis/rest/services/encdirect/enc_coastal/MapServer/70,2026-09-20T05:40:25Z
23,1,32.5050126,-117.1274604,https://gis.charttools.noaa.gov/arcgis/rest/services/encdirect/enc_coastal/MapServer/70,2026-09-20T05:40:25Z
23,2,32.5104662,-117.1261097,https://gis.charttools.noaa.gov/arcgis/rest/services/encdirect/enc_coastal/MapServer/70,2026-09-20T05:40:25Z
23,3,32.5170302,-117.1258316,https://gis.charttools.noaa.gov/arcgis/rest/services/encdirect/enc_coastal/MapServer/70,2026-09-20T05:40:25Z
23,4,32.5224831,-117.1256726,https://gis.charttools.noaa.gov/arcgis/rest/services/encdirect/enc_coastal/MapServer/70,2026-09-20T05:40:25Z
23,5,32.5281176,-117.1257069,https://gis.charttools.noaa.gov/arcgis/rest/services/encdirect/enc_coastal/MapServer/70,2026-09-20T05:40:25Z
23,6,32.5294031,-117.1256793,https://gis.charttools.noaa.gov/arcgis/rest/services/encdirect/enc_coastal/MapServer/70,2026-09-20T05:40:25Z
23,7,32.5308240,-117.1252547,https://gis.charttools.noaa.gov/arcgis/rest/services/encdirect/enc_coastal/MapServer/70,2026-09-20T05:40:25Z
24,0,32.6591704,-117.1171371,https://gis.charttools.noaa.gov/arcgis/rest/services/encdirect/enc_coastal/MapServer/70,2026-09-20T05:40:25Z
24,1,32.6581739,-117.1170491,https://gis.charttools.noaa.gov/arcgis/rest/services/encdirect/enc_coastal/MapServer/70,2026-09-20T05:40:25Z
24,2,32.6573044,-117.1175621,https://gis.charttools.noaa.gov/arcgis/rest/services/encdirect/enc_coastal/MapServer/70,2026-09-20T05:40:25Z
25,0,32.4358387,-117.2965531,https://gis.charttools.noaa.gov/arcgis/rest/services/encdirect/enc_coastal/MapServer/70,2026-09-20T05:40:25Z
25,1,32.4368778,-117.2973350,https://gis.charttools.noaa.gov/arcgis/rest/services/encdirect/enc_coastal/MapServer/70,2026-09-20T05:40:25Z
25,2,32.4376660,-117.2980329,https://gis.charttools.noaa.gov/arcgis/rest/services/encdirect/enc_coastal/MapServer/70,2026-09-20T05:40:25Z
25,3,32.4383645,-117.2987305,https://gis.charttools.noaa.gov/arcgis/rest/services/encdirect/enc_coastal/MapServer/70,2026-09-20T05:40:25Z
25,4,32.4386870,-117.2988363,https://gis.charttools.noaa.gov/arcgis/rest/services/encdirect/enc_coastal/MapServer/70,2026-09-20T05:40:25Z
25,5,32.4391423,-117.2989231,https://gis.charttools.noaa.gov/arcgis/rest/services/encdirect/enc_coastal/MapServer/70,2026-09-20T05:40:25Z
25,6,32.4403426,-117.2991134,https://gis.charttools.noaa.gov/arcgis/rest/services/encdirect/enc_coastal/MapServer/70,2026-09-20T05:40:25Z
25,7,32.4410948,-117.2993246,https://gis.charttools.noaa.gov/arcgis/rest/services/encdirect/enc_coastal/MapServer/70,2026-09-20T05:40:25Z
25,8,32.4416501,-117.2995783,https://gis.charttools.noaa.gov/arcgis/rest/services/encdirect/enc_coastal/MapServer/70,2026-09-20T05:40:25Z
25,9,32.4419368,-117.2997898,https://gis.charttools.noaa.gov/arcgis/rest/services/encdirect/enc_coastal/MapServer/70,2026-09-20T05:40:25Z
25,10,32.4426353,-117.3006777,https://gis.charttools.noaa.gov/arcgis/rest/services/encdirect/enc_coastal/MapServer/70,2026-09-20T05:40:25Z
25,11,32.4430653,-117.3011641,https://gis.charttools.noaa.gov/arcgis/rest/services/encdirect/enc_coastal/MapServer/70,2026-09-20T05:40:25Z
25,12,32.4433161,-117.3013330,https://gis.charttools.noaa.gov/arcgis/rest/services/encdirect/enc_coastal/MapServer/70,2026-09-20T05:40:25Z
25,13,32.4438176,-117.3013967,https://gis.charttools.noaa.gov/arcgis/rest/services/encdirect/enc_coastal/MapServer/70,2026-09-20T05:40:25Z
25,14,32.4443012,-117.3013544,https://gis.charttools.noaa.gov/arcgis/rest/services/encdirect/enc_coastal/MapServer/70,2026-09-20T05:40:25Z
25,15,32.4447669,-117.3012696,https://gis.charttools.noaa.gov/arcgis/rest/services/encdirect/enc_coastal/MapServer/70,2026-09-20T05:40:25Z
25,16,32.4454253,-117.3010232,https://gis.charttools.noaa.gov/arcgis/rest/services/encdirect/enc_coastal/MapServer/70,2026-09-20T05:40:25Z
25,17,32.4455013,-117.3009947,https://gis.charttools.noaa.gov/arcgis/rest/services/encdirect/enc_coastal/MapServer/70,2026-09-20T05:40:25Z
25,18,32.4462628,-117.3007839,https://gis.charttools.noaa.gov/arcgis/rest/services/encdirect/enc_coastal/MapServer/70,2026-09-20T05:40:25Z
25,19,32.4465314,-117.3006571,https://gis.charttools.noaa.gov/arcgis/rest/services/encdirect/enc_coastal/MapServer/70,2026-09-20T05:40:25Z
25,20,32.4466748,-117.3005090,https://gis.charttools.noaa.gov/arcgis/rest/services/encdirect/enc_coastal/MapServer/70,2026-09-20T05:40:25Z
25,21,32.4467823,-117.3001919,https://gis.charttools.noaa.gov/arcgis/rest/services/encdirect/enc_coastal/MapServer/70,2026-09-20T05:40:25Z
25,22,32.4468181,-117.2998537,https://gis.charttools.noaa.gov/arcgis/rest/services/encdirect/enc_coastal/MapServer/70,2026-09-20T05:40:25Z
25,23,32.4467286,-117.2995366,https://gis.charttools.noaa.gov/arcgis/rest/services/encdirect/enc_coastal/MapServer/70,2026-09-20T05:40:25Z
25,24,32.4464956,-117.2991559,https://gis.charttools.noaa.gov/arcgis/rest/services/encdirect/enc_coastal/MapServer/70,2026-09-20T05:40:25Z
25,25,32.4459045,-117.2985006,https://gis.charttools.noaa.gov/arcgis/rest/services/encdirect/enc_coastal/MapServer/70,2026-09-20T05:40:25Z
25,26,32.4455635,-117.2982381,https://gis.charttools.noaa.gov/arcgis/rest/services/encdirect/enc_coastal/MapServer/70,2026-09-20T05:40:25Z
25,27,32.4454926,-117.2981835,https://gis.charttools.noaa.gov/arcgis/rest/services/encdirect/enc_coastal/MapServer/70,2026-09-20T05:40:25Z
25,28,32.4452956,-117.2980991,https://gis.charttools.noaa.gov/arcgis/rest/services/encdirect/enc_coastal/MapServer/70,2026-09-20T05:40:25Z
25,29,32.4449731,-117.2980566,https://gis.charttools.noaa.gov/arcgis/rest/services/encdirect/enc_coastal/MapServer/70,2026-09-20T05:40:25Z
25,30,32.4444358,-117.2981835,https://gis.charttools.noaa.gov/arcgis/rest/services/encdirect/enc_coastal/MapServer/70,2026-09-20T05:40:25Z
25,31,32.4435402,-117.2983739,https://gis.charttools.noaa.gov/arcgis/rest/services/encdirect/enc_coastal/MapServer/70,2026-09-20T05:40:25Z
25,32,32.4431282,-117.2984161,https://gis.charttools.noaa.gov/arcgis/rest/services/encdirect/enc_coastal/MapServer/70,2026-09-20T05:40:25Z
25,33,32.4428773,-117.2983739,https://gis.charttools.noaa.gov/arcgis/rest/services/encdirect/enc_coastal/MapServer/70,2026-09-20T05:40:25Z
25,34,32.4423221,-117.2981202,https://gis.charttools.noaa.gov/arcgis/rest/services/encdirect/enc_coastal/MapServer/70,2026-09-20T05:40:25Z
25,35,32.4415785,-117.2976738,https://gis.charttools.noaa.gov/arcgis/rest/services/encdirect/enc_coastal/MapServer/70,2026-09-20T05:40:25Z
25,36,32.4411486,-117.2972934,https://gis.charttools.noaa.gov/arcgis/rest/services/encdirect/enc_coastal/MapServer/70,2026-09-20T05:40:25Z
25,37,32.4405576,-117.2968704,https://gis.charttools.noaa.gov/arcgis/rest/services/encdirect/enc_coastal/MapServer/70,2026-09-20T05:40:25Z
25,38,32.4400917,-117.2966170,https://gis.charttools.noaa.gov/arcgis/rest/services/encdirect/enc_coastal/MapServer/70,2026-09-20T05:40:25Z
25,39,32.4388916,-117.2963210,https://gis.charttools.noaa.gov/arcgis/rest/services/encdirect/enc_coastal/MapServer/70,2026-09-20T05:40:25Z
25,40,32.4373614,-117.2960034,https://gis.charttools.noaa.gov/arcgis/rest/services/encdirect/enc_coastal/MapServer/70,2026-09-20T05:40:25Z
25,41,32.4368061,-117.2957919,https://gis.charttools.noaa.gov/arcgis/rest/services/encdirect/enc_coastal/MapServer/70,2026-09-20T05:40:25Z
25,42,32.4366269,-117.2956652,https://gis.charttools.noaa.gov/arcgis/rest/services/encdirect/enc_coastal/MapServer/70,2026-09-20T05:40:25Z
25,43,32.4364284,-117.2954308,https://gis.charttools.noaa.gov/arcgis/rest/services/encdirect/enc_coastal/MapServer/70,2026-09-20T05:40:25Z
25,44,32.4360895,-117.2950307,https://gis.charttools.noaa.gov/arcgis/rest/services/encdirect/enc_coastal/MapServer/70,2026-09-20T05:40:25Z
25,45,32.4357671,-117.2947770,https://gis.charttools.noaa.gov/arcgis/rest/services/encdirect/enc_coastal/MapServer/70,2026-09-20T05:40:25Z
25,46,32.4356237,-117.2947347,https://gis.charttools.noaa.gov/arcgis/rest/services/encdirect/enc_coastal/MapServer/70,2026-09-20T05:40:25Z
25,47,32.4354805,-117.2947347,https://gis.charttools.noaa.gov/arcgis/rest/services/encdirect/enc_coastal/MapServer/70,2026-09-20T05:40:25Z
25,48,32.4353372,-117.2948407,https://gis.charttools.noaa.gov/arcgis/rest/services/encdirect/enc_coastal/MapServer/70,2026-09-20T05:40:25Z
25,49,32.4350685,-117.2953478,https://gis.charttools.noaa.gov/arcgis/rest/services/encdirect/enc_coastal/MapServer/70,2026-09-20T05:40:25Z
25,50,32.4350325,-117.2955171,https://gis.charttools.noaa.gov/arcgis/rest/services/encdirect/enc_coastal/MapServer/70,2026-09-20T05:40:25Z
25,51,32.4350685,-117.2956652,https://gis.charttools.noaa.gov/arcgis/rest/services/encdirect/enc_coastal/MapServer/70,2026-09-20T05:40:25Z
25,52,32.4351222,-117.2958553,https://gis.charttools.noaa.gov/arcgis/rest/services/encdirect/enc_coastal/MapServer/70,2026-09-20T05:40:25Z
25,53,32.4353192,-117.2961090,https://gis.charttools.noaa.gov/arcgis/rest/services/encdirect/enc_coastal/MapServer/70,2026-09-20T05:40:25Z
25,54,32.4358387,-117.2965531,https://gis.charttools.noaa.gov/arcgis/rest/services/encdirect/enc_coastal/MapServer/70,2026-09-20T05:40:25Z
26,0,32.4358387,-117.2965531,https://gis.charttools.noaa.gov/arcgis/rest/services/encdirect/enc_coastal/MapServer/70,2026-09-20T05:40:25Z
26,1,32.4368778,-117.2973350,https://gis.charttools.noaa.gov/arcgis/rest/services/encdirect/enc_coastal/MapServer/70,2026-09-20T05:40:25Z
26,2,32.4376660,-117.2980329,https://gis.charttools.noaa.gov/arcgis/rest/services/encdirect/enc_coastal/MapServer/70,2026-09-20T05:40:25Z
26,3,32.4383645,-117.2987305,https://gis.charttools.noaa.gov/arcgis/rest/services/encdirect/enc_coastal/MapServer/70,2026-09-20T05:40:25Z
26,4,32.4386870,-117.2988363,https://gis.charttools.noaa.gov/arcgis/rest/services/encdirect/enc_coastal/MapServer/70,2026-09-20T05:40:25Z
26,5,32.4391423,-117.2989231,https://gis.charttools.noaa.gov/arcgis/rest/services/encdirect/enc_coastal/MapServer/70,2026-09-20T05:40:25Z
26,6,32.4403426,-117.2991134,https://gis.charttools.noaa.gov/arcgis/rest/services/encdirect/enc_coastal/MapServer/70,2026-09-20T05:40:25Z
26,7,32.4410948,-117.2993246,https://gis.charttools.noaa.gov/arcgis/rest/services/encdirect/enc_coastal/MapServer/70,2026-09-20T05:40:25Z
26,8,32.4416501,-117.2995783,https://gis.charttools.noaa.gov/arcgis/rest/services/encdirect/enc_coastal/MapServer/70,2026-09-20T05:40:25Z
26,9,32.4419368,-117.2997898,https://gis.charttools.noaa.gov/arcgis/rest/services/encdirect/enc_coastal/MapServer/70,2026-09-20T05:40:25Z
26,10,32.4426353,-117.3006777,https://gis.charttools.noaa.gov/arcgis/rest/services/encdirect/enc_coastal/MapServer/70,2026-09-20T05:40:25Z
26,11,32.4430653,-117.3011641,https://gis.charttools.noaa.gov/arcgis/rest/services/encdirect/enc_coastal/MapServer/70,2026-09-20T05:40:25Z
26,12,32.4433161,-117.3013330,https://gis.charttools.noaa.gov/arcgis/rest/services/encdirect/enc_coastal/MapServer/70,2026-09-20T05:40:25Z
26,13,32.4438176,-117.3013967,https://gis.charttools.noaa.gov/arcgis/rest/services/encdirect/enc_coastal/MapServer/70,2026-09-20T05:40:25Z
26,14,32.4443012,-117.3013544,https://gis.charttools.noaa.gov/arcgis/rest/services/encdirect/enc_coastal/MapServer/70,2026-09-20T05:40:25Z
26,15,32.4447669,-117.3012696,https://gis.charttools.noaa.gov/arcgis/rest/services/encdirect/enc_coastal/MapServer/70,2026-09-20T05:40:25Z
26,16,32.4454253,-117.3010232,https://gis.charttools.noaa.gov/arcgis/rest/services/encdirect/enc_coastal/MapServer/70,2026-09-20T05:40:25Z
26,17,32.4455013,-117.3009947,https://gis.charttools.noaa.gov/arcgis/rest/services/encdirect/enc_coastal/MapServer/70,2026-09-20T05:40:25Z
26,18,32.4462628,-117.3007839,https://gis.charttools.noaa.gov/arcgis/rest/services/encdirect/enc_coastal/MapServer/70,2026-09-20T05:40:25Z
26,19,32.4465314,-117.3006571,https://gis.charttools.noaa.gov/arcgis/rest/services/encdirect/enc_coastal/MapServer/70,2026-09-20T05:40:25Z
26,20,32.4466748,-117.3005090,https://gis.charttools.noaa.gov/arcgis/rest/services/encdirect/enc_coastal/MapServer/70,2026-09-20T05:40:25Z
26,21,32.4467823,-117.3001919,https://gis.charttools.noaa.gov/arcgis/rest/services/encdirect/enc_coastal/MapServer/70,2026-09-20T05:40:25Z
26,22,32.4468181,-117.2998537,https://gis.charttools.noaa.gov/arcgis/rest/services/encdirect/enc_coastal/MapServer/70,2026-09-20T05:40:25Z
26,23,32.4467286,-117.2995366,https://gis.charttools.noaa.gov/arcgis/rest/services/encdirect/enc_coastal/MapServer/70,2026-09-20T05:40:25Z
26,24,32.4464956,-117.2991559,https://gis.charttools.noaa.gov/arcgis/rest/services/encdirect/enc_coastal/MapServer/70,2026-09-20T05:40:25Z
26,25,32.4459045,-117.2985006,https://gis.charttools.noaa.gov/arcgis/rest/services/encdirect/enc_coastal/MapServer/70,2026-09-20T05:40:25Z
26,26,32.4455635,-117.2982381,https://gis.charttools.noaa.gov/arcgis/rest/services/encdirect/enc_coastal/MapServer/70,2026-09-20T05:40:25Z
26,27,32.4454926,-117.2981835,https://gis.charttools.noaa.gov/arcgis/rest/services/encdirect/enc_coastal/MapServer/70,2026-09-20T05:40:25Z
26,28,32.4452956,-117.2980991,https://gis.charttools.noaa.gov/arcgis/rest/services/encdirect/enc_coastal/MapServer/70,2026-09-20T05:40:25Z
26,29,32.4449731,-117.2980566,https://gis.charttools.noaa.gov/arcgis/rest/services/encdirect/enc_coastal/MapServer/70,2026-09-20T05:40:25Z
26,30,32.4444358,-117.2981835,https://gis.charttools.noaa.gov/arcgis/rest/services/encdirect/enc_coastal/MapServer/70,2026-09-20T05:40:25Z
26,31,32.4435402,-117.2983739,https://gis.charttools.noaa.gov/arcgis/rest/services/encdirect/enc_coastal/MapServer/70,2026-09-20T05:40:25Z
26,32,32.4431282,-117.2984161,https://gis.charttools.noaa.gov/arcgis/rest/services/encdirect/enc_coastal/MapServer/70,2026-09-20T05:40:25Z
26,33,32.4428773,-117.2983739,https://gis.charttools.noaa.gov/arcgis/rest/services/encdirect/enc_coastal/MapServer/70,2026-09-20T05:40:25Z
26,34,32.4423221,-117.2981202,https://gis.charttools.noaa.gov/arcgis/rest/services/encdirect/enc_coastal/MapServer/70,2026-09-20T05:40:25Z
26,35,32.4415785,-117.2976738,https://gis.charttools.noaa.gov/arcgis/rest/services/encdirect/enc_coastal/MapServer/70,2026-09-20T05:40:25Z
26,36,32.4411486,-117.2972934,https://gis.charttools.noaa.gov/arcgis/rest/services/encdirect/enc_coastal/MapServer/70,2026-09-20T05:40:25Z
26,37,32.4405576,-117.2968704,https://gis.charttools.noaa.gov/arcgis/rest/services/encdirect/enc_coastal/MapServer/70,2026-09-20T05:40:25Z
26,38,32.4400917,-117.2966170,https://gis.charttools.noaa.gov/arcgis/rest/services/encdirect/enc_coastal/MapServer/70,2026-09-20T05:40:25Z
26,39,32.4388916,-117.2963210,https://gis.charttools.noaa.gov/arcgis/rest/services/encdirect/enc_coastal/MapServer/70,2026-09-20T05:40:25Z
26,40,32.4373614,-117.2960034,https://gis.charttools.noaa.gov/arcgis/rest/services/encdirect/enc_coastal/MapServer/70,2026-09-20T05:40:25Z
26,41,32.4368061,-117.2957919,https://gis.charttools.noaa.gov/arcgis/rest/services/encdirect/enc_coastal/MapServer/70,2026-09-20T05:40:25Z
26,42,32.4366269,-117.2956652,https://gis.charttools.noaa.gov/arcgis/rest/services/encdirect/enc_coastal/MapServer/70,2026-09-20T05:40:25Z
26,43,32.4364284,-117.2954308,https://gis.charttools.noaa.gov/arcgis/rest/services/encdirect/enc_coastal/MapServer/70,2026-09-20T05:40:25Z
26,44,32.4360895,-117.2950307,https://gis.charttools.noaa.gov/arcgis/rest/services/encdirect/enc_coastal/MapServer/70,2026-09-20T05:40:25Z
26,45,32.4357671,-117.2947770,https://gis.charttools.noaa.gov/arcgis/rest/services/encdirect/enc_coastal/MapServer/70,2026-09-20T05:40:25Z
26,46,32.4356237,-117.2947347,https://gis.charttools.noaa.gov/arcgis/rest/services/encdirect/enc_coastal/MapServer/70,2026-09-20T05:40:25Z
26,47,32.4354805,-117.2947347,https://gis.charttools.noaa.gov/arcgis/rest/services/encdirect/enc_coastal/MapServer/70,2026-09-20T05:40:25Z
26,48,32.4353372,-117.2948407,https://gis.charttools.noaa.gov/arcgis/rest/services/encdirect/enc_coastal/MapServer/70,2026-09-20T05:40:25Z
26,49,32.4350685,-117.2953478,https://gis.charttools.noaa.gov/arcgis/rest/services/encdirect/enc_coastal/MapServer/70,2026-09-20T05:40:25Z
26,50,32.4350325,-117.2955171,https://gis.charttools.noaa.gov/arcgis/rest/services/encdirect/enc_coastal/MapServer/70,2026-09-20T05:40:25Z
26,51,32.4350685,-117.2956652,https://gis.charttools.noaa.gov/arcgis/rest/services/encdirect/enc_coastal/MapServer/70,2026-09-20T05:40:25Z
26,52,32.4351222,-117.2958553,https://gis.charttools.noaa.gov/arcgis/rest/services/encdirect/enc_coastal/MapServer/70,2026-09-20T05:40:25Z
26,53,32.4353192,-117.2961090,https://gis.charttools.noaa.gov/arcgis/rest/services/encdirect/enc_coastal/MapServer/70,2026-09-20T05:40:25Z
26,54,32.4358387,-117.2965531,https://gis.charttools.noaa.gov/arcgis/rest/services/encdirect/enc_coastal/MapServer/70,2026-09-20T05:40:25Z
27,0,32.4199913,-117.2581786,https://gis.charttools.noaa.gov/arcgis/rest/services/encdirect/enc_coastal/MapServer/70,2026-09-20T05:40:25Z
27,1,32.4197176,-117.2581217,https://gis.charttools.noaa.gov/arcgis/rest/services/encdirect/enc_coastal/MapServer/70,2026-09-20T05:40:25Z
27,2,32.4194439,-117.2581786,https://gis.charttools.noaa.gov/arcgis/rest/services/encdirect/enc_coastal/MapServer/70,2026-09-20T05:40:25Z
27,3,32.4188804,-117.2586721,https://gis.charttools.noaa.gov/arcgis/rest/services/encdirect/enc_coastal/MapServer/70,2026-09-20T05:40:25Z
27,4,32.4184457,-117.2590517,https://gis.charttools.noaa.gov/arcgis/rest/services/encdirect/enc_coastal/MapServer/70,2026-09-20T05:40:25Z
27,5,32.4180594,-117.2591087,https://gis.charttools.noaa.gov/arcgis/rest/services/encdirect/enc_coastal/MapServer/70,2026-09-20T05:40:25Z
27,6,32.4176569,-117.2589568,https://gis.charttools.noaa.gov/arcgis/rest/services/encdirect/enc_coastal/MapServer/70,2026-09-20T05:40:25Z
27,7,32.4169485,-117.2586532,https://gis.charttools.noaa.gov/arcgis/rest/services/encdirect/enc_coastal/MapServer/70,2026-09-20T05:40:25Z
27,8,32.4163528,-117.2584634,https://gis.charttools.noaa.gov/arcgis/rest/services/encdirect/enc_coastal/MapServer/70,2026-09-20T05:40:25Z
27,9,32.4159503,-117.2582735,https://gis.charttools.noaa.gov/arcgis/rest/services/encdirect/enc_coastal/MapServer/70,2026-09-20T05:40:25Z
27,10,32.4153224,-117.2584634,https://gis.charttools.noaa.gov/arcgis/rest/services/encdirect/enc_coastal/MapServer/70,2026-09-20T05:40:25Z
27,11,32.4149038,-117.2587291,https://gis.charttools.noaa.gov/arcgis/rest/services/encdirect/enc_coastal/MapServer/70,2026-09-20T05:40:25Z
27,12,32.4147750,-117.2589568,https://gis.charttools.noaa.gov/arcgis/rest/services/encdirect/enc_coastal/MapServer/70,2026-09-20T05:40:25Z
27,13,32.4149521,-117.2592226,https://gis.charttools.noaa.gov/arcgis/rest/services/encdirect/enc_coastal/MapServer/70,2026-09-20T05:40:25Z
27,14,32.4154029,-117.2595073,https://gis.charttools.noaa.gov/arcgis/rest/services/encdirect/enc_coastal/MapServer/70,2026-09-20T05:40:25Z
27,15,32.4167070,-117.2602665,https://gis.charttools.noaa.gov/arcgis/rest/services/encdirect/enc_coastal/MapServer/70,2026-09-20T05:40:25Z
27,16,32.4172544,-117.2606461,https://gis.charttools.noaa.gov/arcgis/rest/services/encdirect/enc_coastal/MapServer/70,2026-09-20T05:40:25Z
27,17,32.4176247,-117.2612724,https://gis.charttools.noaa.gov/arcgis/rest/services/encdirect/enc_coastal/MapServer/70,2026-09-20T05:40:25Z
27,18,32.4178501,-117.2613484,https://gis.charttools.noaa.gov/arcgis/rest/services/encdirect/enc_coastal/MapServer/70,2026-09-20T05:40:25Z
27,19,32.4183008,-117.2612535,https://gis.charttools.noaa.gov/arcgis/rest/services/encdirect/enc_coastal/MapServer/70,2026-09-20T05:40:25Z
27,20,32.4190092,-117.2607410,https://gis.charttools.noaa.gov/arcgis/rest/services/encdirect/enc_coastal/MapServer/70,2026-09-20T05:40:25Z
27,21,32.4197820,-117.2602475,https://gis.charttools.noaa.gov/arcgis/rest/services/encdirect/enc_coastal/MapServer/70,2026-09-20T05:40:25Z
27,22,32.4201200,-117.2596591,https://gis.charttools.noaa.gov/arcgis/rest/services/encdirect/enc_coastal/MapServer/70,2026-09-20T05:40:25Z
27,23,32.4202649,-117.2588809,https://gis.charttools.noaa.gov/arcgis/rest/services/encdirect/enc_coastal/MapServer/70,2026-09-20T05:40:25Z
27,24,32.4202327,-117.2584254,https://gis.charttools.noaa.gov/arcgis/rest/services/encdirect/enc_coastal/MapServer/70,2026-09-20T05:40:25Z
27,25,32.4199913,-117.2581786,https://gis.charttools.noaa.gov/arcgis/rest/services/encdirect/enc_coastal/MapServer/70,2026-09-20T05:40:25Z
28,0,32.6247309,-117.1297182,https://gis.charttools.noaa.gov/arcgis/rest/services/encdirect/enc_coastal/MapServer/70,2026-09-20T05:40:25Z
28,1,32.6254742,-117.1296303,https://gis.charttools.noaa.gov/arcgis/rest/services/encdirect/enc_coastal/MapServer/70,2026-09-20T05:40:25Z
28,2,32.6265297,-117.1297360,https://gis.charttools.noaa.gov/arcgis/rest/services/encdirect/enc_coastal/MapServer/70,2026-09-20T05:40:25Z
28,3,32.6269608,-117.1297886,https://gis.charttools.noaa.gov/arcgis/rest/services/encdirect/enc_coastal/MapServer/70,2026-09-20T05:40:25Z
28,4,32.6271089,-117.1297558,https://gis.charttools.noaa.gov/arcgis/rest/services/encdirect/enc_coastal/MapServer/70,2026-09-20T05:40:25Z
28,5,32.6271567,-117.1297453,https://gis.charttools.noaa.gov/arcgis/rest/services/encdirect/enc_coastal/MapServer/70,2026-09-20T05:40:25Z
28,6,32.6271986,-117.1297360,https://gis.charttools.noaa.gov/arcgis/rest/services/encdirect/enc_coastal/MapServer/70,2026-09-20T05:40:25Z
28,7,32.6274216,-117.1296129,https://gis.charttools.noaa.gov/arcgis/rest/services/encdirect/enc_coastal/MapServer/70,2026-09-20T05:40:25Z
28,8,32.6275554,-117.1294721,https://gis.charttools.noaa.gov/arcgis/rest/services/encdirect/enc_coastal/MapServer/70,2026-09-20T05:40:25Z
28,9,32.6275851,-117.1293842,https://gis.charttools.noaa.gov/arcgis/rest/services/encdirect/enc_coastal/MapServer/70,2026-09-20T05:40:25Z
28,10,32.6275851,-117.1292085,https://gis.charttools.noaa.gov/arcgis/rest/services/encdirect/enc_coastal/MapServer/70,2026-09-20T05:40:25Z
28,11,32.6272877,-117.1283471,https://gis.charttools.noaa.gov/arcgis/rest/services/encdirect/enc_coastal/MapServer/70,2026-09-20T05:40:25Z
28,12,32.6271986,-117.1282415,https://gis.charttools.noaa.gov/arcgis/rest/services/encdirect/enc_coastal/MapServer/70,2026-09-20T05:40:25Z
28,13,32.6256081,-117.1275909,https://gis.charttools.noaa.gov/arcgis/rest/services/encdirect/enc_coastal/MapServer/70,2026-09-20T05:40:25Z
28,14,32.6253702,-117.1275031,https://gis.charttools.noaa.gov/arcgis/rest/services/encdirect/enc_coastal/MapServer/70,2026-09-20T05:40:25Z
28,15,32.6248648,-117.1274505,https://gis.charttools.noaa.gov/arcgis/rest/services/encdirect/enc_coastal/MapServer/70,2026-09-20T05:40:25Z
28,16,32.6237350,-117.1274327,https://gis.charttools.noaa.gov/arcgis/rest/services/encdirect/enc_coastal/MapServer/70,2026-09-20T05:40:25Z
28,17,32.6233634,-117.1273626,https://gis.charttools.noaa.gov/arcgis/rest/services/encdirect/enc_coastal/MapServer/70,2026-09-20T05:40:25Z
28,18,32.6230066,-117.1271866,https://gis.charttools.noaa.gov/arcgis/rest/services/encdirect/enc_coastal/MapServer/70,2026-09-20T05:40:25Z
28,19,32.6227241,-117.1270988,https://gis.charttools.noaa.gov/arcgis/rest/services/encdirect/enc_coastal/MapServer/70,2026-09-20T05:40:25Z
28,20,32.6226052,-117.1270988,https://gis.charttools.noaa.gov/arcgis/rest/services/encdirect/enc_coastal/MapServer/70,2026-09-20T05:40:25Z
28,21,32.6224120,-117.1271514,https://gis.charttools.noaa.gov/arcgis/rest/services/encdirect/enc_coastal/MapServer/70,2026-09-20T05:40:25Z
28,22,32.6222931,-117.1272570,https://gis.charttools.noaa.gov/arcgis/rest/services/encdirect/enc_coastal/MapServer/70,2026-09-20T05:40:25Z
28,23,32.6220403,-117.1275909,https://gis.charttools.noaa.gov/arcgis/rest/services/encdirect/enc_coastal/MapServer/70,2026-09-20T05:40:25Z
28,24,32.6219511,-117.1278548,https://gis.charttools.noaa.gov/arcgis/rest/services/encdirect/enc_coastal/MapServer/70,2026-09-20T05:40:25Z
28,25,32.6219363,-117.1280832,https://gis.charttools.noaa.gov/arcgis/rest/services/encdirect/enc_coastal/MapServer/70,2026-09-20T05:40:25Z
28,26,32.6219808,-117.1283293,https://gis.charttools.noaa.gov/arcgis/rest/services/encdirect/enc_coastal/MapServer/70,2026-09-20T05:40:25Z
28,27,32.6220850,-117.1285228,https://gis.charttools.noaa.gov/arcgis/rest/services/encdirect/enc_coastal/MapServer/70,2026-09-20T05:40:25Z
28,28,32.6221710,-117.1286334,https://gis.charttools.noaa.gov/arcgis/rest/services/encdirect/enc_coastal/MapServer/70,2026-09-20T05:40:25Z
28,29,32.6224269,-117.1289624,https://gis.charttools.noaa.gov/arcgis/rest/services/encdirect/enc_coastal/MapServer/70,2026-09-20T05:40:25Z
28,30,32.6230809,-117.1294019,https://gis.charttools.noaa.gov/arcgis/rest/services/encdirect/enc_coastal/MapServer/70,2026-09-20T05:40:25Z
28,31,32.6234080,-117.1295599,https://gis.charttools.noaa.gov/arcgis/rest/services/encdirect/enc_coastal/MapServer/70,2026-09-20T05:40:25Z
28,32,32.6237647,-117.1296481,https://gis.charttools.noaa.gov/arcgis/rest/services/encdirect/enc_coastal/MapServer/70,2026-09-20T05:40:25Z
28,33,32.6247309,-117.1297182,https://gis.charttools.noaa.gov/arcgis/rest/services/encdirect/enc_coastal/MapServer/70,2026-09-20T05:40:25Z
29,0,32.6522480,-117.1450546,https://gis.charttools.noaa.gov/arcgis/rest/services/encdirect/enc_coastal/MapServer/70,2026-09-20T05:40:25Z
29,1,32.6520787,-117.1448828,https://gis.charttools.noaa.gov/arcgis/rest/services/encdirect/enc_coastal/MapServer/70,2026-09-20T05:40:25Z
29,2,32.6512560,-117.1443962,https://gis.charttools.noaa.gov/arcgis/rest/services/encdirect/enc_coastal/MapServer/70,2026-09-20T05:40:25Z
29,3,32.6481435,-117.1427868,https://gis.charttools.noaa.gov/arcgis/rest/services/encdirect/enc_coastal/MapServer/70,2026-09-20T05:40:25Z
29,4,32.6457963,-117.1414416,https://gis.charttools.noaa.gov/arcgis/rest/services/encdirect/enc_coastal/MapServer/70,2026-09-20T05:40:25Z
29,5,32.6439326,-117.1405478,https://gis.charttools.noaa.gov/arcgis/rest/services/encdirect/enc_coastal/MapServer/70,2026-09-20T05:40:25Z
29,6,32.6438026,-117.1404453,https://gis.charttools.noaa.gov/arcgis/rest/services/encdirect/enc_coastal/MapServer/70,2026-09-20T05:40:25Z
29,7,32.6437593,-117.1403172,https://gis.charttools.noaa.gov/arcgis/rest/services/encdirect/enc_coastal/MapServer/70,2026-09-20T05:40:25Z
29,8,32.6438243,-117.1398815,https://gis.charttools.noaa.gov/arcgis/rest/services/encdirect/enc_coastal/MapServer/70,2026-09-20T05:40:25Z
29,9,32.6438243,-117.1397534,https://gis.charttools.noaa.gov/arcgis/rest/services/encdirect/enc_coastal/MapServer/70,2026-09-20T05:40:25Z
29,10,32.6437809,-117.1395484,https://gis.charttools.noaa.gov/arcgis/rest/services/encdirect/enc_coastal/MapServer/70,2026-09-20T05:40:25Z
29,11,32.6435211,-117.1393693,https://gis.charttools.noaa.gov/arcgis/rest/services/encdirect/enc_coastal/MapServer/70,2026-09-20T05:40:25Z
29,12,32.6432394,-117.1393436,https://gis.charttools.noaa.gov/arcgis/rest/services/encdirect/enc_coastal/MapServer/70,2026-09-20T05:40:25Z
29,13,32.6424381,-117.1394718,https://gis.charttools.noaa.gov/arcgis/rest/services/encdirect/enc_coastal/MapServer/70,2026-09-20T05:40:25Z
29,14,32.6418317,-117.1395227,https://gis.charttools.noaa.gov/arcgis/rest/services/encdirect/enc_coastal/MapServer/70,2026-09-20T05:40:25Z
29,15,32.6415501,-117.1394718,https://gis.charttools.noaa.gov/arcgis/rest/services/encdirect/enc_coastal/MapServer/70,2026-09-20T05:40:25Z
29,16,32.6404457,-117.1389337,https://gis.charttools.noaa.gov/arcgis/rest/services/encdirect/enc_coastal/MapServer/70,2026-09-20T05:40:25Z
29,17,32.6392110,-117.1383189,https://gis.charttools.noaa.gov/arcgis/rest/services/encdirect/enc_coastal/MapServer/70,2026-09-20T05:40:25Z
29,18,32.6386912,-117.1379601,https://gis.charttools.noaa.gov/arcgis/rest/services/encdirect/enc_coastal/MapServer/70,2026-09-20T05:40:25Z
29,19,32.6385395,-117.1379089,https://gis.charttools.noaa.gov/arcgis/rest/services/encdirect/enc_coastal/MapServer/70,2026-09-20T05:40:25Z
29,20,32.6383664,-117.1379345,https://gis.charttools.noaa.gov/arcgis/rest/services/encdirect/enc_coastal/MapServer/70,2026-09-20T05:40:25Z
29,21,32.6383013,-117.1380626,https://gis.charttools.noaa.gov/arcgis/rest/services/encdirect/enc_coastal/MapServer/70,2026-09-20T05:40:25Z
29,22,32.6382581,-117.1384980,https://gis.charttools.noaa.gov/arcgis/rest/services/encdirect/enc_coastal/MapServer/70,2026-09-20T05:40:25Z
29,23,32.6382436,-117.1385954,https://gis.charttools.noaa.gov/arcgis/rest/services/encdirect/enc_coastal/MapServer/70,2026-09-20T05:40:25Z
29,24,32.6382433,-117.1385973,https://gis.charttools.noaa.gov/arcgis/rest/services/encdirect/enc_coastal/MapServer/70,2026-09-20T05:40:25Z
29,25,32.6382344,-117.1386564,https://gis.charttools.noaa.gov/arcgis/rest/services/encdirect/enc_coastal/MapServer/70,2026-09-20T05:40:25Z
29,26,32.6382186,-117.1387626,https://gis.charttools.noaa.gov/arcgis/rest/services/encdirect/enc_coastal/MapServer/70,2026-09-20T05:40:25Z
29,27,32.6381930,-117.1389337,https://gis.charttools.noaa.gov/arcgis/rest/services/encdirect/enc_coastal/MapServer/70,2026-09-20T05:40:25Z
29,28,32.6379981,-117.1393436,https://gis.charttools.noaa.gov/arcgis/rest/services/encdirect/enc_coastal/MapServer/70,2026-09-20T05:40:25Z
29,29,32.6378248,-117.1396765,https://gis.charttools.noaa.gov/arcgis/rest/services/encdirect/enc_coastal/MapServer/70,2026-09-20T05:40:25Z
29,30,32.6376516,-117.1398303,https://gis.charttools.noaa.gov/arcgis/rest/services/encdirect/enc_coastal/MapServer/70,2026-09-20T05:40:25Z
29,31,32.6374783,-117.1398559,https://gis.charttools.noaa.gov/arcgis/rest/services/encdirect/enc_coastal/MapServer/70,2026-09-20T05:40:25Z
29,32,32.6372400,-117.1398815,https://gis.charttools.noaa.gov/arcgis/rest/services/encdirect/enc_coastal/MapServer/70,2026-09-20T05:40:25Z
29,33,32.6367635,-117.1397790,https://gis.charttools.noaa.gov/arcgis/rest/services/encdirect/enc_coastal/MapServer/70,2026-09-20T05:40:25Z
29,34,32.6358411,-117.1393673,https://gis.charttools.noaa.gov/arcgis/rest/services/encdirect/enc_coastal/MapServer/70,2026-09-20T05:40:25Z
29,35,32.6340434,-117.1385732,https://gis.charttools.noaa.gov/arcgis/rest/services/encdirect/enc_coastal/MapServer/70,2026-09-20T05:40:25Z
29,36,32.6332203,-117.1383681,https://gis.charttools.noaa.gov/arcgis/rest/services/encdirect/enc_coastal/MapServer/70,2026-09-20T05:40:25Z
29,37,32.6315308,-117.1379838,https://gis.charttools.noaa.gov/arcgis/rest/services/encdirect/enc_coastal/MapServer/70,2026-09-20T05:40:25Z
29,38,32.6309026,-117.1378557,https://gis.charttools.noaa.gov/arcgis/rest/services/encdirect/enc_coastal/MapServer/70,2026-09-20T05:40:25Z
29,39,32.6307510,-117.1378044,https://gis.charttools.noaa.gov/arcgis/rest/services/encdirect/enc_coastal/MapServer/70,2026-09-20T05:40:25Z
29,40,32.6306860,-117.1377019,https://gis.charttools.noaa.gov/arcgis/rest/services/encdirect/enc_coastal/MapServer/70,2026-09-20T05:40:25Z
29,41,32.6306427,-117.1374715,https://gis.charttools.noaa.gov/arcgis/rest/services/encdirect/enc_coastal/MapServer/70,2026-09-20T05:40:25Z
29,42,32.6306534,-117.1373447,https://gis.charttools.noaa.gov/arcgis/rest/services/encdirect/enc_coastal/MapServer/70,2026-09-20T05:40:25Z
29,43,32.6306544,-117.1373324,https://gis.charttools.noaa.gov/arcgis/rest/services/encdirect/enc_coastal/MapServer/70,2026-09-20T05:40:25Z
29,44,32.6306643,-117.1372153,https://gis.charttools.noaa.gov/arcgis/rest/services/encdirect/enc_coastal/MapServer/70,2026-09-20T05:40:25Z
29,45,32.6309677,-117.1362162,https://gis.charttools.noaa.gov/arcgis/rest/services/encdirect/enc_coastal/MapServer/70,2026-09-20T05:40:25Z
29,46,32.6312708,-117.1351402,https://gis.charttools.noaa.gov/arcgis/rest/services/encdirect/enc_coastal/MapServer/70,2026-09-20T05:40:25Z
29,47,32.6318556,-117.1336798,https://gis.charttools.noaa.gov/arcgis/rest/services/encdirect/enc_coastal/MapServer/70,2026-09-20T05:40:25Z
29,48,32.6322673,-117.1325782,https://gis.charttools.noaa.gov/arcgis/rest/services/encdirect/enc_coastal/MapServer/70,2026-09-20T05:40:25Z
29,49,32.6322735,-117.1325366,https://gis.charttools.noaa.gov/arcgis/rest/services/encdirect/enc_coastal/MapServer/70,2026-09-20T05:40:25Z
29,50,32.6323322,-117.1321425,https://gis.charttools.noaa.gov/arcgis/rest/services/encdirect/enc_coastal/MapServer/70,2026-09-20T05:40:25Z
29,51,32.6323106,-117.1317584,https://gis.charttools.noaa.gov/arcgis/rest/services/encdirect/enc_coastal/MapServer/70,2026-09-20T05:40:25Z
29,52,32.6322456,-117.1317071,https://gis.charttools.noaa.gov/arcgis/rest/services/encdirect/enc_coastal/MapServer/70,2026-09-20T05:40:25Z
29,53,32.6322022,-117.1317328,https://gis.charttools.noaa.gov/arcgis/rest/services/encdirect/enc_coastal/MapServer/70,2026-09-20T05:40:25Z
29,54,32.6321156,-117.1319631,https://gis.charttools.noaa.gov/arcgis/rest/services/encdirect/enc_coastal/MapServer/70,2026-09-20T05:40:25Z
29,55,32.6319241,-117.1322124,https://gis.charttools.noaa.gov/arcgis/rest/services/encdirect/enc_coastal/MapServer/70,2026-09-20T05:40:25Z
29,56,32.6318991,-117.1322450,https://gis.charttools.noaa.gov/arcgis/rest/services/encdirect/enc_coastal/MapServer/70,2026-09-20T05:40:25Z
29,57,32.6312013,-117.1330702,https://gis.charttools.noaa.gov/arcgis/rest/services/encdirect/enc_coastal/MapServer/70,2026-09-20T05:40:25Z
29,58,32.6310542,-117.1332441,https://gis.charttools.noaa.gov/arcgis/rest/services/encdirect/enc_coastal/MapServer/70,2026-09-20T05:40:25Z
29,59,32.6307726,-117.1337310,https://gis.charttools.noaa.gov/arcgis/rest/services/encdirect/enc_coastal/MapServer/70,2026-09-20T05:40:25Z
29,60,32.6306715,-117.1339897,https://gis.charttools.noaa.gov/arcgis/rest/services/encdirect/enc_coastal/MapServer/70,2026-09-20T05:40:25Z
29,61,32.6306539,-117.1340346,https://gis.charttools.noaa.gov/arcgis/rest/services/encdirect/enc_coastal/MapServer/70,2026-09-20T05:40:25Z
29,62,32.6304373,-117.1347519,https://gis.charttools.noaa.gov/arcgis/rest/services/encdirect/enc_coastal/MapServer/70,2026-09-20T05:40:25Z
29,63,32.6301557,-117.1352388,https://gis.charttools.noaa.gov/arcgis/rest/services/encdirect/enc_coastal/MapServer/70,2026-09-20T05:40:25Z
29,64,32.6297009,-117.1357257,https://gis.charttools.noaa.gov/arcgis/rest/services/encdirect/enc_coastal/MapServer/70,2026-09-20T05:40:25Z
29,65,32.6294843,-117.1358535,https://gis.charttools.noaa.gov/arcgis/rest/services/encdirect/enc_coastal/MapServer/70,2026-09-20T05:40:25Z
29,66,32.6292243,-117.1359047,https://gis.charttools.noaa.gov/arcgis/rest/services/encdirect/enc_coastal/MapServer/70,2026-09-20T05:40:25Z
29,67,32.6289644,-117.1358535,https://gis.charttools.noaa.gov/arcgis/rest/services/encdirect/enc_coastal/MapServer/70,2026-09-20T05:40:25Z
29,68,32.6281846,-117.1356744,https://gis.charttools.noaa.gov/arcgis/rest/services/encdirect/enc_coastal/MapServer/70,2026-09-20T05:40:25Z
29,69,32.6272423,-117.1354014,https://gis.charttools.noaa.gov/arcgis/rest/services/encdirect/enc_coastal/MapServer/70,2026-09-20T05:40:25Z
29,70,32.6271231,-117.1353668,https://gis.charttools.noaa.gov/arcgis/rest/services/encdirect/enc_coastal/MapServer/70,2026-09-20T05:40:25Z
29,71,32.6263217,-117.1349824,https://gis.charttools.noaa.gov/arcgis/rest/services/encdirect/enc_coastal/MapServer/70,2026-09-20T05:40:25Z
29,72,32.6257078,-117.1346254,https://gis.charttools.noaa.gov/arcgis/rest/services/encdirect/enc_coastal/MapServer/70,2026-09-20T05:40:25Z
29,73,32.6251834,-117.1343205,https://gis.charttools.noaa.gov/arcgis/rest/services/encdirect/enc_coastal/MapServer/70,2026-09-20T05:40:25Z
29,74,32.6250002,-117.1342140,https://gis.charttools.noaa.gov/arcgis/rest/services/encdirect/enc_coastal/MapServer/70,2026-09-20T05:40:25Z
29,75,32.6246382,-117.1339591,https://gis.charttools.noaa.gov/arcgis/rest/services/encdirect/enc_coastal/MapServer/70,2026-09-20T05:40:25Z
29,76,32.6240904,-117.1335734,https://gis.charttools.noaa.gov/arcgis/rest/services/encdirect/enc_coastal/MapServer/70,2026-09-20T05:40:25Z
29,77,32.6238786,-117.1333304,https://gis.charttools.noaa.gov/arcgis/rest/services/encdirect/enc_coastal/MapServer/70,2026-09-20T05:40:25Z
29,78,32.6236830,-117.1331061,https://gis.charttools.noaa.gov/arcgis/rest/services/encdirect/enc_coastal/MapServer/70,2026-09-20T05:40:25Z
29,79,32.6236235,-117.1329653,https://gis.charttools.noaa.gov/arcgis/rest/services/encdirect/enc_coastal/MapServer/70,2026-09-20T05:40:25Z
29,80,32.6236235,-117.1327778,https://gis.charttools.noaa.gov/arcgis/rest/services/encdirect/enc_coastal/MapServer/70,2026-09-20T05:40:25Z
29,81,32.6237029,-117.1325902,https://gis.charttools.noaa.gov/arcgis/rest/services/encdirect/enc_coastal/MapServer/70,2026-09-20T05:40:25Z
29,82,32.6241766,-117.1319500,https://gis.charttools.noaa.gov/arcgis/rest/services/encdirect/enc_coastal/MapServer/70,2026-09-20T05:40:25Z
29,83,32.6243966,-117.1316526,https://gis.charttools.noaa.gov/arcgis/rest/services/encdirect/enc_coastal/MapServer/70,2026-09-20T05:40:25Z
29,84,32.6244957,-117.1314416,https://gis.charttools.noaa.gov/arcgis/rest/services/encdirect/enc_coastal/MapServer/70,2026-09-20T05:40:25Z
29,85,32.6245155,-117.1312307,https://gis.charttools.noaa.gov/arcgis/rest/services/encdirect/enc_coastal/MapServer/70,2026-09-20T05:40:25Z
29,86,32.6244560,-117.1309727,https://gis.charttools.noaa.gov/arcgis/rest/services/encdirect/enc_coastal/MapServer/70,2026-09-20T05:40:25Z
29,87,32.6243010,-117.1306909,https://gis.charttools.noaa.gov/arcgis/rest/services/encdirect/enc_coastal/MapServer/70,2026-09-20T05:40:25Z
29,88,32.6241984,-117.1305042,https://gis.charttools.noaa.gov/arcgis/rest/services/encdirect/enc_coastal/MapServer/70,2026-09-20T05:40:25Z
29,89,32.6238615,-117.1301291,https://gis.charttools.noaa.gov/arcgis/rest/services/encdirect/enc_coastal/MapServer/70,2026-09-20T05:40:25Z
29,90,32.6237029,-117.1300116,https://gis.charttools.noaa.gov/arcgis/rest/services/encdirect/enc_coastal/MapServer/70,2026-09-20T05:40:25Z
29,91,32.6235244,-117.1299882,https://gis.charttools.noaa.gov/arcgis/rest/services/encdirect/enc_coastal/MapServer/70,2026-09-20T05:40:25Z
29,92,32.6231280,-117.1300820,https://gis.charttools.noaa.gov/arcgis/rest/services/encdirect/enc_coastal/MapServer/70,2026-09-20T05:40:25Z
29,93,32.6229695,-117.1300353,https://gis.charttools.noaa.gov/arcgis/rest/services/encdirect/enc_coastal/MapServer/70,2026-09-20T05:40:25Z
29,94,32.6227315,-117.1298711,https://gis.charttools.noaa.gov/arcgis/rest/services/encdirect/enc_coastal/MapServer/70,2026-09-20T05:40:25Z
29,95,32.6225532,-117.1298478,https://gis.charttools.noaa.gov/arcgis/rest/services/encdirect/enc_coastal/MapServer/70,2026-09-20T05:40:25Z
29,96,32.6223352,-117.1298711,https://gis.charttools.noaa.gov/arcgis/rest/services/encdirect/enc_coastal/MapServer/70,2026-09-20T05:40:25Z
29,97,32.6222182,-117.1299334,https://gis.charttools.noaa.gov/arcgis/rest/services/encdirect/enc_coastal/MapServer/70,2026-09-20T05:40:25Z
29,98,32.6219388,-117.1300820,https://gis.charttools.noaa.gov/arcgis/rest/services/encdirect/enc_coastal/MapServer/70,2026-09-20T05:40:25Z
29,99,32.6215027,-117.1305275,https://gis.charttools.noaa.gov/arcgis/rest/services/encdirect/enc_coastal/MapServer/70,2026-09-20T05:40:25Z
29,100,32.6212449,-117.1309727,https://gis.charttools.noaa.gov/arcgis/rest/services/encdirect/enc_coastal/MapServer/70,2026-09-20T05:40:25Z
29,101,32.6212252,-117.1311839,https://gis.charttools.noaa.gov/arcgis/rest/services/encdirect/enc_coastal/MapServer/70,2026-09-20T05:40:25Z
29,102,32.6212252,-117.1313478,https://gis.charttools.noaa.gov/arcgis/rest/services/encdirect/enc_coastal/MapServer/70,2026-09-20T05:40:25Z
29,103,32.6212945,-117.1315940,https://gis.charttools.noaa.gov/arcgis/rest/services/encdirect/enc_coastal/MapServer/70,2026-09-20T05:40:25Z
29,104,32.6213441,-117.1317700,https://gis.charttools.noaa.gov/arcgis/rest/services/encdirect/enc_coastal/MapServer/70,2026-09-20T05:40:25Z
29,105,32.6213838,-117.1319575,https://gis.charttools.noaa.gov/arcgis/rest/services/encdirect/enc_coastal/MapServer/70,2026-09-20T05:40:25Z
29,106,32.6213838,-117.1321214,https://gis.charttools.noaa.gov/arcgis/rest/services/encdirect/enc_coastal/MapServer/70,2026-09-20T05:40:25Z
29,107,32.6213243,-117.1323089,https://gis.charttools.noaa.gov/arcgis/rest/services/encdirect/enc_coastal/MapServer/70,2026-09-20T05:40:25Z
29,108,32.6211472,-117.1324312,https://gis.charttools.noaa.gov/arcgis/rest/services/encdirect/enc_coastal/MapServer/70,2026-09-20T05:40:25Z
29,109,32.6210864,-117.1324731,https://gis.charttools.noaa.gov/arcgis/rest/services/encdirect/enc_coastal/MapServer/70,2026-09-20T05:40:25Z
29,110,32.6207044,-117.1326086,https://gis.charttools.noaa.gov/arcgis/rest/services/encdirect/enc_coastal/MapServer/70,2026-09-20T05:40:25Z
29,111,32.6205832,-117.1326276,https://gis.charttools.noaa.gov/arcgis/rest/services/encdirect/enc_coastal/MapServer/70,2026-09-20T05:40:25Z
29,112,32.6204217,-117.1326530,https://gis.charttools.noaa.gov/arcgis/rest/services/encdirect/enc_coastal/MapServer/70,2026-09-20T05:40:25Z
29,113,32.6203948,-117.1326461,https://gis.charttools.noaa.gov/arcgis/rest/services/encdirect/enc_coastal/MapServer/70,2026-09-20T05:40:25Z
29,114,32.6198192,-117.1324974,https://gis.charttools.noaa.gov/arcgis/rest/services/encdirect/enc_coastal/MapServer/70,2026-09-20T05:40:25Z
29,115,32.6197667,-117.1324695,https://gis.charttools.noaa.gov/arcgis/rest/services/encdirect/enc_coastal/MapServer/70,2026-09-20T05:40:25Z
29,116,32.6194426,-117.1322968,https://gis.charttools.noaa.gov/arcgis/rest/services/encdirect/enc_coastal/MapServer/70,2026-09-20T05:40:25Z
29,117,32.6192354,-117.1320963,https://gis.charttools.noaa.gov/arcgis/rest/services/encdirect/enc_coastal/MapServer/70,2026-09-20T05:40:25Z
29,118,32.6192179,-117.1319514,https://gis.charttools.noaa.gov/arcgis/rest/services/encdirect/enc_coastal/MapServer/70,2026-09-20T05:40:25Z
29,119,32.6192166,-117.1319406,https://gis.charttools.noaa.gov/arcgis/rest/services/encdirect/enc_coastal/MapServer/70,2026-09-20T05:40:25Z
29,120,32.6192543,-117.1317846,https://gis.charttools.noaa.gov/arcgis/rest/services/encdirect/enc_coastal/MapServer/70,2026-09-20T05:40:25Z
29,121,32.6195179,-117.1314283,https://gis.charttools.noaa.gov/arcgis/rest/services/encdirect/enc_coastal/MapServer/70,2026-09-20T05:40:25Z
29,122,32.6202523,-117.1304261,https://gis.charttools.noaa.gov/arcgis/rest/services/encdirect/enc_coastal/MapServer/70,2026-09-20T05:40:25Z
29,123,32.6202992,-117.1302596,https://gis.charttools.noaa.gov/arcgis/rest/services/encdirect/enc_coastal/MapServer/70,2026-09-20T05:40:25Z
29,124,32.6203087,-117.1302256,https://gis.charttools.noaa.gov/arcgis/rest/services/encdirect/enc_coastal/MapServer/70,2026-09-20T05:40:25Z
29,125,32.6203464,-117.1298694,https://gis.charttools.noaa.gov/arcgis/rest/services/encdirect/enc_coastal/MapServer/70,2026-09-20T05:40:25Z
29,126,32.6203464,-117.1298295,https://gis.charttools.noaa.gov/arcgis/rest/services/encdirect/enc_coastal/MapServer/70,2026-09-20T05:40:25Z
29,127,32.6203464,-117.1296244,https://gis.charttools.noaa.gov/arcgis/rest/services/encdirect/enc_coastal/MapServer/70,2026-09-20T05:40:25Z
29,128,32.6202711,-117.1292237,https://gis.charttools.noaa.gov/arcgis/rest/services/encdirect/enc_coastal/MapServer/70,2026-09-20T05:40:25Z
29,129,32.6202073,-117.1290822,https://gis.charttools.noaa.gov/arcgis/rest/services/encdirect/enc_coastal/MapServer/70,2026-09-20T05:40:25Z
29,130,32.6201205,-117.1288897,https://gis.charttools.noaa.gov/arcgis/rest/services/encdirect/enc_coastal/MapServer/70,2026-09-20T05:40:25Z
29,131,32.6198757,-117.1286000,https://gis.charttools.noaa.gov/arcgis/rest/services/encdirect/enc_coastal/MapServer/70,2026-09-20T05:40:25Z
29,132,32.6195368,-117.1283775,https://gis.charttools.noaa.gov/arcgis/rest/services/encdirect/enc_coastal/MapServer/70,2026-09-20T05:40:25Z
29,133,32.6192919,-117.1282882,https://gis.charttools.noaa.gov/arcgis/rest/services/encdirect/enc_coastal/MapServer/70,2026-09-20T05:40:25Z
29,134,32.6192036,-117.1282787,https://gis.charttools.noaa.gov/arcgis/rest/services/encdirect/enc_coastal/MapServer/70,2026-09-20T05:40:25Z
29,135,32.6190848,-117.1282659,https://gis.charttools.noaa.gov/arcgis/rest/services/encdirect/enc_coastal/MapServer/70,2026-09-20T05:40:25Z
29,136,32.6188965,-117.1282882,https://gis.charttools.noaa.gov/arcgis/rest/services/encdirect/enc_coastal/MapServer/70,2026-09-20T05:40:25Z
29,137,32.6187082,-117.1283997,https://gis.charttools.noaa.gov/arcgis/rest/services/encdirect/enc_coastal/MapServer/70,2026-09-20T05:40:25Z
29,138,32.6182562,-117.1288450,https://gis.charttools.noaa.gov/arcgis/rest/services/encdirect/enc_coastal/MapServer/70,2026-09-20T05:40:25Z
29,139,32.6176445,-117.1294684,https://gis.charttools.noaa.gov/arcgis/rest/services/encdirect/enc_coastal/MapServer/70,2026-09-20T05:40:25Z
29,140,32.6172867,-117.1297579,https://gis.charttools.noaa.gov/arcgis/rest/services/encdirect/enc_coastal/MapServer/70,2026-09-20T05:40:25Z
29,141,32.6170042,-117.1298917,https://gis.charttools.noaa.gov/arcgis/rest/services/encdirect/enc_coastal/MapServer/70,2026-09-20T05:40:25Z
29,142,32.6163075,-117.1301589,https://gis.charttools.noaa.gov/arcgis/rest/services/encdirect/enc_coastal/MapServer/70,2026-09-20T05:40:25Z
29,143,32.6153282,-117.1304929,https://gis.charttools.noaa.gov/arcgis/rest/services/encdirect/enc_coastal/MapServer/70,2026-09-20T05:40:25Z
29,144,32.6140100,-117.1311386,https://gis.charttools.noaa.gov/arcgis/rest/services/encdirect/enc_coastal/MapServer/70,2026-09-20T05:40:25Z
29,145,32.6130684,-117.1314281,https://gis.charttools.noaa.gov/arcgis/rest/services/encdirect/enc_coastal/MapServer/70,2026-09-20T05:40:25Z
29,146,32.6124923,-117.1315621,https://gis.charttools.noaa.gov/arcgis/rest/services/encdirect/enc_coastal/MapServer/70,2026-09-20T05:40:25Z
29,147,32.6119461,-117.1316066,https://gis.charttools.noaa.gov/arcgis/rest/services/encdirect/enc_coastal/MapServer/70,2026-09-20T05:40:25Z
29,148,32.6112869,-117.1315399,https://gis.charttools.noaa.gov/arcgis/rest/services/encdirect/enc_coastal/MapServer/70,2026-09-20T05:40:25Z
29,149,32.6109103,-117.1314287,https://gis.charttools.noaa.gov/arcgis/rest/services/encdirect/enc_coastal/MapServer/70,2026-09-20T05:40:25Z
29,150,32.6100817,-117.1310054,https://gis.charttools.noaa.gov/arcgis/rest/services/encdirect/enc_coastal/MapServer/70,2026-09-20T05:40:25Z
29,151,32.6092530,-117.1304042,https://gis.charttools.noaa.gov/arcgis/rest/services/encdirect/enc_coastal/MapServer/70,2026-09-20T05:40:25Z
29,152,32.6079912,-117.1295135,https://gis.charttools.noaa.gov/arcgis/rest/services/encdirect/enc_coastal/MapServer/70,2026-09-20T05:40:25Z
29,153,32.6075726,-117.1291680,https://gis.charttools.noaa.gov/arcgis/rest/services/encdirect/enc_coastal/MapServer/70,2026-09-20T05:40:25Z
29,154,32.6071814,-117.1288452,https://gis.charttools.noaa.gov/arcgis/rest/services/encdirect/enc_coastal/MapServer/70,2026-09-20T05:40:25Z
29,155,32.6064280,-117.1280213,https://gis.charttools.noaa.gov/arcgis/rest/services/encdirect/enc_coastal/MapServer/70,2026-09-20T05:40:25Z
29,156,32.6055875,-117.1266127,https://gis.charttools.noaa.gov/arcgis/rest/services/encdirect/enc_coastal/MapServer/70,2026-09-20T05:40:25Z
29,157,32.6052673,-117.1259667,https://gis.charttools.noaa.gov/arcgis/rest/services/encdirect/enc_coastal/MapServer/70,2026-09-20T05:40:25Z
29,158,32.6051198,-117.1254433,https://gis.charttools.noaa.gov/arcgis/rest/services/encdirect/enc_coastal/MapServer/70,2026-09-20T05:40:25Z
29,159,32.6050037,-117.1250315,https://gis.charttools.noaa.gov/arcgis/rest/services/encdirect/enc_coastal/MapServer/70,2026-09-20T05:40:25Z
29,160,32.6047589,-117.1239180,https://gis.charttools.noaa.gov/arcgis/rest/services/encdirect/enc_coastal/MapServer/70,2026-09-20T05:40:25Z
29,161,32.6046585,-117.1235540,https://gis.charttools.noaa.gov/arcgis/rest/services/encdirect/enc_coastal/MapServer/70,2026-09-20T05:40:25Z
29,162,32.6044763,-117.1228936,https://gis.charttools.noaa.gov/arcgis/rest/services/encdirect/enc_coastal/MapServer/70,2026-09-20T05:40:25Z
29,163,32.6043373,-117.1225647,https://gis.charttools.noaa.gov/arcgis/rest/services/encdirect/enc_coastal/MapServer/70,2026-09-20T05:40:25Z
29,164,32.6042503,-117.1223590,https://gis.charttools.noaa.gov/arcgis/rest/services/encdirect/enc_coastal/MapServer/70,2026-09-20T05:40:25Z
29,165,32.6038925,-117.1217801,https://gis.charttools.noaa.gov/arcgis/rest/services/encdirect/enc_coastal/MapServer/70,2026-09-20T05:40:25Z
29,166,32.6034405,-117.1213346,https://gis.charttools.noaa.gov/arcgis/rest/services/encdirect/enc_coastal/MapServer/70,2026-09-20T05:40:25Z
29,167,32.6031127,-117.1211167,https://gis.charttools.noaa.gov/arcgis/rest/services/encdirect/enc_coastal/MapServer/70,2026-09-20T05:40:25Z
29,168,32.6028377,-117.1209339,https://gis.charttools.noaa.gov/arcgis/rest/services/encdirect/enc_coastal/MapServer/70,2026-09-20T05:40:25Z
29,169,32.6024987,-117.1206889,https://gis.charttools.noaa.gov/arcgis/rest/services/encdirect/enc_coastal/MapServer/70,2026-09-20T05:40:25Z
29,170,32.6023857,-117.1206221,https://gis.charttools.noaa.gov/arcgis/rest/services/encdirect/enc_coastal/MapServer/70,2026-09-20T05:40:25Z
29,171,32.6023026,-117.1206221,https://gis.charttools.noaa.gov/arcgis/rest/services/encdirect/enc_coastal/MapServer/70,2026-09-20T05:40:25Z
29,172,32.6023017,-117.1206221,https://gis.charttools.noaa.gov/arcgis/rest/services/encdirect/enc_coastal/MapServer/70,2026-09-20T05:40:25Z
29,173,32.6022871,-117.1206221,https://gis.charttools.noaa.gov/arcgis/rest/services/encdirect/enc_coastal/MapServer/70,2026-09-20T05:40:25Z
29,174,32.6022539,-117.1206221,https://gis.charttools.noaa.gov/arcgis/rest/services/encdirect/enc_coastal/MapServer/70,2026-09-20T05:40:25Z
29,175,32.6021959,-117.1206293,https://gis.charttools.noaa.gov/arcgis/rest/services/encdirect/enc_coastal/MapServer/70,2026-09-20T05:40:25Z
29,176,32.6018960,-117.1206667,https://gis.charttools.noaa.gov/arcgis/rest/services/encdirect/enc_coastal/MapServer/70,2026-09-20T05:40:25Z
29,177,32.6018207,-117.1206444,https://gis.charttools.noaa.gov/arcgis/rest/services/encdirect/enc_coastal/MapServer/70,2026-09-20T05:40:25Z
29,178,32.6017642,-117.1205554,https://gis.charttools.noaa.gov/arcgis/rest/services/encdirect/enc_coastal/MapServer/70,2026-09-20T05:40:25Z
29,179,32.6017642,-117.1203326,https://gis.charttools.noaa.gov/arcgis/rest/services/encdirect/enc_coastal/MapServer/70,2026-09-20T05:40:25Z
29,180,32.6018395,-117.1198649,https://gis.charttools.noaa.gov/arcgis/rest/services/encdirect/enc_coastal/MapServer/70,2026-09-20T05:40:25Z
29,181,32.6018912,-117.1196643,https://gis.charttools.noaa.gov/arcgis/rest/services/encdirect/enc_coastal/MapServer/70,2026-09-20T05:40:25Z
29,182,32.6019714,-117.1193527,https://gis.charttools.noaa.gov/arcgis/rest/services/encdirect/enc_coastal/MapServer/70,2026-09-20T05:40:25Z
29,183,32.6022727,-117.1186402,https://gis.charttools.noaa.gov/arcgis/rest/services/encdirect/enc_coastal/MapServer/70,2026-09-20T05:40:25Z
29,184,32.6023857,-117.1180165,https://gis.charttools.noaa.gov/arcgis/rest/services/encdirect/enc_coastal/MapServer/70,2026-09-20T05:40:25Z
29,185,32.6023249,-117.1175621,https://gis.charttools.noaa.gov/arcgis/rest/services/encdirect/enc_coastal/MapServer/70,2026-09-20T05:40:25Z
30,0,32.4065020,-117.2430207,https://gis.charttools.noaa.gov/arcgis/rest/services/encdirect/enc_coastal/MapServer/70,2026-09-20T05:40:25Z
30,1,32.4054278,-117.2426266,https://gis.charttools.noaa.gov/arcgis/rest/services/encdirect/enc_coastal/MapServer/70,2026-09-20T05:40:25Z
30,2,32.4045834,-117.2420978,https://gis.charttools.noaa.gov/arcgis/rest/services/encdirect/enc_coastal/MapServer/70,2026-09-20T05:40:25Z
30,3,32.4037127,-117.2411336,https://gis.charttools.noaa.gov/arcgis/rest/services/encdirect/enc_coastal/MapServer/70,2026-09-20T05:40:25Z
30,4,32.4032377,-117.2405426,https://gis.charttools.noaa.gov/arcgis/rest/services/encdirect/enc_coastal/MapServer/70,2026-09-20T05:40:25Z
30,5,32.4025780,-117.2402005,https://gis.charttools.noaa.gov/arcgis/rest/services/encdirect/enc_coastal/MapServer/70,2026-09-20T05:40:25Z
30,6,32.4011003,-117.2400450,https://gis.charttools.noaa.gov/arcgis/rest/services/encdirect/enc_coastal/MapServer/70,2026-09-20T05:40:25Z
30,7,32.4000000,-117.2399228,https://gis.charttools.noaa.gov/arcgis/rest/services/encdirect/enc_coastal/MapServer/70,2026-09-20T05:40:25Z
31,0,32.6586710,-117.1568373,https://gis.charttools.noaa.gov/arcgis/rest/services/encdirect/enc_coastal/MapServer/70,2026-09-20T05:40:25Z
31,1,32.6557584,-117.1550495,https://gis.charttools.noaa.gov/arcgis/rest/services/encdirect/enc_coastal/MapServer/70,2026-09-20T05:40:25Z
31,2,32.6524115,-117.1530274,https://gis.charttools.noaa.gov/arcgis/rest/services/encdirect/enc_coastal/MapServer/70,2026-09-20T05:40:25Z
31,3,32.6519774,-117.1527652,https://gis.charttools.noaa.gov/arcgis/rest/services/encdirect/enc_coastal/MapServer/70,2026-09-20T05:40:25Z
31,4,32.6499970,-117.1514245,https://gis.charttools.noaa.gov/arcgis/rest/services/encdirect/enc_coastal/MapServer/70,2026-09-20T05:40:25Z
31,5,32.6488964,-117.1506794,https://gis.charttools.noaa.gov/arcgis/rest/services/encdirect/enc_coastal/MapServer/70,2026-09-20T05:40:25Z
31,6,32.6456193,-117.1487261,https://gis.charttools.noaa.gov/arcgis/rest/services/encdirect/enc_coastal/MapServer/70,2026-09-20T05:40:25Z
31,7,32.6432665,-117.1475674,https://gis.charttools.noaa.gov/arcgis/rest/services/encdirect/enc_coastal/MapServer/70,2026-09-20T05:40:25Z
31,8,32.6414458,-117.1466735,https://gis.charttools.noaa.gov/arcgis/rest/services/encdirect/enc_coastal/MapServer/70,2026-09-20T05:40:25Z
31,9,32.6386621,-117.1451042,https://gis.charttools.noaa.gov/arcgis/rest/services/encdirect/enc_coastal/MapServer/70,2026-09-20T05:40:25Z
31,10,32.6351931,-117.1432926,https://gis.charttools.noaa.gov/arcgis/rest/services/encdirect/enc_coastal/MapServer/70,2026-09-20T05:40:25Z
31,11,32.6305136,-117.1410043,https://gis.charttools.noaa.gov/arcgis/rest/services/encdirect/enc_coastal/MapServer/70,2026-09-20T05:40:25Z
31,12,32.6282141,-117.1400985,https://gis.charttools.noaa.gov/arcgis/rest/services/encdirect/enc_coastal/MapServer/70,2026-09-20T05:40:25Z
31,13,32.6248656,-117.1388113,https://gis.charttools.noaa.gov/arcgis/rest/services/encdirect/enc_coastal/MapServer/70,2026-09-20T05:40:25Z
31,14,32.6230363,-117.1381719,https://gis.charttools.noaa.gov/arcgis/rest/services/encdirect/enc_coastal/MapServer/70,2026-09-20T05:40:25Z
31,15,32.6220012,-117.1378101,https://gis.charttools.noaa.gov/arcgis/rest/services/encdirect/enc_coastal/MapServer/70,2026-09-20T05:40:25Z
31,16,32.6193384,-117.1370473,https://gis.charttools.noaa.gov/arcgis/rest/services/encdirect/enc_coastal/MapServer/70,2026-09-20T05:40:25Z
31,17,32.6168369,-117.1362846,https://gis.charttools.noaa.gov/arcgis/rest/services/encdirect/enc_coastal/MapServer/70,2026-09-20T05:40:25Z
31,18,32.6129787,-117.1354281,https://gis.charttools.noaa.gov/arcgis/rest/services/encdirect/enc_coastal/MapServer/70,2026-09-20T05:40:25Z
31,19,32.6101377,-117.1347384,https://gis.charttools.noaa.gov/arcgis/rest/services/encdirect/enc_coastal/MapServer/70,2026-09-20T05:40:25Z
31,20,32.6084787,-117.1343678,https://gis.charttools.noaa.gov/arcgis/rest/services/encdirect/enc_coastal/MapServer/70,2026-09-20T05:40:25Z
31,21,32.6061825,-117.1340459,https://gis.charttools.noaa.gov/arcgis/rest/services/encdirect/enc_coastal/MapServer/70,2026-09-20T05:40:25Z
31,22,32.6000315,-117.1332306,https://gis.charttools.noaa.gov/arcgis/rest/services/encdirect/enc_coastal/MapServer/70,2026-09-20T05:40:25Z
31,23,32.5945711,-117.1325958,https://gis.charttools.noaa.gov/arcgis/rest/services/encdirect/enc_coastal/MapServer/70,2026-09-20T05:40:25Z
31,24,32.5890882,-117.1327253,https://gis.charttools.noaa.gov/arcgis/rest/services/encdirect/enc_coastal/MapServer/70,2026-09-20T05:40:25Z
31,25,32.5870639,-117.1326103,https://gis.charttools.noaa.gov/arcgis/rest/services/encdirect/enc_coastal/MapServer/70,2026-09-20T05:40:25Z
31,26,32.5846301,-117.1328499,https://gis.charttools.noaa.gov/arcgis/rest/services/encdirect/enc_coastal/MapServer/70,2026-09-20T05:40:25Z
31,27,32.5842610,-117.1328862,https://gis.charttools.noaa.gov/arcgis/rest/services/encdirect/enc_coastal/MapServer/70,2026-09-20T05:40:25Z
31,28,32.5841375,-117.1328851,https://gis.charttools.noaa.gov/arcgis/rest/services/encdirect/enc_coastal/MapServer/70,2026-09-20T05:40:25Z
31,29,32.5797187,-117.1328451,https://gis.charttools.noaa.gov/arcgis/rest/services/encdirect/enc_coastal/MapServer/70,2026-09-20T05:40:25Z
31,30,32.5791805,-117.1328402,https://gis.charttools.noaa.gov/arcgis/rest/services/encdirect/enc_coastal/MapServer/70,2026-09-20T05:40:25Z
31,31,32.5791609,-117.1328398,https://gis.charttools.noaa.gov/arcgis/rest/services/encdirect/enc_coastal/MapServer/70,2026-09-20T05:40:25Z
31,32,32.5759102,-117.1327713,https://gis.charttools.noaa.gov/arcgis/rest/services/encdirect/enc_coastal/MapServer/70,2026-09-20T05:40:25Z
31,33,32.5750117,-117.1327879,https://gis.charttools.noaa.gov/arcgis/rest/services/encdirect/enc_coastal/MapServer/70,2026-09-20T05:40:25Z
31,34,32.5748396,-117.1327911,https://gis.charttools.noaa.gov/arcgis/rest/services/encdirect/enc_coastal/MapServer/70,2026-09-20T05:40:25Z
31,35,32.5725986,-117.1328325,https://gis.charttools.noaa.gov/arcgis/rest/services/encdirect/enc_coastal/MapServer/70,2026-09-20T05:40:25Z
31,36,32.5724558,-117.1328352,https://gis.charttools.noaa.gov/arcgis/rest/services/encdirect/enc_coastal/MapServer/70,2026-09-20T05:40:25Z
31,37,32.5672082,-117.1329322,https://gis.charttools.noaa.gov/arcgis/rest/services/encdirect/enc_coastal/MapServer/70,2026-09-20T05:40:25Z
31,38,32.5641126,-117.1322885,https://gis.charttools.noaa.gov/arcgis/rest/services/encdirect/enc_coastal/MapServer/70,2026-09-20T05:40:25Z
31,39,32.5611922,-117.1315068,https://gis.charttools.noaa.gov/arcgis/rest/services/encdirect/enc_coastal/MapServer/70,2026-09-20T05:40:25Z
31,40,32.5596500,-117.1312479,https://gis.charttools.noaa.gov/arcgis/rest/services/encdirect/enc_coastal/MapServer/70,2026-09-20T05:40:25Z
31,41,32.5585458,-117.1310217,https://gis.charttools.noaa.gov/arcgis/rest/services/encdirect/enc_coastal/MapServer/70,2026-09-20T05:40:25Z
31,42,32.5580965,-117.1308013,https://gis.charttools.noaa.gov/arcgis/rest/services/encdirect/enc_coastal/MapServer/70,2026-09-20T05:40:25Z
31,43,32.5568630,-117.1297101,https://gis.charttools.noaa.gov/arcgis/rest/services/encdirect/enc_coastal/MapServer/70,2026-09-20T05:40:25Z
32,0,32.6593534,-117.1534736,https://gis.charttools.noaa.gov/arcgis/rest/services/encdirect/enc_coastal/MapServer/70,2026-09-20T05:40:25Z
32,1,32.6586517,-117.1530158,https://gis.charttools.noaa.gov/arcgis/rest/services/encdirect/enc_coastal/MapServer/70,2026-09-20T05:40:25Z
32,2,32.6578775,-117.1525863,https://gis.charttools.noaa.gov/arcgis/rest/services/encdirect/enc_coastal/MapServer/70,2026-09-20T05:40:25Z
32,3,32.6577806,-117.1524432,https://gis.charttools.noaa.gov/arcgis/rest/services/encdirect/enc_coastal/MapServer/70,2026-09-20T05:40:25Z
32,4,32.6577806,-117.1524199,https://gis.charttools.noaa.gov/arcgis/rest/services/encdirect/enc_coastal/MapServer/70,2026-09-20T05:40:25Z
32,5,32.6577806,-117.1521284,https://gis.charttools.noaa.gov/arcgis/rest/services/encdirect/enc_coastal/MapServer/70,2026-09-20T05:40:25Z
32,6,32.6578248,-117.1519715,https://gis.charttools.noaa.gov/arcgis/rest/services/encdirect/enc_coastal/MapServer/70,2026-09-20T05:40:25Z
32,7,32.6579016,-117.1516990,https://gis.charttools.noaa.gov/arcgis/rest/services/encdirect/enc_coastal/MapServer/70,2026-09-20T05:40:25Z
32,8,32.6582831,-117.1510804,https://gis.charttools.noaa.gov/arcgis/rest/services/encdirect/enc_coastal/MapServer/70,2026-09-20T05:40:25Z
32,9,32.6583521,-117.1509687,https://gis.charttools.noaa.gov/arcgis/rest/services/encdirect/enc_coastal/MapServer/70,2026-09-20T05:40:25Z
32,10,32.6583701,-117.1509394,https://gis.charttools.noaa.gov/arcgis/rest/services/encdirect/enc_coastal/MapServer/70,2026-09-20T05:40:25Z
32,11,32.6583712,-117.1509377,https://gis.charttools.noaa.gov/arcgis/rest/services/encdirect/enc_coastal/MapServer/70,2026-09-20T05:40:25Z
32,12,32.6585549,-117.1506398,https://gis.charttools.noaa.gov/arcgis/rest/services/encdirect/enc_coastal/MapServer/70,2026-09-20T05:40:25Z
32,13,32.6588211,-117.1500386,https://gis.charttools.noaa.gov/arcgis/rest/services/encdirect/enc_coastal/MapServer/70,2026-09-20T05:40:25Z
32,14,32.6588936,-117.1498097,https://gis.charttools.noaa.gov/arcgis/rest/services/encdirect/enc_coastal/MapServer/70,2026-09-20T05:40:25Z
32,15,32.6588936,-117.1496666,https://gis.charttools.noaa.gov/arcgis/rest/services/encdirect/enc_coastal/MapServer/70,2026-09-20T05:40:25Z
32,16,32.6588452,-117.1494949,https://gis.charttools.noaa.gov/arcgis/rest/services/encdirect/enc_coastal/MapServer/70,2026-09-20T05:40:25Z
32,17,32.6586034,-117.1492085,https://gis.charttools.noaa.gov/arcgis/rest/services/encdirect/enc_coastal/MapServer/70,2026-09-20T05:40:25Z
32,18,32.6575387,-117.1484357,https://gis.charttools.noaa.gov/arcgis/rest/services/encdirect/enc_coastal/MapServer/70,2026-09-20T05:40:25Z
32,19,32.6558533,-117.1473158,https://gis.charttools.noaa.gov/arcgis/rest/services/encdirect/enc_coastal/MapServer/70,2026-09-20T05:40:25Z
32,20,32.6550657,-117.1467952,https://gis.charttools.noaa.gov/arcgis/rest/services/encdirect/enc_coastal/MapServer/70,2026-09-20T05:40:25Z
32,21,32.6550307,-117.1467721,https://gis.charttools.noaa.gov/arcgis/rest/services/encdirect/enc_coastal/MapServer/70,2026-09-20T05:40:25Z
32,22,32.6548128,-117.1466862,https://gis.charttools.noaa.gov/arcgis/rest/services/encdirect/enc_coastal/MapServer/70,2026-09-20T05:40:25Z
33,0,32.4731983,-117.1238131,https://gis.charttools.noaa.gov/arcgis/rest/services/encdirect/enc_coastal/MapServer/70,2026-09-20T05:40:25Z
33,1,32.4737009,-117.1236300,https://gis.charttools.noaa.gov/arcgis/rest/services/encdirect/enc_coastal/MapServer/70,2026-09-20T05:40:25Z
33,2,32.4744228,-117.1235887,https://gis.charttools.noaa.gov/arcgis/rest/services/encdirect/enc_coastal/MapServer/70,2026-09-20T05:40:25Z
33,3,32.4756967,-117.1235159,https://gis.charttools.noaa.gov/arcgis/rest/services/encdirect/enc_coastal/MapServer/70,2026-09-20T05:40:25Z
33,4,32.4762070,-117.1235676,https://gis.charttools.noaa.gov/arcgis/rest/services/encdirect/enc_coastal/MapServer/70,2026-09-20T05:40:25Z
33,5,32.4768232,-117.1236300,https://gis.charttools.noaa.gov/arcgis/rest/services/encdirect/enc_coastal/MapServer/70,2026-09-20T05:40:25Z
33,6,32.4784003,-117.1241238,https://gis.charttools.noaa.gov/arcgis/rest/services/encdirect/enc_coastal/MapServer/70,2026-09-20T05:40:25Z
33,7,32.4809858,-117.1248063,https://gis.charttools.noaa.gov/arcgis/rest/services/encdirect/enc_coastal/MapServer/70,2026-09-20T05:40:25Z
33,8,32.4823110,-117.1252650,https://gis.charttools.noaa.gov/arcgis/rest/services/encdirect/enc_coastal/MapServer/70,2026-09-20T05:40:25Z
33,9,32.4829206,-117.1254821,https://gis.charttools.noaa.gov/arcgis/rest/services/encdirect/enc_coastal/MapServer/70,2026-09-20T05:40:25Z
34,0,32.5520618,-117.1259602,https://gis.charttools.noaa.gov/arcgis/rest/services/encdirect/enc_coastal/MapServer/70,2026-09-20T05:40:25Z
34,1,32.5514987,-117.1256155,https://gis.charttools.noaa.gov/arcgis/rest/services/encdirect/enc_coastal/MapServer/70,2026-09-20T05:40:25Z
34,2,32.5511234,-117.1253199,https://gis.charttools.noaa.gov/arcgis/rest/services/encdirect/enc_coastal/MapServer/70,2026-09-20T05:40:25Z
34,3,32.5508732,-117.1249749,https://gis.charttools.noaa.gov/arcgis/rest/services/encdirect/enc_coastal/MapServer/70,2026-09-20T05:40:25Z
34,4,32.5508107,-117.1247037,https://gis.charttools.noaa.gov/arcgis/rest/services/encdirect/enc_coastal/MapServer/70,2026-09-20T05:40:25Z
34,5,32.5507899,-117.1241371,https://gis.charttools.noaa.gov/arcgis/rest/services/encdirect/enc_coastal/MapServer/70,2026-09-20T05:40:25Z
34,6,32.5508942,-117.1230530,https://gis.charttools.noaa.gov/arcgis/rest/services/encdirect/enc_coastal/MapServer/70,2026-09-20T05:40:25Z
34,7,32.5511234,-117.1219690,https://gis.charttools.noaa.gov/arcgis/rest/services/encdirect/enc_coastal/MapServer/70,2026-09-20T05:40:25Z
34,8,32.5515196,-117.1205399,https://gis.charttools.noaa.gov/arcgis/rest/services/encdirect/enc_coastal/MapServer/70,2026-09-20T05:40:25Z
34,9,32.5517280,-117.1201412,https://gis.charttools.noaa.gov/arcgis/rest/services/encdirect/enc_coastal/MapServer/70,2026-09-20T05:40:25Z
34,10,32.5517696,-117.1199192,https://gis.charttools.noaa.gov/arcgis/rest/services/encdirect/enc_coastal/MapServer/70,2026-09-20T05:40:25Z
34,11,32.5517070,-117.1195743,https://gis.charttools.noaa.gov/arcgis/rest/services/encdirect/enc_coastal/MapServer/70,2026-09-20T05:40:25Z
34,12,32.5517280,-117.1194267,https://gis.charttools.noaa.gov/arcgis/rest/services/encdirect/enc_coastal/MapServer/70,2026-09-20T05:40:25Z
34,13,32.5517905,-117.1193527,https://gis.charttools.noaa.gov/arcgis/rest/services/encdirect/enc_coastal/MapServer/70,2026-09-20T05:40:25Z
34,14,32.5522283,-117.1192789,https://gis.charttools.noaa.gov/arcgis/rest/services/encdirect/enc_coastal/MapServer/70,2026-09-20T05:40:25Z
34,15,32.5526452,-117.1193527,https://gis.charttools.noaa.gov/arcgis/rest/services/encdirect/enc_coastal/MapServer/70,2026-09-20T05:40:25Z
34,16,32.5528121,-117.1194513,https://gis.charttools.noaa.gov/arcgis/rest/services/encdirect/enc_coastal/MapServer/70,2026-09-20T05:40:25Z
34,17,32.5529164,-117.1196483,https://gis.charttools.noaa.gov/arcgis/rest/services/encdirect/enc_coastal/MapServer/70,2026-09-20T05:40:25Z
34,18,32.5529372,-117.1198700,https://gis.charttools.noaa.gov/arcgis/rest/services/encdirect/enc_coastal/MapServer/70,2026-09-20T05:40:25Z
34,19,32.5528954,-117.1202149,https://gis.charttools.noaa.gov/arcgis/rest/services/encdirect/enc_coastal/MapServer/70,2026-09-20T05:40:25Z
34,20,32.5526452,-117.1210772,https://gis.charttools.noaa.gov/arcgis/rest/services/encdirect/enc_coastal/MapServer/70,2026-09-20T05:40:25Z
34,21,32.5523326,-117.1220628,https://gis.charttools.noaa.gov/arcgis/rest/services/encdirect/enc_coastal/MapServer/70,2026-09-20T05:40:25Z
34,22,32.5522283,-117.1228513,https://gis.charttools.noaa.gov/arcgis/rest/services/encdirect/enc_coastal/MapServer/70,2026-09-20T05:40:25Z
34,23,32.5521241,-117.1237874,https://gis.charttools.noaa.gov/arcgis/rest/services/encdirect/enc_coastal/MapServer/70,2026-09-20T05:40:25Z
34,24,32.5522074,-117.1245513,https://gis.charttools.noaa.gov/arcgis/rest/services/encdirect/enc_coastal/MapServer/70,2026-09-20T05:40:25Z
34,25,32.5523534,-117.1249456,https://gis.charttools.noaa.gov/arcgis/rest/services/encdirect/enc_coastal/MapServer/70,2026-09-20T05:40:25Z
34,26,32.5526036,-117.1252165,https://gis.charttools.noaa.gov/arcgis/rest/services/encdirect/enc_coastal/MapServer/70,2026-09-20T05:40:25Z
34,27,32.5529372,-117.1254137,https://gis.charttools.noaa.gov/arcgis/rest/services/encdirect/enc_coastal/MapServer/70,2026-09-20T05:40:25Z
34,28,32.5535418,-117.1255367,https://gis.charttools.noaa.gov/arcgis/rest/services/encdirect/enc_coastal/MapServer/70,2026-09-20T05:40:25Z
34,29,32.5553350,-117.1259404,https://gis.charttools.noaa.gov/arcgis/rest/services/encdirect/enc_coastal/MapServer/70,2026-09-20T05:40:25Z
34,30,32.5555644,-117.1259160,https://gis.charttools.noaa.gov/arcgis/rest/services/encdirect/enc_coastal/MapServer/70,2026-09-20T05:40:25Z
34,31,32.5556686,-117.1258419,https://gis.charttools.noaa.gov/arcgis/rest/services/encdirect/enc_coastal/MapServer/70,2026-09-20T05:40:25Z
34,32,32.5566827,-117.1246445,https://gis.charttools.noaa.gov/arcgis/rest/services/encdirect/enc_coastal/MapServer/70,2026-09-20T05:40:25Z
34,33,32.5568968,-117.1242054,https://gis.charttools.noaa.gov/arcgis/rest/services/encdirect/enc_coastal/MapServer/70,2026-09-20T05:40:25Z
34,34,32.5569386,-117.1239097,https://gis.charttools.noaa.gov/arcgis/rest/services/encdirect/enc_coastal/MapServer/70,2026-09-20T05:40:25Z
34,35,32.5569178,-117.1237373,https://gis.charttools.noaa.gov/arcgis/rest/services/encdirect/enc_coastal/MapServer/70,2026-09-20T05:40:25Z
34,36,32.5568135,-117.1235157,https://gis.charttools.noaa.gov/arcgis/rest/services/encdirect/enc_coastal/MapServer/70,2026-09-20T05:40:25Z
34,37,32.5563221,-117.1228749,https://gis.charttools.noaa.gov/arcgis/rest/services/encdirect/enc_coastal/MapServer/70,2026-09-20T05:40:25Z
34,38,32.5556683,-117.1220876,https://gis.charttools.noaa.gov/arcgis/rest/services/encdirect/enc_coastal/MapServer/70,2026-09-20T05:40:25Z
34,39,32.5554391,-117.1219150,https://gis.charttools.noaa.gov/arcgis/rest/services/encdirect/enc_coastal/MapServer/70,2026-09-20T05:40:25Z
34,40,32.5540004,-117.1213630,https://gis.charttools.noaa.gov/arcgis/rest/services/encdirect/enc_coastal/MapServer/70,2026-09-20T05:40:25Z
34,41,32.5538753,-117.1212152,https://gis.charttools.noaa.gov/arcgis/rest/services/encdirect/enc_coastal/MapServer/70,2026-09-20T05:40:25Z
34,42,32.5538544,-117.1210921,https://gis.charttools.noaa.gov/arcgis/rest/services/encdirect/enc_coastal/MapServer/70,2026-09-20T05:40:25Z
34,43,32.5538128,-117.1185642,https://gis.charttools.noaa.gov/arcgis/rest/services/encdirect/enc_coastal/MapServer/70,2026-09-20T05:40:25Z
34,44,32.5538545,-117.1184412,https://gis.charttools.noaa.gov/arcgis/rest/services/encdirect/enc_coastal/MapServer/70,2026-09-20T05:40:25Z
34,45,32.5539588,-117.1184164,https://gis.charttools.noaa.gov/arcgis/rest/services/encdirect/enc_coastal/MapServer/70,2026-09-20T05:40:25Z
34,46,32.5541881,-117.1184656,https://gis.charttools.noaa.gov/arcgis/rest/services/encdirect/enc_coastal/MapServer/70,2026-09-20T05:40:25Z
34,47,32.5542924,-117.1185397,https://gis.charttools.noaa.gov/arcgis/rest/services/encdirect/enc_coastal/MapServer/70,2026-09-20T05:40:25Z
34,48,32.5544175,-117.1190570,https://gis.charttools.noaa.gov/arcgis/rest/services/encdirect/enc_coastal/MapServer/70,2026-09-20T05:40:25Z
34,49,32.5545217,-117.1199440,https://gis.charttools.noaa.gov/arcgis/rest/services/encdirect/enc_coastal/MapServer/70,2026-09-20T05:40:25Z
34,50,32.5545842,-117.1202890,https://gis.charttools.noaa.gov/arcgis/rest/services/encdirect/enc_coastal/MapServer/70,2026-09-20T05:40:25Z
34,51,32.5547511,-117.1207077,https://gis.charttools.noaa.gov/arcgis/rest/services/encdirect/enc_coastal/MapServer/70,2026-09-20T05:40:25Z
34,52,32.5548970,-117.1209541,https://gis.charttools.noaa.gov/arcgis/rest/services/encdirect/enc_coastal/MapServer/70,2026-09-20T05:40:25Z
34,53,32.5550637,-117.1210527,https://gis.charttools.noaa.gov/arcgis/rest/services/encdirect/enc_coastal/MapServer/70,2026-09-20T05:40:25Z
34,54,32.5552305,-117.1210527,https://gis.charttools.noaa.gov/arcgis/rest/services/encdirect/enc_coastal/MapServer/70,2026-09-20T05:40:25Z
34,55,32.5558143,-117.1209541,https://gis.charttools.noaa.gov/arcgis/rest/services/encdirect/enc_coastal/MapServer/70,2026-09-20T05:40:25Z
34,56,32.5564607,-117.1208063,https://gis.charttools.noaa.gov/arcgis/rest/services/encdirect/enc_coastal/MapServer/70,2026-09-20T05:40:25Z
34,57,32.5565649,-117.1207077,https://gis.charttools.noaa.gov/arcgis/rest/services/encdirect/enc_coastal/MapServer/70,2026-09-20T05:40:25Z
34,58,32.5565857,-117.1206092,https://gis.charttools.noaa.gov/arcgis/rest/services/encdirect/enc_coastal/MapServer/70,2026-09-20T05:40:25Z
34,59,32.5565857,-117.1185397,https://gis.charttools.noaa.gov/arcgis/rest/services/encdirect/enc_coastal/MapServer/70,2026-09-20T05:40:25Z
34,60,32.5566691,-117.1183919,https://gis.charttools.noaa.gov/arcgis/rest/services/encdirect/enc_coastal/MapServer/70,2026-09-20T05:40:25Z
34,61,32.5568151,-117.1183178,https://gis.charttools.noaa.gov/arcgis/rest/services/encdirect/enc_coastal/MapServer/70,2026-09-20T05:40:25Z
34,62,32.5569610,-117.1183426,https://gis.charttools.noaa.gov/arcgis/rest/services/encdirect/enc_coastal/MapServer/70,2026-09-20T05:40:25Z
34,63,32.5571277,-117.1184656,https://gis.charttools.noaa.gov/arcgis/rest/services/encdirect/enc_coastal/MapServer/70,2026-09-20T05:40:25Z
34,64,32.5572946,-117.1186875,https://gis.charttools.noaa.gov/arcgis/rest/services/encdirect/enc_coastal/MapServer/70,2026-09-20T05:40:25Z
34,65,32.5574405,-117.1191311,https://gis.charttools.noaa.gov/arcgis/rest/services/encdirect/enc_coastal/MapServer/70,2026-09-20T05:40:25Z
34,66,32.5575616,-117.1199744,https://gis.charttools.noaa.gov/arcgis/rest/services/encdirect/enc_coastal/MapServer/70,2026-09-20T05:40:25Z
34,67,32.5577306,-117.1214380,https://gis.charttools.noaa.gov/arcgis/rest/services/encdirect/enc_coastal/MapServer/70,2026-09-20T05:40:25Z
34,68,32.5579025,-117.1228322,https://gis.charttools.noaa.gov/arcgis/rest/services/encdirect/enc_coastal/MapServer/70,2026-09-20T05:40:25Z
34,69,32.5578816,-117.1230541,https://gis.charttools.noaa.gov/arcgis/rest/services/encdirect/enc_coastal/MapServer/70,2026-09-20T05:40:25Z
34,70,32.5577356,-117.1241872,https://gis.charttools.noaa.gov/arcgis/rest/services/encdirect/enc_coastal/MapServer/70,2026-09-20T05:40:25Z
34,71,32.5575272,-117.1251236,https://gis.charttools.noaa.gov/arcgis/rest/services/encdirect/enc_coastal/MapServer/70,2026-09-20T05:40:25Z
34,72,32.5573604,-117.1258135,https://gis.charttools.noaa.gov/arcgis/rest/services/encdirect/enc_coastal/MapServer/70,2026-09-20T05:40:25Z
34,73,32.5572561,-117.1260599,https://gis.charttools.noaa.gov/arcgis/rest/services/encdirect/enc_coastal/MapServer/70,2026-09-20T05:40:25Z
34,74,32.5570894,-117.1262815,https://gis.charttools.noaa.gov/arcgis/rest/services/encdirect/enc_coastal/MapServer/70,2026-09-20T05:40:25Z
34,75,32.5567558,-117.1264787,https://gis.charttools.noaa.gov/arcgis/rest/services/encdirect/enc_coastal/MapServer/70,2026-09-20T05:40:25Z
34,76,32.5566516,-117.1266020,https://gis.charttools.noaa.gov/arcgis/rest/services/encdirect/enc_coastal/MapServer/70,2026-09-20T05:40:25Z
34,77,32.5566516,-117.1266757,https://gis.charttools.noaa.gov/arcgis/rest/services/encdirect/enc_coastal/MapServer/70,2026-09-20T05:40:25Z
34,78,32.5566933,-117.1268974,https://gis.charttools.noaa.gov/arcgis/rest/services/encdirect/enc_coastal/MapServer/70,2026-09-20T05:40:25Z
34,79,32.5568600,-117.1271931,https://gis.charttools.noaa.gov/arcgis/rest/services/encdirect/enc_coastal/MapServer/70,2026-09-20T05:40:25Z
34,80,32.5571311,-117.1275628,https://gis.charttools.noaa.gov/arcgis/rest/services/encdirect/enc_coastal/MapServer/70,2026-09-20T05:40:25Z
34,81,32.5573187,-117.1276613,https://gis.charttools.noaa.gov/arcgis/rest/services/encdirect/enc_coastal/MapServer/70,2026-09-20T05:40:25Z
34,82,32.5577650,-117.1278412,https://gis.charttools.noaa.gov/arcgis/rest/services/encdirect/enc_coastal/MapServer/70,2026-09-20T05:40:25Z
34,83,32.5581193,-117.1278164,https://gis.charttools.noaa.gov/arcgis/rest/services/encdirect/enc_coastal/MapServer/70,2026-09-20T05:40:25Z
34,84,32.5583278,-117.1277179,https://gis.charttools.noaa.gov/arcgis/rest/services/encdirect/enc_coastal/MapServer/70,2026-09-20T05:40:25Z
34,85,32.5586113,-117.1274150,https://gis.charttools.noaa.gov/arcgis/rest/services/encdirect/enc_coastal/MapServer/70,2026-09-20T05:40:25Z
34,86,32.5586947,-117.1272671,https://gis.charttools.noaa.gov/arcgis/rest/services/encdirect/enc_coastal/MapServer/70,2026-09-20T05:40:25Z
34,87,32.5586947,-117.1271438,https://gis.charttools.noaa.gov/arcgis/rest/services/encdirect/enc_coastal/MapServer/70,2026-09-20T05:40:25Z
34,88,32.5586322,-117.1269959,https://gis.charttools.noaa.gov/arcgis/rest/services/encdirect/enc_coastal/MapServer/70,2026-09-20T05:40:25Z
34,89,32.5584654,-117.1267743,https://gis.charttools.noaa.gov/arcgis/rest/services/encdirect/enc_coastal/MapServer/70,2026-09-20T05:40:25Z
34,90,32.5584236,-117.1266265,https://gis.charttools.noaa.gov/arcgis/rest/services/encdirect/enc_coastal/MapServer/70,2026-09-20T05:40:25Z
34,91,32.5584445,-117.1264787,https://gis.charttools.noaa.gov/arcgis/rest/services/encdirect/enc_coastal/MapServer/70,2026-09-20T05:40:25Z
34,92,32.5586530,-117.1260351,https://gis.charttools.noaa.gov/arcgis/rest/services/encdirect/enc_coastal/MapServer/70,2026-09-20T05:40:25Z
34,93,32.5587364,-117.1255671,https://gis.charttools.noaa.gov/arcgis/rest/services/encdirect/enc_coastal/MapServer/70,2026-09-20T05:40:25Z
34,94,32.5588197,-117.1239409,https://gis.charttools.noaa.gov/arcgis/rest/services/encdirect/enc_coastal/MapServer/70,2026-09-20T05:40:25Z
34,95,32.5586947,-117.1218468,https://gis.charttools.noaa.gov/arcgis/rest/services/encdirect/enc_coastal/MapServer/70,2026-09-20T05:40:25Z
34,96,32.5585278,-117.1201713,https://gis.charttools.noaa.gov/arcgis/rest/services/encdirect/enc_coastal/MapServer/70,2026-09-20T05:40:25Z
34,97,32.5583819,-117.1188163,https://gis.charttools.noaa.gov/arcgis/rest/services/encdirect/enc_coastal/MapServer/70,2026-09-20T05:40:25Z
34,98,32.5584236,-117.1186932,https://gis.charttools.noaa.gov/arcgis/rest/services/encdirect/enc_coastal/MapServer/70,2026-09-20T05:40:25Z
34,99,32.5585278,-117.1186439,https://gis.charttools.noaa.gov/arcgis/rest/services/encdirect/enc_coastal/MapServer/70,2026-09-20T05:40:25Z
34,100,32.5591325,-117.1185946,https://gis.charttools.noaa.gov/arcgis/rest/services/encdirect/enc_coastal/MapServer/70,2026-09-20T05:40:25Z
34,101,32.5595494,-117.1186932,https://gis.charttools.noaa.gov/arcgis/rest/services/encdirect/enc_coastal/MapServer/70,2026-09-20T05:40:25Z
34,102,32.5596538,-117.1188163,https://gis.charttools.noaa.gov/arcgis/rest/services/encdirect/enc_coastal/MapServer/70,2026-09-20T05:40:25Z
34,103,32.5597162,-117.1190133,https://gis.charttools.noaa.gov/arcgis/rest/services/encdirect/enc_coastal/MapServer/70,2026-09-20T05:40:25Z
34,104,32.5597370,-117.1193338,https://gis.charttools.noaa.gov/arcgis/rest/services/encdirect/enc_coastal/MapServer/70,2026-09-20T05:40:25Z
34,105,32.5596328,-117.1204918,https://gis.charttools.noaa.gov/arcgis/rest/services/encdirect/enc_coastal/MapServer/70,2026-09-20T05:40:25Z
34,106,32.5595494,-117.1238423,https://gis.charttools.noaa.gov/arcgis/rest/services/encdirect/enc_coastal/MapServer/70,2026-09-20T05:40:25Z
34,107,32.5596120,-117.1252714,https://gis.charttools.noaa.gov/arcgis/rest/services/encdirect/enc_coastal/MapServer/70,2026-09-20T05:40:25Z
34,108,32.5597162,-117.1263063,https://gis.charttools.noaa.gov/arcgis/rest/services/encdirect/enc_coastal/MapServer/70,2026-09-20T05:40:25Z
34,109,32.5600517,-117.1278509,https://gis.charttools.noaa.gov/arcgis/rest/services/encdirect/enc_coastal/MapServer/70,2026-09-20T05:40:25Z
34,110,32.5603446,-117.1284763,https://gis.charttools.noaa.gov/arcgis/rest/services/encdirect/enc_coastal/MapServer/70,2026-09-20T05:40:25Z
34,111,32.5621769,-117.1289661,https://gis.charttools.noaa.gov/arcgis/rest/services/encdirect/enc_coastal/MapServer/70,2026-09-20T05:40:25Z
34,112,32.5628232,-117.1290154,https://gis.charttools.noaa.gov/arcgis/rest/services/encdirect/enc_coastal/MapServer/70,2026-09-20T05:40:25Z
34,113,32.5645951,-117.1290399,https://gis.charttools.noaa.gov/arcgis/rest/services/encdirect/enc_coastal/MapServer/70,2026-09-20T05:40:25Z
34,114,32.5668989,-117.1289249,https://gis.charttools.noaa.gov/arcgis/rest/services/encdirect/enc_coastal/MapServer/70,2026-09-20T05:40:25Z
34,115,32.5678074,-117.1288483,https://gis.charttools.noaa.gov/arcgis/rest/services/encdirect/enc_coastal/MapServer/70,2026-09-20T05:40:25Z
34,116,32.5691053,-117.1285226,https://gis.charttools.noaa.gov/arcgis/rest/services/encdirect/enc_coastal/MapServer/70,2026-09-20T05:40:25Z
34,117,32.5695258,-117.1284700,https://gis.charttools.noaa.gov/arcgis/rest/services/encdirect/enc_coastal/MapServer/70,2026-09-20T05:40:25Z
34,118,32.5697418,-117.1284527,https://gis.charttools.noaa.gov/arcgis/rest/services/encdirect/enc_coastal/MapServer/70,2026-09-20T05:40:25Z
34,119,32.5710759,-117.1286005,https://gis.charttools.noaa.gov/arcgis/rest/services/encdirect/enc_coastal/MapServer/70,2026-09-20T05:40:25Z
34,120,32.5716563,-117.1287381,https://gis.charttools.noaa.gov/arcgis/rest/services/encdirect/enc_coastal/MapServer/70,2026-09-20T05:40:25Z
34,121,32.5717580,-117.1288028,https://gis.charttools.noaa.gov/arcgis/rest/services/encdirect/enc_coastal/MapServer/70,2026-09-20T05:40:25Z
34,122,32.5717944,-117.1289212,https://gis.charttools.noaa.gov/arcgis/rest/services/encdirect/enc_coastal/MapServer/70,2026-09-20T05:40:25Z
34,123,32.5716406,-117.1290153,https://gis.charttools.noaa.gov/arcgis/rest/services/encdirect/enc_coastal/MapServer/70,2026-09-20T05:40:25Z
34,124,32.5711008,-117.1291332,https://gis.charttools.noaa.gov/arcgis/rest/services/encdirect/enc_coastal/MapServer/70,2026-09-20T05:40:25Z
34,125,32.5689508,-117.1296624,https://gis.charttools.noaa.gov/arcgis/rest/services/encdirect/enc_coastal/MapServer/70,2026-09-20T05:40:25Z
34,126,32.5674916,-117.1300074,https://gis.charttools.noaa.gov/arcgis/rest/services/encdirect/enc_coastal/MapServer/70,2026-09-20T05:40:25Z
34,127,32.5666578,-117.1301307,https://gis.charttools.noaa.gov/arcgis/rest/services/encdirect/enc_coastal/MapServer/70,2026-09-20T05:40:25Z
34,128,32.5651568,-117.1302293,https://gis.charttools.noaa.gov/arcgis/rest/services/encdirect/enc_coastal/MapServer/70,2026-09-20T05:40:25Z
34,129,32.5634807,-117.1301550,https://gis.charttools.noaa.gov/arcgis/rest/services/encdirect/enc_coastal/MapServer/70,2026-09-20T05:40:25Z
34,130,32.5620631,-117.1299578,https://gis.charttools.noaa.gov/arcgis/rest/services/encdirect/enc_coastal/MapServer/70,2026-09-20T05:40:25Z
34,131,32.5604786,-117.1295143,https://gis.charttools.noaa.gov/arcgis/rest/services/encdirect/enc_coastal/MapServer/70,2026-09-20T05:40:25Z
34,132,32.5592605,-117.1290694,https://gis.charttools.noaa.gov/arcgis/rest/services/encdirect/enc_coastal/MapServer/70,2026-09-20T05:40:25Z
34,133,32.5584475,-117.1287985,https://gis.charttools.noaa.gov/arcgis/rest/services/encdirect/enc_coastal/MapServer/70,2026-09-20T05:40:25Z
34,134,32.5576969,-117.1286014,https://gis.charttools.noaa.gov/arcgis/rest/services/encdirect/enc_coastal/MapServer/70,2026-09-20T05:40:25Z
34,135,32.5570695,-117.1283972,https://gis.charttools.noaa.gov/arcgis/rest/services/encdirect/enc_coastal/MapServer/70,2026-09-20T05:40:25Z
34,136,32.5562258,-117.1280140,https://gis.charttools.noaa.gov/arcgis/rest/services/encdirect/enc_coastal/MapServer/70,2026-09-20T05:40:25Z
34,137,32.5557228,-117.1277458,https://gis.charttools.noaa.gov/arcgis/rest/services/encdirect/enc_coastal/MapServer/70,2026-09-20T05:40:25Z
34,138,32.5552035,-117.1274776,https://gis.charttools.noaa.gov/arcgis/rest/services/encdirect/enc_coastal/MapServer/70,2026-09-20T05:40:25Z
34,139,32.5548141,-117.1272094,https://gis.charttools.noaa.gov/arcgis/rest/services/encdirect/enc_coastal/MapServer/70,2026-09-20T05:40:25Z
34,140,32.5545058,-117.1270944,https://gis.charttools.noaa.gov/arcgis/rest/services/encdirect/enc_coastal/MapServer/70,2026-09-20T05:40:25Z
34,141,32.5543818,-117.1272409,https://gis.charttools.noaa.gov/arcgis/rest/services/encdirect/enc_coastal/MapServer/70,2026-09-20T05:40:25Z
34,142,32.5543436,-117.1272860,https://gis.charttools.noaa.gov/arcgis/rest/services/encdirect/enc_coastal/MapServer/70,2026-09-20T05:40:25Z
34,143,32.5543517,-117.1273323,https://gis.charttools.noaa.gov/arcgis/rest/services/encdirect/enc_coastal/MapServer/70,2026-09-20T05:40:25Z
34,144,32.5544364,-117.1278183,https://gis.charttools.noaa.gov/arcgis/rest/services/encdirect/enc_coastal/MapServer/70,2026-09-20T05:40:25Z
34,145,32.5544571,-117.1279374,https://gis.charttools.noaa.gov/arcgis/rest/services/encdirect/enc_coastal/MapServer/70,2026-09-20T05:40:25Z
34,146,32.5549115,-117.1284930,https://gis.charttools.noaa.gov/arcgis/rest/services/encdirect/enc_coastal/MapServer/70,2026-09-20T05:40:25Z
34,147,32.5558364,-117.1291827,https://gis.charttools.noaa.gov/arcgis/rest/services/encdirect/enc_coastal/MapServer/70,2026-09-20T05:40:25Z
34,148,32.5566223,-117.1295864,https://gis.charttools.noaa.gov/arcgis/rest/services/encdirect/enc_coastal/MapServer/70,2026-09-20T05:40:25Z
34,149,32.5568630,-117.1297101,https://gis.charttools.noaa.gov/arcgis/rest/services/encdirect/enc_coastal/MapServer/70,2026-09-20T05:40:25Z
