part,seq,lat,lon,source_layer,cell,fetched_utc
0,0,32.6793806,-117.2480732,https://gis.charttools.noaa.gov/arcgis/rest/services/encdirect/enc_coastal/MapServer/70,US3CA1CJ.000,2026-09-22T18:16:52Z
0,1,32.6795133,-117.2481464,https://gis.charttools.noaa.gov/arcgis/rest/services/encdirect/enc_coastal/MapServer/70,US3CA1CJ.000,2026-09-22T18:16:52Z
0,2,32.6795214,-117.2481509,https://gis.charttools.noaa.gov/arcgis/rest/services/encdirect/enc_coastal/MapServer/70,US3CA1CJ.000,2026-09-22T18:16:52Z
0,3,32.6797475,-117.2482756,https://gis.charttools.noaa.gov/arcgis/rest/services/encdirect/enc_coastal/MapServer/70,US3CA1CJ.000,2026-09-22T18:16:52Z
0,4,32.6797635,-117.2482845,https://gis.charttools.noaa.gov/arcgis/rest/services/encdirect/enc_coastal/MapServer/70,US3CA1CJ.000,2026-09-22T18:16:52Z
0,5,32.6798373,-117.2483252,https://gis.charttools.noaa.gov/arcgis/rest/services/encdirect/enc_coastal/MapServer/70,US3CA1CJ.000,2026-09-22T18:16:52Z
0,6,32.6807128,-117.2486347,https://gis.charttools.noaa.gov/arcgis/rest/services/encdirect/enc_coastal/MapServer/70,US3CA1CJ.000,2026-09-22T18:16:52Z
0,7,32.6807182,-117.2486365,https://gis.charttools.noaa.gov/arcgis/rest/services/encdirect/enc_coastal/MapServer/70,US3CA1CJ.000,2026-09-22T18:16:52Z
0,8,32.6807184,-117.2486366,https://gis.charttools.noaa.gov/arcgis/rest/services/encdirect/enc_coastal/MapServer/70,US3CA1CJ.000,2026-09-22T18:16:52Z
0,9,32.6807984,-117.2486649,https://gis.charttools.noaa.gov/arcgis/rest/services/encdirect/enc_coastal/MapServer/70,US3CA1CJ.000,2026-09-22T18:16:52Z
0,10,32.6813235,-117.2487064,https://gis.charttools.noaa.gov/arcgis/rest/services/encdirect/enc_coastal/MapServer/70,US3CA1CJ.000,2026-09-22T18:16:52Z
0,11,32.6813404,-117.2487077,https://gis.charttools.noaa.gov/arcgis/rest/services/encdirect/enc_coastal/MapServer/70,US3CA1CJ.000,2026-09-22T18:16:52Z
0,12,32.6814695,-117.2487179,https://gis.charttools.noaa.gov/arcgis/rest/services/encdirect/enc_coastal/MapServer/70,US3CA1CJ.000,2026-09-22T18:16:52Z
0,13,32.6814741,-117.2487183,https://gis.charttools.noaa.gov/arcgis/rest/services/encdirect/enc_coastal/MapServer/70,US3CA1CJ.000,2026-09-22T18:16:52Z
0,14,32.6815040,-117.2487206,https://gis.charttools.noaa.gov/arcgis/rest/services/encdirect/enc_coastal/MapServer/70,US3CA1CJ.000,2026-09-22T18:16:52Z
0,15,32.6815100,-117.2487211,https://gis.charttools.noaa.gov/arcgis/rest/services/encdirect/enc_coastal/MapServer/70,US3CA1CJ.000,2026-09-22T18:16:52Z
0,16,32.6817833,-117.2487427,https://gis.charttools.noaa.gov/arcgis/rest/services/encdirect/enc_coastal/MapServer/70,US3CA1CJ.000,2026-09-22T18:16:52Z
0,17,32.6818134,-117.2487451,https://gis.charttools.noaa.gov/arcgis/rest/services/encdirect/enc_coastal/MapServer/70,US3CA1CJ.000,2026-09-22T18:16:52Z
0,18,32.6818686,-117.2487494,https://gis.charttools.noaa.gov/arcgis/rest/services/encdirect/enc_coastal/MapServer/70,US3CA1CJ.000,2026-09-22T18:16:52Z
0,19,32.6820479,-117.2487636,https://gis.charttools.noaa.gov/arcgis/rest/services/encdirect/enc_coastal/MapServer/70,US3CA1CJ.000,2026-09-22T18:16:52Z
0,20,32.6825411,-117.2489148,https://gis.charttools.noaa.gov/arcgis/rest/services/encdirect/enc_coastal/MapServer/70,US3CA1CJ.000,2026-09-22T18:16:52Z
0,21,32.6826173,-117.2489812,https://gis.charttools.noaa.gov/arcgis/rest/services/encdirect/enc_coastal/MapServer/70,US3CA1CJ.000,2026-09-22T18:16:52Z
0,22,32.6828342,-117.2491701,https://gis.charttools.noaa.gov/arcgis/rest/services/encdirect/enc_coastal/MapServer/70,US3CA1CJ.000,2026-09-22T18:16:52Z
0,23,32.6828358,-117.2491716,https://gis.charttools.noaa.gov/arcgis/rest/services/encdirect/enc_coastal/MapServer/70,US3CA1CJ.000,2026-09-22T18:16:52Z
0,24,32.6828882,-117.2492172,https://gis.charttools.noaa.gov/arcgis/rest/services/encdirect/enc_coastal/MapServer/70,US3CA1CJ.000,2026-09-22T18:16:52Z
0,25,32.6830234,-117.2493416,https://gis.charttools.noaa.gov/arcgis/rest/services/encdirect/enc_coastal/MapServer/70,US3CA1CJ.000,2026-09-22T18:16:52Z
0,26,32.6830239,-117.2493420,https://gis.charttools.noaa.gov/arcgis/rest/services/encdirect/enc_coastal/MapServer/70,US3CA1CJ.000,2026-09-22T18:16:52Z
0,27,32.6831662,-117.2494729,https://gis.charttools.noaa.gov/arcgis/rest/services/encdirect/enc_coastal/MapServer/70,US3CA1CJ.000,2026-09-22T18:16:52Z
0,28,32.6831685,-117.2494750,https://gis.charttools.noaa.gov/arcgis/rest/services/encdirect/enc_coastal/MapServer/70,US3CA1CJ.000,2026-09-22T18:16:52Z
0,29,32.6833814,-117.2496708,https://gis.charttools.noaa.gov/arcgis/rest/services/encdirect/enc_coastal/MapServer/70,US3CA1CJ.000,2026-09-22T18:16:52Z
0,30,32.6840216,-117.2498435,https://gis.charttools.noaa.gov/arcgis/rest/services/encdirect/enc_coastal/MapServer/70,US3CA1CJ.000,2026-09-22T18:16:52Z
0,31,32.6841416,-117.2498506,https://gis.charttools.noaa.gov/arcgis/rest/services/encdirect/enc_coastal/MapServer/70,US3CA1CJ.000,2026-09-22T18:16:52Z
0,32,32.6842815,-117.2498589,https://gis.charttools.noaa.gov/arcgis/rest/services/encdirect/enc_coastal/MapServer/70,US3CA1CJ.000,2026-09-22T18:16:52Z
0,33,32.6851167,-117.2499084,https://gis.charttools.noaa.gov/arcgis/rest/services/encdirect/enc_coastal/MapServer/70,US3CA1CJ.000,2026-09-22T18:16:52Z
0,34,32.6853319,-117.2499700,https://gis.charttools.noaa.gov/arcgis/rest/services/encdirect/enc_coastal/MapServer/70,US3CA1CJ.000,2026-09-22T18:16:52Z
0,35,32.6853587,-117.2499777,https://gis.charttools.noaa.gov/arcgis/rest/services/encdirect/enc_coastal/MapServer/70,US3CA1CJ.000,2026-09-22T18:16:52Z
0,36,32.6857475,-117.2500889,https://gis.charttools.noaa.gov/arcgis/rest/services/encdirect/enc_coastal/MapServer/70,US3CA1CJ.000,2026-09-22T18:16:52Z
0,37,32.6861057,-117.2501914,https://gis.charttools.noaa.gov/arcgis/rest/services/encdirect/enc_coastal/MapServer/70,US3CA1CJ.000,2026-09-22T18:16:52Z
0,38,32.6861099,-117.2501925,https://gis.charttools.noaa.gov/arcgis/rest/services/encdirect/enc_coastal/MapServer/70,US3CA1CJ.000,2026-09-22T18:16:52Z
0,39,32.6862179,-117.2502234,https://gis.charttools.noaa.gov/arcgis/rest/services/encdirect/enc_coastal/MapServer/70,US3CA1CJ.000,2026-09-22T18:16:52Z
0,40,32.6862213,-117.2502244,https://gis.charttools.noaa.gov/arcgis/rest/services/encdirect/enc_coastal/MapServer/70,US3CA1CJ.000,2026-09-22T18:16:52Z
0,41,32.6862492,-117.2502324,https://gis.charttools.noaa.gov/arcgis/rest/services/encdirect/enc_coastal/MapServer/70,US3CA1CJ.000,2026-09-22T18:16:52Z
0,42,32.6865764,-117.2503134,https://gis.charttools.noaa.gov/arcgis/rest/services/encdirect/enc_coastal/MapServer/70,US3CA1CJ.000,2026-09-22T18:16:52Z
0,43,32.6867332,-117.2503522,https://gis.charttools.noaa.gov/arcgis/rest/services/encdirect/enc_coastal/MapServer/70,US3CA1CJ.000,2026-09-22T18:16:52Z
0,44,32.6870347,-117.2504268,https://gis.charttools.noaa.gov/arcgis/rest/services/encdirect/enc_coastal/MapServer/70,US3CA1CJ.000,2026-09-22T18:16:52Z
0,45,32.6873663,-117.2503848,https://gis.charttools.noaa.gov/arcgis/rest/services/encdirect/enc_coastal/MapServer/70,US3CA1CJ.000,2026-09-22T18:16:52Z
0,46,32.6873841,-117.2503825,https://gis.charttools.noaa.gov/arcgis/rest/services/encdirect/enc_coastal/MapServer/70,US3CA1CJ.000,2026-09-22T18:16:52Z
0,47,32.6880576,-117.2502972,https://gis.charttools.noaa.gov/arcgis/rest/services/encdirect/enc_coastal/MapServer/70,US3CA1CJ.000,2026-09-22T18:16:52Z
0,48,32.6888613,-117.2502108,https://gis.charttools.noaa.gov/arcgis/rest/services/encdirect/enc_coastal/MapServer/70,US3CA1CJ.000,2026-09-22T18:16:52Z
0,49,32.6892109,-117.2502609,https://gis.charttools.noaa.gov/arcgis/rest/services/encdirect/enc_coastal/MapServer/70,US3CA1CJ.000,2026-09-22T18:16:52Z
0,50,32.6892490,-117.2502664,https://gis.charttools.noaa.gov/arcgis/rest/services/encdirect/enc_coastal/MapServer/70,US3CA1CJ.000,2026-09-22T18:16:52Z
0,51,32.6894640,-117.2502972,https://gis.charttools.noaa.gov/arcgis/rest/services/encdirect/enc_coastal/MapServer/70,US3CA1CJ.000,2026-09-22T18:16:52Z
0,52,32.6901764,-117.2506644,https://gis.charttools.noaa.gov/arcgis/rest/services/encdirect/enc_coastal/MapServer/70,US3CA1CJ.000,2026-09-22T18:16:52Z
0,53,32.6903688,-117.2508350,https://gis.charttools.noaa.gov/arcgis/rest/services/encdirect/enc_coastal/MapServer/70,US3CA1CJ.000,2026-09-22T18:16:52Z
0,54,32.6909070,-117.2513124,https://gis.charttools.noaa.gov/arcgis/rest/services/encdirect/enc_coastal/MapServer/70,US3CA1CJ.000,2026-09-22T18:16:52Z
0,55,32.6914367,-117.2517444,https://gis.charttools.noaa.gov/arcgis/rest/services/encdirect/enc_coastal/MapServer/70,US3CA1CJ.000,2026-09-22T18:16:52Z
0,56,32.6917290,-117.2523492,https://gis.charttools.noaa.gov/arcgis/rest/services/encdirect/enc_coastal/MapServer/70,US3CA1CJ.000,2026-09-22T18:16:52Z
0,57,32.6918031,-117.2525136,https://gis.charttools.noaa.gov/arcgis/rest/services/encdirect/enc_coastal/MapServer/70,US3CA1CJ.000,2026-09-22T18:16:52Z
0,58,32.6918181,-117.2525468,https://gis.charttools.noaa.gov/arcgis/rest/services/encdirect/enc_coastal/MapServer/70,US3CA1CJ.000,2026-09-22T18:16:52Z
0,59,32.6920212,-117.2529972,https://gis.charttools.noaa.gov/arcgis/rest/services/encdirect/enc_coastal/MapServer/70,US3CA1CJ.000,2026-09-22T18:16:52Z
0,60,32.6922748,-117.2531818,https://gis.charttools.noaa.gov/arcgis/rest/services/encdirect/enc_coastal/MapServer/70,US3CA1CJ.000,2026-09-22T18:16:52Z
0,61,32.6923658,-117.2532480,https://gis.charttools.noaa.gov/arcgis/rest/services/encdirect/enc_coastal/MapServer/70,US3CA1CJ.000,2026-09-22T18:16:52Z
0,62,32.6924961,-117.2533428,https://gis.charttools.noaa.gov/arcgis/rest/services/encdirect/enc_coastal/MapServer/70,US3CA1CJ.000,2026-09-22T18:16:52Z
0,63,32.6934641,-117.2536452,https://gis.charttools.noaa.gov/arcgis/rest/services/encdirect/enc_coastal/MapServer/70,US3CA1CJ.000,2026-09-22T18:16:52Z
0,64,32.6935772,-117.2536727,https://gis.charttools.noaa.gov/arcgis/rest/services/encdirect/enc_coastal/MapServer/70,US3CA1CJ.000,2026-09-22T18:16:52Z
0,65,32.6941020,-117.2538005,https://gis.charttools.noaa.gov/arcgis/rest/services/encdirect/enc_coastal/MapServer/70,US3CA1CJ.000,2026-09-22T18:16:52Z
0,66,32.6945959,-117.2539208,https://gis.charttools.noaa.gov/arcgis/rest/services/encdirect/enc_coastal/MapServer/70,US3CA1CJ.000,2026-09-22T18:16:52Z
0,67,32.6946480,-117.2539335,https://gis.charttools.noaa.gov/arcgis/rest/services/encdirect/enc_coastal/MapServer/70,US3CA1CJ.000,2026-09-22T18:16:52Z
0,68,32.6947061,-117.2539476,https://gis.charttools.noaa.gov/arcgis/rest/services/encdirect/enc_coastal/MapServer/70,US3CA1CJ.000,2026-09-22T18:16:52Z
0,69,32.6948543,-117.2539712,https://gis.charttools.noaa.gov/arcgis/rest/services/encdirect/enc_coastal/MapServer/70,US3CA1CJ.000,2026-09-22T18:16:52Z
0,70,32.6960853,-117.2541672,https://gis.charttools.noaa.gov/arcgis/rest/services/encdirect/enc_coastal/MapServer/70,US3CA1CJ.000,2026-09-22T18:16:52Z
0,71,32.6961671,-117.2541802,https://gis.charttools.noaa.gov/arcgis/rest/services/encdirect/enc_coastal/MapServer/70,US3CA1CJ.000,2026-09-22T18:16:52Z
0,72,32.6961934,-117.2541844,https://gis.charttools.noaa.gov/arcgis/rest/services/encdirect/enc_coastal/MapServer/70,US3CA1CJ.000,2026-09-22T18:16:52Z
0,73,32.6966056,-117.2542500,https://gis.charttools.noaa.gov/arcgis/rest/services/encdirect/enc_coastal/MapServer/70,US3CA1CJ.000,2026-09-22T18:16:52Z
0,74,32.6974380,-117.2544192,https://gis.charttools.noaa.gov/arcgis/rest/services/encdirect/enc_coastal/MapServer/70,US3CA1CJ.000,2026-09-22T18:16:52Z
0,75,32.6975686,-117.2544458,https://gis.charttools.noaa.gov/arcgis/rest/services/encdirect/enc_coastal/MapServer/70,US3CA1CJ.000,2026-09-22T18:16:52Z
0,76,32.6977745,-117.2544876,https://gis.charttools.noaa.gov/arcgis/rest/services/encdirect/enc_coastal/MapServer/70,US3CA1CJ.000,2026-09-22T18:16:52Z
0,77,32.6984138,-117.2547900,https://gis.charttools.noaa.gov/arcgis/rest/services/encdirect/enc_coastal/MapServer/70,US3CA1CJ.000,2026-09-22T18:16:52Z
0,78,32.6984171,-117.2547919,https://gis.charttools.noaa.gov/arcgis/rest/services/encdirect/enc_coastal/MapServer/70,US3CA1CJ.000,2026-09-22T18:16:52Z
0,79,32.6989617,-117.2551140,https://gis.charttools.noaa.gov/arcgis/rest/services/encdirect/enc_coastal/MapServer/70,US3CA1CJ.000,2026-09-22T18:16:52Z
0,80,32.6991078,-117.2552004,https://gis.charttools.noaa.gov/arcgis/rest/services/encdirect/enc_coastal/MapServer/70,US3CA1CJ.000,2026-09-22T18:16:52Z
0,81,32.6995489,-117.2553743,https://gis.charttools.noaa.gov/arcgis/rest/services/encdirect/enc_coastal/MapServer/70,US3CA1CJ.000,2026-09-22T18:16:52Z
0,82,32.6996557,-117.2554164,https://gis.charttools.noaa.gov/arcgis/rest/services/encdirect/enc_coastal/MapServer/70,US3CA1CJ.000,2026-09-22T18:16:52Z
0,83,32.7000500,-117.2553707,https://gis.charttools.noaa.gov/arcgis/rest/services/encdirect/enc_coastal/MapServer/70,US3CA1CJ.000,2026-09-22T18:16:52Z
0,84,32.7005871,-117.2553084,https://gis.charttools.noaa.gov/arcgis/rest/services/encdirect/enc_coastal/MapServer/70,US3CA1CJ.000,2026-09-22T18:16:52Z
0,85,32.7010802,-117.2551356,https://gis.charttools.noaa.gov/arcgis/rest/services/encdirect/enc_coastal/MapServer/70,US3CA1CJ.000,2026-09-22T18:16:52Z
0,86,32.7018655,-117.2551140,https://gis.charttools.noaa.gov/arcgis/rest/services/encdirect/enc_coastal/MapServer/70,US3CA1CJ.000,2026-09-22T18:16:52Z
0,87,32.7025708,-117.2552697,https://gis.charttools.noaa.gov/arcgis/rest/services/encdirect/enc_coastal/MapServer/70,US3CA1CJ.000,2026-09-22T18:16:52Z
0,88,32.7029212,-117.2553471,https://gis.charttools.noaa.gov/arcgis/rest/services/encdirect/enc_coastal/MapServer/70,US3CA1CJ.000,2026-09-22T18:16:52Z
0,89,32.7032353,-117.2554164,https://gis.charttools.noaa.gov/arcgis/rest/services/encdirect/enc_coastal/MapServer/70,US3CA1CJ.000,2026-09-22T18:16:52Z
0,90,32.7039344,-117.2555200,https://gis.charttools.noaa.gov/arcgis/rest/services/encdirect/enc_coastal/MapServer/70,US3CA1CJ.000,2026-09-22T18:16:52Z
0,91,32.7050589,-117.2554778,https://gis.charttools.noaa.gov/arcgis/rest/services/encdirect/enc_coastal/MapServer/70,US3CA1CJ.000,2026-09-22T18:16:52Z
0,92,32.7058915,-117.2554465,https://gis.charttools.noaa.gov/arcgis/rest/services/encdirect/enc_coastal/MapServer/70,US3CA1CJ.000,2026-09-22T18:16:52Z
0,93,32.7059415,-117.2554446,https://gis.charttools.noaa.gov/arcgis/rest/services/encdirect/enc_coastal/MapServer/70,US3CA1CJ.000,2026-09-22T18:16:52Z
0,94,32.7060874,-117.2554391,https://gis.charttools.noaa.gov/arcgis/rest/services/encdirect/enc_coastal/MapServer/70,US3CA1CJ.000,2026-09-22T18:16:52Z
0,95,32.7074721,-117.2554596,https://gis.charttools.noaa.gov/arcgis/rest/services/encdirect/enc_coastal/MapServer/70,US3CA1CJ.000,2026-09-22T18:16:52Z
0,96,32.7096595,-117.2554824,https://gis.charttools.noaa.gov/arcgis/rest/services/encdirect/enc_coastal/MapServer/70,US3CA1CJ.000,2026-09-22T18:16:52Z
0,97,32.7103322,-117.2556441,https://gis.charttools.noaa.gov/arcgis/rest/services/encdirect/enc_coastal/MapServer/70,US3CA1CJ.000,2026-09-22T18:16:52Z
0,98,32.7107598,-117.2557609,https://gis.charttools.noaa.gov/arcgis/rest/services/encdirect/enc_coastal/MapServer/70,US3CA1CJ.000,2026-09-22T18:16:52Z
0,99,32.7120095,-117.2561022,https://gis.charttools.noaa.gov/arcgis/rest/services/encdirect/enc_coastal/MapServer/70,US3CA1CJ.000,2026-09-22T18:16:52Z
1,0,32.7120095,-117.2561022,https://gis.charttools.noaa.gov/arcgis/rest/services/encdirect/enc_coastal/MapServer/70,US3CA70M.000,2026-09-22T18:16:52Z
1,1,32.7145891,-117.2562676,https://gis.charttools.noaa.gov/arcgis/rest/services/encdirect/enc_coastal/MapServer/70,US3CA70M.000,2026-09-22T18:16:52Z
1,2,32.7151470,-117.2564476,https://gis.charttools.noaa.gov/arcgis/rest/services/encdirect/enc_coastal/MapServer/70,US3CA70M.000,2026-09-22T18:16:52Z
1,3,32.7152423,-117.2564283,https://gis.charttools.noaa.gov/arcgis/rest/services/encdirect/enc_coastal/MapServer/70,US3CA70M.000,2026-09-22T18:16:52Z
1,4,32.7155909,-117.2563576,https://gis.charttools.noaa.gov/arcgis/rest/services/encdirect/enc_coastal/MapServer/70,US3CA70M.000,2026-09-22T18:16:52Z
1,5,32.7158191,-117.2561176,https://gis.charttools.noaa.gov/arcgis/rest/services/encdirect/enc_coastal/MapServer/70,US3CA70M.000,2026-09-22T18:16:52Z
1,6,32.7160069,-117.2560163,https://gis.charttools.noaa.gov/arcgis/rest/services/encdirect/enc_coastal/MapServer/70,US3CA70M.000,2026-09-22T18:16:52Z
1,7,32.7161366,-117.2559463,https://gis.charttools.noaa.gov/arcgis/rest/services/encdirect/enc_coastal/MapServer/70,US3CA70M.000,2026-09-22T18:16:52Z
1,8,32.7162024,-117.2559108,https://gis.charttools.noaa.gov/arcgis/rest/services/encdirect/enc_coastal/MapServer/70,US3CA70M.000,2026-09-22T18:16:52Z
1,9,32.7176632,-117.2559828,https://gis.charttools.noaa.gov/arcgis/rest/services/encdirect/enc_coastal/MapServer/70,US3CA70M.000,2026-09-22T18:16:52Z
1,10,32.7187234,-117.2564804,https://gis.charttools.noaa.gov/arcgis/rest/services/encdirect/enc_coastal/MapServer/70,US3CA70M.000,2026-09-22T18:16:52Z
1,11,32.7188535,-117.2565415,https://gis.charttools.noaa.gov/arcgis/rest/services/encdirect/enc_coastal/MapServer/70,US3CA70M.000,2026-09-22T18:16:52Z
1,12,32.7193283,-117.2569735,https://gis.charttools.noaa.gov/arcgis/rest/services/encdirect/enc_coastal/MapServer/70,US3CA70M.000,2026-09-22T18:16:52Z
1,13,32.7198395,-117.2571679,https://gis.charttools.noaa.gov/arcgis/rest/services/encdirect/enc_coastal/MapServer/70,US3CA70M.000,2026-09-22T18:16:52Z
1,14,32.7209716,-117.2572111,https://gis.charttools.noaa.gov/arcgis/rest/services/encdirect/enc_coastal/MapServer/70,US3CA70M.000,2026-09-22T18:16:52Z
1,15,32.7215688,-117.2572111,https://gis.charttools.noaa.gov/arcgis/rest/services/encdirect/enc_coastal/MapServer/70,US3CA70M.000,2026-09-22T18:16:52Z
1,16,32.7225784,-117.2572111,https://gis.charttools.noaa.gov/arcgis/rest/services/encdirect/enc_coastal/MapServer/70,US3CA70M.000,2026-09-22T18:16:52Z
1,17,32.7226059,-117.2572164,https://gis.charttools.noaa.gov/arcgis/rest/services/encdirect/enc_coastal/MapServer/70,US3CA70M.000,2026-09-22T18:16:52Z
1,18,32.7236922,-117.2574271,https://gis.charttools.noaa.gov/arcgis/rest/services/encdirect/enc_coastal/MapServer/70,US3CA70M.000,2026-09-22T18:16:52Z
1,19,32.7241035,-117.2575731,https://gis.charttools.noaa.gov/arcgis/rest/services/encdirect/enc_coastal/MapServer/70,US3CA70M.000,2026-09-22T18:16:52Z
1,20,32.7247877,-117.2578159,https://gis.charttools.noaa.gov/arcgis/rest/services/encdirect/enc_coastal/MapServer/70,US3CA70M.000,2026-09-22T18:16:52Z
1,21,32.7254998,-117.2582263,https://gis.charttools.noaa.gov/arcgis/rest/services/encdirect/enc_coastal/MapServer/70,US3CA70M.000,2026-09-22T18:16:52Z
1,22,32.7255256,-117.2582283,https://gis.charttools.noaa.gov/arcgis/rest/services/encdirect/enc_coastal/MapServer/70,US3CA70M.000,2026-09-22T18:16:52Z
1,23,32.7257736,-117.2582479,https://gis.charttools.noaa.gov/arcgis/rest/services/encdirect/enc_coastal/MapServer/70,US3CA70M.000,2026-09-22T18:16:52Z
1,24,32.7258649,-117.2580103,https://gis.charttools.noaa.gov/arcgis/rest/services/encdirect/enc_coastal/MapServer/70,US3CA70M.000,2026-09-22T18:16:52Z
1,25,32.7259313,-117.2578239,https://gis.charttools.noaa.gov/arcgis/rest/services/encdirect/enc_coastal/MapServer/70,US3CA70M.000,2026-09-22T18:16:52Z
1,26,32.7260623,-117.2574558,https://gis.charttools.noaa.gov/arcgis/rest/services/encdirect/enc_coastal/MapServer/70,US3CA70M.000,2026-09-22T18:16:52Z
1,27,32.7261571,-117.2571895,https://gis.charttools.noaa.gov/arcgis/rest/services/encdirect/enc_coastal/MapServer/70,US3CA70M.000,2026-09-22T18:16:52Z
1,28,32.7269056,-117.2563687,https://gis.charttools.noaa.gov/arcgis/rest/services/encdirect/enc_coastal/MapServer/70,US3CA70M.000,2026-09-22T18:16:52Z
1,29,32.7272226,-117.2560789,https://gis.charttools.noaa.gov/arcgis/rest/services/encdirect/enc_coastal/MapServer/70,US3CA70M.000,2026-09-22T18:16:52Z
1,30,32.7273073,-117.2560015,https://gis.charttools.noaa.gov/arcgis/rest/services/encdirect/enc_coastal/MapServer/70,US3CA70M.000,2026-09-22T18:16:52Z
1,31,32.7275543,-117.2560090,https://gis.charttools.noaa.gov/arcgis/rest/services/encdirect/enc_coastal/MapServer/70,US3CA70M.000,2026-09-22T18:16:52Z
1,32,32.7279800,-117.2560219,https://gis.charttools.noaa.gov/arcgis/rest/services/encdirect/enc_coastal/MapServer/70,US3CA70M.000,2026-09-22T18:16:52Z
1,33,32.7280194,-117.2560231,https://gis.charttools.noaa.gov/arcgis/rest/services/encdirect/enc_coastal/MapServer/70,US3CA70M.000,2026-09-22T18:16:52Z
1,34,32.7287679,-117.2561095,https://gis.charttools.noaa.gov/arcgis/rest/services/encdirect/enc_coastal/MapServer/70,US3CA70M.000,2026-09-22T18:16:52Z
1,35,32.7296260,-117.2563687,https://gis.charttools.noaa.gov/arcgis/rest/services/encdirect/enc_coastal/MapServer/70,US3CA70M.000,2026-09-22T18:16:52Z
1,36,32.7302650,-117.2568871,https://gis.charttools.noaa.gov/arcgis/rest/services/encdirect/enc_coastal/MapServer/70,US3CA70M.000,2026-09-22T18:16:52Z
1,37,32.7305454,-117.2571872,https://gis.charttools.noaa.gov/arcgis/rest/services/encdirect/enc_coastal/MapServer/70,US3CA70M.000,2026-09-22T18:16:52Z
1,38,32.7306402,-117.2572887,https://gis.charttools.noaa.gov/arcgis/rest/services/encdirect/enc_coastal/MapServer/70,US3CA70M.000,2026-09-22T18:16:52Z
1,39,32.7306484,-117.2572975,https://gis.charttools.noaa.gov/arcgis/rest/services/encdirect/enc_coastal/MapServer/70,US3CA70M.000,2026-09-22T18:16:52Z
1,40,32.7310436,-117.2573188,https://gis.charttools.noaa.gov/arcgis/rest/services/encdirect/enc_coastal/MapServer/70,US3CA70M.000,2026-09-22T18:16:52Z
1,41,32.7310501,-117.2573191,https://gis.charttools.noaa.gov/arcgis/rest/services/encdirect/enc_coastal/MapServer/70,US3CA70M.000,2026-09-22T18:16:52Z
1,42,32.7310545,-117.2573165,https://gis.charttools.noaa.gov/arcgis/rest/services/encdirect/enc_coastal/MapServer/70,US3CA70M.000,2026-09-22T18:16:52Z
1,43,32.7313550,-117.2571387,https://gis.charttools.noaa.gov/arcgis/rest/services/encdirect/enc_coastal/MapServer/70,US3CA70M.000,2026-09-22T18:16:52Z
1,44,32.7313787,-117.2571247,https://gis.charttools.noaa.gov/arcgis/rest/services/encdirect/enc_coastal/MapServer/70,US3CA70M.000,2026-09-22T18:16:52Z
1,45,32.7317009,-117.2569921,https://gis.charttools.noaa.gov/arcgis/rest/services/encdirect/enc_coastal/MapServer/70,US3CA70M.000,2026-09-22T18:16:52Z
1,46,32.7317986,-117.2569519,https://gis.charttools.noaa.gov/arcgis/rest/services/encdirect/enc_coastal/MapServer/70,US3CA70M.000,2026-09-22T18:16:52Z
1,47,32.7325636,-117.2569034,https://gis.charttools.noaa.gov/arcgis/rest/services/encdirect/enc_coastal/MapServer/70,US3CA70M.000,2026-09-22T18:16:52Z
1,48,32.7328034,-117.2569567,https://gis.charttools.noaa.gov/arcgis/rest/services/encdirect/enc_coastal/MapServer/70,US3CA70M.000,2026-09-22T18:16:52Z
1,49,32.7331415,-117.2570317,https://gis.charttools.noaa.gov/arcgis/rest/services/encdirect/enc_coastal/MapServer/70,US3CA70M.000,2026-09-22T18:16:52Z
1,50,32.7331478,-117.2570331,https://gis.charttools.noaa.gov/arcgis/rest/services/encdirect/enc_coastal/MapServer/70,US3CA70M.000,2026-09-22T18:16:52Z
1,51,32.7334730,-117.2571951,https://gis.charttools.noaa.gov/arcgis/rest/services/encdirect/enc_coastal/MapServer/70,US3CA70M.000,2026-09-22T18:16:52Z
1,52,32.7334947,-117.2572059,https://gis.charttools.noaa.gov/arcgis/rest/services/encdirect/enc_coastal/MapServer/70,US3CA70M.000,2026-09-22T18:16:52Z
1,53,32.7337320,-117.2571627,https://gis.charttools.noaa.gov/arcgis/rest/services/encdirect/enc_coastal/MapServer/70,US3CA70M.000,2026-09-22T18:16:52Z
1,54,32.7339067,-117.2569778,https://gis.charttools.noaa.gov/arcgis/rest/services/encdirect/enc_coastal/MapServer/70,US3CA70M.000,2026-09-22T18:16:52Z
1,55,32.7340789,-117.2567954,https://gis.charttools.noaa.gov/arcgis/rest/services/encdirect/enc_coastal/MapServer/70,US3CA70M.000,2026-09-22T18:16:52Z
1,56,32.7344718,-117.2566769,https://gis.charttools.noaa.gov/arcgis/rest/services/encdirect/enc_coastal/MapServer/70,US3CA70M.000,2026-09-22T18:16:52Z
1,57,32.7346354,-117.2566275,https://gis.charttools.noaa.gov/arcgis/rest/services/encdirect/enc_coastal/MapServer/70,US3CA70M.000,2026-09-22T18:16:52Z
1,58,32.7348336,-117.2565677,https://gis.charttools.noaa.gov/arcgis/rest/services/encdirect/enc_coastal/MapServer/70,US3CA70M.000,2026-09-22T18:16:52Z
1,59,32.7363087,-117.2560640,https://gis.charttools.noaa.gov/arcgis/rest/services/encdirect/enc_coastal/MapServer/70,US3CA70M.000,2026-09-22T18:16:52Z
1,60,32.7365349,-117.2559868,https://gis.charttools.noaa.gov/arcgis/rest/services/encdirect/enc_coastal/MapServer/70,US3CA70M.000,2026-09-22T18:16:52Z
1,61,32.7374562,-117.2556722,https://gis.charttools.noaa.gov/arcgis/rest/services/encdirect/enc_coastal/MapServer/70,US3CA70M.000,2026-09-22T18:16:52Z
1,62,32.7399572,-117.2551754,https://gis.charttools.noaa.gov/arcgis/rest/services/encdirect/enc_coastal/MapServer/70,US3CA70M.000,2026-09-22T18:16:52Z
1,63,32.7413057,-117.2552746,https://gis.charttools.noaa.gov/arcgis/rest/services/encdirect/enc_coastal/MapServer/70,US3CA70M.000,2026-09-22T18:16:52Z
1,64,32.7417003,-117.2553036,https://gis.charttools.noaa.gov/arcgis/rest/services/encdirect/enc_coastal/MapServer/70,US3CA70M.000,2026-09-22T18:16:52Z
1,65,32.7433043,-117.2554216,https://gis.charttools.noaa.gov/arcgis/rest/services/encdirect/enc_coastal/MapServer/70,US3CA70M.000,2026-09-22T18:16:52Z
1,66,32.7434804,-117.2554346,https://gis.charttools.noaa.gov/arcgis/rest/services/encdirect/enc_coastal/MapServer/70,US3CA70M.000,2026-09-22T18:16:52Z
1,67,32.7450505,-117.2554643,https://gis.charttools.noaa.gov/arcgis/rest/services/encdirect/enc_coastal/MapServer/70,US3CA70M.000,2026-09-22T18:16:52Z
1,68,32.7457622,-117.2554778,https://gis.charttools.noaa.gov/arcgis/rest/services/encdirect/enc_coastal/MapServer/70,US3CA70M.000,2026-09-22T18:16:52Z
1,69,32.7467479,-117.2550890,https://gis.charttools.noaa.gov/arcgis/rest/services/encdirect/enc_coastal/MapServer/70,US3CA70M.000,2026-09-22T18:16:52Z
1,70,32.7472408,-117.2543762,https://gis.charttools.noaa.gov/arcgis/rest/services/encdirect/enc_coastal/MapServer/70,US3CA70M.000,2026-09-22T18:16:52Z
1,71,32.7473500,-117.2542081,https://gis.charttools.noaa.gov/arcgis/rest/services/encdirect/enc_coastal/MapServer/70,US3CA70M.000,2026-09-22T18:16:52Z
1,72,32.7476058,-117.2538146,https://gis.charttools.noaa.gov/arcgis/rest/services/encdirect/enc_coastal/MapServer/70,US3CA70M.000,2026-09-22T18:16:52Z
1,73,32.7478796,-117.2535554,https://gis.charttools.noaa.gov/arcgis/rest/services/encdirect/enc_coastal/MapServer/70,US3CA70M.000,2026-09-22T18:16:52Z
1,74,32.7479625,-117.2534994,https://gis.charttools.noaa.gov/arcgis/rest/services/encdirect/enc_coastal/MapServer/70,US3CA70M.000,2026-09-22T18:16:52Z
1,75,32.7482630,-117.2532962,https://gis.charttools.noaa.gov/arcgis/rest/services/encdirect/enc_coastal/MapServer/70,US3CA70M.000,2026-09-22T18:16:52Z
1,76,32.7490661,-117.2531882,https://gis.charttools.noaa.gov/arcgis/rest/services/encdirect/enc_coastal/MapServer/70,US3CA70M.000,2026-09-22T18:16:52Z
2,0,32.6930593,-117.2269322,https://gis.charttools.noaa.gov/arcgis/rest/services/encdirect/enc_coastal/MapServer/70,US3CA70M.000,2026-09-22T18:16:52Z
2,1,32.6913705,-117.2269520,https://gis.charttools.noaa.gov/arcgis/rest/services/encdirect/enc_coastal/MapServer/70,US3CA70M.000,2026-09-22T18:16:52Z
2,2,32.6899843,-117.2267471,https://gis.charttools.noaa.gov/arcgis/rest/services/encdirect/enc_coastal/MapServer/70,US3CA70M.000,2026-09-22T18:16:52Z
2,3,32.6896170,-117.2266928,https://gis.charttools.noaa.gov/arcgis/rest/services/encdirect/enc_coastal/MapServer/70,US3CA70M.000,2026-09-22T18:16:52Z
2,4,32.6880212,-117.2261543,https://gis.charttools.noaa.gov/arcgis/rest/services/encdirect/enc_coastal/MapServer/70,US3CA70M.000,2026-09-22T18:16:52Z
3,0,32.6844823,-117.2355551,https://gis.charttools.noaa.gov/arcgis/rest/services/encdirect/enc_coastal/MapServer/70,US3CA1CJ.000,2026-09-22T18:16:52Z
3,1,32.6840713,-117.2362031,https://gis.charttools.noaa.gov/arcgis/rest/services/encdirect/enc_coastal/MapServer/70,US3CA1CJ.000,2026-09-22T18:16:52Z
3,2,32.6834029,-117.2370156,https://gis.charttools.noaa.gov/arcgis/rest/services/encdirect/enc_coastal/MapServer/70,US3CA1CJ.000,2026-09-22T18:16:52Z
3,3,32.6827453,-117.2377284,https://gis.charttools.noaa.gov/arcgis/rest/services/encdirect/enc_coastal/MapServer/70,US3CA1CJ.000,2026-09-22T18:16:52Z
3,4,32.6820329,-117.2380308,https://gis.charttools.noaa.gov/arcgis/rest/services/encdirect/enc_coastal/MapServer/70,US3CA1CJ.000,2026-09-22T18:16:52Z
3,5,32.6816155,-117.2381624,https://gis.charttools.noaa.gov/arcgis/rest/services/encdirect/enc_coastal/MapServer/70,US3CA1CJ.000,2026-09-22T18:16:52Z
3,6,32.6816086,-117.2381646,https://gis.charttools.noaa.gov/arcgis/rest/services/encdirect/enc_coastal/MapServer/70,US3CA1CJ.000,2026-09-22T18:16:52Z
3,7,32.6815735,-117.2381757,https://gis.charttools.noaa.gov/arcgis/rest/services/encdirect/enc_coastal/MapServer/70,US3CA1CJ.000,2026-09-22T18:16:52Z
3,8,32.6814849,-117.2382036,https://gis.charttools.noaa.gov/arcgis/rest/services/encdirect/enc_coastal/MapServer/70,US3CA1CJ.000,2026-09-22T18:16:52Z
3,9,32.6809551,-117.2380740,https://gis.charttools.noaa.gov/arcgis/rest/services/encdirect/enc_coastal/MapServer/70,US3CA1CJ.000,2026-09-22T18:16:52Z
3,10,32.6796947,-117.2376636,https://gis.charttools.noaa.gov/arcgis/rest/services/encdirect/enc_coastal/MapServer/70,US3CA1CJ.000,2026-09-22T18:16:52Z
3,11,32.6785621,-117.2375556,https://gis.charttools.noaa.gov/arcgis/rest/services/encdirect/enc_coastal/MapServer/70,US3CA1CJ.000,2026-09-22T18:16:52Z
3,12,32.6778861,-117.2375124,https://gis.charttools.noaa.gov/arcgis/rest/services/encdirect/enc_coastal/MapServer/70,US3CA1CJ.000,2026-09-22T18:16:52Z
3,13,32.6770458,-117.2372100,https://gis.charttools.noaa.gov/arcgis/rest/services/encdirect/enc_coastal/MapServer/70,US3CA1CJ.000,2026-09-22T18:16:52Z
3,14,32.6760959,-117.2368860,https://gis.charttools.noaa.gov/arcgis/rest/services/encdirect/enc_coastal/MapServer/70,US3CA1CJ.000,2026-09-22T18:16:52Z
3,15,32.6747440,-117.2365836,https://gis.charttools.noaa.gov/arcgis/rest/services/encdirect/enc_coastal/MapServer/70,US3CA1CJ.000,2026-09-22T18:16:52Z
3,16,32.6727344,-117.2361948,https://gis.charttools.noaa.gov/arcgis/rest/services/encdirect/enc_coastal/MapServer/70,US3CA1CJ.000,2026-09-22T18:16:52Z
3,17,32.6719854,-117.2360868,https://gis.charttools.noaa.gov/arcgis/rest/services/encdirect/enc_coastal/MapServer/70,US3CA1CJ.000,2026-09-22T18:16:52Z
3,18,32.6715104,-117.2361732,https://gis.charttools.noaa.gov/arcgis/rest/services/encdirect/enc_coastal/MapServer/70,US3CA1CJ.000,2026-09-22T18:16:52Z
3,19,32.6714319,-117.2362513,https://gis.charttools.noaa.gov/arcgis/rest/services/encdirect/enc_coastal/MapServer/70,US3CA1CJ.000,2026-09-22T18:16:52Z
3,20,32.6714264,-117.2362568,https://gis.charttools.noaa.gov/arcgis/rest/services/encdirect/enc_coastal/MapServer/70,US3CA1CJ.000,2026-09-22T18:16:52Z
3,21,32.6714239,-117.2362593,https://gis.charttools.noaa.gov/arcgis/rest/services/encdirect/enc_coastal/MapServer/70,US3CA1CJ.000,2026-09-22T18:16:52Z
3,22,32.6711632,-117.2365188,https://gis.charttools.noaa.gov/arcgis/rest/services/encdirect/enc_coastal/MapServer/70,US3CA1CJ.000,2026-09-22T18:16:52Z
3,23,32.6708018,-117.2368265,https://gis.charttools.noaa.gov/arcgis/rest/services/encdirect/enc_coastal/MapServer/70,US3CA1CJ.000,2026-09-22T18:16:52Z
3,24,32.6707510,-117.2368697,https://gis.charttools.noaa.gov/arcgis/rest/services/encdirect/enc_coastal/MapServer/70,US3CA1CJ.000,2026-09-22T18:16:52Z
3,25,32.6707405,-117.2368787,https://gis.charttools.noaa.gov/arcgis/rest/services/encdirect/enc_coastal/MapServer/70,US3CA1CJ.000,2026-09-22T18:16:52Z
3,26,32.6707065,-117.2369076,https://gis.charttools.noaa.gov/arcgis/rest/services/encdirect/enc_coastal/MapServer/70,US3CA1CJ.000,2026-09-22T18:16:52Z
3,27,32.6703959,-117.2370588,https://gis.charttools.noaa.gov/arcgis/rest/services/encdirect/enc_coastal/MapServer/70,US3CA1CJ.000,2026-09-22T18:16:52Z
3,28,32.6698113,-117.2370372,https://gis.charttools.noaa.gov/arcgis/rest/services/encdirect/enc_coastal/MapServer/70,US3CA1CJ.000,2026-09-22T18:16:52Z
3,29,32.6692997,-117.2369076,https://gis.charttools.noaa.gov/arcgis/rest/services/encdirect/enc_coastal/MapServer/70,US3CA1CJ.000,2026-09-22T18:16:52Z
3,30,32.6686603,-117.2367996,https://gis.charttools.noaa.gov/arcgis/rest/services/encdirect/enc_coastal/MapServer/70,US3CA1CJ.000,2026-09-22T18:16:52Z
3,31,32.6682218,-117.2369724,https://gis.charttools.noaa.gov/arcgis/rest/services/encdirect/enc_coastal/MapServer/70,US3CA1CJ.000,2026-09-22T18:16:52Z
3,32,32.6670395,-117.2378437,https://gis.charttools.noaa.gov/arcgis/rest/services/encdirect/enc_coastal/MapServer/70,US3CA1CJ.000,2026-09-22T18:16:52Z
3,33,32.6665813,-117.2383437,https://gis.charttools.noaa.gov/arcgis/rest/services/encdirect/enc_coastal/MapServer/70,US3CA1CJ.000,2026-09-22T18:16:52Z
3,34,32.6664996,-117.2385067,https://gis.charttools.noaa.gov/arcgis/rest/services/encdirect/enc_coastal/MapServer/70,US3CA1CJ.000,2026-09-22T18:16:52Z
3,35,32.6664880,-117.2385299,https://gis.charttools.noaa.gov/arcgis/rest/services/encdirect/enc_coastal/MapServer/70,US3CA1CJ.000,2026-09-22T18:16:52Z
3,36,32.6659988,-117.2395060,https://gis.charttools.noaa.gov/arcgis/rest/services/encdirect/enc_coastal/MapServer/70,US3CA1CJ.000,2026-09-22T18:16:52Z
3,37,32.6656762,-117.2404514,https://gis.charttools.noaa.gov/arcgis/rest/services/encdirect/enc_coastal/MapServer/70,US3CA1CJ.000,2026-09-22T18:16:52Z
3,38,32.6656725,-117.2404622,https://gis.charttools.noaa.gov/arcgis/rest/services/encdirect/enc_coastal/MapServer/70,US3CA1CJ.000,2026-09-22T18:16:52Z
3,39,32.6655543,-117.2408086,https://gis.charttools.noaa.gov/arcgis/rest/services/encdirect/enc_coastal/MapServer/70,US3CA1CJ.000,2026-09-22T18:16:52Z
3,40,32.6654666,-117.2410898,https://gis.charttools.noaa.gov/arcgis/rest/services/encdirect/enc_coastal/MapServer/70,US3CA1CJ.000,2026-09-22T18:16:52Z
3,41,32.6654383,-117.2411806,https://gis.charttools.noaa.gov/arcgis/rest/services/encdirect/enc_coastal/MapServer/70,US3CA1CJ.000,2026-09-22T18:16:52Z
3,42,32.6654109,-117.2412684,https://gis.charttools.noaa.gov/arcgis/rest/services/encdirect/enc_coastal/MapServer/70,US3CA1CJ.000,2026-09-22T18:16:52Z
3,43,32.6653972,-117.2413123,https://gis.charttools.noaa.gov/arcgis/rest/services/encdirect/enc_coastal/MapServer/70,US3CA1CJ.000,2026-09-22T18:16:52Z
3,44,32.6653764,-117.2413792,https://gis.charttools.noaa.gov/arcgis/rest/services/encdirect/enc_coastal/MapServer/70,US3CA1CJ.000,2026-09-22T18:16:52Z
3,45,32.6653730,-117.2413901,https://gis.charttools.noaa.gov/arcgis/rest/services/encdirect/enc_coastal/MapServer/70,US3CA1CJ.000,2026-09-22T18:16:52Z
3,46,32.6652453,-117.2417993,https://gis.charttools.noaa.gov/arcgis/rest/services/encdirect/enc_coastal/MapServer/70,US3CA1CJ.000,2026-09-22T18:16:52Z
3,47,32.6652444,-117.2418023,https://gis.charttools.noaa.gov/arcgis/rest/services/encdirect/enc_coastal/MapServer/70,US3CA1CJ.000,2026-09-22T18:16:52Z
3,48,32.6652369,-117.2418263,https://gis.charttools.noaa.gov/arcgis/rest/services/encdirect/enc_coastal/MapServer/70,US3CA1CJ.000,2026-09-22T18:16:52Z
3,49,32.6650743,-117.2423477,https://gis.charttools.noaa.gov/arcgis/rest/services/encdirect/enc_coastal/MapServer/70,US3CA1CJ.000,2026-09-22T18:16:52Z
3,50,32.6650731,-117.2423515,https://gis.charttools.noaa.gov/arcgis/rest/services/encdirect/enc_coastal/MapServer/70,US3CA1CJ.000,2026-09-22T18:16:52Z
3,51,32.6650724,-117.2423537,https://gis.charttools.noaa.gov/arcgis/rest/services/encdirect/enc_coastal/MapServer/70,US3CA1CJ.000,2026-09-22T18:16:52Z
3,52,32.6650694,-117.2423992,https://gis.charttools.noaa.gov/arcgis/rest/services/encdirect/enc_coastal/MapServer/70,US3CA1CJ.000,2026-09-22T18:16:52Z
3,53,32.6650436,-117.2427962,https://gis.charttools.noaa.gov/arcgis/rest/services/encdirect/enc_coastal/MapServer/70,US3CA1CJ.000,2026-09-22T18:16:52Z
3,54,32.6650394,-117.2428601,https://gis.charttools.noaa.gov/arcgis/rest/services/encdirect/enc_coastal/MapServer/70,US3CA1CJ.000,2026-09-22T18:16:52Z
3,55,32.6650390,-117.2428675,https://gis.charttools.noaa.gov/arcgis/rest/services/encdirect/enc_coastal/MapServer/70,US3CA1CJ.000,2026-09-22T18:16:52Z
3,56,32.6650200,-117.2431587,https://gis.charttools.noaa.gov/arcgis/rest/services/encdirect/enc_coastal/MapServer/70,US3CA1CJ.000,2026-09-22T18:16:52Z
3,57,32.6650152,-117.2432324,https://gis.charttools.noaa.gov/arcgis/rest/services/encdirect/enc_coastal/MapServer/70,US3CA1CJ.000,2026-09-22T18:16:52Z
3,58,32.6651149,-117.2437050,https://gis.charttools.noaa.gov/arcgis/rest/services/encdirect/enc_coastal/MapServer/70,US3CA1CJ.000,2026-09-22T18:16:52Z
3,59,32.6660820,-117.2442126,https://gis.charttools.noaa.gov/arcgis/rest/services/encdirect/enc_coastal/MapServer/70,US3CA1CJ.000,2026-09-22T18:16:52Z
3,60,32.6661059,-117.2442252,https://gis.charttools.noaa.gov/arcgis/rest/services/encdirect/enc_coastal/MapServer/70,US3CA1CJ.000,2026-09-22T18:16:52Z
3,61,32.6661245,-117.2442350,https://gis.charttools.noaa.gov/arcgis/rest/services/encdirect/enc_coastal/MapServer/70,US3CA1CJ.000,2026-09-22T18:16:52Z
3,62,32.6663149,-117.2443349,https://gis.charttools.noaa.gov/arcgis/rest/services/encdirect/enc_coastal/MapServer/70,US3CA1CJ.000,2026-09-22T18:16:52Z
3,63,32.6673350,-117.2448209,https://gis.charttools.noaa.gov/arcgis/rest/services/encdirect/enc_coastal/MapServer/70,US3CA1CJ.000,2026-09-22T18:16:52Z
3,64,32.6679284,-117.2449299,https://gis.charttools.noaa.gov/arcgis/rest/services/encdirect/enc_coastal/MapServer/70,US3CA1CJ.000,2026-09-22T18:16:52Z
3,65,32.6679317,-117.2449305,https://gis.charttools.noaa.gov/arcgis/rest/services/encdirect/enc_coastal/MapServer/70,US3CA1CJ.000,2026-09-22T18:16:52Z
3,66,32.6680049,-117.2449439,https://gis.charttools.noaa.gov/arcgis/rest/services/encdirect/enc_coastal/MapServer/70,US3CA1CJ.000,2026-09-22T18:16:52Z
3,67,32.6680054,-117.2449440,https://gis.charttools.noaa.gov/arcgis/rest/services/encdirect/enc_coastal/MapServer/70,US3CA1CJ.000,2026-09-22T18:16:52Z
3,68,32.6681479,-117.2449702,https://gis.charttools.noaa.gov/arcgis/rest/services/encdirect/enc_coastal/MapServer/70,US3CA1CJ.000,2026-09-22T18:16:52Z
3,69,32.6681499,-117.2449706,https://gis.charttools.noaa.gov/arcgis/rest/services/encdirect/enc_coastal/MapServer/70,US3CA1CJ.000,2026-09-22T18:16:52Z
3,70,32.6681608,-117.2449726,https://gis.charttools.noaa.gov/arcgis/rest/services/encdirect/enc_coastal/MapServer/70,US3CA1CJ.000,2026-09-22T18:16:52Z
3,71,32.6689031,-117.2451089,https://gis.charttools.noaa.gov/arcgis/rest/services/encdirect/enc_coastal/MapServer/70,US3CA1CJ.000,2026-09-22T18:16:52Z
3,72,32.6690491,-117.2451403,https://gis.charttools.noaa.gov/arcgis/rest/services/encdirect/enc_coastal/MapServer/70,US3CA1CJ.000,2026-09-22T18:16:52Z
3,73,32.6691785,-117.2451681,https://gis.charttools.noaa.gov/arcgis/rest/services/encdirect/enc_coastal/MapServer/70,US3CA1CJ.000,2026-09-22T18:16:52Z
3,74,32.6691829,-117.2451690,https://gis.charttools.noaa.gov/arcgis/rest/services/encdirect/enc_coastal/MapServer/70,US3CA1CJ.000,2026-09-22T18:16:52Z
3,75,32.6699166,-117.2453268,https://gis.charttools.noaa.gov/arcgis/rest/services/encdirect/enc_coastal/MapServer/70,US3CA1CJ.000,2026-09-22T18:16:52Z
3,76,32.6699177,-117.2453270,https://gis.charttools.noaa.gov/arcgis/rest/services/encdirect/enc_coastal/MapServer/70,US3CA1CJ.000,2026-09-22T18:16:52Z
3,77,32.6699985,-117.2453444,https://gis.charttools.noaa.gov/arcgis/rest/services/encdirect/enc_coastal/MapServer/70,US3CA1CJ.000,2026-09-22T18:16:52Z
3,78,32.6700032,-117.2453454,https://gis.charttools.noaa.gov/arcgis/rest/services/encdirect/enc_coastal/MapServer/70,US3CA1CJ.000,2026-09-22T18:16:52Z
3,79,32.6700755,-117.2453609,https://gis.charttools.noaa.gov/arcgis/rest/services/encdirect/enc_coastal/MapServer/70,US3CA1CJ.000,2026-09-22T18:16:52Z
3,80,32.6701408,-117.2453689,https://gis.charttools.noaa.gov/arcgis/rest/services/encdirect/enc_coastal/MapServer/70,US3CA1CJ.000,2026-09-22T18:16:52Z
3,81,32.6702187,-117.2453784,https://gis.charttools.noaa.gov/arcgis/rest/services/encdirect/enc_coastal/MapServer/70,US3CA1CJ.000,2026-09-22T18:16:52Z
3,82,32.6702785,-117.2453857,https://gis.charttools.noaa.gov/arcgis/rest/services/encdirect/enc_coastal/MapServer/70,US3CA1CJ.000,2026-09-22T18:16:52Z
3,83,32.6702999,-117.2453884,https://gis.charttools.noaa.gov/arcgis/rest/services/encdirect/enc_coastal/MapServer/70,US3CA1CJ.000,2026-09-22T18:16:52Z
3,84,32.6705980,-117.2454248,https://gis.charttools.noaa.gov/arcgis/rest/services/encdirect/enc_coastal/MapServer/70,US3CA1CJ.000,2026-09-22T18:16:52Z
3,85,32.6708717,-117.2454583,https://gis.charttools.noaa.gov/arcgis/rest/services/encdirect/enc_coastal/MapServer/70,US3CA1CJ.000,2026-09-22T18:16:52Z
3,86,32.6711647,-117.2454941,https://gis.charttools.noaa.gov/arcgis/rest/services/encdirect/enc_coastal/MapServer/70,US3CA1CJ.000,2026-09-22T18:16:52Z
3,87,32.6712204,-117.2455009,https://gis.charttools.noaa.gov/arcgis/rest/services/encdirect/enc_coastal/MapServer/70,US3CA1CJ.000,2026-09-22T18:16:52Z
3,88,32.6712659,-117.2455065,https://gis.charttools.noaa.gov/arcgis/rest/services/encdirect/enc_coastal/MapServer/70,US3CA1CJ.000,2026-09-22T18:16:52Z
3,89,32.6713833,-117.2455209,https://gis.charttools.noaa.gov/arcgis/rest/services/encdirect/enc_coastal/MapServer/70,US3CA1CJ.000,2026-09-22T18:16:52Z
3,90,32.6714000,-117.2455229,https://gis.charttools.noaa.gov/arcgis/rest/services/encdirect/enc_coastal/MapServer/70,US3CA1CJ.000,2026-09-22T18:16:52Z
3,91,32.6718922,-117.2455229,https://gis.charttools.noaa.gov/arcgis/rest/services/encdirect/enc_coastal/MapServer/70,US3CA1CJ.000,2026-09-22T18:16:52Z
3,92,32.6719099,-117.2455229,https://gis.charttools.noaa.gov/arcgis/rest/services/encdirect/enc_coastal/MapServer/70,US3CA1CJ.000,2026-09-22T18:16:52Z
3,93,32.6720039,-117.2455229,https://gis.charttools.noaa.gov/arcgis/rest/services/encdirect/enc_coastal/MapServer/70,US3CA1CJ.000,2026-09-22T18:16:52Z
3,94,32.6720070,-117.2455229,https://gis.charttools.noaa.gov/arcgis/rest/services/encdirect/enc_coastal/MapServer/70,US3CA1CJ.000,2026-09-22T18:16:52Z
3,95,32.6724239,-117.2455229,https://gis.charttools.noaa.gov/arcgis/rest/services/encdirect/enc_coastal/MapServer/70,US3CA1CJ.000,2026-09-22T18:16:52Z
3,96,32.6724432,-117.2455229,https://gis.charttools.noaa.gov/arcgis/rest/services/encdirect/enc_coastal/MapServer/70,US3CA1CJ.000,2026-09-22T18:16:52Z
3,97,32.6726561,-117.2455229,https://gis.charttools.noaa.gov/arcgis/rest/services/encdirect/enc_coastal/MapServer/70,US3CA1CJ.000,2026-09-22T18:16:52Z
3,98,32.6726609,-117.2455229,https://gis.charttools.noaa.gov/arcgis/rest/services/encdirect/enc_coastal/MapServer/70,US3CA1CJ.000,2026-09-22T18:16:52Z
3,99,32.6730193,-117.2455229,https://gis.charttools.noaa.gov/arcgis/rest/services/encdirect/enc_coastal/MapServer/70,US3CA1CJ.000,2026-09-22T18:16:52Z
3,100,32.6730206,-117.2455229,https://gis.charttools.noaa.gov/arcgis/rest/services/encdirect/enc_coastal/MapServer/70,US3CA1CJ.000,2026-09-22T18:16:52Z
3,101,32.6733058,-117.2455229,https://gis.charttools.noaa.gov/arcgis/rest/services/encdirect/enc_coastal/MapServer/70,US3CA1CJ.000,2026-09-22T18:16:52Z
3,102,32.6733123,-117.2455229,https://gis.charttools.noaa.gov/arcgis/rest/services/encdirect/enc_coastal/MapServer/70,US3CA1CJ.000,2026-09-22T18:16:52Z
3,103,32.6733487,-117.2455229,https://gis.charttools.noaa.gov/arcgis/rest/services/encdirect/enc_coastal/MapServer/70,US3CA1CJ.000,2026-09-22T18:16:52Z
3,104,32.6736878,-117.2456651,https://gis.charttools.noaa.gov/arcgis/rest/services/encdirect/enc_coastal/MapServer/70,US3CA1CJ.000,2026-09-22T18:16:52Z
3,105,32.6736916,-117.2456668,https://gis.charttools.noaa.gov/arcgis/rest/services/encdirect/enc_coastal/MapServer/70,US3CA1CJ.000,2026-09-22T18:16:52Z
3,106,32.6738207,-117.2457209,https://gis.charttools.noaa.gov/arcgis/rest/services/encdirect/enc_coastal/MapServer/70,US3CA1CJ.000,2026-09-22T18:16:52Z
3,107,32.6738492,-117.2457383,https://gis.charttools.noaa.gov/arcgis/rest/services/encdirect/enc_coastal/MapServer/70,US3CA1CJ.000,2026-09-22T18:16:52Z
3,108,32.6740123,-117.2458378,https://gis.charttools.noaa.gov/arcgis/rest/services/encdirect/enc_coastal/MapServer/70,US3CA1CJ.000,2026-09-22T18:16:52Z
3,109,32.6740807,-117.2458796,https://gis.charttools.noaa.gov/arcgis/rest/services/encdirect/enc_coastal/MapServer/70,US3CA1CJ.000,2026-09-22T18:16:52Z
3,110,32.6741022,-117.2458927,https://gis.charttools.noaa.gov/arcgis/rest/services/encdirect/enc_coastal/MapServer/70,US3CA1CJ.000,2026-09-22T18:16:52Z
3,111,32.6741623,-117.2459294,https://gis.charttools.noaa.gov/arcgis/rest/services/encdirect/enc_coastal/MapServer/70,US3CA1CJ.000,2026-09-22T18:16:52Z
3,112,32.6741722,-117.2459354,https://gis.charttools.noaa.gov/arcgis/rest/services/encdirect/enc_coastal/MapServer/70,US3CA1CJ.000,2026-09-22T18:16:52Z
3,113,32.6742565,-117.2459869,https://gis.charttools.noaa.gov/arcgis/rest/services/encdirect/enc_coastal/MapServer/70,US3CA1CJ.000,2026-09-22T18:16:52Z
3,114,32.6742607,-117.2459895,https://gis.charttools.noaa.gov/arcgis/rest/services/encdirect/enc_coastal/MapServer/70,US3CA1CJ.000,2026-09-22T18:16:52Z
3,115,32.6742926,-117.2460089,https://gis.charttools.noaa.gov/arcgis/rest/services/encdirect/enc_coastal/MapServer/70,US3CA1CJ.000,2026-09-22T18:16:52Z
3,116,32.6747440,-117.2463695,https://gis.charttools.noaa.gov/arcgis/rest/services/encdirect/enc_coastal/MapServer/70,US3CA1CJ.000,2026-09-22T18:16:52Z
3,117,32.6747463,-117.2463714,https://gis.charttools.noaa.gov/arcgis/rest/services/encdirect/enc_coastal/MapServer/70,US3CA1CJ.000,2026-09-22T18:16:52Z
3,118,32.6748559,-117.2464589,https://gis.charttools.noaa.gov/arcgis/rest/services/encdirect/enc_coastal/MapServer/70,US3CA1CJ.000,2026-09-22T18:16:52Z
3,119,32.6749086,-117.2464808,https://gis.charttools.noaa.gov/arcgis/rest/services/encdirect/enc_coastal/MapServer/70,US3CA1CJ.000,2026-09-22T18:16:52Z
3,120,32.6749094,-117.2464811,https://gis.charttools.noaa.gov/arcgis/rest/services/encdirect/enc_coastal/MapServer/70,US3CA1CJ.000,2026-09-22T18:16:52Z
3,121,32.6758766,-117.2468830,https://gis.charttools.noaa.gov/arcgis/rest/services/encdirect/enc_coastal/MapServer/70,US3CA1CJ.000,2026-09-22T18:16:52Z
3,122,32.6758885,-117.2468880,https://gis.charttools.noaa.gov/arcgis/rest/services/encdirect/enc_coastal/MapServer/70,US3CA1CJ.000,2026-09-22T18:16:52Z
3,123,32.6758999,-117.2468918,https://gis.charttools.noaa.gov/arcgis/rest/services/encdirect/enc_coastal/MapServer/70,US3CA1CJ.000,2026-09-22T18:16:52Z
3,124,32.6762377,-117.2470048,https://gis.charttools.noaa.gov/arcgis/rest/services/encdirect/enc_coastal/MapServer/70,US3CA1CJ.000,2026-09-22T18:16:52Z
3,125,32.6762661,-117.2470144,https://gis.charttools.noaa.gov/arcgis/rest/services/encdirect/enc_coastal/MapServer/70,US3CA1CJ.000,2026-09-22T18:16:52Z
3,126,32.6764550,-117.2470776,https://gis.charttools.noaa.gov/arcgis/rest/services/encdirect/enc_coastal/MapServer/70,US3CA1CJ.000,2026-09-22T18:16:52Z
3,127,32.6764837,-117.2470872,https://gis.charttools.noaa.gov/arcgis/rest/services/encdirect/enc_coastal/MapServer/70,US3CA1CJ.000,2026-09-22T18:16:52Z
3,128,32.6765885,-117.2471223,https://gis.charttools.noaa.gov/arcgis/rest/services/encdirect/enc_coastal/MapServer/70,US3CA1CJ.000,2026-09-22T18:16:52Z
3,129,32.6766051,-117.2471278,https://gis.charttools.noaa.gov/arcgis/rest/services/encdirect/enc_coastal/MapServer/70,US3CA1CJ.000,2026-09-22T18:16:52Z
3,130,32.6767172,-117.2471653,https://gis.charttools.noaa.gov/arcgis/rest/services/encdirect/enc_coastal/MapServer/70,US3CA1CJ.000,2026-09-22T18:16:52Z
3,131,32.6767188,-117.2471659,https://gis.charttools.noaa.gov/arcgis/rest/services/encdirect/enc_coastal/MapServer/70,US3CA1CJ.000,2026-09-22T18:16:52Z
3,132,32.6775042,-117.2474287,https://gis.charttools.noaa.gov/arcgis/rest/services/encdirect/enc_coastal/MapServer/70,US3CA1CJ.000,2026-09-22T18:16:52Z
3,133,32.6775068,-117.2474296,https://gis.charttools.noaa.gov/arcgis/rest/services/encdirect/enc_coastal/MapServer/70,US3CA1CJ.000,2026-09-22T18:16:52Z
3,134,32.6775616,-117.2474479,https://gis.charttools.noaa.gov/arcgis/rest/services/encdirect/enc_coastal/MapServer/70,US3CA1CJ.000,2026-09-22T18:16:52Z
3,135,32.6777883,-117.2475258,https://gis.charttools.noaa.gov/arcgis/rest/services/encdirect/enc_coastal/MapServer/70,US3CA1CJ.000,2026-09-22T18:16:52Z
3,136,32.6777944,-117.2475279,https://gis.charttools.noaa.gov/arcgis/rest/services/encdirect/enc_coastal/MapServer/70,US3CA1CJ.000,2026-09-22T18:16:52Z
3,137,32.6782098,-117.2476707,https://gis.charttools.noaa.gov/arcgis/rest/services/encdirect/enc_coastal/MapServer/70,US3CA1CJ.000,2026-09-22T18:16:52Z
3,138,32.6782150,-117.2476725,https://gis.charttools.noaa.gov/arcgis/rest/services/encdirect/enc_coastal/MapServer/70,US3CA1CJ.000,2026-09-22T18:16:52Z
3,139,32.6783105,-117.2477054,https://gis.charttools.noaa.gov/arcgis/rest/services/encdirect/enc_coastal/MapServer/70,US3CA1CJ.000,2026-09-22T18:16:52Z
3,140,32.6783195,-117.2477084,https://gis.charttools.noaa.gov/arcgis/rest/services/encdirect/enc_coastal/MapServer/70,US3CA1CJ.000,2026-09-22T18:16:52Z
3,141,32.6785222,-117.2477781,https://gis.charttools.noaa.gov/arcgis/rest/services/encdirect/enc_coastal/MapServer/70,US3CA1CJ.000,2026-09-22T18:16:52Z
3,142,32.6785268,-117.2477797,https://gis.charttools.noaa.gov/arcgis/rest/services/encdirect/enc_coastal/MapServer/70,US3CA1CJ.000,2026-09-22T18:16:52Z
3,143,32.6793806,-117.2480732,https://gis.charttools.noaa.gov/arcgis/rest/services/encdirect/enc_coastal/MapServer/70,US3CA1CJ.000,2026-09-22T18:16:52Z
4,0,32.7120095,-117.2561022,https://gis.charttools.noaa.gov/arcgis/rest/services/encdirect/enc_coastal/MapServer/70,US3CA1CJ.000,2026-09-22T18:16:52Z
4,1,32.7145891,-117.2562676,https://gis.charttools.noaa.gov/arcgis/rest/services/encdirect/enc_coastal/MapServer/70,US3CA1CJ.000,2026-09-22T18:16:52Z
4,2,32.7151470,-117.2564476,https://gis.charttools.noaa.gov/arcgis/rest/services/encdirect/enc_coastal/MapServer/70,US3CA1CJ.000,2026-09-22T18:16:52Z
4,3,32.7152423,-117.2564283,https://gis.charttools.noaa.gov/arcgis/rest/services/encdirect/enc_coastal/MapServer/70,US3CA1CJ.000,2026-09-22T18:16:52Z
4,4,32.7155909,-117.2563576,https://gis.charttools.noaa.gov/arcgis/rest/services/encdirect/enc_coastal/MapServer/70,US3CA1CJ.000,2026-09-22T18:16:52Z
4,5,32.7158191,-117.2561176,https://gis.charttools.noaa.gov/arcgis/rest/services/encdirect/enc_coastal/MapServer/70,US3CA1CJ.000,2026-09-22T18:16:52Z
4,6,32.7160069,-117.2560163,https://gis.charttools.noaa.gov/arcgis/rest/services/encdirect/enc_coastal/MapServer/70,US3CA1CJ.000,2026-09-22T18:16:52Z
4,7,32.7161366,-117.2559463,https://gis.charttools.noaa.gov/arcgis/rest/services/encdirect/enc_coastal/MapServer/70,US3CA1CJ.000,2026-09-22T18:16:52Z
4,8,32.7162024,-117.2559108,https://gis.charttools.noaa.gov/arcgis/rest/services/encdirect/enc_coastal/MapServer/70,US3CA1CJ.000,2026-09-22T18:16:52Z
4,9,32.7176632,-117.2559828,https://gis.charttools.noaa.gov/arcgis/rest/services/encdirect/enc_coastal/MapServer/70,US3CA1CJ.000,2026-09-22T18:16:52Z
4,10,32.7187234,-117.2564804,https://gis.charttools.noaa.gov/arcgis/rest/services/encdirect/enc_coastal/MapServer/70,US3CA1CJ.000,2026-09-22T18:16:52Z
4,11,32.7188535,-117.2565415,https://gis.charttools.noaa.gov/arcgis/rest/services/encdirect/enc_coastal/MapServer/70,US3CA1CJ.000,2026-09-22T18:16:52Z
4,12,32.7193283,-117.2569735,https://gis.charttools.noaa.gov/arcgis/rest/services/encdirect/enc_coastal/MapServer/70,US3CA1CJ.000,2026-09-22T18:16:52Z
4,13,32.7198395,-117.2571679,https://gis.charttools.noaa.gov/arcgis/rest/services/encdirect/enc_coastal/MapServer/70,US3CA1CJ.000,2026-09-22T18:16:52Z
4,14,32.7209716,-117.2572111,https://gis.charttools.noaa.gov/arcgis/rest/services/encdirect/enc_coastal/MapServer/70,US3CA1CJ.000,2026-09-22T18:16:52Z
4,15,32.7215688,-117.2572111,https://gis.charttools.noaa.gov/arcgis/rest/services/encdirect/enc_coastal/MapServer/70,US3CA1CJ.000,2026-09-22T18:16:52Z
4,16,32.7225784,-117.2572111,https://gis.charttools.noaa.gov/arcgis/rest/services/encdirect/enc_coastal/MapServer/70,US3CA1CJ.000,2026-09-22T18:16:52Z
4,17,32.7226059,-117.2572164,https://gis.charttools.noaa.gov/arcgis/rest/services/encdirect/enc_coastal/MapServer/70,US3CA1CJ.000,2026-09-22T18:16:52Z
4,18,32.7236922,-117.2574271,https://gis.charttools.noaa.gov/arcgis/rest/services/encdirect/enc_coastal/MapServer/70,US3CA1CJ.000,2026-09-22T18:16:52Z
4,19,32.7241035,-117.2575731,https://gis.charttools.noaa.gov/arcgis/rest/services/encdirect/enc_coastal/MapServer/70,US3CA1CJ.000,2026-09-22T18:16:52Z
4,20,32.7247877,-117.2578159,https://gis.charttools.noaa.gov/arcgis/rest/services/encdirect/enc_coastal/MapServer/70,US3CA1CJ.000,2026-09-22T18:16:52Z
4,21,32.7254998,-117.2582263,https://gis.charttools.noaa.gov/arcgis/rest/services/encdirect/enc_coastal/MapServer/70,US3CA1CJ.000,2026-09-22T18:16:52Z
4,22,32.7255256,-117.2582283,https://gis.charttools.noaa.gov/arcgis/rest/services/encdirect/enc_coastal/MapServer/70,US3CA1CJ.000,2026-09-22T18:16:52Z
4,23,32.7257736,-117.2582479,https://gis.charttools.noaa.gov/arcgis/rest/services/encdirect/enc_coastal/MapServer/70,US3CA1CJ.000,2026-09-22T18:16:52Z
4,24,32.7258649,-117.2580103,https://gis.charttools.noaa.gov/arcgis/rest/services/encdirect/enc_coastal/MapServer/70,US3CA1CJ.000,2026-09-22T18:16:52Z
4,25,32.7259313,-117.2578239,https://gis.charttools.noaa.gov/arcgis/rest/services/encdirect/enc_coastal/MapServer/70,US3CA1CJ.000,2026-09-22T18:16:52Z
4,26,32.7260623,-117.2574558,https://gis.charttools.noaa.gov/arcgis/rest/services/encdirect/enc_coastal/MapServer/70,US3CA1CJ.000,2026-09-22T18:16:52Z
4,27,32.7261571,-117.2571895,https://gis.charttools.noaa.gov/arcgis/rest/services/encdirect/enc_coastal/MapServer/70,US3CA1CJ.000,2026-09-22T18:16:52Z
4,28,32.7269056,-117.2563687,https://gis.charttools.noaa.gov/arcgis/rest/services/encdirect/enc_coastal/MapServer/70,US3CA1CJ.000,2026-09-22T18:16:52Z
4,29,32.7272226,-117.2560789,https://gis.charttools.noaa.gov/arcgis/rest/services/encdirect/enc_coastal/MapServer/70,US3CA1CJ.000,2026-09-22T18:16:52Z
4,30,32.7273073,-117.2560015,https://gis.charttools.noaa.gov/arcgis/rest/services/encdirect/enc_coastal/MapServer/70,US3CA1CJ.000,2026-09-22T18:16:52Z
4,31,32.7275543,-117.2560090,https://gis.charttools.noaa.gov/arcgis/rest/services/encdirect/enc_coastal/MapServer/70,US3CA1CJ.000,2026-09-22T18:16:52Z
4,32,32.7279800,-117.2560219,https://gis.charttools.noaa.gov/arcgis/rest/services/encdirect/enc_coastal/MapServer/70,US3CA1CJ.000,2026-09-22T18:16:52Z
4,33,32.7280194,-117.2560231,https://gis.charttools.noaa.gov/arcgis/rest/services/encdirect/enc_coastal/MapServer/70,US3CA1CJ.000,2026-09-22T18:16:52Z
4,34,32.7287679,-117.2561095,https://gis.charttools.noaa.gov/arcgis/rest/services/encdirect/enc_coastal/MapServer/70,US3CA1CJ.000,2026-09-22T18:16:52Z
4,35,32.7296260,-117.2563687,https://gis.charttools.noaa.gov/arcgis/rest/services/encdirect/enc_coastal/MapServer/70,US3CA1CJ.000,2026-09-22T18:16:52Z
4,36,32.7302650,-117.2568871,https://gis.charttools.noaa.gov/arcgis/rest/services/encdirect/enc_coastal/MapServer/70,US3CA1CJ.000,2026-09-22T18:16:52Z
4,37,32.7305454,-117.2571872,https://gis.charttools.noaa.gov/arcgis/rest/services/encdirect/enc_coastal/MapServer/70,US3CA1CJ.000,2026-09-22T18:16:52Z
4,38,32.7306402,-117.2572887,https://gis.charttools.noaa.gov/arcgis/rest/services/encdirect/enc_coastal/MapServer/70,US3CA1CJ.000,2026-09-22T18:16:52Z
4,39,32.7306484,-117.2572975,https://gis.charttools.noaa.gov/arcgis/rest/services/encdirect/enc_coastal/MapServer/70,US3CA1CJ.000,2026-09-22T18:16:52Z
4,40,32.7310436,-117.2573188,https://gis.charttools.noaa.gov/arcgis/rest/services/encdirect/enc_coastal/MapServer/70,US3CA1CJ.000,2026-09-22T18:16:52Z
4,41,32.7310501,-117.2573191,https://gis.charttools.noaa.gov/arcgis/rest/services/encdirect/enc_coastal/MapServer/70,US3CA1CJ.000,2026-09-22T18:16:52Z
4,42,32.7310545,-117.2573165,https://gis.charttools.noaa.gov/arcgis/rest/services/encdirect/enc_coastal/MapServer/70,US3CA1CJ.000,2026-09-22T18:16:52Z
4,43,32.7313550,-117.2571387,https://gis.charttools.noaa.gov/arcgis/rest/services/encdirect/enc_coastal/MapServer/70,US3CA1CJ.000,2026-09-22T18:16:52Z
4,44,32.7313787,-117.2571247,https://gis.charttools.noaa.gov/arcgis/rest/services/encdirect/enc_coastal/MapServer/70,US3CA1CJ.000,2026-09-22T18:16:52Z
4,45,32.7317009,-117.2569921,https://gis.charttools.noaa.gov/arcgis/rest/services/encdirect/enc_coastal/MapServer/70,US3CA1CJ.000,2026-09-22T18:16:52Z
4,46,32.7317986,-117.2569519,https://gis.charttools.noaa.gov/arcgis/rest/services/encdirect/enc_coastal/MapServer/70,US3CA1CJ.000,2026-09-22T18:16:52Z
4,47,32.7325636,-117.2569034,https://gis.charttools.noaa.gov/arcgis/rest/services/encdirect/enc_coastal/MapServer/70,US3CA1CJ.000,2026-09-22T18:16:52Z
4,48,32.7328034,-117.2569567,https://gis.charttools.noaa.gov/arcgis/rest/services/encdirect/enc_coastal/MapServer/70,US3CA1CJ.000,2026-09-22T18:16:52Z
4,49,32.7331415,-117.2570317,https://gis.charttools.noaa.gov/arcgis/rest/services/encdirect/enc_coastal/MapServer/70,US3CA1CJ.000,2026-09-22T18:16:52Z
4,50,32.7331478,-117.2570331,https://gis.charttools.noaa.gov/arcgis/rest/services/encdirect/enc_coastal/MapServer/70,US3CA1CJ.000,2026-09-22T18:16:52Z
4,51,32.7334730,-117.2571951,https://gis.charttools.noaa.gov/arcgis/rest/services/encdirect/enc_coastal/MapServer/70,US3CA1CJ.000,2026-09-22T18:16:52Z
4,52,32.7334947,-117.2572059,https://gis.charttools.noaa.gov/arcgis/rest/services/encdirect/enc_coastal/MapServer/70,US3CA1CJ.000,2026-09-22T18:16:52Z
4,53,32.7337320,-117.2571627,https://gis.charttools.noaa.gov/arcgis/rest/services/encdirect/enc_coastal/MapServer/70,US3CA1CJ.000,2026-09-22T18:16:52Z
4,54,32.7339067,-117.2569778,https://gis.charttools.noaa.gov/arcgis/rest/services/encdirect/enc_coastal/MapServer/70,US3CA1CJ.000,2026-09-22T18:16:52Z
4,55,32.7340789,-117.2567954,https://gis.charttools.noaa.gov/arcgis/rest/services/encdirect/enc_coastal/MapServer/70,US3CA1CJ.000,2026-09-22T18:16:52Z
4,56,32.7344718,-117.2566769,https://gis.charttools.noaa.gov/arcgis/rest/services/encdirect/enc_coastal/MapServer/70,US3CA1CJ.000,2026-09-22T18:16:52Z
4,57,32.7346354,-117.2566275,https://gis.charttools.noaa.gov/arcgis/rest/services/encdirect/enc_coastal/MapServer/70,US3CA1CJ.000,2026-09-22T18:16:52Z
4,58,32.7348336,-117.2565677,https://gis.charttools.noaa.gov/arcgis/rest/services/encdirect/enc_coastal/MapServer/70,US3CA1CJ.000,2026-09-22T18:16:52Z
4,59,32.7363087,-117.2560640,https://gis.charttools.noaa.gov/arcgis/rest/services/encdirect/enc_coastal/MapServer/70,US3CA1CJ.000,2026-09-22T18:16:52Z
4,60,32.7365349,-117.2559868,https://gis.charttools.noaa.gov/arcgis/rest/services/encdirect/enc_coastal/MapServer/70,US3CA1CJ.000,2026-09-22T18:16:52Z
4,61,32.7374562,-117.2556722,https://gis.charttools.noaa.gov/arcgis/rest/services/encdirect/enc_coastal/MapServer/70,US3CA1CJ.000,2026-09-22T18:16:52Z
4,62,32.7399572,-117.2551754,https://gis.charttools.noaa.gov/arcgis/rest/services/encdirect/enc_coastal/MapServer/70,US3CA1CJ.000,2026-09-22T18:16:52Z
4,63,32.7413057,-117.2552746,https://gis.charttools.noaa.gov/arcgis/rest/services/encdirect/enc_coastal/MapServer/70,US3CA1CJ.000,2026-09-22T18:16:52Z
4,64,32.7417003,-117.2553036,https://gis.charttools.noaa.gov/arcgis/rest/services/encdirect/enc_coastal/MapServer/70,US3CA1CJ.000,2026-09-22T18:16:52Z
4,65,32.7433043,-117.2554216,https://gis.charttools.noaa.gov/arcgis/rest/services/encdirect/enc_coastal/MapServer/70,US3CA1CJ.000,2026-09-22T18:16:52Z
4,66,32.7434804,-117.2554346,https://gis.charttools.noaa.gov/arcgis/rest/services/encdirect/enc_coastal/MapServer/70,US3CA1CJ.000,2026-09-22T18:16:52Z
4,67,32.7450505,-117.2554643,https://gis.charttools.noaa.gov/arcgis/rest/services/encdirect/enc_coastal/MapServer/70,US3CA1CJ.000,2026-09-22T18:16:52Z
4,68,32.7457622,-117.2554778,https://gis.charttools.noaa.gov/arcgis/rest/services/encdirect/enc_coastal/MapServer/70,US3CA1CJ.000,2026-09-22T18:16:52Z
4,69,32.7467479,-117.2550890,https://gis.charttools.noaa.gov/arcgis/rest/services/encdirect/enc_coastal/MapServer/70,US3CA1CJ.000,2026-09-22T18:16:52Z
4,70,32.7472408,-117.2543762,https://gis.charttools.noaa.gov/arcgis/rest/services/encdirect/enc_coastal/MapServer/70,US3CA1CJ.000,2026-09-22T18:16:52Z
4,71,32.7473500,-117.2542081,https://gis.charttools.noaa.gov/arcgis/rest/services/encdirect/enc_coastal/MapServer/70,US3CA1CJ.000,2026-09-22T18:16:52Z
4,72,32.7476058,-117.2538146,https://gis.charttools.noaa.gov/arcgis/rest/services/encdirect/enc_coastal/MapServer/70,US3CA1CJ.000,2026-09-22T18:16:52Z
4,73,32.7478796,-117.2535554,https://gis.charttools.noaa.gov/arcgis/rest/services/encdirect/enc_coastal/MapServer/70,US3CA1CJ.000,2026-09-22T18:16:52Z
4,74,32.7479625,-117.2534994,https://gis.charttools.noaa.gov/arcgis/rest/services/encdirect/enc_coastal/MapServer/70,US3CA1CJ.000,2026-09-22T18:16:52Z
4,75,32.7482630,-117.2532962,https://gis.charttools.noaa.gov/arcgis/rest/services/encdirect/enc_coastal/MapServer/70,US3CA1CJ.000,2026-09-22T18:16:52Z
4,76,32.7490661,-117.2531882,https://gis.charttools.noaa.gov/arcgis/rest/services/encdirect/enc_coastal/MapServer/70,US3CA1CJ.000,2026-09-22T18:16:52Z
5,0,32.7159331,-117.2359601,https://gis.charttools.noaa.gov/arcgis/rest/services/encdirect/enc_coastal/MapServer/70,US3CA1CJ.000,2026-09-22T18:16:52Z
5,1,32.7154307,-117.2356971,https://gis.charttools.noaa.gov/arcgis/rest/services/encdirect/enc_coastal/MapServer/70,US3CA1CJ.000,2026-09-22T18:16:52Z
5,2,32.7151308,-117.2355402,https://gis.charttools.noaa.gov/arcgis/rest/services/encdirect/enc_coastal/MapServer/70,US3CA1CJ.000,2026-09-22T18:16:52Z
5,3,32.7153173,-117.2348553,https://gis.charttools.noaa.gov/arcgis/rest/services/encdirect/enc_coastal/MapServer/70,US3CA1CJ.000,2026-09-22T18:16:52Z
5,4,32.7153322,-117.2348324,https://gis.charttools.noaa.gov/arcgis/rest/services/encdirect/enc_coastal/MapServer/70,US3CA1CJ.000,2026-09-22T18:16:52Z
5,5,32.7159331,-117.2339055,https://gis.charttools.noaa.gov/arcgis/rest/services/encdirect/enc_coastal/MapServer/70,US3CA1CJ.000,2026-09-22T18:16:52Z
5,6,32.7154292,-117.2334639,https://gis.charttools.noaa.gov/arcgis/rest/services/encdirect/enc_coastal/MapServer/70,US3CA1CJ.000,2026-09-22T18:16:52Z
5,7,32.7153299,-117.2335636,https://gis.charttools.noaa.gov/arcgis/rest/services/encdirect/enc_coastal/MapServer/70,US3CA1CJ.000,2026-09-22T18:16:52Z
5,8,32.7137562,-117.2351439,https://gis.charttools.noaa.gov/arcgis/rest/services/encdirect/enc_coastal/MapServer/70,US3CA1CJ.000,2026-09-22T18:16:52Z
5,9,32.7128081,-117.2360959,https://gis.charttools.noaa.gov/arcgis/rest/services/encdirect/enc_coastal/MapServer/70,US3CA1CJ.000,2026-09-22T18:16:52Z
5,10,32.7119312,-117.2369795,https://gis.charttools.noaa.gov/arcgis/rest/services/encdirect/enc_coastal/MapServer/70,US3CA1CJ.000,2026-09-22T18:16:52Z
5,11,32.7114461,-117.2372667,https://gis.charttools.noaa.gov/arcgis/rest/services/encdirect/enc_coastal/MapServer/70,US3CA1CJ.000,2026-09-22T18:16:52Z
5,12,32.7105317,-117.2376201,https://gis.charttools.noaa.gov/arcgis/rest/services/encdirect/enc_coastal/MapServer/70,US3CA1CJ.000,2026-09-22T18:16:52Z
5,13,32.7100279,-117.2377524,https://gis.charttools.noaa.gov/arcgis/rest/services/encdirect/enc_coastal/MapServer/70,US3CA1CJ.000,2026-09-22T18:16:52Z
5,14,32.7095428,-117.2377967,https://gis.charttools.noaa.gov/arcgis/rest/services/encdirect/enc_coastal/MapServer/70,US3CA1CJ.000,2026-09-22T18:16:52Z
5,15,32.7088711,-117.2378409,https://gis.charttools.noaa.gov/arcgis/rest/services/encdirect/enc_coastal/MapServer/70,US3CA1CJ.000,2026-09-22T18:16:52Z
5,16,32.7076395,-117.2377524,https://gis.charttools.noaa.gov/arcgis/rest/services/encdirect/enc_coastal/MapServer/70,US3CA1CJ.000,2026-09-22T18:16:52Z
5,17,32.7074521,-117.2377078,https://gis.charttools.noaa.gov/arcgis/rest/services/encdirect/enc_coastal/MapServer/70,US3CA1CJ.000,2026-09-22T18:16:52Z
5,18,32.7060608,-117.2373763,https://gis.charttools.noaa.gov/arcgis/rest/services/encdirect/enc_coastal/MapServer/70,US3CA1CJ.000,2026-09-22T18:16:52Z
5,19,32.7049784,-117.2370451,https://gis.charttools.noaa.gov/arcgis/rest/services/encdirect/enc_coastal/MapServer/70,US3CA1CJ.000,2026-09-22T18:16:52Z
5,20,32.7042693,-117.2367579,https://gis.charttools.noaa.gov/arcgis/rest/services/encdirect/enc_coastal/MapServer/70,US3CA1CJ.000,2026-09-22T18:16:52Z
5,21,32.7038915,-117.2366890,https://gis.charttools.noaa.gov/arcgis/rest/services/encdirect/enc_coastal/MapServer/70,US3CA1CJ.000,2026-09-22T18:16:52Z
5,22,32.7037841,-117.2366694,https://gis.charttools.noaa.gov/arcgis/rest/services/encdirect/enc_coastal/MapServer/70,US3CA1CJ.000,2026-09-22T18:16:52Z
5,23,32.7035228,-117.2366694,https://gis.charttools.noaa.gov/arcgis/rest/services/encdirect/enc_coastal/MapServer/70,US3CA1CJ.000,2026-09-22T18:16:52Z
5,24,32.7031124,-117.2367359,https://gis.charttools.noaa.gov/arcgis/rest/services/encdirect/enc_coastal/MapServer/70,US3CA1CJ.000,2026-09-22T18:16:52Z
5,25,32.7030627,-117.2367583,https://gis.charttools.noaa.gov/arcgis/rest/services/encdirect/enc_coastal/MapServer/70,US3CA1CJ.000,2026-09-22T18:16:52Z
5,26,32.7027379,-117.2369046,https://gis.charttools.noaa.gov/arcgis/rest/services/encdirect/enc_coastal/MapServer/70,US3CA1CJ.000,2026-09-22T18:16:52Z
5,27,32.7027204,-117.2369125,https://gis.charttools.noaa.gov/arcgis/rest/services/encdirect/enc_coastal/MapServer/70,US3CA1CJ.000,2026-09-22T18:16:52Z
5,28,32.7026790,-117.2369506,https://gis.charttools.noaa.gov/arcgis/rest/services/encdirect/enc_coastal/MapServer/70,US3CA1CJ.000,2026-09-22T18:16:52Z
5,29,32.7023845,-117.2372216,https://gis.charttools.noaa.gov/arcgis/rest/services/encdirect/enc_coastal/MapServer/70,US3CA1CJ.000,2026-09-22T18:16:52Z
5,30,32.7023393,-117.2372685,https://gis.charttools.noaa.gov/arcgis/rest/services/encdirect/enc_coastal/MapServer/70,US3CA1CJ.000,2026-09-22T18:16:52Z
5,31,32.7022434,-117.2373679,https://gis.charttools.noaa.gov/arcgis/rest/services/encdirect/enc_coastal/MapServer/70,US3CA1CJ.000,2026-09-22T18:16:52Z
5,32,32.7022353,-117.2373763,https://gis.charttools.noaa.gov/arcgis/rest/services/encdirect/enc_coastal/MapServer/70,US3CA1CJ.000,2026-09-22T18:16:52Z
5,33,32.7022347,-117.2373809,https://gis.charttools.noaa.gov/arcgis/rest/services/encdirect/enc_coastal/MapServer/70,US3CA1CJ.000,2026-09-22T18:16:52Z
5,34,32.7022166,-117.2375308,https://gis.charttools.noaa.gov/arcgis/rest/services/encdirect/enc_coastal/MapServer/70,US3CA1CJ.000,2026-09-22T18:16:52Z
5,35,32.7022353,-117.2376416,https://gis.charttools.noaa.gov/arcgis/rest/services/encdirect/enc_coastal/MapServer/70,US3CA1CJ.000,2026-09-22T18:16:52Z
5,36,32.7023286,-117.2376857,https://gis.charttools.noaa.gov/arcgis/rest/services/encdirect/enc_coastal/MapServer/70,US3CA1CJ.000,2026-09-22T18:16:52Z
5,37,32.7029817,-117.2377297,https://gis.charttools.noaa.gov/arcgis/rest/services/encdirect/enc_coastal/MapServer/70,US3CA1CJ.000,2026-09-22T18:16:52Z
5,38,32.7030563,-117.2377519,https://gis.charttools.noaa.gov/arcgis/rest/services/encdirect/enc_coastal/MapServer/70,US3CA1CJ.000,2026-09-22T18:16:52Z
5,39,32.7030563,-117.2378623,https://gis.charttools.noaa.gov/arcgis/rest/services/encdirect/enc_coastal/MapServer/70,US3CA1CJ.000,2026-09-22T18:16:52Z
5,40,32.7026756,-117.2384367,https://gis.charttools.noaa.gov/arcgis/rest/services/encdirect/enc_coastal/MapServer/70,US3CA1CJ.000,2026-09-22T18:16:52Z
5,41,32.7019104,-117.2392762,https://gis.charttools.noaa.gov/arcgis/rest/services/encdirect/enc_coastal/MapServer/70,US3CA1CJ.000,2026-09-22T18:16:52Z
5,42,32.7009214,-117.2402703,https://gis.charttools.noaa.gov/arcgis/rest/services/encdirect/enc_coastal/MapServer/70,US3CA1CJ.000,2026-09-22T18:16:52Z
5,43,32.7001563,-117.2409109,https://gis.charttools.noaa.gov/arcgis/rest/services/encdirect/enc_coastal/MapServer/70,US3CA1CJ.000,2026-09-22T18:16:52Z
5,44,32.7000500,-117.2409791,https://gis.charttools.noaa.gov/arcgis/rest/services/encdirect/enc_coastal/MapServer/70,US3CA1CJ.000,2026-09-22T18:16:52Z
5,45,32.6997084,-117.2411982,https://gis.charttools.noaa.gov/arcgis/rest/services/encdirect/enc_coastal/MapServer/70,US3CA1CJ.000,2026-09-22T18:16:52Z
5,46,32.6994098,-117.2412863,https://gis.charttools.noaa.gov/arcgis/rest/services/encdirect/enc_coastal/MapServer/70,US3CA1CJ.000,2026-09-22T18:16:52Z
5,47,32.6992979,-117.2412863,https://gis.charttools.noaa.gov/arcgis/rest/services/encdirect/enc_coastal/MapServer/70,US3CA1CJ.000,2026-09-22T18:16:52Z
5,48,32.6992045,-117.2412201,https://gis.charttools.noaa.gov/arcgis/rest/services/encdirect/enc_coastal/MapServer/70,US3CA1CJ.000,2026-09-22T18:16:52Z
5,49,32.6990553,-117.2409329,https://gis.charttools.noaa.gov/arcgis/rest/services/encdirect/enc_coastal/MapServer/70,US3CA1CJ.000,2026-09-22T18:16:52Z
5,50,32.6988500,-117.2406456,https://gis.charttools.noaa.gov/arcgis/rest/services/encdirect/enc_coastal/MapServer/70,US3CA1CJ.000,2026-09-22T18:16:52Z
5,51,32.6986820,-117.2405133,https://gis.charttools.noaa.gov/arcgis/rest/services/encdirect/enc_coastal/MapServer/70,US3CA1CJ.000,2026-09-22T18:16:52Z
5,52,32.6984394,-117.2404249,https://gis.charttools.noaa.gov/arcgis/rest/services/encdirect/enc_coastal/MapServer/70,US3CA1CJ.000,2026-09-22T18:16:52Z
5,53,32.6982528,-117.2404249,https://gis.charttools.noaa.gov/arcgis/rest/services/encdirect/enc_coastal/MapServer/70,US3CA1CJ.000,2026-09-22T18:16:52Z
5,54,32.6978236,-117.2404911,https://gis.charttools.noaa.gov/arcgis/rest/services/encdirect/enc_coastal/MapServer/70,US3CA1CJ.000,2026-09-22T18:16:52Z
5,55,32.6974316,-117.2406017,https://gis.charttools.noaa.gov/arcgis/rest/services/encdirect/enc_coastal/MapServer/70,US3CA1CJ.000,2026-09-22T18:16:52Z
5,56,32.6967306,-117.2409786,https://gis.charttools.noaa.gov/arcgis/rest/services/encdirect/enc_coastal/MapServer/70,US3CA1CJ.000,2026-09-22T18:16:52Z
5,57,32.6962827,-117.2410669,https://gis.charttools.noaa.gov/arcgis/rest/services/encdirect/enc_coastal/MapServer/70,US3CA1CJ.000,2026-09-22T18:16:52Z
5,58,32.6960401,-117.2410669,https://gis.charttools.noaa.gov/arcgis/rest/services/encdirect/enc_coastal/MapServer/70,US3CA1CJ.000,2026-09-22T18:16:52Z
5,59,32.6954428,-117.2409343,https://gis.charttools.noaa.gov/arcgis/rest/services/encdirect/enc_coastal/MapServer/70,US3CA1CJ.000,2026-09-22T18:16:52Z
5,60,32.6944537,-117.2406031,https://gis.charttools.noaa.gov/arcgis/rest/services/encdirect/enc_coastal/MapServer/70,US3CA1CJ.000,2026-09-22T18:16:52Z
5,61,32.6942098,-117.2404981,https://gis.charttools.noaa.gov/arcgis/rest/services/encdirect/enc_coastal/MapServer/70,US3CA1CJ.000,2026-09-22T18:16:52Z
5,62,32.6928114,-117.2398960,https://gis.charttools.noaa.gov/arcgis/rest/services/encdirect/enc_coastal/MapServer/70,US3CA1CJ.000,2026-09-22T18:16:52Z
5,63,32.6921686,-117.2395536,https://gis.charttools.noaa.gov/arcgis/rest/services/encdirect/enc_coastal/MapServer/70,US3CA1CJ.000,2026-09-22T18:16:52Z
5,64,32.6921656,-117.2395520,https://gis.charttools.noaa.gov/arcgis/rest/services/encdirect/enc_coastal/MapServer/70,US3CA1CJ.000,2026-09-22T18:16:52Z
5,65,32.6906911,-117.2387665,https://gis.charttools.noaa.gov/arcgis/rest/services/encdirect/enc_coastal/MapServer/70,US3CA1CJ.000,2026-09-22T18:16:52Z
5,66,32.6905183,-117.2386573,https://gis.charttools.noaa.gov/arcgis/rest/services/encdirect/enc_coastal/MapServer/70,US3CA1CJ.000,2026-09-22T18:16:52Z
5,67,32.6900655,-117.2383710,https://gis.charttools.noaa.gov/arcgis/rest/services/encdirect/enc_coastal/MapServer/70,US3CA1CJ.000,2026-09-22T18:16:52Z
5,68,32.6900643,-117.2383702,https://gis.charttools.noaa.gov/arcgis/rest/services/encdirect/enc_coastal/MapServer/70,US3CA1CJ.000,2026-09-22T18:16:52Z
5,69,32.6900626,-117.2383691,https://gis.charttools.noaa.gov/arcgis/rest/services/encdirect/enc_coastal/MapServer/70,US3CA1CJ.000,2026-09-22T18:16:52Z
5,70,32.6899123,-117.2382741,https://gis.charttools.noaa.gov/arcgis/rest/services/encdirect/enc_coastal/MapServer/70,US3CA1CJ.000,2026-09-22T18:16:52Z
5,71,32.6899095,-117.2382723,https://gis.charttools.noaa.gov/arcgis/rest/services/encdirect/enc_coastal/MapServer/70,US3CA1CJ.000,2026-09-22T18:16:52Z
5,72,32.6898391,-117.2382278,https://gis.charttools.noaa.gov/arcgis/rest/services/encdirect/enc_coastal/MapServer/70,US3CA1CJ.000,2026-09-22T18:16:52Z
5,73,32.6893286,-117.2379051,https://gis.charttools.noaa.gov/arcgis/rest/services/encdirect/enc_coastal/MapServer/70,US3CA1CJ.000,2026-09-22T18:16:52Z
5,74,32.6891489,-117.2377753,https://gis.charttools.noaa.gov/arcgis/rest/services/encdirect/enc_coastal/MapServer/70,US3CA1CJ.000,2026-09-22T18:16:52Z
5,75,32.6888689,-117.2375731,https://gis.charttools.noaa.gov/arcgis/rest/services/encdirect/enc_coastal/MapServer/70,US3CA1CJ.000,2026-09-22T18:16:52Z
5,76,32.6888651,-117.2375704,https://gis.charttools.noaa.gov/arcgis/rest/services/encdirect/enc_coastal/MapServer/70,US3CA1CJ.000,2026-09-22T18:16:52Z
5,77,32.6887198,-117.2374654,https://gis.charttools.noaa.gov/arcgis/rest/services/encdirect/enc_coastal/MapServer/70,US3CA1CJ.000,2026-09-22T18:16:52Z
5,78,32.6887190,-117.2374648,https://gis.charttools.noaa.gov/arcgis/rest/services/encdirect/enc_coastal/MapServer/70,US3CA1CJ.000,2026-09-22T18:16:52Z
5,79,32.6887162,-117.2374628,https://gis.charttools.noaa.gov/arcgis/rest/services/encdirect/enc_coastal/MapServer/70,US3CA1CJ.000,2026-09-22T18:16:52Z
5,80,32.6882275,-117.2371099,https://gis.charttools.noaa.gov/arcgis/rest/services/encdirect/enc_coastal/MapServer/70,US3CA1CJ.000,2026-09-22T18:16:52Z
5,81,32.6879458,-117.2369200,https://gis.charttools.noaa.gov/arcgis/rest/services/encdirect/enc_coastal/MapServer/70,US3CA1CJ.000,2026-09-22T18:16:52Z
5,82,32.6875802,-117.2366736,https://gis.charttools.noaa.gov/arcgis/rest/services/encdirect/enc_coastal/MapServer/70,US3CA1CJ.000,2026-09-22T18:16:52Z
5,83,32.6875783,-117.2366723,https://gis.charttools.noaa.gov/arcgis/rest/services/encdirect/enc_coastal/MapServer/70,US3CA1CJ.000,2026-09-22T18:16:52Z
5,84,32.6875779,-117.2366721,https://gis.charttools.noaa.gov/arcgis/rest/services/encdirect/enc_coastal/MapServer/70,US3CA1CJ.000,2026-09-22T18:16:52Z
5,85,32.6874308,-117.2365729,https://gis.charttools.noaa.gov/arcgis/rest/services/encdirect/enc_coastal/MapServer/70,US3CA1CJ.000,2026-09-22T18:16:52Z
5,86,32.6872921,-117.2364795,https://gis.charttools.noaa.gov/arcgis/rest/services/encdirect/enc_coastal/MapServer/70,US3CA1CJ.000,2026-09-22T18:16:52Z
5,87,32.6872904,-117.2364783,https://gis.charttools.noaa.gov/arcgis/rest/services/encdirect/enc_coastal/MapServer/70,US3CA1CJ.000,2026-09-22T18:16:52Z
5,88,32.6872881,-117.2364767,https://gis.charttools.noaa.gov/arcgis/rest/services/encdirect/enc_coastal/MapServer/70,US3CA1CJ.000,2026-09-22T18:16:52Z
5,89,32.6868837,-117.2362042,https://gis.charttools.noaa.gov/arcgis/rest/services/encdirect/enc_coastal/MapServer/70,US3CA1CJ.000,2026-09-22T18:16:52Z
5,90,32.6861556,-117.2357846,https://gis.charttools.noaa.gov/arcgis/rest/services/encdirect/enc_coastal/MapServer/70,US3CA1CJ.000,2026-09-22T18:16:52Z
5,91,32.6858011,-117.2353870,https://gis.charttools.noaa.gov/arcgis/rest/services/encdirect/enc_coastal/MapServer/70,US3CA1CJ.000,2026-09-22T18:16:52Z
5,92,32.6858011,-117.2352986,https://gis.charttools.noaa.gov/arcgis/rest/services/encdirect/enc_coastal/MapServer/70,US3CA1CJ.000,2026-09-22T18:16:52Z
6,0,32.6930593,-117.2269322,https://gis.charttools.noaa.gov/arcgis/rest/services/encdirect/enc_coastal/MapServer/70,US3CA70M.000,2026-09-22T18:16:52Z
6,1,32.6935679,-117.2270202,https://gis.charttools.noaa.gov/arcgis/rest/services/encdirect/enc_coastal/MapServer/70,US3CA70M.000,2026-09-22T18:16:52Z
6,2,32.6937721,-117.2270555,https://gis.charttools.noaa.gov/arcgis/rest/services/encdirect/enc_coastal/MapServer/70,US3CA70M.000,2026-09-22T18:16:52Z
6,3,32.6945748,-117.2271944,https://gis.charttools.noaa.gov/arcgis/rest/services/encdirect/enc_coastal/MapServer/70,US3CA70M.000,2026-09-22T18:16:52Z
6,4,32.6952618,-117.2272684,https://gis.charttools.noaa.gov/arcgis/rest/services/encdirect/enc_coastal/MapServer/70,US3CA70M.000,2026-09-22T18:16:52Z
6,5,32.6953211,-117.2272606,https://gis.charttools.noaa.gov/arcgis/rest/services/encdirect/enc_coastal/MapServer/70,US3CA70M.000,2026-09-22T18:16:52Z
6,6,32.6955112,-117.2272356,https://gis.charttools.noaa.gov/arcgis/rest/services/encdirect/enc_coastal/MapServer/70,US3CA70M.000,2026-09-22T18:16:52Z
6,7,32.6955351,-117.2272325,https://gis.charttools.noaa.gov/arcgis/rest/services/encdirect/enc_coastal/MapServer/70,US3CA70M.000,2026-09-22T18:16:52Z
6,8,32.6958793,-117.2271872,https://gis.charttools.noaa.gov/arcgis/rest/services/encdirect/enc_coastal/MapServer/70,US3CA70M.000,2026-09-22T18:16:52Z
6,9,32.6963861,-117.2271206,https://gis.charttools.noaa.gov/arcgis/rest/services/encdirect/enc_coastal/MapServer/70,US3CA70M.000,2026-09-22T18:16:52Z
6,10,32.6974480,-117.2267140,https://gis.charttools.noaa.gov/arcgis/rest/services/encdirect/enc_coastal/MapServer/70,US3CA70M.000,2026-09-22T18:16:52Z
6,11,32.6994779,-117.2260485,https://gis.charttools.noaa.gov/arcgis/rest/services/encdirect/enc_coastal/MapServer/70,US3CA70M.000,2026-09-22T18:16:52Z
7,0,32.6844823,-117.2355551,https://gis.charttools.noaa.gov/arcgis/rest/services/encdirect/enc_coastal/MapServer/70,US3CA70M.000,2026-09-22T18:16:52Z
7,1,32.6840713,-117.2362031,https://gis.charttools.noaa.gov/arcgis/rest/services/encdirect/enc_coastal/MapServer/70,US3CA70M.000,2026-09-22T18:16:52Z
7,2,32.6834029,-117.2370156,https://gis.charttools.noaa.gov/arcgis/rest/services/encdirect/enc_coastal/MapServer/70,US3CA70M.000,2026-09-22T18:16:52Z
7,3,32.6827453,-117.2377284,https://gis.charttools.noaa.gov/arcgis/rest/services/encdirect/enc_coastal/MapServer/70,US3CA70M.000,2026-09-22T18:16:52Z
7,4,32.6820329,-117.2380308,https://gis.charttools.noaa.gov/arcgis/rest/services/encdirect/enc_coastal/MapServer/70,US3CA70M.000,2026-09-22T18:16:52Z
7,5,32.6816155,-117.2381624,https://gis.charttools.noaa.gov/arcgis/rest/services/encdirect/enc_coastal/MapServer/70,US3CA70M.000,2026-09-22T18:16:52Z
7,6,32.6816086,-117.2381646,https://gis.charttools.noaa.gov/arcgis/rest/services/encdirect/enc_coastal/MapServer/70,US3CA70M.000,2026-09-22T18:16:52Z
7,7,32.6815735,-117.2381757,https://gis.charttools.noaa.gov/arcgis/rest/services/encdirect/enc_coastal/MapServer/70,US3CA70M.000,2026-09-22T18:16:52Z
7,8,32.6814849,-117.2382036,https://gis.charttools.noaa.gov/arcgis/rest/services/encdirect/enc_coastal/MapServer/70,US3CA70M.000,2026-09-22T18:16:52Z
7,9,32.6809551,-117.2380740,https://gis.charttools.noaa.gov/arcgis/rest/services/encdirect/enc_coastal/MapServer/70,US3CA70M.000,2026-09-22T18:16:52Z
7,10,32.6796947,-117.2376636,https://gis.charttools.noaa.gov/arcgis/rest/services/encdirect/enc_coastal/MapServer/70,US3CA70M.000,2026-09-22T18:16:52Z
7,11,32.6785621,-117.2375556,https://gis.charttools.noaa.gov/arcgis/rest/services/encdirect/enc_coastal/MapServer/70,US3CA70M.000,2026-09-22T18:16:52Z
7,12,32.6778861,-117.2375124,https://gis.charttools.noaa.gov/arcgis/rest/services/encdirect/enc_coastal/MapServer/70,US3CA70M.000,2026-09-22T18:16:52Z
7,13,32.6770458,-117.2372100,https://gis.charttools.noaa.gov/arcgis/rest/services/encdirect/enc_coastal/MapServer/70,US3CA70M.000,2026-09-22T18:16:52Z
7,14,32.6760959,-117.2368860,https://gis.charttools.noaa.gov/arcgis/rest/services/encdirect/enc_coastal/MapServer/70,US3CA70M.000,2026-09-22T18:16:52Z
7,15,32.6747440,-117.2365836,https://gis.charttools.noaa.gov/arcgis/rest/services/encdirect/enc_coastal/MapServer/70,US3CA70M.000,2026-09-22T18:16:52Z
7,16,32.6727344,-117.2361948,https://gis.charttools.noaa.gov/arcgis/rest/services/encdirect/enc_coastal/MapServer/70,US3CA70M.000,2026-09-22T18:16:52Z
7,17,32.6719854,-117.2360868,https://gis.charttools.noaa.gov/arcgis/rest/services/encdirect/enc_coastal/MapServer/70,US3CA70M.000,2026-09-22T18:16:52Z
7,18,32.6715104,-117.2361732,https://gis.charttools.noaa.gov/arcgis/rest/services/encdirect/enc_coastal/MapServer/70,US3CA70M.000,2026-09-22T18:16:52Z
7,19,32.6714319,-117.2362513,https://gis.charttools.noaa.gov/arcgis/rest/services/encdirect/enc_coastal/MapServer/70,US3CA70M.000,2026-09-22T18:16:52Z
7,20,32.6714264,-117.2362568,https://gis.charttools.noaa.gov/arcgis/rest/services/encdirect/enc_coastal/MapServer/70,US3CA70M.000,2026-09-22T18:16:52Z
7,21,32.6714239,-117.2362593,https://gis.charttools.noaa.gov/arcgis/rest/services/encdirect/enc_coastal/MapServer/70,US3CA70M.000,2026-09-22T18:16:52Z
7,22,32.6711632,-117.2365188,https://gis.charttools.noaa.gov/arcgis/rest/services/encdirect/enc_coastal/MapServer/70,US3CA70M.000,2026-09-22T18:16:52Z
7,23,32.6708018,-117.2368265,https://gis.charttools.noaa.gov/arcgis/rest/services/encdirect/enc_coastal/MapServer/70,US3CA70M.000,2026-09-22T18:16:52Z
7,24,32.6707510,-117.2368697,https://gis.charttools.noaa.gov/arcgis/rest/services/encdirect/enc_coastal/MapServer/70,US3CA70M.000,2026-09-22T18:16:52Z
7,25,32.6707405,-117.2368787,https://gis.charttools.noaa.gov/arcgis/rest/services/encdirect/enc_coastal/MapServer/70,US3CA70M.000,2026-09-22T18:16:52Z
7,26,32.6707065,-117.2369076,https://gis.charttools.noaa.gov/arcgis/rest/services/encdirect/enc_coastal/MapServer/70,US3CA70M.000,2026-09-22T18:16:52Z
7,27,32.6703959,-117.2370588,https://gis.charttools.noaa.gov/arcgis/rest/services/encdirect/enc_coastal/MapServer/70,US3CA70M.000,2026-09-22T18:16:52Z
7,28,32.6698113,-117.2370372,https://gis.charttools.noaa.gov/arcgis/rest/services/encdirect/enc_coastal/MapServer/70,US3CA70M.000,2026-09-22T18:16:52Z
7,29,32.6692997,-117.2369076,https://gis.charttools.noaa.gov/arcgis/rest/services/encdirect/enc_coastal/MapServer/70,US3CA70M.000,2026-09-22T18:16:52Z
7,30,32.6686603,-117.2367996,https://gis.charttools.noaa.gov/arcgis/rest/services/encdirect/enc_coastal/MapServer/70,US3CA70M.000,2026-09-22T18:16:52Z
7,31,32.6682218,-117.2369724,https://gis.charttools.noaa.gov/arcgis/rest/services/encdirect/enc_coastal/MapServer/70,US3CA70M.000,2026-09-22T18:16:52Z
7,32,32.6670395,-117.2378437,https://gis.charttools.noaa.gov/arcgis/rest/services/encdirect/enc_coastal/MapServer/70,US3CA70M.000,2026-09-22T18:16:52Z
7,33,32.6665813,-117.2383437,https://gis.charttools.noaa.gov/arcgis/rest/services/encdirect/enc_coastal/MapServer/70,US3CA70M.000,2026-09-22T18:16:52Z
7,34,32.6664996,-117.2385067,https://gis.charttools.noaa.gov/arcgis/rest/services/encdirect/enc_coastal/MapServer/70,US3CA70M.000,2026-09-22T18:16:52Z
7,35,32.6664880,-117.2385299,https://gis.charttools.noaa.gov/arcgis/rest/services/encdirect/enc_coastal/MapServer/70,US3CA70M.000,2026-09-22T18:16:52Z
7,36,32.6659988,-117.2395060,https://gis.charttools.noaa.gov/arcgis/rest/services/encdirect/enc_coastal/MapServer/70,US3CA70M.000,2026-09-22T18:16:52Z
7,37,32.6656762,-117.2404514,https://gis.charttools.noaa.gov/arcgis/rest/services/encdirect/enc_coastal/MapServer/70,US3CA70M.000,2026-09-22T18:16:52Z
7,38,32.6656725,-117.2404622,https://gis.charttools.noaa.gov/arcgis/rest/services/encdirect/enc_coastal/MapServer/70,US3CA70M.000,2026-09-22T18:16:52Z
7,39,32.6655543,-117.2408086,https://gis.charttools.noaa.gov/arcgis/rest/services/encdirect/enc_coastal/MapServer/70,US3CA70M.000,2026-09-22T18:16:52Z
7,40,32.6654666,-117.2410898,https://gis.charttools.noaa.gov/arcgis/rest/services/encdirect/enc_coastal/MapServer/70,US3CA70M.000,2026-09-22T18:16:52Z
7,41,32.6654383,-117.2411806,https://gis.charttools.noaa.gov/arcgis/rest/services/encdirect/enc_coastal/MapServer/70,US3CA70M.000,2026-09-22T18:16:52Z
7,42,32.6654109,-117.2412684,https://gis.charttools.noaa.gov/arcgis/rest/services/encdirect/enc_coastal/MapServer/70,US3CA70M.000,2026-09-22T18:16:52Z
7,43,32.6653972,-117.2413123,https://gis.charttools.noaa.gov/arcgis/rest/services/encdirect/enc_coastal/MapServer/70,US3CA70M.000,2026-09-22T18:16:52Z
7,44,32.6653763,-117.2413792,https://gis.charttools.noaa.gov/arcgis/rest/services/encdirect/enc_coastal/MapServer/70,US3CA70M.000,2026-09-22T18:16:52Z
7,45,32.6653729,-117.2413901,https://gis.charttools.noaa.gov/arcgis/rest/services/encdirect/enc_coastal/MapServer/70,US3CA70M.000,2026-09-22T18:16:52Z
7,46,32.6652453,-117.2417993,https://gis.charttools.noaa.gov/arcgis/rest/services/encdirect/enc_coastal/MapServer/70,US3CA70M.000,2026-09-22T18:16:52Z
7,47,32.6652444,-117.2418023,https://gis.charttools.noaa.gov/arcgis/rest/services/encdirect/enc_coastal/MapServer/70,US3CA70M.000,2026-09-22T18:16:52Z
7,48,32.6652369,-117.2418263,https://gis.charttools.noaa.gov/arcgis/rest/services/encdirect/enc_coastal/MapServer/70,US3CA70M.000,2026-09-22T18:16:52Z
7,49,32.6650743,-117.2423477,https://gis.charttools.noaa.gov/arcgis/rest/services/encdirect/enc_coastal/MapServer/70,US3CA70M.000,2026-09-22T18:16:52Z
7,50,32.6650731,-117.2423515,https://gis.charttools.noaa.gov/arcgis/rest/services/encdirect/enc_coastal/MapServer/70,US3CA70M.000,2026-09-22T18:16:52Z
7,51,32.6650724,-117.2423537,https://gis.charttools.noaa.gov/arcgis/rest/services/encdirect/enc_coastal/MapServer/70,US3CA70M.000,2026-09-22T18:16:52Z
7,52,32.6650694,-117.2423992,https://gis.charttools.noaa.gov/arcgis/rest/services/encdirect/enc_coastal/MapServer/70,US3CA70M.000,2026-09-22T18:16:52Z
7,53,32.6650436,-117.2427962,https://gis.charttools.noaa.gov/arcgis/rest/services/encdirect/enc_coastal/MapServer/70,US3CA70M.000,2026-09-22T18:16:52Z
7,54,32.6650394,-117.2428601,https://gis.charttools.noaa.gov/arcgis/rest/services/encdirect/enc_coastal/MapServer/70,US3CA70M.000,2026-09-22T18:16:52Z
7,55,32.6650390,-117.2428675,https://gis.charttools.noaa.gov/arcgis/rest/services/encdirect/enc_coastal/MapServer/70,US3CA70M.000,2026-09-22T18:16:52Z
7,56,32.6650200,-117.2431587,https://gis.charttools.noaa.gov/arcgis/rest/services/encdirect/enc_coastal/MapServer/70,US3CA70M.000,2026-09-22T18:16:52Z
7,57,32.6650152,-117.2432324,https://gis.charttools.noaa.gov/arcgis/rest/services/encdirect/enc_coastal/MapServer/70,US3CA70M.000,2026-09-22T18:16:52Z
7,58,32.6651149,-117.2437050,https://gis.charttools.noaa.gov/arcgis/rest/services/encdirect/enc_coastal/MapServer/70,US3CA70M.000,2026-09-22T18:16:52Z
7,59,32.6660820,-117.2442126,https://gis.charttools.noaa.gov/arcgis/rest/services/encdirect/enc_coastal/MapServer/70,US3CA70M.000,2026-09-22T18:16:52Z
7,60,32.6661059,-117.2442252,https://gis.charttools.noaa.gov/arcgis/rest/services/encdirect/enc_coastal/MapServer/70,US3CA70M.000,2026-09-22T18:16:52Z
7,61,32.6661245,-117.2442350,https://gis.charttools.noaa.gov/arcgis/rest/services/encdirect/enc_coastal/MapServer/70,US3CA70M.000,2026-09-22T18:16:52Z
7,62,32.6663149,-117.2443349,https://gis.charttools.noaa.gov/arcgis/rest/services/encdirect/enc_coastal/MapServer/70,US3CA70M.000,2026-09-22T18:16:52Z
7,63,32.6673350,-117.2448209,https://gis.charttools.noaa.gov/arcgis/rest/services/encdirect/enc_coastal/MapServer/70,US3CA70M.000,2026-09-22T18:16:52Z
7,64,32.6679284,-117.2449299,https://gis.charttools.noaa.gov/arcgis/rest/services/encdirect/enc_coastal/MapServer/70,US3CA70M.000,2026-09-22T18:16:52Z
7,65,32.6679317,-117.2449305,https://gis.charttools.noaa.gov/arcgis/rest/services/encdirect/enc_coastal/MapServer/70,US3CA70M.000,2026-09-22T18:16:52Z
7,66,32.6680049,-117.2449439,https://gis.charttools.noaa.gov/arcgis/rest/services/encdirect/enc_coastal/MapServer/70,US3CA70M.000,2026-09-22T18:16:52Z
7,67,32.6680054,-117.2449440,https://gis.charttools.noaa.gov/arcgis/rest/services/encdirect/enc_coastal/MapServer/70,US3CA70M.000,2026-09-22T18:16:52Z
7,68,32.6681479,-117.2449702,https://gis.charttools.noaa.gov/arcgis/rest/services/encdirect/enc_coastal/MapServer/70,US3CA70M.000,2026-09-22T18:16:52Z
7,69,32.6681499,-117.2449706,https://gis.charttools.noaa.gov/arcgis/rest/services/encdirect/enc_coastal/MapServer/70,US3CA70M.000,2026-09-22T18:16:52Z
7,70,32.6681608,-117.2449726,https://gis.charttools.noaa.gov/arcgis/rest/services/encdirect/enc_coastal/MapServer/70,US3CA70M.000,2026-09-22T18:16:52Z
7,71,32.6689031,-117.2451089,https://gis.charttools.noaa.gov/arcgis/rest/services/encdirect/enc_coastal/MapServer/70,US3CA70M.000,2026-09-22T18:16:52Z
7,72,32.6690491,-117.2451403,https://gis.charttools.noaa.gov/arcgis/rest/services/encdirect/enc_coastal/MapServer/70,US3CA70M.000,2026-09-22T18:16:52Z
7,73,32.6691785,-117.2451681,https://gis.charttools.noaa.gov/arcgis/rest/services/encdirect/enc_coastal/MapServer/70,US3CA70M.000,2026-09-22T18:16:52Z
7,74,32.6691829,-117.2451690,https://gis.charttools.noaa.gov/arcgis/rest/services/encdirect/enc_coastal/MapServer/70,US3CA70M.000,2026-09-22T18:16:52Z
7,75,32.6699166,-117.2453268,https://gis.charttools.noaa.gov/arcgis/rest/services/encdirect/enc_coastal/MapServer/70,US3CA70M.000,2026-09-22T18:16:52Z
7,76,32.6699177,-117.2453270,https://gis.charttools.noaa.gov/arcgis/rest/services/encdirect/enc_coastal/MapServer/70,US3CA70M.000,2026-09-22T18:16:52Z
7,77,32.6699985,-117.2453444,https://gis.charttools.noaa.gov/arcgis/rest/services/encdirect/enc_coastal/MapServer/70,US3CA70M.000,2026-09-22T18:16:52Z
7,78,32.6700032,-117.2453454,https://gis.charttools.noaa.gov/arcgis/rest/services/encdirect/enc_coastal/MapServer/70,US3CA70M.000,2026-09-22T18:16:52Z
7,79,32.6700755,-117.2453609,https://gis.charttools.noaa.gov/arcgis/rest/services/encdirect/enc_coastal/MapServer/70,US3CA70M.000,2026-09-22T18:16:52Z
7,80,32.6701408,-117.2453689,https://gis.charttools.noaa.gov/arcgis/rest/services/encdirect/enc_coastal/MapServer/70,US3CA70M.000,2026-09-22T18:16:52Z
7,81,32.6702187,-117.2453784,https://gis.charttools.noaa.gov/arcgis/rest/services/encdirect/enc_coastal/MapServer/70,US3CA70M.000,2026-09-22T18:16:52Z
7,82,32.6702785,-117.2453857,https://gis.charttools.noaa.gov/arcgis/rest/services/encdirect/enc_coastal/MapServer/70,US3CA70M.000,2026-09-22T18:16:52Z
7,83,32.6702999,-117.2453884,https://gis.charttools.noaa.gov/arcgis/rest/services/encdirect/enc_coastal/MapServer/70,US3CA70M.000,2026-09-22T18:16:52Z
7,84,32.6705980,-117.2454248,https://gis.charttools.noaa.gov/arcgis/rest/services/encdirect/enc_coastal/MapServer/70,US3CA70M.000,2026-09-22T18:16:52Z
7,85,32.6708717,-117.2454583,https://gis.charttools.noaa.gov/arcgis/rest/services/encdirect/enc_coastal/MapServer/70,US3CA70M.000,2026-09-22T18:16:52Z
7,86,32.6711647,-117.2454941,https://gis.charttools.noaa.gov/arcgis/rest/services/encdirect/enc_coastal/MapServer/70,US3CA70M.000,2026-09-22T18:16:52Z
7,87,32.6712204,-117.2455009,https://gis.charttools.noaa.gov/arcgis/rest/services/encdirect/enc_coastal/MapServer/70,US3CA70M.000,2026-09-22T18:16:52Z
7,88,32.6712659,-117.2455065,https://gis.charttools.noaa.gov/arcgis/rest/services/encdirect/enc_coastal/MapServer/70,US3CA70M.000,2026-09-22T18:16:52Z
7,89,32.6713833,-117.2455209,https://gis.charttools.noaa.gov/arcgis/rest/services/encdirect/enc_coastal/MapServer/70,US3CA70M.000,2026-09-22T18:16:52Z
7,90,32.6714000,-117.2455229,https://gis.charttools.noaa.gov/arcgis/rest/services/encdirect/enc_coastal/MapServer/70,US3CA70M.000,2026-09-22T18:16:52Z
7,91,32.6718922,-117.2455229,https://gis.charttools.noaa.gov/arcgis/rest/services/encdirect/enc_coastal/MapServer/70,US3CA70M.000,2026-09-22T18:16:52Z
7,92,32.6719099,-117.2455229,https://gis.charttools.noaa.gov/arcgis/rest/services/encdirect/enc_coastal/MapServer/70,US3CA70M.000,2026-09-22T18:16:52Z
7,93,32.6720039,-117.2455229,https://gis.charttools.noaa.gov/arcgis/rest/services/encdirect/enc_coastal/MapServer/70,US3CA70M.000,2026-09-22T18:16:52Z
7,94,32.6720070,-117.2455229,https://gis.charttools.noaa.gov/arcgis/rest/services/encdirect/enc_coastal/MapServer/70,US3CA70M.000,2026-09-22T18:16:52Z
7,95,32.6724239,-117.2455229,https://gis.charttools.noaa.gov/arcgis/rest/services/encdirect/enc_coastal/MapServer/70,US3CA70M.000,2026-09-22T18:16:52Z
7,96,32.6724432,-117.2455229,https://gis.charttools.noaa.gov/arcgis/rest/services/encdirect/enc_coastal/MapServer/70,US3CA70M.000,2026-09-22T18:16:52Z
7,97,32.6726561,-117.2455229,https://gis.charttools.noaa.gov/arcgis/rest/services/encdirect/enc_coastal/MapServer/70,US3CA70M.000,2026-09-22T18:16:52Z
7,98,32.6726609,-117.2455229,https://gis.charttools.noaa.gov/arcgis/rest/services/encdirect/enc_coastal/MapServer/70,US3CA70M.000,2026-09-22T18:16:52Z
7,99,32.6730193,-117.2455229,https://gis.charttools.noaa.gov/arcgis/rest/services/encdirect/enc_coastal/MapServer/70,US3CA70M.000,2026-09-22T18:16:52Z
7,100,32.6730206,-117.2455229,https://gis.charttools.noaa.gov/arcgis/rest/services/encdirect/enc_coastal/MapServer/70,US3CA70M.000,2026-09-22T18:16:52Z
7,101,32.6733058,-117.2455229,https://gis.charttools.noaa.gov/arcgis/rest/services/encdirect/enc_coastal/MapServer/70,US3CA70M.000,2026-09-22T18:16:52Z
7,102,32.6733123,-117.2455229,https://gis.charttools.noaa.gov/arcgis/rest/services/encdirect/enc_coastal/MapServer/70,US3CA70M.000,2026-09-22T18:16:52Z
7,103,32.6733487,-117.2455229,https://gis.charttools.noaa.gov/arcgis/rest/services/encdirect/enc_coastal/MapServer/70,US3CA70M.000,2026-09-22T18:16:52Z
7,104,32.6736878,-117.2456651,https://gis.charttools.noaa.gov/arcgis/rest/services/encdirect/enc_coastal/MapServer/70,US3CA70M.000,2026-09-22T18:16:52Z
7,105,32.6736916,-117.2456668,https://gis.charttools.noaa.gov/arcgis/rest/services/encdirect/enc_coastal/MapServer/70,US3CA70M.000,2026-09-22T18:16:52Z
7,106,32.6738207,-117.2457209,https://gis.charttools.noaa.gov/arcgis/rest/services/encdirect/enc_coastal/MapServer/70,US3CA70M.000,2026-09-22T18:16:52Z
7,107,32.6738492,-117.2457383,https://gis.charttools.noaa.gov/arcgis/rest/services/encdirect/enc_coastal/MapServer/70,US3CA70M.000,2026-09-22T18:16:52Z
7,108,32.6740123,-117.2458378,https://gis.charttools.noaa.gov/arcgis/rest/services/encdirect/enc_coastal/MapServer/70,US3CA70M.000,2026-09-22T18:16:52Z
7,109,32.6740807,-117.2458796,https://gis.charttools.noaa.gov/arcgis/rest/services/encdirect/enc_coastal/MapServer/70,US3CA70M.000,2026-09-22T18:16:52Z
7,110,32.6741022,-117.2458927,https://gis.charttools.noaa.gov/arcgis/rest/services/encdirect/enc_coastal/MapServer/70,US3CA70M.000,2026-09-22T18:16:52Z
7,111,32.6741623,-117.2459294,https://gis.charttools.noaa.gov/arcgis/rest/services/encdirect/enc_coastal/MapServer/70,US3CA70M.000,2026-09-22T18:16:52Z
7,112,32.6741722,-117.2459354,https://gis.charttools.noaa.gov/arcgis/rest/services/encdirect/enc_coastal/MapServer/70,US3CA70M.000,2026-09-22T18:16:52Z
7,113,32.6742565,-117.2459869,https://gis.charttools.noaa.gov/arcgis/rest/services/encdirect/enc_coastal/MapServer/70,US3CA70M.000,2026-09-22T18:16:52Z
7,114,32.6742607,-117.2459895,https://gis.charttools.noaa.gov/arcgis/rest/services/encdirect/enc_coastal/MapServer/70,US3CA70M.000,2026-09-22T18:16:52Z
7,115,32.6742926,-117.2460089,https://gis.charttools.noaa.gov/arcgis/rest/services/encdirect/enc_coastal/MapServer/70,US3CA70M.000,2026-09-22T18:16:52Z
7,116,32.6747440,-117.2463695,https://gis.charttools.noaa.gov/arcgis/rest/services/encdirect/enc_coastal/MapServer/70,US3CA70M.000,2026-09-22T18:16:52Z
7,117,32.6747463,-117.2463714,https://gis.charttools.noaa.gov/arcgis/rest/services/encdirect/enc_coastal/MapServer/70,US3CA70M.000,2026-09-22T18:16:52Z
7,118,32.6748559,-117.2464589,https://gis.charttools.noaa.gov/arcgis/rest/services/encdirect/enc_coastal/MapServer/70,US3CA70M.000,2026-09-22T18:16:52Z
7,119,32.6749086,-117.2464808,https://gis.charttools.noaa.gov/arcgis/rest/services/encdirect/enc_coastal/MapServer/70,US3CA70M.000,2026-09-22T18:16:52Z
7,120,32.6749094,-117.2464811,https://gis.charttools.noaa.gov/arcgis/rest/services/encdirect/enc_coastal/MapServer/70,US3CA70M.000,2026-09-22T18:16:52Z
7,121,32.6758766,-117.2468830,https://gis.charttools.noaa.gov/arcgis/rest/services/encdirect/enc_coastal/MapServer/70,US3CA70M.000,2026-09-22T18:16:52Z
7,122,32.6758885,-117.2468880,https://gis.charttools.noaa.gov/arcgis/rest/services/encdirect/enc_coastal/MapServer/70,US3CA70M.000,2026-09-22T18:16:52Z
7,123,32.6758999,-117.2468918,https://gis.charttools.noaa.gov/arcgis/rest/services/encdirect/enc_coastal/MapServer/70,US3CA70M.000,2026-09-22T18:16:52Z
7,124,32.6762377,-117.2470048,https://gis.charttools.noaa.gov/arcgis/rest/services/encdirect/enc_coastal/MapServer/70,US3CA70M.000,2026-09-22T18:16:52Z
7,125,32.6762661,-117.2470143,https://gis.charttools.noaa.gov/arcgis/rest/services/encdirect/enc_coastal/MapServer/70,US3CA70M.000,2026-09-22T18:16:52Z
7,126,32.6762661,-117.2470144,https://gis.charttools.noaa.gov/arcgis/rest/services/encdirect/enc_coastal/MapServer/70,US3CA70M.000,2026-09-22T18:16:52Z
7,127,32.6764550,-117.2470776,https://gis.charttools.noaa.gov/arcgis/rest/services/encdirect/enc_coastal/MapServer/70,US3CA70M.000,2026-09-22T18:16:52Z
7,128,32.6764837,-117.2470872,https://gis.charttools.noaa.gov/arcgis/rest/services/encdirect/enc_coastal/MapServer/70,US3CA70M.000,2026-09-22T18:16:52Z
7,129,32.6765885,-117.2471223,https://gis.charttools.noaa.gov/arcgis/rest/services/encdirect/enc_coastal/MapServer/70,US3CA70M.000,2026-09-22T18:16:52Z
7,130,32.6766051,-117.2471278,https://gis.charttools.noaa.gov/arcgis/rest/services/encdirect/enc_coastal/MapServer/70,US3CA70M.000,2026-09-22T18:16:52Z
7,131,32.6767172,-117.2471653,https://gis.charttools.noaa.gov/arcgis/rest/services/encdirect/enc_coastal/MapServer/70,US3CA70M.000,2026-09-22T18:16:52Z
7,132,32.6767188,-117.2471659,https://gis.charttools.noaa.gov/arcgis/rest/services/encdirect/enc_coastal/MapServer/70,US3CA70M.000,2026-09-22T18:16:52Z
7,133,32.6775042,-117.2474287,https://gis.charttools.noaa.gov/arcgis/rest/services/encdirect/enc_coastal/MapServer/70,US3CA70M.000,2026-09-22T18:16:52Z
7,134,32.6775068,-117.2474296,https://gis.charttools.noaa.gov/arcgis/rest/services/encdirect/enc_coastal/MapServer/70,US3CA70M.000,2026-09-22T18:16:52Z
7,135,32.6775616,-117.2474479,https://gis.charttools.noaa.gov/arcgis/rest/services/encdirect/enc_coastal/MapServer/70,US3CA70M.000,2026-09-22T18:16:52Z
7,136,32.6777883,-117.2475258,https://gis.charttools.noaa.gov/arcgis/rest/services/encdirect/enc_coastal/MapServer/70,US3CA70M.000,2026-09-22T18:16:52Z
7,137,32.6777944,-117.2475279,https://gis.charttools.noaa.gov/arcgis/rest/services/encdirect/enc_coastal/MapServer/70,US3CA70M.000,2026-09-22T18:16:52Z
7,138,32.6782098,-117.2476707,https://gis.charttools.noaa.gov/arcgis/rest/services/encdirect/enc_coastal/MapServer/70,US3CA70M.000,2026-09-22T18:16:52Z
7,139,32.6782150,-117.2476725,https://gis.charttools.noaa.gov/arcgis/rest/services/encdirect/enc_coastal/MapServer/70,US3CA70M.000,2026-09-22T18:16:52Z
7,140,32.6783105,-117.2477054,https://gis.charttools.noaa.gov/arcgis/rest/services/encdirect/enc_coastal/MapServer/70,US3CA70M.000,2026-09-22T18:16:52Z
7,141,32.6783195,-117.2477084,https://gis.charttools.noaa.gov/arcgis/rest/services/encdirect/enc_coastal/MapServer/70,US3CA70M.000,2026-09-22T18:16:52Z
7,142,32.6785222,-117.2477781,https://gis.charttools.noaa.gov/arcgis/rest/services/encdirect/enc_coastal/MapServer/70,US3CA70M.000,2026-09-22T18:16:52Z
7,143,32.6785268,-117.2477797,https://gis.charttools.noaa.gov/arcgis/rest/services/encdirect/enc_coastal/MapServer/70,US3CA70M.000,2026-09-22T18:16:52Z
7,144,32.6793806,-117.2480732,https://gis.charttools.noaa.gov/arcgis/rest/services/encdirect/enc_coastal/MapServer/70,US3CA70M.000,2026-09-22T18:16:52Z
8,0,32.7262692,-117.2266786,https://gis.charttools.noaa.gov/arcgis/rest/services/encdirect/enc_coastal/MapServer/70,US3CA1CJ.000,2026-09-22T18:16:52Z
8,1,32.7262693,-117.2266951,https://gis.charttools.noaa.gov/arcgis/rest/services/encdirect/enc_coastal/MapServer/70,US3CA1CJ.000,2026-09-22T18:16:52Z
8,2,32.7262712,-117.2269607,https://gis.charttools.noaa.gov/arcgis/rest/services/encdirect/enc_coastal/MapServer/70,US3CA1CJ.000,2026-09-22T18:16:52Z
8,3,32.7262338,-117.2270930,https://gis.charttools.noaa.gov/arcgis/rest/services/encdirect/enc_coastal/MapServer/70,US3CA1CJ.000,2026-09-22T18:16:52Z
8,4,32.7261405,-117.2271814,https://gis.charttools.noaa.gov/arcgis/rest/services/encdirect/enc_coastal/MapServer/70,US3CA1CJ.000,2026-09-22T18:16:52Z
8,5,32.7254130,-117.2277336,https://gis.charttools.noaa.gov/arcgis/rest/services/encdirect/enc_coastal/MapServer/70,US3CA1CJ.000,2026-09-22T18:16:52Z
8,6,32.7242562,-117.2286392,https://gis.charttools.noaa.gov/arcgis/rest/services/encdirect/enc_coastal/MapServer/70,US3CA1CJ.000,2026-09-22T18:16:52Z
8,7,32.7238914,-117.2288156,https://gis.charttools.noaa.gov/arcgis/rest/services/encdirect/enc_coastal/MapServer/70,US3CA1CJ.000,2026-09-22T18:16:52Z
8,8,32.7236619,-117.2288739,https://gis.charttools.noaa.gov/arcgis/rest/services/encdirect/enc_coastal/MapServer/70,US3CA1CJ.000,2026-09-22T18:16:52Z
9,0,32.7262692,-117.2266786,https://gis.charttools.noaa.gov/arcgis/rest/services/encdirect/enc_coastal/MapServer/70,US3CA70M.000,2026-09-22T18:16:52Z
9,1,32.7262693,-117.2266951,https://gis.charttools.noaa.gov/arcgis/rest/services/encdirect/enc_coastal/MapServer/70,US3CA70M.000,2026-09-22T18:16:52Z
9,2,32.7262712,-117.2269607,https://gis.charttools.noaa.gov/arcgis/rest/services/encdirect/enc_coastal/MapServer/70,US3CA70M.000,2026-09-22T18:16:52Z
9,3,32.7262338,-117.2270930,https://gis.charttools.noaa.gov/arcgis/rest/services/encdirect/enc_coastal/MapServer/70,US3CA70M.000,2026-09-22T18:16:52Z
9,4,32.7261405,-117.2271814,https://gis.charttools.noaa.gov/arcgis/rest/services/encdirect/enc_coastal/MapServer/70,US3CA70M.000,2026-09-22T18:16:52Z
9,5,32.7254130,-117.2277336,https://gis.charttools.noaa.gov/arcgis/rest/services/encdirect/enc_coastal/MapServer/70,US3CA70M.000,2026-09-22T18:16:52Z
9,6,32.7242562,-117.2286392,https://gis.charttools.noaa.gov/arcgis/rest/services/encdirect/enc_coastal/MapServer/70,US3CA70M.000,2026-09-22T18:16:52Z
9,7,32.7238914,-117.2288156,https://gis.charttools.noaa.gov/arcgis/rest/services/encdirect/enc_coastal/MapServer/70,US3CA70M.000,2026-09-22T18:16:52Z
9,8,32.7236619,-117.2288739,https://gis.charttools.noaa.gov/arcgis/rest/services/encdirect/enc_coastal/MapServer/70,US3CA70M.000,2026-09-22T18:16:52Z
10,0,32.6930593,-117.2269322,https://gis.charttools.noaa.gov/arcgis/rest/services/encdirect/enc_coastal/MapServer/70,US3CA1CJ.000,2026-09-22T18:16:52Z
10,1,32.6935679,-117.2270202,https://gis.charttools.noaa.gov/arcgis/rest/services/encdirect/enc_coastal/MapServer/70,US3CA1CJ.000,2026-09-22T18:16:52Z
10,2,32.6937721,-117.2270555,https://gis.charttools.noaa.gov/arcgis/rest/services/encdirect/enc_coastal/MapServer/70,US3CA1CJ.000,2026-09-22T18:16:52Z
10,3,32.6945748,-117.2271944,https://gis.charttools.noaa.gov/arcgis/rest/services/encdirect/enc_coastal/MapServer/70,US3CA1CJ.000,2026-09-22T18:16:52Z
10,4,32.6952618,-117.2272684,https://gis.charttools.noaa.gov/arcgis/rest/services/encdirect/enc_coastal/MapServer/70,US3CA1CJ.000,2026-09-22T18:16:52Z
10,5,32.6953211,-117.2272606,https://gis.charttools.noaa.gov/arcgis/rest/services/encdirect/enc_coastal/MapServer/70,US3CA1CJ.000,2026-09-22T18:16:52Z
10,6,32.6955112,-117.2272356,https://gis.charttools.noaa.gov/arcgis/rest/services/encdirect/enc_coastal/MapServer/70,US3CA1CJ.000,2026-09-22T18:16:52Z
10,7,32.6955351,-117.2272325,https://gis.charttools.noaa.gov/arcgis/rest/services/encdirect/enc_coastal/MapServer/70,US3CA1CJ.000,2026-09-22T18:16:52Z
10,8,32.6958793,-117.2271872,https://gis.charttools.noaa.gov/arcgis/rest/services/encdirect/enc_coastal/MapServer/70,US3CA1CJ.000,2026-09-22T18:16:52Z
10,9,32.6963861,-117.2271206,https://gis.charttools.noaa.gov/arcgis/rest/services/encdirect/enc_coastal/MapServer/70,US3CA1CJ.000,2026-09-22T18:16:52Z
10,10,32.6974480,-117.2267140,https://gis.charttools.noaa.gov/arcgis/rest/services/encdirect/enc_coastal/MapServer/70,US3CA1CJ.000,2026-09-22T18:16:52Z
10,11,32.6994779,-117.2260485,https://gis.charttools.noaa.gov/arcgis/rest/services/encdirect/enc_coastal/MapServer/70,US3CA1CJ.000,2026-09-22T18:16:52Z
11,0,32.6793806,-117.2480732,https://gis.charttools.noaa.gov/arcgis/rest/services/encdirect/enc_coastal/MapServer/70,US3CA70M.000,2026-09-22T18:16:52Z
11,1,32.6795133,-117.2481464,https://gis.charttools.noaa.gov/arcgis/rest/services/encdirect/enc_coastal/MapServer/70,US3CA70M.000,2026-09-22T18:16:52Z
11,2,32.6795214,-117.2481509,https://gis.charttools.noaa.gov/arcgis/rest/services/encdirect/enc_coastal/MapServer/70,US3CA70M.000,2026-09-22T18:16:52Z
11,3,32.6797475,-117.2482756,https://gis.charttools.noaa.gov/arcgis/rest/services/encdirect/enc_coastal/MapServer/70,US3CA70M.000,2026-09-22T18:16:52Z
11,4,32.6797635,-117.2482845,https://gis.charttools.noaa.gov/arcgis/rest/services/encdirect/enc_coastal/MapServer/70,US3CA70M.000,2026-09-22T18:16:52Z
11,5,32.6798373,-117.2483252,https://gis.charttools.noaa.gov/arcgis/rest/services/encdirect/enc_coastal/MapServer/70,US3CA70M.000,2026-09-22T18:16:52Z
11,6,32.6807128,-117.2486347,https://gis.charttools.noaa.gov/arcgis/rest/services/encdirect/enc_coastal/MapServer/70,US3CA70M.000,2026-09-22T18:16:52Z
11,7,32.6807184,-117.2486366,https://gis.charttools.noaa.gov/arcgis/rest/services/encdirect/enc_coastal/MapServer/70,US3CA70M.000,2026-09-22T18:16:52Z
11,8,32.6807984,-117.2486649,https://gis.charttools.noaa.gov/arcgis/rest/services/encdirect/enc_coastal/MapServer/70,US3CA70M.000,2026-09-22T18:16:52Z
11,9,32.6813235,-117.2487064,https://gis.charttools.noaa.gov/arcgis/rest/services/encdirect/enc_coastal/MapServer/70,US3CA70M.000,2026-09-22T18:16:52Z
11,10,32.6813404,-117.2487077,https://gis.charttools.noaa.gov/arcgis/rest/services/encdirect/enc_coastal/MapServer/70,US3CA70M.000,2026-09-22T18:16:52Z
11,11,32.6814695,-117.2487179,https://gis.charttools.noaa.gov/arcgis/rest/services/encdirect/enc_coastal/MapServer/70,US3CA70M.000,2026-09-22T18:16:52Z
11,12,32.6814741,-117.2487183,https://gis.charttools.noaa.gov/arcgis/rest/services/encdirect/enc_coastal/MapServer/70,US3CA70M.000,2026-09-22T18:16:52Z
11,13,32.6815040,-117.2487206,https://gis.charttools.noaa.gov/arcgis/rest/services/encdirect/enc_coastal/MapServer/70,US3CA70M.000,2026-09-22T18:16:52Z
11,14,32.6815100,-117.2487211,https://gis.charttools.noaa.gov/arcgis/rest/services/encdirect/enc_coastal/MapServer/70,US3CA70M.000,2026-09-22T18:16:52Z
11,15,32.6817833,-117.2487427,https://gis.charttools.noaa.gov/arcgis/rest/services/encdirect/enc_coastal/MapServer/70,US3CA70M.000,2026-09-22T18:16:52Z
11,16,32.6818134,-117.2487451,https://gis.charttools.noaa.gov/arcgis/rest/services/encdirect/enc_coastal/MapServer/70,US3CA70M.000,2026-09-22T18:16:52Z
11,17,32.6818686,-117.2487494,https://gis.charttools.noaa.gov/arcgis/rest/services/encdirect/enc_coastal/MapServer/70,US3CA70M.000,2026-09-22T18:16:52Z
11,18,32.6820479,-117.2487636,https://gis.charttools.noaa.gov/arcgis/rest/services/encdirect/enc_coastal/MapServer/70,US3CA70M.000,2026-09-22T18:16:52Z
11,19,32.6825411,-117.2489148,https://gis.charttools.noaa.gov/arcgis/rest/services/encdirect/enc_coastal/MapServer/70,US3CA70M.000,2026-09-22T18:16:52Z
11,20,32.6826173,-117.2489812,https://gis.charttools.noaa.gov/arcgis/rest/services/encdirect/enc_coastal/MapServer/70,US3CA70M.000,2026-09-22T18:16:52Z
11,21,32.6828342,-117.2491701,https://gis.charttools.noaa.gov/arcgis/rest/services/encdirect/enc_coastal/MapServer/70,US3CA70M.000,2026-09-22T18:16:52Z
11,22,32.6828358,-117.2491716,https://gis.charttools.noaa.gov/arcgis/rest/services/encdirect/enc_coastal/MapServer/70,US3CA70M.000,2026-09-22T18:16:52Z
11,23,32.6828882,-117.2492172,https://gis.charttools.noaa.gov/arcgis/rest/services/encdirect/enc_coastal/MapServer/70,US3CA70M.000,2026-09-22T18:16:52Z
11,24,32.6830234,-117.2493416,https://gis.charttools.noaa.gov/arcgis/rest/services/encdirect/enc_coastal/MapServer/70,US3CA70M.000,2026-09-22T18:16:52Z
11,25,32.6830239,-117.2493420,https://gis.charttools.noaa.gov/arcgis/rest/services/encdirect/enc_coastal/MapServer/70,US3CA70M.000,2026-09-22T18:16:52Z
11,26,32.6831662,-117.2494729,https://gis.charttools.noaa.gov/arcgis/rest/services/encdirect/enc_coastal/MapServer/70,US3CA70M.000,2026-09-22T18:16:52Z
11,27,32.6831685,-117.2494750,https://gis.charttools.noaa.gov/arcgis/rest/services/encdirect/enc_coastal/MapServer/70,US3CA70M.000,2026-09-22T18:16:52Z
11,28,32.6833814,-117.2496708,https://gis.charttools.noaa.gov/arcgis/rest/services/encdirect/enc_coastal/MapServer/70,US3CA70M.000,2026-09-22T18:16:52Z
11,29,32.6840216,-117.2498435,https://gis.charttools.noaa.gov/arcgis/rest/services/encdirect/enc_coastal/MapServer/70,US3CA70M.000,2026-09-22T18:16:52Z
11,30,32.6841416,-117.2498506,https://gis.charttools.noaa.gov/arcgis/rest/services/encdirect/enc_coastal/MapServer/70,US3CA70M.000,2026-09-22T18:16:52Z
11,31,32.6842815,-117.2498589,https://gis.charttools.noaa.gov/arcgis/rest/services/encdirect/enc_coastal/MapServer/70,US3CA70M.000,2026-09-22T18:16:52Z
11,32,32.6851167,-117.2499084,https://gis.charttools.noaa.gov/arcgis/rest/services/encdirect/enc_coastal/MapServer/70,US3CA70M.000,2026-09-22T18:16:52Z
11,33,32.6853319,-117.2499700,https://gis.charttools.noaa.gov/arcgis/rest/services/encdirect/enc_coastal/MapServer/70,US3CA70M.000,2026-09-22T18:16:52Z
11,34,32.6853587,-117.2499777,https://gis.charttools.noaa.gov/arcgis/rest/services/encdirect/enc_coastal/MapServer/70,US3CA70M.000,2026-09-22T18:16:52Z
11,35,32.6857475,-117.2500889,https://gis.charttools.noaa.gov/arcgis/rest/services/encdirect/enc_coastal/MapServer/70,US3CA70M.000,2026-09-22T18:16:52Z
11,36,32.6861057,-117.2501914,https://gis.charttools.noaa.gov/arcgis/rest/services/encdirect/enc_coastal/MapServer/70,US3CA70M.000,2026-09-22T18:16:52Z
11,37,32.6861099,-117.2501925,https://gis.charttools.noaa.gov/arcgis/rest/services/encdirect/enc_coastal/MapServer/70,US3CA70M.000,2026-09-22T18:16:52Z
11,38,32.6862179,-117.2502234,https://gis.charttools.noaa.gov/arcgis/rest/services/encdirect/enc_coastal/MapServer/70,US3CA70M.000,2026-09-22T18:16:52Z
11,39,32.6862213,-117.2502244,https://gis.charttools.noaa.gov/arcgis/rest/services/encdirect/enc_coastal/MapServer/70,US3CA70M.000,2026-09-22T18:16:52Z
11,40,32.6862492,-117.2502324,https://gis.charttools.noaa.gov/arcgis/rest/services/encdirect/enc_coastal/MapServer/70,US3CA70M.000,2026-09-22T18:16:52Z
11,41,32.6865764,-117.2503134,https://gis.charttools.noaa.gov/arcgis/rest/services/encdirect/enc_coastal/MapServer/70,US3CA70M.000,2026-09-22T18:16:52Z
11,42,32.6867332,-117.2503522,https://gis.charttools.noaa.gov/arcgis/rest/services/encdirect/enc_coastal/MapServer/70,US3CA70M.000,2026-09-22T18:16:52Z
11,43,32.6870347,-117.2504268,https://gis.charttools.noaa.gov/arcgis/rest/services/encdirect/enc_coastal/MapServer/70,US3CA70M.000,2026-09-22T18:16:52Z
11,44,32.6873663,-117.2503848,https://gis.charttools.noaa.gov/arcgis/rest/services/encdirect/enc_coastal/MapServer/70,US3CA70M.000,2026-09-22T18:16:52Z
11,45,32.6873841,-117.2503825,https://gis.charttools.noaa.gov/arcgis/rest/services/encdirect/enc_coastal/MapServer/70,US3CA70M.000,2026-09-22T18:16:52Z
11,46,32.6880576,-117.2502972,https://gis.charttools.noaa.gov/arcgis/rest/services/encdirect/enc_coastal/MapServer/70,US3CA70M.000,2026-09-22T18:16:52Z
11,47,32.6888613,-117.2502108,https://gis.charttools.noaa.gov/arcgis/rest/services/encdirect/enc_coastal/MapServer/70,US3CA70M.000,2026-09-22T18:16:52Z
11,48,32.6892109,-117.2502609,https://gis.charttools.noaa.gov/arcgis/rest/services/encdirect/enc_coastal/MapServer/70,US3CA70M.000,2026-09-22T18:16:52Z
11,49,32.6892490,-117.2502664,https://gis.charttools.noaa.gov/arcgis/rest/services/encdirect/enc_coastal/MapServer/70,US3CA70M.000,2026-09-22T18:16:52Z
11,50,32.6894640,-117.2502972,https://gis.charttools.noaa.gov/arcgis/rest/services/encdirect/enc_coastal/MapServer/70,US3CA70M.000,2026-09-22T18:16:52Z
11,51,32.6901764,-117.2506644,https://gis.charttools.noaa.gov/arcgis/rest/services/encdirect/enc_coastal/MapServer/70,US3CA70M.000,2026-09-22T18:16:52Z
11,52,32.6903688,-117.2508350,https://gis.charttools.noaa.gov/arcgis/rest/services/encdirect/enc_coastal/MapServer/70,US3CA70M.000,2026-09-22T18:16:52Z
11,53,32.6909070,-117.2513124,https://gis.charttools.noaa.gov/arcgis/rest/services/encdirect/enc_coastal/MapServer/70,US3CA70M.000,2026-09-22T18:16:52Z
11,54,32.6914367,-117.2517444,https://gis.charttools.noaa.gov/arcgis/rest/services/encdirect/enc_coastal/MapServer/70,US3CA70M.000,2026-09-22T18:16:52Z
11,55,32.6917290,-117.2523492,https://gis.charttools.noaa.gov/arcgis/rest/services/encdirect/enc_coastal/MapServer/70,US3CA70M.000,2026-09-22T18:16:52Z
11,56,32.6918031,-117.2525136,https://gis.charttools.noaa.gov/arcgis/rest/services/encdirect/enc_coastal/MapServer/70,US3CA70M.000,2026-09-22T18:16:52Z
11,57,32.6918181,-117.2525468,https://gis.charttools.noaa.gov/arcgis/rest/services/encdirect/enc_coastal/MapServer/70,US3CA70M.000,2026-09-22T18:16:52Z
11,58,32.6920212,-117.2529972,https://gis.charttools.noaa.gov/arcgis/rest/services/encdirect/enc_coastal/MapServer/70,US3CA70M.000,2026-09-22T18:16:52Z
11,59,32.6922748,-117.2531818,https://gis.charttools.noaa.gov/arcgis/rest/services/encdirect/enc_coastal/MapServer/70,US3CA70M.000,2026-09-22T18:16:52Z
11,60,32.6923658,-117.2532480,https://gis.charttools.noaa.gov/arcgis/rest/services/encdirect/enc_coastal/MapServer/70,US3CA70M.000,2026-09-22T18:16:52Z
11,61,32.6924961,-117.2533428,https://gis.charttools.noaa.gov/arcgis/rest/services/encdirect/enc_coastal/MapServer/70,US3CA70M.000,2026-09-22T18:16:52Z
11,62,32.6934641,-117.2536452,https://gis.charttools.noaa.gov/arcgis/rest/services/encdirect/enc_coastal/MapServer/70,US3CA70M.000,2026-09-22T18:16:52Z
11,63,32.6935772,-117.2536727,https://gis.charttools.noaa.gov/arcgis/rest/services/encdirect/enc_coastal/MapServer/70,US3CA70M.000,2026-09-22T18:16:52Z
11,64,32.6941020,-117.2538005,https://gis.charttools.noaa.gov/arcgis/rest/services/encdirect/enc_coastal/MapServer/70,US3CA70M.000,2026-09-22T18:16:52Z
11,65,32.6945959,-117.2539208,https://gis.charttools.noaa.gov/arcgis/rest/services/encdirect/enc_coastal/MapServer/70,US3CA70M.000,2026-09-22T18:16:52Z
11,66,32.6946480,-117.2539335,https://gis.charttools.noaa.gov/arcgis/rest/services/encdirect/enc_coastal/MapServer/70,US3CA70M.000,2026-09-22T18:16:52Z
11,67,32.6947061,-117.2539476,https://gis.charttools.noaa.gov/arcgis/rest/services/encdirect/enc_coastal/MapServer/70,US3CA70M.000,2026-09-22T18:16:52Z
11,68,32.6948543,-117.2539712,https://gis.charttools.noaa.gov/arcgis/rest/services/encdirect/enc_coastal/MapServer/70,US3CA70M.000,2026-09-22T18:16:52Z
11,69,32.6960853,-117.2541672,https://gis.charttools.noaa.gov/arcgis/rest/services/encdirect/enc_coastal/MapServer/70,US3CA70M.000,2026-09-22T18:16:52Z
11,70,32.6961671,-117.2541802,https://gis.charttools.noaa.gov/arcgis/rest/services/encdirect/enc_coastal/MapServer/70,US3CA70M.000,2026-09-22T18:16:52Z
11,71,32.6961934,-117.2541844,https://gis.charttools.noaa.gov/arcgis/rest/services/encdirect/enc_coastal/MapServer/70,US3CA70M.000,2026-09-22T18:16:52Z
11,72,32.6966056,-117.2542500,https://gis.charttools.noaa.gov/arcgis/rest/services/encdirect/enc_coastal/MapServer/70,US3CA70M.000,2026-09-22T18:16:52Z
11,73,32.6974380,-117.2544192,https://gis.charttools.noaa.gov/arcgis/rest/services/encdirect/enc_coastal/MapServer/70,US3CA70M.000,2026-09-22T18:16:52Z
11,74,32.6975686,-117.2544458,https://gis.charttools.noaa.gov/arcgis/rest/services/encdirect/enc_coastal/MapServer/70,US3CA70M.000,2026-09-22T18:16:52Z
11,75,32.6977745,-117.2544876,https://gis.charttools.noaa.gov/arcgis/rest/services/encdirect/enc_coastal/MapServer/70,US3CA70M.000,2026-09-22T18:16:52Z
11,76,32.6984138,-117.2547900,https://gis.charttools.noaa.gov/arcgis/rest/services/encdirect/enc_coastal/MapServer/70,US3CA70M.000,2026-09-22T18:16:52Z
11,77,32.6984171,-117.2547919,https://gis.charttools.noaa.gov/arcgis/rest/services/encdirect/enc_coastal/MapServer/70,US3CA70M.000,2026-09-22T18:16:52Z
11,78,32.6989617,-117.2551140,https://gis.charttools.noaa.gov/arcgis/rest/services/encdirect/enc_coastal/MapServer/70,US3CA70M.000,2026-09-22T18:16:52Z
11,79,32.6991078,-117.2552004,https://gis.charttools.noaa.gov/arcgis/rest/services/encdirect/enc_coastal/MapServer/70,US3CA70M.000,2026-09-22T18:16:52Z
11,80,32.6995489,-117.2553743,https://gis.charttools.noaa.gov/arcgis/rest/services/encdirect/enc_coastal/MapServer/70,US3CA70M.000,2026-09-22T18:16:52Z
11,81,32.6996557,-117.2554164,https://gis.charttools.noaa.gov/arcgis/rest/services/encdirect/enc_coastal/MapServer/70,US3CA70M.000,2026-09-22T18:16:52Z
11,82,32.7000500,-117.2553707,https://gis.charttools.noaa.gov/arcgis/rest/services/encdirect/enc_coastal/MapServer/70,US3CA70M.000,2026-09-22T18:16:52Z
11,83,32.7005871,-117.2553084,https://gis.charttools.noaa.gov/arcgis/rest/services/encdirect/enc_coastal/MapServer/70,US3CA70M.000,2026-09-22T18:16:52Z
11,84,32.7010802,-117.2551356,https://gis.charttools.noaa.gov/arcgis/rest/services/encdirect/enc_coastal/MapServer/70,US3CA70M.000,2026-09-22T18:16:52Z
11,85,32.7018655,-117.2551140,https://gis.charttools.noaa.gov/arcgis/rest/services/encdirect/enc_coastal/MapServer/70,US3CA70M.000,2026-09-22T18:16:52Z
11,86,32.7025708,-117.2552697,https://gis.charttools.noaa.gov/arcgis/rest/services/encdirect/enc_coastal/MapServer/70,US3CA70M.000,2026-09-22T18:16:52Z
11,87,32.7029212,-117.2553471,https://gis.charttools.noaa.gov/arcgis/rest/services/encdirect/enc_coastal/MapServer/70,US3CA70M.000,2026-09-22T18:16:52Z
11,88,32.7032353,-117.2554164,https://gis.charttools.noaa.gov/arcgis/rest/services/encdirect/enc_coastal/MapServer/70,US3CA70M.000,2026-09-22T18:16:52Z
11,89,32.7039344,-117.2555200,https://gis.charttools.noaa.gov/arcgis/rest/services/encdirect/enc_coastal/MapServer/70,US3CA70M.000,2026-09-22T18:16:52Z
11,90,32.7050589,-117.2554778,https://gis.charttools.noaa.gov/arcgis/rest/services/encdirect/enc_coastal/MapServer/70,US3CA70M.000,2026-09-22T18:16:52Z
11,91,32.7059415,-117.2554446,https://gis.charttools.noaa.gov/arcgis/rest/services/encdirect/enc_coastal/MapServer/70,US3CA70M.000,2026-09-22T18:16:52Z
11,92,32.7060874,-117.2554391,https://gis.charttools.noaa.gov/arcgis/rest/services/encdirect/enc_coastal/MapServer/70,US3CA70M.000,2026-09-22T18:16:52Z
11,93,32.7074721,-117.2554596,https://gis.charttools.noaa.gov/arcgis/rest/services/encdirect/enc_coastal/MapServer/70,US3CA70M.000,2026-09-22T18:16:52Z
11,94,32.7096595,-117.2554824,https://gis.charttools.noaa.gov/arcgis/rest/services/encdirect/enc_coastal/MapServer/70,US3CA70M.000,2026-09-22T18:16:52Z
11,95,32.7103322,-117.2556441,https://gis.charttools.noaa.gov/arcgis/rest/services/encdirect/enc_coastal/MapServer/70,US3CA70M.000,2026-09-22T18:16:52Z
11,96,32.7107598,-117.2557609,https://gis.charttools.noaa.gov/arcgis/rest/services/encdirect/enc_coastal/MapServer/70,US3CA70M.000,2026-09-22T18:16:52Z
11,97,32.7120095,-117.2561022,https://gis.charttools.noaa.gov/arcgis/rest/services/encdirect/enc_coastal/MapServer/70,US3CA70M.000,2026-09-22T18:16:52Z
12,0,32.7159331,-117.2359601,https://gis.charttools.noaa.gov/arcgis/rest/services/encdirect/enc_coastal/MapServer/70,US3CA70M.000,2026-09-22T18:16:52Z
12,1,32.7154307,-117.2356971,https://gis.charttools.noaa.gov/arcgis/rest/services/encdirect/enc_coastal/MapServer/70,US3CA70M.000,2026-09-22T18:16:52Z
12,2,32.7151308,-117.2355402,https://gis.charttools.noaa.gov/arcgis/rest/services/encdirect/enc_coastal/MapServer/70,US3CA70M.000,2026-09-22T18:16:52Z
12,3,32.7153173,-117.2348553,https://gis.charttools.noaa.gov/arcgis/rest/services/encdirect/enc_coastal/MapServer/70,US3CA70M.000,2026-09-22T18:16:52Z
12,4,32.7153322,-117.2348324,https://gis.charttools.noaa.gov/arcgis/rest/services/encdirect/enc_coastal/MapServer/70,US3CA70M.000,2026-09-22T18:16:52Z
12,5,32.7159331,-117.2339055,https://gis.charttools.noaa.gov/arcgis/rest/services/encdirect/enc_coastal/MapServer/70,US3CA70M.000,2026-09-22T18:16:52Z
12,6,32.7154292,-117.2334639,https://gis.charttools.noaa.gov/arcgis/rest/services/encdirect/enc_coastal/MapServer/70,US3CA70M.000,2026-09-22T18:16:52Z
12,7,32.7153299,-117.2335636,https://gis.charttools.noaa.gov/arcgis/rest/services/encdirect/enc_coastal/MapServer/70,US3CA70M.000,2026-09-22T18:16:52Z
12,8,32.7137562,-117.2351439,https://gis.charttools.noaa.gov/arcgis/rest/services/encdirect/enc_coastal/MapServer/70,US3CA70M.000,2026-09-22T18:16:52Z
12,9,32.7128081,-117.2360959,https://gis.charttools.noaa.gov/arcgis/rest/services/encdirect/enc_coastal/MapServer/70,US3CA70M.000,2026-09-22T18:16:52Z
12,10,32.7119312,-117.2369795,https://gis.charttools.noaa.gov/arcgis/rest/services/encdirect/enc_coastal/MapServer/70,US3CA70M.000,2026-09-22T18:16:52Z
12,11,32.7114461,-117.2372667,https://gis.charttools.noaa.gov/arcgis/rest/services/encdirect/enc_coastal/MapServer/70,US3CA70M.000,2026-09-22T18:16:52Z
12,12,32.7105317,-117.2376201,https://gis.charttools.noaa.gov/arcgis/rest/services/encdirect/enc_coastal/MapServer/70,US3CA70M.000,2026-09-22T18:16:52Z
12,13,32.7100279,-117.2377524,https://gis.charttools.noaa.gov/arcgis/rest/services/encdirect/enc_coastal/MapServer/70,US3CA70M.000,2026-09-22T18:16:52Z
12,14,32.7095428,-117.2377967,https://gis.charttools.noaa.gov/arcgis/rest/services/encdirect/enc_coastal/MapServer/70,US3CA70M.000,2026-09-22T18:16:52Z
12,15,32.7088711,-117.2378409,https://gis.charttools.noaa.gov/arcgis/rest/services/encdirect/enc_coastal/MapServer/70,US3CA70M.000,2026-09-22T18:16:52Z
12,16,32.7076395,-117.2377524,https://gis.charttools.noaa.gov/arcgis/rest/services/encdirect/enc_coastal/MapServer/70,US3CA70M.000,2026-09-22T18:16:52Z
12,17,32.7074521,-117.2377078,https://gis.charttools.noaa.gov/arcgis/rest/services/encdirect/enc_coastal/MapServer/70,US3CA70M.000,2026-09-22T18:16:52Z
12,18,32.7060608,-117.2373763,https://gis.charttools.noaa.gov/arcgis/rest/services/encdirect/enc_coastal/MapServer/70,US3CA70M.000,2026-09-22T18:16:52Z
12,19,32.7049784,-117.2370451,https://gis.charttools.noaa.gov/arcgis/rest/services/encdirect/enc_coastal/MapServer/70,US3CA70M.000,2026-09-22T18:16:52Z
12,20,32.7042693,-117.2367579,https://gis.charttools.noaa.gov/arcgis/rest/services/encdirect/enc_coastal/MapServer/70,US3CA70M.000,2026-09-22T18:16:52Z
12,21,32.7038915,-117.2366890,https://gis.charttools.noaa.gov/arcgis/rest/services/encdirect/enc_coastal/MapServer/70,US3CA70M.000,2026-09-22T18:16:52Z
12,22,32.7037841,-117.2366694,https://gis.charttools.noaa.gov/arcgis/rest/services/encdirect/enc_coastal/MapServer/70,US3CA70M.000,2026-09-22T18:16:52Z
12,23,32.7035228,-117.2366694,https://gis.charttools.noaa.gov/arcgis/rest/services/encdirect/enc_coastal/MapServer/70,US3CA70M.000,2026-09-22T18:16:52Z
12,24,32.7031124,-117.2367359,https://gis.charttools.noaa.gov/arcgis/rest/services/encdirect/enc_coastal/MapServer/70,US3CA70M.000,2026-09-22T18:16:52Z
12,25,32.7030627,-117.2367583,https://gis.charttools.noaa.gov/arcgis/rest/services/encdirect/enc_coastal/MapServer/70,US3CA70M.000,2026-09-22T18:16:52Z
12,26,32.7027379,-117.2369046,https://gis.charttools.noaa.gov/arcgis/rest/services/encdirect/enc_coastal/MapServer/70,US3CA70M.000,2026-09-22T18:16:52Z
12,27,32.7027204,-117.2369125,https://gis.charttools.noaa.gov/arcgis/rest/services/encdirect/enc_coastal/MapServer/70,US3CA70M.000,2026-09-22T18:16:52Z
12,28,32.7026790,-117.2369506,https://gis.charttools.noaa.gov/arcgis/rest/services/encdirect/enc_coastal/MapServer/70,US3CA70M.000,2026-09-22T18:16:52Z
12,29,32.7023845,-117.2372216,https://gis.charttools.noaa.gov/arcgis/rest/services/encdirect/enc_coastal/MapServer/70,US3CA70M.000,2026-09-22T18:16:52Z
12,30,32.7023393,-117.2372685,https://gis.charttools.noaa.gov/arcgis/rest/services/encdirect/enc_coastal/MapServer/70,US3CA70M.000,2026-09-22T18:16:52Z
12,31,32.7022434,-117.2373679,https://gis.charttools.noaa.gov/arcgis/rest/services/encdirect/enc_coastal/MapServer/70,US3CA70M.000,2026-09-22T18:16:52Z
12,32,32.7022353,-117.2373763,https://gis.charttools.noaa.gov/arcgis/rest/services/encdirect/enc_coastal/MapServer/70,US3CA70M.000,2026-09-22T18:16:52Z
12,33,32.7022347,-117.2373809,https://gis.charttools.noaa.gov/arcgis/rest/services/encdirect/enc_coastal/MapServer/70,US3CA70M.000,2026-09-22T18:16:52Z
12,34,32.7022166,-117.2375308,https://gis.charttools.noaa.gov/arcgis/rest/services/encdirect/enc_coastal/MapServer/70,US3CA70M.000,2026-09-22T18:16:52Z
12,35,32.7022353,-117.2376416,https://gis.charttools.noaa.gov/arcgis/rest/services/encdirect/enc_coastal/MapServer/70,US3CA70M.000,2026-09-22T18:16:52Z
12,36,32.7023286,-117.2376857,https://gis.charttools.noaa.gov/arcgis/rest/services/encdirect/enc_coastal/MapServer/70,US3CA70M.000,2026-09-22T18:16:52Z
12,37,32.7029817,-117.2377297,https://gis.charttools.noaa.gov/arcgis/rest/services/encdirect/enc_coastal/MapServer/70,US3CA70M.000,2026-09-22T18:16:52Z
12,38,32.7030563,-117.2377519,https://gis.charttools.noaa.gov/arcgis/rest/services/encdirect/enc_coastal/MapServer/70,US3CA70M.000,2026-09-22T18:16:52Z
12,39,32.7030563,-117.2378623,https://gis.charttools.noaa.gov/arcgis/rest/services/encdirect/enc_coastal/MapServer/70,US3CA70M.000,2026-09-22T18:16:52Z
12,40,32.7026756,-117.2384367,https://gis.charttools.noaa.gov/arcgis/rest/services/encdirect/enc_coastal/MapServer/70,US3CA70M.000,2026-09-22T18:16:52Z
12,41,32.7019104,-117.2392762,https://gis.charttools.noaa.gov/arcgis/rest/services/encdirect/enc_coastal/MapServer/70,US3CA70M.000,2026-09-22T18:16:52Z
12,42,32.7009214,-117.2402703,https://gis.charttools.noaa.gov/arcgis/rest/services/encdirect/enc_coastal/MapServer/70,US3CA70M.000,2026-09-22T18:16:52Z
12,43,32.7001563,-117.2409109,https://gis.charttools.noaa.gov/arcgis/rest/services/encdirect/enc_coastal/MapServer/70,US3CA70M.000,2026-09-22T18:16:52Z
12,44,32.7000500,-117.2409791,https://gis.charttools.noaa.gov/arcgis/rest/services/encdirect/enc_coastal/MapServer/70,US3CA70M.000,2026-09-22T18:16:52Z
12,45,32.6997084,-117.2411982,https://gis.charttools.noaa.gov/arcgis/rest/services/encdirect/enc_coastal/MapServer/70,US3CA70M.000,2026-09-22T18:16:52Z
12,46,32.6994098,-117.2412863,https://gis.charttools.noaa.gov/arcgis/rest/services/encdirect/enc_coastal/MapServer/70,US3CA70M.000,2026-09-22T18:16:52Z
12,47,32.6992979,-117.2412863,https://gis.charttools.noaa.gov/arcgis/rest/services/encdirect/enc_coastal/MapServer/70,US3CA70M.000,2026-09-22T18:16:52Z
12,48,32.6992045,-117.2412201,https://gis.charttools.noaa.gov/arcgis/rest/services/encdirect/enc_coastal/MapServer/70,US3CA70M.000,2026-09-22T18:16:52Z
12,49,32.6990553,-117.2409329,https://gis.charttools.noaa.gov/arcgis/rest/services/encdirect/enc_coastal/MapServer/70,US3CA70M.000,2026-09-22T18:16:52Z
12,50,32.6988500,-117.2406456,https://gis.charttools.noaa.gov/arcgis/rest/services/encdirect/enc_coastal/MapServer/70,US3CA70M.000,2026-09-22T18:16:52Z
12,51,32.6986820,-117.2405133,https://gis.charttools.noaa.gov/arcgis/rest/services/encdirect/enc_coastal/MapServer/70,US3CA70M.000,2026-09-22T18:16:52Z
12,52,32.6984394,-117.2404249,https://gis.charttools.noaa.gov/arcgis/rest/services/encdirect/enc_coastal/MapServer/70,US3CA70M.000,2026-09-22T18:16:52Z
12,53,32.6982528,-117.2404249,https://gis.charttools.noaa.gov/arcgis/rest/services/encdirect/enc_coastal/MapServer/70,US3CA70M.000,2026-09-22T18:16:52Z
12,54,32.6978236,-117.2404911,https://gis.charttools.noaa.gov/arcgis/rest/services/encdirect/enc_coastal/MapServer/70,US3CA70M.000,2026-09-22T18:16:52Z
12,55,32.6974316,-117.2406017,https://gis.charttools.noaa.gov/arcgis/rest/services/encdirect/enc_coastal/MapServer/70,US3CA70M.000,2026-09-22T18:16:52Z
12,56,32.6967306,-117.2409786,https://gis.charttools.noaa.gov/arcgis/rest/services/encdirect/enc_coastal/MapServer/70,US3CA70M.000,2026-09-22T18:16:52Z
12,57,32.6962827,-117.2410669,https://gis.charttools.noaa.gov/arcgis/rest/services/encdirect/enc_coastal/MapServer/70,US3CA70M.000,2026-09-22T18:16:52Z
12,58,32.6960401,-117.2410669,https://gis.charttools.noaa.gov/arcgis/rest/services/encdirect/enc_coastal/MapServer/70,US3CA70M.000,2026-09-22T18:16:52Z
12,59,32.6954428,-117.2409343,https://gis.charttools.noaa.gov/arcgis/rest/services/encdirect/enc_coastal/MapServer/70,US3CA70M.000,2026-09-22T18:16:52Z
12,60,32.6944537,-117.2406031,https://gis.charttools.noaa.gov/arcgis/rest/services/encdirect/enc_coastal/MapServer/70,US3CA70M.000,2026-09-22T18:16:52Z
12,61,32.6942098,-117.2404981,https://gis.charttools.noaa.gov/arcgis/rest/services/encdirect/enc_coastal/MapServer/70,US3CA70M.000,2026-09-22T18:16:52Z
12,62,32.6928114,-117.2398960,https://gis.charttools.noaa.gov/arcgis/rest/services/encdirect/enc_coastal/MapServer/70,US3CA70M.000,2026-09-22T18:16:52Z
12,63,32.6921686,-117.2395536,https://gis.charttools.noaa.gov/arcgis/rest/services/encdirect/enc_coastal/MapServer/70,US3CA70M.000,2026-09-22T18:16:52Z
12,64,32.6921656,-117.2395520,https://gis.charttools.noaa.gov/arcgis/rest/services/encdirect/enc_coastal/MapServer/70,US3CA70M.000,2026-09-22T18:16:52Z
12,65,32.6906911,-117.2387665,https://gis.charttools.noaa.gov/arcgis/rest/services/encdirect/enc_coastal/MapServer/70,US3CA70M.000,2026-09-22T18:16:52Z
12,66,32.6905183,-117.2386573,https://gis.charttools.noaa.gov/arcgis/rest/services/encdirect/enc_coastal/MapServer/70,US3CA70M.000,2026-09-22T18:16:52Z
12,67,32.6900655,-117.2383710,https://gis.charttools.noaa.gov/arcgis/rest/services/encdirect/enc_coastal/MapServer/70,US3CA70M.000,2026-09-22T18:16:52Z
12,68,32.6900643,-117.2383702,https://gis.charttools.noaa.gov/arcgis/rest/services/encdirect/enc_coastal/MapServer/70,US3CA70M.000,2026-09-22T18:16:52Z
12,69,32.6900626,-117.2383691,https://gis.charttools.noaa.gov/arcgis/rest/services/encdirect/enc_coastal/MapServer/70,US3CA70M.000,2026-09-22T18:16:52Z
12,70,32.6899123,-117.2382741,https://gis.charttools.noaa.gov/arcgis/rest/services/encdirect/enc_coastal/MapServer/70,US3CA70M.000,2026-09-22T18:16:52Z
12,71,32.6899095,-117.2382723,https://gis.charttools.noaa.gov/arcgis/rest/services/encdirect/enc_coastal/MapServer/70,US3CA70M.000,2026-09-22T18:16:52Z
12,72,32.6898391,-117.2382278,https://gis.charttools.noaa.gov/arcgis/rest/services/encdirect/enc_coastal/MapServer/70,US3CA70M.000,2026-09-22T18:16:52Z
12,73,32.6893286,-117.2379051,https://gis.charttools.noaa.gov/arcgis/rest/services/encdirect/enc_coastal/MapServer/70,US3CA70M.000,2026-09-22T18:16:52Z
12,74,32.6891489,-117.2377753,https://gis.charttools.noaa.gov/arcgis/rest/services/encdirect/enc_coastal/MapServer/70,US3CA70M.000,2026-09-22T18:16:52Z
12,75,32.6888689,-117.2375731,https://gis.charttools.noaa.gov/arcgis/rest/services/encdirect/enc_coastal/MapServer/70,US3CA70M.000,2026-09-22T18:16:52Z
12,76,32.6888651,-117.2375704,https://gis.charttools.noaa.gov/arcgis/rest/services/encdirect/enc_coastal/MapServer/70,US3CA70M.000,2026-09-22T18:16:52Z
12,77,32.6887198,-117.2374654,https://gis.charttools.noaa.gov/arcgis/rest/services/encdirect/enc_coastal/MapServer/70,US3CA70M.000,2026-09-22T18:16:52Z
12,78,32.6887190,-117.2374648,https://gis.charttools.noaa.gov/arcgis/rest/services/encdirect/enc_coastal/MapServer/70,US3CA70M.000,2026-09-22T18:16:52Z
12,79,32.6887162,-117.2374628,https://gis.charttools.noaa.gov/arcgis/rest/services/encdirect/enc_coastal/MapServer/70,US3CA70M.000,2026-09-22T18:16:52Z
12,80,32.6882275,-117.2371099,https://gis.charttools.noaa.gov/arcgis/rest/services/encdirect/enc_coastal/MapServer/70,US3CA70M.000,2026-09-22T18:16:52Z
12,81,32.6879458,-117.2369200,https://gis.charttools.noaa.gov/arcgis/rest/services/encdirect/enc_coastal/MapServer/70,US3CA70M.000,2026-09-22T18:16:52Z
12,82,32.6875802,-117.2366736,https://gis.charttools.noaa.gov/arcgis/rest/services/encdirect/enc_coastal/MapServer/70,US3CA70M.000,2026-09-22T18:16:52Z
12,83,32.6875783,-117.2366723,https://gis.charttools.noaa.gov/arcgis/rest/services/encdirect/enc_coastal/MapServer/70,US3CA70M.000,2026-09-22T18:16:52Z
12,84,32.6875779,-117.2366720,https://gis.charttools.noaa.gov/arcgis/rest/services/encdirect/enc_coastal/MapServer/70,US3CA70M.000,2026-09-22T18:16:52Z
12,85,32.6874308,-117.2365729,https://gis.charttools.noaa.gov/arcgis/rest/services/encdirect/enc_coastal/MapServer/70,US3CA70M.000,2026-09-22T18:16:52Z
12,86,32.6872921,-117.2364795,https://gis.charttools.noaa.gov/arcgis/rest/services/encdirect/enc_coastal/MapServer/70,US3CA70M.000,2026-09-22T18:16:52Z
12,87,32.6872904,-117.2364783,https://gis.charttools.noaa.gov/arcgis/rest/services/encdirect/enc_coastal/MapServer/70,US3CA70M.000,2026-09-22T18:16:52Z
12,88,32.6872881,-117.2364767,https://gis.charttools.noaa.gov/arcgis/rest/services/encdirect/enc_coastal/MapServer/70,US3CA70M.000,2026-09-22T18:16:52Z
12,89,32.6868837,-117.2362042,https://gis.charttools.noaa.gov/arcgis/rest/services/encdirect/enc_coastal/MapServer/70,US3CA70M.000,2026-09-22T18:16:52Z
12,90,32.6861556,-117.2357846,https://gis.charttools.noaa.gov/arcgis/rest/services/encdirect/enc_coastal/MapServer/70,US3CA70M.000,2026-09-22T18:16:52Z
12,91,32.6858011,-117.2353870,https://gis.charttools.noaa.gov/arcgis/rest/services/encdirect/enc_coastal/MapServer/70,US3CA70M.000,2026-09-22T18:16:52Z
12,92,32.6858011,-117.2352986,https://gis.charttools.noaa.gov/arcgis/rest/services/encdirect/enc_coastal/MapServer/70,US3CA70M.000,2026-09-22T18:16:52Z
13,0,32.6930593,-117.2269322,https://gis.charttools.noaa.gov/arcgis/rest/services/encdirect/enc_coastal/MapServer/70,US3CA1CJ.000,2026-09-22T18:16:52Z
13,1,32.6913705,-117.2269520,https://gis.charttools.noaa.gov/arcgis/rest/services/encdirect/enc_coastal/MapServer/70,US3CA1CJ.000,2026-09-22T18:16:52Z
13,2,32.6899843,-117.2267471,https://gis.charttools.noaa.gov/arcgis/rest/services/encdirect/enc_coastal/MapServer/70,US3CA1CJ.000,2026-09-22T18:16:52Z
13,3,32.6896170,-117.2266928,https://gis.charttools.noaa.gov/arcgis/rest/services/encdirect/enc_coastal/MapServer/70,US3CA1CJ.000,2026-09-22T18:16:52Z
13,4,32.6880212,-117.2261543,https://gis.charttools.noaa.gov/arcgis/rest/services/encdirect/enc_coastal/MapServer/70,US3CA1CJ.000,2026-09-22T18:16:52Z
