generated_utc,cycle_utc,valid_utc,lead_h,wave_source,site,hs_m,hs_basis,depth_m,hs_5m_m,hs_window_m,hs_offshore_m,period_s,from_deg,build_sha
2026-08-04T05:30:00Z,2026-08-04T00:00:00Z,2026-08-04T00:00:00Z,0,spectrum,buoy,0.75,buoy,,,,0.75,11.9,211.0,recomputed
2026-08-04T05:30:00Z,2026-08-04T00:00:00Z,2026-08-04T00:00:00Z,0,spectrum,coronado_north,0.634,5m,5.0,0.634,0.482,0.75,12.7,217.0,recomputed
2026-08-04T05:30:00Z,2026-08-04T00:00:00Z,2026-08-04T00:00:00Z,0,spectrum,coronado_center,0.513,5m,5.0,0.513,0.508,0.75,11.9,231.0,recomputed
2026-08-04T05:30:00Z,2026-08-04T00:00:00Z,2026-08-04T00:00:00Z,0,spectrum,coronado_south,0.425,5m,5.0,0.425,0.532,0.75,6.5,249.0,recomputed
2026-08-04T05:30:00Z,2026-08-04T00:00:00Z,2026-08-04T03:00:00Z,3,spectrum,buoy,0.741,buoy,,,,0.741,11.9,211.0,recomputed
2026-08-04T05:30:00Z,2026-08-04T00:00:00Z,2026-08-04T03:00:00Z,3,spectrum,coronado_north,0.621,5m,5.0,0.621,0.478,0.741,12.7,217.0,recomputed
2026-08-04T05:30:00Z,2026-08-04T00:00:00Z,2026-08-04T03:00:00Z,3,spectrum,coronado_center,0.498,5m,5.0,0.498,0.503,0.741,11.9,231.0,recomputed
2026-08-04T05:30:00Z,2026-08-04T00:00:00Z,2026-08-04T03:00:00Z,3,spectrum,coronado_south,0.412,5m,5.0,0.412,0.529,0.741,6.5,248.0,recomputed
2026-08-04T05:30:00Z,2026-08-04T00:00:00Z,2026-08-04T06:00:00Z,6,spectrum,buoy,0.724,buoy,,,,0.724,11.9,211.0,recomputed
2026-08-04T05:30:00Z,2026-08-04T00:00:00Z,2026-08-04T06:00:00Z,6,spectrum,coronado_north,0.608,5m,5.0,0.608,0.468,0.724,11.9,217.0,recomputed
2026-08-04T05:30:00Z,2026-08-04T00:00:00Z,2026-08-04T06:00:00Z,6,spectrum,coronado_center,0.485,5m,5.0,0.485,0.493,0.724,15.6,231.0,recomputed
2026-08-04T05:30:00Z,2026-08-04T00:00:00Z,2026-08-04T06:00:00Z,6,spectrum,coronado_south,0.4,5m,5.0,0.4,0.517,0.724,6.5,248.0,recomputed
2026-08-04T05:30:00Z,2026-08-04T00:00:00Z,2026-08-04T09:00:00Z,9,spectrum,buoy,0.709,buoy,,,,0.709,11.9,211.0,recomputed
2026-08-04T05:30:00Z,2026-08-04T00:00:00Z,2026-08-04T09:00:00Z,9,spectrum,coronado_north,0.596,5m,5.0,0.596,0.458,0.709,11.9,218.0,recomputed
2026-08-04T05:30:00Z,2026-08-04T00:00:00Z,2026-08-04T09:00:00Z,9,spectrum,coronado_center,0.474,5m,5.0,0.474,0.482,0.709,15.6,231.0,recomputed
2026-08-04T05:30:00Z,2026-08-04T00:00:00Z,2026-08-04T09:00:00Z,9,spectrum,coronado_south,0.387,5m,5.0,0.387,0.506,0.709,11.9,245.0,recomputed
2026-08-04T05:30:00Z,2026-08-04T00:00:00Z,2026-08-04T12:00:00Z,12,spectrum,buoy,0.698,buoy,,,,0.698,15.6,224.0,recomputed
2026-08-04T05:30:00Z,2026-08-04T00:00:00Z,2026-08-04T12:00:00Z,12,spectrum,coronado_north,0.59,5m,5.0,0.59,0.451,0.698,11.9,218.0,recomputed
2026-08-04T05:30:00Z,2026-08-04T00:00:00Z,2026-08-04T12:00:00Z,12,spectrum,coronado_center,0.467,5m,5.0,0.467,0.475,0.698,15.6,232.0,recomputed
2026-08-04T05:30:00Z,2026-08-04T00:00:00Z,2026-08-04T12:00:00Z,12,spectrum,coronado_south,0.372,5m,5.0,0.372,0.499,0.698,6.0,250.0,recomputed
2026-08-04T05:30:00Z,2026-08-04T00:00:00Z,2026-08-04T15:00:00Z,15,spectrum,buoy,0.685,buoy,,,,0.685,15.6,224.0,recomputed
2026-08-04T05:30:00Z,2026-08-04T00:00:00Z,2026-08-04T15:00:00Z,15,spectrum,coronado_north,0.587,5m,5.0,0.587,0.447,0.685,15.6,221.0,recomputed
2026-08-04T05:30:00Z,2026-08-04T00:00:00Z,2026-08-04T15:00:00Z,15,spectrum,coronado_center,0.466,5m,5.0,0.466,0.471,0.685,11.9,235.0,recomputed
2026-08-04T05:30:00Z,2026-08-04T00:00:00Z,2026-08-04T15:00:00Z,15,spectrum,coronado_south,0.367,5m,5.0,0.367,0.493,0.685,5.3,250.0,recomputed
2026-08-04T05:30:00Z,2026-08-04T00:00:00Z,2026-08-04T18:00:00Z,18,spectrum,buoy,0.673,buoy,,,,0.673,14.5,215.0,recomputed
2026-08-04T05:30:00Z,2026-08-04T00:00:00Z,2026-08-04T18:00:00Z,18,spectrum,coronado_north,0.594,5m,5.0,0.594,0.447,0.673,15.6,221.0,recomputed
2026-08-04T05:30:00Z,2026-08-04T00:00:00Z,2026-08-04T18:00:00Z,18,spectrum,coronado_center,0.474,5m,5.0,0.474,0.47,0.673,15.6,232.0,recomputed
2026-08-04T05:30:00Z,2026-08-04T00:00:00Z,2026-08-04T18:00:00Z,18,spectrum,coronado_south,0.37,5m,5.0,0.37,0.491,0.673,5.3,251.0,recomputed
2026-08-04T05:30:00Z,2026-08-04T00:00:00Z,2026-08-04T21:00:00Z,21,spectrum,buoy,0.666,buoy,,,,0.666,14.5,217.0,recomputed
2026-08-04T05:30:00Z,2026-08-04T00:00:00Z,2026-08-04T21:00:00Z,21,spectrum,coronado_north,0.597,5m,5.0,0.597,0.447,0.666,15.6,221.0,recomputed
2026-08-04T05:30:00Z,2026-08-04T00:00:00Z,2026-08-04T21:00:00Z,21,spectrum,coronado_center,0.477,5m,5.0,0.477,0.469,0.666,14.5,232.0,recomputed
2026-08-04T05:30:00Z,2026-08-04T00:00:00Z,2026-08-04T21:00:00Z,21,spectrum,coronado_south,0.372,5m,5.0,0.372,0.489,0.666,6.9,251.0,recomputed
2026-08-04T05:30:00Z,2026-08-04T00:00:00Z,2026-08-05T00:00:00Z,24,spectrum,buoy,0.66,buoy,,,,0.66,14.5,219.0,recomputed
2026-08-04T05:30:00Z,2026-08-04T00:00:00Z,2026-08-05T00:00:00Z,24,spectrum,coronado_north,0.594,5m,5.0,0.594,0.447,0.66,14.5,221.0,recomputed
2026-08-04T05:30:00Z,2026-08-04T00:00:00Z,2026-08-05T00:00:00Z,24,spectrum,coronado_center,0.473,5m,5.0,0.473,0.469,0.66,14.5,232.0,recomputed
2026-08-04T05:30:00Z,2026-08-04T00:00:00Z,2026-08-05T00:00:00Z,24,spectrum,coronado_south,0.363,5m,5.0,0.363,0.488,0.66,6.9,250.0,recomputed
2026-08-04T05:30:00Z,2026-08-04T00:00:00Z,2026-08-05T03:00:00Z,27,spectrum,buoy,0.661,buoy,,,,0.661,14.5,220.0,recomputed
2026-08-04T05:30:00Z,2026-08-04T00:00:00Z,2026-08-05T03:00:00Z,27,spectrum,coronado_north,0.592,5m,5.0,0.592,0.448,0.661,14.5,221.0,recomputed
2026-08-04T05:30:00Z,2026-08-04T00:00:00Z,2026-08-05T03:00:00Z,27,spectrum,coronado_center,0.469,5m,5.0,0.469,0.471,0.661,14.5,232.0,recomputed
2026-08-04T05:30:00Z,2026-08-04T00:00:00Z,2026-08-05T03:00:00Z,27,spectrum,coronado_south,0.356,5m,5.0,0.356,0.491,0.661,6.9,250.0,recomputed
2026-08-04T05:30:00Z,2026-08-04T00:00:00Z,2026-08-05T06:00:00Z,30,spectrum,buoy,0.671,buoy,,,,0.671,14.5,221.0,recomputed
2026-08-04T05:30:00Z,2026-08-04T00:00:00Z,2026-08-05T06:00:00Z,30,spectrum,coronado_north,0.593,5m,5.0,0.593,0.45,0.671,14.5,221.0,recomputed
2026-08-04T05:30:00Z,2026-08-04T00:00:00Z,2026-08-05T06:00:00Z,30,spectrum,coronado_center,0.468,5m,5.0,0.468,0.474,0.671,14.5,232.0,recomputed
2026-08-04T05:30:00Z,2026-08-04T00:00:00Z,2026-08-05T06:00:00Z,30,spectrum,coronado_south,0.35,5m,5.0,0.35,0.495,0.671,4.3,250.0,recomputed
2026-08-04T05:30:00Z,2026-08-04T00:00:00Z,2026-08-05T09:00:00Z,33,spectrum,buoy,0.68,buoy,,,,0.68,13.6,208.0,recomputed
2026-08-04T05:30:00Z,2026-08-04T00:00:00Z,2026-08-05T09:00:00Z,33,spectrum,coronado_north,0.592,5m,5.0,0.592,0.45,0.68,14.5,221.0,recomputed
2026-08-04T05:30:00Z,2026-08-04T00:00:00Z,2026-08-05T09:00:00Z,33,spectrum,coronado_center,0.467,5m,5.0,0.467,0.474,0.68,14.5,232.0,recomputed
2026-08-04T05:30:00Z,2026-08-04T00:00:00Z,2026-08-05T09:00:00Z,33,spectrum,coronado_south,0.349,5m,5.0,0.349,0.498,0.68,4.6,250.0,recomputed
2026-08-04T05:30:00Z,2026-08-04T00:00:00Z,2026-08-05T12:00:00Z,36,spectrum,buoy,0.677,buoy,,,,0.677,13.6,211.0,recomputed
2026-08-04T05:30:00Z,2026-08-04T00:00:00Z,2026-08-05T12:00:00Z,36,spectrum,coronado_north,0.591,5m,5.0,0.591,0.449,0.677,13.6,221.0,recomputed
2026-08-04T05:30:00Z,2026-08-04T00:00:00Z,2026-08-05T12:00:00Z,36,spectrum,coronado_center,0.465,5m,5.0,0.465,0.472,0.677,14.5,232.0,recomputed
2026-08-04T05:30:00Z,2026-08-04T00:00:00Z,2026-08-05T12:00:00Z,36,spectrum,coronado_south,0.341,5m,5.0,0.341,0.496,0.677,4.6,251.0,recomputed
2026-08-04T05:30:00Z,2026-08-04T00:00:00Z,2026-08-05T15:00:00Z,39,spectrum,buoy,0.657,buoy,,,,0.657,13.6,212.0,recomputed
2026-08-04T05:30:00Z,2026-08-04T00:00:00Z,2026-08-05T15:00:00Z,39,spectrum,coronado_north,0.583,5m,5.0,0.583,0.444,0.657,13.6,221.0,recomputed
2026-08-04T05:30:00Z,2026-08-04T00:00:00Z,2026-08-05T15:00:00Z,39,spectrum,coronado_center,0.46,5m,5.0,0.46,0.466,0.657,14.5,233.0,recomputed
2026-08-04T05:30:00Z,2026-08-04T00:00:00Z,2026-08-05T15:00:00Z,39,spectrum,coronado_south,0.331,5m,5.0,0.331,0.487,0.657,4.6,252.0,recomputed
2026-08-04T05:30:00Z,2026-08-04T00:00:00Z,2026-08-05T18:00:00Z,42,spectrum,buoy,0.631,buoy,,,,0.631,13.6,215.0,recomputed
2026-08-04T05:30:00Z,2026-08-04T00:00:00Z,2026-08-05T18:00:00Z,42,spectrum,coronado_north,0.582,5m,5.0,0.582,0.443,0.631,13.6,221.0,recomputed
2026-08-04T05:30:00Z,2026-08-04T00:00:00Z,2026-08-05T18:00:00Z,42,spectrum,coronado_center,0.458,5m,5.0,0.458,0.463,0.631,13.6,233.0,recomputed
2026-08-04T05:30:00Z,2026-08-04T00:00:00Z,2026-08-05T18:00:00Z,42,spectrum,coronado_south,0.319,5m,5.0,0.319,0.48,0.631,14.5,220.0,recomputed
2026-08-04T05:30:00Z,2026-08-04T00:00:00Z,2026-08-05T21:00:00Z,45,spectrum,buoy,0.611,buoy,,,,0.611,13.6,218.0,recomputed
2026-08-04T05:30:00Z,2026-08-04T00:00:00Z,2026-08-05T21:00:00Z,45,spectrum,coronado_north,0.588,5m,5.0,0.588,0.443,0.611,13.6,221.0,recomputed
2026-08-04T05:30:00Z,2026-08-04T00:00:00Z,2026-08-05T21:00:00Z,45,spectrum,coronado_center,0.457,5m,5.0,0.457,0.462,0.611,13.6,233.0,recomputed
2026-08-04T05:30:00Z,2026-08-04T00:00:00Z,2026-08-05T21:00:00Z,45,spectrum,coronado_south,0.309,5m,5.0,0.309,0.475,0.611,14.5,220.0,recomputed
2026-08-04T05:30:00Z,2026-08-04T00:00:00Z,2026-08-06T00:00:00Z,48,spectrum,buoy,0.596,buoy,,,,0.596,12.7,205.0,recomputed
2026-08-04T05:30:00Z,2026-08-04T00:00:00Z,2026-08-06T00:00:00Z,48,spectrum,coronado_north,0.584,5m,5.0,0.584,0.442,0.596,13.6,221.0,recomputed
2026-08-04T05:30:00Z,2026-08-04T00:00:00Z,2026-08-06T00:00:00Z,48,spectrum,coronado_center,0.459,5m,5.0,0.459,0.46,0.596,13.6,233.0,recomputed
2026-08-04T05:30:00Z,2026-08-04T00:00:00Z,2026-08-06T00:00:00Z,48,spectrum,coronado_south,0.314,5m,5.0,0.314,0.472,0.596,13.6,219.0,recomputed
2026-08-04T05:30:00Z,2026-08-04T00:00:00Z,2026-08-06T03:00:00Z,51,spectrum,buoy,0.588,buoy,,,,0.588,12.7,206.0,recomputed
2026-08-04T05:30:00Z,2026-08-04T00:00:00Z,2026-08-06T03:00:00Z,51,spectrum,coronado_north,0.58,5m,5.0,0.58,0.441,0.588,13.6,220.0,recomputed
2026-08-04T05:30:00Z,2026-08-04T00:00:00Z,2026-08-06T03:00:00Z,51,spectrum,coronado_center,0.452,5m,5.0,0.452,0.459,0.588,13.6,232.0,recomputed
2026-08-04T05:30:00Z,2026-08-04T00:00:00Z,2026-08-06T03:00:00Z,51,spectrum,coronado_south,0.295,5m,5.0,0.295,0.469,0.588,12.7,218.0,recomputed
2026-08-04T05:30:00Z,2026-08-04T00:00:00Z,2026-08-06T06:00:00Z,54,spectrum,buoy,0.578,buoy,,,,0.578,12.7,207.0,recomputed
2026-08-04T05:30:00Z,2026-08-04T00:00:00Z,2026-08-06T06:00:00Z,54,spectrum,coronado_north,0.576,5m,5.0,0.576,0.439,0.578,13.6,220.0,recomputed
2026-08-04T05:30:00Z,2026-08-04T00:00:00Z,2026-08-06T06:00:00Z,54,spectrum,coronado_center,0.449,5m,5.0,0.449,0.456,0.578,13.6,232.0,recomputed
2026-08-04T05:30:00Z,2026-08-04T00:00:00Z,2026-08-06T06:00:00Z,54,spectrum,coronado_south,0.296,5m,5.0,0.296,0.466,0.578,12.7,217.0,recomputed
2026-08-04T05:30:00Z,2026-08-04T00:00:00Z,2026-08-06T09:00:00Z,57,spectrum,buoy,0.576,buoy,,,,0.576,12.7,208.0,recomputed
2026-08-04T05:30:00Z,2026-08-04T00:00:00Z,2026-08-06T09:00:00Z,57,spectrum,coronado_north,0.575,5m,5.0,0.575,0.437,0.576,13.6,220.0,recomputed
2026-08-04T05:30:00Z,2026-08-04T00:00:00Z,2026-08-06T09:00:00Z,57,spectrum,coronado_center,0.449,5m,5.0,0.449,0.455,0.576,13.6,232.0,recomputed
2026-08-04T05:30:00Z,2026-08-04T00:00:00Z,2026-08-06T09:00:00Z,57,spectrum,coronado_south,0.298,5m,5.0,0.298,0.465,0.576,12.7,218.0,recomputed
2026-08-04T05:30:00Z,2026-08-04T00:00:00Z,2026-08-06T12:00:00Z,60,spectrum,buoy,0.581,buoy,,,,0.581,12.7,210.0,recomputed
2026-08-04T05:30:00Z,2026-08-04T00:00:00Z,2026-08-06T12:00:00Z,60,spectrum,coronado_north,0.578,5m,5.0,0.578,0.436,0.581,13.6,220.0,recomputed
2026-08-04T05:30:00Z,2026-08-04T00:00:00Z,2026-08-06T12:00:00Z,60,spectrum,coronado_center,0.449,5m,5.0,0.449,0.454,0.581,13.6,232.0,recomputed
2026-08-04T05:30:00Z,2026-08-04T00:00:00Z,2026-08-06T12:00:00Z,60,spectrum,coronado_south,0.291,5m,5.0,0.291,0.464,0.581,11.9,218.0,recomputed
2026-08-04T05:30:00Z,2026-08-04T00:00:00Z,2026-08-06T15:00:00Z,63,spectrum,buoy,0.58,buoy,,,,0.58,11.9,205.0,recomputed
2026-08-04T05:30:00Z,2026-08-04T00:00:00Z,2026-08-06T15:00:00Z,63,spectrum,coronado_north,0.581,5m,5.0,0.581,0.435,0.58,13.6,220.0,recomputed
2026-08-04T05:30:00Z,2026-08-04T00:00:00Z,2026-08-06T15:00:00Z,63,spectrum,coronado_center,0.451,5m,5.0,0.451,0.452,0.58,13.6,232.0,recomputed
2026-08-04T05:30:00Z,2026-08-04T00:00:00Z,2026-08-06T15:00:00Z,63,spectrum,coronado_south,0.287,5m,5.0,0.287,0.462,0.58,11.9,219.0,recomputed
2026-08-04T05:30:00Z,2026-08-04T00:00:00Z,2026-08-06T18:00:00Z,66,spectrum,buoy,0.57,buoy,,,,0.57,11.9,205.0,recomputed
2026-08-04T05:30:00Z,2026-08-04T00:00:00Z,2026-08-06T18:00:00Z,66,spectrum,coronado_north,0.58,5m,5.0,0.58,0.433,0.57,13.6,220.0,recomputed
2026-08-04T05:30:00Z,2026-08-04T00:00:00Z,2026-08-06T18:00:00Z,66,spectrum,coronado_center,0.451,5m,5.0,0.451,0.449,0.57,13.6,232.0,recomputed
2026-08-04T05:30:00Z,2026-08-04T00:00:00Z,2026-08-06T18:00:00Z,66,spectrum,coronado_south,0.289,5m,5.0,0.289,0.457,0.57,11.9,218.0,recomputed
2026-08-04T05:30:00Z,2026-08-04T00:00:00Z,2026-08-06T21:00:00Z,69,spectrum,buoy,0.559,buoy,,,,0.559,11.9,205.0,recomputed
2026-08-04T05:30:00Z,2026-08-04T00:00:00Z,2026-08-06T21:00:00Z,69,spectrum,coronado_north,0.575,5m,5.0,0.575,0.431,0.559,13.6,220.0,recomputed
2026-08-04T05:30:00Z,2026-08-04T00:00:00Z,2026-08-06T21:00:00Z,69,spectrum,coronado_center,0.448,5m,5.0,0.448,0.446,0.559,13.6,232.0,recomputed
2026-08-04T05:30:00Z,2026-08-04T00:00:00Z,2026-08-06T21:00:00Z,69,spectrum,coronado_south,0.297,5m,5.0,0.297,0.453,0.559,11.9,218.0,recomputed
2026-08-04T05:30:00Z,2026-08-04T00:00:00Z,2026-08-07T00:00:00Z,72,spectrum,buoy,0.557,buoy,,,,0.557,11.9,205.0,recomputed
2026-08-04T05:30:00Z,2026-08-04T00:00:00Z,2026-08-07T00:00:00Z,72,spectrum,coronado_north,0.574,5m,5.0,0.574,0.433,0.557,13.6,219.0,recomputed
2026-08-04T05:30:00Z,2026-08-04T00:00:00Z,2026-08-07T00:00:00Z,72,spectrum,coronado_center,0.442,5m,5.0,0.442,0.448,0.557,13.6,232.0,recomputed
2026-08-04T05:30:00Z,2026-08-04T00:00:00Z,2026-08-07T00:00:00Z,72,spectrum,coronado_south,0.283,5m,5.0,0.283,0.454,0.557,11.9,219.0,recomputed
2026-08-04T05:30:00Z,2026-08-04T00:00:00Z,2026-08-07T03:00:00Z,75,spectrum,buoy,0.565,buoy,,,,0.565,11.9,206.0,recomputed
2026-08-04T05:30:00Z,2026-08-04T00:00:00Z,2026-08-07T03:00:00Z,75,spectrum,coronado_north,0.586,5m,5.0,0.586,0.44,0.565,13.6,219.0,recomputed
2026-08-04T05:30:00Z,2026-08-04T00:00:00Z,2026-08-07T03:00:00Z,75,spectrum,coronado_center,0.454,5m,5.0,0.454,0.455,0.565,13.6,231.0,recomputed
2026-08-04T05:30:00Z,2026-08-04T00:00:00Z,2026-08-07T03:00:00Z,75,spectrum,coronado_south,0.291,5m,5.0,0.291,0.461,0.565,11.9,220.0,recomputed
2026-08-04T05:30:00Z,2026-08-04T00:00:00Z,2026-08-07T06:00:00Z,78,spectrum,buoy,0.579,buoy,,,,0.579,11.9,208.0,recomputed
2026-08-04T05:30:00Z,2026-08-04T00:00:00Z,2026-08-07T06:00:00Z,78,spectrum,coronado_north,0.604,5m,5.0,0.604,0.449,0.579,13.6,219.0,recomputed
2026-08-04T05:30:00Z,2026-08-04T00:00:00Z,2026-08-07T06:00:00Z,78,spectrum,coronado_center,0.465,5m,5.0,0.465,0.465,0.579,13.6,231.0,recomputed
2026-08-04T05:30:00Z,2026-08-04T00:00:00Z,2026-08-07T06:00:00Z,78,spectrum,coronado_south,0.292,5m,5.0,0.292,0.473,0.579,11.9,220.0,recomputed
2026-08-04T05:30:00Z,2026-08-04T00:00:00Z,2026-08-07T09:00:00Z,81,spectrum,buoy,0.598,buoy,,,,0.598,11.9,211.0,recomputed
2026-08-04T05:30:00Z,2026-08-04T00:00:00Z,2026-08-07T09:00:00Z,81,spectrum,coronado_north,0.612,5m,5.0,0.612,0.457,0.598,13.6,219.0,recomputed
2026-08-04T05:30:00Z,2026-08-04T00:00:00Z,2026-08-07T09:00:00Z,81,spectrum,coronado_center,0.467,5m,5.0,0.467,0.474,0.598,13.6,231.0,recomputed
2026-08-04T05:30:00Z,2026-08-04T00:00:00Z,2026-08-07T09:00:00Z,81,spectrum,coronado_south,0.291,5m,5.0,0.291,0.483,0.598,11.9,221.0,recomputed
2026-08-04T05:30:00Z,2026-08-04T00:00:00Z,2026-08-07T12:00:00Z,84,spectrum,buoy,0.601,buoy,,,,0.601,13.6,215.0,recomputed
2026-08-04T05:30:00Z,2026-08-04T00:00:00Z,2026-08-07T12:00:00Z,84,spectrum,coronado_north,0.616,5m,5.0,0.616,0.459,0.601,13.6,219.0,recomputed
2026-08-04T05:30:00Z,2026-08-04T00:00:00Z,2026-08-07T12:00:00Z,84,spectrum,coronado_center,0.465,5m,5.0,0.465,0.476,0.601,13.6,231.0,recomputed
2026-08-04T05:30:00Z,2026-08-04T00:00:00Z,2026-08-07T12:00:00Z,84,spectrum,coronado_south,0.291,5m,5.0,0.291,0.486,0.601,11.9,222.0,recomputed
2026-08-04T05:30:00Z,2026-08-04T00:00:00Z,2026-08-07T15:00:00Z,87,spectrum,buoy,0.59,buoy,,,,0.59,13.6,212.0,recomputed
2026-08-04T05:30:00Z,2026-08-04T00:00:00Z,2026-08-07T15:00:00Z,87,spectrum,coronado_north,0.617,5m,5.0,0.617,0.461,0.59,13.6,219.0,recomputed
2026-08-04T05:30:00Z,2026-08-04T00:00:00Z,2026-08-07T15:00:00Z,87,spectrum,coronado_center,0.465,5m,5.0,0.465,0.476,0.59,13.6,231.0,recomputed
2026-08-04T05:30:00Z,2026-08-04T00:00:00Z,2026-08-07T15:00:00Z,87,spectrum,coronado_south,0.285,5m,5.0,0.285,0.483,0.59,11.9,223.0,recomputed
2026-08-04T05:30:00Z,2026-08-04T00:00:00Z,2026-08-07T18:00:00Z,90,spectrum,buoy,0.584,buoy,,,,0.584,13.6,210.0,recomputed
2026-08-04T05:30:00Z,2026-08-04T00:00:00Z,2026-08-07T18:00:00Z,90,spectrum,coronado_north,0.625,5m,5.0,0.625,0.47,0.584,13.6,219.0,recomputed
2026-08-04T05:30:00Z,2026-08-04T00:00:00Z,2026-08-07T18:00:00Z,90,spectrum,coronado_center,0.463,5m,5.0,0.463,0.484,0.584,12.7,231.0,recomputed
2026-08-04T05:30:00Z,2026-08-04T00:00:00Z,2026-08-07T18:00:00Z,90,spectrum,coronado_south,0.279,5m,5.0,0.279,0.488,0.584,12.7,223.0,recomputed
2026-08-04T05:30:00Z,2026-08-04T00:00:00Z,2026-08-07T21:00:00Z,93,spectrum,buoy,0.589,buoy,,,,0.589,13.6,208.0,recomputed
2026-08-04T05:30:00Z,2026-08-04T00:00:00Z,2026-08-07T21:00:00Z,93,spectrum,coronado_north,0.65,5m,5.0,0.65,0.483,0.589,13.6,219.0,recomputed
2026-08-04T05:30:00Z,2026-08-04T00:00:00Z,2026-08-07T21:00:00Z,93,spectrum,coronado_center,0.481,5m,5.0,0.481,0.496,0.589,12.7,230.0,recomputed
2026-08-04T05:30:00Z,2026-08-04T00:00:00Z,2026-08-07T21:00:00Z,93,spectrum,coronado_south,0.277,5m,5.0,0.277,0.497,0.589,12.7,223.0,recomputed
2026-08-04T05:30:00Z,2026-08-04T00:00:00Z,2026-08-08T00:00:00Z,96,spectrum,buoy,0.605,buoy,,,,0.605,19.0,198.0,recomputed
2026-08-04T05:30:00Z,2026-08-04T00:00:00Z,2026-08-08T00:00:00Z,96,spectrum,coronado_north,0.661,5m,5.0,0.661,0.495,0.605,12.7,219.0,recomputed
2026-08-04T05:30:00Z,2026-08-04T00:00:00Z,2026-08-08T00:00:00Z,96,spectrum,coronado_center,0.488,5m,5.0,0.488,0.509,0.605,12.7,230.0,recomputed
2026-08-04T05:30:00Z,2026-08-04T00:00:00Z,2026-08-08T00:00:00Z,96,spectrum,coronado_south,0.306,5m,5.0,0.306,0.509,0.605,12.7,222.0,recomputed
2026-08-04T05:30:00Z,2026-08-04T00:00:00Z,2026-08-08T03:00:00Z,99,spectrum,buoy,0.613,buoy,,,,0.613,12.7,215.0,recomputed
2026-08-04T05:30:00Z,2026-08-04T00:00:00Z,2026-08-08T03:00:00Z,99,spectrum,coronado_north,0.664,5m,5.0,0.664,0.503,0.613,12.7,218.0,recomputed
2026-08-04T05:30:00Z,2026-08-04T00:00:00Z,2026-08-08T03:00:00Z,99,spectrum,coronado_center,0.482,5m,5.0,0.482,0.516,0.613,12.7,230.0,recomputed
2026-08-04T05:30:00Z,2026-08-04T00:00:00Z,2026-08-08T03:00:00Z,99,spectrum,coronado_south,0.302,5m,5.0,0.302,0.516,0.613,12.7,222.0,recomputed
2026-08-04T05:30:00Z,2026-08-04T00:00:00Z,2026-08-08T06:00:00Z,102,spectrum,buoy,0.622,buoy,,,,0.622,17.8,200.0,recomputed
2026-08-04T05:30:00Z,2026-08-04T00:00:00Z,2026-08-08T06:00:00Z,102,spectrum,coronado_north,0.672,5m,5.0,0.672,0.512,0.622,12.7,218.0,recomputed
2026-08-04T05:30:00Z,2026-08-04T00:00:00Z,2026-08-08T06:00:00Z,102,spectrum,coronado_center,0.478,5m,5.0,0.478,0.525,0.622,11.9,230.0,recomputed
2026-08-04T05:30:00Z,2026-08-04T00:00:00Z,2026-08-08T06:00:00Z,102,spectrum,coronado_south,0.309,5m,5.0,0.309,0.524,0.622,11.9,222.0,recomputed
2026-08-04T05:30:00Z,2026-08-04T00:00:00Z,2026-08-08T09:00:00Z,105,spectrum,buoy,0.632,buoy,,,,0.632,17.8,198.0,recomputed
2026-08-04T05:30:00Z,2026-08-04T00:00:00Z,2026-08-08T09:00:00Z,105,spectrum,coronado_north,0.691,5m,5.0,0.691,0.526,0.632,12.7,218.0,recomputed
2026-08-04T05:30:00Z,2026-08-04T00:00:00Z,2026-08-08T09:00:00Z,105,spectrum,coronado_center,0.482,5m,5.0,0.482,0.539,0.632,11.9,230.0,recomputed
2026-08-04T05:30:00Z,2026-08-04T00:00:00Z,2026-08-08T09:00:00Z,105,spectrum,coronado_south,0.321,5m,5.0,0.321,0.537,0.632,11.9,220.0,recomputed
2026-08-04T05:30:00Z,2026-08-04T00:00:00Z,2026-08-08T12:00:00Z,108,spectrum,buoy,0.643,buoy,,,,0.643,17.8,197.0,recomputed
2026-08-04T05:30:00Z,2026-08-04T00:00:00Z,2026-08-08T12:00:00Z,108,spectrum,coronado_north,0.709,5m,5.0,0.709,0.54,0.643,17.8,209.0,recomputed
2026-08-04T05:30:00Z,2026-08-04T00:00:00Z,2026-08-08T12:00:00Z,108,spectrum,coronado_center,0.481,5m,5.0,0.481,0.552,0.643,11.9,230.0,recomputed
2026-08-04T05:30:00Z,2026-08-04T00:00:00Z,2026-08-08T12:00:00Z,108,spectrum,coronado_south,0.327,5m,5.0,0.327,0.549,0.643,11.9,219.0,recomputed
2026-08-04T05:30:00Z,2026-08-04T00:00:00Z,2026-08-08T15:00:00Z,111,spectrum,buoy,0.65,buoy,,,,0.65,17.8,197.0,recomputed
2026-08-04T05:30:00Z,2026-08-04T00:00:00Z,2026-08-08T15:00:00Z,111,spectrum,coronado_north,0.726,5m,5.0,0.726,0.549,0.65,16.6,209.0,recomputed
2026-08-04T05:30:00Z,2026-08-04T00:00:00Z,2026-08-08T15:00:00Z,111,spectrum,coronado_center,0.489,5m,5.0,0.489,0.561,0.65,11.9,230.0,recomputed
2026-08-04T05:30:00Z,2026-08-04T00:00:00Z,2026-08-08T15:00:00Z,111,spectrum,coronado_south,0.33,5m,5.0,0.33,0.558,0.65,11.9,218.0,recomputed
2026-08-04T05:30:00Z,2026-08-04T00:00:00Z,2026-08-08T18:00:00Z,114,spectrum,buoy,0.655,buoy,,,,0.655,16.6,200.0,recomputed
2026-08-04T05:30:00Z,2026-08-04T00:00:00Z,2026-08-08T18:00:00Z,114,spectrum,coronado_north,0.741,5m,5.0,0.741,0.557,0.655,16.6,209.0,recomputed
2026-08-04T05:30:00Z,2026-08-04T00:00:00Z,2026-08-08T18:00:00Z,114,spectrum,coronado_center,0.487,5m,5.0,0.487,0.569,0.655,16.6,221.0,recomputed
2026-08-04T05:30:00Z,2026-08-04T00:00:00Z,2026-08-08T18:00:00Z,114,spectrum,coronado_south,0.323,5m,5.0,0.323,0.565,0.655,11.9,218.0,recomputed
2026-08-04T05:30:00Z,2026-08-04T00:00:00Z,2026-08-08T21:00:00Z,117,spectrum,buoy,0.664,buoy,,,,0.664,16.6,199.0,recomputed
2026-08-04T05:30:00Z,2026-08-04T00:00:00Z,2026-08-08T21:00:00Z,117,spectrum,coronado_north,0.759,5m,5.0,0.759,0.568,0.664,16.6,208.0,recomputed
2026-08-04T05:30:00Z,2026-08-04T00:00:00Z,2026-08-08T21:00:00Z,117,spectrum,coronado_center,0.5,5m,5.0,0.5,0.58,0.664,16.6,221.0,recomputed
2026-08-04T05:30:00Z,2026-08-04T00:00:00Z,2026-08-08T21:00:00Z,117,spectrum,coronado_south,0.326,5m,5.0,0.326,0.575,0.664,11.9,219.0,recomputed
2026-08-04T05:30:00Z,2026-08-04T00:00:00Z,2026-08-09T00:00:00Z,120,spectrum,buoy,0.682,buoy,,,,0.682,16.6,198.0,recomputed
2026-08-04T05:30:00Z,2026-08-04T00:00:00Z,2026-08-09T00:00:00Z,120,spectrum,coronado_north,0.766,5m,5.0,0.766,0.579,0.682,16.6,207.0,recomputed
2026-08-04T05:30:00Z,2026-08-04T00:00:00Z,2026-08-09T00:00:00Z,120,spectrum,coronado_center,0.493,5m,5.0,0.493,0.592,0.682,16.6,221.0,recomputed
2026-08-04T05:30:00Z,2026-08-04T00:00:00Z,2026-08-09T00:00:00Z,120,spectrum,coronado_south,0.35,5m,5.0,0.35,0.588,0.682,11.9,219.0,recomputed
2026-08-04T05:30:00Z,2026-08-04T00:00:00Z,2026-08-09T03:00:00Z,123,spectrum,buoy,0.693,buoy,,,,0.693,16.6,197.0,recomputed
2026-08-04T05:30:00Z,2026-08-04T00:00:00Z,2026-08-09T03:00:00Z,123,spectrum,coronado_north,0.772,5m,5.0,0.772,0.587,0.693,16.6,207.0,recomputed
2026-08-04T05:30:00Z,2026-08-04T00:00:00Z,2026-08-09T03:00:00Z,123,spectrum,coronado_center,0.489,5m,5.0,0.489,0.6,0.693,16.6,221.0,recomputed
2026-08-04T05:30:00Z,2026-08-04T00:00:00Z,2026-08-09T03:00:00Z,123,spectrum,coronado_south,0.353,5m,5.0,0.353,0.596,0.693,11.9,219.0,recomputed
2026-08-04T05:30:00Z,2026-08-04T00:00:00Z,2026-08-09T06:00:00Z,126,spectrum,buoy,0.701,buoy,,,,0.701,15.6,200.0,recomputed
2026-08-04T05:30:00Z,2026-08-04T00:00:00Z,2026-08-09T06:00:00Z,126,spectrum,coronado_north,0.774,5m,5.0,0.774,0.591,0.701,15.6,208.0,recomputed
2026-08-04T05:30:00Z,2026-08-04T00:00:00Z,2026-08-09T06:00:00Z,126,spectrum,coronado_center,0.481,5m,5.0,0.481,0.605,0.701,15.6,221.0,recomputed
2026-08-04T05:30:00Z,2026-08-04T00:00:00Z,2026-08-09T06:00:00Z,126,spectrum,coronado_south,0.345,5m,5.0,0.345,0.601,0.701,11.9,219.0,recomputed
2026-08-04T05:30:00Z,2026-08-04T00:00:00Z,2026-08-09T09:00:00Z,129,spectrum,buoy,0.705,buoy,,,,0.705,15.6,199.0,recomputed
2026-08-04T05:30:00Z,2026-08-04T00:00:00Z,2026-08-09T09:00:00Z,129,spectrum,coronado_north,0.77,5m,5.0,0.77,0.594,0.705,15.6,208.0,recomputed
2026-08-04T05:30:00Z,2026-08-04T00:00:00Z,2026-08-09T09:00:00Z,129,spectrum,coronado_center,0.472,5m,5.0,0.472,0.607,0.705,15.6,222.0,recomputed
2026-08-04T05:30:00Z,2026-08-04T00:00:00Z,2026-08-09T09:00:00Z,129,spectrum,coronado_south,0.339,5m,5.0,0.339,0.604,0.705,11.9,218.0,recomputed
2026-08-04T05:30:00Z,2026-08-04T00:00:00Z,2026-08-09T12:00:00Z,132,spectrum,buoy,0.707,buoy,,,,0.707,15.6,198.0,recomputed
2026-08-04T05:30:00Z,2026-08-04T00:00:00Z,2026-08-09T12:00:00Z,132,spectrum,coronado_north,0.769,5m,5.0,0.769,0.596,0.707,15.6,209.0,recomputed
2026-08-04T05:30:00Z,2026-08-04T00:00:00Z,2026-08-09T12:00:00Z,132,spectrum,coronado_center,0.465,5m,5.0,0.465,0.61,0.707,15.6,222.0,recomputed
2026-08-04T05:30:00Z,2026-08-04T00:00:00Z,2026-08-09T12:00:00Z,132,spectrum,coronado_south,0.332,5m,5.0,0.332,0.606,0.707,11.9,218.0,recomputed
2026-08-04T05:30:00Z,2026-08-04T00:00:00Z,2026-08-09T15:00:00Z,135,spectrum,buoy,0.713,buoy,,,,0.713,15.6,197.0,recomputed
2026-08-04T05:30:00Z,2026-08-04T00:00:00Z,2026-08-09T15:00:00Z,135,spectrum,coronado_north,0.77,5m,5.0,0.77,0.602,0.713,15.6,210.0,recomputed
2026-08-04T05:30:00Z,2026-08-04T00:00:00Z,2026-08-09T15:00:00Z,135,spectrum,coronado_center,0.462,5m,5.0,0.462,0.615,0.713,14.5,223.0,recomputed
2026-08-04T05:30:00Z,2026-08-04T00:00:00Z,2026-08-09T15:00:00Z,135,spectrum,coronado_south,0.328,5m,5.0,0.328,0.61,0.713,11.9,220.0,recomputed
2026-08-04T05:30:00Z,2026-08-04T00:00:00Z,2026-08-09T18:00:00Z,138,spectrum,buoy,0.737,buoy,,,,0.737,15.6,197.0,recomputed
2026-08-04T05:30:00Z,2026-08-04T00:00:00Z,2026-08-09T18:00:00Z,138,spectrum,coronado_north,0.783,5m,5.0,0.783,0.622,0.737,15.6,210.0,recomputed
2026-08-04T05:30:00Z,2026-08-04T00:00:00Z,2026-08-09T18:00:00Z,138,spectrum,coronado_center,0.484,5m,5.0,0.484,0.634,0.737,14.5,223.0,recomputed
2026-08-04T05:30:00Z,2026-08-04T00:00:00Z,2026-08-09T18:00:00Z,138,spectrum,coronado_south,0.358,5m,5.0,0.358,0.628,0.737,11.9,221.0,recomputed
2026-08-04T05:30:00Z,2026-08-04T00:00:00Z,2026-08-09T21:00:00Z,141,spectrum,buoy,0.731,buoy,,,,0.731,14.5,199.0,recomputed
2026-08-04T05:30:00Z,2026-08-04T00:00:00Z,2026-08-09T21:00:00Z,141,spectrum,coronado_north,0.773,5m,5.0,0.773,0.617,0.731,14.5,210.0,recomputed
2026-08-04T05:30:00Z,2026-08-04T00:00:00Z,2026-08-09T21:00:00Z,141,spectrum,coronado_center,0.479,5m,5.0,0.479,0.629,0.731,14.5,223.0,recomputed
2026-08-04T05:30:00Z,2026-08-04T00:00:00Z,2026-08-09T21:00:00Z,141,spectrum,coronado_south,0.354,5m,5.0,0.354,0.624,0.731,11.9,221.0,recomputed
2026-08-04T05:30:00Z,2026-08-04T00:00:00Z,2026-08-10T00:00:00Z,144,spectrum,buoy,0.715,buoy,,,,0.715,14.5,199.0,recomputed
2026-08-04T05:30:00Z,2026-08-04T00:00:00Z,2026-08-10T00:00:00Z,144,spectrum,coronado_north,0.752,5m,5.0,0.752,0.603,0.715,14.5,211.0,recomputed
2026-08-04T05:30:00Z,2026-08-04T00:00:00Z,2026-08-10T00:00:00Z,144,spectrum,coronado_center,0.462,5m,5.0,0.462,0.615,0.715,14.5,223.0,recomputed
2026-08-04T05:30:00Z,2026-08-04T00:00:00Z,2026-08-10T00:00:00Z,144,spectrum,coronado_south,0.337,5m,5.0,0.337,0.61,0.715,11.9,220.0,recomputed
2026-08-04T05:30:00Z,2026-08-04T00:00:00Z,2026-08-10T03:00:00Z,147,spectrum,buoy,0.708,buoy,,,,0.708,14.5,198.0,recomputed
2026-08-04T05:30:00Z,2026-08-04T00:00:00Z,2026-08-10T03:00:00Z,147,spectrum,coronado_north,0.737,5m,5.0,0.737,0.595,0.708,14.5,211.0,recomputed
2026-08-04T05:30:00Z,2026-08-04T00:00:00Z,2026-08-10T03:00:00Z,147,spectrum,coronado_center,0.452,5m,5.0,0.452,0.607,0.708,14.5,223.0,recomputed
2026-08-04T05:30:00Z,2026-08-04T00:00:00Z,2026-08-10T03:00:00Z,147,spectrum,coronado_south,0.33,5m,5.0,0.33,0.601,0.708,11.9,220.0,recomputed
2026-08-04T05:30:00Z,2026-08-04T00:00:00Z,2026-08-10T06:00:00Z,150,spectrum,buoy,0.726,buoy,,,,0.726,14.5,198.0,recomputed
2026-08-04T05:30:00Z,2026-08-04T00:00:00Z,2026-08-10T06:00:00Z,150,spectrum,coronado_north,0.746,5m,5.0,0.746,0.605,0.726,14.5,211.0,recomputed
2026-08-04T05:30:00Z,2026-08-04T00:00:00Z,2026-08-10T06:00:00Z,150,spectrum,coronado_center,0.473,5m,5.0,0.473,0.616,0.726,14.5,223.0,recomputed
2026-08-04T05:30:00Z,2026-08-04T00:00:00Z,2026-08-10T06:00:00Z,150,spectrum,coronado_south,0.36,5m,5.0,0.36,0.609,0.726,11.9,222.0,recomputed
2026-08-04T05:30:00Z,2026-08-04T00:00:00Z,2026-08-10T09:00:00Z,153,spectrum,buoy,0.717,buoy,,,,0.717,14.5,197.0,recomputed
2026-08-04T05:30:00Z,2026-08-04T00:00:00Z,2026-08-10T09:00:00Z,153,spectrum,coronado_north,0.74,5m,5.0,0.74,0.594,0.717,14.5,212.0,recomputed
2026-08-04T05:30:00Z,2026-08-04T00:00:00Z,2026-08-10T09:00:00Z,153,spectrum,coronado_center,0.467,5m,5.0,0.467,0.606,0.717,13.6,224.0,recomputed
2026-08-04T05:30:00Z,2026-08-04T00:00:00Z,2026-08-10T09:00:00Z,153,spectrum,coronado_south,0.345,5m,5.0,0.345,0.599,0.717,11.9,224.0,recomputed
2026-08-04T05:30:00Z,2026-08-04T00:00:00Z,2026-08-10T12:00:00Z,156,spectrum,buoy,0.711,buoy,,,,0.711,14.5,196.0,recomputed
2026-08-04T05:30:00Z,2026-08-04T00:00:00Z,2026-08-10T12:00:00Z,156,spectrum,coronado_north,0.738,5m,5.0,0.738,0.587,0.711,13.6,212.0,recomputed
2026-08-04T05:30:00Z,2026-08-04T00:00:00Z,2026-08-10T12:00:00Z,156,spectrum,coronado_center,0.468,5m,5.0,0.468,0.598,0.711,13.6,224.0,recomputed
2026-08-04T05:30:00Z,2026-08-04T00:00:00Z,2026-08-10T12:00:00Z,156,spectrum,coronado_south,0.335,5m,5.0,0.335,0.592,0.711,14.5,218.0,recomputed
2026-08-04T05:30:00Z,2026-08-04T00:00:00Z,2026-08-10T15:00:00Z,159,spectrum,buoy,0.712,buoy,,,,0.712,13.6,199.0,recomputed
2026-08-04T05:30:00Z,2026-08-04T00:00:00Z,2026-08-10T15:00:00Z,159,spectrum,coronado_north,0.739,5m,5.0,0.739,0.584,0.712,13.6,212.0,recomputed
2026-08-04T05:30:00Z,2026-08-04T00:00:00Z,2026-08-10T15:00:00Z,159,spectrum,coronado_center,0.477,5m,5.0,0.477,0.595,0.712,13.6,225.0,recomputed
2026-08-04T05:30:00Z,2026-08-04T00:00:00Z,2026-08-10T15:00:00Z,159,spectrum,coronado_south,0.342,5m,5.0,0.342,0.588,0.712,14.5,218.0,recomputed
2026-08-04T05:30:00Z,2026-08-04T00:00:00Z,2026-08-10T18:00:00Z,162,spectrum,buoy,0.7,buoy,,,,0.7,13.6,199.0,recomputed
2026-08-04T05:30:00Z,2026-08-04T00:00:00Z,2026-08-10T18:00:00Z,162,spectrum,coronado_north,0.722,5m,5.0,0.722,0.572,0.7,13.6,213.0,recomputed
2026-08-04T05:30:00Z,2026-08-04T00:00:00Z,2026-08-10T18:00:00Z,162,spectrum,coronado_center,0.467,5m,5.0,0.467,0.583,0.7,13.6,225.0,recomputed
2026-08-04T05:30:00Z,2026-08-04T00:00:00Z,2026-08-10T18:00:00Z,162,spectrum,coronado_south,0.335,5m,5.0,0.335,0.577,0.7,13.6,218.0,recomputed
2026-08-04T05:30:00Z,2026-08-04T00:00:00Z,2026-08-10T21:00:00Z,165,spectrum,buoy,0.699,buoy,,,,0.699,13.6,199.0,recomputed
2026-08-04T05:30:00Z,2026-08-04T00:00:00Z,2026-08-10T21:00:00Z,165,spectrum,coronado_north,0.713,5m,5.0,0.713,0.57,0.699,13.6,213.0,recomputed
2026-08-04T05:30:00Z,2026-08-04T00:00:00Z,2026-08-10T21:00:00Z,165,spectrum,coronado_center,0.467,5m,5.0,0.467,0.581,0.699,13.6,225.0,recomputed
2026-08-04T05:30:00Z,2026-08-04T00:00:00Z,2026-08-10T21:00:00Z,165,spectrum,coronado_south,0.346,5m,5.0,0.346,0.576,0.699,12.7,218.0,recomputed
2026-08-04T05:30:00Z,2026-08-04T00:00:00Z,2026-08-11T00:00:00Z,168,spectrum,buoy,0.698,buoy,,,,0.698,13.6,198.0,recomputed
2026-08-04T05:30:00Z,2026-08-04T00:00:00Z,2026-08-11T00:00:00Z,168,spectrum,coronado_north,0.712,5m,5.0,0.712,0.565,0.698,13.6,214.0,recomputed
2026-08-04T05:30:00Z,2026-08-04T00:00:00Z,2026-08-11T00:00:00Z,168,spectrum,coronado_center,0.567,5m,5.0,0.567,0.576,0.698,13.6,226.0,recomputed
2026-08-04T05:30:00Z,2026-08-04T00:00:00Z,2026-08-11T00:00:00Z,168,spectrum,coronado_south,0.348,5m,5.0,0.348,0.572,0.698,12.7,219.0,recomputed
2026-08-05T05:30:00Z,2026-08-05T00:00:00Z,2026-08-05T00:00:00Z,0,spectrum,buoy,0.666,buoy,,,,0.666,14.5,220.0,recomputed
2026-08-05T05:30:00Z,2026-08-05T00:00:00Z,2026-08-05T00:00:00Z,0,spectrum,coronado_north,0.598,5m,5.0,0.598,0.447,0.666,14.5,222.0,recomputed
2026-08-05T05:30:00Z,2026-08-05T00:00:00Z,2026-08-05T00:00:00Z,0,spectrum,coronado_center,0.486,5m,5.0,0.486,0.472,0.666,14.5,232.0,recomputed
2026-08-05T05:30:00Z,2026-08-05T00:00:00Z,2026-08-05T00:00:00Z,0,spectrum,coronado_south,0.368,5m,5.0,0.368,0.492,0.666,5.3,251.0,recomputed
2026-08-05T05:30:00Z,2026-08-05T00:00:00Z,2026-08-05T03:00:00Z,3,spectrum,buoy,0.662,buoy,,,,0.662,14.5,221.0,recomputed
2026-08-05T05:30:00Z,2026-08-05T00:00:00Z,2026-08-05T03:00:00Z,3,spectrum,coronado_north,0.597,5m,5.0,0.597,0.447,0.662,14.5,222.0,recomputed
2026-08-05T05:30:00Z,2026-08-05T00:00:00Z,2026-08-05T03:00:00Z,3,spectrum,coronado_center,0.474,5m,5.0,0.474,0.47,0.662,14.5,232.0,recomputed
2026-08-05T05:30:00Z,2026-08-05T00:00:00Z,2026-08-05T03:00:00Z,3,spectrum,coronado_south,0.344,5m,5.0,0.344,0.488,0.662,14.5,230.0,recomputed
2026-08-05T05:30:00Z,2026-08-05T00:00:00Z,2026-08-05T06:00:00Z,6,spectrum,buoy,0.655,buoy,,,,0.655,14.5,222.0,recomputed
2026-08-05T05:30:00Z,2026-08-05T00:00:00Z,2026-08-05T06:00:00Z,6,spectrum,coronado_north,0.594,5m,5.0,0.594,0.447,0.655,14.5,221.0,recomputed
2026-08-05T05:30:00Z,2026-08-05T00:00:00Z,2026-08-05T06:00:00Z,6,spectrum,coronado_center,0.464,5m,5.0,0.464,0.468,0.655,14.5,232.0,recomputed
2026-08-05T05:30:00Z,2026-08-05T00:00:00Z,2026-08-05T06:00:00Z,6,spectrum,coronado_south,0.334,5m,5.0,0.334,0.485,0.655,14.5,227.0,recomputed
2026-08-05T05:30:00Z,2026-08-05T00:00:00Z,2026-08-05T09:00:00Z,9,spectrum,buoy,0.641,buoy,,,,0.641,13.6,209.0,recomputed
2026-08-05T05:30:00Z,2026-08-05T00:00:00Z,2026-08-05T09:00:00Z,9,spectrum,coronado_north,0.591,5m,5.0,0.591,0.445,0.641,14.5,221.0,recomputed
2026-08-05T05:30:00Z,2026-08-05T00:00:00Z,2026-08-05T09:00:00Z,9,spectrum,coronado_center,0.459,5m,5.0,0.459,0.466,0.641,14.5,232.0,recomputed
2026-08-05T05:30:00Z,2026-08-05T00:00:00Z,2026-08-05T09:00:00Z,9,spectrum,coronado_south,0.323,5m,5.0,0.323,0.481,0.641,14.5,225.0,recomputed
2026-08-05T05:30:00Z,2026-08-05T00:00:00Z,2026-08-05T12:00:00Z,12,spectrum,buoy,0.624,buoy,,,,0.624,13.6,211.0,recomputed
2026-08-05T05:30:00Z,2026-08-05T00:00:00Z,2026-08-05T12:00:00Z,12,spectrum,coronado_north,0.59,5m,5.0,0.59,0.444,0.624,13.6,221.0,recomputed
2026-08-05T05:30:00Z,2026-08-05T00:00:00Z,2026-08-05T12:00:00Z,12,spectrum,coronado_center,0.461,5m,5.0,0.461,0.464,0.624,14.5,233.0,recomputed
2026-08-05T05:30:00Z,2026-08-05T00:00:00Z,2026-08-05T12:00:00Z,12,spectrum,coronado_south,0.328,5m,5.0,0.328,0.478,0.624,14.5,224.0,recomputed
2026-08-05T05:30:00Z,2026-08-05T00:00:00Z,2026-08-05T15:00:00Z,15,spectrum,buoy,0.608,buoy,,,,0.608,13.6,213.0,recomputed
2026-08-05T05:30:00Z,2026-08-05T00:00:00Z,2026-08-05T15:00:00Z,15,spectrum,coronado_north,0.583,5m,5.0,0.583,0.44,0.608,13.6,221.0,recomputed
2026-08-05T05:30:00Z,2026-08-05T00:00:00Z,2026-08-05T15:00:00Z,15,spectrum,coronado_center,0.453,5m,5.0,0.453,0.46,0.608,14.5,233.0,recomputed
2026-08-05T05:30:00Z,2026-08-05T00:00:00Z,2026-08-05T15:00:00Z,15,spectrum,coronado_south,0.308,5m,5.0,0.308,0.473,0.608,14.5,223.0,recomputed
2026-08-05T05:30:00Z,2026-08-05T00:00:00Z,2026-08-05T18:00:00Z,18,spectrum,buoy,0.598,buoy,,,,0.598,13.6,216.0,recomputed
2026-08-05T05:30:00Z,2026-08-05T00:00:00Z,2026-08-05T18:00:00Z,18,spectrum,coronado_north,0.579,5m,5.0,0.579,0.439,0.598,13.6,221.0,recomputed
2026-08-05T05:30:00Z,2026-08-05T00:00:00Z,2026-08-05T18:00:00Z,18,spectrum,coronado_center,0.453,5m,5.0,0.453,0.458,0.598,13.6,233.0,recomputed
2026-08-05T05:30:00Z,2026-08-05T00:00:00Z,2026-08-05T18:00:00Z,18,spectrum,coronado_south,0.303,5m,5.0,0.303,0.469,0.598,14.5,222.0,recomputed
2026-08-05T05:30:00Z,2026-08-05T00:00:00Z,2026-08-05T21:00:00Z,21,spectrum,buoy,0.592,buoy,,,,0.592,13.6,218.0,recomputed
2026-08-05T05:30:00Z,2026-08-05T00:00:00Z,2026-08-05T21:00:00Z,21,spectrum,coronado_north,0.584,5m,5.0,0.584,0.438,0.592,13.6,221.0,recomputed
2026-08-05T05:30:00Z,2026-08-05T00:00:00Z,2026-08-05T21:00:00Z,21,spectrum,coronado_center,0.473,5m,5.0,0.473,0.457,0.592,13.6,233.0,recomputed
2026-08-05T05:30:00Z,2026-08-05T00:00:00Z,2026-08-05T21:00:00Z,21,spectrum,coronado_south,0.332,5m,5.0,0.332,0.469,0.592,14.5,221.0,recomputed
2026-08-05T05:30:00Z,2026-08-05T00:00:00Z,2026-08-06T00:00:00Z,24,spectrum,buoy,0.603,buoy,,,,0.603,12.7,206.0,recomputed
2026-08-05T05:30:00Z,2026-08-05T00:00:00Z,2026-08-06T00:00:00Z,24,spectrum,coronado_north,0.576,5m,5.0,0.576,0.439,0.603,13.6,220.0,recomputed
2026-08-05T05:30:00Z,2026-08-05T00:00:00Z,2026-08-06T00:00:00Z,24,spectrum,coronado_center,0.462,5m,5.0,0.462,0.459,0.603,13.6,233.0,recomputed
2026-08-05T05:30:00Z,2026-08-05T00:00:00Z,2026-08-06T00:00:00Z,24,spectrum,coronado_south,0.322,5m,5.0,0.322,0.472,0.603,13.6,220.0,recomputed
2026-08-05T05:30:00Z,2026-08-05T00:00:00Z,2026-08-06T03:00:00Z,27,spectrum,buoy,0.606,buoy,,,,0.606,12.7,207.0,recomputed
2026-08-05T05:30:00Z,2026-08-05T00:00:00Z,2026-08-06T03:00:00Z,27,spectrum,coronado_north,0.572,5m,5.0,0.572,0.439,0.606,13.6,220.0,recomputed
2026-08-05T05:30:00Z,2026-08-05T00:00:00Z,2026-08-06T03:00:00Z,27,spectrum,coronado_center,0.457,5m,5.0,0.457,0.461,0.606,13.6,232.0,recomputed
2026-08-05T05:30:00Z,2026-08-05T00:00:00Z,2026-08-06T03:00:00Z,27,spectrum,coronado_south,0.316,5m,5.0,0.316,0.475,0.606,12.7,220.0,recomputed
2026-08-05T05:30:00Z,2026-08-05T00:00:00Z,2026-08-06T06:00:00Z,30,spectrum,buoy,0.602,buoy,,,,0.602,12.7,207.0,recomputed
2026-08-05T05:30:00Z,2026-08-05T00:00:00Z,2026-08-06T06:00:00Z,30,spectrum,coronado_north,0.569,5m,5.0,0.569,0.438,0.602,13.6,220.0,recomputed
2026-08-05T05:30:00Z,2026-08-05T00:00:00Z,2026-08-06T06:00:00Z,30,spectrum,coronado_center,0.453,5m,5.0,0.453,0.459,0.602,13.6,232.0,recomputed
2026-08-05T05:30:00Z,2026-08-05T00:00:00Z,2026-08-06T06:00:00Z,30,spectrum,coronado_south,0.31,5m,5.0,0.31,0.473,0.602,12.7,219.0,recomputed
2026-08-05T05:30:00Z,2026-08-05T00:00:00Z,2026-08-06T09:00:00Z,33,spectrum,buoy,0.603,buoy,,,,0.603,12.7,209.0,recomputed
2026-08-05T05:30:00Z,2026-08-05T00:00:00Z,2026-08-06T09:00:00Z,33,spectrum,coronado_north,0.57,5m,5.0,0.57,0.436,0.603,13.6,220.0,recomputed
2026-08-05T05:30:00Z,2026-08-05T00:00:00Z,2026-08-06T09:00:00Z,33,spectrum,coronado_center,0.452,5m,5.0,0.452,0.456,0.603,13.6,232.0,recomputed
2026-08-05T05:30:00Z,2026-08-05T00:00:00Z,2026-08-06T09:00:00Z,33,spectrum,coronado_south,0.306,5m,5.0,0.306,0.47,0.603,12.7,219.0,recomputed
2026-08-05T05:30:00Z,2026-08-05T00:00:00Z,2026-08-06T12:00:00Z,36,spectrum,buoy,0.599,buoy,,,,0.599,12.7,210.0,recomputed
2026-08-05T05:30:00Z,2026-08-05T00:00:00Z,2026-08-06T12:00:00Z,36,spectrum,coronado_north,0.573,5m,5.0,0.573,0.434,0.599,13.6,220.0,recomputed
2026-08-05T05:30:00Z,2026-08-05T00:00:00Z,2026-08-06T12:00:00Z,36,spectrum,coronado_center,0.453,5m,5.0,0.453,0.453,0.599,13.6,231.0,recomputed
2026-08-05T05:30:00Z,2026-08-05T00:00:00Z,2026-08-06T12:00:00Z,36,spectrum,coronado_south,0.302,5m,5.0,0.302,0.466,0.599,11.9,219.0,recomputed
2026-08-05T05:30:00Z,2026-08-05T00:00:00Z,2026-08-06T15:00:00Z,39,spectrum,buoy,0.589,buoy,,,,0.589,11.9,205.0,recomputed
2026-08-05T05:30:00Z,2026-08-05T00:00:00Z,2026-08-06T15:00:00Z,39,spectrum,coronado_north,0.575,5m,5.0,0.575,0.433,0.589,13.6,220.0,recomputed
2026-08-05T05:30:00Z,2026-08-05T00:00:00Z,2026-08-06T15:00:00Z,39,spectrum,coronado_center,0.448,5m,5.0,0.448,0.45,0.589,13.6,231.0,recomputed
2026-08-05T05:30:00Z,2026-08-05T00:00:00Z,2026-08-06T15:00:00Z,39,spectrum,coronado_south,0.287,5m,5.0,0.287,0.461,0.589,11.9,219.0,recomputed
2026-08-05T05:30:00Z,2026-08-05T00:00:00Z,2026-08-06T18:00:00Z,42,spectrum,buoy,0.576,buoy,,,,0.576,11.9,205.0,recomputed
2026-08-05T05:30:00Z,2026-08-05T00:00:00Z,2026-08-06T18:00:00Z,42,spectrum,coronado_north,0.574,5m,5.0,0.574,0.432,0.576,13.6,220.0,recomputed
2026-08-05T05:30:00Z,2026-08-05T00:00:00Z,2026-08-06T18:00:00Z,42,spectrum,coronado_center,0.447,5m,5.0,0.447,0.448,0.576,13.6,231.0,recomputed
2026-08-05T05:30:00Z,2026-08-05T00:00:00Z,2026-08-06T18:00:00Z,42,spectrum,coronado_south,0.291,5m,5.0,0.291,0.457,0.576,11.9,218.0,recomputed
2026-08-05T05:30:00Z,2026-08-05T00:00:00Z,2026-08-06T21:00:00Z,45,spectrum,buoy,0.565,buoy,,,,0.565,11.9,204.0,recomputed
2026-08-05T05:30:00Z,2026-08-05T00:00:00Z,2026-08-06T21:00:00Z,45,spectrum,coronado_north,0.574,5m,5.0,0.574,0.431,0.565,13.6,220.0,recomputed
2026-08-05T05:30:00Z,2026-08-05T00:00:00Z,2026-08-06T21:00:00Z,45,spectrum,coronado_center,0.447,5m,5.0,0.447,0.447,0.565,13.6,231.0,recomputed
2026-08-05T05:30:00Z,2026-08-05T00:00:00Z,2026-08-06T21:00:00Z,45,spectrum,coronado_south,0.293,5m,5.0,0.293,0.454,0.565,11.9,219.0,recomputed
2026-08-05T05:30:00Z,2026-08-05T00:00:00Z,2026-08-07T00:00:00Z,48,spectrum,buoy,0.567,buoy,,,,0.567,11.9,204.0,recomputed
2026-08-05T05:30:00Z,2026-08-05T00:00:00Z,2026-08-07T00:00:00Z,48,spectrum,coronado_north,0.572,5m,5.0,0.572,0.435,0.567,13.6,219.0,recomputed
2026-08-05T05:30:00Z,2026-08-05T00:00:00Z,2026-08-07T00:00:00Z,48,spectrum,coronado_center,0.442,5m,5.0,0.442,0.451,0.567,13.6,231.0,recomputed
2026-08-05T05:30:00Z,2026-08-05T00:00:00Z,2026-08-07T00:00:00Z,48,spectrum,coronado_south,0.288,5m,5.0,0.288,0.458,0.567,11.9,219.0,recomputed
2026-08-05T05:30:00Z,2026-08-05T00:00:00Z,2026-08-07T03:00:00Z,51,spectrum,buoy,0.573,buoy,,,,0.573,11.9,206.0,recomputed
2026-08-05T05:30:00Z,2026-08-05T00:00:00Z,2026-08-07T03:00:00Z,51,spectrum,coronado_north,0.585,5m,5.0,0.585,0.442,0.573,13.6,219.0,recomputed
2026-08-05T05:30:00Z,2026-08-05T00:00:00Z,2026-08-07T03:00:00Z,51,spectrum,coronado_center,0.45,5m,5.0,0.45,0.458,0.573,13.6,231.0,recomputed
2026-08-05T05:30:00Z,2026-08-05T00:00:00Z,2026-08-07T03:00:00Z,51,spectrum,coronado_south,0.284,5m,5.0,0.284,0.465,0.573,11.9,220.0,recomputed
2026-08-05T05:30:00Z,2026-08-05T00:00:00Z,2026-08-07T06:00:00Z,54,spectrum,buoy,0.578,buoy,,,,0.578,11.9,208.0,recomputed
2026-08-05T05:30:00Z,2026-08-05T00:00:00Z,2026-08-07T06:00:00Z,54,spectrum,coronado_north,0.601,5m,5.0,0.601,0.45,0.578,13.6,219.0,recomputed
2026-08-05T05:30:00Z,2026-08-05T00:00:00Z,2026-08-07T06:00:00Z,54,spectrum,coronado_center,0.462,5m,5.0,0.462,0.466,0.578,13.6,231.0,recomputed
2026-08-05T05:30:00Z,2026-08-05T00:00:00Z,2026-08-07T06:00:00Z,54,spectrum,coronado_south,0.289,5m,5.0,0.289,0.472,0.578,11.9,220.0,recomputed
2026-08-05T05:30:00Z,2026-08-05T00:00:00Z,2026-08-07T09:00:00Z,57,spectrum,buoy,0.583,buoy,,,,0.583,11.9,210.0,recomputed
2026-08-05T05:30:00Z,2026-08-05T00:00:00Z,2026-08-07T09:00:00Z,57,spectrum,coronado_north,0.613,5m,5.0,0.613,0.456,0.583,13.6,219.0,recomputed
2026-08-05T05:30:00Z,2026-08-05T00:00:00Z,2026-08-07T09:00:00Z,57,spectrum,coronado_center,0.467,5m,5.0,0.467,0.472,0.583,13.6,231.0,recomputed
2026-08-05T05:30:00Z,2026-08-05T00:00:00Z,2026-08-07T09:00:00Z,57,spectrum,coronado_south,0.289,5m,5.0,0.289,0.478,0.583,11.9,221.0,recomputed
2026-08-05T05:30:00Z,2026-08-05T00:00:00Z,2026-08-07T12:00:00Z,60,spectrum,buoy,0.585,buoy,,,,0.585,13.6,214.0,recomputed
2026-08-05T05:30:00Z,2026-08-05T00:00:00Z,2026-08-07T12:00:00Z,60,spectrum,coronado_north,0.613,5m,5.0,0.613,0.459,0.585,13.6,219.0,recomputed
2026-08-05T05:30:00Z,2026-08-05T00:00:00Z,2026-08-07T12:00:00Z,60,spectrum,coronado_center,0.462,5m,5.0,0.462,0.474,0.585,13.6,231.0,recomputed
2026-08-05T05:30:00Z,2026-08-05T00:00:00Z,2026-08-07T12:00:00Z,60,spectrum,coronado_south,0.284,5m,5.0,0.284,0.479,0.585,11.9,222.0,recomputed
2026-08-05T05:30:00Z,2026-08-05T00:00:00Z,2026-08-07T15:00:00Z,63,spectrum,buoy,0.583,buoy,,,,0.583,13.6,211.0,recomputed
2026-08-05T05:30:00Z,2026-08-05T00:00:00Z,2026-08-07T15:00:00Z,63,spectrum,coronado_north,0.614,5m,5.0,0.614,0.462,0.583,13.6,219.0,recomputed
2026-08-05T05:30:00Z,2026-08-05T00:00:00Z,2026-08-07T15:00:00Z,63,spectrum,coronado_center,0.455,5m,5.0,0.455,0.476,0.583,12.7,231.0,recomputed
2026-08-05T05:30:00Z,2026-08-05T00:00:00Z,2026-08-07T15:00:00Z,63,spectrum,coronado_south,0.278,5m,5.0,0.278,0.479,0.583,11.9,223.0,recomputed
2026-08-05T05:30:00Z,2026-08-05T00:00:00Z,2026-08-07T18:00:00Z,66,spectrum,buoy,0.583,buoy,,,,0.583,13.6,209.0,recomputed
2026-08-05T05:30:00Z,2026-08-05T00:00:00Z,2026-08-07T18:00:00Z,66,spectrum,coronado_north,0.633,5m,5.0,0.633,0.471,0.583,13.6,219.0,recomputed
2026-08-05T05:30:00Z,2026-08-05T00:00:00Z,2026-08-07T18:00:00Z,66,spectrum,coronado_center,0.467,5m,5.0,0.467,0.485,0.583,12.7,230.0,recomputed
2026-08-05T05:30:00Z,2026-08-05T00:00:00Z,2026-08-07T18:00:00Z,66,spectrum,coronado_south,0.273,5m,5.0,0.273,0.486,0.583,12.7,222.0,recomputed
2026-08-05T05:30:00Z,2026-08-05T00:00:00Z,2026-08-07T21:00:00Z,69,spectrum,buoy,0.6,buoy,,,,0.6,13.6,206.0,recomputed
2026-08-05T05:30:00Z,2026-08-05T00:00:00Z,2026-08-07T21:00:00Z,69,spectrum,coronado_north,0.654,5m,5.0,0.654,0.489,0.6,13.6,218.0,recomputed
2026-08-05T05:30:00Z,2026-08-05T00:00:00Z,2026-08-07T21:00:00Z,69,spectrum,coronado_center,0.482,5m,5.0,0.482,0.502,0.6,12.7,230.0,recomputed
2026-08-05T05:30:00Z,2026-08-05T00:00:00Z,2026-08-07T21:00:00Z,69,spectrum,coronado_south,0.31,5m,5.0,0.31,0.503,0.6,12.7,222.0,recomputed
2026-08-05T05:30:00Z,2026-08-05T00:00:00Z,2026-08-08T00:00:00Z,72,spectrum,buoy,0.621,buoy,,,,0.621,13.6,204.0,recomputed
2026-08-05T05:30:00Z,2026-08-05T00:00:00Z,2026-08-08T00:00:00Z,72,spectrum,coronado_north,0.665,5m,5.0,0.665,0.501,0.621,13.6,218.0,recomputed
2026-08-05T05:30:00Z,2026-08-05T00:00:00Z,2026-08-08T00:00:00Z,72,spectrum,coronado_center,0.482,5m,5.0,0.482,0.516,0.621,12.7,230.0,recomputed
2026-08-05T05:30:00Z,2026-08-05T00:00:00Z,2026-08-08T00:00:00Z,72,spectrum,coronado_south,0.304,5m,5.0,0.304,0.517,0.621,12.7,221.0,recomputed
2026-08-05T05:30:00Z,2026-08-05T00:00:00Z,2026-08-08T03:00:00Z,75,spectrum,buoy,0.638,buoy,,,,0.638,12.7,213.0,recomputed
2026-08-05T05:30:00Z,2026-08-05T00:00:00Z,2026-08-08T03:00:00Z,75,spectrum,coronado_north,0.67,5m,5.0,0.67,0.508,0.638,12.7,218.0,recomputed
2026-08-05T05:30:00Z,2026-08-05T00:00:00Z,2026-08-08T03:00:00Z,75,spectrum,coronado_center,0.479,5m,5.0,0.479,0.523,0.638,12.7,230.0,recomputed
2026-08-05T05:30:00Z,2026-08-05T00:00:00Z,2026-08-08T03:00:00Z,75,spectrum,coronado_south,0.316,5m,5.0,0.316,0.525,0.638,12.7,221.0,recomputed
2026-08-05T05:30:00Z,2026-08-05T00:00:00Z,2026-08-08T06:00:00Z,78,spectrum,buoy,0.65,buoy,,,,0.65,17.8,200.0,recomputed
2026-08-05T05:30:00Z,2026-08-05T00:00:00Z,2026-08-08T06:00:00Z,78,spectrum,coronado_north,0.68,5m,5.0,0.68,0.518,0.65,12.7,218.0,recomputed
2026-08-05T05:30:00Z,2026-08-05T00:00:00Z,2026-08-08T06:00:00Z,78,spectrum,coronado_center,0.477,5m,5.0,0.477,0.533,0.65,12.7,230.0,recomputed
2026-08-05T05:30:00Z,2026-08-05T00:00:00Z,2026-08-08T06:00:00Z,78,spectrum,coronado_south,0.322,5m,5.0,0.322,0.535,0.65,12.7,221.0,recomputed
2026-08-05T05:30:00Z,2026-08-05T00:00:00Z,2026-08-08T09:00:00Z,81,spectrum,buoy,0.663,buoy,,,,0.663,17.8,198.0,recomputed
2026-08-05T05:30:00Z,2026-08-05T00:00:00Z,2026-08-08T09:00:00Z,81,spectrum,coronado_north,0.698,5m,5.0,0.698,0.534,0.663,12.7,218.0,recomputed
2026-08-05T05:30:00Z,2026-08-05T00:00:00Z,2026-08-08T09:00:00Z,81,spectrum,coronado_center,0.48,5m,5.0,0.48,0.549,0.663,11.9,230.0,recomputed
2026-08-05T05:30:00Z,2026-08-05T00:00:00Z,2026-08-08T09:00:00Z,81,spectrum,coronado_south,0.334,5m,5.0,0.334,0.549,0.663,11.9,219.0,recomputed
2026-08-05T05:30:00Z,2026-08-05T00:00:00Z,2026-08-08T12:00:00Z,84,spectrum,buoy,0.675,buoy,,,,0.675,17.8,198.0,recomputed
2026-08-05T05:30:00Z,2026-08-05T00:00:00Z,2026-08-08T12:00:00Z,84,spectrum,coronado_north,0.719,5m,5.0,0.719,0.548,0.675,17.8,209.0,recomputed
2026-08-05T05:30:00Z,2026-08-05T00:00:00Z,2026-08-08T12:00:00Z,84,spectrum,coronado_center,0.483,5m,5.0,0.483,0.563,0.675,11.9,230.0,recomputed
2026-08-05T05:30:00Z,2026-08-05T00:00:00Z,2026-08-08T12:00:00Z,84,spectrum,coronado_south,0.335,5m,5.0,0.335,0.562,0.675,11.9,218.0,recomputed
2026-08-05T05:30:00Z,2026-08-05T00:00:00Z,2026-08-08T15:00:00Z,87,spectrum,buoy,0.678,buoy,,,,0.678,17.8,197.0,recomputed
2026-08-05T05:30:00Z,2026-08-05T00:00:00Z,2026-08-08T15:00:00Z,87,spectrum,coronado_north,0.733,5m,5.0,0.733,0.556,0.678,16.6,209.0,recomputed
2026-08-05T05:30:00Z,2026-08-05T00:00:00Z,2026-08-08T15:00:00Z,87,spectrum,coronado_center,0.485,5m,5.0,0.485,0.57,0.678,16.6,220.0,recomputed
2026-08-05T05:30:00Z,2026-08-05T00:00:00Z,2026-08-08T15:00:00Z,87,spectrum,coronado_south,0.33,5m,5.0,0.33,0.568,0.678,11.9,217.0,recomputed
2026-08-05T05:30:00Z,2026-08-05T00:00:00Z,2026-08-08T18:00:00Z,90,spectrum,buoy,0.681,buoy,,,,0.681,16.6,200.0,recomputed
2026-08-05T05:30:00Z,2026-08-05T00:00:00Z,2026-08-08T18:00:00Z,90,spectrum,coronado_north,0.748,5m,5.0,0.748,0.564,0.681,16.6,208.0,recomputed
2026-08-05T05:30:00Z,2026-08-05T00:00:00Z,2026-08-08T18:00:00Z,90,spectrum,coronado_center,0.496,5m,5.0,0.496,0.577,0.681,16.6,221.0,recomputed
2026-08-05T05:30:00Z,2026-08-05T00:00:00Z,2026-08-08T18:00:00Z,90,spectrum,coronado_south,0.355,5m,5.0,0.355,0.574,0.681,11.9,217.0,recomputed
2026-08-05T05:30:00Z,2026-08-05T00:00:00Z,2026-08-08T21:00:00Z,93,spectrum,buoy,0.709,buoy,,,,0.709,16.6,199.0,recomputed
2026-08-05T05:30:00Z,2026-08-05T00:00:00Z,2026-08-08T21:00:00Z,93,spectrum,coronado_north,0.763,5m,5.0,0.763,0.575,0.709,16.6,208.0,recomputed
2026-08-05T05:30:00Z,2026-08-05T00:00:00Z,2026-08-08T21:00:00Z,93,spectrum,coronado_center,0.499,5m,5.0,0.499,0.589,0.709,16.6,220.0,recomputed
2026-08-05T05:30:00Z,2026-08-05T00:00:00Z,2026-08-08T21:00:00Z,93,spectrum,coronado_south,0.365,5m,5.0,0.365,0.587,0.709,11.9,218.0,recomputed
2026-08-05T05:30:00Z,2026-08-05T00:00:00Z,2026-08-09T00:00:00Z,96,spectrum,buoy,0.754,buoy,,,,0.754,16.6,198.0,recomputed
2026-08-05T05:30:00Z,2026-08-05T00:00:00Z,2026-08-09T00:00:00Z,96,spectrum,coronado_north,0.78,5m,5.0,0.78,0.589,0.754,16.6,207.0,recomputed
2026-08-05T05:30:00Z,2026-08-05T00:00:00Z,2026-08-09T00:00:00Z,96,spectrum,coronado_center,0.503,5m,5.0,0.503,0.606,0.754,16.6,220.0,recomputed
2026-08-05T05:30:00Z,2026-08-05T00:00:00Z,2026-08-09T00:00:00Z,96,spectrum,coronado_south,0.377,5m,5.0,0.377,0.609,0.754,11.9,218.0,recomputed
2026-08-05T05:30:00Z,2026-08-05T00:00:00Z,2026-08-09T03:00:00Z,99,spectrum,buoy,0.776,buoy,,,,0.776,16.6,197.0,recomputed
2026-08-05T05:30:00Z,2026-08-05T00:00:00Z,2026-08-09T03:00:00Z,99,spectrum,coronado_north,0.787,5m,5.0,0.787,0.598,0.776,16.6,207.0,recomputed
2026-08-05T05:30:00Z,2026-08-05T00:00:00Z,2026-08-09T03:00:00Z,99,spectrum,coronado_center,0.501,5m,5.0,0.501,0.617,0.776,16.6,220.0,recomputed
2026-08-05T05:30:00Z,2026-08-05T00:00:00Z,2026-08-09T03:00:00Z,99,spectrum,coronado_south,0.383,5m,5.0,0.383,0.623,0.776,11.9,218.0,recomputed
2026-08-05T05:30:00Z,2026-08-05T00:00:00Z,2026-08-09T06:00:00Z,102,spectrum,buoy,0.787,buoy,,,,0.787,15.6,200.0,recomputed
2026-08-05T05:30:00Z,2026-08-05T00:00:00Z,2026-08-09T06:00:00Z,102,spectrum,coronado_north,0.786,5m,5.0,0.786,0.6,0.787,15.6,208.0,recomputed
2026-08-05T05:30:00Z,2026-08-05T00:00:00Z,2026-08-09T06:00:00Z,102,spectrum,coronado_center,0.493,5m,5.0,0.493,0.619,0.787,16.6,221.0,recomputed
2026-08-05T05:30:00Z,2026-08-05T00:00:00Z,2026-08-09T06:00:00Z,102,spectrum,coronado_south,0.38,5m,5.0,0.38,0.626,0.787,11.9,218.0,recomputed
2026-08-05T05:30:00Z,2026-08-05T00:00:00Z,2026-08-09T09:00:00Z,105,spectrum,buoy,0.78,buoy,,,,0.78,15.6,199.0,recomputed
2026-08-05T05:30:00Z,2026-08-05T00:00:00Z,2026-08-09T09:00:00Z,105,spectrum,coronado_north,0.786,5m,5.0,0.786,0.603,0.78,15.6,209.0,recomputed
2026-08-05T05:30:00Z,2026-08-05T00:00:00Z,2026-08-09T09:00:00Z,105,spectrum,coronado_center,0.482,5m,5.0,0.482,0.619,0.78,15.6,221.0,recomputed
2026-08-05T05:30:00Z,2026-08-05T00:00:00Z,2026-08-09T09:00:00Z,105,spectrum,coronado_south,0.367,5m,5.0,0.367,0.623,0.78,11.9,217.0,recomputed
2026-08-05T05:30:00Z,2026-08-05T00:00:00Z,2026-08-09T12:00:00Z,108,spectrum,buoy,0.762,buoy,,,,0.762,15.6,198.0,recomputed
2026-08-05T05:30:00Z,2026-08-05T00:00:00Z,2026-08-09T12:00:00Z,108,spectrum,coronado_north,0.786,5m,5.0,0.786,0.604,0.762,15.6,209.0,recomputed
2026-08-05T05:30:00Z,2026-08-05T00:00:00Z,2026-08-09T12:00:00Z,108,spectrum,coronado_center,0.471,5m,5.0,0.471,0.619,0.762,15.6,222.0,recomputed
2026-08-05T05:30:00Z,2026-08-05T00:00:00Z,2026-08-09T12:00:00Z,108,spectrum,coronado_south,0.349,5m,5.0,0.349,0.619,0.762,11.9,217.0,recomputed
2026-08-05T05:30:00Z,2026-08-05T00:00:00Z,2026-08-09T15:00:00Z,111,spectrum,buoy,0.746,buoy,,,,0.746,15.6,198.0,recomputed
2026-08-05T05:30:00Z,2026-08-05T00:00:00Z,2026-08-09T15:00:00Z,111,spectrum,coronado_north,0.784,5m,5.0,0.784,0.605,0.746,15.6,210.0,recomputed
2026-08-05T05:30:00Z,2026-08-05T00:00:00Z,2026-08-09T15:00:00Z,111,spectrum,coronado_center,0.467,5m,5.0,0.467,0.619,0.746,15.6,222.0,recomputed
2026-08-05T05:30:00Z,2026-08-05T00:00:00Z,2026-08-09T15:00:00Z,111,spectrum,coronado_south,0.341,5m,5.0,0.341,0.616,0.746,11.9,218.0,recomputed
2026-08-05T05:30:00Z,2026-08-05T00:00:00Z,2026-08-09T18:00:00Z,114,spectrum,buoy,0.737,buoy,,,,0.737,15.6,197.0,recomputed
2026-08-05T05:30:00Z,2026-08-05T00:00:00Z,2026-08-09T18:00:00Z,114,spectrum,coronado_north,0.781,5m,5.0,0.781,0.609,0.737,15.6,210.0,recomputed
2026-08-05T05:30:00Z,2026-08-05T00:00:00Z,2026-08-09T18:00:00Z,114,spectrum,coronado_center,0.461,5m,5.0,0.461,0.622,0.737,14.5,223.0,recomputed
2026-08-05T05:30:00Z,2026-08-05T00:00:00Z,2026-08-09T18:00:00Z,114,spectrum,coronado_south,0.33,5m,5.0,0.33,0.618,0.737,11.1,219.0,recomputed
2026-08-05T05:30:00Z,2026-08-05T00:00:00Z,2026-08-09T21:00:00Z,117,spectrum,buoy,0.735,buoy,,,,0.735,14.5,200.0,recomputed
2026-08-05T05:30:00Z,2026-08-05T00:00:00Z,2026-08-09T21:00:00Z,117,spectrum,coronado_north,0.776,5m,5.0,0.776,0.613,0.735,14.5,210.0,recomputed
2026-08-05T05:30:00Z,2026-08-05T00:00:00Z,2026-08-09T21:00:00Z,117,spectrum,coronado_center,0.464,5m,5.0,0.464,0.626,0.735,14.5,223.0,recomputed
2026-08-05T05:30:00Z,2026-08-05T00:00:00Z,2026-08-09T21:00:00Z,117,spectrum,coronado_south,0.337,5m,5.0,0.337,0.622,0.735,11.1,219.0,recomputed
2026-08-05T05:30:00Z,2026-08-05T00:00:00Z,2026-08-10T00:00:00Z,120,spectrum,buoy,0.725,buoy,,,,0.725,14.5,199.0,recomputed
2026-08-05T05:30:00Z,2026-08-05T00:00:00Z,2026-08-10T00:00:00Z,120,spectrum,coronado_north,0.762,5m,5.0,0.762,0.604,0.725,14.5,211.0,recomputed
2026-08-05T05:30:00Z,2026-08-05T00:00:00Z,2026-08-10T00:00:00Z,120,spectrum,coronado_center,0.457,5m,5.0,0.457,0.617,0.725,14.5,223.0,recomputed
2026-08-05T05:30:00Z,2026-08-05T00:00:00Z,2026-08-10T00:00:00Z,120,spectrum,coronado_south,0.332,5m,5.0,0.332,0.613,0.725,11.1,217.0,recomputed
2026-08-05T05:30:00Z,2026-08-05T00:00:00Z,2026-08-10T03:00:00Z,123,spectrum,buoy,0.715,buoy,,,,0.715,14.5,199.0,recomputed
2026-08-05T05:30:00Z,2026-08-05T00:00:00Z,2026-08-10T03:00:00Z,123,spectrum,coronado_north,0.749,5m,5.0,0.749,0.596,0.715,14.5,211.0,recomputed
2026-08-05T05:30:00Z,2026-08-05T00:00:00Z,2026-08-10T03:00:00Z,123,spectrum,coronado_center,0.449,5m,5.0,0.449,0.609,0.715,14.5,223.0,recomputed
2026-08-05T05:30:00Z,2026-08-05T00:00:00Z,2026-08-10T03:00:00Z,123,spectrum,coronado_south,0.328,5m,5.0,0.328,0.605,0.715,11.9,217.0,recomputed
2026-08-05T05:30:00Z,2026-08-05T00:00:00Z,2026-08-10T06:00:00Z,126,spectrum,buoy,0.708,buoy,,,,0.708,14.5,198.0,recomputed
2026-08-05T05:30:00Z,2026-08-05T00:00:00Z,2026-08-10T06:00:00Z,126,spectrum,coronado_north,0.743,5m,5.0,0.743,0.59,0.708,14.5,211.0,recomputed
2026-08-05T05:30:00Z,2026-08-05T00:00:00Z,2026-08-10T06:00:00Z,126,spectrum,coronado_center,0.446,5m,5.0,0.446,0.603,0.708,14.5,223.0,recomputed
2026-08-05T05:30:00Z,2026-08-05T00:00:00Z,2026-08-10T06:00:00Z,126,spectrum,coronado_south,0.324,5m,5.0,0.324,0.599,0.708,11.9,218.0,recomputed
2026-08-05T05:30:00Z,2026-08-05T00:00:00Z,2026-08-10T09:00:00Z,129,spectrum,buoy,0.705,buoy,,,,0.705,14.5,198.0,recomputed
2026-08-05T05:30:00Z,2026-08-05T00:00:00Z,2026-08-10T09:00:00Z,129,spectrum,coronado_north,0.745,5m,5.0,0.745,0.589,0.705,14.5,212.0,recomputed
2026-08-05T05:30:00Z,2026-08-05T00:00:00Z,2026-08-10T09:00:00Z,129,spectrum,coronado_center,0.452,5m,5.0,0.452,0.602,0.705,13.6,224.0,recomputed
2026-08-05T05:30:00Z,2026-08-05T00:00:00Z,2026-08-10T09:00:00Z,129,spectrum,coronado_south,0.323,5m,5.0,0.323,0.597,0.705,11.9,220.0,recomputed
2026-08-05T05:30:00Z,2026-08-05T00:00:00Z,2026-08-10T12:00:00Z,132,spectrum,buoy,0.702,buoy,,,,0.702,14.5,197.0,recomputed
2026-08-05T05:30:00Z,2026-08-05T00:00:00Z,2026-08-10T12:00:00Z,132,spectrum,coronado_north,0.749,5m,5.0,0.749,0.586,0.702,13.6,212.0,recomputed
2026-08-05T05:30:00Z,2026-08-05T00:00:00Z,2026-08-10T12:00:00Z,132,spectrum,coronado_center,0.492,5m,5.0,0.492,0.599,0.702,13.6,224.0,recomputed
2026-08-05T05:30:00Z,2026-08-05T00:00:00Z,2026-08-10T12:00:00Z,132,spectrum,coronado_south,0.321,5m,5.0,0.321,0.594,0.702,14.5,214.0,recomputed
2026-08-05T05:30:00Z,2026-08-05T00:00:00Z,2026-08-10T15:00:00Z,135,spectrum,buoy,0.698,buoy,,,,0.698,13.6,200.0,recomputed
2026-08-05T05:30:00Z,2026-08-05T00:00:00Z,2026-08-10T15:00:00Z,135,spectrum,coronado_north,0.744,5m,5.0,0.744,0.58,0.698,13.6,212.0,recomputed
2026-08-05T05:30:00Z,2026-08-05T00:00:00Z,2026-08-10T15:00:00Z,135,spectrum,coronado_center,0.461,5m,5.0,0.461,0.592,0.698,13.6,224.0,recomputed
2026-08-05T05:30:00Z,2026-08-05T00:00:00Z,2026-08-10T15:00:00Z,135,spectrum,coronado_south,0.318,5m,5.0,0.318,0.588,0.698,14.5,215.0,recomputed
2026-08-05T05:30:00Z,2026-08-05T00:00:00Z,2026-08-10T18:00:00Z,138,spectrum,buoy,0.706,buoy,,,,0.706,13.6,200.0,recomputed
2026-08-05T05:30:00Z,2026-08-05T00:00:00Z,2026-08-10T18:00:00Z,138,spectrum,coronado_north,0.831,5m,5.0,0.831,0.584,0.706,13.6,213.0,recomputed
2026-08-05T05:30:00Z,2026-08-05T00:00:00Z,2026-08-10T18:00:00Z,138,spectrum,coronado_center,0.472,5m,5.0,0.472,0.596,0.706,13.6,224.0,recomputed
2026-08-05T05:30:00Z,2026-08-05T00:00:00Z,2026-08-10T18:00:00Z,138,spectrum,coronado_south,0.343,5m,5.0,0.343,0.591,0.706,13.6,215.0,recomputed
2026-08-05T05:30:00Z,2026-08-05T00:00:00Z,2026-08-10T21:00:00Z,141,spectrum,buoy,0.701,buoy,,,,0.701,13.6,199.0,recomputed
2026-08-05T05:30:00Z,2026-08-05T00:00:00Z,2026-08-10T21:00:00Z,141,spectrum,coronado_north,0.73,5m,5.0,0.73,0.575,0.701,13.6,213.0,recomputed
2026-08-05T05:30:00Z,2026-08-05T00:00:00Z,2026-08-10T21:00:00Z,141,spectrum,coronado_center,0.468,5m,5.0,0.468,0.587,0.701,13.6,225.0,recomputed
2026-08-05T05:30:00Z,2026-08-05T00:00:00Z,2026-08-10T21:00:00Z,141,spectrum,coronado_south,0.346,5m,5.0,0.346,0.583,0.701,12.7,215.0,recomputed
2026-08-05T05:30:00Z,2026-08-05T00:00:00Z,2026-08-11T00:00:00Z,144,spectrum,buoy,0.699,buoy,,,,0.699,13.6,198.0,recomputed
2026-08-05T05:30:00Z,2026-08-05T00:00:00Z,2026-08-11T00:00:00Z,144,spectrum,coronado_north,0.733,5m,5.0,0.733,0.571,0.699,13.6,214.0,recomputed
2026-08-05T05:30:00Z,2026-08-05T00:00:00Z,2026-08-11T00:00:00Z,144,spectrum,coronado_center,0.475,5m,5.0,0.475,0.584,0.699,13.6,226.0,recomputed
2026-08-05T05:30:00Z,2026-08-05T00:00:00Z,2026-08-11T00:00:00Z,144,spectrum,coronado_south,0.346,5m,5.0,0.346,0.58,0.699,12.7,217.0,recomputed
2026-08-05T05:30:00Z,2026-08-05T00:00:00Z,2026-08-11T03:00:00Z,147,spectrum,buoy,0.694,buoy,,,,0.694,13.6,198.0,recomputed
2026-08-05T05:30:00Z,2026-08-05T00:00:00Z,2026-08-11T03:00:00Z,147,spectrum,coronado_north,0.747,5m,5.0,0.747,0.566,0.694,13.6,214.0,recomputed
2026-08-05T05:30:00Z,2026-08-05T00:00:00Z,2026-08-11T03:00:00Z,147,spectrum,coronado_center,0.487,5m,5.0,0.487,0.578,0.694,15.6,227.0,recomputed
2026-08-05T05:30:00Z,2026-08-05T00:00:00Z,2026-08-11T03:00:00Z,147,spectrum,coronado_south,0.335,5m,5.0,0.335,0.574,0.694,12.7,218.0,recomputed
2026-08-05T05:30:00Z,2026-08-05T00:00:00Z,2026-08-11T06:00:00Z,150,spectrum,buoy,0.688,buoy,,,,0.688,13.6,197.0,recomputed
2026-08-05T05:30:00Z,2026-08-05T00:00:00Z,2026-08-11T06:00:00Z,150,spectrum,coronado_north,0.757,5m,5.0,0.757,0.563,0.688,13.6,213.0,recomputed
2026-08-05T05:30:00Z,2026-08-05T00:00:00Z,2026-08-11T06:00:00Z,150,spectrum,coronado_center,0.498,5m,5.0,0.498,0.575,0.688,15.6,227.0,recomputed
2026-08-05T05:30:00Z,2026-08-05T00:00:00Z,2026-08-11T06:00:00Z,150,spectrum,coronado_south,0.333,5m,5.0,0.333,0.571,0.688,12.7,218.0,recomputed
2026-08-05T05:30:00Z,2026-08-05T00:00:00Z,2026-08-11T09:00:00Z,153,spectrum,buoy,0.678,buoy,,,,0.678,12.7,199.0,recomputed
2026-08-05T05:30:00Z,2026-08-05T00:00:00Z,2026-08-11T09:00:00Z,153,spectrum,coronado_north,0.748,5m,5.0,0.748,0.555,0.678,12.7,213.0,recomputed
2026-08-05T05:30:00Z,2026-08-05T00:00:00Z,2026-08-11T09:00:00Z,153,spectrum,coronado_center,0.497,5m,5.0,0.497,0.567,0.678,15.6,228.0,recomputed
2026-08-05T05:30:00Z,2026-08-05T00:00:00Z,2026-08-11T09:00:00Z,153,spectrum,coronado_south,0.323,5m,5.0,0.323,0.563,0.678,12.7,218.0,recomputed
2026-08-05T05:30:00Z,2026-08-05T00:00:00Z,2026-08-11T12:00:00Z,156,spectrum,buoy,0.665,buoy,,,,0.665,12.7,199.0,recomputed
2026-08-05T05:30:00Z,2026-08-05T00:00:00Z,2026-08-11T12:00:00Z,156,spectrum,coronado_north,0.728,5m,5.0,0.728,0.543,0.665,12.7,215.0,recomputed
2026-08-05T05:30:00Z,2026-08-05T00:00:00Z,2026-08-11T12:00:00Z,156,spectrum,coronado_center,0.489,5m,5.0,0.489,0.554,0.665,15.6,228.0,recomputed
2026-08-05T05:30:00Z,2026-08-05T00:00:00Z,2026-08-11T12:00:00Z,156,spectrum,coronado_south,0.327,5m,5.0,0.327,0.55,0.665,12.7,220.0,recomputed
2026-08-05T05:30:00Z,2026-08-05T00:00:00Z,2026-08-11T15:00:00Z,159,spectrum,buoy,0.653,buoy,,,,0.653,12.7,198.0,recomputed
2026-08-05T05:30:00Z,2026-08-05T00:00:00Z,2026-08-11T15:00:00Z,159,spectrum,coronado_north,0.711,5m,5.0,0.711,0.534,0.653,12.7,215.0,recomputed
2026-08-05T05:30:00Z,2026-08-05T00:00:00Z,2026-08-11T15:00:00Z,159,spectrum,coronado_center,0.484,5m,5.0,0.484,0.545,0.653,14.5,228.0,recomputed
2026-08-05T05:30:00Z,2026-08-05T00:00:00Z,2026-08-11T15:00:00Z,159,spectrum,coronado_south,0.355,5m,5.0,0.355,0.541,0.653,12.7,219.0,recomputed
2026-08-05T05:30:00Z,2026-08-05T00:00:00Z,2026-08-11T18:00:00Z,162,spectrum,buoy,0.653,buoy,,,,0.653,12.7,198.0,recomputed
2026-08-05T05:30:00Z,2026-08-05T00:00:00Z,2026-08-11T18:00:00Z,162,spectrum,coronado_north,0.711,5m,5.0,0.711,0.538,0.653,12.7,216.0,recomputed
2026-08-05T05:30:00Z,2026-08-05T00:00:00Z,2026-08-11T18:00:00Z,162,spectrum,coronado_center,0.494,5m,5.0,0.494,0.549,0.653,14.5,229.0,recomputed
2026-08-05T05:30:00Z,2026-08-05T00:00:00Z,2026-08-11T18:00:00Z,162,spectrum,coronado_south,0.315,5m,5.0,0.315,0.545,0.653,11.9,219.0,recomputed
2026-08-05T05:30:00Z,2026-08-05T00:00:00Z,2026-08-11T21:00:00Z,165,spectrum,buoy,0.673,buoy,,,,0.673,12.7,198.0,recomputed
2026-08-05T05:30:00Z,2026-08-05T00:00:00Z,2026-08-11T21:00:00Z,165,spectrum,coronado_north,0.738,5m,5.0,0.738,0.56,0.673,12.7,213.0,recomputed
2026-08-05T05:30:00Z,2026-08-05T00:00:00Z,2026-08-11T21:00:00Z,165,spectrum,coronado_center,0.532,5m,5.0,0.532,0.572,0.673,14.5,229.0,recomputed
2026-08-05T05:30:00Z,2026-08-05T00:00:00Z,2026-08-11T21:00:00Z,165,spectrum,coronado_south,0.339,5m,5.0,0.339,0.569,0.673,11.9,216.0,recomputed
2026-08-05T05:30:00Z,2026-08-05T00:00:00Z,2026-08-12T00:00:00Z,168,spectrum,buoy,0.683,buoy,,,,0.683,17.8,214.0,recomputed
2026-08-05T05:30:00Z,2026-08-05T00:00:00Z,2026-08-12T00:00:00Z,168,spectrum,coronado_north,0.763,5m,5.0,0.763,0.57,0.683,14.5,217.0,recomputed
2026-08-05T05:30:00Z,2026-08-05T00:00:00Z,2026-08-12T00:00:00Z,168,spectrum,coronado_center,0.56,5m,5.0,0.56,0.583,0.683,14.5,229.0,recomputed
2026-08-05T05:30:00Z,2026-08-05T00:00:00Z,2026-08-12T00:00:00Z,168,spectrum,coronado_south,0.343,5m,5.0,0.343,0.58,0.683,11.9,215.0,recomputed
2026-08-06T05:30:00Z,2026-08-06T00:00:00Z,2026-08-06T00:00:00Z,0,spectrum,buoy,0.615,buoy,,,,0.615,12.7,207.0,recomputed
2026-08-06T05:30:00Z,2026-08-06T00:00:00Z,2026-08-06T00:00:00Z,0,spectrum,coronado_north,0.584,5m,5.0,0.584,0.441,0.615,13.6,221.0,recomputed
2026-08-06T05:30:00Z,2026-08-06T00:00:00Z,2026-08-06T00:00:00Z,0,spectrum,coronado_center,0.474,5m,5.0,0.474,0.462,0.615,13.6,234.0,recomputed
2026-08-06T05:30:00Z,2026-08-06T00:00:00Z,2026-08-06T00:00:00Z,0,spectrum,coronado_south,0.336,5m,5.0,0.336,0.477,0.615,13.6,223.0,recomputed
2026-08-06T05:30:00Z,2026-08-06T00:00:00Z,2026-08-06T03:00:00Z,3,spectrum,buoy,0.624,buoy,,,,0.624,12.7,207.0,recomputed
2026-08-06T05:30:00Z,2026-08-06T00:00:00Z,2026-08-06T03:00:00Z,3,spectrum,coronado_north,0.583,5m,5.0,0.583,0.444,0.624,13.6,220.0,recomputed
2026-08-06T05:30:00Z,2026-08-06T00:00:00Z,2026-08-06T03:00:00Z,3,spectrum,coronado_center,0.471,5m,5.0,0.471,0.466,0.624,13.6,232.0,recomputed
2026-08-06T05:30:00Z,2026-08-06T00:00:00Z,2026-08-06T03:00:00Z,3,spectrum,coronado_south,0.331,5m,5.0,0.331,0.48,0.624,13.6,222.0,recomputed
2026-08-06T05:30:00Z,2026-08-06T00:00:00Z,2026-08-06T06:00:00Z,6,spectrum,buoy,0.619,buoy,,,,0.619,12.7,208.0,recomputed
2026-08-06T05:30:00Z,2026-08-06T00:00:00Z,2026-08-06T06:00:00Z,6,spectrum,coronado_north,0.579,5m,5.0,0.579,0.443,0.619,13.6,220.0,recomputed
2026-08-06T05:30:00Z,2026-08-06T00:00:00Z,2026-08-06T06:00:00Z,6,spectrum,coronado_center,0.46,5m,5.0,0.46,0.464,0.619,13.6,232.0,recomputed
2026-08-06T05:30:00Z,2026-08-06T00:00:00Z,2026-08-06T06:00:00Z,6,spectrum,coronado_south,0.309,5m,5.0,0.309,0.478,0.619,12.7,221.0,recomputed
2026-08-06T05:30:00Z,2026-08-06T00:00:00Z,2026-08-06T09:00:00Z,9,spectrum,buoy,0.604,buoy,,,,0.604,12.7,209.0,recomputed
2026-08-06T05:30:00Z,2026-08-06T00:00:00Z,2026-08-06T09:00:00Z,9,spectrum,coronado_north,0.578,5m,5.0,0.578,0.441,0.604,13.6,220.0,recomputed
2026-08-06T05:30:00Z,2026-08-06T00:00:00Z,2026-08-06T09:00:00Z,9,spectrum,coronado_center,0.46,5m,5.0,0.46,0.461,0.604,13.6,232.0,recomputed
2026-08-06T05:30:00Z,2026-08-06T00:00:00Z,2026-08-06T09:00:00Z,9,spectrum,coronado_south,0.305,5m,5.0,0.305,0.473,0.604,12.7,220.0,recomputed
2026-08-06T05:30:00Z,2026-08-06T00:00:00Z,2026-08-06T12:00:00Z,12,spectrum,buoy,0.59,buoy,,,,0.59,12.7,210.0,recomputed
2026-08-06T05:30:00Z,2026-08-06T00:00:00Z,2026-08-06T12:00:00Z,12,spectrum,coronado_north,0.582,5m,5.0,0.582,0.44,0.59,13.6,220.0,recomputed
2026-08-06T05:30:00Z,2026-08-06T00:00:00Z,2026-08-06T12:00:00Z,12,spectrum,coronado_center,0.459,5m,5.0,0.459,0.458,0.59,13.6,232.0,recomputed
2026-08-06T05:30:00Z,2026-08-06T00:00:00Z,2026-08-06T12:00:00Z,12,spectrum,coronado_south,0.297,5m,5.0,0.297,0.468,0.59,11.9,220.0,recomputed
2026-08-06T05:30:00Z,2026-08-06T00:00:00Z,2026-08-06T15:00:00Z,15,spectrum,buoy,0.577,buoy,,,,0.577,11.9,205.0,recomputed
2026-08-06T05:30:00Z,2026-08-06T00:00:00Z,2026-08-06T15:00:00Z,15,spectrum,coronado_north,0.585,5m,5.0,0.585,0.439,0.577,13.6,220.0,recomputed
2026-08-06T05:30:00Z,2026-08-06T00:00:00Z,2026-08-06T15:00:00Z,15,spectrum,coronado_center,0.455,5m,5.0,0.455,0.457,0.577,13.6,231.0,recomputed
2026-08-06T05:30:00Z,2026-08-06T00:00:00Z,2026-08-06T15:00:00Z,15,spectrum,coronado_south,0.287,5m,5.0,0.287,0.465,0.577,11.9,219.0,recomputed
2026-08-06T05:30:00Z,2026-08-06T00:00:00Z,2026-08-06T18:00:00Z,18,spectrum,buoy,0.567,buoy,,,,0.567,11.9,205.0,recomputed
2026-08-06T05:30:00Z,2026-08-06T00:00:00Z,2026-08-06T18:00:00Z,18,spectrum,coronado_north,0.584,5m,5.0,0.584,0.438,0.567,13.6,220.0,recomputed
2026-08-06T05:30:00Z,2026-08-06T00:00:00Z,2026-08-06T18:00:00Z,18,spectrum,coronado_center,0.451,5m,5.0,0.451,0.455,0.567,13.6,231.0,recomputed
2026-08-06T05:30:00Z,2026-08-06T00:00:00Z,2026-08-06T18:00:00Z,18,spectrum,coronado_south,0.282,5m,5.0,0.282,0.461,0.567,11.9,219.0,recomputed
2026-08-06T05:30:00Z,2026-08-06T00:00:00Z,2026-08-06T21:00:00Z,21,spectrum,buoy,0.562,buoy,,,,0.562,11.9,205.0,recomputed
2026-08-06T05:30:00Z,2026-08-06T00:00:00Z,2026-08-06T21:00:00Z,21,spectrum,coronado_north,0.582,5m,5.0,0.582,0.437,0.562,13.6,219.0,recomputed
2026-08-06T05:30:00Z,2026-08-06T00:00:00Z,2026-08-06T21:00:00Z,21,spectrum,coronado_center,0.448,5m,5.0,0.448,0.453,0.562,13.6,231.0,recomputed
2026-08-06T05:30:00Z,2026-08-06T00:00:00Z,2026-08-06T21:00:00Z,21,spectrum,coronado_south,0.292,5m,5.0,0.292,0.459,0.562,11.9,219.0,recomputed
2026-08-06T05:30:00Z,2026-08-06T00:00:00Z,2026-08-07T00:00:00Z,24,spectrum,buoy,0.568,buoy,,,,0.568,11.9,205.0,recomputed
2026-08-06T05:30:00Z,2026-08-06T00:00:00Z,2026-08-07T00:00:00Z,24,spectrum,coronado_north,0.582,5m,5.0,0.582,0.44,0.568,13.6,219.0,recomputed
2026-08-06T05:30:00Z,2026-08-06T00:00:00Z,2026-08-07T00:00:00Z,24,spectrum,coronado_center,0.445,5m,5.0,0.445,0.456,0.568,13.6,231.0,recomputed
2026-08-06T05:30:00Z,2026-08-06T00:00:00Z,2026-08-07T00:00:00Z,24,spectrum,coronado_south,0.286,5m,5.0,0.286,0.462,0.568,11.9,220.0,recomputed
2026-08-06T05:30:00Z,2026-08-06T00:00:00Z,2026-08-07T03:00:00Z,27,spectrum,buoy,0.575,buoy,,,,0.575,11.9,206.0,recomputed
2026-08-06T05:30:00Z,2026-08-06T00:00:00Z,2026-08-07T03:00:00Z,27,spectrum,coronado_north,0.596,5m,5.0,0.596,0.449,0.575,13.6,219.0,recomputed
2026-08-06T05:30:00Z,2026-08-06T00:00:00Z,2026-08-07T03:00:00Z,27,spectrum,coronado_center,0.455,5m,5.0,0.455,0.465,0.575,13.6,231.0,recomputed
2026-08-06T05:30:00Z,2026-08-06T00:00:00Z,2026-08-07T03:00:00Z,27,spectrum,coronado_south,0.282,5m,5.0,0.282,0.471,0.575,11.9,220.0,recomputed
2026-08-06T05:30:00Z,2026-08-06T00:00:00Z,2026-08-07T06:00:00Z,30,spectrum,buoy,0.58,buoy,,,,0.58,11.9,207.0,recomputed
2026-08-06T05:30:00Z,2026-08-06T00:00:00Z,2026-08-07T06:00:00Z,30,spectrum,coronado_north,0.609,5m,5.0,0.609,0.457,0.58,13.6,219.0,recomputed
2026-08-06T05:30:00Z,2026-08-06T00:00:00Z,2026-08-07T06:00:00Z,30,spectrum,coronado_center,0.464,5m,5.0,0.464,0.473,0.58,13.6,231.0,recomputed
2026-08-06T05:30:00Z,2026-08-06T00:00:00Z,2026-08-07T06:00:00Z,30,spectrum,coronado_south,0.288,5m,5.0,0.288,0.478,0.58,11.9,221.0,recomputed
2026-08-06T05:30:00Z,2026-08-06T00:00:00Z,2026-08-07T09:00:00Z,33,spectrum,buoy,0.583,buoy,,,,0.583,11.9,210.0,recomputed
2026-08-06T05:30:00Z,2026-08-06T00:00:00Z,2026-08-07T09:00:00Z,33,spectrum,coronado_north,0.618,5m,5.0,0.618,0.463,0.583,13.6,219.0,recomputed
2026-08-06T05:30:00Z,2026-08-06T00:00:00Z,2026-08-07T09:00:00Z,33,spectrum,coronado_center,0.467,5m,5.0,0.467,0.479,0.583,13.6,231.0,recomputed
2026-08-06T05:30:00Z,2026-08-06T00:00:00Z,2026-08-07T09:00:00Z,33,spectrum,coronado_south,0.286,5m,5.0,0.286,0.483,0.583,11.9,222.0,recomputed
2026-08-06T05:30:00Z,2026-08-06T00:00:00Z,2026-08-07T12:00:00Z,36,spectrum,buoy,0.582,buoy,,,,0.582,13.6,215.0,recomputed
2026-08-06T05:30:00Z,2026-08-06T00:00:00Z,2026-08-07T12:00:00Z,36,spectrum,coronado_north,0.617,5m,5.0,0.617,0.465,0.582,13.6,219.0,recomputed
2026-08-06T05:30:00Z,2026-08-06T00:00:00Z,2026-08-07T12:00:00Z,36,spectrum,coronado_center,0.462,5m,5.0,0.462,0.481,0.582,12.7,231.0,recomputed
2026-08-06T05:30:00Z,2026-08-06T00:00:00Z,2026-08-07T12:00:00Z,36,spectrum,coronado_south,0.286,5m,5.0,0.286,0.484,0.582,11.9,222.0,recomputed
2026-08-06T05:30:00Z,2026-08-06T00:00:00Z,2026-08-07T15:00:00Z,39,spectrum,buoy,0.581,buoy,,,,0.581,13.6,212.0,recomputed
2026-08-06T05:30:00Z,2026-08-06T00:00:00Z,2026-08-07T15:00:00Z,39,spectrum,coronado_north,0.617,5m,5.0,0.617,0.468,0.581,13.6,219.0,recomputed
2026-08-06T05:30:00Z,2026-08-06T00:00:00Z,2026-08-07T15:00:00Z,39,spectrum,coronado_center,0.458,5m,5.0,0.458,0.483,0.581,12.7,231.0,recomputed
2026-08-06T05:30:00Z,2026-08-06T00:00:00Z,2026-08-07T15:00:00Z,39,spectrum,coronado_south,0.279,5m,5.0,0.279,0.485,0.581,11.9,222.0,recomputed
2026-08-06T05:30:00Z,2026-08-06T00:00:00Z,2026-08-07T18:00:00Z,42,spectrum,buoy,0.584,buoy,,,,0.584,13.6,209.0,recomputed
2026-08-06T05:30:00Z,2026-08-06T00:00:00Z,2026-08-07T18:00:00Z,42,spectrum,coronado_north,0.632,5m,5.0,0.632,0.478,0.584,13.6,219.0,recomputed
2026-08-06T05:30:00Z,2026-08-06T00:00:00Z,2026-08-07T18:00:00Z,42,spectrum,coronado_center,0.469,5m,5.0,0.469,0.491,0.584,12.7,230.0,recomputed
2026-08-06T05:30:00Z,2026-08-06T00:00:00Z,2026-08-07T18:00:00Z,42,spectrum,coronado_south,0.296,5m,5.0,0.296,0.492,0.584,12.7,222.0,recomputed
2026-08-06T05:30:00Z,2026-08-06T00:00:00Z,2026-08-07T21:00:00Z,45,spectrum,buoy,0.604,buoy,,,,0.604,13.6,206.0,recomputed
2026-08-06T05:30:00Z,2026-08-06T00:00:00Z,2026-08-07T21:00:00Z,45,spectrum,coronado_north,0.648,5m,5.0,0.648,0.493,0.604,13.6,218.0,recomputed
2026-08-06T05:30:00Z,2026-08-06T00:00:00Z,2026-08-07T21:00:00Z,45,spectrum,coronado_center,0.479,5m,5.0,0.479,0.507,0.604,12.7,230.0,recomputed
2026-08-06T05:30:00Z,2026-08-06T00:00:00Z,2026-08-07T21:00:00Z,45,spectrum,coronado_south,0.305,5m,5.0,0.305,0.507,0.604,12.7,222.0,recomputed
2026-08-06T05:30:00Z,2026-08-06T00:00:00Z,2026-08-08T00:00:00Z,48,spectrum,buoy,0.632,buoy,,,,0.632,19.0,196.0,recomputed
2026-08-06T05:30:00Z,2026-08-06T00:00:00Z,2026-08-08T00:00:00Z,48,spectrum,coronado_north,0.662,5m,5.0,0.662,0.507,0.632,12.7,218.0,recomputed
2026-08-06T05:30:00Z,2026-08-06T00:00:00Z,2026-08-08T00:00:00Z,48,spectrum,coronado_center,0.485,5m,5.0,0.485,0.522,0.632,12.7,230.0,recomputed
2026-08-06T05:30:00Z,2026-08-06T00:00:00Z,2026-08-08T00:00:00Z,48,spectrum,coronado_south,0.314,5m,5.0,0.314,0.524,0.632,12.7,221.0,recomputed
2026-08-06T05:30:00Z,2026-08-06T00:00:00Z,2026-08-08T03:00:00Z,51,spectrum,buoy,0.672,buoy,,,,0.672,12.7,212.0,recomputed
2026-08-06T05:30:00Z,2026-08-06T00:00:00Z,2026-08-08T03:00:00Z,51,spectrum,coronado_north,0.668,5m,5.0,0.668,0.517,0.672,12.7,218.0,recomputed
2026-08-06T05:30:00Z,2026-08-06T00:00:00Z,2026-08-08T03:00:00Z,51,spectrum,coronado_center,0.48,5m,5.0,0.48,0.534,0.672,11.9,230.0,recomputed
2026-08-06T05:30:00Z,2026-08-06T00:00:00Z,2026-08-08T03:00:00Z,51,spectrum,coronado_south,0.313,5m,5.0,0.313,0.539,0.672,12.7,221.0,recomputed
2026-08-06T05:30:00Z,2026-08-06T00:00:00Z,2026-08-08T06:00:00Z,54,spectrum,buoy,0.691,buoy,,,,0.691,17.8,198.0,recomputed
2026-08-06T05:30:00Z,2026-08-06T00:00:00Z,2026-08-08T06:00:00Z,54,spectrum,coronado_north,0.679,5m,5.0,0.679,0.53,0.691,12.7,218.0,recomputed
2026-08-06T05:30:00Z,2026-08-06T00:00:00Z,2026-08-08T06:00:00Z,54,spectrum,coronado_center,0.479,5m,5.0,0.479,0.547,0.691,11.9,230.0,recomputed
2026-08-06T05:30:00Z,2026-08-06T00:00:00Z,2026-08-08T06:00:00Z,54,spectrum,coronado_south,0.337,5m,5.0,0.337,0.553,0.691,12.7,221.0,recomputed
2026-08-06T05:30:00Z,2026-08-06T00:00:00Z,2026-08-08T09:00:00Z,57,spectrum,buoy,0.706,buoy,,,,0.706,17.8,196.0,recomputed
2026-08-06T05:30:00Z,2026-08-06T00:00:00Z,2026-08-08T09:00:00Z,57,spectrum,coronado_north,0.702,5m,5.0,0.702,0.547,0.706,17.8,208.0,recomputed
2026-08-06T05:30:00Z,2026-08-06T00:00:00Z,2026-08-08T09:00:00Z,57,spectrum,coronado_center,0.48,5m,5.0,0.48,0.564,0.706,11.9,230.0,recomputed
2026-08-06T05:30:00Z,2026-08-06T00:00:00Z,2026-08-08T09:00:00Z,57,spectrum,coronado_south,0.35,5m,5.0,0.35,0.569,0.706,11.9,220.0,recomputed
2026-08-06T05:30:00Z,2026-08-06T00:00:00Z,2026-08-08T12:00:00Z,60,spectrum,buoy,0.723,buoy,,,,0.723,17.8,195.0,recomputed
2026-08-06T05:30:00Z,2026-08-06T00:00:00Z,2026-08-08T12:00:00Z,60,spectrum,coronado_north,0.724,5m,5.0,0.724,0.562,0.723,17.8,207.0,recomputed
2026-08-06T05:30:00Z,2026-08-06T00:00:00Z,2026-08-08T12:00:00Z,60,spectrum,coronado_center,0.483,5m,5.0,0.483,0.578,0.723,11.9,230.0,recomputed
2026-08-06T05:30:00Z,2026-08-06T00:00:00Z,2026-08-08T12:00:00Z,60,spectrum,coronado_south,0.347,5m,5.0,0.347,0.581,0.723,11.9,218.0,recomputed
2026-08-06T05:30:00Z,2026-08-06T00:00:00Z,2026-08-08T15:00:00Z,63,spectrum,buoy,0.717,buoy,,,,0.717,17.8,194.0,recomputed
2026-08-06T05:30:00Z,2026-08-06T00:00:00Z,2026-08-08T15:00:00Z,63,spectrum,coronado_north,0.736,5m,5.0,0.736,0.567,0.717,16.6,207.0,recomputed
2026-08-06T05:30:00Z,2026-08-06T00:00:00Z,2026-08-08T15:00:00Z,63,spectrum,coronado_center,0.485,5m,5.0,0.485,0.583,0.717,16.6,220.0,recomputed
2026-08-06T05:30:00Z,2026-08-06T00:00:00Z,2026-08-08T15:00:00Z,63,spectrum,coronado_south,0.349,5m,5.0,0.349,0.585,0.717,11.9,217.0,recomputed
2026-08-06T05:30:00Z,2026-08-06T00:00:00Z,2026-08-08T18:00:00Z,66,spectrum,buoy,0.721,buoy,,,,0.721,16.6,197.0,recomputed
2026-08-06T05:30:00Z,2026-08-06T00:00:00Z,2026-08-08T18:00:00Z,66,spectrum,coronado_north,0.751,5m,5.0,0.751,0.575,0.721,16.6,207.0,recomputed
2026-08-06T05:30:00Z,2026-08-06T00:00:00Z,2026-08-08T18:00:00Z,66,spectrum,coronado_center,0.49,5m,5.0,0.49,0.59,0.721,16.6,220.0,recomputed
2026-08-06T05:30:00Z,2026-08-06T00:00:00Z,2026-08-08T18:00:00Z,66,spectrum,coronado_south,0.367,5m,5.0,0.367,0.591,0.721,11.9,217.0,recomputed
2026-08-06T05:30:00Z,2026-08-06T00:00:00Z,2026-08-08T21:00:00Z,69,spectrum,buoy,0.767,buoy,,,,0.767,16.6,196.0,recomputed
2026-08-06T05:30:00Z,2026-08-06T00:00:00Z,2026-08-08T21:00:00Z,69,spectrum,coronado_north,0.767,5m,5.0,0.767,0.587,0.767,16.6,206.0,recomputed
2026-08-06T05:30:00Z,2026-08-06T00:00:00Z,2026-08-08T21:00:00Z,69,spectrum,coronado_center,0.493,5m,5.0,0.493,0.603,0.767,16.6,220.0,recomputed
2026-08-06T05:30:00Z,2026-08-06T00:00:00Z,2026-08-08T21:00:00Z,69,spectrum,coronado_south,0.384,5m,5.0,0.384,0.605,0.767,11.9,218.0,recomputed
2026-08-06T05:30:00Z,2026-08-06T00:00:00Z,2026-08-09T00:00:00Z,72,spectrum,buoy,0.824,buoy,,,,0.824,16.6,196.0,recomputed
2026-08-06T05:30:00Z,2026-08-06T00:00:00Z,2026-08-09T00:00:00Z,72,spectrum,coronado_north,0.778,5m,5.0,0.778,0.597,0.824,16.6,206.0,recomputed
2026-08-06T05:30:00Z,2026-08-06T00:00:00Z,2026-08-09T00:00:00Z,72,spectrum,coronado_center,0.491,5m,5.0,0.491,0.618,0.824,16.6,220.0,recomputed
2026-08-06T05:30:00Z,2026-08-06T00:00:00Z,2026-08-09T00:00:00Z,72,spectrum,coronado_south,0.407,5m,5.0,0.407,0.628,0.824,11.9,218.0,recomputed
2026-08-06T05:30:00Z,2026-08-06T00:00:00Z,2026-08-09T03:00:00Z,75,spectrum,buoy,0.865,buoy,,,,0.865,16.6,195.0,recomputed
2026-08-06T05:30:00Z,2026-08-06T00:00:00Z,2026-08-09T03:00:00Z,75,spectrum,coronado_north,0.782,5m,5.0,0.782,0.605,0.865,16.6,206.0,recomputed
2026-08-06T05:30:00Z,2026-08-06T00:00:00Z,2026-08-09T03:00:00Z,75,spectrum,coronado_center,0.496,5m,5.0,0.496,0.63,0.865,16.6,220.0,recomputed
2026-08-06T05:30:00Z,2026-08-06T00:00:00Z,2026-08-09T03:00:00Z,75,spectrum,coronado_south,0.404,5m,5.0,0.404,0.647,0.865,4.0,250.0,recomputed
2026-08-06T05:30:00Z,2026-08-06T00:00:00Z,2026-08-09T06:00:00Z,78,spectrum,buoy,0.881,buoy,,,,0.881,15.6,198.0,recomputed
2026-08-06T05:30:00Z,2026-08-06T00:00:00Z,2026-08-09T06:00:00Z,78,spectrum,coronado_north,0.779,5m,5.0,0.779,0.608,0.881,15.6,207.0,recomputed
2026-08-06T05:30:00Z,2026-08-06T00:00:00Z,2026-08-09T06:00:00Z,78,spectrum,coronado_center,0.49,5m,5.0,0.49,0.631,0.881,15.6,221.0,recomputed
2026-08-06T05:30:00Z,2026-08-06T00:00:00Z,2026-08-09T06:00:00Z,78,spectrum,coronado_south,0.414,5m,5.0,0.414,0.65,0.881,4.3,251.0,recomputed
2026-08-06T05:30:00Z,2026-08-06T00:00:00Z,2026-08-09T09:00:00Z,81,spectrum,buoy,0.859,buoy,,,,0.859,15.6,196.0,recomputed
2026-08-06T05:30:00Z,2026-08-06T00:00:00Z,2026-08-09T09:00:00Z,81,spectrum,coronado_north,0.772,5m,5.0,0.772,0.608,0.859,15.6,207.0,recomputed
2026-08-06T05:30:00Z,2026-08-06T00:00:00Z,2026-08-09T09:00:00Z,81,spectrum,coronado_center,0.482,5m,5.0,0.482,0.629,0.859,15.6,221.0,recomputed
2026-08-06T05:30:00Z,2026-08-06T00:00:00Z,2026-08-09T09:00:00Z,81,spectrum,coronado_south,0.401,5m,5.0,0.401,0.641,0.859,11.9,217.0,recomputed
2026-08-06T05:30:00Z,2026-08-06T00:00:00Z,2026-08-09T12:00:00Z,84,spectrum,buoy,0.824,buoy,,,,0.824,15.6,196.0,recomputed
2026-08-06T05:30:00Z,2026-08-06T00:00:00Z,2026-08-09T12:00:00Z,84,spectrum,coronado_north,0.767,5m,5.0,0.767,0.61,0.824,15.6,208.0,recomputed
2026-08-06T05:30:00Z,2026-08-06T00:00:00Z,2026-08-09T12:00:00Z,84,spectrum,coronado_center,0.467,5m,5.0,0.467,0.628,0.824,15.6,221.0,recomputed
2026-08-06T05:30:00Z,2026-08-06T00:00:00Z,2026-08-09T12:00:00Z,84,spectrum,coronado_south,0.366,5m,5.0,0.366,0.633,0.824,11.9,216.0,recomputed
2026-08-06T05:30:00Z,2026-08-06T00:00:00Z,2026-08-09T15:00:00Z,87,spectrum,buoy,0.792,buoy,,,,0.792,15.6,195.0,recomputed
2026-08-06T05:30:00Z,2026-08-06T00:00:00Z,2026-08-09T15:00:00Z,87,spectrum,coronado_north,0.766,5m,5.0,0.766,0.614,0.792,15.6,209.0,recomputed
2026-08-06T05:30:00Z,2026-08-06T00:00:00Z,2026-08-09T15:00:00Z,87,spectrum,coronado_center,0.464,5m,5.0,0.464,0.63,0.792,14.5,222.0,recomputed
2026-08-06T05:30:00Z,2026-08-06T00:00:00Z,2026-08-09T15:00:00Z,87,spectrum,coronado_south,0.361,5m,5.0,0.361,0.632,0.792,11.9,217.0,recomputed
2026-08-06T05:30:00Z,2026-08-06T00:00:00Z,2026-08-09T18:00:00Z,90,spectrum,buoy,0.77,buoy,,,,0.77,15.6,195.0,recomputed
2026-08-06T05:30:00Z,2026-08-06T00:00:00Z,2026-08-09T18:00:00Z,90,spectrum,coronado_north,0.76,5m,5.0,0.76,0.615,0.77,15.6,209.0,recomputed
2026-08-06T05:30:00Z,2026-08-06T00:00:00Z,2026-08-09T18:00:00Z,90,spectrum,coronado_center,0.461,5m,5.0,0.461,0.63,0.77,14.5,222.0,recomputed
2026-08-06T05:30:00Z,2026-08-06T00:00:00Z,2026-08-09T18:00:00Z,90,spectrum,coronado_south,0.356,5m,5.0,0.356,0.63,0.77,11.9,218.0,recomputed
2026-08-06T05:30:00Z,2026-08-06T00:00:00Z,2026-08-09T21:00:00Z,93,spectrum,buoy,0.757,buoy,,,,0.757,14.5,197.0,recomputed
2026-08-06T05:30:00Z,2026-08-06T00:00:00Z,2026-08-09T21:00:00Z,93,spectrum,coronado_north,0.749,5m,5.0,0.749,0.611,0.757,14.5,210.0,recomputed
2026-08-06T05:30:00Z,2026-08-06T00:00:00Z,2026-08-09T21:00:00Z,93,spectrum,coronado_center,0.463,5m,5.0,0.463,0.626,0.757,14.5,222.0,recomputed
2026-08-06T05:30:00Z,2026-08-06T00:00:00Z,2026-08-09T21:00:00Z,93,spectrum,coronado_south,0.366,5m,5.0,0.366,0.625,0.757,11.9,218.0,recomputed
2026-08-06T05:30:00Z,2026-08-06T00:00:00Z,2026-08-10T00:00:00Z,96,spectrum,buoy,0.747,buoy,,,,0.747,14.5,197.0,recomputed
2026-08-06T05:30:00Z,2026-08-06T00:00:00Z,2026-08-10T00:00:00Z,96,spectrum,coronado_north,0.735,5m,5.0,0.735,0.606,0.747,14.5,210.0,recomputed
2026-08-06T05:30:00Z,2026-08-06T00:00:00Z,2026-08-10T00:00:00Z,96,spectrum,coronado_center,0.449,5m,5.0,0.449,0.621,0.747,14.5,222.0,recomputed
2026-08-06T05:30:00Z,2026-08-06T00:00:00Z,2026-08-10T00:00:00Z,96,spectrum,coronado_south,0.344,5m,5.0,0.344,0.62,0.747,11.9,216.0,recomputed
2026-08-06T05:30:00Z,2026-08-06T00:00:00Z,2026-08-10T03:00:00Z,99,spectrum,buoy,0.737,buoy,,,,0.737,14.5,196.0,recomputed
2026-08-06T05:30:00Z,2026-08-06T00:00:00Z,2026-08-10T03:00:00Z,99,spectrum,coronado_north,0.722,5m,5.0,0.722,0.601,0.737,14.5,210.0,recomputed
2026-08-06T05:30:00Z,2026-08-06T00:00:00Z,2026-08-10T03:00:00Z,99,spectrum,coronado_center,0.444,5m,5.0,0.444,0.616,0.737,14.5,222.0,recomputed
2026-08-06T05:30:00Z,2026-08-06T00:00:00Z,2026-08-10T03:00:00Z,99,spectrum,coronado_south,0.344,5m,5.0,0.344,0.615,0.737,11.9,216.0,recomputed
2026-08-06T05:30:00Z,2026-08-06T00:00:00Z,2026-08-10T06:00:00Z,102,spectrum,buoy,0.725,buoy,,,,0.725,14.5,196.0,recomputed
2026-08-06T05:30:00Z,2026-08-06T00:00:00Z,2026-08-10T06:00:00Z,102,spectrum,coronado_north,0.715,5m,5.0,0.715,0.594,0.725,14.5,211.0,recomputed
2026-08-06T05:30:00Z,2026-08-06T00:00:00Z,2026-08-10T06:00:00Z,102,spectrum,coronado_center,0.44,5m,5.0,0.44,0.609,0.725,14.5,222.0,recomputed
2026-08-06T05:30:00Z,2026-08-06T00:00:00Z,2026-08-10T06:00:00Z,102,spectrum,coronado_south,0.341,5m,5.0,0.341,0.607,0.725,11.9,217.0,recomputed
2026-08-06T05:30:00Z,2026-08-06T00:00:00Z,2026-08-10T09:00:00Z,105,spectrum,buoy,0.715,buoy,,,,0.715,14.5,195.0,recomputed
2026-08-06T05:30:00Z,2026-08-06T00:00:00Z,2026-08-10T09:00:00Z,105,spectrum,coronado_north,0.718,5m,5.0,0.718,0.59,0.715,14.5,211.0,recomputed
2026-08-06T05:30:00Z,2026-08-06T00:00:00Z,2026-08-10T09:00:00Z,105,spectrum,coronado_center,0.45,5m,5.0,0.45,0.604,0.715,13.6,223.0,recomputed
2026-08-06T05:30:00Z,2026-08-06T00:00:00Z,2026-08-10T09:00:00Z,105,spectrum,coronado_south,0.348,5m,5.0,0.348,0.601,0.715,14.5,211.0,recomputed
2026-08-06T05:30:00Z,2026-08-06T00:00:00Z,2026-08-10T12:00:00Z,108,spectrum,buoy,0.705,buoy,,,,0.705,14.5,194.0,recomputed
2026-08-06T05:30:00Z,2026-08-06T00:00:00Z,2026-08-10T12:00:00Z,108,spectrum,coronado_north,0.717,5m,5.0,0.717,0.584,0.705,13.6,212.0,recomputed
2026-08-06T05:30:00Z,2026-08-06T00:00:00Z,2026-08-10T12:00:00Z,108,spectrum,coronado_center,0.45,5m,5.0,0.45,0.597,0.705,13.6,223.0,recomputed
2026-08-06T05:30:00Z,2026-08-06T00:00:00Z,2026-08-10T12:00:00Z,108,spectrum,coronado_south,0.329,5m,5.0,0.329,0.594,0.705,14.5,212.0,recomputed
2026-08-06T05:30:00Z,2026-08-06T00:00:00Z,2026-08-10T15:00:00Z,111,spectrum,buoy,0.691,buoy,,,,0.691,13.6,198.0,recomputed
2026-08-06T05:30:00Z,2026-08-06T00:00:00Z,2026-08-10T15:00:00Z,111,spectrum,coronado_north,0.71,5m,5.0,0.71,0.574,0.691,13.6,212.0,recomputed
2026-08-06T05:30:00Z,2026-08-06T00:00:00Z,2026-08-10T15:00:00Z,111,spectrum,coronado_center,0.449,5m,5.0,0.449,0.587,0.691,13.6,224.0,recomputed
2026-08-06T05:30:00Z,2026-08-06T00:00:00Z,2026-08-10T15:00:00Z,111,spectrum,coronado_south,0.322,5m,5.0,0.322,0.583,0.691,14.5,212.0,recomputed
2026-08-06T05:30:00Z,2026-08-06T00:00:00Z,2026-08-10T18:00:00Z,114,spectrum,buoy,0.677,buoy,,,,0.677,13.6,198.0,recomputed
2026-08-06T05:30:00Z,2026-08-06T00:00:00Z,2026-08-10T18:00:00Z,114,spectrum,coronado_north,0.694,5m,5.0,0.694,0.562,0.677,13.6,212.0,recomputed
2026-08-06T05:30:00Z,2026-08-06T00:00:00Z,2026-08-10T18:00:00Z,114,spectrum,coronado_center,0.439,5m,5.0,0.439,0.575,0.677,13.6,224.0,recomputed
2026-08-06T05:30:00Z,2026-08-06T00:00:00Z,2026-08-10T18:00:00Z,114,spectrum,coronado_south,0.315,5m,5.0,0.315,0.571,0.677,13.6,212.0,recomputed
2026-08-06T05:30:00Z,2026-08-06T00:00:00Z,2026-08-10T21:00:00Z,117,spectrum,buoy,0.67,buoy,,,,0.67,13.6,197.0,recomputed
2026-08-06T05:30:00Z,2026-08-06T00:00:00Z,2026-08-10T21:00:00Z,117,spectrum,coronado_north,0.681,5m,5.0,0.681,0.556,0.67,13.6,213.0,recomputed
2026-08-06T05:30:00Z,2026-08-06T00:00:00Z,2026-08-10T21:00:00Z,117,spectrum,coronado_center,0.433,5m,5.0,0.433,0.569,0.67,13.6,225.0,recomputed
2026-08-06T05:30:00Z,2026-08-06T00:00:00Z,2026-08-10T21:00:00Z,117,spectrum,coronado_south,0.315,5m,5.0,0.315,0.565,0.67,12.7,212.0,recomputed
2026-08-06T05:30:00Z,2026-08-06T00:00:00Z,2026-08-11T00:00:00Z,120,spectrum,buoy,0.669,buoy,,,,0.669,13.6,196.0,recomputed
2026-08-06T05:30:00Z,2026-08-06T00:00:00Z,2026-08-11T00:00:00Z,120,spectrum,coronado_north,0.691,5m,5.0,0.691,0.552,0.669,13.6,213.0,recomputed
2026-08-06T05:30:00Z,2026-08-06T00:00:00Z,2026-08-11T00:00:00Z,120,spectrum,coronado_center,0.451,5m,5.0,0.451,0.564,0.669,13.6,225.0,recomputed
2026-08-06T05:30:00Z,2026-08-06T00:00:00Z,2026-08-11T00:00:00Z,120,spectrum,coronado_south,0.321,5m,5.0,0.321,0.561,0.669,12.7,213.0,recomputed
2026-08-06T05:30:00Z,2026-08-06T00:00:00Z,2026-08-11T03:00:00Z,123,spectrum,buoy,0.672,buoy,,,,0.672,13.6,195.0,recomputed
2026-08-06T05:30:00Z,2026-08-06T00:00:00Z,2026-08-11T03:00:00Z,123,spectrum,coronado_north,0.709,5m,5.0,0.709,0.554,0.672,13.6,214.0,recomputed
2026-08-06T05:30:00Z,2026-08-06T00:00:00Z,2026-08-11T03:00:00Z,123,spectrum,coronado_center,0.467,5m,5.0,0.467,0.566,0.672,15.6,226.0,recomputed
2026-08-06T05:30:00Z,2026-08-06T00:00:00Z,2026-08-11T03:00:00Z,123,spectrum,coronado_south,0.322,5m,5.0,0.322,0.562,0.672,12.7,214.0,recomputed
2026-08-06T05:30:00Z,2026-08-06T00:00:00Z,2026-08-11T06:00:00Z,126,spectrum,buoy,0.672,buoy,,,,0.672,13.6,195.0,recomputed
2026-08-06T05:30:00Z,2026-08-06T00:00:00Z,2026-08-11T06:00:00Z,126,spectrum,coronado_north,0.725,5m,5.0,0.725,0.554,0.672,13.6,213.0,recomputed
2026-08-06T05:30:00Z,2026-08-06T00:00:00Z,2026-08-11T06:00:00Z,126,spectrum,coronado_center,0.488,5m,5.0,0.488,0.567,0.672,15.6,227.0,recomputed
2026-08-06T05:30:00Z,2026-08-06T00:00:00Z,2026-08-11T06:00:00Z,126,spectrum,coronado_south,0.322,5m,5.0,0.322,0.563,0.672,12.7,214.0,recomputed
2026-08-06T05:30:00Z,2026-08-06T00:00:00Z,2026-08-11T09:00:00Z,129,spectrum,buoy,0.664,buoy,,,,0.664,12.7,197.0,recomputed
2026-08-06T05:30:00Z,2026-08-06T00:00:00Z,2026-08-11T09:00:00Z,129,spectrum,coronado_north,0.715,5m,5.0,0.715,0.547,0.664,12.7,213.0,recomputed
2026-08-06T05:30:00Z,2026-08-06T00:00:00Z,2026-08-11T09:00:00Z,129,spectrum,coronado_center,0.487,5m,5.0,0.487,0.559,0.664,15.6,227.0,recomputed
2026-08-06T05:30:00Z,2026-08-06T00:00:00Z,2026-08-11T09:00:00Z,129,spectrum,coronado_south,0.326,5m,5.0,0.326,0.555,0.664,12.7,214.0,recomputed
2026-08-06T05:30:00Z,2026-08-06T00:00:00Z,2026-08-11T12:00:00Z,132,spectrum,buoy,0.651,buoy,,,,0.651,12.7,196.0,recomputed
2026-08-06T05:30:00Z,2026-08-06T00:00:00Z,2026-08-11T12:00:00Z,132,spectrum,coronado_north,0.695,5m,5.0,0.695,0.535,0.651,12.7,215.0,recomputed
2026-08-06T05:30:00Z,2026-08-06T00:00:00Z,2026-08-11T12:00:00Z,132,spectrum,coronado_center,0.476,5m,5.0,0.476,0.546,0.651,15.6,228.0,recomputed
2026-08-06T05:30:00Z,2026-08-06T00:00:00Z,2026-08-11T12:00:00Z,132,spectrum,coronado_south,0.316,5m,5.0,0.316,0.543,0.651,12.7,215.0,recomputed
2026-08-06T05:30:00Z,2026-08-06T00:00:00Z,2026-08-11T15:00:00Z,135,spectrum,buoy,0.642,buoy,,,,0.642,12.7,196.0,recomputed
2026-08-06T05:30:00Z,2026-08-06T00:00:00Z,2026-08-11T15:00:00Z,135,spectrum,coronado_north,0.684,5m,5.0,0.684,0.527,0.642,12.7,215.0,recomputed
2026-08-06T05:30:00Z,2026-08-06T00:00:00Z,2026-08-11T15:00:00Z,135,spectrum,coronado_center,0.474,5m,5.0,0.474,0.538,0.642,14.5,228.0,recomputed
2026-08-06T05:30:00Z,2026-08-06T00:00:00Z,2026-08-11T15:00:00Z,135,spectrum,coronado_south,0.313,5m,5.0,0.313,0.534,0.642,12.7,217.0,recomputed
2026-08-06T05:30:00Z,2026-08-06T00:00:00Z,2026-08-11T18:00:00Z,138,spectrum,buoy,0.642,buoy,,,,0.642,12.7,196.0,recomputed
2026-08-06T05:30:00Z,2026-08-06T00:00:00Z,2026-08-11T18:00:00Z,138,spectrum,coronado_north,0.687,5m,5.0,0.687,0.528,0.642,12.7,212.0,recomputed
2026-08-06T05:30:00Z,2026-08-06T00:00:00Z,2026-08-11T18:00:00Z,138,spectrum,coronado_center,0.486,5m,5.0,0.486,0.54,0.642,14.5,228.0,recomputed
2026-08-06T05:30:00Z,2026-08-06T00:00:00Z,2026-08-11T18:00:00Z,138,spectrum,coronado_south,0.313,5m,5.0,0.313,0.536,0.642,11.9,217.0,recomputed
2026-08-06T05:30:00Z,2026-08-06T00:00:00Z,2026-08-11T21:00:00Z,141,spectrum,buoy,0.663,buoy,,,,0.663,12.7,196.0,recomputed
2026-08-06T05:30:00Z,2026-08-06T00:00:00Z,2026-08-11T21:00:00Z,141,spectrum,coronado_north,0.714,5m,5.0,0.714,0.55,0.663,12.7,213.0,recomputed
2026-08-06T05:30:00Z,2026-08-06T00:00:00Z,2026-08-11T21:00:00Z,141,spectrum,coronado_center,0.521,5m,5.0,0.521,0.562,0.663,14.5,229.0,recomputed
2026-08-06T05:30:00Z,2026-08-06T00:00:00Z,2026-08-11T21:00:00Z,141,spectrum,coronado_south,0.335,5m,5.0,0.335,0.56,0.663,11.9,213.0,recomputed
2026-08-06T05:30:00Z,2026-08-06T00:00:00Z,2026-08-12T00:00:00Z,144,spectrum,buoy,0.672,buoy,,,,0.672,12.7,196.0,recomputed
2026-08-06T05:30:00Z,2026-08-06T00:00:00Z,2026-08-12T00:00:00Z,144,spectrum,coronado_north,0.737,5m,5.0,0.737,0.558,0.672,14.5,217.0,recomputed
2026-08-06T05:30:00Z,2026-08-06T00:00:00Z,2026-08-12T00:00:00Z,144,spectrum,coronado_center,0.55,5m,5.0,0.55,0.571,0.672,14.5,229.0,recomputed
2026-08-06T05:30:00Z,2026-08-06T00:00:00Z,2026-08-12T00:00:00Z,144,spectrum,coronado_south,0.35,5m,5.0,0.35,0.568,0.672,11.9,213.0,recomputed
2026-08-06T05:30:00Z,2026-08-06T00:00:00Z,2026-08-12T03:00:00Z,147,spectrum,buoy,0.682,buoy,,,,0.682,17.8,212.0,recomputed
2026-08-06T05:30:00Z,2026-08-06T00:00:00Z,2026-08-12T03:00:00Z,147,spectrum,coronado_north,0.746,5m,5.0,0.746,0.561,0.682,14.5,217.0,recomputed
2026-08-06T05:30:00Z,2026-08-06T00:00:00Z,2026-08-12T03:00:00Z,147,spectrum,coronado_center,0.558,5m,5.0,0.558,0.574,0.682,17.8,226.0,recomputed
2026-08-06T05:30:00Z,2026-08-06T00:00:00Z,2026-08-12T03:00:00Z,147,spectrum,coronado_south,0.338,5m,5.0,0.338,0.572,0.682,11.9,215.0,recomputed
2026-08-06T05:30:00Z,2026-08-06T00:00:00Z,2026-08-12T06:00:00Z,150,spectrum,buoy,0.685,buoy,,,,0.685,17.8,210.0,recomputed
2026-08-06T05:30:00Z,2026-08-06T00:00:00Z,2026-08-12T06:00:00Z,150,spectrum,coronado_north,0.737,5m,5.0,0.737,0.557,0.685,17.8,219.0,recomputed
2026-08-06T05:30:00Z,2026-08-06T00:00:00Z,2026-08-12T06:00:00Z,150,spectrum,coronado_center,0.555,5m,5.0,0.555,0.571,0.685,17.8,226.0,recomputed
2026-08-06T05:30:00Z,2026-08-06T00:00:00Z,2026-08-12T06:00:00Z,150,spectrum,coronado_south,0.346,5m,5.0,0.346,0.569,0.685,11.9,215.0,recomputed
2026-08-06T05:30:00Z,2026-08-06T00:00:00Z,2026-08-12T09:00:00Z,153,spectrum,buoy,0.68,buoy,,,,0.68,17.8,208.0,recomputed
2026-08-06T05:30:00Z,2026-08-06T00:00:00Z,2026-08-12T09:00:00Z,153,spectrum,coronado_north,0.717,5m,5.0,0.717,0.548,0.68,13.6,217.0,recomputed
2026-08-06T05:30:00Z,2026-08-06T00:00:00Z,2026-08-12T09:00:00Z,153,spectrum,coronado_center,0.538,5m,5.0,0.538,0.562,0.68,17.8,225.0,recomputed
2026-08-06T05:30:00Z,2026-08-06T00:00:00Z,2026-08-12T09:00:00Z,153,spectrum,coronado_south,0.339,5m,5.0,0.339,0.561,0.68,11.9,214.0,recomputed
2026-08-06T05:30:00Z,2026-08-06T00:00:00Z,2026-08-12T12:00:00Z,156,spectrum,buoy,0.677,buoy,,,,0.677,17.8,206.0,recomputed
2026-08-06T05:30:00Z,2026-08-06T00:00:00Z,2026-08-12T12:00:00Z,156,spectrum,coronado_north,0.717,5m,5.0,0.717,0.548,0.677,13.6,217.0,recomputed
2026-08-06T05:30:00Z,2026-08-06T00:00:00Z,2026-08-12T12:00:00Z,156,spectrum,coronado_center,0.545,5m,5.0,0.545,0.561,0.677,17.8,225.0,recomputed
2026-08-06T05:30:00Z,2026-08-06T00:00:00Z,2026-08-12T12:00:00Z,156,spectrum,coronado_south,0.338,5m,5.0,0.338,0.561,0.677,11.9,214.0,recomputed
2026-08-06T05:30:00Z,2026-08-06T00:00:00Z,2026-08-12T15:00:00Z,159,spectrum,buoy,0.685,buoy,,,,0.685,16.6,213.0,recomputed
2026-08-06T05:30:00Z,2026-08-06T00:00:00Z,2026-08-12T15:00:00Z,159,spectrum,coronado_north,0.747,5m,5.0,0.747,0.562,0.685,16.6,218.0,recomputed
2026-08-06T05:30:00Z,2026-08-06T00:00:00Z,2026-08-12T15:00:00Z,159,spectrum,coronado_center,0.575,5m,5.0,0.575,0.575,0.685,16.6,225.0,recomputed
2026-08-06T05:30:00Z,2026-08-06T00:00:00Z,2026-08-12T15:00:00Z,159,spectrum,coronado_south,0.343,5m,5.0,0.343,0.573,0.685,11.9,214.0,recomputed
2026-08-06T05:30:00Z,2026-08-06T00:00:00Z,2026-08-12T18:00:00Z,162,spectrum,buoy,0.698,buoy,,,,0.698,16.6,212.0,recomputed
2026-08-06T05:30:00Z,2026-08-06T00:00:00Z,2026-08-12T18:00:00Z,162,spectrum,coronado_north,0.786,5m,5.0,0.786,0.579,0.698,16.6,218.0,recomputed
2026-08-06T05:30:00Z,2026-08-06T00:00:00Z,2026-08-12T18:00:00Z,162,spectrum,coronado_center,0.611,5m,5.0,0.611,0.592,0.698,16.6,225.0,recomputed
2026-08-06T05:30:00Z,2026-08-06T00:00:00Z,2026-08-12T18:00:00Z,162,spectrum,coronado_south,0.347,5m,5.0,0.347,0.59,0.698,11.9,215.0,recomputed
2026-08-06T05:30:00Z,2026-08-06T00:00:00Z,2026-08-12T21:00:00Z,165,spectrum,buoy,0.718,buoy,,,,0.718,16.6,211.0,recomputed
2026-08-06T05:30:00Z,2026-08-06T00:00:00Z,2026-08-12T21:00:00Z,165,spectrum,coronado_north,0.81,5m,5.0,0.81,0.591,0.718,16.6,218.0,recomputed
2026-08-06T05:30:00Z,2026-08-06T00:00:00Z,2026-08-12T21:00:00Z,165,spectrum,coronado_center,0.636,5m,5.0,0.636,0.607,0.718,16.6,226.0,recomputed
2026-08-06T05:30:00Z,2026-08-06T00:00:00Z,2026-08-12T21:00:00Z,165,spectrum,coronado_south,0.362,5m,5.0,0.362,0.607,0.718,11.9,215.0,recomputed
2026-08-06T05:30:00Z,2026-08-06T00:00:00Z,2026-08-13T00:00:00Z,168,spectrum,buoy,0.715,buoy,,,,0.715,16.6,210.0,recomputed
2026-08-06T05:30:00Z,2026-08-06T00:00:00Z,2026-08-13T00:00:00Z,168,spectrum,coronado_north,0.79,5m,5.0,0.79,0.587,0.715,16.6,218.0,recomputed
2026-08-06T05:30:00Z,2026-08-06T00:00:00Z,2026-08-13T00:00:00Z,168,spectrum,coronado_center,0.61,5m,5.0,0.61,0.602,0.715,16.6,226.0,recomputed
2026-08-06T05:30:00Z,2026-08-06T00:00:00Z,2026-08-13T00:00:00Z,168,spectrum,coronado_south,0.374,5m,5.0,0.374,0.602,0.715,11.9,214.0,recomputed
2026-08-07T05:30:00Z,2026-08-07T00:00:00Z,2026-08-07T00:00:00Z,0,spectrum,buoy,0.582,buoy,,,,0.582,11.9,205.0,recomputed
2026-08-07T05:30:00Z,2026-08-07T00:00:00Z,2026-08-07T00:00:00Z,0,spectrum,coronado_north,0.58,5m,5.0,0.58,0.439,0.582,13.6,219.0,recomputed
2026-08-07T05:30:00Z,2026-08-07T00:00:00Z,2026-08-07T00:00:00Z,0,spectrum,coronado_center,0.454,5m,5.0,0.454,0.457,0.582,13.6,231.0,recomputed
2026-08-07T05:30:00Z,2026-08-07T00:00:00Z,2026-08-07T00:00:00Z,0,spectrum,coronado_south,0.307,5m,5.0,0.307,0.465,0.582,11.9,222.0,recomputed
2026-08-07T05:30:00Z,2026-08-07T00:00:00Z,2026-08-07T03:00:00Z,3,spectrum,buoy,0.589,buoy,,,,0.589,11.9,206.0,recomputed
2026-08-07T05:30:00Z,2026-08-07T00:00:00Z,2026-08-07T03:00:00Z,3,spectrum,coronado_north,0.59,5m,5.0,0.59,0.444,0.589,13.6,219.0,recomputed
2026-08-07T05:30:00Z,2026-08-07T00:00:00Z,2026-08-07T03:00:00Z,3,spectrum,coronado_center,0.458,5m,5.0,0.458,0.461,0.589,13.6,231.0,recomputed
2026-08-07T05:30:00Z,2026-08-07T00:00:00Z,2026-08-07T03:00:00Z,3,spectrum,coronado_south,0.297,5m,5.0,0.297,0.47,0.589,11.9,223.0,recomputed
2026-08-07T05:30:00Z,2026-08-07T00:00:00Z,2026-08-07T06:00:00Z,6,spectrum,buoy,0.59,buoy,,,,0.59,11.9,208.0,recomputed
2026-08-07T05:30:00Z,2026-08-07T00:00:00Z,2026-08-07T06:00:00Z,6,spectrum,coronado_north,0.601,5m,5.0,0.601,0.449,0.59,13.6,219.0,recomputed
2026-08-07T05:30:00Z,2026-08-07T00:00:00Z,2026-08-07T06:00:00Z,6,spectrum,coronado_center,0.466,5m,5.0,0.466,0.466,0.59,13.6,231.0,recomputed
2026-08-07T05:30:00Z,2026-08-07T00:00:00Z,2026-08-07T06:00:00Z,6,spectrum,coronado_south,0.294,5m,5.0,0.294,0.473,0.59,11.9,224.0,recomputed
2026-08-07T05:30:00Z,2026-08-07T00:00:00Z,2026-08-07T09:00:00Z,9,spectrum,buoy,0.595,buoy,,,,0.595,11.9,211.0,recomputed
2026-08-07T05:30:00Z,2026-08-07T00:00:00Z,2026-08-07T09:00:00Z,9,spectrum,coronado_north,0.612,5m,5.0,0.612,0.455,0.595,13.6,219.0,recomputed
2026-08-07T05:30:00Z,2026-08-07T00:00:00Z,2026-08-07T09:00:00Z,9,spectrum,coronado_center,0.471,5m,5.0,0.471,0.472,0.595,13.6,232.0,recomputed
2026-08-07T05:30:00Z,2026-08-07T00:00:00Z,2026-08-07T09:00:00Z,9,spectrum,coronado_south,0.289,5m,5.0,0.289,0.479,0.595,11.9,224.0,recomputed
2026-08-07T05:30:00Z,2026-08-07T00:00:00Z,2026-08-07T12:00:00Z,12,spectrum,buoy,0.596,buoy,,,,0.596,13.6,216.0,recomputed
2026-08-07T05:30:00Z,2026-08-07T00:00:00Z,2026-08-07T12:00:00Z,12,spectrum,coronado_north,0.613,5m,5.0,0.613,0.459,0.596,13.6,219.0,recomputed
2026-08-07T05:30:00Z,2026-08-07T00:00:00Z,2026-08-07T12:00:00Z,12,spectrum,coronado_center,0.469,5m,5.0,0.469,0.476,0.596,12.7,231.0,recomputed
2026-08-07T05:30:00Z,2026-08-07T00:00:00Z,2026-08-07T12:00:00Z,12,spectrum,coronado_south,0.285,5m,5.0,0.285,0.481,0.596,11.9,225.0,recomputed
2026-08-07T05:30:00Z,2026-08-07T00:00:00Z,2026-08-07T15:00:00Z,15,spectrum,buoy,0.594,buoy,,,,0.594,13.6,212.0,recomputed
2026-08-07T05:30:00Z,2026-08-07T00:00:00Z,2026-08-07T15:00:00Z,15,spectrum,coronado_north,0.615,5m,5.0,0.615,0.463,0.594,13.6,219.0,recomputed
2026-08-07T05:30:00Z,2026-08-07T00:00:00Z,2026-08-07T15:00:00Z,15,spectrum,coronado_center,0.466,5m,5.0,0.466,0.479,0.594,12.7,231.0,recomputed
2026-08-07T05:30:00Z,2026-08-07T00:00:00Z,2026-08-07T15:00:00Z,15,spectrum,coronado_south,0.284,5m,5.0,0.284,0.484,0.594,11.9,225.0,recomputed
2026-08-07T05:30:00Z,2026-08-07T00:00:00Z,2026-08-07T18:00:00Z,18,spectrum,buoy,0.594,buoy,,,,0.594,13.6,209.0,recomputed
2026-08-07T05:30:00Z,2026-08-07T00:00:00Z,2026-08-07T18:00:00Z,18,spectrum,coronado_north,0.633,5m,5.0,0.633,0.475,0.594,13.6,219.0,recomputed
2026-08-07T05:30:00Z,2026-08-07T00:00:00Z,2026-08-07T18:00:00Z,18,spectrum,coronado_center,0.476,5m,5.0,0.476,0.49,0.594,12.7,231.0,recomputed
2026-08-07T05:30:00Z,2026-08-07T00:00:00Z,2026-08-07T18:00:00Z,18,spectrum,coronado_south,0.294,5m,5.0,0.294,0.493,0.594,11.9,225.0,recomputed
2026-08-07T05:30:00Z,2026-08-07T00:00:00Z,2026-08-07T21:00:00Z,21,spectrum,buoy,0.615,buoy,,,,0.615,13.6,206.0,recomputed
2026-08-07T05:30:00Z,2026-08-07T00:00:00Z,2026-08-07T21:00:00Z,21,spectrum,coronado_north,0.655,5m,5.0,0.655,0.489,0.615,13.6,219.0,recomputed
2026-08-07T05:30:00Z,2026-08-07T00:00:00Z,2026-08-07T21:00:00Z,21,spectrum,coronado_center,0.489,5m,5.0,0.489,0.504,0.615,12.7,231.0,recomputed
2026-08-07T05:30:00Z,2026-08-07T00:00:00Z,2026-08-07T21:00:00Z,21,spectrum,coronado_south,0.307,5m,5.0,0.307,0.506,0.615,11.9,224.0,recomputed
2026-08-07T05:30:00Z,2026-08-07T00:00:00Z,2026-08-08T00:00:00Z,24,spectrum,buoy,0.636,buoy,,,,0.636,19.0,199.0,recomputed
2026-08-07T05:30:00Z,2026-08-07T00:00:00Z,2026-08-08T00:00:00Z,24,spectrum,coronado_north,0.666,5m,5.0,0.666,0.5,0.636,12.7,219.0,recomputed
2026-08-07T05:30:00Z,2026-08-07T00:00:00Z,2026-08-08T00:00:00Z,24,spectrum,coronado_center,0.494,5m,5.0,0.494,0.516,0.636,11.9,231.0,recomputed
2026-08-07T05:30:00Z,2026-08-07T00:00:00Z,2026-08-08T00:00:00Z,24,spectrum,coronado_south,0.317,5m,5.0,0.317,0.518,0.636,11.9,223.0,recomputed
2026-08-07T05:30:00Z,2026-08-07T00:00:00Z,2026-08-08T03:00:00Z,27,spectrum,buoy,0.661,buoy,,,,0.661,12.7,213.0,recomputed
2026-08-07T05:30:00Z,2026-08-07T00:00:00Z,2026-08-08T03:00:00Z,27,spectrum,coronado_north,0.669,5m,5.0,0.669,0.507,0.661,12.7,218.0,recomputed
2026-08-07T05:30:00Z,2026-08-07T00:00:00Z,2026-08-08T03:00:00Z,27,spectrum,coronado_center,0.488,5m,5.0,0.488,0.524,0.661,12.7,231.0,recomputed
2026-08-07T05:30:00Z,2026-08-07T00:00:00Z,2026-08-08T03:00:00Z,27,spectrum,coronado_south,0.311,5m,5.0,0.311,0.529,0.661,12.7,223.0,recomputed
2026-08-07T05:30:00Z,2026-08-07T00:00:00Z,2026-08-08T06:00:00Z,30,spectrum,buoy,0.683,buoy,,,,0.683,17.8,200.0,recomputed
2026-08-07T05:30:00Z,2026-08-07T00:00:00Z,2026-08-08T06:00:00Z,30,spectrum,coronado_north,0.681,5m,5.0,0.681,0.518,0.683,12.7,218.0,recomputed
2026-08-07T05:30:00Z,2026-08-07T00:00:00Z,2026-08-08T06:00:00Z,30,spectrum,coronado_center,0.488,5m,5.0,0.488,0.535,0.683,12.7,231.0,recomputed
2026-08-07T05:30:00Z,2026-08-07T00:00:00Z,2026-08-08T06:00:00Z,30,spectrum,coronado_south,0.323,5m,5.0,0.323,0.541,0.683,11.9,223.0,recomputed
2026-08-07T05:30:00Z,2026-08-07T00:00:00Z,2026-08-08T09:00:00Z,33,spectrum,buoy,0.703,buoy,,,,0.703,17.8,198.0,recomputed
2026-08-07T05:30:00Z,2026-08-07T00:00:00Z,2026-08-08T09:00:00Z,33,spectrum,coronado_north,0.698,5m,5.0,0.698,0.532,0.703,17.8,209.0,recomputed
2026-08-07T05:30:00Z,2026-08-07T00:00:00Z,2026-08-08T09:00:00Z,33,spectrum,coronado_center,0.488,5m,5.0,0.488,0.549,0.703,11.9,231.0,recomputed
2026-08-07T05:30:00Z,2026-08-07T00:00:00Z,2026-08-08T09:00:00Z,33,spectrum,coronado_south,0.333,5m,5.0,0.333,0.554,0.703,11.9,223.0,recomputed
2026-08-07T05:30:00Z,2026-08-07T00:00:00Z,2026-08-08T12:00:00Z,36,spectrum,buoy,0.708,buoy,,,,0.708,17.8,197.0,recomputed
2026-08-07T05:30:00Z,2026-08-07T00:00:00Z,2026-08-08T12:00:00Z,36,spectrum,coronado_north,0.713,5m,5.0,0.713,0.542,0.708,17.8,209.0,recomputed
2026-08-07T05:30:00Z,2026-08-07T00:00:00Z,2026-08-08T12:00:00Z,36,spectrum,coronado_center,0.488,5m,5.0,0.488,0.558,0.708,11.9,231.0,recomputed
2026-08-07T05:30:00Z,2026-08-07T00:00:00Z,2026-08-08T12:00:00Z,36,spectrum,coronado_south,0.336,5m,5.0,0.336,0.562,0.708,11.9,221.0,recomputed
2026-08-07T05:30:00Z,2026-08-07T00:00:00Z,2026-08-08T15:00:00Z,39,spectrum,buoy,0.698,buoy,,,,0.698,17.8,197.0,recomputed
2026-08-07T05:30:00Z,2026-08-07T00:00:00Z,2026-08-08T15:00:00Z,39,spectrum,coronado_north,0.722,5m,5.0,0.722,0.545,0.698,16.6,209.0,recomputed
2026-08-07T05:30:00Z,2026-08-07T00:00:00Z,2026-08-08T15:00:00Z,39,spectrum,coronado_center,0.49,5m,5.0,0.49,0.56,0.698,16.6,221.0,recomputed
2026-08-07T05:30:00Z,2026-08-07T00:00:00Z,2026-08-08T15:00:00Z,39,spectrum,coronado_south,0.334,5m,5.0,0.334,0.562,0.698,11.9,221.0,recomputed
2026-08-07T05:30:00Z,2026-08-07T00:00:00Z,2026-08-08T18:00:00Z,42,spectrum,buoy,0.699,buoy,,,,0.699,16.6,199.0,recomputed
2026-08-07T05:30:00Z,2026-08-07T00:00:00Z,2026-08-08T18:00:00Z,42,spectrum,coronado_north,0.733,5m,5.0,0.733,0.55,0.699,16.6,209.0,recomputed
2026-08-07T05:30:00Z,2026-08-07T00:00:00Z,2026-08-08T18:00:00Z,42,spectrum,coronado_center,0.49,5m,5.0,0.49,0.564,0.699,16.6,221.0,recomputed
2026-08-07T05:30:00Z,2026-08-07T00:00:00Z,2026-08-08T18:00:00Z,42,spectrum,coronado_south,0.35,5m,5.0,0.35,0.564,0.699,11.9,221.0,recomputed
2026-08-07T05:30:00Z,2026-08-07T00:00:00Z,2026-08-08T21:00:00Z,45,spectrum,buoy,0.755,buoy,,,,0.755,16.6,199.0,recomputed
2026-08-07T05:30:00Z,2026-08-07T00:00:00Z,2026-08-08T21:00:00Z,45,spectrum,coronado_north,0.75,5m,5.0,0.75,0.561,0.755,16.6,208.0,recomputed
2026-08-07T05:30:00Z,2026-08-07T00:00:00Z,2026-08-08T21:00:00Z,45,spectrum,coronado_center,0.494,5m,5.0,0.494,0.576,0.755,16.6,221.0,recomputed
2026-08-07T05:30:00Z,2026-08-07T00:00:00Z,2026-08-08T21:00:00Z,45,spectrum,coronado_south,0.372,5m,5.0,0.372,0.579,0.755,11.9,222.0,recomputed
2026-08-07T05:30:00Z,2026-08-07T00:00:00Z,2026-08-09T00:00:00Z,48,spectrum,buoy,0.848,buoy,,,,0.848,16.6,198.0,recomputed
2026-08-07T05:30:00Z,2026-08-07T00:00:00Z,2026-08-09T00:00:00Z,48,spectrum,coronado_north,0.767,5m,5.0,0.767,0.577,0.848,16.6,208.0,recomputed
2026-08-07T05:30:00Z,2026-08-07T00:00:00Z,2026-08-09T00:00:00Z,48,spectrum,coronado_center,0.506,5m,5.0,0.506,0.597,0.848,16.6,221.0,recomputed
2026-08-07T05:30:00Z,2026-08-07T00:00:00Z,2026-08-09T00:00:00Z,48,spectrum,coronado_south,0.379,5m,5.0,0.379,0.611,0.848,11.9,221.0,recomputed
2026-08-07T05:30:00Z,2026-08-07T00:00:00Z,2026-08-09T03:00:00Z,51,spectrum,buoy,0.896,buoy,,,,0.896,16.6,198.0,recomputed
2026-08-07T05:30:00Z,2026-08-07T00:00:00Z,2026-08-09T03:00:00Z,51,spectrum,coronado_north,0.777,5m,5.0,0.777,0.589,0.896,16.6,208.0,recomputed
2026-08-07T05:30:00Z,2026-08-07T00:00:00Z,2026-08-09T03:00:00Z,51,spectrum,coronado_center,0.514,5m,5.0,0.514,0.613,0.896,16.6,221.0,recomputed
2026-08-07T05:30:00Z,2026-08-07T00:00:00Z,2026-08-09T03:00:00Z,51,spectrum,coronado_south,0.423,5m,5.0,0.423,0.635,0.896,4.3,252.0,recomputed
2026-08-07T05:30:00Z,2026-08-07T00:00:00Z,2026-08-09T06:00:00Z,54,spectrum,buoy,0.904,buoy,,,,0.904,15.6,200.0,recomputed
2026-08-07T05:30:00Z,2026-08-07T00:00:00Z,2026-08-09T06:00:00Z,54,spectrum,coronado_north,0.778,5m,5.0,0.778,0.592,0.904,15.6,208.0,recomputed
2026-08-07T05:30:00Z,2026-08-07T00:00:00Z,2026-08-09T06:00:00Z,54,spectrum,coronado_center,0.51,5m,5.0,0.51,0.617,0.904,16.6,221.0,recomputed
2026-08-07T05:30:00Z,2026-08-07T00:00:00Z,2026-08-09T06:00:00Z,54,spectrum,coronado_south,0.41,5m,5.0,0.41,0.64,0.904,4.6,253.0,recomputed
2026-08-07T05:30:00Z,2026-08-07T00:00:00Z,2026-08-09T09:00:00Z,57,spectrum,buoy,0.871,buoy,,,,0.871,15.6,199.0,recomputed
2026-08-07T05:30:00Z,2026-08-07T00:00:00Z,2026-08-09T09:00:00Z,57,spectrum,coronado_north,0.778,5m,5.0,0.778,0.593,0.871,15.6,209.0,recomputed
2026-08-07T05:30:00Z,2026-08-07T00:00:00Z,2026-08-09T09:00:00Z,57,spectrum,coronado_center,0.495,5m,5.0,0.495,0.613,0.871,15.6,222.0,recomputed
2026-08-07T05:30:00Z,2026-08-07T00:00:00Z,2026-08-09T09:00:00Z,57,spectrum,coronado_south,0.391,5m,5.0,0.391,0.629,0.871,4.6,252.0,recomputed
2026-08-07T05:30:00Z,2026-08-07T00:00:00Z,2026-08-09T12:00:00Z,60,spectrum,buoy,0.822,buoy,,,,0.822,15.6,198.0,recomputed
2026-08-07T05:30:00Z,2026-08-07T00:00:00Z,2026-08-09T12:00:00Z,60,spectrum,coronado_north,0.779,5m,5.0,0.779,0.594,0.822,15.6,210.0,recomputed
2026-08-07T05:30:00Z,2026-08-07T00:00:00Z,2026-08-09T12:00:00Z,60,spectrum,coronado_center,0.481,5m,5.0,0.481,0.61,0.822,15.6,222.0,recomputed
2026-08-07T05:30:00Z,2026-08-07T00:00:00Z,2026-08-09T12:00:00Z,60,spectrum,coronado_south,0.364,5m,5.0,0.364,0.617,0.822,11.9,220.0,recomputed
2026-08-07T05:30:00Z,2026-08-07T00:00:00Z,2026-08-09T15:00:00Z,63,spectrum,buoy,0.784,buoy,,,,0.784,15.6,198.0,recomputed
2026-08-07T05:30:00Z,2026-08-07T00:00:00Z,2026-08-09T15:00:00Z,63,spectrum,coronado_north,0.781,5m,5.0,0.781,0.596,0.784,15.6,210.0,recomputed
2026-08-07T05:30:00Z,2026-08-07T00:00:00Z,2026-08-09T15:00:00Z,63,spectrum,coronado_center,0.476,5m,5.0,0.476,0.611,0.784,15.6,222.0,recomputed
2026-08-07T05:30:00Z,2026-08-07T00:00:00Z,2026-08-09T15:00:00Z,63,spectrum,coronado_south,0.356,5m,5.0,0.356,0.613,0.784,11.9,221.0,recomputed
2026-08-07T05:30:00Z,2026-08-07T00:00:00Z,2026-08-09T18:00:00Z,66,spectrum,buoy,0.759,buoy,,,,0.759,15.6,198.0,recomputed
2026-08-07T05:30:00Z,2026-08-07T00:00:00Z,2026-08-09T18:00:00Z,66,spectrum,coronado_north,0.781,5m,5.0,0.781,0.599,0.759,15.6,211.0,recomputed
2026-08-07T05:30:00Z,2026-08-07T00:00:00Z,2026-08-09T18:00:00Z,66,spectrum,coronado_center,0.475,5m,5.0,0.475,0.612,0.759,14.5,223.0,recomputed
2026-08-07T05:30:00Z,2026-08-07T00:00:00Z,2026-08-09T18:00:00Z,66,spectrum,coronado_south,0.355,5m,5.0,0.355,0.612,0.759,11.9,223.0,recomputed
2026-08-07T05:30:00Z,2026-08-07T00:00:00Z,2026-08-09T21:00:00Z,69,spectrum,buoy,0.746,buoy,,,,0.746,14.5,200.0,recomputed
2026-08-07T05:30:00Z,2026-08-07T00:00:00Z,2026-08-09T21:00:00Z,69,spectrum,coronado_north,0.771,5m,5.0,0.771,0.595,0.746,14.5,211.0,recomputed
2026-08-07T05:30:00Z,2026-08-07T00:00:00Z,2026-08-09T21:00:00Z,69,spectrum,coronado_center,0.477,5m,5.0,0.477,0.608,0.746,14.5,223.0,recomputed
2026-08-07T05:30:00Z,2026-08-07T00:00:00Z,2026-08-09T21:00:00Z,69,spectrum,coronado_south,0.367,5m,5.0,0.367,0.607,0.746,11.1,223.0,recomputed
2026-08-07T05:30:00Z,2026-08-07T00:00:00Z,2026-08-10T00:00:00Z,72,spectrum,buoy,0.74,buoy,,,,0.74,14.5,200.0,recomputed
2026-08-07T05:30:00Z,2026-08-07T00:00:00Z,2026-08-10T00:00:00Z,72,spectrum,coronado_north,0.758,5m,5.0,0.758,0.59,0.74,14.5,211.0,recomputed
2026-08-07T05:30:00Z,2026-08-07T00:00:00Z,2026-08-10T00:00:00Z,72,spectrum,coronado_center,0.465,5m,5.0,0.465,0.604,0.74,14.5,223.0,recomputed
2026-08-07T05:30:00Z,2026-08-07T00:00:00Z,2026-08-10T00:00:00Z,72,spectrum,coronado_south,0.349,5m,5.0,0.349,0.604,0.74,11.1,220.0,recomputed
2026-08-07T05:30:00Z,2026-08-07T00:00:00Z,2026-08-10T03:00:00Z,75,spectrum,buoy,0.732,buoy,,,,0.732,14.5,199.0,recomputed
2026-08-07T05:30:00Z,2026-08-07T00:00:00Z,2026-08-10T03:00:00Z,75,spectrum,coronado_north,0.752,5m,5.0,0.752,0.587,0.732,14.5,211.0,recomputed
2026-08-07T05:30:00Z,2026-08-07T00:00:00Z,2026-08-10T03:00:00Z,75,spectrum,coronado_center,0.467,5m,5.0,0.467,0.601,0.732,14.5,223.0,recomputed
2026-08-07T05:30:00Z,2026-08-07T00:00:00Z,2026-08-10T03:00:00Z,75,spectrum,coronado_south,0.357,5m,5.0,0.357,0.601,0.732,11.1,220.0,recomputed
2026-08-07T05:30:00Z,2026-08-07T00:00:00Z,2026-08-10T06:00:00Z,78,spectrum,buoy,0.72,buoy,,,,0.72,14.5,198.0,recomputed
2026-08-07T05:30:00Z,2026-08-07T00:00:00Z,2026-08-10T06:00:00Z,78,spectrum,coronado_north,0.743,5m,5.0,0.743,0.581,0.72,14.5,212.0,recomputed
2026-08-07T05:30:00Z,2026-08-07T00:00:00Z,2026-08-10T06:00:00Z,78,spectrum,coronado_center,0.454,5m,5.0,0.454,0.594,0.72,14.5,223.0,recomputed
2026-08-07T05:30:00Z,2026-08-07T00:00:00Z,2026-08-10T06:00:00Z,78,spectrum,coronado_south,0.339,5m,5.0,0.339,0.593,0.72,11.9,221.0,recomputed
2026-08-07T05:30:00Z,2026-08-07T00:00:00Z,2026-08-10T09:00:00Z,81,spectrum,buoy,0.707,buoy,,,,0.707,14.5,198.0,recomputed
2026-08-07T05:30:00Z,2026-08-07T00:00:00Z,2026-08-10T09:00:00Z,81,spectrum,coronado_north,0.745,5m,5.0,0.745,0.576,0.707,14.5,212.0,recomputed
2026-08-07T05:30:00Z,2026-08-07T00:00:00Z,2026-08-10T09:00:00Z,81,spectrum,coronado_center,0.457,5m,5.0,0.457,0.589,0.707,14.5,224.0,recomputed
2026-08-07T05:30:00Z,2026-08-07T00:00:00Z,2026-08-10T09:00:00Z,81,spectrum,coronado_south,0.331,5m,5.0,0.331,0.587,0.707,11.9,222.0,recomputed
2026-08-07T05:30:00Z,2026-08-07T00:00:00Z,2026-08-10T12:00:00Z,84,spectrum,buoy,0.692,buoy,,,,0.692,13.6,200.0,recomputed
2026-08-07T05:30:00Z,2026-08-07T00:00:00Z,2026-08-10T12:00:00Z,84,spectrum,coronado_north,0.745,5m,5.0,0.745,0.57,0.692,13.6,213.0,recomputed
2026-08-07T05:30:00Z,2026-08-07T00:00:00Z,2026-08-10T12:00:00Z,84,spectrum,coronado_center,0.463,5m,5.0,0.463,0.582,0.692,13.6,224.0,recomputed
2026-08-07T05:30:00Z,2026-08-07T00:00:00Z,2026-08-10T12:00:00Z,84,spectrum,coronado_south,0.321,5m,5.0,0.321,0.579,0.692,14.5,216.0,recomputed
2026-08-07T05:30:00Z,2026-08-07T00:00:00Z,2026-08-10T15:00:00Z,87,spectrum,buoy,0.677,buoy,,,,0.677,13.6,200.0,recomputed
2026-08-07T05:30:00Z,2026-08-07T00:00:00Z,2026-08-10T15:00:00Z,87,spectrum,coronado_north,0.738,5m,5.0,0.738,0.562,0.677,13.6,213.0,recomputed
2026-08-07T05:30:00Z,2026-08-07T00:00:00Z,2026-08-10T15:00:00Z,87,spectrum,coronado_center,0.461,5m,5.0,0.461,0.573,0.677,13.6,225.0,recomputed
2026-08-07T05:30:00Z,2026-08-07T00:00:00Z,2026-08-10T15:00:00Z,87,spectrum,coronado_south,0.313,5m,5.0,0.313,0.569,0.677,14.5,216.0,recomputed
2026-08-07T05:30:00Z,2026-08-07T00:00:00Z,2026-08-10T18:00:00Z,90,spectrum,buoy,0.664,buoy,,,,0.664,13.6,200.0,recomputed
2026-08-07T05:30:00Z,2026-08-07T00:00:00Z,2026-08-10T18:00:00Z,90,spectrum,coronado_north,0.752,5m,5.0,0.752,0.553,0.664,13.6,214.0,recomputed
2026-08-07T05:30:00Z,2026-08-07T00:00:00Z,2026-08-10T18:00:00Z,90,spectrum,coronado_center,0.454,5m,5.0,0.454,0.564,0.664,13.6,225.0,recomputed
2026-08-07T05:30:00Z,2026-08-07T00:00:00Z,2026-08-10T18:00:00Z,90,spectrum,coronado_south,0.308,5m,5.0,0.308,0.56,0.664,13.6,216.0,recomputed
2026-08-07T05:30:00Z,2026-08-07T00:00:00Z,2026-08-10T21:00:00Z,93,spectrum,buoy,0.659,buoy,,,,0.659,13.6,200.0,recomputed
2026-08-07T05:30:00Z,2026-08-07T00:00:00Z,2026-08-10T21:00:00Z,93,spectrum,coronado_north,0.714,5m,5.0,0.714,0.551,0.659,13.6,214.0,recomputed
2026-08-07T05:30:00Z,2026-08-07T00:00:00Z,2026-08-10T21:00:00Z,93,spectrum,coronado_center,0.454,5m,5.0,0.454,0.561,0.659,13.6,225.0,recomputed
2026-08-07T05:30:00Z,2026-08-07T00:00:00Z,2026-08-10T21:00:00Z,93,spectrum,coronado_south,0.317,5m,5.0,0.317,0.557,0.659,12.7,216.0,recomputed
2026-08-07T05:30:00Z,2026-08-07T00:00:00Z,2026-08-11T00:00:00Z,96,spectrum,buoy,0.655,buoy,,,,0.655,13.6,199.0,recomputed
2026-08-07T05:30:00Z,2026-08-07T00:00:00Z,2026-08-11T00:00:00Z,96,spectrum,coronado_north,0.717,5m,5.0,0.717,0.545,0.655,13.6,214.0,recomputed
2026-08-07T05:30:00Z,2026-08-07T00:00:00Z,2026-08-11T00:00:00Z,96,spectrum,coronado_center,0.46,5m,5.0,0.46,0.556,0.655,13.6,226.0,recomputed
2026-08-07T05:30:00Z,2026-08-07T00:00:00Z,2026-08-11T00:00:00Z,96,spectrum,coronado_south,0.317,5m,5.0,0.317,0.551,0.655,12.7,217.0,recomputed
2026-08-07T05:30:00Z,2026-08-07T00:00:00Z,2026-08-11T03:00:00Z,99,spectrum,buoy,0.655,buoy,,,,0.655,13.6,197.0,recomputed
2026-08-07T05:30:00Z,2026-08-07T00:00:00Z,2026-08-11T03:00:00Z,99,spectrum,coronado_north,0.734,5m,5.0,0.734,0.544,0.655,13.6,215.0,recomputed
2026-08-07T05:30:00Z,2026-08-07T00:00:00Z,2026-08-11T03:00:00Z,99,spectrum,coronado_center,0.478,5m,5.0,0.478,0.555,0.655,15.6,227.0,recomputed
2026-08-07T05:30:00Z,2026-08-07T00:00:00Z,2026-08-11T03:00:00Z,99,spectrum,coronado_south,0.312,5m,5.0,0.312,0.55,0.655,12.7,218.0,recomputed
2026-08-07T05:30:00Z,2026-08-07T00:00:00Z,2026-08-11T06:00:00Z,102,spectrum,buoy,0.655,buoy,,,,0.655,13.6,197.0,recomputed
2026-08-07T05:30:00Z,2026-08-07T00:00:00Z,2026-08-11T06:00:00Z,102,spectrum,coronado_north,0.742,5m,5.0,0.742,0.543,0.655,13.6,214.0,recomputed
2026-08-07T05:30:00Z,2026-08-07T00:00:00Z,2026-08-11T06:00:00Z,102,spectrum,coronado_center,0.493,5m,5.0,0.493,0.553,0.655,15.6,227.0,recomputed
2026-08-07T05:30:00Z,2026-08-07T00:00:00Z,2026-08-11T06:00:00Z,102,spectrum,coronado_south,0.31,5m,5.0,0.31,0.549,0.655,12.7,218.0,recomputed
2026-08-07T05:30:00Z,2026-08-07T00:00:00Z,2026-08-11T09:00:00Z,105,spectrum,buoy,0.649,buoy,,,,0.649,12.7,199.0,recomputed
2026-08-07T05:30:00Z,2026-08-07T00:00:00Z,2026-08-11T09:00:00Z,105,spectrum,coronado_north,0.735,5m,5.0,0.735,0.536,0.649,12.7,214.0,recomputed
2026-08-07T05:30:00Z,2026-08-07T00:00:00Z,2026-08-11T09:00:00Z,105,spectrum,coronado_center,0.495,5m,5.0,0.495,0.547,0.649,15.6,228.0,recomputed
2026-08-07T05:30:00Z,2026-08-07T00:00:00Z,2026-08-11T09:00:00Z,105,spectrum,coronado_south,0.309,5m,5.0,0.309,0.543,0.649,12.7,219.0,recomputed
2026-08-07T05:30:00Z,2026-08-07T00:00:00Z,2026-08-11T12:00:00Z,108,spectrum,buoy,0.637,buoy,,,,0.637,12.7,198.0,recomputed
2026-08-07T05:30:00Z,2026-08-07T00:00:00Z,2026-08-11T12:00:00Z,108,spectrum,coronado_north,0.712,5m,5.0,0.712,0.525,0.637,12.7,215.0,recomputed
2026-08-07T05:30:00Z,2026-08-07T00:00:00Z,2026-08-11T12:00:00Z,108,spectrum,coronado_center,0.487,5m,5.0,0.487,0.535,0.637,15.6,228.0,recomputed
2026-08-07T05:30:00Z,2026-08-07T00:00:00Z,2026-08-11T12:00:00Z,108,spectrum,coronado_south,0.305,5m,5.0,0.305,0.531,0.637,12.7,220.0,recomputed
2026-08-07T05:30:00Z,2026-08-07T00:00:00Z,2026-08-11T15:00:00Z,111,spectrum,buoy,0.627,buoy,,,,0.627,12.7,197.0,recomputed
2026-08-07T05:30:00Z,2026-08-07T00:00:00Z,2026-08-11T15:00:00Z,111,spectrum,coronado_north,0.694,5m,5.0,0.694,0.517,0.627,12.7,216.0,recomputed
2026-08-07T05:30:00Z,2026-08-07T00:00:00Z,2026-08-11T15:00:00Z,111,spectrum,coronado_center,0.481,5m,5.0,0.481,0.527,0.627,14.5,228.0,recomputed
2026-08-07T05:30:00Z,2026-08-07T00:00:00Z,2026-08-11T15:00:00Z,111,spectrum,coronado_south,0.302,5m,5.0,0.302,0.523,0.627,12.7,219.0,recomputed
2026-08-07T05:30:00Z,2026-08-07T00:00:00Z,2026-08-11T18:00:00Z,114,spectrum,buoy,0.629,buoy,,,,0.629,12.7,197.0,recomputed
2026-08-07T05:30:00Z,2026-08-07T00:00:00Z,2026-08-11T18:00:00Z,114,spectrum,coronado_north,0.694,5m,5.0,0.694,0.523,0.629,12.7,214.0,recomputed
2026-08-07T05:30:00Z,2026-08-07T00:00:00Z,2026-08-11T18:00:00Z,114,spectrum,coronado_center,0.491,5m,5.0,0.491,0.533,0.629,14.5,228.0,recomputed
2026-08-07T05:30:00Z,2026-08-07T00:00:00Z,2026-08-11T18:00:00Z,114,spectrum,coronado_south,0.304,5m,5.0,0.304,0.528,0.629,11.9,219.0,recomputed
2026-08-07T05:30:00Z,2026-08-07T00:00:00Z,2026-08-11T21:00:00Z,117,spectrum,buoy,0.639,buoy,,,,0.639,12.7,197.0,recomputed
2026-08-07T05:30:00Z,2026-08-07T00:00:00Z,2026-08-11T21:00:00Z,117,spectrum,coronado_north,0.713,5m,5.0,0.713,0.535,0.639,12.7,214.0,recomputed
2026-08-07T05:30:00Z,2026-08-07T00:00:00Z,2026-08-11T21:00:00Z,117,spectrum,coronado_center,0.519,5m,5.0,0.519,0.545,0.639,14.5,229.0,recomputed
2026-08-07T05:30:00Z,2026-08-07T00:00:00Z,2026-08-11T21:00:00Z,117,spectrum,coronado_south,0.312,5m,5.0,0.312,0.541,0.639,11.9,216.0,recomputed
2026-08-07T05:30:00Z,2026-08-07T00:00:00Z,2026-08-12T00:00:00Z,120,spectrum,buoy,0.65,buoy,,,,0.65,17.8,214.0,recomputed
2026-08-07T05:30:00Z,2026-08-07T00:00:00Z,2026-08-12T00:00:00Z,120,spectrum,coronado_north,0.738,5m,5.0,0.738,0.547,0.65,14.5,218.0,recomputed
2026-08-07T05:30:00Z,2026-08-07T00:00:00Z,2026-08-12T00:00:00Z,120,spectrum,coronado_center,0.55,5m,5.0,0.55,0.559,0.65,14.5,229.0,recomputed
2026-08-07T05:30:00Z,2026-08-07T00:00:00Z,2026-08-12T00:00:00Z,120,spectrum,coronado_south,0.32,5m,5.0,0.32,0.554,0.65,11.9,215.0,recomputed
2026-08-07T05:30:00Z,2026-08-07T00:00:00Z,2026-08-12T03:00:00Z,123,spectrum,buoy,0.657,buoy,,,,0.657,17.8,212.0,recomputed
2026-08-07T05:30:00Z,2026-08-07T00:00:00Z,2026-08-12T03:00:00Z,123,spectrum,coronado_north,0.749,5m,5.0,0.749,0.555,0.657,14.5,218.0,recomputed
2026-08-07T05:30:00Z,2026-08-07T00:00:00Z,2026-08-12T03:00:00Z,123,spectrum,coronado_center,0.565,5m,5.0,0.565,0.566,0.657,17.8,226.0,recomputed
2026-08-07T05:30:00Z,2026-08-07T00:00:00Z,2026-08-12T03:00:00Z,123,spectrum,coronado_south,0.328,5m,5.0,0.328,0.562,0.657,11.9,217.0,recomputed
2026-08-07T05:30:00Z,2026-08-07T00:00:00Z,2026-08-12T06:00:00Z,126,spectrum,buoy,0.652,buoy,,,,0.652,17.8,209.0,recomputed
2026-08-07T05:30:00Z,2026-08-07T00:00:00Z,2026-08-12T06:00:00Z,126,spectrum,coronado_north,0.739,5m,5.0,0.739,0.55,0.652,14.5,218.0,recomputed
2026-08-07T05:30:00Z,2026-08-07T00:00:00Z,2026-08-12T06:00:00Z,126,spectrum,coronado_center,0.559,5m,5.0,0.559,0.562,0.652,17.8,226.0,recomputed
2026-08-07T05:30:00Z,2026-08-07T00:00:00Z,2026-08-12T06:00:00Z,126,spectrum,coronado_south,0.325,5m,5.0,0.325,0.557,0.652,11.9,217.0,recomputed
2026-08-07T05:30:00Z,2026-08-07T00:00:00Z,2026-08-12T09:00:00Z,129,spectrum,buoy,0.642,buoy,,,,0.642,17.8,208.0,recomputed
2026-08-07T05:30:00Z,2026-08-07T00:00:00Z,2026-08-12T09:00:00Z,129,spectrum,coronado_north,0.717,5m,5.0,0.717,0.541,0.642,13.6,218.0,recomputed
2026-08-07T05:30:00Z,2026-08-07T00:00:00Z,2026-08-12T09:00:00Z,129,spectrum,coronado_center,0.543,5m,5.0,0.543,0.552,0.642,17.8,226.0,recomputed
2026-08-07T05:30:00Z,2026-08-07T00:00:00Z,2026-08-12T09:00:00Z,129,spectrum,coronado_south,0.326,5m,5.0,0.326,0.547,0.642,11.9,217.0,recomputed
2026-08-07T05:30:00Z,2026-08-07T00:00:00Z,2026-08-12T12:00:00Z,132,spectrum,buoy,0.64,buoy,,,,0.64,17.8,207.0,recomputed
2026-08-07T05:30:00Z,2026-08-07T00:00:00Z,2026-08-12T12:00:00Z,132,spectrum,coronado_north,0.716,5m,5.0,0.716,0.541,0.64,13.6,218.0,recomputed
2026-08-07T05:30:00Z,2026-08-07T00:00:00Z,2026-08-12T12:00:00Z,132,spectrum,coronado_center,0.545,5m,5.0,0.545,0.552,0.64,16.6,226.0,recomputed
2026-08-07T05:30:00Z,2026-08-07T00:00:00Z,2026-08-12T12:00:00Z,132,spectrum,coronado_south,0.319,5m,5.0,0.319,0.547,0.64,11.9,217.0,recomputed
2026-08-07T05:30:00Z,2026-08-07T00:00:00Z,2026-08-12T15:00:00Z,135,spectrum,buoy,0.653,buoy,,,,0.653,16.6,212.0,recomputed
2026-08-07T05:30:00Z,2026-08-07T00:00:00Z,2026-08-12T15:00:00Z,135,spectrum,coronado_north,0.746,5m,5.0,0.746,0.556,0.653,16.6,219.0,recomputed
2026-08-07T05:30:00Z,2026-08-07T00:00:00Z,2026-08-12T15:00:00Z,135,spectrum,coronado_center,0.575,5m,5.0,0.575,0.567,0.653,16.6,226.0,recomputed
2026-08-07T05:30:00Z,2026-08-07T00:00:00Z,2026-08-12T15:00:00Z,135,spectrum,coronado_south,0.325,5m,5.0,0.325,0.562,0.653,11.9,218.0,recomputed
2026-08-07T05:30:00Z,2026-08-07T00:00:00Z,2026-08-12T18:00:00Z,138,spectrum,buoy,0.671,buoy,,,,0.671,16.6,211.0,recomputed
2026-08-07T05:30:00Z,2026-08-07T00:00:00Z,2026-08-12T18:00:00Z,138,spectrum,coronado_north,0.783,5m,5.0,0.783,0.575,0.671,16.6,218.0,recomputed
2026-08-07T05:30:00Z,2026-08-07T00:00:00Z,2026-08-12T18:00:00Z,138,spectrum,coronado_center,0.608,5m,5.0,0.608,0.587,0.671,16.6,226.0,recomputed
2026-08-07T05:30:00Z,2026-08-07T00:00:00Z,2026-08-12T18:00:00Z,138,spectrum,coronado_south,0.333,5m,5.0,0.333,0.582,0.671,11.9,218.0,recomputed
2026-08-07T05:30:00Z,2026-08-07T00:00:00Z,2026-08-12T21:00:00Z,141,spectrum,buoy,0.683,buoy,,,,0.683,16.6,211.0,recomputed
2026-08-07T05:30:00Z,2026-08-07T00:00:00Z,2026-08-12T21:00:00Z,141,spectrum,coronado_north,0.802,5m,5.0,0.802,0.585,0.683,16.6,218.0,recomputed
2026-08-07T05:30:00Z,2026-08-07T00:00:00Z,2026-08-12T21:00:00Z,141,spectrum,coronado_center,0.619,5m,5.0,0.619,0.598,0.683,16.6,226.0,recomputed
2026-08-07T05:30:00Z,2026-08-07T00:00:00Z,2026-08-12T21:00:00Z,141,spectrum,coronado_south,0.338,5m,5.0,0.338,0.593,0.683,13.6,218.0,recomputed
2026-08-07T05:30:00Z,2026-08-07T00:00:00Z,2026-08-13T00:00:00Z,144,spectrum,buoy,0.679,buoy,,,,0.679,16.6,210.0,recomputed
2026-08-07T05:30:00Z,2026-08-07T00:00:00Z,2026-08-13T00:00:00Z,144,spectrum,coronado_north,0.79,5m,5.0,0.79,0.58,0.679,16.6,218.0,recomputed
2026-08-07T05:30:00Z,2026-08-07T00:00:00Z,2026-08-13T00:00:00Z,144,spectrum,coronado_center,0.612,5m,5.0,0.612,0.593,0.679,16.6,227.0,recomputed
2026-08-07T05:30:00Z,2026-08-07T00:00:00Z,2026-08-13T00:00:00Z,144,spectrum,coronado_south,0.337,5m,5.0,0.337,0.588,0.679,11.9,216.0,recomputed
2026-08-07T05:30:00Z,2026-08-07T00:00:00Z,2026-08-13T03:00:00Z,147,spectrum,buoy,0.673,buoy,,,,0.673,16.6,210.0,recomputed
2026-08-07T05:30:00Z,2026-08-07T00:00:00Z,2026-08-13T03:00:00Z,147,spectrum,coronado_north,0.773,5m,5.0,0.773,0.573,0.673,16.6,219.0,recomputed
2026-08-07T05:30:00Z,2026-08-07T00:00:00Z,2026-08-13T03:00:00Z,147,spectrum,coronado_center,0.588,5m,5.0,0.588,0.586,0.673,16.6,227.0,recomputed
2026-08-07T05:30:00Z,2026-08-07T00:00:00Z,2026-08-13T03:00:00Z,147,spectrum,coronado_south,0.338,5m,5.0,0.338,0.581,0.673,11.9,215.0,recomputed
2026-08-07T05:30:00Z,2026-08-07T00:00:00Z,2026-08-13T06:00:00Z,150,spectrum,buoy,0.678,buoy,,,,0.678,15.6,211.0,recomputed
2026-08-07T05:30:00Z,2026-08-07T00:00:00Z,2026-08-13T06:00:00Z,150,spectrum,coronado_north,0.778,5m,5.0,0.778,0.578,0.678,15.6,218.0,recomputed
2026-08-07T05:30:00Z,2026-08-07T00:00:00Z,2026-08-13T06:00:00Z,150,spectrum,coronado_center,0.579,5m,5.0,0.579,0.59,0.678,16.6,227.0,recomputed
2026-08-07T05:30:00Z,2026-08-07T00:00:00Z,2026-08-13T06:00:00Z,150,spectrum,coronado_south,0.329,5m,5.0,0.329,0.584,0.678,11.9,215.0,recomputed
2026-08-07T05:30:00Z,2026-08-07T00:00:00Z,2026-08-13T09:00:00Z,153,spectrum,buoy,0.696,buoy,,,,0.696,15.6,210.0,recomputed
2026-08-07T05:30:00Z,2026-08-07T00:00:00Z,2026-08-13T09:00:00Z,153,spectrum,coronado_north,0.796,5m,5.0,0.796,0.592,0.696,15.6,219.0,recomputed
2026-08-07T05:30:00Z,2026-08-07T00:00:00Z,2026-08-13T09:00:00Z,153,spectrum,coronado_center,0.589,5m,5.0,0.589,0.603,0.696,15.6,227.0,recomputed
2026-08-07T05:30:00Z,2026-08-07T00:00:00Z,2026-08-13T09:00:00Z,153,spectrum,coronado_south,0.332,5m,5.0,0.332,0.597,0.696,12.7,215.0,recomputed
2026-08-07T05:30:00Z,2026-08-07T00:00:00Z,2026-08-13T12:00:00Z,156,spectrum,buoy,0.715,buoy,,,,0.715,15.6,210.0,recomputed
2026-08-07T05:30:00Z,2026-08-07T00:00:00Z,2026-08-13T12:00:00Z,156,spectrum,coronado_north,0.808,5m,5.0,0.808,0.605,0.715,15.6,219.0,recomputed
2026-08-07T05:30:00Z,2026-08-07T00:00:00Z,2026-08-13T12:00:00Z,156,spectrum,coronado_center,0.603,5m,5.0,0.603,0.617,0.715,15.6,228.0,recomputed
2026-08-07T05:30:00Z,2026-08-07T00:00:00Z,2026-08-13T12:00:00Z,156,spectrum,coronado_south,0.341,5m,5.0,0.341,0.609,0.715,12.7,214.0,recomputed
2026-08-07T05:30:00Z,2026-08-07T00:00:00Z,2026-08-13T15:00:00Z,159,spectrum,buoy,0.731,buoy,,,,0.731,15.6,211.0,recomputed
2026-08-07T05:30:00Z,2026-08-07T00:00:00Z,2026-08-13T15:00:00Z,159,spectrum,coronado_north,0.81,5m,5.0,0.81,0.618,0.731,15.6,220.0,recomputed
2026-08-07T05:30:00Z,2026-08-07T00:00:00Z,2026-08-13T15:00:00Z,159,spectrum,coronado_center,0.611,5m,5.0,0.611,0.628,0.731,15.6,228.0,recomputed
2026-08-07T05:30:00Z,2026-08-07T00:00:00Z,2026-08-13T15:00:00Z,159,spectrum,coronado_south,0.342,5m,5.0,0.342,0.619,0.731,12.7,212.0,recomputed
2026-08-07T05:30:00Z,2026-08-07T00:00:00Z,2026-08-13T18:00:00Z,162,spectrum,buoy,0.746,buoy,,,,0.746,15.6,211.0,recomputed
2026-08-07T05:30:00Z,2026-08-07T00:00:00Z,2026-08-13T18:00:00Z,162,spectrum,coronado_north,0.813,5m,5.0,0.813,0.631,0.746,15.6,220.0,recomputed
2026-08-07T05:30:00Z,2026-08-07T00:00:00Z,2026-08-13T18:00:00Z,162,spectrum,coronado_center,0.616,5m,5.0,0.616,0.64,0.746,15.6,228.0,recomputed
2026-08-07T05:30:00Z,2026-08-07T00:00:00Z,2026-08-13T18:00:00Z,162,spectrum,coronado_south,0.347,5m,5.0,0.347,0.629,0.746,12.7,211.0,recomputed
2026-08-07T05:30:00Z,2026-08-07T00:00:00Z,2026-08-13T21:00:00Z,165,spectrum,buoy,0.771,buoy,,,,0.771,12.7,200.0,recomputed
2026-08-07T05:30:00Z,2026-08-07T00:00:00Z,2026-08-13T21:00:00Z,165,spectrum,coronado_north,0.826,5m,5.0,0.826,0.652,0.771,15.6,220.0,recomputed
2026-08-07T05:30:00Z,2026-08-07T00:00:00Z,2026-08-13T21:00:00Z,165,spectrum,coronado_center,0.634,5m,5.0,0.634,0.661,0.771,15.6,228.0,recomputed
2026-08-07T05:30:00Z,2026-08-07T00:00:00Z,2026-08-13T21:00:00Z,165,spectrum,coronado_south,0.376,5m,5.0,0.376,0.649,0.771,11.9,212.0,recomputed
2026-08-07T05:30:00Z,2026-08-07T00:00:00Z,2026-08-14T00:00:00Z,168,spectrum,buoy,0.814,buoy,,,,0.814,14.5,206.0,recomputed
2026-08-07T05:30:00Z,2026-08-07T00:00:00Z,2026-08-14T00:00:00Z,168,spectrum,coronado_north,0.842,5m,5.0,0.842,0.685,0.814,15.6,219.0,recomputed
2026-08-07T05:30:00Z,2026-08-07T00:00:00Z,2026-08-14T00:00:00Z,168,spectrum,coronado_center,0.649,5m,5.0,0.649,0.694,0.814,15.6,228.0,recomputed
2026-08-07T05:30:00Z,2026-08-07T00:00:00Z,2026-08-14T00:00:00Z,168,spectrum,coronado_south,0.399,5m,5.0,0.399,0.683,0.814,11.9,209.0,recomputed
2026-08-08T05:30:00Z,2026-08-08T00:00:00Z,2026-08-08T00:00:00Z,0,spectrum,buoy,0.651,buoy,,,,0.651,19.0,198.0,recomputed
2026-08-08T05:30:00Z,2026-08-08T00:00:00Z,2026-08-08T00:00:00Z,0,spectrum,coronado_north,0.666,5m,5.0,0.666,0.502,0.651,12.7,218.0,recomputed
2026-08-08T05:30:00Z,2026-08-08T00:00:00Z,2026-08-08T00:00:00Z,0,spectrum,coronado_center,0.489,5m,5.0,0.489,0.519,0.651,11.9,230.0,recomputed
2026-08-08T05:30:00Z,2026-08-08T00:00:00Z,2026-08-08T00:00:00Z,0,spectrum,coronado_south,0.327,5m,5.0,0.327,0.524,0.651,11.9,222.0,recomputed
2026-08-08T05:30:00Z,2026-08-08T00:00:00Z,2026-08-08T03:00:00Z,3,spectrum,buoy,0.677,buoy,,,,0.677,12.7,213.0,recomputed
2026-08-08T05:30:00Z,2026-08-08T00:00:00Z,2026-08-08T03:00:00Z,3,spectrum,coronado_north,0.668,5m,5.0,0.668,0.509,0.677,12.7,218.0,recomputed
2026-08-08T05:30:00Z,2026-08-08T00:00:00Z,2026-08-08T03:00:00Z,3,spectrum,coronado_center,0.479,5m,5.0,0.479,0.527,0.677,11.9,230.0,recomputed
2026-08-08T05:30:00Z,2026-08-08T00:00:00Z,2026-08-08T03:00:00Z,3,spectrum,coronado_south,0.337,5m,5.0,0.337,0.534,0.677,12.7,222.0,recomputed
2026-08-08T05:30:00Z,2026-08-08T00:00:00Z,2026-08-08T06:00:00Z,6,spectrum,buoy,0.706,buoy,,,,0.706,17.8,200.0,recomputed
2026-08-08T05:30:00Z,2026-08-08T00:00:00Z,2026-08-08T06:00:00Z,6,spectrum,coronado_north,0.677,5m,5.0,0.677,0.519,0.706,12.7,218.0,recomputed
2026-08-08T05:30:00Z,2026-08-08T00:00:00Z,2026-08-08T06:00:00Z,6,spectrum,coronado_center,0.48,5m,5.0,0.48,0.538,0.706,11.9,230.0,recomputed
2026-08-08T05:30:00Z,2026-08-08T00:00:00Z,2026-08-08T06:00:00Z,6,spectrum,coronado_south,0.347,5m,5.0,0.347,0.548,0.706,11.9,222.0,recomputed
2026-08-08T05:30:00Z,2026-08-08T00:00:00Z,2026-08-08T09:00:00Z,9,spectrum,buoy,0.725,buoy,,,,0.725,17.8,198.0,recomputed
2026-08-08T05:30:00Z,2026-08-08T00:00:00Z,2026-08-08T09:00:00Z,9,spectrum,coronado_north,0.696,5m,5.0,0.696,0.534,0.725,17.8,209.0,recomputed
2026-08-08T05:30:00Z,2026-08-08T00:00:00Z,2026-08-08T09:00:00Z,9,spectrum,coronado_center,0.48,5m,5.0,0.48,0.553,0.725,11.9,230.0,recomputed
2026-08-08T05:30:00Z,2026-08-08T00:00:00Z,2026-08-08T09:00:00Z,9,spectrum,coronado_south,0.357,5m,5.0,0.357,0.563,0.725,11.9,222.0,recomputed
2026-08-08T05:30:00Z,2026-08-08T00:00:00Z,2026-08-08T12:00:00Z,12,spectrum,buoy,0.73,buoy,,,,0.73,17.8,197.0,recomputed
2026-08-08T05:30:00Z,2026-08-08T00:00:00Z,2026-08-08T12:00:00Z,12,spectrum,coronado_north,0.712,5m,5.0,0.712,0.544,0.73,17.8,208.0,recomputed
2026-08-08T05:30:00Z,2026-08-08T00:00:00Z,2026-08-08T12:00:00Z,12,spectrum,coronado_center,0.482,5m,5.0,0.482,0.562,0.73,11.9,231.0,recomputed
2026-08-08T05:30:00Z,2026-08-08T00:00:00Z,2026-08-08T12:00:00Z,12,spectrum,coronado_south,0.352,5m,5.0,0.352,0.57,0.73,11.9,220.0,recomputed
2026-08-08T05:30:00Z,2026-08-08T00:00:00Z,2026-08-08T15:00:00Z,15,spectrum,buoy,0.722,buoy,,,,0.722,17.8,195.0,recomputed
2026-08-08T05:30:00Z,2026-08-08T00:00:00Z,2026-08-08T15:00:00Z,15,spectrum,coronado_north,0.721,5m,5.0,0.721,0.548,0.722,16.6,208.0,recomputed
2026-08-08T05:30:00Z,2026-08-08T00:00:00Z,2026-08-08T15:00:00Z,15,spectrum,coronado_center,0.48,5m,5.0,0.48,0.565,0.722,11.9,231.0,recomputed
2026-08-08T05:30:00Z,2026-08-08T00:00:00Z,2026-08-08T15:00:00Z,15,spectrum,coronado_south,0.35,5m,5.0,0.35,0.57,0.722,11.9,220.0,recomputed
2026-08-08T05:30:00Z,2026-08-08T00:00:00Z,2026-08-08T18:00:00Z,18,spectrum,buoy,0.726,buoy,,,,0.726,16.6,199.0,recomputed
2026-08-08T05:30:00Z,2026-08-08T00:00:00Z,2026-08-08T18:00:00Z,18,spectrum,coronado_north,0.729,5m,5.0,0.729,0.551,0.726,16.6,207.0,recomputed
2026-08-08T05:30:00Z,2026-08-08T00:00:00Z,2026-08-08T18:00:00Z,18,spectrum,coronado_center,0.474,5m,5.0,0.474,0.567,0.726,16.6,221.0,recomputed
2026-08-08T05:30:00Z,2026-08-08T00:00:00Z,2026-08-08T18:00:00Z,18,spectrum,coronado_south,0.346,5m,5.0,0.346,0.57,0.726,11.9,220.0,recomputed
2026-08-08T05:30:00Z,2026-08-08T00:00:00Z,2026-08-08T21:00:00Z,21,spectrum,buoy,0.788,buoy,,,,0.788,16.6,197.0,recomputed
2026-08-08T05:30:00Z,2026-08-08T00:00:00Z,2026-08-08T21:00:00Z,21,spectrum,coronado_north,0.737,5m,5.0,0.737,0.559,0.788,16.6,207.0,recomputed
2026-08-08T05:30:00Z,2026-08-08T00:00:00Z,2026-08-08T21:00:00Z,21,spectrum,coronado_center,0.475,5m,5.0,0.475,0.577,0.788,16.6,220.0,recomputed
2026-08-08T05:30:00Z,2026-08-08T00:00:00Z,2026-08-08T21:00:00Z,21,spectrum,coronado_south,0.395,5m,5.0,0.395,0.584,0.788,11.9,221.0,recomputed
2026-08-08T05:30:00Z,2026-08-08T00:00:00Z,2026-08-09T00:00:00Z,24,spectrum,buoy,0.874,buoy,,,,0.874,16.6,196.0,recomputed
2026-08-08T05:30:00Z,2026-08-08T00:00:00Z,2026-08-09T00:00:00Z,24,spectrum,coronado_north,0.745,5m,5.0,0.745,0.57,0.874,16.6,206.0,recomputed
2026-08-08T05:30:00Z,2026-08-08T00:00:00Z,2026-08-09T00:00:00Z,24,spectrum,coronado_center,0.487,5m,5.0,0.487,0.597,0.874,16.6,220.0,recomputed
2026-08-08T05:30:00Z,2026-08-08T00:00:00Z,2026-08-09T00:00:00Z,24,spectrum,coronado_south,0.426,5m,5.0,0.426,0.618,0.874,4.0,250.0,recomputed
2026-08-08T05:30:00Z,2026-08-08T00:00:00Z,2026-08-09T03:00:00Z,27,spectrum,buoy,0.916,buoy,,,,0.916,16.6,196.0,recomputed
2026-08-08T05:30:00Z,2026-08-08T00:00:00Z,2026-08-09T03:00:00Z,27,spectrum,coronado_north,0.749,5m,5.0,0.749,0.58,0.916,16.6,206.0,recomputed
2026-08-08T05:30:00Z,2026-08-08T00:00:00Z,2026-08-09T03:00:00Z,27,spectrum,coronado_center,0.496,5m,5.0,0.496,0.61,0.916,16.6,221.0,recomputed
2026-08-08T05:30:00Z,2026-08-08T00:00:00Z,2026-08-09T03:00:00Z,27,spectrum,coronado_south,0.441,5m,5.0,0.441,0.639,0.916,4.6,251.0,recomputed
2026-08-08T05:30:00Z,2026-08-08T00:00:00Z,2026-08-09T06:00:00Z,30,spectrum,buoy,0.915,buoy,,,,0.915,15.6,199.0,recomputed
2026-08-08T05:30:00Z,2026-08-08T00:00:00Z,2026-08-09T06:00:00Z,30,spectrum,coronado_north,0.746,5m,5.0,0.746,0.582,0.915,15.6,207.0,recomputed
2026-08-08T05:30:00Z,2026-08-08T00:00:00Z,2026-08-09T06:00:00Z,30,spectrum,coronado_center,0.492,5m,5.0,0.492,0.61,0.915,15.6,222.0,recomputed
2026-08-08T05:30:00Z,2026-08-08T00:00:00Z,2026-08-09T06:00:00Z,30,spectrum,coronado_south,0.44,5m,5.0,0.44,0.637,0.915,4.6,250.0,recomputed
2026-08-08T05:30:00Z,2026-08-08T00:00:00Z,2026-08-09T09:00:00Z,33,spectrum,buoy,0.878,buoy,,,,0.878,15.6,198.0,recomputed
2026-08-08T05:30:00Z,2026-08-08T00:00:00Z,2026-08-09T09:00:00Z,33,spectrum,coronado_north,0.742,5m,5.0,0.742,0.581,0.878,15.6,208.0,recomputed
2026-08-08T05:30:00Z,2026-08-08T00:00:00Z,2026-08-09T09:00:00Z,33,spectrum,coronado_center,0.479,5m,5.0,0.479,0.605,0.878,15.6,222.0,recomputed
2026-08-08T05:30:00Z,2026-08-08T00:00:00Z,2026-08-09T09:00:00Z,33,spectrum,coronado_south,0.408,5m,5.0,0.408,0.623,0.878,4.6,250.0,recomputed
2026-08-08T05:30:00Z,2026-08-08T00:00:00Z,2026-08-09T12:00:00Z,36,spectrum,buoy,0.828,buoy,,,,0.828,15.6,197.0,recomputed
2026-08-08T05:30:00Z,2026-08-08T00:00:00Z,2026-08-09T12:00:00Z,36,spectrum,coronado_north,0.74,5m,5.0,0.74,0.582,0.828,15.6,209.0,recomputed
2026-08-08T05:30:00Z,2026-08-08T00:00:00Z,2026-08-09T12:00:00Z,36,spectrum,coronado_center,0.469,5m,5.0,0.469,0.602,0.828,15.6,222.0,recomputed
2026-08-08T05:30:00Z,2026-08-08T00:00:00Z,2026-08-09T12:00:00Z,36,spectrum,coronado_south,0.393,5m,5.0,0.393,0.612,0.828,4.6,248.0,recomputed
2026-08-08T05:30:00Z,2026-08-08T00:00:00Z,2026-08-09T15:00:00Z,39,spectrum,buoy,0.792,buoy,,,,0.792,15.6,197.0,recomputed
2026-08-08T05:30:00Z,2026-08-08T00:00:00Z,2026-08-09T15:00:00Z,39,spectrum,coronado_north,0.738,5m,5.0,0.738,0.582,0.792,15.6,209.0,recomputed
2026-08-08T05:30:00Z,2026-08-08T00:00:00Z,2026-08-09T15:00:00Z,39,spectrum,coronado_center,0.457,5m,5.0,0.457,0.6,0.792,14.5,223.0,recomputed
2026-08-08T05:30:00Z,2026-08-08T00:00:00Z,2026-08-09T15:00:00Z,39,spectrum,coronado_south,0.383,5m,5.0,0.383,0.604,0.792,11.9,223.0,recomputed
2026-08-08T05:30:00Z,2026-08-08T00:00:00Z,2026-08-09T18:00:00Z,42,spectrum,buoy,0.762,buoy,,,,0.762,15.6,197.0,recomputed
2026-08-08T05:30:00Z,2026-08-08T00:00:00Z,2026-08-09T18:00:00Z,42,spectrum,coronado_north,0.737,5m,5.0,0.737,0.582,0.762,15.6,210.0,recomputed
2026-08-08T05:30:00Z,2026-08-08T00:00:00Z,2026-08-09T18:00:00Z,42,spectrum,coronado_center,0.461,5m,5.0,0.461,0.598,0.762,14.5,223.0,recomputed
2026-08-08T05:30:00Z,2026-08-08T00:00:00Z,2026-08-09T18:00:00Z,42,spectrum,coronado_south,0.376,5m,5.0,0.376,0.599,0.762,11.1,224.0,recomputed
2026-08-08T05:30:00Z,2026-08-08T00:00:00Z,2026-08-09T21:00:00Z,45,spectrum,buoy,0.746,buoy,,,,0.746,14.5,200.0,recomputed
2026-08-08T05:30:00Z,2026-08-08T00:00:00Z,2026-08-09T21:00:00Z,45,spectrum,coronado_north,0.732,5m,5.0,0.732,0.581,0.746,14.5,210.0,recomputed
2026-08-08T05:30:00Z,2026-08-08T00:00:00Z,2026-08-09T21:00:00Z,45,spectrum,coronado_center,0.458,5m,5.0,0.458,0.597,0.746,14.5,223.0,recomputed
2026-08-08T05:30:00Z,2026-08-08T00:00:00Z,2026-08-09T21:00:00Z,45,spectrum,coronado_south,0.368,5m,5.0,0.368,0.598,0.746,11.1,223.0,recomputed
2026-08-08T05:30:00Z,2026-08-08T00:00:00Z,2026-08-10T00:00:00Z,48,spectrum,buoy,0.736,buoy,,,,0.736,14.5,199.0,recomputed
2026-08-08T05:30:00Z,2026-08-08T00:00:00Z,2026-08-10T00:00:00Z,48,spectrum,coronado_north,0.721,5m,5.0,0.721,0.577,0.736,14.5,210.0,recomputed
2026-08-08T05:30:00Z,2026-08-08T00:00:00Z,2026-08-10T00:00:00Z,48,spectrum,coronado_center,0.449,5m,5.0,0.449,0.593,0.736,14.5,223.0,recomputed
2026-08-08T05:30:00Z,2026-08-08T00:00:00Z,2026-08-10T00:00:00Z,48,spectrum,coronado_south,0.359,5m,5.0,0.359,0.593,0.736,11.9,222.0,recomputed
2026-08-08T05:30:00Z,2026-08-08T00:00:00Z,2026-08-10T03:00:00Z,51,spectrum,buoy,0.726,buoy,,,,0.726,14.5,198.0,recomputed
2026-08-08T05:30:00Z,2026-08-08T00:00:00Z,2026-08-10T03:00:00Z,51,spectrum,coronado_north,0.706,5m,5.0,0.706,0.57,0.726,14.5,211.0,recomputed
2026-08-08T05:30:00Z,2026-08-08T00:00:00Z,2026-08-10T03:00:00Z,51,spectrum,coronado_center,0.442,5m,5.0,0.442,0.586,0.726,14.5,223.0,recomputed
2026-08-08T05:30:00Z,2026-08-08T00:00:00Z,2026-08-10T03:00:00Z,51,spectrum,coronado_south,0.355,5m,5.0,0.355,0.587,0.726,11.9,220.0,recomputed
2026-08-08T05:30:00Z,2026-08-08T00:00:00Z,2026-08-10T06:00:00Z,54,spectrum,buoy,0.711,buoy,,,,0.711,14.5,198.0,recomputed
2026-08-08T05:30:00Z,2026-08-08T00:00:00Z,2026-08-10T06:00:00Z,54,spectrum,coronado_north,0.698,5m,5.0,0.698,0.561,0.711,14.5,211.0,recomputed
2026-08-08T05:30:00Z,2026-08-08T00:00:00Z,2026-08-10T06:00:00Z,54,spectrum,coronado_center,0.434,5m,5.0,0.434,0.577,0.711,14.5,223.0,recomputed
2026-08-08T05:30:00Z,2026-08-08T00:00:00Z,2026-08-10T06:00:00Z,54,spectrum,coronado_south,0.337,5m,5.0,0.337,0.577,0.711,11.9,221.0,recomputed
2026-08-08T05:30:00Z,2026-08-08T00:00:00Z,2026-08-10T09:00:00Z,57,spectrum,buoy,0.694,buoy,,,,0.694,14.5,197.0,recomputed
2026-08-08T05:30:00Z,2026-08-08T00:00:00Z,2026-08-10T09:00:00Z,57,spectrum,coronado_north,0.697,5m,5.0,0.697,0.554,0.694,14.5,212.0,recomputed
2026-08-08T05:30:00Z,2026-08-08T00:00:00Z,2026-08-10T09:00:00Z,57,spectrum,coronado_center,0.445,5m,5.0,0.445,0.569,0.694,13.6,224.0,recomputed
2026-08-08T05:30:00Z,2026-08-08T00:00:00Z,2026-08-10T09:00:00Z,57,spectrum,coronado_south,0.342,5m,5.0,0.342,0.567,0.694,11.9,222.0,recomputed
2026-08-08T05:30:00Z,2026-08-08T00:00:00Z,2026-08-10T12:00:00Z,60,spectrum,buoy,0.678,buoy,,,,0.678,13.6,200.0,recomputed
2026-08-08T05:30:00Z,2026-08-08T00:00:00Z,2026-08-10T12:00:00Z,60,spectrum,coronado_north,0.695,5m,5.0,0.695,0.548,0.678,13.6,212.0,recomputed
2026-08-08T05:30:00Z,2026-08-08T00:00:00Z,2026-08-10T12:00:00Z,60,spectrum,coronado_center,0.442,5m,5.0,0.442,0.562,0.678,13.6,224.0,recomputed
2026-08-08T05:30:00Z,2026-08-08T00:00:00Z,2026-08-10T12:00:00Z,60,spectrum,coronado_south,0.322,5m,5.0,0.322,0.56,0.678,14.5,217.0,recomputed
2026-08-08T05:30:00Z,2026-08-08T00:00:00Z,2026-08-10T15:00:00Z,63,spectrum,buoy,0.662,buoy,,,,0.662,13.6,199.0,recomputed
2026-08-08T05:30:00Z,2026-08-08T00:00:00Z,2026-08-10T15:00:00Z,63,spectrum,coronado_north,0.689,5m,5.0,0.689,0.539,0.662,13.6,212.0,recomputed
2026-08-08T05:30:00Z,2026-08-08T00:00:00Z,2026-08-10T15:00:00Z,63,spectrum,coronado_center,0.439,5m,5.0,0.439,0.552,0.662,13.6,225.0,recomputed
2026-08-08T05:30:00Z,2026-08-08T00:00:00Z,2026-08-10T15:00:00Z,63,spectrum,coronado_south,0.313,5m,5.0,0.313,0.549,0.662,14.5,217.0,recomputed
2026-08-08T05:30:00Z,2026-08-08T00:00:00Z,2026-08-10T18:00:00Z,66,spectrum,buoy,0.644,buoy,,,,0.644,13.6,199.0,recomputed
2026-08-08T05:30:00Z,2026-08-08T00:00:00Z,2026-08-10T18:00:00Z,66,spectrum,coronado_north,0.678,5m,5.0,0.678,0.527,0.644,13.6,212.0,recomputed
2026-08-08T05:30:00Z,2026-08-08T00:00:00Z,2026-08-10T18:00:00Z,66,spectrum,coronado_center,0.428,5m,5.0,0.428,0.539,0.644,13.6,225.0,recomputed
2026-08-08T05:30:00Z,2026-08-08T00:00:00Z,2026-08-10T18:00:00Z,66,spectrum,coronado_south,0.305,5m,5.0,0.305,0.535,0.644,13.6,217.0,recomputed
2026-08-08T05:30:00Z,2026-08-08T00:00:00Z,2026-08-10T21:00:00Z,69,spectrum,buoy,0.631,buoy,,,,0.631,13.6,199.0,recomputed
2026-08-08T05:30:00Z,2026-08-08T00:00:00Z,2026-08-10T21:00:00Z,69,spectrum,coronado_north,0.663,5m,5.0,0.663,0.517,0.631,13.6,213.0,recomputed
2026-08-08T05:30:00Z,2026-08-08T00:00:00Z,2026-08-10T21:00:00Z,69,spectrum,coronado_center,0.419,5m,5.0,0.419,0.529,0.631,13.6,226.0,recomputed
2026-08-08T05:30:00Z,2026-08-08T00:00:00Z,2026-08-10T21:00:00Z,69,spectrum,coronado_south,0.301,5m,5.0,0.301,0.525,0.631,12.7,217.0,recomputed
2026-08-08T05:30:00Z,2026-08-08T00:00:00Z,2026-08-11T00:00:00Z,72,spectrum,buoy,0.623,buoy,,,,0.623,13.6,198.0,recomputed
2026-08-08T05:30:00Z,2026-08-08T00:00:00Z,2026-08-11T00:00:00Z,72,spectrum,coronado_north,0.661,5m,5.0,0.661,0.512,0.623,13.6,214.0,recomputed
2026-08-08T05:30:00Z,2026-08-08T00:00:00Z,2026-08-11T00:00:00Z,72,spectrum,coronado_center,0.428,5m,5.0,0.428,0.523,0.623,13.6,226.0,recomputed
2026-08-08T05:30:00Z,2026-08-08T00:00:00Z,2026-08-11T00:00:00Z,72,spectrum,coronado_south,0.301,5m,5.0,0.301,0.519,0.623,12.7,217.0,recomputed
2026-08-08T05:30:00Z,2026-08-08T00:00:00Z,2026-08-11T03:00:00Z,75,spectrum,buoy,0.628,buoy,,,,0.628,13.6,197.0,recomputed
2026-08-08T05:30:00Z,2026-08-08T00:00:00Z,2026-08-11T03:00:00Z,75,spectrum,coronado_north,0.684,5m,5.0,0.684,0.518,0.628,13.6,213.0,recomputed
2026-08-08T05:30:00Z,2026-08-08T00:00:00Z,2026-08-11T03:00:00Z,75,spectrum,coronado_center,0.455,5m,5.0,0.455,0.53,0.628,15.6,227.0,recomputed
2026-08-08T05:30:00Z,2026-08-08T00:00:00Z,2026-08-11T03:00:00Z,75,spectrum,coronado_south,0.311,5m,5.0,0.311,0.526,0.628,12.7,218.0,recomputed
2026-08-08T05:30:00Z,2026-08-08T00:00:00Z,2026-08-11T06:00:00Z,78,spectrum,buoy,0.627,buoy,,,,0.627,13.6,196.0,recomputed
2026-08-08T05:30:00Z,2026-08-08T00:00:00Z,2026-08-11T06:00:00Z,78,spectrum,coronado_north,0.694,5m,5.0,0.694,0.518,0.627,13.6,213.0,recomputed
2026-08-08T05:30:00Z,2026-08-08T00:00:00Z,2026-08-11T06:00:00Z,78,spectrum,coronado_center,0.469,5m,5.0,0.469,0.529,0.627,15.6,227.0,recomputed
2026-08-08T05:30:00Z,2026-08-08T00:00:00Z,2026-08-11T06:00:00Z,78,spectrum,coronado_south,0.306,5m,5.0,0.306,0.525,0.627,12.7,218.0,recomputed
2026-08-08T05:30:00Z,2026-08-08T00:00:00Z,2026-08-11T09:00:00Z,81,spectrum,buoy,0.621,buoy,,,,0.621,12.7,198.0,recomputed
2026-08-08T05:30:00Z,2026-08-08T00:00:00Z,2026-08-11T09:00:00Z,81,spectrum,coronado_north,0.684,5m,5.0,0.684,0.51,0.621,12.7,214.0,recomputed
2026-08-08T05:30:00Z,2026-08-08T00:00:00Z,2026-08-11T09:00:00Z,81,spectrum,coronado_center,0.472,5m,5.0,0.472,0.522,0.621,15.6,228.0,recomputed
2026-08-08T05:30:00Z,2026-08-08T00:00:00Z,2026-08-11T09:00:00Z,81,spectrum,coronado_south,0.316,5m,5.0,0.316,0.517,0.621,12.7,218.0,recomputed
2026-08-08T05:30:00Z,2026-08-08T00:00:00Z,2026-08-11T12:00:00Z,84,spectrum,buoy,0.611,buoy,,,,0.611,12.7,197.0,recomputed
2026-08-08T05:30:00Z,2026-08-08T00:00:00Z,2026-08-11T12:00:00Z,84,spectrum,coronado_north,0.663,5m,5.0,0.663,0.499,0.611,12.7,215.0,recomputed
2026-08-08T05:30:00Z,2026-08-08T00:00:00Z,2026-08-11T12:00:00Z,84,spectrum,coronado_center,0.461,5m,5.0,0.461,0.51,0.611,14.5,228.0,recomputed
2026-08-08T05:30:00Z,2026-08-08T00:00:00Z,2026-08-11T12:00:00Z,84,spectrum,coronado_south,0.301,5m,5.0,0.301,0.506,0.611,12.7,218.0,recomputed
2026-08-08T05:30:00Z,2026-08-08T00:00:00Z,2026-08-11T15:00:00Z,87,spectrum,buoy,0.604,buoy,,,,0.604,12.7,197.0,recomputed
2026-08-08T05:30:00Z,2026-08-08T00:00:00Z,2026-08-11T15:00:00Z,87,spectrum,coronado_north,0.646,5m,5.0,0.646,0.494,0.604,12.7,215.0,recomputed
2026-08-08T05:30:00Z,2026-08-08T00:00:00Z,2026-08-11T15:00:00Z,87,spectrum,coronado_center,0.454,5m,5.0,0.454,0.504,0.604,14.5,228.0,recomputed
2026-08-08T05:30:00Z,2026-08-08T00:00:00Z,2026-08-11T15:00:00Z,87,spectrum,coronado_south,0.299,5m,5.0,0.299,0.499,0.604,12.7,217.0,recomputed
2026-08-08T05:30:00Z,2026-08-08T00:00:00Z,2026-08-11T18:00:00Z,90,spectrum,buoy,0.605,buoy,,,,0.605,12.7,196.0,recomputed
2026-08-08T05:30:00Z,2026-08-08T00:00:00Z,2026-08-11T18:00:00Z,90,spectrum,coronado_north,0.651,5m,5.0,0.651,0.498,0.605,14.5,216.0,recomputed
2026-08-08T05:30:00Z,2026-08-08T00:00:00Z,2026-08-11T18:00:00Z,90,spectrum,coronado_center,0.465,5m,5.0,0.465,0.508,0.605,14.5,228.0,recomputed
2026-08-08T05:30:00Z,2026-08-08T00:00:00Z,2026-08-11T18:00:00Z,90,spectrum,coronado_south,0.299,5m,5.0,0.299,0.504,0.605,12.7,217.0,recomputed
2026-08-08T05:30:00Z,2026-08-08T00:00:00Z,2026-08-11T21:00:00Z,93,spectrum,buoy,0.619,buoy,,,,0.619,12.7,195.0,recomputed
2026-08-08T05:30:00Z,2026-08-08T00:00:00Z,2026-08-11T21:00:00Z,93,spectrum,coronado_north,0.679,5m,5.0,0.679,0.514,0.619,14.5,217.0,recomputed
2026-08-08T05:30:00Z,2026-08-08T00:00:00Z,2026-08-11T21:00:00Z,93,spectrum,coronado_center,0.498,5m,5.0,0.498,0.525,0.619,14.5,228.0,recomputed
2026-08-08T05:30:00Z,2026-08-08T00:00:00Z,2026-08-11T21:00:00Z,93,spectrum,coronado_south,0.316,5m,5.0,0.316,0.52,0.619,11.9,218.0,recomputed
2026-08-08T05:30:00Z,2026-08-08T00:00:00Z,2026-08-12T00:00:00Z,96,spectrum,buoy,0.64,buoy,,,,0.64,17.8,215.0,recomputed
2026-08-08T05:30:00Z,2026-08-08T00:00:00Z,2026-08-12T00:00:00Z,96,spectrum,coronado_north,0.7,5m,5.0,0.7,0.529,0.64,14.5,217.0,recomputed
2026-08-08T05:30:00Z,2026-08-08T00:00:00Z,2026-08-12T00:00:00Z,96,spectrum,coronado_center,0.521,5m,5.0,0.521,0.54,0.64,14.5,228.0,recomputed
2026-08-08T05:30:00Z,2026-08-08T00:00:00Z,2026-08-12T00:00:00Z,96,spectrum,coronado_south,0.321,5m,5.0,0.321,0.536,0.64,11.9,216.0,recomputed
2026-08-08T05:30:00Z,2026-08-08T00:00:00Z,2026-08-12T03:00:00Z,99,spectrum,buoy,0.648,buoy,,,,0.648,17.8,213.0,recomputed
2026-08-08T05:30:00Z,2026-08-08T00:00:00Z,2026-08-12T03:00:00Z,99,spectrum,coronado_north,0.705,5m,5.0,0.705,0.533,0.648,14.5,217.0,recomputed
2026-08-08T05:30:00Z,2026-08-08T00:00:00Z,2026-08-12T03:00:00Z,99,spectrum,coronado_center,0.528,5m,5.0,0.528,0.544,0.648,17.8,226.0,recomputed
2026-08-08T05:30:00Z,2026-08-08T00:00:00Z,2026-08-12T03:00:00Z,99,spectrum,coronado_south,0.325,5m,5.0,0.325,0.541,0.648,11.9,215.0,recomputed
2026-08-08T05:30:00Z,2026-08-08T00:00:00Z,2026-08-12T06:00:00Z,102,spectrum,buoy,0.642,buoy,,,,0.642,17.8,211.0,recomputed
2026-08-08T05:30:00Z,2026-08-08T00:00:00Z,2026-08-12T06:00:00Z,102,spectrum,coronado_north,0.689,5m,5.0,0.689,0.526,0.642,14.5,216.0,recomputed
2026-08-08T05:30:00Z,2026-08-08T00:00:00Z,2026-08-12T06:00:00Z,102,spectrum,coronado_center,0.52,5m,5.0,0.52,0.538,0.642,17.8,226.0,recomputed
2026-08-08T05:30:00Z,2026-08-08T00:00:00Z,2026-08-12T06:00:00Z,102,spectrum,coronado_south,0.333,5m,5.0,0.333,0.535,0.642,11.9,214.0,recomputed
2026-08-08T05:30:00Z,2026-08-08T00:00:00Z,2026-08-12T09:00:00Z,105,spectrum,buoy,0.633,buoy,,,,0.633,17.8,210.0,recomputed
2026-08-08T05:30:00Z,2026-08-08T00:00:00Z,2026-08-12T09:00:00Z,105,spectrum,coronado_north,0.673,5m,5.0,0.673,0.519,0.633,13.6,216.0,recomputed
2026-08-08T05:30:00Z,2026-08-08T00:00:00Z,2026-08-12T09:00:00Z,105,spectrum,coronado_center,0.506,5m,5.0,0.506,0.531,0.633,17.8,226.0,recomputed
2026-08-08T05:30:00Z,2026-08-08T00:00:00Z,2026-08-12T09:00:00Z,105,spectrum,coronado_south,0.322,5m,5.0,0.322,0.528,0.633,11.9,213.0,recomputed
2026-08-08T05:30:00Z,2026-08-08T00:00:00Z,2026-08-12T12:00:00Z,108,spectrum,buoy,0.632,buoy,,,,0.632,17.8,210.0,recomputed
2026-08-08T05:30:00Z,2026-08-08T00:00:00Z,2026-08-12T12:00:00Z,108,spectrum,coronado_north,0.679,5m,5.0,0.679,0.522,0.632,17.8,219.0,recomputed
2026-08-08T05:30:00Z,2026-08-08T00:00:00Z,2026-08-12T12:00:00Z,108,spectrum,coronado_center,0.516,5m,5.0,0.516,0.533,0.632,16.6,226.0,recomputed
2026-08-08T05:30:00Z,2026-08-08T00:00:00Z,2026-08-12T12:00:00Z,108,spectrum,coronado_south,0.319,5m,5.0,0.319,0.53,0.632,11.9,214.0,recomputed
2026-08-08T05:30:00Z,2026-08-08T00:00:00Z,2026-08-12T15:00:00Z,111,spectrum,buoy,0.645,buoy,,,,0.645,16.6,213.0,recomputed
2026-08-08T05:30:00Z,2026-08-08T00:00:00Z,2026-08-12T15:00:00Z,111,spectrum,coronado_north,0.713,5m,5.0,0.713,0.537,0.645,16.6,219.0,recomputed
2026-08-08T05:30:00Z,2026-08-08T00:00:00Z,2026-08-12T15:00:00Z,111,spectrum,coronado_center,0.552,5m,5.0,0.552,0.548,0.645,16.6,225.0,recomputed
2026-08-08T05:30:00Z,2026-08-08T00:00:00Z,2026-08-12T15:00:00Z,111,spectrum,coronado_south,0.338,5m,5.0,0.338,0.545,0.645,11.9,214.0,recomputed
2026-08-08T05:30:00Z,2026-08-08T00:00:00Z,2026-08-12T18:00:00Z,114,spectrum,buoy,0.658,buoy,,,,0.658,16.6,212.0,recomputed
2026-08-08T05:30:00Z,2026-08-08T00:00:00Z,2026-08-12T18:00:00Z,114,spectrum,coronado_north,0.741,5m,5.0,0.741,0.552,0.658,16.6,219.0,recomputed
2026-08-08T05:30:00Z,2026-08-08T00:00:00Z,2026-08-12T18:00:00Z,114,spectrum,coronado_center,0.573,5m,5.0,0.573,0.564,0.658,16.6,226.0,recomputed
2026-08-08T05:30:00Z,2026-08-08T00:00:00Z,2026-08-12T18:00:00Z,114,spectrum,coronado_south,0.334,5m,5.0,0.334,0.559,0.658,11.9,214.0,recomputed
2026-08-08T05:30:00Z,2026-08-08T00:00:00Z,2026-08-12T21:00:00Z,117,spectrum,buoy,0.662,buoy,,,,0.662,16.6,212.0,recomputed
2026-08-08T05:30:00Z,2026-08-08T00:00:00Z,2026-08-12T21:00:00Z,117,spectrum,coronado_north,0.752,5m,5.0,0.752,0.557,0.662,16.6,219.0,recomputed
2026-08-08T05:30:00Z,2026-08-08T00:00:00Z,2026-08-12T21:00:00Z,117,spectrum,coronado_center,0.584,5m,5.0,0.584,0.569,0.662,16.6,226.0,recomputed
2026-08-08T05:30:00Z,2026-08-08T00:00:00Z,2026-08-12T21:00:00Z,117,spectrum,coronado_south,0.345,5m,5.0,0.345,0.565,0.662,11.9,214.0,recomputed
2026-08-08T05:30:00Z,2026-08-08T00:00:00Z,2026-08-13T00:00:00Z,120,spectrum,buoy,0.662,buoy,,,,0.662,16.6,212.0,recomputed
2026-08-08T05:30:00Z,2026-08-08T00:00:00Z,2026-08-13T00:00:00Z,120,spectrum,coronado_north,0.745,5m,5.0,0.745,0.554,0.662,16.6,219.0,recomputed
2026-08-08T05:30:00Z,2026-08-08T00:00:00Z,2026-08-13T00:00:00Z,120,spectrum,coronado_center,0.578,5m,5.0,0.578,0.567,0.662,16.6,226.0,recomputed
2026-08-08T05:30:00Z,2026-08-08T00:00:00Z,2026-08-13T00:00:00Z,120,spectrum,coronado_south,0.351,5m,5.0,0.351,0.563,0.662,11.9,213.0,recomputed
2026-08-08T05:30:00Z,2026-08-08T00:00:00Z,2026-08-13T03:00:00Z,123,spectrum,buoy,0.668,buoy,,,,0.668,16.6,212.0,recomputed
2026-08-08T05:30:00Z,2026-08-08T00:00:00Z,2026-08-13T03:00:00Z,123,spectrum,coronado_north,0.733,5m,5.0,0.733,0.552,0.668,16.6,219.0,recomputed
2026-08-08T05:30:00Z,2026-08-08T00:00:00Z,2026-08-13T03:00:00Z,123,spectrum,coronado_center,0.557,5m,5.0,0.557,0.565,0.668,16.6,226.0,recomputed
2026-08-08T05:30:00Z,2026-08-08T00:00:00Z,2026-08-13T03:00:00Z,123,spectrum,coronado_south,0.346,5m,5.0,0.346,0.564,0.668,11.9,212.0,recomputed
2026-08-08T05:30:00Z,2026-08-08T00:00:00Z,2026-08-13T06:00:00Z,126,spectrum,buoy,0.679,buoy,,,,0.679,15.6,211.0,recomputed
2026-08-08T05:30:00Z,2026-08-08T00:00:00Z,2026-08-13T06:00:00Z,126,spectrum,coronado_north,0.739,5m,5.0,0.739,0.557,0.679,15.6,219.0,recomputed
2026-08-08T05:30:00Z,2026-08-08T00:00:00Z,2026-08-13T06:00:00Z,126,spectrum,coronado_center,0.55,5m,5.0,0.55,0.571,0.679,16.6,227.0,recomputed
2026-08-08T05:30:00Z,2026-08-08T00:00:00Z,2026-08-13T06:00:00Z,126,spectrum,coronado_south,0.343,5m,5.0,0.343,0.57,0.679,11.9,212.0,recomputed
2026-08-08T05:30:00Z,2026-08-08T00:00:00Z,2026-08-13T09:00:00Z,129,spectrum,buoy,0.69,buoy,,,,0.69,15.6,211.0,recomputed
2026-08-08T05:30:00Z,2026-08-08T00:00:00Z,2026-08-13T09:00:00Z,129,spectrum,coronado_north,0.759,5m,5.0,0.759,0.567,0.69,15.6,219.0,recomputed
2026-08-08T05:30:00Z,2026-08-08T00:00:00Z,2026-08-13T09:00:00Z,129,spectrum,coronado_center,0.561,5m,5.0,0.561,0.58,0.69,15.6,227.0,recomputed
2026-08-08T05:30:00Z,2026-08-08T00:00:00Z,2026-08-13T09:00:00Z,129,spectrum,coronado_south,0.338,5m,5.0,0.338,0.579,0.69,11.9,212.0,recomputed
2026-08-08T05:30:00Z,2026-08-08T00:00:00Z,2026-08-13T12:00:00Z,132,spectrum,buoy,0.694,buoy,,,,0.694,15.6,212.0,recomputed
2026-08-08T05:30:00Z,2026-08-08T00:00:00Z,2026-08-13T12:00:00Z,132,spectrum,coronado_north,0.774,5m,5.0,0.774,0.574,0.694,15.6,219.0,recomputed
2026-08-08T05:30:00Z,2026-08-08T00:00:00Z,2026-08-13T12:00:00Z,132,spectrum,coronado_center,0.565,5m,5.0,0.565,0.588,0.694,15.6,227.0,recomputed
2026-08-08T05:30:00Z,2026-08-08T00:00:00Z,2026-08-13T12:00:00Z,132,spectrum,coronado_south,0.338,5m,5.0,0.338,0.586,0.694,12.7,212.0,recomputed
2026-08-08T05:30:00Z,2026-08-08T00:00:00Z,2026-08-13T15:00:00Z,135,spectrum,buoy,0.694,buoy,,,,0.694,15.6,212.0,recomputed
2026-08-08T05:30:00Z,2026-08-08T00:00:00Z,2026-08-13T15:00:00Z,135,spectrum,coronado_north,0.77,5m,5.0,0.77,0.578,0.694,15.6,220.0,recomputed
2026-08-08T05:30:00Z,2026-08-08T00:00:00Z,2026-08-13T15:00:00Z,135,spectrum,coronado_center,0.569,5m,5.0,0.569,0.592,0.694,15.6,228.0,recomputed
2026-08-08T05:30:00Z,2026-08-08T00:00:00Z,2026-08-13T15:00:00Z,135,spectrum,coronado_south,0.338,5m,5.0,0.338,0.589,0.694,12.7,212.0,recomputed
2026-08-08T05:30:00Z,2026-08-08T00:00:00Z,2026-08-13T18:00:00Z,138,spectrum,buoy,0.696,buoy,,,,0.696,15.6,213.0,recomputed
2026-08-08T05:30:00Z,2026-08-08T00:00:00Z,2026-08-13T18:00:00Z,138,spectrum,coronado_north,0.773,5m,5.0,0.773,0.583,0.696,15.6,220.0,recomputed
2026-08-08T05:30:00Z,2026-08-08T00:00:00Z,2026-08-13T18:00:00Z,138,spectrum,coronado_center,0.572,5m,5.0,0.572,0.596,0.696,15.6,228.0,recomputed
2026-08-08T05:30:00Z,2026-08-08T00:00:00Z,2026-08-13T18:00:00Z,138,spectrum,coronado_south,0.338,5m,5.0,0.338,0.592,0.696,12.7,212.0,recomputed
2026-08-08T05:30:00Z,2026-08-08T00:00:00Z,2026-08-13T21:00:00Z,141,spectrum,buoy,0.701,buoy,,,,0.701,15.6,213.0,recomputed
2026-08-08T05:30:00Z,2026-08-08T00:00:00Z,2026-08-13T21:00:00Z,141,spectrum,coronado_north,0.785,5m,5.0,0.785,0.592,0.701,15.6,220.0,recomputed
2026-08-08T05:30:00Z,2026-08-08T00:00:00Z,2026-08-13T21:00:00Z,141,spectrum,coronado_center,0.582,5m,5.0,0.582,0.604,0.701,16.6,228.0,recomputed
2026-08-08T05:30:00Z,2026-08-08T00:00:00Z,2026-08-13T21:00:00Z,141,spectrum,coronado_south,0.352,5m,5.0,0.352,0.599,0.701,11.9,211.0,recomputed
2026-08-08T05:30:00Z,2026-08-08T00:00:00Z,2026-08-14T00:00:00Z,144,spectrum,buoy,0.719,buoy,,,,0.719,14.5,209.0,recomputed
2026-08-08T05:30:00Z,2026-08-08T00:00:00Z,2026-08-14T00:00:00Z,144,spectrum,coronado_north,0.802,5m,5.0,0.802,0.606,0.719,15.6,218.0,recomputed
2026-08-08T05:30:00Z,2026-08-08T00:00:00Z,2026-08-14T00:00:00Z,144,spectrum,coronado_center,0.594,5m,5.0,0.594,0.619,0.719,15.6,228.0,recomputed
2026-08-08T05:30:00Z,2026-08-08T00:00:00Z,2026-08-14T00:00:00Z,144,spectrum,coronado_south,0.369,5m,5.0,0.369,0.614,0.719,11.9,210.0,recomputed
2026-08-08T05:30:00Z,2026-08-08T00:00:00Z,2026-08-14T03:00:00Z,147,spectrum,buoy,0.734,buoy,,,,0.734,14.5,209.0,recomputed
2026-08-08T05:30:00Z,2026-08-08T00:00:00Z,2026-08-14T03:00:00Z,147,spectrum,coronado_north,0.81,5m,5.0,0.81,0.62,0.734,15.6,218.0,recomputed
2026-08-08T05:30:00Z,2026-08-08T00:00:00Z,2026-08-14T03:00:00Z,147,spectrum,coronado_center,0.589,5m,5.0,0.589,0.633,0.734,15.6,227.0,recomputed
2026-08-08T05:30:00Z,2026-08-08T00:00:00Z,2026-08-14T03:00:00Z,147,spectrum,coronado_south,0.362,5m,5.0,0.362,0.627,0.734,11.9,209.0,recomputed
2026-08-08T05:30:00Z,2026-08-08T00:00:00Z,2026-08-14T06:00:00Z,150,spectrum,buoy,0.742,buoy,,,,0.742,15.6,215.0,recomputed
2026-08-08T05:30:00Z,2026-08-08T00:00:00Z,2026-08-14T06:00:00Z,150,spectrum,coronado_north,0.823,5m,5.0,0.823,0.629,0.742,15.6,218.0,recomputed
2026-08-08T05:30:00Z,2026-08-08T00:00:00Z,2026-08-14T06:00:00Z,150,spectrum,coronado_center,0.588,5m,5.0,0.588,0.641,0.742,15.6,227.0,recomputed
2026-08-08T05:30:00Z,2026-08-08T00:00:00Z,2026-08-14T06:00:00Z,150,spectrum,coronado_south,0.358,5m,5.0,0.358,0.635,0.742,11.9,208.0,recomputed
2026-08-08T05:30:00Z,2026-08-08T00:00:00Z,2026-08-14T09:00:00Z,153,spectrum,buoy,0.75,buoy,,,,0.75,15.6,215.0,recomputed
2026-08-08T05:30:00Z,2026-08-08T00:00:00Z,2026-08-14T09:00:00Z,153,spectrum,coronado_north,0.839,5m,5.0,0.839,0.638,0.75,15.6,218.0,recomputed
2026-08-08T05:30:00Z,2026-08-08T00:00:00Z,2026-08-14T09:00:00Z,153,spectrum,coronado_center,0.592,5m,5.0,0.592,0.65,0.75,15.6,226.0,recomputed
2026-08-08T05:30:00Z,2026-08-08T00:00:00Z,2026-08-14T09:00:00Z,153,spectrum,coronado_south,0.365,5m,5.0,0.365,0.643,0.75,11.9,208.0,recomputed
2026-08-08T05:30:00Z,2026-08-08T00:00:00Z,2026-08-14T12:00:00Z,156,spectrum,buoy,0.762,buoy,,,,0.762,15.6,215.0,recomputed
2026-08-08T05:30:00Z,2026-08-08T00:00:00Z,2026-08-14T12:00:00Z,156,spectrum,coronado_north,0.865,5m,5.0,0.865,0.653,0.762,15.6,218.0,recomputed
2026-08-08T05:30:00Z,2026-08-08T00:00:00Z,2026-08-14T12:00:00Z,156,spectrum,coronado_center,0.603,5m,5.0,0.603,0.664,0.762,15.6,228.0,recomputed
2026-08-08T05:30:00Z,2026-08-08T00:00:00Z,2026-08-14T12:00:00Z,156,spectrum,coronado_south,0.371,5m,5.0,0.371,0.656,0.762,11.9,207.0,recomputed
2026-08-08T05:30:00Z,2026-08-08T00:00:00Z,2026-08-14T15:00:00Z,159,spectrum,buoy,0.779,buoy,,,,0.779,15.6,215.0,recomputed
2026-08-08T05:30:00Z,2026-08-08T00:00:00Z,2026-08-14T15:00:00Z,159,spectrum,coronado_north,0.896,5m,5.0,0.896,0.673,0.779,15.6,218.0,recomputed
2026-08-08T05:30:00Z,2026-08-08T00:00:00Z,2026-08-14T15:00:00Z,159,spectrum,coronado_center,0.616,5m,5.0,0.616,0.683,0.779,15.6,228.0,recomputed
2026-08-08T05:30:00Z,2026-08-08T00:00:00Z,2026-08-14T15:00:00Z,159,spectrum,coronado_south,0.368,5m,5.0,0.368,0.674,0.779,11.9,207.0,recomputed
2026-08-08T05:30:00Z,2026-08-08T00:00:00Z,2026-08-14T18:00:00Z,162,spectrum,buoy,0.796,buoy,,,,0.796,15.6,214.0,recomputed
2026-08-08T05:30:00Z,2026-08-08T00:00:00Z,2026-08-14T18:00:00Z,162,spectrum,coronado_north,0.922,5m,5.0,0.922,0.692,0.796,15.6,218.0,recomputed
2026-08-08T05:30:00Z,2026-08-08T00:00:00Z,2026-08-14T18:00:00Z,162,spectrum,coronado_center,0.631,5m,5.0,0.631,0.702,0.796,15.6,228.0,recomputed
2026-08-08T05:30:00Z,2026-08-08T00:00:00Z,2026-08-14T18:00:00Z,162,spectrum,coronado_south,0.378,5m,5.0,0.378,0.692,0.796,11.9,206.0,recomputed
2026-08-08T05:30:00Z,2026-08-08T00:00:00Z,2026-08-14T21:00:00Z,165,spectrum,buoy,0.833,buoy,,,,0.833,14.5,213.0,recomputed
2026-08-08T05:30:00Z,2026-08-08T00:00:00Z,2026-08-14T21:00:00Z,165,spectrum,coronado_north,0.938,5m,5.0,0.938,0.708,0.833,14.5,218.0,recomputed
2026-08-08T05:30:00Z,2026-08-08T00:00:00Z,2026-08-14T21:00:00Z,165,spectrum,coronado_center,0.65,5m,5.0,0.65,0.719,0.833,14.5,228.0,recomputed
2026-08-08T05:30:00Z,2026-08-08T00:00:00Z,2026-08-14T21:00:00Z,165,spectrum,coronado_south,0.415,5m,5.0,0.415,0.71,0.833,11.9,206.0,recomputed
2026-08-08T05:30:00Z,2026-08-08T00:00:00Z,2026-08-15T00:00:00Z,168,spectrum,buoy,0.853,buoy,,,,0.853,14.5,214.0,recomputed
2026-08-08T05:30:00Z,2026-08-08T00:00:00Z,2026-08-15T00:00:00Z,168,spectrum,coronado_north,0.951,5m,5.0,0.951,0.719,0.853,14.5,217.0,recomputed
2026-08-08T05:30:00Z,2026-08-08T00:00:00Z,2026-08-15T00:00:00Z,168,spectrum,coronado_center,0.653,5m,5.0,0.653,0.731,0.853,14.5,228.0,recomputed
2026-08-08T05:30:00Z,2026-08-08T00:00:00Z,2026-08-15T00:00:00Z,168,spectrum,coronado_south,0.407,5m,5.0,0.407,0.723,0.853,9.0,200.0,recomputed
2026-08-09T05:30:00Z,2026-08-09T00:00:00Z,2026-08-09T00:00:00Z,0,spectrum,buoy,0.872,buoy,,,,0.872,16.6,196.0,recomputed
2026-08-09T05:30:00Z,2026-08-09T00:00:00Z,2026-08-09T00:00:00Z,0,spectrum,coronado_north,0.757,5m,5.0,0.757,0.576,0.872,16.6,206.0,recomputed
2026-08-09T05:30:00Z,2026-08-09T00:00:00Z,2026-08-09T00:00:00Z,0,spectrum,coronado_center,0.492,5m,5.0,0.492,0.601,0.872,16.6,220.0,recomputed
2026-08-09T05:30:00Z,2026-08-09T00:00:00Z,2026-08-09T00:00:00Z,0,spectrum,coronado_south,0.426,5m,5.0,0.426,0.622,0.872,4.0,251.0,recomputed
2026-08-09T05:30:00Z,2026-08-09T00:00:00Z,2026-08-09T03:00:00Z,3,spectrum,buoy,0.942,buoy,,,,0.942,16.6,196.0,recomputed
2026-08-09T05:30:00Z,2026-08-09T00:00:00Z,2026-08-09T03:00:00Z,3,spectrum,coronado_north,0.772,5m,5.0,0.772,0.594,0.942,16.6,206.0,recomputed
2026-08-09T05:30:00Z,2026-08-09T00:00:00Z,2026-08-09T03:00:00Z,3,spectrum,coronado_center,0.506,5m,5.0,0.506,0.625,0.942,16.6,220.0,recomputed
2026-08-09T05:30:00Z,2026-08-09T00:00:00Z,2026-08-09T03:00:00Z,3,spectrum,coronado_south,0.441,5m,5.0,0.441,0.657,0.942,4.6,251.0,recomputed
2026-08-09T05:30:00Z,2026-08-09T00:00:00Z,2026-08-09T06:00:00Z,6,spectrum,buoy,0.97,buoy,,,,0.97,15.6,199.0,recomputed
2026-08-09T05:30:00Z,2026-08-09T00:00:00Z,2026-08-09T06:00:00Z,6,spectrum,coronado_north,0.776,5m,5.0,0.776,0.601,0.97,15.6,207.0,recomputed
2026-08-09T05:30:00Z,2026-08-09T00:00:00Z,2026-08-09T06:00:00Z,6,spectrum,coronado_center,0.508,5m,5.0,0.508,0.633,0.97,15.6,220.0,recomputed
2026-08-09T05:30:00Z,2026-08-09T00:00:00Z,2026-08-09T06:00:00Z,6,spectrum,coronado_south,0.464,5m,5.0,0.464,0.667,0.97,4.6,251.0,recomputed
2026-08-09T05:30:00Z,2026-08-09T00:00:00Z,2026-08-09T09:00:00Z,9,spectrum,buoy,0.944,buoy,,,,0.944,15.6,198.0,recomputed
2026-08-09T05:30:00Z,2026-08-09T00:00:00Z,2026-08-09T09:00:00Z,9,spectrum,coronado_north,0.773,5m,5.0,0.773,0.6,0.944,15.6,208.0,recomputed
2026-08-09T05:30:00Z,2026-08-09T00:00:00Z,2026-08-09T09:00:00Z,9,spectrum,coronado_center,0.499,5m,5.0,0.499,0.629,0.944,15.6,221.0,recomputed
2026-08-09T05:30:00Z,2026-08-09T00:00:00Z,2026-08-09T09:00:00Z,9,spectrum,coronado_south,0.449,5m,5.0,0.449,0.658,0.944,4.9,251.0,recomputed
2026-08-09T05:30:00Z,2026-08-09T00:00:00Z,2026-08-09T12:00:00Z,12,spectrum,buoy,0.897,buoy,,,,0.897,15.6,198.0,recomputed
2026-08-09T05:30:00Z,2026-08-09T00:00:00Z,2026-08-09T12:00:00Z,12,spectrum,coronado_north,0.777,5m,5.0,0.777,0.603,0.897,15.6,209.0,recomputed
2026-08-09T05:30:00Z,2026-08-09T00:00:00Z,2026-08-09T12:00:00Z,12,spectrum,coronado_center,0.488,5m,5.0,0.488,0.626,0.897,15.6,221.0,recomputed
2026-08-09T05:30:00Z,2026-08-09T00:00:00Z,2026-08-09T12:00:00Z,12,spectrum,coronado_south,0.415,5m,5.0,0.415,0.646,0.897,4.9,250.0,recomputed
2026-08-09T05:30:00Z,2026-08-09T00:00:00Z,2026-08-09T15:00:00Z,15,spectrum,buoy,0.851,buoy,,,,0.851,15.6,197.0,recomputed
2026-08-09T05:30:00Z,2026-08-09T00:00:00Z,2026-08-09T15:00:00Z,15,spectrum,coronado_north,0.774,5m,5.0,0.774,0.602,0.851,15.6,209.0,recomputed
2026-08-09T05:30:00Z,2026-08-09T00:00:00Z,2026-08-09T15:00:00Z,15,spectrum,coronado_center,0.475,5m,5.0,0.475,0.622,0.851,15.6,222.0,recomputed
2026-08-09T05:30:00Z,2026-08-09T00:00:00Z,2026-08-09T15:00:00Z,15,spectrum,coronado_south,0.399,5m,5.0,0.399,0.632,0.851,4.6,249.0,recomputed
2026-08-09T05:30:00Z,2026-08-09T00:00:00Z,2026-08-09T18:00:00Z,18,spectrum,buoy,0.815,buoy,,,,0.815,15.6,197.0,recomputed
2026-08-09T05:30:00Z,2026-08-09T00:00:00Z,2026-08-09T18:00:00Z,18,spectrum,coronado_north,0.769,5m,5.0,0.769,0.6,0.815,15.6,210.0,recomputed
2026-08-09T05:30:00Z,2026-08-09T00:00:00Z,2026-08-09T18:00:00Z,18,spectrum,coronado_center,0.474,5m,5.0,0.474,0.617,0.815,14.5,222.0,recomputed
2026-08-09T05:30:00Z,2026-08-09T00:00:00Z,2026-08-09T18:00:00Z,18,spectrum,coronado_south,0.39,5m,5.0,0.39,0.623,0.815,4.6,247.0,recomputed
2026-08-09T05:30:00Z,2026-08-09T00:00:00Z,2026-08-09T21:00:00Z,21,spectrum,buoy,0.793,buoy,,,,0.793,14.5,200.0,recomputed
2026-08-09T05:30:00Z,2026-08-09T00:00:00Z,2026-08-09T21:00:00Z,21,spectrum,coronado_north,0.767,5m,5.0,0.767,0.598,0.793,14.5,210.0,recomputed
2026-08-09T05:30:00Z,2026-08-09T00:00:00Z,2026-08-09T21:00:00Z,21,spectrum,coronado_center,0.478,5m,5.0,0.478,0.615,0.793,14.5,223.0,recomputed
2026-08-09T05:30:00Z,2026-08-09T00:00:00Z,2026-08-09T21:00:00Z,21,spectrum,coronado_south,0.396,5m,5.0,0.396,0.62,0.793,4.0,245.0,recomputed
2026-08-09T05:30:00Z,2026-08-09T00:00:00Z,2026-08-10T00:00:00Z,24,spectrum,buoy,0.775,buoy,,,,0.775,14.5,200.0,recomputed
2026-08-09T05:30:00Z,2026-08-09T00:00:00Z,2026-08-10T00:00:00Z,24,spectrum,coronado_north,0.753,5m,5.0,0.753,0.593,0.775,14.5,211.0,recomputed
2026-08-09T05:30:00Z,2026-08-09T00:00:00Z,2026-08-10T00:00:00Z,24,spectrum,coronado_center,0.467,5m,5.0,0.467,0.61,0.775,14.5,223.0,recomputed
2026-08-09T05:30:00Z,2026-08-09T00:00:00Z,2026-08-10T00:00:00Z,24,spectrum,coronado_south,0.374,5m,5.0,0.374,0.615,0.775,11.9,222.0,recomputed
2026-08-09T05:30:00Z,2026-08-09T00:00:00Z,2026-08-10T03:00:00Z,27,spectrum,buoy,0.757,buoy,,,,0.757,14.5,199.0,recomputed
2026-08-09T05:30:00Z,2026-08-09T00:00:00Z,2026-08-10T03:00:00Z,27,spectrum,coronado_north,0.736,5m,5.0,0.736,0.583,0.757,14.5,211.0,recomputed
2026-08-09T05:30:00Z,2026-08-09T00:00:00Z,2026-08-10T03:00:00Z,27,spectrum,coronado_center,0.46,5m,5.0,0.46,0.6,0.757,14.5,223.0,recomputed
2026-08-09T05:30:00Z,2026-08-09T00:00:00Z,2026-08-10T03:00:00Z,27,spectrum,coronado_south,0.36,5m,5.0,0.36,0.605,0.757,11.9,221.0,recomputed
2026-08-09T05:30:00Z,2026-08-09T00:00:00Z,2026-08-10T06:00:00Z,30,spectrum,buoy,0.746,buoy,,,,0.746,14.5,199.0,recomputed
2026-08-09T05:30:00Z,2026-08-09T00:00:00Z,2026-08-10T06:00:00Z,30,spectrum,coronado_north,0.737,5m,5.0,0.737,0.58,0.746,14.5,212.0,recomputed
2026-08-09T05:30:00Z,2026-08-09T00:00:00Z,2026-08-10T06:00:00Z,30,spectrum,coronado_center,0.457,5m,5.0,0.457,0.597,0.746,14.5,223.0,recomputed
2026-08-09T05:30:00Z,2026-08-09T00:00:00Z,2026-08-10T06:00:00Z,30,spectrum,coronado_south,0.356,5m,5.0,0.356,0.601,0.746,11.9,221.0,recomputed
2026-08-09T05:30:00Z,2026-08-09T00:00:00Z,2026-08-10T09:00:00Z,33,spectrum,buoy,0.735,buoy,,,,0.735,14.5,199.0,recomputed
2026-08-09T05:30:00Z,2026-08-09T00:00:00Z,2026-08-10T09:00:00Z,33,spectrum,coronado_north,0.747,5m,5.0,0.747,0.58,0.735,14.5,212.0,recomputed
2026-08-09T05:30:00Z,2026-08-09T00:00:00Z,2026-08-10T09:00:00Z,33,spectrum,coronado_center,0.462,5m,5.0,0.462,0.596,0.735,14.5,224.0,recomputed
2026-08-09T05:30:00Z,2026-08-09T00:00:00Z,2026-08-10T09:00:00Z,33,spectrum,coronado_south,0.358,5m,5.0,0.358,0.598,0.735,11.9,222.0,recomputed
2026-08-09T05:30:00Z,2026-08-09T00:00:00Z,2026-08-10T12:00:00Z,36,spectrum,buoy,0.717,buoy,,,,0.717,13.6,201.0,recomputed
2026-08-09T05:30:00Z,2026-08-09T00:00:00Z,2026-08-10T12:00:00Z,36,spectrum,coronado_north,0.751,5m,5.0,0.751,0.575,0.717,13.6,212.0,recomputed
2026-08-09T05:30:00Z,2026-08-09T00:00:00Z,2026-08-10T12:00:00Z,36,spectrum,coronado_center,0.466,5m,5.0,0.466,0.589,0.717,13.6,224.0,recomputed
2026-08-09T05:30:00Z,2026-08-09T00:00:00Z,2026-08-10T12:00:00Z,36,spectrum,coronado_south,0.345,5m,5.0,0.345,0.591,0.717,14.5,216.0,recomputed
2026-08-09T05:30:00Z,2026-08-09T00:00:00Z,2026-08-10T15:00:00Z,39,spectrum,buoy,0.694,buoy,,,,0.694,13.6,201.0,recomputed
2026-08-09T05:30:00Z,2026-08-09T00:00:00Z,2026-08-10T15:00:00Z,39,spectrum,coronado_north,0.74,5m,5.0,0.74,0.565,0.694,13.6,213.0,recomputed
2026-08-09T05:30:00Z,2026-08-09T00:00:00Z,2026-08-10T15:00:00Z,39,spectrum,coronado_center,0.46,5m,5.0,0.46,0.579,0.694,13.6,225.0,recomputed
2026-08-09T05:30:00Z,2026-08-09T00:00:00Z,2026-08-10T15:00:00Z,39,spectrum,coronado_south,0.332,5m,5.0,0.332,0.579,0.694,14.5,215.0,recomputed
2026-08-09T05:30:00Z,2026-08-09T00:00:00Z,2026-08-10T18:00:00Z,42,spectrum,buoy,0.672,buoy,,,,0.672,13.6,201.0,recomputed
2026-08-09T05:30:00Z,2026-08-09T00:00:00Z,2026-08-10T18:00:00Z,42,spectrum,coronado_north,0.72,5m,5.0,0.72,0.552,0.672,13.6,213.0,recomputed
2026-08-09T05:30:00Z,2026-08-09T00:00:00Z,2026-08-10T18:00:00Z,42,spectrum,coronado_center,0.446,5m,5.0,0.446,0.565,0.672,13.6,225.0,recomputed
2026-08-09T05:30:00Z,2026-08-09T00:00:00Z,2026-08-10T18:00:00Z,42,spectrum,coronado_south,0.319,5m,5.0,0.319,0.564,0.672,13.6,215.0,recomputed
2026-08-09T05:30:00Z,2026-08-09T00:00:00Z,2026-08-10T21:00:00Z,45,spectrum,buoy,0.657,buoy,,,,0.657,13.6,200.0,recomputed
2026-08-09T05:30:00Z,2026-08-09T00:00:00Z,2026-08-10T21:00:00Z,45,spectrum,coronado_north,0.711,5m,5.0,0.711,0.542,0.657,13.6,213.0,recomputed
2026-08-09T05:30:00Z,2026-08-09T00:00:00Z,2026-08-10T21:00:00Z,45,spectrum,coronado_center,0.437,5m,5.0,0.437,0.555,0.657,13.6,226.0,recomputed
2026-08-09T05:30:00Z,2026-08-09T00:00:00Z,2026-08-10T21:00:00Z,45,spectrum,coronado_south,0.315,5m,5.0,0.315,0.554,0.657,12.7,215.0,recomputed
2026-08-09T05:30:00Z,2026-08-09T00:00:00Z,2026-08-11T00:00:00Z,48,spectrum,buoy,0.649,buoy,,,,0.649,13.6,199.0,recomputed
2026-08-09T05:30:00Z,2026-08-09T00:00:00Z,2026-08-11T00:00:00Z,48,spectrum,coronado_north,0.713,5m,5.0,0.713,0.538,0.649,13.6,214.0,recomputed
2026-08-09T05:30:00Z,2026-08-09T00:00:00Z,2026-08-11T00:00:00Z,48,spectrum,coronado_center,0.448,5m,5.0,0.448,0.551,0.649,13.6,226.0,recomputed
2026-08-09T05:30:00Z,2026-08-09T00:00:00Z,2026-08-11T00:00:00Z,48,spectrum,coronado_south,0.315,5m,5.0,0.315,0.549,0.649,12.7,216.0,recomputed
2026-08-09T05:30:00Z,2026-08-09T00:00:00Z,2026-08-11T03:00:00Z,51,spectrum,buoy,0.646,buoy,,,,0.646,13.6,198.0,recomputed
2026-08-09T05:30:00Z,2026-08-09T00:00:00Z,2026-08-11T03:00:00Z,51,spectrum,coronado_north,0.727,5m,5.0,0.727,0.539,0.646,13.6,213.0,recomputed
2026-08-09T05:30:00Z,2026-08-09T00:00:00Z,2026-08-11T03:00:00Z,51,spectrum,coronado_center,0.472,5m,5.0,0.472,0.552,0.646,15.6,227.0,recomputed
2026-08-09T05:30:00Z,2026-08-09T00:00:00Z,2026-08-11T03:00:00Z,51,spectrum,coronado_south,0.32,5m,5.0,0.32,0.55,0.646,12.7,217.0,recomputed
2026-08-09T05:30:00Z,2026-08-09T00:00:00Z,2026-08-11T06:00:00Z,54,spectrum,buoy,0.643,buoy,,,,0.643,13.6,198.0,recomputed
2026-08-09T05:30:00Z,2026-08-09T00:00:00Z,2026-08-11T06:00:00Z,54,spectrum,coronado_north,0.733,5m,5.0,0.733,0.537,0.643,13.6,214.0,recomputed
2026-08-09T05:30:00Z,2026-08-09T00:00:00Z,2026-08-11T06:00:00Z,54,spectrum,coronado_center,0.492,5m,5.0,0.492,0.549,0.643,15.6,227.0,recomputed
2026-08-09T05:30:00Z,2026-08-09T00:00:00Z,2026-08-11T06:00:00Z,54,spectrum,coronado_south,0.335,5m,5.0,0.335,0.547,0.643,12.7,217.0,recomputed
2026-08-09T05:30:00Z,2026-08-09T00:00:00Z,2026-08-11T09:00:00Z,57,spectrum,buoy,0.634,buoy,,,,0.634,12.7,199.0,recomputed
2026-08-09T05:30:00Z,2026-08-09T00:00:00Z,2026-08-11T09:00:00Z,57,spectrum,coronado_north,0.711,5m,5.0,0.711,0.527,0.634,12.7,215.0,recomputed
2026-08-09T05:30:00Z,2026-08-09T00:00:00Z,2026-08-11T09:00:00Z,57,spectrum,coronado_center,0.477,5m,5.0,0.477,0.539,0.634,15.6,228.0,recomputed
2026-08-09T05:30:00Z,2026-08-09T00:00:00Z,2026-08-11T09:00:00Z,57,spectrum,coronado_south,0.316,5m,5.0,0.316,0.537,0.634,12.7,217.0,recomputed
2026-08-09T05:30:00Z,2026-08-09T00:00:00Z,2026-08-11T12:00:00Z,60,spectrum,buoy,0.621,buoy,,,,0.621,12.7,199.0,recomputed
2026-08-09T05:30:00Z,2026-08-09T00:00:00Z,2026-08-11T12:00:00Z,60,spectrum,coronado_north,0.688,5m,5.0,0.688,0.515,0.621,12.7,215.0,recomputed
2026-08-09T05:30:00Z,2026-08-09T00:00:00Z,2026-08-11T12:00:00Z,60,spectrum,coronado_center,0.466,5m,5.0,0.466,0.527,0.621,14.5,228.0,recomputed
2026-08-09T05:30:00Z,2026-08-09T00:00:00Z,2026-08-11T12:00:00Z,60,spectrum,coronado_south,0.311,5m,5.0,0.311,0.524,0.621,12.7,216.0,recomputed
2026-08-09T05:30:00Z,2026-08-09T00:00:00Z,2026-08-11T15:00:00Z,63,spectrum,buoy,0.612,buoy,,,,0.612,12.7,198.0,recomputed
2026-08-09T05:30:00Z,2026-08-09T00:00:00Z,2026-08-11T15:00:00Z,63,spectrum,coronado_north,0.672,5m,5.0,0.672,0.508,0.612,12.7,215.0,recomputed
2026-08-09T05:30:00Z,2026-08-09T00:00:00Z,2026-08-11T15:00:00Z,63,spectrum,coronado_center,0.461,5m,5.0,0.461,0.519,0.612,14.5,228.0,recomputed
2026-08-09T05:30:00Z,2026-08-09T00:00:00Z,2026-08-11T15:00:00Z,63,spectrum,coronado_south,0.308,5m,5.0,0.308,0.516,0.612,12.7,216.0,recomputed
2026-08-09T05:30:00Z,2026-08-09T00:00:00Z,2026-08-11T18:00:00Z,66,spectrum,buoy,0.613,buoy,,,,0.613,12.7,199.0,recomputed
2026-08-09T05:30:00Z,2026-08-09T00:00:00Z,2026-08-11T18:00:00Z,66,spectrum,coronado_north,0.678,5m,5.0,0.678,0.511,0.613,12.7,213.0,recomputed
2026-08-09T05:30:00Z,2026-08-09T00:00:00Z,2026-08-11T18:00:00Z,66,spectrum,coronado_center,0.473,5m,5.0,0.473,0.522,0.613,14.5,228.0,recomputed
2026-08-09T05:30:00Z,2026-08-09T00:00:00Z,2026-08-11T18:00:00Z,66,spectrum,coronado_south,0.307,5m,5.0,0.307,0.52,0.613,11.9,216.0,recomputed
2026-08-09T05:30:00Z,2026-08-09T00:00:00Z,2026-08-11T21:00:00Z,69,spectrum,buoy,0.623,buoy,,,,0.623,12.7,198.0,recomputed
2026-08-09T05:30:00Z,2026-08-09T00:00:00Z,2026-08-11T21:00:00Z,69,spectrum,coronado_north,0.69,5m,5.0,0.69,0.521,0.623,14.5,217.0,recomputed
2026-08-09T05:30:00Z,2026-08-09T00:00:00Z,2026-08-11T21:00:00Z,69,spectrum,coronado_center,0.507,5m,5.0,0.507,0.533,0.623,14.5,229.0,recomputed
2026-08-09T05:30:00Z,2026-08-09T00:00:00Z,2026-08-11T21:00:00Z,69,spectrum,coronado_south,0.334,5m,5.0,0.334,0.53,0.623,11.9,216.0,recomputed
2026-08-09T05:30:00Z,2026-08-09T00:00:00Z,2026-08-12T00:00:00Z,72,spectrum,buoy,0.641,buoy,,,,0.641,17.8,215.0,recomputed
2026-08-09T05:30:00Z,2026-08-09T00:00:00Z,2026-08-12T00:00:00Z,72,spectrum,coronado_north,0.703,5m,5.0,0.703,0.533,0.641,14.5,217.0,recomputed
2026-08-09T05:30:00Z,2026-08-09T00:00:00Z,2026-08-12T00:00:00Z,72,spectrum,coronado_center,0.521,5m,5.0,0.521,0.545,0.641,14.5,229.0,recomputed
2026-08-09T05:30:00Z,2026-08-09T00:00:00Z,2026-08-12T00:00:00Z,72,spectrum,coronado_south,0.334,5m,5.0,0.334,0.544,0.641,11.9,216.0,recomputed
2026-08-09T05:30:00Z,2026-08-09T00:00:00Z,2026-08-12T03:00:00Z,75,spectrum,buoy,0.647,buoy,,,,0.647,17.8,213.0,recomputed
2026-08-09T05:30:00Z,2026-08-09T00:00:00Z,2026-08-12T03:00:00Z,75,spectrum,coronado_north,0.705,5m,5.0,0.705,0.536,0.647,14.5,217.0,recomputed
2026-08-09T05:30:00Z,2026-08-09T00:00:00Z,2026-08-12T03:00:00Z,75,spectrum,coronado_center,0.525,5m,5.0,0.525,0.549,0.647,17.8,226.0,recomputed
2026-08-09T05:30:00Z,2026-08-09T00:00:00Z,2026-08-12T03:00:00Z,75,spectrum,coronado_south,0.333,5m,5.0,0.333,0.548,0.647,11.9,216.0,recomputed
2026-08-09T05:30:00Z,2026-08-09T00:00:00Z,2026-08-12T06:00:00Z,78,spectrum,buoy,0.643,buoy,,,,0.643,17.8,211.0,recomputed
2026-08-09T05:30:00Z,2026-08-09T00:00:00Z,2026-08-12T06:00:00Z,78,spectrum,coronado_north,0.69,5m,5.0,0.69,0.53,0.643,14.5,216.0,recomputed
2026-08-09T05:30:00Z,2026-08-09T00:00:00Z,2026-08-12T06:00:00Z,78,spectrum,coronado_center,0.513,5m,5.0,0.513,0.544,0.643,17.8,226.0,recomputed
2026-08-09T05:30:00Z,2026-08-09T00:00:00Z,2026-08-12T06:00:00Z,78,spectrum,coronado_south,0.331,5m,5.0,0.331,0.542,0.643,11.9,215.0,recomputed
2026-08-09T05:30:00Z,2026-08-09T00:00:00Z,2026-08-12T09:00:00Z,81,spectrum,buoy,0.637,buoy,,,,0.637,17.8,209.0,recomputed
2026-08-09T05:30:00Z,2026-08-09T00:00:00Z,2026-08-12T09:00:00Z,81,spectrum,coronado_north,0.681,5m,5.0,0.681,0.525,0.637,13.6,216.0,recomputed
2026-08-09T05:30:00Z,2026-08-09T00:00:00Z,2026-08-12T09:00:00Z,81,spectrum,coronado_center,0.515,5m,5.0,0.515,0.539,0.637,17.8,226.0,recomputed
2026-08-09T05:30:00Z,2026-08-09T00:00:00Z,2026-08-12T09:00:00Z,81,spectrum,coronado_south,0.342,5m,5.0,0.342,0.538,0.637,11.9,214.0,recomputed
2026-08-09T05:30:00Z,2026-08-09T00:00:00Z,2026-08-12T12:00:00Z,84,spectrum,buoy,0.64,buoy,,,,0.64,17.8,209.0,recomputed
2026-08-09T05:30:00Z,2026-08-09T00:00:00Z,2026-08-12T12:00:00Z,84,spectrum,coronado_north,0.683,5m,5.0,0.683,0.528,0.64,13.6,217.0,recomputed
2026-08-09T05:30:00Z,2026-08-09T00:00:00Z,2026-08-12T12:00:00Z,84,spectrum,coronado_center,0.52,5m,5.0,0.52,0.542,0.64,16.6,226.0,recomputed
2026-08-09T05:30:00Z,2026-08-09T00:00:00Z,2026-08-12T12:00:00Z,84,spectrum,coronado_south,0.339,5m,5.0,0.339,0.541,0.64,11.9,215.0,recomputed
2026-08-09T05:30:00Z,2026-08-09T00:00:00Z,2026-08-12T15:00:00Z,87,spectrum,buoy,0.649,buoy,,,,0.649,16.6,213.0,recomputed
2026-08-09T05:30:00Z,2026-08-09T00:00:00Z,2026-08-12T15:00:00Z,87,spectrum,coronado_north,0.709,5m,5.0,0.709,0.541,0.649,16.6,219.0,recomputed
2026-08-09T05:30:00Z,2026-08-09T00:00:00Z,2026-08-12T15:00:00Z,87,spectrum,coronado_center,0.546,5m,5.0,0.546,0.554,0.649,16.6,226.0,recomputed
2026-08-09T05:30:00Z,2026-08-09T00:00:00Z,2026-08-12T15:00:00Z,87,spectrum,coronado_south,0.342,5m,5.0,0.342,0.553,0.649,11.9,215.0,recomputed
2026-08-09T05:30:00Z,2026-08-09T00:00:00Z,2026-08-12T18:00:00Z,90,spectrum,buoy,0.657,buoy,,,,0.657,16.6,212.0,recomputed
2026-08-09T05:30:00Z,2026-08-09T00:00:00Z,2026-08-12T18:00:00Z,90,spectrum,coronado_north,0.731,5m,5.0,0.731,0.55,0.657,16.6,218.0,recomputed
2026-08-09T05:30:00Z,2026-08-09T00:00:00Z,2026-08-12T18:00:00Z,90,spectrum,coronado_center,0.566,5m,5.0,0.566,0.564,0.657,16.6,225.0,recomputed
2026-08-09T05:30:00Z,2026-08-09T00:00:00Z,2026-08-12T18:00:00Z,90,spectrum,coronado_south,0.333,5m,5.0,0.333,0.562,0.657,11.9,215.0,recomputed
2026-08-09T05:30:00Z,2026-08-09T00:00:00Z,2026-08-12T21:00:00Z,93,spectrum,buoy,0.673,buoy,,,,0.673,16.6,212.0,recomputed
2026-08-09T05:30:00Z,2026-08-09T00:00:00Z,2026-08-12T21:00:00Z,93,spectrum,coronado_north,0.744,5m,5.0,0.744,0.555,0.673,16.6,218.0,recomputed
2026-08-09T05:30:00Z,2026-08-09T00:00:00Z,2026-08-12T21:00:00Z,93,spectrum,coronado_center,0.585,5m,5.0,0.585,0.571,0.673,16.6,226.0,recomputed
2026-08-09T05:30:00Z,2026-08-09T00:00:00Z,2026-08-12T21:00:00Z,93,spectrum,coronado_south,0.381,5m,5.0,0.381,0.572,0.673,11.9,215.0,recomputed
2026-08-09T05:30:00Z,2026-08-09T00:00:00Z,2026-08-13T00:00:00Z,96,spectrum,buoy,0.673,buoy,,,,0.673,16.6,212.0,recomputed
2026-08-09T05:30:00Z,2026-08-09T00:00:00Z,2026-08-13T00:00:00Z,96,spectrum,coronado_north,0.731,5m,5.0,0.731,0.553,0.673,16.6,218.0,recomputed
2026-08-09T05:30:00Z,2026-08-09T00:00:00Z,2026-08-13T00:00:00Z,96,spectrum,coronado_center,0.568,5m,5.0,0.568,0.569,0.673,16.6,227.0,recomputed
2026-08-09T05:30:00Z,2026-08-09T00:00:00Z,2026-08-13T00:00:00Z,96,spectrum,coronado_south,0.367,5m,5.0,0.367,0.571,0.673,11.9,214.0,recomputed
2026-08-09T05:30:00Z,2026-08-09T00:00:00Z,2026-08-13T03:00:00Z,99,spectrum,buoy,0.671,buoy,,,,0.671,16.6,212.0,recomputed
2026-08-09T05:30:00Z,2026-08-09T00:00:00Z,2026-08-13T03:00:00Z,99,spectrum,coronado_north,0.725,5m,5.0,0.725,0.552,0.671,16.6,218.0,recomputed
2026-08-09T05:30:00Z,2026-08-09T00:00:00Z,2026-08-13T03:00:00Z,99,spectrum,coronado_center,0.55,5m,5.0,0.55,0.569,0.671,16.6,227.0,recomputed
2026-08-09T05:30:00Z,2026-08-09T00:00:00Z,2026-08-13T03:00:00Z,99,spectrum,coronado_south,0.356,5m,5.0,0.356,0.57,0.671,11.9,213.0,recomputed
2026-08-09T05:30:00Z,2026-08-09T00:00:00Z,2026-08-13T06:00:00Z,102,spectrum,buoy,0.675,buoy,,,,0.675,15.6,211.0,recomputed
2026-08-09T05:30:00Z,2026-08-09T00:00:00Z,2026-08-13T06:00:00Z,102,spectrum,coronado_north,0.735,5m,5.0,0.735,0.557,0.675,15.6,218.0,recomputed
2026-08-09T05:30:00Z,2026-08-09T00:00:00Z,2026-08-13T06:00:00Z,102,spectrum,coronado_center,0.545,5m,5.0,0.545,0.573,0.675,16.6,227.0,recomputed
2026-08-09T05:30:00Z,2026-08-09T00:00:00Z,2026-08-13T06:00:00Z,102,spectrum,coronado_south,0.345,5m,5.0,0.345,0.574,0.675,11.9,213.0,recomputed
2026-08-09T05:30:00Z,2026-08-09T00:00:00Z,2026-08-13T09:00:00Z,105,spectrum,buoy,0.681,buoy,,,,0.681,15.6,211.0,recomputed
2026-08-09T05:30:00Z,2026-08-09T00:00:00Z,2026-08-13T09:00:00Z,105,spectrum,coronado_north,0.744,5m,5.0,0.744,0.563,0.681,15.6,218.0,recomputed
2026-08-09T05:30:00Z,2026-08-09T00:00:00Z,2026-08-13T09:00:00Z,105,spectrum,coronado_center,0.545,5m,5.0,0.545,0.579,0.681,15.6,227.0,recomputed
2026-08-09T05:30:00Z,2026-08-09T00:00:00Z,2026-08-13T09:00:00Z,105,spectrum,coronado_south,0.351,5m,5.0,0.351,0.58,0.681,11.9,213.0,recomputed
2026-08-09T05:30:00Z,2026-08-09T00:00:00Z,2026-08-13T12:00:00Z,108,spectrum,buoy,0.685,buoy,,,,0.685,15.6,211.0,recomputed
2026-08-09T05:30:00Z,2026-08-09T00:00:00Z,2026-08-13T12:00:00Z,108,spectrum,coronado_north,0.751,5m,5.0,0.751,0.568,0.685,15.6,219.0,recomputed
2026-08-09T05:30:00Z,2026-08-09T00:00:00Z,2026-08-13T12:00:00Z,108,spectrum,coronado_center,0.55,5m,5.0,0.55,0.584,0.685,15.6,228.0,recomputed
2026-08-09T05:30:00Z,2026-08-09T00:00:00Z,2026-08-13T12:00:00Z,108,spectrum,coronado_south,0.346,5m,5.0,0.346,0.584,0.685,12.7,213.0,recomputed
2026-08-09T05:30:00Z,2026-08-09T00:00:00Z,2026-08-13T15:00:00Z,111,spectrum,buoy,0.688,buoy,,,,0.688,15.6,212.0,recomputed
2026-08-09T05:30:00Z,2026-08-09T00:00:00Z,2026-08-13T15:00:00Z,111,spectrum,coronado_north,0.752,5m,5.0,0.752,0.572,0.688,15.6,219.0,recomputed
2026-08-09T05:30:00Z,2026-08-09T00:00:00Z,2026-08-13T15:00:00Z,111,spectrum,coronado_center,0.552,5m,5.0,0.552,0.588,0.688,15.6,228.0,recomputed
2026-08-09T05:30:00Z,2026-08-09T00:00:00Z,2026-08-13T15:00:00Z,111,spectrum,coronado_south,0.348,5m,5.0,0.348,0.587,0.688,12.7,212.0,recomputed
2026-08-09T05:30:00Z,2026-08-09T00:00:00Z,2026-08-13T18:00:00Z,114,spectrum,buoy,0.694,buoy,,,,0.694,15.6,213.0,recomputed
2026-08-09T05:30:00Z,2026-08-09T00:00:00Z,2026-08-13T18:00:00Z,114,spectrum,coronado_north,0.765,5m,5.0,0.765,0.579,0.694,15.6,219.0,recomputed
2026-08-09T05:30:00Z,2026-08-09T00:00:00Z,2026-08-13T18:00:00Z,114,spectrum,coronado_center,0.558,5m,5.0,0.558,0.595,0.694,15.6,228.0,recomputed
2026-08-09T05:30:00Z,2026-08-09T00:00:00Z,2026-08-13T18:00:00Z,114,spectrum,coronado_south,0.35,5m,5.0,0.35,0.594,0.694,12.7,212.0,recomputed
2026-08-09T05:30:00Z,2026-08-09T00:00:00Z,2026-08-13T21:00:00Z,117,spectrum,buoy,0.707,buoy,,,,0.707,15.6,214.0,recomputed
2026-08-09T05:30:00Z,2026-08-09T00:00:00Z,2026-08-13T21:00:00Z,117,spectrum,coronado_north,0.787,5m,5.0,0.787,0.595,0.707,15.6,218.0,recomputed
2026-08-09T05:30:00Z,2026-08-09T00:00:00Z,2026-08-13T21:00:00Z,117,spectrum,coronado_center,0.576,5m,5.0,0.576,0.61,0.707,15.6,228.0,recomputed
2026-08-09T05:30:00Z,2026-08-09T00:00:00Z,2026-08-13T21:00:00Z,117,spectrum,coronado_south,0.354,5m,5.0,0.354,0.608,0.707,12.7,212.0,recomputed
2026-08-09T05:30:00Z,2026-08-09T00:00:00Z,2026-08-14T00:00:00Z,120,spectrum,buoy,0.735,buoy,,,,0.735,14.5,208.0,recomputed
2026-08-09T05:30:00Z,2026-08-09T00:00:00Z,2026-08-14T00:00:00Z,120,spectrum,coronado_north,0.822,5m,5.0,0.822,0.618,0.735,15.6,218.0,recomputed
2026-08-09T05:30:00Z,2026-08-09T00:00:00Z,2026-08-14T00:00:00Z,120,spectrum,coronado_center,0.597,5m,5.0,0.597,0.633,0.735,15.6,228.0,recomputed
2026-08-09T05:30:00Z,2026-08-09T00:00:00Z,2026-08-14T00:00:00Z,120,spectrum,coronado_south,0.401,5m,5.0,0.401,0.632,0.735,11.9,211.0,recomputed
2026-08-09T05:30:00Z,2026-08-09T00:00:00Z,2026-08-14T03:00:00Z,123,spectrum,buoy,0.755,buoy,,,,0.755,14.5,208.0,recomputed
2026-08-09T05:30:00Z,2026-08-09T00:00:00Z,2026-08-14T03:00:00Z,123,spectrum,coronado_north,0.841,5m,5.0,0.841,0.638,0.755,15.6,218.0,recomputed
2026-08-09T05:30:00Z,2026-08-09T00:00:00Z,2026-08-14T03:00:00Z,123,spectrum,coronado_center,0.595,5m,5.0,0.595,0.652,0.755,15.6,228.0,recomputed
2026-08-09T05:30:00Z,2026-08-09T00:00:00Z,2026-08-14T03:00:00Z,123,spectrum,coronado_south,0.392,5m,5.0,0.392,0.651,0.755,11.9,210.0,recomputed
2026-08-09T05:30:00Z,2026-08-09T00:00:00Z,2026-08-14T06:00:00Z,126,spectrum,buoy,0.77,buoy,,,,0.77,15.6,215.0,recomputed
2026-08-09T05:30:00Z,2026-08-09T00:00:00Z,2026-08-14T06:00:00Z,126,spectrum,coronado_north,0.869,5m,5.0,0.869,0.654,0.77,15.6,218.0,recomputed
2026-08-09T05:30:00Z,2026-08-09T00:00:00Z,2026-08-14T06:00:00Z,126,spectrum,coronado_center,0.599,5m,5.0,0.599,0.668,0.77,15.6,227.0,recomputed
2026-08-09T05:30:00Z,2026-08-09T00:00:00Z,2026-08-14T06:00:00Z,126,spectrum,coronado_south,0.39,5m,5.0,0.39,0.665,0.77,11.9,210.0,recomputed
2026-08-09T05:30:00Z,2026-08-09T00:00:00Z,2026-08-14T09:00:00Z,129,spectrum,buoy,0.787,buoy,,,,0.787,15.6,216.0,recomputed
2026-08-09T05:30:00Z,2026-08-09T00:00:00Z,2026-08-14T09:00:00Z,129,spectrum,coronado_north,0.9,5m,5.0,0.9,0.672,0.787,15.6,218.0,recomputed
2026-08-09T05:30:00Z,2026-08-09T00:00:00Z,2026-08-14T09:00:00Z,129,spectrum,coronado_center,0.609,5m,5.0,0.609,0.685,0.787,15.6,227.0,recomputed
2026-08-09T05:30:00Z,2026-08-09T00:00:00Z,2026-08-14T09:00:00Z,129,spectrum,coronado_south,0.392,5m,5.0,0.392,0.682,0.787,11.9,209.0,recomputed
2026-08-09T05:30:00Z,2026-08-09T00:00:00Z,2026-08-14T12:00:00Z,132,spectrum,buoy,0.806,buoy,,,,0.806,15.6,216.0,recomputed
2026-08-09T05:30:00Z,2026-08-09T00:00:00Z,2026-08-14T12:00:00Z,132,spectrum,coronado_north,0.937,5m,5.0,0.937,0.694,0.806,15.6,218.0,recomputed
2026-08-09T05:30:00Z,2026-08-09T00:00:00Z,2026-08-14T12:00:00Z,132,spectrum,coronado_center,0.625,5m,5.0,0.625,0.707,0.806,15.6,227.0,recomputed
2026-08-09T05:30:00Z,2026-08-09T00:00:00Z,2026-08-14T12:00:00Z,132,spectrum,coronado_south,0.399,5m,5.0,0.399,0.702,0.806,11.9,209.0,recomputed
2026-08-09T05:30:00Z,2026-08-09T00:00:00Z,2026-08-14T15:00:00Z,135,spectrum,buoy,0.827,buoy,,,,0.827,15.6,216.0,recomputed
2026-08-09T05:30:00Z,2026-08-09T00:00:00Z,2026-08-14T15:00:00Z,135,spectrum,coronado_north,0.973,5m,5.0,0.973,0.718,0.827,15.6,219.0,recomputed
2026-08-09T05:30:00Z,2026-08-09T00:00:00Z,2026-08-14T15:00:00Z,135,spectrum,coronado_center,0.645,5m,5.0,0.645,0.73,0.827,15.6,229.0,recomputed
2026-08-09T05:30:00Z,2026-08-09T00:00:00Z,2026-08-14T15:00:00Z,135,spectrum,coronado_south,0.416,5m,5.0,0.416,0.725,0.827,11.9,209.0,recomputed
2026-08-09T05:30:00Z,2026-08-09T00:00:00Z,2026-08-14T18:00:00Z,138,spectrum,buoy,0.85,buoy,,,,0.85,15.6,216.0,recomputed
2026-08-09T05:30:00Z,2026-08-09T00:00:00Z,2026-08-14T18:00:00Z,138,spectrum,coronado_north,0.999,5m,5.0,0.999,0.739,0.85,15.6,219.0,recomputed
2026-08-09T05:30:00Z,2026-08-09T00:00:00Z,2026-08-14T18:00:00Z,138,spectrum,coronado_center,0.656,5m,5.0,0.656,0.751,0.85,15.6,229.0,recomputed
2026-08-09T05:30:00Z,2026-08-09T00:00:00Z,2026-08-14T18:00:00Z,138,spectrum,coronado_south,0.419,5m,5.0,0.419,0.744,0.85,9.7,209.0,recomputed
2026-08-09T05:30:00Z,2026-08-09T00:00:00Z,2026-08-14T21:00:00Z,141,spectrum,buoy,0.87,buoy,,,,0.87,14.5,214.0,recomputed
2026-08-09T05:30:00Z,2026-08-09T00:00:00Z,2026-08-14T21:00:00Z,141,spectrum,coronado_north,1.015,5m,5.0,1.015,0.754,0.87,14.5,218.0,recomputed
2026-08-09T05:30:00Z,2026-08-09T00:00:00Z,2026-08-14T21:00:00Z,141,spectrum,coronado_center,0.677,5m,5.0,0.677,0.765,0.87,14.5,229.0,recomputed
2026-08-09T05:30:00Z,2026-08-09T00:00:00Z,2026-08-14T21:00:00Z,141,spectrum,coronado_south,0.449,5m,5.0,0.449,0.759,0.87,9.7,209.0,recomputed
2026-08-09T05:30:00Z,2026-08-09T00:00:00Z,2026-08-15T00:00:00Z,144,spectrum,buoy,0.909,buoy,,,,0.909,14.5,214.0,recomputed
2026-08-09T05:30:00Z,2026-08-09T00:00:00Z,2026-08-15T00:00:00Z,144,spectrum,coronado_north,1.021,5m,5.0,1.021,0.765,0.909,14.5,218.0,recomputed
2026-08-09T05:30:00Z,2026-08-09T00:00:00Z,2026-08-15T00:00:00Z,144,spectrum,coronado_center,0.684,5m,5.0,0.684,0.78,0.909,14.5,229.0,recomputed
2026-08-09T05:30:00Z,2026-08-09T00:00:00Z,2026-08-15T00:00:00Z,144,spectrum,coronado_south,0.447,5m,5.0,0.447,0.776,0.909,9.0,209.0,recomputed
2026-08-09T05:30:00Z,2026-08-09T00:00:00Z,2026-08-15T03:00:00Z,147,spectrum,buoy,0.936,buoy,,,,0.936,14.5,215.0,recomputed
2026-08-09T05:30:00Z,2026-08-09T00:00:00Z,2026-08-15T03:00:00Z,147,spectrum,coronado_north,1.035,5m,5.0,1.035,0.776,0.936,14.5,216.0,recomputed
2026-08-09T05:30:00Z,2026-08-09T00:00:00Z,2026-08-15T03:00:00Z,147,spectrum,coronado_center,0.709,5m,5.0,0.709,0.791,0.936,14.5,230.0,recomputed
2026-08-09T05:30:00Z,2026-08-09T00:00:00Z,2026-08-15T03:00:00Z,147,spectrum,coronado_south,0.469,5m,5.0,0.469,0.789,0.936,9.0,208.0,recomputed
2026-08-09T05:30:00Z,2026-08-09T00:00:00Z,2026-08-15T06:00:00Z,150,spectrum,buoy,0.979,buoy,,,,0.979,14.5,215.0,recomputed
2026-08-09T05:30:00Z,2026-08-09T00:00:00Z,2026-08-15T06:00:00Z,150,spectrum,coronado_north,1.055,5m,5.0,1.055,0.787,0.979,14.5,219.0,recomputed
2026-08-09T05:30:00Z,2026-08-09T00:00:00Z,2026-08-15T06:00:00Z,150,spectrum,coronado_center,0.723,5m,5.0,0.723,0.803,0.979,14.5,230.0,recomputed
2026-08-09T05:30:00Z,2026-08-09T00:00:00Z,2026-08-15T06:00:00Z,150,spectrum,coronado_south,0.453,5m,5.0,0.453,0.802,0.979,9.0,208.0,recomputed
2026-08-09T05:30:00Z,2026-08-09T00:00:00Z,2026-08-15T09:00:00Z,153,spectrum,buoy,0.983,buoy,,,,0.983,14.5,215.0,recomputed
2026-08-09T05:30:00Z,2026-08-09T00:00:00Z,2026-08-15T09:00:00Z,153,spectrum,coronado_north,1.077,5m,5.0,1.077,0.797,0.983,14.5,219.0,recomputed
2026-08-09T05:30:00Z,2026-08-09T00:00:00Z,2026-08-15T09:00:00Z,153,spectrum,coronado_center,0.741,5m,5.0,0.741,0.814,0.983,14.5,230.0,recomputed
2026-08-09T05:30:00Z,2026-08-09T00:00:00Z,2026-08-15T09:00:00Z,153,spectrum,coronado_south,0.459,5m,5.0,0.459,0.814,0.983,8.5,208.0,recomputed
2026-08-09T05:30:00Z,2026-08-09T00:00:00Z,2026-08-15T12:00:00Z,156,spectrum,buoy,0.985,buoy,,,,0.985,16.6,205.0,recomputed
2026-08-09T05:30:00Z,2026-08-09T00:00:00Z,2026-08-15T12:00:00Z,156,spectrum,coronado_north,1.097,5m,5.0,1.097,0.803,0.985,14.5,219.0,recomputed
2026-08-09T05:30:00Z,2026-08-09T00:00:00Z,2026-08-15T12:00:00Z,156,spectrum,coronado_center,0.76,5m,5.0,0.76,0.819,0.985,14.5,230.0,recomputed
2026-08-09T05:30:00Z,2026-08-09T00:00:00Z,2026-08-15T12:00:00Z,156,spectrum,coronado_south,0.456,5m,5.0,0.456,0.819,0.985,8.5,209.0,recomputed
2026-08-09T05:30:00Z,2026-08-09T00:00:00Z,2026-08-15T15:00:00Z,159,spectrum,buoy,0.987,buoy,,,,0.987,16.6,206.0,recomputed
2026-08-09T05:30:00Z,2026-08-09T00:00:00Z,2026-08-15T15:00:00Z,159,spectrum,coronado_north,1.128,5m,5.0,1.128,0.812,0.987,16.6,217.0,recomputed
2026-08-09T05:30:00Z,2026-08-09T00:00:00Z,2026-08-15T15:00:00Z,159,spectrum,coronado_center,0.792,5m,5.0,0.792,0.83,0.987,14.5,230.0,recomputed
2026-08-09T05:30:00Z,2026-08-09T00:00:00Z,2026-08-15T15:00:00Z,159,spectrum,coronado_south,0.456,5m,5.0,0.456,0.829,0.987,14.5,221.0,recomputed
2026-08-09T05:30:00Z,2026-08-09T00:00:00Z,2026-08-15T18:00:00Z,162,spectrum,buoy,0.993,buoy,,,,0.993,16.6,207.0,recomputed
2026-08-09T05:30:00Z,2026-08-09T00:00:00Z,2026-08-15T18:00:00Z,162,spectrum,coronado_north,1.172,5m,5.0,1.172,0.829,0.993,16.6,217.0,recomputed
2026-08-09T05:30:00Z,2026-08-09T00:00:00Z,2026-08-15T18:00:00Z,162,spectrum,coronado_center,0.844,5m,5.0,0.844,0.849,0.993,16.6,228.0,recomputed
2026-08-09T05:30:00Z,2026-08-09T00:00:00Z,2026-08-15T18:00:00Z,162,spectrum,coronado_south,0.459,5m,5.0,0.459,0.847,0.993,16.6,216.0,recomputed
2026-08-09T05:30:00Z,2026-08-09T00:00:00Z,2026-08-15T21:00:00Z,165,spectrum,buoy,1.005,buoy,,,,1.005,15.6,209.0,recomputed
2026-08-09T05:30:00Z,2026-08-09T00:00:00Z,2026-08-15T21:00:00Z,165,spectrum,coronado_north,1.218,5m,5.0,1.218,0.849,1.005,15.6,218.0,recomputed
2026-08-09T05:30:00Z,2026-08-09T00:00:00Z,2026-08-15T21:00:00Z,165,spectrum,coronado_center,0.902,5m,5.0,0.902,0.872,1.005,13.6,229.0,recomputed
2026-08-09T05:30:00Z,2026-08-09T00:00:00Z,2026-08-15T21:00:00Z,165,spectrum,coronado_south,0.466,5m,5.0,0.466,0.87,1.005,16.6,219.0,recomputed
2026-08-09T05:30:00Z,2026-08-09T00:00:00Z,2026-08-16T00:00:00Z,168,spectrum,buoy,1.024,buoy,,,,1.024,15.6,211.0,recomputed
2026-08-09T05:30:00Z,2026-08-09T00:00:00Z,2026-08-16T00:00:00Z,168,spectrum,coronado_north,1.273,5m,5.0,1.273,0.876,1.024,15.6,219.0,recomputed
2026-08-09T05:30:00Z,2026-08-09T00:00:00Z,2026-08-16T00:00:00Z,168,spectrum,coronado_center,0.973,5m,5.0,0.973,0.903,1.024,13.6,230.0,recomputed
2026-08-09T05:30:00Z,2026-08-09T00:00:00Z,2026-08-16T00:00:00Z,168,spectrum,coronado_south,0.478,5m,5.0,0.478,0.901,1.024,16.6,222.0,recomputed
2026-08-10T05:30:00Z,2026-08-10T00:00:00Z,2026-08-10T00:00:00Z,0,spectrum,buoy,0.797,buoy,,,,0.797,14.5,199.0,recomputed
2026-08-10T05:30:00Z,2026-08-10T00:00:00Z,2026-08-10T00:00:00Z,0,spectrum,coronado_north,0.74,5m,5.0,0.74,0.589,0.797,14.5,211.0,recomputed
2026-08-10T05:30:00Z,2026-08-10T00:00:00Z,2026-08-10T00:00:00Z,0,spectrum,coronado_center,0.47,5m,5.0,0.47,0.608,0.797,14.5,222.0,recomputed
2026-08-10T05:30:00Z,2026-08-10T00:00:00Z,2026-08-10T00:00:00Z,0,spectrum,coronado_south,0.388,5m,5.0,0.388,0.616,0.797,3.5,245.0,recomputed
2026-08-10T05:30:00Z,2026-08-10T00:00:00Z,2026-08-10T03:00:00Z,3,spectrum,buoy,0.783,buoy,,,,0.783,14.5,198.0,recomputed
2026-08-10T05:30:00Z,2026-08-10T00:00:00Z,2026-08-10T03:00:00Z,3,spectrum,coronado_north,0.742,5m,5.0,0.742,0.591,0.783,14.5,211.0,recomputed
2026-08-10T05:30:00Z,2026-08-10T00:00:00Z,2026-08-10T03:00:00Z,3,spectrum,coronado_center,0.472,5m,5.0,0.472,0.609,0.783,14.5,222.0,recomputed
2026-08-10T05:30:00Z,2026-08-10T00:00:00Z,2026-08-10T03:00:00Z,3,spectrum,coronado_south,0.389,5m,5.0,0.389,0.616,0.783,3.5,244.0,recomputed
2026-08-10T05:30:00Z,2026-08-10T00:00:00Z,2026-08-10T06:00:00Z,6,spectrum,buoy,0.772,buoy,,,,0.772,14.5,198.0,recomputed
2026-08-10T05:30:00Z,2026-08-10T00:00:00Z,2026-08-10T06:00:00Z,6,spectrum,coronado_north,0.738,5m,5.0,0.738,0.588,0.772,14.5,211.0,recomputed
2026-08-10T05:30:00Z,2026-08-10T00:00:00Z,2026-08-10T06:00:00Z,6,spectrum,coronado_center,0.459,5m,5.0,0.459,0.606,0.772,14.5,223.0,recomputed
2026-08-10T05:30:00Z,2026-08-10T00:00:00Z,2026-08-10T06:00:00Z,6,spectrum,coronado_south,0.373,5m,5.0,0.373,0.612,0.772,3.5,244.0,recomputed
2026-08-10T05:30:00Z,2026-08-10T00:00:00Z,2026-08-10T09:00:00Z,9,spectrum,buoy,0.755,buoy,,,,0.755,14.5,198.0,recomputed
2026-08-10T05:30:00Z,2026-08-10T00:00:00Z,2026-08-10T09:00:00Z,9,spectrum,coronado_north,0.737,5m,5.0,0.737,0.581,0.755,14.5,212.0,recomputed
2026-08-10T05:30:00Z,2026-08-10T00:00:00Z,2026-08-10T09:00:00Z,9,spectrum,coronado_center,0.46,5m,5.0,0.46,0.598,0.755,14.5,224.0,recomputed
2026-08-10T05:30:00Z,2026-08-10T00:00:00Z,2026-08-10T09:00:00Z,9,spectrum,coronado_south,0.362,5m,5.0,0.362,0.603,0.755,11.9,221.0,recomputed
2026-08-10T05:30:00Z,2026-08-10T00:00:00Z,2026-08-10T12:00:00Z,12,spectrum,buoy,0.733,buoy,,,,0.733,13.6,200.0,recomputed
2026-08-10T05:30:00Z,2026-08-10T00:00:00Z,2026-08-10T12:00:00Z,12,spectrum,coronado_north,0.742,5m,5.0,0.742,0.577,0.733,13.6,212.0,recomputed
2026-08-10T05:30:00Z,2026-08-10T00:00:00Z,2026-08-10T12:00:00Z,12,spectrum,coronado_center,0.468,5m,5.0,0.468,0.593,0.733,13.6,224.0,recomputed
2026-08-10T05:30:00Z,2026-08-10T00:00:00Z,2026-08-10T12:00:00Z,12,spectrum,coronado_south,0.348,5m,5.0,0.348,0.596,0.733,14.5,215.0,recomputed
2026-08-10T05:30:00Z,2026-08-10T00:00:00Z,2026-08-10T15:00:00Z,15,spectrum,buoy,0.707,buoy,,,,0.707,13.6,201.0,recomputed
2026-08-10T05:30:00Z,2026-08-10T00:00:00Z,2026-08-10T15:00:00Z,15,spectrum,coronado_north,0.74,5m,5.0,0.74,0.57,0.707,13.6,213.0,recomputed
2026-08-10T05:30:00Z,2026-08-10T00:00:00Z,2026-08-10T15:00:00Z,15,spectrum,coronado_center,0.465,5m,5.0,0.465,0.585,0.707,13.6,225.0,recomputed
2026-08-10T05:30:00Z,2026-08-10T00:00:00Z,2026-08-10T15:00:00Z,15,spectrum,coronado_south,0.333,5m,5.0,0.333,0.586,0.707,14.5,214.0,recomputed
2026-08-10T05:30:00Z,2026-08-10T00:00:00Z,2026-08-10T18:00:00Z,18,spectrum,buoy,0.684,buoy,,,,0.684,13.6,201.0,recomputed
2026-08-10T05:30:00Z,2026-08-10T00:00:00Z,2026-08-10T18:00:00Z,18,spectrum,coronado_north,0.728,5m,5.0,0.728,0.561,0.684,13.6,213.0,recomputed
2026-08-10T05:30:00Z,2026-08-10T00:00:00Z,2026-08-10T18:00:00Z,18,spectrum,coronado_center,0.455,5m,5.0,0.455,0.575,0.684,13.6,226.0,recomputed
2026-08-10T05:30:00Z,2026-08-10T00:00:00Z,2026-08-10T18:00:00Z,18,spectrum,coronado_south,0.323,5m,5.0,0.323,0.575,0.684,13.6,214.0,recomputed
2026-08-10T05:30:00Z,2026-08-10T00:00:00Z,2026-08-10T21:00:00Z,21,spectrum,buoy,0.666,buoy,,,,0.666,13.6,200.0,recomputed
2026-08-10T05:30:00Z,2026-08-10T00:00:00Z,2026-08-10T21:00:00Z,21,spectrum,coronado_north,0.721,5m,5.0,0.721,0.551,0.666,13.6,214.0,recomputed
2026-08-10T05:30:00Z,2026-08-10T00:00:00Z,2026-08-10T21:00:00Z,21,spectrum,coronado_center,0.458,5m,5.0,0.458,0.564,0.666,13.6,226.0,recomputed
2026-08-10T05:30:00Z,2026-08-10T00:00:00Z,2026-08-10T21:00:00Z,21,spectrum,coronado_south,0.319,5m,5.0,0.319,0.563,0.666,12.7,214.0,recomputed
2026-08-10T05:30:00Z,2026-08-10T00:00:00Z,2026-08-11T00:00:00Z,24,spectrum,buoy,0.654,buoy,,,,0.654,13.6,199.0,recomputed
2026-08-10T05:30:00Z,2026-08-10T00:00:00Z,2026-08-11T00:00:00Z,24,spectrum,coronado_north,0.717,5m,5.0,0.717,0.545,0.654,13.6,214.0,recomputed
2026-08-10T05:30:00Z,2026-08-10T00:00:00Z,2026-08-11T00:00:00Z,24,spectrum,coronado_center,0.457,5m,5.0,0.457,0.558,0.654,13.6,226.0,recomputed
2026-08-10T05:30:00Z,2026-08-10T00:00:00Z,2026-08-11T00:00:00Z,24,spectrum,coronado_south,0.32,5m,5.0,0.32,0.557,0.654,12.7,215.0,recomputed
2026-08-10T05:30:00Z,2026-08-10T00:00:00Z,2026-08-11T03:00:00Z,27,spectrum,buoy,0.651,buoy,,,,0.651,13.6,198.0,recomputed
2026-08-10T05:30:00Z,2026-08-10T00:00:00Z,2026-08-11T03:00:00Z,27,spectrum,coronado_north,0.727,5m,5.0,0.727,0.546,0.651,13.6,214.0,recomputed
2026-08-10T05:30:00Z,2026-08-10T00:00:00Z,2026-08-11T03:00:00Z,27,spectrum,coronado_center,0.484,5m,5.0,0.484,0.559,0.651,15.6,227.0,recomputed
2026-08-10T05:30:00Z,2026-08-10T00:00:00Z,2026-08-11T03:00:00Z,27,spectrum,coronado_south,0.334,5m,5.0,0.334,0.558,0.651,12.7,215.0,recomputed
2026-08-10T05:30:00Z,2026-08-10T00:00:00Z,2026-08-11T06:00:00Z,30,spectrum,buoy,0.644,buoy,,,,0.644,13.6,197.0,recomputed
2026-08-10T05:30:00Z,2026-08-10T00:00:00Z,2026-08-11T06:00:00Z,30,spectrum,coronado_north,0.729,5m,5.0,0.729,0.541,0.644,13.6,214.0,recomputed
2026-08-10T05:30:00Z,2026-08-10T00:00:00Z,2026-08-11T06:00:00Z,30,spectrum,coronado_center,0.495,5m,5.0,0.495,0.555,0.644,15.6,228.0,recomputed
2026-08-10T05:30:00Z,2026-08-10T00:00:00Z,2026-08-11T06:00:00Z,30,spectrum,coronado_south,0.323,5m,5.0,0.323,0.553,0.644,12.7,215.0,recomputed
2026-08-10T05:30:00Z,2026-08-10T00:00:00Z,2026-08-11T09:00:00Z,33,spectrum,buoy,0.631,buoy,,,,0.631,12.7,199.0,recomputed
2026-08-10T05:30:00Z,2026-08-10T00:00:00Z,2026-08-11T09:00:00Z,33,spectrum,coronado_north,0.712,5m,5.0,0.712,0.53,0.631,12.7,214.0,recomputed
2026-08-10T05:30:00Z,2026-08-10T00:00:00Z,2026-08-11T09:00:00Z,33,spectrum,coronado_center,0.491,5m,5.0,0.491,0.543,0.631,15.6,228.0,recomputed
2026-08-10T05:30:00Z,2026-08-10T00:00:00Z,2026-08-11T09:00:00Z,33,spectrum,coronado_south,0.315,5m,5.0,0.315,0.541,0.631,12.7,215.0,recomputed
2026-08-10T05:30:00Z,2026-08-10T00:00:00Z,2026-08-11T12:00:00Z,36,spectrum,buoy,0.62,buoy,,,,0.62,12.7,198.0,recomputed
2026-08-10T05:30:00Z,2026-08-10T00:00:00Z,2026-08-11T12:00:00Z,36,spectrum,coronado_north,0.691,5m,5.0,0.691,0.517,0.62,12.7,215.0,recomputed
2026-08-10T05:30:00Z,2026-08-10T00:00:00Z,2026-08-11T12:00:00Z,36,spectrum,coronado_center,0.483,5m,5.0,0.483,0.53,0.62,14.5,228.0,recomputed
2026-08-10T05:30:00Z,2026-08-10T00:00:00Z,2026-08-11T12:00:00Z,36,spectrum,coronado_south,0.311,5m,5.0,0.311,0.528,0.62,12.7,215.0,recomputed
2026-08-10T05:30:00Z,2026-08-10T00:00:00Z,2026-08-11T15:00:00Z,39,spectrum,buoy,0.61,buoy,,,,0.61,12.7,197.0,recomputed
2026-08-10T05:30:00Z,2026-08-10T00:00:00Z,2026-08-11T15:00:00Z,39,spectrum,coronado_north,0.673,5m,5.0,0.673,0.51,0.61,12.7,215.0,recomputed
2026-08-10T05:30:00Z,2026-08-10T00:00:00Z,2026-08-11T15:00:00Z,39,spectrum,coronado_center,0.477,5m,5.0,0.477,0.522,0.61,14.5,228.0,recomputed
2026-08-10T05:30:00Z,2026-08-10T00:00:00Z,2026-08-11T15:00:00Z,39,spectrum,coronado_south,0.31,5m,5.0,0.31,0.519,0.61,12.7,215.0,recomputed
2026-08-10T05:30:00Z,2026-08-10T00:00:00Z,2026-08-11T18:00:00Z,42,spectrum,buoy,0.612,buoy,,,,0.612,12.7,197.0,recomputed
2026-08-10T05:30:00Z,2026-08-10T00:00:00Z,2026-08-11T18:00:00Z,42,spectrum,coronado_north,0.685,5m,5.0,0.685,0.514,0.612,14.5,216.0,recomputed
2026-08-10T05:30:00Z,2026-08-10T00:00:00Z,2026-08-11T18:00:00Z,42,spectrum,coronado_center,0.504,5m,5.0,0.504,0.526,0.612,14.5,229.0,recomputed
2026-08-10T05:30:00Z,2026-08-10T00:00:00Z,2026-08-11T18:00:00Z,42,spectrum,coronado_south,0.334,5m,5.0,0.334,0.523,0.612,11.9,216.0,recomputed
2026-08-10T05:30:00Z,2026-08-10T00:00:00Z,2026-08-11T21:00:00Z,45,spectrum,buoy,0.644,buoy,,,,0.644,12.7,197.0,recomputed
2026-08-10T05:30:00Z,2026-08-10T00:00:00Z,2026-08-11T21:00:00Z,45,spectrum,coronado_north,0.704,5m,5.0,0.704,0.533,0.644,14.5,217.0,recomputed
2026-08-10T05:30:00Z,2026-08-10T00:00:00Z,2026-08-11T21:00:00Z,45,spectrum,coronado_center,0.531,5m,5.0,0.531,0.547,0.644,14.5,229.0,recomputed
2026-08-10T05:30:00Z,2026-08-10T00:00:00Z,2026-08-11T21:00:00Z,45,spectrum,coronado_south,0.355,5m,5.0,0.355,0.546,0.644,11.9,213.0,recomputed
2026-08-10T05:30:00Z,2026-08-10T00:00:00Z,2026-08-12T00:00:00Z,48,spectrum,buoy,0.654,buoy,,,,0.654,17.8,216.0,recomputed
2026-08-10T05:30:00Z,2026-08-10T00:00:00Z,2026-08-12T00:00:00Z,48,spectrum,coronado_north,0.721,5m,5.0,0.721,0.544,0.654,14.5,218.0,recomputed
2026-08-10T05:30:00Z,2026-08-10T00:00:00Z,2026-08-12T00:00:00Z,48,spectrum,coronado_center,0.544,5m,5.0,0.544,0.558,0.654,14.5,229.0,recomputed
2026-08-10T05:30:00Z,2026-08-10T00:00:00Z,2026-08-12T00:00:00Z,48,spectrum,coronado_south,0.331,5m,5.0,0.331,0.556,0.654,11.9,216.0,recomputed
2026-08-10T05:30:00Z,2026-08-10T00:00:00Z,2026-08-12T03:00:00Z,51,spectrum,buoy,0.659,buoy,,,,0.659,17.8,214.0,recomputed
2026-08-10T05:30:00Z,2026-08-10T00:00:00Z,2026-08-12T03:00:00Z,51,spectrum,coronado_north,0.723,5m,5.0,0.723,0.544,0.659,14.5,217.0,recomputed
2026-08-10T05:30:00Z,2026-08-10T00:00:00Z,2026-08-12T03:00:00Z,51,spectrum,coronado_center,0.548,5m,5.0,0.548,0.558,0.659,17.8,227.0,recomputed
2026-08-10T05:30:00Z,2026-08-10T00:00:00Z,2026-08-12T03:00:00Z,51,spectrum,coronado_south,0.332,5m,5.0,0.332,0.557,0.659,11.9,216.0,recomputed
2026-08-10T05:30:00Z,2026-08-10T00:00:00Z,2026-08-12T06:00:00Z,54,spectrum,buoy,0.655,buoy,,,,0.655,17.8,212.0,recomputed
2026-08-10T05:30:00Z,2026-08-10T00:00:00Z,2026-08-12T06:00:00Z,54,spectrum,coronado_north,0.709,5m,5.0,0.709,0.537,0.655,14.5,217.0,recomputed
2026-08-10T05:30:00Z,2026-08-10T00:00:00Z,2026-08-12T06:00:00Z,54,spectrum,coronado_center,0.54,5m,5.0,0.54,0.551,0.655,17.8,227.0,recomputed
2026-08-10T05:30:00Z,2026-08-10T00:00:00Z,2026-08-12T06:00:00Z,54,spectrum,coronado_south,0.342,5m,5.0,0.342,0.55,0.655,11.9,215.0,recomputed
2026-08-10T05:30:00Z,2026-08-10T00:00:00Z,2026-08-12T09:00:00Z,57,spectrum,buoy,0.647,buoy,,,,0.647,17.8,211.0,recomputed
2026-08-10T05:30:00Z,2026-08-10T00:00:00Z,2026-08-12T09:00:00Z,57,spectrum,coronado_north,0.694,5m,5.0,0.694,0.53,0.647,13.6,217.0,recomputed
2026-08-10T05:30:00Z,2026-08-10T00:00:00Z,2026-08-12T09:00:00Z,57,spectrum,coronado_center,0.53,5m,5.0,0.53,0.545,0.647,17.8,227.0,recomputed
2026-08-10T05:30:00Z,2026-08-10T00:00:00Z,2026-08-12T09:00:00Z,57,spectrum,coronado_south,0.337,5m,5.0,0.337,0.544,0.647,11.9,214.0,recomputed
2026-08-10T05:30:00Z,2026-08-10T00:00:00Z,2026-08-12T12:00:00Z,60,spectrum,buoy,0.646,buoy,,,,0.646,17.8,210.0,recomputed
2026-08-10T05:30:00Z,2026-08-10T00:00:00Z,2026-08-12T12:00:00Z,60,spectrum,coronado_north,0.699,5m,5.0,0.699,0.534,0.646,13.6,217.0,recomputed
2026-08-10T05:30:00Z,2026-08-10T00:00:00Z,2026-08-12T12:00:00Z,60,spectrum,coronado_center,0.539,5m,5.0,0.539,0.548,0.646,16.6,227.0,recomputed
2026-08-10T05:30:00Z,2026-08-10T00:00:00Z,2026-08-12T12:00:00Z,60,spectrum,coronado_south,0.332,5m,5.0,0.332,0.547,0.646,11.9,215.0,recomputed
2026-08-10T05:30:00Z,2026-08-10T00:00:00Z,2026-08-12T15:00:00Z,63,spectrum,buoy,0.656,buoy,,,,0.656,16.6,214.0,recomputed
2026-08-10T05:30:00Z,2026-08-10T00:00:00Z,2026-08-12T15:00:00Z,63,spectrum,coronado_north,0.728,5m,5.0,0.728,0.549,0.656,16.6,220.0,recomputed
2026-08-10T05:30:00Z,2026-08-10T00:00:00Z,2026-08-12T15:00:00Z,63,spectrum,coronado_center,0.568,5m,5.0,0.568,0.563,0.656,16.6,226.0,recomputed
2026-08-10T05:30:00Z,2026-08-10T00:00:00Z,2026-08-12T15:00:00Z,63,spectrum,coronado_south,0.335,5m,5.0,0.335,0.561,0.656,11.9,215.0,recomputed
2026-08-10T05:30:00Z,2026-08-10T00:00:00Z,2026-08-12T18:00:00Z,66,spectrum,buoy,0.665,buoy,,,,0.665,16.6,213.0,recomputed
2026-08-10T05:30:00Z,2026-08-10T00:00:00Z,2026-08-12T18:00:00Z,66,spectrum,coronado_north,0.753,5m,5.0,0.753,0.562,0.665,16.6,219.0,recomputed
2026-08-10T05:30:00Z,2026-08-10T00:00:00Z,2026-08-12T18:00:00Z,66,spectrum,coronado_center,0.591,5m,5.0,0.591,0.576,0.665,16.6,226.0,recomputed
2026-08-10T05:30:00Z,2026-08-10T00:00:00Z,2026-08-12T18:00:00Z,66,spectrum,coronado_south,0.342,5m,5.0,0.342,0.573,0.665,13.6,215.0,recomputed
2026-08-10T05:30:00Z,2026-08-10T00:00:00Z,2026-08-12T21:00:00Z,69,spectrum,buoy,0.679,buoy,,,,0.679,16.6,214.0,recomputed
2026-08-10T05:30:00Z,2026-08-10T00:00:00Z,2026-08-12T21:00:00Z,69,spectrum,coronado_north,0.766,5m,5.0,0.766,0.567,0.679,16.6,220.0,recomputed
2026-08-10T05:30:00Z,2026-08-10T00:00:00Z,2026-08-12T21:00:00Z,69,spectrum,coronado_center,0.606,5m,5.0,0.606,0.583,0.679,16.6,227.0,recomputed
2026-08-10T05:30:00Z,2026-08-10T00:00:00Z,2026-08-12T21:00:00Z,69,spectrum,coronado_south,0.37,5m,5.0,0.37,0.582,0.679,13.6,215.0,recomputed
2026-08-10T05:30:00Z,2026-08-10T00:00:00Z,2026-08-13T00:00:00Z,72,spectrum,buoy,0.685,buoy,,,,0.685,16.6,214.0,recomputed
2026-08-10T05:30:00Z,2026-08-10T00:00:00Z,2026-08-13T00:00:00Z,72,spectrum,coronado_north,0.76,5m,5.0,0.76,0.566,0.685,16.6,220.0,recomputed
2026-08-10T05:30:00Z,2026-08-10T00:00:00Z,2026-08-13T00:00:00Z,72,spectrum,coronado_center,0.6,5m,5.0,0.6,0.583,0.685,16.6,227.0,recomputed
2026-08-10T05:30:00Z,2026-08-10T00:00:00Z,2026-08-13T00:00:00Z,72,spectrum,coronado_south,0.381,5m,5.0,0.381,0.584,0.685,11.9,214.0,recomputed
2026-08-10T05:30:00Z,2026-08-10T00:00:00Z,2026-08-13T03:00:00Z,75,spectrum,buoy,0.696,buoy,,,,0.696,16.6,215.0,recomputed
2026-08-10T05:30:00Z,2026-08-10T00:00:00Z,2026-08-13T03:00:00Z,75,spectrum,coronado_north,0.754,5m,5.0,0.754,0.568,0.696,16.6,220.0,recomputed
2026-08-10T05:30:00Z,2026-08-10T00:00:00Z,2026-08-13T03:00:00Z,75,spectrum,coronado_center,0.581,5m,5.0,0.581,0.586,0.696,16.6,228.0,recomputed
2026-08-10T05:30:00Z,2026-08-10T00:00:00Z,2026-08-13T03:00:00Z,75,spectrum,coronado_south,0.364,5m,5.0,0.364,0.588,0.696,11.9,213.0,recomputed
2026-08-10T05:30:00Z,2026-08-10T00:00:00Z,2026-08-13T06:00:00Z,78,spectrum,buoy,0.707,buoy,,,,0.707,15.6,213.0,recomputed
2026-08-10T05:30:00Z,2026-08-10T00:00:00Z,2026-08-13T06:00:00Z,78,spectrum,coronado_north,0.768,5m,5.0,0.768,0.576,0.707,15.6,220.0,recomputed
2026-08-10T05:30:00Z,2026-08-10T00:00:00Z,2026-08-13T06:00:00Z,78,spectrum,coronado_center,0.583,5m,5.0,0.583,0.595,0.707,16.6,228.0,recomputed
2026-08-10T05:30:00Z,2026-08-10T00:00:00Z,2026-08-13T06:00:00Z,78,spectrum,coronado_south,0.371,5m,5.0,0.371,0.597,0.707,11.9,212.0,recomputed
2026-08-10T05:30:00Z,2026-08-10T00:00:00Z,2026-08-13T09:00:00Z,81,spectrum,buoy,0.715,buoy,,,,0.715,15.6,213.0,recomputed
2026-08-10T05:30:00Z,2026-08-10T00:00:00Z,2026-08-13T09:00:00Z,81,spectrum,coronado_north,0.785,5m,5.0,0.785,0.585,0.715,15.6,220.0,recomputed
2026-08-10T05:30:00Z,2026-08-10T00:00:00Z,2026-08-13T09:00:00Z,81,spectrum,coronado_center,0.59,5m,5.0,0.59,0.603,0.715,15.6,228.0,recomputed
2026-08-10T05:30:00Z,2026-08-10T00:00:00Z,2026-08-13T09:00:00Z,81,spectrum,coronado_south,0.371,5m,5.0,0.371,0.605,0.715,12.7,213.0,recomputed
2026-08-10T05:30:00Z,2026-08-10T00:00:00Z,2026-08-13T12:00:00Z,84,spectrum,buoy,0.72,buoy,,,,0.72,15.6,214.0,recomputed
2026-08-10T05:30:00Z,2026-08-10T00:00:00Z,2026-08-13T12:00:00Z,84,spectrum,coronado_north,0.793,5m,5.0,0.793,0.591,0.72,15.6,220.0,recomputed
2026-08-10T05:30:00Z,2026-08-10T00:00:00Z,2026-08-13T12:00:00Z,84,spectrum,coronado_center,0.596,5m,5.0,0.596,0.609,0.72,15.6,229.0,recomputed
2026-08-10T05:30:00Z,2026-08-10T00:00:00Z,2026-08-13T12:00:00Z,84,spectrum,coronado_south,0.368,5m,5.0,0.368,0.611,0.72,12.7,212.0,recomputed
2026-08-10T05:30:00Z,2026-08-10T00:00:00Z,2026-08-13T15:00:00Z,87,spectrum,buoy,0.721,buoy,,,,0.721,15.6,214.0,recomputed
2026-08-10T05:30:00Z,2026-08-10T00:00:00Z,2026-08-13T15:00:00Z,87,spectrum,coronado_north,0.794,5m,5.0,0.794,0.593,0.721,15.6,220.0,recomputed
2026-08-10T05:30:00Z,2026-08-10T00:00:00Z,2026-08-13T15:00:00Z,87,spectrum,coronado_center,0.601,5m,5.0,0.601,0.612,0.721,15.6,229.0,recomputed
2026-08-10T05:30:00Z,2026-08-10T00:00:00Z,2026-08-13T15:00:00Z,87,spectrum,coronado_south,0.371,5m,5.0,0.371,0.614,0.721,12.7,212.0,recomputed
2026-08-10T05:30:00Z,2026-08-10T00:00:00Z,2026-08-13T18:00:00Z,90,spectrum,buoy,0.724,buoy,,,,0.724,15.6,215.0,recomputed
2026-08-10T05:30:00Z,2026-08-10T00:00:00Z,2026-08-13T18:00:00Z,90,spectrum,coronado_north,0.801,5m,5.0,0.801,0.598,0.724,15.6,220.0,recomputed
2026-08-10T05:30:00Z,2026-08-10T00:00:00Z,2026-08-13T18:00:00Z,90,spectrum,coronado_center,0.612,5m,5.0,0.612,0.616,0.724,15.6,229.0,recomputed
2026-08-10T05:30:00Z,2026-08-10T00:00:00Z,2026-08-13T18:00:00Z,90,spectrum,coronado_south,0.367,5m,5.0,0.367,0.618,0.724,12.7,212.0,recomputed
2026-08-10T05:30:00Z,2026-08-10T00:00:00Z,2026-08-13T21:00:00Z,93,spectrum,buoy,0.736,buoy,,,,0.736,15.6,215.0,recomputed
2026-08-10T05:30:00Z,2026-08-10T00:00:00Z,2026-08-13T21:00:00Z,93,spectrum,coronado_north,0.815,5m,5.0,0.815,0.611,0.736,15.6,219.0,recomputed
2026-08-10T05:30:00Z,2026-08-10T00:00:00Z,2026-08-13T21:00:00Z,93,spectrum,coronado_center,0.625,5m,5.0,0.625,0.629,0.736,15.6,229.0,recomputed
2026-08-10T05:30:00Z,2026-08-10T00:00:00Z,2026-08-13T21:00:00Z,93,spectrum,coronado_south,0.392,5m,5.0,0.392,0.631,0.736,11.9,211.0,recomputed
2026-08-10T05:30:00Z,2026-08-10T00:00:00Z,2026-08-14T00:00:00Z,96,spectrum,buoy,0.757,buoy,,,,0.757,14.5,210.0,recomputed
2026-08-10T05:30:00Z,2026-08-10T00:00:00Z,2026-08-14T00:00:00Z,96,spectrum,coronado_north,0.831,5m,5.0,0.831,0.626,0.757,15.6,219.0,recomputed
2026-08-10T05:30:00Z,2026-08-10T00:00:00Z,2026-08-14T00:00:00Z,96,spectrum,coronado_center,0.634,5m,5.0,0.634,0.644,0.757,15.6,229.0,recomputed
2026-08-10T05:30:00Z,2026-08-10T00:00:00Z,2026-08-14T00:00:00Z,96,spectrum,coronado_south,0.403,5m,5.0,0.403,0.646,0.757,11.9,211.0,recomputed
2026-08-10T05:30:00Z,2026-08-10T00:00:00Z,2026-08-14T03:00:00Z,99,spectrum,buoy,0.766,buoy,,,,0.766,14.5,211.0,recomputed
2026-08-10T05:30:00Z,2026-08-10T00:00:00Z,2026-08-14T03:00:00Z,99,spectrum,coronado_north,0.845,5m,5.0,0.845,0.636,0.766,15.6,219.0,recomputed
2026-08-10T05:30:00Z,2026-08-10T00:00:00Z,2026-08-14T03:00:00Z,99,spectrum,coronado_center,0.634,5m,5.0,0.634,0.655,0.766,15.6,228.0,recomputed
2026-08-10T05:30:00Z,2026-08-10T00:00:00Z,2026-08-14T03:00:00Z,99,spectrum,coronado_south,0.395,5m,5.0,0.395,0.656,0.766,11.9,210.0,recomputed
2026-08-10T05:30:00Z,2026-08-10T00:00:00Z,2026-08-14T06:00:00Z,102,spectrum,buoy,0.771,buoy,,,,0.771,15.6,216.0,recomputed
2026-08-10T05:30:00Z,2026-08-10T00:00:00Z,2026-08-14T06:00:00Z,102,spectrum,coronado_north,0.864,5m,5.0,0.864,0.647,0.771,15.6,219.0,recomputed
2026-08-10T05:30:00Z,2026-08-10T00:00:00Z,2026-08-14T06:00:00Z,102,spectrum,coronado_center,0.637,5m,5.0,0.637,0.664,0.771,15.6,228.0,recomputed
2026-08-10T05:30:00Z,2026-08-10T00:00:00Z,2026-08-14T06:00:00Z,102,spectrum,coronado_south,0.392,5m,5.0,0.392,0.664,0.771,11.9,210.0,recomputed
2026-08-10T05:30:00Z,2026-08-10T00:00:00Z,2026-08-14T09:00:00Z,105,spectrum,buoy,0.78,buoy,,,,0.78,15.6,217.0,recomputed
2026-08-10T05:30:00Z,2026-08-10T00:00:00Z,2026-08-14T09:00:00Z,105,spectrum,coronado_north,0.889,5m,5.0,0.889,0.661,0.78,15.6,219.0,recomputed
2026-08-10T05:30:00Z,2026-08-10T00:00:00Z,2026-08-14T09:00:00Z,105,spectrum,coronado_center,0.644,5m,5.0,0.644,0.677,0.78,15.6,228.0,recomputed
2026-08-10T05:30:00Z,2026-08-10T00:00:00Z,2026-08-14T09:00:00Z,105,spectrum,coronado_south,0.391,5m,5.0,0.391,0.676,0.78,11.9,210.0,recomputed
2026-08-10T05:30:00Z,2026-08-10T00:00:00Z,2026-08-14T12:00:00Z,108,spectrum,buoy,0.797,buoy,,,,0.797,15.6,217.0,recomputed
2026-08-10T05:30:00Z,2026-08-10T00:00:00Z,2026-08-14T12:00:00Z,108,spectrum,coronado_north,0.923,5m,5.0,0.923,0.682,0.797,15.6,219.0,recomputed
2026-08-10T05:30:00Z,2026-08-10T00:00:00Z,2026-08-14T12:00:00Z,108,spectrum,coronado_center,0.659,5m,5.0,0.659,0.698,0.797,15.6,228.0,recomputed
2026-08-10T05:30:00Z,2026-08-10T00:00:00Z,2026-08-14T12:00:00Z,108,spectrum,coronado_south,0.395,5m,5.0,0.395,0.695,0.797,11.9,210.0,recomputed
2026-08-10T05:30:00Z,2026-08-10T00:00:00Z,2026-08-14T15:00:00Z,111,spectrum,buoy,0.819,buoy,,,,0.819,15.6,217.0,recomputed
2026-08-10T05:30:00Z,2026-08-10T00:00:00Z,2026-08-14T15:00:00Z,111,spectrum,coronado_north,0.959,5m,5.0,0.959,0.706,0.819,15.6,220.0,recomputed
2026-08-10T05:30:00Z,2026-08-10T00:00:00Z,2026-08-14T15:00:00Z,111,spectrum,coronado_center,0.677,5m,5.0,0.677,0.721,0.819,15.6,229.0,recomputed
2026-08-10T05:30:00Z,2026-08-10T00:00:00Z,2026-08-14T15:00:00Z,111,spectrum,coronado_south,0.398,5m,5.0,0.398,0.717,0.819,11.9,209.0,recomputed
2026-08-10T05:30:00Z,2026-08-10T00:00:00Z,2026-08-14T18:00:00Z,114,spectrum,buoy,0.841,buoy,,,,0.841,15.6,217.0,recomputed
2026-08-10T05:30:00Z,2026-08-10T00:00:00Z,2026-08-14T18:00:00Z,114,spectrum,coronado_north,0.988,5m,5.0,0.988,0.729,0.841,15.6,219.0,recomputed
2026-08-10T05:30:00Z,2026-08-10T00:00:00Z,2026-08-14T18:00:00Z,114,spectrum,coronado_center,0.694,5m,5.0,0.694,0.744,0.841,15.6,230.0,recomputed
2026-08-10T05:30:00Z,2026-08-10T00:00:00Z,2026-08-14T18:00:00Z,114,spectrum,coronado_south,0.406,5m,5.0,0.406,0.738,0.841,11.9,208.0,recomputed
2026-08-10T05:30:00Z,2026-08-10T00:00:00Z,2026-08-14T21:00:00Z,117,spectrum,buoy,0.876,buoy,,,,0.876,14.5,215.0,recomputed
2026-08-10T05:30:00Z,2026-08-10T00:00:00Z,2026-08-14T21:00:00Z,117,spectrum,coronado_north,1.004,5m,5.0,1.004,0.745,0.876,14.5,219.0,recomputed
2026-08-10T05:30:00Z,2026-08-10T00:00:00Z,2026-08-14T21:00:00Z,117,spectrum,coronado_center,0.706,5m,5.0,0.706,0.76,0.876,14.5,230.0,recomputed
2026-08-10T05:30:00Z,2026-08-10T00:00:00Z,2026-08-14T21:00:00Z,117,spectrum,coronado_south,0.427,5m,5.0,0.427,0.754,0.876,11.9,208.0,recomputed
2026-08-10T05:30:00Z,2026-08-10T00:00:00Z,2026-08-15T00:00:00Z,120,spectrum,buoy,0.922,buoy,,,,0.922,14.5,216.0,recomputed
2026-08-10T05:30:00Z,2026-08-10T00:00:00Z,2026-08-15T00:00:00Z,120,spectrum,coronado_north,1.014,5m,5.0,1.014,0.758,0.922,14.5,219.0,recomputed
2026-08-10T05:30:00Z,2026-08-10T00:00:00Z,2026-08-15T00:00:00Z,120,spectrum,coronado_center,0.725,5m,5.0,0.725,0.775,0.922,14.5,229.0,recomputed
2026-08-10T05:30:00Z,2026-08-10T00:00:00Z,2026-08-15T00:00:00Z,120,spectrum,coronado_south,0.455,5m,5.0,0.455,0.775,0.922,11.9,207.0,recomputed
2026-08-10T05:30:00Z,2026-08-10T00:00:00Z,2026-08-15T03:00:00Z,123,spectrum,buoy,0.951,buoy,,,,0.951,14.5,216.0,recomputed
2026-08-10T05:30:00Z,2026-08-10T00:00:00Z,2026-08-15T03:00:00Z,123,spectrum,coronado_north,1.035,5m,5.0,1.035,0.774,0.951,14.5,218.0,recomputed
2026-08-10T05:30:00Z,2026-08-10T00:00:00Z,2026-08-15T03:00:00Z,123,spectrum,coronado_center,0.746,5m,5.0,0.746,0.793,0.951,14.5,227.0,recomputed
2026-08-10T05:30:00Z,2026-08-10T00:00:00Z,2026-08-15T03:00:00Z,123,spectrum,coronado_south,0.465,5m,5.0,0.465,0.794,0.951,11.9,207.0,recomputed
2026-08-10T05:30:00Z,2026-08-10T00:00:00Z,2026-08-15T06:00:00Z,126,spectrum,buoy,0.98,buoy,,,,0.98,14.5,216.0,recomputed
2026-08-10T05:30:00Z,2026-08-10T00:00:00Z,2026-08-15T06:00:00Z,126,spectrum,coronado_north,1.064,5m,5.0,1.064,0.792,0.98,14.5,219.0,recomputed
2026-08-10T05:30:00Z,2026-08-10T00:00:00Z,2026-08-15T06:00:00Z,126,spectrum,coronado_center,0.765,5m,5.0,0.765,0.812,0.98,14.5,230.0,recomputed
2026-08-10T05:30:00Z,2026-08-10T00:00:00Z,2026-08-15T06:00:00Z,126,spectrum,coronado_south,0.457,5m,5.0,0.457,0.814,0.98,11.9,206.0,recomputed
2026-08-10T05:30:00Z,2026-08-10T00:00:00Z,2026-08-15T09:00:00Z,129,spectrum,buoy,0.986,buoy,,,,0.986,14.5,216.0,recomputed
2026-08-10T05:30:00Z,2026-08-10T00:00:00Z,2026-08-15T09:00:00Z,129,spectrum,coronado_north,1.085,5m,5.0,1.085,0.801,0.986,14.5,219.0,recomputed
2026-08-10T05:30:00Z,2026-08-10T00:00:00Z,2026-08-15T09:00:00Z,129,spectrum,coronado_center,0.775,5m,5.0,0.775,0.819,0.986,14.5,230.0,recomputed
2026-08-10T05:30:00Z,2026-08-10T00:00:00Z,2026-08-15T09:00:00Z,129,spectrum,coronado_south,0.453,5m,5.0,0.453,0.819,0.986,11.9,207.0,recomputed
2026-08-10T05:30:00Z,2026-08-10T00:00:00Z,2026-08-15T12:00:00Z,132,spectrum,buoy,0.998,buoy,,,,0.998,14.5,216.0,recomputed
2026-08-10T05:30:00Z,2026-08-10T00:00:00Z,2026-08-15T12:00:00Z,132,spectrum,coronado_north,1.102,5m,5.0,1.102,0.805,0.998,14.5,219.0,recomputed
2026-08-10T05:30:00Z,2026-08-10T00:00:00Z,2026-08-15T12:00:00Z,132,spectrum,coronado_center,0.782,5m,5.0,0.782,0.822,0.998,14.5,230.0,recomputed
2026-08-10T05:30:00Z,2026-08-10T00:00:00Z,2026-08-15T12:00:00Z,132,spectrum,coronado_south,0.446,5m,5.0,0.446,0.821,0.998,14.5,215.0,recomputed
2026-08-10T05:30:00Z,2026-08-10T00:00:00Z,2026-08-15T15:00:00Z,135,spectrum,buoy,1.003,buoy,,,,1.003,16.6,206.0,recomputed
2026-08-10T05:30:00Z,2026-08-10T00:00:00Z,2026-08-15T15:00:00Z,135,spectrum,coronado_north,1.12,5m,5.0,1.12,0.81,1.003,16.6,216.0,recomputed
2026-08-10T05:30:00Z,2026-08-10T00:00:00Z,2026-08-15T15:00:00Z,135,spectrum,coronado_center,0.793,5m,5.0,0.793,0.827,1.003,14.5,230.0,recomputed
2026-08-10T05:30:00Z,2026-08-10T00:00:00Z,2026-08-15T15:00:00Z,135,spectrum,coronado_south,0.448,5m,5.0,0.448,0.825,1.003,14.5,215.0,recomputed
2026-08-10T05:30:00Z,2026-08-10T00:00:00Z,2026-08-15T18:00:00Z,138,spectrum,buoy,0.992,buoy,,,,0.992,16.6,207.0,recomputed
2026-08-10T05:30:00Z,2026-08-10T00:00:00Z,2026-08-15T18:00:00Z,138,spectrum,coronado_north,1.138,5m,5.0,1.138,0.815,0.992,16.6,216.0,recomputed
2026-08-10T05:30:00Z,2026-08-10T00:00:00Z,2026-08-15T18:00:00Z,138,spectrum,coronado_center,0.809,5m,5.0,0.809,0.833,0.992,13.6,230.0,recomputed
2026-08-10T05:30:00Z,2026-08-10T00:00:00Z,2026-08-15T18:00:00Z,138,spectrum,coronado_south,0.467,5m,5.0,0.467,0.832,0.992,16.6,214.0,recomputed
2026-08-10T05:30:00Z,2026-08-10T00:00:00Z,2026-08-15T21:00:00Z,141,spectrum,buoy,0.987,buoy,,,,0.987,16.6,207.0,recomputed
2026-08-10T05:30:00Z,2026-08-10T00:00:00Z,2026-08-15T21:00:00Z,141,spectrum,coronado_north,1.154,5m,5.0,1.154,0.821,0.987,16.6,217.0,recomputed
2026-08-10T05:30:00Z,2026-08-10T00:00:00Z,2026-08-15T21:00:00Z,141,spectrum,coronado_center,0.821,5m,5.0,0.821,0.84,0.987,13.6,229.0,recomputed
2026-08-10T05:30:00Z,2026-08-10T00:00:00Z,2026-08-15T21:00:00Z,141,spectrum,coronado_south,0.448,5m,5.0,0.448,0.838,0.987,16.6,215.0,recomputed
2026-08-10T05:30:00Z,2026-08-10T00:00:00Z,2026-08-16T00:00:00Z,144,spectrum,buoy,0.995,buoy,,,,0.995,15.6,208.0,recomputed
2026-08-10T05:30:00Z,2026-08-10T00:00:00Z,2026-08-16T00:00:00Z,144,spectrum,coronado_north,1.179,5m,5.0,1.179,0.831,0.995,15.6,217.0,recomputed
2026-08-10T05:30:00Z,2026-08-10T00:00:00Z,2026-08-16T00:00:00Z,144,spectrum,coronado_center,0.853,5m,5.0,0.853,0.852,0.995,13.6,228.0,recomputed
2026-08-10T05:30:00Z,2026-08-10T00:00:00Z,2026-08-16T00:00:00Z,144,spectrum,coronado_south,0.452,5m,5.0,0.452,0.85,0.995,16.6,218.0,recomputed
2026-08-10T05:30:00Z,2026-08-10T00:00:00Z,2026-08-16T03:00:00Z,147,spectrum,buoy,1.021,buoy,,,,1.021,15.6,209.0,recomputed
2026-08-10T05:30:00Z,2026-08-10T00:00:00Z,2026-08-16T03:00:00Z,147,spectrum,coronado_north,1.216,5m,5.0,1.216,0.849,1.021,15.6,218.0,recomputed
2026-08-10T05:30:00Z,2026-08-10T00:00:00Z,2026-08-16T03:00:00Z,147,spectrum,coronado_center,0.904,5m,5.0,0.904,0.874,1.021,13.6,229.0,recomputed
2026-08-10T05:30:00Z,2026-08-10T00:00:00Z,2026-08-16T03:00:00Z,147,spectrum,coronado_south,0.465,5m,5.0,0.465,0.873,1.021,16.6,221.0,recomputed
2026-08-10T05:30:00Z,2026-08-10T00:00:00Z,2026-08-16T06:00:00Z,150,spectrum,buoy,1.033,buoy,,,,1.033,15.6,209.0,recomputed
2026-08-10T05:30:00Z,2026-08-10T00:00:00Z,2026-08-16T06:00:00Z,150,spectrum,coronado_north,1.256,5m,5.0,1.256,0.873,1.033,15.6,219.0,recomputed
2026-08-10T05:30:00Z,2026-08-10T00:00:00Z,2026-08-16T06:00:00Z,150,spectrum,coronado_center,0.965,5m,5.0,0.965,0.903,1.033,13.6,230.0,recomputed
2026-08-10T05:30:00Z,2026-08-10T00:00:00Z,2026-08-16T06:00:00Z,150,spectrum,coronado_south,0.485,5m,5.0,0.485,0.904,1.033,13.6,224.0,recomputed
2026-08-10T05:30:00Z,2026-08-10T00:00:00Z,2026-08-16T09:00:00Z,153,spectrum,buoy,1.052,buoy,,,,1.052,15.6,209.0,recomputed
2026-08-10T05:30:00Z,2026-08-10T00:00:00Z,2026-08-16T09:00:00Z,153,spectrum,coronado_north,1.281,5m,5.0,1.281,0.892,1.052,15.6,220.0,recomputed
2026-08-10T05:30:00Z,2026-08-10T00:00:00Z,2026-08-16T09:00:00Z,153,spectrum,coronado_center,1.014,5m,5.0,1.014,0.926,1.052,13.6,231.0,recomputed
2026-08-10T05:30:00Z,2026-08-10T00:00:00Z,2026-08-16T09:00:00Z,153,spectrum,coronado_south,0.512,5m,5.0,0.512,0.929,1.052,13.6,226.0,recomputed
2026-08-10T05:30:00Z,2026-08-10T00:00:00Z,2026-08-16T12:00:00Z,156,spectrum,buoy,1.076,buoy,,,,1.076,15.6,209.0,recomputed
2026-08-10T05:30:00Z,2026-08-10T00:00:00Z,2026-08-16T12:00:00Z,156,spectrum,coronado_north,1.292,5m,5.0,1.292,0.904,1.076,15.6,220.0,recomputed
2026-08-10T05:30:00Z,2026-08-10T00:00:00Z,2026-08-16T12:00:00Z,156,spectrum,coronado_center,1.049,5m,5.0,1.049,0.943,1.076,12.7,232.0,recomputed
2026-08-10T05:30:00Z,2026-08-10T00:00:00Z,2026-08-16T12:00:00Z,156,spectrum,coronado_south,0.534,5m,5.0,0.534,0.947,1.076,12.7,229.0,recomputed
2026-08-10T05:30:00Z,2026-08-10T00:00:00Z,2026-08-16T15:00:00Z,159,spectrum,buoy,1.092,buoy,,,,1.092,12.7,225.0,recomputed
2026-08-10T05:30:00Z,2026-08-10T00:00:00Z,2026-08-16T15:00:00Z,159,spectrum,coronado_north,1.288,5m,5.0,1.288,0.909,1.092,15.6,220.0,recomputed
2026-08-10T05:30:00Z,2026-08-10T00:00:00Z,2026-08-16T15:00:00Z,159,spectrum,coronado_center,1.062,5m,5.0,1.062,0.951,1.092,12.7,232.0,recomputed
2026-08-10T05:30:00Z,2026-08-10T00:00:00Z,2026-08-16T15:00:00Z,159,spectrum,coronado_south,0.539,5m,5.0,0.539,0.959,1.092,12.7,230.0,recomputed
2026-08-10T05:30:00Z,2026-08-10T00:00:00Z,2026-08-16T18:00:00Z,162,spectrum,buoy,1.092,buoy,,,,1.092,12.7,226.0,recomputed
2026-08-10T05:30:00Z,2026-08-10T00:00:00Z,2026-08-16T18:00:00Z,162,spectrum,coronado_north,1.28,5m,5.0,1.28,0.911,1.092,15.6,220.0,recomputed
2026-08-10T05:30:00Z,2026-08-10T00:00:00Z,2026-08-16T18:00:00Z,162,spectrum,coronado_center,1.071,5m,5.0,1.071,0.957,1.092,12.7,232.0,recomputed
2026-08-10T05:30:00Z,2026-08-10T00:00:00Z,2026-08-16T18:00:00Z,162,spectrum,coronado_south,0.565,5m,5.0,0.565,0.965,1.092,11.9,232.0,recomputed
2026-08-10T05:30:00Z,2026-08-10T00:00:00Z,2026-08-16T21:00:00Z,165,spectrum,buoy,1.091,buoy,,,,1.091,11.9,227.0,recomputed
2026-08-10T05:30:00Z,2026-08-10T00:00:00Z,2026-08-16T21:00:00Z,165,spectrum,coronado_north,1.264,5m,5.0,1.264,0.907,1.091,15.6,220.0,recomputed
2026-08-10T05:30:00Z,2026-08-10T00:00:00Z,2026-08-16T21:00:00Z,165,spectrum,coronado_center,1.065,5m,5.0,1.065,0.953,1.091,11.9,233.0,recomputed
2026-08-10T05:30:00Z,2026-08-10T00:00:00Z,2026-08-16T21:00:00Z,165,spectrum,coronado_south,0.584,5m,5.0,0.584,0.963,1.091,11.9,233.0,recomputed
2026-08-10T05:30:00Z,2026-08-10T00:00:00Z,2026-08-17T00:00:00Z,168,spectrum,buoy,1.128,buoy,,,,1.128,11.9,227.0,recomputed
2026-08-10T05:30:00Z,2026-08-10T00:00:00Z,2026-08-17T00:00:00Z,168,spectrum,coronado_north,1.24,5m,5.0,1.24,0.897,1.128,14.5,220.0,recomputed
2026-08-10T05:30:00Z,2026-08-10T00:00:00Z,2026-08-17T00:00:00Z,168,spectrum,coronado_center,1.048,5m,5.0,1.048,0.948,1.128,11.9,233.0,recomputed
2026-08-10T05:30:00Z,2026-08-10T00:00:00Z,2026-08-17T00:00:00Z,168,spectrum,coronado_south,0.595,5m,5.0,0.595,0.964,1.128,11.9,234.0,recomputed
2026-08-11T05:30:00Z,2026-08-11T00:00:00Z,2026-08-11T00:00:00Z,0,spectrum,buoy,0.659,buoy,,,,0.659,13.6,199.0,recomputed
2026-08-11T05:30:00Z,2026-08-11T00:00:00Z,2026-08-11T00:00:00Z,0,spectrum,coronado_north,0.708,5m,5.0,0.708,0.539,0.659,13.6,214.0,recomputed
2026-08-11T05:30:00Z,2026-08-11T00:00:00Z,2026-08-11T00:00:00Z,0,spectrum,coronado_center,0.46,5m,5.0,0.46,0.552,0.659,13.6,226.0,recomputed
2026-08-11T05:30:00Z,2026-08-11T00:00:00Z,2026-08-11T00:00:00Z,0,spectrum,coronado_south,0.336,5m,5.0,0.336,0.552,0.659,12.7,214.0,recomputed
2026-08-11T05:30:00Z,2026-08-11T00:00:00Z,2026-08-11T03:00:00Z,3,spectrum,buoy,0.683,buoy,,,,0.683,13.6,197.0,recomputed
2026-08-11T05:30:00Z,2026-08-11T00:00:00Z,2026-08-11T03:00:00Z,3,spectrum,coronado_north,0.726,5m,5.0,0.726,0.546,0.683,13.6,215.0,recomputed
2026-08-11T05:30:00Z,2026-08-11T00:00:00Z,2026-08-11T03:00:00Z,3,spectrum,coronado_center,0.487,5m,5.0,0.487,0.56,0.683,15.6,226.0,recomputed
2026-08-11T05:30:00Z,2026-08-11T00:00:00Z,2026-08-11T03:00:00Z,3,spectrum,coronado_south,0.362,5m,5.0,0.362,0.562,0.683,12.7,214.0,recomputed
2026-08-11T05:30:00Z,2026-08-11T00:00:00Z,2026-08-11T06:00:00Z,6,spectrum,buoy,0.674,buoy,,,,0.674,13.6,196.0,recomputed
2026-08-11T05:30:00Z,2026-08-11T00:00:00Z,2026-08-11T06:00:00Z,6,spectrum,coronado_north,0.725,5m,5.0,0.725,0.544,0.674,13.6,214.0,recomputed
2026-08-11T05:30:00Z,2026-08-11T00:00:00Z,2026-08-11T06:00:00Z,6,spectrum,coronado_center,0.49,5m,5.0,0.49,0.559,0.674,15.6,227.0,recomputed
2026-08-11T05:30:00Z,2026-08-11T00:00:00Z,2026-08-11T06:00:00Z,6,spectrum,coronado_south,0.333,5m,5.0,0.333,0.561,0.674,12.7,214.0,recomputed
2026-08-11T05:30:00Z,2026-08-11T00:00:00Z,2026-08-11T09:00:00Z,9,spectrum,buoy,0.656,buoy,,,,0.656,12.7,198.0,recomputed
2026-08-11T05:30:00Z,2026-08-11T00:00:00Z,2026-08-11T09:00:00Z,9,spectrum,coronado_north,0.706,5m,5.0,0.706,0.532,0.656,12.7,214.0,recomputed
2026-08-11T05:30:00Z,2026-08-11T00:00:00Z,2026-08-11T09:00:00Z,9,spectrum,coronado_center,0.487,5m,5.0,0.487,0.547,0.656,15.6,227.0,recomputed
2026-08-11T05:30:00Z,2026-08-11T00:00:00Z,2026-08-11T09:00:00Z,9,spectrum,coronado_south,0.331,5m,5.0,0.331,0.548,0.656,12.7,214.0,recomputed
2026-08-11T05:30:00Z,2026-08-11T00:00:00Z,2026-08-11T12:00:00Z,12,spectrum,buoy,0.636,buoy,,,,0.636,12.7,197.0,recomputed
2026-08-11T05:30:00Z,2026-08-11T00:00:00Z,2026-08-11T12:00:00Z,12,spectrum,coronado_north,0.688,5m,5.0,0.688,0.518,0.636,12.7,215.0,recomputed
2026-08-11T05:30:00Z,2026-08-11T00:00:00Z,2026-08-11T12:00:00Z,12,spectrum,coronado_center,0.484,5m,5.0,0.484,0.532,0.636,14.5,228.0,recomputed
2026-08-11T05:30:00Z,2026-08-11T00:00:00Z,2026-08-11T12:00:00Z,12,spectrum,coronado_south,0.326,5m,5.0,0.326,0.532,0.636,12.7,214.0,recomputed
2026-08-11T05:30:00Z,2026-08-11T00:00:00Z,2026-08-11T15:00:00Z,15,spectrum,buoy,0.62,buoy,,,,0.62,12.7,197.0,recomputed
2026-08-11T05:30:00Z,2026-08-11T00:00:00Z,2026-08-11T15:00:00Z,15,spectrum,coronado_north,0.67,5m,5.0,0.67,0.508,0.62,12.7,215.0,recomputed
2026-08-11T05:30:00Z,2026-08-11T00:00:00Z,2026-08-11T15:00:00Z,15,spectrum,coronado_center,0.478,5m,5.0,0.478,0.521,0.62,14.5,228.0,recomputed
2026-08-11T05:30:00Z,2026-08-11T00:00:00Z,2026-08-11T15:00:00Z,15,spectrum,coronado_south,0.313,5m,5.0,0.313,0.52,0.62,12.7,215.0,recomputed
2026-08-11T05:30:00Z,2026-08-11T00:00:00Z,2026-08-11T18:00:00Z,18,spectrum,buoy,0.616,buoy,,,,0.616,12.7,197.0,recomputed
2026-08-11T05:30:00Z,2026-08-11T00:00:00Z,2026-08-11T18:00:00Z,18,spectrum,coronado_north,0.675,5m,5.0,0.675,0.51,0.616,14.5,216.0,recomputed
2026-08-11T05:30:00Z,2026-08-11T00:00:00Z,2026-08-11T18:00:00Z,18,spectrum,coronado_center,0.5,5m,5.0,0.5,0.523,0.616,14.5,229.0,recomputed
2026-08-11T05:30:00Z,2026-08-11T00:00:00Z,2026-08-11T18:00:00Z,18,spectrum,coronado_south,0.329,5m,5.0,0.329,0.521,0.616,11.9,215.0,recomputed
2026-08-11T05:30:00Z,2026-08-11T00:00:00Z,2026-08-11T21:00:00Z,21,spectrum,buoy,0.639,buoy,,,,0.639,12.7,197.0,recomputed
2026-08-11T05:30:00Z,2026-08-11T00:00:00Z,2026-08-11T21:00:00Z,21,spectrum,coronado_north,0.701,5m,5.0,0.701,0.525,0.639,14.5,218.0,recomputed
2026-08-11T05:30:00Z,2026-08-11T00:00:00Z,2026-08-11T21:00:00Z,21,spectrum,coronado_center,0.532,5m,5.0,0.532,0.539,0.639,14.5,229.0,recomputed
2026-08-11T05:30:00Z,2026-08-11T00:00:00Z,2026-08-11T21:00:00Z,21,spectrum,coronado_south,0.348,5m,5.0,0.348,0.539,0.639,11.9,212.0,recomputed
2026-08-11T05:30:00Z,2026-08-11T00:00:00Z,2026-08-12T00:00:00Z,24,spectrum,buoy,0.662,buoy,,,,0.662,17.8,216.0,recomputed
2026-08-11T05:30:00Z,2026-08-11T00:00:00Z,2026-08-12T00:00:00Z,24,spectrum,coronado_north,0.722,5m,5.0,0.722,0.539,0.662,14.5,218.0,recomputed
2026-08-11T05:30:00Z,2026-08-11T00:00:00Z,2026-08-12T00:00:00Z,24,spectrum,coronado_center,0.556,5m,5.0,0.556,0.554,0.662,14.5,230.0,recomputed
2026-08-11T05:30:00Z,2026-08-11T00:00:00Z,2026-08-12T00:00:00Z,24,spectrum,coronado_south,0.355,5m,5.0,0.355,0.554,0.662,11.9,216.0,recomputed
2026-08-11T05:30:00Z,2026-08-11T00:00:00Z,2026-08-12T03:00:00Z,27,spectrum,buoy,0.673,buoy,,,,0.673,17.8,215.0,recomputed
2026-08-11T05:30:00Z,2026-08-11T00:00:00Z,2026-08-12T03:00:00Z,27,spectrum,coronado_north,0.724,5m,5.0,0.724,0.543,0.673,14.5,218.0,recomputed
2026-08-11T05:30:00Z,2026-08-11T00:00:00Z,2026-08-12T03:00:00Z,27,spectrum,coronado_center,0.558,5m,5.0,0.558,0.56,0.673,17.8,227.0,recomputed
2026-08-11T05:30:00Z,2026-08-11T00:00:00Z,2026-08-12T03:00:00Z,27,spectrum,coronado_south,0.355,5m,5.0,0.355,0.562,0.673,11.9,216.0,recomputed
2026-08-11T05:30:00Z,2026-08-11T00:00:00Z,2026-08-12T06:00:00Z,30,spectrum,buoy,0.674,buoy,,,,0.674,17.8,214.0,recomputed
2026-08-11T05:30:00Z,2026-08-11T00:00:00Z,2026-08-12T06:00:00Z,30,spectrum,coronado_north,0.712,5m,5.0,0.712,0.536,0.674,14.5,217.0,recomputed
2026-08-11T05:30:00Z,2026-08-11T00:00:00Z,2026-08-12T06:00:00Z,30,spectrum,coronado_center,0.551,5m,5.0,0.551,0.554,0.674,17.8,227.0,recomputed
2026-08-11T05:30:00Z,2026-08-11T00:00:00Z,2026-08-12T06:00:00Z,30,spectrum,coronado_south,0.359,5m,5.0,0.359,0.558,0.674,11.9,215.0,recomputed
2026-08-11T05:30:00Z,2026-08-11T00:00:00Z,2026-08-12T09:00:00Z,33,spectrum,buoy,0.667,buoy,,,,0.667,17.8,211.0,recomputed
2026-08-11T05:30:00Z,2026-08-11T00:00:00Z,2026-08-12T09:00:00Z,33,spectrum,coronado_north,0.692,5m,5.0,0.692,0.527,0.667,13.6,217.0,recomputed
2026-08-11T05:30:00Z,2026-08-11T00:00:00Z,2026-08-12T09:00:00Z,33,spectrum,coronado_center,0.535,5m,5.0,0.535,0.545,0.667,17.8,227.0,recomputed
2026-08-11T05:30:00Z,2026-08-11T00:00:00Z,2026-08-12T09:00:00Z,33,spectrum,coronado_south,0.342,5m,5.0,0.342,0.549,0.667,11.9,215.0,recomputed
2026-08-11T05:30:00Z,2026-08-11T00:00:00Z,2026-08-12T12:00:00Z,36,spectrum,buoy,0.659,buoy,,,,0.659,13.6,215.0,recomputed
2026-08-11T05:30:00Z,2026-08-11T00:00:00Z,2026-08-12T12:00:00Z,36,spectrum,coronado_north,0.696,5m,5.0,0.696,0.528,0.659,13.6,218.0,recomputed
2026-08-11T05:30:00Z,2026-08-11T00:00:00Z,2026-08-12T12:00:00Z,36,spectrum,coronado_center,0.543,5m,5.0,0.543,0.545,0.659,16.6,227.0,recomputed
2026-08-11T05:30:00Z,2026-08-11T00:00:00Z,2026-08-12T12:00:00Z,36,spectrum,coronado_south,0.34,5m,5.0,0.34,0.548,0.659,11.9,215.0,recomputed
2026-08-11T05:30:00Z,2026-08-11T00:00:00Z,2026-08-12T15:00:00Z,39,spectrum,buoy,0.66,buoy,,,,0.66,16.6,216.0,recomputed
2026-08-11T05:30:00Z,2026-08-11T00:00:00Z,2026-08-12T15:00:00Z,39,spectrum,coronado_north,0.721,5m,5.0,0.721,0.539,0.66,16.6,221.0,recomputed
2026-08-11T05:30:00Z,2026-08-11T00:00:00Z,2026-08-12T15:00:00Z,39,spectrum,coronado_center,0.575,5m,5.0,0.575,0.554,0.66,16.6,226.0,recomputed
2026-08-11T05:30:00Z,2026-08-11T00:00:00Z,2026-08-12T15:00:00Z,39,spectrum,coronado_south,0.354,5m,5.0,0.354,0.556,0.66,11.9,216.0,recomputed
2026-08-11T05:30:00Z,2026-08-11T00:00:00Z,2026-08-12T18:00:00Z,42,spectrum,buoy,0.665,buoy,,,,0.665,16.6,215.0,recomputed
2026-08-11T05:30:00Z,2026-08-11T00:00:00Z,2026-08-12T18:00:00Z,42,spectrum,coronado_north,0.743,5m,5.0,0.743,0.549,0.665,16.6,220.0,recomputed
2026-08-11T05:30:00Z,2026-08-11T00:00:00Z,2026-08-12T18:00:00Z,42,spectrum,coronado_center,0.594,5m,5.0,0.594,0.564,0.665,16.6,226.0,recomputed
2026-08-11T05:30:00Z,2026-08-11T00:00:00Z,2026-08-12T18:00:00Z,42,spectrum,coronado_south,0.357,5m,5.0,0.357,0.565,0.665,13.6,216.0,recomputed
2026-08-11T05:30:00Z,2026-08-11T00:00:00Z,2026-08-12T21:00:00Z,45,spectrum,buoy,0.662,buoy,,,,0.662,16.6,213.0,recomputed
2026-08-11T05:30:00Z,2026-08-11T00:00:00Z,2026-08-12T21:00:00Z,45,spectrum,coronado_north,0.749,5m,5.0,0.749,0.55,0.662,16.6,220.0,recomputed
2026-08-11T05:30:00Z,2026-08-11T00:00:00Z,2026-08-12T21:00:00Z,45,spectrum,coronado_center,0.596,5m,5.0,0.596,0.566,0.662,16.6,227.0,recomputed
2026-08-11T05:30:00Z,2026-08-11T00:00:00Z,2026-08-12T21:00:00Z,45,spectrum,coronado_south,0.36,5m,5.0,0.36,0.565,0.662,13.6,216.0,recomputed
2026-08-11T05:30:00Z,2026-08-11T00:00:00Z,2026-08-13T00:00:00Z,48,spectrum,buoy,0.667,buoy,,,,0.667,16.6,212.0,recomputed
2026-08-11T05:30:00Z,2026-08-11T00:00:00Z,2026-08-13T00:00:00Z,48,spectrum,coronado_north,0.75,5m,5.0,0.75,0.551,0.667,16.6,219.0,recomputed
2026-08-11T05:30:00Z,2026-08-11T00:00:00Z,2026-08-13T00:00:00Z,48,spectrum,coronado_center,0.591,5m,5.0,0.591,0.568,0.667,16.6,227.0,recomputed
2026-08-11T05:30:00Z,2026-08-11T00:00:00Z,2026-08-13T00:00:00Z,48,spectrum,coronado_south,0.376,5m,5.0,0.376,0.569,0.667,13.6,215.0,recomputed
2026-08-11T05:30:00Z,2026-08-11T00:00:00Z,2026-08-13T03:00:00Z,51,spectrum,buoy,0.67,buoy,,,,0.67,16.6,212.0,recomputed
2026-08-11T05:30:00Z,2026-08-11T00:00:00Z,2026-08-13T03:00:00Z,51,spectrum,coronado_north,0.74,5m,5.0,0.74,0.553,0.67,16.6,219.0,recomputed
2026-08-11T05:30:00Z,2026-08-11T00:00:00Z,2026-08-13T03:00:00Z,51,spectrum,coronado_center,0.569,5m,5.0,0.569,0.569,0.67,16.6,227.0,recomputed
2026-08-11T05:30:00Z,2026-08-11T00:00:00Z,2026-08-13T03:00:00Z,51,spectrum,coronado_south,0.357,5m,5.0,0.357,0.57,0.67,11.9,215.0,recomputed
2026-08-11T05:30:00Z,2026-08-11T00:00:00Z,2026-08-13T06:00:00Z,54,spectrum,buoy,0.675,buoy,,,,0.675,15.6,214.0,recomputed
2026-08-11T05:30:00Z,2026-08-11T00:00:00Z,2026-08-13T06:00:00Z,54,spectrum,coronado_north,0.753,5m,5.0,0.753,0.56,0.675,15.6,219.0,recomputed
2026-08-11T05:30:00Z,2026-08-11T00:00:00Z,2026-08-13T06:00:00Z,54,spectrum,coronado_center,0.568,5m,5.0,0.568,0.576,0.675,16.6,227.0,recomputed
2026-08-11T05:30:00Z,2026-08-11T00:00:00Z,2026-08-13T06:00:00Z,54,spectrum,coronado_south,0.361,5m,5.0,0.361,0.576,0.675,11.9,215.0,recomputed
2026-08-11T05:30:00Z,2026-08-11T00:00:00Z,2026-08-13T09:00:00Z,57,spectrum,buoy,0.681,buoy,,,,0.681,15.6,212.0,recomputed
2026-08-11T05:30:00Z,2026-08-11T00:00:00Z,2026-08-13T09:00:00Z,57,spectrum,coronado_north,0.768,5m,5.0,0.768,0.568,0.681,15.6,219.0,recomputed
2026-08-11T05:30:00Z,2026-08-11T00:00:00Z,2026-08-13T09:00:00Z,57,spectrum,coronado_center,0.569,5m,5.0,0.569,0.584,0.681,15.6,227.0,recomputed
2026-08-11T05:30:00Z,2026-08-11T00:00:00Z,2026-08-13T09:00:00Z,57,spectrum,coronado_south,0.352,5m,5.0,0.352,0.583,0.681,12.7,214.0,recomputed
2026-08-11T05:30:00Z,2026-08-11T00:00:00Z,2026-08-13T12:00:00Z,60,spectrum,buoy,0.682,buoy,,,,0.682,15.6,212.0,recomputed
2026-08-11T05:30:00Z,2026-08-11T00:00:00Z,2026-08-13T12:00:00Z,60,spectrum,coronado_north,0.772,5m,5.0,0.772,0.573,0.682,15.6,219.0,recomputed
2026-08-11T05:30:00Z,2026-08-11T00:00:00Z,2026-08-13T12:00:00Z,60,spectrum,coronado_center,0.568,5m,5.0,0.568,0.588,0.682,15.6,228.0,recomputed
2026-08-11T05:30:00Z,2026-08-11T00:00:00Z,2026-08-13T12:00:00Z,60,spectrum,coronado_south,0.342,5m,5.0,0.342,0.586,0.682,12.7,213.0,recomputed
2026-08-11T05:30:00Z,2026-08-11T00:00:00Z,2026-08-13T15:00:00Z,63,spectrum,buoy,0.683,buoy,,,,0.683,15.6,212.0,recomputed
2026-08-11T05:30:00Z,2026-08-11T00:00:00Z,2026-08-13T15:00:00Z,63,spectrum,coronado_north,0.775,5m,5.0,0.775,0.576,0.683,15.6,219.0,recomputed
2026-08-11T05:30:00Z,2026-08-11T00:00:00Z,2026-08-13T15:00:00Z,63,spectrum,coronado_center,0.574,5m,5.0,0.574,0.591,0.683,15.6,228.0,recomputed
2026-08-11T05:30:00Z,2026-08-11T00:00:00Z,2026-08-13T15:00:00Z,63,spectrum,coronado_south,0.339,5m,5.0,0.339,0.589,0.683,12.7,212.0,recomputed
2026-08-11T05:30:00Z,2026-08-11T00:00:00Z,2026-08-13T18:00:00Z,66,spectrum,buoy,0.688,buoy,,,,0.688,15.6,212.0,recomputed
2026-08-11T05:30:00Z,2026-08-11T00:00:00Z,2026-08-13T18:00:00Z,66,spectrum,coronado_north,0.782,5m,5.0,0.782,0.583,0.688,15.6,219.0,recomputed
2026-08-11T05:30:00Z,2026-08-11T00:00:00Z,2026-08-13T18:00:00Z,66,spectrum,coronado_center,0.583,5m,5.0,0.583,0.598,0.688,15.6,228.0,recomputed
2026-08-11T05:30:00Z,2026-08-11T00:00:00Z,2026-08-13T18:00:00Z,66,spectrum,coronado_south,0.341,5m,5.0,0.341,0.596,0.688,12.7,211.0,recomputed
2026-08-11T05:30:00Z,2026-08-11T00:00:00Z,2026-08-13T21:00:00Z,69,spectrum,buoy,0.696,buoy,,,,0.696,15.6,213.0,recomputed
2026-08-11T05:30:00Z,2026-08-11T00:00:00Z,2026-08-13T21:00:00Z,69,spectrum,coronado_north,0.799,5m,5.0,0.799,0.593,0.696,15.6,219.0,recomputed
2026-08-11T05:30:00Z,2026-08-11T00:00:00Z,2026-08-13T21:00:00Z,69,spectrum,coronado_center,0.595,5m,5.0,0.595,0.608,0.696,15.6,228.0,recomputed
2026-08-11T05:30:00Z,2026-08-11T00:00:00Z,2026-08-13T21:00:00Z,69,spectrum,coronado_south,0.364,5m,5.0,0.364,0.606,0.696,11.9,210.0,recomputed
2026-08-11T05:30:00Z,2026-08-11T00:00:00Z,2026-08-14T00:00:00Z,72,spectrum,buoy,0.72,buoy,,,,0.72,15.6,214.0,recomputed
2026-08-11T05:30:00Z,2026-08-11T00:00:00Z,2026-08-14T00:00:00Z,72,spectrum,coronado_north,0.815,5m,5.0,0.815,0.608,0.72,15.6,218.0,recomputed
2026-08-11T05:30:00Z,2026-08-11T00:00:00Z,2026-08-14T00:00:00Z,72,spectrum,coronado_center,0.604,5m,5.0,0.604,0.623,0.72,15.6,228.0,recomputed
2026-08-11T05:30:00Z,2026-08-11T00:00:00Z,2026-08-14T00:00:00Z,72,spectrum,coronado_south,0.382,5m,5.0,0.382,0.622,0.72,11.9,209.0,recomputed
2026-08-11T05:30:00Z,2026-08-11T00:00:00Z,2026-08-14T03:00:00Z,75,spectrum,buoy,0.727,buoy,,,,0.727,14.5,209.0,recomputed
2026-08-11T05:30:00Z,2026-08-11T00:00:00Z,2026-08-14T03:00:00Z,75,spectrum,coronado_north,0.825,5m,5.0,0.825,0.618,0.727,15.6,218.0,recomputed
2026-08-11T05:30:00Z,2026-08-11T00:00:00Z,2026-08-14T03:00:00Z,75,spectrum,coronado_center,0.601,5m,5.0,0.601,0.632,0.727,15.6,227.0,recomputed
2026-08-11T05:30:00Z,2026-08-11T00:00:00Z,2026-08-14T03:00:00Z,75,spectrum,coronado_south,0.37,5m,5.0,0.37,0.63,0.727,11.9,208.0,recomputed
2026-08-11T05:30:00Z,2026-08-11T00:00:00Z,2026-08-14T06:00:00Z,78,spectrum,buoy,0.729,buoy,,,,0.729,15.6,215.0,recomputed
2026-08-11T05:30:00Z,2026-08-11T00:00:00Z,2026-08-14T06:00:00Z,78,spectrum,coronado_north,0.839,5m,5.0,0.839,0.624,0.729,15.6,218.0,recomputed
2026-08-11T05:30:00Z,2026-08-11T00:00:00Z,2026-08-14T06:00:00Z,78,spectrum,coronado_center,0.602,5m,5.0,0.602,0.638,0.729,15.6,227.0,recomputed
2026-08-11T05:30:00Z,2026-08-11T00:00:00Z,2026-08-14T06:00:00Z,78,spectrum,coronado_south,0.364,5m,5.0,0.364,0.635,0.729,11.9,207.0,recomputed
2026-08-11T05:30:00Z,2026-08-11T00:00:00Z,2026-08-14T09:00:00Z,81,spectrum,buoy,0.735,buoy,,,,0.735,15.6,216.0,recomputed
2026-08-11T05:30:00Z,2026-08-11T00:00:00Z,2026-08-14T09:00:00Z,81,spectrum,coronado_north,0.863,5m,5.0,0.863,0.634,0.735,15.6,218.0,recomputed
2026-08-11T05:30:00Z,2026-08-11T00:00:00Z,2026-08-14T09:00:00Z,81,spectrum,coronado_center,0.613,5m,5.0,0.613,0.647,0.735,15.6,227.0,recomputed
2026-08-11T05:30:00Z,2026-08-11T00:00:00Z,2026-08-14T09:00:00Z,81,spectrum,coronado_south,0.365,5m,5.0,0.365,0.643,0.735,11.9,207.0,recomputed
2026-08-11T05:30:00Z,2026-08-11T00:00:00Z,2026-08-14T12:00:00Z,84,spectrum,buoy,0.748,buoy,,,,0.748,15.6,216.0,recomputed
2026-08-11T05:30:00Z,2026-08-11T00:00:00Z,2026-08-14T12:00:00Z,84,spectrum,coronado_north,0.896,5m,5.0,0.896,0.65,0.748,15.6,218.0,recomputed
2026-08-11T05:30:00Z,2026-08-11T00:00:00Z,2026-08-14T12:00:00Z,84,spectrum,coronado_center,0.629,5m,5.0,0.629,0.663,0.748,15.6,227.0,recomputed
2026-08-11T05:30:00Z,2026-08-11T00:00:00Z,2026-08-14T12:00:00Z,84,spectrum,coronado_south,0.363,5m,5.0,0.363,0.658,0.748,11.9,208.0,recomputed
2026-08-11T05:30:00Z,2026-08-11T00:00:00Z,2026-08-14T15:00:00Z,87,spectrum,buoy,0.765,buoy,,,,0.765,15.6,216.0,recomputed
2026-08-11T05:30:00Z,2026-08-11T00:00:00Z,2026-08-14T15:00:00Z,87,spectrum,coronado_north,0.929,5m,5.0,0.929,0.668,0.765,15.6,218.0,recomputed
2026-08-11T05:30:00Z,2026-08-11T00:00:00Z,2026-08-14T15:00:00Z,87,spectrum,coronado_center,0.648,5m,5.0,0.648,0.681,0.765,15.6,229.0,recomputed
2026-08-11T05:30:00Z,2026-08-11T00:00:00Z,2026-08-14T15:00:00Z,87,spectrum,coronado_south,0.371,5m,5.0,0.371,0.675,0.765,11.9,208.0,recomputed
2026-08-11T05:30:00Z,2026-08-11T00:00:00Z,2026-08-14T18:00:00Z,90,spectrum,buoy,0.781,buoy,,,,0.781,14.5,213.0,recomputed
2026-08-11T05:30:00Z,2026-08-11T00:00:00Z,2026-08-14T18:00:00Z,90,spectrum,coronado_north,0.953,5m,5.0,0.953,0.684,0.781,15.6,218.0,recomputed
2026-08-11T05:30:00Z,2026-08-11T00:00:00Z,2026-08-14T18:00:00Z,90,spectrum,coronado_center,0.66,5m,5.0,0.66,0.696,0.781,14.5,229.0,recomputed
2026-08-11T05:30:00Z,2026-08-11T00:00:00Z,2026-08-14T18:00:00Z,90,spectrum,coronado_south,0.376,5m,5.0,0.376,0.689,0.781,11.9,209.0,recomputed
2026-08-11T05:30:00Z,2026-08-11T00:00:00Z,2026-08-14T21:00:00Z,93,spectrum,buoy,0.81,buoy,,,,0.81,14.5,214.0,recomputed
2026-08-11T05:30:00Z,2026-08-11T00:00:00Z,2026-08-14T21:00:00Z,93,spectrum,coronado_north,0.97,5m,5.0,0.97,0.698,0.81,14.5,218.0,recomputed
2026-08-11T05:30:00Z,2026-08-11T00:00:00Z,2026-08-14T21:00:00Z,93,spectrum,coronado_center,0.676,5m,5.0,0.676,0.709,0.81,14.5,229.0,recomputed
2026-08-11T05:30:00Z,2026-08-11T00:00:00Z,2026-08-14T21:00:00Z,93,spectrum,coronado_south,0.398,5m,5.0,0.398,0.703,0.81,11.9,209.0,recomputed
2026-08-11T05:30:00Z,2026-08-11T00:00:00Z,2026-08-15T00:00:00Z,96,spectrum,buoy,0.853,buoy,,,,0.853,14.5,214.0,recomputed
2026-08-11T05:30:00Z,2026-08-11T00:00:00Z,2026-08-15T00:00:00Z,96,spectrum,coronado_north,0.983,5m,5.0,0.983,0.709,0.853,14.5,218.0,recomputed
2026-08-11T05:30:00Z,2026-08-11T00:00:00Z,2026-08-15T00:00:00Z,96,spectrum,coronado_center,0.687,5m,5.0,0.687,0.723,0.853,14.5,227.0,recomputed
2026-08-11T05:30:00Z,2026-08-11T00:00:00Z,2026-08-15T00:00:00Z,96,spectrum,coronado_south,0.414,5m,5.0,0.414,0.72,0.853,11.9,208.0,recomputed
2026-08-11T05:30:00Z,2026-08-11T00:00:00Z,2026-08-15T03:00:00Z,99,spectrum,buoy,0.897,buoy,,,,0.897,14.5,215.0,recomputed
2026-08-11T05:30:00Z,2026-08-11T00:00:00Z,2026-08-15T03:00:00Z,99,spectrum,coronado_north,1.001,5m,5.0,1.001,0.722,0.897,14.5,218.0,recomputed
2026-08-11T05:30:00Z,2026-08-11T00:00:00Z,2026-08-15T03:00:00Z,99,spectrum,coronado_center,0.708,5m,5.0,0.708,0.738,0.897,14.5,228.0,recomputed
2026-08-11T05:30:00Z,2026-08-11T00:00:00Z,2026-08-15T03:00:00Z,99,spectrum,coronado_south,0.412,5m,5.0,0.412,0.738,0.897,11.9,208.0,recomputed
2026-08-11T05:30:00Z,2026-08-11T00:00:00Z,2026-08-15T06:00:00Z,102,spectrum,buoy,0.933,buoy,,,,0.933,14.5,215.0,recomputed
2026-08-11T05:30:00Z,2026-08-11T00:00:00Z,2026-08-15T06:00:00Z,102,spectrum,coronado_north,1.029,5m,5.0,1.029,0.739,0.933,14.5,218.0,recomputed
2026-08-11T05:30:00Z,2026-08-11T00:00:00Z,2026-08-15T06:00:00Z,102,spectrum,coronado_center,0.728,5m,5.0,0.728,0.755,0.933,14.5,228.0,recomputed
2026-08-11T05:30:00Z,2026-08-11T00:00:00Z,2026-08-15T06:00:00Z,102,spectrum,coronado_south,0.424,5m,5.0,0.424,0.758,0.933,11.9,208.0,recomputed
2026-08-11T05:30:00Z,2026-08-11T00:00:00Z,2026-08-15T09:00:00Z,105,spectrum,buoy,0.945,buoy,,,,0.945,14.5,214.0,recomputed
2026-08-11T05:30:00Z,2026-08-11T00:00:00Z,2026-08-15T09:00:00Z,105,spectrum,coronado_north,1.05,5m,5.0,1.05,0.751,0.945,14.5,218.0,recomputed
2026-08-11T05:30:00Z,2026-08-11T00:00:00Z,2026-08-15T09:00:00Z,105,spectrum,coronado_center,0.736,5m,5.0,0.736,0.767,0.945,14.5,228.0,recomputed
2026-08-11T05:30:00Z,2026-08-11T00:00:00Z,2026-08-15T09:00:00Z,105,spectrum,coronado_south,0.429,5m,5.0,0.429,0.77,0.945,14.5,214.0,recomputed
2026-08-11T05:30:00Z,2026-08-11T00:00:00Z,2026-08-15T12:00:00Z,108,spectrum,buoy,0.95,buoy,,,,0.95,16.6,207.0,recomputed
2026-08-11T05:30:00Z,2026-08-11T00:00:00Z,2026-08-15T12:00:00Z,108,spectrum,coronado_north,1.065,5m,5.0,1.065,0.757,0.95,14.5,217.0,recomputed
2026-08-11T05:30:00Z,2026-08-11T00:00:00Z,2026-08-15T12:00:00Z,108,spectrum,coronado_center,0.738,5m,5.0,0.738,0.772,0.95,14.5,228.0,recomputed
2026-08-11T05:30:00Z,2026-08-11T00:00:00Z,2026-08-15T12:00:00Z,108,spectrum,coronado_south,0.427,5m,5.0,0.427,0.774,0.95,14.5,213.0,recomputed
2026-08-11T05:30:00Z,2026-08-11T00:00:00Z,2026-08-15T15:00:00Z,111,spectrum,buoy,0.947,buoy,,,,0.947,16.6,207.0,recomputed
2026-08-11T05:30:00Z,2026-08-11T00:00:00Z,2026-08-15T15:00:00Z,111,spectrum,coronado_north,1.078,5m,5.0,1.078,0.761,0.947,16.6,215.0,recomputed
2026-08-11T05:30:00Z,2026-08-11T00:00:00Z,2026-08-15T15:00:00Z,111,spectrum,coronado_center,0.738,5m,5.0,0.738,0.774,0.947,14.5,227.0,recomputed
2026-08-11T05:30:00Z,2026-08-11T00:00:00Z,2026-08-15T15:00:00Z,111,spectrum,coronado_south,0.421,5m,5.0,0.421,0.773,0.947,14.5,213.0,recomputed
2026-08-11T05:30:00Z,2026-08-11T00:00:00Z,2026-08-15T18:00:00Z,114,spectrum,buoy,0.934,buoy,,,,0.934,16.6,207.0,recomputed
2026-08-11T05:30:00Z,2026-08-11T00:00:00Z,2026-08-15T18:00:00Z,114,spectrum,coronado_north,1.086,5m,5.0,1.086,0.761,0.934,16.6,215.0,recomputed
2026-08-11T05:30:00Z,2026-08-11T00:00:00Z,2026-08-15T18:00:00Z,114,spectrum,coronado_center,0.735,5m,5.0,0.735,0.773,0.934,16.6,225.0,recomputed
2026-08-11T05:30:00Z,2026-08-11T00:00:00Z,2026-08-15T18:00:00Z,114,spectrum,coronado_south,0.427,5m,5.0,0.427,0.77,0.934,16.6,212.0,recomputed
2026-08-11T05:30:00Z,2026-08-11T00:00:00Z,2026-08-15T21:00:00Z,117,spectrum,buoy,0.935,buoy,,,,0.935,16.6,207.0,recomputed
2026-08-11T05:30:00Z,2026-08-11T00:00:00Z,2026-08-15T21:00:00Z,117,spectrum,coronado_north,1.089,5m,5.0,1.089,0.76,0.935,15.6,215.0,recomputed
2026-08-11T05:30:00Z,2026-08-11T00:00:00Z,2026-08-15T21:00:00Z,117,spectrum,coronado_center,0.733,5m,5.0,0.733,0.773,0.935,16.6,225.0,recomputed
2026-08-11T05:30:00Z,2026-08-11T00:00:00Z,2026-08-15T21:00:00Z,117,spectrum,coronado_south,0.44,5m,5.0,0.44,0.77,0.935,16.6,220.0,recomputed
2026-08-11T05:30:00Z,2026-08-11T00:00:00Z,2026-08-16T00:00:00Z,120,spectrum,buoy,0.946,buoy,,,,0.946,15.6,207.0,recomputed
2026-08-11T05:30:00Z,2026-08-11T00:00:00Z,2026-08-16T00:00:00Z,120,spectrum,coronado_north,1.094,5m,5.0,1.094,0.763,0.946,15.6,215.0,recomputed
2026-08-11T05:30:00Z,2026-08-11T00:00:00Z,2026-08-16T00:00:00Z,120,spectrum,coronado_center,0.729,5m,5.0,0.729,0.778,0.946,16.6,225.0,recomputed
2026-08-11T05:30:00Z,2026-08-11T00:00:00Z,2026-08-16T00:00:00Z,120,spectrum,coronado_south,0.445,5m,5.0,0.445,0.778,0.946,16.6,212.0,recomputed
2026-08-11T05:30:00Z,2026-08-11T00:00:00Z,2026-08-16T03:00:00Z,123,spectrum,buoy,0.978,buoy,,,,0.978,15.6,207.0,recomputed
2026-08-11T05:30:00Z,2026-08-11T00:00:00Z,2026-08-16T03:00:00Z,123,spectrum,coronado_north,1.102,5m,5.0,1.102,0.768,0.978,15.6,215.0,recomputed
2026-08-11T05:30:00Z,2026-08-11T00:00:00Z,2026-08-16T03:00:00Z,123,spectrum,coronado_center,0.726,5m,5.0,0.726,0.786,0.978,16.6,225.0,recomputed
2026-08-11T05:30:00Z,2026-08-11T00:00:00Z,2026-08-16T03:00:00Z,123,spectrum,coronado_south,0.438,5m,5.0,0.438,0.79,0.978,16.6,213.0,recomputed
2026-08-11T05:30:00Z,2026-08-11T00:00:00Z,2026-08-16T06:00:00Z,126,spectrum,buoy,1.007,buoy,,,,1.007,15.6,207.0,recomputed
2026-08-11T05:30:00Z,2026-08-11T00:00:00Z,2026-08-16T06:00:00Z,126,spectrum,coronado_north,1.108,5m,5.0,1.108,0.769,1.007,15.6,215.0,recomputed
2026-08-11T05:30:00Z,2026-08-11T00:00:00Z,2026-08-16T06:00:00Z,126,spectrum,coronado_center,0.728,5m,5.0,0.728,0.787,1.007,16.6,226.0,recomputed
2026-08-11T05:30:00Z,2026-08-11T00:00:00Z,2026-08-16T06:00:00Z,126,spectrum,coronado_south,0.445,5m,5.0,0.445,0.795,1.007,16.6,213.0,recomputed
2026-08-11T05:30:00Z,2026-08-11T00:00:00Z,2026-08-16T09:00:00Z,129,spectrum,buoy,1.004,buoy,,,,1.004,15.6,208.0,recomputed
2026-08-11T05:30:00Z,2026-08-11T00:00:00Z,2026-08-16T09:00:00Z,129,spectrum,coronado_north,1.107,5m,5.0,1.107,0.767,1.004,15.6,216.0,recomputed
2026-08-11T05:30:00Z,2026-08-11T00:00:00Z,2026-08-16T09:00:00Z,129,spectrum,coronado_center,0.728,5m,5.0,0.728,0.784,1.004,15.6,227.0,recomputed
2026-08-11T05:30:00Z,2026-08-11T00:00:00Z,2026-08-16T09:00:00Z,129,spectrum,coronado_south,0.44,5m,5.0,0.44,0.79,1.004,15.6,215.0,recomputed
2026-08-11T05:30:00Z,2026-08-11T00:00:00Z,2026-08-16T12:00:00Z,132,spectrum,buoy,0.986,buoy,,,,0.986,15.6,208.0,recomputed
2026-08-11T05:30:00Z,2026-08-11T00:00:00Z,2026-08-16T12:00:00Z,132,spectrum,coronado_north,1.098,5m,5.0,1.098,0.76,0.986,15.6,216.0,recomputed
2026-08-11T05:30:00Z,2026-08-11T00:00:00Z,2026-08-16T12:00:00Z,132,spectrum,coronado_center,0.725,5m,5.0,0.725,0.777,0.986,15.6,228.0,recomputed
2026-08-11T05:30:00Z,2026-08-11T00:00:00Z,2026-08-16T12:00:00Z,132,spectrum,coronado_south,0.429,5m,5.0,0.429,0.78,0.986,15.6,216.0,recomputed
2026-08-11T05:30:00Z,2026-08-11T00:00:00Z,2026-08-16T15:00:00Z,135,spectrum,buoy,0.963,buoy,,,,0.963,15.6,208.0,recomputed
2026-08-11T05:30:00Z,2026-08-11T00:00:00Z,2026-08-16T15:00:00Z,135,spectrum,coronado_north,1.087,5m,5.0,1.087,0.755,0.963,15.6,216.0,recomputed
2026-08-11T05:30:00Z,2026-08-11T00:00:00Z,2026-08-16T15:00:00Z,135,spectrum,coronado_center,0.723,5m,5.0,0.723,0.772,0.963,15.6,227.0,recomputed
2026-08-11T05:30:00Z,2026-08-11T00:00:00Z,2026-08-16T15:00:00Z,135,spectrum,coronado_south,0.424,5m,5.0,0.424,0.773,0.963,15.6,218.0,recomputed
2026-08-11T05:30:00Z,2026-08-11T00:00:00Z,2026-08-16T18:00:00Z,138,spectrum,buoy,0.956,buoy,,,,0.956,15.6,207.0,recomputed
2026-08-11T05:30:00Z,2026-08-11T00:00:00Z,2026-08-16T18:00:00Z,138,spectrum,coronado_north,1.079,5m,5.0,1.079,0.752,0.956,15.6,216.0,recomputed
2026-08-11T05:30:00Z,2026-08-11T00:00:00Z,2026-08-16T18:00:00Z,138,spectrum,coronado_center,0.727,5m,5.0,0.727,0.771,0.956,15.6,228.0,recomputed
2026-08-11T05:30:00Z,2026-08-11T00:00:00Z,2026-08-16T18:00:00Z,138,spectrum,coronado_south,0.425,5m,5.0,0.425,0.772,0.956,10.4,227.0,recomputed
2026-08-11T05:30:00Z,2026-08-11T00:00:00Z,2026-08-16T21:00:00Z,141,spectrum,buoy,0.962,buoy,,,,0.962,15.6,207.0,recomputed
2026-08-11T05:30:00Z,2026-08-11T00:00:00Z,2026-08-16T21:00:00Z,141,spectrum,coronado_north,1.071,5m,5.0,1.071,0.75,0.962,15.6,217.0,recomputed
2026-08-11T05:30:00Z,2026-08-11T00:00:00Z,2026-08-16T21:00:00Z,141,spectrum,coronado_center,0.74,5m,5.0,0.74,0.771,0.962,14.5,229.0,recomputed
2026-08-11T05:30:00Z,2026-08-11T00:00:00Z,2026-08-16T21:00:00Z,141,spectrum,coronado_south,0.462,5m,5.0,0.462,0.774,0.962,10.4,228.0,recomputed
2026-08-11T05:30:00Z,2026-08-11T00:00:00Z,2026-08-17T00:00:00Z,144,spectrum,buoy,0.992,buoy,,,,0.992,14.5,208.0,recomputed
2026-08-11T05:30:00Z,2026-08-11T00:00:00Z,2026-08-17T00:00:00Z,144,spectrum,coronado_north,1.06,5m,5.0,1.06,0.749,0.992,14.5,217.0,recomputed
2026-08-11T05:30:00Z,2026-08-11T00:00:00Z,2026-08-17T00:00:00Z,144,spectrum,coronado_center,0.747,5m,5.0,0.747,0.774,0.992,14.5,229.0,recomputed
2026-08-11T05:30:00Z,2026-08-11T00:00:00Z,2026-08-17T00:00:00Z,144,spectrum,coronado_south,0.473,5m,5.0,0.473,0.784,0.992,10.4,230.0,recomputed
2026-08-11T05:30:00Z,2026-08-11T00:00:00Z,2026-08-17T03:00:00Z,147,spectrum,buoy,1.012,buoy,,,,1.012,14.5,208.0,recomputed
2026-08-11T05:30:00Z,2026-08-11T00:00:00Z,2026-08-17T03:00:00Z,147,spectrum,coronado_north,1.042,5m,5.0,1.042,0.741,1.012,14.5,217.0,recomputed
2026-08-11T05:30:00Z,2026-08-11T00:00:00Z,2026-08-17T03:00:00Z,147,spectrum,coronado_center,0.747,5m,5.0,0.747,0.77,1.012,14.5,229.0,recomputed
2026-08-11T05:30:00Z,2026-08-11T00:00:00Z,2026-08-17T03:00:00Z,147,spectrum,coronado_south,0.471,5m,5.0,0.471,0.786,1.012,9.7,231.0,recomputed
2026-08-11T05:30:00Z,2026-08-11T00:00:00Z,2026-08-17T06:00:00Z,150,spectrum,buoy,1.03,buoy,,,,1.03,14.5,208.0,recomputed
2026-08-11T05:30:00Z,2026-08-11T00:00:00Z,2026-08-17T06:00:00Z,150,spectrum,coronado_north,1.02,5m,5.0,1.02,0.729,1.03,14.5,218.0,recomputed
2026-08-11T05:30:00Z,2026-08-11T00:00:00Z,2026-08-17T06:00:00Z,150,spectrum,coronado_center,0.747,5m,5.0,0.747,0.761,1.03,14.5,230.0,recomputed
2026-08-11T05:30:00Z,2026-08-11T00:00:00Z,2026-08-17T06:00:00Z,150,spectrum,coronado_south,0.482,5m,5.0,0.482,0.781,1.03,9.7,232.0,recomputed
2026-08-11T05:30:00Z,2026-08-11T00:00:00Z,2026-08-17T09:00:00Z,153,spectrum,buoy,1.011,buoy,,,,1.011,14.5,208.0,recomputed
2026-08-11T05:30:00Z,2026-08-11T00:00:00Z,2026-08-17T09:00:00Z,153,spectrum,coronado_north,0.999,5m,5.0,0.999,0.717,1.011,14.5,218.0,recomputed
2026-08-11T05:30:00Z,2026-08-11T00:00:00Z,2026-08-17T09:00:00Z,153,spectrum,coronado_center,0.741,5m,5.0,0.741,0.748,1.011,14.5,230.0,recomputed
2026-08-11T05:30:00Z,2026-08-11T00:00:00Z,2026-08-17T09:00:00Z,153,spectrum,coronado_south,0.48,5m,5.0,0.48,0.768,1.011,9.7,233.0,recomputed
2026-08-11T05:30:00Z,2026-08-11T00:00:00Z,2026-08-17T12:00:00Z,156,spectrum,buoy,0.97,buoy,,,,0.97,14.5,207.0,recomputed
2026-08-11T05:30:00Z,2026-08-11T00:00:00Z,2026-08-17T12:00:00Z,156,spectrum,coronado_north,0.98,5m,5.0,0.98,0.704,0.97,14.5,218.0,recomputed
2026-08-11T05:30:00Z,2026-08-11T00:00:00Z,2026-08-17T12:00:00Z,156,spectrum,coronado_center,0.729,5m,5.0,0.729,0.734,0.97,14.5,230.0,recomputed
2026-08-11T05:30:00Z,2026-08-11T00:00:00Z,2026-08-17T12:00:00Z,156,spectrum,coronado_south,0.465,5m,5.0,0.465,0.749,0.97,9.7,234.0,recomputed
2026-08-11T05:30:00Z,2026-08-11T00:00:00Z,2026-08-17T15:00:00Z,159,spectrum,buoy,0.926,buoy,,,,0.926,14.5,207.0,recomputed
2026-08-11T05:30:00Z,2026-08-11T00:00:00Z,2026-08-17T15:00:00Z,159,spectrum,coronado_north,0.966,5m,5.0,0.966,0.695,0.926,14.5,218.0,recomputed
2026-08-11T05:30:00Z,2026-08-11T00:00:00Z,2026-08-17T15:00:00Z,159,spectrum,coronado_center,0.718,5m,5.0,0.718,0.724,0.926,14.5,230.0,recomputed
2026-08-11T05:30:00Z,2026-08-11T00:00:00Z,2026-08-17T15:00:00Z,159,spectrum,coronado_south,0.455,5m,5.0,0.455,0.736,0.926,11.9,235.0,recomputed
2026-08-11T05:30:00Z,2026-08-11T00:00:00Z,2026-08-17T18:00:00Z,162,spectrum,buoy,0.907,buoy,,,,0.907,14.5,207.0,recomputed
2026-08-11T05:30:00Z,2026-08-11T00:00:00Z,2026-08-17T18:00:00Z,162,spectrum,coronado_north,0.95,5m,5.0,0.95,0.684,0.907,14.5,218.0,recomputed
2026-08-11T05:30:00Z,2026-08-11T00:00:00Z,2026-08-17T18:00:00Z,162,spectrum,coronado_center,0.706,5m,5.0,0.706,0.713,0.907,14.5,230.0,recomputed
2026-08-11T05:30:00Z,2026-08-11T00:00:00Z,2026-08-17T18:00:00Z,162,spectrum,coronado_south,0.462,5m,5.0,0.462,0.724,0.907,11.9,235.0,recomputed
2026-08-11T05:30:00Z,2026-08-11T00:00:00Z,2026-08-17T21:00:00Z,165,spectrum,buoy,0.923,buoy,,,,0.923,14.5,207.0,recomputed
2026-08-11T05:30:00Z,2026-08-11T00:00:00Z,2026-08-17T21:00:00Z,165,spectrum,coronado_north,0.933,5m,5.0,0.933,0.674,0.923,14.5,218.0,recomputed
2026-08-11T05:30:00Z,2026-08-11T00:00:00Z,2026-08-17T21:00:00Z,165,spectrum,coronado_center,0.704,5m,5.0,0.704,0.705,0.923,14.5,230.0,recomputed
2026-08-11T05:30:00Z,2026-08-11T00:00:00Z,2026-08-17T21:00:00Z,165,spectrum,coronado_south,0.484,5m,5.0,0.484,0.718,0.923,11.1,236.0,recomputed
2026-08-11T05:30:00Z,2026-08-11T00:00:00Z,2026-08-18T00:00:00Z,168,spectrum,buoy,0.979,buoy,,,,0.979,14.5,207.0,recomputed
2026-08-11T05:30:00Z,2026-08-11T00:00:00Z,2026-08-18T00:00:00Z,168,spectrum,coronado_north,0.919,5m,5.0,0.919,0.669,0.979,13.6,218.0,recomputed
2026-08-11T05:30:00Z,2026-08-11T00:00:00Z,2026-08-18T00:00:00Z,168,spectrum,coronado_center,0.695,5m,5.0,0.695,0.706,0.979,11.1,230.0,recomputed
2026-08-11T05:30:00Z,2026-08-11T00:00:00Z,2026-08-18T00:00:00Z,168,spectrum,coronado_south,0.494,5m,5.0,0.494,0.73,0.979,11.1,236.0,recomputed
2026-08-12T05:30:00Z,2026-08-12T00:00:00Z,2026-08-12T00:00:00Z,0,spectrum,buoy,0.694,buoy,,,,0.694,17.8,215.0,recomputed
2026-08-12T05:30:00Z,2026-08-12T00:00:00Z,2026-08-12T00:00:00Z,0,spectrum,coronado_north,0.713,5m,5.0,0.713,0.54,0.694,14.5,217.0,recomputed
2026-08-12T05:30:00Z,2026-08-12T00:00:00Z,2026-08-12T00:00:00Z,0,spectrum,coronado_center,0.542,5m,5.0,0.542,0.555,0.694,14.5,228.0,recomputed
2026-08-12T05:30:00Z,2026-08-12T00:00:00Z,2026-08-12T00:00:00Z,0,spectrum,coronado_south,0.358,5m,5.0,0.358,0.559,0.694,11.9,210.0,recomputed
2026-08-12T05:30:00Z,2026-08-12T00:00:00Z,2026-08-12T03:00:00Z,3,spectrum,buoy,0.707,buoy,,,,0.707,17.8,213.0,recomputed
2026-08-12T05:30:00Z,2026-08-12T00:00:00Z,2026-08-12T03:00:00Z,3,spectrum,coronado_north,0.715,5m,5.0,0.715,0.544,0.707,14.5,217.0,recomputed
2026-08-12T05:30:00Z,2026-08-12T00:00:00Z,2026-08-12T03:00:00Z,3,spectrum,coronado_center,0.542,5m,5.0,0.542,0.561,0.707,17.8,226.0,recomputed
2026-08-12T05:30:00Z,2026-08-12T00:00:00Z,2026-08-12T03:00:00Z,3,spectrum,coronado_south,0.365,5m,5.0,0.365,0.565,0.707,11.9,213.0,recomputed
2026-08-12T05:30:00Z,2026-08-12T00:00:00Z,2026-08-12T06:00:00Z,6,spectrum,buoy,0.726,buoy,,,,0.726,17.8,211.0,recomputed
2026-08-12T05:30:00Z,2026-08-12T00:00:00Z,2026-08-12T06:00:00Z,6,spectrum,coronado_north,0.697,5m,5.0,0.697,0.534,0.726,14.5,217.0,recomputed
2026-08-12T05:30:00Z,2026-08-12T00:00:00Z,2026-08-12T06:00:00Z,6,spectrum,coronado_center,0.531,5m,5.0,0.531,0.552,0.726,17.8,226.0,recomputed
2026-08-12T05:30:00Z,2026-08-12T00:00:00Z,2026-08-12T06:00:00Z,6,spectrum,coronado_south,0.35,5m,5.0,0.35,0.558,0.726,11.9,212.0,recomputed
2026-08-12T05:30:00Z,2026-08-12T00:00:00Z,2026-08-12T09:00:00Z,9,spectrum,buoy,0.716,buoy,,,,0.716,17.8,209.0,recomputed
2026-08-12T05:30:00Z,2026-08-12T00:00:00Z,2026-08-12T09:00:00Z,9,spectrum,coronado_north,0.678,5m,5.0,0.678,0.528,0.716,13.6,217.0,recomputed
2026-08-12T05:30:00Z,2026-08-12T00:00:00Z,2026-08-12T09:00:00Z,9,spectrum,coronado_center,0.52,5m,5.0,0.52,0.546,0.716,17.8,226.0,recomputed
2026-08-12T05:30:00Z,2026-08-12T00:00:00Z,2026-08-12T09:00:00Z,9,spectrum,coronado_south,0.353,5m,5.0,0.353,0.555,0.716,11.9,212.0,recomputed
2026-08-12T05:30:00Z,2026-08-12T00:00:00Z,2026-08-12T12:00:00Z,12,spectrum,buoy,0.697,buoy,,,,0.697,13.6,213.0,recomputed
2026-08-12T05:30:00Z,2026-08-12T00:00:00Z,2026-08-12T12:00:00Z,12,spectrum,coronado_north,0.687,5m,5.0,0.687,0.532,0.697,13.6,217.0,recomputed
2026-08-12T05:30:00Z,2026-08-12T00:00:00Z,2026-08-12T12:00:00Z,12,spectrum,coronado_center,0.535,5m,5.0,0.535,0.549,0.697,16.6,226.0,recomputed
2026-08-12T05:30:00Z,2026-08-12T00:00:00Z,2026-08-12T12:00:00Z,12,spectrum,coronado_south,0.36,5m,5.0,0.36,0.555,0.697,11.9,212.0,recomputed
2026-08-12T05:30:00Z,2026-08-12T00:00:00Z,2026-08-12T15:00:00Z,15,spectrum,buoy,0.683,buoy,,,,0.683,16.6,214.0,recomputed
2026-08-12T05:30:00Z,2026-08-12T00:00:00Z,2026-08-12T15:00:00Z,15,spectrum,coronado_north,0.709,5m,5.0,0.709,0.541,0.683,16.6,219.0,recomputed
2026-08-12T05:30:00Z,2026-08-12T00:00:00Z,2026-08-12T15:00:00Z,15,spectrum,coronado_center,0.557,5m,5.0,0.557,0.556,0.683,16.6,226.0,recomputed
2026-08-12T05:30:00Z,2026-08-12T00:00:00Z,2026-08-12T15:00:00Z,15,spectrum,coronado_south,0.348,5m,5.0,0.348,0.559,0.683,11.9,213.0,recomputed
2026-08-12T05:30:00Z,2026-08-12T00:00:00Z,2026-08-12T18:00:00Z,18,spectrum,buoy,0.676,buoy,,,,0.676,16.6,214.0,recomputed
2026-08-12T05:30:00Z,2026-08-12T00:00:00Z,2026-08-12T18:00:00Z,18,spectrum,coronado_north,0.734,5m,5.0,0.734,0.549,0.676,16.6,219.0,recomputed
2026-08-12T05:30:00Z,2026-08-12T00:00:00Z,2026-08-12T18:00:00Z,18,spectrum,coronado_center,0.582,5m,5.0,0.582,0.563,0.676,16.6,226.0,recomputed
2026-08-12T05:30:00Z,2026-08-12T00:00:00Z,2026-08-12T18:00:00Z,18,spectrum,coronado_south,0.353,5m,5.0,0.353,0.564,0.676,11.9,214.0,recomputed
2026-08-12T05:30:00Z,2026-08-12T00:00:00Z,2026-08-12T21:00:00Z,21,spectrum,buoy,0.68,buoy,,,,0.68,16.6,213.0,recomputed
2026-08-12T05:30:00Z,2026-08-12T00:00:00Z,2026-08-12T21:00:00Z,21,spectrum,coronado_north,0.743,5m,5.0,0.743,0.549,0.68,16.6,219.0,recomputed
2026-08-12T05:30:00Z,2026-08-12T00:00:00Z,2026-08-12T21:00:00Z,21,spectrum,coronado_center,0.593,5m,5.0,0.593,0.564,0.68,16.6,226.0,recomputed
2026-08-12T05:30:00Z,2026-08-12T00:00:00Z,2026-08-12T21:00:00Z,21,spectrum,coronado_south,0.382,5m,5.0,0.382,0.566,0.68,11.9,214.0,recomputed
2026-08-12T05:30:00Z,2026-08-12T00:00:00Z,2026-08-13T00:00:00Z,24,spectrum,buoy,0.687,buoy,,,,0.687,16.6,212.0,recomputed
2026-08-12T05:30:00Z,2026-08-12T00:00:00Z,2026-08-13T00:00:00Z,24,spectrum,coronado_north,0.736,5m,5.0,0.736,0.55,0.687,16.6,219.0,recomputed
2026-08-12T05:30:00Z,2026-08-12T00:00:00Z,2026-08-13T00:00:00Z,24,spectrum,coronado_center,0.581,5m,5.0,0.581,0.567,0.687,16.6,227.0,recomputed
2026-08-12T05:30:00Z,2026-08-12T00:00:00Z,2026-08-13T00:00:00Z,24,spectrum,coronado_south,0.371,5m,5.0,0.371,0.57,0.687,11.9,214.0,recomputed
2026-08-12T05:30:00Z,2026-08-12T00:00:00Z,2026-08-13T03:00:00Z,27,spectrum,buoy,0.685,buoy,,,,0.685,16.6,212.0,recomputed
2026-08-12T05:30:00Z,2026-08-12T00:00:00Z,2026-08-13T03:00:00Z,27,spectrum,coronado_north,0.736,5m,5.0,0.736,0.55,0.685,16.6,219.0,recomputed
2026-08-12T05:30:00Z,2026-08-12T00:00:00Z,2026-08-13T03:00:00Z,27,spectrum,coronado_center,0.569,5m,5.0,0.569,0.567,0.685,16.6,227.0,recomputed
2026-08-12T05:30:00Z,2026-08-12T00:00:00Z,2026-08-13T03:00:00Z,27,spectrum,coronado_south,0.361,5m,5.0,0.361,0.57,0.685,11.9,214.0,recomputed
2026-08-12T05:30:00Z,2026-08-12T00:00:00Z,2026-08-13T06:00:00Z,30,spectrum,buoy,0.683,buoy,,,,0.683,15.6,213.0,recomputed
2026-08-12T05:30:00Z,2026-08-12T00:00:00Z,2026-08-13T06:00:00Z,30,spectrum,coronado_north,0.749,5m,5.0,0.749,0.554,0.683,15.6,220.0,recomputed
2026-08-12T05:30:00Z,2026-08-12T00:00:00Z,2026-08-13T06:00:00Z,30,spectrum,coronado_center,0.577,5m,5.0,0.577,0.571,0.683,16.6,228.0,recomputed
2026-08-12T05:30:00Z,2026-08-12T00:00:00Z,2026-08-13T06:00:00Z,30,spectrum,coronado_south,0.371,5m,5.0,0.371,0.574,0.683,11.9,214.0,recomputed
2026-08-12T05:30:00Z,2026-08-12T00:00:00Z,2026-08-13T09:00:00Z,33,spectrum,buoy,0.685,buoy,,,,0.685,15.6,213.0,recomputed
2026-08-12T05:30:00Z,2026-08-12T00:00:00Z,2026-08-13T09:00:00Z,33,spectrum,coronado_north,0.764,5m,5.0,0.764,0.564,0.685,15.6,220.0,recomputed
2026-08-12T05:30:00Z,2026-08-12T00:00:00Z,2026-08-13T09:00:00Z,33,spectrum,coronado_center,0.577,5m,5.0,0.577,0.58,0.685,15.6,228.0,recomputed
2026-08-12T05:30:00Z,2026-08-12T00:00:00Z,2026-08-13T09:00:00Z,33,spectrum,coronado_south,0.35,5m,5.0,0.35,0.582,0.685,12.7,214.0,recomputed
2026-08-12T05:30:00Z,2026-08-12T00:00:00Z,2026-08-13T12:00:00Z,36,spectrum,buoy,0.688,buoy,,,,0.688,15.6,213.0,recomputed
2026-08-12T05:30:00Z,2026-08-12T00:00:00Z,2026-08-13T12:00:00Z,36,spectrum,coronado_north,0.782,5m,5.0,0.782,0.573,0.688,15.6,220.0,recomputed
2026-08-12T05:30:00Z,2026-08-12T00:00:00Z,2026-08-13T12:00:00Z,36,spectrum,coronado_center,0.587,5m,5.0,0.587,0.589,0.688,15.6,228.0,recomputed
2026-08-12T05:30:00Z,2026-08-12T00:00:00Z,2026-08-13T12:00:00Z,36,spectrum,coronado_south,0.345,5m,5.0,0.345,0.589,0.688,12.7,214.0,recomputed
2026-08-12T05:30:00Z,2026-08-12T00:00:00Z,2026-08-13T15:00:00Z,39,spectrum,buoy,0.689,buoy,,,,0.689,15.6,213.0,recomputed
2026-08-12T05:30:00Z,2026-08-12T00:00:00Z,2026-08-13T15:00:00Z,39,spectrum,coronado_north,0.785,5m,5.0,0.785,0.577,0.689,15.6,220.0,recomputed
2026-08-12T05:30:00Z,2026-08-12T00:00:00Z,2026-08-13T15:00:00Z,39,spectrum,coronado_center,0.597,5m,5.0,0.597,0.593,0.689,15.6,228.0,recomputed
2026-08-12T05:30:00Z,2026-08-12T00:00:00Z,2026-08-13T15:00:00Z,39,spectrum,coronado_south,0.345,5m,5.0,0.345,0.593,0.689,12.7,213.0,recomputed
2026-08-12T05:30:00Z,2026-08-12T00:00:00Z,2026-08-13T18:00:00Z,42,spectrum,buoy,0.692,buoy,,,,0.692,15.6,213.0,recomputed
2026-08-12T05:30:00Z,2026-08-12T00:00:00Z,2026-08-13T18:00:00Z,42,spectrum,coronado_north,0.788,5m,5.0,0.788,0.582,0.692,15.6,220.0,recomputed
2026-08-12T05:30:00Z,2026-08-12T00:00:00Z,2026-08-13T18:00:00Z,42,spectrum,coronado_center,0.596,5m,5.0,0.596,0.599,0.692,15.6,228.0,recomputed
2026-08-12T05:30:00Z,2026-08-12T00:00:00Z,2026-08-13T18:00:00Z,42,spectrum,coronado_south,0.346,5m,5.0,0.346,0.598,0.692,12.7,213.0,recomputed
2026-08-12T05:30:00Z,2026-08-12T00:00:00Z,2026-08-13T21:00:00Z,45,spectrum,buoy,0.705,buoy,,,,0.705,15.6,213.0,recomputed
2026-08-12T05:30:00Z,2026-08-12T00:00:00Z,2026-08-13T21:00:00Z,45,spectrum,coronado_north,0.81,5m,5.0,0.81,0.595,0.705,15.6,220.0,recomputed
2026-08-12T05:30:00Z,2026-08-12T00:00:00Z,2026-08-13T21:00:00Z,45,spectrum,coronado_center,0.62,5m,5.0,0.62,0.612,0.705,15.6,229.0,recomputed
2026-08-12T05:30:00Z,2026-08-12T00:00:00Z,2026-08-13T21:00:00Z,45,spectrum,coronado_south,0.35,5m,5.0,0.35,0.611,0.705,12.7,212.0,recomputed
2026-08-12T05:30:00Z,2026-08-12T00:00:00Z,2026-08-14T00:00:00Z,48,spectrum,buoy,0.721,buoy,,,,0.721,15.6,213.0,recomputed
2026-08-12T05:30:00Z,2026-08-12T00:00:00Z,2026-08-14T00:00:00Z,48,spectrum,coronado_north,0.821,5m,5.0,0.821,0.61,0.721,15.6,219.0,recomputed
2026-08-12T05:30:00Z,2026-08-12T00:00:00Z,2026-08-14T00:00:00Z,48,spectrum,coronado_center,0.622,5m,5.0,0.622,0.626,0.721,15.6,228.0,recomputed
2026-08-12T05:30:00Z,2026-08-12T00:00:00Z,2026-08-14T00:00:00Z,48,spectrum,coronado_south,0.374,5m,5.0,0.374,0.625,0.721,11.9,211.0,recomputed
2026-08-12T05:30:00Z,2026-08-12T00:00:00Z,2026-08-14T03:00:00Z,51,spectrum,buoy,0.727,buoy,,,,0.727,14.5,210.0,recomputed
2026-08-12T05:30:00Z,2026-08-12T00:00:00Z,2026-08-14T03:00:00Z,51,spectrum,coronado_north,0.832,5m,5.0,0.832,0.618,0.727,15.6,219.0,recomputed
2026-08-12T05:30:00Z,2026-08-12T00:00:00Z,2026-08-14T03:00:00Z,51,spectrum,coronado_center,0.617,5m,5.0,0.617,0.633,0.727,15.6,228.0,recomputed
2026-08-12T05:30:00Z,2026-08-12T00:00:00Z,2026-08-14T03:00:00Z,51,spectrum,coronado_south,0.365,5m,5.0,0.365,0.631,0.727,11.9,210.0,recomputed
2026-08-12T05:30:00Z,2026-08-12T00:00:00Z,2026-08-14T06:00:00Z,54,spectrum,buoy,0.728,buoy,,,,0.728,15.6,215.0,recomputed
2026-08-12T05:30:00Z,2026-08-12T00:00:00Z,2026-08-14T06:00:00Z,54,spectrum,coronado_north,0.843,5m,5.0,0.843,0.623,0.728,15.6,219.0,recomputed
2026-08-12T05:30:00Z,2026-08-12T00:00:00Z,2026-08-14T06:00:00Z,54,spectrum,coronado_center,0.617,5m,5.0,0.617,0.638,0.728,15.6,228.0,recomputed
2026-08-12T05:30:00Z,2026-08-12T00:00:00Z,2026-08-14T06:00:00Z,54,spectrum,coronado_south,0.361,5m,5.0,0.361,0.634,0.728,11.9,209.0,recomputed
2026-08-12T05:30:00Z,2026-08-12T00:00:00Z,2026-08-14T09:00:00Z,57,spectrum,buoy,0.736,buoy,,,,0.736,15.6,215.0,recomputed
2026-08-12T05:30:00Z,2026-08-12T00:00:00Z,2026-08-14T09:00:00Z,57,spectrum,coronado_north,0.867,5m,5.0,0.867,0.633,0.736,15.6,219.0,recomputed
2026-08-12T05:30:00Z,2026-08-12T00:00:00Z,2026-08-14T09:00:00Z,57,spectrum,coronado_center,0.626,5m,5.0,0.626,0.647,0.736,15.6,228.0,recomputed
2026-08-12T05:30:00Z,2026-08-12T00:00:00Z,2026-08-14T09:00:00Z,57,spectrum,coronado_south,0.362,5m,5.0,0.362,0.642,0.736,11.9,209.0,recomputed
2026-08-12T05:30:00Z,2026-08-12T00:00:00Z,2026-08-14T12:00:00Z,60,spectrum,buoy,0.75,buoy,,,,0.75,15.6,215.0,recomputed
2026-08-12T05:30:00Z,2026-08-12T00:00:00Z,2026-08-14T12:00:00Z,60,spectrum,coronado_north,0.901,5m,5.0,0.901,0.649,0.75,15.6,219.0,recomputed
2026-08-12T05:30:00Z,2026-08-12T00:00:00Z,2026-08-14T12:00:00Z,60,spectrum,coronado_center,0.641,5m,5.0,0.641,0.662,0.75,15.6,229.0,recomputed
2026-08-12T05:30:00Z,2026-08-12T00:00:00Z,2026-08-14T12:00:00Z,60,spectrum,coronado_south,0.361,5m,5.0,0.361,0.657,0.75,11.9,209.0,recomputed
2026-08-12T05:30:00Z,2026-08-12T00:00:00Z,2026-08-14T15:00:00Z,63,spectrum,buoy,0.77,buoy,,,,0.77,15.6,215.0,recomputed
2026-08-12T05:30:00Z,2026-08-12T00:00:00Z,2026-08-14T15:00:00Z,63,spectrum,coronado_north,0.937,5m,5.0,0.937,0.67,0.77,15.6,219.0,recomputed
2026-08-12T05:30:00Z,2026-08-12T00:00:00Z,2026-08-14T15:00:00Z,63,spectrum,coronado_center,0.662,5m,5.0,0.662,0.683,0.77,15.6,228.0,recomputed
2026-08-12T05:30:00Z,2026-08-12T00:00:00Z,2026-08-14T15:00:00Z,63,spectrum,coronado_south,0.371,5m,5.0,0.371,0.676,0.77,11.9,210.0,recomputed
2026-08-12T05:30:00Z,2026-08-12T00:00:00Z,2026-08-14T18:00:00Z,66,spectrum,buoy,0.792,buoy,,,,0.792,15.6,214.0,recomputed
2026-08-12T05:30:00Z,2026-08-12T00:00:00Z,2026-08-14T18:00:00Z,66,spectrum,coronado_north,0.968,5m,5.0,0.968,0.691,0.792,15.6,218.0,recomputed
2026-08-12T05:30:00Z,2026-08-12T00:00:00Z,2026-08-14T18:00:00Z,66,spectrum,coronado_center,0.679,5m,5.0,0.679,0.702,0.792,15.6,229.0,recomputed
2026-08-12T05:30:00Z,2026-08-12T00:00:00Z,2026-08-14T18:00:00Z,66,spectrum,coronado_south,0.376,5m,5.0,0.376,0.695,0.792,11.9,210.0,recomputed
2026-08-12T05:30:00Z,2026-08-12T00:00:00Z,2026-08-14T21:00:00Z,69,spectrum,buoy,0.823,buoy,,,,0.823,14.5,213.0,recomputed
2026-08-12T05:30:00Z,2026-08-12T00:00:00Z,2026-08-14T21:00:00Z,69,spectrum,coronado_north,0.988,5m,5.0,0.988,0.706,0.823,14.5,218.0,recomputed
2026-08-12T05:30:00Z,2026-08-12T00:00:00Z,2026-08-14T21:00:00Z,69,spectrum,coronado_center,0.695,5m,5.0,0.695,0.718,0.823,14.5,229.0,recomputed
2026-08-12T05:30:00Z,2026-08-12T00:00:00Z,2026-08-14T21:00:00Z,69,spectrum,coronado_south,0.395,5m,5.0,0.395,0.711,0.823,11.9,210.0,recomputed
2026-08-12T05:30:00Z,2026-08-12T00:00:00Z,2026-08-15T00:00:00Z,72,spectrum,buoy,0.857,buoy,,,,0.857,14.5,214.0,recomputed
2026-08-12T05:30:00Z,2026-08-12T00:00:00Z,2026-08-15T00:00:00Z,72,spectrum,coronado_north,1.003,5m,5.0,1.003,0.718,0.857,14.5,218.0,recomputed
2026-08-12T05:30:00Z,2026-08-12T00:00:00Z,2026-08-15T00:00:00Z,72,spectrum,coronado_center,0.714,5m,5.0,0.714,0.732,0.857,14.5,227.0,recomputed
2026-08-12T05:30:00Z,2026-08-12T00:00:00Z,2026-08-15T00:00:00Z,72,spectrum,coronado_south,0.412,5m,5.0,0.412,0.728,0.857,11.9,209.0,recomputed
2026-08-12T05:30:00Z,2026-08-12T00:00:00Z,2026-08-15T03:00:00Z,75,spectrum,buoy,0.899,buoy,,,,0.899,14.5,214.0,recomputed
2026-08-12T05:30:00Z,2026-08-12T00:00:00Z,2026-08-15T03:00:00Z,75,spectrum,coronado_north,1.024,5m,5.0,1.024,0.735,0.899,14.5,217.0,recomputed
2026-08-12T05:30:00Z,2026-08-12T00:00:00Z,2026-08-15T03:00:00Z,75,spectrum,coronado_center,0.733,5m,5.0,0.733,0.751,0.899,14.5,228.0,recomputed
2026-08-12T05:30:00Z,2026-08-12T00:00:00Z,2026-08-15T03:00:00Z,75,spectrum,coronado_south,0.414,5m,5.0,0.414,0.751,0.899,11.9,208.0,recomputed
2026-08-12T05:30:00Z,2026-08-12T00:00:00Z,2026-08-15T06:00:00Z,78,spectrum,buoy,0.93,buoy,,,,0.93,14.5,214.0,recomputed
2026-08-12T05:30:00Z,2026-08-12T00:00:00Z,2026-08-15T06:00:00Z,78,spectrum,coronado_north,1.051,5m,5.0,1.051,0.753,0.93,14.5,218.0,recomputed
2026-08-12T05:30:00Z,2026-08-12T00:00:00Z,2026-08-15T06:00:00Z,78,spectrum,coronado_center,0.753,5m,5.0,0.753,0.769,0.93,14.5,228.0,recomputed
2026-08-12T05:30:00Z,2026-08-12T00:00:00Z,2026-08-15T06:00:00Z,78,spectrum,coronado_south,0.424,5m,5.0,0.424,0.769,0.93,11.9,208.0,recomputed
2026-08-12T05:30:00Z,2026-08-12T00:00:00Z,2026-08-15T09:00:00Z,81,spectrum,buoy,0.943,buoy,,,,0.943,14.5,214.0,recomputed
2026-08-12T05:30:00Z,2026-08-12T00:00:00Z,2026-08-15T09:00:00Z,81,spectrum,coronado_north,1.076,5m,5.0,1.076,0.767,0.943,14.5,218.0,recomputed
2026-08-12T05:30:00Z,2026-08-12T00:00:00Z,2026-08-15T09:00:00Z,81,spectrum,coronado_center,0.764,5m,5.0,0.764,0.782,0.943,14.5,228.0,recomputed
2026-08-12T05:30:00Z,2026-08-12T00:00:00Z,2026-08-15T09:00:00Z,81,spectrum,coronado_south,0.426,5m,5.0,0.426,0.782,0.943,14.5,213.0,recomputed
2026-08-12T05:30:00Z,2026-08-12T00:00:00Z,2026-08-15T12:00:00Z,84,spectrum,buoy,0.953,buoy,,,,0.953,16.6,207.0,recomputed
2026-08-12T05:30:00Z,2026-08-12T00:00:00Z,2026-08-15T12:00:00Z,84,spectrum,coronado_north,1.097,5m,5.0,1.097,0.777,0.953,14.5,217.0,recomputed
2026-08-12T05:30:00Z,2026-08-12T00:00:00Z,2026-08-15T12:00:00Z,84,spectrum,coronado_center,0.769,5m,5.0,0.769,0.793,0.953,14.5,228.0,recomputed
2026-08-12T05:30:00Z,2026-08-12T00:00:00Z,2026-08-15T12:00:00Z,84,spectrum,coronado_south,0.429,5m,5.0,0.429,0.792,0.953,14.5,213.0,recomputed
2026-08-12T05:30:00Z,2026-08-12T00:00:00Z,2026-08-15T15:00:00Z,87,spectrum,buoy,0.954,buoy,,,,0.954,16.6,208.0,recomputed
2026-08-12T05:30:00Z,2026-08-12T00:00:00Z,2026-08-15T15:00:00Z,87,spectrum,coronado_north,1.111,5m,5.0,1.111,0.782,0.954,16.6,216.0,recomputed
2026-08-12T05:30:00Z,2026-08-12T00:00:00Z,2026-08-15T15:00:00Z,87,spectrum,coronado_center,0.772,5m,5.0,0.772,0.797,0.954,14.5,228.0,recomputed
2026-08-12T05:30:00Z,2026-08-12T00:00:00Z,2026-08-15T15:00:00Z,87,spectrum,coronado_south,0.427,5m,5.0,0.427,0.795,0.954,14.5,213.0,recomputed
2026-08-12T05:30:00Z,2026-08-12T00:00:00Z,2026-08-15T18:00:00Z,90,spectrum,buoy,0.952,buoy,,,,0.952,16.6,208.0,recomputed
2026-08-12T05:30:00Z,2026-08-12T00:00:00Z,2026-08-15T18:00:00Z,90,spectrum,coronado_north,1.122,5m,5.0,1.122,0.784,0.952,16.6,216.0,recomputed
2026-08-12T05:30:00Z,2026-08-12T00:00:00Z,2026-08-15T18:00:00Z,90,spectrum,coronado_center,0.767,5m,5.0,0.767,0.797,0.952,16.6,225.0,recomputed
2026-08-12T05:30:00Z,2026-08-12T00:00:00Z,2026-08-15T18:00:00Z,90,spectrum,coronado_south,0.435,5m,5.0,0.435,0.794,0.952,16.6,212.0,recomputed
2026-08-12T05:30:00Z,2026-08-12T00:00:00Z,2026-08-15T21:00:00Z,93,spectrum,buoy,0.976,buoy,,,,0.976,16.6,208.0,recomputed
2026-08-12T05:30:00Z,2026-08-12T00:00:00Z,2026-08-15T21:00:00Z,93,spectrum,coronado_north,1.126,5m,5.0,1.126,0.783,0.976,16.6,215.0,recomputed
2026-08-12T05:30:00Z,2026-08-12T00:00:00Z,2026-08-15T21:00:00Z,93,spectrum,coronado_center,0.766,5m,5.0,0.766,0.798,0.976,16.6,225.0,recomputed
2026-08-12T05:30:00Z,2026-08-12T00:00:00Z,2026-08-15T21:00:00Z,93,spectrum,coronado_south,0.443,5m,5.0,0.443,0.796,0.976,16.6,212.0,recomputed
2026-08-12T05:30:00Z,2026-08-12T00:00:00Z,2026-08-16T00:00:00Z,96,spectrum,buoy,0.986,buoy,,,,0.986,15.6,207.0,recomputed
2026-08-12T05:30:00Z,2026-08-12T00:00:00Z,2026-08-16T00:00:00Z,96,spectrum,coronado_north,1.133,5m,5.0,1.133,0.788,0.986,15.6,215.0,recomputed
2026-08-12T05:30:00Z,2026-08-12T00:00:00Z,2026-08-16T00:00:00Z,96,spectrum,coronado_center,0.766,5m,5.0,0.766,0.805,0.986,16.6,226.0,recomputed
2026-08-12T05:30:00Z,2026-08-12T00:00:00Z,2026-08-16T00:00:00Z,96,spectrum,coronado_south,0.45,5m,5.0,0.45,0.806,0.986,16.6,212.0,recomputed
2026-08-12T05:30:00Z,2026-08-12T00:00:00Z,2026-08-16T03:00:00Z,99,spectrum,buoy,1.01,buoy,,,,1.01,15.6,207.0,recomputed
2026-08-12T05:30:00Z,2026-08-12T00:00:00Z,2026-08-16T03:00:00Z,99,spectrum,coronado_north,1.14,5m,5.0,1.14,0.792,1.01,15.6,216.0,recomputed
2026-08-12T05:30:00Z,2026-08-12T00:00:00Z,2026-08-16T03:00:00Z,99,spectrum,coronado_center,0.766,5m,5.0,0.766,0.81,1.01,16.6,226.0,recomputed
2026-08-12T05:30:00Z,2026-08-12T00:00:00Z,2026-08-16T03:00:00Z,99,spectrum,coronado_south,0.445,5m,5.0,0.445,0.814,1.01,16.6,213.0,recomputed
2026-08-12T05:30:00Z,2026-08-12T00:00:00Z,2026-08-16T06:00:00Z,102,spectrum,buoy,1.05,buoy,,,,1.05,15.6,208.0,recomputed
2026-08-12T05:30:00Z,2026-08-12T00:00:00Z,2026-08-16T06:00:00Z,102,spectrum,coronado_north,1.148,5m,5.0,1.148,0.795,1.05,15.6,216.0,recomputed
2026-08-12T05:30:00Z,2026-08-12T00:00:00Z,2026-08-16T06:00:00Z,102,spectrum,coronado_center,0.774,5m,5.0,0.774,0.815,1.05,16.6,227.0,recomputed
2026-08-12T05:30:00Z,2026-08-12T00:00:00Z,2026-08-16T06:00:00Z,102,spectrum,coronado_south,0.455,5m,5.0,0.455,0.822,1.05,16.6,214.0,recomputed
2026-08-12T05:30:00Z,2026-08-12T00:00:00Z,2026-08-16T09:00:00Z,105,spectrum,buoy,1.05,buoy,,,,1.05,15.6,208.0,recomputed
2026-08-12T05:30:00Z,2026-08-12T00:00:00Z,2026-08-16T09:00:00Z,105,spectrum,coronado_north,1.15,5m,5.0,1.15,0.796,1.05,15.6,216.0,recomputed
2026-08-12T05:30:00Z,2026-08-12T00:00:00Z,2026-08-16T09:00:00Z,105,spectrum,coronado_center,0.778,5m,5.0,0.778,0.816,1.05,15.6,227.0,recomputed
2026-08-12T05:30:00Z,2026-08-12T00:00:00Z,2026-08-16T09:00:00Z,105,spectrum,coronado_south,0.458,5m,5.0,0.458,0.823,1.05,15.6,215.0,recomputed
2026-08-12T05:30:00Z,2026-08-12T00:00:00Z,2026-08-16T12:00:00Z,108,spectrum,buoy,1.027,buoy,,,,1.027,15.6,208.0,recomputed
2026-08-12T05:30:00Z,2026-08-12T00:00:00Z,2026-08-16T12:00:00Z,108,spectrum,coronado_north,1.14,5m,5.0,1.14,0.789,1.027,15.6,216.0,recomputed
2026-08-12T05:30:00Z,2026-08-12T00:00:00Z,2026-08-16T12:00:00Z,108,spectrum,coronado_center,0.77,5m,5.0,0.77,0.808,1.027,15.6,228.0,recomputed
2026-08-12T05:30:00Z,2026-08-12T00:00:00Z,2026-08-16T12:00:00Z,108,spectrum,coronado_south,0.447,5m,5.0,0.447,0.812,1.027,15.6,217.0,recomputed
2026-08-12T05:30:00Z,2026-08-12T00:00:00Z,2026-08-16T15:00:00Z,111,spectrum,buoy,0.997,buoy,,,,0.997,15.6,208.0,recomputed
2026-08-12T05:30:00Z,2026-08-12T00:00:00Z,2026-08-16T15:00:00Z,111,spectrum,coronado_north,1.13,5m,5.0,1.13,0.782,0.997,15.6,216.0,recomputed
2026-08-12T05:30:00Z,2026-08-12T00:00:00Z,2026-08-16T15:00:00Z,111,spectrum,coronado_center,0.761,5m,5.0,0.761,0.801,0.997,15.6,228.0,recomputed
2026-08-12T05:30:00Z,2026-08-12T00:00:00Z,2026-08-16T15:00:00Z,111,spectrum,coronado_south,0.438,5m,5.0,0.438,0.803,0.997,11.9,223.0,recomputed
2026-08-12T05:30:00Z,2026-08-12T00:00:00Z,2026-08-16T18:00:00Z,114,spectrum,buoy,0.98,buoy,,,,0.98,15.6,207.0,recomputed
2026-08-12T05:30:00Z,2026-08-12T00:00:00Z,2026-08-16T18:00:00Z,114,spectrum,coronado_north,1.121,5m,5.0,1.121,0.777,0.98,15.6,217.0,recomputed
2026-08-12T05:30:00Z,2026-08-12T00:00:00Z,2026-08-16T18:00:00Z,114,spectrum,coronado_center,0.755,5m,5.0,0.755,0.797,0.98,15.6,228.0,recomputed
2026-08-12T05:30:00Z,2026-08-12T00:00:00Z,2026-08-16T18:00:00Z,114,spectrum,coronado_south,0.446,5m,5.0,0.446,0.798,0.98,15.6,219.0,recomputed
2026-08-12T05:30:00Z,2026-08-12T00:00:00Z,2026-08-16T21:00:00Z,117,spectrum,buoy,0.994,buoy,,,,0.994,15.6,207.0,recomputed
2026-08-12T05:30:00Z,2026-08-12T00:00:00Z,2026-08-16T21:00:00Z,117,spectrum,coronado_north,1.109,5m,5.0,1.109,0.772,0.994,15.6,217.0,recomputed
2026-08-12T05:30:00Z,2026-08-12T00:00:00Z,2026-08-16T21:00:00Z,117,spectrum,coronado_center,0.752,5m,5.0,0.752,0.792,0.994,15.6,228.0,recomputed
2026-08-12T05:30:00Z,2026-08-12T00:00:00Z,2026-08-16T21:00:00Z,117,spectrum,coronado_south,0.45,5m,5.0,0.45,0.795,0.994,11.9,226.0,recomputed
2026-08-12T05:30:00Z,2026-08-12T00:00:00Z,2026-08-17T00:00:00Z,120,spectrum,buoy,1.015,buoy,,,,1.015,14.5,208.0,recomputed
2026-08-12T05:30:00Z,2026-08-12T00:00:00Z,2026-08-17T00:00:00Z,120,spectrum,coronado_north,1.096,5m,5.0,1.096,0.767,1.015,15.6,217.0,recomputed
2026-08-12T05:30:00Z,2026-08-12T00:00:00Z,2026-08-17T00:00:00Z,120,spectrum,coronado_center,0.754,5m,5.0,0.754,0.79,1.015,14.5,229.0,recomputed
2026-08-12T05:30:00Z,2026-08-12T00:00:00Z,2026-08-17T00:00:00Z,120,spectrum,coronado_south,0.465,5m,5.0,0.465,0.798,1.015,11.9,227.0,recomputed
2026-08-12T05:30:00Z,2026-08-12T00:00:00Z,2026-08-17T03:00:00Z,123,spectrum,buoy,1.043,buoy,,,,1.043,14.5,208.0,recomputed
2026-08-12T05:30:00Z,2026-08-12T00:00:00Z,2026-08-17T03:00:00Z,123,spectrum,coronado_north,1.078,5m,5.0,1.078,0.758,1.043,14.5,217.0,recomputed
2026-08-12T05:30:00Z,2026-08-12T00:00:00Z,2026-08-17T03:00:00Z,123,spectrum,coronado_center,0.752,5m,5.0,0.752,0.784,1.043,14.5,229.0,recomputed
2026-08-12T05:30:00Z,2026-08-12T00:00:00Z,2026-08-17T03:00:00Z,123,spectrum,coronado_south,0.477,5m,5.0,0.477,0.796,1.043,11.9,228.0,recomputed
2026-08-12T05:30:00Z,2026-08-12T00:00:00Z,2026-08-17T06:00:00Z,126,spectrum,buoy,1.054,buoy,,,,1.054,14.5,208.0,recomputed
2026-08-12T05:30:00Z,2026-08-12T00:00:00Z,2026-08-17T06:00:00Z,126,spectrum,coronado_north,1.055,5m,5.0,1.055,0.744,1.054,14.5,217.0,recomputed
2026-08-12T05:30:00Z,2026-08-12T00:00:00Z,2026-08-17T06:00:00Z,126,spectrum,coronado_center,0.744,5m,5.0,0.744,0.771,1.054,14.5,229.0,recomputed
2026-08-12T05:30:00Z,2026-08-12T00:00:00Z,2026-08-17T06:00:00Z,126,spectrum,coronado_south,0.466,5m,5.0,0.466,0.787,1.054,11.9,229.0,recomputed
2026-08-12T05:30:00Z,2026-08-12T00:00:00Z,2026-08-17T09:00:00Z,129,spectrum,buoy,1.033,buoy,,,,1.033,14.5,208.0,recomputed
2026-08-12T05:30:00Z,2026-08-12T00:00:00Z,2026-08-17T09:00:00Z,129,spectrum,coronado_north,1.03,5m,5.0,1.03,0.729,1.033,14.5,217.0,recomputed
2026-08-12T05:30:00Z,2026-08-12T00:00:00Z,2026-08-17T09:00:00Z,129,spectrum,coronado_center,0.731,5m,5.0,0.731,0.755,1.033,14.5,229.0,recomputed
2026-08-12T05:30:00Z,2026-08-12T00:00:00Z,2026-08-17T09:00:00Z,129,spectrum,coronado_south,0.459,5m,5.0,0.459,0.77,1.033,11.1,229.0,recomputed
2026-08-12T05:30:00Z,2026-08-12T00:00:00Z,2026-08-17T12:00:00Z,132,spectrum,buoy,0.998,buoy,,,,0.998,14.5,208.0,recomputed
2026-08-12T05:30:00Z,2026-08-12T00:00:00Z,2026-08-17T12:00:00Z,132,spectrum,coronado_north,1.008,5m,5.0,1.008,0.714,0.998,14.5,217.0,recomputed
2026-08-12T05:30:00Z,2026-08-12T00:00:00Z,2026-08-17T12:00:00Z,132,spectrum,coronado_center,0.714,5m,5.0,0.714,0.738,0.998,14.5,229.0,recomputed
2026-08-12T05:30:00Z,2026-08-12T00:00:00Z,2026-08-17T12:00:00Z,132,spectrum,coronado_south,0.448,5m,5.0,0.448,0.751,0.998,11.1,230.0,recomputed
2026-08-12T05:30:00Z,2026-08-12T00:00:00Z,2026-08-17T15:00:00Z,135,spectrum,buoy,0.969,buoy,,,,0.969,14.5,208.0,recomputed
2026-08-12T05:30:00Z,2026-08-12T00:00:00Z,2026-08-17T15:00:00Z,135,spectrum,coronado_north,0.99,5m,5.0,0.99,0.701,0.969,14.5,217.0,recomputed
2026-08-12T05:30:00Z,2026-08-12T00:00:00Z,2026-08-17T15:00:00Z,135,spectrum,coronado_center,0.698,5m,5.0,0.698,0.724,0.969,14.5,230.0,recomputed
2026-08-12T05:30:00Z,2026-08-12T00:00:00Z,2026-08-17T15:00:00Z,135,spectrum,coronado_south,0.436,5m,5.0,0.436,0.734,0.969,10.4,230.0,recomputed
2026-08-12T05:30:00Z,2026-08-12T00:00:00Z,2026-08-17T18:00:00Z,138,spectrum,buoy,0.947,buoy,,,,0.947,14.5,207.0,recomputed
2026-08-12T05:30:00Z,2026-08-12T00:00:00Z,2026-08-17T18:00:00Z,138,spectrum,coronado_north,0.972,5m,5.0,0.972,0.69,0.947,14.5,217.0,recomputed
2026-08-12T05:30:00Z,2026-08-12T00:00:00Z,2026-08-17T18:00:00Z,138,spectrum,coronado_center,0.683,5m,5.0,0.683,0.712,0.947,14.5,229.0,recomputed
2026-08-12T05:30:00Z,2026-08-12T00:00:00Z,2026-08-17T18:00:00Z,138,spectrum,coronado_south,0.427,5m,5.0,0.427,0.721,0.947,10.4,230.0,recomputed
2026-08-12T05:30:00Z,2026-08-12T00:00:00Z,2026-08-17T21:00:00Z,141,spectrum,buoy,0.981,buoy,,,,0.981,14.5,207.0,recomputed
2026-08-12T05:30:00Z,2026-08-12T00:00:00Z,2026-08-17T21:00:00Z,141,spectrum,coronado_north,0.953,5m,5.0,0.953,0.678,0.981,14.5,217.0,recomputed
2026-08-12T05:30:00Z,2026-08-12T00:00:00Z,2026-08-17T21:00:00Z,141,spectrum,coronado_center,0.67,5m,5.0,0.67,0.702,0.981,14.5,229.0,recomputed
2026-08-12T05:30:00Z,2026-08-12T00:00:00Z,2026-08-17T21:00:00Z,141,spectrum,coronado_south,0.462,5m,5.0,0.462,0.713,0.981,9.7,231.0,recomputed
2026-08-12T05:30:00Z,2026-08-12T00:00:00Z,2026-08-18T00:00:00Z,144,spectrum,buoy,1.085,buoy,,,,1.085,14.5,207.0,recomputed
2026-08-12T05:30:00Z,2026-08-12T00:00:00Z,2026-08-18T00:00:00Z,144,spectrum,coronado_north,0.939,5m,5.0,0.939,0.672,1.085,14.5,217.0,recomputed
2026-08-12T05:30:00Z,2026-08-12T00:00:00Z,2026-08-18T00:00:00Z,144,spectrum,coronado_center,0.673,5m,5.0,0.673,0.702,1.085,14.5,229.0,recomputed
2026-08-12T05:30:00Z,2026-08-12T00:00:00Z,2026-08-18T00:00:00Z,144,spectrum,coronado_south,0.469,5m,5.0,0.469,0.729,1.085,4.6,254.0,recomputed
2026-08-12T05:30:00Z,2026-08-12T00:00:00Z,2026-08-18T03:00:00Z,147,spectrum,buoy,1.159,buoy,,,,1.159,4.9,285.0,recomputed
2026-08-12T05:30:00Z,2026-08-12T00:00:00Z,2026-08-18T03:00:00Z,147,spectrum,coronado_north,0.927,5m,5.0,0.927,0.663,1.159,13.6,218.0,recomputed
2026-08-12T05:30:00Z,2026-08-12T00:00:00Z,2026-08-18T03:00:00Z,147,spectrum,coronado_center,0.676,5m,5.0,0.676,0.697,1.159,14.5,230.0,recomputed
2026-08-12T05:30:00Z,2026-08-12T00:00:00Z,2026-08-18T03:00:00Z,147,spectrum,coronado_south,0.501,5m,5.0,0.501,0.737,1.159,4.9,255.0,recomputed
2026-08-12T05:30:00Z,2026-08-12T00:00:00Z,2026-08-18T06:00:00Z,150,spectrum,buoy,1.168,buoy,,,,1.168,5.3,286.0,recomputed
2026-08-12T05:30:00Z,2026-08-12T00:00:00Z,2026-08-18T06:00:00Z,150,spectrum,coronado_north,0.916,5m,5.0,0.916,0.652,1.168,13.6,217.0,recomputed
2026-08-12T05:30:00Z,2026-08-12T00:00:00Z,2026-08-18T06:00:00Z,150,spectrum,coronado_center,0.669,5m,5.0,0.669,0.685,1.168,13.6,230.0,recomputed
2026-08-12T05:30:00Z,2026-08-12T00:00:00Z,2026-08-18T06:00:00Z,150,spectrum,coronado_south,0.509,5m,5.0,0.509,0.725,1.168,5.3,257.0,recomputed
2026-08-12T05:30:00Z,2026-08-12T00:00:00Z,2026-08-18T09:00:00Z,153,spectrum,buoy,1.117,buoy,,,,1.117,5.3,287.0,recomputed
2026-08-12T05:30:00Z,2026-08-12T00:00:00Z,2026-08-18T09:00:00Z,153,spectrum,coronado_north,0.906,5m,5.0,0.906,0.644,1.117,13.6,217.0,recomputed
2026-08-12T05:30:00Z,2026-08-12T00:00:00Z,2026-08-18T09:00:00Z,153,spectrum,coronado_center,0.654,5m,5.0,0.654,0.673,1.117,13.6,228.0,recomputed
2026-08-12T05:30:00Z,2026-08-12T00:00:00Z,2026-08-18T09:00:00Z,153,spectrum,coronado_south,0.495,5m,5.0,0.495,0.705,1.117,6.5,258.0,recomputed
2026-08-12T05:30:00Z,2026-08-12T00:00:00Z,2026-08-18T12:00:00Z,156,spectrum,buoy,1.069,buoy,,,,1.069,13.6,208.0,recomputed
2026-08-12T05:30:00Z,2026-08-12T00:00:00Z,2026-08-18T12:00:00Z,156,spectrum,coronado_north,0.898,5m,5.0,0.898,0.638,1.069,13.6,216.0,recomputed
2026-08-12T05:30:00Z,2026-08-12T00:00:00Z,2026-08-18T12:00:00Z,156,spectrum,coronado_center,0.637,5m,5.0,0.637,0.664,1.069,13.6,232.0,recomputed
2026-08-12T05:30:00Z,2026-08-12T00:00:00Z,2026-08-18T12:00:00Z,156,spectrum,coronado_south,0.476,5m,5.0,0.476,0.69,1.069,6.5,257.0,recomputed
2026-08-12T05:30:00Z,2026-08-12T00:00:00Z,2026-08-18T15:00:00Z,159,spectrum,buoy,1.06,buoy,,,,1.06,13.6,208.0,recomputed
2026-08-12T05:30:00Z,2026-08-12T00:00:00Z,2026-08-18T15:00:00Z,159,spectrum,coronado_north,0.889,5m,5.0,0.889,0.633,1.06,13.6,216.0,recomputed
2026-08-12T05:30:00Z,2026-08-12T00:00:00Z,2026-08-18T15:00:00Z,159,spectrum,coronado_center,0.628,5m,5.0,0.628,0.659,1.06,13.6,232.0,recomputed
2026-08-12T05:30:00Z,2026-08-12T00:00:00Z,2026-08-18T15:00:00Z,159,spectrum,coronado_south,0.478,5m,5.0,0.478,0.685,1.06,5.6,257.0,recomputed
2026-08-12T05:30:00Z,2026-08-12T00:00:00Z,2026-08-18T18:00:00Z,162,spectrum,buoy,1.066,buoy,,,,1.066,13.6,208.0,recomputed
2026-08-12T05:30:00Z,2026-08-12T00:00:00Z,2026-08-18T18:00:00Z,162,spectrum,coronado_north,0.884,5m,5.0,0.884,0.63,1.066,13.6,216.0,recomputed
2026-08-12T05:30:00Z,2026-08-12T00:00:00Z,2026-08-18T18:00:00Z,162,spectrum,coronado_center,0.633,5m,5.0,0.633,0.657,1.066,13.6,232.0,recomputed
2026-08-12T05:30:00Z,2026-08-12T00:00:00Z,2026-08-18T18:00:00Z,162,spectrum,coronado_south,0.505,5m,5.0,0.505,0.684,1.066,6.5,245.0,recomputed
2026-08-12T05:30:00Z,2026-08-12T00:00:00Z,2026-08-18T21:00:00Z,165,spectrum,buoy,1.056,buoy,,,,1.056,13.6,208.0,recomputed
2026-08-12T05:30:00Z,2026-08-12T00:00:00Z,2026-08-18T21:00:00Z,165,spectrum,coronado_north,0.884,5m,5.0,0.884,0.632,1.056,13.6,216.0,recomputed
2026-08-12T05:30:00Z,2026-08-12T00:00:00Z,2026-08-18T21:00:00Z,165,spectrum,coronado_center,0.635,5m,5.0,0.635,0.659,1.056,13.6,232.0,recomputed
2026-08-12T05:30:00Z,2026-08-12T00:00:00Z,2026-08-18T21:00:00Z,165,spectrum,coronado_south,0.51,5m,5.0,0.51,0.687,1.056,6.9,245.0,recomputed
2026-08-12T05:30:00Z,2026-08-12T00:00:00Z,2026-08-19T00:00:00Z,168,spectrum,buoy,1.055,buoy,,,,1.055,13.6,208.0,recomputed
2026-08-12T05:30:00Z,2026-08-12T00:00:00Z,2026-08-19T00:00:00Z,168,spectrum,coronado_north,0.887,5m,5.0,0.887,0.637,1.055,13.6,216.0,recomputed
2026-08-12T05:30:00Z,2026-08-12T00:00:00Z,2026-08-19T00:00:00Z,168,spectrum,coronado_center,0.64,5m,5.0,0.64,0.666,1.055,13.6,232.0,recomputed
2026-08-12T05:30:00Z,2026-08-12T00:00:00Z,2026-08-19T00:00:00Z,168,spectrum,coronado_south,0.52,5m,5.0,0.52,0.696,1.055,5.6,244.0,recomputed
2026-08-13T05:30:00Z,2026-08-13T00:00:00Z,2026-08-13T00:00:00Z,0,spectrum,buoy,0.697,buoy,,,,0.697,16.6,212.0,recomputed
2026-08-13T05:30:00Z,2026-08-13T00:00:00Z,2026-08-13T00:00:00Z,0,spectrum,coronado_north,0.728,5m,5.0,0.728,0.549,0.697,16.6,219.0,recomputed
2026-08-13T05:30:00Z,2026-08-13T00:00:00Z,2026-08-13T00:00:00Z,0,spectrum,coronado_center,0.57,5m,5.0,0.57,0.565,0.697,16.6,226.0,recomputed
2026-08-13T05:30:00Z,2026-08-13T00:00:00Z,2026-08-13T00:00:00Z,0,spectrum,coronado_south,0.387,5m,5.0,0.387,0.569,0.697,11.9,210.0,recomputed
2026-08-13T05:30:00Z,2026-08-13T00:00:00Z,2026-08-13T03:00:00Z,3,spectrum,buoy,0.703,buoy,,,,0.703,16.6,211.0,recomputed
2026-08-13T05:30:00Z,2026-08-13T00:00:00Z,2026-08-13T03:00:00Z,3,spectrum,coronado_north,0.733,5m,5.0,0.733,0.553,0.703,16.6,218.0,recomputed
2026-08-13T05:30:00Z,2026-08-13T00:00:00Z,2026-08-13T03:00:00Z,3,spectrum,coronado_center,0.559,5m,5.0,0.559,0.57,0.703,16.6,226.0,recomputed
2026-08-13T05:30:00Z,2026-08-13T00:00:00Z,2026-08-13T03:00:00Z,3,spectrum,coronado_south,0.376,5m,5.0,0.376,0.576,0.703,11.9,210.0,recomputed
2026-08-13T05:30:00Z,2026-08-13T00:00:00Z,2026-08-13T06:00:00Z,6,spectrum,buoy,0.701,buoy,,,,0.701,15.6,212.0,recomputed
2026-08-13T05:30:00Z,2026-08-13T00:00:00Z,2026-08-13T06:00:00Z,6,spectrum,coronado_north,0.741,5m,5.0,0.741,0.559,0.701,15.6,218.0,recomputed
2026-08-13T05:30:00Z,2026-08-13T00:00:00Z,2026-08-13T06:00:00Z,6,spectrum,coronado_center,0.553,5m,5.0,0.553,0.576,0.701,16.6,226.0,recomputed
2026-08-13T05:30:00Z,2026-08-13T00:00:00Z,2026-08-13T06:00:00Z,6,spectrum,coronado_south,0.365,5m,5.0,0.365,0.58,0.701,11.9,210.0,recomputed
2026-08-13T05:30:00Z,2026-08-13T00:00:00Z,2026-08-13T09:00:00Z,9,spectrum,buoy,0.694,buoy,,,,0.694,15.6,211.0,recomputed
2026-08-13T05:30:00Z,2026-08-13T00:00:00Z,2026-08-13T09:00:00Z,9,spectrum,coronado_north,0.75,5m,5.0,0.75,0.564,0.694,15.6,219.0,recomputed
2026-08-13T05:30:00Z,2026-08-13T00:00:00Z,2026-08-13T09:00:00Z,9,spectrum,coronado_center,0.551,5m,5.0,0.551,0.579,0.694,15.6,226.0,recomputed
2026-08-13T05:30:00Z,2026-08-13T00:00:00Z,2026-08-13T09:00:00Z,9,spectrum,coronado_south,0.352,5m,5.0,0.352,0.582,0.694,11.9,209.0,recomputed
2026-08-13T05:30:00Z,2026-08-13T00:00:00Z,2026-08-13T12:00:00Z,12,spectrum,buoy,0.691,buoy,,,,0.691,15.6,211.0,recomputed
2026-08-13T05:30:00Z,2026-08-13T00:00:00Z,2026-08-13T12:00:00Z,12,spectrum,coronado_north,0.763,5m,5.0,0.763,0.57,0.691,15.6,219.0,recomputed
2026-08-13T05:30:00Z,2026-08-13T00:00:00Z,2026-08-13T12:00:00Z,12,spectrum,coronado_center,0.559,5m,5.0,0.559,0.585,0.691,15.6,227.0,recomputed
2026-08-13T05:30:00Z,2026-08-13T00:00:00Z,2026-08-13T12:00:00Z,12,spectrum,coronado_south,0.35,5m,5.0,0.35,0.586,0.691,11.9,209.0,recomputed
2026-08-13T05:30:00Z,2026-08-13T00:00:00Z,2026-08-13T15:00:00Z,15,spectrum,buoy,0.689,buoy,,,,0.689,15.6,211.0,recomputed
2026-08-13T05:30:00Z,2026-08-13T00:00:00Z,2026-08-13T15:00:00Z,15,spectrum,coronado_north,0.765,5m,5.0,0.765,0.574,0.689,15.6,219.0,recomputed
2026-08-13T05:30:00Z,2026-08-13T00:00:00Z,2026-08-13T15:00:00Z,15,spectrum,coronado_center,0.56,5m,5.0,0.56,0.588,0.689,15.6,227.0,recomputed
2026-08-13T05:30:00Z,2026-08-13T00:00:00Z,2026-08-13T15:00:00Z,15,spectrum,coronado_south,0.341,5m,5.0,0.341,0.588,0.689,12.7,209.0,recomputed
2026-08-13T05:30:00Z,2026-08-13T00:00:00Z,2026-08-13T18:00:00Z,18,spectrum,buoy,0.688,buoy,,,,0.688,15.6,211.0,recomputed
2026-08-13T05:30:00Z,2026-08-13T00:00:00Z,2026-08-13T18:00:00Z,18,spectrum,coronado_north,0.764,5m,5.0,0.764,0.579,0.688,15.6,219.0,recomputed
2026-08-13T05:30:00Z,2026-08-13T00:00:00Z,2026-08-13T18:00:00Z,18,spectrum,coronado_center,0.565,5m,5.0,0.565,0.593,0.688,15.6,227.0,recomputed
2026-08-13T05:30:00Z,2026-08-13T00:00:00Z,2026-08-13T18:00:00Z,18,spectrum,coronado_south,0.341,5m,5.0,0.341,0.592,0.688,11.9,208.0,recomputed
2026-08-13T05:30:00Z,2026-08-13T00:00:00Z,2026-08-13T21:00:00Z,21,spectrum,buoy,0.694,buoy,,,,0.694,15.6,211.0,recomputed
2026-08-13T05:30:00Z,2026-08-13T00:00:00Z,2026-08-13T21:00:00Z,21,spectrum,coronado_north,0.783,5m,5.0,0.783,0.589,0.694,15.6,219.0,recomputed
2026-08-13T05:30:00Z,2026-08-13T00:00:00Z,2026-08-13T21:00:00Z,21,spectrum,coronado_center,0.574,5m,5.0,0.574,0.603,0.694,15.6,227.0,recomputed
2026-08-13T05:30:00Z,2026-08-13T00:00:00Z,2026-08-13T21:00:00Z,21,spectrum,coronado_south,0.342,5m,5.0,0.342,0.601,0.694,11.9,208.0,recomputed
2026-08-13T05:30:00Z,2026-08-13T00:00:00Z,2026-08-14T00:00:00Z,24,spectrum,buoy,0.71,buoy,,,,0.71,15.6,212.0,recomputed
2026-08-13T05:30:00Z,2026-08-13T00:00:00Z,2026-08-14T00:00:00Z,24,spectrum,coronado_north,0.8,5m,5.0,0.8,0.603,0.71,15.6,218.0,recomputed
2026-08-13T05:30:00Z,2026-08-13T00:00:00Z,2026-08-14T00:00:00Z,24,spectrum,coronado_center,0.591,5m,5.0,0.591,0.617,0.71,15.6,227.0,recomputed
2026-08-13T05:30:00Z,2026-08-13T00:00:00Z,2026-08-14T00:00:00Z,24,spectrum,coronado_south,0.371,5m,5.0,0.371,0.615,0.71,11.9,207.0,recomputed
2026-08-13T05:30:00Z,2026-08-13T00:00:00Z,2026-08-14T03:00:00Z,27,spectrum,buoy,0.712,buoy,,,,0.712,14.5,208.0,recomputed
2026-08-13T05:30:00Z,2026-08-13T00:00:00Z,2026-08-14T03:00:00Z,27,spectrum,coronado_north,0.802,5m,5.0,0.802,0.608,0.712,15.6,218.0,recomputed
2026-08-13T05:30:00Z,2026-08-13T00:00:00Z,2026-08-14T03:00:00Z,27,spectrum,coronado_center,0.579,5m,5.0,0.579,0.622,0.712,15.6,226.0,recomputed
2026-08-13T05:30:00Z,2026-08-13T00:00:00Z,2026-08-14T03:00:00Z,27,spectrum,coronado_south,0.355,5m,5.0,0.355,0.618,0.712,11.9,207.0,recomputed
2026-08-13T05:30:00Z,2026-08-13T00:00:00Z,2026-08-14T06:00:00Z,30,spectrum,buoy,0.711,buoy,,,,0.711,14.5,208.0,recomputed
2026-08-13T05:30:00Z,2026-08-13T00:00:00Z,2026-08-14T06:00:00Z,30,spectrum,coronado_north,0.81,5m,5.0,0.81,0.611,0.711,15.6,218.0,recomputed
2026-08-13T05:30:00Z,2026-08-13T00:00:00Z,2026-08-14T06:00:00Z,30,spectrum,coronado_center,0.58,5m,5.0,0.58,0.623,0.711,15.6,226.0,recomputed
2026-08-13T05:30:00Z,2026-08-13T00:00:00Z,2026-08-14T06:00:00Z,30,spectrum,coronado_south,0.355,5m,5.0,0.355,0.619,0.711,11.9,206.0,recomputed
2026-08-13T05:30:00Z,2026-08-13T00:00:00Z,2026-08-14T09:00:00Z,33,spectrum,buoy,0.716,buoy,,,,0.716,15.6,213.0,recomputed
2026-08-13T05:30:00Z,2026-08-13T00:00:00Z,2026-08-14T09:00:00Z,33,spectrum,coronado_north,0.829,5m,5.0,0.829,0.618,0.716,15.6,218.0,recomputed
2026-08-13T05:30:00Z,2026-08-13T00:00:00Z,2026-08-14T09:00:00Z,33,spectrum,coronado_center,0.584,5m,5.0,0.584,0.63,0.716,15.6,226.0,recomputed
2026-08-13T05:30:00Z,2026-08-13T00:00:00Z,2026-08-14T09:00:00Z,33,spectrum,coronado_south,0.349,5m,5.0,0.349,0.625,0.716,11.9,206.0,recomputed
2026-08-13T05:30:00Z,2026-08-13T00:00:00Z,2026-08-14T12:00:00Z,36,spectrum,buoy,0.726,buoy,,,,0.726,15.6,214.0,recomputed
2026-08-13T05:30:00Z,2026-08-13T00:00:00Z,2026-08-14T12:00:00Z,36,spectrum,coronado_north,0.856,5m,5.0,0.856,0.63,0.726,15.6,218.0,recomputed
2026-08-13T05:30:00Z,2026-08-13T00:00:00Z,2026-08-14T12:00:00Z,36,spectrum,coronado_center,0.598,5m,5.0,0.598,0.641,0.726,15.6,228.0,recomputed
2026-08-13T05:30:00Z,2026-08-13T00:00:00Z,2026-08-14T12:00:00Z,36,spectrum,coronado_south,0.346,5m,5.0,0.346,0.635,0.726,11.9,206.0,recomputed
2026-08-13T05:30:00Z,2026-08-13T00:00:00Z,2026-08-14T15:00:00Z,39,spectrum,buoy,0.742,buoy,,,,0.742,15.6,213.0,recomputed
2026-08-13T05:30:00Z,2026-08-13T00:00:00Z,2026-08-14T15:00:00Z,39,spectrum,coronado_north,0.889,5m,5.0,0.889,0.647,0.742,15.6,218.0,recomputed
2026-08-13T05:30:00Z,2026-08-13T00:00:00Z,2026-08-14T15:00:00Z,39,spectrum,coronado_center,0.616,5m,5.0,0.616,0.658,0.742,15.6,228.0,recomputed
2026-08-13T05:30:00Z,2026-08-13T00:00:00Z,2026-08-14T15:00:00Z,39,spectrum,coronado_south,0.351,5m,5.0,0.351,0.651,0.742,11.9,206.0,recomputed
2026-08-13T05:30:00Z,2026-08-13T00:00:00Z,2026-08-14T18:00:00Z,42,spectrum,buoy,0.761,buoy,,,,0.761,15.6,213.0,recomputed
2026-08-13T05:30:00Z,2026-08-13T00:00:00Z,2026-08-14T18:00:00Z,42,spectrum,coronado_north,0.923,5m,5.0,0.923,0.667,0.761,15.6,218.0,recomputed
2026-08-13T05:30:00Z,2026-08-13T00:00:00Z,2026-08-14T18:00:00Z,42,spectrum,coronado_center,0.637,5m,5.0,0.637,0.677,0.761,15.6,228.0,recomputed
2026-08-13T05:30:00Z,2026-08-13T00:00:00Z,2026-08-14T18:00:00Z,42,spectrum,coronado_south,0.363,5m,5.0,0.363,0.669,0.761,11.9,210.0,recomputed
2026-08-13T05:30:00Z,2026-08-13T00:00:00Z,2026-08-14T21:00:00Z,45,spectrum,buoy,0.785,buoy,,,,0.785,14.5,211.0,recomputed
2026-08-13T05:30:00Z,2026-08-13T00:00:00Z,2026-08-14T21:00:00Z,45,spectrum,coronado_north,0.944,5m,5.0,0.944,0.682,0.785,14.5,217.0,recomputed
2026-08-13T05:30:00Z,2026-08-13T00:00:00Z,2026-08-14T21:00:00Z,45,spectrum,coronado_center,0.654,5m,5.0,0.654,0.693,0.785,14.5,228.0,recomputed
2026-08-13T05:30:00Z,2026-08-13T00:00:00Z,2026-08-14T21:00:00Z,45,spectrum,coronado_south,0.376,5m,5.0,0.376,0.685,0.785,11.9,210.0,recomputed
2026-08-13T05:30:00Z,2026-08-13T00:00:00Z,2026-08-15T00:00:00Z,48,spectrum,buoy,0.813,buoy,,,,0.813,14.5,212.0,recomputed
2026-08-13T05:30:00Z,2026-08-13T00:00:00Z,2026-08-15T00:00:00Z,48,spectrum,coronado_north,0.966,5m,5.0,0.966,0.697,0.813,14.5,217.0,recomputed
2026-08-13T05:30:00Z,2026-08-13T00:00:00Z,2026-08-15T00:00:00Z,48,spectrum,coronado_center,0.678,5m,5.0,0.678,0.709,0.813,14.5,226.0,recomputed
2026-08-13T05:30:00Z,2026-08-13T00:00:00Z,2026-08-15T00:00:00Z,48,spectrum,coronado_south,0.394,5m,5.0,0.394,0.703,0.813,11.9,207.0,recomputed
2026-08-13T05:30:00Z,2026-08-13T00:00:00Z,2026-08-15T03:00:00Z,51,spectrum,buoy,0.842,buoy,,,,0.842,14.5,213.0,recomputed
2026-08-13T05:30:00Z,2026-08-13T00:00:00Z,2026-08-15T03:00:00Z,51,spectrum,coronado_north,0.991,5m,5.0,0.991,0.715,0.842,14.5,217.0,recomputed
2026-08-13T05:30:00Z,2026-08-13T00:00:00Z,2026-08-15T03:00:00Z,51,spectrum,coronado_center,0.699,5m,5.0,0.699,0.728,0.842,14.5,227.0,recomputed
2026-08-13T05:30:00Z,2026-08-13T00:00:00Z,2026-08-15T03:00:00Z,51,spectrum,coronado_south,0.393,5m,5.0,0.393,0.724,0.842,11.9,207.0,recomputed
2026-08-13T05:30:00Z,2026-08-13T00:00:00Z,2026-08-15T06:00:00Z,54,spectrum,buoy,0.886,buoy,,,,0.886,14.5,213.0,recomputed
2026-08-13T05:30:00Z,2026-08-13T00:00:00Z,2026-08-15T06:00:00Z,54,spectrum,coronado_north,1.026,5m,5.0,1.026,0.737,0.886,14.5,218.0,recomputed
2026-08-13T05:30:00Z,2026-08-13T00:00:00Z,2026-08-15T06:00:00Z,54,spectrum,coronado_center,0.727,5m,5.0,0.727,0.752,0.886,14.5,227.0,recomputed
2026-08-13T05:30:00Z,2026-08-13T00:00:00Z,2026-08-15T06:00:00Z,54,spectrum,coronado_south,0.411,5m,5.0,0.411,0.751,0.886,14.5,212.0,recomputed
2026-08-13T05:30:00Z,2026-08-13T00:00:00Z,2026-08-15T09:00:00Z,57,spectrum,buoy,0.911,buoy,,,,0.911,14.5,213.0,recomputed
2026-08-13T05:30:00Z,2026-08-13T00:00:00Z,2026-08-15T09:00:00Z,57,spectrum,coronado_north,1.05,5m,5.0,1.05,0.752,0.911,14.5,218.0,recomputed
2026-08-13T05:30:00Z,2026-08-13T00:00:00Z,2026-08-15T09:00:00Z,57,spectrum,coronado_center,0.739,5m,5.0,0.739,0.768,0.911,14.5,227.0,recomputed
2026-08-13T05:30:00Z,2026-08-13T00:00:00Z,2026-08-15T09:00:00Z,57,spectrum,coronado_south,0.421,5m,5.0,0.421,0.768,0.911,14.5,212.0,recomputed
2026-08-13T05:30:00Z,2026-08-13T00:00:00Z,2026-08-15T12:00:00Z,60,spectrum,buoy,0.921,buoy,,,,0.921,16.6,207.0,recomputed
2026-08-13T05:30:00Z,2026-08-13T00:00:00Z,2026-08-15T12:00:00Z,60,spectrum,coronado_north,1.069,5m,5.0,1.069,0.761,0.921,14.5,217.0,recomputed
2026-08-13T05:30:00Z,2026-08-13T00:00:00Z,2026-08-15T12:00:00Z,60,spectrum,coronado_center,0.744,5m,5.0,0.744,0.777,0.921,14.5,227.0,recomputed
2026-08-13T05:30:00Z,2026-08-13T00:00:00Z,2026-08-15T12:00:00Z,60,spectrum,coronado_south,0.42,5m,5.0,0.42,0.776,0.921,14.5,212.0,recomputed
2026-08-13T05:30:00Z,2026-08-13T00:00:00Z,2026-08-15T15:00:00Z,63,spectrum,buoy,0.923,buoy,,,,0.923,16.6,207.0,recomputed
2026-08-13T05:30:00Z,2026-08-13T00:00:00Z,2026-08-15T15:00:00Z,63,spectrum,coronado_north,1.081,5m,5.0,1.081,0.764,0.923,16.6,215.0,recomputed
2026-08-13T05:30:00Z,2026-08-13T00:00:00Z,2026-08-15T15:00:00Z,63,spectrum,coronado_center,0.742,5m,5.0,0.742,0.779,0.923,14.5,227.0,recomputed
2026-08-13T05:30:00Z,2026-08-13T00:00:00Z,2026-08-15T15:00:00Z,63,spectrum,coronado_south,0.415,5m,5.0,0.415,0.777,0.923,14.5,211.0,recomputed
2026-08-13T05:30:00Z,2026-08-13T00:00:00Z,2026-08-15T18:00:00Z,66,spectrum,buoy,0.926,buoy,,,,0.926,16.6,206.0,recomputed
2026-08-13T05:30:00Z,2026-08-13T00:00:00Z,2026-08-15T18:00:00Z,66,spectrum,coronado_north,1.091,5m,5.0,1.091,0.766,0.926,16.6,215.0,recomputed
2026-08-13T05:30:00Z,2026-08-13T00:00:00Z,2026-08-15T18:00:00Z,66,spectrum,coronado_center,0.736,5m,5.0,0.736,0.779,0.926,16.6,225.0,recomputed
2026-08-13T05:30:00Z,2026-08-13T00:00:00Z,2026-08-15T18:00:00Z,66,spectrum,coronado_south,0.41,5m,5.0,0.41,0.776,0.926,16.6,209.0,recomputed
2026-08-13T05:30:00Z,2026-08-13T00:00:00Z,2026-08-15T21:00:00Z,69,spectrum,buoy,0.933,buoy,,,,0.933,16.6,206.0,recomputed
2026-08-13T05:30:00Z,2026-08-13T00:00:00Z,2026-08-15T21:00:00Z,69,spectrum,coronado_north,1.09,5m,5.0,1.09,0.763,0.933,16.6,215.0,recomputed
2026-08-13T05:30:00Z,2026-08-13T00:00:00Z,2026-08-15T21:00:00Z,69,spectrum,coronado_center,0.728,5m,5.0,0.728,0.777,0.933,16.6,225.0,recomputed
2026-08-13T05:30:00Z,2026-08-13T00:00:00Z,2026-08-15T21:00:00Z,69,spectrum,coronado_south,0.427,5m,5.0,0.427,0.774,0.933,16.6,209.0,recomputed
2026-08-13T05:30:00Z,2026-08-13T00:00:00Z,2026-08-16T00:00:00Z,72,spectrum,buoy,0.951,buoy,,,,0.951,15.6,205.0,recomputed
2026-08-13T05:30:00Z,2026-08-13T00:00:00Z,2026-08-16T00:00:00Z,72,spectrum,coronado_north,1.091,5m,5.0,1.091,0.764,0.951,15.6,215.0,recomputed
2026-08-13T05:30:00Z,2026-08-13T00:00:00Z,2026-08-16T00:00:00Z,72,spectrum,coronado_center,0.723,5m,5.0,0.723,0.78,0.951,16.6,222.0,recomputed
2026-08-13T05:30:00Z,2026-08-13T00:00:00Z,2026-08-16T00:00:00Z,72,spectrum,coronado_south,0.439,5m,5.0,0.439,0.78,0.951,16.6,210.0,recomputed
2026-08-13T05:30:00Z,2026-08-13T00:00:00Z,2026-08-16T03:00:00Z,75,spectrum,buoy,1.002,buoy,,,,1.002,15.6,206.0,recomputed
2026-08-13T05:30:00Z,2026-08-13T00:00:00Z,2026-08-16T03:00:00Z,75,spectrum,coronado_north,1.097,5m,5.0,1.097,0.769,1.002,15.6,215.0,recomputed
2026-08-13T05:30:00Z,2026-08-13T00:00:00Z,2026-08-16T03:00:00Z,75,spectrum,coronado_center,0.722,5m,5.0,0.722,0.79,1.002,16.6,225.0,recomputed
2026-08-13T05:30:00Z,2026-08-13T00:00:00Z,2026-08-16T03:00:00Z,75,spectrum,coronado_south,0.443,5m,5.0,0.443,0.798,1.002,16.6,210.0,recomputed
2026-08-13T05:30:00Z,2026-08-13T00:00:00Z,2026-08-16T06:00:00Z,78,spectrum,buoy,1.027,buoy,,,,1.027,15.6,206.0,recomputed
2026-08-13T05:30:00Z,2026-08-13T00:00:00Z,2026-08-16T06:00:00Z,78,spectrum,coronado_north,1.099,5m,5.0,1.099,0.77,1.027,15.6,215.0,recomputed
2026-08-13T05:30:00Z,2026-08-13T00:00:00Z,2026-08-16T06:00:00Z,78,spectrum,coronado_center,0.724,5m,5.0,0.724,0.792,1.027,16.6,225.0,recomputed
2026-08-13T05:30:00Z,2026-08-13T00:00:00Z,2026-08-16T06:00:00Z,78,spectrum,coronado_south,0.453,5m,5.0,0.453,0.803,1.027,16.6,211.0,recomputed
2026-08-13T05:30:00Z,2026-08-13T00:00:00Z,2026-08-16T09:00:00Z,81,spectrum,buoy,1.019,buoy,,,,1.019,15.6,207.0,recomputed
2026-08-13T05:30:00Z,2026-08-13T00:00:00Z,2026-08-16T09:00:00Z,81,spectrum,coronado_north,1.096,5m,5.0,1.096,0.765,1.019,15.6,216.0,recomputed
2026-08-13T05:30:00Z,2026-08-13T00:00:00Z,2026-08-16T09:00:00Z,81,spectrum,coronado_center,0.717,5m,5.0,0.717,0.784,1.019,15.6,226.0,recomputed
2026-08-13T05:30:00Z,2026-08-13T00:00:00Z,2026-08-16T09:00:00Z,81,spectrum,coronado_south,0.442,5m,5.0,0.442,0.793,1.019,16.6,212.0,recomputed
2026-08-13T05:30:00Z,2026-08-13T00:00:00Z,2026-08-16T12:00:00Z,84,spectrum,buoy,0.999,buoy,,,,0.999,15.6,207.0,recomputed
2026-08-13T05:30:00Z,2026-08-13T00:00:00Z,2026-08-16T12:00:00Z,84,spectrum,coronado_north,1.086,5m,5.0,1.086,0.756,0.999,15.6,216.0,recomputed
2026-08-13T05:30:00Z,2026-08-13T00:00:00Z,2026-08-16T12:00:00Z,84,spectrum,coronado_center,0.706,5m,5.0,0.706,0.775,0.999,15.6,226.0,recomputed
2026-08-13T05:30:00Z,2026-08-13T00:00:00Z,2026-08-16T12:00:00Z,84,spectrum,coronado_south,0.429,5m,5.0,0.429,0.78,0.999,15.6,213.0,recomputed
2026-08-13T05:30:00Z,2026-08-13T00:00:00Z,2026-08-16T15:00:00Z,87,spectrum,buoy,0.978,buoy,,,,0.978,15.6,207.0,recomputed
2026-08-13T05:30:00Z,2026-08-13T00:00:00Z,2026-08-16T15:00:00Z,87,spectrum,coronado_north,1.075,5m,5.0,1.075,0.749,0.978,15.6,216.0,recomputed
2026-08-13T05:30:00Z,2026-08-13T00:00:00Z,2026-08-16T15:00:00Z,87,spectrum,coronado_center,0.697,5m,5.0,0.697,0.767,0.978,15.6,227.0,recomputed
2026-08-13T05:30:00Z,2026-08-13T00:00:00Z,2026-08-16T15:00:00Z,87,spectrum,coronado_south,0.422,5m,5.0,0.422,0.771,0.978,15.6,214.0,recomputed
2026-08-13T05:30:00Z,2026-08-13T00:00:00Z,2026-08-16T18:00:00Z,90,spectrum,buoy,0.961,buoy,,,,0.961,15.6,207.0,recomputed
2026-08-13T05:30:00Z,2026-08-13T00:00:00Z,2026-08-16T18:00:00Z,90,spectrum,coronado_north,1.062,5m,5.0,1.062,0.741,0.961,15.6,216.0,recomputed
2026-08-13T05:30:00Z,2026-08-13T00:00:00Z,2026-08-16T18:00:00Z,90,spectrum,coronado_center,0.686,5m,5.0,0.686,0.758,0.961,15.6,227.0,recomputed
2026-08-13T05:30:00Z,2026-08-13T00:00:00Z,2026-08-16T18:00:00Z,90,spectrum,coronado_south,0.434,5m,5.0,0.434,0.762,0.961,15.6,215.0,recomputed
2026-08-13T05:30:00Z,2026-08-13T00:00:00Z,2026-08-16T21:00:00Z,93,spectrum,buoy,1.015,buoy,,,,1.015,15.6,206.0,recomputed
2026-08-13T05:30:00Z,2026-08-13T00:00:00Z,2026-08-16T21:00:00Z,93,spectrum,coronado_north,1.05,5m,5.0,1.05,0.735,1.015,15.6,216.0,recomputed
2026-08-13T05:30:00Z,2026-08-13T00:00:00Z,2026-08-16T21:00:00Z,93,spectrum,coronado_center,0.683,5m,5.0,0.683,0.756,1.015,15.6,227.0,recomputed
2026-08-13T05:30:00Z,2026-08-13T00:00:00Z,2026-08-16T21:00:00Z,93,spectrum,coronado_south,0.45,5m,5.0,0.45,0.764,1.015,14.5,216.0,recomputed
2026-08-13T05:30:00Z,2026-08-13T00:00:00Z,2026-08-17T00:00:00Z,96,spectrum,buoy,1.053,buoy,,,,1.053,14.5,207.0,recomputed
2026-08-13T05:30:00Z,2026-08-13T00:00:00Z,2026-08-17T00:00:00Z,96,spectrum,coronado_north,1.036,5m,5.0,1.036,0.73,1.053,15.6,216.0,recomputed
2026-08-13T05:30:00Z,2026-08-13T00:00:00Z,2026-08-17T00:00:00Z,96,spectrum,coronado_center,0.686,5m,5.0,0.686,0.755,1.053,14.5,227.0,recomputed
2026-08-13T05:30:00Z,2026-08-13T00:00:00Z,2026-08-17T00:00:00Z,96,spectrum,coronado_south,0.452,5m,5.0,0.452,0.772,1.053,14.5,217.0,recomputed
2026-08-13T05:30:00Z,2026-08-13T00:00:00Z,2026-08-17T03:00:00Z,99,spectrum,buoy,1.082,buoy,,,,1.082,14.5,207.0,recomputed
2026-08-13T05:30:00Z,2026-08-13T00:00:00Z,2026-08-17T03:00:00Z,99,spectrum,coronado_north,1.014,5m,5.0,1.014,0.717,1.082,14.5,216.0,recomputed
2026-08-13T05:30:00Z,2026-08-13T00:00:00Z,2026-08-17T03:00:00Z,99,spectrum,coronado_center,0.682,5m,5.0,0.682,0.744,1.082,14.5,227.0,recomputed
2026-08-13T05:30:00Z,2026-08-13T00:00:00Z,2026-08-17T03:00:00Z,99,spectrum,coronado_south,0.46,5m,5.0,0.46,0.766,1.082,4.6,252.0,recomputed
2026-08-13T05:30:00Z,2026-08-13T00:00:00Z,2026-08-17T06:00:00Z,102,spectrum,buoy,1.084,buoy,,,,1.084,14.5,207.0,recomputed
2026-08-13T05:30:00Z,2026-08-13T00:00:00Z,2026-08-17T06:00:00Z,102,spectrum,coronado_north,0.989,5m,5.0,0.989,0.703,1.084,14.5,217.0,recomputed
2026-08-13T05:30:00Z,2026-08-13T00:00:00Z,2026-08-17T06:00:00Z,102,spectrum,coronado_center,0.677,5m,5.0,0.677,0.731,1.084,14.5,228.0,recomputed
2026-08-13T05:30:00Z,2026-08-13T00:00:00Z,2026-08-17T06:00:00Z,102,spectrum,coronado_south,0.47,5m,5.0,0.47,0.757,1.084,4.9,254.0,recomputed
2026-08-13T05:30:00Z,2026-08-13T00:00:00Z,2026-08-17T09:00:00Z,105,spectrum,buoy,1.06,buoy,,,,1.06,14.5,207.0,recomputed
2026-08-13T05:30:00Z,2026-08-13T00:00:00Z,2026-08-17T09:00:00Z,105,spectrum,coronado_north,0.964,5m,5.0,0.964,0.688,1.06,14.5,217.0,recomputed
2026-08-13T05:30:00Z,2026-08-13T00:00:00Z,2026-08-17T09:00:00Z,105,spectrum,coronado_center,0.666,5m,5.0,0.666,0.714,1.06,14.5,228.0,recomputed
2026-08-13T05:30:00Z,2026-08-13T00:00:00Z,2026-08-17T09:00:00Z,105,spectrum,coronado_south,0.463,5m,5.0,0.463,0.738,1.06,5.3,254.0,recomputed
2026-08-13T05:30:00Z,2026-08-13T00:00:00Z,2026-08-17T12:00:00Z,108,spectrum,buoy,1.02,buoy,,,,1.02,14.5,206.0,recomputed
2026-08-13T05:30:00Z,2026-08-13T00:00:00Z,2026-08-17T12:00:00Z,108,spectrum,coronado_north,0.94,5m,5.0,0.94,0.672,1.02,14.5,216.0,recomputed
2026-08-13T05:30:00Z,2026-08-13T00:00:00Z,2026-08-17T12:00:00Z,108,spectrum,coronado_center,0.648,5m,5.0,0.648,0.696,1.02,14.5,228.0,recomputed
2026-08-13T05:30:00Z,2026-08-13T00:00:00Z,2026-08-17T12:00:00Z,108,spectrum,coronado_south,0.448,5m,5.0,0.448,0.717,1.02,5.3,254.0,recomputed
2026-08-13T05:30:00Z,2026-08-13T00:00:00Z,2026-08-17T15:00:00Z,111,spectrum,buoy,0.99,buoy,,,,0.99,14.5,206.0,recomputed
2026-08-13T05:30:00Z,2026-08-13T00:00:00Z,2026-08-17T15:00:00Z,111,spectrum,coronado_north,0.92,5m,5.0,0.92,0.66,0.99,14.5,216.0,recomputed
2026-08-13T05:30:00Z,2026-08-13T00:00:00Z,2026-08-17T15:00:00Z,111,spectrum,coronado_center,0.635,5m,5.0,0.635,0.684,0.99,14.5,228.0,recomputed
2026-08-13T05:30:00Z,2026-08-13T00:00:00Z,2026-08-17T15:00:00Z,111,spectrum,coronado_south,0.443,5m,5.0,0.443,0.703,0.99,4.9,253.0,recomputed
2026-08-13T05:30:00Z,2026-08-13T00:00:00Z,2026-08-17T18:00:00Z,114,spectrum,buoy,0.978,buoy,,,,0.978,14.5,206.0,recomputed
2026-08-13T05:30:00Z,2026-08-13T00:00:00Z,2026-08-17T18:00:00Z,114,spectrum,coronado_north,0.905,5m,5.0,0.905,0.651,0.978,14.5,216.0,recomputed
2026-08-13T05:30:00Z,2026-08-13T00:00:00Z,2026-08-17T18:00:00Z,114,spectrum,coronado_center,0.627,5m,5.0,0.627,0.675,0.978,14.5,230.0,recomputed
2026-08-13T05:30:00Z,2026-08-13T00:00:00Z,2026-08-17T18:00:00Z,114,spectrum,coronado_south,0.456,5m,5.0,0.456,0.694,0.978,5.3,254.0,recomputed
2026-08-13T05:30:00Z,2026-08-13T00:00:00Z,2026-08-17T21:00:00Z,117,spectrum,buoy,1.015,buoy,,,,1.015,14.5,206.0,recomputed
2026-08-13T05:30:00Z,2026-08-13T00:00:00Z,2026-08-17T21:00:00Z,117,spectrum,coronado_north,0.888,5m,5.0,0.888,0.642,1.015,14.5,216.0,recomputed
2026-08-13T05:30:00Z,2026-08-13T00:00:00Z,2026-08-17T21:00:00Z,117,spectrum,coronado_center,0.629,5m,5.0,0.629,0.669,1.015,14.5,229.0,recomputed
2026-08-13T05:30:00Z,2026-08-13T00:00:00Z,2026-08-17T21:00:00Z,117,spectrum,coronado_south,0.483,5m,5.0,0.483,0.692,1.015,4.6,253.0,recomputed
2026-08-13T05:30:00Z,2026-08-13T00:00:00Z,2026-08-18T00:00:00Z,120,spectrum,buoy,1.082,buoy,,,,1.082,14.5,206.0,recomputed
2026-08-13T05:30:00Z,2026-08-13T00:00:00Z,2026-08-18T00:00:00Z,120,spectrum,coronado_north,0.875,5m,5.0,0.875,0.638,1.082,13.6,216.0,recomputed
2026-08-13T05:30:00Z,2026-08-13T00:00:00Z,2026-08-18T00:00:00Z,120,spectrum,coronado_center,0.63,5m,5.0,0.63,0.672,1.082,14.5,228.0,recomputed
2026-08-13T05:30:00Z,2026-08-13T00:00:00Z,2026-08-18T00:00:00Z,120,spectrum,coronado_south,0.492,5m,5.0,0.492,0.711,1.082,5.3,253.0,recomputed
2026-08-13T05:30:00Z,2026-08-13T00:00:00Z,2026-08-18T03:00:00Z,123,spectrum,buoy,1.119,buoy,,,,1.119,5.3,280.0,recomputed
2026-08-13T05:30:00Z,2026-08-13T00:00:00Z,2026-08-18T03:00:00Z,123,spectrum,coronado_north,0.864,5m,5.0,0.864,0.631,1.119,13.6,218.0,recomputed
2026-08-13T05:30:00Z,2026-08-13T00:00:00Z,2026-08-18T03:00:00Z,123,spectrum,coronado_center,0.638,5m,5.0,0.638,0.669,1.119,13.6,229.0,recomputed
2026-08-13T05:30:00Z,2026-08-13T00:00:00Z,2026-08-18T03:00:00Z,123,spectrum,coronado_south,0.522,5m,5.0,0.522,0.717,1.119,5.3,254.0,recomputed
2026-08-13T05:30:00Z,2026-08-13T00:00:00Z,2026-08-18T06:00:00Z,126,spectrum,buoy,1.088,buoy,,,,1.088,5.3,280.0,recomputed
2026-08-13T05:30:00Z,2026-08-13T00:00:00Z,2026-08-18T06:00:00Z,126,spectrum,coronado_north,0.854,5m,5.0,0.854,0.622,1.088,13.6,218.0,recomputed
2026-08-13T05:30:00Z,2026-08-13T00:00:00Z,2026-08-18T06:00:00Z,126,spectrum,coronado_center,0.631,5m,5.0,0.631,0.657,1.088,13.6,229.0,recomputed
2026-08-13T05:30:00Z,2026-08-13T00:00:00Z,2026-08-18T06:00:00Z,126,spectrum,coronado_south,0.518,5m,5.0,0.518,0.702,1.088,5.6,255.0,recomputed
2026-08-13T05:30:00Z,2026-08-13T00:00:00Z,2026-08-18T09:00:00Z,129,spectrum,buoy,1.027,buoy,,,,1.027,13.6,206.0,recomputed
2026-08-13T05:30:00Z,2026-08-13T00:00:00Z,2026-08-18T09:00:00Z,129,spectrum,coronado_north,0.843,5m,5.0,0.843,0.614,1.027,13.6,216.0,recomputed
2026-08-13T05:30:00Z,2026-08-13T00:00:00Z,2026-08-18T09:00:00Z,129,spectrum,coronado_center,0.611,5m,5.0,0.611,0.643,1.027,13.6,232.0,recomputed
2026-08-13T05:30:00Z,2026-08-13T00:00:00Z,2026-08-18T09:00:00Z,129,spectrum,coronado_south,0.487,5m,5.0,0.487,0.676,1.027,5.6,255.0,recomputed
2026-08-13T05:30:00Z,2026-08-13T00:00:00Z,2026-08-18T12:00:00Z,132,spectrum,buoy,0.97,buoy,,,,0.97,13.6,207.0,recomputed
2026-08-13T05:30:00Z,2026-08-13T00:00:00Z,2026-08-18T12:00:00Z,132,spectrum,coronado_north,0.833,5m,5.0,0.833,0.607,0.97,13.6,216.0,recomputed
2026-08-13T05:30:00Z,2026-08-13T00:00:00Z,2026-08-18T12:00:00Z,132,spectrum,coronado_center,0.591,5m,5.0,0.591,0.633,0.97,13.6,231.0,recomputed
2026-08-13T05:30:00Z,2026-08-13T00:00:00Z,2026-08-18T12:00:00Z,132,spectrum,coronado_south,0.462,5m,5.0,0.462,0.657,0.97,6.9,254.0,recomputed
2026-08-13T05:30:00Z,2026-08-13T00:00:00Z,2026-08-18T15:00:00Z,135,spectrum,buoy,0.933,buoy,,,,0.933,13.6,206.0,recomputed
2026-08-13T05:30:00Z,2026-08-13T00:00:00Z,2026-08-18T15:00:00Z,135,spectrum,coronado_north,0.824,5m,5.0,0.824,0.603,0.933,13.6,215.0,recomputed
2026-08-13T05:30:00Z,2026-08-13T00:00:00Z,2026-08-18T15:00:00Z,135,spectrum,coronado_center,0.581,5m,5.0,0.581,0.628,0.933,13.6,231.0,recomputed
2026-08-13T05:30:00Z,2026-08-13T00:00:00Z,2026-08-18T15:00:00Z,135,spectrum,coronado_south,0.457,5m,5.0,0.457,0.648,0.933,6.9,241.0,recomputed
2026-08-13T05:30:00Z,2026-08-13T00:00:00Z,2026-08-18T18:00:00Z,138,spectrum,buoy,0.906,buoy,,,,0.906,13.6,206.0,recomputed
2026-08-13T05:30:00Z,2026-08-13T00:00:00Z,2026-08-18T18:00:00Z,138,spectrum,coronado_north,0.823,5m,5.0,0.823,0.6,0.906,13.6,215.0,recomputed
2026-08-13T05:30:00Z,2026-08-13T00:00:00Z,2026-08-18T18:00:00Z,138,spectrum,coronado_center,0.578,5m,5.0,0.578,0.624,0.906,13.6,229.0,recomputed
2026-08-13T05:30:00Z,2026-08-13T00:00:00Z,2026-08-18T18:00:00Z,138,spectrum,coronado_south,0.452,5m,5.0,0.452,0.641,0.906,14.5,240.0,recomputed
2026-08-13T05:30:00Z,2026-08-13T00:00:00Z,2026-08-18T21:00:00Z,141,spectrum,buoy,0.877,buoy,,,,0.877,13.6,206.0,recomputed
2026-08-13T05:30:00Z,2026-08-13T00:00:00Z,2026-08-18T21:00:00Z,141,spectrum,coronado_north,0.827,5m,5.0,0.827,0.602,0.877,13.6,215.0,recomputed
2026-08-13T05:30:00Z,2026-08-13T00:00:00Z,2026-08-18T21:00:00Z,141,spectrum,coronado_center,0.566,5m,5.0,0.566,0.625,0.877,13.6,229.0,recomputed
2026-08-13T05:30:00Z,2026-08-13T00:00:00Z,2026-08-18T21:00:00Z,141,spectrum,coronado_south,0.429,5m,5.0,0.429,0.639,0.877,16.6,239.0,recomputed
2026-08-13T05:30:00Z,2026-08-13T00:00:00Z,2026-08-19T00:00:00Z,144,spectrum,buoy,0.853,buoy,,,,0.853,13.6,206.0,recomputed
2026-08-13T05:30:00Z,2026-08-13T00:00:00Z,2026-08-19T00:00:00Z,144,spectrum,coronado_north,0.826,5m,5.0,0.826,0.603,0.853,13.6,215.0,recomputed
2026-08-13T05:30:00Z,2026-08-13T00:00:00Z,2026-08-19T00:00:00Z,144,spectrum,coronado_center,0.572,5m,5.0,0.572,0.625,0.853,13.6,228.0,recomputed
2026-08-13T05:30:00Z,2026-08-13T00:00:00Z,2026-08-19T00:00:00Z,144,spectrum,coronado_south,0.421,5m,5.0,0.421,0.637,0.853,16.6,237.0,recomputed
2026-08-13T05:30:00Z,2026-08-13T00:00:00Z,2026-08-19T03:00:00Z,147,spectrum,buoy,0.831,buoy,,,,0.831,13.6,205.0,recomputed
2026-08-13T05:30:00Z,2026-08-13T00:00:00Z,2026-08-19T03:00:00Z,147,spectrum,coronado_north,0.824,5m,5.0,0.824,0.602,0.831,13.6,216.0,recomputed
2026-08-13T05:30:00Z,2026-08-13T00:00:00Z,2026-08-19T03:00:00Z,147,spectrum,coronado_center,0.561,5m,5.0,0.561,0.623,0.831,13.6,232.0,recomputed
2026-08-13T05:30:00Z,2026-08-13T00:00:00Z,2026-08-19T03:00:00Z,147,spectrum,coronado_south,0.413,5m,5.0,0.413,0.634,0.831,16.6,231.0,recomputed
2026-08-13T05:30:00Z,2026-08-13T00:00:00Z,2026-08-19T06:00:00Z,150,spectrum,buoy,0.814,buoy,,,,0.814,13.6,205.0,recomputed
2026-08-13T05:30:00Z,2026-08-13T00:00:00Z,2026-08-19T06:00:00Z,150,spectrum,coronado_north,0.816,5m,5.0,0.816,0.6,0.814,15.6,215.0,recomputed
2026-08-13T05:30:00Z,2026-08-13T00:00:00Z,2026-08-19T06:00:00Z,150,spectrum,coronado_center,0.554,5m,5.0,0.554,0.621,0.814,16.6,228.0,recomputed
2026-08-13T05:30:00Z,2026-08-13T00:00:00Z,2026-08-19T06:00:00Z,150,spectrum,coronado_south,0.406,5m,5.0,0.406,0.63,0.814,16.6,230.0,recomputed
2026-08-13T05:30:00Z,2026-08-13T00:00:00Z,2026-08-19T09:00:00Z,153,spectrum,buoy,0.805,buoy,,,,0.805,13.6,205.0,recomputed
2026-08-13T05:30:00Z,2026-08-13T00:00:00Z,2026-08-19T09:00:00Z,153,spectrum,coronado_north,0.81,5m,5.0,0.81,0.599,0.805,15.6,214.0,recomputed
2026-08-13T05:30:00Z,2026-08-13T00:00:00Z,2026-08-19T09:00:00Z,153,spectrum,coronado_center,0.547,5m,5.0,0.547,0.619,0.805,16.6,228.0,recomputed
2026-08-13T05:30:00Z,2026-08-13T00:00:00Z,2026-08-19T09:00:00Z,153,spectrum,coronado_south,0.405,5m,5.0,0.405,0.628,0.805,4.6,241.0,recomputed
2026-08-13T05:30:00Z,2026-08-13T00:00:00Z,2026-08-19T12:00:00Z,156,spectrum,buoy,0.8,buoy,,,,0.8,13.6,204.0,recomputed
2026-08-13T05:30:00Z,2026-08-13T00:00:00Z,2026-08-19T12:00:00Z,156,spectrum,coronado_north,0.805,5m,5.0,0.805,0.594,0.8,13.6,214.0,recomputed
2026-08-13T05:30:00Z,2026-08-13T00:00:00Z,2026-08-19T12:00:00Z,156,spectrum,coronado_center,0.542,5m,5.0,0.542,0.614,0.8,16.6,228.0,recomputed
2026-08-13T05:30:00Z,2026-08-13T00:00:00Z,2026-08-19T12:00:00Z,156,spectrum,coronado_south,0.403,5m,5.0,0.403,0.622,0.8,9.0,245.0,recomputed
2026-08-13T05:30:00Z,2026-08-13T00:00:00Z,2026-08-19T15:00:00Z,159,spectrum,buoy,0.804,buoy,,,,0.804,14.5,204.0,recomputed
2026-08-13T05:30:00Z,2026-08-13T00:00:00Z,2026-08-19T15:00:00Z,159,spectrum,coronado_north,0.805,5m,5.0,0.805,0.592,0.804,14.5,214.0,recomputed
2026-08-13T05:30:00Z,2026-08-13T00:00:00Z,2026-08-19T15:00:00Z,159,spectrum,coronado_center,0.539,5m,5.0,0.539,0.611,0.804,14.5,231.0,recomputed
2026-08-13T05:30:00Z,2026-08-13T00:00:00Z,2026-08-19T15:00:00Z,159,spectrum,coronado_south,0.404,5m,5.0,0.404,0.618,0.804,9.0,246.0,recomputed
2026-08-13T05:30:00Z,2026-08-13T00:00:00Z,2026-08-19T18:00:00Z,162,spectrum,buoy,0.819,buoy,,,,0.819,14.5,204.0,recomputed
2026-08-13T05:30:00Z,2026-08-13T00:00:00Z,2026-08-19T18:00:00Z,162,spectrum,coronado_north,0.808,5m,5.0,0.808,0.596,0.819,14.5,214.0,recomputed
2026-08-13T05:30:00Z,2026-08-13T00:00:00Z,2026-08-19T18:00:00Z,162,spectrum,coronado_center,0.539,5m,5.0,0.539,0.615,0.819,14.5,231.0,recomputed
2026-08-13T05:30:00Z,2026-08-13T00:00:00Z,2026-08-19T18:00:00Z,162,spectrum,coronado_south,0.411,5m,5.0,0.411,0.622,0.819,9.0,245.0,recomputed
2026-08-13T05:30:00Z,2026-08-13T00:00:00Z,2026-08-19T21:00:00Z,165,spectrum,buoy,0.814,buoy,,,,0.814,14.5,204.0,recomputed
2026-08-13T05:30:00Z,2026-08-13T00:00:00Z,2026-08-19T21:00:00Z,165,spectrum,coronado_north,0.804,5m,5.0,0.804,0.593,0.814,14.5,214.0,recomputed
2026-08-13T05:30:00Z,2026-08-13T00:00:00Z,2026-08-19T21:00:00Z,165,spectrum,coronado_center,0.53,5m,5.0,0.53,0.612,0.814,14.5,229.0,recomputed
2026-08-13T05:30:00Z,2026-08-13T00:00:00Z,2026-08-19T21:00:00Z,165,spectrum,coronado_south,0.406,5m,5.0,0.406,0.619,0.814,12.7,245.0,recomputed
2026-08-13T05:30:00Z,2026-08-13T00:00:00Z,2026-08-20T00:00:00Z,168,spectrum,buoy,0.803,buoy,,,,0.803,14.5,204.0,recomputed
2026-08-13T05:30:00Z,2026-08-13T00:00:00Z,2026-08-20T00:00:00Z,168,spectrum,coronado_north,0.799,5m,5.0,0.799,0.59,0.803,14.5,214.0,recomputed
2026-08-13T05:30:00Z,2026-08-13T00:00:00Z,2026-08-20T00:00:00Z,168,spectrum,coronado_center,0.521,5m,5.0,0.521,0.609,0.803,14.5,229.0,recomputed
2026-08-13T05:30:00Z,2026-08-13T00:00:00Z,2026-08-20T00:00:00Z,168,spectrum,coronado_south,0.4,5m,5.0,0.4,0.617,0.803,14.5,235.0,recomputed
2026-08-14T05:30:00Z,2026-08-14T00:00:00Z,2026-08-14T00:00:00Z,0,spectrum,buoy,0.704,buoy,,,,0.704,15.6,211.0,recomputed
2026-08-14T05:30:00Z,2026-08-14T00:00:00Z,2026-08-14T00:00:00Z,0,spectrum,coronado_north,0.796,5m,5.0,0.796,0.598,0.704,15.6,218.0,recomputed
2026-08-14T05:30:00Z,2026-08-14T00:00:00Z,2026-08-14T00:00:00Z,0,spectrum,coronado_center,0.582,5m,5.0,0.582,0.611,0.704,15.6,227.0,recomputed
2026-08-14T05:30:00Z,2026-08-14T00:00:00Z,2026-08-14T00:00:00Z,0,spectrum,coronado_south,0.347,5m,5.0,0.347,0.61,0.704,11.9,207.0,recomputed
2026-08-14T05:30:00Z,2026-08-14T00:00:00Z,2026-08-14T03:00:00Z,3,spectrum,buoy,0.712,buoy,,,,0.712,14.5,207.0,recomputed
2026-08-14T05:30:00Z,2026-08-14T00:00:00Z,2026-08-14T03:00:00Z,3,spectrum,coronado_north,0.8,5m,5.0,0.8,0.608,0.712,15.6,217.0,recomputed
2026-08-14T05:30:00Z,2026-08-14T00:00:00Z,2026-08-14T03:00:00Z,3,spectrum,coronado_center,0.568,5m,5.0,0.568,0.621,0.712,15.6,226.0,recomputed
2026-08-14T05:30:00Z,2026-08-14T00:00:00Z,2026-08-14T03:00:00Z,3,spectrum,coronado_south,0.351,5m,5.0,0.351,0.618,0.712,11.9,206.0,recomputed
2026-08-14T05:30:00Z,2026-08-14T00:00:00Z,2026-08-14T06:00:00Z,6,spectrum,buoy,0.712,buoy,,,,0.712,14.5,207.0,recomputed
2026-08-14T05:30:00Z,2026-08-14T00:00:00Z,2026-08-14T06:00:00Z,6,spectrum,coronado_north,0.81,5m,5.0,0.81,0.612,0.712,15.6,217.0,recomputed
2026-08-14T05:30:00Z,2026-08-14T00:00:00Z,2026-08-14T06:00:00Z,6,spectrum,coronado_center,0.57,5m,5.0,0.57,0.624,0.712,15.6,226.0,recomputed
2026-08-14T05:30:00Z,2026-08-14T00:00:00Z,2026-08-14T06:00:00Z,6,spectrum,coronado_south,0.356,5m,5.0,0.356,0.62,0.712,11.9,205.0,recomputed
2026-08-14T05:30:00Z,2026-08-14T00:00:00Z,2026-08-14T09:00:00Z,9,spectrum,buoy,0.71,buoy,,,,0.71,15.6,213.0,recomputed
2026-08-14T05:30:00Z,2026-08-14T00:00:00Z,2026-08-14T09:00:00Z,9,spectrum,coronado_north,0.819,5m,5.0,0.819,0.614,0.71,15.6,217.0,recomputed
2026-08-14T05:30:00Z,2026-08-14T00:00:00Z,2026-08-14T09:00:00Z,9,spectrum,coronado_center,0.568,5m,5.0,0.568,0.625,0.71,15.6,226.0,recomputed
2026-08-14T05:30:00Z,2026-08-14T00:00:00Z,2026-08-14T09:00:00Z,9,spectrum,coronado_south,0.348,5m,5.0,0.348,0.62,0.71,11.9,205.0,recomputed
2026-08-14T05:30:00Z,2026-08-14T00:00:00Z,2026-08-14T12:00:00Z,12,spectrum,buoy,0.714,buoy,,,,0.714,15.6,213.0,recomputed
2026-08-14T05:30:00Z,2026-08-14T00:00:00Z,2026-08-14T12:00:00Z,12,spectrum,coronado_north,0.837,5m,5.0,0.837,0.62,0.714,15.6,217.0,recomputed
2026-08-14T05:30:00Z,2026-08-14T00:00:00Z,2026-08-14T12:00:00Z,12,spectrum,coronado_center,0.572,5m,5.0,0.572,0.631,0.714,15.6,227.0,recomputed
2026-08-14T05:30:00Z,2026-08-14T00:00:00Z,2026-08-14T12:00:00Z,12,spectrum,coronado_south,0.339,5m,5.0,0.339,0.625,0.714,11.9,205.0,recomputed
2026-08-14T05:30:00Z,2026-08-14T00:00:00Z,2026-08-14T15:00:00Z,15,spectrum,buoy,0.727,buoy,,,,0.727,15.6,213.0,recomputed
2026-08-14T05:30:00Z,2026-08-14T00:00:00Z,2026-08-14T15:00:00Z,15,spectrum,coronado_north,0.866,5m,5.0,0.866,0.635,0.727,15.6,217.0,recomputed
2026-08-14T05:30:00Z,2026-08-14T00:00:00Z,2026-08-14T15:00:00Z,15,spectrum,coronado_center,0.586,5m,5.0,0.586,0.645,0.727,15.6,227.0,recomputed
2026-08-14T05:30:00Z,2026-08-14T00:00:00Z,2026-08-14T15:00:00Z,15,spectrum,coronado_south,0.342,5m,5.0,0.342,0.639,0.727,11.9,205.0,recomputed
2026-08-14T05:30:00Z,2026-08-14T00:00:00Z,2026-08-14T18:00:00Z,18,spectrum,buoy,0.744,buoy,,,,0.744,15.6,213.0,recomputed
2026-08-14T05:30:00Z,2026-08-14T00:00:00Z,2026-08-14T18:00:00Z,18,spectrum,coronado_north,0.897,5m,5.0,0.897,0.653,0.744,15.6,217.0,recomputed
2026-08-14T05:30:00Z,2026-08-14T00:00:00Z,2026-08-14T18:00:00Z,18,spectrum,coronado_center,0.605,5m,5.0,0.605,0.662,0.744,15.6,227.0,recomputed
2026-08-14T05:30:00Z,2026-08-14T00:00:00Z,2026-08-14T18:00:00Z,18,spectrum,coronado_south,0.355,5m,5.0,0.355,0.655,0.744,11.9,209.0,recomputed
2026-08-14T05:30:00Z,2026-08-14T00:00:00Z,2026-08-14T21:00:00Z,21,spectrum,buoy,0.767,buoy,,,,0.767,14.5,211.0,recomputed
2026-08-14T05:30:00Z,2026-08-14T00:00:00Z,2026-08-14T21:00:00Z,21,spectrum,coronado_north,0.92,5m,5.0,0.92,0.67,0.767,14.5,217.0,recomputed
2026-08-14T05:30:00Z,2026-08-14T00:00:00Z,2026-08-14T21:00:00Z,21,spectrum,coronado_center,0.624,5m,5.0,0.624,0.68,0.767,14.5,227.0,recomputed
2026-08-14T05:30:00Z,2026-08-14T00:00:00Z,2026-08-14T21:00:00Z,21,spectrum,coronado_south,0.376,5m,5.0,0.376,0.673,0.767,11.9,208.0,recomputed
2026-08-14T05:30:00Z,2026-08-14T00:00:00Z,2026-08-15T00:00:00Z,24,spectrum,buoy,0.791,buoy,,,,0.791,14.5,212.0,recomputed
2026-08-14T05:30:00Z,2026-08-14T00:00:00Z,2026-08-15T00:00:00Z,24,spectrum,coronado_north,0.94,5m,5.0,0.94,0.686,0.791,14.5,217.0,recomputed
2026-08-14T05:30:00Z,2026-08-14T00:00:00Z,2026-08-15T00:00:00Z,24,spectrum,coronado_center,0.642,5m,5.0,0.642,0.696,0.791,14.5,227.0,recomputed
2026-08-14T05:30:00Z,2026-08-14T00:00:00Z,2026-08-15T00:00:00Z,24,spectrum,coronado_south,0.382,5m,5.0,0.382,0.69,0.791,11.9,205.0,recomputed
2026-08-14T05:30:00Z,2026-08-14T00:00:00Z,2026-08-15T03:00:00Z,27,spectrum,buoy,0.818,buoy,,,,0.818,14.5,212.0,recomputed
2026-08-14T05:30:00Z,2026-08-14T00:00:00Z,2026-08-15T03:00:00Z,27,spectrum,coronado_north,0.963,5m,5.0,0.963,0.702,0.818,14.5,216.0,recomputed
2026-08-14T05:30:00Z,2026-08-14T00:00:00Z,2026-08-15T03:00:00Z,27,spectrum,coronado_center,0.659,5m,5.0,0.659,0.714,0.818,14.5,226.0,recomputed
2026-08-14T05:30:00Z,2026-08-14T00:00:00Z,2026-08-15T03:00:00Z,27,spectrum,coronado_south,0.378,5m,5.0,0.378,0.708,0.818,11.9,206.0,recomputed
2026-08-14T05:30:00Z,2026-08-14T00:00:00Z,2026-08-15T06:00:00Z,30,spectrum,buoy,0.845,buoy,,,,0.845,14.5,212.0,recomputed
2026-08-14T05:30:00Z,2026-08-14T00:00:00Z,2026-08-15T06:00:00Z,30,spectrum,coronado_north,0.992,5m,5.0,0.992,0.721,0.845,14.5,217.0,recomputed
2026-08-14T05:30:00Z,2026-08-14T00:00:00Z,2026-08-15T06:00:00Z,30,spectrum,coronado_center,0.679,5m,5.0,0.679,0.733,0.845,14.5,226.0,recomputed
2026-08-14T05:30:00Z,2026-08-14T00:00:00Z,2026-08-15T06:00:00Z,30,spectrum,coronado_south,0.393,5m,5.0,0.393,0.729,0.845,11.9,206.0,recomputed
2026-08-14T05:30:00Z,2026-08-14T00:00:00Z,2026-08-15T09:00:00Z,33,spectrum,buoy,0.872,buoy,,,,0.872,14.5,212.0,recomputed
2026-08-14T05:30:00Z,2026-08-14T00:00:00Z,2026-08-15T09:00:00Z,33,spectrum,coronado_north,1.015,5m,5.0,1.015,0.735,0.872,14.5,217.0,recomputed
2026-08-14T05:30:00Z,2026-08-14T00:00:00Z,2026-08-15T09:00:00Z,33,spectrum,coronado_center,0.688,5m,5.0,0.688,0.748,0.872,14.5,226.0,recomputed
2026-08-14T05:30:00Z,2026-08-14T00:00:00Z,2026-08-15T09:00:00Z,33,spectrum,coronado_south,0.404,5m,5.0,0.404,0.745,0.872,14.5,210.0,recomputed
2026-08-14T05:30:00Z,2026-08-14T00:00:00Z,2026-08-15T12:00:00Z,36,spectrum,buoy,0.897,buoy,,,,0.897,16.6,205.0,recomputed
2026-08-14T05:30:00Z,2026-08-14T00:00:00Z,2026-08-15T12:00:00Z,36,spectrum,coronado_north,1.034,5m,5.0,1.034,0.743,0.897,14.5,216.0,recomputed
2026-08-14T05:30:00Z,2026-08-14T00:00:00Z,2026-08-15T12:00:00Z,36,spectrum,coronado_center,0.694,5m,5.0,0.694,0.757,0.897,14.5,226.0,recomputed
2026-08-14T05:30:00Z,2026-08-14T00:00:00Z,2026-08-15T12:00:00Z,36,spectrum,coronado_south,0.409,5m,5.0,0.409,0.756,0.897,14.5,210.0,recomputed
2026-08-14T05:30:00Z,2026-08-14T00:00:00Z,2026-08-15T15:00:00Z,39,spectrum,buoy,0.898,buoy,,,,0.898,16.6,205.0,recomputed
2026-08-14T05:30:00Z,2026-08-14T00:00:00Z,2026-08-15T15:00:00Z,39,spectrum,coronado_north,1.044,5m,5.0,1.044,0.744,0.898,16.6,215.0,recomputed
2026-08-14T05:30:00Z,2026-08-14T00:00:00Z,2026-08-15T15:00:00Z,39,spectrum,coronado_center,0.691,5m,5.0,0.691,0.758,0.898,14.5,226.0,recomputed
2026-08-14T05:30:00Z,2026-08-14T00:00:00Z,2026-08-15T15:00:00Z,39,spectrum,coronado_south,0.405,5m,5.0,0.405,0.757,0.898,14.5,210.0,recomputed
2026-08-14T05:30:00Z,2026-08-14T00:00:00Z,2026-08-15T18:00:00Z,42,spectrum,buoy,0.91,buoy,,,,0.91,16.6,205.0,recomputed
2026-08-14T05:30:00Z,2026-08-14T00:00:00Z,2026-08-15T18:00:00Z,42,spectrum,coronado_north,1.052,5m,5.0,1.052,0.744,0.91,16.6,214.0,recomputed
2026-08-14T05:30:00Z,2026-08-14T00:00:00Z,2026-08-15T18:00:00Z,42,spectrum,coronado_center,0.686,5m,5.0,0.686,0.757,0.91,16.6,224.0,recomputed
2026-08-14T05:30:00Z,2026-08-14T00:00:00Z,2026-08-15T18:00:00Z,42,spectrum,coronado_south,0.419,5m,5.0,0.419,0.754,0.91,16.6,208.0,recomputed
2026-08-14T05:30:00Z,2026-08-14T00:00:00Z,2026-08-15T21:00:00Z,45,spectrum,buoy,0.945,buoy,,,,0.945,16.6,205.0,recomputed
2026-08-14T05:30:00Z,2026-08-14T00:00:00Z,2026-08-15T21:00:00Z,45,spectrum,coronado_north,1.054,5m,5.0,1.054,0.744,0.945,16.6,214.0,recomputed
2026-08-14T05:30:00Z,2026-08-14T00:00:00Z,2026-08-15T21:00:00Z,45,spectrum,coronado_center,0.691,5m,5.0,0.691,0.759,0.945,16.6,224.0,recomputed
2026-08-14T05:30:00Z,2026-08-14T00:00:00Z,2026-08-15T21:00:00Z,45,spectrum,coronado_south,0.436,5m,5.0,0.436,0.761,0.945,16.6,208.0,recomputed
2026-08-14T05:30:00Z,2026-08-14T00:00:00Z,2026-08-16T00:00:00Z,48,spectrum,buoy,0.964,buoy,,,,0.964,15.6,204.0,recomputed
2026-08-14T05:30:00Z,2026-08-14T00:00:00Z,2026-08-16T00:00:00Z,48,spectrum,coronado_north,1.058,5m,5.0,1.058,0.746,0.964,15.6,214.0,recomputed
2026-08-14T05:30:00Z,2026-08-14T00:00:00Z,2026-08-16T00:00:00Z,48,spectrum,coronado_center,0.683,5m,5.0,0.683,0.764,0.964,16.6,224.0,recomputed
2026-08-14T05:30:00Z,2026-08-14T00:00:00Z,2026-08-16T00:00:00Z,48,spectrum,coronado_south,0.434,5m,5.0,0.434,0.769,0.964,16.6,209.0,recomputed
2026-08-14T05:30:00Z,2026-08-14T00:00:00Z,2026-08-16T03:00:00Z,51,spectrum,buoy,0.979,buoy,,,,0.979,15.6,205.0,recomputed
2026-08-14T05:30:00Z,2026-08-14T00:00:00Z,2026-08-16T03:00:00Z,51,spectrum,coronado_north,1.059,5m,5.0,1.059,0.746,0.979,15.6,214.0,recomputed
2026-08-14T05:30:00Z,2026-08-14T00:00:00Z,2026-08-16T03:00:00Z,51,spectrum,coronado_center,0.678,5m,5.0,0.678,0.764,0.979,13.6,227.0,recomputed
2026-08-14T05:30:00Z,2026-08-14T00:00:00Z,2026-08-16T03:00:00Z,51,spectrum,coronado_south,0.426,5m,5.0,0.426,0.771,0.979,16.6,209.0,recomputed
2026-08-14T05:30:00Z,2026-08-14T00:00:00Z,2026-08-16T06:00:00Z,54,spectrum,buoy,1.003,buoy,,,,1.003,15.6,205.0,recomputed
2026-08-14T05:30:00Z,2026-08-14T00:00:00Z,2026-08-16T06:00:00Z,54,spectrum,coronado_north,1.059,5m,5.0,1.059,0.744,1.003,15.6,214.0,recomputed
2026-08-14T05:30:00Z,2026-08-14T00:00:00Z,2026-08-16T06:00:00Z,54,spectrum,coronado_center,0.674,5m,5.0,0.674,0.761,1.003,16.6,225.0,recomputed
2026-08-14T05:30:00Z,2026-08-14T00:00:00Z,2026-08-16T06:00:00Z,54,spectrum,coronado_south,0.423,5m,5.0,0.423,0.768,1.003,16.6,210.0,recomputed
2026-08-14T05:30:00Z,2026-08-14T00:00:00Z,2026-08-16T09:00:00Z,57,spectrum,buoy,0.985,buoy,,,,0.985,15.6,206.0,recomputed
2026-08-14T05:30:00Z,2026-08-14T00:00:00Z,2026-08-16T09:00:00Z,57,spectrum,coronado_north,1.055,5m,5.0,1.055,0.739,0.985,15.6,214.0,recomputed
2026-08-14T05:30:00Z,2026-08-14T00:00:00Z,2026-08-16T09:00:00Z,57,spectrum,coronado_center,0.667,5m,5.0,0.667,0.755,0.985,15.6,225.0,recomputed
2026-08-14T05:30:00Z,2026-08-14T00:00:00Z,2026-08-16T09:00:00Z,57,spectrum,coronado_south,0.414,5m,5.0,0.414,0.76,0.985,15.6,210.0,recomputed
2026-08-14T05:30:00Z,2026-08-14T00:00:00Z,2026-08-16T12:00:00Z,60,spectrum,buoy,0.971,buoy,,,,0.971,15.6,206.0,recomputed
2026-08-14T05:30:00Z,2026-08-14T00:00:00Z,2026-08-16T12:00:00Z,60,spectrum,coronado_north,1.041,5m,5.0,1.041,0.728,0.971,15.6,215.0,recomputed
2026-08-14T05:30:00Z,2026-08-14T00:00:00Z,2026-08-16T12:00:00Z,60,spectrum,coronado_center,0.657,5m,5.0,0.657,0.745,0.971,15.6,226.0,recomputed
2026-08-14T05:30:00Z,2026-08-14T00:00:00Z,2026-08-16T12:00:00Z,60,spectrum,coronado_south,0.406,5m,5.0,0.406,0.748,0.971,15.6,211.0,recomputed
2026-08-14T05:30:00Z,2026-08-14T00:00:00Z,2026-08-16T15:00:00Z,63,spectrum,buoy,0.944,buoy,,,,0.944,15.6,206.0,recomputed
2026-08-14T05:30:00Z,2026-08-14T00:00:00Z,2026-08-16T15:00:00Z,63,spectrum,coronado_north,1.026,5m,5.0,1.026,0.718,0.944,15.6,215.0,recomputed
2026-08-14T05:30:00Z,2026-08-14T00:00:00Z,2026-08-16T15:00:00Z,63,spectrum,coronado_center,0.645,5m,5.0,0.645,0.735,0.944,15.6,226.0,recomputed
2026-08-14T05:30:00Z,2026-08-14T00:00:00Z,2026-08-16T15:00:00Z,63,spectrum,coronado_south,0.4,5m,5.0,0.4,0.737,0.944,15.6,213.0,recomputed
2026-08-14T05:30:00Z,2026-08-14T00:00:00Z,2026-08-16T18:00:00Z,66,spectrum,buoy,0.931,buoy,,,,0.931,15.6,206.0,recomputed
2026-08-14T05:30:00Z,2026-08-14T00:00:00Z,2026-08-16T18:00:00Z,66,spectrum,coronado_north,1.013,5m,5.0,1.013,0.71,0.931,15.6,215.0,recomputed
2026-08-14T05:30:00Z,2026-08-14T00:00:00Z,2026-08-16T18:00:00Z,66,spectrum,coronado_center,0.641,5m,5.0,0.641,0.726,0.931,15.6,226.0,recomputed
2026-08-14T05:30:00Z,2026-08-14T00:00:00Z,2026-08-16T18:00:00Z,66,spectrum,coronado_south,0.42,5m,5.0,0.42,0.729,0.931,15.6,214.0,recomputed
2026-08-14T05:30:00Z,2026-08-14T00:00:00Z,2026-08-16T21:00:00Z,69,spectrum,buoy,0.96,buoy,,,,0.96,15.6,206.0,recomputed
2026-08-14T05:30:00Z,2026-08-14T00:00:00Z,2026-08-16T21:00:00Z,69,spectrum,coronado_north,0.999,5m,5.0,0.999,0.702,0.96,15.6,215.0,recomputed
2026-08-14T05:30:00Z,2026-08-14T00:00:00Z,2026-08-16T21:00:00Z,69,spectrum,coronado_center,0.632,5m,5.0,0.632,0.72,0.96,15.6,227.0,recomputed
2026-08-14T05:30:00Z,2026-08-14T00:00:00Z,2026-08-16T21:00:00Z,69,spectrum,coronado_south,0.405,5m,5.0,0.405,0.727,0.96,4.0,250.0,recomputed
2026-08-14T05:30:00Z,2026-08-14T00:00:00Z,2026-08-17T00:00:00Z,72,spectrum,buoy,1.031,buoy,,,,1.031,14.5,206.0,recomputed
2026-08-14T05:30:00Z,2026-08-14T00:00:00Z,2026-08-17T00:00:00Z,72,spectrum,coronado_north,0.984,5m,5.0,0.984,0.694,1.031,15.6,215.0,recomputed
2026-08-14T05:30:00Z,2026-08-14T00:00:00Z,2026-08-17T00:00:00Z,72,spectrum,coronado_center,0.636,5m,5.0,0.636,0.717,1.031,15.6,227.0,recomputed
2026-08-14T05:30:00Z,2026-08-14T00:00:00Z,2026-08-17T00:00:00Z,72,spectrum,coronado_south,0.46,5m,5.0,0.46,0.733,1.031,4.3,252.0,recomputed
2026-08-14T05:30:00Z,2026-08-14T00:00:00Z,2026-08-17T03:00:00Z,75,spectrum,buoy,1.107,buoy,,,,1.107,14.5,207.0,recomputed
2026-08-14T05:30:00Z,2026-08-14T00:00:00Z,2026-08-17T03:00:00Z,75,spectrum,coronado_north,0.966,5m,5.0,0.966,0.684,1.107,14.5,216.0,recomputed
2026-08-14T05:30:00Z,2026-08-14T00:00:00Z,2026-08-17T03:00:00Z,75,spectrum,coronado_center,0.646,5m,5.0,0.646,0.713,1.107,14.5,227.0,recomputed
2026-08-14T05:30:00Z,2026-08-14T00:00:00Z,2026-08-17T03:00:00Z,75,spectrum,coronado_south,0.469,5m,5.0,0.469,0.742,1.107,4.9,254.0,recomputed
2026-08-14T05:30:00Z,2026-08-14T00:00:00Z,2026-08-17T06:00:00Z,78,spectrum,buoy,1.102,buoy,,,,1.102,14.5,207.0,recomputed
2026-08-14T05:30:00Z,2026-08-14T00:00:00Z,2026-08-17T06:00:00Z,78,spectrum,coronado_north,0.942,5m,5.0,0.942,0.669,1.102,14.5,216.0,recomputed
2026-08-14T05:30:00Z,2026-08-14T00:00:00Z,2026-08-17T06:00:00Z,78,spectrum,coronado_center,0.64,5m,5.0,0.64,0.697,1.102,14.5,228.0,recomputed
2026-08-14T05:30:00Z,2026-08-14T00:00:00Z,2026-08-17T06:00:00Z,78,spectrum,coronado_south,0.471,5m,5.0,0.471,0.727,1.102,5.3,255.0,recomputed
2026-08-14T05:30:00Z,2026-08-14T00:00:00Z,2026-08-17T09:00:00Z,81,spectrum,buoy,1.073,buoy,,,,1.073,14.5,207.0,recomputed
2026-08-14T05:30:00Z,2026-08-14T00:00:00Z,2026-08-17T09:00:00Z,81,spectrum,coronado_north,0.919,5m,5.0,0.919,0.653,1.073,14.5,216.0,recomputed
2026-08-14T05:30:00Z,2026-08-14T00:00:00Z,2026-08-17T09:00:00Z,81,spectrum,coronado_center,0.629,5m,5.0,0.629,0.679,1.073,14.5,228.0,recomputed
2026-08-14T05:30:00Z,2026-08-14T00:00:00Z,2026-08-17T09:00:00Z,81,spectrum,coronado_south,0.461,5m,5.0,0.461,0.706,1.073,5.3,256.0,recomputed
2026-08-14T05:30:00Z,2026-08-14T00:00:00Z,2026-08-17T12:00:00Z,84,spectrum,buoy,1.01,buoy,,,,1.01,14.5,207.0,recomputed
2026-08-14T05:30:00Z,2026-08-14T00:00:00Z,2026-08-17T12:00:00Z,84,spectrum,coronado_north,0.898,5m,5.0,0.898,0.64,1.01,14.5,216.0,recomputed
2026-08-14T05:30:00Z,2026-08-14T00:00:00Z,2026-08-17T12:00:00Z,84,spectrum,coronado_center,0.614,5m,5.0,0.614,0.664,1.01,14.5,228.0,recomputed
2026-08-14T05:30:00Z,2026-08-14T00:00:00Z,2026-08-17T12:00:00Z,84,spectrum,coronado_south,0.445,5m,5.0,0.445,0.685,1.01,5.3,256.0,recomputed
2026-08-14T05:30:00Z,2026-08-14T00:00:00Z,2026-08-17T15:00:00Z,87,spectrum,buoy,0.972,buoy,,,,0.972,14.5,206.0,recomputed
2026-08-14T05:30:00Z,2026-08-14T00:00:00Z,2026-08-17T15:00:00Z,87,spectrum,coronado_north,0.882,5m,5.0,0.882,0.63,0.972,14.5,216.0,recomputed
2026-08-14T05:30:00Z,2026-08-14T00:00:00Z,2026-08-17T15:00:00Z,87,spectrum,coronado_center,0.599,5m,5.0,0.599,0.652,0.972,14.5,231.0,recomputed
2026-08-14T05:30:00Z,2026-08-14T00:00:00Z,2026-08-17T15:00:00Z,87,spectrum,coronado_south,0.429,5m,5.0,0.429,0.669,0.972,5.6,255.0,recomputed
2026-08-14T05:30:00Z,2026-08-14T00:00:00Z,2026-08-17T18:00:00Z,90,spectrum,buoy,0.946,buoy,,,,0.946,14.5,206.0,recomputed
2026-08-14T05:30:00Z,2026-08-14T00:00:00Z,2026-08-17T18:00:00Z,90,spectrum,coronado_north,0.868,5m,5.0,0.868,0.623,0.946,14.5,216.0,recomputed
2026-08-14T05:30:00Z,2026-08-14T00:00:00Z,2026-08-17T18:00:00Z,90,spectrum,coronado_center,0.587,5m,5.0,0.587,0.645,0.946,14.5,229.0,recomputed
2026-08-14T05:30:00Z,2026-08-14T00:00:00Z,2026-08-17T18:00:00Z,90,spectrum,coronado_south,0.438,5m,5.0,0.438,0.661,0.946,5.6,255.0,recomputed
2026-08-14T05:30:00Z,2026-08-14T00:00:00Z,2026-08-17T21:00:00Z,93,spectrum,buoy,0.977,buoy,,,,0.977,14.5,205.0,recomputed
2026-08-14T05:30:00Z,2026-08-14T00:00:00Z,2026-08-17T21:00:00Z,93,spectrum,coronado_north,0.856,5m,5.0,0.856,0.618,0.977,14.5,216.0,recomputed
2026-08-14T05:30:00Z,2026-08-14T00:00:00Z,2026-08-17T21:00:00Z,93,spectrum,coronado_center,0.593,5m,5.0,0.593,0.644,0.977,14.5,229.0,recomputed
2026-08-14T05:30:00Z,2026-08-14T00:00:00Z,2026-08-17T21:00:00Z,93,spectrum,coronado_south,0.463,5m,5.0,0.463,0.665,0.977,4.6,254.0,recomputed
2026-08-14T05:30:00Z,2026-08-14T00:00:00Z,2026-08-18T00:00:00Z,96,spectrum,buoy,1.043,buoy,,,,1.043,14.5,205.0,recomputed
2026-08-14T05:30:00Z,2026-08-14T00:00:00Z,2026-08-18T00:00:00Z,96,spectrum,coronado_north,0.846,5m,5.0,0.846,0.616,1.043,14.5,215.0,recomputed
2026-08-14T05:30:00Z,2026-08-14T00:00:00Z,2026-08-18T00:00:00Z,96,spectrum,coronado_center,0.594,5m,5.0,0.594,0.648,1.043,14.5,228.0,recomputed
2026-08-14T05:30:00Z,2026-08-14T00:00:00Z,2026-08-18T00:00:00Z,96,spectrum,coronado_south,0.473,5m,5.0,0.473,0.682,1.043,4.9,254.0,recomputed
2026-08-14T05:30:00Z,2026-08-14T00:00:00Z,2026-08-18T03:00:00Z,99,spectrum,buoy,1.085,buoy,,,,1.085,5.3,281.0,recomputed
2026-08-14T05:30:00Z,2026-08-14T00:00:00Z,2026-08-18T03:00:00Z,99,spectrum,coronado_north,0.837,5m,5.0,0.837,0.61,1.085,13.6,215.0,recomputed
2026-08-14T05:30:00Z,2026-08-14T00:00:00Z,2026-08-18T03:00:00Z,99,spectrum,coronado_center,0.597,5m,5.0,0.597,0.644,1.085,14.5,229.0,recomputed
2026-08-14T05:30:00Z,2026-08-14T00:00:00Z,2026-08-18T03:00:00Z,99,spectrum,coronado_south,0.494,5m,5.0,0.494,0.684,1.085,5.3,255.0,recomputed
2026-08-14T05:30:00Z,2026-08-14T00:00:00Z,2026-08-18T06:00:00Z,102,spectrum,buoy,1.074,buoy,,,,1.074,5.3,282.0,recomputed
2026-08-14T05:30:00Z,2026-08-14T00:00:00Z,2026-08-18T06:00:00Z,102,spectrum,coronado_north,0.833,5m,5.0,0.833,0.605,1.074,13.6,215.0,recomputed
2026-08-14T05:30:00Z,2026-08-14T00:00:00Z,2026-08-18T06:00:00Z,102,spectrum,coronado_center,0.593,5m,5.0,0.593,0.637,1.074,13.6,228.0,recomputed
2026-08-14T05:30:00Z,2026-08-14T00:00:00Z,2026-08-18T06:00:00Z,102,spectrum,coronado_south,0.51,5m,5.0,0.51,0.677,1.074,5.3,256.0,recomputed
2026-08-14T05:30:00Z,2026-08-14T00:00:00Z,2026-08-18T09:00:00Z,105,spectrum,buoy,1.03,buoy,,,,1.03,13.6,205.0,recomputed
2026-08-14T05:30:00Z,2026-08-14T00:00:00Z,2026-08-18T09:00:00Z,105,spectrum,coronado_north,0.828,5m,5.0,0.828,0.601,1.03,13.6,215.0,recomputed
2026-08-14T05:30:00Z,2026-08-14T00:00:00Z,2026-08-18T09:00:00Z,105,spectrum,coronado_center,0.578,5m,5.0,0.578,0.629,1.03,13.6,234.0,recomputed
2026-08-14T05:30:00Z,2026-08-14T00:00:00Z,2026-08-18T09:00:00Z,105,spectrum,coronado_south,0.477,5m,5.0,0.477,0.659,1.03,5.6,256.0,recomputed
2026-08-14T05:30:00Z,2026-08-14T00:00:00Z,2026-08-18T12:00:00Z,108,spectrum,buoy,0.982,buoy,,,,0.982,13.6,205.0,recomputed
2026-08-14T05:30:00Z,2026-08-14T00:00:00Z,2026-08-18T12:00:00Z,108,spectrum,coronado_north,0.82,5m,5.0,0.82,0.596,0.982,13.6,215.0,recomputed
2026-08-14T05:30:00Z,2026-08-14T00:00:00Z,2026-08-18T12:00:00Z,108,spectrum,coronado_center,0.565,5m,5.0,0.565,0.622,0.982,13.6,232.0,recomputed
2026-08-14T05:30:00Z,2026-08-14T00:00:00Z,2026-08-18T12:00:00Z,108,spectrum,coronado_south,0.472,5m,5.0,0.472,0.644,0.982,6.9,246.0,recomputed
2026-08-14T05:30:00Z,2026-08-14T00:00:00Z,2026-08-18T15:00:00Z,111,spectrum,buoy,0.955,buoy,,,,0.955,13.6,205.0,recomputed
2026-08-14T05:30:00Z,2026-08-14T00:00:00Z,2026-08-18T15:00:00Z,111,spectrum,coronado_north,0.81,5m,5.0,0.81,0.591,0.955,13.6,214.0,recomputed
2026-08-14T05:30:00Z,2026-08-14T00:00:00Z,2026-08-18T15:00:00Z,111,spectrum,coronado_center,0.551,5m,5.0,0.551,0.615,0.955,13.6,230.0,recomputed
2026-08-14T05:30:00Z,2026-08-14T00:00:00Z,2026-08-18T15:00:00Z,111,spectrum,coronado_south,0.46,5m,5.0,0.46,0.635,0.955,6.9,244.0,recomputed
2026-08-14T05:30:00Z,2026-08-14T00:00:00Z,2026-08-18T18:00:00Z,114,spectrum,buoy,0.936,buoy,,,,0.936,13.6,205.0,recomputed
2026-08-14T05:30:00Z,2026-08-14T00:00:00Z,2026-08-18T18:00:00Z,114,spectrum,coronado_north,0.802,5m,5.0,0.802,0.587,0.936,13.6,214.0,recomputed
2026-08-14T05:30:00Z,2026-08-14T00:00:00Z,2026-08-18T18:00:00Z,114,spectrum,coronado_center,0.544,5m,5.0,0.544,0.61,0.936,13.6,230.0,recomputed
2026-08-14T05:30:00Z,2026-08-14T00:00:00Z,2026-08-18T18:00:00Z,114,spectrum,coronado_south,0.46,5m,5.0,0.46,0.629,0.936,6.9,244.0,recomputed
2026-08-14T05:30:00Z,2026-08-14T00:00:00Z,2026-08-18T21:00:00Z,117,spectrum,buoy,0.916,buoy,,,,0.916,13.6,205.0,recomputed
2026-08-14T05:30:00Z,2026-08-14T00:00:00Z,2026-08-18T21:00:00Z,117,spectrum,coronado_north,0.803,5m,5.0,0.803,0.587,0.916,13.6,214.0,recomputed
2026-08-14T05:30:00Z,2026-08-14T00:00:00Z,2026-08-18T21:00:00Z,117,spectrum,coronado_center,0.549,5m,5.0,0.549,0.611,0.916,13.6,229.0,recomputed
2026-08-14T05:30:00Z,2026-08-14T00:00:00Z,2026-08-18T21:00:00Z,117,spectrum,coronado_south,0.474,5m,5.0,0.474,0.629,0.916,8.5,243.0,recomputed
2026-08-14T05:30:00Z,2026-08-14T00:00:00Z,2026-08-19T00:00:00Z,120,spectrum,buoy,0.893,buoy,,,,0.893,13.6,205.0,recomputed
2026-08-14T05:30:00Z,2026-08-14T00:00:00Z,2026-08-19T00:00:00Z,120,spectrum,coronado_north,0.805,5m,5.0,0.805,0.59,0.893,13.6,214.0,recomputed
2026-08-14T05:30:00Z,2026-08-14T00:00:00Z,2026-08-19T00:00:00Z,120,spectrum,coronado_center,0.542,5m,5.0,0.542,0.614,0.893,13.6,234.0,recomputed
2026-08-14T05:30:00Z,2026-08-14T00:00:00Z,2026-08-19T00:00:00Z,120,spectrum,coronado_south,0.451,5m,5.0,0.451,0.63,0.893,8.5,241.0,recomputed
2026-08-14T05:30:00Z,2026-08-14T00:00:00Z,2026-08-19T03:00:00Z,123,spectrum,buoy,0.875,buoy,,,,0.875,15.6,203.0,recomputed
2026-08-14T05:30:00Z,2026-08-14T00:00:00Z,2026-08-19T03:00:00Z,123,spectrum,coronado_north,0.805,5m,5.0,0.805,0.592,0.875,13.6,215.0,recomputed
2026-08-14T05:30:00Z,2026-08-14T00:00:00Z,2026-08-19T03:00:00Z,123,spectrum,coronado_center,0.54,5m,5.0,0.54,0.616,0.875,13.6,232.0,recomputed
2026-08-14T05:30:00Z,2026-08-14T00:00:00Z,2026-08-19T03:00:00Z,123,spectrum,coronado_south,0.443,5m,5.0,0.443,0.633,0.875,9.0,246.0,recomputed
2026-08-14T05:30:00Z,2026-08-14T00:00:00Z,2026-08-19T06:00:00Z,126,spectrum,buoy,0.865,buoy,,,,0.865,15.6,202.0,recomputed
2026-08-14T05:30:00Z,2026-08-14T00:00:00Z,2026-08-19T06:00:00Z,126,spectrum,coronado_north,0.802,5m,5.0,0.802,0.591,0.865,15.6,214.0,recomputed
2026-08-14T05:30:00Z,2026-08-14T00:00:00Z,2026-08-19T06:00:00Z,126,spectrum,coronado_center,0.539,5m,5.0,0.539,0.616,0.865,16.6,227.0,recomputed
2026-08-14T05:30:00Z,2026-08-14T00:00:00Z,2026-08-19T06:00:00Z,126,spectrum,coronado_south,0.437,5m,5.0,0.437,0.634,0.865,4.6,248.0,recomputed
2026-08-14T05:30:00Z,2026-08-14T00:00:00Z,2026-08-19T09:00:00Z,129,spectrum,buoy,0.854,buoy,,,,0.854,13.6,204.0,recomputed
2026-08-14T05:30:00Z,2026-08-14T00:00:00Z,2026-08-19T09:00:00Z,129,spectrum,coronado_north,0.793,5m,5.0,0.793,0.586,0.854,13.6,213.0,recomputed
2026-08-14T05:30:00Z,2026-08-14T00:00:00Z,2026-08-19T09:00:00Z,129,spectrum,coronado_center,0.527,5m,5.0,0.527,0.611,0.854,16.6,227.0,recomputed
2026-08-14T05:30:00Z,2026-08-14T00:00:00Z,2026-08-19T09:00:00Z,129,spectrum,coronado_south,0.434,5m,5.0,0.434,0.629,0.854,4.6,248.0,recomputed
2026-08-14T05:30:00Z,2026-08-14T00:00:00Z,2026-08-19T12:00:00Z,132,spectrum,buoy,0.864,buoy,,,,0.864,14.5,203.0,recomputed
2026-08-14T05:30:00Z,2026-08-14T00:00:00Z,2026-08-19T12:00:00Z,132,spectrum,coronado_north,0.788,5m,5.0,0.788,0.582,0.864,16.6,213.0,recomputed
2026-08-14T05:30:00Z,2026-08-14T00:00:00Z,2026-08-19T12:00:00Z,132,spectrum,coronado_center,0.521,5m,5.0,0.521,0.606,0.864,16.6,227.0,recomputed
2026-08-14T05:30:00Z,2026-08-14T00:00:00Z,2026-08-19T12:00:00Z,132,spectrum,coronado_south,0.443,5m,5.0,0.443,0.625,0.864,4.6,250.0,recomputed
2026-08-14T05:30:00Z,2026-08-14T00:00:00Z,2026-08-19T15:00:00Z,135,spectrum,buoy,0.89,buoy,,,,0.89,14.5,203.0,recomputed
2026-08-14T05:30:00Z,2026-08-14T00:00:00Z,2026-08-19T15:00:00Z,135,spectrum,coronado_north,0.788,5m,5.0,0.788,0.581,0.89,14.5,213.0,recomputed
2026-08-14T05:30:00Z,2026-08-14T00:00:00Z,2026-08-19T15:00:00Z,135,spectrum,coronado_center,0.526,5m,5.0,0.526,0.605,0.89,16.6,231.0,recomputed
2026-08-14T05:30:00Z,2026-08-14T00:00:00Z,2026-08-19T15:00:00Z,135,spectrum,coronado_south,0.456,5m,5.0,0.456,0.625,0.89,9.0,249.0,recomputed
2026-08-14T05:30:00Z,2026-08-14T00:00:00Z,2026-08-19T18:00:00Z,138,spectrum,buoy,0.905,buoy,,,,0.905,14.5,204.0,recomputed
2026-08-14T05:30:00Z,2026-08-14T00:00:00Z,2026-08-19T18:00:00Z,138,spectrum,coronado_north,0.788,5m,5.0,0.788,0.579,0.905,14.5,213.0,recomputed
2026-08-14T05:30:00Z,2026-08-14T00:00:00Z,2026-08-19T18:00:00Z,138,spectrum,coronado_center,0.527,5m,5.0,0.527,0.604,0.905,14.5,234.0,recomputed
2026-08-14T05:30:00Z,2026-08-14T00:00:00Z,2026-08-19T18:00:00Z,138,spectrum,coronado_south,0.468,5m,5.0,0.468,0.624,0.905,9.0,250.0,recomputed
2026-08-14T05:30:00Z,2026-08-14T00:00:00Z,2026-08-19T21:00:00Z,141,spectrum,buoy,0.9,buoy,,,,0.9,14.5,205.0,recomputed
2026-08-14T05:30:00Z,2026-08-14T00:00:00Z,2026-08-19T21:00:00Z,141,spectrum,coronado_north,0.794,5m,5.0,0.794,0.58,0.9,14.5,212.0,recomputed
2026-08-14T05:30:00Z,2026-08-14T00:00:00Z,2026-08-19T21:00:00Z,141,spectrum,coronado_center,0.533,5m,5.0,0.533,0.605,0.9,14.5,232.0,recomputed
2026-08-14T05:30:00Z,2026-08-14T00:00:00Z,2026-08-19T21:00:00Z,141,spectrum,coronado_south,0.452,5m,5.0,0.452,0.626,0.9,6.9,253.0,recomputed
2026-08-14T05:30:00Z,2026-08-14T00:00:00Z,2026-08-20T00:00:00Z,144,spectrum,buoy,0.895,buoy,,,,0.895,14.5,206.0,recomputed
2026-08-14T05:30:00Z,2026-08-14T00:00:00Z,2026-08-20T00:00:00Z,144,spectrum,coronado_north,0.786,5m,5.0,0.786,0.581,0.895,14.5,212.0,recomputed
2026-08-14T05:30:00Z,2026-08-14T00:00:00Z,2026-08-20T00:00:00Z,144,spectrum,coronado_center,0.524,5m,5.0,0.524,0.607,0.895,14.5,232.0,recomputed
2026-08-14T05:30:00Z,2026-08-14T00:00:00Z,2026-08-20T00:00:00Z,144,spectrum,coronado_south,0.471,5m,5.0,0.471,0.628,0.895,6.9,252.0,recomputed
2026-08-14T05:30:00Z,2026-08-14T00:00:00Z,2026-08-20T03:00:00Z,147,spectrum,buoy,0.9,buoy,,,,0.9,15.6,205.0,recomputed
2026-08-14T05:30:00Z,2026-08-14T00:00:00Z,2026-08-20T03:00:00Z,147,spectrum,coronado_north,0.784,5m,5.0,0.784,0.584,0.9,15.6,213.0,recomputed
2026-08-14T05:30:00Z,2026-08-14T00:00:00Z,2026-08-20T03:00:00Z,147,spectrum,coronado_center,0.517,5m,5.0,0.517,0.612,0.9,15.6,229.0,recomputed
2026-08-14T05:30:00Z,2026-08-14T00:00:00Z,2026-08-20T03:00:00Z,147,spectrum,coronado_south,0.461,5m,5.0,0.461,0.637,0.9,4.6,250.0,recomputed
2026-08-14T05:30:00Z,2026-08-14T00:00:00Z,2026-08-20T06:00:00Z,150,spectrum,buoy,0.913,buoy,,,,0.913,15.6,203.0,recomputed
2026-08-14T05:30:00Z,2026-08-14T00:00:00Z,2026-08-20T06:00:00Z,150,spectrum,coronado_north,0.784,5m,5.0,0.784,0.586,0.913,15.6,213.0,recomputed
2026-08-14T05:30:00Z,2026-08-14T00:00:00Z,2026-08-20T06:00:00Z,150,spectrum,coronado_center,0.517,5m,5.0,0.517,0.617,0.913,15.6,228.0,recomputed
2026-08-14T05:30:00Z,2026-08-14T00:00:00Z,2026-08-20T06:00:00Z,150,spectrum,coronado_south,0.464,5m,5.0,0.464,0.646,0.913,4.6,250.0,recomputed
2026-08-14T05:30:00Z,2026-08-14T00:00:00Z,2026-08-20T09:00:00Z,153,spectrum,buoy,0.913,buoy,,,,0.913,15.6,202.0,recomputed
2026-08-14T05:30:00Z,2026-08-14T00:00:00Z,2026-08-20T09:00:00Z,153,spectrum,coronado_north,0.779,5m,5.0,0.779,0.582,0.913,15.6,213.0,recomputed
2026-08-14T05:30:00Z,2026-08-14T00:00:00Z,2026-08-20T09:00:00Z,153,spectrum,coronado_center,0.513,5m,5.0,0.513,0.612,0.913,15.6,228.0,recomputed
2026-08-14T05:30:00Z,2026-08-14T00:00:00Z,2026-08-20T09:00:00Z,153,spectrum,coronado_south,0.462,5m,5.0,0.462,0.642,0.913,5.3,251.0,recomputed
2026-08-14T05:30:00Z,2026-08-14T00:00:00Z,2026-08-20T12:00:00Z,156,spectrum,buoy,0.904,buoy,,,,0.904,15.6,202.0,recomputed
2026-08-14T05:30:00Z,2026-08-14T00:00:00Z,2026-08-20T12:00:00Z,156,spectrum,coronado_north,0.759,5m,5.0,0.759,0.571,0.904,15.6,213.0,recomputed
2026-08-14T05:30:00Z,2026-08-14T00:00:00Z,2026-08-20T12:00:00Z,156,spectrum,coronado_center,0.508,5m,5.0,0.508,0.599,0.904,15.6,229.0,recomputed
2026-08-14T05:30:00Z,2026-08-14T00:00:00Z,2026-08-20T12:00:00Z,156,spectrum,coronado_south,0.463,5m,5.0,0.463,0.625,0.904,6.5,253.0,recomputed
2026-08-14T05:30:00Z,2026-08-14T00:00:00Z,2026-08-20T15:00:00Z,159,spectrum,buoy,0.898,buoy,,,,0.898,13.6,209.0,recomputed
2026-08-14T05:30:00Z,2026-08-14T00:00:00Z,2026-08-20T15:00:00Z,159,spectrum,coronado_north,0.742,5m,5.0,0.742,0.559,0.898,13.6,214.0,recomputed
2026-08-14T05:30:00Z,2026-08-14T00:00:00Z,2026-08-20T15:00:00Z,159,spectrum,coronado_center,0.498,5m,5.0,0.498,0.585,0.898,15.6,235.0,recomputed
2026-08-14T05:30:00Z,2026-08-14T00:00:00Z,2026-08-20T15:00:00Z,159,spectrum,coronado_south,0.456,5m,5.0,0.456,0.606,0.898,6.9,254.0,recomputed
2026-08-14T05:30:00Z,2026-08-14T00:00:00Z,2026-08-20T18:00:00Z,162,spectrum,buoy,0.897,buoy,,,,0.897,14.5,201.0,recomputed
2026-08-14T05:30:00Z,2026-08-14T00:00:00Z,2026-08-20T18:00:00Z,162,spectrum,coronado_north,0.727,5m,5.0,0.727,0.551,0.897,14.5,213.0,recomputed
2026-08-14T05:30:00Z,2026-08-14T00:00:00Z,2026-08-20T18:00:00Z,162,spectrum,coronado_center,0.493,5m,5.0,0.493,0.576,0.897,14.5,235.0,recomputed
2026-08-14T05:30:00Z,2026-08-14T00:00:00Z,2026-08-20T18:00:00Z,162,spectrum,coronado_south,0.456,5m,5.0,0.456,0.597,0.897,6.9,255.0,recomputed
2026-08-14T05:30:00Z,2026-08-14T00:00:00Z,2026-08-20T21:00:00Z,165,spectrum,buoy,0.889,buoy,,,,0.889,14.5,201.0,recomputed
2026-08-14T05:30:00Z,2026-08-14T00:00:00Z,2026-08-20T21:00:00Z,165,spectrum,coronado_north,0.721,5m,5.0,0.721,0.548,0.889,14.5,213.0,recomputed
2026-08-14T05:30:00Z,2026-08-14T00:00:00Z,2026-08-20T21:00:00Z,165,spectrum,coronado_center,0.489,5m,5.0,0.489,0.574,0.889,14.5,235.0,recomputed
2026-08-14T05:30:00Z,2026-08-14T00:00:00Z,2026-08-20T21:00:00Z,165,spectrum,coronado_south,0.454,5m,5.0,0.454,0.594,0.889,6.9,255.0,recomputed
2026-08-14T05:30:00Z,2026-08-14T00:00:00Z,2026-08-21T00:00:00Z,168,spectrum,buoy,0.866,buoy,,,,0.866,14.5,201.0,recomputed
2026-08-14T05:30:00Z,2026-08-14T00:00:00Z,2026-08-21T00:00:00Z,168,spectrum,coronado_north,0.708,5m,5.0,0.708,0.544,0.866,14.5,213.0,recomputed
2026-08-14T05:30:00Z,2026-08-14T00:00:00Z,2026-08-21T00:00:00Z,168,spectrum,coronado_center,0.481,5m,5.0,0.481,0.569,0.866,14.5,235.0,recomputed
2026-08-14T05:30:00Z,2026-08-14T00:00:00Z,2026-08-21T00:00:00Z,168,spectrum,coronado_south,0.445,5m,5.0,0.445,0.588,0.866,6.9,253.0,recomputed
2026-08-15T05:30:00Z,2026-08-15T00:00:00Z,2026-08-15T00:00:00Z,0,spectrum,buoy,0.789,buoy,,,,0.789,14.5,212.0,recomputed
2026-08-15T05:30:00Z,2026-08-15T00:00:00Z,2026-08-15T00:00:00Z,0,spectrum,coronado_north,0.952,5m,5.0,0.952,0.689,0.789,14.5,217.0,recomputed
2026-08-15T05:30:00Z,2026-08-15T00:00:00Z,2026-08-15T00:00:00Z,0,spectrum,coronado_center,0.656,5m,5.0,0.656,0.699,0.789,14.5,226.0,recomputed
2026-08-15T05:30:00Z,2026-08-15T00:00:00Z,2026-08-15T00:00:00Z,0,spectrum,coronado_south,0.379,5m,5.0,0.379,0.692,0.789,11.9,210.0,recomputed
2026-08-15T05:30:00Z,2026-08-15T00:00:00Z,2026-08-15T03:00:00Z,3,spectrum,buoy,0.817,buoy,,,,0.817,14.5,212.0,recomputed
2026-08-15T05:30:00Z,2026-08-15T00:00:00Z,2026-08-15T03:00:00Z,3,spectrum,coronado_north,0.983,5m,5.0,0.983,0.713,0.817,14.5,216.0,recomputed
2026-08-15T05:30:00Z,2026-08-15T00:00:00Z,2026-08-15T03:00:00Z,3,spectrum,coronado_center,0.675,5m,5.0,0.675,0.723,0.817,14.5,226.0,recomputed
2026-08-15T05:30:00Z,2026-08-15T00:00:00Z,2026-08-15T03:00:00Z,3,spectrum,coronado_south,0.385,5m,5.0,0.385,0.716,0.817,11.9,207.0,recomputed
2026-08-15T05:30:00Z,2026-08-15T00:00:00Z,2026-08-15T06:00:00Z,6,spectrum,buoy,0.842,buoy,,,,0.842,14.5,213.0,recomputed
2026-08-15T05:30:00Z,2026-08-15T00:00:00Z,2026-08-15T06:00:00Z,6,spectrum,coronado_north,1.014,5m,5.0,1.014,0.733,0.842,14.5,217.0,recomputed
2026-08-15T05:30:00Z,2026-08-15T00:00:00Z,2026-08-15T06:00:00Z,6,spectrum,coronado_center,0.694,5m,5.0,0.694,0.744,0.842,14.5,226.0,recomputed
2026-08-15T05:30:00Z,2026-08-15T00:00:00Z,2026-08-15T06:00:00Z,6,spectrum,coronado_south,0.391,5m,5.0,0.391,0.737,0.842,11.9,207.0,recomputed
2026-08-15T05:30:00Z,2026-08-15T00:00:00Z,2026-08-15T09:00:00Z,9,spectrum,buoy,0.856,buoy,,,,0.856,14.5,212.0,recomputed
2026-08-15T05:30:00Z,2026-08-15T00:00:00Z,2026-08-15T09:00:00Z,9,spectrum,coronado_north,1.03,5m,5.0,1.03,0.743,0.856,14.5,217.0,recomputed
2026-08-15T05:30:00Z,2026-08-15T00:00:00Z,2026-08-15T09:00:00Z,9,spectrum,coronado_center,0.7,5m,5.0,0.7,0.755,0.856,14.5,226.0,recomputed
2026-08-15T05:30:00Z,2026-08-15T00:00:00Z,2026-08-15T09:00:00Z,9,spectrum,coronado_south,0.4,5m,5.0,0.4,0.749,0.856,14.5,210.0,recomputed
2026-08-15T05:30:00Z,2026-08-15T00:00:00Z,2026-08-15T12:00:00Z,12,spectrum,buoy,0.865,buoy,,,,0.865,16.6,205.0,recomputed
2026-08-15T05:30:00Z,2026-08-15T00:00:00Z,2026-08-15T12:00:00Z,12,spectrum,coronado_north,1.041,5m,5.0,1.041,0.747,0.865,14.5,217.0,recomputed
2026-08-15T05:30:00Z,2026-08-15T00:00:00Z,2026-08-15T12:00:00Z,12,spectrum,coronado_center,0.696,5m,5.0,0.696,0.758,0.865,14.5,226.0,recomputed
2026-08-15T05:30:00Z,2026-08-15T00:00:00Z,2026-08-15T12:00:00Z,12,spectrum,coronado_south,0.397,5m,5.0,0.397,0.752,0.865,14.5,209.0,recomputed
2026-08-15T05:30:00Z,2026-08-15T00:00:00Z,2026-08-15T15:00:00Z,15,spectrum,buoy,0.871,buoy,,,,0.871,16.6,205.0,recomputed
2026-08-15T05:30:00Z,2026-08-15T00:00:00Z,2026-08-15T15:00:00Z,15,spectrum,coronado_north,1.046,5m,5.0,1.046,0.745,0.871,16.6,214.0,recomputed
2026-08-15T05:30:00Z,2026-08-15T00:00:00Z,2026-08-15T15:00:00Z,15,spectrum,coronado_center,0.687,5m,5.0,0.687,0.757,0.871,14.5,226.0,recomputed
2026-08-15T05:30:00Z,2026-08-15T00:00:00Z,2026-08-15T15:00:00Z,15,spectrum,coronado_south,0.392,5m,5.0,0.392,0.75,0.871,14.5,209.0,recomputed
2026-08-15T05:30:00Z,2026-08-15T00:00:00Z,2026-08-15T18:00:00Z,18,spectrum,buoy,0.896,buoy,,,,0.896,16.6,205.0,recomputed
2026-08-15T05:30:00Z,2026-08-15T00:00:00Z,2026-08-15T18:00:00Z,18,spectrum,coronado_north,1.055,5m,5.0,1.055,0.746,0.896,16.6,214.0,recomputed
2026-08-15T05:30:00Z,2026-08-15T00:00:00Z,2026-08-15T18:00:00Z,18,spectrum,coronado_center,0.683,5m,5.0,0.683,0.757,0.896,16.6,223.0,recomputed
2026-08-15T05:30:00Z,2026-08-15T00:00:00Z,2026-08-15T18:00:00Z,18,spectrum,coronado_south,0.39,5m,5.0,0.39,0.752,0.896,16.6,207.0,recomputed
2026-08-15T05:30:00Z,2026-08-15T00:00:00Z,2026-08-15T21:00:00Z,21,spectrum,buoy,0.951,buoy,,,,0.951,16.6,205.0,recomputed
2026-08-15T05:30:00Z,2026-08-15T00:00:00Z,2026-08-15T21:00:00Z,21,spectrum,coronado_north,1.057,5m,5.0,1.057,0.746,0.951,16.6,214.0,recomputed
2026-08-15T05:30:00Z,2026-08-15T00:00:00Z,2026-08-15T21:00:00Z,21,spectrum,coronado_center,0.688,5m,5.0,0.688,0.76,0.951,16.6,223.0,recomputed
2026-08-15T05:30:00Z,2026-08-15T00:00:00Z,2026-08-15T21:00:00Z,21,spectrum,coronado_south,0.443,5m,5.0,0.443,0.762,0.951,16.6,207.0,recomputed
2026-08-15T05:30:00Z,2026-08-15T00:00:00Z,2026-08-16T00:00:00Z,24,spectrum,buoy,1.014,buoy,,,,1.014,15.6,204.0,recomputed
2026-08-15T05:30:00Z,2026-08-15T00:00:00Z,2026-08-16T00:00:00Z,24,spectrum,coronado_north,1.062,5m,5.0,1.062,0.751,1.014,15.6,214.0,recomputed
2026-08-15T05:30:00Z,2026-08-15T00:00:00Z,2026-08-16T00:00:00Z,24,spectrum,coronado_center,0.682,5m,5.0,0.682,0.771,1.014,16.6,224.0,recomputed
2026-08-15T05:30:00Z,2026-08-15T00:00:00Z,2026-08-16T00:00:00Z,24,spectrum,coronado_south,0.438,5m,5.0,0.438,0.782,1.014,16.6,208.0,recomputed
2026-08-15T05:30:00Z,2026-08-15T00:00:00Z,2026-08-16T03:00:00Z,27,spectrum,buoy,1.025,buoy,,,,1.025,15.6,204.0,recomputed
2026-08-15T05:30:00Z,2026-08-15T00:00:00Z,2026-08-16T03:00:00Z,27,spectrum,coronado_north,1.068,5m,5.0,1.068,0.755,1.025,15.6,214.0,recomputed
2026-08-15T05:30:00Z,2026-08-15T00:00:00Z,2026-08-16T03:00:00Z,27,spectrum,coronado_center,0.68,5m,5.0,0.68,0.777,1.025,16.6,224.0,recomputed
2026-08-15T05:30:00Z,2026-08-15T00:00:00Z,2026-08-16T03:00:00Z,27,spectrum,coronado_south,0.446,5m,5.0,0.446,0.79,1.025,16.6,208.0,recomputed
2026-08-15T05:30:00Z,2026-08-15T00:00:00Z,2026-08-16T06:00:00Z,30,spectrum,buoy,1.032,buoy,,,,1.032,15.6,204.0,recomputed
2026-08-15T05:30:00Z,2026-08-15T00:00:00Z,2026-08-16T06:00:00Z,30,spectrum,coronado_north,1.068,5m,5.0,1.068,0.754,1.032,15.6,214.0,recomputed
2026-08-15T05:30:00Z,2026-08-15T00:00:00Z,2026-08-16T06:00:00Z,30,spectrum,coronado_center,0.671,5m,5.0,0.671,0.773,1.032,16.6,224.0,recomputed
2026-08-15T05:30:00Z,2026-08-15T00:00:00Z,2026-08-16T06:00:00Z,30,spectrum,coronado_south,0.434,5m,5.0,0.434,0.782,1.032,16.6,208.0,recomputed
2026-08-15T05:30:00Z,2026-08-15T00:00:00Z,2026-08-16T09:00:00Z,33,spectrum,buoy,0.999,buoy,,,,0.999,15.6,205.0,recomputed
2026-08-15T05:30:00Z,2026-08-15T00:00:00Z,2026-08-16T09:00:00Z,33,spectrum,coronado_north,1.055,5m,5.0,1.055,0.744,0.999,15.6,214.0,recomputed
2026-08-15T05:30:00Z,2026-08-15T00:00:00Z,2026-08-16T09:00:00Z,33,spectrum,coronado_center,0.656,5m,5.0,0.656,0.761,0.999,15.6,224.0,recomputed
2026-08-15T05:30:00Z,2026-08-15T00:00:00Z,2026-08-16T09:00:00Z,33,spectrum,coronado_south,0.414,5m,5.0,0.414,0.766,0.999,16.6,209.0,recomputed
2026-08-15T05:30:00Z,2026-08-15T00:00:00Z,2026-08-16T12:00:00Z,36,spectrum,buoy,0.973,buoy,,,,0.973,15.6,205.0,recomputed
2026-08-15T05:30:00Z,2026-08-15T00:00:00Z,2026-08-16T12:00:00Z,36,spectrum,coronado_north,1.034,5m,5.0,1.034,0.729,0.973,15.6,214.0,recomputed
2026-08-15T05:30:00Z,2026-08-15T00:00:00Z,2026-08-16T12:00:00Z,36,spectrum,coronado_center,0.639,5m,5.0,0.639,0.744,0.973,15.6,225.0,recomputed
2026-08-15T05:30:00Z,2026-08-15T00:00:00Z,2026-08-16T12:00:00Z,36,spectrum,coronado_south,0.397,5m,5.0,0.397,0.746,0.973,15.6,209.0,recomputed
2026-08-15T05:30:00Z,2026-08-15T00:00:00Z,2026-08-16T15:00:00Z,39,spectrum,buoy,0.94,buoy,,,,0.94,15.6,206.0,recomputed
2026-08-15T05:30:00Z,2026-08-15T00:00:00Z,2026-08-16T15:00:00Z,39,spectrum,coronado_north,1.017,5m,5.0,1.017,0.716,0.94,15.6,214.0,recomputed
2026-08-15T05:30:00Z,2026-08-15T00:00:00Z,2026-08-16T15:00:00Z,39,spectrum,coronado_center,0.624,5m,5.0,0.624,0.73,0.94,15.6,225.0,recomputed
2026-08-15T05:30:00Z,2026-08-15T00:00:00Z,2026-08-16T15:00:00Z,39,spectrum,coronado_south,0.385,5m,5.0,0.385,0.731,0.94,12.7,212.0,recomputed
2026-08-15T05:30:00Z,2026-08-15T00:00:00Z,2026-08-16T18:00:00Z,42,spectrum,buoy,0.918,buoy,,,,0.918,15.6,205.0,recomputed
2026-08-15T05:30:00Z,2026-08-15T00:00:00Z,2026-08-16T18:00:00Z,42,spectrum,coronado_north,1.003,5m,5.0,1.003,0.705,0.918,15.6,215.0,recomputed
2026-08-15T05:30:00Z,2026-08-15T00:00:00Z,2026-08-16T18:00:00Z,42,spectrum,coronado_center,0.61,5m,5.0,0.61,0.719,0.918,15.6,225.0,recomputed
2026-08-15T05:30:00Z,2026-08-15T00:00:00Z,2026-08-16T18:00:00Z,42,spectrum,coronado_south,0.378,5m,5.0,0.378,0.719,0.918,12.7,214.0,recomputed
2026-08-15T05:30:00Z,2026-08-15T00:00:00Z,2026-08-16T21:00:00Z,45,spectrum,buoy,0.933,buoy,,,,0.933,15.6,205.0,recomputed
2026-08-15T05:30:00Z,2026-08-15T00:00:00Z,2026-08-16T21:00:00Z,45,spectrum,coronado_north,0.989,5m,5.0,0.989,0.696,0.933,15.6,215.0,recomputed
2026-08-15T05:30:00Z,2026-08-15T00:00:00Z,2026-08-16T21:00:00Z,45,spectrum,coronado_center,0.602,5m,5.0,0.602,0.71,0.933,15.6,225.0,recomputed
2026-08-15T05:30:00Z,2026-08-15T00:00:00Z,2026-08-16T21:00:00Z,45,spectrum,coronado_south,0.407,5m,5.0,0.407,0.713,0.933,11.9,215.0,recomputed
2026-08-15T05:30:00Z,2026-08-15T00:00:00Z,2026-08-17T00:00:00Z,48,spectrum,buoy,1.019,buoy,,,,1.019,14.5,206.0,recomputed
2026-08-15T05:30:00Z,2026-08-15T00:00:00Z,2026-08-17T00:00:00Z,48,spectrum,coronado_north,0.972,5m,5.0,0.972,0.688,1.019,14.5,215.0,recomputed
2026-08-15T05:30:00Z,2026-08-15T00:00:00Z,2026-08-17T00:00:00Z,48,spectrum,coronado_center,0.606,5m,5.0,0.606,0.707,1.019,14.5,226.0,recomputed
2026-08-15T05:30:00Z,2026-08-15T00:00:00Z,2026-08-17T00:00:00Z,48,spectrum,coronado_south,0.416,5m,5.0,0.416,0.723,1.019,4.3,252.0,recomputed
2026-08-15T05:30:00Z,2026-08-15T00:00:00Z,2026-08-17T03:00:00Z,51,spectrum,buoy,1.117,buoy,,,,1.117,14.5,206.0,recomputed
2026-08-15T05:30:00Z,2026-08-15T00:00:00Z,2026-08-17T03:00:00Z,51,spectrum,coronado_north,0.954,5m,5.0,0.954,0.678,1.117,14.5,215.0,recomputed
2026-08-15T05:30:00Z,2026-08-15T00:00:00Z,2026-08-17T03:00:00Z,51,spectrum,coronado_center,0.62,5m,5.0,0.62,0.705,1.117,14.5,226.0,recomputed
2026-08-15T05:30:00Z,2026-08-15T00:00:00Z,2026-08-17T03:00:00Z,51,spectrum,coronado_south,0.467,5m,5.0,0.467,0.739,1.117,4.9,254.0,recomputed
2026-08-15T05:30:00Z,2026-08-15T00:00:00Z,2026-08-17T06:00:00Z,54,spectrum,buoy,1.121,buoy,,,,1.121,14.5,206.0,recomputed
2026-08-15T05:30:00Z,2026-08-15T00:00:00Z,2026-08-17T06:00:00Z,54,spectrum,coronado_north,0.929,5m,5.0,0.929,0.662,1.121,14.5,215.0,recomputed
2026-08-15T05:30:00Z,2026-08-15T00:00:00Z,2026-08-17T06:00:00Z,54,spectrum,coronado_center,0.618,5m,5.0,0.618,0.69,1.121,14.5,226.0,recomputed
2026-08-15T05:30:00Z,2026-08-15T00:00:00Z,2026-08-17T06:00:00Z,54,spectrum,coronado_south,0.479,5m,5.0,0.479,0.727,1.121,5.3,256.0,recomputed
2026-08-15T05:30:00Z,2026-08-15T00:00:00Z,2026-08-17T09:00:00Z,57,spectrum,buoy,1.066,buoy,,,,1.066,14.5,206.0,recomputed
2026-08-15T05:30:00Z,2026-08-15T00:00:00Z,2026-08-17T09:00:00Z,57,spectrum,coronado_north,0.903,5m,5.0,0.903,0.645,1.066,14.5,215.0,recomputed
2026-08-15T05:30:00Z,2026-08-15T00:00:00Z,2026-08-17T09:00:00Z,57,spectrum,coronado_center,0.601,5m,5.0,0.601,0.669,1.066,14.5,226.0,recomputed
2026-08-15T05:30:00Z,2026-08-15T00:00:00Z,2026-08-17T09:00:00Z,57,spectrum,coronado_south,0.459,5m,5.0,0.459,0.698,1.066,5.3,256.0,recomputed
2026-08-15T05:30:00Z,2026-08-15T00:00:00Z,2026-08-17T12:00:00Z,60,spectrum,buoy,1.012,buoy,,,,1.012,14.5,206.0,recomputed
2026-08-15T05:30:00Z,2026-08-15T00:00:00Z,2026-08-17T12:00:00Z,60,spectrum,coronado_north,0.883,5m,5.0,0.883,0.632,1.012,14.5,216.0,recomputed
2026-08-15T05:30:00Z,2026-08-15T00:00:00Z,2026-08-17T12:00:00Z,60,spectrum,coronado_center,0.587,5m,5.0,0.587,0.654,1.012,14.5,226.0,recomputed
2026-08-15T05:30:00Z,2026-08-15T00:00:00Z,2026-08-17T12:00:00Z,60,spectrum,coronado_south,0.442,5m,5.0,0.442,0.677,1.012,5.3,256.0,recomputed
2026-08-15T05:30:00Z,2026-08-15T00:00:00Z,2026-08-17T15:00:00Z,63,spectrum,buoy,0.966,buoy,,,,0.966,14.5,205.0,recomputed
2026-08-15T05:30:00Z,2026-08-15T00:00:00Z,2026-08-17T15:00:00Z,63,spectrum,coronado_north,0.866,5m,5.0,0.866,0.622,0.966,14.5,215.0,recomputed
2026-08-15T05:30:00Z,2026-08-15T00:00:00Z,2026-08-17T15:00:00Z,63,spectrum,coronado_center,0.574,5m,5.0,0.574,0.642,0.966,14.5,230.0,recomputed
2026-08-15T05:30:00Z,2026-08-15T00:00:00Z,2026-08-17T15:00:00Z,63,spectrum,coronado_south,0.44,5m,5.0,0.44,0.66,0.966,5.6,255.0,recomputed
2026-08-15T05:30:00Z,2026-08-15T00:00:00Z,2026-08-17T18:00:00Z,66,spectrum,buoy,0.951,buoy,,,,0.951,14.5,205.0,recomputed
2026-08-15T05:30:00Z,2026-08-15T00:00:00Z,2026-08-17T18:00:00Z,66,spectrum,coronado_north,0.853,5m,5.0,0.853,0.616,0.951,14.5,215.0,recomputed
2026-08-15T05:30:00Z,2026-08-15T00:00:00Z,2026-08-17T18:00:00Z,66,spectrum,coronado_center,0.565,5m,5.0,0.565,0.636,0.951,14.5,228.0,recomputed
2026-08-15T05:30:00Z,2026-08-15T00:00:00Z,2026-08-17T18:00:00Z,66,spectrum,coronado_south,0.419,5m,5.0,0.419,0.653,0.951,5.6,254.0,recomputed
2026-08-15T05:30:00Z,2026-08-15T00:00:00Z,2026-08-17T21:00:00Z,69,spectrum,buoy,0.97,buoy,,,,0.97,14.5,204.0,recomputed
2026-08-15T05:30:00Z,2026-08-15T00:00:00Z,2026-08-17T21:00:00Z,69,spectrum,coronado_north,0.839,5m,5.0,0.839,0.61,0.97,14.5,215.0,recomputed
2026-08-15T05:30:00Z,2026-08-15T00:00:00Z,2026-08-17T21:00:00Z,69,spectrum,coronado_center,0.57,5m,5.0,0.57,0.633,0.97,14.5,227.0,recomputed
2026-08-15T05:30:00Z,2026-08-15T00:00:00Z,2026-08-17T21:00:00Z,69,spectrum,coronado_south,0.453,5m,5.0,0.453,0.654,0.97,4.6,254.0,recomputed
2026-08-15T05:30:00Z,2026-08-15T00:00:00Z,2026-08-18T00:00:00Z,72,spectrum,buoy,1.035,buoy,,,,1.035,14.5,204.0,recomputed
2026-08-15T05:30:00Z,2026-08-15T00:00:00Z,2026-08-18T00:00:00Z,72,spectrum,coronado_north,0.83,5m,5.0,0.83,0.608,1.035,14.5,215.0,recomputed
2026-08-15T05:30:00Z,2026-08-15T00:00:00Z,2026-08-18T00:00:00Z,72,spectrum,coronado_center,0.572,5m,5.0,0.572,0.637,1.035,14.5,226.0,recomputed
2026-08-15T05:30:00Z,2026-08-15T00:00:00Z,2026-08-18T00:00:00Z,72,spectrum,coronado_south,0.462,5m,5.0,0.462,0.671,1.035,4.9,254.0,recomputed
2026-08-15T05:30:00Z,2026-08-15T00:00:00Z,2026-08-18T03:00:00Z,75,spectrum,buoy,1.084,buoy,,,,1.084,5.3,281.0,recomputed
2026-08-15T05:30:00Z,2026-08-15T00:00:00Z,2026-08-18T03:00:00Z,75,spectrum,coronado_north,0.822,5m,5.0,0.822,0.603,1.084,13.6,215.0,recomputed
2026-08-15T05:30:00Z,2026-08-15T00:00:00Z,2026-08-18T03:00:00Z,75,spectrum,coronado_center,0.58,5m,5.0,0.58,0.636,1.084,14.5,227.0,recomputed
2026-08-15T05:30:00Z,2026-08-15T00:00:00Z,2026-08-18T03:00:00Z,75,spectrum,coronado_south,0.506,5m,5.0,0.506,0.678,1.084,5.3,255.0,recomputed
2026-08-15T05:30:00Z,2026-08-15T00:00:00Z,2026-08-18T06:00:00Z,78,spectrum,buoy,1.089,buoy,,,,1.089,5.3,281.0,recomputed
2026-08-15T05:30:00Z,2026-08-15T00:00:00Z,2026-08-18T06:00:00Z,78,spectrum,coronado_north,0.817,5m,5.0,0.817,0.597,1.089,13.6,215.0,recomputed
2026-08-15T05:30:00Z,2026-08-15T00:00:00Z,2026-08-18T06:00:00Z,78,spectrum,coronado_center,0.579,5m,5.0,0.579,0.629,1.089,13.6,227.0,recomputed
2026-08-15T05:30:00Z,2026-08-15T00:00:00Z,2026-08-18T06:00:00Z,78,spectrum,coronado_south,0.497,5m,5.0,0.497,0.672,1.089,5.6,256.0,recomputed
2026-08-15T05:30:00Z,2026-08-15T00:00:00Z,2026-08-18T09:00:00Z,81,spectrum,buoy,1.054,buoy,,,,1.054,5.6,282.0,recomputed
2026-08-15T05:30:00Z,2026-08-15T00:00:00Z,2026-08-18T09:00:00Z,81,spectrum,coronado_north,0.814,5m,5.0,0.814,0.593,1.054,13.6,215.0,recomputed
2026-08-15T05:30:00Z,2026-08-15T00:00:00Z,2026-08-18T09:00:00Z,81,spectrum,coronado_center,0.57,5m,5.0,0.57,0.622,1.054,13.6,227.0,recomputed
2026-08-15T05:30:00Z,2026-08-15T00:00:00Z,2026-08-18T09:00:00Z,81,spectrum,coronado_south,0.5,5m,5.0,0.5,0.66,1.054,5.6,256.0,recomputed
2026-08-15T05:30:00Z,2026-08-15T00:00:00Z,2026-08-18T12:00:00Z,84,spectrum,buoy,1.021,buoy,,,,1.021,13.6,204.0,recomputed
2026-08-15T05:30:00Z,2026-08-15T00:00:00Z,2026-08-18T12:00:00Z,84,spectrum,coronado_north,0.807,5m,5.0,0.807,0.589,1.021,13.6,215.0,recomputed
2026-08-15T05:30:00Z,2026-08-15T00:00:00Z,2026-08-18T12:00:00Z,84,spectrum,coronado_center,0.555,5m,5.0,0.555,0.614,1.021,13.6,225.0,recomputed
2026-08-15T05:30:00Z,2026-08-15T00:00:00Z,2026-08-18T12:00:00Z,84,spectrum,coronado_south,0.478,5m,5.0,0.478,0.644,1.021,6.9,257.0,recomputed
2026-08-15T05:30:00Z,2026-08-15T00:00:00Z,2026-08-18T15:00:00Z,87,spectrum,buoy,0.976,buoy,,,,0.976,13.6,204.0,recomputed
2026-08-15T05:30:00Z,2026-08-15T00:00:00Z,2026-08-18T15:00:00Z,87,spectrum,coronado_north,0.8,5m,5.0,0.8,0.585,0.976,13.6,214.0,recomputed
2026-08-15T05:30:00Z,2026-08-15T00:00:00Z,2026-08-18T15:00:00Z,87,spectrum,coronado_center,0.537,5m,5.0,0.537,0.608,0.976,13.6,231.0,recomputed
2026-08-15T05:30:00Z,2026-08-15T00:00:00Z,2026-08-18T15:00:00Z,87,spectrum,coronado_south,0.467,5m,5.0,0.467,0.631,0.976,6.9,254.0,recomputed
2026-08-15T05:30:00Z,2026-08-15T00:00:00Z,2026-08-18T18:00:00Z,90,spectrum,buoy,0.955,buoy,,,,0.955,13.6,204.0,recomputed
2026-08-15T05:30:00Z,2026-08-15T00:00:00Z,2026-08-18T18:00:00Z,90,spectrum,coronado_north,0.794,5m,5.0,0.794,0.582,0.955,13.6,214.0,recomputed
2026-08-15T05:30:00Z,2026-08-15T00:00:00Z,2026-08-18T18:00:00Z,90,spectrum,coronado_center,0.531,5m,5.0,0.531,0.605,0.955,13.6,228.0,recomputed
2026-08-15T05:30:00Z,2026-08-15T00:00:00Z,2026-08-18T18:00:00Z,90,spectrum,coronado_south,0.463,5m,5.0,0.463,0.627,0.955,6.9,245.0,recomputed
2026-08-15T05:30:00Z,2026-08-15T00:00:00Z,2026-08-18T21:00:00Z,93,spectrum,buoy,0.957,buoy,,,,0.957,13.6,204.0,recomputed
2026-08-15T05:30:00Z,2026-08-15T00:00:00Z,2026-08-18T21:00:00Z,93,spectrum,coronado_north,0.795,5m,5.0,0.795,0.583,0.957,13.6,214.0,recomputed
2026-08-15T05:30:00Z,2026-08-15T00:00:00Z,2026-08-18T21:00:00Z,93,spectrum,coronado_center,0.531,5m,5.0,0.531,0.609,0.957,13.6,228.0,recomputed
2026-08-15T05:30:00Z,2026-08-15T00:00:00Z,2026-08-18T21:00:00Z,93,spectrum,coronado_south,0.462,5m,5.0,0.462,0.634,0.957,5.3,253.0,recomputed
2026-08-15T05:30:00Z,2026-08-15T00:00:00Z,2026-08-19T00:00:00Z,96,spectrum,buoy,0.953,buoy,,,,0.953,13.6,204.0,recomputed
2026-08-15T05:30:00Z,2026-08-15T00:00:00Z,2026-08-19T00:00:00Z,96,spectrum,coronado_north,0.8,5m,5.0,0.8,0.587,0.953,13.6,213.0,recomputed
2026-08-15T05:30:00Z,2026-08-15T00:00:00Z,2026-08-19T00:00:00Z,96,spectrum,coronado_center,0.536,5m,5.0,0.536,0.614,0.953,13.6,232.0,recomputed
2026-08-15T05:30:00Z,2026-08-15T00:00:00Z,2026-08-19T00:00:00Z,96,spectrum,coronado_south,0.467,5m,5.0,0.467,0.639,0.953,5.3,253.0,recomputed
2026-08-15T05:30:00Z,2026-08-15T00:00:00Z,2026-08-19T03:00:00Z,99,spectrum,buoy,0.946,buoy,,,,0.946,13.6,204.0,recomputed
2026-08-15T05:30:00Z,2026-08-15T00:00:00Z,2026-08-19T03:00:00Z,99,spectrum,coronado_north,0.803,5m,5.0,0.803,0.591,0.946,13.6,215.0,recomputed
2026-08-15T05:30:00Z,2026-08-15T00:00:00Z,2026-08-19T03:00:00Z,99,spectrum,coronado_center,0.537,5m,5.0,0.537,0.618,0.946,13.6,231.0,recomputed
2026-08-15T05:30:00Z,2026-08-15T00:00:00Z,2026-08-19T03:00:00Z,99,spectrum,coronado_south,0.467,5m,5.0,0.467,0.644,0.946,4.6,252.0,recomputed
2026-08-15T05:30:00Z,2026-08-15T00:00:00Z,2026-08-19T06:00:00Z,102,spectrum,buoy,0.941,buoy,,,,0.941,15.6,202.0,recomputed
2026-08-15T05:30:00Z,2026-08-15T00:00:00Z,2026-08-19T06:00:00Z,102,spectrum,coronado_north,0.804,5m,5.0,0.804,0.593,0.941,15.6,213.0,recomputed
2026-08-15T05:30:00Z,2026-08-15T00:00:00Z,2026-08-19T06:00:00Z,102,spectrum,coronado_center,0.537,5m,5.0,0.537,0.62,0.941,16.6,226.0,recomputed
2026-08-15T05:30:00Z,2026-08-15T00:00:00Z,2026-08-19T06:00:00Z,102,spectrum,coronado_south,0.466,5m,5.0,0.466,0.646,0.941,4.6,252.0,recomputed
2026-08-15T05:30:00Z,2026-08-15T00:00:00Z,2026-08-19T09:00:00Z,105,spectrum,buoy,0.919,buoy,,,,0.919,15.6,201.0,recomputed
2026-08-15T05:30:00Z,2026-08-15T00:00:00Z,2026-08-19T09:00:00Z,105,spectrum,coronado_north,0.796,5m,5.0,0.796,0.589,0.919,15.6,213.0,recomputed
2026-08-15T05:30:00Z,2026-08-15T00:00:00Z,2026-08-19T09:00:00Z,105,spectrum,coronado_center,0.526,5m,5.0,0.526,0.615,0.919,16.6,226.0,recomputed
2026-08-15T05:30:00Z,2026-08-15T00:00:00Z,2026-08-19T09:00:00Z,105,spectrum,coronado_south,0.454,5m,5.0,0.454,0.639,0.919,5.3,251.0,recomputed
2026-08-15T05:30:00Z,2026-08-15T00:00:00Z,2026-08-19T12:00:00Z,108,spectrum,buoy,0.89,buoy,,,,0.89,14.5,203.0,recomputed
2026-08-15T05:30:00Z,2026-08-15T00:00:00Z,2026-08-19T12:00:00Z,108,spectrum,coronado_north,0.791,5m,5.0,0.791,0.585,0.89,16.6,213.0,recomputed
2026-08-15T05:30:00Z,2026-08-15T00:00:00Z,2026-08-19T12:00:00Z,108,spectrum,coronado_center,0.514,5m,5.0,0.514,0.608,0.89,16.6,226.0,recomputed
2026-08-15T05:30:00Z,2026-08-15T00:00:00Z,2026-08-19T12:00:00Z,108,spectrum,coronado_south,0.445,5m,5.0,0.445,0.628,0.89,5.3,251.0,recomputed
2026-08-15T05:30:00Z,2026-08-15T00:00:00Z,2026-08-19T15:00:00Z,111,spectrum,buoy,0.86,buoy,,,,0.86,14.5,203.0,recomputed
2026-08-15T05:30:00Z,2026-08-15T00:00:00Z,2026-08-19T15:00:00Z,111,spectrum,coronado_north,0.788,5m,5.0,0.788,0.582,0.86,14.5,212.0,recomputed
2026-08-15T05:30:00Z,2026-08-15T00:00:00Z,2026-08-19T15:00:00Z,111,spectrum,coronado_center,0.503,5m,5.0,0.503,0.602,0.86,16.6,226.0,recomputed
2026-08-15T05:30:00Z,2026-08-15T00:00:00Z,2026-08-19T15:00:00Z,111,spectrum,coronado_south,0.426,5m,5.0,0.426,0.617,0.86,9.0,251.0,recomputed
2026-08-15T05:30:00Z,2026-08-15T00:00:00Z,2026-08-19T18:00:00Z,114,spectrum,buoy,0.839,buoy,,,,0.839,14.5,203.0,recomputed
2026-08-15T05:30:00Z,2026-08-15T00:00:00Z,2026-08-19T18:00:00Z,114,spectrum,coronado_north,0.792,5m,5.0,0.792,0.581,0.839,14.5,212.0,recomputed
2026-08-15T05:30:00Z,2026-08-15T00:00:00Z,2026-08-19T18:00:00Z,114,spectrum,coronado_center,0.503,5m,5.0,0.503,0.6,0.839,14.5,228.0,recomputed
2026-08-15T05:30:00Z,2026-08-15T00:00:00Z,2026-08-19T18:00:00Z,114,spectrum,coronado_south,0.431,5m,5.0,0.431,0.612,0.839,9.0,251.0,recomputed
2026-08-15T05:30:00Z,2026-08-15T00:00:00Z,2026-08-19T21:00:00Z,117,spectrum,buoy,0.83,buoy,,,,0.83,14.5,203.0,recomputed
2026-08-15T05:30:00Z,2026-08-15T00:00:00Z,2026-08-19T21:00:00Z,117,spectrum,coronado_north,0.789,5m,5.0,0.789,0.581,0.83,14.5,212.0,recomputed
2026-08-15T05:30:00Z,2026-08-15T00:00:00Z,2026-08-19T21:00:00Z,117,spectrum,coronado_center,0.492,5m,5.0,0.492,0.601,0.83,14.5,225.0,recomputed
2026-08-15T05:30:00Z,2026-08-15T00:00:00Z,2026-08-19T21:00:00Z,117,spectrum,coronado_south,0.419,5m,5.0,0.419,0.613,0.83,12.7,244.0,recomputed
2026-08-15T05:30:00Z,2026-08-15T00:00:00Z,2026-08-20T00:00:00Z,120,spectrum,buoy,0.81,buoy,,,,0.81,14.5,205.0,recomputed
2026-08-15T05:30:00Z,2026-08-15T00:00:00Z,2026-08-20T00:00:00Z,120,spectrum,coronado_north,0.785,5m,5.0,0.785,0.577,0.81,14.5,212.0,recomputed
2026-08-15T05:30:00Z,2026-08-15T00:00:00Z,2026-08-20T00:00:00Z,120,spectrum,coronado_center,0.481,5m,5.0,0.481,0.597,0.81,14.5,225.0,recomputed
2026-08-15T05:30:00Z,2026-08-15T00:00:00Z,2026-08-20T00:00:00Z,120,spectrum,coronado_south,0.403,5m,5.0,0.403,0.608,0.81,14.5,222.0,recomputed
2026-08-15T05:30:00Z,2026-08-15T00:00:00Z,2026-08-20T03:00:00Z,123,spectrum,buoy,0.789,buoy,,,,0.789,15.6,204.0,recomputed
2026-08-15T05:30:00Z,2026-08-15T00:00:00Z,2026-08-20T03:00:00Z,123,spectrum,coronado_north,0.783,5m,5.0,0.783,0.574,0.789,15.6,212.0,recomputed
2026-08-15T05:30:00Z,2026-08-15T00:00:00Z,2026-08-20T03:00:00Z,123,spectrum,coronado_center,0.473,5m,5.0,0.473,0.593,0.789,15.6,226.0,recomputed
2026-08-15T05:30:00Z,2026-08-15T00:00:00Z,2026-08-20T03:00:00Z,123,spectrum,coronado_south,0.399,5m,5.0,0.399,0.603,0.789,14.5,222.0,recomputed
2026-08-15T05:30:00Z,2026-08-15T00:00:00Z,2026-08-20T06:00:00Z,126,spectrum,buoy,0.776,buoy,,,,0.776,15.6,203.0,recomputed
2026-08-15T05:30:00Z,2026-08-15T00:00:00Z,2026-08-20T06:00:00Z,126,spectrum,coronado_north,0.783,5m,5.0,0.783,0.575,0.776,15.6,212.0,recomputed
2026-08-15T05:30:00Z,2026-08-15T00:00:00Z,2026-08-20T06:00:00Z,126,spectrum,coronado_center,0.461,5m,5.0,0.461,0.593,0.776,15.6,226.0,recomputed
2026-08-15T05:30:00Z,2026-08-15T00:00:00Z,2026-08-20T06:00:00Z,126,spectrum,coronado_south,0.381,5m,5.0,0.381,0.601,0.776,14.5,224.0,recomputed
2026-08-15T05:30:00Z,2026-08-15T00:00:00Z,2026-08-20T09:00:00Z,129,spectrum,buoy,0.765,buoy,,,,0.765,15.6,202.0,recomputed
2026-08-15T05:30:00Z,2026-08-15T00:00:00Z,2026-08-20T09:00:00Z,129,spectrum,coronado_north,0.781,5m,5.0,0.781,0.574,0.765,15.6,212.0,recomputed
2026-08-15T05:30:00Z,2026-08-15T00:00:00Z,2026-08-20T09:00:00Z,129,spectrum,coronado_center,0.453,5m,5.0,0.453,0.591,0.765,15.6,226.0,recomputed
2026-08-15T05:30:00Z,2026-08-15T00:00:00Z,2026-08-20T09:00:00Z,129,spectrum,coronado_south,0.372,5m,5.0,0.372,0.598,0.765,13.6,227.0,recomputed
2026-08-15T05:30:00Z,2026-08-15T00:00:00Z,2026-08-20T12:00:00Z,132,spectrum,buoy,0.754,buoy,,,,0.754,15.6,201.0,recomputed
2026-08-15T05:30:00Z,2026-08-15T00:00:00Z,2026-08-20T12:00:00Z,132,spectrum,coronado_north,0.768,5m,5.0,0.768,0.566,0.754,15.6,212.0,recomputed
2026-08-15T05:30:00Z,2026-08-15T00:00:00Z,2026-08-20T12:00:00Z,132,spectrum,coronado_center,0.446,5m,5.0,0.446,0.583,0.754,15.6,227.0,recomputed
2026-08-15T05:30:00Z,2026-08-15T00:00:00Z,2026-08-20T12:00:00Z,132,spectrum,coronado_south,0.367,5m,5.0,0.367,0.59,0.754,12.7,230.0,recomputed
2026-08-15T05:30:00Z,2026-08-15T00:00:00Z,2026-08-20T15:00:00Z,135,spectrum,buoy,0.741,buoy,,,,0.741,13.6,207.0,recomputed
2026-08-15T05:30:00Z,2026-08-15T00:00:00Z,2026-08-20T15:00:00Z,135,spectrum,coronado_north,0.748,5m,5.0,0.748,0.556,0.741,13.6,213.0,recomputed
2026-08-15T05:30:00Z,2026-08-15T00:00:00Z,2026-08-20T15:00:00Z,135,spectrum,coronado_center,0.439,5m,5.0,0.439,0.573,0.741,15.6,227.0,recomputed
2026-08-15T05:30:00Z,2026-08-15T00:00:00Z,2026-08-20T15:00:00Z,135,spectrum,coronado_south,0.367,5m,5.0,0.367,0.579,0.741,12.7,232.0,recomputed
2026-08-15T05:30:00Z,2026-08-15T00:00:00Z,2026-08-20T18:00:00Z,138,spectrum,buoy,0.734,buoy,,,,0.734,14.5,202.0,recomputed
2026-08-15T05:30:00Z,2026-08-15T00:00:00Z,2026-08-20T18:00:00Z,138,spectrum,coronado_north,0.733,5m,5.0,0.733,0.548,0.734,14.5,212.0,recomputed
2026-08-15T05:30:00Z,2026-08-15T00:00:00Z,2026-08-20T18:00:00Z,138,spectrum,coronado_center,0.435,5m,5.0,0.435,0.564,0.734,14.5,227.0,recomputed
2026-08-15T05:30:00Z,2026-08-15T00:00:00Z,2026-08-20T18:00:00Z,138,spectrum,coronado_south,0.37,5m,5.0,0.37,0.571,0.734,12.7,234.0,recomputed
2026-08-15T05:30:00Z,2026-08-15T00:00:00Z,2026-08-20T21:00:00Z,141,spectrum,buoy,0.741,buoy,,,,0.741,14.5,201.0,recomputed
2026-08-15T05:30:00Z,2026-08-15T00:00:00Z,2026-08-20T21:00:00Z,141,spectrum,coronado_north,0.727,5m,5.0,0.727,0.545,0.741,14.5,212.0,recomputed
2026-08-15T05:30:00Z,2026-08-15T00:00:00Z,2026-08-20T21:00:00Z,141,spectrum,coronado_center,0.441,5m,5.0,0.441,0.561,0.741,14.5,228.0,recomputed
2026-08-15T05:30:00Z,2026-08-15T00:00:00Z,2026-08-20T21:00:00Z,141,spectrum,coronado_south,0.392,5m,5.0,0.392,0.567,0.741,12.7,235.0,recomputed
2026-08-15T05:30:00Z,2026-08-15T00:00:00Z,2026-08-21T00:00:00Z,144,spectrum,buoy,0.754,buoy,,,,0.754,14.5,201.0,recomputed
2026-08-15T05:30:00Z,2026-08-15T00:00:00Z,2026-08-21T00:00:00Z,144,spectrum,coronado_north,0.72,5m,5.0,0.72,0.546,0.754,14.5,212.0,recomputed
2026-08-15T05:30:00Z,2026-08-15T00:00:00Z,2026-08-21T00:00:00Z,144,spectrum,coronado_center,0.434,5m,5.0,0.434,0.563,0.754,14.5,228.0,recomputed
2026-08-15T05:30:00Z,2026-08-15T00:00:00Z,2026-08-21T00:00:00Z,144,spectrum,coronado_south,0.381,5m,5.0,0.381,0.57,0.754,14.5,235.0,recomputed
2026-08-15T05:30:00Z,2026-08-15T00:00:00Z,2026-08-21T03:00:00Z,147,spectrum,buoy,0.758,buoy,,,,0.758,14.5,201.0,recomputed
2026-08-15T05:30:00Z,2026-08-15T00:00:00Z,2026-08-21T03:00:00Z,147,spectrum,coronado_north,0.713,5m,5.0,0.713,0.544,0.758,14.5,213.0,recomputed
2026-08-15T05:30:00Z,2026-08-15T00:00:00Z,2026-08-21T03:00:00Z,147,spectrum,coronado_center,0.429,5m,5.0,0.429,0.561,0.758,14.5,229.0,recomputed
2026-08-15T05:30:00Z,2026-08-15T00:00:00Z,2026-08-21T03:00:00Z,147,spectrum,coronado_south,0.387,5m,5.0,0.387,0.569,0.758,12.7,236.0,recomputed
2026-08-15T05:30:00Z,2026-08-15T00:00:00Z,2026-08-21T06:00:00Z,150,spectrum,buoy,0.759,buoy,,,,0.759,14.5,201.0,recomputed
2026-08-15T05:30:00Z,2026-08-15T00:00:00Z,2026-08-21T06:00:00Z,150,spectrum,coronado_north,0.701,5m,5.0,0.701,0.539,0.759,14.5,213.0,recomputed
2026-08-15T05:30:00Z,2026-08-15T00:00:00Z,2026-08-21T06:00:00Z,150,spectrum,coronado_center,0.426,5m,5.0,0.426,0.556,0.759,14.5,230.0,recomputed
2026-08-15T05:30:00Z,2026-08-15T00:00:00Z,2026-08-21T06:00:00Z,150,spectrum,coronado_south,0.388,5m,5.0,0.388,0.563,0.759,12.7,239.0,recomputed
2026-08-15T05:30:00Z,2026-08-15T00:00:00Z,2026-08-21T09:00:00Z,153,spectrum,buoy,0.749,buoy,,,,0.749,13.6,202.0,recomputed
2026-08-15T05:30:00Z,2026-08-15T00:00:00Z,2026-08-21T09:00:00Z,153,spectrum,coronado_north,0.688,5m,5.0,0.688,0.531,0.749,13.6,214.0,recomputed
2026-08-15T05:30:00Z,2026-08-15T00:00:00Z,2026-08-21T09:00:00Z,153,spectrum,coronado_center,0.421,5m,5.0,0.421,0.547,0.749,14.5,230.0,recomputed
2026-08-15T05:30:00Z,2026-08-15T00:00:00Z,2026-08-21T09:00:00Z,153,spectrum,coronado_south,0.383,5m,5.0,0.383,0.554,0.749,12.7,242.0,recomputed
2026-08-15T05:30:00Z,2026-08-15T00:00:00Z,2026-08-21T12:00:00Z,156,spectrum,buoy,0.734,buoy,,,,0.734,13.6,201.0,recomputed
2026-08-15T05:30:00Z,2026-08-15T00:00:00Z,2026-08-21T12:00:00Z,156,spectrum,coronado_north,0.675,5m,5.0,0.675,0.522,0.734,13.6,213.0,recomputed
2026-08-15T05:30:00Z,2026-08-15T00:00:00Z,2026-08-21T12:00:00Z,156,spectrum,coronado_center,0.415,5m,5.0,0.415,0.538,0.734,14.5,230.0,recomputed
2026-08-15T05:30:00Z,2026-08-15T00:00:00Z,2026-08-21T12:00:00Z,156,spectrum,coronado_south,0.37,5m,5.0,0.37,0.544,0.734,12.7,244.0,recomputed
2026-08-15T05:30:00Z,2026-08-15T00:00:00Z,2026-08-21T15:00:00Z,159,spectrum,buoy,0.732,buoy,,,,0.732,13.6,200.0,recomputed
2026-08-15T05:30:00Z,2026-08-15T00:00:00Z,2026-08-21T15:00:00Z,159,spectrum,coronado_north,0.665,5m,5.0,0.665,0.515,0.732,13.6,213.0,recomputed
2026-08-15T05:30:00Z,2026-08-15T00:00:00Z,2026-08-21T15:00:00Z,159,spectrum,coronado_center,0.416,5m,5.0,0.416,0.531,0.732,14.5,231.0,recomputed
2026-08-15T05:30:00Z,2026-08-15T00:00:00Z,2026-08-21T15:00:00Z,159,spectrum,coronado_south,0.37,5m,5.0,0.37,0.538,0.732,11.9,242.0,recomputed
2026-08-15T05:30:00Z,2026-08-15T00:00:00Z,2026-08-21T18:00:00Z,162,spectrum,buoy,0.745,buoy,,,,0.745,13.6,200.0,recomputed
2026-08-15T05:30:00Z,2026-08-15T00:00:00Z,2026-08-21T18:00:00Z,162,spectrum,coronado_north,0.659,5m,5.0,0.659,0.51,0.745,13.6,213.0,recomputed
2026-08-15T05:30:00Z,2026-08-15T00:00:00Z,2026-08-21T18:00:00Z,162,spectrum,coronado_center,0.423,5m,5.0,0.423,0.527,0.745,13.6,232.0,recomputed
2026-08-15T05:30:00Z,2026-08-15T00:00:00Z,2026-08-21T18:00:00Z,162,spectrum,coronado_south,0.39,5m,5.0,0.39,0.534,0.745,11.9,243.0,recomputed
2026-08-15T05:30:00Z,2026-08-15T00:00:00Z,2026-08-21T21:00:00Z,165,spectrum,buoy,0.765,buoy,,,,0.765,13.6,200.0,recomputed
2026-08-15T05:30:00Z,2026-08-15T00:00:00Z,2026-08-21T21:00:00Z,165,spectrum,coronado_north,0.654,5m,5.0,0.654,0.51,0.765,13.6,213.0,recomputed
2026-08-15T05:30:00Z,2026-08-15T00:00:00Z,2026-08-21T21:00:00Z,165,spectrum,coronado_center,0.431,5m,5.0,0.431,0.527,0.765,13.6,233.0,recomputed
2026-08-15T05:30:00Z,2026-08-15T00:00:00Z,2026-08-21T21:00:00Z,165,spectrum,coronado_south,0.413,5m,5.0,0.413,0.538,0.765,11.9,242.0,recomputed
2026-08-15T05:30:00Z,2026-08-15T00:00:00Z,2026-08-22T00:00:00Z,168,spectrum,buoy,0.78,buoy,,,,0.78,12.7,203.0,recomputed
2026-08-15T05:30:00Z,2026-08-15T00:00:00Z,2026-08-22T00:00:00Z,168,spectrum,coronado_north,0.648,5m,5.0,0.648,0.513,0.78,13.6,213.0,recomputed
2026-08-15T05:30:00Z,2026-08-15T00:00:00Z,2026-08-22T00:00:00Z,168,spectrum,coronado_center,0.42,5m,5.0,0.42,0.533,0.78,13.6,233.0,recomputed
2026-08-15T05:30:00Z,2026-08-15T00:00:00Z,2026-08-22T00:00:00Z,168,spectrum,coronado_south,0.401,5m,5.0,0.401,0.548,0.78,11.9,240.0,recomputed
2026-08-16T05:30:00Z,2026-08-16T00:00:00Z,2026-08-16T00:00:00Z,0,spectrum,buoy,1.0,buoy,,,,1.0,16.6,206.0,recomputed
2026-08-16T05:30:00Z,2026-08-16T00:00:00Z,2026-08-16T00:00:00Z,0,spectrum,coronado_north,1.067,5m,5.0,1.067,0.745,1.0,15.6,215.0,recomputed
2026-08-16T05:30:00Z,2026-08-16T00:00:00Z,2026-08-16T00:00:00Z,0,spectrum,coronado_center,0.69,5m,5.0,0.69,0.764,1.0,16.6,224.0,recomputed
2026-08-16T05:30:00Z,2026-08-16T00:00:00Z,2026-08-16T00:00:00Z,0,spectrum,coronado_south,0.429,5m,5.0,0.429,0.773,1.0,16.6,209.0,recomputed
2026-08-16T05:30:00Z,2026-08-16T00:00:00Z,2026-08-16T03:00:00Z,3,spectrum,buoy,1.012,buoy,,,,1.012,15.6,205.0,recomputed
2026-08-16T05:30:00Z,2026-08-16T00:00:00Z,2026-08-16T03:00:00Z,3,spectrum,coronado_north,1.078,5m,5.0,1.078,0.755,1.012,15.6,214.0,recomputed
2026-08-16T05:30:00Z,2026-08-16T00:00:00Z,2026-08-16T03:00:00Z,3,spectrum,coronado_center,0.695,5m,5.0,0.695,0.777,1.012,16.6,222.0,recomputed
2026-08-16T05:30:00Z,2026-08-16T00:00:00Z,2026-08-16T03:00:00Z,3,spectrum,coronado_south,0.44,5m,5.0,0.44,0.787,1.012,16.6,210.0,recomputed
2026-08-16T05:30:00Z,2026-08-16T00:00:00Z,2026-08-16T06:00:00Z,6,spectrum,buoy,1.023,buoy,,,,1.023,15.6,206.0,recomputed
2026-08-16T05:30:00Z,2026-08-16T00:00:00Z,2026-08-16T06:00:00Z,6,spectrum,coronado_north,1.082,5m,5.0,1.082,0.758,1.023,15.6,215.0,recomputed
2026-08-16T05:30:00Z,2026-08-16T00:00:00Z,2026-08-16T06:00:00Z,6,spectrum,coronado_center,0.693,5m,5.0,0.693,0.778,1.023,16.6,225.0,recomputed
2026-08-16T05:30:00Z,2026-08-16T00:00:00Z,2026-08-16T06:00:00Z,6,spectrum,coronado_south,0.437,5m,5.0,0.437,0.787,1.023,16.6,210.0,recomputed
2026-08-16T05:30:00Z,2026-08-16T00:00:00Z,2026-08-16T09:00:00Z,9,spectrum,buoy,0.993,buoy,,,,0.993,15.6,206.0,recomputed
2026-08-16T05:30:00Z,2026-08-16T00:00:00Z,2026-08-16T09:00:00Z,9,spectrum,coronado_north,1.066,5m,5.0,1.066,0.747,0.993,15.6,215.0,recomputed
2026-08-16T05:30:00Z,2026-08-16T00:00:00Z,2026-08-16T09:00:00Z,9,spectrum,coronado_center,0.677,5m,5.0,0.677,0.765,0.993,15.6,225.0,recomputed
2026-08-16T05:30:00Z,2026-08-16T00:00:00Z,2026-08-16T09:00:00Z,9,spectrum,coronado_south,0.422,5m,5.0,0.422,0.771,0.993,15.6,211.0,recomputed
2026-08-16T05:30:00Z,2026-08-16T00:00:00Z,2026-08-16T12:00:00Z,12,spectrum,buoy,0.973,buoy,,,,0.973,15.6,206.0,recomputed
2026-08-16T05:30:00Z,2026-08-16T00:00:00Z,2026-08-16T12:00:00Z,12,spectrum,coronado_north,1.042,5m,5.0,1.042,0.73,0.973,15.6,215.0,recomputed
2026-08-16T05:30:00Z,2026-08-16T00:00:00Z,2026-08-16T12:00:00Z,12,spectrum,coronado_center,0.655,5m,5.0,0.655,0.746,0.973,15.6,225.0,recomputed
2026-08-16T05:30:00Z,2026-08-16T00:00:00Z,2026-08-16T12:00:00Z,12,spectrum,coronado_south,0.404,5m,5.0,0.404,0.75,0.973,15.6,211.0,recomputed
2026-08-16T05:30:00Z,2026-08-16T00:00:00Z,2026-08-16T15:00:00Z,15,spectrum,buoy,0.939,buoy,,,,0.939,15.6,206.0,recomputed
2026-08-16T05:30:00Z,2026-08-16T00:00:00Z,2026-08-16T15:00:00Z,15,spectrum,coronado_north,1.023,5m,5.0,1.023,0.717,0.939,15.6,215.0,recomputed
2026-08-16T05:30:00Z,2026-08-16T00:00:00Z,2026-08-16T15:00:00Z,15,spectrum,coronado_center,0.636,5m,5.0,0.636,0.732,0.939,15.6,225.0,recomputed
2026-08-16T05:30:00Z,2026-08-16T00:00:00Z,2026-08-16T15:00:00Z,15,spectrum,coronado_south,0.393,5m,5.0,0.393,0.735,0.939,12.7,215.0,recomputed
2026-08-16T05:30:00Z,2026-08-16T00:00:00Z,2026-08-16T18:00:00Z,18,spectrum,buoy,0.922,buoy,,,,0.922,15.6,206.0,recomputed
2026-08-16T05:30:00Z,2026-08-16T00:00:00Z,2026-08-16T18:00:00Z,18,spectrum,coronado_north,1.005,5m,5.0,1.005,0.705,0.922,15.6,215.0,recomputed
2026-08-16T05:30:00Z,2026-08-16T00:00:00Z,2026-08-16T18:00:00Z,18,spectrum,coronado_center,0.619,5m,5.0,0.619,0.72,0.922,15.6,226.0,recomputed
2026-08-16T05:30:00Z,2026-08-16T00:00:00Z,2026-08-16T18:00:00Z,18,spectrum,coronado_south,0.386,5m,5.0,0.386,0.723,0.922,10.4,216.0,recomputed
2026-08-16T05:30:00Z,2026-08-16T00:00:00Z,2026-08-16T21:00:00Z,21,spectrum,buoy,0.956,buoy,,,,0.956,15.6,205.0,recomputed
2026-08-16T05:30:00Z,2026-08-16T00:00:00Z,2026-08-16T21:00:00Z,21,spectrum,coronado_north,0.988,5m,5.0,0.988,0.695,0.956,15.6,215.0,recomputed
2026-08-16T05:30:00Z,2026-08-16T00:00:00Z,2026-08-16T21:00:00Z,21,spectrum,coronado_center,0.609,5m,5.0,0.609,0.712,0.956,15.6,226.0,recomputed
2026-08-16T05:30:00Z,2026-08-16T00:00:00Z,2026-08-16T21:00:00Z,21,spectrum,coronado_south,0.423,5m,5.0,0.423,0.718,0.956,4.3,250.0,recomputed
2026-08-16T05:30:00Z,2026-08-16T00:00:00Z,2026-08-17T00:00:00Z,24,spectrum,buoy,1.051,buoy,,,,1.051,14.5,206.0,recomputed
2026-08-16T05:30:00Z,2026-08-16T00:00:00Z,2026-08-17T00:00:00Z,24,spectrum,coronado_north,0.973,5m,5.0,0.973,0.689,1.051,14.5,215.0,recomputed
2026-08-16T05:30:00Z,2026-08-16T00:00:00Z,2026-08-17T00:00:00Z,24,spectrum,coronado_center,0.617,5m,5.0,0.617,0.713,1.051,14.5,226.0,recomputed
2026-08-16T05:30:00Z,2026-08-16T00:00:00Z,2026-08-17T00:00:00Z,24,spectrum,coronado_south,0.442,5m,5.0,0.442,0.736,1.051,4.6,252.0,recomputed
2026-08-16T05:30:00Z,2026-08-16T00:00:00Z,2026-08-17T03:00:00Z,27,spectrum,buoy,1.105,buoy,,,,1.105,14.5,206.0,recomputed
2026-08-16T05:30:00Z,2026-08-16T00:00:00Z,2026-08-17T03:00:00Z,27,spectrum,coronado_north,0.954,5m,5.0,0.954,0.679,1.105,14.5,215.0,recomputed
2026-08-16T05:30:00Z,2026-08-16T00:00:00Z,2026-08-17T03:00:00Z,27,spectrum,coronado_center,0.626,5m,5.0,0.626,0.709,1.105,14.5,226.0,recomputed
2026-08-16T05:30:00Z,2026-08-16T00:00:00Z,2026-08-17T03:00:00Z,27,spectrum,coronado_south,0.476,5m,5.0,0.476,0.744,1.105,4.9,253.0,recomputed
2026-08-16T05:30:00Z,2026-08-16T00:00:00Z,2026-08-17T06:00:00Z,30,spectrum,buoy,1.12,buoy,,,,1.12,14.5,206.0,recomputed
2026-08-16T05:30:00Z,2026-08-16T00:00:00Z,2026-08-17T06:00:00Z,30,spectrum,coronado_north,0.928,5m,5.0,0.928,0.662,1.12,14.5,215.0,recomputed
2026-08-16T05:30:00Z,2026-08-16T00:00:00Z,2026-08-17T06:00:00Z,30,spectrum,coronado_center,0.618,5m,5.0,0.618,0.69,1.12,14.5,226.0,recomputed
2026-08-16T05:30:00Z,2026-08-16T00:00:00Z,2026-08-17T06:00:00Z,30,spectrum,coronado_south,0.478,5m,5.0,0.478,0.727,1.12,5.3,254.0,recomputed
2026-08-16T05:30:00Z,2026-08-16T00:00:00Z,2026-08-17T09:00:00Z,33,spectrum,buoy,1.062,buoy,,,,1.062,14.5,206.0,recomputed
2026-08-16T05:30:00Z,2026-08-16T00:00:00Z,2026-08-17T09:00:00Z,33,spectrum,coronado_north,0.902,5m,5.0,0.902,0.644,1.062,14.5,216.0,recomputed
2026-08-16T05:30:00Z,2026-08-16T00:00:00Z,2026-08-17T09:00:00Z,33,spectrum,coronado_center,0.607,5m,5.0,0.607,0.67,1.062,14.5,227.0,recomputed
2026-08-16T05:30:00Z,2026-08-16T00:00:00Z,2026-08-17T09:00:00Z,33,spectrum,coronado_south,0.466,5m,5.0,0.466,0.704,1.062,5.3,255.0,recomputed
2026-08-16T05:30:00Z,2026-08-16T00:00:00Z,2026-08-17T12:00:00Z,36,spectrum,buoy,1.025,buoy,,,,1.025,14.5,206.0,recomputed
2026-08-16T05:30:00Z,2026-08-16T00:00:00Z,2026-08-17T12:00:00Z,36,spectrum,coronado_north,0.88,5m,5.0,0.88,0.63,1.025,14.5,216.0,recomputed
2026-08-16T05:30:00Z,2026-08-16T00:00:00Z,2026-08-17T12:00:00Z,36,spectrum,coronado_center,0.593,5m,5.0,0.593,0.653,1.025,14.5,227.0,recomputed
2026-08-16T05:30:00Z,2026-08-16T00:00:00Z,2026-08-17T12:00:00Z,36,spectrum,coronado_south,0.451,5m,5.0,0.451,0.682,1.025,5.3,255.0,recomputed
2026-08-16T05:30:00Z,2026-08-16T00:00:00Z,2026-08-17T15:00:00Z,39,spectrum,buoy,1.012,buoy,,,,1.012,14.5,205.0,recomputed
2026-08-16T05:30:00Z,2026-08-16T00:00:00Z,2026-08-17T15:00:00Z,39,spectrum,coronado_north,0.858,5m,5.0,0.858,0.617,1.012,14.5,216.0,recomputed
2026-08-16T05:30:00Z,2026-08-16T00:00:00Z,2026-08-17T15:00:00Z,39,spectrum,coronado_center,0.583,5m,5.0,0.583,0.641,1.012,14.5,227.0,recomputed
2026-08-16T05:30:00Z,2026-08-16T00:00:00Z,2026-08-17T15:00:00Z,39,spectrum,coronado_south,0.444,5m,5.0,0.444,0.668,1.012,5.3,255.0,recomputed
2026-08-16T05:30:00Z,2026-08-16T00:00:00Z,2026-08-17T18:00:00Z,42,spectrum,buoy,1.004,buoy,,,,1.004,14.5,205.0,recomputed
2026-08-16T05:30:00Z,2026-08-16T00:00:00Z,2026-08-17T18:00:00Z,42,spectrum,coronado_north,0.84,5m,5.0,0.84,0.61,1.004,14.5,216.0,recomputed
2026-08-16T05:30:00Z,2026-08-16T00:00:00Z,2026-08-17T18:00:00Z,42,spectrum,coronado_center,0.582,5m,5.0,0.582,0.636,1.004,14.5,227.0,recomputed
2026-08-16T05:30:00Z,2026-08-16T00:00:00Z,2026-08-17T18:00:00Z,42,spectrum,coronado_south,0.453,5m,5.0,0.453,0.666,1.004,5.3,255.0,recomputed
2026-08-16T05:30:00Z,2026-08-16T00:00:00Z,2026-08-17T21:00:00Z,45,spectrum,buoy,1.014,buoy,,,,1.014,14.5,204.0,recomputed
2026-08-16T05:30:00Z,2026-08-16T00:00:00Z,2026-08-17T21:00:00Z,45,spectrum,coronado_north,0.823,5m,5.0,0.823,0.601,1.014,14.5,216.0,recomputed
2026-08-16T05:30:00Z,2026-08-16T00:00:00Z,2026-08-17T21:00:00Z,45,spectrum,coronado_center,0.58,5m,5.0,0.58,0.628,1.014,14.5,231.0,recomputed
2026-08-16T05:30:00Z,2026-08-16T00:00:00Z,2026-08-17T21:00:00Z,45,spectrum,coronado_south,0.481,5m,5.0,0.481,0.66,1.014,5.3,255.0,recomputed
2026-08-16T05:30:00Z,2026-08-16T00:00:00Z,2026-08-18T00:00:00Z,48,spectrum,buoy,1.111,buoy,,,,1.111,14.5,204.0,recomputed
2026-08-16T05:30:00Z,2026-08-16T00:00:00Z,2026-08-18T00:00:00Z,48,spectrum,coronado_north,0.812,5m,5.0,0.812,0.598,1.111,14.5,216.0,recomputed
2026-08-16T05:30:00Z,2026-08-16T00:00:00Z,2026-08-18T00:00:00Z,48,spectrum,coronado_center,0.591,5m,5.0,0.591,0.632,1.111,14.5,227.0,recomputed
2026-08-16T05:30:00Z,2026-08-16T00:00:00Z,2026-08-18T00:00:00Z,48,spectrum,coronado_south,0.491,5m,5.0,0.491,0.676,1.111,5.3,255.0,recomputed
2026-08-16T05:30:00Z,2026-08-16T00:00:00Z,2026-08-18T03:00:00Z,51,spectrum,buoy,1.172,buoy,,,,1.172,5.3,282.0,recomputed
2026-08-16T05:30:00Z,2026-08-16T00:00:00Z,2026-08-18T03:00:00Z,51,spectrum,coronado_north,0.809,5m,5.0,0.809,0.6,1.172,13.6,216.0,recomputed
2026-08-16T05:30:00Z,2026-08-16T00:00:00Z,2026-08-18T03:00:00Z,51,spectrum,coronado_center,0.615,5m,5.0,0.615,0.642,1.172,14.5,228.0,recomputed
2026-08-16T05:30:00Z,2026-08-16T00:00:00Z,2026-08-18T03:00:00Z,51,spectrum,coronado_south,0.54,5m,5.0,0.54,0.703,1.172,5.6,256.0,recomputed
2026-08-16T05:30:00Z,2026-08-16T00:00:00Z,2026-08-18T06:00:00Z,54,spectrum,buoy,1.159,buoy,,,,1.159,5.6,281.0,recomputed
2026-08-16T05:30:00Z,2026-08-16T00:00:00Z,2026-08-18T06:00:00Z,54,spectrum,coronado_north,0.804,5m,5.0,0.804,0.593,1.159,13.6,218.0,recomputed
2026-08-16T05:30:00Z,2026-08-16T00:00:00Z,2026-08-18T06:00:00Z,54,spectrum,coronado_center,0.611,5m,5.0,0.611,0.633,1.159,13.6,227.0,recomputed
2026-08-16T05:30:00Z,2026-08-16T00:00:00Z,2026-08-18T06:00:00Z,54,spectrum,coronado_south,0.54,5m,5.0,0.54,0.692,1.159,5.6,256.0,recomputed
2026-08-16T05:30:00Z,2026-08-16T00:00:00Z,2026-08-18T09:00:00Z,57,spectrum,buoy,1.121,buoy,,,,1.121,5.6,282.0,recomputed
2026-08-16T05:30:00Z,2026-08-16T00:00:00Z,2026-08-18T09:00:00Z,57,spectrum,coronado_north,0.799,5m,5.0,0.799,0.587,1.121,13.6,218.0,recomputed
2026-08-16T05:30:00Z,2026-08-16T00:00:00Z,2026-08-18T09:00:00Z,57,spectrum,coronado_center,0.601,5m,5.0,0.601,0.623,1.121,13.6,228.0,recomputed
2026-08-16T05:30:00Z,2026-08-16T00:00:00Z,2026-08-18T09:00:00Z,57,spectrum,coronado_south,0.529,5m,5.0,0.529,0.676,1.121,6.5,257.0,recomputed
2026-08-16T05:30:00Z,2026-08-16T00:00:00Z,2026-08-18T12:00:00Z,60,spectrum,buoy,1.085,buoy,,,,1.085,6.0,283.0,recomputed
2026-08-16T05:30:00Z,2026-08-16T00:00:00Z,2026-08-18T12:00:00Z,60,spectrum,coronado_north,0.792,5m,5.0,0.792,0.582,1.085,13.6,216.0,recomputed
2026-08-16T05:30:00Z,2026-08-16T00:00:00Z,2026-08-18T12:00:00Z,60,spectrum,coronado_center,0.59,5m,5.0,0.59,0.614,1.085,13.6,226.0,recomputed
2026-08-16T05:30:00Z,2026-08-16T00:00:00Z,2026-08-18T12:00:00Z,60,spectrum,coronado_south,0.522,5m,5.0,0.522,0.66,1.085,6.9,256.0,recomputed
2026-08-16T05:30:00Z,2026-08-16T00:00:00Z,2026-08-18T15:00:00Z,63,spectrum,buoy,1.044,buoy,,,,1.044,6.0,284.0,recomputed
2026-08-16T05:30:00Z,2026-08-16T00:00:00Z,2026-08-18T15:00:00Z,63,spectrum,coronado_north,0.784,5m,5.0,0.784,0.577,1.044,13.6,216.0,recomputed
2026-08-16T05:30:00Z,2026-08-16T00:00:00Z,2026-08-18T15:00:00Z,63,spectrum,coronado_center,0.581,5m,5.0,0.581,0.606,1.044,13.6,226.0,recomputed
2026-08-16T05:30:00Z,2026-08-16T00:00:00Z,2026-08-18T15:00:00Z,63,spectrum,coronado_south,0.521,5m,5.0,0.521,0.645,1.044,6.9,257.0,recomputed
2026-08-16T05:30:00Z,2026-08-16T00:00:00Z,2026-08-18T18:00:00Z,66,spectrum,buoy,1.008,buoy,,,,1.008,6.5,285.0,recomputed
2026-08-16T05:30:00Z,2026-08-16T00:00:00Z,2026-08-18T18:00:00Z,66,spectrum,coronado_north,0.776,5m,5.0,0.776,0.573,1.008,13.6,215.0,recomputed
2026-08-16T05:30:00Z,2026-08-16T00:00:00Z,2026-08-18T18:00:00Z,66,spectrum,coronado_center,0.57,5m,5.0,0.57,0.601,1.008,13.6,226.0,recomputed
2026-08-16T05:30:00Z,2026-08-16T00:00:00Z,2026-08-18T18:00:00Z,66,spectrum,coronado_south,0.513,5m,5.0,0.513,0.635,1.008,6.9,247.0,recomputed
2026-08-16T05:30:00Z,2026-08-16T00:00:00Z,2026-08-18T21:00:00Z,69,spectrum,buoy,0.989,buoy,,,,0.989,13.6,205.0,recomputed
2026-08-16T05:30:00Z,2026-08-16T00:00:00Z,2026-08-18T21:00:00Z,69,spectrum,coronado_north,0.778,5m,5.0,0.778,0.575,0.989,13.6,215.0,recomputed
2026-08-16T05:30:00Z,2026-08-16T00:00:00Z,2026-08-18T21:00:00Z,69,spectrum,coronado_center,0.568,5m,5.0,0.568,0.604,0.989,13.6,226.0,recomputed
2026-08-16T05:30:00Z,2026-08-16T00:00:00Z,2026-08-18T21:00:00Z,69,spectrum,coronado_south,0.508,5m,5.0,0.508,0.638,0.989,6.9,246.0,recomputed
2026-08-16T05:30:00Z,2026-08-16T00:00:00Z,2026-08-19T00:00:00Z,72,spectrum,buoy,0.994,buoy,,,,0.994,13.6,206.0,recomputed
2026-08-16T05:30:00Z,2026-08-16T00:00:00Z,2026-08-19T00:00:00Z,72,spectrum,coronado_north,0.785,5m,5.0,0.785,0.581,0.994,13.6,215.0,recomputed
2026-08-16T05:30:00Z,2026-08-16T00:00:00Z,2026-08-19T00:00:00Z,72,spectrum,coronado_center,0.577,5m,5.0,0.577,0.613,0.994,13.6,225.0,recomputed
2026-08-16T05:30:00Z,2026-08-16T00:00:00Z,2026-08-19T00:00:00Z,72,spectrum,coronado_south,0.518,5m,5.0,0.518,0.649,0.994,6.9,254.0,recomputed
2026-08-16T05:30:00Z,2026-08-16T00:00:00Z,2026-08-19T03:00:00Z,75,spectrum,buoy,1.005,buoy,,,,1.005,13.6,205.0,recomputed
2026-08-16T05:30:00Z,2026-08-16T00:00:00Z,2026-08-19T03:00:00Z,75,spectrum,coronado_north,0.792,5m,5.0,0.792,0.59,1.005,13.6,216.0,recomputed
2026-08-16T05:30:00Z,2026-08-16T00:00:00Z,2026-08-19T03:00:00Z,75,spectrum,coronado_center,0.581,5m,5.0,0.581,0.624,1.005,4.6,245.0,recomputed
2026-08-16T05:30:00Z,2026-08-16T00:00:00Z,2026-08-19T03:00:00Z,75,spectrum,coronado_south,0.519,5m,5.0,0.519,0.664,1.005,6.9,253.0,recomputed
2026-08-16T05:30:00Z,2026-08-16T00:00:00Z,2026-08-19T06:00:00Z,78,spectrum,buoy,1.002,buoy,,,,1.002,15.6,202.0,recomputed
2026-08-16T05:30:00Z,2026-08-16T00:00:00Z,2026-08-19T06:00:00Z,78,spectrum,coronado_north,0.791,5m,5.0,0.791,0.59,1.002,15.6,215.0,recomputed
2026-08-16T05:30:00Z,2026-08-16T00:00:00Z,2026-08-19T06:00:00Z,78,spectrum,coronado_center,0.585,5m,5.0,0.585,0.626,1.002,16.6,233.0,recomputed
2026-08-16T05:30:00Z,2026-08-16T00:00:00Z,2026-08-19T06:00:00Z,78,spectrum,coronado_south,0.525,5m,5.0,0.525,0.667,1.002,5.6,253.0,recomputed
2026-08-16T05:30:00Z,2026-08-16T00:00:00Z,2026-08-19T09:00:00Z,81,spectrum,buoy,0.978,buoy,,,,0.978,15.6,201.0,recomputed
2026-08-16T05:30:00Z,2026-08-16T00:00:00Z,2026-08-19T09:00:00Z,81,spectrum,coronado_north,0.782,5m,5.0,0.782,0.584,0.978,15.6,214.0,recomputed
2026-08-16T05:30:00Z,2026-08-16T00:00:00Z,2026-08-19T09:00:00Z,81,spectrum,coronado_center,0.576,5m,5.0,0.576,0.616,0.978,16.6,233.0,recomputed
2026-08-16T05:30:00Z,2026-08-16T00:00:00Z,2026-08-19T09:00:00Z,81,spectrum,coronado_south,0.519,5m,5.0,0.519,0.654,0.978,6.9,254.0,recomputed
2026-08-16T05:30:00Z,2026-08-16T00:00:00Z,2026-08-19T12:00:00Z,84,spectrum,buoy,0.957,buoy,,,,0.957,14.5,203.0,recomputed
2026-08-16T05:30:00Z,2026-08-16T00:00:00Z,2026-08-19T12:00:00Z,84,spectrum,coronado_north,0.775,5m,5.0,0.775,0.577,0.957,16.6,214.0,recomputed
2026-08-16T05:30:00Z,2026-08-16T00:00:00Z,2026-08-19T12:00:00Z,84,spectrum,coronado_center,0.56,5m,5.0,0.56,0.606,0.957,16.6,233.0,recomputed
2026-08-16T05:30:00Z,2026-08-16T00:00:00Z,2026-08-19T12:00:00Z,84,spectrum,coronado_south,0.498,5m,5.0,0.498,0.637,0.957,6.9,252.0,recomputed
2026-08-16T05:30:00Z,2026-08-16T00:00:00Z,2026-08-19T15:00:00Z,87,spectrum,buoy,0.948,buoy,,,,0.948,14.5,204.0,recomputed
2026-08-16T05:30:00Z,2026-08-16T00:00:00Z,2026-08-19T15:00:00Z,87,spectrum,coronado_north,0.774,5m,5.0,0.774,0.574,0.948,14.5,214.0,recomputed
2026-08-16T05:30:00Z,2026-08-16T00:00:00Z,2026-08-19T15:00:00Z,87,spectrum,coronado_center,0.553,5m,5.0,0.553,0.602,0.948,16.6,233.0,recomputed
2026-08-16T05:30:00Z,2026-08-16T00:00:00Z,2026-08-19T15:00:00Z,87,spectrum,coronado_south,0.491,5m,5.0,0.491,0.629,0.948,6.9,253.0,recomputed
2026-08-16T05:30:00Z,2026-08-16T00:00:00Z,2026-08-19T18:00:00Z,90,spectrum,buoy,0.935,buoy,,,,0.935,14.5,204.0,recomputed
2026-08-16T05:30:00Z,2026-08-16T00:00:00Z,2026-08-19T18:00:00Z,90,spectrum,coronado_north,0.775,5m,5.0,0.775,0.574,0.935,14.5,214.0,recomputed
2026-08-16T05:30:00Z,2026-08-16T00:00:00Z,2026-08-19T18:00:00Z,90,spectrum,coronado_center,0.547,5m,5.0,0.547,0.6,0.935,14.5,236.0,recomputed
2026-08-16T05:30:00Z,2026-08-16T00:00:00Z,2026-08-19T18:00:00Z,90,spectrum,coronado_south,0.488,5m,5.0,0.488,0.626,0.935,6.9,252.0,recomputed
2026-08-16T05:30:00Z,2026-08-16T00:00:00Z,2026-08-19T21:00:00Z,93,spectrum,buoy,0.924,buoy,,,,0.924,14.5,204.0,recomputed
2026-08-16T05:30:00Z,2026-08-16T00:00:00Z,2026-08-19T21:00:00Z,93,spectrum,coronado_north,0.772,5m,5.0,0.772,0.573,0.924,14.5,213.0,recomputed
2026-08-16T05:30:00Z,2026-08-16T00:00:00Z,2026-08-19T21:00:00Z,93,spectrum,coronado_center,0.542,5m,5.0,0.542,0.599,0.924,16.6,232.0,recomputed
2026-08-16T05:30:00Z,2026-08-16T00:00:00Z,2026-08-19T21:00:00Z,93,spectrum,coronado_south,0.487,5m,5.0,0.487,0.625,0.924,6.9,255.0,recomputed
2026-08-16T05:30:00Z,2026-08-16T00:00:00Z,2026-08-20T00:00:00Z,96,spectrum,buoy,0.91,buoy,,,,0.91,14.5,204.0,recomputed
2026-08-16T05:30:00Z,2026-08-16T00:00:00Z,2026-08-20T00:00:00Z,96,spectrum,coronado_north,0.773,5m,5.0,0.773,0.577,0.91,14.5,213.0,recomputed
2026-08-16T05:30:00Z,2026-08-16T00:00:00Z,2026-08-20T00:00:00Z,96,spectrum,coronado_center,0.535,5m,5.0,0.535,0.606,0.91,14.5,232.0,recomputed
2026-08-16T05:30:00Z,2026-08-16T00:00:00Z,2026-08-20T00:00:00Z,96,spectrum,coronado_south,0.476,5m,5.0,0.476,0.632,0.91,6.9,252.0,recomputed
2026-08-16T05:30:00Z,2026-08-16T00:00:00Z,2026-08-20T03:00:00Z,99,spectrum,buoy,0.897,buoy,,,,0.897,15.6,204.0,recomputed
2026-08-16T05:30:00Z,2026-08-16T00:00:00Z,2026-08-20T03:00:00Z,99,spectrum,coronado_north,0.777,5m,5.0,0.777,0.584,0.897,15.6,213.0,recomputed
2026-08-16T05:30:00Z,2026-08-16T00:00:00Z,2026-08-20T03:00:00Z,99,spectrum,coronado_center,0.531,5m,5.0,0.531,0.614,0.897,15.6,228.0,recomputed
2026-08-16T05:30:00Z,2026-08-16T00:00:00Z,2026-08-20T03:00:00Z,99,spectrum,coronado_south,0.46,5m,5.0,0.46,0.64,0.897,4.6,249.0,recomputed
2026-08-16T05:30:00Z,2026-08-16T00:00:00Z,2026-08-20T06:00:00Z,102,spectrum,buoy,0.883,buoy,,,,0.883,15.6,204.0,recomputed
2026-08-16T05:30:00Z,2026-08-16T00:00:00Z,2026-08-20T06:00:00Z,102,spectrum,coronado_north,0.778,5m,5.0,0.778,0.586,0.883,15.6,213.0,recomputed
2026-08-16T05:30:00Z,2026-08-16T00:00:00Z,2026-08-20T06:00:00Z,102,spectrum,coronado_center,0.52,5m,5.0,0.52,0.616,0.883,15.6,227.0,recomputed
2026-08-16T05:30:00Z,2026-08-16T00:00:00Z,2026-08-20T06:00:00Z,102,spectrum,coronado_south,0.452,5m,5.0,0.452,0.642,0.883,4.6,248.0,recomputed
2026-08-16T05:30:00Z,2026-08-16T00:00:00Z,2026-08-20T09:00:00Z,105,spectrum,buoy,0.861,buoy,,,,0.861,15.6,203.0,recomputed
2026-08-16T05:30:00Z,2026-08-16T00:00:00Z,2026-08-20T09:00:00Z,105,spectrum,coronado_north,0.776,5m,5.0,0.776,0.584,0.861,15.6,213.0,recomputed
2026-08-16T05:30:00Z,2026-08-16T00:00:00Z,2026-08-20T09:00:00Z,105,spectrum,coronado_center,0.515,5m,5.0,0.515,0.612,0.861,15.6,227.0,recomputed
2026-08-16T05:30:00Z,2026-08-16T00:00:00Z,2026-08-20T09:00:00Z,105,spectrum,coronado_south,0.447,5m,5.0,0.447,0.636,0.861,4.6,248.0,recomputed
2026-08-16T05:30:00Z,2026-08-16T00:00:00Z,2026-08-20T12:00:00Z,108,spectrum,buoy,0.839,buoy,,,,0.839,15.6,202.0,recomputed
2026-08-16T05:30:00Z,2026-08-16T00:00:00Z,2026-08-20T12:00:00Z,108,spectrum,coronado_north,0.761,5m,5.0,0.761,0.574,0.839,15.6,213.0,recomputed
2026-08-16T05:30:00Z,2026-08-16T00:00:00Z,2026-08-20T12:00:00Z,108,spectrum,coronado_center,0.501,5m,5.0,0.501,0.6,0.839,15.6,227.0,recomputed
2026-08-16T05:30:00Z,2026-08-16T00:00:00Z,2026-08-20T12:00:00Z,108,spectrum,coronado_south,0.432,5m,5.0,0.432,0.622,0.839,4.6,249.0,recomputed
2026-08-16T05:30:00Z,2026-08-16T00:00:00Z,2026-08-20T15:00:00Z,111,spectrum,buoy,0.836,buoy,,,,0.836,13.6,206.0,recomputed
2026-08-16T05:30:00Z,2026-08-16T00:00:00Z,2026-08-20T15:00:00Z,111,spectrum,coronado_north,0.74,5m,5.0,0.74,0.562,0.836,13.6,214.0,recomputed
2026-08-16T05:30:00Z,2026-08-16T00:00:00Z,2026-08-20T15:00:00Z,111,spectrum,coronado_center,0.489,5m,5.0,0.489,0.587,0.836,15.6,228.0,recomputed
2026-08-16T05:30:00Z,2026-08-16T00:00:00Z,2026-08-20T15:00:00Z,111,spectrum,coronado_south,0.423,5m,5.0,0.423,0.608,0.836,5.3,250.0,recomputed
2026-08-16T05:30:00Z,2026-08-16T00:00:00Z,2026-08-20T18:00:00Z,114,spectrum,buoy,0.843,buoy,,,,0.843,14.5,201.0,recomputed
2026-08-16T05:30:00Z,2026-08-16T00:00:00Z,2026-08-20T18:00:00Z,114,spectrum,coronado_north,0.728,5m,5.0,0.728,0.553,0.843,13.6,213.0,recomputed
2026-08-16T05:30:00Z,2026-08-16T00:00:00Z,2026-08-20T18:00:00Z,114,spectrum,coronado_center,0.491,5m,5.0,0.491,0.577,0.843,14.5,228.0,recomputed
2026-08-16T05:30:00Z,2026-08-16T00:00:00Z,2026-08-20T18:00:00Z,114,spectrum,coronado_south,0.426,5m,5.0,0.426,0.597,0.843,5.6,252.0,recomputed
2026-08-16T05:30:00Z,2026-08-16T00:00:00Z,2026-08-20T21:00:00Z,117,spectrum,buoy,0.843,buoy,,,,0.843,14.5,201.0,recomputed
2026-08-16T05:30:00Z,2026-08-16T00:00:00Z,2026-08-20T21:00:00Z,117,spectrum,coronado_north,0.723,5m,5.0,0.723,0.549,0.843,14.5,213.0,recomputed
2026-08-16T05:30:00Z,2026-08-16T00:00:00Z,2026-08-20T21:00:00Z,117,spectrum,coronado_center,0.493,5m,5.0,0.493,0.572,0.843,14.5,233.0,recomputed
2026-08-16T05:30:00Z,2026-08-16T00:00:00Z,2026-08-20T21:00:00Z,117,spectrum,coronado_south,0.445,5m,5.0,0.445,0.591,0.843,6.9,252.0,recomputed
2026-08-16T05:30:00Z,2026-08-16T00:00:00Z,2026-08-21T00:00:00Z,120,spectrum,buoy,0.837,buoy,,,,0.837,14.5,201.0,recomputed
2026-08-16T05:30:00Z,2026-08-16T00:00:00Z,2026-08-21T00:00:00Z,120,spectrum,coronado_north,0.709,5m,5.0,0.709,0.547,0.837,14.5,213.0,recomputed
2026-08-16T05:30:00Z,2026-08-16T00:00:00Z,2026-08-21T00:00:00Z,120,spectrum,coronado_center,0.477,5m,5.0,0.477,0.57,0.837,14.5,233.0,recomputed
2026-08-16T05:30:00Z,2026-08-16T00:00:00Z,2026-08-21T00:00:00Z,120,spectrum,coronado_south,0.429,5m,5.0,0.429,0.588,0.837,6.9,251.0,recomputed
2026-08-16T05:30:00Z,2026-08-16T00:00:00Z,2026-08-21T03:00:00Z,123,spectrum,buoy,0.827,buoy,,,,0.827,14.5,201.0,recomputed
2026-08-16T05:30:00Z,2026-08-16T00:00:00Z,2026-08-21T03:00:00Z,123,spectrum,coronado_north,0.7,5m,5.0,0.7,0.545,0.827,14.5,214.0,recomputed
2026-08-16T05:30:00Z,2026-08-16T00:00:00Z,2026-08-21T03:00:00Z,123,spectrum,coronado_center,0.473,5m,5.0,0.473,0.568,0.827,14.5,233.0,recomputed
2026-08-16T05:30:00Z,2026-08-16T00:00:00Z,2026-08-21T03:00:00Z,123,spectrum,coronado_south,0.428,5m,5.0,0.428,0.584,0.827,6.9,251.0,recomputed
2026-08-16T05:30:00Z,2026-08-16T00:00:00Z,2026-08-21T06:00:00Z,126,spectrum,buoy,0.815,buoy,,,,0.815,14.5,202.0,recomputed
2026-08-16T05:30:00Z,2026-08-16T00:00:00Z,2026-08-21T06:00:00Z,126,spectrum,coronado_north,0.689,5m,5.0,0.689,0.54,0.815,14.5,214.0,recomputed
2026-08-16T05:30:00Z,2026-08-16T00:00:00Z,2026-08-21T06:00:00Z,126,spectrum,coronado_center,0.466,5m,5.0,0.466,0.563,0.815,14.5,231.0,recomputed
2026-08-16T05:30:00Z,2026-08-16T00:00:00Z,2026-08-21T06:00:00Z,126,spectrum,coronado_south,0.425,5m,5.0,0.425,0.58,0.815,4.6,250.0,recomputed
2026-08-16T05:30:00Z,2026-08-16T00:00:00Z,2026-08-21T09:00:00Z,129,spectrum,buoy,0.812,buoy,,,,0.812,13.6,201.0,recomputed
2026-08-16T05:30:00Z,2026-08-16T00:00:00Z,2026-08-21T09:00:00Z,129,spectrum,coronado_north,0.678,5m,5.0,0.678,0.533,0.812,13.6,215.0,recomputed
2026-08-16T05:30:00Z,2026-08-16T00:00:00Z,2026-08-21T09:00:00Z,129,spectrum,coronado_center,0.461,5m,5.0,0.461,0.557,0.812,14.5,230.0,recomputed
2026-08-16T05:30:00Z,2026-08-16T00:00:00Z,2026-08-21T09:00:00Z,129,spectrum,coronado_south,0.425,5m,5.0,0.425,0.577,0.812,4.6,250.0,recomputed
2026-08-16T05:30:00Z,2026-08-16T00:00:00Z,2026-08-21T12:00:00Z,132,spectrum,buoy,0.821,buoy,,,,0.821,13.6,200.0,recomputed
2026-08-16T05:30:00Z,2026-08-16T00:00:00Z,2026-08-21T12:00:00Z,132,spectrum,coronado_north,0.666,5m,5.0,0.666,0.524,0.821,13.6,214.0,recomputed
2026-08-16T05:30:00Z,2026-08-16T00:00:00Z,2026-08-21T12:00:00Z,132,spectrum,coronado_center,0.463,5m,5.0,0.463,0.549,0.821,14.5,231.0,recomputed
2026-08-16T05:30:00Z,2026-08-16T00:00:00Z,2026-08-21T12:00:00Z,132,spectrum,coronado_south,0.433,5m,5.0,0.433,0.572,0.821,6.9,252.0,recomputed
2026-08-16T05:30:00Z,2026-08-16T00:00:00Z,2026-08-21T15:00:00Z,135,spectrum,buoy,0.837,buoy,,,,0.837,13.6,200.0,recomputed
2026-08-16T05:30:00Z,2026-08-16T00:00:00Z,2026-08-21T15:00:00Z,135,spectrum,coronado_north,0.66,5m,5.0,0.66,0.516,0.837,13.6,214.0,recomputed
2026-08-16T05:30:00Z,2026-08-16T00:00:00Z,2026-08-21T15:00:00Z,135,spectrum,coronado_center,0.467,5m,5.0,0.467,0.54,0.837,13.6,237.0,recomputed
2026-08-16T05:30:00Z,2026-08-16T00:00:00Z,2026-08-21T15:00:00Z,135,spectrum,coronado_south,0.443,5m,5.0,0.443,0.562,0.837,6.9,255.0,recomputed
2026-08-16T05:30:00Z,2026-08-16T00:00:00Z,2026-08-21T18:00:00Z,138,spectrum,buoy,0.826,buoy,,,,0.826,13.6,200.0,recomputed
2026-08-16T05:30:00Z,2026-08-16T00:00:00Z,2026-08-21T18:00:00Z,138,spectrum,coronado_north,0.652,5m,5.0,0.652,0.511,0.826,13.6,214.0,recomputed
2026-08-16T05:30:00Z,2026-08-16T00:00:00Z,2026-08-21T18:00:00Z,138,spectrum,coronado_center,0.461,5m,5.0,0.461,0.534,0.826,13.6,237.0,recomputed
2026-08-16T05:30:00Z,2026-08-16T00:00:00Z,2026-08-21T18:00:00Z,138,spectrum,coronado_south,0.435,5m,5.0,0.435,0.552,0.826,6.9,255.0,recomputed
2026-08-16T05:30:00Z,2026-08-16T00:00:00Z,2026-08-21T21:00:00Z,141,spectrum,buoy,0.797,buoy,,,,0.797,13.6,200.0,recomputed
2026-08-16T05:30:00Z,2026-08-16T00:00:00Z,2026-08-21T21:00:00Z,141,spectrum,coronado_north,0.645,5m,5.0,0.645,0.509,0.797,13.6,214.0,recomputed
2026-08-16T05:30:00Z,2026-08-16T00:00:00Z,2026-08-21T21:00:00Z,141,spectrum,coronado_center,0.448,5m,5.0,0.448,0.532,0.797,13.6,236.0,recomputed
2026-08-16T05:30:00Z,2026-08-16T00:00:00Z,2026-08-21T21:00:00Z,141,spectrum,coronado_south,0.42,5m,5.0,0.42,0.549,0.797,6.9,253.0,recomputed
2026-08-16T05:30:00Z,2026-08-16T00:00:00Z,2026-08-22T00:00:00Z,144,spectrum,buoy,0.774,buoy,,,,0.774,13.6,201.0,recomputed
2026-08-16T05:30:00Z,2026-08-16T00:00:00Z,2026-08-22T00:00:00Z,144,spectrum,coronado_north,0.635,5m,5.0,0.635,0.503,0.774,13.6,214.0,recomputed
2026-08-16T05:30:00Z,2026-08-16T00:00:00Z,2026-08-22T00:00:00Z,144,spectrum,coronado_center,0.436,5m,5.0,0.436,0.525,0.774,13.6,236.0,recomputed
2026-08-16T05:30:00Z,2026-08-16T00:00:00Z,2026-08-22T00:00:00Z,144,spectrum,coronado_south,0.41,5m,5.0,0.41,0.542,0.774,6.9,252.0,recomputed
2026-08-16T05:30:00Z,2026-08-16T00:00:00Z,2026-08-22T03:00:00Z,147,spectrum,buoy,0.76,buoy,,,,0.76,12.7,202.0,recomputed
2026-08-16T05:30:00Z,2026-08-16T00:00:00Z,2026-08-22T03:00:00Z,147,spectrum,coronado_north,0.627,5m,5.0,0.627,0.496,0.76,13.6,214.0,recomputed
2026-08-16T05:30:00Z,2026-08-16T00:00:00Z,2026-08-22T03:00:00Z,147,spectrum,coronado_center,0.433,5m,5.0,0.433,0.518,0.76,13.6,235.0,recomputed
2026-08-16T05:30:00Z,2026-08-16T00:00:00Z,2026-08-22T03:00:00Z,147,spectrum,coronado_south,0.404,5m,5.0,0.404,0.535,0.76,6.9,251.0,recomputed
2026-08-16T05:30:00Z,2026-08-16T00:00:00Z,2026-08-22T06:00:00Z,150,spectrum,buoy,0.756,buoy,,,,0.756,12.7,201.0,recomputed
2026-08-16T05:30:00Z,2026-08-16T00:00:00Z,2026-08-22T06:00:00Z,150,spectrum,coronado_north,0.616,5m,5.0,0.616,0.494,0.756,12.7,214.0,recomputed
2026-08-16T05:30:00Z,2026-08-16T00:00:00Z,2026-08-22T06:00:00Z,150,spectrum,coronado_center,0.423,5m,5.0,0.423,0.516,0.756,13.6,236.0,recomputed
2026-08-16T05:30:00Z,2026-08-16T00:00:00Z,2026-08-22T06:00:00Z,150,spectrum,coronado_south,0.405,5m,5.0,0.405,0.533,0.756,12.7,237.0,recomputed
2026-08-16T05:30:00Z,2026-08-16T00:00:00Z,2026-08-22T09:00:00Z,153,spectrum,buoy,0.772,buoy,,,,0.772,12.7,200.0,recomputed
2026-08-16T05:30:00Z,2026-08-16T00:00:00Z,2026-08-22T09:00:00Z,153,spectrum,coronado_north,0.619,5m,5.0,0.619,0.497,0.772,12.7,214.0,recomputed
2026-08-16T05:30:00Z,2026-08-16T00:00:00Z,2026-08-22T09:00:00Z,153,spectrum,coronado_center,0.434,5m,5.0,0.434,0.521,0.772,13.6,238.0,recomputed
2026-08-16T05:30:00Z,2026-08-16T00:00:00Z,2026-08-22T09:00:00Z,153,spectrum,coronado_south,0.416,5m,5.0,0.416,0.541,0.772,11.1,237.0,recomputed
2026-08-16T05:30:00Z,2026-08-16T00:00:00Z,2026-08-22T12:00:00Z,156,spectrum,buoy,0.806,buoy,,,,0.806,12.7,200.0,recomputed
2026-08-16T05:30:00Z,2026-08-16T00:00:00Z,2026-08-22T12:00:00Z,156,spectrum,coronado_north,0.625,5m,5.0,0.625,0.502,0.806,12.7,214.0,recomputed
2026-08-16T05:30:00Z,2026-08-16T00:00:00Z,2026-08-22T12:00:00Z,156,spectrum,coronado_center,0.45,5m,5.0,0.45,0.527,0.806,13.6,239.0,recomputed
2026-08-16T05:30:00Z,2026-08-16T00:00:00Z,2026-08-22T12:00:00Z,156,spectrum,coronado_south,0.437,5m,5.0,0.437,0.551,0.806,6.9,253.0,recomputed
2026-08-16T05:30:00Z,2026-08-16T00:00:00Z,2026-08-22T15:00:00Z,159,spectrum,buoy,0.844,buoy,,,,0.844,12.7,201.0,recomputed
2026-08-16T05:30:00Z,2026-08-16T00:00:00Z,2026-08-22T15:00:00Z,159,spectrum,coronado_north,0.626,5m,5.0,0.626,0.503,0.844,12.7,214.0,recomputed
2026-08-16T05:30:00Z,2026-08-16T00:00:00Z,2026-08-22T15:00:00Z,159,spectrum,coronado_center,0.464,5m,5.0,0.464,0.528,0.844,13.6,242.0,recomputed
2026-08-16T05:30:00Z,2026-08-16T00:00:00Z,2026-08-22T15:00:00Z,159,spectrum,coronado_south,0.463,5m,5.0,0.463,0.553,0.844,6.9,255.0,recomputed
2026-08-16T05:30:00Z,2026-08-16T00:00:00Z,2026-08-22T18:00:00Z,162,spectrum,buoy,0.849,buoy,,,,0.849,12.7,201.0,recomputed
2026-08-16T05:30:00Z,2026-08-16T00:00:00Z,2026-08-22T18:00:00Z,162,spectrum,coronado_north,0.623,5m,5.0,0.623,0.502,0.849,12.7,213.0,recomputed
2026-08-16T05:30:00Z,2026-08-16T00:00:00Z,2026-08-22T18:00:00Z,162,spectrum,coronado_center,0.463,5m,5.0,0.463,0.527,0.849,13.6,241.0,recomputed
2026-08-16T05:30:00Z,2026-08-16T00:00:00Z,2026-08-22T18:00:00Z,162,spectrum,coronado_south,0.462,5m,5.0,0.462,0.551,0.849,6.9,255.0,recomputed
2026-08-16T05:30:00Z,2026-08-16T00:00:00Z,2026-08-22T21:00:00Z,165,spectrum,buoy,0.831,buoy,,,,0.831,12.7,201.0,recomputed
2026-08-16T05:30:00Z,2026-08-16T00:00:00Z,2026-08-22T21:00:00Z,165,spectrum,coronado_north,0.631,5m,5.0,0.631,0.505,0.831,12.7,213.0,recomputed
2026-08-16T05:30:00Z,2026-08-16T00:00:00Z,2026-08-22T21:00:00Z,165,spectrum,coronado_center,0.47,5m,5.0,0.47,0.531,0.831,16.6,235.0,recomputed
2026-08-16T05:30:00Z,2026-08-16T00:00:00Z,2026-08-22T21:00:00Z,165,spectrum,coronado_south,0.444,5m,5.0,0.444,0.553,0.831,6.9,253.0,recomputed
2026-08-16T05:30:00Z,2026-08-16T00:00:00Z,2026-08-23T00:00:00Z,168,spectrum,buoy,0.826,buoy,,,,0.826,14.5,197.0,recomputed
2026-08-16T05:30:00Z,2026-08-16T00:00:00Z,2026-08-23T00:00:00Z,168,spectrum,coronado_north,0.628,5m,5.0,0.628,0.514,0.826,14.5,214.0,recomputed
2026-08-16T05:30:00Z,2026-08-16T00:00:00Z,2026-08-23T00:00:00Z,168,spectrum,coronado_center,0.458,5m,5.0,0.458,0.541,0.826,16.6,234.0,recomputed
2026-08-16T05:30:00Z,2026-08-16T00:00:00Z,2026-08-23T00:00:00Z,168,spectrum,coronado_south,0.446,5m,5.0,0.446,0.563,0.826,6.9,251.0,recomputed
2026-08-17T05:30:00Z,2026-08-17T00:00:00Z,2026-08-17T00:00:00Z,0,spectrum,buoy,1.046,buoy,,,,1.046,14.5,207.0,recomputed
2026-08-17T05:30:00Z,2026-08-17T00:00:00Z,2026-08-17T00:00:00Z,0,spectrum,coronado_north,0.978,5m,5.0,0.978,0.687,1.046,14.5,215.0,recomputed
2026-08-17T05:30:00Z,2026-08-17T00:00:00Z,2026-08-17T00:00:00Z,0,spectrum,coronado_center,0.625,5m,5.0,0.625,0.709,1.046,14.5,226.0,recomputed
2026-08-17T05:30:00Z,2026-08-17T00:00:00Z,2026-08-17T00:00:00Z,0,spectrum,coronado_south,0.432,5m,5.0,0.432,0.729,1.046,4.6,253.0,recomputed
2026-08-17T05:30:00Z,2026-08-17T00:00:00Z,2026-08-17T03:00:00Z,3,spectrum,buoy,1.08,buoy,,,,1.08,14.5,207.0,recomputed
2026-08-17T05:30:00Z,2026-08-17T00:00:00Z,2026-08-17T03:00:00Z,3,spectrum,coronado_north,0.956,5m,5.0,0.956,0.676,1.08,14.5,215.0,recomputed
2026-08-17T05:30:00Z,2026-08-17T00:00:00Z,2026-08-17T03:00:00Z,3,spectrum,coronado_center,0.623,5m,5.0,0.623,0.703,1.08,14.5,227.0,recomputed
2026-08-17T05:30:00Z,2026-08-17T00:00:00Z,2026-08-17T03:00:00Z,3,spectrum,coronado_south,0.456,5m,5.0,0.456,0.731,1.08,4.9,253.0,recomputed
2026-08-17T05:30:00Z,2026-08-17T00:00:00Z,2026-08-17T06:00:00Z,6,spectrum,buoy,1.074,buoy,,,,1.074,14.5,207.0,recomputed
2026-08-17T05:30:00Z,2026-08-17T00:00:00Z,2026-08-17T06:00:00Z,6,spectrum,coronado_north,0.929,5m,5.0,0.929,0.66,1.074,14.5,215.0,recomputed
2026-08-17T05:30:00Z,2026-08-17T00:00:00Z,2026-08-17T06:00:00Z,6,spectrum,coronado_center,0.615,5m,5.0,0.615,0.685,1.074,14.5,227.0,recomputed
2026-08-17T05:30:00Z,2026-08-17T00:00:00Z,2026-08-17T06:00:00Z,6,spectrum,coronado_south,0.457,5m,5.0,0.457,0.716,1.074,4.9,254.0,recomputed
2026-08-17T05:30:00Z,2026-08-17T00:00:00Z,2026-08-17T09:00:00Z,9,spectrum,buoy,1.039,buoy,,,,1.039,14.5,207.0,recomputed
2026-08-17T05:30:00Z,2026-08-17T00:00:00Z,2026-08-17T09:00:00Z,9,spectrum,coronado_north,0.898,5m,5.0,0.898,0.639,1.039,14.5,217.0,recomputed
2026-08-17T05:30:00Z,2026-08-17T00:00:00Z,2026-08-17T09:00:00Z,9,spectrum,coronado_center,0.605,5m,5.0,0.605,0.664,1.039,14.5,227.0,recomputed
2026-08-17T05:30:00Z,2026-08-17T00:00:00Z,2026-08-17T09:00:00Z,9,spectrum,coronado_south,0.453,5m,5.0,0.453,0.695,1.039,5.3,255.0,recomputed
2026-08-17T05:30:00Z,2026-08-17T00:00:00Z,2026-08-17T12:00:00Z,12,spectrum,buoy,1.022,buoy,,,,1.022,14.5,206.0,recomputed
2026-08-17T05:30:00Z,2026-08-17T00:00:00Z,2026-08-17T12:00:00Z,12,spectrum,coronado_north,0.871,5m,5.0,0.871,0.624,1.022,14.5,217.0,recomputed
2026-08-17T05:30:00Z,2026-08-17T00:00:00Z,2026-08-17T12:00:00Z,12,spectrum,coronado_center,0.594,5m,5.0,0.594,0.648,1.022,14.5,227.0,recomputed
2026-08-17T05:30:00Z,2026-08-17T00:00:00Z,2026-08-17T12:00:00Z,12,spectrum,coronado_south,0.448,5m,5.0,0.448,0.678,1.022,5.3,255.0,recomputed
2026-08-17T05:30:00Z,2026-08-17T00:00:00Z,2026-08-17T15:00:00Z,15,spectrum,buoy,1.005,buoy,,,,1.005,14.5,205.0,recomputed
2026-08-17T05:30:00Z,2026-08-17T00:00:00Z,2026-08-17T15:00:00Z,15,spectrum,coronado_north,0.851,5m,5.0,0.851,0.614,1.005,14.5,217.0,recomputed
2026-08-17T05:30:00Z,2026-08-17T00:00:00Z,2026-08-17T15:00:00Z,15,spectrum,coronado_center,0.59,5m,5.0,0.59,0.639,1.005,14.5,227.0,recomputed
2026-08-17T05:30:00Z,2026-08-17T00:00:00Z,2026-08-17T15:00:00Z,15,spectrum,coronado_south,0.453,5m,5.0,0.453,0.67,1.005,5.3,255.0,recomputed
2026-08-17T05:30:00Z,2026-08-17T00:00:00Z,2026-08-17T18:00:00Z,18,spectrum,buoy,1.012,buoy,,,,1.012,14.5,205.0,recomputed
2026-08-17T05:30:00Z,2026-08-17T00:00:00Z,2026-08-17T18:00:00Z,18,spectrum,coronado_north,0.833,5m,5.0,0.833,0.605,1.012,14.5,216.0,recomputed
2026-08-17T05:30:00Z,2026-08-17T00:00:00Z,2026-08-17T18:00:00Z,18,spectrum,coronado_center,0.586,5m,5.0,0.586,0.631,1.012,14.5,232.0,recomputed
2026-08-17T05:30:00Z,2026-08-17T00:00:00Z,2026-08-17T18:00:00Z,18,spectrum,coronado_south,0.458,5m,5.0,0.458,0.662,1.012,5.6,256.0,recomputed
2026-08-17T05:30:00Z,2026-08-17T00:00:00Z,2026-08-17T21:00:00Z,21,spectrum,buoy,1.023,buoy,,,,1.023,14.5,204.0,recomputed
2026-08-17T05:30:00Z,2026-08-17T00:00:00Z,2026-08-17T21:00:00Z,21,spectrum,coronado_north,0.814,5m,5.0,0.814,0.599,1.023,14.5,216.0,recomputed
2026-08-17T05:30:00Z,2026-08-17T00:00:00Z,2026-08-17T21:00:00Z,21,spectrum,coronado_center,0.581,5m,5.0,0.581,0.626,1.023,14.5,232.0,recomputed
2026-08-17T05:30:00Z,2026-08-17T00:00:00Z,2026-08-17T21:00:00Z,21,spectrum,coronado_south,0.461,5m,5.0,0.461,0.659,1.023,5.6,256.0,recomputed
2026-08-17T05:30:00Z,2026-08-17T00:00:00Z,2026-08-18T00:00:00Z,24,spectrum,buoy,1.104,buoy,,,,1.104,14.5,203.0,recomputed
2026-08-17T05:30:00Z,2026-08-17T00:00:00Z,2026-08-18T00:00:00Z,24,spectrum,coronado_north,0.803,5m,5.0,0.803,0.597,1.104,14.5,216.0,recomputed
2026-08-17T05:30:00Z,2026-08-17T00:00:00Z,2026-08-18T00:00:00Z,24,spectrum,coronado_center,0.591,5m,5.0,0.591,0.631,1.104,14.5,233.0,recomputed
2026-08-17T05:30:00Z,2026-08-17T00:00:00Z,2026-08-18T00:00:00Z,24,spectrum,coronado_south,0.495,5m,5.0,0.495,0.677,1.104,5.3,256.0,recomputed
2026-08-17T05:30:00Z,2026-08-17T00:00:00Z,2026-08-18T03:00:00Z,27,spectrum,buoy,1.154,buoy,,,,1.154,5.3,281.0,recomputed
2026-08-17T05:30:00Z,2026-08-17T00:00:00Z,2026-08-18T03:00:00Z,27,spectrum,coronado_north,0.795,5m,5.0,0.795,0.595,1.154,13.6,216.0,recomputed
2026-08-17T05:30:00Z,2026-08-17T00:00:00Z,2026-08-18T03:00:00Z,27,spectrum,coronado_center,0.6,5m,5.0,0.6,0.634,1.154,14.5,228.0,recomputed
2026-08-17T05:30:00Z,2026-08-17T00:00:00Z,2026-08-18T03:00:00Z,27,spectrum,coronado_south,0.522,5m,5.0,0.522,0.689,1.154,5.3,256.0,recomputed
2026-08-17T05:30:00Z,2026-08-17T00:00:00Z,2026-08-18T06:00:00Z,30,spectrum,buoy,1.159,buoy,,,,1.159,5.3,282.0,recomputed
2026-08-17T05:30:00Z,2026-08-17T00:00:00Z,2026-08-18T06:00:00Z,30,spectrum,coronado_north,0.792,5m,5.0,0.792,0.591,1.159,13.6,215.0,recomputed
2026-08-17T05:30:00Z,2026-08-17T00:00:00Z,2026-08-18T06:00:00Z,30,spectrum,coronado_center,0.601,5m,5.0,0.601,0.631,1.159,13.6,228.0,recomputed
2026-08-17T05:30:00Z,2026-08-17T00:00:00Z,2026-08-18T06:00:00Z,30,spectrum,coronado_south,0.532,5m,5.0,0.532,0.69,1.159,5.6,256.0,recomputed
2026-08-17T05:30:00Z,2026-08-17T00:00:00Z,2026-08-18T09:00:00Z,33,spectrum,buoy,1.108,buoy,,,,1.108,5.6,282.0,recomputed
2026-08-17T05:30:00Z,2026-08-17T00:00:00Z,2026-08-18T09:00:00Z,33,spectrum,coronado_north,0.789,5m,5.0,0.789,0.587,1.108,13.6,217.0,recomputed
2026-08-17T05:30:00Z,2026-08-17T00:00:00Z,2026-08-18T09:00:00Z,33,spectrum,coronado_center,0.592,5m,5.0,0.592,0.623,1.108,13.6,227.0,recomputed
2026-08-17T05:30:00Z,2026-08-17T00:00:00Z,2026-08-18T09:00:00Z,33,spectrum,coronado_south,0.535,5m,5.0,0.535,0.675,1.108,6.5,257.0,recomputed
2026-08-17T05:30:00Z,2026-08-17T00:00:00Z,2026-08-18T12:00:00Z,36,spectrum,buoy,1.044,buoy,,,,1.044,5.6,283.0,recomputed
2026-08-17T05:30:00Z,2026-08-17T00:00:00Z,2026-08-18T12:00:00Z,36,spectrum,coronado_north,0.782,5m,5.0,0.782,0.581,1.044,13.6,215.0,recomputed
2026-08-17T05:30:00Z,2026-08-17T00:00:00Z,2026-08-18T12:00:00Z,36,spectrum,coronado_center,0.568,5m,5.0,0.568,0.61,1.044,13.6,226.0,recomputed
2026-08-17T05:30:00Z,2026-08-17T00:00:00Z,2026-08-18T12:00:00Z,36,spectrum,coronado_south,0.493,5m,5.0,0.493,0.65,1.044,6.5,257.0,recomputed
2026-08-17T05:30:00Z,2026-08-17T00:00:00Z,2026-08-18T15:00:00Z,39,spectrum,buoy,0.988,buoy,,,,0.988,13.6,204.0,recomputed
2026-08-17T05:30:00Z,2026-08-17T00:00:00Z,2026-08-18T15:00:00Z,39,spectrum,coronado_north,0.776,5m,5.0,0.776,0.576,0.988,13.6,215.0,recomputed
2026-08-17T05:30:00Z,2026-08-17T00:00:00Z,2026-08-18T15:00:00Z,39,spectrum,coronado_center,0.548,5m,5.0,0.548,0.602,0.988,13.6,226.0,recomputed
2026-08-17T05:30:00Z,2026-08-17T00:00:00Z,2026-08-18T15:00:00Z,39,spectrum,coronado_south,0.48,5m,5.0,0.48,0.634,0.988,6.9,256.0,recomputed
2026-08-17T05:30:00Z,2026-08-17T00:00:00Z,2026-08-18T18:00:00Z,42,spectrum,buoy,0.98,buoy,,,,0.98,13.6,204.0,recomputed
2026-08-17T05:30:00Z,2026-08-17T00:00:00Z,2026-08-18T18:00:00Z,42,spectrum,coronado_north,0.772,5m,5.0,0.772,0.573,0.98,13.6,214.0,recomputed
2026-08-17T05:30:00Z,2026-08-17T00:00:00Z,2026-08-18T18:00:00Z,42,spectrum,coronado_center,0.543,5m,5.0,0.543,0.599,0.98,13.6,232.0,recomputed
2026-08-17T05:30:00Z,2026-08-17T00:00:00Z,2026-08-18T18:00:00Z,42,spectrum,coronado_south,0.479,5m,5.0,0.479,0.629,0.98,6.9,254.0,recomputed
2026-08-17T05:30:00Z,2026-08-17T00:00:00Z,2026-08-18T21:00:00Z,45,spectrum,buoy,0.997,buoy,,,,0.997,13.6,204.0,recomputed
2026-08-17T05:30:00Z,2026-08-17T00:00:00Z,2026-08-18T21:00:00Z,45,spectrum,coronado_north,0.776,5m,5.0,0.776,0.577,0.997,13.6,214.0,recomputed
2026-08-17T05:30:00Z,2026-08-17T00:00:00Z,2026-08-18T21:00:00Z,45,spectrum,coronado_center,0.549,5m,5.0,0.549,0.605,0.997,13.6,232.0,recomputed
2026-08-17T05:30:00Z,2026-08-17T00:00:00Z,2026-08-18T21:00:00Z,45,spectrum,coronado_south,0.493,5m,5.0,0.493,0.64,0.997,6.9,254.0,recomputed
2026-08-17T05:30:00Z,2026-08-17T00:00:00Z,2026-08-19T00:00:00Z,48,spectrum,buoy,1.068,buoy,,,,1.068,5.6,280.0,recomputed
2026-08-17T05:30:00Z,2026-08-17T00:00:00Z,2026-08-19T00:00:00Z,48,spectrum,coronado_north,0.786,5m,5.0,0.786,0.587,1.068,13.6,214.0,recomputed
2026-08-17T05:30:00Z,2026-08-17T00:00:00Z,2026-08-19T00:00:00Z,48,spectrum,coronado_center,0.563,5m,5.0,0.563,0.623,1.068,4.9,246.0,recomputed
2026-08-17T05:30:00Z,2026-08-17T00:00:00Z,2026-08-19T00:00:00Z,48,spectrum,coronado_south,0.525,5m,5.0,0.525,0.67,1.068,5.3,254.0,recomputed
2026-08-17T05:30:00Z,2026-08-17T00:00:00Z,2026-08-19T03:00:00Z,51,spectrum,buoy,1.14,buoy,,,,1.14,5.6,279.0,recomputed
2026-08-17T05:30:00Z,2026-08-17T00:00:00Z,2026-08-19T03:00:00Z,51,spectrum,coronado_north,0.796,5m,5.0,0.796,0.597,1.14,13.6,215.0,recomputed
2026-08-17T05:30:00Z,2026-08-17T00:00:00Z,2026-08-19T03:00:00Z,51,spectrum,coronado_center,0.592,5m,5.0,0.592,0.64,1.14,6.0,247.0,recomputed
2026-08-17T05:30:00Z,2026-08-17T00:00:00Z,2026-08-19T03:00:00Z,51,spectrum,coronado_south,0.565,5m,5.0,0.565,0.7,1.14,5.6,255.0,recomputed
2026-08-17T05:30:00Z,2026-08-17T00:00:00Z,2026-08-19T06:00:00Z,54,spectrum,buoy,1.146,buoy,,,,1.146,5.6,278.0,recomputed
2026-08-17T05:30:00Z,2026-08-17T00:00:00Z,2026-08-19T06:00:00Z,54,spectrum,coronado_north,0.796,5m,5.0,0.796,0.597,1.146,15.6,213.0,recomputed
2026-08-17T05:30:00Z,2026-08-17T00:00:00Z,2026-08-19T06:00:00Z,54,spectrum,coronado_center,0.6,5m,5.0,0.6,0.64,1.146,16.6,224.0,recomputed
2026-08-17T05:30:00Z,2026-08-17T00:00:00Z,2026-08-19T06:00:00Z,54,spectrum,coronado_south,0.58,5m,5.0,0.58,0.703,1.146,6.5,256.0,recomputed
2026-08-17T05:30:00Z,2026-08-17T00:00:00Z,2026-08-19T09:00:00Z,57,spectrum,buoy,1.107,buoy,,,,1.107,6.0,278.0,recomputed
2026-08-17T05:30:00Z,2026-08-17T00:00:00Z,2026-08-19T09:00:00Z,57,spectrum,coronado_north,0.784,5m,5.0,0.784,0.59,1.107,15.6,216.0,recomputed
2026-08-17T05:30:00Z,2026-08-17T00:00:00Z,2026-08-19T09:00:00Z,57,spectrum,coronado_center,0.587,5m,5.0,0.587,0.627,1.107,16.6,224.0,recomputed
2026-08-17T05:30:00Z,2026-08-17T00:00:00Z,2026-08-19T09:00:00Z,57,spectrum,coronado_south,0.567,5m,5.0,0.567,0.682,1.107,6.9,257.0,recomputed
2026-08-17T05:30:00Z,2026-08-17T00:00:00Z,2026-08-19T12:00:00Z,60,spectrum,buoy,1.042,buoy,,,,1.042,6.0,280.0,recomputed
2026-08-17T05:30:00Z,2026-08-17T00:00:00Z,2026-08-19T12:00:00Z,60,spectrum,coronado_north,0.772,5m,5.0,0.772,0.582,1.042,16.6,215.0,recomputed
2026-08-17T05:30:00Z,2026-08-17T00:00:00Z,2026-08-19T12:00:00Z,60,spectrum,coronado_center,0.562,5m,5.0,0.562,0.612,1.042,16.6,224.0,recomputed
2026-08-17T05:30:00Z,2026-08-17T00:00:00Z,2026-08-19T12:00:00Z,60,spectrum,coronado_south,0.529,5m,5.0,0.529,0.653,1.042,6.9,257.0,recomputed
2026-08-17T05:30:00Z,2026-08-17T00:00:00Z,2026-08-19T15:00:00Z,63,spectrum,buoy,0.985,buoy,,,,0.985,14.5,202.0,recomputed
2026-08-17T05:30:00Z,2026-08-17T00:00:00Z,2026-08-19T15:00:00Z,63,spectrum,coronado_north,0.767,5m,5.0,0.767,0.578,0.985,14.5,213.0,recomputed
2026-08-17T05:30:00Z,2026-08-17T00:00:00Z,2026-08-19T15:00:00Z,63,spectrum,coronado_center,0.541,5m,5.0,0.541,0.605,0.985,7.4,248.0,recomputed
2026-08-17T05:30:00Z,2026-08-17T00:00:00Z,2026-08-19T15:00:00Z,63,spectrum,coronado_south,0.508,5m,5.0,0.508,0.635,0.985,6.9,256.0,recomputed
2026-08-17T05:30:00Z,2026-08-17T00:00:00Z,2026-08-19T18:00:00Z,66,spectrum,buoy,0.956,buoy,,,,0.956,14.5,202.0,recomputed
2026-08-17T05:30:00Z,2026-08-17T00:00:00Z,2026-08-19T18:00:00Z,66,spectrum,coronado_north,0.764,5m,5.0,0.764,0.576,0.956,14.5,213.0,recomputed
2026-08-17T05:30:00Z,2026-08-17T00:00:00Z,2026-08-19T18:00:00Z,66,spectrum,coronado_center,0.528,5m,5.0,0.528,0.603,0.956,14.5,236.0,recomputed
2026-08-17T05:30:00Z,2026-08-17T00:00:00Z,2026-08-19T18:00:00Z,66,spectrum,coronado_south,0.477,5m,5.0,0.477,0.628,0.956,6.9,256.0,recomputed
2026-08-17T05:30:00Z,2026-08-17T00:00:00Z,2026-08-19T21:00:00Z,69,spectrum,buoy,0.929,buoy,,,,0.929,14.5,202.0,recomputed
2026-08-17T05:30:00Z,2026-08-17T00:00:00Z,2026-08-19T21:00:00Z,69,spectrum,coronado_north,0.764,5m,5.0,0.764,0.575,0.929,14.5,213.0,recomputed
2026-08-17T05:30:00Z,2026-08-17T00:00:00Z,2026-08-19T21:00:00Z,69,spectrum,coronado_center,0.532,5m,5.0,0.532,0.602,0.929,16.6,232.0,recomputed
2026-08-17T05:30:00Z,2026-08-17T00:00:00Z,2026-08-19T21:00:00Z,69,spectrum,coronado_south,0.491,5m,5.0,0.491,0.628,0.929,6.9,255.0,recomputed
2026-08-17T05:30:00Z,2026-08-17T00:00:00Z,2026-08-20T00:00:00Z,72,spectrum,buoy,0.937,buoy,,,,0.937,14.5,202.0,recomputed
2026-08-17T05:30:00Z,2026-08-17T00:00:00Z,2026-08-20T00:00:00Z,72,spectrum,coronado_north,0.758,5m,5.0,0.758,0.579,0.937,14.5,212.0,recomputed
2026-08-17T05:30:00Z,2026-08-17T00:00:00Z,2026-08-20T00:00:00Z,72,spectrum,coronado_center,0.528,5m,5.0,0.528,0.609,0.937,14.5,233.0,recomputed
2026-08-17T05:30:00Z,2026-08-17T00:00:00Z,2026-08-20T00:00:00Z,72,spectrum,coronado_south,0.491,5m,5.0,0.491,0.638,0.937,6.9,252.0,recomputed
2026-08-17T05:30:00Z,2026-08-17T00:00:00Z,2026-08-20T03:00:00Z,75,spectrum,buoy,0.959,buoy,,,,0.959,15.6,203.0,recomputed
2026-08-17T05:30:00Z,2026-08-17T00:00:00Z,2026-08-20T03:00:00Z,75,spectrum,coronado_north,0.759,5m,5.0,0.759,0.587,0.959,15.6,213.0,recomputed
2026-08-17T05:30:00Z,2026-08-17T00:00:00Z,2026-08-20T03:00:00Z,75,spectrum,coronado_center,0.525,5m,5.0,0.525,0.62,0.959,15.6,228.0,recomputed
2026-08-17T05:30:00Z,2026-08-17T00:00:00Z,2026-08-20T03:00:00Z,75,spectrum,coronado_south,0.49,5m,5.0,0.49,0.653,0.959,4.6,251.0,recomputed
2026-08-17T05:30:00Z,2026-08-17T00:00:00Z,2026-08-20T06:00:00Z,78,spectrum,buoy,0.946,buoy,,,,0.946,15.6,202.0,recomputed
2026-08-17T05:30:00Z,2026-08-17T00:00:00Z,2026-08-20T06:00:00Z,78,spectrum,coronado_north,0.764,5m,5.0,0.764,0.589,0.946,15.6,213.0,recomputed
2026-08-17T05:30:00Z,2026-08-17T00:00:00Z,2026-08-20T06:00:00Z,78,spectrum,coronado_center,0.52,5m,5.0,0.52,0.622,0.946,15.6,227.0,recomputed
2026-08-17T05:30:00Z,2026-08-17T00:00:00Z,2026-08-20T06:00:00Z,78,spectrum,coronado_south,0.478,5m,5.0,0.478,0.654,0.946,4.9,251.0,recomputed
2026-08-17T05:30:00Z,2026-08-17T00:00:00Z,2026-08-20T09:00:00Z,81,spectrum,buoy,0.907,buoy,,,,0.907,15.6,200.0,recomputed
2026-08-17T05:30:00Z,2026-08-17T00:00:00Z,2026-08-20T09:00:00Z,81,spectrum,coronado_north,0.756,5m,5.0,0.756,0.586,0.907,15.6,213.0,recomputed
2026-08-17T05:30:00Z,2026-08-17T00:00:00Z,2026-08-20T09:00:00Z,81,spectrum,coronado_center,0.512,5m,5.0,0.512,0.616,0.907,15.6,227.0,recomputed
2026-08-17T05:30:00Z,2026-08-17T00:00:00Z,2026-08-20T09:00:00Z,81,spectrum,coronado_south,0.462,5m,5.0,0.462,0.644,0.907,5.3,250.0,recomputed
2026-08-17T05:30:00Z,2026-08-17T00:00:00Z,2026-08-20T12:00:00Z,84,spectrum,buoy,0.865,buoy,,,,0.865,15.6,199.0,recomputed
2026-08-17T05:30:00Z,2026-08-17T00:00:00Z,2026-08-20T12:00:00Z,84,spectrum,coronado_north,0.74,5m,5.0,0.74,0.576,0.865,15.6,213.0,recomputed
2026-08-17T05:30:00Z,2026-08-17T00:00:00Z,2026-08-20T12:00:00Z,84,spectrum,coronado_center,0.495,5m,5.0,0.495,0.603,0.865,15.6,227.0,recomputed
2026-08-17T05:30:00Z,2026-08-17T00:00:00Z,2026-08-20T12:00:00Z,84,spectrum,coronado_south,0.44,5m,5.0,0.44,0.626,0.865,5.3,250.0,recomputed
2026-08-17T05:30:00Z,2026-08-17T00:00:00Z,2026-08-20T15:00:00Z,87,spectrum,buoy,0.836,buoy,,,,0.836,13.6,203.0,recomputed
2026-08-17T05:30:00Z,2026-08-17T00:00:00Z,2026-08-20T15:00:00Z,87,spectrum,coronado_north,0.719,5m,5.0,0.719,0.563,0.836,15.6,213.0,recomputed
2026-08-17T05:30:00Z,2026-08-17T00:00:00Z,2026-08-20T15:00:00Z,87,spectrum,coronado_center,0.482,5m,5.0,0.482,0.588,0.836,15.6,228.0,recomputed
2026-08-17T05:30:00Z,2026-08-17T00:00:00Z,2026-08-20T15:00:00Z,87,spectrum,coronado_south,0.424,5m,5.0,0.424,0.607,0.836,5.3,251.0,recomputed
2026-08-17T05:30:00Z,2026-08-17T00:00:00Z,2026-08-20T18:00:00Z,90,spectrum,buoy,0.816,buoy,,,,0.816,14.5,199.0,recomputed
2026-08-17T05:30:00Z,2026-08-17T00:00:00Z,2026-08-20T18:00:00Z,90,spectrum,coronado_north,0.701,5m,5.0,0.701,0.554,0.816,14.5,213.0,recomputed
2026-08-17T05:30:00Z,2026-08-17T00:00:00Z,2026-08-20T18:00:00Z,90,spectrum,coronado_center,0.47,5m,5.0,0.47,0.576,0.816,13.6,228.0,recomputed
2026-08-17T05:30:00Z,2026-08-17T00:00:00Z,2026-08-20T18:00:00Z,90,spectrum,coronado_south,0.412,5m,5.0,0.412,0.592,0.816,5.3,251.0,recomputed
2026-08-17T05:30:00Z,2026-08-17T00:00:00Z,2026-08-20T21:00:00Z,93,spectrum,buoy,0.801,buoy,,,,0.801,14.5,198.0,recomputed
2026-08-17T05:30:00Z,2026-08-17T00:00:00Z,2026-08-20T21:00:00Z,93,spectrum,coronado_north,0.69,5m,5.0,0.69,0.549,0.801,14.5,213.0,recomputed
2026-08-17T05:30:00Z,2026-08-17T00:00:00Z,2026-08-20T21:00:00Z,93,spectrum,coronado_center,0.462,5m,5.0,0.462,0.57,0.801,14.5,232.0,recomputed
2026-08-17T05:30:00Z,2026-08-17T00:00:00Z,2026-08-20T21:00:00Z,93,spectrum,coronado_south,0.405,5m,5.0,0.405,0.583,0.801,12.7,231.0,recomputed
2026-08-17T05:30:00Z,2026-08-17T00:00:00Z,2026-08-21T00:00:00Z,96,spectrum,buoy,0.785,buoy,,,,0.785,14.5,198.0,recomputed
2026-08-17T05:30:00Z,2026-08-17T00:00:00Z,2026-08-21T00:00:00Z,96,spectrum,coronado_north,0.687,5m,5.0,0.687,0.544,0.785,14.5,213.0,recomputed
2026-08-17T05:30:00Z,2026-08-17T00:00:00Z,2026-08-21T00:00:00Z,96,spectrum,coronado_center,0.455,5m,5.0,0.455,0.565,0.785,14.5,232.0,recomputed
2026-08-17T05:30:00Z,2026-08-17T00:00:00Z,2026-08-21T00:00:00Z,96,spectrum,coronado_south,0.398,5m,5.0,0.398,0.576,0.785,12.7,231.0,recomputed
2026-08-17T05:30:00Z,2026-08-17T00:00:00Z,2026-08-21T03:00:00Z,99,spectrum,buoy,0.769,buoy,,,,0.769,14.5,199.0,recomputed
2026-08-17T05:30:00Z,2026-08-17T00:00:00Z,2026-08-21T03:00:00Z,99,spectrum,coronado_north,0.674,5m,5.0,0.674,0.538,0.769,14.5,213.0,recomputed
2026-08-17T05:30:00Z,2026-08-17T00:00:00Z,2026-08-21T03:00:00Z,99,spectrum,coronado_center,0.449,5m,5.0,0.449,0.557,0.769,14.5,232.0,recomputed
2026-08-17T05:30:00Z,2026-08-17T00:00:00Z,2026-08-21T03:00:00Z,99,spectrum,coronado_south,0.393,5m,5.0,0.393,0.567,0.769,5.3,251.0,recomputed
2026-08-17T05:30:00Z,2026-08-17T00:00:00Z,2026-08-21T06:00:00Z,102,spectrum,buoy,0.752,buoy,,,,0.752,14.5,199.0,recomputed
2026-08-17T05:30:00Z,2026-08-17T00:00:00Z,2026-08-21T06:00:00Z,102,spectrum,coronado_north,0.666,5m,5.0,0.666,0.532,0.752,14.5,214.0,recomputed
2026-08-17T05:30:00Z,2026-08-17T00:00:00Z,2026-08-21T06:00:00Z,102,spectrum,coronado_center,0.44,5m,5.0,0.44,0.55,0.752,14.5,230.0,recomputed
2026-08-17T05:30:00Z,2026-08-17T00:00:00Z,2026-08-21T06:00:00Z,102,spectrum,coronado_south,0.384,5m,5.0,0.384,0.559,0.752,12.7,232.0,recomputed
2026-08-17T05:30:00Z,2026-08-17T00:00:00Z,2026-08-21T09:00:00Z,105,spectrum,buoy,0.734,buoy,,,,0.734,13.6,199.0,recomputed
2026-08-17T05:30:00Z,2026-08-17T00:00:00Z,2026-08-21T09:00:00Z,105,spectrum,coronado_north,0.648,5m,5.0,0.648,0.524,0.734,13.6,214.0,recomputed
2026-08-17T05:30:00Z,2026-08-17T00:00:00Z,2026-08-21T09:00:00Z,105,spectrum,coronado_center,0.434,5m,5.0,0.434,0.542,0.734,14.5,229.0,recomputed
2026-08-17T05:30:00Z,2026-08-17T00:00:00Z,2026-08-21T09:00:00Z,105,spectrum,coronado_south,0.379,5m,5.0,0.379,0.551,0.734,12.7,232.0,recomputed
2026-08-17T05:30:00Z,2026-08-17T00:00:00Z,2026-08-21T12:00:00Z,108,spectrum,buoy,0.719,buoy,,,,0.719,13.6,198.0,recomputed
2026-08-17T05:30:00Z,2026-08-17T00:00:00Z,2026-08-21T12:00:00Z,108,spectrum,coronado_north,0.636,5m,5.0,0.636,0.515,0.719,13.6,214.0,recomputed
2026-08-17T05:30:00Z,2026-08-17T00:00:00Z,2026-08-21T12:00:00Z,108,spectrum,coronado_center,0.426,5m,5.0,0.426,0.534,0.719,14.5,229.0,recomputed
2026-08-17T05:30:00Z,2026-08-17T00:00:00Z,2026-08-21T12:00:00Z,108,spectrum,coronado_south,0.369,5m,5.0,0.369,0.543,0.719,11.9,233.0,recomputed
2026-08-17T05:30:00Z,2026-08-17T00:00:00Z,2026-08-21T15:00:00Z,111,spectrum,buoy,0.71,buoy,,,,0.71,13.6,197.0,recomputed
2026-08-17T05:30:00Z,2026-08-17T00:00:00Z,2026-08-21T15:00:00Z,111,spectrum,coronado_north,0.633,5m,5.0,0.633,0.51,0.71,13.6,213.0,recomputed
2026-08-17T05:30:00Z,2026-08-17T00:00:00Z,2026-08-21T15:00:00Z,111,spectrum,coronado_center,0.431,5m,5.0,0.431,0.528,0.71,14.5,229.0,recomputed
2026-08-17T05:30:00Z,2026-08-17T00:00:00Z,2026-08-21T15:00:00Z,111,spectrum,coronado_south,0.365,5m,5.0,0.365,0.537,0.71,11.9,233.0,recomputed
2026-08-17T05:30:00Z,2026-08-17T00:00:00Z,2026-08-21T18:00:00Z,114,spectrum,buoy,0.704,buoy,,,,0.704,13.6,196.0,recomputed
2026-08-17T05:30:00Z,2026-08-17T00:00:00Z,2026-08-21T18:00:00Z,114,spectrum,coronado_north,0.629,5m,5.0,0.629,0.506,0.704,13.6,213.0,recomputed
2026-08-17T05:30:00Z,2026-08-17T00:00:00Z,2026-08-21T18:00:00Z,114,spectrum,coronado_center,0.425,5m,5.0,0.425,0.524,0.704,13.6,229.0,recomputed
2026-08-17T05:30:00Z,2026-08-17T00:00:00Z,2026-08-21T18:00:00Z,114,spectrum,coronado_south,0.364,5m,5.0,0.364,0.532,0.704,11.9,233.0,recomputed
2026-08-17T05:30:00Z,2026-08-17T00:00:00Z,2026-08-21T21:00:00Z,117,spectrum,buoy,0.707,buoy,,,,0.707,13.6,196.0,recomputed
2026-08-17T05:30:00Z,2026-08-17T00:00:00Z,2026-08-21T21:00:00Z,117,spectrum,coronado_north,0.629,5m,5.0,0.629,0.512,0.707,13.6,213.0,recomputed
2026-08-17T05:30:00Z,2026-08-17T00:00:00Z,2026-08-21T21:00:00Z,117,spectrum,coronado_center,0.423,5m,5.0,0.423,0.529,0.707,13.6,229.0,recomputed
2026-08-17T05:30:00Z,2026-08-17T00:00:00Z,2026-08-21T21:00:00Z,117,spectrum,coronado_south,0.368,5m,5.0,0.368,0.536,0.707,11.9,233.0,recomputed
2026-08-17T05:30:00Z,2026-08-17T00:00:00Z,2026-08-22T00:00:00Z,120,spectrum,buoy,0.699,buoy,,,,0.699,13.6,197.0,recomputed
2026-08-17T05:30:00Z,2026-08-17T00:00:00Z,2026-08-22T00:00:00Z,120,spectrum,coronado_north,0.62,5m,5.0,0.62,0.503,0.699,13.6,213.0,recomputed
2026-08-17T05:30:00Z,2026-08-17T00:00:00Z,2026-08-22T00:00:00Z,120,spectrum,coronado_center,0.412,5m,5.0,0.412,0.52,0.699,13.6,230.0,recomputed
2026-08-17T05:30:00Z,2026-08-17T00:00:00Z,2026-08-22T00:00:00Z,120,spectrum,coronado_south,0.365,5m,5.0,0.365,0.526,0.699,11.9,231.0,recomputed
2026-08-17T05:30:00Z,2026-08-17T00:00:00Z,2026-08-22T03:00:00Z,123,spectrum,buoy,0.691,buoy,,,,0.691,12.7,198.0,recomputed
2026-08-17T05:30:00Z,2026-08-17T00:00:00Z,2026-08-22T03:00:00Z,123,spectrum,coronado_north,0.608,5m,5.0,0.608,0.494,0.691,13.6,213.0,recomputed
2026-08-17T05:30:00Z,2026-08-17T00:00:00Z,2026-08-22T03:00:00Z,123,spectrum,coronado_center,0.402,5m,5.0,0.402,0.511,0.691,13.6,230.0,recomputed
2026-08-17T05:30:00Z,2026-08-17T00:00:00Z,2026-08-22T03:00:00Z,123,spectrum,coronado_south,0.364,5m,5.0,0.364,0.517,0.691,12.7,230.0,recomputed
2026-08-17T05:30:00Z,2026-08-17T00:00:00Z,2026-08-22T06:00:00Z,126,spectrum,buoy,0.684,buoy,,,,0.684,12.7,197.0,recomputed
2026-08-17T05:30:00Z,2026-08-17T00:00:00Z,2026-08-22T06:00:00Z,126,spectrum,coronado_north,0.603,5m,5.0,0.603,0.491,0.684,13.6,213.0,recomputed
2026-08-17T05:30:00Z,2026-08-17T00:00:00Z,2026-08-22T06:00:00Z,126,spectrum,coronado_center,0.393,5m,5.0,0.393,0.508,0.684,13.6,231.0,recomputed
2026-08-17T05:30:00Z,2026-08-17T00:00:00Z,2026-08-22T06:00:00Z,126,spectrum,coronado_south,0.352,5m,5.0,0.352,0.514,0.684,12.7,230.0,recomputed
2026-08-17T05:30:00Z,2026-08-17T00:00:00Z,2026-08-22T09:00:00Z,129,spectrum,buoy,0.679,buoy,,,,0.679,12.7,196.0,recomputed
2026-08-17T05:30:00Z,2026-08-17T00:00:00Z,2026-08-22T09:00:00Z,129,spectrum,coronado_north,0.606,5m,5.0,0.606,0.493,0.679,12.7,213.0,recomputed
2026-08-17T05:30:00Z,2026-08-17T00:00:00Z,2026-08-22T09:00:00Z,129,spectrum,coronado_center,0.397,5m,5.0,0.397,0.51,0.679,13.6,231.0,recomputed
2026-08-17T05:30:00Z,2026-08-17T00:00:00Z,2026-08-22T09:00:00Z,129,spectrum,coronado_south,0.349,5m,5.0,0.349,0.515,0.679,12.7,226.0,recomputed
2026-08-17T05:30:00Z,2026-08-17T00:00:00Z,2026-08-22T12:00:00Z,132,spectrum,buoy,0.679,buoy,,,,0.679,12.7,196.0,recomputed
2026-08-17T05:30:00Z,2026-08-17T00:00:00Z,2026-08-22T12:00:00Z,132,spectrum,coronado_north,0.613,5m,5.0,0.613,0.495,0.679,12.7,213.0,recomputed
2026-08-17T05:30:00Z,2026-08-17T00:00:00Z,2026-08-22T12:00:00Z,132,spectrum,coronado_center,0.406,5m,5.0,0.406,0.511,0.679,13.6,231.0,recomputed
2026-08-17T05:30:00Z,2026-08-17T00:00:00Z,2026-08-22T12:00:00Z,132,spectrum,coronado_south,0.348,5m,5.0,0.348,0.516,0.679,12.7,230.0,recomputed
2026-08-17T05:30:00Z,2026-08-17T00:00:00Z,2026-08-22T15:00:00Z,135,spectrum,buoy,0.687,buoy,,,,0.687,12.7,197.0,recomputed
2026-08-17T05:30:00Z,2026-08-17T00:00:00Z,2026-08-22T15:00:00Z,135,spectrum,coronado_north,0.612,5m,5.0,0.612,0.495,0.687,12.7,213.0,recomputed
2026-08-17T05:30:00Z,2026-08-17T00:00:00Z,2026-08-22T15:00:00Z,135,spectrum,coronado_center,0.405,5m,5.0,0.405,0.511,0.687,17.8,226.0,recomputed
2026-08-17T05:30:00Z,2026-08-17T00:00:00Z,2026-08-22T15:00:00Z,135,spectrum,coronado_south,0.351,5m,5.0,0.351,0.516,0.687,11.9,239.0,recomputed
2026-08-17T05:30:00Z,2026-08-17T00:00:00Z,2026-08-22T18:00:00Z,138,spectrum,buoy,0.694,buoy,,,,0.694,12.7,198.0,recomputed
2026-08-17T05:30:00Z,2026-08-17T00:00:00Z,2026-08-22T18:00:00Z,138,spectrum,coronado_north,0.611,5m,5.0,0.611,0.494,0.694,12.7,212.0,recomputed
2026-08-17T05:30:00Z,2026-08-17T00:00:00Z,2026-08-22T18:00:00Z,138,spectrum,coronado_center,0.41,5m,5.0,0.41,0.509,0.694,16.6,226.0,recomputed
2026-08-17T05:30:00Z,2026-08-17T00:00:00Z,2026-08-22T18:00:00Z,138,spectrum,coronado_south,0.361,5m,5.0,0.361,0.514,0.694,11.9,235.0,recomputed
2026-08-17T05:30:00Z,2026-08-17T00:00:00Z,2026-08-22T21:00:00Z,141,spectrum,buoy,0.697,buoy,,,,0.697,12.7,199.0,recomputed
2026-08-17T05:30:00Z,2026-08-17T00:00:00Z,2026-08-22T21:00:00Z,141,spectrum,coronado_north,0.609,5m,5.0,0.609,0.494,0.697,12.7,213.0,recomputed
2026-08-17T05:30:00Z,2026-08-17T00:00:00Z,2026-08-22T21:00:00Z,141,spectrum,coronado_center,0.405,5m,5.0,0.405,0.51,0.697,16.6,228.0,recomputed
2026-08-17T05:30:00Z,2026-08-17T00:00:00Z,2026-08-22T21:00:00Z,141,spectrum,coronado_south,0.36,5m,5.0,0.36,0.515,0.697,11.9,235.0,recomputed
2026-08-17T05:30:00Z,2026-08-17T00:00:00Z,2026-08-23T00:00:00Z,144,spectrum,buoy,0.707,buoy,,,,0.707,14.5,196.0,recomputed
2026-08-17T05:30:00Z,2026-08-17T00:00:00Z,2026-08-23T00:00:00Z,144,spectrum,coronado_north,0.617,5m,5.0,0.617,0.498,0.707,14.5,213.0,recomputed
2026-08-17T05:30:00Z,2026-08-17T00:00:00Z,2026-08-23T00:00:00Z,144,spectrum,coronado_center,0.42,5m,5.0,0.42,0.515,0.707,16.6,228.0,recomputed
2026-08-17T05:30:00Z,2026-08-17T00:00:00Z,2026-08-23T00:00:00Z,144,spectrum,coronado_south,0.383,5m,5.0,0.383,0.521,0.707,11.9,241.0,recomputed
2026-08-17T05:30:00Z,2026-08-17T00:00:00Z,2026-08-23T03:00:00Z,147,spectrum,buoy,0.716,buoy,,,,0.716,14.5,195.0,recomputed
2026-08-17T05:30:00Z,2026-08-17T00:00:00Z,2026-08-23T03:00:00Z,147,spectrum,coronado_north,0.628,5m,5.0,0.628,0.509,0.716,14.5,213.0,recomputed
2026-08-17T05:30:00Z,2026-08-17T00:00:00Z,2026-08-23T03:00:00Z,147,spectrum,coronado_center,0.42,5m,5.0,0.42,0.528,0.716,16.6,227.0,recomputed
2026-08-17T05:30:00Z,2026-08-17T00:00:00Z,2026-08-23T03:00:00Z,147,spectrum,coronado_south,0.362,5m,5.0,0.362,0.534,0.716,11.9,231.0,recomputed
2026-08-17T05:30:00Z,2026-08-17T00:00:00Z,2026-08-23T06:00:00Z,150,spectrum,buoy,0.721,buoy,,,,0.721,14.5,195.0,recomputed
2026-08-17T05:30:00Z,2026-08-17T00:00:00Z,2026-08-23T06:00:00Z,150,spectrum,coronado_north,0.638,5m,5.0,0.638,0.518,0.721,14.5,211.0,recomputed
2026-08-17T05:30:00Z,2026-08-17T00:00:00Z,2026-08-23T06:00:00Z,150,spectrum,coronado_center,0.428,5m,5.0,0.428,0.537,0.721,16.6,227.0,recomputed
2026-08-17T05:30:00Z,2026-08-17T00:00:00Z,2026-08-23T06:00:00Z,150,spectrum,coronado_south,0.366,5m,5.0,0.366,0.544,0.721,10.4,230.0,recomputed
2026-08-17T05:30:00Z,2026-08-17T00:00:00Z,2026-08-23T09:00:00Z,153,spectrum,buoy,0.722,buoy,,,,0.722,14.5,195.0,recomputed
2026-08-17T05:30:00Z,2026-08-17T00:00:00Z,2026-08-23T09:00:00Z,153,spectrum,coronado_north,0.642,5m,5.0,0.642,0.522,0.722,14.5,211.0,recomputed
2026-08-17T05:30:00Z,2026-08-17T00:00:00Z,2026-08-23T09:00:00Z,153,spectrum,coronado_center,0.428,5m,5.0,0.428,0.54,0.722,16.6,227.0,recomputed
2026-08-17T05:30:00Z,2026-08-17T00:00:00Z,2026-08-23T09:00:00Z,153,spectrum,coronado_south,0.365,5m,5.0,0.365,0.548,0.722,10.4,230.0,recomputed
2026-08-17T05:30:00Z,2026-08-17T00:00:00Z,2026-08-23T12:00:00Z,156,spectrum,buoy,0.722,buoy,,,,0.722,14.5,196.0,recomputed
2026-08-17T05:30:00Z,2026-08-17T00:00:00Z,2026-08-23T12:00:00Z,156,spectrum,coronado_north,0.646,5m,5.0,0.646,0.525,0.722,14.5,212.0,recomputed
2026-08-17T05:30:00Z,2026-08-17T00:00:00Z,2026-08-23T12:00:00Z,156,spectrum,coronado_center,0.428,5m,5.0,0.428,0.544,0.722,16.6,226.0,recomputed
2026-08-17T05:30:00Z,2026-08-17T00:00:00Z,2026-08-23T12:00:00Z,156,spectrum,coronado_south,0.369,5m,5.0,0.369,0.55,0.722,10.4,231.0,recomputed
2026-08-17T05:30:00Z,2026-08-17T00:00:00Z,2026-08-23T15:00:00Z,159,spectrum,buoy,0.729,buoy,,,,0.729,13.6,195.0,recomputed
2026-08-17T05:30:00Z,2026-08-17T00:00:00Z,2026-08-23T15:00:00Z,159,spectrum,coronado_north,0.66,5m,5.0,0.66,0.533,0.729,13.6,213.0,recomputed
2026-08-17T05:30:00Z,2026-08-17T00:00:00Z,2026-08-23T15:00:00Z,159,spectrum,coronado_center,0.433,5m,5.0,0.433,0.551,0.729,19.0,226.0,recomputed
2026-08-17T05:30:00Z,2026-08-17T00:00:00Z,2026-08-23T15:00:00Z,159,spectrum,coronado_south,0.358,5m,5.0,0.358,0.557,0.729,12.7,225.0,recomputed
2026-08-17T05:30:00Z,2026-08-17T00:00:00Z,2026-08-23T18:00:00Z,162,spectrum,buoy,0.741,buoy,,,,0.741,13.6,195.0,recomputed
2026-08-17T05:30:00Z,2026-08-17T00:00:00Z,2026-08-23T18:00:00Z,162,spectrum,coronado_north,0.683,5m,5.0,0.683,0.544,0.741,13.6,211.0,recomputed
2026-08-17T05:30:00Z,2026-08-17T00:00:00Z,2026-08-23T18:00:00Z,162,spectrum,coronado_center,0.453,5m,5.0,0.453,0.562,0.741,19.0,226.0,recomputed
2026-08-17T05:30:00Z,2026-08-17T00:00:00Z,2026-08-23T18:00:00Z,162,spectrum,coronado_south,0.366,5m,5.0,0.366,0.567,0.741,12.7,218.0,recomputed
2026-08-17T05:30:00Z,2026-08-17T00:00:00Z,2026-08-23T21:00:00Z,165,spectrum,buoy,0.751,buoy,,,,0.751,13.6,195.0,recomputed
2026-08-17T05:30:00Z,2026-08-17T00:00:00Z,2026-08-23T21:00:00Z,165,spectrum,coronado_north,0.705,5m,5.0,0.705,0.552,0.751,13.6,214.0,recomputed
2026-08-17T05:30:00Z,2026-08-17T00:00:00Z,2026-08-23T21:00:00Z,165,spectrum,coronado_center,0.474,5m,5.0,0.474,0.57,0.751,19.0,226.0,recomputed
2026-08-17T05:30:00Z,2026-08-17T00:00:00Z,2026-08-23T21:00:00Z,165,spectrum,coronado_south,0.376,5m,5.0,0.376,0.575,0.751,12.7,230.0,recomputed
2026-08-17T05:30:00Z,2026-08-17T00:00:00Z,2026-08-24T00:00:00Z,168,spectrum,buoy,0.761,buoy,,,,0.761,13.6,195.0,recomputed
2026-08-17T05:30:00Z,2026-08-17T00:00:00Z,2026-08-24T00:00:00Z,168,spectrum,coronado_north,0.702,5m,5.0,0.702,0.559,0.761,13.6,210.0,recomputed
2026-08-17T05:30:00Z,2026-08-17T00:00:00Z,2026-08-24T00:00:00Z,168,spectrum,coronado_center,0.472,5m,5.0,0.472,0.578,0.761,19.0,226.0,recomputed
2026-08-17T05:30:00Z,2026-08-17T00:00:00Z,2026-08-24T00:00:00Z,168,spectrum,coronado_south,0.377,5m,5.0,0.377,0.583,0.761,12.7,230.0,recomputed
2026-08-18T05:30:00Z,2026-08-18T00:00:00Z,2026-08-18T00:00:00Z,0,spectrum,buoy,1.057,buoy,,,,1.057,14.5,205.0,recomputed
2026-08-18T05:30:00Z,2026-08-18T00:00:00Z,2026-08-18T00:00:00Z,0,spectrum,coronado_north,0.818,5m,5.0,0.818,0.599,1.057,14.5,216.0,recomputed
2026-08-18T05:30:00Z,2026-08-18T00:00:00Z,2026-08-18T00:00:00Z,0,spectrum,coronado_center,0.599,5m,5.0,0.599,0.631,1.057,14.5,232.0,recomputed
2026-08-18T05:30:00Z,2026-08-18T00:00:00Z,2026-08-18T00:00:00Z,0,spectrum,coronado_south,0.469,5m,5.0,0.469,0.668,1.057,4.9,255.0,recomputed
2026-08-18T05:30:00Z,2026-08-18T00:00:00Z,2026-08-18T03:00:00Z,3,spectrum,buoy,1.152,buoy,,,,1.152,4.9,281.0,recomputed
2026-08-18T05:30:00Z,2026-08-18T00:00:00Z,2026-08-18T03:00:00Z,3,spectrum,coronado_north,0.809,5m,5.0,0.809,0.596,1.152,13.6,216.0,recomputed
2026-08-18T05:30:00Z,2026-08-18T00:00:00Z,2026-08-18T03:00:00Z,3,spectrum,coronado_center,0.606,5m,5.0,0.606,0.635,1.152,14.5,229.0,recomputed
2026-08-18T05:30:00Z,2026-08-18T00:00:00Z,2026-08-18T03:00:00Z,3,spectrum,coronado_south,0.506,5m,5.0,0.506,0.687,1.152,5.3,256.0,recomputed
2026-08-18T05:30:00Z,2026-08-18T00:00:00Z,2026-08-18T06:00:00Z,6,spectrum,buoy,1.162,buoy,,,,1.162,5.3,282.0,recomputed
2026-08-18T05:30:00Z,2026-08-18T00:00:00Z,2026-08-18T06:00:00Z,6,spectrum,coronado_north,0.805,5m,5.0,0.805,0.591,1.162,13.6,216.0,recomputed
2026-08-18T05:30:00Z,2026-08-18T00:00:00Z,2026-08-18T06:00:00Z,6,spectrum,coronado_center,0.609,5m,5.0,0.609,0.631,1.162,13.6,228.0,recomputed
2026-08-18T05:30:00Z,2026-08-18T00:00:00Z,2026-08-18T06:00:00Z,6,spectrum,coronado_south,0.525,5m,5.0,0.525,0.689,1.162,5.6,257.0,recomputed
2026-08-18T05:30:00Z,2026-08-18T00:00:00Z,2026-08-18T09:00:00Z,9,spectrum,buoy,1.087,buoy,,,,1.087,5.3,283.0,recomputed
2026-08-18T05:30:00Z,2026-08-18T00:00:00Z,2026-08-18T09:00:00Z,9,spectrum,coronado_north,0.797,5m,5.0,0.797,0.584,1.087,13.6,216.0,recomputed
2026-08-18T05:30:00Z,2026-08-18T00:00:00Z,2026-08-18T09:00:00Z,9,spectrum,coronado_center,0.591,5m,5.0,0.591,0.617,1.087,13.6,228.0,recomputed
2026-08-18T05:30:00Z,2026-08-18T00:00:00Z,2026-08-18T09:00:00Z,9,spectrum,coronado_south,0.505,5m,5.0,0.505,0.665,1.087,5.6,257.0,recomputed
2026-08-18T05:30:00Z,2026-08-18T00:00:00Z,2026-08-18T12:00:00Z,12,spectrum,buoy,1.016,buoy,,,,1.016,5.6,283.0,recomputed
2026-08-18T05:30:00Z,2026-08-18T00:00:00Z,2026-08-18T12:00:00Z,12,spectrum,coronado_north,0.786,5m,5.0,0.786,0.576,1.016,13.6,216.0,recomputed
2026-08-18T05:30:00Z,2026-08-18T00:00:00Z,2026-08-18T12:00:00Z,12,spectrum,coronado_center,0.567,5m,5.0,0.567,0.603,1.016,13.6,226.0,recomputed
2026-08-18T05:30:00Z,2026-08-18T00:00:00Z,2026-08-18T12:00:00Z,12,spectrum,coronado_south,0.472,5m,5.0,0.472,0.638,1.016,6.5,257.0,recomputed
2026-08-18T05:30:00Z,2026-08-18T00:00:00Z,2026-08-18T15:00:00Z,15,spectrum,buoy,0.975,buoy,,,,0.975,13.6,205.0,recomputed
2026-08-18T05:30:00Z,2026-08-18T00:00:00Z,2026-08-18T15:00:00Z,15,spectrum,coronado_north,0.781,5m,5.0,0.781,0.572,0.975,13.6,215.0,recomputed
2026-08-18T05:30:00Z,2026-08-18T00:00:00Z,2026-08-18T15:00:00Z,15,spectrum,coronado_center,0.55,5m,5.0,0.55,0.596,0.975,13.6,232.0,recomputed
2026-08-18T05:30:00Z,2026-08-18T00:00:00Z,2026-08-18T15:00:00Z,15,spectrum,coronado_south,0.454,5m,5.0,0.454,0.625,0.975,6.9,256.0,recomputed
2026-08-18T05:30:00Z,2026-08-18T00:00:00Z,2026-08-18T18:00:00Z,18,spectrum,buoy,0.977,buoy,,,,0.977,13.6,205.0,recomputed
2026-08-18T05:30:00Z,2026-08-18T00:00:00Z,2026-08-18T18:00:00Z,18,spectrum,coronado_north,0.78,5m,5.0,0.78,0.571,0.977,13.6,215.0,recomputed
2026-08-18T05:30:00Z,2026-08-18T00:00:00Z,2026-08-18T18:00:00Z,18,spectrum,coronado_center,0.551,5m,5.0,0.551,0.598,0.977,13.6,226.0,recomputed
2026-08-18T05:30:00Z,2026-08-18T00:00:00Z,2026-08-18T18:00:00Z,18,spectrum,coronado_south,0.472,5m,5.0,0.472,0.628,0.977,6.9,255.0,recomputed
2026-08-18T05:30:00Z,2026-08-18T00:00:00Z,2026-08-18T21:00:00Z,21,spectrum,buoy,1.005,buoy,,,,1.005,13.6,204.0,recomputed
2026-08-18T05:30:00Z,2026-08-18T00:00:00Z,2026-08-18T21:00:00Z,21,spectrum,coronado_north,0.784,5m,5.0,0.784,0.575,1.005,13.6,215.0,recomputed
2026-08-18T05:30:00Z,2026-08-18T00:00:00Z,2026-08-18T21:00:00Z,21,spectrum,coronado_center,0.558,5m,5.0,0.558,0.604,1.005,13.6,225.0,recomputed
2026-08-18T05:30:00Z,2026-08-18T00:00:00Z,2026-08-18T21:00:00Z,21,spectrum,coronado_south,0.488,5m,5.0,0.488,0.64,1.005,6.9,245.0,recomputed
2026-08-18T05:30:00Z,2026-08-18T00:00:00Z,2026-08-19T00:00:00Z,24,spectrum,buoy,1.029,buoy,,,,1.029,13.6,205.0,recomputed
2026-08-18T05:30:00Z,2026-08-18T00:00:00Z,2026-08-19T00:00:00Z,24,spectrum,coronado_north,0.789,5m,5.0,0.789,0.58,1.029,13.6,215.0,recomputed
2026-08-18T05:30:00Z,2026-08-18T00:00:00Z,2026-08-19T00:00:00Z,24,spectrum,coronado_center,0.57,5m,5.0,0.57,0.612,1.029,13.6,225.0,recomputed
2026-08-18T05:30:00Z,2026-08-18T00:00:00Z,2026-08-19T00:00:00Z,24,spectrum,coronado_south,0.51,5m,5.0,0.51,0.652,1.029,6.9,255.0,recomputed
2026-08-18T05:30:00Z,2026-08-18T00:00:00Z,2026-08-19T03:00:00Z,27,spectrum,buoy,1.062,buoy,,,,1.062,5.6,279.0,recomputed
2026-08-18T05:30:00Z,2026-08-18T00:00:00Z,2026-08-19T03:00:00Z,27,spectrum,coronado_north,0.792,5m,5.0,0.792,0.584,1.062,13.6,216.0,recomputed
2026-08-18T05:30:00Z,2026-08-18T00:00:00Z,2026-08-19T03:00:00Z,27,spectrum,coronado_center,0.577,5m,5.0,0.577,0.62,1.062,7.4,247.0,recomputed
2026-08-18T05:30:00Z,2026-08-18T00:00:00Z,2026-08-19T03:00:00Z,27,spectrum,coronado_south,0.518,5m,5.0,0.518,0.666,1.062,6.9,255.0,recomputed
2026-08-18T05:30:00Z,2026-08-18T00:00:00Z,2026-08-19T06:00:00Z,30,spectrum,buoy,1.064,buoy,,,,1.064,5.6,277.0,recomputed
2026-08-18T05:30:00Z,2026-08-18T00:00:00Z,2026-08-19T06:00:00Z,30,spectrum,coronado_north,0.785,5m,5.0,0.785,0.582,1.064,13.6,216.0,recomputed
2026-08-18T05:30:00Z,2026-08-18T00:00:00Z,2026-08-19T06:00:00Z,30,spectrum,coronado_center,0.582,5m,5.0,0.582,0.619,1.064,7.4,248.0,recomputed
2026-08-18T05:30:00Z,2026-08-18T00:00:00Z,2026-08-19T06:00:00Z,30,spectrum,coronado_south,0.538,5m,5.0,0.538,0.667,1.064,6.9,256.0,recomputed
2026-08-18T05:30:00Z,2026-08-18T00:00:00Z,2026-08-19T09:00:00Z,33,spectrum,buoy,1.053,buoy,,,,1.053,6.0,279.0,recomputed
2026-08-18T05:30:00Z,2026-08-18T00:00:00Z,2026-08-19T09:00:00Z,33,spectrum,coronado_north,0.775,5m,5.0,0.775,0.577,1.053,13.6,216.0,recomputed
2026-08-18T05:30:00Z,2026-08-18T00:00:00Z,2026-08-19T09:00:00Z,33,spectrum,coronado_center,0.573,5m,5.0,0.573,0.612,1.053,16.6,225.0,recomputed
2026-08-18T05:30:00Z,2026-08-18T00:00:00Z,2026-08-19T09:00:00Z,33,spectrum,coronado_south,0.53,5m,5.0,0.53,0.659,1.053,6.9,256.0,recomputed
2026-08-18T05:30:00Z,2026-08-18T00:00:00Z,2026-08-19T12:00:00Z,36,spectrum,buoy,1.028,buoy,,,,1.028,6.0,280.0,recomputed
2026-08-18T05:30:00Z,2026-08-18T00:00:00Z,2026-08-19T12:00:00Z,36,spectrum,coronado_north,0.766,5m,5.0,0.766,0.572,1.028,16.6,215.0,recomputed
2026-08-18T05:30:00Z,2026-08-18T00:00:00Z,2026-08-19T12:00:00Z,36,spectrum,coronado_center,0.559,5m,5.0,0.559,0.603,1.028,16.6,225.0,recomputed
2026-08-18T05:30:00Z,2026-08-18T00:00:00Z,2026-08-19T12:00:00Z,36,spectrum,coronado_south,0.517,5m,5.0,0.517,0.643,1.028,6.9,256.0,recomputed
2026-08-18T05:30:00Z,2026-08-18T00:00:00Z,2026-08-19T15:00:00Z,39,spectrum,buoy,0.995,buoy,,,,0.995,14.5,203.0,recomputed
2026-08-18T05:30:00Z,2026-08-18T00:00:00Z,2026-08-19T15:00:00Z,39,spectrum,coronado_north,0.763,5m,5.0,0.763,0.57,0.995,14.5,213.0,recomputed
2026-08-18T05:30:00Z,2026-08-18T00:00:00Z,2026-08-19T15:00:00Z,39,spectrum,coronado_center,0.551,5m,5.0,0.551,0.599,0.995,7.4,248.0,recomputed
2026-08-18T05:30:00Z,2026-08-18T00:00:00Z,2026-08-19T15:00:00Z,39,spectrum,coronado_south,0.512,5m,5.0,0.512,0.632,0.995,6.9,256.0,recomputed
2026-08-18T05:30:00Z,2026-08-18T00:00:00Z,2026-08-19T18:00:00Z,42,spectrum,buoy,0.964,buoy,,,,0.964,14.5,202.0,recomputed
2026-08-18T05:30:00Z,2026-08-18T00:00:00Z,2026-08-19T18:00:00Z,42,spectrum,coronado_north,0.762,5m,5.0,0.762,0.57,0.964,14.5,213.0,recomputed
2026-08-18T05:30:00Z,2026-08-18T00:00:00Z,2026-08-19T18:00:00Z,42,spectrum,coronado_center,0.538,5m,5.0,0.538,0.598,0.964,14.5,236.0,recomputed
2026-08-18T05:30:00Z,2026-08-18T00:00:00Z,2026-08-19T18:00:00Z,42,spectrum,coronado_south,0.49,5m,5.0,0.49,0.626,0.964,6.9,252.0,recomputed
2026-08-18T05:30:00Z,2026-08-18T00:00:00Z,2026-08-19T21:00:00Z,45,spectrum,buoy,0.945,buoy,,,,0.945,14.5,202.0,recomputed
2026-08-18T05:30:00Z,2026-08-18T00:00:00Z,2026-08-19T21:00:00Z,45,spectrum,coronado_north,0.765,5m,5.0,0.765,0.57,0.945,14.5,213.0,recomputed
2026-08-18T05:30:00Z,2026-08-18T00:00:00Z,2026-08-19T21:00:00Z,45,spectrum,coronado_center,0.548,5m,5.0,0.548,0.599,0.945,16.6,233.0,recomputed
2026-08-18T05:30:00Z,2026-08-18T00:00:00Z,2026-08-19T21:00:00Z,45,spectrum,coronado_south,0.512,5m,5.0,0.512,0.627,0.945,6.9,254.0,recomputed
2026-08-18T05:30:00Z,2026-08-18T00:00:00Z,2026-08-20T00:00:00Z,48,spectrum,buoy,0.944,buoy,,,,0.944,14.5,203.0,recomputed
2026-08-18T05:30:00Z,2026-08-18T00:00:00Z,2026-08-20T00:00:00Z,48,spectrum,coronado_north,0.756,5m,5.0,0.756,0.575,0.944,14.5,213.0,recomputed
2026-08-18T05:30:00Z,2026-08-18T00:00:00Z,2026-08-20T00:00:00Z,48,spectrum,coronado_center,0.533,5m,5.0,0.533,0.605,0.944,15.6,233.0,recomputed
2026-08-18T05:30:00Z,2026-08-18T00:00:00Z,2026-08-20T00:00:00Z,48,spectrum,coronado_south,0.49,5m,5.0,0.49,0.636,0.944,6.9,252.0,recomputed
2026-08-18T05:30:00Z,2026-08-18T00:00:00Z,2026-08-20T03:00:00Z,51,spectrum,buoy,0.931,buoy,,,,0.931,15.6,205.0,recomputed
2026-08-18T05:30:00Z,2026-08-18T00:00:00Z,2026-08-20T03:00:00Z,51,spectrum,coronado_north,0.752,5m,5.0,0.752,0.576,0.931,15.6,213.0,recomputed
2026-08-18T05:30:00Z,2026-08-18T00:00:00Z,2026-08-20T03:00:00Z,51,spectrum,coronado_center,0.527,5m,5.0,0.527,0.609,0.931,15.6,229.0,recomputed
2026-08-18T05:30:00Z,2026-08-18T00:00:00Z,2026-08-20T03:00:00Z,51,spectrum,coronado_south,0.486,5m,5.0,0.486,0.64,0.931,4.6,251.0,recomputed
2026-08-18T05:30:00Z,2026-08-18T00:00:00Z,2026-08-20T06:00:00Z,54,spectrum,buoy,0.904,buoy,,,,0.904,15.6,203.0,recomputed
2026-08-18T05:30:00Z,2026-08-18T00:00:00Z,2026-08-20T06:00:00Z,54,spectrum,coronado_north,0.745,5m,5.0,0.745,0.571,0.904,15.6,213.0,recomputed
2026-08-18T05:30:00Z,2026-08-18T00:00:00Z,2026-08-20T06:00:00Z,54,spectrum,coronado_center,0.514,5m,5.0,0.514,0.603,0.904,15.6,229.0,recomputed
2026-08-18T05:30:00Z,2026-08-18T00:00:00Z,2026-08-20T06:00:00Z,54,spectrum,coronado_south,0.465,5m,5.0,0.465,0.634,0.904,4.6,249.0,recomputed
2026-08-18T05:30:00Z,2026-08-18T00:00:00Z,2026-08-20T09:00:00Z,57,spectrum,buoy,0.868,buoy,,,,0.868,15.6,202.0,recomputed
2026-08-18T05:30:00Z,2026-08-18T00:00:00Z,2026-08-20T09:00:00Z,57,spectrum,coronado_north,0.734,5m,5.0,0.734,0.563,0.868,15.6,213.0,recomputed
2026-08-18T05:30:00Z,2026-08-18T00:00:00Z,2026-08-20T09:00:00Z,57,spectrum,coronado_center,0.504,5m,5.0,0.504,0.591,0.868,15.6,228.0,recomputed
2026-08-18T05:30:00Z,2026-08-18T00:00:00Z,2026-08-20T09:00:00Z,57,spectrum,coronado_south,0.446,5m,5.0,0.446,0.619,0.868,5.3,249.0,recomputed
2026-08-18T05:30:00Z,2026-08-18T00:00:00Z,2026-08-20T12:00:00Z,60,spectrum,buoy,0.835,buoy,,,,0.835,15.6,200.0,recomputed
2026-08-18T05:30:00Z,2026-08-18T00:00:00Z,2026-08-20T12:00:00Z,60,spectrum,coronado_north,0.714,5m,5.0,0.714,0.549,0.835,15.6,214.0,recomputed
2026-08-18T05:30:00Z,2026-08-18T00:00:00Z,2026-08-20T12:00:00Z,60,spectrum,coronado_center,0.489,5m,5.0,0.489,0.575,0.835,15.6,228.0,recomputed
2026-08-18T05:30:00Z,2026-08-18T00:00:00Z,2026-08-20T12:00:00Z,60,spectrum,coronado_south,0.426,5m,5.0,0.426,0.598,0.835,5.3,250.0,recomputed
2026-08-18T05:30:00Z,2026-08-18T00:00:00Z,2026-08-20T15:00:00Z,63,spectrum,buoy,0.809,buoy,,,,0.809,13.6,206.0,recomputed
2026-08-18T05:30:00Z,2026-08-18T00:00:00Z,2026-08-20T15:00:00Z,63,spectrum,coronado_north,0.693,5m,5.0,0.693,0.536,0.809,15.6,214.0,recomputed
2026-08-18T05:30:00Z,2026-08-18T00:00:00Z,2026-08-20T15:00:00Z,63,spectrum,coronado_center,0.476,5m,5.0,0.476,0.559,0.809,15.6,228.0,recomputed
2026-08-18T05:30:00Z,2026-08-18T00:00:00Z,2026-08-20T15:00:00Z,63,spectrum,coronado_south,0.409,5m,5.0,0.409,0.579,0.809,5.6,251.0,recomputed
2026-08-18T05:30:00Z,2026-08-18T00:00:00Z,2026-08-20T18:00:00Z,66,spectrum,buoy,0.786,buoy,,,,0.786,14.5,200.0,recomputed
2026-08-18T05:30:00Z,2026-08-18T00:00:00Z,2026-08-20T18:00:00Z,66,spectrum,coronado_north,0.679,5m,5.0,0.679,0.528,0.786,14.5,213.0,recomputed
2026-08-18T05:30:00Z,2026-08-18T00:00:00Z,2026-08-20T18:00:00Z,66,spectrum,coronado_center,0.467,5m,5.0,0.467,0.549,0.786,14.5,229.0,recomputed
2026-08-18T05:30:00Z,2026-08-18T00:00:00Z,2026-08-20T18:00:00Z,66,spectrum,coronado_south,0.397,5m,5.0,0.397,0.565,0.786,5.6,251.0,recomputed
2026-08-18T05:30:00Z,2026-08-18T00:00:00Z,2026-08-20T21:00:00Z,69,spectrum,buoy,0.76,buoy,,,,0.76,14.5,200.0,recomputed
2026-08-18T05:30:00Z,2026-08-18T00:00:00Z,2026-08-20T21:00:00Z,69,spectrum,coronado_north,0.673,5m,5.0,0.673,0.525,0.76,14.5,213.0,recomputed
2026-08-18T05:30:00Z,2026-08-18T00:00:00Z,2026-08-20T21:00:00Z,69,spectrum,coronado_center,0.459,5m,5.0,0.459,0.545,0.76,14.5,229.0,recomputed
2026-08-18T05:30:00Z,2026-08-18T00:00:00Z,2026-08-20T21:00:00Z,69,spectrum,coronado_south,0.385,5m,5.0,0.385,0.558,0.76,14.5,232.0,recomputed
2026-08-18T05:30:00Z,2026-08-18T00:00:00Z,2026-08-21T00:00:00Z,72,spectrum,buoy,0.738,buoy,,,,0.738,14.5,200.0,recomputed
2026-08-18T05:30:00Z,2026-08-18T00:00:00Z,2026-08-21T00:00:00Z,72,spectrum,coronado_north,0.673,5m,5.0,0.673,0.522,0.738,14.5,213.0,recomputed
2026-08-18T05:30:00Z,2026-08-18T00:00:00Z,2026-08-21T00:00:00Z,72,spectrum,coronado_center,0.458,5m,5.0,0.458,0.542,0.738,14.5,229.0,recomputed
2026-08-18T05:30:00Z,2026-08-18T00:00:00Z,2026-08-21T00:00:00Z,72,spectrum,coronado_south,0.379,5m,5.0,0.379,0.552,0.738,14.5,231.0,recomputed
2026-08-18T05:30:00Z,2026-08-18T00:00:00Z,2026-08-21T03:00:00Z,75,spectrum,buoy,0.721,buoy,,,,0.721,14.5,200.0,recomputed
2026-08-18T05:30:00Z,2026-08-18T00:00:00Z,2026-08-21T03:00:00Z,75,spectrum,coronado_north,0.667,5m,5.0,0.667,0.518,0.721,14.5,214.0,recomputed
2026-08-18T05:30:00Z,2026-08-18T00:00:00Z,2026-08-21T03:00:00Z,75,spectrum,coronado_center,0.446,5m,5.0,0.446,0.536,0.721,14.5,229.0,recomputed
2026-08-18T05:30:00Z,2026-08-18T00:00:00Z,2026-08-21T03:00:00Z,75,spectrum,coronado_south,0.364,5m,5.0,0.364,0.545,0.721,4.6,249.0,recomputed
2026-08-18T05:30:00Z,2026-08-18T00:00:00Z,2026-08-21T06:00:00Z,78,spectrum,buoy,0.708,buoy,,,,0.708,14.5,201.0,recomputed
2026-08-18T05:30:00Z,2026-08-18T00:00:00Z,2026-08-21T06:00:00Z,78,spectrum,coronado_north,0.655,5m,5.0,0.655,0.511,0.708,14.5,214.0,recomputed
2026-08-18T05:30:00Z,2026-08-18T00:00:00Z,2026-08-21T06:00:00Z,78,spectrum,coronado_center,0.438,5m,5.0,0.438,0.528,0.708,14.5,230.0,recomputed
2026-08-18T05:30:00Z,2026-08-18T00:00:00Z,2026-08-21T06:00:00Z,78,spectrum,coronado_south,0.359,5m,5.0,0.359,0.536,0.708,12.7,243.0,recomputed
2026-08-18T05:30:00Z,2026-08-18T00:00:00Z,2026-08-21T09:00:00Z,81,spectrum,buoy,0.695,buoy,,,,0.695,13.6,200.0,recomputed
2026-08-18T05:30:00Z,2026-08-18T00:00:00Z,2026-08-21T09:00:00Z,81,spectrum,coronado_north,0.644,5m,5.0,0.644,0.505,0.695,13.6,215.0,recomputed
2026-08-18T05:30:00Z,2026-08-18T00:00:00Z,2026-08-21T09:00:00Z,81,spectrum,coronado_center,0.434,5m,5.0,0.434,0.522,0.695,14.5,230.0,recomputed
2026-08-18T05:30:00Z,2026-08-18T00:00:00Z,2026-08-21T09:00:00Z,81,spectrum,coronado_south,0.355,5m,5.0,0.355,0.529,0.695,12.7,236.0,recomputed
2026-08-18T05:30:00Z,2026-08-18T00:00:00Z,2026-08-21T12:00:00Z,84,spectrum,buoy,0.682,buoy,,,,0.682,13.6,199.0,recomputed
2026-08-18T05:30:00Z,2026-08-18T00:00:00Z,2026-08-21T12:00:00Z,84,spectrum,coronado_north,0.634,5m,5.0,0.634,0.498,0.682,13.6,214.0,recomputed
2026-08-18T05:30:00Z,2026-08-18T00:00:00Z,2026-08-21T12:00:00Z,84,spectrum,coronado_center,0.431,5m,5.0,0.431,0.515,0.682,14.5,230.0,recomputed
2026-08-18T05:30:00Z,2026-08-18T00:00:00Z,2026-08-21T12:00:00Z,84,spectrum,coronado_south,0.351,5m,5.0,0.351,0.522,0.682,11.9,235.0,recomputed
2026-08-18T05:30:00Z,2026-08-18T00:00:00Z,2026-08-21T15:00:00Z,87,spectrum,buoy,0.675,buoy,,,,0.675,13.6,199.0,recomputed
2026-08-18T05:30:00Z,2026-08-18T00:00:00Z,2026-08-21T15:00:00Z,87,spectrum,coronado_north,0.631,5m,5.0,0.631,0.494,0.675,13.6,214.0,recomputed
2026-08-18T05:30:00Z,2026-08-18T00:00:00Z,2026-08-21T15:00:00Z,87,spectrum,coronado_center,0.435,5m,5.0,0.435,0.511,0.675,14.5,230.0,recomputed
2026-08-18T05:30:00Z,2026-08-18T00:00:00Z,2026-08-21T15:00:00Z,87,spectrum,coronado_south,0.353,5m,5.0,0.353,0.519,0.675,11.9,234.0,recomputed
2026-08-18T05:30:00Z,2026-08-18T00:00:00Z,2026-08-21T18:00:00Z,90,spectrum,buoy,0.673,buoy,,,,0.673,13.6,199.0,recomputed
2026-08-18T05:30:00Z,2026-08-18T00:00:00Z,2026-08-21T18:00:00Z,90,spectrum,coronado_north,0.628,5m,5.0,0.628,0.491,0.673,13.6,214.0,recomputed
2026-08-18T05:30:00Z,2026-08-18T00:00:00Z,2026-08-21T18:00:00Z,90,spectrum,coronado_center,0.429,5m,5.0,0.429,0.507,0.673,13.6,230.0,recomputed
2026-08-18T05:30:00Z,2026-08-18T00:00:00Z,2026-08-21T18:00:00Z,90,spectrum,coronado_south,0.346,5m,5.0,0.346,0.515,0.673,11.9,234.0,recomputed
2026-08-18T05:30:00Z,2026-08-18T00:00:00Z,2026-08-21T21:00:00Z,93,spectrum,buoy,0.666,buoy,,,,0.666,13.6,199.0,recomputed
2026-08-18T05:30:00Z,2026-08-18T00:00:00Z,2026-08-21T21:00:00Z,93,spectrum,coronado_north,0.621,5m,5.0,0.621,0.486,0.666,13.6,214.0,recomputed
2026-08-18T05:30:00Z,2026-08-18T00:00:00Z,2026-08-21T21:00:00Z,93,spectrum,coronado_center,0.419,5m,5.0,0.419,0.502,0.666,13.6,230.0,recomputed
2026-08-18T05:30:00Z,2026-08-18T00:00:00Z,2026-08-21T21:00:00Z,93,spectrum,coronado_south,0.342,5m,5.0,0.342,0.508,0.666,11.9,233.0,recomputed
2026-08-18T05:30:00Z,2026-08-18T00:00:00Z,2026-08-22T00:00:00Z,96,spectrum,buoy,0.656,buoy,,,,0.656,13.6,199.0,recomputed
2026-08-18T05:30:00Z,2026-08-18T00:00:00Z,2026-08-22T00:00:00Z,96,spectrum,coronado_north,0.611,5m,5.0,0.611,0.48,0.656,13.6,214.0,recomputed
2026-08-18T05:30:00Z,2026-08-18T00:00:00Z,2026-08-22T00:00:00Z,96,spectrum,coronado_center,0.407,5m,5.0,0.407,0.496,0.656,13.6,229.0,recomputed
2026-08-18T05:30:00Z,2026-08-18T00:00:00Z,2026-08-22T00:00:00Z,96,spectrum,coronado_south,0.335,5m,5.0,0.335,0.501,0.656,11.9,232.0,recomputed
2026-08-18T05:30:00Z,2026-08-18T00:00:00Z,2026-08-22T03:00:00Z,99,spectrum,buoy,0.645,buoy,,,,0.645,12.7,200.0,recomputed
2026-08-18T05:30:00Z,2026-08-18T00:00:00Z,2026-08-22T03:00:00Z,99,spectrum,coronado_north,0.597,5m,5.0,0.597,0.474,0.645,13.6,214.0,recomputed
2026-08-18T05:30:00Z,2026-08-18T00:00:00Z,2026-08-22T03:00:00Z,99,spectrum,coronado_center,0.396,5m,5.0,0.396,0.489,0.645,13.6,229.0,recomputed
2026-08-18T05:30:00Z,2026-08-18T00:00:00Z,2026-08-22T03:00:00Z,99,spectrum,coronado_south,0.33,5m,5.0,0.33,0.494,0.645,12.7,230.0,recomputed
2026-08-18T05:30:00Z,2026-08-18T00:00:00Z,2026-08-22T06:00:00Z,102,spectrum,buoy,0.64,buoy,,,,0.64,12.7,199.0,recomputed
2026-08-18T05:30:00Z,2026-08-18T00:00:00Z,2026-08-22T06:00:00Z,102,spectrum,coronado_north,0.591,5m,5.0,0.591,0.472,0.64,13.6,214.0,recomputed
2026-08-18T05:30:00Z,2026-08-18T00:00:00Z,2026-08-22T06:00:00Z,102,spectrum,coronado_center,0.393,5m,5.0,0.393,0.487,0.64,13.6,230.0,recomputed
2026-08-18T05:30:00Z,2026-08-18T00:00:00Z,2026-08-22T06:00:00Z,102,spectrum,coronado_south,0.327,5m,5.0,0.327,0.491,0.64,12.7,228.0,recomputed
2026-08-18T05:30:00Z,2026-08-18T00:00:00Z,2026-08-22T09:00:00Z,105,spectrum,buoy,0.639,buoy,,,,0.639,12.7,198.0,recomputed
2026-08-18T05:30:00Z,2026-08-18T00:00:00Z,2026-08-22T09:00:00Z,105,spectrum,coronado_north,0.592,5m,5.0,0.592,0.472,0.639,12.7,214.0,recomputed
2026-08-18T05:30:00Z,2026-08-18T00:00:00Z,2026-08-22T09:00:00Z,105,spectrum,coronado_center,0.396,5m,5.0,0.396,0.487,0.639,13.6,231.0,recomputed
2026-08-18T05:30:00Z,2026-08-18T00:00:00Z,2026-08-22T09:00:00Z,105,spectrum,coronado_south,0.327,5m,5.0,0.327,0.491,0.639,11.1,228.0,recomputed
2026-08-18T05:30:00Z,2026-08-18T00:00:00Z,2026-08-22T12:00:00Z,108,spectrum,buoy,0.642,buoy,,,,0.642,12.7,198.0,recomputed
2026-08-18T05:30:00Z,2026-08-18T00:00:00Z,2026-08-22T12:00:00Z,108,spectrum,coronado_north,0.597,5m,5.0,0.597,0.474,0.642,12.7,214.0,recomputed
2026-08-18T05:30:00Z,2026-08-18T00:00:00Z,2026-08-22T12:00:00Z,108,spectrum,coronado_center,0.403,5m,5.0,0.403,0.489,0.642,13.6,233.0,recomputed
2026-08-18T05:30:00Z,2026-08-18T00:00:00Z,2026-08-22T12:00:00Z,108,spectrum,coronado_south,0.334,5m,5.0,0.334,0.493,0.642,11.9,235.0,recomputed
2026-08-18T05:30:00Z,2026-08-18T00:00:00Z,2026-08-22T15:00:00Z,111,spectrum,buoy,0.662,buoy,,,,0.662,12.7,198.0,recomputed
2026-08-18T05:30:00Z,2026-08-18T00:00:00Z,2026-08-22T15:00:00Z,111,spectrum,coronado_north,0.598,5m,5.0,0.598,0.475,0.662,12.7,214.0,recomputed
2026-08-18T05:30:00Z,2026-08-18T00:00:00Z,2026-08-22T15:00:00Z,111,spectrum,coronado_center,0.407,5m,5.0,0.407,0.49,0.662,13.6,234.0,recomputed
2026-08-18T05:30:00Z,2026-08-18T00:00:00Z,2026-08-22T15:00:00Z,111,spectrum,coronado_south,0.339,5m,5.0,0.339,0.494,0.662,11.9,237.0,recomputed
2026-08-18T05:30:00Z,2026-08-18T00:00:00Z,2026-08-22T18:00:00Z,114,spectrum,buoy,0.695,buoy,,,,0.695,12.7,199.0,recomputed
2026-08-18T05:30:00Z,2026-08-18T00:00:00Z,2026-08-22T18:00:00Z,114,spectrum,coronado_north,0.601,5m,5.0,0.601,0.475,0.695,12.7,213.0,recomputed
2026-08-18T05:30:00Z,2026-08-18T00:00:00Z,2026-08-22T18:00:00Z,114,spectrum,coronado_center,0.418,5m,5.0,0.418,0.49,0.695,13.6,235.0,recomputed
2026-08-18T05:30:00Z,2026-08-18T00:00:00Z,2026-08-22T18:00:00Z,114,spectrum,coronado_south,0.351,5m,5.0,0.351,0.495,0.695,11.9,240.0,recomputed
2026-08-18T05:30:00Z,2026-08-18T00:00:00Z,2026-08-22T21:00:00Z,117,spectrum,buoy,0.703,buoy,,,,0.703,12.7,200.0,recomputed
2026-08-18T05:30:00Z,2026-08-18T00:00:00Z,2026-08-22T21:00:00Z,117,spectrum,coronado_north,0.602,5m,5.0,0.602,0.477,0.703,12.7,214.0,recomputed
2026-08-18T05:30:00Z,2026-08-18T00:00:00Z,2026-08-22T21:00:00Z,117,spectrum,coronado_center,0.422,5m,5.0,0.422,0.494,0.703,13.6,235.0,recomputed
2026-08-18T05:30:00Z,2026-08-18T00:00:00Z,2026-08-22T21:00:00Z,117,spectrum,coronado_south,0.354,5m,5.0,0.354,0.5,0.703,11.9,239.0,recomputed
2026-08-18T05:30:00Z,2026-08-18T00:00:00Z,2026-08-23T00:00:00Z,120,spectrum,buoy,0.697,buoy,,,,0.697,14.5,196.0,recomputed
2026-08-18T05:30:00Z,2026-08-18T00:00:00Z,2026-08-23T00:00:00Z,120,spectrum,coronado_north,0.601,5m,5.0,0.601,0.48,0.697,12.7,214.0,recomputed
2026-08-18T05:30:00Z,2026-08-18T00:00:00Z,2026-08-23T00:00:00Z,120,spectrum,coronado_center,0.419,5m,5.0,0.419,0.497,0.697,16.6,231.0,recomputed
2026-08-18T05:30:00Z,2026-08-18T00:00:00Z,2026-08-23T00:00:00Z,120,spectrum,coronado_south,0.353,5m,5.0,0.353,0.504,0.697,11.9,244.0,recomputed
2026-08-18T05:30:00Z,2026-08-18T00:00:00Z,2026-08-23T03:00:00Z,123,spectrum,buoy,0.696,buoy,,,,0.696,14.5,196.0,recomputed
2026-08-18T05:30:00Z,2026-08-18T00:00:00Z,2026-08-23T03:00:00Z,123,spectrum,coronado_north,0.611,5m,5.0,0.611,0.487,0.696,14.5,214.0,recomputed
2026-08-18T05:30:00Z,2026-08-18T00:00:00Z,2026-08-23T03:00:00Z,123,spectrum,coronado_center,0.424,5m,5.0,0.424,0.504,0.696,16.6,230.0,recomputed
2026-08-18T05:30:00Z,2026-08-18T00:00:00Z,2026-08-23T03:00:00Z,123,spectrum,coronado_south,0.355,5m,5.0,0.355,0.512,0.696,11.9,243.0,recomputed
2026-08-18T05:30:00Z,2026-08-18T00:00:00Z,2026-08-23T06:00:00Z,126,spectrum,buoy,0.699,buoy,,,,0.699,14.5,196.0,recomputed
2026-08-18T05:30:00Z,2026-08-18T00:00:00Z,2026-08-23T06:00:00Z,126,spectrum,coronado_north,0.626,5m,5.0,0.626,0.496,0.699,14.5,212.0,recomputed
2026-08-18T05:30:00Z,2026-08-18T00:00:00Z,2026-08-23T06:00:00Z,126,spectrum,coronado_center,0.439,5m,5.0,0.439,0.514,0.699,16.6,229.0,recomputed
2026-08-18T05:30:00Z,2026-08-18T00:00:00Z,2026-08-23T06:00:00Z,126,spectrum,coronado_south,0.371,5m,5.0,0.371,0.523,0.699,10.4,241.0,recomputed
2026-08-18T05:30:00Z,2026-08-18T00:00:00Z,2026-08-23T09:00:00Z,129,spectrum,buoy,0.705,buoy,,,,0.705,14.5,197.0,recomputed
2026-08-18T05:30:00Z,2026-08-18T00:00:00Z,2026-08-23T09:00:00Z,129,spectrum,coronado_north,0.627,5m,5.0,0.627,0.502,0.705,14.5,212.0,recomputed
2026-08-18T05:30:00Z,2026-08-18T00:00:00Z,2026-08-23T09:00:00Z,129,spectrum,coronado_center,0.435,5m,5.0,0.435,0.521,0.705,16.6,227.0,recomputed
2026-08-18T05:30:00Z,2026-08-18T00:00:00Z,2026-08-23T09:00:00Z,129,spectrum,coronado_south,0.361,5m,5.0,0.361,0.531,0.705,10.4,229.0,recomputed
2026-08-18T05:30:00Z,2026-08-18T00:00:00Z,2026-08-23T12:00:00Z,132,spectrum,buoy,0.73,buoy,,,,0.73,14.5,197.0,recomputed
2026-08-18T05:30:00Z,2026-08-18T00:00:00Z,2026-08-23T12:00:00Z,132,spectrum,coronado_north,0.63,5m,5.0,0.63,0.506,0.73,14.5,214.0,recomputed
2026-08-18T05:30:00Z,2026-08-18T00:00:00Z,2026-08-23T12:00:00Z,132,spectrum,coronado_center,0.442,5m,5.0,0.442,0.527,0.73,16.6,227.0,recomputed
2026-08-18T05:30:00Z,2026-08-18T00:00:00Z,2026-08-23T12:00:00Z,132,spectrum,coronado_south,0.382,5m,5.0,0.382,0.54,0.73,10.4,228.0,recomputed
2026-08-18T05:30:00Z,2026-08-18T00:00:00Z,2026-08-23T15:00:00Z,135,spectrum,buoy,0.766,buoy,,,,0.766,13.6,196.0,recomputed
2026-08-18T05:30:00Z,2026-08-18T00:00:00Z,2026-08-23T15:00:00Z,135,spectrum,coronado_north,0.642,5m,5.0,0.642,0.514,0.766,14.5,214.0,recomputed
2026-08-18T05:30:00Z,2026-08-18T00:00:00Z,2026-08-23T15:00:00Z,135,spectrum,coronado_center,0.45,5m,5.0,0.45,0.536,0.766,19.0,230.0,recomputed
2026-08-18T05:30:00Z,2026-08-18T00:00:00Z,2026-08-23T15:00:00Z,135,spectrum,coronado_south,0.38,5m,5.0,0.38,0.551,0.766,5.3,253.0,recomputed
2026-08-18T05:30:00Z,2026-08-18T00:00:00Z,2026-08-23T18:00:00Z,138,spectrum,buoy,0.785,buoy,,,,0.785,13.6,195.0,recomputed
2026-08-18T05:30:00Z,2026-08-18T00:00:00Z,2026-08-23T18:00:00Z,138,spectrum,coronado_north,0.662,5m,5.0,0.662,0.526,0.785,13.6,212.0,recomputed
2026-08-18T05:30:00Z,2026-08-18T00:00:00Z,2026-08-23T18:00:00Z,138,spectrum,coronado_center,0.476,5m,5.0,0.476,0.547,0.785,19.0,229.0,recomputed
2026-08-18T05:30:00Z,2026-08-18T00:00:00Z,2026-08-23T18:00:00Z,138,spectrum,coronado_south,0.401,5m,5.0,0.401,0.561,0.785,12.7,237.0,recomputed
2026-08-18T05:30:00Z,2026-08-18T00:00:00Z,2026-08-23T21:00:00Z,141,spectrum,buoy,0.807,buoy,,,,0.807,13.6,195.0,recomputed
2026-08-18T05:30:00Z,2026-08-18T00:00:00Z,2026-08-23T21:00:00Z,141,spectrum,coronado_north,0.687,5m,5.0,0.687,0.541,0.807,13.6,211.0,recomputed
2026-08-18T05:30:00Z,2026-08-18T00:00:00Z,2026-08-23T21:00:00Z,141,spectrum,coronado_center,0.505,5m,5.0,0.505,0.565,0.807,19.0,227.0,recomputed
2026-08-18T05:30:00Z,2026-08-18T00:00:00Z,2026-08-23T21:00:00Z,141,spectrum,coronado_south,0.425,5m,5.0,0.425,0.581,0.807,12.7,222.0,recomputed
2026-08-18T05:30:00Z,2026-08-18T00:00:00Z,2026-08-24T00:00:00Z,144,spectrum,buoy,0.83,buoy,,,,0.83,13.6,195.0,recomputed
2026-08-18T05:30:00Z,2026-08-18T00:00:00Z,2026-08-24T00:00:00Z,144,spectrum,coronado_north,0.692,5m,5.0,0.692,0.555,0.83,13.6,212.0,recomputed
2026-08-18T05:30:00Z,2026-08-18T00:00:00Z,2026-08-24T00:00:00Z,144,spectrum,coronado_center,0.508,5m,5.0,0.508,0.582,0.83,19.0,227.0,recomputed
2026-08-18T05:30:00Z,2026-08-18T00:00:00Z,2026-08-24T00:00:00Z,144,spectrum,coronado_south,0.42,5m,5.0,0.42,0.601,0.83,3.5,248.0,recomputed
2026-08-18T05:30:00Z,2026-08-18T00:00:00Z,2026-08-24T03:00:00Z,147,spectrum,buoy,0.868,buoy,,,,0.868,13.6,195.0,recomputed
2026-08-18T05:30:00Z,2026-08-18T00:00:00Z,2026-08-24T03:00:00Z,147,spectrum,coronado_north,0.697,5m,5.0,0.697,0.569,0.868,13.6,215.0,recomputed
2026-08-18T05:30:00Z,2026-08-18T00:00:00Z,2026-08-24T03:00:00Z,147,spectrum,coronado_center,0.515,5m,5.0,0.515,0.6,0.868,17.8,227.0,recomputed
2026-08-18T05:30:00Z,2026-08-18T00:00:00Z,2026-08-24T03:00:00Z,147,spectrum,coronado_south,0.438,5m,5.0,0.438,0.625,0.868,4.6,248.0,recomputed
2026-08-18T05:30:00Z,2026-08-18T00:00:00Z,2026-08-24T06:00:00Z,150,spectrum,buoy,0.9,buoy,,,,0.9,13.6,195.0,recomputed
2026-08-18T05:30:00Z,2026-08-18T00:00:00Z,2026-08-24T06:00:00Z,150,spectrum,coronado_north,0.703,5m,5.0,0.703,0.572,0.9,13.6,212.0,recomputed
2026-08-18T05:30:00Z,2026-08-18T00:00:00Z,2026-08-24T06:00:00Z,150,spectrum,coronado_center,0.518,5m,5.0,0.518,0.603,0.9,17.8,226.0,recomputed
2026-08-18T05:30:00Z,2026-08-18T00:00:00Z,2026-08-24T06:00:00Z,150,spectrum,coronado_south,0.443,5m,5.0,0.443,0.631,0.9,4.6,249.0,recomputed
2026-08-18T05:30:00Z,2026-08-18T00:00:00Z,2026-08-24T09:00:00Z,153,spectrum,buoy,0.906,buoy,,,,0.906,14.5,190.0,recomputed
2026-08-18T05:30:00Z,2026-08-18T00:00:00Z,2026-08-24T09:00:00Z,153,spectrum,coronado_north,0.714,5m,5.0,0.714,0.577,0.906,17.8,215.0,recomputed
2026-08-18T05:30:00Z,2026-08-18T00:00:00Z,2026-08-24T09:00:00Z,153,spectrum,coronado_center,0.527,5m,5.0,0.527,0.607,0.906,17.8,226.0,recomputed
2026-08-18T05:30:00Z,2026-08-18T00:00:00Z,2026-08-24T09:00:00Z,153,spectrum,coronado_south,0.44,5m,5.0,0.44,0.633,0.906,4.6,250.0,recomputed
2026-08-18T05:30:00Z,2026-08-18T00:00:00Z,2026-08-24T12:00:00Z,156,spectrum,buoy,0.915,buoy,,,,0.915,14.5,189.0,recomputed
2026-08-18T05:30:00Z,2026-08-18T00:00:00Z,2026-08-24T12:00:00Z,156,spectrum,coronado_north,0.723,5m,5.0,0.723,0.58,0.915,17.8,216.0,recomputed
2026-08-18T05:30:00Z,2026-08-18T00:00:00Z,2026-08-24T12:00:00Z,156,spectrum,coronado_center,0.537,5m,5.0,0.537,0.607,0.915,17.8,226.0,recomputed
2026-08-18T05:30:00Z,2026-08-18T00:00:00Z,2026-08-24T12:00:00Z,156,spectrum,coronado_south,0.434,5m,5.0,0.434,0.63,0.915,4.6,252.0,recomputed
2026-08-18T05:30:00Z,2026-08-18T00:00:00Z,2026-08-24T15:00:00Z,159,spectrum,buoy,0.891,buoy,,,,0.891,14.5,189.0,recomputed
2026-08-18T05:30:00Z,2026-08-18T00:00:00Z,2026-08-24T15:00:00Z,159,spectrum,coronado_north,0.725,5m,5.0,0.725,0.58,0.891,17.8,216.0,recomputed
2026-08-18T05:30:00Z,2026-08-18T00:00:00Z,2026-08-24T15:00:00Z,159,spectrum,coronado_center,0.54,5m,5.0,0.54,0.606,0.891,17.8,226.0,recomputed
2026-08-18T05:30:00Z,2026-08-18T00:00:00Z,2026-08-24T15:00:00Z,159,spectrum,coronado_south,0.432,5m,5.0,0.432,0.625,0.891,4.6,252.0,recomputed
2026-08-18T05:30:00Z,2026-08-18T00:00:00Z,2026-08-24T18:00:00Z,162,spectrum,buoy,0.874,buoy,,,,0.874,14.5,190.0,recomputed
2026-08-18T05:30:00Z,2026-08-18T00:00:00Z,2026-08-24T18:00:00Z,162,spectrum,coronado_north,0.723,5m,5.0,0.723,0.581,0.874,17.8,216.0,recomputed
2026-08-18T05:30:00Z,2026-08-18T00:00:00Z,2026-08-24T18:00:00Z,162,spectrum,coronado_center,0.543,5m,5.0,0.543,0.606,0.874,17.8,226.0,recomputed
2026-08-18T05:30:00Z,2026-08-18T00:00:00Z,2026-08-24T18:00:00Z,162,spectrum,coronado_south,0.431,5m,5.0,0.431,0.623,0.874,4.6,251.0,recomputed
2026-08-18T05:30:00Z,2026-08-18T00:00:00Z,2026-08-24T21:00:00Z,165,spectrum,buoy,0.864,buoy,,,,0.864,13.6,190.0,recomputed
2026-08-18T05:30:00Z,2026-08-18T00:00:00Z,2026-08-24T21:00:00Z,165,spectrum,coronado_north,0.722,5m,5.0,0.722,0.586,0.864,16.6,216.0,recomputed
2026-08-18T05:30:00Z,2026-08-18T00:00:00Z,2026-08-24T21:00:00Z,165,spectrum,coronado_center,0.542,5m,5.0,0.542,0.611,0.864,16.6,226.0,recomputed
2026-08-18T05:30:00Z,2026-08-18T00:00:00Z,2026-08-24T21:00:00Z,165,spectrum,coronado_south,0.423,5m,5.0,0.423,0.628,0.864,4.6,250.0,recomputed
2026-08-18T05:30:00Z,2026-08-18T00:00:00Z,2026-08-25T00:00:00Z,168,spectrum,buoy,0.865,buoy,,,,0.865,13.6,189.0,recomputed
2026-08-18T05:30:00Z,2026-08-18T00:00:00Z,2026-08-25T00:00:00Z,168,spectrum,coronado_north,0.727,5m,5.0,0.727,0.593,0.865,16.6,217.0,recomputed
2026-08-18T05:30:00Z,2026-08-18T00:00:00Z,2026-08-25T00:00:00Z,168,spectrum,coronado_center,0.55,5m,5.0,0.55,0.618,0.865,16.6,225.0,recomputed
2026-08-18T05:30:00Z,2026-08-18T00:00:00Z,2026-08-25T00:00:00Z,168,spectrum,coronado_south,0.427,5m,5.0,0.427,0.635,0.865,4.6,250.0,recomputed
2026-08-19T05:30:00Z,2026-08-19T00:00:00Z,2026-08-19T00:00:00Z,0,spectrum,buoy,1.086,buoy,,,,1.086,5.6,278.0,recomputed
2026-08-19T05:30:00Z,2026-08-19T00:00:00Z,2026-08-19T00:00:00Z,0,spectrum,coronado_north,0.8,5m,5.0,0.8,0.586,1.086,13.6,215.0,recomputed
2026-08-19T05:30:00Z,2026-08-19T00:00:00Z,2026-08-19T00:00:00Z,0,spectrum,coronado_center,0.584,5m,5.0,0.584,0.622,1.086,13.6,225.0,recomputed
2026-08-19T05:30:00Z,2026-08-19T00:00:00Z,2026-08-19T00:00:00Z,0,spectrum,coronado_south,0.539,5m,5.0,0.539,0.668,1.086,6.9,256.0,recomputed
2026-08-19T05:30:00Z,2026-08-19T00:00:00Z,2026-08-19T03:00:00Z,3,spectrum,buoy,1.121,buoy,,,,1.121,5.6,277.0,recomputed
2026-08-19T05:30:00Z,2026-08-19T00:00:00Z,2026-08-19T03:00:00Z,3,spectrum,coronado_north,0.803,5m,5.0,0.803,0.594,1.121,13.6,216.0,recomputed
2026-08-19T05:30:00Z,2026-08-19T00:00:00Z,2026-08-19T03:00:00Z,3,spectrum,coronado_center,0.596,5m,5.0,0.596,0.634,1.121,6.0,248.0,recomputed
2026-08-19T05:30:00Z,2026-08-19T00:00:00Z,2026-08-19T03:00:00Z,3,spectrum,coronado_south,0.546,5m,5.0,0.546,0.688,1.121,5.6,255.0,recomputed
2026-08-19T05:30:00Z,2026-08-19T00:00:00Z,2026-08-19T06:00:00Z,6,spectrum,buoy,1.106,buoy,,,,1.106,5.6,276.0,recomputed
2026-08-19T05:30:00Z,2026-08-19T00:00:00Z,2026-08-19T06:00:00Z,6,spectrum,coronado_north,0.792,5m,5.0,0.792,0.589,1.106,13.6,217.0,recomputed
2026-08-19T05:30:00Z,2026-08-19T00:00:00Z,2026-08-19T06:00:00Z,6,spectrum,coronado_center,0.591,5m,5.0,0.591,0.63,1.106,6.0,248.0,recomputed
2026-08-19T05:30:00Z,2026-08-19T00:00:00Z,2026-08-19T06:00:00Z,6,spectrum,coronado_south,0.55,5m,5.0,0.55,0.685,1.106,5.6,255.0,recomputed
2026-08-19T05:30:00Z,2026-08-19T00:00:00Z,2026-08-19T09:00:00Z,9,spectrum,buoy,1.075,buoy,,,,1.075,5.6,276.0,recomputed
2026-08-19T05:30:00Z,2026-08-19T00:00:00Z,2026-08-19T09:00:00Z,9,spectrum,coronado_north,0.774,5m,5.0,0.774,0.577,1.075,13.6,216.0,recomputed
2026-08-19T05:30:00Z,2026-08-19T00:00:00Z,2026-08-19T09:00:00Z,9,spectrum,coronado_center,0.578,5m,5.0,0.578,0.615,1.075,16.6,225.0,recomputed
2026-08-19T05:30:00Z,2026-08-19T00:00:00Z,2026-08-19T09:00:00Z,9,spectrum,coronado_south,0.543,5m,5.0,0.543,0.668,1.075,6.9,256.0,recomputed
2026-08-19T05:30:00Z,2026-08-19T00:00:00Z,2026-08-19T12:00:00Z,12,spectrum,buoy,1.037,buoy,,,,1.037,6.0,279.0,recomputed
2026-08-19T05:30:00Z,2026-08-19T00:00:00Z,2026-08-19T12:00:00Z,12,spectrum,coronado_north,0.758,5m,5.0,0.758,0.565,1.037,16.6,216.0,recomputed
2026-08-19T05:30:00Z,2026-08-19T00:00:00Z,2026-08-19T12:00:00Z,12,spectrum,coronado_center,0.559,5m,5.0,0.559,0.597,1.037,16.6,225.0,recomputed
2026-08-19T05:30:00Z,2026-08-19T00:00:00Z,2026-08-19T12:00:00Z,12,spectrum,coronado_south,0.523,5m,5.0,0.523,0.641,1.037,6.9,253.0,recomputed
2026-08-19T05:30:00Z,2026-08-19T00:00:00Z,2026-08-19T15:00:00Z,15,spectrum,buoy,0.995,buoy,,,,0.995,6.0,281.0,recomputed
2026-08-19T05:30:00Z,2026-08-19T00:00:00Z,2026-08-19T15:00:00Z,15,spectrum,coronado_north,0.751,5m,5.0,0.751,0.559,0.995,14.5,214.0,recomputed
2026-08-19T05:30:00Z,2026-08-19T00:00:00Z,2026-08-19T15:00:00Z,15,spectrum,coronado_center,0.544,5m,5.0,0.544,0.587,0.995,7.4,249.0,recomputed
2026-08-19T05:30:00Z,2026-08-19T00:00:00Z,2026-08-19T15:00:00Z,15,spectrum,coronado_south,0.509,5m,5.0,0.509,0.622,0.995,6.9,253.0,recomputed
2026-08-19T05:30:00Z,2026-08-19T00:00:00Z,2026-08-19T18:00:00Z,18,spectrum,buoy,0.967,buoy,,,,0.967,14.5,203.0,recomputed
2026-08-19T05:30:00Z,2026-08-19T00:00:00Z,2026-08-19T18:00:00Z,18,spectrum,coronado_north,0.749,5m,5.0,0.749,0.558,0.967,14.5,213.0,recomputed
2026-08-19T05:30:00Z,2026-08-19T00:00:00Z,2026-08-19T18:00:00Z,18,spectrum,coronado_center,0.535,5m,5.0,0.535,0.586,0.967,7.4,248.0,recomputed
2026-08-19T05:30:00Z,2026-08-19T00:00:00Z,2026-08-19T18:00:00Z,18,spectrum,coronado_south,0.492,5m,5.0,0.492,0.615,0.967,6.9,253.0,recomputed
2026-08-19T05:30:00Z,2026-08-19T00:00:00Z,2026-08-19T21:00:00Z,21,spectrum,buoy,0.953,buoy,,,,0.953,14.5,203.0,recomputed
2026-08-19T05:30:00Z,2026-08-19T00:00:00Z,2026-08-19T21:00:00Z,21,spectrum,coronado_north,0.754,5m,5.0,0.754,0.561,0.953,14.5,213.0,recomputed
2026-08-19T05:30:00Z,2026-08-19T00:00:00Z,2026-08-19T21:00:00Z,21,spectrum,coronado_center,0.545,5m,5.0,0.545,0.589,0.953,16.6,225.0,recomputed
2026-08-19T05:30:00Z,2026-08-19T00:00:00Z,2026-08-19T21:00:00Z,21,spectrum,coronado_south,0.511,5m,5.0,0.511,0.62,0.953,6.9,255.0,recomputed
2026-08-19T05:30:00Z,2026-08-19T00:00:00Z,2026-08-20T00:00:00Z,24,spectrum,buoy,0.953,buoy,,,,0.953,14.5,204.0,recomputed
2026-08-19T05:30:00Z,2026-08-19T00:00:00Z,2026-08-20T00:00:00Z,24,spectrum,coronado_north,0.752,5m,5.0,0.752,0.564,0.953,14.5,213.0,recomputed
2026-08-19T05:30:00Z,2026-08-19T00:00:00Z,2026-08-20T00:00:00Z,24,spectrum,coronado_center,0.533,5m,5.0,0.533,0.593,0.953,14.5,235.0,recomputed
2026-08-19T05:30:00Z,2026-08-19T00:00:00Z,2026-08-20T00:00:00Z,24,spectrum,coronado_south,0.495,5m,5.0,0.495,0.625,0.953,6.9,254.0,recomputed
2026-08-19T05:30:00Z,2026-08-19T00:00:00Z,2026-08-20T03:00:00Z,27,spectrum,buoy,0.935,buoy,,,,0.935,15.6,205.0,recomputed
2026-08-19T05:30:00Z,2026-08-19T00:00:00Z,2026-08-20T03:00:00Z,27,spectrum,coronado_north,0.746,5m,5.0,0.746,0.565,0.935,15.6,213.0,recomputed
2026-08-19T05:30:00Z,2026-08-19T00:00:00Z,2026-08-20T03:00:00Z,27,spectrum,coronado_center,0.526,5m,5.0,0.526,0.596,0.935,15.6,234.0,recomputed
2026-08-19T05:30:00Z,2026-08-19T00:00:00Z,2026-08-20T03:00:00Z,27,spectrum,coronado_south,0.488,5m,5.0,0.488,0.626,0.935,6.9,253.0,recomputed
2026-08-19T05:30:00Z,2026-08-19T00:00:00Z,2026-08-20T06:00:00Z,30,spectrum,buoy,0.904,buoy,,,,0.904,15.6,203.0,recomputed
2026-08-19T05:30:00Z,2026-08-19T00:00:00Z,2026-08-20T06:00:00Z,30,spectrum,coronado_north,0.743,5m,5.0,0.743,0.564,0.904,15.6,213.0,recomputed
2026-08-19T05:30:00Z,2026-08-19T00:00:00Z,2026-08-20T06:00:00Z,30,spectrum,coronado_center,0.511,5m,5.0,0.511,0.594,0.904,15.6,230.0,recomputed
2026-08-19T05:30:00Z,2026-08-19T00:00:00Z,2026-08-20T06:00:00Z,30,spectrum,coronado_south,0.465,5m,5.0,0.465,0.622,0.904,4.6,251.0,recomputed
2026-08-19T05:30:00Z,2026-08-19T00:00:00Z,2026-08-20T09:00:00Z,33,spectrum,buoy,0.866,buoy,,,,0.866,15.6,202.0,recomputed
2026-08-19T05:30:00Z,2026-08-19T00:00:00Z,2026-08-20T09:00:00Z,33,spectrum,coronado_north,0.733,5m,5.0,0.733,0.558,0.866,15.6,213.0,recomputed
2026-08-19T05:30:00Z,2026-08-19T00:00:00Z,2026-08-20T09:00:00Z,33,spectrum,coronado_center,0.499,5m,5.0,0.499,0.585,0.866,15.6,228.0,recomputed
2026-08-19T05:30:00Z,2026-08-19T00:00:00Z,2026-08-20T09:00:00Z,33,spectrum,coronado_south,0.442,5m,5.0,0.442,0.609,0.866,5.6,250.0,recomputed
2026-08-19T05:30:00Z,2026-08-19T00:00:00Z,2026-08-20T12:00:00Z,36,spectrum,buoy,0.828,buoy,,,,0.828,15.6,201.0,recomputed
2026-08-19T05:30:00Z,2026-08-19T00:00:00Z,2026-08-20T12:00:00Z,36,spectrum,coronado_north,0.713,5m,5.0,0.713,0.546,0.828,15.6,214.0,recomputed
2026-08-19T05:30:00Z,2026-08-19T00:00:00Z,2026-08-20T12:00:00Z,36,spectrum,coronado_center,0.485,5m,5.0,0.485,0.571,0.828,15.6,229.0,recomputed
2026-08-19T05:30:00Z,2026-08-19T00:00:00Z,2026-08-20T12:00:00Z,36,spectrum,coronado_south,0.42,5m,5.0,0.42,0.591,0.828,5.6,251.0,recomputed
2026-08-19T05:30:00Z,2026-08-19T00:00:00Z,2026-08-20T15:00:00Z,39,spectrum,buoy,0.792,buoy,,,,0.792,13.6,206.0,recomputed
2026-08-19T05:30:00Z,2026-08-19T00:00:00Z,2026-08-20T15:00:00Z,39,spectrum,coronado_north,0.69,5m,5.0,0.69,0.532,0.792,15.6,214.0,recomputed
2026-08-19T05:30:00Z,2026-08-19T00:00:00Z,2026-08-20T15:00:00Z,39,spectrum,coronado_center,0.469,5m,5.0,0.469,0.555,0.792,15.6,229.0,recomputed
2026-08-19T05:30:00Z,2026-08-19T00:00:00Z,2026-08-20T15:00:00Z,39,spectrum,coronado_south,0.401,5m,5.0,0.401,0.571,0.792,5.6,251.0,recomputed
2026-08-19T05:30:00Z,2026-08-19T00:00:00Z,2026-08-20T18:00:00Z,42,spectrum,buoy,0.768,buoy,,,,0.768,14.5,201.0,recomputed
2026-08-19T05:30:00Z,2026-08-19T00:00:00Z,2026-08-20T18:00:00Z,42,spectrum,coronado_north,0.673,5m,5.0,0.673,0.523,0.768,14.5,213.0,recomputed
2026-08-19T05:30:00Z,2026-08-19T00:00:00Z,2026-08-20T18:00:00Z,42,spectrum,coronado_center,0.527,5m,5.0,0.527,0.544,0.768,13.6,229.0,recomputed
2026-08-19T05:30:00Z,2026-08-19T00:00:00Z,2026-08-20T18:00:00Z,42,spectrum,coronado_south,0.39,5m,5.0,0.39,0.558,0.768,5.3,250.0,recomputed
2026-08-19T05:30:00Z,2026-08-19T00:00:00Z,2026-08-20T21:00:00Z,45,spectrum,buoy,0.744,buoy,,,,0.744,14.5,200.0,recomputed
2026-08-19T05:30:00Z,2026-08-19T00:00:00Z,2026-08-20T21:00:00Z,45,spectrum,coronado_north,0.664,5m,5.0,0.664,0.517,0.744,14.5,213.0,recomputed
2026-08-19T05:30:00Z,2026-08-19T00:00:00Z,2026-08-20T21:00:00Z,45,spectrum,coronado_center,0.453,5m,5.0,0.453,0.536,0.744,14.5,229.0,recomputed
2026-08-19T05:30:00Z,2026-08-19T00:00:00Z,2026-08-20T21:00:00Z,45,spectrum,coronado_south,0.379,5m,5.0,0.379,0.547,0.744,12.7,235.0,recomputed
2026-08-19T05:30:00Z,2026-08-19T00:00:00Z,2026-08-21T00:00:00Z,48,spectrum,buoy,0.717,buoy,,,,0.717,14.5,201.0,recomputed
2026-08-19T05:30:00Z,2026-08-19T00:00:00Z,2026-08-21T00:00:00Z,48,spectrum,coronado_north,0.654,5m,5.0,0.654,0.508,0.717,14.5,213.0,recomputed
2026-08-19T05:30:00Z,2026-08-19T00:00:00Z,2026-08-21T00:00:00Z,48,spectrum,coronado_center,0.442,5m,5.0,0.442,0.526,0.717,14.5,230.0,recomputed
2026-08-19T05:30:00Z,2026-08-19T00:00:00Z,2026-08-21T00:00:00Z,48,spectrum,coronado_south,0.365,5m,5.0,0.365,0.535,0.717,12.7,233.0,recomputed
2026-08-19T05:30:00Z,2026-08-19T00:00:00Z,2026-08-21T03:00:00Z,51,spectrum,buoy,0.697,buoy,,,,0.697,14.5,202.0,recomputed
2026-08-19T05:30:00Z,2026-08-19T00:00:00Z,2026-08-21T03:00:00Z,51,spectrum,coronado_north,0.644,5m,5.0,0.644,0.5,0.697,14.5,214.0,recomputed
2026-08-19T05:30:00Z,2026-08-19T00:00:00Z,2026-08-21T03:00:00Z,51,spectrum,coronado_center,0.431,5m,5.0,0.431,0.517,0.697,14.5,230.0,recomputed
2026-08-19T05:30:00Z,2026-08-19T00:00:00Z,2026-08-21T03:00:00Z,51,spectrum,coronado_south,0.354,5m,5.0,0.354,0.524,0.697,12.7,244.0,recomputed
2026-08-19T05:30:00Z,2026-08-19T00:00:00Z,2026-08-21T06:00:00Z,54,spectrum,buoy,0.68,buoy,,,,0.68,14.5,202.0,recomputed
2026-08-19T05:30:00Z,2026-08-19T00:00:00Z,2026-08-21T06:00:00Z,54,spectrum,coronado_north,0.633,5m,5.0,0.633,0.493,0.68,14.5,214.0,recomputed
2026-08-19T05:30:00Z,2026-08-19T00:00:00Z,2026-08-21T06:00:00Z,54,spectrum,coronado_center,0.42,5m,5.0,0.42,0.509,0.68,14.5,230.0,recomputed
2026-08-19T05:30:00Z,2026-08-19T00:00:00Z,2026-08-21T06:00:00Z,54,spectrum,coronado_south,0.347,5m,5.0,0.347,0.516,0.68,12.7,245.0,recomputed
2026-08-19T05:30:00Z,2026-08-19T00:00:00Z,2026-08-21T09:00:00Z,57,spectrum,buoy,0.663,buoy,,,,0.663,13.6,201.0,recomputed
2026-08-19T05:30:00Z,2026-08-19T00:00:00Z,2026-08-21T09:00:00Z,57,spectrum,coronado_north,0.622,5m,5.0,0.622,0.486,0.663,13.6,215.0,recomputed
2026-08-19T05:30:00Z,2026-08-19T00:00:00Z,2026-08-21T09:00:00Z,57,spectrum,coronado_center,0.413,5m,5.0,0.413,0.502,0.663,14.5,230.0,recomputed
2026-08-19T05:30:00Z,2026-08-19T00:00:00Z,2026-08-21T09:00:00Z,57,spectrum,coronado_south,0.339,5m,5.0,0.339,0.508,0.663,12.7,238.0,recomputed
2026-08-19T05:30:00Z,2026-08-19T00:00:00Z,2026-08-21T12:00:00Z,60,spectrum,buoy,0.654,buoy,,,,0.654,13.6,200.0,recomputed
2026-08-19T05:30:00Z,2026-08-19T00:00:00Z,2026-08-21T12:00:00Z,60,spectrum,coronado_north,0.615,5m,5.0,0.615,0.482,0.654,13.6,214.0,recomputed
2026-08-19T05:30:00Z,2026-08-19T00:00:00Z,2026-08-21T12:00:00Z,60,spectrum,coronado_center,0.411,5m,5.0,0.411,0.498,0.654,14.5,230.0,recomputed
2026-08-19T05:30:00Z,2026-08-19T00:00:00Z,2026-08-21T12:00:00Z,60,spectrum,coronado_south,0.336,5m,5.0,0.336,0.503,0.654,11.9,238.0,recomputed
2026-08-19T05:30:00Z,2026-08-19T00:00:00Z,2026-08-21T15:00:00Z,63,spectrum,buoy,0.654,buoy,,,,0.654,13.6,200.0,recomputed
2026-08-19T05:30:00Z,2026-08-19T00:00:00Z,2026-08-21T15:00:00Z,63,spectrum,coronado_north,0.611,5m,5.0,0.611,0.478,0.654,13.6,214.0,recomputed
2026-08-19T05:30:00Z,2026-08-19T00:00:00Z,2026-08-21T15:00:00Z,63,spectrum,coronado_center,0.412,5m,5.0,0.412,0.494,0.654,14.5,230.0,recomputed
2026-08-19T05:30:00Z,2026-08-19T00:00:00Z,2026-08-21T15:00:00Z,63,spectrum,coronado_south,0.335,5m,5.0,0.335,0.5,0.654,11.9,238.0,recomputed
2026-08-19T05:30:00Z,2026-08-19T00:00:00Z,2026-08-21T18:00:00Z,66,spectrum,buoy,0.653,buoy,,,,0.653,13.6,200.0,recomputed
2026-08-19T05:30:00Z,2026-08-19T00:00:00Z,2026-08-21T18:00:00Z,66,spectrum,coronado_north,0.609,5m,5.0,0.609,0.475,0.653,13.6,214.0,recomputed
2026-08-19T05:30:00Z,2026-08-19T00:00:00Z,2026-08-21T18:00:00Z,66,spectrum,coronado_center,0.409,5m,5.0,0.409,0.491,0.653,13.6,230.0,recomputed
2026-08-19T05:30:00Z,2026-08-19T00:00:00Z,2026-08-21T18:00:00Z,66,spectrum,coronado_south,0.336,5m,5.0,0.336,0.497,0.653,11.9,238.0,recomputed
2026-08-19T05:30:00Z,2026-08-19T00:00:00Z,2026-08-21T21:00:00Z,69,spectrum,buoy,0.65,buoy,,,,0.65,13.6,200.0,recomputed
2026-08-19T05:30:00Z,2026-08-19T00:00:00Z,2026-08-21T21:00:00Z,69,spectrum,coronado_north,0.6,5m,5.0,0.6,0.473,0.65,13.6,214.0,recomputed
2026-08-19T05:30:00Z,2026-08-19T00:00:00Z,2026-08-21T21:00:00Z,69,spectrum,coronado_center,0.399,5m,5.0,0.399,0.489,0.65,13.6,230.0,recomputed
2026-08-19T05:30:00Z,2026-08-19T00:00:00Z,2026-08-21T21:00:00Z,69,spectrum,coronado_south,0.333,5m,5.0,0.333,0.495,0.65,11.9,236.0,recomputed
2026-08-19T05:30:00Z,2026-08-19T00:00:00Z,2026-08-22T00:00:00Z,72,spectrum,buoy,0.638,buoy,,,,0.638,13.6,200.0,recomputed
2026-08-19T05:30:00Z,2026-08-19T00:00:00Z,2026-08-22T00:00:00Z,72,spectrum,coronado_north,0.591,5m,5.0,0.591,0.466,0.638,13.6,213.0,recomputed
2026-08-19T05:30:00Z,2026-08-19T00:00:00Z,2026-08-22T00:00:00Z,72,spectrum,coronado_center,0.393,5m,5.0,0.393,0.481,0.638,13.6,230.0,recomputed
2026-08-19T05:30:00Z,2026-08-19T00:00:00Z,2026-08-22T00:00:00Z,72,spectrum,coronado_south,0.338,5m,5.0,0.338,0.486,0.638,11.9,234.0,recomputed
2026-08-19T05:30:00Z,2026-08-19T00:00:00Z,2026-08-22T03:00:00Z,75,spectrum,buoy,0.625,buoy,,,,0.625,12.7,201.0,recomputed
2026-08-19T05:30:00Z,2026-08-19T00:00:00Z,2026-08-22T03:00:00Z,75,spectrum,coronado_north,0.574,5m,5.0,0.574,0.458,0.625,13.6,213.0,recomputed
2026-08-19T05:30:00Z,2026-08-19T00:00:00Z,2026-08-22T03:00:00Z,75,spectrum,coronado_center,0.38,5m,5.0,0.38,0.473,0.625,13.6,230.0,recomputed
2026-08-19T05:30:00Z,2026-08-19T00:00:00Z,2026-08-22T03:00:00Z,75,spectrum,coronado_south,0.331,5m,5.0,0.331,0.477,0.625,12.7,235.0,recomputed
2026-08-19T05:30:00Z,2026-08-19T00:00:00Z,2026-08-22T06:00:00Z,78,spectrum,buoy,0.616,buoy,,,,0.616,12.7,200.0,recomputed
2026-08-19T05:30:00Z,2026-08-19T00:00:00Z,2026-08-22T06:00:00Z,78,spectrum,coronado_north,0.564,5m,5.0,0.564,0.454,0.616,13.6,213.0,recomputed
2026-08-19T05:30:00Z,2026-08-19T00:00:00Z,2026-08-22T06:00:00Z,78,spectrum,coronado_center,0.371,5m,5.0,0.371,0.469,0.616,13.6,230.0,recomputed
2026-08-19T05:30:00Z,2026-08-19T00:00:00Z,2026-08-22T06:00:00Z,78,spectrum,coronado_south,0.319,5m,5.0,0.319,0.473,0.616,11.1,234.0,recomputed
2026-08-19T05:30:00Z,2026-08-19T00:00:00Z,2026-08-22T09:00:00Z,81,spectrum,buoy,0.61,buoy,,,,0.61,12.7,199.0,recomputed
2026-08-19T05:30:00Z,2026-08-19T00:00:00Z,2026-08-22T09:00:00Z,81,spectrum,coronado_north,0.564,5m,5.0,0.564,0.454,0.61,12.7,213.0,recomputed
2026-08-19T05:30:00Z,2026-08-19T00:00:00Z,2026-08-22T09:00:00Z,81,spectrum,coronado_center,0.374,5m,5.0,0.374,0.469,0.61,13.6,230.0,recomputed
2026-08-19T05:30:00Z,2026-08-19T00:00:00Z,2026-08-22T09:00:00Z,81,spectrum,coronado_south,0.318,5m,5.0,0.318,0.472,0.61,11.1,233.0,recomputed
2026-08-19T05:30:00Z,2026-08-19T00:00:00Z,2026-08-22T12:00:00Z,84,spectrum,buoy,0.609,buoy,,,,0.609,12.7,199.0,recomputed
2026-08-19T05:30:00Z,2026-08-19T00:00:00Z,2026-08-22T12:00:00Z,84,spectrum,coronado_north,0.569,5m,5.0,0.569,0.456,0.609,12.7,213.0,recomputed
2026-08-19T05:30:00Z,2026-08-19T00:00:00Z,2026-08-22T12:00:00Z,84,spectrum,coronado_center,0.378,5m,5.0,0.378,0.471,0.609,17.8,227.0,recomputed
2026-08-19T05:30:00Z,2026-08-19T00:00:00Z,2026-08-22T12:00:00Z,84,spectrum,coronado_south,0.318,5m,5.0,0.318,0.474,0.609,11.1,231.0,recomputed
2026-08-19T05:30:00Z,2026-08-19T00:00:00Z,2026-08-22T15:00:00Z,87,spectrum,buoy,0.622,buoy,,,,0.622,12.7,199.0,recomputed
2026-08-19T05:30:00Z,2026-08-19T00:00:00Z,2026-08-22T15:00:00Z,87,spectrum,coronado_north,0.57,5m,5.0,0.57,0.458,0.622,12.7,213.0,recomputed
2026-08-19T05:30:00Z,2026-08-19T00:00:00Z,2026-08-22T15:00:00Z,87,spectrum,coronado_center,0.383,5m,5.0,0.383,0.473,0.622,17.8,227.0,recomputed
2026-08-19T05:30:00Z,2026-08-19T00:00:00Z,2026-08-22T15:00:00Z,87,spectrum,coronado_south,0.321,5m,5.0,0.321,0.478,0.622,11.9,229.0,recomputed
2026-08-19T05:30:00Z,2026-08-19T00:00:00Z,2026-08-22T18:00:00Z,90,spectrum,buoy,0.643,buoy,,,,0.643,12.7,200.0,recomputed
2026-08-19T05:30:00Z,2026-08-19T00:00:00Z,2026-08-22T18:00:00Z,90,spectrum,coronado_north,0.569,5m,5.0,0.569,0.458,0.643,12.7,213.0,recomputed
2026-08-19T05:30:00Z,2026-08-19T00:00:00Z,2026-08-22T18:00:00Z,90,spectrum,coronado_center,0.386,5m,5.0,0.386,0.474,0.643,16.6,228.0,recomputed
2026-08-19T05:30:00Z,2026-08-19T00:00:00Z,2026-08-22T18:00:00Z,90,spectrum,coronado_south,0.332,5m,5.0,0.332,0.48,0.643,11.9,235.0,recomputed
2026-08-19T05:30:00Z,2026-08-19T00:00:00Z,2026-08-22T21:00:00Z,93,spectrum,buoy,0.665,buoy,,,,0.665,12.7,201.0,recomputed
2026-08-19T05:30:00Z,2026-08-19T00:00:00Z,2026-08-22T21:00:00Z,93,spectrum,coronado_north,0.578,5m,5.0,0.578,0.463,0.665,12.7,214.0,recomputed
2026-08-19T05:30:00Z,2026-08-19T00:00:00Z,2026-08-22T21:00:00Z,93,spectrum,coronado_center,0.409,5m,5.0,0.409,0.48,0.665,16.6,228.0,recomputed
2026-08-19T05:30:00Z,2026-08-19T00:00:00Z,2026-08-22T21:00:00Z,93,spectrum,coronado_south,0.363,5m,5.0,0.363,0.488,0.665,11.9,235.0,recomputed
2026-08-19T05:30:00Z,2026-08-19T00:00:00Z,2026-08-23T00:00:00Z,96,spectrum,buoy,0.678,buoy,,,,0.678,14.5,196.0,recomputed
2026-08-19T05:30:00Z,2026-08-19T00:00:00Z,2026-08-23T00:00:00Z,96,spectrum,coronado_north,0.579,5m,5.0,0.579,0.47,0.678,14.5,214.0,recomputed
2026-08-19T05:30:00Z,2026-08-19T00:00:00Z,2026-08-23T00:00:00Z,96,spectrum,coronado_center,0.399,5m,5.0,0.399,0.489,0.678,16.6,228.0,recomputed
2026-08-19T05:30:00Z,2026-08-19T00:00:00Z,2026-08-23T00:00:00Z,96,spectrum,coronado_south,0.351,5m,5.0,0.351,0.498,0.678,10.4,240.0,recomputed
2026-08-19T05:30:00Z,2026-08-19T00:00:00Z,2026-08-23T03:00:00Z,99,spectrum,buoy,0.696,buoy,,,,0.696,14.5,197.0,recomputed
2026-08-19T05:30:00Z,2026-08-19T00:00:00Z,2026-08-23T03:00:00Z,99,spectrum,coronado_north,0.594,5m,5.0,0.594,0.479,0.696,14.5,214.0,recomputed
2026-08-19T05:30:00Z,2026-08-19T00:00:00Z,2026-08-23T03:00:00Z,99,spectrum,coronado_center,0.412,5m,5.0,0.412,0.499,0.696,16.6,228.0,recomputed
2026-08-19T05:30:00Z,2026-08-19T00:00:00Z,2026-08-23T03:00:00Z,99,spectrum,coronado_south,0.357,5m,5.0,0.357,0.51,0.696,3.3,249.0,recomputed
2026-08-19T05:30:00Z,2026-08-19T00:00:00Z,2026-08-23T06:00:00Z,102,spectrum,buoy,0.723,buoy,,,,0.723,14.5,197.0,recomputed
2026-08-19T05:30:00Z,2026-08-19T00:00:00Z,2026-08-23T06:00:00Z,102,spectrum,coronado_north,0.605,5m,5.0,0.605,0.487,0.723,14.5,211.0,recomputed
2026-08-19T05:30:00Z,2026-08-19T00:00:00Z,2026-08-23T06:00:00Z,102,spectrum,coronado_center,0.428,5m,5.0,0.428,0.509,0.723,16.6,228.0,recomputed
2026-08-19T05:30:00Z,2026-08-19T00:00:00Z,2026-08-23T06:00:00Z,102,spectrum,coronado_south,0.381,5m,5.0,0.381,0.524,0.723,3.5,249.0,recomputed
2026-08-19T05:30:00Z,2026-08-19T00:00:00Z,2026-08-23T09:00:00Z,105,spectrum,buoy,0.757,buoy,,,,0.757,14.5,198.0,recomputed
2026-08-19T05:30:00Z,2026-08-19T00:00:00Z,2026-08-23T09:00:00Z,105,spectrum,coronado_north,0.612,5m,5.0,0.612,0.493,0.757,14.5,211.0,recomputed
2026-08-19T05:30:00Z,2026-08-19T00:00:00Z,2026-08-23T09:00:00Z,105,spectrum,coronado_center,0.432,5m,5.0,0.432,0.518,0.757,16.6,228.0,recomputed
2026-08-19T05:30:00Z,2026-08-19T00:00:00Z,2026-08-23T09:00:00Z,105,spectrum,coronado_south,0.394,5m,5.0,0.394,0.537,0.757,4.6,250.0,recomputed
2026-08-19T05:30:00Z,2026-08-19T00:00:00Z,2026-08-23T12:00:00Z,108,spectrum,buoy,0.791,buoy,,,,0.791,14.5,198.0,recomputed
2026-08-19T05:30:00Z,2026-08-19T00:00:00Z,2026-08-23T12:00:00Z,108,spectrum,coronado_north,0.618,5m,5.0,0.618,0.498,0.791,14.5,213.0,recomputed
2026-08-19T05:30:00Z,2026-08-19T00:00:00Z,2026-08-23T12:00:00Z,108,spectrum,coronado_center,0.438,5m,5.0,0.438,0.523,0.791,16.6,231.0,recomputed
2026-08-19T05:30:00Z,2026-08-19T00:00:00Z,2026-08-23T12:00:00Z,108,spectrum,coronado_south,0.397,5m,5.0,0.397,0.544,0.791,4.6,252.0,recomputed
2026-08-19T05:30:00Z,2026-08-19T00:00:00Z,2026-08-23T15:00:00Z,111,spectrum,buoy,0.82,buoy,,,,0.82,13.6,196.0,recomputed
2026-08-19T05:30:00Z,2026-08-19T00:00:00Z,2026-08-23T15:00:00Z,111,spectrum,coronado_north,0.632,5m,5.0,0.632,0.507,0.82,13.6,212.0,recomputed
2026-08-19T05:30:00Z,2026-08-19T00:00:00Z,2026-08-23T15:00:00Z,111,spectrum,coronado_center,0.451,5m,5.0,0.451,0.533,0.82,19.0,231.0,recomputed
2026-08-19T05:30:00Z,2026-08-19T00:00:00Z,2026-08-23T15:00:00Z,111,spectrum,coronado_south,0.408,5m,5.0,0.408,0.555,0.82,4.6,253.0,recomputed
2026-08-19T05:30:00Z,2026-08-19T00:00:00Z,2026-08-23T18:00:00Z,114,spectrum,buoy,0.832,buoy,,,,0.832,13.6,196.0,recomputed
2026-08-19T05:30:00Z,2026-08-19T00:00:00Z,2026-08-23T18:00:00Z,114,spectrum,coronado_north,0.652,5m,5.0,0.652,0.518,0.832,13.6,212.0,recomputed
2026-08-19T05:30:00Z,2026-08-19T00:00:00Z,2026-08-23T18:00:00Z,114,spectrum,coronado_center,0.472,5m,5.0,0.472,0.544,0.832,19.0,229.0,recomputed
2026-08-19T05:30:00Z,2026-08-19T00:00:00Z,2026-08-23T18:00:00Z,114,spectrum,coronado_south,0.42,5m,5.0,0.42,0.565,0.832,4.6,253.0,recomputed
2026-08-19T05:30:00Z,2026-08-19T00:00:00Z,2026-08-23T21:00:00Z,117,spectrum,buoy,0.831,buoy,,,,0.831,13.6,196.0,recomputed
2026-08-19T05:30:00Z,2026-08-19T00:00:00Z,2026-08-23T21:00:00Z,117,spectrum,coronado_north,0.666,5m,5.0,0.666,0.525,0.831,13.6,211.0,recomputed
2026-08-19T05:30:00Z,2026-08-19T00:00:00Z,2026-08-23T21:00:00Z,117,spectrum,coronado_center,0.488,5m,5.0,0.488,0.551,0.831,19.0,227.0,recomputed
2026-08-19T05:30:00Z,2026-08-19T00:00:00Z,2026-08-23T21:00:00Z,117,spectrum,coronado_south,0.429,5m,5.0,0.429,0.571,0.831,4.6,252.0,recomputed
2026-08-19T05:30:00Z,2026-08-19T00:00:00Z,2026-08-24T00:00:00Z,120,spectrum,buoy,0.848,buoy,,,,0.848,13.6,197.0,recomputed
2026-08-19T05:30:00Z,2026-08-19T00:00:00Z,2026-08-24T00:00:00Z,120,spectrum,coronado_north,0.672,5m,5.0,0.672,0.536,0.848,13.6,211.0,recomputed
2026-08-19T05:30:00Z,2026-08-19T00:00:00Z,2026-08-24T00:00:00Z,120,spectrum,coronado_center,0.489,5m,5.0,0.489,0.565,0.848,19.0,227.0,recomputed
2026-08-19T05:30:00Z,2026-08-19T00:00:00Z,2026-08-24T00:00:00Z,120,spectrum,coronado_south,0.425,5m,5.0,0.425,0.589,0.848,4.3,250.0,recomputed
2026-08-19T05:30:00Z,2026-08-19T00:00:00Z,2026-08-24T03:00:00Z,123,spectrum,buoy,0.899,buoy,,,,0.899,13.6,197.0,recomputed
2026-08-19T05:30:00Z,2026-08-19T00:00:00Z,2026-08-24T03:00:00Z,123,spectrum,coronado_north,0.681,5m,5.0,0.681,0.553,0.899,13.6,215.0,recomputed
2026-08-19T05:30:00Z,2026-08-19T00:00:00Z,2026-08-24T03:00:00Z,123,spectrum,coronado_center,0.516,5m,5.0,0.516,0.589,0.899,17.8,228.0,recomputed
2026-08-19T05:30:00Z,2026-08-19T00:00:00Z,2026-08-24T03:00:00Z,123,spectrum,coronado_south,0.473,5m,5.0,0.473,0.623,0.899,4.6,249.0,recomputed
2026-08-19T05:30:00Z,2026-08-19T00:00:00Z,2026-08-24T06:00:00Z,126,spectrum,buoy,0.924,buoy,,,,0.924,4.9,274.0,recomputed
2026-08-19T05:30:00Z,2026-08-19T00:00:00Z,2026-08-24T06:00:00Z,126,spectrum,coronado_north,0.689,5m,5.0,0.689,0.56,0.924,13.6,211.0,recomputed
2026-08-19T05:30:00Z,2026-08-19T00:00:00Z,2026-08-24T06:00:00Z,126,spectrum,coronado_center,0.514,5m,5.0,0.514,0.596,0.924,17.8,227.0,recomputed
2026-08-19T05:30:00Z,2026-08-19T00:00:00Z,2026-08-24T06:00:00Z,126,spectrum,coronado_south,0.457,5m,5.0,0.457,0.632,0.924,4.9,250.0,recomputed
2026-08-19T05:30:00Z,2026-08-19T00:00:00Z,2026-08-24T09:00:00Z,129,spectrum,buoy,0.912,buoy,,,,0.912,14.5,193.0,recomputed
2026-08-19T05:30:00Z,2026-08-19T00:00:00Z,2026-08-24T09:00:00Z,129,spectrum,coronado_north,0.697,5m,5.0,0.697,0.561,0.912,17.8,215.0,recomputed
2026-08-19T05:30:00Z,2026-08-19T00:00:00Z,2026-08-24T09:00:00Z,129,spectrum,coronado_center,0.515,5m,5.0,0.515,0.593,0.912,17.8,227.0,recomputed
2026-08-19T05:30:00Z,2026-08-19T00:00:00Z,2026-08-24T09:00:00Z,129,spectrum,coronado_south,0.443,5m,5.0,0.443,0.623,0.912,4.9,250.0,recomputed
2026-08-19T05:30:00Z,2026-08-19T00:00:00Z,2026-08-24T12:00:00Z,132,spectrum,buoy,0.897,buoy,,,,0.897,14.5,192.0,recomputed
2026-08-19T05:30:00Z,2026-08-19T00:00:00Z,2026-08-24T12:00:00Z,132,spectrum,coronado_north,0.702,5m,5.0,0.702,0.563,0.897,17.8,216.0,recomputed
2026-08-19T05:30:00Z,2026-08-19T00:00:00Z,2026-08-24T12:00:00Z,132,spectrum,coronado_center,0.519,5m,5.0,0.519,0.592,0.897,17.8,227.0,recomputed
2026-08-19T05:30:00Z,2026-08-19T00:00:00Z,2026-08-24T12:00:00Z,132,spectrum,coronado_south,0.444,5m,5.0,0.444,0.618,0.897,4.6,251.0,recomputed
2026-08-19T05:30:00Z,2026-08-19T00:00:00Z,2026-08-24T15:00:00Z,135,spectrum,buoy,0.881,buoy,,,,0.881,14.5,192.0,recomputed
2026-08-19T05:30:00Z,2026-08-19T00:00:00Z,2026-08-24T15:00:00Z,135,spectrum,coronado_north,0.701,5m,5.0,0.701,0.563,0.881,17.8,216.0,recomputed
2026-08-19T05:30:00Z,2026-08-19T00:00:00Z,2026-08-24T15:00:00Z,135,spectrum,coronado_center,0.521,5m,5.0,0.521,0.59,0.881,17.8,227.0,recomputed
2026-08-19T05:30:00Z,2026-08-19T00:00:00Z,2026-08-24T15:00:00Z,135,spectrum,coronado_south,0.433,5m,5.0,0.433,0.612,0.881,4.6,251.0,recomputed
2026-08-19T05:30:00Z,2026-08-19T00:00:00Z,2026-08-24T18:00:00Z,138,spectrum,buoy,0.876,buoy,,,,0.876,12.7,196.0,recomputed
2026-08-19T05:30:00Z,2026-08-19T00:00:00Z,2026-08-24T18:00:00Z,138,spectrum,coronado_north,0.698,5m,5.0,0.698,0.564,0.876,17.8,216.0,recomputed
2026-08-19T05:30:00Z,2026-08-19T00:00:00Z,2026-08-24T18:00:00Z,138,spectrum,coronado_center,0.528,5m,5.0,0.528,0.592,0.876,16.6,226.0,recomputed
2026-08-19T05:30:00Z,2026-08-19T00:00:00Z,2026-08-24T18:00:00Z,138,spectrum,coronado_south,0.441,5m,5.0,0.441,0.613,0.876,4.6,251.0,recomputed
2026-08-19T05:30:00Z,2026-08-19T00:00:00Z,2026-08-24T21:00:00Z,141,spectrum,buoy,0.911,buoy,,,,0.911,13.6,193.0,recomputed
2026-08-19T05:30:00Z,2026-08-19T00:00:00Z,2026-08-24T21:00:00Z,141,spectrum,coronado_north,0.701,5m,5.0,0.701,0.572,0.911,16.6,216.0,recomputed
2026-08-19T05:30:00Z,2026-08-19T00:00:00Z,2026-08-24T21:00:00Z,141,spectrum,coronado_center,0.539,5m,5.0,0.539,0.601,0.911,16.6,226.0,recomputed
2026-08-19T05:30:00Z,2026-08-19T00:00:00Z,2026-08-24T21:00:00Z,141,spectrum,coronado_south,0.463,5m,5.0,0.463,0.626,0.911,4.6,251.0,recomputed
2026-08-19T05:30:00Z,2026-08-19T00:00:00Z,2026-08-25T00:00:00Z,144,spectrum,buoy,0.97,buoy,,,,0.97,13.6,192.0,recomputed
2026-08-19T05:30:00Z,2026-08-19T00:00:00Z,2026-08-25T00:00:00Z,144,spectrum,coronado_north,0.711,5m,5.0,0.711,0.586,0.97,16.6,216.0,recomputed
2026-08-19T05:30:00Z,2026-08-19T00:00:00Z,2026-08-25T00:00:00Z,144,spectrum,coronado_center,0.554,5m,5.0,0.554,0.621,0.97,16.6,226.0,recomputed
2026-08-19T05:30:00Z,2026-08-19T00:00:00Z,2026-08-25T00:00:00Z,144,spectrum,coronado_south,0.471,5m,5.0,0.471,0.655,0.97,4.6,251.0,recomputed
2026-08-19T05:30:00Z,2026-08-19T00:00:00Z,2026-08-25T03:00:00Z,147,spectrum,buoy,1.032,buoy,,,,1.032,4.9,277.0,recomputed
2026-08-19T05:30:00Z,2026-08-19T00:00:00Z,2026-08-25T03:00:00Z,147,spectrum,coronado_north,0.727,5m,5.0,0.727,0.599,1.032,16.6,216.0,recomputed
2026-08-19T05:30:00Z,2026-08-19T00:00:00Z,2026-08-25T03:00:00Z,147,spectrum,coronado_center,0.588,5m,5.0,0.588,0.639,1.032,16.6,226.0,recomputed
2026-08-19T05:30:00Z,2026-08-19T00:00:00Z,2026-08-25T03:00:00Z,147,spectrum,coronado_south,0.515,5m,5.0,0.515,0.685,1.032,5.3,252.0,recomputed
2026-08-19T05:30:00Z,2026-08-19T00:00:00Z,2026-08-25T06:00:00Z,150,spectrum,buoy,1.045,buoy,,,,1.045,5.3,278.0,recomputed
2026-08-19T05:30:00Z,2026-08-19T00:00:00Z,2026-08-25T06:00:00Z,150,spectrum,coronado_north,0.733,5m,5.0,0.733,0.602,1.045,16.6,217.0,recomputed
2026-08-19T05:30:00Z,2026-08-19T00:00:00Z,2026-08-25T06:00:00Z,150,spectrum,coronado_center,0.6,5m,5.0,0.6,0.641,1.045,16.6,226.0,recomputed
2026-08-19T05:30:00Z,2026-08-19T00:00:00Z,2026-08-25T06:00:00Z,150,spectrum,coronado_south,0.536,5m,5.0,0.536,0.688,1.045,5.3,253.0,recomputed
2026-08-19T05:30:00Z,2026-08-19T00:00:00Z,2026-08-25T09:00:00Z,153,spectrum,buoy,1.015,buoy,,,,1.015,5.3,280.0,recomputed
2026-08-19T05:30:00Z,2026-08-19T00:00:00Z,2026-08-25T09:00:00Z,153,spectrum,coronado_north,0.726,5m,5.0,0.726,0.597,1.015,16.6,217.0,recomputed
2026-08-19T05:30:00Z,2026-08-19T00:00:00Z,2026-08-25T09:00:00Z,153,spectrum,coronado_center,0.583,5m,5.0,0.583,0.63,1.015,16.6,226.0,recomputed
2026-08-19T05:30:00Z,2026-08-19T00:00:00Z,2026-08-25T09:00:00Z,153,spectrum,coronado_south,0.508,5m,5.0,0.508,0.667,1.015,5.6,254.0,recomputed
2026-08-19T05:30:00Z,2026-08-19T00:00:00Z,2026-08-25T12:00:00Z,156,spectrum,buoy,0.975,buoy,,,,0.975,5.6,282.0,recomputed
2026-08-19T05:30:00Z,2026-08-19T00:00:00Z,2026-08-25T12:00:00Z,156,spectrum,coronado_north,0.714,5m,5.0,0.714,0.589,0.975,16.6,217.0,recomputed
2026-08-19T05:30:00Z,2026-08-19T00:00:00Z,2026-08-25T12:00:00Z,156,spectrum,coronado_center,0.566,5m,5.0,0.566,0.618,0.975,16.6,227.0,recomputed
2026-08-19T05:30:00Z,2026-08-19T00:00:00Z,2026-08-25T12:00:00Z,156,spectrum,coronado_south,0.485,5m,5.0,0.485,0.645,0.975,6.9,255.0,recomputed
2026-08-19T05:30:00Z,2026-08-19T00:00:00Z,2026-08-25T15:00:00Z,159,spectrum,buoy,0.927,buoy,,,,0.927,12.7,192.0,recomputed
2026-08-19T05:30:00Z,2026-08-19T00:00:00Z,2026-08-25T15:00:00Z,159,spectrum,coronado_north,0.704,5m,5.0,0.704,0.581,0.927,16.6,217.0,recomputed
2026-08-19T05:30:00Z,2026-08-19T00:00:00Z,2026-08-25T15:00:00Z,159,spectrum,coronado_center,0.549,5m,5.0,0.549,0.607,0.927,16.6,227.0,recomputed
2026-08-19T05:30:00Z,2026-08-19T00:00:00Z,2026-08-25T15:00:00Z,159,spectrum,coronado_south,0.469,5m,5.0,0.469,0.628,0.927,6.9,254.0,recomputed
2026-08-19T05:30:00Z,2026-08-19T00:00:00Z,2026-08-25T18:00:00Z,162,spectrum,buoy,0.89,buoy,,,,0.89,12.7,191.0,recomputed
2026-08-19T05:30:00Z,2026-08-19T00:00:00Z,2026-08-25T18:00:00Z,162,spectrum,coronado_north,0.7,5m,5.0,0.7,0.575,0.89,15.6,217.0,recomputed
2026-08-19T05:30:00Z,2026-08-19T00:00:00Z,2026-08-25T18:00:00Z,162,spectrum,coronado_center,0.546,5m,5.0,0.546,0.6,0.89,16.6,227.0,recomputed
2026-08-19T05:30:00Z,2026-08-19T00:00:00Z,2026-08-25T18:00:00Z,162,spectrum,coronado_south,0.461,5m,5.0,0.461,0.619,0.89,6.9,253.0,recomputed
2026-08-19T05:30:00Z,2026-08-19T00:00:00Z,2026-08-25T21:00:00Z,165,spectrum,buoy,0.886,buoy,,,,0.886,12.7,190.0,recomputed
2026-08-19T05:30:00Z,2026-08-19T00:00:00Z,2026-08-25T21:00:00Z,165,spectrum,coronado_north,0.7,5m,5.0,0.7,0.577,0.886,15.6,217.0,recomputed
2026-08-19T05:30:00Z,2026-08-19T00:00:00Z,2026-08-25T21:00:00Z,165,spectrum,coronado_center,0.549,5m,5.0,0.549,0.603,0.886,16.6,227.0,recomputed
2026-08-19T05:30:00Z,2026-08-19T00:00:00Z,2026-08-25T21:00:00Z,165,spectrum,coronado_south,0.459,5m,5.0,0.459,0.622,0.886,5.3,252.0,recomputed
2026-08-19T05:30:00Z,2026-08-19T00:00:00Z,2026-08-26T00:00:00Z,168,spectrum,buoy,0.904,buoy,,,,0.904,12.7,189.0,recomputed
2026-08-19T05:30:00Z,2026-08-19T00:00:00Z,2026-08-26T00:00:00Z,168,spectrum,coronado_north,0.703,5m,5.0,0.703,0.587,0.904,15.6,217.0,recomputed
2026-08-19T05:30:00Z,2026-08-19T00:00:00Z,2026-08-26T00:00:00Z,168,spectrum,coronado_center,0.557,5m,5.0,0.557,0.614,0.904,16.6,227.0,recomputed
2026-08-19T05:30:00Z,2026-08-19T00:00:00Z,2026-08-26T00:00:00Z,168,spectrum,coronado_south,0.458,5m,5.0,0.458,0.635,0.904,4.6,252.0,recomputed
2026-08-20T05:30:00Z,2026-08-20T00:00:00Z,2026-08-20T00:00:00Z,0,spectrum,buoy,1.021,buoy,,,,1.021,14.5,204.0,recomputed
2026-08-20T05:30:00Z,2026-08-20T00:00:00Z,2026-08-20T00:00:00Z,0,spectrum,coronado_north,0.764,5m,5.0,0.764,0.571,1.021,14.5,213.0,recomputed
2026-08-20T05:30:00Z,2026-08-20T00:00:00Z,2026-08-20T00:00:00Z,0,spectrum,coronado_center,0.555,5m,5.0,0.555,0.605,1.021,14.5,226.0,recomputed
2026-08-20T05:30:00Z,2026-08-20T00:00:00Z,2026-08-20T00:00:00Z,0,spectrum,coronado_south,0.529,5m,5.0,0.529,0.644,1.021,6.9,256.0,recomputed
2026-08-20T05:30:00Z,2026-08-20T00:00:00Z,2026-08-20T03:00:00Z,3,spectrum,buoy,1.049,buoy,,,,1.049,15.6,205.0,recomputed
2026-08-20T05:30:00Z,2026-08-20T00:00:00Z,2026-08-20T03:00:00Z,3,spectrum,coronado_north,0.766,5m,5.0,0.766,0.581,1.049,15.6,214.0,recomputed
2026-08-20T05:30:00Z,2026-08-20T00:00:00Z,2026-08-20T03:00:00Z,3,spectrum,coronado_center,0.555,5m,5.0,0.555,0.619,1.049,15.6,236.0,recomputed
2026-08-20T05:30:00Z,2026-08-20T00:00:00Z,2026-08-20T03:00:00Z,3,spectrum,coronado_south,0.527,5m,5.0,0.527,0.665,1.049,5.3,254.0,recomputed
2026-08-20T05:30:00Z,2026-08-20T00:00:00Z,2026-08-20T06:00:00Z,6,spectrum,buoy,1.036,buoy,,,,1.036,15.6,203.0,recomputed
2026-08-20T05:30:00Z,2026-08-20T00:00:00Z,2026-08-20T06:00:00Z,6,spectrum,coronado_north,0.766,5m,5.0,0.766,0.584,1.036,15.6,213.0,recomputed
2026-08-20T05:30:00Z,2026-08-20T00:00:00Z,2026-08-20T06:00:00Z,6,spectrum,coronado_center,0.548,5m,5.0,0.548,0.623,1.036,15.6,227.0,recomputed
2026-08-20T05:30:00Z,2026-08-20T00:00:00Z,2026-08-20T06:00:00Z,6,spectrum,coronado_south,0.527,5m,5.0,0.527,0.671,1.036,5.6,253.0,recomputed
2026-08-20T05:30:00Z,2026-08-20T00:00:00Z,2026-08-20T09:00:00Z,9,spectrum,buoy,1.005,buoy,,,,1.005,15.6,202.0,recomputed
2026-08-20T05:30:00Z,2026-08-20T00:00:00Z,2026-08-20T09:00:00Z,9,spectrum,coronado_north,0.755,5m,5.0,0.755,0.576,1.005,15.6,213.0,recomputed
2026-08-20T05:30:00Z,2026-08-20T00:00:00Z,2026-08-20T09:00:00Z,9,spectrum,coronado_center,0.54,5m,5.0,0.54,0.611,1.005,15.6,227.0,recomputed
2026-08-20T05:30:00Z,2026-08-20T00:00:00Z,2026-08-20T09:00:00Z,9,spectrum,coronado_south,0.511,5m,5.0,0.511,0.655,1.005,5.6,254.0,recomputed
2026-08-20T05:30:00Z,2026-08-20T00:00:00Z,2026-08-20T12:00:00Z,12,spectrum,buoy,0.963,buoy,,,,0.963,15.6,200.0,recomputed
2026-08-20T05:30:00Z,2026-08-20T00:00:00Z,2026-08-20T12:00:00Z,12,spectrum,coronado_north,0.731,5m,5.0,0.731,0.56,0.963,15.6,214.0,recomputed
2026-08-20T05:30:00Z,2026-08-20T00:00:00Z,2026-08-20T12:00:00Z,12,spectrum,coronado_center,0.521,5m,5.0,0.521,0.591,0.963,15.6,228.0,recomputed
2026-08-20T05:30:00Z,2026-08-20T00:00:00Z,2026-08-20T12:00:00Z,12,spectrum,coronado_south,0.492,5m,5.0,0.492,0.627,0.963,6.9,254.0,recomputed
2026-08-20T05:30:00Z,2026-08-20T00:00:00Z,2026-08-20T15:00:00Z,15,spectrum,buoy,0.91,buoy,,,,0.91,13.6,207.0,recomputed
2026-08-20T05:30:00Z,2026-08-20T00:00:00Z,2026-08-20T15:00:00Z,15,spectrum,coronado_north,0.706,5m,5.0,0.706,0.544,0.91,13.6,216.0,recomputed
2026-08-20T05:30:00Z,2026-08-20T00:00:00Z,2026-08-20T15:00:00Z,15,spectrum,coronado_center,0.506,5m,5.0,0.506,0.571,0.91,15.6,228.0,recomputed
2026-08-20T05:30:00Z,2026-08-20T00:00:00Z,2026-08-20T15:00:00Z,15,spectrum,coronado_south,0.469,5m,5.0,0.469,0.599,0.91,6.9,255.0,recomputed
2026-08-20T05:30:00Z,2026-08-20T00:00:00Z,2026-08-20T18:00:00Z,18,spectrum,buoy,0.853,buoy,,,,0.853,14.5,201.0,recomputed
2026-08-20T05:30:00Z,2026-08-20T00:00:00Z,2026-08-20T18:00:00Z,18,spectrum,coronado_north,0.688,5m,5.0,0.688,0.533,0.853,14.5,214.0,recomputed
2026-08-20T05:30:00Z,2026-08-20T00:00:00Z,2026-08-20T18:00:00Z,18,spectrum,coronado_center,0.484,5m,5.0,0.484,0.558,0.853,13.6,235.0,recomputed
2026-08-20T05:30:00Z,2026-08-20T00:00:00Z,2026-08-20T18:00:00Z,18,spectrum,coronado_south,0.435,5m,5.0,0.435,0.579,0.853,6.9,254.0,recomputed
2026-08-20T05:30:00Z,2026-08-20T00:00:00Z,2026-08-20T21:00:00Z,21,spectrum,buoy,0.809,buoy,,,,0.809,14.5,200.0,recomputed
2026-08-20T05:30:00Z,2026-08-20T00:00:00Z,2026-08-20T21:00:00Z,21,spectrum,coronado_north,0.678,5m,5.0,0.678,0.526,0.809,14.5,213.0,recomputed
2026-08-20T05:30:00Z,2026-08-20T00:00:00Z,2026-08-20T21:00:00Z,21,spectrum,coronado_center,0.47,5m,5.0,0.47,0.549,0.809,14.5,234.0,recomputed
2026-08-20T05:30:00Z,2026-08-20T00:00:00Z,2026-08-20T21:00:00Z,21,spectrum,coronado_south,0.414,5m,5.0,0.414,0.566,0.809,6.9,252.0,recomputed
2026-08-20T05:30:00Z,2026-08-20T00:00:00Z,2026-08-21T00:00:00Z,24,spectrum,buoy,0.785,buoy,,,,0.785,14.5,200.0,recomputed
2026-08-20T05:30:00Z,2026-08-20T00:00:00Z,2026-08-21T00:00:00Z,24,spectrum,coronado_north,0.665,5m,5.0,0.665,0.519,0.785,14.5,214.0,recomputed
2026-08-20T05:30:00Z,2026-08-20T00:00:00Z,2026-08-21T00:00:00Z,24,spectrum,coronado_center,0.468,5m,5.0,0.468,0.541,0.785,14.5,233.0,recomputed
2026-08-20T05:30:00Z,2026-08-20T00:00:00Z,2026-08-21T00:00:00Z,24,spectrum,coronado_south,0.414,5m,5.0,0.414,0.556,0.785,6.9,251.0,recomputed
2026-08-20T05:30:00Z,2026-08-20T00:00:00Z,2026-08-21T03:00:00Z,27,spectrum,buoy,0.763,buoy,,,,0.763,14.5,201.0,recomputed
2026-08-20T05:30:00Z,2026-08-20T00:00:00Z,2026-08-21T03:00:00Z,27,spectrum,coronado_north,0.654,5m,5.0,0.654,0.511,0.763,14.5,214.0,recomputed
2026-08-20T05:30:00Z,2026-08-20T00:00:00Z,2026-08-21T03:00:00Z,27,spectrum,coronado_center,0.456,5m,5.0,0.456,0.531,0.763,14.5,233.0,recomputed
2026-08-20T05:30:00Z,2026-08-20T00:00:00Z,2026-08-21T03:00:00Z,27,spectrum,coronado_south,0.397,5m,5.0,0.397,0.545,0.763,12.7,234.0,recomputed
2026-08-20T05:30:00Z,2026-08-20T00:00:00Z,2026-08-21T06:00:00Z,30,spectrum,buoy,0.746,buoy,,,,0.746,14.5,202.0,recomputed
2026-08-20T05:30:00Z,2026-08-20T00:00:00Z,2026-08-21T06:00:00Z,30,spectrum,coronado_north,0.643,5m,5.0,0.643,0.506,0.746,14.5,214.0,recomputed
2026-08-20T05:30:00Z,2026-08-20T00:00:00Z,2026-08-21T06:00:00Z,30,spectrum,coronado_center,0.442,5m,5.0,0.442,0.526,0.746,14.5,231.0,recomputed
2026-08-20T05:30:00Z,2026-08-20T00:00:00Z,2026-08-21T06:00:00Z,30,spectrum,coronado_south,0.384,5m,5.0,0.384,0.539,0.746,4.6,250.0,recomputed
2026-08-20T05:30:00Z,2026-08-20T00:00:00Z,2026-08-21T09:00:00Z,33,spectrum,buoy,0.739,buoy,,,,0.739,13.6,201.0,recomputed
2026-08-20T05:30:00Z,2026-08-20T00:00:00Z,2026-08-21T09:00:00Z,33,spectrum,coronado_north,0.637,5m,5.0,0.637,0.502,0.739,13.6,215.0,recomputed
2026-08-20T05:30:00Z,2026-08-20T00:00:00Z,2026-08-21T09:00:00Z,33,spectrum,coronado_center,0.44,5m,5.0,0.44,0.523,0.739,14.5,230.0,recomputed
2026-08-20T05:30:00Z,2026-08-20T00:00:00Z,2026-08-21T09:00:00Z,33,spectrum,coronado_south,0.382,5m,5.0,0.382,0.538,0.739,12.7,238.0,recomputed
2026-08-20T05:30:00Z,2026-08-20T00:00:00Z,2026-08-21T12:00:00Z,36,spectrum,buoy,0.734,buoy,,,,0.734,13.6,200.0,recomputed
2026-08-20T05:30:00Z,2026-08-20T00:00:00Z,2026-08-21T12:00:00Z,36,spectrum,coronado_north,0.629,5m,5.0,0.629,0.495,0.734,13.6,215.0,recomputed
2026-08-20T05:30:00Z,2026-08-20T00:00:00Z,2026-08-21T12:00:00Z,36,spectrum,coronado_center,0.441,5m,5.0,0.441,0.517,0.734,14.5,230.0,recomputed
2026-08-20T05:30:00Z,2026-08-20T00:00:00Z,2026-08-21T12:00:00Z,36,spectrum,coronado_south,0.386,5m,5.0,0.386,0.532,0.734,4.6,251.0,recomputed
2026-08-20T05:30:00Z,2026-08-20T00:00:00Z,2026-08-21T15:00:00Z,39,spectrum,buoy,0.725,buoy,,,,0.725,13.6,200.0,recomputed
2026-08-20T05:30:00Z,2026-08-20T00:00:00Z,2026-08-21T15:00:00Z,39,spectrum,coronado_north,0.625,5m,5.0,0.625,0.488,0.725,13.6,215.0,recomputed
2026-08-20T05:30:00Z,2026-08-20T00:00:00Z,2026-08-21T15:00:00Z,39,spectrum,coronado_center,0.44,5m,5.0,0.44,0.509,0.725,14.5,230.0,recomputed
2026-08-20T05:30:00Z,2026-08-20T00:00:00Z,2026-08-21T15:00:00Z,39,spectrum,coronado_south,0.378,5m,5.0,0.378,0.523,0.725,11.9,238.0,recomputed
2026-08-20T05:30:00Z,2026-08-20T00:00:00Z,2026-08-21T18:00:00Z,42,spectrum,buoy,0.709,buoy,,,,0.709,13.6,200.0,recomputed
2026-08-20T05:30:00Z,2026-08-20T00:00:00Z,2026-08-21T18:00:00Z,42,spectrum,coronado_north,0.621,5m,5.0,0.621,0.484,0.709,13.6,215.0,recomputed
2026-08-20T05:30:00Z,2026-08-20T00:00:00Z,2026-08-21T18:00:00Z,42,spectrum,coronado_center,0.434,5m,5.0,0.434,0.502,0.709,13.6,232.0,recomputed
2026-08-20T05:30:00Z,2026-08-20T00:00:00Z,2026-08-21T18:00:00Z,42,spectrum,coronado_south,0.368,5m,5.0,0.368,0.514,0.709,11.9,239.0,recomputed
2026-08-20T05:30:00Z,2026-08-20T00:00:00Z,2026-08-21T21:00:00Z,45,spectrum,buoy,0.695,buoy,,,,0.695,13.6,200.0,recomputed
2026-08-20T05:30:00Z,2026-08-20T00:00:00Z,2026-08-21T21:00:00Z,45,spectrum,coronado_north,0.623,5m,5.0,0.623,0.481,0.695,13.6,214.0,recomputed
2026-08-20T05:30:00Z,2026-08-20T00:00:00Z,2026-08-21T21:00:00Z,45,spectrum,coronado_center,0.438,5m,5.0,0.438,0.5,0.695,13.6,231.0,recomputed
2026-08-20T05:30:00Z,2026-08-20T00:00:00Z,2026-08-21T21:00:00Z,45,spectrum,coronado_south,0.359,5m,5.0,0.359,0.51,0.695,11.9,238.0,recomputed
2026-08-20T05:30:00Z,2026-08-20T00:00:00Z,2026-08-22T00:00:00Z,48,spectrum,buoy,0.685,buoy,,,,0.685,13.6,201.0,recomputed
2026-08-20T05:30:00Z,2026-08-20T00:00:00Z,2026-08-22T00:00:00Z,48,spectrum,coronado_north,0.608,5m,5.0,0.608,0.476,0.685,13.6,214.0,recomputed
2026-08-20T05:30:00Z,2026-08-20T00:00:00Z,2026-08-22T00:00:00Z,48,spectrum,coronado_center,0.419,5m,5.0,0.419,0.495,0.685,13.6,231.0,recomputed
2026-08-20T05:30:00Z,2026-08-20T00:00:00Z,2026-08-22T00:00:00Z,48,spectrum,coronado_south,0.355,5m,5.0,0.355,0.505,0.685,11.9,236.0,recomputed
2026-08-20T05:30:00Z,2026-08-20T00:00:00Z,2026-08-22T03:00:00Z,51,spectrum,buoy,0.673,buoy,,,,0.673,12.7,201.0,recomputed
2026-08-20T05:30:00Z,2026-08-20T00:00:00Z,2026-08-22T03:00:00Z,51,spectrum,coronado_north,0.594,5m,5.0,0.594,0.472,0.673,13.6,214.0,recomputed
2026-08-20T05:30:00Z,2026-08-20T00:00:00Z,2026-08-22T03:00:00Z,51,spectrum,coronado_center,0.402,5m,5.0,0.402,0.49,0.673,13.6,231.0,recomputed
2026-08-20T05:30:00Z,2026-08-20T00:00:00Z,2026-08-22T03:00:00Z,51,spectrum,coronado_south,0.35,5m,5.0,0.35,0.5,0.673,12.7,234.0,recomputed
2026-08-20T05:30:00Z,2026-08-20T00:00:00Z,2026-08-22T06:00:00Z,54,spectrum,buoy,0.661,buoy,,,,0.661,12.7,200.0,recomputed
2026-08-20T05:30:00Z,2026-08-20T00:00:00Z,2026-08-22T06:00:00Z,54,spectrum,coronado_north,0.591,5m,5.0,0.591,0.471,0.661,12.7,214.0,recomputed
2026-08-20T05:30:00Z,2026-08-20T00:00:00Z,2026-08-22T06:00:00Z,54,spectrum,coronado_center,0.402,5m,5.0,0.402,0.489,0.661,13.6,231.0,recomputed
2026-08-20T05:30:00Z,2026-08-20T00:00:00Z,2026-08-22T06:00:00Z,54,spectrum,coronado_south,0.351,5m,5.0,0.351,0.498,0.661,12.7,230.0,recomputed
2026-08-20T05:30:00Z,2026-08-20T00:00:00Z,2026-08-22T09:00:00Z,57,spectrum,buoy,0.672,buoy,,,,0.672,12.7,200.0,recomputed
2026-08-20T05:30:00Z,2026-08-20T00:00:00Z,2026-08-22T09:00:00Z,57,spectrum,coronado_north,0.59,5m,5.0,0.59,0.473,0.672,12.7,214.0,recomputed
2026-08-20T05:30:00Z,2026-08-20T00:00:00Z,2026-08-22T09:00:00Z,57,spectrum,coronado_center,0.407,5m,5.0,0.407,0.493,0.672,13.6,231.0,recomputed
2026-08-20T05:30:00Z,2026-08-20T00:00:00Z,2026-08-22T09:00:00Z,57,spectrum,coronado_south,0.357,5m,5.0,0.357,0.505,0.672,11.1,229.0,recomputed
2026-08-20T05:30:00Z,2026-08-20T00:00:00Z,2026-08-22T12:00:00Z,60,spectrum,buoy,0.723,buoy,,,,0.723,12.7,200.0,recomputed
2026-08-20T05:30:00Z,2026-08-20T00:00:00Z,2026-08-22T12:00:00Z,60,spectrum,coronado_north,0.593,5m,5.0,0.593,0.475,0.723,12.7,214.0,recomputed
2026-08-20T05:30:00Z,2026-08-20T00:00:00Z,2026-08-22T12:00:00Z,60,spectrum,coronado_center,0.42,5m,5.0,0.42,0.496,0.723,13.6,236.0,recomputed
2026-08-20T05:30:00Z,2026-08-20T00:00:00Z,2026-08-22T12:00:00Z,60,spectrum,coronado_south,0.384,5m,5.0,0.384,0.514,0.723,4.6,253.0,recomputed
2026-08-20T05:30:00Z,2026-08-20T00:00:00Z,2026-08-22T15:00:00Z,63,spectrum,buoy,0.762,buoy,,,,0.762,12.7,200.0,recomputed
2026-08-20T05:30:00Z,2026-08-20T00:00:00Z,2026-08-22T15:00:00Z,63,spectrum,coronado_north,0.593,5m,5.0,0.593,0.475,0.762,12.7,214.0,recomputed
2026-08-20T05:30:00Z,2026-08-20T00:00:00Z,2026-08-22T15:00:00Z,63,spectrum,coronado_center,0.431,5m,5.0,0.431,0.496,0.762,13.6,238.0,recomputed
2026-08-20T05:30:00Z,2026-08-20T00:00:00Z,2026-08-22T15:00:00Z,63,spectrum,coronado_south,0.398,5m,5.0,0.398,0.514,0.762,11.9,244.0,recomputed
2026-08-20T05:30:00Z,2026-08-20T00:00:00Z,2026-08-22T18:00:00Z,66,spectrum,buoy,0.759,buoy,,,,0.759,12.7,201.0,recomputed
2026-08-20T05:30:00Z,2026-08-20T00:00:00Z,2026-08-22T18:00:00Z,66,spectrum,coronado_north,0.589,5m,5.0,0.589,0.476,0.759,12.7,214.0,recomputed
2026-08-20T05:30:00Z,2026-08-20T00:00:00Z,2026-08-22T18:00:00Z,66,spectrum,coronado_center,0.429,5m,5.0,0.429,0.497,0.759,13.6,237.0,recomputed
2026-08-20T05:30:00Z,2026-08-20T00:00:00Z,2026-08-22T18:00:00Z,66,spectrum,coronado_south,0.397,5m,5.0,0.397,0.513,0.759,11.9,243.0,recomputed
2026-08-20T05:30:00Z,2026-08-20T00:00:00Z,2026-08-22T21:00:00Z,69,spectrum,buoy,0.758,buoy,,,,0.758,12.7,201.0,recomputed
2026-08-20T05:30:00Z,2026-08-20T00:00:00Z,2026-08-22T21:00:00Z,69,spectrum,coronado_north,0.591,5m,5.0,0.591,0.478,0.758,12.7,214.0,recomputed
2026-08-20T05:30:00Z,2026-08-20T00:00:00Z,2026-08-22T21:00:00Z,69,spectrum,coronado_center,0.434,5m,5.0,0.434,0.501,0.758,16.6,232.0,recomputed
2026-08-20T05:30:00Z,2026-08-20T00:00:00Z,2026-08-22T21:00:00Z,69,spectrum,coronado_south,0.405,5m,5.0,0.405,0.519,0.758,11.9,242.0,recomputed
2026-08-20T05:30:00Z,2026-08-20T00:00:00Z,2026-08-23T00:00:00Z,72,spectrum,buoy,0.774,buoy,,,,0.774,14.5,196.0,recomputed
2026-08-20T05:30:00Z,2026-08-20T00:00:00Z,2026-08-23T00:00:00Z,72,spectrum,coronado_north,0.596,5m,5.0,0.596,0.484,0.774,14.5,214.0,recomputed
2026-08-20T05:30:00Z,2026-08-20T00:00:00Z,2026-08-23T00:00:00Z,72,spectrum,coronado_center,0.438,5m,5.0,0.438,0.508,0.774,16.6,232.0,recomputed
2026-08-20T05:30:00Z,2026-08-20T00:00:00Z,2026-08-23T00:00:00Z,72,spectrum,coronado_south,0.406,5m,5.0,0.406,0.529,0.774,11.9,247.0,recomputed
2026-08-20T05:30:00Z,2026-08-20T00:00:00Z,2026-08-23T03:00:00Z,75,spectrum,buoy,0.8,buoy,,,,0.8,14.5,196.0,recomputed
2026-08-20T05:30:00Z,2026-08-20T00:00:00Z,2026-08-23T03:00:00Z,75,spectrum,coronado_north,0.608,5m,5.0,0.608,0.493,0.8,14.5,214.0,recomputed
2026-08-20T05:30:00Z,2026-08-20T00:00:00Z,2026-08-23T03:00:00Z,75,spectrum,coronado_center,0.45,5m,5.0,0.45,0.521,0.8,16.6,230.0,recomputed
2026-08-20T05:30:00Z,2026-08-20T00:00:00Z,2026-08-23T03:00:00Z,75,spectrum,coronado_south,0.421,5m,5.0,0.421,0.546,0.8,10.4,246.0,recomputed
2026-08-20T05:30:00Z,2026-08-20T00:00:00Z,2026-08-23T06:00:00Z,78,spectrum,buoy,0.852,buoy,,,,0.852,14.5,196.0,recomputed
2026-08-20T05:30:00Z,2026-08-20T00:00:00Z,2026-08-23T06:00:00Z,78,spectrum,coronado_north,0.621,5m,5.0,0.621,0.505,0.852,14.5,212.0,recomputed
2026-08-20T05:30:00Z,2026-08-20T00:00:00Z,2026-08-23T06:00:00Z,78,spectrum,coronado_center,0.474,5m,5.0,0.474,0.537,0.852,16.6,227.0,recomputed
2026-08-20T05:30:00Z,2026-08-20T00:00:00Z,2026-08-23T06:00:00Z,78,spectrum,coronado_south,0.449,5m,5.0,0.449,0.572,0.852,4.6,252.0,recomputed
2026-08-20T05:30:00Z,2026-08-20T00:00:00Z,2026-08-23T09:00:00Z,81,spectrum,buoy,0.901,buoy,,,,0.901,14.5,197.0,recomputed
2026-08-20T05:30:00Z,2026-08-20T00:00:00Z,2026-08-23T09:00:00Z,81,spectrum,coronado_north,0.629,5m,5.0,0.629,0.508,0.901,14.5,212.0,recomputed
2026-08-20T05:30:00Z,2026-08-20T00:00:00Z,2026-08-23T09:00:00Z,81,spectrum,coronado_center,0.483,5m,5.0,0.483,0.542,0.901,16.6,227.0,recomputed
2026-08-20T05:30:00Z,2026-08-20T00:00:00Z,2026-08-23T09:00:00Z,81,spectrum,coronado_south,0.471,5m,5.0,0.471,0.581,0.901,5.3,255.0,recomputed
2026-08-20T05:30:00Z,2026-08-20T00:00:00Z,2026-08-23T12:00:00Z,84,spectrum,buoy,0.925,buoy,,,,0.925,6.0,282.0,recomputed
2026-08-20T05:30:00Z,2026-08-20T00:00:00Z,2026-08-23T12:00:00Z,84,spectrum,coronado_north,0.632,5m,5.0,0.632,0.511,0.925,14.5,214.0,recomputed
2026-08-20T05:30:00Z,2026-08-20T00:00:00Z,2026-08-23T12:00:00Z,84,spectrum,coronado_center,0.486,5m,5.0,0.486,0.542,0.925,16.6,227.0,recomputed
2026-08-20T05:30:00Z,2026-08-20T00:00:00Z,2026-08-23T12:00:00Z,84,spectrum,coronado_south,0.479,5m,5.0,0.479,0.577,0.925,6.9,251.0,recomputed
2026-08-20T05:30:00Z,2026-08-20T00:00:00Z,2026-08-23T15:00:00Z,87,spectrum,buoy,0.923,buoy,,,,0.923,6.0,283.0,recomputed
2026-08-20T05:30:00Z,2026-08-20T00:00:00Z,2026-08-23T15:00:00Z,87,spectrum,coronado_north,0.645,5m,5.0,0.645,0.519,0.923,14.5,212.0,recomputed
2026-08-20T05:30:00Z,2026-08-20T00:00:00Z,2026-08-23T15:00:00Z,87,spectrum,coronado_center,0.49,5m,5.0,0.49,0.55,0.923,19.0,234.0,recomputed
2026-08-20T05:30:00Z,2026-08-20T00:00:00Z,2026-08-23T15:00:00Z,87,spectrum,coronado_south,0.468,5m,5.0,0.468,0.582,0.923,6.9,251.0,recomputed
2026-08-20T05:30:00Z,2026-08-20T00:00:00Z,2026-08-23T18:00:00Z,90,spectrum,buoy,0.91,buoy,,,,0.91,13.6,196.0,recomputed
2026-08-20T05:30:00Z,2026-08-20T00:00:00Z,2026-08-23T18:00:00Z,90,spectrum,coronado_north,0.667,5m,5.0,0.667,0.531,0.91,13.6,212.0,recomputed
2026-08-20T05:30:00Z,2026-08-20T00:00:00Z,2026-08-23T18:00:00Z,90,spectrum,coronado_center,0.507,5m,5.0,0.507,0.563,0.91,19.0,229.0,recomputed
2026-08-20T05:30:00Z,2026-08-20T00:00:00Z,2026-08-23T18:00:00Z,90,spectrum,coronado_south,0.469,5m,5.0,0.469,0.594,0.91,5.3,244.0,recomputed
2026-08-20T05:30:00Z,2026-08-20T00:00:00Z,2026-08-23T21:00:00Z,93,spectrum,buoy,0.91,buoy,,,,0.91,13.6,196.0,recomputed
2026-08-20T05:30:00Z,2026-08-20T00:00:00Z,2026-08-23T21:00:00Z,93,spectrum,coronado_north,0.682,5m,5.0,0.682,0.54,0.91,13.6,211.0,recomputed
2026-08-20T05:30:00Z,2026-08-20T00:00:00Z,2026-08-23T21:00:00Z,93,spectrum,coronado_center,0.516,5m,5.0,0.516,0.572,0.91,19.0,228.0,recomputed
2026-08-20T05:30:00Z,2026-08-20T00:00:00Z,2026-08-23T21:00:00Z,93,spectrum,coronado_south,0.464,5m,5.0,0.464,0.602,0.91,5.6,252.0,recomputed
2026-08-20T05:30:00Z,2026-08-20T00:00:00Z,2026-08-24T00:00:00Z,96,spectrum,buoy,0.914,buoy,,,,0.914,13.6,195.0,recomputed
2026-08-20T05:30:00Z,2026-08-20T00:00:00Z,2026-08-24T00:00:00Z,96,spectrum,coronado_north,0.687,5m,5.0,0.687,0.548,0.914,15.6,219.0,recomputed
2026-08-20T05:30:00Z,2026-08-20T00:00:00Z,2026-08-24T00:00:00Z,96,spectrum,coronado_center,0.515,5m,5.0,0.515,0.582,0.914,19.0,228.0,recomputed
2026-08-20T05:30:00Z,2026-08-20T00:00:00Z,2026-08-24T00:00:00Z,96,spectrum,coronado_south,0.466,5m,5.0,0.466,0.615,0.914,4.6,251.0,recomputed
2026-08-20T05:30:00Z,2026-08-20T00:00:00Z,2026-08-24T03:00:00Z,99,spectrum,buoy,0.943,buoy,,,,0.943,13.6,196.0,recomputed
2026-08-20T05:30:00Z,2026-08-20T00:00:00Z,2026-08-24T03:00:00Z,99,spectrum,coronado_north,0.692,5m,5.0,0.692,0.557,0.943,13.6,215.0,recomputed
2026-08-20T05:30:00Z,2026-08-20T00:00:00Z,2026-08-24T03:00:00Z,99,spectrum,coronado_center,0.524,5m,5.0,0.524,0.595,0.943,17.8,228.0,recomputed
2026-08-20T05:30:00Z,2026-08-20T00:00:00Z,2026-08-24T03:00:00Z,99,spectrum,coronado_south,0.469,5m,5.0,0.469,0.635,0.943,4.6,250.0,recomputed
2026-08-20T05:30:00Z,2026-08-20T00:00:00Z,2026-08-24T06:00:00Z,102,spectrum,buoy,0.962,buoy,,,,0.962,4.9,273.0,recomputed
2026-08-20T05:30:00Z,2026-08-20T00:00:00Z,2026-08-24T06:00:00Z,102,spectrum,coronado_north,0.701,5m,5.0,0.701,0.565,0.962,13.6,212.0,recomputed
2026-08-20T05:30:00Z,2026-08-20T00:00:00Z,2026-08-24T06:00:00Z,102,spectrum,coronado_center,0.533,5m,5.0,0.533,0.605,0.962,17.8,227.0,recomputed
2026-08-20T05:30:00Z,2026-08-20T00:00:00Z,2026-08-24T06:00:00Z,102,spectrum,coronado_south,0.479,5m,5.0,0.479,0.647,0.962,4.9,251.0,recomputed
2026-08-20T05:30:00Z,2026-08-20T00:00:00Z,2026-08-24T09:00:00Z,105,spectrum,buoy,0.957,buoy,,,,0.957,14.5,192.0,recomputed
2026-08-20T05:30:00Z,2026-08-20T00:00:00Z,2026-08-24T09:00:00Z,105,spectrum,coronado_north,0.711,5m,5.0,0.711,0.572,0.957,17.8,216.0,recomputed
2026-08-20T05:30:00Z,2026-08-20T00:00:00Z,2026-08-24T09:00:00Z,105,spectrum,coronado_center,0.538,5m,5.0,0.538,0.608,0.957,17.8,227.0,recomputed
2026-08-20T05:30:00Z,2026-08-20T00:00:00Z,2026-08-24T09:00:00Z,105,spectrum,coronado_south,0.472,5m,5.0,0.472,0.646,0.957,5.3,252.0,recomputed
2026-08-20T05:30:00Z,2026-08-20T00:00:00Z,2026-08-24T12:00:00Z,108,spectrum,buoy,0.936,buoy,,,,0.936,14.5,191.0,recomputed
2026-08-20T05:30:00Z,2026-08-20T00:00:00Z,2026-08-24T12:00:00Z,108,spectrum,coronado_north,0.716,5m,5.0,0.716,0.575,0.936,17.8,216.0,recomputed
2026-08-20T05:30:00Z,2026-08-20T00:00:00Z,2026-08-24T12:00:00Z,108,spectrum,coronado_center,0.542,5m,5.0,0.542,0.607,0.936,17.8,227.0,recomputed
2026-08-20T05:30:00Z,2026-08-20T00:00:00Z,2026-08-24T12:00:00Z,108,spectrum,coronado_south,0.46,5m,5.0,0.46,0.639,0.936,5.3,252.0,recomputed
2026-08-20T05:30:00Z,2026-08-20T00:00:00Z,2026-08-24T15:00:00Z,111,spectrum,buoy,0.917,buoy,,,,0.917,14.5,192.0,recomputed
2026-08-20T05:30:00Z,2026-08-20T00:00:00Z,2026-08-24T15:00:00Z,111,spectrum,coronado_north,0.714,5m,5.0,0.714,0.572,0.917,17.8,216.0,recomputed
2026-08-20T05:30:00Z,2026-08-20T00:00:00Z,2026-08-24T15:00:00Z,111,spectrum,coronado_center,0.541,5m,5.0,0.541,0.602,0.917,17.8,227.0,recomputed
2026-08-20T05:30:00Z,2026-08-20T00:00:00Z,2026-08-24T15:00:00Z,111,spectrum,coronado_south,0.449,5m,5.0,0.449,0.629,0.917,5.3,253.0,recomputed
2026-08-20T05:30:00Z,2026-08-20T00:00:00Z,2026-08-24T18:00:00Z,114,spectrum,buoy,0.911,buoy,,,,0.911,12.7,195.0,recomputed
2026-08-20T05:30:00Z,2026-08-20T00:00:00Z,2026-08-24T18:00:00Z,114,spectrum,coronado_north,0.709,5m,5.0,0.709,0.572,0.911,17.8,217.0,recomputed
2026-08-20T05:30:00Z,2026-08-20T00:00:00Z,2026-08-24T18:00:00Z,114,spectrum,coronado_center,0.541,5m,5.0,0.541,0.601,0.911,17.8,226.0,recomputed
2026-08-20T05:30:00Z,2026-08-20T00:00:00Z,2026-08-24T18:00:00Z,114,spectrum,coronado_south,0.456,5m,5.0,0.456,0.627,0.911,5.3,253.0,recomputed
2026-08-20T05:30:00Z,2026-08-20T00:00:00Z,2026-08-24T21:00:00Z,117,spectrum,buoy,0.926,buoy,,,,0.926,13.6,191.0,recomputed
2026-08-20T05:30:00Z,2026-08-20T00:00:00Z,2026-08-24T21:00:00Z,117,spectrum,coronado_north,0.708,5m,5.0,0.708,0.576,0.926,16.6,217.0,recomputed
2026-08-20T05:30:00Z,2026-08-20T00:00:00Z,2026-08-24T21:00:00Z,117,spectrum,coronado_center,0.544,5m,5.0,0.544,0.605,0.926,16.6,226.0,recomputed
2026-08-20T05:30:00Z,2026-08-20T00:00:00Z,2026-08-24T21:00:00Z,117,spectrum,coronado_south,0.465,5m,5.0,0.465,0.631,0.926,4.6,252.0,recomputed
2026-08-20T05:30:00Z,2026-08-20T00:00:00Z,2026-08-25T00:00:00Z,120,spectrum,buoy,0.973,buoy,,,,0.973,13.6,191.0,recomputed
2026-08-20T05:30:00Z,2026-08-20T00:00:00Z,2026-08-25T00:00:00Z,120,spectrum,coronado_north,0.716,5m,5.0,0.716,0.586,0.973,16.6,217.0,recomputed
2026-08-20T05:30:00Z,2026-08-20T00:00:00Z,2026-08-25T00:00:00Z,120,spectrum,coronado_center,0.56,5m,5.0,0.56,0.619,0.973,16.6,226.0,recomputed
2026-08-20T05:30:00Z,2026-08-20T00:00:00Z,2026-08-25T00:00:00Z,120,spectrum,coronado_south,0.463,5m,5.0,0.463,0.652,0.973,4.6,252.0,recomputed
2026-08-20T05:30:00Z,2026-08-20T00:00:00Z,2026-08-25T03:00:00Z,123,spectrum,buoy,1.043,buoy,,,,1.043,4.9,277.0,recomputed
2026-08-20T05:30:00Z,2026-08-20T00:00:00Z,2026-08-25T03:00:00Z,123,spectrum,coronado_north,0.732,5m,5.0,0.732,0.6,1.043,16.6,217.0,recomputed
2026-08-20T05:30:00Z,2026-08-20T00:00:00Z,2026-08-25T03:00:00Z,123,spectrum,coronado_center,0.59,5m,5.0,0.59,0.64,1.043,16.6,226.0,recomputed
2026-08-20T05:30:00Z,2026-08-20T00:00:00Z,2026-08-25T03:00:00Z,123,spectrum,coronado_south,0.502,5m,5.0,0.502,0.685,1.043,4.9,253.0,recomputed
2026-08-20T05:30:00Z,2026-08-20T00:00:00Z,2026-08-25T06:00:00Z,126,spectrum,buoy,1.071,buoy,,,,1.071,5.3,279.0,recomputed
2026-08-20T05:30:00Z,2026-08-20T00:00:00Z,2026-08-25T06:00:00Z,126,spectrum,coronado_north,0.738,5m,5.0,0.738,0.602,1.071,16.6,218.0,recomputed
2026-08-20T05:30:00Z,2026-08-20T00:00:00Z,2026-08-25T06:00:00Z,126,spectrum,coronado_center,0.603,5m,5.0,0.603,0.643,1.071,16.6,226.0,recomputed
2026-08-20T05:30:00Z,2026-08-20T00:00:00Z,2026-08-25T06:00:00Z,126,spectrum,coronado_south,0.517,5m,5.0,0.517,0.692,1.071,5.3,254.0,recomputed
2026-08-20T05:30:00Z,2026-08-20T00:00:00Z,2026-08-25T09:00:00Z,129,spectrum,buoy,1.044,buoy,,,,1.044,5.3,281.0,recomputed
2026-08-20T05:30:00Z,2026-08-20T00:00:00Z,2026-08-25T09:00:00Z,129,spectrum,coronado_north,0.732,5m,5.0,0.732,0.596,1.044,16.6,218.0,recomputed
2026-08-20T05:30:00Z,2026-08-20T00:00:00Z,2026-08-25T09:00:00Z,129,spectrum,coronado_center,0.594,5m,5.0,0.594,0.631,1.044,16.6,227.0,recomputed
2026-08-20T05:30:00Z,2026-08-20T00:00:00Z,2026-08-25T09:00:00Z,129,spectrum,coronado_south,0.504,5m,5.0,0.504,0.673,1.044,5.3,255.0,recomputed
2026-08-20T05:30:00Z,2026-08-20T00:00:00Z,2026-08-25T12:00:00Z,132,spectrum,buoy,1.004,buoy,,,,1.004,5.6,282.0,recomputed
2026-08-20T05:30:00Z,2026-08-20T00:00:00Z,2026-08-25T12:00:00Z,132,spectrum,coronado_north,0.722,5m,5.0,0.722,0.587,1.004,16.6,218.0,recomputed
2026-08-20T05:30:00Z,2026-08-20T00:00:00Z,2026-08-25T12:00:00Z,132,spectrum,coronado_center,0.578,5m,5.0,0.578,0.618,1.004,16.6,227.0,recomputed
2026-08-20T05:30:00Z,2026-08-20T00:00:00Z,2026-08-25T12:00:00Z,132,spectrum,coronado_south,0.485,5m,5.0,0.485,0.651,1.004,5.6,255.0,recomputed
2026-08-20T05:30:00Z,2026-08-20T00:00:00Z,2026-08-25T15:00:00Z,135,spectrum,buoy,0.962,buoy,,,,0.962,12.7,191.0,recomputed
2026-08-20T05:30:00Z,2026-08-20T00:00:00Z,2026-08-25T15:00:00Z,135,spectrum,coronado_north,0.712,5m,5.0,0.712,0.579,0.962,15.6,218.0,recomputed
2026-08-20T05:30:00Z,2026-08-20T00:00:00Z,2026-08-25T15:00:00Z,135,spectrum,coronado_center,0.564,5m,5.0,0.564,0.607,0.962,16.6,227.0,recomputed
2026-08-20T05:30:00Z,2026-08-20T00:00:00Z,2026-08-25T15:00:00Z,135,spectrum,coronado_south,0.467,5m,5.0,0.467,0.634,0.962,5.6,255.0,recomputed
2026-08-20T05:30:00Z,2026-08-20T00:00:00Z,2026-08-25T18:00:00Z,138,spectrum,buoy,0.928,buoy,,,,0.928,12.7,191.0,recomputed
2026-08-20T05:30:00Z,2026-08-20T00:00:00Z,2026-08-25T18:00:00Z,138,spectrum,coronado_north,0.709,5m,5.0,0.709,0.574,0.928,15.6,218.0,recomputed
2026-08-20T05:30:00Z,2026-08-20T00:00:00Z,2026-08-25T18:00:00Z,138,spectrum,coronado_center,0.563,5m,5.0,0.563,0.602,0.928,16.6,227.0,recomputed
2026-08-20T05:30:00Z,2026-08-20T00:00:00Z,2026-08-25T18:00:00Z,138,spectrum,coronado_south,0.472,5m,5.0,0.472,0.626,0.928,5.3,254.0,recomputed
2026-08-20T05:30:00Z,2026-08-20T00:00:00Z,2026-08-25T21:00:00Z,141,spectrum,buoy,0.937,buoy,,,,0.937,12.7,191.0,recomputed
2026-08-20T05:30:00Z,2026-08-20T00:00:00Z,2026-08-25T21:00:00Z,141,spectrum,coronado_north,0.711,5m,5.0,0.711,0.574,0.937,15.6,218.0,recomputed
2026-08-20T05:30:00Z,2026-08-20T00:00:00Z,2026-08-25T21:00:00Z,141,spectrum,coronado_center,0.561,5m,5.0,0.561,0.603,0.937,16.6,228.0,recomputed
2026-08-20T05:30:00Z,2026-08-20T00:00:00Z,2026-08-25T21:00:00Z,141,spectrum,coronado_south,0.454,5m,5.0,0.454,0.629,0.937,4.6,254.0,recomputed
2026-08-20T05:30:00Z,2026-08-20T00:00:00Z,2026-08-26T00:00:00Z,144,spectrum,buoy,0.998,buoy,,,,0.998,4.6,277.0,recomputed
2026-08-20T05:30:00Z,2026-08-20T00:00:00Z,2026-08-26T00:00:00Z,144,spectrum,coronado_north,0.716,5m,5.0,0.716,0.583,0.998,15.6,219.0,recomputed
2026-08-20T05:30:00Z,2026-08-20T00:00:00Z,2026-08-26T00:00:00Z,144,spectrum,coronado_center,0.578,5m,5.0,0.578,0.616,0.998,16.6,228.0,recomputed
2026-08-20T05:30:00Z,2026-08-20T00:00:00Z,2026-08-26T00:00:00Z,144,spectrum,coronado_south,0.477,5m,5.0,0.477,0.652,0.998,4.6,254.0,recomputed
2026-08-20T05:30:00Z,2026-08-20T00:00:00Z,2026-08-26T03:00:00Z,147,spectrum,buoy,1.107,buoy,,,,1.107,5.3,279.0,recomputed
2026-08-20T05:30:00Z,2026-08-20T00:00:00Z,2026-08-26T03:00:00Z,147,spectrum,coronado_north,0.727,5m,5.0,0.727,0.608,1.107,15.6,218.0,recomputed
2026-08-20T05:30:00Z,2026-08-20T00:00:00Z,2026-08-26T03:00:00Z,147,spectrum,coronado_center,0.613,5m,5.0,0.613,0.649,1.107,16.6,228.0,recomputed
2026-08-20T05:30:00Z,2026-08-20T00:00:00Z,2026-08-26T03:00:00Z,147,spectrum,coronado_south,0.536,5m,5.0,0.536,0.701,1.107,5.3,255.0,recomputed
2026-08-20T05:30:00Z,2026-08-20T00:00:00Z,2026-08-26T06:00:00Z,150,spectrum,buoy,1.18,buoy,,,,1.18,5.6,282.0,recomputed
2026-08-20T05:30:00Z,2026-08-20T00:00:00Z,2026-08-26T06:00:00Z,150,spectrum,coronado_north,0.737,5m,5.0,0.737,0.642,1.18,15.6,218.0,recomputed
2026-08-20T05:30:00Z,2026-08-20T00:00:00Z,2026-08-26T06:00:00Z,150,spectrum,coronado_center,0.639,5m,5.0,0.639,0.683,1.18,16.6,227.0,recomputed
2026-08-20T05:30:00Z,2026-08-20T00:00:00Z,2026-08-26T06:00:00Z,150,spectrum,coronado_south,0.587,5m,5.0,0.587,0.74,1.18,5.6,257.0,recomputed
2026-08-20T05:30:00Z,2026-08-20T00:00:00Z,2026-08-26T09:00:00Z,153,spectrum,buoy,1.193,buoy,,,,1.193,5.6,284.0,recomputed
2026-08-20T05:30:00Z,2026-08-20T00:00:00Z,2026-08-26T09:00:00Z,153,spectrum,coronado_north,0.745,5m,5.0,0.745,0.684,1.193,16.6,216.0,recomputed
2026-08-20T05:30:00Z,2026-08-20T00:00:00Z,2026-08-26T09:00:00Z,153,spectrum,coronado_center,0.646,5m,5.0,0.646,0.719,1.193,16.6,226.0,recomputed
2026-08-20T05:30:00Z,2026-08-20T00:00:00Z,2026-08-26T09:00:00Z,153,spectrum,coronado_south,0.614,5m,5.0,0.614,0.763,1.193,6.5,257.0,recomputed
2026-08-20T05:30:00Z,2026-08-20T00:00:00Z,2026-08-26T12:00:00Z,156,spectrum,buoy,1.163,buoy,,,,1.163,11.9,180.0,recomputed
2026-08-20T05:30:00Z,2026-08-20T00:00:00Z,2026-08-26T12:00:00Z,156,spectrum,coronado_north,0.746,5m,5.0,0.746,0.727,1.163,15.6,215.0,recomputed
2026-08-20T05:30:00Z,2026-08-20T00:00:00Z,2026-08-26T12:00:00Z,156,spectrum,coronado_center,0.629,5m,5.0,0.629,0.758,1.163,16.6,231.0,recomputed
2026-08-20T05:30:00Z,2026-08-20T00:00:00Z,2026-08-26T12:00:00Z,156,spectrum,coronado_south,0.587,5m,5.0,0.587,0.788,1.163,6.9,256.0,recomputed
2026-08-20T05:30:00Z,2026-08-20T00:00:00Z,2026-08-26T15:00:00Z,159,spectrum,buoy,1.154,buoy,,,,1.154,11.9,180.0,recomputed
2026-08-20T05:30:00Z,2026-08-20T00:00:00Z,2026-08-26T15:00:00Z,159,spectrum,coronado_north,0.749,5m,5.0,0.749,0.773,1.154,15.6,214.0,recomputed
2026-08-20T05:30:00Z,2026-08-20T00:00:00Z,2026-08-26T15:00:00Z,159,spectrum,coronado_center,0.633,5m,5.0,0.633,0.803,1.154,15.6,231.0,recomputed
2026-08-20T05:30:00Z,2026-08-20T00:00:00Z,2026-08-26T15:00:00Z,159,spectrum,coronado_south,0.599,5m,5.0,0.599,0.826,1.154,6.9,256.0,recomputed
2026-08-20T05:30:00Z,2026-08-20T00:00:00Z,2026-08-26T18:00:00Z,162,spectrum,buoy,1.172,buoy,,,,1.172,11.1,178.0,recomputed
2026-08-20T05:30:00Z,2026-08-20T00:00:00Z,2026-08-26T18:00:00Z,162,spectrum,coronado_north,0.759,5m,5.0,0.759,0.812,1.172,15.6,214.0,recomputed
2026-08-20T05:30:00Z,2026-08-20T00:00:00Z,2026-08-26T18:00:00Z,162,spectrum,coronado_center,0.631,5m,5.0,0.631,0.843,1.172,15.6,231.0,recomputed
2026-08-20T05:30:00Z,2026-08-20T00:00:00Z,2026-08-26T18:00:00Z,162,spectrum,coronado_south,0.598,5m,5.0,0.598,0.864,1.172,11.9,187.0,recomputed
2026-08-20T05:30:00Z,2026-08-20T00:00:00Z,2026-08-26T21:00:00Z,165,spectrum,buoy,1.18,buoy,,,,1.18,11.1,178.0,recomputed
2026-08-20T05:30:00Z,2026-08-20T00:00:00Z,2026-08-26T21:00:00Z,165,spectrum,coronado_north,0.785,5m,5.0,0.785,0.841,1.18,15.6,212.0,recomputed
2026-08-20T05:30:00Z,2026-08-20T00:00:00Z,2026-08-26T21:00:00Z,165,spectrum,coronado_center,0.648,5m,5.0,0.648,0.874,1.18,15.6,232.0,recomputed
2026-08-20T05:30:00Z,2026-08-20T00:00:00Z,2026-08-26T21:00:00Z,165,spectrum,coronado_south,0.63,5m,5.0,0.63,0.894,1.18,11.9,188.0,recomputed
2026-08-20T05:30:00Z,2026-08-20T00:00:00Z,2026-08-27T00:00:00Z,168,spectrum,buoy,1.199,buoy,,,,1.199,10.4,177.0,recomputed
2026-08-20T05:30:00Z,2026-08-20T00:00:00Z,2026-08-27T00:00:00Z,168,spectrum,coronado_north,0.817,5m,5.0,0.817,0.867,1.199,15.6,212.0,recomputed
2026-08-20T05:30:00Z,2026-08-20T00:00:00Z,2026-08-27T00:00:00Z,168,spectrum,coronado_center,0.647,5m,5.0,0.647,0.902,1.199,15.6,232.0,recomputed
2026-08-20T05:30:00Z,2026-08-20T00:00:00Z,2026-08-27T00:00:00Z,168,spectrum,coronado_south,0.626,5m,5.0,0.626,0.922,1.199,11.9,189.0,recomputed
2026-08-21T05:30:00Z,2026-08-21T00:00:00Z,2026-08-21T00:00:00Z,0,spectrum,buoy,0.798,buoy,,,,0.798,14.5,200.0,recomputed
2026-08-21T05:30:00Z,2026-08-21T00:00:00Z,2026-08-21T00:00:00Z,0,spectrum,coronado_north,0.66,5m,5.0,0.66,0.513,0.798,14.5,214.0,recomputed
2026-08-21T05:30:00Z,2026-08-21T00:00:00Z,2026-08-21T00:00:00Z,0,spectrum,coronado_center,0.474,5m,5.0,0.474,0.534,0.798,14.5,234.0,recomputed
2026-08-21T05:30:00Z,2026-08-21T00:00:00Z,2026-08-21T00:00:00Z,0,spectrum,coronado_south,0.434,5m,5.0,0.434,0.549,0.798,6.9,253.0,recomputed
2026-08-21T05:30:00Z,2026-08-21T00:00:00Z,2026-08-21T03:00:00Z,3,spectrum,buoy,0.825,buoy,,,,0.825,14.5,200.0,recomputed
2026-08-21T05:30:00Z,2026-08-21T00:00:00Z,2026-08-21T03:00:00Z,3,spectrum,coronado_north,0.646,5m,5.0,0.646,0.514,0.825,14.5,214.0,recomputed
2026-08-21T05:30:00Z,2026-08-21T00:00:00Z,2026-08-21T03:00:00Z,3,spectrum,coronado_center,0.464,5m,5.0,0.464,0.538,0.825,14.5,232.0,recomputed
2026-08-21T05:30:00Z,2026-08-21T00:00:00Z,2026-08-21T03:00:00Z,3,spectrum,coronado_south,0.433,5m,5.0,0.433,0.558,0.825,6.9,251.0,recomputed
2026-08-21T05:30:00Z,2026-08-21T00:00:00Z,2026-08-21T06:00:00Z,6,spectrum,buoy,0.803,buoy,,,,0.803,14.5,200.0,recomputed
2026-08-21T05:30:00Z,2026-08-21T00:00:00Z,2026-08-21T06:00:00Z,6,spectrum,coronado_north,0.638,5m,5.0,0.638,0.511,0.803,14.5,214.0,recomputed
2026-08-21T05:30:00Z,2026-08-21T00:00:00Z,2026-08-21T06:00:00Z,6,spectrum,coronado_center,0.447,5m,5.0,0.447,0.534,0.803,14.5,231.0,recomputed
2026-08-21T05:30:00Z,2026-08-21T00:00:00Z,2026-08-21T06:00:00Z,6,spectrum,coronado_south,0.409,5m,5.0,0.409,0.552,0.803,3.5,251.0,recomputed
2026-08-21T05:30:00Z,2026-08-21T00:00:00Z,2026-08-21T09:00:00Z,9,spectrum,buoy,0.769,buoy,,,,0.769,13.6,200.0,recomputed
2026-08-21T05:30:00Z,2026-08-21T00:00:00Z,2026-08-21T09:00:00Z,9,spectrum,coronado_north,0.628,5m,5.0,0.628,0.502,0.769,13.6,215.0,recomputed
2026-08-21T05:30:00Z,2026-08-21T00:00:00Z,2026-08-21T09:00:00Z,9,spectrum,coronado_center,0.435,5m,5.0,0.435,0.523,0.769,14.5,230.0,recomputed
2026-08-21T05:30:00Z,2026-08-21T00:00:00Z,2026-08-21T09:00:00Z,9,spectrum,coronado_south,0.393,5m,5.0,0.393,0.539,0.769,4.6,251.0,recomputed
2026-08-21T05:30:00Z,2026-08-21T00:00:00Z,2026-08-21T12:00:00Z,12,spectrum,buoy,0.736,buoy,,,,0.736,13.6,199.0,recomputed
2026-08-21T05:30:00Z,2026-08-21T00:00:00Z,2026-08-21T12:00:00Z,12,spectrum,coronado_north,0.618,5m,5.0,0.618,0.492,0.736,13.6,214.0,recomputed
2026-08-21T05:30:00Z,2026-08-21T00:00:00Z,2026-08-21T12:00:00Z,12,spectrum,coronado_center,0.423,5m,5.0,0.423,0.511,0.736,14.5,230.0,recomputed
2026-08-21T05:30:00Z,2026-08-21T00:00:00Z,2026-08-21T12:00:00Z,12,spectrum,coronado_south,0.372,5m,5.0,0.372,0.523,0.736,11.9,237.0,recomputed
2026-08-21T05:30:00Z,2026-08-21T00:00:00Z,2026-08-21T15:00:00Z,15,spectrum,buoy,0.714,buoy,,,,0.714,13.6,198.0,recomputed
2026-08-21T05:30:00Z,2026-08-21T00:00:00Z,2026-08-21T15:00:00Z,15,spectrum,coronado_north,0.616,5m,5.0,0.616,0.486,0.714,13.6,214.0,recomputed
2026-08-21T05:30:00Z,2026-08-21T00:00:00Z,2026-08-21T15:00:00Z,15,spectrum,coronado_center,0.421,5m,5.0,0.421,0.503,0.714,14.5,231.0,recomputed
2026-08-21T05:30:00Z,2026-08-21T00:00:00Z,2026-08-21T15:00:00Z,15,spectrum,coronado_south,0.363,5m,5.0,0.363,0.513,0.714,11.9,237.0,recomputed
2026-08-21T05:30:00Z,2026-08-21T00:00:00Z,2026-08-21T18:00:00Z,18,spectrum,buoy,0.702,buoy,,,,0.702,13.6,198.0,recomputed
2026-08-21T05:30:00Z,2026-08-21T00:00:00Z,2026-08-21T18:00:00Z,18,spectrum,coronado_north,0.619,5m,5.0,0.619,0.484,0.702,13.6,214.0,recomputed
2026-08-21T05:30:00Z,2026-08-21T00:00:00Z,2026-08-21T18:00:00Z,18,spectrum,coronado_center,0.415,5m,5.0,0.415,0.499,0.702,13.6,231.0,recomputed
2026-08-21T05:30:00Z,2026-08-21T00:00:00Z,2026-08-21T18:00:00Z,18,spectrum,coronado_south,0.353,5m,5.0,0.353,0.507,0.702,11.9,237.0,recomputed
2026-08-21T05:30:00Z,2026-08-21T00:00:00Z,2026-08-21T21:00:00Z,21,spectrum,buoy,0.7,buoy,,,,0.7,13.6,198.0,recomputed
2026-08-21T05:30:00Z,2026-08-21T00:00:00Z,2026-08-21T21:00:00Z,21,spectrum,coronado_north,0.618,5m,5.0,0.618,0.481,0.7,13.6,213.0,recomputed
2026-08-21T05:30:00Z,2026-08-21T00:00:00Z,2026-08-21T21:00:00Z,21,spectrum,coronado_center,0.422,5m,5.0,0.422,0.497,0.7,13.6,231.0,recomputed
2026-08-21T05:30:00Z,2026-08-21T00:00:00Z,2026-08-21T21:00:00Z,21,spectrum,coronado_south,0.35,5m,5.0,0.35,0.503,0.7,11.9,235.0,recomputed
2026-08-21T05:30:00Z,2026-08-21T00:00:00Z,2026-08-22T00:00:00Z,24,spectrum,buoy,0.704,buoy,,,,0.704,13.6,198.0,recomputed
2026-08-21T05:30:00Z,2026-08-21T00:00:00Z,2026-08-22T00:00:00Z,24,spectrum,coronado_north,0.598,5m,5.0,0.598,0.476,0.704,13.6,213.0,recomputed
2026-08-21T05:30:00Z,2026-08-21T00:00:00Z,2026-08-22T00:00:00Z,24,spectrum,coronado_center,0.402,5m,5.0,0.402,0.492,0.704,13.6,231.0,recomputed
2026-08-21T05:30:00Z,2026-08-21T00:00:00Z,2026-08-22T00:00:00Z,24,spectrum,coronado_south,0.36,5m,5.0,0.36,0.499,0.704,11.9,233.0,recomputed
2026-08-21T05:30:00Z,2026-08-21T00:00:00Z,2026-08-22T03:00:00Z,27,spectrum,buoy,0.696,buoy,,,,0.696,12.7,199.0,recomputed
2026-08-21T05:30:00Z,2026-08-21T00:00:00Z,2026-08-22T03:00:00Z,27,spectrum,coronado_north,0.587,5m,5.0,0.587,0.472,0.696,13.6,213.0,recomputed
2026-08-21T05:30:00Z,2026-08-21T00:00:00Z,2026-08-22T03:00:00Z,27,spectrum,coronado_center,0.387,5m,5.0,0.387,0.488,0.696,13.6,232.0,recomputed
2026-08-21T05:30:00Z,2026-08-21T00:00:00Z,2026-08-22T03:00:00Z,27,spectrum,coronado_south,0.35,5m,5.0,0.35,0.495,0.696,12.7,243.0,recomputed
2026-08-21T05:30:00Z,2026-08-21T00:00:00Z,2026-08-22T06:00:00Z,30,spectrum,buoy,0.694,buoy,,,,0.694,12.7,198.0,recomputed
2026-08-21T05:30:00Z,2026-08-21T00:00:00Z,2026-08-22T06:00:00Z,30,spectrum,coronado_north,0.583,5m,5.0,0.583,0.474,0.694,13.6,213.0,recomputed
2026-08-21T05:30:00Z,2026-08-21T00:00:00Z,2026-08-22T06:00:00Z,30,spectrum,coronado_center,0.393,5m,5.0,0.393,0.491,0.694,13.6,231.0,recomputed
2026-08-21T05:30:00Z,2026-08-21T00:00:00Z,2026-08-22T06:00:00Z,30,spectrum,coronado_south,0.363,5m,5.0,0.363,0.5,0.694,12.7,239.0,recomputed
2026-08-21T05:30:00Z,2026-08-21T00:00:00Z,2026-08-22T09:00:00Z,33,spectrum,buoy,0.708,buoy,,,,0.708,12.7,197.0,recomputed
2026-08-21T05:30:00Z,2026-08-21T00:00:00Z,2026-08-22T09:00:00Z,33,spectrum,coronado_north,0.586,5m,5.0,0.586,0.478,0.708,12.7,213.0,recomputed
2026-08-21T05:30:00Z,2026-08-21T00:00:00Z,2026-08-22T09:00:00Z,33,spectrum,coronado_center,0.394,5m,5.0,0.394,0.497,0.708,13.6,231.0,recomputed
2026-08-21T05:30:00Z,2026-08-21T00:00:00Z,2026-08-22T09:00:00Z,33,spectrum,coronado_south,0.364,5m,5.0,0.364,0.509,0.708,11.1,230.0,recomputed
2026-08-21T05:30:00Z,2026-08-21T00:00:00Z,2026-08-22T12:00:00Z,36,spectrum,buoy,0.73,buoy,,,,0.73,12.7,198.0,recomputed
2026-08-21T05:30:00Z,2026-08-21T00:00:00Z,2026-08-22T12:00:00Z,36,spectrum,coronado_north,0.587,5m,5.0,0.587,0.477,0.73,12.7,213.0,recomputed
2026-08-21T05:30:00Z,2026-08-21T00:00:00Z,2026-08-22T12:00:00Z,36,spectrum,coronado_center,0.4,5m,5.0,0.4,0.496,0.73,13.6,233.0,recomputed
2026-08-21T05:30:00Z,2026-08-21T00:00:00Z,2026-08-22T12:00:00Z,36,spectrum,coronado_south,0.376,5m,5.0,0.376,0.51,0.73,5.3,253.0,recomputed
2026-08-21T05:30:00Z,2026-08-21T00:00:00Z,2026-08-22T15:00:00Z,39,spectrum,buoy,0.744,buoy,,,,0.744,12.7,198.0,recomputed
2026-08-21T05:30:00Z,2026-08-21T00:00:00Z,2026-08-22T15:00:00Z,39,spectrum,coronado_north,0.583,5m,5.0,0.583,0.475,0.744,12.7,213.0,recomputed
2026-08-21T05:30:00Z,2026-08-21T00:00:00Z,2026-08-22T15:00:00Z,39,spectrum,coronado_center,0.402,5m,5.0,0.402,0.493,0.744,13.6,236.0,recomputed
2026-08-21T05:30:00Z,2026-08-21T00:00:00Z,2026-08-22T15:00:00Z,39,spectrum,coronado_south,0.379,5m,5.0,0.379,0.506,0.744,11.9,224.0,recomputed
2026-08-21T05:30:00Z,2026-08-21T00:00:00Z,2026-08-22T18:00:00Z,42,spectrum,buoy,0.749,buoy,,,,0.749,12.7,199.0,recomputed
2026-08-21T05:30:00Z,2026-08-21T00:00:00Z,2026-08-22T18:00:00Z,42,spectrum,coronado_north,0.581,5m,5.0,0.581,0.475,0.749,12.7,212.0,recomputed
2026-08-21T05:30:00Z,2026-08-21T00:00:00Z,2026-08-22T18:00:00Z,42,spectrum,coronado_center,0.401,5m,5.0,0.401,0.493,0.749,13.6,233.0,recomputed
2026-08-21T05:30:00Z,2026-08-21T00:00:00Z,2026-08-22T18:00:00Z,42,spectrum,coronado_south,0.381,5m,5.0,0.381,0.505,0.749,11.9,241.0,recomputed
2026-08-21T05:30:00Z,2026-08-21T00:00:00Z,2026-08-22T21:00:00Z,45,spectrum,buoy,0.754,buoy,,,,0.754,11.9,199.0,recomputed
2026-08-21T05:30:00Z,2026-08-21T00:00:00Z,2026-08-22T21:00:00Z,45,spectrum,coronado_north,0.58,5m,5.0,0.58,0.476,0.754,12.7,213.0,recomputed
2026-08-21T05:30:00Z,2026-08-21T00:00:00Z,2026-08-22T21:00:00Z,45,spectrum,coronado_center,0.404,5m,5.0,0.404,0.495,0.754,16.6,230.0,recomputed
2026-08-21T05:30:00Z,2026-08-21T00:00:00Z,2026-08-22T21:00:00Z,45,spectrum,coronado_south,0.388,5m,5.0,0.388,0.508,0.754,11.9,240.0,recomputed
2026-08-21T05:30:00Z,2026-08-21T00:00:00Z,2026-08-23T00:00:00Z,48,spectrum,buoy,0.768,buoy,,,,0.768,14.5,196.0,recomputed
2026-08-21T05:30:00Z,2026-08-21T00:00:00Z,2026-08-23T00:00:00Z,48,spectrum,coronado_north,0.586,5m,5.0,0.586,0.48,0.768,14.5,213.0,recomputed
2026-08-21T05:30:00Z,2026-08-21T00:00:00Z,2026-08-23T00:00:00Z,48,spectrum,coronado_center,0.405,5m,5.0,0.405,0.501,0.768,16.6,229.0,recomputed
2026-08-21T05:30:00Z,2026-08-21T00:00:00Z,2026-08-23T00:00:00Z,48,spectrum,coronado_south,0.378,5m,5.0,0.378,0.516,0.768,11.9,245.0,recomputed
2026-08-21T05:30:00Z,2026-08-21T00:00:00Z,2026-08-23T03:00:00Z,51,spectrum,buoy,0.791,buoy,,,,0.791,14.5,196.0,recomputed
2026-08-21T05:30:00Z,2026-08-21T00:00:00Z,2026-08-23T03:00:00Z,51,spectrum,coronado_north,0.595,5m,5.0,0.595,0.488,0.791,14.5,213.0,recomputed
2026-08-21T05:30:00Z,2026-08-21T00:00:00Z,2026-08-23T03:00:00Z,51,spectrum,coronado_center,0.423,5m,5.0,0.423,0.513,0.791,16.6,228.0,recomputed
2026-08-21T05:30:00Z,2026-08-21T00:00:00Z,2026-08-23T03:00:00Z,51,spectrum,coronado_south,0.403,5m,5.0,0.403,0.533,0.791,4.3,252.0,recomputed
2026-08-21T05:30:00Z,2026-08-21T00:00:00Z,2026-08-23T06:00:00Z,54,spectrum,buoy,0.837,buoy,,,,0.837,14.5,195.0,recomputed
2026-08-21T05:30:00Z,2026-08-21T00:00:00Z,2026-08-23T06:00:00Z,54,spectrum,coronado_north,0.602,5m,5.0,0.602,0.495,0.837,14.5,211.0,recomputed
2026-08-21T05:30:00Z,2026-08-21T00:00:00Z,2026-08-23T06:00:00Z,54,spectrum,coronado_center,0.431,5m,5.0,0.431,0.523,0.837,16.6,227.0,recomputed
2026-08-21T05:30:00Z,2026-08-21T00:00:00Z,2026-08-23T06:00:00Z,54,spectrum,coronado_south,0.423,5m,5.0,0.423,0.55,0.837,4.6,252.0,recomputed
2026-08-21T05:30:00Z,2026-08-21T00:00:00Z,2026-08-23T09:00:00Z,57,spectrum,buoy,0.846,buoy,,,,0.846,14.5,196.0,recomputed
2026-08-21T05:30:00Z,2026-08-21T00:00:00Z,2026-08-23T09:00:00Z,57,spectrum,coronado_north,0.606,5m,5.0,0.606,0.498,0.846,14.5,211.0,recomputed
2026-08-21T05:30:00Z,2026-08-21T00:00:00Z,2026-08-23T09:00:00Z,57,spectrum,coronado_center,0.433,5m,5.0,0.433,0.526,0.846,16.6,226.0,recomputed
2026-08-21T05:30:00Z,2026-08-21T00:00:00Z,2026-08-23T09:00:00Z,57,spectrum,coronado_south,0.411,5m,5.0,0.411,0.553,0.846,4.9,253.0,recomputed
2026-08-21T05:30:00Z,2026-08-21T00:00:00Z,2026-08-23T12:00:00Z,60,spectrum,buoy,0.844,buoy,,,,0.844,14.5,196.0,recomputed
2026-08-21T05:30:00Z,2026-08-21T00:00:00Z,2026-08-23T12:00:00Z,60,spectrum,coronado_north,0.608,5m,5.0,0.608,0.5,0.844,14.5,213.0,recomputed
2026-08-21T05:30:00Z,2026-08-21T00:00:00Z,2026-08-23T12:00:00Z,60,spectrum,coronado_center,0.432,5m,5.0,0.432,0.526,0.844,16.6,224.0,recomputed
2026-08-21T05:30:00Z,2026-08-21T00:00:00Z,2026-08-23T12:00:00Z,60,spectrum,coronado_south,0.408,5m,5.0,0.408,0.551,0.844,4.6,254.0,recomputed
2026-08-21T05:30:00Z,2026-08-21T00:00:00Z,2026-08-23T15:00:00Z,63,spectrum,buoy,0.856,buoy,,,,0.856,13.6,195.0,recomputed
2026-08-21T05:30:00Z,2026-08-21T00:00:00Z,2026-08-23T15:00:00Z,63,spectrum,coronado_north,0.621,5m,5.0,0.621,0.508,0.856,13.6,211.0,recomputed
2026-08-21T05:30:00Z,2026-08-21T00:00:00Z,2026-08-23T15:00:00Z,63,spectrum,coronado_center,0.44,5m,5.0,0.44,0.533,0.856,19.0,229.0,recomputed
2026-08-21T05:30:00Z,2026-08-21T00:00:00Z,2026-08-23T15:00:00Z,63,spectrum,coronado_south,0.411,5m,5.0,0.411,0.555,0.856,5.3,255.0,recomputed
2026-08-21T05:30:00Z,2026-08-21T00:00:00Z,2026-08-23T18:00:00Z,66,spectrum,buoy,0.864,buoy,,,,0.864,13.6,195.0,recomputed
2026-08-21T05:30:00Z,2026-08-21T00:00:00Z,2026-08-23T18:00:00Z,66,spectrum,coronado_north,0.639,5m,5.0,0.639,0.519,0.864,13.6,211.0,recomputed
2026-08-21T05:30:00Z,2026-08-21T00:00:00Z,2026-08-23T18:00:00Z,66,spectrum,coronado_center,0.452,5m,5.0,0.452,0.543,0.864,19.0,228.0,recomputed
2026-08-21T05:30:00Z,2026-08-21T00:00:00Z,2026-08-23T18:00:00Z,66,spectrum,coronado_south,0.421,5m,5.0,0.421,0.564,0.864,12.7,246.0,recomputed
2026-08-21T05:30:00Z,2026-08-21T00:00:00Z,2026-08-23T21:00:00Z,69,spectrum,buoy,0.873,buoy,,,,0.873,13.6,195.0,recomputed
2026-08-21T05:30:00Z,2026-08-21T00:00:00Z,2026-08-23T21:00:00Z,69,spectrum,coronado_north,0.651,5m,5.0,0.651,0.527,0.873,15.6,216.0,recomputed
2026-08-21T05:30:00Z,2026-08-21T00:00:00Z,2026-08-23T21:00:00Z,69,spectrum,coronado_center,0.466,5m,5.0,0.466,0.552,0.873,19.0,228.0,recomputed
2026-08-21T05:30:00Z,2026-08-21T00:00:00Z,2026-08-23T21:00:00Z,69,spectrum,coronado_south,0.424,5m,5.0,0.424,0.573,0.873,12.7,240.0,recomputed
2026-08-21T05:30:00Z,2026-08-21T00:00:00Z,2026-08-24T00:00:00Z,72,spectrum,buoy,0.895,buoy,,,,0.895,13.6,195.0,recomputed
2026-08-21T05:30:00Z,2026-08-21T00:00:00Z,2026-08-24T00:00:00Z,72,spectrum,coronado_north,0.657,5m,5.0,0.657,0.535,0.895,15.6,217.0,recomputed
2026-08-21T05:30:00Z,2026-08-21T00:00:00Z,2026-08-24T00:00:00Z,72,spectrum,coronado_center,0.467,5m,5.0,0.467,0.563,0.895,19.0,227.0,recomputed
2026-08-21T05:30:00Z,2026-08-21T00:00:00Z,2026-08-24T00:00:00Z,72,spectrum,coronado_south,0.432,5m,5.0,0.432,0.587,0.895,4.6,253.0,recomputed
2026-08-21T05:30:00Z,2026-08-21T00:00:00Z,2026-08-24T03:00:00Z,75,spectrum,buoy,0.96,buoy,,,,0.96,13.6,195.0,recomputed
2026-08-21T05:30:00Z,2026-08-21T00:00:00Z,2026-08-24T03:00:00Z,75,spectrum,coronado_north,0.666,5m,5.0,0.666,0.549,0.96,13.6,214.0,recomputed
2026-08-21T05:30:00Z,2026-08-21T00:00:00Z,2026-08-24T03:00:00Z,75,spectrum,coronado_center,0.488,5m,5.0,0.488,0.585,0.96,17.8,226.0,recomputed
2026-08-21T05:30:00Z,2026-08-21T00:00:00Z,2026-08-24T03:00:00Z,75,spectrum,coronado_south,0.453,5m,5.0,0.453,0.621,0.96,4.6,252.0,recomputed
2026-08-21T05:30:00Z,2026-08-21T00:00:00Z,2026-08-24T06:00:00Z,78,spectrum,buoy,0.97,buoy,,,,0.97,4.9,278.0,recomputed
2026-08-21T05:30:00Z,2026-08-21T00:00:00Z,2026-08-24T06:00:00Z,78,spectrum,coronado_north,0.678,5m,5.0,0.678,0.559,0.97,13.6,214.0,recomputed
2026-08-21T05:30:00Z,2026-08-21T00:00:00Z,2026-08-24T06:00:00Z,78,spectrum,coronado_center,0.495,5m,5.0,0.495,0.593,0.97,17.8,226.0,recomputed
2026-08-21T05:30:00Z,2026-08-21T00:00:00Z,2026-08-24T06:00:00Z,78,spectrum,coronado_south,0.458,5m,5.0,0.458,0.629,0.97,4.9,253.0,recomputed
2026-08-21T05:30:00Z,2026-08-21T00:00:00Z,2026-08-24T09:00:00Z,81,spectrum,buoy,0.948,buoy,,,,0.948,14.5,192.0,recomputed
2026-08-21T05:30:00Z,2026-08-21T00:00:00Z,2026-08-24T09:00:00Z,81,spectrum,coronado_north,0.686,5m,5.0,0.686,0.564,0.948,13.6,210.0,recomputed
2026-08-21T05:30:00Z,2026-08-21T00:00:00Z,2026-08-24T09:00:00Z,81,spectrum,coronado_center,0.495,5m,5.0,0.495,0.593,0.948,17.8,226.0,recomputed
2026-08-21T05:30:00Z,2026-08-21T00:00:00Z,2026-08-24T09:00:00Z,81,spectrum,coronado_south,0.444,5m,5.0,0.444,0.622,0.948,4.9,253.0,recomputed
2026-08-21T05:30:00Z,2026-08-21T00:00:00Z,2026-08-24T12:00:00Z,84,spectrum,buoy,0.913,buoy,,,,0.913,14.5,191.0,recomputed
2026-08-21T05:30:00Z,2026-08-21T00:00:00Z,2026-08-24T12:00:00Z,84,spectrum,coronado_north,0.688,5m,5.0,0.688,0.565,0.913,17.8,214.0,recomputed
2026-08-21T05:30:00Z,2026-08-21T00:00:00Z,2026-08-24T12:00:00Z,84,spectrum,coronado_center,0.495,5m,5.0,0.495,0.591,0.913,17.8,226.0,recomputed
2026-08-21T05:30:00Z,2026-08-21T00:00:00Z,2026-08-24T12:00:00Z,84,spectrum,coronado_south,0.429,5m,5.0,0.429,0.613,0.913,5.3,254.0,recomputed
2026-08-21T05:30:00Z,2026-08-21T00:00:00Z,2026-08-24T15:00:00Z,87,spectrum,buoy,0.881,buoy,,,,0.881,14.5,191.0,recomputed
2026-08-21T05:30:00Z,2026-08-21T00:00:00Z,2026-08-24T15:00:00Z,87,spectrum,coronado_north,0.685,5m,5.0,0.685,0.563,0.881,17.8,215.0,recomputed
2026-08-21T05:30:00Z,2026-08-21T00:00:00Z,2026-08-24T15:00:00Z,87,spectrum,coronado_center,0.492,5m,5.0,0.492,0.587,0.881,17.8,226.0,recomputed
2026-08-21T05:30:00Z,2026-08-21T00:00:00Z,2026-08-24T15:00:00Z,87,spectrum,coronado_south,0.416,5m,5.0,0.416,0.605,0.881,4.6,253.0,recomputed
2026-08-21T05:30:00Z,2026-08-21T00:00:00Z,2026-08-24T18:00:00Z,90,spectrum,buoy,0.864,buoy,,,,0.864,14.5,191.0,recomputed
2026-08-21T05:30:00Z,2026-08-21T00:00:00Z,2026-08-24T18:00:00Z,90,spectrum,coronado_north,0.682,5m,5.0,0.682,0.563,0.864,12.7,215.0,recomputed
2026-08-21T05:30:00Z,2026-08-21T00:00:00Z,2026-08-24T18:00:00Z,90,spectrum,coronado_center,0.491,5m,5.0,0.491,0.586,0.864,16.6,226.0,recomputed
2026-08-21T05:30:00Z,2026-08-21T00:00:00Z,2026-08-24T18:00:00Z,90,spectrum,coronado_south,0.416,5m,5.0,0.416,0.602,0.864,4.6,253.0,recomputed
2026-08-21T05:30:00Z,2026-08-21T00:00:00Z,2026-08-24T21:00:00Z,93,spectrum,buoy,0.861,buoy,,,,0.861,13.6,192.0,recomputed
2026-08-21T05:30:00Z,2026-08-21T00:00:00Z,2026-08-24T21:00:00Z,93,spectrum,coronado_north,0.681,5m,5.0,0.681,0.566,0.861,16.6,215.0,recomputed
2026-08-21T05:30:00Z,2026-08-21T00:00:00Z,2026-08-24T21:00:00Z,93,spectrum,coronado_center,0.498,5m,5.0,0.498,0.588,0.861,16.6,225.0,recomputed
2026-08-21T05:30:00Z,2026-08-21T00:00:00Z,2026-08-24T21:00:00Z,93,spectrum,coronado_south,0.421,5m,5.0,0.421,0.603,0.861,4.6,253.0,recomputed
2026-08-21T05:30:00Z,2026-08-21T00:00:00Z,2026-08-25T00:00:00Z,96,spectrum,buoy,0.86,buoy,,,,0.86,13.6,191.0,recomputed
2026-08-21T05:30:00Z,2026-08-21T00:00:00Z,2026-08-25T00:00:00Z,96,spectrum,coronado_north,0.684,5m,5.0,0.684,0.573,0.86,16.6,215.0,recomputed
2026-08-21T05:30:00Z,2026-08-21T00:00:00Z,2026-08-25T00:00:00Z,96,spectrum,coronado_center,0.5,5m,5.0,0.5,0.595,0.86,16.6,225.0,recomputed
2026-08-21T05:30:00Z,2026-08-21T00:00:00Z,2026-08-25T00:00:00Z,96,spectrum,coronado_south,0.413,5m,5.0,0.413,0.61,0.86,4.6,252.0,recomputed
2026-08-21T05:30:00Z,2026-08-21T00:00:00Z,2026-08-25T03:00:00Z,99,spectrum,buoy,0.87,buoy,,,,0.87,13.6,190.0,recomputed
2026-08-21T05:30:00Z,2026-08-21T00:00:00Z,2026-08-25T03:00:00Z,99,spectrum,coronado_north,0.688,5m,5.0,0.688,0.578,0.87,16.6,221.0,recomputed
2026-08-21T05:30:00Z,2026-08-21T00:00:00Z,2026-08-25T03:00:00Z,99,spectrum,coronado_center,0.511,5m,5.0,0.511,0.603,0.87,16.6,225.0,recomputed
2026-08-21T05:30:00Z,2026-08-21T00:00:00Z,2026-08-25T03:00:00Z,99,spectrum,coronado_south,0.413,5m,5.0,0.413,0.619,0.87,4.6,252.0,recomputed
2026-08-21T05:30:00Z,2026-08-21T00:00:00Z,2026-08-25T06:00:00Z,102,spectrum,buoy,0.891,buoy,,,,0.891,13.6,189.0,recomputed
2026-08-21T05:30:00Z,2026-08-21T00:00:00Z,2026-08-25T06:00:00Z,102,spectrum,coronado_north,0.687,5m,5.0,0.687,0.578,0.891,16.6,216.0,recomputed
2026-08-21T05:30:00Z,2026-08-21T00:00:00Z,2026-08-25T06:00:00Z,102,spectrum,coronado_center,0.515,5m,5.0,0.515,0.603,0.891,16.6,225.0,recomputed
2026-08-21T05:30:00Z,2026-08-21T00:00:00Z,2026-08-25T06:00:00Z,102,spectrum,coronado_south,0.417,5m,5.0,0.417,0.622,0.891,4.6,252.0,recomputed
2026-08-21T05:30:00Z,2026-08-21T00:00:00Z,2026-08-25T09:00:00Z,105,spectrum,buoy,0.899,buoy,,,,0.899,13.6,189.0,recomputed
2026-08-21T05:30:00Z,2026-08-21T00:00:00Z,2026-08-25T09:00:00Z,105,spectrum,coronado_north,0.68,5m,5.0,0.68,0.573,0.899,16.6,216.0,recomputed
2026-08-21T05:30:00Z,2026-08-21T00:00:00Z,2026-08-25T09:00:00Z,105,spectrum,coronado_center,0.513,5m,5.0,0.513,0.598,0.899,16.6,225.0,recomputed
2026-08-21T05:30:00Z,2026-08-21T00:00:00Z,2026-08-25T09:00:00Z,105,spectrum,coronado_south,0.42,5m,5.0,0.42,0.617,0.899,12.7,210.0,recomputed
2026-08-21T05:30:00Z,2026-08-21T00:00:00Z,2026-08-25T12:00:00Z,108,spectrum,buoy,0.891,buoy,,,,0.891,12.7,191.0,recomputed
2026-08-21T05:30:00Z,2026-08-21T00:00:00Z,2026-08-25T12:00:00Z,108,spectrum,coronado_north,0.671,5m,5.0,0.671,0.566,0.891,16.6,216.0,recomputed
2026-08-21T05:30:00Z,2026-08-21T00:00:00Z,2026-08-25T12:00:00Z,108,spectrum,coronado_center,0.506,5m,5.0,0.506,0.589,0.891,16.6,226.0,recomputed
2026-08-21T05:30:00Z,2026-08-21T00:00:00Z,2026-08-25T12:00:00Z,108,spectrum,coronado_south,0.421,5m,5.0,0.421,0.606,0.891,12.7,210.0,recomputed
2026-08-21T05:30:00Z,2026-08-21T00:00:00Z,2026-08-25T15:00:00Z,111,spectrum,buoy,0.875,buoy,,,,0.875,12.7,191.0,recomputed
2026-08-21T05:30:00Z,2026-08-21T00:00:00Z,2026-08-25T15:00:00Z,111,spectrum,coronado_north,0.662,5m,5.0,0.662,0.56,0.875,15.6,216.0,recomputed
2026-08-21T05:30:00Z,2026-08-21T00:00:00Z,2026-08-25T15:00:00Z,111,spectrum,coronado_center,0.498,5m,5.0,0.498,0.581,0.875,16.6,230.0,recomputed
2026-08-21T05:30:00Z,2026-08-21T00:00:00Z,2026-08-25T15:00:00Z,111,spectrum,coronado_south,0.427,5m,5.0,0.427,0.596,0.875,5.6,256.0,recomputed
2026-08-21T05:30:00Z,2026-08-21T00:00:00Z,2026-08-25T18:00:00Z,114,spectrum,buoy,0.878,buoy,,,,0.878,12.7,190.0,recomputed
2026-08-21T05:30:00Z,2026-08-21T00:00:00Z,2026-08-25T18:00:00Z,114,spectrum,coronado_north,0.663,5m,5.0,0.663,0.567,0.878,15.6,216.0,recomputed
2026-08-21T05:30:00Z,2026-08-21T00:00:00Z,2026-08-25T18:00:00Z,114,spectrum,coronado_center,0.497,5m,5.0,0.497,0.588,0.878,16.6,229.0,recomputed
2026-08-21T05:30:00Z,2026-08-21T00:00:00Z,2026-08-25T18:00:00Z,114,spectrum,coronado_south,0.432,5m,5.0,0.432,0.601,0.878,6.9,256.0,recomputed
2026-08-21T05:30:00Z,2026-08-21T00:00:00Z,2026-08-25T21:00:00Z,117,spectrum,buoy,0.916,buoy,,,,0.916,12.7,187.0,recomputed
2026-08-21T05:30:00Z,2026-08-21T00:00:00Z,2026-08-25T21:00:00Z,117,spectrum,coronado_north,0.683,5m,5.0,0.683,0.623,0.916,15.6,214.0,recomputed
2026-08-21T05:30:00Z,2026-08-21T00:00:00Z,2026-08-25T21:00:00Z,117,spectrum,coronado_center,0.515,5m,5.0,0.515,0.645,0.916,16.6,225.0,recomputed
2026-08-21T05:30:00Z,2026-08-21T00:00:00Z,2026-08-25T21:00:00Z,117,spectrum,coronado_south,0.455,5m,5.0,0.455,0.658,0.916,16.6,207.0,recomputed
2026-08-21T05:30:00Z,2026-08-21T00:00:00Z,2026-08-26T00:00:00Z,120,spectrum,buoy,1.031,buoy,,,,1.031,13.6,181.0,recomputed
2026-08-21T05:30:00Z,2026-08-21T00:00:00Z,2026-08-26T00:00:00Z,120,spectrum,coronado_north,0.73,5m,5.0,0.73,0.737,1.031,15.6,210.0,recomputed
2026-08-21T05:30:00Z,2026-08-21T00:00:00Z,2026-08-26T00:00:00Z,120,spectrum,coronado_center,0.54,5m,5.0,0.54,0.765,1.031,16.6,222.0,recomputed
2026-08-21T05:30:00Z,2026-08-21T00:00:00Z,2026-08-26T00:00:00Z,120,spectrum,coronado_south,0.5,5m,5.0,0.5,0.78,1.031,13.6,194.0,recomputed
2026-08-21T05:30:00Z,2026-08-21T00:00:00Z,2026-08-26T03:00:00Z,123,spectrum,buoy,1.196,buoy,,,,1.196,12.7,179.0,recomputed
2026-08-21T05:30:00Z,2026-08-21T00:00:00Z,2026-08-26T03:00:00Z,123,spectrum,coronado_north,0.81,5m,5.0,0.81,0.87,1.196,16.6,209.0,recomputed
2026-08-21T05:30:00Z,2026-08-21T00:00:00Z,2026-08-26T03:00:00Z,123,spectrum,coronado_center,0.581,5m,5.0,0.581,0.904,1.196,16.6,216.0,recomputed
2026-08-21T05:30:00Z,2026-08-21T00:00:00Z,2026-08-26T03:00:00Z,123,spectrum,coronado_south,0.584,5m,5.0,0.584,0.922,1.196,12.7,190.0,recomputed
2026-08-21T05:30:00Z,2026-08-21T00:00:00Z,2026-08-26T06:00:00Z,126,spectrum,buoy,1.341,buoy,,,,1.341,12.7,179.0,recomputed
2026-08-21T05:30:00Z,2026-08-21T00:00:00Z,2026-08-26T06:00:00Z,126,spectrum,coronado_north,0.852,5m,5.0,0.852,0.99,1.341,15.6,208.0,recomputed
2026-08-21T05:30:00Z,2026-08-21T00:00:00Z,2026-08-26T06:00:00Z,126,spectrum,coronado_center,0.618,5m,5.0,0.618,1.026,1.341,16.6,212.0,recomputed
2026-08-21T05:30:00Z,2026-08-21T00:00:00Z,2026-08-26T06:00:00Z,126,spectrum,coronado_south,0.654,5m,5.0,0.654,1.044,1.341,11.9,187.0,recomputed
2026-08-21T05:30:00Z,2026-08-21T00:00:00Z,2026-08-26T09:00:00Z,129,spectrum,buoy,1.436,buoy,,,,1.436,12.7,179.0,recomputed
2026-08-21T05:30:00Z,2026-08-21T00:00:00Z,2026-08-26T09:00:00Z,129,spectrum,coronado_north,0.892,5m,5.0,0.892,1.087,1.436,16.6,208.0,recomputed
2026-08-21T05:30:00Z,2026-08-21T00:00:00Z,2026-08-26T09:00:00Z,129,spectrum,coronado_center,0.653,5m,5.0,0.653,1.125,1.436,16.6,221.0,recomputed
2026-08-21T05:30:00Z,2026-08-21T00:00:00Z,2026-08-26T09:00:00Z,129,spectrum,coronado_south,0.713,5m,5.0,0.713,1.137,1.436,11.9,187.0,recomputed
2026-08-21T05:30:00Z,2026-08-21T00:00:00Z,2026-08-26T12:00:00Z,132,spectrum,buoy,1.494,buoy,,,,1.494,12.7,181.0,recomputed
2026-08-21T05:30:00Z,2026-08-21T00:00:00Z,2026-08-26T12:00:00Z,132,spectrum,coronado_north,0.945,5m,5.0,0.945,1.15,1.494,16.6,207.0,recomputed
2026-08-21T05:30:00Z,2026-08-21T00:00:00Z,2026-08-26T12:00:00Z,132,spectrum,coronado_center,0.67,5m,5.0,0.67,1.189,1.494,16.6,221.0,recomputed
2026-08-21T05:30:00Z,2026-08-21T00:00:00Z,2026-08-26T12:00:00Z,132,spectrum,coronado_south,0.746,5m,5.0,0.746,1.198,1.494,11.9,189.0,recomputed
2026-08-21T05:30:00Z,2026-08-21T00:00:00Z,2026-08-26T15:00:00Z,135,spectrum,buoy,1.519,buoy,,,,1.519,12.7,182.0,recomputed
2026-08-21T05:30:00Z,2026-08-21T00:00:00Z,2026-08-26T15:00:00Z,135,spectrum,coronado_north,1.056,5m,5.0,1.056,1.182,1.519,16.6,207.0,recomputed
2026-08-21T05:30:00Z,2026-08-21T00:00:00Z,2026-08-26T15:00:00Z,135,spectrum,coronado_center,0.731,5m,5.0,0.731,1.222,1.519,15.6,222.0,recomputed
2026-08-21T05:30:00Z,2026-08-21T00:00:00Z,2026-08-26T15:00:00Z,135,spectrum,coronado_south,0.809,5m,5.0,0.809,1.226,1.519,11.9,201.0,recomputed
2026-08-21T05:30:00Z,2026-08-21T00:00:00Z,2026-08-26T18:00:00Z,138,spectrum,buoy,1.528,buoy,,,,1.528,12.7,183.0,recomputed
2026-08-21T05:30:00Z,2026-08-21T00:00:00Z,2026-08-26T18:00:00Z,138,spectrum,coronado_north,1.049,5m,5.0,1.049,1.201,1.528,15.6,207.0,recomputed
2026-08-21T05:30:00Z,2026-08-21T00:00:00Z,2026-08-26T18:00:00Z,138,spectrum,coronado_center,0.681,5m,5.0,0.681,1.242,1.528,15.6,222.0,recomputed
2026-08-21T05:30:00Z,2026-08-21T00:00:00Z,2026-08-26T18:00:00Z,138,spectrum,coronado_south,0.778,5m,5.0,0.778,1.242,1.528,11.9,200.0,recomputed
2026-08-21T05:30:00Z,2026-08-21T00:00:00Z,2026-08-26T21:00:00Z,141,spectrum,buoy,1.523,buoy,,,,1.523,12.7,184.0,recomputed
2026-08-21T05:30:00Z,2026-08-21T00:00:00Z,2026-08-26T21:00:00Z,141,spectrum,coronado_north,1.075,5m,5.0,1.075,1.204,1.523,15.6,208.0,recomputed
2026-08-21T05:30:00Z,2026-08-21T00:00:00Z,2026-08-26T21:00:00Z,141,spectrum,coronado_center,0.683,5m,5.0,0.683,1.245,1.523,15.6,224.0,recomputed
2026-08-21T05:30:00Z,2026-08-21T00:00:00Z,2026-08-26T21:00:00Z,141,spectrum,coronado_south,0.839,5m,5.0,0.839,1.242,1.523,11.9,196.0,recomputed
2026-08-21T05:30:00Z,2026-08-21T00:00:00Z,2026-08-27T00:00:00Z,144,spectrum,buoy,1.498,buoy,,,,1.498,12.7,185.0,recomputed
2026-08-21T05:30:00Z,2026-08-21T00:00:00Z,2026-08-27T00:00:00Z,144,spectrum,coronado_north,1.099,5m,5.0,1.099,1.196,1.498,15.6,204.0,recomputed
2026-08-21T05:30:00Z,2026-08-21T00:00:00Z,2026-08-27T00:00:00Z,144,spectrum,coronado_center,0.676,5m,5.0,0.676,1.235,1.498,15.6,225.0,recomputed
2026-08-21T05:30:00Z,2026-08-21T00:00:00Z,2026-08-27T00:00:00Z,144,spectrum,coronado_south,0.758,5m,5.0,0.758,1.226,1.498,11.9,196.0,recomputed
2026-08-21T05:30:00Z,2026-08-21T00:00:00Z,2026-08-27T03:00:00Z,147,spectrum,buoy,1.474,buoy,,,,1.474,12.7,188.0,recomputed
2026-08-21T05:30:00Z,2026-08-21T00:00:00Z,2026-08-27T03:00:00Z,147,spectrum,coronado_north,1.139,5m,5.0,1.139,1.189,1.474,15.6,205.0,recomputed
2026-08-21T05:30:00Z,2026-08-21T00:00:00Z,2026-08-27T03:00:00Z,147,spectrum,coronado_center,0.67,5m,5.0,0.67,1.224,1.474,15.6,225.0,recomputed
2026-08-21T05:30:00Z,2026-08-21T00:00:00Z,2026-08-27T03:00:00Z,147,spectrum,coronado_south,0.731,5m,5.0,0.731,1.21,1.474,11.9,197.0,recomputed
2026-08-21T05:30:00Z,2026-08-21T00:00:00Z,2026-08-27T06:00:00Z,150,spectrum,buoy,1.46,buoy,,,,1.46,12.7,191.0,recomputed
2026-08-21T05:30:00Z,2026-08-21T00:00:00Z,2026-08-27T06:00:00Z,150,spectrum,coronado_north,1.189,5m,5.0,1.189,1.189,1.46,15.6,206.0,recomputed
2026-08-21T05:30:00Z,2026-08-21T00:00:00Z,2026-08-27T06:00:00Z,150,spectrum,coronado_center,0.669,5m,5.0,0.669,1.22,1.46,15.6,226.0,recomputed
2026-08-21T05:30:00Z,2026-08-21T00:00:00Z,2026-08-27T06:00:00Z,150,spectrum,coronado_south,0.711,5m,5.0,0.711,1.199,1.46,11.9,202.0,recomputed
2026-08-21T05:30:00Z,2026-08-21T00:00:00Z,2026-08-27T09:00:00Z,153,spectrum,buoy,1.457,buoy,,,,1.457,12.7,194.0,recomputed
2026-08-21T05:30:00Z,2026-08-21T00:00:00Z,2026-08-27T09:00:00Z,153,spectrum,coronado_north,1.244,5m,5.0,1.244,1.197,1.457,14.5,207.0,recomputed
2026-08-21T05:30:00Z,2026-08-21T00:00:00Z,2026-08-27T09:00:00Z,153,spectrum,coronado_center,0.7,5m,5.0,0.7,1.223,1.457,14.5,226.0,recomputed
2026-08-21T05:30:00Z,2026-08-21T00:00:00Z,2026-08-27T09:00:00Z,153,spectrum,coronado_south,0.722,5m,5.0,0.722,1.195,1.457,11.9,203.0,recomputed
2026-08-21T05:30:00Z,2026-08-21T00:00:00Z,2026-08-27T12:00:00Z,156,spectrum,buoy,1.456,buoy,,,,1.456,12.7,197.0,recomputed
2026-08-21T05:30:00Z,2026-08-21T00:00:00Z,2026-08-27T12:00:00Z,156,spectrum,coronado_north,1.334,5m,5.0,1.334,1.203,1.456,13.6,208.0,recomputed
2026-08-21T05:30:00Z,2026-08-21T00:00:00Z,2026-08-27T12:00:00Z,156,spectrum,coronado_center,0.734,5m,5.0,0.734,1.224,1.456,14.5,226.0,recomputed
2026-08-21T05:30:00Z,2026-08-21T00:00:00Z,2026-08-27T12:00:00Z,156,spectrum,coronado_south,0.748,5m,5.0,0.748,1.192,1.456,11.9,204.0,recomputed
2026-08-21T05:30:00Z,2026-08-21T00:00:00Z,2026-08-27T15:00:00Z,159,spectrum,buoy,1.464,buoy,,,,1.464,12.7,201.0,recomputed
2026-08-21T05:30:00Z,2026-08-21T00:00:00Z,2026-08-27T15:00:00Z,159,spectrum,coronado_north,1.331,5m,5.0,1.331,1.201,1.464,13.6,209.0,recomputed
2026-08-21T05:30:00Z,2026-08-21T00:00:00Z,2026-08-27T15:00:00Z,159,spectrum,coronado_center,0.677,5m,5.0,0.677,1.219,1.464,14.5,226.0,recomputed
2026-08-21T05:30:00Z,2026-08-21T00:00:00Z,2026-08-27T15:00:00Z,159,spectrum,coronado_south,0.757,5m,5.0,0.757,1.184,1.464,12.7,206.0,recomputed
2026-08-21T05:30:00Z,2026-08-21T00:00:00Z,2026-08-27T18:00:00Z,162,spectrum,buoy,1.481,buoy,,,,1.481,12.7,204.0,recomputed
2026-08-21T05:30:00Z,2026-08-21T00:00:00Z,2026-08-27T18:00:00Z,162,spectrum,coronado_north,1.382,5m,5.0,1.382,1.208,1.481,13.6,210.0,recomputed
2026-08-21T05:30:00Z,2026-08-21T00:00:00Z,2026-08-27T18:00:00Z,162,spectrum,coronado_center,0.719,5m,5.0,0.719,1.221,1.481,14.5,221.0,recomputed
2026-08-21T05:30:00Z,2026-08-21T00:00:00Z,2026-08-27T18:00:00Z,162,spectrum,coronado_south,0.73,5m,5.0,0.73,1.186,1.481,12.7,207.0,recomputed
2026-08-21T05:30:00Z,2026-08-21T00:00:00Z,2026-08-27T21:00:00Z,165,spectrum,buoy,1.439,buoy,,,,1.439,12.7,205.0,recomputed
2026-08-21T05:30:00Z,2026-08-21T00:00:00Z,2026-08-27T21:00:00Z,165,spectrum,coronado_north,1.406,5m,5.0,1.406,1.191,1.439,13.6,211.0,recomputed
2026-08-21T05:30:00Z,2026-08-21T00:00:00Z,2026-08-27T21:00:00Z,165,spectrum,coronado_center,0.694,5m,5.0,0.694,1.201,1.439,14.5,221.0,recomputed
2026-08-21T05:30:00Z,2026-08-21T00:00:00Z,2026-08-27T21:00:00Z,165,spectrum,coronado_south,0.692,5m,5.0,0.692,1.167,1.439,12.7,208.0,recomputed
2026-08-21T05:30:00Z,2026-08-21T00:00:00Z,2026-08-28T00:00:00Z,168,spectrum,buoy,1.403,buoy,,,,1.403,11.9,202.0,recomputed
2026-08-21T05:30:00Z,2026-08-21T00:00:00Z,2026-08-28T00:00:00Z,168,spectrum,coronado_north,1.438,5m,5.0,1.438,1.178,1.403,13.6,212.0,recomputed
2026-08-21T05:30:00Z,2026-08-21T00:00:00Z,2026-08-28T00:00:00Z,168,spectrum,coronado_center,0.682,5m,5.0,0.682,1.185,1.403,14.5,222.0,recomputed
2026-08-21T05:30:00Z,2026-08-21T00:00:00Z,2026-08-28T00:00:00Z,168,spectrum,coronado_south,0.663,5m,5.0,0.663,1.154,1.403,11.9,209.0,recomputed
2026-08-22T05:30:00Z,2026-08-22T00:00:00Z,2026-08-22T00:00:00Z,0,spectrum,buoy,0.725,buoy,,,,0.725,13.6,200.0,recomputed
2026-08-22T05:30:00Z,2026-08-22T00:00:00Z,2026-08-22T00:00:00Z,0,spectrum,coronado_north,0.607,5m,5.0,0.607,0.48,0.725,13.6,214.0,recomputed
2026-08-22T05:30:00Z,2026-08-22T00:00:00Z,2026-08-22T00:00:00Z,0,spectrum,coronado_center,0.418,5m,5.0,0.418,0.497,0.725,13.6,232.0,recomputed
2026-08-22T05:30:00Z,2026-08-22T00:00:00Z,2026-08-22T00:00:00Z,0,spectrum,coronado_south,0.381,5m,5.0,0.381,0.507,0.725,11.9,246.0,recomputed
2026-08-22T05:30:00Z,2026-08-22T00:00:00Z,2026-08-22T03:00:00Z,3,spectrum,buoy,0.725,buoy,,,,0.725,12.7,200.0,recomputed
2026-08-22T05:30:00Z,2026-08-22T00:00:00Z,2026-08-22T03:00:00Z,3,spectrum,coronado_north,0.596,5m,5.0,0.596,0.48,0.725,13.6,213.0,recomputed
2026-08-22T05:30:00Z,2026-08-22T00:00:00Z,2026-08-22T03:00:00Z,3,spectrum,coronado_center,0.405,5m,5.0,0.405,0.5,0.725,13.6,233.0,recomputed
2026-08-22T05:30:00Z,2026-08-22T00:00:00Z,2026-08-22T03:00:00Z,3,spectrum,coronado_south,0.373,5m,5.0,0.373,0.512,0.725,12.7,244.0,recomputed
2026-08-22T05:30:00Z,2026-08-22T00:00:00Z,2026-08-22T06:00:00Z,6,spectrum,buoy,0.732,buoy,,,,0.732,12.7,198.0,recomputed
2026-08-22T05:30:00Z,2026-08-22T00:00:00Z,2026-08-22T06:00:00Z,6,spectrum,coronado_north,0.59,5m,5.0,0.59,0.485,0.732,13.6,213.0,recomputed
2026-08-22T05:30:00Z,2026-08-22T00:00:00Z,2026-08-22T06:00:00Z,6,spectrum,coronado_center,0.411,5m,5.0,0.411,0.508,0.732,13.6,232.0,recomputed
2026-08-22T05:30:00Z,2026-08-22T00:00:00Z,2026-08-22T06:00:00Z,6,spectrum,coronado_south,0.386,5m,5.0,0.386,0.524,0.732,4.0,249.0,recomputed
2026-08-22T05:30:00Z,2026-08-22T00:00:00Z,2026-08-22T09:00:00Z,9,spectrum,buoy,0.734,buoy,,,,0.734,12.7,197.0,recomputed
2026-08-22T05:30:00Z,2026-08-22T00:00:00Z,2026-08-22T09:00:00Z,9,spectrum,coronado_north,0.592,5m,5.0,0.592,0.487,0.734,12.7,213.0,recomputed
2026-08-22T05:30:00Z,2026-08-22T00:00:00Z,2026-08-22T09:00:00Z,9,spectrum,coronado_center,0.409,5m,5.0,0.409,0.509,0.734,13.6,230.0,recomputed
2026-08-22T05:30:00Z,2026-08-22T00:00:00Z,2026-08-22T09:00:00Z,9,spectrum,coronado_south,0.378,5m,5.0,0.378,0.526,0.734,12.7,227.0,recomputed
2026-08-22T05:30:00Z,2026-08-22T00:00:00Z,2026-08-22T12:00:00Z,12,spectrum,buoy,0.726,buoy,,,,0.726,12.7,197.0,recomputed
2026-08-22T05:30:00Z,2026-08-22T00:00:00Z,2026-08-22T12:00:00Z,12,spectrum,coronado_north,0.59,5m,5.0,0.59,0.483,0.726,12.7,213.0,recomputed
2026-08-22T05:30:00Z,2026-08-22T00:00:00Z,2026-08-22T12:00:00Z,12,spectrum,coronado_center,0.407,5m,5.0,0.407,0.503,0.726,13.6,231.0,recomputed
2026-08-22T05:30:00Z,2026-08-22T00:00:00Z,2026-08-22T12:00:00Z,12,spectrum,coronado_south,0.373,5m,5.0,0.373,0.517,0.726,11.9,225.0,recomputed
2026-08-22T05:30:00Z,2026-08-22T00:00:00Z,2026-08-22T15:00:00Z,15,spectrum,buoy,0.718,buoy,,,,0.718,12.7,198.0,recomputed
2026-08-22T05:30:00Z,2026-08-22T00:00:00Z,2026-08-22T15:00:00Z,15,spectrum,coronado_north,0.587,5m,5.0,0.587,0.48,0.718,12.7,213.0,recomputed
2026-08-22T05:30:00Z,2026-08-22T00:00:00Z,2026-08-22T15:00:00Z,15,spectrum,coronado_center,0.406,5m,5.0,0.406,0.499,0.718,17.8,227.0,recomputed
2026-08-22T05:30:00Z,2026-08-22T00:00:00Z,2026-08-22T15:00:00Z,15,spectrum,coronado_south,0.366,5m,5.0,0.366,0.511,0.718,11.9,223.0,recomputed
2026-08-22T05:30:00Z,2026-08-22T00:00:00Z,2026-08-22T18:00:00Z,18,spectrum,buoy,0.727,buoy,,,,0.727,12.7,199.0,recomputed
2026-08-22T05:30:00Z,2026-08-22T00:00:00Z,2026-08-22T18:00:00Z,18,spectrum,coronado_north,0.585,5m,5.0,0.585,0.479,0.727,12.7,212.0,recomputed
2026-08-22T05:30:00Z,2026-08-22T00:00:00Z,2026-08-22T18:00:00Z,18,spectrum,coronado_center,0.408,5m,5.0,0.408,0.498,0.727,16.6,227.0,recomputed
2026-08-22T05:30:00Z,2026-08-22T00:00:00Z,2026-08-22T18:00:00Z,18,spectrum,coronado_south,0.374,5m,5.0,0.374,0.509,0.727,11.9,238.0,recomputed
2026-08-22T05:30:00Z,2026-08-22T00:00:00Z,2026-08-22T21:00:00Z,21,spectrum,buoy,0.733,buoy,,,,0.733,11.9,198.0,recomputed
2026-08-22T05:30:00Z,2026-08-22T00:00:00Z,2026-08-22T21:00:00Z,21,spectrum,coronado_north,0.578,5m,5.0,0.578,0.477,0.733,12.7,213.0,recomputed
2026-08-22T05:30:00Z,2026-08-22T00:00:00Z,2026-08-22T21:00:00Z,21,spectrum,coronado_center,0.408,5m,5.0,0.408,0.496,0.733,16.6,229.0,recomputed
2026-08-22T05:30:00Z,2026-08-22T00:00:00Z,2026-08-22T21:00:00Z,21,spectrum,coronado_south,0.38,5m,5.0,0.38,0.508,0.733,11.9,238.0,recomputed
2026-08-22T05:30:00Z,2026-08-22T00:00:00Z,2026-08-23T00:00:00Z,24,spectrum,buoy,0.733,buoy,,,,0.733,14.5,195.0,recomputed
2026-08-22T05:30:00Z,2026-08-22T00:00:00Z,2026-08-23T00:00:00Z,24,spectrum,coronado_north,0.578,5m,5.0,0.578,0.479,0.733,14.5,214.0,recomputed
2026-08-22T05:30:00Z,2026-08-22T00:00:00Z,2026-08-23T00:00:00Z,24,spectrum,coronado_center,0.406,5m,5.0,0.406,0.499,0.733,16.6,229.0,recomputed
2026-08-22T05:30:00Z,2026-08-22T00:00:00Z,2026-08-23T00:00:00Z,24,spectrum,coronado_south,0.374,5m,5.0,0.374,0.512,0.733,11.9,242.0,recomputed
2026-08-22T05:30:00Z,2026-08-22T00:00:00Z,2026-08-23T03:00:00Z,27,spectrum,buoy,0.748,buoy,,,,0.748,14.5,194.0,recomputed
2026-08-22T05:30:00Z,2026-08-22T00:00:00Z,2026-08-23T03:00:00Z,27,spectrum,coronado_north,0.585,5m,5.0,0.585,0.487,0.748,14.5,214.0,recomputed
2026-08-22T05:30:00Z,2026-08-22T00:00:00Z,2026-08-23T03:00:00Z,27,spectrum,coronado_center,0.42,5m,5.0,0.42,0.509,0.748,16.6,228.0,recomputed
2026-08-22T05:30:00Z,2026-08-22T00:00:00Z,2026-08-23T03:00:00Z,27,spectrum,coronado_south,0.384,5m,5.0,0.384,0.523,0.748,3.5,251.0,recomputed
2026-08-22T05:30:00Z,2026-08-22T00:00:00Z,2026-08-23T06:00:00Z,30,spectrum,buoy,0.769,buoy,,,,0.769,14.5,194.0,recomputed
2026-08-22T05:30:00Z,2026-08-22T00:00:00Z,2026-08-23T06:00:00Z,30,spectrum,coronado_north,0.591,5m,5.0,0.591,0.494,0.769,14.5,211.0,recomputed
2026-08-22T05:30:00Z,2026-08-22T00:00:00Z,2026-08-23T06:00:00Z,30,spectrum,coronado_center,0.425,5m,5.0,0.425,0.518,0.769,16.6,226.0,recomputed
2026-08-22T05:30:00Z,2026-08-22T00:00:00Z,2026-08-23T06:00:00Z,30,spectrum,coronado_south,0.395,5m,5.0,0.395,0.538,0.769,4.3,250.0,recomputed
2026-08-22T05:30:00Z,2026-08-22T00:00:00Z,2026-08-23T09:00:00Z,33,spectrum,buoy,0.791,buoy,,,,0.791,14.5,194.0,recomputed
2026-08-22T05:30:00Z,2026-08-22T00:00:00Z,2026-08-23T09:00:00Z,33,spectrum,coronado_north,0.594,5m,5.0,0.594,0.497,0.791,14.5,211.0,recomputed
2026-08-22T05:30:00Z,2026-08-22T00:00:00Z,2026-08-23T09:00:00Z,33,spectrum,coronado_center,0.426,5m,5.0,0.426,0.522,0.791,16.6,226.0,recomputed
2026-08-22T05:30:00Z,2026-08-22T00:00:00Z,2026-08-23T09:00:00Z,33,spectrum,coronado_south,0.385,5m,5.0,0.385,0.544,0.791,4.6,251.0,recomputed
2026-08-22T05:30:00Z,2026-08-22T00:00:00Z,2026-08-23T12:00:00Z,36,spectrum,buoy,0.794,buoy,,,,0.794,14.5,194.0,recomputed
2026-08-22T05:30:00Z,2026-08-22T00:00:00Z,2026-08-23T12:00:00Z,36,spectrum,coronado_north,0.597,5m,5.0,0.597,0.501,0.794,14.5,213.0,recomputed
2026-08-22T05:30:00Z,2026-08-22T00:00:00Z,2026-08-23T12:00:00Z,36,spectrum,coronado_center,0.428,5m,5.0,0.428,0.524,0.794,16.6,226.0,recomputed
2026-08-22T05:30:00Z,2026-08-22T00:00:00Z,2026-08-23T12:00:00Z,36,spectrum,coronado_south,0.386,5m,5.0,0.386,0.545,0.794,4.6,252.0,recomputed
2026-08-22T05:30:00Z,2026-08-22T00:00:00Z,2026-08-23T15:00:00Z,39,spectrum,buoy,0.797,buoy,,,,0.797,13.6,193.0,recomputed
2026-08-22T05:30:00Z,2026-08-22T00:00:00Z,2026-08-23T15:00:00Z,39,spectrum,coronado_north,0.61,5m,5.0,0.61,0.509,0.797,14.5,211.0,recomputed
2026-08-22T05:30:00Z,2026-08-22T00:00:00Z,2026-08-23T15:00:00Z,39,spectrum,coronado_center,0.437,5m,5.0,0.437,0.531,0.797,19.0,227.0,recomputed
2026-08-22T05:30:00Z,2026-08-22T00:00:00Z,2026-08-23T15:00:00Z,39,spectrum,coronado_south,0.386,5m,5.0,0.386,0.549,0.797,4.6,253.0,recomputed
2026-08-22T05:30:00Z,2026-08-22T00:00:00Z,2026-08-23T18:00:00Z,42,spectrum,buoy,0.822,buoy,,,,0.822,13.6,193.0,recomputed
2026-08-22T05:30:00Z,2026-08-22T00:00:00Z,2026-08-23T18:00:00Z,42,spectrum,coronado_north,0.629,5m,5.0,0.629,0.519,0.822,13.6,211.0,recomputed
2026-08-22T05:30:00Z,2026-08-22T00:00:00Z,2026-08-23T18:00:00Z,42,spectrum,coronado_center,0.459,5m,5.0,0.459,0.54,0.822,19.0,227.0,recomputed
2026-08-22T05:30:00Z,2026-08-22T00:00:00Z,2026-08-23T18:00:00Z,42,spectrum,coronado_south,0.411,5m,5.0,0.411,0.556,0.822,5.6,255.0,recomputed
2026-08-22T05:30:00Z,2026-08-22T00:00:00Z,2026-08-23T21:00:00Z,45,spectrum,buoy,0.843,buoy,,,,0.843,13.6,193.0,recomputed
2026-08-22T05:30:00Z,2026-08-22T00:00:00Z,2026-08-23T21:00:00Z,45,spectrum,coronado_north,0.641,5m,5.0,0.641,0.528,0.843,13.6,214.0,recomputed
2026-08-22T05:30:00Z,2026-08-22T00:00:00Z,2026-08-23T21:00:00Z,45,spectrum,coronado_center,0.459,5m,5.0,0.459,0.551,0.843,19.0,227.0,recomputed
2026-08-22T05:30:00Z,2026-08-22T00:00:00Z,2026-08-23T21:00:00Z,45,spectrum,coronado_south,0.403,5m,5.0,0.403,0.569,0.843,3.5,254.0,recomputed
2026-08-22T05:30:00Z,2026-08-22T00:00:00Z,2026-08-24T00:00:00Z,48,spectrum,buoy,0.861,buoy,,,,0.861,13.6,193.0,recomputed
2026-08-22T05:30:00Z,2026-08-22T00:00:00Z,2026-08-24T00:00:00Z,48,spectrum,coronado_north,0.645,5m,5.0,0.645,0.536,0.861,15.6,217.0,recomputed
2026-08-22T05:30:00Z,2026-08-22T00:00:00Z,2026-08-24T00:00:00Z,48,spectrum,coronado_center,0.466,5m,5.0,0.466,0.562,0.861,19.0,226.0,recomputed
2026-08-22T05:30:00Z,2026-08-22T00:00:00Z,2026-08-24T00:00:00Z,48,spectrum,coronado_south,0.402,5m,5.0,0.402,0.585,0.861,4.3,252.0,recomputed
2026-08-22T05:30:00Z,2026-08-22T00:00:00Z,2026-08-24T03:00:00Z,51,spectrum,buoy,0.909,buoy,,,,0.909,13.6,193.0,recomputed
2026-08-22T05:30:00Z,2026-08-22T00:00:00Z,2026-08-24T03:00:00Z,51,spectrum,coronado_north,0.656,5m,5.0,0.656,0.548,0.909,13.6,214.0,recomputed
2026-08-22T05:30:00Z,2026-08-22T00:00:00Z,2026-08-24T03:00:00Z,51,spectrum,coronado_center,0.482,5m,5.0,0.482,0.58,0.909,17.8,226.0,recomputed
2026-08-22T05:30:00Z,2026-08-22T00:00:00Z,2026-08-24T03:00:00Z,51,spectrum,coronado_south,0.432,5m,5.0,0.432,0.611,0.909,4.6,251.0,recomputed
2026-08-22T05:30:00Z,2026-08-22T00:00:00Z,2026-08-24T06:00:00Z,54,spectrum,buoy,0.951,buoy,,,,0.951,13.6,194.0,recomputed
2026-08-22T05:30:00Z,2026-08-22T00:00:00Z,2026-08-24T06:00:00Z,54,spectrum,coronado_north,0.672,5m,5.0,0.672,0.56,0.951,13.6,211.0,recomputed
2026-08-22T05:30:00Z,2026-08-22T00:00:00Z,2026-08-24T06:00:00Z,54,spectrum,coronado_center,0.498,5m,5.0,0.498,0.594,0.951,17.8,226.0,recomputed
2026-08-22T05:30:00Z,2026-08-22T00:00:00Z,2026-08-24T06:00:00Z,54,spectrum,coronado_south,0.469,5m,5.0,0.469,0.63,0.951,4.6,252.0,recomputed
2026-08-22T05:30:00Z,2026-08-22T00:00:00Z,2026-08-24T09:00:00Z,57,spectrum,buoy,0.935,buoy,,,,0.935,14.5,190.0,recomputed
2026-08-22T05:30:00Z,2026-08-22T00:00:00Z,2026-08-24T09:00:00Z,57,spectrum,coronado_north,0.687,5m,5.0,0.687,0.568,0.935,13.6,211.0,recomputed
2026-08-22T05:30:00Z,2026-08-22T00:00:00Z,2026-08-24T09:00:00Z,57,spectrum,coronado_center,0.503,5m,5.0,0.503,0.596,0.935,17.8,225.0,recomputed
2026-08-22T05:30:00Z,2026-08-22T00:00:00Z,2026-08-24T09:00:00Z,57,spectrum,coronado_south,0.441,5m,5.0,0.441,0.627,0.935,4.9,253.0,recomputed
2026-08-22T05:30:00Z,2026-08-22T00:00:00Z,2026-08-24T12:00:00Z,60,spectrum,buoy,0.896,buoy,,,,0.896,14.5,189.0,recomputed
2026-08-22T05:30:00Z,2026-08-22T00:00:00Z,2026-08-24T12:00:00Z,60,spectrum,coronado_north,0.696,5m,5.0,0.696,0.572,0.896,17.8,215.0,recomputed
2026-08-22T05:30:00Z,2026-08-22T00:00:00Z,2026-08-24T12:00:00Z,60,spectrum,coronado_center,0.509,5m,5.0,0.509,0.596,0.896,17.8,225.0,recomputed
2026-08-22T05:30:00Z,2026-08-22T00:00:00Z,2026-08-24T12:00:00Z,60,spectrum,coronado_south,0.438,5m,5.0,0.438,0.618,0.896,4.9,253.0,recomputed
2026-08-22T05:30:00Z,2026-08-22T00:00:00Z,2026-08-24T15:00:00Z,63,spectrum,buoy,0.867,buoy,,,,0.867,14.5,189.0,recomputed
2026-08-22T05:30:00Z,2026-08-22T00:00:00Z,2026-08-24T15:00:00Z,63,spectrum,coronado_north,0.698,5m,5.0,0.698,0.572,0.867,17.8,215.0,recomputed
2026-08-22T05:30:00Z,2026-08-22T00:00:00Z,2026-08-24T15:00:00Z,63,spectrum,coronado_center,0.503,5m,5.0,0.503,0.594,0.867,17.8,225.0,recomputed
2026-08-22T05:30:00Z,2026-08-22T00:00:00Z,2026-08-24T15:00:00Z,63,spectrum,coronado_south,0.411,5m,5.0,0.411,0.61,0.867,5.3,253.0,recomputed
2026-08-22T05:30:00Z,2026-08-22T00:00:00Z,2026-08-24T18:00:00Z,66,spectrum,buoy,0.832,buoy,,,,0.832,12.7,194.0,recomputed
2026-08-22T05:30:00Z,2026-08-22T00:00:00Z,2026-08-24T18:00:00Z,66,spectrum,coronado_north,0.697,5m,5.0,0.697,0.574,0.832,12.7,215.0,recomputed
2026-08-22T05:30:00Z,2026-08-22T00:00:00Z,2026-08-24T18:00:00Z,66,spectrum,coronado_center,0.501,5m,5.0,0.501,0.595,0.832,16.6,225.0,recomputed
2026-08-22T05:30:00Z,2026-08-22T00:00:00Z,2026-08-24T18:00:00Z,66,spectrum,coronado_south,0.398,5m,5.0,0.398,0.606,0.832,4.6,252.0,recomputed
2026-08-22T05:30:00Z,2026-08-22T00:00:00Z,2026-08-24T21:00:00Z,69,spectrum,buoy,0.817,buoy,,,,0.817,13.6,189.0,recomputed
2026-08-22T05:30:00Z,2026-08-22T00:00:00Z,2026-08-24T21:00:00Z,69,spectrum,coronado_north,0.697,5m,5.0,0.697,0.581,0.817,12.7,215.0,recomputed
2026-08-22T05:30:00Z,2026-08-22T00:00:00Z,2026-08-24T21:00:00Z,69,spectrum,coronado_center,0.502,5m,5.0,0.502,0.601,0.817,16.6,225.0,recomputed
2026-08-22T05:30:00Z,2026-08-22T00:00:00Z,2026-08-24T21:00:00Z,69,spectrum,coronado_south,0.393,5m,5.0,0.393,0.61,0.817,12.7,205.0,recomputed
2026-08-22T05:30:00Z,2026-08-22T00:00:00Z,2026-08-25T00:00:00Z,72,spectrum,buoy,0.804,buoy,,,,0.804,13.6,188.0,recomputed
2026-08-22T05:30:00Z,2026-08-22T00:00:00Z,2026-08-25T00:00:00Z,72,spectrum,coronado_north,0.704,5m,5.0,0.704,0.59,0.804,16.6,220.0,recomputed
2026-08-22T05:30:00Z,2026-08-22T00:00:00Z,2026-08-25T00:00:00Z,72,spectrum,coronado_center,0.509,5m,5.0,0.509,0.608,0.804,16.6,225.0,recomputed
2026-08-22T05:30:00Z,2026-08-22T00:00:00Z,2026-08-25T00:00:00Z,72,spectrum,coronado_south,0.389,5m,5.0,0.389,0.614,0.804,12.7,203.0,recomputed
2026-08-22T05:30:00Z,2026-08-22T00:00:00Z,2026-08-25T03:00:00Z,75,spectrum,buoy,0.789,buoy,,,,0.789,13.6,188.0,recomputed
2026-08-22T05:30:00Z,2026-08-22T00:00:00Z,2026-08-25T03:00:00Z,75,spectrum,coronado_north,0.712,5m,5.0,0.712,0.593,0.789,16.6,221.0,recomputed
2026-08-22T05:30:00Z,2026-08-22T00:00:00Z,2026-08-25T03:00:00Z,75,spectrum,coronado_center,0.518,5m,5.0,0.518,0.611,0.789,16.6,225.0,recomputed
2026-08-22T05:30:00Z,2026-08-22T00:00:00Z,2026-08-25T03:00:00Z,75,spectrum,coronado_south,0.388,5m,5.0,0.388,0.615,0.789,12.7,202.0,recomputed
2026-08-22T05:30:00Z,2026-08-22T00:00:00Z,2026-08-25T06:00:00Z,78,spectrum,buoy,0.777,buoy,,,,0.777,13.6,188.0,recomputed
2026-08-22T05:30:00Z,2026-08-22T00:00:00Z,2026-08-25T06:00:00Z,78,spectrum,coronado_north,0.707,5m,5.0,0.707,0.592,0.777,16.6,221.0,recomputed
2026-08-22T05:30:00Z,2026-08-22T00:00:00Z,2026-08-25T06:00:00Z,78,spectrum,coronado_center,0.511,5m,5.0,0.511,0.609,0.777,16.6,225.0,recomputed
2026-08-22T05:30:00Z,2026-08-22T00:00:00Z,2026-08-25T06:00:00Z,78,spectrum,coronado_south,0.376,5m,5.0,0.376,0.612,0.777,11.9,202.0,recomputed
2026-08-22T05:30:00Z,2026-08-22T00:00:00Z,2026-08-25T09:00:00Z,81,spectrum,buoy,0.768,buoy,,,,0.768,13.6,188.0,recomputed
2026-08-22T05:30:00Z,2026-08-22T00:00:00Z,2026-08-25T09:00:00Z,81,spectrum,coronado_north,0.699,5m,5.0,0.699,0.587,0.768,16.6,216.0,recomputed
2026-08-22T05:30:00Z,2026-08-22T00:00:00Z,2026-08-25T09:00:00Z,81,spectrum,coronado_center,0.503,5m,5.0,0.503,0.603,0.768,16.6,225.0,recomputed
2026-08-22T05:30:00Z,2026-08-22T00:00:00Z,2026-08-25T09:00:00Z,81,spectrum,coronado_south,0.377,5m,5.0,0.377,0.606,0.768,11.9,202.0,recomputed
2026-08-22T05:30:00Z,2026-08-22T00:00:00Z,2026-08-25T12:00:00Z,84,spectrum,buoy,0.765,buoy,,,,0.765,12.7,189.0,recomputed
2026-08-22T05:30:00Z,2026-08-22T00:00:00Z,2026-08-25T12:00:00Z,84,spectrum,coronado_north,0.687,5m,5.0,0.687,0.58,0.765,16.6,216.0,recomputed
2026-08-22T05:30:00Z,2026-08-22T00:00:00Z,2026-08-25T12:00:00Z,84,spectrum,coronado_center,0.499,5m,5.0,0.499,0.595,0.765,16.6,224.0,recomputed
2026-08-22T05:30:00Z,2026-08-22T00:00:00Z,2026-08-25T12:00:00Z,84,spectrum,coronado_south,0.378,5m,5.0,0.378,0.597,0.765,12.7,207.0,recomputed
2026-08-22T05:30:00Z,2026-08-22T00:00:00Z,2026-08-25T15:00:00Z,87,spectrum,buoy,0.771,buoy,,,,0.771,12.7,186.0,recomputed
2026-08-22T05:30:00Z,2026-08-22T00:00:00Z,2026-08-25T15:00:00Z,87,spectrum,coronado_north,0.679,5m,5.0,0.679,0.578,0.771,15.6,216.0,recomputed
2026-08-22T05:30:00Z,2026-08-22T00:00:00Z,2026-08-25T15:00:00Z,87,spectrum,coronado_center,0.493,5m,5.0,0.493,0.592,0.771,16.6,224.0,recomputed
2026-08-22T05:30:00Z,2026-08-22T00:00:00Z,2026-08-25T15:00:00Z,87,spectrum,coronado_south,0.374,5m,5.0,0.374,0.594,0.771,12.7,207.0,recomputed
2026-08-22T05:30:00Z,2026-08-22T00:00:00Z,2026-08-25T18:00:00Z,90,spectrum,buoy,0.784,buoy,,,,0.784,12.7,184.0,recomputed
2026-08-22T05:30:00Z,2026-08-22T00:00:00Z,2026-08-25T18:00:00Z,90,spectrum,coronado_north,0.677,5m,5.0,0.677,0.586,0.784,15.6,216.0,recomputed
2026-08-22T05:30:00Z,2026-08-22T00:00:00Z,2026-08-25T18:00:00Z,90,spectrum,coronado_center,0.502,5m,5.0,0.502,0.6,0.784,16.6,223.0,recomputed
2026-08-22T05:30:00Z,2026-08-22T00:00:00Z,2026-08-25T18:00:00Z,90,spectrum,coronado_south,0.386,5m,5.0,0.386,0.599,0.784,12.7,206.0,recomputed
2026-08-22T05:30:00Z,2026-08-22T00:00:00Z,2026-08-25T21:00:00Z,93,spectrum,buoy,0.812,buoy,,,,0.812,12.7,184.0,recomputed
2026-08-22T05:30:00Z,2026-08-22T00:00:00Z,2026-08-25T21:00:00Z,93,spectrum,coronado_north,0.679,5m,5.0,0.679,0.605,0.812,15.6,216.0,recomputed
2026-08-22T05:30:00Z,2026-08-22T00:00:00Z,2026-08-25T21:00:00Z,93,spectrum,coronado_center,0.518,5m,5.0,0.518,0.617,0.812,16.6,222.0,recomputed
2026-08-22T05:30:00Z,2026-08-22T00:00:00Z,2026-08-25T21:00:00Z,93,spectrum,coronado_south,0.413,5m,5.0,0.413,0.615,0.812,11.9,194.0,recomputed
2026-08-22T05:30:00Z,2026-08-22T00:00:00Z,2026-08-26T00:00:00Z,96,spectrum,buoy,0.863,buoy,,,,0.863,12.7,182.0,recomputed
2026-08-22T05:30:00Z,2026-08-22T00:00:00Z,2026-08-26T00:00:00Z,96,spectrum,coronado_north,0.678,5m,5.0,0.678,0.635,0.863,15.6,216.0,recomputed
2026-08-22T05:30:00Z,2026-08-22T00:00:00Z,2026-08-26T00:00:00Z,96,spectrum,coronado_center,0.525,5m,5.0,0.525,0.646,0.863,16.6,221.0,recomputed
2026-08-22T05:30:00Z,2026-08-22T00:00:00Z,2026-08-26T00:00:00Z,96,spectrum,coronado_south,0.414,5m,5.0,0.414,0.644,0.863,11.9,191.0,recomputed
2026-08-22T05:30:00Z,2026-08-22T00:00:00Z,2026-08-26T03:00:00Z,99,spectrum,buoy,0.933,buoy,,,,0.933,12.7,182.0,recomputed
2026-08-22T05:30:00Z,2026-08-22T00:00:00Z,2026-08-26T03:00:00Z,99,spectrum,coronado_north,0.683,5m,5.0,0.683,0.678,0.933,15.6,215.0,recomputed
2026-08-22T05:30:00Z,2026-08-22T00:00:00Z,2026-08-26T03:00:00Z,99,spectrum,coronado_center,0.546,5m,5.0,0.546,0.69,0.933,16.6,228.0,recomputed
2026-08-22T05:30:00Z,2026-08-22T00:00:00Z,2026-08-26T03:00:00Z,99,spectrum,coronado_south,0.455,5m,5.0,0.455,0.69,0.933,11.9,190.0,recomputed
2026-08-22T05:30:00Z,2026-08-22T00:00:00Z,2026-08-26T06:00:00Z,102,spectrum,buoy,1.029,buoy,,,,1.029,12.7,180.0,recomputed
2026-08-22T05:30:00Z,2026-08-22T00:00:00Z,2026-08-26T06:00:00Z,102,spectrum,coronado_north,0.718,5m,5.0,0.718,0.76,1.029,16.6,212.0,recomputed
2026-08-22T05:30:00Z,2026-08-22T00:00:00Z,2026-08-26T06:00:00Z,102,spectrum,coronado_center,0.562,5m,5.0,0.562,0.773,1.029,16.6,226.0,recomputed
2026-08-22T05:30:00Z,2026-08-22T00:00:00Z,2026-08-26T06:00:00Z,102,spectrum,coronado_south,0.495,5m,5.0,0.495,0.773,1.029,11.9,192.0,recomputed
2026-08-22T05:30:00Z,2026-08-22T00:00:00Z,2026-08-26T09:00:00Z,105,spectrum,buoy,1.187,buoy,,,,1.187,15.6,189.0,recomputed
2026-08-22T05:30:00Z,2026-08-22T00:00:00Z,2026-08-26T09:00:00Z,105,spectrum,coronado_north,0.806,5m,5.0,0.806,0.917,1.187,16.6,206.0,recomputed
2026-08-22T05:30:00Z,2026-08-22T00:00:00Z,2026-08-26T09:00:00Z,105,spectrum,coronado_center,0.598,5m,5.0,0.598,0.933,1.187,16.6,221.0,recomputed
2026-08-22T05:30:00Z,2026-08-22T00:00:00Z,2026-08-26T09:00:00Z,105,spectrum,coronado_south,0.565,5m,5.0,0.565,0.93,1.187,11.9,189.0,recomputed
2026-08-22T05:30:00Z,2026-08-22T00:00:00Z,2026-08-26T12:00:00Z,108,spectrum,buoy,1.384,buoy,,,,1.384,14.5,180.0,recomputed
2026-08-22T05:30:00Z,2026-08-22T00:00:00Z,2026-08-26T12:00:00Z,108,spectrum,coronado_north,0.871,5m,5.0,0.871,1.103,1.384,16.6,203.0,recomputed
2026-08-22T05:30:00Z,2026-08-22T00:00:00Z,2026-08-26T12:00:00Z,108,spectrum,coronado_center,0.639,5m,5.0,0.639,1.122,1.384,15.6,215.0,recomputed
2026-08-22T05:30:00Z,2026-08-22T00:00:00Z,2026-08-26T12:00:00Z,108,spectrum,coronado_south,0.659,5m,5.0,0.659,1.118,1.384,14.5,186.0,recomputed
2026-08-22T05:30:00Z,2026-08-22T00:00:00Z,2026-08-26T15:00:00Z,111,spectrum,buoy,1.518,buoy,,,,1.518,13.6,177.0,recomputed
2026-08-22T05:30:00Z,2026-08-22T00:00:00Z,2026-08-26T15:00:00Z,111,spectrum,coronado_north,0.876,5m,5.0,0.876,1.226,1.518,15.6,205.0,recomputed
2026-08-22T05:30:00Z,2026-08-22T00:00:00Z,2026-08-26T15:00:00Z,111,spectrum,coronado_center,0.671,5m,5.0,0.671,1.248,1.518,15.6,210.0,recomputed
2026-08-22T05:30:00Z,2026-08-22T00:00:00Z,2026-08-26T15:00:00Z,111,spectrum,coronado_south,0.734,5m,5.0,0.734,1.243,1.518,13.6,187.0,recomputed
2026-08-22T05:30:00Z,2026-08-22T00:00:00Z,2026-08-26T18:00:00Z,114,spectrum,buoy,1.524,buoy,,,,1.524,12.7,177.0,recomputed
2026-08-22T05:30:00Z,2026-08-22T00:00:00Z,2026-08-26T18:00:00Z,114,spectrum,coronado_north,0.86,5m,5.0,0.86,1.239,1.524,15.6,210.0,recomputed
2026-08-22T05:30:00Z,2026-08-22T00:00:00Z,2026-08-26T18:00:00Z,114,spectrum,coronado_center,0.675,5m,5.0,0.675,1.263,1.524,15.6,213.0,recomputed
2026-08-22T05:30:00Z,2026-08-22T00:00:00Z,2026-08-26T18:00:00Z,114,spectrum,coronado_south,0.752,5m,5.0,0.752,1.26,1.524,11.9,197.0,recomputed
2026-08-22T05:30:00Z,2026-08-22T00:00:00Z,2026-08-26T21:00:00Z,117,spectrum,buoy,1.478,buoy,,,,1.478,12.7,178.0,recomputed
2026-08-22T05:30:00Z,2026-08-22T00:00:00Z,2026-08-26T21:00:00Z,117,spectrum,coronado_north,0.879,5m,5.0,0.879,1.202,1.478,12.7,192.0,recomputed
2026-08-22T05:30:00Z,2026-08-22T00:00:00Z,2026-08-26T21:00:00Z,117,spectrum,coronado_center,0.695,5m,5.0,0.695,1.227,1.478,15.6,218.0,recomputed
2026-08-22T05:30:00Z,2026-08-22T00:00:00Z,2026-08-26T21:00:00Z,117,spectrum,coronado_south,0.764,5m,5.0,0.764,1.226,1.478,11.9,196.0,recomputed
2026-08-22T05:30:00Z,2026-08-22T00:00:00Z,2026-08-27T00:00:00Z,120,spectrum,buoy,1.39,buoy,,,,1.39,11.9,178.0,recomputed
2026-08-22T05:30:00Z,2026-08-22T00:00:00Z,2026-08-27T00:00:00Z,120,spectrum,coronado_north,0.859,5m,5.0,0.859,1.129,1.39,12.7,192.0,recomputed
2026-08-22T05:30:00Z,2026-08-22T00:00:00Z,2026-08-27T00:00:00Z,120,spectrum,coronado_center,0.673,5m,5.0,0.673,1.154,1.39,15.6,230.0,recomputed
2026-08-22T05:30:00Z,2026-08-22T00:00:00Z,2026-08-27T00:00:00Z,120,spectrum,coronado_south,0.738,5m,5.0,0.738,1.153,1.39,11.9,196.0,recomputed
2026-08-22T05:30:00Z,2026-08-22T00:00:00Z,2026-08-27T03:00:00Z,123,spectrum,buoy,1.288,buoy,,,,1.288,11.9,179.0,recomputed
2026-08-22T05:30:00Z,2026-08-22T00:00:00Z,2026-08-27T03:00:00Z,123,spectrum,coronado_north,0.809,5m,5.0,0.809,1.048,1.288,11.9,194.0,recomputed
2026-08-22T05:30:00Z,2026-08-22T00:00:00Z,2026-08-27T03:00:00Z,123,spectrum,coronado_center,0.638,5m,5.0,0.638,1.073,1.288,15.6,233.0,recomputed
2026-08-22T05:30:00Z,2026-08-22T00:00:00Z,2026-08-27T03:00:00Z,123,spectrum,coronado_south,0.686,5m,5.0,0.686,1.073,1.288,11.9,198.0,recomputed
2026-08-22T05:30:00Z,2026-08-22T00:00:00Z,2026-08-27T06:00:00Z,126,spectrum,buoy,1.199,buoy,,,,1.199,11.1,178.0,recomputed
2026-08-22T05:30:00Z,2026-08-22T00:00:00Z,2026-08-27T06:00:00Z,126,spectrum,coronado_north,0.757,5m,5.0,0.757,0.977,1.199,15.6,220.0,recomputed
2026-08-22T05:30:00Z,2026-08-22T00:00:00Z,2026-08-27T06:00:00Z,126,spectrum,coronado_center,0.623,5m,5.0,0.623,1.001,1.199,15.6,235.0,recomputed
2026-08-22T05:30:00Z,2026-08-22T00:00:00Z,2026-08-27T06:00:00Z,126,spectrum,coronado_south,0.684,5m,5.0,0.684,1.001,1.199,11.9,199.0,recomputed
2026-08-22T05:30:00Z,2026-08-22T00:00:00Z,2026-08-27T09:00:00Z,129,spectrum,buoy,1.124,buoy,,,,1.124,11.1,180.0,recomputed
2026-08-22T05:30:00Z,2026-08-22T00:00:00Z,2026-08-27T09:00:00Z,129,spectrum,coronado_north,0.718,5m,5.0,0.718,0.917,1.124,15.6,211.0,recomputed
2026-08-22T05:30:00Z,2026-08-22T00:00:00Z,2026-08-27T09:00:00Z,129,spectrum,coronado_center,0.604,5m,5.0,0.604,0.94,1.124,11.1,189.0,recomputed
2026-08-22T05:30:00Z,2026-08-22T00:00:00Z,2026-08-27T09:00:00Z,129,spectrum,coronado_south,0.584,5m,5.0,0.584,0.94,1.124,11.1,201.0,recomputed
2026-08-22T05:30:00Z,2026-08-22T00:00:00Z,2026-08-27T12:00:00Z,132,spectrum,buoy,1.076,buoy,,,,1.076,10.4,179.0,recomputed
2026-08-22T05:30:00Z,2026-08-22T00:00:00Z,2026-08-27T12:00:00Z,132,spectrum,coronado_north,0.739,5m,5.0,0.739,0.873,1.076,14.5,212.0,recomputed
2026-08-22T05:30:00Z,2026-08-22T00:00:00Z,2026-08-27T12:00:00Z,132,spectrum,coronado_center,0.617,5m,5.0,0.617,0.896,1.076,14.5,235.0,recomputed
2026-08-22T05:30:00Z,2026-08-22T00:00:00Z,2026-08-27T12:00:00Z,132,spectrum,coronado_south,0.586,5m,5.0,0.586,0.896,1.076,10.4,204.0,recomputed
2026-08-22T05:30:00Z,2026-08-22T00:00:00Z,2026-08-27T15:00:00Z,135,spectrum,buoy,1.065,buoy,,,,1.065,10.4,180.0,recomputed
2026-08-22T05:30:00Z,2026-08-22T00:00:00Z,2026-08-27T15:00:00Z,135,spectrum,coronado_north,0.734,5m,5.0,0.734,0.844,1.065,14.5,213.0,recomputed
2026-08-22T05:30:00Z,2026-08-22T00:00:00Z,2026-08-27T15:00:00Z,135,spectrum,coronado_center,0.61,5m,5.0,0.61,0.867,1.065,14.5,235.0,recomputed
2026-08-22T05:30:00Z,2026-08-22T00:00:00Z,2026-08-27T15:00:00Z,135,spectrum,coronado_south,0.576,5m,5.0,0.576,0.868,1.065,10.4,209.0,recomputed
2026-08-22T05:30:00Z,2026-08-22T00:00:00Z,2026-08-27T18:00:00Z,138,spectrum,buoy,1.065,buoy,,,,1.065,9.7,179.0,recomputed
2026-08-22T05:30:00Z,2026-08-22T00:00:00Z,2026-08-27T18:00:00Z,138,spectrum,coronado_north,0.735,5m,5.0,0.735,0.833,1.065,14.5,214.0,recomputed
2026-08-22T05:30:00Z,2026-08-22T00:00:00Z,2026-08-27T18:00:00Z,138,spectrum,coronado_center,0.606,5m,5.0,0.606,0.855,1.065,14.5,235.0,recomputed
2026-08-22T05:30:00Z,2026-08-22T00:00:00Z,2026-08-27T18:00:00Z,138,spectrum,coronado_south,0.563,5m,5.0,0.563,0.855,1.065,10.4,209.0,recomputed
2026-08-22T05:30:00Z,2026-08-22T00:00:00Z,2026-08-27T21:00:00Z,141,spectrum,buoy,1.045,buoy,,,,1.045,9.7,180.0,recomputed
2026-08-22T05:30:00Z,2026-08-22T00:00:00Z,2026-08-27T21:00:00Z,141,spectrum,coronado_north,0.747,5m,5.0,0.747,0.821,1.045,14.5,214.0,recomputed
2026-08-22T05:30:00Z,2026-08-22T00:00:00Z,2026-08-27T21:00:00Z,141,spectrum,coronado_center,0.608,5m,5.0,0.608,0.842,1.045,14.5,233.0,recomputed
2026-08-22T05:30:00Z,2026-08-22T00:00:00Z,2026-08-27T21:00:00Z,141,spectrum,coronado_south,0.641,5m,5.0,0.641,0.841,1.045,9.7,209.0,recomputed
2026-08-22T05:30:00Z,2026-08-22T00:00:00Z,2026-08-28T00:00:00Z,144,spectrum,buoy,1.015,buoy,,,,1.015,9.7,181.0,recomputed
2026-08-22T05:30:00Z,2026-08-22T00:00:00Z,2026-08-28T00:00:00Z,144,spectrum,coronado_north,0.742,5m,5.0,0.742,0.798,1.015,14.5,215.0,recomputed
2026-08-22T05:30:00Z,2026-08-22T00:00:00Z,2026-08-28T00:00:00Z,144,spectrum,coronado_center,0.594,5m,5.0,0.594,0.818,1.015,14.5,232.0,recomputed
2026-08-22T05:30:00Z,2026-08-22T00:00:00Z,2026-08-28T00:00:00Z,144,spectrum,coronado_south,0.536,5m,5.0,0.536,0.817,1.015,9.7,211.0,recomputed
2026-08-22T05:30:00Z,2026-08-22T00:00:00Z,2026-08-28T03:00:00Z,147,spectrum,buoy,0.986,buoy,,,,0.986,9.7,182.0,recomputed
2026-08-22T05:30:00Z,2026-08-22T00:00:00Z,2026-08-28T03:00:00Z,147,spectrum,coronado_north,0.742,5m,5.0,0.742,0.779,0.986,13.6,216.0,recomputed
2026-08-22T05:30:00Z,2026-08-22T00:00:00Z,2026-08-28T03:00:00Z,147,spectrum,coronado_center,0.589,5m,5.0,0.589,0.798,0.986,13.6,232.0,recomputed
2026-08-22T05:30:00Z,2026-08-22T00:00:00Z,2026-08-28T03:00:00Z,147,spectrum,coronado_south,0.52,5m,5.0,0.52,0.796,0.986,11.9,215.0,recomputed
2026-08-22T05:30:00Z,2026-08-22T00:00:00Z,2026-08-28T06:00:00Z,150,spectrum,buoy,0.958,buoy,,,,0.958,9.7,183.0,recomputed
2026-08-22T05:30:00Z,2026-08-22T00:00:00Z,2026-08-28T06:00:00Z,150,spectrum,coronado_north,0.765,5m,5.0,0.765,0.765,0.958,13.6,216.0,recomputed
2026-08-22T05:30:00Z,2026-08-22T00:00:00Z,2026-08-28T06:00:00Z,150,spectrum,coronado_center,0.607,5m,5.0,0.607,0.783,0.958,13.6,234.0,recomputed
2026-08-22T05:30:00Z,2026-08-22T00:00:00Z,2026-08-28T06:00:00Z,150,spectrum,coronado_south,0.519,5m,5.0,0.519,0.779,0.958,11.9,214.0,recomputed
2026-08-22T05:30:00Z,2026-08-22T00:00:00Z,2026-08-28T09:00:00Z,153,spectrum,buoy,0.935,buoy,,,,0.935,9.0,183.0,recomputed
2026-08-22T05:30:00Z,2026-08-22T00:00:00Z,2026-08-28T09:00:00Z,153,spectrum,coronado_north,0.768,5m,5.0,0.768,0.754,0.935,13.6,216.0,recomputed
2026-08-22T05:30:00Z,2026-08-22T00:00:00Z,2026-08-28T09:00:00Z,153,spectrum,coronado_center,0.594,5m,5.0,0.594,0.771,0.935,13.6,224.0,recomputed
2026-08-22T05:30:00Z,2026-08-22T00:00:00Z,2026-08-28T09:00:00Z,153,spectrum,coronado_south,0.493,5m,5.0,0.493,0.765,0.935,9.0,217.0,recomputed
2026-08-22T05:30:00Z,2026-08-22T00:00:00Z,2026-08-28T12:00:00Z,156,spectrum,buoy,0.918,buoy,,,,0.918,9.0,184.0,recomputed
2026-08-22T05:30:00Z,2026-08-22T00:00:00Z,2026-08-28T12:00:00Z,156,spectrum,coronado_north,0.789,5m,5.0,0.789,0.744,0.918,13.6,216.0,recomputed
2026-08-22T05:30:00Z,2026-08-22T00:00:00Z,2026-08-28T12:00:00Z,156,spectrum,coronado_center,0.597,5m,5.0,0.597,0.76,0.918,16.6,221.0,recomputed
2026-08-22T05:30:00Z,2026-08-22T00:00:00Z,2026-08-28T12:00:00Z,156,spectrum,coronado_south,0.482,5m,5.0,0.482,0.753,0.918,9.0,218.0,recomputed
2026-08-22T05:30:00Z,2026-08-22T00:00:00Z,2026-08-28T15:00:00Z,159,spectrum,buoy,0.903,buoy,,,,0.903,9.0,185.0,recomputed
2026-08-22T05:30:00Z,2026-08-22T00:00:00Z,2026-08-28T15:00:00Z,159,spectrum,coronado_north,0.808,5m,5.0,0.808,0.736,0.903,13.6,216.0,recomputed
2026-08-22T05:30:00Z,2026-08-22T00:00:00Z,2026-08-28T15:00:00Z,159,spectrum,coronado_center,0.595,5m,5.0,0.595,0.75,0.903,16.6,221.0,recomputed
2026-08-22T05:30:00Z,2026-08-22T00:00:00Z,2026-08-28T15:00:00Z,159,spectrum,coronado_south,0.472,5m,5.0,0.472,0.742,0.903,9.0,220.0,recomputed
2026-08-22T05:30:00Z,2026-08-22T00:00:00Z,2026-08-28T18:00:00Z,162,spectrum,buoy,0.905,buoy,,,,0.905,8.5,187.0,recomputed
2026-08-22T05:30:00Z,2026-08-22T00:00:00Z,2026-08-28T18:00:00Z,162,spectrum,coronado_north,0.837,5m,5.0,0.837,0.736,0.905,16.6,213.0,recomputed
2026-08-22T05:30:00Z,2026-08-22T00:00:00Z,2026-08-28T18:00:00Z,162,spectrum,coronado_center,0.598,5m,5.0,0.598,0.749,0.905,16.6,222.0,recomputed
2026-08-22T05:30:00Z,2026-08-22T00:00:00Z,2026-08-28T18:00:00Z,162,spectrum,coronado_south,0.469,5m,5.0,0.469,0.74,0.905,9.0,222.0,recomputed
2026-08-22T05:30:00Z,2026-08-22T00:00:00Z,2026-08-28T21:00:00Z,165,spectrum,buoy,0.929,buoy,,,,0.929,8.5,189.0,recomputed
2026-08-22T05:30:00Z,2026-08-22T00:00:00Z,2026-08-28T21:00:00Z,165,spectrum,coronado_north,0.891,5m,5.0,0.891,0.752,0.929,12.7,216.0,recomputed
2026-08-22T05:30:00Z,2026-08-22T00:00:00Z,2026-08-28T21:00:00Z,165,spectrum,coronado_center,0.619,5m,5.0,0.619,0.763,0.929,16.6,225.0,recomputed
2026-08-22T05:30:00Z,2026-08-22T00:00:00Z,2026-08-28T21:00:00Z,165,spectrum,coronado_south,0.484,5m,5.0,0.484,0.753,0.929,9.0,224.0,recomputed
2026-08-22T05:30:00Z,2026-08-22T00:00:00Z,2026-08-29T00:00:00Z,168,spectrum,buoy,0.95,buoy,,,,0.95,19.0,201.0,recomputed
2026-08-22T05:30:00Z,2026-08-22T00:00:00Z,2026-08-29T00:00:00Z,168,spectrum,coronado_north,0.94,5m,5.0,0.94,0.774,0.95,12.7,216.0,recomputed
2026-08-22T05:30:00Z,2026-08-22T00:00:00Z,2026-08-29T00:00:00Z,168,spectrum,coronado_center,0.625,5m,5.0,0.625,0.785,0.95,12.7,226.0,recomputed
2026-08-22T05:30:00Z,2026-08-22T00:00:00Z,2026-08-29T00:00:00Z,168,spectrum,coronado_south,0.477,5m,5.0,0.477,0.775,0.95,10.4,224.0,recomputed
2026-08-23T05:30:00Z,2026-08-23T00:00:00Z,2026-08-23T00:00:00Z,0,spectrum,buoy,0.729,buoy,,,,0.729,14.5,196.0,recomputed
2026-08-23T05:30:00Z,2026-08-23T00:00:00Z,2026-08-23T00:00:00Z,0,spectrum,coronado_north,0.598,5m,5.0,0.598,0.482,0.729,14.5,214.0,recomputed
2026-08-23T05:30:00Z,2026-08-23T00:00:00Z,2026-08-23T00:00:00Z,0,spectrum,coronado_center,0.42,5m,5.0,0.42,0.5,0.729,16.6,229.0,recomputed
2026-08-23T05:30:00Z,2026-08-23T00:00:00Z,2026-08-23T00:00:00Z,0,spectrum,coronado_south,0.377,5m,5.0,0.377,0.511,0.729,11.9,244.0,recomputed
2026-08-23T05:30:00Z,2026-08-23T00:00:00Z,2026-08-23T03:00:00Z,3,spectrum,buoy,0.734,buoy,,,,0.734,14.5,195.0,recomputed
2026-08-23T05:30:00Z,2026-08-23T00:00:00Z,2026-08-23T03:00:00Z,3,spectrum,coronado_north,0.607,5m,5.0,0.607,0.49,0.734,14.5,214.0,recomputed
2026-08-23T05:30:00Z,2026-08-23T00:00:00Z,2026-08-23T03:00:00Z,3,spectrum,coronado_center,0.42,5m,5.0,0.42,0.508,0.734,16.6,228.0,recomputed
2026-08-23T05:30:00Z,2026-08-23T00:00:00Z,2026-08-23T03:00:00Z,3,spectrum,coronado_south,0.365,5m,5.0,0.365,0.519,0.734,10.4,243.0,recomputed
2026-08-23T05:30:00Z,2026-08-23T00:00:00Z,2026-08-23T06:00:00Z,6,spectrum,buoy,0.75,buoy,,,,0.75,14.5,195.0,recomputed
2026-08-23T05:30:00Z,2026-08-23T00:00:00Z,2026-08-23T06:00:00Z,6,spectrum,coronado_north,0.614,5m,5.0,0.614,0.5,0.75,14.5,211.0,recomputed
2026-08-23T05:30:00Z,2026-08-23T00:00:00Z,2026-08-23T06:00:00Z,6,spectrum,coronado_center,0.43,5m,5.0,0.43,0.522,0.75,16.6,228.0,recomputed
2026-08-23T05:30:00Z,2026-08-23T00:00:00Z,2026-08-23T06:00:00Z,6,spectrum,coronado_south,0.378,5m,5.0,0.378,0.536,0.75,3.5,251.0,recomputed
2026-08-23T05:30:00Z,2026-08-23T00:00:00Z,2026-08-23T09:00:00Z,9,spectrum,buoy,0.786,buoy,,,,0.786,14.5,195.0,recomputed
2026-08-23T05:30:00Z,2026-08-23T00:00:00Z,2026-08-23T09:00:00Z,9,spectrum,coronado_north,0.62,5m,5.0,0.62,0.508,0.786,14.5,211.0,recomputed
2026-08-23T05:30:00Z,2026-08-23T00:00:00Z,2026-08-23T09:00:00Z,9,spectrum,coronado_center,0.436,5m,5.0,0.436,0.531,0.786,16.6,227.0,recomputed
2026-08-23T05:30:00Z,2026-08-23T00:00:00Z,2026-08-23T09:00:00Z,9,spectrum,coronado_south,0.389,5m,5.0,0.389,0.55,0.786,4.6,252.0,recomputed
2026-08-23T05:30:00Z,2026-08-23T00:00:00Z,2026-08-23T12:00:00Z,12,spectrum,buoy,0.813,buoy,,,,0.813,14.5,195.0,recomputed
2026-08-23T05:30:00Z,2026-08-23T00:00:00Z,2026-08-23T12:00:00Z,12,spectrum,coronado_north,0.628,5m,5.0,0.628,0.515,0.813,14.5,213.0,recomputed
2026-08-23T05:30:00Z,2026-08-23T00:00:00Z,2026-08-23T12:00:00Z,12,spectrum,coronado_center,0.443,5m,5.0,0.443,0.538,0.813,16.6,231.0,recomputed
2026-08-23T05:30:00Z,2026-08-23T00:00:00Z,2026-08-23T12:00:00Z,12,spectrum,coronado_south,0.4,5m,5.0,0.4,0.558,0.813,4.6,253.0,recomputed
2026-08-23T05:30:00Z,2026-08-23T00:00:00Z,2026-08-23T15:00:00Z,15,spectrum,buoy,0.828,buoy,,,,0.828,13.6,194.0,recomputed
2026-08-23T05:30:00Z,2026-08-23T00:00:00Z,2026-08-23T15:00:00Z,15,spectrum,coronado_north,0.643,5m,5.0,0.643,0.523,0.828,13.6,212.0,recomputed
2026-08-23T05:30:00Z,2026-08-23T00:00:00Z,2026-08-23T15:00:00Z,15,spectrum,coronado_center,0.455,5m,5.0,0.455,0.545,0.828,19.0,228.0,recomputed
2026-08-23T05:30:00Z,2026-08-23T00:00:00Z,2026-08-23T15:00:00Z,15,spectrum,coronado_south,0.405,5m,5.0,0.405,0.564,0.828,12.7,242.0,recomputed
2026-08-23T05:30:00Z,2026-08-23T00:00:00Z,2026-08-23T18:00:00Z,18,spectrum,buoy,0.844,buoy,,,,0.844,13.6,195.0,recomputed
2026-08-23T05:30:00Z,2026-08-23T00:00:00Z,2026-08-23T18:00:00Z,18,spectrum,coronado_north,0.661,5m,5.0,0.661,0.531,0.844,13.6,214.0,recomputed
2026-08-23T05:30:00Z,2026-08-23T00:00:00Z,2026-08-23T18:00:00Z,18,spectrum,coronado_center,0.466,5m,5.0,0.466,0.552,0.844,19.0,230.0,recomputed
2026-08-23T05:30:00Z,2026-08-23T00:00:00Z,2026-08-23T18:00:00Z,18,spectrum,coronado_south,0.418,5m,5.0,0.418,0.568,0.844,12.7,240.0,recomputed
2026-08-23T05:30:00Z,2026-08-23T00:00:00Z,2026-08-23T21:00:00Z,21,spectrum,buoy,0.857,buoy,,,,0.857,13.6,195.0,recomputed
2026-08-23T05:30:00Z,2026-08-23T00:00:00Z,2026-08-23T21:00:00Z,21,spectrum,coronado_north,0.675,5m,5.0,0.675,0.538,0.857,13.6,214.0,recomputed
2026-08-23T05:30:00Z,2026-08-23T00:00:00Z,2026-08-23T21:00:00Z,21,spectrum,coronado_center,0.475,5m,5.0,0.475,0.561,0.857,19.0,228.0,recomputed
2026-08-23T05:30:00Z,2026-08-23T00:00:00Z,2026-08-23T21:00:00Z,21,spectrum,coronado_south,0.415,5m,5.0,0.415,0.578,0.857,12.7,239.0,recomputed
2026-08-23T05:30:00Z,2026-08-23T00:00:00Z,2026-08-24T00:00:00Z,24,spectrum,buoy,0.842,buoy,,,,0.842,13.6,195.0,recomputed
2026-08-23T05:30:00Z,2026-08-23T00:00:00Z,2026-08-24T00:00:00Z,24,spectrum,coronado_north,0.679,5m,5.0,0.679,0.543,0.842,13.6,215.0,recomputed
2026-08-23T05:30:00Z,2026-08-23T00:00:00Z,2026-08-24T00:00:00Z,24,spectrum,coronado_center,0.476,5m,5.0,0.476,0.567,0.842,19.0,227.0,recomputed
2026-08-23T05:30:00Z,2026-08-23T00:00:00Z,2026-08-24T00:00:00Z,24,spectrum,coronado_south,0.417,5m,5.0,0.417,0.584,0.842,11.9,220.0,recomputed
2026-08-23T05:30:00Z,2026-08-23T00:00:00Z,2026-08-24T03:00:00Z,27,spectrum,buoy,0.874,buoy,,,,0.874,13.6,195.0,recomputed
2026-08-23T05:30:00Z,2026-08-23T00:00:00Z,2026-08-24T03:00:00Z,27,spectrum,coronado_north,0.689,5m,5.0,0.689,0.555,0.874,13.6,215.0,recomputed
2026-08-23T05:30:00Z,2026-08-23T00:00:00Z,2026-08-24T03:00:00Z,27,spectrum,coronado_center,0.486,5m,5.0,0.486,0.583,0.874,17.8,226.0,recomputed
2026-08-23T05:30:00Z,2026-08-23T00:00:00Z,2026-08-24T03:00:00Z,27,spectrum,coronado_south,0.417,5m,5.0,0.417,0.607,0.874,4.3,250.0,recomputed
2026-08-23T05:30:00Z,2026-08-23T00:00:00Z,2026-08-24T06:00:00Z,30,spectrum,buoy,0.892,buoy,,,,0.892,13.6,195.0,recomputed
2026-08-23T05:30:00Z,2026-08-23T00:00:00Z,2026-08-24T06:00:00Z,30,spectrum,coronado_north,0.705,5m,5.0,0.705,0.568,0.892,13.6,211.0,recomputed
2026-08-23T05:30:00Z,2026-08-23T00:00:00Z,2026-08-24T06:00:00Z,30,spectrum,coronado_center,0.503,5m,5.0,0.503,0.598,0.892,17.8,226.0,recomputed
2026-08-23T05:30:00Z,2026-08-23T00:00:00Z,2026-08-24T06:00:00Z,30,spectrum,coronado_south,0.44,5m,5.0,0.44,0.624,0.892,4.6,250.0,recomputed
2026-08-23T05:30:00Z,2026-08-23T00:00:00Z,2026-08-24T09:00:00Z,33,spectrum,buoy,0.888,buoy,,,,0.888,14.5,191.0,recomputed
2026-08-23T05:30:00Z,2026-08-23T00:00:00Z,2026-08-24T09:00:00Z,33,spectrum,coronado_north,0.723,5m,5.0,0.723,0.578,0.888,13.6,211.0,recomputed
2026-08-23T05:30:00Z,2026-08-23T00:00:00Z,2026-08-24T09:00:00Z,33,spectrum,coronado_center,0.509,5m,5.0,0.509,0.604,0.888,17.8,226.0,recomputed
2026-08-23T05:30:00Z,2026-08-23T00:00:00Z,2026-08-24T09:00:00Z,33,spectrum,coronado_south,0.424,5m,5.0,0.424,0.627,0.888,4.6,251.0,recomputed
2026-08-23T05:30:00Z,2026-08-23T00:00:00Z,2026-08-24T12:00:00Z,36,spectrum,buoy,0.864,buoy,,,,0.864,14.5,190.0,recomputed
2026-08-23T05:30:00Z,2026-08-23T00:00:00Z,2026-08-24T12:00:00Z,36,spectrum,coronado_north,0.732,5m,5.0,0.732,0.582,0.864,17.8,215.0,recomputed
2026-08-23T05:30:00Z,2026-08-23T00:00:00Z,2026-08-24T12:00:00Z,36,spectrum,coronado_center,0.513,5m,5.0,0.513,0.604,0.864,17.8,225.0,recomputed
2026-08-23T05:30:00Z,2026-08-23T00:00:00Z,2026-08-24T12:00:00Z,36,spectrum,coronado_south,0.418,5m,5.0,0.418,0.621,0.864,4.6,252.0,recomputed
2026-08-23T05:30:00Z,2026-08-23T00:00:00Z,2026-08-24T15:00:00Z,39,spectrum,buoy,0.837,buoy,,,,0.837,14.5,190.0,recomputed
2026-08-23T05:30:00Z,2026-08-23T00:00:00Z,2026-08-24T15:00:00Z,39,spectrum,coronado_north,0.733,5m,5.0,0.733,0.582,0.837,12.7,211.0,recomputed
2026-08-23T05:30:00Z,2026-08-23T00:00:00Z,2026-08-24T15:00:00Z,39,spectrum,coronado_center,0.513,5m,5.0,0.513,0.602,0.837,17.8,225.0,recomputed
2026-08-23T05:30:00Z,2026-08-23T00:00:00Z,2026-08-24T15:00:00Z,39,spectrum,coronado_south,0.397,5m,5.0,0.397,0.613,0.837,4.6,252.0,recomputed
2026-08-23T05:30:00Z,2026-08-23T00:00:00Z,2026-08-24T18:00:00Z,42,spectrum,buoy,0.809,buoy,,,,0.809,12.7,196.0,recomputed
2026-08-23T05:30:00Z,2026-08-23T00:00:00Z,2026-08-24T18:00:00Z,42,spectrum,coronado_north,0.731,5m,5.0,0.731,0.582,0.809,12.7,216.0,recomputed
2026-08-23T05:30:00Z,2026-08-23T00:00:00Z,2026-08-24T18:00:00Z,42,spectrum,coronado_center,0.518,5m,5.0,0.518,0.601,0.809,16.6,225.0,recomputed
2026-08-23T05:30:00Z,2026-08-23T00:00:00Z,2026-08-24T18:00:00Z,42,spectrum,coronado_south,0.394,5m,5.0,0.394,0.608,0.809,12.7,208.0,recomputed
2026-08-23T05:30:00Z,2026-08-23T00:00:00Z,2026-08-24T21:00:00Z,45,spectrum,buoy,0.792,buoy,,,,0.792,13.6,191.0,recomputed
2026-08-23T05:30:00Z,2026-08-23T00:00:00Z,2026-08-24T21:00:00Z,45,spectrum,coronado_north,0.733,5m,5.0,0.733,0.585,0.792,16.6,216.0,recomputed
2026-08-23T05:30:00Z,2026-08-23T00:00:00Z,2026-08-24T21:00:00Z,45,spectrum,coronado_center,0.524,5m,5.0,0.524,0.602,0.792,16.6,225.0,recomputed
2026-08-23T05:30:00Z,2026-08-23T00:00:00Z,2026-08-24T21:00:00Z,45,spectrum,coronado_south,0.399,5m,5.0,0.399,0.607,0.792,12.7,207.0,recomputed
2026-08-23T05:30:00Z,2026-08-23T00:00:00Z,2026-08-25T00:00:00Z,48,spectrum,buoy,0.797,buoy,,,,0.797,13.6,190.0,recomputed
2026-08-23T05:30:00Z,2026-08-23T00:00:00Z,2026-08-25T00:00:00Z,48,spectrum,coronado_north,0.739,5m,5.0,0.739,0.595,0.797,16.6,221.0,recomputed
2026-08-23T05:30:00Z,2026-08-23T00:00:00Z,2026-08-25T00:00:00Z,48,spectrum,coronado_center,0.529,5m,5.0,0.529,0.612,0.797,16.6,225.0,recomputed
2026-08-23T05:30:00Z,2026-08-23T00:00:00Z,2026-08-25T00:00:00Z,48,spectrum,coronado_south,0.389,5m,5.0,0.389,0.617,0.797,12.7,206.0,recomputed
2026-08-23T05:30:00Z,2026-08-23T00:00:00Z,2026-08-25T03:00:00Z,51,spectrum,buoy,0.815,buoy,,,,0.815,13.6,189.0,recomputed
2026-08-23T05:30:00Z,2026-08-23T00:00:00Z,2026-08-25T03:00:00Z,51,spectrum,coronado_north,0.75,5m,5.0,0.75,0.605,0.815,16.6,222.0,recomputed
2026-08-23T05:30:00Z,2026-08-23T00:00:00Z,2026-08-25T03:00:00Z,51,spectrum,coronado_center,0.543,5m,5.0,0.543,0.625,0.815,16.6,225.0,recomputed
2026-08-23T05:30:00Z,2026-08-23T00:00:00Z,2026-08-25T03:00:00Z,51,spectrum,coronado_south,0.396,5m,5.0,0.396,0.633,0.815,12.7,205.0,recomputed
2026-08-23T05:30:00Z,2026-08-23T00:00:00Z,2026-08-25T06:00:00Z,54,spectrum,buoy,0.831,buoy,,,,0.831,13.6,189.0,recomputed
2026-08-23T05:30:00Z,2026-08-23T00:00:00Z,2026-08-25T06:00:00Z,54,spectrum,coronado_north,0.752,5m,5.0,0.752,0.606,0.831,16.6,222.0,recomputed
2026-08-23T05:30:00Z,2026-08-23T00:00:00Z,2026-08-25T06:00:00Z,54,spectrum,coronado_center,0.548,5m,5.0,0.548,0.627,0.831,16.6,225.0,recomputed
2026-08-23T05:30:00Z,2026-08-23T00:00:00Z,2026-08-25T06:00:00Z,54,spectrum,coronado_south,0.404,5m,5.0,0.404,0.637,0.831,11.9,205.0,recomputed
2026-08-23T05:30:00Z,2026-08-23T00:00:00Z,2026-08-25T09:00:00Z,57,spectrum,buoy,0.827,buoy,,,,0.827,13.6,189.0,recomputed
2026-08-23T05:30:00Z,2026-08-23T00:00:00Z,2026-08-25T09:00:00Z,57,spectrum,coronado_north,0.745,5m,5.0,0.745,0.6,0.827,16.6,216.0,recomputed
2026-08-23T05:30:00Z,2026-08-23T00:00:00Z,2026-08-25T09:00:00Z,57,spectrum,coronado_center,0.54,5m,5.0,0.54,0.62,0.827,16.6,225.0,recomputed
2026-08-23T05:30:00Z,2026-08-23T00:00:00Z,2026-08-25T09:00:00Z,57,spectrum,coronado_south,0.398,5m,5.0,0.398,0.629,0.827,11.9,204.0,recomputed
2026-08-23T05:30:00Z,2026-08-23T00:00:00Z,2026-08-25T12:00:00Z,60,spectrum,buoy,0.829,buoy,,,,0.829,12.7,191.0,recomputed
2026-08-23T05:30:00Z,2026-08-23T00:00:00Z,2026-08-25T12:00:00Z,60,spectrum,coronado_north,0.735,5m,5.0,0.735,0.601,0.829,16.6,216.0,recomputed
2026-08-23T05:30:00Z,2026-08-23T00:00:00Z,2026-08-25T12:00:00Z,60,spectrum,coronado_center,0.534,5m,5.0,0.534,0.618,0.829,16.6,225.0,recomputed
2026-08-23T05:30:00Z,2026-08-23T00:00:00Z,2026-08-25T12:00:00Z,60,spectrum,coronado_south,0.399,5m,5.0,0.399,0.625,0.829,11.9,203.0,recomputed
2026-08-23T05:30:00Z,2026-08-23T00:00:00Z,2026-08-25T15:00:00Z,63,spectrum,buoy,0.847,buoy,,,,0.847,12.7,186.0,recomputed
2026-08-23T05:30:00Z,2026-08-23T00:00:00Z,2026-08-25T15:00:00Z,63,spectrum,coronado_north,0.73,5m,5.0,0.73,0.618,0.847,15.6,216.0,recomputed
2026-08-23T05:30:00Z,2026-08-23T00:00:00Z,2026-08-25T15:00:00Z,63,spectrum,coronado_center,0.533,5m,5.0,0.533,0.632,0.847,16.6,223.0,recomputed
2026-08-23T05:30:00Z,2026-08-23T00:00:00Z,2026-08-25T15:00:00Z,63,spectrum,coronado_south,0.398,5m,5.0,0.398,0.634,0.847,12.7,205.0,recomputed
2026-08-23T05:30:00Z,2026-08-23T00:00:00Z,2026-08-25T18:00:00Z,66,spectrum,buoy,0.88,buoy,,,,0.88,12.7,179.0,recomputed
2026-08-23T05:30:00Z,2026-08-23T00:00:00Z,2026-08-25T18:00:00Z,66,spectrum,coronado_north,0.732,5m,5.0,0.732,0.651,0.88,15.6,216.0,recomputed
2026-08-23T05:30:00Z,2026-08-23T00:00:00Z,2026-08-25T18:00:00Z,66,spectrum,coronado_center,0.553,5m,5.0,0.553,0.662,0.88,16.6,221.0,recomputed
2026-08-23T05:30:00Z,2026-08-23T00:00:00Z,2026-08-25T18:00:00Z,66,spectrum,coronado_south,0.423,5m,5.0,0.423,0.657,0.88,12.7,202.0,recomputed
2026-08-23T05:30:00Z,2026-08-23T00:00:00Z,2026-08-25T21:00:00Z,69,spectrum,buoy,0.938,buoy,,,,0.938,12.7,177.0,recomputed
2026-08-23T05:30:00Z,2026-08-23T00:00:00Z,2026-08-25T21:00:00Z,69,spectrum,coronado_north,0.735,5m,5.0,0.735,0.702,0.938,15.6,216.0,recomputed
2026-08-23T05:30:00Z,2026-08-23T00:00:00Z,2026-08-25T21:00:00Z,69,spectrum,coronado_center,0.571,5m,5.0,0.571,0.71,0.938,16.6,228.0,recomputed
2026-08-23T05:30:00Z,2026-08-23T00:00:00Z,2026-08-25T21:00:00Z,69,spectrum,coronado_south,0.439,5m,5.0,0.439,0.7,0.938,11.9,198.0,recomputed
2026-08-23T05:30:00Z,2026-08-23T00:00:00Z,2026-08-26T00:00:00Z,72,spectrum,buoy,1.01,buoy,,,,1.01,11.9,172.0,recomputed
2026-08-23T05:30:00Z,2026-08-23T00:00:00Z,2026-08-26T00:00:00Z,72,spectrum,coronado_north,0.746,5m,5.0,0.746,0.766,1.01,15.6,214.0,recomputed
2026-08-23T05:30:00Z,2026-08-23T00:00:00Z,2026-08-26T00:00:00Z,72,spectrum,coronado_center,0.591,5m,5.0,0.591,0.772,1.01,16.6,227.0,recomputed
2026-08-23T05:30:00Z,2026-08-23T00:00:00Z,2026-08-26T00:00:00Z,72,spectrum,coronado_south,0.475,5m,5.0,0.475,0.759,1.01,11.9,189.0,recomputed
2026-08-23T05:30:00Z,2026-08-23T00:00:00Z,2026-08-26T03:00:00Z,75,spectrum,buoy,1.072,buoy,,,,1.072,12.7,178.0,recomputed
2026-08-23T05:30:00Z,2026-08-23T00:00:00Z,2026-08-26T03:00:00Z,75,spectrum,coronado_north,0.753,5m,5.0,0.753,0.83,1.072,15.6,213.0,recomputed
2026-08-23T05:30:00Z,2026-08-23T00:00:00Z,2026-08-26T03:00:00Z,75,spectrum,coronado_center,0.604,5m,5.0,0.604,0.835,1.072,16.6,215.0,recomputed
2026-08-23T05:30:00Z,2026-08-23T00:00:00Z,2026-08-26T03:00:00Z,75,spectrum,coronado_south,0.503,5m,5.0,0.503,0.819,1.072,11.9,187.0,recomputed
2026-08-23T05:30:00Z,2026-08-23T00:00:00Z,2026-08-26T06:00:00Z,78,spectrum,buoy,1.114,buoy,,,,1.114,12.7,176.0,recomputed
2026-08-23T05:30:00Z,2026-08-23T00:00:00Z,2026-08-26T06:00:00Z,78,spectrum,coronado_north,0.754,5m,5.0,0.754,0.874,1.114,16.6,212.0,recomputed
2026-08-23T05:30:00Z,2026-08-23T00:00:00Z,2026-08-26T06:00:00Z,78,spectrum,coronado_center,0.614,5m,5.0,0.614,0.879,1.114,16.6,213.0,recomputed
2026-08-23T05:30:00Z,2026-08-23T00:00:00Z,2026-08-26T06:00:00Z,78,spectrum,coronado_south,0.522,5m,5.0,0.522,0.863,1.114,11.9,186.0,recomputed
2026-08-23T05:30:00Z,2026-08-23T00:00:00Z,2026-08-26T09:00:00Z,81,spectrum,buoy,1.153,buoy,,,,1.153,12.7,175.0,recomputed
2026-08-23T05:30:00Z,2026-08-23T00:00:00Z,2026-08-26T09:00:00Z,81,spectrum,coronado_north,0.753,5m,5.0,0.753,0.913,1.153,16.6,218.0,recomputed
2026-08-23T05:30:00Z,2026-08-23T00:00:00Z,2026-08-26T09:00:00Z,81,spectrum,coronado_center,0.619,5m,5.0,0.619,0.918,1.153,16.6,212.0,recomputed
2026-08-23T05:30:00Z,2026-08-23T00:00:00Z,2026-08-26T09:00:00Z,81,spectrum,coronado_south,0.55,5m,5.0,0.55,0.901,1.153,11.9,190.0,recomputed
2026-08-23T05:30:00Z,2026-08-23T00:00:00Z,2026-08-26T12:00:00Z,84,spectrum,buoy,1.217,buoy,,,,1.217,11.9,174.0,recomputed
2026-08-23T05:30:00Z,2026-08-23T00:00:00Z,2026-08-26T12:00:00Z,84,spectrum,coronado_north,0.768,5m,5.0,0.768,0.962,1.217,15.6,216.0,recomputed
2026-08-23T05:30:00Z,2026-08-23T00:00:00Z,2026-08-26T12:00:00Z,84,spectrum,coronado_center,0.631,5m,5.0,0.631,0.968,1.217,16.6,229.0,recomputed
2026-08-23T05:30:00Z,2026-08-23T00:00:00Z,2026-08-26T12:00:00Z,84,spectrum,coronado_south,0.587,5m,5.0,0.587,0.952,1.217,11.9,190.0,recomputed
2026-08-23T05:30:00Z,2026-08-23T00:00:00Z,2026-08-26T15:00:00Z,87,spectrum,buoy,1.307,buoy,,,,1.307,11.9,174.0,recomputed
2026-08-23T05:30:00Z,2026-08-23T00:00:00Z,2026-08-26T15:00:00Z,87,spectrum,coronado_north,0.809,5m,5.0,0.809,1.036,1.307,15.6,214.0,recomputed
2026-08-23T05:30:00Z,2026-08-23T00:00:00Z,2026-08-26T15:00:00Z,87,spectrum,coronado_center,0.676,5m,5.0,0.676,1.045,1.307,15.6,226.0,recomputed
2026-08-23T05:30:00Z,2026-08-23T00:00:00Z,2026-08-26T15:00:00Z,87,spectrum,coronado_south,0.783,5m,5.0,0.783,1.03,1.307,11.9,199.0,recomputed
2026-08-23T05:30:00Z,2026-08-23T00:00:00Z,2026-08-26T18:00:00Z,90,spectrum,buoy,1.4,buoy,,,,1.4,11.9,175.0,recomputed
2026-08-23T05:30:00Z,2026-08-23T00:00:00Z,2026-08-26T18:00:00Z,90,spectrum,coronado_north,0.876,5m,5.0,0.876,1.119,1.4,15.6,215.0,recomputed
2026-08-23T05:30:00Z,2026-08-23T00:00:00Z,2026-08-26T18:00:00Z,90,spectrum,coronado_center,0.744,5m,5.0,0.744,1.131,1.4,15.6,226.0,recomputed
2026-08-23T05:30:00Z,2026-08-23T00:00:00Z,2026-08-26T18:00:00Z,90,spectrum,coronado_south,0.734,5m,5.0,0.734,1.115,1.4,11.9,195.0,recomputed
2026-08-23T05:30:00Z,2026-08-23T00:00:00Z,2026-08-26T21:00:00Z,93,spectrum,buoy,1.405,buoy,,,,1.405,11.9,175.0,recomputed
2026-08-23T05:30:00Z,2026-08-23T00:00:00Z,2026-08-26T21:00:00Z,93,spectrum,coronado_north,0.862,5m,5.0,0.862,1.141,1.405,15.6,216.0,recomputed
2026-08-23T05:30:00Z,2026-08-23T00:00:00Z,2026-08-26T21:00:00Z,93,spectrum,coronado_center,0.725,5m,5.0,0.725,1.156,1.405,15.6,228.0,recomputed
2026-08-23T05:30:00Z,2026-08-23T00:00:00Z,2026-08-26T21:00:00Z,93,spectrum,coronado_south,0.728,5m,5.0,0.728,1.143,1.405,11.9,194.0,recomputed
2026-08-23T05:30:00Z,2026-08-23T00:00:00Z,2026-08-27T00:00:00Z,96,spectrum,buoy,1.389,buoy,,,,1.389,11.9,176.0,recomputed
2026-08-23T05:30:00Z,2026-08-23T00:00:00Z,2026-08-27T00:00:00Z,96,spectrum,coronado_north,0.862,5m,5.0,0.862,1.141,1.389,15.6,218.0,recomputed
2026-08-23T05:30:00Z,2026-08-23T00:00:00Z,2026-08-27T00:00:00Z,96,spectrum,coronado_center,0.716,5m,5.0,0.716,1.157,1.389,15.6,230.0,recomputed
2026-08-23T05:30:00Z,2026-08-23T00:00:00Z,2026-08-27T00:00:00Z,96,spectrum,coronado_south,0.823,5m,5.0,0.823,1.147,1.389,11.9,194.0,recomputed
2026-08-23T05:30:00Z,2026-08-23T00:00:00Z,2026-08-27T03:00:00Z,99,spectrum,buoy,1.34,buoy,,,,1.34,11.9,177.0,recomputed
2026-08-23T05:30:00Z,2026-08-23T00:00:00Z,2026-08-27T03:00:00Z,99,spectrum,coronado_north,0.835,5m,5.0,0.835,1.111,1.34,15.6,219.0,recomputed
2026-08-23T05:30:00Z,2026-08-23T00:00:00Z,2026-08-27T03:00:00Z,99,spectrum,coronado_center,0.686,5m,5.0,0.686,1.129,1.34,15.6,231.0,recomputed
2026-08-23T05:30:00Z,2026-08-23T00:00:00Z,2026-08-27T03:00:00Z,99,spectrum,coronado_south,0.695,5m,5.0,0.695,1.12,1.34,11.9,193.0,recomputed
2026-08-23T05:30:00Z,2026-08-23T00:00:00Z,2026-08-27T06:00:00Z,102,spectrum,buoy,1.294,buoy,,,,1.294,11.1,176.0,recomputed
2026-08-23T05:30:00Z,2026-08-23T00:00:00Z,2026-08-27T06:00:00Z,102,spectrum,coronado_north,0.803,5m,5.0,0.803,1.079,1.294,15.6,220.0,recomputed
2026-08-23T05:30:00Z,2026-08-23T00:00:00Z,2026-08-27T06:00:00Z,102,spectrum,coronado_center,0.67,5m,5.0,0.67,1.098,1.294,15.6,233.0,recomputed
2026-08-23T05:30:00Z,2026-08-23T00:00:00Z,2026-08-27T06:00:00Z,102,spectrum,coronado_south,0.664,5m,5.0,0.664,1.089,1.294,11.9,191.0,recomputed
2026-08-23T05:30:00Z,2026-08-23T00:00:00Z,2026-08-27T09:00:00Z,105,spectrum,buoy,1.255,buoy,,,,1.255,11.1,177.0,recomputed
2026-08-23T05:30:00Z,2026-08-23T00:00:00Z,2026-08-27T09:00:00Z,105,spectrum,coronado_north,0.808,5m,5.0,0.808,1.048,1.255,15.6,209.0,recomputed
2026-08-23T05:30:00Z,2026-08-23T00:00:00Z,2026-08-27T09:00:00Z,105,spectrum,coronado_center,0.682,5m,5.0,0.682,1.068,1.255,11.1,183.0,recomputed
2026-08-23T05:30:00Z,2026-08-23T00:00:00Z,2026-08-27T09:00:00Z,105,spectrum,coronado_south,0.658,5m,5.0,0.658,1.06,1.255,11.9,195.0,recomputed
2026-08-23T05:30:00Z,2026-08-23T00:00:00Z,2026-08-27T12:00:00Z,108,spectrum,buoy,1.226,buoy,,,,1.226,11.1,177.0,recomputed
2026-08-23T05:30:00Z,2026-08-23T00:00:00Z,2026-08-27T12:00:00Z,108,spectrum,coronado_north,0.813,5m,5.0,0.813,1.024,1.226,14.5,210.0,recomputed
2026-08-23T05:30:00Z,2026-08-23T00:00:00Z,2026-08-27T12:00:00Z,108,spectrum,coronado_center,0.688,5m,5.0,0.688,1.044,1.226,14.5,233.0,recomputed
2026-08-23T05:30:00Z,2026-08-23T00:00:00Z,2026-08-27T12:00:00Z,108,spectrum,coronado_south,0.656,5m,5.0,0.656,1.035,1.226,11.9,196.0,recomputed
2026-08-23T05:30:00Z,2026-08-23T00:00:00Z,2026-08-27T15:00:00Z,111,spectrum,buoy,1.198,buoy,,,,1.198,10.4,176.0,recomputed
2026-08-23T05:30:00Z,2026-08-23T00:00:00Z,2026-08-27T15:00:00Z,111,spectrum,coronado_north,0.777,5m,5.0,0.777,0.998,1.198,14.5,211.0,recomputed
2026-08-23T05:30:00Z,2026-08-23T00:00:00Z,2026-08-27T15:00:00Z,111,spectrum,coronado_center,0.685,5m,5.0,0.685,1.018,1.198,14.5,233.0,recomputed
2026-08-23T05:30:00Z,2026-08-23T00:00:00Z,2026-08-27T15:00:00Z,111,spectrum,coronado_south,0.64,5m,5.0,0.64,1.01,1.198,10.4,197.0,recomputed
2026-08-23T05:30:00Z,2026-08-23T00:00:00Z,2026-08-27T18:00:00Z,114,spectrum,buoy,1.182,buoy,,,,1.182,10.4,177.0,recomputed
2026-08-23T05:30:00Z,2026-08-23T00:00:00Z,2026-08-27T18:00:00Z,114,spectrum,coronado_north,0.789,5m,5.0,0.789,0.975,1.182,14.5,212.0,recomputed
2026-08-23T05:30:00Z,2026-08-23T00:00:00Z,2026-08-27T18:00:00Z,114,spectrum,coronado_center,0.648,5m,5.0,0.648,0.995,1.182,14.5,233.0,recomputed
2026-08-23T05:30:00Z,2026-08-23T00:00:00Z,2026-08-27T18:00:00Z,114,spectrum,coronado_south,0.6,5m,5.0,0.6,0.986,1.182,10.4,198.0,recomputed
2026-08-23T05:30:00Z,2026-08-23T00:00:00Z,2026-08-27T21:00:00Z,117,spectrum,buoy,1.151,buoy,,,,1.151,10.4,178.0,recomputed
2026-08-23T05:30:00Z,2026-08-23T00:00:00Z,2026-08-27T21:00:00Z,117,spectrum,coronado_north,0.784,5m,5.0,0.784,0.945,1.151,14.5,213.0,recomputed
2026-08-23T05:30:00Z,2026-08-23T00:00:00Z,2026-08-27T21:00:00Z,117,spectrum,coronado_center,0.633,5m,5.0,0.633,0.965,1.151,14.5,232.0,recomputed
2026-08-23T05:30:00Z,2026-08-23T00:00:00Z,2026-08-27T21:00:00Z,117,spectrum,coronado_south,0.582,5m,5.0,0.582,0.955,1.151,10.4,200.0,recomputed
2026-08-23T05:30:00Z,2026-08-23T00:00:00Z,2026-08-28T00:00:00Z,120,spectrum,buoy,1.117,buoy,,,,1.117,9.7,178.0,recomputed
2026-08-23T05:30:00Z,2026-08-23T00:00:00Z,2026-08-28T00:00:00Z,120,spectrum,coronado_north,0.778,5m,5.0,0.778,0.914,1.117,14.5,214.0,recomputed
2026-08-23T05:30:00Z,2026-08-23T00:00:00Z,2026-08-28T00:00:00Z,120,spectrum,coronado_center,0.621,5m,5.0,0.621,0.933,1.117,11.1,200.0,recomputed
2026-08-23T05:30:00Z,2026-08-23T00:00:00Z,2026-08-28T00:00:00Z,120,spectrum,coronado_south,0.565,5m,5.0,0.565,0.924,1.117,10.4,202.0,recomputed
2026-08-23T05:30:00Z,2026-08-23T00:00:00Z,2026-08-28T03:00:00Z,123,spectrum,buoy,1.087,buoy,,,,1.087,9.7,179.0,recomputed
2026-08-23T05:30:00Z,2026-08-23T00:00:00Z,2026-08-28T03:00:00Z,123,spectrum,coronado_north,0.78,5m,5.0,0.78,0.888,1.087,13.6,214.0,recomputed
2026-08-23T05:30:00Z,2026-08-23T00:00:00Z,2026-08-28T03:00:00Z,123,spectrum,coronado_center,0.619,5m,5.0,0.619,0.907,1.087,9.7,203.0,recomputed
2026-08-23T05:30:00Z,2026-08-23T00:00:00Z,2026-08-28T03:00:00Z,123,spectrum,coronado_south,0.558,5m,5.0,0.558,0.896,1.087,10.4,206.0,recomputed
2026-08-23T05:30:00Z,2026-08-23T00:00:00Z,2026-08-28T06:00:00Z,126,spectrum,buoy,1.059,buoy,,,,1.059,9.7,181.0,recomputed
2026-08-23T05:30:00Z,2026-08-23T00:00:00Z,2026-08-28T06:00:00Z,126,spectrum,coronado_north,0.789,5m,5.0,0.789,0.865,1.059,13.6,215.0,recomputed
2026-08-23T05:30:00Z,2026-08-23T00:00:00Z,2026-08-28T06:00:00Z,126,spectrum,coronado_center,0.621,5m,5.0,0.621,0.883,1.059,9.7,206.0,recomputed
2026-08-23T05:30:00Z,2026-08-23T00:00:00Z,2026-08-28T06:00:00Z,126,spectrum,coronado_south,0.545,5m,5.0,0.545,0.872,1.059,9.7,207.0,recomputed
2026-08-23T05:30:00Z,2026-08-23T00:00:00Z,2026-08-28T09:00:00Z,129,spectrum,buoy,1.032,buoy,,,,1.032,9.7,183.0,recomputed
2026-08-23T05:30:00Z,2026-08-23T00:00:00Z,2026-08-28T09:00:00Z,129,spectrum,coronado_north,0.802,5m,5.0,0.802,0.845,1.032,13.6,215.0,recomputed
2026-08-23T05:30:00Z,2026-08-23T00:00:00Z,2026-08-28T09:00:00Z,129,spectrum,coronado_center,0.625,5m,5.0,0.625,0.861,1.032,13.6,233.0,recomputed
2026-08-23T05:30:00Z,2026-08-23T00:00:00Z,2026-08-28T09:00:00Z,129,spectrum,coronado_south,0.533,5m,5.0,0.533,0.85,1.032,9.7,209.0,recomputed
2026-08-23T05:30:00Z,2026-08-23T00:00:00Z,2026-08-28T12:00:00Z,132,spectrum,buoy,1.0,buoy,,,,1.0,9.0,183.0,recomputed
2026-08-23T05:30:00Z,2026-08-23T00:00:00Z,2026-08-28T12:00:00Z,132,spectrum,coronado_north,0.815,5m,5.0,0.815,0.822,1.0,13.6,216.0,recomputed
2026-08-23T05:30:00Z,2026-08-23T00:00:00Z,2026-08-28T12:00:00Z,132,spectrum,coronado_center,0.625,5m,5.0,0.625,0.837,1.0,13.6,232.0,recomputed
2026-08-23T05:30:00Z,2026-08-23T00:00:00Z,2026-08-28T12:00:00Z,132,spectrum,coronado_south,0.517,5m,5.0,0.517,0.825,1.0,9.0,210.0,recomputed
2026-08-23T05:30:00Z,2026-08-23T00:00:00Z,2026-08-28T15:00:00Z,135,spectrum,buoy,0.969,buoy,,,,0.969,9.0,184.0,recomputed
2026-08-23T05:30:00Z,2026-08-23T00:00:00Z,2026-08-28T15:00:00Z,135,spectrum,coronado_north,0.829,5m,5.0,0.829,0.8,0.969,13.6,216.0,recomputed
2026-08-23T05:30:00Z,2026-08-23T00:00:00Z,2026-08-28T15:00:00Z,135,spectrum,coronado_center,0.624,5m,5.0,0.624,0.813,0.969,13.6,231.0,recomputed
2026-08-23T05:30:00Z,2026-08-23T00:00:00Z,2026-08-28T15:00:00Z,135,spectrum,coronado_south,0.5,5m,5.0,0.5,0.801,0.969,9.0,212.0,recomputed
2026-08-23T05:30:00Z,2026-08-23T00:00:00Z,2026-08-28T18:00:00Z,138,spectrum,buoy,0.95,buoy,,,,0.95,9.0,186.0,recomputed
2026-08-23T05:30:00Z,2026-08-23T00:00:00Z,2026-08-28T18:00:00Z,138,spectrum,coronado_north,0.852,5m,5.0,0.852,0.784,0.95,16.6,214.0,recomputed
2026-08-23T05:30:00Z,2026-08-23T00:00:00Z,2026-08-28T18:00:00Z,138,spectrum,coronado_center,0.624,5m,5.0,0.624,0.797,0.95,16.6,222.0,recomputed
2026-08-23T05:30:00Z,2026-08-23T00:00:00Z,2026-08-28T18:00:00Z,138,spectrum,coronado_south,0.487,5m,5.0,0.487,0.784,0.95,9.0,214.0,recomputed
2026-08-23T05:30:00Z,2026-08-23T00:00:00Z,2026-08-28T21:00:00Z,141,spectrum,buoy,0.957,buoy,,,,0.957,8.5,187.0,recomputed
2026-08-23T05:30:00Z,2026-08-23T00:00:00Z,2026-08-28T21:00:00Z,141,spectrum,coronado_north,0.898,5m,5.0,0.898,0.783,0.957,16.6,215.0,recomputed
2026-08-23T05:30:00Z,2026-08-23T00:00:00Z,2026-08-28T21:00:00Z,141,spectrum,coronado_center,0.642,5m,5.0,0.642,0.794,0.957,16.6,224.0,recomputed
2026-08-23T05:30:00Z,2026-08-23T00:00:00Z,2026-08-28T21:00:00Z,141,spectrum,coronado_south,0.489,5m,5.0,0.489,0.782,0.957,9.0,218.0,recomputed
2026-08-23T05:30:00Z,2026-08-23T00:00:00Z,2026-08-29T00:00:00Z,144,spectrum,buoy,0.977,buoy,,,,0.977,8.5,191.0,recomputed
2026-08-23T05:30:00Z,2026-08-23T00:00:00Z,2026-08-29T00:00:00Z,144,spectrum,coronado_north,0.938,5m,5.0,0.938,0.792,0.977,12.7,216.0,recomputed
2026-08-23T05:30:00Z,2026-08-23T00:00:00Z,2026-08-29T00:00:00Z,144,spectrum,coronado_center,0.65,5m,5.0,0.65,0.803,0.977,12.7,225.0,recomputed
2026-08-23T05:30:00Z,2026-08-23T00:00:00Z,2026-08-29T00:00:00Z,144,spectrum,coronado_south,0.484,5m,5.0,0.484,0.791,0.977,9.0,221.0,recomputed
2026-08-23T05:30:00Z,2026-08-23T00:00:00Z,2026-08-29T03:00:00Z,147,spectrum,buoy,0.986,buoy,,,,0.986,8.5,193.0,recomputed
2026-08-23T05:30:00Z,2026-08-23T00:00:00Z,2026-08-29T03:00:00Z,147,spectrum,coronado_north,0.963,5m,5.0,0.963,0.8,0.986,19.0,214.0,recomputed
2026-08-23T05:30:00Z,2026-08-23T00:00:00Z,2026-08-29T03:00:00Z,147,spectrum,coronado_center,0.657,5m,5.0,0.657,0.811,0.986,19.0,221.0,recomputed
2026-08-23T05:30:00Z,2026-08-23T00:00:00Z,2026-08-29T03:00:00Z,147,spectrum,coronado_south,0.483,5m,5.0,0.483,0.801,0.986,8.5,223.0,recomputed
2026-08-23T05:30:00Z,2026-08-23T00:00:00Z,2026-08-29T06:00:00Z,150,spectrum,buoy,0.997,buoy,,,,0.997,17.8,204.0,recomputed
2026-08-23T05:30:00Z,2026-08-23T00:00:00Z,2026-08-29T06:00:00Z,150,spectrum,coronado_north,0.993,5m,5.0,0.993,0.815,0.997,17.8,213.0,recomputed
2026-08-23T05:30:00Z,2026-08-23T00:00:00Z,2026-08-29T06:00:00Z,150,spectrum,coronado_center,0.67,5m,5.0,0.67,0.826,0.997,17.8,223.0,recomputed
2026-08-23T05:30:00Z,2026-08-23T00:00:00Z,2026-08-29T06:00:00Z,150,spectrum,coronado_south,0.485,5m,5.0,0.485,0.816,0.997,8.5,225.0,recomputed
2026-08-23T05:30:00Z,2026-08-23T00:00:00Z,2026-08-29T09:00:00Z,153,spectrum,buoy,1.013,buoy,,,,1.013,17.8,202.0,recomputed
2026-08-23T05:30:00Z,2026-08-23T00:00:00Z,2026-08-29T09:00:00Z,153,spectrum,coronado_north,1.03,5m,5.0,1.03,0.836,1.013,17.8,213.0,recomputed
2026-08-23T05:30:00Z,2026-08-23T00:00:00Z,2026-08-29T09:00:00Z,153,spectrum,coronado_center,0.686,5m,5.0,0.686,0.847,1.013,17.8,223.0,recomputed
2026-08-23T05:30:00Z,2026-08-23T00:00:00Z,2026-08-29T09:00:00Z,153,spectrum,coronado_south,0.493,5m,5.0,0.493,0.837,1.013,8.5,224.0,recomputed
2026-08-23T05:30:00Z,2026-08-23T00:00:00Z,2026-08-29T12:00:00Z,156,spectrum,buoy,1.021,buoy,,,,1.021,17.8,200.0,recomputed
2026-08-23T05:30:00Z,2026-08-23T00:00:00Z,2026-08-29T12:00:00Z,156,spectrum,coronado_north,1.055,5m,5.0,1.055,0.851,1.021,17.8,212.0,recomputed
2026-08-23T05:30:00Z,2026-08-23T00:00:00Z,2026-08-29T12:00:00Z,156,spectrum,coronado_center,0.698,5m,5.0,0.698,0.862,1.021,17.8,222.0,recomputed
2026-08-23T05:30:00Z,2026-08-23T00:00:00Z,2026-08-29T12:00:00Z,156,spectrum,coronado_south,0.49,5m,5.0,0.49,0.852,1.021,9.7,224.0,recomputed
2026-08-23T05:30:00Z,2026-08-23T00:00:00Z,2026-08-29T15:00:00Z,159,spectrum,buoy,1.031,buoy,,,,1.031,17.8,199.0,recomputed
2026-08-23T05:30:00Z,2026-08-23T00:00:00Z,2026-08-29T15:00:00Z,159,spectrum,coronado_north,1.077,5m,5.0,1.077,0.862,1.031,17.8,212.0,recomputed
2026-08-23T05:30:00Z,2026-08-23T00:00:00Z,2026-08-29T15:00:00Z,159,spectrum,coronado_center,0.708,5m,5.0,0.708,0.874,1.031,16.6,222.0,recomputed
2026-08-23T05:30:00Z,2026-08-23T00:00:00Z,2026-08-29T15:00:00Z,159,spectrum,coronado_south,0.493,5m,5.0,0.493,0.863,1.031,9.7,225.0,recomputed
2026-08-23T05:30:00Z,2026-08-23T00:00:00Z,2026-08-29T18:00:00Z,162,spectrum,buoy,1.065,buoy,,,,1.065,16.6,202.0,recomputed
2026-08-23T05:30:00Z,2026-08-23T00:00:00Z,2026-08-29T18:00:00Z,162,spectrum,coronado_north,1.115,5m,5.0,1.115,0.879,1.065,16.6,211.0,recomputed
2026-08-23T05:30:00Z,2026-08-23T00:00:00Z,2026-08-29T18:00:00Z,162,spectrum,coronado_center,0.726,5m,5.0,0.726,0.891,1.065,16.6,222.0,recomputed
2026-08-23T05:30:00Z,2026-08-23T00:00:00Z,2026-08-29T18:00:00Z,162,spectrum,coronado_south,0.507,5m,5.0,0.507,0.881,1.065,9.0,229.0,recomputed
2026-08-23T05:30:00Z,2026-08-23T00:00:00Z,2026-08-29T21:00:00Z,165,spectrum,buoy,1.096,buoy,,,,1.096,16.6,200.0,recomputed
2026-08-23T05:30:00Z,2026-08-23T00:00:00Z,2026-08-29T21:00:00Z,165,spectrum,coronado_north,1.148,5m,5.0,1.148,0.896,1.096,16.6,210.0,recomputed
2026-08-23T05:30:00Z,2026-08-23T00:00:00Z,2026-08-29T21:00:00Z,165,spectrum,coronado_center,0.737,5m,5.0,0.737,0.908,1.096,16.6,222.0,recomputed
2026-08-23T05:30:00Z,2026-08-23T00:00:00Z,2026-08-29T21:00:00Z,165,spectrum,coronado_south,0.52,5m,5.0,0.52,0.899,1.096,9.0,232.0,recomputed
2026-08-23T05:30:00Z,2026-08-23T00:00:00Z,2026-08-30T00:00:00Z,168,spectrum,buoy,1.107,buoy,,,,1.107,16.6,199.0,recomputed
2026-08-23T05:30:00Z,2026-08-23T00:00:00Z,2026-08-30T00:00:00Z,168,spectrum,coronado_north,1.17,5m,5.0,1.17,0.904,1.107,16.6,210.0,recomputed
2026-08-23T05:30:00Z,2026-08-23T00:00:00Z,2026-08-30T00:00:00Z,168,spectrum,coronado_center,0.736,5m,5.0,0.736,0.917,1.107,16.6,222.0,recomputed
2026-08-23T05:30:00Z,2026-08-23T00:00:00Z,2026-08-30T00:00:00Z,168,spectrum,coronado_south,0.528,5m,5.0,0.528,0.908,1.107,9.0,233.0,recomputed
2026-08-24T05:30:00Z,2026-08-24T00:00:00Z,2026-08-24T00:00:00Z,0,spectrum,buoy,0.855,buoy,,,,0.855,13.6,196.0,recomputed
2026-08-24T05:30:00Z,2026-08-24T00:00:00Z,2026-08-24T00:00:00Z,0,spectrum,coronado_north,0.678,5m,5.0,0.678,0.536,0.855,15.6,218.0,recomputed
2026-08-24T05:30:00Z,2026-08-24T00:00:00Z,2026-08-24T00:00:00Z,0,spectrum,coronado_center,0.495,5m,5.0,0.495,0.562,0.855,19.0,227.0,recomputed
2026-08-24T05:30:00Z,2026-08-24T00:00:00Z,2026-08-24T00:00:00Z,0,spectrum,coronado_south,0.44,5m,5.0,0.44,0.583,0.855,4.3,252.0,recomputed
2026-08-24T05:30:00Z,2026-08-24T00:00:00Z,2026-08-24T03:00:00Z,3,spectrum,buoy,0.871,buoy,,,,0.871,13.6,196.0,recomputed
2026-08-24T05:30:00Z,2026-08-24T00:00:00Z,2026-08-24T03:00:00Z,3,spectrum,coronado_north,0.691,5m,5.0,0.691,0.552,0.871,13.6,215.0,recomputed
2026-08-24T05:30:00Z,2026-08-24T00:00:00Z,2026-08-24T03:00:00Z,3,spectrum,coronado_center,0.49,5m,5.0,0.49,0.582,0.871,17.8,227.0,recomputed
2026-08-24T05:30:00Z,2026-08-24T00:00:00Z,2026-08-24T03:00:00Z,3,spectrum,coronado_south,0.422,5m,5.0,0.422,0.607,0.871,4.3,250.0,recomputed
2026-08-24T05:30:00Z,2026-08-24T00:00:00Z,2026-08-24T06:00:00Z,6,spectrum,buoy,0.876,buoy,,,,0.876,13.6,196.0,recomputed
2026-08-24T05:30:00Z,2026-08-24T00:00:00Z,2026-08-24T06:00:00Z,6,spectrum,coronado_north,0.702,5m,5.0,0.702,0.567,0.876,13.6,211.0,recomputed
2026-08-24T05:30:00Z,2026-08-24T00:00:00Z,2026-08-24T06:00:00Z,6,spectrum,coronado_center,0.497,5m,5.0,0.497,0.597,0.876,17.8,226.0,recomputed
2026-08-24T05:30:00Z,2026-08-24T00:00:00Z,2026-08-24T06:00:00Z,6,spectrum,coronado_south,0.435,5m,5.0,0.435,0.624,0.876,4.6,250.0,recomputed
2026-08-24T05:30:00Z,2026-08-24T00:00:00Z,2026-08-24T09:00:00Z,9,spectrum,buoy,0.864,buoy,,,,0.864,14.5,190.0,recomputed
2026-08-24T05:30:00Z,2026-08-24T00:00:00Z,2026-08-24T09:00:00Z,9,spectrum,coronado_north,0.71,5m,5.0,0.71,0.575,0.864,13.6,211.0,recomputed
2026-08-24T05:30:00Z,2026-08-24T00:00:00Z,2026-08-24T09:00:00Z,9,spectrum,coronado_center,0.505,5m,5.0,0.505,0.602,0.864,17.8,226.0,recomputed
2026-08-24T05:30:00Z,2026-08-24T00:00:00Z,2026-08-24T09:00:00Z,9,spectrum,coronado_south,0.425,5m,5.0,0.425,0.626,0.864,11.9,215.0,recomputed
2026-08-24T05:30:00Z,2026-08-24T00:00:00Z,2026-08-24T12:00:00Z,12,spectrum,buoy,0.846,buoy,,,,0.846,14.5,189.0,recomputed
2026-08-24T05:30:00Z,2026-08-24T00:00:00Z,2026-08-24T12:00:00Z,12,spectrum,coronado_north,0.715,5m,5.0,0.715,0.58,0.846,17.8,215.0,recomputed
2026-08-24T05:30:00Z,2026-08-24T00:00:00Z,2026-08-24T12:00:00Z,12,spectrum,coronado_center,0.514,5m,5.0,0.514,0.603,0.846,17.8,226.0,recomputed
2026-08-24T05:30:00Z,2026-08-24T00:00:00Z,2026-08-24T12:00:00Z,12,spectrum,coronado_south,0.423,5m,5.0,0.423,0.621,0.846,4.6,251.0,recomputed
2026-08-24T05:30:00Z,2026-08-24T00:00:00Z,2026-08-24T15:00:00Z,15,spectrum,buoy,0.823,buoy,,,,0.823,14.5,189.0,recomputed
2026-08-24T05:30:00Z,2026-08-24T00:00:00Z,2026-08-24T15:00:00Z,15,spectrum,coronado_north,0.713,5m,5.0,0.713,0.579,0.823,12.7,210.0,recomputed
2026-08-24T05:30:00Z,2026-08-24T00:00:00Z,2026-08-24T15:00:00Z,15,spectrum,coronado_center,0.51,5m,5.0,0.51,0.599,0.823,17.8,226.0,recomputed
2026-08-24T05:30:00Z,2026-08-24T00:00:00Z,2026-08-24T15:00:00Z,15,spectrum,coronado_south,0.403,5m,5.0,0.403,0.611,0.823,4.9,252.0,recomputed
2026-08-24T05:30:00Z,2026-08-24T00:00:00Z,2026-08-24T18:00:00Z,18,spectrum,buoy,0.797,buoy,,,,0.797,12.7,194.0,recomputed
2026-08-24T05:30:00Z,2026-08-24T00:00:00Z,2026-08-24T18:00:00Z,18,spectrum,coronado_north,0.707,5m,5.0,0.707,0.576,0.797,12.7,216.0,recomputed
2026-08-24T05:30:00Z,2026-08-24T00:00:00Z,2026-08-24T18:00:00Z,18,spectrum,coronado_center,0.509,5m,5.0,0.509,0.594,0.797,17.8,226.0,recomputed
2026-08-24T05:30:00Z,2026-08-24T00:00:00Z,2026-08-24T18:00:00Z,18,spectrum,coronado_south,0.387,5m,5.0,0.387,0.602,0.797,12.7,208.0,recomputed
2026-08-24T05:30:00Z,2026-08-24T00:00:00Z,2026-08-24T21:00:00Z,21,spectrum,buoy,0.775,buoy,,,,0.775,13.6,189.0,recomputed
2026-08-24T05:30:00Z,2026-08-24T00:00:00Z,2026-08-24T21:00:00Z,21,spectrum,coronado_north,0.704,5m,5.0,0.704,0.575,0.775,16.6,216.0,recomputed
2026-08-24T05:30:00Z,2026-08-24T00:00:00Z,2026-08-24T21:00:00Z,21,spectrum,coronado_center,0.508,5m,5.0,0.508,0.593,0.775,16.6,226.0,recomputed
2026-08-24T05:30:00Z,2026-08-24T00:00:00Z,2026-08-24T21:00:00Z,21,spectrum,coronado_south,0.376,5m,5.0,0.376,0.597,0.775,12.7,207.0,recomputed
2026-08-24T05:30:00Z,2026-08-24T00:00:00Z,2026-08-25T00:00:00Z,24,spectrum,buoy,0.767,buoy,,,,0.767,13.6,188.0,recomputed
2026-08-24T05:30:00Z,2026-08-24T00:00:00Z,2026-08-25T00:00:00Z,24,spectrum,coronado_north,0.716,5m,5.0,0.716,0.584,0.767,16.6,216.0,recomputed
2026-08-24T05:30:00Z,2026-08-24T00:00:00Z,2026-08-25T00:00:00Z,24,spectrum,coronado_center,0.516,5m,5.0,0.516,0.601,0.767,16.6,226.0,recomputed
2026-08-24T05:30:00Z,2026-08-24T00:00:00Z,2026-08-25T00:00:00Z,24,spectrum,coronado_south,0.372,5m,5.0,0.372,0.603,0.767,12.7,207.0,recomputed
2026-08-24T05:30:00Z,2026-08-24T00:00:00Z,2026-08-25T03:00:00Z,27,spectrum,buoy,0.765,buoy,,,,0.765,13.6,187.0,recomputed
2026-08-24T05:30:00Z,2026-08-24T00:00:00Z,2026-08-25T03:00:00Z,27,spectrum,coronado_north,0.726,5m,5.0,0.726,0.594,0.765,16.6,222.0,recomputed
2026-08-24T05:30:00Z,2026-08-24T00:00:00Z,2026-08-25T03:00:00Z,27,spectrum,coronado_center,0.53,5m,5.0,0.53,0.61,0.765,16.6,225.0,recomputed
2026-08-24T05:30:00Z,2026-08-24T00:00:00Z,2026-08-25T03:00:00Z,27,spectrum,coronado_south,0.374,5m,5.0,0.374,0.612,0.765,13.6,206.0,recomputed
2026-08-24T05:30:00Z,2026-08-24T00:00:00Z,2026-08-25T06:00:00Z,30,spectrum,buoy,0.767,buoy,,,,0.767,13.6,187.0,recomputed
2026-08-24T05:30:00Z,2026-08-24T00:00:00Z,2026-08-25T06:00:00Z,30,spectrum,coronado_north,0.734,5m,5.0,0.734,0.601,0.767,16.6,222.0,recomputed
2026-08-24T05:30:00Z,2026-08-24T00:00:00Z,2026-08-25T06:00:00Z,30,spectrum,coronado_center,0.538,5m,5.0,0.538,0.618,0.767,16.6,225.0,recomputed
2026-08-24T05:30:00Z,2026-08-24T00:00:00Z,2026-08-25T06:00:00Z,30,spectrum,coronado_south,0.38,5m,5.0,0.38,0.62,0.767,12.7,205.0,recomputed
2026-08-24T05:30:00Z,2026-08-24T00:00:00Z,2026-08-25T09:00:00Z,33,spectrum,buoy,0.765,buoy,,,,0.765,13.6,187.0,recomputed
2026-08-24T05:30:00Z,2026-08-24T00:00:00Z,2026-08-25T09:00:00Z,33,spectrum,coronado_north,0.732,5m,5.0,0.732,0.6,0.765,16.6,217.0,recomputed
2026-08-24T05:30:00Z,2026-08-24T00:00:00Z,2026-08-25T09:00:00Z,33,spectrum,coronado_center,0.535,5m,5.0,0.535,0.617,0.765,16.6,225.0,recomputed
2026-08-24T05:30:00Z,2026-08-24T00:00:00Z,2026-08-25T09:00:00Z,33,spectrum,coronado_south,0.38,5m,5.0,0.38,0.62,0.765,12.7,205.0,recomputed
2026-08-24T05:30:00Z,2026-08-24T00:00:00Z,2026-08-25T12:00:00Z,36,spectrum,buoy,0.76,buoy,,,,0.76,12.7,188.0,recomputed
2026-08-24T05:30:00Z,2026-08-24T00:00:00Z,2026-08-25T12:00:00Z,36,spectrum,coronado_north,0.724,5m,5.0,0.724,0.595,0.76,16.6,217.0,recomputed
2026-08-24T05:30:00Z,2026-08-24T00:00:00Z,2026-08-25T12:00:00Z,36,spectrum,coronado_center,0.531,5m,5.0,0.531,0.611,0.76,16.6,225.0,recomputed
2026-08-24T05:30:00Z,2026-08-24T00:00:00Z,2026-08-25T12:00:00Z,36,spectrum,coronado_south,0.379,5m,5.0,0.379,0.614,0.76,12.7,204.0,recomputed
2026-08-24T05:30:00Z,2026-08-24T00:00:00Z,2026-08-25T15:00:00Z,39,spectrum,buoy,0.769,buoy,,,,0.769,12.7,185.0,recomputed
2026-08-24T05:30:00Z,2026-08-24T00:00:00Z,2026-08-25T15:00:00Z,39,spectrum,coronado_north,0.718,5m,5.0,0.718,0.598,0.769,16.6,217.0,recomputed
2026-08-24T05:30:00Z,2026-08-24T00:00:00Z,2026-08-25T15:00:00Z,39,spectrum,coronado_center,0.526,5m,5.0,0.526,0.612,0.769,16.6,225.0,recomputed
2026-08-24T05:30:00Z,2026-08-24T00:00:00Z,2026-08-25T15:00:00Z,39,spectrum,coronado_south,0.375,5m,5.0,0.375,0.613,0.769,12.7,208.0,recomputed
2026-08-24T05:30:00Z,2026-08-24T00:00:00Z,2026-08-25T18:00:00Z,42,spectrum,buoy,0.794,buoy,,,,0.794,12.7,182.0,recomputed
2026-08-24T05:30:00Z,2026-08-24T00:00:00Z,2026-08-25T18:00:00Z,42,spectrum,coronado_north,0.718,5m,5.0,0.718,0.617,0.794,15.6,217.0,recomputed
2026-08-24T05:30:00Z,2026-08-24T00:00:00Z,2026-08-25T18:00:00Z,42,spectrum,coronado_center,0.536,5m,5.0,0.536,0.629,0.794,16.6,223.0,recomputed
2026-08-24T05:30:00Z,2026-08-24T00:00:00Z,2026-08-25T18:00:00Z,42,spectrum,coronado_south,0.392,5m,5.0,0.392,0.625,0.794,11.9,206.0,recomputed
2026-08-24T05:30:00Z,2026-08-24T00:00:00Z,2026-08-25T21:00:00Z,45,spectrum,buoy,0.846,buoy,,,,0.846,12.7,181.0,recomputed
2026-08-24T05:30:00Z,2026-08-24T00:00:00Z,2026-08-25T21:00:00Z,45,spectrum,coronado_north,0.723,5m,5.0,0.723,0.651,0.846,15.6,221.0,recomputed
2026-08-24T05:30:00Z,2026-08-24T00:00:00Z,2026-08-25T21:00:00Z,45,spectrum,coronado_center,0.56,5m,5.0,0.56,0.66,0.846,16.6,221.0,recomputed
2026-08-24T05:30:00Z,2026-08-24T00:00:00Z,2026-08-25T21:00:00Z,45,spectrum,coronado_south,0.43,5m,5.0,0.43,0.653,0.846,11.9,203.0,recomputed
2026-08-24T05:30:00Z,2026-08-24T00:00:00Z,2026-08-26T00:00:00Z,48,spectrum,buoy,0.909,buoy,,,,0.909,11.9,176.0,recomputed
2026-08-24T05:30:00Z,2026-08-24T00:00:00Z,2026-08-26T00:00:00Z,48,spectrum,coronado_north,0.723,5m,5.0,0.723,0.692,0.909,15.6,217.0,recomputed
2026-08-24T05:30:00Z,2026-08-24T00:00:00Z,2026-08-26T00:00:00Z,48,spectrum,coronado_center,0.572,5m,5.0,0.572,0.701,0.909,16.6,220.0,recomputed
2026-08-24T05:30:00Z,2026-08-24T00:00:00Z,2026-08-26T00:00:00Z,48,spectrum,coronado_south,0.437,5m,5.0,0.437,0.692,0.909,11.9,201.0,recomputed
2026-08-24T05:30:00Z,2026-08-24T00:00:00Z,2026-08-26T03:00:00Z,51,spectrum,buoy,0.973,buoy,,,,0.973,11.1,172.0,recomputed
2026-08-24T05:30:00Z,2026-08-24T00:00:00Z,2026-08-26T03:00:00Z,51,spectrum,coronado_north,0.727,5m,5.0,0.727,0.733,0.973,15.6,216.0,recomputed
2026-08-24T05:30:00Z,2026-08-24T00:00:00Z,2026-08-26T03:00:00Z,51,spectrum,coronado_center,0.59,5m,5.0,0.59,0.743,0.973,16.6,228.0,recomputed
2026-08-24T05:30:00Z,2026-08-24T00:00:00Z,2026-08-26T03:00:00Z,51,spectrum,coronado_south,0.472,5m,5.0,0.472,0.735,0.973,11.9,188.0,recomputed
2026-08-24T05:30:00Z,2026-08-24T00:00:00Z,2026-08-26T06:00:00Z,54,spectrum,buoy,1.033,buoy,,,,1.033,11.1,172.0,recomputed
2026-08-24T05:30:00Z,2026-08-24T00:00:00Z,2026-08-26T06:00:00Z,54,spectrum,coronado_north,0.737,5m,5.0,0.737,0.792,1.033,16.6,214.0,recomputed
2026-08-24T05:30:00Z,2026-08-24T00:00:00Z,2026-08-26T06:00:00Z,54,spectrum,coronado_center,0.6,5m,5.0,0.6,0.802,1.033,16.6,227.0,recomputed
2026-08-24T05:30:00Z,2026-08-24T00:00:00Z,2026-08-26T06:00:00Z,54,spectrum,coronado_south,0.493,5m,5.0,0.493,0.793,1.033,11.9,191.0,recomputed
2026-08-24T05:30:00Z,2026-08-24T00:00:00Z,2026-08-26T09:00:00Z,57,spectrum,buoy,1.106,buoy,,,,1.106,12.7,177.0,recomputed
2026-08-24T05:30:00Z,2026-08-24T00:00:00Z,2026-08-26T09:00:00Z,57,spectrum,coronado_north,0.748,5m,5.0,0.748,0.869,1.106,15.6,212.0,recomputed
2026-08-24T05:30:00Z,2026-08-24T00:00:00Z,2026-08-26T09:00:00Z,57,spectrum,coronado_center,0.609,5m,5.0,0.609,0.878,1.106,16.6,215.0,recomputed
2026-08-24T05:30:00Z,2026-08-24T00:00:00Z,2026-08-26T09:00:00Z,57,spectrum,coronado_south,0.527,5m,5.0,0.527,0.869,1.106,11.9,194.0,recomputed
2026-08-24T05:30:00Z,2026-08-24T00:00:00Z,2026-08-26T12:00:00Z,60,spectrum,buoy,1.182,buoy,,,,1.182,12.7,176.0,recomputed
2026-08-24T05:30:00Z,2026-08-24T00:00:00Z,2026-08-26T12:00:00Z,60,spectrum,coronado_north,0.759,5m,5.0,0.759,0.939,1.182,15.6,218.0,recomputed
2026-08-24T05:30:00Z,2026-08-24T00:00:00Z,2026-08-26T12:00:00Z,60,spectrum,coronado_center,0.626,5m,5.0,0.626,0.949,1.182,16.6,228.0,recomputed
2026-08-24T05:30:00Z,2026-08-24T00:00:00Z,2026-08-26T12:00:00Z,60,spectrum,coronado_south,0.575,5m,5.0,0.575,0.938,1.182,11.9,191.0,recomputed
2026-08-24T05:30:00Z,2026-08-24T00:00:00Z,2026-08-26T15:00:00Z,63,spectrum,buoy,1.242,buoy,,,,1.242,11.9,175.0,recomputed
2026-08-24T05:30:00Z,2026-08-24T00:00:00Z,2026-08-26T15:00:00Z,63,spectrum,coronado_north,0.764,5m,5.0,0.764,0.987,1.242,15.6,219.0,recomputed
2026-08-24T05:30:00Z,2026-08-24T00:00:00Z,2026-08-26T15:00:00Z,63,spectrum,coronado_center,0.64,5m,5.0,0.64,0.997,1.242,15.6,229.0,recomputed
2026-08-24T05:30:00Z,2026-08-24T00:00:00Z,2026-08-26T15:00:00Z,63,spectrum,coronado_south,0.616,5m,5.0,0.616,0.985,1.242,11.9,190.0,recomputed
2026-08-24T05:30:00Z,2026-08-24T00:00:00Z,2026-08-26T18:00:00Z,66,spectrum,buoy,1.255,buoy,,,,1.255,11.9,176.0,recomputed
2026-08-24T05:30:00Z,2026-08-24T00:00:00Z,2026-08-26T18:00:00Z,66,spectrum,coronado_north,0.763,5m,5.0,0.763,1.006,1.255,15.6,220.0,recomputed
2026-08-24T05:30:00Z,2026-08-24T00:00:00Z,2026-08-26T18:00:00Z,66,spectrum,coronado_center,0.649,5m,5.0,0.649,1.017,1.255,15.6,231.0,recomputed
2026-08-24T05:30:00Z,2026-08-24T00:00:00Z,2026-08-26T18:00:00Z,66,spectrum,coronado_south,0.721,5m,5.0,0.721,1.006,1.255,11.9,191.0,recomputed
2026-08-24T05:30:00Z,2026-08-24T00:00:00Z,2026-08-26T21:00:00Z,69,spectrum,buoy,1.246,buoy,,,,1.246,11.1,175.0,recomputed
2026-08-24T05:30:00Z,2026-08-24T00:00:00Z,2026-08-26T21:00:00Z,69,spectrum,coronado_north,0.778,5m,5.0,0.778,1.008,1.246,15.6,221.0,recomputed
2026-08-24T05:30:00Z,2026-08-24T00:00:00Z,2026-08-26T21:00:00Z,69,spectrum,coronado_center,0.669,5m,5.0,0.669,1.022,1.246,15.6,232.0,recomputed
2026-08-24T05:30:00Z,2026-08-24T00:00:00Z,2026-08-26T21:00:00Z,69,spectrum,coronado_south,0.642,5m,5.0,0.642,1.012,1.246,11.9,191.0,recomputed
2026-08-24T05:30:00Z,2026-08-24T00:00:00Z,2026-08-27T00:00:00Z,72,spectrum,buoy,1.217,buoy,,,,1.217,11.1,175.0,recomputed
2026-08-24T05:30:00Z,2026-08-24T00:00:00Z,2026-08-27T00:00:00Z,72,spectrum,coronado_north,0.784,5m,5.0,0.784,0.987,1.217,15.6,221.0,recomputed
2026-08-24T05:30:00Z,2026-08-24T00:00:00Z,2026-08-27T00:00:00Z,72,spectrum,coronado_center,0.779,5m,5.0,0.779,1.002,1.217,15.6,233.0,recomputed
2026-08-24T05:30:00Z,2026-08-24T00:00:00Z,2026-08-27T00:00:00Z,72,spectrum,coronado_south,0.723,5m,5.0,0.723,0.993,1.217,11.9,191.0,recomputed
2026-08-24T05:30:00Z,2026-08-24T00:00:00Z,2026-08-27T03:00:00Z,75,spectrum,buoy,1.193,buoy,,,,1.193,10.4,175.0,recomputed
2026-08-24T05:30:00Z,2026-08-24T00:00:00Z,2026-08-27T03:00:00Z,75,spectrum,coronado_north,0.79,5m,5.0,0.79,0.969,1.193,15.6,212.0,recomputed
2026-08-24T05:30:00Z,2026-08-24T00:00:00Z,2026-08-27T03:00:00Z,75,spectrum,coronado_center,0.669,5m,5.0,0.669,0.986,1.193,15.6,233.0,recomputed
2026-08-24T05:30:00Z,2026-08-24T00:00:00Z,2026-08-27T03:00:00Z,75,spectrum,coronado_south,0.621,5m,5.0,0.621,0.979,1.193,11.9,196.0,recomputed
2026-08-24T05:30:00Z,2026-08-24T00:00:00Z,2026-08-27T06:00:00Z,78,spectrum,buoy,1.157,buoy,,,,1.157,10.4,175.0,recomputed
2026-08-24T05:30:00Z,2026-08-24T00:00:00Z,2026-08-27T06:00:00Z,78,spectrum,coronado_north,0.767,5m,5.0,0.767,0.949,1.157,15.6,212.0,recomputed
2026-08-24T05:30:00Z,2026-08-24T00:00:00Z,2026-08-27T06:00:00Z,78,spectrum,coronado_center,0.635,5m,5.0,0.635,0.969,1.157,15.6,233.0,recomputed
2026-08-24T05:30:00Z,2026-08-24T00:00:00Z,2026-08-27T06:00:00Z,78,spectrum,coronado_south,0.588,5m,5.0,0.588,0.964,1.157,11.9,196.0,recomputed
2026-08-24T05:30:00Z,2026-08-24T00:00:00Z,2026-08-27T09:00:00Z,81,spectrum,buoy,1.154,buoy,,,,1.154,10.4,176.0,recomputed
2026-08-24T05:30:00Z,2026-08-24T00:00:00Z,2026-08-27T09:00:00Z,81,spectrum,coronado_north,0.802,5m,5.0,0.802,0.954,1.154,15.6,211.0,recomputed
2026-08-24T05:30:00Z,2026-08-24T00:00:00Z,2026-08-27T09:00:00Z,81,spectrum,coronado_center,0.623,5m,5.0,0.623,0.976,1.154,15.6,233.0,recomputed
2026-08-24T05:30:00Z,2026-08-24T00:00:00Z,2026-08-27T09:00:00Z,81,spectrum,coronado_south,0.586,5m,5.0,0.586,0.972,1.154,11.9,200.0,recomputed
2026-08-24T05:30:00Z,2026-08-24T00:00:00Z,2026-08-27T12:00:00Z,84,spectrum,buoy,1.155,buoy,,,,1.155,11.1,179.0,recomputed
2026-08-24T05:30:00Z,2026-08-24T00:00:00Z,2026-08-27T12:00:00Z,84,spectrum,coronado_north,0.763,5m,5.0,0.763,0.956,1.155,14.5,211.0,recomputed
2026-08-24T05:30:00Z,2026-08-24T00:00:00Z,2026-08-27T12:00:00Z,84,spectrum,coronado_center,0.635,5m,5.0,0.635,0.977,1.155,14.5,233.0,recomputed
2026-08-24T05:30:00Z,2026-08-24T00:00:00Z,2026-08-27T12:00:00Z,84,spectrum,coronado_south,0.593,5m,5.0,0.593,0.974,1.155,11.9,200.0,recomputed
2026-08-24T05:30:00Z,2026-08-24T00:00:00Z,2026-08-27T15:00:00Z,87,spectrum,buoy,1.139,buoy,,,,1.139,10.4,177.0,recomputed
2026-08-24T05:30:00Z,2026-08-24T00:00:00Z,2026-08-27T15:00:00Z,87,spectrum,coronado_north,0.809,5m,5.0,0.809,0.937,1.139,14.5,213.0,recomputed
2026-08-24T05:30:00Z,2026-08-24T00:00:00Z,2026-08-27T15:00:00Z,87,spectrum,coronado_center,0.688,5m,5.0,0.688,0.959,1.139,14.5,234.0,recomputed
2026-08-24T05:30:00Z,2026-08-24T00:00:00Z,2026-08-27T15:00:00Z,87,spectrum,coronado_south,0.626,5m,5.0,0.626,0.955,1.139,10.4,199.0,recomputed
2026-08-24T05:30:00Z,2026-08-24T00:00:00Z,2026-08-27T18:00:00Z,90,spectrum,buoy,1.123,buoy,,,,1.123,9.7,177.0,recomputed
2026-08-24T05:30:00Z,2026-08-24T00:00:00Z,2026-08-27T18:00:00Z,90,spectrum,coronado_north,0.769,5m,5.0,0.769,0.912,1.123,14.5,214.0,recomputed
2026-08-24T05:30:00Z,2026-08-24T00:00:00Z,2026-08-27T18:00:00Z,90,spectrum,coronado_center,0.644,5m,5.0,0.644,0.932,1.123,14.5,233.0,recomputed
2026-08-24T05:30:00Z,2026-08-24T00:00:00Z,2026-08-27T18:00:00Z,90,spectrum,coronado_south,0.572,5m,5.0,0.572,0.928,1.123,10.4,202.0,recomputed
2026-08-24T05:30:00Z,2026-08-24T00:00:00Z,2026-08-27T21:00:00Z,93,spectrum,buoy,1.103,buoy,,,,1.103,9.7,177.0,recomputed
2026-08-24T05:30:00Z,2026-08-24T00:00:00Z,2026-08-27T21:00:00Z,93,spectrum,coronado_north,0.774,5m,5.0,0.774,0.888,1.103,14.5,215.0,recomputed
2026-08-24T05:30:00Z,2026-08-24T00:00:00Z,2026-08-27T21:00:00Z,93,spectrum,coronado_center,0.643,5m,5.0,0.643,0.909,1.103,14.5,233.0,recomputed
2026-08-24T05:30:00Z,2026-08-24T00:00:00Z,2026-08-27T21:00:00Z,93,spectrum,coronado_south,0.565,5m,5.0,0.565,0.904,1.103,10.4,205.0,recomputed
2026-08-24T05:30:00Z,2026-08-24T00:00:00Z,2026-08-28T00:00:00Z,96,spectrum,buoy,1.083,buoy,,,,1.083,9.7,179.0,recomputed
2026-08-24T05:30:00Z,2026-08-24T00:00:00Z,2026-08-28T00:00:00Z,96,spectrum,coronado_north,0.777,5m,5.0,0.777,0.867,1.083,14.5,216.0,recomputed
2026-08-24T05:30:00Z,2026-08-24T00:00:00Z,2026-08-28T00:00:00Z,96,spectrum,coronado_center,0.638,5m,5.0,0.638,0.888,1.083,14.5,232.0,recomputed
2026-08-24T05:30:00Z,2026-08-24T00:00:00Z,2026-08-28T00:00:00Z,96,spectrum,coronado_south,0.558,5m,5.0,0.558,0.883,1.083,11.9,208.0,recomputed
2026-08-24T05:30:00Z,2026-08-24T00:00:00Z,2026-08-28T03:00:00Z,99,spectrum,buoy,1.053,buoy,,,,1.053,9.7,181.0,recomputed
2026-08-24T05:30:00Z,2026-08-24T00:00:00Z,2026-08-28T03:00:00Z,99,spectrum,coronado_north,0.777,5m,5.0,0.777,0.845,1.053,13.6,216.0,recomputed
2026-08-24T05:30:00Z,2026-08-24T00:00:00Z,2026-08-28T03:00:00Z,99,spectrum,coronado_center,0.629,5m,5.0,0.629,0.866,1.053,13.6,232.0,recomputed
2026-08-24T05:30:00Z,2026-08-24T00:00:00Z,2026-08-28T03:00:00Z,99,spectrum,coronado_south,0.541,5m,5.0,0.541,0.861,1.053,10.4,211.0,recomputed
2026-08-24T05:30:00Z,2026-08-24T00:00:00Z,2026-08-28T06:00:00Z,102,spectrum,buoy,1.026,buoy,,,,1.026,9.7,182.0,recomputed
2026-08-24T05:30:00Z,2026-08-24T00:00:00Z,2026-08-28T06:00:00Z,102,spectrum,coronado_north,0.789,5m,5.0,0.789,0.829,1.026,13.6,216.0,recomputed
2026-08-24T05:30:00Z,2026-08-24T00:00:00Z,2026-08-28T06:00:00Z,102,spectrum,coronado_center,0.63,5m,5.0,0.63,0.849,1.026,13.6,222.0,recomputed
2026-08-24T05:30:00Z,2026-08-24T00:00:00Z,2026-08-28T06:00:00Z,102,spectrum,coronado_south,0.527,5m,5.0,0.527,0.843,1.026,9.7,210.0,recomputed
2026-08-24T05:30:00Z,2026-08-24T00:00:00Z,2026-08-28T09:00:00Z,105,spectrum,buoy,1.004,buoy,,,,1.004,9.7,184.0,recomputed
2026-08-24T05:30:00Z,2026-08-24T00:00:00Z,2026-08-28T09:00:00Z,105,spectrum,coronado_north,0.807,5m,5.0,0.807,0.815,1.004,13.6,216.0,recomputed
2026-08-24T05:30:00Z,2026-08-24T00:00:00Z,2026-08-28T09:00:00Z,105,spectrum,coronado_center,0.636,5m,5.0,0.636,0.834,1.004,13.6,223.0,recomputed
2026-08-24T05:30:00Z,2026-08-24T00:00:00Z,2026-08-28T09:00:00Z,105,spectrum,coronado_south,0.518,5m,5.0,0.518,0.828,1.004,9.7,213.0,recomputed
2026-08-24T05:30:00Z,2026-08-24T00:00:00Z,2026-08-28T12:00:00Z,108,spectrum,buoy,0.984,buoy,,,,0.984,9.0,184.0,recomputed
2026-08-24T05:30:00Z,2026-08-24T00:00:00Z,2026-08-28T12:00:00Z,108,spectrum,coronado_north,0.824,5m,5.0,0.824,0.801,0.984,13.6,217.0,recomputed
2026-08-24T05:30:00Z,2026-08-24T00:00:00Z,2026-08-28T12:00:00Z,108,spectrum,coronado_center,0.64,5m,5.0,0.64,0.819,0.984,13.6,232.0,recomputed
2026-08-24T05:30:00Z,2026-08-24T00:00:00Z,2026-08-28T12:00:00Z,108,spectrum,coronado_south,0.511,5m,5.0,0.511,0.812,0.984,9.0,214.0,recomputed
2026-08-24T05:30:00Z,2026-08-24T00:00:00Z,2026-08-28T15:00:00Z,111,spectrum,buoy,0.962,buoy,,,,0.962,9.0,186.0,recomputed
2026-08-24T05:30:00Z,2026-08-24T00:00:00Z,2026-08-28T15:00:00Z,111,spectrum,coronado_north,0.835,5m,5.0,0.835,0.784,0.962,13.6,217.0,recomputed
2026-08-24T05:30:00Z,2026-08-24T00:00:00Z,2026-08-28T15:00:00Z,111,spectrum,coronado_center,0.637,5m,5.0,0.637,0.801,0.962,13.6,231.0,recomputed
2026-08-24T05:30:00Z,2026-08-24T00:00:00Z,2026-08-28T15:00:00Z,111,spectrum,coronado_south,0.502,5m,5.0,0.502,0.794,0.962,9.0,215.0,recomputed
2026-08-24T05:30:00Z,2026-08-24T00:00:00Z,2026-08-28T18:00:00Z,114,spectrum,buoy,0.949,buoy,,,,0.949,9.0,189.0,recomputed
2026-08-24T05:30:00Z,2026-08-24T00:00:00Z,2026-08-28T18:00:00Z,114,spectrum,coronado_north,0.851,5m,5.0,0.851,0.77,0.949,16.6,214.0,recomputed
2026-08-24T05:30:00Z,2026-08-24T00:00:00Z,2026-08-28T18:00:00Z,114,spectrum,coronado_center,0.638,5m,5.0,0.638,0.786,0.949,16.6,223.0,recomputed
2026-08-24T05:30:00Z,2026-08-24T00:00:00Z,2026-08-28T18:00:00Z,114,spectrum,coronado_south,0.497,5m,5.0,0.497,0.779,0.949,9.0,218.0,recomputed
2026-08-24T05:30:00Z,2026-08-24T00:00:00Z,2026-08-28T21:00:00Z,117,spectrum,buoy,0.956,buoy,,,,0.956,8.5,191.0,recomputed
2026-08-24T05:30:00Z,2026-08-24T00:00:00Z,2026-08-28T21:00:00Z,117,spectrum,coronado_north,0.892,5m,5.0,0.892,0.769,0.956,13.6,217.0,recomputed
2026-08-24T05:30:00Z,2026-08-24T00:00:00Z,2026-08-28T21:00:00Z,117,spectrum,coronado_center,0.647,5m,5.0,0.647,0.785,0.956,13.6,226.0,recomputed
2026-08-24T05:30:00Z,2026-08-24T00:00:00Z,2026-08-28T21:00:00Z,117,spectrum,coronado_south,0.49,5m,5.0,0.49,0.778,0.956,9.0,221.0,recomputed
2026-08-24T05:30:00Z,2026-08-24T00:00:00Z,2026-08-29T00:00:00Z,120,spectrum,buoy,0.966,buoy,,,,0.966,8.5,193.0,recomputed
2026-08-24T05:30:00Z,2026-08-24T00:00:00Z,2026-08-29T00:00:00Z,120,spectrum,coronado_north,0.922,5m,5.0,0.922,0.773,0.966,15.6,214.0,recomputed
2026-08-24T05:30:00Z,2026-08-24T00:00:00Z,2026-08-29T00:00:00Z,120,spectrum,coronado_center,0.658,5m,5.0,0.658,0.789,0.966,12.7,233.0,recomputed
2026-08-24T05:30:00Z,2026-08-24T00:00:00Z,2026-08-29T00:00:00Z,120,spectrum,coronado_south,0.489,5m,5.0,0.489,0.782,0.966,9.0,224.0,recomputed
2026-08-24T05:30:00Z,2026-08-24T00:00:00Z,2026-08-29T03:00:00Z,123,spectrum,buoy,0.97,buoy,,,,0.97,19.0,198.0,recomputed
2026-08-24T05:30:00Z,2026-08-24T00:00:00Z,2026-08-29T03:00:00Z,123,spectrum,coronado_north,0.941,5m,5.0,0.941,0.774,0.97,19.0,212.0,recomputed
2026-08-24T05:30:00Z,2026-08-24T00:00:00Z,2026-08-29T03:00:00Z,123,spectrum,coronado_center,0.661,5m,5.0,0.661,0.789,0.97,19.0,222.0,recomputed
2026-08-24T05:30:00Z,2026-08-24T00:00:00Z,2026-08-29T03:00:00Z,123,spectrum,coronado_south,0.484,5m,5.0,0.484,0.784,0.97,8.5,227.0,recomputed
2026-08-24T05:30:00Z,2026-08-24T00:00:00Z,2026-08-29T06:00:00Z,126,spectrum,buoy,0.975,buoy,,,,0.975,17.8,202.0,recomputed
2026-08-24T05:30:00Z,2026-08-24T00:00:00Z,2026-08-29T06:00:00Z,126,spectrum,coronado_north,0.965,5m,5.0,0.965,0.782,0.975,17.8,214.0,recomputed
2026-08-24T05:30:00Z,2026-08-24T00:00:00Z,2026-08-29T06:00:00Z,126,spectrum,coronado_center,0.671,5m,5.0,0.671,0.797,0.975,17.8,226.0,recomputed
2026-08-24T05:30:00Z,2026-08-24T00:00:00Z,2026-08-29T06:00:00Z,126,spectrum,coronado_south,0.48,5m,5.0,0.48,0.792,0.975,8.5,230.0,recomputed
2026-08-24T05:30:00Z,2026-08-24T00:00:00Z,2026-08-29T09:00:00Z,129,spectrum,buoy,0.982,buoy,,,,0.982,17.8,201.0,recomputed
2026-08-24T05:30:00Z,2026-08-24T00:00:00Z,2026-08-29T09:00:00Z,129,spectrum,coronado_north,0.999,5m,5.0,0.999,0.797,0.982,17.8,213.0,recomputed
2026-08-24T05:30:00Z,2026-08-24T00:00:00Z,2026-08-29T09:00:00Z,129,spectrum,coronado_center,0.687,5m,5.0,0.687,0.812,0.982,17.8,225.0,recomputed
2026-08-24T05:30:00Z,2026-08-24T00:00:00Z,2026-08-29T09:00:00Z,129,spectrum,coronado_south,0.486,5m,5.0,0.486,0.807,0.982,10.4,231.0,recomputed
2026-08-24T05:30:00Z,2026-08-24T00:00:00Z,2026-08-29T12:00:00Z,132,spectrum,buoy,0.993,buoy,,,,0.993,17.8,199.0,recomputed
2026-08-24T05:30:00Z,2026-08-24T00:00:00Z,2026-08-29T12:00:00Z,132,spectrum,coronado_north,1.023,5m,5.0,1.023,0.807,0.993,17.8,213.0,recomputed
2026-08-24T05:30:00Z,2026-08-24T00:00:00Z,2026-08-29T12:00:00Z,132,spectrum,coronado_center,0.694,5m,5.0,0.694,0.823,0.993,17.8,223.0,recomputed
2026-08-24T05:30:00Z,2026-08-24T00:00:00Z,2026-08-29T12:00:00Z,132,spectrum,coronado_south,0.487,5m,5.0,0.487,0.818,0.993,10.4,233.0,recomputed
2026-08-24T05:30:00Z,2026-08-24T00:00:00Z,2026-08-29T15:00:00Z,135,spectrum,buoy,1.04,buoy,,,,1.04,17.8,198.0,recomputed
2026-08-24T05:30:00Z,2026-08-24T00:00:00Z,2026-08-29T15:00:00Z,135,spectrum,coronado_north,1.048,5m,5.0,1.048,0.816,1.04,17.8,212.0,recomputed
2026-08-24T05:30:00Z,2026-08-24T00:00:00Z,2026-08-29T15:00:00Z,135,spectrum,coronado_center,0.709,5m,5.0,0.709,0.832,1.04,17.8,224.0,recomputed
2026-08-24T05:30:00Z,2026-08-24T00:00:00Z,2026-08-29T15:00:00Z,135,spectrum,coronado_south,0.51,5m,5.0,0.51,0.829,1.04,9.7,240.0,recomputed
2026-08-24T05:30:00Z,2026-08-24T00:00:00Z,2026-08-29T18:00:00Z,138,spectrum,buoy,1.086,buoy,,,,1.086,16.6,200.0,recomputed
2026-08-24T05:30:00Z,2026-08-24T00:00:00Z,2026-08-29T18:00:00Z,138,spectrum,coronado_north,1.083,5m,5.0,1.083,0.83,1.086,16.6,211.0,recomputed
2026-08-24T05:30:00Z,2026-08-24T00:00:00Z,2026-08-29T18:00:00Z,138,spectrum,coronado_center,0.729,5m,5.0,0.729,0.847,1.086,16.6,224.0,recomputed
2026-08-24T05:30:00Z,2026-08-24T00:00:00Z,2026-08-29T18:00:00Z,138,spectrum,coronado_south,0.546,5m,5.0,0.546,0.846,1.086,9.7,245.0,recomputed
2026-08-24T05:30:00Z,2026-08-24T00:00:00Z,2026-08-29T21:00:00Z,141,spectrum,buoy,1.121,buoy,,,,1.121,16.6,199.0,recomputed
2026-08-24T05:30:00Z,2026-08-24T00:00:00Z,2026-08-29T21:00:00Z,141,spectrum,coronado_north,1.111,5m,5.0,1.111,0.845,1.121,16.6,210.0,recomputed
2026-08-24T05:30:00Z,2026-08-24T00:00:00Z,2026-08-29T21:00:00Z,141,spectrum,coronado_center,0.737,5m,5.0,0.737,0.863,1.121,16.6,225.0,recomputed
2026-08-24T05:30:00Z,2026-08-24T00:00:00Z,2026-08-29T21:00:00Z,141,spectrum,coronado_south,0.561,5m,5.0,0.561,0.863,1.121,9.0,248.0,recomputed
2026-08-24T05:30:00Z,2026-08-24T00:00:00Z,2026-08-30T00:00:00Z,144,spectrum,buoy,1.143,buoy,,,,1.143,16.6,198.0,recomputed
2026-08-24T05:30:00Z,2026-08-24T00:00:00Z,2026-08-30T00:00:00Z,144,spectrum,coronado_north,1.128,5m,5.0,1.128,0.852,1.143,16.6,210.0,recomputed
2026-08-24T05:30:00Z,2026-08-24T00:00:00Z,2026-08-30T00:00:00Z,144,spectrum,coronado_center,0.735,5m,5.0,0.735,0.871,1.143,16.6,225.0,recomputed
2026-08-24T05:30:00Z,2026-08-24T00:00:00Z,2026-08-30T00:00:00Z,144,spectrum,coronado_south,0.569,5m,5.0,0.569,0.875,1.143,9.0,249.0,recomputed
2026-08-24T05:30:00Z,2026-08-24T00:00:00Z,2026-08-30T03:00:00Z,147,spectrum,buoy,1.175,buoy,,,,1.175,16.6,198.0,recomputed
2026-08-24T05:30:00Z,2026-08-24T00:00:00Z,2026-08-30T03:00:00Z,147,spectrum,coronado_north,1.141,5m,5.0,1.141,0.86,1.175,16.6,211.0,recomputed
2026-08-24T05:30:00Z,2026-08-24T00:00:00Z,2026-08-30T03:00:00Z,147,spectrum,coronado_center,0.734,5m,5.0,0.734,0.883,1.175,16.6,226.0,recomputed
2026-08-24T05:30:00Z,2026-08-24T00:00:00Z,2026-08-30T03:00:00Z,147,spectrum,coronado_south,0.579,5m,5.0,0.579,0.892,1.175,9.0,248.0,recomputed
2026-08-24T05:30:00Z,2026-08-24T00:00:00Z,2026-08-30T06:00:00Z,150,spectrum,buoy,1.226,buoy,,,,1.226,15.6,198.0,recomputed
2026-08-24T05:30:00Z,2026-08-24T00:00:00Z,2026-08-30T06:00:00Z,150,spectrum,coronado_north,1.149,5m,5.0,1.149,0.866,1.226,15.6,211.0,recomputed
2026-08-24T05:30:00Z,2026-08-24T00:00:00Z,2026-08-30T06:00:00Z,150,spectrum,coronado_center,0.736,5m,5.0,0.736,0.892,1.226,16.6,227.0,recomputed
2026-08-24T05:30:00Z,2026-08-24T00:00:00Z,2026-08-30T06:00:00Z,150,spectrum,coronado_south,0.603,5m,5.0,0.603,0.909,1.226,9.0,251.0,recomputed
2026-08-24T05:30:00Z,2026-08-24T00:00:00Z,2026-08-30T09:00:00Z,153,spectrum,buoy,1.276,buoy,,,,1.276,15.6,198.0,recomputed
2026-08-24T05:30:00Z,2026-08-24T00:00:00Z,2026-08-30T09:00:00Z,153,spectrum,coronado_north,1.145,5m,5.0,1.145,0.863,1.276,15.6,211.0,recomputed
2026-08-24T05:30:00Z,2026-08-24T00:00:00Z,2026-08-30T09:00:00Z,153,spectrum,coronado_center,0.741,5m,5.0,0.741,0.889,1.276,15.6,230.0,recomputed
2026-08-24T05:30:00Z,2026-08-24T00:00:00Z,2026-08-30T09:00:00Z,153,spectrum,coronado_south,0.639,5m,5.0,0.639,0.909,1.276,9.0,255.0,recomputed
2026-08-24T05:30:00Z,2026-08-24T00:00:00Z,2026-08-30T12:00:00Z,156,spectrum,buoy,1.329,buoy,,,,1.329,15.6,198.0,recomputed
2026-08-24T05:30:00Z,2026-08-24T00:00:00Z,2026-08-30T12:00:00Z,156,spectrum,coronado_north,1.134,5m,5.0,1.134,0.855,1.329,15.6,211.0,recomputed
2026-08-24T05:30:00Z,2026-08-24T00:00:00Z,2026-08-30T12:00:00Z,156,spectrum,coronado_center,0.745,5m,5.0,0.745,0.881,1.329,15.6,232.0,recomputed
2026-08-24T05:30:00Z,2026-08-24T00:00:00Z,2026-08-30T12:00:00Z,156,spectrum,coronado_south,0.673,5m,5.0,0.673,0.903,1.329,9.0,258.0,recomputed
2026-08-24T05:30:00Z,2026-08-24T00:00:00Z,2026-08-30T15:00:00Z,159,spectrum,buoy,1.33,buoy,,,,1.33,15.6,198.0,recomputed
2026-08-24T05:30:00Z,2026-08-24T00:00:00Z,2026-08-30T15:00:00Z,159,spectrum,coronado_north,1.118,5m,5.0,1.118,0.848,1.33,15.6,212.0,recomputed
2026-08-24T05:30:00Z,2026-08-24T00:00:00Z,2026-08-30T15:00:00Z,159,spectrum,coronado_center,0.73,5m,5.0,0.73,0.874,1.33,15.6,233.0,recomputed
2026-08-24T05:30:00Z,2026-08-24T00:00:00Z,2026-08-30T15:00:00Z,159,spectrum,coronado_south,0.666,5m,5.0,0.666,0.896,1.33,9.0,258.0,recomputed
2026-08-24T05:30:00Z,2026-08-24T00:00:00Z,2026-08-30T18:00:00Z,162,spectrum,buoy,1.295,buoy,,,,1.295,14.5,198.0,recomputed
2026-08-24T05:30:00Z,2026-08-24T00:00:00Z,2026-08-30T18:00:00Z,162,spectrum,coronado_north,1.104,5m,5.0,1.104,0.84,1.295,15.6,212.0,recomputed
2026-08-24T05:30:00Z,2026-08-24T00:00:00Z,2026-08-30T18:00:00Z,162,spectrum,coronado_center,0.711,5m,5.0,0.711,0.867,1.295,15.6,232.0,recomputed
2026-08-24T05:30:00Z,2026-08-24T00:00:00Z,2026-08-30T18:00:00Z,162,spectrum,coronado_south,0.632,5m,5.0,0.632,0.886,1.295,9.0,258.0,recomputed
2026-08-24T05:30:00Z,2026-08-24T00:00:00Z,2026-08-30T21:00:00Z,165,spectrum,buoy,1.253,buoy,,,,1.253,14.5,197.0,recomputed
2026-08-24T05:30:00Z,2026-08-24T00:00:00Z,2026-08-30T21:00:00Z,165,spectrum,coronado_north,1.084,5m,5.0,1.084,0.835,1.253,15.6,213.0,recomputed
2026-08-24T05:30:00Z,2026-08-24T00:00:00Z,2026-08-30T21:00:00Z,165,spectrum,coronado_center,0.684,5m,5.0,0.684,0.859,1.253,15.6,230.0,recomputed
2026-08-24T05:30:00Z,2026-08-24T00:00:00Z,2026-08-30T21:00:00Z,165,spectrum,coronado_south,0.602,5m,5.0,0.602,0.875,1.253,9.0,256.0,recomputed
2026-08-24T05:30:00Z,2026-08-24T00:00:00Z,2026-08-31T00:00:00Z,168,spectrum,buoy,1.21,buoy,,,,1.21,14.5,196.0,recomputed
2026-08-24T05:30:00Z,2026-08-24T00:00:00Z,2026-08-31T00:00:00Z,168,spectrum,coronado_north,1.064,5m,5.0,1.064,0.827,1.21,14.5,213.0,recomputed
2026-08-24T05:30:00Z,2026-08-24T00:00:00Z,2026-08-31T00:00:00Z,168,spectrum,coronado_center,0.665,5m,5.0,0.665,0.849,1.21,14.5,229.0,recomputed
2026-08-24T05:30:00Z,2026-08-24T00:00:00Z,2026-08-31T00:00:00Z,168,spectrum,coronado_south,0.572,5m,5.0,0.572,0.859,1.21,9.0,255.0,recomputed
2026-08-25T05:30:00Z,2026-08-25T00:00:00Z,2026-08-25T00:00:00Z,0,spectrum,buoy,0.793,buoy,,,,0.793,13.6,189.0,recomputed
2026-08-25T05:30:00Z,2026-08-25T00:00:00Z,2026-08-25T00:00:00Z,0,spectrum,coronado_north,0.722,5m,5.0,0.722,0.585,0.793,16.6,217.0,recomputed
2026-08-25T05:30:00Z,2026-08-25T00:00:00Z,2026-08-25T00:00:00Z,0,spectrum,coronado_center,0.529,5m,5.0,0.529,0.604,0.793,16.6,226.0,recomputed
2026-08-25T05:30:00Z,2026-08-25T00:00:00Z,2026-08-25T00:00:00Z,0,spectrum,coronado_south,0.385,5m,5.0,0.385,0.609,0.793,12.7,208.0,recomputed
2026-08-25T05:30:00Z,2026-08-25T00:00:00Z,2026-08-25T03:00:00Z,3,spectrum,buoy,0.793,buoy,,,,0.793,13.6,188.0,recomputed
2026-08-25T05:30:00Z,2026-08-25T00:00:00Z,2026-08-25T03:00:00Z,3,spectrum,coronado_north,0.741,5m,5.0,0.741,0.6,0.793,16.6,217.0,recomputed
2026-08-25T05:30:00Z,2026-08-25T00:00:00Z,2026-08-25T03:00:00Z,3,spectrum,coronado_center,0.542,5m,5.0,0.542,0.618,0.793,16.6,226.0,recomputed
2026-08-25T05:30:00Z,2026-08-25T00:00:00Z,2026-08-25T03:00:00Z,3,spectrum,coronado_south,0.386,5m,5.0,0.386,0.622,0.793,13.6,211.0,recomputed
2026-08-25T05:30:00Z,2026-08-25T00:00:00Z,2026-08-25T06:00:00Z,6,spectrum,buoy,0.788,buoy,,,,0.788,13.6,188.0,recomputed
2026-08-25T05:30:00Z,2026-08-25T00:00:00Z,2026-08-25T06:00:00Z,6,spectrum,coronado_north,0.746,5m,5.0,0.746,0.607,0.788,16.6,217.0,recomputed
2026-08-25T05:30:00Z,2026-08-25T00:00:00Z,2026-08-25T06:00:00Z,6,spectrum,coronado_center,0.542,5m,5.0,0.542,0.625,0.788,16.6,226.0,recomputed
2026-08-25T05:30:00Z,2026-08-25T00:00:00Z,2026-08-25T06:00:00Z,6,spectrum,coronado_south,0.385,5m,5.0,0.385,0.628,0.788,12.7,209.0,recomputed
2026-08-25T05:30:00Z,2026-08-25T00:00:00Z,2026-08-25T09:00:00Z,9,spectrum,buoy,0.781,buoy,,,,0.781,13.6,188.0,recomputed
2026-08-25T05:30:00Z,2026-08-25T00:00:00Z,2026-08-25T09:00:00Z,9,spectrum,coronado_north,0.743,5m,5.0,0.743,0.605,0.781,16.6,217.0,recomputed
2026-08-25T05:30:00Z,2026-08-25T00:00:00Z,2026-08-25T09:00:00Z,9,spectrum,coronado_center,0.54,5m,5.0,0.54,0.623,0.781,16.6,226.0,recomputed
2026-08-25T05:30:00Z,2026-08-25T00:00:00Z,2026-08-25T09:00:00Z,9,spectrum,coronado_south,0.384,5m,5.0,0.384,0.627,0.781,12.7,208.0,recomputed
2026-08-25T05:30:00Z,2026-08-25T00:00:00Z,2026-08-25T12:00:00Z,12,spectrum,buoy,0.783,buoy,,,,0.783,12.7,189.0,recomputed
2026-08-25T05:30:00Z,2026-08-25T00:00:00Z,2026-08-25T12:00:00Z,12,spectrum,coronado_north,0.738,5m,5.0,0.738,0.604,0.783,16.6,216.0,recomputed
2026-08-25T05:30:00Z,2026-08-25T00:00:00Z,2026-08-25T12:00:00Z,12,spectrum,coronado_center,0.538,5m,5.0,0.538,0.621,0.783,16.6,226.0,recomputed
2026-08-25T05:30:00Z,2026-08-25T00:00:00Z,2026-08-25T12:00:00Z,12,spectrum,coronado_south,0.39,5m,5.0,0.39,0.625,0.783,12.7,205.0,recomputed
2026-08-25T05:30:00Z,2026-08-25T00:00:00Z,2026-08-25T15:00:00Z,15,spectrum,buoy,0.8,buoy,,,,0.8,12.7,186.0,recomputed
2026-08-25T05:30:00Z,2026-08-25T00:00:00Z,2026-08-25T15:00:00Z,15,spectrum,coronado_north,0.731,5m,5.0,0.731,0.613,0.8,16.6,216.0,recomputed
2026-08-25T05:30:00Z,2026-08-25T00:00:00Z,2026-08-25T15:00:00Z,15,spectrum,coronado_center,0.533,5m,5.0,0.533,0.628,0.8,16.6,225.0,recomputed
2026-08-25T05:30:00Z,2026-08-25T00:00:00Z,2026-08-25T15:00:00Z,15,spectrum,coronado_south,0.392,5m,5.0,0.392,0.629,0.8,12.7,208.0,recomputed
2026-08-25T05:30:00Z,2026-08-25T00:00:00Z,2026-08-25T18:00:00Z,18,spectrum,buoy,0.823,buoy,,,,0.823,12.7,182.0,recomputed
2026-08-25T05:30:00Z,2026-08-25T00:00:00Z,2026-08-25T18:00:00Z,18,spectrum,coronado_north,0.729,5m,5.0,0.729,0.638,0.823,15.6,216.0,recomputed
2026-08-25T05:30:00Z,2026-08-25T00:00:00Z,2026-08-25T18:00:00Z,18,spectrum,coronado_center,0.543,5m,5.0,0.543,0.65,0.823,16.6,223.0,recomputed
2026-08-25T05:30:00Z,2026-08-25T00:00:00Z,2026-08-25T18:00:00Z,18,spectrum,coronado_south,0.407,5m,5.0,0.407,0.645,0.823,11.9,206.0,recomputed
2026-08-25T05:30:00Z,2026-08-25T00:00:00Z,2026-08-25T21:00:00Z,21,spectrum,buoy,0.869,buoy,,,,0.869,12.7,181.0,recomputed
2026-08-25T05:30:00Z,2026-08-25T00:00:00Z,2026-08-25T21:00:00Z,21,spectrum,coronado_north,0.732,5m,5.0,0.732,0.685,0.869,15.6,221.0,recomputed
2026-08-25T05:30:00Z,2026-08-25T00:00:00Z,2026-08-25T21:00:00Z,21,spectrum,coronado_center,0.565,5m,5.0,0.565,0.694,0.869,16.6,221.0,recomputed
2026-08-25T05:30:00Z,2026-08-25T00:00:00Z,2026-08-25T21:00:00Z,21,spectrum,coronado_south,0.437,5m,5.0,0.437,0.684,0.869,11.9,202.0,recomputed
2026-08-25T05:30:00Z,2026-08-25T00:00:00Z,2026-08-26T00:00:00Z,24,spectrum,buoy,0.944,buoy,,,,0.944,11.9,176.0,recomputed
2026-08-25T05:30:00Z,2026-08-25T00:00:00Z,2026-08-26T00:00:00Z,24,spectrum,coronado_north,0.736,5m,5.0,0.736,0.754,0.944,15.6,220.0,recomputed
2026-08-25T05:30:00Z,2026-08-25T00:00:00Z,2026-08-26T00:00:00Z,24,spectrum,coronado_center,0.58,5m,5.0,0.58,0.762,0.944,16.6,228.0,recomputed
2026-08-25T05:30:00Z,2026-08-25T00:00:00Z,2026-08-26T00:00:00Z,24,spectrum,coronado_south,0.459,5m,5.0,0.459,0.748,0.944,11.9,199.0,recomputed
2026-08-25T05:30:00Z,2026-08-25T00:00:00Z,2026-08-26T03:00:00Z,27,spectrum,buoy,1.053,buoy,,,,1.053,11.1,172.0,recomputed
2026-08-25T05:30:00Z,2026-08-25T00:00:00Z,2026-08-26T03:00:00Z,27,spectrum,coronado_north,0.765,5m,5.0,0.765,0.851,1.053,16.6,212.0,recomputed
2026-08-25T05:30:00Z,2026-08-25T00:00:00Z,2026-08-26T03:00:00Z,27,spectrum,coronado_center,0.604,5m,5.0,0.604,0.86,1.053,16.6,226.0,recomputed
2026-08-25T05:30:00Z,2026-08-25T00:00:00Z,2026-08-26T03:00:00Z,27,spectrum,coronado_south,0.512,5m,5.0,0.512,0.845,1.053,11.9,190.0,recomputed
2026-08-25T05:30:00Z,2026-08-25T00:00:00Z,2026-08-26T06:00:00Z,30,spectrum,buoy,1.17,buoy,,,,1.17,12.7,177.0,recomputed
2026-08-25T05:30:00Z,2026-08-25T00:00:00Z,2026-08-26T06:00:00Z,30,spectrum,coronado_north,0.797,5m,5.0,0.797,0.961,1.17,16.6,209.0,recomputed
2026-08-25T05:30:00Z,2026-08-25T00:00:00Z,2026-08-26T06:00:00Z,30,spectrum,coronado_center,0.632,5m,5.0,0.632,0.971,1.17,16.6,224.0,recomputed
2026-08-25T05:30:00Z,2026-08-25T00:00:00Z,2026-08-26T06:00:00Z,30,spectrum,coronado_south,0.556,5m,5.0,0.556,0.957,1.17,11.9,187.0,recomputed
2026-08-25T05:30:00Z,2026-08-25T00:00:00Z,2026-08-26T09:00:00Z,33,spectrum,buoy,1.262,buoy,,,,1.262,13.6,178.0,recomputed
2026-08-25T05:30:00Z,2026-08-25T00:00:00Z,2026-08-26T09:00:00Z,33,spectrum,coronado_north,0.792,5m,5.0,0.792,1.053,1.262,15.6,213.0,recomputed
2026-08-25T05:30:00Z,2026-08-25T00:00:00Z,2026-08-26T09:00:00Z,33,spectrum,coronado_center,0.647,5m,5.0,0.647,1.065,1.262,16.6,223.0,recomputed
2026-08-25T05:30:00Z,2026-08-25T00:00:00Z,2026-08-26T09:00:00Z,33,spectrum,coronado_south,0.609,5m,5.0,0.609,1.05,1.262,11.9,189.0,recomputed
2026-08-25T05:30:00Z,2026-08-25T00:00:00Z,2026-08-26T12:00:00Z,36,spectrum,buoy,1.316,buoy,,,,1.316,12.7,176.0,recomputed
2026-08-25T05:30:00Z,2026-08-25T00:00:00Z,2026-08-26T12:00:00Z,36,spectrum,coronado_north,0.801,5m,5.0,0.801,1.106,1.316,15.6,216.0,recomputed
2026-08-25T05:30:00Z,2026-08-25T00:00:00Z,2026-08-26T12:00:00Z,36,spectrum,coronado_center,0.654,5m,5.0,0.654,1.119,1.316,16.6,225.0,recomputed
2026-08-25T05:30:00Z,2026-08-25T00:00:00Z,2026-08-26T12:00:00Z,36,spectrum,coronado_south,0.646,5m,5.0,0.646,1.106,1.316,11.9,188.0,recomputed
2026-08-25T05:30:00Z,2026-08-25T00:00:00Z,2026-08-26T15:00:00Z,39,spectrum,buoy,1.342,buoy,,,,1.342,11.9,176.0,recomputed
2026-08-25T05:30:00Z,2026-08-25T00:00:00Z,2026-08-26T15:00:00Z,39,spectrum,coronado_north,0.814,5m,5.0,0.814,1.123,1.342,15.6,216.0,recomputed
2026-08-25T05:30:00Z,2026-08-25T00:00:00Z,2026-08-26T15:00:00Z,39,spectrum,coronado_center,0.654,5m,5.0,0.654,1.14,1.342,15.6,227.0,recomputed
2026-08-25T05:30:00Z,2026-08-25T00:00:00Z,2026-08-26T15:00:00Z,39,spectrum,coronado_south,0.672,5m,5.0,0.672,1.129,1.342,11.9,194.0,recomputed
2026-08-25T05:30:00Z,2026-08-25T00:00:00Z,2026-08-26T18:00:00Z,42,spectrum,buoy,1.379,buoy,,,,1.379,11.9,177.0,recomputed
2026-08-25T05:30:00Z,2026-08-25T00:00:00Z,2026-08-26T18:00:00Z,42,spectrum,coronado_north,0.833,5m,5.0,0.833,1.146,1.379,15.6,216.0,recomputed
2026-08-25T05:30:00Z,2026-08-25T00:00:00Z,2026-08-26T18:00:00Z,42,spectrum,coronado_center,0.674,5m,5.0,0.674,1.167,1.379,15.6,228.0,recomputed
2026-08-25T05:30:00Z,2026-08-25T00:00:00Z,2026-08-26T18:00:00Z,42,spectrum,coronado_south,0.701,5m,5.0,0.701,1.158,1.379,11.9,194.0,recomputed
2026-08-25T05:30:00Z,2026-08-25T00:00:00Z,2026-08-26T21:00:00Z,45,spectrum,buoy,1.41,buoy,,,,1.41,11.9,178.0,recomputed
2026-08-25T05:30:00Z,2026-08-25T00:00:00Z,2026-08-26T21:00:00Z,45,spectrum,coronado_north,0.978,5m,5.0,0.978,1.172,1.41,15.6,217.0,recomputed
2026-08-25T05:30:00Z,2026-08-25T00:00:00Z,2026-08-26T21:00:00Z,45,spectrum,coronado_center,0.706,5m,5.0,0.706,1.198,1.41,15.6,229.0,recomputed
2026-08-25T05:30:00Z,2026-08-25T00:00:00Z,2026-08-26T21:00:00Z,45,spectrum,coronado_south,0.736,5m,5.0,0.736,1.192,1.41,11.9,193.0,recomputed
2026-08-25T05:30:00Z,2026-08-25T00:00:00Z,2026-08-27T00:00:00Z,48,spectrum,buoy,1.396,buoy,,,,1.396,11.9,180.0,recomputed
2026-08-25T05:30:00Z,2026-08-25T00:00:00Z,2026-08-27T00:00:00Z,48,spectrum,coronado_north,0.937,5m,5.0,0.937,1.162,1.396,15.6,219.0,recomputed
2026-08-25T05:30:00Z,2026-08-25T00:00:00Z,2026-08-27T00:00:00Z,48,spectrum,coronado_center,0.695,5m,5.0,0.695,1.191,1.396,15.6,231.0,recomputed
2026-08-25T05:30:00Z,2026-08-25T00:00:00Z,2026-08-27T00:00:00Z,48,spectrum,coronado_south,0.732,5m,5.0,0.732,1.187,1.396,11.9,193.0,recomputed
2026-08-25T05:30:00Z,2026-08-25T00:00:00Z,2026-08-27T03:00:00Z,51,spectrum,buoy,1.353,buoy,,,,1.353,11.1,179.0,recomputed
2026-08-25T05:30:00Z,2026-08-25T00:00:00Z,2026-08-27T03:00:00Z,51,spectrum,coronado_north,0.868,5m,5.0,0.868,1.127,1.353,15.6,220.0,recomputed
2026-08-25T05:30:00Z,2026-08-25T00:00:00Z,2026-08-27T03:00:00Z,51,spectrum,coronado_center,0.679,5m,5.0,0.679,1.157,1.353,15.6,233.0,recomputed
2026-08-25T05:30:00Z,2026-08-25T00:00:00Z,2026-08-27T03:00:00Z,51,spectrum,coronado_south,0.71,5m,5.0,0.71,1.154,1.353,11.9,194.0,recomputed
2026-08-25T05:30:00Z,2026-08-25T00:00:00Z,2026-08-27T06:00:00Z,54,spectrum,buoy,1.307,buoy,,,,1.307,11.1,180.0,recomputed
2026-08-25T05:30:00Z,2026-08-25T00:00:00Z,2026-08-27T06:00:00Z,54,spectrum,coronado_north,0.841,5m,5.0,0.841,1.088,1.307,15.6,209.0,recomputed
2026-08-25T05:30:00Z,2026-08-25T00:00:00Z,2026-08-27T06:00:00Z,54,spectrum,coronado_center,0.676,5m,5.0,0.676,1.118,1.307,15.6,234.0,recomputed
2026-08-25T05:30:00Z,2026-08-25T00:00:00Z,2026-08-27T06:00:00Z,54,spectrum,coronado_south,0.69,5m,5.0,0.69,1.116,1.307,11.9,194.0,recomputed
2026-08-25T05:30:00Z,2026-08-25T00:00:00Z,2026-08-27T09:00:00Z,57,spectrum,buoy,1.261,buoy,,,,1.261,10.4,180.0,recomputed
2026-08-25T05:30:00Z,2026-08-25T00:00:00Z,2026-08-27T09:00:00Z,57,spectrum,coronado_north,0.82,5m,5.0,0.82,1.048,1.261,15.6,209.0,recomputed
2026-08-25T05:30:00Z,2026-08-25T00:00:00Z,2026-08-27T09:00:00Z,57,spectrum,coronado_center,0.658,5m,5.0,0.658,1.079,1.261,14.5,234.0,recomputed
2026-08-25T05:30:00Z,2026-08-25T00:00:00Z,2026-08-27T09:00:00Z,57,spectrum,coronado_south,0.666,5m,5.0,0.666,1.077,1.261,10.4,195.0,recomputed
2026-08-25T05:30:00Z,2026-08-25T00:00:00Z,2026-08-27T12:00:00Z,60,spectrum,buoy,1.224,buoy,,,,1.224,10.4,180.0,recomputed
2026-08-25T05:30:00Z,2026-08-25T00:00:00Z,2026-08-27T12:00:00Z,60,spectrum,coronado_north,0.811,5m,5.0,0.811,1.016,1.224,14.5,210.0,recomputed
2026-08-25T05:30:00Z,2026-08-25T00:00:00Z,2026-08-27T12:00:00Z,60,spectrum,coronado_center,0.669,5m,5.0,0.669,1.048,1.224,14.5,234.0,recomputed
2026-08-25T05:30:00Z,2026-08-25T00:00:00Z,2026-08-27T12:00:00Z,60,spectrum,coronado_south,0.677,5m,5.0,0.677,1.045,1.224,10.4,198.0,recomputed
2026-08-25T05:30:00Z,2026-08-25T00:00:00Z,2026-08-27T15:00:00Z,63,spectrum,buoy,1.201,buoy,,,,1.201,10.4,182.0,recomputed
2026-08-25T05:30:00Z,2026-08-25T00:00:00Z,2026-08-27T15:00:00Z,63,spectrum,coronado_north,0.814,5m,5.0,0.814,0.996,1.201,14.5,211.0,recomputed
2026-08-25T05:30:00Z,2026-08-25T00:00:00Z,2026-08-27T15:00:00Z,63,spectrum,coronado_center,0.637,5m,5.0,0.637,1.027,1.201,14.5,235.0,recomputed
2026-08-25T05:30:00Z,2026-08-25T00:00:00Z,2026-08-27T15:00:00Z,63,spectrum,coronado_south,0.642,5m,5.0,0.642,1.026,1.201,11.9,197.0,recomputed
2026-08-25T05:30:00Z,2026-08-25T00:00:00Z,2026-08-27T18:00:00Z,66,spectrum,buoy,1.183,buoy,,,,1.183,11.1,185.0,recomputed
2026-08-25T05:30:00Z,2026-08-25T00:00:00Z,2026-08-27T18:00:00Z,66,spectrum,coronado_north,0.846,5m,5.0,0.846,0.978,1.183,14.5,212.0,recomputed
2026-08-25T05:30:00Z,2026-08-25T00:00:00Z,2026-08-27T18:00:00Z,66,spectrum,coronado_center,0.644,5m,5.0,0.644,1.01,1.183,14.5,234.0,recomputed
2026-08-25T05:30:00Z,2026-08-25T00:00:00Z,2026-08-27T18:00:00Z,66,spectrum,coronado_south,0.635,5m,5.0,0.635,1.008,1.183,10.4,199.0,recomputed
2026-08-25T05:30:00Z,2026-08-25T00:00:00Z,2026-08-27T21:00:00Z,69,spectrum,buoy,1.166,buoy,,,,1.166,10.4,184.0,recomputed
2026-08-25T05:30:00Z,2026-08-25T00:00:00Z,2026-08-27T21:00:00Z,69,spectrum,coronado_north,0.818,5m,5.0,0.818,0.963,1.166,14.5,213.0,recomputed
2026-08-25T05:30:00Z,2026-08-25T00:00:00Z,2026-08-27T21:00:00Z,69,spectrum,coronado_center,0.645,5m,5.0,0.645,0.993,1.166,11.1,201.0,recomputed
2026-08-25T05:30:00Z,2026-08-25T00:00:00Z,2026-08-27T21:00:00Z,69,spectrum,coronado_south,0.629,5m,5.0,0.629,0.99,1.166,10.4,200.0,recomputed
2026-08-25T05:30:00Z,2026-08-25T00:00:00Z,2026-08-28T00:00:00Z,72,spectrum,buoy,1.136,buoy,,,,1.136,10.4,185.0,recomputed
2026-08-25T05:30:00Z,2026-08-25T00:00:00Z,2026-08-28T00:00:00Z,72,spectrum,coronado_north,0.807,5m,5.0,0.807,0.937,1.136,14.5,214.0,recomputed
2026-08-25T05:30:00Z,2026-08-25T00:00:00Z,2026-08-28T00:00:00Z,72,spectrum,coronado_center,0.641,5m,5.0,0.641,0.966,1.136,11.1,202.0,recomputed
2026-08-25T05:30:00Z,2026-08-25T00:00:00Z,2026-08-28T00:00:00Z,72,spectrum,coronado_south,0.62,5m,5.0,0.62,0.963,1.136,10.4,202.0,recomputed
2026-08-25T05:30:00Z,2026-08-25T00:00:00Z,2026-08-28T03:00:00Z,75,spectrum,buoy,1.102,buoy,,,,1.102,9.7,185.0,recomputed
2026-08-25T05:30:00Z,2026-08-25T00:00:00Z,2026-08-28T03:00:00Z,75,spectrum,coronado_north,0.8,5m,5.0,0.8,0.908,1.102,14.5,215.0,recomputed
2026-08-25T05:30:00Z,2026-08-25T00:00:00Z,2026-08-28T03:00:00Z,75,spectrum,coronado_center,0.639,5m,5.0,0.639,0.935,1.102,9.7,205.0,recomputed
2026-08-25T05:30:00Z,2026-08-25T00:00:00Z,2026-08-28T03:00:00Z,75,spectrum,coronado_south,0.606,5m,5.0,0.606,0.93,1.102,10.4,202.0,recomputed
2026-08-25T05:30:00Z,2026-08-25T00:00:00Z,2026-08-28T06:00:00Z,78,spectrum,buoy,1.07,buoy,,,,1.07,9.7,185.0,recomputed
2026-08-25T05:30:00Z,2026-08-25T00:00:00Z,2026-08-28T06:00:00Z,78,spectrum,coronado_north,0.808,5m,5.0,0.808,0.882,1.07,13.6,215.0,recomputed
2026-08-25T05:30:00Z,2026-08-25T00:00:00Z,2026-08-28T06:00:00Z,78,spectrum,coronado_center,0.644,5m,5.0,0.644,0.907,1.07,9.7,207.0,recomputed
2026-08-25T05:30:00Z,2026-08-25T00:00:00Z,2026-08-28T06:00:00Z,78,spectrum,coronado_south,0.591,5m,5.0,0.591,0.902,1.07,9.7,204.0,recomputed
2026-08-25T05:30:00Z,2026-08-25T00:00:00Z,2026-08-28T09:00:00Z,81,spectrum,buoy,1.037,buoy,,,,1.037,9.7,186.0,recomputed
2026-08-25T05:30:00Z,2026-08-25T00:00:00Z,2026-08-28T09:00:00Z,81,spectrum,coronado_north,0.823,5m,5.0,0.823,0.857,1.037,13.6,215.0,recomputed
2026-08-25T05:30:00Z,2026-08-25T00:00:00Z,2026-08-28T09:00:00Z,81,spectrum,coronado_center,0.65,5m,5.0,0.65,0.881,1.037,13.6,234.0,recomputed
2026-08-25T05:30:00Z,2026-08-25T00:00:00Z,2026-08-28T09:00:00Z,81,spectrum,coronado_south,0.572,5m,5.0,0.572,0.875,1.037,9.7,206.0,recomputed
2026-08-25T05:30:00Z,2026-08-25T00:00:00Z,2026-08-28T12:00:00Z,84,spectrum,buoy,1.005,buoy,,,,1.005,9.7,186.0,recomputed
2026-08-25T05:30:00Z,2026-08-25T00:00:00Z,2026-08-28T12:00:00Z,84,spectrum,coronado_north,0.842,5m,5.0,0.842,0.832,1.005,13.6,216.0,recomputed
2026-08-25T05:30:00Z,2026-08-25T00:00:00Z,2026-08-28T12:00:00Z,84,spectrum,coronado_center,0.655,5m,5.0,0.655,0.854,1.005,13.6,233.0,recomputed
2026-08-25T05:30:00Z,2026-08-25T00:00:00Z,2026-08-28T12:00:00Z,84,spectrum,coronado_south,0.554,5m,5.0,0.554,0.848,1.005,9.0,208.0,recomputed
2026-08-25T05:30:00Z,2026-08-25T00:00:00Z,2026-08-28T15:00:00Z,87,spectrum,buoy,0.974,buoy,,,,0.974,9.0,187.0,recomputed
2026-08-25T05:30:00Z,2026-08-25T00:00:00Z,2026-08-28T15:00:00Z,87,spectrum,coronado_north,0.855,5m,5.0,0.855,0.806,0.974,13.6,216.0,recomputed
2026-08-25T05:30:00Z,2026-08-25T00:00:00Z,2026-08-28T15:00:00Z,87,spectrum,coronado_center,0.652,5m,5.0,0.652,0.826,0.974,13.6,232.0,recomputed
2026-08-25T05:30:00Z,2026-08-25T00:00:00Z,2026-08-28T15:00:00Z,87,spectrum,coronado_south,0.533,5m,5.0,0.533,0.821,0.974,9.0,213.0,recomputed
2026-08-25T05:30:00Z,2026-08-25T00:00:00Z,2026-08-28T18:00:00Z,90,spectrum,buoy,0.957,buoy,,,,0.957,9.0,188.0,recomputed
2026-08-25T05:30:00Z,2026-08-25T00:00:00Z,2026-08-28T18:00:00Z,90,spectrum,coronado_north,0.872,5m,5.0,0.872,0.785,0.957,13.6,216.0,recomputed
2026-08-25T05:30:00Z,2026-08-25T00:00:00Z,2026-08-28T18:00:00Z,90,spectrum,coronado_center,0.652,5m,5.0,0.652,0.804,0.957,16.6,224.0,recomputed
2026-08-25T05:30:00Z,2026-08-25T00:00:00Z,2026-08-28T18:00:00Z,90,spectrum,coronado_south,0.513,5m,5.0,0.513,0.8,0.957,9.0,217.0,recomputed
2026-08-25T05:30:00Z,2026-08-25T00:00:00Z,2026-08-28T21:00:00Z,93,spectrum,buoy,0.956,buoy,,,,0.956,9.0,190.0,recomputed
2026-08-25T05:30:00Z,2026-08-25T00:00:00Z,2026-08-28T21:00:00Z,93,spectrum,coronado_north,0.904,5m,5.0,0.904,0.776,0.956,13.6,220.0,recomputed
2026-08-25T05:30:00Z,2026-08-25T00:00:00Z,2026-08-28T21:00:00Z,93,spectrum,coronado_center,0.664,5m,5.0,0.664,0.794,0.956,13.6,226.0,recomputed
2026-08-25T05:30:00Z,2026-08-25T00:00:00Z,2026-08-28T21:00:00Z,93,spectrum,coronado_south,0.511,5m,5.0,0.511,0.79,0.956,9.0,221.0,recomputed
2026-08-25T05:30:00Z,2026-08-25T00:00:00Z,2026-08-29T00:00:00Z,96,spectrum,buoy,0.963,buoy,,,,0.963,8.5,193.0,recomputed
2026-08-25T05:30:00Z,2026-08-25T00:00:00Z,2026-08-29T00:00:00Z,96,spectrum,coronado_north,0.935,5m,5.0,0.935,0.773,0.963,12.7,220.0,recomputed
2026-08-25T05:30:00Z,2026-08-25T00:00:00Z,2026-08-29T00:00:00Z,96,spectrum,coronado_center,0.672,5m,5.0,0.672,0.792,0.963,12.7,227.0,recomputed
2026-08-25T05:30:00Z,2026-08-25T00:00:00Z,2026-08-29T00:00:00Z,96,spectrum,coronado_south,0.5,5m,5.0,0.5,0.789,0.963,9.0,224.0,recomputed
2026-08-25T05:30:00Z,2026-08-25T00:00:00Z,2026-08-29T03:00:00Z,99,spectrum,buoy,0.98,buoy,,,,0.98,8.5,193.0,recomputed
2026-08-25T05:30:00Z,2026-08-25T00:00:00Z,2026-08-29T03:00:00Z,99,spectrum,coronado_north,0.953,5m,5.0,0.953,0.771,0.98,15.6,213.0,recomputed
2026-08-25T05:30:00Z,2026-08-25T00:00:00Z,2026-08-29T03:00:00Z,99,spectrum,coronado_center,0.678,5m,5.0,0.678,0.79,0.98,15.6,223.0,recomputed
2026-08-25T05:30:00Z,2026-08-25T00:00:00Z,2026-08-29T03:00:00Z,99,spectrum,coronado_south,0.489,5m,5.0,0.489,0.79,0.98,8.5,227.0,recomputed
2026-08-25T05:30:00Z,2026-08-25T00:00:00Z,2026-08-29T06:00:00Z,102,spectrum,buoy,1.001,buoy,,,,1.001,17.8,204.0,recomputed
2026-08-25T05:30:00Z,2026-08-25T00:00:00Z,2026-08-29T06:00:00Z,102,spectrum,coronado_north,0.971,5m,5.0,0.971,0.775,1.001,17.8,215.0,recomputed
2026-08-25T05:30:00Z,2026-08-25T00:00:00Z,2026-08-29T06:00:00Z,102,spectrum,coronado_center,0.696,5m,5.0,0.696,0.796,1.001,17.8,227.0,recomputed
2026-08-25T05:30:00Z,2026-08-25T00:00:00Z,2026-08-29T06:00:00Z,102,spectrum,coronado_south,0.509,5m,5.0,0.509,0.8,1.001,8.5,232.0,recomputed
2026-08-25T05:30:00Z,2026-08-25T00:00:00Z,2026-08-29T09:00:00Z,105,spectrum,buoy,1.059,buoy,,,,1.059,17.8,202.0,recomputed
2026-08-25T05:30:00Z,2026-08-25T00:00:00Z,2026-08-29T09:00:00Z,105,spectrum,coronado_north,0.998,5m,5.0,0.998,0.784,1.059,17.8,215.0,recomputed
2026-08-25T05:30:00Z,2026-08-25T00:00:00Z,2026-08-29T09:00:00Z,105,spectrum,coronado_center,0.72,5m,5.0,0.72,0.809,1.059,17.8,227.0,recomputed
2026-08-25T05:30:00Z,2026-08-25T00:00:00Z,2026-08-29T09:00:00Z,105,spectrum,coronado_south,0.53,5m,5.0,0.53,0.823,1.059,10.4,238.0,recomputed
2026-08-25T05:30:00Z,2026-08-25T00:00:00Z,2026-08-29T12:00:00Z,108,spectrum,buoy,1.129,buoy,,,,1.129,17.8,199.0,recomputed
2026-08-25T05:30:00Z,2026-08-25T00:00:00Z,2026-08-29T12:00:00Z,108,spectrum,coronado_north,1.016,5m,5.0,1.016,0.788,1.129,17.8,214.0,recomputed
2026-08-25T05:30:00Z,2026-08-25T00:00:00Z,2026-08-29T12:00:00Z,108,spectrum,coronado_center,0.741,5m,5.0,0.741,0.815,1.129,17.8,226.0,recomputed
2026-08-25T05:30:00Z,2026-08-25T00:00:00Z,2026-08-29T12:00:00Z,108,spectrum,coronado_south,0.555,5m,5.0,0.555,0.834,1.129,6.9,244.0,recomputed
2026-08-25T05:30:00Z,2026-08-25T00:00:00Z,2026-08-29T15:00:00Z,111,spectrum,buoy,1.179,buoy,,,,1.179,17.8,197.0,recomputed
2026-08-25T05:30:00Z,2026-08-25T00:00:00Z,2026-08-29T15:00:00Z,111,spectrum,coronado_north,1.029,5m,5.0,1.029,0.794,1.179,17.8,213.0,recomputed
2026-08-25T05:30:00Z,2026-08-25T00:00:00Z,2026-08-29T15:00:00Z,111,spectrum,coronado_center,0.756,5m,5.0,0.756,0.821,1.179,17.8,225.0,recomputed
2026-08-25T05:30:00Z,2026-08-25T00:00:00Z,2026-08-29T15:00:00Z,111,spectrum,coronado_south,0.59,5m,5.0,0.59,0.842,1.179,6.9,247.0,recomputed
2026-08-25T05:30:00Z,2026-08-25T00:00:00Z,2026-08-29T18:00:00Z,114,spectrum,buoy,1.208,buoy,,,,1.208,16.6,201.0,recomputed
2026-08-25T05:30:00Z,2026-08-25T00:00:00Z,2026-08-29T18:00:00Z,114,spectrum,coronado_north,1.051,5m,5.0,1.051,0.804,1.208,16.6,213.0,recomputed
2026-08-25T05:30:00Z,2026-08-25T00:00:00Z,2026-08-29T18:00:00Z,114,spectrum,coronado_center,0.772,5m,5.0,0.772,0.833,1.208,16.6,225.0,recomputed
2026-08-25T05:30:00Z,2026-08-25T00:00:00Z,2026-08-29T18:00:00Z,114,spectrum,coronado_south,0.61,5m,5.0,0.61,0.856,1.208,6.9,251.0,recomputed
2026-08-25T05:30:00Z,2026-08-25T00:00:00Z,2026-08-29T21:00:00Z,117,spectrum,buoy,1.252,buoy,,,,1.252,16.6,199.0,recomputed
2026-08-25T05:30:00Z,2026-08-25T00:00:00Z,2026-08-29T21:00:00Z,117,spectrum,coronado_north,1.075,5m,5.0,1.075,0.816,1.252,16.6,212.0,recomputed
2026-08-25T05:30:00Z,2026-08-25T00:00:00Z,2026-08-29T21:00:00Z,117,spectrum,coronado_center,0.783,5m,5.0,0.783,0.847,1.252,16.6,224.0,recomputed
2026-08-25T05:30:00Z,2026-08-25T00:00:00Z,2026-08-29T21:00:00Z,117,spectrum,coronado_south,0.63,5m,5.0,0.63,0.874,1.252,6.9,252.0,recomputed
2026-08-25T05:30:00Z,2026-08-25T00:00:00Z,2026-08-30T00:00:00Z,120,spectrum,buoy,1.292,buoy,,,,1.292,16.6,198.0,recomputed
2026-08-25T05:30:00Z,2026-08-25T00:00:00Z,2026-08-30T00:00:00Z,120,spectrum,coronado_north,1.093,5m,5.0,1.093,0.826,1.292,16.6,211.0,recomputed
2026-08-25T05:30:00Z,2026-08-25T00:00:00Z,2026-08-30T00:00:00Z,120,spectrum,coronado_center,0.788,5m,5.0,0.788,0.861,1.292,16.6,225.0,recomputed
2026-08-25T05:30:00Z,2026-08-25T00:00:00Z,2026-08-30T00:00:00Z,120,spectrum,coronado_south,0.646,5m,5.0,0.646,0.894,1.292,6.9,253.0,recomputed
2026-08-25T05:30:00Z,2026-08-25T00:00:00Z,2026-08-30T03:00:00Z,123,spectrum,buoy,1.319,buoy,,,,1.319,16.6,197.0,recomputed
2026-08-25T05:30:00Z,2026-08-25T00:00:00Z,2026-08-30T03:00:00Z,123,spectrum,coronado_north,1.102,5m,5.0,1.102,0.831,1.319,16.6,211.0,recomputed
2026-08-25T05:30:00Z,2026-08-25T00:00:00Z,2026-08-30T03:00:00Z,123,spectrum,coronado_center,0.786,5m,5.0,0.786,0.868,1.319,16.6,225.0,recomputed
2026-08-25T05:30:00Z,2026-08-25T00:00:00Z,2026-08-30T03:00:00Z,123,spectrum,coronado_south,0.655,5m,5.0,0.655,0.906,1.319,6.5,254.0,recomputed
2026-08-25T05:30:00Z,2026-08-25T00:00:00Z,2026-08-30T06:00:00Z,126,spectrum,buoy,1.344,buoy,,,,1.344,15.6,198.0,recomputed
2026-08-25T05:30:00Z,2026-08-25T00:00:00Z,2026-08-30T06:00:00Z,126,spectrum,coronado_north,1.103,5m,5.0,1.103,0.83,1.344,15.6,212.0,recomputed
2026-08-25T05:30:00Z,2026-08-25T00:00:00Z,2026-08-30T06:00:00Z,126,spectrum,coronado_center,0.782,5m,5.0,0.782,0.867,1.344,16.6,224.0,recomputed
2026-08-25T05:30:00Z,2026-08-25T00:00:00Z,2026-08-30T06:00:00Z,126,spectrum,coronado_south,0.669,5m,5.0,0.669,0.908,1.344,6.5,256.0,recomputed
2026-08-25T05:30:00Z,2026-08-25T00:00:00Z,2026-08-30T09:00:00Z,129,spectrum,buoy,1.35,buoy,,,,1.35,15.6,197.0,recomputed
2026-08-25T05:30:00Z,2026-08-25T00:00:00Z,2026-08-30T09:00:00Z,129,spectrum,coronado_north,1.092,5m,5.0,1.092,0.825,1.35,15.6,212.0,recomputed
2026-08-25T05:30:00Z,2026-08-25T00:00:00Z,2026-08-30T09:00:00Z,129,spectrum,coronado_center,0.775,5m,5.0,0.775,0.859,1.35,15.6,224.0,recomputed
2026-08-25T05:30:00Z,2026-08-25T00:00:00Z,2026-08-30T09:00:00Z,129,spectrum,coronado_south,0.677,5m,5.0,0.677,0.896,1.35,6.9,259.0,recomputed
2026-08-25T05:30:00Z,2026-08-25T00:00:00Z,2026-08-30T12:00:00Z,132,spectrum,buoy,1.348,buoy,,,,1.348,15.6,197.0,recomputed
2026-08-25T05:30:00Z,2026-08-25T00:00:00Z,2026-08-30T12:00:00Z,132,spectrum,coronado_north,1.073,5m,5.0,1.073,0.816,1.348,15.6,212.0,recomputed
2026-08-25T05:30:00Z,2026-08-25T00:00:00Z,2026-08-30T12:00:00Z,132,spectrum,coronado_center,0.762,5m,5.0,0.762,0.85,1.348,15.6,234.0,recomputed
2026-08-25T05:30:00Z,2026-08-25T00:00:00Z,2026-08-30T12:00:00Z,132,spectrum,coronado_south,0.678,5m,5.0,0.678,0.884,1.348,6.9,261.0,recomputed
2026-08-25T05:30:00Z,2026-08-25T00:00:00Z,2026-08-30T15:00:00Z,135,spectrum,buoy,1.329,buoy,,,,1.329,15.6,196.0,recomputed
2026-08-25T05:30:00Z,2026-08-25T00:00:00Z,2026-08-30T15:00:00Z,135,spectrum,coronado_north,1.048,5m,5.0,1.048,0.806,1.329,15.6,213.0,recomputed
2026-08-25T05:30:00Z,2026-08-25T00:00:00Z,2026-08-30T15:00:00Z,135,spectrum,coronado_center,0.744,5m,5.0,0.744,0.84,1.329,15.6,234.0,recomputed
2026-08-25T05:30:00Z,2026-08-25T00:00:00Z,2026-08-30T15:00:00Z,135,spectrum,coronado_south,0.667,5m,5.0,0.667,0.874,1.329,6.9,259.0,recomputed
2026-08-25T05:30:00Z,2026-08-25T00:00:00Z,2026-08-30T18:00:00Z,138,spectrum,buoy,1.301,buoy,,,,1.301,14.5,196.0,recomputed
2026-08-25T05:30:00Z,2026-08-25T00:00:00Z,2026-08-30T18:00:00Z,138,spectrum,coronado_north,1.027,5m,5.0,1.027,0.798,1.301,15.6,213.0,recomputed
2026-08-25T05:30:00Z,2026-08-25T00:00:00Z,2026-08-30T18:00:00Z,138,spectrum,coronado_center,0.729,5m,5.0,0.729,0.832,1.301,15.6,233.0,recomputed
2026-08-25T05:30:00Z,2026-08-25T00:00:00Z,2026-08-30T18:00:00Z,138,spectrum,coronado_south,0.657,5m,5.0,0.657,0.865,1.301,6.9,259.0,recomputed
2026-08-25T05:30:00Z,2026-08-25T00:00:00Z,2026-08-30T21:00:00Z,141,spectrum,buoy,1.273,buoy,,,,1.273,14.5,195.0,recomputed
2026-08-25T05:30:00Z,2026-08-25T00:00:00Z,2026-08-30T21:00:00Z,141,spectrum,coronado_north,1.004,5m,5.0,1.004,0.79,1.273,15.6,215.0,recomputed
2026-08-25T05:30:00Z,2026-08-25T00:00:00Z,2026-08-30T21:00:00Z,141,spectrum,coronado_center,0.716,5m,5.0,0.716,0.824,1.273,14.5,233.0,recomputed
2026-08-25T05:30:00Z,2026-08-25T00:00:00Z,2026-08-30T21:00:00Z,141,spectrum,coronado_south,0.645,5m,5.0,0.645,0.856,1.273,6.9,258.0,recomputed
2026-08-25T05:30:00Z,2026-08-25T00:00:00Z,2026-08-31T00:00:00Z,144,spectrum,buoy,1.259,buoy,,,,1.259,14.5,195.0,recomputed
2026-08-25T05:30:00Z,2026-08-25T00:00:00Z,2026-08-31T00:00:00Z,144,spectrum,coronado_north,0.97,5m,5.0,0.97,0.785,1.259,14.5,213.0,recomputed
2026-08-25T05:30:00Z,2026-08-25T00:00:00Z,2026-08-31T00:00:00Z,144,spectrum,coronado_center,0.698,5m,5.0,0.698,0.819,1.259,14.5,232.0,recomputed
2026-08-25T05:30:00Z,2026-08-25T00:00:00Z,2026-08-31T00:00:00Z,144,spectrum,coronado_south,0.627,5m,5.0,0.627,0.851,1.259,6.9,257.0,recomputed
2026-08-25T05:30:00Z,2026-08-25T00:00:00Z,2026-08-31T03:00:00Z,147,spectrum,buoy,1.255,buoy,,,,1.255,14.5,195.0,recomputed
2026-08-25T05:30:00Z,2026-08-25T00:00:00Z,2026-08-31T03:00:00Z,147,spectrum,coronado_north,0.942,5m,5.0,0.942,0.783,1.255,14.5,214.0,recomputed
2026-08-25T05:30:00Z,2026-08-25T00:00:00Z,2026-08-31T03:00:00Z,147,spectrum,coronado_center,0.681,5m,5.0,0.681,0.817,1.255,14.5,231.0,recomputed
2026-08-25T05:30:00Z,2026-08-25T00:00:00Z,2026-08-31T03:00:00Z,147,spectrum,coronado_south,0.611,5m,5.0,0.611,0.849,1.255,6.9,257.0,recomputed
2026-08-25T05:30:00Z,2026-08-25T00:00:00Z,2026-08-31T06:00:00Z,150,spectrum,buoy,1.257,buoy,,,,1.257,14.5,195.0,recomputed
2026-08-25T05:30:00Z,2026-08-25T00:00:00Z,2026-08-31T06:00:00Z,150,spectrum,coronado_north,0.913,5m,5.0,0.913,0.785,1.257,14.5,214.0,recomputed
2026-08-25T05:30:00Z,2026-08-25T00:00:00Z,2026-08-31T06:00:00Z,150,spectrum,coronado_center,0.673,5m,5.0,0.673,0.815,1.257,14.5,222.0,recomputed
2026-08-25T05:30:00Z,2026-08-25T00:00:00Z,2026-08-31T06:00:00Z,150,spectrum,coronado_south,0.61,5m,5.0,0.61,0.845,1.257,6.9,257.0,recomputed
2026-08-25T05:30:00Z,2026-08-25T00:00:00Z,2026-08-31T09:00:00Z,153,spectrum,buoy,1.246,buoy,,,,1.246,14.5,194.0,recomputed
2026-08-25T05:30:00Z,2026-08-25T00:00:00Z,2026-08-31T09:00:00Z,153,spectrum,coronado_north,0.884,5m,5.0,0.884,0.792,1.246,14.5,213.0,recomputed
2026-08-25T05:30:00Z,2026-08-25T00:00:00Z,2026-08-31T09:00:00Z,153,spectrum,coronado_center,0.658,5m,5.0,0.658,0.816,1.246,14.5,228.0,recomputed
2026-08-25T05:30:00Z,2026-08-25T00:00:00Z,2026-08-31T09:00:00Z,153,spectrum,coronado_south,0.602,5m,5.0,0.602,0.837,1.246,6.9,258.0,recomputed
2026-08-25T05:30:00Z,2026-08-25T00:00:00Z,2026-08-31T12:00:00Z,156,spectrum,buoy,1.233,buoy,,,,1.233,14.5,193.0,recomputed
2026-08-25T05:30:00Z,2026-08-25T00:00:00Z,2026-08-31T12:00:00Z,156,spectrum,coronado_north,0.856,5m,5.0,0.856,0.802,1.233,14.5,214.0,recomputed
2026-08-25T05:30:00Z,2026-08-25T00:00:00Z,2026-08-31T12:00:00Z,156,spectrum,coronado_center,0.64,5m,5.0,0.64,0.821,1.233,14.5,227.0,recomputed
2026-08-25T05:30:00Z,2026-08-25T00:00:00Z,2026-08-31T12:00:00Z,156,spectrum,coronado_south,0.587,5m,5.0,0.587,0.833,1.233,6.9,258.0,recomputed
2026-08-25T05:30:00Z,2026-08-25T00:00:00Z,2026-08-31T15:00:00Z,159,spectrum,buoy,1.221,buoy,,,,1.221,14.5,193.0,recomputed
2026-08-25T05:30:00Z,2026-08-25T00:00:00Z,2026-08-31T15:00:00Z,159,spectrum,coronado_north,0.828,5m,5.0,0.828,0.811,1.221,14.5,214.0,recomputed
2026-08-25T05:30:00Z,2026-08-25T00:00:00Z,2026-08-31T15:00:00Z,159,spectrum,coronado_center,0.628,5m,5.0,0.628,0.827,1.221,14.5,225.0,recomputed
2026-08-25T05:30:00Z,2026-08-25T00:00:00Z,2026-08-31T15:00:00Z,159,spectrum,coronado_south,0.581,5m,5.0,0.581,0.833,1.221,6.9,258.0,recomputed
2026-08-25T05:30:00Z,2026-08-25T00:00:00Z,2026-08-31T18:00:00Z,162,spectrum,buoy,1.199,buoy,,,,1.199,14.5,191.0,recomputed
2026-08-25T05:30:00Z,2026-08-25T00:00:00Z,2026-08-31T18:00:00Z,162,spectrum,coronado_north,0.798,5m,5.0,0.798,0.811,1.199,14.5,214.0,recomputed
2026-08-25T05:30:00Z,2026-08-25T00:00:00Z,2026-08-31T18:00:00Z,162,spectrum,coronado_center,0.613,5m,5.0,0.613,0.826,1.199,14.5,224.0,recomputed
2026-08-25T05:30:00Z,2026-08-25T00:00:00Z,2026-08-31T18:00:00Z,162,spectrum,coronado_south,0.571,5m,5.0,0.571,0.83,1.199,6.9,256.0,recomputed
2026-08-25T05:30:00Z,2026-08-25T00:00:00Z,2026-08-31T21:00:00Z,165,spectrum,buoy,1.195,buoy,,,,1.195,13.6,188.0,recomputed
2026-08-25T05:30:00Z,2026-08-25T00:00:00Z,2026-08-31T21:00:00Z,165,spectrum,coronado_north,0.77,5m,5.0,0.77,0.805,1.195,14.5,214.0,recomputed
2026-08-25T05:30:00Z,2026-08-25T00:00:00Z,2026-08-31T21:00:00Z,165,spectrum,coronado_center,0.602,5m,5.0,0.602,0.821,1.195,14.5,224.0,recomputed
2026-08-25T05:30:00Z,2026-08-25T00:00:00Z,2026-08-31T21:00:00Z,165,spectrum,coronado_south,0.578,5m,5.0,0.578,0.828,1.195,6.9,256.0,recomputed
2026-08-25T05:30:00Z,2026-08-25T00:00:00Z,2026-09-01T00:00:00Z,168,spectrum,buoy,1.196,buoy,,,,1.196,13.6,190.0,recomputed
2026-08-25T05:30:00Z,2026-08-25T00:00:00Z,2026-09-01T00:00:00Z,168,spectrum,coronado_north,0.751,5m,5.0,0.751,0.794,1.196,13.6,213.0,recomputed
2026-08-25T05:30:00Z,2026-08-25T00:00:00Z,2026-09-01T00:00:00Z,168,spectrum,coronado_center,0.59,5m,5.0,0.59,0.814,1.196,13.6,224.0,recomputed
2026-08-25T05:30:00Z,2026-08-25T00:00:00Z,2026-09-01T00:00:00Z,168,spectrum,coronado_south,0.574,5m,5.0,0.574,0.825,1.196,11.9,195.0,recomputed
2026-08-26T05:30:00Z,2026-08-26T00:00:00Z,2026-08-26T00:00:00Z,0,spectrum,buoy,0.974,buoy,,,,0.974,11.9,176.0,recomputed
2026-08-26T05:30:00Z,2026-08-26T00:00:00Z,2026-08-26T00:00:00Z,0,spectrum,coronado_north,0.754,5m,5.0,0.754,0.766,0.974,15.6,220.0,recomputed
2026-08-26T05:30:00Z,2026-08-26T00:00:00Z,2026-08-26T00:00:00Z,0,spectrum,coronado_center,0.595,5m,5.0,0.595,0.775,0.974,16.6,219.0,recomputed
2026-08-26T05:30:00Z,2026-08-26T00:00:00Z,2026-08-26T00:00:00Z,0,spectrum,coronado_south,0.477,5m,5.0,0.477,0.765,0.974,11.9,198.0,recomputed
2026-08-26T05:30:00Z,2026-08-26T00:00:00Z,2026-08-26T03:00:00Z,3,spectrum,buoy,1.084,buoy,,,,1.084,12.7,179.0,recomputed
2026-08-26T05:30:00Z,2026-08-26T00:00:00Z,2026-08-26T03:00:00Z,3,spectrum,coronado_north,0.79,5m,5.0,0.79,0.871,1.084,16.6,215.0,recomputed
2026-08-26T05:30:00Z,2026-08-26T00:00:00Z,2026-08-26T03:00:00Z,3,spectrum,coronado_center,0.615,5m,5.0,0.615,0.882,1.084,16.6,226.0,recomputed
2026-08-26T05:30:00Z,2026-08-26T00:00:00Z,2026-08-26T03:00:00Z,3,spectrum,coronado_south,0.52,5m,5.0,0.52,0.87,1.084,11.9,189.0,recomputed
2026-08-26T05:30:00Z,2026-08-26T00:00:00Z,2026-08-26T06:00:00Z,6,spectrum,buoy,1.213,buoy,,,,1.213,12.7,177.0,recomputed
2026-08-26T05:30:00Z,2026-08-26T00:00:00Z,2026-08-26T06:00:00Z,6,spectrum,coronado_north,0.806,5m,5.0,0.806,0.99,1.213,16.6,214.0,recomputed
2026-08-26T05:30:00Z,2026-08-26T00:00:00Z,2026-08-26T06:00:00Z,6,spectrum,coronado_center,0.637,5m,5.0,0.637,1.002,1.213,16.6,223.0,recomputed
2026-08-26T05:30:00Z,2026-08-26T00:00:00Z,2026-08-26T06:00:00Z,6,spectrum,coronado_south,0.585,5m,5.0,0.585,0.991,1.213,11.9,186.0,recomputed
2026-08-26T05:30:00Z,2026-08-26T00:00:00Z,2026-08-26T09:00:00Z,9,spectrum,buoy,1.317,buoy,,,,1.317,12.7,177.0,recomputed
2026-08-26T05:30:00Z,2026-08-26T00:00:00Z,2026-08-26T09:00:00Z,9,spectrum,coronado_north,0.815,5m,5.0,0.815,1.095,1.317,15.6,216.0,recomputed
2026-08-26T05:30:00Z,2026-08-26T00:00:00Z,2026-08-26T09:00:00Z,9,spectrum,coronado_center,0.661,5m,5.0,0.661,1.109,1.317,16.6,223.0,recomputed
2026-08-26T05:30:00Z,2026-08-26T00:00:00Z,2026-08-26T09:00:00Z,9,spectrum,coronado_south,0.651,5m,5.0,0.651,1.097,1.317,11.9,188.0,recomputed
2026-08-26T05:30:00Z,2026-08-26T00:00:00Z,2026-08-26T12:00:00Z,12,spectrum,buoy,1.366,buoy,,,,1.366,12.7,177.0,recomputed
2026-08-26T05:30:00Z,2026-08-26T00:00:00Z,2026-08-26T12:00:00Z,12,spectrum,coronado_north,0.833,5m,5.0,0.833,1.143,1.366,15.6,218.0,recomputed
2026-08-26T05:30:00Z,2026-08-26T00:00:00Z,2026-08-26T12:00:00Z,12,spectrum,coronado_center,0.674,5m,5.0,0.674,1.158,1.366,16.6,226.0,recomputed
2026-08-26T05:30:00Z,2026-08-26T00:00:00Z,2026-08-26T12:00:00Z,12,spectrum,coronado_south,0.684,5m,5.0,0.684,1.147,1.366,11.9,188.0,recomputed
2026-08-26T05:30:00Z,2026-08-26T00:00:00Z,2026-08-26T15:00:00Z,15,spectrum,buoy,1.358,buoy,,,,1.358,11.9,176.0,recomputed
2026-08-26T05:30:00Z,2026-08-26T00:00:00Z,2026-08-26T15:00:00Z,15,spectrum,coronado_north,0.817,5m,5.0,0.817,1.133,1.358,15.6,219.0,recomputed
2026-08-26T05:30:00Z,2026-08-26T00:00:00Z,2026-08-26T15:00:00Z,15,spectrum,coronado_center,0.667,5m,5.0,0.667,1.15,1.358,15.6,229.0,recomputed
2026-08-26T05:30:00Z,2026-08-26T00:00:00Z,2026-08-26T15:00:00Z,15,spectrum,coronado_south,0.694,5m,5.0,0.694,1.14,1.358,11.9,194.0,recomputed
2026-08-26T05:30:00Z,2026-08-26T00:00:00Z,2026-08-26T18:00:00Z,18,spectrum,buoy,1.331,buoy,,,,1.331,11.1,175.0,recomputed
2026-08-26T05:30:00Z,2026-08-26T00:00:00Z,2026-08-26T18:00:00Z,18,spectrum,coronado_north,0.792,5m,5.0,0.792,1.104,1.331,15.6,219.0,recomputed
2026-08-26T05:30:00Z,2026-08-26T00:00:00Z,2026-08-26T18:00:00Z,18,spectrum,coronado_center,0.666,5m,5.0,0.666,1.121,1.331,15.6,230.0,recomputed
2026-08-26T05:30:00Z,2026-08-26T00:00:00Z,2026-08-26T18:00:00Z,18,spectrum,coronado_south,0.679,5m,5.0,0.679,1.112,1.331,11.9,195.0,recomputed
2026-08-26T05:30:00Z,2026-08-26T00:00:00Z,2026-08-26T21:00:00Z,21,spectrum,buoy,1.305,buoy,,,,1.305,11.1,176.0,recomputed
2026-08-26T05:30:00Z,2026-08-26T00:00:00Z,2026-08-26T21:00:00Z,21,spectrum,coronado_north,0.793,5m,5.0,0.793,1.079,1.305,15.6,220.0,recomputed
2026-08-26T05:30:00Z,2026-08-26T00:00:00Z,2026-08-26T21:00:00Z,21,spectrum,coronado_center,0.669,5m,5.0,0.669,1.099,1.305,15.6,231.0,recomputed
2026-08-26T05:30:00Z,2026-08-26T00:00:00Z,2026-08-26T21:00:00Z,21,spectrum,coronado_south,0.668,5m,5.0,0.668,1.092,1.305,11.9,197.0,recomputed
2026-08-26T05:30:00Z,2026-08-26T00:00:00Z,2026-08-27T00:00:00Z,24,spectrum,buoy,1.27,buoy,,,,1.27,11.1,177.0,recomputed
2026-08-26T05:30:00Z,2026-08-26T00:00:00Z,2026-08-27T00:00:00Z,24,spectrum,coronado_north,0.798,5m,5.0,0.798,1.048,1.27,15.6,221.0,recomputed
2026-08-26T05:30:00Z,2026-08-26T00:00:00Z,2026-08-27T00:00:00Z,24,spectrum,coronado_center,0.668,5m,5.0,0.668,1.07,1.27,15.6,233.0,recomputed
2026-08-26T05:30:00Z,2026-08-26T00:00:00Z,2026-08-27T00:00:00Z,24,spectrum,coronado_south,0.663,5m,5.0,0.663,1.066,1.27,11.9,193.0,recomputed
2026-08-26T05:30:00Z,2026-08-26T00:00:00Z,2026-08-27T03:00:00Z,27,spectrum,buoy,1.209,buoy,,,,1.209,11.1,178.0,recomputed
2026-08-26T05:30:00Z,2026-08-26T00:00:00Z,2026-08-27T03:00:00Z,27,spectrum,coronado_north,0.765,5m,5.0,0.765,0.996,1.209,15.6,211.0,recomputed
2026-08-26T05:30:00Z,2026-08-26T00:00:00Z,2026-08-27T03:00:00Z,27,spectrum,coronado_center,0.642,5m,5.0,0.642,1.018,1.209,15.6,234.0,recomputed
2026-08-26T05:30:00Z,2026-08-26T00:00:00Z,2026-08-27T03:00:00Z,27,spectrum,coronado_south,0.628,5m,5.0,0.628,1.015,1.209,11.9,195.0,recomputed
2026-08-26T05:30:00Z,2026-08-26T00:00:00Z,2026-08-27T06:00:00Z,30,spectrum,buoy,1.154,buoy,,,,1.154,10.4,177.0,recomputed
2026-08-26T05:30:00Z,2026-08-26T00:00:00Z,2026-08-27T06:00:00Z,30,spectrum,coronado_north,0.734,5m,5.0,0.734,0.95,1.154,15.6,212.0,recomputed
2026-08-26T05:30:00Z,2026-08-26T00:00:00Z,2026-08-27T06:00:00Z,30,spectrum,coronado_center,0.62,5m,5.0,0.62,0.973,1.154,15.6,234.0,recomputed
2026-08-26T05:30:00Z,2026-08-26T00:00:00Z,2026-08-27T06:00:00Z,30,spectrum,coronado_south,0.597,5m,5.0,0.597,0.97,1.154,10.4,202.0,recomputed
2026-08-26T05:30:00Z,2026-08-26T00:00:00Z,2026-08-27T09:00:00Z,33,spectrum,buoy,1.122,buoy,,,,1.122,10.4,178.0,recomputed
2026-08-26T05:30:00Z,2026-08-26T00:00:00Z,2026-08-27T09:00:00Z,33,spectrum,coronado_north,0.731,5m,5.0,0.731,0.924,1.122,15.6,211.0,recomputed
2026-08-26T05:30:00Z,2026-08-26T00:00:00Z,2026-08-27T09:00:00Z,33,spectrum,coronado_center,0.599,5m,5.0,0.599,0.948,1.122,14.5,234.0,recomputed
2026-08-26T05:30:00Z,2026-08-26T00:00:00Z,2026-08-27T09:00:00Z,33,spectrum,coronado_south,0.581,5m,5.0,0.581,0.945,1.122,10.4,202.0,recomputed
2026-08-26T05:30:00Z,2026-08-26T00:00:00Z,2026-08-27T12:00:00Z,36,spectrum,buoy,1.114,buoy,,,,1.114,9.7,179.0,recomputed
2026-08-26T05:30:00Z,2026-08-26T00:00:00Z,2026-08-27T12:00:00Z,36,spectrum,coronado_north,0.751,5m,5.0,0.751,0.918,1.114,14.5,210.0,recomputed
2026-08-26T05:30:00Z,2026-08-26T00:00:00Z,2026-08-27T12:00:00Z,36,spectrum,coronado_center,0.591,5m,5.0,0.591,0.944,1.114,14.5,234.0,recomputed
2026-08-26T05:30:00Z,2026-08-26T00:00:00Z,2026-08-27T12:00:00Z,36,spectrum,coronado_south,0.59,5m,5.0,0.59,0.942,1.114,10.4,197.0,recomputed
2026-08-26T05:30:00Z,2026-08-26T00:00:00Z,2026-08-27T15:00:00Z,39,spectrum,buoy,1.11,buoy,,,,1.11,11.9,186.0,recomputed
2026-08-26T05:30:00Z,2026-08-26T00:00:00Z,2026-08-27T15:00:00Z,39,spectrum,coronado_north,0.768,5m,5.0,0.768,0.915,1.11,14.5,210.0,recomputed
2026-08-26T05:30:00Z,2026-08-26T00:00:00Z,2026-08-27T15:00:00Z,39,spectrum,coronado_center,0.594,5m,5.0,0.594,0.943,1.11,14.5,234.0,recomputed
2026-08-26T05:30:00Z,2026-08-26T00:00:00Z,2026-08-27T15:00:00Z,39,spectrum,coronado_south,0.595,5m,5.0,0.595,0.942,1.11,11.9,200.0,recomputed
2026-08-26T05:30:00Z,2026-08-26T00:00:00Z,2026-08-27T18:00:00Z,42,spectrum,buoy,1.109,buoy,,,,1.109,11.1,185.0,recomputed
2026-08-26T05:30:00Z,2026-08-26T00:00:00Z,2026-08-27T18:00:00Z,42,spectrum,coronado_north,0.777,5m,5.0,0.777,0.911,1.109,14.5,211.0,recomputed
2026-08-26T05:30:00Z,2026-08-26T00:00:00Z,2026-08-27T18:00:00Z,42,spectrum,coronado_center,0.601,5m,5.0,0.601,0.94,1.109,14.5,233.0,recomputed
2026-08-26T05:30:00Z,2026-08-26T00:00:00Z,2026-08-27T18:00:00Z,42,spectrum,coronado_south,0.598,5m,5.0,0.598,0.94,1.109,11.9,200.0,recomputed
2026-08-26T05:30:00Z,2026-08-26T00:00:00Z,2026-08-27T21:00:00Z,45,spectrum,buoy,1.101,buoy,,,,1.101,11.1,185.0,recomputed
2026-08-26T05:30:00Z,2026-08-26T00:00:00Z,2026-08-27T21:00:00Z,45,spectrum,coronado_north,0.777,5m,5.0,0.777,0.901,1.101,14.5,212.0,recomputed
2026-08-26T05:30:00Z,2026-08-26T00:00:00Z,2026-08-27T21:00:00Z,45,spectrum,coronado_center,0.607,5m,5.0,0.607,0.93,1.101,11.1,201.0,recomputed
2026-08-26T05:30:00Z,2026-08-26T00:00:00Z,2026-08-27T21:00:00Z,45,spectrum,coronado_south,0.596,5m,5.0,0.596,0.93,1.101,10.4,201.0,recomputed
2026-08-26T05:30:00Z,2026-08-26T00:00:00Z,2026-08-28T00:00:00Z,48,spectrum,buoy,1.074,buoy,,,,1.074,10.4,184.0,recomputed
2026-08-26T05:30:00Z,2026-08-26T00:00:00Z,2026-08-28T00:00:00Z,48,spectrum,coronado_north,0.77,5m,5.0,0.77,0.874,1.074,14.5,214.0,recomputed
2026-08-26T05:30:00Z,2026-08-26T00:00:00Z,2026-08-28T00:00:00Z,48,spectrum,coronado_center,0.609,5m,5.0,0.609,0.902,1.074,11.1,202.0,recomputed
2026-08-26T05:30:00Z,2026-08-26T00:00:00Z,2026-08-28T00:00:00Z,48,spectrum,coronado_south,0.589,5m,5.0,0.589,0.901,1.074,10.4,203.0,recomputed
2026-08-26T05:30:00Z,2026-08-26T00:00:00Z,2026-08-28T03:00:00Z,51,spectrum,buoy,1.035,buoy,,,,1.035,10.4,185.0,recomputed
2026-08-26T05:30:00Z,2026-08-26T00:00:00Z,2026-08-28T03:00:00Z,51,spectrum,coronado_north,0.761,5m,5.0,0.761,0.837,1.035,13.6,214.0,recomputed
2026-08-26T05:30:00Z,2026-08-26T00:00:00Z,2026-08-28T03:00:00Z,51,spectrum,coronado_center,0.599,5m,5.0,0.599,0.863,1.035,11.1,206.0,recomputed
2026-08-26T05:30:00Z,2026-08-26T00:00:00Z,2026-08-28T03:00:00Z,51,spectrum,coronado_south,0.567,5m,5.0,0.567,0.861,1.035,10.4,205.0,recomputed
2026-08-26T05:30:00Z,2026-08-26T00:00:00Z,2026-08-28T06:00:00Z,54,spectrum,buoy,1.002,buoy,,,,1.002,9.7,186.0,recomputed
2026-08-26T05:30:00Z,2026-08-26T00:00:00Z,2026-08-28T06:00:00Z,54,spectrum,coronado_north,0.772,5m,5.0,0.772,0.809,1.002,13.6,215.0,recomputed
2026-08-26T05:30:00Z,2026-08-26T00:00:00Z,2026-08-28T06:00:00Z,54,spectrum,coronado_center,0.604,5m,5.0,0.604,0.832,1.002,9.7,209.0,recomputed
2026-08-26T05:30:00Z,2026-08-26T00:00:00Z,2026-08-28T06:00:00Z,54,spectrum,coronado_south,0.554,5m,5.0,0.554,0.83,1.002,9.7,207.0,recomputed
2026-08-26T05:30:00Z,2026-08-26T00:00:00Z,2026-08-28T09:00:00Z,57,spectrum,buoy,0.976,buoy,,,,0.976,9.7,186.0,recomputed
2026-08-26T05:30:00Z,2026-08-26T00:00:00Z,2026-08-28T09:00:00Z,57,spectrum,coronado_north,0.787,5m,5.0,0.787,0.789,0.976,13.6,216.0,recomputed
2026-08-26T05:30:00Z,2026-08-26T00:00:00Z,2026-08-28T09:00:00Z,57,spectrum,coronado_center,0.608,5m,5.0,0.608,0.811,0.976,13.6,233.0,recomputed
2026-08-26T05:30:00Z,2026-08-26T00:00:00Z,2026-08-28T09:00:00Z,57,spectrum,coronado_south,0.538,5m,5.0,0.538,0.807,0.976,9.7,209.0,recomputed
2026-08-26T05:30:00Z,2026-08-26T00:00:00Z,2026-08-28T12:00:00Z,60,spectrum,buoy,0.949,buoy,,,,0.949,9.7,187.0,recomputed
2026-08-26T05:30:00Z,2026-08-26T00:00:00Z,2026-08-28T12:00:00Z,60,spectrum,coronado_north,0.803,5m,5.0,0.803,0.769,0.949,13.6,216.0,recomputed
2026-08-26T05:30:00Z,2026-08-26T00:00:00Z,2026-08-28T12:00:00Z,60,spectrum,coronado_center,0.609,5m,5.0,0.609,0.789,0.949,13.6,232.0,recomputed
2026-08-26T05:30:00Z,2026-08-26T00:00:00Z,2026-08-28T12:00:00Z,60,spectrum,coronado_south,0.521,5m,5.0,0.521,0.785,0.949,9.0,214.0,recomputed
2026-08-26T05:30:00Z,2026-08-26T00:00:00Z,2026-08-28T15:00:00Z,63,spectrum,buoy,0.926,buoy,,,,0.926,9.0,188.0,recomputed
2026-08-26T05:30:00Z,2026-08-26T00:00:00Z,2026-08-28T15:00:00Z,63,spectrum,coronado_north,0.815,5m,5.0,0.815,0.748,0.926,13.6,215.0,recomputed
2026-08-26T05:30:00Z,2026-08-26T00:00:00Z,2026-08-28T15:00:00Z,63,spectrum,coronado_center,0.605,5m,5.0,0.605,0.767,0.926,13.6,232.0,recomputed
2026-08-26T05:30:00Z,2026-08-26T00:00:00Z,2026-08-28T15:00:00Z,63,spectrum,coronado_south,0.503,5m,5.0,0.503,0.762,0.926,9.0,216.0,recomputed
2026-08-26T05:30:00Z,2026-08-26T00:00:00Z,2026-08-28T18:00:00Z,66,spectrum,buoy,0.913,buoy,,,,0.913,9.0,189.0,recomputed
2026-08-26T05:30:00Z,2026-08-26T00:00:00Z,2026-08-28T18:00:00Z,66,spectrum,coronado_north,0.841,5m,5.0,0.841,0.737,0.913,13.6,216.0,recomputed
2026-08-26T05:30:00Z,2026-08-26T00:00:00Z,2026-08-28T18:00:00Z,66,spectrum,coronado_center,0.61,5m,5.0,0.61,0.754,0.913,13.6,233.0,recomputed
2026-08-26T05:30:00Z,2026-08-26T00:00:00Z,2026-08-28T18:00:00Z,66,spectrum,coronado_south,0.489,5m,5.0,0.489,0.749,0.913,9.0,219.0,recomputed
2026-08-26T05:30:00Z,2026-08-26T00:00:00Z,2026-08-28T21:00:00Z,69,spectrum,buoy,0.921,buoy,,,,0.921,8.5,194.0,recomputed
2026-08-26T05:30:00Z,2026-08-26T00:00:00Z,2026-08-28T21:00:00Z,69,spectrum,coronado_north,0.883,5m,5.0,0.883,0.739,0.921,13.6,216.0,recomputed
2026-08-26T05:30:00Z,2026-08-26T00:00:00Z,2026-08-28T21:00:00Z,69,spectrum,coronado_center,0.627,5m,5.0,0.627,0.756,0.921,16.6,225.0,recomputed
2026-08-26T05:30:00Z,2026-08-26T00:00:00Z,2026-08-28T21:00:00Z,69,spectrum,coronado_south,0.486,5m,5.0,0.486,0.751,0.921,9.0,223.0,recomputed
2026-08-26T05:30:00Z,2026-08-26T00:00:00Z,2026-08-29T00:00:00Z,72,spectrum,buoy,0.937,buoy,,,,0.937,8.5,197.0,recomputed
2026-08-26T05:30:00Z,2026-08-26T00:00:00Z,2026-08-29T00:00:00Z,72,spectrum,coronado_north,0.908,5m,5.0,0.908,0.736,0.937,12.7,219.0,recomputed
2026-08-26T05:30:00Z,2026-08-26T00:00:00Z,2026-08-29T00:00:00Z,72,spectrum,coronado_center,0.636,5m,5.0,0.636,0.753,0.937,12.7,228.0,recomputed
2026-08-26T05:30:00Z,2026-08-26T00:00:00Z,2026-08-29T00:00:00Z,72,spectrum,coronado_south,0.487,5m,5.0,0.487,0.749,0.937,9.0,229.0,recomputed
2026-08-26T05:30:00Z,2026-08-26T00:00:00Z,2026-08-29T03:00:00Z,75,spectrum,buoy,0.946,buoy,,,,0.946,8.5,198.0,recomputed
2026-08-26T05:30:00Z,2026-08-26T00:00:00Z,2026-08-29T03:00:00Z,75,spectrum,coronado_north,0.922,5m,5.0,0.922,0.734,0.946,19.0,212.0,recomputed
2026-08-26T05:30:00Z,2026-08-26T00:00:00Z,2026-08-29T03:00:00Z,75,spectrum,coronado_center,0.64,5m,5.0,0.64,0.751,0.946,17.8,221.0,recomputed
2026-08-26T05:30:00Z,2026-08-26T00:00:00Z,2026-08-29T03:00:00Z,75,spectrum,coronado_south,0.483,5m,5.0,0.483,0.748,0.946,8.5,233.0,recomputed
2026-08-26T05:30:00Z,2026-08-26T00:00:00Z,2026-08-29T06:00:00Z,78,spectrum,buoy,0.947,buoy,,,,0.947,17.8,205.0,recomputed
2026-08-26T05:30:00Z,2026-08-26T00:00:00Z,2026-08-29T06:00:00Z,78,spectrum,coronado_north,0.95,5m,5.0,0.95,0.742,0.947,17.8,214.0,recomputed
2026-08-26T05:30:00Z,2026-08-26T00:00:00Z,2026-08-29T06:00:00Z,78,spectrum,coronado_center,0.653,5m,5.0,0.653,0.758,0.947,17.8,226.0,recomputed
2026-08-26T05:30:00Z,2026-08-26T00:00:00Z,2026-08-29T06:00:00Z,78,spectrum,coronado_south,0.48,5m,5.0,0.48,0.755,0.947,8.5,234.0,recomputed
2026-08-26T05:30:00Z,2026-08-26T00:00:00Z,2026-08-29T09:00:00Z,81,spectrum,buoy,0.943,buoy,,,,0.943,17.8,204.0,recomputed
2026-08-26T05:30:00Z,2026-08-26T00:00:00Z,2026-08-29T09:00:00Z,81,spectrum,coronado_north,0.977,5m,5.0,0.977,0.751,0.943,17.8,214.0,recomputed
2026-08-26T05:30:00Z,2026-08-26T00:00:00Z,2026-08-29T09:00:00Z,81,spectrum,coronado_center,0.66,5m,5.0,0.66,0.766,0.943,17.8,224.0,recomputed
2026-08-26T05:30:00Z,2026-08-26T00:00:00Z,2026-08-29T09:00:00Z,81,spectrum,coronado_south,0.472,5m,5.0,0.472,0.763,0.943,8.5,234.0,recomputed
2026-08-26T05:30:00Z,2026-08-26T00:00:00Z,2026-08-29T12:00:00Z,84,spectrum,buoy,0.965,buoy,,,,0.965,17.8,202.0,recomputed
2026-08-26T05:30:00Z,2026-08-26T00:00:00Z,2026-08-29T12:00:00Z,84,spectrum,coronado_north,0.998,5m,5.0,0.998,0.757,0.965,17.8,213.0,recomputed
2026-08-26T05:30:00Z,2026-08-26T00:00:00Z,2026-08-29T12:00:00Z,84,spectrum,coronado_center,0.674,5m,5.0,0.674,0.773,0.965,17.8,225.0,recomputed
2026-08-26T05:30:00Z,2026-08-26T00:00:00Z,2026-08-29T12:00:00Z,84,spectrum,coronado_south,0.477,5m,5.0,0.477,0.772,0.965,8.5,237.0,recomputed
2026-08-26T05:30:00Z,2026-08-26T00:00:00Z,2026-08-29T15:00:00Z,87,spectrum,buoy,1.03,buoy,,,,1.03,16.6,204.0,recomputed
2026-08-26T05:30:00Z,2026-08-26T00:00:00Z,2026-08-29T15:00:00Z,87,spectrum,coronado_north,1.023,5m,5.0,1.023,0.767,1.03,16.6,212.0,recomputed
2026-08-26T05:30:00Z,2026-08-26T00:00:00Z,2026-08-29T15:00:00Z,87,spectrum,coronado_center,0.694,5m,5.0,0.694,0.784,1.03,16.6,225.0,recomputed
2026-08-26T05:30:00Z,2026-08-26T00:00:00Z,2026-08-29T15:00:00Z,87,spectrum,coronado_south,0.512,5m,5.0,0.512,0.787,1.03,6.9,245.0,recomputed
2026-08-26T05:30:00Z,2026-08-26T00:00:00Z,2026-08-29T18:00:00Z,90,spectrum,buoy,1.077,buoy,,,,1.077,16.6,204.0,recomputed
2026-08-26T05:30:00Z,2026-08-26T00:00:00Z,2026-08-29T18:00:00Z,90,spectrum,coronado_north,1.058,5m,5.0,1.058,0.782,1.077,16.6,212.0,recomputed
2026-08-26T05:30:00Z,2026-08-26T00:00:00Z,2026-08-29T18:00:00Z,90,spectrum,coronado_center,0.72,5m,5.0,0.72,0.8,1.077,16.6,226.0,recomputed
2026-08-26T05:30:00Z,2026-08-26T00:00:00Z,2026-08-29T18:00:00Z,90,spectrum,coronado_south,0.545,5m,5.0,0.545,0.805,1.077,6.9,248.0,recomputed
2026-08-26T05:30:00Z,2026-08-26T00:00:00Z,2026-08-29T21:00:00Z,93,spectrum,buoy,1.099,buoy,,,,1.099,16.6,203.0,recomputed
2026-08-26T05:30:00Z,2026-08-26T00:00:00Z,2026-08-29T21:00:00Z,93,spectrum,coronado_north,1.082,5m,5.0,1.082,0.793,1.099,16.6,211.0,recomputed
2026-08-26T05:30:00Z,2026-08-26T00:00:00Z,2026-08-29T21:00:00Z,93,spectrum,coronado_center,0.725,5m,5.0,0.725,0.812,1.099,16.6,225.0,recomputed
2026-08-26T05:30:00Z,2026-08-26T00:00:00Z,2026-08-29T21:00:00Z,93,spectrum,coronado_south,0.557,5m,5.0,0.557,0.82,1.099,6.9,248.0,recomputed
2026-08-26T05:30:00Z,2026-08-26T00:00:00Z,2026-08-30T00:00:00Z,96,spectrum,buoy,1.124,buoy,,,,1.124,16.6,202.0,recomputed
2026-08-26T05:30:00Z,2026-08-26T00:00:00Z,2026-08-30T00:00:00Z,96,spectrum,coronado_north,1.097,5m,5.0,1.097,0.798,1.124,16.6,211.0,recomputed
2026-08-26T05:30:00Z,2026-08-26T00:00:00Z,2026-08-30T00:00:00Z,96,spectrum,coronado_center,0.718,5m,5.0,0.718,0.819,1.124,16.6,226.0,recomputed
2026-08-26T05:30:00Z,2026-08-26T00:00:00Z,2026-08-30T00:00:00Z,96,spectrum,coronado_south,0.567,5m,5.0,0.567,0.831,1.124,6.9,249.0,recomputed
2026-08-26T05:30:00Z,2026-08-26T00:00:00Z,2026-08-30T03:00:00Z,99,spectrum,buoy,1.185,buoy,,,,1.185,15.6,202.0,recomputed
2026-08-26T05:30:00Z,2026-08-26T00:00:00Z,2026-08-30T03:00:00Z,99,spectrum,coronado_north,1.118,5m,5.0,1.118,0.808,1.185,15.6,211.0,recomputed
2026-08-26T05:30:00Z,2026-08-26T00:00:00Z,2026-08-30T03:00:00Z,99,spectrum,coronado_center,0.719,5m,5.0,0.719,0.835,1.185,16.6,227.0,recomputed
2026-08-26T05:30:00Z,2026-08-26T00:00:00Z,2026-08-30T03:00:00Z,99,spectrum,coronado_south,0.588,5m,5.0,0.588,0.856,1.185,6.9,250.0,recomputed
2026-08-26T05:30:00Z,2026-08-26T00:00:00Z,2026-08-30T06:00:00Z,102,spectrum,buoy,1.26,buoy,,,,1.26,15.6,201.0,recomputed
2026-08-26T05:30:00Z,2026-08-26T00:00:00Z,2026-08-30T06:00:00Z,102,spectrum,coronado_north,1.132,5m,5.0,1.132,0.815,1.26,15.6,211.0,recomputed
2026-08-26T05:30:00Z,2026-08-26T00:00:00Z,2026-08-30T06:00:00Z,102,spectrum,coronado_center,0.725,5m,5.0,0.725,0.846,1.26,16.6,223.0,recomputed
2026-08-26T05:30:00Z,2026-08-26T00:00:00Z,2026-08-30T06:00:00Z,102,spectrum,coronado_south,0.621,5m,5.0,0.621,0.877,1.26,6.5,252.0,recomputed
2026-08-26T05:30:00Z,2026-08-26T00:00:00Z,2026-08-30T09:00:00Z,105,spectrum,buoy,1.297,buoy,,,,1.297,15.6,201.0,recomputed
2026-08-26T05:30:00Z,2026-08-26T00:00:00Z,2026-08-30T09:00:00Z,105,spectrum,coronado_north,1.129,5m,5.0,1.129,0.814,1.297,15.6,211.0,recomputed
2026-08-26T05:30:00Z,2026-08-26T00:00:00Z,2026-08-30T09:00:00Z,105,spectrum,coronado_center,0.726,5m,5.0,0.726,0.843,1.297,15.6,222.0,recomputed
2026-08-26T05:30:00Z,2026-08-26T00:00:00Z,2026-08-30T09:00:00Z,105,spectrum,coronado_south,0.65,5m,5.0,0.65,0.876,1.297,6.9,256.0,recomputed
2026-08-26T05:30:00Z,2026-08-26T00:00:00Z,2026-08-30T12:00:00Z,108,spectrum,buoy,1.318,buoy,,,,1.318,15.6,201.0,recomputed
2026-08-26T05:30:00Z,2026-08-26T00:00:00Z,2026-08-30T12:00:00Z,108,spectrum,coronado_north,1.114,5m,5.0,1.114,0.812,1.318,15.6,211.0,recomputed
2026-08-26T05:30:00Z,2026-08-26T00:00:00Z,2026-08-30T12:00:00Z,108,spectrum,coronado_center,0.714,5m,5.0,0.714,0.839,1.318,15.6,221.0,recomputed
2026-08-26T05:30:00Z,2026-08-26T00:00:00Z,2026-08-30T12:00:00Z,108,spectrum,coronado_south,0.651,5m,5.0,0.651,0.867,1.318,6.9,259.0,recomputed
2026-08-26T05:30:00Z,2026-08-26T00:00:00Z,2026-08-30T15:00:00Z,111,spectrum,buoy,1.318,buoy,,,,1.318,15.6,201.0,recomputed
2026-08-26T05:30:00Z,2026-08-26T00:00:00Z,2026-08-30T15:00:00Z,111,spectrum,coronado_north,1.095,5m,5.0,1.095,0.81,1.318,15.6,212.0,recomputed
2026-08-26T05:30:00Z,2026-08-26T00:00:00Z,2026-08-30T15:00:00Z,111,spectrum,coronado_center,0.702,5m,5.0,0.702,0.835,1.318,15.6,220.0,recomputed
2026-08-26T05:30:00Z,2026-08-26T00:00:00Z,2026-08-30T15:00:00Z,111,spectrum,coronado_south,0.65,5m,5.0,0.65,0.858,1.318,6.9,260.0,recomputed
2026-08-26T05:30:00Z,2026-08-26T00:00:00Z,2026-08-30T18:00:00Z,114,spectrum,buoy,1.282,buoy,,,,1.282,14.5,200.0,recomputed
2026-08-26T05:30:00Z,2026-08-26T00:00:00Z,2026-08-30T18:00:00Z,114,spectrum,coronado_north,1.073,5m,5.0,1.073,0.806,1.282,15.6,213.0,recomputed
2026-08-26T05:30:00Z,2026-08-26T00:00:00Z,2026-08-30T18:00:00Z,114,spectrum,coronado_center,0.682,5m,5.0,0.682,0.829,1.282,15.6,230.0,recomputed
2026-08-26T05:30:00Z,2026-08-26T00:00:00Z,2026-08-30T18:00:00Z,114,spectrum,coronado_south,0.631,5m,5.0,0.631,0.847,1.282,6.9,259.0,recomputed
2026-08-26T05:30:00Z,2026-08-26T00:00:00Z,2026-08-30T21:00:00Z,117,spectrum,buoy,1.25,buoy,,,,1.25,14.5,200.0,recomputed
2026-08-26T05:30:00Z,2026-08-26T00:00:00Z,2026-08-30T21:00:00Z,117,spectrum,coronado_north,1.045,5m,5.0,1.045,0.801,1.25,14.5,213.0,recomputed
2026-08-26T05:30:00Z,2026-08-26T00:00:00Z,2026-08-30T21:00:00Z,117,spectrum,coronado_center,0.664,5m,5.0,0.664,0.823,1.25,14.5,229.0,recomputed
2026-08-26T05:30:00Z,2026-08-26T00:00:00Z,2026-08-30T21:00:00Z,117,spectrum,coronado_south,0.615,5m,5.0,0.615,0.837,1.25,6.9,258.0,recomputed
2026-08-26T05:30:00Z,2026-08-26T00:00:00Z,2026-08-31T00:00:00Z,120,spectrum,buoy,1.246,buoy,,,,1.246,14.5,198.0,recomputed
2026-08-26T05:30:00Z,2026-08-26T00:00:00Z,2026-08-31T00:00:00Z,120,spectrum,coronado_north,1.014,5m,5.0,1.014,0.804,1.246,14.5,213.0,recomputed
2026-08-26T05:30:00Z,2026-08-26T00:00:00Z,2026-08-31T00:00:00Z,120,spectrum,coronado_center,0.646,5m,5.0,0.646,0.826,1.246,14.5,228.0,recomputed
2026-08-26T05:30:00Z,2026-08-26T00:00:00Z,2026-08-31T00:00:00Z,120,spectrum,coronado_south,0.6,5m,5.0,0.6,0.841,1.246,6.9,257.0,recomputed
2026-08-26T05:30:00Z,2026-08-26T00:00:00Z,2026-08-31T03:00:00Z,123,spectrum,buoy,1.267,buoy,,,,1.267,14.5,197.0,recomputed
2026-08-26T05:30:00Z,2026-08-26T00:00:00Z,2026-08-31T03:00:00Z,123,spectrum,coronado_north,0.986,5m,5.0,0.986,0.818,1.267,14.5,213.0,recomputed
2026-08-26T05:30:00Z,2026-08-26T00:00:00Z,2026-08-31T03:00:00Z,123,spectrum,coronado_center,0.633,5m,5.0,0.633,0.84,1.267,14.5,227.0,recomputed
2026-08-26T05:30:00Z,2026-08-26T00:00:00Z,2026-08-31T03:00:00Z,123,spectrum,coronado_south,0.596,5m,5.0,0.596,0.857,1.267,6.9,255.0,recomputed
2026-08-26T05:30:00Z,2026-08-26T00:00:00Z,2026-08-31T06:00:00Z,126,spectrum,buoy,1.283,buoy,,,,1.283,14.5,197.0,recomputed
2026-08-26T05:30:00Z,2026-08-26T00:00:00Z,2026-08-31T06:00:00Z,126,spectrum,coronado_north,0.963,5m,5.0,0.963,0.839,1.283,14.5,212.0,recomputed
2026-08-26T05:30:00Z,2026-08-26T00:00:00Z,2026-08-31T06:00:00Z,126,spectrum,coronado_center,0.627,5m,5.0,0.627,0.859,1.283,14.5,216.0,recomputed
2026-08-26T05:30:00Z,2026-08-26T00:00:00Z,2026-08-31T06:00:00Z,126,spectrum,coronado_south,0.6,5m,5.0,0.6,0.873,1.283,6.9,255.0,recomputed
2026-08-26T05:30:00Z,2026-08-26T00:00:00Z,2026-08-31T09:00:00Z,129,spectrum,buoy,1.278,buoy,,,,1.278,14.5,195.0,recomputed
2026-08-26T05:30:00Z,2026-08-26T00:00:00Z,2026-08-31T09:00:00Z,129,spectrum,coronado_north,0.941,5m,5.0,0.941,0.864,1.278,14.5,212.0,recomputed
2026-08-26T05:30:00Z,2026-08-26T00:00:00Z,2026-08-31T09:00:00Z,129,spectrum,coronado_center,0.612,5m,5.0,0.612,0.88,1.278,14.5,223.0,recomputed
2026-08-26T05:30:00Z,2026-08-26T00:00:00Z,2026-08-31T09:00:00Z,129,spectrum,coronado_south,0.594,5m,5.0,0.594,0.887,1.278,6.9,255.0,recomputed
2026-08-26T05:30:00Z,2026-08-26T00:00:00Z,2026-08-31T12:00:00Z,132,spectrum,buoy,1.267,buoy,,,,1.267,14.5,191.0,recomputed
2026-08-26T05:30:00Z,2026-08-26T00:00:00Z,2026-08-31T12:00:00Z,132,spectrum,coronado_north,0.913,5m,5.0,0.913,0.897,1.267,14.5,211.0,recomputed
2026-08-26T05:30:00Z,2026-08-26T00:00:00Z,2026-08-31T12:00:00Z,132,spectrum,coronado_center,0.595,5m,5.0,0.595,0.91,1.267,14.5,220.0,recomputed
2026-08-26T05:30:00Z,2026-08-26T00:00:00Z,2026-08-31T12:00:00Z,132,spectrum,coronado_south,0.582,5m,5.0,0.582,0.909,1.267,14.5,197.0,recomputed
2026-08-26T05:30:00Z,2026-08-26T00:00:00Z,2026-08-31T15:00:00Z,135,spectrum,buoy,1.256,buoy,,,,1.256,13.6,185.0,recomputed
2026-08-26T05:30:00Z,2026-08-26T00:00:00Z,2026-08-31T15:00:00Z,135,spectrum,coronado_north,0.88,5m,5.0,0.88,0.934,1.256,14.5,210.0,recomputed
2026-08-26T05:30:00Z,2026-08-26T00:00:00Z,2026-08-31T15:00:00Z,135,spectrum,coronado_center,0.582,5m,5.0,0.582,0.944,1.256,14.5,216.0,recomputed
2026-08-26T05:30:00Z,2026-08-26T00:00:00Z,2026-08-31T15:00:00Z,135,spectrum,coronado_south,0.579,5m,5.0,0.579,0.938,1.256,13.6,192.0,recomputed
2026-08-26T05:30:00Z,2026-08-26T00:00:00Z,2026-08-31T18:00:00Z,138,spectrum,buoy,1.241,buoy,,,,1.241,13.6,184.0,recomputed
2026-08-26T05:30:00Z,2026-08-26T00:00:00Z,2026-08-31T18:00:00Z,138,spectrum,coronado_north,0.855,5m,5.0,0.855,0.963,1.241,14.5,209.0,recomputed
2026-08-26T05:30:00Z,2026-08-26T00:00:00Z,2026-08-31T18:00:00Z,138,spectrum,coronado_center,0.57,5m,5.0,0.57,0.973,1.241,14.5,212.0,recomputed
2026-08-26T05:30:00Z,2026-08-26T00:00:00Z,2026-08-31T18:00:00Z,138,spectrum,coronado_south,0.581,5m,5.0,0.581,0.964,1.241,11.9,188.0,recomputed
2026-08-26T05:30:00Z,2026-08-26T00:00:00Z,2026-08-31T21:00:00Z,141,spectrum,buoy,1.23,buoy,,,,1.23,12.7,180.0,recomputed
2026-08-26T05:30:00Z,2026-08-26T00:00:00Z,2026-08-31T21:00:00Z,141,spectrum,coronado_north,0.843,5m,5.0,0.843,0.981,1.23,13.6,207.0,recomputed
2026-08-26T05:30:00Z,2026-08-26T00:00:00Z,2026-08-31T21:00:00Z,141,spectrum,coronado_center,0.558,5m,5.0,0.558,0.993,1.23,13.6,210.0,recomputed
2026-08-26T05:30:00Z,2026-08-26T00:00:00Z,2026-08-31T21:00:00Z,141,spectrum,coronado_south,0.585,5m,5.0,0.585,0.984,1.23,11.9,187.0,recomputed
2026-08-26T05:30:00Z,2026-08-26T00:00:00Z,2026-09-01T00:00:00Z,144,spectrum,buoy,1.235,buoy,,,,1.235,11.9,178.0,recomputed
2026-08-26T05:30:00Z,2026-08-26T00:00:00Z,2026-09-01T00:00:00Z,144,spectrum,coronado_north,0.84,5m,5.0,0.84,1.003,1.235,13.6,206.0,recomputed
2026-08-26T05:30:00Z,2026-08-26T00:00:00Z,2026-09-01T00:00:00Z,144,spectrum,coronado_center,0.549,5m,5.0,0.549,1.018,1.235,13.6,207.0,recomputed
2026-08-26T05:30:00Z,2026-08-26T00:00:00Z,2026-09-01T00:00:00Z,144,spectrum,coronado_south,0.591,5m,5.0,0.591,1.011,1.235,11.9,185.0,recomputed
2026-08-26T05:30:00Z,2026-08-26T00:00:00Z,2026-09-01T03:00:00Z,147,spectrum,buoy,1.26,buoy,,,,1.26,13.6,187.0,recomputed
2026-08-26T05:30:00Z,2026-08-26T00:00:00Z,2026-09-01T03:00:00Z,147,spectrum,coronado_north,0.841,5m,5.0,0.841,1.039,1.26,13.6,204.0,recomputed
2026-08-26T05:30:00Z,2026-08-26T00:00:00Z,2026-09-01T03:00:00Z,147,spectrum,coronado_center,0.546,5m,5.0,0.546,1.059,1.26,11.1,201.0,recomputed
2026-08-26T05:30:00Z,2026-08-26T00:00:00Z,2026-09-01T03:00:00Z,147,spectrum,coronado_south,0.599,5m,5.0,0.599,1.054,1.26,11.9,194.0,recomputed
2026-08-26T05:30:00Z,2026-08-26T00:00:00Z,2026-09-01T06:00:00Z,150,spectrum,buoy,1.293,buoy,,,,1.293,13.6,187.0,recomputed
2026-08-26T05:30:00Z,2026-08-26T00:00:00Z,2026-09-01T06:00:00Z,150,spectrum,coronado_north,0.846,5m,5.0,0.846,1.077,1.293,12.7,203.0,recomputed
2026-08-26T05:30:00Z,2026-08-26T00:00:00Z,2026-09-01T06:00:00Z,150,spectrum,coronado_center,0.543,5m,5.0,0.543,1.102,1.293,11.1,198.0,recomputed
2026-08-26T05:30:00Z,2026-08-26T00:00:00Z,2026-09-01T06:00:00Z,150,spectrum,coronado_south,0.619,5m,5.0,0.619,1.099,1.293,11.9,191.0,recomputed
2026-08-26T05:30:00Z,2026-08-26T00:00:00Z,2026-09-01T09:00:00Z,153,spectrum,buoy,1.31,buoy,,,,1.31,12.7,183.0,recomputed
2026-08-26T05:30:00Z,2026-08-26T00:00:00Z,2026-09-01T09:00:00Z,153,spectrum,coronado_north,0.849,5m,5.0,0.849,1.098,1.31,12.7,202.0,recomputed
2026-08-26T05:30:00Z,2026-08-26T00:00:00Z,2026-09-01T09:00:00Z,153,spectrum,coronado_center,0.536,5m,5.0,0.536,1.127,1.31,11.1,195.0,recomputed
2026-08-26T05:30:00Z,2026-08-26T00:00:00Z,2026-09-01T09:00:00Z,153,spectrum,coronado_south,0.639,5m,5.0,0.639,1.125,1.31,11.9,190.0,recomputed
2026-08-26T05:30:00Z,2026-08-26T00:00:00Z,2026-09-01T12:00:00Z,156,spectrum,buoy,1.294,buoy,,,,1.294,12.7,185.0,recomputed
2026-08-26T05:30:00Z,2026-08-26T00:00:00Z,2026-09-01T12:00:00Z,156,spectrum,coronado_north,0.845,5m,5.0,0.845,1.087,1.294,12.7,202.0,recomputed
2026-08-26T05:30:00Z,2026-08-26T00:00:00Z,2026-09-01T12:00:00Z,156,spectrum,coronado_center,0.52,5m,5.0,0.52,1.118,1.294,11.1,194.0,recomputed
2026-08-26T05:30:00Z,2026-08-26T00:00:00Z,2026-09-01T12:00:00Z,156,spectrum,coronado_south,0.644,5m,5.0,0.644,1.115,1.294,11.9,190.0,recomputed
2026-08-26T05:30:00Z,2026-08-26T00:00:00Z,2026-09-01T15:00:00Z,159,spectrum,buoy,1.266,buoy,,,,1.266,11.9,183.0,recomputed
2026-08-26T05:30:00Z,2026-08-26T00:00:00Z,2026-09-01T15:00:00Z,159,spectrum,coronado_north,0.833,5m,5.0,0.833,1.063,1.266,12.7,203.0,recomputed
2026-08-26T05:30:00Z,2026-08-26T00:00:00Z,2026-09-01T15:00:00Z,159,spectrum,coronado_center,0.511,5m,5.0,0.511,1.094,1.266,11.1,194.0,recomputed
2026-08-26T05:30:00Z,2026-08-26T00:00:00Z,2026-09-01T15:00:00Z,159,spectrum,coronado_south,0.634,5m,5.0,0.634,1.09,1.266,11.9,190.0,recomputed
2026-08-26T05:30:00Z,2026-08-26T00:00:00Z,2026-09-01T18:00:00Z,162,spectrum,buoy,1.24,buoy,,,,1.24,11.9,185.0,recomputed
2026-08-26T05:30:00Z,2026-08-26T00:00:00Z,2026-09-01T18:00:00Z,162,spectrum,coronado_north,0.831,5m,5.0,0.831,1.04,1.24,12.7,203.0,recomputed
2026-08-26T05:30:00Z,2026-08-26T00:00:00Z,2026-09-01T18:00:00Z,162,spectrum,coronado_center,0.501,5m,5.0,0.501,1.07,1.24,11.1,194.0,recomputed
2026-08-26T05:30:00Z,2026-08-26T00:00:00Z,2026-09-01T18:00:00Z,162,spectrum,coronado_south,0.617,5m,5.0,0.617,1.064,1.24,11.9,190.0,recomputed
2026-08-26T05:30:00Z,2026-08-26T00:00:00Z,2026-09-01T21:00:00Z,165,spectrum,buoy,1.221,buoy,,,,1.221,11.9,188.0,recomputed
2026-08-26T05:30:00Z,2026-08-26T00:00:00Z,2026-09-01T21:00:00Z,165,spectrum,coronado_north,0.837,5m,5.0,0.837,1.022,1.221,12.7,204.0,recomputed
2026-08-26T05:30:00Z,2026-08-26T00:00:00Z,2026-09-01T21:00:00Z,165,spectrum,coronado_center,0.494,5m,5.0,0.494,1.051,1.221,11.1,194.0,recomputed
2026-08-26T05:30:00Z,2026-08-26T00:00:00Z,2026-09-01T21:00:00Z,165,spectrum,coronado_south,0.604,5m,5.0,0.604,1.041,1.221,11.9,191.0,recomputed
2026-08-26T05:30:00Z,2026-08-26T00:00:00Z,2026-09-02T00:00:00Z,168,spectrum,buoy,1.201,buoy,,,,1.201,11.1,186.0,recomputed
2026-08-26T05:30:00Z,2026-08-26T00:00:00Z,2026-09-02T00:00:00Z,168,spectrum,coronado_north,0.851,5m,5.0,0.851,1.006,1.201,12.7,205.0,recomputed
2026-08-26T05:30:00Z,2026-08-26T00:00:00Z,2026-09-02T00:00:00Z,168,spectrum,coronado_center,0.484,5m,5.0,0.484,1.033,1.201,11.1,193.0,recomputed
2026-08-26T05:30:00Z,2026-08-26T00:00:00Z,2026-09-02T00:00:00Z,168,spectrum,coronado_south,0.592,5m,5.0,0.592,1.018,1.201,11.9,192.0,recomputed
2026-08-27T05:30:00Z,2026-08-27T00:00:00Z,2026-08-27T00:00:00Z,0,spectrum,buoy,1.29,buoy,,,,1.29,11.1,177.0,recomputed
2026-08-27T05:30:00Z,2026-08-27T00:00:00Z,2026-08-27T00:00:00Z,0,spectrum,coronado_north,0.804,5m,5.0,0.804,1.055,1.29,15.6,221.0,recomputed
2026-08-27T05:30:00Z,2026-08-27T00:00:00Z,2026-08-27T00:00:00Z,0,spectrum,coronado_center,0.674,5m,5.0,0.674,1.079,1.29,15.6,233.0,recomputed
2026-08-27T05:30:00Z,2026-08-27T00:00:00Z,2026-08-27T00:00:00Z,0,spectrum,coronado_south,0.665,5m,5.0,0.665,1.076,1.29,11.9,199.0,recomputed
2026-08-27T05:30:00Z,2026-08-27T00:00:00Z,2026-08-27T03:00:00Z,3,spectrum,buoy,1.233,buoy,,,,1.233,11.1,178.0,recomputed
2026-08-27T05:30:00Z,2026-08-27T00:00:00Z,2026-08-27T03:00:00Z,3,spectrum,coronado_north,0.794,5m,5.0,0.794,1.008,1.233,15.6,211.0,recomputed
2026-08-27T05:30:00Z,2026-08-27T00:00:00Z,2026-08-27T03:00:00Z,3,spectrum,coronado_center,0.662,5m,5.0,0.662,1.032,1.233,15.6,234.0,recomputed
2026-08-27T05:30:00Z,2026-08-27T00:00:00Z,2026-08-27T03:00:00Z,3,spectrum,coronado_south,0.64,5m,5.0,0.64,1.031,1.233,11.9,201.0,recomputed
2026-08-27T05:30:00Z,2026-08-27T00:00:00Z,2026-08-27T06:00:00Z,6,spectrum,buoy,1.188,buoy,,,,1.188,10.4,178.0,recomputed
2026-08-27T05:30:00Z,2026-08-27T00:00:00Z,2026-08-27T06:00:00Z,6,spectrum,coronado_north,0.776,5m,5.0,0.776,0.969,1.188,15.6,213.0,recomputed
2026-08-27T05:30:00Z,2026-08-27T00:00:00Z,2026-08-27T06:00:00Z,6,spectrum,coronado_center,0.65,5m,5.0,0.65,0.995,1.188,15.6,234.0,recomputed
2026-08-27T05:30:00Z,2026-08-27T00:00:00Z,2026-08-27T06:00:00Z,6,spectrum,coronado_south,0.618,5m,5.0,0.618,0.995,1.188,10.4,203.0,recomputed
2026-08-27T05:30:00Z,2026-08-27T00:00:00Z,2026-08-27T09:00:00Z,9,spectrum,buoy,1.163,buoy,,,,1.163,10.4,179.0,recomputed
2026-08-27T05:30:00Z,2026-08-27T00:00:00Z,2026-08-27T09:00:00Z,9,spectrum,coronado_north,0.769,5m,5.0,0.769,0.945,1.163,15.6,212.0,recomputed
2026-08-27T05:30:00Z,2026-08-27T00:00:00Z,2026-08-27T09:00:00Z,9,spectrum,coronado_center,0.632,5m,5.0,0.632,0.973,1.163,14.5,234.0,recomputed
2026-08-27T05:30:00Z,2026-08-27T00:00:00Z,2026-08-27T09:00:00Z,9,spectrum,coronado_south,0.607,5m,5.0,0.607,0.974,1.163,10.4,204.0,recomputed
2026-08-27T05:30:00Z,2026-08-27T00:00:00Z,2026-08-27T12:00:00Z,12,spectrum,buoy,1.155,buoy,,,,1.155,9.7,180.0,recomputed
2026-08-27T05:30:00Z,2026-08-27T00:00:00Z,2026-08-27T12:00:00Z,12,spectrum,coronado_north,0.818,5m,5.0,0.818,0.936,1.155,14.5,211.0,recomputed
2026-08-27T05:30:00Z,2026-08-27T00:00:00Z,2026-08-27T12:00:00Z,12,spectrum,coronado_center,0.659,5m,5.0,0.659,0.967,1.155,14.5,234.0,recomputed
2026-08-27T05:30:00Z,2026-08-27T00:00:00Z,2026-08-27T12:00:00Z,12,spectrum,coronado_south,0.642,5m,5.0,0.642,0.969,1.155,10.4,200.0,recomputed
2026-08-27T05:30:00Z,2026-08-27T00:00:00Z,2026-08-27T15:00:00Z,15,spectrum,buoy,1.154,buoy,,,,1.154,9.7,180.0,recomputed
2026-08-27T05:30:00Z,2026-08-27T00:00:00Z,2026-08-27T15:00:00Z,15,spectrum,coronado_north,0.806,5m,5.0,0.806,0.934,1.154,14.5,212.0,recomputed
2026-08-27T05:30:00Z,2026-08-27T00:00:00Z,2026-08-27T15:00:00Z,15,spectrum,coronado_center,0.634,5m,5.0,0.634,0.966,1.154,14.5,234.0,recomputed
2026-08-27T05:30:00Z,2026-08-27T00:00:00Z,2026-08-27T15:00:00Z,15,spectrum,coronado_south,0.621,5m,5.0,0.621,0.969,1.154,11.9,202.0,recomputed
2026-08-27T05:30:00Z,2026-08-27T00:00:00Z,2026-08-27T18:00:00Z,18,spectrum,buoy,1.146,buoy,,,,1.146,11.1,185.0,recomputed
2026-08-27T05:30:00Z,2026-08-27T00:00:00Z,2026-08-27T18:00:00Z,18,spectrum,coronado_north,0.809,5m,5.0,0.809,0.928,1.146,14.5,213.0,recomputed
2026-08-27T05:30:00Z,2026-08-27T00:00:00Z,2026-08-27T18:00:00Z,18,spectrum,coronado_center,0.642,5m,5.0,0.642,0.96,1.146,14.5,234.0,recomputed
2026-08-27T05:30:00Z,2026-08-27T00:00:00Z,2026-08-27T18:00:00Z,18,spectrum,coronado_south,0.62,5m,5.0,0.62,0.963,1.146,11.9,202.0,recomputed
2026-08-27T05:30:00Z,2026-08-27T00:00:00Z,2026-08-27T21:00:00Z,21,spectrum,buoy,1.11,buoy,,,,1.11,11.1,186.0,recomputed
2026-08-27T05:30:00Z,2026-08-27T00:00:00Z,2026-08-27T21:00:00Z,21,spectrum,coronado_north,0.796,5m,5.0,0.796,0.902,1.11,14.5,214.0,recomputed
2026-08-27T05:30:00Z,2026-08-27T00:00:00Z,2026-08-27T21:00:00Z,21,spectrum,coronado_center,0.642,5m,5.0,0.642,0.933,1.11,14.5,232.0,recomputed
2026-08-27T05:30:00Z,2026-08-27T00:00:00Z,2026-08-27T21:00:00Z,21,spectrum,coronado_south,0.601,5m,5.0,0.601,0.934,1.11,10.4,203.0,recomputed
2026-08-27T05:30:00Z,2026-08-27T00:00:00Z,2026-08-28T00:00:00Z,24,spectrum,buoy,1.058,buoy,,,,1.058,10.4,184.0,recomputed
2026-08-27T05:30:00Z,2026-08-27T00:00:00Z,2026-08-28T00:00:00Z,24,spectrum,coronado_north,0.781,5m,5.0,0.781,0.861,1.058,14.5,216.0,recomputed
2026-08-27T05:30:00Z,2026-08-27T00:00:00Z,2026-08-28T00:00:00Z,24,spectrum,coronado_center,0.634,5m,5.0,0.634,0.889,1.058,14.5,233.0,recomputed
2026-08-27T05:30:00Z,2026-08-27T00:00:00Z,2026-08-28T00:00:00Z,24,spectrum,coronado_south,0.575,5m,5.0,0.575,0.89,1.058,10.4,205.0,recomputed
2026-08-27T05:30:00Z,2026-08-27T00:00:00Z,2026-08-28T03:00:00Z,27,spectrum,buoy,1.01,buoy,,,,1.01,9.7,185.0,recomputed
2026-08-27T05:30:00Z,2026-08-27T00:00:00Z,2026-08-28T03:00:00Z,27,spectrum,coronado_north,0.775,5m,5.0,0.775,0.818,1.01,13.6,216.0,recomputed
2026-08-27T05:30:00Z,2026-08-27T00:00:00Z,2026-08-28T03:00:00Z,27,spectrum,coronado_center,0.626,5m,5.0,0.626,0.843,1.01,13.6,233.0,recomputed
2026-08-27T05:30:00Z,2026-08-27T00:00:00Z,2026-08-28T03:00:00Z,27,spectrum,coronado_south,0.551,5m,5.0,0.551,0.844,1.01,10.4,207.0,recomputed
2026-08-27T05:30:00Z,2026-08-27T00:00:00Z,2026-08-28T06:00:00Z,30,spectrum,buoy,0.981,buoy,,,,0.981,9.7,186.0,recomputed
2026-08-27T05:30:00Z,2026-08-27T00:00:00Z,2026-08-28T06:00:00Z,30,spectrum,coronado_north,0.784,5m,5.0,0.784,0.785,0.981,13.6,217.0,recomputed
2026-08-27T05:30:00Z,2026-08-27T00:00:00Z,2026-08-28T06:00:00Z,30,spectrum,coronado_center,0.626,5m,5.0,0.626,0.809,0.981,13.6,234.0,recomputed
2026-08-27T05:30:00Z,2026-08-27T00:00:00Z,2026-08-28T06:00:00Z,30,spectrum,coronado_south,0.532,5m,5.0,0.532,0.808,0.981,9.7,212.0,recomputed
2026-08-27T05:30:00Z,2026-08-27T00:00:00Z,2026-08-28T09:00:00Z,33,spectrum,buoy,0.955,buoy,,,,0.955,9.7,187.0,recomputed
2026-08-27T05:30:00Z,2026-08-27T00:00:00Z,2026-08-28T09:00:00Z,33,spectrum,coronado_north,0.797,5m,5.0,0.797,0.761,0.955,13.6,217.0,recomputed
2026-08-27T05:30:00Z,2026-08-27T00:00:00Z,2026-08-28T09:00:00Z,33,spectrum,coronado_center,0.625,5m,5.0,0.625,0.783,0.955,13.6,234.0,recomputed
2026-08-27T05:30:00Z,2026-08-27T00:00:00Z,2026-08-28T09:00:00Z,33,spectrum,coronado_south,0.515,5m,5.0,0.515,0.781,0.955,9.7,215.0,recomputed
2026-08-27T05:30:00Z,2026-08-27T00:00:00Z,2026-08-28T12:00:00Z,36,spectrum,buoy,0.923,buoy,,,,0.923,9.0,188.0,recomputed
2026-08-27T05:30:00Z,2026-08-27T00:00:00Z,2026-08-28T12:00:00Z,36,spectrum,coronado_north,0.809,5m,5.0,0.809,0.737,0.923,13.6,217.0,recomputed
2026-08-27T05:30:00Z,2026-08-27T00:00:00Z,2026-08-28T12:00:00Z,36,spectrum,coronado_center,0.62,5m,5.0,0.62,0.757,0.923,13.6,232.0,recomputed
2026-08-27T05:30:00Z,2026-08-27T00:00:00Z,2026-08-28T12:00:00Z,36,spectrum,coronado_south,0.497,5m,5.0,0.497,0.755,0.923,9.0,219.0,recomputed
2026-08-27T05:30:00Z,2026-08-27T00:00:00Z,2026-08-28T15:00:00Z,39,spectrum,buoy,0.9,buoy,,,,0.9,9.0,190.0,recomputed
2026-08-27T05:30:00Z,2026-08-27T00:00:00Z,2026-08-28T15:00:00Z,39,spectrum,coronado_north,0.82,5m,5.0,0.82,0.717,0.9,13.6,216.0,recomputed
2026-08-27T05:30:00Z,2026-08-27T00:00:00Z,2026-08-28T15:00:00Z,39,spectrum,coronado_center,0.619,5m,5.0,0.619,0.735,0.9,13.6,232.0,recomputed
2026-08-27T05:30:00Z,2026-08-27T00:00:00Z,2026-08-28T15:00:00Z,39,spectrum,coronado_south,0.492,5m,5.0,0.492,0.733,0.9,9.0,222.0,recomputed
2026-08-27T05:30:00Z,2026-08-27T00:00:00Z,2026-08-28T18:00:00Z,42,spectrum,buoy,0.92,buoy,,,,0.92,8.5,198.0,recomputed
2026-08-27T05:30:00Z,2026-08-27T00:00:00Z,2026-08-28T18:00:00Z,42,spectrum,coronado_north,0.851,5m,5.0,0.851,0.711,0.92,13.6,219.0,recomputed
2026-08-27T05:30:00Z,2026-08-27T00:00:00Z,2026-08-28T18:00:00Z,42,spectrum,coronado_center,0.626,5m,5.0,0.626,0.728,0.92,16.6,222.0,recomputed
2026-08-27T05:30:00Z,2026-08-27T00:00:00Z,2026-08-28T18:00:00Z,42,spectrum,coronado_south,0.487,5m,5.0,0.487,0.727,0.92,9.0,230.0,recomputed
2026-08-27T05:30:00Z,2026-08-27T00:00:00Z,2026-08-28T21:00:00Z,45,spectrum,buoy,0.946,buoy,,,,0.946,8.5,203.0,recomputed
2026-08-27T05:30:00Z,2026-08-27T00:00:00Z,2026-08-28T21:00:00Z,45,spectrum,coronado_north,0.897,5m,5.0,0.897,0.717,0.946,13.6,219.0,recomputed
2026-08-27T05:30:00Z,2026-08-27T00:00:00Z,2026-08-28T21:00:00Z,45,spectrum,coronado_center,0.647,5m,5.0,0.647,0.734,0.946,16.6,228.0,recomputed
2026-08-27T05:30:00Z,2026-08-27T00:00:00Z,2026-08-28T21:00:00Z,45,spectrum,coronado_south,0.49,5m,5.0,0.49,0.732,0.946,9.0,235.0,recomputed
2026-08-27T05:30:00Z,2026-08-27T00:00:00Z,2026-08-29T00:00:00Z,48,spectrum,buoy,0.938,buoy,,,,0.938,19.0,203.0,recomputed
2026-08-27T05:30:00Z,2026-08-27T00:00:00Z,2026-08-29T00:00:00Z,48,spectrum,coronado_north,0.92,5m,5.0,0.92,0.72,0.938,12.7,219.0,recomputed
2026-08-27T05:30:00Z,2026-08-27T00:00:00Z,2026-08-29T00:00:00Z,48,spectrum,coronado_center,0.646,5m,5.0,0.646,0.736,0.938,12.7,230.0,recomputed
2026-08-27T05:30:00Z,2026-08-27T00:00:00Z,2026-08-29T00:00:00Z,48,spectrum,coronado_south,0.482,5m,5.0,0.482,0.735,0.938,10.4,234.0,recomputed
2026-08-27T05:30:00Z,2026-08-27T00:00:00Z,2026-08-29T03:00:00Z,51,spectrum,buoy,0.943,buoy,,,,0.943,17.8,204.0,recomputed
2026-08-27T05:30:00Z,2026-08-27T00:00:00Z,2026-08-29T03:00:00Z,51,spectrum,coronado_north,0.937,5m,5.0,0.937,0.724,0.943,15.6,212.0,recomputed
2026-08-27T05:30:00Z,2026-08-27T00:00:00Z,2026-08-29T03:00:00Z,51,spectrum,coronado_center,0.648,5m,5.0,0.648,0.74,0.943,12.7,231.0,recomputed
2026-08-27T05:30:00Z,2026-08-27T00:00:00Z,2026-08-29T03:00:00Z,51,spectrum,coronado_south,0.479,5m,5.0,0.479,0.74,0.943,10.4,236.0,recomputed
2026-08-27T05:30:00Z,2026-08-27T00:00:00Z,2026-08-29T06:00:00Z,54,spectrum,buoy,0.967,buoy,,,,0.967,17.8,204.0,recomputed
2026-08-27T05:30:00Z,2026-08-27T00:00:00Z,2026-08-29T06:00:00Z,54,spectrum,coronado_north,0.964,5m,5.0,0.964,0.737,0.967,17.8,214.0,recomputed
2026-08-27T05:30:00Z,2026-08-27T00:00:00Z,2026-08-29T06:00:00Z,54,spectrum,coronado_center,0.663,5m,5.0,0.663,0.753,0.967,17.8,226.0,recomputed
2026-08-27T05:30:00Z,2026-08-27T00:00:00Z,2026-08-29T06:00:00Z,54,spectrum,coronado_south,0.497,5m,5.0,0.497,0.754,0.967,10.4,240.0,recomputed
2026-08-27T05:30:00Z,2026-08-27T00:00:00Z,2026-08-29T09:00:00Z,57,spectrum,buoy,1.0,buoy,,,,1.0,17.8,203.0,recomputed
2026-08-27T05:30:00Z,2026-08-27T00:00:00Z,2026-08-29T09:00:00Z,57,spectrum,coronado_north,0.989,5m,5.0,0.989,0.749,1.0,17.8,214.0,recomputed
2026-08-27T05:30:00Z,2026-08-27T00:00:00Z,2026-08-29T09:00:00Z,57,spectrum,coronado_center,0.674,5m,5.0,0.674,0.766,1.0,17.8,226.0,recomputed
2026-08-27T05:30:00Z,2026-08-27T00:00:00Z,2026-08-29T09:00:00Z,57,spectrum,coronado_south,0.506,5m,5.0,0.506,0.769,1.0,10.4,242.0,recomputed
2026-08-27T05:30:00Z,2026-08-27T00:00:00Z,2026-08-29T12:00:00Z,60,spectrum,buoy,1.095,buoy,,,,1.095,17.8,202.0,recomputed
2026-08-27T05:30:00Z,2026-08-27T00:00:00Z,2026-08-29T12:00:00Z,60,spectrum,coronado_north,1.009,5m,5.0,1.009,0.757,1.095,17.8,213.0,recomputed
2026-08-27T05:30:00Z,2026-08-27T00:00:00Z,2026-08-29T12:00:00Z,60,spectrum,coronado_center,0.693,5m,5.0,0.693,0.779,1.095,17.8,227.0,recomputed
2026-08-27T05:30:00Z,2026-08-27T00:00:00Z,2026-08-29T12:00:00Z,60,spectrum,coronado_south,0.536,5m,5.0,0.536,0.793,1.095,6.9,247.0,recomputed
2026-08-27T05:30:00Z,2026-08-27T00:00:00Z,2026-08-29T15:00:00Z,63,spectrum,buoy,1.19,buoy,,,,1.19,16.6,203.0,recomputed
2026-08-27T05:30:00Z,2026-08-27T00:00:00Z,2026-08-29T15:00:00Z,63,spectrum,coronado_north,1.034,5m,5.0,1.034,0.766,1.19,16.6,212.0,recomputed
2026-08-27T05:30:00Z,2026-08-27T00:00:00Z,2026-08-29T15:00:00Z,63,spectrum,coronado_center,0.718,5m,5.0,0.718,0.79,1.19,16.6,229.0,recomputed
2026-08-27T05:30:00Z,2026-08-27T00:00:00Z,2026-08-29T15:00:00Z,63,spectrum,coronado_south,0.578,5m,5.0,0.578,0.808,1.19,6.9,252.0,recomputed
2026-08-27T05:30:00Z,2026-08-27T00:00:00Z,2026-08-29T18:00:00Z,66,spectrum,buoy,1.214,buoy,,,,1.214,16.6,203.0,recomputed
2026-08-27T05:30:00Z,2026-08-27T00:00:00Z,2026-08-29T18:00:00Z,66,spectrum,coronado_north,1.058,5m,5.0,1.058,0.776,1.214,16.6,212.0,recomputed
2026-08-27T05:30:00Z,2026-08-27T00:00:00Z,2026-08-29T18:00:00Z,66,spectrum,coronado_center,0.726,5m,5.0,0.726,0.8,1.214,16.6,228.0,recomputed
2026-08-27T05:30:00Z,2026-08-27T00:00:00Z,2026-08-29T18:00:00Z,66,spectrum,coronado_south,0.597,5m,5.0,0.597,0.819,1.214,6.9,252.0,recomputed
2026-08-27T05:30:00Z,2026-08-27T00:00:00Z,2026-08-29T21:00:00Z,69,spectrum,buoy,1.254,buoy,,,,1.254,16.6,202.0,recomputed
2026-08-27T05:30:00Z,2026-08-27T00:00:00Z,2026-08-29T21:00:00Z,69,spectrum,coronado_north,1.074,5m,5.0,1.074,0.781,1.254,16.6,211.0,recomputed
2026-08-27T05:30:00Z,2026-08-27T00:00:00Z,2026-08-29T21:00:00Z,69,spectrum,coronado_center,0.736,5m,5.0,0.736,0.808,1.254,16.6,228.0,recomputed
2026-08-27T05:30:00Z,2026-08-27T00:00:00Z,2026-08-29T21:00:00Z,69,spectrum,coronado_south,0.613,5m,5.0,0.613,0.831,1.254,6.9,253.0,recomputed
2026-08-27T05:30:00Z,2026-08-27T00:00:00Z,2026-08-30T00:00:00Z,72,spectrum,buoy,1.316,buoy,,,,1.316,16.6,202.0,recomputed
2026-08-27T05:30:00Z,2026-08-27T00:00:00Z,2026-08-30T00:00:00Z,72,spectrum,coronado_north,1.09,5m,5.0,1.09,0.788,1.316,16.6,211.0,recomputed
2026-08-27T05:30:00Z,2026-08-27T00:00:00Z,2026-08-30T00:00:00Z,72,spectrum,coronado_center,0.743,5m,5.0,0.743,0.821,1.316,16.6,223.0,recomputed
2026-08-27T05:30:00Z,2026-08-27T00:00:00Z,2026-08-30T00:00:00Z,72,spectrum,coronado_south,0.639,5m,5.0,0.639,0.855,1.316,5.6,254.0,recomputed
2026-08-27T05:30:00Z,2026-08-27T00:00:00Z,2026-08-30T03:00:00Z,75,spectrum,buoy,1.36,buoy,,,,1.36,15.6,202.0,recomputed
2026-08-27T05:30:00Z,2026-08-27T00:00:00Z,2026-08-30T03:00:00Z,75,spectrum,coronado_north,1.102,5m,5.0,1.102,0.792,1.36,15.6,211.0,recomputed
2026-08-27T05:30:00Z,2026-08-27T00:00:00Z,2026-08-30T03:00:00Z,75,spectrum,coronado_center,0.741,5m,5.0,0.741,0.828,1.36,16.6,224.0,recomputed
2026-08-27T05:30:00Z,2026-08-27T00:00:00Z,2026-08-30T03:00:00Z,75,spectrum,coronado_south,0.66,5m,5.0,0.66,0.869,1.36,6.5,255.0,recomputed
2026-08-27T05:30:00Z,2026-08-27T00:00:00Z,2026-08-30T06:00:00Z,78,spectrum,buoy,1.388,buoy,,,,1.388,15.6,202.0,recomputed
2026-08-27T05:30:00Z,2026-08-27T00:00:00Z,2026-08-30T06:00:00Z,78,spectrum,coronado_north,1.107,5m,5.0,1.107,0.79,1.388,15.6,211.0,recomputed
2026-08-27T05:30:00Z,2026-08-27T00:00:00Z,2026-08-30T06:00:00Z,78,spectrum,coronado_center,0.744,5m,5.0,0.744,0.825,1.388,16.6,223.0,recomputed
2026-08-27T05:30:00Z,2026-08-27T00:00:00Z,2026-08-30T06:00:00Z,78,spectrum,coronado_south,0.683,5m,5.0,0.683,0.869,1.388,6.9,257.0,recomputed
2026-08-27T05:30:00Z,2026-08-27T00:00:00Z,2026-08-30T09:00:00Z,81,spectrum,buoy,1.4,buoy,,,,1.4,15.6,202.0,recomputed
2026-08-27T05:30:00Z,2026-08-27T00:00:00Z,2026-08-30T09:00:00Z,81,spectrum,coronado_north,1.1,5m,5.0,1.1,0.784,1.4,15.6,212.0,recomputed
2026-08-27T05:30:00Z,2026-08-27T00:00:00Z,2026-08-30T09:00:00Z,81,spectrum,coronado_center,0.741,5m,5.0,0.741,0.816,1.4,15.6,223.0,recomputed
2026-08-27T05:30:00Z,2026-08-27T00:00:00Z,2026-08-30T09:00:00Z,81,spectrum,coronado_south,0.702,5m,5.0,0.702,0.858,1.4,6.9,259.0,recomputed
2026-08-27T05:30:00Z,2026-08-27T00:00:00Z,2026-08-30T12:00:00Z,84,spectrum,buoy,1.395,buoy,,,,1.395,15.6,202.0,recomputed
2026-08-27T05:30:00Z,2026-08-27T00:00:00Z,2026-08-30T12:00:00Z,84,spectrum,coronado_north,1.084,5m,5.0,1.084,0.778,1.395,15.6,212.0,recomputed
2026-08-27T05:30:00Z,2026-08-27T00:00:00Z,2026-08-30T12:00:00Z,84,spectrum,coronado_center,0.729,5m,5.0,0.729,0.809,1.395,15.6,223.0,recomputed
2026-08-27T05:30:00Z,2026-08-27T00:00:00Z,2026-08-30T12:00:00Z,84,spectrum,coronado_south,0.703,5m,5.0,0.703,0.846,1.395,6.9,261.0,recomputed
2026-08-27T05:30:00Z,2026-08-27T00:00:00Z,2026-08-30T15:00:00Z,87,spectrum,buoy,1.364,buoy,,,,1.364,14.5,201.0,recomputed
2026-08-27T05:30:00Z,2026-08-27T00:00:00Z,2026-08-30T15:00:00Z,87,spectrum,coronado_north,1.058,5m,5.0,1.058,0.773,1.364,15.6,212.0,recomputed
2026-08-27T05:30:00Z,2026-08-27T00:00:00Z,2026-08-30T15:00:00Z,87,spectrum,coronado_center,0.708,5m,5.0,0.708,0.802,1.364,15.6,222.0,recomputed
2026-08-27T05:30:00Z,2026-08-27T00:00:00Z,2026-08-30T15:00:00Z,87,spectrum,coronado_south,0.684,5m,5.0,0.684,0.833,1.364,6.9,261.0,recomputed
2026-08-27T05:30:00Z,2026-08-27T00:00:00Z,2026-08-30T18:00:00Z,90,spectrum,buoy,1.308,buoy,,,,1.308,14.5,201.0,recomputed
2026-08-27T05:30:00Z,2026-08-27T00:00:00Z,2026-08-30T18:00:00Z,90,spectrum,coronado_north,1.03,5m,5.0,1.03,0.77,1.308,14.5,212.0,recomputed
2026-08-27T05:30:00Z,2026-08-27T00:00:00Z,2026-08-30T18:00:00Z,90,spectrum,coronado_center,0.683,5m,5.0,0.683,0.796,1.308,14.5,233.0,recomputed
2026-08-27T05:30:00Z,2026-08-27T00:00:00Z,2026-08-30T18:00:00Z,90,spectrum,coronado_south,0.654,5m,5.0,0.654,0.822,1.308,6.9,261.0,recomputed
2026-08-27T05:30:00Z,2026-08-27T00:00:00Z,2026-08-30T21:00:00Z,93,spectrum,buoy,1.258,buoy,,,,1.258,14.5,200.0,recomputed
2026-08-27T05:30:00Z,2026-08-27T00:00:00Z,2026-08-30T21:00:00Z,93,spectrum,coronado_north,0.996,5m,5.0,0.996,0.766,1.258,14.5,212.0,recomputed
2026-08-27T05:30:00Z,2026-08-27T00:00:00Z,2026-08-30T21:00:00Z,93,spectrum,coronado_center,0.656,5m,5.0,0.656,0.79,1.258,14.5,231.0,recomputed
2026-08-27T05:30:00Z,2026-08-27T00:00:00Z,2026-08-30T21:00:00Z,93,spectrum,coronado_south,0.62,5m,5.0,0.62,0.811,1.258,6.9,260.0,recomputed
2026-08-27T05:30:00Z,2026-08-27T00:00:00Z,2026-08-31T00:00:00Z,96,spectrum,buoy,1.233,buoy,,,,1.233,14.5,199.0,recomputed
2026-08-27T05:30:00Z,2026-08-27T00:00:00Z,2026-08-31T00:00:00Z,96,spectrum,coronado_north,0.965,5m,5.0,0.965,0.772,1.233,14.5,213.0,recomputed
2026-08-27T05:30:00Z,2026-08-27T00:00:00Z,2026-08-31T00:00:00Z,96,spectrum,coronado_center,0.636,5m,5.0,0.636,0.795,1.233,14.5,230.0,recomputed
2026-08-27T05:30:00Z,2026-08-27T00:00:00Z,2026-08-31T00:00:00Z,96,spectrum,coronado_south,0.601,5m,5.0,0.601,0.814,1.233,6.9,258.0,recomputed
2026-08-27T05:30:00Z,2026-08-27T00:00:00Z,2026-08-31T03:00:00Z,99,spectrum,buoy,1.245,buoy,,,,1.245,14.5,197.0,recomputed
2026-08-27T05:30:00Z,2026-08-27T00:00:00Z,2026-08-31T03:00:00Z,99,spectrum,coronado_north,0.941,5m,5.0,0.941,0.795,1.245,14.5,213.0,recomputed
2026-08-27T05:30:00Z,2026-08-27T00:00:00Z,2026-08-31T03:00:00Z,99,spectrum,coronado_center,0.624,5m,5.0,0.624,0.819,1.245,14.5,229.0,recomputed
2026-08-27T05:30:00Z,2026-08-27T00:00:00Z,2026-08-31T03:00:00Z,99,spectrum,coronado_south,0.595,5m,5.0,0.595,0.838,1.245,6.9,256.0,recomputed
2026-08-27T05:30:00Z,2026-08-27T00:00:00Z,2026-08-31T06:00:00Z,102,spectrum,buoy,1.276,buoy,,,,1.276,14.5,193.0,recomputed
2026-08-27T05:30:00Z,2026-08-27T00:00:00Z,2026-08-31T06:00:00Z,102,spectrum,coronado_north,0.919,5m,5.0,0.919,0.828,1.276,14.5,212.0,recomputed
2026-08-27T05:30:00Z,2026-08-27T00:00:00Z,2026-08-31T06:00:00Z,102,spectrum,coronado_center,0.624,5m,5.0,0.624,0.853,1.276,14.5,217.0,recomputed
2026-08-27T05:30:00Z,2026-08-27T00:00:00Z,2026-08-31T06:00:00Z,102,spectrum,coronado_south,0.611,5m,5.0,0.611,0.873,1.276,6.9,255.0,recomputed
2026-08-27T05:30:00Z,2026-08-27T00:00:00Z,2026-08-31T09:00:00Z,105,spectrum,buoy,1.293,buoy,,,,1.293,14.5,191.0,recomputed
2026-08-27T05:30:00Z,2026-08-27T00:00:00Z,2026-08-31T09:00:00Z,105,spectrum,coronado_north,0.887,5m,5.0,0.887,0.859,1.293,14.5,212.0,recomputed
2026-08-27T05:30:00Z,2026-08-27T00:00:00Z,2026-08-31T09:00:00Z,105,spectrum,coronado_center,0.619,5m,5.0,0.619,0.88,1.293,14.5,227.0,recomputed
2026-08-27T05:30:00Z,2026-08-27T00:00:00Z,2026-08-31T09:00:00Z,105,spectrum,coronado_south,0.629,5m,5.0,0.629,0.897,1.293,6.9,257.0,recomputed
2026-08-27T05:30:00Z,2026-08-27T00:00:00Z,2026-08-31T12:00:00Z,108,spectrum,buoy,1.283,buoy,,,,1.283,13.6,186.0,recomputed
2026-08-27T05:30:00Z,2026-08-27T00:00:00Z,2026-08-31T12:00:00Z,108,spectrum,coronado_north,0.851,5m,5.0,0.851,0.879,1.283,14.5,211.0,recomputed
2026-08-27T05:30:00Z,2026-08-27T00:00:00Z,2026-08-31T12:00:00Z,108,spectrum,coronado_center,0.602,5m,5.0,0.602,0.898,1.283,14.5,224.0,recomputed
2026-08-27T05:30:00Z,2026-08-27T00:00:00Z,2026-08-31T12:00:00Z,108,spectrum,coronado_south,0.619,5m,5.0,0.619,0.907,1.283,6.9,257.0,recomputed
2026-08-27T05:30:00Z,2026-08-27T00:00:00Z,2026-08-31T15:00:00Z,111,spectrum,buoy,1.254,buoy,,,,1.254,12.7,181.0,recomputed
2026-08-27T05:30:00Z,2026-08-27T00:00:00Z,2026-08-31T15:00:00Z,111,spectrum,coronado_north,0.827,5m,5.0,0.827,0.894,1.254,14.5,210.0,recomputed
2026-08-27T05:30:00Z,2026-08-27T00:00:00Z,2026-08-31T15:00:00Z,111,spectrum,coronado_center,0.578,5m,5.0,0.578,0.912,1.254,14.5,221.0,recomputed
2026-08-27T05:30:00Z,2026-08-27T00:00:00Z,2026-08-31T15:00:00Z,111,spectrum,coronado_south,0.606,5m,5.0,0.606,0.915,1.254,11.9,196.0,recomputed
2026-08-27T05:30:00Z,2026-08-27T00:00:00Z,2026-08-31T18:00:00Z,114,spectrum,buoy,1.213,buoy,,,,1.213,11.9,178.0,recomputed
2026-08-27T05:30:00Z,2026-08-27T00:00:00Z,2026-08-31T18:00:00Z,114,spectrum,coronado_north,0.801,5m,5.0,0.801,0.899,1.213,14.5,209.0,recomputed
2026-08-27T05:30:00Z,2026-08-27T00:00:00Z,2026-08-31T18:00:00Z,114,spectrum,coronado_center,0.555,5m,5.0,0.555,0.916,1.213,14.5,217.0,recomputed
2026-08-27T05:30:00Z,2026-08-27T00:00:00Z,2026-08-31T18:00:00Z,114,spectrum,coronado_south,0.59,5m,5.0,0.59,0.917,1.213,11.9,191.0,recomputed
2026-08-27T05:30:00Z,2026-08-27T00:00:00Z,2026-08-31T21:00:00Z,117,spectrum,buoy,1.176,buoy,,,,1.176,11.9,179.0,recomputed
2026-08-27T05:30:00Z,2026-08-27T00:00:00Z,2026-08-31T21:00:00Z,117,spectrum,coronado_north,0.77,5m,5.0,0.77,0.898,1.176,13.6,209.0,recomputed
2026-08-27T05:30:00Z,2026-08-27T00:00:00Z,2026-08-31T21:00:00Z,117,spectrum,coronado_center,0.547,5m,5.0,0.547,0.916,1.176,11.1,214.0,recomputed
2026-08-27T05:30:00Z,2026-08-27T00:00:00Z,2026-08-31T21:00:00Z,117,spectrum,coronado_south,0.583,5m,5.0,0.583,0.916,1.176,11.9,189.0,recomputed
2026-08-27T05:30:00Z,2026-08-27T00:00:00Z,2026-09-01T00:00:00Z,120,spectrum,buoy,1.152,buoy,,,,1.152,11.9,180.0,recomputed
2026-08-27T05:30:00Z,2026-08-27T00:00:00Z,2026-09-01T00:00:00Z,120,spectrum,coronado_north,0.747,5m,5.0,0.747,0.894,1.152,13.6,208.0,recomputed
2026-08-27T05:30:00Z,2026-08-27T00:00:00Z,2026-09-01T00:00:00Z,120,spectrum,coronado_center,0.534,5m,5.0,0.534,0.913,1.152,11.1,207.0,recomputed
2026-08-27T05:30:00Z,2026-08-27T00:00:00Z,2026-09-01T00:00:00Z,120,spectrum,coronado_south,0.563,5m,5.0,0.563,0.913,1.152,11.9,188.0,recomputed
2026-08-27T05:30:00Z,2026-08-27T00:00:00Z,2026-09-01T03:00:00Z,123,spectrum,buoy,1.124,buoy,,,,1.124,11.1,178.0,recomputed
2026-08-27T05:30:00Z,2026-08-27T00:00:00Z,2026-09-01T03:00:00Z,123,spectrum,coronado_north,0.733,5m,5.0,0.733,0.884,1.124,13.6,208.0,recomputed
2026-08-27T05:30:00Z,2026-08-27T00:00:00Z,2026-09-01T03:00:00Z,123,spectrum,coronado_center,0.518,5m,5.0,0.518,0.904,1.124,11.1,205.0,recomputed
2026-08-27T05:30:00Z,2026-08-27T00:00:00Z,2026-09-01T03:00:00Z,123,spectrum,coronado_south,0.546,5m,5.0,0.546,0.904,1.124,11.9,201.0,recomputed
2026-08-27T05:30:00Z,2026-08-27T00:00:00Z,2026-09-01T06:00:00Z,126,spectrum,buoy,1.088,buoy,,,,1.088,11.1,179.0,recomputed
2026-08-27T05:30:00Z,2026-08-27T00:00:00Z,2026-09-01T06:00:00Z,126,spectrum,coronado_north,0.712,5m,5.0,0.712,0.863,1.088,13.6,208.0,recomputed
2026-08-27T05:30:00Z,2026-08-27T00:00:00Z,2026-09-01T06:00:00Z,126,spectrum,coronado_center,0.504,5m,5.0,0.504,0.883,1.088,11.1,196.0,recomputed
2026-08-27T05:30:00Z,2026-08-27T00:00:00Z,2026-09-01T06:00:00Z,126,spectrum,coronado_south,0.534,5m,5.0,0.534,0.883,1.088,11.9,189.0,recomputed
2026-08-27T05:30:00Z,2026-08-27T00:00:00Z,2026-09-01T09:00:00Z,129,spectrum,buoy,1.045,buoy,,,,1.045,11.1,181.0,recomputed
2026-08-27T05:30:00Z,2026-08-27T00:00:00Z,2026-09-01T09:00:00Z,129,spectrum,coronado_north,0.685,5m,5.0,0.685,0.838,1.045,13.6,208.0,recomputed
2026-08-27T05:30:00Z,2026-08-27T00:00:00Z,2026-09-01T09:00:00Z,129,spectrum,coronado_center,0.489,5m,5.0,0.489,0.857,1.045,11.1,196.0,recomputed
2026-08-27T05:30:00Z,2026-08-27T00:00:00Z,2026-09-01T09:00:00Z,129,spectrum,coronado_south,0.507,5m,5.0,0.507,0.856,1.045,11.1,199.0,recomputed
2026-08-27T05:30:00Z,2026-08-27T00:00:00Z,2026-09-01T12:00:00Z,132,spectrum,buoy,1.0,buoy,,,,1.0,11.1,183.0,recomputed
2026-08-27T05:30:00Z,2026-08-27T00:00:00Z,2026-09-01T12:00:00Z,132,spectrum,coronado_north,0.663,5m,5.0,0.663,0.81,1.0,13.6,209.0,recomputed
2026-08-27T05:30:00Z,2026-08-27T00:00:00Z,2026-09-01T12:00:00Z,132,spectrum,coronado_center,0.474,5m,5.0,0.474,0.829,1.0,11.1,196.0,recomputed
2026-08-27T05:30:00Z,2026-08-27T00:00:00Z,2026-09-01T12:00:00Z,132,spectrum,coronado_south,0.485,5m,5.0,0.485,0.826,1.0,10.4,199.0,recomputed
2026-08-27T05:30:00Z,2026-08-27T00:00:00Z,2026-09-01T15:00:00Z,135,spectrum,buoy,0.971,buoy,,,,0.971,10.4,181.0,recomputed
2026-08-27T05:30:00Z,2026-08-27T00:00:00Z,2026-09-01T15:00:00Z,135,spectrum,coronado_north,0.651,5m,5.0,0.651,0.794,0.971,13.6,209.0,recomputed
2026-08-27T05:30:00Z,2026-08-27T00:00:00Z,2026-09-01T15:00:00Z,135,spectrum,coronado_center,0.457,5m,5.0,0.457,0.812,0.971,11.1,199.0,recomputed
2026-08-27T05:30:00Z,2026-08-27T00:00:00Z,2026-09-01T15:00:00Z,135,spectrum,coronado_south,0.467,5m,5.0,0.467,0.807,0.971,10.4,197.0,recomputed
2026-08-27T05:30:00Z,2026-08-27T00:00:00Z,2026-09-01T18:00:00Z,138,spectrum,buoy,0.972,buoy,,,,0.972,10.4,182.0,recomputed
2026-08-27T05:30:00Z,2026-08-27T00:00:00Z,2026-09-01T18:00:00Z,138,spectrum,coronado_north,0.646,5m,5.0,0.646,0.787,0.972,12.7,209.0,recomputed
2026-08-27T05:30:00Z,2026-08-27T00:00:00Z,2026-09-01T18:00:00Z,138,spectrum,coronado_center,0.447,5m,5.0,0.447,0.804,0.972,11.1,199.0,recomputed
2026-08-27T05:30:00Z,2026-08-27T00:00:00Z,2026-09-01T18:00:00Z,138,spectrum,coronado_south,0.459,5m,5.0,0.459,0.797,0.972,10.4,197.0,recomputed
2026-08-27T05:30:00Z,2026-08-27T00:00:00Z,2026-09-01T21:00:00Z,141,spectrum,buoy,0.979,buoy,,,,0.979,9.7,181.0,recomputed
2026-08-27T05:30:00Z,2026-08-27T00:00:00Z,2026-09-01T21:00:00Z,141,spectrum,coronado_north,0.648,5m,5.0,0.648,0.787,0.979,12.7,209.0,recomputed
2026-08-27T05:30:00Z,2026-08-27T00:00:00Z,2026-09-01T21:00:00Z,141,spectrum,coronado_center,0.442,5m,5.0,0.442,0.804,0.979,11.1,199.0,recomputed
2026-08-27T05:30:00Z,2026-08-27T00:00:00Z,2026-09-01T21:00:00Z,141,spectrum,coronado_south,0.459,5m,5.0,0.459,0.794,0.979,10.4,197.0,recomputed
2026-08-27T05:30:00Z,2026-08-27T00:00:00Z,2026-09-02T00:00:00Z,144,spectrum,buoy,0.955,buoy,,,,0.955,9.7,182.0,recomputed
2026-08-27T05:30:00Z,2026-08-27T00:00:00Z,2026-09-02T00:00:00Z,144,spectrum,coronado_north,0.66,5m,5.0,0.66,0.785,0.955,12.7,209.0,recomputed
2026-08-27T05:30:00Z,2026-08-27T00:00:00Z,2026-09-02T00:00:00Z,144,spectrum,coronado_center,0.437,5m,5.0,0.437,0.801,0.955,9.7,199.0,recomputed
2026-08-27T05:30:00Z,2026-08-27T00:00:00Z,2026-09-02T00:00:00Z,144,spectrum,coronado_south,0.458,5m,5.0,0.458,0.788,0.955,10.4,197.0,recomputed
2026-08-27T05:30:00Z,2026-08-27T00:00:00Z,2026-09-02T03:00:00Z,147,spectrum,buoy,0.951,buoy,,,,0.951,9.7,183.0,recomputed
2026-08-27T05:30:00Z,2026-08-27T00:00:00Z,2026-09-02T03:00:00Z,147,spectrum,coronado_north,0.688,5m,5.0,0.688,0.788,0.951,12.7,210.0,recomputed
2026-08-27T05:30:00Z,2026-08-27T00:00:00Z,2026-09-02T03:00:00Z,147,spectrum,coronado_center,0.435,5m,5.0,0.435,0.803,0.951,9.7,200.0,recomputed
2026-08-27T05:30:00Z,2026-08-27T00:00:00Z,2026-09-02T03:00:00Z,147,spectrum,coronado_south,0.459,5m,5.0,0.459,0.786,0.951,10.4,197.0,recomputed
2026-08-27T05:30:00Z,2026-08-27T00:00:00Z,2026-09-02T06:00:00Z,150,spectrum,buoy,1.014,buoy,,,,1.014,9.7,185.0,recomputed
2026-08-27T05:30:00Z,2026-08-27T00:00:00Z,2026-09-02T06:00:00Z,150,spectrum,coronado_north,0.734,5m,5.0,0.734,0.808,1.014,12.7,210.0,recomputed
2026-08-27T05:30:00Z,2026-08-27T00:00:00Z,2026-09-02T06:00:00Z,150,spectrum,coronado_center,0.437,5m,5.0,0.437,0.821,1.014,9.7,206.0,recomputed
2026-08-27T05:30:00Z,2026-08-27T00:00:00Z,2026-09-02T06:00:00Z,150,spectrum,coronado_south,0.469,5m,5.0,0.469,0.8,1.014,10.4,197.0,recomputed
2026-08-27T05:30:00Z,2026-08-27T00:00:00Z,2026-09-02T09:00:00Z,153,spectrum,buoy,1.061,buoy,,,,1.061,11.9,197.0,recomputed
2026-08-27T05:30:00Z,2026-08-27T00:00:00Z,2026-09-02T09:00:00Z,153,spectrum,coronado_north,0.79,5m,5.0,0.79,0.839,1.061,12.7,210.0,recomputed
2026-08-27T05:30:00Z,2026-08-27T00:00:00Z,2026-09-02T09:00:00Z,153,spectrum,coronado_center,0.444,5m,5.0,0.444,0.851,1.061,9.7,206.0,recomputed
2026-08-27T05:30:00Z,2026-08-27T00:00:00Z,2026-09-02T09:00:00Z,153,spectrum,coronado_south,0.483,5m,5.0,0.483,0.826,1.061,10.4,197.0,recomputed
2026-08-27T05:30:00Z,2026-08-27T00:00:00Z,2026-09-02T12:00:00Z,156,spectrum,buoy,1.086,buoy,,,,1.086,11.9,198.0,recomputed
2026-08-27T05:30:00Z,2026-08-27T00:00:00Z,2026-09-02T12:00:00Z,156,spectrum,coronado_north,0.85,5m,5.0,0.85,0.873,1.086,12.7,210.0,recomputed
2026-08-27T05:30:00Z,2026-08-27T00:00:00Z,2026-09-02T12:00:00Z,156,spectrum,coronado_center,0.457,5m,5.0,0.457,0.884,1.086,9.7,206.0,recomputed
2026-08-27T05:30:00Z,2026-08-27T00:00:00Z,2026-09-02T12:00:00Z,156,spectrum,coronado_south,0.499,5m,5.0,0.499,0.854,1.086,10.4,197.0,recomputed
2026-08-27T05:30:00Z,2026-08-27T00:00:00Z,2026-09-02T15:00:00Z,159,spectrum,buoy,1.106,buoy,,,,1.106,11.9,199.0,recomputed
2026-08-27T05:30:00Z,2026-08-27T00:00:00Z,2026-09-02T15:00:00Z,159,spectrum,coronado_north,0.916,5m,5.0,0.916,0.906,1.106,12.7,210.0,recomputed
2026-08-27T05:30:00Z,2026-08-27T00:00:00Z,2026-09-02T15:00:00Z,159,spectrum,coronado_center,0.475,5m,5.0,0.475,0.915,1.106,9.7,207.0,recomputed
2026-08-27T05:30:00Z,2026-08-27T00:00:00Z,2026-09-02T15:00:00Z,159,spectrum,coronado_south,0.514,5m,5.0,0.514,0.884,1.106,10.4,197.0,recomputed
2026-08-27T05:30:00Z,2026-08-27T00:00:00Z,2026-09-02T18:00:00Z,162,spectrum,buoy,1.131,buoy,,,,1.131,11.9,199.0,recomputed
2026-08-27T05:30:00Z,2026-08-27T00:00:00Z,2026-09-02T18:00:00Z,162,spectrum,coronado_north,0.985,5m,5.0,0.985,0.937,1.131,12.7,210.0,recomputed
2026-08-27T05:30:00Z,2026-08-27T00:00:00Z,2026-09-02T18:00:00Z,162,spectrum,coronado_center,0.491,5m,5.0,0.491,0.945,1.131,11.9,208.0,recomputed
2026-08-27T05:30:00Z,2026-08-27T00:00:00Z,2026-09-02T18:00:00Z,162,spectrum,coronado_south,0.525,5m,5.0,0.525,0.911,1.131,10.4,198.0,recomputed
2026-08-27T05:30:00Z,2026-08-27T00:00:00Z,2026-09-02T21:00:00Z,165,spectrum,buoy,1.16,buoy,,,,1.16,11.9,200.0,recomputed
2026-08-27T05:30:00Z,2026-08-27T00:00:00Z,2026-09-02T21:00:00Z,165,spectrum,coronado_north,1.052,5m,5.0,1.052,0.966,1.16,12.7,211.0,recomputed
2026-08-27T05:30:00Z,2026-08-27T00:00:00Z,2026-09-02T21:00:00Z,165,spectrum,coronado_center,0.503,5m,5.0,0.503,0.971,1.16,11.9,208.0,recomputed
2026-08-27T05:30:00Z,2026-08-27T00:00:00Z,2026-09-02T21:00:00Z,165,spectrum,coronado_south,0.532,5m,5.0,0.532,0.936,1.16,10.4,198.0,recomputed
2026-08-27T05:30:00Z,2026-08-27T00:00:00Z,2026-09-03T00:00:00Z,168,spectrum,buoy,1.206,buoy,,,,1.206,11.9,201.0,recomputed
2026-08-27T05:30:00Z,2026-08-27T00:00:00Z,2026-09-03T00:00:00Z,168,spectrum,coronado_north,1.108,5m,5.0,1.108,0.987,1.206,12.7,211.0,recomputed
2026-08-27T05:30:00Z,2026-08-27T00:00:00Z,2026-09-03T00:00:00Z,168,spectrum,coronado_center,0.519,5m,5.0,0.519,0.991,1.206,11.9,209.0,recomputed
2026-08-27T05:30:00Z,2026-08-27T00:00:00Z,2026-09-03T00:00:00Z,168,spectrum,coronado_south,0.541,5m,5.0,0.541,0.959,1.206,10.4,197.0,recomputed
2026-08-28T05:30:00Z,2026-08-28T00:00:00Z,2026-08-28T00:00:00Z,0,spectrum,buoy,1.052,buoy,,,,1.052,10.4,183.0,recomputed
2026-08-28T05:30:00Z,2026-08-28T00:00:00Z,2026-08-28T00:00:00Z,0,spectrum,coronado_north,0.763,5m,5.0,0.763,0.85,1.052,14.5,216.0,recomputed
2026-08-28T05:30:00Z,2026-08-28T00:00:00Z,2026-08-28T00:00:00Z,0,spectrum,coronado_center,0.628,5m,5.0,0.628,0.876,1.052,11.1,206.0,recomputed
2026-08-28T05:30:00Z,2026-08-28T00:00:00Z,2026-08-28T00:00:00Z,0,spectrum,coronado_south,0.568,5m,5.0,0.568,0.877,1.052,10.4,206.0,recomputed
2026-08-28T05:30:00Z,2026-08-28T00:00:00Z,2026-08-28T03:00:00Z,3,spectrum,buoy,1.006,buoy,,,,1.006,10.4,185.0,recomputed
2026-08-28T05:30:00Z,2026-08-28T00:00:00Z,2026-08-28T03:00:00Z,3,spectrum,coronado_north,0.762,5m,5.0,0.762,0.81,1.006,13.6,217.0,recomputed
2026-08-28T05:30:00Z,2026-08-28T00:00:00Z,2026-08-28T03:00:00Z,3,spectrum,coronado_center,0.624,5m,5.0,0.624,0.834,1.006,9.7,210.0,recomputed
2026-08-28T05:30:00Z,2026-08-28T00:00:00Z,2026-08-28T03:00:00Z,3,spectrum,coronado_south,0.552,5m,5.0,0.552,0.834,1.006,10.4,208.0,recomputed
2026-08-28T05:30:00Z,2026-08-28T00:00:00Z,2026-08-28T06:00:00Z,6,spectrum,buoy,0.984,buoy,,,,0.984,9.7,186.0,recomputed
2026-08-28T05:30:00Z,2026-08-28T00:00:00Z,2026-08-28T06:00:00Z,6,spectrum,coronado_north,0.777,5m,5.0,0.777,0.783,0.984,13.6,217.0,recomputed
2026-08-28T05:30:00Z,2026-08-28T00:00:00Z,2026-08-28T06:00:00Z,6,spectrum,coronado_center,0.632,5m,5.0,0.632,0.805,0.984,13.6,232.0,recomputed
2026-08-28T05:30:00Z,2026-08-28T00:00:00Z,2026-08-28T06:00:00Z,6,spectrum,coronado_south,0.536,5m,5.0,0.536,0.805,0.984,9.7,213.0,recomputed
2026-08-28T05:30:00Z,2026-08-28T00:00:00Z,2026-08-28T09:00:00Z,9,spectrum,buoy,0.968,buoy,,,,0.968,9.7,186.0,recomputed
2026-08-28T05:30:00Z,2026-08-28T00:00:00Z,2026-08-28T09:00:00Z,9,spectrum,coronado_north,0.796,5m,5.0,0.796,0.766,0.968,13.6,217.0,recomputed
2026-08-28T05:30:00Z,2026-08-28T00:00:00Z,2026-08-28T09:00:00Z,9,spectrum,coronado_center,0.635,5m,5.0,0.635,0.787,0.968,13.6,234.0,recomputed
2026-08-28T05:30:00Z,2026-08-28T00:00:00Z,2026-08-28T09:00:00Z,9,spectrum,coronado_south,0.526,5m,5.0,0.526,0.787,0.968,9.7,216.0,recomputed
2026-08-28T05:30:00Z,2026-08-28T00:00:00Z,2026-08-28T12:00:00Z,12,spectrum,buoy,0.947,buoy,,,,0.947,9.0,189.0,recomputed
2026-08-28T05:30:00Z,2026-08-28T00:00:00Z,2026-08-28T12:00:00Z,12,spectrum,coronado_north,0.82,5m,5.0,0.82,0.751,0.947,13.6,217.0,recomputed
2026-08-28T05:30:00Z,2026-08-28T00:00:00Z,2026-08-28T12:00:00Z,12,spectrum,coronado_center,0.64,5m,5.0,0.64,0.772,0.947,13.6,232.0,recomputed
2026-08-28T05:30:00Z,2026-08-28T00:00:00Z,2026-08-28T12:00:00Z,12,spectrum,coronado_south,0.517,5m,5.0,0.517,0.771,0.947,9.0,220.0,recomputed
2026-08-28T05:30:00Z,2026-08-28T00:00:00Z,2026-08-28T15:00:00Z,15,spectrum,buoy,0.929,buoy,,,,0.929,9.0,189.0,recomputed
2026-08-28T05:30:00Z,2026-08-28T00:00:00Z,2026-08-28T15:00:00Z,15,spectrum,coronado_north,0.841,5m,5.0,0.841,0.738,0.929,13.6,216.0,recomputed
2026-08-28T05:30:00Z,2026-08-28T00:00:00Z,2026-08-28T15:00:00Z,15,spectrum,coronado_center,0.638,5m,5.0,0.638,0.757,0.929,13.6,232.0,recomputed
2026-08-28T05:30:00Z,2026-08-28T00:00:00Z,2026-08-28T15:00:00Z,15,spectrum,coronado_south,0.501,5m,5.0,0.501,0.756,0.929,9.0,223.0,recomputed
2026-08-28T05:30:00Z,2026-08-28T00:00:00Z,2026-08-28T18:00:00Z,18,spectrum,buoy,0.922,buoy,,,,0.922,9.0,190.0,recomputed
2026-08-28T05:30:00Z,2026-08-28T00:00:00Z,2026-08-28T18:00:00Z,18,spectrum,coronado_north,0.873,5m,5.0,0.873,0.735,0.922,13.6,217.0,recomputed
2026-08-28T05:30:00Z,2026-08-28T00:00:00Z,2026-08-28T18:00:00Z,18,spectrum,coronado_center,0.641,5m,5.0,0.641,0.752,0.922,16.6,222.0,recomputed
2026-08-28T05:30:00Z,2026-08-28T00:00:00Z,2026-08-28T18:00:00Z,18,spectrum,coronado_south,0.488,5m,5.0,0.488,0.75,0.922,9.0,224.0,recomputed
2026-08-28T05:30:00Z,2026-08-28T00:00:00Z,2026-08-28T21:00:00Z,21,spectrum,buoy,0.94,buoy,,,,0.94,8.5,193.0,recomputed
2026-08-28T05:30:00Z,2026-08-28T00:00:00Z,2026-08-28T21:00:00Z,21,spectrum,coronado_north,0.923,5m,5.0,0.923,0.753,0.94,13.6,219.0,recomputed
2026-08-28T05:30:00Z,2026-08-28T00:00:00Z,2026-08-28T21:00:00Z,21,spectrum,coronado_center,0.663,5m,5.0,0.663,0.77,0.94,16.6,226.0,recomputed
2026-08-28T05:30:00Z,2026-08-28T00:00:00Z,2026-08-28T21:00:00Z,21,spectrum,coronado_south,0.493,5m,5.0,0.493,0.767,0.94,9.0,226.0,recomputed
2026-08-28T05:30:00Z,2026-08-28T00:00:00Z,2026-08-29T00:00:00Z,24,spectrum,buoy,0.965,buoy,,,,0.965,19.0,203.0,recomputed
2026-08-28T05:30:00Z,2026-08-28T00:00:00Z,2026-08-29T00:00:00Z,24,spectrum,coronado_north,0.954,5m,5.0,0.954,0.756,0.965,12.7,219.0,recomputed
2026-08-28T05:30:00Z,2026-08-28T00:00:00Z,2026-08-29T00:00:00Z,24,spectrum,coronado_center,0.675,5m,5.0,0.675,0.773,0.965,12.7,229.0,recomputed
2026-08-28T05:30:00Z,2026-08-28T00:00:00Z,2026-08-29T00:00:00Z,24,spectrum,coronado_south,0.499,5m,5.0,0.499,0.773,0.965,8.5,231.0,recomputed
2026-08-28T05:30:00Z,2026-08-28T00:00:00Z,2026-08-29T03:00:00Z,27,spectrum,buoy,1.0,buoy,,,,1.0,19.0,201.0,recomputed
2026-08-28T05:30:00Z,2026-08-28T00:00:00Z,2026-08-29T03:00:00Z,27,spectrum,coronado_north,0.974,5m,5.0,0.974,0.761,1.0,19.0,212.0,recomputed
2026-08-28T05:30:00Z,2026-08-28T00:00:00Z,2026-08-29T03:00:00Z,27,spectrum,coronado_center,0.684,5m,5.0,0.684,0.778,1.0,12.7,231.0,recomputed
2026-08-28T05:30:00Z,2026-08-28T00:00:00Z,2026-08-29T03:00:00Z,27,spectrum,coronado_south,0.513,5m,5.0,0.513,0.781,1.0,8.5,237.0,recomputed
2026-08-28T05:30:00Z,2026-08-28T00:00:00Z,2026-08-29T06:00:00Z,30,spectrum,buoy,1.016,buoy,,,,1.016,17.8,205.0,recomputed
2026-08-28T05:30:00Z,2026-08-28T00:00:00Z,2026-08-29T06:00:00Z,30,spectrum,coronado_north,1.001,5m,5.0,1.001,0.773,1.016,17.8,214.0,recomputed
2026-08-28T05:30:00Z,2026-08-28T00:00:00Z,2026-08-29T06:00:00Z,30,spectrum,coronado_center,0.691,5m,5.0,0.691,0.79,1.016,17.8,226.0,recomputed
2026-08-28T05:30:00Z,2026-08-28T00:00:00Z,2026-08-29T06:00:00Z,30,spectrum,coronado_south,0.516,5m,5.0,0.516,0.793,1.016,8.5,239.0,recomputed
2026-08-28T05:30:00Z,2026-08-28T00:00:00Z,2026-08-29T09:00:00Z,33,spectrum,buoy,1.011,buoy,,,,1.011,17.8,202.0,recomputed
2026-08-28T05:30:00Z,2026-08-28T00:00:00Z,2026-08-29T09:00:00Z,33,spectrum,coronado_north,1.026,5m,5.0,1.026,0.786,1.011,17.8,214.0,recomputed
2026-08-28T05:30:00Z,2026-08-28T00:00:00Z,2026-08-29T09:00:00Z,33,spectrum,coronado_center,0.699,5m,5.0,0.699,0.803,1.011,17.8,225.0,recomputed
2026-08-28T05:30:00Z,2026-08-28T00:00:00Z,2026-08-29T09:00:00Z,33,spectrum,coronado_south,0.513,5m,5.0,0.513,0.804,1.011,8.5,238.0,recomputed
2026-08-28T05:30:00Z,2026-08-28T00:00:00Z,2026-08-29T12:00:00Z,36,spectrum,buoy,1.0,buoy,,,,1.0,17.8,201.0,recomputed
2026-08-28T05:30:00Z,2026-08-28T00:00:00Z,2026-08-29T12:00:00Z,36,spectrum,coronado_north,1.042,5m,5.0,1.042,0.794,1.0,17.8,213.0,recomputed
2026-08-28T05:30:00Z,2026-08-28T00:00:00Z,2026-08-29T12:00:00Z,36,spectrum,coronado_center,0.697,5m,5.0,0.697,0.811,1.0,17.8,224.0,recomputed
2026-08-28T05:30:00Z,2026-08-28T00:00:00Z,2026-08-29T12:00:00Z,36,spectrum,coronado_south,0.496,5m,5.0,0.496,0.812,1.0,10.4,236.0,recomputed
2026-08-28T05:30:00Z,2026-08-28T00:00:00Z,2026-08-29T15:00:00Z,39,spectrum,buoy,1.03,buoy,,,,1.03,17.8,199.0,recomputed
2026-08-28T05:30:00Z,2026-08-28T00:00:00Z,2026-08-29T15:00:00Z,39,spectrum,coronado_north,1.063,5m,5.0,1.063,0.804,1.03,16.6,212.0,recomputed
2026-08-28T05:30:00Z,2026-08-28T00:00:00Z,2026-08-29T15:00:00Z,39,spectrum,coronado_center,0.709,5m,5.0,0.709,0.823,1.03,16.6,224.0,recomputed
2026-08-28T05:30:00Z,2026-08-28T00:00:00Z,2026-08-29T15:00:00Z,39,spectrum,coronado_south,0.509,5m,5.0,0.509,0.826,1.03,9.7,239.0,recomputed
2026-08-28T05:30:00Z,2026-08-28T00:00:00Z,2026-08-29T18:00:00Z,42,spectrum,buoy,1.095,buoy,,,,1.095,16.6,202.0,recomputed
2026-08-28T05:30:00Z,2026-08-28T00:00:00Z,2026-08-29T18:00:00Z,42,spectrum,coronado_north,1.092,5m,5.0,1.092,0.818,1.095,16.6,211.0,recomputed
2026-08-28T05:30:00Z,2026-08-28T00:00:00Z,2026-08-29T18:00:00Z,42,spectrum,coronado_center,0.73,5m,5.0,0.73,0.839,1.095,16.6,224.0,recomputed
2026-08-28T05:30:00Z,2026-08-28T00:00:00Z,2026-08-29T18:00:00Z,42,spectrum,coronado_south,0.546,5m,5.0,0.546,0.846,1.095,6.9,244.0,recomputed
2026-08-28T05:30:00Z,2026-08-28T00:00:00Z,2026-08-29T21:00:00Z,45,spectrum,buoy,1.178,buoy,,,,1.178,16.6,201.0,recomputed
2026-08-28T05:30:00Z,2026-08-28T00:00:00Z,2026-08-29T21:00:00Z,45,spectrum,coronado_north,1.116,5m,5.0,1.116,0.826,1.178,16.6,211.0,recomputed
2026-08-28T05:30:00Z,2026-08-28T00:00:00Z,2026-08-29T21:00:00Z,45,spectrum,coronado_center,0.746,5m,5.0,0.746,0.85,1.178,16.6,225.0,recomputed
2026-08-28T05:30:00Z,2026-08-28T00:00:00Z,2026-08-29T21:00:00Z,45,spectrum,coronado_south,0.593,5m,5.0,0.593,0.865,1.178,6.9,246.0,recomputed
2026-08-28T05:30:00Z,2026-08-28T00:00:00Z,2026-08-30T00:00:00Z,48,spectrum,buoy,1.279,buoy,,,,1.279,16.6,201.0,recomputed
2026-08-28T05:30:00Z,2026-08-28T00:00:00Z,2026-08-30T00:00:00Z,48,spectrum,coronado_north,1.129,5m,5.0,1.129,0.834,1.279,16.6,211.0,recomputed
2026-08-28T05:30:00Z,2026-08-28T00:00:00Z,2026-08-30T00:00:00Z,48,spectrum,coronado_center,0.749,5m,5.0,0.749,0.867,1.279,16.6,223.0,recomputed
2026-08-28T05:30:00Z,2026-08-28T00:00:00Z,2026-08-30T00:00:00Z,48,spectrum,coronado_south,0.615,5m,5.0,0.615,0.896,1.279,5.3,250.0,recomputed
2026-08-28T05:30:00Z,2026-08-28T00:00:00Z,2026-08-30T03:00:00Z,51,spectrum,buoy,1.312,buoy,,,,1.312,15.6,201.0,recomputed
2026-08-28T05:30:00Z,2026-08-28T00:00:00Z,2026-08-30T03:00:00Z,51,spectrum,coronado_north,1.139,5m,5.0,1.139,0.836,1.312,15.6,211.0,recomputed
2026-08-28T05:30:00Z,2026-08-28T00:00:00Z,2026-08-30T03:00:00Z,51,spectrum,coronado_center,0.751,5m,5.0,0.751,0.873,1.312,16.6,223.0,recomputed
2026-08-28T05:30:00Z,2026-08-28T00:00:00Z,2026-08-30T03:00:00Z,51,spectrum,coronado_south,0.639,5m,5.0,0.639,0.911,1.312,5.6,252.0,recomputed
2026-08-28T05:30:00Z,2026-08-28T00:00:00Z,2026-08-30T06:00:00Z,54,spectrum,buoy,1.353,buoy,,,,1.353,15.6,201.0,recomputed
2026-08-28T05:30:00Z,2026-08-28T00:00:00Z,2026-08-30T06:00:00Z,54,spectrum,coronado_north,1.145,5m,5.0,1.145,0.833,1.353,15.6,211.0,recomputed
2026-08-28T05:30:00Z,2026-08-28T00:00:00Z,2026-08-30T06:00:00Z,54,spectrum,coronado_center,0.758,5m,5.0,0.758,0.871,1.353,16.6,223.0,recomputed
2026-08-28T05:30:00Z,2026-08-28T00:00:00Z,2026-08-30T06:00:00Z,54,spectrum,coronado_south,0.671,5m,5.0,0.671,0.916,1.353,6.5,255.0,recomputed
2026-08-28T05:30:00Z,2026-08-28T00:00:00Z,2026-08-30T09:00:00Z,57,spectrum,buoy,1.375,buoy,,,,1.375,15.6,201.0,recomputed
2026-08-28T05:30:00Z,2026-08-28T00:00:00Z,2026-08-30T09:00:00Z,57,spectrum,coronado_north,1.139,5m,5.0,1.139,0.827,1.375,15.6,211.0,recomputed
2026-08-28T05:30:00Z,2026-08-28T00:00:00Z,2026-08-30T09:00:00Z,57,spectrum,coronado_center,0.757,5m,5.0,0.757,0.863,1.375,15.6,222.0,recomputed
2026-08-28T05:30:00Z,2026-08-28T00:00:00Z,2026-08-30T09:00:00Z,57,spectrum,coronado_south,0.69,5m,5.0,0.69,0.909,1.375,6.9,257.0,recomputed
2026-08-28T05:30:00Z,2026-08-28T00:00:00Z,2026-08-30T12:00:00Z,60,spectrum,buoy,1.401,buoy,,,,1.401,15.6,200.0,recomputed
2026-08-28T05:30:00Z,2026-08-28T00:00:00Z,2026-08-30T12:00:00Z,60,spectrum,coronado_north,1.128,5m,5.0,1.128,0.825,1.401,15.6,212.0,recomputed
2026-08-28T05:30:00Z,2026-08-28T00:00:00Z,2026-08-30T12:00:00Z,60,spectrum,coronado_center,0.752,5m,5.0,0.752,0.858,1.401,15.6,222.0,recomputed
2026-08-28T05:30:00Z,2026-08-28T00:00:00Z,2026-08-30T12:00:00Z,60,spectrum,coronado_south,0.71,5m,5.0,0.71,0.899,1.401,6.9,260.0,recomputed
2026-08-28T05:30:00Z,2026-08-28T00:00:00Z,2026-08-30T15:00:00Z,63,spectrum,buoy,1.406,buoy,,,,1.406,15.6,200.0,recomputed
2026-08-28T05:30:00Z,2026-08-28T00:00:00Z,2026-08-30T15:00:00Z,63,spectrum,coronado_north,1.11,5m,5.0,1.11,0.823,1.406,15.6,212.0,recomputed
2026-08-28T05:30:00Z,2026-08-28T00:00:00Z,2026-08-30T15:00:00Z,63,spectrum,coronado_center,0.742,5m,5.0,0.742,0.855,1.406,15.6,221.0,recomputed
2026-08-28T05:30:00Z,2026-08-28T00:00:00Z,2026-08-30T15:00:00Z,63,spectrum,coronado_south,0.711,5m,5.0,0.711,0.893,1.406,6.9,261.0,recomputed
2026-08-28T05:30:00Z,2026-08-28T00:00:00Z,2026-08-30T18:00:00Z,66,spectrum,buoy,1.372,buoy,,,,1.372,14.5,199.0,recomputed
2026-08-28T05:30:00Z,2026-08-28T00:00:00Z,2026-08-30T18:00:00Z,66,spectrum,coronado_north,1.092,5m,5.0,1.092,0.823,1.372,15.6,212.0,recomputed
2026-08-28T05:30:00Z,2026-08-28T00:00:00Z,2026-08-30T18:00:00Z,66,spectrum,coronado_center,0.729,5m,5.0,0.729,0.854,1.372,15.6,221.0,recomputed
2026-08-28T05:30:00Z,2026-08-28T00:00:00Z,2026-08-30T18:00:00Z,66,spectrum,coronado_south,0.704,5m,5.0,0.704,0.886,1.372,6.9,257.0,recomputed
2026-08-28T05:30:00Z,2026-08-28T00:00:00Z,2026-08-30T21:00:00Z,69,spectrum,buoy,1.339,buoy,,,,1.339,14.5,198.0,recomputed
2026-08-28T05:30:00Z,2026-08-28T00:00:00Z,2026-08-30T21:00:00Z,69,spectrum,coronado_north,1.061,5m,5.0,1.061,0.825,1.339,14.5,212.0,recomputed
2026-08-28T05:30:00Z,2026-08-28T00:00:00Z,2026-08-30T21:00:00Z,69,spectrum,coronado_center,0.706,5m,5.0,0.706,0.853,1.339,14.5,232.0,recomputed
2026-08-28T05:30:00Z,2026-08-28T00:00:00Z,2026-08-30T21:00:00Z,69,spectrum,coronado_south,0.682,5m,5.0,0.682,0.88,1.339,6.9,260.0,recomputed
2026-08-28T05:30:00Z,2026-08-28T00:00:00Z,2026-08-31T00:00:00Z,72,spectrum,buoy,1.361,buoy,,,,1.361,14.5,197.0,recomputed
2026-08-28T05:30:00Z,2026-08-28T00:00:00Z,2026-08-31T00:00:00Z,72,spectrum,coronado_north,1.036,5m,5.0,1.036,0.841,1.361,14.5,213.0,recomputed
2026-08-28T05:30:00Z,2026-08-28T00:00:00Z,2026-08-31T00:00:00Z,72,spectrum,coronado_center,0.686,5m,5.0,0.686,0.869,1.361,14.5,231.0,recomputed
2026-08-28T05:30:00Z,2026-08-28T00:00:00Z,2026-08-31T00:00:00Z,72,spectrum,coronado_south,0.662,5m,5.0,0.662,0.896,1.361,6.9,258.0,recomputed
2026-08-28T05:30:00Z,2026-08-28T00:00:00Z,2026-08-31T03:00:00Z,75,spectrum,buoy,1.397,buoy,,,,1.397,14.5,194.0,recomputed
2026-08-28T05:30:00Z,2026-08-28T00:00:00Z,2026-08-31T03:00:00Z,75,spectrum,coronado_north,1.016,5m,5.0,1.016,0.875,1.397,14.5,212.0,recomputed
2026-08-28T05:30:00Z,2026-08-28T00:00:00Z,2026-08-31T03:00:00Z,75,spectrum,coronado_center,0.676,5m,5.0,0.676,0.903,1.397,14.5,229.0,recomputed
2026-08-28T05:30:00Z,2026-08-28T00:00:00Z,2026-08-31T03:00:00Z,75,spectrum,coronado_south,0.663,5m,5.0,0.663,0.93,1.397,6.9,257.0,recomputed
2026-08-28T05:30:00Z,2026-08-28T00:00:00Z,2026-08-31T06:00:00Z,78,spectrum,buoy,1.429,buoy,,,,1.429,14.5,190.0,recomputed
2026-08-28T05:30:00Z,2026-08-28T00:00:00Z,2026-08-31T06:00:00Z,78,spectrum,coronado_north,0.988,5m,5.0,0.988,0.912,1.429,14.5,212.0,recomputed
2026-08-28T05:30:00Z,2026-08-28T00:00:00Z,2026-08-31T06:00:00Z,78,spectrum,coronado_center,0.677,5m,5.0,0.677,0.938,1.429,14.5,215.0,recomputed
2026-08-28T05:30:00Z,2026-08-28T00:00:00Z,2026-08-31T06:00:00Z,78,spectrum,coronado_south,0.674,5m,5.0,0.674,0.961,1.429,6.9,257.0,recomputed
2026-08-28T05:30:00Z,2026-08-28T00:00:00Z,2026-08-31T09:00:00Z,81,spectrum,buoy,1.421,buoy,,,,1.421,13.6,185.0,recomputed
2026-08-28T05:30:00Z,2026-08-28T00:00:00Z,2026-08-31T09:00:00Z,81,spectrum,coronado_north,0.948,5m,5.0,0.948,0.94,1.421,14.5,212.0,recomputed
2026-08-28T05:30:00Z,2026-08-28T00:00:00Z,2026-08-31T09:00:00Z,81,spectrum,coronado_center,0.664,5m,5.0,0.664,0.963,1.421,14.5,225.0,recomputed
2026-08-28T05:30:00Z,2026-08-28T00:00:00Z,2026-08-31T09:00:00Z,81,spectrum,coronado_south,0.675,5m,5.0,0.675,0.978,1.421,6.9,257.0,recomputed
2026-08-28T05:30:00Z,2026-08-28T00:00:00Z,2026-08-31T12:00:00Z,84,spectrum,buoy,1.382,buoy,,,,1.382,12.7,180.0,recomputed
2026-08-28T05:30:00Z,2026-08-28T00:00:00Z,2026-08-31T12:00:00Z,84,spectrum,coronado_north,0.91,5m,5.0,0.91,0.955,1.382,14.5,211.0,recomputed
2026-08-28T05:30:00Z,2026-08-28T00:00:00Z,2026-08-31T12:00:00Z,84,spectrum,coronado_center,0.643,5m,5.0,0.643,0.974,1.382,14.5,222.0,recomputed
2026-08-28T05:30:00Z,2026-08-28T00:00:00Z,2026-08-31T12:00:00Z,84,spectrum,coronado_south,0.66,5m,5.0,0.66,0.982,1.382,6.9,257.0,recomputed
2026-08-28T05:30:00Z,2026-08-28T00:00:00Z,2026-08-31T15:00:00Z,87,spectrum,buoy,1.316,buoy,,,,1.316,12.7,181.0,recomputed
2026-08-28T05:30:00Z,2026-08-28T00:00:00Z,2026-08-31T15:00:00Z,87,spectrum,coronado_north,0.875,5m,5.0,0.875,0.942,1.316,14.5,211.0,recomputed
2026-08-28T05:30:00Z,2026-08-28T00:00:00Z,2026-08-31T15:00:00Z,87,spectrum,coronado_center,0.613,5m,5.0,0.613,0.959,1.316,14.5,220.0,recomputed
2026-08-28T05:30:00Z,2026-08-28T00:00:00Z,2026-08-31T15:00:00Z,87,spectrum,coronado_south,0.638,5m,5.0,0.638,0.962,1.316,11.9,195.0,recomputed
2026-08-28T05:30:00Z,2026-08-28T00:00:00Z,2026-08-31T18:00:00Z,90,spectrum,buoy,1.235,buoy,,,,1.235,11.9,177.0,recomputed
2026-08-28T05:30:00Z,2026-08-28T00:00:00Z,2026-08-31T18:00:00Z,90,spectrum,coronado_north,0.829,5m,5.0,0.829,0.909,1.235,14.5,211.0,recomputed
2026-08-28T05:30:00Z,2026-08-28T00:00:00Z,2026-08-31T18:00:00Z,90,spectrum,coronado_center,0.582,5m,5.0,0.582,0.926,1.235,14.5,218.0,recomputed
2026-08-28T05:30:00Z,2026-08-28T00:00:00Z,2026-08-31T18:00:00Z,90,spectrum,coronado_south,0.606,5m,5.0,0.606,0.927,1.235,11.9,192.0,recomputed
2026-08-28T05:30:00Z,2026-08-28T00:00:00Z,2026-08-31T21:00:00Z,93,spectrum,buoy,1.161,buoy,,,,1.161,11.9,179.0,recomputed
2026-08-28T05:30:00Z,2026-08-28T00:00:00Z,2026-08-31T21:00:00Z,93,spectrum,coronado_north,0.782,5m,5.0,0.782,0.867,1.161,13.6,211.0,recomputed
2026-08-28T05:30:00Z,2026-08-28T00:00:00Z,2026-08-31T21:00:00Z,93,spectrum,coronado_center,0.562,5m,5.0,0.562,0.884,1.161,11.1,213.0,recomputed
2026-08-28T05:30:00Z,2026-08-28T00:00:00Z,2026-08-31T21:00:00Z,93,spectrum,coronado_south,0.577,5m,5.0,0.577,0.884,1.161,11.9,191.0,recomputed
2026-08-28T05:30:00Z,2026-08-28T00:00:00Z,2026-09-01T00:00:00Z,96,spectrum,buoy,1.111,buoy,,,,1.111,11.1,177.0,recomputed
2026-08-28T05:30:00Z,2026-08-28T00:00:00Z,2026-09-01T00:00:00Z,96,spectrum,coronado_north,0.746,5m,5.0,0.746,0.831,1.111,13.6,212.0,recomputed
2026-08-28T05:30:00Z,2026-08-28T00:00:00Z,2026-09-01T00:00:00Z,96,spectrum,coronado_center,0.534,5m,5.0,0.534,0.848,1.111,11.1,212.0,recomputed
2026-08-28T05:30:00Z,2026-08-28T00:00:00Z,2026-09-01T00:00:00Z,96,spectrum,coronado_south,0.538,5m,5.0,0.538,0.85,1.111,11.9,191.0,recomputed
2026-08-28T05:30:00Z,2026-08-28T00:00:00Z,2026-09-01T03:00:00Z,99,spectrum,buoy,1.066,buoy,,,,1.066,11.1,179.0,recomputed
2026-08-28T05:30:00Z,2026-08-28T00:00:00Z,2026-09-01T03:00:00Z,99,spectrum,coronado_north,0.721,5m,5.0,0.721,0.801,1.066,13.6,212.0,recomputed
2026-08-28T05:30:00Z,2026-08-28T00:00:00Z,2026-09-01T03:00:00Z,99,spectrum,coronado_center,0.514,5m,5.0,0.514,0.819,1.066,11.1,212.0,recomputed
2026-08-28T05:30:00Z,2026-08-28T00:00:00Z,2026-09-01T03:00:00Z,99,spectrum,coronado_south,0.503,5m,5.0,0.503,0.822,1.066,11.1,192.0,recomputed
2026-08-28T05:30:00Z,2026-08-28T00:00:00Z,2026-09-01T06:00:00Z,102,spectrum,buoy,1.027,buoy,,,,1.027,10.4,177.0,recomputed
2026-08-28T05:30:00Z,2026-08-28T00:00:00Z,2026-09-01T06:00:00Z,102,spectrum,coronado_north,0.696,5m,5.0,0.696,0.771,1.027,13.6,212.0,recomputed
2026-08-28T05:30:00Z,2026-08-28T00:00:00Z,2026-09-01T06:00:00Z,102,spectrum,coronado_center,0.494,5m,5.0,0.494,0.79,1.027,11.1,204.0,recomputed
2026-08-28T05:30:00Z,2026-08-28T00:00:00Z,2026-09-01T06:00:00Z,102,spectrum,coronado_south,0.479,5m,5.0,0.479,0.793,1.027,10.4,194.0,recomputed
2026-08-28T05:30:00Z,2026-08-28T00:00:00Z,2026-09-01T09:00:00Z,105,spectrum,buoy,0.991,buoy,,,,0.991,9.7,177.0,recomputed
2026-08-28T05:30:00Z,2026-08-28T00:00:00Z,2026-09-01T09:00:00Z,105,spectrum,coronado_north,0.671,5m,5.0,0.671,0.747,0.991,13.6,212.0,recomputed
2026-08-28T05:30:00Z,2026-08-28T00:00:00Z,2026-09-01T09:00:00Z,105,spectrum,coronado_center,0.476,5m,5.0,0.476,0.765,0.991,11.1,203.0,recomputed
2026-08-28T05:30:00Z,2026-08-28T00:00:00Z,2026-09-01T09:00:00Z,105,spectrum,coronado_south,0.463,5m,5.0,0.463,0.768,0.991,10.4,195.0,recomputed
2026-08-28T05:30:00Z,2026-08-28T00:00:00Z,2026-09-01T12:00:00Z,108,spectrum,buoy,0.956,buoy,,,,0.956,9.7,178.0,recomputed
2026-08-28T05:30:00Z,2026-08-28T00:00:00Z,2026-09-01T12:00:00Z,108,spectrum,coronado_north,0.653,5m,5.0,0.653,0.73,0.956,13.6,212.0,recomputed
2026-08-28T05:30:00Z,2026-08-28T00:00:00Z,2026-09-01T12:00:00Z,108,spectrum,coronado_center,0.462,5m,5.0,0.462,0.747,0.956,13.6,211.0,recomputed
2026-08-28T05:30:00Z,2026-08-28T00:00:00Z,2026-09-01T12:00:00Z,108,spectrum,coronado_south,0.442,5m,5.0,0.442,0.75,0.956,10.4,195.0,recomputed
2026-08-28T05:30:00Z,2026-08-28T00:00:00Z,2026-09-01T15:00:00Z,111,spectrum,buoy,0.935,buoy,,,,0.935,9.7,179.0,recomputed
2026-08-28T05:30:00Z,2026-08-28T00:00:00Z,2026-09-01T15:00:00Z,111,spectrum,coronado_north,0.645,5m,5.0,0.645,0.724,0.935,13.6,212.0,recomputed
2026-08-28T05:30:00Z,2026-08-28T00:00:00Z,2026-09-01T15:00:00Z,111,spectrum,coronado_center,0.453,5m,5.0,0.453,0.742,0.935,13.6,216.0,recomputed
2026-08-28T05:30:00Z,2026-08-28T00:00:00Z,2026-09-01T15:00:00Z,111,spectrum,coronado_south,0.434,5m,5.0,0.434,0.742,0.935,9.7,195.0,recomputed
2026-08-28T05:30:00Z,2026-08-28T00:00:00Z,2026-09-01T18:00:00Z,114,spectrum,buoy,0.926,buoy,,,,0.926,9.7,181.0,recomputed
2026-08-28T05:30:00Z,2026-08-28T00:00:00Z,2026-09-01T18:00:00Z,114,spectrum,coronado_north,0.647,5m,5.0,0.647,0.727,0.926,12.7,211.0,recomputed
2026-08-28T05:30:00Z,2026-08-28T00:00:00Z,2026-09-01T18:00:00Z,114,spectrum,coronado_center,0.447,5m,5.0,0.447,0.745,0.926,11.1,209.0,recomputed
2026-08-28T05:30:00Z,2026-08-28T00:00:00Z,2026-09-01T18:00:00Z,114,spectrum,coronado_south,0.433,5m,5.0,0.433,0.742,0.926,10.4,206.0,recomputed
2026-08-28T05:30:00Z,2026-08-28T00:00:00Z,2026-09-01T21:00:00Z,117,spectrum,buoy,0.931,buoy,,,,0.931,9.7,183.0,recomputed
2026-08-28T05:30:00Z,2026-08-28T00:00:00Z,2026-09-01T21:00:00Z,117,spectrum,coronado_north,0.657,5m,5.0,0.657,0.737,0.931,12.7,210.0,recomputed
2026-08-28T05:30:00Z,2026-08-28T00:00:00Z,2026-09-01T21:00:00Z,117,spectrum,coronado_center,0.451,5m,5.0,0.451,0.755,0.931,13.6,214.0,recomputed
2026-08-28T05:30:00Z,2026-08-28T00:00:00Z,2026-09-01T21:00:00Z,117,spectrum,coronado_south,0.456,5m,5.0,0.456,0.75,0.931,10.4,203.0,recomputed
2026-08-28T05:30:00Z,2026-08-28T00:00:00Z,2026-09-02T00:00:00Z,120,spectrum,buoy,0.968,buoy,,,,0.968,9.7,184.0,recomputed
2026-08-28T05:30:00Z,2026-08-28T00:00:00Z,2026-09-02T00:00:00Z,120,spectrum,coronado_north,0.678,5m,5.0,0.678,0.755,0.968,12.7,209.0,recomputed
2026-08-28T05:30:00Z,2026-08-28T00:00:00Z,2026-09-02T00:00:00Z,120,spectrum,coronado_center,0.447,5m,5.0,0.447,0.774,0.968,13.6,211.0,recomputed
2026-08-28T05:30:00Z,2026-08-28T00:00:00Z,2026-09-02T00:00:00Z,120,spectrum,coronado_south,0.47,5m,5.0,0.47,0.768,0.968,10.4,204.0,recomputed
2026-08-28T05:30:00Z,2026-08-28T00:00:00Z,2026-09-02T03:00:00Z,123,spectrum,buoy,0.993,buoy,,,,0.993,12.7,197.0,recomputed
2026-08-28T05:30:00Z,2026-08-28T00:00:00Z,2026-09-02T03:00:00Z,123,spectrum,coronado_north,0.709,5m,5.0,0.709,0.776,0.993,12.7,209.0,recomputed
2026-08-28T05:30:00Z,2026-08-28T00:00:00Z,2026-09-02T03:00:00Z,123,spectrum,coronado_center,0.453,5m,5.0,0.453,0.795,0.993,13.6,210.0,recomputed
2026-08-28T05:30:00Z,2026-08-28T00:00:00Z,2026-09-02T03:00:00Z,123,spectrum,coronado_south,0.476,5m,5.0,0.476,0.787,0.993,10.4,196.0,recomputed
2026-08-28T05:30:00Z,2026-08-28T00:00:00Z,2026-09-02T06:00:00Z,126,spectrum,buoy,1.015,buoy,,,,1.015,11.9,196.0,recomputed
2026-08-28T05:30:00Z,2026-08-28T00:00:00Z,2026-09-02T06:00:00Z,126,spectrum,coronado_north,0.743,5m,5.0,0.743,0.795,1.015,12.7,209.0,recomputed
2026-08-28T05:30:00Z,2026-08-28T00:00:00Z,2026-09-02T06:00:00Z,126,spectrum,coronado_center,0.459,5m,5.0,0.459,0.814,1.015,13.6,210.0,recomputed
2026-08-28T05:30:00Z,2026-08-28T00:00:00Z,2026-09-02T06:00:00Z,126,spectrum,coronado_south,0.489,5m,5.0,0.489,0.803,1.015,10.4,196.0,recomputed
2026-08-28T05:30:00Z,2026-08-28T00:00:00Z,2026-09-02T09:00:00Z,129,spectrum,buoy,1.028,buoy,,,,1.028,11.9,197.0,recomputed
2026-08-28T05:30:00Z,2026-08-28T00:00:00Z,2026-09-02T09:00:00Z,129,spectrum,coronado_north,0.786,5m,5.0,0.786,0.816,1.028,12.7,210.0,recomputed
2026-08-28T05:30:00Z,2026-08-28T00:00:00Z,2026-09-02T09:00:00Z,129,spectrum,coronado_center,0.466,5m,5.0,0.466,0.833,1.028,12.7,210.0,recomputed
2026-08-28T05:30:00Z,2026-08-28T00:00:00Z,2026-09-02T09:00:00Z,129,spectrum,coronado_south,0.498,5m,5.0,0.498,0.819,1.028,10.4,196.0,recomputed
2026-08-28T05:30:00Z,2026-08-28T00:00:00Z,2026-09-02T12:00:00Z,132,spectrum,buoy,1.044,buoy,,,,1.044,11.1,197.0,recomputed
2026-08-28T05:30:00Z,2026-08-28T00:00:00Z,2026-09-02T12:00:00Z,132,spectrum,coronado_north,0.844,5m,5.0,0.844,0.841,1.044,12.7,211.0,recomputed
2026-08-28T05:30:00Z,2026-08-28T00:00:00Z,2026-09-02T12:00:00Z,132,spectrum,coronado_center,0.477,5m,5.0,0.477,0.855,1.044,12.7,214.0,recomputed
2026-08-28T05:30:00Z,2026-08-28T00:00:00Z,2026-09-02T12:00:00Z,132,spectrum,coronado_south,0.512,5m,5.0,0.512,0.837,1.044,10.4,197.0,recomputed
2026-08-28T05:30:00Z,2026-08-28T00:00:00Z,2026-09-02T15:00:00Z,135,spectrum,buoy,1.06,buoy,,,,1.06,11.1,198.0,recomputed
2026-08-28T05:30:00Z,2026-08-28T00:00:00Z,2026-09-02T15:00:00Z,135,spectrum,coronado_north,0.907,5m,5.0,0.907,0.866,1.06,12.7,210.0,recomputed
2026-08-28T05:30:00Z,2026-08-28T00:00:00Z,2026-09-02T15:00:00Z,135,spectrum,coronado_center,0.489,5m,5.0,0.489,0.878,1.06,12.7,213.0,recomputed
2026-08-28T05:30:00Z,2026-08-28T00:00:00Z,2026-09-02T15:00:00Z,135,spectrum,coronado_south,0.51,5m,5.0,0.51,0.857,1.06,10.4,197.0,recomputed
2026-08-28T05:30:00Z,2026-08-28T00:00:00Z,2026-09-02T18:00:00Z,138,spectrum,buoy,1.072,buoy,,,,1.072,11.9,200.0,recomputed
2026-08-28T05:30:00Z,2026-08-28T00:00:00Z,2026-09-02T18:00:00Z,138,spectrum,coronado_north,0.965,5m,5.0,0.965,0.892,1.072,12.7,212.0,recomputed
2026-08-28T05:30:00Z,2026-08-28T00:00:00Z,2026-09-02T18:00:00Z,138,spectrum,coronado_center,0.5,5m,5.0,0.5,0.9,1.072,11.9,213.0,recomputed
2026-08-28T05:30:00Z,2026-08-28T00:00:00Z,2026-09-02T18:00:00Z,138,spectrum,coronado_south,0.517,5m,5.0,0.517,0.876,1.072,10.4,202.0,recomputed
2026-08-28T05:30:00Z,2026-08-28T00:00:00Z,2026-09-02T21:00:00Z,141,spectrum,buoy,1.098,buoy,,,,1.098,11.9,201.0,recomputed
2026-08-28T05:30:00Z,2026-08-28T00:00:00Z,2026-09-02T21:00:00Z,141,spectrum,coronado_north,1.016,5m,5.0,1.016,0.913,1.098,11.9,212.0,recomputed
2026-08-28T05:30:00Z,2026-08-28T00:00:00Z,2026-09-02T21:00:00Z,141,spectrum,coronado_center,0.521,5m,5.0,0.521,0.92,1.098,11.9,214.0,recomputed
2026-08-28T05:30:00Z,2026-08-28T00:00:00Z,2026-09-02T21:00:00Z,141,spectrum,coronado_south,0.538,5m,5.0,0.538,0.896,1.098,10.4,203.0,recomputed
2026-08-28T05:30:00Z,2026-08-28T00:00:00Z,2026-09-03T00:00:00Z,144,spectrum,buoy,1.135,buoy,,,,1.135,11.9,202.0,recomputed
2026-08-28T05:30:00Z,2026-08-28T00:00:00Z,2026-09-03T00:00:00Z,144,spectrum,coronado_north,1.074,5m,5.0,1.074,0.933,1.135,11.9,212.0,recomputed
2026-08-28T05:30:00Z,2026-08-28T00:00:00Z,2026-09-03T00:00:00Z,144,spectrum,coronado_center,0.534,5m,5.0,0.534,0.94,1.135,11.9,213.0,recomputed
2026-08-28T05:30:00Z,2026-08-28T00:00:00Z,2026-09-03T00:00:00Z,144,spectrum,coronado_south,0.529,5m,5.0,0.529,0.917,1.135,10.4,201.0,recomputed
2026-08-28T05:30:00Z,2026-08-28T00:00:00Z,2026-09-03T03:00:00Z,147,spectrum,buoy,1.165,buoy,,,,1.165,11.1,202.0,recomputed
2026-08-28T05:30:00Z,2026-08-28T00:00:00Z,2026-09-03T03:00:00Z,147,spectrum,coronado_north,1.14,5m,5.0,1.14,0.951,1.165,12.7,213.0,recomputed
2026-08-28T05:30:00Z,2026-08-28T00:00:00Z,2026-09-03T03:00:00Z,147,spectrum,coronado_center,0.564,5m,5.0,0.564,0.958,1.165,11.9,212.0,recomputed
2026-08-28T05:30:00Z,2026-08-28T00:00:00Z,2026-09-03T03:00:00Z,147,spectrum,coronado_south,0.538,5m,5.0,0.538,0.939,1.165,10.4,200.0,recomputed
2026-08-28T05:30:00Z,2026-08-28T00:00:00Z,2026-09-03T06:00:00Z,150,spectrum,buoy,1.185,buoy,,,,1.185,11.1,203.0,recomputed
2026-08-28T05:30:00Z,2026-08-28T00:00:00Z,2026-09-03T06:00:00Z,150,spectrum,coronado_north,1.202,5m,5.0,1.202,0.968,1.185,11.9,213.0,recomputed
2026-08-28T05:30:00Z,2026-08-28T00:00:00Z,2026-09-03T06:00:00Z,150,spectrum,coronado_center,0.596,5m,5.0,0.596,0.975,1.185,17.8,224.0,recomputed
2026-08-28T05:30:00Z,2026-08-28T00:00:00Z,2026-09-03T06:00:00Z,150,spectrum,coronado_south,0.546,5m,5.0,0.546,0.96,1.185,10.4,201.0,recomputed
2026-08-28T05:30:00Z,2026-08-28T00:00:00Z,2026-09-03T09:00:00Z,153,spectrum,buoy,1.196,buoy,,,,1.196,11.1,204.0,recomputed
2026-08-28T05:30:00Z,2026-08-28T00:00:00Z,2026-09-03T09:00:00Z,153,spectrum,coronado_north,1.26,5m,5.0,1.26,0.982,1.196,12.7,214.0,recomputed
2026-08-28T05:30:00Z,2026-08-28T00:00:00Z,2026-09-03T09:00:00Z,153,spectrum,coronado_center,0.622,5m,5.0,0.622,0.988,1.196,16.6,224.0,recomputed
2026-08-28T05:30:00Z,2026-08-28T00:00:00Z,2026-09-03T09:00:00Z,153,spectrum,coronado_south,0.548,5m,5.0,0.548,0.975,1.196,10.4,202.0,recomputed
2026-08-28T05:30:00Z,2026-08-28T00:00:00Z,2026-09-03T12:00:00Z,156,spectrum,buoy,1.204,buoy,,,,1.204,11.1,204.0,recomputed
2026-08-28T05:30:00Z,2026-08-28T00:00:00Z,2026-09-03T12:00:00Z,156,spectrum,coronado_north,1.319,5m,5.0,1.319,0.996,1.204,12.7,214.0,recomputed
2026-08-28T05:30:00Z,2026-08-28T00:00:00Z,2026-09-03T12:00:00Z,156,spectrum,coronado_center,0.644,5m,5.0,0.644,1.001,1.204,11.9,218.0,recomputed
2026-08-28T05:30:00Z,2026-08-28T00:00:00Z,2026-09-03T12:00:00Z,156,spectrum,coronado_south,0.546,5m,5.0,0.546,0.989,1.204,10.4,202.0,recomputed
2026-08-28T05:30:00Z,2026-08-28T00:00:00Z,2026-09-03T15:00:00Z,159,spectrum,buoy,1.212,buoy,,,,1.212,11.9,205.0,recomputed
2026-08-28T05:30:00Z,2026-08-28T00:00:00Z,2026-09-03T15:00:00Z,159,spectrum,coronado_north,1.383,5m,5.0,1.383,1.015,1.212,12.7,214.0,recomputed
2026-08-28T05:30:00Z,2026-08-28T00:00:00Z,2026-09-03T15:00:00Z,159,spectrum,coronado_center,0.669,5m,5.0,0.669,1.019,1.212,11.9,219.0,recomputed
2026-08-28T05:30:00Z,2026-08-28T00:00:00Z,2026-09-03T15:00:00Z,159,spectrum,coronado_south,0.546,5m,5.0,0.546,1.007,1.212,10.4,212.0,recomputed
2026-08-28T05:30:00Z,2026-08-28T00:00:00Z,2026-09-03T18:00:00Z,162,spectrum,buoy,1.226,buoy,,,,1.226,11.9,206.0,recomputed
2026-08-28T05:30:00Z,2026-08-28T00:00:00Z,2026-09-03T18:00:00Z,162,spectrum,coronado_north,1.446,5m,5.0,1.446,1.036,1.226,12.7,215.0,recomputed
2026-08-28T05:30:00Z,2026-08-28T00:00:00Z,2026-09-03T18:00:00Z,162,spectrum,coronado_center,0.7,5m,5.0,0.7,1.039,1.226,11.9,220.0,recomputed
2026-08-28T05:30:00Z,2026-08-28T00:00:00Z,2026-09-03T18:00:00Z,162,spectrum,coronado_south,0.559,5m,5.0,0.559,1.028,1.226,11.9,213.0,recomputed
2026-08-28T05:30:00Z,2026-08-28T00:00:00Z,2026-09-03T21:00:00Z,165,spectrum,buoy,1.276,buoy,,,,1.276,11.9,207.0,recomputed
2026-08-28T05:30:00Z,2026-08-28T00:00:00Z,2026-09-03T21:00:00Z,165,spectrum,coronado_north,1.5,5m,5.0,1.5,1.053,1.276,12.7,215.0,recomputed
2026-08-28T05:30:00Z,2026-08-28T00:00:00Z,2026-09-03T21:00:00Z,165,spectrum,coronado_center,0.741,5m,5.0,0.741,1.057,1.276,11.9,221.0,recomputed
2026-08-28T05:30:00Z,2026-08-28T00:00:00Z,2026-09-03T21:00:00Z,165,spectrum,coronado_south,0.583,5m,5.0,0.583,1.049,1.276,11.9,216.0,recomputed
2026-08-28T05:30:00Z,2026-08-28T00:00:00Z,2026-09-04T00:00:00Z,168,spectrum,buoy,1.367,buoy,,,,1.367,11.9,208.0,recomputed
2026-08-28T05:30:00Z,2026-08-28T00:00:00Z,2026-09-04T00:00:00Z,168,spectrum,coronado_north,1.533,5m,5.0,1.533,1.063,1.367,11.9,215.0,recomputed
2026-08-28T05:30:00Z,2026-08-28T00:00:00Z,2026-09-04T00:00:00Z,168,spectrum,coronado_center,0.771,5m,5.0,0.771,1.071,1.367,11.9,219.0,recomputed
2026-08-28T05:30:00Z,2026-08-28T00:00:00Z,2026-09-04T00:00:00Z,168,spectrum,coronado_south,0.608,5m,5.0,0.608,1.073,1.367,11.9,208.0,recomputed
2026-08-29T05:30:00Z,2026-08-29T00:00:00Z,2026-08-29T00:00:00Z,0,spectrum,buoy,0.908,buoy,,,,0.908,19.0,204.0,recomputed
2026-08-29T05:30:00Z,2026-08-29T00:00:00Z,2026-08-29T00:00:00Z,0,spectrum,coronado_north,0.956,5m,5.0,0.956,0.733,0.908,12.7,218.0,recomputed
2026-08-29T05:30:00Z,2026-08-29T00:00:00Z,2026-08-29T00:00:00Z,0,spectrum,coronado_center,0.682,5m,5.0,0.682,0.748,0.908,12.7,229.0,recomputed
2026-08-29T05:30:00Z,2026-08-29T00:00:00Z,2026-08-29T00:00:00Z,0,spectrum,coronado_south,0.453,5m,5.0,0.453,0.744,0.908,10.4,229.0,recomputed
2026-08-29T05:30:00Z,2026-08-29T00:00:00Z,2026-08-29T03:00:00Z,3,spectrum,buoy,0.942,buoy,,,,0.942,19.0,202.0,recomputed
2026-08-29T05:30:00Z,2026-08-29T00:00:00Z,2026-08-29T03:00:00Z,3,spectrum,coronado_north,0.978,5m,5.0,0.978,0.74,0.942,19.0,213.0,recomputed
2026-08-29T05:30:00Z,2026-08-29T00:00:00Z,2026-08-29T03:00:00Z,3,spectrum,coronado_center,0.688,5m,5.0,0.688,0.755,0.942,19.0,222.0,recomputed
2026-08-29T05:30:00Z,2026-08-29T00:00:00Z,2026-08-29T03:00:00Z,3,spectrum,coronado_south,0.465,5m,5.0,0.465,0.753,0.942,10.4,235.0,recomputed
2026-08-29T05:30:00Z,2026-08-29T00:00:00Z,2026-08-29T06:00:00Z,6,spectrum,buoy,0.97,buoy,,,,0.97,17.8,206.0,recomputed
2026-08-29T05:30:00Z,2026-08-29T00:00:00Z,2026-08-29T06:00:00Z,6,spectrum,coronado_north,1.007,5m,5.0,1.007,0.758,0.97,17.8,215.0,recomputed
2026-08-29T05:30:00Z,2026-08-29T00:00:00Z,2026-08-29T06:00:00Z,6,spectrum,coronado_center,0.702,5m,5.0,0.702,0.773,0.97,17.8,226.0,recomputed
2026-08-29T05:30:00Z,2026-08-29T00:00:00Z,2026-08-29T06:00:00Z,6,spectrum,coronado_south,0.479,5m,5.0,0.479,0.772,0.97,10.4,237.0,recomputed
2026-08-29T05:30:00Z,2026-08-29T00:00:00Z,2026-08-29T09:00:00Z,9,spectrum,buoy,0.988,buoy,,,,0.988,17.8,204.0,recomputed
2026-08-29T05:30:00Z,2026-08-29T00:00:00Z,2026-08-29T09:00:00Z,9,spectrum,coronado_north,1.043,5m,5.0,1.043,0.779,0.988,17.8,215.0,recomputed
2026-08-29T05:30:00Z,2026-08-29T00:00:00Z,2026-08-29T09:00:00Z,9,spectrum,coronado_center,0.722,5m,5.0,0.722,0.794,0.988,17.8,226.0,recomputed
2026-08-29T05:30:00Z,2026-08-29T00:00:00Z,2026-08-29T09:00:00Z,9,spectrum,coronado_south,0.485,5m,5.0,0.485,0.794,0.988,10.4,237.0,recomputed
2026-08-29T05:30:00Z,2026-08-29T00:00:00Z,2026-08-29T12:00:00Z,12,spectrum,buoy,1.01,buoy,,,,1.01,17.8,202.0,recomputed
2026-08-29T05:30:00Z,2026-08-29T00:00:00Z,2026-08-29T12:00:00Z,12,spectrum,coronado_north,1.063,5m,5.0,1.063,0.79,1.01,17.8,214.0,recomputed
2026-08-29T05:30:00Z,2026-08-29T00:00:00Z,2026-08-29T12:00:00Z,12,spectrum,coronado_center,0.732,5m,5.0,0.732,0.806,1.01,17.8,225.0,recomputed
2026-08-29T05:30:00Z,2026-08-29T00:00:00Z,2026-08-29T12:00:00Z,12,spectrum,coronado_south,0.493,5m,5.0,0.493,0.806,1.01,10.4,238.0,recomputed
2026-08-29T05:30:00Z,2026-08-29T00:00:00Z,2026-08-29T15:00:00Z,15,spectrum,buoy,1.048,buoy,,,,1.048,17.8,200.0,recomputed
2026-08-29T05:30:00Z,2026-08-29T00:00:00Z,2026-08-29T15:00:00Z,15,spectrum,coronado_north,1.086,5m,5.0,1.086,0.807,1.048,16.6,213.0,recomputed
2026-08-29T05:30:00Z,2026-08-29T00:00:00Z,2026-08-29T15:00:00Z,15,spectrum,coronado_center,0.746,5m,5.0,0.746,0.825,1.048,16.6,225.0,recomputed
2026-08-29T05:30:00Z,2026-08-29T00:00:00Z,2026-08-29T15:00:00Z,15,spectrum,coronado_south,0.499,5m,5.0,0.499,0.828,1.048,10.4,239.0,recomputed
2026-08-29T05:30:00Z,2026-08-29T00:00:00Z,2026-08-29T18:00:00Z,18,spectrum,buoy,1.085,buoy,,,,1.085,16.6,203.0,recomputed
2026-08-29T05:30:00Z,2026-08-29T00:00:00Z,2026-08-29T18:00:00Z,18,spectrum,coronado_north,1.116,5m,5.0,1.116,0.824,1.085,16.6,212.0,recomputed
2026-08-29T05:30:00Z,2026-08-29T00:00:00Z,2026-08-29T18:00:00Z,18,spectrum,coronado_center,0.762,5m,5.0,0.762,0.842,1.085,16.6,225.0,recomputed
2026-08-29T05:30:00Z,2026-08-29T00:00:00Z,2026-08-29T18:00:00Z,18,spectrum,coronado_south,0.527,5m,5.0,0.527,0.847,1.085,10.4,242.0,recomputed
2026-08-29T05:30:00Z,2026-08-29T00:00:00Z,2026-08-29T21:00:00Z,21,spectrum,buoy,1.159,buoy,,,,1.159,16.6,202.0,recomputed
2026-08-29T05:30:00Z,2026-08-29T00:00:00Z,2026-08-29T21:00:00Z,21,spectrum,coronado_north,1.143,5m,5.0,1.143,0.836,1.159,16.6,212.0,recomputed
2026-08-29T05:30:00Z,2026-08-29T00:00:00Z,2026-08-29T21:00:00Z,21,spectrum,coronado_center,0.776,5m,5.0,0.776,0.857,1.159,16.6,225.0,recomputed
2026-08-29T05:30:00Z,2026-08-29T00:00:00Z,2026-08-29T21:00:00Z,21,spectrum,coronado_south,0.569,5m,5.0,0.569,0.865,1.159,10.4,246.0,recomputed
2026-08-29T05:30:00Z,2026-08-29T00:00:00Z,2026-08-30T00:00:00Z,24,spectrum,buoy,1.247,buoy,,,,1.247,16.6,201.0,recomputed
2026-08-29T05:30:00Z,2026-08-29T00:00:00Z,2026-08-30T00:00:00Z,24,spectrum,coronado_north,1.161,5m,5.0,1.161,0.848,1.247,16.6,212.0,recomputed
2026-08-29T05:30:00Z,2026-08-29T00:00:00Z,2026-08-30T00:00:00Z,24,spectrum,coronado_center,0.774,5m,5.0,0.774,0.873,1.247,16.6,226.0,recomputed
2026-08-29T05:30:00Z,2026-08-29T00:00:00Z,2026-08-30T00:00:00Z,24,spectrum,coronado_south,0.59,5m,5.0,0.59,0.892,1.247,6.9,251.0,recomputed
2026-08-29T05:30:00Z,2026-08-29T00:00:00Z,2026-08-30T03:00:00Z,27,spectrum,buoy,1.326,buoy,,,,1.326,15.6,201.0,recomputed
2026-08-29T05:30:00Z,2026-08-29T00:00:00Z,2026-08-30T03:00:00Z,27,spectrum,coronado_north,1.179,5m,5.0,1.179,0.859,1.326,15.6,211.0,recomputed
2026-08-29T05:30:00Z,2026-08-29T00:00:00Z,2026-08-30T03:00:00Z,27,spectrum,coronado_center,0.776,5m,5.0,0.776,0.89,1.326,16.6,224.0,recomputed
2026-08-29T05:30:00Z,2026-08-29T00:00:00Z,2026-08-30T03:00:00Z,27,spectrum,coronado_south,0.613,5m,5.0,0.613,0.92,1.326,5.3,253.0,recomputed
2026-08-29T05:30:00Z,2026-08-29T00:00:00Z,2026-08-30T06:00:00Z,30,spectrum,buoy,1.395,buoy,,,,1.395,15.6,200.0,recomputed
2026-08-29T05:30:00Z,2026-08-29T00:00:00Z,2026-08-30T06:00:00Z,30,spectrum,coronado_north,1.186,5m,5.0,1.186,0.863,1.395,15.6,211.0,recomputed
2026-08-29T05:30:00Z,2026-08-29T00:00:00Z,2026-08-30T06:00:00Z,30,spectrum,coronado_center,0.782,5m,5.0,0.782,0.896,1.395,16.6,224.0,recomputed
2026-08-29T05:30:00Z,2026-08-29T00:00:00Z,2026-08-30T06:00:00Z,30,spectrum,coronado_south,0.66,5m,5.0,0.66,0.934,1.395,6.5,256.0,recomputed
2026-08-29T05:30:00Z,2026-08-29T00:00:00Z,2026-08-30T09:00:00Z,33,spectrum,buoy,1.418,buoy,,,,1.418,15.6,199.0,recomputed
2026-08-29T05:30:00Z,2026-08-29T00:00:00Z,2026-08-30T09:00:00Z,33,spectrum,coronado_north,1.176,5m,5.0,1.176,0.858,1.418,15.6,212.0,recomputed
2026-08-29T05:30:00Z,2026-08-29T00:00:00Z,2026-08-30T09:00:00Z,33,spectrum,coronado_center,0.778,5m,5.0,0.778,0.89,1.418,15.6,223.0,recomputed
2026-08-29T05:30:00Z,2026-08-29T00:00:00Z,2026-08-30T09:00:00Z,33,spectrum,coronado_south,0.682,5m,5.0,0.682,0.927,1.418,6.9,258.0,recomputed
2026-08-29T05:30:00Z,2026-08-29T00:00:00Z,2026-08-30T12:00:00Z,36,spectrum,buoy,1.428,buoy,,,,1.428,15.6,199.0,recomputed
2026-08-29T05:30:00Z,2026-08-29T00:00:00Z,2026-08-30T12:00:00Z,36,spectrum,coronado_north,1.162,5m,5.0,1.162,0.854,1.428,15.6,212.0,recomputed
2026-08-29T05:30:00Z,2026-08-29T00:00:00Z,2026-08-30T12:00:00Z,36,spectrum,coronado_center,0.77,5m,5.0,0.77,0.884,1.428,15.6,223.0,recomputed
2026-08-29T05:30:00Z,2026-08-29T00:00:00Z,2026-08-30T12:00:00Z,36,spectrum,coronado_south,0.693,5m,5.0,0.693,0.918,1.428,6.9,261.0,recomputed
2026-08-29T05:30:00Z,2026-08-29T00:00:00Z,2026-08-30T15:00:00Z,39,spectrum,buoy,1.412,buoy,,,,1.412,15.6,199.0,recomputed
2026-08-29T05:30:00Z,2026-08-29T00:00:00Z,2026-08-30T15:00:00Z,39,spectrum,coronado_north,1.139,5m,5.0,1.139,0.845,1.412,15.6,212.0,recomputed
2026-08-29T05:30:00Z,2026-08-29T00:00:00Z,2026-08-30T15:00:00Z,39,spectrum,coronado_center,0.761,5m,5.0,0.761,0.874,1.412,15.6,234.0,recomputed
2026-08-29T05:30:00Z,2026-08-29T00:00:00Z,2026-08-30T15:00:00Z,39,spectrum,coronado_south,0.699,5m,5.0,0.699,0.903,1.412,6.9,262.0,recomputed
2026-08-29T05:30:00Z,2026-08-29T00:00:00Z,2026-08-30T18:00:00Z,42,spectrum,buoy,1.367,buoy,,,,1.367,14.5,200.0,recomputed
2026-08-29T05:30:00Z,2026-08-29T00:00:00Z,2026-08-30T18:00:00Z,42,spectrum,coronado_north,1.116,5m,5.0,1.116,0.836,1.367,15.6,212.0,recomputed
2026-08-29T05:30:00Z,2026-08-29T00:00:00Z,2026-08-30T18:00:00Z,42,spectrum,coronado_center,0.742,5m,5.0,0.742,0.863,1.367,15.6,233.0,recomputed
2026-08-29T05:30:00Z,2026-08-29T00:00:00Z,2026-08-30T18:00:00Z,42,spectrum,coronado_south,0.682,5m,5.0,0.682,0.889,1.367,9.0,257.0,recomputed
2026-08-29T05:30:00Z,2026-08-29T00:00:00Z,2026-08-30T21:00:00Z,45,spectrum,buoy,1.354,buoy,,,,1.354,14.5,200.0,recomputed
2026-08-29T05:30:00Z,2026-08-29T00:00:00Z,2026-08-30T21:00:00Z,45,spectrum,coronado_north,1.083,5m,5.0,1.083,0.823,1.354,14.5,213.0,recomputed
2026-08-29T05:30:00Z,2026-08-29T00:00:00Z,2026-08-30T21:00:00Z,45,spectrum,coronado_center,0.727,5m,5.0,0.727,0.851,1.354,14.5,233.0,recomputed
2026-08-29T05:30:00Z,2026-08-29T00:00:00Z,2026-08-30T21:00:00Z,45,spectrum,coronado_south,0.678,5m,5.0,0.678,0.878,1.354,9.0,255.0,recomputed
2026-08-29T05:30:00Z,2026-08-29T00:00:00Z,2026-08-31T00:00:00Z,48,spectrum,buoy,1.364,buoy,,,,1.364,14.5,200.0,recomputed
2026-08-29T05:30:00Z,2026-08-29T00:00:00Z,2026-08-31T00:00:00Z,48,spectrum,coronado_north,1.047,5m,5.0,1.047,0.811,1.364,14.5,215.0,recomputed
2026-08-29T05:30:00Z,2026-08-29T00:00:00Z,2026-08-31T00:00:00Z,48,spectrum,coronado_center,0.706,5m,5.0,0.706,0.842,1.364,14.5,233.0,recomputed
2026-08-29T05:30:00Z,2026-08-29T00:00:00Z,2026-08-31T00:00:00Z,48,spectrum,coronado_south,0.656,5m,5.0,0.656,0.875,1.364,6.9,254.0,recomputed
2026-08-29T05:30:00Z,2026-08-29T00:00:00Z,2026-08-31T03:00:00Z,51,spectrum,buoy,1.359,buoy,,,,1.359,14.5,199.0,recomputed
2026-08-29T05:30:00Z,2026-08-29T00:00:00Z,2026-08-31T03:00:00Z,51,spectrum,coronado_north,1.011,5m,5.0,1.011,0.8,1.359,14.5,215.0,recomputed
2026-08-29T05:30:00Z,2026-08-29T00:00:00Z,2026-08-31T03:00:00Z,51,spectrum,coronado_center,0.687,5m,5.0,0.687,0.833,1.359,14.5,224.0,recomputed
2026-08-29T05:30:00Z,2026-08-29T00:00:00Z,2026-08-31T03:00:00Z,51,spectrum,coronado_south,0.644,5m,5.0,0.644,0.87,1.359,6.9,257.0,recomputed
2026-08-29T05:30:00Z,2026-08-29T00:00:00Z,2026-08-31T06:00:00Z,54,spectrum,buoy,1.355,buoy,,,,1.355,14.5,199.0,recomputed
2026-08-29T05:30:00Z,2026-08-29T00:00:00Z,2026-08-31T06:00:00Z,54,spectrum,coronado_north,0.972,5m,5.0,0.972,0.792,1.355,14.5,215.0,recomputed
2026-08-29T05:30:00Z,2026-08-29T00:00:00Z,2026-08-31T06:00:00Z,54,spectrum,coronado_center,0.672,5m,5.0,0.672,0.823,1.355,14.5,224.0,recomputed
2026-08-29T05:30:00Z,2026-08-29T00:00:00Z,2026-08-31T06:00:00Z,54,spectrum,coronado_south,0.642,5m,5.0,0.642,0.859,1.355,6.9,258.0,recomputed
2026-08-29T05:30:00Z,2026-08-29T00:00:00Z,2026-08-31T09:00:00Z,57,spectrum,buoy,1.318,buoy,,,,1.318,14.5,198.0,recomputed
2026-08-29T05:30:00Z,2026-08-29T00:00:00Z,2026-08-31T09:00:00Z,57,spectrum,coronado_north,0.936,5m,5.0,0.936,0.796,1.318,14.5,215.0,recomputed
2026-08-29T05:30:00Z,2026-08-29T00:00:00Z,2026-08-31T09:00:00Z,57,spectrum,coronado_center,0.651,5m,5.0,0.651,0.823,1.318,14.5,232.0,recomputed
2026-08-29T05:30:00Z,2026-08-29T00:00:00Z,2026-08-31T09:00:00Z,57,spectrum,coronado_south,0.626,5m,5.0,0.626,0.851,1.318,6.9,256.0,recomputed
2026-08-29T05:30:00Z,2026-08-29T00:00:00Z,2026-08-31T12:00:00Z,60,spectrum,buoy,1.265,buoy,,,,1.265,14.5,198.0,recomputed
2026-08-29T05:30:00Z,2026-08-29T00:00:00Z,2026-08-31T12:00:00Z,60,spectrum,coronado_north,0.898,5m,5.0,0.898,0.806,1.265,14.5,214.0,recomputed
2026-08-29T05:30:00Z,2026-08-29T00:00:00Z,2026-08-31T12:00:00Z,60,spectrum,coronado_center,0.629,5m,5.0,0.629,0.829,1.265,14.5,230.0,recomputed
2026-08-29T05:30:00Z,2026-08-29T00:00:00Z,2026-08-31T12:00:00Z,60,spectrum,coronado_south,0.598,5m,5.0,0.598,0.847,1.265,6.9,257.0,recomputed
2026-08-29T05:30:00Z,2026-08-29T00:00:00Z,2026-08-31T15:00:00Z,63,spectrum,buoy,1.208,buoy,,,,1.208,13.6,193.0,recomputed
2026-08-29T05:30:00Z,2026-08-29T00:00:00Z,2026-08-31T15:00:00Z,63,spectrum,coronado_north,0.862,5m,5.0,0.862,0.811,1.208,14.5,214.0,recomputed
2026-08-29T05:30:00Z,2026-08-29T00:00:00Z,2026-08-31T15:00:00Z,63,spectrum,coronado_center,0.606,5m,5.0,0.606,0.832,1.208,14.5,228.0,recomputed
2026-08-29T05:30:00Z,2026-08-29T00:00:00Z,2026-08-31T15:00:00Z,63,spectrum,coronado_south,0.573,5m,5.0,0.573,0.844,1.208,11.9,204.0,recomputed
2026-08-29T05:30:00Z,2026-08-29T00:00:00Z,2026-08-31T18:00:00Z,66,spectrum,buoy,1.146,buoy,,,,1.146,13.6,195.0,recomputed
2026-08-29T05:30:00Z,2026-08-29T00:00:00Z,2026-08-31T18:00:00Z,66,spectrum,coronado_north,0.825,5m,5.0,0.825,0.806,1.146,14.5,214.0,recomputed
2026-08-29T05:30:00Z,2026-08-29T00:00:00Z,2026-08-31T18:00:00Z,66,spectrum,coronado_center,0.588,5m,5.0,0.588,0.825,1.146,14.5,225.0,recomputed
2026-08-29T05:30:00Z,2026-08-29T00:00:00Z,2026-08-31T18:00:00Z,66,spectrum,coronado_south,0.555,5m,5.0,0.555,0.833,1.146,11.9,199.0,recomputed
2026-08-29T05:30:00Z,2026-08-29T00:00:00Z,2026-08-31T21:00:00Z,69,spectrum,buoy,1.097,buoy,,,,1.097,13.6,197.0,recomputed
2026-08-29T05:30:00Z,2026-08-29T00:00:00Z,2026-08-31T21:00:00Z,69,spectrum,coronado_north,0.788,5m,5.0,0.788,0.79,1.097,13.6,214.0,recomputed
2026-08-29T05:30:00Z,2026-08-29T00:00:00Z,2026-08-31T21:00:00Z,69,spectrum,coronado_center,0.56,5m,5.0,0.56,0.808,1.097,14.5,223.0,recomputed
2026-08-29T05:30:00Z,2026-08-29T00:00:00Z,2026-08-31T21:00:00Z,69,spectrum,coronado_south,0.528,5m,5.0,0.528,0.814,1.097,11.9,196.0,recomputed
2026-08-29T05:30:00Z,2026-08-29T00:00:00Z,2026-09-01T00:00:00Z,72,spectrum,buoy,1.052,buoy,,,,1.052,13.6,198.0,recomputed
2026-08-29T05:30:00Z,2026-08-29T00:00:00Z,2026-09-01T00:00:00Z,72,spectrum,coronado_north,0.756,5m,5.0,0.756,0.771,1.052,13.6,214.0,recomputed
2026-08-29T05:30:00Z,2026-08-29T00:00:00Z,2026-09-01T00:00:00Z,72,spectrum,coronado_center,0.542,5m,5.0,0.542,0.789,1.052,11.1,219.0,recomputed
2026-08-29T05:30:00Z,2026-08-29T00:00:00Z,2026-09-01T00:00:00Z,72,spectrum,coronado_south,0.5,5m,5.0,0.5,0.794,1.052,11.9,195.0,recomputed
2026-08-29T05:30:00Z,2026-08-29T00:00:00Z,2026-09-01T03:00:00Z,75,spectrum,buoy,1.016,buoy,,,,1.016,13.6,199.0,recomputed
2026-08-29T05:30:00Z,2026-08-29T00:00:00Z,2026-09-01T03:00:00Z,75,spectrum,coronado_north,0.731,5m,5.0,0.731,0.752,1.016,13.6,213.0,recomputed
2026-08-29T05:30:00Z,2026-08-29T00:00:00Z,2026-09-01T03:00:00Z,75,spectrum,coronado_center,0.523,5m,5.0,0.523,0.77,1.016,11.1,219.0,recomputed
2026-08-29T05:30:00Z,2026-08-29T00:00:00Z,2026-09-01T03:00:00Z,75,spectrum,coronado_south,0.468,5m,5.0,0.468,0.775,1.016,11.9,195.0,recomputed
2026-08-29T05:30:00Z,2026-08-29T00:00:00Z,2026-09-01T06:00:00Z,78,spectrum,buoy,0.989,buoy,,,,0.989,13.6,199.0,recomputed
2026-08-29T05:30:00Z,2026-08-29T00:00:00Z,2026-09-01T06:00:00Z,78,spectrum,coronado_north,0.708,5m,5.0,0.708,0.732,0.989,13.6,213.0,recomputed
2026-08-29T05:30:00Z,2026-08-29T00:00:00Z,2026-09-01T06:00:00Z,78,spectrum,coronado_center,0.504,5m,5.0,0.504,0.751,0.989,11.1,211.0,recomputed
2026-08-29T05:30:00Z,2026-08-29T00:00:00Z,2026-09-01T06:00:00Z,78,spectrum,coronado_south,0.453,5m,5.0,0.453,0.756,0.989,11.9,196.0,recomputed
2026-08-29T05:30:00Z,2026-08-29T00:00:00Z,2026-09-01T09:00:00Z,81,spectrum,buoy,0.959,buoy,,,,0.959,13.6,199.0,recomputed
2026-08-29T05:30:00Z,2026-08-29T00:00:00Z,2026-09-01T09:00:00Z,81,spectrum,coronado_north,0.688,5m,5.0,0.688,0.719,0.959,13.6,213.0,recomputed
2026-08-29T05:30:00Z,2026-08-29T00:00:00Z,2026-09-01T09:00:00Z,81,spectrum,coronado_center,0.49,5m,5.0,0.49,0.737,0.959,13.6,216.0,recomputed
2026-08-29T05:30:00Z,2026-08-29T00:00:00Z,2026-09-01T09:00:00Z,81,spectrum,coronado_south,0.44,5m,5.0,0.44,0.742,0.959,11.9,196.0,recomputed
2026-08-29T05:30:00Z,2026-08-29T00:00:00Z,2026-09-01T12:00:00Z,84,spectrum,buoy,0.94,buoy,,,,0.94,13.6,199.0,recomputed
2026-08-29T05:30:00Z,2026-08-29T00:00:00Z,2026-09-01T12:00:00Z,84,spectrum,coronado_north,0.674,5m,5.0,0.674,0.713,0.94,13.6,212.0,recomputed
2026-08-29T05:30:00Z,2026-08-29T00:00:00Z,2026-09-01T12:00:00Z,84,spectrum,coronado_center,0.48,5m,5.0,0.48,0.73,0.94,11.1,210.0,recomputed
2026-08-29T05:30:00Z,2026-08-29T00:00:00Z,2026-09-01T12:00:00Z,84,spectrum,coronado_south,0.43,5m,5.0,0.43,0.733,0.94,11.9,196.0,recomputed
2026-08-29T05:30:00Z,2026-08-29T00:00:00Z,2026-09-01T15:00:00Z,87,spectrum,buoy,0.933,buoy,,,,0.933,13.6,199.0,recomputed
2026-08-29T05:30:00Z,2026-08-29T00:00:00Z,2026-09-01T15:00:00Z,87,spectrum,coronado_north,0.671,5m,5.0,0.671,0.718,0.933,13.6,212.0,recomputed
2026-08-29T05:30:00Z,2026-08-29T00:00:00Z,2026-09-01T15:00:00Z,87,spectrum,coronado_center,0.474,5m,5.0,0.474,0.735,0.933,11.1,206.0,recomputed
2026-08-29T05:30:00Z,2026-08-29T00:00:00Z,2026-09-01T15:00:00Z,87,spectrum,coronado_south,0.426,5m,5.0,0.426,0.735,0.933,11.9,195.0,recomputed
2026-08-29T05:30:00Z,2026-08-29T00:00:00Z,2026-09-01T18:00:00Z,90,spectrum,buoy,0.959,buoy,,,,0.959,12.7,196.0,recomputed
2026-08-29T05:30:00Z,2026-08-29T00:00:00Z,2026-09-01T18:00:00Z,90,spectrum,coronado_north,0.68,5m,5.0,0.68,0.733,0.959,12.7,213.0,recomputed
2026-08-29T05:30:00Z,2026-08-29T00:00:00Z,2026-09-01T18:00:00Z,90,spectrum,coronado_center,0.47,5m,5.0,0.47,0.75,0.959,11.1,205.0,recomputed
2026-08-29T05:30:00Z,2026-08-29T00:00:00Z,2026-09-01T18:00:00Z,90,spectrum,coronado_south,0.429,5m,5.0,0.429,0.748,0.959,11.9,195.0,recomputed
2026-08-29T05:30:00Z,2026-08-29T00:00:00Z,2026-09-01T21:00:00Z,93,spectrum,buoy,1.025,buoy,,,,1.025,12.7,196.0,recomputed
2026-08-29T05:30:00Z,2026-08-29T00:00:00Z,2026-09-01T21:00:00Z,93,spectrum,coronado_north,0.696,5m,5.0,0.696,0.757,1.025,12.7,212.0,recomputed
2026-08-29T05:30:00Z,2026-08-29T00:00:00Z,2026-09-01T21:00:00Z,93,spectrum,coronado_center,0.471,5m,5.0,0.471,0.776,1.025,11.1,204.0,recomputed
2026-08-29T05:30:00Z,2026-08-29T00:00:00Z,2026-09-01T21:00:00Z,93,spectrum,coronado_south,0.452,5m,5.0,0.452,0.776,1.025,10.4,195.0,recomputed
2026-08-29T05:30:00Z,2026-08-29T00:00:00Z,2026-09-02T00:00:00Z,96,spectrum,buoy,1.108,buoy,,,,1.108,12.7,196.0,recomputed
2026-08-29T05:30:00Z,2026-08-29T00:00:00Z,2026-09-02T00:00:00Z,96,spectrum,coronado_north,0.723,5m,5.0,0.723,0.784,1.108,12.7,211.0,recomputed
2026-08-29T05:30:00Z,2026-08-29T00:00:00Z,2026-09-02T00:00:00Z,96,spectrum,coronado_center,0.481,5m,5.0,0.481,0.806,1.108,11.1,203.0,recomputed
2026-08-29T05:30:00Z,2026-08-29T00:00:00Z,2026-09-02T00:00:00Z,96,spectrum,coronado_south,0.484,5m,5.0,0.484,0.808,1.108,10.4,195.0,recomputed
2026-08-29T05:30:00Z,2026-08-29T00:00:00Z,2026-09-02T03:00:00Z,99,spectrum,buoy,1.194,buoy,,,,1.194,11.1,193.0,recomputed
2026-08-29T05:30:00Z,2026-08-29T00:00:00Z,2026-09-02T03:00:00Z,99,spectrum,coronado_north,0.762,5m,5.0,0.762,0.81,1.194,12.7,210.0,recomputed
2026-08-29T05:30:00Z,2026-08-29T00:00:00Z,2026-09-02T03:00:00Z,99,spectrum,coronado_center,0.493,5m,5.0,0.493,0.834,1.194,13.6,212.0,recomputed
2026-08-29T05:30:00Z,2026-08-29T00:00:00Z,2026-09-02T03:00:00Z,99,spectrum,coronado_south,0.515,5m,5.0,0.515,0.837,1.194,10.4,195.0,recomputed
2026-08-29T05:30:00Z,2026-08-29T00:00:00Z,2026-09-02T06:00:00Z,102,spectrum,buoy,1.336,buoy,,,,1.336,11.1,195.0,recomputed
2026-08-29T05:30:00Z,2026-08-29T00:00:00Z,2026-09-02T06:00:00Z,102,spectrum,coronado_north,0.813,5m,5.0,0.813,0.839,1.336,12.7,210.0,recomputed
2026-08-29T05:30:00Z,2026-08-29T00:00:00Z,2026-09-02T06:00:00Z,102,spectrum,coronado_center,0.518,5m,5.0,0.518,0.865,1.336,13.6,211.0,recomputed
2026-08-29T05:30:00Z,2026-08-29T00:00:00Z,2026-09-02T06:00:00Z,102,spectrum,coronado_south,0.566,5m,5.0,0.566,0.876,1.336,10.4,195.0,recomputed
2026-08-29T05:30:00Z,2026-08-29T00:00:00Z,2026-09-02T09:00:00Z,105,spectrum,buoy,1.308,buoy,,,,1.308,11.9,197.0,recomputed
2026-08-29T05:30:00Z,2026-08-29T00:00:00Z,2026-09-02T09:00:00Z,105,spectrum,coronado_north,0.868,5m,5.0,0.868,0.867,1.308,12.7,212.0,recomputed
2026-08-29T05:30:00Z,2026-08-29T00:00:00Z,2026-09-02T09:00:00Z,105,spectrum,coronado_center,0.533,5m,5.0,0.533,0.893,1.308,12.7,211.0,recomputed
2026-08-29T05:30:00Z,2026-08-29T00:00:00Z,2026-09-02T09:00:00Z,105,spectrum,coronado_south,0.587,5m,5.0,0.587,0.903,1.308,10.4,196.0,recomputed
2026-08-29T05:30:00Z,2026-08-29T00:00:00Z,2026-09-02T12:00:00Z,108,spectrum,buoy,1.238,buoy,,,,1.238,11.9,197.0,recomputed
2026-08-29T05:30:00Z,2026-08-29T00:00:00Z,2026-09-02T12:00:00Z,108,spectrum,coronado_north,0.919,5m,5.0,0.919,0.886,1.238,13.6,212.0,recomputed
2026-08-29T05:30:00Z,2026-08-29T00:00:00Z,2026-09-02T12:00:00Z,108,spectrum,coronado_center,0.528,5m,5.0,0.528,0.907,1.238,12.7,219.0,recomputed
2026-08-29T05:30:00Z,2026-08-29T00:00:00Z,2026-09-02T12:00:00Z,108,spectrum,coronado_south,0.568,5m,5.0,0.568,0.905,1.238,10.4,196.0,recomputed
2026-08-29T05:30:00Z,2026-08-29T00:00:00Z,2026-09-02T15:00:00Z,111,spectrum,buoy,1.176,buoy,,,,1.176,11.9,198.0,recomputed
2026-08-29T05:30:00Z,2026-08-29T00:00:00Z,2026-09-02T15:00:00Z,111,spectrum,coronado_north,0.966,5m,5.0,0.966,0.898,1.176,12.7,212.0,recomputed
2026-08-29T05:30:00Z,2026-08-29T00:00:00Z,2026-09-02T15:00:00Z,111,spectrum,coronado_center,0.525,5m,5.0,0.525,0.914,1.176,12.7,217.0,recomputed
2026-08-29T05:30:00Z,2026-08-29T00:00:00Z,2026-09-02T15:00:00Z,111,spectrum,coronado_south,0.547,5m,5.0,0.547,0.903,1.176,10.4,197.0,recomputed
2026-08-29T05:30:00Z,2026-08-29T00:00:00Z,2026-09-02T18:00:00Z,114,spectrum,buoy,1.141,buoy,,,,1.141,11.9,199.0,recomputed
2026-08-29T05:30:00Z,2026-08-29T00:00:00Z,2026-09-02T18:00:00Z,114,spectrum,coronado_north,1.008,5m,5.0,1.008,0.906,1.141,12.7,212.0,recomputed
2026-08-29T05:30:00Z,2026-08-29T00:00:00Z,2026-09-02T18:00:00Z,114,spectrum,coronado_center,0.526,5m,5.0,0.526,0.918,1.141,11.9,216.0,recomputed
2026-08-29T05:30:00Z,2026-08-29T00:00:00Z,2026-09-02T18:00:00Z,114,spectrum,coronado_south,0.533,5m,5.0,0.533,0.901,1.141,10.4,198.0,recomputed
2026-08-29T05:30:00Z,2026-08-29T00:00:00Z,2026-09-02T21:00:00Z,117,spectrum,buoy,1.139,buoy,,,,1.139,11.9,200.0,recomputed
2026-08-29T05:30:00Z,2026-08-29T00:00:00Z,2026-09-02T21:00:00Z,117,spectrum,coronado_north,1.046,5m,5.0,1.046,0.912,1.139,12.7,212.0,recomputed
2026-08-29T05:30:00Z,2026-08-29T00:00:00Z,2026-09-02T21:00:00Z,117,spectrum,coronado_center,0.532,5m,5.0,0.532,0.923,1.139,11.9,216.0,recomputed
2026-08-29T05:30:00Z,2026-08-29T00:00:00Z,2026-09-02T21:00:00Z,117,spectrum,coronado_south,0.545,5m,5.0,0.545,0.905,1.139,10.4,205.0,recomputed
2026-08-29T05:30:00Z,2026-08-29T00:00:00Z,2026-09-03T00:00:00Z,120,spectrum,buoy,1.191,buoy,,,,1.191,11.9,202.0,recomputed
2026-08-29T05:30:00Z,2026-08-29T00:00:00Z,2026-09-03T00:00:00Z,120,spectrum,coronado_north,1.09,5m,5.0,1.09,0.923,1.191,12.7,213.0,recomputed
2026-08-29T05:30:00Z,2026-08-29T00:00:00Z,2026-09-03T00:00:00Z,120,spectrum,coronado_center,0.557,5m,5.0,0.557,0.935,1.191,11.9,213.0,recomputed
2026-08-29T05:30:00Z,2026-08-29T00:00:00Z,2026-09-03T00:00:00Z,120,spectrum,coronado_south,0.545,5m,5.0,0.545,0.925,1.191,10.4,199.0,recomputed
2026-08-29T05:30:00Z,2026-08-29T00:00:00Z,2026-09-03T03:00:00Z,123,spectrum,buoy,1.22,buoy,,,,1.22,11.9,203.0,recomputed
2026-08-29T05:30:00Z,2026-08-29T00:00:00Z,2026-09-03T03:00:00Z,123,spectrum,coronado_north,1.134,5m,5.0,1.134,0.929,1.22,11.9,213.0,recomputed
2026-08-29T05:30:00Z,2026-08-29T00:00:00Z,2026-09-03T03:00:00Z,123,spectrum,coronado_center,0.582,5m,5.0,0.582,0.942,1.22,16.6,225.0,recomputed
2026-08-29T05:30:00Z,2026-08-29T00:00:00Z,2026-09-03T03:00:00Z,123,spectrum,coronado_south,0.552,5m,5.0,0.552,0.936,1.22,10.4,200.0,recomputed
2026-08-29T05:30:00Z,2026-08-29T00:00:00Z,2026-09-03T06:00:00Z,126,spectrum,buoy,1.253,buoy,,,,1.253,11.1,203.0,recomputed
2026-08-29T05:30:00Z,2026-08-29T00:00:00Z,2026-09-03T06:00:00Z,126,spectrum,coronado_north,1.175,5m,5.0,1.175,0.931,1.253,12.7,214.0,recomputed
2026-08-29T05:30:00Z,2026-08-29T00:00:00Z,2026-09-03T06:00:00Z,126,spectrum,coronado_center,0.606,5m,5.0,0.606,0.943,1.253,17.8,225.0,recomputed
2026-08-29T05:30:00Z,2026-08-29T00:00:00Z,2026-09-03T06:00:00Z,126,spectrum,coronado_south,0.557,5m,5.0,0.557,0.942,1.253,10.4,201.0,recomputed
2026-08-29T05:30:00Z,2026-08-29T00:00:00Z,2026-09-03T09:00:00Z,129,spectrum,buoy,1.235,buoy,,,,1.235,11.1,204.0,recomputed
2026-08-29T05:30:00Z,2026-08-29T00:00:00Z,2026-09-03T09:00:00Z,129,spectrum,coronado_north,1.212,5m,5.0,1.212,0.936,1.235,12.7,215.0,recomputed
2026-08-29T05:30:00Z,2026-08-29T00:00:00Z,2026-09-03T09:00:00Z,129,spectrum,coronado_center,0.627,5m,5.0,0.627,0.946,1.235,11.9,222.0,recomputed
2026-08-29T05:30:00Z,2026-08-29T00:00:00Z,2026-09-03T09:00:00Z,129,spectrum,coronado_south,0.564,5m,5.0,0.564,0.945,1.235,10.4,202.0,recomputed
2026-08-29T05:30:00Z,2026-08-29T00:00:00Z,2026-09-03T12:00:00Z,132,spectrum,buoy,1.224,buoy,,,,1.224,11.1,205.0,recomputed
2026-08-29T05:30:00Z,2026-08-29T00:00:00Z,2026-09-03T12:00:00Z,132,spectrum,coronado_north,1.245,5m,5.0,1.245,0.941,1.224,11.9,215.0,recomputed
2026-08-29T05:30:00Z,2026-08-29T00:00:00Z,2026-09-03T12:00:00Z,132,spectrum,coronado_center,0.646,5m,5.0,0.646,0.95,1.224,11.9,222.0,recomputed
2026-08-29T05:30:00Z,2026-08-29T00:00:00Z,2026-09-03T12:00:00Z,132,spectrum,coronado_south,0.553,5m,5.0,0.553,0.948,1.224,10.4,203.0,recomputed
2026-08-29T05:30:00Z,2026-08-29T00:00:00Z,2026-09-03T15:00:00Z,135,spectrum,buoy,1.225,buoy,,,,1.225,11.1,206.0,recomputed
2026-08-29T05:30:00Z,2026-08-29T00:00:00Z,2026-09-03T15:00:00Z,135,spectrum,coronado_north,1.282,5m,5.0,1.282,0.95,1.225,11.1,215.0,recomputed
2026-08-29T05:30:00Z,2026-08-29T00:00:00Z,2026-09-03T15:00:00Z,135,spectrum,coronado_center,0.67,5m,5.0,0.67,0.959,1.225,11.9,223.0,recomputed
2026-08-29T05:30:00Z,2026-08-29T00:00:00Z,2026-09-03T15:00:00Z,135,spectrum,coronado_south,0.555,5m,5.0,0.555,0.957,1.225,10.4,218.0,recomputed
2026-08-29T05:30:00Z,2026-08-29T00:00:00Z,2026-09-03T18:00:00Z,138,spectrum,buoy,1.248,buoy,,,,1.248,11.1,207.0,recomputed
2026-08-29T05:30:00Z,2026-08-29T00:00:00Z,2026-09-03T18:00:00Z,138,spectrum,coronado_north,1.328,5m,5.0,1.328,0.963,1.248,11.1,215.0,recomputed
2026-08-29T05:30:00Z,2026-08-29T00:00:00Z,2026-09-03T18:00:00Z,138,spectrum,coronado_center,0.705,5m,5.0,0.705,0.973,1.248,11.9,224.0,recomputed
2026-08-29T05:30:00Z,2026-08-29T00:00:00Z,2026-09-03T18:00:00Z,138,spectrum,coronado_south,0.577,5m,5.0,0.577,0.974,1.248,10.4,221.0,recomputed
2026-08-29T05:30:00Z,2026-08-29T00:00:00Z,2026-09-03T21:00:00Z,141,spectrum,buoy,1.285,buoy,,,,1.285,11.1,208.0,recomputed
2026-08-29T05:30:00Z,2026-08-29T00:00:00Z,2026-09-03T21:00:00Z,141,spectrum,coronado_north,1.38,5m,5.0,1.38,0.979,1.285,11.1,216.0,recomputed
2026-08-29T05:30:00Z,2026-08-29T00:00:00Z,2026-09-03T21:00:00Z,141,spectrum,coronado_center,0.745,5m,5.0,0.745,0.989,1.285,11.9,225.0,recomputed
2026-08-29T05:30:00Z,2026-08-29T00:00:00Z,2026-09-03T21:00:00Z,141,spectrum,coronado_south,0.597,5m,5.0,0.597,0.994,1.285,10.4,224.0,recomputed
2026-08-29T05:30:00Z,2026-08-29T00:00:00Z,2026-09-04T00:00:00Z,144,spectrum,buoy,1.312,buoy,,,,1.312,11.9,209.0,recomputed
2026-08-29T05:30:00Z,2026-08-29T00:00:00Z,2026-09-04T00:00:00Z,144,spectrum,coronado_north,1.429,5m,5.0,1.429,0.995,1.312,11.9,216.0,recomputed
2026-08-29T05:30:00Z,2026-08-29T00:00:00Z,2026-09-04T00:00:00Z,144,spectrum,coronado_center,0.783,5m,5.0,0.783,1.006,1.312,11.9,225.0,recomputed
2026-08-29T05:30:00Z,2026-08-29T00:00:00Z,2026-09-04T00:00:00Z,144,spectrum,coronado_south,0.603,5m,5.0,0.603,1.012,1.312,10.4,225.0,recomputed
2026-08-29T05:30:00Z,2026-08-29T00:00:00Z,2026-09-04T03:00:00Z,147,spectrum,buoy,1.332,buoy,,,,1.332,11.9,210.0,recomputed
2026-08-29T05:30:00Z,2026-08-29T00:00:00Z,2026-09-04T03:00:00Z,147,spectrum,coronado_north,1.462,5m,5.0,1.462,1.007,1.332,11.9,216.0,recomputed
2026-08-29T05:30:00Z,2026-08-29T00:00:00Z,2026-09-04T03:00:00Z,147,spectrum,coronado_center,0.815,5m,5.0,0.815,1.02,1.332,11.9,225.0,recomputed
2026-08-29T05:30:00Z,2026-08-29T00:00:00Z,2026-09-04T03:00:00Z,147,spectrum,coronado_south,0.59,5m,5.0,0.59,1.028,1.332,11.9,226.0,recomputed
2026-08-29T05:30:00Z,2026-08-29T00:00:00Z,2026-09-04T06:00:00Z,150,spectrum,buoy,1.324,buoy,,,,1.324,11.1,211.0,recomputed
2026-08-29T05:30:00Z,2026-08-29T00:00:00Z,2026-09-04T06:00:00Z,150,spectrum,coronado_north,1.482,5m,5.0,1.482,1.013,1.324,11.1,216.0,recomputed
2026-08-29T05:30:00Z,2026-08-29T00:00:00Z,2026-09-04T06:00:00Z,150,spectrum,coronado_center,0.834,5m,5.0,0.834,1.027,1.324,11.9,225.0,recomputed
2026-08-29T05:30:00Z,2026-08-29T00:00:00Z,2026-09-04T06:00:00Z,150,spectrum,coronado_south,0.587,5m,5.0,0.587,1.036,1.324,10.4,212.0,recomputed
2026-08-29T05:30:00Z,2026-08-29T00:00:00Z,2026-09-04T09:00:00Z,153,spectrum,buoy,1.318,buoy,,,,1.318,11.1,211.0,recomputed
2026-08-29T05:30:00Z,2026-08-29T00:00:00Z,2026-09-04T09:00:00Z,153,spectrum,coronado_north,1.494,5m,5.0,1.494,1.019,1.318,11.1,216.0,recomputed
2026-08-29T05:30:00Z,2026-08-29T00:00:00Z,2026-09-04T09:00:00Z,153,spectrum,coronado_center,0.855,5m,5.0,0.855,1.032,1.318,11.9,226.0,recomputed
2026-08-29T05:30:00Z,2026-08-29T00:00:00Z,2026-09-04T09:00:00Z,153,spectrum,coronado_south,0.588,5m,5.0,0.588,1.042,1.318,10.4,210.0,recomputed
2026-08-29T05:30:00Z,2026-08-29T00:00:00Z,2026-09-04T12:00:00Z,156,spectrum,buoy,1.307,buoy,,,,1.307,11.1,212.0,recomputed
2026-08-29T05:30:00Z,2026-08-29T00:00:00Z,2026-09-04T12:00:00Z,156,spectrum,coronado_north,1.495,5m,5.0,1.495,1.022,1.307,11.1,218.0,recomputed
2026-08-29T05:30:00Z,2026-08-29T00:00:00Z,2026-09-04T12:00:00Z,156,spectrum,coronado_center,0.871,5m,5.0,0.871,1.036,1.307,11.9,227.0,recomputed
2026-08-29T05:30:00Z,2026-08-29T00:00:00Z,2026-09-04T12:00:00Z,156,spectrum,coronado_south,0.588,5m,5.0,0.588,1.043,1.307,10.4,211.0,recomputed
2026-08-29T05:30:00Z,2026-08-29T00:00:00Z,2026-09-04T15:00:00Z,159,spectrum,buoy,1.278,buoy,,,,1.278,11.1,213.0,recomputed
2026-08-29T05:30:00Z,2026-08-29T00:00:00Z,2026-09-04T15:00:00Z,159,spectrum,coronado_north,1.486,5m,5.0,1.486,1.022,1.278,11.1,218.0,recomputed
2026-08-29T05:30:00Z,2026-08-29T00:00:00Z,2026-09-04T15:00:00Z,159,spectrum,coronado_center,0.876,5m,5.0,0.876,1.034,1.278,11.1,227.0,recomputed
2026-08-29T05:30:00Z,2026-08-29T00:00:00Z,2026-09-04T15:00:00Z,159,spectrum,coronado_south,0.579,5m,5.0,0.579,1.038,1.278,10.4,225.0,recomputed
2026-08-29T05:30:00Z,2026-08-29T00:00:00Z,2026-09-04T18:00:00Z,162,spectrum,buoy,1.259,buoy,,,,1.259,11.1,214.0,recomputed
2026-08-29T05:30:00Z,2026-08-29T00:00:00Z,2026-09-04T18:00:00Z,162,spectrum,coronado_north,1.466,5m,5.0,1.466,1.016,1.259,11.1,218.0,recomputed
2026-08-29T05:30:00Z,2026-08-29T00:00:00Z,2026-09-04T18:00:00Z,162,spectrum,coronado_center,0.873,5m,5.0,0.873,1.029,1.259,11.1,227.0,recomputed
2026-08-29T05:30:00Z,2026-08-29T00:00:00Z,2026-09-04T18:00:00Z,162,spectrum,coronado_south,0.572,5m,5.0,0.572,1.03,1.259,10.4,225.0,recomputed
2026-08-29T05:30:00Z,2026-08-29T00:00:00Z,2026-09-04T21:00:00Z,165,spectrum,buoy,1.248,buoy,,,,1.248,11.1,214.0,recomputed
2026-08-29T05:30:00Z,2026-08-29T00:00:00Z,2026-09-04T21:00:00Z,165,spectrum,coronado_north,1.44,5m,5.0,1.44,1.009,1.248,11.1,218.0,recomputed
2026-08-29T05:30:00Z,2026-08-29T00:00:00Z,2026-09-04T21:00:00Z,165,spectrum,coronado_center,0.872,5m,5.0,0.872,1.022,1.248,11.1,227.0,recomputed
2026-08-29T05:30:00Z,2026-08-29T00:00:00Z,2026-09-04T21:00:00Z,165,spectrum,coronado_south,0.591,5m,5.0,0.591,1.023,1.248,10.4,225.0,recomputed
2026-08-29T05:30:00Z,2026-08-29T00:00:00Z,2026-09-05T00:00:00Z,168,spectrum,buoy,1.254,buoy,,,,1.254,16.6,202.0,recomputed
2026-08-29T05:30:00Z,2026-08-29T00:00:00Z,2026-09-05T00:00:00Z,168,spectrum,coronado_north,1.407,5m,5.0,1.407,0.999,1.254,10.4,218.0,recomputed
2026-08-29T05:30:00Z,2026-08-29T00:00:00Z,2026-09-05T00:00:00Z,168,spectrum,coronado_center,0.859,5m,5.0,0.859,1.014,1.254,16.6,222.0,recomputed
2026-08-29T05:30:00Z,2026-08-29T00:00:00Z,2026-09-05T00:00:00Z,168,spectrum,coronado_south,0.587,5m,5.0,0.587,1.016,1.254,10.4,226.0,recomputed
2026-08-30T05:30:00Z,2026-08-30T00:00:00Z,2026-08-30T00:00:00Z,0,spectrum,buoy,1.187,buoy,,,,1.187,16.6,202.0,recomputed
2026-08-30T05:30:00Z,2026-08-30T00:00:00Z,2026-08-30T00:00:00Z,0,spectrum,coronado_north,1.165,5m,5.0,1.165,0.844,1.187,16.6,212.0,recomputed
2026-08-30T05:30:00Z,2026-08-30T00:00:00Z,2026-08-30T00:00:00Z,0,spectrum,coronado_center,0.777,5m,5.0,0.777,0.868,1.187,16.6,226.0,recomputed
2026-08-30T05:30:00Z,2026-08-30T00:00:00Z,2026-08-30T00:00:00Z,0,spectrum,coronado_south,0.562,5m,5.0,0.562,0.881,1.187,10.4,248.0,recomputed
2026-08-30T05:30:00Z,2026-08-30T00:00:00Z,2026-08-30T03:00:00Z,3,spectrum,buoy,1.266,buoy,,,,1.266,15.6,201.0,recomputed
2026-08-30T05:30:00Z,2026-08-30T00:00:00Z,2026-08-30T03:00:00Z,3,spectrum,coronado_north,1.175,5m,5.0,1.175,0.852,1.266,15.6,213.0,recomputed
2026-08-30T05:30:00Z,2026-08-30T00:00:00Z,2026-08-30T03:00:00Z,3,spectrum,coronado_center,0.768,5m,5.0,0.768,0.881,1.266,16.6,224.0,recomputed
2026-08-30T05:30:00Z,2026-08-30T00:00:00Z,2026-08-30T03:00:00Z,3,spectrum,coronado_south,0.584,5m,5.0,0.584,0.906,1.266,5.3,251.0,recomputed
2026-08-30T05:30:00Z,2026-08-30T00:00:00Z,2026-08-30T06:00:00Z,6,spectrum,buoy,1.313,buoy,,,,1.313,15.6,200.0,recomputed
2026-08-30T05:30:00Z,2026-08-30T00:00:00Z,2026-08-30T06:00:00Z,6,spectrum,coronado_north,1.178,5m,5.0,1.178,0.855,1.313,15.6,212.0,recomputed
2026-08-30T05:30:00Z,2026-08-30T00:00:00Z,2026-08-30T06:00:00Z,6,spectrum,coronado_center,0.759,5m,5.0,0.759,0.884,1.313,16.6,224.0,recomputed
2026-08-30T05:30:00Z,2026-08-30T00:00:00Z,2026-08-30T06:00:00Z,6,spectrum,coronado_south,0.617,5m,5.0,0.617,0.914,1.313,5.6,254.0,recomputed
2026-08-30T05:30:00Z,2026-08-30T00:00:00Z,2026-08-30T09:00:00Z,9,spectrum,buoy,1.333,buoy,,,,1.333,15.6,200.0,recomputed
2026-08-30T05:30:00Z,2026-08-30T00:00:00Z,2026-08-30T09:00:00Z,9,spectrum,coronado_north,1.172,5m,5.0,1.172,0.849,1.333,15.6,213.0,recomputed
2026-08-30T05:30:00Z,2026-08-30T00:00:00Z,2026-08-30T09:00:00Z,9,spectrum,coronado_center,0.759,5m,5.0,0.759,0.877,1.333,15.6,224.0,recomputed
2026-08-30T05:30:00Z,2026-08-30T00:00:00Z,2026-08-30T09:00:00Z,9,spectrum,coronado_south,0.64,5m,5.0,0.64,0.906,1.333,6.9,257.0,recomputed
2026-08-30T05:30:00Z,2026-08-30T00:00:00Z,2026-08-30T12:00:00Z,12,spectrum,buoy,1.309,buoy,,,,1.309,15.6,200.0,recomputed
2026-08-30T05:30:00Z,2026-08-30T00:00:00Z,2026-08-30T12:00:00Z,12,spectrum,coronado_north,1.154,5m,5.0,1.154,0.84,1.309,15.6,213.0,recomputed
2026-08-30T05:30:00Z,2026-08-30T00:00:00Z,2026-08-30T12:00:00Z,12,spectrum,coronado_center,0.739,5m,5.0,0.739,0.865,1.309,15.6,231.0,recomputed
2026-08-30T05:30:00Z,2026-08-30T00:00:00Z,2026-08-30T12:00:00Z,12,spectrum,coronado_south,0.629,5m,5.0,0.629,0.888,1.309,6.9,258.0,recomputed
2026-08-30T05:30:00Z,2026-08-30T00:00:00Z,2026-08-30T15:00:00Z,15,spectrum,buoy,1.301,buoy,,,,1.301,15.6,200.0,recomputed
2026-08-30T05:30:00Z,2026-08-30T00:00:00Z,2026-08-30T15:00:00Z,15,spectrum,coronado_north,1.132,5m,5.0,1.132,0.833,1.301,15.6,213.0,recomputed
2026-08-30T05:30:00Z,2026-08-30T00:00:00Z,2026-08-30T15:00:00Z,15,spectrum,coronado_center,0.729,5m,5.0,0.729,0.857,1.301,15.6,231.0,recomputed
2026-08-30T05:30:00Z,2026-08-30T00:00:00Z,2026-08-30T15:00:00Z,15,spectrum,coronado_south,0.631,5m,5.0,0.631,0.878,1.301,6.9,259.0,recomputed
2026-08-30T05:30:00Z,2026-08-30T00:00:00Z,2026-08-30T18:00:00Z,18,spectrum,buoy,1.274,buoy,,,,1.274,14.5,200.0,recomputed
2026-08-30T05:30:00Z,2026-08-30T00:00:00Z,2026-08-30T18:00:00Z,18,spectrum,coronado_north,1.111,5m,5.0,1.111,0.826,1.274,15.6,214.0,recomputed
2026-08-30T05:30:00Z,2026-08-30T00:00:00Z,2026-08-30T18:00:00Z,18,spectrum,coronado_center,0.721,5m,5.0,0.721,0.849,1.274,15.6,231.0,recomputed
2026-08-30T05:30:00Z,2026-08-30T00:00:00Z,2026-08-30T18:00:00Z,18,spectrum,coronado_south,0.628,5m,5.0,0.628,0.869,1.274,6.9,259.0,recomputed
2026-08-30T05:30:00Z,2026-08-30T00:00:00Z,2026-08-30T21:00:00Z,21,spectrum,buoy,1.243,buoy,,,,1.243,14.5,200.0,recomputed
2026-08-30T05:30:00Z,2026-08-30T00:00:00Z,2026-08-30T21:00:00Z,21,spectrum,coronado_north,1.072,5m,5.0,1.072,0.813,1.243,14.5,214.0,recomputed
2026-08-30T05:30:00Z,2026-08-30T00:00:00Z,2026-08-30T21:00:00Z,21,spectrum,coronado_center,0.708,5m,5.0,0.708,0.837,1.243,15.6,231.0,recomputed
2026-08-30T05:30:00Z,2026-08-30T00:00:00Z,2026-08-30T21:00:00Z,21,spectrum,coronado_south,0.618,5m,5.0,0.618,0.856,1.243,9.0,258.0,recomputed
2026-08-30T05:30:00Z,2026-08-30T00:00:00Z,2026-08-31T00:00:00Z,24,spectrum,buoy,1.254,buoy,,,,1.254,14.5,200.0,recomputed
2026-08-30T05:30:00Z,2026-08-30T00:00:00Z,2026-08-31T00:00:00Z,24,spectrum,coronado_north,1.042,5m,5.0,1.042,0.807,1.254,14.5,215.0,recomputed
2026-08-30T05:30:00Z,2026-08-30T00:00:00Z,2026-08-31T00:00:00Z,24,spectrum,coronado_center,0.697,5m,5.0,0.697,0.834,1.254,14.5,231.0,recomputed
2026-08-30T05:30:00Z,2026-08-30T00:00:00Z,2026-08-31T00:00:00Z,24,spectrum,coronado_south,0.609,5m,5.0,0.609,0.858,1.254,9.0,256.0,recomputed
2026-08-30T05:30:00Z,2026-08-30T00:00:00Z,2026-08-31T03:00:00Z,27,spectrum,buoy,1.284,buoy,,,,1.284,14.5,200.0,recomputed
2026-08-30T05:30:00Z,2026-08-30T00:00:00Z,2026-08-31T03:00:00Z,27,spectrum,coronado_north,1.017,5m,5.0,1.017,0.803,1.284,14.5,215.0,recomputed
2026-08-30T05:30:00Z,2026-08-30T00:00:00Z,2026-08-31T03:00:00Z,27,spectrum,coronado_center,0.687,5m,5.0,0.687,0.833,1.284,14.5,231.0,recomputed
2026-08-30T05:30:00Z,2026-08-30T00:00:00Z,2026-08-31T03:00:00Z,27,spectrum,coronado_south,0.612,5m,5.0,0.612,0.864,1.284,5.6,256.0,recomputed
2026-08-30T05:30:00Z,2026-08-30T00:00:00Z,2026-08-31T06:00:00Z,30,spectrum,buoy,1.307,buoy,,,,1.307,14.5,201.0,recomputed
2026-08-30T05:30:00Z,2026-08-30T00:00:00Z,2026-08-31T06:00:00Z,30,spectrum,coronado_north,0.985,5m,5.0,0.985,0.797,1.307,14.5,215.0,recomputed
2026-08-30T05:30:00Z,2026-08-30T00:00:00Z,2026-08-31T06:00:00Z,30,spectrum,coronado_center,0.682,5m,5.0,0.682,0.827,1.307,14.5,224.0,recomputed
2026-08-30T05:30:00Z,2026-08-30T00:00:00Z,2026-08-31T06:00:00Z,30,spectrum,coronado_south,0.626,5m,5.0,0.626,0.86,1.307,6.9,256.0,recomputed
2026-08-30T05:30:00Z,2026-08-30T00:00:00Z,2026-08-31T09:00:00Z,33,spectrum,buoy,1.291,buoy,,,,1.291,14.5,200.0,recomputed
2026-08-30T05:30:00Z,2026-08-30T00:00:00Z,2026-08-31T09:00:00Z,33,spectrum,coronado_north,0.955,5m,5.0,0.955,0.8,1.291,14.5,215.0,recomputed
2026-08-30T05:30:00Z,2026-08-30T00:00:00Z,2026-08-31T09:00:00Z,33,spectrum,coronado_center,0.663,5m,5.0,0.663,0.826,1.291,14.5,232.0,recomputed
2026-08-30T05:30:00Z,2026-08-30T00:00:00Z,2026-08-31T09:00:00Z,33,spectrum,coronado_south,0.62,5m,5.0,0.62,0.853,1.291,6.9,257.0,recomputed
2026-08-30T05:30:00Z,2026-08-30T00:00:00Z,2026-08-31T12:00:00Z,36,spectrum,buoy,1.256,buoy,,,,1.256,14.5,200.0,recomputed
2026-08-30T05:30:00Z,2026-08-30T00:00:00Z,2026-08-31T12:00:00Z,36,spectrum,coronado_north,0.921,5m,5.0,0.921,0.812,1.256,14.5,215.0,recomputed
2026-08-30T05:30:00Z,2026-08-30T00:00:00Z,2026-08-31T12:00:00Z,36,spectrum,coronado_center,0.639,5m,5.0,0.639,0.836,1.256,14.5,230.0,recomputed
2026-08-30T05:30:00Z,2026-08-30T00:00:00Z,2026-08-31T12:00:00Z,36,spectrum,coronado_south,0.599,5m,5.0,0.599,0.855,1.256,6.9,256.0,recomputed
2026-08-30T05:30:00Z,2026-08-30T00:00:00Z,2026-08-31T15:00:00Z,39,spectrum,buoy,1.219,buoy,,,,1.219,13.6,194.0,recomputed
2026-08-30T05:30:00Z,2026-08-30T00:00:00Z,2026-08-31T15:00:00Z,39,spectrum,coronado_north,0.889,5m,5.0,0.889,0.832,1.219,14.5,214.0,recomputed
2026-08-30T05:30:00Z,2026-08-30T00:00:00Z,2026-08-31T15:00:00Z,39,spectrum,coronado_center,0.622,5m,5.0,0.622,0.854,1.219,14.5,228.0,recomputed
2026-08-30T05:30:00Z,2026-08-30T00:00:00Z,2026-08-31T15:00:00Z,39,spectrum,coronado_south,0.589,5m,5.0,0.589,0.867,1.219,11.9,204.0,recomputed
2026-08-30T05:30:00Z,2026-08-30T00:00:00Z,2026-08-31T18:00:00Z,42,spectrum,buoy,1.175,buoy,,,,1.175,12.7,189.0,recomputed
2026-08-30T05:30:00Z,2026-08-30T00:00:00Z,2026-08-31T18:00:00Z,42,spectrum,coronado_north,0.856,5m,5.0,0.856,0.846,1.175,14.5,213.0,recomputed
2026-08-30T05:30:00Z,2026-08-30T00:00:00Z,2026-08-31T18:00:00Z,42,spectrum,coronado_center,0.602,5m,5.0,0.602,0.866,1.175,14.5,224.0,recomputed
2026-08-30T05:30:00Z,2026-08-30T00:00:00Z,2026-08-31T18:00:00Z,42,spectrum,coronado_south,0.574,5m,5.0,0.574,0.875,1.175,11.9,197.0,recomputed
2026-08-30T05:30:00Z,2026-08-30T00:00:00Z,2026-08-31T21:00:00Z,45,spectrum,buoy,1.141,buoy,,,,1.141,11.9,184.0,recomputed
2026-08-30T05:30:00Z,2026-08-30T00:00:00Z,2026-08-31T21:00:00Z,45,spectrum,coronado_north,0.82,5m,5.0,0.82,0.848,1.141,13.6,213.0,recomputed
2026-08-30T05:30:00Z,2026-08-30T00:00:00Z,2026-08-31T21:00:00Z,45,spectrum,coronado_center,0.589,5m,5.0,0.589,0.868,1.141,11.1,219.0,recomputed
2026-08-30T05:30:00Z,2026-08-30T00:00:00Z,2026-08-31T21:00:00Z,45,spectrum,coronado_south,0.562,5m,5.0,0.562,0.874,1.141,11.9,193.0,recomputed
2026-08-30T05:30:00Z,2026-08-30T00:00:00Z,2026-09-01T00:00:00Z,48,spectrum,buoy,1.124,buoy,,,,1.124,11.1,180.0,recomputed
2026-08-30T05:30:00Z,2026-08-30T00:00:00Z,2026-09-01T00:00:00Z,48,spectrum,coronado_north,0.788,5m,5.0,0.788,0.84,1.124,13.6,213.0,recomputed
2026-08-30T05:30:00Z,2026-08-30T00:00:00Z,2026-09-01T00:00:00Z,48,spectrum,coronado_center,0.573,5m,5.0,0.573,0.861,1.124,11.1,216.0,recomputed
2026-08-30T05:30:00Z,2026-08-30T00:00:00Z,2026-09-01T00:00:00Z,48,spectrum,coronado_south,0.547,5m,5.0,0.547,0.868,1.124,11.9,192.0,recomputed
2026-08-30T05:30:00Z,2026-08-30T00:00:00Z,2026-09-01T03:00:00Z,51,spectrum,buoy,1.102,buoy,,,,1.102,11.1,181.0,recomputed
2026-08-30T05:30:00Z,2026-08-30T00:00:00Z,2026-09-01T03:00:00Z,51,spectrum,coronado_north,0.761,5m,5.0,0.761,0.825,1.102,13.6,213.0,recomputed
2026-08-30T05:30:00Z,2026-08-30T00:00:00Z,2026-09-01T03:00:00Z,51,spectrum,coronado_center,0.562,5m,5.0,0.562,0.846,1.102,11.1,207.0,recomputed
2026-08-30T05:30:00Z,2026-08-30T00:00:00Z,2026-09-01T03:00:00Z,51,spectrum,coronado_south,0.519,5m,5.0,0.519,0.854,1.102,11.9,192.0,recomputed
2026-08-30T05:30:00Z,2026-08-30T00:00:00Z,2026-09-01T06:00:00Z,54,spectrum,buoy,1.082,buoy,,,,1.082,11.1,182.0,recomputed
2026-08-30T05:30:00Z,2026-08-30T00:00:00Z,2026-09-01T06:00:00Z,54,spectrum,coronado_north,0.737,5m,5.0,0.737,0.802,1.082,13.6,213.0,recomputed
2026-08-30T05:30:00Z,2026-08-30T00:00:00Z,2026-09-01T06:00:00Z,54,spectrum,coronado_center,0.547,5m,5.0,0.547,0.823,1.082,11.1,206.0,recomputed
2026-08-30T05:30:00Z,2026-08-30T00:00:00Z,2026-09-01T06:00:00Z,54,spectrum,coronado_south,0.505,5m,5.0,0.505,0.833,1.082,10.4,192.0,recomputed
2026-08-30T05:30:00Z,2026-08-30T00:00:00Z,2026-09-01T09:00:00Z,57,spectrum,buoy,1.047,buoy,,,,1.047,10.4,181.0,recomputed
2026-08-30T05:30:00Z,2026-08-30T00:00:00Z,2026-09-01T09:00:00Z,57,spectrum,coronado_north,0.714,5m,5.0,0.714,0.777,1.047,13.6,213.0,recomputed
2026-08-30T05:30:00Z,2026-08-30T00:00:00Z,2026-09-01T09:00:00Z,57,spectrum,coronado_center,0.533,5m,5.0,0.533,0.798,1.047,11.1,206.0,recomputed
2026-08-30T05:30:00Z,2026-08-30T00:00:00Z,2026-09-01T09:00:00Z,57,spectrum,coronado_south,0.487,5m,5.0,0.487,0.808,1.047,10.4,193.0,recomputed
2026-08-30T05:30:00Z,2026-08-30T00:00:00Z,2026-09-01T12:00:00Z,60,spectrum,buoy,1.006,buoy,,,,1.006,10.4,181.0,recomputed
2026-08-30T05:30:00Z,2026-08-30T00:00:00Z,2026-09-01T12:00:00Z,60,spectrum,coronado_north,0.692,5m,5.0,0.692,0.752,1.006,13.6,213.0,recomputed
2026-08-30T05:30:00Z,2026-08-30T00:00:00Z,2026-09-01T12:00:00Z,60,spectrum,coronado_center,0.518,5m,5.0,0.518,0.772,1.006,11.1,203.0,recomputed
2026-08-30T05:30:00Z,2026-08-30T00:00:00Z,2026-09-01T12:00:00Z,60,spectrum,coronado_south,0.464,5m,5.0,0.464,0.78,1.006,10.4,194.0,recomputed
2026-08-30T05:30:00Z,2026-08-30T00:00:00Z,2026-09-01T15:00:00Z,63,spectrum,buoy,0.969,buoy,,,,0.969,10.4,182.0,recomputed
2026-08-30T05:30:00Z,2026-08-30T00:00:00Z,2026-09-01T15:00:00Z,63,spectrum,coronado_north,0.673,5m,5.0,0.673,0.73,0.969,13.6,214.0,recomputed
2026-08-30T05:30:00Z,2026-08-30T00:00:00Z,2026-09-01T15:00:00Z,63,spectrum,coronado_center,0.505,5m,5.0,0.505,0.748,0.969,11.1,213.0,recomputed
2026-08-30T05:30:00Z,2026-08-30T00:00:00Z,2026-09-01T15:00:00Z,63,spectrum,coronado_south,0.444,5m,5.0,0.444,0.755,0.969,10.4,193.0,recomputed
2026-08-30T05:30:00Z,2026-08-30T00:00:00Z,2026-09-01T18:00:00Z,66,spectrum,buoy,0.957,buoy,,,,0.957,9.7,182.0,recomputed
2026-08-30T05:30:00Z,2026-08-30T00:00:00Z,2026-09-01T18:00:00Z,66,spectrum,coronado_north,0.659,5m,5.0,0.659,0.711,0.957,13.6,214.0,recomputed
2026-08-30T05:30:00Z,2026-08-30T00:00:00Z,2026-09-01T18:00:00Z,66,spectrum,coronado_center,0.493,5m,5.0,0.493,0.728,0.957,11.1,213.0,recomputed
2026-08-30T05:30:00Z,2026-08-30T00:00:00Z,2026-09-01T18:00:00Z,66,spectrum,coronado_south,0.427,5m,5.0,0.427,0.733,0.957,10.4,194.0,recomputed
2026-08-30T05:30:00Z,2026-08-30T00:00:00Z,2026-09-01T21:00:00Z,69,spectrum,buoy,0.948,buoy,,,,0.948,9.7,183.0,recomputed
2026-08-30T05:30:00Z,2026-08-30T00:00:00Z,2026-09-01T21:00:00Z,69,spectrum,coronado_north,0.65,5m,5.0,0.65,0.694,0.948,12.7,214.0,recomputed
2026-08-30T05:30:00Z,2026-08-30T00:00:00Z,2026-09-01T21:00:00Z,69,spectrum,coronado_center,0.483,5m,5.0,0.483,0.711,0.948,13.6,218.0,recomputed
2026-08-30T05:30:00Z,2026-08-30T00:00:00Z,2026-09-01T21:00:00Z,69,spectrum,coronado_south,0.442,5m,5.0,0.442,0.717,0.948,10.4,211.0,recomputed
2026-08-30T05:30:00Z,2026-08-30T00:00:00Z,2026-09-02T00:00:00Z,72,spectrum,buoy,1.008,buoy,,,,1.008,9.7,184.0,recomputed
2026-08-30T05:30:00Z,2026-08-30T00:00:00Z,2026-09-02T00:00:00Z,72,spectrum,coronado_north,0.653,5m,5.0,0.653,0.685,1.008,12.7,213.0,recomputed
2026-08-30T05:30:00Z,2026-08-30T00:00:00Z,2026-09-02T00:00:00Z,72,spectrum,coronado_center,0.489,5m,5.0,0.489,0.707,1.008,13.6,215.0,recomputed
2026-08-30T05:30:00Z,2026-08-30T00:00:00Z,2026-09-02T00:00:00Z,72,spectrum,coronado_south,0.464,5m,5.0,0.464,0.722,1.008,9.7,196.0,recomputed
2026-08-30T05:30:00Z,2026-08-30T00:00:00Z,2026-09-02T03:00:00Z,75,spectrum,buoy,1.087,buoy,,,,1.087,9.7,184.0,recomputed
2026-08-30T05:30:00Z,2026-08-30T00:00:00Z,2026-09-02T03:00:00Z,75,spectrum,coronado_north,0.662,5m,5.0,0.662,0.683,1.087,12.7,213.0,recomputed
2026-08-30T05:30:00Z,2026-08-30T00:00:00Z,2026-09-02T03:00:00Z,75,spectrum,coronado_center,0.507,5m,5.0,0.507,0.713,1.087,13.6,215.0,recomputed
2026-08-30T05:30:00Z,2026-08-30T00:00:00Z,2026-09-02T03:00:00Z,75,spectrum,coronado_south,0.475,5m,5.0,0.475,0.74,1.087,4.6,252.0,recomputed
2026-08-30T05:30:00Z,2026-08-30T00:00:00Z,2026-09-02T06:00:00Z,78,spectrum,buoy,1.113,buoy,,,,1.113,4.6,284.0,recomputed
2026-08-30T05:30:00Z,2026-08-30T00:00:00Z,2026-09-02T06:00:00Z,78,spectrum,coronado_north,0.667,5m,5.0,0.667,0.68,1.113,12.7,215.0,recomputed
2026-08-30T05:30:00Z,2026-08-30T00:00:00Z,2026-09-02T06:00:00Z,78,spectrum,coronado_center,0.514,5m,5.0,0.514,0.71,1.113,12.7,215.0,recomputed
2026-08-30T05:30:00Z,2026-08-30T00:00:00Z,2026-09-02T06:00:00Z,78,spectrum,coronado_south,0.491,5m,5.0,0.491,0.741,1.113,4.9,253.0,recomputed
2026-08-30T05:30:00Z,2026-08-30T00:00:00Z,2026-09-02T09:00:00Z,81,spectrum,buoy,1.146,buoy,,,,1.146,4.9,282.0,recomputed
2026-08-30T05:30:00Z,2026-08-30T00:00:00Z,2026-09-02T09:00:00Z,81,spectrum,coronado_north,0.678,5m,5.0,0.678,0.679,1.146,12.7,215.0,recomputed
2026-08-30T05:30:00Z,2026-08-30T00:00:00Z,2026-09-02T09:00:00Z,81,spectrum,coronado_center,0.515,5m,5.0,0.515,0.707,1.146,12.7,215.0,recomputed
2026-08-30T05:30:00Z,2026-08-30T00:00:00Z,2026-09-02T09:00:00Z,81,spectrum,coronado_south,0.499,5m,5.0,0.499,0.736,1.146,5.3,255.0,recomputed
2026-08-30T05:30:00Z,2026-08-30T00:00:00Z,2026-09-02T12:00:00Z,84,spectrum,buoy,1.125,buoy,,,,1.125,5.3,282.0,recomputed
2026-08-30T05:30:00Z,2026-08-30T00:00:00Z,2026-09-02T12:00:00Z,84,spectrum,coronado_north,0.699,5m,5.0,0.699,0.682,1.125,12.7,214.0,recomputed
2026-08-30T05:30:00Z,2026-08-30T00:00:00Z,2026-09-02T12:00:00Z,84,spectrum,coronado_center,0.52,5m,5.0,0.52,0.707,1.125,12.7,227.0,recomputed
2026-08-30T05:30:00Z,2026-08-30T00:00:00Z,2026-09-02T12:00:00Z,84,spectrum,coronado_south,0.505,5m,5.0,0.505,0.732,1.125,5.3,257.0,recomputed
2026-08-30T05:30:00Z,2026-08-30T00:00:00Z,2026-09-02T15:00:00Z,87,spectrum,buoy,1.08,buoy,,,,1.08,10.4,196.0,recomputed
2026-08-30T05:30:00Z,2026-08-30T00:00:00Z,2026-09-02T15:00:00Z,87,spectrum,coronado_north,0.73,5m,5.0,0.73,0.688,1.08,12.7,212.0,recomputed
2026-08-30T05:30:00Z,2026-08-30T00:00:00Z,2026-09-02T15:00:00Z,87,spectrum,coronado_center,0.519,5m,5.0,0.519,0.709,1.08,12.7,226.0,recomputed
2026-08-30T05:30:00Z,2026-08-30T00:00:00Z,2026-09-02T15:00:00Z,87,spectrum,coronado_south,0.494,5m,5.0,0.494,0.724,1.08,10.4,199.0,recomputed
2026-08-30T05:30:00Z,2026-08-30T00:00:00Z,2026-09-02T18:00:00Z,90,spectrum,buoy,1.036,buoy,,,,1.036,9.7,195.0,recomputed
2026-08-30T05:30:00Z,2026-08-30T00:00:00Z,2026-09-02T18:00:00Z,90,spectrum,coronado_north,0.77,5m,5.0,0.77,0.699,1.036,12.7,212.0,recomputed
2026-08-30T05:30:00Z,2026-08-30T00:00:00Z,2026-09-02T18:00:00Z,90,spectrum,coronado_center,0.516,5m,5.0,0.516,0.717,1.036,12.7,224.0,recomputed
2026-08-30T05:30:00Z,2026-08-30T00:00:00Z,2026-09-02T18:00:00Z,90,spectrum,coronado_south,0.479,5m,5.0,0.479,0.724,1.036,9.7,220.0,recomputed
2026-08-30T05:30:00Z,2026-08-30T00:00:00Z,2026-09-02T21:00:00Z,93,spectrum,buoy,1.031,buoy,,,,1.031,11.9,201.0,recomputed
2026-08-30T05:30:00Z,2026-08-30T00:00:00Z,2026-09-02T21:00:00Z,93,spectrum,coronado_north,0.819,5m,5.0,0.819,0.717,1.031,12.7,212.0,recomputed
2026-08-30T05:30:00Z,2026-08-30T00:00:00Z,2026-09-02T21:00:00Z,93,spectrum,coronado_center,0.518,5m,5.0,0.518,0.734,1.031,11.9,223.0,recomputed
2026-08-30T05:30:00Z,2026-08-30T00:00:00Z,2026-09-02T21:00:00Z,93,spectrum,coronado_south,0.496,5m,5.0,0.496,0.737,1.031,9.7,218.0,recomputed
2026-08-30T05:30:00Z,2026-08-30T00:00:00Z,2026-09-03T00:00:00Z,96,spectrum,buoy,1.122,buoy,,,,1.122,11.9,202.0,recomputed
2026-08-30T05:30:00Z,2026-08-30T00:00:00Z,2026-09-03T00:00:00Z,96,spectrum,coronado_north,0.881,5m,5.0,0.881,0.744,1.122,11.9,212.0,recomputed
2026-08-30T05:30:00Z,2026-08-30T00:00:00Z,2026-09-03T00:00:00Z,96,spectrum,coronado_center,0.54,5m,5.0,0.54,0.762,1.122,11.9,218.0,recomputed
2026-08-30T05:30:00Z,2026-08-30T00:00:00Z,2026-09-03T00:00:00Z,96,spectrum,coronado_south,0.528,5m,5.0,0.528,0.771,1.122,9.7,204.0,recomputed
2026-08-30T05:30:00Z,2026-08-30T00:00:00Z,2026-09-03T03:00:00Z,99,spectrum,buoy,1.232,buoy,,,,1.232,4.6,285.0,recomputed
2026-08-30T05:30:00Z,2026-08-30T00:00:00Z,2026-09-03T03:00:00Z,99,spectrum,coronado_north,0.951,5m,5.0,0.951,0.776,1.232,11.1,213.0,recomputed
2026-08-30T05:30:00Z,2026-08-30T00:00:00Z,2026-09-03T03:00:00Z,99,spectrum,coronado_center,0.585,5m,5.0,0.585,0.799,1.232,17.8,226.0,recomputed
2026-08-30T05:30:00Z,2026-08-30T00:00:00Z,2026-09-03T03:00:00Z,99,spectrum,coronado_south,0.556,5m,5.0,0.556,0.822,1.232,9.7,201.0,recomputed
2026-08-30T05:30:00Z,2026-08-30T00:00:00Z,2026-09-03T06:00:00Z,102,spectrum,buoy,1.263,buoy,,,,1.263,5.3,283.0,recomputed
2026-08-30T05:30:00Z,2026-08-30T00:00:00Z,2026-09-03T06:00:00Z,102,spectrum,coronado_north,1.012,5m,5.0,1.012,0.799,1.263,12.7,215.0,recomputed
2026-08-30T05:30:00Z,2026-08-30T00:00:00Z,2026-09-03T06:00:00Z,102,spectrum,coronado_center,0.619,5m,5.0,0.619,0.821,1.263,17.8,226.0,recomputed
2026-08-30T05:30:00Z,2026-08-30T00:00:00Z,2026-09-03T06:00:00Z,102,spectrum,coronado_south,0.576,5m,5.0,0.576,0.845,1.263,5.3,256.0,recomputed
2026-08-30T05:30:00Z,2026-08-30T00:00:00Z,2026-09-03T09:00:00Z,105,spectrum,buoy,1.278,buoy,,,,1.278,5.3,285.0,recomputed
2026-08-30T05:30:00Z,2026-08-30T00:00:00Z,2026-09-03T09:00:00Z,105,spectrum,coronado_north,1.059,5m,5.0,1.059,0.813,1.278,11.9,214.0,recomputed
2026-08-30T05:30:00Z,2026-08-30T00:00:00Z,2026-09-03T09:00:00Z,105,spectrum,coronado_center,0.645,5m,5.0,0.645,0.832,1.278,17.8,226.0,recomputed
2026-08-30T05:30:00Z,2026-08-30T00:00:00Z,2026-09-03T09:00:00Z,105,spectrum,coronado_south,0.586,5m,5.0,0.586,0.854,1.278,5.6,257.0,recomputed
2026-08-30T05:30:00Z,2026-08-30T00:00:00Z,2026-09-03T12:00:00Z,108,spectrum,buoy,1.293,buoy,,,,1.293,5.6,285.0,recomputed
2026-08-30T05:30:00Z,2026-08-30T00:00:00Z,2026-09-03T12:00:00Z,108,spectrum,coronado_north,1.097,5m,5.0,1.097,0.822,1.293,11.1,215.0,recomputed
2026-08-30T05:30:00Z,2026-08-30T00:00:00Z,2026-09-03T12:00:00Z,108,spectrum,coronado_center,0.667,5m,5.0,0.667,0.84,1.293,16.6,225.0,recomputed
2026-08-30T05:30:00Z,2026-08-30T00:00:00Z,2026-09-03T12:00:00Z,108,spectrum,coronado_south,0.598,5m,5.0,0.598,0.861,1.293,6.5,259.0,recomputed
2026-08-30T05:30:00Z,2026-08-30T00:00:00Z,2026-09-03T15:00:00Z,111,spectrum,buoy,1.307,buoy,,,,1.307,6.0,286.0,recomputed
2026-08-30T05:30:00Z,2026-08-30T00:00:00Z,2026-09-03T15:00:00Z,111,spectrum,coronado_north,1.129,5m,5.0,1.129,0.83,1.307,11.1,216.0,recomputed
2026-08-30T05:30:00Z,2026-08-30T00:00:00Z,2026-09-03T15:00:00Z,111,spectrum,coronado_center,0.685,5m,5.0,0.685,0.847,1.307,16.6,225.0,recomputed
2026-08-30T05:30:00Z,2026-08-30T00:00:00Z,2026-09-03T15:00:00Z,111,spectrum,coronado_south,0.6,5m,5.0,0.6,0.865,1.307,6.5,260.0,recomputed
2026-08-30T05:30:00Z,2026-08-30T00:00:00Z,2026-09-03T18:00:00Z,114,spectrum,buoy,1.297,buoy,,,,1.297,6.0,287.0,recomputed
2026-08-30T05:30:00Z,2026-08-30T00:00:00Z,2026-09-03T18:00:00Z,114,spectrum,coronado_north,1.164,5m,5.0,1.164,0.84,1.297,11.1,216.0,recomputed
2026-08-30T05:30:00Z,2026-08-30T00:00:00Z,2026-09-03T18:00:00Z,114,spectrum,coronado_center,0.713,5m,5.0,0.713,0.857,1.297,16.6,225.0,recomputed
2026-08-30T05:30:00Z,2026-08-30T00:00:00Z,2026-09-03T18:00:00Z,114,spectrum,coronado_south,0.608,5m,5.0,0.608,0.874,1.297,6.5,259.0,recomputed
2026-08-30T05:30:00Z,2026-08-30T00:00:00Z,2026-09-03T21:00:00Z,117,spectrum,buoy,1.339,buoy,,,,1.339,5.6,286.0,recomputed
2026-08-30T05:30:00Z,2026-08-30T00:00:00Z,2026-09-03T21:00:00Z,117,spectrum,coronado_north,1.202,5m,5.0,1.202,0.852,1.339,10.4,216.0,recomputed
2026-08-30T05:30:00Z,2026-08-30T00:00:00Z,2026-09-03T21:00:00Z,117,spectrum,coronado_center,0.755,5m,5.0,0.755,0.871,1.339,16.6,228.0,recomputed
2026-08-30T05:30:00Z,2026-08-30T00:00:00Z,2026-09-03T21:00:00Z,117,spectrum,coronado_south,0.633,5m,5.0,0.633,0.892,1.339,6.5,258.0,recomputed
2026-08-30T05:30:00Z,2026-08-30T00:00:00Z,2026-09-04T00:00:00Z,120,spectrum,buoy,1.423,buoy,,,,1.423,5.3,286.0,recomputed
2026-08-30T05:30:00Z,2026-08-30T00:00:00Z,2026-09-04T00:00:00Z,120,spectrum,coronado_north,1.241,5m,5.0,1.241,0.868,1.423,10.4,217.0,recomputed
2026-08-30T05:30:00Z,2026-08-30T00:00:00Z,2026-09-04T00:00:00Z,120,spectrum,coronado_center,0.791,5m,5.0,0.791,0.892,1.423,16.6,229.0,recomputed
2026-08-30T05:30:00Z,2026-08-30T00:00:00Z,2026-09-04T00:00:00Z,120,spectrum,coronado_south,0.656,5m,5.0,0.656,0.926,1.423,5.6,257.0,recomputed
2026-08-30T05:30:00Z,2026-08-30T00:00:00Z,2026-09-04T03:00:00Z,123,spectrum,buoy,1.444,buoy,,,,1.444,5.6,285.0,recomputed
2026-08-30T05:30:00Z,2026-08-30T00:00:00Z,2026-09-04T03:00:00Z,123,spectrum,coronado_north,1.278,5m,5.0,1.278,0.881,1.444,12.7,217.0,recomputed
2026-08-30T05:30:00Z,2026-08-30T00:00:00Z,2026-09-04T03:00:00Z,123,spectrum,coronado_center,0.822,5m,5.0,0.822,0.905,1.444,16.6,224.0,recomputed
2026-08-30T05:30:00Z,2026-08-30T00:00:00Z,2026-09-04T03:00:00Z,123,spectrum,coronado_south,0.642,5m,5.0,0.642,0.941,1.444,5.6,258.0,recomputed
2026-08-30T05:30:00Z,2026-08-30T00:00:00Z,2026-09-04T06:00:00Z,126,spectrum,buoy,1.399,buoy,,,,1.399,5.6,287.0,recomputed
2026-08-30T05:30:00Z,2026-08-30T00:00:00Z,2026-09-04T06:00:00Z,126,spectrum,coronado_north,1.313,5m,5.0,1.313,0.896,1.399,11.9,217.0,recomputed
2026-08-30T05:30:00Z,2026-08-30T00:00:00Z,2026-09-04T06:00:00Z,126,spectrum,coronado_center,0.84,5m,5.0,0.84,0.917,1.399,17.8,224.0,recomputed
2026-08-30T05:30:00Z,2026-08-30T00:00:00Z,2026-09-04T06:00:00Z,126,spectrum,coronado_south,0.619,5m,5.0,0.619,0.945,1.399,5.6,257.0,recomputed
2026-08-30T05:30:00Z,2026-08-30T00:00:00Z,2026-09-04T09:00:00Z,129,spectrum,buoy,1.343,buoy,,,,1.343,5.6,288.0,recomputed
2026-08-30T05:30:00Z,2026-08-30T00:00:00Z,2026-09-04T09:00:00Z,129,spectrum,coronado_north,1.345,5m,5.0,1.345,0.915,1.343,11.9,218.0,recomputed
2026-08-30T05:30:00Z,2026-08-30T00:00:00Z,2026-09-04T09:00:00Z,129,spectrum,coronado_center,0.861,5m,5.0,0.861,0.932,1.343,11.9,230.0,recomputed
2026-08-30T05:30:00Z,2026-08-30T00:00:00Z,2026-09-04T09:00:00Z,129,spectrum,coronado_south,0.597,5m,5.0,0.597,0.951,1.343,5.6,256.0,recomputed
2026-08-30T05:30:00Z,2026-08-30T00:00:00Z,2026-09-04T12:00:00Z,132,spectrum,buoy,1.298,buoy,,,,1.298,11.1,213.0,recomputed
2026-08-30T05:30:00Z,2026-08-30T00:00:00Z,2026-09-04T12:00:00Z,132,spectrum,coronado_north,1.366,5m,5.0,1.366,0.929,1.298,11.1,218.0,recomputed
2026-08-30T05:30:00Z,2026-08-30T00:00:00Z,2026-09-04T12:00:00Z,132,spectrum,coronado_center,0.881,5m,5.0,0.881,0.945,1.298,17.8,224.0,recomputed
2026-08-30T05:30:00Z,2026-08-30T00:00:00Z,2026-09-04T12:00:00Z,132,spectrum,coronado_south,0.577,5m,5.0,0.577,0.957,1.298,5.6,255.0,recomputed
2026-08-30T05:30:00Z,2026-08-30T00:00:00Z,2026-09-04T15:00:00Z,135,spectrum,buoy,1.268,buoy,,,,1.268,11.1,214.0,recomputed
2026-08-30T05:30:00Z,2026-08-30T00:00:00Z,2026-09-04T15:00:00Z,135,spectrum,coronado_north,1.375,5m,5.0,1.375,0.939,1.268,11.1,218.0,recomputed
2026-08-30T05:30:00Z,2026-08-30T00:00:00Z,2026-09-04T15:00:00Z,135,spectrum,coronado_center,0.894,5m,5.0,0.894,0.953,1.268,17.8,224.0,recomputed
2026-08-30T05:30:00Z,2026-08-30T00:00:00Z,2026-09-04T15:00:00Z,135,spectrum,coronado_south,0.574,5m,5.0,0.574,0.961,1.268,5.6,254.0,recomputed
2026-08-30T05:30:00Z,2026-08-30T00:00:00Z,2026-09-04T18:00:00Z,138,spectrum,buoy,1.264,buoy,,,,1.264,16.6,205.0,recomputed
2026-08-30T05:30:00Z,2026-08-30T00:00:00Z,2026-09-04T18:00:00Z,138,spectrum,coronado_north,1.369,5m,5.0,1.369,0.944,1.264,11.1,219.0,recomputed
2026-08-30T05:30:00Z,2026-08-30T00:00:00Z,2026-09-04T18:00:00Z,138,spectrum,coronado_center,0.907,5m,5.0,0.907,0.959,1.264,16.6,224.0,recomputed
2026-08-30T05:30:00Z,2026-08-30T00:00:00Z,2026-09-04T18:00:00Z,138,spectrum,coronado_south,0.582,5m,5.0,0.582,0.967,1.264,5.3,253.0,recomputed
2026-08-30T05:30:00Z,2026-08-30T00:00:00Z,2026-09-04T21:00:00Z,141,spectrum,buoy,1.301,buoy,,,,1.301,16.6,204.0,recomputed
2026-08-30T05:30:00Z,2026-08-30T00:00:00Z,2026-09-04T21:00:00Z,141,spectrum,coronado_north,1.359,5m,5.0,1.359,0.95,1.301,10.4,219.0,recomputed
2026-08-30T05:30:00Z,2026-08-30T00:00:00Z,2026-09-04T21:00:00Z,141,spectrum,coronado_center,0.921,5m,5.0,0.921,0.967,1.301,16.6,223.0,recomputed
2026-08-30T05:30:00Z,2026-08-30T00:00:00Z,2026-09-04T21:00:00Z,141,spectrum,coronado_south,0.615,5m,5.0,0.615,0.977,1.301,5.6,254.0,recomputed
2026-08-30T05:30:00Z,2026-08-30T00:00:00Z,2026-09-05T00:00:00Z,144,spectrum,buoy,1.325,buoy,,,,1.325,16.6,204.0,recomputed
2026-08-30T05:30:00Z,2026-08-30T00:00:00Z,2026-09-05T00:00:00Z,144,spectrum,coronado_north,1.348,5m,5.0,1.348,0.96,1.325,16.6,213.0,recomputed
2026-08-30T05:30:00Z,2026-08-30T00:00:00Z,2026-09-05T00:00:00Z,144,spectrum,coronado_center,0.922,5m,5.0,0.922,0.979,1.325,16.6,222.0,recomputed
2026-08-30T05:30:00Z,2026-08-30T00:00:00Z,2026-09-05T00:00:00Z,144,spectrum,coronado_south,0.616,5m,5.0,0.616,0.99,1.325,5.3,252.0,recomputed
2026-08-30T05:30:00Z,2026-08-30T00:00:00Z,2026-09-05T03:00:00Z,147,spectrum,buoy,1.348,buoy,,,,1.348,15.6,201.0,recomputed
2026-08-30T05:30:00Z,2026-08-30T00:00:00Z,2026-09-05T03:00:00Z,147,spectrum,coronado_north,1.333,5m,5.0,1.333,0.968,1.348,15.6,212.0,recomputed
2026-08-30T05:30:00Z,2026-08-30T00:00:00Z,2026-09-05T03:00:00Z,147,spectrum,coronado_center,0.92,5m,5.0,0.92,0.988,1.348,16.6,222.0,recomputed
2026-08-30T05:30:00Z,2026-08-30T00:00:00Z,2026-09-05T03:00:00Z,147,spectrum,coronado_south,0.605,5m,5.0,0.605,1.001,1.348,4.9,253.0,recomputed
2026-08-30T05:30:00Z,2026-08-30T00:00:00Z,2026-09-05T06:00:00Z,150,spectrum,buoy,1.349,buoy,,,,1.349,15.6,201.0,recomputed
2026-08-30T05:30:00Z,2026-08-30T00:00:00Z,2026-09-05T06:00:00Z,150,spectrum,coronado_north,1.31,5m,5.0,1.31,0.972,1.349,15.6,212.0,recomputed
2026-08-30T05:30:00Z,2026-08-30T00:00:00Z,2026-09-05T06:00:00Z,150,spectrum,coronado_center,0.913,5m,5.0,0.913,0.988,1.349,16.6,222.0,recomputed
2026-08-30T05:30:00Z,2026-08-30T00:00:00Z,2026-09-05T06:00:00Z,150,spectrum,coronado_south,0.599,5m,5.0,0.599,0.997,1.349,5.3,254.0,recomputed
2026-08-30T05:30:00Z,2026-08-30T00:00:00Z,2026-09-05T09:00:00Z,153,spectrum,buoy,1.318,buoy,,,,1.318,15.6,201.0,recomputed
2026-08-30T05:30:00Z,2026-08-30T00:00:00Z,2026-09-05T09:00:00Z,153,spectrum,coronado_north,1.282,5m,5.0,1.282,0.973,1.318,15.6,212.0,recomputed
2026-08-30T05:30:00Z,2026-08-30T00:00:00Z,2026-09-05T09:00:00Z,153,spectrum,coronado_center,0.899,5m,5.0,0.899,0.986,1.318,16.6,225.0,recomputed
2026-08-30T05:30:00Z,2026-08-30T00:00:00Z,2026-09-05T09:00:00Z,153,spectrum,coronado_south,0.58,5m,5.0,0.58,0.985,1.318,16.6,208.0,recomputed
2026-08-30T05:30:00Z,2026-08-30T00:00:00Z,2026-09-05T12:00:00Z,156,spectrum,buoy,1.28,buoy,,,,1.28,15.6,201.0,recomputed
2026-08-30T05:30:00Z,2026-08-30T00:00:00Z,2026-09-05T12:00:00Z,156,spectrum,coronado_north,1.251,5m,5.0,1.251,0.972,1.28,15.6,215.0,recomputed
2026-08-30T05:30:00Z,2026-08-30T00:00:00Z,2026-09-05T12:00:00Z,156,spectrum,coronado_center,0.882,5m,5.0,0.882,0.982,1.28,16.6,224.0,recomputed
2026-08-30T05:30:00Z,2026-08-30T00:00:00Z,2026-09-05T12:00:00Z,156,spectrum,coronado_south,0.562,5m,5.0,0.562,0.973,1.28,16.6,222.0,recomputed
2026-08-30T05:30:00Z,2026-08-30T00:00:00Z,2026-09-05T15:00:00Z,159,spectrum,buoy,1.242,buoy,,,,1.242,14.5,200.0,recomputed
2026-08-30T05:30:00Z,2026-08-30T00:00:00Z,2026-09-05T15:00:00Z,159,spectrum,coronado_north,1.223,5m,5.0,1.223,0.971,1.242,15.6,214.0,recomputed
2026-08-30T05:30:00Z,2026-08-30T00:00:00Z,2026-09-05T15:00:00Z,159,spectrum,coronado_center,0.862,5m,5.0,0.862,0.979,1.242,16.6,224.0,recomputed
2026-08-30T05:30:00Z,2026-08-30T00:00:00Z,2026-09-05T15:00:00Z,159,spectrum,coronado_south,0.548,5m,5.0,0.548,0.965,1.242,14.5,224.0,recomputed
2026-08-30T05:30:00Z,2026-08-30T00:00:00Z,2026-09-05T18:00:00Z,162,spectrum,buoy,1.219,buoy,,,,1.219,15.6,201.0,recomputed
2026-08-30T05:30:00Z,2026-08-30T00:00:00Z,2026-09-05T18:00:00Z,162,spectrum,coronado_north,1.201,5m,5.0,1.201,0.983,1.219,15.6,214.0,recomputed
2026-08-30T05:30:00Z,2026-08-30T00:00:00Z,2026-09-05T18:00:00Z,162,spectrum,coronado_center,0.842,5m,5.0,0.842,0.989,1.219,16.6,223.0,recomputed
2026-08-30T05:30:00Z,2026-08-30T00:00:00Z,2026-09-05T18:00:00Z,162,spectrum,coronado_south,0.536,5m,5.0,0.536,0.97,1.219,16.6,215.0,recomputed
2026-08-30T05:30:00Z,2026-08-30T00:00:00Z,2026-09-05T21:00:00Z,165,spectrum,buoy,1.246,buoy,,,,1.246,15.6,197.0,recomputed
2026-08-30T05:30:00Z,2026-08-30T00:00:00Z,2026-09-05T21:00:00Z,165,spectrum,coronado_north,1.19,5m,5.0,1.19,1.028,1.246,15.6,213.0,recomputed
2026-08-30T05:30:00Z,2026-08-30T00:00:00Z,2026-09-05T21:00:00Z,165,spectrum,coronado_center,0.827,5m,5.0,0.827,1.032,1.246,15.6,221.0,recomputed
2026-08-30T05:30:00Z,2026-08-30T00:00:00Z,2026-09-05T21:00:00Z,165,spectrum,coronado_south,0.541,5m,5.0,0.541,1.008,1.246,11.9,219.0,recomputed
2026-08-30T05:30:00Z,2026-08-30T00:00:00Z,2026-09-06T00:00:00Z,168,spectrum,buoy,1.347,buoy,,,,1.347,14.5,187.0,recomputed
2026-08-30T05:30:00Z,2026-08-30T00:00:00Z,2026-09-06T00:00:00Z,168,spectrum,coronado_north,1.188,5m,5.0,1.188,1.117,1.347,15.6,211.0,recomputed
2026-08-30T05:30:00Z,2026-08-30T00:00:00Z,2026-09-06T00:00:00Z,168,spectrum,coronado_center,0.824,5m,5.0,0.824,1.119,1.347,15.6,218.0,recomputed
2026-08-30T05:30:00Z,2026-08-30T00:00:00Z,2026-09-06T00:00:00Z,168,spectrum,coronado_south,0.575,5m,5.0,0.575,1.09,1.347,14.5,204.0,recomputed
2026-08-31T05:30:00Z,2026-08-31T00:00:00Z,2026-08-31T00:00:00Z,0,spectrum,buoy,1.203,buoy,,,,1.203,14.5,199.0,recomputed
2026-08-31T05:30:00Z,2026-08-31T00:00:00Z,2026-08-31T00:00:00Z,0,spectrum,coronado_north,1.033,5m,5.0,1.033,0.795,1.203,14.5,215.0,recomputed
2026-08-31T05:30:00Z,2026-08-31T00:00:00Z,2026-08-31T00:00:00Z,0,spectrum,coronado_center,0.687,5m,5.0,0.687,0.821,1.203,14.5,230.0,recomputed
2026-08-31T05:30:00Z,2026-08-31T00:00:00Z,2026-08-31T00:00:00Z,0,spectrum,coronado_south,0.588,5m,5.0,0.588,0.841,1.203,6.9,255.0,recomputed
2026-08-31T05:30:00Z,2026-08-31T00:00:00Z,2026-08-31T03:00:00Z,3,spectrum,buoy,1.231,buoy,,,,1.231,14.5,199.0,recomputed
2026-08-31T05:30:00Z,2026-08-31T00:00:00Z,2026-08-31T03:00:00Z,3,spectrum,coronado_north,0.995,5m,5.0,0.995,0.786,1.231,14.5,215.0,recomputed
2026-08-31T05:30:00Z,2026-08-31T00:00:00Z,2026-08-31T03:00:00Z,3,spectrum,coronado_center,0.671,5m,5.0,0.671,0.815,1.231,14.5,225.0,recomputed
2026-08-31T05:30:00Z,2026-08-31T00:00:00Z,2026-08-31T03:00:00Z,3,spectrum,coronado_south,0.59,5m,5.0,0.59,0.844,1.231,5.6,255.0,recomputed
2026-08-31T05:30:00Z,2026-08-31T00:00:00Z,2026-08-31T06:00:00Z,6,spectrum,buoy,1.257,buoy,,,,1.257,14.5,198.0,recomputed
2026-08-31T05:30:00Z,2026-08-31T00:00:00Z,2026-08-31T06:00:00Z,6,spectrum,coronado_north,0.953,5m,5.0,0.953,0.782,1.257,14.5,215.0,recomputed
2026-08-31T05:30:00Z,2026-08-31T00:00:00Z,2026-08-31T06:00:00Z,6,spectrum,coronado_center,0.653,5m,5.0,0.653,0.812,1.257,14.5,224.0,recomputed
2026-08-31T05:30:00Z,2026-08-31T00:00:00Z,2026-08-31T06:00:00Z,6,spectrum,coronado_south,0.602,5m,5.0,0.602,0.844,1.257,6.5,255.0,recomputed
2026-08-31T05:30:00Z,2026-08-31T00:00:00Z,2026-08-31T09:00:00Z,9,spectrum,buoy,1.25,buoy,,,,1.25,14.5,197.0,recomputed
2026-08-31T05:30:00Z,2026-08-31T00:00:00Z,2026-08-31T09:00:00Z,9,spectrum,coronado_north,0.916,5m,5.0,0.916,0.787,1.25,14.5,214.0,recomputed
2026-08-31T05:30:00Z,2026-08-31T00:00:00Z,2026-08-31T09:00:00Z,9,spectrum,coronado_center,0.633,5m,5.0,0.633,0.814,1.25,14.5,231.0,recomputed
2026-08-31T05:30:00Z,2026-08-31T00:00:00Z,2026-08-31T09:00:00Z,9,spectrum,coronado_south,0.594,5m,5.0,0.594,0.839,1.25,6.9,256.0,recomputed
2026-08-31T05:30:00Z,2026-08-31T00:00:00Z,2026-08-31T12:00:00Z,12,spectrum,buoy,1.223,buoy,,,,1.223,14.5,196.0,recomputed
2026-08-31T05:30:00Z,2026-08-31T00:00:00Z,2026-08-31T12:00:00Z,12,spectrum,coronado_north,0.872,5m,5.0,0.872,0.797,1.223,14.5,213.0,recomputed
2026-08-31T05:30:00Z,2026-08-31T00:00:00Z,2026-08-31T12:00:00Z,12,spectrum,coronado_center,0.608,5m,5.0,0.608,0.821,1.223,14.5,229.0,recomputed
2026-08-31T05:30:00Z,2026-08-31T00:00:00Z,2026-08-31T12:00:00Z,12,spectrum,coronado_south,0.571,5m,5.0,0.571,0.838,1.223,6.9,255.0,recomputed
2026-08-31T05:30:00Z,2026-08-31T00:00:00Z,2026-08-31T15:00:00Z,15,spectrum,buoy,1.2,buoy,,,,1.2,13.6,191.0,recomputed
2026-08-31T05:30:00Z,2026-08-31T00:00:00Z,2026-08-31T15:00:00Z,15,spectrum,coronado_north,0.831,5m,5.0,0.831,0.815,1.2,14.5,214.0,recomputed
2026-08-31T05:30:00Z,2026-08-31T00:00:00Z,2026-08-31T15:00:00Z,15,spectrum,coronado_center,0.594,5m,5.0,0.594,0.838,1.2,14.5,227.0,recomputed
2026-08-31T05:30:00Z,2026-08-31T00:00:00Z,2026-08-31T15:00:00Z,15,spectrum,coronado_south,0.575,5m,5.0,0.575,0.849,1.2,11.9,201.0,recomputed
2026-08-31T05:30:00Z,2026-08-31T00:00:00Z,2026-08-31T18:00:00Z,18,spectrum,buoy,1.17,buoy,,,,1.17,12.7,187.0,recomputed
2026-08-31T05:30:00Z,2026-08-31T00:00:00Z,2026-08-31T18:00:00Z,18,spectrum,coronado_north,0.796,5m,5.0,0.796,0.821,1.17,14.5,213.0,recomputed
2026-08-31T05:30:00Z,2026-08-31T00:00:00Z,2026-08-31T18:00:00Z,18,spectrum,coronado_center,0.588,5m,5.0,0.588,0.842,1.17,14.5,224.0,recomputed
2026-08-31T05:30:00Z,2026-08-31T00:00:00Z,2026-08-31T18:00:00Z,18,spectrum,coronado_south,0.573,5m,5.0,0.573,0.85,1.17,11.9,196.0,recomputed
2026-08-31T05:30:00Z,2026-08-31T00:00:00Z,2026-08-31T21:00:00Z,21,spectrum,buoy,1.147,buoy,,,,1.147,11.9,184.0,recomputed
2026-08-31T05:30:00Z,2026-08-31T00:00:00Z,2026-08-31T21:00:00Z,21,spectrum,coronado_north,0.755,5m,5.0,0.755,0.808,1.147,13.6,214.0,recomputed
2026-08-31T05:30:00Z,2026-08-31T00:00:00Z,2026-08-31T21:00:00Z,21,spectrum,coronado_center,0.58,5m,5.0,0.58,0.829,1.147,11.1,220.0,recomputed
2026-08-31T05:30:00Z,2026-08-31T00:00:00Z,2026-08-31T21:00:00Z,21,spectrum,coronado_south,0.565,5m,5.0,0.565,0.837,1.147,11.9,194.0,recomputed
2026-08-31T05:30:00Z,2026-08-31T00:00:00Z,2026-09-01T00:00:00Z,24,spectrum,buoy,1.126,buoy,,,,1.126,11.1,180.0,recomputed
2026-08-31T05:30:00Z,2026-08-31T00:00:00Z,2026-09-01T00:00:00Z,24,spectrum,coronado_north,0.721,5m,5.0,0.721,0.788,1.126,13.6,214.0,recomputed
2026-08-31T05:30:00Z,2026-08-31T00:00:00Z,2026-09-01T00:00:00Z,24,spectrum,coronado_center,0.569,5m,5.0,0.569,0.811,1.126,11.1,207.0,recomputed
2026-08-31T05:30:00Z,2026-08-31T00:00:00Z,2026-09-01T00:00:00Z,24,spectrum,coronado_south,0.544,5m,5.0,0.544,0.822,1.126,11.9,193.0,recomputed
2026-08-31T05:30:00Z,2026-08-31T00:00:00Z,2026-09-01T03:00:00Z,27,spectrum,buoy,1.089,buoy,,,,1.089,11.1,182.0,recomputed
2026-08-31T05:30:00Z,2026-08-31T00:00:00Z,2026-09-01T03:00:00Z,27,spectrum,coronado_north,0.699,5m,5.0,0.699,0.765,1.089,13.6,214.0,recomputed
2026-08-31T05:30:00Z,2026-08-31T00:00:00Z,2026-09-01T03:00:00Z,27,spectrum,coronado_center,0.557,5m,5.0,0.557,0.788,1.089,11.1,207.0,recomputed
2026-08-31T05:30:00Z,2026-08-31T00:00:00Z,2026-09-01T03:00:00Z,27,spectrum,coronado_south,0.513,5m,5.0,0.513,0.801,1.089,10.4,194.0,recomputed
2026-08-31T05:30:00Z,2026-08-31T00:00:00Z,2026-09-01T06:00:00Z,30,spectrum,buoy,1.057,buoy,,,,1.057,10.4,180.0,recomputed
2026-08-31T05:30:00Z,2026-08-31T00:00:00Z,2026-09-01T06:00:00Z,30,spectrum,coronado_north,0.674,5m,5.0,0.674,0.74,1.057,13.6,215.0,recomputed
2026-08-31T05:30:00Z,2026-08-31T00:00:00Z,2026-09-01T06:00:00Z,30,spectrum,coronado_center,0.539,5m,5.0,0.539,0.763,1.057,11.1,208.0,recomputed
2026-08-31T05:30:00Z,2026-08-31T00:00:00Z,2026-09-01T06:00:00Z,30,spectrum,coronado_south,0.491,5m,5.0,0.491,0.775,1.057,10.4,194.0,recomputed
2026-08-31T05:30:00Z,2026-08-31T00:00:00Z,2026-09-01T09:00:00Z,33,spectrum,buoy,1.024,buoy,,,,1.024,9.7,179.0,recomputed
2026-08-31T05:30:00Z,2026-08-31T00:00:00Z,2026-09-01T09:00:00Z,33,spectrum,coronado_north,0.652,5m,5.0,0.652,0.716,1.024,13.6,214.0,recomputed
2026-08-31T05:30:00Z,2026-08-31T00:00:00Z,2026-09-01T09:00:00Z,33,spectrum,coronado_center,0.525,5m,5.0,0.525,0.739,1.024,11.1,209.0,recomputed
2026-08-31T05:30:00Z,2026-08-31T00:00:00Z,2026-09-01T09:00:00Z,33,spectrum,coronado_south,0.473,5m,5.0,0.473,0.753,1.024,10.4,195.0,recomputed
2026-08-31T05:30:00Z,2026-08-31T00:00:00Z,2026-09-01T12:00:00Z,36,spectrum,buoy,0.991,buoy,,,,0.991,9.7,180.0,recomputed
2026-08-31T05:30:00Z,2026-08-31T00:00:00Z,2026-09-01T12:00:00Z,36,spectrum,coronado_north,0.636,5m,5.0,0.636,0.695,0.991,13.6,214.0,recomputed
2026-08-31T05:30:00Z,2026-08-31T00:00:00Z,2026-09-01T12:00:00Z,36,spectrum,coronado_center,0.512,5m,5.0,0.512,0.716,0.991,11.1,206.0,recomputed
2026-08-31T05:30:00Z,2026-08-31T00:00:00Z,2026-09-01T12:00:00Z,36,spectrum,coronado_south,0.456,5m,5.0,0.456,0.729,0.991,10.4,196.0,recomputed
2026-08-31T05:30:00Z,2026-08-31T00:00:00Z,2026-09-01T15:00:00Z,39,spectrum,buoy,0.958,buoy,,,,0.958,9.7,181.0,recomputed
2026-08-31T05:30:00Z,2026-08-31T00:00:00Z,2026-09-01T15:00:00Z,39,spectrum,coronado_north,0.623,5m,5.0,0.623,0.675,0.958,13.6,215.0,recomputed
2026-08-31T05:30:00Z,2026-08-31T00:00:00Z,2026-09-01T15:00:00Z,39,spectrum,coronado_center,0.502,5m,5.0,0.502,0.695,0.958,11.1,219.0,recomputed
2026-08-31T05:30:00Z,2026-08-31T00:00:00Z,2026-09-01T15:00:00Z,39,spectrum,coronado_south,0.44,5m,5.0,0.44,0.706,0.958,10.4,197.0,recomputed
2026-08-31T05:30:00Z,2026-08-31T00:00:00Z,2026-09-01T18:00:00Z,42,spectrum,buoy,0.926,buoy,,,,0.926,9.7,182.0,recomputed
2026-08-31T05:30:00Z,2026-08-31T00:00:00Z,2026-09-01T18:00:00Z,42,spectrum,coronado_north,0.612,5m,5.0,0.612,0.659,0.926,13.6,215.0,recomputed
2026-08-31T05:30:00Z,2026-08-31T00:00:00Z,2026-09-01T18:00:00Z,42,spectrum,coronado_center,0.492,5m,5.0,0.492,0.677,0.926,11.1,218.0,recomputed
2026-08-31T05:30:00Z,2026-08-31T00:00:00Z,2026-09-01T18:00:00Z,42,spectrum,coronado_south,0.425,5m,5.0,0.425,0.686,0.926,10.4,197.0,recomputed
2026-08-31T05:30:00Z,2026-08-31T00:00:00Z,2026-09-01T21:00:00Z,45,spectrum,buoy,0.941,buoy,,,,0.941,9.7,183.0,recomputed
2026-08-31T05:30:00Z,2026-08-31T00:00:00Z,2026-09-01T21:00:00Z,45,spectrum,coronado_north,0.603,5m,5.0,0.603,0.643,0.941,13.6,214.0,recomputed
2026-08-31T05:30:00Z,2026-08-31T00:00:00Z,2026-09-01T21:00:00Z,45,spectrum,coronado_center,0.492,5m,5.0,0.492,0.663,0.941,11.1,219.0,recomputed
2026-08-31T05:30:00Z,2026-08-31T00:00:00Z,2026-09-01T21:00:00Z,45,spectrum,coronado_south,0.446,5m,5.0,0.446,0.673,0.941,10.4,220.0,recomputed
2026-08-31T05:30:00Z,2026-08-31T00:00:00Z,2026-09-02T00:00:00Z,48,spectrum,buoy,1.002,buoy,,,,1.002,9.7,184.0,recomputed
2026-08-31T05:30:00Z,2026-08-31T00:00:00Z,2026-09-02T00:00:00Z,48,spectrum,coronado_north,0.605,5m,5.0,0.605,0.633,1.002,12.7,214.0,recomputed
2026-08-31T05:30:00Z,2026-08-31T00:00:00Z,2026-09-02T00:00:00Z,48,spectrum,coronado_center,0.491,5m,5.0,0.491,0.659,1.002,13.6,218.0,recomputed
2026-08-31T05:30:00Z,2026-08-31T00:00:00Z,2026-09-02T00:00:00Z,48,spectrum,coronado_south,0.441,5m,5.0,0.441,0.681,1.002,4.3,251.0,recomputed
2026-08-31T05:30:00Z,2026-08-31T00:00:00Z,2026-09-02T03:00:00Z,51,spectrum,buoy,1.045,buoy,,,,1.045,4.6,281.0,recomputed
2026-08-31T05:30:00Z,2026-08-31T00:00:00Z,2026-09-02T03:00:00Z,51,spectrum,coronado_north,0.609,5m,5.0,0.609,0.622,1.045,12.7,214.0,recomputed
2026-08-31T05:30:00Z,2026-08-31T00:00:00Z,2026-09-02T03:00:00Z,51,spectrum,coronado_center,0.502,5m,5.0,0.502,0.654,1.045,13.6,218.0,recomputed
2026-08-31T05:30:00Z,2026-08-31T00:00:00Z,2026-09-02T03:00:00Z,51,spectrum,coronado_south,0.462,5m,5.0,0.462,0.686,1.045,4.6,252.0,recomputed
2026-08-31T05:30:00Z,2026-08-31T00:00:00Z,2026-09-02T06:00:00Z,54,spectrum,buoy,1.057,buoy,,,,1.057,4.9,282.0,recomputed
2026-08-31T05:30:00Z,2026-08-31T00:00:00Z,2026-09-02T06:00:00Z,54,spectrum,coronado_north,0.611,5m,5.0,0.611,0.61,1.057,12.7,213.0,recomputed
2026-08-31T05:30:00Z,2026-08-31T00:00:00Z,2026-09-02T06:00:00Z,54,spectrum,coronado_center,0.502,5m,5.0,0.502,0.642,1.057,13.6,218.0,recomputed
2026-08-31T05:30:00Z,2026-08-31T00:00:00Z,2026-09-02T06:00:00Z,54,spectrum,coronado_south,0.465,5m,5.0,0.465,0.677,1.057,4.9,253.0,recomputed
2026-08-31T05:30:00Z,2026-08-31T00:00:00Z,2026-09-02T09:00:00Z,57,spectrum,buoy,1.029,buoy,,,,1.029,4.9,283.0,recomputed
2026-08-31T05:30:00Z,2026-08-31T00:00:00Z,2026-09-02T09:00:00Z,57,spectrum,coronado_north,0.618,5m,5.0,0.618,0.602,1.029,12.7,216.0,recomputed
2026-08-31T05:30:00Z,2026-08-31T00:00:00Z,2026-09-02T09:00:00Z,57,spectrum,coronado_center,0.496,5m,5.0,0.496,0.631,1.029,12.7,219.0,recomputed
2026-08-31T05:30:00Z,2026-08-31T00:00:00Z,2026-09-02T09:00:00Z,57,spectrum,coronado_south,0.455,5m,5.0,0.455,0.661,1.029,5.3,254.0,recomputed
2026-08-31T05:30:00Z,2026-08-31T00:00:00Z,2026-09-02T12:00:00Z,60,spectrum,buoy,1.001,buoy,,,,1.001,4.9,284.0,recomputed
2026-08-31T05:30:00Z,2026-08-31T00:00:00Z,2026-09-02T12:00:00Z,60,spectrum,coronado_north,0.633,5m,5.0,0.633,0.601,1.001,12.7,212.0,recomputed
2026-08-31T05:30:00Z,2026-08-31T00:00:00Z,2026-09-02T12:00:00Z,60,spectrum,coronado_center,0.492,5m,5.0,0.492,0.627,1.001,12.7,229.0,recomputed
2026-08-31T05:30:00Z,2026-08-31T00:00:00Z,2026-09-02T12:00:00Z,60,spectrum,coronado_south,0.446,5m,5.0,0.446,0.65,1.001,5.3,254.0,recomputed
2026-08-31T05:30:00Z,2026-08-31T00:00:00Z,2026-09-02T15:00:00Z,63,spectrum,buoy,0.976,buoy,,,,0.976,5.3,284.0,recomputed
2026-08-31T05:30:00Z,2026-08-31T00:00:00Z,2026-09-02T15:00:00Z,63,spectrum,coronado_north,0.657,5m,5.0,0.657,0.609,0.976,12.7,211.0,recomputed
2026-08-31T05:30:00Z,2026-08-31T00:00:00Z,2026-09-02T15:00:00Z,63,spectrum,coronado_center,0.496,5m,5.0,0.496,0.634,0.976,12.7,229.0,recomputed
2026-08-31T05:30:00Z,2026-08-31T00:00:00Z,2026-09-02T15:00:00Z,63,spectrum,coronado_south,0.448,5m,5.0,0.448,0.651,0.976,5.3,255.0,recomputed
2026-08-31T05:30:00Z,2026-08-31T00:00:00Z,2026-09-02T18:00:00Z,66,spectrum,buoy,0.963,buoy,,,,0.963,11.9,198.0,recomputed
2026-08-31T05:30:00Z,2026-08-31T00:00:00Z,2026-09-02T18:00:00Z,66,spectrum,coronado_north,0.679,5m,5.0,0.679,0.618,0.963,12.7,211.0,recomputed
2026-08-31T05:30:00Z,2026-08-31T00:00:00Z,2026-09-02T18:00:00Z,66,spectrum,coronado_center,0.497,5m,5.0,0.497,0.64,0.963,12.7,228.0,recomputed
2026-08-31T05:30:00Z,2026-08-31T00:00:00Z,2026-09-02T18:00:00Z,66,spectrum,coronado_south,0.448,5m,5.0,0.448,0.652,0.963,10.4,227.0,recomputed
2026-08-31T05:30:00Z,2026-08-31T00:00:00Z,2026-09-02T21:00:00Z,69,spectrum,buoy,0.974,buoy,,,,0.974,11.9,199.0,recomputed
2026-08-31T05:30:00Z,2026-08-31T00:00:00Z,2026-09-02T21:00:00Z,69,spectrum,coronado_north,0.696,5m,5.0,0.696,0.624,0.974,12.7,211.0,recomputed
2026-08-31T05:30:00Z,2026-08-31T00:00:00Z,2026-09-02T21:00:00Z,69,spectrum,coronado_center,0.505,5m,5.0,0.505,0.647,0.974,12.7,227.0,recomputed
2026-08-31T05:30:00Z,2026-08-31T00:00:00Z,2026-09-02T21:00:00Z,69,spectrum,coronado_south,0.478,5m,5.0,0.478,0.656,0.974,10.4,224.0,recomputed
2026-08-31T05:30:00Z,2026-08-31T00:00:00Z,2026-09-03T00:00:00Z,72,spectrum,buoy,1.034,buoy,,,,1.034,11.1,199.0,recomputed
2026-08-31T05:30:00Z,2026-08-31T00:00:00Z,2026-09-03T00:00:00Z,72,spectrum,coronado_north,0.719,5m,5.0,0.719,0.635,1.034,12.7,211.0,recomputed
2026-08-31T05:30:00Z,2026-08-31T00:00:00Z,2026-09-03T00:00:00Z,72,spectrum,coronado_center,0.509,5m,5.0,0.509,0.662,1.034,16.6,227.0,recomputed
2026-08-31T05:30:00Z,2026-08-31T00:00:00Z,2026-09-03T00:00:00Z,72,spectrum,coronado_south,0.5,5m,5.0,0.5,0.68,1.034,4.6,253.0,recomputed
2026-08-31T05:30:00Z,2026-08-31T00:00:00Z,2026-09-03T03:00:00Z,75,spectrum,buoy,1.082,buoy,,,,1.082,4.6,282.0,recomputed
2026-08-31T05:30:00Z,2026-08-31T00:00:00Z,2026-09-03T03:00:00Z,75,spectrum,coronado_north,0.747,5m,5.0,0.747,0.644,1.082,12.7,211.0,recomputed
2026-08-31T05:30:00Z,2026-08-31T00:00:00Z,2026-09-03T03:00:00Z,75,spectrum,coronado_center,0.536,5m,5.0,0.536,0.675,1.082,16.6,227.0,recomputed
2026-08-31T05:30:00Z,2026-08-31T00:00:00Z,2026-09-03T03:00:00Z,75,spectrum,coronado_south,0.504,5m,5.0,0.504,0.704,1.082,4.9,253.0,recomputed
2026-08-31T05:30:00Z,2026-08-31T00:00:00Z,2026-09-03T06:00:00Z,78,spectrum,buoy,1.12,buoy,,,,1.12,5.3,281.0,recomputed
2026-08-31T05:30:00Z,2026-08-31T00:00:00Z,2026-09-03T06:00:00Z,78,spectrum,coronado_north,0.775,5m,5.0,0.775,0.646,1.12,12.7,216.0,recomputed
2026-08-31T05:30:00Z,2026-08-31T00:00:00Z,2026-09-03T06:00:00Z,78,spectrum,coronado_center,0.568,5m,5.0,0.568,0.679,1.12,17.8,227.0,recomputed
2026-08-31T05:30:00Z,2026-08-31T00:00:00Z,2026-09-03T06:00:00Z,78,spectrum,coronado_south,0.533,5m,5.0,0.533,0.717,1.12,5.3,255.0,recomputed
2026-08-31T05:30:00Z,2026-08-31T00:00:00Z,2026-09-03T09:00:00Z,81,spectrum,buoy,1.139,buoy,,,,1.139,5.3,282.0,recomputed
2026-08-31T05:30:00Z,2026-08-31T00:00:00Z,2026-09-03T09:00:00Z,81,spectrum,coronado_north,0.794,5m,5.0,0.794,0.642,1.139,15.6,219.0,recomputed
2026-08-31T05:30:00Z,2026-08-31T00:00:00Z,2026-09-03T09:00:00Z,81,spectrum,coronado_center,0.592,5m,5.0,0.592,0.673,1.139,17.8,227.0,recomputed
2026-08-31T05:30:00Z,2026-08-31T00:00:00Z,2026-09-03T09:00:00Z,81,spectrum,coronado_south,0.553,5m,5.0,0.553,0.713,1.139,6.5,257.0,recomputed
2026-08-31T05:30:00Z,2026-08-31T00:00:00Z,2026-09-03T12:00:00Z,84,spectrum,buoy,1.182,buoy,,,,1.182,5.6,285.0,recomputed
2026-08-31T05:30:00Z,2026-08-31T00:00:00Z,2026-09-03T12:00:00Z,84,spectrum,coronado_north,0.807,5m,5.0,0.807,0.637,1.182,15.6,219.0,recomputed
2026-08-31T05:30:00Z,2026-08-31T00:00:00Z,2026-09-03T12:00:00Z,84,spectrum,coronado_center,0.601,5m,5.0,0.601,0.666,1.182,16.6,227.0,recomputed
2026-08-31T05:30:00Z,2026-08-31T00:00:00Z,2026-09-03T12:00:00Z,84,spectrum,coronado_south,0.562,5m,5.0,0.562,0.704,1.182,6.5,258.0,recomputed
2026-08-31T05:30:00Z,2026-08-31T00:00:00Z,2026-09-03T15:00:00Z,87,spectrum,buoy,1.16,buoy,,,,1.16,6.0,288.0,recomputed
2026-08-31T05:30:00Z,2026-08-31T00:00:00Z,2026-09-03T15:00:00Z,87,spectrum,coronado_north,0.819,5m,5.0,0.819,0.635,1.16,16.6,218.0,recomputed
2026-08-31T05:30:00Z,2026-08-31T00:00:00Z,2026-09-03T15:00:00Z,87,spectrum,coronado_center,0.595,5m,5.0,0.595,0.662,1.16,16.6,226.0,recomputed
2026-08-31T05:30:00Z,2026-08-31T00:00:00Z,2026-09-03T15:00:00Z,87,spectrum,coronado_south,0.538,5m,5.0,0.538,0.691,1.16,6.5,260.0,recomputed
2026-08-31T05:30:00Z,2026-08-31T00:00:00Z,2026-09-03T18:00:00Z,90,spectrum,buoy,1.103,buoy,,,,1.103,6.0,289.0,recomputed
2026-08-31T05:30:00Z,2026-08-31T00:00:00Z,2026-09-03T18:00:00Z,90,spectrum,coronado_north,0.842,5m,5.0,0.842,0.64,1.103,16.6,218.0,recomputed
2026-08-31T05:30:00Z,2026-08-31T00:00:00Z,2026-09-03T18:00:00Z,90,spectrum,coronado_center,0.601,5m,5.0,0.601,0.665,1.103,16.6,230.0,recomputed
2026-08-31T05:30:00Z,2026-08-31T00:00:00Z,2026-09-03T18:00:00Z,90,spectrum,coronado_south,0.52,5m,5.0,0.52,0.688,1.103,6.5,257.0,recomputed
2026-08-31T05:30:00Z,2026-08-31T00:00:00Z,2026-09-03T21:00:00Z,93,spectrum,buoy,1.079,buoy,,,,1.079,5.6,288.0,recomputed
2026-08-31T05:30:00Z,2026-08-31T00:00:00Z,2026-09-03T21:00:00Z,93,spectrum,coronado_north,0.881,5m,5.0,0.881,0.651,1.079,16.6,218.0,recomputed
2026-08-31T05:30:00Z,2026-08-31T00:00:00Z,2026-09-03T21:00:00Z,93,spectrum,coronado_center,0.634,5m,5.0,0.634,0.676,1.079,16.6,226.0,recomputed
2026-08-31T05:30:00Z,2026-08-31T00:00:00Z,2026-09-03T21:00:00Z,93,spectrum,coronado_south,0.533,5m,5.0,0.533,0.698,1.079,5.6,255.0,recomputed
2026-08-31T05:30:00Z,2026-08-31T00:00:00Z,2026-09-04T00:00:00Z,96,spectrum,buoy,1.099,buoy,,,,1.099,5.3,284.0,recomputed
2026-08-31T05:30:00Z,2026-08-31T00:00:00Z,2026-09-04T00:00:00Z,96,spectrum,coronado_north,0.922,5m,5.0,0.922,0.675,1.099,16.6,217.0,recomputed
2026-08-31T05:30:00Z,2026-08-31T00:00:00Z,2026-09-04T00:00:00Z,96,spectrum,coronado_center,0.665,5m,5.0,0.665,0.702,1.099,16.6,226.0,recomputed
2026-08-31T05:30:00Z,2026-08-31T00:00:00Z,2026-09-04T00:00:00Z,96,spectrum,coronado_south,0.548,5m,5.0,0.548,0.727,1.099,5.3,252.0,recomputed
2026-08-31T05:30:00Z,2026-08-31T00:00:00Z,2026-09-04T03:00:00Z,99,spectrum,buoy,1.116,buoy,,,,1.116,4.9,280.0,recomputed
2026-08-31T05:30:00Z,2026-08-31T00:00:00Z,2026-09-04T03:00:00Z,99,spectrum,coronado_north,0.967,5m,5.0,0.967,0.7,1.116,16.6,217.0,recomputed
2026-08-31T05:30:00Z,2026-08-31T00:00:00Z,2026-09-04T03:00:00Z,99,spectrum,coronado_center,0.688,5m,5.0,0.688,0.729,1.116,16.6,225.0,recomputed
2026-08-31T05:30:00Z,2026-08-31T00:00:00Z,2026-09-04T03:00:00Z,99,spectrum,coronado_south,0.546,5m,5.0,0.546,0.758,1.116,5.3,251.0,recomputed
2026-08-31T05:30:00Z,2026-08-31T00:00:00Z,2026-09-04T06:00:00Z,102,spectrum,buoy,1.114,buoy,,,,1.114,5.3,279.0,recomputed
2026-08-31T05:30:00Z,2026-08-31T00:00:00Z,2026-09-04T06:00:00Z,102,spectrum,coronado_north,1.01,5m,5.0,1.01,0.721,1.114,17.8,216.0,recomputed
2026-08-31T05:30:00Z,2026-08-31T00:00:00Z,2026-09-04T06:00:00Z,102,spectrum,coronado_center,0.708,5m,5.0,0.708,0.749,1.114,16.6,224.0,recomputed
2026-08-31T05:30:00Z,2026-08-31T00:00:00Z,2026-09-04T06:00:00Z,102,spectrum,coronado_south,0.545,5m,5.0,0.545,0.776,1.114,5.3,252.0,recomputed
2026-08-31T05:30:00Z,2026-08-31T00:00:00Z,2026-09-04T09:00:00Z,105,spectrum,buoy,1.108,buoy,,,,1.108,17.8,205.0,recomputed
2026-08-31T05:30:00Z,2026-08-31T00:00:00Z,2026-09-04T09:00:00Z,105,spectrum,coronado_north,1.055,5m,5.0,1.055,0.745,1.108,17.8,216.0,recomputed
2026-08-31T05:30:00Z,2026-08-31T00:00:00Z,2026-09-04T09:00:00Z,105,spectrum,coronado_center,0.732,5m,5.0,0.732,0.769,1.108,17.8,224.0,recomputed
2026-08-31T05:30:00Z,2026-08-31T00:00:00Z,2026-09-04T09:00:00Z,105,spectrum,coronado_south,0.548,5m,5.0,0.548,0.79,1.108,5.3,253.0,recomputed
2026-08-31T05:30:00Z,2026-08-31T00:00:00Z,2026-09-04T12:00:00Z,108,spectrum,buoy,1.128,buoy,,,,1.128,17.8,205.0,recomputed
2026-08-31T05:30:00Z,2026-08-31T00:00:00Z,2026-09-04T12:00:00Z,108,spectrum,coronado_north,1.1,5m,5.0,1.1,0.777,1.128,17.8,215.0,recomputed
2026-08-31T05:30:00Z,2026-08-31T00:00:00Z,2026-09-04T12:00:00Z,108,spectrum,coronado_center,0.76,5m,5.0,0.76,0.797,1.128,17.8,224.0,recomputed
2026-08-31T05:30:00Z,2026-08-31T00:00:00Z,2026-09-04T12:00:00Z,108,spectrum,coronado_south,0.557,5m,5.0,0.557,0.813,1.128,10.4,241.0,recomputed
2026-08-31T05:30:00Z,2026-08-31T00:00:00Z,2026-09-04T15:00:00Z,111,spectrum,buoy,1.19,buoy,,,,1.19,16.6,199.0,recomputed
2026-08-31T05:30:00Z,2026-08-31T00:00:00Z,2026-09-04T15:00:00Z,111,spectrum,coronado_north,1.142,5m,5.0,1.142,0.817,1.19,17.8,214.0,recomputed
2026-08-31T05:30:00Z,2026-08-31T00:00:00Z,2026-09-04T15:00:00Z,111,spectrum,coronado_center,0.793,5m,5.0,0.793,0.835,1.19,17.8,227.0,recomputed
2026-08-31T05:30:00Z,2026-08-31T00:00:00Z,2026-09-04T15:00:00Z,111,spectrum,coronado_south,0.578,5m,5.0,0.578,0.848,1.19,6.9,254.0,recomputed
2026-08-31T05:30:00Z,2026-08-31T00:00:00Z,2026-09-04T18:00:00Z,114,spectrum,buoy,1.226,buoy,,,,1.226,16.6,201.0,recomputed
2026-08-31T05:30:00Z,2026-08-31T00:00:00Z,2026-09-04T18:00:00Z,114,spectrum,coronado_north,1.17,5m,5.0,1.17,0.851,1.226,16.6,214.0,recomputed
2026-08-31T05:30:00Z,2026-08-31T00:00:00Z,2026-09-04T18:00:00Z,114,spectrum,coronado_center,0.817,5m,5.0,0.817,0.868,1.226,17.8,226.0,recomputed
2026-08-31T05:30:00Z,2026-08-31T00:00:00Z,2026-09-04T18:00:00Z,114,spectrum,coronado_south,0.587,5m,5.0,0.587,0.876,1.226,6.9,256.0,recomputed
2026-08-31T05:30:00Z,2026-08-31T00:00:00Z,2026-09-04T21:00:00Z,117,spectrum,buoy,1.235,buoy,,,,1.235,16.6,202.0,recomputed
2026-08-31T05:30:00Z,2026-08-31T00:00:00Z,2026-09-04T21:00:00Z,117,spectrum,coronado_north,1.182,5m,5.0,1.182,0.875,1.235,16.6,213.0,recomputed
2026-08-31T05:30:00Z,2026-08-31T00:00:00Z,2026-09-04T21:00:00Z,117,spectrum,coronado_center,0.836,5m,5.0,0.836,0.892,1.235,16.6,225.0,recomputed
2026-08-31T05:30:00Z,2026-08-31T00:00:00Z,2026-09-04T21:00:00Z,117,spectrum,coronado_south,0.607,5m,5.0,0.607,0.897,1.235,5.6,253.0,recomputed
2026-08-31T05:30:00Z,2026-08-31T00:00:00Z,2026-09-05T00:00:00Z,120,spectrum,buoy,1.238,buoy,,,,1.238,15.6,199.0,recomputed
2026-08-31T05:30:00Z,2026-08-31T00:00:00Z,2026-09-05T00:00:00Z,120,spectrum,coronado_north,1.178,5m,5.0,1.178,0.891,1.238,16.6,213.0,recomputed
2026-08-31T05:30:00Z,2026-08-31T00:00:00Z,2026-09-05T00:00:00Z,120,spectrum,coronado_center,0.835,5m,5.0,0.835,0.908,1.238,16.6,222.0,recomputed
2026-08-31T05:30:00Z,2026-08-31T00:00:00Z,2026-09-05T00:00:00Z,120,spectrum,coronado_south,0.585,5m,5.0,0.585,0.911,1.238,5.3,251.0,recomputed
2026-08-31T05:30:00Z,2026-08-31T00:00:00Z,2026-09-05T03:00:00Z,123,spectrum,buoy,1.238,buoy,,,,1.238,15.6,199.0,recomputed
2026-08-31T05:30:00Z,2026-08-31T00:00:00Z,2026-09-05T03:00:00Z,123,spectrum,coronado_north,1.172,5m,5.0,1.172,0.908,1.238,16.6,212.0,recomputed
2026-08-31T05:30:00Z,2026-08-31T00:00:00Z,2026-09-05T03:00:00Z,123,spectrum,coronado_center,0.831,5m,5.0,0.831,0.923,1.238,16.6,222.0,recomputed
2026-08-31T05:30:00Z,2026-08-31T00:00:00Z,2026-09-05T03:00:00Z,123,spectrum,coronado_south,0.569,5m,5.0,0.569,0.923,1.238,16.6,207.0,recomputed
2026-08-31T05:30:00Z,2026-08-31T00:00:00Z,2026-09-05T06:00:00Z,126,spectrum,buoy,1.236,buoy,,,,1.236,15.6,199.0,recomputed
2026-08-31T05:30:00Z,2026-08-31T00:00:00Z,2026-09-05T06:00:00Z,126,spectrum,coronado_north,1.161,5m,5.0,1.161,0.932,1.236,16.6,212.0,recomputed
2026-08-31T05:30:00Z,2026-08-31T00:00:00Z,2026-09-05T06:00:00Z,126,spectrum,coronado_center,0.83,5m,5.0,0.83,0.943,1.236,16.6,221.0,recomputed
2026-08-31T05:30:00Z,2026-08-31T00:00:00Z,2026-09-05T06:00:00Z,126,spectrum,coronado_south,0.552,5m,5.0,0.552,0.936,1.236,16.6,205.0,recomputed
2026-08-31T05:30:00Z,2026-08-31T00:00:00Z,2026-09-05T09:00:00Z,129,spectrum,buoy,1.238,buoy,,,,1.238,15.6,197.0,recomputed
2026-08-31T05:30:00Z,2026-08-31T00:00:00Z,2026-09-05T09:00:00Z,129,spectrum,coronado_north,1.151,5m,5.0,1.151,0.971,1.238,16.6,212.0,recomputed
2026-08-31T05:30:00Z,2026-08-31T00:00:00Z,2026-09-05T09:00:00Z,129,spectrum,coronado_center,0.83,5m,5.0,0.83,0.978,1.238,16.6,220.0,recomputed
2026-08-31T05:30:00Z,2026-08-31T00:00:00Z,2026-09-05T09:00:00Z,129,spectrum,coronado_south,0.548,5m,5.0,0.548,0.961,1.238,16.6,202.0,recomputed
2026-08-31T05:30:00Z,2026-08-31T00:00:00Z,2026-09-05T12:00:00Z,132,spectrum,buoy,1.258,buoy,,,,1.258,14.5,189.0,recomputed
2026-08-31T05:30:00Z,2026-08-31T00:00:00Z,2026-09-05T12:00:00Z,132,spectrum,coronado_north,1.139,5m,5.0,1.139,1.02,1.258,16.6,211.0,recomputed
2026-08-31T05:30:00Z,2026-08-31T00:00:00Z,2026-09-05T12:00:00Z,132,spectrum,coronado_center,0.829,5m,5.0,0.829,1.023,1.258,16.6,219.0,recomputed
2026-08-31T05:30:00Z,2026-08-31T00:00:00Z,2026-09-05T12:00:00Z,132,spectrum,coronado_south,0.556,5m,5.0,0.556,0.998,1.258,14.5,199.0,recomputed
2026-08-31T05:30:00Z,2026-08-31T00:00:00Z,2026-09-05T15:00:00Z,135,spectrum,buoy,1.306,buoy,,,,1.306,14.5,188.0,recomputed
2026-08-31T05:30:00Z,2026-08-31T00:00:00Z,2026-09-05T15:00:00Z,135,spectrum,coronado_north,1.132,5m,5.0,1.132,1.081,1.306,16.6,210.0,recomputed
2026-08-31T05:30:00Z,2026-08-31T00:00:00Z,2026-09-05T15:00:00Z,135,spectrum,coronado_center,0.828,5m,5.0,0.828,1.082,1.306,16.6,217.0,recomputed
2026-08-31T05:30:00Z,2026-08-31T00:00:00Z,2026-09-05T15:00:00Z,135,spectrum,coronado_south,0.577,5m,5.0,0.577,1.051,1.306,14.5,196.0,recomputed
2026-08-31T05:30:00Z,2026-08-31T00:00:00Z,2026-09-05T18:00:00Z,138,spectrum,buoy,1.405,buoy,,,,1.405,14.5,184.0,recomputed
2026-08-31T05:30:00Z,2026-08-31T00:00:00Z,2026-09-05T18:00:00Z,138,spectrum,coronado_north,1.142,5m,5.0,1.142,1.176,1.405,15.6,210.0,recomputed
2026-08-31T05:30:00Z,2026-08-31T00:00:00Z,2026-09-05T18:00:00Z,138,spectrum,coronado_center,0.833,5m,5.0,0.833,1.174,1.405,16.6,215.0,recomputed
2026-08-31T05:30:00Z,2026-08-31T00:00:00Z,2026-09-05T18:00:00Z,138,spectrum,coronado_south,0.615,5m,5.0,0.615,1.137,1.405,14.5,192.0,recomputed
2026-08-31T05:30:00Z,2026-08-31T00:00:00Z,2026-09-05T21:00:00Z,141,spectrum,buoy,1.551,buoy,,,,1.551,14.5,179.0,recomputed
2026-08-31T05:30:00Z,2026-08-31T00:00:00Z,2026-09-05T21:00:00Z,141,spectrum,coronado_north,1.171,5m,5.0,1.171,1.323,1.551,15.6,207.0,recomputed
2026-08-31T05:30:00Z,2026-08-31T00:00:00Z,2026-09-05T21:00:00Z,141,spectrum,coronado_center,0.851,5m,5.0,0.851,1.317,1.551,14.5,210.0,recomputed
2026-08-31T05:30:00Z,2026-08-31T00:00:00Z,2026-09-05T21:00:00Z,141,spectrum,coronado_south,0.676,5m,5.0,0.676,1.271,1.551,14.5,188.0,recomputed
2026-08-31T05:30:00Z,2026-08-31T00:00:00Z,2026-09-06T00:00:00Z,144,spectrum,buoy,1.673,buoy,,,,1.673,14.5,176.0,recomputed
2026-08-31T05:30:00Z,2026-08-31T00:00:00Z,2026-09-06T00:00:00Z,144,spectrum,coronado_north,1.183,5m,5.0,1.183,1.449,1.673,15.6,205.0,recomputed
2026-08-31T05:30:00Z,2026-08-31T00:00:00Z,2026-09-06T00:00:00Z,144,spectrum,coronado_center,0.874,5m,5.0,0.874,1.439,1.673,14.5,206.0,recomputed
2026-08-31T05:30:00Z,2026-08-31T00:00:00Z,2026-09-06T00:00:00Z,144,spectrum,coronado_south,0.726,5m,5.0,0.726,1.386,1.673,14.5,185.0,recomputed
2026-08-31T05:30:00Z,2026-08-31T00:00:00Z,2026-09-06T03:00:00Z,147,spectrum,buoy,1.722,buoy,,,,1.722,14.5,176.0,recomputed
2026-08-31T05:30:00Z,2026-08-31T00:00:00Z,2026-09-06T03:00:00Z,147,spectrum,coronado_north,1.178,5m,5.0,1.178,1.499,1.722,15.6,203.0,recomputed
2026-08-31T05:30:00Z,2026-08-31T00:00:00Z,2026-09-06T03:00:00Z,147,spectrum,coronado_center,0.877,5m,5.0,0.877,1.488,1.722,14.5,204.0,recomputed
2026-08-31T05:30:00Z,2026-08-31T00:00:00Z,2026-09-06T03:00:00Z,147,spectrum,coronado_south,0.756,5m,5.0,0.756,1.432,1.722,14.5,186.0,recomputed
2026-08-31T05:30:00Z,2026-08-31T00:00:00Z,2026-09-06T06:00:00Z,150,spectrum,buoy,1.78,buoy,,,,1.78,14.5,175.0,recomputed
2026-08-31T05:30:00Z,2026-08-31T00:00:00Z,2026-09-06T06:00:00Z,150,spectrum,coronado_north,1.185,5m,5.0,1.185,1.55,1.78,15.6,201.0,recomputed
2026-08-31T05:30:00Z,2026-08-31T00:00:00Z,2026-09-06T06:00:00Z,150,spectrum,coronado_center,0.875,5m,5.0,0.875,1.537,1.78,14.5,202.0,recomputed
2026-08-31T05:30:00Z,2026-08-31T00:00:00Z,2026-09-06T06:00:00Z,150,spectrum,coronado_south,0.78,5m,5.0,0.78,1.476,1.78,14.5,185.0,recomputed
2026-08-31T05:30:00Z,2026-08-31T00:00:00Z,2026-09-06T09:00:00Z,153,spectrum,buoy,1.814,buoy,,,,1.814,14.5,174.0,recomputed
2026-08-31T05:30:00Z,2026-08-31T00:00:00Z,2026-09-06T09:00:00Z,153,spectrum,coronado_north,1.161,5m,5.0,1.161,1.566,1.814,15.6,200.0,recomputed
2026-08-31T05:30:00Z,2026-08-31T00:00:00Z,2026-09-06T09:00:00Z,153,spectrum,coronado_center,0.872,5m,5.0,0.872,1.552,1.814,14.5,200.0,recomputed
2026-08-31T05:30:00Z,2026-08-31T00:00:00Z,2026-09-06T09:00:00Z,153,spectrum,coronado_south,0.779,5m,5.0,0.779,1.487,1.814,14.5,184.0,recomputed
2026-08-31T05:30:00Z,2026-08-31T00:00:00Z,2026-09-06T12:00:00Z,156,spectrum,buoy,1.842,buoy,,,,1.842,14.5,174.0,recomputed
2026-08-31T05:30:00Z,2026-08-31T00:00:00Z,2026-09-06T12:00:00Z,156,spectrum,coronado_north,1.144,5m,5.0,1.144,1.585,1.842,14.5,198.0,recomputed
2026-08-31T05:30:00Z,2026-08-31T00:00:00Z,2026-09-06T12:00:00Z,156,spectrum,coronado_center,0.871,5m,5.0,0.871,1.569,1.842,14.5,198.0,recomputed
2026-08-31T05:30:00Z,2026-08-31T00:00:00Z,2026-09-06T12:00:00Z,156,spectrum,coronado_south,0.792,5m,5.0,0.792,1.501,1.842,14.5,183.0,recomputed
2026-08-31T05:30:00Z,2026-08-31T00:00:00Z,2026-09-06T15:00:00Z,159,spectrum,buoy,1.941,buoy,,,,1.941,14.5,173.0,recomputed
2026-08-31T05:30:00Z,2026-08-31T00:00:00Z,2026-09-06T15:00:00Z,159,spectrum,coronado_north,1.141,5m,5.0,1.141,1.638,1.941,14.5,197.0,recomputed
2026-08-31T05:30:00Z,2026-08-31T00:00:00Z,2026-09-06T15:00:00Z,159,spectrum,coronado_center,0.881,5m,5.0,0.881,1.619,1.941,14.5,195.0,recomputed
2026-08-31T05:30:00Z,2026-08-31T00:00:00Z,2026-09-06T15:00:00Z,159,spectrum,coronado_south,0.821,5m,5.0,0.821,1.545,1.941,14.5,181.0,recomputed
2026-08-31T05:30:00Z,2026-08-31T00:00:00Z,2026-09-06T18:00:00Z,162,spectrum,buoy,2.08,buoy,,,,2.08,14.5,172.0,recomputed
2026-08-31T05:30:00Z,2026-08-31T00:00:00Z,2026-09-06T18:00:00Z,162,spectrum,coronado_north,1.117,5m,5.0,1.117,1.669,2.08,14.5,195.0,recomputed
2026-08-31T05:30:00Z,2026-08-31T00:00:00Z,2026-09-06T18:00:00Z,162,spectrum,coronado_center,0.896,5m,5.0,0.896,1.647,2.08,14.5,191.0,recomputed
2026-08-31T05:30:00Z,2026-08-31T00:00:00Z,2026-09-06T18:00:00Z,162,spectrum,coronado_south,0.841,5m,5.0,0.841,1.564,2.08,14.5,179.0,recomputed
2026-08-31T05:30:00Z,2026-08-31T00:00:00Z,2026-09-06T21:00:00Z,165,spectrum,buoy,2.122,buoy,,,,2.122,14.5,172.0,recomputed
2026-08-31T05:30:00Z,2026-08-31T00:00:00Z,2026-09-06T21:00:00Z,165,spectrum,coronado_north,1.096,5m,5.0,1.096,1.676,2.122,14.5,195.0,recomputed
2026-08-31T05:30:00Z,2026-08-31T00:00:00Z,2026-09-06T21:00:00Z,165,spectrum,coronado_center,0.908,5m,5.0,0.908,1.651,2.122,14.5,188.0,recomputed
2026-08-31T05:30:00Z,2026-08-31T00:00:00Z,2026-09-06T21:00:00Z,165,spectrum,coronado_south,0.854,5m,5.0,0.854,1.563,2.122,14.5,179.0,recomputed
2026-08-31T05:30:00Z,2026-08-31T00:00:00Z,2026-09-07T00:00:00Z,168,spectrum,buoy,2.269,buoy,,,,2.269,14.5,171.0,recomputed
2026-08-31T05:30:00Z,2026-08-31T00:00:00Z,2026-09-07T00:00:00Z,168,spectrum,coronado_north,1.079,5m,5.0,1.079,1.699,2.269,14.5,194.0,recomputed
2026-08-31T05:30:00Z,2026-08-31T00:00:00Z,2026-09-07T00:00:00Z,168,spectrum,coronado_center,0.925,5m,5.0,0.925,1.676,2.269,14.5,185.0,recomputed
2026-08-31T05:30:00Z,2026-08-31T00:00:00Z,2026-09-07T00:00:00Z,168,spectrum,coronado_south,0.877,5m,5.0,0.877,1.588,2.269,14.5,177.0,recomputed
