generated_utc,cycle_utc,valid_utc,lead_h,wave_source,site,hs_m,hs_basis,depth_m,hs_5m_m,hs_window_m,hs_offshore_m,period_s,from_deg,build_sha
2026-10-01T05:30:00Z,2026-10-01T00:00:00Z,2026-10-01T00:00:00Z,0,spectrum,buoy,0.857,buoy,,,,0.857,13.6,223.0,recomputed
2026-10-01T05:30:00Z,2026-10-01T00:00:00Z,2026-10-01T00:00:00Z,0,spectrum,coronado_north,0.915,breaking,2.02,0.758,0.557,0.857,15.6,221.0,recomputed
2026-10-01T05:30:00Z,2026-10-01T00:00:00Z,2026-10-01T00:00:00Z,0,spectrum,coronado_center,0.783,breaking,1.73,0.622,0.586,0.857,15.6,235.0,recomputed
2026-10-01T05:30:00Z,2026-10-01T00:00:00Z,2026-10-01T00:00:00Z,0,spectrum,coronado_south,0.65,breaking,1.37,0.499,0.609,0.857,13.6,250.0,recomputed
2026-10-01T05:30:00Z,2026-10-01T00:00:00Z,2026-10-01T03:00:00Z,3,spectrum,buoy,0.828,buoy,,,,0.828,13.6,218.0,recomputed
2026-10-01T05:30:00Z,2026-10-01T00:00:00Z,2026-10-01T03:00:00Z,3,spectrum,coronado_north,0.906,breaking,1.87,0.744,0.552,0.828,15.6,220.0,recomputed
2026-10-01T05:30:00Z,2026-10-01T00:00:00Z,2026-10-01T03:00:00Z,3,spectrum,coronado_center,0.77,breaking,1.56,0.606,0.58,0.828,14.5,236.0,recomputed
2026-10-01T05:30:00Z,2026-10-01T00:00:00Z,2026-10-01T03:00:00Z,3,spectrum,coronado_south,0.632,breaking,1.31,0.48,0.6,0.828,13.6,249.0,recomputed
2026-10-01T05:30:00Z,2026-10-01T00:00:00Z,2026-10-01T06:00:00Z,6,spectrum,buoy,0.807,buoy,,,,0.807,13.6,214.0,recomputed
2026-10-01T05:30:00Z,2026-10-01T00:00:00Z,2026-10-01T06:00:00Z,6,spectrum,coronado_north,0.89,breaking,1.68,0.734,0.548,0.807,15.6,221.0,recomputed
2026-10-01T05:30:00Z,2026-10-01T00:00:00Z,2026-10-01T06:00:00Z,6,spectrum,coronado_center,0.757,breaking,1.55,0.601,0.576,0.807,14.5,235.0,recomputed
2026-10-01T05:30:00Z,2026-10-01T00:00:00Z,2026-10-01T06:00:00Z,6,spectrum,coronado_south,0.6,breaking,1.53,0.466,0.597,0.807,11.9,247.0,recomputed
2026-10-01T05:30:00Z,2026-10-01T00:00:00Z,2026-10-01T09:00:00Z,9,spectrum,buoy,0.788,buoy,,,,0.788,14.5,217.0,recomputed
2026-10-01T05:30:00Z,2026-10-01T00:00:00Z,2026-10-01T09:00:00Z,9,spectrum,coronado_north,0.888,breaking,1.8,0.731,0.544,0.788,14.5,221.0,recomputed
2026-10-01T05:30:00Z,2026-10-01T00:00:00Z,2026-10-01T09:00:00Z,9,spectrum,coronado_center,0.754,breaking,1.61,0.6,0.572,0.788,14.5,235.0,recomputed
2026-10-01T05:30:00Z,2026-10-01T00:00:00Z,2026-10-01T09:00:00Z,9,spectrum,coronado_south,0.585,breaking,1.35,0.451,0.593,0.788,11.9,246.0,recomputed
2026-10-01T05:30:00Z,2026-10-01T00:00:00Z,2026-10-01T12:00:00Z,12,spectrum,buoy,0.773,buoy,,,,0.773,14.5,218.0,recomputed
2026-10-01T05:30:00Z,2026-10-01T00:00:00Z,2026-10-01T12:00:00Z,12,spectrum,coronado_north,0.886,breaking,1.72,0.734,0.541,0.773,14.5,221.0,recomputed
2026-10-01T05:30:00Z,2026-10-01T00:00:00Z,2026-10-01T12:00:00Z,12,spectrum,coronado_center,0.759,breaking,1.53,0.603,0.569,0.773,14.5,233.0,recomputed
2026-10-01T05:30:00Z,2026-10-01T00:00:00Z,2026-10-01T12:00:00Z,12,spectrum,coronado_south,0.569,breaking,1.44,0.437,0.589,0.773,11.9,244.0,recomputed
2026-10-01T05:30:00Z,2026-10-01T00:00:00Z,2026-10-01T15:00:00Z,15,spectrum,buoy,0.756,buoy,,,,0.756,14.5,217.0,recomputed
2026-10-01T05:30:00Z,2026-10-01T00:00:00Z,2026-10-01T15:00:00Z,15,spectrum,coronado_north,0.888,breaking,1.84,0.73,0.532,0.756,14.5,221.0,recomputed
2026-10-01T05:30:00Z,2026-10-01T00:00:00Z,2026-10-01T15:00:00Z,15,spectrum,coronado_center,0.751,breaking,1.6,0.598,0.559,0.756,14.5,233.0,recomputed
2026-10-01T05:30:00Z,2026-10-01T00:00:00Z,2026-10-01T15:00:00Z,15,spectrum,coronado_south,0.557,breaking,1.32,0.422,0.577,0.756,12.7,244.0,recomputed
2026-10-01T05:30:00Z,2026-10-01T00:00:00Z,2026-10-01T18:00:00Z,18,spectrum,buoy,0.749,buoy,,,,0.749,13.6,215.0,recomputed
2026-10-01T05:30:00Z,2026-10-01T00:00:00Z,2026-10-01T18:00:00Z,18,spectrum,coronado_north,0.891,breaking,1.86,0.733,0.527,0.749,14.5,221.0,recomputed
2026-10-01T05:30:00Z,2026-10-01T00:00:00Z,2026-10-01T18:00:00Z,18,spectrum,coronado_center,0.738,breaking,1.68,0.596,0.551,0.749,14.5,235.0,recomputed
2026-10-01T05:30:00Z,2026-10-01T00:00:00Z,2026-10-01T18:00:00Z,18,spectrum,coronado_south,0.537,breaking,1.34,0.409,0.567,0.749,12.7,244.0,recomputed
2026-10-01T05:30:00Z,2026-10-01T00:00:00Z,2026-10-01T21:00:00Z,21,spectrum,buoy,0.779,buoy,,,,0.779,13.6,215.0,recomputed
2026-10-01T05:30:00Z,2026-10-01T00:00:00Z,2026-10-01T21:00:00Z,21,spectrum,coronado_north,0.9,breaking,1.85,0.742,0.526,0.779,14.5,220.0,recomputed
2026-10-01T05:30:00Z,2026-10-01T00:00:00Z,2026-10-01T21:00:00Z,21,spectrum,coronado_center,0.737,breaking,1.67,0.595,0.549,0.779,14.5,235.0,recomputed
2026-10-01T05:30:00Z,2026-10-01T00:00:00Z,2026-10-01T21:00:00Z,21,spectrum,coronado_south,0.555,breaking,1.39,0.426,0.566,0.779,12.7,244.0,recomputed
2026-10-01T05:30:00Z,2026-10-01T00:00:00Z,2026-10-02T00:00:00Z,24,spectrum,buoy,0.815,buoy,,,,0.815,13.6,215.0,recomputed
2026-10-01T05:30:00Z,2026-10-01T00:00:00Z,2026-10-02T00:00:00Z,24,spectrum,coronado_north,0.909,breaking,2.05,0.763,0.54,0.815,13.6,220.0,recomputed
2026-10-01T05:30:00Z,2026-10-01T00:00:00Z,2026-10-02T00:00:00Z,24,spectrum,coronado_center,0.759,breaking,1.51,0.608,0.568,0.815,13.6,234.0,recomputed
2026-10-01T05:30:00Z,2026-10-01T00:00:00Z,2026-10-02T00:00:00Z,24,spectrum,coronado_south,0.555,breaking,1.38,0.422,0.59,0.815,12.7,243.0,recomputed
2026-10-01T05:30:00Z,2026-10-01T00:00:00Z,2026-10-02T03:00:00Z,27,spectrum,buoy,0.854,buoy,,,,0.854,12.7,215.0,recomputed
2026-10-01T05:30:00Z,2026-10-01T00:00:00Z,2026-10-02T03:00:00Z,27,spectrum,coronado_north,0.948,breaking,1.91,0.793,0.562,0.854,13.6,221.0,recomputed
2026-10-01T05:30:00Z,2026-10-01T00:00:00Z,2026-10-02T03:00:00Z,27,spectrum,coronado_center,0.79,breaking,1.56,0.628,0.594,0.854,13.6,234.0,recomputed
2026-10-01T05:30:00Z,2026-10-01T00:00:00Z,2026-10-02T03:00:00Z,27,spectrum,coronado_south,0.588,breaking,1.27,0.444,0.621,0.854,11.9,241.0,recomputed
2026-10-01T05:30:00Z,2026-10-01T00:00:00Z,2026-10-02T06:00:00Z,30,spectrum,buoy,0.854,buoy,,,,0.854,12.7,214.0,recomputed
2026-10-01T05:30:00Z,2026-10-01T00:00:00Z,2026-10-02T06:00:00Z,30,spectrum,coronado_north,0.961,breaking,2.14,0.811,0.571,0.854,13.6,220.0,recomputed
2026-10-01T05:30:00Z,2026-10-01T00:00:00Z,2026-10-02T06:00:00Z,30,spectrum,coronado_center,0.784,breaking,1.81,0.632,0.601,0.854,13.6,233.0,recomputed
2026-10-01T05:30:00Z,2026-10-01T00:00:00Z,2026-10-02T06:00:00Z,30,spectrum,coronado_south,0.581,breaking,1.3,0.44,0.625,0.854,11.9,239.0,recomputed
2026-10-01T05:30:00Z,2026-10-01T00:00:00Z,2026-10-02T09:00:00Z,33,spectrum,buoy,0.831,buoy,,,,0.831,12.7,214.0,recomputed
2026-10-01T05:30:00Z,2026-10-01T00:00:00Z,2026-10-02T09:00:00Z,33,spectrum,coronado_north,0.956,breaking,2.21,0.817,0.571,0.831,12.7,220.0,recomputed
2026-10-01T05:30:00Z,2026-10-01T00:00:00Z,2026-10-02T09:00:00Z,33,spectrum,coronado_center,0.779,breaking,1.62,0.627,0.596,0.831,13.6,233.0,recomputed
2026-10-01T05:30:00Z,2026-10-01T00:00:00Z,2026-10-02T09:00:00Z,33,spectrum,coronado_south,0.552,breaking,1.26,0.42,0.614,0.831,11.9,237.0,recomputed
2026-10-01T05:30:00Z,2026-10-01T00:00:00Z,2026-10-02T12:00:00Z,36,spectrum,buoy,0.815,buoy,,,,0.815,12.7,213.0,recomputed
2026-10-01T05:30:00Z,2026-10-01T00:00:00Z,2026-10-02T12:00:00Z,36,spectrum,coronado_north,0.95,breaking,1.94,0.81,0.565,0.815,12.7,220.0,recomputed
2026-10-01T05:30:00Z,2026-10-01T00:00:00Z,2026-10-02T12:00:00Z,36,spectrum,coronado_center,0.773,breaking,1.58,0.612,0.587,0.815,13.6,232.0,recomputed
2026-10-01T05:30:00Z,2026-10-01T00:00:00Z,2026-10-02T12:00:00Z,36,spectrum,coronado_south,0.533,breaking,1.22,0.4,0.601,0.815,11.9,234.0,recomputed
2026-10-01T05:30:00Z,2026-10-01T00:00:00Z,2026-10-02T15:00:00Z,39,spectrum,buoy,0.8,buoy,,,,0.8,12.7,213.0,recomputed
2026-10-01T05:30:00Z,2026-10-01T00:00:00Z,2026-10-02T15:00:00Z,39,spectrum,coronado_north,0.945,breaking,1.92,0.801,0.56,0.8,12.7,219.0,recomputed
2026-10-01T05:30:00Z,2026-10-01T00:00:00Z,2026-10-02T15:00:00Z,39,spectrum,coronado_center,0.76,breaking,1.56,0.601,0.58,0.8,16.6,231.0,recomputed
2026-10-01T05:30:00Z,2026-10-01T00:00:00Z,2026-10-02T15:00:00Z,39,spectrum,coronado_south,0.519,breaking,1.26,0.388,0.591,0.8,11.9,233.0,recomputed
2026-10-01T05:30:00Z,2026-10-01T00:00:00Z,2026-10-02T18:00:00Z,42,spectrum,buoy,0.791,buoy,,,,0.791,11.9,214.0,recomputed
2026-10-01T05:30:00Z,2026-10-01T00:00:00Z,2026-10-02T18:00:00Z,42,spectrum,coronado_north,0.943,breaking,1.98,0.795,0.557,0.791,12.7,219.0,recomputed
2026-10-01T05:30:00Z,2026-10-01T00:00:00Z,2026-10-02T18:00:00Z,42,spectrum,coronado_center,0.743,breaking,1.8,0.595,0.576,0.791,12.7,232.0,recomputed
2026-10-01T05:30:00Z,2026-10-01T00:00:00Z,2026-10-02T18:00:00Z,42,spectrum,coronado_south,0.505,breaking,1.27,0.381,0.585,0.791,11.9,232.0,recomputed
2026-10-01T05:30:00Z,2026-10-01T00:00:00Z,2026-10-02T21:00:00Z,45,spectrum,buoy,0.817,buoy,,,,0.817,11.9,214.0,recomputed
2026-10-01T05:30:00Z,2026-10-01T00:00:00Z,2026-10-02T21:00:00Z,45,spectrum,coronado_north,0.952,breaking,1.91,0.79,0.554,0.817,12.7,219.0,recomputed
2026-10-01T05:30:00Z,2026-10-01T00:00:00Z,2026-10-02T21:00:00Z,45,spectrum,coronado_center,0.738,breaking,1.61,0.591,0.572,0.817,12.7,232.0,recomputed
2026-10-01T05:30:00Z,2026-10-01T00:00:00Z,2026-10-02T21:00:00Z,45,spectrum,coronado_south,0.5,breaking,1.25,0.375,0.58,0.817,11.9,232.0,recomputed
2026-10-01T05:30:00Z,2026-10-01T00:00:00Z,2026-10-03T00:00:00Z,48,spectrum,buoy,0.828,buoy,,,,0.828,11.9,213.0,recomputed
2026-10-01T05:30:00Z,2026-10-01T00:00:00Z,2026-10-03T00:00:00Z,48,spectrum,coronado_north,0.949,breaking,1.87,0.787,0.553,0.828,16.6,220.0,recomputed
2026-10-01T05:30:00Z,2026-10-01T00:00:00Z,2026-10-03T00:00:00Z,48,spectrum,coronado_center,0.752,breaking,1.54,0.594,0.572,0.828,16.6,231.0,recomputed
2026-10-01T05:30:00Z,2026-10-01T00:00:00Z,2026-10-03T00:00:00Z,48,spectrum,coronado_south,0.531,breaking,1.33,0.401,0.583,0.828,11.9,231.0,recomputed
2026-10-01T05:30:00Z,2026-10-01T00:00:00Z,2026-10-03T03:00:00Z,51,spectrum,buoy,0.825,buoy,,,,0.825,15.6,215.0,recomputed
2026-10-01T05:30:00Z,2026-10-01T00:00:00Z,2026-10-03T03:00:00Z,51,spectrum,coronado_north,0.938,breaking,2.0,0.779,0.549,0.825,15.6,220.0,recomputed
2026-10-01T05:30:00Z,2026-10-01T00:00:00Z,2026-10-03T03:00:00Z,51,spectrum,coronado_center,0.75,breaking,1.64,0.591,0.57,0.825,16.6,231.0,recomputed
2026-10-01T05:30:00Z,2026-10-01T00:00:00Z,2026-10-03T03:00:00Z,51,spectrum,coronado_south,0.533,breaking,1.13,0.385,0.584,0.825,11.9,230.0,recomputed
2026-10-01T05:30:00Z,2026-10-01T00:00:00Z,2026-10-03T06:00:00Z,54,spectrum,buoy,0.841,buoy,,,,0.841,15.6,216.0,recomputed
2026-10-01T05:30:00Z,2026-10-01T00:00:00Z,2026-10-03T06:00:00Z,54,spectrum,coronado_north,0.93,breaking,1.93,0.769,0.541,0.841,15.6,220.0,recomputed
2026-10-01T05:30:00Z,2026-10-01T00:00:00Z,2026-10-03T06:00:00Z,54,spectrum,coronado_center,0.747,breaking,1.6,0.583,0.562,0.841,16.6,231.0,recomputed
2026-10-01T05:30:00Z,2026-10-01T00:00:00Z,2026-10-03T06:00:00Z,54,spectrum,coronado_south,0.531,breaking,1.05,0.381,0.577,0.841,11.9,230.0,recomputed
2026-10-01T05:30:00Z,2026-10-01T00:00:00Z,2026-10-03T09:00:00Z,57,spectrum,buoy,0.806,buoy,,,,0.806,15.6,216.0,recomputed
2026-10-01T05:30:00Z,2026-10-01T00:00:00Z,2026-10-03T09:00:00Z,57,spectrum,coronado_north,0.907,breaking,2.01,0.756,0.531,0.806,15.6,220.0,recomputed
2026-10-01T05:30:00Z,2026-10-01T00:00:00Z,2026-10-03T09:00:00Z,57,spectrum,coronado_center,0.731,breaking,1.46,0.573,0.552,0.806,15.6,231.0,recomputed
2026-10-01T05:30:00Z,2026-10-01T00:00:00Z,2026-10-03T09:00:00Z,57,spectrum,coronado_south,0.511,breaking,1.06,0.373,0.566,0.806,11.9,229.0,recomputed
2026-10-01T05:30:00Z,2026-10-01T00:00:00Z,2026-10-03T12:00:00Z,60,spectrum,buoy,0.774,buoy,,,,0.774,15.6,218.0,recomputed
2026-10-01T05:30:00Z,2026-10-01T00:00:00Z,2026-10-03T12:00:00Z,60,spectrum,coronado_north,0.906,breaking,1.83,0.746,0.522,0.774,15.6,220.0,recomputed
2026-10-01T05:30:00Z,2026-10-01T00:00:00Z,2026-10-03T12:00:00Z,60,spectrum,coronado_center,0.72,breaking,1.5,0.565,0.542,0.774,15.6,231.0,recomputed
2026-10-01T05:30:00Z,2026-10-01T00:00:00Z,2026-10-03T12:00:00Z,60,spectrum,coronado_south,0.497,breaking,1.28,0.365,0.554,0.774,11.9,229.0,recomputed
2026-10-01T05:30:00Z,2026-10-01T00:00:00Z,2026-10-03T15:00:00Z,63,spectrum,buoy,0.738,buoy,,,,0.738,15.6,219.0,recomputed
2026-10-01T05:30:00Z,2026-10-01T00:00:00Z,2026-10-03T15:00:00Z,63,spectrum,coronado_north,0.898,breaking,1.83,0.738,0.515,0.738,15.6,220.0,recomputed
2026-10-01T05:30:00Z,2026-10-01T00:00:00Z,2026-10-03T15:00:00Z,63,spectrum,coronado_center,0.713,breaking,1.5,0.558,0.534,0.738,15.6,231.0,recomputed
2026-10-01T05:30:00Z,2026-10-01T00:00:00Z,2026-10-03T15:00:00Z,63,spectrum,coronado_south,0.487,breaking,1.27,0.356,0.545,0.738,11.9,229.0,recomputed
2026-10-01T05:30:00Z,2026-10-01T00:00:00Z,2026-10-03T18:00:00Z,66,spectrum,buoy,0.702,buoy,,,,0.702,15.6,220.0,recomputed
2026-10-01T05:30:00Z,2026-10-01T00:00:00Z,2026-10-03T18:00:00Z,66,spectrum,coronado_north,0.895,breaking,1.79,0.735,0.512,0.702,15.6,220.0,recomputed
2026-10-01T05:30:00Z,2026-10-01T00:00:00Z,2026-10-03T18:00:00Z,66,spectrum,coronado_center,0.706,breaking,1.59,0.554,0.53,0.702,15.6,231.0,recomputed
2026-10-01T05:30:00Z,2026-10-01T00:00:00Z,2026-10-03T18:00:00Z,66,spectrum,coronado_south,0.478,breaking,1.13,0.349,0.539,0.702,9.0,229.0,recomputed
2026-10-01T05:30:00Z,2026-10-01T00:00:00Z,2026-10-03T21:00:00Z,69,spectrum,buoy,0.701,buoy,,,,0.701,15.6,220.0,recomputed
2026-10-01T05:30:00Z,2026-10-01T00:00:00Z,2026-10-03T21:00:00Z,69,spectrum,coronado_north,0.899,breaking,1.8,0.737,0.513,0.701,15.6,220.0,recomputed
2026-10-01T05:30:00Z,2026-10-01T00:00:00Z,2026-10-03T21:00:00Z,69,spectrum,coronado_center,0.698,breaking,1.55,0.554,0.531,0.701,15.6,231.0,recomputed
2026-10-01T05:30:00Z,2026-10-01T00:00:00Z,2026-10-03T21:00:00Z,69,spectrum,coronado_south,0.474,breaking,1.12,0.344,0.538,0.701,9.0,229.0,recomputed
2026-10-01T05:30:00Z,2026-10-01T00:00:00Z,2026-10-04T00:00:00Z,72,spectrum,buoy,0.707,buoy,,,,0.707,14.5,216.0,recomputed
2026-10-01T05:30:00Z,2026-10-01T00:00:00Z,2026-10-04T00:00:00Z,72,spectrum,coronado_north,0.897,breaking,1.76,0.739,0.514,0.707,14.5,220.0,recomputed
2026-10-01T05:30:00Z,2026-10-01T00:00:00Z,2026-10-04T00:00:00Z,72,spectrum,coronado_center,0.697,breaking,1.74,0.555,0.532,0.707,14.5,230.0,recomputed
2026-10-01T05:30:00Z,2026-10-01T00:00:00Z,2026-10-04T00:00:00Z,72,spectrum,coronado_south,0.471,breaking,1.12,0.341,0.539,0.707,11.9,229.0,recomputed
2026-10-01T05:30:00Z,2026-10-01T00:00:00Z,2026-10-04T03:00:00Z,75,spectrum,buoy,0.71,buoy,,,,0.71,14.5,216.0,recomputed
2026-10-01T05:30:00Z,2026-10-01T00:00:00Z,2026-10-04T03:00:00Z,75,spectrum,coronado_north,0.886,breaking,1.98,0.737,0.513,0.71,14.5,219.0,recomputed
2026-10-01T05:30:00Z,2026-10-01T00:00:00Z,2026-10-04T03:00:00Z,75,spectrum,coronado_center,0.709,breaking,1.39,0.555,0.531,0.71,14.5,230.0,recomputed
2026-10-01T05:30:00Z,2026-10-01T00:00:00Z,2026-10-04T03:00:00Z,75,spectrum,coronado_south,0.471,breaking,0.99,0.339,0.537,0.71,11.1,229.0,recomputed
2026-10-01T05:30:00Z,2026-10-01T00:00:00Z,2026-10-04T06:00:00Z,78,spectrum,buoy,0.771,buoy,,,,0.771,14.5,216.0,recomputed
2026-10-01T05:30:00Z,2026-10-01T00:00:00Z,2026-10-04T06:00:00Z,78,spectrum,coronado_north,0.889,breaking,1.84,0.729,0.508,0.771,14.5,219.0,recomputed
2026-10-01T05:30:00Z,2026-10-01T00:00:00Z,2026-10-04T06:00:00Z,78,spectrum,coronado_center,0.708,breaking,1.47,0.548,0.525,0.771,14.5,230.0,recomputed
2026-10-01T05:30:00Z,2026-10-01T00:00:00Z,2026-10-04T06:00:00Z,78,spectrum,coronado_south,0.474,breaking,0.94,0.334,0.532,0.771,11.1,229.0,recomputed
2026-10-01T05:30:00Z,2026-10-01T00:00:00Z,2026-10-04T09:00:00Z,81,spectrum,buoy,0.737,buoy,,,,0.737,14.5,216.0,recomputed
2026-10-01T05:30:00Z,2026-10-01T00:00:00Z,2026-10-04T09:00:00Z,81,spectrum,coronado_north,0.875,breaking,1.92,0.724,0.505,0.737,14.5,219.0,recomputed
2026-10-01T05:30:00Z,2026-10-01T00:00:00Z,2026-10-04T09:00:00Z,81,spectrum,coronado_center,0.69,breaking,1.33,0.539,0.521,0.737,14.5,230.0,recomputed
2026-10-01T05:30:00Z,2026-10-01T00:00:00Z,2026-10-04T09:00:00Z,81,spectrum,coronado_south,0.459,breaking,1.1,0.33,0.527,0.737,11.1,228.0,recomputed
2026-10-01T05:30:00Z,2026-10-01T00:00:00Z,2026-10-04T12:00:00Z,84,spectrum,buoy,0.704,buoy,,,,0.704,14.5,215.0,recomputed
2026-10-01T05:30:00Z,2026-10-01T00:00:00Z,2026-10-04T12:00:00Z,84,spectrum,coronado_north,0.883,breaking,1.83,0.725,0.505,0.704,14.5,219.0,recomputed
2026-10-01T05:30:00Z,2026-10-01T00:00:00Z,2026-10-04T12:00:00Z,84,spectrum,coronado_center,0.68,breaking,1.5,0.53,0.52,0.704,14.5,230.0,recomputed
2026-10-01T05:30:00Z,2026-10-01T00:00:00Z,2026-10-04T12:00:00Z,84,spectrum,coronado_south,0.45,breaking,1.08,0.326,0.526,0.704,14.5,228.0,recomputed
2026-10-01T05:30:00Z,2026-10-01T00:00:00Z,2026-10-04T15:00:00Z,87,spectrum,buoy,0.695,buoy,,,,0.695,14.5,215.0,recomputed
2026-10-01T05:30:00Z,2026-10-01T00:00:00Z,2026-10-04T15:00:00Z,87,spectrum,coronado_north,0.895,breaking,1.8,0.734,0.508,0.695,15.6,218.0,recomputed
2026-10-01T05:30:00Z,2026-10-01T00:00:00Z,2026-10-04T15:00:00Z,87,spectrum,coronado_center,0.675,breaking,1.54,0.527,0.523,0.695,14.5,230.0,recomputed
2026-10-01T05:30:00Z,2026-10-01T00:00:00Z,2026-10-04T15:00:00Z,87,spectrum,coronado_south,0.448,breaking,1.08,0.324,0.527,0.695,14.5,227.0,recomputed
2026-10-01T05:30:00Z,2026-10-01T00:00:00Z,2026-10-04T18:00:00Z,90,spectrum,buoy,0.679,buoy,,,,0.679,15.6,209.0,recomputed
2026-10-01T05:30:00Z,2026-10-01T00:00:00Z,2026-10-04T18:00:00Z,90,spectrum,coronado_north,0.911,breaking,1.76,0.752,0.515,0.679,15.6,218.0,recomputed
2026-10-01T05:30:00Z,2026-10-01T00:00:00Z,2026-10-04T18:00:00Z,90,spectrum,coronado_center,0.704,breaking,1.48,0.552,0.528,0.679,14.5,230.0,recomputed
2026-10-01T05:30:00Z,2026-10-01T00:00:00Z,2026-10-04T18:00:00Z,90,spectrum,coronado_south,0.491,breaking,1.22,0.358,0.531,0.679,14.5,226.0,recomputed
2026-10-01T05:30:00Z,2026-10-01T00:00:00Z,2026-10-04T21:00:00Z,93,spectrum,buoy,0.681,buoy,,,,0.681,14.5,209.0,recomputed
2026-10-01T05:30:00Z,2026-10-01T00:00:00Z,2026-10-04T21:00:00Z,93,spectrum,coronado_north,0.958,breaking,1.95,0.801,0.529,0.681,15.6,218.0,recomputed
2026-10-01T05:30:00Z,2026-10-01T00:00:00Z,2026-10-04T21:00:00Z,93,spectrum,coronado_center,0.755,breaking,1.68,0.608,0.543,0.681,13.6,230.0,recomputed
2026-10-01T05:30:00Z,2026-10-01T00:00:00Z,2026-10-04T21:00:00Z,93,spectrum,coronado_south,0.583,breaking,1.53,0.447,0.547,0.681,8.5,234.0,recomputed
2026-10-01T05:30:00Z,2026-10-01T00:00:00Z,2026-10-05T00:00:00Z,96,spectrum,buoy,0.673,buoy,,,,0.673,13.6,209.0,recomputed
2026-10-01T05:30:00Z,2026-10-01T00:00:00Z,2026-10-05T00:00:00Z,96,spectrum,coronado_north,0.904,breaking,1.86,0.749,0.527,0.673,13.6,218.0,recomputed
2026-10-01T05:30:00Z,2026-10-01T00:00:00Z,2026-10-05T00:00:00Z,96,spectrum,coronado_center,0.677,breaking,1.53,0.537,0.541,0.673,13.6,229.0,recomputed
2026-10-01T05:30:00Z,2026-10-01T00:00:00Z,2026-10-05T00:00:00Z,96,spectrum,coronado_south,0.483,breaking,0.96,0.352,0.543,0.673,8.5,233.0,recomputed
2026-10-01T05:30:00Z,2026-10-01T00:00:00Z,2026-10-05T03:00:00Z,99,spectrum,buoy,0.671,buoy,,,,0.671,14.5,208.0,recomputed
2026-10-01T05:30:00Z,2026-10-01T00:00:00Z,2026-10-05T03:00:00Z,99,spectrum,coronado_north,0.891,breaking,1.8,0.734,0.521,0.671,14.5,218.0,recomputed
2026-10-01T05:30:00Z,2026-10-01T00:00:00Z,2026-10-05T03:00:00Z,99,spectrum,coronado_center,0.663,breaking,1.46,0.515,0.534,0.671,13.6,229.0,recomputed
2026-10-01T05:30:00Z,2026-10-01T00:00:00Z,2026-10-05T03:00:00Z,99,spectrum,coronado_south,0.452,breaking,1.22,0.328,0.535,0.671,14.5,227.0,recomputed
2026-10-01T05:30:00Z,2026-10-01T00:00:00Z,2026-10-05T06:00:00Z,102,spectrum,buoy,0.668,buoy,,,,0.668,14.5,208.0,recomputed
2026-10-01T05:30:00Z,2026-10-01T00:00:00Z,2026-10-05T06:00:00Z,102,spectrum,coronado_north,0.88,breaking,1.84,0.721,0.514,0.668,14.5,217.0,recomputed
2026-10-01T05:30:00Z,2026-10-01T00:00:00Z,2026-10-05T06:00:00Z,102,spectrum,coronado_center,0.652,breaking,1.48,0.502,0.526,0.668,13.6,229.0,recomputed
2026-10-01T05:30:00Z,2026-10-01T00:00:00Z,2026-10-05T06:00:00Z,102,spectrum,coronado_south,0.455,breaking,0.96,0.318,0.525,0.668,14.5,227.0,recomputed
2026-10-01T05:30:00Z,2026-10-01T00:00:00Z,2026-10-05T09:00:00Z,105,spectrum,buoy,0.659,buoy,,,,0.659,14.5,207.0,recomputed
2026-10-01T05:30:00Z,2026-10-01T00:00:00Z,2026-10-05T09:00:00Z,105,spectrum,coronado_north,0.872,breaking,1.9,0.715,0.511,0.659,14.5,217.0,recomputed
2026-10-01T05:30:00Z,2026-10-01T00:00:00Z,2026-10-05T09:00:00Z,105,spectrum,coronado_center,0.642,breaking,1.43,0.494,0.522,0.659,14.5,229.0,recomputed
2026-10-01T05:30:00Z,2026-10-01T00:00:00Z,2026-10-05T09:00:00Z,105,spectrum,coronado_south,0.442,breaking,1.0,0.309,0.52,0.659,14.5,228.0,recomputed
2026-10-01T05:30:00Z,2026-10-01T00:00:00Z,2026-10-05T12:00:00Z,108,spectrum,buoy,0.657,buoy,,,,0.657,14.5,206.0,recomputed
2026-10-01T05:30:00Z,2026-10-01T00:00:00Z,2026-10-05T12:00:00Z,108,spectrum,coronado_north,0.867,breaking,1.77,0.709,0.511,0.657,14.5,217.0,recomputed
2026-10-01T05:30:00Z,2026-10-01T00:00:00Z,2026-10-05T12:00:00Z,108,spectrum,coronado_center,0.631,breaking,1.49,0.486,0.52,0.657,14.5,228.0,recomputed
2026-10-01T05:30:00Z,2026-10-01T00:00:00Z,2026-10-05T12:00:00Z,108,spectrum,coronado_south,0.424,breaking,1.01,0.302,0.518,0.657,14.5,226.0,recomputed
2026-10-01T05:30:00Z,2026-10-01T00:00:00Z,2026-10-05T15:00:00Z,111,spectrum,buoy,0.652,buoy,,,,0.652,14.5,205.0,recomputed
2026-10-01T05:30:00Z,2026-10-01T00:00:00Z,2026-10-05T15:00:00Z,111,spectrum,coronado_north,0.863,breaking,1.69,0.704,0.513,0.652,14.5,217.0,recomputed
2026-10-01T05:30:00Z,2026-10-01T00:00:00Z,2026-10-05T15:00:00Z,111,spectrum,coronado_center,0.622,breaking,1.37,0.483,0.522,0.652,14.5,228.0,recomputed
2026-10-01T05:30:00Z,2026-10-01T00:00:00Z,2026-10-05T15:00:00Z,111,spectrum,coronado_south,0.422,breaking,1.01,0.299,0.517,0.652,14.5,227.0,recomputed
2026-10-01T05:30:00Z,2026-10-01T00:00:00Z,2026-10-05T18:00:00Z,114,spectrum,buoy,0.652,buoy,,,,0.652,14.5,203.0,recomputed
2026-10-01T05:30:00Z,2026-10-01T00:00:00Z,2026-10-05T18:00:00Z,114,spectrum,coronado_north,0.854,breaking,1.63,0.696,0.519,0.652,14.5,217.0,recomputed
2026-10-01T05:30:00Z,2026-10-01T00:00:00Z,2026-10-05T18:00:00Z,114,spectrum,coronado_center,0.632,breaking,1.31,0.482,0.526,0.652,14.5,227.0,recomputed
2026-10-01T05:30:00Z,2026-10-01T00:00:00Z,2026-10-05T18:00:00Z,114,spectrum,coronado_south,0.424,breaking,1.08,0.3,0.519,0.652,14.5,225.0,recomputed
2026-10-01T05:30:00Z,2026-10-01T00:00:00Z,2026-10-05T21:00:00Z,117,spectrum,buoy,0.676,buoy,,,,0.676,13.6,197.0,recomputed
2026-10-01T05:30:00Z,2026-10-01T00:00:00Z,2026-10-05T21:00:00Z,117,spectrum,coronado_north,0.839,breaking,1.74,0.683,0.525,0.676,13.6,217.0,recomputed
2026-10-01T05:30:00Z,2026-10-01T00:00:00Z,2026-10-05T21:00:00Z,117,spectrum,coronado_center,0.637,breaking,1.37,0.489,0.53,0.676,14.5,226.0,recomputed
2026-10-01T05:30:00Z,2026-10-01T00:00:00Z,2026-10-05T21:00:00Z,117,spectrum,coronado_south,0.453,breaking,1.18,0.327,0.521,0.676,14.5,223.0,recomputed
2026-10-01T05:30:00Z,2026-10-01T00:00:00Z,2026-10-06T00:00:00Z,120,spectrum,buoy,0.709,buoy,,,,0.709,13.6,195.0,recomputed
2026-10-01T05:30:00Z,2026-10-01T00:00:00Z,2026-10-06T00:00:00Z,120,spectrum,coronado_north,0.828,breaking,1.76,0.673,0.538,0.709,13.6,217.0,recomputed
2026-10-01T05:30:00Z,2026-10-01T00:00:00Z,2026-10-06T00:00:00Z,120,spectrum,coronado_center,0.629,breaking,1.39,0.487,0.544,0.709,14.5,224.0,recomputed
2026-10-01T05:30:00Z,2026-10-01T00:00:00Z,2026-10-06T00:00:00Z,120,spectrum,coronado_south,0.457,breaking,0.9,0.325,0.534,0.709,14.5,220.0,recomputed
2026-10-01T05:30:00Z,2026-10-01T00:00:00Z,2026-10-06T03:00:00Z,123,spectrum,buoy,0.756,buoy,,,,0.756,12.7,187.0,recomputed
2026-10-01T05:30:00Z,2026-10-01T00:00:00Z,2026-10-06T03:00:00Z,123,spectrum,coronado_north,0.825,breaking,1.68,0.668,0.559,0.756,13.6,217.0,recomputed
2026-10-01T05:30:00Z,2026-10-01T00:00:00Z,2026-10-06T03:00:00Z,123,spectrum,coronado_center,0.638,breaking,1.42,0.498,0.564,0.756,14.5,222.0,recomputed
2026-10-01T05:30:00Z,2026-10-01T00:00:00Z,2026-10-06T03:00:00Z,123,spectrum,coronado_south,0.463,breaking,1.16,0.342,0.552,0.756,11.9,216.0,recomputed
2026-10-01T05:30:00Z,2026-10-01T00:00:00Z,2026-10-06T06:00:00Z,126,spectrum,buoy,0.797,buoy,,,,0.797,12.7,186.0,recomputed
2026-10-01T05:30:00Z,2026-10-01T00:00:00Z,2026-10-06T06:00:00Z,126,spectrum,coronado_north,0.814,breaking,1.79,0.664,0.58,0.797,13.6,216.0,recomputed
2026-10-01T05:30:00Z,2026-10-01T00:00:00Z,2026-10-06T06:00:00Z,126,spectrum,coronado_center,0.646,breaking,1.29,0.503,0.582,0.797,12.7,219.0,recomputed
2026-10-01T05:30:00Z,2026-10-01T00:00:00Z,2026-10-06T06:00:00Z,126,spectrum,coronado_south,0.483,breaking,1.1,0.351,0.567,0.797,11.9,213.0,recomputed
2026-10-01T05:30:00Z,2026-10-01T00:00:00Z,2026-10-06T09:00:00Z,129,spectrum,buoy,0.817,buoy,,,,0.817,12.7,185.0,recomputed
2026-10-01T05:30:00Z,2026-10-01T00:00:00Z,2026-10-06T09:00:00Z,129,spectrum,coronado_north,0.817,breaking,1.73,0.661,0.603,0.817,13.6,216.0,recomputed
2026-10-01T05:30:00Z,2026-10-01T00:00:00Z,2026-10-06T09:00:00Z,129,spectrum,coronado_center,0.662,breaking,1.44,0.508,0.602,0.817,13.6,217.0,recomputed
2026-10-01T05:30:00Z,2026-10-01T00:00:00Z,2026-10-06T09:00:00Z,129,spectrum,coronado_south,0.491,breaking,1.03,0.356,0.582,0.817,11.9,210.0,recomputed
2026-10-01T05:30:00Z,2026-10-01T00:00:00Z,2026-10-06T12:00:00Z,132,spectrum,buoy,0.839,buoy,,,,0.839,12.7,184.0,recomputed
2026-10-01T05:30:00Z,2026-10-01T00:00:00Z,2026-10-06T12:00:00Z,132,spectrum,coronado_north,0.812,breaking,1.67,0.656,0.628,0.839,13.6,216.0,recomputed
2026-10-01T05:30:00Z,2026-10-01T00:00:00Z,2026-10-06T12:00:00Z,132,spectrum,coronado_center,0.658,breaking,1.45,0.512,0.626,0.839,13.6,216.0,recomputed
2026-10-01T05:30:00Z,2026-10-01T00:00:00Z,2026-10-06T12:00:00Z,132,spectrum,coronado_south,0.49,breaking,1.26,0.363,0.6,0.839,11.9,207.0,recomputed
2026-10-01T05:30:00Z,2026-10-01T00:00:00Z,2026-10-06T15:00:00Z,135,spectrum,buoy,0.856,buoy,,,,0.856,12.7,182.0,recomputed
2026-10-01T05:30:00Z,2026-10-01T00:00:00Z,2026-10-06T15:00:00Z,135,spectrum,coronado_north,0.807,breaking,1.68,0.65,0.656,0.856,13.6,215.0,recomputed
2026-10-01T05:30:00Z,2026-10-01T00:00:00Z,2026-10-06T15:00:00Z,135,spectrum,coronado_center,0.651,breaking,1.47,0.514,0.652,0.856,13.6,214.0,recomputed
2026-10-01T05:30:00Z,2026-10-01T00:00:00Z,2026-10-06T15:00:00Z,135,spectrum,coronado_south,0.496,breaking,1.25,0.373,0.623,0.856,11.9,205.0,recomputed
2026-10-01T05:30:00Z,2026-10-01T00:00:00Z,2026-10-06T18:00:00Z,138,spectrum,buoy,0.871,buoy,,,,0.871,11.9,177.0,recomputed
2026-10-01T05:30:00Z,2026-10-01T00:00:00Z,2026-10-06T18:00:00Z,138,spectrum,coronado_north,0.807,breaking,1.63,0.651,0.683,0.871,13.6,214.0,recomputed
2026-10-01T05:30:00Z,2026-10-01T00:00:00Z,2026-10-06T18:00:00Z,138,spectrum,coronado_center,0.656,breaking,1.45,0.514,0.678,0.871,11.9,213.0,recomputed
2026-10-01T05:30:00Z,2026-10-01T00:00:00Z,2026-10-06T18:00:00Z,138,spectrum,coronado_south,0.514,breaking,1.17,0.384,0.649,0.871,11.9,202.0,recomputed
2026-10-01T05:30:00Z,2026-10-01T00:00:00Z,2026-10-06T21:00:00Z,141,spectrum,buoy,0.907,buoy,,,,0.907,11.9,178.0,recomputed
2026-10-01T05:30:00Z,2026-10-01T00:00:00Z,2026-10-06T21:00:00Z,141,spectrum,coronado_north,0.808,breaking,1.57,0.657,0.713,0.907,13.6,213.0,recomputed
2026-10-01T05:30:00Z,2026-10-01T00:00:00Z,2026-10-06T21:00:00Z,141,spectrum,coronado_center,0.666,breaking,1.38,0.522,0.71,0.907,11.9,212.0,recomputed
2026-10-01T05:30:00Z,2026-10-01T00:00:00Z,2026-10-06T21:00:00Z,141,spectrum,coronado_south,0.553,breaking,1.4,0.42,0.683,0.907,11.9,199.0,recomputed
2026-10-01T05:30:00Z,2026-10-01T00:00:00Z,2026-10-07T00:00:00Z,144,spectrum,buoy,0.966,buoy,,,,0.966,12.7,183.0,recomputed
2026-10-01T05:30:00Z,2026-10-01T00:00:00Z,2026-10-07T00:00:00Z,144,spectrum,coronado_north,0.824,breaking,1.72,0.67,0.757,0.966,12.7,213.0,recomputed
2026-10-01T05:30:00Z,2026-10-01T00:00:00Z,2026-10-07T00:00:00Z,144,spectrum,coronado_center,0.664,breaking,1.51,0.528,0.756,0.966,13.6,210.0,recomputed
2026-10-01T05:30:00Z,2026-10-01T00:00:00Z,2026-10-07T00:00:00Z,144,spectrum,coronado_south,0.555,breaking,1.41,0.431,0.734,0.966,11.9,196.0,recomputed
2026-10-01T05:30:00Z,2026-10-01T00:00:00Z,2026-10-07T03:00:00Z,147,spectrum,buoy,1.021,buoy,,,,1.021,12.7,181.0,recomputed
2026-10-01T05:30:00Z,2026-10-01T00:00:00Z,2026-10-07T03:00:00Z,147,spectrum,coronado_north,0.85,breaking,1.8,0.697,0.813,1.021,12.7,212.0,recomputed
2026-10-01T05:30:00Z,2026-10-01T00:00:00Z,2026-10-07T03:00:00Z,147,spectrum,coronado_center,0.68,breaking,1.59,0.547,0.814,1.021,11.9,208.0,recomputed
2026-10-01T05:30:00Z,2026-10-01T00:00:00Z,2026-10-07T03:00:00Z,147,spectrum,coronado_south,0.59,breaking,1.49,0.464,0.795,1.021,11.9,193.0,recomputed
2026-10-01T05:30:00Z,2026-10-01T00:00:00Z,2026-10-07T06:00:00Z,150,spectrum,buoy,1.081,buoy,,,,1.081,11.9,179.0,recomputed
2026-10-01T05:30:00Z,2026-10-01T00:00:00Z,2026-10-07T06:00:00Z,150,spectrum,coronado_north,0.87,breaking,1.98,0.726,0.87,1.081,12.7,207.0,recomputed
2026-10-01T05:30:00Z,2026-10-01T00:00:00Z,2026-10-07T06:00:00Z,150,spectrum,coronado_center,0.709,breaking,1.45,0.568,0.874,1.081,11.9,206.0,recomputed
2026-10-01T05:30:00Z,2026-10-01T00:00:00Z,2026-10-07T06:00:00Z,150,spectrum,coronado_south,0.639,breaking,1.42,0.497,0.856,1.081,11.9,191.0,recomputed
2026-10-01T05:30:00Z,2026-10-01T00:00:00Z,2026-10-07T09:00:00Z,153,spectrum,buoy,1.135,buoy,,,,1.135,11.9,179.0,recomputed
2026-10-01T05:30:00Z,2026-10-01T00:00:00Z,2026-10-07T09:00:00Z,153,spectrum,coronado_north,0.902,breaking,1.84,0.749,0.924,1.135,12.7,206.0,recomputed
2026-10-01T05:30:00Z,2026-10-01T00:00:00Z,2026-10-07T09:00:00Z,153,spectrum,coronado_center,0.737,breaking,1.47,0.587,0.931,1.135,11.1,204.0,recomputed
2026-10-01T05:30:00Z,2026-10-01T00:00:00Z,2026-10-07T09:00:00Z,153,spectrum,coronado_south,0.672,breaking,1.36,0.529,0.915,1.135,11.9,189.0,recomputed
2026-10-01T05:30:00Z,2026-10-01T00:00:00Z,2026-10-07T12:00:00Z,156,spectrum,buoy,1.19,buoy,,,,1.19,11.9,180.0,recomputed
2026-10-01T05:30:00Z,2026-10-01T00:00:00Z,2026-10-07T12:00:00Z,156,spectrum,coronado_north,0.918,breaking,1.84,0.776,0.972,1.19,12.7,204.0,recomputed
2026-10-01T05:30:00Z,2026-10-01T00:00:00Z,2026-10-07T12:00:00Z,156,spectrum,coronado_center,0.739,breaking,1.61,0.599,0.983,1.19,11.1,202.0,recomputed
2026-10-01T05:30:00Z,2026-10-01T00:00:00Z,2026-10-07T12:00:00Z,156,spectrum,coronado_south,0.701,breaking,1.66,0.562,0.97,1.19,11.9,188.0,recomputed
2026-10-01T05:30:00Z,2026-10-01T00:00:00Z,2026-10-07T15:00:00Z,159,spectrum,buoy,1.206,buoy,,,,1.206,11.9,180.0,recomputed
2026-10-01T05:30:00Z,2026-10-01T00:00:00Z,2026-10-07T15:00:00Z,159,spectrum,coronado_north,0.949,breaking,1.96,0.8,1.004,1.206,12.7,203.0,recomputed
2026-10-01T05:30:00Z,2026-10-01T00:00:00Z,2026-10-07T15:00:00Z,159,spectrum,coronado_center,0.735,breaking,1.92,0.607,1.019,1.206,11.1,199.0,recomputed
2026-10-01T05:30:00Z,2026-10-01T00:00:00Z,2026-10-07T15:00:00Z,159,spectrum,coronado_south,0.718,breaking,1.86,0.587,1.009,1.206,11.9,189.0,recomputed
2026-10-01T05:30:00Z,2026-10-01T00:00:00Z,2026-10-07T18:00:00Z,162,spectrum,buoy,1.213,buoy,,,,1.213,11.9,180.0,recomputed
2026-10-01T05:30:00Z,2026-10-01T00:00:00Z,2026-10-07T18:00:00Z,162,spectrum,coronado_north,0.962,breaking,1.97,0.822,1.024,1.213,12.7,201.0,recomputed
2026-10-01T05:30:00Z,2026-10-01T00:00:00Z,2026-10-07T18:00:00Z,162,spectrum,coronado_center,0.76,breaking,1.65,0.62,1.043,1.213,11.1,199.0,recomputed
2026-10-01T05:30:00Z,2026-10-01T00:00:00Z,2026-10-07T18:00:00Z,162,spectrum,coronado_south,0.742,breaking,1.76,0.603,1.036,1.213,11.9,188.0,recomputed
2026-10-01T05:30:00Z,2026-10-01T00:00:00Z,2026-10-07T21:00:00Z,165,spectrum,buoy,1.232,buoy,,,,1.232,11.9,181.0,recomputed
2026-10-01T05:30:00Z,2026-10-01T00:00:00Z,2026-10-07T21:00:00Z,165,spectrum,coronado_north,1.0,breaking,2.12,0.852,1.038,1.232,12.7,201.0,recomputed
2026-10-01T05:30:00Z,2026-10-01T00:00:00Z,2026-10-07T21:00:00Z,165,spectrum,coronado_center,0.781,breaking,1.75,0.637,1.062,1.232,11.1,199.0,recomputed
2026-10-01T05:30:00Z,2026-10-01T00:00:00Z,2026-10-07T21:00:00Z,165,spectrum,coronado_south,0.77,breaking,1.6,0.626,1.057,1.232,11.9,188.0,recomputed
2026-10-01T05:30:00Z,2026-10-01T00:00:00Z,2026-10-08T00:00:00Z,168,spectrum,buoy,1.261,buoy,,,,1.261,11.9,183.0,recomputed
2026-10-01T05:30:00Z,2026-10-01T00:00:00Z,2026-10-08T00:00:00Z,168,spectrum,coronado_north,1.035,breaking,1.91,0.879,1.048,1.261,17.8,214.0,recomputed
2026-10-01T05:30:00Z,2026-10-01T00:00:00Z,2026-10-08T00:00:00Z,168,spectrum,coronado_center,0.802,breaking,1.65,0.643,1.075,1.261,11.1,199.0,recomputed
2026-10-01T05:30:00Z,2026-10-01T00:00:00Z,2026-10-08T00:00:00Z,168,spectrum,coronado_south,0.763,breaking,1.87,0.626,1.073,1.261,11.9,189.0,recomputed
2026-10-02T05:30:00Z,2026-10-02T00:00:00Z,2026-10-02T00:00:00Z,0,spectrum,buoy,0.8,buoy,,,,0.8,13.6,216.0,recomputed
2026-10-02T05:30:00Z,2026-10-02T00:00:00Z,2026-10-02T00:00:00Z,0,spectrum,coronado_north,0.902,breaking,2.06,0.757,0.53,0.8,13.6,220.0,recomputed
2026-10-02T05:30:00Z,2026-10-02T00:00:00Z,2026-10-02T00:00:00Z,0,spectrum,coronado_center,0.755,breaking,1.51,0.603,0.556,0.8,13.6,234.0,recomputed
2026-10-02T05:30:00Z,2026-10-02T00:00:00Z,2026-10-02T00:00:00Z,0,spectrum,coronado_south,0.541,breaking,1.37,0.412,0.575,0.8,11.9,245.0,recomputed
2026-10-02T05:30:00Z,2026-10-02T00:00:00Z,2026-10-02T03:00:00Z,3,spectrum,buoy,0.847,buoy,,,,0.847,12.7,216.0,recomputed
2026-10-02T05:30:00Z,2026-10-02T00:00:00Z,2026-10-02T03:00:00Z,3,spectrum,coronado_north,0.941,breaking,1.93,0.786,0.551,0.847,13.6,221.0,recomputed
2026-10-02T05:30:00Z,2026-10-02T00:00:00Z,2026-10-02T03:00:00Z,3,spectrum,coronado_center,0.781,breaking,1.56,0.619,0.579,0.847,13.6,234.0,recomputed
2026-10-02T05:30:00Z,2026-10-02T00:00:00Z,2026-10-02T03:00:00Z,3,spectrum,coronado_south,0.575,breaking,1.24,0.433,0.601,0.847,11.9,245.0,recomputed
2026-10-02T05:30:00Z,2026-10-02T00:00:00Z,2026-10-02T06:00:00Z,6,spectrum,buoy,0.861,buoy,,,,0.861,12.7,214.0,recomputed
2026-10-02T05:30:00Z,2026-10-02T00:00:00Z,2026-10-02T06:00:00Z,6,spectrum,coronado_north,0.955,breaking,2.16,0.805,0.564,0.861,13.6,220.0,recomputed
2026-10-02T05:30:00Z,2026-10-02T00:00:00Z,2026-10-02T06:00:00Z,6,spectrum,coronado_center,0.777,breaking,1.79,0.627,0.591,0.861,13.6,234.0,recomputed
2026-10-02T05:30:00Z,2026-10-02T00:00:00Z,2026-10-02T06:00:00Z,6,spectrum,coronado_south,0.574,breaking,1.32,0.435,0.613,0.861,11.9,242.0,recomputed
2026-10-02T05:30:00Z,2026-10-02T00:00:00Z,2026-10-02T09:00:00Z,9,spectrum,buoy,0.852,buoy,,,,0.852,12.7,213.0,recomputed
2026-10-02T05:30:00Z,2026-10-02T00:00:00Z,2026-10-02T09:00:00Z,9,spectrum,coronado_north,0.958,breaking,1.92,0.815,0.568,0.852,13.6,220.0,recomputed
2026-10-02T05:30:00Z,2026-10-02T00:00:00Z,2026-10-02T09:00:00Z,9,spectrum,coronado_center,0.777,breaking,1.62,0.625,0.592,0.852,13.6,233.0,recomputed
2026-10-02T05:30:00Z,2026-10-02T00:00:00Z,2026-10-02T09:00:00Z,9,spectrum,coronado_south,0.553,breaking,1.27,0.421,0.61,0.852,11.9,240.0,recomputed
2026-10-02T05:30:00Z,2026-10-02T00:00:00Z,2026-10-02T12:00:00Z,12,spectrum,buoy,0.848,buoy,,,,0.848,12.7,212.0,recomputed
2026-10-02T05:30:00Z,2026-10-02T00:00:00Z,2026-10-02T12:00:00Z,12,spectrum,coronado_north,0.955,breaking,1.93,0.815,0.569,0.848,12.7,220.0,recomputed
2026-10-02T05:30:00Z,2026-10-02T00:00:00Z,2026-10-02T12:00:00Z,12,spectrum,coronado_center,0.777,breaking,1.6,0.617,0.59,0.848,16.6,231.0,recomputed
2026-10-02T05:30:00Z,2026-10-02T00:00:00Z,2026-10-02T12:00:00Z,12,spectrum,coronado_south,0.54,breaking,1.24,0.407,0.605,0.848,11.9,238.0,recomputed
2026-10-02T05:30:00Z,2026-10-02T00:00:00Z,2026-10-02T15:00:00Z,15,spectrum,buoy,0.831,buoy,,,,0.831,12.7,212.0,recomputed
2026-10-02T05:30:00Z,2026-10-02T00:00:00Z,2026-10-02T15:00:00Z,15,spectrum,coronado_north,0.955,breaking,1.94,0.812,0.568,0.831,12.7,219.0,recomputed
2026-10-02T05:30:00Z,2026-10-02T00:00:00Z,2026-10-02T15:00:00Z,15,spectrum,coronado_center,0.769,breaking,1.58,0.61,0.588,0.831,16.6,231.0,recomputed
2026-10-02T05:30:00Z,2026-10-02T00:00:00Z,2026-10-02T15:00:00Z,15,spectrum,coronado_south,0.529,breaking,1.28,0.398,0.601,0.831,11.9,236.0,recomputed
2026-10-02T05:30:00Z,2026-10-02T00:00:00Z,2026-10-02T18:00:00Z,18,spectrum,buoy,0.829,buoy,,,,0.829,11.9,214.0,recomputed
2026-10-02T05:30:00Z,2026-10-02T00:00:00Z,2026-10-02T18:00:00Z,18,spectrum,coronado_north,0.974,breaking,1.86,0.813,0.569,0.829,12.7,219.0,recomputed
2026-10-02T05:30:00Z,2026-10-02T00:00:00Z,2026-10-02T18:00:00Z,18,spectrum,coronado_center,0.755,breaking,1.82,0.607,0.587,0.829,16.6,231.0,recomputed
2026-10-02T05:30:00Z,2026-10-02T00:00:00Z,2026-10-02T18:00:00Z,18,spectrum,coronado_south,0.515,breaking,1.3,0.39,0.598,0.829,11.9,235.0,recomputed
2026-10-02T05:30:00Z,2026-10-02T00:00:00Z,2026-10-02T21:00:00Z,21,spectrum,buoy,0.844,buoy,,,,0.844,11.9,215.0,recomputed
2026-10-02T05:30:00Z,2026-10-02T00:00:00Z,2026-10-02T21:00:00Z,21,spectrum,coronado_north,0.977,breaking,1.93,0.816,0.571,0.844,12.7,219.0,recomputed
2026-10-02T05:30:00Z,2026-10-02T00:00:00Z,2026-10-02T21:00:00Z,21,spectrum,coronado_center,0.753,breaking,1.66,0.606,0.588,0.844,16.6,230.0,recomputed
2026-10-02T05:30:00Z,2026-10-02T00:00:00Z,2026-10-02T21:00:00Z,21,spectrum,coronado_south,0.504,breaking,1.29,0.385,0.598,0.844,9.7,234.0,recomputed
2026-10-02T05:30:00Z,2026-10-02T00:00:00Z,2026-10-03T00:00:00Z,24,spectrum,buoy,0.845,buoy,,,,0.845,11.9,214.0,recomputed
2026-10-02T05:30:00Z,2026-10-02T00:00:00Z,2026-10-03T00:00:00Z,24,spectrum,coronado_north,0.97,breaking,1.89,0.815,0.57,0.845,15.6,220.0,recomputed
2026-10-02T05:30:00Z,2026-10-02T00:00:00Z,2026-10-03T00:00:00Z,24,spectrum,coronado_center,0.764,breaking,1.56,0.605,0.586,0.845,16.6,230.0,recomputed
2026-10-02T05:30:00Z,2026-10-02T00:00:00Z,2026-10-03T00:00:00Z,24,spectrum,coronado_south,0.502,breaking,1.35,0.381,0.596,0.845,9.7,233.0,recomputed
2026-10-02T05:30:00Z,2026-10-02T00:00:00Z,2026-10-03T03:00:00Z,27,spectrum,buoy,0.852,buoy,,,,0.852,15.6,214.0,recomputed
2026-10-02T05:30:00Z,2026-10-02T00:00:00Z,2026-10-03T03:00:00Z,27,spectrum,coronado_north,0.964,breaking,2.02,0.806,0.565,0.852,15.6,220.0,recomputed
2026-10-02T05:30:00Z,2026-10-02T00:00:00Z,2026-10-03T03:00:00Z,27,spectrum,coronado_center,0.76,breaking,1.67,0.6,0.583,0.852,16.6,230.0,recomputed
2026-10-02T05:30:00Z,2026-10-02T00:00:00Z,2026-10-03T03:00:00Z,27,spectrum,coronado_south,0.516,breaking,1.18,0.384,0.596,0.852,10.4,233.0,recomputed
2026-10-02T05:30:00Z,2026-10-02T00:00:00Z,2026-10-03T06:00:00Z,30,spectrum,buoy,0.849,buoy,,,,0.849,15.6,215.0,recomputed
2026-10-02T05:30:00Z,2026-10-02T00:00:00Z,2026-10-03T06:00:00Z,30,spectrum,coronado_north,0.957,breaking,1.99,0.796,0.559,0.849,15.6,220.0,recomputed
2026-10-02T05:30:00Z,2026-10-02T00:00:00Z,2026-10-03T06:00:00Z,30,spectrum,coronado_center,0.759,breaking,1.62,0.594,0.579,0.849,16.6,230.0,recomputed
2026-10-02T05:30:00Z,2026-10-02T00:00:00Z,2026-10-03T06:00:00Z,30,spectrum,coronado_south,0.517,breaking,1.12,0.384,0.593,0.849,10.4,232.0,recomputed
2026-10-02T05:30:00Z,2026-10-02T00:00:00Z,2026-10-03T09:00:00Z,33,spectrum,buoy,0.828,buoy,,,,0.828,15.6,215.0,recomputed
2026-10-02T05:30:00Z,2026-10-02T00:00:00Z,2026-10-03T09:00:00Z,33,spectrum,coronado_north,0.932,breaking,2.07,0.782,0.549,0.828,15.6,220.0,recomputed
2026-10-02T05:30:00Z,2026-10-02T00:00:00Z,2026-10-03T09:00:00Z,33,spectrum,coronado_center,0.743,breaking,1.48,0.585,0.569,0.828,15.6,230.0,recomputed
2026-10-02T05:30:00Z,2026-10-02T00:00:00Z,2026-10-03T09:00:00Z,33,spectrum,coronado_south,0.518,breaking,1.08,0.377,0.583,0.828,9.7,232.0,recomputed
2026-10-02T05:30:00Z,2026-10-02T00:00:00Z,2026-10-03T12:00:00Z,36,spectrum,buoy,0.781,buoy,,,,0.781,15.6,216.0,recomputed
2026-10-02T05:30:00Z,2026-10-02T00:00:00Z,2026-10-03T12:00:00Z,36,spectrum,coronado_north,0.927,breaking,1.85,0.767,0.538,0.781,15.6,220.0,recomputed
2026-10-02T05:30:00Z,2026-10-02T00:00:00Z,2026-10-03T12:00:00Z,36,spectrum,coronado_center,0.729,breaking,1.53,0.574,0.557,0.781,15.6,230.0,recomputed
2026-10-02T05:30:00Z,2026-10-02T00:00:00Z,2026-10-03T12:00:00Z,36,spectrum,coronado_south,0.499,breaking,1.29,0.367,0.569,0.781,9.7,232.0,recomputed
2026-10-02T05:30:00Z,2026-10-02T00:00:00Z,2026-10-03T15:00:00Z,39,spectrum,buoy,0.733,buoy,,,,0.733,15.6,217.0,recomputed
2026-10-02T05:30:00Z,2026-10-02T00:00:00Z,2026-10-03T15:00:00Z,39,spectrum,coronado_north,0.916,breaking,1.85,0.756,0.529,0.733,15.6,220.0,recomputed
2026-10-02T05:30:00Z,2026-10-02T00:00:00Z,2026-10-03T15:00:00Z,39,spectrum,coronado_center,0.721,breaking,1.52,0.566,0.547,0.733,15.6,230.0,recomputed
2026-10-02T05:30:00Z,2026-10-02T00:00:00Z,2026-10-03T15:00:00Z,39,spectrum,coronado_south,0.486,breaking,1.29,0.356,0.557,0.733,9.7,232.0,recomputed
2026-10-02T05:30:00Z,2026-10-02T00:00:00Z,2026-10-03T18:00:00Z,42,spectrum,buoy,0.705,buoy,,,,0.705,15.6,218.0,recomputed
2026-10-02T05:30:00Z,2026-10-02T00:00:00Z,2026-10-03T18:00:00Z,42,spectrum,coronado_north,0.91,breaking,1.81,0.751,0.523,0.705,15.6,220.0,recomputed
2026-10-02T05:30:00Z,2026-10-02T00:00:00Z,2026-10-03T18:00:00Z,42,spectrum,coronado_center,0.711,breaking,1.61,0.56,0.539,0.705,15.6,230.0,recomputed
2026-10-02T05:30:00Z,2026-10-02T00:00:00Z,2026-10-03T18:00:00Z,42,spectrum,coronado_south,0.475,breaking,1.13,0.346,0.547,0.705,9.0,232.0,recomputed
2026-10-02T05:30:00Z,2026-10-02T00:00:00Z,2026-10-03T21:00:00Z,45,spectrum,buoy,0.676,buoy,,,,0.676,15.6,218.0,recomputed
2026-10-02T05:30:00Z,2026-10-02T00:00:00Z,2026-10-03T21:00:00Z,45,spectrum,coronado_north,0.911,breaking,1.82,0.75,0.522,0.676,15.6,220.0,recomputed
2026-10-02T05:30:00Z,2026-10-02T00:00:00Z,2026-10-03T21:00:00Z,45,spectrum,coronado_center,0.704,breaking,1.57,0.56,0.538,0.676,15.6,230.0,recomputed
2026-10-02T05:30:00Z,2026-10-02T00:00:00Z,2026-10-03T21:00:00Z,45,spectrum,coronado_south,0.478,breaking,0.93,0.347,0.543,0.676,9.0,231.0,recomputed
2026-10-02T05:30:00Z,2026-10-02T00:00:00Z,2026-10-04T00:00:00Z,48,spectrum,buoy,0.758,buoy,,,,0.758,14.5,214.0,recomputed
2026-10-02T05:30:00Z,2026-10-02T00:00:00Z,2026-10-04T00:00:00Z,48,spectrum,coronado_north,0.908,breaking,1.8,0.75,0.522,0.758,14.5,219.0,recomputed
2026-10-02T05:30:00Z,2026-10-02T00:00:00Z,2026-10-04T00:00:00Z,48,spectrum,coronado_center,0.697,breaking,1.74,0.557,0.537,0.758,14.5,230.0,recomputed
2026-10-02T05:30:00Z,2026-10-02T00:00:00Z,2026-10-04T00:00:00Z,48,spectrum,coronado_south,0.462,breaking,1.09,0.333,0.541,0.758,9.0,236.0,recomputed
2026-10-02T05:30:00Z,2026-10-02T00:00:00Z,2026-10-04T03:00:00Z,51,spectrum,buoy,0.827,buoy,,,,0.827,14.5,215.0,recomputed
2026-10-02T05:30:00Z,2026-10-02T00:00:00Z,2026-10-04T03:00:00Z,51,spectrum,coronado_north,0.896,breaking,2.0,0.747,0.52,0.827,14.5,219.0,recomputed
2026-10-02T05:30:00Z,2026-10-02T00:00:00Z,2026-10-04T03:00:00Z,51,spectrum,coronado_center,0.709,breaking,1.41,0.555,0.534,0.827,14.5,230.0,recomputed
2026-10-02T05:30:00Z,2026-10-02T00:00:00Z,2026-10-04T03:00:00Z,51,spectrum,coronado_south,0.462,breaking,0.99,0.33,0.538,0.827,8.5,231.0,recomputed
2026-10-02T05:30:00Z,2026-10-02T00:00:00Z,2026-10-04T06:00:00Z,54,spectrum,buoy,0.883,buoy,,,,0.883,14.5,214.0,recomputed
2026-10-02T05:30:00Z,2026-10-02T00:00:00Z,2026-10-04T06:00:00Z,54,spectrum,coronado_north,0.896,breaking,1.86,0.737,0.513,0.883,14.5,219.0,recomputed
2026-10-02T05:30:00Z,2026-10-02T00:00:00Z,2026-10-04T06:00:00Z,54,spectrum,coronado_center,0.706,breaking,1.49,0.547,0.527,0.883,14.5,230.0,recomputed
2026-10-02T05:30:00Z,2026-10-02T00:00:00Z,2026-10-04T06:00:00Z,54,spectrum,coronado_south,0.465,breaking,0.95,0.326,0.53,0.883,8.5,231.0,recomputed
2026-10-02T05:30:00Z,2026-10-02T00:00:00Z,2026-10-04T09:00:00Z,57,spectrum,buoy,0.82,buoy,,,,0.82,14.5,213.0,recomputed
2026-10-02T05:30:00Z,2026-10-02T00:00:00Z,2026-10-04T09:00:00Z,57,spectrum,coronado_north,0.879,breaking,1.92,0.728,0.508,0.82,14.5,219.0,recomputed
2026-10-02T05:30:00Z,2026-10-02T00:00:00Z,2026-10-04T09:00:00Z,57,spectrum,coronado_center,0.688,breaking,1.32,0.537,0.521,0.82,14.5,230.0,recomputed
2026-10-02T05:30:00Z,2026-10-02T00:00:00Z,2026-10-04T09:00:00Z,57,spectrum,coronado_south,0.448,breaking,0.99,0.321,0.524,0.82,8.5,231.0,recomputed
2026-10-02T05:30:00Z,2026-10-02T00:00:00Z,2026-10-04T12:00:00Z,60,spectrum,buoy,0.733,buoy,,,,0.733,14.5,213.0,recomputed
2026-10-02T05:30:00Z,2026-10-02T00:00:00Z,2026-10-04T12:00:00Z,60,spectrum,coronado_north,0.887,breaking,1.79,0.727,0.507,0.733,15.6,218.0,recomputed
2026-10-02T05:30:00Z,2026-10-02T00:00:00Z,2026-10-04T12:00:00Z,60,spectrum,coronado_center,0.676,breaking,1.52,0.528,0.52,0.733,14.5,229.0,recomputed
2026-10-02T05:30:00Z,2026-10-02T00:00:00Z,2026-10-04T12:00:00Z,60,spectrum,coronado_south,0.442,breaking,1.06,0.318,0.522,0.733,14.5,227.0,recomputed
2026-10-02T05:30:00Z,2026-10-02T00:00:00Z,2026-10-04T15:00:00Z,63,spectrum,buoy,0.69,buoy,,,,0.69,15.6,209.0,recomputed
2026-10-02T05:30:00Z,2026-10-02T00:00:00Z,2026-10-04T15:00:00Z,63,spectrum,coronado_north,0.897,breaking,1.8,0.737,0.51,0.69,15.6,218.0,recomputed
2026-10-02T05:30:00Z,2026-10-02T00:00:00Z,2026-10-04T15:00:00Z,63,spectrum,coronado_center,0.678,breaking,1.56,0.53,0.523,0.69,14.5,229.0,recomputed
2026-10-02T05:30:00Z,2026-10-02T00:00:00Z,2026-10-04T15:00:00Z,63,spectrum,coronado_south,0.449,breaking,1.07,0.324,0.525,0.69,14.5,227.0,recomputed
2026-10-02T05:30:00Z,2026-10-02T00:00:00Z,2026-10-04T18:00:00Z,66,spectrum,buoy,0.674,buoy,,,,0.674,15.6,208.0,recomputed
2026-10-02T05:30:00Z,2026-10-02T00:00:00Z,2026-10-04T18:00:00Z,66,spectrum,coronado_north,0.901,breaking,1.78,0.741,0.515,0.674,15.6,218.0,recomputed
2026-10-02T05:30:00Z,2026-10-02T00:00:00Z,2026-10-04T18:00:00Z,66,spectrum,coronado_center,0.675,breaking,1.45,0.524,0.528,0.674,14.5,229.0,recomputed
2026-10-02T05:30:00Z,2026-10-02T00:00:00Z,2026-10-04T18:00:00Z,66,spectrum,coronado_south,0.441,breaking,1.2,0.318,0.529,0.674,10.4,232.0,recomputed
2026-10-02T05:30:00Z,2026-10-02T00:00:00Z,2026-10-04T21:00:00Z,69,spectrum,buoy,0.685,buoy,,,,0.685,15.6,207.0,recomputed
2026-10-02T05:30:00Z,2026-10-02T00:00:00Z,2026-10-04T21:00:00Z,69,spectrum,coronado_north,0.914,breaking,1.82,0.754,0.525,0.685,15.6,218.0,recomputed
2026-10-02T05:30:00Z,2026-10-02T00:00:00Z,2026-10-04T21:00:00Z,69,spectrum,coronado_center,0.686,breaking,1.67,0.543,0.539,0.685,13.6,229.0,recomputed
2026-10-02T05:30:00Z,2026-10-02T00:00:00Z,2026-10-04T21:00:00Z,69,spectrum,coronado_south,0.582,breaking,1.53,0.447,0.544,0.685,8.5,232.0,recomputed
2026-10-02T05:30:00Z,2026-10-02T00:00:00Z,2026-10-05T00:00:00Z,72,spectrum,buoy,0.675,buoy,,,,0.675,14.5,208.0,recomputed
2026-10-02T05:30:00Z,2026-10-02T00:00:00Z,2026-10-05T00:00:00Z,72,spectrum,coronado_north,0.903,breaking,1.84,0.742,0.524,0.675,15.6,217.0,recomputed
2026-10-02T05:30:00Z,2026-10-02T00:00:00Z,2026-10-05T00:00:00Z,72,spectrum,coronado_center,0.662,breaking,1.51,0.522,0.536,0.675,13.6,229.0,recomputed
2026-10-02T05:30:00Z,2026-10-02T00:00:00Z,2026-10-05T00:00:00Z,72,spectrum,coronado_south,0.461,breaking,0.91,0.328,0.539,0.675,8.5,232.0,recomputed
2026-10-02T05:30:00Z,2026-10-02T00:00:00Z,2026-10-05T03:00:00Z,75,spectrum,buoy,0.669,buoy,,,,0.669,14.5,208.0,recomputed
2026-10-02T05:30:00Z,2026-10-02T00:00:00Z,2026-10-05T03:00:00Z,75,spectrum,coronado_north,0.889,breaking,1.83,0.732,0.516,0.669,14.5,217.0,recomputed
2026-10-02T05:30:00Z,2026-10-02T00:00:00Z,2026-10-05T03:00:00Z,75,spectrum,coronado_center,0.653,breaking,1.44,0.507,0.527,0.669,13.6,229.0,recomputed
2026-10-02T05:30:00Z,2026-10-02T00:00:00Z,2026-10-05T03:00:00Z,75,spectrum,coronado_south,0.438,breaking,1.04,0.316,0.527,0.669,14.5,226.0,recomputed
2026-10-02T05:30:00Z,2026-10-02T00:00:00Z,2026-10-05T06:00:00Z,78,spectrum,buoy,0.665,buoy,,,,0.665,14.5,207.0,recomputed
2026-10-02T05:30:00Z,2026-10-02T00:00:00Z,2026-10-05T06:00:00Z,78,spectrum,coronado_north,0.88,breaking,1.84,0.721,0.509,0.665,14.5,217.0,recomputed
2026-10-02T05:30:00Z,2026-10-02T00:00:00Z,2026-10-05T06:00:00Z,78,spectrum,coronado_center,0.642,breaking,1.45,0.494,0.52,0.665,13.6,229.0,recomputed
2026-10-02T05:30:00Z,2026-10-02T00:00:00Z,2026-10-05T06:00:00Z,78,spectrum,coronado_south,0.441,breaking,0.94,0.307,0.519,0.665,14.5,226.0,recomputed
2026-10-02T05:30:00Z,2026-10-02T00:00:00Z,2026-10-05T09:00:00Z,81,spectrum,buoy,0.661,buoy,,,,0.661,14.5,207.0,recomputed
2026-10-02T05:30:00Z,2026-10-02T00:00:00Z,2026-10-05T09:00:00Z,81,spectrum,coronado_north,0.871,breaking,1.92,0.714,0.506,0.661,14.5,217.0,recomputed
2026-10-02T05:30:00Z,2026-10-02T00:00:00Z,2026-10-05T09:00:00Z,81,spectrum,coronado_center,0.633,breaking,1.22,0.486,0.516,0.661,14.5,228.0,recomputed
2026-10-02T05:30:00Z,2026-10-02T00:00:00Z,2026-10-05T09:00:00Z,81,spectrum,coronado_south,0.431,breaking,1.02,0.301,0.515,0.661,14.5,227.0,recomputed
2026-10-02T05:30:00Z,2026-10-02T00:00:00Z,2026-10-05T12:00:00Z,84,spectrum,buoy,0.664,buoy,,,,0.664,14.5,206.0,recomputed
2026-10-02T05:30:00Z,2026-10-02T00:00:00Z,2026-10-05T12:00:00Z,84,spectrum,coronado_north,0.867,breaking,1.77,0.709,0.505,0.664,14.5,217.0,recomputed
2026-10-02T05:30:00Z,2026-10-02T00:00:00Z,2026-10-05T12:00:00Z,84,spectrum,coronado_center,0.622,breaking,1.48,0.479,0.514,0.664,14.5,228.0,recomputed
2026-10-02T05:30:00Z,2026-10-02T00:00:00Z,2026-10-05T12:00:00Z,84,spectrum,coronado_south,0.418,breaking,0.98,0.296,0.512,0.664,14.5,226.0,recomputed
2026-10-02T05:30:00Z,2026-10-02T00:00:00Z,2026-10-05T15:00:00Z,87,spectrum,buoy,0.68,buoy,,,,0.68,14.5,205.0,recomputed
2026-10-02T05:30:00Z,2026-10-02T00:00:00Z,2026-10-05T15:00:00Z,87,spectrum,coronado_north,0.864,breaking,1.69,0.705,0.506,0.68,14.5,217.0,recomputed
2026-10-02T05:30:00Z,2026-10-02T00:00:00Z,2026-10-05T15:00:00Z,87,spectrum,coronado_center,0.615,breaking,1.37,0.475,0.514,0.68,14.5,228.0,recomputed
2026-10-02T05:30:00Z,2026-10-02T00:00:00Z,2026-10-05T15:00:00Z,87,spectrum,coronado_south,0.416,breaking,0.99,0.294,0.511,0.68,14.5,225.0,recomputed
2026-10-02T05:30:00Z,2026-10-02T00:00:00Z,2026-10-05T18:00:00Z,90,spectrum,buoy,0.669,buoy,,,,0.669,14.5,204.0,recomputed
2026-10-02T05:30:00Z,2026-10-02T00:00:00Z,2026-10-05T18:00:00Z,90,spectrum,coronado_north,0.854,breaking,1.65,0.696,0.506,0.669,14.5,217.0,recomputed
2026-10-02T05:30:00Z,2026-10-02T00:00:00Z,2026-10-05T18:00:00Z,90,spectrum,coronado_center,0.62,breaking,1.33,0.471,0.513,0.669,14.5,228.0,recomputed
2026-10-02T05:30:00Z,2026-10-02T00:00:00Z,2026-10-05T18:00:00Z,90,spectrum,coronado_south,0.416,breaking,1.09,0.294,0.51,0.669,14.5,225.0,recomputed
2026-10-02T05:30:00Z,2026-10-02T00:00:00Z,2026-10-05T21:00:00Z,93,spectrum,buoy,0.685,buoy,,,,0.685,13.6,199.0,recomputed
2026-10-02T05:30:00Z,2026-10-02T00:00:00Z,2026-10-05T21:00:00Z,93,spectrum,coronado_north,0.84,breaking,1.76,0.684,0.507,0.685,13.6,217.0,recomputed
2026-10-02T05:30:00Z,2026-10-02T00:00:00Z,2026-10-05T21:00:00Z,93,spectrum,coronado_center,0.623,breaking,1.38,0.476,0.513,0.685,14.5,227.0,recomputed
2026-10-02T05:30:00Z,2026-10-02T00:00:00Z,2026-10-05T21:00:00Z,93,spectrum,coronado_south,0.453,breaking,1.2,0.328,0.509,0.685,14.5,223.0,recomputed
2026-10-02T05:30:00Z,2026-10-02T00:00:00Z,2026-10-06T00:00:00Z,96,spectrum,buoy,0.741,buoy,,,,0.741,13.6,197.0,recomputed
2026-10-02T05:30:00Z,2026-10-02T00:00:00Z,2026-10-06T00:00:00Z,96,spectrum,coronado_north,0.831,breaking,1.76,0.676,0.517,0.741,13.6,217.0,recomputed
2026-10-02T05:30:00Z,2026-10-02T00:00:00Z,2026-10-06T00:00:00Z,96,spectrum,coronado_center,0.616,breaking,1.35,0.474,0.526,0.741,14.5,225.0,recomputed
2026-10-02T05:30:00Z,2026-10-02T00:00:00Z,2026-10-06T00:00:00Z,96,spectrum,coronado_south,0.458,breaking,0.9,0.325,0.527,0.741,14.5,221.0,recomputed
2026-10-02T05:30:00Z,2026-10-02T00:00:00Z,2026-10-06T03:00:00Z,99,spectrum,buoy,0.759,buoy,,,,0.759,13.6,194.0,recomputed
2026-10-02T05:30:00Z,2026-10-02T00:00:00Z,2026-10-06T03:00:00Z,99,spectrum,coronado_north,0.829,breaking,1.7,0.672,0.533,0.759,13.6,217.0,recomputed
2026-10-02T05:30:00Z,2026-10-02T00:00:00Z,2026-10-06T03:00:00Z,99,spectrum,coronado_center,0.624,breaking,1.39,0.483,0.542,0.759,14.5,223.0,recomputed
2026-10-02T05:30:00Z,2026-10-02T00:00:00Z,2026-10-06T03:00:00Z,99,spectrum,coronado_south,0.469,breaking,1.12,0.341,0.54,0.759,14.5,218.0,recomputed
2026-10-02T05:30:00Z,2026-10-02T00:00:00Z,2026-10-06T06:00:00Z,102,spectrum,buoy,0.776,buoy,,,,0.776,13.6,191.0,recomputed
2026-10-02T05:30:00Z,2026-10-02T00:00:00Z,2026-10-06T06:00:00Z,102,spectrum,coronado_north,0.819,breaking,1.81,0.669,0.553,0.776,13.6,216.0,recomputed
2026-10-02T05:30:00Z,2026-10-02T00:00:00Z,2026-10-06T06:00:00Z,102,spectrum,coronado_center,0.645,breaking,1.22,0.495,0.558,0.776,14.5,221.0,recomputed
2026-10-02T05:30:00Z,2026-10-02T00:00:00Z,2026-10-06T06:00:00Z,102,spectrum,coronado_south,0.496,breaking,1.11,0.36,0.55,0.776,12.7,215.0,recomputed
2026-10-02T05:30:00Z,2026-10-02T00:00:00Z,2026-10-06T09:00:00Z,105,spectrum,buoy,0.786,buoy,,,,0.786,12.7,183.0,recomputed
2026-10-02T05:30:00Z,2026-10-02T00:00:00Z,2026-10-06T09:00:00Z,105,spectrum,coronado_north,0.819,breaking,1.75,0.662,0.568,0.786,13.6,216.0,recomputed
2026-10-02T05:30:00Z,2026-10-02T00:00:00Z,2026-10-06T09:00:00Z,105,spectrum,coronado_center,0.646,breaking,1.46,0.496,0.57,0.786,13.6,218.0,recomputed
2026-10-02T05:30:00Z,2026-10-02T00:00:00Z,2026-10-06T09:00:00Z,105,spectrum,coronado_south,0.482,breaking,1.0,0.345,0.556,0.786,12.7,213.0,recomputed
2026-10-02T05:30:00Z,2026-10-02T00:00:00Z,2026-10-06T12:00:00Z,108,spectrum,buoy,0.79,buoy,,,,0.79,12.7,182.0,recomputed
2026-10-02T05:30:00Z,2026-10-02T00:00:00Z,2026-10-06T12:00:00Z,108,spectrum,coronado_north,0.81,breaking,1.67,0.654,0.582,0.79,13.6,216.0,recomputed
2026-10-02T05:30:00Z,2026-10-02T00:00:00Z,2026-10-06T12:00:00Z,108,spectrum,coronado_center,0.645,breaking,1.43,0.499,0.58,0.79,13.6,216.0,recomputed
2026-10-02T05:30:00Z,2026-10-02T00:00:00Z,2026-10-06T12:00:00Z,108,spectrum,coronado_south,0.47,breaking,1.25,0.347,0.561,0.79,11.9,211.0,recomputed
2026-10-02T05:30:00Z,2026-10-02T00:00:00Z,2026-10-06T15:00:00Z,111,spectrum,buoy,0.8,buoy,,,,0.8,11.9,175.0,recomputed
2026-10-02T05:30:00Z,2026-10-02T00:00:00Z,2026-10-06T15:00:00Z,111,spectrum,coronado_north,0.804,breaking,1.66,0.648,0.599,0.8,13.6,216.0,recomputed
2026-10-02T05:30:00Z,2026-10-02T00:00:00Z,2026-10-06T15:00:00Z,111,spectrum,coronado_center,0.638,breaking,1.44,0.5,0.595,0.8,13.6,215.0,recomputed
2026-10-02T05:30:00Z,2026-10-02T00:00:00Z,2026-10-06T15:00:00Z,111,spectrum,coronado_south,0.475,breaking,1.19,0.353,0.572,0.8,11.9,209.0,recomputed
2026-10-02T05:30:00Z,2026-10-02T00:00:00Z,2026-10-06T18:00:00Z,114,spectrum,buoy,0.829,buoy,,,,0.829,11.9,176.0,recomputed
2026-10-02T05:30:00Z,2026-10-02T00:00:00Z,2026-10-06T18:00:00Z,114,spectrum,coronado_north,0.803,breaking,1.65,0.646,0.625,0.829,13.6,215.0,recomputed
2026-10-02T05:30:00Z,2026-10-02T00:00:00Z,2026-10-06T18:00:00Z,114,spectrum,coronado_center,0.649,breaking,1.38,0.501,0.62,0.829,13.6,213.0,recomputed
2026-10-02T05:30:00Z,2026-10-02T00:00:00Z,2026-10-06T18:00:00Z,114,spectrum,coronado_south,0.49,breaking,1.16,0.361,0.594,0.829,11.9,207.0,recomputed
2026-10-02T05:30:00Z,2026-10-02T00:00:00Z,2026-10-06T21:00:00Z,117,spectrum,buoy,0.883,buoy,,,,0.883,12.7,183.0,recomputed
2026-10-02T05:30:00Z,2026-10-02T00:00:00Z,2026-10-06T21:00:00Z,117,spectrum,coronado_north,0.805,breaking,1.56,0.652,0.661,0.883,13.6,214.0,recomputed
2026-10-02T05:30:00Z,2026-10-02T00:00:00Z,2026-10-06T21:00:00Z,117,spectrum,coronado_center,0.65,breaking,1.38,0.507,0.655,0.883,11.9,211.0,recomputed
2026-10-02T05:30:00Z,2026-10-02T00:00:00Z,2026-10-06T21:00:00Z,117,spectrum,coronado_south,0.521,breaking,1.32,0.393,0.627,0.883,11.9,204.0,recomputed
2026-10-02T05:30:00Z,2026-10-02T00:00:00Z,2026-10-07T00:00:00Z,120,spectrum,buoy,0.954,buoy,,,,0.954,12.7,182.0,recomputed
2026-10-02T05:30:00Z,2026-10-02T00:00:00Z,2026-10-07T00:00:00Z,120,spectrum,coronado_north,0.827,breaking,1.7,0.67,0.709,0.954,13.6,213.0,recomputed
2026-10-02T05:30:00Z,2026-10-02T00:00:00Z,2026-10-07T00:00:00Z,120,spectrum,coronado_center,0.655,breaking,1.5,0.521,0.705,0.954,12.7,209.0,recomputed
2026-10-02T05:30:00Z,2026-10-02T00:00:00Z,2026-10-07T00:00:00Z,120,spectrum,coronado_south,0.537,breaking,1.36,0.412,0.681,0.954,11.9,200.0,recomputed
2026-10-02T05:30:00Z,2026-10-02T00:00:00Z,2026-10-07T03:00:00Z,123,spectrum,buoy,1.017,buoy,,,,1.017,12.7,181.0,recomputed
2026-10-02T05:30:00Z,2026-10-02T00:00:00Z,2026-10-07T03:00:00Z,123,spectrum,coronado_north,0.848,breaking,1.82,0.696,0.771,1.017,12.7,212.0,recomputed
2026-10-02T05:30:00Z,2026-10-02T00:00:00Z,2026-10-07T03:00:00Z,123,spectrum,coronado_center,0.677,breaking,1.57,0.543,0.769,1.017,11.9,207.0,recomputed
2026-10-02T05:30:00Z,2026-10-02T00:00:00Z,2026-10-07T03:00:00Z,123,spectrum,coronado_south,0.577,breaking,1.46,0.45,0.746,1.017,11.9,196.0,recomputed
2026-10-02T05:30:00Z,2026-10-02T00:00:00Z,2026-10-07T06:00:00Z,126,spectrum,buoy,1.083,buoy,,,,1.083,12.7,179.0,recomputed
2026-10-02T05:30:00Z,2026-10-02T00:00:00Z,2026-10-07T06:00:00Z,126,spectrum,coronado_north,0.86,breaking,1.97,0.716,0.834,1.083,12.7,209.0,recomputed
2026-10-02T05:30:00Z,2026-10-02T00:00:00Z,2026-10-07T06:00:00Z,126,spectrum,coronado_center,0.706,breaking,1.45,0.564,0.832,1.083,11.9,204.0,recomputed
2026-10-02T05:30:00Z,2026-10-02T00:00:00Z,2026-10-07T06:00:00Z,126,spectrum,coronado_south,0.622,breaking,1.44,0.481,0.808,1.083,11.9,193.0,recomputed
2026-10-02T05:30:00Z,2026-10-02T00:00:00Z,2026-10-07T09:00:00Z,129,spectrum,buoy,1.128,buoy,,,,1.128,12.7,177.0,recomputed
2026-10-02T05:30:00Z,2026-10-02T00:00:00Z,2026-10-07T09:00:00Z,129,spectrum,coronado_north,0.885,breaking,1.82,0.731,0.892,1.128,12.7,207.0,recomputed
2026-10-02T05:30:00Z,2026-10-02T00:00:00Z,2026-10-07T09:00:00Z,129,spectrum,coronado_center,0.734,breaking,1.49,0.581,0.89,1.128,11.9,201.0,recomputed
2026-10-02T05:30:00Z,2026-10-02T00:00:00Z,2026-10-07T09:00:00Z,129,spectrum,coronado_south,0.652,breaking,1.34,0.507,0.866,1.128,11.9,193.0,recomputed
2026-10-02T05:30:00Z,2026-10-02T00:00:00Z,2026-10-07T12:00:00Z,132,spectrum,buoy,1.157,buoy,,,,1.157,12.7,177.0,recomputed
2026-10-02T05:30:00Z,2026-10-02T00:00:00Z,2026-10-07T12:00:00Z,132,spectrum,coronado_north,0.894,breaking,1.78,0.747,0.935,1.157,12.7,206.0,recomputed
2026-10-02T05:30:00Z,2026-10-02T00:00:00Z,2026-10-07T12:00:00Z,132,spectrum,coronado_center,0.733,breaking,1.57,0.59,0.935,1.157,11.9,200.0,recomputed
2026-10-02T05:30:00Z,2026-10-02T00:00:00Z,2026-10-07T12:00:00Z,132,spectrum,coronado_south,0.67,breaking,1.67,0.533,0.911,1.157,11.9,191.0,recomputed
2026-10-02T05:30:00Z,2026-10-02T00:00:00Z,2026-10-07T15:00:00Z,135,spectrum,buoy,1.153,buoy,,,,1.153,11.9,178.0,recomputed
2026-10-02T05:30:00Z,2026-10-02T00:00:00Z,2026-10-07T15:00:00Z,135,spectrum,coronado_north,0.913,breaking,1.92,0.762,0.951,1.153,12.7,205.0,recomputed
2026-10-02T05:30:00Z,2026-10-02T00:00:00Z,2026-10-07T15:00:00Z,135,spectrum,coronado_center,0.724,breaking,1.71,0.596,0.953,1.153,11.1,197.0,recomputed
2026-10-02T05:30:00Z,2026-10-02T00:00:00Z,2026-10-07T15:00:00Z,135,spectrum,coronado_south,0.675,breaking,1.86,0.548,0.931,1.153,11.9,189.0,recomputed
2026-10-02T05:30:00Z,2026-10-02T00:00:00Z,2026-10-07T18:00:00Z,138,spectrum,buoy,1.145,buoy,,,,1.145,11.9,178.0,recomputed
2026-10-02T05:30:00Z,2026-10-02T00:00:00Z,2026-10-07T18:00:00Z,138,spectrum,coronado_north,0.923,breaking,1.84,0.777,0.959,1.145,12.7,205.0,recomputed
2026-10-02T05:30:00Z,2026-10-02T00:00:00Z,2026-10-07T18:00:00Z,138,spectrum,coronado_center,0.745,breaking,1.65,0.605,0.964,1.145,11.1,197.0,recomputed
2026-10-02T05:30:00Z,2026-10-02T00:00:00Z,2026-10-07T18:00:00Z,138,spectrum,coronado_south,0.695,breaking,1.75,0.559,0.946,1.145,11.9,189.0,recomputed
2026-10-02T05:30:00Z,2026-10-02T00:00:00Z,2026-10-07T21:00:00Z,141,spectrum,buoy,1.169,buoy,,,,1.169,11.9,179.0,recomputed
2026-10-02T05:30:00Z,2026-10-02T00:00:00Z,2026-10-07T21:00:00Z,141,spectrum,coronado_north,0.965,breaking,2.06,0.803,0.98,1.169,17.8,214.0,recomputed
2026-10-02T05:30:00Z,2026-10-02T00:00:00Z,2026-10-07T21:00:00Z,141,spectrum,coronado_center,0.772,breaking,1.77,0.628,0.99,1.169,11.1,197.0,recomputed
2026-10-02T05:30:00Z,2026-10-02T00:00:00Z,2026-10-07T21:00:00Z,141,spectrum,coronado_south,0.736,breaking,1.57,0.59,0.977,1.169,11.9,189.0,recomputed
2026-10-02T05:30:00Z,2026-10-02T00:00:00Z,2026-10-08T00:00:00Z,144,spectrum,buoy,1.224,buoy,,,,1.224,11.9,180.0,recomputed
2026-10-02T05:30:00Z,2026-10-02T00:00:00Z,2026-10-08T00:00:00Z,144,spectrum,coronado_north,0.998,breaking,1.9,0.837,1.018,1.224,17.8,214.0,recomputed
2026-10-02T05:30:00Z,2026-10-02T00:00:00Z,2026-10-08T00:00:00Z,144,spectrum,coronado_center,0.778,breaking,1.75,0.639,1.036,1.224,11.1,198.0,recomputed
2026-10-02T05:30:00Z,2026-10-02T00:00:00Z,2026-10-08T00:00:00Z,144,spectrum,coronado_south,0.743,breaking,1.89,0.607,1.028,1.224,11.9,189.0,recomputed
2026-10-02T05:30:00Z,2026-10-02T00:00:00Z,2026-10-08T03:00:00Z,147,spectrum,buoy,1.274,buoy,,,,1.274,11.9,181.0,recomputed
2026-10-02T05:30:00Z,2026-10-02T00:00:00Z,2026-10-08T03:00:00Z,147,spectrum,coronado_north,1.035,breaking,2.01,0.873,1.06,1.274,17.8,213.0,recomputed
2026-10-02T05:30:00Z,2026-10-02T00:00:00Z,2026-10-08T03:00:00Z,147,spectrum,coronado_center,0.78,breaking,1.87,0.653,1.084,1.274,11.1,197.0,recomputed
2026-10-02T05:30:00Z,2026-10-02T00:00:00Z,2026-10-08T03:00:00Z,147,spectrum,coronado_south,0.769,breaking,1.99,0.639,1.08,1.274,11.9,189.0,recomputed
2026-10-02T05:30:00Z,2026-10-02T00:00:00Z,2026-10-08T06:00:00Z,150,spectrum,buoy,1.306,buoy,,,,1.306,11.9,183.0,recomputed
2026-10-02T05:30:00Z,2026-10-02T00:00:00Z,2026-10-08T06:00:00Z,150,spectrum,coronado_north,1.055,breaking,2.31,0.908,1.086,1.306,16.6,214.0,recomputed
2026-10-02T05:30:00Z,2026-10-02T00:00:00Z,2026-10-08T06:00:00Z,150,spectrum,coronado_center,0.819,breaking,1.63,0.661,1.114,1.306,11.1,198.0,recomputed
2026-10-02T05:30:00Z,2026-10-02T00:00:00Z,2026-10-08T06:00:00Z,150,spectrum,coronado_south,0.8,breaking,1.78,0.658,1.112,1.306,11.9,190.0,recomputed
2026-10-02T05:30:00Z,2026-10-02T00:00:00Z,2026-10-08T09:00:00Z,153,spectrum,buoy,1.305,buoy,,,,1.305,11.9,184.0,recomputed
2026-10-02T05:30:00Z,2026-10-02T00:00:00Z,2026-10-08T09:00:00Z,153,spectrum,coronado_north,1.096,breaking,2.27,0.94,1.087,1.305,16.6,214.0,recomputed
2026-10-02T05:30:00Z,2026-10-02T00:00:00Z,2026-10-08T09:00:00Z,153,spectrum,coronado_center,0.837,breaking,1.53,0.666,1.117,1.305,11.1,200.0,recomputed
2026-10-02T05:30:00Z,2026-10-02T00:00:00Z,2026-10-08T09:00:00Z,153,spectrum,coronado_south,0.808,breaking,1.89,0.668,1.114,1.305,11.9,190.0,recomputed
2026-10-02T05:30:00Z,2026-10-02T00:00:00Z,2026-10-08T12:00:00Z,156,spectrum,buoy,1.282,buoy,,,,1.282,11.9,186.0,recomputed
2026-10-02T05:30:00Z,2026-10-02T00:00:00Z,2026-10-08T12:00:00Z,156,spectrum,coronado_north,1.117,breaking,2.43,0.968,1.072,1.282,16.6,214.0,recomputed
2026-10-02T05:30:00Z,2026-10-02T00:00:00Z,2026-10-08T12:00:00Z,156,spectrum,coronado_center,0.822,breaking,1.56,0.666,1.101,1.282,16.6,223.0,recomputed
2026-10-02T05:30:00Z,2026-10-02T00:00:00Z,2026-10-08T12:00:00Z,156,spectrum,coronado_south,0.796,breaking,1.77,0.653,1.095,1.282,11.9,192.0,recomputed
2026-10-02T05:30:00Z,2026-10-02T00:00:00Z,2026-10-08T15:00:00Z,159,spectrum,buoy,1.255,buoy,,,,1.255,11.1,186.0,recomputed
2026-10-02T05:30:00Z,2026-10-02T00:00:00Z,2026-10-08T15:00:00Z,159,spectrum,coronado_north,1.145,breaking,2.31,1.0,1.053,1.255,16.6,208.0,recomputed
2026-10-02T05:30:00Z,2026-10-02T00:00:00Z,2026-10-08T15:00:00Z,159,spectrum,coronado_center,0.808,breaking,1.78,0.666,1.08,1.255,16.6,222.0,recomputed
2026-10-02T05:30:00Z,2026-10-02T00:00:00Z,2026-10-08T15:00:00Z,159,spectrum,coronado_south,0.764,breaking,1.98,0.634,1.07,1.255,11.9,193.0,recomputed
2026-10-02T05:30:00Z,2026-10-02T00:00:00Z,2026-10-08T18:00:00Z,162,spectrum,buoy,1.245,buoy,,,,1.245,11.1,188.0,recomputed
2026-10-02T05:30:00Z,2026-10-02T00:00:00Z,2026-10-08T18:00:00Z,162,spectrum,coronado_north,1.182,breaking,2.61,1.047,1.045,1.245,16.6,209.0,recomputed
2026-10-02T05:30:00Z,2026-10-02T00:00:00Z,2026-10-08T18:00:00Z,162,spectrum,coronado_center,0.822,breaking,1.72,0.666,1.069,1.245,16.6,223.0,recomputed
2026-10-02T05:30:00Z,2026-10-02T00:00:00Z,2026-10-08T18:00:00Z,162,spectrum,coronado_south,0.758,breaking,1.94,0.628,1.054,1.245,10.4,195.0,recomputed
2026-10-02T05:30:00Z,2026-10-02T00:00:00Z,2026-10-08T21:00:00Z,165,spectrum,buoy,1.258,buoy,,,,1.258,11.1,191.0,recomputed
2026-10-02T05:30:00Z,2026-10-02T00:00:00Z,2026-10-08T21:00:00Z,165,spectrum,coronado_north,1.241,breaking,2.62,1.098,1.051,1.258,15.6,210.0,recomputed
2026-10-02T05:30:00Z,2026-10-02T00:00:00Z,2026-10-08T21:00:00Z,165,spectrum,coronado_center,0.832,breaking,1.63,0.664,1.072,1.258,16.6,223.0,recomputed
2026-10-02T05:30:00Z,2026-10-02T00:00:00Z,2026-10-08T21:00:00Z,165,spectrum,coronado_south,0.764,breaking,1.62,0.628,1.053,1.258,10.4,196.0,recomputed
2026-10-02T05:30:00Z,2026-10-02T00:00:00Z,2026-10-09T00:00:00Z,168,spectrum,buoy,1.269,buoy,,,,1.269,11.1,195.0,recomputed
2026-10-02T05:30:00Z,2026-10-02T00:00:00Z,2026-10-09T00:00:00Z,168,spectrum,coronado_north,1.276,breaking,2.6,1.142,1.061,1.269,15.6,211.0,recomputed
2026-10-02T05:30:00Z,2026-10-02T00:00:00Z,2026-10-09T00:00:00Z,168,spectrum,coronado_center,0.825,breaking,1.58,0.669,1.08,1.269,16.6,224.0,recomputed
2026-10-02T05:30:00Z,2026-10-02T00:00:00Z,2026-10-09T00:00:00Z,168,spectrum,coronado_south,0.766,breaking,1.74,0.629,1.058,1.269,10.4,198.0,recomputed
2026-10-03T05:30:00Z,2026-10-03T00:00:00Z,2026-10-03T00:00:00Z,0,spectrum,buoy,0.906,buoy,,,,0.906,3.5,305.0,recomputed
2026-10-03T05:30:00Z,2026-10-03T00:00:00Z,2026-10-03T00:00:00Z,0,spectrum,coronado_north,0.967,breaking,1.89,0.807,0.56,0.906,16.6,221.0,recomputed
2026-10-03T05:30:00Z,2026-10-03T00:00:00Z,2026-10-03T00:00:00Z,0,spectrum,coronado_center,0.786,breaking,1.62,0.628,0.582,0.906,16.6,231.0,recomputed
2026-10-03T05:30:00Z,2026-10-03T00:00:00Z,2026-10-03T00:00:00Z,0,spectrum,coronado_south,0.518,breaking,1.36,0.396,0.598,0.906,9.7,236.0,recomputed
2026-10-03T05:30:00Z,2026-10-03T00:00:00Z,2026-10-03T03:00:00Z,3,spectrum,buoy,0.879,buoy,,,,0.879,15.6,215.0,recomputed
2026-10-03T05:30:00Z,2026-10-03T00:00:00Z,2026-10-03T03:00:00Z,3,spectrum,coronado_north,0.965,breaking,2.03,0.807,0.564,0.879,15.6,221.0,recomputed
2026-10-03T05:30:00Z,2026-10-03T00:00:00Z,2026-10-03T03:00:00Z,3,spectrum,coronado_center,0.789,breaking,1.73,0.626,0.587,0.879,16.6,231.0,recomputed
2026-10-03T05:30:00Z,2026-10-03T00:00:00Z,2026-10-03T03:00:00Z,3,spectrum,coronado_south,0.568,breaking,1.19,0.416,0.606,0.879,10.4,234.0,recomputed
2026-10-03T05:30:00Z,2026-10-03T00:00:00Z,2026-10-03T06:00:00Z,6,spectrum,buoy,0.893,buoy,,,,0.893,15.6,215.0,recomputed
2026-10-03T05:30:00Z,2026-10-03T00:00:00Z,2026-10-03T06:00:00Z,6,spectrum,coronado_north,0.966,breaking,1.99,0.806,0.565,0.893,15.6,220.0,recomputed
2026-10-03T05:30:00Z,2026-10-03T00:00:00Z,2026-10-03T06:00:00Z,6,spectrum,coronado_center,0.79,breaking,1.62,0.622,0.589,0.893,16.6,231.0,recomputed
2026-10-03T05:30:00Z,2026-10-03T00:00:00Z,2026-10-03T06:00:00Z,6,spectrum,coronado_south,0.555,breaking,1.08,0.403,0.61,0.893,10.4,233.0,recomputed
2026-10-03T05:30:00Z,2026-10-03T00:00:00Z,2026-10-03T09:00:00Z,9,spectrum,buoy,0.87,buoy,,,,0.87,15.6,215.0,recomputed
2026-10-03T05:30:00Z,2026-10-03T00:00:00Z,2026-10-03T09:00:00Z,9,spectrum,coronado_north,0.948,breaking,2.1,0.799,0.56,0.87,15.6,220.0,recomputed
2026-10-03T05:30:00Z,2026-10-03T00:00:00Z,2026-10-03T09:00:00Z,9,spectrum,coronado_center,0.772,breaking,1.49,0.614,0.584,0.87,15.6,230.0,recomputed
2026-10-03T05:30:00Z,2026-10-03T00:00:00Z,2026-10-03T09:00:00Z,9,spectrum,coronado_south,0.537,breaking,1.11,0.399,0.604,0.87,9.7,232.0,recomputed
2026-10-03T05:30:00Z,2026-10-03T00:00:00Z,2026-10-03T12:00:00Z,12,spectrum,buoy,0.828,buoy,,,,0.828,15.6,216.0,recomputed
2026-10-03T05:30:00Z,2026-10-03T00:00:00Z,2026-10-03T12:00:00Z,12,spectrum,coronado_north,0.945,breaking,1.86,0.787,0.551,0.828,15.6,220.0,recomputed
2026-10-03T05:30:00Z,2026-10-03T00:00:00Z,2026-10-03T12:00:00Z,12,spectrum,coronado_center,0.759,breaking,1.59,0.604,0.572,0.828,15.6,230.0,recomputed
2026-10-03T05:30:00Z,2026-10-03T00:00:00Z,2026-10-03T12:00:00Z,12,spectrum,coronado_south,0.525,breaking,1.32,0.389,0.591,0.828,9.7,233.0,recomputed
2026-10-03T05:30:00Z,2026-10-03T00:00:00Z,2026-10-03T15:00:00Z,15,spectrum,buoy,0.804,buoy,,,,0.804,15.6,217.0,recomputed
2026-10-03T05:30:00Z,2026-10-03T00:00:00Z,2026-10-03T15:00:00Z,15,spectrum,coronado_north,0.933,breaking,1.86,0.774,0.539,0.804,15.6,220.0,recomputed
2026-10-03T05:30:00Z,2026-10-03T00:00:00Z,2026-10-03T15:00:00Z,15,spectrum,coronado_center,0.747,breaking,1.55,0.591,0.557,0.804,15.6,231.0,recomputed
2026-10-03T05:30:00Z,2026-10-03T00:00:00Z,2026-10-03T15:00:00Z,15,spectrum,coronado_south,0.504,breaking,1.3,0.372,0.572,0.804,9.7,233.0,recomputed
2026-10-03T05:30:00Z,2026-10-03T00:00:00Z,2026-10-03T18:00:00Z,18,spectrum,buoy,0.773,buoy,,,,0.773,15.6,217.0,recomputed
2026-10-03T05:30:00Z,2026-10-03T00:00:00Z,2026-10-03T18:00:00Z,18,spectrum,coronado_north,0.921,breaking,1.86,0.762,0.53,0.773,15.6,220.0,recomputed
2026-10-03T05:30:00Z,2026-10-03T00:00:00Z,2026-10-03T18:00:00Z,18,spectrum,coronado_center,0.732,breaking,1.61,0.579,0.546,0.773,15.6,231.0,recomputed
2026-10-03T05:30:00Z,2026-10-03T00:00:00Z,2026-10-03T18:00:00Z,18,spectrum,coronado_south,0.483,breaking,1.15,0.354,0.555,0.773,9.0,241.0,recomputed
2026-10-03T05:30:00Z,2026-10-03T00:00:00Z,2026-10-03T21:00:00Z,21,spectrum,buoy,0.725,buoy,,,,0.725,15.6,218.0,recomputed
2026-10-03T05:30:00Z,2026-10-03T00:00:00Z,2026-10-03T21:00:00Z,21,spectrum,coronado_north,0.92,breaking,1.82,0.76,0.528,0.725,15.6,220.0,recomputed
2026-10-03T05:30:00Z,2026-10-03T00:00:00Z,2026-10-03T21:00:00Z,21,spectrum,coronado_center,0.72,breaking,1.6,0.576,0.542,0.725,15.6,230.0,recomputed
2026-10-03T05:30:00Z,2026-10-03T00:00:00Z,2026-10-03T21:00:00Z,21,spectrum,coronado_south,0.476,breaking,0.92,0.344,0.549,0.725,9.0,239.0,recomputed
2026-10-03T05:30:00Z,2026-10-03T00:00:00Z,2026-10-04T00:00:00Z,24,spectrum,buoy,0.73,buoy,,,,0.73,14.5,216.0,recomputed
2026-10-03T05:30:00Z,2026-10-03T00:00:00Z,2026-10-04T00:00:00Z,24,spectrum,coronado_north,0.917,breaking,1.81,0.76,0.528,0.73,14.5,220.0,recomputed
2026-10-03T05:30:00Z,2026-10-03T00:00:00Z,2026-10-04T00:00:00Z,24,spectrum,coronado_center,0.718,breaking,1.79,0.576,0.542,0.73,14.5,230.0,recomputed
2026-10-03T05:30:00Z,2026-10-03T00:00:00Z,2026-10-04T00:00:00Z,24,spectrum,coronado_south,0.465,breaking,1.12,0.338,0.547,0.73,9.0,237.0,recomputed
2026-10-03T05:30:00Z,2026-10-03T00:00:00Z,2026-10-04T03:00:00Z,27,spectrum,buoy,0.834,buoy,,,,0.834,14.5,215.0,recomputed
2026-10-03T05:30:00Z,2026-10-03T00:00:00Z,2026-10-04T03:00:00Z,27,spectrum,coronado_north,0.903,breaking,2.03,0.754,0.525,0.834,14.5,219.0,recomputed
2026-10-03T05:30:00Z,2026-10-03T00:00:00Z,2026-10-04T03:00:00Z,27,spectrum,coronado_center,0.723,breaking,1.42,0.568,0.539,0.834,14.5,230.0,recomputed
2026-10-03T05:30:00Z,2026-10-03T00:00:00Z,2026-10-04T03:00:00Z,27,spectrum,coronado_south,0.461,breaking,0.98,0.329,0.542,0.834,8.5,239.0,recomputed
2026-10-03T05:30:00Z,2026-10-03T00:00:00Z,2026-10-04T06:00:00Z,30,spectrum,buoy,0.855,buoy,,,,0.855,14.5,215.0,recomputed
2026-10-03T05:30:00Z,2026-10-03T00:00:00Z,2026-10-04T06:00:00Z,30,spectrum,coronado_north,0.903,breaking,1.87,0.744,0.518,0.855,14.5,219.0,recomputed
2026-10-03T05:30:00Z,2026-10-03T00:00:00Z,2026-10-04T06:00:00Z,30,spectrum,coronado_center,0.716,breaking,1.5,0.556,0.531,0.855,14.5,230.0,recomputed
2026-10-03T05:30:00Z,2026-10-03T00:00:00Z,2026-10-04T06:00:00Z,30,spectrum,coronado_south,0.459,breaking,0.95,0.321,0.533,0.855,8.5,234.0,recomputed
2026-10-03T05:30:00Z,2026-10-03T00:00:00Z,2026-10-04T09:00:00Z,33,spectrum,buoy,0.792,buoy,,,,0.792,14.5,214.0,recomputed
2026-10-03T05:30:00Z,2026-10-03T00:00:00Z,2026-10-04T09:00:00Z,33,spectrum,coronado_north,0.884,breaking,1.95,0.733,0.511,0.792,14.5,219.0,recomputed
2026-10-03T05:30:00Z,2026-10-03T00:00:00Z,2026-10-04T09:00:00Z,33,spectrum,coronado_center,0.694,breaking,1.33,0.542,0.524,0.792,14.5,229.0,recomputed
2026-10-03T05:30:00Z,2026-10-03T00:00:00Z,2026-10-04T09:00:00Z,33,spectrum,coronado_south,0.44,breaking,0.93,0.312,0.525,0.792,8.5,234.0,recomputed
2026-10-03T05:30:00Z,2026-10-03T00:00:00Z,2026-10-04T12:00:00Z,36,spectrum,buoy,0.704,buoy,,,,0.704,14.5,214.0,recomputed
2026-10-03T05:30:00Z,2026-10-03T00:00:00Z,2026-10-04T12:00:00Z,36,spectrum,coronado_north,0.905,breaking,1.82,0.745,0.512,0.704,15.6,218.0,recomputed
2026-10-03T05:30:00Z,2026-10-03T00:00:00Z,2026-10-04T12:00:00Z,36,spectrum,coronado_center,0.695,breaking,1.53,0.545,0.523,0.704,14.5,229.0,recomputed
2026-10-03T05:30:00Z,2026-10-03T00:00:00Z,2026-10-04T12:00:00Z,36,spectrum,coronado_south,0.446,breaking,1.07,0.322,0.524,0.704,8.5,233.0,recomputed
2026-10-03T05:30:00Z,2026-10-03T00:00:00Z,2026-10-04T15:00:00Z,39,spectrum,buoy,0.672,buoy,,,,0.672,15.6,209.0,recomputed
2026-10-03T05:30:00Z,2026-10-03T00:00:00Z,2026-10-04T15:00:00Z,39,spectrum,coronado_north,0.9,breaking,1.81,0.74,0.515,0.672,15.6,218.0,recomputed
2026-10-03T05:30:00Z,2026-10-03T00:00:00Z,2026-10-04T15:00:00Z,39,spectrum,coronado_center,0.677,breaking,1.57,0.53,0.527,0.672,14.5,229.0,recomputed
2026-10-03T05:30:00Z,2026-10-03T00:00:00Z,2026-10-04T15:00:00Z,39,spectrum,coronado_south,0.432,breaking,1.03,0.308,0.527,0.672,10.4,234.0,recomputed
2026-10-03T05:30:00Z,2026-10-03T00:00:00Z,2026-10-04T18:00:00Z,42,spectrum,buoy,0.66,buoy,,,,0.66,15.6,208.0,recomputed
2026-10-03T05:30:00Z,2026-10-03T00:00:00Z,2026-10-04T18:00:00Z,42,spectrum,coronado_north,0.905,breaking,1.78,0.745,0.519,0.66,15.6,218.0,recomputed
2026-10-03T05:30:00Z,2026-10-03T00:00:00Z,2026-10-04T18:00:00Z,42,spectrum,coronado_center,0.677,breaking,1.46,0.528,0.53,0.66,13.6,229.0,recomputed
2026-10-03T05:30:00Z,2026-10-03T00:00:00Z,2026-10-04T18:00:00Z,42,spectrum,coronado_south,0.434,breaking,1.04,0.313,0.53,0.66,10.4,233.0,recomputed
2026-10-03T05:30:00Z,2026-10-03T00:00:00Z,2026-10-04T21:00:00Z,45,spectrum,buoy,0.685,buoy,,,,0.685,15.6,207.0,recomputed
2026-10-03T05:30:00Z,2026-10-03T00:00:00Z,2026-10-04T21:00:00Z,45,spectrum,coronado_north,0.915,breaking,1.8,0.755,0.525,0.685,15.6,218.0,recomputed
2026-10-03T05:30:00Z,2026-10-03T00:00:00Z,2026-10-04T21:00:00Z,45,spectrum,coronado_center,0.696,breaking,1.7,0.553,0.538,0.685,13.6,229.0,recomputed
2026-10-03T05:30:00Z,2026-10-03T00:00:00Z,2026-10-04T21:00:00Z,45,spectrum,coronado_south,0.498,breaking,1.19,0.369,0.542,0.685,10.4,233.0,recomputed
2026-10-03T05:30:00Z,2026-10-03T00:00:00Z,2026-10-05T00:00:00Z,48,spectrum,buoy,0.705,buoy,,,,0.705,14.5,208.0,recomputed
2026-10-03T05:30:00Z,2026-10-03T00:00:00Z,2026-10-05T00:00:00Z,48,spectrum,coronado_north,0.908,breaking,1.85,0.747,0.53,0.705,15.6,217.0,recomputed
2026-10-03T05:30:00Z,2026-10-03T00:00:00Z,2026-10-05T00:00:00Z,48,spectrum,coronado_center,0.667,breaking,1.52,0.527,0.543,0.705,13.6,229.0,recomputed
2026-10-03T05:30:00Z,2026-10-03T00:00:00Z,2026-10-05T00:00:00Z,48,spectrum,coronado_south,0.463,breaking,0.91,0.33,0.546,0.705,14.5,220.0,recomputed
2026-10-03T05:30:00Z,2026-10-03T00:00:00Z,2026-10-05T03:00:00Z,51,spectrum,buoy,0.705,buoy,,,,0.705,14.5,207.0,recomputed
2026-10-03T05:30:00Z,2026-10-03T00:00:00Z,2026-10-05T03:00:00Z,51,spectrum,coronado_north,0.896,breaking,1.83,0.739,0.526,0.705,14.5,217.0,recomputed
2026-10-03T05:30:00Z,2026-10-03T00:00:00Z,2026-10-05T03:00:00Z,51,spectrum,coronado_center,0.664,breaking,1.46,0.517,0.539,0.705,13.6,229.0,recomputed
2026-10-03T05:30:00Z,2026-10-03T00:00:00Z,2026-10-05T03:00:00Z,51,spectrum,coronado_south,0.448,breaking,1.07,0.325,0.541,0.705,14.5,225.0,recomputed
2026-10-03T05:30:00Z,2026-10-03T00:00:00Z,2026-10-05T06:00:00Z,54,spectrum,buoy,0.735,buoy,,,,0.735,14.5,206.0,recomputed
2026-10-03T05:30:00Z,2026-10-03T00:00:00Z,2026-10-05T06:00:00Z,54,spectrum,coronado_north,0.887,breaking,1.87,0.728,0.518,0.735,14.5,217.0,recomputed
2026-10-03T05:30:00Z,2026-10-03T00:00:00Z,2026-10-05T06:00:00Z,54,spectrum,coronado_center,0.654,breaking,1.47,0.505,0.529,0.735,13.6,228.0,recomputed
2026-10-03T05:30:00Z,2026-10-03T00:00:00Z,2026-10-05T06:00:00Z,54,spectrum,coronado_south,0.449,breaking,0.96,0.313,0.529,0.735,14.5,219.0,recomputed
2026-10-03T05:30:00Z,2026-10-03T00:00:00Z,2026-10-05T09:00:00Z,57,spectrum,buoy,0.773,buoy,,,,0.773,14.5,205.0,recomputed
2026-10-03T05:30:00Z,2026-10-03T00:00:00Z,2026-10-05T09:00:00Z,57,spectrum,coronado_north,0.876,breaking,1.93,0.72,0.513,0.773,14.5,217.0,recomputed
2026-10-03T05:30:00Z,2026-10-03T00:00:00Z,2026-10-05T09:00:00Z,57,spectrum,coronado_center,0.642,breaking,1.23,0.495,0.522,0.773,14.5,228.0,recomputed
2026-10-03T05:30:00Z,2026-10-03T00:00:00Z,2026-10-05T09:00:00Z,57,spectrum,coronado_south,0.434,breaking,1.03,0.304,0.521,0.773,14.5,225.0,recomputed
2026-10-03T05:30:00Z,2026-10-03T00:00:00Z,2026-10-05T12:00:00Z,60,spectrum,buoy,0.742,buoy,,,,0.742,14.5,205.0,recomputed
2026-10-03T05:30:00Z,2026-10-03T00:00:00Z,2026-10-05T12:00:00Z,60,spectrum,coronado_north,0.872,breaking,1.78,0.714,0.51,0.742,14.5,217.0,recomputed
2026-10-03T05:30:00Z,2026-10-03T00:00:00Z,2026-10-05T12:00:00Z,60,spectrum,coronado_center,0.633,breaking,1.51,0.489,0.519,0.742,14.5,228.0,recomputed
2026-10-03T05:30:00Z,2026-10-03T00:00:00Z,2026-10-05T12:00:00Z,60,spectrum,coronado_south,0.419,breaking,0.99,0.297,0.517,0.742,12.7,229.0,recomputed
2026-10-03T05:30:00Z,2026-10-03T00:00:00Z,2026-10-05T15:00:00Z,63,spectrum,buoy,0.701,buoy,,,,0.701,14.5,204.0,recomputed
2026-10-03T05:30:00Z,2026-10-03T00:00:00Z,2026-10-05T15:00:00Z,63,spectrum,coronado_north,0.867,breaking,1.69,0.708,0.51,0.701,14.5,217.0,recomputed
2026-10-03T05:30:00Z,2026-10-03T00:00:00Z,2026-10-05T15:00:00Z,63,spectrum,coronado_center,0.625,breaking,1.39,0.486,0.519,0.701,14.5,228.0,recomputed
2026-10-03T05:30:00Z,2026-10-03T00:00:00Z,2026-10-05T15:00:00Z,63,spectrum,coronado_south,0.419,breaking,1.0,0.296,0.517,0.701,12.7,229.0,recomputed
2026-10-03T05:30:00Z,2026-10-03T00:00:00Z,2026-10-05T18:00:00Z,66,spectrum,buoy,0.676,buoy,,,,0.676,14.5,203.0,recomputed
2026-10-03T05:30:00Z,2026-10-03T00:00:00Z,2026-10-05T18:00:00Z,66,spectrum,coronado_north,0.856,breaking,1.66,0.698,0.507,0.676,14.5,217.0,recomputed
2026-10-03T05:30:00Z,2026-10-03T00:00:00Z,2026-10-05T18:00:00Z,66,spectrum,coronado_center,0.63,breaking,1.34,0.481,0.515,0.676,14.5,228.0,recomputed
2026-10-03T05:30:00Z,2026-10-03T00:00:00Z,2026-10-05T18:00:00Z,66,spectrum,coronado_south,0.418,breaking,1.1,0.296,0.514,0.676,14.5,224.0,recomputed
2026-10-03T05:30:00Z,2026-10-03T00:00:00Z,2026-10-05T21:00:00Z,69,spectrum,buoy,0.663,buoy,,,,0.663,14.5,203.0,recomputed
2026-10-03T05:30:00Z,2026-10-03T00:00:00Z,2026-10-05T21:00:00Z,69,spectrum,coronado_north,0.919,breaking,1.8,0.768,0.507,0.663,13.6,217.0,recomputed
2026-10-03T05:30:00Z,2026-10-03T00:00:00Z,2026-10-05T21:00:00Z,69,spectrum,coronado_center,0.741,breaking,1.59,0.588,0.516,0.663,14.5,227.0,recomputed
2026-10-03T05:30:00Z,2026-10-03T00:00:00Z,2026-10-05T21:00:00Z,69,spectrum,coronado_south,0.598,breaking,1.32,0.457,0.515,0.663,14.5,223.0,recomputed
2026-10-03T05:30:00Z,2026-10-03T00:00:00Z,2026-10-06T00:00:00Z,72,spectrum,buoy,0.657,buoy,,,,0.657,13.6,202.0,recomputed
2026-10-03T05:30:00Z,2026-10-03T00:00:00Z,2026-10-06T00:00:00Z,72,spectrum,coronado_north,0.857,breaking,1.81,0.701,0.506,0.657,13.6,217.0,recomputed
2026-10-03T05:30:00Z,2026-10-03T00:00:00Z,2026-10-06T00:00:00Z,72,spectrum,coronado_center,0.641,breaking,1.42,0.499,0.513,0.657,14.5,227.0,recomputed
2026-10-03T05:30:00Z,2026-10-03T00:00:00Z,2026-10-06T00:00:00Z,72,spectrum,coronado_south,0.46,breaking,0.9,0.327,0.511,0.657,14.5,223.0,recomputed
2026-10-03T05:30:00Z,2026-10-03T00:00:00Z,2026-10-06T03:00:00Z,75,spectrum,buoy,0.695,buoy,,,,0.695,13.6,201.0,recomputed
2026-10-03T05:30:00Z,2026-10-03T00:00:00Z,2026-10-06T03:00:00Z,75,spectrum,coronado_north,0.963,breaking,2.0,0.814,0.524,0.695,13.6,217.0,recomputed
2026-10-03T05:30:00Z,2026-10-03T00:00:00Z,2026-10-06T03:00:00Z,75,spectrum,coronado_center,0.763,breaking,1.8,0.621,0.53,0.695,14.5,227.0,recomputed
2026-10-03T05:30:00Z,2026-10-03T00:00:00Z,2026-10-06T03:00:00Z,75,spectrum,coronado_south,0.598,breaking,1.62,0.474,0.523,0.695,14.5,223.0,recomputed
2026-10-03T05:30:00Z,2026-10-03T00:00:00Z,2026-10-06T06:00:00Z,78,spectrum,buoy,0.691,buoy,,,,0.691,13.6,199.0,recomputed
2026-10-03T05:30:00Z,2026-10-03T00:00:00Z,2026-10-06T06:00:00Z,78,spectrum,coronado_north,0.897,breaking,2.01,0.745,0.531,0.691,13.6,217.0,recomputed
2026-10-03T05:30:00Z,2026-10-03T00:00:00Z,2026-10-06T06:00:00Z,78,spectrum,coronado_center,0.711,breaking,1.62,0.566,0.535,0.691,13.6,226.0,recomputed
2026-10-03T05:30:00Z,2026-10-03T00:00:00Z,2026-10-06T06:00:00Z,78,spectrum,coronado_south,0.609,breaking,1.35,0.476,0.527,0.691,11.1,222.0,recomputed
2026-10-03T05:30:00Z,2026-10-03T00:00:00Z,2026-10-06T09:00:00Z,81,spectrum,buoy,0.673,buoy,,,,0.673,13.6,199.0,recomputed
2026-10-03T05:30:00Z,2026-10-03T00:00:00Z,2026-10-06T09:00:00Z,81,spectrum,coronado_north,0.835,breaking,1.76,0.678,0.522,0.673,13.6,217.0,recomputed
2026-10-03T05:30:00Z,2026-10-03T00:00:00Z,2026-10-06T09:00:00Z,81,spectrum,coronado_center,0.631,breaking,1.43,0.484,0.526,0.673,13.6,225.0,recomputed
2026-10-03T05:30:00Z,2026-10-03T00:00:00Z,2026-10-06T09:00:00Z,81,spectrum,coronado_south,0.447,breaking,0.92,0.316,0.516,0.673,12.7,221.0,recomputed
2026-10-03T05:30:00Z,2026-10-03T00:00:00Z,2026-10-06T12:00:00Z,84,spectrum,buoy,0.671,buoy,,,,0.671,12.7,193.0,recomputed
2026-10-03T05:30:00Z,2026-10-03T00:00:00Z,2026-10-06T12:00:00Z,84,spectrum,coronado_north,0.821,breaking,1.7,0.665,0.521,0.671,13.6,217.0,recomputed
2026-10-03T05:30:00Z,2026-10-03T00:00:00Z,2026-10-06T12:00:00Z,84,spectrum,coronado_center,0.621,breaking,1.43,0.478,0.524,0.671,13.6,224.0,recomputed
2026-10-03T05:30:00Z,2026-10-03T00:00:00Z,2026-10-06T12:00:00Z,84,spectrum,coronado_south,0.425,breaking,1.03,0.307,0.512,0.671,12.7,221.0,recomputed
2026-10-03T05:30:00Z,2026-10-03T00:00:00Z,2026-10-06T15:00:00Z,87,spectrum,buoy,0.678,buoy,,,,0.678,12.7,193.0,recomputed
2026-10-03T05:30:00Z,2026-10-03T00:00:00Z,2026-10-06T15:00:00Z,87,spectrum,coronado_north,0.811,breaking,1.69,0.655,0.524,0.678,13.6,217.0,recomputed
2026-10-03T05:30:00Z,2026-10-03T00:00:00Z,2026-10-06T15:00:00Z,87,spectrum,coronado_center,0.614,breaking,1.38,0.476,0.525,0.678,13.6,223.0,recomputed
2026-10-03T05:30:00Z,2026-10-03T00:00:00Z,2026-10-06T15:00:00Z,87,spectrum,coronado_south,0.429,breaking,0.86,0.307,0.512,0.678,12.7,221.0,recomputed
2026-10-03T05:30:00Z,2026-10-03T00:00:00Z,2026-10-06T18:00:00Z,90,spectrum,buoy,0.707,buoy,,,,0.707,12.7,193.0,recomputed
2026-10-03T05:30:00Z,2026-10-03T00:00:00Z,2026-10-06T18:00:00Z,90,spectrum,coronado_north,0.806,breaking,1.66,0.649,0.534,0.707,13.6,217.0,recomputed
2026-10-03T05:30:00Z,2026-10-03T00:00:00Z,2026-10-06T18:00:00Z,90,spectrum,coronado_center,0.624,breaking,1.34,0.478,0.534,0.707,13.6,222.0,recomputed
2026-10-03T05:30:00Z,2026-10-03T00:00:00Z,2026-10-06T18:00:00Z,90,spectrum,coronado_south,0.433,breaking,1.13,0.312,0.518,0.707,11.9,219.0,recomputed
2026-10-03T05:30:00Z,2026-10-03T00:00:00Z,2026-10-06T21:00:00Z,93,spectrum,buoy,0.772,buoy,,,,0.772,12.7,192.0,recomputed
2026-10-03T05:30:00Z,2026-10-03T00:00:00Z,2026-10-06T21:00:00Z,93,spectrum,coronado_north,0.804,breaking,1.57,0.652,0.551,0.772,13.6,217.0,recomputed
2026-10-03T05:30:00Z,2026-10-03T00:00:00Z,2026-10-06T21:00:00Z,93,spectrum,coronado_center,0.634,breaking,1.33,0.485,0.55,0.772,13.6,221.0,recomputed
2026-10-03T05:30:00Z,2026-10-03T00:00:00Z,2026-10-06T21:00:00Z,93,spectrum,coronado_south,0.474,breaking,1.04,0.348,0.533,0.772,11.9,217.0,recomputed
2026-10-03T05:30:00Z,2026-10-03T00:00:00Z,2026-10-07T00:00:00Z,96,spectrum,buoy,0.818,buoy,,,,0.818,11.9,184.0,recomputed
2026-10-03T05:30:00Z,2026-10-03T00:00:00Z,2026-10-07T00:00:00Z,96,spectrum,coronado_north,0.822,breaking,1.7,0.665,0.577,0.818,13.6,216.0,recomputed
2026-10-03T05:30:00Z,2026-10-03T00:00:00Z,2026-10-07T00:00:00Z,96,spectrum,coronado_center,0.632,breaking,1.47,0.499,0.577,0.818,11.9,219.0,recomputed
2026-10-03T05:30:00Z,2026-10-03T00:00:00Z,2026-10-07T00:00:00Z,96,spectrum,coronado_south,0.469,breaking,1.16,0.346,0.562,0.818,11.9,214.0,recomputed
2026-10-03T05:30:00Z,2026-10-03T00:00:00Z,2026-10-07T03:00:00Z,99,spectrum,buoy,0.838,buoy,,,,0.838,11.9,186.0,recomputed
2026-10-03T05:30:00Z,2026-10-03T00:00:00Z,2026-10-07T03:00:00Z,99,spectrum,coronado_north,0.836,breaking,1.77,0.681,0.612,0.838,13.6,215.0,recomputed
2026-10-03T05:30:00Z,2026-10-03T00:00:00Z,2026-10-07T03:00:00Z,99,spectrum,coronado_center,0.655,breaking,1.48,0.516,0.612,0.838,13.6,218.0,recomputed
2026-10-03T05:30:00Z,2026-10-03T00:00:00Z,2026-10-07T03:00:00Z,99,spectrum,coronado_south,0.49,breaking,1.02,0.366,0.595,0.838,11.9,211.0,recomputed
2026-10-03T05:30:00Z,2026-10-03T00:00:00Z,2026-10-07T06:00:00Z,102,spectrum,buoy,0.867,buoy,,,,0.867,11.9,186.0,recomputed
2026-10-03T05:30:00Z,2026-10-03T00:00:00Z,2026-10-07T06:00:00Z,102,spectrum,coronado_north,0.846,breaking,1.91,0.699,0.654,0.867,13.6,215.0,recomputed
2026-10-03T05:30:00Z,2026-10-03T00:00:00Z,2026-10-07T06:00:00Z,102,spectrum,coronado_center,0.68,breaking,1.39,0.536,0.653,0.867,11.9,215.0,recomputed
2026-10-03T05:30:00Z,2026-10-03T00:00:00Z,2026-10-07T06:00:00Z,102,spectrum,coronado_south,0.509,breaking,1.28,0.381,0.633,0.867,11.9,206.0,recomputed
2026-10-03T05:30:00Z,2026-10-03T00:00:00Z,2026-10-07T09:00:00Z,105,spectrum,buoy,0.903,buoy,,,,0.903,11.9,182.0,recomputed
2026-10-03T05:30:00Z,2026-10-03T00:00:00Z,2026-10-07T09:00:00Z,105,spectrum,coronado_north,0.867,breaking,1.78,0.713,0.699,0.903,12.7,214.0,recomputed
2026-10-03T05:30:00Z,2026-10-03T00:00:00Z,2026-10-07T09:00:00Z,105,spectrum,coronado_center,0.72,breaking,1.41,0.55,0.696,0.903,11.9,213.0,recomputed
2026-10-03T05:30:00Z,2026-10-03T00:00:00Z,2026-10-07T09:00:00Z,105,spectrum,coronado_south,0.542,breaking,1.16,0.401,0.673,0.903,11.9,201.0,recomputed
2026-10-03T05:30:00Z,2026-10-03T00:00:00Z,2026-10-07T12:00:00Z,108,spectrum,buoy,0.933,buoy,,,,0.933,11.9,180.0,recomputed
2026-10-03T05:30:00Z,2026-10-03T00:00:00Z,2026-10-07T12:00:00Z,108,spectrum,coronado_north,0.895,breaking,1.69,0.725,0.739,0.933,12.7,213.0,recomputed
2026-10-03T05:30:00Z,2026-10-03T00:00:00Z,2026-10-07T12:00:00Z,108,spectrum,coronado_center,0.725,breaking,1.42,0.563,0.736,0.933,11.9,209.0,recomputed
2026-10-03T05:30:00Z,2026-10-03T00:00:00Z,2026-10-07T12:00:00Z,108,spectrum,coronado_south,0.551,breaking,1.26,0.42,0.712,0.933,11.9,197.0,recomputed
2026-10-03T05:30:00Z,2026-10-03T00:00:00Z,2026-10-07T15:00:00Z,111,spectrum,buoy,0.945,buoy,,,,0.945,11.9,179.0,recomputed
2026-10-03T05:30:00Z,2026-10-03T00:00:00Z,2026-10-07T15:00:00Z,111,spectrum,coronado_north,0.908,breaking,1.78,0.738,0.768,0.945,12.7,211.0,recomputed
2026-10-03T05:30:00Z,2026-10-03T00:00:00Z,2026-10-07T15:00:00Z,111,spectrum,coronado_center,0.727,breaking,1.53,0.577,0.765,0.945,11.1,207.0,recomputed
2026-10-03T05:30:00Z,2026-10-03T00:00:00Z,2026-10-07T15:00:00Z,111,spectrum,coronado_south,0.56,breaking,1.42,0.435,0.741,0.945,11.9,195.0,recomputed
2026-10-03T05:30:00Z,2026-10-03T00:00:00Z,2026-10-07T18:00:00Z,114,spectrum,buoy,0.953,buoy,,,,0.953,11.9,180.0,recomputed
2026-10-03T05:30:00Z,2026-10-03T00:00:00Z,2026-10-07T18:00:00Z,114,spectrum,coronado_north,0.92,breaking,1.77,0.754,0.79,0.953,12.7,211.0,recomputed
2026-10-03T05:30:00Z,2026-10-03T00:00:00Z,2026-10-07T18:00:00Z,114,spectrum,coronado_center,0.754,breaking,1.52,0.595,0.789,0.953,11.1,206.0,recomputed
2026-10-03T05:30:00Z,2026-10-03T00:00:00Z,2026-10-07T18:00:00Z,114,spectrum,coronado_south,0.582,breaking,1.34,0.451,0.767,0.953,11.9,194.0,recomputed
2026-10-03T05:30:00Z,2026-10-03T00:00:00Z,2026-10-07T21:00:00Z,117,spectrum,buoy,0.992,buoy,,,,0.992,11.1,179.0,recomputed
2026-10-03T05:30:00Z,2026-10-03T00:00:00Z,2026-10-07T21:00:00Z,117,spectrum,coronado_north,0.936,breaking,2.06,0.775,0.824,0.992,17.8,217.0,recomputed
2026-10-03T05:30:00Z,2026-10-03T00:00:00Z,2026-10-07T21:00:00Z,117,spectrum,coronado_center,0.78,breaking,1.69,0.621,0.826,0.992,11.1,205.0,recomputed
2026-10-03T05:30:00Z,2026-10-03T00:00:00Z,2026-10-07T21:00:00Z,117,spectrum,coronado_south,0.626,breaking,1.37,0.484,0.807,0.992,11.9,193.0,recomputed
2026-10-03T05:30:00Z,2026-10-03T00:00:00Z,2026-10-08T00:00:00Z,120,spectrum,buoy,1.064,buoy,,,,1.064,11.1,180.0,recomputed
2026-10-03T05:30:00Z,2026-10-03T00:00:00Z,2026-10-08T00:00:00Z,120,spectrum,coronado_north,0.97,breaking,1.91,0.807,0.88,1.064,17.8,216.0,recomputed
2026-10-03T05:30:00Z,2026-10-03T00:00:00Z,2026-10-08T00:00:00Z,120,spectrum,coronado_center,0.8,breaking,1.62,0.641,0.886,1.064,11.1,204.0,recomputed
2026-10-03T05:30:00Z,2026-10-03T00:00:00Z,2026-10-08T00:00:00Z,120,spectrum,coronado_south,0.638,breaking,1.48,0.505,0.872,1.064,11.9,192.0,recomputed
2026-10-03T05:30:00Z,2026-10-03T00:00:00Z,2026-10-08T03:00:00Z,123,spectrum,buoy,1.136,buoy,,,,1.136,11.1,180.0,recomputed
2026-10-03T05:30:00Z,2026-10-03T00:00:00Z,2026-10-08T03:00:00Z,123,spectrum,coronado_north,1.001,breaking,1.97,0.838,0.945,1.136,17.8,215.0,recomputed
2026-10-03T05:30:00Z,2026-10-03T00:00:00Z,2026-10-08T03:00:00Z,123,spectrum,coronado_center,0.81,breaking,1.78,0.664,0.955,1.136,11.1,202.0,recomputed
2026-10-03T05:30:00Z,2026-10-03T00:00:00Z,2026-10-08T03:00:00Z,123,spectrum,coronado_south,0.674,breaking,1.73,0.549,0.944,1.136,11.9,190.0,recomputed
2026-10-03T05:30:00Z,2026-10-03T00:00:00Z,2026-10-08T06:00:00Z,126,spectrum,buoy,1.196,buoy,,,,1.196,11.9,180.0,recomputed
2026-10-03T05:30:00Z,2026-10-03T00:00:00Z,2026-10-08T06:00:00Z,126,spectrum,coronado_north,1.017,breaking,2.25,0.87,1.001,1.196,16.6,215.0,recomputed
2026-10-03T05:30:00Z,2026-10-03T00:00:00Z,2026-10-08T06:00:00Z,126,spectrum,coronado_center,0.842,breaking,1.66,0.685,1.015,1.196,11.1,200.0,recomputed
2026-10-03T05:30:00Z,2026-10-03T00:00:00Z,2026-10-08T06:00:00Z,126,spectrum,coronado_south,0.726,breaking,1.73,0.585,1.007,1.196,11.9,189.0,recomputed
2026-10-03T05:30:00Z,2026-10-03T00:00:00Z,2026-10-08T09:00:00Z,129,spectrum,buoy,1.24,buoy,,,,1.24,11.9,180.0,recomputed
2026-10-03T05:30:00Z,2026-10-03T00:00:00Z,2026-10-08T09:00:00Z,129,spectrum,coronado_north,1.067,breaking,2.03,0.909,1.042,1.24,16.6,216.0,recomputed
2026-10-03T05:30:00Z,2026-10-03T00:00:00Z,2026-10-08T09:00:00Z,129,spectrum,coronado_center,0.874,breaking,1.54,0.703,1.06,1.24,11.1,200.0,recomputed
2026-10-03T05:30:00Z,2026-10-03T00:00:00Z,2026-10-08T09:00:00Z,129,spectrum,coronado_south,0.758,breaking,1.57,0.62,1.053,1.24,11.9,189.0,recomputed
2026-10-03T05:30:00Z,2026-10-03T00:00:00Z,2026-10-08T12:00:00Z,132,spectrum,buoy,1.267,buoy,,,,1.267,11.9,181.0,recomputed
2026-10-03T05:30:00Z,2026-10-03T00:00:00Z,2026-10-08T12:00:00Z,132,spectrum,coronado_north,1.089,breaking,2.44,0.94,1.064,1.267,16.6,216.0,recomputed
2026-10-03T05:30:00Z,2026-10-03T00:00:00Z,2026-10-08T12:00:00Z,132,spectrum,coronado_center,0.865,breaking,1.66,0.712,1.085,1.267,16.6,224.0,recomputed
2026-10-03T05:30:00Z,2026-10-03T00:00:00Z,2026-10-08T12:00:00Z,132,spectrum,coronado_south,0.79,breaking,1.76,0.647,1.079,1.267,11.9,189.0,recomputed
2026-10-03T05:30:00Z,2026-10-03T00:00:00Z,2026-10-08T15:00:00Z,135,spectrum,buoy,1.265,buoy,,,,1.265,11.9,183.0,recomputed
2026-10-03T05:30:00Z,2026-10-03T00:00:00Z,2026-10-08T15:00:00Z,135,spectrum,coronado_north,1.105,breaking,2.16,0.955,1.06,1.265,16.6,216.0,recomputed
2026-10-03T05:30:00Z,2026-10-03T00:00:00Z,2026-10-08T15:00:00Z,135,spectrum,coronado_center,0.849,breaking,2.09,0.705,1.083,1.265,16.6,223.0,recomputed
2026-10-03T05:30:00Z,2026-10-03T00:00:00Z,2026-10-08T15:00:00Z,135,spectrum,coronado_south,0.77,breaking,1.99,0.64,1.079,1.265,11.9,190.0,recomputed
2026-10-03T05:30:00Z,2026-10-03T00:00:00Z,2026-10-08T18:00:00Z,138,spectrum,buoy,1.242,buoy,,,,1.242,11.1,182.0,recomputed
2026-10-03T05:30:00Z,2026-10-03T00:00:00Z,2026-10-08T18:00:00Z,138,spectrum,coronado_north,1.107,breaking,2.11,0.965,1.042,1.242,16.6,215.0,recomputed
2026-10-03T05:30:00Z,2026-10-03T00:00:00Z,2026-10-08T18:00:00Z,138,spectrum,coronado_center,0.853,breaking,1.78,0.697,1.067,1.242,16.6,224.0,recomputed
2026-10-03T05:30:00Z,2026-10-03T00:00:00Z,2026-10-08T18:00:00Z,138,spectrum,coronado_south,0.764,breaking,1.95,0.629,1.062,1.242,11.9,190.0,recomputed
2026-10-03T05:30:00Z,2026-10-03T00:00:00Z,2026-10-08T21:00:00Z,141,spectrum,buoy,1.248,buoy,,,,1.248,11.1,184.0,recomputed
2026-10-03T05:30:00Z,2026-10-03T00:00:00Z,2026-10-08T21:00:00Z,141,spectrum,coronado_north,1.135,breaking,2.23,0.986,1.031,1.248,15.6,210.0,recomputed
2026-10-03T05:30:00Z,2026-10-03T00:00:00Z,2026-10-08T21:00:00Z,141,spectrum,coronado_center,0.862,breaking,1.64,0.694,1.057,1.248,16.6,224.0,recomputed
2026-10-03T05:30:00Z,2026-10-03T00:00:00Z,2026-10-08T21:00:00Z,141,spectrum,coronado_south,0.774,breaking,1.6,0.632,1.051,1.248,11.9,191.0,recomputed
2026-10-03T05:30:00Z,2026-10-03T00:00:00Z,2026-10-09T00:00:00Z,144,spectrum,buoy,1.274,buoy,,,,1.274,11.1,186.0,recomputed
2026-10-03T05:30:00Z,2026-10-03T00:00:00Z,2026-10-09T00:00:00Z,144,spectrum,coronado_north,1.167,breaking,2.49,1.024,1.039,1.274,15.6,210.0,recomputed
2026-10-03T05:30:00Z,2026-10-03T00:00:00Z,2026-10-09T00:00:00Z,144,spectrum,coronado_center,0.856,breaking,1.65,0.702,1.067,1.274,16.6,225.0,recomputed
2026-10-03T05:30:00Z,2026-10-03T00:00:00Z,2026-10-09T00:00:00Z,144,spectrum,coronado_south,0.784,breaking,1.73,0.64,1.061,1.274,11.9,192.0,recomputed
2026-10-03T05:30:00Z,2026-10-03T00:00:00Z,2026-10-09T03:00:00Z,147,spectrum,buoy,1.28,buoy,,,,1.28,11.1,188.0,recomputed
2026-10-03T05:30:00Z,2026-10-03T00:00:00Z,2026-10-09T03:00:00Z,147,spectrum,coronado_north,1.2,breaking,2.48,1.064,1.05,1.28,15.6,211.0,recomputed
2026-10-03T05:30:00Z,2026-10-03T00:00:00Z,2026-10-09T03:00:00Z,147,spectrum,coronado_center,0.853,breaking,2.05,0.707,1.079,1.28,16.6,225.0,recomputed
2026-10-03T05:30:00Z,2026-10-03T00:00:00Z,2026-10-09T03:00:00Z,147,spectrum,coronado_south,0.772,breaking,1.94,0.645,1.072,1.28,10.4,193.0,recomputed
2026-10-03T05:30:00Z,2026-10-03T00:00:00Z,2026-10-09T06:00:00Z,150,spectrum,buoy,1.272,buoy,,,,1.272,11.1,190.0,recomputed
2026-10-03T05:30:00Z,2026-10-03T00:00:00Z,2026-10-09T06:00:00Z,150,spectrum,coronado_north,1.229,breaking,2.83,1.098,1.05,1.272,15.6,211.0,recomputed
2026-10-03T05:30:00Z,2026-10-03T00:00:00Z,2026-10-09T06:00:00Z,150,spectrum,coronado_center,0.865,breaking,1.83,0.711,1.076,1.272,15.6,226.0,recomputed
2026-10-03T05:30:00Z,2026-10-03T00:00:00Z,2026-10-09T06:00:00Z,150,spectrum,coronado_south,0.775,breaking,1.94,0.643,1.066,1.272,10.4,194.0,recomputed
2026-10-03T05:30:00Z,2026-10-03T00:00:00Z,2026-10-09T09:00:00Z,153,spectrum,buoy,1.254,buoy,,,,1.254,11.1,192.0,recomputed
2026-10-03T05:30:00Z,2026-10-03T00:00:00Z,2026-10-09T09:00:00Z,153,spectrum,coronado_north,1.268,breaking,2.56,1.125,1.039,1.254,15.6,212.0,recomputed
2026-10-03T05:30:00Z,2026-10-03T00:00:00Z,2026-10-09T09:00:00Z,153,spectrum,coronado_center,0.874,breaking,1.67,0.707,1.061,1.254,15.6,226.0,recomputed
2026-10-03T05:30:00Z,2026-10-03T00:00:00Z,2026-10-09T09:00:00Z,153,spectrum,coronado_south,0.766,breaking,1.63,0.631,1.048,1.254,10.4,195.0,recomputed
2026-10-03T05:30:00Z,2026-10-03T00:00:00Z,2026-10-09T12:00:00Z,156,spectrum,buoy,1.248,buoy,,,,1.248,10.4,192.0,recomputed
2026-10-03T05:30:00Z,2026-10-03T00:00:00Z,2026-10-09T12:00:00Z,156,spectrum,coronado_north,1.286,breaking,2.6,1.154,1.031,1.248,15.6,212.0,recomputed
2026-10-03T05:30:00Z,2026-10-03T00:00:00Z,2026-10-09T12:00:00Z,156,spectrum,coronado_center,0.853,breaking,1.93,0.701,1.05,1.248,15.6,226.0,recomputed
2026-10-03T05:30:00Z,2026-10-03T00:00:00Z,2026-10-09T12:00:00Z,156,spectrum,coronado_south,0.758,breaking,1.72,0.62,1.034,1.248,10.4,197.0,recomputed
2026-10-03T05:30:00Z,2026-10-03T00:00:00Z,2026-10-09T15:00:00Z,159,spectrum,buoy,1.238,buoy,,,,1.238,10.4,195.0,recomputed
2026-10-03T05:30:00Z,2026-10-03T00:00:00Z,2026-10-09T15:00:00Z,159,spectrum,coronado_north,1.312,breaking,2.62,1.196,1.036,1.238,15.6,213.0,recomputed
2026-10-03T05:30:00Z,2026-10-03T00:00:00Z,2026-10-09T15:00:00Z,159,spectrum,coronado_center,0.849,breaking,2.12,0.708,1.051,1.238,15.6,220.0,recomputed
2026-10-03T05:30:00Z,2026-10-03T00:00:00Z,2026-10-09T15:00:00Z,159,spectrum,coronado_south,0.739,breaking,2.01,0.615,1.032,1.238,10.4,200.0,recomputed
2026-10-03T05:30:00Z,2026-10-03T00:00:00Z,2026-10-09T18:00:00Z,162,spectrum,buoy,1.231,buoy,,,,1.231,9.7,194.0,recomputed
2026-10-03T05:30:00Z,2026-10-03T00:00:00Z,2026-10-09T18:00:00Z,162,spectrum,coronado_north,1.361,breaking,3.06,1.244,1.045,1.231,15.6,213.0,recomputed
2026-10-03T05:30:00Z,2026-10-03T00:00:00Z,2026-10-09T18:00:00Z,162,spectrum,coronado_center,0.871,breaking,1.85,0.72,1.057,1.231,15.6,221.0,recomputed
2026-10-03T05:30:00Z,2026-10-03T00:00:00Z,2026-10-09T18:00:00Z,162,spectrum,coronado_south,0.737,breaking,1.74,0.613,1.036,1.231,9.7,204.0,recomputed
2026-10-03T05:30:00Z,2026-10-03T00:00:00Z,2026-10-09T21:00:00Z,165,spectrum,buoy,1.237,buoy,,,,1.237,9.7,197.0,recomputed
2026-10-03T05:30:00Z,2026-10-03T00:00:00Z,2026-10-09T21:00:00Z,165,spectrum,coronado_north,1.404,breaking,2.73,1.278,1.049,1.237,15.6,214.0,recomputed
2026-10-03T05:30:00Z,2026-10-03T00:00:00Z,2026-10-09T21:00:00Z,165,spectrum,coronado_center,0.893,breaking,1.74,0.731,1.059,1.237,14.5,222.0,recomputed
2026-10-03T05:30:00Z,2026-10-03T00:00:00Z,2026-10-09T21:00:00Z,165,spectrum,coronado_south,0.757,breaking,1.63,0.623,1.036,1.237,9.7,204.0,recomputed
2026-10-03T05:30:00Z,2026-10-03T00:00:00Z,2026-10-10T00:00:00Z,168,spectrum,buoy,1.254,buoy,,,,1.254,10.4,204.0,recomputed
2026-10-03T05:30:00Z,2026-10-03T00:00:00Z,2026-10-10T00:00:00Z,168,spectrum,coronado_north,1.416,breaking,2.9,1.293,1.041,1.254,10.4,213.0,recomputed
2026-10-03T05:30:00Z,2026-10-03T00:00:00Z,2026-10-10T00:00:00Z,168,spectrum,coronado_center,0.892,breaking,1.81,0.731,1.052,1.254,14.5,222.0,recomputed
2026-10-03T05:30:00Z,2026-10-03T00:00:00Z,2026-10-10T00:00:00Z,168,spectrum,coronado_south,0.75,breaking,1.62,0.616,1.034,1.254,9.0,204.0,recomputed
2026-10-04T05:30:00Z,2026-10-04T00:00:00Z,2026-10-04T00:00:00Z,0,spectrum,buoy,0.764,buoy,,,,0.764,14.5,217.0,recomputed
2026-10-04T05:30:00Z,2026-10-04T00:00:00Z,2026-10-04T00:00:00Z,0,spectrum,coronado_north,0.925,breaking,1.84,0.768,0.526,0.764,14.5,220.0,recomputed
2026-10-04T05:30:00Z,2026-10-04T00:00:00Z,2026-10-04T00:00:00Z,0,spectrum,coronado_center,0.735,breaking,1.79,0.591,0.545,0.764,14.5,231.0,recomputed
2026-10-04T05:30:00Z,2026-10-04T00:00:00Z,2026-10-04T00:00:00Z,0,spectrum,coronado_south,0.479,breaking,1.15,0.351,0.552,0.764,11.1,236.0,recomputed
2026-10-04T05:30:00Z,2026-10-04T00:00:00Z,2026-10-04T03:00:00Z,3,spectrum,buoy,0.723,buoy,,,,0.723,14.5,216.0,recomputed
2026-10-04T05:30:00Z,2026-10-04T00:00:00Z,2026-10-04T03:00:00Z,3,spectrum,coronado_north,0.918,breaking,2.04,0.77,0.535,0.723,14.5,220.0,recomputed
2026-10-04T05:30:00Z,2026-10-04T00:00:00Z,2026-10-04T03:00:00Z,3,spectrum,coronado_center,0.744,breaking,1.47,0.591,0.552,0.723,14.5,230.0,recomputed
2026-10-04T05:30:00Z,2026-10-04T00:00:00Z,2026-10-04T03:00:00Z,3,spectrum,coronado_south,0.478,breaking,1.02,0.345,0.558,0.723,8.5,235.0,recomputed
2026-10-04T05:30:00Z,2026-10-04T00:00:00Z,2026-10-04T06:00:00Z,6,spectrum,buoy,0.736,buoy,,,,0.736,14.5,215.0,recomputed
2026-10-04T05:30:00Z,2026-10-04T00:00:00Z,2026-10-04T06:00:00Z,6,spectrum,coronado_north,0.922,breaking,1.87,0.762,0.534,0.736,14.5,219.0,recomputed
2026-10-04T05:30:00Z,2026-10-04T00:00:00Z,2026-10-04T06:00:00Z,6,spectrum,coronado_center,0.743,breaking,1.5,0.581,0.552,0.736,14.5,230.0,recomputed
2026-10-04T05:30:00Z,2026-10-04T00:00:00Z,2026-10-04T06:00:00Z,6,spectrum,coronado_south,0.486,breaking,0.95,0.344,0.558,0.736,8.5,231.0,recomputed
2026-10-04T05:30:00Z,2026-10-04T00:00:00Z,2026-10-04T09:00:00Z,9,spectrum,buoy,0.734,buoy,,,,0.734,14.5,214.0,recomputed
2026-10-04T05:30:00Z,2026-10-04T00:00:00Z,2026-10-04T09:00:00Z,9,spectrum,coronado_north,0.904,breaking,2.01,0.753,0.53,0.734,14.5,219.0,recomputed
2026-10-04T05:30:00Z,2026-10-04T00:00:00Z,2026-10-04T09:00:00Z,9,spectrum,coronado_center,0.717,breaking,1.4,0.566,0.547,0.734,14.5,230.0,recomputed
2026-10-04T05:30:00Z,2026-10-04T00:00:00Z,2026-10-04T09:00:00Z,9,spectrum,coronado_south,0.471,breaking,1.13,0.34,0.554,0.734,8.5,231.0,recomputed
2026-10-04T05:30:00Z,2026-10-04T00:00:00Z,2026-10-04T12:00:00Z,12,spectrum,buoy,0.735,buoy,,,,0.735,14.5,214.0,recomputed
2026-10-04T05:30:00Z,2026-10-04T00:00:00Z,2026-10-04T12:00:00Z,12,spectrum,coronado_north,0.909,breaking,1.88,0.753,0.527,0.735,14.5,219.0,recomputed
2026-10-04T05:30:00Z,2026-10-04T00:00:00Z,2026-10-04T12:00:00Z,12,spectrum,coronado_center,0.703,breaking,1.53,0.553,0.543,0.735,14.5,230.0,recomputed
2026-10-04T05:30:00Z,2026-10-04T00:00:00Z,2026-10-04T12:00:00Z,12,spectrum,coronado_south,0.456,breaking,1.09,0.331,0.549,0.735,8.5,231.0,recomputed
2026-10-04T05:30:00Z,2026-10-04T00:00:00Z,2026-10-04T15:00:00Z,15,spectrum,buoy,0.706,buoy,,,,0.706,15.6,209.0,recomputed
2026-10-04T05:30:00Z,2026-10-04T00:00:00Z,2026-10-04T15:00:00Z,15,spectrum,coronado_north,0.92,breaking,1.85,0.761,0.529,0.706,15.6,218.0,recomputed
2026-10-04T05:30:00Z,2026-10-04T00:00:00Z,2026-10-04T15:00:00Z,15,spectrum,coronado_center,0.695,breaking,1.57,0.546,0.544,0.706,14.5,230.0,recomputed
2026-10-04T05:30:00Z,2026-10-04T00:00:00Z,2026-10-04T15:00:00Z,15,spectrum,coronado_south,0.45,breaking,1.08,0.325,0.548,0.706,8.5,231.0,recomputed
2026-10-04T05:30:00Z,2026-10-04T00:00:00Z,2026-10-04T18:00:00Z,18,spectrum,buoy,0.686,buoy,,,,0.686,15.6,208.0,recomputed
2026-10-04T05:30:00Z,2026-10-04T00:00:00Z,2026-10-04T18:00:00Z,18,spectrum,coronado_north,0.923,breaking,1.78,0.765,0.532,0.686,15.6,218.0,recomputed
2026-10-04T05:30:00Z,2026-10-04T00:00:00Z,2026-10-04T18:00:00Z,18,spectrum,coronado_center,0.69,breaking,1.48,0.541,0.545,0.686,13.6,230.0,recomputed
2026-10-04T05:30:00Z,2026-10-04T00:00:00Z,2026-10-04T18:00:00Z,18,spectrum,coronado_south,0.443,breaking,1.2,0.32,0.549,0.686,10.4,231.0,recomputed
2026-10-04T05:30:00Z,2026-10-04T00:00:00Z,2026-10-04T21:00:00Z,21,spectrum,buoy,0.672,buoy,,,,0.672,13.6,214.0,recomputed
2026-10-04T05:30:00Z,2026-10-04T00:00:00Z,2026-10-04T21:00:00Z,21,spectrum,coronado_north,0.922,breaking,1.91,0.769,0.53,0.672,13.6,218.0,recomputed
2026-10-04T05:30:00Z,2026-10-04T00:00:00Z,2026-10-04T21:00:00Z,21,spectrum,coronado_center,0.783,breaking,1.76,0.635,0.544,0.672,13.6,230.0,recomputed
2026-10-04T05:30:00Z,2026-10-04T00:00:00Z,2026-10-04T21:00:00Z,21,spectrum,coronado_south,0.614,breaking,1.56,0.475,0.548,0.672,10.4,231.0,recomputed
2026-10-04T05:30:00Z,2026-10-04T00:00:00Z,2026-10-05T00:00:00Z,24,spectrum,buoy,0.68,buoy,,,,0.68,14.5,210.0,recomputed
2026-10-04T05:30:00Z,2026-10-04T00:00:00Z,2026-10-05T00:00:00Z,24,spectrum,coronado_north,0.899,breaking,1.89,0.744,0.526,0.68,13.6,218.0,recomputed
2026-10-04T05:30:00Z,2026-10-04T00:00:00Z,2026-10-05T00:00:00Z,24,spectrum,coronado_center,0.662,breaking,1.5,0.522,0.541,0.68,13.6,230.0,recomputed
2026-10-04T05:30:00Z,2026-10-04T00:00:00Z,2026-10-05T00:00:00Z,24,spectrum,coronado_south,0.459,breaking,0.9,0.326,0.546,0.68,10.4,231.0,recomputed
2026-10-04T05:30:00Z,2026-10-04T00:00:00Z,2026-10-05T03:00:00Z,27,spectrum,buoy,0.671,buoy,,,,0.671,14.5,209.0,recomputed
2026-10-04T05:30:00Z,2026-10-04T00:00:00Z,2026-10-05T03:00:00Z,27,spectrum,coronado_north,0.886,breaking,1.83,0.729,0.516,0.671,14.5,217.0,recomputed
2026-10-04T05:30:00Z,2026-10-04T00:00:00Z,2026-10-05T03:00:00Z,27,spectrum,coronado_center,0.653,breaking,1.45,0.507,0.53,0.671,13.6,230.0,recomputed
2026-10-04T05:30:00Z,2026-10-04T00:00:00Z,2026-10-05T03:00:00Z,27,spectrum,coronado_south,0.439,breaking,1.04,0.316,0.534,0.671,14.5,227.0,recomputed
2026-10-04T05:30:00Z,2026-10-04T00:00:00Z,2026-10-05T06:00:00Z,30,spectrum,buoy,0.672,buoy,,,,0.672,14.5,208.0,recomputed
2026-10-04T05:30:00Z,2026-10-04T00:00:00Z,2026-10-05T06:00:00Z,30,spectrum,coronado_north,0.875,breaking,1.83,0.716,0.508,0.672,14.5,217.0,recomputed
2026-10-04T05:30:00Z,2026-10-04T00:00:00Z,2026-10-05T06:00:00Z,30,spectrum,coronado_center,0.644,breaking,1.46,0.496,0.522,0.672,13.6,230.0,recomputed
2026-10-04T05:30:00Z,2026-10-04T00:00:00Z,2026-10-05T06:00:00Z,30,spectrum,coronado_south,0.442,breaking,0.95,0.308,0.525,0.672,14.5,227.0,recomputed
2026-10-04T05:30:00Z,2026-10-04T00:00:00Z,2026-10-05T09:00:00Z,33,spectrum,buoy,0.693,buoy,,,,0.693,14.5,207.0,recomputed
2026-10-04T05:30:00Z,2026-10-04T00:00:00Z,2026-10-05T09:00:00Z,33,spectrum,coronado_north,0.865,breaking,1.93,0.708,0.504,0.693,14.5,217.0,recomputed
2026-10-04T05:30:00Z,2026-10-04T00:00:00Z,2026-10-05T09:00:00Z,33,spectrum,coronado_center,0.636,breaking,1.23,0.488,0.518,0.693,14.5,230.0,recomputed
2026-10-04T05:30:00Z,2026-10-04T00:00:00Z,2026-10-05T09:00:00Z,33,spectrum,coronado_south,0.434,breaking,1.03,0.304,0.521,0.693,14.5,227.0,recomputed
2026-10-04T05:30:00Z,2026-10-04T00:00:00Z,2026-10-05T12:00:00Z,36,spectrum,buoy,0.717,buoy,,,,0.717,14.5,206.0,recomputed
2026-10-04T05:30:00Z,2026-10-04T00:00:00Z,2026-10-05T12:00:00Z,36,spectrum,coronado_north,0.861,breaking,1.76,0.703,0.503,0.717,14.5,217.0,recomputed
2026-10-04T05:30:00Z,2026-10-04T00:00:00Z,2026-10-05T12:00:00Z,36,spectrum,coronado_center,0.626,breaking,1.49,0.483,0.516,0.717,14.5,230.0,recomputed
2026-10-04T05:30:00Z,2026-10-04T00:00:00Z,2026-10-05T12:00:00Z,36,spectrum,coronado_south,0.423,breaking,1.0,0.3,0.519,0.717,14.5,227.0,recomputed
2026-10-04T05:30:00Z,2026-10-04T00:00:00Z,2026-10-05T15:00:00Z,39,spectrum,buoy,0.713,buoy,,,,0.713,14.5,205.0,recomputed
2026-10-04T05:30:00Z,2026-10-04T00:00:00Z,2026-10-05T15:00:00Z,39,spectrum,coronado_north,0.857,breaking,1.67,0.698,0.503,0.713,14.5,217.0,recomputed
2026-10-04T05:30:00Z,2026-10-04T00:00:00Z,2026-10-05T15:00:00Z,39,spectrum,coronado_center,0.619,breaking,1.37,0.48,0.516,0.713,14.5,230.0,recomputed
2026-10-04T05:30:00Z,2026-10-04T00:00:00Z,2026-10-05T15:00:00Z,39,spectrum,coronado_south,0.424,breaking,1.01,0.3,0.519,0.713,14.5,227.0,recomputed
2026-10-04T05:30:00Z,2026-10-04T00:00:00Z,2026-10-05T18:00:00Z,42,spectrum,buoy,0.687,buoy,,,,0.687,14.5,204.0,recomputed
2026-10-04T05:30:00Z,2026-10-04T00:00:00Z,2026-10-05T18:00:00Z,42,spectrum,coronado_north,0.847,breaking,1.66,0.688,0.5,0.687,14.5,217.0,recomputed
2026-10-04T05:30:00Z,2026-10-04T00:00:00Z,2026-10-05T18:00:00Z,42,spectrum,coronado_center,0.624,breaking,1.34,0.475,0.512,0.687,14.5,229.0,recomputed
2026-10-04T05:30:00Z,2026-10-04T00:00:00Z,2026-10-05T18:00:00Z,42,spectrum,coronado_south,0.423,breaking,1.1,0.3,0.516,0.687,14.5,226.0,recomputed
2026-10-04T05:30:00Z,2026-10-04T00:00:00Z,2026-10-05T21:00:00Z,45,spectrum,buoy,0.747,buoy,,,,0.747,14.5,204.0,recomputed
2026-10-04T05:30:00Z,2026-10-04T00:00:00Z,2026-10-05T21:00:00Z,45,spectrum,coronado_north,0.835,breaking,1.71,0.676,0.498,0.747,14.5,217.0,recomputed
2026-10-04T05:30:00Z,2026-10-04T00:00:00Z,2026-10-05T21:00:00Z,45,spectrum,coronado_center,0.634,breaking,1.38,0.485,0.512,0.747,14.5,229.0,recomputed
2026-10-04T05:30:00Z,2026-10-04T00:00:00Z,2026-10-05T21:00:00Z,45,spectrum,coronado_south,0.488,breaking,1.24,0.356,0.518,0.747,14.5,225.0,recomputed
2026-10-04T05:30:00Z,2026-10-04T00:00:00Z,2026-10-06T00:00:00Z,48,spectrum,buoy,0.769,buoy,,,,0.769,13.6,202.0,recomputed
2026-10-04T05:30:00Z,2026-10-04T00:00:00Z,2026-10-06T00:00:00Z,48,spectrum,coronado_north,0.824,breaking,1.75,0.669,0.501,0.769,13.6,217.0,recomputed
2026-10-04T05:30:00Z,2026-10-04T00:00:00Z,2026-10-06T00:00:00Z,48,spectrum,coronado_center,0.621,breaking,1.38,0.478,0.518,0.769,14.5,229.0,recomputed
2026-10-04T05:30:00Z,2026-10-04T00:00:00Z,2026-10-06T00:00:00Z,48,spectrum,coronado_south,0.465,breaking,0.91,0.332,0.531,0.769,14.5,224.0,recomputed
2026-10-04T05:30:00Z,2026-10-04T00:00:00Z,2026-10-06T03:00:00Z,51,spectrum,buoy,0.74,buoy,,,,0.74,13.6,202.0,recomputed
2026-10-04T05:30:00Z,2026-10-04T00:00:00Z,2026-10-06T03:00:00Z,51,spectrum,coronado_north,0.818,breaking,1.66,0.66,0.503,0.74,13.6,217.0,recomputed
2026-10-04T05:30:00Z,2026-10-04T00:00:00Z,2026-10-06T03:00:00Z,51,spectrum,coronado_center,0.618,breaking,1.37,0.476,0.518,0.74,14.5,228.0,recomputed
2026-10-04T05:30:00Z,2026-10-04T00:00:00Z,2026-10-06T03:00:00Z,51,spectrum,coronado_south,0.46,breaking,1.1,0.333,0.528,0.74,14.5,224.0,recomputed
2026-10-04T05:30:00Z,2026-10-04T00:00:00Z,2026-10-06T06:00:00Z,54,spectrum,buoy,0.74,buoy,,,,0.74,13.6,200.0,recomputed
2026-10-04T05:30:00Z,2026-10-04T00:00:00Z,2026-10-06T06:00:00Z,54,spectrum,coronado_north,0.806,breaking,1.78,0.656,0.508,0.74,13.6,217.0,recomputed
2026-10-04T05:30:00Z,2026-10-04T00:00:00Z,2026-10-06T06:00:00Z,54,spectrum,coronado_center,0.624,breaking,1.21,0.476,0.521,0.74,13.6,227.0,recomputed
2026-10-04T05:30:00Z,2026-10-04T00:00:00Z,2026-10-06T06:00:00Z,54,spectrum,coronado_south,0.456,breaking,1.12,0.33,0.527,0.74,11.1,223.0,recomputed
2026-10-04T05:30:00Z,2026-10-04T00:00:00Z,2026-10-06T09:00:00Z,57,spectrum,buoy,0.749,buoy,,,,0.749,13.6,199.0,recomputed
2026-10-04T05:30:00Z,2026-10-04T00:00:00Z,2026-10-06T09:00:00Z,57,spectrum,coronado_north,0.81,breaking,1.76,0.654,0.517,0.749,13.6,217.0,recomputed
2026-10-04T05:30:00Z,2026-10-04T00:00:00Z,2026-10-06T09:00:00Z,57,spectrum,coronado_center,0.628,breaking,1.41,0.48,0.528,0.749,13.6,226.0,recomputed
2026-10-04T05:30:00Z,2026-10-04T00:00:00Z,2026-10-06T09:00:00Z,57,spectrum,coronado_south,0.469,breaking,0.96,0.333,0.532,0.749,12.7,221.0,recomputed
2026-10-04T05:30:00Z,2026-10-04T00:00:00Z,2026-10-06T12:00:00Z,60,spectrum,buoy,0.767,buoy,,,,0.767,13.6,199.0,recomputed
2026-10-04T05:30:00Z,2026-10-04T00:00:00Z,2026-10-06T12:00:00Z,60,spectrum,coronado_north,0.806,breaking,1.63,0.65,0.527,0.767,13.6,217.0,recomputed
2026-10-04T05:30:00Z,2026-10-04T00:00:00Z,2026-10-06T12:00:00Z,60,spectrum,coronado_center,0.63,breaking,1.43,0.484,0.537,0.767,13.6,225.0,recomputed
2026-10-04T05:30:00Z,2026-10-04T00:00:00Z,2026-10-06T12:00:00Z,60,spectrum,coronado_south,0.464,breaking,1.26,0.341,0.538,0.767,12.7,220.0,recomputed
2026-10-04T05:30:00Z,2026-10-04T00:00:00Z,2026-10-06T15:00:00Z,63,spectrum,buoy,0.77,buoy,,,,0.77,12.7,192.0,recomputed
2026-10-04T05:30:00Z,2026-10-04T00:00:00Z,2026-10-06T15:00:00Z,63,spectrum,coronado_north,0.8,breaking,1.67,0.644,0.535,0.77,13.6,217.0,recomputed
2026-10-04T05:30:00Z,2026-10-04T00:00:00Z,2026-10-06T15:00:00Z,63,spectrum,coronado_center,0.624,breaking,1.41,0.485,0.542,0.77,13.6,223.0,recomputed
2026-10-04T05:30:00Z,2026-10-04T00:00:00Z,2026-10-06T15:00:00Z,63,spectrum,coronado_south,0.467,breaking,1.15,0.343,0.539,0.77,12.7,219.0,recomputed
2026-10-04T05:30:00Z,2026-10-04T00:00:00Z,2026-10-06T18:00:00Z,66,spectrum,buoy,0.769,buoy,,,,0.769,12.7,193.0,recomputed
2026-10-04T05:30:00Z,2026-10-04T00:00:00Z,2026-10-06T18:00:00Z,66,spectrum,coronado_north,0.796,breaking,1.66,0.639,0.543,0.769,13.6,217.0,recomputed
2026-10-04T05:30:00Z,2026-10-04T00:00:00Z,2026-10-06T18:00:00Z,66,spectrum,coronado_center,0.631,breaking,1.34,0.483,0.548,0.769,13.6,222.0,recomputed
2026-10-04T05:30:00Z,2026-10-04T00:00:00Z,2026-10-06T18:00:00Z,66,spectrum,coronado_south,0.468,breaking,1.13,0.341,0.54,0.769,11.9,217.0,recomputed
2026-10-04T05:30:00Z,2026-10-04T00:00:00Z,2026-10-06T21:00:00Z,69,spectrum,buoy,0.808,buoy,,,,0.808,12.7,192.0,recomputed
2026-10-04T05:30:00Z,2026-10-04T00:00:00Z,2026-10-06T21:00:00Z,69,spectrum,coronado_north,0.797,breaking,1.55,0.643,0.561,0.808,13.6,216.0,recomputed
2026-10-04T05:30:00Z,2026-10-04T00:00:00Z,2026-10-06T21:00:00Z,69,spectrum,coronado_center,0.638,breaking,1.33,0.488,0.564,0.808,13.6,220.0,recomputed
2026-10-04T05:30:00Z,2026-10-04T00:00:00Z,2026-10-06T21:00:00Z,69,spectrum,coronado_south,0.471,breaking,1.02,0.345,0.551,0.808,11.9,215.0,recomputed
2026-10-04T05:30:00Z,2026-10-04T00:00:00Z,2026-10-07T00:00:00Z,72,spectrum,buoy,0.855,buoy,,,,0.855,12.7,188.0,recomputed
2026-10-04T05:30:00Z,2026-10-04T00:00:00Z,2026-10-07T00:00:00Z,72,spectrum,coronado_north,0.812,breaking,1.68,0.655,0.592,0.855,13.6,216.0,recomputed
2026-10-04T05:30:00Z,2026-10-04T00:00:00Z,2026-10-07T00:00:00Z,72,spectrum,coronado_center,0.643,breaking,1.45,0.504,0.593,0.855,13.6,217.0,recomputed
2026-10-04T05:30:00Z,2026-10-04T00:00:00Z,2026-10-07T00:00:00Z,72,spectrum,coronado_south,0.488,breaking,1.23,0.364,0.58,0.855,11.9,211.0,recomputed
2026-10-04T05:30:00Z,2026-10-04T00:00:00Z,2026-10-07T03:00:00Z,75,spectrum,buoy,0.88,buoy,,,,0.88,11.9,181.0,recomputed
2026-10-04T05:30:00Z,2026-10-04T00:00:00Z,2026-10-07T03:00:00Z,75,spectrum,coronado_north,0.825,breaking,1.76,0.67,0.625,0.88,13.6,215.0,recomputed
2026-10-04T05:30:00Z,2026-10-04T00:00:00Z,2026-10-07T03:00:00Z,75,spectrum,coronado_center,0.659,breaking,1.54,0.524,0.626,0.88,11.9,215.0,recomputed
2026-10-04T05:30:00Z,2026-10-04T00:00:00Z,2026-10-07T03:00:00Z,75,spectrum,coronado_south,0.508,breaking,1.27,0.383,0.61,0.88,11.9,208.0,recomputed
2026-10-04T05:30:00Z,2026-10-04T00:00:00Z,2026-10-07T06:00:00Z,78,spectrum,buoy,0.895,buoy,,,,0.895,11.9,181.0,recomputed
2026-10-04T05:30:00Z,2026-10-04T00:00:00Z,2026-10-07T06:00:00Z,78,spectrum,coronado_north,0.832,breaking,1.63,0.684,0.648,0.895,13.6,215.0,recomputed
2026-10-04T05:30:00Z,2026-10-04T00:00:00Z,2026-10-07T06:00:00Z,78,spectrum,coronado_center,0.682,breaking,1.39,0.538,0.648,0.895,11.9,214.0,recomputed
2026-10-04T05:30:00Z,2026-10-04T00:00:00Z,2026-10-07T06:00:00Z,78,spectrum,coronado_south,0.519,breaking,1.3,0.39,0.629,0.895,11.9,206.0,recomputed
2026-10-04T05:30:00Z,2026-10-04T00:00:00Z,2026-10-07T09:00:00Z,81,spectrum,buoy,0.887,buoy,,,,0.887,11.9,182.0,recomputed
2026-10-04T05:30:00Z,2026-10-04T00:00:00Z,2026-10-07T09:00:00Z,81,spectrum,coronado_north,0.867,breaking,1.7,0.695,0.662,0.887,12.7,215.0,recomputed
2026-10-04T05:30:00Z,2026-10-04T00:00:00Z,2026-10-07T09:00:00Z,81,spectrum,coronado_center,0.714,breaking,1.41,0.544,0.662,0.887,11.9,213.0,recomputed
2026-10-04T05:30:00Z,2026-10-04T00:00:00Z,2026-10-07T09:00:00Z,81,spectrum,coronado_south,0.538,breaking,1.14,0.397,0.641,0.887,11.9,204.0,recomputed
2026-10-04T05:30:00Z,2026-10-04T00:00:00Z,2026-10-07T12:00:00Z,84,spectrum,buoy,0.878,buoy,,,,0.878,11.9,183.0,recomputed
2026-10-04T05:30:00Z,2026-10-04T00:00:00Z,2026-10-07T12:00:00Z,84,spectrum,coronado_north,0.871,breaking,1.65,0.7,0.673,0.878,12.7,215.0,recomputed
2026-10-04T05:30:00Z,2026-10-04T00:00:00Z,2026-10-07T12:00:00Z,84,spectrum,coronado_center,0.707,breaking,1.37,0.545,0.672,0.878,11.9,213.0,recomputed
2026-10-04T05:30:00Z,2026-10-04T00:00:00Z,2026-10-07T12:00:00Z,84,spectrum,coronado_south,0.523,breaking,1.2,0.392,0.651,0.878,11.9,203.0,recomputed
2026-10-04T05:30:00Z,2026-10-04T00:00:00Z,2026-10-07T15:00:00Z,87,spectrum,buoy,0.868,buoy,,,,0.868,11.1,178.0,recomputed
2026-10-04T05:30:00Z,2026-10-04T00:00:00Z,2026-10-07T15:00:00Z,87,spectrum,coronado_north,0.879,breaking,1.75,0.71,0.685,0.868,12.7,214.0,recomputed
2026-10-04T05:30:00Z,2026-10-04T00:00:00Z,2026-10-07T15:00:00Z,87,spectrum,coronado_center,0.701,breaking,1.5,0.552,0.684,0.868,11.1,213.0,recomputed
2026-10-04T05:30:00Z,2026-10-04T00:00:00Z,2026-10-07T15:00:00Z,87,spectrum,coronado_south,0.516,breaking,1.3,0.392,0.663,0.868,11.9,202.0,recomputed
2026-10-04T05:30:00Z,2026-10-04T00:00:00Z,2026-10-07T18:00:00Z,90,spectrum,buoy,0.869,buoy,,,,0.869,11.1,181.0,recomputed
2026-10-04T05:30:00Z,2026-10-04T00:00:00Z,2026-10-07T18:00:00Z,90,spectrum,coronado_north,0.89,breaking,1.73,0.723,0.704,0.869,17.8,218.0,recomputed
2026-10-04T05:30:00Z,2026-10-04T00:00:00Z,2026-10-07T18:00:00Z,90,spectrum,coronado_center,0.723,breaking,1.45,0.564,0.704,0.869,11.1,212.0,recomputed
2026-10-04T05:30:00Z,2026-10-04T00:00:00Z,2026-10-07T18:00:00Z,90,spectrum,coronado_south,0.533,breaking,1.27,0.402,0.685,0.869,11.9,201.0,recomputed
2026-10-04T05:30:00Z,2026-10-04T00:00:00Z,2026-10-07T21:00:00Z,93,spectrum,buoy,0.902,buoy,,,,0.902,11.1,183.0,recomputed
2026-10-04T05:30:00Z,2026-10-04T00:00:00Z,2026-10-07T21:00:00Z,93,spectrum,coronado_north,0.906,breaking,1.92,0.746,0.737,0.902,17.8,217.0,recomputed
2026-10-04T05:30:00Z,2026-10-04T00:00:00Z,2026-10-07T21:00:00Z,93,spectrum,coronado_center,0.746,breaking,1.61,0.589,0.739,0.902,17.8,224.0,recomputed
2026-10-04T05:30:00Z,2026-10-04T00:00:00Z,2026-10-07T21:00:00Z,93,spectrum,coronado_south,0.573,breaking,1.23,0.433,0.721,0.902,11.9,199.0,recomputed
2026-10-04T05:30:00Z,2026-10-04T00:00:00Z,2026-10-08T00:00:00Z,96,spectrum,buoy,0.947,buoy,,,,0.947,11.1,183.0,recomputed
2026-10-04T05:30:00Z,2026-10-04T00:00:00Z,2026-10-08T00:00:00Z,96,spectrum,coronado_north,0.934,breaking,1.81,0.769,0.782,0.947,17.8,217.0,recomputed
2026-10-04T05:30:00Z,2026-10-04T00:00:00Z,2026-10-08T00:00:00Z,96,spectrum,coronado_center,0.762,breaking,1.59,0.604,0.787,0.947,17.8,224.0,recomputed
2026-10-04T05:30:00Z,2026-10-04T00:00:00Z,2026-10-08T00:00:00Z,96,spectrum,coronado_south,0.578,breaking,1.4,0.445,0.772,0.947,11.9,196.0,recomputed
2026-10-04T05:30:00Z,2026-10-04T00:00:00Z,2026-10-08T03:00:00Z,99,spectrum,buoy,0.984,buoy,,,,0.984,11.1,181.0,recomputed
2026-10-04T05:30:00Z,2026-10-04T00:00:00Z,2026-10-08T03:00:00Z,99,spectrum,coronado_north,0.953,breaking,1.91,0.788,0.823,0.984,17.8,216.0,recomputed
2026-10-04T05:30:00Z,2026-10-04T00:00:00Z,2026-10-08T03:00:00Z,99,spectrum,coronado_center,0.769,breaking,1.67,0.622,0.83,0.984,17.8,224.0,recomputed
2026-10-04T05:30:00Z,2026-10-04T00:00:00Z,2026-10-08T03:00:00Z,99,spectrum,coronado_south,0.597,breaking,1.52,0.471,0.816,0.984,11.9,194.0,recomputed
2026-10-04T05:30:00Z,2026-10-04T00:00:00Z,2026-10-08T06:00:00Z,102,spectrum,buoy,1.026,buoy,,,,1.026,11.1,182.0,recomputed
2026-10-04T05:30:00Z,2026-10-04T00:00:00Z,2026-10-08T06:00:00Z,102,spectrum,coronado_north,0.966,breaking,1.82,0.812,0.859,1.026,16.6,216.0,recomputed
2026-10-04T05:30:00Z,2026-10-04T00:00:00Z,2026-10-08T06:00:00Z,102,spectrum,coronado_center,0.796,breaking,1.58,0.637,0.869,1.026,16.6,224.0,recomputed
2026-10-04T05:30:00Z,2026-10-04T00:00:00Z,2026-10-08T06:00:00Z,102,spectrum,coronado_south,0.622,breaking,1.58,0.491,0.857,1.026,11.9,193.0,recomputed
2026-10-04T05:30:00Z,2026-10-04T00:00:00Z,2026-10-08T09:00:00Z,105,spectrum,buoy,1.065,buoy,,,,1.065,11.1,182.0,recomputed
2026-10-04T05:30:00Z,2026-10-04T00:00:00Z,2026-10-08T09:00:00Z,105,spectrum,coronado_north,1.009,breaking,1.93,0.847,0.899,1.065,16.6,216.0,recomputed
2026-10-04T05:30:00Z,2026-10-04T00:00:00Z,2026-10-08T09:00:00Z,105,spectrum,coronado_center,0.822,breaking,1.54,0.651,0.913,1.065,16.6,224.0,recomputed
2026-10-04T05:30:00Z,2026-10-04T00:00:00Z,2026-10-08T09:00:00Z,105,spectrum,coronado_south,0.662,breaking,1.36,0.518,0.903,1.065,11.9,192.0,recomputed
2026-10-04T05:30:00Z,2026-10-04T00:00:00Z,2026-10-08T12:00:00Z,108,spectrum,buoy,1.101,buoy,,,,1.101,11.9,184.0,recomputed
2026-10-04T05:30:00Z,2026-10-04T00:00:00Z,2026-10-08T12:00:00Z,108,spectrum,coronado_north,1.037,breaking,2.24,0.888,0.938,1.101,16.6,215.0,recomputed
2026-10-04T05:30:00Z,2026-10-04T00:00:00Z,2026-10-08T12:00:00Z,108,spectrum,coronado_center,0.819,breaking,1.57,0.662,0.954,1.101,16.6,224.0,recomputed
2026-10-04T05:30:00Z,2026-10-04T00:00:00Z,2026-10-08T12:00:00Z,108,spectrum,coronado_south,0.69,breaking,1.6,0.549,0.947,1.101,11.9,191.0,recomputed
2026-10-04T05:30:00Z,2026-10-04T00:00:00Z,2026-10-08T15:00:00Z,111,spectrum,buoy,1.12,buoy,,,,1.12,11.9,184.0,recomputed
2026-10-04T05:30:00Z,2026-10-04T00:00:00Z,2026-10-08T15:00:00Z,111,spectrum,coronado_north,1.066,breaking,2.09,0.912,0.957,1.12,16.6,215.0,recomputed
2026-10-04T05:30:00Z,2026-10-04T00:00:00Z,2026-10-08T15:00:00Z,111,spectrum,coronado_center,0.808,breaking,1.79,0.665,0.976,1.12,16.6,224.0,recomputed
2026-10-04T05:30:00Z,2026-10-04T00:00:00Z,2026-10-08T15:00:00Z,111,spectrum,coronado_south,0.691,breaking,1.96,0.567,0.97,1.12,11.9,191.0,recomputed
2026-10-04T05:30:00Z,2026-10-04T00:00:00Z,2026-10-08T18:00:00Z,114,spectrum,buoy,1.141,buoy,,,,1.141,11.1,183.0,recomputed
2026-10-04T05:30:00Z,2026-10-04T00:00:00Z,2026-10-08T18:00:00Z,114,spectrum,coronado_north,1.081,breaking,2.06,0.936,0.97,1.141,16.6,214.0,recomputed
2026-10-04T05:30:00Z,2026-10-04T00:00:00Z,2026-10-08T18:00:00Z,114,spectrum,coronado_center,0.822,breaking,1.71,0.666,0.992,1.141,16.6,223.0,recomputed
2026-10-04T05:30:00Z,2026-10-04T00:00:00Z,2026-10-08T18:00:00Z,114,spectrum,coronado_south,0.706,breaking,1.82,0.576,0.987,1.141,11.9,192.0,recomputed
2026-10-04T05:30:00Z,2026-10-04T00:00:00Z,2026-10-08T21:00:00Z,117,spectrum,buoy,1.187,buoy,,,,1.187,11.1,184.0,recomputed
2026-10-04T05:30:00Z,2026-10-04T00:00:00Z,2026-10-08T21:00:00Z,117,spectrum,coronado_north,1.124,breaking,2.2,0.974,0.994,1.187,15.6,210.0,recomputed
2026-10-04T05:30:00Z,2026-10-04T00:00:00Z,2026-10-08T21:00:00Z,117,spectrum,coronado_center,0.842,breaking,1.64,0.674,1.019,1.187,16.6,223.0,recomputed
2026-10-04T05:30:00Z,2026-10-04T00:00:00Z,2026-10-08T21:00:00Z,117,spectrum,coronado_south,0.746,breaking,1.54,0.602,1.015,1.187,11.9,191.0,recomputed
2026-10-04T05:30:00Z,2026-10-04T00:00:00Z,2026-10-09T00:00:00Z,120,spectrum,buoy,1.234,buoy,,,,1.234,11.1,185.0,recomputed
2026-10-04T05:30:00Z,2026-10-04T00:00:00Z,2026-10-09T00:00:00Z,120,spectrum,coronado_north,1.163,breaking,2.47,1.019,1.025,1.234,15.6,209.0,recomputed
2026-10-04T05:30:00Z,2026-10-04T00:00:00Z,2026-10-09T00:00:00Z,120,spectrum,coronado_center,0.835,breaking,1.61,0.68,1.053,1.234,16.6,224.0,recomputed
2026-10-04T05:30:00Z,2026-10-04T00:00:00Z,2026-10-09T00:00:00Z,120,spectrum,coronado_south,0.756,breaking,1.68,0.613,1.05,1.234,11.9,191.0,recomputed
2026-10-04T05:30:00Z,2026-10-04T00:00:00Z,2026-10-09T03:00:00Z,123,spectrum,buoy,1.268,buoy,,,,1.268,11.1,186.0,recomputed
2026-10-04T05:30:00Z,2026-10-04T00:00:00Z,2026-10-09T03:00:00Z,123,spectrum,coronado_north,1.202,breaking,2.48,1.066,1.054,1.268,15.6,209.0,recomputed
2026-10-04T05:30:00Z,2026-10-04T00:00:00Z,2026-10-09T03:00:00Z,123,spectrum,coronado_center,0.83,breaking,2.05,0.688,1.083,1.268,15.6,223.0,recomputed
2026-10-04T05:30:00Z,2026-10-04T00:00:00Z,2026-10-09T03:00:00Z,123,spectrum,coronado_south,0.762,breaking,1.94,0.631,1.078,1.268,11.9,191.0,recomputed
2026-10-04T05:30:00Z,2026-10-04T00:00:00Z,2026-10-09T06:00:00Z,126,spectrum,buoy,1.292,buoy,,,,1.292,11.1,187.0,recomputed
2026-10-04T05:30:00Z,2026-10-04T00:00:00Z,2026-10-09T06:00:00Z,126,spectrum,coronado_north,1.236,breaking,2.83,1.105,1.073,1.292,15.6,209.0,recomputed
2026-10-04T05:30:00Z,2026-10-04T00:00:00Z,2026-10-09T06:00:00Z,126,spectrum,coronado_center,0.845,breaking,1.8,0.691,1.102,1.292,15.6,225.0,recomputed
2026-10-04T05:30:00Z,2026-10-04T00:00:00Z,2026-10-09T06:00:00Z,126,spectrum,coronado_south,0.779,breaking,1.94,0.643,1.093,1.292,11.9,192.0,recomputed
2026-10-04T05:30:00Z,2026-10-04T00:00:00Z,2026-10-09T09:00:00Z,129,spectrum,buoy,1.292,buoy,,,,1.292,11.1,189.0,recomputed
2026-10-04T05:30:00Z,2026-10-04T00:00:00Z,2026-10-09T09:00:00Z,129,spectrum,coronado_north,1.263,breaking,2.56,1.12,1.074,1.292,15.6,210.0,recomputed
2026-10-04T05:30:00Z,2026-10-04T00:00:00Z,2026-10-09T09:00:00Z,129,spectrum,coronado_center,0.854,breaking,1.65,0.688,1.102,1.292,15.6,225.0,recomputed
2026-10-04T05:30:00Z,2026-10-04T00:00:00Z,2026-10-09T09:00:00Z,129,spectrum,coronado_south,0.778,breaking,1.67,0.645,1.09,1.292,10.4,193.0,recomputed
2026-10-04T05:30:00Z,2026-10-04T00:00:00Z,2026-10-09T12:00:00Z,132,spectrum,buoy,1.274,buoy,,,,1.274,11.1,191.0,recomputed
2026-10-04T05:30:00Z,2026-10-04T00:00:00Z,2026-10-09T12:00:00Z,132,spectrum,coronado_north,1.252,breaking,2.53,1.116,1.06,1.274,15.6,210.0,recomputed
2026-10-04T05:30:00Z,2026-10-04T00:00:00Z,2026-10-09T12:00:00Z,132,spectrum,coronado_center,0.829,breaking,1.88,0.679,1.085,1.274,15.6,226.0,recomputed
2026-10-04T05:30:00Z,2026-10-04T00:00:00Z,2026-10-09T12:00:00Z,132,spectrum,coronado_south,0.776,breaking,1.76,0.638,1.071,1.274,10.4,194.0,recomputed
2026-10-04T05:30:00Z,2026-10-04T00:00:00Z,2026-10-09T15:00:00Z,135,spectrum,buoy,1.246,buoy,,,,1.246,11.1,193.0,recomputed
2026-10-04T05:30:00Z,2026-10-04T00:00:00Z,2026-10-09T15:00:00Z,135,spectrum,coronado_north,1.245,breaking,2.55,1.115,1.044,1.246,15.6,211.0,recomputed
2026-10-04T05:30:00Z,2026-10-04T00:00:00Z,2026-10-09T15:00:00Z,135,spectrum,coronado_center,0.815,breaking,1.83,0.675,1.067,1.246,15.6,225.0,recomputed
2026-10-04T05:30:00Z,2026-10-04T00:00:00Z,2026-10-09T15:00:00Z,135,spectrum,coronado_south,0.753,breaking,2.01,0.629,1.05,1.246,10.4,196.0,recomputed
2026-10-04T05:30:00Z,2026-10-04T00:00:00Z,2026-10-09T18:00:00Z,138,spectrum,buoy,1.227,buoy,,,,1.227,10.4,192.0,recomputed
2026-10-04T05:30:00Z,2026-10-04T00:00:00Z,2026-10-09T18:00:00Z,138,spectrum,coronado_north,1.253,breaking,2.81,1.13,1.032,1.227,15.6,211.0,recomputed
2026-10-04T05:30:00Z,2026-10-04T00:00:00Z,2026-10-09T18:00:00Z,138,spectrum,coronado_center,0.831,breaking,1.82,0.68,1.052,1.227,15.6,227.0,recomputed
2026-10-04T05:30:00Z,2026-10-04T00:00:00Z,2026-10-09T18:00:00Z,138,spectrum,coronado_south,0.755,breaking,1.77,0.63,1.034,1.227,10.4,198.0,recomputed
2026-10-04T05:30:00Z,2026-10-04T00:00:00Z,2026-10-09T21:00:00Z,141,spectrum,buoy,1.227,buoy,,,,1.227,10.4,194.0,recomputed
2026-10-04T05:30:00Z,2026-10-04T00:00:00Z,2026-10-09T21:00:00Z,141,spectrum,coronado_north,1.283,breaking,2.63,1.143,1.018,1.227,15.6,212.0,recomputed
2026-10-04T05:30:00Z,2026-10-04T00:00:00Z,2026-10-09T21:00:00Z,141,spectrum,coronado_center,0.844,breaking,1.67,0.682,1.036,1.227,14.5,227.0,recomputed
2026-10-04T05:30:00Z,2026-10-04T00:00:00Z,2026-10-09T21:00:00Z,141,spectrum,coronado_south,0.762,breaking,1.63,0.625,1.019,1.227,10.4,200.0,recomputed
2026-10-04T05:30:00Z,2026-10-04T00:00:00Z,2026-10-10T00:00:00Z,144,spectrum,buoy,1.226,buoy,,,,1.226,9.7,194.0,recomputed
2026-10-04T05:30:00Z,2026-10-04T00:00:00Z,2026-10-10T00:00:00Z,144,spectrum,coronado_north,1.292,breaking,2.78,1.157,1.009,1.226,15.6,212.0,recomputed
2026-10-04T05:30:00Z,2026-10-04T00:00:00Z,2026-10-10T00:00:00Z,144,spectrum,coronado_center,0.839,breaking,1.81,0.681,1.027,1.226,14.5,225.0,recomputed
2026-10-04T05:30:00Z,2026-10-04T00:00:00Z,2026-10-10T00:00:00Z,144,spectrum,coronado_south,0.751,breaking,1.62,0.613,1.013,1.226,9.7,199.0,recomputed
2026-10-04T05:30:00Z,2026-10-04T00:00:00Z,2026-10-10T03:00:00Z,147,spectrum,buoy,1.223,buoy,,,,1.223,9.7,196.0,recomputed
2026-10-04T05:30:00Z,2026-10-04T00:00:00Z,2026-10-10T03:00:00Z,147,spectrum,coronado_north,1.296,breaking,2.94,1.182,1.01,1.223,14.5,213.0,recomputed
2026-10-04T05:30:00Z,2026-10-04T00:00:00Z,2026-10-10T03:00:00Z,147,spectrum,coronado_center,0.839,breaking,1.89,0.691,1.027,1.223,14.5,221.0,recomputed
2026-10-04T05:30:00Z,2026-10-04T00:00:00Z,2026-10-10T03:00:00Z,147,spectrum,coronado_south,0.749,breaking,1.8,0.623,1.013,1.223,9.7,206.0,recomputed
2026-10-04T05:30:00Z,2026-10-04T00:00:00Z,2026-10-10T06:00:00Z,150,spectrum,buoy,1.232,buoy,,,,1.232,9.7,198.0,recomputed
2026-10-04T05:30:00Z,2026-10-04T00:00:00Z,2026-10-10T06:00:00Z,150,spectrum,coronado_north,1.328,breaking,3.0,1.21,1.016,1.232,14.5,213.0,recomputed
2026-10-04T05:30:00Z,2026-10-04T00:00:00Z,2026-10-10T06:00:00Z,150,spectrum,coronado_center,0.845,breaking,1.81,0.695,1.031,1.232,14.5,221.0,recomputed
2026-10-04T05:30:00Z,2026-10-04T00:00:00Z,2026-10-10T06:00:00Z,150,spectrum,coronado_south,0.736,breaking,1.78,0.616,1.017,1.232,9.0,206.0,recomputed
2026-10-04T05:30:00Z,2026-10-04T00:00:00Z,2026-10-10T09:00:00Z,153,spectrum,buoy,1.237,buoy,,,,1.237,9.7,201.0,recomputed
2026-10-04T05:30:00Z,2026-10-04T00:00:00Z,2026-10-10T09:00:00Z,153,spectrum,coronado_north,1.355,breaking,2.8,1.227,1.015,1.237,14.5,214.0,recomputed
2026-10-04T05:30:00Z,2026-10-04T00:00:00Z,2026-10-10T09:00:00Z,153,spectrum,coronado_center,0.863,breaking,1.77,0.702,1.029,1.237,14.5,221.0,recomputed
2026-10-04T05:30:00Z,2026-10-04T00:00:00Z,2026-10-10T09:00:00Z,153,spectrum,coronado_south,0.755,breaking,1.64,0.621,1.017,1.237,9.0,201.0,recomputed
2026-10-04T05:30:00Z,2026-10-04T00:00:00Z,2026-10-10T12:00:00Z,156,spectrum,buoy,1.248,buoy,,,,1.248,9.7,203.0,recomputed
2026-10-04T05:30:00Z,2026-10-04T00:00:00Z,2026-10-10T12:00:00Z,156,spectrum,coronado_north,1.35,breaking,2.95,1.226,1.001,1.248,14.5,214.0,recomputed
2026-10-04T05:30:00Z,2026-10-04T00:00:00Z,2026-10-10T12:00:00Z,156,spectrum,coronado_center,0.85,breaking,1.96,0.698,1.016,1.248,14.5,227.0,recomputed
2026-10-04T05:30:00Z,2026-10-04T00:00:00Z,2026-10-10T12:00:00Z,156,spectrum,coronado_south,0.743,breaking,1.7,0.61,1.009,1.248,9.0,202.0,recomputed
2026-10-04T05:30:00Z,2026-10-04T00:00:00Z,2026-10-10T15:00:00Z,159,spectrum,buoy,1.263,buoy,,,,1.263,9.7,204.0,recomputed
2026-10-04T05:30:00Z,2026-10-04T00:00:00Z,2026-10-10T15:00:00Z,159,spectrum,coronado_north,1.321,breaking,3.07,1.212,0.976,1.263,14.5,214.0,recomputed
2026-10-04T05:30:00Z,2026-10-04T00:00:00Z,2026-10-10T15:00:00Z,159,spectrum,coronado_center,0.858,breaking,2.07,0.71,0.992,1.263,14.5,227.0,recomputed
2026-10-04T05:30:00Z,2026-10-04T00:00:00Z,2026-10-10T15:00:00Z,159,spectrum,coronado_south,0.763,breaking,1.96,0.641,0.991,1.263,9.0,220.0,recomputed
2026-10-04T05:30:00Z,2026-10-04T00:00:00Z,2026-10-10T18:00:00Z,162,spectrum,buoy,1.26,buoy,,,,1.26,17.8,200.0,recomputed
2026-10-04T05:30:00Z,2026-10-04T00:00:00Z,2026-10-10T18:00:00Z,162,spectrum,coronado_north,1.299,breaking,2.98,1.186,0.95,1.26,14.5,214.0,recomputed
2026-10-04T05:30:00Z,2026-10-04T00:00:00Z,2026-10-10T18:00:00Z,162,spectrum,coronado_center,0.85,breaking,1.99,0.698,0.965,1.26,17.8,222.0,recomputed
2026-10-04T05:30:00Z,2026-10-04T00:00:00Z,2026-10-10T18:00:00Z,162,spectrum,coronado_south,0.751,breaking,1.89,0.627,0.966,1.26,9.0,226.0,recomputed
2026-10-04T05:30:00Z,2026-10-04T00:00:00Z,2026-10-10T21:00:00Z,165,spectrum,buoy,1.228,buoy,,,,1.228,17.8,199.0,recomputed
2026-10-04T05:30:00Z,2026-10-04T00:00:00Z,2026-10-10T21:00:00Z,165,spectrum,coronado_north,1.376,breaking,2.75,1.239,0.937,1.228,14.5,214.0,recomputed
2026-10-04T05:30:00Z,2026-10-04T00:00:00Z,2026-10-10T21:00:00Z,165,spectrum,coronado_center,0.971,breaking,1.81,0.799,0.952,1.228,17.8,221.0,recomputed
2026-10-04T05:30:00Z,2026-10-04T00:00:00Z,2026-10-10T21:00:00Z,165,spectrum,coronado_south,0.854,breaking,1.86,0.73,0.951,1.228,8.5,227.0,recomputed
2026-10-04T05:30:00Z,2026-10-04T00:00:00Z,2026-10-11T00:00:00Z,168,spectrum,buoy,1.194,buoy,,,,1.194,17.8,198.0,recomputed
2026-10-04T05:30:00Z,2026-10-04T00:00:00Z,2026-10-11T00:00:00Z,168,spectrum,coronado_north,1.327,breaking,2.61,1.183,0.931,1.194,14.5,214.0,recomputed
2026-10-04T05:30:00Z,2026-10-04T00:00:00Z,2026-10-11T00:00:00Z,168,spectrum,coronado_center,0.88,breaking,1.62,0.705,0.946,1.194,17.8,220.0,recomputed
2026-10-04T05:30:00Z,2026-10-04T00:00:00Z,2026-10-11T00:00:00Z,168,spectrum,coronado_south,0.772,breaking,1.42,0.607,0.943,1.194,8.5,225.0,recomputed
